2026-04-26 00:02:00 | INFO     | ss_crawler | [ssd_scraper] [ssd_scraper] Initializing SSD scraper...
2026-04-26 00:02:00 | INFO     | ss_crawler | [database] [database] Database connected: localhost:5433/ss_market
2026-04-26 00:02:00 | INFO     | ss_crawler | [ssd_scraper] [ssd_scraper] Database: postgresql+psycopg2://crawler:crawler_pass@localhost:5433/ss_market
2026-04-26 00:02:00 | INFO     | ss_crawler | [ssd_matcher] [ssd_matcher] SSDMatcher initialized with 2450 SSDs
2026-04-26 00:02:00 | INFO     | ss_crawler | [ssd_scraper] [ssd_scraper] Loaded 2450 SSD references
2026-04-26 00:02:00 | INFO     | ss_crawler | [ssd_scraper] [ssd_scraper] Starting SSD scraper from https://www.ss.com/lv/electronics/computers/completing-pc/ssd/
2026-04-26 00:02:00 | INFO     | ss_crawler | [ssd_scraper] [ssd_scraper] Fetching page 1: https://www.ss.com/lv/electronics/computers/completing-pc/ssd/
2026-04-26 00:02:00 | INFO     | ss_crawler | [crawler] [crawler] Fetching : https://www.ss.com/lv/electronics/computers/completing-pc/ssd/
2026-04-26 00:02:03 | INFO     | ss_crawler | [ssd_scraper] [ssd_scraper] Found 32 listings on page 1, 32 new
2026-04-26 00:02:03 | INFO     | ss_crawler | [crawler] [crawler] Fetching : https://www.ss.com/msg/lv/electronics/computers/completing-pc/ssd/bomngi.html
2026-04-26 00:02:06 | INFO     | ss_crawler | [ssd_scraper] [ssd_scraper] Matched bomngi: Kingston A400 (100% confidence)
2026-04-26 00:02:06 | INFO     | ss_crawler | [ssd_scraper] [ssd_scraper] 🔄 bomngi: Updated (content)
2026-04-26 00:02:06 | INFO     | ss_crawler | [crawler] [crawler] Fetching : https://www.ss.com/msg/lv/electronics/computers/completing-pc/ssd/bomngi.html
2026-04-26 00:02:09 | INFO     | ss_crawler | [ssd_scraper] [ssd_scraper] Matched bomngi: Kingston A400 (100% confidence)
2026-04-26 00:02:09 | INFO     | ss_crawler | [ssd_scraper] [ssd_scraper] 🔄 bomngi: Updated (content)
2026-04-26 00:02:09 | INFO     | ss_crawler | [crawler] [crawler] Fetching : https://www.ss.com/msg/lv/electronics/computers/completing-pc/ssd/bomngi.html
2026-04-26 00:02:12 | INFO     | ss_crawler | [ssd_scraper] [ssd_scraper] Matched bomngi: Kingston A400 (100% confidence)
2026-04-26 00:02:12 | INFO     | ss_crawler | [ssd_scraper] [ssd_scraper] 🔄 bomngi: Updated (content)
2026-04-26 00:02:12 | INFO     | ss_crawler | [crawler] [crawler] Fetching : https://www.ss.com/msg/lv/electronics/computers/completing-pc/ssd/bopogj.html
2026-04-26 00:02:14 | INFO     | ss_crawler | [ssd_scraper] [ssd_scraper] Matched bopogj: ADATA SU800/SX850 (100% confidence)
2026-04-26 00:02:14 | INFO     | ss_crawler | [ssd_scraper] [ssd_scraper] 🔄 bopogj: Updated (content)
2026-04-26 00:02:14 | INFO     | ss_crawler | [crawler] [crawler] Fetching : https://www.ss.com/msg/lv/electronics/computers/completing-pc/ssd/bojpof.html
2026-04-26 00:02:17 | INFO     | ss_crawler | [ssd_scraper] [ssd_scraper] Matched bojpof: Kingston A400 (100% confidence)
2026-04-26 00:02:17 | INFO     | ss_crawler | [ssd_scraper] [ssd_scraper] 🔄 bojpof: Updated (content)
2026-04-26 00:02:17 | INFO     | ss_crawler | [crawler] [crawler] Fetching : https://www.ss.com/msg/lv/electronics/computers/completing-pc/ssd/bbbffd.html
2026-04-26 00:02:20 | INFO     | ss_crawler | [ssd_scraper] [ssd_scraper] Matched bbbffd: Kingston A400 (94% confidence)
2026-04-26 00:02:20 | INFO     | ss_crawler | [ssd_scraper] [ssd_scraper] ⏸️ bbbffd: Unchanged
2026-04-26 00:02:20 | INFO     | ss_crawler | [crawler] [crawler] Fetching : https://www.ss.com/msg/lv/electronics/computers/completing-pc/ssd/bomnbl.html
2026-04-26 00:02:22 | INFO     | ss_crawler | [ssd_scraper] [ssd_scraper] Matched bomnbl: Samsung 980 (100% confidence)
2026-04-26 00:02:22 | INFO     | ss_crawler | [ssd_scraper] [ssd_scraper] 🔄 bomnbl: Updated (content)
2026-04-26 00:02:22 | INFO     | ss_crawler | [crawler] [crawler] Fetching : https://www.ss.com/msg/lv/electronics/computers/completing-pc/ssd/cglcmb.html
2026-04-26 00:02:24 | INFO     | ss_crawler | [ssd_scraper] [ssd_scraper] Matched cglcmb: Samsung 860 Pro (100% confidence)
2026-04-26 00:02:24 | INFO     | ss_crawler | [ssd_scraper] [ssd_scraper] 🔄 cglcmb: Updated (content)
2026-04-26 00:02:24 | INFO     | ss_crawler | [crawler] [crawler] Fetching : https://www.ss.com/msg/lv/electronics/computers/completing-pc/ssd/bdniph.html
2026-04-26 00:02:26 | INFO     | ss_crawler | [ssd_scraper] [ssd_scraper] Matched bdniph: Samsung 870 QVO (100% confidence)
2026-04-26 00:02:27 | INFO     | ss_crawler | [ssd_scraper] [ssd_scraper] 🔄 bdniph: Updated (content)
2026-04-26 00:02:27 | INFO     | ss_crawler | [crawler] [crawler] Fetching : https://www.ss.com/msg/lv/electronics/computers/completing-pc/ssd/ccgbox.html
2026-04-26 00:02:29 | INFO     | ss_crawler | [ssd_scraper] [ssd_scraper] Matched ccgbox: Samsung 870 QVO (100% confidence)
2026-04-26 00:02:29 | INFO     | ss_crawler | [ssd_scraper] [ssd_scraper] 🔄 ccgbox: Updated (content)
2026-04-26 00:02:29 | INFO     | ss_crawler | [crawler] [crawler] Fetching : https://www.ss.com/msg/lv/electronics/computers/completing-pc/ssd/cdpnkm.html
2026-04-26 00:02:31 | INFO     | ss_crawler | [ssd_scraper] [ssd_scraper] Matched cdpnkm: Kingston NV2 (100% confidence)
2026-04-26 00:02:31 | INFO     | ss_crawler | [ssd_scraper] [ssd_scraper] 🔄 cdpnkm: Updated (content)
2026-04-26 00:02:31 | INFO     | ss_crawler | [crawler] [crawler] Fetching : https://www.ss.com/msg/lv/electronics/computers/completing-pc/ssd/cgknmp.html
2026-04-26 00:02:34 | INFO     | ss_crawler | [ssd_scraper] [ssd_scraper] Matched cgknmp: Kingston NV3 (100% confidence)
2026-04-26 00:02:34 | INFO     | ss_crawler | [ssd_scraper] [ssd_scraper] 🔄 cgknmp: Updated (content)
2026-04-26 00:02:34 | INFO     | ss_crawler | [crawler] [crawler] Fetching : https://www.ss.com/msg/lv/electronics/computers/completing-pc/ssd/cglxno.html
2026-04-26 00:02:37 | INFO     | ss_crawler | [ssd_scraper] [ssd_scraper] Matched cglxno: Crucial MX500 (100% confidence)
2026-04-26 00:02:37 | INFO     | ss_crawler | [ssd_scraper] [ssd_scraper] 🔄 cglxno: Updated (content)
2026-04-26 00:02:37 | INFO     | ss_crawler | [crawler] [crawler] Fetching : https://www.ss.com/msg/lv/electronics/computers/completing-pc/ssd/bompdg.html
2026-04-26 00:02:40 | INFO     | ss_crawler | [ssd_scraper] [ssd_scraper] Matched bompdg: Kingston A400 (100% confidence)
2026-04-26 00:02:40 | INFO     | ss_crawler | [ssd_scraper] [ssd_scraper] 🔄 bompdg: Updated (title)
2026-04-26 00:02:40 | INFO     | ss_crawler | [crawler] [crawler] Fetching : https://www.ss.com/msg/lv/electronics/computers/completing-pc/ssd/boncfe.html
2026-04-26 00:02:42 | INFO     | ss_crawler | [ssd_scraper] [ssd_scraper] Matched boncfe: Kingston A400 (100% confidence)
2026-04-26 00:02:42 | INFO     | ss_crawler | [ssd_scraper] [ssd_scraper] 🔄 boncfe: Updated (title)
2026-04-26 00:02:42 | INFO     | ss_crawler | [crawler] [crawler] Fetching : https://www.ss.com/msg/lv/electronics/computers/completing-pc/ssd/bfhxex.html
2026-04-26 00:02:44 | INFO     | ss_crawler | [ssd_scraper] [ssd_scraper] Matched bfhxex: Gigabyte NVMe (100% confidence)
2026-04-26 00:02:44 | INFO     | ss_crawler | [ssd_scraper] [ssd_scraper] 🔄 bfhxex: Updated (title)
2026-04-26 00:02:44 | INFO     | ss_crawler | [crawler] [crawler] Fetching : https://www.ss.com/msg/lv/electronics/computers/completing-pc/ssd/cdejcp.html
2026-04-26 00:02:47 | INFO     | ss_crawler | [ssd_scraper] [ssd_scraper] Matched cdejcp: Kingston A400 (100% confidence)
2026-04-26 00:02:47 | INFO     | ss_crawler | [ssd_scraper] [ssd_scraper] 🔄 cdejcp: Updated (title)
2026-04-26 00:02:47 | INFO     | ss_crawler | [crawler] [crawler] Fetching : https://www.ss.com/msg/lv/electronics/computers/completing-pc/ssd/cglbhb.html
2026-04-26 00:02:49 | INFO     | ss_crawler | [ssd_scraper] [ssd_scraper] Matched cglbhb: Samsung 860 Pro (100% confidence)
2026-04-26 00:02:49 | INFO     | ss_crawler | [ssd_scraper] [ssd_scraper] 🔄 cglbhb: Updated (title)
2026-04-26 00:02:49 | INFO     | ss_crawler | [crawler] [crawler] Fetching : https://www.ss.com/msg/lv/electronics/computers/completing-pc/ssd/beexml.html
2026-04-26 00:02:51 | INFO     | ss_crawler | [ssd_scraper] [ssd_scraper] Matched beexml: WD SN850X (100% confidence)
2026-04-26 00:02:51 | INFO     | ss_crawler | [ssd_scraper] [ssd_scraper] 🔄 beexml: Updated (content)
2026-04-26 00:02:51 | INFO     | ss_crawler | [crawler] [crawler] Fetching : https://www.ss.com/msg/lv/electronics/computers/completing-pc/ssd/ccgbnf.html
2026-04-26 00:02:54 | INFO     | ss_crawler | [ssd_scraper] [ssd_scraper] Matched ccgbnf: Samsung 860 Pro (100% confidence)
2026-04-26 00:02:54 | INFO     | ss_crawler | [ssd_scraper] [ssd_scraper] ⏸️ ccgbnf: Unchanged
2026-04-26 00:02:54 | INFO     | ss_crawler | [crawler] [crawler] Fetching : https://www.ss.com/msg/lv/electronics/computers/completing-pc/ssd/bogfhk.html
2026-04-26 00:02:56 | INFO     | ss_crawler | [ssd_scraper] [ssd_scraper] Matched bogfhk: Samsung 870 EVO (100% confidence)
2026-04-26 00:02:56 | INFO     | ss_crawler | [ssd_scraper] [ssd_scraper] ⏸️ bogfhk: Unchanged
2026-04-26 00:02:56 | INFO     | ss_crawler | [crawler] [crawler] Fetching : https://www.ss.com/msg/lv/electronics/computers/completing-pc/ssd/cgkcie.html
2026-04-26 00:02:58 | INFO     | ss_crawler | [ssd_scraper] [ssd_scraper] Matched cgkcie: Samsung 990 EVO (100% confidence)
2026-04-26 00:02:58 | INFO     | ss_crawler | [ssd_scraper] [ssd_scraper] 🔄 cgkcie: Updated (title)
2026-04-26 00:02:58 | INFO     | ss_crawler | [crawler] [crawler] Fetching : https://www.ss.com/msg/lv/electronics/computers/completing-pc/ssd/cglxfd.html
2026-04-26 00:03:02 | INFO     | ss_crawler | [ssd_scraper] [ssd_scraper] Matched cglxfd: Kingston NV3 (100% confidence)
2026-04-26 00:03:02 | INFO     | ss_crawler | [ssd_scraper] [ssd_scraper] 🔄 cglxfd: Updated (title)
2026-04-26 00:03:02 | INFO     | ss_crawler | [crawler] [crawler] Fetching : https://www.ss.com/msg/lv/electronics/computers/completing-pc/ssd/bigkxn.html
2026-04-26 00:03:04 | INFO     | ss_crawler | [ssd_scraper] [ssd_scraper] Matched bigkxn: Lexar NM790 (100% confidence)
2026-04-26 00:03:04 | INFO     | ss_crawler | [ssd_scraper] [ssd_scraper] 🔄 bigkxn: Updated (title)
2026-04-26 00:03:04 | INFO     | ss_crawler | [crawler] [crawler] Fetching : https://www.ss.com/msg/lv/electronics/computers/completing-pc/ssd/bommhn.html
2026-04-26 00:03:05 | INFO     | ss_crawler | [ssd_scraper] [ssd_scraper] Matched bommhn: Crucial MX500 (100% confidence)
2026-04-26 00:03:05 | INFO     | ss_crawler | [ssd_scraper] [ssd_scraper] 🔄 bommhn: Updated (content)
2026-04-26 00:03:05 | INFO     | ss_crawler | [crawler] [crawler] Fetching : https://www.ss.com/msg/lv/electronics/computers/completing-pc/ssd/ccilhn.html
2026-04-26 00:03:08 | INFO     | ss_crawler | [ssd_scraper] [ssd_scraper] Matched ccilhn: Kingston A400 (100% confidence)
2026-04-26 00:03:08 | INFO     | ss_crawler | [ssd_scraper] [ssd_scraper] ⏸️ ccilhn: Unchanged
2026-04-26 00:03:08 | INFO     | ss_crawler | [crawler] [crawler] Fetching : https://www.ss.com/msg/lv/electronics/computers/completing-pc/ssd/cgkddo.html
2026-04-26 00:03:11 | INFO     | ss_crawler | [ssd_scraper] [ssd_scraper] Matched cgkddo: Patriot Viper VP4300 (100% confidence)
2026-04-26 00:03:11 | INFO     | ss_crawler | [ssd_scraper] [ssd_scraper] 🔄 cgkddo: Updated (title)
2026-04-26 00:03:11 | INFO     | ss_crawler | [crawler] [crawler] Fetching : https://www.ss.com/msg/lv/electronics/computers/completing-pc/ssd/bpmkdj.html
2026-04-26 00:03:14 | INFO     | ss_crawler | [ssd_scraper] [ssd_scraper] Matched bpmkdj: Patriot PXD (100% confidence)
2026-04-26 00:03:14 | INFO     | ss_crawler | [ssd_scraper] [ssd_scraper] 🔄 bpmkdj: Updated (title)
2026-04-26 00:03:14 | INFO     | ss_crawler | [crawler] [crawler] Fetching : https://www.ss.com/msg/lv/electronics/computers/completing-pc/ssd/cegcbp.html
2026-04-26 00:03:17 | INFO     | ss_crawler | [ssd_scraper] [ssd_scraper] Matched cegcbp: ADATA SU650/SU655 (100% confidence)
2026-04-26 00:03:17 | INFO     | ss_crawler | [ssd_scraper] [ssd_scraper] 🔄 cegcbp: Updated (title)
2026-04-26 00:03:17 | INFO     | ss_crawler | [crawler] [crawler] Fetching : https://www.ss.com/msg/lv/electronics/computers/completing-pc/ssd/cdxijg.html
2026-04-26 00:03:19 | INFO     | ss_crawler | [ssd_scraper] [ssd_scraper] No match for cdxijg: SS.COM Komplektējošie datoriem - SSD, Cena 20 €. S
2026-04-26 00:03:19 | INFO     | ss_crawler | [ssd_scraper] [ssd_scraper] ⏸️ cdxijg: Unchanged
2026-04-26 00:03:19 | INFO     | ss_crawler | [crawler] [crawler] Fetching : https://www.ss.com/msg/lv/electronics/computers/completing-pc/ssd/bdocnc.html
2026-04-26 00:03:21 | INFO     | ss_crawler | [ssd_scraper] [ssd_scraper] No match for bdocnc: SS.COM Komplektējošie datoriem - SSD, Cena 5 €. Ss
2026-04-26 00:03:21 | INFO     | ss_crawler | [ssd_scraper] [ssd_scraper] ⏸️ bdocnc: Unchanged
2026-04-26 00:03:21 | INFO     | ss_crawler | [crawler] [crawler] Fetching : https://www.ss.com/msg/lv/electronics/computers/completing-pc/ssd/cdegcg.html
2026-04-26 00:03:24 | INFO     | ss_crawler | [ssd_scraper] [ssd_scraper] Matched cdegcg: Seagate FireCuda 540 (100% confidence)
2026-04-26 00:03:24 | INFO     | ss_crawler | [ssd_scraper] [ssd_scraper] 🔄 cdegcg: Updated (title)
2026-04-26 00:03:24 | INFO     | ss_crawler | [ssd_scraper] [ssd_scraper] Next page URL: https://www.ss.com/lv/electronics/computers/completing-pc/ssd/page2.html
2026-04-26 00:03:24 | INFO     | ss_crawler | [ssd_scraper] [ssd_scraper] Fetching page 2: https://www.ss.com/lv/electronics/computers/completing-pc/ssd/page2.html
2026-04-26 00:03:24 | INFO     | ss_crawler | [crawler] [crawler] Fetching : https://www.ss.com/lv/electronics/computers/completing-pc/ssd/page2.html
2026-04-26 00:03:27 | INFO     | ss_crawler | [ssd_scraper] [ssd_scraper] Found 32 listings on page 2, 32 new
2026-04-26 00:03:27 | INFO     | ss_crawler | [crawler] [crawler] Fetching : https://www.ss.com/msg/lv/electronics/computers/completing-pc/ssd/cgkpie.html
2026-04-26 00:03:28 | INFO     | ss_crawler | [ssd_scraper] [ssd_scraper] Matched cgkpie: Samsung 870 EVO (100% confidence)
2026-04-26 00:03:28 | INFO     | ss_crawler | [ssd_scraper] [ssd_scraper] 🔄 cgkpie: Updated (title, description, location, match)
2026-04-26 00:03:28 | INFO     | ss_crawler | [crawler] [crawler] Fetching : https://www.ss.com/msg/lv/electronics/computers/completing-pc/ssd/cgkpie.html
2026-04-26 00:03:30 | INFO     | ss_crawler | [ssd_scraper] [ssd_scraper] Matched cgkpie: Samsung 870 EVO (100% confidence)
2026-04-26 00:03:30 | INFO     | ss_crawler | [ssd_scraper] [ssd_scraper] 🔄 cgkpie: Updated (content)
2026-04-26 00:03:30 | INFO     | ss_crawler | [crawler] [crawler] Fetching : https://www.ss.com/msg/lv/electronics/computers/completing-pc/ssd/cgkpie.html
2026-04-26 00:03:33 | INFO     | ss_crawler | [ssd_scraper] [ssd_scraper] Matched cgkpie: Samsung 870 EVO (100% confidence)
2026-04-26 00:03:33 | INFO     | ss_crawler | [ssd_scraper] [ssd_scraper] 🔄 cgkpie: Updated (content)
2026-04-26 00:03:33 | INFO     | ss_crawler | [crawler] [crawler] Fetching : https://www.ss.com/msg/lv/electronics/computers/completing-pc/ssd/mhngk.html
2026-04-26 00:03:36 | INFO     | ss_crawler | [ssd_scraper] [ssd_scraper] Matched mhngk: Samsung T5 (82% confidence)
2026-04-26 00:03:36 | INFO     | ss_crawler | [ssd_scraper] [ssd_scraper] 🔄 mhngk: Updated (title, description, location, match)
2026-04-26 00:03:36 | INFO     | ss_crawler | [crawler] [crawler] Fetching : https://www.ss.com/msg/lv/electronics/computers/completing-pc/ssd/bxpkbg.html
2026-04-26 00:03:39 | INFO     | ss_crawler | [ssd_scraper] [ssd_scraper] No match for bxpkbg: SS.COM Komplektējošie datoriem - SSD, Cena 9 €. Ss
2026-04-26 00:03:39 | INFO     | ss_crawler | [ssd_scraper] [ssd_scraper] 🔄 bxpkbg: Updated (title, description, location, match)
2026-04-26 00:03:39 | INFO     | ss_crawler | [crawler] [crawler] Fetching : https://www.ss.com/msg/lv/electronics/computers/completing-pc/ssd/bohhkd.html
2026-04-26 00:03:42 | INFO     | ss_crawler | [ssd_scraper] [ssd_scraper] No match for bohhkd: SS.COM Komplektējošie datoriem - SSD, Cena 5 €. Ss
2026-04-26 00:03:42 | INFO     | ss_crawler | [ssd_scraper] [ssd_scraper] 🔄 bohhkd: Updated (title, description, location, match)
2026-04-26 00:03:42 | INFO     | ss_crawler | [crawler] [crawler] Fetching : https://www.ss.com/msg/lv/electronics/computers/completing-pc/ssd/bommeh.html
2026-04-26 00:03:44 | INFO     | ss_crawler | [ssd_scraper] [ssd_scraper] Matched bommeh: Kingston NV2 (100% confidence)
2026-04-26 00:03:44 | INFO     | ss_crawler | [ssd_scraper] [ssd_scraper] 🔄 bommeh: Updated (title, description, location, match)
2026-04-26 00:03:44 | INFO     | ss_crawler | [crawler] [crawler] Fetching : https://www.ss.com/msg/lv/electronics/computers/completing-pc/ssd/boeccm.html
2026-04-26 00:03:47 | INFO     | ss_crawler | [ssd_scraper] [ssd_scraper] Matched boeccm: Kingston NV1 (100% confidence)
2026-04-26 00:03:47 | INFO     | ss_crawler | [ssd_scraper] [ssd_scraper] 🔄 boeccm: Updated (title, description, location)
2026-04-26 00:03:47 | INFO     | ss_crawler | [crawler] [crawler] Fetching : https://www.ss.com/msg/lv/electronics/computers/completing-pc/ssd/bolkkf.html
2026-04-26 00:03:49 | INFO     | ss_crawler | [ssd_scraper] [ssd_scraper] No match for bolkkf: SS.COM Komplektējošie datoriem - SSD, Cena 15 €. C
2026-04-26 00:03:49 | INFO     | ss_crawler | [ssd_scraper] [ssd_scraper] 🔄 bolkkf: Updated (title, description, location, match)
2026-04-26 00:03:49 | INFO     | ss_crawler | [crawler] [crawler] Fetching : https://www.ss.com/msg/lv/electronics/computers/completing-pc/ssd/beexod.html
2026-04-26 00:03:52 | INFO     | ss_crawler | [ssd_scraper] [ssd_scraper] No match for beexod: SS.COM Komplektējošie datoriem - SSD, Cena 15 €. S
2026-04-26 00:03:52 | INFO     | ss_crawler | [ssd_scraper] [ssd_scraper] 🔄 beexod: Updated (title, description, location, match)
2026-04-26 00:03:52 | INFO     | ss_crawler | [crawler] [crawler] Fetching : https://www.ss.com/msg/lv/electronics/computers/completing-pc/ssd/bdccbl.html
2026-04-26 00:03:55 | INFO     | ss_crawler | [ssd_scraper] [ssd_scraper] Matched bdccbl: Kingston A400 (100% confidence)
2026-04-26 00:03:55 | INFO     | ss_crawler | [ssd_scraper] [ssd_scraper] 🔄 bdccbl: Updated (title, description, location, match)
2026-04-26 00:03:55 | INFO     | ss_crawler | [crawler] [crawler] Fetching : https://www.ss.com/msg/lv/electronics/computers/completing-pc/ssd/bdhgeg.html
2026-04-26 00:03:57 | INFO     | ss_crawler | [ssd_scraper] [ssd_scraper] Matched bdhgeg: Crucial P3 (100% confidence)
2026-04-26 00:03:57 | INFO     | ss_crawler | [ssd_scraper] [ssd_scraper] 🔄 bdhgeg: Updated (title, description, location, match)
2026-04-26 00:03:57 | INFO     | ss_crawler | [crawler] [crawler] Fetching : https://www.ss.com/msg/lv/electronics/computers/completing-pc/ssd/bedcbg.html
2026-04-26 00:03:59 | INFO     | ss_crawler | [ssd_scraper] [ssd_scraper] Matched bedcbg: Intel 545s (77% confidence)
2026-04-26 00:03:59 | INFO     | ss_crawler | [ssd_scraper] [ssd_scraper] ⏸️ bedcbg: Unchanged
2026-04-26 00:03:59 | INFO     | ss_crawler | [crawler] [crawler] Fetching : https://www.ss.com/msg/lv/electronics/computers/completing-pc/ssd/bomnhg.html
2026-04-26 00:04:02 | INFO     | ss_crawler | [ssd_scraper] [ssd_scraper] Matched bomnhg: Gigabyte SSD (78% confidence)
2026-04-26 00:04:02 | INFO     | ss_crawler | [ssd_scraper] [ssd_scraper] 🔄 bomnhg: Updated (title, description, location)
2026-04-26 00:04:02 | INFO     | ss_crawler | [crawler] [crawler] Fetching : https://www.ss.com/msg/lv/electronics/computers/completing-pc/ssd/ccipee.html
2026-04-26 00:04:05 | INFO     | ss_crawler | [ssd_scraper] [ssd_scraper] Matched ccipee: Crucial T705 (100% confidence)
2026-04-26 00:04:05 | INFO     | ss_crawler | [ssd_scraper] [ssd_scraper] 🔄 ccipee: Updated (title, description, location, match)
2026-04-26 00:04:05 | INFO     | ss_crawler | [crawler] [crawler] Fetching : https://www.ss.com/msg/lv/electronics/computers/completing-pc/ssd/cclgpp.html
2026-04-26 00:04:09 | INFO     | ss_crawler | [ssd_scraper] [ssd_scraper] Matched cclgpp: Samsung 860 EVO (100% confidence)
2026-04-26 00:04:09 | INFO     | ss_crawler | [ssd_scraper] [ssd_scraper] 🔄 cclgpp: Updated (title, description, location, match)
2026-04-26 00:04:09 | INFO     | ss_crawler | [crawler] [crawler] Fetching : https://www.ss.com/msg/lv/electronics/computers/completing-pc/ssd/ccimol.html
2026-04-26 00:04:12 | INFO     | ss_crawler | [ssd_scraper] [ssd_scraper] Matched ccimol: Crucial T710 (100% confidence)
2026-04-26 00:04:12 | INFO     | ss_crawler | [ssd_scraper] [ssd_scraper] 🔄 ccimol: Updated (title, description, location)
2026-04-26 00:04:12 | INFO     | ss_crawler | [crawler] [crawler] Fetching : https://www.ss.com/msg/lv/electronics/computers/completing-pc/ssd/cdlbkj.html
2026-04-26 00:04:15 | INFO     | ss_crawler | [ssd_scraper] [ssd_scraper] Matched cdlbkj: WD My Passport SSD (NVMe) (100% confidence)
2026-04-26 00:04:15 | INFO     | ss_crawler | [ssd_scraper] [ssd_scraper] 🔄 cdlbkj: Updated (title, description, location, match)
2026-04-26 00:04:15 | INFO     | ss_crawler | [crawler] [crawler] Fetching : https://www.ss.com/msg/lv/electronics/computers/completing-pc/ssd/cdxmpx.html
2026-04-26 00:04:17 | INFO     | ss_crawler | [ssd_scraper] [ssd_scraper] Matched cdxmpx: Samsung 9100 Pro (100% confidence)
2026-04-26 00:04:17 | INFO     | ss_crawler | [ssd_scraper] [ssd_scraper] 🔄 cdxmpx: Updated (title, description, location)
2026-04-26 00:04:17 | INFO     | ss_crawler | [crawler] [crawler] Fetching : https://www.ss.com/msg/lv/electronics/computers/completing-pc/ssd/bpnidc.html
2026-04-26 00:04:21 | INFO     | ss_crawler | [ssd_scraper] [ssd_scraper] Matched bpnidc: Samsung 990 EVO (100% confidence)
2026-04-26 00:04:21 | INFO     | ss_crawler | [ssd_scraper] [ssd_scraper] 🔄 bpnidc: Updated (title, description, location, match)
2026-04-26 00:04:21 | INFO     | ss_crawler | [crawler] [crawler] Fetching : https://www.ss.com/msg/lv/electronics/computers/completing-pc/ssd/pxbnf.html
2026-04-26 00:04:24 | INFO     | ss_crawler | [ssd_scraper] [ssd_scraper] Matched pxbnf: Samsung 990 Pro (100% confidence)
2026-04-26 00:04:24 | INFO     | ss_crawler | [ssd_scraper] [ssd_scraper] 🔄 pxbnf: Updated (title, description, location, match)
2026-04-26 00:04:24 | INFO     | ss_crawler | [crawler] [crawler] Fetching : https://www.ss.com/msg/lv/electronics/computers/completing-pc/ssd/mdchk.html
2026-04-26 00:04:28 | INFO     | ss_crawler | [ssd_scraper] [ssd_scraper] Matched mdchk: Samsung 9100 Pro (100% confidence)
2026-04-26 00:04:28 | INFO     | ss_crawler | [ssd_scraper] [ssd_scraper] 🔄 mdchk: Updated (title, description, location, match)
2026-04-26 00:04:28 | INFO     | ss_crawler | [crawler] [crawler] Fetching : https://www.ss.com/msg/lv/electronics/computers/completing-pc/ssd/bikpbd.html
2026-04-26 00:04:31 | INFO     | ss_crawler | [ssd_scraper] [ssd_scraper] Matched bikpbd: Samsung 970 EVO (100% confidence)
2026-04-26 00:04:31 | INFO     | ss_crawler | [ssd_scraper] [ssd_scraper] 🔄 bikpbd: Updated (title, description, location, match)
2026-04-26 00:04:31 | INFO     | ss_crawler | [crawler] [crawler] Fetching : https://www.ss.com/msg/lv/electronics/computers/completing-pc/ssd/bebobc.html
2026-04-26 00:04:34 | INFO     | ss_crawler | [ssd_scraper] [ssd_scraper] No match for bebobc: SS.COM Komplektējošie datoriem - SSD, Cena 18 €. П
2026-04-26 00:04:34 | INFO     | ss_crawler | [ssd_scraper] [ssd_scraper] 🔄 bebobc: Updated (title, description, location, match)
2026-04-26 00:04:34 | INFO     | ss_crawler | [crawler] [crawler] Fetching : https://www.ss.com/msg/lv/electronics/computers/completing-pc/ssd/bommeg.html
2026-04-26 00:04:36 | INFO     | ss_crawler | [ssd_scraper] [ssd_scraper] Matched bommeg: Kingston NV2 (90% confidence)
2026-04-26 00:04:36 | INFO     | ss_crawler | [ssd_scraper] [ssd_scraper] 🔄 bommeg: Updated (title, description, location, match)
2026-04-26 00:04:36 | INFO     | ss_crawler | [crawler] [crawler] Fetching : https://www.ss.com/msg/lv/electronics/computers/completing-pc/ssd/ccgbnd.html
2026-04-26 00:04:40 | INFO     | ss_crawler | [ssd_scraper] [ssd_scraper] Matched ccgbnd: Kingston A400 (100% confidence)
2026-04-26 00:04:40 | INFO     | ss_crawler | [ssd_scraper] [ssd_scraper] 🔄 ccgbnd: Updated (title, description, location, match)
2026-04-26 00:04:40 | INFO     | ss_crawler | [crawler] [crawler] Fetching : https://www.ss.com/msg/lv/electronics/computers/completing-pc/ssd/ccjmpg.html
2026-04-26 00:04:42 | INFO     | ss_crawler | [ssd_scraper] [ssd_scraper] Matched ccjmpg: Samsung 860 EVO (100% confidence)
2026-04-26 00:04:42 | INFO     | ss_crawler | [ssd_scraper] [ssd_scraper] 🔄 ccjmpg: Updated (title, description, location, match)
2026-04-26 00:04:42 | INFO     | ss_crawler | [crawler] [crawler] Fetching : https://www.ss.com/msg/lv/electronics/computers/completing-pc/ssd/ccnpef.html
2026-04-26 00:04:45 | INFO     | ss_crawler | [ssd_scraper] [ssd_scraper] Matched ccnpef: Kingston NV2 (100% confidence)
2026-04-26 00:04:45 | INFO     | ss_crawler | [ssd_scraper] [ssd_scraper] 🔄 ccnpef: Updated (title, description, location)
2026-04-26 00:04:45 | INFO     | ss_crawler | [crawler] [crawler] Fetching : https://www.ss.com/msg/lv/electronics/computers/completing-pc/ssd/odkpc.html
2026-04-26 00:04:48 | INFO     | ss_crawler | [ssd_scraper] [ssd_scraper] Matched odkpc: Samsung 970 EVO (100% confidence)
2026-04-26 00:04:48 | INFO     | ss_crawler | [ssd_scraper] [ssd_scraper] ⏸️ odkpc: Unchanged
2026-04-26 00:04:48 | INFO     | ss_crawler | [crawler] [crawler] Fetching : https://www.ss.com/msg/lv/electronics/computers/completing-pc/ssd/ccpjxj.html
2026-04-26 00:04:49 | INFO     | ss_crawler | [ssd_scraper] [ssd_scraper] Matched ccpjxj: Crucial P310 (100% confidence)
2026-04-26 00:04:49 | INFO     | ss_crawler | [ssd_scraper] [ssd_scraper] ⏸️ ccpjxj: Unchanged
2026-04-26 00:04:49 | INFO     | ss_crawler | [crawler] [crawler] Fetching : https://www.ss.com/msg/lv/electronics/computers/completing-pc/ssd/bedcbh.html
2026-04-26 00:04:53 | INFO     | ss_crawler | [ssd_scraper] [ssd_scraper] Matched bedcbh: Samsung 990 EVO (100% confidence)
2026-04-26 00:04:53 | INFO     | ss_crawler | [ssd_scraper] [ssd_scraper] 🔄 bedcbh: Updated (title, description, location)
2026-04-26 00:04:53 | INFO     | ss_crawler | [crawler] [crawler] Fetching : https://www.ss.com/msg/lv/electronics/computers/completing-pc/ssd/bdkkjl.html
2026-04-26 00:04:56 | INFO     | ss_crawler | [ssd_scraper] [ssd_scraper] Matched bdkkjl: Samsung 860 Pro (100% confidence)
2026-04-26 00:04:56 | INFO     | ss_crawler | [ssd_scraper] [ssd_scraper] 🔄 bdkkjl: Updated (title, description, location, match)
2026-04-26 00:04:56 | INFO     | ss_crawler | [ssd_scraper] [ssd_scraper] Next page URL: https://www.ss.com/ru/electronics/computers/completing-pc/ssd/page2.html
2026-04-26 00:04:56 | INFO     | ss_crawler | [ssd_scraper] [ssd_scraper] Fetching page 3: https://www.ss.com/ru/electronics/computers/completing-pc/ssd/page2.html
2026-04-26 00:04:56 | INFO     | ss_crawler | [crawler] [crawler] Fetching : https://www.ss.com/ru/electronics/computers/completing-pc/ssd/page2.html
2026-04-26 00:04:59 | INFO     | ss_crawler | [ssd_scraper] [ssd_scraper] Found 32 listings on page 3, 32 new
2026-04-26 00:04:59 | INFO     | ss_crawler | [crawler] [crawler] Fetching : https://www.ss.com/msg/ru/electronics/computers/completing-pc/ssd/cgkpie.html
2026-04-26 00:05:02 | INFO     | ss_crawler | [ssd_scraper] [ssd_scraper] Matched cgkpie: Gigabyte SSD (60% confidence)
2026-04-26 00:05:02 | INFO     | ss_crawler | [ssd_scraper] [ssd_scraper] 🔄 cgkpie: Updated (title, description, location, match)
2026-04-26 00:05:02 | INFO     | ss_crawler | [crawler] [crawler] Fetching : https://www.ss.com/msg/ru/electronics/computers/completing-pc/ssd/cgkpie.html
2026-04-26 00:05:05 | INFO     | ss_crawler | [ssd_scraper] [ssd_scraper] Matched cgkpie: Gigabyte SSD (60% confidence)
2026-04-26 00:05:05 | INFO     | ss_crawler | [ssd_scraper] [ssd_scraper] 🔄 cgkpie: Updated (content)
2026-04-26 00:05:05 | INFO     | ss_crawler | [crawler] [crawler] Fetching : https://www.ss.com/msg/ru/electronics/computers/completing-pc/ssd/cgkpie.html
2026-04-26 00:05:08 | INFO     | ss_crawler | [ssd_scraper] [ssd_scraper] Matched cgkpie: Gigabyte SSD (60% confidence)
2026-04-26 00:05:08 | INFO     | ss_crawler | [ssd_scraper] [ssd_scraper] 🔄 cgkpie: Updated (content)
2026-04-26 00:05:08 | INFO     | ss_crawler | [crawler] [crawler] Fetching : https://www.ss.com/msg/ru/electronics/computers/completing-pc/ssd/mhngk.html
2026-04-26 00:05:12 | INFO     | ss_crawler | [ssd_scraper] [ssd_scraper] Matched mhngk: Gigabyte SSD (60% confidence)
2026-04-26 00:05:12 | INFO     | ss_crawler | [ssd_scraper] [ssd_scraper] 🔄 mhngk: Updated (title, description, location, match)
2026-04-26 00:05:12 | INFO     | ss_crawler | [crawler] [crawler] Fetching : https://www.ss.com/msg/ru/electronics/computers/completing-pc/ssd/bxpkbg.html
2026-04-26 00:05:15 | INFO     | ss_crawler | [ssd_scraper] [ssd_scraper] Matched bxpkbg: Gigabyte SSD (60% confidence)
2026-04-26 00:05:15 | INFO     | ss_crawler | [ssd_scraper] [ssd_scraper] 🔄 bxpkbg: Updated (title, description, location, match)
2026-04-26 00:05:15 | INFO     | ss_crawler | [crawler] [crawler] Fetching : https://www.ss.com/msg/ru/electronics/computers/completing-pc/ssd/bohhkd.html
2026-04-26 00:05:17 | INFO     | ss_crawler | [ssd_scraper] [ssd_scraper] Matched bohhkd: Gigabyte SSD (60% confidence)
2026-04-26 00:05:17 | INFO     | ss_crawler | [ssd_scraper] [ssd_scraper] 🔄 bohhkd: Updated (title, description, location, match)
2026-04-26 00:05:17 | INFO     | ss_crawler | [crawler] [crawler] Fetching : https://www.ss.com/msg/ru/electronics/computers/completing-pc/ssd/bommeh.html
2026-04-26 00:05:19 | INFO     | ss_crawler | [ssd_scraper] [ssd_scraper] Matched bommeh: Kingston NV2 (100% confidence)
2026-04-26 00:05:19 | INFO     | ss_crawler | [ssd_scraper] [ssd_scraper] 🔄 bommeh: Updated (title, description, location, match)
2026-04-26 00:05:19 | INFO     | ss_crawler | [crawler] [crawler] Fetching : https://www.ss.com/msg/ru/electronics/computers/completing-pc/ssd/boeccm.html
2026-04-26 00:05:21 | INFO     | ss_crawler | [ssd_scraper] [ssd_scraper] Matched boeccm: Kingston NV1 (80% confidence)
2026-04-26 00:05:21 | INFO     | ss_crawler | [ssd_scraper] [ssd_scraper] 🔄 boeccm: Updated (title, description, location)
2026-04-26 00:05:21 | INFO     | ss_crawler | [crawler] [crawler] Fetching : https://www.ss.com/msg/ru/electronics/computers/completing-pc/ssd/bolkkf.html
2026-04-26 00:05:25 | INFO     | ss_crawler | [ssd_scraper] [ssd_scraper] Matched bolkkf: Kingston NV1 (80% confidence)
2026-04-26 00:05:25 | INFO     | ss_crawler | [ssd_scraper] [ssd_scraper] 🔄 bolkkf: Updated (title, description, location, match)
2026-04-26 00:05:25 | INFO     | ss_crawler | [crawler] [crawler] Fetching : https://www.ss.com/msg/ru/electronics/computers/completing-pc/ssd/beexod.html
2026-04-26 00:05:27 | INFO     | ss_crawler | [ssd_scraper] [ssd_scraper] Matched beexod: Samsung T5 (82% confidence)
2026-04-26 00:05:27 | INFO     | ss_crawler | [ssd_scraper] [ssd_scraper] 🔄 beexod: Updated (title, description, location, match)
2026-04-26 00:05:27 | INFO     | ss_crawler | [crawler] [crawler] Fetching : https://www.ss.com/msg/ru/electronics/computers/completing-pc/ssd/bdccbl.html
2026-04-26 00:05:30 | INFO     | ss_crawler | [ssd_scraper] [ssd_scraper] Matched bdccbl: Kingston A400 (100% confidence)
2026-04-26 00:05:30 | INFO     | ss_crawler | [ssd_scraper] [ssd_scraper] 🔄 bdccbl: Updated (title, description, location, match)
2026-04-26 00:05:30 | INFO     | ss_crawler | [crawler] [crawler] Fetching : https://www.ss.com/msg/ru/electronics/computers/completing-pc/ssd/bdhgeg.html
2026-04-26 00:05:32 | INFO     | ss_crawler | [ssd_scraper] [ssd_scraper] Matched bdhgeg: Crucial P3 (100% confidence)
2026-04-26 00:05:32 | INFO     | ss_crawler | [ssd_scraper] [ssd_scraper] 🔄 bdhgeg: Updated (title, description, location, match)
2026-04-26 00:05:32 | INFO     | ss_crawler | [crawler] [crawler] Fetching : https://www.ss.com/msg/ru/electronics/computers/completing-pc/ssd/bedcbg.html
2026-04-26 00:05:34 | INFO     | ss_crawler | [ssd_scraper] [ssd_scraper] Matched bedcbg: Intel 545s (67% confidence)
2026-04-26 00:05:34 | INFO     | ss_crawler | [ssd_scraper] [ssd_scraper] 🔄 bedcbg: Updated (title)
2026-04-26 00:05:34 | INFO     | ss_crawler | [crawler] [crawler] Fetching : https://www.ss.com/msg/ru/electronics/computers/completing-pc/ssd/bomnhg.html
2026-04-26 00:05:38 | INFO     | ss_crawler | [ssd_scraper] [ssd_scraper] Matched bomnhg: Gigabyte SSD (60% confidence)
2026-04-26 00:05:38 | INFO     | ss_crawler | [ssd_scraper] [ssd_scraper] 🔄 bomnhg: Updated (title, description, location)
2026-04-26 00:05:38 | INFO     | ss_crawler | [crawler] [crawler] Fetching : https://www.ss.com/msg/ru/electronics/computers/completing-pc/ssd/ccipee.html
2026-04-26 00:05:40 | INFO     | ss_crawler | [ssd_scraper] [ssd_scraper] Matched ccipee: Crucial T705 (100% confidence)
2026-04-26 00:05:40 | INFO     | ss_crawler | [ssd_scraper] [ssd_scraper] 🔄 ccipee: Updated (title, description, location, match)
2026-04-26 00:05:40 | INFO     | ss_crawler | [crawler] [crawler] Fetching : https://www.ss.com/msg/ru/electronics/computers/completing-pc/ssd/cclgpp.html
2026-04-26 00:05:42 | INFO     | ss_crawler | [ssd_scraper] [ssd_scraper] Matched cclgpp: Samsung T5 EVO (100% confidence)
2026-04-26 00:05:42 | INFO     | ss_crawler | [ssd_scraper] [ssd_scraper] 🔄 cclgpp: Updated (title, description, location, match)
2026-04-26 00:05:42 | INFO     | ss_crawler | [crawler] [crawler] Fetching : https://www.ss.com/msg/ru/electronics/computers/completing-pc/ssd/ccimol.html
2026-04-26 00:05:46 | INFO     | ss_crawler | [ssd_scraper] [ssd_scraper] Matched ccimol: Crucial T710 (100% confidence)
2026-04-26 00:05:46 | INFO     | ss_crawler | [ssd_scraper] [ssd_scraper] 🔄 ccimol: Updated (title, description, location)
2026-04-26 00:05:46 | INFO     | ss_crawler | [crawler] [crawler] Fetching : https://www.ss.com/msg/ru/electronics/computers/completing-pc/ssd/cdlbkj.html
2026-04-26 00:05:49 | INFO     | ss_crawler | [ssd_scraper] [ssd_scraper] Matched cdlbkj: WD SN7100 (100% confidence)
2026-04-26 00:05:49 | INFO     | ss_crawler | [ssd_scraper] [ssd_scraper] 🔄 cdlbkj: Updated (title, description, location, match)
2026-04-26 00:05:49 | INFO     | ss_crawler | [crawler] [crawler] Fetching : https://www.ss.com/msg/ru/electronics/computers/completing-pc/ssd/cdxmpx.html
2026-04-26 00:05:51 | INFO     | ss_crawler | [ssd_scraper] [ssd_scraper] Matched cdxmpx: Samsung 9100 Pro (100% confidence)
2026-04-26 00:05:51 | INFO     | ss_crawler | [ssd_scraper] [ssd_scraper] 🔄 cdxmpx: Updated (title, description, location)
2026-04-26 00:05:51 | INFO     | ss_crawler | [crawler] [crawler] Fetching : https://www.ss.com/msg/ru/electronics/computers/completing-pc/ssd/bpnidc.html
2026-04-26 00:05:53 | INFO     | ss_crawler | [ssd_scraper] [ssd_scraper] Matched bpnidc: Samsung 990 EVO (100% confidence)
2026-04-26 00:05:53 | INFO     | ss_crawler | [ssd_scraper] [ssd_scraper] 🔄 bpnidc: Updated (title, description, location, match)
2026-04-26 00:05:53 | INFO     | ss_crawler | [crawler] [crawler] Fetching : https://www.ss.com/msg/ru/electronics/computers/completing-pc/ssd/pxbnf.html
2026-04-26 00:05:57 | INFO     | ss_crawler | [ssd_scraper] [ssd_scraper] Matched pxbnf: Samsung 990 Pro (100% confidence)
2026-04-26 00:05:57 | INFO     | ss_crawler | [ssd_scraper] [ssd_scraper] 🔄 pxbnf: Updated (title, description, location, match)
2026-04-26 00:05:57 | INFO     | ss_crawler | [crawler] [crawler] Fetching : https://www.ss.com/msg/ru/electronics/computers/completing-pc/ssd/mdchk.html
2026-04-26 00:06:00 | INFO     | ss_crawler | [ssd_scraper] [ssd_scraper] Matched mdchk: Samsung 9100 Pro (100% confidence)
2026-04-26 00:06:00 | INFO     | ss_crawler | [ssd_scraper] [ssd_scraper] 🔄 mdchk: Updated (title, description, location, match)
2026-04-26 00:06:00 | INFO     | ss_crawler | [crawler] [crawler] Fetching : https://www.ss.com/msg/ru/electronics/computers/completing-pc/ssd/bikpbd.html
2026-04-26 00:06:03 | INFO     | ss_crawler | [ssd_scraper] [ssd_scraper] Matched bikpbd: Samsung T5 (82% confidence)
2026-04-26 00:06:03 | INFO     | ss_crawler | [ssd_scraper] [ssd_scraper] 🔄 bikpbd: Updated (title, description, location, match)
2026-04-26 00:06:03 | INFO     | ss_crawler | [crawler] [crawler] Fetching : https://www.ss.com/msg/ru/electronics/computers/completing-pc/ssd/bebobc.html
2026-04-26 00:06:06 | INFO     | ss_crawler | [ssd_scraper] [ssd_scraper] Matched bebobc: Intel 545s (67% confidence)
2026-04-26 00:06:06 | INFO     | ss_crawler | [ssd_scraper] [ssd_scraper] 🔄 bebobc: Updated (title, description, location, match)
2026-04-26 00:06:06 | INFO     | ss_crawler | [crawler] [crawler] Fetching : https://www.ss.com/msg/ru/electronics/computers/completing-pc/ssd/bommeg.html
2026-04-26 00:06:09 | INFO     | ss_crawler | [ssd_scraper] [ssd_scraper] Matched bommeg: Kingston NV1 (80% confidence)
2026-04-26 00:06:09 | INFO     | ss_crawler | [ssd_scraper] [ssd_scraper] 🔄 bommeg: Updated (title, description, location, match)
2026-04-26 00:06:09 | INFO     | ss_crawler | [crawler] [crawler] Fetching : https://www.ss.com/msg/ru/electronics/computers/completing-pc/ssd/ccgbnd.html
2026-04-26 00:06:11 | INFO     | ss_crawler | [ssd_scraper] [ssd_scraper] Matched ccgbnd: Kingston A400 (100% confidence)
2026-04-26 00:06:11 | INFO     | ss_crawler | [ssd_scraper] [ssd_scraper] 🔄 ccgbnd: Updated (title, description, location, match)
2026-04-26 00:06:11 | INFO     | ss_crawler | [crawler] [crawler] Fetching : https://www.ss.com/msg/ru/electronics/computers/completing-pc/ssd/ccjmpg.html
2026-04-26 00:06:13 | INFO     | ss_crawler | [ssd_scraper] [ssd_scraper] Matched ccjmpg: Samsung T5 EVO (100% confidence)
2026-04-26 00:06:13 | INFO     | ss_crawler | [ssd_scraper] [ssd_scraper] 🔄 ccjmpg: Updated (title, description, location, match)
2026-04-26 00:06:13 | INFO     | ss_crawler | [crawler] [crawler] Fetching : https://www.ss.com/msg/ru/electronics/computers/completing-pc/ssd/ccnpef.html
2026-04-26 00:06:16 | INFO     | ss_crawler | [ssd_scraper] [ssd_scraper] Matched ccnpef: Kingston NV2 (100% confidence)
2026-04-26 00:06:16 | INFO     | ss_crawler | [ssd_scraper] [ssd_scraper] 🔄 ccnpef: Updated (title, description, location)
2026-04-26 00:06:16 | INFO     | ss_crawler | [crawler] [crawler] Fetching : https://www.ss.com/msg/ru/electronics/computers/completing-pc/ssd/odkpc.html
2026-04-26 00:06:18 | INFO     | ss_crawler | [ssd_scraper] [ssd_scraper] Matched odkpc: Gigabyte SSD (60% confidence)
2026-04-26 00:06:18 | INFO     | ss_crawler | [ssd_scraper] [ssd_scraper] 🔄 odkpc: Updated (title)
2026-04-26 00:06:18 | INFO     | ss_crawler | [crawler] [crawler] Fetching : https://www.ss.com/msg/ru/electronics/computers/completing-pc/ssd/ccpjxj.html
2026-04-26 00:06:21 | INFO     | ss_crawler | [ssd_scraper] [ssd_scraper] Matched ccpjxj: Crucial P310 (100% confidence)
2026-04-26 00:06:21 | INFO     | ss_crawler | [ssd_scraper] [ssd_scraper] 🔄 ccpjxj: Updated (title)
2026-04-26 00:06:21 | INFO     | ss_crawler | [crawler] [crawler] Fetching : https://www.ss.com/msg/ru/electronics/computers/completing-pc/ssd/bedcbh.html
2026-04-26 00:06:24 | INFO     | ss_crawler | [ssd_scraper] [ssd_scraper] Matched bedcbh: Samsung 990 EVO (100% confidence)
2026-04-26 00:06:24 | INFO     | ss_crawler | [ssd_scraper] [ssd_scraper] 🔄 bedcbh: Updated (title, description, location)
2026-04-26 00:06:24 | INFO     | ss_crawler | [crawler] [crawler] Fetching : https://www.ss.com/msg/ru/electronics/computers/completing-pc/ssd/bdkkjl.html
2026-04-26 00:06:26 | INFO     | ss_crawler | [ssd_scraper] [ssd_scraper] Matched bdkkjl: Samsung T5 (82% confidence)
2026-04-26 00:06:26 | INFO     | ss_crawler | [ssd_scraper] [ssd_scraper] 🔄 bdkkjl: Updated (title, description, location, match)
2026-04-26 00:06:26 | INFO     | ss_crawler | [ssd_scraper] [ssd_scraper] Next page URL: https://www.ss.com/lv/electronics/computers/completing-pc/ssd/page2.html
2026-04-26 00:06:26 | INFO     | ss_crawler | [ssd_scraper] [ssd_scraper] Fetching page 4: https://www.ss.com/lv/electronics/computers/completing-pc/ssd/page2.html
2026-04-26 00:06:26 | INFO     | ss_crawler | [crawler] [crawler] Fetching : https://www.ss.com/lv/electronics/computers/completing-pc/ssd/page2.html
2026-04-26 00:06:29 | INFO     | ss_crawler | [ssd_scraper] [ssd_scraper] Found 32 listings on page 4, 0 new
2026-04-26 00:06:29 | INFO     | ss_crawler | [ssd_scraper] [ssd_scraper] Next page URL: https://www.ss.com/ru/electronics/computers/completing-pc/ssd/page2.html
2026-04-26 00:06:29 | INFO     | ss_crawler | [ssd_scraper] [ssd_scraper] Fetching page 5: https://www.ss.com/ru/electronics/computers/completing-pc/ssd/page2.html
2026-04-26 00:06:29 | INFO     | ss_crawler | [crawler] [crawler] Fetching : https://www.ss.com/ru/electronics/computers/completing-pc/ssd/page2.html
2026-04-26 00:06:32 | INFO     | ss_crawler | [ssd_scraper] [ssd_scraper] Found 32 listings on page 5, 0 new
2026-04-26 00:06:32 | INFO     | ss_crawler | [ssd_scraper] [ssd_scraper] Next page URL: https://www.ss.com/lv/electronics/computers/completing-pc/ssd/page2.html
2026-04-26 00:06:32 | INFO     | ss_crawler | [ssd_scraper] [ssd_scraper] Reached max pages limit (5)
2026-04-26 00:06:32 | INFO     | ss_crawler | [ssd_scraper] [ssd_scraper] SSD scraping complete. Stats: {'processed': 96, 'new': 0, 'updated': 87, 'unchanged': 9, 'failed': 0, 'matched': 89}
2026-04-26 00:53:17 | INFO     | ss_crawler | [database] [database] Database connected: localhost:5433/ss_market
2026-04-26 00:53:18 | INFO     | ss_crawler | [crawler] [crawler] Fetching : https://www.ss.com/msg/lv/electronics/computers/completing-pc/cases/bxbhjl.html
2026-04-26 00:55:24 | INFO     | ss_crawler | [database] [database] Database connected: localhost:5433/ss_market
2026-04-26 00:55:24 | INFO     | ss_crawler | [crawler] [crawler] Fetching : https://www.ss.com/msg/lv/electronics/computers/completing-pc/cases/bxbhjl.html
2026-04-26 00:55:26 | INFO     | ss_crawler | [psu_matcher] [psu_matcher] PSUMatcher initialized with 2893 PSU references
2026-04-26 01:03:27 | INFO     | ss_crawler | [scraper] [scraper] 🚀 Initializing scraper...
2026-04-26 01:03:27 | INFO     | ss_crawler | [database] [database] Database connected: localhost:5433/ss_market
2026-04-26 01:03:27 | INFO     | ss_crawler | [scraper] [scraper] 📦 Database: postgresql+psycopg2://crawler:crawler_pass@localhost:5433/ss_market
2026-04-26 01:03:27 | INFO     | ss_crawler | [matcher] [matcher] GPUMatcher initialized with 631 GPUs
2026-04-26 01:03:27 | INFO     | ss_crawler | [scraper] [scraper] 🎮 Loaded 631 GPU references
2026-04-26 01:03:27 | INFO     | ss_crawler | [scraper] [scraper] 📊 Scrape run started: ID 11
2026-04-26 01:03:27 | INFO     | ss_crawler | [scraper] [scraper] 📄 Fetching category: https://www.ss.com/lv/electronics/computers/completing-pc/video/
2026-04-26 01:03:27 | INFO     | ss_crawler | [crawler] [crawler] Fetching category page: https://www.ss.com/lv/electronics/computers/completing-pc/video/
2026-04-26 01:03:31 | INFO     | ss_crawler | [parser] [parser] Found 30 listings on page
2026-04-26 01:03:31 | INFO     | ss_crawler | [scraper] [scraper] 🔍 Found 30 listings to process
2026-04-26 01:03:31 | INFO     | ss_crawler | [crawler] [crawler] Fetching listing 1/30: https://www.ss.com/msg/lv/electronics/computers/completing-pc/video/bkbjpm.html
2026-04-26 01:03:33 | INFO     | ss_crawler | [repository] [repository] New listing created: bkbjpm
2026-04-26 01:03:33 | INFO     | ss_crawler | [scraper] [scraper] ✨ NEW: Processed: new
2026-04-26 01:03:33 | INFO     | ss_crawler | [crawler] [crawler] Fetching listing 2/30: https://www.ss.com/msg/lv/electronics/computers/completing-pc/video/biddmf.html
2026-04-26 01:03:37 | INFO     | ss_crawler | [repository] [repository] New listing created: biddmf
2026-04-26 01:03:37 | INFO     | ss_crawler | [scraper] [scraper] ✨ NEW: Processed: new
2026-04-26 01:03:37 | INFO     | ss_crawler | [crawler] [crawler] Fetching listing 3/30: https://www.ss.com/msg/lv/electronics/computers/completing-pc/video/fmflm.html
2026-04-26 01:03:40 | WARNING  | ss_crawler | [parser] [parser] No price found for https://www.ss.com/msg/lv/electronics/computers/completing-pc/video/fmflm.html
2026-04-26 01:03:40 | INFO     | ss_crawler | [repository] [repository] New listing created: fmflm
2026-04-26 01:03:40 | INFO     | ss_crawler | [scraper] [scraper] ❓ UNMATCHED: No GPU match found
2026-04-26 01:03:40 | INFO     | ss_crawler | [crawler] [crawler] Fetching listing 4/30: https://www.ss.com/msg/lv/electronics/computers/completing-pc/video/pplej.html
2026-04-26 01:03:43 | INFO     | ss_crawler | [repository] [repository] New listing created: pplej
2026-04-26 01:03:43 | INFO     | ss_crawler | [scraper] [scraper] ✨ NEW: Processed: new
2026-04-26 01:03:43 | INFO     | ss_crawler | [crawler] [crawler] Fetching listing 5/30: https://www.ss.com/msg/lv/electronics/computers/completing-pc/video/hbfnm.html
2026-04-26 01:03:46 | INFO     | ss_crawler | [repository] [repository] New listing created: hbfnm
2026-04-26 01:03:46 | INFO     | ss_crawler | [scraper] [scraper] ✨ NEW: Processed: new
2026-04-26 01:03:46 | INFO     | ss_crawler | [crawler] [crawler] Fetching listing 6/30: https://www.ss.com/msg/lv/electronics/computers/completing-pc/video/bknlje.html
2026-04-26 01:03:48 | INFO     | ss_crawler | [repository] [repository] New listing created: bknlje
2026-04-26 01:03:48 | INFO     | ss_crawler | [scraper] [scraper] ✨ NEW: Processed: new
2026-04-26 01:03:48 | INFO     | ss_crawler | [crawler] [crawler] Fetching listing 7/30: https://www.ss.com/msg/lv/electronics/computers/completing-pc/video/ecknb.html
2026-04-26 01:03:51 | INFO     | ss_crawler | [repository] [repository] New listing created: ecknb
2026-04-26 01:03:51 | INFO     | ss_crawler | [scraper] [scraper] ✨ NEW: Processed: new
2026-04-26 01:03:51 | INFO     | ss_crawler | [crawler] [crawler] Fetching listing 8/30: https://www.ss.com/msg/lv/electronics/computers/completing-pc/video/biedkx.html
2026-04-26 01:03:54 | INFO     | ss_crawler | [repository] [repository] New listing created: biedkx
2026-04-26 01:03:54 | INFO     | ss_crawler | [scraper] [scraper] ✨ NEW: Processed: new
2026-04-26 01:03:54 | INFO     | ss_crawler | [crawler] [crawler] Fetching listing 9/30: https://www.ss.com/msg/lv/electronics/computers/completing-pc/video/nhdnf.html
2026-04-26 01:03:56 | INFO     | ss_crawler | [repository] [repository] New listing created: nhdnf
2026-04-26 01:03:56 | INFO     | ss_crawler | [scraper] [scraper] ✨ NEW: Processed: new
2026-04-26 01:03:56 | INFO     | ss_crawler | [crawler] [crawler] Fetching listing 10/30: https://www.ss.com/msg/lv/electronics/computers/completing-pc/video/dfgnd.html
2026-04-26 01:03:59 | INFO     | ss_crawler | [repository] [repository] New listing created: dfgnd
2026-04-26 01:03:59 | INFO     | ss_crawler | [scraper] [scraper] ✨ NEW: Processed: new
2026-04-26 01:03:59 | INFO     | ss_crawler | [crawler] [crawler] Fetching listing 11/30: https://www.ss.com/msg/lv/electronics/computers/completing-pc/video/glgfb.html
2026-04-26 01:04:02 | INFO     | ss_crawler | [repository] [repository] New listing created: glgfb
2026-04-26 01:04:02 | INFO     | ss_crawler | [scraper] [scraper] ✨ NEW: Processed: new
2026-04-26 01:04:02 | INFO     | ss_crawler | [crawler] [crawler] Fetching listing 12/30: https://www.ss.com/msg/lv/electronics/computers/completing-pc/video/gminm.html
2026-04-26 01:04:04 | INFO     | ss_crawler | [repository] [repository] New listing created: gminm
2026-04-26 01:04:04 | INFO     | ss_crawler | [scraper] [scraper] ✨ NEW: Processed: new
2026-04-26 01:04:04 | INFO     | ss_crawler | [crawler] [crawler] Fetching listing 13/30: https://www.ss.com/msg/lv/electronics/computers/completing-pc/video/ppdbl.html
2026-04-26 01:04:07 | INFO     | ss_crawler | [repository] [repository] New listing created: ppdbl
2026-04-26 01:04:07 | INFO     | ss_crawler | [scraper] [scraper] ✨ NEW: Processed: new
2026-04-26 01:04:07 | INFO     | ss_crawler | [crawler] [crawler] Fetching listing 14/30: https://www.ss.com/msg/lv/electronics/computers/completing-pc/video/bopjpd.html
2026-04-26 01:04:10 | INFO     | ss_crawler | [repository] [repository] New listing created: bopjpd
2026-04-26 01:04:10 | INFO     | ss_crawler | [scraper] [scraper] ✨ NEW: Processed: new
2026-04-26 01:04:10 | INFO     | ss_crawler | [crawler] [crawler] Fetching listing 15/30: https://www.ss.com/msg/lv/electronics/computers/completing-pc/video/pdgbh.html
2026-04-26 01:04:12 | INFO     | ss_crawler | [repository] [repository] New listing created: pdgbh
2026-04-26 01:04:12 | INFO     | ss_crawler | [scraper] [scraper] ✨ NEW: Processed: new
2026-04-26 01:04:12 | INFO     | ss_crawler | [crawler] [crawler] Fetching listing 16/30: https://www.ss.com/msg/lv/electronics/computers/completing-pc/video/dkfio.html
2026-04-26 01:04:15 | INFO     | ss_crawler | [repository] [repository] New listing created: dkfio
2026-04-26 01:04:15 | INFO     | ss_crawler | [scraper] [scraper] ✨ NEW: Processed: new
2026-04-26 01:04:15 | INFO     | ss_crawler | [crawler] [crawler] Fetching listing 17/30: https://www.ss.com/msg/lv/electronics/computers/completing-pc/video/bxxfhm.html
2026-04-26 01:04:19 | INFO     | ss_crawler | [repository] [repository] New listing created: bxxfhm
2026-04-26 01:04:19 | INFO     | ss_crawler | [scraper] [scraper] ✨ NEW: Processed: new
2026-04-26 01:04:19 | INFO     | ss_crawler | [crawler] [crawler] Fetching listing 18/30: https://www.ss.com/msg/lv/electronics/computers/completing-pc/video/bjxkco.html
2026-04-26 01:04:22 | INFO     | ss_crawler | [repository] [repository] New listing created: bjxkco
2026-04-26 01:04:22 | INFO     | ss_crawler | [scraper] [scraper] ✨ NEW: Processed: new
2026-04-26 01:04:22 | INFO     | ss_crawler | [crawler] [crawler] Fetching listing 19/30: https://www.ss.com/msg/lv/electronics/computers/completing-pc/video/fdjpc.html
2026-04-26 01:04:25 | INFO     | ss_crawler | [repository] [repository] New listing created: fdjpc
2026-04-26 01:04:25 | INFO     | ss_crawler | [scraper] [scraper] ✨ NEW: Processed: new
2026-04-26 01:04:25 | INFO     | ss_crawler | [crawler] [crawler] Fetching listing 20/30: https://www.ss.com/msg/lv/electronics/computers/completing-pc/video/afbjl.html
2026-04-26 01:04:27 | INFO     | ss_crawler | [repository] [repository] Detected re-list: afbjl (was fdjpc)
2026-04-26 01:04:27 | INFO     | ss_crawler | [repository] [repository] New listing created: afbjl
2026-04-26 01:04:27 | INFO     | ss_crawler | [scraper] [scraper] ✨ NEW: Processed: new
2026-04-26 01:04:27 | INFO     | ss_crawler | [crawler] [crawler] Fetching listing 21/30: https://www.ss.com/msg/lv/electronics/computers/completing-pc/video/fbjhf.html
2026-04-26 01:04:30 | INFO     | ss_crawler | [repository] [repository] New listing created: fbjhf
2026-04-26 01:04:30 | INFO     | ss_crawler | [scraper] [scraper] ✨ NEW: Processed: new
2026-04-26 01:04:30 | INFO     | ss_crawler | [crawler] [crawler] Fetching listing 22/30: https://www.ss.com/msg/lv/electronics/computers/completing-pc/video/bolopi.html
2026-04-26 01:04:34 | INFO     | ss_crawler | [repository] [repository] New listing created: bolopi
2026-04-26 01:04:34 | INFO     | ss_crawler | [scraper] [scraper] ✨ NEW: Processed: new
2026-04-26 01:04:34 | INFO     | ss_crawler | [crawler] [crawler] Fetching listing 23/30: https://www.ss.com/msg/lv/electronics/computers/completing-pc/video/bkhdnd.html
2026-04-26 01:04:37 | INFO     | ss_crawler | [repository] [repository] New listing created: bkhdnd
2026-04-26 01:04:37 | INFO     | ss_crawler | [scraper] [scraper] ✨ NEW: Processed: new
2026-04-26 01:04:37 | INFO     | ss_crawler | [crawler] [crawler] Fetching listing 24/30: https://www.ss.com/msg/lv/electronics/computers/completing-pc/video/bjxcgx.html
2026-04-26 01:04:40 | INFO     | ss_crawler | [repository] [repository] New listing created: bjxcgx
2026-04-26 01:04:40 | INFO     | ss_crawler | [scraper] [scraper] ✨ NEW: Processed: new
2026-04-26 01:04:40 | INFO     | ss_crawler | [crawler] [crawler] Fetching listing 25/30: https://www.ss.com/msg/lv/electronics/computers/completing-pc/video/ppnen.html
2026-04-26 01:04:42 | INFO     | ss_crawler | [repository] [repository] New listing created: ppnen
2026-04-26 01:04:42 | INFO     | ss_crawler | [scraper] [scraper] ⚠️ LOW_CONFIDENCE: Match confidence 0.63 below threshold
2026-04-26 01:04:42 | INFO     | ss_crawler | [crawler] [crawler] Fetching listing 26/30: https://www.ss.com/msg/lv/electronics/computers/completing-pc/video/ppmpx.html
2026-04-26 01:04:43 | INFO     | ss_crawler | [repository] [repository] New listing created: ppmpx
2026-04-26 01:04:43 | INFO     | ss_crawler | [scraper] [scraper] ✨ NEW: Processed: new
2026-04-26 01:04:43 | INFO     | ss_crawler | [crawler] [crawler] Fetching listing 27/30: https://www.ss.com/msg/lv/electronics/computers/completing-pc/video/fglnb.html
2026-04-26 01:04:47 | INFO     | ss_crawler | [repository] [repository] New listing created: fglnb
2026-04-26 01:04:47 | INFO     | ss_crawler | [scraper] [scraper] ✨ NEW: Processed: new
2026-04-26 01:04:47 | INFO     | ss_crawler | [crawler] [crawler] Fetching listing 28/30: https://www.ss.com/msg/lv/electronics/computers/completing-pc/video/pdnij.html
2026-04-26 01:04:49 | INFO     | ss_crawler | [repository] [repository] New listing created: pdnij
2026-04-26 01:04:49 | INFO     | ss_crawler | [scraper] [scraper] ✨ NEW: Processed: new
2026-04-26 01:04:49 | INFO     | ss_crawler | [crawler] [crawler] Fetching listing 29/30: https://www.ss.com/msg/lv/electronics/computers/completing-pc/video/bjpiid.html
2026-04-26 01:04:52 | INFO     | ss_crawler | [repository] [repository] New listing created: bjpiid
2026-04-26 01:04:52 | INFO     | ss_crawler | [scraper] [scraper] ✨ NEW: Processed: new
2026-04-26 01:04:52 | INFO     | ss_crawler | [crawler] [crawler] Fetching listing 30/30: https://www.ss.com/msg/lv/electronics/computers/completing-pc/video/fpjhf.html
2026-04-26 01:04:56 | INFO     | ss_crawler | [repository] [repository] New listing created: fpjhf
2026-04-26 01:04:56 | INFO     | ss_crawler | [scraper] [scraper] ⚠️ LOW_CONFIDENCE: Match confidence 0.63 below threshold
2026-04-26 01:04:56 | INFO     | ss_crawler | [scraper] [scraper] 📄 Fetching category: https://www.ss.com/lv/electronics/computers/completing-pc/video/page2.html
2026-04-26 01:04:56 | INFO     | ss_crawler | [crawler] [crawler] Fetching category page: https://www.ss.com/lv/electronics/computers/completing-pc/video/page2.html
2026-04-26 01:04:58 | INFO     | ss_crawler | [parser] [parser] Found 30 listings on page
2026-04-26 01:04:58 | INFO     | ss_crawler | [scraper] [scraper] 🔍 Found 30 listings to process
2026-04-26 01:04:58 | INFO     | ss_crawler | [crawler] [crawler] Fetching listing 1/30: https://www.ss.com/msg/lv/electronics/computers/completing-pc/video/bolpdd.html
2026-04-26 01:05:00 | INFO     | ss_crawler | [repository] [repository] New listing created: bolpdd
2026-04-26 01:05:00 | INFO     | ss_crawler | [scraper] [scraper] ✨ NEW: Processed: new
2026-04-26 01:05:00 | INFO     | ss_crawler | [crawler] [crawler] Fetching listing 2/30: https://www.ss.com/msg/lv/electronics/computers/completing-pc/video/bxxinp.html
2026-04-26 01:05:03 | INFO     | ss_crawler | [repository] [repository] New listing created: bxxinp
2026-04-26 01:05:03 | INFO     | ss_crawler | [scraper] [scraper] ✨ NEW: Processed: new
2026-04-26 01:05:03 | INFO     | ss_crawler | [crawler] [crawler] Fetching listing 3/30: https://www.ss.com/msg/lv/electronics/computers/completing-pc/video/ppdme.html
2026-04-26 01:05:06 | INFO     | ss_crawler | [repository] [repository] New listing created: ppdme
2026-04-26 01:05:06 | INFO     | ss_crawler | [scraper] [scraper] ✨ NEW: Processed: new
2026-04-26 01:05:06 | INFO     | ss_crawler | [crawler] [crawler] Fetching listing 4/30: https://www.ss.com/msg/lv/electronics/computers/completing-pc/video/pcoep.html
2026-04-26 01:05:09 | INFO     | ss_crawler | [repository] [repository] New listing created: pcoep
2026-04-26 01:05:09 | INFO     | ss_crawler | [scraper] [scraper] ✨ NEW: Processed: new
2026-04-26 01:05:09 | INFO     | ss_crawler | [crawler] [crawler] Fetching listing 5/30: https://www.ss.com/msg/lv/electronics/computers/completing-pc/video/bolnip.html
2026-04-26 01:05:11 | INFO     | ss_crawler | [repository] [repository] New listing created: bolnip
2026-04-26 01:05:11 | INFO     | ss_crawler | [scraper] [scraper] ✨ NEW: Processed: new
2026-04-26 01:05:11 | INFO     | ss_crawler | [crawler] [crawler] Fetching listing 6/30: https://www.ss.com/msg/lv/electronics/computers/completing-pc/video/mxdbo.html
2026-04-26 01:05:14 | INFO     | ss_crawler | [repository] [repository] New listing created: mxdbo
2026-04-26 01:05:14 | INFO     | ss_crawler | [scraper] [scraper] ❓ UNMATCHED: No GPU match found
2026-04-26 01:05:14 | INFO     | ss_crawler | [crawler] [crawler] Fetching listing 7/30: https://www.ss.com/msg/lv/electronics/computers/completing-pc/video/bigjln.html
2026-04-26 01:05:16 | INFO     | ss_crawler | [repository] [repository] New listing created: bigjln
2026-04-26 01:05:16 | INFO     | ss_crawler | [scraper] [scraper] ✨ NEW: Processed: new
2026-04-26 01:05:16 | INFO     | ss_crawler | [crawler] [crawler] Fetching listing 8/30: https://www.ss.com/msg/lv/electronics/computers/completing-pc/video/bihehf.html
2026-04-26 01:05:18 | INFO     | ss_crawler | [repository] [repository] New listing created: bihehf
2026-04-26 01:05:18 | INFO     | ss_crawler | [scraper] [scraper] ✨ NEW: Processed: new
2026-04-26 01:05:18 | INFO     | ss_crawler | [crawler] [crawler] Fetching listing 9/30: https://www.ss.com/msg/lv/electronics/computers/completing-pc/video/ppfoj.html
2026-04-26 01:05:21 | INFO     | ss_crawler | [repository] [repository] New listing created: ppfoj
2026-04-26 01:05:21 | INFO     | ss_crawler | [scraper] [scraper] ✨ NEW: Processed: new
2026-04-26 01:05:21 | INFO     | ss_crawler | [crawler] [crawler] Fetching listing 10/30: https://www.ss.com/msg/lv/electronics/computers/completing-pc/video/bjlxfx.html
2026-04-26 01:05:24 | INFO     | ss_crawler | [repository] [repository] New listing created: bjlxfx
2026-04-26 01:05:24 | INFO     | ss_crawler | [scraper] [scraper] ✨ NEW: Processed: new
2026-04-26 01:05:24 | INFO     | ss_crawler | [crawler] [crawler] Fetching listing 11/30: https://www.ss.com/msg/lv/electronics/computers/completing-pc/video/plcfb.html
2026-04-26 01:05:27 | INFO     | ss_crawler | [repository] [repository] New listing created: plcfb
2026-04-26 01:05:27 | INFO     | ss_crawler | [scraper] [scraper] ✨ NEW: Processed: new
2026-04-26 01:05:27 | INFO     | ss_crawler | [crawler] [crawler] Fetching listing 12/30: https://www.ss.com/msg/lv/electronics/computers/completing-pc/video/lphik.html
2026-04-26 01:05:30 | INFO     | ss_crawler | [repository] [repository] New listing created: lphik
2026-04-26 01:05:30 | INFO     | ss_crawler | [scraper] [scraper] ✨ NEW: Processed: new
2026-04-26 01:05:30 | INFO     | ss_crawler | [crawler] [crawler] Fetching listing 13/30: https://www.ss.com/msg/lv/electronics/computers/completing-pc/video/bpxkmp.html
2026-04-26 01:05:34 | INFO     | ss_crawler | [repository] [repository] New listing created: bpxkmp
2026-04-26 01:05:34 | INFO     | ss_crawler | [scraper] [scraper] ✨ NEW: Processed: new
2026-04-26 01:05:34 | INFO     | ss_crawler | [crawler] [crawler] Fetching listing 14/30: https://www.ss.com/msg/lv/electronics/computers/completing-pc/video/mookn.html
2026-04-26 01:05:37 | INFO     | ss_crawler | [repository] [repository] New listing created: mookn
2026-04-26 01:05:37 | INFO     | ss_crawler | [scraper] [scraper] ✨ NEW: Processed: new
2026-04-26 01:05:37 | INFO     | ss_crawler | [crawler] [crawler] Fetching listing 15/30: https://www.ss.com/msg/lv/electronics/computers/completing-pc/video/bpbecm.html
2026-04-26 01:05:41 | INFO     | ss_crawler | [repository] [repository] New listing created: bpbecm
2026-04-26 01:05:41 | INFO     | ss_crawler | [scraper] [scraper] ✨ NEW: Processed: new
2026-04-26 01:05:41 | INFO     | ss_crawler | [crawler] [crawler] Fetching listing 16/30: https://www.ss.com/msg/lv/electronics/computers/completing-pc/video/pbgln.html
2026-04-26 01:05:43 | INFO     | ss_crawler | [repository] [repository] New listing created: pbgln
2026-04-26 01:05:43 | INFO     | ss_crawler | [scraper] [scraper] ✨ NEW: Processed: new
2026-04-26 01:05:43 | INFO     | ss_crawler | [crawler] [crawler] Fetching listing 17/30: https://www.ss.com/msg/lv/electronics/computers/completing-pc/video/ppmjm.html
2026-04-26 01:05:47 | INFO     | ss_crawler | [repository] [repository] New listing created: ppmjm
2026-04-26 01:05:47 | INFO     | ss_crawler | [scraper] [scraper] ✨ NEW: Processed: new
2026-04-26 01:05:47 | INFO     | ss_crawler | [crawler] [crawler] Fetching listing 18/30: https://www.ss.com/msg/lv/electronics/computers/completing-pc/video/bkmdoe.html
2026-04-26 01:05:49 | INFO     | ss_crawler | [repository] [repository] New listing created: bkmdoe
2026-04-26 01:05:49 | INFO     | ss_crawler | [scraper] [scraper] ✨ NEW: Processed: new
2026-04-26 01:05:49 | INFO     | ss_crawler | [crawler] [crawler] Fetching listing 19/30: https://www.ss.com/msg/lv/electronics/computers/completing-pc/video/bomxbe.html
2026-04-26 01:05:51 | INFO     | ss_crawler | [repository] [repository] New listing created: bomxbe
2026-04-26 01:05:51 | INFO     | ss_crawler | [scraper] [scraper] ✨ NEW: Processed: new
2026-04-26 01:05:51 | INFO     | ss_crawler | [crawler] [crawler] Fetching listing 20/30: https://www.ss.com/msg/lv/electronics/computers/completing-pc/video/nfhdf.html
2026-04-26 01:05:53 | INFO     | ss_crawler | [repository] [repository] New listing created: nfhdf
2026-04-26 01:05:53 | INFO     | ss_crawler | [scraper] [scraper] ✨ NEW: Processed: new
2026-04-26 01:05:53 | INFO     | ss_crawler | [crawler] [crawler] Fetching listing 21/30: https://www.ss.com/msg/lv/electronics/computers/completing-pc/video/lnhjd.html
2026-04-26 01:05:54 | INFO     | ss_crawler | [repository] [repository] New listing created: lnhjd
2026-04-26 01:05:54 | INFO     | ss_crawler | [scraper] [scraper] ✨ NEW: Processed: new
2026-04-26 01:05:54 | INFO     | ss_crawler | [crawler] [crawler] Fetching listing 22/30: https://www.ss.com/msg/lv/electronics/computers/completing-pc/video/pdnbi.html
2026-04-26 01:05:57 | INFO     | ss_crawler | [repository] [repository] New listing created: pdnbi
2026-04-26 01:05:57 | INFO     | ss_crawler | [scraper] [scraper] ✨ NEW: Processed: new
2026-04-26 01:05:57 | INFO     | ss_crawler | [crawler] [crawler] Fetching listing 23/30: https://www.ss.com/msg/lv/electronics/computers/completing-pc/video/fmeph.html
2026-04-26 01:06:01 | INFO     | ss_crawler | [repository] [repository] New listing created: fmeph
2026-04-26 01:06:01 | INFO     | ss_crawler | [scraper] [scraper] ✨ NEW: Processed: new
2026-04-26 01:06:01 | INFO     | ss_crawler | [crawler] [crawler] Fetching listing 24/30: https://www.ss.com/msg/lv/electronics/computers/completing-pc/video/bopmbp.html
2026-04-26 01:06:03 | INFO     | ss_crawler | [repository] [repository] New listing created: bopmbp
2026-04-26 01:06:03 | INFO     | ss_crawler | [scraper] [scraper] ✨ NEW: Processed: new
2026-04-26 01:06:03 | INFO     | ss_crawler | [crawler] [crawler] Fetching listing 25/30: https://www.ss.com/msg/lv/electronics/computers/completing-pc/video/cbxhnp.html
2026-04-26 01:06:04 | INFO     | ss_crawler | [repository] [repository] New listing created: cbxhnp
2026-04-26 01:06:04 | INFO     | ss_crawler | [scraper] [scraper] ✨ NEW: Processed: new
2026-04-26 01:06:04 | INFO     | ss_crawler | [crawler] [crawler] Fetching listing 26/30: https://www.ss.com/msg/lv/electronics/computers/completing-pc/video/fpxll.html
2026-04-26 01:06:07 | INFO     | ss_crawler | [repository] [repository] New listing created: fpxll
2026-04-26 01:06:07 | INFO     | ss_crawler | [scraper] [scraper] ⚠️ LOW_CONFIDENCE: Match confidence 0.60 below threshold
2026-04-26 01:06:07 | INFO     | ss_crawler | [crawler] [crawler] Fetching listing 27/30: https://www.ss.com/msg/lv/electronics/computers/completing-pc/video/ehnlp.html
2026-04-26 01:06:09 | INFO     | ss_crawler | [repository] [repository] New listing created: ehnlp
2026-04-26 01:06:09 | INFO     | ss_crawler | [scraper] [scraper] ✨ NEW: Processed: new
2026-04-26 01:06:09 | INFO     | ss_crawler | [crawler] [crawler] Fetching listing 28/30: https://www.ss.com/msg/lv/electronics/computers/completing-pc/video/bkfokg.html
2026-04-26 01:06:12 | INFO     | ss_crawler | [repository] [repository] New listing created: bkfokg
2026-04-26 01:06:12 | INFO     | ss_crawler | [scraper] [scraper] ✨ NEW: Processed: new
2026-04-26 01:06:12 | INFO     | ss_crawler | [crawler] [crawler] Fetching listing 29/30: https://www.ss.com/msg/lv/electronics/computers/completing-pc/video/pcodp.html
2026-04-26 01:06:15 | INFO     | ss_crawler | [repository] [repository] New listing created: pcodp
2026-04-26 01:06:15 | INFO     | ss_crawler | [scraper] [scraper] ✨ NEW: Processed: new
2026-04-26 01:06:15 | INFO     | ss_crawler | [crawler] [crawler] Fetching listing 30/30: https://www.ss.com/msg/lv/electronics/computers/completing-pc/video/loifj.html
2026-04-26 01:06:18 | INFO     | ss_crawler | [repository] [repository] New listing created: loifj
2026-04-26 01:06:18 | INFO     | ss_crawler | [scraper] [scraper] ✨ NEW: Processed: new
2026-04-26 01:06:18 | INFO     | ss_crawler | [scraper] [scraper] 📄 Fetching category: https://www.ss.com/lv/electronics/computers/completing-pc/video/page3.html
2026-04-26 01:06:18 | INFO     | ss_crawler | [crawler] [crawler] Fetching category page: https://www.ss.com/lv/electronics/computers/completing-pc/video/page3.html
2026-04-26 01:06:20 | INFO     | ss_crawler | [parser] [parser] Found 30 listings on page
2026-04-26 01:06:20 | INFO     | ss_crawler | [scraper] [scraper] 🔍 Found 30 listings to process
2026-04-26 01:06:20 | INFO     | ss_crawler | [crawler] [crawler] Fetching listing 1/30: https://www.ss.com/msg/lv/electronics/computers/completing-pc/video/mniox.html
2026-04-26 01:06:22 | INFO     | ss_crawler | [repository] [repository] New listing created: mniox
2026-04-26 01:06:22 | INFO     | ss_crawler | [scraper] [scraper] ✨ NEW: Processed: new
2026-04-26 01:06:22 | INFO     | ss_crawler | [crawler] [crawler] Fetching listing 2/30: https://www.ss.com/msg/lv/electronics/computers/completing-pc/video/biloio.html
2026-04-26 01:06:25 | INFO     | ss_crawler | [repository] [repository] New listing created: biloio
2026-04-26 01:06:25 | INFO     | ss_crawler | [scraper] [scraper] ✨ NEW: Processed: new
2026-04-26 01:06:25 | INFO     | ss_crawler | [crawler] [crawler] Fetching listing 3/30: https://www.ss.com/msg/lv/electronics/computers/completing-pc/video/bkghek.html
2026-04-26 01:06:28 | INFO     | ss_crawler | [repository] [repository] New listing created: bkghek
2026-04-26 01:06:28 | INFO     | ss_crawler | [scraper] [scraper] ✨ NEW: Processed: new
2026-04-26 01:06:28 | INFO     | ss_crawler | [crawler] [crawler] Fetching listing 4/30: https://www.ss.com/msg/lv/electronics/computers/completing-pc/video/bopnkk.html
2026-04-26 01:06:31 | INFO     | ss_crawler | [repository] [repository] New listing created: bopnkk
2026-04-26 01:06:31 | INFO     | ss_crawler | [scraper] [scraper] ✨ NEW: Processed: new
2026-04-26 01:06:31 | INFO     | ss_crawler | [crawler] [crawler] Fetching listing 5/30: https://www.ss.com/msg/lv/electronics/computers/completing-pc/video/nfhdj.html
2026-04-26 01:06:34 | INFO     | ss_crawler | [repository] [repository] New listing created: nfhdj
2026-04-26 01:06:34 | INFO     | ss_crawler | [scraper] [scraper] ✨ NEW: Processed: new
2026-04-26 01:06:34 | INFO     | ss_crawler | [crawler] [crawler] Fetching listing 6/30: https://www.ss.com/msg/lv/electronics/computers/completing-pc/video/bpxpie.html
2026-04-26 01:06:38 | INFO     | ss_crawler | [repository] [repository] New listing created: bpxpie
2026-04-26 01:06:38 | INFO     | ss_crawler | [scraper] [scraper] ✨ NEW: Processed: new
2026-04-26 01:06:38 | INFO     | ss_crawler | [crawler] [crawler] Fetching listing 7/30: https://www.ss.com/msg/lv/electronics/computers/completing-pc/video/biigbm.html
2026-04-26 01:06:41 | INFO     | ss_crawler | [repository] [repository] New listing created: biigbm
2026-04-26 01:06:41 | INFO     | ss_crawler | [scraper] [scraper] ✨ NEW: Processed: new
2026-04-26 01:06:41 | INFO     | ss_crawler | [crawler] [crawler] Fetching listing 8/30: https://www.ss.com/msg/lv/electronics/computers/completing-pc/video/fneho.html
2026-04-26 01:06:44 | INFO     | ss_crawler | [repository] [repository] New listing created: fneho
2026-04-26 01:06:44 | INFO     | ss_crawler | [scraper] [scraper] ✨ NEW: Processed: new
2026-04-26 01:06:44 | INFO     | ss_crawler | [crawler] [crawler] Fetching listing 9/30: https://www.ss.com/msg/lv/electronics/computers/completing-pc/video/niick.html
2026-04-26 01:06:47 | INFO     | ss_crawler | [repository] [repository] New listing created: niick
2026-04-26 01:06:47 | INFO     | ss_crawler | [scraper] [scraper] ❓ UNMATCHED: No GPU match found
2026-04-26 01:06:47 | INFO     | ss_crawler | [crawler] [crawler] Fetching listing 10/30: https://www.ss.com/msg/lv/electronics/computers/completing-pc/video/bjdxmb.html
2026-04-26 01:06:51 | INFO     | ss_crawler | [repository] [repository] New listing created: bjdxmb
2026-04-26 01:06:51 | INFO     | ss_crawler | [scraper] [scraper] ✨ NEW: Processed: new
2026-04-26 01:06:51 | INFO     | ss_crawler | [crawler] [crawler] Fetching listing 11/30: https://www.ss.com/msg/lv/electronics/computers/completing-pc/video/bigmde.html
2026-04-26 01:06:53 | INFO     | ss_crawler | [repository] [repository] New listing created: bigmde
2026-04-26 01:06:53 | INFO     | ss_crawler | [scraper] [scraper] ✨ NEW: Processed: new
2026-04-26 01:06:53 | INFO     | ss_crawler | [crawler] [crawler] Fetching listing 12/30: https://www.ss.com/msg/lv/electronics/computers/completing-pc/video/bijmep.html
2026-04-26 01:06:55 | INFO     | ss_crawler | [repository] [repository] New listing created: bijmep
2026-04-26 01:06:55 | INFO     | ss_crawler | [scraper] [scraper] ✨ NEW: Processed: new
2026-04-26 01:06:55 | INFO     | ss_crawler | [crawler] [crawler] Fetching listing 13/30: https://www.ss.com/msg/lv/electronics/computers/completing-pc/video/pdjhk.html
2026-04-26 01:06:57 | INFO     | ss_crawler | [repository] [repository] New listing created: pdjhk
2026-04-26 01:06:57 | INFO     | ss_crawler | [scraper] [scraper] ✨ NEW: Processed: new
2026-04-26 01:06:57 | INFO     | ss_crawler | [crawler] [crawler] Fetching listing 14/30: https://www.ss.com/msg/lv/electronics/computers/completing-pc/video/fdfml.html
2026-04-26 01:07:01 | INFO     | ss_crawler | [repository] [repository] New listing created: fdfml
2026-04-26 01:07:01 | INFO     | ss_crawler | [scraper] [scraper] ✨ NEW: Processed: new
2026-04-26 01:07:01 | INFO     | ss_crawler | [crawler] [crawler] Fetching listing 15/30: https://www.ss.com/msg/lv/electronics/computers/completing-pc/video/fjdej.html
2026-04-26 01:07:04 | INFO     | ss_crawler | [repository] [repository] New listing created: fjdej
2026-04-26 01:07:04 | INFO     | ss_crawler | [scraper] [scraper] ⚠️ LOW_CONFIDENCE: Match confidence 0.63 below threshold
2026-04-26 01:07:04 | INFO     | ss_crawler | [crawler] [crawler] Fetching listing 16/30: https://www.ss.com/msg/lv/electronics/computers/completing-pc/video/bkmnlc.html
2026-04-26 01:07:07 | INFO     | ss_crawler | [repository] [repository] New listing created: bkmnlc
2026-04-26 01:07:07 | INFO     | ss_crawler | [scraper] [scraper] ✨ NEW: Processed: new
2026-04-26 01:07:07 | INFO     | ss_crawler | [crawler] [crawler] Fetching listing 17/30: https://www.ss.com/msg/lv/electronics/computers/completing-pc/video/fjdox.html
2026-04-26 01:07:10 | INFO     | ss_crawler | [repository] [repository] New listing created: fjdox
2026-04-26 01:07:10 | INFO     | ss_crawler | [scraper] [scraper] ✨ NEW: Processed: new
2026-04-26 01:07:10 | INFO     | ss_crawler | [crawler] [crawler] Fetching listing 18/30: https://www.ss.com/msg/lv/electronics/computers/completing-pc/video/blgiel.html
2026-04-26 01:07:14 | INFO     | ss_crawler | [repository] [repository] New listing created: blgiel
2026-04-26 01:07:14 | INFO     | ss_crawler | [scraper] [scraper] ✨ NEW: Processed: new
2026-04-26 01:07:14 | INFO     | ss_crawler | [crawler] [crawler] Fetching listing 19/30: https://www.ss.com/msg/lv/electronics/computers/completing-pc/video/ebcgn.html
2026-04-26 01:07:17 | INFO     | ss_crawler | [repository] [repository] New listing created: ebcgn
2026-04-26 01:07:17 | INFO     | ss_crawler | [scraper] [scraper] ⚠️ LOW_CONFIDENCE: Match confidence 0.42 below threshold
2026-04-26 01:07:17 | INFO     | ss_crawler | [crawler] [crawler] Fetching listing 20/30: https://www.ss.com/msg/lv/electronics/computers/completing-pc/video/ppmhc.html
2026-04-26 01:07:20 | INFO     | ss_crawler | [repository] [repository] New listing created: ppmhc
2026-04-26 01:07:20 | INFO     | ss_crawler | [scraper] [scraper] ✨ NEW: Processed: new
2026-04-26 01:07:20 | INFO     | ss_crawler | [crawler] [crawler] Fetching listing 21/30: https://www.ss.com/msg/lv/electronics/computers/completing-pc/video/nhefi.html
2026-04-26 01:07:23 | INFO     | ss_crawler | [repository] [repository] New listing created: nhefi
2026-04-26 01:07:23 | INFO     | ss_crawler | [scraper] [scraper] ⚠️ LOW_CONFIDENCE: Match confidence 0.55 below threshold
2026-04-26 01:07:23 | INFO     | ss_crawler | [crawler] [crawler] Fetching listing 22/30: https://www.ss.com/msg/lv/electronics/computers/completing-pc/video/bkfomx.html
2026-04-26 01:07:26 | INFO     | ss_crawler | [repository] [repository] New listing created: bkfomx
2026-04-26 01:07:26 | INFO     | ss_crawler | [scraper] [scraper] ✨ NEW: Processed: new
2026-04-26 01:07:26 | INFO     | ss_crawler | [crawler] [crawler] Fetching listing 23/30: https://www.ss.com/msg/lv/electronics/computers/completing-pc/video/lpjic.html
2026-04-26 01:07:28 | INFO     | ss_crawler | [repository] [repository] New listing created: lpjic
2026-04-26 01:07:28 | INFO     | ss_crawler | [scraper] [scraper] ✨ NEW: Processed: new
2026-04-26 01:07:28 | INFO     | ss_crawler | [crawler] [crawler] Fetching listing 24/30: https://www.ss.com/msg/lv/electronics/computers/completing-pc/video/bihlfm.html
2026-04-26 01:07:31 | INFO     | ss_crawler | [repository] [repository] New listing created: bihlfm
2026-04-26 01:07:31 | INFO     | ss_crawler | [scraper] [scraper] ✨ NEW: Processed: new
2026-04-26 01:07:31 | INFO     | ss_crawler | [crawler] [crawler] Fetching listing 25/30: https://www.ss.com/msg/lv/electronics/computers/completing-pc/video/blbeol.html
2026-04-26 01:07:33 | INFO     | ss_crawler | [repository] [repository] New listing created: blbeol
2026-04-26 01:07:33 | INFO     | ss_crawler | [scraper] [scraper] ✨ NEW: Processed: new
2026-04-26 01:07:33 | INFO     | ss_crawler | [crawler] [crawler] Fetching listing 26/30: https://www.ss.com/msg/lv/electronics/computers/completing-pc/video/fenki.html
2026-04-26 01:07:35 | INFO     | ss_crawler | [repository] [repository] New listing created: fenki
2026-04-26 01:07:35 | INFO     | ss_crawler | [scraper] [scraper] ✨ NEW: Processed: new
2026-04-26 01:07:35 | INFO     | ss_crawler | [crawler] [crawler] Fetching listing 27/30: https://www.ss.com/msg/lv/electronics/computers/completing-pc/video/lnkjl.html
2026-04-26 01:07:36 | INFO     | ss_crawler | [repository] [repository] New listing created: lnkjl
2026-04-26 01:07:36 | INFO     | ss_crawler | [scraper] [scraper] ✨ NEW: Processed: new
2026-04-26 01:07:36 | INFO     | ss_crawler | [crawler] [crawler] Fetching listing 28/30: https://www.ss.com/msg/lv/electronics/computers/completing-pc/video/adggp.html
2026-04-26 01:07:38 | INFO     | ss_crawler | [repository] [repository] New listing created: adggp
2026-04-26 01:07:38 | INFO     | ss_crawler | [scraper] [scraper] ✨ NEW: Processed: new
2026-04-26 01:07:38 | INFO     | ss_crawler | [crawler] [crawler] Fetching listing 29/30: https://www.ss.com/msg/lv/electronics/computers/completing-pc/video/ndokf.html
2026-04-26 01:07:40 | INFO     | ss_crawler | [repository] [repository] New listing created: ndokf
2026-04-26 01:07:40 | INFO     | ss_crawler | [scraper] [scraper] ✨ NEW: Processed: new
2026-04-26 01:07:40 | INFO     | ss_crawler | [crawler] [crawler] Fetching listing 30/30: https://www.ss.com/msg/lv/electronics/computers/completing-pc/video/bkejlk.html
2026-04-26 01:07:43 | INFO     | ss_crawler | [repository] [repository] New listing created: bkejlk
2026-04-26 01:07:43 | INFO     | ss_crawler | [scraper] [scraper] ✨ NEW: Processed: new
2026-04-26 01:07:43 | INFO     | ss_crawler | [scraper] [scraper] 📄 Fetching category: https://www.ss.com/lv/electronics/computers/completing-pc/video/page4.html
2026-04-26 01:07:43 | INFO     | ss_crawler | [crawler] [crawler] Fetching category page: https://www.ss.com/lv/electronics/computers/completing-pc/video/page4.html
2026-04-26 01:07:45 | INFO     | ss_crawler | [parser] [parser] Found 30 listings on page
2026-04-26 01:07:45 | INFO     | ss_crawler | [scraper] [scraper] 🔍 Found 30 listings to process
2026-04-26 01:07:45 | INFO     | ss_crawler | [crawler] [crawler] Fetching listing 1/30: https://www.ss.com/msg/lv/electronics/computers/completing-pc/video/fcjgn.html
2026-04-26 01:07:48 | INFO     | ss_crawler | [repository] [repository] New listing created: fcjgn
2026-04-26 01:07:48 | INFO     | ss_crawler | [scraper] [scraper] ✨ NEW: Processed: new
2026-04-26 01:07:48 | INFO     | ss_crawler | [crawler] [crawler] Fetching listing 2/30: https://www.ss.com/msg/lv/electronics/computers/completing-pc/video/biohcc.html
2026-04-26 01:07:51 | INFO     | ss_crawler | [repository] [repository] New listing created: biohcc
2026-04-26 01:07:51 | INFO     | ss_crawler | [scraper] [scraper] ✨ NEW: Processed: new
2026-04-26 01:07:51 | INFO     | ss_crawler | [crawler] [crawler] Fetching listing 3/30: https://www.ss.com/msg/lv/electronics/computers/completing-pc/video/boploi.html
2026-04-26 01:07:54 | INFO     | ss_crawler | [repository] [repository] New listing created: boploi
2026-04-26 01:07:54 | INFO     | ss_crawler | [scraper] [scraper] ✨ NEW: Processed: new
2026-04-26 01:07:54 | INFO     | ss_crawler | [crawler] [crawler] Fetching listing 4/30: https://www.ss.com/msg/lv/electronics/computers/completing-pc/video/plodn.html
2026-04-26 01:07:57 | INFO     | ss_crawler | [repository] [repository] New listing created: plodn
2026-04-26 01:07:57 | INFO     | ss_crawler | [scraper] [scraper] ✨ NEW: Processed: new
2026-04-26 01:07:57 | INFO     | ss_crawler | [crawler] [crawler] Fetching listing 5/30: https://www.ss.com/msg/lv/electronics/computers/completing-pc/video/ppnec.html
2026-04-26 01:07:59 | INFO     | ss_crawler | [repository] [repository] New listing created: ppnec
2026-04-26 01:07:59 | INFO     | ss_crawler | [scraper] [scraper] ✨ NEW: Processed: new
2026-04-26 01:07:59 | INFO     | ss_crawler | [crawler] [crawler] Fetching listing 6/30: https://www.ss.com/msg/lv/electronics/computers/completing-pc/video/lmkjk.html
2026-04-26 01:08:02 | INFO     | ss_crawler | [repository] [repository] New listing created: lmkjk
2026-04-26 01:08:02 | INFO     | ss_crawler | [scraper] [scraper] ✨ NEW: Processed: new
2026-04-26 01:08:02 | INFO     | ss_crawler | [crawler] [crawler] Fetching listing 7/30: https://www.ss.com/msg/lv/electronics/computers/completing-pc/video/bpxxmd.html
2026-04-26 01:08:04 | INFO     | ss_crawler | [repository] [repository] New listing created: bpxxmd
2026-04-26 01:08:04 | INFO     | ss_crawler | [scraper] [scraper] ✨ NEW: Processed: new
2026-04-26 01:08:04 | INFO     | ss_crawler | [crawler] [crawler] Fetching listing 8/30: https://www.ss.com/msg/lv/electronics/computers/completing-pc/video/bkbied.html
2026-04-26 01:08:07 | INFO     | ss_crawler | [repository] [repository] New listing created: bkbied
2026-04-26 01:08:07 | INFO     | ss_crawler | [scraper] [scraper] ✨ NEW: Processed: new
2026-04-26 01:08:07 | INFO     | ss_crawler | [crawler] [crawler] Fetching listing 9/30: https://www.ss.com/msg/lv/electronics/computers/completing-pc/video/bjckoi.html
2026-04-26 01:08:11 | INFO     | ss_crawler | [repository] [repository] New listing created: bjckoi
2026-04-26 01:08:11 | INFO     | ss_crawler | [scraper] [scraper] ✨ NEW: Processed: new
2026-04-26 01:08:11 | INFO     | ss_crawler | [crawler] [crawler] Fetching listing 10/30: https://www.ss.com/msg/lv/electronics/computers/completing-pc/video/bolpxf.html
2026-04-26 01:08:13 | INFO     | ss_crawler | [repository] [repository] New listing created: bolpxf
2026-04-26 01:08:13 | INFO     | ss_crawler | [scraper] [scraper] ✨ NEW: Processed: new
2026-04-26 01:08:13 | INFO     | ss_crawler | [crawler] [crawler] Fetching listing 11/30: https://www.ss.com/msg/lv/electronics/computers/completing-pc/video/bkpnei.html
2026-04-26 01:08:16 | INFO     | ss_crawler | [repository] [repository] New listing created: bkpnei
2026-04-26 01:08:16 | INFO     | ss_crawler | [scraper] [scraper] ✨ NEW: Processed: new
2026-04-26 01:08:16 | INFO     | ss_crawler | [crawler] [crawler] Fetching listing 12/30: https://www.ss.com/msg/lv/electronics/computers/completing-pc/video/blijm.html
2026-04-26 01:08:20 | INFO     | ss_crawler | [repository] [repository] New listing created: blijm
2026-04-26 01:08:20 | INFO     | ss_crawler | [scraper] [scraper] ✨ NEW: Processed: new
2026-04-26 01:08:20 | INFO     | ss_crawler | [crawler] [crawler] Fetching listing 13/30: https://www.ss.com/msg/lv/electronics/computers/completing-pc/video/pxein.html
2026-04-26 01:08:23 | INFO     | ss_crawler | [repository] [repository] New listing created: pxein
2026-04-26 01:08:23 | INFO     | ss_crawler | [scraper] [scraper] ✨ NEW: Processed: new
2026-04-26 01:08:23 | INFO     | ss_crawler | [crawler] [crawler] Fetching listing 14/30: https://www.ss.com/msg/lv/electronics/computers/completing-pc/video/eodxl.html
2026-04-26 01:08:26 | INFO     | ss_crawler | [repository] [repository] New listing created: eodxl
2026-04-26 01:08:26 | INFO     | ss_crawler | [scraper] [scraper] ✨ NEW: Processed: new
2026-04-26 01:08:26 | INFO     | ss_crawler | [crawler] [crawler] Fetching listing 15/30: https://www.ss.com/msg/lv/electronics/computers/completing-pc/video/bxxkfh.html
2026-04-26 01:08:29 | INFO     | ss_crawler | [repository] [repository] New listing created: bxxkfh
2026-04-26 01:08:29 | INFO     | ss_crawler | [scraper] [scraper] ✨ NEW: Processed: new
2026-04-26 01:08:29 | INFO     | ss_crawler | [crawler] [crawler] Fetching listing 16/30: https://www.ss.com/msg/lv/electronics/computers/completing-pc/video/bopdxn.html
2026-04-26 01:08:32 | INFO     | ss_crawler | [repository] [repository] New listing created: bopdxn
2026-04-26 01:08:32 | INFO     | ss_crawler | [scraper] [scraper] ✨ NEW: Processed: new
2026-04-26 01:08:32 | INFO     | ss_crawler | [crawler] [crawler] Fetching listing 17/30: https://www.ss.com/msg/lv/electronics/computers/completing-pc/video/nhcjo.html
2026-04-26 01:08:34 | INFO     | ss_crawler | [repository] [repository] New listing created: nhcjo
2026-04-26 01:08:34 | INFO     | ss_crawler | [scraper] [scraper] ✨ NEW: Processed: new
2026-04-26 01:08:34 | INFO     | ss_crawler | [crawler] [crawler] Fetching listing 18/30: https://www.ss.com/msg/lv/electronics/computers/completing-pc/video/bpxffk.html
2026-04-26 01:08:37 | INFO     | ss_crawler | [repository] [repository] New listing created: bpxffk
2026-04-26 01:08:37 | INFO     | ss_crawler | [scraper] [scraper] ✨ NEW: Processed: new
2026-04-26 01:08:37 | INFO     | ss_crawler | [crawler] [crawler] Fetching listing 19/30: https://www.ss.com/msg/lv/electronics/computers/completing-pc/video/fjhjd.html
2026-04-26 01:08:39 | INFO     | ss_crawler | [repository] [repository] New listing created: fjhjd
2026-04-26 01:08:39 | INFO     | ss_crawler | [scraper] [scraper] ✨ NEW: Processed: new
2026-04-26 01:08:39 | INFO     | ss_crawler | [crawler] [crawler] Fetching listing 20/30: https://www.ss.com/msg/lv/electronics/computers/completing-pc/video/demjh.html
2026-04-26 01:08:41 | INFO     | ss_crawler | [repository] [repository] New listing created: demjh
2026-04-26 01:08:41 | INFO     | ss_crawler | [scraper] [scraper] ✨ NEW: Processed: new
2026-04-26 01:08:41 | INFO     | ss_crawler | [crawler] [crawler] Fetching listing 21/30: https://www.ss.com/msg/lv/electronics/computers/completing-pc/video/bigcpo.html
2026-04-26 01:08:44 | INFO     | ss_crawler | [repository] [repository] New listing created: bigcpo
2026-04-26 01:08:44 | INFO     | ss_crawler | [scraper] [scraper] ✨ NEW: Processed: new
2026-04-26 01:08:44 | INFO     | ss_crawler | [crawler] [crawler] Fetching listing 22/30: https://www.ss.com/msg/lv/electronics/computers/completing-pc/video/bkngle.html
2026-04-26 01:08:47 | INFO     | ss_crawler | [repository] [repository] New listing created: bkngle
2026-04-26 01:08:47 | INFO     | ss_crawler | [scraper] [scraper] ✨ NEW: Processed: new
2026-04-26 01:08:47 | INFO     | ss_crawler | [crawler] [crawler] Fetching listing 23/30: https://www.ss.com/msg/lv/electronics/computers/completing-pc/video/bjnehj.html
2026-04-26 01:08:49 | INFO     | ss_crawler | [repository] [repository] New listing created: bjnehj
2026-04-26 01:08:49 | INFO     | ss_crawler | [scraper] [scraper] ✨ NEW: Processed: new
2026-04-26 01:08:49 | INFO     | ss_crawler | [crawler] [crawler] Fetching listing 24/30: https://www.ss.com/msg/lv/electronics/computers/completing-pc/video/bpxffj.html
2026-04-26 01:08:51 | INFO     | ss_crawler | [repository] [repository] New listing created: bpxffj
2026-04-26 01:08:51 | INFO     | ss_crawler | [scraper] [scraper] ✨ NEW: Processed: new
2026-04-26 01:08:51 | INFO     | ss_crawler | [crawler] [crawler] Fetching listing 25/30: https://www.ss.com/msg/lv/electronics/computers/completing-pc/video/bpxcli.html
2026-04-26 01:08:54 | INFO     | ss_crawler | [repository] [repository] New listing created: bpxcli
2026-04-26 01:08:54 | INFO     | ss_crawler | [scraper] [scraper] ✨ NEW: Processed: new
2026-04-26 01:08:54 | INFO     | ss_crawler | [crawler] [crawler] Fetching listing 26/30: https://www.ss.com/msg/lv/electronics/computers/completing-pc/video/kiomc.html
2026-04-26 01:08:56 | INFO     | ss_crawler | [repository] [repository] New listing created: kiomc
2026-04-26 01:08:56 | INFO     | ss_crawler | [scraper] [scraper] ✨ NEW: Processed: new
2026-04-26 01:08:56 | INFO     | ss_crawler | [crawler] [crawler] Fetching listing 27/30: https://www.ss.com/msg/lv/electronics/computers/completing-pc/video/moghh.html
2026-04-26 01:08:59 | INFO     | ss_crawler | [repository] [repository] New listing created: moghh
2026-04-26 01:08:59 | INFO     | ss_crawler | [scraper] [scraper] ✨ NEW: Processed: new
2026-04-26 01:08:59 | INFO     | ss_crawler | [crawler] [crawler] Fetching listing 28/30: https://www.ss.com/msg/lv/electronics/computers/completing-pc/video/nexei.html
2026-04-26 01:09:03 | INFO     | ss_crawler | [repository] [repository] New listing created: nexei
2026-04-26 01:09:03 | INFO     | ss_crawler | [scraper] [scraper] ✨ NEW: Processed: new
2026-04-26 01:09:03 | INFO     | ss_crawler | [crawler] [crawler] Fetching listing 29/30: https://www.ss.com/msg/lv/electronics/computers/completing-pc/video/pdmno.html
2026-04-26 01:09:05 | INFO     | ss_crawler | [repository] [repository] New listing created: pdmno
2026-04-26 01:09:05 | INFO     | ss_crawler | [scraper] [scraper] ✨ NEW: Processed: new
2026-04-26 01:09:05 | INFO     | ss_crawler | [crawler] [crawler] Fetching listing 30/30: https://www.ss.com/msg/lv/electronics/computers/completing-pc/video/mbfxe.html
2026-04-26 01:09:09 | INFO     | ss_crawler | [repository] [repository] New listing created: mbfxe
2026-04-26 01:09:09 | INFO     | ss_crawler | [scraper] [scraper] ✨ NEW: Processed: new
2026-04-26 01:09:09 | INFO     | ss_crawler | [scraper] [scraper] 📄 Fetching category: https://www.ss.com/lv/electronics/computers/completing-pc/video/page5.html
2026-04-26 01:09:09 | INFO     | ss_crawler | [crawler] [crawler] Fetching category page: https://www.ss.com/lv/electronics/computers/completing-pc/video/page5.html
2026-04-26 01:09:13 | INFO     | ss_crawler | [parser] [parser] Found 23 listings on page
2026-04-26 01:09:13 | INFO     | ss_crawler | [scraper] [scraper] 🔍 Found 23 listings to process
2026-04-26 01:09:13 | INFO     | ss_crawler | [crawler] [crawler] Fetching listing 1/23: https://www.ss.com/msg/lv/electronics/computers/completing-pc/video/bolmid.html
2026-04-26 01:09:15 | INFO     | ss_crawler | [repository] [repository] New listing created: bolmid
2026-04-26 01:09:15 | INFO     | ss_crawler | [scraper] [scraper] ✨ NEW: Processed: new
2026-04-26 01:09:15 | INFO     | ss_crawler | [crawler] [crawler] Fetching listing 2/23: https://www.ss.com/msg/lv/electronics/computers/completing-pc/video/niijo.html
2026-04-26 01:09:19 | INFO     | ss_crawler | [repository] [repository] New listing created: niijo
2026-04-26 01:09:19 | INFO     | ss_crawler | [scraper] [scraper] ✨ NEW: Processed: new
2026-04-26 01:09:19 | INFO     | ss_crawler | [crawler] [crawler] Fetching listing 3/23: https://www.ss.com/msg/lv/electronics/computers/completing-pc/video/lipjd.html
2026-04-26 01:09:21 | INFO     | ss_crawler | [repository] [repository] New listing created: lipjd
2026-04-26 01:09:21 | INFO     | ss_crawler | [scraper] [scraper] ✨ NEW: Processed: new
2026-04-26 01:09:21 | INFO     | ss_crawler | [crawler] [crawler] Fetching listing 4/23: https://www.ss.com/msg/lv/electronics/computers/completing-pc/video/fcbbx.html
2026-04-26 01:09:24 | WARNING  | ss_crawler | [parser] [parser] No price found for https://www.ss.com/msg/lv/electronics/computers/completing-pc/video/fcbbx.html
2026-04-26 01:09:24 | INFO     | ss_crawler | [repository] [repository] New listing created: fcbbx
2026-04-26 01:09:24 | INFO     | ss_crawler | [scraper] [scraper] ✨ NEW: Processed: new
2026-04-26 01:09:24 | INFO     | ss_crawler | [crawler] [crawler] Fetching listing 5/23: https://www.ss.com/msg/lv/electronics/computers/completing-pc/video/lofxl.html
2026-04-26 01:09:27 | INFO     | ss_crawler | [repository] [repository] New listing created: lofxl
2026-04-26 01:09:27 | INFO     | ss_crawler | [scraper] [scraper] ✨ NEW: Processed: new
2026-04-26 01:09:27 | INFO     | ss_crawler | [crawler] [crawler] Fetching listing 6/23: https://www.ss.com/msg/lv/electronics/computers/completing-pc/video/ghocn.html
2026-04-26 01:09:29 | INFO     | ss_crawler | [repository] [repository] New listing created: ghocn
2026-04-26 01:09:29 | INFO     | ss_crawler | [scraper] [scraper] ⚠️ LOW_CONFIDENCE: Match confidence 0.45 below threshold
2026-04-26 01:09:29 | INFO     | ss_crawler | [crawler] [crawler] Fetching listing 7/23: https://www.ss.com/msg/lv/electronics/computers/completing-pc/video/bolmcl.html
2026-04-26 01:09:31 | INFO     | ss_crawler | [repository] [repository] New listing created: bolmcl
2026-04-26 01:09:31 | INFO     | ss_crawler | [scraper] [scraper] ✨ NEW: Processed: new
2026-04-26 01:09:31 | INFO     | ss_crawler | [crawler] [crawler] Fetching listing 8/23: https://www.ss.com/msg/lv/electronics/computers/completing-pc/video/pccxl.html
2026-04-26 01:09:34 | INFO     | ss_crawler | [repository] [repository] New listing created: pccxl
2026-04-26 01:09:34 | INFO     | ss_crawler | [scraper] [scraper] ✨ NEW: Processed: new
2026-04-26 01:09:34 | INFO     | ss_crawler | [crawler] [crawler] Fetching listing 9/23: https://www.ss.com/msg/lv/electronics/computers/completing-pc/video/pdmcp.html
2026-04-26 01:09:38 | INFO     | ss_crawler | [repository] [repository] New listing created: pdmcp
2026-04-26 01:09:38 | INFO     | ss_crawler | [scraper] [scraper] ✨ NEW: Processed: new
2026-04-26 01:09:38 | INFO     | ss_crawler | [crawler] [crawler] Fetching listing 10/23: https://www.ss.com/msg/lv/electronics/computers/completing-pc/video/mnjij.html
2026-04-26 01:09:41 | INFO     | ss_crawler | [repository] [repository] New listing created: mnjij
2026-04-26 01:09:41 | INFO     | ss_crawler | [scraper] [scraper] ✨ NEW: Processed: new
2026-04-26 01:09:41 | INFO     | ss_crawler | [crawler] [crawler] Fetching listing 11/23: https://www.ss.com/msg/lv/electronics/computers/completing-pc/video/bilnng.html
2026-04-26 01:09:43 | INFO     | ss_crawler | [repository] [repository] New listing created: bilnng
2026-04-26 01:09:43 | INFO     | ss_crawler | [scraper] [scraper] ✨ NEW: Processed: new
2026-04-26 01:09:43 | INFO     | ss_crawler | [crawler] [crawler] Fetching listing 12/23: https://www.ss.com/msg/lv/electronics/computers/completing-pc/video/pchlg.html
2026-04-26 01:09:46 | INFO     | ss_crawler | [repository] [repository] New listing created: pchlg
2026-04-26 01:09:46 | INFO     | ss_crawler | [scraper] [scraper] ✨ NEW: Processed: new
2026-04-26 01:09:46 | INFO     | ss_crawler | [crawler] [crawler] Fetching listing 13/23: https://www.ss.com/msg/lv/electronics/computers/completing-pc/video/bopjoo.html
2026-04-26 01:09:49 | INFO     | ss_crawler | [repository] [repository] New listing created: bopjoo
2026-04-26 01:09:49 | INFO     | ss_crawler | [scraper] [scraper] ✨ NEW: Processed: new
2026-04-26 01:09:49 | INFO     | ss_crawler | [crawler] [crawler] Fetching listing 14/23: https://www.ss.com/msg/lv/electronics/computers/completing-pc/video/bpxxio.html
2026-04-26 01:09:51 | INFO     | ss_crawler | [repository] [repository] New listing created: bpxxio
2026-04-26 01:09:51 | INFO     | ss_crawler | [scraper] [scraper] ✨ NEW: Processed: new
2026-04-26 01:09:51 | INFO     | ss_crawler | [crawler] [crawler] Fetching listing 15/23: https://www.ss.com/msg/lv/electronics/computers/completing-pc/video/bjbfmk.html
2026-04-26 01:09:53 | INFO     | ss_crawler | [repository] [repository] New listing created: bjbfmk
2026-04-26 01:09:53 | INFO     | ss_crawler | [scraper] [scraper] ✨ NEW: Processed: new
2026-04-26 01:09:53 | INFO     | ss_crawler | [crawler] [crawler] Fetching listing 16/23: https://www.ss.com/msg/lv/electronics/computers/completing-pc/video/bihngk.html
2026-04-26 01:09:56 | INFO     | ss_crawler | [repository] [repository] New listing created: bihngk
2026-04-26 01:09:56 | INFO     | ss_crawler | [scraper] [scraper] ✨ NEW: Processed: new
2026-04-26 01:09:56 | INFO     | ss_crawler | [crawler] [crawler] Fetching listing 17/23: https://www.ss.com/msg/lv/electronics/computers/completing-pc/video/nieie.html
2026-04-26 01:10:00 | INFO     | ss_crawler | [repository] [repository] New listing created: nieie
2026-04-26 01:10:00 | INFO     | ss_crawler | [scraper] [scraper] ✨ NEW: Processed: new
2026-04-26 01:10:00 | INFO     | ss_crawler | [crawler] [crawler] Fetching listing 18/23: https://www.ss.com/msg/lv/electronics/computers/completing-pc/video/bpbbfg.html
2026-04-26 01:10:02 | INFO     | ss_crawler | [repository] [repository] New listing created: bpbbfg
2026-04-26 01:10:02 | INFO     | ss_crawler | [scraper] [scraper] ✨ NEW: Processed: new
2026-04-26 01:10:02 | INFO     | ss_crawler | [crawler] [crawler] Fetching listing 19/23: https://www.ss.com/msg/lv/electronics/computers/completing-pc/video/bindxm.html
2026-04-26 01:10:05 | INFO     | ss_crawler | [repository] [repository] New listing created: bindxm
2026-04-26 01:10:05 | INFO     | ss_crawler | [scraper] [scraper] ✨ NEW: Processed: new
2026-04-26 01:10:05 | INFO     | ss_crawler | [crawler] [crawler] Fetching listing 20/23: https://www.ss.com/msg/lv/electronics/computers/completing-pc/video/pccif.html
2026-04-26 01:10:08 | INFO     | ss_crawler | [repository] [repository] New listing created: pccif
2026-04-26 01:10:08 | INFO     | ss_crawler | [scraper] [scraper] ✨ NEW: Processed: new
2026-04-26 01:10:08 | INFO     | ss_crawler | [crawler] [crawler] Fetching listing 21/23: https://www.ss.com/msg/lv/electronics/computers/completing-pc/video/bjjonm.html
2026-04-26 01:10:12 | INFO     | ss_crawler | [repository] [repository] New listing created: bjjonm
2026-04-26 01:10:12 | INFO     | ss_crawler | [scraper] [scraper] ✨ NEW: Processed: new
2026-04-26 01:10:12 | INFO     | ss_crawler | [crawler] [crawler] Fetching listing 22/23: https://www.ss.com/msg/lv/electronics/computers/completing-pc/video/pcegi.html
2026-04-26 01:10:15 | INFO     | ss_crawler | [repository] [repository] New listing created: pcegi
2026-04-26 01:10:15 | INFO     | ss_crawler | [scraper] [scraper] ✨ NEW: Processed: new
2026-04-26 01:10:15 | INFO     | ss_crawler | [crawler] [crawler] Fetching listing 23/23: https://www.ss.com/msg/lv/electronics/computers/completing-pc/video/ggjbx.html
2026-04-26 01:10:19 | INFO     | ss_crawler | [repository] [repository] New listing created: ggjbx
2026-04-26 01:10:19 | INFO     | ss_crawler | [scraper] [scraper] ✨ NEW: Processed: new
2026-04-26 01:10:19 | INFO     | ss_crawler | [scraper] [scraper] 📄 Page limit reached (5), stopping
2026-04-26 01:10:19 | INFO     | ss_crawler | [scraper] [scraper] ✅ Scraping completed successfully
2026-04-26 01:11:37 | INFO     | ss_crawler | [database] [database] Database connected: localhost:5433/ss_market
2026-04-26 01:11:38 | INFO     | ss_crawler | [crawler] [crawler] Fetching : https://www.ss.com/msg/lv/electronics/computers/completing-pc/cases/mohnn.html
2026-04-26 01:11:40 | INFO     | ss_crawler | [psu_matcher] [psu_matcher] PSUMatcher initialized with 2893 PSU references
2026-04-26 01:17:29 | INFO     | ss_crawler | [database] [database] Database connected: localhost:5433/ss_market
2026-04-26 01:17:29 | INFO     | ss_crawler | [crawler] [crawler] Fetching : https://www.ss.com/msg/lv/electronics/computers/completing-pc/cases/mohnn.html
2026-04-26 01:17:32 | INFO     | ss_crawler | [psu_matcher] [psu_matcher] PSUMatcher initialized with 2893 PSU references
2026-04-26 01:18:11 | INFO     | ss_crawler | [cpu_scraper] [cpu_scraper] Initializing CPU scraper...
2026-04-26 01:18:11 | INFO     | ss_crawler | [database] [database] Database connected: localhost:5433/ss_market
2026-04-26 01:18:11 | INFO     | ss_crawler | [cpu_scraper] [cpu_scraper] Database: postgresql+psycopg2://crawler:crawler_pass@localhost:5433/ss_market
2026-04-26 01:18:11 | INFO     | ss_crawler | [cpu_matcher] [cpu_matcher] CPUMatcher initialized with 5320 CPUs
2026-04-26 01:18:11 | INFO     | ss_crawler | [cpu_scraper] [cpu_scraper] Loaded 5320 CPU references
2026-04-26 01:18:11 | INFO     | ss_crawler | [cpu_scraper] [cpu_scraper] CPU scrape run started: ID 12
2026-04-26 01:18:11 | INFO     | ss_crawler | [cpu_scraper] [cpu_scraper] Fetching CPU category: https://www.ss.com/lv/electronics/computers/completing-pc/cpu/
2026-04-26 01:18:11 | INFO     | ss_crawler | [crawler] [crawler] Fetching CPU category page: https://www.ss.com/lv/electronics/computers/completing-pc/cpu/
2026-04-26 01:18:14 | INFO     | ss_crawler | [cpu_parser] [cpu_parser] Found 30 listings on page
2026-04-26 01:18:14 | INFO     | ss_crawler | [cpu_scraper] [cpu_scraper] Found 30 CPU listings to process
2026-04-26 01:18:14 | INFO     | ss_crawler | [crawler] [crawler] Fetching CPU listing 1/30: https://www.ss.com/msg/lv/electronics/computers/completing-pc/cpu/lodgk.html
2026-04-26 01:18:16 | INFO     | ss_crawler | [repository] [repository] New listing created: lodgk
2026-04-26 01:18:16 | INFO     | ss_crawler | [cpu_scraper] [cpu_scraper] NEW: Processed: new
2026-04-26 01:18:16 | INFO     | ss_crawler | [crawler] [crawler] Fetching CPU listing 2/30: https://www.ss.com/msg/lv/electronics/computers/completing-pc/cpu/pinee.html
2026-04-26 01:18:20 | INFO     | ss_crawler | [repository] [repository] New listing created: pinee
2026-04-26 01:18:20 | INFO     | ss_crawler | [cpu_scraper] [cpu_scraper] NEW: Processed: new
2026-04-26 01:18:20 | INFO     | ss_crawler | [crawler] [crawler] Fetching CPU listing 3/30: https://www.ss.com/msg/lv/electronics/computers/completing-pc/cpu/lcdnn.html
2026-04-26 01:18:23 | INFO     | ss_crawler | [repository] [repository] New listing created: lcdnn
2026-04-26 01:18:23 | INFO     | ss_crawler | [cpu_scraper] [cpu_scraper] NEW: Processed: new
2026-04-26 01:18:23 | INFO     | ss_crawler | [crawler] [crawler] Fetching CPU listing 4/30: https://www.ss.com/msg/lv/electronics/computers/completing-pc/cpu/lpfgm.html
2026-04-26 01:18:26 | INFO     | ss_crawler | [repository] [repository] New listing created: lpfgm
2026-04-26 01:18:26 | INFO     | ss_crawler | [cpu_scraper] [cpu_scraper] NEW: Processed: new
2026-04-26 01:18:26 | INFO     | ss_crawler | [crawler] [crawler] Fetching CPU listing 5/30: https://www.ss.com/msg/lv/electronics/computers/completing-pc/cpu/eggjp.html
2026-04-26 01:18:29 | INFO     | ss_crawler | [repository] [repository] New listing created: eggjp
2026-04-26 01:18:29 | INFO     | ss_crawler | [cpu_scraper] [cpu_scraper] UNMATCHED: No CPU match found
2026-04-26 01:18:29 | INFO     | ss_crawler | [crawler] [crawler] Fetching CPU listing 6/30: https://www.ss.com/msg/lv/electronics/computers/completing-pc/cpu/pmfbx.html
2026-04-26 01:18:32 | INFO     | ss_crawler | [repository] [repository] New listing created: pmfbx
2026-04-26 01:18:32 | INFO     | ss_crawler | [cpu_scraper] [cpu_scraper] NEW: Processed: new
2026-04-26 01:18:32 | INFO     | ss_crawler | [crawler] [crawler] Fetching CPU listing 7/30: https://www.ss.com/msg/lv/electronics/computers/completing-pc/cpu/loghc.html
2026-04-26 01:18:36 | INFO     | ss_crawler | [repository] [repository] New listing created: loghc
2026-04-26 01:18:36 | INFO     | ss_crawler | [cpu_scraper] [cpu_scraper] NEW: Processed: new
2026-04-26 01:18:36 | INFO     | ss_crawler | [crawler] [crawler] Fetching CPU listing 8/30: https://www.ss.com/msg/lv/electronics/computers/completing-pc/cpu/fncdp.html
2026-04-26 01:18:38 | INFO     | ss_crawler | [repository] [repository] New listing created: fncdp
2026-04-26 01:18:38 | INFO     | ss_crawler | [cpu_scraper] [cpu_scraper] NEW: Processed: new
2026-04-26 01:18:38 | INFO     | ss_crawler | [crawler] [crawler] Fetching CPU listing 9/30: https://www.ss.com/msg/lv/electronics/computers/completing-pc/cpu/khfbk.html
2026-04-26 01:18:40 | INFO     | ss_crawler | [repository] [repository] New listing created: khfbk
2026-04-26 01:18:40 | INFO     | ss_crawler | [cpu_scraper] [cpu_scraper] NEW: Processed: new
2026-04-26 01:18:40 | INFO     | ss_crawler | [crawler] [crawler] Fetching CPU listing 10/30: https://www.ss.com/msg/lv/electronics/computers/completing-pc/cpu/dckem.html
2026-04-26 01:18:43 | INFO     | ss_crawler | [repository] [repository] New listing created: dckem
2026-04-26 01:18:43 | INFO     | ss_crawler | [cpu_scraper] [cpu_scraper] NEW: Processed: new
2026-04-26 01:18:43 | INFO     | ss_crawler | [crawler] [crawler] Fetching CPU listing 11/30: https://www.ss.com/msg/lv/electronics/computers/completing-pc/cpu/pmbgm.html
2026-04-26 01:18:45 | INFO     | ss_crawler | [repository] [repository] New listing created: pmbgm
2026-04-26 01:18:45 | INFO     | ss_crawler | [cpu_scraper] [cpu_scraper] NEW: Processed: new
2026-04-26 01:18:45 | INFO     | ss_crawler | [crawler] [crawler] Fetching CPU listing 12/30: https://www.ss.com/msg/lv/electronics/computers/completing-pc/cpu/fbkdj.html
2026-04-26 01:18:47 | INFO     | ss_crawler | [repository] [repository] New listing created: fbkdj
2026-04-26 01:18:47 | INFO     | ss_crawler | [cpu_scraper] [cpu_scraper] NEW: Processed: new
2026-04-26 01:18:47 | INFO     | ss_crawler | [crawler] [crawler] Fetching CPU listing 13/30: https://www.ss.com/msg/lv/electronics/computers/completing-pc/cpu/hjxif.html
2026-04-26 01:18:49 | INFO     | ss_crawler | [repository] [repository] New listing created: hjxif
2026-04-26 01:18:49 | INFO     | ss_crawler | [cpu_scraper] [cpu_scraper] NEW: Processed: new
2026-04-26 01:18:49 | INFO     | ss_crawler | [crawler] [crawler] Fetching CPU listing 14/30: https://www.ss.com/msg/lv/electronics/computers/completing-pc/cpu/bmxhf.html
2026-04-26 01:18:51 | INFO     | ss_crawler | [repository] [repository] New listing created: bmxhf
2026-04-26 01:18:51 | INFO     | ss_crawler | [cpu_scraper] [cpu_scraper] NEW: Processed: new
2026-04-26 01:18:51 | INFO     | ss_crawler | [crawler] [crawler] Fetching CPU listing 15/30: https://www.ss.com/msg/lv/electronics/computers/completing-pc/cpu/ghfoj.html
2026-04-26 01:18:54 | INFO     | ss_crawler | [repository] [repository] New listing created: ghfoj
2026-04-26 01:18:54 | INFO     | ss_crawler | [cpu_scraper] [cpu_scraper] NEW: Processed: new
2026-04-26 01:18:54 | INFO     | ss_crawler | [crawler] [crawler] Fetching CPU listing 16/30: https://www.ss.com/msg/lv/electronics/computers/completing-pc/cpu/hjfbj.html
2026-04-26 01:18:57 | INFO     | ss_crawler | [repository] [repository] New listing created: hjfbj
2026-04-26 01:18:57 | INFO     | ss_crawler | [cpu_scraper] [cpu_scraper] NEW: Processed: new
2026-04-26 01:18:57 | INFO     | ss_crawler | [crawler] [crawler] Fetching CPU listing 17/30: https://www.ss.com/msg/lv/electronics/computers/completing-pc/cpu/fklkk.html
2026-04-26 01:19:00 | INFO     | ss_crawler | [repository] [repository] New listing created: fklkk
2026-04-26 01:19:00 | INFO     | ss_crawler | [cpu_scraper] [cpu_scraper] NEW: Processed: new
2026-04-26 01:19:00 | INFO     | ss_crawler | [crawler] [crawler] Fetching CPU listing 18/30: https://www.ss.com/msg/lv/electronics/computers/completing-pc/cpu/bopgjx.html
2026-04-26 01:19:03 | INFO     | ss_crawler | [repository] [repository] New listing created: bopgjx
2026-04-26 01:19:03 | INFO     | ss_crawler | [cpu_scraper] [cpu_scraper] NEW: Processed: new
2026-04-26 01:19:03 | INFO     | ss_crawler | [crawler] [crawler] Fetching CPU listing 19/30: https://www.ss.com/msg/lv/electronics/computers/completing-pc/cpu/klcci.html
2026-04-26 01:19:05 | INFO     | ss_crawler | [repository] [repository] New listing created: klcci
2026-04-26 01:19:05 | INFO     | ss_crawler | [cpu_scraper] [cpu_scraper] NEW: Processed: new
2026-04-26 01:19:05 | INFO     | ss_crawler | [crawler] [crawler] Fetching CPU listing 20/30: https://www.ss.com/msg/lv/electronics/computers/completing-pc/cpu/boonbo.html
2026-04-26 01:19:09 | INFO     | ss_crawler | [repository] [repository] New listing created: boonbo
2026-04-26 01:19:09 | INFO     | ss_crawler | [cpu_scraper] [cpu_scraper] NEW: Processed: new
2026-04-26 01:19:09 | INFO     | ss_crawler | [crawler] [crawler] Fetching CPU listing 21/30: https://www.ss.com/msg/lv/electronics/computers/completing-pc/cpu/fekmo.html
2026-04-26 01:19:11 | INFO     | ss_crawler | [repository] [repository] New listing created: fekmo
2026-04-26 01:19:11 | INFO     | ss_crawler | [cpu_scraper] [cpu_scraper] NEW: Processed: new
2026-04-26 01:19:11 | INFO     | ss_crawler | [crawler] [crawler] Fetching CPU listing 22/30: https://www.ss.com/msg/lv/electronics/computers/completing-pc/cpu/mcjfd.html
2026-04-26 01:19:13 | INFO     | ss_crawler | [repository] [repository] New listing created: mcjfd
2026-04-26 01:19:13 | INFO     | ss_crawler | [cpu_scraper] [cpu_scraper] NEW: Processed: new
2026-04-26 01:19:13 | INFO     | ss_crawler | [crawler] [crawler] Fetching CPU listing 23/30: https://www.ss.com/msg/lv/electronics/computers/completing-pc/cpu/mjflp.html
2026-04-26 01:19:16 | INFO     | ss_crawler | [repository] [repository] New listing created: mjflp
2026-04-26 01:19:16 | INFO     | ss_crawler | [cpu_scraper] [cpu_scraper] NEW: Processed: new
2026-04-26 01:19:16 | INFO     | ss_crawler | [crawler] [crawler] Fetching CPU listing 24/30: https://www.ss.com/msg/lv/electronics/computers/completing-pc/cpu/dclij.html
2026-04-26 01:19:19 | INFO     | ss_crawler | [repository] [repository] New listing created: dclij
2026-04-26 01:19:19 | INFO     | ss_crawler | [cpu_scraper] [cpu_scraper] NEW: Processed: new
2026-04-26 01:19:19 | INFO     | ss_crawler | [crawler] [crawler] Fetching CPU listing 25/30: https://www.ss.com/msg/lv/electronics/computers/completing-pc/cpu/lnmin.html
2026-04-26 01:19:22 | INFO     | ss_crawler | [repository] [repository] New listing created: lnmin
2026-04-26 01:19:22 | INFO     | ss_crawler | [cpu_scraper] [cpu_scraper] NEW: Processed: new
2026-04-26 01:19:22 | INFO     | ss_crawler | [crawler] [crawler] Fetching CPU listing 26/30: https://www.ss.com/msg/lv/electronics/computers/completing-pc/cpu/pmoec.html
2026-04-26 01:19:24 | INFO     | ss_crawler | [repository] [repository] New listing created: pmoec
2026-04-26 01:19:24 | INFO     | ss_crawler | [cpu_scraper] [cpu_scraper] NEW: Processed: new
2026-04-26 01:19:24 | INFO     | ss_crawler | [crawler] [crawler] Fetching CPU listing 27/30: https://www.ss.com/msg/lv/electronics/computers/completing-pc/cpu/fiome.html
2026-04-26 01:19:27 | INFO     | ss_crawler | [repository] [repository] New listing created: fiome
2026-04-26 01:19:27 | INFO     | ss_crawler | [cpu_scraper] [cpu_scraper] NEW: Processed: new
2026-04-26 01:19:27 | INFO     | ss_crawler | [crawler] [crawler] Fetching CPU listing 28/30: https://www.ss.com/msg/lv/electronics/computers/completing-pc/cpu/bopdgg.html
2026-04-26 01:19:29 | INFO     | ss_crawler | [repository] [repository] New listing created: bopdgg
2026-04-26 01:19:29 | INFO     | ss_crawler | [cpu_scraper] [cpu_scraper] NEW: Processed: new
2026-04-26 01:19:29 | INFO     | ss_crawler | [crawler] [crawler] Fetching CPU listing 29/30: https://www.ss.com/msg/lv/electronics/computers/completing-pc/cpu/boonbn.html
2026-04-26 01:19:32 | INFO     | ss_crawler | [repository] [repository] New listing created: boonbn
2026-04-26 01:19:32 | INFO     | ss_crawler | [cpu_scraper] [cpu_scraper] NEW: Processed: new
2026-04-26 01:19:32 | INFO     | ss_crawler | [crawler] [crawler] Fetching CPU listing 30/30: https://www.ss.com/msg/lv/electronics/computers/completing-pc/cpu/bopfio.html
2026-04-26 01:19:36 | INFO     | ss_crawler | [repository] [repository] New listing created: bopfio
2026-04-26 01:19:36 | INFO     | ss_crawler | [cpu_scraper] [cpu_scraper] NEW: Processed: new
2026-04-26 01:19:36 | INFO     | ss_crawler | [cpu_scraper] [cpu_scraper] Fetching CPU category: https://www.ss.com/lv/electronics/computers/completing-pc/cpu/page2.html
2026-04-26 01:19:36 | INFO     | ss_crawler | [crawler] [crawler] Fetching CPU category page: https://www.ss.com/lv/electronics/computers/completing-pc/cpu/page2.html
2026-04-26 01:19:38 | INFO     | ss_crawler | [cpu_parser] [cpu_parser] Found 30 listings on page
2026-04-26 01:19:38 | INFO     | ss_crawler | [cpu_scraper] [cpu_scraper] Found 30 CPU listings to process
2026-04-26 01:19:38 | INFO     | ss_crawler | [crawler] [crawler] Fetching CPU listing 1/30: https://www.ss.com/msg/lv/electronics/computers/completing-pc/cpu/fkdem.html
2026-04-26 01:19:41 | INFO     | ss_crawler | [repository] [repository] New listing created: fkdem
2026-04-26 01:19:41 | INFO     | ss_crawler | [cpu_scraper] [cpu_scraper] NEW: Processed: new
2026-04-26 01:19:41 | INFO     | ss_crawler | [crawler] [crawler] Fetching CPU listing 2/30: https://www.ss.com/msg/lv/electronics/computers/completing-pc/cpu/hifej.html
2026-04-26 01:19:43 | INFO     | ss_crawler | [repository] [repository] New listing created: hifej
2026-04-26 01:19:43 | INFO     | ss_crawler | [cpu_scraper] [cpu_scraper] NEW: Processed: new
2026-04-26 01:19:43 | INFO     | ss_crawler | [crawler] [crawler] Fetching CPU listing 3/30: https://www.ss.com/msg/lv/electronics/computers/completing-pc/cpu/bjkek.html
2026-04-26 01:19:45 | INFO     | ss_crawler | [repository] [repository] New listing created: bjkek
2026-04-26 01:19:45 | INFO     | ss_crawler | [cpu_scraper] [cpu_scraper] NEW: Processed: new
2026-04-26 01:19:45 | INFO     | ss_crawler | [crawler] [crawler] Fetching CPU listing 4/30: https://www.ss.com/msg/lv/electronics/computers/completing-pc/cpu/lpidm.html
2026-04-26 01:19:49 | INFO     | ss_crawler | [repository] [repository] New listing created: lpidm
2026-04-26 01:19:49 | INFO     | ss_crawler | [cpu_scraper] [cpu_scraper] NEW: Processed: new
2026-04-26 01:19:49 | INFO     | ss_crawler | [crawler] [crawler] Fetching CPU listing 5/30: https://www.ss.com/msg/lv/electronics/computers/completing-pc/cpu/boofpk.html
2026-04-26 01:19:51 | INFO     | ss_crawler | [repository] [repository] New listing created: boofpk
2026-04-26 01:19:51 | INFO     | ss_crawler | [cpu_scraper] [cpu_scraper] NEW: Processed: new
2026-04-26 01:19:51 | INFO     | ss_crawler | [crawler] [crawler] Fetching CPU listing 6/30: https://www.ss.com/msg/lv/electronics/computers/completing-pc/cpu/boopef.html
2026-04-26 01:19:53 | INFO     | ss_crawler | [repository] [repository] New listing created: boopef
2026-04-26 01:19:53 | INFO     | ss_crawler | [cpu_scraper] [cpu_scraper] NEW: Processed: new
2026-04-26 01:19:53 | INFO     | ss_crawler | [crawler] [crawler] Fetching CPU listing 7/30: https://www.ss.com/msg/lv/electronics/computers/completing-pc/cpu/boopej.html
2026-04-26 01:19:57 | INFO     | ss_crawler | [repository] [repository] New listing created: boopej
2026-04-26 01:19:57 | INFO     | ss_crawler | [cpu_scraper] [cpu_scraper] NEW: Processed: new
2026-04-26 01:19:57 | INFO     | ss_crawler | [crawler] [crawler] Fetching CPU listing 8/30: https://www.ss.com/msg/lv/electronics/computers/completing-pc/cpu/hjlpn.html
2026-04-26 01:19:59 | INFO     | ss_crawler | [repository] [repository] New listing created: hjlpn
2026-04-26 01:19:59 | INFO     | ss_crawler | [cpu_scraper] [cpu_scraper] NEW: Processed: new
2026-04-26 01:19:59 | INFO     | ss_crawler | [crawler] [crawler] Fetching CPU listing 9/30: https://www.ss.com/msg/lv/electronics/computers/completing-pc/cpu/mjgde.html
2026-04-26 01:20:01 | INFO     | ss_crawler | [repository] [repository] New listing created: mjgde
2026-04-26 01:20:01 | INFO     | ss_crawler | [cpu_scraper] [cpu_scraper] NEW: Processed: new
2026-04-26 01:20:01 | INFO     | ss_crawler | [crawler] [crawler] Fetching CPU listing 10/30: https://www.ss.com/msg/lv/electronics/computers/completing-pc/cpu/kojep.html
2026-04-26 01:20:04 | INFO     | ss_crawler | [repository] [repository] New listing created: kojep
2026-04-26 01:20:04 | INFO     | ss_crawler | [cpu_scraper] [cpu_scraper] NEW: Processed: new
2026-04-26 01:20:04 | INFO     | ss_crawler | [crawler] [crawler] Fetching CPU listing 11/30: https://www.ss.com/msg/lv/electronics/computers/completing-pc/cpu/gfgom.html
2026-04-26 01:20:07 | INFO     | ss_crawler | [repository] [repository] New listing created: gfgom
2026-04-26 01:20:07 | INFO     | ss_crawler | [cpu_scraper] [cpu_scraper] NEW: Processed: new
2026-04-26 01:20:07 | INFO     | ss_crawler | [crawler] [crawler] Fetching CPU listing 12/30: https://www.ss.com/msg/lv/electronics/computers/completing-pc/cpu/lomkj.html
2026-04-26 01:20:10 | INFO     | ss_crawler | [repository] [repository] New listing created: lomkj
2026-04-26 01:20:10 | INFO     | ss_crawler | [cpu_scraper] [cpu_scraper] NEW: Processed: new
2026-04-26 01:20:10 | INFO     | ss_crawler | [crawler] [crawler] Fetching CPU listing 13/30: https://www.ss.com/msg/lv/electronics/computers/completing-pc/cpu/fdbgn.html
2026-04-26 01:20:12 | INFO     | ss_crawler | [repository] [repository] New listing created: fdbgn
2026-04-26 01:20:12 | INFO     | ss_crawler | [cpu_scraper] [cpu_scraper] NEW: Processed: new
2026-04-26 01:20:12 | INFO     | ss_crawler | [crawler] [crawler] Fetching CPU listing 14/30: https://www.ss.com/msg/lv/electronics/computers/completing-pc/cpu/gbeji.html
2026-04-26 01:20:15 | WARNING  | ss_crawler | [cpu_parser] [cpu_parser] No price found for https://www.ss.com/msg/lv/electronics/computers/completing-pc/cpu/gbeji.html
2026-04-26 01:20:15 | INFO     | ss_crawler | [repository] [repository] New listing created: gbeji
2026-04-26 01:20:15 | INFO     | ss_crawler | [cpu_scraper] [cpu_scraper] NEW: Processed: new
2026-04-26 01:20:15 | INFO     | ss_crawler | [crawler] [crawler] Fetching CPU listing 15/30: https://www.ss.com/msg/lv/electronics/computers/completing-pc/cpu/epjix.html
2026-04-26 01:20:18 | INFO     | ss_crawler | [repository] [repository] New listing created: epjix
2026-04-26 01:20:19 | INFO     | ss_crawler | [cpu_scraper] [cpu_scraper] NEW: Processed: new
2026-04-26 01:20:19 | INFO     | ss_crawler | [crawler] [crawler] Fetching CPU listing 16/30: https://www.ss.com/msg/lv/electronics/computers/completing-pc/cpu/bxxipb.html
2026-04-26 01:20:21 | INFO     | ss_crawler | [repository] [repository] New listing created: bxxipb
2026-04-26 01:20:21 | INFO     | ss_crawler | [cpu_scraper] [cpu_scraper] NEW: Processed: new
2026-04-26 01:20:21 | INFO     | ss_crawler | [crawler] [crawler] Fetching CPU listing 17/30: https://www.ss.com/msg/lv/electronics/computers/completing-pc/cpu/bdxbjx.html
2026-04-26 01:20:25 | INFO     | ss_crawler | [repository] [repository] New listing created: bdxbjx
2026-04-26 01:20:25 | INFO     | ss_crawler | [cpu_scraper] [cpu_scraper] NEW: Processed: new
2026-04-26 01:20:25 | INFO     | ss_crawler | [crawler] [crawler] Fetching CPU listing 18/30: https://www.ss.com/msg/lv/electronics/computers/completing-pc/cpu/pkpxk.html
2026-04-26 01:20:28 | INFO     | ss_crawler | [repository] [repository] New listing created: pkpxk
2026-04-26 01:20:28 | INFO     | ss_crawler | [cpu_scraper] [cpu_scraper] NEW: Processed: new
2026-04-26 01:20:28 | INFO     | ss_crawler | [crawler] [crawler] Fetching CPU listing 19/30: https://www.ss.com/msg/lv/electronics/computers/completing-pc/cpu/fkbix.html
2026-04-26 01:20:30 | INFO     | ss_crawler | [repository] [repository] New listing created: fkbix
2026-04-26 01:20:30 | INFO     | ss_crawler | [cpu_scraper] [cpu_scraper] NEW: Processed: new
2026-04-26 01:20:30 | INFO     | ss_crawler | [crawler] [crawler] Fetching CPU listing 20/30: https://www.ss.com/msg/lv/electronics/computers/completing-pc/cpu/pindo.html
2026-04-26 01:20:32 | INFO     | ss_crawler | [repository] [repository] New listing created: pindo
2026-04-26 01:20:32 | INFO     | ss_crawler | [cpu_scraper] [cpu_scraper] NEW: Processed: new
2026-04-26 01:20:32 | INFO     | ss_crawler | [crawler] [crawler] Fetching CPU listing 21/30: https://www.ss.com/msg/lv/electronics/computers/completing-pc/cpu/pjlnl.html
2026-04-26 01:20:35 | INFO     | ss_crawler | [repository] [repository] New listing created: pjlnl
2026-04-26 01:20:35 | INFO     | ss_crawler | [cpu_scraper] [cpu_scraper] NEW: Processed: new
2026-04-26 01:20:35 | INFO     | ss_crawler | [crawler] [crawler] Fetching CPU listing 22/30: https://www.ss.com/msg/lv/electronics/computers/completing-pc/cpu/dgkgf.html
2026-04-26 01:20:38 | INFO     | ss_crawler | [repository] [repository] New listing created: dgkgf
2026-04-26 01:20:38 | INFO     | ss_crawler | [cpu_scraper] [cpu_scraper] NEW: Processed: new
2026-04-26 01:20:38 | INFO     | ss_crawler | [crawler] [crawler] Fetching CPU listing 23/30: https://www.ss.com/msg/lv/electronics/computers/completing-pc/cpu/logcg.html
2026-04-26 01:20:40 | INFO     | ss_crawler | [repository] [repository] New listing created: logcg
2026-04-26 01:20:40 | INFO     | ss_crawler | [cpu_scraper] [cpu_scraper] UNMATCHED: No CPU match found
2026-04-26 01:20:40 | INFO     | ss_crawler | [crawler] [crawler] Fetching CPU listing 24/30: https://www.ss.com/msg/lv/electronics/computers/completing-pc/cpu/pileb.html
2026-04-26 01:20:42 | INFO     | ss_crawler | [repository] [repository] New listing created: pileb
2026-04-26 01:20:42 | INFO     | ss_crawler | [cpu_scraper] [cpu_scraper] NEW: Processed: new
2026-04-26 01:20:42 | INFO     | ss_crawler | [crawler] [crawler] Fetching CPU listing 25/30: https://www.ss.com/msg/lv/electronics/computers/completing-pc/cpu/plnkm.html
2026-04-26 01:20:45 | INFO     | ss_crawler | [repository] [repository] New listing created: plnkm
2026-04-26 01:20:45 | INFO     | ss_crawler | [cpu_scraper] [cpu_scraper] NEW: Processed: new
2026-04-26 01:20:45 | INFO     | ss_crawler | [crawler] [crawler] Fetching CPU listing 26/30: https://www.ss.com/msg/lv/electronics/computers/completing-pc/cpu/blhdg.html
2026-04-26 01:20:47 | INFO     | ss_crawler | [repository] [repository] New listing created: blhdg
2026-04-26 01:20:47 | INFO     | ss_crawler | [cpu_scraper] [cpu_scraper] NEW: Processed: new
2026-04-26 01:20:47 | INFO     | ss_crawler | [crawler] [crawler] Fetching CPU listing 27/30: https://www.ss.com/msg/lv/electronics/computers/completing-pc/cpu/hgbnd.html
2026-04-26 01:20:50 | INFO     | ss_crawler | [repository] [repository] New listing created: hgbnd
2026-04-26 01:20:50 | INFO     | ss_crawler | [cpu_scraper] [cpu_scraper] NEW: Processed: new
2026-04-26 01:20:50 | INFO     | ss_crawler | [crawler] [crawler] Fetching CPU listing 28/30: https://www.ss.com/msg/lv/electronics/computers/completing-pc/cpu/mlhee.html
2026-04-26 01:20:53 | INFO     | ss_crawler | [repository] [repository] New listing created: mlhee
2026-04-26 01:20:53 | INFO     | ss_crawler | [cpu_scraper] [cpu_scraper] NEW: Processed: new
2026-04-26 01:20:53 | INFO     | ss_crawler | [crawler] [crawler] Fetching CPU listing 29/30: https://www.ss.com/msg/lv/electronics/computers/completing-pc/cpu/fcgbf.html
2026-04-26 01:20:56 | INFO     | ss_crawler | [repository] [repository] New listing created: fcgbf
2026-04-26 01:20:56 | INFO     | ss_crawler | [cpu_scraper] [cpu_scraper] NEW: Processed: new
2026-04-26 01:20:56 | INFO     | ss_crawler | [crawler] [crawler] Fetching CPU listing 30/30: https://www.ss.com/msg/lv/electronics/computers/completing-pc/cpu/nbbkn.html
2026-04-26 01:20:58 | INFO     | ss_crawler | [repository] [repository] New listing created: nbbkn
2026-04-26 01:20:58 | INFO     | ss_crawler | [cpu_scraper] [cpu_scraper] NEW: Processed: new
2026-04-26 01:20:58 | INFO     | ss_crawler | [cpu_scraper] [cpu_scraper] Fetching CPU category: https://www.ss.com/lv/electronics/computers/completing-pc/cpu/page3.html
2026-04-26 01:20:58 | INFO     | ss_crawler | [crawler] [crawler] Fetching CPU category page: https://www.ss.com/lv/electronics/computers/completing-pc/cpu/page3.html
2026-04-26 01:21:01 | INFO     | ss_crawler | [cpu_parser] [cpu_parser] Found 20 listings on page
2026-04-26 01:21:01 | INFO     | ss_crawler | [cpu_scraper] [cpu_scraper] Found 20 CPU listings to process
2026-04-26 01:21:01 | INFO     | ss_crawler | [crawler] [crawler] Fetching CPU listing 1/20: https://www.ss.com/msg/lv/electronics/computers/completing-pc/cpu/bopgmk.html
2026-04-26 01:21:03 | INFO     | ss_crawler | [repository] [repository] New listing created: bopgmk
2026-04-26 01:21:03 | INFO     | ss_crawler | [cpu_scraper] [cpu_scraper] NEW: Processed: new
2026-04-26 01:21:03 | INFO     | ss_crawler | [crawler] [crawler] Fetching CPU listing 2/20: https://www.ss.com/msg/lv/electronics/computers/completing-pc/cpu/ppkkp.html
2026-04-26 01:21:05 | INFO     | ss_crawler | [repository] [repository] New listing created: ppkkp
2026-04-26 01:21:05 | INFO     | ss_crawler | [cpu_scraper] [cpu_scraper] NEW: Processed: new
2026-04-26 01:21:05 | INFO     | ss_crawler | [crawler] [crawler] Fetching CPU listing 3/20: https://www.ss.com/msg/lv/electronics/computers/completing-pc/cpu/fnfhp.html
2026-04-26 01:21:08 | INFO     | ss_crawler | [repository] [repository] New listing created: fnfhp
2026-04-26 01:21:08 | INFO     | ss_crawler | [cpu_scraper] [cpu_scraper] NEW: Processed: new
2026-04-26 01:21:08 | INFO     | ss_crawler | [crawler] [crawler] Fetching CPU listing 4/20: https://www.ss.com/msg/lv/electronics/computers/completing-pc/cpu/ddodf.html
2026-04-26 01:21:09 | INFO     | ss_crawler | [repository] [repository] New listing created: ddodf
2026-04-26 01:21:09 | INFO     | ss_crawler | [cpu_scraper] [cpu_scraper] UNMATCHED: No CPU match found
2026-04-26 01:21:09 | INFO     | ss_crawler | [crawler] [crawler] Fetching CPU listing 5/20: https://www.ss.com/msg/lv/electronics/computers/completing-pc/cpu/pjjjf.html
2026-04-26 01:21:13 | INFO     | ss_crawler | [repository] [repository] New listing created: pjjjf
2026-04-26 01:21:13 | INFO     | ss_crawler | [cpu_scraper] [cpu_scraper] NEW: Processed: new
2026-04-26 01:21:13 | INFO     | ss_crawler | [crawler] [crawler] Fetching CPU listing 6/20: https://www.ss.com/msg/lv/electronics/computers/completing-pc/cpu/hjclf.html
2026-04-26 01:21:16 | INFO     | ss_crawler | [repository] [repository] New listing created: hjclf
2026-04-26 01:21:16 | INFO     | ss_crawler | [cpu_scraper] [cpu_scraper] NEW: Processed: new
2026-04-26 01:21:16 | INFO     | ss_crawler | [crawler] [crawler] Fetching CPU listing 7/20: https://www.ss.com/msg/lv/electronics/computers/completing-pc/cpu/mxdbf.html
2026-04-26 01:21:18 | INFO     | ss_crawler | [repository] [repository] New listing created: mxdbf
2026-04-26 01:21:18 | INFO     | ss_crawler | [cpu_scraper] [cpu_scraper] NEW: Processed: new
2026-04-26 01:21:18 | INFO     | ss_crawler | [crawler] [crawler] Fetching CPU listing 8/20: https://www.ss.com/msg/lv/electronics/computers/completing-pc/cpu/plcbd.html
2026-04-26 01:21:21 | INFO     | ss_crawler | [repository] [repository] New listing created: plcbd
2026-04-26 01:21:21 | INFO     | ss_crawler | [cpu_scraper] [cpu_scraper] NEW: Processed: new
2026-04-26 01:21:21 | INFO     | ss_crawler | [crawler] [crawler] Fetching CPU listing 9/20: https://www.ss.com/msg/lv/electronics/computers/completing-pc/cpu/plmlk.html
2026-04-26 01:21:24 | INFO     | ss_crawler | [repository] [repository] New listing created: plmlk
2026-04-26 01:21:24 | INFO     | ss_crawler | [cpu_scraper] [cpu_scraper] NEW: Processed: new
2026-04-26 01:21:24 | INFO     | ss_crawler | [crawler] [crawler] Fetching CPU listing 10/20: https://www.ss.com/msg/lv/electronics/computers/completing-pc/cpu/plpgi.html
2026-04-26 01:21:26 | INFO     | ss_crawler | [repository] [repository] New listing created: plpgi
2026-04-26 01:21:26 | INFO     | ss_crawler | [cpu_scraper] [cpu_scraper] NEW: Processed: new
2026-04-26 01:21:26 | INFO     | ss_crawler | [crawler] [crawler] Fetching CPU listing 11/20: https://www.ss.com/msg/lv/electronics/computers/completing-pc/cpu/hhoej.html
2026-04-26 01:21:28 | INFO     | ss_crawler | [repository] [repository] New listing created: hhoej
2026-04-26 01:21:28 | INFO     | ss_crawler | [cpu_scraper] [cpu_scraper] NEW: Processed: new
2026-04-26 01:21:28 | INFO     | ss_crawler | [crawler] [crawler] Fetching CPU listing 12/20: https://www.ss.com/msg/lv/electronics/computers/completing-pc/cpu/mkcnc.html
2026-04-26 01:21:30 | INFO     | ss_crawler | [repository] [repository] New listing created: mkcnc
2026-04-26 01:21:30 | INFO     | ss_crawler | [cpu_scraper] [cpu_scraper] NEW: Processed: new
2026-04-26 01:21:30 | INFO     | ss_crawler | [crawler] [crawler] Fetching CPU listing 13/20: https://www.ss.com/msg/lv/electronics/computers/completing-pc/cpu/edfcm.html
2026-04-26 01:21:33 | INFO     | ss_crawler | [repository] [repository] New listing created: edfcm
2026-04-26 01:21:33 | INFO     | ss_crawler | [cpu_scraper] [cpu_scraper] NEW: Processed: new
2026-04-26 01:21:33 | INFO     | ss_crawler | [crawler] [crawler] Fetching CPU listing 14/20: https://www.ss.com/msg/lv/electronics/computers/completing-pc/cpu/hcflh.html
2026-04-26 01:21:35 | INFO     | ss_crawler | [repository] [repository] New listing created: hcflh
2026-04-26 01:21:35 | INFO     | ss_crawler | [cpu_scraper] [cpu_scraper] NEW: Processed: new
2026-04-26 01:21:35 | INFO     | ss_crawler | [crawler] [crawler] Fetching CPU listing 15/20: https://www.ss.com/msg/lv/electronics/computers/completing-pc/cpu/hxnom.html
2026-04-26 01:21:38 | INFO     | ss_crawler | [repository] [repository] New listing created: hxnom
2026-04-26 01:21:38 | INFO     | ss_crawler | [cpu_scraper] [cpu_scraper] NEW: Processed: new
2026-04-26 01:21:38 | INFO     | ss_crawler | [crawler] [crawler] Fetching CPU listing 16/20: https://www.ss.com/msg/lv/electronics/computers/completing-pc/cpu/mlhin.html
2026-04-26 01:21:41 | INFO     | ss_crawler | [repository] [repository] New listing created: mlhin
2026-04-26 01:21:41 | INFO     | ss_crawler | [cpu_scraper] [cpu_scraper] NEW: Processed: new
2026-04-26 01:21:41 | INFO     | ss_crawler | [crawler] [crawler] Fetching CPU listing 17/20: https://www.ss.com/msg/lv/electronics/computers/completing-pc/cpu/bclpxm.html
2026-04-26 01:21:44 | INFO     | ss_crawler | [repository] [repository] New listing created: bclpxm
2026-04-26 01:21:44 | INFO     | ss_crawler | [cpu_scraper] [cpu_scraper] NEW: Processed: new
2026-04-26 01:21:44 | INFO     | ss_crawler | [crawler] [crawler] Fetching CPU listing 18/20: https://www.ss.com/msg/lv/electronics/computers/completing-pc/cpu/mfkod.html
2026-04-26 01:21:48 | INFO     | ss_crawler | [repository] [repository] New listing created: mfkod
2026-04-26 01:21:48 | INFO     | ss_crawler | [cpu_scraper] [cpu_scraper] NEW: Processed: new
2026-04-26 01:21:48 | INFO     | ss_crawler | [crawler] [crawler] Fetching CPU listing 19/20: https://www.ss.com/msg/lv/electronics/computers/completing-pc/cpu/lcdnm.html
2026-04-26 01:21:49 | INFO     | ss_crawler | [repository] [repository] New listing created: lcdnm
2026-04-26 01:21:49 | INFO     | ss_crawler | [cpu_scraper] [cpu_scraper] NEW: Processed: new
2026-04-26 01:21:49 | INFO     | ss_crawler | [crawler] [crawler] Fetching CPU listing 20/20: https://www.ss.com/msg/lv/electronics/computers/completing-pc/cpu/pmklp.html
2026-04-26 01:21:51 | INFO     | ss_crawler | [repository] [repository] New listing created: pmklp
2026-04-26 01:21:51 | INFO     | ss_crawler | [cpu_scraper] [cpu_scraper] NEW: Processed: new
2026-04-26 01:21:51 | INFO     | ss_crawler | [cpu_scraper] [cpu_scraper] Fetching CPU category: https://www.ss.com/lv/electronics/computers/completing-pc/cpu/page4.html
2026-04-26 01:21:51 | INFO     | ss_crawler | [crawler] [crawler] Fetching CPU category page: https://www.ss.com/lv/electronics/computers/completing-pc/cpu/page4.html
2026-04-26 01:21:54 | INFO     | ss_crawler | [cpu_parser] [cpu_parser] Found 30 listings on page
2026-04-26 01:21:54 | INFO     | ss_crawler | [cpu_scraper] [cpu_scraper] Found 30 CPU listings to process
2026-04-26 01:21:54 | INFO     | ss_crawler | [crawler] [crawler] Fetching CPU listing 1/30: https://www.ss.com/msg/lv/electronics/computers/completing-pc/cpu/lodgk.html
2026-04-26 01:21:55 | INFO     | ss_crawler | [cpu_scraper] [cpu_scraper] UNCHANGED: Processed: unchanged
2026-04-26 01:21:55 | INFO     | ss_crawler | [crawler] [crawler] Fetching CPU listing 2/30: https://www.ss.com/msg/lv/electronics/computers/completing-pc/cpu/pinee.html
2026-04-26 01:21:57 | INFO     | ss_crawler | [cpu_scraper] [cpu_scraper] UNCHANGED: Processed: unchanged
2026-04-26 01:21:57 | INFO     | ss_crawler | [crawler] [crawler] Fetching CPU listing 3/30: https://www.ss.com/msg/lv/electronics/computers/completing-pc/cpu/lcdnn.html
2026-04-26 01:21:59 | INFO     | ss_crawler | [cpu_scraper] [cpu_scraper] UNCHANGED: Processed: unchanged
2026-04-26 01:21:59 | INFO     | ss_crawler | [crawler] [crawler] Fetching CPU listing 4/30: https://www.ss.com/msg/lv/electronics/computers/completing-pc/cpu/lpfgm.html
2026-04-26 01:22:03 | INFO     | ss_crawler | [cpu_scraper] [cpu_scraper] UNCHANGED: Processed: unchanged
2026-04-26 01:22:03 | INFO     | ss_crawler | [crawler] [crawler] Fetching CPU listing 5/30: https://www.ss.com/msg/lv/electronics/computers/completing-pc/cpu/eggjp.html
2026-04-26 01:22:06 | INFO     | ss_crawler | [cpu_scraper] [cpu_scraper] UNMATCHED: No CPU match found
2026-04-26 01:22:06 | INFO     | ss_crawler | [crawler] [crawler] Fetching CPU listing 6/30: https://www.ss.com/msg/lv/electronics/computers/completing-pc/cpu/pmfbx.html
2026-04-26 01:22:09 | INFO     | ss_crawler | [cpu_scraper] [cpu_scraper] UNCHANGED: Processed: unchanged
2026-04-26 01:22:09 | INFO     | ss_crawler | [crawler] [crawler] Fetching CPU listing 7/30: https://www.ss.com/msg/lv/electronics/computers/completing-pc/cpu/loghc.html
2026-04-26 01:22:11 | INFO     | ss_crawler | [cpu_scraper] [cpu_scraper] UNCHANGED: Processed: unchanged
2026-04-26 01:22:11 | INFO     | ss_crawler | [crawler] [crawler] Fetching CPU listing 8/30: https://www.ss.com/msg/lv/electronics/computers/completing-pc/cpu/fncdp.html
2026-04-26 01:22:14 | INFO     | ss_crawler | [cpu_scraper] [cpu_scraper] UNCHANGED: Processed: unchanged
2026-04-26 01:22:14 | INFO     | ss_crawler | [crawler] [crawler] Fetching CPU listing 9/30: https://www.ss.com/msg/lv/electronics/computers/completing-pc/cpu/khfbk.html
2026-04-26 01:22:17 | INFO     | ss_crawler | [cpu_scraper] [cpu_scraper] UNCHANGED: Processed: unchanged
2026-04-26 01:22:17 | INFO     | ss_crawler | [crawler] [crawler] Fetching CPU listing 10/30: https://www.ss.com/msg/lv/electronics/computers/completing-pc/cpu/dckem.html
2026-04-26 01:22:20 | INFO     | ss_crawler | [cpu_scraper] [cpu_scraper] UNCHANGED: Processed: unchanged
2026-04-26 01:22:20 | INFO     | ss_crawler | [crawler] [crawler] Fetching CPU listing 11/30: https://www.ss.com/msg/lv/electronics/computers/completing-pc/cpu/pmbgm.html
2026-04-26 01:22:22 | INFO     | ss_crawler | [cpu_scraper] [cpu_scraper] UNCHANGED: Processed: unchanged
2026-04-26 01:22:22 | INFO     | ss_crawler | [crawler] [crawler] Fetching CPU listing 12/30: https://www.ss.com/msg/lv/electronics/computers/completing-pc/cpu/fbkdj.html
2026-04-26 01:22:24 | INFO     | ss_crawler | [cpu_scraper] [cpu_scraper] UNCHANGED: Processed: unchanged
2026-04-26 01:22:24 | INFO     | ss_crawler | [crawler] [crawler] Fetching CPU listing 13/30: https://www.ss.com/msg/lv/electronics/computers/completing-pc/cpu/hjxif.html
2026-04-26 01:22:28 | INFO     | ss_crawler | [cpu_scraper] [cpu_scraper] UNCHANGED: Processed: unchanged
2026-04-26 01:22:28 | INFO     | ss_crawler | [crawler] [crawler] Fetching CPU listing 14/30: https://www.ss.com/msg/lv/electronics/computers/completing-pc/cpu/bmxhf.html
2026-04-26 01:22:31 | INFO     | ss_crawler | [cpu_scraper] [cpu_scraper] UNCHANGED: Processed: unchanged
2026-04-26 01:22:31 | INFO     | ss_crawler | [crawler] [crawler] Fetching CPU listing 15/30: https://www.ss.com/msg/lv/electronics/computers/completing-pc/cpu/ghfoj.html
2026-04-26 01:22:34 | INFO     | ss_crawler | [cpu_scraper] [cpu_scraper] UNCHANGED: Processed: unchanged
2026-04-26 01:22:34 | INFO     | ss_crawler | [crawler] [crawler] Fetching CPU listing 16/30: https://www.ss.com/msg/lv/electronics/computers/completing-pc/cpu/hjfbj.html
2026-04-26 01:22:37 | INFO     | ss_crawler | [cpu_scraper] [cpu_scraper] UNCHANGED: Processed: unchanged
2026-04-26 01:22:37 | INFO     | ss_crawler | [crawler] [crawler] Fetching CPU listing 17/30: https://www.ss.com/msg/lv/electronics/computers/completing-pc/cpu/fklkk.html
2026-04-26 01:22:39 | INFO     | ss_crawler | [cpu_scraper] [cpu_scraper] UNCHANGED: Processed: unchanged
2026-04-26 01:22:39 | INFO     | ss_crawler | [crawler] [crawler] Fetching CPU listing 18/30: https://www.ss.com/msg/lv/electronics/computers/completing-pc/cpu/bopgjx.html
2026-04-26 01:22:41 | INFO     | ss_crawler | [cpu_scraper] [cpu_scraper] UNCHANGED: Processed: unchanged
2026-04-26 01:22:41 | INFO     | ss_crawler | [crawler] [crawler] Fetching CPU listing 19/30: https://www.ss.com/msg/lv/electronics/computers/completing-pc/cpu/klcci.html
2026-04-26 01:22:44 | INFO     | ss_crawler | [cpu_scraper] [cpu_scraper] UNCHANGED: Processed: unchanged
2026-04-26 01:22:44 | INFO     | ss_crawler | [crawler] [crawler] Fetching CPU listing 20/30: https://www.ss.com/msg/lv/electronics/computers/completing-pc/cpu/boonbo.html
2026-04-26 01:22:46 | INFO     | ss_crawler | [cpu_scraper] [cpu_scraper] UNCHANGED: Processed: unchanged
2026-04-26 01:22:46 | INFO     | ss_crawler | [crawler] [crawler] Fetching CPU listing 21/30: https://www.ss.com/msg/lv/electronics/computers/completing-pc/cpu/fekmo.html
2026-04-26 01:22:49 | INFO     | ss_crawler | [cpu_scraper] [cpu_scraper] UNCHANGED: Processed: unchanged
2026-04-26 01:22:49 | INFO     | ss_crawler | [crawler] [crawler] Fetching CPU listing 22/30: https://www.ss.com/msg/lv/electronics/computers/completing-pc/cpu/mcjfd.html
2026-04-26 01:22:52 | INFO     | ss_crawler | [cpu_scraper] [cpu_scraper] UNCHANGED: Processed: unchanged
2026-04-26 01:22:52 | INFO     | ss_crawler | [crawler] [crawler] Fetching CPU listing 23/30: https://www.ss.com/msg/lv/electronics/computers/completing-pc/cpu/mjflp.html
2026-04-26 01:22:55 | INFO     | ss_crawler | [cpu_scraper] [cpu_scraper] UNCHANGED: Processed: unchanged
2026-04-26 01:22:55 | INFO     | ss_crawler | [crawler] [crawler] Fetching CPU listing 24/30: https://www.ss.com/msg/lv/electronics/computers/completing-pc/cpu/dclij.html
2026-04-26 01:22:57 | INFO     | ss_crawler | [cpu_scraper] [cpu_scraper] UNCHANGED: Processed: unchanged
2026-04-26 01:22:57 | INFO     | ss_crawler | [crawler] [crawler] Fetching CPU listing 25/30: https://www.ss.com/msg/lv/electronics/computers/completing-pc/cpu/lnmin.html
2026-04-26 01:23:00 | INFO     | ss_crawler | [cpu_scraper] [cpu_scraper] UNCHANGED: Processed: unchanged
2026-04-26 01:23:00 | INFO     | ss_crawler | [crawler] [crawler] Fetching CPU listing 26/30: https://www.ss.com/msg/lv/electronics/computers/completing-pc/cpu/pmoec.html
2026-04-26 01:23:04 | INFO     | ss_crawler | [cpu_scraper] [cpu_scraper] UNCHANGED: Processed: unchanged
2026-04-26 01:23:04 | INFO     | ss_crawler | [crawler] [crawler] Fetching CPU listing 27/30: https://www.ss.com/msg/lv/electronics/computers/completing-pc/cpu/fiome.html
2026-04-26 01:23:07 | INFO     | ss_crawler | [cpu_scraper] [cpu_scraper] UNCHANGED: Processed: unchanged
2026-04-26 01:23:07 | INFO     | ss_crawler | [crawler] [crawler] Fetching CPU listing 28/30: https://www.ss.com/msg/lv/electronics/computers/completing-pc/cpu/bopdgg.html
2026-04-26 01:23:09 | INFO     | ss_crawler | [cpu_scraper] [cpu_scraper] UNCHANGED: Processed: unchanged
2026-04-26 01:23:09 | INFO     | ss_crawler | [crawler] [crawler] Fetching CPU listing 29/30: https://www.ss.com/msg/lv/electronics/computers/completing-pc/cpu/boonbn.html
2026-04-26 01:23:11 | INFO     | ss_crawler | [cpu_scraper] [cpu_scraper] UNCHANGED: Processed: unchanged
2026-04-26 01:23:11 | INFO     | ss_crawler | [crawler] [crawler] Fetching CPU listing 30/30: https://www.ss.com/msg/lv/electronics/computers/completing-pc/cpu/bopfio.html
2026-04-26 01:23:13 | INFO     | ss_crawler | [cpu_scraper] [cpu_scraper] UNCHANGED: Processed: unchanged
2026-04-26 01:23:13 | INFO     | ss_crawler | [cpu_scraper] [cpu_scraper] Fetching CPU category: https://www.ss.com/lv/electronics/computers/completing-pc/cpu/page5.html
2026-04-26 01:23:13 | INFO     | ss_crawler | [crawler] [crawler] Fetching CPU category page: https://www.ss.com/lv/electronics/computers/completing-pc/cpu/page5.html
2026-04-26 01:23:16 | INFO     | ss_crawler | [cpu_parser] [cpu_parser] Found 30 listings on page
2026-04-26 01:23:16 | INFO     | ss_crawler | [cpu_scraper] [cpu_scraper] Found 30 CPU listings to process
2026-04-26 01:23:16 | INFO     | ss_crawler | [crawler] [crawler] Fetching CPU listing 1/30: https://www.ss.com/msg/lv/electronics/computers/completing-pc/cpu/lodgk.html
2026-04-26 01:23:18 | INFO     | ss_crawler | [cpu_scraper] [cpu_scraper] UNCHANGED: Processed: unchanged
2026-04-26 01:23:18 | INFO     | ss_crawler | [crawler] [crawler] Fetching CPU listing 2/30: https://www.ss.com/msg/lv/electronics/computers/completing-pc/cpu/pinee.html
2026-04-26 01:23:20 | INFO     | ss_crawler | [cpu_scraper] [cpu_scraper] UNCHANGED: Processed: unchanged
2026-04-26 01:23:20 | INFO     | ss_crawler | [crawler] [crawler] Fetching CPU listing 3/30: https://www.ss.com/msg/lv/electronics/computers/completing-pc/cpu/lcdnn.html
2026-04-26 01:23:22 | INFO     | ss_crawler | [cpu_scraper] [cpu_scraper] UNCHANGED: Processed: unchanged
2026-04-26 01:23:22 | INFO     | ss_crawler | [crawler] [crawler] Fetching CPU listing 4/30: https://www.ss.com/msg/lv/electronics/computers/completing-pc/cpu/lpfgm.html
2026-04-26 01:23:26 | INFO     | ss_crawler | [cpu_scraper] [cpu_scraper] UNCHANGED: Processed: unchanged
2026-04-26 01:23:26 | INFO     | ss_crawler | [crawler] [crawler] Fetching CPU listing 5/30: https://www.ss.com/msg/lv/electronics/computers/completing-pc/cpu/eggjp.html
2026-04-26 01:23:28 | INFO     | ss_crawler | [cpu_scraper] [cpu_scraper] UNMATCHED: No CPU match found
2026-04-26 01:23:28 | INFO     | ss_crawler | [crawler] [crawler] Fetching CPU listing 6/30: https://www.ss.com/msg/lv/electronics/computers/completing-pc/cpu/pmfbx.html
2026-04-26 01:23:30 | INFO     | ss_crawler | [cpu_scraper] [cpu_scraper] UNCHANGED: Processed: unchanged
2026-04-26 01:23:30 | INFO     | ss_crawler | [crawler] [crawler] Fetching CPU listing 7/30: https://www.ss.com/msg/lv/electronics/computers/completing-pc/cpu/loghc.html
2026-04-26 01:23:32 | INFO     | ss_crawler | [cpu_scraper] [cpu_scraper] UNCHANGED: Processed: unchanged
2026-04-26 01:23:32 | INFO     | ss_crawler | [crawler] [crawler] Fetching CPU listing 8/30: https://www.ss.com/msg/lv/electronics/computers/completing-pc/cpu/fncdp.html
2026-04-26 01:23:35 | INFO     | ss_crawler | [cpu_scraper] [cpu_scraper] UNCHANGED: Processed: unchanged
2026-04-26 01:23:35 | INFO     | ss_crawler | [crawler] [crawler] Fetching CPU listing 9/30: https://www.ss.com/msg/lv/electronics/computers/completing-pc/cpu/khfbk.html
2026-04-26 01:23:37 | INFO     | ss_crawler | [cpu_scraper] [cpu_scraper] UNCHANGED: Processed: unchanged
2026-04-26 01:23:37 | INFO     | ss_crawler | [crawler] [crawler] Fetching CPU listing 10/30: https://www.ss.com/msg/lv/electronics/computers/completing-pc/cpu/dckem.html
2026-04-26 01:23:40 | INFO     | ss_crawler | [cpu_scraper] [cpu_scraper] UNCHANGED: Processed: unchanged
2026-04-26 01:23:40 | INFO     | ss_crawler | [crawler] [crawler] Fetching CPU listing 11/30: https://www.ss.com/msg/lv/electronics/computers/completing-pc/cpu/pmbgm.html
2026-04-26 01:23:44 | INFO     | ss_crawler | [cpu_scraper] [cpu_scraper] UNCHANGED: Processed: unchanged
2026-04-26 01:23:44 | INFO     | ss_crawler | [crawler] [crawler] Fetching CPU listing 12/30: https://www.ss.com/msg/lv/electronics/computers/completing-pc/cpu/fbkdj.html
2026-04-26 01:23:45 | INFO     | ss_crawler | [cpu_scraper] [cpu_scraper] UNCHANGED: Processed: unchanged
2026-04-26 01:23:45 | INFO     | ss_crawler | [crawler] [crawler] Fetching CPU listing 13/30: https://www.ss.com/msg/lv/electronics/computers/completing-pc/cpu/hjxif.html
2026-04-26 01:23:49 | INFO     | ss_crawler | [cpu_scraper] [cpu_scraper] UNCHANGED: Processed: unchanged
2026-04-26 01:23:49 | INFO     | ss_crawler | [crawler] [crawler] Fetching CPU listing 14/30: https://www.ss.com/msg/lv/electronics/computers/completing-pc/cpu/bmxhf.html
2026-04-26 01:23:51 | INFO     | ss_crawler | [cpu_scraper] [cpu_scraper] UNCHANGED: Processed: unchanged
2026-04-26 01:23:51 | INFO     | ss_crawler | [crawler] [crawler] Fetching CPU listing 15/30: https://www.ss.com/msg/lv/electronics/computers/completing-pc/cpu/ghfoj.html
2026-04-26 01:23:53 | INFO     | ss_crawler | [cpu_scraper] [cpu_scraper] UNCHANGED: Processed: unchanged
2026-04-26 01:23:53 | INFO     | ss_crawler | [crawler] [crawler] Fetching CPU listing 16/30: https://www.ss.com/msg/lv/electronics/computers/completing-pc/cpu/hjfbj.html
2026-04-26 01:23:55 | INFO     | ss_crawler | [cpu_scraper] [cpu_scraper] UNCHANGED: Processed: unchanged
2026-04-26 01:23:55 | INFO     | ss_crawler | [crawler] [crawler] Fetching CPU listing 17/30: https://www.ss.com/msg/lv/electronics/computers/completing-pc/cpu/fklkk.html
2026-04-26 01:23:57 | INFO     | ss_crawler | [cpu_scraper] [cpu_scraper] UNCHANGED: Processed: unchanged
2026-04-26 01:23:57 | INFO     | ss_crawler | [crawler] [crawler] Fetching CPU listing 18/30: https://www.ss.com/msg/lv/electronics/computers/completing-pc/cpu/bopgjx.html
2026-04-26 01:24:00 | INFO     | ss_crawler | [cpu_scraper] [cpu_scraper] UNCHANGED: Processed: unchanged
2026-04-26 01:24:00 | INFO     | ss_crawler | [crawler] [crawler] Fetching CPU listing 19/30: https://www.ss.com/msg/lv/electronics/computers/completing-pc/cpu/klcci.html
2026-04-26 01:24:02 | INFO     | ss_crawler | [cpu_scraper] [cpu_scraper] UNCHANGED: Processed: unchanged
2026-04-26 01:24:02 | INFO     | ss_crawler | [crawler] [crawler] Fetching CPU listing 20/30: https://www.ss.com/msg/lv/electronics/computers/completing-pc/cpu/boonbo.html
2026-04-26 01:24:05 | INFO     | ss_crawler | [cpu_scraper] [cpu_scraper] UNCHANGED: Processed: unchanged
2026-04-26 01:24:05 | INFO     | ss_crawler | [crawler] [crawler] Fetching CPU listing 21/30: https://www.ss.com/msg/lv/electronics/computers/completing-pc/cpu/fekmo.html
2026-04-26 01:24:07 | INFO     | ss_crawler | [cpu_scraper] [cpu_scraper] UNCHANGED: Processed: unchanged
2026-04-26 01:24:07 | INFO     | ss_crawler | [crawler] [crawler] Fetching CPU listing 22/30: https://www.ss.com/msg/lv/electronics/computers/completing-pc/cpu/mcjfd.html
2026-04-26 01:24:10 | INFO     | ss_crawler | [cpu_scraper] [cpu_scraper] UNCHANGED: Processed: unchanged
2026-04-26 01:24:10 | INFO     | ss_crawler | [crawler] [crawler] Fetching CPU listing 23/30: https://www.ss.com/msg/lv/electronics/computers/completing-pc/cpu/mjflp.html
2026-04-26 01:24:13 | INFO     | ss_crawler | [cpu_scraper] [cpu_scraper] UNCHANGED: Processed: unchanged
2026-04-26 01:24:13 | INFO     | ss_crawler | [crawler] [crawler] Fetching CPU listing 24/30: https://www.ss.com/msg/lv/electronics/computers/completing-pc/cpu/dclij.html
2026-04-26 01:24:15 | INFO     | ss_crawler | [cpu_scraper] [cpu_scraper] UNCHANGED: Processed: unchanged
2026-04-26 01:24:15 | INFO     | ss_crawler | [crawler] [crawler] Fetching CPU listing 25/30: https://www.ss.com/msg/lv/electronics/computers/completing-pc/cpu/lnmin.html
2026-04-26 01:24:19 | INFO     | ss_crawler | [cpu_scraper] [cpu_scraper] UNCHANGED: Processed: unchanged
2026-04-26 01:24:19 | INFO     | ss_crawler | [crawler] [crawler] Fetching CPU listing 26/30: https://www.ss.com/msg/lv/electronics/computers/completing-pc/cpu/pmoec.html
2026-04-26 01:24:21 | INFO     | ss_crawler | [cpu_scraper] [cpu_scraper] UNCHANGED: Processed: unchanged
2026-04-26 01:24:21 | INFO     | ss_crawler | [crawler] [crawler] Fetching CPU listing 27/30: https://www.ss.com/msg/lv/electronics/computers/completing-pc/cpu/fiome.html
2026-04-26 01:24:23 | INFO     | ss_crawler | [cpu_scraper] [cpu_scraper] UNCHANGED: Processed: unchanged
2026-04-26 01:24:23 | INFO     | ss_crawler | [crawler] [crawler] Fetching CPU listing 28/30: https://www.ss.com/msg/lv/electronics/computers/completing-pc/cpu/bopdgg.html
2026-04-26 01:24:26 | INFO     | ss_crawler | [cpu_scraper] [cpu_scraper] UNCHANGED: Processed: unchanged
2026-04-26 01:24:26 | INFO     | ss_crawler | [crawler] [crawler] Fetching CPU listing 29/30: https://www.ss.com/msg/lv/electronics/computers/completing-pc/cpu/boonbn.html
2026-04-26 01:24:28 | INFO     | ss_crawler | [cpu_scraper] [cpu_scraper] UNCHANGED: Processed: unchanged
2026-04-26 01:24:28 | INFO     | ss_crawler | [crawler] [crawler] Fetching CPU listing 30/30: https://www.ss.com/msg/lv/electronics/computers/completing-pc/cpu/bopfio.html
2026-04-26 01:24:31 | INFO     | ss_crawler | [cpu_scraper] [cpu_scraper] UNCHANGED: Processed: unchanged
2026-04-26 01:24:31 | INFO     | ss_crawler | [cpu_scraper] [cpu_scraper] Page limit reached (5), stopping
2026-04-26 01:24:31 | INFO     | ss_crawler | [cpu_scraper] [cpu_scraper] CPU scraping completed successfully
2026-04-26 01:25:44 | INFO     | ss_crawler | [database] [database] Database connected: localhost:5433/ss_market
2026-04-26 01:25:44 | INFO     | ss_crawler | [crawler] [crawler] Fetching : https://www.ss.com/msg/lv/electronics/computers/completing-pc/cases/mohnn.html
2026-04-26 01:25:46 | INFO     | ss_crawler | [psu_matcher] [psu_matcher] PSUMatcher initialized with 2893 PSU references
2026-04-26 01:28:00 | INFO     | ss_crawler | [ssd_scraper] [ssd_scraper] Initializing SSD scraper...
2026-04-26 01:28:00 | INFO     | ss_crawler | [database] [database] Database connected: localhost:5433/ss_market
2026-04-26 01:28:00 | INFO     | ss_crawler | [ssd_scraper] [ssd_scraper] Database: postgresql+psycopg2://crawler:crawler_pass@localhost:5433/ss_market
2026-04-26 01:28:00 | INFO     | ss_crawler | [ssd_matcher] [ssd_matcher] SSDMatcher initialized with 2450 SSDs
2026-04-26 01:28:00 | INFO     | ss_crawler | [ssd_scraper] [ssd_scraper] Loaded 2450 SSD references
2026-04-26 01:28:00 | INFO     | ss_crawler | [ssd_scraper] [ssd_scraper] Starting SSD scraper from https://www.ss.com/lv/electronics/computers/completing-pc/ssd/
2026-04-26 01:28:00 | INFO     | ss_crawler | [ssd_scraper] [ssd_scraper] Fetching page 1: https://www.ss.com/lv/electronics/computers/completing-pc/ssd/
2026-04-26 01:28:00 | INFO     | ss_crawler | [crawler] [crawler] Fetching : https://www.ss.com/lv/electronics/computers/completing-pc/ssd/
2026-04-26 01:28:03 | INFO     | ss_crawler | [ssd_scraper] [ssd_scraper] Found 32 listings on page 1, 32 new
2026-04-26 01:28:03 | INFO     | ss_crawler | [crawler] [crawler] Fetching : https://www.ss.com/msg/lv/electronics/computers/completing-pc/ssd/bomngi.html
2026-04-26 01:28:06 | INFO     | ss_crawler | [ssd_scraper] [ssd_scraper] Matched bomngi: Kingston A400 (100% confidence)
2026-04-26 01:28:06 | INFO     | ss_crawler | [ssd_scraper] [ssd_scraper] ✅ bomngi: New
2026-04-26 01:28:06 | INFO     | ss_crawler | [crawler] [crawler] Fetching : https://www.ss.com/msg/lv/electronics/computers/completing-pc/ssd/bomngi.html
2026-04-26 01:28:08 | INFO     | ss_crawler | [ssd_scraper] [ssd_scraper] Matched bomngi: Kingston A400 (100% confidence)
2026-04-26 01:28:08 | INFO     | ss_crawler | [ssd_scraper] [ssd_scraper] ⏸️ bomngi: Unchanged
2026-04-26 01:28:08 | INFO     | ss_crawler | [crawler] [crawler] Fetching : https://www.ss.com/msg/lv/electronics/computers/completing-pc/ssd/bomngi.html
2026-04-26 01:28:10 | INFO     | ss_crawler | [ssd_scraper] [ssd_scraper] Matched bomngi: Kingston A400 (100% confidence)
2026-04-26 01:28:10 | INFO     | ss_crawler | [ssd_scraper] [ssd_scraper] ⏸️ bomngi: Unchanged
2026-04-26 01:28:10 | INFO     | ss_crawler | [crawler] [crawler] Fetching : https://www.ss.com/msg/lv/electronics/computers/completing-pc/ssd/bopogj.html
2026-04-26 01:28:12 | INFO     | ss_crawler | [ssd_scraper] [ssd_scraper] Matched bopogj: ADATA SU800/SX850 (100% confidence)
2026-04-26 01:28:12 | INFO     | ss_crawler | [ssd_scraper] [ssd_scraper] ✅ bopogj: New
2026-04-26 01:28:12 | INFO     | ss_crawler | [crawler] [crawler] Fetching : https://www.ss.com/msg/lv/electronics/computers/completing-pc/ssd/bojpof.html
2026-04-26 01:28:14 | INFO     | ss_crawler | [ssd_scraper] [ssd_scraper] Matched bojpof: Kingston A400 (100% confidence)
2026-04-26 01:28:14 | INFO     | ss_crawler | [ssd_scraper] [ssd_scraper] ✅ bojpof: New
2026-04-26 01:28:14 | INFO     | ss_crawler | [crawler] [crawler] Fetching : https://www.ss.com/msg/lv/electronics/computers/completing-pc/ssd/bbbffd.html
2026-04-26 01:28:16 | INFO     | ss_crawler | [ssd_scraper] [ssd_scraper] Matched bbbffd: Kingston A400 (94% confidence)
2026-04-26 01:28:16 | INFO     | ss_crawler | [ssd_scraper] [ssd_scraper] ✅ bbbffd: New
2026-04-26 01:28:16 | INFO     | ss_crawler | [crawler] [crawler] Fetching : https://www.ss.com/msg/lv/electronics/computers/completing-pc/ssd/bomnbl.html
2026-04-26 01:28:19 | INFO     | ss_crawler | [ssd_scraper] [ssd_scraper] Matched bomnbl: Samsung 980 (100% confidence)
2026-04-26 01:28:19 | INFO     | ss_crawler | [ssd_scraper] [ssd_scraper] ✅ bomnbl: New
2026-04-26 01:28:19 | INFO     | ss_crawler | [crawler] [crawler] Fetching : https://www.ss.com/msg/lv/electronics/computers/completing-pc/ssd/cglcmb.html
2026-04-26 01:28:22 | INFO     | ss_crawler | [ssd_scraper] [ssd_scraper] Matched cglcmb: Samsung 860 Pro (100% confidence)
2026-04-26 01:28:22 | INFO     | ss_crawler | [ssd_scraper] [ssd_scraper] ✅ cglcmb: New
2026-04-26 01:28:22 | INFO     | ss_crawler | [crawler] [crawler] Fetching : https://www.ss.com/msg/lv/electronics/computers/completing-pc/ssd/bdniph.html
2026-04-26 01:28:25 | INFO     | ss_crawler | [ssd_scraper] [ssd_scraper] Matched bdniph: Samsung 870 QVO (100% confidence)
2026-04-26 01:28:25 | INFO     | ss_crawler | [ssd_scraper] [ssd_scraper] ✅ bdniph: New
2026-04-26 01:28:25 | INFO     | ss_crawler | [crawler] [crawler] Fetching : https://www.ss.com/msg/lv/electronics/computers/completing-pc/ssd/ccgbox.html
2026-04-26 01:28:28 | INFO     | ss_crawler | [ssd_scraper] [ssd_scraper] Matched ccgbox: Samsung 870 QVO (100% confidence)
2026-04-26 01:28:28 | INFO     | ss_crawler | [ssd_scraper] [ssd_scraper] ✅ ccgbox: New
2026-04-26 01:28:28 | INFO     | ss_crawler | [crawler] [crawler] Fetching : https://www.ss.com/msg/lv/electronics/computers/completing-pc/ssd/cdpnkm.html
2026-04-26 01:28:30 | INFO     | ss_crawler | [ssd_scraper] [ssd_scraper] Matched cdpnkm: Kingston NV2 (100% confidence)
2026-04-26 01:28:30 | INFO     | ss_crawler | [ssd_scraper] [ssd_scraper] ✅ cdpnkm: New
2026-04-26 01:28:30 | INFO     | ss_crawler | [crawler] [crawler] Fetching : https://www.ss.com/msg/lv/electronics/computers/completing-pc/ssd/cgknmp.html
2026-04-26 01:28:34 | INFO     | ss_crawler | [ssd_scraper] [ssd_scraper] Matched cgknmp: Kingston NV3 (100% confidence)
2026-04-26 01:28:34 | INFO     | ss_crawler | [ssd_scraper] [ssd_scraper] ✅ cgknmp: New
2026-04-26 01:28:34 | INFO     | ss_crawler | [crawler] [crawler] Fetching : https://www.ss.com/msg/lv/electronics/computers/completing-pc/ssd/cglxno.html
2026-04-26 01:28:36 | INFO     | ss_crawler | [ssd_scraper] [ssd_scraper] Matched cglxno: Crucial X9 Pro (100% confidence)
2026-04-26 01:28:36 | INFO     | ss_crawler | [ssd_scraper] [ssd_scraper] ✅ cglxno: New
2026-04-26 01:28:36 | INFO     | ss_crawler | [crawler] [crawler] Fetching : https://www.ss.com/msg/lv/electronics/computers/completing-pc/ssd/bompdg.html
2026-04-26 01:28:39 | INFO     | ss_crawler | [ssd_scraper] [ssd_scraper] Matched bompdg: Kingston A400 (100% confidence)
2026-04-26 01:28:39 | INFO     | ss_crawler | [ssd_scraper] [ssd_scraper] ✅ bompdg: New
2026-04-26 01:28:39 | INFO     | ss_crawler | [crawler] [crawler] Fetching : https://www.ss.com/msg/lv/electronics/computers/completing-pc/ssd/boncfe.html
2026-04-26 01:28:43 | INFO     | ss_crawler | [ssd_scraper] [ssd_scraper] Matched boncfe: Kingston A400 (100% confidence)
2026-04-26 01:28:43 | INFO     | ss_crawler | [ssd_scraper] [ssd_scraper] ✅ boncfe: New
2026-04-26 01:28:43 | INFO     | ss_crawler | [crawler] [crawler] Fetching : https://www.ss.com/msg/lv/electronics/computers/completing-pc/ssd/bfhxex.html
2026-04-26 01:28:46 | INFO     | ss_crawler | [ssd_scraper] [ssd_scraper] Matched bfhxex: Gigabyte NVMe (100% confidence)
2026-04-26 01:28:46 | INFO     | ss_crawler | [ssd_scraper] [ssd_scraper] ✅ bfhxex: New
2026-04-26 01:28:46 | INFO     | ss_crawler | [crawler] [crawler] Fetching : https://www.ss.com/msg/lv/electronics/computers/completing-pc/ssd/cdejcp.html
2026-04-26 01:28:48 | INFO     | ss_crawler | [ssd_scraper] [ssd_scraper] Matched cdejcp: Kingston A400 (100% confidence)
2026-04-26 01:28:48 | INFO     | ss_crawler | [ssd_scraper] [ssd_scraper] ✅ cdejcp: New
2026-04-26 01:28:48 | INFO     | ss_crawler | [crawler] [crawler] Fetching : https://www.ss.com/msg/lv/electronics/computers/completing-pc/ssd/cglbhb.html
2026-04-26 01:28:52 | INFO     | ss_crawler | [ssd_scraper] [ssd_scraper] Matched cglbhb: Samsung 860 Pro (100% confidence)
2026-04-26 01:28:52 | INFO     | ss_crawler | [ssd_scraper] [ssd_scraper] ✅ cglbhb: New
2026-04-26 01:28:52 | INFO     | ss_crawler | [crawler] [crawler] Fetching : https://www.ss.com/msg/lv/electronics/computers/completing-pc/ssd/beexml.html
2026-04-26 01:28:54 | INFO     | ss_crawler | [ssd_scraper] [ssd_scraper] Matched beexml: WD SN850X (100% confidence)
2026-04-26 01:28:54 | INFO     | ss_crawler | [ssd_scraper] [ssd_scraper] ✅ beexml: New
2026-04-26 01:28:54 | INFO     | ss_crawler | [crawler] [crawler] Fetching : https://www.ss.com/msg/lv/electronics/computers/completing-pc/ssd/ccgbnf.html
2026-04-26 01:28:57 | INFO     | ss_crawler | [ssd_scraper] [ssd_scraper] Matched ccgbnf: Samsung 860 Pro (100% confidence)
2026-04-26 01:28:57 | INFO     | ss_crawler | [ssd_scraper] [ssd_scraper] ✅ ccgbnf: New
2026-04-26 01:28:57 | INFO     | ss_crawler | [crawler] [crawler] Fetching : https://www.ss.com/msg/lv/electronics/computers/completing-pc/ssd/bogfhk.html
2026-04-26 01:29:00 | INFO     | ss_crawler | [ssd_scraper] [ssd_scraper] Matched bogfhk: Samsung 870 EVO (100% confidence)
2026-04-26 01:29:00 | INFO     | ss_crawler | [ssd_scraper] [ssd_scraper] ✅ bogfhk: New
2026-04-26 01:29:00 | INFO     | ss_crawler | [crawler] [crawler] Fetching : https://www.ss.com/msg/lv/electronics/computers/completing-pc/ssd/cgkcie.html
2026-04-26 01:29:02 | INFO     | ss_crawler | [ssd_scraper] [ssd_scraper] Matched cgkcie: Samsung 990 EVO (100% confidence)
2026-04-26 01:29:02 | INFO     | ss_crawler | [ssd_scraper] [ssd_scraper] ✅ cgkcie: New
2026-04-26 01:29:02 | INFO     | ss_crawler | [crawler] [crawler] Fetching : https://www.ss.com/msg/lv/electronics/computers/completing-pc/ssd/cglxfd.html
2026-04-26 01:29:05 | INFO     | ss_crawler | [ssd_scraper] [ssd_scraper] Matched cglxfd: Kingston NV3 (100% confidence)
2026-04-26 01:29:05 | INFO     | ss_crawler | [ssd_scraper] [ssd_scraper] ✅ cglxfd: New
2026-04-26 01:29:05 | INFO     | ss_crawler | [crawler] [crawler] Fetching : https://www.ss.com/msg/lv/electronics/computers/completing-pc/ssd/bigkxn.html
2026-04-26 01:29:07 | INFO     | ss_crawler | [ssd_scraper] [ssd_scraper] Matched bigkxn: Lexar NM790 (100% confidence)
2026-04-26 01:29:07 | INFO     | ss_crawler | [ssd_scraper] [ssd_scraper] ✅ bigkxn: New
2026-04-26 01:29:07 | INFO     | ss_crawler | [crawler] [crawler] Fetching : https://www.ss.com/msg/lv/electronics/computers/completing-pc/ssd/bommhn.html
2026-04-26 01:29:09 | INFO     | ss_crawler | [ssd_scraper] [ssd_scraper] Matched bommhn: Crucial MX500 (100% confidence)
2026-04-26 01:29:09 | INFO     | ss_crawler | [ssd_scraper] [ssd_scraper] ✅ bommhn: New
2026-04-26 01:29:09 | INFO     | ss_crawler | [crawler] [crawler] Fetching : https://www.ss.com/msg/lv/electronics/computers/completing-pc/ssd/ccilhn.html
2026-04-26 01:29:12 | INFO     | ss_crawler | [ssd_scraper] [ssd_scraper] Matched ccilhn: Kingston A400 (100% confidence)
2026-04-26 01:29:12 | INFO     | ss_crawler | [ssd_scraper] [ssd_scraper] ✅ ccilhn: New
2026-04-26 01:29:12 | INFO     | ss_crawler | [crawler] [crawler] Fetching : https://www.ss.com/msg/lv/electronics/computers/completing-pc/ssd/cgkddo.html
2026-04-26 01:29:15 | INFO     | ss_crawler | [ssd_scraper] [ssd_scraper] Matched cgkddo: Patriot Viper VP4300 (100% confidence)
2026-04-26 01:29:15 | INFO     | ss_crawler | [ssd_scraper] [ssd_scraper] ✅ cgkddo: New
2026-04-26 01:29:15 | INFO     | ss_crawler | [crawler] [crawler] Fetching : https://www.ss.com/msg/lv/electronics/computers/completing-pc/ssd/bpmkdj.html
2026-04-26 01:29:17 | INFO     | ss_crawler | [ssd_scraper] [ssd_scraper] Matched bpmkdj: Patriot PXD (100% confidence)
2026-04-26 01:29:17 | INFO     | ss_crawler | [ssd_scraper] [ssd_scraper] ✅ bpmkdj: New
2026-04-26 01:29:17 | INFO     | ss_crawler | [crawler] [crawler] Fetching : https://www.ss.com/msg/lv/electronics/computers/completing-pc/ssd/cegcbp.html
2026-04-26 01:29:19 | INFO     | ss_crawler | [ssd_scraper] [ssd_scraper] Matched cegcbp: ADATA SU650/SU655 (100% confidence)
2026-04-26 01:29:19 | INFO     | ss_crawler | [ssd_scraper] [ssd_scraper] ✅ cegcbp: New
2026-04-26 01:29:19 | INFO     | ss_crawler | [crawler] [crawler] Fetching : https://www.ss.com/msg/lv/electronics/computers/completing-pc/ssd/cdxijg.html
2026-04-26 01:29:22 | INFO     | ss_crawler | [ssd_scraper] [ssd_scraper] No match for cdxijg: SS.COM Komplektējošie datoriem - SSD, Cena 20 €. S
2026-04-26 01:29:22 | INFO     | ss_crawler | [ssd_scraper] [ssd_scraper] ✅ cdxijg: New
2026-04-26 01:29:22 | INFO     | ss_crawler | [crawler] [crawler] Fetching : https://www.ss.com/msg/lv/electronics/computers/completing-pc/ssd/bdocnc.html
2026-04-26 01:29:25 | INFO     | ss_crawler | [ssd_scraper] [ssd_scraper] No match for bdocnc: SS.COM Komplektējošie datoriem - SSD, Cena 5 €. Ss
2026-04-26 01:29:25 | INFO     | ss_crawler | [ssd_scraper] [ssd_scraper] ✅ bdocnc: New
2026-04-26 01:29:25 | INFO     | ss_crawler | [crawler] [crawler] Fetching : https://www.ss.com/msg/lv/electronics/computers/completing-pc/ssd/cdegcg.html
2026-04-26 01:29:27 | INFO     | ss_crawler | [ssd_scraper] [ssd_scraper] Matched cdegcg: Seagate FireCuda 540 (100% confidence)
2026-04-26 01:29:27 | INFO     | ss_crawler | [ssd_scraper] [ssd_scraper] ✅ cdegcg: New
2026-04-26 01:29:27 | INFO     | ss_crawler | [ssd_scraper] [ssd_scraper] Next page URL: https://www.ss.com/lv/electronics/computers/completing-pc/ssd/page2.html
2026-04-26 01:29:27 | INFO     | ss_crawler | [ssd_scraper] [ssd_scraper] Fetching page 2: https://www.ss.com/lv/electronics/computers/completing-pc/ssd/page2.html
2026-04-26 01:29:27 | INFO     | ss_crawler | [crawler] [crawler] Fetching : https://www.ss.com/lv/electronics/computers/completing-pc/ssd/page2.html
2026-04-26 01:29:31 | INFO     | ss_crawler | [ssd_scraper] [ssd_scraper] Found 32 listings on page 2, 32 new
2026-04-26 01:29:31 | INFO     | ss_crawler | [crawler] [crawler] Fetching : https://www.ss.com/msg/lv/electronics/computers/completing-pc/ssd/cgkpie.html
2026-04-26 01:29:34 | INFO     | ss_crawler | [ssd_scraper] [ssd_scraper] Matched cgkpie: Samsung 870 EVO (100% confidence)
2026-04-26 01:29:34 | INFO     | ss_crawler | [ssd_scraper] [ssd_scraper] ✅ cgkpie: New
2026-04-26 01:29:34 | INFO     | ss_crawler | [crawler] [crawler] Fetching : https://www.ss.com/msg/lv/electronics/computers/completing-pc/ssd/cgkpie.html
2026-04-26 01:29:38 | INFO     | ss_crawler | [ssd_scraper] [ssd_scraper] Matched cgkpie: Samsung 870 EVO (100% confidence)
2026-04-26 01:29:38 | INFO     | ss_crawler | [ssd_scraper] [ssd_scraper] ⏸️ cgkpie: Unchanged
2026-04-26 01:29:38 | INFO     | ss_crawler | [crawler] [crawler] Fetching : https://www.ss.com/msg/lv/electronics/computers/completing-pc/ssd/cgkpie.html
2026-04-26 01:29:41 | INFO     | ss_crawler | [ssd_scraper] [ssd_scraper] Matched cgkpie: Samsung 870 EVO (100% confidence)
2026-04-26 01:29:41 | INFO     | ss_crawler | [ssd_scraper] [ssd_scraper] ⏸️ cgkpie: Unchanged
2026-04-26 01:29:41 | INFO     | ss_crawler | [crawler] [crawler] Fetching : https://www.ss.com/msg/lv/electronics/computers/completing-pc/ssd/mhngk.html
2026-04-26 01:29:43 | INFO     | ss_crawler | [ssd_scraper] [ssd_scraper] Matched mhngk: Samsung T5 (82% confidence)
2026-04-26 01:29:43 | INFO     | ss_crawler | [ssd_scraper] [ssd_scraper] ✅ mhngk: New
2026-04-26 01:29:43 | INFO     | ss_crawler | [crawler] [crawler] Fetching : https://www.ss.com/msg/lv/electronics/computers/completing-pc/ssd/bxpkbg.html
2026-04-26 01:29:46 | INFO     | ss_crawler | [ssd_scraper] [ssd_scraper] No match for bxpkbg: SS.COM Komplektējošie datoriem - SSD, Cena 9 €. Ss
2026-04-26 01:29:46 | INFO     | ss_crawler | [ssd_scraper] [ssd_scraper] ✅ bxpkbg: New
2026-04-26 01:29:46 | INFO     | ss_crawler | [crawler] [crawler] Fetching : https://www.ss.com/msg/lv/electronics/computers/completing-pc/ssd/bohhkd.html
2026-04-26 01:29:48 | INFO     | ss_crawler | [ssd_scraper] [ssd_scraper] No match for bohhkd: SS.COM Komplektējošie datoriem - SSD, Cena 5 €. Ss
2026-04-26 01:29:48 | INFO     | ss_crawler | [ssd_scraper] [ssd_scraper] ✅ bohhkd: New
2026-04-26 01:29:48 | INFO     | ss_crawler | [crawler] [crawler] Fetching : https://www.ss.com/msg/lv/electronics/computers/completing-pc/ssd/bommeh.html
2026-04-26 01:29:50 | INFO     | ss_crawler | [ssd_scraper] [ssd_scraper] Matched bommeh: Kingston NV2 (100% confidence)
2026-04-26 01:29:50 | INFO     | ss_crawler | [ssd_scraper] [ssd_scraper] ✅ bommeh: New
2026-04-26 01:29:50 | INFO     | ss_crawler | [crawler] [crawler] Fetching : https://www.ss.com/msg/lv/electronics/computers/completing-pc/ssd/boeccm.html
2026-04-26 01:29:53 | INFO     | ss_crawler | [ssd_scraper] [ssd_scraper] Matched boeccm: Kingston NV1 (100% confidence)
2026-04-26 01:29:53 | INFO     | ss_crawler | [ssd_scraper] [ssd_scraper] ✅ boeccm: New
2026-04-26 01:29:53 | INFO     | ss_crawler | [crawler] [crawler] Fetching : https://www.ss.com/msg/lv/electronics/computers/completing-pc/ssd/bolkkf.html
2026-04-26 01:29:55 | INFO     | ss_crawler | [ssd_scraper] [ssd_scraper] No match for bolkkf: SS.COM Komplektējošie datoriem - SSD, Cena 15 €. C
2026-04-26 01:29:55 | INFO     | ss_crawler | [ssd_scraper] [ssd_scraper] ✅ bolkkf: New
2026-04-26 01:29:55 | INFO     | ss_crawler | [crawler] [crawler] Fetching : https://www.ss.com/msg/lv/electronics/computers/completing-pc/ssd/beexod.html
2026-04-26 01:29:58 | INFO     | ss_crawler | [ssd_scraper] [ssd_scraper] No match for beexod: SS.COM Komplektējošie datoriem - SSD, Cena 15 €. S
2026-04-26 01:29:58 | INFO     | ss_crawler | [ssd_scraper] [ssd_scraper] ✅ beexod: New
2026-04-26 01:29:58 | INFO     | ss_crawler | [crawler] [crawler] Fetching : https://www.ss.com/msg/lv/electronics/computers/completing-pc/ssd/bdccbl.html
2026-04-26 01:30:01 | INFO     | ss_crawler | [ssd_scraper] [ssd_scraper] Matched bdccbl: Kingston A400 (100% confidence)
2026-04-26 01:30:01 | INFO     | ss_crawler | [ssd_scraper] [ssd_scraper] ✅ bdccbl: New
2026-04-26 01:30:01 | INFO     | ss_crawler | [crawler] [crawler] Fetching : https://www.ss.com/msg/lv/electronics/computers/completing-pc/ssd/bdhgeg.html
2026-04-26 01:30:04 | INFO     | ss_crawler | [ssd_scraper] [ssd_scraper] Matched bdhgeg: Crucial P3 (100% confidence)
2026-04-26 01:30:04 | INFO     | ss_crawler | [ssd_scraper] [ssd_scraper] ✅ bdhgeg: New
2026-04-26 01:30:04 | INFO     | ss_crawler | [crawler] [crawler] Fetching : https://www.ss.com/msg/lv/electronics/computers/completing-pc/ssd/bedcbg.html
2026-04-26 01:30:06 | INFO     | ss_crawler | [ssd_scraper] [ssd_scraper] Matched bedcbg: Intel 545s (77% confidence)
2026-04-26 01:30:06 | INFO     | ss_crawler | [ssd_scraper] [ssd_scraper] ✅ bedcbg: New
2026-04-26 01:30:06 | INFO     | ss_crawler | [crawler] [crawler] Fetching : https://www.ss.com/msg/lv/electronics/computers/completing-pc/ssd/bomnhg.html
2026-04-26 01:30:09 | INFO     | ss_crawler | [ssd_scraper] [ssd_scraper] Matched bomnhg: Gigabyte SSD (78% confidence)
2026-04-26 01:30:09 | INFO     | ss_crawler | [ssd_scraper] [ssd_scraper] ✅ bomnhg: New
2026-04-26 01:30:09 | INFO     | ss_crawler | [crawler] [crawler] Fetching : https://www.ss.com/msg/lv/electronics/computers/completing-pc/ssd/ccipee.html
2026-04-26 01:30:12 | INFO     | ss_crawler | [ssd_scraper] [ssd_scraper] Matched ccipee: Crucial T705 (100% confidence)
2026-04-26 01:30:12 | INFO     | ss_crawler | [ssd_scraper] [ssd_scraper] ✅ ccipee: New
2026-04-26 01:30:12 | INFO     | ss_crawler | [crawler] [crawler] Fetching : https://www.ss.com/msg/lv/electronics/computers/completing-pc/ssd/cclgpp.html
2026-04-26 01:30:15 | INFO     | ss_crawler | [ssd_scraper] [ssd_scraper] Matched cclgpp: Samsung 860 EVO (100% confidence)
2026-04-26 01:30:15 | INFO     | ss_crawler | [ssd_scraper] [ssd_scraper] ✅ cclgpp: New
2026-04-26 01:30:15 | INFO     | ss_crawler | [crawler] [crawler] Fetching : https://www.ss.com/msg/lv/electronics/computers/completing-pc/ssd/ccimol.html
2026-04-26 01:30:18 | INFO     | ss_crawler | [ssd_scraper] [ssd_scraper] Matched ccimol: Crucial T710 (100% confidence)
2026-04-26 01:30:18 | INFO     | ss_crawler | [ssd_scraper] [ssd_scraper] ✅ ccimol: New
2026-04-26 01:30:18 | INFO     | ss_crawler | [crawler] [crawler] Fetching : https://www.ss.com/msg/lv/electronics/computers/completing-pc/ssd/cdlbkj.html
2026-04-26 01:30:21 | INFO     | ss_crawler | [ssd_scraper] [ssd_scraper] Matched cdlbkj: WD My Passport SSD (NVMe) (100% confidence)
2026-04-26 01:30:21 | INFO     | ss_crawler | [ssd_scraper] [ssd_scraper] ✅ cdlbkj: New
2026-04-26 01:30:21 | INFO     | ss_crawler | [crawler] [crawler] Fetching : https://www.ss.com/msg/lv/electronics/computers/completing-pc/ssd/cdxmpx.html
2026-04-26 01:30:24 | INFO     | ss_crawler | [ssd_scraper] [ssd_scraper] Matched cdxmpx: Samsung 9100 Pro (100% confidence)
2026-04-26 01:30:24 | INFO     | ss_crawler | [ssd_scraper] [ssd_scraper] ✅ cdxmpx: New
2026-04-26 01:30:24 | INFO     | ss_crawler | [crawler] [crawler] Fetching : https://www.ss.com/msg/lv/electronics/computers/completing-pc/ssd/bpnidc.html
2026-04-26 01:30:26 | INFO     | ss_crawler | [ssd_scraper] [ssd_scraper] Matched bpnidc: Samsung 990 EVO (100% confidence)
2026-04-26 01:30:26 | INFO     | ss_crawler | [ssd_scraper] [ssd_scraper] ✅ bpnidc: New
2026-04-26 01:30:26 | INFO     | ss_crawler | [crawler] [crawler] Fetching : https://www.ss.com/msg/lv/electronics/computers/completing-pc/ssd/pxbnf.html
2026-04-26 01:30:28 | INFO     | ss_crawler | [ssd_scraper] [ssd_scraper] Matched pxbnf: Samsung 990 Pro (100% confidence)
2026-04-26 01:30:28 | INFO     | ss_crawler | [ssd_scraper] [ssd_scraper] ✅ pxbnf: New
2026-04-26 01:30:28 | INFO     | ss_crawler | [crawler] [crawler] Fetching : https://www.ss.com/msg/lv/electronics/computers/completing-pc/ssd/mdchk.html
2026-04-26 01:30:31 | INFO     | ss_crawler | [ssd_scraper] [ssd_scraper] Matched mdchk: Samsung 9100 Pro (100% confidence)
2026-04-26 01:30:31 | INFO     | ss_crawler | [ssd_scraper] [ssd_scraper] ✅ mdchk: New
2026-04-26 01:30:31 | INFO     | ss_crawler | [crawler] [crawler] Fetching : https://www.ss.com/msg/lv/electronics/computers/completing-pc/ssd/bikpbd.html
2026-04-26 01:30:35 | INFO     | ss_crawler | [ssd_scraper] [ssd_scraper] Matched bikpbd: Samsung 970 EVO (100% confidence)
2026-04-26 01:30:35 | INFO     | ss_crawler | [ssd_scraper] [ssd_scraper] ✅ bikpbd: New
2026-04-26 01:30:35 | INFO     | ss_crawler | [crawler] [crawler] Fetching : https://www.ss.com/msg/lv/electronics/computers/completing-pc/ssd/bebobc.html
2026-04-26 01:30:37 | INFO     | ss_crawler | [ssd_scraper] [ssd_scraper] No match for bebobc: SS.COM Komplektējošie datoriem - SSD, Cena 18 €. П
2026-04-26 01:30:37 | INFO     | ss_crawler | [ssd_scraper] [ssd_scraper] ✅ bebobc: New
2026-04-26 01:30:37 | INFO     | ss_crawler | [crawler] [crawler] Fetching : https://www.ss.com/msg/lv/electronics/computers/completing-pc/ssd/bommeg.html
2026-04-26 01:30:39 | INFO     | ss_crawler | [ssd_scraper] [ssd_scraper] Matched bommeg: Kingston NV2 (90% confidence)
2026-04-26 01:30:39 | INFO     | ss_crawler | [ssd_scraper] [ssd_scraper] ✅ bommeg: New
2026-04-26 01:30:39 | INFO     | ss_crawler | [crawler] [crawler] Fetching : https://www.ss.com/msg/lv/electronics/computers/completing-pc/ssd/ccgbnd.html
2026-04-26 01:30:41 | INFO     | ss_crawler | [ssd_scraper] [ssd_scraper] Matched ccgbnd: Kingston A400 (100% confidence)
2026-04-26 01:30:41 | INFO     | ss_crawler | [ssd_scraper] [ssd_scraper] ✅ ccgbnd: New
2026-04-26 01:30:41 | INFO     | ss_crawler | [crawler] [crawler] Fetching : https://www.ss.com/msg/lv/electronics/computers/completing-pc/ssd/ccjmpg.html
2026-04-26 01:30:44 | INFO     | ss_crawler | [ssd_scraper] [ssd_scraper] Matched ccjmpg: Samsung 860 EVO (100% confidence)
2026-04-26 01:30:44 | INFO     | ss_crawler | [ssd_scraper] [ssd_scraper] ✅ ccjmpg: New
2026-04-26 01:30:44 | INFO     | ss_crawler | [crawler] [crawler] Fetching : https://www.ss.com/msg/lv/electronics/computers/completing-pc/ssd/ccnpef.html
2026-04-26 01:30:46 | INFO     | ss_crawler | [ssd_scraper] [ssd_scraper] Matched ccnpef: Kingston NV2 (100% confidence)
2026-04-26 01:30:46 | INFO     | ss_crawler | [ssd_scraper] [ssd_scraper] ✅ ccnpef: New
2026-04-26 01:30:46 | INFO     | ss_crawler | [crawler] [crawler] Fetching : https://www.ss.com/msg/lv/electronics/computers/completing-pc/ssd/odkpc.html
2026-04-26 01:30:49 | INFO     | ss_crawler | [ssd_scraper] [ssd_scraper] Matched odkpc: Samsung 970 EVO (100% confidence)
2026-04-26 01:30:49 | INFO     | ss_crawler | [ssd_scraper] [ssd_scraper] ✅ odkpc: New
2026-04-26 01:30:49 | INFO     | ss_crawler | [crawler] [crawler] Fetching : https://www.ss.com/msg/lv/electronics/computers/completing-pc/ssd/ccpjxj.html
2026-04-26 01:30:52 | INFO     | ss_crawler | [ssd_scraper] [ssd_scraper] Matched ccpjxj: Crucial P310 (100% confidence)
2026-04-26 01:30:52 | INFO     | ss_crawler | [ssd_scraper] [ssd_scraper] ✅ ccpjxj: New
2026-04-26 01:30:52 | INFO     | ss_crawler | [crawler] [crawler] Fetching : https://www.ss.com/msg/lv/electronics/computers/completing-pc/ssd/bedcbh.html
2026-04-26 01:30:54 | INFO     | ss_crawler | [ssd_scraper] [ssd_scraper] Matched bedcbh: Samsung 990 EVO (100% confidence)
2026-04-26 01:30:54 | INFO     | ss_crawler | [ssd_scraper] [ssd_scraper] ✅ bedcbh: New
2026-04-26 01:30:54 | INFO     | ss_crawler | [crawler] [crawler] Fetching : https://www.ss.com/msg/lv/electronics/computers/completing-pc/ssd/bdkkjl.html
2026-04-26 01:30:57 | INFO     | ss_crawler | [ssd_scraper] [ssd_scraper] Matched bdkkjl: Samsung 860 Pro (100% confidence)
2026-04-26 01:30:57 | INFO     | ss_crawler | [ssd_scraper] [ssd_scraper] ✅ bdkkjl: New
2026-04-26 01:30:57 | INFO     | ss_crawler | [ssd_scraper] [ssd_scraper] Next page URL: https://www.ss.com/ru/electronics/computers/completing-pc/ssd/page2.html
2026-04-26 01:30:57 | INFO     | ss_crawler | [ssd_scraper] [ssd_scraper] Fetching page 3: https://www.ss.com/ru/electronics/computers/completing-pc/ssd/page2.html
2026-04-26 01:30:57 | INFO     | ss_crawler | [crawler] [crawler] Fetching : https://www.ss.com/ru/electronics/computers/completing-pc/ssd/page2.html
2026-04-26 01:31:00 | INFO     | ss_crawler | [ssd_scraper] [ssd_scraper] Found 32 listings on page 3, 32 new
2026-04-26 01:31:00 | INFO     | ss_crawler | [crawler] [crawler] Fetching : https://www.ss.com/msg/ru/electronics/computers/completing-pc/ssd/cgkpie.html
2026-04-26 01:31:03 | INFO     | ss_crawler | [ssd_scraper] [ssd_scraper] Matched cgkpie: Gigabyte SSD (60% confidence)
2026-04-26 01:31:03 | WARNING  | ss_crawler | [repository] [repository] Failed to save version for cgkpie: (psycopg2.errors.UndefinedColumn) column "matched_ram_id" of relation "listing_versions" does not exist
LINE 5:                     matched_ram_id, matched_cpu_id, matched_...
                            ^

[SQL: 
                INSERT INTO listing_versions (
                    listing_id, version_number, title, description, 
                    price_eur, seller_location, matched_ssd_id, 
                    matched_ram_id, matched_cpu_id, matched_gpu_id,
                    matched_case_id, matched_psu_id,
                    ssd_confidence_score, ram_confidence_score,
                    cpu_confidence_score, confidence_score,
                    case_confidence_score, psu_confidence_score,
                    content_hash
                )
                SELECT 
                    listing_id,
                    COALESCE((SELECT MAX(version_number) FROM listing_versions 
                              WHERE listing_id = %(id)s), 0) + 1,
                    title, description, price_eur, seller_location,
                    matched_ssd_id, matched_ram_id, matched_cpu_id, matched_gpu_id,
                    matched_case_id, matched_psu_id,
                    ssd_confidence_score, ram_confidence_score,
                    cpu_confidence_score, confidence_score,
                    case_confidence_score, psu_confidence_score,
                    content_hash
                FROM listings
                WHERE listing_id = %(id)s
                ]
[parameters: {'id': 'cgkpie'}]
(Background on this error at: https://sqlalche.me/e/20/f405)
2026-04-26 01:31:03 | ERROR    | ss_crawler | [database] [database] Database transaction failed: (psycopg2.errors.InFailedSqlTransaction) current transaction is aborted, commands ignored until end of transaction block

[SQL: 
                            UPDATE listings
                            SET title = %(title)s,
                                description = %(desc)s,
                                price_eur = %(price)s,
                                seller_location = %(location)s,
                                matched_ssd_id = %(ssd_id)s,
                                ssd_confidence_score = %(confidence)s,
                                ssd_match_method = %(method)s,
                                capacity_gb = %(capacity)s,
                                is_active = true,
                                last_seen_at = NOW(),
                                updated_at = NOW()
                            WHERE listing_id = %(id)s
                            ]
[parameters: {'title': 'SS.COM Комплектующие к компьютерам - SSD, Цена 90 €. Pārdodu 1Tb Ssd  Pieejami 4 gabali  Cena pakomātu. Rīgā, - Объявления', 'desc': '', 'price': 90.0, 'location': 'Рига', 'ssd_id': 583, 'confidence': 0.6, 'method': 'fuzzy+model_part', 'capacity': None, 'id': 'cgkpie'}]
(Background on this error at: https://sqlalche.me/e/20/2j85)
2026-04-26 01:31:03 | ERROR    | ss_crawler | [ssd_scraper] [ssd_scraper] Error saving listing cgkpie: (psycopg2.errors.InFailedSqlTransaction) current transaction is aborted, commands ignored until end of transaction block

[SQL: 
                            UPDATE listings
                            SET title = %(title)s,
                                description = %(desc)s,
                                price_eur = %(price)s,
                                seller_location = %(location)s,
                                matched_ssd_id = %(ssd_id)s,
                                ssd_confidence_score = %(confidence)s,
                                ssd_match_method = %(method)s,
                                capacity_gb = %(capacity)s,
                                is_active = true,
                                last_seen_at = NOW(),
                                updated_at = NOW()
                            WHERE listing_id = %(id)s
                            ]
[parameters: {'title': 'SS.COM Комплектующие к компьютерам - SSD, Цена 90 €. Pārdodu 1Tb Ssd  Pieejami 4 gabali  Cena pakomātu. Rīgā, - Объявления', 'desc': '', 'price': 90.0, 'location': 'Рига', 'ssd_id': 583, 'confidence': 0.6, 'method': 'fuzzy+model_part', 'capacity': None, 'id': 'cgkpie'}]
(Background on this error at: https://sqlalche.me/e/20/2j85)
2026-04-26 01:31:03 | INFO     | ss_crawler | [crawler] [crawler] Fetching : https://www.ss.com/msg/ru/electronics/computers/completing-pc/ssd/cgkpie.html
2026-04-26 01:31:06 | INFO     | ss_crawler | [ssd_scraper] [ssd_scraper] Matched cgkpie: Gigabyte SSD (60% confidence)
2026-04-26 01:31:06 | WARNING  | ss_crawler | [repository] [repository] Failed to save version for cgkpie: (psycopg2.errors.UndefinedColumn) column "matched_ram_id" of relation "listing_versions" does not exist
LINE 5:                     matched_ram_id, matched_cpu_id, matched_...
                            ^

[SQL: 
                INSERT INTO listing_versions (
                    listing_id, version_number, title, description, 
                    price_eur, seller_location, matched_ssd_id, 
                    matched_ram_id, matched_cpu_id, matched_gpu_id,
                    matched_case_id, matched_psu_id,
                    ssd_confidence_score, ram_confidence_score,
                    cpu_confidence_score, confidence_score,
                    case_confidence_score, psu_confidence_score,
                    content_hash
                )
                SELECT 
                    listing_id,
                    COALESCE((SELECT MAX(version_number) FROM listing_versions 
                              WHERE listing_id = %(id)s), 0) + 1,
                    title, description, price_eur, seller_location,
                    matched_ssd_id, matched_ram_id, matched_cpu_id, matched_gpu_id,
                    matched_case_id, matched_psu_id,
                    ssd_confidence_score, ram_confidence_score,
                    cpu_confidence_score, confidence_score,
                    case_confidence_score, psu_confidence_score,
                    content_hash
                FROM listings
                WHERE listing_id = %(id)s
                ]
[parameters: {'id': 'cgkpie'}]
(Background on this error at: https://sqlalche.me/e/20/f405)
2026-04-26 01:31:06 | ERROR    | ss_crawler | [database] [database] Database transaction failed: (psycopg2.errors.InFailedSqlTransaction) current transaction is aborted, commands ignored until end of transaction block

[SQL: 
                            UPDATE listings
                            SET title = %(title)s,
                                description = %(desc)s,
                                price_eur = %(price)s,
                                seller_location = %(location)s,
                                matched_ssd_id = %(ssd_id)s,
                                ssd_confidence_score = %(confidence)s,
                                ssd_match_method = %(method)s,
                                capacity_gb = %(capacity)s,
                                is_active = true,
                                last_seen_at = NOW(),
                                updated_at = NOW()
                            WHERE listing_id = %(id)s
                            ]
[parameters: {'title': 'SS.COM Комплектующие к компьютерам - SSD, Цена 90 €. Pārdodu 1Tb Ssd  Pieejami 4 gabali  Cena pakomātu. Rīgā, - Объявления', 'desc': '', 'price': 90.0, 'location': 'Рига', 'ssd_id': 583, 'confidence': 0.6, 'method': 'fuzzy+model_part', 'capacity': None, 'id': 'cgkpie'}]
(Background on this error at: https://sqlalche.me/e/20/2j85)
2026-04-26 01:31:06 | ERROR    | ss_crawler | [ssd_scraper] [ssd_scraper] Error saving listing cgkpie: (psycopg2.errors.InFailedSqlTransaction) current transaction is aborted, commands ignored until end of transaction block

[SQL: 
                            UPDATE listings
                            SET title = %(title)s,
                                description = %(desc)s,
                                price_eur = %(price)s,
                                seller_location = %(location)s,
                                matched_ssd_id = %(ssd_id)s,
                                ssd_confidence_score = %(confidence)s,
                                ssd_match_method = %(method)s,
                                capacity_gb = %(capacity)s,
                                is_active = true,
                                last_seen_at = NOW(),
                                updated_at = NOW()
                            WHERE listing_id = %(id)s
                            ]
[parameters: {'title': 'SS.COM Комплектующие к компьютерам - SSD, Цена 90 €. Pārdodu 1Tb Ssd  Pieejami 4 gabali  Cena pakomātu. Rīgā, - Объявления', 'desc': '', 'price': 90.0, 'location': 'Рига', 'ssd_id': 583, 'confidence': 0.6, 'method': 'fuzzy+model_part', 'capacity': None, 'id': 'cgkpie'}]
(Background on this error at: https://sqlalche.me/e/20/2j85)
2026-04-26 01:31:06 | INFO     | ss_crawler | [crawler] [crawler] Fetching : https://www.ss.com/msg/ru/electronics/computers/completing-pc/ssd/cgkpie.html
2026-04-26 01:31:09 | INFO     | ss_crawler | [ssd_scraper] [ssd_scraper] Matched cgkpie: Gigabyte SSD (60% confidence)
2026-04-26 01:31:09 | WARNING  | ss_crawler | [repository] [repository] Failed to save version for cgkpie: (psycopg2.errors.UndefinedColumn) column "matched_ram_id" of relation "listing_versions" does not exist
LINE 5:                     matched_ram_id, matched_cpu_id, matched_...
                            ^

[SQL: 
                INSERT INTO listing_versions (
                    listing_id, version_number, title, description, 
                    price_eur, seller_location, matched_ssd_id, 
                    matched_ram_id, matched_cpu_id, matched_gpu_id,
                    matched_case_id, matched_psu_id,
                    ssd_confidence_score, ram_confidence_score,
                    cpu_confidence_score, confidence_score,
                    case_confidence_score, psu_confidence_score,
                    content_hash
                )
                SELECT 
                    listing_id,
                    COALESCE((SELECT MAX(version_number) FROM listing_versions 
                              WHERE listing_id = %(id)s), 0) + 1,
                    title, description, price_eur, seller_location,
                    matched_ssd_id, matched_ram_id, matched_cpu_id, matched_gpu_id,
                    matched_case_id, matched_psu_id,
                    ssd_confidence_score, ram_confidence_score,
                    cpu_confidence_score, confidence_score,
                    case_confidence_score, psu_confidence_score,
                    content_hash
                FROM listings
                WHERE listing_id = %(id)s
                ]
[parameters: {'id': 'cgkpie'}]
(Background on this error at: https://sqlalche.me/e/20/f405)
2026-04-26 01:31:09 | ERROR    | ss_crawler | [database] [database] Database transaction failed: (psycopg2.errors.InFailedSqlTransaction) current transaction is aborted, commands ignored until end of transaction block

[SQL: 
                            UPDATE listings
                            SET title = %(title)s,
                                description = %(desc)s,
                                price_eur = %(price)s,
                                seller_location = %(location)s,
                                matched_ssd_id = %(ssd_id)s,
                                ssd_confidence_score = %(confidence)s,
                                ssd_match_method = %(method)s,
                                capacity_gb = %(capacity)s,
                                is_active = true,
                                last_seen_at = NOW(),
                                updated_at = NOW()
                            WHERE listing_id = %(id)s
                            ]
[parameters: {'title': 'SS.COM Комплектующие к компьютерам - SSD, Цена 90 €. Pārdodu 1Tb Ssd  Pieejami 4 gabali  Cena pakomātu. Rīgā, - Объявления', 'desc': '', 'price': 90.0, 'location': 'Рига', 'ssd_id': 583, 'confidence': 0.6, 'method': 'fuzzy+model_part', 'capacity': None, 'id': 'cgkpie'}]
(Background on this error at: https://sqlalche.me/e/20/2j85)
2026-04-26 01:31:09 | ERROR    | ss_crawler | [ssd_scraper] [ssd_scraper] Error saving listing cgkpie: (psycopg2.errors.InFailedSqlTransaction) current transaction is aborted, commands ignored until end of transaction block

[SQL: 
                            UPDATE listings
                            SET title = %(title)s,
                                description = %(desc)s,
                                price_eur = %(price)s,
                                seller_location = %(location)s,
                                matched_ssd_id = %(ssd_id)s,
                                ssd_confidence_score = %(confidence)s,
                                ssd_match_method = %(method)s,
                                capacity_gb = %(capacity)s,
                                is_active = true,
                                last_seen_at = NOW(),
                                updated_at = NOW()
                            WHERE listing_id = %(id)s
                            ]
[parameters: {'title': 'SS.COM Комплектующие к компьютерам - SSD, Цена 90 €. Pārdodu 1Tb Ssd  Pieejami 4 gabali  Cena pakomātu. Rīgā, - Объявления', 'desc': '', 'price': 90.0, 'location': 'Рига', 'ssd_id': 583, 'confidence': 0.6, 'method': 'fuzzy+model_part', 'capacity': None, 'id': 'cgkpie'}]
(Background on this error at: https://sqlalche.me/e/20/2j85)
2026-04-26 01:31:09 | INFO     | ss_crawler | [crawler] [crawler] Fetching : https://www.ss.com/msg/ru/electronics/computers/completing-pc/ssd/mhngk.html
2026-04-26 01:31:11 | INFO     | ss_crawler | [ssd_scraper] [ssd_scraper] Matched mhngk: Gigabyte SSD (60% confidence)
2026-04-26 01:31:11 | WARNING  | ss_crawler | [repository] [repository] Failed to save version for mhngk: (psycopg2.errors.UndefinedColumn) column "matched_ram_id" of relation "listing_versions" does not exist
LINE 5:                     matched_ram_id, matched_cpu_id, matched_...
                            ^

[SQL: 
                INSERT INTO listing_versions (
                    listing_id, version_number, title, description, 
                    price_eur, seller_location, matched_ssd_id, 
                    matched_ram_id, matched_cpu_id, matched_gpu_id,
                    matched_case_id, matched_psu_id,
                    ssd_confidence_score, ram_confidence_score,
                    cpu_confidence_score, confidence_score,
                    case_confidence_score, psu_confidence_score,
                    content_hash
                )
                SELECT 
                    listing_id,
                    COALESCE((SELECT MAX(version_number) FROM listing_versions 
                              WHERE listing_id = %(id)s), 0) + 1,
                    title, description, price_eur, seller_location,
                    matched_ssd_id, matched_ram_id, matched_cpu_id, matched_gpu_id,
                    matched_case_id, matched_psu_id,
                    ssd_confidence_score, ram_confidence_score,
                    cpu_confidence_score, confidence_score,
                    case_confidence_score, psu_confidence_score,
                    content_hash
                FROM listings
                WHERE listing_id = %(id)s
                ]
[parameters: {'id': 'mhngk'}]
(Background on this error at: https://sqlalche.me/e/20/f405)
2026-04-26 01:31:11 | ERROR    | ss_crawler | [database] [database] Database transaction failed: (psycopg2.errors.InFailedSqlTransaction) current transaction is aborted, commands ignored until end of transaction block

[SQL: 
                            UPDATE listings
                            SET title = %(title)s,
                                description = %(desc)s,
                                price_eur = %(price)s,
                                seller_location = %(location)s,
                                matched_ssd_id = %(ssd_id)s,
                                ssd_confidence_score = %(confidence)s,
                                ssd_match_method = %(method)s,
                                capacity_gb = %(capacity)s,
                                is_active = true,
                                last_seen_at = NOW(),
                                updated_at = NOW()
                            WHERE listing_id = %(id)s
                            ]
[parameters: {'title': 'SS.COM Комплектующие к компьютерам - SSD Покупаю , без дефектов  Ssd , Ram ddr5 32gb 512gb Vidiokart  оперативную - Объявления', 'desc': '', 'price': 0.0, 'location': 'Рига', 'ssd_id': 583, 'confidence': 0.6, 'method': 'fuzzy+model_part', 'capacity': None, 'id': 'mhngk'}]
(Background on this error at: https://sqlalche.me/e/20/2j85)
2026-04-26 01:31:11 | ERROR    | ss_crawler | [ssd_scraper] [ssd_scraper] Error saving listing mhngk: (psycopg2.errors.InFailedSqlTransaction) current transaction is aborted, commands ignored until end of transaction block

[SQL: 
                            UPDATE listings
                            SET title = %(title)s,
                                description = %(desc)s,
                                price_eur = %(price)s,
                                seller_location = %(location)s,
                                matched_ssd_id = %(ssd_id)s,
                                ssd_confidence_score = %(confidence)s,
                                ssd_match_method = %(method)s,
                                capacity_gb = %(capacity)s,
                                is_active = true,
                                last_seen_at = NOW(),
                                updated_at = NOW()
                            WHERE listing_id = %(id)s
                            ]
[parameters: {'title': 'SS.COM Комплектующие к компьютерам - SSD Покупаю , без дефектов  Ssd , Ram ddr5 32gb 512gb Vidiokart  оперативную - Объявления', 'desc': '', 'price': 0.0, 'location': 'Рига', 'ssd_id': 583, 'confidence': 0.6, 'method': 'fuzzy+model_part', 'capacity': None, 'id': 'mhngk'}]
(Background on this error at: https://sqlalche.me/e/20/2j85)
2026-04-26 01:31:11 | INFO     | ss_crawler | [crawler] [crawler] Fetching : https://www.ss.com/msg/ru/electronics/computers/completing-pc/ssd/bxpkbg.html
2026-04-26 01:31:13 | INFO     | ss_crawler | [ssd_scraper] [ssd_scraper] Matched bxpkbg: Gigabyte SSD (60% confidence)
2026-04-26 01:31:13 | WARNING  | ss_crawler | [repository] [repository] Failed to save version for bxpkbg: (psycopg2.errors.UndefinedColumn) column "matched_ram_id" of relation "listing_versions" does not exist
LINE 5:                     matched_ram_id, matched_cpu_id, matched_...
                            ^

[SQL: 
                INSERT INTO listing_versions (
                    listing_id, version_number, title, description, 
                    price_eur, seller_location, matched_ssd_id, 
                    matched_ram_id, matched_cpu_id, matched_gpu_id,
                    matched_case_id, matched_psu_id,
                    ssd_confidence_score, ram_confidence_score,
                    cpu_confidence_score, confidence_score,
                    case_confidence_score, psu_confidence_score,
                    content_hash
                )
                SELECT 
                    listing_id,
                    COALESCE((SELECT MAX(version_number) FROM listing_versions 
                              WHERE listing_id = %(id)s), 0) + 1,
                    title, description, price_eur, seller_location,
                    matched_ssd_id, matched_ram_id, matched_cpu_id, matched_gpu_id,
                    matched_case_id, matched_psu_id,
                    ssd_confidence_score, ram_confidence_score,
                    cpu_confidence_score, confidence_score,
                    case_confidence_score, psu_confidence_score,
                    content_hash
                FROM listings
                WHERE listing_id = %(id)s
                ]
[parameters: {'id': 'bxpkbg'}]
(Background on this error at: https://sqlalche.me/e/20/f405)
2026-04-26 01:31:13 | ERROR    | ss_crawler | [database] [database] Database transaction failed: (psycopg2.errors.InFailedSqlTransaction) current transaction is aborted, commands ignored until end of transaction block

[SQL: 
                            UPDATE listings
                            SET title = %(title)s,
                                description = %(desc)s,
                                price_eur = %(price)s,
                                seller_location = %(location)s,
                                matched_ssd_id = %(ssd_id)s,
                                ssd_confidence_score = %(confidence)s,
                                ssd_match_method = %(method)s,
                                capacity_gb = %(capacity)s,
                                is_active = true,
                                last_seen_at = NOW(),
                                updated_at = NOW()
                            WHERE listing_id = %(id)s
                            ]
[parameters: {'title': 'SS.COM Комплектующие к компьютерам - SSD, Цена 9 €. Ssd 100Gb 2.5sata. 6шт в наличии.  Доставка   Больше Whatsapp - Объявления', 'desc': '', 'price': 9.0, 'location': 'Даугавпилс и р-он', 'ssd_id': 583, 'confidence': 0.6, 'method': 'fuzzy+model_part', 'capacity': None, 'id': 'bxpkbg'}]
(Background on this error at: https://sqlalche.me/e/20/2j85)
2026-04-26 01:31:13 | ERROR    | ss_crawler | [ssd_scraper] [ssd_scraper] Error saving listing bxpkbg: (psycopg2.errors.InFailedSqlTransaction) current transaction is aborted, commands ignored until end of transaction block

[SQL: 
                            UPDATE listings
                            SET title = %(title)s,
                                description = %(desc)s,
                                price_eur = %(price)s,
                                seller_location = %(location)s,
                                matched_ssd_id = %(ssd_id)s,
                                ssd_confidence_score = %(confidence)s,
                                ssd_match_method = %(method)s,
                                capacity_gb = %(capacity)s,
                                is_active = true,
                                last_seen_at = NOW(),
                                updated_at = NOW()
                            WHERE listing_id = %(id)s
                            ]
[parameters: {'title': 'SS.COM Комплектующие к компьютерам - SSD, Цена 9 €. Ssd 100Gb 2.5sata. 6шт в наличии.  Доставка   Больше Whatsapp - Объявления', 'desc': '', 'price': 9.0, 'location': 'Даугавпилс и р-он', 'ssd_id': 583, 'confidence': 0.6, 'method': 'fuzzy+model_part', 'capacity': None, 'id': 'bxpkbg'}]
(Background on this error at: https://sqlalche.me/e/20/2j85)
2026-04-26 01:31:13 | INFO     | ss_crawler | [crawler] [crawler] Fetching : https://www.ss.com/msg/ru/electronics/computers/completing-pc/ssd/bohhkd.html
2026-04-26 01:31:16 | INFO     | ss_crawler | [ssd_scraper] [ssd_scraper] Matched bohhkd: Gigabyte SSD (60% confidence)
2026-04-26 01:31:16 | WARNING  | ss_crawler | [repository] [repository] Failed to save version for bohhkd: (psycopg2.errors.UndefinedColumn) column "matched_ram_id" of relation "listing_versions" does not exist
LINE 5:                     matched_ram_id, matched_cpu_id, matched_...
                            ^

[SQL: 
                INSERT INTO listing_versions (
                    listing_id, version_number, title, description, 
                    price_eur, seller_location, matched_ssd_id, 
                    matched_ram_id, matched_cpu_id, matched_gpu_id,
                    matched_case_id, matched_psu_id,
                    ssd_confidence_score, ram_confidence_score,
                    cpu_confidence_score, confidence_score,
                    case_confidence_score, psu_confidence_score,
                    content_hash
                )
                SELECT 
                    listing_id,
                    COALESCE((SELECT MAX(version_number) FROM listing_versions 
                              WHERE listing_id = %(id)s), 0) + 1,
                    title, description, price_eur, seller_location,
                    matched_ssd_id, matched_ram_id, matched_cpu_id, matched_gpu_id,
                    matched_case_id, matched_psu_id,
                    ssd_confidence_score, ram_confidence_score,
                    cpu_confidence_score, confidence_score,
                    case_confidence_score, psu_confidence_score,
                    content_hash
                FROM listings
                WHERE listing_id = %(id)s
                ]
[parameters: {'id': 'bohhkd'}]
(Background on this error at: https://sqlalche.me/e/20/f405)
2026-04-26 01:31:16 | ERROR    | ss_crawler | [database] [database] Database transaction failed: (psycopg2.errors.InFailedSqlTransaction) current transaction is aborted, commands ignored until end of transaction block

[SQL: 
                            UPDATE listings
                            SET title = %(title)s,
                                description = %(desc)s,
                                price_eur = %(price)s,
                                seller_location = %(location)s,
                                matched_ssd_id = %(ssd_id)s,
                                ssd_confidence_score = %(confidence)s,
                                ssd_match_method = %(method)s,
                                capacity_gb = %(capacity)s,
                                is_active = true,
                                last_seen_at = NOW(),
                                updated_at = NOW()
                            WHERE listing_id = %(id)s
                            ]
[parameters: {'title': 'SS.COM Комплектующие к компьютерам - SSD, Цена 5 €. Ssd 60Gb. Доставка. В наличии 20шт. Эстония. Латвия, деталей - Объявления', 'desc': '', 'price': 5.0, 'location': 'Даугавпилс и р-он', 'ssd_id': 583, 'confidence': 0.6, 'method': 'fuzzy+model_part', 'capacity': None, 'id': 'bohhkd'}]
(Background on this error at: https://sqlalche.me/e/20/2j85)
2026-04-26 01:31:16 | ERROR    | ss_crawler | [ssd_scraper] [ssd_scraper] Error saving listing bohhkd: (psycopg2.errors.InFailedSqlTransaction) current transaction is aborted, commands ignored until end of transaction block

[SQL: 
                            UPDATE listings
                            SET title = %(title)s,
                                description = %(desc)s,
                                price_eur = %(price)s,
                                seller_location = %(location)s,
                                matched_ssd_id = %(ssd_id)s,
                                ssd_confidence_score = %(confidence)s,
                                ssd_match_method = %(method)s,
                                capacity_gb = %(capacity)s,
                                is_active = true,
                                last_seen_at = NOW(),
                                updated_at = NOW()
                            WHERE listing_id = %(id)s
                            ]
[parameters: {'title': 'SS.COM Комплектующие к компьютерам - SSD, Цена 5 €. Ssd 60Gb. Доставка. В наличии 20шт. Эстония. Латвия, деталей - Объявления', 'desc': '', 'price': 5.0, 'location': 'Даугавпилс и р-он', 'ssd_id': 583, 'confidence': 0.6, 'method': 'fuzzy+model_part', 'capacity': None, 'id': 'bohhkd'}]
(Background on this error at: https://sqlalche.me/e/20/2j85)
2026-04-26 01:31:16 | INFO     | ss_crawler | [crawler] [crawler] Fetching : https://www.ss.com/msg/ru/electronics/computers/completing-pc/ssd/bommeh.html
2026-04-26 01:31:18 | INFO     | ss_crawler | [ssd_scraper] [ssd_scraper] Matched bommeh: Kingston NV2 (100% confidence)
2026-04-26 01:31:18 | WARNING  | ss_crawler | [repository] [repository] Failed to save version for bommeh: (psycopg2.errors.UndefinedColumn) column "matched_ram_id" of relation "listing_versions" does not exist
LINE 5:                     matched_ram_id, matched_cpu_id, matched_...
                            ^

[SQL: 
                INSERT INTO listing_versions (
                    listing_id, version_number, title, description, 
                    price_eur, seller_location, matched_ssd_id, 
                    matched_ram_id, matched_cpu_id, matched_gpu_id,
                    matched_case_id, matched_psu_id,
                    ssd_confidence_score, ram_confidence_score,
                    cpu_confidence_score, confidence_score,
                    case_confidence_score, psu_confidence_score,
                    content_hash
                )
                SELECT 
                    listing_id,
                    COALESCE((SELECT MAX(version_number) FROM listing_versions 
                              WHERE listing_id = %(id)s), 0) + 1,
                    title, description, price_eur, seller_location,
                    matched_ssd_id, matched_ram_id, matched_cpu_id, matched_gpu_id,
                    matched_case_id, matched_psu_id,
                    ssd_confidence_score, ram_confidence_score,
                    cpu_confidence_score, confidence_score,
                    case_confidence_score, psu_confidence_score,
                    content_hash
                FROM listings
                WHERE listing_id = %(id)s
                ]
[parameters: {'id': 'bommeh'}]
(Background on this error at: https://sqlalche.me/e/20/f405)
2026-04-26 01:31:18 | ERROR    | ss_crawler | [database] [database] Database transaction failed: (psycopg2.errors.InFailedSqlTransaction) current transaction is aborted, commands ignored until end of transaction block

[SQL: 
                            UPDATE listings
                            SET title = %(title)s,
                                description = %(desc)s,
                                price_eur = %(price)s,
                                seller_location = %(location)s,
                                matched_ssd_id = %(ssd_id)s,
                                ssd_confidence_score = %(confidence)s,
                                ssd_match_method = %(method)s,
                                capacity_gb = %(capacity)s,
                                is_active = true,
                                last_seen_at = NOW(),
                                updated_at = NOW()
                            WHERE listing_id = %(id)s
                            ]
[parameters: {'title': 'SS.COM Комплектующие к компьютерам - SSD, Цена 150 €. 2000 GB Nvme Gen 4.0x4 Kingston Nv2, parbaudits gatavs Dzirciems - Объявления', 'desc': '', 'price': 150.0, 'location': 'Рига', 'ssd_id': 856, 'confidence': 1.0, 'method': 'exact+model_part', 'capacity': None, 'id': 'bommeh'}]
(Background on this error at: https://sqlalche.me/e/20/2j85)
2026-04-26 01:31:18 | ERROR    | ss_crawler | [ssd_scraper] [ssd_scraper] Error saving listing bommeh: (psycopg2.errors.InFailedSqlTransaction) current transaction is aborted, commands ignored until end of transaction block

[SQL: 
                            UPDATE listings
                            SET title = %(title)s,
                                description = %(desc)s,
                                price_eur = %(price)s,
                                seller_location = %(location)s,
                                matched_ssd_id = %(ssd_id)s,
                                ssd_confidence_score = %(confidence)s,
                                ssd_match_method = %(method)s,
                                capacity_gb = %(capacity)s,
                                is_active = true,
                                last_seen_at = NOW(),
                                updated_at = NOW()
                            WHERE listing_id = %(id)s
                            ]
[parameters: {'title': 'SS.COM Комплектующие к компьютерам - SSD, Цена 150 €. 2000 GB Nvme Gen 4.0x4 Kingston Nv2, parbaudits gatavs Dzirciems - Объявления', 'desc': '', 'price': 150.0, 'location': 'Рига', 'ssd_id': 856, 'confidence': 1.0, 'method': 'exact+model_part', 'capacity': None, 'id': 'bommeh'}]
(Background on this error at: https://sqlalche.me/e/20/2j85)
2026-04-26 01:31:18 | INFO     | ss_crawler | [crawler] [crawler] Fetching : https://www.ss.com/msg/ru/electronics/computers/completing-pc/ssd/boeccm.html
2026-04-26 01:31:21 | INFO     | ss_crawler | [ssd_scraper] [ssd_scraper] Matched boeccm: Kingston NV1 (80% confidence)
2026-04-26 01:31:21 | WARNING  | ss_crawler | [repository] [repository] Failed to save version for boeccm: (psycopg2.errors.UndefinedColumn) column "matched_ram_id" of relation "listing_versions" does not exist
LINE 5:                     matched_ram_id, matched_cpu_id, matched_...
                            ^

[SQL: 
                INSERT INTO listing_versions (
                    listing_id, version_number, title, description, 
                    price_eur, seller_location, matched_ssd_id, 
                    matched_ram_id, matched_cpu_id, matched_gpu_id,
                    matched_case_id, matched_psu_id,
                    ssd_confidence_score, ram_confidence_score,
                    cpu_confidence_score, confidence_score,
                    case_confidence_score, psu_confidence_score,
                    content_hash
                )
                SELECT 
                    listing_id,
                    COALESCE((SELECT MAX(version_number) FROM listing_versions 
                              WHERE listing_id = %(id)s), 0) + 1,
                    title, description, price_eur, seller_location,
                    matched_ssd_id, matched_ram_id, matched_cpu_id, matched_gpu_id,
                    matched_case_id, matched_psu_id,
                    ssd_confidence_score, ram_confidence_score,
                    cpu_confidence_score, confidence_score,
                    case_confidence_score, psu_confidence_score,
                    content_hash
                FROM listings
                WHERE listing_id = %(id)s
                ]
[parameters: {'id': 'boeccm'}]
(Background on this error at: https://sqlalche.me/e/20/f405)
2026-04-26 01:31:21 | ERROR    | ss_crawler | [database] [database] Database transaction failed: (psycopg2.errors.InFailedSqlTransaction) current transaction is aborted, commands ignored until end of transaction block

[SQL: 
                            UPDATE listings
                            SET title = %(title)s,
                                description = %(desc)s,
                                price_eur = %(price)s,
                                seller_location = %(location)s,
                                matched_ssd_id = %(ssd_id)s,
                                ssd_confidence_score = %(confidence)s,
                                ssd_match_method = %(method)s,
                                capacity_gb = %(capacity)s,
                                is_active = true,
                                last_seen_at = NOW(),
                                updated_at = NOW()
                            WHERE listing_id = %(id)s
                            ]
[parameters: {'title': 'SS.COM Комплектующие к компьютерам - SSD, Цена 70 €. Pārdodu mazlietotu Ssd m. / Nvme Kingston   Atrodas   Продаю - Объявления', 'desc': '', 'price': 70.0, 'location': 'Рига', 'ssd_id': 852, 'confidence': 0.8, 'method': 'fuzzy', 'capacity': None, 'id': 'boeccm'}]
(Background on this error at: https://sqlalche.me/e/20/2j85)
2026-04-26 01:31:21 | ERROR    | ss_crawler | [ssd_scraper] [ssd_scraper] Error saving listing boeccm: (psycopg2.errors.InFailedSqlTransaction) current transaction is aborted, commands ignored until end of transaction block

[SQL: 
                            UPDATE listings
                            SET title = %(title)s,
                                description = %(desc)s,
                                price_eur = %(price)s,
                                seller_location = %(location)s,
                                matched_ssd_id = %(ssd_id)s,
                                ssd_confidence_score = %(confidence)s,
                                ssd_match_method = %(method)s,
                                capacity_gb = %(capacity)s,
                                is_active = true,
                                last_seen_at = NOW(),
                                updated_at = NOW()
                            WHERE listing_id = %(id)s
                            ]
[parameters: {'title': 'SS.COM Комплектующие к компьютерам - SSD, Цена 70 €. Pārdodu mazlietotu Ssd m. / Nvme Kingston   Atrodas   Продаю - Объявления', 'desc': '', 'price': 70.0, 'location': 'Рига', 'ssd_id': 852, 'confidence': 0.8, 'method': 'fuzzy', 'capacity': None, 'id': 'boeccm'}]
(Background on this error at: https://sqlalche.me/e/20/2j85)
2026-04-26 01:31:21 | INFO     | ss_crawler | [crawler] [crawler] Fetching : https://www.ss.com/msg/ru/electronics/computers/completing-pc/ssd/bolkkf.html
2026-04-26 01:31:23 | INFO     | ss_crawler | [ssd_scraper] [ssd_scraper] Matched bolkkf: Kingston NV1 (80% confidence)
2026-04-26 01:31:23 | WARNING  | ss_crawler | [repository] [repository] Failed to save version for bolkkf: (psycopg2.errors.UndefinedColumn) column "matched_ram_id" of relation "listing_versions" does not exist
LINE 5:                     matched_ram_id, matched_cpu_id, matched_...
                            ^

[SQL: 
                INSERT INTO listing_versions (
                    listing_id, version_number, title, description, 
                    price_eur, seller_location, matched_ssd_id, 
                    matched_ram_id, matched_cpu_id, matched_gpu_id,
                    matched_case_id, matched_psu_id,
                    ssd_confidence_score, ram_confidence_score,
                    cpu_confidence_score, confidence_score,
                    case_confidence_score, psu_confidence_score,
                    content_hash
                )
                SELECT 
                    listing_id,
                    COALESCE((SELECT MAX(version_number) FROM listing_versions 
                              WHERE listing_id = %(id)s), 0) + 1,
                    title, description, price_eur, seller_location,
                    matched_ssd_id, matched_ram_id, matched_cpu_id, matched_gpu_id,
                    matched_case_id, matched_psu_id,
                    ssd_confidence_score, ram_confidence_score,
                    cpu_confidence_score, confidence_score,
                    case_confidence_score, psu_confidence_score,
                    content_hash
                FROM listings
                WHERE listing_id = %(id)s
                ]
[parameters: {'id': 'bolkkf'}]
(Background on this error at: https://sqlalche.me/e/20/f405)
2026-04-26 01:31:23 | ERROR    | ss_crawler | [database] [database] Database transaction failed: (psycopg2.errors.InFailedSqlTransaction) current transaction is aborted, commands ignored until end of transaction block

[SQL: 
                            UPDATE listings
                            SET title = %(title)s,
                                description = %(desc)s,
                                price_eur = %(price)s,
                                seller_location = %(location)s,
                                matched_ssd_id = %(ssd_id)s,
                                ssd_confidence_score = %(confidence)s,
                                ssd_match_method = %(method)s,
                                capacity_gb = %(capacity)s,
                                is_active = true,
                                last_seen_at = NOW(),
                                updated_at = NOW()
                            WHERE listing_id = %(id)s
                            ]
[parameters: {'title': 'SS.COM Комплектующие к компьютерам - SSD, Цена 15 €. Cena veikalā 140 Eur.  Kingston - Datatraveler drive. protected - Объявления', 'desc': '', 'price': 15.0, 'location': 'Рижский р-он', 'ssd_id': 852, 'confidence': 0.8, 'method': 'fuzzy', 'capacity': None, 'id': 'bolkkf'}]
(Background on this error at: https://sqlalche.me/e/20/2j85)
2026-04-26 01:31:23 | ERROR    | ss_crawler | [ssd_scraper] [ssd_scraper] Error saving listing bolkkf: (psycopg2.errors.InFailedSqlTransaction) current transaction is aborted, commands ignored until end of transaction block

[SQL: 
                            UPDATE listings
                            SET title = %(title)s,
                                description = %(desc)s,
                                price_eur = %(price)s,
                                seller_location = %(location)s,
                                matched_ssd_id = %(ssd_id)s,
                                ssd_confidence_score = %(confidence)s,
                                ssd_match_method = %(method)s,
                                capacity_gb = %(capacity)s,
                                is_active = true,
                                last_seen_at = NOW(),
                                updated_at = NOW()
                            WHERE listing_id = %(id)s
                            ]
[parameters: {'title': 'SS.COM Комплектующие к компьютерам - SSD, Цена 15 €. Cena veikalā 140 Eur.  Kingston - Datatraveler drive. protected - Объявления', 'desc': '', 'price': 15.0, 'location': 'Рижский р-он', 'ssd_id': 852, 'confidence': 0.8, 'method': 'fuzzy', 'capacity': None, 'id': 'bolkkf'}]
(Background on this error at: https://sqlalche.me/e/20/2j85)
2026-04-26 01:31:23 | INFO     | ss_crawler | [crawler] [crawler] Fetching : https://www.ss.com/msg/ru/electronics/computers/completing-pc/ssd/beexod.html
2026-04-26 01:31:25 | INFO     | ss_crawler | [ssd_scraper] [ssd_scraper] Matched beexod: Samsung T5 (82% confidence)
2026-04-26 01:31:25 | WARNING  | ss_crawler | [repository] [repository] Failed to save version for beexod: (psycopg2.errors.UndefinedColumn) column "matched_ram_id" of relation "listing_versions" does not exist
LINE 5:                     matched_ram_id, matched_cpu_id, matched_...
                            ^

[SQL: 
                INSERT INTO listing_versions (
                    listing_id, version_number, title, description, 
                    price_eur, seller_location, matched_ssd_id, 
                    matched_ram_id, matched_cpu_id, matched_gpu_id,
                    matched_case_id, matched_psu_id,
                    ssd_confidence_score, ram_confidence_score,
                    cpu_confidence_score, confidence_score,
                    case_confidence_score, psu_confidence_score,
                    content_hash
                )
                SELECT 
                    listing_id,
                    COALESCE((SELECT MAX(version_number) FROM listing_versions 
                              WHERE listing_id = %(id)s), 0) + 1,
                    title, description, price_eur, seller_location,
                    matched_ssd_id, matched_ram_id, matched_cpu_id, matched_gpu_id,
                    matched_case_id, matched_psu_id,
                    ssd_confidence_score, ram_confidence_score,
                    cpu_confidence_score, confidence_score,
                    case_confidence_score, psu_confidence_score,
                    content_hash
                FROM listings
                WHERE listing_id = %(id)s
                ]
[parameters: {'id': 'beexod'}]
(Background on this error at: https://sqlalche.me/e/20/f405)
2026-04-26 01:31:25 | ERROR    | ss_crawler | [database] [database] Database transaction failed: (psycopg2.errors.InFailedSqlTransaction) current transaction is aborted, commands ignored until end of transaction block

[SQL: 
                            UPDATE listings
                            SET title = %(title)s,
                                description = %(desc)s,
                                price_eur = %(price)s,
                                seller_location = %(location)s,
                                matched_ssd_id = %(ssd_id)s,
                                ssd_confidence_score = %(confidence)s,
                                ssd_match_method = %(method)s,
                                capacity_gb = %(capacity)s,
                                is_active = true,
                                last_seen_at = NOW(),
                                updated_at = NOW()
                            WHERE listing_id = %(id)s
                            ]
[parameters: {'title': 'SS.COM Комплектующие к компьютерам - SSD, Цена 15 €. Sata ssd Samsung 128gb.  Bez defektiem.  Par atsevišku piegāde Mežciems/purvciems/ce - Объявления', 'desc': '', 'price': 15.0, 'location': 'Рига', 'ssd_id': 1578, 'confidence': 0.8235294117647058, 'method': 'fuzzy', 'capacity': None, 'id': 'beexod'}]
(Background on this error at: https://sqlalche.me/e/20/2j85)
2026-04-26 01:31:25 | ERROR    | ss_crawler | [ssd_scraper] [ssd_scraper] Error saving listing beexod: (psycopg2.errors.InFailedSqlTransaction) current transaction is aborted, commands ignored until end of transaction block

[SQL: 
                            UPDATE listings
                            SET title = %(title)s,
                                description = %(desc)s,
                                price_eur = %(price)s,
                                seller_location = %(location)s,
                                matched_ssd_id = %(ssd_id)s,
                                ssd_confidence_score = %(confidence)s,
                                ssd_match_method = %(method)s,
                                capacity_gb = %(capacity)s,
                                is_active = true,
                                last_seen_at = NOW(),
                                updated_at = NOW()
                            WHERE listing_id = %(id)s
                            ]
[parameters: {'title': 'SS.COM Комплектующие к компьютерам - SSD, Цена 15 €. Sata ssd Samsung 128gb.  Bez defektiem.  Par atsevišku piegāde Mežciems/purvciems/ce - Объявления', 'desc': '', 'price': 15.0, 'location': 'Рига', 'ssd_id': 1578, 'confidence': 0.8235294117647058, 'method': 'fuzzy', 'capacity': None, 'id': 'beexod'}]
(Background on this error at: https://sqlalche.me/e/20/2j85)
2026-04-26 01:31:25 | INFO     | ss_crawler | [crawler] [crawler] Fetching : https://www.ss.com/msg/ru/electronics/computers/completing-pc/ssd/bdccbl.html
2026-04-26 01:31:27 | INFO     | ss_crawler | [ssd_scraper] [ssd_scraper] Matched bdccbl: Kingston A400 (100% confidence)
2026-04-26 01:31:27 | WARNING  | ss_crawler | [repository] [repository] Failed to save version for bdccbl: (psycopg2.errors.UndefinedColumn) column "matched_ram_id" of relation "listing_versions" does not exist
LINE 5:                     matched_ram_id, matched_cpu_id, matched_...
                            ^

[SQL: 
                INSERT INTO listing_versions (
                    listing_id, version_number, title, description, 
                    price_eur, seller_location, matched_ssd_id, 
                    matched_ram_id, matched_cpu_id, matched_gpu_id,
                    matched_case_id, matched_psu_id,
                    ssd_confidence_score, ram_confidence_score,
                    cpu_confidence_score, confidence_score,
                    case_confidence_score, psu_confidence_score,
                    content_hash
                )
                SELECT 
                    listing_id,
                    COALESCE((SELECT MAX(version_number) FROM listing_versions 
                              WHERE listing_id = %(id)s), 0) + 1,
                    title, description, price_eur, seller_location,
                    matched_ssd_id, matched_ram_id, matched_cpu_id, matched_gpu_id,
                    matched_case_id, matched_psu_id,
                    ssd_confidence_score, ram_confidence_score,
                    cpu_confidence_score, confidence_score,
                    case_confidence_score, psu_confidence_score,
                    content_hash
                FROM listings
                WHERE listing_id = %(id)s
                ]
[parameters: {'id': 'bdccbl'}]
(Background on this error at: https://sqlalche.me/e/20/f405)
2026-04-26 01:31:27 | ERROR    | ss_crawler | [database] [database] Database transaction failed: (psycopg2.errors.InFailedSqlTransaction) current transaction is aborted, commands ignored until end of transaction block

[SQL: 
                            UPDATE listings
                            SET title = %(title)s,
                                description = %(desc)s,
                                price_eur = %(price)s,
                                seller_location = %(location)s,
                                matched_ssd_id = %(ssd_id)s,
                                ssd_confidence_score = %(confidence)s,
                                ssd_match_method = %(method)s,
                                capacity_gb = %(capacity)s,
                                is_active = true,
                                last_seen_at = NOW(),
                                updated_at = NOW()
                            WHERE listing_id = %(id)s
                            ]
[parameters: {'title': 'SS.COM Комплектующие к компьютерам - SSD, Цена 45 €. Jauni Kingston A400 Ssd 240Gb Pārdodu  Modelis: neatvērtus - Объявления', 'desc': '', 'price': 45.0, 'location': 'Рига', 'ssd_id': 811, 'confidence': 1.0, 'method': 'exact+model_part', 'capacity': None, 'id': 'bdccbl'}]
(Background on this error at: https://sqlalche.me/e/20/2j85)
2026-04-26 01:31:27 | ERROR    | ss_crawler | [ssd_scraper] [ssd_scraper] Error saving listing bdccbl: (psycopg2.errors.InFailedSqlTransaction) current transaction is aborted, commands ignored until end of transaction block

[SQL: 
                            UPDATE listings
                            SET title = %(title)s,
                                description = %(desc)s,
                                price_eur = %(price)s,
                                seller_location = %(location)s,
                                matched_ssd_id = %(ssd_id)s,
                                ssd_confidence_score = %(confidence)s,
                                ssd_match_method = %(method)s,
                                capacity_gb = %(capacity)s,
                                is_active = true,
                                last_seen_at = NOW(),
                                updated_at = NOW()
                            WHERE listing_id = %(id)s
                            ]
[parameters: {'title': 'SS.COM Комплектующие к компьютерам - SSD, Цена 45 €. Jauni Kingston A400 Ssd 240Gb Pārdodu  Modelis: neatvērtus - Объявления', 'desc': '', 'price': 45.0, 'location': 'Рига', 'ssd_id': 811, 'confidence': 1.0, 'method': 'exact+model_part', 'capacity': None, 'id': 'bdccbl'}]
(Background on this error at: https://sqlalche.me/e/20/2j85)
2026-04-26 01:31:27 | INFO     | ss_crawler | [crawler] [crawler] Fetching : https://www.ss.com/msg/ru/electronics/computers/completing-pc/ssd/bdhgeg.html
2026-04-26 01:31:30 | INFO     | ss_crawler | [ssd_scraper] [ssd_scraper] Matched bdhgeg: Crucial P3 (100% confidence)
2026-04-26 01:31:30 | WARNING  | ss_crawler | [repository] [repository] Failed to save version for bdhgeg: (psycopg2.errors.UndefinedColumn) column "matched_ram_id" of relation "listing_versions" does not exist
LINE 5:                     matched_ram_id, matched_cpu_id, matched_...
                            ^

[SQL: 
                INSERT INTO listing_versions (
                    listing_id, version_number, title, description, 
                    price_eur, seller_location, matched_ssd_id, 
                    matched_ram_id, matched_cpu_id, matched_gpu_id,
                    matched_case_id, matched_psu_id,
                    ssd_confidence_score, ram_confidence_score,
                    cpu_confidence_score, confidence_score,
                    case_confidence_score, psu_confidence_score,
                    content_hash
                )
                SELECT 
                    listing_id,
                    COALESCE((SELECT MAX(version_number) FROM listing_versions 
                              WHERE listing_id = %(id)s), 0) + 1,
                    title, description, price_eur, seller_location,
                    matched_ssd_id, matched_ram_id, matched_cpu_id, matched_gpu_id,
                    matched_case_id, matched_psu_id,
                    ssd_confidence_score, ram_confidence_score,
                    cpu_confidence_score, confidence_score,
                    case_confidence_score, psu_confidence_score,
                    content_hash
                FROM listings
                WHERE listing_id = %(id)s
                ]
[parameters: {'id': 'bdhgeg'}]
(Background on this error at: https://sqlalche.me/e/20/f405)
2026-04-26 01:31:30 | ERROR    | ss_crawler | [database] [database] Database transaction failed: (psycopg2.errors.InFailedSqlTransaction) current transaction is aborted, commands ignored until end of transaction block

[SQL: 
                            UPDATE listings
                            SET title = %(title)s,
                                description = %(desc)s,
                                price_eur = %(price)s,
                                seller_location = %(location)s,
                                matched_ssd_id = %(ssd_id)s,
                                ssd_confidence_score = %(confidence)s,
                                ssd_match_method = %(method)s,
                                capacity_gb = %(capacity)s,
                                is_active = true,
                                last_seen_at = NOW(),
                                updated_at = NOW()
                            WHERE listing_id = %(id)s
                            ]
[parameters: {'title': 'SS.COM Комплектующие к компьютерам - SSD, Цена 160 €. Pārdodu crucial p3 ssd 2tb nvme pcie aizsūtīt kaste varu x4 crystal - Объявления', 'desc': '', 'price': 160.0, 'location': 'Рига', 'ssd_id': 465, 'confidence': 1.0, 'method': 'exact', 'capacity': None, 'id': 'bdhgeg'}]
(Background on this error at: https://sqlalche.me/e/20/2j85)
2026-04-26 01:31:30 | ERROR    | ss_crawler | [ssd_scraper] [ssd_scraper] Error saving listing bdhgeg: (psycopg2.errors.InFailedSqlTransaction) current transaction is aborted, commands ignored until end of transaction block

[SQL: 
                            UPDATE listings
                            SET title = %(title)s,
                                description = %(desc)s,
                                price_eur = %(price)s,
                                seller_location = %(location)s,
                                matched_ssd_id = %(ssd_id)s,
                                ssd_confidence_score = %(confidence)s,
                                ssd_match_method = %(method)s,
                                capacity_gb = %(capacity)s,
                                is_active = true,
                                last_seen_at = NOW(),
                                updated_at = NOW()
                            WHERE listing_id = %(id)s
                            ]
[parameters: {'title': 'SS.COM Комплектующие к компьютерам - SSD, Цена 160 €. Pārdodu crucial p3 ssd 2tb nvme pcie aizsūtīt kaste varu x4 crystal - Объявления', 'desc': '', 'price': 160.0, 'location': 'Рига', 'ssd_id': 465, 'confidence': 1.0, 'method': 'exact', 'capacity': None, 'id': 'bdhgeg'}]
(Background on this error at: https://sqlalche.me/e/20/2j85)
2026-04-26 01:31:30 | INFO     | ss_crawler | [crawler] [crawler] Fetching : https://www.ss.com/msg/ru/electronics/computers/completing-pc/ssd/bedcbg.html
2026-04-26 01:31:32 | INFO     | ss_crawler | [ssd_scraper] [ssd_scraper] Matched bedcbg: Intel 545s (67% confidence)
2026-04-26 01:31:32 | WARNING  | ss_crawler | [repository] [repository] Failed to save version for bedcbg: (psycopg2.errors.UndefinedColumn) column "matched_ram_id" of relation "listing_versions" does not exist
LINE 5:                     matched_ram_id, matched_cpu_id, matched_...
                            ^

[SQL: 
                INSERT INTO listing_versions (
                    listing_id, version_number, title, description, 
                    price_eur, seller_location, matched_ssd_id, 
                    matched_ram_id, matched_cpu_id, matched_gpu_id,
                    matched_case_id, matched_psu_id,
                    ssd_confidence_score, ram_confidence_score,
                    cpu_confidence_score, confidence_score,
                    case_confidence_score, psu_confidence_score,
                    content_hash
                )
                SELECT 
                    listing_id,
                    COALESCE((SELECT MAX(version_number) FROM listing_versions 
                              WHERE listing_id = %(id)s), 0) + 1,
                    title, description, price_eur, seller_location,
                    matched_ssd_id, matched_ram_id, matched_cpu_id, matched_gpu_id,
                    matched_case_id, matched_psu_id,
                    ssd_confidence_score, ram_confidence_score,
                    cpu_confidence_score, confidence_score,
                    case_confidence_score, psu_confidence_score,
                    content_hash
                FROM listings
                WHERE listing_id = %(id)s
                ]
[parameters: {'id': 'bedcbg'}]
(Background on this error at: https://sqlalche.me/e/20/f405)
2026-04-26 01:31:32 | ERROR    | ss_crawler | [database] [database] Database transaction failed: (psycopg2.errors.InFailedSqlTransaction) current transaction is aborted, commands ignored until end of transaction block

[SQL: 
                            UPDATE listings
                            SET title = %(title)s,
                                description = %(desc)s,
                                price_eur = %(price)s,
                                seller_location = %(location)s,
                                matched_ssd_id = %(ssd_id)s,
                                ssd_confidence_score = %(confidence)s,
                                ssd_match_method = %(method)s,
                                capacity_gb = %(capacity)s,
                                is_active = true,
                                last_seen_at = NOW(),
                                updated_at = NOW()
                            WHERE listing_id = %(id)s
                            ]
[parameters: {'title': 'SS.COM Комплектующие к компьютерам - SSD, Цена 20 €. Ssd Intel 545 Series - 240Gb - 20 euro gab. vairaki - Объявления', 'desc': '', 'price': 20.0, 'location': 'Рига', 'ssd_id': 769, 'confidence': 0.6666666666666665, 'method': 'fuzzy', 'capacity': None, 'id': 'bedcbg'}]
(Background on this error at: https://sqlalche.me/e/20/2j85)
2026-04-26 01:31:32 | ERROR    | ss_crawler | [ssd_scraper] [ssd_scraper] Error saving listing bedcbg: (psycopg2.errors.InFailedSqlTransaction) current transaction is aborted, commands ignored until end of transaction block

[SQL: 
                            UPDATE listings
                            SET title = %(title)s,
                                description = %(desc)s,
                                price_eur = %(price)s,
                                seller_location = %(location)s,
                                matched_ssd_id = %(ssd_id)s,
                                ssd_confidence_score = %(confidence)s,
                                ssd_match_method = %(method)s,
                                capacity_gb = %(capacity)s,
                                is_active = true,
                                last_seen_at = NOW(),
                                updated_at = NOW()
                            WHERE listing_id = %(id)s
                            ]
[parameters: {'title': 'SS.COM Комплектующие к компьютерам - SSD, Цена 20 €. Ssd Intel 545 Series - 240Gb - 20 euro gab. vairaki - Объявления', 'desc': '', 'price': 20.0, 'location': 'Рига', 'ssd_id': 769, 'confidence': 0.6666666666666665, 'method': 'fuzzy', 'capacity': None, 'id': 'bedcbg'}]
(Background on this error at: https://sqlalche.me/e/20/2j85)
2026-04-26 01:31:32 | INFO     | ss_crawler | [crawler] [crawler] Fetching : https://www.ss.com/msg/ru/electronics/computers/completing-pc/ssd/bomnhg.html
2026-04-26 01:33:51 | INFO     | ss_crawler | [ram_scraper] [ram_scraper] Initializing RAM scraper...
2026-04-26 01:33:51 | INFO     | ss_crawler | [database] [database] Database connected: localhost:5433/ss_market
2026-04-26 01:33:51 | INFO     | ss_crawler | [ram_scraper] [ram_scraper] Database: postgresql+psycopg2://crawler:crawler_pass@localhost:5433/ss_market
2026-04-26 01:33:51 | INFO     | ss_crawler | [ram_matcher] [ram_matcher] RAMMatcher initialized with 5284 RAM references
2026-04-26 01:33:51 | INFO     | ss_crawler | [ram_scraper] [ram_scraper] Loaded 5284 RAM references
2026-04-26 01:33:51 | INFO     | ss_crawler | [ram_scraper] [ram_scraper] Starting RAM scraper from https://www.ss.com/lv/electronics/computers/completing-pc/ram/
2026-04-26 01:33:51 | INFO     | ss_crawler | [ram_scraper] [ram_scraper] Fetching page 1: https://www.ss.com/lv/electronics/computers/completing-pc/ram/
2026-04-26 01:33:51 | INFO     | ss_crawler | [crawler] [crawler] Fetching : https://www.ss.com/lv/electronics/computers/completing-pc/ram/
2026-04-26 01:33:54 | INFO     | ss_crawler | [ram_scraper] [ram_scraper] Found 32 listings on page 1, 32 new
2026-04-26 01:33:54 | INFO     | ss_crawler | [crawler] [crawler] Fetching : https://www.ss.com/msg/lv/electronics/computers/completing-pc/ram/exbin.html
2026-04-26 01:33:57 | INFO     | ss_crawler | [ram_scraper] [ram_scraper] Matched exbin: G.Skill Ripjaws X 8 GB (100% confidence)
2026-04-26 01:33:57 | INFO     | ss_crawler | [ram_scraper] [ram_scraper] ✨ exbin: New
2026-04-26 01:33:57 | INFO     | ss_crawler | [crawler] [crawler] Fetching : https://www.ss.com/msg/lv/electronics/computers/completing-pc/ram/exbin.html
2026-04-26 01:33:59 | INFO     | ss_crawler | [ram_scraper] [ram_scraper] Matched exbin: G.Skill Ripjaws X 8 GB (100% confidence)
2026-04-26 01:33:59 | INFO     | ss_crawler | [ram_scraper] [ram_scraper] ⏸️ exbin: Unchanged
2026-04-26 01:33:59 | INFO     | ss_crawler | [crawler] [crawler] Fetching : https://www.ss.com/msg/lv/electronics/computers/completing-pc/ram/exbin.html
2026-04-26 01:34:02 | INFO     | ss_crawler | [ram_scraper] [ram_scraper] Matched exbin: G.Skill Ripjaws X 8 GB (100% confidence)
2026-04-26 01:34:02 | INFO     | ss_crawler | [ram_scraper] [ram_scraper] ⏸️ exbin: Unchanged
2026-04-26 01:34:02 | INFO     | ss_crawler | [crawler] [crawler] Fetching : https://www.ss.com/msg/lv/electronics/computers/completing-pc/ram/lckcx.html
2026-04-26 01:34:05 | INFO     | ss_crawler | [ram_scraper] [ram_scraper] Matched lckcx: Samsung MV-3V4G3D/US 8 GB (100% confidence)
2026-04-26 01:34:05 | INFO     | ss_crawler | [ram_scraper] [ram_scraper] ✨ lckcx: New
2026-04-26 01:34:05 | INFO     | ss_crawler | [crawler] [crawler] Fetching : https://www.ss.com/msg/lv/electronics/computers/completing-pc/ram/lpfck.html
2026-04-26 01:34:08 | INFO     | ss_crawler | [ram_scraper] [ram_scraper] Matched lpfck: Corsair Vengeance RGB RS 32 GB (100% confidence)
2026-04-26 01:34:08 | INFO     | ss_crawler | [ram_scraper] [ram_scraper] ✨ lpfck: New
2026-04-26 01:34:08 | INFO     | ss_crawler | [crawler] [crawler] Fetching : https://www.ss.com/msg/lv/electronics/computers/completing-pc/ram/lghlf.html
2026-04-26 01:34:11 | INFO     | ss_crawler | [ram_scraper] [ram_scraper] Matched lghlf: Crucial Ballistix Sport AT 8 GB (100% confidence)
2026-04-26 01:34:11 | INFO     | ss_crawler | [ram_scraper] [ram_scraper] ✨ lghlf: New
2026-04-26 01:34:11 | INFO     | ss_crawler | [crawler] [crawler] Fetching : https://www.ss.com/msg/lv/electronics/computers/completing-pc/ram/enbbh.html
2026-04-26 01:34:15 | INFO     | ss_crawler | [ram_scraper] [ram_scraper] Matched enbbh: Corsair Vengeance LPX 16 GB (100% confidence)
2026-04-26 01:34:15 | INFO     | ss_crawler | [ram_scraper] [ram_scraper] ✨ enbbh: New
2026-04-26 01:34:15 | INFO     | ss_crawler | [crawler] [crawler] Fetching : https://www.ss.com/msg/lv/electronics/computers/completing-pc/ram/edhxj.html
2026-04-26 01:34:19 | INFO     | ss_crawler | [ram_scraper] [ram_scraper] Matched edhxj: Kingston Fury Renegade RGB 96 GB (100% confidence)
2026-04-26 01:34:19 | INFO     | ss_crawler | [ram_scraper] [ram_scraper] ✨ edhxj: New
2026-04-26 01:34:19 | INFO     | ss_crawler | [crawler] [crawler] Fetching : https://www.ss.com/msg/lv/electronics/computers/completing-pc/ram/cglckx.html
2026-04-26 01:34:21 | INFO     | ss_crawler | [ram_scraper] [ram_scraper] Matched cglckx: Samsung M391A2K43BB1-CRC 16 GB (100% confidence)
2026-04-26 01:34:21 | INFO     | ss_crawler | [ram_scraper] [ram_scraper] ✨ cglckx: New
2026-04-26 01:34:21 | INFO     | ss_crawler | [crawler] [crawler] Fetching : https://www.ss.com/msg/lv/electronics/computers/completing-pc/ram/mbckn.html
2026-04-26 01:34:25 | INFO     | ss_crawler | [ram_scraper] [ram_scraper] Matched mbckn: Patriot Viper Elite 5 RGB 32 GB (100% confidence)
2026-04-26 01:34:25 | INFO     | ss_crawler | [ram_scraper] [ram_scraper] ✨ mbckn: New
2026-04-26 01:34:25 | INFO     | ss_crawler | [crawler] [crawler] Fetching : https://www.ss.com/msg/lv/electronics/computers/completing-pc/ram/cgjooo.html
2026-04-26 01:34:28 | INFO     | ss_crawler | [ram_scraper] [ram_scraper] Matched cgjooo: Samsung M393A4K40CB1-CRC 32 GB (100% confidence)
2026-04-26 01:34:28 | INFO     | ss_crawler | [ram_scraper] [ram_scraper] ✨ cgjooo: New
2026-04-26 01:34:28 | INFO     | ss_crawler | [crawler] [crawler] Fetching : https://www.ss.com/msg/lv/electronics/computers/completing-pc/ram/phmeb.html
2026-04-26 01:34:30 | INFO     | ss_crawler | [ram_scraper] [ram_scraper] Matched phmeb: Kingston FURY Beast 32 GB (100% confidence)
2026-04-26 01:34:30 | INFO     | ss_crawler | [ram_scraper] [ram_scraper] ✨ phmeb: New
2026-04-26 01:34:30 | INFO     | ss_crawler | [crawler] [crawler] Fetching : https://www.ss.com/msg/lv/electronics/computers/completing-pc/ram/mxfeg.html
2026-04-26 01:34:33 | INFO     | ss_crawler | [ram_scraper] [ram_scraper] No match for mxfeg: SS.COM Komplektējošie datoriem - RAM, Cena 70 €. D
2026-04-26 01:34:33 | INFO     | ss_crawler | [ram_scraper] [ram_scraper] ✨ mxfeg: New
2026-04-26 01:34:33 | INFO     | ss_crawler | [crawler] [crawler] Fetching : https://www.ss.com/msg/lv/electronics/computers/completing-pc/ram/aaojd.html
2026-04-26 01:34:35 | INFO     | ss_crawler | [ram_scraper] [ram_scraper] Matched aaojd: Corsair Vengeance LPX 16 GB (100% confidence)
2026-04-26 01:34:35 | INFO     | ss_crawler | [ram_scraper] [ram_scraper] ✨ aaojd: New
2026-04-26 01:34:35 | INFO     | ss_crawler | [crawler] [crawler] Fetching : https://www.ss.com/msg/lv/electronics/computers/completing-pc/ram/ppjod.html
2026-04-26 01:34:37 | INFO     | ss_crawler | [ram_scraper] [ram_scraper] Matched ppjod: OCZ Gold 2 GB (100% confidence)
2026-04-26 01:34:37 | INFO     | ss_crawler | [ram_scraper] [ram_scraper] ✨ ppjod: New
2026-04-26 01:34:37 | INFO     | ss_crawler | [crawler] [crawler] Fetching : https://www.ss.com/msg/lv/electronics/computers/completing-pc/ram/bxcblm.html
2026-04-26 01:34:40 | INFO     | ss_crawler | [ram_scraper] [ram_scraper] Matched bxcblm: Kingston HyperX 10th Anniversary 4 GB (100% confidence)
2026-04-26 01:34:40 | INFO     | ss_crawler | [ram_scraper] [ram_scraper] ✨ bxcblm: New
2026-04-26 01:34:40 | INFO     | ss_crawler | [crawler] [crawler] Fetching : https://www.ss.com/msg/lv/electronics/computers/completing-pc/ram/fgjni.html
2026-04-26 01:34:43 | INFO     | ss_crawler | [ram_scraper] [ram_scraper] Matched fgjni: Patriot Viper II ‘Sector 7’ Edition 12 GB (75% confidence)
2026-04-26 01:34:43 | INFO     | ss_crawler | [ram_scraper] [ram_scraper] ✨ fgjni: New
2026-04-26 01:34:43 | INFO     | ss_crawler | [crawler] [crawler] Fetching : https://www.ss.com/msg/lv/electronics/computers/completing-pc/ram/pnpko.html
2026-04-26 01:34:47 | INFO     | ss_crawler | [ram_scraper] [ram_scraper] Matched pnpko: Kingston FURY Beast RGB 8 GB (100% confidence)
2026-04-26 01:34:47 | INFO     | ss_crawler | [ram_scraper] [ram_scraper] ✨ pnpko: New
2026-04-26 01:34:47 | INFO     | ss_crawler | [crawler] [crawler] Fetching : https://www.ss.com/msg/lv/electronics/computers/completing-pc/ram/gmdbh.html
2026-04-26 01:34:50 | INFO     | ss_crawler | [ram_scraper] [ram_scraper] Matched gmdbh: Kingston HyperX Fury RGB 16 GB (100% confidence)
2026-04-26 01:34:50 | INFO     | ss_crawler | [ram_scraper] [ram_scraper] ✨ gmdbh: New
2026-04-26 01:34:50 | INFO     | ss_crawler | [crawler] [crawler] Fetching : https://www.ss.com/msg/lv/electronics/computers/completing-pc/ram/cglcdf.html
2026-04-26 01:34:53 | INFO     | ss_crawler | [ram_scraper] [ram_scraper] Matched cglcdf: G.Skill Ripjaws V 16 GB (100% confidence)
2026-04-26 01:34:53 | INFO     | ss_crawler | [ram_scraper] [ram_scraper] ✨ cglcdf: New
2026-04-26 01:34:53 | INFO     | ss_crawler | [crawler] [crawler] Fetching : https://www.ss.com/msg/lv/electronics/computers/completing-pc/ram/opipo.html
2026-04-26 01:34:56 | INFO     | ss_crawler | [ram_scraper] [ram_scraper] Matched opipo: Kingston KVR800D2S5/1G 1 GB (100% confidence)
2026-04-26 01:34:56 | INFO     | ss_crawler | [ram_scraper] [ram_scraper] ✨ opipo: New
2026-04-26 01:34:56 | INFO     | ss_crawler | [crawler] [crawler] Fetching : https://www.ss.com/msg/lv/electronics/computers/completing-pc/ram/cglcde.html
2026-04-26 01:35:00 | INFO     | ss_crawler | [ram_scraper] [ram_scraper] Matched cglcde: G.Skill Ripjaws 4 8 GB (100% confidence)
2026-04-26 01:35:00 | INFO     | ss_crawler | [ram_scraper] [ram_scraper] ✨ cglcde: New
2026-04-26 01:35:00 | INFO     | ss_crawler | [crawler] [crawler] Fetching : https://www.ss.com/msg/lv/electronics/computers/completing-pc/ram/cgkfpx.html
2026-04-26 01:35:02 | INFO     | ss_crawler | [ram_scraper] [ram_scraper] Matched cgkfpx: G.Skill Trident Z Royal 32 GB (100% confidence)
2026-04-26 01:35:02 | INFO     | ss_crawler | [ram_scraper] [ram_scraper] ✨ cgkfpx: New
2026-04-26 01:35:02 | INFO     | ss_crawler | [crawler] [crawler] Fetching : https://www.ss.com/msg/lv/electronics/computers/completing-pc/ram/dixnm.html
2026-04-26 01:35:04 | INFO     | ss_crawler | [ram_scraper] [ram_scraper] Matched dixnm: Corsair Vengeance LPX 32 GB (100% confidence)
2026-04-26 01:35:04 | INFO     | ss_crawler | [ram_scraper] [ram_scraper] ✨ dixnm: New
2026-04-26 01:35:04 | INFO     | ss_crawler | [crawler] [crawler] Fetching : https://www.ss.com/msg/lv/electronics/computers/completing-pc/ram/cglblk.html
2026-04-26 01:35:06 | INFO     | ss_crawler | [ram_scraper] [ram_scraper] Matched cglblk: ADATA XPG SPECTRIX D41 16 GB (100% confidence)
2026-04-26 01:35:06 | INFO     | ss_crawler | [ram_scraper] [ram_scraper] ✨ cglblk: New
2026-04-26 01:35:06 | INFO     | ss_crawler | [crawler] [crawler] Fetching : https://www.ss.com/msg/lv/electronics/computers/completing-pc/ram/cglblb.html
2026-04-26 01:35:09 | INFO     | ss_crawler | [ram_scraper] [ram_scraper] Matched cglblb: Kingston FURY 64 GB (100% confidence)
2026-04-26 01:35:09 | INFO     | ss_crawler | [ram_scraper] [ram_scraper] ✨ cglblb: New
2026-04-26 01:35:09 | INFO     | ss_crawler | [crawler] [crawler] Fetching : https://www.ss.com/msg/lv/electronics/computers/completing-pc/ram/onfnf.html
2026-04-26 01:35:12 | INFO     | ss_crawler | [ram_scraper] [ram_scraper] Matched onfnf: Corsair Vengeance 16 GB (100% confidence)
2026-04-26 01:35:12 | INFO     | ss_crawler | [ram_scraper] [ram_scraper] ✨ onfnf: New
2026-04-26 01:35:12 | INFO     | ss_crawler | [crawler] [crawler] Fetching : https://www.ss.com/msg/lv/electronics/computers/completing-pc/ram/bxcbjc.html
2026-04-26 01:35:14 | INFO     | ss_crawler | [ram_scraper] [ram_scraper] Matched bxcbjc: SK Hynix HMAA2GU6CJR8N-XN 16 GB (100% confidence)
2026-04-26 01:35:14 | INFO     | ss_crawler | [ram_scraper] [ram_scraper] ✨ bxcbjc: New
2026-04-26 01:35:14 | INFO     | ss_crawler | [crawler] [crawler] Fetching : https://www.ss.com/msg/lv/electronics/computers/completing-pc/ram/opjll.html
2026-04-26 01:35:16 | INFO     | ss_crawler | [ram_scraper] [ram_scraper] Matched opjll: Corsair Vengeance 32 GB (100% confidence)
2026-04-26 01:35:16 | INFO     | ss_crawler | [ram_scraper] [ram_scraper] ✨ opjll: New
2026-04-26 01:35:16 | INFO     | ss_crawler | [crawler] [crawler] Fetching : https://www.ss.com/msg/lv/electronics/computers/completing-pc/ram/cglbjx.html
2026-04-26 01:35:19 | INFO     | ss_crawler | [ram_scraper] [ram_scraper] Matched cglbjx: Kingston T1 8 GB (100% confidence)
2026-04-26 01:35:19 | INFO     | ss_crawler | [ram_scraper] [ram_scraper] ✨ cglbjx: New
2026-04-26 01:35:19 | INFO     | ss_crawler | [crawler] [crawler] Fetching : https://www.ss.com/msg/lv/electronics/computers/completing-pc/ram/pkjcd.html
2026-04-26 01:35:21 | INFO     | ss_crawler | [ram_scraper] [ram_scraper] No match for pkjcd: SS.COM Komplektējošie datoriem - RAM, Cena 150 €. 
2026-04-26 01:35:21 | INFO     | ss_crawler | [ram_scraper] [ram_scraper] ✨ pkjcd: New
2026-04-26 01:35:21 | INFO     | ss_crawler | [crawler] [crawler] Fetching : https://www.ss.com/msg/lv/electronics/computers/completing-pc/ram/mbjkg.html
2026-04-26 01:35:25 | INFO     | ss_crawler | [ram_scraper] [ram_scraper] Matched mbjkg: Kingston Kingston Fury Red 16GB (100% confidence)
2026-04-26 01:35:25 | INFO     | ss_crawler | [ram_scraper] [ram_scraper] ✨ mbjkg: New
2026-04-26 01:35:25 | INFO     | ss_crawler | [ram_scraper] [ram_scraper] Next page URL: https://www.ss.com/lv/electronics/computers/completing-pc/ram/page5.html
2026-04-26 01:35:25 | INFO     | ss_crawler | [ram_scraper] [ram_scraper] Fetching page 2: https://www.ss.com/lv/electronics/computers/completing-pc/ram/page5.html
2026-04-26 01:35:25 | INFO     | ss_crawler | [crawler] [crawler] Fetching : https://www.ss.com/lv/electronics/computers/completing-pc/ram/page5.html
2026-04-26 01:35:29 | INFO     | ss_crawler | [ram_scraper] [ram_scraper] Found 25 listings on page 2, 25 new
2026-04-26 01:35:29 | INFO     | ss_crawler | [crawler] [crawler] Fetching : https://www.ss.com/msg/lv/electronics/computers/completing-pc/ram/eelde.html
2026-04-26 01:35:32 | INFO     | ss_crawler | [ram_scraper] [ram_scraper] Matched eelde: Kingston FURY Beast 32 GB (100% confidence)
2026-04-26 01:35:32 | INFO     | ss_crawler | [ram_scraper] [ram_scraper] ✨ eelde: New
2026-04-26 01:35:32 | INFO     | ss_crawler | [crawler] [crawler] Fetching : https://www.ss.com/msg/lv/electronics/computers/completing-pc/ram/eelde.html
2026-04-26 01:35:35 | INFO     | ss_crawler | [ram_scraper] [ram_scraper] Matched eelde: Kingston FURY Beast 32 GB (100% confidence)
2026-04-26 01:35:35 | INFO     | ss_crawler | [ram_scraper] [ram_scraper] ⏸️ eelde: Unchanged
2026-04-26 01:35:35 | INFO     | ss_crawler | [crawler] [crawler] Fetching : https://www.ss.com/msg/lv/electronics/computers/completing-pc/ram/eelde.html
2026-04-26 01:35:38 | INFO     | ss_crawler | [ram_scraper] [ram_scraper] Matched eelde: Kingston FURY Beast 32 GB (100% confidence)
2026-04-26 01:35:38 | INFO     | ss_crawler | [ram_scraper] [ram_scraper] ⏸️ eelde: Unchanged
2026-04-26 01:35:38 | INFO     | ss_crawler | [crawler] [crawler] Fetching : https://www.ss.com/msg/lv/electronics/computers/completing-pc/ram/opiic.html
2026-04-26 01:35:41 | INFO     | ss_crawler | [ram_scraper] [ram_scraper] Matched opiic: Kingston FURY Beast RGB 64 GB (100% confidence)
2026-04-26 01:35:41 | INFO     | ss_crawler | [ram_scraper] [ram_scraper] ✨ opiic: New
2026-04-26 01:35:41 | INFO     | ss_crawler | [crawler] [crawler] Fetching : https://www.ss.com/msg/lv/electronics/computers/completing-pc/ram/onnbn.html
2026-04-26 01:35:44 | INFO     | ss_crawler | [ram_scraper] [ram_scraper] Matched onnbn: Kingston FURY Beast 64 GB (100% confidence)
2026-04-26 01:35:44 | INFO     | ss_crawler | [ram_scraper] [ram_scraper] ✨ onnbn: New
2026-04-26 01:35:44 | INFO     | ss_crawler | [crawler] [crawler] Fetching : https://www.ss.com/msg/lv/electronics/computers/completing-pc/ram/bxxxxd.html
2026-04-26 01:35:48 | INFO     | ss_crawler | [ram_scraper] [ram_scraper] Matched bxxxxd: Kingston FURY Beast 64 GB (100% confidence)
2026-04-26 01:35:48 | INFO     | ss_crawler | [ram_scraper] [ram_scraper] ✨ bxxxxd: New
2026-04-26 01:35:48 | INFO     | ss_crawler | [crawler] [crawler] Fetching : https://www.ss.com/msg/lv/electronics/computers/completing-pc/ram/hfggm.html
2026-04-26 01:35:50 | INFO     | ss_crawler | [ram_scraper] [ram_scraper] Matched hfggm: Corsair Vengeance RGB 192 GB (100% confidence)
2026-04-26 01:35:50 | INFO     | ss_crawler | [ram_scraper] [ram_scraper] ✨ hfggm: New
2026-04-26 01:35:50 | INFO     | ss_crawler | [crawler] [crawler] Fetching : https://www.ss.com/msg/lv/electronics/computers/completing-pc/ram/fifie.html
2026-04-26 01:35:53 | INFO     | ss_crawler | [ram_scraper] [ram_scraper] No match for fifie: SS.COM Komplektējošie datoriem - RAM, Cena 2 €. Ra
2026-04-26 01:35:53 | INFO     | ss_crawler | [ram_scraper] [ram_scraper] ✨ fifie: New
2026-04-26 01:35:53 | INFO     | ss_crawler | [crawler] [crawler] Fetching : https://www.ss.com/msg/lv/electronics/computers/completing-pc/ram/opkep.html
2026-04-26 01:35:55 | INFO     | ss_crawler | [ram_scraper] [ram_scraper] Matched opkep: SK Hynix HMT41GU6MFR8C-PB 8 GB (88% confidence)
2026-04-26 01:35:55 | INFO     | ss_crawler | [ram_scraper] [ram_scraper] ✨ opkep: New
2026-04-26 01:35:55 | INFO     | ss_crawler | [crawler] [crawler] Fetching : https://www.ss.com/msg/lv/electronics/computers/completing-pc/ram/mpkxc.html
2026-04-26 01:35:57 | INFO     | ss_crawler | [ram_scraper] [ram_scraper] Matched mpkxc: Kingston Predator 16 GB (100% confidence)
2026-04-26 01:35:57 | INFO     | ss_crawler | [ram_scraper] [ram_scraper] ✨ mpkxc: New
2026-04-26 01:35:57 | INFO     | ss_crawler | [crawler] [crawler] Fetching : https://www.ss.com/msg/lv/electronics/computers/completing-pc/ram/olgpn.html
2026-04-26 01:36:00 | INFO     | ss_crawler | [ram_scraper] [ram_scraper] Matched olgpn: Crucial Ballistix Sport LT 16 GB (100% confidence)
2026-04-26 01:36:00 | INFO     | ss_crawler | [ram_scraper] [ram_scraper] ✨ olgpn: New
2026-04-26 01:36:00 | INFO     | ss_crawler | [crawler] [crawler] Fetching : https://www.ss.com/msg/lv/electronics/computers/completing-pc/ram/mffch.html
2026-04-26 01:36:02 | INFO     | ss_crawler | [ram_scraper] [ram_scraper] No match for mffch: SS.COM Komplektējošie datoriem - RAM, Cena 5 €. Pā
2026-04-26 01:36:02 | INFO     | ss_crawler | [ram_scraper] [ram_scraper] ✨ mffch: New
2026-04-26 01:36:02 | INFO     | ss_crawler | [crawler] [crawler] Fetching : https://www.ss.com/msg/lv/electronics/computers/completing-pc/ram/bkppx.html
2026-04-26 01:36:05 | INFO     | ss_crawler | [ram_scraper] [ram_scraper] Matched bkppx: Crucial Pro 32 GB (100% confidence)
2026-04-26 01:36:05 | INFO     | ss_crawler | [ram_scraper] [ram_scraper] ✨ bkppx: New
2026-04-26 01:36:05 | INFO     | ss_crawler | [crawler] [crawler] Fetching : https://www.ss.com/msg/lv/electronics/computers/completing-pc/ram/lnnnp.html
2026-04-26 01:36:08 | INFO     | ss_crawler | [ram_scraper] [ram_scraper] Matched lnnnp: G.Skill Trident Z RGB 16 GB (100% confidence)
2026-04-26 01:36:08 | INFO     | ss_crawler | [ram_scraper] [ram_scraper] ✨ lnnnp: New
2026-04-26 01:36:08 | INFO     | ss_crawler | [crawler] [crawler] Fetching : https://www.ss.com/msg/lv/electronics/computers/completing-pc/ram/bcnpkm.html
2026-04-26 01:36:11 | INFO     | ss_crawler | [ram_scraper] [ram_scraper] Matched bcnpkm: Kingston ValueRAM 16 GB (100% confidence)
2026-04-26 01:36:11 | INFO     | ss_crawler | [ram_scraper] [ram_scraper] ✨ bcnpkm: New
2026-04-26 01:36:11 | INFO     | ss_crawler | [crawler] [crawler] Fetching : https://www.ss.com/msg/lv/electronics/computers/completing-pc/ram/opfli.html
2026-04-26 01:36:13 | INFO     | ss_crawler | [ram_scraper] [ram_scraper] Matched opfli: G.Skill Trident Z5 RGB 32 GB (100% confidence)
2026-04-26 01:36:13 | INFO     | ss_crawler | [ram_scraper] [ram_scraper] ✨ opfli: New
2026-04-26 01:36:13 | INFO     | ss_crawler | [crawler] [crawler] Fetching : https://www.ss.com/msg/lv/electronics/computers/completing-pc/ram/cgking.html
2026-04-26 01:36:15 | INFO     | ss_crawler | [ram_scraper] [ram_scraper] Matched cgking: G.Skill Trident X 32 GB (100% confidence)
2026-04-26 01:36:15 | INFO     | ss_crawler | [ram_scraper] [ram_scraper] ✨ cgking: New
2026-04-26 01:36:15 | INFO     | ss_crawler | [crawler] [crawler] Fetching : https://www.ss.com/msg/lv/electronics/computers/completing-pc/ram/cgkine.html
2026-04-26 01:36:17 | INFO     | ss_crawler | [ram_scraper] [ram_scraper] Matched cgkine: Kingston HyperX 32 GB (100% confidence)
2026-04-26 01:36:17 | INFO     | ss_crawler | [ram_scraper] [ram_scraper] ✨ cgkine: New
2026-04-26 01:36:17 | INFO     | ss_crawler | [crawler] [crawler] Fetching : https://www.ss.com/msg/lv/electronics/computers/completing-pc/ram/cgkiji.html
2026-04-26 01:36:20 | INFO     | ss_crawler | [ram_scraper] [ram_scraper] Matched cgkiji: Kingston HyperX Fury 16 GB (100% confidence)
2026-04-26 01:36:20 | INFO     | ss_crawler | [ram_scraper] [ram_scraper] ✨ cgkiji: New
2026-04-26 01:36:20 | INFO     | ss_crawler | [crawler] [crawler] Fetching : https://www.ss.com/msg/lv/electronics/computers/completing-pc/ram/bcnnxk.html
2026-04-26 01:36:23 | INFO     | ss_crawler | [ram_scraper] [ram_scraper] No match for bcnnxk: SS.COM Komplektējošie datoriem - RAM, Cena 140 €. 
2026-04-26 01:36:23 | INFO     | ss_crawler | [ram_scraper] [ram_scraper] ✨ bcnnxk: New
2026-04-26 01:36:23 | INFO     | ss_crawler | [crawler] [crawler] Fetching : https://www.ss.com/msg/lv/electronics/computers/completing-pc/ram/pimel.html
2026-04-26 01:36:27 | INFO     | ss_crawler | [ram_scraper] [ram_scraper] No match for pimel: SS.COM Komplektējošie datoriem - RAM, Cena 40 €. P
2026-04-26 01:36:27 | INFO     | ss_crawler | [ram_scraper] [ram_scraper] ✨ pimel: New
2026-04-26 01:36:27 | INFO     | ss_crawler | [crawler] [crawler] Fetching : https://www.ss.com/msg/lv/electronics/computers/completing-pc/ram/pixmi.html
2026-04-26 01:36:29 | INFO     | ss_crawler | [ram_scraper] [ram_scraper] Matched pixmi: G.Skill Ripjaws 32 GB (74% confidence)
2026-04-26 01:36:29 | INFO     | ss_crawler | [ram_scraper] [ram_scraper] ✨ pixmi: New
2026-04-26 01:36:29 | INFO     | ss_crawler | [crawler] [crawler] Fetching : https://www.ss.com/msg/lv/electronics/computers/completing-pc/ram/cgkifb.html
2026-04-26 01:36:32 | INFO     | ss_crawler | [ram_scraper] [ram_scraper] Matched cgkifb: G.Skill Trident Z5 RGB 32 GB (100% confidence)
2026-04-26 01:36:32 | INFO     | ss_crawler | [ram_scraper] [ram_scraper] ✨ cgkifb: New
2026-04-26 01:36:32 | INFO     | ss_crawler | [crawler] [crawler] Fetching : https://www.ss.com/msg/lv/electronics/computers/completing-pc/ram/loljd.html
2026-04-26 01:36:34 | INFO     | ss_crawler | [ram_scraper] [ram_scraper] Matched loljd: Crucial Ballistix 32 GB (100% confidence)
2026-04-26 01:36:34 | INFO     | ss_crawler | [ram_scraper] [ram_scraper] ✨ loljd: New
2026-04-26 01:36:34 | INFO     | ss_crawler | [crawler] [crawler] Fetching : https://www.ss.com/msg/lv/electronics/computers/completing-pc/ram/gokin.html
2026-04-26 01:36:37 | INFO     | ss_crawler | [ram_scraper] [ram_scraper] Matched gokin: Crucial Ballistix Sport 4 GB (100% confidence)
2026-04-26 01:36:37 | INFO     | ss_crawler | [ram_scraper] [ram_scraper] ✨ gokin: New
2026-04-26 01:36:37 | INFO     | ss_crawler | [ram_scraper] [ram_scraper] Next page URL: https://www.ss.com/ru/electronics/computers/completing-pc/ram/page5.html
2026-04-26 01:36:37 | INFO     | ss_crawler | [ram_scraper] [ram_scraper] Fetching page 3: https://www.ss.com/ru/electronics/computers/completing-pc/ram/page5.html
2026-04-26 01:36:37 | INFO     | ss_crawler | [crawler] [crawler] Fetching : https://www.ss.com/ru/electronics/computers/completing-pc/ram/page5.html
2026-04-26 01:36:41 | INFO     | ss_crawler | [ram_scraper] [ram_scraper] Found 25 listings on page 3, 25 new
2026-04-26 01:36:41 | INFO     | ss_crawler | [crawler] [crawler] Fetching : https://www.ss.com/msg/ru/electronics/computers/completing-pc/ram/eelde.html
2026-04-26 01:36:43 | INFO     | ss_crawler | [ram_scraper] [ram_scraper] Matched eelde: Kingston FURY Beast 32 GB (100% confidence)
2026-04-26 01:36:43 | INFO     | ss_crawler | [ram_scraper] [ram_scraper] 💰 eelde: Updated (title, description, location)
2026-04-26 01:36:43 | INFO     | ss_crawler | [crawler] [crawler] Fetching : https://www.ss.com/msg/ru/electronics/computers/completing-pc/ram/eelde.html
2026-04-26 01:36:46 | INFO     | ss_crawler | [ram_scraper] [ram_scraper] Matched eelde: Kingston FURY Beast 32 GB (100% confidence)
2026-04-26 01:36:46 | INFO     | ss_crawler | [ram_scraper] [ram_scraper] 💰 eelde: Updated (content)
2026-04-26 01:36:46 | INFO     | ss_crawler | [crawler] [crawler] Fetching : https://www.ss.com/msg/ru/electronics/computers/completing-pc/ram/eelde.html
2026-04-26 01:36:49 | INFO     | ss_crawler | [ram_scraper] [ram_scraper] Matched eelde: Kingston FURY Beast 32 GB (100% confidence)
2026-04-26 01:36:49 | INFO     | ss_crawler | [ram_scraper] [ram_scraper] 💰 eelde: Updated (content)
2026-04-26 01:36:49 | INFO     | ss_crawler | [crawler] [crawler] Fetching : https://www.ss.com/msg/ru/electronics/computers/completing-pc/ram/opiic.html
2026-04-26 01:36:52 | INFO     | ss_crawler | [ram_scraper] [ram_scraper] Matched opiic: Kingston T1 8 GB (100% confidence)
2026-04-26 01:36:52 | INFO     | ss_crawler | [ram_scraper] [ram_scraper] 💰 opiic: Updated (title, description, location, match)
2026-04-26 01:36:52 | INFO     | ss_crawler | [crawler] [crawler] Fetching : https://www.ss.com/msg/ru/electronics/computers/completing-pc/ram/onnbn.html
2026-04-26 01:36:55 | INFO     | ss_crawler | [ram_scraper] [ram_scraper] Matched onnbn: Kingston FURY Beast 128 GB (100% confidence)
2026-04-26 01:36:55 | INFO     | ss_crawler | [ram_scraper] [ram_scraper] 💰 onnbn: Updated (title, description, location, match)
2026-04-26 01:36:55 | INFO     | ss_crawler | [crawler] [crawler] Fetching : https://www.ss.com/msg/ru/electronics/computers/completing-pc/ram/bxxxxd.html
2026-04-26 01:36:58 | INFO     | ss_crawler | [ram_scraper] [ram_scraper] Matched bxxxxd: Kingston FURY Beast 128 GB (100% confidence)
2026-04-26 01:36:58 | INFO     | ss_crawler | [ram_scraper] [ram_scraper] 💰 bxxxxd: Updated (title, description, location, match)
2026-04-26 01:36:58 | INFO     | ss_crawler | [crawler] [crawler] Fetching : https://www.ss.com/msg/ru/electronics/computers/completing-pc/ram/hfggm.html
2026-04-26 01:37:01 | INFO     | ss_crawler | [ram_scraper] [ram_scraper] Matched hfggm: Avexir Server 8 GB (65% confidence)
2026-04-26 01:37:01 | WARNING  | ss_crawler | [ram_scraper] [ram_scraper] ⚠️ LOW_CONFIDENCE: hfggm (confidence 65.00%)
2026-04-26 01:37:01 | INFO     | ss_crawler | [crawler] [crawler] Fetching : https://www.ss.com/msg/ru/electronics/computers/completing-pc/ram/fifie.html
2026-04-26 01:37:03 | INFO     | ss_crawler | [ram_scraper] [ram_scraper] Matched fifie: SK Hynix HMA81GU6MFR8N-UH 8 GB (58% confidence)
2026-04-26 01:37:03 | WARNING  | ss_crawler | [ram_scraper] [ram_scraper] ⚠️ LOW_CONFIDENCE: fifie (confidence 58.24%)
2026-04-26 01:37:03 | INFO     | ss_crawler | [crawler] [crawler] Fetching : https://www.ss.com/msg/ru/electronics/computers/completing-pc/ram/opkep.html
2026-04-26 01:37:06 | INFO     | ss_crawler | [ram_scraper] [ram_scraper] Matched opkep: SK Hynix HMAA2GU6CJR8N-XN 16 GB (69% confidence)
2026-04-26 01:37:06 | WARNING  | ss_crawler | [ram_scraper] [ram_scraper] ⚠️ LOW_CONFIDENCE: opkep (confidence 68.66%)
2026-04-26 01:37:06 | INFO     | ss_crawler | [crawler] [crawler] Fetching : https://www.ss.com/msg/ru/electronics/computers/completing-pc/ram/mpkxc.html
2026-04-26 01:37:09 | INFO     | ss_crawler | [ram_scraper] [ram_scraper] Matched mpkxc: Kingston 1500 4 GB (100% confidence)
2026-04-26 01:37:09 | INFO     | ss_crawler | [ram_scraper] [ram_scraper] 💰 mpkxc: Updated (title, description, location, match)
2026-04-26 01:37:09 | INFO     | ss_crawler | [crawler] [crawler] Fetching : https://www.ss.com/msg/ru/electronics/computers/completing-pc/ram/olgpn.html
2026-04-26 01:37:11 | INFO     | ss_crawler | [ram_scraper] [ram_scraper] Matched olgpn: Crucial Ballistix Sport LT 16 GB (100% confidence)
2026-04-26 01:37:11 | INFO     | ss_crawler | [ram_scraper] [ram_scraper] 💰 olgpn: Updated (title, description, location, match)
2026-04-26 01:37:11 | INFO     | ss_crawler | [crawler] [crawler] Fetching : https://www.ss.com/msg/ru/electronics/computers/completing-pc/ram/mffch.html
2026-04-26 01:37:15 | INFO     | ss_crawler | [ram_scraper] [ram_scraper] No match for mffch: SS.COM Комплектующие к компьютерам - RAM, Цена 5 €
2026-04-26 01:37:15 | INFO     | ss_crawler | [ram_scraper] [ram_scraper] 💰 mffch: Updated (title, description, location)
2026-04-26 01:37:15 | INFO     | ss_crawler | [crawler] [crawler] Fetching : https://www.ss.com/msg/ru/electronics/computers/completing-pc/ram/bkppx.html
2026-04-26 01:37:17 | INFO     | ss_crawler | [ram_scraper] [ram_scraper] Matched bkppx: Crucial Pro 32 GB (100% confidence)
2026-04-26 01:37:17 | INFO     | ss_crawler | [ram_scraper] [ram_scraper] 💰 bkppx: Updated (title, description, location)
2026-04-26 01:37:17 | INFO     | ss_crawler | [crawler] [crawler] Fetching : https://www.ss.com/msg/ru/electronics/computers/completing-pc/ram/lnnnp.html
2026-04-26 01:37:20 | INFO     | ss_crawler | [ram_scraper] [ram_scraper] Matched lnnnp: GeIL GeIL 16GB (100% confidence)
2026-04-26 01:37:20 | INFO     | ss_crawler | [ram_scraper] [ram_scraper] 💰 lnnnp: Updated (title, description, location, match)
2026-04-26 01:37:20 | INFO     | ss_crawler | [crawler] [crawler] Fetching : https://www.ss.com/msg/ru/electronics/computers/completing-pc/ram/bcnpkm.html
2026-04-26 01:37:23 | INFO     | ss_crawler | [ram_scraper] [ram_scraper] No match for bcnpkm: SS.COM Комплектующие к компьютерам - RAM, Цена 80 
2026-04-26 01:37:23 | INFO     | ss_crawler | [ram_scraper] [ram_scraper] 💰 bcnpkm: Updated (title, description, location, match)
2026-04-26 01:37:23 | INFO     | ss_crawler | [crawler] [crawler] Fetching : https://www.ss.com/msg/ru/electronics/computers/completing-pc/ram/opfli.html
2026-04-26 01:37:26 | INFO     | ss_crawler | [ram_scraper] [ram_scraper] Matched opfli: G.Skill Trident Z 128 GB (100% confidence)
2026-04-26 01:37:26 | INFO     | ss_crawler | [ram_scraper] [ram_scraper] 💰 opfli: Updated (title, description, location, match)
2026-04-26 01:37:26 | INFO     | ss_crawler | [crawler] [crawler] Fetching : https://www.ss.com/msg/ru/electronics/computers/completing-pc/ram/cgking.html
2026-04-26 01:37:30 | INFO     | ss_crawler | [ram_scraper] [ram_scraper] Matched cgking: G.Skill Trident X 32 GB (100% confidence)
2026-04-26 01:37:30 | INFO     | ss_crawler | [ram_scraper] [ram_scraper] 💰 cgking: Updated (title, description, location, match)
2026-04-26 01:37:30 | INFO     | ss_crawler | [crawler] [crawler] Fetching : https://www.ss.com/msg/ru/electronics/computers/completing-pc/ram/cgkine.html
2026-04-26 01:37:31 | INFO     | ss_crawler | [ram_scraper] [ram_scraper] Matched cgkine: Kingston HyperX Beast 32 GB (100% confidence)
2026-04-26 01:37:32 | INFO     | ss_crawler | [ram_scraper] [ram_scraper] 💰 cgkine: Updated (title, description, location, match)
2026-04-26 01:37:32 | INFO     | ss_crawler | [crawler] [crawler] Fetching : https://www.ss.com/msg/ru/electronics/computers/completing-pc/ram/cgkiji.html
2026-04-26 01:37:35 | INFO     | ss_crawler | [ram_scraper] [ram_scraper] Matched cgkiji: Kingston HyperX Fury 16 GB (100% confidence)
2026-04-26 01:37:35 | INFO     | ss_crawler | [ram_scraper] [ram_scraper] 💰 cgkiji: Updated (title, description, location, match)
2026-04-26 01:37:35 | INFO     | ss_crawler | [crawler] [crawler] Fetching : https://www.ss.com/msg/ru/electronics/computers/completing-pc/ram/bcnnxk.html
2026-04-26 01:37:38 | INFO     | ss_crawler | [ram_scraper] [ram_scraper] Matched bcnnxk: ADATA ADATA 32GB (97% confidence)
2026-04-26 01:37:38 | INFO     | ss_crawler | [ram_scraper] [ram_scraper] 💰 bcnnxk: Updated (title, description, location, match)
2026-04-26 01:37:38 | INFO     | ss_crawler | [crawler] [crawler] Fetching : https://www.ss.com/msg/ru/electronics/computers/completing-pc/ram/pimel.html
2026-04-26 01:37:40 | INFO     | ss_crawler | [ram_scraper] [ram_scraper] Matched pimel: GeIL Dragon RAM 8 GB (72% confidence)
2026-04-26 01:37:40 | INFO     | ss_crawler | [ram_scraper] [ram_scraper] 💰 pimel: Updated (title, description, location, match)
2026-04-26 01:37:40 | INFO     | ss_crawler | [crawler] [crawler] Fetching : https://www.ss.com/msg/ru/electronics/computers/completing-pc/ram/pixmi.html
2026-04-26 01:37:43 | INFO     | ss_crawler | [ram_scraper] [ram_scraper] Matched pixmi: G.Skill Ripjaws 32 GB (100% confidence)
2026-04-26 01:37:43 | INFO     | ss_crawler | [ram_scraper] [ram_scraper] 💰 pixmi: Updated (title, description, location, match)
2026-04-26 01:37:43 | INFO     | ss_crawler | [crawler] [crawler] Fetching : https://www.ss.com/msg/ru/electronics/computers/completing-pc/ram/cgkifb.html
2026-04-26 01:37:46 | INFO     | ss_crawler | [ram_scraper] [ram_scraper] Matched cgkifb: G.Skill Trident Z5 RGB 32 GB (100% confidence)
2026-04-26 01:37:46 | INFO     | ss_crawler | [ram_scraper] [ram_scraper] 💰 cgkifb: Updated (title, description, location, match)
2026-04-26 01:37:46 | INFO     | ss_crawler | [crawler] [crawler] Fetching : https://www.ss.com/msg/ru/electronics/computers/completing-pc/ram/loljd.html
2026-04-26 01:37:50 | INFO     | ss_crawler | [ram_scraper] [ram_scraper] Matched loljd: Crucial Ballistix 32 GB (100% confidence)
2026-04-26 01:37:50 | INFO     | ss_crawler | [ram_scraper] [ram_scraper] 💰 loljd: Updated (title, description, location, match)
2026-04-26 01:37:50 | INFO     | ss_crawler | [crawler] [crawler] Fetching : https://www.ss.com/msg/ru/electronics/computers/completing-pc/ram/gokin.html
2026-04-26 01:37:54 | INFO     | ss_crawler | [ram_scraper] [ram_scraper] Matched gokin: Crucial Ballistix Sport 8 GB (100% confidence)
2026-04-26 01:37:54 | INFO     | ss_crawler | [ram_scraper] [ram_scraper] 💰 gokin: Updated (title, description, location, match)
2026-04-26 01:37:54 | INFO     | ss_crawler | [ram_scraper] [ram_scraper] Next page URL: https://www.ss.com/lv/electronics/computers/completing-pc/ram/page5.html
2026-04-26 01:37:54 | INFO     | ss_crawler | [ram_scraper] [ram_scraper] Fetching page 4: https://www.ss.com/lv/electronics/computers/completing-pc/ram/page5.html
2026-04-26 01:37:54 | INFO     | ss_crawler | [crawler] [crawler] Fetching : https://www.ss.com/lv/electronics/computers/completing-pc/ram/page5.html
2026-04-26 01:37:56 | INFO     | ss_crawler | [ram_scraper] [ram_scraper] Found 25 listings on page 4, 0 new
2026-04-26 01:37:56 | INFO     | ss_crawler | [ram_scraper] [ram_scraper] Next page URL: https://www.ss.com/ru/electronics/computers/completing-pc/ram/page5.html
2026-04-26 01:37:56 | INFO     | ss_crawler | [ram_scraper] [ram_scraper] Fetching page 5: https://www.ss.com/ru/electronics/computers/completing-pc/ram/page5.html
2026-04-26 01:37:56 | INFO     | ss_crawler | [crawler] [crawler] Fetching : https://www.ss.com/ru/electronics/computers/completing-pc/ram/page5.html
2026-04-26 01:37:59 | INFO     | ss_crawler | [ram_scraper] [ram_scraper] Found 25 listings on page 5, 0 new
2026-04-26 01:38:00 | INFO     | ss_crawler | [ram_scraper] [ram_scraper] Next page URL: https://www.ss.com/lv/electronics/computers/completing-pc/ram/page5.html
2026-04-26 01:38:00 | INFO     | ss_crawler | [ram_scraper] [ram_scraper] Reached max pages limit (5)
2026-04-26 01:38:00 | INFO     | ss_crawler | [ram_scraper] [ram_scraper] RAM scraping complete. Stats: {'processed': 82, 'new': 53, 'updated': 25, 'unchanged': 4, 'failed': 0, 'matched': 74}
2026-04-26 01:44:19 | INFO     | ss_crawler | [database] [database] Database connected: localhost:5433/ss_market
2026-04-26 01:44:20 | INFO     | ss_crawler | [crawler] [crawler] Fetching : https://www.ss.com/msg/lv/electronics/computers/completing-pc/cases/mohnn.html
2026-04-26 01:44:23 | INFO     | ss_crawler | [psu_matcher] [psu_matcher] PSUMatcher initialized with 2895 PSU references
2026-04-26 01:45:07 | INFO     | ss_crawler | [database] [database] Database connected: localhost:5433/ss_market
2026-04-26 01:45:07 | INFO     | ss_crawler | [crawler] [crawler] Fetching : https://www.ss.com/msg/lv/electronics/computers/completing-pc/cases/mohnn.html
2026-04-26 01:45:10 | INFO     | ss_crawler | [psu_matcher] [psu_matcher] PSUMatcher initialized with 2895 PSU references
2026-04-26 01:46:16 | INFO     | ss_crawler | [ssd_scraper] [ssd_scraper] Initializing SSD scraper...
2026-04-26 01:46:16 | INFO     | ss_crawler | [database] [database] Database connected: localhost:5433/ss_market
2026-04-26 01:46:16 | INFO     | ss_crawler | [ssd_scraper] [ssd_scraper] Database: postgresql+psycopg2://crawler:crawler_pass@localhost:5433/ss_market
2026-04-26 01:46:17 | INFO     | ss_crawler | [ssd_matcher] [ssd_matcher] SSDMatcher initialized with 2450 SSDs
2026-04-26 01:46:17 | INFO     | ss_crawler | [ssd_scraper] [ssd_scraper] Loaded 2450 SSD references
2026-04-26 01:46:17 | INFO     | ss_crawler | [ssd_scraper] [ssd_scraper] Starting SSD scraper from https://www.ss.com/lv/electronics/computers/completing-pc/ssd/
2026-04-26 01:46:17 | INFO     | ss_crawler | [ssd_scraper] [ssd_scraper] Fetching page 1: https://www.ss.com/lv/electronics/computers/completing-pc/ssd/
2026-04-26 01:46:17 | INFO     | ss_crawler | [crawler] [crawler] Fetching : https://www.ss.com/lv/electronics/computers/completing-pc/ssd/
2026-04-26 01:46:20 | INFO     | ss_crawler | [ssd_scraper] [ssd_scraper] Found 32 listings on page 1, 32 new
2026-04-26 01:46:20 | INFO     | ss_crawler | [crawler] [crawler] Fetching : https://www.ss.com/msg/lv/electronics/computers/completing-pc/ssd/bomngi.html
2026-04-26 01:46:22 | INFO     | ss_crawler | [ssd_scraper] [ssd_scraper] Matched bomngi: Kingston A400 (100% confidence)
2026-04-26 01:46:22 | INFO     | ss_crawler | [ssd_scraper] [ssd_scraper] ⏸️ bomngi: Unchanged
2026-04-26 01:46:22 | INFO     | ss_crawler | [crawler] [crawler] Fetching : https://www.ss.com/msg/lv/electronics/computers/completing-pc/ssd/bomngi.html
2026-04-26 01:46:25 | INFO     | ss_crawler | [ssd_scraper] [ssd_scraper] Matched bomngi: Kingston A400 (100% confidence)
2026-04-26 01:46:25 | INFO     | ss_crawler | [ssd_scraper] [ssd_scraper] ⏸️ bomngi: Unchanged
2026-04-26 01:46:25 | INFO     | ss_crawler | [crawler] [crawler] Fetching : https://www.ss.com/msg/lv/electronics/computers/completing-pc/ssd/bomngi.html
2026-04-26 01:46:28 | INFO     | ss_crawler | [ssd_scraper] [ssd_scraper] Matched bomngi: Kingston A400 (100% confidence)
2026-04-26 01:46:28 | INFO     | ss_crawler | [ssd_scraper] [ssd_scraper] ⏸️ bomngi: Unchanged
2026-04-26 01:46:28 | INFO     | ss_crawler | [crawler] [crawler] Fetching : https://www.ss.com/msg/lv/electronics/computers/completing-pc/ssd/bopogj.html
2026-04-26 01:46:32 | INFO     | ss_crawler | [ssd_scraper] [ssd_scraper] Matched bopogj: ADATA SU800/SX850 (100% confidence)
2026-04-26 01:46:32 | INFO     | ss_crawler | [ssd_scraper] [ssd_scraper] ⏸️ bopogj: Unchanged
2026-04-26 01:46:32 | INFO     | ss_crawler | [crawler] [crawler] Fetching : https://www.ss.com/msg/lv/electronics/computers/completing-pc/ssd/bojpof.html
2026-04-26 01:46:34 | INFO     | ss_crawler | [ssd_scraper] [ssd_scraper] Matched bojpof: Kingston A400 (100% confidence)
2026-04-26 01:46:34 | INFO     | ss_crawler | [ssd_scraper] [ssd_scraper] ⏸️ bojpof: Unchanged
2026-04-26 01:46:34 | INFO     | ss_crawler | [crawler] [crawler] Fetching : https://www.ss.com/msg/lv/electronics/computers/completing-pc/ssd/bbbffd.html
2026-04-26 01:46:36 | INFO     | ss_crawler | [ssd_scraper] [ssd_scraper] Matched bbbffd: Kingston A400 (94% confidence)
2026-04-26 01:46:36 | INFO     | ss_crawler | [ssd_scraper] [ssd_scraper] ⏸️ bbbffd: Unchanged
2026-04-26 01:46:36 | INFO     | ss_crawler | [crawler] [crawler] Fetching : https://www.ss.com/msg/lv/electronics/computers/completing-pc/ssd/bomnbl.html
2026-04-26 01:46:38 | INFO     | ss_crawler | [ssd_scraper] [ssd_scraper] Matched bomnbl: Samsung 980 (100% confidence)
2026-04-26 01:46:38 | INFO     | ss_crawler | [ssd_scraper] [ssd_scraper] ⏸️ bomnbl: Unchanged
2026-04-26 01:46:38 | INFO     | ss_crawler | [crawler] [crawler] Fetching : https://www.ss.com/msg/lv/electronics/computers/completing-pc/ssd/cglcmb.html
2026-04-26 01:46:40 | INFO     | ss_crawler | [ssd_scraper] [ssd_scraper] Matched cglcmb: Samsung 860 Pro (100% confidence)
2026-04-26 01:46:40 | INFO     | ss_crawler | [ssd_scraper] [ssd_scraper] ⏸️ cglcmb: Unchanged
2026-04-26 01:46:40 | INFO     | ss_crawler | [crawler] [crawler] Fetching : https://www.ss.com/msg/lv/electronics/computers/completing-pc/ssd/bdniph.html
2026-04-26 01:46:42 | INFO     | ss_crawler | [ssd_scraper] [ssd_scraper] Matched bdniph: Samsung 870 QVO (100% confidence)
2026-04-26 01:46:42 | INFO     | ss_crawler | [ssd_scraper] [ssd_scraper] ⏸️ bdniph: Unchanged
2026-04-26 01:46:42 | INFO     | ss_crawler | [crawler] [crawler] Fetching : https://www.ss.com/msg/lv/electronics/computers/completing-pc/ssd/ccgbox.html
2026-04-26 01:46:45 | INFO     | ss_crawler | [ssd_scraper] [ssd_scraper] Matched ccgbox: Samsung 870 QVO (100% confidence)
2026-04-26 01:46:45 | INFO     | ss_crawler | [ssd_scraper] [ssd_scraper] ⏸️ ccgbox: Unchanged
2026-04-26 01:46:45 | INFO     | ss_crawler | [crawler] [crawler] Fetching : https://www.ss.com/msg/lv/electronics/computers/completing-pc/ssd/cdpnkm.html
2026-04-26 01:46:47 | INFO     | ss_crawler | [ssd_scraper] [ssd_scraper] Matched cdpnkm: Kingston NV2 (100% confidence)
2026-04-26 01:46:47 | INFO     | ss_crawler | [ssd_scraper] [ssd_scraper] ⏸️ cdpnkm: Unchanged
2026-04-26 01:46:47 | INFO     | ss_crawler | [crawler] [crawler] Fetching : https://www.ss.com/msg/lv/electronics/computers/completing-pc/ssd/cgknmp.html
2026-04-26 01:46:50 | INFO     | ss_crawler | [ssd_scraper] [ssd_scraper] Matched cgknmp: Kingston NV3 (100% confidence)
2026-04-26 01:46:50 | INFO     | ss_crawler | [ssd_scraper] [ssd_scraper] ⏸️ cgknmp: Unchanged
2026-04-26 01:46:50 | INFO     | ss_crawler | [crawler] [crawler] Fetching : https://www.ss.com/msg/lv/electronics/computers/completing-pc/ssd/cglxno.html
2026-04-26 01:46:52 | INFO     | ss_crawler | [ssd_scraper] [ssd_scraper] Matched cglxno: Crucial X9 Pro (100% confidence)
2026-04-26 01:46:52 | INFO     | ss_crawler | [ssd_scraper] [ssd_scraper] ⏸️ cglxno: Unchanged
2026-04-26 01:46:52 | INFO     | ss_crawler | [crawler] [crawler] Fetching : https://www.ss.com/msg/lv/electronics/computers/completing-pc/ssd/bompdg.html
2026-04-26 01:46:55 | INFO     | ss_crawler | [ssd_scraper] [ssd_scraper] Matched bompdg: Kingston A400 (100% confidence)
2026-04-26 01:46:55 | INFO     | ss_crawler | [ssd_scraper] [ssd_scraper] ⏸️ bompdg: Unchanged
2026-04-26 01:46:55 | INFO     | ss_crawler | [crawler] [crawler] Fetching : https://www.ss.com/msg/lv/electronics/computers/completing-pc/ssd/boncfe.html
2026-04-26 01:46:57 | INFO     | ss_crawler | [ssd_scraper] [ssd_scraper] Matched boncfe: Kingston A400 (100% confidence)
2026-04-26 01:46:57 | INFO     | ss_crawler | [ssd_scraper] [ssd_scraper] ⏸️ boncfe: Unchanged
2026-04-26 01:46:57 | INFO     | ss_crawler | [crawler] [crawler] Fetching : https://www.ss.com/msg/lv/electronics/computers/completing-pc/ssd/bfhxex.html
2026-04-26 01:47:00 | INFO     | ss_crawler | [ssd_scraper] [ssd_scraper] Matched bfhxex: Gigabyte NVMe (100% confidence)
2026-04-26 01:47:00 | INFO     | ss_crawler | [ssd_scraper] [ssd_scraper] ⏸️ bfhxex: Unchanged
2026-04-26 01:47:00 | INFO     | ss_crawler | [crawler] [crawler] Fetching : https://www.ss.com/msg/lv/electronics/computers/completing-pc/ssd/cdejcp.html
2026-04-26 01:47:03 | INFO     | ss_crawler | [ssd_scraper] [ssd_scraper] Matched cdejcp: Kingston A400 (100% confidence)
2026-04-26 01:47:03 | INFO     | ss_crawler | [ssd_scraper] [ssd_scraper] ⏸️ cdejcp: Unchanged
2026-04-26 01:47:03 | INFO     | ss_crawler | [crawler] [crawler] Fetching : https://www.ss.com/msg/lv/electronics/computers/completing-pc/ssd/cglbhb.html
2026-04-26 01:47:05 | INFO     | ss_crawler | [ssd_scraper] [ssd_scraper] Matched cglbhb: Samsung 860 Pro (100% confidence)
2026-04-26 01:47:05 | INFO     | ss_crawler | [ssd_scraper] [ssd_scraper] ⏸️ cglbhb: Unchanged
2026-04-26 01:47:05 | INFO     | ss_crawler | [crawler] [crawler] Fetching : https://www.ss.com/msg/lv/electronics/computers/completing-pc/ssd/beexml.html
2026-04-26 01:47:07 | INFO     | ss_crawler | [ssd_scraper] [ssd_scraper] Matched beexml: WD SN850X (100% confidence)
2026-04-26 01:47:07 | INFO     | ss_crawler | [ssd_scraper] [ssd_scraper] ⏸️ beexml: Unchanged
2026-04-26 01:47:07 | INFO     | ss_crawler | [crawler] [crawler] Fetching : https://www.ss.com/msg/lv/electronics/computers/completing-pc/ssd/ccgbnf.html
2026-04-26 01:47:09 | INFO     | ss_crawler | [ssd_scraper] [ssd_scraper] Matched ccgbnf: Samsung 860 Pro (100% confidence)
2026-04-26 01:47:09 | INFO     | ss_crawler | [ssd_scraper] [ssd_scraper] ⏸️ ccgbnf: Unchanged
2026-04-26 01:47:09 | INFO     | ss_crawler | [crawler] [crawler] Fetching : https://www.ss.com/msg/lv/electronics/computers/completing-pc/ssd/bogfhk.html
2026-04-26 01:47:13 | INFO     | ss_crawler | [ssd_scraper] [ssd_scraper] Matched bogfhk: Samsung 870 EVO (100% confidence)
2026-04-26 01:47:13 | INFO     | ss_crawler | [ssd_scraper] [ssd_scraper] ⏸️ bogfhk: Unchanged
2026-04-26 01:47:13 | INFO     | ss_crawler | [crawler] [crawler] Fetching : https://www.ss.com/msg/lv/electronics/computers/completing-pc/ssd/cgkcie.html
2026-04-26 01:47:15 | INFO     | ss_crawler | [ssd_scraper] [ssd_scraper] Matched cgkcie: Samsung 990 EVO (100% confidence)
2026-04-26 01:47:15 | INFO     | ss_crawler | [ssd_scraper] [ssd_scraper] ⏸️ cgkcie: Unchanged
2026-04-26 01:47:15 | INFO     | ss_crawler | [crawler] [crawler] Fetching : https://www.ss.com/msg/lv/electronics/computers/completing-pc/ssd/cglxfd.html
2026-04-26 01:47:18 | INFO     | ss_crawler | [ssd_scraper] [ssd_scraper] Matched cglxfd: Kingston NV3 (100% confidence)
2026-04-26 01:47:18 | INFO     | ss_crawler | [ssd_scraper] [ssd_scraper] ⏸️ cglxfd: Unchanged
2026-04-26 01:47:18 | INFO     | ss_crawler | [crawler] [crawler] Fetching : https://www.ss.com/msg/lv/electronics/computers/completing-pc/ssd/bigkxn.html
2026-04-26 01:47:21 | INFO     | ss_crawler | [ssd_scraper] [ssd_scraper] Matched bigkxn: Lexar NM790 (100% confidence)
2026-04-26 01:47:21 | INFO     | ss_crawler | [ssd_scraper] [ssd_scraper] ⏸️ bigkxn: Unchanged
2026-04-26 01:47:21 | INFO     | ss_crawler | [crawler] [crawler] Fetching : https://www.ss.com/msg/lv/electronics/computers/completing-pc/ssd/bommhn.html
2026-04-26 01:47:23 | INFO     | ss_crawler | [ssd_scraper] [ssd_scraper] Matched bommhn: Crucial MX500 (100% confidence)
2026-04-26 01:47:23 | INFO     | ss_crawler | [ssd_scraper] [ssd_scraper] ⏸️ bommhn: Unchanged
2026-04-26 01:47:23 | INFO     | ss_crawler | [crawler] [crawler] Fetching : https://www.ss.com/msg/lv/electronics/computers/completing-pc/ssd/ccilhn.html
2026-04-26 01:47:25 | INFO     | ss_crawler | [ssd_scraper] [ssd_scraper] Matched ccilhn: Kingston A400 (100% confidence)
2026-04-26 01:47:25 | INFO     | ss_crawler | [ssd_scraper] [ssd_scraper] ⏸️ ccilhn: Unchanged
2026-04-26 01:47:25 | INFO     | ss_crawler | [crawler] [crawler] Fetching : https://www.ss.com/msg/lv/electronics/computers/completing-pc/ssd/cgkddo.html
2026-04-26 01:47:29 | INFO     | ss_crawler | [ssd_scraper] [ssd_scraper] Matched cgkddo: Patriot Viper VP4300 (100% confidence)
2026-04-26 01:47:29 | INFO     | ss_crawler | [ssd_scraper] [ssd_scraper] ⏸️ cgkddo: Unchanged
2026-04-26 01:47:29 | INFO     | ss_crawler | [crawler] [crawler] Fetching : https://www.ss.com/msg/lv/electronics/computers/completing-pc/ssd/bpmkdj.html
2026-04-26 01:47:31 | INFO     | ss_crawler | [ssd_scraper] [ssd_scraper] Matched bpmkdj: Patriot PXD (100% confidence)
2026-04-26 01:47:31 | INFO     | ss_crawler | [ssd_scraper] [ssd_scraper] ⏸️ bpmkdj: Unchanged
2026-04-26 01:47:31 | INFO     | ss_crawler | [crawler] [crawler] Fetching : https://www.ss.com/msg/lv/electronics/computers/completing-pc/ssd/cegcbp.html
2026-04-26 01:47:33 | INFO     | ss_crawler | [ssd_scraper] [ssd_scraper] Matched cegcbp: ADATA SU650/SU655 (100% confidence)
2026-04-26 01:47:33 | INFO     | ss_crawler | [ssd_scraper] [ssd_scraper] ⏸️ cegcbp: Unchanged
2026-04-26 01:47:33 | INFO     | ss_crawler | [crawler] [crawler] Fetching : https://www.ss.com/msg/lv/electronics/computers/completing-pc/ssd/cdxijg.html
2026-04-26 01:47:35 | INFO     | ss_crawler | [ssd_scraper] [ssd_scraper] No match for cdxijg: SS.COM Komplektējošie datoriem - SSD, Cena 20 €. S
2026-04-26 01:47:35 | INFO     | ss_crawler | [ssd_scraper] [ssd_scraper] ⏸️ cdxijg: Unchanged
2026-04-26 01:47:35 | INFO     | ss_crawler | [crawler] [crawler] Fetching : https://www.ss.com/msg/lv/electronics/computers/completing-pc/ssd/bdocnc.html
2026-04-26 01:47:38 | INFO     | ss_crawler | [ssd_scraper] [ssd_scraper] No match for bdocnc: SS.COM Komplektējošie datoriem - SSD, Cena 5 €. Ss
2026-04-26 01:47:38 | INFO     | ss_crawler | [ssd_scraper] [ssd_scraper] ⏸️ bdocnc: Unchanged
2026-04-26 01:47:38 | INFO     | ss_crawler | [crawler] [crawler] Fetching : https://www.ss.com/msg/lv/electronics/computers/completing-pc/ssd/cdegcg.html
2026-04-26 01:47:40 | INFO     | ss_crawler | [ssd_scraper] [ssd_scraper] Matched cdegcg: Seagate FireCuda 540 (100% confidence)
2026-04-26 01:47:40 | INFO     | ss_crawler | [ssd_scraper] [ssd_scraper] ⏸️ cdegcg: Unchanged
2026-04-26 01:47:40 | INFO     | ss_crawler | [ssd_scraper] [ssd_scraper] Next page URL: https://www.ss.com/lv/electronics/computers/completing-pc/ssd/page2.html
2026-04-26 01:47:40 | INFO     | ss_crawler | [ssd_scraper] [ssd_scraper] Fetching page 2: https://www.ss.com/lv/electronics/computers/completing-pc/ssd/page2.html
2026-04-26 01:47:40 | INFO     | ss_crawler | [crawler] [crawler] Fetching : https://www.ss.com/lv/electronics/computers/completing-pc/ssd/page2.html
2026-04-26 01:47:42 | INFO     | ss_crawler | [ssd_scraper] [ssd_scraper] Found 32 listings on page 2, 32 new
2026-04-26 01:47:42 | INFO     | ss_crawler | [crawler] [crawler] Fetching : https://www.ss.com/msg/lv/electronics/computers/completing-pc/ssd/cgkpie.html
2026-04-26 01:47:45 | INFO     | ss_crawler | [ssd_scraper] [ssd_scraper] Matched cgkpie: Samsung 870 EVO (100% confidence)
2026-04-26 01:47:45 | INFO     | ss_crawler | [ssd_scraper] [ssd_scraper] ⏸️ cgkpie: Unchanged
2026-04-26 01:47:45 | INFO     | ss_crawler | [crawler] [crawler] Fetching : https://www.ss.com/msg/lv/electronics/computers/completing-pc/ssd/cgkpie.html
2026-04-26 01:47:49 | INFO     | ss_crawler | [ssd_scraper] [ssd_scraper] Matched cgkpie: Samsung 870 EVO (100% confidence)
2026-04-26 01:47:49 | INFO     | ss_crawler | [ssd_scraper] [ssd_scraper] ⏸️ cgkpie: Unchanged
2026-04-26 01:47:49 | INFO     | ss_crawler | [crawler] [crawler] Fetching : https://www.ss.com/msg/lv/electronics/computers/completing-pc/ssd/cgkpie.html
2026-04-26 01:47:51 | INFO     | ss_crawler | [ssd_scraper] [ssd_scraper] Matched cgkpie: Samsung 870 EVO (100% confidence)
2026-04-26 01:47:51 | INFO     | ss_crawler | [ssd_scraper] [ssd_scraper] ⏸️ cgkpie: Unchanged
2026-04-26 01:47:51 | INFO     | ss_crawler | [crawler] [crawler] Fetching : https://www.ss.com/msg/lv/electronics/computers/completing-pc/ssd/mhngk.html
2026-04-26 01:47:54 | INFO     | ss_crawler | [ssd_scraper] [ssd_scraper] Matched mhngk: Samsung T5 (82% confidence)
2026-04-26 01:47:54 | INFO     | ss_crawler | [ssd_scraper] [ssd_scraper] ⏸️ mhngk: Unchanged
2026-04-26 01:47:54 | INFO     | ss_crawler | [crawler] [crawler] Fetching : https://www.ss.com/msg/lv/electronics/computers/completing-pc/ssd/bxpkbg.html
2026-04-26 01:47:57 | INFO     | ss_crawler | [ssd_scraper] [ssd_scraper] No match for bxpkbg: SS.COM Komplektējošie datoriem - SSD, Cena 9 €. Ss
2026-04-26 01:47:57 | INFO     | ss_crawler | [ssd_scraper] [ssd_scraper] ⏸️ bxpkbg: Unchanged
2026-04-26 01:47:57 | INFO     | ss_crawler | [crawler] [crawler] Fetching : https://www.ss.com/msg/lv/electronics/computers/completing-pc/ssd/bohhkd.html
2026-04-26 01:47:58 | INFO     | ss_crawler | [ssd_scraper] [ssd_scraper] No match for bohhkd: SS.COM Komplektējošie datoriem - SSD, Cena 5 €. Ss
2026-04-26 01:47:58 | INFO     | ss_crawler | [ssd_scraper] [ssd_scraper] ⏸️ bohhkd: Unchanged
2026-04-26 01:47:58 | INFO     | ss_crawler | [crawler] [crawler] Fetching : https://www.ss.com/msg/lv/electronics/computers/completing-pc/ssd/bommeh.html
2026-04-26 01:48:01 | INFO     | ss_crawler | [ssd_scraper] [ssd_scraper] Matched bommeh: Kingston NV2 (100% confidence)
2026-04-26 01:48:01 | INFO     | ss_crawler | [ssd_scraper] [ssd_scraper] ⏸️ bommeh: Unchanged
2026-04-26 01:48:01 | INFO     | ss_crawler | [crawler] [crawler] Fetching : https://www.ss.com/msg/lv/electronics/computers/completing-pc/ssd/boeccm.html
2026-04-26 01:48:04 | INFO     | ss_crawler | [ssd_scraper] [ssd_scraper] Matched boeccm: Kingston NV1 (100% confidence)
2026-04-26 01:48:04 | INFO     | ss_crawler | [ssd_scraper] [ssd_scraper] ⏸️ boeccm: Unchanged
2026-04-26 01:48:04 | INFO     | ss_crawler | [crawler] [crawler] Fetching : https://www.ss.com/msg/lv/electronics/computers/completing-pc/ssd/bolkkf.html
2026-04-26 01:48:07 | INFO     | ss_crawler | [ssd_scraper] [ssd_scraper] No match for bolkkf: SS.COM Komplektējošie datoriem - SSD, Cena 15 €. C
2026-04-26 01:48:07 | INFO     | ss_crawler | [ssd_scraper] [ssd_scraper] ⏸️ bolkkf: Unchanged
2026-04-26 01:48:07 | INFO     | ss_crawler | [crawler] [crawler] Fetching : https://www.ss.com/msg/lv/electronics/computers/completing-pc/ssd/beexod.html
2026-04-26 01:48:11 | INFO     | ss_crawler | [ssd_scraper] [ssd_scraper] No match for beexod: SS.COM Komplektējošie datoriem - SSD, Cena 15 €. S
2026-04-26 01:48:11 | INFO     | ss_crawler | [ssd_scraper] [ssd_scraper] ⏸️ beexod: Unchanged
2026-04-26 01:48:11 | INFO     | ss_crawler | [crawler] [crawler] Fetching : https://www.ss.com/msg/lv/electronics/computers/completing-pc/ssd/bdccbl.html
2026-04-26 01:48:13 | INFO     | ss_crawler | [ssd_scraper] [ssd_scraper] Matched bdccbl: Kingston A400 (100% confidence)
2026-04-26 01:48:13 | INFO     | ss_crawler | [ssd_scraper] [ssd_scraper] ⏸️ bdccbl: Unchanged
2026-04-26 01:48:13 | INFO     | ss_crawler | [crawler] [crawler] Fetching : https://www.ss.com/msg/lv/electronics/computers/completing-pc/ssd/bdhgeg.html
2026-04-26 01:48:17 | INFO     | ss_crawler | [ssd_scraper] [ssd_scraper] Matched bdhgeg: Crucial P3 (100% confidence)
2026-04-26 01:48:17 | INFO     | ss_crawler | [ssd_scraper] [ssd_scraper] ⏸️ bdhgeg: Unchanged
2026-04-26 01:48:17 | INFO     | ss_crawler | [crawler] [crawler] Fetching : https://www.ss.com/msg/lv/electronics/computers/completing-pc/ssd/bedcbg.html
2026-04-26 01:48:19 | INFO     | ss_crawler | [ssd_scraper] [ssd_scraper] Matched bedcbg: Intel 545s (77% confidence)
2026-04-26 01:48:19 | INFO     | ss_crawler | [ssd_scraper] [ssd_scraper] ⏸️ bedcbg: Unchanged
2026-04-26 01:48:19 | INFO     | ss_crawler | [crawler] [crawler] Fetching : https://www.ss.com/msg/lv/electronics/computers/completing-pc/ssd/bomnhg.html
2026-04-26 01:48:20 | INFO     | ss_crawler | [ssd_scraper] [ssd_scraper] Matched bomnhg: Gigabyte SSD (78% confidence)
2026-04-26 01:48:20 | INFO     | ss_crawler | [ssd_scraper] [ssd_scraper] ⏸️ bomnhg: Unchanged
2026-04-26 01:48:20 | INFO     | ss_crawler | [crawler] [crawler] Fetching : https://www.ss.com/msg/lv/electronics/computers/completing-pc/ssd/ccipee.html
2026-04-26 01:48:23 | INFO     | ss_crawler | [ssd_scraper] [ssd_scraper] Matched ccipee: Crucial T705 (100% confidence)
2026-04-26 01:48:23 | INFO     | ss_crawler | [ssd_scraper] [ssd_scraper] ⏸️ ccipee: Unchanged
2026-04-26 01:48:23 | INFO     | ss_crawler | [crawler] [crawler] Fetching : https://www.ss.com/msg/lv/electronics/computers/completing-pc/ssd/cclgpp.html
2026-04-26 01:48:26 | INFO     | ss_crawler | [ssd_scraper] [ssd_scraper] Matched cclgpp: Samsung 860 EVO (100% confidence)
2026-04-26 01:48:26 | INFO     | ss_crawler | [ssd_scraper] [ssd_scraper] ⏸️ cclgpp: Unchanged
2026-04-26 01:48:26 | INFO     | ss_crawler | [crawler] [crawler] Fetching : https://www.ss.com/msg/lv/electronics/computers/completing-pc/ssd/ccimol.html
2026-04-26 01:48:29 | INFO     | ss_crawler | [ssd_scraper] [ssd_scraper] Matched ccimol: Crucial T710 (100% confidence)
2026-04-26 01:48:29 | INFO     | ss_crawler | [ssd_scraper] [ssd_scraper] ⏸️ ccimol: Unchanged
2026-04-26 01:48:29 | INFO     | ss_crawler | [crawler] [crawler] Fetching : https://www.ss.com/msg/lv/electronics/computers/completing-pc/ssd/cdlbkj.html
2026-04-26 01:48:32 | INFO     | ss_crawler | [ssd_scraper] [ssd_scraper] Matched cdlbkj: WD My Passport SSD (NVMe) (100% confidence)
2026-04-26 01:48:32 | INFO     | ss_crawler | [ssd_scraper] [ssd_scraper] ⏸️ cdlbkj: Unchanged
2026-04-26 01:48:32 | INFO     | ss_crawler | [crawler] [crawler] Fetching : https://www.ss.com/msg/lv/electronics/computers/completing-pc/ssd/cdxmpx.html
2026-04-26 01:48:33 | INFO     | ss_crawler | [ssd_scraper] [ssd_scraper] Matched cdxmpx: Samsung 9100 Pro (100% confidence)
2026-04-26 01:48:33 | INFO     | ss_crawler | [ssd_scraper] [ssd_scraper] ⏸️ cdxmpx: Unchanged
2026-04-26 01:48:33 | INFO     | ss_crawler | [crawler] [crawler] Fetching : https://www.ss.com/msg/lv/electronics/computers/completing-pc/ssd/bpnidc.html
2026-04-26 01:48:35 | INFO     | ss_crawler | [ssd_scraper] [ssd_scraper] Matched bpnidc: Samsung 990 EVO (100% confidence)
2026-04-26 01:48:35 | INFO     | ss_crawler | [ssd_scraper] [ssd_scraper] ⏸️ bpnidc: Unchanged
2026-04-26 01:48:35 | INFO     | ss_crawler | [crawler] [crawler] Fetching : https://www.ss.com/msg/lv/electronics/computers/completing-pc/ssd/pxbnf.html
2026-04-26 01:48:38 | INFO     | ss_crawler | [ssd_scraper] [ssd_scraper] Matched pxbnf: Samsung 990 Pro (100% confidence)
2026-04-26 01:48:38 | INFO     | ss_crawler | [ssd_scraper] [ssd_scraper] ⏸️ pxbnf: Unchanged
2026-04-26 01:48:38 | INFO     | ss_crawler | [crawler] [crawler] Fetching : https://www.ss.com/msg/lv/electronics/computers/completing-pc/ssd/mdchk.html
2026-04-26 01:48:41 | INFO     | ss_crawler | [ssd_scraper] [ssd_scraper] Matched mdchk: Samsung 9100 Pro (100% confidence)
2026-04-26 01:48:41 | INFO     | ss_crawler | [ssd_scraper] [ssd_scraper] ⏸️ mdchk: Unchanged
2026-04-26 01:48:41 | INFO     | ss_crawler | [crawler] [crawler] Fetching : https://www.ss.com/msg/lv/electronics/computers/completing-pc/ssd/bikpbd.html
2026-04-26 01:48:43 | INFO     | ss_crawler | [ssd_scraper] [ssd_scraper] Matched bikpbd: Samsung 970 EVO (100% confidence)
2026-04-26 01:48:43 | INFO     | ss_crawler | [ssd_scraper] [ssd_scraper] ⏸️ bikpbd: Unchanged
2026-04-26 01:48:43 | INFO     | ss_crawler | [crawler] [crawler] Fetching : https://www.ss.com/msg/lv/electronics/computers/completing-pc/ssd/bebobc.html
2026-04-26 01:48:46 | INFO     | ss_crawler | [ssd_scraper] [ssd_scraper] No match for bebobc: SS.COM Komplektējošie datoriem - SSD, Cena 18 €. П
2026-04-26 01:48:46 | INFO     | ss_crawler | [ssd_scraper] [ssd_scraper] ⏸️ bebobc: Unchanged
2026-04-26 01:48:46 | INFO     | ss_crawler | [crawler] [crawler] Fetching : https://www.ss.com/msg/lv/electronics/computers/completing-pc/ssd/bommeg.html
2026-04-26 01:48:49 | INFO     | ss_crawler | [ssd_scraper] [ssd_scraper] Matched bommeg: Kingston NV2 (90% confidence)
2026-04-26 01:48:49 | INFO     | ss_crawler | [ssd_scraper] [ssd_scraper] ⏸️ bommeg: Unchanged
2026-04-26 01:48:49 | INFO     | ss_crawler | [crawler] [crawler] Fetching : https://www.ss.com/msg/lv/electronics/computers/completing-pc/ssd/ccgbnd.html
2026-04-26 01:48:51 | INFO     | ss_crawler | [ssd_scraper] [ssd_scraper] Matched ccgbnd: Kingston A400 (100% confidence)
2026-04-26 01:48:51 | INFO     | ss_crawler | [ssd_scraper] [ssd_scraper] ⏸️ ccgbnd: Unchanged
2026-04-26 01:48:51 | INFO     | ss_crawler | [crawler] [crawler] Fetching : https://www.ss.com/msg/lv/electronics/computers/completing-pc/ssd/ccjmpg.html
2026-04-26 01:48:55 | INFO     | ss_crawler | [ssd_scraper] [ssd_scraper] Matched ccjmpg: Samsung 860 EVO (100% confidence)
2026-04-26 01:48:55 | INFO     | ss_crawler | [ssd_scraper] [ssd_scraper] ⏸️ ccjmpg: Unchanged
2026-04-26 01:48:55 | INFO     | ss_crawler | [crawler] [crawler] Fetching : https://www.ss.com/msg/lv/electronics/computers/completing-pc/ssd/ccnpef.html
2026-04-26 01:48:58 | INFO     | ss_crawler | [ssd_scraper] [ssd_scraper] Matched ccnpef: Kingston NV2 (100% confidence)
2026-04-26 01:48:58 | INFO     | ss_crawler | [ssd_scraper] [ssd_scraper] ⏸️ ccnpef: Unchanged
2026-04-26 01:48:58 | INFO     | ss_crawler | [crawler] [crawler] Fetching : https://www.ss.com/msg/lv/electronics/computers/completing-pc/ssd/odkpc.html
2026-04-26 01:49:01 | INFO     | ss_crawler | [ssd_scraper] [ssd_scraper] Matched odkpc: Samsung 970 EVO (100% confidence)
2026-04-26 01:49:01 | INFO     | ss_crawler | [ssd_scraper] [ssd_scraper] ⏸️ odkpc: Unchanged
2026-04-26 01:49:01 | INFO     | ss_crawler | [crawler] [crawler] Fetching : https://www.ss.com/msg/lv/electronics/computers/completing-pc/ssd/ccpjxj.html
2026-04-26 01:49:04 | INFO     | ss_crawler | [ssd_scraper] [ssd_scraper] Matched ccpjxj: Crucial P310 (100% confidence)
2026-04-26 01:49:04 | INFO     | ss_crawler | [ssd_scraper] [ssd_scraper] ⏸️ ccpjxj: Unchanged
2026-04-26 01:49:04 | INFO     | ss_crawler | [crawler] [crawler] Fetching : https://www.ss.com/msg/lv/electronics/computers/completing-pc/ssd/bedcbh.html
2026-04-26 01:49:06 | INFO     | ss_crawler | [ssd_scraper] [ssd_scraper] Matched bedcbh: Samsung 990 EVO (100% confidence)
2026-04-26 01:49:06 | INFO     | ss_crawler | [ssd_scraper] [ssd_scraper] ⏸️ bedcbh: Unchanged
2026-04-26 01:49:06 | INFO     | ss_crawler | [crawler] [crawler] Fetching : https://www.ss.com/msg/lv/electronics/computers/completing-pc/ssd/bdkkjl.html
2026-04-26 01:49:10 | INFO     | ss_crawler | [ssd_scraper] [ssd_scraper] Matched bdkkjl: Samsung 860 Pro (100% confidence)
2026-04-26 01:49:10 | INFO     | ss_crawler | [ssd_scraper] [ssd_scraper] ⏸️ bdkkjl: Unchanged
2026-04-26 01:49:10 | INFO     | ss_crawler | [ssd_scraper] [ssd_scraper] Next page URL: https://www.ss.com/ru/electronics/computers/completing-pc/ssd/page2.html
2026-04-26 01:49:10 | INFO     | ss_crawler | [ssd_scraper] [ssd_scraper] Fetching page 3: https://www.ss.com/ru/electronics/computers/completing-pc/ssd/page2.html
2026-04-26 01:49:10 | INFO     | ss_crawler | [crawler] [crawler] Fetching : https://www.ss.com/ru/electronics/computers/completing-pc/ssd/page2.html
2026-04-26 01:49:13 | INFO     | ss_crawler | [ssd_scraper] [ssd_scraper] Found 32 listings on page 3, 32 new
2026-04-26 01:49:13 | INFO     | ss_crawler | [crawler] [crawler] Fetching : https://www.ss.com/msg/ru/electronics/computers/completing-pc/ssd/cgkpie.html
2026-04-26 01:49:16 | INFO     | ss_crawler | [ssd_scraper] [ssd_scraper] Matched cgkpie: Gigabyte SSD (60% confidence)
2026-04-26 01:49:16 | INFO     | ss_crawler | [ssd_scraper] [ssd_scraper] 🔄 cgkpie: Updated (title, description, location, match)
2026-04-26 01:49:16 | INFO     | ss_crawler | [crawler] [crawler] Fetching : https://www.ss.com/msg/ru/electronics/computers/completing-pc/ssd/cgkpie.html
2026-04-26 01:49:18 | INFO     | ss_crawler | [ssd_scraper] [ssd_scraper] Matched cgkpie: Gigabyte SSD (60% confidence)
2026-04-26 01:49:18 | INFO     | ss_crawler | [ssd_scraper] [ssd_scraper] 🔄 cgkpie: Updated (content)
2026-04-26 01:49:18 | INFO     | ss_crawler | [crawler] [crawler] Fetching : https://www.ss.com/msg/ru/electronics/computers/completing-pc/ssd/cgkpie.html
2026-04-26 01:49:21 | INFO     | ss_crawler | [ssd_scraper] [ssd_scraper] Matched cgkpie: Gigabyte SSD (60% confidence)
2026-04-26 01:49:21 | INFO     | ss_crawler | [ssd_scraper] [ssd_scraper] 🔄 cgkpie: Updated (content)
2026-04-26 01:49:21 | INFO     | ss_crawler | [crawler] [crawler] Fetching : https://www.ss.com/msg/ru/electronics/computers/completing-pc/ssd/mhngk.html
2026-04-26 01:49:24 | INFO     | ss_crawler | [ssd_scraper] [ssd_scraper] Matched mhngk: Gigabyte SSD (60% confidence)
2026-04-26 01:49:24 | INFO     | ss_crawler | [ssd_scraper] [ssd_scraper] 🔄 mhngk: Updated (title, description, location, match)
2026-04-26 01:49:24 | INFO     | ss_crawler | [crawler] [crawler] Fetching : https://www.ss.com/msg/ru/electronics/computers/completing-pc/ssd/bxpkbg.html
2026-04-26 01:49:26 | INFO     | ss_crawler | [ssd_scraper] [ssd_scraper] Matched bxpkbg: Gigabyte SSD (60% confidence)
2026-04-26 01:49:26 | INFO     | ss_crawler | [ssd_scraper] [ssd_scraper] 🔄 bxpkbg: Updated (title, description, location, match)
2026-04-26 01:49:26 | INFO     | ss_crawler | [crawler] [crawler] Fetching : https://www.ss.com/msg/ru/electronics/computers/completing-pc/ssd/bohhkd.html
2026-04-26 01:49:30 | INFO     | ss_crawler | [ssd_scraper] [ssd_scraper] Matched bohhkd: Gigabyte SSD (60% confidence)
2026-04-26 01:49:30 | INFO     | ss_crawler | [ssd_scraper] [ssd_scraper] 🔄 bohhkd: Updated (title, description, location, match)
2026-04-26 01:49:30 | INFO     | ss_crawler | [crawler] [crawler] Fetching : https://www.ss.com/msg/ru/electronics/computers/completing-pc/ssd/bommeh.html
2026-04-26 01:49:32 | INFO     | ss_crawler | [ssd_scraper] [ssd_scraper] Matched bommeh: Kingston NV2 (100% confidence)
2026-04-26 01:49:32 | INFO     | ss_crawler | [ssd_scraper] [ssd_scraper] 🔄 bommeh: Updated (title, description, location, match)
2026-04-26 01:49:32 | INFO     | ss_crawler | [crawler] [crawler] Fetching : https://www.ss.com/msg/ru/electronics/computers/completing-pc/ssd/boeccm.html
2026-04-26 01:49:35 | INFO     | ss_crawler | [ssd_scraper] [ssd_scraper] Matched boeccm: Kingston NV1 (80% confidence)
2026-04-26 01:49:35 | INFO     | ss_crawler | [ssd_scraper] [ssd_scraper] 🔄 boeccm: Updated (title, description, location)
2026-04-26 01:49:35 | INFO     | ss_crawler | [crawler] [crawler] Fetching : https://www.ss.com/msg/ru/electronics/computers/completing-pc/ssd/bolkkf.html
2026-04-26 01:49:38 | INFO     | ss_crawler | [ssd_scraper] [ssd_scraper] Matched bolkkf: Kingston NV1 (80% confidence)
2026-04-26 01:49:38 | INFO     | ss_crawler | [ssd_scraper] [ssd_scraper] 🔄 bolkkf: Updated (title, description, location, match)
2026-04-26 01:49:38 | INFO     | ss_crawler | [crawler] [crawler] Fetching : https://www.ss.com/msg/ru/electronics/computers/completing-pc/ssd/beexod.html
2026-04-26 01:49:40 | INFO     | ss_crawler | [ssd_scraper] [ssd_scraper] Matched beexod: Samsung T5 (82% confidence)
2026-04-26 01:49:40 | INFO     | ss_crawler | [ssd_scraper] [ssd_scraper] 🔄 beexod: Updated (title, description, location, match)
2026-04-26 01:49:40 | INFO     | ss_crawler | [crawler] [crawler] Fetching : https://www.ss.com/msg/ru/electronics/computers/completing-pc/ssd/bdccbl.html
2026-04-26 01:49:41 | INFO     | ss_crawler | [ssd_scraper] [ssd_scraper] Matched bdccbl: Kingston A400 (100% confidence)
2026-04-26 01:49:41 | INFO     | ss_crawler | [ssd_scraper] [ssd_scraper] 🔄 bdccbl: Updated (title, description, location, match)
2026-04-26 01:49:41 | INFO     | ss_crawler | [crawler] [crawler] Fetching : https://www.ss.com/msg/ru/electronics/computers/completing-pc/ssd/bdhgeg.html
2026-04-26 01:49:44 | INFO     | ss_crawler | [ssd_scraper] [ssd_scraper] Matched bdhgeg: Crucial P3 (100% confidence)
2026-04-26 01:49:44 | INFO     | ss_crawler | [ssd_scraper] [ssd_scraper] 🔄 bdhgeg: Updated (title, description, location, match)
2026-04-26 01:49:44 | INFO     | ss_crawler | [crawler] [crawler] Fetching : https://www.ss.com/msg/ru/electronics/computers/completing-pc/ssd/bedcbg.html
2026-04-26 01:49:46 | INFO     | ss_crawler | [ssd_scraper] [ssd_scraper] Matched bedcbg: Intel 545s (67% confidence)
2026-04-26 01:49:46 | INFO     | ss_crawler | [ssd_scraper] [ssd_scraper] 🔄 bedcbg: Updated (title, description, location)
2026-04-26 01:49:46 | INFO     | ss_crawler | [crawler] [crawler] Fetching : https://www.ss.com/msg/ru/electronics/computers/completing-pc/ssd/bomnhg.html
2026-04-26 01:49:49 | INFO     | ss_crawler | [ssd_scraper] [ssd_scraper] Matched bomnhg: Gigabyte SSD (60% confidence)
2026-04-26 01:49:49 | INFO     | ss_crawler | [ssd_scraper] [ssd_scraper] 🔄 bomnhg: Updated (title, description, location)
2026-04-26 01:49:49 | INFO     | ss_crawler | [crawler] [crawler] Fetching : https://www.ss.com/msg/ru/electronics/computers/completing-pc/ssd/ccipee.html
2026-04-26 01:49:52 | INFO     | ss_crawler | [ssd_scraper] [ssd_scraper] Matched ccipee: Crucial T705 (100% confidence)
2026-04-26 01:49:52 | INFO     | ss_crawler | [ssd_scraper] [ssd_scraper] 🔄 ccipee: Updated (title, description, location, match)
2026-04-26 01:49:52 | INFO     | ss_crawler | [crawler] [crawler] Fetching : https://www.ss.com/msg/ru/electronics/computers/completing-pc/ssd/cclgpp.html
2026-04-26 01:49:55 | INFO     | ss_crawler | [ssd_scraper] [ssd_scraper] Matched cclgpp: Samsung T5 EVO (100% confidence)
2026-04-26 01:49:55 | INFO     | ss_crawler | [ssd_scraper] [ssd_scraper] 🔄 cclgpp: Updated (title, description, location, match)
2026-04-26 01:49:55 | INFO     | ss_crawler | [crawler] [crawler] Fetching : https://www.ss.com/msg/ru/electronics/computers/completing-pc/ssd/ccimol.html
2026-04-26 01:49:58 | INFO     | ss_crawler | [ssd_scraper] [ssd_scraper] Matched ccimol: Crucial T710 (100% confidence)
2026-04-26 01:49:58 | INFO     | ss_crawler | [ssd_scraper] [ssd_scraper] 🔄 ccimol: Updated (title, description, location)
2026-04-26 01:49:58 | INFO     | ss_crawler | [crawler] [crawler] Fetching : https://www.ss.com/msg/ru/electronics/computers/completing-pc/ssd/cdlbkj.html
2026-04-26 01:50:00 | INFO     | ss_crawler | [ssd_scraper] [ssd_scraper] Matched cdlbkj: WD SN7100 (100% confidence)
2026-04-26 01:50:00 | INFO     | ss_crawler | [ssd_scraper] [ssd_scraper] 🔄 cdlbkj: Updated (title, description, location, match)
2026-04-26 01:50:00 | INFO     | ss_crawler | [crawler] [crawler] Fetching : https://www.ss.com/msg/ru/electronics/computers/completing-pc/ssd/cdxmpx.html
2026-04-26 01:50:02 | INFO     | ss_crawler | [ssd_scraper] [ssd_scraper] Matched cdxmpx: Samsung 9100 Pro (100% confidence)
2026-04-26 01:50:02 | INFO     | ss_crawler | [ssd_scraper] [ssd_scraper] 🔄 cdxmpx: Updated (title, description, location)
2026-04-26 01:50:02 | INFO     | ss_crawler | [crawler] [crawler] Fetching : https://www.ss.com/msg/ru/electronics/computers/completing-pc/ssd/bpnidc.html
2026-04-26 01:50:04 | INFO     | ss_crawler | [ssd_scraper] [ssd_scraper] Matched bpnidc: Samsung 990 EVO (100% confidence)
2026-04-26 01:50:04 | INFO     | ss_crawler | [ssd_scraper] [ssd_scraper] 🔄 bpnidc: Updated (title, description, location, match)
2026-04-26 01:50:04 | INFO     | ss_crawler | [crawler] [crawler] Fetching : https://www.ss.com/msg/ru/electronics/computers/completing-pc/ssd/pxbnf.html
2026-04-26 01:50:06 | INFO     | ss_crawler | [ssd_scraper] [ssd_scraper] Matched pxbnf: Samsung 990 Pro (100% confidence)
2026-04-26 01:50:06 | INFO     | ss_crawler | [ssd_scraper] [ssd_scraper] 🔄 pxbnf: Updated (title, description, location, match)
2026-04-26 01:50:06 | INFO     | ss_crawler | [crawler] [crawler] Fetching : https://www.ss.com/msg/ru/electronics/computers/completing-pc/ssd/mdchk.html
2026-04-26 01:50:08 | INFO     | ss_crawler | [ssd_scraper] [ssd_scraper] Matched mdchk: Samsung 9100 Pro (100% confidence)
2026-04-26 01:50:08 | INFO     | ss_crawler | [ssd_scraper] [ssd_scraper] 🔄 mdchk: Updated (title, description, location, match)
2026-04-26 01:50:08 | INFO     | ss_crawler | [crawler] [crawler] Fetching : https://www.ss.com/msg/ru/electronics/computers/completing-pc/ssd/bikpbd.html
2026-04-26 01:50:11 | INFO     | ss_crawler | [ssd_scraper] [ssd_scraper] Matched bikpbd: Samsung T5 (82% confidence)
2026-04-26 01:50:11 | INFO     | ss_crawler | [ssd_scraper] [ssd_scraper] 🔄 bikpbd: Updated (title, description, location, match)
2026-04-26 01:50:11 | INFO     | ss_crawler | [crawler] [crawler] Fetching : https://www.ss.com/msg/ru/electronics/computers/completing-pc/ssd/bebobc.html
2026-04-26 01:50:13 | INFO     | ss_crawler | [ssd_scraper] [ssd_scraper] Matched bebobc: Intel 545s (67% confidence)
2026-04-26 01:50:13 | INFO     | ss_crawler | [ssd_scraper] [ssd_scraper] 🔄 bebobc: Updated (title, description, location, match)
2026-04-26 01:50:13 | INFO     | ss_crawler | [crawler] [crawler] Fetching : https://www.ss.com/msg/ru/electronics/computers/completing-pc/ssd/bommeg.html
2026-04-26 01:50:16 | INFO     | ss_crawler | [ssd_scraper] [ssd_scraper] Matched bommeg: Kingston NV1 (80% confidence)
2026-04-26 01:50:16 | INFO     | ss_crawler | [ssd_scraper] [ssd_scraper] 🔄 bommeg: Updated (title, description, location, match)
2026-04-26 01:50:16 | INFO     | ss_crawler | [crawler] [crawler] Fetching : https://www.ss.com/msg/ru/electronics/computers/completing-pc/ssd/ccgbnd.html
2026-04-26 01:50:18 | INFO     | ss_crawler | [ssd_scraper] [ssd_scraper] Matched ccgbnd: Kingston A400 (100% confidence)
2026-04-26 01:50:18 | INFO     | ss_crawler | [ssd_scraper] [ssd_scraper] 🔄 ccgbnd: Updated (title, description, location, match)
2026-04-26 01:50:18 | INFO     | ss_crawler | [crawler] [crawler] Fetching : https://www.ss.com/msg/ru/electronics/computers/completing-pc/ssd/ccjmpg.html
2026-04-26 01:50:21 | INFO     | ss_crawler | [ssd_scraper] [ssd_scraper] Matched ccjmpg: Samsung T5 EVO (100% confidence)
2026-04-26 01:50:21 | INFO     | ss_crawler | [ssd_scraper] [ssd_scraper] 🔄 ccjmpg: Updated (title, description, location, match)
2026-04-26 01:50:21 | INFO     | ss_crawler | [crawler] [crawler] Fetching : https://www.ss.com/msg/ru/electronics/computers/completing-pc/ssd/ccnpef.html
2026-04-26 01:50:24 | INFO     | ss_crawler | [ssd_scraper] [ssd_scraper] Matched ccnpef: Kingston NV2 (100% confidence)
2026-04-26 01:50:24 | INFO     | ss_crawler | [ssd_scraper] [ssd_scraper] 🔄 ccnpef: Updated (title, description, location)
2026-04-26 01:50:24 | INFO     | ss_crawler | [crawler] [crawler] Fetching : https://www.ss.com/msg/ru/electronics/computers/completing-pc/ssd/odkpc.html
2026-04-26 01:50:27 | INFO     | ss_crawler | [ssd_scraper] [ssd_scraper] Matched odkpc: Gigabyte SSD (60% confidence)
2026-04-26 01:50:27 | INFO     | ss_crawler | [ssd_scraper] [ssd_scraper] 🔄 odkpc: Updated (title, description, location, match)
2026-04-26 01:50:27 | INFO     | ss_crawler | [crawler] [crawler] Fetching : https://www.ss.com/msg/ru/electronics/computers/completing-pc/ssd/ccpjxj.html
2026-04-26 01:50:30 | INFO     | ss_crawler | [ssd_scraper] [ssd_scraper] Matched ccpjxj: Crucial P310 (100% confidence)
2026-04-26 01:50:30 | INFO     | ss_crawler | [ssd_scraper] [ssd_scraper] 🔄 ccpjxj: Updated (title, description, location, match)
2026-04-26 01:50:30 | INFO     | ss_crawler | [crawler] [crawler] Fetching : https://www.ss.com/msg/ru/electronics/computers/completing-pc/ssd/bedcbh.html
2026-04-26 01:50:32 | INFO     | ss_crawler | [ssd_scraper] [ssd_scraper] Matched bedcbh: Samsung 990 EVO (100% confidence)
2026-04-26 01:50:32 | INFO     | ss_crawler | [ssd_scraper] [ssd_scraper] 🔄 bedcbh: Updated (title, description, location)
2026-04-26 01:50:32 | INFO     | ss_crawler | [crawler] [crawler] Fetching : https://www.ss.com/msg/ru/electronics/computers/completing-pc/ssd/bdkkjl.html
2026-04-26 01:50:36 | INFO     | ss_crawler | [ssd_scraper] [ssd_scraper] Matched bdkkjl: Samsung T5 (82% confidence)
2026-04-26 01:50:36 | INFO     | ss_crawler | [ssd_scraper] [ssd_scraper] 🔄 bdkkjl: Updated (title, description, location, match)
2026-04-26 01:50:36 | INFO     | ss_crawler | [ssd_scraper] [ssd_scraper] Next page URL: https://www.ss.com/lv/electronics/computers/completing-pc/ssd/page2.html
2026-04-26 01:50:36 | INFO     | ss_crawler | [ssd_scraper] [ssd_scraper] Fetching page 4: https://www.ss.com/lv/electronics/computers/completing-pc/ssd/page2.html
2026-04-26 01:50:36 | INFO     | ss_crawler | [crawler] [crawler] Fetching : https://www.ss.com/lv/electronics/computers/completing-pc/ssd/page2.html
2026-04-26 01:50:38 | INFO     | ss_crawler | [ssd_scraper] [ssd_scraper] Found 32 listings on page 4, 0 new
2026-04-26 01:50:38 | INFO     | ss_crawler | [ssd_scraper] [ssd_scraper] Next page URL: https://www.ss.com/ru/electronics/computers/completing-pc/ssd/page2.html
2026-04-26 01:50:38 | INFO     | ss_crawler | [ssd_scraper] [ssd_scraper] Fetching page 5: https://www.ss.com/ru/electronics/computers/completing-pc/ssd/page2.html
2026-04-26 01:50:38 | INFO     | ss_crawler | [crawler] [crawler] Fetching : https://www.ss.com/ru/electronics/computers/completing-pc/ssd/page2.html
2026-04-26 01:50:40 | INFO     | ss_crawler | [ssd_scraper] [ssd_scraper] Found 32 listings on page 5, 0 new
2026-04-26 01:50:40 | INFO     | ss_crawler | [ssd_scraper] [ssd_scraper] Next page URL: https://www.ss.com/lv/electronics/computers/completing-pc/ssd/page2.html
2026-04-26 01:50:40 | INFO     | ss_crawler | [ssd_scraper] [ssd_scraper] Reached max pages limit (5)
2026-04-26 01:50:40 | INFO     | ss_crawler | [ssd_scraper] [ssd_scraper] SSD scraping complete. Stats: {'processed': 96, 'new': 0, 'updated': 32, 'unchanged': 64, 'failed': 0, 'matched': 89}
2026-04-26 01:56:20 | INFO     | ss_crawler | [database] [database] Database connected: localhost:5433/ss_market
2026-04-26 01:56:20 | INFO     | ss_crawler | [crawler] [crawler] Fetching : https://www.ss.com/msg/lv/electronics/computers/completing-pc/cases/mohnn.html
2026-04-26 01:56:23 | INFO     | ss_crawler | [psu_matcher] [psu_matcher] PSUMatcher initialized with 2895 PSU references
2026-04-26 01:56:45 | INFO     | ss_crawler | [database] [database] Database connected: localhost:5433/ss_market
2026-04-26 01:56:45 | INFO     | ss_crawler | [crawler] [crawler] Fetching : https://www.ss.com/msg/lv/electronics/computers/completing-pc/cases/bplhki.html
2026-04-26 01:56:49 | INFO     | ss_crawler | [psu_matcher] [psu_matcher] PSUMatcher initialized with 2895 PSU references
2026-04-26 01:57:44 | INFO     | ss_crawler | [database] [database] Database connected: localhost:5433/ss_market
2026-04-26 01:57:45 | INFO     | ss_crawler | [crawler] [crawler] Fetching : https://www.ss.com/msg/lv/electronics/computers/completing-pc/cases/bplhmk.html
2026-04-26 01:57:48 | INFO     | ss_crawler | [psu_matcher] [psu_matcher] PSUMatcher initialized with 2895 PSU references
2026-04-26 02:01:31 | INFO     | ss_crawler | [database] [database] Database connected: localhost:5433/ss_market
2026-04-26 02:01:31 | INFO     | ss_crawler | [crawler] [crawler] Fetching : https://www.ss.com/msg/lv/electronics/computers/completing-pc/cases/bplhmk.html
2026-04-26 02:01:33 | INFO     | ss_crawler | [psu_matcher] [psu_matcher] PSUMatcher initialized with 2894 PSU references
2026-04-26 02:02:10 | INFO     | ss_crawler | [database] [database] Database connected: localhost:5433/ss_market
2026-04-26 02:02:11 | INFO     | ss_crawler | [crawler] [crawler] Fetching : https://www.ss.com/msg/lv/electronics/computers/completing-pc/cases/bxxkel.html
2026-04-26 02:02:14 | INFO     | ss_crawler | [psu_matcher] [psu_matcher] PSUMatcher initialized with 2894 PSU references
2026-04-26 02:04:37 | INFO     | ss_crawler | [database] [database] Database connected: localhost:5433/ss_market
2026-04-26 02:04:37 | INFO     | ss_crawler | [crawler] [crawler] Fetching : https://www.ss.com/msg/lv/electronics/computers/completing-pc/cases/bplhmk.html
2026-04-26 02:04:40 | INFO     | ss_crawler | [psu_matcher] [psu_matcher] PSUMatcher initialized with 2894 PSU references
2026-04-26 02:07:29 | INFO     | ss_crawler | [database] [database] Database connected: localhost:5433/ss_market
2026-04-26 02:07:29 | ERROR    | ss_crawler | [database] [database] Database transaction failed: (psycopg2.errors.UndefinedColumn) column "psu_id" does not exist
LINE 1: SELECT psu_id FROM psu_reference WHERE name = 'Gigabyte Herc...
               ^

[SQL: SELECT psu_id FROM psu_reference WHERE name = %(name)s]
[parameters: {'name': 'Gigabyte Hercules Pro 430'}]
(Background on this error at: https://sqlalche.me/e/20/f405)
2026-04-26 02:08:03 | INFO     | ss_crawler | [database] [database] Database connected: localhost:5433/ss_market
2026-04-26 02:08:04 | INFO     | ss_crawler | [crawler] [crawler] Fetching : https://www.ss.com/msg/lv/electronics/computers/completing-pc/cases/bplhmk.html
2026-04-26 02:08:06 | INFO     | ss_crawler | [psu_matcher] [psu_matcher] PSUMatcher initialized with 2894 PSU references
2026-04-26 02:08:29 | INFO     | ss_crawler | [database] [database] Database connected: localhost:5433/ss_market
2026-04-26 02:08:29 | ERROR    | ss_crawler | [database] [database] Database transaction failed: (psycopg2.errors.NotNullViolation) null value in column "normalized_name" of relation "psu_reference" violates not-null constraint
DETAIL:  Failing row contains (8682, Gigabyte Hercules Pro 430, ATX, 80+, 430, , null, null, {gigabyteherculespro430,"gigabyte hercules pro 430"}, null).

[SQL: 
                INSERT INTO psu_reference 
                (id, name, form_factor, efficiency_rating, wattage, modular, rating, price, search_keywords)
                VALUES (%(id)s, %(name)s, %(form)s, %(efficiency)s, %(wattage)s, %(modular)s, %(rating)s, %(price)s, %(keywords)s)
            ]
[parameters: {'id': 8682, 'name': 'Gigabyte Hercules Pro 430', 'form': 'ATX', 'efficiency': '80+', 'wattage': '430', 'modular': '', 'rating': None, 'price': None, 'keywords': ['gigabyteherculespro430', 'gigabyte hercules pro 430']}]
(Background on this error at: https://sqlalche.me/e/20/gkpj)
2026-04-26 02:09:35 | INFO     | ss_crawler | [database] [database] Database connected: localhost:5433/ss_market
2026-04-26 02:09:36 | INFO     | ss_crawler | [crawler] [crawler] Fetching : https://www.ss.com/msg/lv/electronics/computers/completing-pc/cases/bplhmk.html
2026-04-26 02:09:38 | INFO     | ss_crawler | [psu_matcher] [psu_matcher] PSUMatcher initialized with 2894 PSU references
2026-04-26 02:09:57 | INFO     | ss_crawler | [database] [database] Database connected: localhost:5433/ss_market
2026-04-26 02:10:27 | INFO     | ss_crawler | [database] [database] Database connected: localhost:5433/ss_market
2026-04-26 02:10:27 | INFO     | ss_crawler | [crawler] [crawler] Fetching : https://www.ss.com/msg/lv/electronics/computers/completing-pc/cases/bxxkel.html
2026-04-26 02:10:30 | INFO     | ss_crawler | [psu_matcher] [psu_matcher] PSUMatcher initialized with 2895 PSU references
2026-04-26 02:11:01 | INFO     | ss_crawler | [database] [database] Database connected: localhost:5433/ss_market
2026-04-26 02:11:01 | INFO     | ss_crawler | [crawler] [crawler] Fetching : https://www.ss.com/msg/lv/electronics/computers/completing-pc/cases/cdjii.html
2026-04-26 02:11:04 | INFO     | ss_crawler | [psu_matcher] [psu_matcher] PSUMatcher initialized with 2895 PSU references
2026-04-26 02:12:16 | INFO     | ss_crawler | [psu_matcher] [psu_matcher] PSUMatcher initialized with 0 PSU references
2026-04-26 02:12:31 | INFO     | ss_crawler | [database] [database] Database connected: localhost:5433/ss_market
2026-04-26 02:12:31 | INFO     | ss_crawler | [crawler] [crawler] Fetching : https://www.ss.com/msg/lv/electronics/computers/completing-pc/cases/bplhmk.html
2026-04-26 02:12:34 | INFO     | ss_crawler | [psu_matcher] [psu_matcher] PSUMatcher initialized with 2895 PSU references
2026-04-26 02:13:52 | INFO     | ss_crawler | [database] [database] Database connected: localhost:5433/ss_market
2026-04-26 02:13:52 | INFO     | ss_crawler | [crawler] [crawler] Fetching : https://www.ss.com/msg/lv/electronics/computers/completing-pc/cases/bpmmbm.html
2026-04-26 02:13:54 | INFO     | ss_crawler | [psu_matcher] [psu_matcher] PSUMatcher initialized with 2895 PSU references
2026-04-26 02:15:51 | INFO     | ss_crawler | [database] [database] Database connected: localhost:5433/ss_market
2026-04-26 02:15:51 | INFO     | ss_crawler | [crawler] [crawler] Fetching : https://www.ss.com/msg/lv/electronics/computers/completing-pc/cases/bplhmk.html
2026-04-26 02:15:53 | INFO     | ss_crawler | [psu_matcher] [psu_matcher] PSUMatcher initialized with 2895 PSU references
2026-04-26 02:17:14 | INFO     | ss_crawler | [database] [database] Database connected: localhost:5433/ss_market
2026-04-26 02:17:14 | INFO     | ss_crawler | [crawler] [crawler] Fetching : https://www.ss.com/msg/lv/electronics/computers/completing-pc/cases/cdjii.html
2026-04-26 02:17:17 | INFO     | ss_crawler | [psu_matcher] [psu_matcher] PSUMatcher initialized with 2895 PSU references
2026-04-26 02:17:26 | INFO     | ss_crawler | [database] [database] Database connected: localhost:5433/ss_market
2026-04-26 02:17:27 | INFO     | ss_crawler | [crawler] [crawler] Fetching : https://www.ss.com/msg/lv/electronics/computers/completing-pc/cases/bpmmbm.html
2026-04-26 02:17:29 | INFO     | ss_crawler | [psu_matcher] [psu_matcher] PSUMatcher initialized with 2895 PSU references
2026-04-26 02:21:37 | INFO     | ss_crawler | [database] [database] Database connected: localhost:5433/ss_market
2026-04-26 02:21:37 | INFO     | ss_crawler | [crawler] [crawler] Fetching : https://www.ss.com/msg/lv/electronics/computers/completing-pc/cases/bplhmk.html
2026-04-26 02:21:39 | INFO     | ss_crawler | [psu_matcher] [psu_matcher] PSUMatcher initialized with 2895 PSU references
2026-04-26 02:24:59 | INFO     | ss_crawler | [database] [database] Database connected: localhost:5433/ss_market
2026-04-26 02:24:59 | INFO     | ss_crawler | [crawler] [crawler] Fetching : https://www.ss.com/msg/lv/electronics/computers/completing-pc/cases/bpmmbm.html
2026-04-26 02:25:02 | INFO     | ss_crawler | [psu_matcher] [psu_matcher] PSUMatcher initialized with 2895 PSU references
2026-04-26 02:25:20 | INFO     | ss_crawler | [database] [database] Database connected: localhost:5433/ss_market
2026-04-26 02:25:20 | INFO     | ss_crawler | [crawler] [crawler] Fetching : https://www.ss.com/msg/lv/electronics/computers/completing-pc/cases/cfoxmp.html
2026-04-26 02:25:23 | INFO     | ss_crawler | [psu_matcher] [psu_matcher] PSUMatcher initialized with 2895 PSU references
2026-04-26 02:26:34 | INFO     | ss_crawler | [database] [database] Database connected: localhost:5433/ss_market
2026-04-26 02:26:35 | ERROR    | ss_crawler | [database] [database] Database transaction failed: invalid literal for int() with base 10: '53.99'
2026-04-26 02:27:12 | INFO     | ss_crawler | [database] [database] Database connected: localhost:5433/ss_market
2026-04-26 02:27:12 | ERROR    | ss_crawler | [database] [database] Database transaction failed: (psycopg2.errors.UndefinedColumn) column "case_type" of relation "case_reference" does not exist
LINE 3:             (id, name, normalized_name, case_type, color, po...
                                                ^

[SQL: 
            INSERT INTO case_reference 
            (id, name, normalized_name, case_type, color, power_supply, side_panel, 
             external_volume, internal_35_bays, rating, price, search_keywords)
            VALUES (%(id)s, %(name)s, %(normalized_name)s, %(case_type)s, %(color)s, %(power_supply)s, 
                    %(side_panel)s, %(external_volume)s, %(internal_35_bays)s, %(rating)s, %(price)s, %(keywords)s)
        ]
[parameters: {'id': 5737, 'name': 'Inter-Tech K1', 'normalized_name': 'intertech k1', 'case_type': 'ATX Mid Tower', 'color': 'Black', 'power_supply': 'None', 'side_panel': 'None', 'external_volume': None, 'internal_35_bays': 0, 'rating': 0, 'price': 53.99, 'keywords': ['intertech k1', 'intertechk1', 'inter tech k1']}]
(Background on this error at: https://sqlalche.me/e/20/f405)
2026-04-26 02:27:45 | INFO     | ss_crawler | [database] [database] Database connected: localhost:5433/ss_market
2026-04-26 02:27:45 | ERROR    | ss_crawler | [database] [database] Database transaction failed: (psycopg2.errors.UndefinedColumn) column "case_type" of relation "case_reference" does not exist
LINE 3:             (id, name, normalized_name, case_type, color, po...
                                                ^

[SQL: 
            INSERT INTO case_reference 
            (id, name, normalized_name, case_type, color, power_supply, side_panel, 
             external_volume, internal_35_bays, rating, price, search_keywords)
            VALUES (%(id)s, %(name)s, %(normalized_name)s, %(case_type)s, %(color)s, %(power_supply)s, 
                    %(side_panel)s, %(external_volume)s, %(internal_35_bays)s, %(rating)s, %(price)s, %(keywords)s)
        ]
[parameters: {'id': 5737, 'name': 'Inter-Tech K1', 'normalized_name': 'intertech k1', 'case_type': 'ATX Mid Tower', 'color': 'Black', 'power_supply': 'None', 'side_panel': 'None', 'external_volume': None, 'internal_35_bays': 0, 'rating': 0, 'price': 53.99, 'keywords': ['intertechk1', 'intertech k1', 'inter tech k1']}]
(Background on this error at: https://sqlalche.me/e/20/f405)
2026-04-26 02:31:31 | INFO     | ss_crawler | [database] [database] Database connected: localhost:5433/ss_market
2026-04-26 02:31:31 | ERROR    | ss_crawler | [database] [database] Database transaction failed: 'utf-8' codec can't decode byte 0xa0 in position 3740: invalid start byte
2026-04-26 02:35:26 | INFO     | ss_crawler | [database] [database] Database connected: localhost:5433/ss_market
2026-04-26 02:35:31 | INFO     | ss_crawler | [database] [database] Database connected: localhost:5433/ss_market
2026-04-26 02:35:35 | INFO     | ss_crawler | [database] [database] Database connected: localhost:5433/ss_market
2026-04-26 02:35:42 | INFO     | ss_crawler | [database] [database] Database connected: localhost:5433/ss_market
2026-04-26 02:45:36 | INFO     | ss_crawler | [database] [database] Database connected: localhost:5433/ss_market
2026-04-26 02:45:37 | INFO     | ss_crawler | [case_matcher] [case_matcher] CaseMatcher initialized with 5740 case references
2026-04-26 02:45:37 | INFO     | ss_crawler | [psu_matcher] [psu_matcher] PSUMatcher initialized with 2895 PSU references
2026-04-26 02:45:37 | INFO     | ss_crawler | [cases_scraper] [cases_scraper] Loaded 5740 case and 2895 PSU references
2026-04-26 02:45:37 | INFO     | ss_crawler | [cases_scraper] [cases_scraper] Scraping cases category: /lv/electronics/computers/completing-pc/video/
2026-04-26 02:45:37 | INFO     | ss_crawler | [crawler] [crawler] Fetching : https://www.ss.com/lv/electronics/computers/completing-pc/video/
2026-04-26 02:52:08 | INFO     | ss_crawler | [database] [database] Database connected: localhost:5433/ss_market
2026-04-26 02:52:08 | INFO     | ss_crawler | [case_matcher] [case_matcher] CaseMatcher initialized with 5740 case references
2026-04-26 02:52:08 | INFO     | ss_crawler | [psu_matcher] [psu_matcher] PSUMatcher initialized with 2895 PSU references
2026-04-26 02:52:08 | INFO     | ss_crawler | [cases_scraper] [cases_scraper] Loaded 5740 case and 2895 PSU references
2026-04-26 02:52:08 | INFO     | ss_crawler | [cases_scraper] [cases_scraper] Scraping cases category: /lv/electronics/computers/completing-pc/video/
2026-04-26 02:52:08 | INFO     | ss_crawler | [crawler] [crawler] Fetching : https://www.ss.com/lv/electronics/computers/completing-pc/video/
2026-04-26 02:52:12 | INFO     | ss_crawler | [cases_scraper] [cases_scraper] Found 60 listings on page 1
2026-04-26 02:52:12 | INFO     | ss_crawler | [crawler] [crawler] Fetching : https://www.ss.com/msg/lv/electronics/computers/completing-pc/video/bkbjpm.html
2026-04-26 02:52:14 | ERROR    | ss_crawler | [database] [database] Database transaction failed: unsupported operand type(s) for -: 'decimal.Decimal' and 'float'
2026-04-26 02:52:14 | ERROR    | ss_crawler | [cases_scraper] [cases_scraper] [ERROR] Error saving bkbjpm: unsupported operand type(s) for -: 'decimal.Decimal' and 'float'
2026-04-26 02:52:14 | INFO     | ss_crawler | [crawler] [crawler] Fetching : https://www.ss.com/msg/lv/electronics/computers/completing-pc/video/bkbjpm.html
2026-04-26 02:52:16 | ERROR    | ss_crawler | [database] [database] Database transaction failed: unsupported operand type(s) for -: 'decimal.Decimal' and 'float'
2026-04-26 02:52:16 | ERROR    | ss_crawler | [cases_scraper] [cases_scraper] [ERROR] Error saving bkbjpm: unsupported operand type(s) for -: 'decimal.Decimal' and 'float'
2026-04-26 02:52:16 | INFO     | ss_crawler | [crawler] [crawler] Fetching : https://www.ss.com/msg/lv/electronics/computers/completing-pc/video/biddmf.html
2026-04-26 02:52:19 | ERROR    | ss_crawler | [database] [database] Database transaction failed: unsupported operand type(s) for -: 'decimal.Decimal' and 'float'
2026-04-26 02:52:19 | ERROR    | ss_crawler | [cases_scraper] [cases_scraper] [ERROR] Error saving biddmf: unsupported operand type(s) for -: 'decimal.Decimal' and 'float'
2026-04-26 02:52:19 | INFO     | ss_crawler | [crawler] [crawler] Fetching : https://www.ss.com/msg/lv/electronics/computers/completing-pc/video/biddmf.html
2026-04-26 02:52:21 | ERROR    | ss_crawler | [database] [database] Database transaction failed: unsupported operand type(s) for -: 'decimal.Decimal' and 'float'
2026-04-26 02:52:21 | ERROR    | ss_crawler | [cases_scraper] [cases_scraper] [ERROR] Error saving biddmf: unsupported operand type(s) for -: 'decimal.Decimal' and 'float'
2026-04-26 02:52:21 | INFO     | ss_crawler | [crawler] [crawler] Fetching : https://www.ss.com/msg/lv/electronics/computers/completing-pc/video/fmflm.html
2026-04-26 02:52:24 | ERROR    | ss_crawler | [database] [database] Database transaction failed: unsupported operand type(s) for -: 'decimal.Decimal' and 'float'
2026-04-26 02:52:24 | ERROR    | ss_crawler | [cases_scraper] [cases_scraper] [ERROR] Error saving fmflm: unsupported operand type(s) for -: 'decimal.Decimal' and 'float'
2026-04-26 02:52:24 | INFO     | ss_crawler | [crawler] [crawler] Fetching : https://www.ss.com/msg/lv/electronics/computers/completing-pc/video/fmflm.html
2026-04-26 02:56:33 | INFO     | ss_crawler | [database] [database] Database connected: localhost:5433/ss_market
2026-04-26 02:56:34 | INFO     | ss_crawler | [case_matcher] [case_matcher] CaseMatcher initialized with 5740 case references
2026-04-26 02:56:34 | INFO     | ss_crawler | [psu_matcher] [psu_matcher] PSUMatcher initialized with 2895 PSU references
2026-04-26 02:56:34 | INFO     | ss_crawler | [cases_scraper] [cases_scraper] Loaded 5740 case and 2895 PSU references
2026-04-26 02:56:34 | INFO     | ss_crawler | [cases_scraper] [cases_scraper] Scraping cases category: /lv/electronics/computers/completing-pc/cases/
2026-04-26 02:56:34 | INFO     | ss_crawler | [crawler] [crawler] Fetching : https://www.ss.com/lv/electronics/computers/completing-pc/cases/
2026-04-26 02:56:36 | INFO     | ss_crawler | [cases_scraper] [cases_scraper] Found 60 listings on page 1
2026-04-26 02:56:36 | INFO     | ss_crawler | [crawler] [crawler] Fetching : https://www.ss.com/msg/lv/electronics/computers/completing-pc/cases/bplhoi.html
2026-04-26 02:56:39 | INFO     | ss_crawler | [cases_scraper] [cases_scraper] [UNCHANGED] CASE bplhoi: Unchanged
2026-04-26 02:56:39 | INFO     | ss_crawler | [crawler] [crawler] Fetching : https://www.ss.com/msg/lv/electronics/computers/completing-pc/cases/bplhoi.html
2026-04-26 02:56:42 | INFO     | ss_crawler | [cases_scraper] [cases_scraper] [UNCHANGED] CASE bplhoi: Unchanged
2026-04-26 02:56:42 | INFO     | ss_crawler | [crawler] [crawler] Fetching : https://www.ss.com/msg/lv/electronics/computers/completing-pc/cases/bxbhjl.html
2026-04-26 02:56:45 | INFO     | ss_crawler | [cases_scraper] [cases_scraper] [UNCHANGED] PSU bxbhjl: Unchanged
2026-04-26 02:56:45 | INFO     | ss_crawler | [crawler] [crawler] Fetching : https://www.ss.com/msg/lv/electronics/computers/completing-pc/cases/bxbhjl.html
2026-04-26 02:56:47 | INFO     | ss_crawler | [cases_scraper] [cases_scraper] [UNCHANGED] PSU bxbhjl: Unchanged
2026-04-26 02:56:47 | INFO     | ss_crawler | [crawler] [crawler] Fetching : https://www.ss.com/msg/lv/electronics/computers/completing-pc/cases/gpnpp.html
2026-04-26 02:56:48 | INFO     | ss_crawler | [cases_scraper] [cases_scraper] [UNCHANGED] PSU gpnpp: Unchanged
2026-04-26 02:56:48 | INFO     | ss_crawler | [crawler] [crawler] Fetching : https://www.ss.com/msg/lv/electronics/computers/completing-pc/cases/gpnpp.html
2026-04-26 02:56:51 | INFO     | ss_crawler | [cases_scraper] [cases_scraper] [UNCHANGED] PSU gpnpp: Unchanged
2026-04-26 02:56:51 | INFO     | ss_crawler | [crawler] [crawler] Fetching : https://www.ss.com/msg/lv/electronics/computers/completing-pc/cases/ppcfi.html
2026-04-26 02:56:54 | INFO     | ss_crawler | [cases_scraper] [cases_scraper] [UNCHANGED] CASE ppcfi: Unchanged
2026-04-26 02:56:54 | INFO     | ss_crawler | [crawler] [crawler] Fetching : https://www.ss.com/msg/lv/electronics/computers/completing-pc/cases/ppcfi.html
2026-04-26 02:56:57 | INFO     | ss_crawler | [cases_scraper] [cases_scraper] [UNCHANGED] CASE ppcfi: Unchanged
2026-04-26 02:56:57 | INFO     | ss_crawler | [crawler] [crawler] Fetching : https://www.ss.com/msg/lv/electronics/computers/completing-pc/cases/cxlhib.html
2026-04-26 02:58:36 | INFO     | ss_crawler | [database] [database] Database connected: localhost:5433/ss_market
2026-04-26 02:58:36 | INFO     | ss_crawler | [case_matcher] [case_matcher] CaseMatcher initialized with 5740 case references
2026-04-26 02:58:37 | INFO     | ss_crawler | [psu_matcher] [psu_matcher] PSUMatcher initialized with 2895 PSU references
2026-04-26 02:58:37 | INFO     | ss_crawler | [cases_scraper] [cases_scraper] Loaded 5740 case and 2895 PSU references
2026-04-26 02:58:37 | INFO     | ss_crawler | [cases_scraper] [cases_scraper] Scraping cases category: /lv/electronics/computers/completing-pc/cases/
2026-04-26 02:58:37 | INFO     | ss_crawler | [crawler] [crawler] Fetching : https://www.ss.com/lv/electronics/computers/completing-pc/cases/
2026-04-26 02:58:40 | INFO     | ss_crawler | [cases_scraper] [cases_scraper] Found 60 listings on page 1
2026-04-26 02:58:40 | INFO     | ss_crawler | [crawler] [crawler] Fetching : https://www.ss.com/msg/lv/electronics/computers/completing-pc/cases/bplhoi.html
2026-04-26 02:58:43 | INFO     | ss_crawler | [cases_scraper] [cases_scraper] [UNCHANGED] CASE bplhoi: Unchanged
2026-04-26 02:58:43 | INFO     | ss_crawler | [crawler] [crawler] Fetching : https://www.ss.com/msg/lv/electronics/computers/completing-pc/cases/bplhoi.html
2026-04-26 02:58:46 | INFO     | ss_crawler | [cases_scraper] [cases_scraper] [UNCHANGED] CASE bplhoi: Unchanged
2026-04-26 02:58:46 | INFO     | ss_crawler | [crawler] [crawler] Fetching : https://www.ss.com/msg/lv/electronics/computers/completing-pc/cases/bxbhjl.html
2026-04-26 02:58:49 | INFO     | ss_crawler | [cases_scraper] [cases_scraper] [UNCHANGED] PSU bxbhjl -> EVGA 600 B1: Unchanged
2026-04-26 02:58:49 | INFO     | ss_crawler | [crawler] [crawler] Fetching : https://www.ss.com/msg/lv/electronics/computers/completing-pc/cases/bxbhjl.html
2026-04-26 02:58:52 | INFO     | ss_crawler | [cases_scraper] [cases_scraper] [UNCHANGED] PSU bxbhjl -> EVGA 600 B1: Unchanged
2026-04-26 02:58:52 | INFO     | ss_crawler | [crawler] [crawler] Fetching : https://www.ss.com/msg/lv/electronics/computers/completing-pc/cases/gpnpp.html
2026-04-26 02:58:54 | INFO     | ss_crawler | [cases_scraper] [cases_scraper] [UNCHANGED] PSU gpnpp -> Aerocool Integrator: Unchanged
2026-04-26 02:58:54 | INFO     | ss_crawler | [crawler] [crawler] Fetching : https://www.ss.com/msg/lv/electronics/computers/completing-pc/cases/gpnpp.html
2026-04-26 02:58:57 | INFO     | ss_crawler | [cases_scraper] [cases_scraper] [UNCHANGED] PSU gpnpp -> Aerocool Integrator: Unchanged
2026-04-26 02:58:57 | INFO     | ss_crawler | [crawler] [crawler] Fetching : https://www.ss.com/msg/lv/electronics/computers/completing-pc/cases/ppcfi.html
2026-04-26 02:59:00 | INFO     | ss_crawler | [cases_scraper] [cases_scraper] [UNCHANGED] CASE ppcfi -> HP Omen X: Unchanged
2026-04-26 02:59:00 | INFO     | ss_crawler | [crawler] [crawler] Fetching : https://www.ss.com/msg/lv/electronics/computers/completing-pc/cases/ppcfi.html
2026-04-26 02:59:03 | INFO     | ss_crawler | [cases_scraper] [cases_scraper] [UNCHANGED] CASE ppcfi -> HP Omen X: Unchanged
2026-04-26 02:59:03 | INFO     | ss_crawler | [crawler] [crawler] Fetching : https://www.ss.com/msg/lv/electronics/computers/completing-pc/cases/cxlhib.html
2026-04-26 02:59:06 | INFO     | ss_crawler | [cases_scraper] [cases_scraper] [UNCHANGED] PSU cxlhib: Unchanged
2026-04-26 02:59:06 | INFO     | ss_crawler | [crawler] [crawler] Fetching : https://www.ss.com/msg/lv/electronics/computers/completing-pc/cases/cxlhib.html
2026-04-26 02:59:08 | INFO     | ss_crawler | [cases_scraper] [cases_scraper] [UNCHANGED] PSU cxlhib: Unchanged
2026-04-26 02:59:08 | INFO     | ss_crawler | [crawler] [crawler] Fetching : https://www.ss.com/msg/lv/electronics/computers/completing-pc/cases/cfknkc.html
2026-04-26 02:59:10 | INFO     | ss_crawler | [cases_scraper] [cases_scraper] [UNCHANGED] PSU cfknkc -> Xilence XP830R8: Unchanged
2026-04-26 02:59:10 | INFO     | ss_crawler | [crawler] [crawler] Fetching : https://www.ss.com/msg/lv/electronics/computers/completing-pc/cases/cfknkc.html
2026-04-26 02:59:12 | INFO     | ss_crawler | [cases_scraper] [cases_scraper] [UNCHANGED] PSU cfknkc -> Xilence XP830R8: Unchanged
2026-04-26 02:59:12 | INFO     | ss_crawler | [crawler] [crawler] Fetching : https://www.ss.com/msg/lv/electronics/computers/completing-pc/cases/cxmemf.html
2026-04-26 02:59:15 | INFO     | ss_crawler | [cases_scraper] [cases_scraper] [UNCHANGED] PSU cxmemf -> HEC Orion: Unchanged
2026-04-26 02:59:15 | INFO     | ss_crawler | [crawler] [crawler] Fetching : https://www.ss.com/msg/lv/electronics/computers/completing-pc/cases/cxmemf.html
2026-04-26 02:59:17 | INFO     | ss_crawler | [cases_scraper] [cases_scraper] [UNCHANGED] PSU cxmemf -> HEC Orion: Unchanged
2026-04-26 02:59:17 | INFO     | ss_crawler | [crawler] [crawler] Fetching : https://www.ss.com/msg/lv/electronics/computers/completing-pc/cases/bpmllm.html
2026-04-26 02:59:20 | INFO     | ss_crawler | [cases_scraper] [cases_scraper] [UNCHANGED] PSU bpmllm: Unchanged
2026-04-26 02:59:20 | INFO     | ss_crawler | [crawler] [crawler] Fetching : https://www.ss.com/msg/lv/electronics/computers/completing-pc/cases/bpmllm.html
2026-04-26 02:59:23 | INFO     | ss_crawler | [cases_scraper] [cases_scraper] [UNCHANGED] PSU bpmllm: Unchanged
2026-04-26 02:59:23 | INFO     | ss_crawler | [crawler] [crawler] Fetching : https://www.ss.com/msg/lv/electronics/computers/completing-pc/cases/blbkli.html
2026-04-26 02:59:26 | INFO     | ss_crawler | [cases_scraper] [cases_scraper] [UNCHANGED] CASE blbkli -> Lian Li PC-7FN USB 3.0: Unchanged
2026-04-26 02:59:26 | INFO     | ss_crawler | [crawler] [crawler] Fetching : https://www.ss.com/msg/lv/electronics/computers/completing-pc/cases/blbkli.html
2026-04-26 02:59:28 | INFO     | ss_crawler | [cases_scraper] [cases_scraper] [UNCHANGED] CASE blbkli -> Lian Li PC-7FN USB 3.0: Unchanged
2026-04-26 02:59:28 | INFO     | ss_crawler | [crawler] [crawler] Fetching : https://www.ss.com/msg/lv/electronics/computers/completing-pc/cases/gdpgp.html
2026-04-26 02:59:32 | INFO     | ss_crawler | [cases_scraper] [cases_scraper] [UNCHANGED] PSU gdpgp: Unchanged
2026-04-26 02:59:32 | INFO     | ss_crawler | [crawler] [crawler] Fetching : https://www.ss.com/msg/lv/electronics/computers/completing-pc/cases/gdpgp.html
2026-04-26 02:59:35 | INFO     | ss_crawler | [cases_scraper] [cases_scraper] [UNCHANGED] PSU gdpgp: Unchanged
2026-04-26 02:59:35 | INFO     | ss_crawler | [crawler] [crawler] Fetching : https://www.ss.com/msg/lv/electronics/computers/completing-pc/cases/bclmck.html
2026-04-26 02:59:38 | INFO     | ss_crawler | [cases_scraper] [cases_scraper] [UNCHANGED] CASE bclmck: Unchanged
2026-04-26 02:59:38 | INFO     | ss_crawler | [crawler] [crawler] Fetching : https://www.ss.com/msg/lv/electronics/computers/completing-pc/cases/bclmck.html
2026-04-26 02:59:40 | INFO     | ss_crawler | [cases_scraper] [cases_scraper] [UNCHANGED] CASE bclmck: Unchanged
2026-04-26 02:59:40 | INFO     | ss_crawler | [crawler] [crawler] Fetching : https://www.ss.com/msg/lv/electronics/computers/completing-pc/cases/bcjgnn.html
2026-04-26 02:59:43 | INFO     | ss_crawler | [cases_scraper] [cases_scraper] [UNCHANGED] CASE bcjgnn -> Zalman T6 Mini: Unchanged
2026-04-26 02:59:43 | INFO     | ss_crawler | [crawler] [crawler] Fetching : https://www.ss.com/msg/lv/electronics/computers/completing-pc/cases/bcjgnn.html
2026-04-26 02:59:47 | INFO     | ss_crawler | [cases_scraper] [cases_scraper] [UNCHANGED] CASE bcjgnn -> Zalman T6 Mini: Unchanged
2026-04-26 02:59:47 | INFO     | ss_crawler | [crawler] [crawler] Fetching : https://www.ss.com/msg/lv/electronics/computers/completing-pc/cases/bxxkel.html
2026-04-26 02:59:50 | INFO     | ss_crawler | [cases_scraper] [cases_scraper] [UNCHANGED] PSU bxxkel -> Gigabyte Hercules Pro 430: Unchanged
2026-04-26 02:59:50 | INFO     | ss_crawler | [crawler] [crawler] Fetching : https://www.ss.com/msg/lv/electronics/computers/completing-pc/cases/bxxkel.html
2026-04-26 02:59:52 | INFO     | ss_crawler | [cases_scraper] [cases_scraper] [UNCHANGED] PSU bxxkel -> Gigabyte Hercules Pro 430: Unchanged
2026-04-26 02:59:52 | INFO     | ss_crawler | [crawler] [crawler] Fetching : https://www.ss.com/msg/lv/electronics/computers/completing-pc/cases/pmxbm.html
2026-04-26 02:59:55 | INFO     | ss_crawler | [cases_scraper] [cases_scraper] [UNCHANGED] CASE pmxbm -> GameMax Black Hole: Unchanged
2026-04-26 02:59:55 | INFO     | ss_crawler | [crawler] [crawler] Fetching : https://www.ss.com/msg/lv/electronics/computers/completing-pc/cases/pmxbm.html
2026-04-26 02:59:57 | INFO     | ss_crawler | [cases_scraper] [cases_scraper] [UNCHANGED] CASE pmxbm -> GameMax Black Hole: Unchanged
2026-04-26 02:59:57 | INFO     | ss_crawler | [crawler] [crawler] Fetching : https://www.ss.com/msg/lv/electronics/computers/completing-pc/cases/geehg.html
2026-04-26 03:00:00 | INFO     | ss_crawler | [cases_scraper] [cases_scraper] [UNCHANGED] PSU geehg -> be quiet! Pure Power 10: Unchanged
2026-04-26 03:00:00 | INFO     | ss_crawler | [crawler] [crawler] Fetching : https://www.ss.com/msg/lv/electronics/computers/completing-pc/cases/geehg.html
2026-04-26 03:00:02 | INFO     | ss_crawler | [cases_scraper] [cases_scraper] [UNCHANGED] PSU geehg -> be quiet! Pure Power 10: Unchanged
2026-04-26 03:00:02 | INFO     | ss_crawler | [crawler] [crawler] Fetching : https://www.ss.com/msg/lv/electronics/computers/completing-pc/cases/bpmloe.html
2026-04-26 03:00:05 | INFO     | ss_crawler | [cases_scraper] [cases_scraper] [UNCHANGED] PSU bpmloe -> MSI MAG A650BN: Unchanged
2026-04-26 03:00:05 | INFO     | ss_crawler | [crawler] [crawler] Fetching : https://www.ss.com/msg/lv/electronics/computers/completing-pc/cases/bpmloe.html
2026-04-26 03:00:08 | INFO     | ss_crawler | [cases_scraper] [cases_scraper] [UNCHANGED] PSU bpmloe -> MSI MAG A650BN: Unchanged
2026-04-26 03:00:08 | INFO     | ss_crawler | [crawler] [crawler] Fetching : https://www.ss.com/msg/lv/electronics/computers/completing-pc/cases/pngio.html
2026-04-26 03:00:11 | INFO     | ss_crawler | [cases_scraper] [cases_scraper] [UNCHANGED] CASE pngio -> BitFenix BitFenix Neos Window BFC-NEO-100-WWWKS-RP White Steel / Plastic ATX Mid Tower Computer Case: Unchanged
2026-04-26 03:00:11 | INFO     | ss_crawler | [crawler] [crawler] Fetching : https://www.ss.com/msg/lv/electronics/computers/completing-pc/cases/pngio.html
2026-04-26 03:00:13 | INFO     | ss_crawler | [cases_scraper] [cases_scraper] [UNCHANGED] CASE pngio -> BitFenix BitFenix Neos Window BFC-NEO-100-WWWKS-RP White Steel / Plastic ATX Mid Tower Computer Case: Unchanged
2026-04-26 03:00:13 | INFO     | ss_crawler | [crawler] [crawler] Fetching : https://www.ss.com/msg/lv/electronics/computers/completing-pc/cases/mejei.html
2026-04-26 03:00:16 | INFO     | ss_crawler | [cases_scraper] [cases_scraper] [UNCHANGED] CASE mejei -> OCPC MINI: Unchanged
2026-04-26 03:00:16 | INFO     | ss_crawler | [crawler] [crawler] Fetching : https://www.ss.com/msg/lv/electronics/computers/completing-pc/cases/mejei.html
2026-04-26 03:00:19 | INFO     | ss_crawler | [cases_scraper] [cases_scraper] [UNCHANGED] CASE mejei -> OCPC MINI: Unchanged
2026-04-26 03:00:19 | INFO     | ss_crawler | [crawler] [crawler] Fetching : https://www.ss.com/msg/lv/electronics/computers/completing-pc/cases/mohnn.html
2026-04-26 03:00:22 | INFO     | ss_crawler | [cases_scraper] [cases_scraper] [UNCHANGED] PSU mohnn -> be quiet! System Power 7: Unchanged
2026-04-26 03:00:22 | INFO     | ss_crawler | [crawler] [crawler] Fetching : https://www.ss.com/msg/lv/electronics/computers/completing-pc/cases/mohnn.html
2026-04-26 03:00:24 | INFO     | ss_crawler | [cases_scraper] [cases_scraper] [UNCHANGED] PSU mohnn -> be quiet! System Power 7: Unchanged
2026-04-26 03:00:24 | INFO     | ss_crawler | [crawler] [crawler] Fetching : https://www.ss.com/msg/lv/electronics/computers/completing-pc/cases/cgjkkg.html
2026-04-26 03:00:27 | INFO     | ss_crawler | [cases_scraper] [cases_scraper] [UNCHANGED] PSU cgjkkg -> Inter-Tech 88882037: Unchanged
2026-04-26 03:00:27 | INFO     | ss_crawler | [crawler] [crawler] Fetching : https://www.ss.com/msg/lv/electronics/computers/completing-pc/cases/cgjkkg.html
2026-04-26 03:00:30 | INFO     | ss_crawler | [cases_scraper] [cases_scraper] [UNCHANGED] PSU cgjkkg -> Inter-Tech 88882037: Unchanged
2026-04-26 03:00:30 | INFO     | ss_crawler | [crawler] [crawler] Fetching : https://www.ss.com/msg/lv/electronics/computers/completing-pc/cases/bbnph.html
2026-04-26 03:00:33 | INFO     | ss_crawler | [cases_scraper] [cases_scraper] [UNCHANGED] PSU bbnph -> Chieftec GPS-700A8: Unchanged
2026-04-26 03:00:33 | INFO     | ss_crawler | [crawler] [crawler] Fetching : https://www.ss.com/msg/lv/electronics/computers/completing-pc/cases/bbnph.html
2026-04-26 03:00:36 | INFO     | ss_crawler | [cases_scraper] [cases_scraper] [UNCHANGED] PSU bbnph -> Chieftec GPS-700A8: Unchanged
2026-04-26 03:00:36 | INFO     | ss_crawler | [crawler] [crawler] Fetching : https://www.ss.com/msg/lv/electronics/computers/completing-pc/cases/bclonh.html
2026-04-26 03:00:40 | INFO     | ss_crawler | [cases_scraper] [cases_scraper] [UNCHANGED] PSU bclonh: Unchanged
2026-04-26 03:00:40 | INFO     | ss_crawler | [crawler] [crawler] Fetching : https://www.ss.com/msg/lv/electronics/computers/completing-pc/cases/bclonh.html
2026-04-26 03:00:42 | INFO     | ss_crawler | [cases_scraper] [cases_scraper] [UNCHANGED] PSU bclonh: Unchanged
2026-04-26 03:00:42 | INFO     | ss_crawler | [crawler] [crawler] Fetching : https://www.ss.com/msg/lv/electronics/computers/completing-pc/cases/bplhki.html
2026-04-26 03:00:45 | INFO     | ss_crawler | [cases_scraper] [cases_scraper] [UNCHANGED] PSU bplhki -> Energon Eps-650W: Unchanged
2026-04-26 03:00:45 | INFO     | ss_crawler | [crawler] [crawler] Fetching : https://www.ss.com/msg/lv/electronics/computers/completing-pc/cases/bplhki.html
2026-04-26 03:00:47 | INFO     | ss_crawler | [cases_scraper] [cases_scraper] [UNCHANGED] PSU bplhki -> Energon Eps-650W: Unchanged
2026-04-26 03:00:47 | INFO     | ss_crawler | [crawler] [crawler] Fetching : https://www.ss.com/msg/lv/electronics/computers/completing-pc/cases/gkhce.html
2026-04-26 03:00:50 | INFO     | ss_crawler | [cases_scraper] [cases_scraper] [UNCHANGED] PSU gkhce -> OCZ ModXStream Pro: Unchanged
2026-04-26 03:00:50 | INFO     | ss_crawler | [crawler] [crawler] Fetching : https://www.ss.com/msg/lv/electronics/computers/completing-pc/cases/gkhce.html
2026-04-26 03:00:53 | INFO     | ss_crawler | [cases_scraper] [cases_scraper] [UNCHANGED] PSU gkhce -> OCZ ModXStream Pro: Unchanged
2026-04-26 03:00:53 | INFO     | ss_crawler | [crawler] [crawler] Fetching : https://www.ss.com/msg/lv/electronics/computers/completing-pc/cases/bcjdlb.html
2026-04-26 03:00:56 | INFO     | ss_crawler | [cases_scraper] [cases_scraper] [UNCHANGED] PSU bcjdlb -> Enermax MAXREVO: Unchanged
2026-04-26 03:00:56 | INFO     | ss_crawler | [crawler] [crawler] Fetching : https://www.ss.com/msg/lv/electronics/computers/completing-pc/cases/bcjdlb.html
2026-04-26 03:00:59 | INFO     | ss_crawler | [cases_scraper] [cases_scraper] [UNCHANGED] PSU bcjdlb -> Enermax MAXREVO: Unchanged
2026-04-26 03:00:59 | INFO     | ss_crawler | [crawler] [crawler] Fetching : https://www.ss.com/msg/lv/electronics/computers/completing-pc/cases/bckjxi.html
2026-04-26 03:01:00 | INFO     | ss_crawler | [cases_scraper] [cases_scraper] [UPDATE] CASE bckjxi -> SilentiumPC Signum SG1: Updated (title)
2026-04-26 03:01:00 | INFO     | ss_crawler | [crawler] [crawler] Fetching : https://www.ss.com/msg/lv/electronics/computers/completing-pc/cases/bckjxi.html
2026-04-26 03:01:04 | INFO     | ss_crawler | [cases_scraper] [cases_scraper] [UNCHANGED] CASE bckjxi -> SilentiumPC Signum SG1: Unchanged
2026-04-26 03:01:04 | INFO     | ss_crawler | [crawler] [crawler] Fetching : https://www.ss.com/msg/lv/electronics/computers/completing-pc/cases/bclocc.html
2026-04-26 03:01:07 | INFO     | ss_crawler | [cases_scraper] [cases_scraper] [UNCHANGED] CASE bclocc -> Aerocool Delta: Unchanged
2026-04-26 03:01:07 | INFO     | ss_crawler | [crawler] [crawler] Fetching : https://www.ss.com/msg/lv/electronics/computers/completing-pc/cases/bclocc.html
2026-04-26 03:01:09 | INFO     | ss_crawler | [cases_scraper] [cases_scraper] [UNCHANGED] CASE bclocc -> Aerocool Delta: Unchanged
2026-04-26 03:01:09 | INFO     | ss_crawler | [crawler] [crawler] Fetching : https://www.ss.com/msg/lv/electronics/computers/completing-pc/cases/pmbhj.html
2026-04-26 03:01:12 | INFO     | ss_crawler | [cases_scraper] [cases_scraper] [UNCHANGED] CASE pmbhj -> Corsair Carbide 600Q: Unchanged
2026-04-26 03:01:12 | INFO     | ss_crawler | [crawler] [crawler] Fetching : https://www.ss.com/msg/lv/electronics/computers/completing-pc/cases/pmbhj.html
2026-04-26 03:01:15 | INFO     | ss_crawler | [cases_scraper] [cases_scraper] [UNCHANGED] CASE pmbhj -> Corsair Carbide 600Q: Unchanged
2026-04-26 03:01:15 | INFO     | ss_crawler | [crawler] [crawler] Fetching : https://www.ss.com/msg/lv/electronics/computers/completing-pc/cases/hbixc.html
2026-04-26 03:01:18 | INFO     | ss_crawler | [cases_scraper] [cases_scraper] [UNCHANGED] CASE hbixc -> Fractal Design Mood: Unchanged
2026-04-26 03:01:18 | INFO     | ss_crawler | [crawler] [crawler] Fetching : https://www.ss.com/msg/lv/electronics/computers/completing-pc/cases/hbixc.html
2026-04-26 03:01:21 | INFO     | ss_crawler | [cases_scraper] [cases_scraper] [UNCHANGED] CASE hbixc -> Fractal Design Mood: Unchanged
2026-04-26 03:01:21 | INFO     | ss_crawler | [crawler] [crawler] Fetching : https://www.ss.com/msg/lv/electronics/computers/completing-pc/cases/kpixd.html
2026-04-26 03:01:23 | INFO     | ss_crawler | [cases_scraper] [cases_scraper] [UNCHANGED] PSU kpixd: Unchanged
2026-04-26 03:01:23 | INFO     | ss_crawler | [crawler] [crawler] Fetching : https://www.ss.com/msg/lv/electronics/computers/completing-pc/cases/kpixd.html
2026-04-26 03:01:26 | INFO     | ss_crawler | [cases_scraper] [cases_scraper] [UNCHANGED] PSU kpixd: Unchanged
