2026-05-16 14:22:41 | INFO     | ss_crawler | [database] Database connected: localhost:5433/ss_market
2026-05-16 14:22:41 | ERROR    | ss_crawler | [database] Database transaction failed: (psycopg2.errors.UndefinedTable) relation "console_variants" does not exist
LINE 1: SELECT * FROM console_variants
                      ^

[SQL: SELECT * FROM console_variants]
(Background on this error at: https://sqlalche.me/e/20/f405)
2026-05-16 15:27:00 | INFO     | ss_crawler | [database] Database connected: localhost:5433/ss_market
2026-05-16 15:27:00 | INFO     | ss_crawler | [crawler] Fetching : https://www.ss.com/msg/lv/electronics/computers/game-consoles/bkdxmm.html
2026-05-16 15:27:03 | INFO     | ss_crawler | [console_matcher] ConsoleMatcher initialized with 779 consoles, 150 variants, 586 editions
2026-05-16 15:31:55 | INFO     | ss_crawler | [database] Database connected: localhost:5433/ss_market
2026-05-16 15:31:55 | INFO     | ss_crawler | [crawler] Fetching : https://www.ss.com/msg/lv/electronics/computers/game-consoles/bkdxmm.html
2026-05-16 15:31:57 | INFO     | ss_crawler | [console_matcher] ConsoleMatcher initialized with 374 consoles, 54 variants, 326 editions
2026-05-16 15:35:35 | INFO     | ss_crawler | [database] Database connected: localhost:5433/ss_market
2026-05-16 15:35:35 | INFO     | ss_crawler | [crawler] Fetching : https://www.ss.com/msg/lv/electronics/computers/game-consoles/bkdxmm.html
2026-05-16 15:35:38 | INFO     | ss_crawler | [console_matcher] ConsoleMatcher initialized with 374 consoles, 54 variants, 326 editions
2026-05-16 15:43:33 | INFO     | ss_crawler | [database] Database connected: localhost:5433/ss_market
2026-05-16 15:43:33 | INFO     | ss_crawler | [crawler] Fetching : https://www.ss.com/msg/lv/electronics/computers/game-consoles/bkdxmm.html
2026-05-16 15:43:37 | INFO     | ss_crawler | [console_matcher] ConsoleMatcher initialized with 374 consoles, 54 variants, 326 editions
2026-05-16 15:49:22 | INFO     | ss_crawler | [database] Database connected: localhost:5433/ss_market
2026-05-16 15:49:23 | INFO     | ss_crawler | [crawler] Fetching : https://www.ss.com/msg/lv/electronics/computers/game-consoles/fncfk.html
2026-05-16 15:49:25 | INFO     | ss_crawler | [console_matcher] ConsoleMatcher initialized with 374 consoles, 54 variants, 326 editions
2026-05-16 15:51:04 | INFO     | ss_crawler | [database] Database connected: localhost:5433/ss_market
2026-05-16 15:51:04 | INFO     | ss_crawler | [crawler] Fetching : https://www.ss.com/msg/lv/electronics/computers/game-consoles/fncfk.html
2026-05-16 15:51:07 | INFO     | ss_crawler | [console_matcher] ConsoleMatcher initialized with 374 consoles, 54 variants, 326 editions
2026-05-16 15:51:14 | INFO     | ss_crawler | [database] Database connected: localhost:5433/ss_market
2026-05-16 15:51:14 | INFO     | ss_crawler | [crawler] Fetching : https://www.ss.com/msg/lv/electronics/computers/game-consoles/fncfk.html
2026-05-16 15:51:17 | INFO     | ss_crawler | [console_matcher] ConsoleMatcher initialized with 374 consoles, 54 variants, 326 editions
2026-05-16 15:52:36 | INFO     | ss_crawler | [database] Database connected: localhost:5433/ss_market
2026-05-16 15:52:36 | INFO     | ss_crawler | [crawler] Fetching : https://www.ss.com/msg/lv/electronics/computers/game-consoles/fncfk.html
2026-05-16 15:52:39 | INFO     | ss_crawler | [console_matcher] ConsoleMatcher initialized with 374 consoles, 54 variants, 326 editions
2026-05-16 15:53:07 | INFO     | ss_crawler | [database] Database connected: localhost:5433/ss_market
2026-05-16 15:53:07 | INFO     | ss_crawler | [crawler] Fetching : https://www.ss.com/msg/lv/electronics/computers/game-consoles/dilom.html
2026-05-16 15:53:09 | INFO     | ss_crawler | [console_matcher] ConsoleMatcher initialized with 374 consoles, 54 variants, 326 editions
2026-05-16 15:53:27 | INFO     | ss_crawler | [database] Database connected: localhost:5433/ss_market
2026-05-16 15:53:27 | INFO     | ss_crawler | [crawler] Fetching : https://www.ss.com/msg/lv/electronics/computers/game-consoles/dodhh.html
2026-05-16 15:53:30 | INFO     | ss_crawler | [console_matcher] ConsoleMatcher initialized with 374 consoles, 54 variants, 326 editions
2026-05-16 15:53:47 | INFO     | ss_crawler | [database] Database connected: localhost:5433/ss_market
2026-05-16 15:53:47 | INFO     | ss_crawler | [crawler] Fetching : https://www.ss.com/msg/lv/electronics/computers/game-consoles/ejfcl.html
2026-05-16 15:53:49 | INFO     | ss_crawler | [console_matcher] ConsoleMatcher initialized with 374 consoles, 54 variants, 326 editions
2026-05-16 15:57:18 | INFO     | ss_crawler | [database] Database connected: localhost:5433/ss_market
2026-05-16 15:57:18 | INFO     | ss_crawler | [crawler] Fetching : https://www.ss.com/msg/lv/electronics/computers/game-consoles/ejfcl.html
2026-05-16 15:57:20 | INFO     | ss_crawler | [console_matcher] ConsoleMatcher initialized with 374 consoles, 54 variants, 326 editions
2026-05-16 15:58:30 | INFO     | ss_crawler | [database] Database connected: localhost:5433/ss_market
2026-05-16 15:58:30 | INFO     | ss_crawler | [crawler] Fetching : https://www.ss.com/msg/lv/electronics/computers/game-consoles/ejfcl.html
2026-05-16 15:58:31 | INFO     | ss_crawler | [console_matcher] ConsoleMatcher initialized with 374 consoles, 54 variants, 326 editions
2026-05-16 16:00:45 | INFO     | ss_crawler | [database] Database connected: localhost:5433/ss_market
2026-05-16 16:00:45 | INFO     | ss_crawler | [crawler] Fetching : https://www.ss.com/msg/lv/electronics/computers/game-consoles/ejfcl.html
2026-05-16 16:00:47 | INFO     | ss_crawler | [console_matcher] ConsoleMatcher initialized with 374 consoles, 54 variants, 326 editions
2026-05-16 16:02:10 | INFO     | ss_crawler | [database] Database connected: localhost:5433/ss_market
2026-05-16 16:02:11 | INFO     | ss_crawler | [crawler] Fetching : https://www.ss.com/msg/lv/electronics/computers/game-consoles/ejfcl.html
2026-05-16 16:02:13 | INFO     | ss_crawler | [console_matcher] ConsoleMatcher initialized with 374 consoles, 54 variants, 326 editions
2026-05-16 16:02:31 | INFO     | ss_crawler | [database] Database connected: localhost:5433/ss_market
2026-05-16 16:02:31 | INFO     | ss_crawler | [crawler] Fetching : https://www.ss.com/msg/lv/electronics/computers/game-consoles/hbpfm.html
2026-05-16 16:02:33 | INFO     | ss_crawler | [console_matcher] ConsoleMatcher initialized with 374 consoles, 54 variants, 326 editions
2026-05-16 16:03:04 | INFO     | ss_crawler | [database] Database connected: localhost:5433/ss_market
2026-05-16 16:03:05 | INFO     | ss_crawler | [crawler] Fetching : https://www.ss.com/msg/lv/electronics/computers/game-consoles/eghpj.html
2026-05-16 16:03:06 | INFO     | ss_crawler | [console_matcher] ConsoleMatcher initialized with 374 consoles, 54 variants, 326 editions
2026-05-16 16:04:36 | INFO     | ss_crawler | [database] Database connected: localhost:5433/ss_market
2026-05-16 16:04:36 | INFO     | ss_crawler | [crawler] Fetching : https://www.ss.com/msg/lv/electronics/computers/game-consoles/eghpj.html
2026-05-16 16:04:40 | INFO     | ss_crawler | [console_matcher] ConsoleMatcher initialized with 374 consoles, 54 variants, 326 editions
2026-05-16 16:06:42 | INFO     | ss_crawler | [database] Database connected: localhost:5433/ss_market
2026-05-16 16:06:42 | INFO     | ss_crawler | [crawler] Fetching : https://www.ss.com/msg/lv/electronics/computers/game-consoles/eghpj.html
2026-05-16 16:06:44 | INFO     | ss_crawler | [console_matcher] ConsoleMatcher initialized with 374 consoles, 54 variants, 326 editions
2026-05-16 16:08:12 | INFO     | ss_crawler | [database] Database connected: localhost:5433/ss_market
2026-05-16 16:08:12 | INFO     | ss_crawler | [crawler] Fetching : https://www.ss.com/msg/lv/electronics/computers/game-consoles/eghpj.html
2026-05-16 16:08:15 | INFO     | ss_crawler | [console_matcher] ConsoleMatcher initialized with 374 consoles, 54 variants, 326 editions
2026-05-16 16:09:02 | INFO     | ss_crawler | [database] Database connected: localhost:5433/ss_market
2026-05-16 16:09:02 | INFO     | ss_crawler | [crawler] Fetching : https://www.ss.com/msg/lv/electronics/computers/game-consoles/eghpj.html
2026-05-16 16:09:06 | INFO     | ss_crawler | [console_matcher] ConsoleMatcher initialized with 374 consoles, 54 variants, 326 editions
2026-05-16 16:09:22 | INFO     | ss_crawler | [database] Database connected: localhost:5433/ss_market
2026-05-16 16:09:22 | INFO     | ss_crawler | [crawler] Fetching : https://www.ss.com/msg/lv/electronics/computers/game-consoles/fxkbh.html
2026-05-16 16:09:24 | INFO     | ss_crawler | [console_matcher] ConsoleMatcher initialized with 374 consoles, 54 variants, 326 editions
2026-05-16 16:10:56 | INFO     | ss_crawler | [database] Database connected: localhost:5433/ss_market
2026-05-16 16:10:57 | INFO     | ss_crawler | [crawler] Fetching : https://www.ss.com/msg/lv/electronics/computers/game-consoles/fxkbh.html
2026-05-16 16:10:59 | INFO     | ss_crawler | [console_matcher] ConsoleMatcher initialized with 374 consoles, 54 variants, 326 editions
2026-05-16 16:12:02 | INFO     | ss_crawler | [database] Database connected: localhost:5433/ss_market
2026-05-16 16:12:02 | INFO     | ss_crawler | [crawler] Fetching : https://www.ss.com/msg/lv/electronics/computers/game-consoles/fxkbh.html
2026-05-16 16:12:05 | INFO     | ss_crawler | [console_matcher] ConsoleMatcher initialized with 374 consoles, 54 variants, 326 editions
2026-05-16 16:14:52 | INFO     | ss_crawler | [database] Database connected: localhost:5433/ss_market
2026-05-16 16:14:52 | INFO     | ss_crawler | [crawler] Fetching : https://www.ss.com/msg/lv/electronics/computers/game-consoles/fxkbh.html
2026-05-16 16:14:55 | INFO     | ss_crawler | [console_matcher] ConsoleMatcher initialized with 374 consoles, 54 variants, 326 editions
2026-05-16 16:16:45 | INFO     | ss_crawler | [database] Database connected: localhost:5433/ss_market
2026-05-16 16:16:45 | INFO     | ss_crawler | [crawler] Fetching : https://www.ss.com/msg/lv/electronics/computers/game-consoles/fxkbh.html
2026-05-16 16:16:48 | INFO     | ss_crawler | [console_matcher] ConsoleMatcher initialized with 374 consoles, 54 variants, 326 editions
2026-05-16 16:17:17 | INFO     | ss_crawler | [database] Database connected: localhost:5433/ss_market
2026-05-16 16:17:17 | INFO     | ss_crawler | [crawler] Fetching : https://www.ss.com/msg/lv/electronics/computers/game-consoles/mcfmx.html
2026-05-16 16:17:20 | INFO     | ss_crawler | [console_matcher] ConsoleMatcher initialized with 374 consoles, 54 variants, 326 editions
2026-05-16 16:18:33 | INFO     | ss_crawler | [database] Database connected: localhost:5433/ss_market
2026-05-16 16:18:33 | INFO     | ss_crawler | [crawler] Fetching : https://www.ss.com/msg/lv/electronics/computers/game-consoles/mcfmx.html
2026-05-16 16:18:36 | INFO     | ss_crawler | [console_matcher] ConsoleMatcher initialized with 374 consoles, 54 variants, 326 editions
2026-05-16 16:26:38 | INFO     | ss_crawler | [database] Database connected: localhost:5433/ss_market
2026-05-16 16:26:38 | INFO     | ss_crawler | [crawler] Fetching : https://www.ss.com/msg/lv/electronics/computers/game-consoles/mcfmx.html
2026-05-16 16:26:41 | INFO     | ss_crawler | [console_matcher] ConsoleMatcher initialized with 374 consoles, 54 variants, 326 editions
2026-05-16 16:27:17 | INFO     | ss_crawler | [database] Database connected: localhost:5433/ss_market
2026-05-16 16:27:17 | INFO     | ss_crawler | [crawler] Fetching : https://www.ss.com/msg/lv/electronics/computers/game-consoles/dfhfj.html
2026-05-16 16:27:20 | INFO     | ss_crawler | [console_matcher] ConsoleMatcher initialized with 374 consoles, 54 variants, 326 editions
2026-05-16 16:27:33 | INFO     | ss_crawler | [database] Database connected: localhost:5433/ss_market
2026-05-16 16:27:33 | INFO     | ss_crawler | [crawler] Fetching : https://www.ss.com/msg/lv/electronics/computers/game-consoles/hxgbm.html
2026-05-16 16:27:35 | INFO     | ss_crawler | [console_matcher] ConsoleMatcher initialized with 374 consoles, 54 variants, 326 editions
2026-05-16 16:32:53 | INFO     | ss_crawler | [database] Database connected: localhost:5433/ss_market
2026-05-16 16:32:53 | INFO     | ss_crawler | [crawler] Fetching : https://www.ss.com/msg/lv/electronics/computers/game-consoles/hxgbm.html
2026-05-16 16:32:57 | INFO     | ss_crawler | [console_matcher] ConsoleMatcher initialized with 374 consoles, 54 variants, 326 editions
2026-05-16 16:33:41 | INFO     | ss_crawler | [database] Database connected: localhost:5433/ss_market
2026-05-16 16:34:05 | INFO     | ss_crawler | [database] Database connected: localhost:5433/ss_market
2026-05-16 16:34:05 | INFO     | ss_crawler | [crawler] Fetching : https://www.ss.com/msg/lv/electronics/computers/game-consoles/hxgbm.html
2026-05-16 16:34:06 | INFO     | ss_crawler | [console_matcher] ConsoleMatcher initialized with 374 consoles, 54 variants, 326 editions
2026-05-16 16:34:52 | INFO     | ss_crawler | [database] Database connected: localhost:5433/ss_market
2026-05-16 16:34:52 | INFO     | ss_crawler | [crawler] Fetching : https://www.ss.com/msg/lv/electronics/computers/game-consoles/hxgbm.html
2026-05-16 16:34:54 | INFO     | ss_crawler | [console_matcher] ConsoleMatcher initialized with 374 consoles, 54 variants, 326 editions
2026-05-16 16:35:31 | INFO     | ss_crawler | [database] Database connected: localhost:5433/ss_market
2026-05-16 16:35:31 | INFO     | ss_crawler | [crawler] Fetching : https://www.ss.com/msg/lv/electronics/computers/game-consoles/hxgbm.html
2026-05-16 16:35:33 | INFO     | ss_crawler | [console_matcher] ConsoleMatcher initialized with 374 consoles, 54 variants, 326 editions
2026-05-16 16:42:45 | INFO     | ss_crawler | [database] Database connected: localhost:5433/ss_market
2026-05-16 16:42:45 | INFO     | ss_crawler | [crawler] Fetching : https://www.ss.com/msg/lv/electronics/computers/game-consoles/hxgbm.html
2026-05-16 16:42:47 | INFO     | ss_crawler | [console_matcher] ConsoleMatcher initialized with 374 consoles, 54 variants, 326 editions
2026-05-16 16:44:06 | INFO     | ss_crawler | [database] Database connected: localhost:5433/ss_market
2026-05-16 16:44:06 | INFO     | ss_crawler | [crawler] Fetching : https://www.ss.com/msg/lv/electronics/computers/game-consoles/hxgbm.html
2026-05-16 16:44:08 | INFO     | ss_crawler | [console_matcher] ConsoleMatcher initialized with 374 consoles, 54 variants, 326 editions
2026-05-16 16:46:03 | INFO     | ss_crawler | [database] Database connected: localhost:5433/ss_market
2026-05-16 16:46:03 | INFO     | ss_crawler | [crawler] Fetching : https://www.ss.com/msg/lv/electronics/computers/game-consoles/hxgbm.html
2026-05-16 16:46:06 | INFO     | ss_crawler | [console_matcher] ConsoleMatcher initialized with 374 consoles, 54 variants, 326 editions
2026-05-16 16:47:10 | INFO     | ss_crawler | [database] Database connected: localhost:5433/ss_market
2026-05-16 16:47:10 | INFO     | ss_crawler | [crawler] Fetching : https://www.ss.com/msg/lv/electronics/computers/game-consoles/hxgbm.html
2026-05-16 16:47:13 | INFO     | ss_crawler | [console_matcher] ConsoleMatcher initialized with 374 consoles, 54 variants, 326 editions
2026-05-16 16:47:28 | INFO     | ss_crawler | [database] Database connected: localhost:5433/ss_market
2026-05-16 16:47:28 | INFO     | ss_crawler | [crawler] Fetching : https://www.ss.com/msg/lv/electronics/computers/game-consoles/bkdxmm.html
2026-05-16 16:47:31 | INFO     | ss_crawler | [console_matcher] ConsoleMatcher initialized with 374 consoles, 54 variants, 326 editions
2026-05-16 16:49:31 | INFO     | ss_crawler | [database] Database connected: localhost:5433/ss_market
2026-05-16 16:49:31 | INFO     | ss_crawler | [crawler] Fetching : https://www.ss.com/msg/lv/electronics/computers/game-consoles/hxgbm.html
2026-05-16 16:49:35 | INFO     | ss_crawler | [console_matcher] ConsoleMatcher initialized with 374 consoles, 54 variants, 326 editions
2026-05-16 16:49:49 | INFO     | ss_crawler | [database] Database connected: localhost:5433/ss_market
2026-05-16 16:49:49 | INFO     | ss_crawler | [crawler] Fetching : https://www.ss.com/msg/lv/electronics/computers/game-consoles/glcbb.html
2026-05-16 16:49:52 | INFO     | ss_crawler | [console_matcher] ConsoleMatcher initialized with 374 consoles, 54 variants, 326 editions
2026-05-16 16:50:39 | INFO     | ss_crawler | [database] Database connected: localhost:5433/ss_market
2026-05-16 16:50:39 | INFO     | ss_crawler | [crawler] Fetching : https://www.ss.com/msg/lv/electronics/computers/game-consoles/glcbb.html
2026-05-16 16:50:41 | INFO     | ss_crawler | [console_matcher] ConsoleMatcher initialized with 374 consoles, 54 variants, 326 editions
2026-05-16 16:51:51 | INFO     | ss_crawler | [database] Database connected: localhost:5433/ss_market
2026-05-16 16:51:51 | INFO     | ss_crawler | [crawler] Fetching : https://www.ss.com/msg/lv/electronics/computers/game-consoles/glcbb.html
2026-05-16 16:51:53 | INFO     | ss_crawler | [console_matcher] ConsoleMatcher initialized with 374 consoles, 54 variants, 326 editions
2026-05-16 16:53:15 | INFO     | ss_crawler | [database] Database connected: localhost:5433/ss_market
2026-05-16 16:53:15 | INFO     | ss_crawler | [crawler] Fetching : https://www.ss.com/msg/lv/electronics/computers/game-consoles/glcbb.html
2026-05-16 16:53:18 | INFO     | ss_crawler | [console_matcher] ConsoleMatcher initialized with 374 consoles, 54 variants, 326 editions
2026-05-16 16:53:32 | INFO     | ss_crawler | [database] Database connected: localhost:5433/ss_market
2026-05-16 16:53:32 | INFO     | ss_crawler | [crawler] Fetching : https://www.ss.com/msg/lv/electronics/computers/game-consoles/fdpop.html
2026-05-16 16:53:36 | INFO     | ss_crawler | [console_matcher] ConsoleMatcher initialized with 374 consoles, 54 variants, 326 editions
2026-05-16 16:54:04 | INFO     | ss_crawler | [database] Database connected: localhost:5433/ss_market
2026-05-16 16:54:04 | INFO     | ss_crawler | [crawler] Fetching : https://www.ss.com/msg/lv/electronics/computers/game-consoles/bigdfb.html
2026-05-16 16:54:07 | INFO     | ss_crawler | [console_matcher] ConsoleMatcher initialized with 374 consoles, 54 variants, 326 editions
2026-05-16 16:55:44 | INFO     | ss_crawler | [database] Database connected: localhost:5433/ss_market
2026-05-16 16:55:44 | INFO     | ss_crawler | [crawler] Fetching : https://www.ss.com/msg/lv/electronics/computers/game-consoles/bigdfb.html
2026-05-16 16:55:47 | INFO     | ss_crawler | [console_matcher] ConsoleMatcher initialized with 374 consoles, 54 variants, 326 editions
2026-05-16 17:08:16 | INFO     | ss_crawler | [database] Database connected: localhost:5433/ss_market
2026-05-16 17:08:16 | INFO     | ss_crawler | [crawler] Fetching : https://www.ss.com/msg/lv/electronics/computers/game-consoles/bigdfb.html
2026-05-16 17:08:19 | INFO     | ss_crawler | [console_matcher] ConsoleMatcher initialized with 374 consoles, 54 variants, 326 editions
2026-05-16 17:09:06 | INFO     | ss_crawler | [database] Database connected: localhost:5433/ss_market
2026-05-16 17:09:06 | INFO     | ss_crawler | [crawler] Fetching : https://www.ss.com/msg/lv/electronics/computers/game-consoles/kchlj.html
2026-05-16 17:09:10 | INFO     | ss_crawler | [console_matcher] ConsoleMatcher initialized with 374 consoles, 54 variants, 326 editions
2026-05-16 17:10:30 | INFO     | ss_crawler | [database] Database connected: localhost:5433/ss_market
2026-05-16 17:10:30 | INFO     | ss_crawler | [crawler] Fetching : https://www.ss.com/msg/lv/electronics/computers/game-consoles/kchlj.html
2026-05-16 17:10:32 | INFO     | ss_crawler | [console_matcher] ConsoleMatcher initialized with 374 consoles, 54 variants, 326 editions
2026-05-16 17:17:32 | INFO     | ss_crawler | [database] Database connected: localhost:5433/ss_market
2026-05-16 17:17:32 | INFO     | ss_crawler | [crawler] Fetching : https://www.ss.com/msg/lv/electronics/computers/game-consoles/kchlj.html
2026-05-16 17:17:35 | INFO     | ss_crawler | [console_matcher] ConsoleMatcher initialized with 375 consoles, 58 variants, 326 editions
2026-05-16 17:18:36 | INFO     | ss_crawler | [database] Database connected: localhost:5433/ss_market
2026-05-16 17:18:36 | INFO     | ss_crawler | [crawler] Fetching : https://www.ss.com/msg/lv/electronics/computers/game-consoles/kchlj.html
2026-05-16 17:18:38 | INFO     | ss_crawler | [console_matcher] ConsoleMatcher initialized with 375 consoles, 58 variants, 326 editions
2026-05-16 17:18:58 | INFO     | ss_crawler | [database] Database connected: localhost:5433/ss_market
2026-05-16 17:18:58 | INFO     | ss_crawler | [crawler] Fetching : https://www.ss.com/msg/lv/electronics/computers/game-consoles/kenmh.html
2026-05-16 17:19:01 | INFO     | ss_crawler | [console_matcher] ConsoleMatcher initialized with 375 consoles, 58 variants, 326 editions
2026-05-16 17:19:18 | INFO     | ss_crawler | [database] Database connected: localhost:5433/ss_market
2026-05-16 17:19:18 | INFO     | ss_crawler | [crawler] Fetching : https://www.ss.com/msg/lv/electronics/computers/game-consoles/klxhb.html
2026-05-16 17:19:21 | INFO     | ss_crawler | [console_matcher] ConsoleMatcher initialized with 375 consoles, 58 variants, 326 editions
2026-05-16 17:22:54 | INFO     | ss_crawler | [database] Database connected: localhost:5433/ss_market
2026-05-16 17:22:54 | INFO     | ss_crawler | [crawler] Fetching : https://www.ss.com/msg/lv/electronics/computers/game-consoles/kjnhc.html
2026-05-16 17:22:57 | INFO     | ss_crawler | [console_matcher] ConsoleMatcher initialized with 375 consoles, 58 variants, 326 editions
2026-05-16 17:23:37 | INFO     | ss_crawler | [database] Database connected: localhost:5433/ss_market
2026-05-16 17:23:37 | INFO     | ss_crawler | [crawler] Fetching : https://www.ss.com/msg/lv/electronics/computers/game-consoles/kjnhc.html
2026-05-16 17:23:39 | INFO     | ss_crawler | [console_matcher] ConsoleMatcher initialized with 375 consoles, 58 variants, 326 editions
2026-05-16 17:24:00 | INFO     | ss_crawler | [database] Database connected: localhost:5433/ss_market
2026-05-16 17:24:00 | INFO     | ss_crawler | [crawler] Fetching : https://www.ss.com/msg/lv/electronics/computers/game-consoles/kjnhc.html
2026-05-16 17:24:03 | INFO     | ss_crawler | [console_matcher] ConsoleMatcher initialized with 375 consoles, 58 variants, 326 editions
2026-05-16 17:24:33 | INFO     | ss_crawler | [database] Database connected: localhost:5433/ss_market
2026-05-16 17:24:33 | INFO     | ss_crawler | [crawler] Fetching : https://www.ss.com/msg/lv/electronics/computers/game-consoles/dlbjj.html
2026-05-16 17:24:36 | INFO     | ss_crawler | [console_matcher] ConsoleMatcher initialized with 375 consoles, 58 variants, 326 editions
2026-05-16 17:32:20 | INFO     | ss_crawler | [database] Database connected: localhost:5433/ss_market
2026-05-16 17:32:20 | INFO     | ss_crawler | [crawler] Fetching : https://www.ss.com/msg/lv/electronics/computers/game-consoles/dgkfk.html
2026-05-16 17:32:24 | INFO     | ss_crawler | [console_matcher] ConsoleMatcher initialized with 375 consoles, 58 variants, 326 editions
2026-05-16 17:32:41 | INFO     | ss_crawler | [database] Database connected: localhost:5433/ss_market
2026-05-16 17:32:41 | INFO     | ss_crawler | [crawler] Fetching : https://www.ss.com/msg/lv/electronics/computers/game-consoles/bohjb.html
2026-05-16 17:32:44 | INFO     | ss_crawler | [console_matcher] ConsoleMatcher initialized with 375 consoles, 58 variants, 326 editions
2026-05-16 17:32:59 | INFO     | ss_crawler | [database] Database connected: localhost:5433/ss_market
2026-05-16 17:32:59 | INFO     | ss_crawler | [crawler] Fetching : https://www.ss.com/msg/lv/electronics/computers/game-consoles/djdip.html
2026-05-16 17:33:01 | INFO     | ss_crawler | [console_matcher] ConsoleMatcher initialized with 375 consoles, 58 variants, 326 editions
2026-05-16 17:34:36 | INFO     | ss_crawler | [database] Database connected: localhost:5433/ss_market
2026-05-16 17:34:36 | INFO     | ss_crawler | [crawler] Fetching : https://www.ss.com/msg/lv/electronics/computers/game-consoles/djdip.html
2026-05-16 17:34:38 | INFO     | ss_crawler | [console_matcher] ConsoleMatcher initialized with 375 consoles, 58 variants, 326 editions
2026-05-16 17:34:48 | INFO     | ss_crawler | [database] Database connected: localhost:5433/ss_market
2026-05-16 17:34:48 | INFO     | ss_crawler | [crawler] Fetching : https://www.ss.com/msg/lv/electronics/computers/game-consoles/hxgbm.html
2026-05-16 17:34:50 | INFO     | ss_crawler | [console_matcher] ConsoleMatcher initialized with 375 consoles, 58 variants, 326 editions
2026-05-16 17:35:22 | INFO     | ss_crawler | [database] Database connected: localhost:5433/ss_market
2026-05-16 17:35:22 | INFO     | ss_crawler | [crawler] Fetching : https://www.ss.com/msg/lv/electronics/computers/game-consoles/djdip.html
2026-05-16 17:35:25 | INFO     | ss_crawler | [console_matcher] ConsoleMatcher initialized with 375 consoles, 58 variants, 326 editions
2026-05-16 17:35:58 | INFO     | ss_crawler | [database] Database connected: localhost:5433/ss_market
2026-05-16 17:35:58 | INFO     | ss_crawler | [crawler] Fetching : https://www.ss.com/msg/lv/electronics/computers/game-consoles/bkmmpn.html
2026-05-16 17:36:00 | INFO     | ss_crawler | [console_matcher] ConsoleMatcher initialized with 375 consoles, 58 variants, 326 editions
2026-05-16 17:36:19 | INFO     | ss_crawler | [database] Database connected: localhost:5433/ss_market
2026-05-16 17:36:19 | INFO     | ss_crawler | [crawler] Fetching : https://www.ss.com/msg/lv/electronics/computers/game-consoles/mbhnp.html
2026-05-16 17:36:22 | INFO     | ss_crawler | [console_matcher] ConsoleMatcher initialized with 375 consoles, 58 variants, 326 editions
2026-05-16 17:36:41 | INFO     | ss_crawler | [database] Database connected: localhost:5433/ss_market
2026-05-16 17:36:41 | INFO     | ss_crawler | [crawler] Fetching : https://www.ss.com/msg/lv/electronics/computers/game-consoles/bixlcg.html
2026-05-16 17:36:45 | INFO     | ss_crawler | [console_matcher] ConsoleMatcher initialized with 375 consoles, 58 variants, 326 editions
2026-05-16 17:37:43 | INFO     | ss_crawler | [database] Database connected: localhost:5433/ss_market
2026-05-16 17:37:43 | INFO     | ss_crawler | [crawler] Fetching : https://www.ss.com/msg/lv/electronics/computers/game-consoles/bixlcg.html
2026-05-16 17:37:45 | INFO     | ss_crawler | [console_matcher] ConsoleMatcher initialized with 375 consoles, 58 variants, 326 editions
2026-05-16 17:38:13 | INFO     | ss_crawler | [database] Database connected: localhost:5433/ss_market
2026-05-16 17:38:13 | INFO     | ss_crawler | [crawler] Fetching : https://www.ss.com/msg/lv/electronics/computers/game-consoles/bixlcg.html
2026-05-16 17:38:16 | INFO     | ss_crawler | [console_matcher] ConsoleMatcher initialized with 375 consoles, 58 variants, 326 editions
2026-05-16 17:39:11 | INFO     | ss_crawler | [database] Database connected: localhost:5433/ss_market
2026-05-16 17:39:11 | INFO     | ss_crawler | [crawler] Fetching : https://www.ss.com/msg/lv/electronics/computers/game-consoles/bixlcg.html
2026-05-16 17:39:14 | INFO     | ss_crawler | [console_matcher] ConsoleMatcher initialized with 375 consoles, 61 variants, 326 editions
2026-05-16 17:39:29 | INFO     | ss_crawler | [database] Database connected: localhost:5433/ss_market
2026-05-16 17:39:29 | INFO     | ss_crawler | [crawler] Fetching : https://www.ss.com/msg/lv/electronics/computers/game-consoles/bixlcg.html
2026-05-16 17:39:33 | INFO     | ss_crawler | [console_matcher] ConsoleMatcher initialized with 375 consoles, 61 variants, 326 editions
2026-05-16 17:39:55 | INFO     | ss_crawler | [database] Database connected: localhost:5433/ss_market
2026-05-16 17:39:55 | INFO     | ss_crawler | [crawler] Fetching : https://www.ss.com/msg/lv/electronics/computers/game-consoles/bixlcg.html
2026-05-16 17:39:58 | INFO     | ss_crawler | [console_matcher] ConsoleMatcher initialized with 375 consoles, 61 variants, 326 editions
2026-05-16 17:40:14 | INFO     | ss_crawler | [database] Database connected: localhost:5433/ss_market
2026-05-16 17:40:14 | INFO     | ss_crawler | [crawler] Fetching : https://www.ss.com/msg/lv/electronics/computers/game-consoles/jpheh.html
2026-05-16 17:40:17 | INFO     | ss_crawler | [console_matcher] ConsoleMatcher initialized with 375 consoles, 61 variants, 326 editions
2026-05-16 17:40:35 | INFO     | ss_crawler | [database] Database connected: localhost:5433/ss_market
2026-05-16 17:40:35 | INFO     | ss_crawler | [crawler] Fetching : https://www.ss.com/msg/lv/electronics/computers/game-consoles/lfpmx.html
2026-05-16 17:40:39 | INFO     | ss_crawler | [console_matcher] ConsoleMatcher initialized with 375 consoles, 61 variants, 326 editions
2026-05-16 17:42:46 | INFO     | ss_crawler | [database] Database connected: localhost:5433/ss_market
2026-05-16 17:42:46 | INFO     | ss_crawler | [crawler] Fetching : https://www.ss.com/msg/lv/electronics/computers/game-consoles/lfpmx.html
2026-05-16 17:42:49 | INFO     | ss_crawler | [console_matcher] ConsoleMatcher initialized with 375 consoles, 61 variants, 326 editions
2026-05-16 17:43:11 | INFO     | ss_crawler | [database] Database connected: localhost:5433/ss_market
2026-05-16 17:43:11 | INFO     | ss_crawler | [crawler] Fetching : https://www.ss.com/msg/lv/electronics/computers/game-consoles/lfpmx.html
2026-05-16 17:43:15 | INFO     | ss_crawler | [console_matcher] ConsoleMatcher initialized with 375 consoles, 61 variants, 326 editions
2026-05-16 17:43:24 | INFO     | ss_crawler | [database] Database connected: localhost:5433/ss_market
2026-05-16 17:43:24 | INFO     | ss_crawler | [crawler] Fetching : https://www.ss.com/msg/lv/electronics/computers/game-consoles/lfpmx.html
2026-05-16 17:43:26 | INFO     | ss_crawler | [console_matcher] ConsoleMatcher initialized with 375 consoles, 61 variants, 326 editions
2026-05-16 17:43:55 | INFO     | ss_crawler | [database] Database connected: localhost:5433/ss_market
2026-05-16 17:43:55 | INFO     | ss_crawler | [crawler] Fetching : https://www.ss.com/msg/lv/electronics/computers/game-consoles/biendg.html
2026-05-16 17:43:58 | INFO     | ss_crawler | [console_matcher] ConsoleMatcher initialized with 375 consoles, 61 variants, 326 editions
2026-05-16 17:44:14 | INFO     | ss_crawler | [database] Database connected: localhost:5433/ss_market
2026-05-16 17:44:14 | INFO     | ss_crawler | [crawler] Fetching : https://www.ss.com/msg/lv/electronics/computers/game-consoles/hmpoc.html
2026-05-16 17:44:17 | INFO     | ss_crawler | [console_matcher] ConsoleMatcher initialized with 375 consoles, 61 variants, 326 editions
2026-05-16 17:48:41 | INFO     | ss_crawler | [database] Database connected: localhost:5433/ss_market
2026-05-16 17:48:41 | INFO     | ss_crawler | [crawler] Fetching : https://www.ss.com/msg/lv/electronics/computers/game-consoles/hmpoc.html
2026-05-16 17:48:44 | INFO     | ss_crawler | [console_matcher] ConsoleMatcher initialized with 375 consoles, 61 variants, 326 editions
2026-05-16 17:49:19 | INFO     | ss_crawler | [database] Database connected: localhost:5433/ss_market
2026-05-16 17:49:19 | INFO     | ss_crawler | [crawler] Fetching : https://www.ss.com/msg/lv/electronics/computers/game-consoles/hmpoc.html
2026-05-16 17:49:21 | INFO     | ss_crawler | [console_matcher] ConsoleMatcher initialized with 375 consoles, 61 variants, 326 editions
2026-05-16 17:49:50 | INFO     | ss_crawler | [database] Database connected: localhost:5433/ss_market
2026-05-16 17:49:50 | INFO     | ss_crawler | [crawler] Fetching : https://www.ss.com/msg/lv/electronics/computers/game-consoles/hmpoc.html
2026-05-16 17:49:53 | INFO     | ss_crawler | [console_matcher] ConsoleMatcher initialized with 375 consoles, 61 variants, 326 editions
2026-05-16 17:50:26 | INFO     | ss_crawler | [database] Database connected: localhost:5433/ss_market
2026-05-16 17:50:26 | INFO     | ss_crawler | [crawler] Fetching : https://www.ss.com/msg/lv/electronics/computers/game-consoles/hmpoc.html
2026-05-16 17:50:29 | INFO     | ss_crawler | [console_matcher] ConsoleMatcher initialized with 375 consoles, 61 variants, 326 editions
2026-05-16 17:50:36 | INFO     | ss_crawler | [database] Database connected: localhost:5433/ss_market
2026-05-16 17:50:36 | INFO     | ss_crawler | [crawler] Fetching : https://www.ss.com/msg/lv/electronics/computers/game-consoles/bixlcg.html
2026-05-16 17:50:39 | INFO     | ss_crawler | [console_matcher] ConsoleMatcher initialized with 375 consoles, 61 variants, 326 editions
2026-05-16 17:51:19 | INFO     | ss_crawler | [database] Database connected: localhost:5433/ss_market
2026-05-16 17:51:19 | INFO     | ss_crawler | [crawler] Fetching : https://www.ss.com/msg/lv/electronics/computers/game-consoles/bixlcg.html
2026-05-16 17:51:22 | INFO     | ss_crawler | [console_matcher] ConsoleMatcher initialized with 375 consoles, 61 variants, 326 editions
2026-05-16 17:51:30 | INFO     | ss_crawler | [database] Database connected: localhost:5433/ss_market
2026-05-16 17:51:30 | INFO     | ss_crawler | [crawler] Fetching : https://www.ss.com/msg/lv/electronics/computers/game-consoles/hmpoc.html
2026-05-16 17:51:32 | INFO     | ss_crawler | [console_matcher] ConsoleMatcher initialized with 375 consoles, 61 variants, 326 editions
2026-05-16 17:51:48 | INFO     | ss_crawler | [database] Database connected: localhost:5433/ss_market
2026-05-16 17:51:48 | INFO     | ss_crawler | [crawler] Fetching : https://www.ss.com/msg/lv/electronics/computers/game-consoles/hmpoc.html
2026-05-16 17:51:51 | INFO     | ss_crawler | [console_matcher] ConsoleMatcher initialized with 375 consoles, 61 variants, 326 editions
2026-05-16 17:52:10 | INFO     | ss_crawler | [database] Database connected: localhost:5433/ss_market
2026-05-16 17:52:10 | INFO     | ss_crawler | [crawler] Fetching : https://www.ss.com/msg/lv/electronics/computers/game-consoles/bfxpfo.html
2026-05-16 17:52:14 | INFO     | ss_crawler | [console_matcher] ConsoleMatcher initialized with 375 consoles, 61 variants, 326 editions
2026-05-16 17:53:02 | INFO     | ss_crawler | [database] Database connected: localhost:5433/ss_market
2026-05-16 17:53:02 | INFO     | ss_crawler | [crawler] Fetching : https://www.ss.com/msg/lv/electronics/computers/game-consoles/gmglm.html
2026-05-16 17:53:05 | INFO     | ss_crawler | [console_matcher] ConsoleMatcher initialized with 375 consoles, 61 variants, 326 editions
2026-05-16 17:54:26 | INFO     | ss_crawler | [database] Database connected: localhost:5433/ss_market
2026-05-16 17:54:26 | INFO     | ss_crawler | [crawler] Fetching : https://www.ss.com/msg/lv/electronics/computers/game-consoles/gmglm.html
2026-05-16 17:54:29 | INFO     | ss_crawler | [console_matcher] ConsoleMatcher initialized with 375 consoles, 61 variants, 326 editions
2026-05-16 17:55:25 | INFO     | ss_crawler | [database] Database connected: localhost:5433/ss_market
2026-05-16 17:55:25 | INFO     | ss_crawler | [crawler] Fetching : https://www.ss.com/msg/lv/electronics/computers/game-consoles/gmglm.html
2026-05-16 17:55:27 | INFO     | ss_crawler | [console_matcher] ConsoleMatcher initialized with 375 consoles, 61 variants, 326 editions
2026-05-16 17:56:14 | INFO     | ss_crawler | [database] Database connected: localhost:5433/ss_market
2026-05-16 17:56:14 | INFO     | ss_crawler | [crawler] Fetching : https://www.ss.com/msg/lv/electronics/computers/game-consoles/gmglm.html
2026-05-16 17:56:18 | INFO     | ss_crawler | [console_matcher] ConsoleMatcher initialized with 375 consoles, 61 variants, 326 editions
2026-05-16 17:56:37 | INFO     | ss_crawler | [database] Database connected: localhost:5433/ss_market
2026-05-16 17:56:37 | INFO     | ss_crawler | [crawler] Fetching : https://www.ss.com/msg/lv/electronics/computers/game-consoles/gmglm.html
2026-05-16 17:56:39 | INFO     | ss_crawler | [console_matcher] ConsoleMatcher initialized with 375 consoles, 61 variants, 326 editions
2026-05-16 17:58:13 | INFO     | ss_crawler | [database] Database connected: localhost:5433/ss_market
2026-05-16 17:58:13 | INFO     | ss_crawler | [crawler] Fetching : https://www.ss.com/msg/lv/electronics/computers/game-consoles/gmglm.html
2026-05-16 17:58:15 | INFO     | ss_crawler | [console_matcher] ConsoleMatcher initialized with 375 consoles, 61 variants, 326 editions
2026-05-16 17:58:25 | INFO     | ss_crawler | [database] Database connected: localhost:5433/ss_market
2026-05-16 17:58:25 | INFO     | ss_crawler | [crawler] Fetching : https://www.ss.com/msg/lv/electronics/computers/game-consoles/gmglm.html
2026-05-16 17:58:27 | INFO     | ss_crawler | [console_matcher] ConsoleMatcher initialized with 375 consoles, 61 variants, 326 editions
2026-05-16 18:02:31 | INFO     | ss_crawler | [database] Database connected: localhost:5433/ss_market
2026-05-16 18:02:32 | INFO     | ss_crawler | [crawler] Fetching : https://www.ss.com/msg/lv/electronics/computers/game-consoles/jjdin.html
2026-05-16 18:02:34 | INFO     | ss_crawler | [console_matcher] ConsoleMatcher initialized with 377 consoles, 63 variants, 326 editions
2026-05-16 18:03:12 | INFO     | ss_crawler | [database] Database connected: localhost:5433/ss_market
2026-05-16 18:03:12 | INFO     | ss_crawler | [crawler] Fetching : https://www.ss.com/msg/lv/electronics/computers/game-consoles/jjdin.html
2026-05-16 18:03:14 | INFO     | ss_crawler | [console_matcher] ConsoleMatcher initialized with 377 consoles, 63 variants, 326 editions
2026-05-16 18:22:47 | INFO     | ss_crawler | [database] Database connected: localhost:5433/ss_market
2026-05-16 18:22:47 | INFO     | ss_crawler | [crawler] Fetching : https://www.ss.com/msg/lv/electronics/computers/game-consoles/bicfil.html
2026-05-16 18:22:49 | INFO     | ss_crawler | [console_matcher] ConsoleMatcher initialized with 377 consoles, 63 variants, 326 editions
2026-05-16 18:24:06 | INFO     | ss_crawler | [database] Database connected: localhost:5433/ss_market
2026-05-16 18:24:06 | INFO     | ss_crawler | [crawler] Fetching : https://www.ss.com/msg/lv/electronics/computers/game-consoles/bicfil.html
2026-05-16 18:24:09 | INFO     | ss_crawler | [console_matcher] ConsoleMatcher initialized with 377 consoles, 63 variants, 326 editions
2026-05-16 18:24:28 | INFO     | ss_crawler | [database] Database connected: localhost:5433/ss_market
2026-05-16 18:24:28 | INFO     | ss_crawler | [crawler] Fetching : https://www.ss.com/msg/lv/electronics/computers/game-consoles/bicfil.html
2026-05-16 18:24:31 | INFO     | ss_crawler | [console_matcher] ConsoleMatcher initialized with 377 consoles, 63 variants, 326 editions
2026-05-16 18:24:42 | INFO     | ss_crawler | [database] Database connected: localhost:5433/ss_market
2026-05-16 18:24:42 | INFO     | ss_crawler | [crawler] Fetching : https://www.ss.com/msg/lv/electronics/computers/game-consoles/bicfil.html
2026-05-16 18:24:44 | INFO     | ss_crawler | [console_matcher] ConsoleMatcher initialized with 377 consoles, 63 variants, 326 editions
2026-05-16 18:25:24 | INFO     | ss_crawler | [database] Database connected: localhost:5433/ss_market
2026-05-16 18:25:24 | INFO     | ss_crawler | [crawler] Fetching : https://www.ss.com/msg/lv/electronics/computers/game-consoles/hgkjn.html
2026-05-16 18:25:27 | INFO     | ss_crawler | [console_matcher] ConsoleMatcher initialized with 377 consoles, 63 variants, 326 editions
2026-05-16 18:26:37 | INFO     | ss_crawler | [database] Database connected: localhost:5433/ss_market
2026-05-16 18:26:37 | INFO     | ss_crawler | [crawler] Fetching : https://www.ss.com/msg/lv/electronics/computers/game-consoles/hgkjn.html
2026-05-16 18:26:41 | INFO     | ss_crawler | [console_matcher] ConsoleMatcher initialized with 377 consoles, 63 variants, 326 editions
2026-05-16 18:26:55 | INFO     | ss_crawler | [database] Database connected: localhost:5433/ss_market
2026-05-16 18:26:55 | INFO     | ss_crawler | [crawler] Fetching : https://www.ss.com/msg/lv/electronics/computers/game-consoles/hgkjn.html
2026-05-16 18:26:57 | INFO     | ss_crawler | [console_matcher] ConsoleMatcher initialized with 377 consoles, 63 variants, 326 editions
2026-05-16 18:27:16 | INFO     | ss_crawler | [database] Database connected: localhost:5433/ss_market
2026-05-16 18:27:16 | INFO     | ss_crawler | [crawler] Fetching : https://www.ss.com/msg/lv/electronics/computers/game-consoles/gpmpd.html
2026-05-16 18:27:20 | INFO     | ss_crawler | [console_matcher] ConsoleMatcher initialized with 377 consoles, 63 variants, 326 editions
2026-05-16 18:28:31 | INFO     | ss_crawler | [database] Database connected: localhost:5433/ss_market
2026-05-16 18:28:31 | INFO     | ss_crawler | [crawler] Fetching : https://www.ss.com/msg/lv/electronics/computers/game-consoles/gpmpd.html
2026-05-16 18:28:35 | INFO     | ss_crawler | [console_matcher] ConsoleMatcher initialized with 377 consoles, 63 variants, 326 editions
2026-05-16 18:29:29 | INFO     | ss_crawler | [database] Database connected: localhost:5433/ss_market
2026-05-16 18:29:29 | INFO     | ss_crawler | [crawler] Fetching : https://www.ss.com/msg/lv/electronics/computers/game-consoles/gpmpd.html
2026-05-16 18:29:32 | INFO     | ss_crawler | [console_matcher] ConsoleMatcher initialized with 377 consoles, 63 variants, 326 editions
2026-05-16 18:29:49 | INFO     | ss_crawler | [database] Database connected: localhost:5433/ss_market
2026-05-16 18:29:49 | INFO     | ss_crawler | [crawler] Fetching : https://www.ss.com/msg/lv/electronics/computers/game-consoles/gpmpd.html
2026-05-16 18:29:52 | INFO     | ss_crawler | [console_matcher] ConsoleMatcher initialized with 377 consoles, 63 variants, 326 editions
2026-05-16 18:30:50 | INFO     | ss_crawler | [database] Database connected: localhost:5433/ss_market
2026-05-16 18:30:50 | INFO     | ss_crawler | [crawler] Fetching : https://www.ss.com/msg/lv/electronics/computers/game-consoles/gpmpd.html
2026-05-16 18:30:52 | INFO     | ss_crawler | [console_matcher] ConsoleMatcher initialized with 377 consoles, 63 variants, 326 editions
2026-05-16 18:30:58 | INFO     | ss_crawler | [database] Database connected: localhost:5433/ss_market
2026-05-16 18:30:58 | INFO     | ss_crawler | [crawler] Fetching : https://www.ss.com/msg/lv/electronics/computers/game-consoles/gpmpd.html
2026-05-16 18:31:01 | INFO     | ss_crawler | [console_matcher] ConsoleMatcher initialized with 377 consoles, 63 variants, 326 editions
2026-05-16 18:31:40 | INFO     | ss_crawler | [database] Database connected: localhost:5433/ss_market
2026-05-16 18:31:40 | INFO     | ss_crawler | [crawler] Fetching : https://www.ss.com/msg/lv/electronics/computers/game-consoles/gpmpd.html
2026-05-16 18:31:43 | INFO     | ss_crawler | [console_matcher] ConsoleMatcher initialized with 377 consoles, 63 variants, 326 editions
2026-05-16 18:34:13 | INFO     | ss_crawler | [database] Database connected: localhost:5433/ss_market
2026-05-16 18:34:13 | INFO     | ss_crawler | [crawler] Fetching : https://www.ss.com/msg/lv/electronics/computers/game-consoles/gpmpd.html
2026-05-16 18:34:16 | INFO     | ss_crawler | [console_matcher] ConsoleMatcher initialized with 377 consoles, 63 variants, 326 editions
2026-05-16 18:34:34 | INFO     | ss_crawler | [database] Database connected: localhost:5433/ss_market
2026-05-16 18:34:34 | INFO     | ss_crawler | [crawler] Fetching : https://www.ss.com/msg/lv/electronics/computers/game-consoles/gpmpd.html
2026-05-16 18:34:37 | INFO     | ss_crawler | [console_matcher] ConsoleMatcher initialized with 377 consoles, 63 variants, 326 editions
2026-05-16 18:35:04 | INFO     | ss_crawler | [database] Database connected: localhost:5433/ss_market
2026-05-16 18:35:04 | INFO     | ss_crawler | [crawler] Fetching : https://www.ss.com/msg/lv/electronics/computers/game-consoles/edlxh.html
2026-05-16 18:35:07 | INFO     | ss_crawler | [console_matcher] ConsoleMatcher initialized with 377 consoles, 63 variants, 326 editions
2026-05-16 18:35:35 | INFO     | ss_crawler | [database] Database connected: localhost:5433/ss_market
2026-05-16 18:35:35 | INFO     | ss_crawler | [crawler] Fetching : https://www.ss.com/msg/lv/electronics/computers/game-consoles/bhnobh.html
2026-05-16 18:35:38 | INFO     | ss_crawler | [console_matcher] ConsoleMatcher initialized with 377 consoles, 63 variants, 326 editions
2026-05-16 18:37:37 | INFO     | ss_crawler | [database] Database connected: localhost:5433/ss_market
2026-05-16 18:37:37 | INFO     | ss_crawler | [crawler] Fetching : https://www.ss.com/msg/lv/electronics/computers/game-consoles/bhnobh.html
2026-05-16 18:37:40 | INFO     | ss_crawler | [console_matcher] ConsoleMatcher initialized with 377 consoles, 63 variants, 326 editions
2026-05-16 18:39:17 | INFO     | ss_crawler | [database] Database connected: localhost:5433/ss_market
2026-05-16 18:39:17 | INFO     | ss_crawler | [crawler] Fetching : https://www.ss.com/msg/lv/electronics/computers/game-consoles/bhnobh.html
2026-05-16 18:39:19 | INFO     | ss_crawler | [console_matcher] ConsoleMatcher initialized with 377 consoles, 63 variants, 326 editions
2026-05-16 18:39:57 | INFO     | ss_crawler | [database] Database connected: localhost:5433/ss_market
2026-05-16 18:39:57 | INFO     | ss_crawler | [crawler] Fetching : https://www.ss.com/msg/lv/electronics/computers/game-consoles/bhnobh.html
2026-05-16 18:39:59 | INFO     | ss_crawler | [console_matcher] ConsoleMatcher initialized with 377 consoles, 63 variants, 326 editions
2026-05-16 18:40:51 | INFO     | ss_crawler | [database] Database connected: localhost:5433/ss_market
2026-05-16 18:40:51 | INFO     | ss_crawler | [crawler] Fetching : https://www.ss.com/msg/lv/electronics/computers/game-consoles/bhnobh.html
2026-05-16 18:40:54 | INFO     | ss_crawler | [console_matcher] ConsoleMatcher initialized with 377 consoles, 63 variants, 326 editions
2026-05-16 18:43:19 | INFO     | ss_crawler | [database] Database connected: localhost:5433/ss_market
2026-05-16 18:43:20 | INFO     | ss_crawler | [crawler] Fetching : https://www.ss.com/msg/lv/electronics/computers/game-consoles/bhnobh.html
2026-05-16 18:43:23 | INFO     | ss_crawler | [console_matcher] ConsoleMatcher initialized with 377 consoles, 63 variants, 326 editions
2026-05-16 18:44:38 | INFO     | ss_crawler | [database] Database connected: localhost:5433/ss_market
2026-05-16 18:44:38 | INFO     | ss_crawler | [crawler] Fetching : https://www.ss.com/msg/lv/electronics/computers/game-consoles/blhchl.html
2026-05-16 18:44:40 | INFO     | ss_crawler | [console_matcher] ConsoleMatcher initialized with 377 consoles, 63 variants, 326 editions
2026-05-16 18:46:29 | INFO     | ss_crawler | [database] Database connected: localhost:5433/ss_market
2026-05-16 18:46:29 | INFO     | ss_crawler | [crawler] Fetching : https://www.ss.com/msg/lv/electronics/computers/game-consoles/blhchl.html
2026-05-16 18:46:31 | INFO     | ss_crawler | [console_matcher] ConsoleMatcher initialized with 377 consoles, 63 variants, 326 editions
2026-05-16 18:47:54 | INFO     | ss_crawler | [database] Database connected: localhost:5433/ss_market
2026-05-16 18:47:54 | INFO     | ss_crawler | [crawler] Fetching : https://www.ss.com/msg/lv/electronics/computers/game-consoles/blhchl.html
2026-05-16 18:47:57 | INFO     | ss_crawler | [console_matcher] ConsoleMatcher initialized with 377 consoles, 63 variants, 326 editions
2026-05-16 18:48:50 | INFO     | ss_crawler | [database] Database connected: localhost:5433/ss_market
2026-05-16 18:48:50 | INFO     | ss_crawler | [crawler] Fetching : https://www.ss.com/msg/lv/electronics/computers/game-consoles/blhchl.html
2026-05-16 18:48:52 | INFO     | ss_crawler | [console_matcher] ConsoleMatcher initialized with 377 consoles, 63 variants, 326 editions
2026-05-16 19:03:37 | INFO     | ss_crawler | [database] Database connected: localhost:5433/ss_market
2026-05-16 19:03:37 | INFO     | ss_crawler | [crawler] Fetching : https://www.ss.com/msg/lv/electronics/computers/game-consoles/blhchl.html
2026-05-16 19:03:39 | INFO     | ss_crawler | [console_matcher] ConsoleMatcher initialized with 377 consoles, 63 variants, 326 editions
2026-05-16 19:03:59 | INFO     | ss_crawler | [database] Database connected: localhost:5433/ss_market
2026-05-16 19:03:59 | INFO     | ss_crawler | [crawler] Fetching : https://www.ss.com/msg/lv/electronics/computers/game-consoles/dphhi.html
2026-05-16 19:04:01 | INFO     | ss_crawler | [console_matcher] ConsoleMatcher initialized with 377 consoles, 63 variants, 326 editions
2026-05-16 19:05:22 | INFO     | ss_crawler | [database] Database connected: localhost:5433/ss_market
2026-05-16 19:05:22 | INFO     | ss_crawler | [crawler] Fetching : https://www.ss.com/msg/lv/electronics/computers/game-consoles/dphhi.html
2026-05-16 19:05:25 | INFO     | ss_crawler | [console_matcher] ConsoleMatcher initialized with 377 consoles, 63 variants, 326 editions
2026-05-16 19:05:37 | INFO     | ss_crawler | [database] Database connected: localhost:5433/ss_market
2026-05-16 19:05:37 | INFO     | ss_crawler | [crawler] Fetching : https://www.ss.com/msg/lv/electronics/computers/game-consoles/dphhi.html
2026-05-16 19:05:39 | INFO     | ss_crawler | [console_matcher] ConsoleMatcher initialized with 377 consoles, 63 variants, 326 editions
2026-05-16 19:06:11 | INFO     | ss_crawler | [database] Database connected: localhost:5433/ss_market
2026-05-16 19:06:11 | INFO     | ss_crawler | [crawler] Fetching : https://www.ss.com/msg/lv/electronics/computers/game-consoles/keeoo.html
2026-05-16 19:06:14 | INFO     | ss_crawler | [console_matcher] ConsoleMatcher initialized with 377 consoles, 63 variants, 326 editions
2026-05-16 19:06:41 | INFO     | ss_crawler | [database] Database connected: localhost:5433/ss_market
2026-05-16 19:06:41 | INFO     | ss_crawler | [crawler] Fetching : https://www.ss.com/msg/lv/electronics/computers/game-consoles/kxjcp.html
2026-05-16 19:06:44 | INFO     | ss_crawler | [console_matcher] ConsoleMatcher initialized with 377 consoles, 63 variants, 326 editions
2026-05-16 19:07:01 | INFO     | ss_crawler | [database] Database connected: localhost:5433/ss_market
2026-05-16 19:07:01 | INFO     | ss_crawler | [crawler] Fetching : https://www.ss.com/msg/lv/electronics/computers/game-consoles/bihdfo.html
2026-05-16 19:07:04 | INFO     | ss_crawler | [console_matcher] ConsoleMatcher initialized with 377 consoles, 63 variants, 326 editions
2026-05-16 19:07:18 | INFO     | ss_crawler | [database] Database connected: localhost:5433/ss_market
2026-05-16 19:07:18 | INFO     | ss_crawler | [crawler] Fetching : https://www.ss.com/msg/lv/electronics/computers/game-consoles/bkidlx.html
2026-05-16 19:07:21 | INFO     | ss_crawler | [console_matcher] ConsoleMatcher initialized with 377 consoles, 63 variants, 326 editions
2026-05-16 19:09:25 | INFO     | ss_crawler | [database] Database connected: localhost:5433/ss_market
2026-05-16 19:09:25 | INFO     | ss_crawler | [crawler] Fetching : https://www.ss.com/msg/lv/electronics/computers/game-consoles/fljkl.html
2026-05-16 19:09:28 | INFO     | ss_crawler | [console_matcher] ConsoleMatcher initialized with 377 consoles, 63 variants, 326 editions
2026-05-16 19:12:16 | INFO     | ss_crawler | [database] Database connected: localhost:5433/ss_market
2026-05-16 19:12:16 | INFO     | ss_crawler | [crawler] Fetching : https://www.ss.com/msg/lv/electronics/computers/game-consoles/bjpdle.html
2026-05-16 19:12:19 | INFO     | ss_crawler | [console_matcher] ConsoleMatcher initialized with 377 consoles, 63 variants, 326 editions
2026-05-16 19:15:53 | INFO     | ss_crawler | [database] Database connected: localhost:5433/ss_market
2026-05-16 19:15:53 | INFO     | ss_crawler | [crawler] Fetching : https://www.ss.com/msg/lv/electronics/computers/game-consoles/bjpdle.html
2026-05-16 19:19:15 | INFO     | ss_crawler | [database] Database connected: localhost:5433/ss_market
2026-05-16 19:19:15 | INFO     | ss_crawler | [crawler] Fetching : https://www.ss.com/msg/lv/electronics/computers/game-consoles/bjpdle.html
2026-05-16 19:19:37 | INFO     | ss_crawler | [database] Database connected: localhost:5433/ss_market
2026-05-16 19:19:37 | INFO     | ss_crawler | [crawler] Fetching : https://www.ss.com/msg/lv/electronics/computers/game-consoles/pkkdx.html
2026-05-16 19:19:53 | INFO     | ss_crawler | [database] Database connected: localhost:5433/ss_market
2026-05-16 19:19:53 | INFO     | ss_crawler | [crawler] Fetching : https://www.ss.com/msg/lv/electronics/computers/game-consoles/keeoo.html
2026-05-16 19:32:13 | INFO     | ss_crawler | [database] Database connected: localhost:5433/ss_market
2026-05-16 19:32:13 | INFO     | ss_crawler | [console_scraper] Starting console listing scrape...
2026-05-16 19:32:13 | INFO     | ss_crawler | [console_scraper] Fetching page 1: https://www.ss.com/lv/electronics/computers/game-consoles/
2026-05-16 19:32:13 | INFO     | ss_crawler | [crawler] Fetching : https://www.ss.com/lv/electronics/computers/game-consoles/
2026-05-16 19:33:49 | INFO     | ss_crawler | [database] Database connected: localhost:5433/ss_market
2026-05-16 19:33:49 | INFO     | ss_crawler | [console_scraper] Starting console listing scrape...
2026-05-16 19:33:49 | INFO     | ss_crawler | [console_scraper] Fetching page 1: https://www.ss.com/lv/electronics/computers/game-consoles/
2026-05-16 19:33:49 | INFO     | ss_crawler | [crawler] Fetching : https://www.ss.com/lv/electronics/computers/game-consoles/
2026-05-16 19:33:51 | INFO     | ss_crawler | [console_scraper] No listings found on page 1, stopping
2026-05-16 19:33:51 | INFO     | ss_crawler | [console_scraper] Total listings scraped: 0
2026-05-16 19:35:28 | INFO     | ss_crawler | [database] Database connected: localhost:5433/ss_market
2026-05-16 19:35:28 | INFO     | ss_crawler | [console_scraper] Starting console listing scrape...
2026-05-16 19:35:28 | INFO     | ss_crawler | [console_scraper] Fetching page 1: https://www.ss.com/lv/electronics/computers/game-consoles/
2026-05-16 19:35:28 | INFO     | ss_crawler | [crawler] Fetching : https://www.ss.com/lv/electronics/computers/game-consoles/
2026-05-16 19:35:30 | INFO     | ss_crawler | [console_scraper] Found 2 listings on page 1
2026-05-16 19:35:30 | INFO     | ss_crawler | [console_scraper] Fetching page 2: https://www.ss.com/lv/electronics/computers/game-consoles/page2.html
2026-05-16 19:35:30 | INFO     | ss_crawler | [crawler] Fetching : https://www.ss.com/lv/electronics/computers/game-consoles/page2.html
2026-05-16 19:35:32 | INFO     | ss_crawler | [console_scraper] Found 2 listings on page 2
2026-05-16 19:35:32 | INFO     | ss_crawler | [console_scraper] Fetching page 3: https://www.ss.com/lv/electronics/computers/game-consoles/page3.html
2026-05-16 19:35:32 | INFO     | ss_crawler | [crawler] Fetching : https://www.ss.com/lv/electronics/computers/game-consoles/page3.html
2026-05-16 19:35:35 | INFO     | ss_crawler | [console_scraper] Found 2 listings on page 3
2026-05-16 19:35:35 | INFO     | ss_crawler | [console_scraper] Fetching page 4: https://www.ss.com/lv/electronics/computers/game-consoles/page4.html
2026-05-16 19:35:35 | INFO     | ss_crawler | [crawler] Fetching : https://www.ss.com/lv/electronics/computers/game-consoles/page4.html
2026-05-16 19:35:38 | INFO     | ss_crawler | [console_scraper] Found 2 listings on page 4
2026-05-16 19:35:38 | INFO     | ss_crawler | [console_scraper] Fetching page 5: https://www.ss.com/lv/electronics/computers/game-consoles/page5.html
2026-05-16 19:35:38 | INFO     | ss_crawler | [crawler] Fetching : https://www.ss.com/lv/electronics/computers/game-consoles/page5.html
2026-05-16 19:35:40 | INFO     | ss_crawler | [console_scraper] Found 2 listings on page 5
2026-05-16 19:35:40 | INFO     | ss_crawler | [console_scraper] Reached max pages limit (5)
2026-05-16 19:35:40 | INFO     | ss_crawler | [console_scraper] Total listings scraped: 10
2026-05-16 19:38:02 | INFO     | ss_crawler | [database] Database connected: localhost:5433/ss_market
2026-05-16 19:38:02 | INFO     | ss_crawler | [console_scraper] Starting console listing scrape...
2026-05-16 19:38:02 | INFO     | ss_crawler | [console_scraper] Fetching page 1: https://www.ss.com/lv/electronics/computers/game-consoles/
2026-05-16 19:38:02 | INFO     | ss_crawler | [crawler] Fetching : https://www.ss.com/lv/electronics/computers/game-consoles/
2026-05-16 19:38:04 | INFO     | ss_crawler | [console_scraper] Found 2 listings on page 1
2026-05-16 19:38:04 | INFO     | ss_crawler | [console_scraper] Fetching page 2: https://www.ss.com/lv/electronics/computers/game-consoles/page2.html
2026-05-16 19:38:04 | INFO     | ss_crawler | [crawler] Fetching : https://www.ss.com/lv/electronics/computers/game-consoles/page2.html
2026-05-16 19:38:08 | INFO     | ss_crawler | [console_scraper] Found 2 listings on page 2
2026-05-16 19:38:08 | INFO     | ss_crawler | [console_scraper] Fetching page 3: https://www.ss.com/lv/electronics/computers/game-consoles/page3.html
2026-05-16 19:38:08 | INFO     | ss_crawler | [crawler] Fetching : https://www.ss.com/lv/electronics/computers/game-consoles/page3.html
2026-05-16 19:38:10 | INFO     | ss_crawler | [console_scraper] Found 2 listings on page 3
2026-05-16 19:38:10 | INFO     | ss_crawler | [console_scraper] Fetching page 4: https://www.ss.com/lv/electronics/computers/game-consoles/page4.html
2026-05-16 19:38:10 | INFO     | ss_crawler | [crawler] Fetching : https://www.ss.com/lv/electronics/computers/game-consoles/page4.html
2026-05-16 19:38:13 | INFO     | ss_crawler | [console_scraper] Found 2 listings on page 4
2026-05-16 19:38:13 | INFO     | ss_crawler | [console_scraper] Fetching page 5: https://www.ss.com/lv/electronics/computers/game-consoles/page5.html
2026-05-16 19:38:13 | INFO     | ss_crawler | [crawler] Fetching : https://www.ss.com/lv/electronics/computers/game-consoles/page5.html
2026-05-16 19:38:15 | INFO     | ss_crawler | [console_scraper] Found 2 listings on page 5
2026-05-16 19:38:15 | INFO     | ss_crawler | [console_scraper] Reached max pages limit (5)
2026-05-16 19:38:15 | INFO     | ss_crawler | [console_scraper] Total listings scraped: 10
2026-05-16 19:38:38 | INFO     | ss_crawler | [database] Database connected: localhost:5433/ss_market
2026-05-16 19:38:38 | INFO     | ss_crawler | [console_scraper] Starting console listing scrape...
2026-05-16 19:38:38 | INFO     | ss_crawler | [console_scraper] Fetching page 1: https://www.ss.com/lv/electronics/computers/game-consoles/
2026-05-16 19:38:38 | INFO     | ss_crawler | [crawler] Fetching : https://www.ss.com/lv/electronics/computers/game-consoles/
2026-05-16 19:38:41 | INFO     | ss_crawler | [console_scraper] Found 2 listings on page 1
2026-05-16 19:38:41 | INFO     | ss_crawler | [console_scraper] Fetching page 2: https://www.ss.com/lv/electronics/computers/game-consoles/page2.html
2026-05-16 19:38:41 | INFO     | ss_crawler | [crawler] Fetching : https://www.ss.com/lv/electronics/computers/game-consoles/page2.html
2026-05-16 19:38:44 | INFO     | ss_crawler | [console_scraper] Found 2 listings on page 2
2026-05-16 19:38:44 | INFO     | ss_crawler | [console_scraper] Fetching page 3: https://www.ss.com/lv/electronics/computers/game-consoles/page3.html
2026-05-16 19:38:44 | INFO     | ss_crawler | [crawler] Fetching : https://www.ss.com/lv/electronics/computers/game-consoles/page3.html
2026-05-16 19:38:47 | INFO     | ss_crawler | [console_scraper] Found 2 listings on page 3
2026-05-16 19:38:47 | INFO     | ss_crawler | [console_scraper] Fetching page 4: https://www.ss.com/lv/electronics/computers/game-consoles/page4.html
2026-05-16 19:38:47 | INFO     | ss_crawler | [crawler] Fetching : https://www.ss.com/lv/electronics/computers/game-consoles/page4.html
2026-05-16 19:38:50 | INFO     | ss_crawler | [console_scraper] Found 2 listings on page 4
2026-05-16 19:38:50 | INFO     | ss_crawler | [console_scraper] Fetching page 5: https://www.ss.com/lv/electronics/computers/game-consoles/page5.html
2026-05-16 19:38:50 | INFO     | ss_crawler | [crawler] Fetching : https://www.ss.com/lv/electronics/computers/game-consoles/page5.html
2026-05-16 19:38:53 | INFO     | ss_crawler | [console_scraper] Found 2 listings on page 5
2026-05-16 19:38:53 | INFO     | ss_crawler | [console_scraper] Reached max pages limit (5)
2026-05-16 19:38:53 | INFO     | ss_crawler | [console_scraper] Total listings scraped: 10
2026-05-16 19:39:21 | INFO     | ss_crawler | [database] Database connected: localhost:5433/ss_market
2026-05-16 19:39:21 | INFO     | ss_crawler | [console_scraper] Starting console listing scrape...
2026-05-16 19:39:21 | INFO     | ss_crawler | [console_scraper] Fetching page 1: https://www.ss.com/lv/electronics/computers/game-consoles/
2026-05-16 19:39:21 | INFO     | ss_crawler | [crawler] Fetching : https://www.ss.com/lv/electronics/computers/game-consoles/
2026-05-16 19:39:23 | INFO     | ss_crawler | [console_scraper] Found 2 listings on page 1
2026-05-16 19:39:23 | INFO     | ss_crawler | [console_scraper] Fetching page 2: https://www.ss.com/lv/electronics/computers/game-consoles/page2.html
2026-05-16 19:39:23 | INFO     | ss_crawler | [crawler] Fetching : https://www.ss.com/lv/electronics/computers/game-consoles/page2.html
2026-05-16 19:39:25 | INFO     | ss_crawler | [console_scraper] Found 2 listings on page 2
2026-05-16 19:39:25 | INFO     | ss_crawler | [console_scraper] Fetching page 3: https://www.ss.com/lv/electronics/computers/game-consoles/page3.html
2026-05-16 19:39:25 | INFO     | ss_crawler | [crawler] Fetching : https://www.ss.com/lv/electronics/computers/game-consoles/page3.html
2026-05-16 19:39:27 | INFO     | ss_crawler | [console_scraper] Found 2 listings on page 3
2026-05-16 19:39:27 | INFO     | ss_crawler | [console_scraper] Fetching page 4: https://www.ss.com/lv/electronics/computers/game-consoles/page4.html
2026-05-16 19:39:27 | INFO     | ss_crawler | [crawler] Fetching : https://www.ss.com/lv/electronics/computers/game-consoles/page4.html
2026-05-16 19:39:30 | INFO     | ss_crawler | [console_scraper] Found 2 listings on page 4
2026-05-16 19:39:30 | INFO     | ss_crawler | [console_scraper] Fetching page 5: https://www.ss.com/lv/electronics/computers/game-consoles/page5.html
2026-05-16 19:39:30 | INFO     | ss_crawler | [crawler] Fetching : https://www.ss.com/lv/electronics/computers/game-consoles/page5.html
2026-05-16 19:39:34 | INFO     | ss_crawler | [console_scraper] Found 2 listings on page 5
2026-05-16 19:39:34 | INFO     | ss_crawler | [console_scraper] Reached max pages limit (5)
2026-05-16 19:39:34 | INFO     | ss_crawler | [console_scraper] Total listings scraped: 10
2026-05-16 19:39:34 | INFO     | ss_crawler | [console_repository] Loaded 377 consoles, 63 variants, 326 editions
2026-05-16 19:39:34 | INFO     | ss_crawler | [console_matcher] ConsoleMatcher initialized with 377 consoles, 63 variants, 326 editions
2026-05-16 19:39:34 | ERROR    | ss_crawler | [database] Database transaction failed: ListingRepository.create_or_update() missing 1 required positional argument: 'run_id'
2026-05-16 19:39:34 | ERROR    | ss_crawler | [cli] Error processing listing ss_8a540c19f4c5: ListingRepository.create_or_update() missing 1 required positional argument: 'run_id'
2026-05-16 19:39:34 | ERROR    | ss_crawler | [database] Database transaction failed: ListingRepository.create_or_update() missing 1 required positional argument: 'run_id'
2026-05-16 19:39:34 | ERROR    | ss_crawler | [cli] Error processing listing ss_8a540c19f4c5: ListingRepository.create_or_update() missing 1 required positional argument: 'run_id'
2026-05-16 19:39:34 | ERROR    | ss_crawler | [database] Database transaction failed: ListingRepository.create_or_update() missing 1 required positional argument: 'run_id'
2026-05-16 19:39:34 | ERROR    | ss_crawler | [cli] Error processing listing ss_8a540c19f4c5: ListingRepository.create_or_update() missing 1 required positional argument: 'run_id'
2026-05-16 19:39:34 | ERROR    | ss_crawler | [database] Database transaction failed: ListingRepository.create_or_update() missing 1 required positional argument: 'run_id'
2026-05-16 19:39:34 | ERROR    | ss_crawler | [cli] Error processing listing ss_8a540c19f4c5: ListingRepository.create_or_update() missing 1 required positional argument: 'run_id'
2026-05-16 19:39:34 | ERROR    | ss_crawler | [database] Database transaction failed: ListingRepository.create_or_update() missing 1 required positional argument: 'run_id'
2026-05-16 19:39:34 | ERROR    | ss_crawler | [cli] Error processing listing ss_8a540c19f4c5: ListingRepository.create_or_update() missing 1 required positional argument: 'run_id'
2026-05-16 19:41:02 | INFO     | ss_crawler | [database] Database connected: localhost:5433/ss_market
2026-05-16 19:41:02 | INFO     | ss_crawler | [console_scraper] Starting console listing scrape...
2026-05-16 19:41:02 | INFO     | ss_crawler | [console_scraper] Fetching page 1: https://www.ss.com/lv/electronics/computers/game-consoles/
2026-05-16 19:41:02 | INFO     | ss_crawler | [crawler] Fetching : https://www.ss.com/lv/electronics/computers/game-consoles/
2026-05-16 19:41:05 | INFO     | ss_crawler | [console_scraper] No listings found on page 1, stopping
2026-05-16 19:41:05 | INFO     | ss_crawler | [console_scraper] Total listings scraped: 0
2026-05-16 19:41:05 | INFO     | ss_crawler | [console_repository] Loaded 377 consoles, 63 variants, 326 editions
2026-05-16 19:41:05 | INFO     | ss_crawler | [console_matcher] ConsoleMatcher initialized with 377 consoles, 63 variants, 326 editions
2026-05-16 19:43:25 | INFO     | ss_crawler | [crawler] Fetching : https://www.ss.com/msg/lv/electronics/photo-optics/objectives/loolb.html
2026-05-16 19:43:52 | INFO     | ss_crawler | [crawler] Fetching : https://www.ss.com/msg/lv/electronics/photo-optics/objectives/loolb.html
2026-05-16 19:44:07 | INFO     | ss_crawler | [database] Database connected: localhost:5433/ss_market
2026-05-16 19:44:07 | INFO     | ss_crawler | [console_scraper] Starting console listing scrape...
2026-05-16 19:44:07 | INFO     | ss_crawler | [console_scraper] Fetching page 1: https://www.ss.com/lv/electronics/computers/game-consoles/
2026-05-16 19:44:07 | INFO     | ss_crawler | [crawler] Fetching : https://www.ss.com/lv/electronics/computers/game-consoles/
2026-05-16 19:44:09 | INFO     | ss_crawler | [console_scraper] Found 31 listings on page 1
2026-05-16 19:44:09 | INFO     | ss_crawler | [console_scraper] Fetching page 2: https://www.ss.com/lv/electronics/computers/game-consoles/page2.html
2026-05-16 19:44:09 | INFO     | ss_crawler | [crawler] Fetching : https://www.ss.com/lv/electronics/computers/game-consoles/page2.html
2026-05-16 19:44:12 | INFO     | ss_crawler | [console_scraper] Found 20 listings on page 2
2026-05-16 19:44:12 | INFO     | ss_crawler | [console_scraper] Fetching page 3: https://www.ss.com/lv/electronics/computers/game-consoles/page3.html
2026-05-16 19:44:12 | INFO     | ss_crawler | [crawler] Fetching : https://www.ss.com/lv/electronics/computers/game-consoles/page3.html
2026-05-16 19:44:15 | INFO     | ss_crawler | [console_scraper] Found 24 listings on page 3
2026-05-16 19:44:15 | INFO     | ss_crawler | [console_scraper] Fetching page 4: https://www.ss.com/lv/electronics/computers/game-consoles/page4.html
2026-05-16 19:44:15 | INFO     | ss_crawler | [crawler] Fetching : https://www.ss.com/lv/electronics/computers/game-consoles/page4.html
2026-05-16 19:44:17 | INFO     | ss_crawler | [console_scraper] Found 30 listings on page 4
2026-05-16 19:44:17 | INFO     | ss_crawler | [console_scraper] Fetching page 5: https://www.ss.com/lv/electronics/computers/game-consoles/page5.html
2026-05-16 19:44:17 | INFO     | ss_crawler | [crawler] Fetching : https://www.ss.com/lv/electronics/computers/game-consoles/page5.html
2026-05-16 19:44:20 | INFO     | ss_crawler | [console_scraper] Found 28 listings on page 5
2026-05-16 19:44:20 | INFO     | ss_crawler | [console_scraper] Reached max pages limit (5)
2026-05-16 19:44:20 | INFO     | ss_crawler | [console_scraper] Total listings scraped: 133
2026-05-16 19:44:20 | INFO     | ss_crawler | [console_repository] Loaded 377 consoles, 63 variants, 326 editions
2026-05-16 19:44:20 | INFO     | ss_crawler | [console_matcher] ConsoleMatcher initialized with 377 consoles, 63 variants, 326 editions
2026-05-16 19:45:05 | INFO     | ss_crawler | [crawler] Fetching : https://www.ss.com/msg/lv/electronics/photo-optics/objectives/loolb.html
2026-05-16 19:45:08 | INFO     | ss_crawler | [lens_scraper] Initializing Lens scraper...
2026-05-16 19:45:08 | INFO     | ss_crawler | [database] Database connected: localhost:5433/ss_market
2026-05-16 19:45:08 | INFO     | ss_crawler | [lens_scraper] Database: postgresql+psycopg2://crawler:crawler_pass@localhost:5433/ss_market
2026-05-16 19:45:08 | INFO     | ss_crawler | [lens_scraper] Loaded 479 lens references
2026-05-16 19:45:08 | INFO     | ss_crawler | [crawler] Fetching : https://www.ss.com/msg/lv/electronics/photo-optics/objectives/loolb.html
2026-05-16 19:45:10 | ERROR    | ss_crawler | [lens_scraper] Error scraping listing loolb: "Listing" object has no field "matched_lens_id"
2026-05-16 19:45:42 | INFO     | ss_crawler | [crawler] Fetching : https://www.ss.com/msg/lv/electronics/photo-optics/objectives/loolb.html
2026-05-16 19:45:45 | INFO     | ss_crawler | [lens_scraper] Initializing Lens scraper...
2026-05-16 19:45:45 | INFO     | ss_crawler | [database] Database connected: localhost:5433/ss_market
2026-05-16 19:45:45 | INFO     | ss_crawler | [lens_scraper] Database: postgresql+psycopg2://crawler:crawler_pass@localhost:5433/ss_market
2026-05-16 19:45:45 | INFO     | ss_crawler | [lens_scraper] Loaded 479 lens references
2026-05-16 19:45:45 | INFO     | ss_crawler | [crawler] Fetching : https://www.ss.com/msg/lv/electronics/photo-optics/objectives/loolb.html
2026-05-16 19:45:49 | INFO     | ss_crawler | [lens_scraper] No match for [loolb]
2026-05-16 19:45:56 | INFO     | ss_crawler | [crawler] Fetching : https://www.ss.com/msg/lv/electronics/photo-optics/objectives/fljof.html
2026-05-16 19:45:58 | INFO     | ss_crawler | [lens_scraper] Initializing Lens scraper...
2026-05-16 19:45:58 | INFO     | ss_crawler | [database] Database connected: localhost:5433/ss_market
2026-05-16 19:45:58 | INFO     | ss_crawler | [lens_scraper] Database: postgresql+psycopg2://crawler:crawler_pass@localhost:5433/ss_market
2026-05-16 19:45:58 | INFO     | ss_crawler | [lens_scraper] Loaded 479 lens references
2026-05-16 19:45:58 | INFO     | ss_crawler | [crawler] Fetching : https://www.ss.com/msg/lv/electronics/photo-optics/objectives/fljof.html
2026-05-16 19:46:01 | INFO     | ss_crawler | [lens_scraper] Matched [fljof]: Canon_70-200mm_f_2.8_L_IS_USM_Z (80% confidence)
2026-05-16 19:46:08 | INFO     | ss_crawler | [lens_scraper] Initializing Lens scraper...
2026-05-16 19:46:08 | INFO     | ss_crawler | [database] Database connected: localhost:5433/ss_market
2026-05-16 19:46:08 | INFO     | ss_crawler | [lens_scraper] Database: postgresql+psycopg2://crawler:crawler_pass@localhost:5433/ss_market
2026-05-16 19:46:08 | INFO     | ss_crawler | [lens_scraper] Loaded 479 lens references
2026-05-16 19:46:08 | INFO     | ss_crawler | [lens_scraper] Starting lens category scrape: https://www.ss.com/lv/electronics/photo-optics/objectives/
2026-05-16 19:46:08 | INFO     | ss_crawler | [lens_scraper] Fetching page 1: https://www.ss.com/lv/electronics/photo-optics/objectives/
2026-05-16 19:46:08 | INFO     | ss_crawler | [crawler] Fetching : https://www.ss.com/lv/electronics/photo-optics/objectives/
2026-05-16 19:46:11 | INFO     | ss_crawler | [lens_scraper] Found 30 listings on page 1
2026-05-16 19:46:11 | INFO     | ss_crawler | [crawler] Fetching : https://www.ss.com/msg/lv/electronics/photo-optics/objectives/loolb.html
2026-05-16 19:46:15 | INFO     | ss_crawler | [lens_scraper] No match for [loolb]
2026-05-16 19:46:15 | INFO     | ss_crawler | [crawler] Fetching : https://www.ss.com/msg/lv/electronics/photo-optics/objectives/bgpjfj.html
2026-05-16 19:46:17 | INFO     | ss_crawler | [lens_scraper] Matched [bgpjfj]: Sigma_70mm_F2.8_DG_Macro_Art (80% confidence)
2026-05-16 19:46:17 | INFO     | ss_crawler | [crawler] Fetching : https://www.ss.com/msg/lv/electronics/photo-optics/objectives/fljof.html
2026-05-16 19:46:19 | INFO     | ss_crawler | [lens_scraper] Matched [fljof]: Canon_70-200mm_f_2.8_L_IS_USM_Z (80% confidence)
2026-05-16 19:46:19 | INFO     | ss_crawler | [crawler] Fetching : https://www.ss.com/msg/lv/electronics/photo-optics/objectives/begohe.html
2026-05-16 19:46:21 | INFO     | ss_crawler | [lens_scraper] Matched [begohe]: Sony_Sony_E_16-55mm_F2.8_G (60% confidence)
2026-05-16 19:46:21 | INFO     | ss_crawler | [crawler] Fetching : https://www.ss.com/msg/lv/electronics/photo-optics/objectives/fmehe.html
2026-05-16 19:46:23 | INFO     | ss_crawler | [lens_scraper] Filtered [fmehe]: filtered_nikon
2026-05-16 19:46:23 | INFO     | ss_crawler | [lens_scraper] Reached global limit: 5
2026-05-16 19:46:54 | INFO     | ss_crawler | [crawler] Fetching : https://www.ss.com/msg/lv/electronics/photo-optics/objectives/loolb.html
2026-05-16 19:46:57 | INFO     | ss_crawler | [lens_scraper] Initializing Lens scraper...
2026-05-16 19:46:57 | INFO     | ss_crawler | [database] Database connected: localhost:5433/ss_market
2026-05-16 19:46:57 | INFO     | ss_crawler | [lens_scraper] Database: postgresql+psycopg2://crawler:crawler_pass@localhost:5433/ss_market
2026-05-16 19:46:57 | INFO     | ss_crawler | [lens_scraper] Loaded 479 lens references
2026-05-16 19:46:57 | INFO     | ss_crawler | [crawler] Fetching : https://www.ss.com/msg/lv/electronics/photo-optics/objectives/loolb.html
2026-05-16 19:47:01 | INFO     | ss_crawler | [lens_scraper] No match for [loolb]
2026-05-16 19:49:11 | INFO     | ss_crawler | [database] Database connected: localhost:5433/ss_market
2026-05-16 19:49:11 | INFO     | ss_crawler | [console_scraper] Starting console listing scrape...
2026-05-16 19:49:11 | INFO     | ss_crawler | [console_scraper] Fetching page 1: https://www.ss.com/lv/electronics/computers/game-consoles/
2026-05-16 19:49:11 | INFO     | ss_crawler | [crawler] Fetching : https://www.ss.com/lv/electronics/computers/game-consoles/
2026-05-16 19:49:15 | INFO     | ss_crawler | [console_scraper] Found 31 listings on page 1
2026-05-16 19:49:15 | INFO     | ss_crawler | [console_scraper] Fetching page 2: https://www.ss.com/lv/electronics/computers/game-consoles/page2.html
2026-05-16 19:49:15 | INFO     | ss_crawler | [crawler] Fetching : https://www.ss.com/lv/electronics/computers/game-consoles/page2.html
2026-05-16 19:49:17 | INFO     | ss_crawler | [console_scraper] Found 20 listings on page 2
2026-05-16 19:49:17 | INFO     | ss_crawler | [console_scraper] Fetching page 3: https://www.ss.com/lv/electronics/computers/game-consoles/page3.html
2026-05-16 19:49:17 | INFO     | ss_crawler | [crawler] Fetching : https://www.ss.com/lv/electronics/computers/game-consoles/page3.html
2026-05-16 19:49:20 | INFO     | ss_crawler | [console_scraper] Found 24 listings on page 3
2026-05-16 19:49:20 | INFO     | ss_crawler | [console_scraper] Fetching page 4: https://www.ss.com/lv/electronics/computers/game-consoles/page4.html
2026-05-16 19:49:20 | INFO     | ss_crawler | [crawler] Fetching : https://www.ss.com/lv/electronics/computers/game-consoles/page4.html
2026-05-16 19:49:22 | INFO     | ss_crawler | [console_scraper] Found 30 listings on page 4
2026-05-16 19:49:22 | INFO     | ss_crawler | [console_scraper] Fetching page 5: https://www.ss.com/lv/electronics/computers/game-consoles/page5.html
2026-05-16 19:49:22 | INFO     | ss_crawler | [crawler] Fetching : https://www.ss.com/lv/electronics/computers/game-consoles/page5.html
2026-05-16 19:49:24 | INFO     | ss_crawler | [console_scraper] Found 28 listings on page 5
2026-05-16 19:49:24 | INFO     | ss_crawler | [console_scraper] Reached max pages limit (5)
2026-05-16 19:49:24 | INFO     | ss_crawler | [console_scraper] Total listings scraped: 133
2026-05-16 19:49:24 | INFO     | ss_crawler | [console_repository] Loaded 377 consoles, 63 variants, 326 editions
2026-05-16 19:49:24 | INFO     | ss_crawler | [console_matcher] ConsoleMatcher initialized with 377 consoles, 63 variants, 326 editions
2026-05-16 19:49:36 | INFO     | ss_crawler | [crawler] Fetching : https://www.ss.com/msg/lv/electronics/photo-optics/objectives/loolb.html
2026-05-16 19:49:40 | INFO     | ss_crawler | [lens_scraper] Initializing Lens scraper...
2026-05-16 19:49:40 | INFO     | ss_crawler | [database] Database connected: localhost:5433/ss_market
2026-05-16 19:49:40 | INFO     | ss_crawler | [lens_scraper] Database: postgresql+psycopg2://crawler:crawler_pass@localhost:5433/ss_market
2026-05-16 19:49:40 | INFO     | ss_crawler | [lens_scraper] Loaded 479 lens references
2026-05-16 19:49:40 | INFO     | ss_crawler | [crawler] Fetching : https://www.ss.com/msg/lv/electronics/photo-optics/objectives/loolb.html
2026-05-16 19:49:43 | INFO     | ss_crawler | [lens_scraper] No match for [loolb]
2026-05-16 19:50:14 | INFO     | ss_crawler | [crawler] Fetching : https://www.ss.com/msg/lv/electronics/photo-optics/objectives/loolb.html
2026-05-16 19:50:17 | INFO     | ss_crawler | [lens_scraper] Initializing Lens scraper...
2026-05-16 19:50:17 | INFO     | ss_crawler | [database] Database connected: localhost:5433/ss_market
2026-05-16 19:50:17 | INFO     | ss_crawler | [lens_scraper] Database: postgresql+psycopg2://crawler:crawler_pass@localhost:5433/ss_market
2026-05-16 19:50:17 | INFO     | ss_crawler | [lens_scraper] Loaded 479 lens references
2026-05-16 19:50:17 | INFO     | ss_crawler | [crawler] Fetching : https://www.ss.com/msg/lv/electronics/photo-optics/objectives/loolb.html
2026-05-16 19:50:20 | INFO     | ss_crawler | [lens_scraper] No match for [loolb]
2026-05-16 19:50:35 | INFO     | ss_crawler | [crawler] Fetching : https://www.ss.com/msg/lv/electronics/photo-optics/objectives/loolb.html
2026-05-16 19:50:37 | INFO     | ss_crawler | [lens_scraper] Initializing Lens scraper...
2026-05-16 19:50:37 | INFO     | ss_crawler | [database] Database connected: localhost:5433/ss_market
2026-05-16 19:50:37 | INFO     | ss_crawler | [lens_scraper] Database: postgresql+psycopg2://crawler:crawler_pass@localhost:5433/ss_market
2026-05-16 19:50:37 | INFO     | ss_crawler | [lens_scraper] Loaded 479 lens references
2026-05-16 19:50:37 | INFO     | ss_crawler | [crawler] Fetching : https://www.ss.com/msg/lv/electronics/photo-optics/objectives/loolb.html
2026-05-16 19:50:40 | INFO     | ss_crawler | [lens_scraper] No match for [loolb]
2026-05-16 19:52:00 | INFO     | ss_crawler | [database] Database connected: localhost:5433/ss_market
2026-05-16 19:52:00 | INFO     | ss_crawler | [console_scraper] Starting console listing scrape...
2026-05-16 19:52:00 | INFO     | ss_crawler | [console_scraper] Fetching page 1: https://www.ss.com/lv/electronics/computers/game-consoles/
2026-05-16 19:52:00 | INFO     | ss_crawler | [crawler] Fetching : https://www.ss.com/lv/electronics/computers/game-consoles/
2026-05-16 19:52:03 | INFO     | ss_crawler | [console_scraper] Found 31 listings on page 1, kept 5
2026-05-16 19:52:03 | INFO     | ss_crawler | [console_scraper] Total listings scraped: 5
2026-05-16 19:52:03 | INFO     | ss_crawler | [console_repository] Loaded 377 consoles, 63 variants, 326 editions
2026-05-16 19:52:03 | INFO     | ss_crawler | [console_matcher] ConsoleMatcher initialized with 377 consoles, 63 variants, 326 editions
2026-05-16 19:52:25 | INFO     | ss_crawler | [crawler] Fetching : https://www.ss.com/msg/lv/electronics/photo-optics/objectives/loolb.html
2026-05-16 19:52:27 | INFO     | ss_crawler | [lens_scraper] Initializing Lens scraper...
2026-05-16 19:52:27 | INFO     | ss_crawler | [database] Database connected: localhost:5433/ss_market
2026-05-16 19:52:27 | INFO     | ss_crawler | [lens_scraper] Database: postgresql+psycopg2://crawler:crawler_pass@localhost:5433/ss_market
2026-05-16 19:52:27 | INFO     | ss_crawler | [lens_scraper] Loaded 479 lens references
2026-05-16 19:52:27 | INFO     | ss_crawler | [crawler] Fetching : https://www.ss.com/msg/lv/electronics/photo-optics/objectives/loolb.html
2026-05-16 19:52:30 | INFO     | ss_crawler | [lens_scraper] Matched [loolb]: Canon_24-105mm_F4L_IS_USM (95% confidence)
2026-05-16 19:52:38 | INFO     | ss_crawler | [crawler] Fetching : https://www.ss.com/msg/lv/electronics/photo-optics/objectives/fljof.html
2026-05-16 19:52:40 | INFO     | ss_crawler | [lens_scraper] Initializing Lens scraper...
2026-05-16 19:52:40 | INFO     | ss_crawler | [database] Database connected: localhost:5433/ss_market
2026-05-16 19:52:40 | INFO     | ss_crawler | [lens_scraper] Database: postgresql+psycopg2://crawler:crawler_pass@localhost:5433/ss_market
2026-05-16 19:52:40 | INFO     | ss_crawler | [lens_scraper] Loaded 479 lens references
2026-05-16 19:52:40 | INFO     | ss_crawler | [crawler] Fetching : https://www.ss.com/msg/lv/electronics/photo-optics/objectives/fljof.html
2026-05-16 19:52:43 | INFO     | ss_crawler | [lens_scraper] Matched [fljof]: Canon_24-70mm_F2.8L_II_USM (100% confidence)
2026-05-16 19:53:20 | INFO     | ss_crawler | [database] Database connected: localhost:5433/ss_market
2026-05-16 19:53:20 | INFO     | ss_crawler | [console_scraper] Starting console listing scrape...
2026-05-16 19:53:20 | INFO     | ss_crawler | [console_scraper] Fetching page 1: https://www.ss.com/lv/electronics/computers/game-consoles/
2026-05-16 19:53:20 | INFO     | ss_crawler | [crawler] Fetching : https://www.ss.com/lv/electronics/computers/game-consoles/
2026-05-16 19:53:23 | INFO     | ss_crawler | [console_scraper] Found 31 listings on page 1, kept 5
2026-05-16 19:53:23 | INFO     | ss_crawler | [console_scraper] Total listings scraped: 5
2026-05-16 19:53:23 | INFO     | ss_crawler | [console_repository] Loaded 377 consoles, 63 variants, 326 editions
2026-05-16 19:53:23 | INFO     | ss_crawler | [console_matcher] ConsoleMatcher initialized with 377 consoles, 63 variants, 326 editions
2026-05-16 19:54:43 | INFO     | ss_crawler | [apply_lens_schema] Connecting to database...
2026-05-16 19:54:43 | INFO     | ss_crawler | [database] Database connected: localhost:5433/ss_market
2026-05-16 19:54:43 | INFO     | ss_crawler | [apply_lens_schema] Creating lens_reference table...
2026-05-16 19:54:43 | INFO     | ss_crawler | [apply_lens_schema] ✓ lens_reference table created successfully!
2026-05-16 19:54:43 | INFO     | ss_crawler | [apply_lens_schema]   Current lens count: 0
2026-05-16 19:54:43 | INFO     | ss_crawler | [apply_lens_schema] 
Importing lens data from lenses.csv...
2026-05-16 19:54:58 | INFO     | ss_crawler | [apply_lens_schema] Connecting to database...
2026-05-16 19:54:58 | INFO     | ss_crawler | [database] Database connected: localhost:5433/ss_market
2026-05-16 19:54:58 | INFO     | ss_crawler | [apply_lens_schema] Creating lens_reference table...
2026-05-16 19:54:58 | INFO     | ss_crawler | [apply_lens_schema] [OK] lens_reference table created successfully!
2026-05-16 19:54:58 | INFO     | ss_crawler | [apply_lens_schema]   Current lens count: 0
2026-05-16 19:54:58 | INFO     | ss_crawler | [apply_lens_schema] 
Importing lens data from lenses.csv...
2026-05-16 19:54:58 | ERROR    | ss_crawler | [import_lenses] lenses.csv not found at G:\Github\SS-WEB-SCRAPPER\lenses.csv
2026-05-16 19:54:58 | INFO     | ss_crawler | [apply_lens_schema] 
Done!
2026-05-16 19:55:04 | INFO     | ss_crawler | [apply_lens_schema] Connecting to database...
2026-05-16 19:55:04 | INFO     | ss_crawler | [database] Database connected: localhost:5433/ss_market
2026-05-16 19:55:04 | INFO     | ss_crawler | [apply_lens_schema] Creating lens_reference table...
2026-05-16 19:55:04 | INFO     | ss_crawler | [apply_lens_schema] [OK] lens_reference table created successfully!
2026-05-16 19:55:04 | INFO     | ss_crawler | [apply_lens_schema]   Current lens count: 0
2026-05-16 19:55:04 | INFO     | ss_crawler | [apply_lens_schema] 
Importing lens data from lenses.csv...
2026-05-16 19:55:04 | INFO     | ss_crawler | [import_lenses] Importing lenses from G:\Github\SS-WEB-SCRAPPER\SS-CRAWLER\lenses.csv
2026-05-16 19:55:04 | INFO     | ss_crawler | [database] Database connected: localhost:5433/ss_market
2026-05-16 19:55:04 | INFO     | ss_crawler | [import_lenses] Cleared existing lens references
2026-05-16 19:55:04 | INFO     | ss_crawler | [import_lenses] Imported 50 lenses...
2026-05-16 19:55:04 | INFO     | ss_crawler | [import_lenses] Imported 100 lenses...
2026-05-16 19:55:04 | INFO     | ss_crawler | [import_lenses] Imported 150 lenses...
2026-05-16 19:55:04 | INFO     | ss_crawler | [import_lenses] Imported 200 lenses...
2026-05-16 19:55:04 | INFO     | ss_crawler | [import_lenses] Imported 250 lenses...
2026-05-16 19:55:04 | INFO     | ss_crawler | [import_lenses] Imported 300 lenses...
2026-05-16 19:55:04 | INFO     | ss_crawler | [import_lenses] Imported 350 lenses...
2026-05-16 19:55:04 | INFO     | ss_crawler | [import_lenses] Imported 400 lenses...
2026-05-16 19:55:04 | INFO     | ss_crawler | [import_lenses] Imported 450 lenses...
2026-05-16 19:55:04 | INFO     | ss_crawler | [import_lenses] Import complete: 479 lenses imported, 0 failed
2026-05-16 19:55:04 | INFO     | ss_crawler | [apply_lens_schema] 
Done!
2026-05-16 19:55:59 | INFO     | ss_crawler | [crawler] Fetching : https://www.ss.com/msg/lv/electronics/photo-optics/objectives/loolb.html
2026-05-16 19:56:02 | INFO     | ss_crawler | [lens_scraper] Initializing Lens scraper...
2026-05-16 19:56:02 | INFO     | ss_crawler | [database] Database connected: localhost:5433/ss_market
2026-05-16 19:56:02 | INFO     | ss_crawler | [lens_scraper] Database: postgresql+psycopg2://crawler:crawler_pass@localhost:5433/ss_market
2026-05-16 19:56:02 | INFO     | ss_crawler | [lens_scraper] Loaded 479 lens references
2026-05-16 19:56:02 | INFO     | ss_crawler | [crawler] Fetching : https://www.ss.com/msg/lv/electronics/photo-optics/objectives/loolb.html
2026-05-16 19:56:06 | INFO     | ss_crawler | [lens_scraper] Matched [loolb]: Canon_24-105mm_F4L_IS_USM (95% confidence)
2026-05-16 19:58:44 | INFO     | ss_crawler | [crawler] Fetching : https://www.ss.com/msg/lv/electronics/photo-optics/objectives/loolb.html
2026-05-16 19:58:46 | INFO     | ss_crawler | [lens_scraper] Initializing Lens scraper...
2026-05-16 19:58:46 | INFO     | ss_crawler | [database] Database connected: localhost:5433/ss_market
2026-05-16 19:58:46 | INFO     | ss_crawler | [lens_scraper] Database: postgresql+psycopg2://crawler:crawler_pass@localhost:5433/ss_market
2026-05-16 19:58:46 | INFO     | ss_crawler | [lens_scraper] Loaded 479 lens references
2026-05-16 19:58:46 | INFO     | ss_crawler | [crawler] Fetching : https://www.ss.com/msg/lv/electronics/photo-optics/objectives/loolb.html
2026-05-16 19:58:50 | INFO     | ss_crawler | [lens_scraper] Matched [loolb]: Canon_24-105mm_F4L_IS_USM (95% confidence)
2026-05-16 20:01:45 | INFO     | ss_crawler | [database] Database connected: localhost:5433/ss_market
2026-05-16 20:01:45 | INFO     | ss_crawler | [console_scraper] Starting console listing scrape...
2026-05-16 20:01:45 | INFO     | ss_crawler | [console_scraper] Fetching page 1: https://www.ss.com/lv/electronics/computers/game-consoles/
2026-05-16 20:01:45 | INFO     | ss_crawler | [crawler] Fetching : https://www.ss.com/lv/electronics/computers/game-consoles/
2026-05-16 20:01:48 | INFO     | ss_crawler | [console_scraper] Found 29 listings on page 1, kept 5
2026-05-16 20:01:48 | INFO     | ss_crawler | [console_scraper] Total listings scraped: 5
2026-05-16 20:01:48 | INFO     | ss_crawler | [console_repository] Loaded 377 consoles, 63 variants, 326 editions
2026-05-16 20:01:48 | INFO     | ss_crawler | [console_matcher] ConsoleMatcher initialized with 377 consoles, 63 variants, 326 editions
2026-05-16 20:01:54 | INFO     | ss_crawler | [database] Database connected: localhost:5433/ss_market
2026-05-16 20:02:38 | INFO     | ss_crawler | [database] Database connected: localhost:5433/ss_market
2026-05-16 20:03:54 | INFO     | ss_crawler | [database] Database connected: localhost:5433/ss_market
2026-05-16 20:03:54 | INFO     | ss_crawler | [console_scraper] Starting console listing scrape...
2026-05-16 20:03:54 | INFO     | ss_crawler | [console_scraper] Fetching page 1: https://www.ss.com/lv/electronics/computers/game-consoles/
2026-05-16 20:03:54 | INFO     | ss_crawler | [crawler] Fetching : https://www.ss.com/lv/electronics/computers/game-consoles/
2026-05-16 20:03:57 | INFO     | ss_crawler | [console_scraper] Found 29 listings on page 1
2026-05-16 20:03:57 | INFO     | ss_crawler | [console_scraper] Fetching page 2: https://www.ss.com/lv/electronics/computers/game-consoles/page2.html
2026-05-16 20:03:57 | INFO     | ss_crawler | [crawler] Fetching : https://www.ss.com/lv/electronics/computers/game-consoles/page2.html
2026-05-16 20:04:00 | INFO     | ss_crawler | [console_scraper] Found 18 listings on page 2
2026-05-16 20:04:00 | INFO     | ss_crawler | [console_scraper] Fetching page 3: https://www.ss.com/lv/electronics/computers/game-consoles/page3.html
2026-05-16 20:04:00 | INFO     | ss_crawler | [crawler] Fetching : https://www.ss.com/lv/electronics/computers/game-consoles/page3.html
2026-05-16 20:04:03 | INFO     | ss_crawler | [console_scraper] Found 22 listings on page 3
2026-05-16 20:04:03 | INFO     | ss_crawler | [console_scraper] Fetching page 4: https://www.ss.com/lv/electronics/computers/game-consoles/page4.html
2026-05-16 20:04:03 | INFO     | ss_crawler | [crawler] Fetching : https://www.ss.com/lv/electronics/computers/game-consoles/page4.html
2026-05-16 20:04:06 | INFO     | ss_crawler | [console_scraper] Found 28 listings on page 4
2026-05-16 20:04:06 | INFO     | ss_crawler | [console_scraper] Fetching page 5: https://www.ss.com/lv/electronics/computers/game-consoles/page5.html
2026-05-16 20:04:06 | INFO     | ss_crawler | [crawler] Fetching : https://www.ss.com/lv/electronics/computers/game-consoles/page5.html
2026-05-16 20:04:08 | INFO     | ss_crawler | [console_scraper] Found 26 listings on page 5
2026-05-16 20:04:08 | INFO     | ss_crawler | [console_scraper] Fetching page 6: https://www.ss.com/lv/electronics/computers/game-consoles/page6.html
2026-05-16 20:04:08 | INFO     | ss_crawler | [crawler] Fetching : https://www.ss.com/lv/electronics/computers/game-consoles/page6.html
2026-05-16 20:04:11 | INFO     | ss_crawler | [console_scraper] Found 26 listings on page 6
2026-05-16 20:04:11 | INFO     | ss_crawler | [console_scraper] Fetching page 7: https://www.ss.com/lv/electronics/computers/game-consoles/page7.html
2026-05-16 20:04:11 | INFO     | ss_crawler | [crawler] Fetching : https://www.ss.com/lv/electronics/computers/game-consoles/page7.html
2026-05-16 20:04:13 | INFO     | ss_crawler | [console_scraper] Found 27 listings on page 7
2026-05-16 20:04:13 | INFO     | ss_crawler | [console_scraper] Fetching page 8: https://www.ss.com/lv/electronics/computers/game-consoles/page8.html
2026-05-16 20:04:13 | INFO     | ss_crawler | [crawler] Fetching : https://www.ss.com/lv/electronics/computers/game-consoles/page8.html
2026-05-16 20:04:16 | INFO     | ss_crawler | [console_scraper] Found 28 listings on page 8
2026-05-16 20:04:16 | INFO     | ss_crawler | [console_scraper] Fetching page 9: https://www.ss.com/lv/electronics/computers/game-consoles/page9.html
2026-05-16 20:04:16 | INFO     | ss_crawler | [crawler] Fetching : https://www.ss.com/lv/electronics/computers/game-consoles/page9.html
2026-05-16 20:04:18 | INFO     | ss_crawler | [console_scraper] Found 29 listings on page 9
2026-05-16 20:04:18 | INFO     | ss_crawler | [console_scraper] Fetching page 10: https://www.ss.com/lv/electronics/computers/game-consoles/page10.html
2026-05-16 20:04:18 | INFO     | ss_crawler | [crawler] Fetching : https://www.ss.com/lv/electronics/computers/game-consoles/page10.html
2026-05-16 20:04:20 | INFO     | ss_crawler | [console_scraper] Found 25 listings on page 10
2026-05-16 20:04:20 | INFO     | ss_crawler | [console_scraper] Fetching page 11: https://www.ss.com/lv/electronics/computers/game-consoles/page11.html
2026-05-16 20:04:20 | INFO     | ss_crawler | [crawler] Fetching : https://www.ss.com/lv/electronics/computers/game-consoles/page11.html
2026-05-16 20:04:22 | INFO     | ss_crawler | [console_scraper] Found 28 listings on page 11
2026-05-16 20:04:22 | INFO     | ss_crawler | [console_scraper] Fetching page 12: https://www.ss.com/lv/electronics/computers/game-consoles/page12.html
2026-05-16 20:04:22 | INFO     | ss_crawler | [crawler] Fetching : https://www.ss.com/lv/electronics/computers/game-consoles/page12.html
2026-05-16 20:04:25 | INFO     | ss_crawler | [console_scraper] Found 22 listings on page 12
2026-05-16 20:04:25 | INFO     | ss_crawler | [console_scraper] Fetching page 13: https://www.ss.com/lv/electronics/computers/game-consoles/page13.html
2026-05-16 20:04:25 | INFO     | ss_crawler | [crawler] Fetching : https://www.ss.com/lv/electronics/computers/game-consoles/page13.html
2026-05-16 20:04:29 | INFO     | ss_crawler | [console_scraper] Found 27 listings on page 13
2026-05-16 20:04:29 | INFO     | ss_crawler | [console_scraper] Fetching page 14: https://www.ss.com/lv/electronics/computers/game-consoles/page14.html
2026-05-16 20:04:29 | INFO     | ss_crawler | [crawler] Fetching : https://www.ss.com/lv/electronics/computers/game-consoles/page14.html
2026-05-16 20:04:31 | INFO     | ss_crawler | [console_scraper] Found 2 listings on page 14
2026-05-16 20:04:31 | INFO     | ss_crawler | [console_scraper] Total listings scraped: 337
2026-05-16 20:04:31 | INFO     | ss_crawler | [console_repository] Loaded 377 consoles, 63 variants, 326 editions
2026-05-16 20:04:31 | INFO     | ss_crawler | [console_matcher] ConsoleMatcher initialized with 377 consoles, 63 variants, 326 editions
2026-05-16 21:14:12 | INFO     | ss_crawler | [database] Database connected: localhost:5433/ss_market
2026-05-16 21:14:12 | INFO     | ss_crawler | [crawler] Fetching : https://www.ss.com/msg/lv/electronics/computers/game-consoles/kjnhc.html
2026-05-16 21:14:15 | INFO     | ss_crawler | [console_matcher] ConsoleMatcher initialized with 377 consoles, 63 variants, 326 editions
2026-05-16 21:16:30 | INFO     | ss_crawler | [database] Database connected: localhost:5433/ss_market
2026-05-16 21:16:30 | INFO     | ss_crawler | [crawler] Fetching : https://www.ss.com/msg/lv/electronics/computers/game-consoles/kjnhc.html
2026-05-16 21:16:34 | INFO     | ss_crawler | [console_matcher] ConsoleMatcher initialized with 377 consoles, 63 variants, 326 editions
2026-05-16 21:17:07 | INFO     | ss_crawler | [database] Database connected: localhost:5433/ss_market
2026-05-16 21:17:07 | INFO     | ss_crawler | [crawler] Fetching : https://www.ss.com/msg/lv/electronics/computers/game-consoles/kjnhc.html
2026-05-16 21:17:10 | INFO     | ss_crawler | [console_matcher] ConsoleMatcher initialized with 377 consoles, 63 variants, 326 editions
2026-05-16 21:17:18 | INFO     | ss_crawler | [database] Database connected: localhost:5433/ss_market
2026-05-16 21:17:18 | INFO     | ss_crawler | [crawler] Fetching : https://www.ss.com/msg/lv/electronics/computers/game-consoles/fidfn.html
2026-05-16 21:17:22 | INFO     | ss_crawler | [console_matcher] ConsoleMatcher initialized with 377 consoles, 63 variants, 326 editions
2026-05-16 21:18:04 | INFO     | ss_crawler | [database] Database connected: localhost:5433/ss_market
2026-05-16 21:18:04 | INFO     | ss_crawler | [crawler] Fetching : https://www.ss.com/msg/lv/electronics/computers/game-consoles/bhilmp.html
2026-05-16 21:19:13 | INFO     | ss_crawler | [database] Database connected: localhost:5433/ss_market
2026-05-16 21:19:13 | INFO     | ss_crawler | [crawler] Fetching : https://www.ss.com/msg/lv/electronics/computers/game-consoles/fgocg.html
2026-05-16 21:19:17 | INFO     | ss_crawler | [console_matcher] ConsoleMatcher initialized with 377 consoles, 63 variants, 326 editions
2026-05-16 21:20:12 | INFO     | ss_crawler | [database] Database connected: localhost:5433/ss_market
2026-05-16 21:20:12 | INFO     | ss_crawler | [crawler] Fetching : https://www.ss.com/msg/lv/electronics/computers/game-consoles/fgocg.html
2026-05-16 21:20:14 | INFO     | ss_crawler | [console_matcher] ConsoleMatcher initialized with 377 consoles, 63 variants, 326 editions
2026-05-16 21:20:24 | INFO     | ss_crawler | [database] Database connected: localhost:5433/ss_market
2026-05-16 21:20:24 | INFO     | ss_crawler | [crawler] Fetching : https://www.ss.com/msg/lv/electronics/computers/game-consoles/fgocg.html
2026-05-16 21:20:27 | INFO     | ss_crawler | [console_matcher] ConsoleMatcher initialized with 377 consoles, 63 variants, 326 editions
2026-05-16 21:21:39 | INFO     | ss_crawler | [database] Database connected: localhost:5433/ss_market
2026-05-16 21:21:39 | INFO     | ss_crawler | [crawler] Fetching : https://www.ss.com/msg/lv/electronics/computers/game-consoles/bfdjfc.html
2026-05-16 21:21:41 | INFO     | ss_crawler | [console_matcher] ConsoleMatcher initialized with 377 consoles, 63 variants, 326 editions
2026-05-16 21:22:22 | INFO     | ss_crawler | [database] Database connected: localhost:5433/ss_market
2026-05-16 21:22:22 | INFO     | ss_crawler | [crawler] Fetching : https://www.ss.com/msg/lv/electronics/computers/game-consoles/eelkc.html
2026-05-16 21:22:24 | INFO     | ss_crawler | [console_matcher] ConsoleMatcher initialized with 377 consoles, 63 variants, 326 editions
2026-05-16 21:22:54 | INFO     | ss_crawler | [database] Database connected: localhost:5433/ss_market
2026-05-16 21:22:54 | INFO     | ss_crawler | [crawler] Fetching : https://www.ss.com/msg/lv/electronics/computers/game-consoles/hmpoc.html
2026-05-16 21:22:57 | INFO     | ss_crawler | [console_matcher] ConsoleMatcher initialized with 377 consoles, 63 variants, 326 editions
2026-05-16 21:23:27 | INFO     | ss_crawler | [database] Database connected: localhost:5433/ss_market
2026-05-16 21:23:27 | INFO     | ss_crawler | [crawler] Fetching : https://www.ss.com/msg/lv/electronics/computers/game-consoles/kchmh.html
2026-05-16 21:23:30 | INFO     | ss_crawler | [console_matcher] ConsoleMatcher initialized with 377 consoles, 63 variants, 326 editions
2026-05-16 21:24:03 | INFO     | ss_crawler | [database] Database connected: localhost:5433/ss_market
2026-05-16 21:24:03 | INFO     | ss_crawler | [crawler] Fetching : https://www.ss.com/msg/lv/electronics/computers/game-consoles/gkebg.html
2026-05-16 21:24:06 | INFO     | ss_crawler | [console_matcher] ConsoleMatcher initialized with 377 consoles, 63 variants, 326 editions
2026-05-16 21:25:03 | INFO     | ss_crawler | [database] Database connected: localhost:5433/ss_market
2026-05-16 21:25:03 | INFO     | ss_crawler | [crawler] Fetching : https://www.ss.com/msg/lv/electronics/computers/game-consoles/dhkhp.html
2026-05-16 21:25:06 | INFO     | ss_crawler | [console_matcher] ConsoleMatcher initialized with 377 consoles, 63 variants, 326 editions
2026-05-16 21:25:48 | INFO     | ss_crawler | [database] Database connected: localhost:5433/ss_market
2026-05-16 21:25:48 | INFO     | ss_crawler | [crawler] Fetching : https://www.ss.com/msg/lv/electronics/computers/game-consoles/bjlexo.html
2026-05-16 21:25:52 | INFO     | ss_crawler | [console_matcher] ConsoleMatcher initialized with 377 consoles, 63 variants, 326 editions
2026-05-16 21:26:50 | INFO     | ss_crawler | [database] Database connected: localhost:5433/ss_market
2026-05-16 21:26:50 | INFO     | ss_crawler | [crawler] Fetching : https://www.ss.com/msg/lv/electronics/computers/game-consoles/bkxgnp.html
2026-05-16 21:26:52 | INFO     | ss_crawler | [console_matcher] ConsoleMatcher initialized with 377 consoles, 63 variants, 326 editions
2026-05-16 21:27:07 | INFO     | ss_crawler | [database] Database connected: localhost:5433/ss_market
2026-05-16 21:27:07 | INFO     | ss_crawler | [console_scraper] Starting console listing scrape...
2026-05-16 21:27:07 | INFO     | ss_crawler | [console_scraper] Fetching page 1: https://www.ss.com/lv/electronics/computers/game-consoles/
2026-05-16 21:27:07 | INFO     | ss_crawler | [crawler] Fetching : https://www.ss.com/lv/electronics/computers/game-consoles/
2026-05-16 21:27:10 | INFO     | ss_crawler | [console_scraper] Found 29 listings on page 1
2026-05-16 21:27:10 | INFO     | ss_crawler | [console_scraper] Fetching page 2: https://www.ss.com/lv/electronics/computers/game-consoles/page2.html
2026-05-16 21:27:10 | INFO     | ss_crawler | [crawler] Fetching : https://www.ss.com/lv/electronics/computers/game-consoles/page2.html
2026-05-16 21:27:13 | INFO     | ss_crawler | [console_scraper] Found 18 listings on page 2
2026-05-16 21:27:13 | INFO     | ss_crawler | [console_scraper] Fetching page 3: https://www.ss.com/lv/electronics/computers/game-consoles/page3.html
2026-05-16 21:27:13 | INFO     | ss_crawler | [crawler] Fetching : https://www.ss.com/lv/electronics/computers/game-consoles/page3.html
2026-05-16 21:27:16 | INFO     | ss_crawler | [console_scraper] Found 22 listings on page 3
2026-05-16 21:27:16 | INFO     | ss_crawler | [console_scraper] Fetching page 4: https://www.ss.com/lv/electronics/computers/game-consoles/page4.html
2026-05-16 21:27:16 | INFO     | ss_crawler | [crawler] Fetching : https://www.ss.com/lv/electronics/computers/game-consoles/page4.html
2026-05-16 21:27:19 | INFO     | ss_crawler | [console_scraper] Found 28 listings on page 4
2026-05-16 21:27:19 | INFO     | ss_crawler | [console_scraper] Fetching page 5: https://www.ss.com/lv/electronics/computers/game-consoles/page5.html
2026-05-16 21:27:19 | INFO     | ss_crawler | [crawler] Fetching : https://www.ss.com/lv/electronics/computers/game-consoles/page5.html
2026-05-16 21:27:22 | INFO     | ss_crawler | [console_scraper] Found 26 listings on page 5
2026-05-16 21:27:22 | INFO     | ss_crawler | [console_scraper] Fetching page 6: https://www.ss.com/lv/electronics/computers/game-consoles/page6.html
2026-05-16 21:27:22 | INFO     | ss_crawler | [crawler] Fetching : https://www.ss.com/lv/electronics/computers/game-consoles/page6.html
2026-05-16 21:27:26 | INFO     | ss_crawler | [console_scraper] Found 26 listings on page 6
2026-05-16 21:27:26 | INFO     | ss_crawler | [console_scraper] Fetching page 7: https://www.ss.com/lv/electronics/computers/game-consoles/page7.html
2026-05-16 21:27:26 | INFO     | ss_crawler | [crawler] Fetching : https://www.ss.com/lv/electronics/computers/game-consoles/page7.html
2026-05-16 21:27:29 | INFO     | ss_crawler | [console_scraper] Found 27 listings on page 7
2026-05-16 21:27:29 | INFO     | ss_crawler | [console_scraper] Fetching page 8: https://www.ss.com/lv/electronics/computers/game-consoles/page8.html
2026-05-16 21:27:29 | INFO     | ss_crawler | [crawler] Fetching : https://www.ss.com/lv/electronics/computers/game-consoles/page8.html
2026-05-16 21:27:31 | INFO     | ss_crawler | [console_scraper] Found 28 listings on page 8
2026-05-16 21:27:31 | INFO     | ss_crawler | [console_scraper] Fetching page 9: https://www.ss.com/lv/electronics/computers/game-consoles/page9.html
2026-05-16 21:27:31 | INFO     | ss_crawler | [crawler] Fetching : https://www.ss.com/lv/electronics/computers/game-consoles/page9.html
2026-05-16 21:27:34 | INFO     | ss_crawler | [console_scraper] Found 29 listings on page 9
2026-05-16 21:27:34 | INFO     | ss_crawler | [console_scraper] Fetching page 10: https://www.ss.com/lv/electronics/computers/game-consoles/page10.html
2026-05-16 21:27:34 | INFO     | ss_crawler | [crawler] Fetching : https://www.ss.com/lv/electronics/computers/game-consoles/page10.html
2026-05-16 21:27:37 | INFO     | ss_crawler | [console_scraper] Found 25 listings on page 10
2026-05-16 21:27:37 | INFO     | ss_crawler | [console_scraper] Fetching page 11: https://www.ss.com/lv/electronics/computers/game-consoles/page11.html
2026-05-16 21:27:37 | INFO     | ss_crawler | [crawler] Fetching : https://www.ss.com/lv/electronics/computers/game-consoles/page11.html
2026-05-16 21:27:41 | INFO     | ss_crawler | [console_scraper] Found 28 listings on page 11
2026-05-16 21:27:41 | INFO     | ss_crawler | [console_scraper] Fetching page 12: https://www.ss.com/lv/electronics/computers/game-consoles/page12.html
2026-05-16 21:27:41 | INFO     | ss_crawler | [crawler] Fetching : https://www.ss.com/lv/electronics/computers/game-consoles/page12.html
2026-05-16 21:27:43 | INFO     | ss_crawler | [console_scraper] Found 22 listings on page 12
2026-05-16 21:27:43 | INFO     | ss_crawler | [console_scraper] Fetching page 13: https://www.ss.com/lv/electronics/computers/game-consoles/page13.html
2026-05-16 21:27:43 | INFO     | ss_crawler | [crawler] Fetching : https://www.ss.com/lv/electronics/computers/game-consoles/page13.html
2026-05-16 21:27:46 | INFO     | ss_crawler | [console_scraper] Found 27 listings on page 13
2026-05-16 21:27:46 | INFO     | ss_crawler | [console_scraper] Fetching page 14: https://www.ss.com/lv/electronics/computers/game-consoles/page14.html
2026-05-16 21:27:46 | INFO     | ss_crawler | [crawler] Fetching : https://www.ss.com/lv/electronics/computers/game-consoles/page14.html
2026-05-16 21:27:50 | INFO     | ss_crawler | [console_scraper] Found 2 listings on page 14
2026-05-16 21:27:50 | INFO     | ss_crawler | [console_scraper] Total listings scraped: 337
2026-05-16 21:27:50 | INFO     | ss_crawler | [console_repository] Loaded 377 consoles, 63 variants, 326 editions
2026-05-16 21:27:50 | INFO     | ss_crawler | [console_matcher] ConsoleMatcher initialized with 377 consoles, 63 variants, 326 editions
2026-05-16 21:28:53 | INFO     | ss_crawler | [database] Database connected: localhost:5433/ss_market
2026-05-16 21:28:53 | INFO     | ss_crawler | [crawler] Fetching : https://www.ss.com/msg/lv/electronics/computers/game-consoles/fidfn.html
2026-05-16 21:28:56 | INFO     | ss_crawler | [console_matcher] ConsoleMatcher initialized with 377 consoles, 63 variants, 326 editions
2026-05-16 21:34:04 | INFO     | ss_crawler | [console_repository] Loaded 377 consoles, 63 variants, 326 editions
2026-05-16 21:34:04 | INFO     | ss_crawler | [console_matcher] ConsoleMatcher initialized with 377 consoles, 63 variants, 326 editions
2026-05-16 21:34:27 | INFO     | ss_crawler | [console_repository] Loaded 377 consoles, 63 variants, 326 editions
2026-05-16 21:34:27 | INFO     | ss_crawler | [console_matcher] ConsoleMatcher initialized with 377 consoles, 63 variants, 326 editions
2026-05-16 21:35:23 | INFO     | ss_crawler | [console_repository] Loaded 377 consoles, 63 variants, 326 editions
2026-05-16 21:35:23 | INFO     | ss_crawler | [console_matcher] ConsoleMatcher initialized with 377 consoles, 63 variants, 326 editions
2026-05-16 21:35:33 | INFO     | ss_crawler | [database] Database connected: localhost:5433/ss_market
2026-05-16 21:35:33 | INFO     | ss_crawler | [crawler] Fetching : https://www.ss.com/msg/lv/electronics/computers/game-consoles/fgocg.html
2026-05-16 21:35:36 | INFO     | ss_crawler | [console_matcher] ConsoleMatcher initialized with 377 consoles, 63 variants, 326 editions
2026-05-16 21:36:07 | INFO     | ss_crawler | [console_repository] Loaded 377 consoles, 63 variants, 326 editions
2026-05-16 21:36:07 | INFO     | ss_crawler | [console_matcher] ConsoleMatcher initialized with 377 consoles, 63 variants, 326 editions
2026-05-16 21:36:45 | INFO     | ss_crawler | [database] Database connected: localhost:5433/ss_market
2026-05-16 21:36:45 | INFO     | ss_crawler | [crawler] Fetching : https://www.ss.com/msg/lv/electronics/computers/game-consoles/hnoff.html
2026-05-16 21:36:49 | INFO     | ss_crawler | [console_matcher] ConsoleMatcher initialized with 377 consoles, 63 variants, 326 editions
2026-05-16 21:37:20 | INFO     | ss_crawler | [console_repository] Loaded 377 consoles, 63 variants, 326 editions
2026-05-16 21:37:20 | INFO     | ss_crawler | [console_matcher] ConsoleMatcher initialized with 377 consoles, 63 variants, 326 editions
2026-05-16 21:38:01 | INFO     | ss_crawler | [crawler] Fetching : https://www.ss.com/msg/lv/electronics/photo-optics/objectives/bgpjfj.html
2026-05-16 21:38:03 | INFO     | ss_crawler | [lens_scraper] Initializing Lens scraper...
2026-05-16 21:38:03 | INFO     | ss_crawler | [database] Database connected: localhost:5433/ss_market
2026-05-16 21:38:03 | INFO     | ss_crawler | [lens_scraper] Database: postgresql+psycopg2://crawler:crawler_pass@localhost:5433/ss_market
2026-05-16 21:38:03 | INFO     | ss_crawler | [lens_scraper] Loaded 479 lens references
2026-05-16 21:38:03 | INFO     | ss_crawler | [crawler] Fetching : https://www.ss.com/msg/lv/electronics/photo-optics/objectives/bgpjfj.html
2026-05-16 21:38:03 | INFO     | ss_crawler | [console_repository] Loaded 377 consoles, 63 variants, 326 editions
2026-05-16 21:38:03 | INFO     | ss_crawler | [console_matcher] ConsoleMatcher initialized with 377 consoles, 63 variants, 326 editions
2026-05-16 21:38:05 | INFO     | ss_crawler | [lens_scraper] Matched [bgpjfj]: Sigma_Sigma_24-70mm_F2.8_DG_DN_|_Art (100% confidence)
2026-05-16 21:39:35 | INFO     | ss_crawler | [console_repository] Loaded 377 consoles, 63 variants, 326 editions
2026-05-16 21:39:35 | INFO     | ss_crawler | [console_matcher] ConsoleMatcher initialized with 377 consoles, 63 variants, 326 editions
2026-05-16 21:39:52 | INFO     | ss_crawler | [console_repository] Loaded 377 consoles, 63 variants, 326 editions
2026-05-16 21:39:52 | INFO     | ss_crawler | [console_matcher] ConsoleMatcher initialized with 377 consoles, 63 variants, 326 editions
2026-05-16 21:40:32 | INFO     | ss_crawler | [console_repository] Loaded 377 consoles, 63 variants, 326 editions
2026-05-16 21:40:32 | INFO     | ss_crawler | [console_matcher] ConsoleMatcher initialized with 377 consoles, 63 variants, 326 editions
2026-05-16 21:40:38 | INFO     | ss_crawler | [console_repository] Loaded 377 consoles, 63 variants, 326 editions
2026-05-16 21:40:38 | INFO     | ss_crawler | [console_matcher] ConsoleMatcher initialized with 377 consoles, 63 variants, 326 editions
2026-05-16 21:42:28 | INFO     | ss_crawler | [crawler] Fetching : https://www.ss.com/msg/lv/electronics/photo-optics/objectives/bgpjfj.html
2026-05-16 21:42:31 | INFO     | ss_crawler | [lens_scraper] Initializing Lens scraper...
2026-05-16 21:42:31 | INFO     | ss_crawler | [database] Database connected: localhost:5433/ss_market
2026-05-16 21:42:31 | INFO     | ss_crawler | [lens_scraper] Database: postgresql+psycopg2://crawler:crawler_pass@localhost:5433/ss_market
2026-05-16 21:42:32 | INFO     | ss_crawler | [lens_scraper] Loaded 479 lens references
2026-05-16 21:42:32 | INFO     | ss_crawler | [crawler] Fetching : https://www.ss.com/msg/lv/electronics/photo-optics/objectives/bgpjfj.html
2026-05-16 21:42:36 | INFO     | ss_crawler | [lens_scraper] Matched [bgpjfj]: Sigma_70mm_F2.8_DG_Macro_Art (100% confidence)
2026-05-16 21:44:25 | INFO     | ss_crawler | [database] Database connected: localhost:5433/ss_market
2026-05-16 21:44:25 | INFO     | ss_crawler | [crawler] Fetching : https://www.ss.com/msg/lv/electronics/computers/game-consoles/fidfn.html
2026-05-16 21:44:29 | INFO     | ss_crawler | [console_matcher] ConsoleMatcher initialized with 377 consoles, 63 variants, 326 editions
2026-05-16 21:46:53 | INFO     | ss_crawler | [console_repository] Loaded 377 consoles, 63 variants, 326 editions
2026-05-16 21:46:53 | INFO     | ss_crawler | [console_matcher] ConsoleMatcher initialized with 377 consoles, 63 variants, 326 editions
2026-05-16 21:47:05 | INFO     | ss_crawler | [crawler] Fetching : https://www.ss.com/msg/lv/electronics/photo-optics/objectives/bgpjfj.html
2026-05-16 21:47:24 | INFO     | ss_crawler | [crawler] Fetching : https://www.ss.com/msg/lv/electronics/photo-optics/objectives/bgpjfj.html
2026-05-16 21:48:18 | INFO     | ss_crawler | [crawler] Fetching : https://www.ss.com/msg/lv/electronics/photo-optics/objectives/bgpjfj.html
2026-05-16 21:48:20 | INFO     | ss_crawler | [lens_scraper] Initializing Lens scraper...
2026-05-16 21:48:20 | INFO     | ss_crawler | [database] Database connected: localhost:5433/ss_market
2026-05-16 21:48:20 | INFO     | ss_crawler | [lens_scraper] Database: postgresql+psycopg2://crawler:crawler_pass@localhost:5433/ss_market
2026-05-16 21:48:20 | INFO     | ss_crawler | [lens_scraper] Loaded 479 lens references
2026-05-16 21:48:20 | INFO     | ss_crawler | [crawler] Fetching : https://www.ss.com/msg/lv/electronics/photo-optics/objectives/bgpjfj.html
2026-05-16 21:48:24 | INFO     | ss_crawler | [lens_scraper] Matched [bgpjfj]: Sigma_70mm_F2.8_DG_Macro_Art (100% confidence)
2026-05-16 21:48:39 | INFO     | ss_crawler | [database] Database connected: localhost:5433/ss_market
2026-05-16 21:49:48 | INFO     | ss_crawler | [crawler] Fetching : https://www.ss.com/msg/lv/electronics/photo-optics/objectives/bgpjfj.html
2026-05-16 21:49:51 | INFO     | ss_crawler | [lens_scraper] Initializing Lens scraper...
2026-05-16 21:49:51 | INFO     | ss_crawler | [database] Database connected: localhost:5433/ss_market
2026-05-16 21:49:51 | INFO     | ss_crawler | [lens_scraper] Database: postgresql+psycopg2://crawler:crawler_pass@localhost:5433/ss_market
2026-05-16 21:49:51 | INFO     | ss_crawler | [lens_scraper] Loaded 479 lens references
2026-05-16 21:49:51 | INFO     | ss_crawler | [crawler] Fetching : https://www.ss.com/msg/lv/electronics/photo-optics/objectives/bgpjfj.html
2026-05-16 21:49:54 | INFO     | ss_crawler | [lens_scraper] Matched [bgpjfj]: Canon_24-70mm_F2.8L_II_USM (100% confidence)
2026-05-16 21:52:48 | INFO     | ss_crawler | [crawler] Fetching : https://www.ss.com/msg/lv/electronics/photo-optics/objectives/bgpjfj.html
2026-05-16 21:52:50 | INFO     | ss_crawler | [lens_scraper] Initializing Lens scraper...
2026-05-16 21:52:50 | INFO     | ss_crawler | [database] Database connected: localhost:5433/ss_market
2026-05-16 21:52:50 | INFO     | ss_crawler | [lens_scraper] Database: postgresql+psycopg2://crawler:crawler_pass@localhost:5433/ss_market
2026-05-16 21:52:50 | INFO     | ss_crawler | [lens_scraper] Loaded 479 lens references
2026-05-16 21:52:50 | INFO     | ss_crawler | [crawler] Fetching : https://www.ss.com/msg/lv/electronics/photo-optics/objectives/bgpjfj.html
2026-05-16 21:52:54 | INFO     | ss_crawler | [lens_scraper] Matched [bgpjfj]: Canon_24-70mm_F2.8L_II_USM (100% confidence)
2026-05-16 21:53:30 | INFO     | ss_crawler | [crawler] Fetching : https://www.ss.com/msg/lv/electronics/photo-optics/objectives/bgpjfj.html
2026-05-16 21:53:33 | INFO     | ss_crawler | [lens_scraper] Initializing Lens scraper...
2026-05-16 21:53:33 | INFO     | ss_crawler | [database] Database connected: localhost:5433/ss_market
2026-05-16 21:53:33 | INFO     | ss_crawler | [lens_scraper] Database: postgresql+psycopg2://crawler:crawler_pass@localhost:5433/ss_market
2026-05-16 21:53:33 | INFO     | ss_crawler | [lens_scraper] Loaded 479 lens references
2026-05-16 21:53:33 | INFO     | ss_crawler | [crawler] Fetching : https://www.ss.com/msg/lv/electronics/photo-optics/objectives/bgpjfj.html
2026-05-16 21:53:36 | INFO     | ss_crawler | [lens_scraper] Matched [bgpjfj]: Sigma_24-70mm_F2.8_DG_OS_HSM_Art (95% confidence)
2026-05-16 21:57:07 | INFO     | ss_crawler | [database] Database connected: localhost:5433/ss_market
2026-05-16 21:57:07 | INFO     | ss_crawler | [console_scraper] Starting console listing scrape...
2026-05-16 21:57:07 | INFO     | ss_crawler | [console_scraper] Fetching page 1: https://www.ss.com/lv/electronics/computers/game-consoles/
2026-05-16 21:57:07 | INFO     | ss_crawler | [crawler] Fetching : https://www.ss.com/lv/electronics/computers/game-consoles/
2026-05-16 21:57:10 | INFO     | ss_crawler | [crawler] Fetching : https://www.ss.com/msg/lv/electronics/computers/game-consoles/mxico.html
2026-05-16 21:57:13 | INFO     | ss_crawler | [crawler] Fetching : https://www.ss.com/msg/lv/electronics/computers/game-consoles/mxico.html
2026-05-16 21:57:16 | INFO     | ss_crawler | [crawler] Fetching : https://www.ss.com/msg/lv/electronics/computers/game-consoles/mxico.html
2026-05-16 21:57:18 | INFO     | ss_crawler | [crawler] Fetching : https://www.ss.com/msg/lv/electronics/computers/game-consoles/blxjpp.html
2026-05-16 21:57:21 | INFO     | ss_crawler | [crawler] Fetching : https://www.ss.com/msg/lv/electronics/computers/game-consoles/fnpgf.html
2026-05-16 21:57:23 | INFO     | ss_crawler | [crawler] Fetching : https://www.ss.com/msg/lv/electronics/computers/game-consoles/fhkbp.html
2026-05-16 21:57:26 | INFO     | ss_crawler | [crawler] Fetching : https://www.ss.com/msg/lv/electronics/computers/game-consoles/gpiek.html
2026-05-16 21:57:28 | INFO     | ss_crawler | [crawler] Fetching : https://www.ss.com/msg/lv/electronics/computers/game-consoles/exhfx.html
2026-05-16 21:57:31 | INFO     | ss_crawler | [crawler] Fetching : https://www.ss.com/msg/lv/electronics/computers/game-consoles/ednld.html
2026-05-16 21:57:34 | INFO     | ss_crawler | [crawler] Fetching : https://www.ss.com/msg/lv/electronics/computers/game-consoles/edpfk.html
2026-05-16 21:57:37 | INFO     | ss_crawler | [crawler] Fetching : https://www.ss.com/msg/lv/electronics/computers/game-consoles/kjnhc.html
2026-05-16 21:57:39 | INFO     | ss_crawler | [crawler] Fetching : https://www.ss.com/msg/lv/electronics/computers/game-consoles/fncfk.html
2026-05-16 21:57:42 | INFO     | ss_crawler | [crawler] Fetching : https://www.ss.com/msg/lv/electronics/computers/game-consoles/bhjpio.html
2026-05-16 21:57:44 | INFO     | ss_crawler | [crawler] Fetching : https://www.ss.com/msg/lv/electronics/computers/game-consoles/bfglgd.html
2026-05-16 21:57:46 | INFO     | ss_crawler | [crawler] Fetching : https://www.ss.com/msg/lv/electronics/computers/game-consoles/dilom.html
2026-05-16 21:57:48 | INFO     | ss_crawler | [crawler] Fetching : https://www.ss.com/msg/lv/electronics/computers/game-consoles/gjbjf.html
2026-05-16 21:57:50 | INFO     | ss_crawler | [crawler] Fetching : https://www.ss.com/msg/lv/electronics/computers/game-consoles/elgnx.html
2026-05-16 21:57:53 | INFO     | ss_crawler | [crawler] Fetching : https://www.ss.com/msg/lv/electronics/computers/game-consoles/biiejn.html
2026-05-16 21:57:56 | INFO     | ss_crawler | [crawler] Fetching : https://www.ss.com/msg/lv/electronics/computers/game-consoles/dodhh.html
2026-05-16 21:57:58 | INFO     | ss_crawler | [crawler] Fetching : https://www.ss.com/msg/lv/electronics/computers/game-consoles/ejfcl.html
2026-05-16 21:58:00 | INFO     | ss_crawler | [crawler] Fetching : https://www.ss.com/msg/lv/electronics/computers/game-consoles/ioxcg.html
2026-05-16 21:58:03 | INFO     | ss_crawler | [crawler] Fetching : https://www.ss.com/msg/lv/electronics/computers/game-consoles/fdped.html
2026-05-16 21:58:05 | INFO     | ss_crawler | [crawler] Fetching : https://www.ss.com/msg/lv/electronics/computers/game-consoles/hmjnb.html
2026-05-16 21:58:07 | INFO     | ss_crawler | [crawler] Fetching : https://www.ss.com/msg/lv/electronics/computers/game-consoles/mxihk.html
2026-05-16 21:58:09 | INFO     | ss_crawler | [crawler] Fetching : https://www.ss.com/msg/lv/electronics/computers/game-consoles/fidfn.html
2026-05-16 21:58:12 | INFO     | ss_crawler | [crawler] Fetching : https://www.ss.com/msg/lv/electronics/computers/game-consoles/ebpml.html
2026-05-16 21:58:14 | INFO     | ss_crawler | [crawler] Fetching : https://www.ss.com/msg/lv/electronics/computers/game-consoles/gnfhg.html
2026-05-16 21:58:16 | INFO     | ss_crawler | [crawler] Fetching : https://www.ss.com/msg/lv/electronics/computers/game-consoles/fmlbb.html
2026-05-16 21:58:19 | INFO     | ss_crawler | [crawler] Fetching : https://www.ss.com/msg/lv/electronics/computers/game-consoles/eekko.html
2026-05-16 21:58:21 | INFO     | ss_crawler | [crawler] Fetching : https://www.ss.com/msg/lv/electronics/computers/game-consoles/jhgdp.html
2026-05-16 21:58:23 | INFO     | ss_crawler | [crawler] Fetching : https://www.ss.com/msg/lv/electronics/computers/game-consoles/dgkfk.html
2026-05-16 21:58:25 | INFO     | ss_crawler | [console_scraper] Found 29 listings on page 1
2026-05-16 21:58:25 | INFO     | ss_crawler | [console_scraper] Fetching page 2: https://www.ss.com/lv/electronics/computers/game-consoles/page2.html
2026-05-16 21:58:25 | INFO     | ss_crawler | [crawler] Fetching : https://www.ss.com/lv/electronics/computers/game-consoles/page2.html
2026-05-16 21:58:28 | INFO     | ss_crawler | [crawler] Fetching : https://www.ss.com/msg/lv/electronics/computers/game-consoles/bohjb.html
2026-05-16 21:58:32 | INFO     | ss_crawler | [crawler] Fetching : https://www.ss.com/msg/lv/electronics/computers/game-consoles/bohjb.html
2026-05-16 21:58:35 | INFO     | ss_crawler | [crawler] Fetching : https://www.ss.com/msg/lv/electronics/computers/game-consoles/bohjb.html
2026-05-16 21:58:37 | INFO     | ss_crawler | [crawler] Fetching : https://www.ss.com/msg/lv/electronics/computers/game-consoles/ekbkf.html
2026-05-16 21:58:39 | INFO     | ss_crawler | [crawler] Fetching : https://www.ss.com/msg/lv/electronics/computers/game-consoles/hbpfm.html
2026-05-16 21:58:41 | INFO     | ss_crawler | [crawler] Fetching : https://www.ss.com/msg/lv/electronics/computers/game-consoles/blepfk.html
2026-05-16 21:58:44 | INFO     | ss_crawler | [crawler] Fetching : https://www.ss.com/msg/lv/electronics/computers/game-consoles/bxnch.html
2026-05-16 21:58:47 | INFO     | ss_crawler | [crawler] Fetching : https://www.ss.com/msg/lv/electronics/computers/game-consoles/dmbxm.html
2026-05-16 21:58:49 | INFO     | ss_crawler | [crawler] Fetching : https://www.ss.com/msg/lv/electronics/computers/game-consoles/fchmg.html
2026-05-16 21:58:52 | INFO     | ss_crawler | [crawler] Fetching : https://www.ss.com/msg/lv/electronics/computers/game-consoles/fogkb.html
2026-05-16 21:58:55 | INFO     | ss_crawler | [crawler] Fetching : https://www.ss.com/msg/lv/electronics/computers/game-consoles/eghpj.html
2026-05-16 21:58:58 | INFO     | ss_crawler | [crawler] Fetching : https://www.ss.com/msg/lv/electronics/computers/game-consoles/bkmopd.html
2026-05-16 21:59:01 | INFO     | ss_crawler | [crawler] Fetching : https://www.ss.com/msg/lv/electronics/computers/game-consoles/bjgiki.html
2026-05-16 21:59:02 | INFO     | ss_crawler | [crawler] Fetching : https://www.ss.com/msg/lv/electronics/computers/game-consoles/bkmmpn.html
2026-05-16 21:59:05 | INFO     | ss_crawler | [crawler] Fetching : https://www.ss.com/msg/lv/electronics/computers/game-consoles/bhnplh.html
2026-05-16 21:59:07 | INFO     | ss_crawler | [crawler] Fetching : https://www.ss.com/msg/lv/electronics/computers/game-consoles/mxmlp.html
2026-05-16 21:59:08 | INFO     | ss_crawler | [crawler] Fetching : https://www.ss.com/msg/lv/electronics/computers/game-consoles/bjxgnh.html
2026-05-16 21:59:11 | INFO     | ss_crawler | [crawler] Fetching : https://www.ss.com/msg/lv/electronics/computers/game-consoles/bhilmp.html
2026-05-16 21:59:14 | INFO     | ss_crawler | [crawler] Fetching : https://www.ss.com/msg/lv/electronics/computers/game-consoles/blxidx.html
2026-05-16 21:59:17 | INFO     | ss_crawler | [crawler] Fetching : https://www.ss.com/msg/lv/electronics/computers/game-consoles/mbhnp.html
2026-05-16 21:59:19 | INFO     | ss_crawler | [console_scraper] Found 18 listings on page 2
2026-05-16 21:59:19 | INFO     | ss_crawler | [console_scraper] Fetching page 3: https://www.ss.com/lv/electronics/computers/game-consoles/page3.html
2026-05-16 21:59:19 | INFO     | ss_crawler | [crawler] Fetching : https://www.ss.com/lv/electronics/computers/game-consoles/page3.html
2026-05-16 21:59:22 | INFO     | ss_crawler | [crawler] Fetching : https://www.ss.com/msg/lv/electronics/computers/game-consoles/kbdmi.html
2026-05-16 21:59:24 | INFO     | ss_crawler | [crawler] Fetching : https://www.ss.com/msg/lv/electronics/computers/game-consoles/kbdmi.html
2026-05-16 21:59:26 | INFO     | ss_crawler | [crawler] Fetching : https://www.ss.com/msg/lv/electronics/computers/game-consoles/kbdmi.html
2026-05-16 21:59:28 | INFO     | ss_crawler | [crawler] Fetching : https://www.ss.com/msg/lv/electronics/computers/game-consoles/bkdxmm.html
2026-05-16 21:59:31 | INFO     | ss_crawler | [crawler] Fetching : https://www.ss.com/msg/lv/electronics/computers/game-consoles/gifle.html
2026-05-16 21:59:33 | INFO     | ss_crawler | [crawler] Fetching : https://www.ss.com/msg/lv/electronics/computers/game-consoles/bixlcg.html
2026-05-16 21:59:36 | INFO     | ss_crawler | [crawler] Fetching : https://www.ss.com/msg/lv/electronics/computers/game-consoles/blbxhc.html
2026-05-16 21:59:40 | INFO     | ss_crawler | [crawler] Fetching : https://www.ss.com/msg/lv/electronics/computers/game-consoles/blgfcl.html
2026-05-16 21:59:42 | INFO     | ss_crawler | [crawler] Fetching : https://www.ss.com/msg/lv/electronics/computers/game-consoles/fgjcp.html
2026-05-16 21:59:45 | INFO     | ss_crawler | [crawler] Fetching : https://www.ss.com/msg/lv/electronics/computers/game-consoles/bipfdd.html
2026-05-16 21:59:47 | INFO     | ss_crawler | [crawler] Fetching : https://www.ss.com/msg/lv/electronics/computers/game-consoles/jpheh.html
2026-05-16 21:59:50 | INFO     | ss_crawler | [crawler] Fetching : https://www.ss.com/msg/lv/electronics/computers/game-consoles/bkoooe.html
2026-05-16 21:59:54 | INFO     | ss_crawler | [crawler] Fetching : https://www.ss.com/msg/lv/electronics/computers/game-consoles/ddbeb.html
2026-05-16 21:59:57 | INFO     | ss_crawler | [crawler] Fetching : https://www.ss.com/msg/lv/electronics/computers/game-consoles/bjjonl.html
2026-05-16 21:59:59 | INFO     | ss_crawler | [crawler] Fetching : https://www.ss.com/msg/lv/electronics/computers/game-consoles/ecdio.html
2026-05-16 22:00:02 | INFO     | ss_crawler | [crawler] Fetching : https://www.ss.com/msg/lv/electronics/computers/game-consoles/lfpmx.html
2026-05-16 22:00:05 | INFO     | ss_crawler | [crawler] Fetching : https://www.ss.com/msg/lv/electronics/computers/game-consoles/bkxmkg.html
2026-05-16 22:00:07 | INFO     | ss_crawler | [crawler] Fetching : https://www.ss.com/msg/lv/electronics/computers/game-consoles/fgocg.html
2026-05-16 22:00:10 | INFO     | ss_crawler | [crawler] Fetching : https://www.ss.com/msg/lv/electronics/computers/game-consoles/khgoi.html
2026-05-16 22:00:12 | INFO     | ss_crawler | [crawler] Fetching : https://www.ss.com/msg/lv/electronics/computers/game-consoles/bldlhf.html
2026-05-16 22:00:15 | INFO     | ss_crawler | [crawler] Fetching : https://www.ss.com/msg/lv/electronics/computers/game-consoles/bhioji.html
2026-05-16 22:00:17 | INFO     | ss_crawler | [crawler] Fetching : https://www.ss.com/msg/lv/electronics/computers/game-consoles/edckd.html
2026-05-16 22:00:20 | INFO     | ss_crawler | [crawler] Fetching : https://www.ss.com/msg/lv/electronics/computers/game-consoles/bhoinx.html
2026-05-16 22:00:22 | INFO     | ss_crawler | [crawler] Fetching : https://www.ss.com/msg/lv/electronics/computers/game-consoles/bjobxp.html
2026-05-16 22:00:24 | INFO     | ss_crawler | [console_scraper] Found 22 listings on page 3
2026-05-16 22:00:24 | INFO     | ss_crawler | [console_scraper] Fetching page 4: https://www.ss.com/lv/electronics/computers/game-consoles/page4.html
2026-05-16 22:00:24 | INFO     | ss_crawler | [crawler] Fetching : https://www.ss.com/lv/electronics/computers/game-consoles/page4.html
2026-05-16 22:00:26 | INFO     | ss_crawler | [crawler] Fetching : https://www.ss.com/msg/lv/electronics/computers/game-consoles/bijlmn.html
2026-05-16 22:00:29 | INFO     | ss_crawler | [crawler] Fetching : https://www.ss.com/msg/lv/electronics/computers/game-consoles/bijlmn.html
2026-05-16 22:00:33 | INFO     | ss_crawler | [crawler] Fetching : https://www.ss.com/msg/lv/electronics/computers/game-consoles/bijlmn.html
2026-05-16 22:00:35 | INFO     | ss_crawler | [crawler] Fetching : https://www.ss.com/msg/lv/electronics/computers/game-consoles/kelko.html
2026-05-16 22:00:37 | INFO     | ss_crawler | [crawler] Fetching : https://www.ss.com/msg/lv/electronics/computers/game-consoles/kbcfg.html
2026-05-16 22:00:40 | INFO     | ss_crawler | [crawler] Fetching : https://www.ss.com/msg/lv/electronics/computers/game-consoles/bffcjd.html
2026-05-16 22:00:42 | INFO     | ss_crawler | [crawler] Fetching : https://www.ss.com/msg/lv/electronics/computers/game-consoles/gikgh.html
2026-05-16 22:00:44 | INFO     | ss_crawler | [crawler] Fetching : https://www.ss.com/msg/lv/electronics/computers/game-consoles/hxipk.html
2026-05-16 22:00:47 | INFO     | ss_crawler | [crawler] Fetching : https://www.ss.com/msg/lv/electronics/computers/game-consoles/edghh.html
2026-05-16 22:00:50 | INFO     | ss_crawler | [crawler] Fetching : https://www.ss.com/msg/lv/electronics/computers/game-consoles/mcfmx.html
2026-05-16 22:00:52 | INFO     | ss_crawler | [crawler] Fetching : https://www.ss.com/msg/lv/electronics/computers/game-consoles/doxfh.html
2026-05-16 22:00:54 | INFO     | ss_crawler | [crawler] Fetching : https://www.ss.com/msg/lv/electronics/computers/game-consoles/dcidl.html
2026-05-16 22:00:56 | INFO     | ss_crawler | [crawler] Fetching : https://www.ss.com/msg/lv/electronics/computers/game-consoles/gimed.html
2026-05-16 22:00:58 | INFO     | ss_crawler | [crawler] Fetching : https://www.ss.com/msg/lv/electronics/computers/game-consoles/bhmmlo.html
2026-05-16 22:01:00 | INFO     | ss_crawler | [crawler] Fetching : https://www.ss.com/msg/lv/electronics/computers/game-consoles/bjompn.html
2026-05-16 22:01:03 | INFO     | ss_crawler | [crawler] Fetching : https://www.ss.com/msg/lv/electronics/computers/game-consoles/bklkic.html
2026-05-16 22:01:05 | INFO     | ss_crawler | [crawler] Fetching : https://www.ss.com/msg/lv/electronics/computers/game-consoles/dgfch.html
2026-05-16 22:01:08 | INFO     | ss_crawler | [crawler] Fetching : https://www.ss.com/msg/lv/electronics/computers/game-consoles/biendg.html
2026-05-16 22:01:11 | INFO     | ss_crawler | [crawler] Fetching : https://www.ss.com/msg/lv/electronics/computers/game-consoles/biipjn.html
2026-05-16 22:01:14 | INFO     | ss_crawler | [crawler] Fetching : https://www.ss.com/msg/lv/electronics/computers/game-consoles/bjpljl.html
2026-05-16 22:01:16 | INFO     | ss_crawler | [crawler] Fetching : https://www.ss.com/msg/lv/electronics/computers/game-consoles/ephnk.html
2026-05-16 22:01:19 | INFO     | ss_crawler | [crawler] Fetching : https://www.ss.com/msg/lv/electronics/computers/game-consoles/eilpp.html
2026-05-16 22:01:23 | INFO     | ss_crawler | [crawler] Fetching : https://www.ss.com/msg/lv/electronics/computers/game-consoles/fipjp.html
2026-05-16 22:01:25 | INFO     | ss_crawler | [crawler] Fetching : https://www.ss.com/msg/lv/electronics/computers/game-consoles/hbfkx.html
2026-05-16 22:01:28 | INFO     | ss_crawler | [crawler] Fetching : https://www.ss.com/msg/lv/electronics/computers/game-consoles/biocof.html
2026-05-16 22:01:30 | INFO     | ss_crawler | [crawler] Fetching : https://www.ss.com/msg/lv/electronics/computers/game-consoles/ioxxi.html
2026-05-16 22:01:33 | INFO     | ss_crawler | [crawler] Fetching : https://www.ss.com/msg/lv/electronics/computers/game-consoles/jifob.html
2026-05-16 22:01:36 | INFO     | ss_crawler | [crawler] Fetching : https://www.ss.com/msg/lv/electronics/computers/game-consoles/mxoxl.html
2026-05-16 22:01:40 | INFO     | ss_crawler | [crawler] Fetching : https://www.ss.com/msg/lv/electronics/computers/game-consoles/doilh.html
2026-05-16 22:01:42 | INFO     | ss_crawler | [crawler] Fetching : https://www.ss.com/msg/lv/electronics/computers/game-consoles/fhheh.html
2026-05-16 22:01:45 | INFO     | ss_crawler | [console_scraper] Found 28 listings on page 4
2026-05-16 22:01:45 | INFO     | ss_crawler | [console_scraper] Fetching page 5: https://www.ss.com/lv/electronics/computers/game-consoles/page5.html
2026-05-16 22:01:45 | INFO     | ss_crawler | [crawler] Fetching : https://www.ss.com/lv/electronics/computers/game-consoles/page5.html
2026-05-16 22:01:47 | INFO     | ss_crawler | [crawler] Fetching : https://www.ss.com/msg/lv/electronics/computers/game-consoles/lgxjf.html
2026-05-16 22:01:50 | INFO     | ss_crawler | [crawler] Fetching : https://www.ss.com/msg/lv/electronics/computers/game-consoles/bibcoh.html
2026-05-16 22:01:52 | INFO     | ss_crawler | [crawler] Fetching : https://www.ss.com/msg/lv/electronics/computers/game-consoles/bfhnjx.html
2026-05-16 22:01:54 | INFO     | ss_crawler | [crawler] Fetching : https://www.ss.com/msg/lv/electronics/computers/game-consoles/hfnge.html
2026-05-16 22:01:57 | INFO     | ss_crawler | [crawler] Fetching : https://www.ss.com/msg/lv/electronics/computers/game-consoles/kipxh.html
2026-05-16 22:02:00 | INFO     | ss_crawler | [crawler] Fetching : https://www.ss.com/msg/lv/electronics/computers/game-consoles/dfhfj.html
2026-05-16 22:02:01 | INFO     | ss_crawler | [crawler] Fetching : https://www.ss.com/msg/lv/electronics/computers/game-consoles/ggfhj.html
2026-05-16 22:02:04 | INFO     | ss_crawler | [crawler] Fetching : https://www.ss.com/msg/lv/electronics/computers/game-consoles/fbmcx.html
2026-05-16 22:02:07 | INFO     | ss_crawler | [crawler] Fetching : https://www.ss.com/msg/lv/electronics/computers/game-consoles/hxgbm.html
2026-05-16 22:02:10 | INFO     | ss_crawler | [crawler] Fetching : https://www.ss.com/msg/lv/electronics/computers/game-consoles/donnh.html
2026-05-16 22:02:13 | INFO     | ss_crawler | [crawler] Fetching : https://www.ss.com/msg/lv/electronics/computers/game-consoles/kkckf.html
2026-05-16 22:02:16 | INFO     | ss_crawler | [crawler] Fetching : https://www.ss.com/msg/lv/electronics/computers/game-consoles/ghipf.html
2026-05-16 22:02:19 | INFO     | ss_crawler | [crawler] Fetching : https://www.ss.com/msg/lv/electronics/computers/game-consoles/djdii.html
2026-05-16 22:02:23 | INFO     | ss_crawler | [crawler] Fetching : https://www.ss.com/msg/lv/electronics/computers/game-consoles/fhckg.html
2026-05-16 22:02:25 | INFO     | ss_crawler | [crawler] Fetching : https://www.ss.com/msg/lv/electronics/computers/game-consoles/bixbgj.html
2026-05-16 22:02:27 | INFO     | ss_crawler | [crawler] Fetching : https://www.ss.com/msg/lv/electronics/computers/game-consoles/ffjdp.html
2026-05-16 22:02:30 | INFO     | ss_crawler | [crawler] Fetching : https://www.ss.com/msg/lv/electronics/computers/game-consoles/bfdjfc.html
2026-05-16 22:02:33 | INFO     | ss_crawler | [crawler] Fetching : https://www.ss.com/msg/lv/electronics/computers/game-consoles/bhmcen.html
2026-05-16 22:02:36 | INFO     | ss_crawler | [crawler] Fetching : https://www.ss.com/msg/lv/electronics/computers/game-consoles/hdpbf.html
2026-05-16 22:02:39 | INFO     | ss_crawler | [crawler] Fetching : https://www.ss.com/msg/lv/electronics/computers/game-consoles/iojde.html
2026-05-16 22:02:42 | INFO     | ss_crawler | [crawler] Fetching : https://www.ss.com/msg/lv/electronics/computers/game-consoles/jphxg.html
2026-05-16 22:02:46 | INFO     | ss_crawler | [crawler] Fetching : https://www.ss.com/msg/lv/electronics/computers/game-consoles/bkmpmb.html
2026-05-16 22:02:48 | INFO     | ss_crawler | [crawler] Fetching : https://www.ss.com/msg/lv/electronics/computers/game-consoles/bjpdij.html
2026-05-16 22:02:51 | INFO     | ss_crawler | [crawler] Fetching : https://www.ss.com/msg/lv/electronics/computers/game-consoles/eelkc.html
2026-05-16 22:02:53 | INFO     | ss_crawler | [crawler] Fetching : https://www.ss.com/msg/lv/electronics/computers/game-consoles/ecpjj.html
2026-05-16 22:02:55 | INFO     | ss_crawler | [console_scraper] Found 25 listings on page 5
2026-05-16 22:02:55 | INFO     | ss_crawler | [console_scraper] Fetching page 6: https://www.ss.com/lv/electronics/computers/game-consoles/page6.html
2026-05-16 22:02:55 | INFO     | ss_crawler | [crawler] Fetching : https://www.ss.com/lv/electronics/computers/game-consoles/page6.html
2026-05-16 22:02:58 | INFO     | ss_crawler | [crawler] Fetching : https://www.ss.com/msg/lv/electronics/computers/game-consoles/mbjde.html
2026-05-16 22:03:01 | INFO     | ss_crawler | [crawler] Fetching : https://www.ss.com/msg/lv/electronics/computers/game-consoles/mbjde.html
2026-05-16 22:03:04 | INFO     | ss_crawler | [crawler] Fetching : https://www.ss.com/msg/lv/electronics/computers/game-consoles/mbjde.html
2026-05-16 22:03:07 | INFO     | ss_crawler | [crawler] Fetching : https://www.ss.com/msg/lv/electronics/computers/game-consoles/gjgec.html
2026-05-16 22:03:10 | INFO     | ss_crawler | [crawler] Fetching : https://www.ss.com/msg/lv/electronics/computers/game-consoles/inpcm.html
2026-05-16 22:03:12 | INFO     | ss_crawler | [crawler] Fetching : https://www.ss.com/msg/lv/electronics/computers/game-consoles/fciem.html
2026-05-16 22:03:15 | INFO     | ss_crawler | [crawler] Fetching : https://www.ss.com/msg/lv/electronics/computers/game-consoles/hmpoc.html
2026-05-16 22:03:18 | INFO     | ss_crawler | [crawler] Fetching : https://www.ss.com/msg/lv/electronics/computers/game-consoles/jhgxn.html
2026-05-16 22:03:21 | INFO     | ss_crawler | [crawler] Fetching : https://www.ss.com/msg/lv/electronics/computers/game-consoles/cjikd.html
2026-05-16 22:03:23 | INFO     | ss_crawler | [crawler] Fetching : https://www.ss.com/msg/lv/electronics/computers/game-consoles/bhpfjc.html
2026-05-16 22:03:26 | INFO     | ss_crawler | [crawler] Fetching : https://www.ss.com/msg/lv/electronics/computers/game-consoles/fhopo.html
2026-05-16 22:03:28 | INFO     | ss_crawler | [crawler] Fetching : https://www.ss.com/msg/lv/electronics/computers/game-consoles/dbigo.html
2026-05-16 22:03:30 | INFO     | ss_crawler | [crawler] Fetching : https://www.ss.com/msg/lv/electronics/computers/game-consoles/fjpbd.html
2026-05-16 22:03:32 | INFO     | ss_crawler | [crawler] Fetching : https://www.ss.com/msg/lv/electronics/computers/game-consoles/billcl.html
2026-05-16 22:03:34 | INFO     | ss_crawler | [crawler] Fetching : https://www.ss.com/msg/lv/electronics/computers/game-consoles/kchmh.html
2026-05-16 22:03:36 | INFO     | ss_crawler | [crawler] Fetching : https://www.ss.com/msg/lv/electronics/computers/game-consoles/gkebg.html
2026-05-16 22:03:39 | INFO     | ss_crawler | [crawler] Fetching : https://www.ss.com/msg/lv/electronics/computers/game-consoles/blfpch.html
2026-05-16 22:03:42 | INFO     | ss_crawler | [crawler] Fetching : https://www.ss.com/msg/lv/electronics/computers/game-consoles/gdfxh.html
2026-05-16 22:03:44 | INFO     | ss_crawler | [crawler] Fetching : https://www.ss.com/msg/lv/electronics/computers/game-consoles/bkkfxn.html
2026-05-16 22:03:46 | INFO     | ss_crawler | [crawler] Fetching : https://www.ss.com/msg/lv/electronics/computers/game-consoles/knbhe.html
2026-05-16 22:03:49 | INFO     | ss_crawler | [crawler] Fetching : https://www.ss.com/msg/lv/electronics/computers/game-consoles/bibclk.html
2026-05-16 22:03:52 | INFO     | ss_crawler | [crawler] Fetching : https://www.ss.com/msg/lv/electronics/computers/game-consoles/bfxpfo.html
2026-05-16 22:03:55 | INFO     | ss_crawler | [crawler] Fetching : https://www.ss.com/msg/lv/electronics/computers/game-consoles/fnocn.html
2026-05-16 22:03:58 | INFO     | ss_crawler | [crawler] Fetching : https://www.ss.com/msg/lv/electronics/computers/game-consoles/jxefj.html
2026-05-16 22:04:00 | INFO     | ss_crawler | [crawler] Fetching : https://www.ss.com/msg/lv/electronics/computers/game-consoles/knknh.html
2026-05-16 22:04:03 | INFO     | ss_crawler | [crawler] Fetching : https://www.ss.com/msg/lv/electronics/computers/game-consoles/lbino.html
2026-05-16 22:04:05 | INFO     | ss_crawler | [crawler] Fetching : https://www.ss.com/msg/lv/electronics/computers/game-consoles/dooxk.html
2026-05-16 22:04:08 | INFO     | ss_crawler | [crawler] Fetching : https://www.ss.com/msg/lv/electronics/computers/game-consoles/glljm.html
2026-05-16 22:04:09 | INFO     | ss_crawler | [console_scraper] Found 26 listings on page 6
2026-05-16 22:04:09 | INFO     | ss_crawler | [console_scraper] Fetching page 7: https://www.ss.com/lv/electronics/computers/game-consoles/page7.html
2026-05-16 22:04:09 | INFO     | ss_crawler | [crawler] Fetching : https://www.ss.com/lv/electronics/computers/game-consoles/page7.html
2026-05-16 22:04:13 | INFO     | ss_crawler | [crawler] Fetching : https://www.ss.com/msg/lv/electronics/computers/game-consoles/blfphl.html
2026-05-16 22:04:15 | INFO     | ss_crawler | [crawler] Fetching : https://www.ss.com/msg/lv/electronics/computers/game-consoles/blfphl.html
2026-05-16 22:04:19 | INFO     | ss_crawler | [crawler] Fetching : https://www.ss.com/msg/lv/electronics/computers/game-consoles/blfphl.html
2026-05-16 22:04:22 | INFO     | ss_crawler | [crawler] Fetching : https://www.ss.com/msg/lv/electronics/computers/game-consoles/dlhoc.html
2026-05-16 22:04:24 | INFO     | ss_crawler | [crawler] Fetching : https://www.ss.com/msg/lv/electronics/computers/game-consoles/debld.html
2026-05-16 22:04:26 | INFO     | ss_crawler | [crawler] Fetching : https://www.ss.com/msg/lv/electronics/computers/game-consoles/glcbb.html
2026-05-16 22:04:28 | INFO     | ss_crawler | [crawler] Fetching : https://www.ss.com/msg/lv/electronics/computers/game-consoles/bkpmex.html
2026-05-16 22:04:31 | INFO     | ss_crawler | [crawler] Fetching : https://www.ss.com/msg/lv/electronics/computers/game-consoles/kjixi.html
2026-05-16 22:04:33 | INFO     | ss_crawler | [crawler] Fetching : https://www.ss.com/msg/lv/electronics/computers/game-consoles/bhnggk.html
2026-05-16 22:04:36 | INFO     | ss_crawler | [crawler] Fetching : https://www.ss.com/msg/lv/electronics/computers/game-consoles/bfcnbe.html
2026-05-16 22:04:39 | INFO     | ss_crawler | [crawler] Fetching : https://www.ss.com/msg/lv/electronics/computers/game-consoles/gjefk.html
2026-05-16 22:04:41 | INFO     | ss_crawler | [crawler] Fetching : https://www.ss.com/msg/lv/electronics/computers/game-consoles/bfbdhl.html
2026-05-16 22:04:43 | INFO     | ss_crawler | [crawler] Fetching : https://www.ss.com/msg/lv/electronics/computers/game-consoles/ffhop.html
2026-05-16 22:04:46 | INFO     | ss_crawler | [crawler] Fetching : https://www.ss.com/msg/lv/electronics/computers/game-consoles/bfbnpn.html
2026-05-16 22:04:49 | INFO     | ss_crawler | [crawler] Fetching : https://www.ss.com/msg/lv/electronics/computers/game-consoles/biojdl.html
2026-05-16 22:04:51 | INFO     | ss_crawler | [crawler] Fetching : https://www.ss.com/msg/lv/electronics/computers/game-consoles/dhkhp.html
2026-05-16 22:04:53 | INFO     | ss_crawler | [crawler] Fetching : https://www.ss.com/msg/lv/electronics/computers/game-consoles/bffpjx.html
2026-05-16 22:04:57 | INFO     | ss_crawler | [crawler] Fetching : https://www.ss.com/msg/lv/electronics/computers/game-consoles/gmglm.html
2026-05-16 22:04:59 | INFO     | ss_crawler | [crawler] Fetching : https://www.ss.com/msg/lv/electronics/computers/game-consoles/bkdpcn.html
2026-05-16 22:05:01 | INFO     | ss_crawler | [crawler] Fetching : https://www.ss.com/msg/lv/electronics/computers/game-consoles/ddnho.html
2026-05-16 22:05:03 | INFO     | ss_crawler | [crawler] Fetching : https://www.ss.com/msg/lv/electronics/computers/game-consoles/eidlp.html
2026-05-16 22:05:05 | INFO     | ss_crawler | [crawler] Fetching : https://www.ss.com/msg/lv/electronics/computers/game-consoles/fdpop.html
2026-05-16 22:05:08 | INFO     | ss_crawler | [crawler] Fetching : https://www.ss.com/msg/lv/electronics/computers/game-consoles/mxxbd.html
2026-05-16 22:05:12 | INFO     | ss_crawler | [crawler] Fetching : https://www.ss.com/msg/lv/electronics/computers/game-consoles/bjgndo.html
2026-05-16 22:05:14 | INFO     | ss_crawler | [crawler] Fetching : https://www.ss.com/msg/lv/electronics/computers/game-consoles/mbllf.html
2026-05-16 22:05:17 | INFO     | ss_crawler | [crawler] Fetching : https://www.ss.com/msg/lv/electronics/computers/game-consoles/bhicog.html
2026-05-16 22:05:20 | INFO     | ss_crawler | [crawler] Fetching : https://www.ss.com/msg/lv/electronics/computers/game-consoles/bjlexo.html
2026-05-16 22:05:22 | INFO     | ss_crawler | [crawler] Fetching : https://www.ss.com/msg/lv/electronics/computers/game-consoles/bipepp.html
2026-05-16 22:05:25 | INFO     | ss_crawler | [crawler] Fetching : https://www.ss.com/msg/lv/electronics/computers/game-consoles/ioxil.html
2026-05-16 22:05:27 | INFO     | ss_crawler | [console_scraper] Found 27 listings on page 7
2026-05-16 22:05:27 | INFO     | ss_crawler | [console_scraper] Fetching page 8: https://www.ss.com/lv/electronics/computers/game-consoles/page8.html
2026-05-16 22:05:27 | INFO     | ss_crawler | [crawler] Fetching : https://www.ss.com/lv/electronics/computers/game-consoles/page8.html
2026-05-16 22:05:29 | INFO     | ss_crawler | [crawler] Fetching : https://www.ss.com/msg/lv/electronics/computers/game-consoles/bhjopk.html
2026-05-16 22:05:32 | INFO     | ss_crawler | [crawler] Fetching : https://www.ss.com/msg/lv/electronics/computers/game-consoles/bhjopk.html
2026-05-16 22:05:36 | INFO     | ss_crawler | [crawler] Fetching : https://www.ss.com/msg/lv/electronics/computers/game-consoles/bhjopk.html
2026-05-16 22:05:38 | INFO     | ss_crawler | [crawler] Fetching : https://www.ss.com/msg/lv/electronics/computers/game-consoles/bhnjnc.html
2026-05-16 22:05:41 | INFO     | ss_crawler | [crawler] Fetching : https://www.ss.com/msg/lv/electronics/computers/game-consoles/biolbk.html
2026-05-16 22:05:43 | INFO     | ss_crawler | [crawler] Fetching : https://www.ss.com/msg/lv/electronics/computers/game-consoles/efxbx.html
2026-05-16 22:05:45 | INFO     | ss_crawler | [crawler] Fetching : https://www.ss.com/msg/lv/electronics/computers/game-consoles/fecji.html
2026-05-16 22:05:47 | INFO     | ss_crawler | [crawler] Fetching : https://www.ss.com/msg/lv/electronics/computers/game-consoles/knemb.html
2026-05-16 22:05:51 | INFO     | ss_crawler | [crawler] Fetching : https://www.ss.com/msg/lv/electronics/computers/game-consoles/bidpbm.html
2026-05-16 22:05:54 | INFO     | ss_crawler | [crawler] Fetching : https://www.ss.com/msg/lv/electronics/computers/game-consoles/dhlkj.html
2026-05-16 22:05:57 | INFO     | ss_crawler | [crawler] Fetching : https://www.ss.com/msg/lv/electronics/computers/game-consoles/jfbje.html
2026-05-16 22:05:59 | INFO     | ss_crawler | [crawler] Fetching : https://www.ss.com/msg/lv/electronics/computers/game-consoles/ddpng.html
2026-05-16 22:06:02 | INFO     | ss_crawler | [crawler] Fetching : https://www.ss.com/msg/lv/electronics/computers/game-consoles/jpepx.html
2026-05-16 22:06:05 | INFO     | ss_crawler | [crawler] Fetching : https://www.ss.com/msg/lv/electronics/computers/game-consoles/bihklh.html
2026-05-16 22:06:08 | INFO     | ss_crawler | [crawler] Fetching : https://www.ss.com/msg/lv/electronics/computers/game-consoles/gjbdp.html
2026-05-16 22:06:10 | INFO     | ss_crawler | [crawler] Fetching : https://www.ss.com/msg/lv/electronics/computers/game-consoles/flepd.html
2026-05-16 22:06:14 | INFO     | ss_crawler | [crawler] Fetching : https://www.ss.com/msg/lv/electronics/computers/game-consoles/ebmkb.html
2026-05-16 22:06:17 | INFO     | ss_crawler | [crawler] Fetching : https://www.ss.com/msg/lv/electronics/computers/game-consoles/gcjcj.html
2026-05-16 22:06:21 | INFO     | ss_crawler | [crawler] Fetching : https://www.ss.com/msg/lv/electronics/computers/game-consoles/mbblj.html
2026-05-16 22:06:24 | INFO     | ss_crawler | [crawler] Fetching : https://www.ss.com/msg/lv/electronics/computers/game-consoles/bkkfkn.html
2026-05-16 22:06:25 | INFO     | ss_crawler | [crawler] Fetching : https://www.ss.com/msg/lv/electronics/computers/game-consoles/emkko.html
2026-05-16 22:06:28 | INFO     | ss_crawler | [crawler] Fetching : https://www.ss.com/msg/lv/electronics/computers/game-consoles/hgmhj.html
2026-05-16 22:06:30 | INFO     | ss_crawler | [crawler] Fetching : https://www.ss.com/msg/lv/electronics/computers/game-consoles/ecgnk.html
2026-05-16 22:06:32 | INFO     | ss_crawler | [crawler] Fetching : https://www.ss.com/msg/lv/electronics/computers/game-consoles/eoooh.html
2026-05-16 22:06:35 | INFO     | ss_crawler | [crawler] Fetching : https://www.ss.com/msg/lv/electronics/computers/game-consoles/hgkfj.html
2026-05-16 22:06:37 | INFO     | ss_crawler | [crawler] Fetching : https://www.ss.com/msg/lv/electronics/computers/game-consoles/bkehhc.html
2026-05-16 22:06:39 | INFO     | ss_crawler | [crawler] Fetching : https://www.ss.com/msg/lv/electronics/computers/game-consoles/dmfoh.html
2026-05-16 22:06:41 | INFO     | ss_crawler | [crawler] Fetching : https://www.ss.com/msg/lv/electronics/computers/game-consoles/fxbfd.html
2026-05-16 22:06:43 | INFO     | ss_crawler | [crawler] Fetching : https://www.ss.com/msg/lv/electronics/computers/game-consoles/hmjlo.html
2026-05-16 22:06:45 | INFO     | ss_crawler | [crawler] Fetching : https://www.ss.com/msg/lv/electronics/computers/game-consoles/kciih.html
2026-05-16 22:06:48 | INFO     | ss_crawler | [crawler] Fetching : https://www.ss.com/msg/lv/electronics/computers/game-consoles/eooge.html
2026-05-16 22:06:51 | INFO     | ss_crawler | [console_scraper] Found 29 listings on page 8
2026-05-16 22:06:51 | INFO     | ss_crawler | [console_scraper] Fetching page 9: https://www.ss.com/lv/electronics/computers/game-consoles/page9.html
2026-05-16 22:06:51 | INFO     | ss_crawler | [crawler] Fetching : https://www.ss.com/lv/electronics/computers/game-consoles/page9.html
2026-05-16 22:06:54 | INFO     | ss_crawler | [crawler] Fetching : https://www.ss.com/msg/lv/electronics/computers/game-consoles/hnoff.html
2026-05-16 22:06:55 | INFO     | ss_crawler | [crawler] Fetching : https://www.ss.com/msg/lv/electronics/computers/game-consoles/bibeib.html
2026-05-16 22:06:58 | INFO     | ss_crawler | [crawler] Fetching : https://www.ss.com/msg/lv/electronics/computers/game-consoles/ekpcc.html
2026-05-16 22:07:00 | INFO     | ss_crawler | [crawler] Fetching : https://www.ss.com/msg/lv/electronics/computers/game-consoles/bigdfb.html
2026-05-16 22:07:02 | INFO     | ss_crawler | [crawler] Fetching : https://www.ss.com/msg/lv/electronics/computers/game-consoles/dpdno.html
2026-05-16 22:07:06 | INFO     | ss_crawler | [crawler] Fetching : https://www.ss.com/msg/lv/electronics/computers/game-consoles/hmkdk.html
2026-05-16 22:07:09 | INFO     | ss_crawler | [crawler] Fetching : https://www.ss.com/msg/lv/electronics/computers/game-consoles/fljkl.html
2026-05-16 22:07:12 | INFO     | ss_crawler | [crawler] Fetching : https://www.ss.com/msg/lv/electronics/computers/game-consoles/kdgmx.html
2026-05-16 22:07:15 | INFO     | ss_crawler | [crawler] Fetching : https://www.ss.com/msg/lv/electronics/computers/game-consoles/djnnl.html
2026-05-16 22:07:18 | INFO     | ss_crawler | [crawler] Fetching : https://www.ss.com/msg/lv/electronics/computers/game-consoles/docgk.html
2026-05-16 22:07:20 | INFO     | ss_crawler | [crawler] Fetching : https://www.ss.com/msg/lv/electronics/computers/game-consoles/fcfeg.html
2026-05-16 22:07:22 | INFO     | ss_crawler | [crawler] Fetching : https://www.ss.com/msg/lv/electronics/computers/game-consoles/fmelc.html
2026-05-16 22:07:26 | INFO     | ss_crawler | [crawler] Fetching : https://www.ss.com/msg/lv/electronics/computers/game-consoles/efdof.html
2026-05-16 22:07:29 | INFO     | ss_crawler | [crawler] Fetching : https://www.ss.com/msg/lv/electronics/computers/game-consoles/bfxnnl.html
2026-05-16 22:07:31 | INFO     | ss_crawler | [crawler] Fetching : https://www.ss.com/msg/lv/electronics/computers/game-consoles/bjlhpg.html
2026-05-16 22:07:33 | INFO     | ss_crawler | [crawler] Fetching : https://www.ss.com/msg/lv/electronics/computers/game-consoles/bicfil.html
2026-05-16 22:07:36 | INFO     | ss_crawler | [crawler] Fetching : https://www.ss.com/msg/lv/electronics/computers/game-consoles/bjfhcp.html
2026-05-16 22:07:38 | INFO     | ss_crawler | [crawler] Fetching : https://www.ss.com/msg/lv/electronics/computers/game-consoles/kkxbo.html
2026-05-16 22:07:41 | INFO     | ss_crawler | [crawler] Fetching : https://www.ss.com/msg/lv/electronics/computers/game-consoles/fxnel.html
2026-05-16 22:07:43 | INFO     | ss_crawler | [crawler] Fetching : https://www.ss.com/msg/lv/electronics/computers/game-consoles/exnee.html
2026-05-16 22:07:45 | INFO     | ss_crawler | [crawler] Fetching : https://www.ss.com/msg/lv/electronics/computers/game-consoles/goldn.html
2026-05-16 22:07:48 | INFO     | ss_crawler | [crawler] Fetching : https://www.ss.com/msg/lv/electronics/computers/game-consoles/dfbce.html
2026-05-16 22:07:51 | INFO     | ss_crawler | [crawler] Fetching : https://www.ss.com/msg/lv/electronics/computers/game-consoles/gkogi.html
2026-05-16 22:07:53 | INFO     | ss_crawler | [crawler] Fetching : https://www.ss.com/msg/lv/electronics/computers/game-consoles/bkxgnp.html
2026-05-16 22:07:56 | INFO     | ss_crawler | [crawler] Fetching : https://www.ss.com/msg/lv/electronics/computers/game-consoles/kpcim.html
2026-05-16 22:07:59 | INFO     | ss_crawler | [crawler] Fetching : https://www.ss.com/msg/lv/electronics/computers/game-consoles/hgkjn.html
2026-05-16 22:08:02 | INFO     | ss_crawler | [crawler] Fetching : https://www.ss.com/msg/lv/electronics/computers/game-consoles/injpd.html
2026-05-16 22:08:04 | INFO     | ss_crawler | [crawler] Fetching : https://www.ss.com/msg/lv/electronics/computers/game-consoles/gpmpd.html
2026-05-16 22:08:06 | INFO     | ss_crawler | [console_scraper] Found 28 listings on page 9
2026-05-16 22:08:06 | INFO     | ss_crawler | [console_scraper] Fetching page 10: https://www.ss.com/lv/electronics/computers/game-consoles/page10.html
2026-05-16 22:08:06 | INFO     | ss_crawler | [crawler] Fetching : https://www.ss.com/lv/electronics/computers/game-consoles/page10.html
2026-05-16 22:08:09 | INFO     | ss_crawler | [crawler] Fetching : https://www.ss.com/msg/lv/electronics/computers/game-consoles/hhffo.html
2026-05-16 22:08:12 | INFO     | ss_crawler | [crawler] Fetching : https://www.ss.com/msg/lv/electronics/computers/game-consoles/hhffo.html
2026-05-16 22:08:16 | INFO     | ss_crawler | [crawler] Fetching : https://www.ss.com/msg/lv/electronics/computers/game-consoles/hhffo.html
2026-05-16 22:08:18 | INFO     | ss_crawler | [crawler] Fetching : https://www.ss.com/msg/lv/electronics/computers/game-consoles/edlxh.html
2026-05-16 22:08:21 | INFO     | ss_crawler | [crawler] Fetching : https://www.ss.com/msg/lv/electronics/computers/game-consoles/bfgijl.html
2026-05-16 22:08:24 | INFO     | ss_crawler | [crawler] Fetching : https://www.ss.com/msg/lv/electronics/computers/game-consoles/bjlpin.html
2026-05-16 22:08:26 | INFO     | ss_crawler | [crawler] Fetching : https://www.ss.com/msg/lv/electronics/computers/game-consoles/kbxff.html
2026-05-16 22:08:28 | INFO     | ss_crawler | [crawler] Fetching : https://www.ss.com/msg/lv/electronics/computers/game-consoles/biijno.html
2026-05-16 22:08:32 | INFO     | ss_crawler | [crawler] Fetching : https://www.ss.com/msg/lv/electronics/computers/game-consoles/amepj.html
2026-05-16 22:08:35 | INFO     | ss_crawler | [crawler] Fetching : https://www.ss.com/msg/lv/electronics/computers/game-consoles/jhhjj.html
2026-05-16 22:08:37 | INFO     | ss_crawler | [crawler] Fetching : https://www.ss.com/msg/lv/electronics/computers/game-consoles/jiedc.html
2026-05-16 22:08:39 | INFO     | ss_crawler | [crawler] Fetching : https://www.ss.com/msg/lv/electronics/computers/game-consoles/bhnobh.html
2026-05-16 22:08:42 | INFO     | ss_crawler | [crawler] Fetching : https://www.ss.com/msg/lv/electronics/computers/game-consoles/bikdxb.html
2026-05-16 22:08:45 | INFO     | ss_crawler | [crawler] Fetching : https://www.ss.com/msg/lv/electronics/computers/game-consoles/bhldic.html
2026-05-16 22:08:49 | INFO     | ss_crawler | [crawler] Fetching : https://www.ss.com/msg/lv/electronics/computers/game-consoles/kelfc.html
2026-05-16 22:08:53 | INFO     | ss_crawler | [crawler] Fetching : https://www.ss.com/msg/lv/electronics/computers/game-consoles/djllo.html
2026-05-16 22:08:56 | INFO     | ss_crawler | [crawler] Fetching : https://www.ss.com/msg/lv/electronics/computers/game-consoles/blhchl.html
2026-05-16 22:08:58 | INFO     | ss_crawler | [crawler] Fetching : https://www.ss.com/msg/lv/electronics/computers/game-consoles/kfnlf.html
2026-05-16 22:08:59 | INFO     | ss_crawler | [crawler] Fetching : https://www.ss.com/msg/lv/electronics/computers/game-consoles/ggfpn.html
2026-05-16 22:09:02 | INFO     | ss_crawler | [crawler] Fetching : https://www.ss.com/msg/lv/electronics/computers/game-consoles/hhcme.html
2026-05-16 22:09:04 | INFO     | ss_crawler | [crawler] Fetching : https://www.ss.com/msg/lv/electronics/computers/game-consoles/bfiebf.html
2026-05-16 22:09:08 | INFO     | ss_crawler | [crawler] Fetching : https://www.ss.com/msg/lv/electronics/computers/game-consoles/dfidf.html
2026-05-16 22:09:11 | INFO     | ss_crawler | [crawler] Fetching : https://www.ss.com/msg/lv/electronics/computers/game-consoles/dhlog.html
2026-05-16 22:09:12 | INFO     | ss_crawler | [crawler] Fetching : https://www.ss.com/msg/lv/electronics/computers/game-consoles/mbden.html
2026-05-16 22:09:16 | INFO     | ss_crawler | [crawler] Fetching : https://www.ss.com/msg/lv/electronics/computers/game-consoles/ehnkd.html
2026-05-16 22:09:19 | INFO     | ss_crawler | [crawler] Fetching : https://www.ss.com/msg/lv/electronics/computers/game-consoles/dphhi.html
2026-05-16 22:09:21 | INFO     | ss_crawler | [crawler] Fetching : https://www.ss.com/msg/lv/electronics/computers/game-consoles/pieom.html
2026-05-16 22:09:23 | INFO     | ss_crawler | [console_scraper] Found 25 listings on page 10
2026-05-16 22:09:23 | INFO     | ss_crawler | [console_scraper] Fetching page 11: https://www.ss.com/lv/electronics/computers/game-consoles/page11.html
2026-05-16 22:09:23 | INFO     | ss_crawler | [crawler] Fetching : https://www.ss.com/lv/electronics/computers/game-consoles/page11.html
2026-05-16 22:09:26 | INFO     | ss_crawler | [crawler] Fetching : https://www.ss.com/msg/lv/electronics/computers/game-consoles/dmcmx.html
2026-05-16 22:09:30 | INFO     | ss_crawler | [crawler] Fetching : https://www.ss.com/msg/lv/electronics/computers/game-consoles/dmcmx.html
2026-05-16 22:09:32 | INFO     | ss_crawler | [crawler] Fetching : https://www.ss.com/msg/lv/electronics/computers/game-consoles/dmcmx.html
2026-05-16 22:09:35 | INFO     | ss_crawler | [crawler] Fetching : https://www.ss.com/msg/lv/electronics/computers/game-consoles/bjkgmi.html
2026-05-16 22:09:38 | INFO     | ss_crawler | [crawler] Fetching : https://www.ss.com/msg/lv/electronics/computers/game-consoles/keeoo.html
2026-05-16 22:09:41 | INFO     | ss_crawler | [crawler] Fetching : https://www.ss.com/msg/lv/electronics/computers/game-consoles/epopj.html
2026-05-16 22:09:43 | INFO     | ss_crawler | [crawler] Fetching : https://www.ss.com/msg/lv/electronics/computers/game-consoles/dlcjm.html
2026-05-16 22:09:45 | INFO     | ss_crawler | [crawler] Fetching : https://www.ss.com/msg/lv/electronics/computers/game-consoles/doopm.html
2026-05-16 22:09:48 | INFO     | ss_crawler | [crawler] Fetching : https://www.ss.com/msg/lv/electronics/computers/game-consoles/gjcpe.html
2026-05-16 22:09:50 | INFO     | ss_crawler | [crawler] Fetching : https://www.ss.com/msg/lv/electronics/computers/game-consoles/dmgoo.html
2026-05-16 22:09:52 | INFO     | ss_crawler | [crawler] Fetching : https://www.ss.com/msg/lv/electronics/computers/game-consoles/iokcj.html
2026-05-16 22:09:55 | INFO     | ss_crawler | [crawler] Fetching : https://www.ss.com/msg/lv/electronics/computers/game-consoles/bjhocp.html
2026-05-16 22:09:58 | INFO     | ss_crawler | [crawler] Fetching : https://www.ss.com/msg/lv/electronics/computers/game-consoles/bjxbee.html
2026-05-16 22:10:00 | INFO     | ss_crawler | [crawler] Fetching : https://www.ss.com/msg/lv/electronics/computers/game-consoles/bfgoeb.html
2026-05-16 22:10:02 | INFO     | ss_crawler | [crawler] Fetching : https://www.ss.com/msg/lv/electronics/computers/game-consoles/fkjlg.html
2026-05-16 22:10:04 | INFO     | ss_crawler | [crawler] Fetching : https://www.ss.com/msg/lv/electronics/computers/game-consoles/bhiknp.html
2026-05-16 22:10:08 | INFO     | ss_crawler | [crawler] Fetching : https://www.ss.com/msg/lv/electronics/computers/game-consoles/dgnog.html
2026-05-16 22:10:11 | INFO     | ss_crawler | [crawler] Fetching : https://www.ss.com/msg/lv/electronics/computers/game-consoles/mxjfj.html
2026-05-16 22:10:13 | INFO     | ss_crawler | [crawler] Fetching : https://www.ss.com/msg/lv/electronics/computers/game-consoles/llxdi.html
2026-05-16 22:10:15 | INFO     | ss_crawler | [crawler] Fetching : https://www.ss.com/msg/lv/electronics/computers/game-consoles/bfcoxh.html
2026-05-16 22:10:18 | INFO     | ss_crawler | [crawler] Fetching : https://www.ss.com/msg/lv/electronics/computers/game-consoles/bfgdke.html
2026-05-16 22:10:19 | INFO     | ss_crawler | [crawler] Fetching : https://www.ss.com/msg/lv/electronics/computers/game-consoles/bhofbb.html
2026-05-16 22:10:22 | INFO     | ss_crawler | [crawler] Fetching : https://www.ss.com/msg/lv/electronics/computers/game-consoles/binkxf.html
2026-05-16 22:10:25 | INFO     | ss_crawler | [crawler] Fetching : https://www.ss.com/msg/lv/electronics/computers/game-consoles/kxgfg.html
2026-05-16 22:10:29 | INFO     | ss_crawler | [crawler] Fetching : https://www.ss.com/msg/lv/electronics/computers/game-consoles/jfepn.html
2026-05-16 22:10:31 | INFO     | ss_crawler | [crawler] Fetching : https://www.ss.com/msg/lv/electronics/computers/game-consoles/bkbmle.html
2026-05-16 22:10:34 | INFO     | ss_crawler | [crawler] Fetching : https://www.ss.com/msg/lv/electronics/computers/game-consoles/bfhoen.html
2026-05-16 22:10:38 | INFO     | ss_crawler | [crawler] Fetching : https://www.ss.com/msg/lv/electronics/computers/game-consoles/gcknf.html
2026-05-16 22:10:41 | INFO     | ss_crawler | [crawler] Fetching : https://www.ss.com/msg/lv/electronics/computers/game-consoles/bfgped.html
2026-05-16 22:10:43 | INFO     | ss_crawler | [crawler] Fetching : https://www.ss.com/msg/lv/electronics/computers/game-consoles/felbg.html
2026-05-16 22:10:45 | INFO     | ss_crawler | [console_scraper] Found 28 listings on page 11
2026-05-16 22:10:45 | INFO     | ss_crawler | [console_scraper] Fetching page 12: https://www.ss.com/lv/electronics/computers/game-consoles/page12.html
2026-05-16 22:10:45 | INFO     | ss_crawler | [crawler] Fetching : https://www.ss.com/lv/electronics/computers/game-consoles/page12.html
2026-05-16 22:10:48 | INFO     | ss_crawler | [crawler] Fetching : https://www.ss.com/msg/lv/electronics/computers/game-consoles/djjih.html
2026-05-16 22:10:51 | INFO     | ss_crawler | [crawler] Fetching : https://www.ss.com/msg/lv/electronics/computers/game-consoles/djjih.html
2026-05-16 22:10:53 | INFO     | ss_crawler | [crawler] Fetching : https://www.ss.com/msg/lv/electronics/computers/game-consoles/djjih.html
2026-05-16 22:10:55 | INFO     | ss_crawler | [crawler] Fetching : https://www.ss.com/msg/lv/electronics/computers/game-consoles/bimckl.html
2026-05-16 22:10:59 | INFO     | ss_crawler | [crawler] Fetching : https://www.ss.com/msg/lv/electronics/computers/game-consoles/kchlj.html
2026-05-16 22:11:02 | INFO     | ss_crawler | [crawler] Fetching : https://www.ss.com/msg/lv/electronics/computers/game-consoles/hxomm.html
2026-05-16 22:11:04 | INFO     | ss_crawler | [crawler] Fetching : https://www.ss.com/msg/lv/electronics/computers/game-consoles/gennc.html
2026-05-16 22:11:06 | INFO     | ss_crawler | [crawler] Fetching : https://www.ss.com/msg/lv/electronics/computers/game-consoles/hgjlj.html
2026-05-16 22:11:08 | INFO     | ss_crawler | [crawler] Fetching : https://www.ss.com/msg/lv/electronics/computers/game-consoles/jhhxb.html
2026-05-16 22:11:09 | INFO     | ss_crawler | [crawler] Fetching : https://www.ss.com/msg/lv/electronics/computers/game-consoles/bikmdm.html
2026-05-16 22:11:11 | INFO     | ss_crawler | [crawler] Fetching : https://www.ss.com/msg/lv/electronics/computers/game-consoles/bilpeb.html
2026-05-16 22:11:14 | INFO     | ss_crawler | [crawler] Fetching : https://www.ss.com/msg/lv/electronics/computers/game-consoles/glgmb.html
2026-05-16 22:11:17 | INFO     | ss_crawler | [crawler] Fetching : https://www.ss.com/msg/lv/electronics/computers/game-consoles/bjhdih.html
2026-05-16 22:11:20 | INFO     | ss_crawler | [crawler] Fetching : https://www.ss.com/msg/lv/electronics/computers/game-consoles/iofxo.html
2026-05-16 22:11:22 | INFO     | ss_crawler | [crawler] Fetching : https://www.ss.com/msg/lv/electronics/computers/game-consoles/ffxbk.html
2026-05-16 22:11:24 | INFO     | ss_crawler | [crawler] Fetching : https://www.ss.com/msg/lv/electronics/computers/game-consoles/dfbxo.html
2026-05-16 22:11:26 | INFO     | ss_crawler | [crawler] Fetching : https://www.ss.com/msg/lv/electronics/computers/game-consoles/fokcn.html
2026-05-16 22:11:28 | INFO     | ss_crawler | [crawler] Fetching : https://www.ss.com/msg/lv/electronics/computers/game-consoles/bhofip.html
2026-05-16 22:11:31 | INFO     | ss_crawler | [crawler] Fetching : https://www.ss.com/msg/lv/electronics/computers/game-consoles/kixnp.html
2026-05-16 22:11:34 | INFO     | ss_crawler | [crawler] Fetching : https://www.ss.com/msg/lv/electronics/computers/game-consoles/dpcoj.html
2026-05-16 22:11:36 | INFO     | ss_crawler | [crawler] Fetching : https://www.ss.com/msg/lv/electronics/computers/game-consoles/dofph.html
2026-05-16 22:11:40 | INFO     | ss_crawler | [crawler] Fetching : https://www.ss.com/msg/lv/electronics/computers/game-consoles/kckfe.html
2026-05-16 22:11:42 | INFO     | ss_crawler | [crawler] Fetching : https://www.ss.com/msg/lv/electronics/computers/game-consoles/iopcc.html
2026-05-16 22:11:45 | INFO     | ss_crawler | [crawler] Fetching : https://www.ss.com/msg/lv/electronics/computers/game-consoles/kxjcp.html
2026-05-16 22:11:48 | INFO     | ss_crawler | [crawler] Fetching : https://www.ss.com/msg/lv/electronics/computers/game-consoles/bihdfo.html
2026-05-16 22:11:50 | INFO     | ss_crawler | [console_scraper] Found 23 listings on page 12
2026-05-16 22:11:50 | INFO     | ss_crawler | [console_scraper] Fetching page 13: https://www.ss.com/lv/electronics/computers/game-consoles/page13.html
2026-05-16 22:11:50 | INFO     | ss_crawler | [crawler] Fetching : https://www.ss.com/lv/electronics/computers/game-consoles/page13.html
2026-05-16 22:11:52 | INFO     | ss_crawler | [crawler] Fetching : https://www.ss.com/msg/lv/electronics/computers/game-consoles/jffbe.html
2026-05-16 22:11:55 | INFO     | ss_crawler | [crawler] Fetching : https://www.ss.com/msg/lv/electronics/computers/game-consoles/biipfd.html
2026-05-16 22:11:58 | INFO     | ss_crawler | [crawler] Fetching : https://www.ss.com/msg/lv/electronics/computers/game-consoles/exofo.html
2026-05-16 22:12:00 | INFO     | ss_crawler | [crawler] Fetching : https://www.ss.com/msg/lv/electronics/computers/game-consoles/dmdcg.html
2026-05-16 22:12:03 | INFO     | ss_crawler | [crawler] Fetching : https://www.ss.com/msg/lv/electronics/computers/game-consoles/fbjkg.html
2026-05-16 22:12:05 | INFO     | ss_crawler | [crawler] Fetching : https://www.ss.com/msg/lv/electronics/computers/game-consoles/bkidlx.html
2026-05-16 22:12:08 | INFO     | ss_crawler | [crawler] Fetching : https://www.ss.com/msg/lv/electronics/computers/game-consoles/kenmh.html
2026-05-16 22:12:10 | INFO     | ss_crawler | [crawler] Fetching : https://www.ss.com/msg/lv/electronics/computers/game-consoles/fhgen.html
2026-05-16 22:12:12 | INFO     | ss_crawler | [crawler] Fetching : https://www.ss.com/msg/lv/electronics/computers/game-consoles/biecmc.html
2026-05-16 22:12:16 | INFO     | ss_crawler | [crawler] Fetching : https://www.ss.com/msg/lv/electronics/computers/game-consoles/bfekig.html
2026-05-16 22:12:17 | INFO     | ss_crawler | [crawler] Fetching : https://www.ss.com/msg/lv/electronics/computers/game-consoles/iopnb.html
2026-05-16 22:12:21 | INFO     | ss_crawler | [crawler] Fetching : https://www.ss.com/msg/lv/electronics/computers/game-consoles/glinh.html
2026-05-16 22:12:23 | INFO     | ss_crawler | [crawler] Fetching : https://www.ss.com/msg/lv/electronics/computers/game-consoles/bjpxlo.html
2026-05-16 22:12:25 | INFO     | ss_crawler | [crawler] Fetching : https://www.ss.com/msg/lv/electronics/computers/game-consoles/hmnhj.html
2026-05-16 22:12:28 | INFO     | ss_crawler | [crawler] Fetching : https://www.ss.com/msg/lv/electronics/computers/game-consoles/ddkem.html
2026-05-16 22:12:31 | INFO     | ss_crawler | [crawler] Fetching : https://www.ss.com/msg/lv/electronics/computers/game-consoles/fhgmo.html
2026-05-16 22:12:33 | INFO     | ss_crawler | [crawler] Fetching : https://www.ss.com/msg/lv/electronics/computers/game-consoles/bhmfdg.html
2026-05-16 22:12:36 | INFO     | ss_crawler | [crawler] Fetching : https://www.ss.com/msg/lv/electronics/computers/game-consoles/bkmfxb.html
2026-05-16 22:12:38 | INFO     | ss_crawler | [crawler] Fetching : https://www.ss.com/msg/lv/electronics/computers/game-consoles/blepfm.html
2026-05-16 22:12:41 | INFO     | ss_crawler | [crawler] Fetching : https://www.ss.com/msg/lv/electronics/computers/game-consoles/biiglc.html
2026-05-16 22:12:44 | INFO     | ss_crawler | [crawler] Fetching : https://www.ss.com/msg/lv/electronics/computers/game-consoles/biplki.html
2026-05-16 22:12:48 | INFO     | ss_crawler | [crawler] Fetching : https://www.ss.com/msg/lv/electronics/computers/game-consoles/fgblk.html
2026-05-16 22:12:50 | INFO     | ss_crawler | [crawler] Fetching : https://www.ss.com/msg/lv/electronics/computers/game-consoles/bjjpii.html
2026-05-16 22:12:53 | INFO     | ss_crawler | [crawler] Fetching : https://www.ss.com/msg/lv/electronics/computers/game-consoles/jgpgh.html
2026-05-16 22:12:55 | INFO     | ss_crawler | [crawler] Fetching : https://www.ss.com/msg/lv/electronics/computers/game-consoles/gione.html
2026-05-16 22:12:58 | INFO     | ss_crawler | [crawler] Fetching : https://www.ss.com/msg/lv/electronics/computers/game-consoles/dfcml.html
2026-05-16 22:13:02 | INFO     | ss_crawler | [console_scraper] Found 26 listings on page 13
2026-05-16 22:13:02 | INFO     | ss_crawler | [console_scraper] Fetching page 14: https://www.ss.com/lv/electronics/computers/game-consoles/page14.html
2026-05-16 22:13:02 | INFO     | ss_crawler | [crawler] Fetching : https://www.ss.com/lv/electronics/computers/game-consoles/page14.html
2026-05-16 22:13:04 | INFO     | ss_crawler | [crawler] Fetching : https://www.ss.com/msg/lv/electronics/computers/game-consoles/feefd.html
2026-05-16 22:13:06 | INFO     | ss_crawler | [crawler] Fetching : https://www.ss.com/msg/lv/electronics/computers/game-consoles/feefd.html
2026-05-16 22:13:08 | INFO     | ss_crawler | [crawler] Fetching : https://www.ss.com/msg/lv/electronics/computers/game-consoles/feefd.html
2026-05-16 22:13:10 | INFO     | ss_crawler | [crawler] Fetching : https://www.ss.com/msg/lv/electronics/computers/game-consoles/mbchl.html
2026-05-16 22:13:12 | INFO     | ss_crawler | [crawler] Fetching : https://www.ss.com/msg/lv/electronics/computers/game-consoles/klxhb.html
2026-05-16 22:13:15 | INFO     | ss_crawler | [console_scraper] Found 3 listings on page 14
2026-05-16 22:13:15 | INFO     | ss_crawler | [console_scraper] Total listings scraped: 337
2026-05-16 22:13:15 | INFO     | ss_crawler | [console_repository] Loaded 377 consoles, 63 variants, 326 editions
2026-05-16 22:13:15 | INFO     | ss_crawler | [console_matcher] ConsoleMatcher initialized with 377 consoles, 63 variants, 326 editions
2026-05-16 22:20:02 | INFO     | ss_crawler | [crawler] Fetching : https://www.ss.com/msg/lv/electronics/photo-optics/objectives/fljof.html
2026-05-16 22:20:06 | INFO     | ss_crawler | [lens_scraper] Initializing Lens scraper...
2026-05-16 22:20:06 | INFO     | ss_crawler | [database] Database connected: localhost:5433/ss_market
2026-05-16 22:20:06 | INFO     | ss_crawler | [lens_scraper] Database: postgresql+psycopg2://crawler:crawler_pass@localhost:5433/ss_market
2026-05-16 22:20:06 | INFO     | ss_crawler | [lens_scraper] Loaded 479 lens references
2026-05-16 22:20:06 | INFO     | ss_crawler | [crawler] Fetching : https://www.ss.com/msg/lv/electronics/photo-optics/objectives/fljof.html
2026-05-16 22:20:09 | INFO     | ss_crawler | [lens_scraper] Matched [fljof]: Canon_24-70mm_F2.8L_II_USM (85% confidence)
2026-05-16 22:20:29 | INFO     | ss_crawler | [crawler] Fetching : https://www.ss.com/msg/lv/electronics/photo-optics/objectives/lphdk.html
2026-05-16 22:20:31 | INFO     | ss_crawler | [lens_scraper] Initializing Lens scraper...
2026-05-16 22:20:31 | INFO     | ss_crawler | [database] Database connected: localhost:5433/ss_market
2026-05-16 22:20:31 | INFO     | ss_crawler | [lens_scraper] Database: postgresql+psycopg2://crawler:crawler_pass@localhost:5433/ss_market
2026-05-16 22:20:31 | INFO     | ss_crawler | [lens_scraper] Loaded 479 lens references
2026-05-16 22:20:31 | INFO     | ss_crawler | [crawler] Fetching : https://www.ss.com/msg/lv/electronics/photo-optics/objectives/lphdk.html
2026-05-16 22:20:35 | INFO     | ss_crawler | [lens_scraper] Matched [lphdk]: Canon_24mm_F1.4L_II_USM (70% confidence)
2026-05-16 22:22:45 | INFO     | ss_crawler | [database] Database connected: localhost:5433/ss_market
2026-05-16 22:24:57 | INFO     | ss_crawler | [database] Database connected: localhost:5433/ss_market
2026-05-16 22:27:09 | INFO     | ss_crawler | [crawler] Fetching : https://www.ss.com/msg/lv/electronics/photo-optics/objectives/lphdk.html
2026-05-16 22:27:11 | INFO     | ss_crawler | [lens_scraper] Initializing Lens scraper...
2026-05-16 22:27:11 | INFO     | ss_crawler | [database] Database connected: localhost:5433/ss_market
2026-05-16 22:27:11 | INFO     | ss_crawler | [lens_scraper] Database: postgresql+psycopg2://crawler:crawler_pass@localhost:5433/ss_market
2026-05-16 22:27:11 | INFO     | ss_crawler | [lens_scraper] Loaded 479 lens references
2026-05-16 22:27:11 | INFO     | ss_crawler | [crawler] Fetching : https://www.ss.com/msg/lv/electronics/photo-optics/objectives/lphdk.html
2026-05-16 22:27:13 | ERROR    | ss_crawler | [lens_scraper] Error scraping listing lphdk: missing ), unterminated subpattern at position 11
2026-05-16 22:27:39 | INFO     | ss_crawler | [crawler] Fetching : https://www.ss.com/msg/lv/electronics/photo-optics/objectives/lphdk.html
2026-05-16 22:27:42 | INFO     | ss_crawler | [lens_scraper] Initializing Lens scraper...
2026-05-16 22:27:42 | INFO     | ss_crawler | [database] Database connected: localhost:5433/ss_market
2026-05-16 22:27:42 | INFO     | ss_crawler | [lens_scraper] Database: postgresql+psycopg2://crawler:crawler_pass@localhost:5433/ss_market
2026-05-16 22:27:42 | INFO     | ss_crawler | [lens_scraper] Loaded 479 lens references
2026-05-16 22:27:42 | INFO     | ss_crawler | [crawler] Fetching : https://www.ss.com/msg/lv/electronics/photo-optics/objectives/lphdk.html
2026-05-16 22:27:44 | INFO     | ss_crawler | [lens_scraper] Matched [lphdk]: Canon_24mm_F2.8_STM (100% confidence)
2026-05-16 22:29:22 | INFO     | ss_crawler | [crawler] Fetching : https://www.ss.com/msg/lv/electronics/photo-optics/objectives/lphdk.html
2026-05-16 22:29:25 | INFO     | ss_crawler | [lens_scraper] Initializing Lens scraper...
2026-05-16 22:29:25 | INFO     | ss_crawler | [database] Database connected: localhost:5433/ss_market
2026-05-16 22:29:25 | INFO     | ss_crawler | [lens_scraper] Database: postgresql+psycopg2://crawler:crawler_pass@localhost:5433/ss_market
2026-05-16 22:29:25 | INFO     | ss_crawler | [lens_scraper] Loaded 479 lens references
2026-05-16 22:29:25 | INFO     | ss_crawler | [crawler] Fetching : https://www.ss.com/msg/lv/electronics/photo-optics/objectives/lphdk.html
2026-05-16 22:29:28 | INFO     | ss_crawler | [lens_scraper] Matched [lphdk]: Canon_24mm_F2.8_STM (100% confidence)
2026-05-16 22:29:56 | INFO     | ss_crawler | [crawler] Fetching : https://www.ss.com/msg/lv/electronics/photo-optics/objectives/lpcjf.html
2026-05-16 22:29:59 | INFO     | ss_crawler | [lens_scraper] Initializing Lens scraper...
2026-05-16 22:29:59 | INFO     | ss_crawler | [database] Database connected: localhost:5433/ss_market
2026-05-16 22:29:59 | INFO     | ss_crawler | [lens_scraper] Database: postgresql+psycopg2://crawler:crawler_pass@localhost:5433/ss_market
2026-05-16 22:29:59 | INFO     | ss_crawler | [lens_scraper] Loaded 479 lens references
2026-05-16 22:29:59 | INFO     | ss_crawler | [crawler] Fetching : https://www.ss.com/msg/lv/electronics/photo-optics/objectives/lpcjf.html
2026-05-16 22:30:01 | INFO     | ss_crawler | [lens_scraper] Matched [lpcjf]: Sony_Sony_FE_24-70mm_F2.8_GM (100% confidence)
2026-05-16 22:31:15 | INFO     | ss_crawler | [database] Database connected: localhost:5433/ss_market
2026-05-16 22:31:38 | INFO     | ss_crawler | [crawler] Fetching : https://www.ss.com/msg/lv/electronics/photo-optics/objectives/lpcjf.html
2026-05-16 22:31:41 | INFO     | ss_crawler | [lens_scraper] Initializing Lens scraper...
2026-05-16 22:31:41 | INFO     | ss_crawler | [database] Database connected: localhost:5433/ss_market
2026-05-16 22:31:41 | INFO     | ss_crawler | [lens_scraper] Database: postgresql+psycopg2://crawler:crawler_pass@localhost:5433/ss_market
2026-05-16 22:31:41 | INFO     | ss_crawler | [lens_scraper] Loaded 479 lens references
2026-05-16 22:31:41 | INFO     | ss_crawler | [crawler] Fetching : https://www.ss.com/msg/lv/electronics/photo-optics/objectives/lpcjf.html
2026-05-16 22:31:44 | INFO     | ss_crawler | [lens_scraper] Matched [lpcjf]: Sony_Sony_FE_24-70mm_F2.8_GM_II (100% confidence)
2026-05-16 22:31:56 | INFO     | ss_crawler | [crawler] Fetching : https://www.ss.com/msg/lv/electronics/photo-optics/objectives/lpcjf.html
2026-05-16 22:31:58 | INFO     | ss_crawler | [lens_scraper] Initializing Lens scraper...
2026-05-16 22:31:58 | INFO     | ss_crawler | [database] Database connected: localhost:5433/ss_market
2026-05-16 22:31:58 | INFO     | ss_crawler | [lens_scraper] Database: postgresql+psycopg2://crawler:crawler_pass@localhost:5433/ss_market
2026-05-16 22:31:58 | INFO     | ss_crawler | [lens_scraper] Loaded 479 lens references
2026-05-16 22:31:58 | INFO     | ss_crawler | [crawler] Fetching : https://www.ss.com/msg/lv/electronics/photo-optics/objectives/lpcjf.html
2026-05-16 22:32:02 | INFO     | ss_crawler | [lens_scraper] Matched [lpcjf]: Sony_Sony_FE_24-70mm_F2.8_GM_II (100% confidence)
2026-05-16 22:32:24 | INFO     | ss_crawler | [crawler] Fetching : https://www.ss.com/msg/lv/electronics/photo-optics/objectives/jpdce.html
2026-05-16 22:32:27 | INFO     | ss_crawler | [lens_scraper] Initializing Lens scraper...
2026-05-16 22:32:27 | INFO     | ss_crawler | [database] Database connected: localhost:5433/ss_market
2026-05-16 22:32:27 | INFO     | ss_crawler | [lens_scraper] Database: postgresql+psycopg2://crawler:crawler_pass@localhost:5433/ss_market
2026-05-16 22:32:27 | INFO     | ss_crawler | [lens_scraper] Loaded 479 lens references
2026-05-16 22:32:27 | INFO     | ss_crawler | [crawler] Fetching : https://www.ss.com/msg/lv/electronics/photo-optics/objectives/jpdce.html
2026-05-16 22:32:31 | INFO     | ss_crawler | [lens_scraper] Matched [jpdce]: Sony_Sony_FE_50mm_F1.8 (95% confidence)
2026-05-16 22:32:56 | INFO     | ss_crawler | [crawler] Fetching : https://www.ss.com/msg/lv/electronics/photo-optics/objectives/aabgf.html
2026-05-16 22:32:59 | INFO     | ss_crawler | [lens_scraper] Initializing Lens scraper...
2026-05-16 22:32:59 | INFO     | ss_crawler | [database] Database connected: localhost:5433/ss_market
2026-05-16 22:32:59 | INFO     | ss_crawler | [lens_scraper] Database: postgresql+psycopg2://crawler:crawler_pass@localhost:5433/ss_market
2026-05-16 22:32:59 | INFO     | ss_crawler | [lens_scraper] Loaded 479 lens references
2026-05-16 22:32:59 | INFO     | ss_crawler | [crawler] Fetching : https://www.ss.com/msg/lv/electronics/photo-optics/objectives/aabgf.html
2026-05-16 22:33:02 | INFO     | ss_crawler | [lens_scraper] Matched [aabgf]: Canon_24-105mm_F4L_IS_USM (85% confidence)
2026-05-16 22:33:40 | INFO     | ss_crawler | [crawler] Fetching : https://www.ss.com/msg/lv/electronics/photo-optics/objectives/mbcgc.html
2026-05-16 22:33:43 | INFO     | ss_crawler | [lens_scraper] Initializing Lens scraper...
2026-05-16 22:33:43 | INFO     | ss_crawler | [database] Database connected: localhost:5433/ss_market
2026-05-16 22:33:43 | INFO     | ss_crawler | [lens_scraper] Database: postgresql+psycopg2://crawler:crawler_pass@localhost:5433/ss_market
2026-05-16 22:33:43 | INFO     | ss_crawler | [lens_scraper] Loaded 479 lens references
2026-05-16 22:33:43 | INFO     | ss_crawler | [crawler] Fetching : https://www.ss.com/msg/lv/electronics/photo-optics/objectives/mbcgc.html
2026-05-16 22:33:45 | INFO     | ss_crawler | [lens_scraper] Filtered [mbcgc]: filtered_nikon
2026-05-16 22:34:07 | INFO     | ss_crawler | [crawler] Fetching : https://www.ss.com/msg/lv/electronics/photo-optics/objectives/acfjg.html
2026-05-16 22:34:10 | INFO     | ss_crawler | [lens_scraper] Initializing Lens scraper...
2026-05-16 22:34:11 | INFO     | ss_crawler | [database] Database connected: localhost:5433/ss_market
2026-05-16 22:34:11 | INFO     | ss_crawler | [lens_scraper] Database: postgresql+psycopg2://crawler:crawler_pass@localhost:5433/ss_market
2026-05-16 22:34:11 | INFO     | ss_crawler | [lens_scraper] Loaded 479 lens references
2026-05-16 22:34:11 | INFO     | ss_crawler | [crawler] Fetching : https://www.ss.com/msg/lv/electronics/photo-optics/objectives/acfjg.html
2026-05-16 22:34:14 | INFO     | ss_crawler | [lens_scraper] Matched [acfjg]: Canon_24-70mm_F2.8L_II_USM (75% confidence)
2026-05-16 22:36:50 | INFO     | ss_crawler | [crawler] Fetching : https://www.ss.com/msg/lv/electronics/photo-optics/objectives/fopom.html
2026-05-16 22:36:52 | INFO     | ss_crawler | [lens_scraper] Initializing Lens scraper...
2026-05-16 22:36:52 | INFO     | ss_crawler | [database] Database connected: localhost:5433/ss_market
2026-05-16 22:36:52 | INFO     | ss_crawler | [lens_scraper] Database: postgresql+psycopg2://crawler:crawler_pass@localhost:5433/ss_market
2026-05-16 22:36:52 | INFO     | ss_crawler | [lens_scraper] Loaded 479 lens references
2026-05-16 22:36:52 | INFO     | ss_crawler | [crawler] Fetching : https://www.ss.com/msg/lv/electronics/photo-optics/objectives/fopom.html
2026-05-16 22:36:54 | INFO     | ss_crawler | [lens_scraper] Filtered [fopom]: filtered_jauns
2026-05-16 22:37:30 | INFO     | ss_crawler | [crawler] Fetching : https://www.ss.com/msg/lv/electronics/photo-optics/objectives/gfjin.html
2026-05-16 22:37:33 | INFO     | ss_crawler | [lens_scraper] Initializing Lens scraper...
2026-05-16 22:37:33 | INFO     | ss_crawler | [database] Database connected: localhost:5433/ss_market
2026-05-16 22:37:33 | INFO     | ss_crawler | [lens_scraper] Database: postgresql+psycopg2://crawler:crawler_pass@localhost:5433/ss_market
2026-05-16 22:37:33 | INFO     | ss_crawler | [lens_scraper] Loaded 479 lens references
2026-05-16 22:37:33 | INFO     | ss_crawler | [crawler] Fetching : https://www.ss.com/msg/lv/electronics/photo-optics/objectives/gfjin.html
2026-05-16 22:37:36 | INFO     | ss_crawler | [lens_scraper] No match for [gfjin]
2026-05-16 22:38:16 | INFO     | ss_crawler | [crawler] Fetching : https://www.ss.com/msg/lv/electronics/photo-optics/objectives/dphjn.html
2026-05-16 22:38:20 | INFO     | ss_crawler | [lens_scraper] Initializing Lens scraper...
2026-05-16 22:38:20 | INFO     | ss_crawler | [database] Database connected: localhost:5433/ss_market
2026-05-16 22:38:20 | INFO     | ss_crawler | [lens_scraper] Database: postgresql+psycopg2://crawler:crawler_pass@localhost:5433/ss_market
2026-05-16 22:38:20 | INFO     | ss_crawler | [lens_scraper] Loaded 479 lens references
2026-05-16 22:38:20 | INFO     | ss_crawler | [crawler] Fetching : https://www.ss.com/msg/lv/electronics/photo-optics/objectives/dphjn.html
2026-05-16 22:38:22 | INFO     | ss_crawler | [lens_scraper] Filtered [dphjn]: filtered_nikon
2026-05-16 22:38:37 | INFO     | ss_crawler | [crawler] Fetching : https://www.ss.com/msg/lv/electronics/photo-optics/objectives/kcklf.html
2026-05-16 22:38:39 | INFO     | ss_crawler | [lens_scraper] Initializing Lens scraper...
2026-05-16 22:38:39 | INFO     | ss_crawler | [database] Database connected: localhost:5433/ss_market
2026-05-16 22:38:39 | INFO     | ss_crawler | [lens_scraper] Database: postgresql+psycopg2://crawler:crawler_pass@localhost:5433/ss_market
2026-05-16 22:38:39 | INFO     | ss_crawler | [lens_scraper] Loaded 479 lens references
2026-05-16 22:38:39 | INFO     | ss_crawler | [crawler] Fetching : https://www.ss.com/msg/lv/electronics/photo-optics/objectives/kcklf.html
2026-05-16 22:38:44 | INFO     | ss_crawler | [lens_scraper] Matched [kcklf]: Sony_Sony_FE_70-200mm_F2.8_GM_OSS (100% confidence)
2026-05-16 22:39:32 | INFO     | ss_crawler | [crawler] Fetching : https://www.ss.com/msg/lv/electronics/photo-optics/objectives/bjdpgm.html
2026-05-16 22:39:35 | INFO     | ss_crawler | [lens_scraper] Initializing Lens scraper...
2026-05-16 22:39:35 | INFO     | ss_crawler | [database] Database connected: localhost:5433/ss_market
2026-05-16 22:39:35 | INFO     | ss_crawler | [lens_scraper] Database: postgresql+psycopg2://crawler:crawler_pass@localhost:5433/ss_market
2026-05-16 22:39:35 | INFO     | ss_crawler | [lens_scraper] Loaded 479 lens references
2026-05-16 22:39:35 | INFO     | ss_crawler | [crawler] Fetching : https://www.ss.com/msg/lv/electronics/photo-optics/objectives/bjdpgm.html
2026-05-16 22:39:38 | INFO     | ss_crawler | [lens_scraper] Matched [bjdpgm]: Canon_24-70mm_F2.8L_II_USM (100% confidence)
2026-05-16 22:51:10 | INFO     | ss_crawler | [crawler] Fetching : https://www.ss.com/msg/lv/electronics/photo-optics/objectives/bjdpgm.html
2026-05-16 22:51:14 | INFO     | ss_crawler | [lens_scraper] Initializing Lens scraper...
2026-05-16 22:51:14 | INFO     | ss_crawler | [database] Database connected: localhost:5433/ss_market
2026-05-16 22:51:14 | INFO     | ss_crawler | [lens_scraper] Database: postgresql+psycopg2://crawler:crawler_pass@localhost:5433/ss_market
2026-05-16 22:51:14 | INFO     | ss_crawler | [lens_scraper] Loaded 480 lens references
2026-05-16 22:51:14 | INFO     | ss_crawler | [crawler] Fetching : https://www.ss.com/msg/lv/electronics/photo-optics/objectives/bjdpgm.html
2026-05-16 22:51:17 | INFO     | ss_crawler | [lens_scraper] Matched [bjdpgm]: Canon_24-70mm_F2.8L_II_USM (100% confidence)
2026-05-16 22:52:00 | INFO     | ss_crawler | [database] Database connected: localhost:5433/ss_market
2026-05-16 22:52:24 | INFO     | ss_crawler | [crawler] Fetching : https://www.ss.com/msg/lv/electronics/photo-optics/objectives/bjdpgm.html
2026-05-16 22:52:27 | INFO     | ss_crawler | [lens_scraper] Initializing Lens scraper...
2026-05-16 22:52:27 | INFO     | ss_crawler | [database] Database connected: localhost:5433/ss_market
2026-05-16 22:52:27 | INFO     | ss_crawler | [lens_scraper] Database: postgresql+psycopg2://crawler:crawler_pass@localhost:5433/ss_market
2026-05-16 22:52:27 | INFO     | ss_crawler | [lens_scraper] Loaded 480 lens references
2026-05-16 22:52:27 | INFO     | ss_crawler | [crawler] Fetching : https://www.ss.com/msg/lv/electronics/photo-optics/objectives/bjdpgm.html
2026-05-16 22:52:31 | INFO     | ss_crawler | [lens_scraper] Matched [bjdpgm]: Canon_24-70mm_F2.8L_II_USM (100% confidence)
2026-05-16 22:52:51 | INFO     | ss_crawler | [crawler] Fetching : https://www.ss.com/msg/lv/electronics/photo-optics/objectives/bjdpgm.html
2026-05-16 22:52:54 | INFO     | ss_crawler | [lens_scraper] Initializing Lens scraper...
2026-05-16 22:52:54 | INFO     | ss_crawler | [database] Database connected: localhost:5433/ss_market
2026-05-16 22:52:54 | INFO     | ss_crawler | [lens_scraper] Database: postgresql+psycopg2://crawler:crawler_pass@localhost:5433/ss_market
2026-05-16 22:52:54 | INFO     | ss_crawler | [lens_scraper] Loaded 480 lens references
2026-05-16 22:52:54 | INFO     | ss_crawler | [crawler] Fetching : https://www.ss.com/msg/lv/electronics/photo-optics/objectives/bjdpgm.html
2026-05-16 22:52:57 | INFO     | ss_crawler | [lens_scraper] Matched [bjdpgm]: Canon_24-70mm_F2.8L_II_USM (100% confidence)
2026-05-16 22:53:17 | INFO     | ss_crawler | [crawler] Fetching : https://www.ss.com/msg/lv/electronics/photo-optics/objectives/bjdpgm.html
2026-05-16 22:53:21 | INFO     | ss_crawler | [lens_scraper] Initializing Lens scraper...
2026-05-16 22:53:21 | INFO     | ss_crawler | [database] Database connected: localhost:5433/ss_market
2026-05-16 22:53:21 | INFO     | ss_crawler | [lens_scraper] Database: postgresql+psycopg2://crawler:crawler_pass@localhost:5433/ss_market
2026-05-16 22:53:21 | INFO     | ss_crawler | [lens_scraper] Loaded 480 lens references
2026-05-16 22:53:21 | INFO     | ss_crawler | [crawler] Fetching : https://www.ss.com/msg/lv/electronics/photo-optics/objectives/bjdpgm.html
2026-05-16 22:53:23 | INFO     | ss_crawler | [lens_scraper] Matched [bjdpgm]: Canon_24-70mm_F2.8L_II_USM (100% confidence)
2026-05-16 22:53:37 | INFO     | ss_crawler | [database] Database connected: localhost:5433/ss_market
2026-05-16 22:53:59 | INFO     | ss_crawler | [database] Database connected: localhost:5433/ss_market
2026-05-16 22:55:17 | INFO     | ss_crawler | [crawler] Fetching : https://www.ss.com/msg/lv/electronics/photo-optics/objectives/bjdpgm.html
2026-05-16 22:55:20 | INFO     | ss_crawler | [lens_scraper] Initializing Lens scraper...
2026-05-16 22:55:20 | INFO     | ss_crawler | [database] Database connected: localhost:5433/ss_market
2026-05-16 22:55:20 | INFO     | ss_crawler | [lens_scraper] Database: postgresql+psycopg2://crawler:crawler_pass@localhost:5433/ss_market
2026-05-16 22:55:20 | INFO     | ss_crawler | [lens_scraper] Loaded 480 lens references
2026-05-16 22:55:20 | INFO     | ss_crawler | [crawler] Fetching : https://www.ss.com/msg/lv/electronics/photo-optics/objectives/bjdpgm.html
2026-05-16 22:55:24 | INFO     | ss_crawler | [lens_scraper] Debug: Checking Canon 24-70mm lenses
2026-05-16 22:55:24 | INFO     | ss_crawler | [lens_scraper]   24-70mm F2.8L II USM: 1.00
2026-05-16 22:55:24 | INFO     | ss_crawler | [lens_scraper]   24-70mm F4L IS USM: 0.75
2026-05-16 22:55:24 | INFO     | ss_crawler | [lens_scraper]   24-70mm f/2.8 L IS USM: 0.75
2026-05-16 22:55:24 | INFO     | ss_crawler | [lens_scraper] Best match: Canon_24-70mm_F2.8L_II_USM with score 1.30
2026-05-16 22:55:24 | INFO     | ss_crawler | [lens_scraper] Matched [bjdpgm]: Canon_24-70mm_F2.8L_II_USM (100% confidence)
2026-05-16 22:55:32 | INFO     | ss_crawler | [database] Database connected: localhost:5433/ss_market
2026-05-16 22:55:47 | INFO     | ss_crawler | [database] Database connected: localhost:5433/ss_market
2026-05-16 22:56:08 | INFO     | ss_crawler | [crawler] Fetching : https://www.ss.com/msg/lv/electronics/photo-optics/objectives/bjdpgm.html
2026-05-16 22:56:11 | INFO     | ss_crawler | [lens_scraper] Initializing Lens scraper...
2026-05-16 22:56:11 | INFO     | ss_crawler | [database] Database connected: localhost:5433/ss_market
2026-05-16 22:56:11 | INFO     | ss_crawler | [lens_scraper] Database: postgresql+psycopg2://crawler:crawler_pass@localhost:5433/ss_market
2026-05-16 22:56:11 | INFO     | ss_crawler | [lens_scraper] Loaded 480 lens references
2026-05-16 22:56:11 | INFO     | ss_crawler | [crawler] Fetching : https://www.ss.com/msg/lv/electronics/photo-optics/objectives/bjdpgm.html
2026-05-16 22:56:14 | INFO     | ss_crawler | [lens_scraper] Debug: Checking Canon 24-70mm lenses (total refs: 480)
2026-05-16 22:56:14 | INFO     | ss_crawler | [lens_scraper]   Checking: 8mm F3.5 EX DG Circular Fisheye - brand=sigma, focal=8-None
2026-05-16 22:56:14 | INFO     | ss_crawler | [lens_scraper]   Checking: 10mm F3.5 SP - brand=rokinon, focal=10-None
2026-05-16 22:56:14 | INFO     | ss_crawler | [lens_scraper]   Checking: 12mm F2.8 ED AS IF NCS UMC Fisheye - brand=rokinon, focal=12-None
2026-05-16 22:56:14 | INFO     | ss_crawler | [lens_scraper]   Checking: 14mm F1.8 DG HSM Art - brand=sigma, focal=14-None
2026-05-16 22:56:14 | INFO     | ss_crawler | [lens_scraper]   Checking: 14mm F2.8 IF ED UMC - brand=rokinon, focal=14-None
2026-05-16 22:56:14 | INFO     | ss_crawler | [lens_scraper]   Checking: 14mm F2.8L II USM - brand=canon, focal=14-None
2026-05-16 22:56:14 | INFO     | ss_crawler | [lens_scraper]   Checking: 15mm F2.8 Distagon T* ZE - brand=zeiss, focal=15-None
2026-05-16 22:56:14 | INFO     | ss_crawler | [lens_scraper]   Checking: 15mm F2.8 EX DG Diagonal Fisheye - brand=sigma, focal=15-None
2026-05-16 22:56:14 | INFO     | ss_crawler | [lens_scraper]   Checking: 17mm F4L TS-E - brand=canon, focal=17-None
2026-05-16 22:56:14 | INFO     | ss_crawler | [lens_scraper]   Checking: 18mm F3.5 Distagon T* ZE - brand=zeiss, focal=18-None
2026-05-16 22:56:14 | INFO     | ss_crawler | [lens_scraper]   Checking: 20mm F2.8 USM - brand=canon, focal=20-None
2026-05-16 22:56:14 | INFO     | ss_crawler | [lens_scraper]   Checking: 24mm F1.4L II USM - brand=canon, focal=24-None
2026-05-16 22:56:14 | INFO     | ss_crawler | [lens_scraper]   Checking: 24mm F1.4 DG HSM Art - brand=sigma, focal=24-None
2026-05-16 22:56:14 | INFO     | ss_crawler | [lens_scraper]   Checking: 24mm F2.8 IS USM - brand=canon, focal=24-None
2026-05-16 22:56:14 | INFO     | ss_crawler | [lens_scraper]   Checking: 24mm F3.5L II TS-E - brand=canon, focal=24-None
2026-05-16 22:56:14 | INFO     | ss_crawler | [lens_scraper]   Checking: 25mm F2 Distagon T* ZE - brand=zeiss, focal=25-None
2026-05-16 22:56:14 | INFO     | ss_crawler | [lens_scraper]   Checking: 28mm F1.8 USM - brand=canon, focal=28-None
2026-05-16 22:56:14 | INFO     | ss_crawler | [lens_scraper]   Checking: 28mm F2 Distagon T*  ZE - brand=zeiss, focal=28-None
2026-05-16 22:56:14 | INFO     | ss_crawler | [lens_scraper]   Checking: 28mm F2.8 IS USM - brand=canon, focal=28-None
2026-05-16 22:56:14 | INFO     | ss_crawler | [lens_scraper]   Checking: 35mm F1.4 AS UMC - brand=rokinon, focal=35-None
2026-05-16 22:56:14 | INFO     | ss_crawler | [lens_scraper]   Checking: 35mm F1.4L II USM - brand=canon, focal=35-None
2026-05-16 22:56:14 | INFO     | ss_crawler | [lens_scraper]   Checking: 35mm F1.4 Di USD - brand=tamron, focal=35-None
2026-05-16 22:56:14 | INFO     | ss_crawler | [lens_scraper]   Checking: 35mm F1.4 DG HSM Art - brand=sigma, focal=35-None
2026-05-16 22:56:14 | INFO     | ss_crawler | [lens_scraper]   Checking: 35mm F1.8 Di VC USD - brand=tamron, focal=35-None
2026-05-16 22:56:14 | INFO     | ss_crawler | [lens_scraper]   Checking: 35mm F2 IS USM - brand=canon, focal=35-None
2026-05-16 22:56:14 | INFO     | ss_crawler | [lens_scraper]   Checking: 40mm F2.8 STM - brand=canon, focal=40-None
2026-05-16 22:56:14 | INFO     | ss_crawler | [lens_scraper]   Checking: 45mm F1.8 Di VC USD - brand=tamron, focal=45-None
2026-05-16 22:56:14 | INFO     | ss_crawler | [lens_scraper]   Checking: 45mm F2.8 TS-E - brand=canon, focal=45-None
2026-05-16 22:56:14 | INFO     | ss_crawler | [lens_scraper]   Checking: 50mm F1.2L USM - brand=canon, focal=50-None
2026-05-16 22:56:14 | INFO     | ss_crawler | [lens_scraper]   Checking: 50mm F1.4 USM - brand=canon, focal=50-None
2026-05-16 22:56:14 | INFO     | ss_crawler | [lens_scraper]   Checking: 50mm F1.4 ZE Milvus - brand=zeiss, focal=50-None
2026-05-16 22:56:14 | INFO     | ss_crawler | [lens_scraper]   Checking: 50mm F1.4 Planar T* ZE - brand=zeiss, focal=50-None
2026-05-16 22:56:14 | INFO     | ss_crawler | [lens_scraper]   Checking: 50mm F1.4 DG HSM Art - brand=sigma, focal=50-None
2026-05-16 22:56:14 | INFO     | ss_crawler | [lens_scraper]   Checking: 50mm F1.8 STM - brand=canon, focal=50-None
2026-05-16 22:56:14 | INFO     | ss_crawler | [lens_scraper]   Checking: 55mm F1.4 Otus ZE - brand=zeiss, focal=55-None
2026-05-16 22:56:14 | INFO     | ss_crawler | [lens_scraper]   Checking: 65mm F2.5 1-5x Macro - brand=canon, focal=65-None
2026-05-16 22:56:14 | INFO     | ss_crawler | [lens_scraper]   Checking: 70mm F2.8 DG Macro Art - brand=sigma, focal=70-None
2026-05-16 22:56:14 | INFO     | ss_crawler | [lens_scraper]   Checking: 85mm F1.2 SP  - brand=rokinon, focal=85-None
2026-05-16 22:56:14 | INFO     | ss_crawler | [lens_scraper]   Checking: 85mm F1.2L II USM - brand=canon, focal=85-None
2026-05-16 22:56:14 | INFO     | ss_crawler | [lens_scraper]   Checking: 85mm F1.4L IS USM - brand=canon, focal=85-None
2026-05-16 22:56:14 | INFO     | ss_crawler | [lens_scraper]   Checking: 85mm F1.4 Planar T* ZE - brand=zeiss, focal=85-None
2026-05-16 22:56:14 | INFO     | ss_crawler | [lens_scraper]   Checking: 85mm F1.4 Otus ZE - brand=zeiss, focal=85-None
2026-05-16 22:56:14 | INFO     | ss_crawler | [lens_scraper]   Checking: 85mm F1.4 DG HSM Art - brand=sigma, focal=85-None
2026-05-16 22:56:14 | INFO     | ss_crawler | [lens_scraper]   Checking: 85mm F1.4 AS IF UMC - brand=rokinon, focal=85-None
2026-05-16 22:56:14 | INFO     | ss_crawler | [lens_scraper]   Checking: 85mm F1.8 USM - brand=canon, focal=85-None
2026-05-16 22:56:14 | INFO     | ss_crawler | [lens_scraper]   Checking: 85mm F1.8 Di VC USD - brand=tamron, focal=85-None
2026-05-16 22:56:14 | INFO     | ss_crawler | [lens_scraper]   Checking: 90mm F2.8 Di Macro - brand=tamron, focal=90-None
2026-05-16 22:56:14 | INFO     | ss_crawler | [lens_scraper]   Checking: 90mm F2.8 Di Macro 1:1 VC USD - brand=tamron, focal=90-None
2026-05-16 22:56:14 | INFO     | ss_crawler | [lens_scraper]   Checking: 100mm F1.4 ZE Otus - brand=zeiss, focal=100-None
2026-05-16 22:56:14 | INFO     | ss_crawler | [lens_scraper]   Checking: 100mm F2M Milvus ZE Macro - brand=zeiss, focal=100-None
2026-05-16 22:56:14 | INFO     | ss_crawler | [lens_scraper]   Checking: 100mm F2 USM - brand=canon, focal=100-None
2026-05-16 22:56:14 | INFO     | ss_crawler | [lens_scraper]   Checking: 100mm F2.8 Macro USM - brand=canon, focal=100-None
2026-05-16 22:56:14 | INFO     | ss_crawler | [lens_scraper]   Checking: 100mm F2.8L Macro IS USM - brand=canon, focal=100-None
2026-05-16 22:56:14 | INFO     | ss_crawler | [lens_scraper]   Checking: 100mm F2.8 atx-i Macro - brand=tokina, focal=100-None
2026-05-16 22:56:14 | INFO     | ss_crawler | [lens_scraper]   Checking: 100mm F2.8 2X Ultra Macro APO - brand=venus optics, focal=100-None
2026-05-16 22:56:14 | INFO     | ss_crawler | [lens_scraper]   Checking: 105mm F1.4 DG HSM Art - brand=sigma, focal=105-None
2026-05-16 22:56:14 | INFO     | ss_crawler | [lens_scraper]   Checking: 105mm F2.8 EX DG OS HSM Macro - brand=sigma, focal=105-None
2026-05-16 22:56:14 | INFO     | ss_crawler | [lens_scraper]   Checking: 135mm F2L USM - brand=canon, focal=180-None
2026-05-16 22:56:14 | INFO     | ss_crawler | [lens_scraper]   Checking: 150mm F2.8 EX DG OS HSM APO Macro - brand=sigma, focal=150-None
2026-05-16 22:56:14 | INFO     | ss_crawler | [lens_scraper]   Checking: 180mm F2.8 APO Macro EX DG OS HSM - brand=sigma, focal=180-None
2026-05-16 22:56:14 | INFO     | ss_crawler | [lens_scraper]   Checking: 180mm F3.5L Macro USM - brand=canon, focal=200-None
2026-05-16 22:56:14 | INFO     | ss_crawler | [lens_scraper]   Checking: 200mm F2L IS USM - brand=canon, focal=200-None
2026-05-16 22:56:14 | INFO     | ss_crawler | [lens_scraper]   Checking: 200mm F2.8L II USM - brand=canon, focal=200-None
2026-05-16 22:56:14 | INFO     | ss_crawler | [lens_scraper]   Checking: 300mm F2.8L IS II USM - brand=canon, focal=300-None
2026-05-16 22:56:14 | INFO     | ss_crawler | [lens_scraper]   Checking: 300mm F4L IS USM - brand=canon, focal=300-None
2026-05-16 22:56:14 | INFO     | ss_crawler | [lens_scraper]   Checking: 400mm F2.8L IS II USM - brand=canon, focal=400-None
2026-05-16 22:56:14 | INFO     | ss_crawler | [lens_scraper]   Checking: 400mm F2.8L IS III USM - brand=canon, focal=400-None
2026-05-16 22:56:14 | INFO     | ss_crawler | [lens_scraper]   Checking: 400mm F4 DO IS II USM - brand=canon, focal=400-None
2026-05-16 22:56:14 | INFO     | ss_crawler | [lens_scraper]   Checking: 400mm F5.6L USM - brand=canon, focal=400-None
2026-05-16 22:56:14 | INFO     | ss_crawler | [lens_scraper]   Checking: 500mm F4L IS II USM - brand=canon, focal=500-None
2026-05-16 22:56:14 | INFO     | ss_crawler | [lens_scraper]   Checking: 500mm F4 DG OS HSM Sports - brand=sigma, focal=500-None
2026-05-16 22:56:14 | INFO     | ss_crawler | [lens_scraper]   Checking: 600mm F4L IS II USM - brand=canon, focal=600-None
2026-05-16 22:56:14 | INFO     | ss_crawler | [lens_scraper]   Checking: 600mm F4L IS III USM - brand=canon, focal=600-None
2026-05-16 22:56:14 | INFO     | ss_crawler | [lens_scraper]   Checking: 800mm F5.6L IS USM - brand=canon, focal=800-None
2026-05-16 22:56:14 | INFO     | ss_crawler | [lens_scraper]   Checking: 800mm F5.6 EX DG HSM APO - brand=sigma, focal=800-None
2026-05-16 22:56:14 | INFO     | ss_crawler | [lens_scraper]   Checking: 8-15mm F4L Fisheye USM - brand=canon, focal=8-15
2026-05-16 22:56:14 | INFO     | ss_crawler | [lens_scraper]   Checking: 11-24mm F4L USM - brand=canon, focal=11-24
2026-05-16 22:56:14 | INFO     | ss_crawler | [lens_scraper]   Checking: 12-24mm F4 DG HSM Art - brand=sigma, focal=12-24
2026-05-16 22:56:14 | INFO     | ss_crawler | [lens_scraper]   Checking: 14-24mm F2.8 DG HSM Art - brand=sigma, focal=14-24
2026-05-16 22:56:14 | INFO     | ss_crawler | [lens_scraper]   Checking: 15-30mm F2.8 Di VC USD - brand=tamron, focal=15-30
2026-05-16 22:56:14 | INFO     | ss_crawler | [lens_scraper]   Checking: 16-35mm F2.8L II USM - brand=canon, focal=16-35
2026-05-16 22:56:14 | INFO     | ss_crawler | [lens_scraper]   Checking: 16-35mm F2.8L III USM - brand=canon, focal=16-35
2026-05-16 22:56:14 | INFO     | ss_crawler | [lens_scraper]   Checking: 16-35mm F4L IS USM - brand=canon, focal=16-35
2026-05-16 22:56:14 | INFO     | ss_crawler | [lens_scraper]   Checking: 16-28mm F2.8 Pro - brand=tokina, focal=16-28
2026-05-16 22:56:14 | INFO     | ss_crawler | [lens_scraper]   Checking: 16-28mm F2.8 Opera - brand=tokina, focal=16-28
2026-05-16 22:56:14 | INFO     | ss_crawler | [lens_scraper]   Checking: 17-35mm F2.8-4 DI OSD - brand=tamron, focal=17-35
2026-05-16 22:56:14 | INFO     | ss_crawler | [lens_scraper]   Checking: 17-35mm F4 Pro FX - brand=tokina, focal=17-35
2026-05-16 22:56:14 | INFO     | ss_crawler | [lens_scraper]   Checking: 17-40mm F4L USM - brand=canon, focal=17-40
2026-05-16 22:56:14 | INFO     | ss_crawler | [lens_scraper]   Checking: 24-35mm F2 DG HSM Art - brand=sigma, focal=24-35
2026-05-16 22:56:14 | INFO     | ss_crawler | [lens_scraper]   Checking: 24-70mm F2.8L II USM - brand=canon, focal=24-70
2026-05-16 22:56:14 | INFO     | ss_crawler | [lens_scraper]   Checking: 24-70mm F2.8 DG OS HSM Art - brand=sigma, focal=24-70
2026-05-16 22:56:14 | INFO     | ss_crawler | [lens_scraper]   Checking: 24-70mm F2.8 Di VC USD G2 - brand=tamron, focal=24-70
2026-05-16 22:56:14 | INFO     | ss_crawler | [lens_scraper]   Checking: 24-70mm F2.8 PRO FX - brand=tokina, focal=24-70
2026-05-16 22:56:14 | INFO     | ss_crawler | [lens_scraper]   Checking: 24-70mm F4L IS USM - brand=canon, focal=24-70
2026-05-16 22:56:14 | INFO     | ss_crawler | [lens_scraper]   Checking: 24-105mm F3.5-5.6 IS STM - brand=canon, focal=24-105
2026-05-16 22:56:14 | INFO     | ss_crawler | [lens_scraper]   Checking: 24-105mm F4L IS USM - brand=canon, focal=24-105
2026-05-16 22:56:14 | INFO     | ss_crawler | [lens_scraper]   Checking: 24-105mm F4L IS USM II - brand=canon, focal=24-105
2026-05-16 22:56:14 | INFO     | ss_crawler | [lens_scraper]   Checking: 24-105mm F4 DG OS HSM Art - brand=sigma, focal=24-105
2026-05-16 22:56:14 | INFO     | ss_crawler | [lens_scraper]   Checking: 28-75mm F2.8 XR Di LD Aspherical (IF)  - brand=tamron, focal=28-75
2026-05-16 22:56:14 | INFO     | ss_crawler | [lens_scraper]   Checking: 35-150mm F2.8-4 Di VC OSD - brand=tamron, focal=35-150
2026-05-16 22:56:14 | INFO     | ss_crawler | [lens_scraper]   Checking: 28-300mm F3.5-5.6L IS USM - brand=canon, focal=28-300
2026-05-16 22:56:14 | INFO     | ss_crawler | [lens_scraper]   Checking: 28-300mm F3.5-6.3 Di VC PZD - brand=tamron, focal=28-300
2026-05-16 22:56:14 | INFO     | ss_crawler | [lens_scraper]   Checking: 60-600mm F4.5-6.3 DG OS HSM Sports  - brand=sigma, focal=60-600
2026-05-16 22:56:14 | INFO     | ss_crawler | [lens_scraper]   Checking: 70-200mm F2.8L USM - brand=canon, focal=70-200
2026-05-16 22:56:14 | INFO     | ss_crawler | [lens_scraper]   Checking: 70-200mm F2.8L IS II USM - brand=canon, focal=70-200
2026-05-16 22:56:14 | INFO     | ss_crawler | [lens_scraper]   Checking: 70-200mm F2.8L IS III USM - brand=canon, focal=70-200
2026-05-16 22:56:14 | INFO     | ss_crawler | [lens_scraper]   Checking: 70-200mm F2.8 EX DG APO OS HSM - brand=sigma, focal=70-200
2026-05-16 22:56:14 | INFO     | ss_crawler | [lens_scraper]   Checking: 70-200mm F2.8 DG OS HSM Sports - brand=sigma, focal=70-200
2026-05-16 22:56:14 | INFO     | ss_crawler | [lens_scraper]   Checking: 70-200mm F2.8 Di LD (IF) Macro AF - brand=tamron, focal=70-200
2026-05-16 22:56:14 | INFO     | ss_crawler | [lens_scraper]   Checking: 70-200mm F2.8 Di VC USD G2 - brand=tamron, focal=70-200
2026-05-16 22:56:14 | INFO     | ss_crawler | [lens_scraper]   Checking: 70-200mm F4L USM - brand=canon, focal=70-200
2026-05-16 22:56:14 | INFO     | ss_crawler | [lens_scraper]   Checking: 70-200mm F4L IS USM - brand=canon, focal=70-200
2026-05-16 22:56:14 | INFO     | ss_crawler | [lens_scraper]   Checking: 70-200mm F4L IS II USM - brand=canon, focal=70-200
2026-05-16 22:56:14 | INFO     | ss_crawler | [lens_scraper]   Checking: 70-210mm F4 Di VC USD - brand=tamron, focal=70-210
2026-05-16 22:56:14 | INFO     | ss_crawler | [lens_scraper]   Checking: 70-300mm F4-5.6 IS USM - brand=canon, focal=70-300
2026-05-16 22:56:14 | INFO     | ss_crawler | [lens_scraper]   Checking: 70-300mm F4-5.6 IS II USM - brand=canon, focal=70-300
2026-05-16 22:56:14 | INFO     | ss_crawler | [lens_scraper]   Checking: 70-300mm F4-5.6L IS USM - brand=canon, focal=70-300
2026-05-16 22:56:14 | INFO     | ss_crawler | [lens_scraper]   Checking: 70-300mm F4-5.6 DG Macro - brand=sigma, focal=70-300
2026-05-16 22:56:14 | INFO     | ss_crawler | [lens_scraper]   Checking: 70-300mm F4-5.6 Di VC USD  - brand=tamron, focal=70-300
2026-05-16 22:56:14 | INFO     | ss_crawler | [lens_scraper]   Checking: 75-300mm F4-5.6 III - brand=canon, focal=75-300
2026-05-16 22:56:14 | INFO     | ss_crawler | [lens_scraper]   Checking: 100-400mm F4.5-5.6L IS USM - brand=canon, focal=100-400
2026-05-16 22:56:14 | INFO     | ss_crawler | [lens_scraper]   Checking: 100-400mm F4.5-5.6L IS II USM - brand=canon, focal=100-400
2026-05-16 22:56:14 | INFO     | ss_crawler | [lens_scraper]   Checking: 100-400mm F4.5-6.3 Di VC USD - brand=tamron, focal=100-400
2026-05-16 22:56:14 | INFO     | ss_crawler | [lens_scraper]   Checking: 100-400mm F5-6.3 DG OS HSM  - brand=sigma, focal=100-400
2026-05-16 22:56:14 | INFO     | ss_crawler | [lens_scraper]   Checking: 120-300mm F2.8 DG OS HSM - brand=sigma, focal=120-300
2026-05-16 22:56:14 | INFO     | ss_crawler | [lens_scraper]   Checking: 18-270mm F3.5-6.3 Di II VC PZD - brand=tamron, focal=18-270
2026-05-16 22:56:14 | INFO     | ss_crawler | [lens_scraper]   Checking: 150-600mm F5-6.3 DG OS HSM Contemporary - brand=sigma, focal=150-600
2026-05-16 22:56:14 | INFO     | ss_crawler | [lens_scraper]   Checking: 150-600mm F5-6.3 DG OS HSM Sports - brand=sigma, focal=150-600
2026-05-16 22:56:14 | INFO     | ss_crawler | [lens_scraper]   Checking: 150-600mm F5-6.3 Di VC USD  - brand=tamron, focal=150-600
2026-05-16 22:56:14 | INFO     | ss_crawler | [lens_scraper]   Checking: 150-600mm F5-6.3 Di VC USD G2  - brand=tamron, focal=150-600
2026-05-16 22:56:14 | INFO     | ss_crawler | [lens_scraper]   Checking: 200-400mm F4L IS USM Extender 1.4x - brand=canon, focal=200-400
2026-05-16 22:56:14 | INFO     | ss_crawler | [lens_scraper]   Checking: 300-800mm F5.6 APO EX DG HSM - brand=sigma, focal=300-800
2026-05-16 22:56:14 | INFO     | ss_crawler | [lens_scraper]   Checking: 4.5mm F2.8 EX DC HSM Circular Fisheye - brand=sigma, focal=45-None
2026-05-16 22:56:14 | INFO     | ss_crawler | [lens_scraper]   Checking: 5.8mm F3.5 Circular Fisheye - brand=lensbaby, focal=58-None
2026-05-16 22:56:14 | INFO     | ss_crawler | [lens_scraper]   Checking: 6.5mm F3.5 Circular Fisheye - brand=opteka, focal=65-None
2026-05-16 22:56:14 | INFO     | ss_crawler | [lens_scraper]   Checking: 8mm F3.5 Fisheye - brand=bower, focal=8-None
2026-05-16 22:56:14 | INFO     | ss_crawler | [lens_scraper]   Checking: 8mm F3.5 HD Fisheye - brand=rokinon, focal=8-None
2026-05-16 22:56:14 | INFO     | ss_crawler | [lens_scraper]   Checking: 10mm F2.8 ED AS NCS CS - brand=rokinon, focal=10-None
2026-05-16 22:56:14 | INFO     | ss_crawler | [lens_scraper]   Checking: 16mm F2 ED AS UMC CS - brand=rokinon, focal=16-None
2026-05-16 22:56:14 | INFO     | ss_crawler | [lens_scraper]   Checking: 24mm F2.8 STM - brand=canon, focal=24-None
2026-05-16 22:56:14 | INFO     | ss_crawler | [lens_scraper]   Checking: 30mm F1.4 DC HSM Art - brand=sigma, focal=30-None
2026-05-16 22:56:14 | INFO     | ss_crawler | [lens_scraper]   Checking: 35mm F2.8 Macro IS STM - brand=canon, focal=35-None
2026-05-16 22:56:14 | INFO     | ss_crawler | [lens_scraper]   Checking: 60mm F2 Di II 1:1 Macro - brand=tamron, focal=60-None
2026-05-16 22:56:14 | INFO     | ss_crawler | [lens_scraper]   Checking: 60mm F2.8 Macro USM - brand=canon, focal=60-None
2026-05-16 22:56:14 | INFO     | ss_crawler | [lens_scraper]   Checking: 60mm F2.8 2X Ultra-Macro - brand=venus optics, focal=60-None
2026-05-16 22:56:14 | INFO     | ss_crawler | [lens_scraper]   Checking: 8-16mm F4.5-5.6 DC HSM - brand=sigma, focal=8-16
2026-05-16 22:56:14 | INFO     | ss_crawler | [lens_scraper]   Checking: 10-17mm F3.5-4.5 AT-X AF DX Fisheye - brand=tokina, focal=10-17
2026-05-16 22:56:14 | INFO     | ss_crawler | [lens_scraper]   Checking: 10-17mm F3.5-4.5 AT-X AF DX Fisheye NH - brand=tokina, focal=10-17
2026-05-16 22:56:14 | INFO     | ss_crawler | [lens_scraper]   Checking: 10-18mm F4.5-5.6 IS STM - brand=canon, focal=10-18
2026-05-16 22:56:14 | INFO     | ss_crawler | [lens_scraper]   Checking: 10-20mm F3.5 EX DC HSM - brand=sigma, focal=10-20
2026-05-16 22:56:14 | INFO     | ss_crawler | [lens_scraper]   Checking: 10-22mm F3.5-4.5 USM - brand=canon, focal=10-22
2026-05-16 22:56:14 | INFO     | ss_crawler | [lens_scraper]   Checking: 10-24mm F3.5-4.5 Di II VC HLD - brand=tamron, focal=10-24
2026-05-16 22:56:14 | INFO     | ss_crawler | [lens_scraper]   Checking: 11-16mm F2.8 AT-X 116 PRO DX-II  - brand=tokina, focal=11-16
2026-05-16 22:56:14 | INFO     | ss_crawler | [lens_scraper]   Checking: 11-16mm F2.8 CF atx-i - brand=tokina, focal=11-16
2026-05-16 22:56:14 | INFO     | ss_crawler | [lens_scraper]   Checking: 11-20mm F2.8 AT-X PRO DX - brand=tokina, focal=11-20
2026-05-16 22:56:14 | INFO     | ss_crawler | [lens_scraper]   Checking: 12-28mm F4 AT-X Pro - brand=tokina, focal=12-28
2026-05-16 22:56:14 | INFO     | ss_crawler | [lens_scraper]   Checking: 15-85mm F3.5-5.6 IS USM - brand=canon, focal=15-85
2026-05-16 22:56:14 | INFO     | ss_crawler | [lens_scraper]   Checking: 16-300mm F3.5-6.3 Di II VC PZD MACRO - brand=tamron, focal=16-300
2026-05-16 22:56:14 | INFO     | ss_crawler | [lens_scraper]   Checking: 17-50mm F2.8 EX DC OS HSM - brand=sigma, focal=17-50
2026-05-16 22:56:14 | INFO     | ss_crawler | [lens_scraper]   Checking: 17-50mm F2.8 SP AF XR Di II LD Aspherical - brand=tamron, focal=17-50
2026-05-16 22:56:14 | INFO     | ss_crawler | [lens_scraper]   Checking: 17-50mm F2.8 SP AF XR Di-II VC LD - brand=tamron, focal=17-50
2026-05-16 22:56:14 | INFO     | ss_crawler | [lens_scraper]   Checking: 17-55mm F2.8 IS USM - brand=canon, focal=17-55
2026-05-16 22:56:14 | INFO     | ss_crawler | [lens_scraper]   Checking: 17-70mm F2.8-4 DC Macro OS HSM  - brand=sigma, focal=17-70
2026-05-16 22:56:14 | INFO     | ss_crawler | [lens_scraper]   Checking: 17-85mm F4-5.6 IS USM - brand=canon, focal=17-85
2026-05-16 22:56:14 | INFO     | ss_crawler | [lens_scraper]   Checking: 18-35mm F1.8 DC HSM Art - brand=sigma, focal=18-35
2026-05-16 22:56:14 | INFO     | ss_crawler | [lens_scraper]   Checking: 18-55mm F3.5-5.6 IS II - brand=canon, focal=18-55
2026-05-16 22:56:14 | INFO     | ss_crawler | [lens_scraper]   Checking: 18-55mm F3.5-5.6 IS STM - brand=canon, focal=18-55
2026-05-16 22:56:14 | INFO     | ss_crawler | [lens_scraper]   Checking: 18-55mm F4-5.6 IS STM - brand=canon, focal=18-55
2026-05-16 22:56:14 | INFO     | ss_crawler | [lens_scraper]   Checking: 18-135mm F3.5-5.6 IS - brand=canon, focal=18-135
2026-05-16 22:56:14 | INFO     | ss_crawler | [lens_scraper]   Checking: 18-135mm F3.5-5.6 IS USM - brand=canon, focal=18-135
2026-05-16 22:56:14 | INFO     | ss_crawler | [lens_scraper]   Checking: 18-135mm F3.5-5.6 IS STM - brand=canon, focal=18-135
2026-05-16 22:56:14 | INFO     | ss_crawler | [lens_scraper]   Checking: 18-200mm F3.5-5.6 IS - brand=canon, focal=18-200
2026-05-16 22:56:14 | INFO     | ss_crawler | [lens_scraper]   Checking: 18-200mm F3.5-6.3 DC Macro OS HSM  - brand=sigma, focal=18-200
2026-05-16 22:56:14 | INFO     | ss_crawler | [lens_scraper]   Checking: 18-200mm F3.5-6.3 Di II VC  - brand=tamron, focal=18-200
2026-05-16 22:56:14 | INFO     | ss_crawler | [lens_scraper]   Checking: 18-250mm F3.5-6.3 DC Macro OS HSM  - brand=sigma, focal=18-250
2026-05-16 22:56:14 | INFO     | ss_crawler | [lens_scraper]   Checking: 18-300mm F3.5-6.3 DC MACRO OS HSM - brand=sigma, focal=18-300
2026-05-16 22:56:14 | INFO     | ss_crawler | [lens_scraper]   Checking: 18-400mm F3.5-6.3 Di II VC HLD - brand=tamron, focal=18-400
2026-05-16 22:56:14 | INFO     | ss_crawler | [lens_scraper]   Checking: 50-100mm F1.8 DC HSM Art - brand=sigma, focal=50-100
2026-05-16 22:56:14 | INFO     | ss_crawler | [lens_scraper]   Checking: 55-250mm F4-5.6 IS II - brand=canon, focal=55-250
2026-05-16 22:56:14 | INFO     | ss_crawler | [lens_scraper]   Checking: 55-250mm F4-5.6 IS STM - brand=canon, focal=55-250
2026-05-16 22:56:14 | INFO     | ss_crawler | [lens_scraper]   Checking: 3.9mm f/3.5 STM Dual Fisheye - brand=canon, focal=39-None
2026-05-16 22:56:14 | INFO     | ss_crawler | [lens_scraper]   Checking: 7.8mm f/4 STM Dual Lens - brand=canon, focal=78-None
2026-05-16 22:56:14 | INFO     | ss_crawler | [lens_scraper]   Checking: 5.2mm f/2.8 L Dual Fisheye 3D VR - brand=canon, focal=52-None
2026-05-16 22:56:14 | INFO     | ss_crawler | [lens_scraper]   Checking: 10-18mm f/4.5-6.3 IS STM - brand=canon, focal=10-18
2026-05-16 22:56:14 | INFO     | ss_crawler | [lens_scraper]   Checking: 10-20mm f/4 L IS STM - brand=canon, focal=10-20
2026-05-16 22:56:14 | INFO     | ss_crawler | [lens_scraper]   Checking: 14-35mm f/4 L IS USM - brand=canon, focal=14-35
2026-05-16 22:56:14 | INFO     | ss_crawler | [lens_scraper]   Checking: 15-30mm f/4.5-6.3 IS STM - brand=canon, focal=15-30
2026-05-16 22:56:14 | INFO     | ss_crawler | [lens_scraper]   Checking: 15-35mm f/2.8 L IS USM - brand=canon, focal=15-35
2026-05-16 22:56:14 | INFO     | ss_crawler | [lens_scraper]   Checking: 16-28mm f/2.8 IS STM - brand=canon, focal=16-28
2026-05-16 22:56:14 | INFO     | ss_crawler | [lens_scraper]   Checking: 16mm f/2.8 STM - brand=canon, focal=16-None
2026-05-16 22:56:14 | INFO     | ss_crawler | [lens_scraper]   Checking: 18-45mm f/4.5-6.3 IS STM - brand=canon, focal=18-45
2026-05-16 22:56:14 | INFO     | ss_crawler | [lens_scraper]   Checking: 18-150mm f/3.5-6.3 IS STM - brand=canon, focal=18-150
2026-05-16 22:56:14 | INFO     | ss_crawler | [lens_scraper]   Checking: 24mm f/1.8 Macro IS STM - brand=canon, focal=24-None
2026-05-16 22:56:14 | INFO     | ss_crawler | [lens_scraper]   Checking: 24mm f/1.4 L VCM - brand=canon, focal=24-None
2026-05-16 22:56:14 | INFO     | ss_crawler | [lens_scraper]   Checking: 24-70mm f/2.8 L IS USM - brand=canon, focal=24-70
2026-05-16 22:56:14 | INFO     | ss_crawler | [lens_scraper]   Checking: 24-105mm f/2.8 L IS USM Z - brand=canon, focal=24-105
2026-05-16 22:56:14 | INFO     | ss_crawler | [lens_scraper]   Checking: 24-105mm f/4 L IS USM - brand=canon, focal=24-105
2026-05-16 22:56:14 | INFO     | ss_crawler | [lens_scraper]   Checking: 24-105mm f/4-7.1 IS STM - brand=canon, focal=24-105
2026-05-16 22:56:14 | INFO     | ss_crawler | [lens_scraper]   Checking: 24-240mm f/4-6.3 IS USM - brand=canon, focal=24-240
2026-05-16 22:56:14 | INFO     | ss_crawler | [lens_scraper]   Checking: 24-50mm f/4.5-6.3 IS STM - brand=canon, focal=24-50
2026-05-16 22:56:14 | INFO     | ss_crawler | [lens_scraper]   Checking: 28mm f/2.8 STM - brand=canon, focal=28-None
2026-05-16 22:56:14 | INFO     | ss_crawler | [lens_scraper]   Checking: 28-70mm f/2 L USM - brand=canon, focal=28-70
2026-05-16 22:56:14 | INFO     | ss_crawler | [lens_scraper]   Checking: 35mm f/1.8 IS Macro STM - brand=canon, focal=35-None
2026-05-16 22:56:14 | INFO     | ss_crawler | [lens_scraper]   Checking: 35mm f/1.4 L VCM - brand=canon, focal=35-None
2026-05-16 22:56:14 | INFO     | ss_crawler | [lens_scraper]   Checking: 50mm f/1.8 STM - brand=canon, focal=50-None
2026-05-16 22:56:14 | INFO     | ss_crawler | [lens_scraper]   Checking: 50mm f/1.4 L VCM - brand=canon, focal=50-None
2026-05-16 22:56:14 | INFO     | ss_crawler | [lens_scraper]   Checking: 50mm f/1.2 L USM - brand=canon, focal=50-None
2026-05-16 22:56:14 | INFO     | ss_crawler | [lens_scraper]   Checking: 55-210mm F5-7.1 IS STM - brand=canon, focal=55-210
2026-05-16 22:56:14 | INFO     | ss_crawler | [lens_scraper]   Checking: 70-200mm f/4 L IS USM - brand=canon, focal=70-200
2026-05-16 22:56:14 | INFO     | ss_crawler | [lens_scraper]   Checking: 70-200mm f/2.8 L IS USM Z - brand=canon, focal=70-200
2026-05-16 22:56:14 | INFO     | ss_crawler | [lens_scraper]   Checking: 70-200mm f/2.8 L IS USM - brand=canon, focal=70-200
2026-05-16 22:56:14 | INFO     | ss_crawler | [lens_scraper]   Checking: 85mm f/1.2 L USM - brand=canon, focal=85-None
2026-05-16 22:56:14 | INFO     | ss_crawler | [lens_scraper]   Checking: 85mm f/1.2 L USM DS - brand=canon, focal=85-None
2026-05-16 22:56:14 | INFO     | ss_crawler | [lens_scraper]   Checking: 85mm f/2 Macro IS STM - brand=canon, focal=85-None
2026-05-16 22:56:14 | INFO     | ss_crawler | [lens_scraper]   Checking: 100mm f/2.8 L IS Macro USM - brand=canon, focal=100-None
2026-05-16 22:56:14 | INFO     | ss_crawler | [lens_scraper]   Checking: 100-400mm f/5.6-8 IS USM - brand=canon, focal=100-400
2026-05-16 22:56:14 | INFO     | ss_crawler | [lens_scraper]   Checking: 100-500mm f/4.5-7.1 L IS USM - brand=canon, focal=100-500
2026-05-16 22:56:14 | INFO     | ss_crawler | [lens_scraper]   Checking: 100-300mm f/2.8 L IS USM - brand=canon, focal=100-300
2026-05-16 22:56:14 | INFO     | ss_crawler | [lens_scraper]   Checking: 135mm f/1.8 L IS USM - brand=canon, focal=135-None
2026-05-16 22:56:14 | INFO     | ss_crawler | [lens_scraper]   Checking: 200-800mm F6.3-9 IS USM - brand=canon, focal=200-800
2026-05-16 22:56:14 | INFO     | ss_crawler | [lens_scraper]   Checking: 400mm f/2.8 L IS USM - brand=canon, focal=400-None
2026-05-16 22:56:14 | INFO     | ss_crawler | [lens_scraper]   Checking: 600mm f/11 IS STM - brand=canon, focal=600-None
2026-05-16 22:56:14 | INFO     | ss_crawler | [lens_scraper]   Checking: 600mm f/4 L IS USM - brand=canon, focal=600-None
2026-05-16 22:56:14 | INFO     | ss_crawler | [lens_scraper]   Checking: 800mm f/11 IS STM - brand=canon, focal=800-None
2026-05-16 22:56:14 | INFO     | ss_crawler | [lens_scraper]   Checking: 800mm f/5.6 L IS USM Lens - brand=canon, focal=800-None
2026-05-16 22:56:14 | INFO     | ss_crawler | [lens_scraper]   Checking: 1200mm f/8 L IS USM Lens - brand=canon, focal=1200-None
2026-05-16 22:56:14 | INFO     | ss_crawler | [lens_scraper]   Checking: 1.4x Extender - brand=canon, focal=0-None
2026-05-16 22:56:14 | INFO     | ss_crawler | [lens_scraper]   Checking: 2.0x Extender - brand=canon, focal=0-None
2026-05-16 22:56:14 | INFO     | ss_crawler | [lens_scraper]   Checking: Sony E 10-18mm F4 OSS - brand=sony, focal=10-18
2026-05-16 22:56:14 | INFO     | ss_crawler | [lens_scraper]   Checking: Sony E PZ 10-20mm F4 G - brand=sony, focal=10-20
2026-05-16 22:56:14 | INFO     | ss_crawler | [lens_scraper]   Checking: Sony E PZ 16-50mm F3.5-5.6 OSS - brand=sony, focal=16-50
2026-05-16 22:56:14 | INFO     | ss_crawler | [lens_scraper]   Checking: Sony E PZ 16-50mm F3.5-5.6 OSS II - brand=sony, focal=16-50
2026-05-16 22:56:14 | INFO     | ss_crawler | [lens_scraper]   Checking: Sony E 16-55mm F2.8 G - brand=sony, focal=16-55
2026-05-16 22:56:14 | INFO     | ss_crawler | [lens_scraper]   Checking: Sony Zeiss Vario-Tessar T* E 16-70mm F4 ZA OSS - brand=sony, focal=16-70
2026-05-16 22:56:14 | INFO     | ss_crawler | [lens_scraper]   Checking: Sony E 18-50mm F4-5.6 - brand=sony, focal=18-50
2026-05-16 22:56:14 | INFO     | ss_crawler | [lens_scraper]   Checking: Sony E 18-55mm F3.5-5.6 OSS - brand=sony, focal=18-55
2026-05-16 22:56:14 | INFO     | ss_crawler | [lens_scraper]   Checking: Sony E PZ 18-105mm F4 G OSS - brand=sony, focal=18-105
2026-05-16 22:56:14 | INFO     | ss_crawler | [lens_scraper]   Checking: Sony E PZ 18-110mm F4 G OSS - brand=sony, focal=18-110
2026-05-16 22:56:14 | INFO     | ss_crawler | [lens_scraper]   Checking: Sony E 18-135mm F3.5-5.6 OSS - brand=sony, focal=18-135
2026-05-16 22:56:14 | INFO     | ss_crawler | [lens_scraper]   Checking: Sony E 18-200mm F3.5-6.3 OSS - brand=sony, focal=18-200
2026-05-16 22:56:14 | INFO     | ss_crawler | [lens_scraper]   Checking: Sony E 18-200mm F3.5-6.3 OSS LE - brand=sony, focal=18-200
2026-05-16 22:56:14 | INFO     | ss_crawler | [lens_scraper]   Checking: Sony E PZ 18-200mm F3.5-6.3 OSS - brand=sony, focal=18-200
2026-05-16 22:56:14 | INFO     | ss_crawler | [lens_scraper]   Checking: Sony E 55-210mm F4.5-6.3 OSS - brand=sony, focal=55-210
2026-05-16 22:56:14 | INFO     | ss_crawler | [lens_scraper]   Checking: Sony E 70-350mm F4.5-6.3 G OSS - brand=sony, focal=70-350
2026-05-16 22:56:14 | INFO     | ss_crawler | [lens_scraper]   Checking: Sony E 11mm F1.8 - brand=sony, focal=11-11
2026-05-16 22:56:14 | INFO     | ss_crawler | [lens_scraper]   Checking: Sony E 15mm F1.4 G - brand=sony, focal=15-15
2026-05-16 22:56:14 | INFO     | ss_crawler | [lens_scraper]   Checking: Sony E 16mm F2.8 - brand=sony, focal=16-16
2026-05-16 22:56:14 | INFO     | ss_crawler | [lens_scraper]   Checking: Sony E 20mm F2.8 - brand=sony, focal=20-20
2026-05-16 22:56:14 | INFO     | ss_crawler | [lens_scraper]   Checking: Sony Zeiss Sonnar T* E 24mm F1.8 ZA - brand=sony, focal=24-24
2026-05-16 22:56:14 | INFO     | ss_crawler | [lens_scraper]   Checking: Sony E 30mm F3.5 Macro - brand=sony, focal=30-30
2026-05-16 22:56:14 | INFO     | ss_crawler | [lens_scraper]   Checking: Sony E 35mm F1.8 OSS - brand=sony, focal=35-35
2026-05-16 22:56:14 | INFO     | ss_crawler | [lens_scraper]   Checking: Sony E 50mm F1.8 OSS - brand=sony, focal=50-50
2026-05-16 22:56:14 | INFO     | ss_crawler | [lens_scraper]   Checking: Sony FE 12-24mm F2.8 GM - brand=sony, focal=12-24
2026-05-16 22:56:14 | INFO     | ss_crawler | [lens_scraper]   Checking: Sony FE 12-24mm F4 G - brand=sony, focal=12-24
2026-05-16 22:56:14 | INFO     | ss_crawler | [lens_scraper]   Checking: Sony FE 16-25mm F2.8 G - brand=sony, focal=16-25
2026-05-16 22:56:14 | INFO     | ss_crawler | [lens_scraper]   Checking: Sony FE 16-35mm F2.8 GM - brand=sony, focal=16-35
2026-05-16 22:56:14 | INFO     | ss_crawler | [lens_scraper]   Checking: Sony FE 16-35mm F2.8 GM II - brand=sony, focal=16-35
2026-05-16 22:56:14 | INFO     | ss_crawler | [lens_scraper]   Checking: Sony FE PZ 16-35mm F4 G - brand=sony, focal=16-35
2026-05-16 22:56:14 | INFO     | ss_crawler | [lens_scraper]   Checking: Sony Zeiss Vario-Tessar T* FE 16-35mm F4 ZA OSS - brand=sony, focal=16-35
2026-05-16 22:56:14 | INFO     | ss_crawler | [lens_scraper]   Checking: Sony FE C 16-35mm T3.1 G - brand=sony, focal=16-35
2026-05-16 22:56:14 | INFO     | ss_crawler | [lens_scraper]   Checking: Sony FE 20-70mm F4 G - brand=sony, focal=20-70
2026-05-16 22:56:14 | INFO     | ss_crawler | [lens_scraper]   Checking: Sony FE 24-50mm F2.8 G - brand=sony, focal=24-50
2026-05-16 22:56:14 | INFO     | ss_crawler | [lens_scraper]   Checking: Sony Zeiss Vario-Tessar T* FE 24-70mm F4 ZA OSS - brand=sony, focal=24-70
2026-05-16 22:56:14 | INFO     | ss_crawler | [lens_scraper]   Checking: Sony FE 24-70mm F2.8 GM - brand=sony, focal=24-70
2026-05-16 22:56:14 | INFO     | ss_crawler | [lens_scraper]   Checking: Sony FE 24-70mm F2.8 GM II - brand=sony, focal=24-70
2026-05-16 22:56:14 | INFO     | ss_crawler | [lens_scraper]   Checking: Sony FE 24-105mm F4 G OSS - brand=sony, focal=24-105
2026-05-16 22:56:14 | INFO     | ss_crawler | [lens_scraper]   Checking: Sony FE 24-240mm F3.5-6.3 OSS - brand=sony, focal=24-240
2026-05-16 22:56:14 | INFO     | ss_crawler | [lens_scraper]   Checking: Sony FE 28-60mm F4-5.6 - brand=sony, focal=28-60
2026-05-16 22:56:14 | INFO     | ss_crawler | [lens_scraper]   Checking: Sony FE 28-70mm F2 GM - brand=sony, focal=28-70
2026-05-16 22:56:14 | INFO     | ss_crawler | [lens_scraper]   Checking: Sony FE 28-70mm F3.5-5.6 OSS II - brand=sony, focal=28-70
2026-05-16 22:56:14 | INFO     | ss_crawler | [lens_scraper]   Checking: Sony FE 28-70mm F3.5-5.6 OSS - brand=sony, focal=28-70
2026-05-16 22:56:14 | INFO     | ss_crawler | [lens_scraper]   Checking: Sony FE PZ 28-135mm F4 G OSS - brand=sony, focal=28-135
2026-05-16 22:56:14 | INFO     | ss_crawler | [lens_scraper]   Checking: Sony FE 50-150mm F2 GM - brand=sony, focal=50-150
2026-05-16 22:56:14 | INFO     | ss_crawler | [lens_scraper]   Checking: Sony FE 70-200mm F4 G OSS - brand=sony, focal=70-200
2026-05-16 22:56:14 | INFO     | ss_crawler | [lens_scraper]   Checking: Sony FE 70-200mm F4 Macro G OSS II - brand=sony, focal=70-200
2026-05-16 22:56:14 | INFO     | ss_crawler | [lens_scraper]   Checking: Sony FE 70-200mm F2.8 GM OSS - brand=sony, focal=70-200
2026-05-16 22:56:14 | INFO     | ss_crawler | [lens_scraper]   Checking: Sony FE 70-200mm F2.8 GM OSS II - brand=sony, focal=70-200
2026-05-16 22:56:14 | INFO     | ss_crawler | [lens_scraper]   Checking: Sony FE 70-300mm F4.5-5.6 G OSS - brand=sony, focal=70-300
2026-05-16 22:56:14 | INFO     | ss_crawler | [lens_scraper]   Checking: Sony FE 100-400mm F4.5-5.6 GM OSS - brand=sony, focal=100-400
2026-05-16 22:56:14 | INFO     | ss_crawler | [lens_scraper]   Checking: Sony FE 200-600mm F5.6-6.3 G OSS - brand=sony, focal=200-600
2026-05-16 22:56:14 | INFO     | ss_crawler | [lens_scraper]   Checking: Sony FE 400-800mm F6.3-8 G OSS - brand=sony, focal=400-800
2026-05-16 22:56:14 | INFO     | ss_crawler | [lens_scraper]   Checking: Sony FE 14mm F1.8 GM - brand=sony, focal=14-14
2026-05-16 22:56:14 | INFO     | ss_crawler | [lens_scraper]   Checking: Sony FE 16mm F1.8 G - brand=sony, focal=16-16
2026-05-16 22:56:14 | INFO     | ss_crawler | [lens_scraper]   Checking: Sony FE 20mm F1.8 G - brand=sony, focal=20-20
2026-05-16 22:56:14 | INFO     | ss_crawler | [lens_scraper]   Checking: Sony FE 24mm F1.4 GM - brand=sony, focal=24-24
2026-05-16 22:56:14 | INFO     | ss_crawler | [lens_scraper]   Checking: Sony FE 24mm F2.8 G - brand=sony, focal=24-24
2026-05-16 22:56:14 | INFO     | ss_crawler | [lens_scraper]   Checking: Sony FE 28mm F2 - brand=sony, focal=28-28
2026-05-16 22:56:14 | INFO     | ss_crawler | [lens_scraper]   Checking: Sony FE 35mm F1.4 GM - brand=sony, focal=35-35
2026-05-16 22:56:14 | INFO     | ss_crawler | [lens_scraper]   Checking: Sony Zeiss Distagon T* FE 35mm F1.4 ZA - brand=sony, focal=35-35
2026-05-16 22:56:14 | INFO     | ss_crawler | [lens_scraper]   Checking: Sony Zeiss Sonnar T* FE 35mm F2.8 ZA - brand=sony, focal=35-35
2026-05-16 22:56:14 | INFO     | ss_crawler | [lens_scraper]   Checking: Sony FE 35mm F1.8 - brand=sony, focal=35-35
2026-05-16 22:56:14 | INFO     | ss_crawler | [lens_scraper]   Checking: Sony FE 40mm F2.5 G - brand=sony, focal=40-40
2026-05-16 22:56:14 | INFO     | ss_crawler | [lens_scraper]   Checking: Sony FE 50mm F1.2 GM - brand=sony, focal=50-50
2026-05-16 22:56:14 | INFO     | ss_crawler | [lens_scraper]   Checking: Sony FE 50mm F1.4 GM - brand=sony, focal=50-50
2026-05-16 22:56:14 | INFO     | ss_crawler | [lens_scraper]   Checking: Sony Zeiss Planar T* FE 50mm F1.4 ZA - brand=sony, focal=50-50
2026-05-16 22:56:14 | INFO     | ss_crawler | [lens_scraper]   Checking: Sony FE 50mm F1.8 - brand=sony, focal=50-50
2026-05-16 22:56:14 | INFO     | ss_crawler | [lens_scraper]   Checking: Sony FE 50mm F2.5 G - brand=sony, focal=50-50
2026-05-16 22:56:14 | INFO     | ss_crawler | [lens_scraper]   Checking: Sony FE 50mm F2.8 Macro - brand=sony, focal=50-50
2026-05-16 22:56:14 | INFO     | ss_crawler | [lens_scraper]   Checking: Sony Zeiss Sonnar T* FE 55mm F1.8 ZA - brand=sony, focal=55-55
2026-05-16 22:56:14 | INFO     | ss_crawler | [lens_scraper]   Checking: Sony FE 85mm F1.4 GM II - brand=sony, focal=85-85
2026-05-16 22:56:14 | INFO     | ss_crawler | [lens_scraper]   Checking: Sony FE 85mm F1.4 GM - brand=sony, focal=85-85
2026-05-16 22:56:14 | INFO     | ss_crawler | [lens_scraper]   Checking: Sony FE 85mm F1.8 - brand=sony, focal=85-85
2026-05-16 22:56:14 | INFO     | ss_crawler | [lens_scraper]   Checking: Sony FE 90mm F2.8 Macro G OSS - brand=sony, focal=90-90
2026-05-16 22:56:14 | INFO     | ss_crawler | [lens_scraper]   Checking: Sony FE 100mm F2.8 Macro GM OSS - brand=sony, focal=100-100
2026-05-16 22:56:14 | INFO     | ss_crawler | [lens_scraper]   Checking: Sony FE 100mm F2.8 STF GM OSS - brand=sony, focal=100-100
2026-05-16 22:56:14 | INFO     | ss_crawler | [lens_scraper]   Checking: Sony FE 135mm F1.8 GM - brand=sony, focal=135-135
2026-05-16 22:56:14 | INFO     | ss_crawler | [lens_scraper]   Checking: Sony FE 300mm F2.8 GM OSS - brand=sony, focal=300-300
2026-05-16 22:56:14 | INFO     | ss_crawler | [lens_scraper]   Checking: Sony FE 400mm F2.8 GM OSS - brand=sony, focal=400-400
2026-05-16 22:56:14 | INFO     | ss_crawler | [lens_scraper]   Checking: Sony FE 600mm F4 GM OSS - brand=sony, focal=600-600
2026-05-16 22:56:14 | INFO     | ss_crawler | [lens_scraper]   Checking: Samyang AF 12mm F2 E - brand=samyang/rokinon, focal=12-12
2026-05-16 22:56:14 | INFO     | ss_crawler | [lens_scraper]   Checking: Sigma 12mm F1.4 DC | Contemporary - brand=sigma, focal=12-12
2026-05-16 22:56:14 | INFO     | ss_crawler | [lens_scraper]   Checking: Sigma 15mm F1.4 DC DN | Contemporary - brand=sigma, focal=15-15
2026-05-16 22:56:14 | INFO     | ss_crawler | [lens_scraper]   Checking: Sigma 16mm F1.4 DC DN | Contemporary - brand=sigma, focal=16-16
2026-05-16 22:56:14 | INFO     | ss_crawler | [lens_scraper]   Checking: Sigma 19mm F2.8 EX DN - brand=sigma, focal=19-19
2026-05-16 22:56:14 | INFO     | ss_crawler | [lens_scraper]   Checking: Sigma 19mm F2.8 DN | Art - brand=sigma, focal=19-19
2026-05-16 22:56:14 | INFO     | ss_crawler | [lens_scraper]   Checking: Sigma 23mm F1.4 DC DN | Contemporary - brand=sigma, focal=23-23
2026-05-16 22:56:14 | INFO     | ss_crawler | [lens_scraper]   Checking: Sigma 30mm F2.8 EX DN - brand=sigma, focal=30-30
2026-05-16 22:56:14 | INFO     | ss_crawler | [lens_scraper]   Checking: Sigma 30mm F2.8 DN | Art - brand=sigma, focal=30-30
2026-05-16 22:56:14 | INFO     | ss_crawler | [lens_scraper]   Checking: Sigma 30mm F1.4 DC DN | Contemporary - brand=sigma, focal=30-30
2026-05-16 22:56:14 | INFO     | ss_crawler | [lens_scraper]   Checking: Sigma 56mm F1.4 DC DN | Contemporary - brand=sigma, focal=56-56
2026-05-16 22:56:14 | INFO     | ss_crawler | [lens_scraper]   Checking: Sigma 60mm F2.8 DN | Art - brand=sigma, focal=60-60
2026-05-16 22:56:14 | INFO     | ss_crawler | [lens_scraper]   Checking: Sirui 16mm F1.2 - brand=sirui, focal=16-16
2026-05-16 22:56:14 | INFO     | ss_crawler | [lens_scraper]   Checking: Sirui 20mm T1.8 1.33x Anamorphic - brand=sirui, focal=20-20
2026-05-16 22:56:14 | INFO     | ss_crawler | [lens_scraper]   Checking: Sirui 23mm F1.2 - brand=sirui, focal=23-23
2026-05-16 22:56:14 | INFO     | ss_crawler | [lens_scraper]   Checking: Sirui 33mm F1.2 - brand=sirui, focal=33-33
2026-05-16 22:56:14 | INFO     | ss_crawler | [lens_scraper]   Checking: Sirui 40mm T1.8 1.33x Anamorphic - brand=sirui, focal=40-40
2026-05-16 22:56:14 | INFO     | ss_crawler | [lens_scraper]   Checking: Sirui 56mm F1.2 - brand=sirui, focal=56-56
2026-05-16 22:56:14 | INFO     | ss_crawler | [lens_scraper]   Checking: Sirui 75mm F1.2 - brand=sirui, focal=75-75
2026-05-16 22:56:14 | INFO     | ss_crawler | [lens_scraper]   Checking: Tokina atx-m 23mm F1.4 E - brand=tokina, focal=23-23
2026-05-16 22:56:14 | INFO     | ss_crawler | [lens_scraper]   Checking: Tokina atx-m 33mm F1.4 E - brand=tokina, focal=33-33
2026-05-16 22:56:14 | INFO     | ss_crawler | [lens_scraper]   Checking: Tokina atx-m 56mm F1.4 E - brand=tokina, focal=56-56
2026-05-16 22:56:14 | INFO     | ss_crawler | [lens_scraper]   Checking: TTArtisan AF 17mm f1.8 Air - brand=ttartisan, focal=17-17
2026-05-16 22:56:14 | INFO     | ss_crawler | [lens_scraper]   Checking: TTArtisan AF 27mm F2.8 - brand=ttartisan, focal=27-27
2026-05-16 22:56:14 | INFO     | ss_crawler | [lens_scraper]   Checking: TTArtisan AF 35mm F1.8 - brand=ttartisan, focal=35-35
2026-05-16 22:56:14 | INFO     | ss_crawler | [lens_scraper]   Checking: TTArtisan AF 56mm F1.8 - brand=ttartisan, focal=56-56
2026-05-16 22:56:14 | INFO     | ss_crawler | [lens_scraper]   Checking: Viltrox AF 9mm F2.8 Air - brand=viltrox, focal=9-9
2026-05-16 22:56:14 | INFO     | ss_crawler | [lens_scraper]   Checking: Viltrox AF 13mm F1.4 - brand=viltrox, focal=13-13
2026-05-16 22:56:14 | INFO     | ss_crawler | [lens_scraper]   Checking: Viltrox AF 15mm F1.7 Air - brand=viltrox, focal=15-15
2026-05-16 22:56:14 | INFO     | ss_crawler | [lens_scraper]   Checking: Viltrox AF 23mm F1.4 - brand=viltrox, focal=23-23
2026-05-16 22:56:14 | INFO     | ss_crawler | [lens_scraper]   Checking: Viltrox AF 25mm F1.7 Air - brand=viltrox, focal=25-25
2026-05-16 22:56:14 | INFO     | ss_crawler | [lens_scraper]   Checking: Viltrox AF 27mm F1.2 Pro - brand=viltrox, focal=27-27
2026-05-16 22:56:14 | INFO     | ss_crawler | [lens_scraper]   Checking: Viltrox AF 33mm F1.4 - brand=viltrox, focal=33-33
2026-05-16 22:56:14 | INFO     | ss_crawler | [lens_scraper]   Checking: Viltrox AF 35mm F1.7 Air - brand=viltrox, focal=35-35
2026-05-16 22:56:14 | INFO     | ss_crawler | [lens_scraper]   Checking: Viltrox AF 56mm F1.2 Pro - brand=viltrox, focal=56-56
2026-05-16 22:56:14 | INFO     | ss_crawler | [lens_scraper]   Checking: Viltrox AF 56mm F1.4 - brand=viltrox, focal=56-56
2026-05-16 22:56:14 | INFO     | ss_crawler | [lens_scraper]   Checking: Viltrox AF 56mm F1.7 Air - brand=viltrox, focal=56-56
2026-05-16 22:56:14 | INFO     | ss_crawler | [lens_scraper]   Checking: Viltrox AF 75mm F1.2 Pro - brand=viltrox, focal=75-75
2026-05-16 22:56:14 | INFO     | ss_crawler | [lens_scraper]   Checking: Yongnuo YN11mm F1.8S DA DSM WL - brand=yongnuo, focal=11-11
2026-05-16 22:56:14 | INFO     | ss_crawler | [lens_scraper]   Checking: Yongnuo YN16mm F1.8S DA DSM - brand=yongnuo, focal=16-16
2026-05-16 22:56:14 | INFO     | ss_crawler | [lens_scraper]   Checking: Yongnuo YN50mm F1.8S DA DSM - brand=yongnuo, focal=50-50
2026-05-16 22:56:14 | INFO     | ss_crawler | [lens_scraper]   Checking: Zeiss Touit 2.8/12 - brand=zeiss, focal=12-12
2026-05-16 22:56:14 | INFO     | ss_crawler | [lens_scraper]   Checking: Zeiss Touit 1.8/32 - brand=zeiss, focal=32-32
2026-05-16 22:56:14 | INFO     | ss_crawler | [lens_scraper]   Checking: Zeiss Touit 2.8/50M - brand=zeiss, focal=50-50
2026-05-16 22:56:14 | INFO     | ss_crawler | [lens_scraper]   Checking: Sigma 10-18mm F2.8 DC DN | Contemporary - brand=sigma, focal=10-18
2026-05-16 22:56:14 | INFO     | ss_crawler | [lens_scraper]   Checking: Sigma 17-40mm F1.8 DC | Art - brand=sigma, focal=17-40
2026-05-16 22:56:14 | INFO     | ss_crawler | [lens_scraper]   Checking: Sigma 18-50mm F2.8 DC DN | Contemporary - brand=sigma, focal=18-50
2026-05-16 22:56:14 | INFO     | ss_crawler | [lens_scraper]   Checking: Sigma 16-300mm F3.5-6.7 DC OS | Contemporary - brand=sigma, focal=16-300
2026-05-16 22:56:14 | INFO     | ss_crawler | [lens_scraper]   Checking: Tamron 11-20mm F/2.8 Di III-A RXD - brand=tamron, focal=11-20
2026-05-16 22:56:14 | INFO     | ss_crawler | [lens_scraper]   Checking: Tamron 17-70mm F/2.8 Di III-A VC RXD - brand=tamron, focal=17-70
2026-05-16 22:56:14 | INFO     | ss_crawler | [lens_scraper]   Checking: Tamron 18-200mm F/3.5-6.3 Di III VC - brand=tamron, focal=18-200
2026-05-16 22:56:14 | INFO     | ss_crawler | [lens_scraper]   Checking: Tamron 18-300mm F/3.5-6.3 Di III-A VC VXD - brand=tamron, focal=18-300
2026-05-16 22:56:14 | INFO     | ss_crawler | [lens_scraper]   Checking: Tokina atx-m 11-18mm F2.8 E - brand=tokina, focal=11-18
2026-05-16 22:56:14 | INFO     | ss_crawler | [lens_scraper]   Checking: 7Artisans AF 50mm F1.8 - brand=7artisans, focal=50-50
2026-05-16 22:56:14 | INFO     | ss_crawler | [lens_scraper]   Checking: AstrHori 85mm F1.8 AF - brand=astrhori, focal=85-85
2026-05-16 22:56:14 | INFO     | ss_crawler | [lens_scraper]   Checking: Laowa 10mm f/2.8 Zero-D FF - brand=laowa, focal=10-10
2026-05-16 22:56:14 | INFO     | ss_crawler | [lens_scraper]   Checking: Laowa 12mm f/2.8 Lite Zero-D FF - brand=laowa, focal=12-12
2026-05-16 22:56:14 | INFO     | ss_crawler | [lens_scraper]   Checking: Laowa 180mm f/4.5 1.5X Ultra Macro APO - brand=laowa, focal=180-180
2026-05-16 22:56:14 | INFO     | ss_crawler | [lens_scraper]   Checking: Laowa 200mm f/2 AF FF - brand=laowa, focal=200-200
2026-05-16 22:56:14 | INFO     | ss_crawler | [lens_scraper]   Checking: Meike 85mm F1.4 AF - brand=meike, focal=85-85
2026-05-16 22:56:14 | INFO     | ss_crawler | [lens_scraper]   Checking: Meike 85mm f1.8 Pro FF AF STM - brand=meike, focal=85-85
2026-05-16 22:56:14 | INFO     | ss_crawler | [lens_scraper]   Checking: Meike 85mm F1.8 SE Mark II - brand=meike, focal=85-85
2026-05-16 22:56:14 | INFO     | ss_crawler | [lens_scraper]   Checking: Meike 85mm F1.8 FF STM - brand=meike, focal=85-85
2026-05-16 22:56:14 | INFO     | ss_crawler | [lens_scraper]   Checking: Samyang AF 14mm F2.8 FE - brand=samyang/rokinon, focal=14-14
2026-05-16 22:56:14 | INFO     | ss_crawler | [lens_scraper]   Checking: Samyang AF 16mm F2.8 P FE - brand=samyang/rokinon, focal=16-16
2026-05-16 22:56:14 | INFO     | ss_crawler | [lens_scraper]   Checking: Samyang AF 18mm F2.8 FE - brand=samyang/rokinon, focal=18-18
2026-05-16 22:56:14 | INFO     | ss_crawler | [lens_scraper]   Checking: Samyang AF 24mm F1.8 FE - brand=samyang/rokinon, focal=24-24
2026-05-16 22:56:14 | INFO     | ss_crawler | [lens_scraper]   Checking: Samyang AF 24mm F2.8 FE - brand=samyang/rokinon, focal=24-24
2026-05-16 22:56:14 | INFO     | ss_crawler | [lens_scraper]   Checking: Samyang AF 35mm F1.4 FE - brand=samyang/rokinon, focal=35-35
2026-05-16 22:56:14 | INFO     | ss_crawler | [lens_scraper]   Checking: Samyang AF 35mm F1.4 FE II - brand=samyang/rokinon, focal=35-35
2026-05-16 22:56:14 | INFO     | ss_crawler | [lens_scraper]   Checking: Samyang AF 35mm F1.4 P FE - brand=samyang/rokinon, focal=35-35
2026-05-16 22:56:14 | INFO     | ss_crawler | [lens_scraper]   Checking: Samyang AF 35mm F1.8 FE - brand=samyang/rokinon, focal=35-35
2026-05-16 22:56:14 | INFO     | ss_crawler | [lens_scraper]   Checking: Samyang AF 35mm F1.8 P FE - brand=samyang/rokinon, focal=35-35
2026-05-16 22:56:14 | INFO     | ss_crawler | [lens_scraper]   Checking: Samyang AF 35mm F2.8 FE - brand=samyang/rokinon, focal=35-35
2026-05-16 22:56:14 | INFO     | ss_crawler | [lens_scraper]   Checking: Samyang AF 45mm F1.8 FE - brand=samyang/rokinon, focal=45-45
2026-05-16 22:56:14 | INFO     | ss_crawler | [lens_scraper]   Checking: Samyang AF 50mm F1.4 FE - brand=samyang/rokinon, focal=50-50
2026-05-16 22:56:14 | INFO     | ss_crawler | [lens_scraper]   Checking: Samyang AF 50mm F1.4 FE II - brand=samyang/rokinon, focal=50-50
2026-05-16 22:56:14 | INFO     | ss_crawler | [lens_scraper]   Checking: Samyang AF 75mm F1.8 FE - brand=samyang/rokinon, focal=75-75
2026-05-16 22:56:14 | INFO     | ss_crawler | [lens_scraper]   Checking: Samyang AF 85mm F1.4 FE - brand=samyang/rokinon, focal=85-85
2026-05-16 22:56:14 | INFO     | ss_crawler | [lens_scraper]   Checking: Samyang AF 85mm F1.4 FE II - brand=samyang/rokinon, focal=85-85
2026-05-16 22:56:14 | INFO     | ss_crawler | [lens_scraper]   Checking: Samyang AF 85mm F1.8 P FE - brand=samyang/rokinon, focal=85-85
2026-05-16 22:56:14 | INFO     | ss_crawler | [lens_scraper]   Checking: Samyang AF 135mm F1.8 FE - brand=samyang/rokinon, focal=135-135
2026-05-16 22:56:14 | INFO     | ss_crawler | [lens_scraper]   Checking: Sigma 14mm F1.4 DG DN | Art - brand=sigma, focal=14-14
2026-05-16 22:56:14 | INFO     | ss_crawler | [lens_scraper]   Checking: Sigma 14mm F1.8 DG HSM | Art - brand=sigma, focal=14-14
2026-05-16 22:56:14 | INFO     | ss_crawler | [lens_scraper]   Checking: Sigma 15mm F1.4 DG DN Diagonal Fisheye | Art - brand=sigma, focal=15-15
2026-05-16 22:56:14 | INFO     | ss_crawler | [lens_scraper]   Checking: Sigma 17mm F4 DG DN | Contemporary (I series) - brand=sigma, focal=17-17
2026-05-16 22:56:14 | INFO     | ss_crawler | [lens_scraper]   Checking: Sigma 20mm F1.4 DG DN | Art - brand=sigma, focal=20-20
2026-05-16 22:56:14 | INFO     | ss_crawler | [lens_scraper]   Checking: Sigma 20mm F1.4 DG HSM | Art - brand=sigma, focal=20-20
2026-05-16 22:56:14 | INFO     | ss_crawler | [lens_scraper]   Checking: Sigma 20mm F2 DG DN | Contemporary (I series) - brand=sigma, focal=20-20
2026-05-16 22:56:14 | INFO     | ss_crawler | [lens_scraper]   Checking: Sigma 24mm F1.4 DG DN | Art - brand=sigma, focal=24-24
2026-05-16 22:56:14 | INFO     | ss_crawler | [lens_scraper]   Checking: Sigma 24mm F1.4 DG HSM | Art - brand=sigma, focal=24-24
2026-05-16 22:56:14 | INFO     | ss_crawler | [lens_scraper]   Checking: Sigma 24mm F2 DG DN | Contemporary (I series) - brand=sigma, focal=24-24
2026-05-16 22:56:14 | INFO     | ss_crawler | [lens_scraper]   Checking: Sigma 24mm F3.5 DG DN | Contemporary (I series) - brand=sigma, focal=24-24
2026-05-16 22:56:14 | INFO     | ss_crawler | [lens_scraper]   Checking: Sigma 28mm F1.4 DG HSM | Art - brand=sigma, focal=28-28
2026-05-16 22:56:14 | INFO     | ss_crawler | [lens_scraper]   Checking: Sigma 35mm F1.2 DG DN | Art - brand=sigma, focal=35-35
2026-05-16 22:56:14 | INFO     | ss_crawler | [lens_scraper]   Checking: Sigma 35mm F1.4 DG HSM | Art - brand=sigma, focal=35-35
2026-05-16 22:56:14 | INFO     | ss_crawler | [lens_scraper]   Checking: Sigma 35mm F1.4 DG DN | Art - brand=sigma, focal=35-35
2026-05-16 22:56:14 | INFO     | ss_crawler | [lens_scraper]   Checking: Sigma 35mm F2 DG DN | Contemporary (I series) - brand=sigma, focal=35-35
2026-05-16 22:56:14 | INFO     | ss_crawler | [lens_scraper]   Checking: Sigma 40mm F1.4 DG HSM | Art - brand=sigma, focal=40-40
2026-05-16 22:56:14 | INFO     | ss_crawler | [lens_scraper]   Checking: Sigma 45mm F2.8 DG DN | Contemporary (I series) - brand=sigma, focal=45-45
2026-05-16 22:56:14 | INFO     | ss_crawler | [lens_scraper]   Checking: Sigma 50mm F1.2 DG DN | Art - brand=sigma, focal=50-50
2026-05-16 22:56:14 | INFO     | ss_crawler | [lens_scraper]   Checking: Sigma 50mm F1.4 DG HSM | Art - brand=sigma, focal=50-50
2026-05-16 22:56:14 | INFO     | ss_crawler | [lens_scraper]   Checking: Sigma 50mm F1.4 DG DN | Art - brand=sigma, focal=50-50
2026-05-16 22:56:14 | INFO     | ss_crawler | [lens_scraper]   Checking: Sigma 50mm F2 DG DN | Contemporary (I series) - brand=sigma, focal=50-50
2026-05-16 22:56:14 | INFO     | ss_crawler | [lens_scraper]   Checking: Sigma 65mm F2 DG DN | Contemporary (I series) - brand=sigma, focal=65-65
2026-05-16 22:56:14 | INFO     | ss_crawler | [lens_scraper]   Checking: Sigma 85mm F1.4 DG HSM | Art - brand=sigma, focal=85-85
2026-05-16 22:56:14 | INFO     | ss_crawler | [lens_scraper]   Checking: Sigma 85mm F1.4 DG DN | Art - brand=sigma, focal=85-85
2026-05-16 22:56:14 | INFO     | ss_crawler | [lens_scraper]   Checking: Sigma 90mm F2.8 DG DN | Contemporary (I series) - brand=sigma, focal=90-90
2026-05-16 22:56:14 | INFO     | ss_crawler | [lens_scraper]   Checking: Sigma 105mm F2.8 DG DN Macro | Art - brand=sigma, focal=105-105
2026-05-16 22:56:14 | INFO     | ss_crawler | [lens_scraper]   Checking: Sigma 135mm F1.8 DG HSM | Art - brand=sigma, focal=135-135
2026-05-16 22:56:14 | INFO     | ss_crawler | [lens_scraper]   Checking: Sigma 14-24mm F2.8 DG DN | Art - brand=sigma, focal=14-24
2026-05-16 22:56:14 | INFO     | ss_crawler | [lens_scraper]   Checking: Sigma 16-28mm F2.8 DG DN | Contemporary - brand=sigma, focal=16-28
2026-05-16 22:56:14 | INFO     | ss_crawler | [lens_scraper]   Checking: Sigma 24-35mm F2 DG HSM | Art - brand=sigma, focal=24-35
2026-05-16 22:56:14 | INFO     | ss_crawler | [lens_scraper]   Checking: Sigma 24-70mm F2.8 DG DN | Art - brand=sigma, focal=24-70
2026-05-16 22:56:14 | INFO     | ss_crawler | [lens_scraper]   Checking: Sigma 24-70mm F2.8 DG OS HSM | Art - brand=sigma, focal=24-70
2026-05-16 22:56:14 | INFO     | ss_crawler | [lens_scraper]   Checking: Sigma 28-45mm F1.8 DG DN | Art - brand=sigma, focal=28-45
2026-05-16 22:56:14 | INFO     | ss_crawler | [lens_scraper]   Checking: Sigma 28-70mm F2.8 DG DN | Contemporary - brand=sigma, focal=28-70
2026-05-16 22:56:14 | INFO     | ss_crawler | [lens_scraper]   Checking: Sigma 60-600mm F4.5-6.3 DG DN OS | Sports - brand=sigma, focal=60-600
2026-05-16 22:56:14 | INFO     | ss_crawler | [lens_scraper]   Checking: Sigma 100-400mm F5-6.3 DG DN OS | Contemporary - brand=sigma, focal=100-400
2026-05-16 22:56:14 | INFO     | ss_crawler | [lens_scraper]   Checking: Sigma 150-600mm F5-6.3 DG DN OS | Sports - brand=sigma, focal=150-600
2026-05-16 22:56:14 | INFO     | ss_crawler | [lens_scraper]   Checking: Tamron 35mm F/2.8 Di III OSD M1:2 - brand=tamron, focal=35-35
2026-05-16 22:56:14 | INFO     | ss_crawler | [lens_scraper]   Checking: Tamron SP 35mm F/1.4 Di USD - brand=tamron, focal=35-35
2026-05-16 22:56:14 | INFO     | ss_crawler | [lens_scraper]   Checking: Tamron 70-210mm F/4 Di VC USD - brand=tamron, focal=70-210
2026-05-16 22:56:14 | INFO     | ss_crawler | [lens_scraper]   Checking: Tamron 17-28mm F/2.8 Di III RXD - brand=tamron, focal=17-28
2026-05-16 22:56:14 | INFO     | ss_crawler | [lens_scraper]   Checking: Tamron 20-40mm F/2.8 Di III VXD - brand=tamron, focal=20-40
2026-05-16 22:56:14 | INFO     | ss_crawler | [lens_scraper]   Checking: Tamron 28-200mm F/2.8-5.6 Di III RXD - brand=tamron, focal=28-200
2026-05-16 22:56:14 | INFO     | ss_crawler | [lens_scraper]   Checking: Tamron 28-300mm F/4-7.1 Di III VC VXD - brand=tamron, focal=28-300
2026-05-16 22:56:14 | INFO     | ss_crawler | [lens_scraper]   Checking: Tamron 35-150mm F/2-2.8 Di III VXD - brand=tamron, focal=35-150
2026-05-16 22:56:14 | INFO     | ss_crawler | [lens_scraper]   Checking: Tamron 50-300mm F/4.5-6.3 Di III VC VXD - brand=tamron, focal=50-300
2026-05-16 22:56:14 | INFO     | ss_crawler | [lens_scraper]   Checking: Tamron 50-400mm F/4.5-6.3 Di III VC VXD - brand=tamron, focal=50-400
2026-05-16 22:56:14 | INFO     | ss_crawler | [lens_scraper]   Checking: Tamron 70-180mm F/2.8 Di III VXD - brand=tamron, focal=70-180
2026-05-16 22:56:14 | INFO     | ss_crawler | [lens_scraper]   Checking: Tamron 70-180mm F/2.8 Di III VC VXD G2 - brand=tamron, focal=70-180
2026-05-16 22:56:14 | INFO     | ss_crawler | [lens_scraper]   Checking: Tamron 70-200mm F/2.8 Di III RXD - brand=tamron, focal=70-200
2026-05-16 22:56:14 | INFO     | ss_crawler | [lens_scraper]   Checking: Tamron 70-300mm F/4.5-6.3 Di III RXD - brand=tamron, focal=70-300
2026-05-16 22:56:14 | INFO     | ss_crawler | [lens_scraper]   Checking: Tamron 150-500mm F/5-6.7 Di III VC VXD - brand=tamron, focal=150-500
2026-05-16 22:56:14 | INFO     | ss_crawler | [lens_scraper]   Checking: Tamron 300mm F/2.8 Di III VC VXD - brand=tamron, focal=300-300
2026-05-16 22:56:14 | INFO     | ss_crawler | [lens_scraper]   Checking: TTArtisan AF 75mm F2 - brand=ttartisan, focal=75-75
2026-05-16 22:56:14 | INFO     | ss_crawler | [lens_scraper]   Checking: Viltrox AF 16mm F1.8 FE - brand=viltrox, focal=16-16
2026-05-16 22:56:14 | INFO     | ss_crawler | [lens_scraper]   Checking: Viltrox AF 20mm F2.8 FE - brand=viltrox, focal=20-20
2026-05-16 22:56:14 | INFO     | ss_crawler | [lens_scraper]   Checking: Viltrox AF 28mm F1.8 FE - brand=viltrox, focal=28-28
2026-05-16 22:56:14 | INFO     | ss_crawler | [lens_scraper]   Checking: Viltrox AF 35mm F1.4 LAB FE - brand=viltrox, focal=35-35
2026-05-16 22:56:14 | INFO     | ss_crawler | [lens_scraper]   Checking: Viltrox AF 35mm F1.8 FE - brand=viltrox, focal=35-35
2026-05-16 22:56:14 | INFO     | ss_crawler | [lens_scraper]   Checking: Viltrox AF 50mm F1.4 Air FE - brand=viltrox, focal=50-50
2026-05-16 22:56:14 | INFO     | ss_crawler | [lens_scraper]   Checking: Viltrox AF 85mm F1.8 Mark II FE - brand=viltrox, focal=85-85
2026-05-16 22:56:14 | INFO     | ss_crawler | [lens_scraper]   Checking: Viltrox AF 135mm F1.8 LAB FE - brand=viltrox, focal=135-135
2026-05-16 22:56:14 | INFO     | ss_crawler | [lens_scraper]   Checking: Zeiss Batis 2/25 - brand=zeiss, focal=25-25
2026-05-16 22:56:14 | INFO     | ss_crawler | [lens_scraper]   Checking: Zeiss Batis 2.8/18 - brand=zeiss, focal=18-18
2026-05-16 22:56:14 | INFO     | ss_crawler | [lens_scraper]   Checking: Zeiss Batis 2.8/135 - brand=zeiss, focal=135-135
2026-05-16 22:56:14 | INFO     | ss_crawler | [lens_scraper]   Checking: Zeiss Batis 1.8/85 - brand=zeiss, focal=85-85
2026-05-16 22:56:14 | INFO     | ss_crawler | [lens_scraper]   Checking: Zeiss Batis 2.8/40 CF - brand=zeiss, focal=40-40
2026-05-16 22:56:14 | INFO     | ss_crawler | [lens_scraper]   Checking: Zeiss Loxia 2.8/21 - brand=zeiss, focal=21-21
2026-05-16 22:56:14 | INFO     | ss_crawler | [lens_scraper]   Checking: Zeiss Loxia 2.4/25 - brand=zeiss, focal=25-25
2026-05-16 22:56:14 | INFO     | ss_crawler | [lens_scraper]   Checking: Zeiss Loxia 2/35 - brand=zeiss, focal=35-35
2026-05-16 22:56:14 | INFO     | ss_crawler | [lens_scraper]   Checking: Zeiss Loxia 2/50 - brand=zeiss, focal=50-50
2026-05-16 22:56:14 | INFO     | ss_crawler | [lens_scraper]   Checking: Zeiss Loxia 2.4/85 - brand=zeiss, focal=85-85
2026-05-16 22:56:14 | INFO     | ss_crawler | [lens_scraper]   Checking: Voigtlander 10mm F5.6 Hyper Wide Heliar Asph III - brand=voigtlander, focal=10-10
2026-05-16 22:56:14 | INFO     | ss_crawler | [lens_scraper]   Checking: Voigtlander 12mm F5.6 Ultra Wide Heliar Asph III - brand=voigtlander, focal=12-12
2026-05-16 22:56:14 | INFO     | ss_crawler | [lens_scraper]   Checking: Voigtlander 15mm F4.5 Super Wide Heliar Asph III - brand=voigtlander, focal=15-15
2026-05-16 22:56:14 | INFO     | ss_crawler | [lens_scraper]   Checking: Voigtlander 21mm F3.5 Color-Skopar Asph - brand=voigtlander, focal=21-21
2026-05-16 22:56:14 | INFO     | ss_crawler | [lens_scraper]   Checking: Voigtlander 35mm F1.7 Ultron - brand=voigtlander, focal=35-35
2026-05-16 22:56:14 | INFO     | ss_crawler | [lens_scraper]   Checking: Voigtlander 40mm F1.2 Nokton Asph - brand=voigtlander, focal=40-40
2026-05-16 22:56:14 | INFO     | ss_crawler | [lens_scraper]   Checking: Voigtlander 50mm F1.0 Nokton - brand=voigtlander, focal=50-50
2026-05-16 22:56:14 | INFO     | ss_crawler | [lens_scraper]   Checking: Voigtlander 50mm F1.2 Nokton Asph - brand=voigtlander, focal=50-50
2026-05-16 22:56:14 | INFO     | ss_crawler | [lens_scraper]   Checking: Voigtlander 50mm F2.0 APO-Lanthar Asph - brand=voigtlander, focal=50-50
2026-05-16 22:56:14 | INFO     | ss_crawler | [lens_scraper]   Checking: Voigtlander 65mm F2.0 Macro APO-Lanthar - brand=voigtlander, focal=65-65
2026-05-16 22:56:14 | INFO     | ss_crawler | [lens_scraper]   Checking: Voigtlander 75mm F1.5 Nokton - brand=voigtlander, focal=75-75
2026-05-16 22:56:14 | INFO     | ss_crawler | [lens_scraper]   Checking: Voigtlander 90mm F2.8 Macro APO-Lanthar - brand=voigtlander, focal=90-90
2026-05-16 22:56:14 | INFO     | ss_crawler | [lens_scraper]   Checking: Voigtlander 110mm F2.5 Macro APO-Lanthar - brand=voigtlander, focal=110-110
2026-05-16 22:56:14 | INFO     | ss_crawler | [lens_scraper]   Checking: Laowa 12-24mm F5.6 Zoom Shift - brand=laowa, focal=12-24
2026-05-16 22:56:14 | INFO     | ss_crawler | [lens_scraper]   Checking: Tokina SZX SUPER TELE 400mm F8 Reflex MF - brand=tokina, focal=400-400
2026-05-16 22:56:14 | INFO     | ss_crawler | [lens_scraper]   Checking: 24-70mm F2.8L USM - brand=canon, focal=24-70
2026-05-16 22:56:14 | INFO     | ss_crawler | [lens_scraper]   SCORE 24-70mm F2.8L II USM: 1.00
2026-05-16 22:56:14 | INFO     | ss_crawler | [lens_scraper]   SCORE 24-70mm F4L IS USM: 0.75
2026-05-16 22:56:14 | INFO     | ss_crawler | [lens_scraper]   SCORE 24-70mm f/2.8 L IS USM: 0.75
2026-05-16 22:56:14 | INFO     | ss_crawler | [lens_scraper]   SCORE 24-70mm F2.8L USM: 0.75
2026-05-16 22:56:14 | INFO     | ss_crawler | [lens_scraper] Best match: Canon_24-70mm_F2.8L_II_USM with score 1.30
2026-05-16 22:56:14 | INFO     | ss_crawler | [lens_scraper] Matched [bjdpgm]: Canon_24-70mm_F2.8L_II_USM (100% confidence)
2026-05-16 22:57:12 | INFO     | ss_crawler | [crawler] Fetching : https://www.ss.com/msg/lv/electronics/photo-optics/objectives/bjdpgm.html
2026-05-16 22:57:16 | INFO     | ss_crawler | [lens_scraper] Initializing Lens scraper...
2026-05-16 22:57:16 | INFO     | ss_crawler | [database] Database connected: localhost:5433/ss_market
2026-05-16 22:57:16 | INFO     | ss_crawler | [lens_scraper] Database: postgresql+psycopg2://crawler:crawler_pass@localhost:5433/ss_market
2026-05-16 22:57:16 | INFO     | ss_crawler | [lens_scraper] Loaded 480 lens references
2026-05-16 22:57:16 | INFO     | ss_crawler | [crawler] Fetching : https://www.ss.com/msg/lv/electronics/photo-optics/objectives/bjdpgm.html
2026-05-16 22:57:19 | INFO     | ss_crawler | [lens_scraper]   New best: 24-70mm F2.8L II USM score=1.30
2026-05-16 22:57:19 | INFO     | ss_crawler | [lens_scraper] Debug: Checking Canon 24-70mm lenses (total refs: 480)
2026-05-16 22:57:19 | INFO     | ss_crawler | [lens_scraper]   SCORE 24-70mm F2.8L II USM: 1.00 (brand, focal, gen2_match)
2026-05-16 22:57:19 | INFO     | ss_crawler | [lens_scraper]   SCORE 24-70mm F4L IS USM: 0.75 (brand, focal)
2026-05-16 22:57:19 | INFO     | ss_crawler | [lens_scraper]   SCORE 24-70mm f/2.8 L IS USM: 0.75 (brand, focal)
2026-05-16 22:57:19 | INFO     | ss_crawler | [lens_scraper]   SCORE 24-70mm F2.8L USM: 0.75 (brand, focal)
2026-05-16 22:57:19 | INFO     | ss_crawler | [lens_scraper] Best match: Canon_24-70mm_F2.8L_II_USM with score 1.30
2026-05-16 22:57:19 | INFO     | ss_crawler | [lens_scraper] Matched [bjdpgm]: Canon_24-70mm_F2.8L_II_USM (100% confidence)
2026-05-16 22:59:16 | INFO     | ss_crawler | [crawler] Fetching : https://www.ss.com/msg/lv/electronics/photo-optics/objectives/bjdpgm.html
2026-05-16 22:59:19 | INFO     | ss_crawler | [lens_scraper] Initializing Lens scraper...
2026-05-16 22:59:19 | INFO     | ss_crawler | [database] Database connected: localhost:5433/ss_market
2026-05-16 22:59:19 | INFO     | ss_crawler | [lens_scraper] Database: postgresql+psycopg2://crawler:crawler_pass@localhost:5433/ss_market
2026-05-16 22:59:20 | INFO     | ss_crawler | [lens_scraper] Loaded 480 lens references
2026-05-16 22:59:20 | INFO     | ss_crawler | [crawler] Fetching : https://www.ss.com/msg/lv/electronics/photo-optics/objectives/bjdpgm.html
2026-05-16 22:59:22 | ERROR    | ss_crawler | [lens_scraper] Error scraping listing bjdpgm: name 'title_lower' is not defined
2026-05-16 23:00:05 | INFO     | ss_crawler | [crawler] Fetching : https://www.ss.com/msg/lv/electronics/photo-optics/objectives/bjdpgm.html
2026-05-16 23:00:07 | INFO     | ss_crawler | [lens_scraper] Initializing Lens scraper...
2026-05-16 23:00:07 | INFO     | ss_crawler | [database] Database connected: localhost:5433/ss_market
2026-05-16 23:00:07 | INFO     | ss_crawler | [lens_scraper] Database: postgresql+psycopg2://crawler:crawler_pass@localhost:5433/ss_market
2026-05-16 23:00:07 | INFO     | ss_crawler | [lens_scraper] Loaded 480 lens references
2026-05-16 23:00:07 | INFO     | ss_crawler | [crawler] Fetching : https://www.ss.com/msg/lv/electronics/photo-optics/objectives/bjdpgm.html
2026-05-16 23:00:09 | INFO     | ss_crawler | [lens_scraper] GEN DEBUG: 24-70mm F2.8L II USM
2026-05-16 23:00:09 | INFO     | ss_crawler | [lens_scraper]   lens_is_gen2=True, listing_mentions_gen2=True
2026-05-16 23:00:09 | INFO     | ss_crawler | [lens_scraper]   title_has_gen2=False, model_has_gen2=False, desc_has_gen2=True
2026-05-16 23:00:09 | INFO     | ss_crawler | [lens_scraper]   New best: 24-70mm F2.8L II USM score=1.30
2026-05-16 23:00:09 | INFO     | ss_crawler | [lens_scraper] GEN DEBUG: 24-70mm F4L IS USM
2026-05-16 23:00:09 | INFO     | ss_crawler | [lens_scraper]   lens_is_gen2=False, listing_mentions_gen2=True
2026-05-16 23:00:09 | INFO     | ss_crawler | [lens_scraper]   title_has_gen2=False, model_has_gen2=False, desc_has_gen2=True
2026-05-16 23:00:09 | INFO     | ss_crawler | [lens_scraper] GEN DEBUG: 24-70mm f/2.8 L IS USM
2026-05-16 23:00:09 | INFO     | ss_crawler | [lens_scraper]   lens_is_gen2=False, listing_mentions_gen2=True
2026-05-16 23:00:09 | INFO     | ss_crawler | [lens_scraper]   title_has_gen2=False, model_has_gen2=False, desc_has_gen2=True
2026-05-16 23:00:09 | INFO     | ss_crawler | [lens_scraper] GEN DEBUG: 24-70mm F2.8L USM
2026-05-16 23:00:09 | INFO     | ss_crawler | [lens_scraper]   lens_is_gen2=False, listing_mentions_gen2=True
2026-05-16 23:00:09 | INFO     | ss_crawler | [lens_scraper]   title_has_gen2=False, model_has_gen2=False, desc_has_gen2=True
2026-05-16 23:00:09 | INFO     | ss_crawler | [lens_scraper] Debug: Checking Canon 24-70mm lenses (total refs: 480)
2026-05-16 23:00:09 | INFO     | ss_crawler | [lens_scraper]   SCORE 24-70mm F2.8L II USM: 1.00 (brand, focal, gen2_match)
2026-05-16 23:00:09 | INFO     | ss_crawler | [lens_scraper]   SCORE 24-70mm F4L IS USM: 0.75 (brand, focal)
2026-05-16 23:00:09 | INFO     | ss_crawler | [lens_scraper]   SCORE 24-70mm f/2.8 L IS USM: 0.75 (brand, focal)
2026-05-16 23:00:09 | INFO     | ss_crawler | [lens_scraper]   SCORE 24-70mm F2.8L USM: 0.75 (brand, focal)
2026-05-16 23:00:09 | INFO     | ss_crawler | [lens_scraper] Best match: Canon_24-70mm_F2.8L_II_USM with score 1.30
2026-05-16 23:00:09 | INFO     | ss_crawler | [lens_scraper] Matched [bjdpgm]: Canon_24-70mm_F2.8L_II_USM (100% confidence)
2026-05-16 23:00:23 | INFO     | ss_crawler | [crawler] Fetching : https://www.ss.com/msg/lv/electronics/photo-optics/objectives/bjdpgm.html
2026-05-16 23:00:26 | INFO     | ss_crawler | [lens_scraper] Initializing Lens scraper...
2026-05-16 23:00:26 | INFO     | ss_crawler | [database] Database connected: localhost:5433/ss_market
2026-05-16 23:00:26 | INFO     | ss_crawler | [lens_scraper] Database: postgresql+psycopg2://crawler:crawler_pass@localhost:5433/ss_market
2026-05-16 23:00:26 | INFO     | ss_crawler | [lens_scraper] Loaded 480 lens references
2026-05-16 23:00:26 | INFO     | ss_crawler | [crawler] Fetching : https://www.ss.com/msg/lv/electronics/photo-optics/objectives/bjdpgm.html
2026-05-16 23:00:29 | INFO     | ss_crawler | [lens_scraper] GEN DEBUG: 24-70mm F2.8L II USM
2026-05-16 23:00:29 | INFO     | ss_crawler | [lens_scraper]   lens_is_gen2=True, listing_mentions_gen2=True
2026-05-16 23:00:29 | INFO     | ss_crawler | [lens_scraper]   title_has_gen2=False, model_has_gen2=False, desc_has_gen2=True
2026-05-16 23:00:29 | INFO     | ss_crawler | [lens_scraper]   New best: 24-70mm F2.8L II USM score=1.30
2026-05-16 23:00:29 | INFO     | ss_crawler | [lens_scraper] GEN DEBUG: 24-70mm F4L IS USM
2026-05-16 23:00:29 | INFO     | ss_crawler | [lens_scraper]   lens_is_gen2=False, listing_mentions_gen2=True
2026-05-16 23:00:29 | INFO     | ss_crawler | [lens_scraper]   title_has_gen2=False, model_has_gen2=False, desc_has_gen2=True
2026-05-16 23:00:29 | INFO     | ss_crawler | [lens_scraper] GEN DEBUG: 24-70mm f/2.8 L IS USM
2026-05-16 23:00:29 | INFO     | ss_crawler | [lens_scraper]   lens_is_gen2=False, listing_mentions_gen2=True
2026-05-16 23:00:29 | INFO     | ss_crawler | [lens_scraper]   title_has_gen2=False, model_has_gen2=False, desc_has_gen2=True
2026-05-16 23:00:29 | INFO     | ss_crawler | [lens_scraper] GEN DEBUG: 24-70mm F2.8L USM
2026-05-16 23:00:29 | INFO     | ss_crawler | [lens_scraper]   lens_is_gen2=False, listing_mentions_gen2=True
2026-05-16 23:00:29 | INFO     | ss_crawler | [lens_scraper]   title_has_gen2=False, model_has_gen2=False, desc_has_gen2=True
2026-05-16 23:00:29 | INFO     | ss_crawler | [lens_scraper] Debug: Checking Canon 24-70mm lenses (total refs: 480)
2026-05-16 23:00:29 | INFO     | ss_crawler | [lens_scraper]   SCORE 24-70mm F2.8L II USM: 1.00 (brand, focal, gen2_match)
2026-05-16 23:00:29 | INFO     | ss_crawler | [lens_scraper]   SCORE 24-70mm F4L IS USM: 0.75 (brand, focal)
2026-05-16 23:00:29 | INFO     | ss_crawler | [lens_scraper]   SCORE 24-70mm f/2.8 L IS USM: 0.75 (brand, focal)
2026-05-16 23:00:29 | INFO     | ss_crawler | [lens_scraper]   SCORE 24-70mm F2.8L USM: 0.75 (brand, focal)
2026-05-16 23:00:29 | INFO     | ss_crawler | [lens_scraper] Best match: Canon_24-70mm_F2.8L_II_USM with score 1.30
2026-05-16 23:00:29 | INFO     | ss_crawler | [lens_scraper] Matched [bjdpgm]: Canon_24-70mm_F2.8L_II_USM (100% confidence)
2026-05-16 23:01:39 | INFO     | ss_crawler | [crawler] Fetching : https://www.ss.com/msg/lv/electronics/photo-optics/objectives/bjdpgm.html
2026-05-16 23:01:42 | INFO     | ss_crawler | [lens_scraper] Initializing Lens scraper...
2026-05-16 23:01:42 | INFO     | ss_crawler | [database] Database connected: localhost:5433/ss_market
2026-05-16 23:01:42 | INFO     | ss_crawler | [lens_scraper] Database: postgresql+psycopg2://crawler:crawler_pass@localhost:5433/ss_market
2026-05-16 23:01:42 | INFO     | ss_crawler | [lens_scraper] Loaded 480 lens references
2026-05-16 23:01:42 | INFO     | ss_crawler | [crawler] Fetching : https://www.ss.com/msg/lv/electronics/photo-optics/objectives/bjdpgm.html
2026-05-16 23:01:45 | INFO     | ss_crawler | [lens_scraper] GEN DEBUG: 24-70mm F2.8L II USM
2026-05-16 23:01:45 | INFO     | ss_crawler | [lens_scraper]   lens_is_gen2=True, listing_mentions_gen2=True
2026-05-16 23:01:45 | INFO     | ss_crawler | [lens_scraper]   model_has_gen2=False, title_has_gen2=False, desc_has_gen2=True
2026-05-16 23:01:45 | INFO     | ss_crawler | [lens_scraper]   model_lower=''
2026-05-16 23:01:45 | INFO     | ss_crawler | [lens_scraper]   New best: 24-70mm F2.8L II USM score=1.30
2026-05-16 23:01:45 | INFO     | ss_crawler | [lens_scraper] GEN DEBUG: 24-70mm F4L IS USM
2026-05-16 23:01:45 | INFO     | ss_crawler | [lens_scraper]   lens_is_gen2=False, listing_mentions_gen2=True
2026-05-16 23:01:45 | INFO     | ss_crawler | [lens_scraper]   model_has_gen2=False, title_has_gen2=False, desc_has_gen2=True
2026-05-16 23:01:45 | INFO     | ss_crawler | [lens_scraper]   model_lower=''
2026-05-16 23:01:45 | INFO     | ss_crawler | [lens_scraper] GEN DEBUG: 24-70mm f/2.8 L IS USM
2026-05-16 23:01:45 | INFO     | ss_crawler | [lens_scraper]   lens_is_gen2=False, listing_mentions_gen2=True
2026-05-16 23:01:45 | INFO     | ss_crawler | [lens_scraper]   model_has_gen2=False, title_has_gen2=False, desc_has_gen2=True
2026-05-16 23:01:45 | INFO     | ss_crawler | [lens_scraper]   model_lower=''
2026-05-16 23:01:45 | INFO     | ss_crawler | [lens_scraper] GEN DEBUG: 24-70mm F2.8L USM
2026-05-16 23:01:45 | INFO     | ss_crawler | [lens_scraper]   lens_is_gen2=False, listing_mentions_gen2=True
2026-05-16 23:01:45 | INFO     | ss_crawler | [lens_scraper]   model_has_gen2=False, title_has_gen2=False, desc_has_gen2=True
2026-05-16 23:01:45 | INFO     | ss_crawler | [lens_scraper]   model_lower=''
2026-05-16 23:01:45 | INFO     | ss_crawler | [lens_scraper] Debug: Checking Canon 24-70mm lenses (total refs: 480)
2026-05-16 23:01:45 | INFO     | ss_crawler | [lens_scraper]   SCORE 24-70mm F2.8L II USM: 1.00 (brand, focal, gen2_match)
2026-05-16 23:01:45 | INFO     | ss_crawler | [lens_scraper]   SCORE 24-70mm F4L IS USM: 0.75 (brand, focal)
2026-05-16 23:01:45 | INFO     | ss_crawler | [lens_scraper]   SCORE 24-70mm f/2.8 L IS USM: 0.75 (brand, focal)
2026-05-16 23:01:45 | INFO     | ss_crawler | [lens_scraper]   SCORE 24-70mm F2.8L USM: 0.75 (brand, focal)
2026-05-16 23:01:45 | INFO     | ss_crawler | [lens_scraper] Best match: Canon_24-70mm_F2.8L_II_USM with score 1.30
2026-05-16 23:01:45 | INFO     | ss_crawler | [lens_scraper] Matched [bjdpgm]: Canon_24-70mm_F2.8L_II_USM (100% confidence)
2026-05-16 23:02:04 | INFO     | ss_crawler | [crawler] Fetching : https://www.ss.com/msg/lv/electronics/photo-optics/objectives/bjdpgm.html
2026-05-16 23:02:06 | INFO     | ss_crawler | [lens_scraper] Initializing Lens scraper...
2026-05-16 23:02:06 | INFO     | ss_crawler | [database] Database connected: localhost:5433/ss_market
2026-05-16 23:02:06 | INFO     | ss_crawler | [lens_scraper] Database: postgresql+psycopg2://crawler:crawler_pass@localhost:5433/ss_market
2026-05-16 23:02:06 | INFO     | ss_crawler | [lens_scraper] Loaded 480 lens references
2026-05-16 23:02:06 | INFO     | ss_crawler | [crawler] Fetching : https://www.ss.com/msg/lv/electronics/photo-optics/objectives/bjdpgm.html
2026-05-16 23:02:09 | INFO     | ss_crawler | [lens_scraper] GEN DEBUG: 24-70mm F2.8L II USM
2026-05-16 23:02:09 | INFO     | ss_crawler | [lens_scraper]   lens_is_gen2=True, listing_mentions_gen2=True
2026-05-16 23:02:09 | INFO     | ss_crawler | [lens_scraper]   model_has_gen2=False, title_has_gen2=False, desc_has_gen2=True
2026-05-16 23:02:09 | INFO     | ss_crawler | [lens_scraper]   model_lower=''
2026-05-16 23:02:09 | INFO     | ss_crawler | [lens_scraper]   Current score: 0.75
2026-05-16 23:02:09 | INFO     | ss_crawler | [lens_scraper]   New best: 24-70mm F2.8L II USM score=1.30
2026-05-16 23:02:09 | INFO     | ss_crawler | [lens_scraper] GEN DEBUG: 24-70mm F4L IS USM
2026-05-16 23:02:09 | INFO     | ss_crawler | [lens_scraper]   lens_is_gen2=False, listing_mentions_gen2=True
2026-05-16 23:02:09 | INFO     | ss_crawler | [lens_scraper]   model_has_gen2=False, title_has_gen2=False, desc_has_gen2=True
2026-05-16 23:02:09 | INFO     | ss_crawler | [lens_scraper]   model_lower=''
2026-05-16 23:02:09 | INFO     | ss_crawler | [lens_scraper]   Current score: 0.75
2026-05-16 23:02:09 | INFO     | ss_crawler | [lens_scraper] GEN DEBUG: 24-70mm f/2.8 L IS USM
2026-05-16 23:02:09 | INFO     | ss_crawler | [lens_scraper]   lens_is_gen2=False, listing_mentions_gen2=True
2026-05-16 23:02:09 | INFO     | ss_crawler | [lens_scraper]   model_has_gen2=False, title_has_gen2=False, desc_has_gen2=True
2026-05-16 23:02:09 | INFO     | ss_crawler | [lens_scraper]   model_lower=''
2026-05-16 23:02:09 | INFO     | ss_crawler | [lens_scraper]   Current score: 0.75
2026-05-16 23:02:09 | INFO     | ss_crawler | [lens_scraper] GEN DEBUG: 24-70mm F2.8L USM
2026-05-16 23:02:09 | INFO     | ss_crawler | [lens_scraper]   lens_is_gen2=False, listing_mentions_gen2=True
2026-05-16 23:02:09 | INFO     | ss_crawler | [lens_scraper]   model_has_gen2=False, title_has_gen2=False, desc_has_gen2=True
2026-05-16 23:02:09 | INFO     | ss_crawler | [lens_scraper]   model_lower=''
2026-05-16 23:02:09 | INFO     | ss_crawler | [lens_scraper]   Current score: 0.75
2026-05-16 23:02:09 | INFO     | ss_crawler | [lens_scraper] Debug: Checking Canon 24-70mm lenses (total refs: 480)
2026-05-16 23:02:09 | INFO     | ss_crawler | [lens_scraper]   SCORE 24-70mm F2.8L II USM: 1.00 (brand, focal, gen2_match)
2026-05-16 23:02:09 | INFO     | ss_crawler | [lens_scraper]   SCORE 24-70mm F4L IS USM: 0.75 (brand, focal)
2026-05-16 23:02:09 | INFO     | ss_crawler | [lens_scraper]   SCORE 24-70mm f/2.8 L IS USM: 0.75 (brand, focal)
2026-05-16 23:02:09 | INFO     | ss_crawler | [lens_scraper]   SCORE 24-70mm F2.8L USM: 0.75 (brand, focal)
2026-05-16 23:02:09 | INFO     | ss_crawler | [lens_scraper] Best match: Canon_24-70mm_F2.8L_II_USM with score 1.30
2026-05-16 23:02:09 | INFO     | ss_crawler | [lens_scraper] Matched [bjdpgm]: Canon_24-70mm_F2.8L_II_USM (100% confidence)
2026-05-16 23:02:16 | INFO     | ss_crawler | [crawler] Fetching : https://www.ss.com/msg/lv/electronics/photo-optics/objectives/bjdpgm.html
2026-05-16 23:02:18 | INFO     | ss_crawler | [lens_scraper] Initializing Lens scraper...
2026-05-16 23:02:18 | INFO     | ss_crawler | [database] Database connected: localhost:5433/ss_market
2026-05-16 23:02:18 | INFO     | ss_crawler | [lens_scraper] Database: postgresql+psycopg2://crawler:crawler_pass@localhost:5433/ss_market
2026-05-16 23:02:19 | INFO     | ss_crawler | [lens_scraper] Loaded 480 lens references
2026-05-16 23:02:19 | INFO     | ss_crawler | [crawler] Fetching : https://www.ss.com/msg/lv/electronics/photo-optics/objectives/bjdpgm.html
2026-05-16 23:02:20 | INFO     | ss_crawler | [lens_scraper] GEN DEBUG: 24-70mm F2.8L II USM
2026-05-16 23:02:20 | INFO     | ss_crawler | [lens_scraper]   lens_is_gen2=True, listing_mentions_gen2=True
2026-05-16 23:02:20 | INFO     | ss_crawler | [lens_scraper]   model_has_gen2=False, title_has_gen2=False, desc_has_gen2=True
2026-05-16 23:02:20 | INFO     | ss_crawler | [lens_scraper]   model_lower=''
2026-05-16 23:02:20 | INFO     | ss_crawler | [lens_scraper]   Current score: 0.75
2026-05-16 23:02:20 | INFO     | ss_crawler | [lens_scraper]   New best: 24-70mm F2.8L II USM score=1.30
2026-05-16 23:02:20 | INFO     | ss_crawler | [lens_scraper] GEN DEBUG: 24-70mm F4L IS USM
2026-05-16 23:02:20 | INFO     | ss_crawler | [lens_scraper]   lens_is_gen2=False, listing_mentions_gen2=True
2026-05-16 23:02:20 | INFO     | ss_crawler | [lens_scraper]   model_has_gen2=False, title_has_gen2=False, desc_has_gen2=True
2026-05-16 23:02:20 | INFO     | ss_crawler | [lens_scraper]   model_lower=''
2026-05-16 23:02:20 | INFO     | ss_crawler | [lens_scraper]   Current score: 0.75
2026-05-16 23:02:20 | INFO     | ss_crawler | [lens_scraper] GEN DEBUG: 24-70mm f/2.8 L IS USM
2026-05-16 23:02:20 | INFO     | ss_crawler | [lens_scraper]   lens_is_gen2=False, listing_mentions_gen2=True
2026-05-16 23:02:20 | INFO     | ss_crawler | [lens_scraper]   model_has_gen2=False, title_has_gen2=False, desc_has_gen2=True
2026-05-16 23:02:20 | INFO     | ss_crawler | [lens_scraper]   model_lower=''
2026-05-16 23:02:20 | INFO     | ss_crawler | [lens_scraper]   Current score: 0.75
2026-05-16 23:02:20 | INFO     | ss_crawler | [lens_scraper] GEN DEBUG: 24-70mm F2.8L USM
2026-05-16 23:02:20 | INFO     | ss_crawler | [lens_scraper]   lens_is_gen2=False, listing_mentions_gen2=True
2026-05-16 23:02:20 | INFO     | ss_crawler | [lens_scraper]   model_has_gen2=False, title_has_gen2=False, desc_has_gen2=True
2026-05-16 23:02:20 | INFO     | ss_crawler | [lens_scraper]   model_lower=''
2026-05-16 23:02:20 | INFO     | ss_crawler | [lens_scraper]   Current score: 0.75
2026-05-16 23:02:20 | INFO     | ss_crawler | [lens_scraper] Debug: Checking Canon 24-70mm lenses (total refs: 480)
2026-05-16 23:02:20 | INFO     | ss_crawler | [lens_scraper]   SCORE 24-70mm F2.8L II USM: 1.00 (brand, focal, gen2_match)
2026-05-16 23:02:20 | INFO     | ss_crawler | [lens_scraper]   SCORE 24-70mm F4L IS USM: 0.75 (brand, focal)
2026-05-16 23:02:20 | INFO     | ss_crawler | [lens_scraper]   SCORE 24-70mm f/2.8 L IS USM: 0.75 (brand, focal)
2026-05-16 23:02:20 | INFO     | ss_crawler | [lens_scraper]   SCORE 24-70mm F2.8L USM: 0.75 (brand, focal)
2026-05-16 23:02:20 | INFO     | ss_crawler | [lens_scraper] Best match: Canon_24-70mm_F2.8L_II_USM with score 1.30
2026-05-16 23:02:20 | INFO     | ss_crawler | [lens_scraper] Matched [bjdpgm]: Canon_24-70mm_F2.8L_II_USM (100% confidence)
2026-05-16 23:02:27 | INFO     | ss_crawler | [crawler] Fetching : https://www.ss.com/msg/lv/electronics/photo-optics/objectives/bjdpgm.html
2026-05-16 23:02:30 | INFO     | ss_crawler | [lens_scraper] Initializing Lens scraper...
2026-05-16 23:02:30 | INFO     | ss_crawler | [database] Database connected: localhost:5433/ss_market
2026-05-16 23:02:30 | INFO     | ss_crawler | [lens_scraper] Database: postgresql+psycopg2://crawler:crawler_pass@localhost:5433/ss_market
2026-05-16 23:02:30 | INFO     | ss_crawler | [lens_scraper] Loaded 480 lens references
2026-05-16 23:02:30 | INFO     | ss_crawler | [crawler] Fetching : https://www.ss.com/msg/lv/electronics/photo-optics/objectives/bjdpgm.html
2026-05-16 23:02:33 | INFO     | ss_crawler | [lens_scraper] GEN DEBUG: 24-70mm F2.8L II USM
2026-05-16 23:02:33 | INFO     | ss_crawler | [lens_scraper]   lens_is_gen2=True, listing_mentions_gen2=True
2026-05-16 23:02:33 | INFO     | ss_crawler | [lens_scraper]   model_has_gen2=False, title_has_gen2=False, desc_has_gen2=True
2026-05-16 23:02:33 | INFO     | ss_crawler | [lens_scraper]   model_lower=''
2026-05-16 23:02:33 | INFO     | ss_crawler | [lens_scraper]   Current score: 0.75
2026-05-16 23:02:33 | INFO     | ss_crawler | [lens_scraper]   New best: 24-70mm F2.8L II USM score=1.30
2026-05-16 23:02:33 | INFO     | ss_crawler | [lens_scraper] GEN DEBUG: 24-70mm F4L IS USM
2026-05-16 23:02:33 | INFO     | ss_crawler | [lens_scraper]   lens_is_gen2=False, listing_mentions_gen2=True
2026-05-16 23:02:33 | INFO     | ss_crawler | [lens_scraper]   model_has_gen2=False, title_has_gen2=False, desc_has_gen2=True
2026-05-16 23:02:33 | INFO     | ss_crawler | [lens_scraper]   model_lower=''
2026-05-16 23:02:33 | INFO     | ss_crawler | [lens_scraper]   Current score: 0.75
2026-05-16 23:02:33 | INFO     | ss_crawler | [lens_scraper] GEN DEBUG: 24-70mm f/2.8 L IS USM
2026-05-16 23:02:33 | INFO     | ss_crawler | [lens_scraper]   lens_is_gen2=False, listing_mentions_gen2=True
2026-05-16 23:02:33 | INFO     | ss_crawler | [lens_scraper]   model_has_gen2=False, title_has_gen2=False, desc_has_gen2=True
2026-05-16 23:02:33 | INFO     | ss_crawler | [lens_scraper]   model_lower=''
2026-05-16 23:02:33 | INFO     | ss_crawler | [lens_scraper]   Current score: 0.75
2026-05-16 23:02:33 | INFO     | ss_crawler | [lens_scraper] GEN DEBUG: 24-70mm F2.8L USM
2026-05-16 23:02:33 | INFO     | ss_crawler | [lens_scraper]   lens_is_gen2=False, listing_mentions_gen2=True
2026-05-16 23:02:33 | INFO     | ss_crawler | [lens_scraper]   model_has_gen2=False, title_has_gen2=False, desc_has_gen2=True
2026-05-16 23:02:33 | INFO     | ss_crawler | [lens_scraper]   model_lower=''
2026-05-16 23:02:33 | INFO     | ss_crawler | [lens_scraper]   Current score: 0.75
2026-05-16 23:02:33 | INFO     | ss_crawler | [lens_scraper] Debug: Checking Canon 24-70mm lenses (total refs: 480)
2026-05-16 23:02:33 | INFO     | ss_crawler | [lens_scraper]   SCORE 24-70mm F2.8L II USM: 1.00 (brand, focal, gen2_match)
2026-05-16 23:02:33 | INFO     | ss_crawler | [lens_scraper]   SCORE 24-70mm F4L IS USM: 0.75 (brand, focal)
2026-05-16 23:02:33 | INFO     | ss_crawler | [lens_scraper]   SCORE 24-70mm f/2.8 L IS USM: 0.75 (brand, focal)
2026-05-16 23:02:33 | INFO     | ss_crawler | [lens_scraper]   SCORE 24-70mm F2.8L USM: 0.75 (brand, focal)
2026-05-16 23:02:33 | INFO     | ss_crawler | [lens_scraper] Best match: Canon_24-70mm_F2.8L_II_USM with score 1.30
2026-05-16 23:02:33 | INFO     | ss_crawler | [lens_scraper] Matched [bjdpgm]: Canon_24-70mm_F2.8L_II_USM (100% confidence)
2026-05-16 23:02:50 | INFO     | ss_crawler | [crawler] Fetching : https://www.ss.com/msg/lv/electronics/photo-optics/objectives/aebcf.html
2026-05-16 23:02:53 | INFO     | ss_crawler | [lens_scraper] Initializing Lens scraper...
2026-05-16 23:02:53 | INFO     | ss_crawler | [database] Database connected: localhost:5433/ss_market
2026-05-16 23:02:53 | INFO     | ss_crawler | [lens_scraper] Database: postgresql+psycopg2://crawler:crawler_pass@localhost:5433/ss_market
2026-05-16 23:02:53 | INFO     | ss_crawler | [lens_scraper] Loaded 480 lens references
2026-05-16 23:02:53 | INFO     | ss_crawler | [crawler] Fetching : https://www.ss.com/msg/lv/electronics/photo-optics/objectives/aebcf.html
2026-05-16 23:02:57 | INFO     | ss_crawler | [lens_scraper] GEN DEBUG: 24-70mm F2.8L II USM
2026-05-16 23:02:57 | INFO     | ss_crawler | [lens_scraper]   lens_is_gen2=True, listing_mentions_gen2=False
2026-05-16 23:02:57 | INFO     | ss_crawler | [lens_scraper]   model_has_gen2=False, title_has_gen2=False, desc_has_gen2=False
2026-05-16 23:02:57 | INFO     | ss_crawler | [lens_scraper]   model_lower=''
2026-05-16 23:02:57 | INFO     | ss_crawler | [lens_scraper]   Current score: 0.55
2026-05-16 23:02:57 | INFO     | ss_crawler | [lens_scraper] GEN DEBUG: 24-70mm F4L IS USM
2026-05-16 23:02:57 | INFO     | ss_crawler | [lens_scraper]   lens_is_gen2=False, listing_mentions_gen2=False
2026-05-16 23:02:57 | INFO     | ss_crawler | [lens_scraper]   model_has_gen2=False, title_has_gen2=False, desc_has_gen2=False
2026-05-16 23:02:57 | INFO     | ss_crawler | [lens_scraper]   model_lower=''
2026-05-16 23:02:57 | INFO     | ss_crawler | [lens_scraper]   Current score: 0.55
2026-05-16 23:02:57 | INFO     | ss_crawler | [lens_scraper] GEN DEBUG: 24-70mm f/2.8 L IS USM
2026-05-16 23:02:57 | INFO     | ss_crawler | [lens_scraper]   lens_is_gen2=False, listing_mentions_gen2=False
2026-05-16 23:02:57 | INFO     | ss_crawler | [lens_scraper]   model_has_gen2=False, title_has_gen2=False, desc_has_gen2=False
2026-05-16 23:02:57 | INFO     | ss_crawler | [lens_scraper]   model_lower=''
2026-05-16 23:02:57 | INFO     | ss_crawler | [lens_scraper]   Current score: 0.55
2026-05-16 23:02:57 | INFO     | ss_crawler | [lens_scraper] GEN DEBUG: 24-70mm F2.8L USM
2026-05-16 23:02:57 | INFO     | ss_crawler | [lens_scraper]   lens_is_gen2=False, listing_mentions_gen2=False
2026-05-16 23:02:57 | INFO     | ss_crawler | [lens_scraper]   model_has_gen2=False, title_has_gen2=False, desc_has_gen2=False
2026-05-16 23:02:57 | INFO     | ss_crawler | [lens_scraper]   model_lower=''
2026-05-16 23:02:57 | INFO     | ss_crawler | [lens_scraper]   Current score: 0.55
2026-05-16 23:02:57 | INFO     | ss_crawler | [lens_scraper] Best match: Canon_24-105mm_F3.5-5.6_IS_STM with score 1.10
2026-05-16 23:02:57 | INFO     | ss_crawler | [lens_scraper] Matched [aebcf]: Canon_24-105mm_F3.5-5.6_IS_STM (100% confidence)
2026-05-16 23:03:50 | INFO     | ss_crawler | [crawler] Fetching : https://www.ss.com/msg/lv/electronics/photo-optics/objectives/bjdpgm.html
2026-05-16 23:03:53 | INFO     | ss_crawler | [lens_scraper] Initializing Lens scraper...
2026-05-16 23:03:53 | INFO     | ss_crawler | [database] Database connected: localhost:5433/ss_market
2026-05-16 23:03:53 | INFO     | ss_crawler | [lens_scraper] Database: postgresql+psycopg2://crawler:crawler_pass@localhost:5433/ss_market
2026-05-16 23:03:53 | INFO     | ss_crawler | [lens_scraper] Loaded 480 lens references
2026-05-16 23:03:53 | INFO     | ss_crawler | [crawler] Fetching : https://www.ss.com/msg/lv/electronics/photo-optics/objectives/bjdpgm.html
2026-05-16 23:03:57 | INFO     | ss_crawler | [lens_scraper] GEN DEBUG: 24-70mm F2.8L II USM
2026-05-16 23:03:57 | INFO     | ss_crawler | [lens_scraper]   lens_is_gen2=True, listing_mentions_gen2=False
2026-05-16 23:03:57 | INFO     | ss_crawler | [lens_scraper]   title_has_gen2=False, model_has_gen2=False, desc_has_gen2=True
2026-05-16 23:03:57 | INFO     | ss_crawler | [lens_scraper]   model_lower=[ef 24-70 f2.8]
2026-05-16 23:03:57 | INFO     | ss_crawler | [lens_scraper]   Current score: 0.75
2026-05-16 23:03:57 | INFO     | ss_crawler | [lens_scraper] GEN DEBUG: 24-70mm F4L IS USM
2026-05-16 23:03:57 | INFO     | ss_crawler | [lens_scraper]   lens_is_gen2=False, listing_mentions_gen2=False
2026-05-16 23:03:57 | INFO     | ss_crawler | [lens_scraper]   title_has_gen2=False, model_has_gen2=False, desc_has_gen2=True
2026-05-16 23:03:57 | INFO     | ss_crawler | [lens_scraper]   model_lower=[ef 24-70 f2.8]
2026-05-16 23:03:57 | INFO     | ss_crawler | [lens_scraper]   Current score: 0.75
2026-05-16 23:03:57 | INFO     | ss_crawler | [lens_scraper]   New best: 24-70mm F4L IS USM score=1.30
2026-05-16 23:03:57 | INFO     | ss_crawler | [lens_scraper] GEN DEBUG: 24-70mm f/2.8 L IS USM
2026-05-16 23:03:57 | INFO     | ss_crawler | [lens_scraper]   lens_is_gen2=False, listing_mentions_gen2=False
2026-05-16 23:03:57 | INFO     | ss_crawler | [lens_scraper]   title_has_gen2=False, model_has_gen2=False, desc_has_gen2=True
2026-05-16 23:03:57 | INFO     | ss_crawler | [lens_scraper]   model_lower=[ef 24-70 f2.8]
2026-05-16 23:03:57 | INFO     | ss_crawler | [lens_scraper]   Current score: 0.75
2026-05-16 23:03:57 | INFO     | ss_crawler | [lens_scraper] GEN DEBUG: 24-70mm F2.8L USM
2026-05-16 23:03:57 | INFO     | ss_crawler | [lens_scraper]   lens_is_gen2=False, listing_mentions_gen2=False
2026-05-16 23:03:57 | INFO     | ss_crawler | [lens_scraper]   title_has_gen2=False, model_has_gen2=False, desc_has_gen2=True
2026-05-16 23:03:57 | INFO     | ss_crawler | [lens_scraper]   model_lower=[ef 24-70 f2.8]
2026-05-16 23:03:57 | INFO     | ss_crawler | [lens_scraper]   Current score: 0.75
2026-05-16 23:03:57 | INFO     | ss_crawler | [lens_scraper] Debug: Checking Canon 24-70mm lenses (total refs: 480)
2026-05-16 23:03:57 | INFO     | ss_crawler | [lens_scraper]   SCORE 24-70mm F2.8L II USM: 1.00 (brand, focal, gen2_match)
2026-05-16 23:03:57 | INFO     | ss_crawler | [lens_scraper]   SCORE 24-70mm F4L IS USM: 0.75 (brand, focal)
2026-05-16 23:03:57 | INFO     | ss_crawler | [lens_scraper]   SCORE 24-70mm f/2.8 L IS USM: 0.75 (brand, focal)
2026-05-16 23:03:57 | INFO     | ss_crawler | [lens_scraper]   SCORE 24-70mm F2.8L USM: 0.75 (brand, focal)
2026-05-16 23:03:57 | INFO     | ss_crawler | [lens_scraper] Best match: Canon_24-70mm_F4L_IS_USM with score 1.30
2026-05-16 23:03:57 | INFO     | ss_crawler | [lens_scraper] Matched [bjdpgm]: Canon_24-70mm_F4L_IS_USM (100% confidence)
2026-05-16 23:04:04 | INFO     | ss_crawler | [crawler] Fetching : https://www.ss.com/msg/lv/electronics/photo-optics/objectives/bjdpgm.html
2026-05-16 23:04:07 | INFO     | ss_crawler | [crawler] Fetching : https://www.ss.com/msg/lv/electronics/photo-optics/objectives/gghne.html
2026-05-16 23:04:08 | INFO     | ss_crawler | [lens_scraper] Initializing Lens scraper...
2026-05-16 23:04:08 | INFO     | ss_crawler | [database] Database connected: localhost:5433/ss_market
2026-05-16 23:04:08 | INFO     | ss_crawler | [lens_scraper] Database: postgresql+psycopg2://crawler:crawler_pass@localhost:5433/ss_market
2026-05-16 23:04:08 | INFO     | ss_crawler | [lens_scraper] Loaded 480 lens references
2026-05-16 23:04:08 | INFO     | ss_crawler | [crawler] Fetching : https://www.ss.com/msg/lv/electronics/photo-optics/objectives/bjdpgm.html
2026-05-16 23:04:09 | INFO     | ss_crawler | [lens_scraper] Initializing Lens scraper...
2026-05-16 23:04:09 | INFO     | ss_crawler | [database] Database connected: localhost:5433/ss_market
2026-05-16 23:04:09 | INFO     | ss_crawler | [lens_scraper] Database: postgresql+psycopg2://crawler:crawler_pass@localhost:5433/ss_market
2026-05-16 23:04:09 | INFO     | ss_crawler | [lens_scraper] Loaded 480 lens references
2026-05-16 23:04:09 | INFO     | ss_crawler | [crawler] Fetching : https://www.ss.com/msg/lv/electronics/photo-optics/objectives/gghne.html
2026-05-16 23:04:11 | INFO     | ss_crawler | [lens_scraper] GEN DEBUG: 24-70mm F2.8L II USM
2026-05-16 23:04:11 | INFO     | ss_crawler | [lens_scraper]   lens_is_gen2=True, listing_mentions_gen2=False
2026-05-16 23:04:11 | INFO     | ss_crawler | [lens_scraper]   title_has_gen2=False, model_has_gen2=False, desc_has_gen2=True
2026-05-16 23:04:11 | INFO     | ss_crawler | [lens_scraper]   model_lower=[ef 24-70 f2.8]
2026-05-16 23:04:11 | INFO     | ss_crawler | [lens_scraper]   Current score: 0.75
2026-05-16 23:04:11 | INFO     | ss_crawler | [lens_scraper] GEN DEBUG: 24-70mm F4L IS USM
2026-05-16 23:04:11 | INFO     | ss_crawler | [lens_scraper]   lens_is_gen2=False, listing_mentions_gen2=False
2026-05-16 23:04:11 | INFO     | ss_crawler | [lens_scraper]   title_has_gen2=False, model_has_gen2=False, desc_has_gen2=True
2026-05-16 23:04:11 | INFO     | ss_crawler | [lens_scraper]   model_lower=[ef 24-70 f2.8]
2026-05-16 23:04:11 | INFO     | ss_crawler | [lens_scraper]   Current score: 0.75
2026-05-16 23:04:11 | INFO     | ss_crawler | [lens_scraper]   New best: 24-70mm F4L IS USM score=1.30
2026-05-16 23:04:11 | INFO     | ss_crawler | [lens_scraper] GEN DEBUG: 24-70mm f/2.8 L IS USM
2026-05-16 23:04:11 | INFO     | ss_crawler | [lens_scraper]   lens_is_gen2=False, listing_mentions_gen2=False
2026-05-16 23:04:11 | INFO     | ss_crawler | [lens_scraper]   title_has_gen2=False, model_has_gen2=False, desc_has_gen2=True
2026-05-16 23:04:11 | INFO     | ss_crawler | [lens_scraper]   model_lower=[ef 24-70 f2.8]
2026-05-16 23:04:11 | INFO     | ss_crawler | [lens_scraper]   Current score: 0.75
2026-05-16 23:04:11 | INFO     | ss_crawler | [lens_scraper] GEN DEBUG: 24-70mm F2.8L USM
2026-05-16 23:04:11 | INFO     | ss_crawler | [lens_scraper]   lens_is_gen2=False, listing_mentions_gen2=False
2026-05-16 23:04:11 | INFO     | ss_crawler | [lens_scraper]   title_has_gen2=False, model_has_gen2=False, desc_has_gen2=True
2026-05-16 23:04:11 | INFO     | ss_crawler | [lens_scraper]   model_lower=[ef 24-70 f2.8]
2026-05-16 23:04:11 | INFO     | ss_crawler | [lens_scraper]   Current score: 0.75
2026-05-16 23:04:11 | INFO     | ss_crawler | [lens_scraper] Debug: Checking Canon 24-70mm lenses (total refs: 480)
2026-05-16 23:04:11 | INFO     | ss_crawler | [lens_scraper]   SCORE 24-70mm F2.8L II USM: 1.00 (brand, focal, gen2_match)
2026-05-16 23:04:11 | INFO     | ss_crawler | [lens_scraper]   SCORE 24-70mm F4L IS USM: 0.75 (brand, focal)
2026-05-16 23:04:11 | INFO     | ss_crawler | [lens_scraper]   SCORE 24-70mm f/2.8 L IS USM: 0.75 (brand, focal)
2026-05-16 23:04:11 | INFO     | ss_crawler | [lens_scraper]   SCORE 24-70mm F2.8L USM: 0.75 (brand, focal)
2026-05-16 23:04:11 | INFO     | ss_crawler | [lens_scraper] Best match: Canon_24-70mm_F4L_IS_USM with score 1.30
2026-05-16 23:04:11 | INFO     | ss_crawler | [lens_scraper] Matched [bjdpgm]: Canon_24-70mm_F4L_IS_USM (100% confidence)
2026-05-16 23:04:12 | INFO     | ss_crawler | [lens_scraper] GEN DEBUG: 24-70mm F2.8L II USM
2026-05-16 23:04:12 | INFO     | ss_crawler | [lens_scraper]   lens_is_gen2=True, listing_mentions_gen2=False
2026-05-16 23:04:12 | INFO     | ss_crawler | [lens_scraper]   title_has_gen2=False, model_has_gen2=False, desc_has_gen2=False
2026-05-16 23:04:12 | INFO     | ss_crawler | [lens_scraper]   model_lower=[ef 50mm 1:1.4]
2026-05-16 23:04:12 | INFO     | ss_crawler | [lens_scraper]   Current score: 0.55
2026-05-16 23:04:12 | INFO     | ss_crawler | [lens_scraper] GEN DEBUG: 24-70mm F4L IS USM
2026-05-16 23:04:12 | INFO     | ss_crawler | [lens_scraper]   lens_is_gen2=False, listing_mentions_gen2=False
2026-05-16 23:04:12 | INFO     | ss_crawler | [lens_scraper]   title_has_gen2=False, model_has_gen2=False, desc_has_gen2=False
2026-05-16 23:04:12 | INFO     | ss_crawler | [lens_scraper]   model_lower=[ef 50mm 1:1.4]
2026-05-16 23:04:12 | INFO     | ss_crawler | [lens_scraper]   Current score: 0.55
2026-05-16 23:04:12 | INFO     | ss_crawler | [lens_scraper] GEN DEBUG: 24-70mm f/2.8 L IS USM
2026-05-16 23:04:12 | INFO     | ss_crawler | [lens_scraper]   lens_is_gen2=False, listing_mentions_gen2=False
2026-05-16 23:04:12 | INFO     | ss_crawler | [lens_scraper]   title_has_gen2=False, model_has_gen2=False, desc_has_gen2=False
2026-05-16 23:04:12 | INFO     | ss_crawler | [lens_scraper]   model_lower=[ef 50mm 1:1.4]
2026-05-16 23:04:12 | INFO     | ss_crawler | [lens_scraper]   Current score: 0.55
2026-05-16 23:04:12 | INFO     | ss_crawler | [lens_scraper] GEN DEBUG: 24-70mm F2.8L USM
2026-05-16 23:04:12 | INFO     | ss_crawler | [lens_scraper]   lens_is_gen2=False, listing_mentions_gen2=False
2026-05-16 23:04:12 | INFO     | ss_crawler | [lens_scraper]   title_has_gen2=False, model_has_gen2=False, desc_has_gen2=False
2026-05-16 23:04:12 | INFO     | ss_crawler | [lens_scraper]   model_lower=[ef 50mm 1:1.4]
2026-05-16 23:04:12 | INFO     | ss_crawler | [lens_scraper]   Current score: 0.55
2026-05-16 23:04:12 | INFO     | ss_crawler | [lens_scraper] Best match: Canon_24-105mm_F4L_IS_USM with score 1.30
2026-05-16 23:04:12 | INFO     | ss_crawler | [lens_scraper] Matched [gghne]: Canon_24-105mm_F4L_IS_USM (100% confidence)
2026-05-16 23:04:27 | INFO     | ss_crawler | [database] Database connected: localhost:5433/ss_market
2026-05-16 23:05:00 | INFO     | ss_crawler | [crawler] Fetching : https://www.ss.com/msg/lv/electronics/photo-optics/objectives/bjdpgm.html
2026-05-16 23:05:03 | INFO     | ss_crawler | [lens_scraper] Initializing Lens scraper...
2026-05-16 23:05:03 | INFO     | ss_crawler | [database] Database connected: localhost:5433/ss_market
2026-05-16 23:05:03 | INFO     | ss_crawler | [lens_scraper] Database: postgresql+psycopg2://crawler:crawler_pass@localhost:5433/ss_market
2026-05-16 23:05:03 | INFO     | ss_crawler | [lens_scraper] Loaded 480 lens references
2026-05-16 23:05:03 | INFO     | ss_crawler | [crawler] Fetching : https://www.ss.com/msg/lv/electronics/photo-optics/objectives/bjdpgm.html
2026-05-16 23:05:06 | INFO     | ss_crawler | [lens_scraper] GEN DEBUG: 24-70mm F2.8L II USM (aperture=2.8)
2026-05-16 23:05:06 | INFO     | ss_crawler | [lens_scraper]   lens_is_gen2=True, listing_mentions_gen2=False
2026-05-16 23:05:06 | INFO     | ss_crawler | [lens_scraper]   model_has_gen2=False, title_has_gen2=False, desc_has_gen2=True
2026-05-16 23:05:06 | INFO     | ss_crawler | [lens_scraper]   model_lower=[ef 24-70 f2.8]
2026-05-16 23:05:06 | INFO     | ss_crawler | [lens_scraper]   aperture_bonus=0, pattern=f[/\s]{1,2}2[.,\s]{0,2}8\b
2026-05-16 23:05:06 | INFO     | ss_crawler | [lens_scraper]   Current score: 0.75
2026-05-16 23:05:06 | INFO     | ss_crawler | [lens_scraper] GEN DEBUG: 24-70mm F4L IS USM (aperture=4)
2026-05-16 23:05:06 | INFO     | ss_crawler | [lens_scraper]   lens_is_gen2=False, listing_mentions_gen2=False
2026-05-16 23:05:06 | INFO     | ss_crawler | [lens_scraper]   model_has_gen2=False, title_has_gen2=False, desc_has_gen2=True
2026-05-16 23:05:06 | INFO     | ss_crawler | [lens_scraper]   model_lower=[ef 24-70 f2.8]
2026-05-16 23:05:06 | INFO     | ss_crawler | [lens_scraper]   aperture_bonus=0, pattern=f[/\s]{1,2}4\b
2026-05-16 23:05:06 | INFO     | ss_crawler | [lens_scraper]   Current score: 0.75
2026-05-16 23:05:06 | INFO     | ss_crawler | [lens_scraper]   New best: 24-70mm F4L IS USM score=1.30
2026-05-16 23:05:06 | INFO     | ss_crawler | [lens_scraper] GEN DEBUG: 24-70mm f/2.8 L IS USM (aperture=2.8)
2026-05-16 23:05:06 | INFO     | ss_crawler | [lens_scraper]   lens_is_gen2=False, listing_mentions_gen2=False
2026-05-16 23:05:06 | INFO     | ss_crawler | [lens_scraper]   model_has_gen2=False, title_has_gen2=False, desc_has_gen2=True
2026-05-16 23:05:06 | INFO     | ss_crawler | [lens_scraper]   model_lower=[ef 24-70 f2.8]
2026-05-16 23:05:06 | INFO     | ss_crawler | [lens_scraper]   aperture_bonus=0, pattern=f[/\s]{1,2}2[.,\s]{0,2}8\b
2026-05-16 23:05:06 | INFO     | ss_crawler | [lens_scraper]   Current score: 0.75
2026-05-16 23:05:06 | INFO     | ss_crawler | [lens_scraper] GEN DEBUG: 24-70mm F2.8L USM (aperture=2.8)
2026-05-16 23:05:06 | INFO     | ss_crawler | [lens_scraper]   lens_is_gen2=False, listing_mentions_gen2=False
2026-05-16 23:05:06 | INFO     | ss_crawler | [lens_scraper]   model_has_gen2=False, title_has_gen2=False, desc_has_gen2=True
2026-05-16 23:05:06 | INFO     | ss_crawler | [lens_scraper]   model_lower=[ef 24-70 f2.8]
2026-05-16 23:05:06 | INFO     | ss_crawler | [lens_scraper]   aperture_bonus=0, pattern=f[/\s]{1,2}2[.,\s]{0,2}8\b
2026-05-16 23:05:06 | INFO     | ss_crawler | [lens_scraper]   Current score: 0.75
2026-05-16 23:05:06 | INFO     | ss_crawler | [lens_scraper] Debug: Checking Canon 24-70mm lenses (total refs: 480)
2026-05-16 23:05:06 | INFO     | ss_crawler | [lens_scraper]   SCORE 24-70mm F2.8L II USM: 1.00 (brand, focal, gen2_match)
2026-05-16 23:05:06 | INFO     | ss_crawler | [lens_scraper]   SCORE 24-70mm F4L IS USM: 0.75 (brand, focal)
2026-05-16 23:05:06 | INFO     | ss_crawler | [lens_scraper]   SCORE 24-70mm f/2.8 L IS USM: 0.75 (brand, focal)
2026-05-16 23:05:06 | INFO     | ss_crawler | [lens_scraper]   SCORE 24-70mm F2.8L USM: 0.75 (brand, focal)
2026-05-16 23:05:06 | INFO     | ss_crawler | [lens_scraper] Best match: Canon_24-70mm_F4L_IS_USM with score 1.30
2026-05-16 23:05:06 | INFO     | ss_crawler | [lens_scraper] Matched [bjdpgm]: Canon_24-70mm_F4L_IS_USM (100% confidence)
2026-05-16 23:05:15 | INFO     | ss_crawler | [crawler] Fetching : https://www.ss.com/msg/lv/electronics/photo-optics/objectives/bjdpgm.html
2026-05-16 23:05:18 | INFO     | ss_crawler | [lens_scraper] Initializing Lens scraper...
2026-05-16 23:05:19 | INFO     | ss_crawler | [database] Database connected: localhost:5433/ss_market
2026-05-16 23:05:19 | INFO     | ss_crawler | [lens_scraper] Database: postgresql+psycopg2://crawler:crawler_pass@localhost:5433/ss_market
2026-05-16 23:05:19 | INFO     | ss_crawler | [lens_scraper] Loaded 480 lens references
2026-05-16 23:05:19 | INFO     | ss_crawler | [crawler] Fetching : https://www.ss.com/msg/lv/electronics/photo-optics/objectives/bjdpgm.html
2026-05-16 23:05:22 | INFO     | ss_crawler | [lens_scraper] GEN DEBUG: 24-70mm F2.8L II USM (aperture=2.8)
2026-05-16 23:05:22 | INFO     | ss_crawler | [lens_scraper]   lens_is_gen2=True, listing_mentions_gen2=False
2026-05-16 23:05:22 | INFO     | ss_crawler | [lens_scraper]   model_has_gen2=False, title_has_gen2=False, desc_has_gen2=True
2026-05-16 23:05:22 | INFO     | ss_crawler | [lens_scraper]   model_lower=[ef 24-70 f2.8]
2026-05-16 23:05:22 | INFO     | ss_crawler | [lens_scraper]   aperture_bonus=0, pattern=f[/\s]{1,2}2[.,\s]{0,2}8\b
2026-05-16 23:05:22 | INFO     | ss_crawler | [lens_scraper]   Current score: 0.75
2026-05-16 23:05:22 | INFO     | ss_crawler | [lens_scraper] GEN DEBUG: 24-70mm F4L IS USM (aperture=4)
2026-05-16 23:05:22 | INFO     | ss_crawler | [lens_scraper]   lens_is_gen2=False, listing_mentions_gen2=False
2026-05-16 23:05:22 | INFO     | ss_crawler | [lens_scraper]   model_has_gen2=False, title_has_gen2=False, desc_has_gen2=True
2026-05-16 23:05:22 | INFO     | ss_crawler | [lens_scraper]   model_lower=[ef 24-70 f2.8]
2026-05-16 23:05:22 | INFO     | ss_crawler | [lens_scraper]   aperture_bonus=0, pattern=f[/\s]{1,2}4\b
2026-05-16 23:05:22 | INFO     | ss_crawler | [lens_scraper]   Current score: 0.75
2026-05-16 23:05:22 | INFO     | ss_crawler | [lens_scraper]   New best: 24-70mm F4L IS USM score=1.30
2026-05-16 23:05:22 | INFO     | ss_crawler | [lens_scraper] GEN DEBUG: 24-70mm f/2.8 L IS USM (aperture=2.8)
2026-05-16 23:05:22 | INFO     | ss_crawler | [lens_scraper]   lens_is_gen2=False, listing_mentions_gen2=False
2026-05-16 23:05:22 | INFO     | ss_crawler | [lens_scraper]   model_has_gen2=False, title_has_gen2=False, desc_has_gen2=True
2026-05-16 23:05:22 | INFO     | ss_crawler | [lens_scraper]   model_lower=[ef 24-70 f2.8]
2026-05-16 23:05:22 | INFO     | ss_crawler | [lens_scraper]   aperture_bonus=0, pattern=f[/\s]{1,2}2[.,\s]{0,2}8\b
2026-05-16 23:05:22 | INFO     | ss_crawler | [lens_scraper]   Current score: 0.75
2026-05-16 23:05:22 | INFO     | ss_crawler | [lens_scraper] GEN DEBUG: 24-70mm F2.8L USM (aperture=2.8)
2026-05-16 23:05:22 | INFO     | ss_crawler | [lens_scraper]   lens_is_gen2=False, listing_mentions_gen2=False
2026-05-16 23:05:22 | INFO     | ss_crawler | [lens_scraper]   model_has_gen2=False, title_has_gen2=False, desc_has_gen2=True
2026-05-16 23:05:22 | INFO     | ss_crawler | [lens_scraper]   model_lower=[ef 24-70 f2.8]
2026-05-16 23:05:22 | INFO     | ss_crawler | [lens_scraper]   aperture_bonus=0, pattern=f[/\s]{1,2}2[.,\s]{0,2}8\b
2026-05-16 23:05:22 | INFO     | ss_crawler | [lens_scraper]   Current score: 0.75
2026-05-16 23:05:22 | INFO     | ss_crawler | [lens_scraper] Debug: Checking Canon 24-70mm lenses (total refs: 480)
2026-05-16 23:05:22 | INFO     | ss_crawler | [lens_scraper]   SCORE 24-70mm F2.8L II USM: 1.00 (brand, focal, gen2_match)
2026-05-16 23:05:22 | INFO     | ss_crawler | [lens_scraper]   SCORE 24-70mm F4L IS USM: 0.75 (brand, focal)
2026-05-16 23:05:22 | INFO     | ss_crawler | [lens_scraper]   SCORE 24-70mm f/2.8 L IS USM: 0.75 (brand, focal)
2026-05-16 23:05:22 | INFO     | ss_crawler | [lens_scraper]   SCORE 24-70mm F2.8L USM: 0.75 (brand, focal)
2026-05-16 23:05:22 | INFO     | ss_crawler | [lens_scraper] Best match: Canon_24-70mm_F4L_IS_USM with score 1.30
2026-05-16 23:05:22 | INFO     | ss_crawler | [lens_scraper] Matched [bjdpgm]: Canon_24-70mm_F4L_IS_USM (100% confidence)
2026-05-16 23:06:06 | INFO     | ss_crawler | [crawler] Fetching : https://www.ss.com/msg/lv/electronics/photo-optics/objectives/bjdpgm.html
2026-05-16 23:06:09 | INFO     | ss_crawler | [lens_scraper] Initializing Lens scraper...
2026-05-16 23:06:09 | INFO     | ss_crawler | [database] Database connected: localhost:5433/ss_market
2026-05-16 23:06:09 | INFO     | ss_crawler | [lens_scraper] Database: postgresql+psycopg2://crawler:crawler_pass@localhost:5433/ss_market
2026-05-16 23:06:09 | INFO     | ss_crawler | [lens_scraper] Loaded 480 lens references
2026-05-16 23:06:09 | INFO     | ss_crawler | [crawler] Fetching : https://www.ss.com/msg/lv/electronics/photo-optics/objectives/bjdpgm.html
2026-05-16 23:06:12 | INFO     | ss_crawler | [lens_scraper] GEN DEBUG: 24-70mm F2.8L II USM (aperture=2.8)
2026-05-16 23:06:12 | INFO     | ss_crawler | [lens_scraper]   lens_is_gen2=True, listing_mentions_gen2=False
2026-05-16 23:06:12 | INFO     | ss_crawler | [lens_scraper]   model_has_gen2=False, title_has_gen2=False, desc_has_gen2=True
2026-05-16 23:06:12 | INFO     | ss_crawler | [lens_scraper]   model_lower=[ef 24-70 f2.8]
2026-05-16 23:06:12 | INFO     | ss_crawler | [lens_scraper]   aperture_bonus=0.15, pattern=f[/\s]{1,2}2\b
2026-05-16 23:06:12 | INFO     | ss_crawler | [lens_scraper]   Current score: 0.90
2026-05-16 23:06:12 | INFO     | ss_crawler | [lens_scraper] GEN DEBUG: 24-70mm F4L IS USM (aperture=4)
2026-05-16 23:06:12 | INFO     | ss_crawler | [lens_scraper]   lens_is_gen2=False, listing_mentions_gen2=False
2026-05-16 23:06:12 | INFO     | ss_crawler | [lens_scraper]   model_has_gen2=False, title_has_gen2=False, desc_has_gen2=True
2026-05-16 23:06:12 | INFO     | ss_crawler | [lens_scraper]   model_lower=[ef 24-70 f2.8]
2026-05-16 23:06:12 | INFO     | ss_crawler | [lens_scraper]   aperture_bonus=0, pattern=f[/\s]{1,2}4\b
2026-05-16 23:06:12 | INFO     | ss_crawler | [lens_scraper]   Current score: 0.75
2026-05-16 23:06:12 | INFO     | ss_crawler | [lens_scraper]   New best: 24-70mm F4L IS USM score=1.20
2026-05-16 23:06:12 | INFO     | ss_crawler | [lens_scraper] GEN DEBUG: 24-70mm f/2.8 L IS USM (aperture=2.8)
2026-05-16 23:06:12 | INFO     | ss_crawler | [lens_scraper]   lens_is_gen2=False, listing_mentions_gen2=False
2026-05-16 23:06:12 | INFO     | ss_crawler | [lens_scraper]   model_has_gen2=False, title_has_gen2=False, desc_has_gen2=True
2026-05-16 23:06:12 | INFO     | ss_crawler | [lens_scraper]   model_lower=[ef 24-70 f2.8]
2026-05-16 23:06:12 | INFO     | ss_crawler | [lens_scraper]   aperture_bonus=0, pattern=f[/\s]{1,2}4\b
2026-05-16 23:06:12 | INFO     | ss_crawler | [lens_scraper]   Current score: 0.90
2026-05-16 23:06:12 | INFO     | ss_crawler | [lens_scraper] GEN DEBUG: 24-70mm F2.8L USM (aperture=2.8)
2026-05-16 23:06:12 | INFO     | ss_crawler | [lens_scraper]   lens_is_gen2=False, listing_mentions_gen2=False
2026-05-16 23:06:12 | INFO     | ss_crawler | [lens_scraper]   model_has_gen2=False, title_has_gen2=False, desc_has_gen2=True
2026-05-16 23:06:12 | INFO     | ss_crawler | [lens_scraper]   model_lower=[ef 24-70 f2.8]
2026-05-16 23:06:12 | INFO     | ss_crawler | [lens_scraper]   aperture_bonus=0, pattern=f[/\s]{1,2}8\b
2026-05-16 23:06:12 | INFO     | ss_crawler | [lens_scraper]   Current score: 0.90
2026-05-16 23:06:12 | INFO     | ss_crawler | [lens_scraper]   New best: 24-70mm F2.8L USM score=1.35
2026-05-16 23:06:12 | INFO     | ss_crawler | [lens_scraper] Debug: Checking Canon 24-70mm lenses (total refs: 480)
2026-05-16 23:06:12 | INFO     | ss_crawler | [lens_scraper]   SCORE 24-70mm F2.8L II USM: 1.00 (brand, focal, gen2_match)
2026-05-16 23:06:12 | INFO     | ss_crawler | [lens_scraper]   SCORE 24-70mm F4L IS USM: 0.75 (brand, focal)
2026-05-16 23:06:12 | INFO     | ss_crawler | [lens_scraper]   SCORE 24-70mm f/2.8 L IS USM: 0.75 (brand, focal)
2026-05-16 23:06:12 | INFO     | ss_crawler | [lens_scraper]   SCORE 24-70mm F2.8L USM: 0.75 (brand, focal)
2026-05-16 23:06:12 | INFO     | ss_crawler | [lens_scraper] Best match: Canon_24-70mm_F2.8L_USM with score 1.35
2026-05-16 23:06:12 | INFO     | ss_crawler | [lens_scraper] Matched [bjdpgm]: Canon_24-70mm_F2.8L_USM (100% confidence)
2026-05-16 23:06:19 | INFO     | ss_crawler | [crawler] Fetching : https://www.ss.com/msg/lv/electronics/photo-optics/objectives/lhlcp.html
2026-05-16 23:06:22 | INFO     | ss_crawler | [lens_scraper] Initializing Lens scraper...
2026-05-16 23:06:22 | INFO     | ss_crawler | [database] Database connected: localhost:5433/ss_market
2026-05-16 23:06:22 | INFO     | ss_crawler | [lens_scraper] Database: postgresql+psycopg2://crawler:crawler_pass@localhost:5433/ss_market
2026-05-16 23:06:22 | INFO     | ss_crawler | [lens_scraper] Loaded 480 lens references
2026-05-16 23:06:22 | INFO     | ss_crawler | [crawler] Fetching : https://www.ss.com/msg/lv/electronics/photo-optics/objectives/lhlcp.html
2026-05-16 23:06:24 | INFO     | ss_crawler | [lens_scraper] GEN DEBUG: 24-70mm F2.8L II USM (aperture=2.8)
2026-05-16 23:06:24 | INFO     | ss_crawler | [lens_scraper]   lens_is_gen2=True, listing_mentions_gen2=True
2026-05-16 23:06:24 | INFO     | ss_crawler | [lens_scraper]   model_has_gen2=True, title_has_gen2=True, desc_has_gen2=True
2026-05-16 23:06:24 | INFO     | ss_crawler | [lens_scraper]   model_lower=[16-35 f/2.8 ii]
2026-05-16 23:06:24 | INFO     | ss_crawler | [lens_scraper]   aperture_bonus=0.15, pattern=f[/\s]{1,2}2\b
2026-05-16 23:06:24 | INFO     | ss_crawler | [lens_scraper]   Current score: 0.55
2026-05-16 23:06:24 | INFO     | ss_crawler | [lens_scraper] GEN DEBUG: 24-70mm F4L IS USM (aperture=4)
2026-05-16 23:06:24 | INFO     | ss_crawler | [lens_scraper]   lens_is_gen2=False, listing_mentions_gen2=True
2026-05-16 23:06:24 | INFO     | ss_crawler | [lens_scraper]   model_has_gen2=True, title_has_gen2=True, desc_has_gen2=True
2026-05-16 23:06:24 | INFO     | ss_crawler | [lens_scraper]   model_lower=[16-35 f/2.8 ii]
2026-05-16 23:06:24 | INFO     | ss_crawler | [lens_scraper]   aperture_bonus=0, pattern=f[/\s]{1,2}4\b
2026-05-16 23:06:24 | INFO     | ss_crawler | [lens_scraper]   Current score: 0.40
2026-05-16 23:06:24 | INFO     | ss_crawler | [lens_scraper] GEN DEBUG: 24-70mm f/2.8 L IS USM (aperture=2.8)
2026-05-16 23:06:24 | INFO     | ss_crawler | [lens_scraper]   lens_is_gen2=False, listing_mentions_gen2=True
2026-05-16 23:06:24 | INFO     | ss_crawler | [lens_scraper]   model_has_gen2=True, title_has_gen2=True, desc_has_gen2=True
2026-05-16 23:06:24 | INFO     | ss_crawler | [lens_scraper]   model_lower=[16-35 f/2.8 ii]
2026-05-16 23:06:24 | INFO     | ss_crawler | [lens_scraper]   aperture_bonus=0, pattern=f[/\s]{1,2}4\b
2026-05-16 23:06:24 | INFO     | ss_crawler | [lens_scraper]   Current score: 0.55
2026-05-16 23:06:24 | INFO     | ss_crawler | [lens_scraper] GEN DEBUG: 24-70mm F2.8L USM (aperture=2.8)
2026-05-16 23:06:24 | INFO     | ss_crawler | [lens_scraper]   lens_is_gen2=False, listing_mentions_gen2=True
2026-05-16 23:06:24 | INFO     | ss_crawler | [lens_scraper]   model_has_gen2=True, title_has_gen2=True, desc_has_gen2=True
2026-05-16 23:06:24 | INFO     | ss_crawler | [lens_scraper]   model_lower=[16-35 f/2.8 ii]
2026-05-16 23:06:24 | INFO     | ss_crawler | [lens_scraper]   aperture_bonus=0, pattern=f[/\s]{1,2}8\b
2026-05-16 23:06:24 | INFO     | ss_crawler | [lens_scraper]   Current score: 0.55
2026-05-16 23:06:24 | INFO     | ss_crawler | [lens_scraper] Best match: Canon_16-35mm_F2.8L_II_USM with score 1.45
2026-05-16 23:06:24 | INFO     | ss_crawler | [lens_scraper] Matched [lhlcp]: Canon_16-35mm_F2.8L_II_USM (100% confidence)
2026-05-16 23:06:44 | INFO     | ss_crawler | [crawler] Fetching : https://www.ss.com/msg/lv/electronics/photo-optics/objectives/egjbf.html
2026-05-16 23:06:47 | INFO     | ss_crawler | [lens_scraper] Initializing Lens scraper...
2026-05-16 23:06:47 | INFO     | ss_crawler | [database] Database connected: localhost:5433/ss_market
2026-05-16 23:06:47 | INFO     | ss_crawler | [lens_scraper] Database: postgresql+psycopg2://crawler:crawler_pass@localhost:5433/ss_market
2026-05-16 23:06:47 | INFO     | ss_crawler | [lens_scraper] Loaded 480 lens references
2026-05-16 23:06:47 | INFO     | ss_crawler | [crawler] Fetching : https://www.ss.com/msg/lv/electronics/photo-optics/objectives/egjbf.html
2026-05-16 23:06:50 | INFO     | ss_crawler | [lens_scraper] GEN DEBUG: 24-70mm F2.8L II USM (aperture=2.8)
2026-05-16 23:06:50 | INFO     | ss_crawler | [lens_scraper]   lens_is_gen2=True, listing_mentions_gen2=False
2026-05-16 23:06:50 | INFO     | ss_crawler | [lens_scraper]   model_has_gen2=False, title_has_gen2=False, desc_has_gen2=False
2026-05-16 23:06:50 | INFO     | ss_crawler | [lens_scraper]   model_lower=[35mm f/2.0 us]
2026-05-16 23:06:50 | INFO     | ss_crawler | [lens_scraper]   aperture_bonus=0.15, pattern=f[/\s]{1,2}2\b
2026-05-16 23:06:50 | INFO     | ss_crawler | [lens_scraper]   Current score: 0.40
2026-05-16 23:06:50 | INFO     | ss_crawler | [lens_scraper] GEN DEBUG: 24-70mm F4L IS USM (aperture=4)
2026-05-16 23:06:50 | INFO     | ss_crawler | [lens_scraper]   lens_is_gen2=False, listing_mentions_gen2=False
2026-05-16 23:06:50 | INFO     | ss_crawler | [lens_scraper]   model_has_gen2=False, title_has_gen2=False, desc_has_gen2=False
2026-05-16 23:06:50 | INFO     | ss_crawler | [lens_scraper]   model_lower=[35mm f/2.0 us]
2026-05-16 23:06:50 | INFO     | ss_crawler | [lens_scraper]   aperture_bonus=0, pattern=f[/\s]{1,2}4\b
2026-05-16 23:06:50 | INFO     | ss_crawler | [lens_scraper]   Current score: 0.40
2026-05-16 23:06:50 | INFO     | ss_crawler | [lens_scraper] GEN DEBUG: 24-70mm f/2.8 L IS USM (aperture=2.8)
2026-05-16 23:06:50 | INFO     | ss_crawler | [lens_scraper]   lens_is_gen2=False, listing_mentions_gen2=False
2026-05-16 23:06:50 | INFO     | ss_crawler | [lens_scraper]   model_has_gen2=False, title_has_gen2=False, desc_has_gen2=False
2026-05-16 23:06:50 | INFO     | ss_crawler | [lens_scraper]   model_lower=[35mm f/2.0 us]
2026-05-16 23:06:50 | INFO     | ss_crawler | [lens_scraper]   aperture_bonus=0, pattern=f[/\s]{1,2}4\b
2026-05-16 23:06:50 | INFO     | ss_crawler | [lens_scraper]   Current score: 0.40
2026-05-16 23:06:50 | INFO     | ss_crawler | [lens_scraper] GEN DEBUG: 24-70mm F2.8L USM (aperture=2.8)
2026-05-16 23:06:50 | INFO     | ss_crawler | [lens_scraper]   lens_is_gen2=False, listing_mentions_gen2=False
2026-05-16 23:06:50 | INFO     | ss_crawler | [lens_scraper]   model_has_gen2=False, title_has_gen2=False, desc_has_gen2=False
2026-05-16 23:06:50 | INFO     | ss_crawler | [lens_scraper]   model_lower=[35mm f/2.0 us]
2026-05-16 23:06:50 | INFO     | ss_crawler | [lens_scraper]   aperture_bonus=0, pattern=f[/\s]{1,2}8\b
2026-05-16 23:06:50 | INFO     | ss_crawler | [lens_scraper]   Current score: 0.40
2026-05-16 23:06:50 | INFO     | ss_crawler | [lens_scraper] Best match: Canon_35mm_F2_IS_USM with score 1.30
2026-05-16 23:06:50 | INFO     | ss_crawler | [lens_scraper] Matched [egjbf]: Canon_35mm_F2_IS_USM (100% confidence)
2026-05-16 23:07:09 | INFO     | ss_crawler | [crawler] Fetching : https://www.ss.com/msg/lv/electronics/photo-optics/objectives/bgmlxe.html
2026-05-16 23:07:12 | INFO     | ss_crawler | [lens_scraper] Initializing Lens scraper...
2026-05-16 23:07:12 | INFO     | ss_crawler | [database] Database connected: localhost:5433/ss_market
2026-05-16 23:07:12 | INFO     | ss_crawler | [lens_scraper] Database: postgresql+psycopg2://crawler:crawler_pass@localhost:5433/ss_market
2026-05-16 23:07:12 | INFO     | ss_crawler | [lens_scraper] Loaded 480 lens references
2026-05-16 23:07:12 | INFO     | ss_crawler | [crawler] Fetching : https://www.ss.com/msg/lv/electronics/photo-optics/objectives/bgmlxe.html
2026-05-16 23:07:15 | INFO     | ss_crawler | [lens_scraper] GEN DEBUG: 24-70mm F2.8L II USM (aperture=2.8)
2026-05-16 23:07:15 | INFO     | ss_crawler | [lens_scraper]   lens_is_gen2=True, listing_mentions_gen2=False
2026-05-16 23:07:15 | INFO     | ss_crawler | [lens_scraper]   model_has_gen2=False, title_has_gen2=False, desc_has_gen2=False
2026-05-16 23:07:15 | INFO     | ss_crawler | [lens_scraper]   model_lower=[efs 18-135mm pārdodu]
2026-05-16 23:07:15 | INFO     | ss_crawler | [lens_scraper]   aperture_bonus=0, pattern=f[/\s]{1,2}2\b
2026-05-16 23:07:15 | INFO     | ss_crawler | [lens_scraper]   Current score: 0.40
2026-05-16 23:07:15 | INFO     | ss_crawler | [lens_scraper] GEN DEBUG: 24-70mm F4L IS USM (aperture=4)
2026-05-16 23:07:15 | INFO     | ss_crawler | [lens_scraper]   lens_is_gen2=False, listing_mentions_gen2=False
2026-05-16 23:07:15 | INFO     | ss_crawler | [lens_scraper]   model_has_gen2=False, title_has_gen2=False, desc_has_gen2=False
2026-05-16 23:07:15 | INFO     | ss_crawler | [lens_scraper]   model_lower=[efs 18-135mm pārdodu]
2026-05-16 23:07:15 | INFO     | ss_crawler | [lens_scraper]   aperture_bonus=0, pattern=f[/\s]{1,2}4\b
2026-05-16 23:07:15 | INFO     | ss_crawler | [lens_scraper]   Current score: 0.40
2026-05-16 23:07:15 | INFO     | ss_crawler | [lens_scraper] GEN DEBUG: 24-70mm f/2.8 L IS USM (aperture=2.8)
2026-05-16 23:07:15 | INFO     | ss_crawler | [lens_scraper]   lens_is_gen2=False, listing_mentions_gen2=False
2026-05-16 23:07:15 | INFO     | ss_crawler | [lens_scraper]   model_has_gen2=False, title_has_gen2=False, desc_has_gen2=False
2026-05-16 23:07:15 | INFO     | ss_crawler | [lens_scraper]   model_lower=[efs 18-135mm pārdodu]
2026-05-16 23:07:15 | INFO     | ss_crawler | [lens_scraper]   aperture_bonus=0, pattern=f[/\s]{1,2}4\b
2026-05-16 23:07:15 | INFO     | ss_crawler | [lens_scraper]   Current score: 0.40
2026-05-16 23:07:15 | INFO     | ss_crawler | [lens_scraper] GEN DEBUG: 24-70mm F2.8L USM (aperture=2.8)
2026-05-16 23:07:15 | INFO     | ss_crawler | [lens_scraper]   lens_is_gen2=False, listing_mentions_gen2=False
2026-05-16 23:07:15 | INFO     | ss_crawler | [lens_scraper]   model_has_gen2=False, title_has_gen2=False, desc_has_gen2=False
2026-05-16 23:07:15 | INFO     | ss_crawler | [lens_scraper]   model_lower=[efs 18-135mm pārdodu]
2026-05-16 23:07:15 | INFO     | ss_crawler | [lens_scraper]   aperture_bonus=0, pattern=f[/\s]{1,2}8\b
2026-05-16 23:07:15 | INFO     | ss_crawler | [lens_scraper]   Current score: 0.40
2026-05-16 23:07:15 | INFO     | ss_crawler | [lens_scraper] Best match: Canon_18-135mm_F3.5-5.6_IS_USM with score 1.40
2026-05-16 23:07:15 | INFO     | ss_crawler | [lens_scraper] Matched [bgmlxe]: Canon_18-135mm_F3.5-5.6_IS_USM (100% confidence)
2026-05-16 23:07:47 | INFO     | ss_crawler | [crawler] Fetching : https://www.ss.com/msg/lv/electronics/photo-optics/objectives/bjdpgm.html
2026-05-16 23:07:50 | INFO     | ss_crawler | [lens_scraper] Initializing Lens scraper...
2026-05-16 23:07:50 | INFO     | ss_crawler | [database] Database connected: localhost:5433/ss_market
2026-05-16 23:07:50 | INFO     | ss_crawler | [lens_scraper] Database: postgresql+psycopg2://crawler:crawler_pass@localhost:5433/ss_market
2026-05-16 23:07:50 | INFO     | ss_crawler | [lens_scraper] Loaded 480 lens references
2026-05-16 23:07:50 | INFO     | ss_crawler | [crawler] Fetching : https://www.ss.com/msg/lv/electronics/photo-optics/objectives/bjdpgm.html
2026-05-16 23:07:52 | INFO     | ss_crawler | [lens_scraper] Matched [bjdpgm]: Canon_24-70mm_F2.8L_USM (100% confidence)
2026-05-16 23:07:58 | INFO     | ss_crawler | [crawler] Fetching : https://www.ss.com/msg/lv/electronics/photo-optics/objectives/lpcjf.html
2026-05-16 23:08:00 | INFO     | ss_crawler | [lens_scraper] Initializing Lens scraper...
2026-05-16 23:08:00 | INFO     | ss_crawler | [database] Database connected: localhost:5433/ss_market
2026-05-16 23:08:00 | INFO     | ss_crawler | [lens_scraper] Database: postgresql+psycopg2://crawler:crawler_pass@localhost:5433/ss_market
2026-05-16 23:08:00 | INFO     | ss_crawler | [lens_scraper] Loaded 480 lens references
2026-05-16 23:08:00 | INFO     | ss_crawler | [crawler] Fetching : https://www.ss.com/msg/lv/electronics/photo-optics/objectives/lpcjf.html
2026-05-16 23:08:03 | INFO     | ss_crawler | [lens_scraper] Matched [lpcjf]: Sony_Sony_FE_24-70mm_F2.8_GM (100% confidence)
2026-05-16 23:08:26 | INFO     | ss_crawler | [crawler] Fetching : https://www.ss.com/msg/lv/electronics/photo-optics/objectives/dflkg.html
2026-05-16 23:08:28 | INFO     | ss_crawler | [lens_scraper] Initializing Lens scraper...
2026-05-16 23:08:28 | INFO     | ss_crawler | [database] Database connected: localhost:5433/ss_market
2026-05-16 23:08:28 | INFO     | ss_crawler | [lens_scraper] Database: postgresql+psycopg2://crawler:crawler_pass@localhost:5433/ss_market
2026-05-16 23:08:28 | INFO     | ss_crawler | [lens_scraper] Loaded 480 lens references
2026-05-16 23:08:28 | INFO     | ss_crawler | [crawler] Fetching : https://www.ss.com/msg/lv/electronics/photo-optics/objectives/dflkg.html
2026-05-16 23:08:31 | INFO     | ss_crawler | [lens_scraper] Filtered [dflkg]: filtered_jauns
2026-05-16 23:08:44 | INFO     | ss_crawler | [crawler] Fetching : https://www.ss.com/msg/lv/electronics/photo-optics/objectives/lpcjf.html
2026-05-16 23:08:47 | INFO     | ss_crawler | [lens_scraper] Initializing Lens scraper...
2026-05-16 23:08:47 | INFO     | ss_crawler | [database] Database connected: localhost:5433/ss_market
2026-05-16 23:08:47 | INFO     | ss_crawler | [lens_scraper] Database: postgresql+psycopg2://crawler:crawler_pass@localhost:5433/ss_market
2026-05-16 23:08:47 | INFO     | ss_crawler | [lens_scraper] Loaded 480 lens references
2026-05-16 23:08:47 | INFO     | ss_crawler | [crawler] Fetching : https://www.ss.com/msg/lv/electronics/photo-optics/objectives/lpcjf.html
2026-05-16 23:08:50 | INFO     | ss_crawler | [lens_scraper] Matched [lpcjf]: Sony_Sony_FE_24-70mm_F2.8_GM_II (100% confidence)
2026-05-16 23:09:00 | INFO     | ss_crawler | [crawler] Fetching : https://www.ss.com/msg/lv/electronics/photo-optics/objectives/bjdpgm.html
2026-05-16 23:09:02 | INFO     | ss_crawler | [lens_scraper] Initializing Lens scraper...
2026-05-16 23:09:02 | INFO     | ss_crawler | [database] Database connected: localhost:5433/ss_market
2026-05-16 23:09:02 | INFO     | ss_crawler | [lens_scraper] Database: postgresql+psycopg2://crawler:crawler_pass@localhost:5433/ss_market
2026-05-16 23:09:02 | INFO     | ss_crawler | [lens_scraper] Loaded 480 lens references
2026-05-16 23:09:02 | INFO     | ss_crawler | [crawler] Fetching : https://www.ss.com/msg/lv/electronics/photo-optics/objectives/bjdpgm.html
2026-05-16 23:09:04 | INFO     | ss_crawler | [lens_scraper] Matched [bjdpgm]: Canon_24-70mm_F2.8L_USM (100% confidence)
2026-05-16 23:09:23 | INFO     | ss_crawler | [crawler] Fetching : https://www.ss.com/msg/lv/electronics/photo-optics/objectives/jphcx.html
2026-05-16 23:09:26 | INFO     | ss_crawler | [lens_scraper] Initializing Lens scraper...
2026-05-16 23:09:26 | INFO     | ss_crawler | [database] Database connected: localhost:5433/ss_market
2026-05-16 23:09:26 | INFO     | ss_crawler | [lens_scraper] Database: postgresql+psycopg2://crawler:crawler_pass@localhost:5433/ss_market
2026-05-16 23:09:26 | INFO     | ss_crawler | [lens_scraper] Loaded 480 lens references
2026-05-16 23:09:26 | INFO     | ss_crawler | [crawler] Fetching : https://www.ss.com/msg/lv/electronics/photo-optics/objectives/jphcx.html
2026-05-16 23:09:29 | INFO     | ss_crawler | [lens_scraper] Matched [jphcx]: Canon_24mm_F2.8_IS_USM (95% confidence)
2026-05-16 23:10:18 | INFO     | ss_crawler | [crawler] Fetching : https://www.ss.com/msg/lv/electronics/photo-optics/objectives/cmxho.html
2026-05-16 23:10:20 | INFO     | ss_crawler | [lens_scraper] Initializing Lens scraper...
2026-05-16 23:10:20 | INFO     | ss_crawler | [database] Database connected: localhost:5433/ss_market
2026-05-16 23:10:20 | INFO     | ss_crawler | [lens_scraper] Database: postgresql+psycopg2://crawler:crawler_pass@localhost:5433/ss_market
2026-05-16 23:10:20 | INFO     | ss_crawler | [lens_scraper] Loaded 480 lens references
2026-05-16 23:10:20 | INFO     | ss_crawler | [crawler] Fetching : https://www.ss.com/msg/lv/electronics/photo-optics/objectives/cmxho.html
2026-05-16 23:10:24 | INFO     | ss_crawler | [lens_scraper] Matched [cmxho]: Sony_Sony_E_30mm_F3.5_Macro (100% confidence)
2026-05-16 23:11:34 | INFO     | ss_crawler | [crawler] Fetching : https://www.ss.com/msg/lv/electronics/photo-optics/objectives/eibbp.html
2026-05-16 23:11:36 | INFO     | ss_crawler | [lens_scraper] Initializing Lens scraper...
2026-05-16 23:11:36 | INFO     | ss_crawler | [database] Database connected: localhost:5433/ss_market
2026-05-16 23:11:36 | INFO     | ss_crawler | [lens_scraper] Database: postgresql+psycopg2://crawler:crawler_pass@localhost:5433/ss_market
2026-05-16 23:11:36 | INFO     | ss_crawler | [lens_scraper] Loaded 480 lens references
2026-05-16 23:11:36 | INFO     | ss_crawler | [crawler] Fetching : https://www.ss.com/msg/lv/electronics/photo-optics/objectives/eibbp.html
2026-05-16 23:11:39 | INFO     | ss_crawler | [lens_scraper] Matched [eibbp]: Canon_50mm_F1.2L_USM (95% confidence)
2026-05-16 23:12:26 | INFO     | ss_crawler | [crawler] Fetching : https://www.ss.com/msg/lv/electronics/photo-optics/objectives/bfbigb.html
2026-05-16 23:12:29 | INFO     | ss_crawler | [lens_scraper] Initializing Lens scraper...
2026-05-16 23:12:29 | INFO     | ss_crawler | [database] Database connected: localhost:5433/ss_market
2026-05-16 23:12:29 | INFO     | ss_crawler | [lens_scraper] Database: postgresql+psycopg2://crawler:crawler_pass@localhost:5433/ss_market
2026-05-16 23:12:29 | INFO     | ss_crawler | [lens_scraper] Loaded 480 lens references
2026-05-16 23:12:29 | INFO     | ss_crawler | [crawler] Fetching : https://www.ss.com/msg/lv/electronics/photo-optics/objectives/bfbigb.html
2026-05-16 23:12:32 | INFO     | ss_crawler | [lens_scraper] Matched [bfbigb]: Canon_17-85mm_F4-5.6_IS_USM (100% confidence)
2026-05-16 23:12:40 | INFO     | ss_crawler | [database] Database connected: localhost:5433/ss_market
2026-05-16 23:13:16 | INFO     | ss_crawler | [crawler] Fetching : https://www.ss.com/msg/lv/electronics/photo-optics/objectives/mbcim.html
2026-05-16 23:13:18 | INFO     | ss_crawler | [lens_scraper] Initializing Lens scraper...
2026-05-16 23:13:18 | INFO     | ss_crawler | [database] Database connected: localhost:5433/ss_market
2026-05-16 23:13:18 | INFO     | ss_crawler | [lens_scraper] Database: postgresql+psycopg2://crawler:crawler_pass@localhost:5433/ss_market
2026-05-16 23:13:18 | INFO     | ss_crawler | [lens_scraper] Loaded 480 lens references
2026-05-16 23:13:18 | INFO     | ss_crawler | [crawler] Fetching : https://www.ss.com/msg/lv/electronics/photo-optics/objectives/mbcim.html
2026-05-16 23:13:20 | INFO     | ss_crawler | [lens_scraper] Matched [mbcim]: Canon_70-200mm_f_4_L_IS_USM (100% confidence)
2026-05-16 23:13:23 | INFO     | ss_crawler | [crawler] Fetching : https://www.ss.com/msg/lv/electronics/photo-optics/objectives/aebcf.html
2026-05-16 23:13:25 | INFO     | ss_crawler | [lens_scraper] Initializing Lens scraper...
2026-05-16 23:13:25 | INFO     | ss_crawler | [database] Database connected: localhost:5433/ss_market
2026-05-16 23:13:25 | INFO     | ss_crawler | [lens_scraper] Database: postgresql+psycopg2://crawler:crawler_pass@localhost:5433/ss_market
2026-05-16 23:13:25 | INFO     | ss_crawler | [lens_scraper] Loaded 480 lens references
2026-05-16 23:13:25 | INFO     | ss_crawler | [crawler] Fetching : https://www.ss.com/msg/lv/electronics/photo-optics/objectives/aebcf.html
2026-05-16 23:13:27 | INFO     | ss_crawler | [lens_scraper] Matched [aebcf]: Canon_24-105mm_F4L_IS_USM (100% confidence)
2026-05-16 23:13:32 | INFO     | ss_crawler | [crawler] Fetching : https://www.ss.com/msg/lv/electronics/photo-optics/objectives/eibbp.html
2026-05-16 23:13:35 | INFO     | ss_crawler | [lens_scraper] Initializing Lens scraper...
2026-05-16 23:13:35 | INFO     | ss_crawler | [database] Database connected: localhost:5433/ss_market
2026-05-16 23:13:35 | INFO     | ss_crawler | [lens_scraper] Database: postgresql+psycopg2://crawler:crawler_pass@localhost:5433/ss_market
2026-05-16 23:13:35 | INFO     | ss_crawler | [lens_scraper] Loaded 480 lens references
2026-05-16 23:13:35 | INFO     | ss_crawler | [crawler] Fetching : https://www.ss.com/msg/lv/electronics/photo-optics/objectives/eibbp.html
2026-05-16 23:13:39 | INFO     | ss_crawler | [lens_scraper] Matched [eibbp]: Zeiss_25mm_F2_Distagon_T*_ZE (75% confidence)
2026-05-16 23:14:23 | INFO     | ss_crawler | [crawler] Fetching : https://www.ss.com/msg/lv/electronics/photo-optics/objectives/gghne.html
2026-05-16 23:14:25 | INFO     | ss_crawler | [lens_scraper] Initializing Lens scraper...
2026-05-16 23:14:25 | INFO     | ss_crawler | [database] Database connected: localhost:5433/ss_market
2026-05-16 23:14:25 | INFO     | ss_crawler | [lens_scraper] Database: postgresql+psycopg2://crawler:crawler_pass@localhost:5433/ss_market
2026-05-16 23:14:25 | INFO     | ss_crawler | [lens_scraper] Loaded 480 lens references
2026-05-16 23:14:25 | INFO     | ss_crawler | [crawler] Fetching : https://www.ss.com/msg/lv/electronics/photo-optics/objectives/gghne.html
2026-05-16 23:14:30 | INFO     | ss_crawler | [lens_scraper] Matched [gghne]: Canon_300mm_F4L_IS_USM (100% confidence)
2026-05-16 23:15:07 | INFO     | ss_crawler | [crawler] Fetching : https://www.ss.com/msg/lv/electronics/photo-optics/objectives/gghne.html
2026-05-16 23:15:09 | INFO     | ss_crawler | [lens_scraper] Initializing Lens scraper...
2026-05-16 23:15:09 | INFO     | ss_crawler | [database] Database connected: localhost:5433/ss_market
2026-05-16 23:15:09 | INFO     | ss_crawler | [lens_scraper] Database: postgresql+psycopg2://crawler:crawler_pass@localhost:5433/ss_market
2026-05-16 23:15:09 | INFO     | ss_crawler | [lens_scraper] Loaded 480 lens references
2026-05-16 23:15:09 | INFO     | ss_crawler | [crawler] Fetching : https://www.ss.com/msg/lv/electronics/photo-optics/objectives/gghne.html
2026-05-16 23:15:13 | INFO     | ss_crawler | [lens_scraper] Matched [gghne]: Canon_300mm_F4L_IS_USM (100% confidence)
2026-05-16 23:15:49 | INFO     | ss_crawler | [crawler] Fetching : https://www.ss.com/msg/lv/electronics/photo-optics/objectives/gghne.html
2026-05-16 23:15:52 | INFO     | ss_crawler | [lens_scraper] Initializing Lens scraper...
2026-05-16 23:15:52 | INFO     | ss_crawler | [database] Database connected: localhost:5433/ss_market
2026-05-16 23:15:52 | INFO     | ss_crawler | [lens_scraper] Database: postgresql+psycopg2://crawler:crawler_pass@localhost:5433/ss_market
2026-05-16 23:15:52 | INFO     | ss_crawler | [lens_scraper] Loaded 480 lens references
2026-05-16 23:15:52 | INFO     | ss_crawler | [crawler] Fetching : https://www.ss.com/msg/lv/electronics/photo-optics/objectives/gghne.html
2026-05-16 23:15:54 | INFO     | ss_crawler | [lens_scraper] Detected focal: 50mm (from model=True)
2026-05-16 23:15:54 | INFO     | ss_crawler | [lens_scraper] Matched [gghne]: Canon_300mm_F4L_IS_USM (100% confidence)
2026-05-16 23:16:21 | INFO     | ss_crawler | [crawler] Fetching : https://www.ss.com/msg/lv/electronics/photo-optics/objectives/gghne.html
2026-05-16 23:16:25 | INFO     | ss_crawler | [lens_scraper] Initializing Lens scraper...
2026-05-16 23:16:25 | INFO     | ss_crawler | [database] Database connected: localhost:5433/ss_market
2026-05-16 23:16:25 | INFO     | ss_crawler | [lens_scraper] Database: postgresql+psycopg2://crawler:crawler_pass@localhost:5433/ss_market
2026-05-16 23:16:25 | INFO     | ss_crawler | [lens_scraper] Loaded 480 lens references
2026-05-16 23:16:25 | INFO     | ss_crawler | [crawler] Fetching : https://www.ss.com/msg/lv/electronics/photo-optics/objectives/gghne.html
2026-05-16 23:16:27 | INFO     | ss_crawler | [lens_scraper] Detected focal: 50mm (from model=True)
2026-05-16 23:16:27 | INFO     | ss_crawler | [lens_scraper] Matched [gghne]: Canon_50mm_F1.2L_USM (100% confidence)
2026-05-16 23:16:53 | INFO     | ss_crawler | [crawler] Fetching : https://www.ss.com/msg/lv/electronics/photo-optics/objectives/gghne.html
2026-05-16 23:16:57 | INFO     | ss_crawler | [lens_scraper] Initializing Lens scraper...
2026-05-16 23:16:57 | INFO     | ss_crawler | [database] Database connected: localhost:5433/ss_market
2026-05-16 23:16:57 | INFO     | ss_crawler | [lens_scraper] Database: postgresql+psycopg2://crawler:crawler_pass@localhost:5433/ss_market
2026-05-16 23:16:57 | INFO     | ss_crawler | [lens_scraper] Loaded 480 lens references
2026-05-16 23:16:57 | INFO     | ss_crawler | [crawler] Fetching : https://www.ss.com/msg/lv/electronics/photo-optics/objectives/gghne.html
2026-05-16 23:16:59 | INFO     | ss_crawler | [lens_scraper] Detected focal: 50mm (from model=True)
2026-05-16 23:16:59 | INFO     | ss_crawler | [lens_scraper] Matched [gghne]: Canon_50mm_F1.2L_USM (100% confidence)
2026-05-16 23:17:57 | INFO     | ss_crawler | [crawler] Fetching : https://www.ss.com/msg/lv/electronics/photo-optics/objectives/gghne.html
2026-05-16 23:17:59 | INFO     | ss_crawler | [lens_scraper] Initializing Lens scraper...
2026-05-16 23:17:59 | INFO     | ss_crawler | [database] Database connected: localhost:5433/ss_market
2026-05-16 23:17:59 | INFO     | ss_crawler | [lens_scraper] Database: postgresql+psycopg2://crawler:crawler_pass@localhost:5433/ss_market
2026-05-16 23:17:59 | INFO     | ss_crawler | [lens_scraper] Loaded 480 lens references
2026-05-16 23:17:59 | INFO     | ss_crawler | [crawler] Fetching : https://www.ss.com/msg/lv/electronics/photo-optics/objectives/gghne.html
2026-05-16 23:18:02 | INFO     | ss_crawler | [lens_scraper] Detected focal: 50mm (from model=True)
2026-05-16 23:18:02 | INFO     | ss_crawler | [lens_scraper] Matched [gghne]: Canon_50mm_F1.2L_USM (100% confidence)
2026-05-16 23:18:07 | INFO     | ss_crawler | [crawler] Fetching : https://www.ss.com/msg/lv/electronics/photo-optics/objectives/aebcf.html
2026-05-16 23:18:09 | INFO     | ss_crawler | [lens_scraper] Initializing Lens scraper...
2026-05-16 23:18:09 | INFO     | ss_crawler | [database] Database connected: localhost:5433/ss_market
2026-05-16 23:18:09 | INFO     | ss_crawler | [lens_scraper] Database: postgresql+psycopg2://crawler:crawler_pass@localhost:5433/ss_market
2026-05-16 23:18:09 | INFO     | ss_crawler | [lens_scraper] Loaded 480 lens references
2026-05-16 23:18:09 | INFO     | ss_crawler | [crawler] Fetching : https://www.ss.com/msg/lv/electronics/photo-optics/objectives/aebcf.html
2026-05-16 23:18:12 | INFO     | ss_crawler | [lens_scraper] Detected focal: 24mm-105mm (from model=True)
2026-05-16 23:18:12 | INFO     | ss_crawler | [lens_scraper] Matched [aebcf]: Canon_24-105mm_F4L_IS_USM (100% confidence)
2026-05-16 23:18:17 | INFO     | ss_crawler | [crawler] Fetching : https://www.ss.com/msg/lv/electronics/photo-optics/objectives/eibbp.html
2026-05-16 23:18:19 | INFO     | ss_crawler | [lens_scraper] Initializing Lens scraper...
2026-05-16 23:18:19 | INFO     | ss_crawler | [database] Database connected: localhost:5433/ss_market
2026-05-16 23:18:19 | INFO     | ss_crawler | [lens_scraper] Database: postgresql+psycopg2://crawler:crawler_pass@localhost:5433/ss_market
2026-05-16 23:18:19 | INFO     | ss_crawler | [lens_scraper] Loaded 480 lens references
2026-05-16 23:18:19 | INFO     | ss_crawler | [crawler] Fetching : https://www.ss.com/msg/lv/electronics/photo-optics/objectives/eibbp.html
2026-05-16 23:18:21 | INFO     | ss_crawler | [lens_scraper] Detected focal: 25mm (from model=True)
2026-05-16 23:18:21 | INFO     | ss_crawler | [lens_scraper] Matched [eibbp]: Zeiss_25mm_F2_Distagon_T*_ZE (90% confidence)
2026-05-16 23:18:46 | INFO     | ss_crawler | [database] Database connected: localhost:5433/ss_market
2026-05-16 23:18:52 | INFO     | ss_crawler | [crawler] Fetching : https://www.ss.com/msg/lv/electronics/photo-optics/objectives/gghne.html
2026-05-16 23:18:56 | INFO     | ss_crawler | [lens_scraper] Initializing Lens scraper...
2026-05-16 23:18:56 | INFO     | ss_crawler | [database] Database connected: localhost:5433/ss_market
2026-05-16 23:18:56 | INFO     | ss_crawler | [lens_scraper] Database: postgresql+psycopg2://crawler:crawler_pass@localhost:5433/ss_market
2026-05-16 23:18:56 | INFO     | ss_crawler | [lens_scraper] Loaded 480 lens references
2026-05-16 23:18:56 | INFO     | ss_crawler | [crawler] Fetching : https://www.ss.com/msg/lv/electronics/photo-optics/objectives/gghne.html
2026-05-16 23:18:58 | INFO     | ss_crawler | [lens_scraper] Detected focal: 50mm (from model=True)
2026-05-16 23:18:58 | INFO     | ss_crawler | [lens_scraper] Matched [gghne]: Canon_50mm_F1.2L_USM (100% confidence)
2026-05-16 23:19:03 | INFO     | ss_crawler | [crawler] Fetching : https://www.ss.com/msg/lv/electronics/photo-optics/objectives/aalgl.html
2026-05-16 23:19:04 | INFO     | ss_crawler | [lens_scraper] Initializing Lens scraper...
2026-05-16 23:19:05 | INFO     | ss_crawler | [database] Database connected: localhost:5433/ss_market
2026-05-16 23:19:05 | INFO     | ss_crawler | [lens_scraper] Database: postgresql+psycopg2://crawler:crawler_pass@localhost:5433/ss_market
2026-05-16 23:19:05 | INFO     | ss_crawler | [lens_scraper] Loaded 480 lens references
2026-05-16 23:19:05 | INFO     | ss_crawler | [crawler] Fetching : https://www.ss.com/msg/lv/electronics/photo-optics/objectives/aalgl.html
2026-05-16 23:19:08 | INFO     | ss_crawler | [lens_scraper] Detected focal: 85mm (from model=True)
2026-05-16 23:19:08 | INFO     | ss_crawler | [lens_scraper] Matched [aalgl]: Canon_85mm_F1.8_USM (100% confidence)
2026-05-16 23:19:12 | INFO     | ss_crawler | [database] Database connected: localhost:5433/ss_market
2026-05-16 23:19:31 | INFO     | ss_crawler | [crawler] Fetching : https://www.ss.com/msg/lv/electronics/photo-optics/objectives/gghne.html
2026-05-16 23:19:34 | INFO     | ss_crawler | [lens_scraper] Initializing Lens scraper...
2026-05-16 23:19:34 | INFO     | ss_crawler | [database] Database connected: localhost:5433/ss_market
2026-05-16 23:19:34 | INFO     | ss_crawler | [lens_scraper] Database: postgresql+psycopg2://crawler:crawler_pass@localhost:5433/ss_market
2026-05-16 23:19:34 | INFO     | ss_crawler | [lens_scraper] Loaded 480 lens references
2026-05-16 23:19:34 | INFO     | ss_crawler | [crawler] Fetching : https://www.ss.com/msg/lv/electronics/photo-optics/objectives/gghne.html
2026-05-16 23:19:37 | INFO     | ss_crawler | [lens_scraper] Detected focal: 50mm (from model=True)
2026-05-16 23:19:37 | INFO     | ss_crawler | [lens_scraper] 50MM DEBUG: 50mm F1.2L USM score=1.20
2026-05-16 23:19:37 | INFO     | ss_crawler | [lens_scraper] 50MM DEBUG: 50mm F1.4 USM score=1.20
2026-05-16 23:19:37 | INFO     | ss_crawler | [lens_scraper] 50MM DEBUG: 50mm F1.8 STM score=1.10
2026-05-16 23:19:37 | INFO     | ss_crawler | [lens_scraper] 50MM DEBUG: 50mm f/1.8 STM score=1.10
2026-05-16 23:19:37 | INFO     | ss_crawler | [lens_scraper] 50MM DEBUG: 50mm f/1.4 L VCM score=1.10
2026-05-16 23:19:37 | INFO     | ss_crawler | [lens_scraper] 50MM DEBUG: 50mm f/1.2 L USM score=1.20
2026-05-16 23:19:37 | INFO     | ss_crawler | [lens_scraper] Matched [gghne]: Canon_50mm_F1.2L_USM (100% confidence)
2026-05-16 23:19:53 | INFO     | ss_crawler | [crawler] Fetching : https://www.ss.com/msg/lv/electronics/photo-optics/objectives/begohe.html
2026-05-16 23:19:57 | INFO     | ss_crawler | [lens_scraper] Initializing Lens scraper...
2026-05-16 23:19:57 | INFO     | ss_crawler | [database] Database connected: localhost:5433/ss_market
2026-05-16 23:19:57 | INFO     | ss_crawler | [lens_scraper] Database: postgresql+psycopg2://crawler:crawler_pass@localhost:5433/ss_market
2026-05-16 23:19:57 | INFO     | ss_crawler | [lens_scraper] Loaded 480 lens references
2026-05-16 23:19:57 | INFO     | ss_crawler | [crawler] Fetching : https://www.ss.com/msg/lv/electronics/photo-optics/objectives/begohe.html
2026-05-16 23:20:01 | INFO     | ss_crawler | [lens_scraper] Detected focal: 16mm-28mm (from model=True)
2026-05-16 23:20:01 | INFO     | ss_crawler | [lens_scraper] 50MM DEBUG: 50mm F1.2L USM score=0.20
2026-05-16 23:20:01 | INFO     | ss_crawler | [lens_scraper] 50MM DEBUG: 50mm F1.4 USM score=0.20
2026-05-16 23:20:01 | INFO     | ss_crawler | [lens_scraper] 50MM DEBUG: 50mm F1.8 STM score=0.20
2026-05-16 23:20:01 | INFO     | ss_crawler | [lens_scraper] 50MM DEBUG: 50mm f/1.8 STM score=0.20
2026-05-16 23:20:01 | INFO     | ss_crawler | [lens_scraper] 50MM DEBUG: 50mm f/1.4 L VCM score=0.20
2026-05-16 23:20:01 | INFO     | ss_crawler | [lens_scraper] 50MM DEBUG: 50mm f/1.2 L USM score=0.20
2026-05-16 23:20:01 | INFO     | ss_crawler | [lens_scraper] Matched [begohe]: Sigma_Sigma_16-28mm_F2.8_DG_DN_|_Contemporary (100% confidence)
2026-05-16 23:20:45 | INFO     | ss_crawler | [crawler] Fetching : https://www.ss.com/msg/lv/electronics/photo-optics/objectives/gghne.html
2026-05-16 23:20:47 | INFO     | ss_crawler | [lens_scraper] Initializing Lens scraper...
2026-05-16 23:20:47 | INFO     | ss_crawler | [database] Database connected: localhost:5433/ss_market
2026-05-16 23:20:47 | INFO     | ss_crawler | [lens_scraper] Database: postgresql+psycopg2://crawler:crawler_pass@localhost:5433/ss_market
2026-05-16 23:20:47 | INFO     | ss_crawler | [lens_scraper] Loaded 480 lens references
2026-05-16 23:20:47 | INFO     | ss_crawler | [crawler] Fetching : https://www.ss.com/msg/lv/electronics/photo-optics/objectives/gghne.html
2026-05-16 23:20:50 | INFO     | ss_crawler | [lens_scraper] Detected focal: 50mm (from model=True)
2026-05-16 23:20:50 | INFO     | ss_crawler | [lens_scraper] 50MM DEBUG: 50mm F1.2L USM score=1.05
2026-05-16 23:20:50 | INFO     | ss_crawler | [lens_scraper] 50MM DEBUG: 50mm F1.4 USM score=1.20
2026-05-16 23:20:50 | INFO     | ss_crawler | [lens_scraper] 50MM DEBUG: 50mm F1.8 STM score=0.95
2026-05-16 23:20:50 | INFO     | ss_crawler | [lens_scraper] 50MM DEBUG: 50mm f/1.8 STM score=0.95
2026-05-16 23:20:50 | INFO     | ss_crawler | [lens_scraper] 50MM DEBUG: 50mm f/1.4 L VCM score=1.10
2026-05-16 23:20:50 | INFO     | ss_crawler | [lens_scraper] 50MM DEBUG: 50mm f/1.2 L USM score=1.05
2026-05-16 23:20:50 | INFO     | ss_crawler | [lens_scraper] Matched [gghne]: Canon_50mm_F1.4_USM (100% confidence)
2026-05-16 23:20:57 | INFO     | ss_crawler | [crawler] Fetching : https://www.ss.com/msg/lv/electronics/photo-optics/objectives/eibbp.html
2026-05-16 23:20:57 | INFO     | ss_crawler | [crawler] Fetching : https://www.ss.com/msg/lv/electronics/photo-optics/objectives/aebcf.html
2026-05-16 23:20:59 | INFO     | ss_crawler | [lens_scraper] Initializing Lens scraper...
2026-05-16 23:20:59 | INFO     | ss_crawler | [database] Database connected: localhost:5433/ss_market
2026-05-16 23:20:59 | INFO     | ss_crawler | [lens_scraper] Database: postgresql+psycopg2://crawler:crawler_pass@localhost:5433/ss_market
2026-05-16 23:20:59 | INFO     | ss_crawler | [lens_scraper] Loaded 480 lens references
2026-05-16 23:20:59 | INFO     | ss_crawler | [crawler] Fetching : https://www.ss.com/msg/lv/electronics/photo-optics/objectives/aebcf.html
2026-05-16 23:21:00 | INFO     | ss_crawler | [lens_scraper] Initializing Lens scraper...
2026-05-16 23:21:00 | INFO     | ss_crawler | [database] Database connected: localhost:5433/ss_market
2026-05-16 23:21:00 | INFO     | ss_crawler | [lens_scraper] Database: postgresql+psycopg2://crawler:crawler_pass@localhost:5433/ss_market
2026-05-16 23:21:00 | INFO     | ss_crawler | [lens_scraper] Loaded 480 lens references
2026-05-16 23:21:00 | INFO     | ss_crawler | [crawler] Fetching : https://www.ss.com/msg/lv/electronics/photo-optics/objectives/eibbp.html
2026-05-16 23:21:03 | INFO     | ss_crawler | [lens_scraper] Detected focal: 24mm-105mm (from model=True)
2026-05-16 23:21:03 | INFO     | ss_crawler | [lens_scraper] 50MM DEBUG: 50mm F1.2L USM score=0.60
2026-05-16 23:21:03 | INFO     | ss_crawler | [lens_scraper] 50MM DEBUG: 50mm F1.4 USM score=0.60
2026-05-16 23:21:03 | INFO     | ss_crawler | [lens_scraper] 50MM DEBUG: 50mm F1.8 STM score=0.60
2026-05-16 23:21:03 | INFO     | ss_crawler | [lens_scraper] 50MM DEBUG: 50mm f/1.8 STM score=0.60
2026-05-16 23:21:03 | INFO     | ss_crawler | [lens_scraper] 50MM DEBUG: 50mm f/1.4 L VCM score=0.60
2026-05-16 23:21:03 | INFO     | ss_crawler | [lens_scraper] 50MM DEBUG: 50mm f/1.2 L USM score=0.60
2026-05-16 23:21:03 | INFO     | ss_crawler | [lens_scraper] Matched [aebcf]: Canon_24-105mm_F4L_IS_USM (100% confidence)
2026-05-16 23:21:03 | INFO     | ss_crawler | [lens_scraper] Detected focal: 25mm (from model=True)
2026-05-16 23:21:03 | INFO     | ss_crawler | [lens_scraper] 50MM DEBUG: 50mm F1.2L USM score=0.20
2026-05-16 23:21:03 | INFO     | ss_crawler | [lens_scraper] 50MM DEBUG: 50mm F1.4 USM score=0.20
2026-05-16 23:21:03 | INFO     | ss_crawler | [lens_scraper] 50MM DEBUG: 50mm F1.8 STM score=0.20
2026-05-16 23:21:03 | INFO     | ss_crawler | [lens_scraper] 50MM DEBUG: 50mm f/1.8 STM score=0.20
2026-05-16 23:21:03 | INFO     | ss_crawler | [lens_scraper] 50MM DEBUG: 50mm f/1.4 L VCM score=0.20
2026-05-16 23:21:03 | INFO     | ss_crawler | [lens_scraper] 50MM DEBUG: 50mm f/1.2 L USM score=0.20
2026-05-16 23:21:03 | INFO     | ss_crawler | [lens_scraper] Matched [eibbp]: Zeiss_25mm_F2_Distagon_T*_ZE (90% confidence)
2026-05-16 23:21:19 | INFO     | ss_crawler | [crawler] Fetching : https://www.ss.com/msg/lv/electronics/photo-optics/objectives/gcmeb.html
2026-05-16 23:21:21 | INFO     | ss_crawler | [lens_scraper] Initializing Lens scraper...
2026-05-16 23:21:22 | INFO     | ss_crawler | [database] Database connected: localhost:5433/ss_market
2026-05-16 23:21:22 | INFO     | ss_crawler | [lens_scraper] Database: postgresql+psycopg2://crawler:crawler_pass@localhost:5433/ss_market
2026-05-16 23:21:22 | INFO     | ss_crawler | [lens_scraper] Loaded 480 lens references
2026-05-16 23:21:22 | INFO     | ss_crawler | [crawler] Fetching : https://www.ss.com/msg/lv/electronics/photo-optics/objectives/gcmeb.html
2026-05-16 23:21:26 | INFO     | ss_crawler | [lens_scraper] Detected focal: 17mm-28mm (from model=True)
2026-05-16 23:21:26 | INFO     | ss_crawler | [lens_scraper] Matched [gcmeb]: Tamron_17-35mm_F2.8-4_DI_OSD (90% confidence)
2026-05-16 23:21:29 | INFO     | ss_crawler | [crawler] Fetching : https://www.ss.com/msg/lv/electronics/photo-optics/objectives/bjdpgm.html
2026-05-16 23:21:32 | INFO     | ss_crawler | [lens_scraper] Initializing Lens scraper...
2026-05-16 23:21:32 | INFO     | ss_crawler | [database] Database connected: localhost:5433/ss_market
2026-05-16 23:21:32 | INFO     | ss_crawler | [lens_scraper] Database: postgresql+psycopg2://crawler:crawler_pass@localhost:5433/ss_market
2026-05-16 23:21:32 | INFO     | ss_crawler | [lens_scraper] Loaded 480 lens references
2026-05-16 23:21:32 | INFO     | ss_crawler | [crawler] Fetching : https://www.ss.com/msg/lv/electronics/photo-optics/objectives/bjdpgm.html
2026-05-16 23:21:35 | INFO     | ss_crawler | [lens_scraper] Detected focal: 24mm-70mm (from model=True)
2026-05-16 23:21:35 | INFO     | ss_crawler | [lens_scraper] Matched [bjdpgm]: Canon_24-70mm_F2.8L_USM (100% confidence)
2026-05-16 23:22:35 | INFO     | ss_crawler | [crawler] Fetching : https://www.ss.com/msg/lv/electronics/photo-optics/objectives/bhnnxk.html
2026-05-16 23:22:39 | INFO     | ss_crawler | [lens_scraper] Initializing Lens scraper...
2026-05-16 23:22:39 | INFO     | ss_crawler | [database] Database connected: localhost:5433/ss_market
2026-05-16 23:22:39 | INFO     | ss_crawler | [lens_scraper] Database: postgresql+psycopg2://crawler:crawler_pass@localhost:5433/ss_market
2026-05-16 23:22:39 | INFO     | ss_crawler | [lens_scraper] Loaded 480 lens references
2026-05-16 23:22:39 | INFO     | ss_crawler | [crawler] Fetching : https://www.ss.com/msg/lv/electronics/photo-optics/objectives/bhnnxk.html
2026-05-16 23:22:42 | INFO     | ss_crawler | [lens_scraper] Detected focal: 24mm (from model=True)
2026-05-16 23:22:42 | INFO     | ss_crawler | [lens_scraper] Matched [bhnnxk]: Canon_24mm_F2.8_IS_USM (100% confidence)
2026-05-16 23:23:03 | INFO     | ss_crawler | [database] Database connected: localhost:5433/ss_market
2026-05-16 23:23:33 | INFO     | ss_crawler | [database] Database connected: localhost:5433/ss_market
2026-05-16 23:23:40 | INFO     | ss_crawler | [crawler] Fetching : https://www.ss.com/msg/lv/electronics/photo-optics/objectives/gcmeb.html
2026-05-16 23:23:43 | INFO     | ss_crawler | [lens_scraper] Initializing Lens scraper...
2026-05-16 23:23:43 | INFO     | ss_crawler | [database] Database connected: localhost:5433/ss_market
2026-05-16 23:23:43 | INFO     | ss_crawler | [lens_scraper] Database: postgresql+psycopg2://crawler:crawler_pass@localhost:5433/ss_market
2026-05-16 23:23:43 | INFO     | ss_crawler | [lens_scraper] Loaded 480 lens references
2026-05-16 23:23:43 | INFO     | ss_crawler | [crawler] Fetching : https://www.ss.com/msg/lv/electronics/photo-optics/objectives/gcmeb.html
2026-05-16 23:23:46 | INFO     | ss_crawler | [lens_scraper] Detected focal: 17mm-28mm (from model=True)
2026-05-16 23:23:46 | INFO     | ss_crawler | [lens_scraper] Matched [gcmeb]: Tamron_17-35mm_F2.8-4_DI_OSD (90% confidence)
2026-05-16 23:24:01 | INFO     | ss_crawler | [crawler] Fetching : https://www.ss.com/msg/lv/electronics/photo-optics/objectives/gcmeb.html
2026-05-16 23:24:04 | INFO     | ss_crawler | [lens_scraper] Initializing Lens scraper...
2026-05-16 23:24:04 | INFO     | ss_crawler | [database] Database connected: localhost:5433/ss_market
2026-05-16 23:24:04 | INFO     | ss_crawler | [lens_scraper] Database: postgresql+psycopg2://crawler:crawler_pass@localhost:5433/ss_market
2026-05-16 23:24:04 | INFO     | ss_crawler | [lens_scraper] Loaded 480 lens references
2026-05-16 23:24:04 | INFO     | ss_crawler | [crawler] Fetching : https://www.ss.com/msg/lv/electronics/photo-optics/objectives/gcmeb.html
2026-05-16 23:24:07 | INFO     | ss_crawler | [lens_scraper] Detected focal: 17mm-28mm (from model=True)
2026-05-16 23:24:07 | INFO     | ss_crawler | [lens_scraper] TAMRON DEBUG: New best 35mm F1.4 Di USD score=0.60
2026-05-16 23:24:07 | INFO     | ss_crawler | [lens_scraper] TAMRON DEBUG: New best 90mm F2.8 Di Macro score=0.75
2026-05-16 23:24:07 | INFO     | ss_crawler | [lens_scraper] TAMRON DEBUG: New best 17-35mm F2.8-4 DI OSD score=0.90
2026-05-16 23:24:07 | INFO     | ss_crawler | [lens_scraper] Matched [gcmeb]: Tamron_17-35mm_F2.8-4_DI_OSD (90% confidence)
2026-05-16 23:24:14 | INFO     | ss_crawler | [database] Database connected: localhost:5433/ss_market
2026-05-16 23:24:32 | INFO     | ss_crawler | [database] Database connected: localhost:5433/ss_market
2026-05-16 23:24:47 | INFO     | ss_crawler | [crawler] Fetching : https://www.ss.com/msg/lv/electronics/photo-optics/objectives/fgimf.html
2026-05-16 23:24:49 | INFO     | ss_crawler | [lens_scraper] Initializing Lens scraper...
2026-05-16 23:24:49 | INFO     | ss_crawler | [database] Database connected: localhost:5433/ss_market
2026-05-16 23:24:49 | INFO     | ss_crawler | [lens_scraper] Database: postgresql+psycopg2://crawler:crawler_pass@localhost:5433/ss_market
2026-05-16 23:24:49 | INFO     | ss_crawler | [lens_scraper] Loaded 480 lens references
2026-05-16 23:24:49 | INFO     | ss_crawler | [crawler] Fetching : https://www.ss.com/msg/lv/electronics/photo-optics/objectives/fgimf.html
2026-05-16 23:24:52 | INFO     | ss_crawler | [database] Database connected: localhost:5433/ss_market
2026-05-16 23:24:53 | INFO     | ss_crawler | [lens_scraper] Detected focal: 35mm (from model=True)
2026-05-16 23:24:53 | INFO     | ss_crawler | [lens_scraper] Matched [fgimf]: Canon_35mm_F2.8_Macro_IS_STM (100% confidence)
2026-05-16 23:25:40 | INFO     | ss_crawler | [database] Database connected: localhost:5433/ss_market
2026-05-16 23:25:57 | INFO     | ss_crawler | [crawler] Fetching : https://www.ss.com/msg/lv/electronics/photo-optics/objectives/aafxg.html
2026-05-16 23:26:00 | INFO     | ss_crawler | [lens_scraper] Initializing Lens scraper...
2026-05-16 23:26:00 | INFO     | ss_crawler | [database] Database connected: localhost:5433/ss_market
2026-05-16 23:26:00 | INFO     | ss_crawler | [lens_scraper] Database: postgresql+psycopg2://crawler:crawler_pass@localhost:5433/ss_market
2026-05-16 23:26:00 | INFO     | ss_crawler | [lens_scraper] Loaded 480 lens references
2026-05-16 23:26:00 | INFO     | ss_crawler | [crawler] Fetching : https://www.ss.com/msg/lv/electronics/photo-optics/objectives/aafxg.html
2026-05-16 23:26:02 | INFO     | ss_crawler | [lens_scraper] Matched [aafxg]: Canon_35mm_F2_IS_USM (95% confidence)
2026-05-16 23:26:12 | INFO     | ss_crawler | [database] Database connected: localhost:5433/ss_market
2026-05-16 23:26:40 | INFO     | ss_crawler | [crawler] Fetching : https://www.ss.com/msg/lv/electronics/photo-optics/objectives/gcmeb.html
2026-05-16 23:26:43 | INFO     | ss_crawler | [lens_scraper] Initializing Lens scraper...
2026-05-16 23:26:43 | INFO     | ss_crawler | [database] Database connected: localhost:5433/ss_market
2026-05-16 23:26:43 | INFO     | ss_crawler | [lens_scraper] Database: postgresql+psycopg2://crawler:crawler_pass@localhost:5433/ss_market
2026-05-16 23:26:43 | INFO     | ss_crawler | [lens_scraper] Loaded 480 lens references
2026-05-16 23:26:43 | INFO     | ss_crawler | [crawler] Fetching : https://www.ss.com/msg/lv/electronics/photo-optics/objectives/gcmeb.html
2026-05-16 23:26:46 | INFO     | ss_crawler | [lens_scraper] Detected focal: 17mm-28mm (from model=True)
2026-05-16 23:26:46 | INFO     | ss_crawler | [lens_scraper] Matched [gcmeb]: Tamron_17-35mm_F2.8-4_DI_OSD (90% confidence)
2026-05-16 23:27:23 | INFO     | ss_crawler | [crawler] Fetching : https://www.ss.com/msg/lv/electronics/photo-optics/objectives/gcmeb.html
2026-05-16 23:27:25 | INFO     | ss_crawler | [lens_scraper] Initializing Lens scraper...
2026-05-16 23:27:25 | INFO     | ss_crawler | [database] Database connected: localhost:5433/ss_market
2026-05-16 23:27:25 | INFO     | ss_crawler | [lens_scraper] Database: postgresql+psycopg2://crawler:crawler_pass@localhost:5433/ss_market
2026-05-16 23:27:25 | INFO     | ss_crawler | [lens_scraper] Loaded 480 lens references
2026-05-16 23:27:25 | INFO     | ss_crawler | [crawler] Fetching : https://www.ss.com/msg/lv/electronics/photo-optics/objectives/gcmeb.html
2026-05-16 23:27:28 | INFO     | ss_crawler | [lens_scraper] Detected focal: 17mm-28mm (from model=True)
2026-05-16 23:27:28 | INFO     | ss_crawler | [lens_scraper] TAMRON: 35mm F1.4 Di USD score=0.60 (focal_min=35, focal_max=None)
2026-05-16 23:27:28 | INFO     | ss_crawler | [lens_scraper] TAMRON BEST: New best 35mm F1.4 Di USD
2026-05-16 23:27:28 | INFO     | ss_crawler | [lens_scraper] TAMRON: 35mm F1.8 Di VC USD score=0.60 (focal_min=35, focal_max=None)
2026-05-16 23:27:28 | INFO     | ss_crawler | [lens_scraper] TAMRON: 45mm F1.8 Di VC USD score=0.60 (focal_min=45, focal_max=None)
2026-05-16 23:27:28 | INFO     | ss_crawler | [lens_scraper] TAMRON: 85mm F1.8 Di VC USD score=0.60 (focal_min=85, focal_max=None)
2026-05-16 23:27:28 | INFO     | ss_crawler | [lens_scraper] TAMRON: 90mm F2.8 Di Macro score=0.75 (focal_min=90, focal_max=None)
2026-05-16 23:27:28 | INFO     | ss_crawler | [lens_scraper] TAMRON BEST: New best 90mm F2.8 Di Macro
2026-05-16 23:27:28 | INFO     | ss_crawler | [lens_scraper] TAMRON: 90mm F2.8 Di Macro 1:1 VC USD score=0.75 (focal_min=90, focal_max=None)
2026-05-16 23:27:28 | INFO     | ss_crawler | [lens_scraper] TAMRON: 15-30mm F2.8 Di VC USD score=0.75 (focal_min=15, focal_max=30)
2026-05-16 23:27:28 | INFO     | ss_crawler | [lens_scraper] TAMRON: 17-35mm F2.8-4 DI OSD score=0.90 (focal_min=17, focal_max=35)
2026-05-16 23:27:28 | INFO     | ss_crawler | [lens_scraper] TAMRON BEST: New best 17-35mm F2.8-4 DI OSD
2026-05-16 23:27:28 | INFO     | ss_crawler | [lens_scraper] TAMRON: 24-70mm F2.8 Di VC USD G2 score=0.75 (focal_min=24, focal_max=70)
2026-05-16 23:27:28 | INFO     | ss_crawler | [lens_scraper] TAMRON: 28-75mm F2.8 XR Di LD Aspherical (IF)  score=0.75 (focal_min=28, focal_max=75)
2026-05-16 23:27:28 | INFO     | ss_crawler | [lens_scraper] TAMRON: 35-150mm F2.8-4 Di VC OSD score=0.75 (focal_min=35, focal_max=150)
2026-05-16 23:27:28 | INFO     | ss_crawler | [lens_scraper] TAMRON: 28-300mm F3.5-6.3 Di VC PZD score=0.60 (focal_min=28, focal_max=300)
2026-05-16 23:27:28 | INFO     | ss_crawler | [lens_scraper] TAMRON: 70-200mm F2.8 Di LD (IF) Macro AF score=0.75 (focal_min=70, focal_max=200)
2026-05-16 23:27:28 | INFO     | ss_crawler | [lens_scraper] TAMRON: 70-200mm F2.8 Di VC USD G2 score=0.75 (focal_min=70, focal_max=200)
2026-05-16 23:27:28 | INFO     | ss_crawler | [lens_scraper] TAMRON: 70-210mm F4 Di VC USD score=0.60 (focal_min=70, focal_max=210)
2026-05-16 23:27:28 | INFO     | ss_crawler | [lens_scraper] TAMRON: 70-300mm F4-5.6 Di VC USD  score=0.60 (focal_min=70, focal_max=300)
2026-05-16 23:27:28 | INFO     | ss_crawler | [lens_scraper] TAMRON: 100-400mm F4.5-6.3 Di VC USD score=0.60 (focal_min=100, focal_max=400)
2026-05-16 23:27:28 | INFO     | ss_crawler | [lens_scraper] TAMRON: 18-270mm F3.5-6.3 Di II VC PZD score=-0.05 (focal_min=18, focal_max=270)
2026-05-16 23:27:28 | INFO     | ss_crawler | [lens_scraper] TAMRON: 150-600mm F5-6.3 Di VC USD  score=0.60 (focal_min=150, focal_max=600)
2026-05-16 23:27:28 | INFO     | ss_crawler | [lens_scraper] TAMRON: 150-600mm F5-6.3 Di VC USD G2  score=0.60 (focal_min=150, focal_max=600)
2026-05-16 23:27:28 | INFO     | ss_crawler | [lens_scraper] TAMRON: 60mm F2 Di II 1:1 Macro score=0.10 (focal_min=60, focal_max=None)
2026-05-16 23:27:28 | INFO     | ss_crawler | [lens_scraper] TAMRON: 10-24mm F3.5-4.5 Di II VC HLD score=-0.05 (focal_min=10, focal_max=24)
2026-05-16 23:27:28 | INFO     | ss_crawler | [lens_scraper] TAMRON: 16-300mm F3.5-6.3 Di II VC PZD MACRO score=-0.05 (focal_min=16, focal_max=300)
2026-05-16 23:27:28 | INFO     | ss_crawler | [lens_scraper] TAMRON: 17-50mm F2.8 SP AF XR Di II LD Aspherical score=0.25 (focal_min=17, focal_max=50)
2026-05-16 23:27:28 | INFO     | ss_crawler | [lens_scraper] TAMRON: 17-50mm F2.8 SP AF XR Di-II VC LD score=0.25 (focal_min=17, focal_max=50)
2026-05-16 23:27:28 | INFO     | ss_crawler | [lens_scraper] TAMRON: 18-200mm F3.5-6.3 Di II VC  score=-0.05 (focal_min=18, focal_max=200)
2026-05-16 23:27:28 | INFO     | ss_crawler | [lens_scraper] TAMRON: 18-400mm F3.5-6.3 Di II VC HLD score=-0.05 (focal_min=18, focal_max=400)
2026-05-16 23:27:28 | INFO     | ss_crawler | [lens_scraper] TAMRON: Tamron 11-20mm F/2.8 Di III-A RXD score=-0.45 (focal_min=11, focal_max=20)
2026-05-16 23:27:28 | INFO     | ss_crawler | [lens_scraper] TAMRON: Tamron 17-70mm F/2.8 Di III-A VC RXD score=-0.30 (focal_min=17, focal_max=70)
2026-05-16 23:27:28 | INFO     | ss_crawler | [lens_scraper] TAMRON: Tamron 18-200mm F/3.5-6.3 Di III VC score=-0.60 (focal_min=18, focal_max=200)
2026-05-16 23:27:28 | INFO     | ss_crawler | [lens_scraper] TAMRON: Tamron 18-300mm F/3.5-6.3 Di III-A VC VXD score=-0.60 (focal_min=18, focal_max=300)
2026-05-16 23:27:28 | INFO     | ss_crawler | [lens_scraper] TAMRON: Tamron 35mm F/2.8 Di III OSD M1:2 score=-0.45 (focal_min=35, focal_max=35)
2026-05-16 23:27:28 | INFO     | ss_crawler | [lens_scraper] TAMRON: Tamron SP 35mm F/1.4 Di USD score=0.60 (focal_min=35, focal_max=35)
2026-05-16 23:27:28 | INFO     | ss_crawler | [lens_scraper] TAMRON: Tamron 70-210mm F/4 Di VC USD score=0.60 (focal_min=70, focal_max=210)
2026-05-16 23:27:28 | INFO     | ss_crawler | [lens_scraper] TAMRON: Tamron 17-28mm F/2.8 Di III RXD score=-0.10 (focal_min=17, focal_max=28)
2026-05-16 23:27:28 | INFO     | ss_crawler | [lens_scraper] TAMRON: Tamron 20-40mm F/2.8 Di III VXD score=-0.45 (focal_min=20, focal_max=40)
2026-05-16 23:27:28 | INFO     | ss_crawler | [lens_scraper] TAMRON: Tamron 28-200mm F/2.8-5.6 Di III RXD score=-0.45 (focal_min=28, focal_max=200)
2026-05-16 23:27:28 | INFO     | ss_crawler | [lens_scraper] TAMRON: Tamron 28-300mm F/4-7.1 Di III VC VXD score=-0.60 (focal_min=28, focal_max=300)
2026-05-16 23:27:28 | INFO     | ss_crawler | [lens_scraper] TAMRON: Tamron 35-150mm F/2-2.8 Di III VXD score=-0.45 (focal_min=35, focal_max=150)
2026-05-16 23:27:28 | INFO     | ss_crawler | [lens_scraper] TAMRON: Tamron 50-300mm F/4.5-6.3 Di III VC VXD score=-0.60 (focal_min=50, focal_max=300)
2026-05-16 23:27:28 | INFO     | ss_crawler | [lens_scraper] TAMRON: Tamron 50-400mm F/4.5-6.3 Di III VC VXD score=-0.60 (focal_min=50, focal_max=400)
2026-05-16 23:27:28 | INFO     | ss_crawler | [lens_scraper] TAMRON: Tamron 70-180mm F/2.8 Di III VXD score=-0.45 (focal_min=70, focal_max=180)
2026-05-16 23:27:28 | INFO     | ss_crawler | [lens_scraper] TAMRON: Tamron 70-180mm F/2.8 Di III VC VXD G2 score=-0.45 (focal_min=70, focal_max=180)
2026-05-16 23:27:28 | INFO     | ss_crawler | [lens_scraper] TAMRON: Tamron 70-200mm F/2.8 Di III RXD score=-0.45 (focal_min=70, focal_max=200)
2026-05-16 23:27:28 | INFO     | ss_crawler | [lens_scraper] TAMRON: Tamron 70-300mm F/4.5-6.3 Di III RXD score=-0.60 (focal_min=70, focal_max=300)
2026-05-16 23:27:28 | INFO     | ss_crawler | [lens_scraper] TAMRON: Tamron 150-500mm F/5-6.7 Di III VC VXD score=-0.60 (focal_min=150, focal_max=500)
2026-05-16 23:27:28 | INFO     | ss_crawler | [lens_scraper] TAMRON: Tamron 300mm F/2.8 Di III VC VXD score=-0.45 (focal_min=300, focal_max=300)
2026-05-16 23:27:28 | INFO     | ss_crawler | [lens_scraper] Matched [gcmeb]: Tamron_17-35mm_F2.8-4_DI_OSD (90% confidence)
2026-05-16 23:27:50 | INFO     | ss_crawler | [crawler] Fetching : https://www.ss.com/msg/lv/electronics/photo-optics/objectives/gcmeb.html
2026-05-16 23:27:53 | INFO     | ss_crawler | [lens_scraper] Initializing Lens scraper...
2026-05-16 23:27:53 | INFO     | ss_crawler | [database] Database connected: localhost:5433/ss_market
2026-05-16 23:27:53 | INFO     | ss_crawler | [lens_scraper] Database: postgresql+psycopg2://crawler:crawler_pass@localhost:5433/ss_market
2026-05-16 23:27:53 | INFO     | ss_crawler | [lens_scraper] Loaded 480 lens references
2026-05-16 23:27:53 | INFO     | ss_crawler | [crawler] Fetching : https://www.ss.com/msg/lv/electronics/photo-optics/objectives/gcmeb.html
2026-05-16 23:27:56 | INFO     | ss_crawler | [lens_scraper] Detected focal: 17mm-28mm (from model=True)
2026-05-16 23:27:56 | INFO     | ss_crawler | [lens_scraper] TAMRON: 35mm F1.4 Di USD score=0.60 (focal_min=35, focal_max=None)
2026-05-16 23:27:56 | INFO     | ss_crawler | [lens_scraper] TAMRON BEST: New best 35mm F1.4 Di USD
2026-05-16 23:27:56 | INFO     | ss_crawler | [lens_scraper] TAMRON: 35mm F1.8 Di VC USD score=0.60 (focal_min=35, focal_max=None)
2026-05-16 23:27:56 | INFO     | ss_crawler | [lens_scraper] TAMRON: 45mm F1.8 Di VC USD score=0.60 (focal_min=45, focal_max=None)
2026-05-16 23:27:56 | INFO     | ss_crawler | [lens_scraper] TAMRON: 85mm F1.8 Di VC USD score=0.60 (focal_min=85, focal_max=None)
2026-05-16 23:27:56 | INFO     | ss_crawler | [lens_scraper] TAMRON: 90mm F2.8 Di Macro score=0.75 (focal_min=90, focal_max=None)
2026-05-16 23:27:56 | INFO     | ss_crawler | [lens_scraper] TAMRON BEST: New best 90mm F2.8 Di Macro
2026-05-16 23:27:56 | INFO     | ss_crawler | [lens_scraper] TAMRON: 90mm F2.8 Di Macro 1:1 VC USD score=0.75 (focal_min=90, focal_max=None)
2026-05-16 23:27:56 | INFO     | ss_crawler | [lens_scraper] TAMRON: 15-30mm F2.8 Di VC USD score=0.75 (focal_min=15, focal_max=30)
2026-05-16 23:27:56 | INFO     | ss_crawler | [lens_scraper] TAMRON: 17-35mm F2.8-4 DI OSD score=0.90 (focal_min=17, focal_max=35)
2026-05-16 23:27:56 | INFO     | ss_crawler | [lens_scraper] TAMRON BEST: New best 17-35mm F2.8-4 DI OSD
2026-05-16 23:27:56 | INFO     | ss_crawler | [lens_scraper] TAMRON: 24-70mm F2.8 Di VC USD G2 score=0.75 (focal_min=24, focal_max=70)
2026-05-16 23:27:56 | INFO     | ss_crawler | [lens_scraper] TAMRON: 28-75mm F2.8 XR Di LD Aspherical (IF)  score=0.75 (focal_min=28, focal_max=75)
2026-05-16 23:27:56 | INFO     | ss_crawler | [lens_scraper] TAMRON: 35-150mm F2.8-4 Di VC OSD score=0.75 (focal_min=35, focal_max=150)
2026-05-16 23:27:56 | INFO     | ss_crawler | [lens_scraper] TAMRON: 28-300mm F3.5-6.3 Di VC PZD score=0.60 (focal_min=28, focal_max=300)
2026-05-16 23:27:56 | INFO     | ss_crawler | [lens_scraper] TAMRON: 70-200mm F2.8 Di LD (IF) Macro AF score=0.75 (focal_min=70, focal_max=200)
2026-05-16 23:27:56 | INFO     | ss_crawler | [lens_scraper] TAMRON: 70-200mm F2.8 Di VC USD G2 score=0.75 (focal_min=70, focal_max=200)
2026-05-16 23:27:56 | INFO     | ss_crawler | [lens_scraper] TAMRON: 70-210mm F4 Di VC USD score=0.60 (focal_min=70, focal_max=210)
2026-05-16 23:27:56 | INFO     | ss_crawler | [lens_scraper] TAMRON: 70-300mm F4-5.6 Di VC USD  score=0.60 (focal_min=70, focal_max=300)
2026-05-16 23:27:56 | INFO     | ss_crawler | [lens_scraper] TAMRON: 100-400mm F4.5-6.3 Di VC USD score=0.60 (focal_min=100, focal_max=400)
2026-05-16 23:27:56 | INFO     | ss_crawler | [lens_scraper] TAMRON: 18-270mm F3.5-6.3 Di II VC PZD score=-0.05 (focal_min=18, focal_max=270)
2026-05-16 23:27:56 | INFO     | ss_crawler | [lens_scraper] TAMRON: 150-600mm F5-6.3 Di VC USD  score=0.60 (focal_min=150, focal_max=600)
2026-05-16 23:27:56 | INFO     | ss_crawler | [lens_scraper] TAMRON: 150-600mm F5-6.3 Di VC USD G2  score=0.60 (focal_min=150, focal_max=600)
2026-05-16 23:27:56 | INFO     | ss_crawler | [lens_scraper] TAMRON: 60mm F2 Di II 1:1 Macro score=0.10 (focal_min=60, focal_max=None)
2026-05-16 23:27:56 | INFO     | ss_crawler | [lens_scraper] TAMRON: 10-24mm F3.5-4.5 Di II VC HLD score=-0.05 (focal_min=10, focal_max=24)
2026-05-16 23:27:56 | INFO     | ss_crawler | [lens_scraper] TAMRON: 16-300mm F3.5-6.3 Di II VC PZD MACRO score=-0.05 (focal_min=16, focal_max=300)
2026-05-16 23:27:56 | INFO     | ss_crawler | [lens_scraper] TAMRON: 17-50mm F2.8 SP AF XR Di II LD Aspherical score=0.25 (focal_min=17, focal_max=50)
2026-05-16 23:27:56 | INFO     | ss_crawler | [lens_scraper] TAMRON: 17-50mm F2.8 SP AF XR Di-II VC LD score=0.25 (focal_min=17, focal_max=50)
2026-05-16 23:27:56 | INFO     | ss_crawler | [lens_scraper] TAMRON: 18-200mm F3.5-6.3 Di II VC  score=-0.05 (focal_min=18, focal_max=200)
2026-05-16 23:27:56 | INFO     | ss_crawler | [lens_scraper] TAMRON: 18-400mm F3.5-6.3 Di II VC HLD score=-0.05 (focal_min=18, focal_max=400)
2026-05-16 23:27:56 | INFO     | ss_crawler | [lens_scraper] TAMRON: Tamron 11-20mm F/2.8 Di III-A RXD score=-0.45 (focal_min=11, focal_max=20)
2026-05-16 23:27:56 | INFO     | ss_crawler | [lens_scraper] TAMRON: Tamron 17-70mm F/2.8 Di III-A VC RXD score=-0.30 (focal_min=17, focal_max=70)
2026-05-16 23:27:56 | INFO     | ss_crawler | [lens_scraper] TAMRON: Tamron 18-200mm F/3.5-6.3 Di III VC score=-0.60 (focal_min=18, focal_max=200)
2026-05-16 23:27:56 | INFO     | ss_crawler | [lens_scraper] TAMRON: Tamron 18-300mm F/3.5-6.3 Di III-A VC VXD score=-0.60 (focal_min=18, focal_max=300)
2026-05-16 23:27:56 | INFO     | ss_crawler | [lens_scraper] TAMRON: Tamron 35mm F/2.8 Di III OSD M1:2 score=-0.45 (focal_min=35, focal_max=35)
2026-05-16 23:27:56 | INFO     | ss_crawler | [lens_scraper] TAMRON: Tamron SP 35mm F/1.4 Di USD score=0.60 (focal_min=35, focal_max=35)
2026-05-16 23:27:56 | INFO     | ss_crawler | [lens_scraper] TAMRON: Tamron 70-210mm F/4 Di VC USD score=0.60 (focal_min=70, focal_max=210)
2026-05-16 23:27:56 | INFO     | ss_crawler | [lens_scraper] TAMRON: Tamron 17-28mm F/2.8 Di III RXD score=-0.10 (focal_min=17, focal_max=28)
2026-05-16 23:27:56 | INFO     | ss_crawler | [lens_scraper] TAMRON: Tamron 20-40mm F/2.8 Di III VXD score=-0.45 (focal_min=20, focal_max=40)
2026-05-16 23:27:56 | INFO     | ss_crawler | [lens_scraper] TAMRON: Tamron 28-200mm F/2.8-5.6 Di III RXD score=-0.45 (focal_min=28, focal_max=200)
2026-05-16 23:27:56 | INFO     | ss_crawler | [lens_scraper] TAMRON: Tamron 28-300mm F/4-7.1 Di III VC VXD score=-0.60 (focal_min=28, focal_max=300)
2026-05-16 23:27:56 | INFO     | ss_crawler | [lens_scraper] TAMRON: Tamron 35-150mm F/2-2.8 Di III VXD score=-0.45 (focal_min=35, focal_max=150)
2026-05-16 23:27:56 | INFO     | ss_crawler | [lens_scraper] TAMRON: Tamron 50-300mm F/4.5-6.3 Di III VC VXD score=-0.60 (focal_min=50, focal_max=300)
2026-05-16 23:27:56 | INFO     | ss_crawler | [lens_scraper] TAMRON: Tamron 50-400mm F/4.5-6.3 Di III VC VXD score=-0.60 (focal_min=50, focal_max=400)
2026-05-16 23:27:56 | INFO     | ss_crawler | [lens_scraper] TAMRON: Tamron 70-180mm F/2.8 Di III VXD score=-0.45 (focal_min=70, focal_max=180)
2026-05-16 23:27:56 | INFO     | ss_crawler | [lens_scraper] TAMRON: Tamron 70-180mm F/2.8 Di III VC VXD G2 score=-0.45 (focal_min=70, focal_max=180)
2026-05-16 23:27:56 | INFO     | ss_crawler | [lens_scraper] TAMRON: Tamron 70-200mm F/2.8 Di III RXD score=-0.45 (focal_min=70, focal_max=200)
2026-05-16 23:27:56 | INFO     | ss_crawler | [lens_scraper] TAMRON: Tamron 70-300mm F/4.5-6.3 Di III RXD score=-0.60 (focal_min=70, focal_max=300)
2026-05-16 23:27:56 | INFO     | ss_crawler | [lens_scraper] TAMRON: Tamron 150-500mm F/5-6.7 Di III VC VXD score=-0.60 (focal_min=150, focal_max=500)
2026-05-16 23:27:56 | INFO     | ss_crawler | [lens_scraper] TAMRON: Tamron 300mm F/2.8 Di III VC VXD score=-0.45 (focal_min=300, focal_max=300)
2026-05-16 23:27:56 | INFO     | ss_crawler | [lens_scraper] Matched [gcmeb]: Tamron_17-35mm_F2.8-4_DI_OSD (90% confidence)
2026-05-16 23:28:41 | INFO     | ss_crawler | [database] Database connected: localhost:5433/ss_market
2026-05-16 23:29:01 | INFO     | ss_crawler | [crawler] Fetching : https://www.ss.com/msg/lv/electronics/photo-optics/objectives/gcmeb.html
2026-05-16 23:29:05 | INFO     | ss_crawler | [lens_scraper] Initializing Lens scraper...
2026-05-16 23:29:05 | INFO     | ss_crawler | [database] Database connected: localhost:5433/ss_market
2026-05-16 23:29:05 | INFO     | ss_crawler | [lens_scraper] Database: postgresql+psycopg2://crawler:crawler_pass@localhost:5433/ss_market
2026-05-16 23:29:05 | INFO     | ss_crawler | [lens_scraper] Loaded 480 lens references
2026-05-16 23:29:05 | INFO     | ss_crawler | [crawler] Fetching : https://www.ss.com/msg/lv/electronics/photo-optics/objectives/gcmeb.html
2026-05-16 23:29:08 | INFO     | ss_crawler | [lens_scraper] No mount detected
2026-05-16 23:29:08 | INFO     | ss_crawler | [lens_scraper] Detected focal: 17mm-28mm (from model=True)
2026-05-16 23:29:08 | INFO     | ss_crawler | [lens_scraper] TAMRON: 35mm F1.4 Di USD score=0.60 (focal_min=35, focal_max=None)
2026-05-16 23:29:08 | INFO     | ss_crawler | [lens_scraper] TAMRON BEST: New best 35mm F1.4 Di USD
2026-05-16 23:29:08 | INFO     | ss_crawler | [lens_scraper] TAMRON: 35mm F1.8 Di VC USD score=0.60 (focal_min=35, focal_max=None)
2026-05-16 23:29:08 | INFO     | ss_crawler | [lens_scraper] TAMRON: 45mm F1.8 Di VC USD score=0.60 (focal_min=45, focal_max=None)
2026-05-16 23:29:08 | INFO     | ss_crawler | [lens_scraper] TAMRON: 85mm F1.8 Di VC USD score=0.60 (focal_min=85, focal_max=None)
2026-05-16 23:29:08 | INFO     | ss_crawler | [lens_scraper] TAMRON: 90mm F2.8 Di Macro score=0.75 (focal_min=90, focal_max=None)
2026-05-16 23:29:08 | INFO     | ss_crawler | [lens_scraper] TAMRON BEST: New best 90mm F2.8 Di Macro
2026-05-16 23:29:08 | INFO     | ss_crawler | [lens_scraper] TAMRON: 90mm F2.8 Di Macro 1:1 VC USD score=0.75 (focal_min=90, focal_max=None)
2026-05-16 23:29:08 | INFO     | ss_crawler | [lens_scraper] TAMRON: 15-30mm F2.8 Di VC USD score=0.75 (focal_min=15, focal_max=30)
2026-05-16 23:29:08 | INFO     | ss_crawler | [lens_scraper] TAMRON: 17-35mm F2.8-4 DI OSD score=0.90 (focal_min=17, focal_max=35)
2026-05-16 23:29:08 | INFO     | ss_crawler | [lens_scraper] TAMRON BEST: New best 17-35mm F2.8-4 DI OSD
2026-05-16 23:29:08 | INFO     | ss_crawler | [lens_scraper] TAMRON: 24-70mm F2.8 Di VC USD G2 score=0.75 (focal_min=24, focal_max=70)
2026-05-16 23:29:08 | INFO     | ss_crawler | [lens_scraper] TAMRON: 28-75mm F2.8 XR Di LD Aspherical (IF)  score=0.75 (focal_min=28, focal_max=75)
2026-05-16 23:29:08 | INFO     | ss_crawler | [lens_scraper] TAMRON: 35-150mm F2.8-4 Di VC OSD score=0.75 (focal_min=35, focal_max=150)
2026-05-16 23:29:08 | INFO     | ss_crawler | [lens_scraper] TAMRON: 28-300mm F3.5-6.3 Di VC PZD score=0.60 (focal_min=28, focal_max=300)
2026-05-16 23:29:08 | INFO     | ss_crawler | [lens_scraper] TAMRON: 70-200mm F2.8 Di LD (IF) Macro AF score=0.75 (focal_min=70, focal_max=200)
2026-05-16 23:29:08 | INFO     | ss_crawler | [lens_scraper] TAMRON: 70-200mm F2.8 Di VC USD G2 score=0.75 (focal_min=70, focal_max=200)
2026-05-16 23:29:08 | INFO     | ss_crawler | [lens_scraper] TAMRON: 70-210mm F4 Di VC USD score=0.60 (focal_min=70, focal_max=210)
2026-05-16 23:29:08 | INFO     | ss_crawler | [lens_scraper] TAMRON: 70-300mm F4-5.6 Di VC USD  score=0.60 (focal_min=70, focal_max=300)
2026-05-16 23:29:08 | INFO     | ss_crawler | [lens_scraper] TAMRON: 100-400mm F4.5-6.3 Di VC USD score=0.60 (focal_min=100, focal_max=400)
2026-05-16 23:29:08 | INFO     | ss_crawler | [lens_scraper] TAMRON: 18-270mm F3.5-6.3 Di II VC PZD score=-0.05 (focal_min=18, focal_max=270)
2026-05-16 23:29:08 | INFO     | ss_crawler | [lens_scraper] TAMRON: 150-600mm F5-6.3 Di VC USD  score=0.60 (focal_min=150, focal_max=600)
2026-05-16 23:29:08 | INFO     | ss_crawler | [lens_scraper] TAMRON: 150-600mm F5-6.3 Di VC USD G2  score=0.60 (focal_min=150, focal_max=600)
2026-05-16 23:29:08 | INFO     | ss_crawler | [lens_scraper] TAMRON: 60mm F2 Di II 1:1 Macro score=0.10 (focal_min=60, focal_max=None)
2026-05-16 23:29:08 | INFO     | ss_crawler | [lens_scraper] TAMRON: 10-24mm F3.5-4.5 Di II VC HLD score=-0.05 (focal_min=10, focal_max=24)
2026-05-16 23:29:08 | INFO     | ss_crawler | [lens_scraper] TAMRON: 16-300mm F3.5-6.3 Di II VC PZD MACRO score=-0.05 (focal_min=16, focal_max=300)
2026-05-16 23:29:08 | INFO     | ss_crawler | [lens_scraper] TAMRON: 17-50mm F2.8 SP AF XR Di II LD Aspherical score=0.25 (focal_min=17, focal_max=50)
2026-05-16 23:29:08 | INFO     | ss_crawler | [lens_scraper] TAMRON: 17-50mm F2.8 SP AF XR Di-II VC LD score=0.25 (focal_min=17, focal_max=50)
2026-05-16 23:29:08 | INFO     | ss_crawler | [lens_scraper] TAMRON: 18-200mm F3.5-6.3 Di II VC  score=-0.05 (focal_min=18, focal_max=200)
2026-05-16 23:29:08 | INFO     | ss_crawler | [lens_scraper] TAMRON: 18-400mm F3.5-6.3 Di II VC HLD score=-0.05 (focal_min=18, focal_max=400)
2026-05-16 23:29:08 | INFO     | ss_crawler | [lens_scraper] TAMRON: Tamron 11-20mm F/2.8 Di III-A RXD score=-0.45 (focal_min=11, focal_max=20)
2026-05-16 23:29:08 | INFO     | ss_crawler | [lens_scraper] TAMRON: Tamron 17-70mm F/2.8 Di III-A VC RXD score=-0.30 (focal_min=17, focal_max=70)
2026-05-16 23:29:08 | INFO     | ss_crawler | [lens_scraper] TAMRON: Tamron 18-200mm F/3.5-6.3 Di III VC score=-0.60 (focal_min=18, focal_max=200)
2026-05-16 23:29:08 | INFO     | ss_crawler | [lens_scraper] TAMRON: Tamron 18-300mm F/3.5-6.3 Di III-A VC VXD score=-0.60 (focal_min=18, focal_max=300)
2026-05-16 23:29:08 | INFO     | ss_crawler | [lens_scraper] TAMRON: Tamron 35mm F/2.8 Di III OSD M1:2 score=-0.45 (focal_min=35, focal_max=35)
2026-05-16 23:29:08 | INFO     | ss_crawler | [lens_scraper] TAMRON: Tamron SP 35mm F/1.4 Di USD score=0.60 (focal_min=35, focal_max=35)
2026-05-16 23:29:08 | INFO     | ss_crawler | [lens_scraper] TAMRON: Tamron 70-210mm F/4 Di VC USD score=0.60 (focal_min=70, focal_max=210)
2026-05-16 23:29:08 | INFO     | ss_crawler | [lens_scraper] TAMRON: Tamron 17-28mm F/2.8 Di III RXD score=-0.10 (focal_min=17, focal_max=28)
2026-05-16 23:29:08 | INFO     | ss_crawler | [lens_scraper] TAMRON: Tamron 20-40mm F/2.8 Di III VXD score=-0.45 (focal_min=20, focal_max=40)
2026-05-16 23:29:08 | INFO     | ss_crawler | [lens_scraper] TAMRON: Tamron 28-200mm F/2.8-5.6 Di III RXD score=-0.45 (focal_min=28, focal_max=200)
2026-05-16 23:29:08 | INFO     | ss_crawler | [lens_scraper] TAMRON: Tamron 28-300mm F/4-7.1 Di III VC VXD score=-0.60 (focal_min=28, focal_max=300)
2026-05-16 23:29:08 | INFO     | ss_crawler | [lens_scraper] TAMRON: Tamron 35-150mm F/2-2.8 Di III VXD score=-0.45 (focal_min=35, focal_max=150)
2026-05-16 23:29:08 | INFO     | ss_crawler | [lens_scraper] TAMRON: Tamron 50-300mm F/4.5-6.3 Di III VC VXD score=-0.60 (focal_min=50, focal_max=300)
2026-05-16 23:29:08 | INFO     | ss_crawler | [lens_scraper] TAMRON: Tamron 50-400mm F/4.5-6.3 Di III VC VXD score=-0.60 (focal_min=50, focal_max=400)
2026-05-16 23:29:08 | INFO     | ss_crawler | [lens_scraper] TAMRON: Tamron 70-180mm F/2.8 Di III VXD score=-0.45 (focal_min=70, focal_max=180)
2026-05-16 23:29:08 | INFO     | ss_crawler | [lens_scraper] TAMRON: Tamron 70-180mm F/2.8 Di III VC VXD G2 score=-0.45 (focal_min=70, focal_max=180)
2026-05-16 23:29:08 | INFO     | ss_crawler | [lens_scraper] TAMRON: Tamron 70-200mm F/2.8 Di III RXD score=-0.45 (focal_min=70, focal_max=200)
2026-05-16 23:29:08 | INFO     | ss_crawler | [lens_scraper] TAMRON: Tamron 70-300mm F/4.5-6.3 Di III RXD score=-0.60 (focal_min=70, focal_max=300)
2026-05-16 23:29:08 | INFO     | ss_crawler | [lens_scraper] TAMRON: Tamron 150-500mm F/5-6.7 Di III VC VXD score=-0.60 (focal_min=150, focal_max=500)
2026-05-16 23:29:08 | INFO     | ss_crawler | [lens_scraper] TAMRON: Tamron 300mm F/2.8 Di III VC VXD score=-0.45 (focal_min=300, focal_max=300)
2026-05-16 23:29:08 | INFO     | ss_crawler | [lens_scraper] Matched [gcmeb]: Tamron_17-35mm_F2.8-4_DI_OSD (90% confidence)
2026-05-16 23:29:31 | INFO     | ss_crawler | [crawler] Fetching : https://www.ss.com/msg/lv/electronics/photo-optics/objectives/gcmeb.html
2026-05-16 23:29:34 | INFO     | ss_crawler | [lens_scraper] Initializing Lens scraper...
2026-05-16 23:29:34 | INFO     | ss_crawler | [database] Database connected: localhost:5433/ss_market
2026-05-16 23:29:34 | INFO     | ss_crawler | [lens_scraper] Database: postgresql+psycopg2://crawler:crawler_pass@localhost:5433/ss_market
2026-05-16 23:29:34 | INFO     | ss_crawler | [lens_scraper] Loaded 481 lens references
2026-05-16 23:29:34 | INFO     | ss_crawler | [crawler] Fetching : https://www.ss.com/msg/lv/electronics/photo-optics/objectives/gcmeb.html
2026-05-16 23:29:37 | INFO     | ss_crawler | [lens_scraper] MOUNT DETECT: detected=E
2026-05-16 23:29:37 | INFO     | ss_crawler | [lens_scraper] Detected focal: 17mm-28mm (from model=True)
2026-05-16 23:29:37 | INFO     | ss_crawler | [lens_scraper] TAMRON MOUNT: 35mm F1.4 Di USD wrong mount EF vs E (-0.15)
2026-05-16 23:29:37 | INFO     | ss_crawler | [lens_scraper] TAMRON: 35mm F1.4 Di USD score=0.45 (focal_min=35, focal_max=None)
2026-05-16 23:29:37 | INFO     | ss_crawler | [lens_scraper] TAMRON BEST: New best 35mm F1.4 Di USD
2026-05-16 23:29:37 | INFO     | ss_crawler | [lens_scraper] TAMRON MOUNT: 35mm F1.8 Di VC USD wrong mount EF vs E (-0.15)
2026-05-16 23:29:37 | INFO     | ss_crawler | [lens_scraper] TAMRON: 35mm F1.8 Di VC USD score=0.45 (focal_min=35, focal_max=None)
2026-05-16 23:29:37 | INFO     | ss_crawler | [lens_scraper] TAMRON MOUNT: 45mm F1.8 Di VC USD wrong mount EF vs E (-0.15)
2026-05-16 23:29:37 | INFO     | ss_crawler | [lens_scraper] TAMRON: 45mm F1.8 Di VC USD score=0.45 (focal_min=45, focal_max=None)
2026-05-16 23:29:37 | INFO     | ss_crawler | [lens_scraper] TAMRON MOUNT: 85mm F1.8 Di VC USD wrong mount EF vs E (-0.15)
2026-05-16 23:29:37 | INFO     | ss_crawler | [lens_scraper] TAMRON: 85mm F1.8 Di VC USD score=0.45 (focal_min=85, focal_max=None)
2026-05-16 23:29:37 | INFO     | ss_crawler | [lens_scraper] TAMRON MOUNT: 90mm F2.8 Di Macro wrong mount EF vs E (-0.15)
2026-05-16 23:29:37 | INFO     | ss_crawler | [lens_scraper] TAMRON: 90mm F2.8 Di Macro score=0.60 (focal_min=90, focal_max=None)
2026-05-16 23:29:37 | INFO     | ss_crawler | [lens_scraper] TAMRON BEST: New best 90mm F2.8 Di Macro
2026-05-16 23:29:37 | INFO     | ss_crawler | [lens_scraper] TAMRON MOUNT: 90mm F2.8 Di Macro 1:1 VC USD wrong mount EF vs E (-0.15)
2026-05-16 23:29:37 | INFO     | ss_crawler | [lens_scraper] TAMRON: 90mm F2.8 Di Macro 1:1 VC USD score=0.60 (focal_min=90, focal_max=None)
2026-05-16 23:29:37 | INFO     | ss_crawler | [lens_scraper] TAMRON MOUNT: 15-30mm F2.8 Di VC USD wrong mount EF vs E (-0.15)
2026-05-16 23:29:37 | INFO     | ss_crawler | [lens_scraper] TAMRON: 15-30mm F2.8 Di VC USD score=0.60 (focal_min=15, focal_max=30)
2026-05-16 23:29:37 | INFO     | ss_crawler | [lens_scraper] TAMRON MOUNT: 17-35mm F2.8-4 DI OSD wrong mount EF vs E (-0.15)
2026-05-16 23:29:37 | INFO     | ss_crawler | [lens_scraper] TAMRON: 17-35mm F2.8-4 DI OSD score=0.75 (focal_min=17, focal_max=35)
2026-05-16 23:29:37 | INFO     | ss_crawler | [lens_scraper] TAMRON BEST: New best 17-35mm F2.8-4 DI OSD
2026-05-16 23:29:37 | INFO     | ss_crawler | [lens_scraper] TAMRON MOUNT: 24-70mm F2.8 Di VC USD G2 wrong mount EF vs E (-0.15)
2026-05-16 23:29:37 | INFO     | ss_crawler | [lens_scraper] TAMRON: 24-70mm F2.8 Di VC USD G2 score=0.60 (focal_min=24, focal_max=70)
2026-05-16 23:29:37 | INFO     | ss_crawler | [lens_scraper] TAMRON MOUNT: 28-75mm F2.8 XR Di LD Aspherical (IF)  wrong mount EF vs E (-0.15)
2026-05-16 23:29:37 | INFO     | ss_crawler | [lens_scraper] TAMRON: 28-75mm F2.8 XR Di LD Aspherical (IF)  score=0.60 (focal_min=28, focal_max=75)
2026-05-16 23:29:37 | INFO     | ss_crawler | [lens_scraper] TAMRON MOUNT: 35-150mm F2.8-4 Di VC OSD wrong mount EF vs E (-0.15)
2026-05-16 23:29:37 | INFO     | ss_crawler | [lens_scraper] TAMRON: 35-150mm F2.8-4 Di VC OSD score=0.60 (focal_min=35, focal_max=150)
2026-05-16 23:29:37 | INFO     | ss_crawler | [lens_scraper] TAMRON MOUNT: 28-300mm F3.5-6.3 Di VC PZD wrong mount EF vs E (-0.15)
2026-05-16 23:29:37 | INFO     | ss_crawler | [lens_scraper] TAMRON: 28-300mm F3.5-6.3 Di VC PZD score=0.45 (focal_min=28, focal_max=300)
2026-05-16 23:29:37 | INFO     | ss_crawler | [lens_scraper] TAMRON MOUNT: 70-200mm F2.8 Di LD (IF) Macro AF wrong mount EF vs E (-0.15)
2026-05-16 23:29:37 | INFO     | ss_crawler | [lens_scraper] TAMRON: 70-200mm F2.8 Di LD (IF) Macro AF score=0.60 (focal_min=70, focal_max=200)
2026-05-16 23:29:37 | INFO     | ss_crawler | [lens_scraper] TAMRON MOUNT: 70-200mm F2.8 Di VC USD G2 wrong mount EF vs E (-0.15)
2026-05-16 23:29:37 | INFO     | ss_crawler | [lens_scraper] TAMRON: 70-200mm F2.8 Di VC USD G2 score=0.60 (focal_min=70, focal_max=200)
2026-05-16 23:29:37 | INFO     | ss_crawler | [lens_scraper] TAMRON MOUNT: 70-210mm F4 Di VC USD wrong mount EF vs E (-0.15)
2026-05-16 23:29:37 | INFO     | ss_crawler | [lens_scraper] TAMRON: 70-210mm F4 Di VC USD score=0.45 (focal_min=70, focal_max=210)
2026-05-16 23:29:37 | INFO     | ss_crawler | [lens_scraper] TAMRON MOUNT: 70-300mm F4-5.6 Di VC USD  wrong mount EF vs E (-0.15)
2026-05-16 23:29:37 | INFO     | ss_crawler | [lens_scraper] TAMRON: 70-300mm F4-5.6 Di VC USD  score=0.45 (focal_min=70, focal_max=300)
2026-05-16 23:29:37 | INFO     | ss_crawler | [lens_scraper] TAMRON MOUNT: 100-400mm F4.5-6.3 Di VC USD wrong mount EF vs E (-0.15)
2026-05-16 23:29:37 | INFO     | ss_crawler | [lens_scraper] TAMRON: 100-400mm F4.5-6.3 Di VC USD score=0.45 (focal_min=100, focal_max=400)
2026-05-16 23:29:37 | INFO     | ss_crawler | [lens_scraper] TAMRON MOUNT: 18-270mm F3.5-6.3 Di II VC PZD wrong mount EF-S vs E (-0.15)
2026-05-16 23:29:37 | INFO     | ss_crawler | [lens_scraper] TAMRON: 18-270mm F3.5-6.3 Di II VC PZD score=-0.20 (focal_min=18, focal_max=270)
2026-05-16 23:29:37 | INFO     | ss_crawler | [lens_scraper] TAMRON MOUNT: 150-600mm F5-6.3 Di VC USD  wrong mount EF vs E (-0.15)
2026-05-16 23:29:37 | INFO     | ss_crawler | [lens_scraper] TAMRON: 150-600mm F5-6.3 Di VC USD  score=0.45 (focal_min=150, focal_max=600)
2026-05-16 23:29:37 | INFO     | ss_crawler | [lens_scraper] TAMRON MOUNT: 150-600mm F5-6.3 Di VC USD G2  wrong mount EF vs E (-0.15)
2026-05-16 23:29:37 | INFO     | ss_crawler | [lens_scraper] TAMRON: 150-600mm F5-6.3 Di VC USD G2  score=0.45 (focal_min=150, focal_max=600)
2026-05-16 23:29:37 | INFO     | ss_crawler | [lens_scraper] TAMRON MOUNT: 60mm F2 Di II 1:1 Macro wrong mount EF-S vs E (-0.15)
2026-05-16 23:29:37 | INFO     | ss_crawler | [lens_scraper] TAMRON: 60mm F2 Di II 1:1 Macro score=-0.05 (focal_min=60, focal_max=None)
2026-05-16 23:29:37 | INFO     | ss_crawler | [lens_scraper] TAMRON MOUNT: 10-24mm F3.5-4.5 Di II VC HLD wrong mount EF-S vs E (-0.15)
2026-05-16 23:29:37 | INFO     | ss_crawler | [lens_scraper] TAMRON: 10-24mm F3.5-4.5 Di II VC HLD score=-0.20 (focal_min=10, focal_max=24)
2026-05-16 23:29:37 | INFO     | ss_crawler | [lens_scraper] TAMRON MOUNT: 16-300mm F3.5-6.3 Di II VC PZD MACRO wrong mount EF-S vs E (-0.15)
2026-05-16 23:29:37 | INFO     | ss_crawler | [lens_scraper] TAMRON: 16-300mm F3.5-6.3 Di II VC PZD MACRO score=-0.20 (focal_min=16, focal_max=300)
2026-05-16 23:29:37 | INFO     | ss_crawler | [lens_scraper] TAMRON MOUNT: 17-50mm F2.8 SP AF XR Di II LD Aspherical wrong mount EF-S vs E (-0.15)
2026-05-16 23:29:37 | INFO     | ss_crawler | [lens_scraper] TAMRON: 17-50mm F2.8 SP AF XR Di II LD Aspherical score=0.10 (focal_min=17, focal_max=50)
2026-05-16 23:29:37 | INFO     | ss_crawler | [lens_scraper] TAMRON MOUNT: 17-50mm F2.8 SP AF XR Di-II VC LD wrong mount EF-S vs E (-0.15)
2026-05-16 23:29:37 | INFO     | ss_crawler | [lens_scraper] TAMRON: 17-50mm F2.8 SP AF XR Di-II VC LD score=0.10 (focal_min=17, focal_max=50)
2026-05-16 23:29:37 | INFO     | ss_crawler | [lens_scraper] TAMRON MOUNT: 18-200mm F3.5-6.3 Di II VC  wrong mount EF-S vs E (-0.15)
2026-05-16 23:29:37 | INFO     | ss_crawler | [lens_scraper] TAMRON: 18-200mm F3.5-6.3 Di II VC  score=-0.20 (focal_min=18, focal_max=200)
2026-05-16 23:29:37 | INFO     | ss_crawler | [lens_scraper] TAMRON MOUNT: 18-400mm F3.5-6.3 Di II VC HLD wrong mount EF-S vs E (-0.15)
2026-05-16 23:29:37 | INFO     | ss_crawler | [lens_scraper] TAMRON: 18-400mm F3.5-6.3 Di II VC HLD score=-0.20 (focal_min=18, focal_max=400)
2026-05-16 23:29:37 | INFO     | ss_crawler | [lens_scraper] TAMRON MOUNT: Tamron 11-20mm F/2.8 Di III-A RXD correct mount E (+0.1)
2026-05-16 23:29:37 | INFO     | ss_crawler | [lens_scraper] TAMRON: Tamron 11-20mm F/2.8 Di III-A RXD score=-0.35 (focal_min=11, focal_max=20)
2026-05-16 23:29:37 | INFO     | ss_crawler | [lens_scraper] TAMRON MOUNT: Tamron 17-70mm F/2.8 Di III-A VC RXD correct mount E (+0.1)
2026-05-16 23:29:37 | INFO     | ss_crawler | [lens_scraper] TAMRON: Tamron 17-70mm F/2.8 Di III-A VC RXD score=-0.20 (focal_min=17, focal_max=70)
2026-05-16 23:29:37 | INFO     | ss_crawler | [lens_scraper] TAMRON MOUNT: Tamron 18-200mm F/3.5-6.3 Di III VC correct mount E (+0.1)
2026-05-16 23:29:37 | INFO     | ss_crawler | [lens_scraper] TAMRON: Tamron 18-200mm F/3.5-6.3 Di III VC score=-0.50 (focal_min=18, focal_max=200)
2026-05-16 23:29:37 | INFO     | ss_crawler | [lens_scraper] TAMRON MOUNT: Tamron 18-300mm F/3.5-6.3 Di III-A VC VXD correct mount E (+0.1)
2026-05-16 23:29:37 | INFO     | ss_crawler | [lens_scraper] TAMRON: Tamron 18-300mm F/3.5-6.3 Di III-A VC VXD score=-0.50 (focal_min=18, focal_max=300)
2026-05-16 23:29:37 | INFO     | ss_crawler | [lens_scraper] TAMRON MOUNT: Tamron 35mm F/2.8 Di III OSD M1:2 correct mount E (+0.1)
2026-05-16 23:29:37 | INFO     | ss_crawler | [lens_scraper] TAMRON: Tamron 35mm F/2.8 Di III OSD M1:2 score=-0.35 (focal_min=35, focal_max=35)
2026-05-16 23:29:37 | INFO     | ss_crawler | [lens_scraper] TAMRON MOUNT: Tamron SP 35mm F/1.4 Di USD correct mount E (+0.1)
2026-05-16 23:29:37 | INFO     | ss_crawler | [lens_scraper] TAMRON: Tamron SP 35mm F/1.4 Di USD score=0.70 (focal_min=35, focal_max=35)
2026-05-16 23:29:37 | INFO     | ss_crawler | [lens_scraper] TAMRON MOUNT: Tamron 70-210mm F/4 Di VC USD correct mount E (+0.1)
2026-05-16 23:29:37 | INFO     | ss_crawler | [lens_scraper] TAMRON: Tamron 70-210mm F/4 Di VC USD score=0.70 (focal_min=70, focal_max=210)
2026-05-16 23:29:37 | INFO     | ss_crawler | [lens_scraper] TAMRON MOUNT: Tamron 17-28mm F/2.8 Di III RXD correct mount E (+0.1)
2026-05-16 23:29:37 | INFO     | ss_crawler | [lens_scraper] TAMRON: Tamron 17-28mm F/2.8 Di III RXD score=0.00 (focal_min=17, focal_max=28)
2026-05-16 23:29:37 | INFO     | ss_crawler | [lens_scraper] TAMRON MOUNT: Tamron 20-40mm F/2.8 Di III VXD correct mount E (+0.1)
2026-05-16 23:29:37 | INFO     | ss_crawler | [lens_scraper] TAMRON: Tamron 20-40mm F/2.8 Di III VXD score=-0.35 (focal_min=20, focal_max=40)
2026-05-16 23:29:37 | INFO     | ss_crawler | [lens_scraper] TAMRON MOUNT: Tamron 28-200mm F/2.8-5.6 Di III RXD correct mount E (+0.1)
2026-05-16 23:29:37 | INFO     | ss_crawler | [lens_scraper] TAMRON: Tamron 28-200mm F/2.8-5.6 Di III RXD score=-0.35 (focal_min=28, focal_max=200)
2026-05-16 23:29:37 | INFO     | ss_crawler | [lens_scraper] TAMRON MOUNT: Tamron 28-300mm F/4-7.1 Di III VC VXD correct mount E (+0.1)
2026-05-16 23:29:37 | INFO     | ss_crawler | [lens_scraper] TAMRON: Tamron 28-300mm F/4-7.1 Di III VC VXD score=-0.50 (focal_min=28, focal_max=300)
2026-05-16 23:29:37 | INFO     | ss_crawler | [lens_scraper] TAMRON MOUNT: Tamron 35-150mm F/2-2.8 Di III VXD correct mount E (+0.1)
2026-05-16 23:29:37 | INFO     | ss_crawler | [lens_scraper] TAMRON: Tamron 35-150mm F/2-2.8 Di III VXD score=-0.35 (focal_min=35, focal_max=150)
2026-05-16 23:29:37 | INFO     | ss_crawler | [lens_scraper] TAMRON MOUNT: Tamron 50-300mm F/4.5-6.3 Di III VC VXD correct mount E (+0.1)
2026-05-16 23:29:37 | INFO     | ss_crawler | [lens_scraper] TAMRON: Tamron 50-300mm F/4.5-6.3 Di III VC VXD score=-0.50 (focal_min=50, focal_max=300)
2026-05-16 23:29:37 | INFO     | ss_crawler | [lens_scraper] TAMRON MOUNT: Tamron 50-400mm F/4.5-6.3 Di III VC VXD correct mount E (+0.1)
2026-05-16 23:29:37 | INFO     | ss_crawler | [lens_scraper] TAMRON: Tamron 50-400mm F/4.5-6.3 Di III VC VXD score=-0.50 (focal_min=50, focal_max=400)
2026-05-16 23:29:37 | INFO     | ss_crawler | [lens_scraper] TAMRON MOUNT: Tamron 70-180mm F/2.8 Di III VXD correct mount E (+0.1)
2026-05-16 23:29:37 | INFO     | ss_crawler | [lens_scraper] TAMRON: Tamron 70-180mm F/2.8 Di III VXD score=-0.35 (focal_min=70, focal_max=180)
2026-05-16 23:29:37 | INFO     | ss_crawler | [lens_scraper] TAMRON MOUNT: Tamron 70-180mm F/2.8 Di III VC VXD G2 correct mount E (+0.1)
2026-05-16 23:29:37 | INFO     | ss_crawler | [lens_scraper] TAMRON: Tamron 70-180mm F/2.8 Di III VC VXD G2 score=-0.35 (focal_min=70, focal_max=180)
2026-05-16 23:29:37 | INFO     | ss_crawler | [lens_scraper] TAMRON MOUNT: Tamron 70-200mm F/2.8 Di III RXD correct mount E (+0.1)
2026-05-16 23:29:37 | INFO     | ss_crawler | [lens_scraper] TAMRON: Tamron 70-200mm F/2.8 Di III RXD score=-0.35 (focal_min=70, focal_max=200)
2026-05-16 23:29:37 | INFO     | ss_crawler | [lens_scraper] TAMRON MOUNT: Tamron 70-300mm F/4.5-6.3 Di III RXD correct mount E (+0.1)
2026-05-16 23:29:37 | INFO     | ss_crawler | [lens_scraper] TAMRON: Tamron 70-300mm F/4.5-6.3 Di III RXD score=-0.50 (focal_min=70, focal_max=300)
2026-05-16 23:29:37 | INFO     | ss_crawler | [lens_scraper] TAMRON MOUNT: Tamron 150-500mm F/5-6.7 Di III VC VXD correct mount E (+0.1)
2026-05-16 23:29:37 | INFO     | ss_crawler | [lens_scraper] TAMRON: Tamron 150-500mm F/5-6.7 Di III VC VXD score=-0.50 (focal_min=150, focal_max=500)
2026-05-16 23:29:37 | INFO     | ss_crawler | [lens_scraper] TAMRON MOUNT: Tamron 300mm F/2.8 Di III VC VXD correct mount E (+0.1)
2026-05-16 23:29:37 | INFO     | ss_crawler | [lens_scraper] TAMRON: Tamron 300mm F/2.8 Di III VC VXD score=-0.35 (focal_min=300, focal_max=300)
2026-05-16 23:29:37 | INFO     | ss_crawler | [lens_scraper] Matched [gcmeb]: Tamron_17-35mm_F2.8-4_DI_OSD (75% confidence)
2026-05-16 23:29:44 | INFO     | ss_crawler | [crawler] Fetching : https://www.ss.com/msg/lv/electronics/photo-optics/objectives/gcmeb.html
2026-05-16 23:29:46 | INFO     | ss_crawler | [lens_scraper] Initializing Lens scraper...
2026-05-16 23:29:46 | INFO     | ss_crawler | [database] Database connected: localhost:5433/ss_market
2026-05-16 23:29:46 | INFO     | ss_crawler | [lens_scraper] Database: postgresql+psycopg2://crawler:crawler_pass@localhost:5433/ss_market
2026-05-16 23:29:46 | INFO     | ss_crawler | [lens_scraper] Loaded 481 lens references
2026-05-16 23:29:46 | INFO     | ss_crawler | [crawler] Fetching : https://www.ss.com/msg/lv/electronics/photo-optics/objectives/gcmeb.html
2026-05-16 23:29:49 | INFO     | ss_crawler | [lens_scraper] MOUNT DETECT: detected=E
2026-05-16 23:29:49 | INFO     | ss_crawler | [lens_scraper] Detected focal: 17mm-28mm (from model=True)
2026-05-16 23:29:49 | INFO     | ss_crawler | [lens_scraper] TAMRON MOUNT: 35mm F1.4 Di USD wrong mount EF vs E (-0.15)
2026-05-16 23:29:49 | INFO     | ss_crawler | [lens_scraper] TAMRON: 35mm F1.4 Di USD score=0.45 (focal_min=35, focal_max=None)
2026-05-16 23:29:49 | INFO     | ss_crawler | [lens_scraper] TAMRON BEST: New best 35mm F1.4 Di USD
2026-05-16 23:29:49 | INFO     | ss_crawler | [lens_scraper] TAMRON MOUNT: 35mm F1.8 Di VC USD wrong mount EF vs E (-0.15)
2026-05-16 23:29:49 | INFO     | ss_crawler | [lens_scraper] TAMRON: 35mm F1.8 Di VC USD score=0.45 (focal_min=35, focal_max=None)
2026-05-16 23:29:49 | INFO     | ss_crawler | [lens_scraper] TAMRON MOUNT: 45mm F1.8 Di VC USD wrong mount EF vs E (-0.15)
2026-05-16 23:29:49 | INFO     | ss_crawler | [lens_scraper] TAMRON: 45mm F1.8 Di VC USD score=0.45 (focal_min=45, focal_max=None)
2026-05-16 23:29:49 | INFO     | ss_crawler | [lens_scraper] TAMRON MOUNT: 85mm F1.8 Di VC USD wrong mount EF vs E (-0.15)
2026-05-16 23:29:49 | INFO     | ss_crawler | [lens_scraper] TAMRON: 85mm F1.8 Di VC USD score=0.45 (focal_min=85, focal_max=None)
2026-05-16 23:29:49 | INFO     | ss_crawler | [lens_scraper] TAMRON MOUNT: 90mm F2.8 Di Macro wrong mount EF vs E (-0.15)
2026-05-16 23:29:49 | INFO     | ss_crawler | [lens_scraper] TAMRON: 90mm F2.8 Di Macro score=0.60 (focal_min=90, focal_max=None)
2026-05-16 23:29:49 | INFO     | ss_crawler | [lens_scraper] TAMRON BEST: New best 90mm F2.8 Di Macro
2026-05-16 23:29:49 | INFO     | ss_crawler | [lens_scraper] TAMRON MOUNT: 90mm F2.8 Di Macro 1:1 VC USD wrong mount EF vs E (-0.15)
2026-05-16 23:29:49 | INFO     | ss_crawler | [lens_scraper] TAMRON: 90mm F2.8 Di Macro 1:1 VC USD score=0.60 (focal_min=90, focal_max=None)
2026-05-16 23:29:49 | INFO     | ss_crawler | [lens_scraper] TAMRON MOUNT: 15-30mm F2.8 Di VC USD wrong mount EF vs E (-0.15)
2026-05-16 23:29:49 | INFO     | ss_crawler | [lens_scraper] TAMRON: 15-30mm F2.8 Di VC USD score=0.60 (focal_min=15, focal_max=30)
2026-05-16 23:29:49 | INFO     | ss_crawler | [lens_scraper] TAMRON MOUNT: 17-35mm F2.8-4 DI OSD wrong mount EF vs E (-0.15)
2026-05-16 23:29:49 | INFO     | ss_crawler | [lens_scraper] TAMRON: 17-35mm F2.8-4 DI OSD score=0.75 (focal_min=17, focal_max=35)
2026-05-16 23:29:49 | INFO     | ss_crawler | [lens_scraper] TAMRON BEST: New best 17-35mm F2.8-4 DI OSD
2026-05-16 23:29:49 | INFO     | ss_crawler | [lens_scraper] TAMRON MOUNT: 24-70mm F2.8 Di VC USD G2 wrong mount EF vs E (-0.15)
2026-05-16 23:29:49 | INFO     | ss_crawler | [lens_scraper] TAMRON: 24-70mm F2.8 Di VC USD G2 score=0.60 (focal_min=24, focal_max=70)
2026-05-16 23:29:49 | INFO     | ss_crawler | [lens_scraper] TAMRON MOUNT: 28-75mm F2.8 XR Di LD Aspherical (IF)  wrong mount EF vs E (-0.15)
2026-05-16 23:29:49 | INFO     | ss_crawler | [lens_scraper] TAMRON: 28-75mm F2.8 XR Di LD Aspherical (IF)  score=0.60 (focal_min=28, focal_max=75)
2026-05-16 23:29:49 | INFO     | ss_crawler | [lens_scraper] TAMRON MOUNT: 35-150mm F2.8-4 Di VC OSD wrong mount EF vs E (-0.15)
2026-05-16 23:29:49 | INFO     | ss_crawler | [lens_scraper] TAMRON: 35-150mm F2.8-4 Di VC OSD score=0.60 (focal_min=35, focal_max=150)
2026-05-16 23:29:49 | INFO     | ss_crawler | [lens_scraper] TAMRON MOUNT: 28-300mm F3.5-6.3 Di VC PZD wrong mount EF vs E (-0.15)
2026-05-16 23:29:49 | INFO     | ss_crawler | [lens_scraper] TAMRON: 28-300mm F3.5-6.3 Di VC PZD score=0.45 (focal_min=28, focal_max=300)
2026-05-16 23:29:49 | INFO     | ss_crawler | [lens_scraper] TAMRON MOUNT: 70-200mm F2.8 Di LD (IF) Macro AF wrong mount EF vs E (-0.15)
2026-05-16 23:29:49 | INFO     | ss_crawler | [lens_scraper] TAMRON: 70-200mm F2.8 Di LD (IF) Macro AF score=0.60 (focal_min=70, focal_max=200)
2026-05-16 23:29:49 | INFO     | ss_crawler | [lens_scraper] TAMRON MOUNT: 70-200mm F2.8 Di VC USD G2 wrong mount EF vs E (-0.15)
2026-05-16 23:29:49 | INFO     | ss_crawler | [lens_scraper] TAMRON: 70-200mm F2.8 Di VC USD G2 score=0.60 (focal_min=70, focal_max=200)
2026-05-16 23:29:49 | INFO     | ss_crawler | [lens_scraper] TAMRON MOUNT: 70-210mm F4 Di VC USD wrong mount EF vs E (-0.15)
2026-05-16 23:29:49 | INFO     | ss_crawler | [lens_scraper] TAMRON: 70-210mm F4 Di VC USD score=0.45 (focal_min=70, focal_max=210)
2026-05-16 23:29:49 | INFO     | ss_crawler | [lens_scraper] TAMRON MOUNT: 70-300mm F4-5.6 Di VC USD  wrong mount EF vs E (-0.15)
2026-05-16 23:29:49 | INFO     | ss_crawler | [lens_scraper] TAMRON: 70-300mm F4-5.6 Di VC USD  score=0.45 (focal_min=70, focal_max=300)
2026-05-16 23:29:49 | INFO     | ss_crawler | [lens_scraper] TAMRON MOUNT: 100-400mm F4.5-6.3 Di VC USD wrong mount EF vs E (-0.15)
2026-05-16 23:29:49 | INFO     | ss_crawler | [lens_scraper] TAMRON: 100-400mm F4.5-6.3 Di VC USD score=0.45 (focal_min=100, focal_max=400)
2026-05-16 23:29:49 | INFO     | ss_crawler | [lens_scraper] TAMRON MOUNT: 18-270mm F3.5-6.3 Di II VC PZD wrong mount EF-S vs E (-0.15)
2026-05-16 23:29:49 | INFO     | ss_crawler | [lens_scraper] TAMRON: 18-270mm F3.5-6.3 Di II VC PZD score=-0.20 (focal_min=18, focal_max=270)
2026-05-16 23:29:49 | INFO     | ss_crawler | [lens_scraper] TAMRON MOUNT: 150-600mm F5-6.3 Di VC USD  wrong mount EF vs E (-0.15)
2026-05-16 23:29:49 | INFO     | ss_crawler | [lens_scraper] TAMRON: 150-600mm F5-6.3 Di VC USD  score=0.45 (focal_min=150, focal_max=600)
2026-05-16 23:29:49 | INFO     | ss_crawler | [lens_scraper] TAMRON MOUNT: 150-600mm F5-6.3 Di VC USD G2  wrong mount EF vs E (-0.15)
2026-05-16 23:29:49 | INFO     | ss_crawler | [lens_scraper] TAMRON: 150-600mm F5-6.3 Di VC USD G2  score=0.45 (focal_min=150, focal_max=600)
2026-05-16 23:29:49 | INFO     | ss_crawler | [lens_scraper] TAMRON MOUNT: 60mm F2 Di II 1:1 Macro wrong mount EF-S vs E (-0.15)
2026-05-16 23:29:49 | INFO     | ss_crawler | [lens_scraper] TAMRON: 60mm F2 Di II 1:1 Macro score=-0.05 (focal_min=60, focal_max=None)
2026-05-16 23:29:49 | INFO     | ss_crawler | [lens_scraper] TAMRON MOUNT: 10-24mm F3.5-4.5 Di II VC HLD wrong mount EF-S vs E (-0.15)
2026-05-16 23:29:49 | INFO     | ss_crawler | [lens_scraper] TAMRON: 10-24mm F3.5-4.5 Di II VC HLD score=-0.20 (focal_min=10, focal_max=24)
2026-05-16 23:29:49 | INFO     | ss_crawler | [lens_scraper] TAMRON MOUNT: 16-300mm F3.5-6.3 Di II VC PZD MACRO wrong mount EF-S vs E (-0.15)
2026-05-16 23:29:49 | INFO     | ss_crawler | [lens_scraper] TAMRON: 16-300mm F3.5-6.3 Di II VC PZD MACRO score=-0.20 (focal_min=16, focal_max=300)
2026-05-16 23:29:49 | INFO     | ss_crawler | [lens_scraper] TAMRON MOUNT: 17-50mm F2.8 SP AF XR Di II LD Aspherical wrong mount EF-S vs E (-0.15)
2026-05-16 23:29:49 | INFO     | ss_crawler | [lens_scraper] TAMRON: 17-50mm F2.8 SP AF XR Di II LD Aspherical score=0.10 (focal_min=17, focal_max=50)
2026-05-16 23:29:49 | INFO     | ss_crawler | [lens_scraper] TAMRON MOUNT: 17-50mm F2.8 SP AF XR Di-II VC LD wrong mount EF-S vs E (-0.15)
2026-05-16 23:29:49 | INFO     | ss_crawler | [lens_scraper] TAMRON: 17-50mm F2.8 SP AF XR Di-II VC LD score=0.10 (focal_min=17, focal_max=50)
2026-05-16 23:29:49 | INFO     | ss_crawler | [lens_scraper] TAMRON MOUNT: 18-200mm F3.5-6.3 Di II VC  wrong mount EF-S vs E (-0.15)
2026-05-16 23:29:49 | INFO     | ss_crawler | [lens_scraper] TAMRON: 18-200mm F3.5-6.3 Di II VC  score=-0.20 (focal_min=18, focal_max=200)
2026-05-16 23:29:49 | INFO     | ss_crawler | [lens_scraper] TAMRON MOUNT: 18-400mm F3.5-6.3 Di II VC HLD wrong mount EF-S vs E (-0.15)
2026-05-16 23:29:49 | INFO     | ss_crawler | [lens_scraper] TAMRON: 18-400mm F3.5-6.3 Di II VC HLD score=-0.20 (focal_min=18, focal_max=400)
2026-05-16 23:29:49 | INFO     | ss_crawler | [lens_scraper] TAMRON MOUNT: Tamron 11-20mm F/2.8 Di III-A RXD correct mount E (+0.1)
2026-05-16 23:29:49 | INFO     | ss_crawler | [lens_scraper] TAMRON: Tamron 11-20mm F/2.8 Di III-A RXD score=-0.35 (focal_min=11, focal_max=20)
2026-05-16 23:29:49 | INFO     | ss_crawler | [lens_scraper] TAMRON MOUNT: Tamron 17-70mm F/2.8 Di III-A VC RXD correct mount E (+0.1)
2026-05-16 23:29:49 | INFO     | ss_crawler | [lens_scraper] TAMRON: Tamron 17-70mm F/2.8 Di III-A VC RXD score=-0.20 (focal_min=17, focal_max=70)
2026-05-16 23:29:49 | INFO     | ss_crawler | [lens_scraper] TAMRON MOUNT: Tamron 18-200mm F/3.5-6.3 Di III VC correct mount E (+0.1)
2026-05-16 23:29:49 | INFO     | ss_crawler | [lens_scraper] TAMRON: Tamron 18-200mm F/3.5-6.3 Di III VC score=-0.50 (focal_min=18, focal_max=200)
2026-05-16 23:29:49 | INFO     | ss_crawler | [lens_scraper] TAMRON MOUNT: Tamron 18-300mm F/3.5-6.3 Di III-A VC VXD correct mount E (+0.1)
2026-05-16 23:29:49 | INFO     | ss_crawler | [lens_scraper] TAMRON: Tamron 18-300mm F/3.5-6.3 Di III-A VC VXD score=-0.50 (focal_min=18, focal_max=300)
2026-05-16 23:29:49 | INFO     | ss_crawler | [lens_scraper] TAMRON MOUNT: Tamron 35mm F/2.8 Di III OSD M1:2 correct mount E (+0.1)
2026-05-16 23:29:49 | INFO     | ss_crawler | [lens_scraper] TAMRON: Tamron 35mm F/2.8 Di III OSD M1:2 score=-0.35 (focal_min=35, focal_max=35)
2026-05-16 23:29:49 | INFO     | ss_crawler | [lens_scraper] TAMRON MOUNT: Tamron SP 35mm F/1.4 Di USD correct mount E (+0.1)
2026-05-16 23:29:49 | INFO     | ss_crawler | [lens_scraper] TAMRON: Tamron SP 35mm F/1.4 Di USD score=0.70 (focal_min=35, focal_max=35)
2026-05-16 23:29:49 | INFO     | ss_crawler | [lens_scraper] TAMRON MOUNT: Tamron 70-210mm F/4 Di VC USD correct mount E (+0.1)
2026-05-16 23:29:49 | INFO     | ss_crawler | [lens_scraper] TAMRON: Tamron 70-210mm F/4 Di VC USD score=0.70 (focal_min=70, focal_max=210)
2026-05-16 23:29:49 | INFO     | ss_crawler | [lens_scraper] TAMRON MOUNT: Tamron 17-28mm F/2.8 Di III RXD correct mount E (+0.1)
2026-05-16 23:29:49 | INFO     | ss_crawler | [lens_scraper] TAMRON: Tamron 17-28mm F/2.8 Di III RXD score=0.00 (focal_min=17, focal_max=28)
2026-05-16 23:29:49 | INFO     | ss_crawler | [lens_scraper] TAMRON MOUNT: Tamron 20-40mm F/2.8 Di III VXD correct mount E (+0.1)
2026-05-16 23:29:49 | INFO     | ss_crawler | [lens_scraper] TAMRON: Tamron 20-40mm F/2.8 Di III VXD score=-0.35 (focal_min=20, focal_max=40)
2026-05-16 23:29:49 | INFO     | ss_crawler | [lens_scraper] TAMRON MOUNT: Tamron 28-200mm F/2.8-5.6 Di III RXD correct mount E (+0.1)
2026-05-16 23:29:49 | INFO     | ss_crawler | [lens_scraper] TAMRON: Tamron 28-200mm F/2.8-5.6 Di III RXD score=-0.35 (focal_min=28, focal_max=200)
2026-05-16 23:29:49 | INFO     | ss_crawler | [lens_scraper] TAMRON MOUNT: Tamron 28-300mm F/4-7.1 Di III VC VXD correct mount E (+0.1)
2026-05-16 23:29:49 | INFO     | ss_crawler | [lens_scraper] TAMRON: Tamron 28-300mm F/4-7.1 Di III VC VXD score=-0.50 (focal_min=28, focal_max=300)
2026-05-16 23:29:49 | INFO     | ss_crawler | [lens_scraper] TAMRON MOUNT: Tamron 35-150mm F/2-2.8 Di III VXD correct mount E (+0.1)
2026-05-16 23:29:49 | INFO     | ss_crawler | [lens_scraper] TAMRON: Tamron 35-150mm F/2-2.8 Di III VXD score=-0.35 (focal_min=35, focal_max=150)
2026-05-16 23:29:49 | INFO     | ss_crawler | [lens_scraper] TAMRON MOUNT: Tamron 50-300mm F/4.5-6.3 Di III VC VXD correct mount E (+0.1)
2026-05-16 23:29:49 | INFO     | ss_crawler | [lens_scraper] TAMRON: Tamron 50-300mm F/4.5-6.3 Di III VC VXD score=-0.50 (focal_min=50, focal_max=300)
2026-05-16 23:29:49 | INFO     | ss_crawler | [lens_scraper] TAMRON MOUNT: Tamron 50-400mm F/4.5-6.3 Di III VC VXD correct mount E (+0.1)
2026-05-16 23:29:49 | INFO     | ss_crawler | [lens_scraper] TAMRON: Tamron 50-400mm F/4.5-6.3 Di III VC VXD score=-0.50 (focal_min=50, focal_max=400)
2026-05-16 23:29:49 | INFO     | ss_crawler | [lens_scraper] TAMRON MOUNT: Tamron 70-180mm F/2.8 Di III VXD correct mount E (+0.1)
2026-05-16 23:29:49 | INFO     | ss_crawler | [lens_scraper] TAMRON: Tamron 70-180mm F/2.8 Di III VXD score=-0.35 (focal_min=70, focal_max=180)
2026-05-16 23:29:49 | INFO     | ss_crawler | [lens_scraper] TAMRON MOUNT: Tamron 70-180mm F/2.8 Di III VC VXD G2 correct mount E (+0.1)
2026-05-16 23:29:49 | INFO     | ss_crawler | [lens_scraper] TAMRON: Tamron 70-180mm F/2.8 Di III VC VXD G2 score=-0.35 (focal_min=70, focal_max=180)
2026-05-16 23:29:49 | INFO     | ss_crawler | [lens_scraper] TAMRON MOUNT: Tamron 70-200mm F/2.8 Di III RXD correct mount E (+0.1)
2026-05-16 23:29:49 | INFO     | ss_crawler | [lens_scraper] TAMRON: Tamron 70-200mm F/2.8 Di III RXD score=-0.35 (focal_min=70, focal_max=200)
2026-05-16 23:29:49 | INFO     | ss_crawler | [lens_scraper] TAMRON MOUNT: Tamron 70-300mm F/4.5-6.3 Di III RXD correct mount E (+0.1)
2026-05-16 23:29:49 | INFO     | ss_crawler | [lens_scraper] TAMRON: Tamron 70-300mm F/4.5-6.3 Di III RXD score=-0.50 (focal_min=70, focal_max=300)
2026-05-16 23:29:49 | INFO     | ss_crawler | [lens_scraper] TAMRON MOUNT: Tamron 150-500mm F/5-6.7 Di III VC VXD correct mount E (+0.1)
2026-05-16 23:29:49 | INFO     | ss_crawler | [lens_scraper] TAMRON: Tamron 150-500mm F/5-6.7 Di III VC VXD score=-0.50 (focal_min=150, focal_max=500)
2026-05-16 23:29:49 | INFO     | ss_crawler | [lens_scraper] TAMRON MOUNT: Tamron 300mm F/2.8 Di III VC VXD correct mount E (+0.1)
2026-05-16 23:29:49 | INFO     | ss_crawler | [lens_scraper] TAMRON: Tamron 300mm F/2.8 Di III VC VXD score=-0.35 (focal_min=300, focal_max=300)
2026-05-16 23:29:49 | INFO     | ss_crawler | [lens_scraper] Matched [gcmeb]: Tamron_17-35mm_F2.8-4_DI_OSD (75% confidence)
2026-05-16 23:30:41 | INFO     | ss_crawler | [crawler] Fetching : https://www.ss.com/msg/lv/electronics/photo-optics/objectives/goxhg.html#photo-2
2026-05-16 23:30:51 | INFO     | ss_crawler | [crawler] Fetching : https://www.ss.com/msg/lv/electronics/photo-optics/objectives/gcmeb.html
2026-05-16 23:30:54 | INFO     | ss_crawler | [lens_scraper] Initializing Lens scraper...
2026-05-16 23:30:54 | INFO     | ss_crawler | [database] Database connected: localhost:5433/ss_market
2026-05-16 23:30:54 | INFO     | ss_crawler | [lens_scraper] Database: postgresql+psycopg2://crawler:crawler_pass@localhost:5433/ss_market
2026-05-16 23:30:54 | INFO     | ss_crawler | [lens_scraper] Loaded 481 lens references
2026-05-16 23:30:54 | INFO     | ss_crawler | [crawler] Fetching : https://www.ss.com/msg/lv/electronics/photo-optics/objectives/gcmeb.html
2026-05-16 23:30:58 | INFO     | ss_crawler | [lens_scraper] MOUNT DETECT: detected=E
2026-05-16 23:30:58 | INFO     | ss_crawler | [lens_scraper] Detected focal: 17mm-28mm (from model=True)
2026-05-16 23:30:58 | INFO     | ss_crawler | [lens_scraper] TAMRON PRE-GEN: 35mm F1.4 Di USD score=0.40
2026-05-16 23:30:58 | INFO     | ss_crawler | [lens_scraper] TAMRON MOUNT: 35mm F1.4 Di USD wrong mount EF vs E (-0.15)
2026-05-16 23:30:58 | INFO     | ss_crawler | [lens_scraper] TAMRON: 35mm F1.4 Di USD score=0.45 (focal_min=35, focal_max=None)
2026-05-16 23:30:58 | INFO     | ss_crawler | [lens_scraper] TAMRON BEST: New best 35mm F1.4 Di USD
2026-05-16 23:30:58 | INFO     | ss_crawler | [lens_scraper] TAMRON PRE-GEN: 35mm F1.8 Di VC USD score=0.40
2026-05-16 23:30:58 | INFO     | ss_crawler | [lens_scraper] TAMRON MOUNT: 35mm F1.8 Di VC USD wrong mount EF vs E (-0.15)
2026-05-16 23:30:58 | INFO     | ss_crawler | [lens_scraper] TAMRON: 35mm F1.8 Di VC USD score=0.45 (focal_min=35, focal_max=None)
2026-05-16 23:30:58 | INFO     | ss_crawler | [lens_scraper] TAMRON PRE-GEN: 45mm F1.8 Di VC USD score=0.40
2026-05-16 23:30:58 | INFO     | ss_crawler | [lens_scraper] TAMRON MOUNT: 45mm F1.8 Di VC USD wrong mount EF vs E (-0.15)
2026-05-16 23:30:58 | INFO     | ss_crawler | [lens_scraper] TAMRON: 45mm F1.8 Di VC USD score=0.45 (focal_min=45, focal_max=None)
2026-05-16 23:30:58 | INFO     | ss_crawler | [lens_scraper] TAMRON PRE-GEN: 85mm F1.8 Di VC USD score=0.40
2026-05-16 23:30:58 | INFO     | ss_crawler | [lens_scraper] TAMRON MOUNT: 85mm F1.8 Di VC USD wrong mount EF vs E (-0.15)
2026-05-16 23:30:58 | INFO     | ss_crawler | [lens_scraper] TAMRON: 85mm F1.8 Di VC USD score=0.45 (focal_min=85, focal_max=None)
2026-05-16 23:30:58 | INFO     | ss_crawler | [lens_scraper] TAMRON PRE-GEN: 90mm F2.8 Di Macro score=0.55
2026-05-16 23:30:58 | INFO     | ss_crawler | [lens_scraper] TAMRON MOUNT: 90mm F2.8 Di Macro wrong mount EF vs E (-0.15)
2026-05-16 23:30:58 | INFO     | ss_crawler | [lens_scraper] TAMRON: 90mm F2.8 Di Macro score=0.60 (focal_min=90, focal_max=None)
2026-05-16 23:30:58 | INFO     | ss_crawler | [lens_scraper] TAMRON BEST: New best 90mm F2.8 Di Macro
2026-05-16 23:30:58 | INFO     | ss_crawler | [lens_scraper] TAMRON PRE-GEN: 90mm F2.8 Di Macro 1:1 VC USD score=0.55
2026-05-16 23:30:58 | INFO     | ss_crawler | [lens_scraper] TAMRON MOUNT: 90mm F2.8 Di Macro 1:1 VC USD wrong mount EF vs E (-0.15)
2026-05-16 23:30:58 | INFO     | ss_crawler | [lens_scraper] TAMRON: 90mm F2.8 Di Macro 1:1 VC USD score=0.60 (focal_min=90, focal_max=None)
2026-05-16 23:30:58 | INFO     | ss_crawler | [lens_scraper] TAMRON PRE-GEN: 15-30mm F2.8 Di VC USD score=0.55
2026-05-16 23:30:58 | INFO     | ss_crawler | [lens_scraper] TAMRON MOUNT: 15-30mm F2.8 Di VC USD wrong mount EF vs E (-0.15)
2026-05-16 23:30:58 | INFO     | ss_crawler | [lens_scraper] TAMRON: 15-30mm F2.8 Di VC USD score=0.60 (focal_min=15, focal_max=30)
2026-05-16 23:30:58 | INFO     | ss_crawler | [lens_scraper] TAMRON PRE-GEN: 17-35mm F2.8-4 DI OSD score=0.70
2026-05-16 23:30:58 | INFO     | ss_crawler | [lens_scraper] TAMRON MOUNT: 17-35mm F2.8-4 DI OSD wrong mount EF vs E (-0.15)
2026-05-16 23:30:58 | INFO     | ss_crawler | [lens_scraper] TAMRON: 17-35mm F2.8-4 DI OSD score=0.75 (focal_min=17, focal_max=35)
2026-05-16 23:30:58 | INFO     | ss_crawler | [lens_scraper] TAMRON BEST: New best 17-35mm F2.8-4 DI OSD
2026-05-16 23:30:58 | INFO     | ss_crawler | [lens_scraper] TAMRON PRE-GEN: 24-70mm F2.8 Di VC USD G2 score=0.55
2026-05-16 23:30:58 | INFO     | ss_crawler | [lens_scraper] TAMRON MOUNT: 24-70mm F2.8 Di VC USD G2 wrong mount EF vs E (-0.15)
2026-05-16 23:30:58 | INFO     | ss_crawler | [lens_scraper] TAMRON: 24-70mm F2.8 Di VC USD G2 score=0.60 (focal_min=24, focal_max=70)
2026-05-16 23:30:58 | INFO     | ss_crawler | [lens_scraper] TAMRON PRE-GEN: 28-75mm F2.8 XR Di LD Aspherical (IF)  score=0.55
2026-05-16 23:30:58 | INFO     | ss_crawler | [lens_scraper] TAMRON MOUNT: 28-75mm F2.8 XR Di LD Aspherical (IF)  wrong mount EF vs E (-0.15)
2026-05-16 23:30:58 | INFO     | ss_crawler | [lens_scraper] TAMRON: 28-75mm F2.8 XR Di LD Aspherical (IF)  score=0.60 (focal_min=28, focal_max=75)
2026-05-16 23:30:58 | INFO     | ss_crawler | [lens_scraper] TAMRON PRE-GEN: 35-150mm F2.8-4 Di VC OSD score=0.55
2026-05-16 23:30:58 | INFO     | ss_crawler | [lens_scraper] TAMRON MOUNT: 35-150mm F2.8-4 Di VC OSD wrong mount EF vs E (-0.15)
2026-05-16 23:30:58 | INFO     | ss_crawler | [lens_scraper] TAMRON: 35-150mm F2.8-4 Di VC OSD score=0.60 (focal_min=35, focal_max=150)
2026-05-16 23:30:58 | INFO     | ss_crawler | [lens_scraper] TAMRON PRE-GEN: 28-300mm F3.5-6.3 Di VC PZD score=0.40
2026-05-16 23:30:58 | INFO     | ss_crawler | [lens_scraper] TAMRON MOUNT: 28-300mm F3.5-6.3 Di VC PZD wrong mount EF vs E (-0.15)
2026-05-16 23:30:58 | INFO     | ss_crawler | [lens_scraper] TAMRON: 28-300mm F3.5-6.3 Di VC PZD score=0.45 (focal_min=28, focal_max=300)
2026-05-16 23:30:58 | INFO     | ss_crawler | [lens_scraper] TAMRON PRE-GEN: 70-200mm F2.8 Di LD (IF) Macro AF score=0.55
2026-05-16 23:30:58 | INFO     | ss_crawler | [lens_scraper] TAMRON MOUNT: 70-200mm F2.8 Di LD (IF) Macro AF wrong mount EF vs E (-0.15)
2026-05-16 23:30:58 | INFO     | ss_crawler | [lens_scraper] TAMRON: 70-200mm F2.8 Di LD (IF) Macro AF score=0.60 (focal_min=70, focal_max=200)
2026-05-16 23:30:58 | INFO     | ss_crawler | [lens_scraper] TAMRON PRE-GEN: 70-200mm F2.8 Di VC USD G2 score=0.55
2026-05-16 23:30:58 | INFO     | ss_crawler | [lens_scraper] TAMRON MOUNT: 70-200mm F2.8 Di VC USD G2 wrong mount EF vs E (-0.15)
2026-05-16 23:30:58 | INFO     | ss_crawler | [lens_scraper] TAMRON: 70-200mm F2.8 Di VC USD G2 score=0.60 (focal_min=70, focal_max=200)
2026-05-16 23:30:58 | INFO     | ss_crawler | [lens_scraper] TAMRON PRE-GEN: 70-210mm F4 Di VC USD score=0.40
2026-05-16 23:30:58 | INFO     | ss_crawler | [lens_scraper] TAMRON MOUNT: 70-210mm F4 Di VC USD wrong mount EF vs E (-0.15)
2026-05-16 23:30:58 | INFO     | ss_crawler | [lens_scraper] TAMRON: 70-210mm F4 Di VC USD score=0.45 (focal_min=70, focal_max=210)
2026-05-16 23:30:58 | INFO     | ss_crawler | [lens_scraper] TAMRON PRE-GEN: 70-300mm F4-5.6 Di VC USD  score=0.40
2026-05-16 23:30:58 | INFO     | ss_crawler | [lens_scraper] TAMRON MOUNT: 70-300mm F4-5.6 Di VC USD  wrong mount EF vs E (-0.15)
2026-05-16 23:30:58 | INFO     | ss_crawler | [lens_scraper] TAMRON: 70-300mm F4-5.6 Di VC USD  score=0.45 (focal_min=70, focal_max=300)
2026-05-16 23:30:58 | INFO     | ss_crawler | [lens_scraper] TAMRON PRE-GEN: 100-400mm F4.5-6.3 Di VC USD score=0.40
2026-05-16 23:30:58 | INFO     | ss_crawler | [lens_scraper] TAMRON MOUNT: 100-400mm F4.5-6.3 Di VC USD wrong mount EF vs E (-0.15)
2026-05-16 23:30:58 | INFO     | ss_crawler | [lens_scraper] TAMRON: 100-400mm F4.5-6.3 Di VC USD score=0.45 (focal_min=100, focal_max=400)
2026-05-16 23:30:58 | INFO     | ss_crawler | [lens_scraper] TAMRON PRE-GEN: 18-270mm F3.5-6.3 Di II VC PZD score=0.40
2026-05-16 23:30:58 | INFO     | ss_crawler | [lens_scraper] TAMRON MOUNT: 18-270mm F3.5-6.3 Di II VC PZD wrong mount EF-S vs E (-0.15)
2026-05-16 23:30:58 | INFO     | ss_crawler | [lens_scraper] TAMRON: 18-270mm F3.5-6.3 Di II VC PZD score=-0.20 (focal_min=18, focal_max=270)
2026-05-16 23:30:58 | INFO     | ss_crawler | [lens_scraper] TAMRON PRE-GEN: 150-600mm F5-6.3 Di VC USD  score=0.40
2026-05-16 23:30:58 | INFO     | ss_crawler | [lens_scraper] TAMRON MOUNT: 150-600mm F5-6.3 Di VC USD  wrong mount EF vs E (-0.15)
2026-05-16 23:30:58 | INFO     | ss_crawler | [lens_scraper] TAMRON: 150-600mm F5-6.3 Di VC USD  score=0.45 (focal_min=150, focal_max=600)
2026-05-16 23:30:58 | INFO     | ss_crawler | [lens_scraper] TAMRON PRE-GEN: 150-600mm F5-6.3 Di VC USD G2  score=0.40
2026-05-16 23:30:58 | INFO     | ss_crawler | [lens_scraper] TAMRON MOUNT: 150-600mm F5-6.3 Di VC USD G2  wrong mount EF vs E (-0.15)
2026-05-16 23:30:58 | INFO     | ss_crawler | [lens_scraper] TAMRON: 150-600mm F5-6.3 Di VC USD G2  score=0.45 (focal_min=150, focal_max=600)
2026-05-16 23:30:58 | INFO     | ss_crawler | [lens_scraper] TAMRON PRE-GEN: 60mm F2 Di II 1:1 Macro score=0.55
2026-05-16 23:30:58 | INFO     | ss_crawler | [lens_scraper] TAMRON MOUNT: 60mm F2 Di II 1:1 Macro wrong mount EF-S vs E (-0.15)
2026-05-16 23:30:58 | INFO     | ss_crawler | [lens_scraper] TAMRON: 60mm F2 Di II 1:1 Macro score=-0.05 (focal_min=60, focal_max=None)
2026-05-16 23:30:58 | INFO     | ss_crawler | [lens_scraper] TAMRON PRE-GEN: 10-24mm F3.5-4.5 Di II VC HLD score=0.40
2026-05-16 23:30:58 | INFO     | ss_crawler | [lens_scraper] TAMRON MOUNT: 10-24mm F3.5-4.5 Di II VC HLD wrong mount EF-S vs E (-0.15)
2026-05-16 23:30:58 | INFO     | ss_crawler | [lens_scraper] TAMRON: 10-24mm F3.5-4.5 Di II VC HLD score=-0.20 (focal_min=10, focal_max=24)
2026-05-16 23:30:58 | INFO     | ss_crawler | [lens_scraper] TAMRON PRE-GEN: 16-300mm F3.5-6.3 Di II VC PZD MACRO score=0.40
2026-05-16 23:30:58 | INFO     | ss_crawler | [lens_scraper] TAMRON MOUNT: 16-300mm F3.5-6.3 Di II VC PZD MACRO wrong mount EF-S vs E (-0.15)
2026-05-16 23:30:58 | INFO     | ss_crawler | [lens_scraper] TAMRON: 16-300mm F3.5-6.3 Di II VC PZD MACRO score=-0.20 (focal_min=16, focal_max=300)
2026-05-16 23:30:58 | INFO     | ss_crawler | [lens_scraper] TAMRON PRE-GEN: 17-50mm F2.8 SP AF XR Di II LD Aspherical score=0.70
2026-05-16 23:30:58 | INFO     | ss_crawler | [lens_scraper] TAMRON MOUNT: 17-50mm F2.8 SP AF XR Di II LD Aspherical wrong mount EF-S vs E (-0.15)
2026-05-16 23:30:58 | INFO     | ss_crawler | [lens_scraper] TAMRON: 17-50mm F2.8 SP AF XR Di II LD Aspherical score=0.10 (focal_min=17, focal_max=50)
2026-05-16 23:30:58 | INFO     | ss_crawler | [lens_scraper] TAMRON PRE-GEN: 17-50mm F2.8 SP AF XR Di-II VC LD score=0.70
2026-05-16 23:30:58 | INFO     | ss_crawler | [lens_scraper] TAMRON MOUNT: 17-50mm F2.8 SP AF XR Di-II VC LD wrong mount EF-S vs E (-0.15)
2026-05-16 23:30:58 | INFO     | ss_crawler | [lens_scraper] TAMRON: 17-50mm F2.8 SP AF XR Di-II VC LD score=0.10 (focal_min=17, focal_max=50)
2026-05-16 23:30:58 | INFO     | ss_crawler | [lens_scraper] TAMRON PRE-GEN: 18-200mm F3.5-6.3 Di II VC  score=0.40
2026-05-16 23:30:58 | INFO     | ss_crawler | [lens_scraper] TAMRON MOUNT: 18-200mm F3.5-6.3 Di II VC  wrong mount EF-S vs E (-0.15)
2026-05-16 23:30:58 | INFO     | ss_crawler | [lens_scraper] TAMRON: 18-200mm F3.5-6.3 Di II VC  score=-0.20 (focal_min=18, focal_max=200)
2026-05-16 23:30:58 | INFO     | ss_crawler | [lens_scraper] TAMRON PRE-GEN: 18-400mm F3.5-6.3 Di II VC HLD score=0.40
2026-05-16 23:30:58 | INFO     | ss_crawler | [lens_scraper] TAMRON MOUNT: 18-400mm F3.5-6.3 Di II VC HLD wrong mount EF-S vs E (-0.15)
2026-05-16 23:30:58 | INFO     | ss_crawler | [lens_scraper] TAMRON: 18-400mm F3.5-6.3 Di II VC HLD score=-0.20 (focal_min=18, focal_max=400)
2026-05-16 23:30:58 | INFO     | ss_crawler | [lens_scraper] TAMRON PRE-GEN: Tamron 11-20mm F/2.8 Di III-A RXD score=0.55
2026-05-16 23:30:58 | INFO     | ss_crawler | [lens_scraper] TAMRON MOUNT: Tamron 11-20mm F/2.8 Di III-A RXD correct mount E (+0.1)
2026-05-16 23:30:58 | INFO     | ss_crawler | [lens_scraper] TAMRON: Tamron 11-20mm F/2.8 Di III-A RXD score=-0.35 (focal_min=11, focal_max=20)
2026-05-16 23:30:58 | INFO     | ss_crawler | [lens_scraper] TAMRON PRE-GEN: Tamron 17-70mm F/2.8 Di III-A VC RXD score=0.70
2026-05-16 23:30:58 | INFO     | ss_crawler | [lens_scraper] TAMRON MOUNT: Tamron 17-70mm F/2.8 Di III-A VC RXD correct mount E (+0.1)
2026-05-16 23:30:58 | INFO     | ss_crawler | [lens_scraper] TAMRON: Tamron 17-70mm F/2.8 Di III-A VC RXD score=-0.20 (focal_min=17, focal_max=70)
2026-05-16 23:30:58 | INFO     | ss_crawler | [lens_scraper] TAMRON PRE-GEN: Tamron 18-200mm F/3.5-6.3 Di III VC score=0.40
2026-05-16 23:30:58 | INFO     | ss_crawler | [lens_scraper] TAMRON MOUNT: Tamron 18-200mm F/3.5-6.3 Di III VC correct mount E (+0.1)
2026-05-16 23:30:58 | INFO     | ss_crawler | [lens_scraper] TAMRON: Tamron 18-200mm F/3.5-6.3 Di III VC score=-0.50 (focal_min=18, focal_max=200)
2026-05-16 23:30:58 | INFO     | ss_crawler | [lens_scraper] TAMRON PRE-GEN: Tamron 18-300mm F/3.5-6.3 Di III-A VC VXD score=0.40
2026-05-16 23:30:58 | INFO     | ss_crawler | [lens_scraper] TAMRON MOUNT: Tamron 18-300mm F/3.5-6.3 Di III-A VC VXD correct mount E (+0.1)
2026-05-16 23:30:58 | INFO     | ss_crawler | [lens_scraper] TAMRON: Tamron 18-300mm F/3.5-6.3 Di III-A VC VXD score=-0.50 (focal_min=18, focal_max=300)
2026-05-16 23:30:58 | INFO     | ss_crawler | [lens_scraper] TAMRON PRE-GEN: Tamron 35mm F/2.8 Di III OSD M1:2 score=0.55
2026-05-16 23:30:58 | INFO     | ss_crawler | [lens_scraper] TAMRON MOUNT: Tamron 35mm F/2.8 Di III OSD M1:2 correct mount E (+0.1)
2026-05-16 23:30:58 | INFO     | ss_crawler | [lens_scraper] TAMRON: Tamron 35mm F/2.8 Di III OSD M1:2 score=-0.35 (focal_min=35, focal_max=35)
2026-05-16 23:30:58 | INFO     | ss_crawler | [lens_scraper] TAMRON PRE-GEN: Tamron SP 35mm F/1.4 Di USD score=0.40
2026-05-16 23:30:58 | INFO     | ss_crawler | [lens_scraper] TAMRON MOUNT: Tamron SP 35mm F/1.4 Di USD correct mount E (+0.1)
2026-05-16 23:30:58 | INFO     | ss_crawler | [lens_scraper] TAMRON: Tamron SP 35mm F/1.4 Di USD score=0.70 (focal_min=35, focal_max=35)
2026-05-16 23:30:58 | INFO     | ss_crawler | [lens_scraper] TAMRON PRE-GEN: Tamron 70-210mm F/4 Di VC USD score=0.40
2026-05-16 23:30:58 | INFO     | ss_crawler | [lens_scraper] TAMRON MOUNT: Tamron 70-210mm F/4 Di VC USD correct mount E (+0.1)
2026-05-16 23:30:58 | INFO     | ss_crawler | [lens_scraper] TAMRON: Tamron 70-210mm F/4 Di VC USD score=0.70 (focal_min=70, focal_max=210)
2026-05-16 23:30:58 | INFO     | ss_crawler | [lens_scraper] TAMRON PRE-GEN: Tamron 17-28mm F/2.8 Di III RXD score=0.90
2026-05-16 23:30:58 | INFO     | ss_crawler | [lens_scraper] TAMRON MOUNT: Tamron 17-28mm F/2.8 Di III RXD correct mount E (+0.1)
2026-05-16 23:30:58 | INFO     | ss_crawler | [lens_scraper] TAMRON: Tamron 17-28mm F/2.8 Di III RXD score=0.00 (focal_min=17, focal_max=28)
2026-05-16 23:30:58 | INFO     | ss_crawler | [lens_scraper] TAMRON PRE-GEN: Tamron 20-40mm F/2.8 Di III VXD score=0.55
2026-05-16 23:30:58 | INFO     | ss_crawler | [lens_scraper] TAMRON MOUNT: Tamron 20-40mm F/2.8 Di III VXD correct mount E (+0.1)
2026-05-16 23:30:58 | INFO     | ss_crawler | [lens_scraper] TAMRON: Tamron 20-40mm F/2.8 Di III VXD score=-0.35 (focal_min=20, focal_max=40)
2026-05-16 23:30:58 | INFO     | ss_crawler | [lens_scraper] TAMRON PRE-GEN: Tamron 28-200mm F/2.8-5.6 Di III RXD score=0.55
2026-05-16 23:30:58 | INFO     | ss_crawler | [lens_scraper] TAMRON MOUNT: Tamron 28-200mm F/2.8-5.6 Di III RXD correct mount E (+0.1)
2026-05-16 23:30:58 | INFO     | ss_crawler | [lens_scraper] TAMRON: Tamron 28-200mm F/2.8-5.6 Di III RXD score=-0.35 (focal_min=28, focal_max=200)
2026-05-16 23:30:58 | INFO     | ss_crawler | [lens_scraper] TAMRON PRE-GEN: Tamron 28-300mm F/4-7.1 Di III VC VXD score=0.40
2026-05-16 23:30:58 | INFO     | ss_crawler | [lens_scraper] TAMRON MOUNT: Tamron 28-300mm F/4-7.1 Di III VC VXD correct mount E (+0.1)
2026-05-16 23:30:58 | INFO     | ss_crawler | [lens_scraper] TAMRON: Tamron 28-300mm F/4-7.1 Di III VC VXD score=-0.50 (focal_min=28, focal_max=300)
2026-05-16 23:30:58 | INFO     | ss_crawler | [lens_scraper] TAMRON PRE-GEN: Tamron 35-150mm F/2-2.8 Di III VXD score=0.55
2026-05-16 23:30:58 | INFO     | ss_crawler | [lens_scraper] TAMRON MOUNT: Tamron 35-150mm F/2-2.8 Di III VXD correct mount E (+0.1)
2026-05-16 23:30:58 | INFO     | ss_crawler | [lens_scraper] TAMRON: Tamron 35-150mm F/2-2.8 Di III VXD score=-0.35 (focal_min=35, focal_max=150)
2026-05-16 23:30:58 | INFO     | ss_crawler | [lens_scraper] TAMRON PRE-GEN: Tamron 50-300mm F/4.5-6.3 Di III VC VXD score=0.40
2026-05-16 23:30:58 | INFO     | ss_crawler | [lens_scraper] TAMRON MOUNT: Tamron 50-300mm F/4.5-6.3 Di III VC VXD correct mount E (+0.1)
2026-05-16 23:30:58 | INFO     | ss_crawler | [lens_scraper] TAMRON: Tamron 50-300mm F/4.5-6.3 Di III VC VXD score=-0.50 (focal_min=50, focal_max=300)
2026-05-16 23:30:58 | INFO     | ss_crawler | [lens_scraper] TAMRON PRE-GEN: Tamron 50-400mm F/4.5-6.3 Di III VC VXD score=0.40
2026-05-16 23:30:58 | INFO     | ss_crawler | [lens_scraper] TAMRON MOUNT: Tamron 50-400mm F/4.5-6.3 Di III VC VXD correct mount E (+0.1)
2026-05-16 23:30:58 | INFO     | ss_crawler | [lens_scraper] TAMRON: Tamron 50-400mm F/4.5-6.3 Di III VC VXD score=-0.50 (focal_min=50, focal_max=400)
2026-05-16 23:30:58 | INFO     | ss_crawler | [lens_scraper] TAMRON PRE-GEN: Tamron 70-180mm F/2.8 Di III VXD score=0.55
2026-05-16 23:30:58 | INFO     | ss_crawler | [lens_scraper] TAMRON MOUNT: Tamron 70-180mm F/2.8 Di III VXD correct mount E (+0.1)
2026-05-16 23:30:58 | INFO     | ss_crawler | [lens_scraper] TAMRON: Tamron 70-180mm F/2.8 Di III VXD score=-0.35 (focal_min=70, focal_max=180)
2026-05-16 23:30:58 | INFO     | ss_crawler | [lens_scraper] TAMRON PRE-GEN: Tamron 70-180mm F/2.8 Di III VC VXD G2 score=0.55
2026-05-16 23:30:58 | INFO     | ss_crawler | [lens_scraper] TAMRON MOUNT: Tamron 70-180mm F/2.8 Di III VC VXD G2 correct mount E (+0.1)
2026-05-16 23:30:58 | INFO     | ss_crawler | [lens_scraper] TAMRON: Tamron 70-180mm F/2.8 Di III VC VXD G2 score=-0.35 (focal_min=70, focal_max=180)
2026-05-16 23:30:58 | INFO     | ss_crawler | [lens_scraper] TAMRON PRE-GEN: Tamron 70-200mm F/2.8 Di III RXD score=0.55
2026-05-16 23:30:58 | INFO     | ss_crawler | [lens_scraper] TAMRON MOUNT: Tamron 70-200mm F/2.8 Di III RXD correct mount E (+0.1)
2026-05-16 23:30:58 | INFO     | ss_crawler | [lens_scraper] TAMRON: Tamron 70-200mm F/2.8 Di III RXD score=-0.35 (focal_min=70, focal_max=200)
2026-05-16 23:30:58 | INFO     | ss_crawler | [lens_scraper] TAMRON PRE-GEN: Tamron 70-300mm F/4.5-6.3 Di III RXD score=0.40
2026-05-16 23:30:58 | INFO     | ss_crawler | [lens_scraper] TAMRON MOUNT: Tamron 70-300mm F/4.5-6.3 Di III RXD correct mount E (+0.1)
2026-05-16 23:30:58 | INFO     | ss_crawler | [lens_scraper] TAMRON: Tamron 70-300mm F/4.5-6.3 Di III RXD score=-0.50 (focal_min=70, focal_max=300)
2026-05-16 23:30:58 | INFO     | ss_crawler | [lens_scraper] TAMRON PRE-GEN: Tamron 150-500mm F/5-6.7 Di III VC VXD score=0.40
2026-05-16 23:30:58 | INFO     | ss_crawler | [lens_scraper] TAMRON MOUNT: Tamron 150-500mm F/5-6.7 Di III VC VXD correct mount E (+0.1)
2026-05-16 23:30:58 | INFO     | ss_crawler | [lens_scraper] TAMRON: Tamron 150-500mm F/5-6.7 Di III VC VXD score=-0.50 (focal_min=150, focal_max=500)
2026-05-16 23:30:58 | INFO     | ss_crawler | [lens_scraper] TAMRON PRE-GEN: Tamron 300mm F/2.8 Di III VC VXD score=0.55
2026-05-16 23:30:58 | INFO     | ss_crawler | [lens_scraper] TAMRON MOUNT: Tamron 300mm F/2.8 Di III VC VXD correct mount E (+0.1)
2026-05-16 23:30:58 | INFO     | ss_crawler | [lens_scraper] TAMRON: Tamron 300mm F/2.8 Di III VC VXD score=-0.35 (focal_min=300, focal_max=300)
2026-05-16 23:30:58 | INFO     | ss_crawler | [lens_scraper] Matched [gcmeb]: Tamron_17-35mm_F2.8-4_DI_OSD (75% confidence)
2026-05-16 23:31:19 | INFO     | ss_crawler | [crawler] Fetching : https://www.ss.com/msg/lv/electronics/photo-optics/objectives/goxhg.html
2026-05-16 23:31:22 | INFO     | ss_crawler | [lens_scraper] Initializing Lens scraper...
2026-05-16 23:31:22 | INFO     | ss_crawler | [database] Database connected: localhost:5433/ss_market
2026-05-16 23:31:22 | INFO     | ss_crawler | [lens_scraper] Database: postgresql+psycopg2://crawler:crawler_pass@localhost:5433/ss_market
2026-05-16 23:31:22 | INFO     | ss_crawler | [lens_scraper] Loaded 481 lens references
2026-05-16 23:31:22 | INFO     | ss_crawler | [crawler] Fetching : https://www.ss.com/msg/lv/electronics/photo-optics/objectives/goxhg.html
2026-05-16 23:31:25 | INFO     | ss_crawler | [lens_scraper] MOUNT DETECT: detected=EF
2026-05-16 23:31:25 | INFO     | ss_crawler | [lens_scraper] Detected focal: 70mm-300mm (from model=True)
2026-05-16 23:31:25 | INFO     | ss_crawler | [lens_scraper] Matched [goxhg]: Canon_70-300mm_F4-5.6_IS_USM (100% confidence)
2026-05-16 23:31:26 | INFO     | ss_crawler | [crawler] Fetching : https://www.ss.com/msg/lv/electronics/photo-optics/objectives/gcmeb.html
2026-05-16 23:31:29 | INFO     | ss_crawler | [lens_scraper] Initializing Lens scraper...
2026-05-16 23:31:29 | INFO     | ss_crawler | [database] Database connected: localhost:5433/ss_market
2026-05-16 23:31:29 | INFO     | ss_crawler | [lens_scraper] Database: postgresql+psycopg2://crawler:crawler_pass@localhost:5433/ss_market
2026-05-16 23:31:29 | INFO     | ss_crawler | [lens_scraper] Loaded 481 lens references
2026-05-16 23:31:29 | INFO     | ss_crawler | [crawler] Fetching : https://www.ss.com/msg/lv/electronics/photo-optics/objectives/gcmeb.html
2026-05-16 23:31:31 | INFO     | ss_crawler | [lens_scraper] MOUNT DETECT: detected=E
2026-05-16 23:31:31 | INFO     | ss_crawler | [lens_scraper] Detected focal: 17mm-28mm (from model=True)
2026-05-16 23:31:31 | INFO     | ss_crawler | [lens_scraper] TAMRON PRE-GEN: 35mm F1.4 Di USD score=0.40
2026-05-16 23:31:31 | INFO     | ss_crawler | [lens_scraper] TAMRON POST-GEN: 35mm F1.4 Di USD score=0.60 (gen2=False, mentions=False)
2026-05-16 23:31:31 | INFO     | ss_crawler | [lens_scraper] TAMRON MOUNT: 35mm F1.4 Di USD wrong mount EF vs E (-0.15)
2026-05-16 23:31:31 | INFO     | ss_crawler | [lens_scraper] TAMRON: 35mm F1.4 Di USD score=0.45 (focal_min=35, focal_max=None)
2026-05-16 23:31:31 | INFO     | ss_crawler | [lens_scraper] TAMRON BEST: New best 35mm F1.4 Di USD
2026-05-16 23:31:31 | INFO     | ss_crawler | [lens_scraper] TAMRON PRE-GEN: 35mm F1.8 Di VC USD score=0.40
2026-05-16 23:31:31 | INFO     | ss_crawler | [lens_scraper] TAMRON POST-GEN: 35mm F1.8 Di VC USD score=0.60 (gen2=False, mentions=False)
2026-05-16 23:31:31 | INFO     | ss_crawler | [lens_scraper] TAMRON MOUNT: 35mm F1.8 Di VC USD wrong mount EF vs E (-0.15)
2026-05-16 23:31:31 | INFO     | ss_crawler | [lens_scraper] TAMRON: 35mm F1.8 Di VC USD score=0.45 (focal_min=35, focal_max=None)
2026-05-16 23:31:31 | INFO     | ss_crawler | [lens_scraper] TAMRON PRE-GEN: 45mm F1.8 Di VC USD score=0.40
2026-05-16 23:31:31 | INFO     | ss_crawler | [lens_scraper] TAMRON POST-GEN: 45mm F1.8 Di VC USD score=0.60 (gen2=False, mentions=False)
2026-05-16 23:31:31 | INFO     | ss_crawler | [lens_scraper] TAMRON MOUNT: 45mm F1.8 Di VC USD wrong mount EF vs E (-0.15)
2026-05-16 23:31:31 | INFO     | ss_crawler | [lens_scraper] TAMRON: 45mm F1.8 Di VC USD score=0.45 (focal_min=45, focal_max=None)
2026-05-16 23:31:31 | INFO     | ss_crawler | [lens_scraper] TAMRON PRE-GEN: 85mm F1.8 Di VC USD score=0.40
2026-05-16 23:31:31 | INFO     | ss_crawler | [lens_scraper] TAMRON POST-GEN: 85mm F1.8 Di VC USD score=0.60 (gen2=False, mentions=False)
2026-05-16 23:31:31 | INFO     | ss_crawler | [lens_scraper] TAMRON MOUNT: 85mm F1.8 Di VC USD wrong mount EF vs E (-0.15)
2026-05-16 23:31:31 | INFO     | ss_crawler | [lens_scraper] TAMRON: 85mm F1.8 Di VC USD score=0.45 (focal_min=85, focal_max=None)
2026-05-16 23:31:31 | INFO     | ss_crawler | [lens_scraper] TAMRON PRE-GEN: 90mm F2.8 Di Macro score=0.55
2026-05-16 23:31:31 | INFO     | ss_crawler | [lens_scraper] TAMRON POST-GEN: 90mm F2.8 Di Macro score=0.75 (gen2=False, mentions=False)
2026-05-16 23:31:31 | INFO     | ss_crawler | [lens_scraper] TAMRON MOUNT: 90mm F2.8 Di Macro wrong mount EF vs E (-0.15)
2026-05-16 23:31:31 | INFO     | ss_crawler | [lens_scraper] TAMRON: 90mm F2.8 Di Macro score=0.60 (focal_min=90, focal_max=None)
2026-05-16 23:31:31 | INFO     | ss_crawler | [lens_scraper] TAMRON BEST: New best 90mm F2.8 Di Macro
2026-05-16 23:31:31 | INFO     | ss_crawler | [lens_scraper] TAMRON PRE-GEN: 90mm F2.8 Di Macro 1:1 VC USD score=0.55
2026-05-16 23:31:31 | INFO     | ss_crawler | [lens_scraper] TAMRON POST-GEN: 90mm F2.8 Di Macro 1:1 VC USD score=0.75 (gen2=False, mentions=False)
2026-05-16 23:31:31 | INFO     | ss_crawler | [lens_scraper] TAMRON MOUNT: 90mm F2.8 Di Macro 1:1 VC USD wrong mount EF vs E (-0.15)
2026-05-16 23:31:31 | INFO     | ss_crawler | [lens_scraper] TAMRON: 90mm F2.8 Di Macro 1:1 VC USD score=0.60 (focal_min=90, focal_max=None)
2026-05-16 23:31:31 | INFO     | ss_crawler | [lens_scraper] TAMRON PRE-GEN: 15-30mm F2.8 Di VC USD score=0.55
2026-05-16 23:31:31 | INFO     | ss_crawler | [lens_scraper] TAMRON POST-GEN: 15-30mm F2.8 Di VC USD score=0.75 (gen2=False, mentions=False)
2026-05-16 23:31:31 | INFO     | ss_crawler | [lens_scraper] TAMRON MOUNT: 15-30mm F2.8 Di VC USD wrong mount EF vs E (-0.15)
2026-05-16 23:31:31 | INFO     | ss_crawler | [lens_scraper] TAMRON: 15-30mm F2.8 Di VC USD score=0.60 (focal_min=15, focal_max=30)
2026-05-16 23:31:31 | INFO     | ss_crawler | [lens_scraper] TAMRON PRE-GEN: 17-35mm F2.8-4 DI OSD score=0.70
2026-05-16 23:31:31 | INFO     | ss_crawler | [lens_scraper] TAMRON POST-GEN: 17-35mm F2.8-4 DI OSD score=0.90 (gen2=False, mentions=False)
2026-05-16 23:31:31 | INFO     | ss_crawler | [lens_scraper] TAMRON MOUNT: 17-35mm F2.8-4 DI OSD wrong mount EF vs E (-0.15)
2026-05-16 23:31:31 | INFO     | ss_crawler | [lens_scraper] TAMRON: 17-35mm F2.8-4 DI OSD score=0.75 (focal_min=17, focal_max=35)
2026-05-16 23:31:31 | INFO     | ss_crawler | [lens_scraper] TAMRON BEST: New best 17-35mm F2.8-4 DI OSD
2026-05-16 23:31:31 | INFO     | ss_crawler | [lens_scraper] TAMRON PRE-GEN: 24-70mm F2.8 Di VC USD G2 score=0.55
2026-05-16 23:31:31 | INFO     | ss_crawler | [lens_scraper] TAMRON POST-GEN: 24-70mm F2.8 Di VC USD G2 score=0.75 (gen2=False, mentions=False)
2026-05-16 23:31:31 | INFO     | ss_crawler | [lens_scraper] TAMRON MOUNT: 24-70mm F2.8 Di VC USD G2 wrong mount EF vs E (-0.15)
2026-05-16 23:31:31 | INFO     | ss_crawler | [lens_scraper] TAMRON: 24-70mm F2.8 Di VC USD G2 score=0.60 (focal_min=24, focal_max=70)
2026-05-16 23:31:31 | INFO     | ss_crawler | [lens_scraper] TAMRON PRE-GEN: 28-75mm F2.8 XR Di LD Aspherical (IF)  score=0.55
2026-05-16 23:31:31 | INFO     | ss_crawler | [lens_scraper] TAMRON POST-GEN: 28-75mm F2.8 XR Di LD Aspherical (IF)  score=0.75 (gen2=False, mentions=False)
2026-05-16 23:31:31 | INFO     | ss_crawler | [lens_scraper] TAMRON MOUNT: 28-75mm F2.8 XR Di LD Aspherical (IF)  wrong mount EF vs E (-0.15)
2026-05-16 23:31:31 | INFO     | ss_crawler | [lens_scraper] TAMRON: 28-75mm F2.8 XR Di LD Aspherical (IF)  score=0.60 (focal_min=28, focal_max=75)
2026-05-16 23:31:31 | INFO     | ss_crawler | [lens_scraper] TAMRON PRE-GEN: 35-150mm F2.8-4 Di VC OSD score=0.55
2026-05-16 23:31:31 | INFO     | ss_crawler | [lens_scraper] TAMRON POST-GEN: 35-150mm F2.8-4 Di VC OSD score=0.75 (gen2=False, mentions=False)
2026-05-16 23:31:31 | INFO     | ss_crawler | [lens_scraper] TAMRON MOUNT: 35-150mm F2.8-4 Di VC OSD wrong mount EF vs E (-0.15)
2026-05-16 23:31:31 | INFO     | ss_crawler | [lens_scraper] TAMRON: 35-150mm F2.8-4 Di VC OSD score=0.60 (focal_min=35, focal_max=150)
2026-05-16 23:31:31 | INFO     | ss_crawler | [lens_scraper] TAMRON PRE-GEN: 28-300mm F3.5-6.3 Di VC PZD score=0.40
2026-05-16 23:31:31 | INFO     | ss_crawler | [lens_scraper] TAMRON POST-GEN: 28-300mm F3.5-6.3 Di VC PZD score=0.60 (gen2=False, mentions=False)
2026-05-16 23:31:31 | INFO     | ss_crawler | [lens_scraper] TAMRON MOUNT: 28-300mm F3.5-6.3 Di VC PZD wrong mount EF vs E (-0.15)
2026-05-16 23:31:31 | INFO     | ss_crawler | [lens_scraper] TAMRON: 28-300mm F3.5-6.3 Di VC PZD score=0.45 (focal_min=28, focal_max=300)
2026-05-16 23:31:31 | INFO     | ss_crawler | [lens_scraper] TAMRON PRE-GEN: 70-200mm F2.8 Di LD (IF) Macro AF score=0.55
2026-05-16 23:31:31 | INFO     | ss_crawler | [lens_scraper] TAMRON POST-GEN: 70-200mm F2.8 Di LD (IF) Macro AF score=0.75 (gen2=False, mentions=False)
2026-05-16 23:31:31 | INFO     | ss_crawler | [lens_scraper] TAMRON MOUNT: 70-200mm F2.8 Di LD (IF) Macro AF wrong mount EF vs E (-0.15)
2026-05-16 23:31:31 | INFO     | ss_crawler | [lens_scraper] TAMRON: 70-200mm F2.8 Di LD (IF) Macro AF score=0.60 (focal_min=70, focal_max=200)
2026-05-16 23:31:31 | INFO     | ss_crawler | [lens_scraper] TAMRON PRE-GEN: 70-200mm F2.8 Di VC USD G2 score=0.55
2026-05-16 23:31:31 | INFO     | ss_crawler | [lens_scraper] TAMRON POST-GEN: 70-200mm F2.8 Di VC USD G2 score=0.75 (gen2=False, mentions=False)
2026-05-16 23:31:31 | INFO     | ss_crawler | [lens_scraper] TAMRON MOUNT: 70-200mm F2.8 Di VC USD G2 wrong mount EF vs E (-0.15)
2026-05-16 23:31:31 | INFO     | ss_crawler | [lens_scraper] TAMRON: 70-200mm F2.8 Di VC USD G2 score=0.60 (focal_min=70, focal_max=200)
2026-05-16 23:31:31 | INFO     | ss_crawler | [lens_scraper] TAMRON PRE-GEN: 70-210mm F4 Di VC USD score=0.40
2026-05-16 23:31:31 | INFO     | ss_crawler | [lens_scraper] TAMRON POST-GEN: 70-210mm F4 Di VC USD score=0.60 (gen2=False, mentions=False)
2026-05-16 23:31:31 | INFO     | ss_crawler | [lens_scraper] TAMRON MOUNT: 70-210mm F4 Di VC USD wrong mount EF vs E (-0.15)
2026-05-16 23:31:31 | INFO     | ss_crawler | [lens_scraper] TAMRON: 70-210mm F4 Di VC USD score=0.45 (focal_min=70, focal_max=210)
2026-05-16 23:31:31 | INFO     | ss_crawler | [lens_scraper] TAMRON PRE-GEN: 70-300mm F4-5.6 Di VC USD  score=0.40
2026-05-16 23:31:31 | INFO     | ss_crawler | [lens_scraper] TAMRON POST-GEN: 70-300mm F4-5.6 Di VC USD  score=0.60 (gen2=False, mentions=False)
2026-05-16 23:31:31 | INFO     | ss_crawler | [lens_scraper] TAMRON MOUNT: 70-300mm F4-5.6 Di VC USD  wrong mount EF vs E (-0.15)
2026-05-16 23:31:31 | INFO     | ss_crawler | [lens_scraper] TAMRON: 70-300mm F4-5.6 Di VC USD  score=0.45 (focal_min=70, focal_max=300)
2026-05-16 23:31:31 | INFO     | ss_crawler | [lens_scraper] TAMRON PRE-GEN: 100-400mm F4.5-6.3 Di VC USD score=0.40
2026-05-16 23:31:31 | INFO     | ss_crawler | [lens_scraper] TAMRON POST-GEN: 100-400mm F4.5-6.3 Di VC USD score=0.60 (gen2=False, mentions=False)
2026-05-16 23:31:31 | INFO     | ss_crawler | [lens_scraper] TAMRON MOUNT: 100-400mm F4.5-6.3 Di VC USD wrong mount EF vs E (-0.15)
2026-05-16 23:31:31 | INFO     | ss_crawler | [lens_scraper] TAMRON: 100-400mm F4.5-6.3 Di VC USD score=0.45 (focal_min=100, focal_max=400)
2026-05-16 23:31:31 | INFO     | ss_crawler | [lens_scraper] TAMRON PRE-GEN: 18-270mm F3.5-6.3 Di II VC PZD score=0.40
2026-05-16 23:31:31 | INFO     | ss_crawler | [lens_scraper] TAMRON POST-GEN: 18-270mm F3.5-6.3 Di II VC PZD score=-0.05 (gen2=True, mentions=False)
2026-05-16 23:31:31 | INFO     | ss_crawler | [lens_scraper] TAMRON MOUNT: 18-270mm F3.5-6.3 Di II VC PZD wrong mount EF-S vs E (-0.15)
2026-05-16 23:31:31 | INFO     | ss_crawler | [lens_scraper] TAMRON: 18-270mm F3.5-6.3 Di II VC PZD score=-0.20 (focal_min=18, focal_max=270)
2026-05-16 23:31:31 | INFO     | ss_crawler | [lens_scraper] TAMRON PRE-GEN: 150-600mm F5-6.3 Di VC USD  score=0.40
2026-05-16 23:31:31 | INFO     | ss_crawler | [lens_scraper] TAMRON POST-GEN: 150-600mm F5-6.3 Di VC USD  score=0.60 (gen2=False, mentions=False)
2026-05-16 23:31:31 | INFO     | ss_crawler | [lens_scraper] TAMRON MOUNT: 150-600mm F5-6.3 Di VC USD  wrong mount EF vs E (-0.15)
2026-05-16 23:31:31 | INFO     | ss_crawler | [lens_scraper] TAMRON: 150-600mm F5-6.3 Di VC USD  score=0.45 (focal_min=150, focal_max=600)
2026-05-16 23:31:31 | INFO     | ss_crawler | [lens_scraper] TAMRON PRE-GEN: 150-600mm F5-6.3 Di VC USD G2  score=0.40
2026-05-16 23:31:31 | INFO     | ss_crawler | [lens_scraper] TAMRON POST-GEN: 150-600mm F5-6.3 Di VC USD G2  score=0.60 (gen2=False, mentions=False)
2026-05-16 23:31:31 | INFO     | ss_crawler | [lens_scraper] TAMRON MOUNT: 150-600mm F5-6.3 Di VC USD G2  wrong mount EF vs E (-0.15)
2026-05-16 23:31:31 | INFO     | ss_crawler | [lens_scraper] TAMRON: 150-600mm F5-6.3 Di VC USD G2  score=0.45 (focal_min=150, focal_max=600)
2026-05-16 23:31:31 | INFO     | ss_crawler | [lens_scraper] TAMRON PRE-GEN: 60mm F2 Di II 1:1 Macro score=0.55
2026-05-16 23:31:31 | INFO     | ss_crawler | [lens_scraper] TAMRON POST-GEN: 60mm F2 Di II 1:1 Macro score=0.10 (gen2=True, mentions=False)
2026-05-16 23:31:31 | INFO     | ss_crawler | [lens_scraper] TAMRON MOUNT: 60mm F2 Di II 1:1 Macro wrong mount EF-S vs E (-0.15)
2026-05-16 23:31:31 | INFO     | ss_crawler | [lens_scraper] TAMRON: 60mm F2 Di II 1:1 Macro score=-0.05 (focal_min=60, focal_max=None)
2026-05-16 23:31:31 | INFO     | ss_crawler | [lens_scraper] TAMRON PRE-GEN: 10-24mm F3.5-4.5 Di II VC HLD score=0.40
2026-05-16 23:31:31 | INFO     | ss_crawler | [lens_scraper] TAMRON POST-GEN: 10-24mm F3.5-4.5 Di II VC HLD score=-0.05 (gen2=True, mentions=False)
2026-05-16 23:31:31 | INFO     | ss_crawler | [lens_scraper] TAMRON MOUNT: 10-24mm F3.5-4.5 Di II VC HLD wrong mount EF-S vs E (-0.15)
2026-05-16 23:31:31 | INFO     | ss_crawler | [lens_scraper] TAMRON: 10-24mm F3.5-4.5 Di II VC HLD score=-0.20 (focal_min=10, focal_max=24)
2026-05-16 23:31:31 | INFO     | ss_crawler | [lens_scraper] TAMRON PRE-GEN: 16-300mm F3.5-6.3 Di II VC PZD MACRO score=0.40
2026-05-16 23:31:31 | INFO     | ss_crawler | [lens_scraper] TAMRON POST-GEN: 16-300mm F3.5-6.3 Di II VC PZD MACRO score=-0.05 (gen2=True, mentions=False)
2026-05-16 23:31:31 | INFO     | ss_crawler | [lens_scraper] TAMRON MOUNT: 16-300mm F3.5-6.3 Di II VC PZD MACRO wrong mount EF-S vs E (-0.15)
2026-05-16 23:31:31 | INFO     | ss_crawler | [lens_scraper] TAMRON: 16-300mm F3.5-6.3 Di II VC PZD MACRO score=-0.20 (focal_min=16, focal_max=300)
2026-05-16 23:31:31 | INFO     | ss_crawler | [lens_scraper] TAMRON PRE-GEN: 17-50mm F2.8 SP AF XR Di II LD Aspherical score=0.70
2026-05-16 23:31:31 | INFO     | ss_crawler | [lens_scraper] TAMRON POST-GEN: 17-50mm F2.8 SP AF XR Di II LD Aspherical score=0.25 (gen2=True, mentions=False)
2026-05-16 23:31:31 | INFO     | ss_crawler | [lens_scraper] TAMRON MOUNT: 17-50mm F2.8 SP AF XR Di II LD Aspherical wrong mount EF-S vs E (-0.15)
2026-05-16 23:31:31 | INFO     | ss_crawler | [lens_scraper] TAMRON: 17-50mm F2.8 SP AF XR Di II LD Aspherical score=0.10 (focal_min=17, focal_max=50)
2026-05-16 23:31:31 | INFO     | ss_crawler | [lens_scraper] TAMRON PRE-GEN: 17-50mm F2.8 SP AF XR Di-II VC LD score=0.70
2026-05-16 23:31:31 | INFO     | ss_crawler | [lens_scraper] TAMRON POST-GEN: 17-50mm F2.8 SP AF XR Di-II VC LD score=0.25 (gen2=True, mentions=False)
2026-05-16 23:31:31 | INFO     | ss_crawler | [lens_scraper] TAMRON MOUNT: 17-50mm F2.8 SP AF XR Di-II VC LD wrong mount EF-S vs E (-0.15)
2026-05-16 23:31:31 | INFO     | ss_crawler | [lens_scraper] TAMRON: 17-50mm F2.8 SP AF XR Di-II VC LD score=0.10 (focal_min=17, focal_max=50)
2026-05-16 23:31:31 | INFO     | ss_crawler | [lens_scraper] TAMRON PRE-GEN: 18-200mm F3.5-6.3 Di II VC  score=0.40
2026-05-16 23:31:31 | INFO     | ss_crawler | [lens_scraper] TAMRON POST-GEN: 18-200mm F3.5-6.3 Di II VC  score=-0.05 (gen2=True, mentions=False)
2026-05-16 23:31:31 | INFO     | ss_crawler | [lens_scraper] TAMRON MOUNT: 18-200mm F3.5-6.3 Di II VC  wrong mount EF-S vs E (-0.15)
2026-05-16 23:31:31 | INFO     | ss_crawler | [lens_scraper] TAMRON: 18-200mm F3.5-6.3 Di II VC  score=-0.20 (focal_min=18, focal_max=200)
2026-05-16 23:31:31 | INFO     | ss_crawler | [lens_scraper] TAMRON PRE-GEN: 18-400mm F3.5-6.3 Di II VC HLD score=0.40
2026-05-16 23:31:31 | INFO     | ss_crawler | [lens_scraper] TAMRON POST-GEN: 18-400mm F3.5-6.3 Di II VC HLD score=-0.05 (gen2=True, mentions=False)
2026-05-16 23:31:31 | INFO     | ss_crawler | [lens_scraper] TAMRON MOUNT: 18-400mm F3.5-6.3 Di II VC HLD wrong mount EF-S vs E (-0.15)
2026-05-16 23:31:31 | INFO     | ss_crawler | [lens_scraper] TAMRON: 18-400mm F3.5-6.3 Di II VC HLD score=-0.20 (focal_min=18, focal_max=400)
2026-05-16 23:31:31 | INFO     | ss_crawler | [lens_scraper] TAMRON PRE-GEN: Tamron 11-20mm F/2.8 Di III-A RXD score=0.55
2026-05-16 23:31:31 | INFO     | ss_crawler | [lens_scraper] TAMRON POST-GEN: Tamron 11-20mm F/2.8 Di III-A RXD score=-0.45 (gen2=True, mentions=False)
2026-05-16 23:31:31 | INFO     | ss_crawler | [lens_scraper] TAMRON MOUNT: Tamron 11-20mm F/2.8 Di III-A RXD correct mount E (+0.1)
2026-05-16 23:31:31 | INFO     | ss_crawler | [lens_scraper] TAMRON: Tamron 11-20mm F/2.8 Di III-A RXD score=-0.35 (focal_min=11, focal_max=20)
2026-05-16 23:31:31 | INFO     | ss_crawler | [lens_scraper] TAMRON PRE-GEN: Tamron 17-70mm F/2.8 Di III-A VC RXD score=0.70
2026-05-16 23:31:31 | INFO     | ss_crawler | [lens_scraper] TAMRON POST-GEN: Tamron 17-70mm F/2.8 Di III-A VC RXD score=-0.30 (gen2=True, mentions=False)
2026-05-16 23:31:31 | INFO     | ss_crawler | [lens_scraper] TAMRON MOUNT: Tamron 17-70mm F/2.8 Di III-A VC RXD correct mount E (+0.1)
2026-05-16 23:31:31 | INFO     | ss_crawler | [lens_scraper] TAMRON: Tamron 17-70mm F/2.8 Di III-A VC RXD score=-0.20 (focal_min=17, focal_max=70)
2026-05-16 23:31:31 | INFO     | ss_crawler | [lens_scraper] TAMRON PRE-GEN: Tamron 18-200mm F/3.5-6.3 Di III VC score=0.40
2026-05-16 23:31:31 | INFO     | ss_crawler | [lens_scraper] TAMRON POST-GEN: Tamron 18-200mm F/3.5-6.3 Di III VC score=-0.60 (gen2=True, mentions=False)
2026-05-16 23:31:31 | INFO     | ss_crawler | [lens_scraper] TAMRON MOUNT: Tamron 18-200mm F/3.5-6.3 Di III VC correct mount E (+0.1)
2026-05-16 23:31:31 | INFO     | ss_crawler | [lens_scraper] TAMRON: Tamron 18-200mm F/3.5-6.3 Di III VC score=-0.50 (focal_min=18, focal_max=200)
2026-05-16 23:31:31 | INFO     | ss_crawler | [lens_scraper] TAMRON PRE-GEN: Tamron 18-300mm F/3.5-6.3 Di III-A VC VXD score=0.40
2026-05-16 23:31:31 | INFO     | ss_crawler | [lens_scraper] TAMRON POST-GEN: Tamron 18-300mm F/3.5-6.3 Di III-A VC VXD score=-0.60 (gen2=True, mentions=False)
2026-05-16 23:31:31 | INFO     | ss_crawler | [lens_scraper] TAMRON MOUNT: Tamron 18-300mm F/3.5-6.3 Di III-A VC VXD correct mount E (+0.1)
2026-05-16 23:31:31 | INFO     | ss_crawler | [lens_scraper] TAMRON: Tamron 18-300mm F/3.5-6.3 Di III-A VC VXD score=-0.50 (focal_min=18, focal_max=300)
2026-05-16 23:31:31 | INFO     | ss_crawler | [lens_scraper] TAMRON PRE-GEN: Tamron 35mm F/2.8 Di III OSD M1:2 score=0.55
2026-05-16 23:31:31 | INFO     | ss_crawler | [lens_scraper] TAMRON POST-GEN: Tamron 35mm F/2.8 Di III OSD M1:2 score=-0.45 (gen2=True, mentions=False)
2026-05-16 23:31:31 | INFO     | ss_crawler | [lens_scraper] TAMRON MOUNT: Tamron 35mm F/2.8 Di III OSD M1:2 correct mount E (+0.1)
2026-05-16 23:31:31 | INFO     | ss_crawler | [lens_scraper] TAMRON: Tamron 35mm F/2.8 Di III OSD M1:2 score=-0.35 (focal_min=35, focal_max=35)
2026-05-16 23:31:31 | INFO     | ss_crawler | [lens_scraper] TAMRON PRE-GEN: Tamron SP 35mm F/1.4 Di USD score=0.40
2026-05-16 23:31:31 | INFO     | ss_crawler | [lens_scraper] TAMRON POST-GEN: Tamron SP 35mm F/1.4 Di USD score=0.60 (gen2=False, mentions=False)
2026-05-16 23:31:31 | INFO     | ss_crawler | [lens_scraper] TAMRON MOUNT: Tamron SP 35mm F/1.4 Di USD correct mount E (+0.1)
2026-05-16 23:31:31 | INFO     | ss_crawler | [lens_scraper] TAMRON: Tamron SP 35mm F/1.4 Di USD score=0.70 (focal_min=35, focal_max=35)
2026-05-16 23:31:31 | INFO     | ss_crawler | [lens_scraper] TAMRON PRE-GEN: Tamron 70-210mm F/4 Di VC USD score=0.40
2026-05-16 23:31:31 | INFO     | ss_crawler | [lens_scraper] TAMRON POST-GEN: Tamron 70-210mm F/4 Di VC USD score=0.60 (gen2=False, mentions=False)
2026-05-16 23:31:31 | INFO     | ss_crawler | [lens_scraper] TAMRON MOUNT: Tamron 70-210mm F/4 Di VC USD correct mount E (+0.1)
2026-05-16 23:31:31 | INFO     | ss_crawler | [lens_scraper] TAMRON: Tamron 70-210mm F/4 Di VC USD score=0.70 (focal_min=70, focal_max=210)
2026-05-16 23:31:31 | INFO     | ss_crawler | [lens_scraper] TAMRON PRE-GEN: Tamron 17-28mm F/2.8 Di III RXD score=0.90
2026-05-16 23:31:31 | INFO     | ss_crawler | [lens_scraper] TAMRON POST-GEN: Tamron 17-28mm F/2.8 Di III RXD score=-0.10 (gen2=True, mentions=False)
2026-05-16 23:31:31 | INFO     | ss_crawler | [lens_scraper] TAMRON MOUNT: Tamron 17-28mm F/2.8 Di III RXD correct mount E (+0.1)
2026-05-16 23:31:31 | INFO     | ss_crawler | [lens_scraper] TAMRON: Tamron 17-28mm F/2.8 Di III RXD score=0.00 (focal_min=17, focal_max=28)
2026-05-16 23:31:31 | INFO     | ss_crawler | [lens_scraper] TAMRON PRE-GEN: Tamron 20-40mm F/2.8 Di III VXD score=0.55
2026-05-16 23:31:31 | INFO     | ss_crawler | [lens_scraper] TAMRON POST-GEN: Tamron 20-40mm F/2.8 Di III VXD score=-0.45 (gen2=True, mentions=False)
2026-05-16 23:31:31 | INFO     | ss_crawler | [lens_scraper] TAMRON MOUNT: Tamron 20-40mm F/2.8 Di III VXD correct mount E (+0.1)
2026-05-16 23:31:31 | INFO     | ss_crawler | [lens_scraper] TAMRON: Tamron 20-40mm F/2.8 Di III VXD score=-0.35 (focal_min=20, focal_max=40)
2026-05-16 23:31:31 | INFO     | ss_crawler | [lens_scraper] TAMRON PRE-GEN: Tamron 28-200mm F/2.8-5.6 Di III RXD score=0.55
2026-05-16 23:31:31 | INFO     | ss_crawler | [lens_scraper] TAMRON POST-GEN: Tamron 28-200mm F/2.8-5.6 Di III RXD score=-0.45 (gen2=True, mentions=False)
2026-05-16 23:31:31 | INFO     | ss_crawler | [lens_scraper] TAMRON MOUNT: Tamron 28-200mm F/2.8-5.6 Di III RXD correct mount E (+0.1)
2026-05-16 23:31:31 | INFO     | ss_crawler | [lens_scraper] TAMRON: Tamron 28-200mm F/2.8-5.6 Di III RXD score=-0.35 (focal_min=28, focal_max=200)
2026-05-16 23:31:31 | INFO     | ss_crawler | [lens_scraper] TAMRON PRE-GEN: Tamron 28-300mm F/4-7.1 Di III VC VXD score=0.40
2026-05-16 23:31:31 | INFO     | ss_crawler | [lens_scraper] TAMRON POST-GEN: Tamron 28-300mm F/4-7.1 Di III VC VXD score=-0.60 (gen2=True, mentions=False)
2026-05-16 23:31:31 | INFO     | ss_crawler | [lens_scraper] TAMRON MOUNT: Tamron 28-300mm F/4-7.1 Di III VC VXD correct mount E (+0.1)
2026-05-16 23:31:31 | INFO     | ss_crawler | [lens_scraper] TAMRON: Tamron 28-300mm F/4-7.1 Di III VC VXD score=-0.50 (focal_min=28, focal_max=300)
2026-05-16 23:31:31 | INFO     | ss_crawler | [lens_scraper] TAMRON PRE-GEN: Tamron 35-150mm F/2-2.8 Di III VXD score=0.55
2026-05-16 23:31:31 | INFO     | ss_crawler | [lens_scraper] TAMRON POST-GEN: Tamron 35-150mm F/2-2.8 Di III VXD score=-0.45 (gen2=True, mentions=False)
2026-05-16 23:31:31 | INFO     | ss_crawler | [lens_scraper] TAMRON MOUNT: Tamron 35-150mm F/2-2.8 Di III VXD correct mount E (+0.1)
2026-05-16 23:31:31 | INFO     | ss_crawler | [lens_scraper] TAMRON: Tamron 35-150mm F/2-2.8 Di III VXD score=-0.35 (focal_min=35, focal_max=150)
2026-05-16 23:31:31 | INFO     | ss_crawler | [lens_scraper] TAMRON PRE-GEN: Tamron 50-300mm F/4.5-6.3 Di III VC VXD score=0.40
2026-05-16 23:31:31 | INFO     | ss_crawler | [lens_scraper] TAMRON POST-GEN: Tamron 50-300mm F/4.5-6.3 Di III VC VXD score=-0.60 (gen2=True, mentions=False)
2026-05-16 23:31:32 | INFO     | ss_crawler | [lens_scraper] TAMRON MOUNT: Tamron 50-300mm F/4.5-6.3 Di III VC VXD correct mount E (+0.1)
2026-05-16 23:31:32 | INFO     | ss_crawler | [lens_scraper] TAMRON: Tamron 50-300mm F/4.5-6.3 Di III VC VXD score=-0.50 (focal_min=50, focal_max=300)
2026-05-16 23:31:32 | INFO     | ss_crawler | [lens_scraper] TAMRON PRE-GEN: Tamron 50-400mm F/4.5-6.3 Di III VC VXD score=0.40
2026-05-16 23:31:32 | INFO     | ss_crawler | [lens_scraper] TAMRON POST-GEN: Tamron 50-400mm F/4.5-6.3 Di III VC VXD score=-0.60 (gen2=True, mentions=False)
2026-05-16 23:31:32 | INFO     | ss_crawler | [lens_scraper] TAMRON MOUNT: Tamron 50-400mm F/4.5-6.3 Di III VC VXD correct mount E (+0.1)
2026-05-16 23:31:32 | INFO     | ss_crawler | [lens_scraper] TAMRON: Tamron 50-400mm F/4.5-6.3 Di III VC VXD score=-0.50 (focal_min=50, focal_max=400)
2026-05-16 23:31:32 | INFO     | ss_crawler | [lens_scraper] TAMRON PRE-GEN: Tamron 70-180mm F/2.8 Di III VXD score=0.55
2026-05-16 23:31:32 | INFO     | ss_crawler | [lens_scraper] TAMRON POST-GEN: Tamron 70-180mm F/2.8 Di III VXD score=-0.45 (gen2=True, mentions=False)
2026-05-16 23:31:32 | INFO     | ss_crawler | [lens_scraper] TAMRON MOUNT: Tamron 70-180mm F/2.8 Di III VXD correct mount E (+0.1)
2026-05-16 23:31:32 | INFO     | ss_crawler | [lens_scraper] TAMRON: Tamron 70-180mm F/2.8 Di III VXD score=-0.35 (focal_min=70, focal_max=180)
2026-05-16 23:31:32 | INFO     | ss_crawler | [lens_scraper] TAMRON PRE-GEN: Tamron 70-180mm F/2.8 Di III VC VXD G2 score=0.55
2026-05-16 23:31:32 | INFO     | ss_crawler | [lens_scraper] TAMRON POST-GEN: Tamron 70-180mm F/2.8 Di III VC VXD G2 score=-0.45 (gen2=True, mentions=False)
2026-05-16 23:31:32 | INFO     | ss_crawler | [lens_scraper] TAMRON MOUNT: Tamron 70-180mm F/2.8 Di III VC VXD G2 correct mount E (+0.1)
2026-05-16 23:31:32 | INFO     | ss_crawler | [lens_scraper] TAMRON: Tamron 70-180mm F/2.8 Di III VC VXD G2 score=-0.35 (focal_min=70, focal_max=180)
2026-05-16 23:31:32 | INFO     | ss_crawler | [lens_scraper] TAMRON PRE-GEN: Tamron 70-200mm F/2.8 Di III RXD score=0.55
2026-05-16 23:31:32 | INFO     | ss_crawler | [lens_scraper] TAMRON POST-GEN: Tamron 70-200mm F/2.8 Di III RXD score=-0.45 (gen2=True, mentions=False)
2026-05-16 23:31:32 | INFO     | ss_crawler | [lens_scraper] TAMRON MOUNT: Tamron 70-200mm F/2.8 Di III RXD correct mount E (+0.1)
2026-05-16 23:31:32 | INFO     | ss_crawler | [lens_scraper] TAMRON: Tamron 70-200mm F/2.8 Di III RXD score=-0.35 (focal_min=70, focal_max=200)
2026-05-16 23:31:32 | INFO     | ss_crawler | [lens_scraper] TAMRON PRE-GEN: Tamron 70-300mm F/4.5-6.3 Di III RXD score=0.40
2026-05-16 23:31:32 | INFO     | ss_crawler | [lens_scraper] TAMRON POST-GEN: Tamron 70-300mm F/4.5-6.3 Di III RXD score=-0.60 (gen2=True, mentions=False)
2026-05-16 23:31:32 | INFO     | ss_crawler | [lens_scraper] TAMRON MOUNT: Tamron 70-300mm F/4.5-6.3 Di III RXD correct mount E (+0.1)
2026-05-16 23:31:32 | INFO     | ss_crawler | [lens_scraper] TAMRON: Tamron 70-300mm F/4.5-6.3 Di III RXD score=-0.50 (focal_min=70, focal_max=300)
2026-05-16 23:31:32 | INFO     | ss_crawler | [lens_scraper] TAMRON PRE-GEN: Tamron 150-500mm F/5-6.7 Di III VC VXD score=0.40
2026-05-16 23:31:32 | INFO     | ss_crawler | [lens_scraper] TAMRON POST-GEN: Tamron 150-500mm F/5-6.7 Di III VC VXD score=-0.60 (gen2=True, mentions=False)
2026-05-16 23:31:32 | INFO     | ss_crawler | [lens_scraper] TAMRON MOUNT: Tamron 150-500mm F/5-6.7 Di III VC VXD correct mount E (+0.1)
2026-05-16 23:31:32 | INFO     | ss_crawler | [lens_scraper] TAMRON: Tamron 150-500mm F/5-6.7 Di III VC VXD score=-0.50 (focal_min=150, focal_max=500)
2026-05-16 23:31:32 | INFO     | ss_crawler | [lens_scraper] TAMRON PRE-GEN: Tamron 300mm F/2.8 Di III VC VXD score=0.55
2026-05-16 23:31:32 | INFO     | ss_crawler | [lens_scraper] TAMRON POST-GEN: Tamron 300mm F/2.8 Di III VC VXD score=-0.45 (gen2=True, mentions=False)
2026-05-16 23:31:32 | INFO     | ss_crawler | [lens_scraper] TAMRON MOUNT: Tamron 300mm F/2.8 Di III VC VXD correct mount E (+0.1)
2026-05-16 23:31:32 | INFO     | ss_crawler | [lens_scraper] TAMRON: Tamron 300mm F/2.8 Di III VC VXD score=-0.35 (focal_min=300, focal_max=300)
2026-05-16 23:31:32 | INFO     | ss_crawler | [lens_scraper] Matched [gcmeb]: Tamron_17-35mm_F2.8-4_DI_OSD (75% confidence)
2026-05-16 23:32:00 | INFO     | ss_crawler | [crawler] Fetching : https://www.ss.com/msg/lv/electronics/photo-optics/objectives/gcmeb.html
2026-05-16 23:32:04 | INFO     | ss_crawler | [lens_scraper] Initializing Lens scraper...
2026-05-16 23:32:04 | INFO     | ss_crawler | [database] Database connected: localhost:5433/ss_market
2026-05-16 23:32:04 | INFO     | ss_crawler | [lens_scraper] Database: postgresql+psycopg2://crawler:crawler_pass@localhost:5433/ss_market
2026-05-16 23:32:04 | INFO     | ss_crawler | [lens_scraper] Loaded 481 lens references
2026-05-16 23:32:04 | INFO     | ss_crawler | [crawler] Fetching : https://www.ss.com/msg/lv/electronics/photo-optics/objectives/gcmeb.html
2026-05-16 23:32:07 | INFO     | ss_crawler | [lens_scraper] MOUNT DETECT: detected=E
2026-05-16 23:32:07 | INFO     | ss_crawler | [lens_scraper] Detected focal: 17mm-28mm (from model=True)
2026-05-16 23:32:07 | INFO     | ss_crawler | [lens_scraper] TAMRON PRE-GEN: 35mm F1.4 Di USD score=0.40
2026-05-16 23:32:07 | INFO     | ss_crawler | [lens_scraper] TAMRON POST-GEN: 35mm F1.4 Di USD score=0.60 (gen2=False, mentions=False)
2026-05-16 23:32:07 | INFO     | ss_crawler | [lens_scraper] TAMRON MOUNT: 35mm F1.4 Di USD wrong mount EF vs E (-0.15)
2026-05-16 23:32:07 | INFO     | ss_crawler | [lens_scraper] TAMRON: 35mm F1.4 Di USD score=0.45 (focal_min=35, focal_max=None)
2026-05-16 23:32:07 | INFO     | ss_crawler | [lens_scraper] TAMRON BEST: New best 35mm F1.4 Di USD
2026-05-16 23:32:07 | INFO     | ss_crawler | [lens_scraper] TAMRON PRE-GEN: 35mm F1.8 Di VC USD score=0.40
2026-05-16 23:32:07 | INFO     | ss_crawler | [lens_scraper] TAMRON POST-GEN: 35mm F1.8 Di VC USD score=0.60 (gen2=False, mentions=False)
2026-05-16 23:32:07 | INFO     | ss_crawler | [lens_scraper] TAMRON MOUNT: 35mm F1.8 Di VC USD wrong mount EF vs E (-0.15)
2026-05-16 23:32:07 | INFO     | ss_crawler | [lens_scraper] TAMRON: 35mm F1.8 Di VC USD score=0.45 (focal_min=35, focal_max=None)
2026-05-16 23:32:07 | INFO     | ss_crawler | [lens_scraper] TAMRON PRE-GEN: 45mm F1.8 Di VC USD score=0.40
2026-05-16 23:32:07 | INFO     | ss_crawler | [lens_scraper] TAMRON POST-GEN: 45mm F1.8 Di VC USD score=0.60 (gen2=False, mentions=False)
2026-05-16 23:32:07 | INFO     | ss_crawler | [lens_scraper] TAMRON MOUNT: 45mm F1.8 Di VC USD wrong mount EF vs E (-0.15)
2026-05-16 23:32:07 | INFO     | ss_crawler | [lens_scraper] TAMRON: 45mm F1.8 Di VC USD score=0.45 (focal_min=45, focal_max=None)
2026-05-16 23:32:07 | INFO     | ss_crawler | [lens_scraper] TAMRON PRE-GEN: 85mm F1.8 Di VC USD score=0.40
2026-05-16 23:32:07 | INFO     | ss_crawler | [lens_scraper] TAMRON POST-GEN: 85mm F1.8 Di VC USD score=0.60 (gen2=False, mentions=False)
2026-05-16 23:32:07 | INFO     | ss_crawler | [lens_scraper] TAMRON MOUNT: 85mm F1.8 Di VC USD wrong mount EF vs E (-0.15)
2026-05-16 23:32:07 | INFO     | ss_crawler | [lens_scraper] TAMRON: 85mm F1.8 Di VC USD score=0.45 (focal_min=85, focal_max=None)
2026-05-16 23:32:07 | INFO     | ss_crawler | [lens_scraper] TAMRON PRE-GEN: 90mm F2.8 Di Macro score=0.55
2026-05-16 23:32:07 | INFO     | ss_crawler | [lens_scraper] TAMRON POST-GEN: 90mm F2.8 Di Macro score=0.75 (gen2=False, mentions=False)
2026-05-16 23:32:07 | INFO     | ss_crawler | [lens_scraper] TAMRON MOUNT: 90mm F2.8 Di Macro wrong mount EF vs E (-0.15)
2026-05-16 23:32:07 | INFO     | ss_crawler | [lens_scraper] TAMRON: 90mm F2.8 Di Macro score=0.60 (focal_min=90, focal_max=None)
2026-05-16 23:32:07 | INFO     | ss_crawler | [lens_scraper] TAMRON BEST: New best 90mm F2.8 Di Macro
2026-05-16 23:32:07 | INFO     | ss_crawler | [lens_scraper] TAMRON PRE-GEN: 90mm F2.8 Di Macro 1:1 VC USD score=0.55
2026-05-16 23:32:07 | INFO     | ss_crawler | [lens_scraper] TAMRON POST-GEN: 90mm F2.8 Di Macro 1:1 VC USD score=0.75 (gen2=False, mentions=False)
2026-05-16 23:32:07 | INFO     | ss_crawler | [lens_scraper] TAMRON MOUNT: 90mm F2.8 Di Macro 1:1 VC USD wrong mount EF vs E (-0.15)
2026-05-16 23:32:07 | INFO     | ss_crawler | [lens_scraper] TAMRON: 90mm F2.8 Di Macro 1:1 VC USD score=0.60 (focal_min=90, focal_max=None)
2026-05-16 23:32:07 | INFO     | ss_crawler | [lens_scraper] TAMRON PRE-GEN: 15-30mm F2.8 Di VC USD score=0.55
2026-05-16 23:32:07 | INFO     | ss_crawler | [lens_scraper] TAMRON POST-GEN: 15-30mm F2.8 Di VC USD score=0.75 (gen2=False, mentions=False)
2026-05-16 23:32:07 | INFO     | ss_crawler | [lens_scraper] TAMRON MOUNT: 15-30mm F2.8 Di VC USD wrong mount EF vs E (-0.15)
2026-05-16 23:32:07 | INFO     | ss_crawler | [lens_scraper] TAMRON: 15-30mm F2.8 Di VC USD score=0.60 (focal_min=15, focal_max=30)
2026-05-16 23:32:07 | INFO     | ss_crawler | [lens_scraper] TAMRON PRE-GEN: 17-35mm F2.8-4 DI OSD score=0.70
2026-05-16 23:32:07 | INFO     | ss_crawler | [lens_scraper] TAMRON POST-GEN: 17-35mm F2.8-4 DI OSD score=0.90 (gen2=False, mentions=False)
2026-05-16 23:32:07 | INFO     | ss_crawler | [lens_scraper] TAMRON MOUNT: 17-35mm F2.8-4 DI OSD wrong mount EF vs E (-0.15)
2026-05-16 23:32:07 | INFO     | ss_crawler | [lens_scraper] TAMRON: 17-35mm F2.8-4 DI OSD score=0.75 (focal_min=17, focal_max=35)
2026-05-16 23:32:07 | INFO     | ss_crawler | [lens_scraper] TAMRON BEST: New best 17-35mm F2.8-4 DI OSD
2026-05-16 23:32:07 | INFO     | ss_crawler | [lens_scraper] TAMRON PRE-GEN: 24-70mm F2.8 Di VC USD G2 score=0.55
2026-05-16 23:32:07 | INFO     | ss_crawler | [lens_scraper] TAMRON POST-GEN: 24-70mm F2.8 Di VC USD G2 score=0.75 (gen2=False, mentions=False)
2026-05-16 23:32:07 | INFO     | ss_crawler | [lens_scraper] TAMRON MOUNT: 24-70mm F2.8 Di VC USD G2 wrong mount EF vs E (-0.15)
2026-05-16 23:32:07 | INFO     | ss_crawler | [lens_scraper] TAMRON: 24-70mm F2.8 Di VC USD G2 score=0.60 (focal_min=24, focal_max=70)
2026-05-16 23:32:07 | INFO     | ss_crawler | [lens_scraper] TAMRON PRE-GEN: 28-75mm F2.8 XR Di LD Aspherical (IF)  score=0.55
2026-05-16 23:32:07 | INFO     | ss_crawler | [lens_scraper] TAMRON POST-GEN: 28-75mm F2.8 XR Di LD Aspherical (IF)  score=0.75 (gen2=False, mentions=False)
2026-05-16 23:32:07 | INFO     | ss_crawler | [lens_scraper] TAMRON MOUNT: 28-75mm F2.8 XR Di LD Aspherical (IF)  wrong mount EF vs E (-0.15)
2026-05-16 23:32:07 | INFO     | ss_crawler | [lens_scraper] TAMRON: 28-75mm F2.8 XR Di LD Aspherical (IF)  score=0.60 (focal_min=28, focal_max=75)
2026-05-16 23:32:07 | INFO     | ss_crawler | [lens_scraper] TAMRON PRE-GEN: 35-150mm F2.8-4 Di VC OSD score=0.55
2026-05-16 23:32:07 | INFO     | ss_crawler | [lens_scraper] TAMRON POST-GEN: 35-150mm F2.8-4 Di VC OSD score=0.75 (gen2=False, mentions=False)
2026-05-16 23:32:07 | INFO     | ss_crawler | [lens_scraper] TAMRON MOUNT: 35-150mm F2.8-4 Di VC OSD wrong mount EF vs E (-0.15)
2026-05-16 23:32:07 | INFO     | ss_crawler | [lens_scraper] TAMRON: 35-150mm F2.8-4 Di VC OSD score=0.60 (focal_min=35, focal_max=150)
2026-05-16 23:32:07 | INFO     | ss_crawler | [lens_scraper] TAMRON PRE-GEN: 28-300mm F3.5-6.3 Di VC PZD score=0.40
2026-05-16 23:32:07 | INFO     | ss_crawler | [lens_scraper] TAMRON POST-GEN: 28-300mm F3.5-6.3 Di VC PZD score=0.60 (gen2=False, mentions=False)
2026-05-16 23:32:07 | INFO     | ss_crawler | [lens_scraper] TAMRON MOUNT: 28-300mm F3.5-6.3 Di VC PZD wrong mount EF vs E (-0.15)
2026-05-16 23:32:07 | INFO     | ss_crawler | [lens_scraper] TAMRON: 28-300mm F3.5-6.3 Di VC PZD score=0.45 (focal_min=28, focal_max=300)
2026-05-16 23:32:07 | INFO     | ss_crawler | [lens_scraper] TAMRON PRE-GEN: 70-200mm F2.8 Di LD (IF) Macro AF score=0.55
2026-05-16 23:32:07 | INFO     | ss_crawler | [lens_scraper] TAMRON POST-GEN: 70-200mm F2.8 Di LD (IF) Macro AF score=0.75 (gen2=False, mentions=False)
2026-05-16 23:32:07 | INFO     | ss_crawler | [lens_scraper] TAMRON MOUNT: 70-200mm F2.8 Di LD (IF) Macro AF wrong mount EF vs E (-0.15)
2026-05-16 23:32:07 | INFO     | ss_crawler | [lens_scraper] TAMRON: 70-200mm F2.8 Di LD (IF) Macro AF score=0.60 (focal_min=70, focal_max=200)
2026-05-16 23:32:07 | INFO     | ss_crawler | [lens_scraper] TAMRON PRE-GEN: 70-200mm F2.8 Di VC USD G2 score=0.55
2026-05-16 23:32:07 | INFO     | ss_crawler | [lens_scraper] TAMRON POST-GEN: 70-200mm F2.8 Di VC USD G2 score=0.75 (gen2=False, mentions=False)
2026-05-16 23:32:07 | INFO     | ss_crawler | [lens_scraper] TAMRON MOUNT: 70-200mm F2.8 Di VC USD G2 wrong mount EF vs E (-0.15)
2026-05-16 23:32:07 | INFO     | ss_crawler | [lens_scraper] TAMRON: 70-200mm F2.8 Di VC USD G2 score=0.60 (focal_min=70, focal_max=200)
2026-05-16 23:32:07 | INFO     | ss_crawler | [lens_scraper] TAMRON PRE-GEN: 70-210mm F4 Di VC USD score=0.40
2026-05-16 23:32:07 | INFO     | ss_crawler | [lens_scraper] TAMRON POST-GEN: 70-210mm F4 Di VC USD score=0.60 (gen2=False, mentions=False)
2026-05-16 23:32:07 | INFO     | ss_crawler | [lens_scraper] TAMRON MOUNT: 70-210mm F4 Di VC USD wrong mount EF vs E (-0.15)
2026-05-16 23:32:07 | INFO     | ss_crawler | [lens_scraper] TAMRON: 70-210mm F4 Di VC USD score=0.45 (focal_min=70, focal_max=210)
2026-05-16 23:32:07 | INFO     | ss_crawler | [lens_scraper] TAMRON PRE-GEN: 70-300mm F4-5.6 Di VC USD  score=0.40
2026-05-16 23:32:07 | INFO     | ss_crawler | [lens_scraper] TAMRON POST-GEN: 70-300mm F4-5.6 Di VC USD  score=0.60 (gen2=False, mentions=False)
2026-05-16 23:32:07 | INFO     | ss_crawler | [lens_scraper] TAMRON MOUNT: 70-300mm F4-5.6 Di VC USD  wrong mount EF vs E (-0.15)
2026-05-16 23:32:07 | INFO     | ss_crawler | [lens_scraper] TAMRON: 70-300mm F4-5.6 Di VC USD  score=0.45 (focal_min=70, focal_max=300)
2026-05-16 23:32:07 | INFO     | ss_crawler | [lens_scraper] TAMRON PRE-GEN: 100-400mm F4.5-6.3 Di VC USD score=0.40
2026-05-16 23:32:07 | INFO     | ss_crawler | [lens_scraper] TAMRON POST-GEN: 100-400mm F4.5-6.3 Di VC USD score=0.60 (gen2=False, mentions=False)
2026-05-16 23:32:07 | INFO     | ss_crawler | [lens_scraper] TAMRON MOUNT: 100-400mm F4.5-6.3 Di VC USD wrong mount EF vs E (-0.15)
2026-05-16 23:32:07 | INFO     | ss_crawler | [lens_scraper] TAMRON: 100-400mm F4.5-6.3 Di VC USD score=0.45 (focal_min=100, focal_max=400)
2026-05-16 23:32:07 | INFO     | ss_crawler | [lens_scraper] TAMRON PRE-GEN: 18-270mm F3.5-6.3 Di II VC PZD score=0.40
2026-05-16 23:32:07 | INFO     | ss_crawler | [lens_scraper] TAMRON POST-GEN: 18-270mm F3.5-6.3 Di II VC PZD score=-0.05 (gen2=True, mentions=False)
2026-05-16 23:32:07 | INFO     | ss_crawler | [lens_scraper] TAMRON MOUNT: 18-270mm F3.5-6.3 Di II VC PZD wrong mount EF-S vs E (-0.15)
2026-05-16 23:32:07 | INFO     | ss_crawler | [lens_scraper] TAMRON: 18-270mm F3.5-6.3 Di II VC PZD score=-0.20 (focal_min=18, focal_max=270)
2026-05-16 23:32:07 | INFO     | ss_crawler | [lens_scraper] TAMRON PRE-GEN: 150-600mm F5-6.3 Di VC USD  score=0.40
2026-05-16 23:32:07 | INFO     | ss_crawler | [lens_scraper] TAMRON POST-GEN: 150-600mm F5-6.3 Di VC USD  score=0.60 (gen2=False, mentions=False)
2026-05-16 23:32:07 | INFO     | ss_crawler | [lens_scraper] TAMRON MOUNT: 150-600mm F5-6.3 Di VC USD  wrong mount EF vs E (-0.15)
2026-05-16 23:32:07 | INFO     | ss_crawler | [lens_scraper] TAMRON: 150-600mm F5-6.3 Di VC USD  score=0.45 (focal_min=150, focal_max=600)
2026-05-16 23:32:07 | INFO     | ss_crawler | [lens_scraper] TAMRON PRE-GEN: 150-600mm F5-6.3 Di VC USD G2  score=0.40
2026-05-16 23:32:07 | INFO     | ss_crawler | [lens_scraper] TAMRON POST-GEN: 150-600mm F5-6.3 Di VC USD G2  score=0.60 (gen2=False, mentions=False)
2026-05-16 23:32:07 | INFO     | ss_crawler | [lens_scraper] TAMRON MOUNT: 150-600mm F5-6.3 Di VC USD G2  wrong mount EF vs E (-0.15)
2026-05-16 23:32:07 | INFO     | ss_crawler | [lens_scraper] TAMRON: 150-600mm F5-6.3 Di VC USD G2  score=0.45 (focal_min=150, focal_max=600)
2026-05-16 23:32:07 | INFO     | ss_crawler | [lens_scraper] TAMRON PRE-GEN: 60mm F2 Di II 1:1 Macro score=0.55
2026-05-16 23:32:07 | INFO     | ss_crawler | [lens_scraper] TAMRON POST-GEN: 60mm F2 Di II 1:1 Macro score=0.10 (gen2=True, mentions=False)
2026-05-16 23:32:07 | INFO     | ss_crawler | [lens_scraper] TAMRON MOUNT: 60mm F2 Di II 1:1 Macro wrong mount EF-S vs E (-0.15)
2026-05-16 23:32:07 | INFO     | ss_crawler | [lens_scraper] TAMRON: 60mm F2 Di II 1:1 Macro score=-0.05 (focal_min=60, focal_max=None)
2026-05-16 23:32:07 | INFO     | ss_crawler | [lens_scraper] TAMRON PRE-GEN: 10-24mm F3.5-4.5 Di II VC HLD score=0.40
2026-05-16 23:32:07 | INFO     | ss_crawler | [lens_scraper] TAMRON POST-GEN: 10-24mm F3.5-4.5 Di II VC HLD score=-0.05 (gen2=True, mentions=False)
2026-05-16 23:32:07 | INFO     | ss_crawler | [lens_scraper] TAMRON MOUNT: 10-24mm F3.5-4.5 Di II VC HLD wrong mount EF-S vs E (-0.15)
2026-05-16 23:32:07 | INFO     | ss_crawler | [lens_scraper] TAMRON: 10-24mm F3.5-4.5 Di II VC HLD score=-0.20 (focal_min=10, focal_max=24)
2026-05-16 23:32:07 | INFO     | ss_crawler | [lens_scraper] TAMRON PRE-GEN: 16-300mm F3.5-6.3 Di II VC PZD MACRO score=0.40
2026-05-16 23:32:07 | INFO     | ss_crawler | [lens_scraper] TAMRON POST-GEN: 16-300mm F3.5-6.3 Di II VC PZD MACRO score=-0.05 (gen2=True, mentions=False)
2026-05-16 23:32:07 | INFO     | ss_crawler | [lens_scraper] TAMRON MOUNT: 16-300mm F3.5-6.3 Di II VC PZD MACRO wrong mount EF-S vs E (-0.15)
2026-05-16 23:32:07 | INFO     | ss_crawler | [lens_scraper] TAMRON: 16-300mm F3.5-6.3 Di II VC PZD MACRO score=-0.20 (focal_min=16, focal_max=300)
2026-05-16 23:32:07 | INFO     | ss_crawler | [lens_scraper] TAMRON PRE-GEN: 17-50mm F2.8 SP AF XR Di II LD Aspherical score=0.70
2026-05-16 23:32:07 | INFO     | ss_crawler | [lens_scraper] TAMRON POST-GEN: 17-50mm F2.8 SP AF XR Di II LD Aspherical score=0.25 (gen2=True, mentions=False)
2026-05-16 23:32:07 | INFO     | ss_crawler | [lens_scraper] TAMRON MOUNT: 17-50mm F2.8 SP AF XR Di II LD Aspherical wrong mount EF-S vs E (-0.15)
2026-05-16 23:32:07 | INFO     | ss_crawler | [lens_scraper] TAMRON: 17-50mm F2.8 SP AF XR Di II LD Aspherical score=0.10 (focal_min=17, focal_max=50)
2026-05-16 23:32:07 | INFO     | ss_crawler | [lens_scraper] TAMRON PRE-GEN: 17-50mm F2.8 SP AF XR Di-II VC LD score=0.70
2026-05-16 23:32:07 | INFO     | ss_crawler | [lens_scraper] TAMRON POST-GEN: 17-50mm F2.8 SP AF XR Di-II VC LD score=0.25 (gen2=True, mentions=False)
2026-05-16 23:32:07 | INFO     | ss_crawler | [lens_scraper] TAMRON MOUNT: 17-50mm F2.8 SP AF XR Di-II VC LD wrong mount EF-S vs E (-0.15)
2026-05-16 23:32:07 | INFO     | ss_crawler | [lens_scraper] TAMRON: 17-50mm F2.8 SP AF XR Di-II VC LD score=0.10 (focal_min=17, focal_max=50)
2026-05-16 23:32:07 | INFO     | ss_crawler | [lens_scraper] TAMRON PRE-GEN: 18-200mm F3.5-6.3 Di II VC  score=0.40
2026-05-16 23:32:07 | INFO     | ss_crawler | [lens_scraper] TAMRON POST-GEN: 18-200mm F3.5-6.3 Di II VC  score=-0.05 (gen2=True, mentions=False)
2026-05-16 23:32:07 | INFO     | ss_crawler | [lens_scraper] TAMRON MOUNT: 18-200mm F3.5-6.3 Di II VC  wrong mount EF-S vs E (-0.15)
2026-05-16 23:32:07 | INFO     | ss_crawler | [lens_scraper] TAMRON: 18-200mm F3.5-6.3 Di II VC  score=-0.20 (focal_min=18, focal_max=200)
2026-05-16 23:32:07 | INFO     | ss_crawler | [lens_scraper] TAMRON PRE-GEN: 18-400mm F3.5-6.3 Di II VC HLD score=0.40
2026-05-16 23:32:07 | INFO     | ss_crawler | [lens_scraper] TAMRON POST-GEN: 18-400mm F3.5-6.3 Di II VC HLD score=-0.05 (gen2=True, mentions=False)
2026-05-16 23:32:07 | INFO     | ss_crawler | [lens_scraper] TAMRON MOUNT: 18-400mm F3.5-6.3 Di II VC HLD wrong mount EF-S vs E (-0.15)
2026-05-16 23:32:07 | INFO     | ss_crawler | [lens_scraper] TAMRON: 18-400mm F3.5-6.3 Di II VC HLD score=-0.20 (focal_min=18, focal_max=400)
2026-05-16 23:32:07 | INFO     | ss_crawler | [lens_scraper] TAMRON PRE-GEN: Tamron 11-20mm F/2.8 Di III-A RXD score=0.55
2026-05-16 23:32:07 | INFO     | ss_crawler | [lens_scraper] TAMRON POST-GEN: Tamron 11-20mm F/2.8 Di III-A RXD score=0.75 (gen2=False, mentions=False)
2026-05-16 23:32:07 | INFO     | ss_crawler | [lens_scraper] TAMRON MOUNT: Tamron 11-20mm F/2.8 Di III-A RXD correct mount E (+0.1)
2026-05-16 23:32:07 | INFO     | ss_crawler | [lens_scraper] TAMRON: Tamron 11-20mm F/2.8 Di III-A RXD score=0.85 (focal_min=11, focal_max=20)
2026-05-16 23:32:07 | INFO     | ss_crawler | [lens_scraper] TAMRON BEST: New best Tamron 11-20mm F/2.8 Di III-A RXD
2026-05-16 23:32:07 | INFO     | ss_crawler | [lens_scraper] TAMRON PRE-GEN: Tamron 17-70mm F/2.8 Di III-A VC RXD score=0.70
2026-05-16 23:32:07 | INFO     | ss_crawler | [lens_scraper] TAMRON POST-GEN: Tamron 17-70mm F/2.8 Di III-A VC RXD score=0.90 (gen2=False, mentions=False)
2026-05-16 23:32:07 | INFO     | ss_crawler | [lens_scraper] TAMRON MOUNT: Tamron 17-70mm F/2.8 Di III-A VC RXD correct mount E (+0.1)
2026-05-16 23:32:07 | INFO     | ss_crawler | [lens_scraper] TAMRON: Tamron 17-70mm F/2.8 Di III-A VC RXD score=1.00 (focal_min=17, focal_max=70)
2026-05-16 23:32:07 | INFO     | ss_crawler | [lens_scraper] TAMRON BEST: New best Tamron 17-70mm F/2.8 Di III-A VC RXD
2026-05-16 23:32:07 | INFO     | ss_crawler | [lens_scraper] TAMRON PRE-GEN: Tamron 18-200mm F/3.5-6.3 Di III VC score=0.40
2026-05-16 23:32:07 | INFO     | ss_crawler | [lens_scraper] TAMRON POST-GEN: Tamron 18-200mm F/3.5-6.3 Di III VC score=0.05 (gen2=False, mentions=False)
2026-05-16 23:32:07 | INFO     | ss_crawler | [lens_scraper] TAMRON MOUNT: Tamron 18-200mm F/3.5-6.3 Di III VC correct mount E (+0.1)
2026-05-16 23:32:07 | INFO     | ss_crawler | [lens_scraper] TAMRON: Tamron 18-200mm F/3.5-6.3 Di III VC score=0.15 (focal_min=18, focal_max=200)
2026-05-16 23:32:07 | INFO     | ss_crawler | [lens_scraper] TAMRON PRE-GEN: Tamron 18-300mm F/3.5-6.3 Di III-A VC VXD score=0.40
2026-05-16 23:32:07 | INFO     | ss_crawler | [lens_scraper] TAMRON POST-GEN: Tamron 18-300mm F/3.5-6.3 Di III-A VC VXD score=0.60 (gen2=False, mentions=False)
2026-05-16 23:32:07 | INFO     | ss_crawler | [lens_scraper] TAMRON MOUNT: Tamron 18-300mm F/3.5-6.3 Di III-A VC VXD correct mount E (+0.1)
2026-05-16 23:32:07 | INFO     | ss_crawler | [lens_scraper] TAMRON: Tamron 18-300mm F/3.5-6.3 Di III-A VC VXD score=0.70 (focal_min=18, focal_max=300)
2026-05-16 23:32:07 | INFO     | ss_crawler | [lens_scraper] TAMRON PRE-GEN: Tamron 35mm F/2.8 Di III OSD M1:2 score=0.55
2026-05-16 23:32:07 | INFO     | ss_crawler | [lens_scraper] TAMRON POST-GEN: Tamron 35mm F/2.8 Di III OSD M1:2 score=0.20 (gen2=False, mentions=False)
2026-05-16 23:32:07 | INFO     | ss_crawler | [lens_scraper] TAMRON MOUNT: Tamron 35mm F/2.8 Di III OSD M1:2 correct mount E (+0.1)
2026-05-16 23:32:07 | INFO     | ss_crawler | [lens_scraper] TAMRON: Tamron 35mm F/2.8 Di III OSD M1:2 score=0.30 (focal_min=35, focal_max=35)
2026-05-16 23:32:07 | INFO     | ss_crawler | [lens_scraper] TAMRON PRE-GEN: Tamron SP 35mm F/1.4 Di USD score=0.40
2026-05-16 23:32:07 | INFO     | ss_crawler | [lens_scraper] TAMRON POST-GEN: Tamron SP 35mm F/1.4 Di USD score=0.60 (gen2=False, mentions=False)
2026-05-16 23:32:07 | INFO     | ss_crawler | [lens_scraper] TAMRON MOUNT: Tamron SP 35mm F/1.4 Di USD correct mount E (+0.1)
2026-05-16 23:32:07 | INFO     | ss_crawler | [lens_scraper] TAMRON: Tamron SP 35mm F/1.4 Di USD score=0.70 (focal_min=35, focal_max=35)
2026-05-16 23:32:07 | INFO     | ss_crawler | [lens_scraper] TAMRON PRE-GEN: Tamron 70-210mm F/4 Di VC USD score=0.40
2026-05-16 23:32:07 | INFO     | ss_crawler | [lens_scraper] TAMRON POST-GEN: Tamron 70-210mm F/4 Di VC USD score=0.60 (gen2=False, mentions=False)
2026-05-16 23:32:07 | INFO     | ss_crawler | [lens_scraper] TAMRON MOUNT: Tamron 70-210mm F/4 Di VC USD correct mount E (+0.1)
2026-05-16 23:32:07 | INFO     | ss_crawler | [lens_scraper] TAMRON: Tamron 70-210mm F/4 Di VC USD score=0.70 (focal_min=70, focal_max=210)
2026-05-16 23:32:07 | INFO     | ss_crawler | [lens_scraper] TAMRON PRE-GEN: Tamron 17-28mm F/2.8 Di III RXD score=0.90
2026-05-16 23:32:07 | INFO     | ss_crawler | [lens_scraper] TAMRON POST-GEN: Tamron 17-28mm F/2.8 Di III RXD score=0.55 (gen2=False, mentions=False)
2026-05-16 23:32:07 | INFO     | ss_crawler | [lens_scraper] TAMRON MOUNT: Tamron 17-28mm F/2.8 Di III RXD correct mount E (+0.1)
2026-05-16 23:32:07 | INFO     | ss_crawler | [lens_scraper] TAMRON: Tamron 17-28mm F/2.8 Di III RXD score=0.65 (focal_min=17, focal_max=28)
2026-05-16 23:32:07 | INFO     | ss_crawler | [lens_scraper] TAMRON PRE-GEN: Tamron 20-40mm F/2.8 Di III VXD score=0.55
2026-05-16 23:32:07 | INFO     | ss_crawler | [lens_scraper] TAMRON POST-GEN: Tamron 20-40mm F/2.8 Di III VXD score=0.20 (gen2=False, mentions=False)
2026-05-16 23:32:07 | INFO     | ss_crawler | [lens_scraper] TAMRON MOUNT: Tamron 20-40mm F/2.8 Di III VXD correct mount E (+0.1)
2026-05-16 23:32:07 | INFO     | ss_crawler | [lens_scraper] TAMRON: Tamron 20-40mm F/2.8 Di III VXD score=0.30 (focal_min=20, focal_max=40)
2026-05-16 23:32:07 | INFO     | ss_crawler | [lens_scraper] TAMRON PRE-GEN: Tamron 28-200mm F/2.8-5.6 Di III RXD score=0.55
2026-05-16 23:32:07 | INFO     | ss_crawler | [lens_scraper] TAMRON POST-GEN: Tamron 28-200mm F/2.8-5.6 Di III RXD score=0.20 (gen2=False, mentions=False)
2026-05-16 23:32:07 | INFO     | ss_crawler | [lens_scraper] TAMRON MOUNT: Tamron 28-200mm F/2.8-5.6 Di III RXD correct mount E (+0.1)
2026-05-16 23:32:07 | INFO     | ss_crawler | [lens_scraper] TAMRON: Tamron 28-200mm F/2.8-5.6 Di III RXD score=0.30 (focal_min=28, focal_max=200)
2026-05-16 23:32:07 | INFO     | ss_crawler | [lens_scraper] TAMRON PRE-GEN: Tamron 28-300mm F/4-7.1 Di III VC VXD score=0.40
2026-05-16 23:32:07 | INFO     | ss_crawler | [lens_scraper] TAMRON POST-GEN: Tamron 28-300mm F/4-7.1 Di III VC VXD score=0.05 (gen2=False, mentions=False)
2026-05-16 23:32:07 | INFO     | ss_crawler | [lens_scraper] TAMRON MOUNT: Tamron 28-300mm F/4-7.1 Di III VC VXD correct mount E (+0.1)
2026-05-16 23:32:07 | INFO     | ss_crawler | [lens_scraper] TAMRON: Tamron 28-300mm F/4-7.1 Di III VC VXD score=0.15 (focal_min=28, focal_max=300)
2026-05-16 23:32:07 | INFO     | ss_crawler | [lens_scraper] TAMRON PRE-GEN: Tamron 35-150mm F/2-2.8 Di III VXD score=0.55
2026-05-16 23:32:07 | INFO     | ss_crawler | [lens_scraper] TAMRON POST-GEN: Tamron 35-150mm F/2-2.8 Di III VXD score=0.20 (gen2=False, mentions=False)
2026-05-16 23:32:07 | INFO     | ss_crawler | [lens_scraper] TAMRON MOUNT: Tamron 35-150mm F/2-2.8 Di III VXD correct mount E (+0.1)
2026-05-16 23:32:07 | INFO     | ss_crawler | [lens_scraper] TAMRON: Tamron 35-150mm F/2-2.8 Di III VXD score=0.30 (focal_min=35, focal_max=150)
2026-05-16 23:32:07 | INFO     | ss_crawler | [lens_scraper] TAMRON PRE-GEN: Tamron 50-300mm F/4.5-6.3 Di III VC VXD score=0.40
2026-05-16 23:32:07 | INFO     | ss_crawler | [lens_scraper] TAMRON POST-GEN: Tamron 50-300mm F/4.5-6.3 Di III VC VXD score=0.05 (gen2=False, mentions=False)
2026-05-16 23:32:07 | INFO     | ss_crawler | [lens_scraper] TAMRON MOUNT: Tamron 50-300mm F/4.5-6.3 Di III VC VXD correct mount E (+0.1)
2026-05-16 23:32:07 | INFO     | ss_crawler | [lens_scraper] TAMRON: Tamron 50-300mm F/4.5-6.3 Di III VC VXD score=0.15 (focal_min=50, focal_max=300)
2026-05-16 23:32:07 | INFO     | ss_crawler | [lens_scraper] TAMRON PRE-GEN: Tamron 50-400mm F/4.5-6.3 Di III VC VXD score=0.40
2026-05-16 23:32:07 | INFO     | ss_crawler | [lens_scraper] TAMRON POST-GEN: Tamron 50-400mm F/4.5-6.3 Di III VC VXD score=0.05 (gen2=False, mentions=False)
2026-05-16 23:32:07 | INFO     | ss_crawler | [lens_scraper] TAMRON MOUNT: Tamron 50-400mm F/4.5-6.3 Di III VC VXD correct mount E (+0.1)
2026-05-16 23:32:07 | INFO     | ss_crawler | [lens_scraper] TAMRON: Tamron 50-400mm F/4.5-6.3 Di III VC VXD score=0.15 (focal_min=50, focal_max=400)
2026-05-16 23:32:07 | INFO     | ss_crawler | [lens_scraper] TAMRON PRE-GEN: Tamron 70-180mm F/2.8 Di III VXD score=0.55
2026-05-16 23:32:07 | INFO     | ss_crawler | [lens_scraper] TAMRON POST-GEN: Tamron 70-180mm F/2.8 Di III VXD score=0.20 (gen2=False, mentions=False)
2026-05-16 23:32:07 | INFO     | ss_crawler | [lens_scraper] TAMRON MOUNT: Tamron 70-180mm F/2.8 Di III VXD correct mount E (+0.1)
2026-05-16 23:32:07 | INFO     | ss_crawler | [lens_scraper] TAMRON: Tamron 70-180mm F/2.8 Di III VXD score=0.30 (focal_min=70, focal_max=180)
2026-05-16 23:32:07 | INFO     | ss_crawler | [lens_scraper] TAMRON PRE-GEN: Tamron 70-180mm F/2.8 Di III VC VXD G2 score=0.55
2026-05-16 23:32:07 | INFO     | ss_crawler | [lens_scraper] TAMRON POST-GEN: Tamron 70-180mm F/2.8 Di III VC VXD G2 score=0.20 (gen2=False, mentions=False)
2026-05-16 23:32:07 | INFO     | ss_crawler | [lens_scraper] TAMRON MOUNT: Tamron 70-180mm F/2.8 Di III VC VXD G2 correct mount E (+0.1)
2026-05-16 23:32:07 | INFO     | ss_crawler | [lens_scraper] TAMRON: Tamron 70-180mm F/2.8 Di III VC VXD G2 score=0.30 (focal_min=70, focal_max=180)
2026-05-16 23:32:07 | INFO     | ss_crawler | [lens_scraper] TAMRON PRE-GEN: Tamron 70-200mm F/2.8 Di III RXD score=0.55
2026-05-16 23:32:07 | INFO     | ss_crawler | [lens_scraper] TAMRON POST-GEN: Tamron 70-200mm F/2.8 Di III RXD score=0.20 (gen2=False, mentions=False)
2026-05-16 23:32:07 | INFO     | ss_crawler | [lens_scraper] TAMRON MOUNT: Tamron 70-200mm F/2.8 Di III RXD correct mount E (+0.1)
2026-05-16 23:32:07 | INFO     | ss_crawler | [lens_scraper] TAMRON: Tamron 70-200mm F/2.8 Di III RXD score=0.30 (focal_min=70, focal_max=200)
2026-05-16 23:32:07 | INFO     | ss_crawler | [lens_scraper] TAMRON PRE-GEN: Tamron 70-300mm F/4.5-6.3 Di III RXD score=0.40
2026-05-16 23:32:07 | INFO     | ss_crawler | [lens_scraper] TAMRON POST-GEN: Tamron 70-300mm F/4.5-6.3 Di III RXD score=0.05 (gen2=False, mentions=False)
2026-05-16 23:32:07 | INFO     | ss_crawler | [lens_scraper] TAMRON MOUNT: Tamron 70-300mm F/4.5-6.3 Di III RXD correct mount E (+0.1)
2026-05-16 23:32:07 | INFO     | ss_crawler | [lens_scraper] TAMRON: Tamron 70-300mm F/4.5-6.3 Di III RXD score=0.15 (focal_min=70, focal_max=300)
2026-05-16 23:32:07 | INFO     | ss_crawler | [lens_scraper] TAMRON PRE-GEN: Tamron 150-500mm F/5-6.7 Di III VC VXD score=0.40
2026-05-16 23:32:07 | INFO     | ss_crawler | [lens_scraper] TAMRON POST-GEN: Tamron 150-500mm F/5-6.7 Di III VC VXD score=0.05 (gen2=False, mentions=False)
2026-05-16 23:32:07 | INFO     | ss_crawler | [lens_scraper] TAMRON MOUNT: Tamron 150-500mm F/5-6.7 Di III VC VXD correct mount E (+0.1)
2026-05-16 23:32:07 | INFO     | ss_crawler | [lens_scraper] TAMRON: Tamron 150-500mm F/5-6.7 Di III VC VXD score=0.15 (focal_min=150, focal_max=500)
2026-05-16 23:32:07 | INFO     | ss_crawler | [lens_scraper] TAMRON PRE-GEN: Tamron 300mm F/2.8 Di III VC VXD score=0.55
2026-05-16 23:32:07 | INFO     | ss_crawler | [lens_scraper] TAMRON POST-GEN: Tamron 300mm F/2.8 Di III VC VXD score=0.20 (gen2=False, mentions=False)
2026-05-16 23:32:07 | INFO     | ss_crawler | [lens_scraper] TAMRON MOUNT: Tamron 300mm F/2.8 Di III VC VXD correct mount E (+0.1)
2026-05-16 23:32:07 | INFO     | ss_crawler | [lens_scraper] TAMRON: Tamron 300mm F/2.8 Di III VC VXD score=0.30 (focal_min=300, focal_max=300)
2026-05-16 23:32:07 | INFO     | ss_crawler | [lens_scraper] Matched [gcmeb]: Tamron_Tamron_17-70mm_F_2.8_Di_III-A_VC_RXD (100% confidence)
2026-05-16 23:32:31 | INFO     | ss_crawler | [crawler] Fetching : https://www.ss.com/msg/lv/electronics/photo-optics/objectives/gcmeb.html
2026-05-16 23:32:33 | INFO     | ss_crawler | [lens_scraper] Initializing Lens scraper...
2026-05-16 23:32:33 | INFO     | ss_crawler | [database] Database connected: localhost:5433/ss_market
2026-05-16 23:32:33 | INFO     | ss_crawler | [lens_scraper] Database: postgresql+psycopg2://crawler:crawler_pass@localhost:5433/ss_market
2026-05-16 23:32:33 | INFO     | ss_crawler | [lens_scraper] Loaded 481 lens references
2026-05-16 23:32:33 | INFO     | ss_crawler | [crawler] Fetching : https://www.ss.com/msg/lv/electronics/photo-optics/objectives/gcmeb.html
2026-05-16 23:32:36 | INFO     | ss_crawler | [lens_scraper] MOUNT DETECT: detected=E
2026-05-16 23:32:36 | INFO     | ss_crawler | [lens_scraper] Detected focal: 17mm-28mm (from model=True)
2026-05-16 23:32:36 | INFO     | ss_crawler | [lens_scraper] TAMRON PRE-GEN: 35mm F1.4 Di USD score=0.40
2026-05-16 23:32:36 | INFO     | ss_crawler | [lens_scraper] TAMRON POST-GEN: 35mm F1.4 Di USD score=0.60 (gen2=False, mentions=False)
2026-05-16 23:32:36 | INFO     | ss_crawler | [lens_scraper] TAMRON MOUNT: 35mm F1.4 Di USD wrong mount EF vs E (-0.15)
2026-05-16 23:32:36 | INFO     | ss_crawler | [lens_scraper] TAMRON: 35mm F1.4 Di USD score=0.45 (focal_min=35, focal_max=None)
2026-05-16 23:32:36 | INFO     | ss_crawler | [lens_scraper] TAMRON BEST: New best 35mm F1.4 Di USD
2026-05-16 23:32:36 | INFO     | ss_crawler | [lens_scraper] TAMRON PRE-GEN: 35mm F1.8 Di VC USD score=0.40
2026-05-16 23:32:36 | INFO     | ss_crawler | [lens_scraper] TAMRON POST-GEN: 35mm F1.8 Di VC USD score=0.60 (gen2=False, mentions=False)
2026-05-16 23:32:36 | INFO     | ss_crawler | [lens_scraper] TAMRON MOUNT: 35mm F1.8 Di VC USD wrong mount EF vs E (-0.15)
2026-05-16 23:32:36 | INFO     | ss_crawler | [lens_scraper] TAMRON: 35mm F1.8 Di VC USD score=0.45 (focal_min=35, focal_max=None)
2026-05-16 23:32:36 | INFO     | ss_crawler | [lens_scraper] TAMRON PRE-GEN: 45mm F1.8 Di VC USD score=0.40
2026-05-16 23:32:36 | INFO     | ss_crawler | [lens_scraper] TAMRON POST-GEN: 45mm F1.8 Di VC USD score=0.60 (gen2=False, mentions=False)
2026-05-16 23:32:36 | INFO     | ss_crawler | [lens_scraper] TAMRON MOUNT: 45mm F1.8 Di VC USD wrong mount EF vs E (-0.15)
2026-05-16 23:32:36 | INFO     | ss_crawler | [lens_scraper] TAMRON: 45mm F1.8 Di VC USD score=0.45 (focal_min=45, focal_max=None)
2026-05-16 23:32:36 | INFO     | ss_crawler | [lens_scraper] TAMRON PRE-GEN: 85mm F1.8 Di VC USD score=0.40
2026-05-16 23:32:36 | INFO     | ss_crawler | [lens_scraper] TAMRON POST-GEN: 85mm F1.8 Di VC USD score=0.60 (gen2=False, mentions=False)
2026-05-16 23:32:36 | INFO     | ss_crawler | [lens_scraper] TAMRON MOUNT: 85mm F1.8 Di VC USD wrong mount EF vs E (-0.15)
2026-05-16 23:32:36 | INFO     | ss_crawler | [lens_scraper] TAMRON: 85mm F1.8 Di VC USD score=0.45 (focal_min=85, focal_max=None)
2026-05-16 23:32:36 | INFO     | ss_crawler | [lens_scraper] TAMRON PRE-GEN: 90mm F2.8 Di Macro score=0.55
2026-05-16 23:32:36 | INFO     | ss_crawler | [lens_scraper] TAMRON POST-GEN: 90mm F2.8 Di Macro score=0.75 (gen2=False, mentions=False)
2026-05-16 23:32:36 | INFO     | ss_crawler | [lens_scraper] TAMRON MOUNT: 90mm F2.8 Di Macro wrong mount EF vs E (-0.15)
2026-05-16 23:32:36 | INFO     | ss_crawler | [lens_scraper] TAMRON: 90mm F2.8 Di Macro score=0.60 (focal_min=90, focal_max=None)
2026-05-16 23:32:36 | INFO     | ss_crawler | [lens_scraper] TAMRON BEST: New best 90mm F2.8 Di Macro
2026-05-16 23:32:36 | INFO     | ss_crawler | [lens_scraper] TAMRON PRE-GEN: 90mm F2.8 Di Macro 1:1 VC USD score=0.55
2026-05-16 23:32:36 | INFO     | ss_crawler | [lens_scraper] TAMRON POST-GEN: 90mm F2.8 Di Macro 1:1 VC USD score=0.75 (gen2=False, mentions=False)
2026-05-16 23:32:36 | INFO     | ss_crawler | [lens_scraper] TAMRON MOUNT: 90mm F2.8 Di Macro 1:1 VC USD wrong mount EF vs E (-0.15)
2026-05-16 23:32:36 | INFO     | ss_crawler | [lens_scraper] TAMRON: 90mm F2.8 Di Macro 1:1 VC USD score=0.60 (focal_min=90, focal_max=None)
2026-05-16 23:32:36 | INFO     | ss_crawler | [lens_scraper] TAMRON PRE-GEN: 15-30mm F2.8 Di VC USD score=0.55
2026-05-16 23:32:36 | INFO     | ss_crawler | [lens_scraper] TAMRON POST-GEN: 15-30mm F2.8 Di VC USD score=0.75 (gen2=False, mentions=False)
2026-05-16 23:32:36 | INFO     | ss_crawler | [lens_scraper] TAMRON MOUNT: 15-30mm F2.8 Di VC USD wrong mount EF vs E (-0.15)
2026-05-16 23:32:36 | INFO     | ss_crawler | [lens_scraper] TAMRON: 15-30mm F2.8 Di VC USD score=0.60 (focal_min=15, focal_max=30)
2026-05-16 23:32:36 | INFO     | ss_crawler | [lens_scraper] TAMRON PRE-GEN: 17-35mm F2.8-4 DI OSD score=0.70
2026-05-16 23:32:36 | INFO     | ss_crawler | [lens_scraper] TAMRON POST-GEN: 17-35mm F2.8-4 DI OSD score=0.90 (gen2=False, mentions=False)
2026-05-16 23:32:36 | INFO     | ss_crawler | [lens_scraper] TAMRON MOUNT: 17-35mm F2.8-4 DI OSD wrong mount EF vs E (-0.15)
2026-05-16 23:32:36 | INFO     | ss_crawler | [lens_scraper] TAMRON: 17-35mm F2.8-4 DI OSD score=0.75 (focal_min=17, focal_max=35)
2026-05-16 23:32:36 | INFO     | ss_crawler | [lens_scraper] TAMRON BEST: New best 17-35mm F2.8-4 DI OSD
2026-05-16 23:32:36 | INFO     | ss_crawler | [lens_scraper] TAMRON PRE-GEN: 24-70mm F2.8 Di VC USD G2 score=0.55
2026-05-16 23:32:36 | INFO     | ss_crawler | [lens_scraper] TAMRON POST-GEN: 24-70mm F2.8 Di VC USD G2 score=0.75 (gen2=False, mentions=False)
2026-05-16 23:32:36 | INFO     | ss_crawler | [lens_scraper] TAMRON MOUNT: 24-70mm F2.8 Di VC USD G2 wrong mount EF vs E (-0.15)
2026-05-16 23:32:36 | INFO     | ss_crawler | [lens_scraper] TAMRON: 24-70mm F2.8 Di VC USD G2 score=0.60 (focal_min=24, focal_max=70)
2026-05-16 23:32:36 | INFO     | ss_crawler | [lens_scraper] TAMRON PRE-GEN: 28-75mm F2.8 XR Di LD Aspherical (IF)  score=0.55
2026-05-16 23:32:36 | INFO     | ss_crawler | [lens_scraper] TAMRON POST-GEN: 28-75mm F2.8 XR Di LD Aspherical (IF)  score=0.75 (gen2=False, mentions=False)
2026-05-16 23:32:36 | INFO     | ss_crawler | [lens_scraper] TAMRON MOUNT: 28-75mm F2.8 XR Di LD Aspherical (IF)  wrong mount EF vs E (-0.15)
2026-05-16 23:32:36 | INFO     | ss_crawler | [lens_scraper] TAMRON: 28-75mm F2.8 XR Di LD Aspherical (IF)  score=0.60 (focal_min=28, focal_max=75)
2026-05-16 23:32:36 | INFO     | ss_crawler | [lens_scraper] TAMRON PRE-GEN: 35-150mm F2.8-4 Di VC OSD score=0.55
2026-05-16 23:32:36 | INFO     | ss_crawler | [lens_scraper] TAMRON POST-GEN: 35-150mm F2.8-4 Di VC OSD score=0.75 (gen2=False, mentions=False)
2026-05-16 23:32:36 | INFO     | ss_crawler | [lens_scraper] TAMRON MOUNT: 35-150mm F2.8-4 Di VC OSD wrong mount EF vs E (-0.15)
2026-05-16 23:32:36 | INFO     | ss_crawler | [lens_scraper] TAMRON: 35-150mm F2.8-4 Di VC OSD score=0.60 (focal_min=35, focal_max=150)
2026-05-16 23:32:36 | INFO     | ss_crawler | [lens_scraper] TAMRON PRE-GEN: 28-300mm F3.5-6.3 Di VC PZD score=0.40
2026-05-16 23:32:36 | INFO     | ss_crawler | [lens_scraper] TAMRON POST-GEN: 28-300mm F3.5-6.3 Di VC PZD score=0.60 (gen2=False, mentions=False)
2026-05-16 23:32:36 | INFO     | ss_crawler | [lens_scraper] TAMRON MOUNT: 28-300mm F3.5-6.3 Di VC PZD wrong mount EF vs E (-0.15)
2026-05-16 23:32:36 | INFO     | ss_crawler | [lens_scraper] TAMRON: 28-300mm F3.5-6.3 Di VC PZD score=0.45 (focal_min=28, focal_max=300)
2026-05-16 23:32:36 | INFO     | ss_crawler | [lens_scraper] TAMRON PRE-GEN: 70-200mm F2.8 Di LD (IF) Macro AF score=0.55
2026-05-16 23:32:36 | INFO     | ss_crawler | [lens_scraper] TAMRON POST-GEN: 70-200mm F2.8 Di LD (IF) Macro AF score=0.75 (gen2=False, mentions=False)
2026-05-16 23:32:36 | INFO     | ss_crawler | [lens_scraper] TAMRON MOUNT: 70-200mm F2.8 Di LD (IF) Macro AF wrong mount EF vs E (-0.15)
2026-05-16 23:32:36 | INFO     | ss_crawler | [lens_scraper] TAMRON: 70-200mm F2.8 Di LD (IF) Macro AF score=0.60 (focal_min=70, focal_max=200)
2026-05-16 23:32:36 | INFO     | ss_crawler | [lens_scraper] TAMRON PRE-GEN: 70-200mm F2.8 Di VC USD G2 score=0.55
2026-05-16 23:32:36 | INFO     | ss_crawler | [lens_scraper] TAMRON POST-GEN: 70-200mm F2.8 Di VC USD G2 score=0.75 (gen2=False, mentions=False)
2026-05-16 23:32:36 | INFO     | ss_crawler | [lens_scraper] TAMRON MOUNT: 70-200mm F2.8 Di VC USD G2 wrong mount EF vs E (-0.15)
2026-05-16 23:32:36 | INFO     | ss_crawler | [lens_scraper] TAMRON: 70-200mm F2.8 Di VC USD G2 score=0.60 (focal_min=70, focal_max=200)
2026-05-16 23:32:36 | INFO     | ss_crawler | [lens_scraper] TAMRON PRE-GEN: 70-210mm F4 Di VC USD score=0.40
2026-05-16 23:32:36 | INFO     | ss_crawler | [lens_scraper] TAMRON POST-GEN: 70-210mm F4 Di VC USD score=0.60 (gen2=False, mentions=False)
2026-05-16 23:32:36 | INFO     | ss_crawler | [lens_scraper] TAMRON MOUNT: 70-210mm F4 Di VC USD wrong mount EF vs E (-0.15)
2026-05-16 23:32:36 | INFO     | ss_crawler | [lens_scraper] TAMRON: 70-210mm F4 Di VC USD score=0.45 (focal_min=70, focal_max=210)
2026-05-16 23:32:36 | INFO     | ss_crawler | [lens_scraper] TAMRON PRE-GEN: 70-300mm F4-5.6 Di VC USD  score=0.40
2026-05-16 23:32:36 | INFO     | ss_crawler | [lens_scraper] TAMRON POST-GEN: 70-300mm F4-5.6 Di VC USD  score=0.60 (gen2=False, mentions=False)
2026-05-16 23:32:36 | INFO     | ss_crawler | [lens_scraper] TAMRON MOUNT: 70-300mm F4-5.6 Di VC USD  wrong mount EF vs E (-0.15)
2026-05-16 23:32:36 | INFO     | ss_crawler | [lens_scraper] TAMRON: 70-300mm F4-5.6 Di VC USD  score=0.45 (focal_min=70, focal_max=300)
2026-05-16 23:32:36 | INFO     | ss_crawler | [lens_scraper] TAMRON PRE-GEN: 100-400mm F4.5-6.3 Di VC USD score=0.40
2026-05-16 23:32:36 | INFO     | ss_crawler | [lens_scraper] TAMRON POST-GEN: 100-400mm F4.5-6.3 Di VC USD score=0.60 (gen2=False, mentions=False)
2026-05-16 23:32:36 | INFO     | ss_crawler | [lens_scraper] TAMRON MOUNT: 100-400mm F4.5-6.3 Di VC USD wrong mount EF vs E (-0.15)
2026-05-16 23:32:36 | INFO     | ss_crawler | [lens_scraper] TAMRON: 100-400mm F4.5-6.3 Di VC USD score=0.45 (focal_min=100, focal_max=400)
2026-05-16 23:32:36 | INFO     | ss_crawler | [lens_scraper] TAMRON PRE-GEN: 18-270mm F3.5-6.3 Di II VC PZD score=0.40
2026-05-16 23:32:36 | INFO     | ss_crawler | [lens_scraper] TAMRON POST-GEN: 18-270mm F3.5-6.3 Di II VC PZD score=-0.05 (gen2=True, mentions=False)
2026-05-16 23:32:36 | INFO     | ss_crawler | [lens_scraper] TAMRON MOUNT: 18-270mm F3.5-6.3 Di II VC PZD wrong mount EF-S vs E (-0.15)
2026-05-16 23:32:36 | INFO     | ss_crawler | [lens_scraper] TAMRON: 18-270mm F3.5-6.3 Di II VC PZD score=-0.20 (focal_min=18, focal_max=270)
2026-05-16 23:32:36 | INFO     | ss_crawler | [lens_scraper] TAMRON PRE-GEN: 150-600mm F5-6.3 Di VC USD  score=0.40
2026-05-16 23:32:36 | INFO     | ss_crawler | [lens_scraper] TAMRON POST-GEN: 150-600mm F5-6.3 Di VC USD  score=0.60 (gen2=False, mentions=False)
2026-05-16 23:32:36 | INFO     | ss_crawler | [lens_scraper] TAMRON MOUNT: 150-600mm F5-6.3 Di VC USD  wrong mount EF vs E (-0.15)
2026-05-16 23:32:36 | INFO     | ss_crawler | [lens_scraper] TAMRON: 150-600mm F5-6.3 Di VC USD  score=0.45 (focal_min=150, focal_max=600)
2026-05-16 23:32:36 | INFO     | ss_crawler | [lens_scraper] TAMRON PRE-GEN: 150-600mm F5-6.3 Di VC USD G2  score=0.40
2026-05-16 23:32:36 | INFO     | ss_crawler | [lens_scraper] TAMRON POST-GEN: 150-600mm F5-6.3 Di VC USD G2  score=0.60 (gen2=False, mentions=False)
2026-05-16 23:32:36 | INFO     | ss_crawler | [lens_scraper] TAMRON MOUNT: 150-600mm F5-6.3 Di VC USD G2  wrong mount EF vs E (-0.15)
2026-05-16 23:32:36 | INFO     | ss_crawler | [lens_scraper] TAMRON: 150-600mm F5-6.3 Di VC USD G2  score=0.45 (focal_min=150, focal_max=600)
2026-05-16 23:32:36 | INFO     | ss_crawler | [lens_scraper] TAMRON PRE-GEN: 60mm F2 Di II 1:1 Macro score=0.55
2026-05-16 23:32:36 | INFO     | ss_crawler | [lens_scraper] TAMRON POST-GEN: 60mm F2 Di II 1:1 Macro score=0.10 (gen2=True, mentions=False)
2026-05-16 23:32:36 | INFO     | ss_crawler | [lens_scraper] TAMRON MOUNT: 60mm F2 Di II 1:1 Macro wrong mount EF-S vs E (-0.15)
2026-05-16 23:32:36 | INFO     | ss_crawler | [lens_scraper] TAMRON: 60mm F2 Di II 1:1 Macro score=-0.05 (focal_min=60, focal_max=None)
2026-05-16 23:32:36 | INFO     | ss_crawler | [lens_scraper] TAMRON PRE-GEN: 10-24mm F3.5-4.5 Di II VC HLD score=0.40
2026-05-16 23:32:36 | INFO     | ss_crawler | [lens_scraper] TAMRON POST-GEN: 10-24mm F3.5-4.5 Di II VC HLD score=-0.05 (gen2=True, mentions=False)
2026-05-16 23:32:36 | INFO     | ss_crawler | [lens_scraper] TAMRON MOUNT: 10-24mm F3.5-4.5 Di II VC HLD wrong mount EF-S vs E (-0.15)
2026-05-16 23:32:36 | INFO     | ss_crawler | [lens_scraper] TAMRON: 10-24mm F3.5-4.5 Di II VC HLD score=-0.20 (focal_min=10, focal_max=24)
2026-05-16 23:32:36 | INFO     | ss_crawler | [lens_scraper] TAMRON PRE-GEN: 16-300mm F3.5-6.3 Di II VC PZD MACRO score=0.40
2026-05-16 23:32:36 | INFO     | ss_crawler | [lens_scraper] TAMRON POST-GEN: 16-300mm F3.5-6.3 Di II VC PZD MACRO score=-0.05 (gen2=True, mentions=False)
2026-05-16 23:32:36 | INFO     | ss_crawler | [lens_scraper] TAMRON MOUNT: 16-300mm F3.5-6.3 Di II VC PZD MACRO wrong mount EF-S vs E (-0.15)
2026-05-16 23:32:36 | INFO     | ss_crawler | [lens_scraper] TAMRON: 16-300mm F3.5-6.3 Di II VC PZD MACRO score=-0.20 (focal_min=16, focal_max=300)
2026-05-16 23:32:36 | INFO     | ss_crawler | [lens_scraper] TAMRON PRE-GEN: 17-50mm F2.8 SP AF XR Di II LD Aspherical score=0.70
2026-05-16 23:32:36 | INFO     | ss_crawler | [lens_scraper] TAMRON POST-GEN: 17-50mm F2.8 SP AF XR Di II LD Aspherical score=0.25 (gen2=True, mentions=False)
2026-05-16 23:32:36 | INFO     | ss_crawler | [lens_scraper] TAMRON MOUNT: 17-50mm F2.8 SP AF XR Di II LD Aspherical wrong mount EF-S vs E (-0.15)
2026-05-16 23:32:36 | INFO     | ss_crawler | [lens_scraper] TAMRON: 17-50mm F2.8 SP AF XR Di II LD Aspherical score=0.10 (focal_min=17, focal_max=50)
2026-05-16 23:32:36 | INFO     | ss_crawler | [lens_scraper] TAMRON PRE-GEN: 17-50mm F2.8 SP AF XR Di-II VC LD score=0.70
2026-05-16 23:32:36 | INFO     | ss_crawler | [lens_scraper] TAMRON POST-GEN: 17-50mm F2.8 SP AF XR Di-II VC LD score=0.25 (gen2=True, mentions=False)
2026-05-16 23:32:36 | INFO     | ss_crawler | [lens_scraper] TAMRON MOUNT: 17-50mm F2.8 SP AF XR Di-II VC LD wrong mount EF-S vs E (-0.15)
2026-05-16 23:32:36 | INFO     | ss_crawler | [lens_scraper] TAMRON: 17-50mm F2.8 SP AF XR Di-II VC LD score=0.10 (focal_min=17, focal_max=50)
2026-05-16 23:32:36 | INFO     | ss_crawler | [lens_scraper] TAMRON PRE-GEN: 18-200mm F3.5-6.3 Di II VC  score=0.40
2026-05-16 23:32:36 | INFO     | ss_crawler | [lens_scraper] TAMRON POST-GEN: 18-200mm F3.5-6.3 Di II VC  score=-0.05 (gen2=True, mentions=False)
2026-05-16 23:32:36 | INFO     | ss_crawler | [lens_scraper] TAMRON MOUNT: 18-200mm F3.5-6.3 Di II VC  wrong mount EF-S vs E (-0.15)
2026-05-16 23:32:36 | INFO     | ss_crawler | [lens_scraper] TAMRON: 18-200mm F3.5-6.3 Di II VC  score=-0.20 (focal_min=18, focal_max=200)
2026-05-16 23:32:36 | INFO     | ss_crawler | [lens_scraper] TAMRON PRE-GEN: 18-400mm F3.5-6.3 Di II VC HLD score=0.40
2026-05-16 23:32:36 | INFO     | ss_crawler | [lens_scraper] TAMRON POST-GEN: 18-400mm F3.5-6.3 Di II VC HLD score=-0.05 (gen2=True, mentions=False)
2026-05-16 23:32:36 | INFO     | ss_crawler | [lens_scraper] TAMRON MOUNT: 18-400mm F3.5-6.3 Di II VC HLD wrong mount EF-S vs E (-0.15)
2026-05-16 23:32:36 | INFO     | ss_crawler | [lens_scraper] TAMRON: 18-400mm F3.5-6.3 Di II VC HLD score=-0.20 (focal_min=18, focal_max=400)
2026-05-16 23:32:36 | INFO     | ss_crawler | [lens_scraper] TAMRON PRE-GEN: Tamron 11-20mm F/2.8 Di III-A RXD score=0.55
2026-05-16 23:32:36 | INFO     | ss_crawler | [lens_scraper] TAMRON POST-GEN: Tamron 11-20mm F/2.8 Di III-A RXD score=0.75 (gen2=False, mentions=False)
2026-05-16 23:32:36 | INFO     | ss_crawler | [lens_scraper] TAMRON MOUNT: Tamron 11-20mm F/2.8 Di III-A RXD correct mount E (+0.1)
2026-05-16 23:32:36 | INFO     | ss_crawler | [lens_scraper] TAMRON: Tamron 11-20mm F/2.8 Di III-A RXD score=0.85 (focal_min=11, focal_max=20)
2026-05-16 23:32:36 | INFO     | ss_crawler | [lens_scraper] TAMRON BEST: New best Tamron 11-20mm F/2.8 Di III-A RXD
2026-05-16 23:32:36 | INFO     | ss_crawler | [lens_scraper] TAMRON PRE-GEN: Tamron 17-70mm F/2.8 Di III-A VC RXD score=0.70
2026-05-16 23:32:36 | INFO     | ss_crawler | [lens_scraper] TAMRON POST-GEN: Tamron 17-70mm F/2.8 Di III-A VC RXD score=0.90 (gen2=False, mentions=False)
2026-05-16 23:32:36 | INFO     | ss_crawler | [lens_scraper] TAMRON MOUNT: Tamron 17-70mm F/2.8 Di III-A VC RXD correct mount E (+0.1)
2026-05-16 23:32:36 | INFO     | ss_crawler | [lens_scraper] TAMRON: Tamron 17-70mm F/2.8 Di III-A VC RXD score=1.00 (focal_min=17, focal_max=70)
2026-05-16 23:32:36 | INFO     | ss_crawler | [lens_scraper] TAMRON BEST: New best Tamron 17-70mm F/2.8 Di III-A VC RXD
2026-05-16 23:32:36 | INFO     | ss_crawler | [lens_scraper] TAMRON PRE-GEN: Tamron 18-200mm F/3.5-6.3 Di III VC score=0.40
2026-05-16 23:32:36 | INFO     | ss_crawler | [lens_scraper] TAMRON POST-GEN: Tamron 18-200mm F/3.5-6.3 Di III VC score=0.05 (gen2=False, mentions=False)
2026-05-16 23:32:36 | INFO     | ss_crawler | [lens_scraper] TAMRON MOUNT: Tamron 18-200mm F/3.5-6.3 Di III VC correct mount E (+0.1)
2026-05-16 23:32:36 | INFO     | ss_crawler | [lens_scraper] TAMRON: Tamron 18-200mm F/3.5-6.3 Di III VC score=0.15 (focal_min=18, focal_max=200)
2026-05-16 23:32:36 | INFO     | ss_crawler | [lens_scraper] TAMRON PRE-GEN: Tamron 18-300mm F/3.5-6.3 Di III-A VC VXD score=0.40
2026-05-16 23:32:36 | INFO     | ss_crawler | [lens_scraper] TAMRON POST-GEN: Tamron 18-300mm F/3.5-6.3 Di III-A VC VXD score=0.60 (gen2=False, mentions=False)
2026-05-16 23:32:36 | INFO     | ss_crawler | [lens_scraper] TAMRON MOUNT: Tamron 18-300mm F/3.5-6.3 Di III-A VC VXD correct mount E (+0.1)
2026-05-16 23:32:36 | INFO     | ss_crawler | [lens_scraper] TAMRON: Tamron 18-300mm F/3.5-6.3 Di III-A VC VXD score=0.70 (focal_min=18, focal_max=300)
2026-05-16 23:32:36 | INFO     | ss_crawler | [lens_scraper] TAMRON PRE-GEN: Tamron 35mm F/2.8 Di III OSD M1:2 score=0.55
2026-05-16 23:32:36 | INFO     | ss_crawler | [lens_scraper] TAMRON POST-GEN: Tamron 35mm F/2.8 Di III OSD M1:2 score=0.20 (gen2=False, mentions=False)
2026-05-16 23:32:36 | INFO     | ss_crawler | [lens_scraper] TAMRON MOUNT: Tamron 35mm F/2.8 Di III OSD M1:2 correct mount E (+0.1)
2026-05-16 23:32:36 | INFO     | ss_crawler | [lens_scraper] TAMRON: Tamron 35mm F/2.8 Di III OSD M1:2 score=0.30 (focal_min=35, focal_max=35)
2026-05-16 23:32:36 | INFO     | ss_crawler | [lens_scraper] TAMRON PRE-GEN: Tamron SP 35mm F/1.4 Di USD score=0.40
2026-05-16 23:32:36 | INFO     | ss_crawler | [lens_scraper] TAMRON POST-GEN: Tamron SP 35mm F/1.4 Di USD score=0.60 (gen2=False, mentions=False)
2026-05-16 23:32:36 | INFO     | ss_crawler | [lens_scraper] TAMRON MOUNT: Tamron SP 35mm F/1.4 Di USD correct mount E (+0.1)
2026-05-16 23:32:36 | INFO     | ss_crawler | [lens_scraper] TAMRON: Tamron SP 35mm F/1.4 Di USD score=0.70 (focal_min=35, focal_max=35)
2026-05-16 23:32:36 | INFO     | ss_crawler | [lens_scraper] TAMRON PRE-GEN: Tamron 70-210mm F/4 Di VC USD score=0.40
2026-05-16 23:32:36 | INFO     | ss_crawler | [lens_scraper] TAMRON POST-GEN: Tamron 70-210mm F/4 Di VC USD score=0.60 (gen2=False, mentions=False)
2026-05-16 23:32:36 | INFO     | ss_crawler | [lens_scraper] TAMRON MOUNT: Tamron 70-210mm F/4 Di VC USD correct mount E (+0.1)
2026-05-16 23:32:36 | INFO     | ss_crawler | [lens_scraper] TAMRON: Tamron 70-210mm F/4 Di VC USD score=0.70 (focal_min=70, focal_max=210)
2026-05-16 23:32:36 | INFO     | ss_crawler | [lens_scraper] TAMRON PRE-GEN: Tamron 17-28mm F/2.8 Di III RXD score=0.90
2026-05-16 23:32:36 | INFO     | ss_crawler | [lens_scraper] TAMRON POST-GEN: Tamron 17-28mm F/2.8 Di III RXD score=0.55 (gen2=False, mentions=False)
2026-05-16 23:32:36 | INFO     | ss_crawler | [lens_scraper] TAMRON MOUNT: Tamron 17-28mm F/2.8 Di III RXD correct mount E (+0.1)
2026-05-16 23:32:36 | INFO     | ss_crawler | [lens_scraper] TAMRON: Tamron 17-28mm F/2.8 Di III RXD score=0.65 (focal_min=17, focal_max=28)
2026-05-16 23:32:36 | INFO     | ss_crawler | [lens_scraper] TAMRON PRE-GEN: Tamron 20-40mm F/2.8 Di III VXD score=0.55
2026-05-16 23:32:36 | INFO     | ss_crawler | [lens_scraper] TAMRON POST-GEN: Tamron 20-40mm F/2.8 Di III VXD score=0.20 (gen2=False, mentions=False)
2026-05-16 23:32:36 | INFO     | ss_crawler | [lens_scraper] TAMRON MOUNT: Tamron 20-40mm F/2.8 Di III VXD correct mount E (+0.1)
2026-05-16 23:32:36 | INFO     | ss_crawler | [lens_scraper] TAMRON: Tamron 20-40mm F/2.8 Di III VXD score=0.30 (focal_min=20, focal_max=40)
2026-05-16 23:32:36 | INFO     | ss_crawler | [lens_scraper] TAMRON PRE-GEN: Tamron 28-200mm F/2.8-5.6 Di III RXD score=0.55
2026-05-16 23:32:36 | INFO     | ss_crawler | [lens_scraper] TAMRON POST-GEN: Tamron 28-200mm F/2.8-5.6 Di III RXD score=0.20 (gen2=False, mentions=False)
2026-05-16 23:32:36 | INFO     | ss_crawler | [lens_scraper] TAMRON MOUNT: Tamron 28-200mm F/2.8-5.6 Di III RXD correct mount E (+0.1)
2026-05-16 23:32:36 | INFO     | ss_crawler | [lens_scraper] TAMRON: Tamron 28-200mm F/2.8-5.6 Di III RXD score=0.30 (focal_min=28, focal_max=200)
2026-05-16 23:32:36 | INFO     | ss_crawler | [lens_scraper] TAMRON PRE-GEN: Tamron 28-300mm F/4-7.1 Di III VC VXD score=0.40
2026-05-16 23:32:36 | INFO     | ss_crawler | [lens_scraper] TAMRON POST-GEN: Tamron 28-300mm F/4-7.1 Di III VC VXD score=0.05 (gen2=False, mentions=False)
2026-05-16 23:32:36 | INFO     | ss_crawler | [lens_scraper] TAMRON MOUNT: Tamron 28-300mm F/4-7.1 Di III VC VXD correct mount E (+0.1)
2026-05-16 23:32:36 | INFO     | ss_crawler | [lens_scraper] TAMRON: Tamron 28-300mm F/4-7.1 Di III VC VXD score=0.15 (focal_min=28, focal_max=300)
2026-05-16 23:32:36 | INFO     | ss_crawler | [lens_scraper] TAMRON PRE-GEN: Tamron 35-150mm F/2-2.8 Di III VXD score=0.55
2026-05-16 23:32:36 | INFO     | ss_crawler | [lens_scraper] TAMRON POST-GEN: Tamron 35-150mm F/2-2.8 Di III VXD score=0.20 (gen2=False, mentions=False)
2026-05-16 23:32:36 | INFO     | ss_crawler | [lens_scraper] TAMRON MOUNT: Tamron 35-150mm F/2-2.8 Di III VXD correct mount E (+0.1)
2026-05-16 23:32:36 | INFO     | ss_crawler | [lens_scraper] TAMRON: Tamron 35-150mm F/2-2.8 Di III VXD score=0.30 (focal_min=35, focal_max=150)
2026-05-16 23:32:36 | INFO     | ss_crawler | [lens_scraper] TAMRON PRE-GEN: Tamron 50-300mm F/4.5-6.3 Di III VC VXD score=0.40
2026-05-16 23:32:36 | INFO     | ss_crawler | [lens_scraper] TAMRON POST-GEN: Tamron 50-300mm F/4.5-6.3 Di III VC VXD score=0.05 (gen2=False, mentions=False)
2026-05-16 23:32:36 | INFO     | ss_crawler | [lens_scraper] TAMRON MOUNT: Tamron 50-300mm F/4.5-6.3 Di III VC VXD correct mount E (+0.1)
2026-05-16 23:32:36 | INFO     | ss_crawler | [lens_scraper] TAMRON: Tamron 50-300mm F/4.5-6.3 Di III VC VXD score=0.15 (focal_min=50, focal_max=300)
2026-05-16 23:32:36 | INFO     | ss_crawler | [lens_scraper] TAMRON PRE-GEN: Tamron 50-400mm F/4.5-6.3 Di III VC VXD score=0.40
2026-05-16 23:32:36 | INFO     | ss_crawler | [lens_scraper] TAMRON POST-GEN: Tamron 50-400mm F/4.5-6.3 Di III VC VXD score=0.05 (gen2=False, mentions=False)
2026-05-16 23:32:36 | INFO     | ss_crawler | [lens_scraper] TAMRON MOUNT: Tamron 50-400mm F/4.5-6.3 Di III VC VXD correct mount E (+0.1)
2026-05-16 23:32:36 | INFO     | ss_crawler | [lens_scraper] TAMRON: Tamron 50-400mm F/4.5-6.3 Di III VC VXD score=0.15 (focal_min=50, focal_max=400)
2026-05-16 23:32:36 | INFO     | ss_crawler | [lens_scraper] TAMRON PRE-GEN: Tamron 70-180mm F/2.8 Di III VXD score=0.55
2026-05-16 23:32:36 | INFO     | ss_crawler | [lens_scraper] TAMRON POST-GEN: Tamron 70-180mm F/2.8 Di III VXD score=0.20 (gen2=False, mentions=False)
2026-05-16 23:32:36 | INFO     | ss_crawler | [lens_scraper] TAMRON MOUNT: Tamron 70-180mm F/2.8 Di III VXD correct mount E (+0.1)
2026-05-16 23:32:36 | INFO     | ss_crawler | [lens_scraper] TAMRON: Tamron 70-180mm F/2.8 Di III VXD score=0.30 (focal_min=70, focal_max=180)
2026-05-16 23:32:36 | INFO     | ss_crawler | [lens_scraper] TAMRON PRE-GEN: Tamron 70-180mm F/2.8 Di III VC VXD G2 score=0.55
2026-05-16 23:32:36 | INFO     | ss_crawler | [lens_scraper] TAMRON POST-GEN: Tamron 70-180mm F/2.8 Di III VC VXD G2 score=0.20 (gen2=False, mentions=False)
2026-05-16 23:32:36 | INFO     | ss_crawler | [lens_scraper] TAMRON MOUNT: Tamron 70-180mm F/2.8 Di III VC VXD G2 correct mount E (+0.1)
2026-05-16 23:32:36 | INFO     | ss_crawler | [lens_scraper] TAMRON: Tamron 70-180mm F/2.8 Di III VC VXD G2 score=0.30 (focal_min=70, focal_max=180)
2026-05-16 23:32:36 | INFO     | ss_crawler | [lens_scraper] TAMRON PRE-GEN: Tamron 70-200mm F/2.8 Di III RXD score=0.55
2026-05-16 23:32:36 | INFO     | ss_crawler | [lens_scraper] TAMRON POST-GEN: Tamron 70-200mm F/2.8 Di III RXD score=0.20 (gen2=False, mentions=False)
2026-05-16 23:32:36 | INFO     | ss_crawler | [lens_scraper] TAMRON MOUNT: Tamron 70-200mm F/2.8 Di III RXD correct mount E (+0.1)
2026-05-16 23:32:36 | INFO     | ss_crawler | [lens_scraper] TAMRON: Tamron 70-200mm F/2.8 Di III RXD score=0.30 (focal_min=70, focal_max=200)
2026-05-16 23:32:36 | INFO     | ss_crawler | [lens_scraper] TAMRON PRE-GEN: Tamron 70-300mm F/4.5-6.3 Di III RXD score=0.40
2026-05-16 23:32:36 | INFO     | ss_crawler | [lens_scraper] TAMRON POST-GEN: Tamron 70-300mm F/4.5-6.3 Di III RXD score=0.05 (gen2=False, mentions=False)
2026-05-16 23:32:36 | INFO     | ss_crawler | [lens_scraper] TAMRON MOUNT: Tamron 70-300mm F/4.5-6.3 Di III RXD correct mount E (+0.1)
2026-05-16 23:32:36 | INFO     | ss_crawler | [lens_scraper] TAMRON: Tamron 70-300mm F/4.5-6.3 Di III RXD score=0.15 (focal_min=70, focal_max=300)
2026-05-16 23:32:36 | INFO     | ss_crawler | [lens_scraper] TAMRON PRE-GEN: Tamron 150-500mm F/5-6.7 Di III VC VXD score=0.40
2026-05-16 23:32:36 | INFO     | ss_crawler | [lens_scraper] TAMRON POST-GEN: Tamron 150-500mm F/5-6.7 Di III VC VXD score=0.05 (gen2=False, mentions=False)
2026-05-16 23:32:36 | INFO     | ss_crawler | [lens_scraper] TAMRON MOUNT: Tamron 150-500mm F/5-6.7 Di III VC VXD correct mount E (+0.1)
2026-05-16 23:32:36 | INFO     | ss_crawler | [lens_scraper] TAMRON: Tamron 150-500mm F/5-6.7 Di III VC VXD score=0.15 (focal_min=150, focal_max=500)
2026-05-16 23:32:36 | INFO     | ss_crawler | [lens_scraper] TAMRON PRE-GEN: Tamron 300mm F/2.8 Di III VC VXD score=0.55
2026-05-16 23:32:36 | INFO     | ss_crawler | [lens_scraper] TAMRON POST-GEN: Tamron 300mm F/2.8 Di III VC VXD score=0.20 (gen2=False, mentions=False)
2026-05-16 23:32:36 | INFO     | ss_crawler | [lens_scraper] TAMRON MOUNT: Tamron 300mm F/2.8 Di III VC VXD correct mount E (+0.1)
2026-05-16 23:32:36 | INFO     | ss_crawler | [lens_scraper] TAMRON: Tamron 300mm F/2.8 Di III VC VXD score=0.30 (focal_min=300, focal_max=300)
2026-05-16 23:32:36 | INFO     | ss_crawler | [lens_scraper] Matched [gcmeb]: Tamron_Tamron_17-70mm_F_2.8_Di_III-A_VC_RXD (100% confidence)
2026-05-16 23:33:04 | INFO     | ss_crawler | [crawler] Fetching : https://www.ss.com/msg/lv/electronics/photo-optics/objectives/bgmoho.html
2026-05-16 23:33:07 | INFO     | ss_crawler | [lens_scraper] Initializing Lens scraper...
2026-05-16 23:33:08 | INFO     | ss_crawler | [database] Database connected: localhost:5433/ss_market
2026-05-16 23:33:08 | INFO     | ss_crawler | [lens_scraper] Database: postgresql+psycopg2://crawler:crawler_pass@localhost:5433/ss_market
2026-05-16 23:33:08 | INFO     | ss_crawler | [lens_scraper] Loaded 481 lens references
2026-05-16 23:33:08 | INFO     | ss_crawler | [crawler] Fetching : https://www.ss.com/msg/lv/electronics/photo-optics/objectives/bgmoho.html
2026-05-16 23:33:10 | INFO     | ss_crawler | [lens_scraper] MOUNT DETECT: detected=EF
2026-05-16 23:33:10 | INFO     | ss_crawler | [lens_scraper] Detected focal: 40mm (from model=True)
2026-05-16 23:33:10 | INFO     | ss_crawler | [lens_scraper] Matched [bgmoho]: Canon_40mm_F2.8_STM (100% confidence)
2026-05-16 23:33:30 | INFO     | ss_crawler | [crawler] Fetching : https://www.ss.com/msg/lv/electronics/photo-optics/objectives/dkxej.html
2026-05-16 23:33:33 | INFO     | ss_crawler | [lens_scraper] Initializing Lens scraper...
2026-05-16 23:33:33 | INFO     | ss_crawler | [database] Database connected: localhost:5433/ss_market
2026-05-16 23:33:33 | INFO     | ss_crawler | [lens_scraper] Database: postgresql+psycopg2://crawler:crawler_pass@localhost:5433/ss_market
2026-05-16 23:33:33 | INFO     | ss_crawler | [lens_scraper] Loaded 481 lens references
2026-05-16 23:33:33 | INFO     | ss_crawler | [crawler] Fetching : https://www.ss.com/msg/lv/electronics/photo-optics/objectives/dkxej.html
2026-05-16 23:33:35 | INFO     | ss_crawler | [lens_scraper] MOUNT DETECT: detected=EF
2026-05-16 23:33:35 | INFO     | ss_crawler | [lens_scraper] Detected focal: 300mm (from model=True)
2026-05-16 23:33:35 | INFO     | ss_crawler | [lens_scraper] GEN DEBUG: 17-35mm F2.8-4 DI OSD - gen2=False, gen3=False
2026-05-16 23:33:35 | INFO     | ss_crawler | [lens_scraper] GEN DEBUG: 17-50mm F2.8 SP AF XR Di II LD Aspherical - gen2=True, gen3=False
2026-05-16 23:33:35 | INFO     | ss_crawler | [lens_scraper] GEN DEBUG: 17-50mm F2.8 SP AF XR Di-II VC LD - gen2=True, gen3=False
2026-05-16 23:33:35 | INFO     | ss_crawler | [lens_scraper] GEN DEBUG: Tamron 17-70mm F/2.8 Di III-A VC RXD - gen2=False, gen3=True
2026-05-16 23:33:36 | INFO     | ss_crawler | [lens_scraper] GEN DEBUG: Tamron 17-28mm F/2.8 Di III RXD - gen2=False, gen3=True
2026-05-16 23:33:36 | INFO     | ss_crawler | [lens_scraper] Matched [dkxej]: Canon_300mm_F4L_IS_USM (100% confidence)
2026-05-16 23:33:59 | INFO     | ss_crawler | [crawler] Fetching : https://www.ss.com/msg/lv/electronics/photo-optics/objectives/hexnb.html
2026-05-16 23:34:01 | INFO     | ss_crawler | [lens_scraper] Initializing Lens scraper...
2026-05-16 23:34:01 | INFO     | ss_crawler | [database] Database connected: localhost:5433/ss_market
2026-05-16 23:34:01 | INFO     | ss_crawler | [lens_scraper] Database: postgresql+psycopg2://crawler:crawler_pass@localhost:5433/ss_market
2026-05-16 23:34:01 | INFO     | ss_crawler | [lens_scraper] Loaded 481 lens references
2026-05-16 23:34:01 | INFO     | ss_crawler | [crawler] Fetching : https://www.ss.com/msg/lv/electronics/photo-optics/objectives/hexnb.html
2026-05-16 23:34:03 | INFO     | ss_crawler | [lens_scraper] MOUNT DETECT: detected=None
2026-05-16 23:34:03 | INFO     | ss_crawler | [lens_scraper] Detected focal: 16mm (from model=True)
2026-05-16 23:34:03 | INFO     | ss_crawler | [lens_scraper] GEN DEBUG: 17-35mm F2.8-4 DI OSD - gen2=False, gen3=False
2026-05-16 23:34:03 | INFO     | ss_crawler | [lens_scraper] GEN DEBUG: 17-50mm F2.8 SP AF XR Di II LD Aspherical - gen2=True, gen3=False
2026-05-16 23:34:03 | INFO     | ss_crawler | [lens_scraper] GEN DEBUG: 17-50mm F2.8 SP AF XR Di-II VC LD - gen2=True, gen3=False
2026-05-16 23:34:04 | INFO     | ss_crawler | [lens_scraper] GEN DEBUG: Tamron 17-70mm F/2.8 Di III-A VC RXD - gen2=False, gen3=True
2026-05-16 23:34:04 | INFO     | ss_crawler | [lens_scraper] GEN DEBUG: Tamron 17-28mm F/2.8 Di III RXD - gen2=False, gen3=True
2026-05-16 23:34:04 | INFO     | ss_crawler | [lens_scraper] Matched [hexnb]: Sigma_Sigma_16mm_F1.4_DC_DN_|_Contemporary (85% confidence)
2026-05-16 23:36:26 | INFO     | ss_crawler | [crawler] Fetching : https://www.ss.com/msg/lv/electronics/photo-optics/objectives/gcmeb.html
2026-05-16 23:36:28 | INFO     | ss_crawler | [lens_scraper] Initializing Lens scraper...
2026-05-16 23:36:28 | INFO     | ss_crawler | [database] Database connected: localhost:5433/ss_market
2026-05-16 23:36:28 | INFO     | ss_crawler | [lens_scraper] Database: postgresql+psycopg2://crawler:crawler_pass@localhost:5433/ss_market
2026-05-16 23:36:28 | INFO     | ss_crawler | [lens_scraper] Loaded 481 lens references
2026-05-16 23:36:28 | INFO     | ss_crawler | [crawler] Fetching : https://www.ss.com/msg/lv/electronics/photo-optics/objectives/gcmeb.html
2026-05-16 23:36:31 | INFO     | ss_crawler | [lens_scraper] MODEL EXTRACTED: '17-28 pārdodu tamron 17-70 f2'
2026-05-16 23:36:31 | INFO     | ss_crawler | [lens_scraper] MOUNT DETECT: detected=E
2026-05-16 23:36:31 | INFO     | ss_crawler | [lens_scraper] Detected focal: 17mm-28mm (from model=True)
2026-05-16 23:36:31 | INFO     | ss_crawler | [lens_scraper] Matched [gcmeb]: Tamron_17-35mm_F2.8-4_DI_OSD (75% confidence)
2026-05-16 23:36:44 | INFO     | ss_crawler | [crawler] Fetching : https://www.ss.com/msg/lv/electronics/photo-optics/objectives/gcmeb.html
2026-05-16 23:36:59 | INFO     | ss_crawler | [crawler] Fetching : https://www.ss.com/msg/lv/electronics/photo-optics/objectives/gcmeb.html
2026-05-16 23:37:49 | INFO     | ss_crawler | [crawler] Fetching : https://www.ss.com/msg/lv/electronics/photo-optics/objectives/gcmeb.html
2026-05-16 23:37:51 | INFO     | ss_crawler | [lens_scraper] Initializing Lens scraper...
2026-05-16 23:37:51 | INFO     | ss_crawler | [database] Database connected: localhost:5433/ss_market
2026-05-16 23:37:51 | INFO     | ss_crawler | [lens_scraper] Database: postgresql+psycopg2://crawler:crawler_pass@localhost:5433/ss_market
2026-05-16 23:37:51 | INFO     | ss_crawler | [lens_scraper] Loaded 481 lens references
2026-05-16 23:37:51 | INFO     | ss_crawler | [crawler] Fetching : https://www.ss.com/msg/lv/electronics/photo-optics/objectives/gcmeb.html
2026-05-16 23:37:54 | INFO     | ss_crawler | [lens_scraper] MODEL EXTRACTED: '17-28'
2026-05-16 23:37:54 | INFO     | ss_crawler | [lens_scraper] MOUNT DETECT: detected=E
2026-05-16 23:37:54 | INFO     | ss_crawler | [lens_scraper] Detected focal: 17mm-28mm (from model=True)
2026-05-16 23:37:54 | INFO     | ss_crawler | [lens_scraper] Matched [gcmeb]: Tamron_17-35mm_F2.8-4_DI_OSD (75% confidence)
2026-05-16 23:38:07 | INFO     | ss_crawler | [database] Database connected: localhost:5433/ss_market
2026-05-16 23:38:10 | INFO     | ss_crawler | [crawler] Fetching : https://www.ss.com/msg/lv/electronics/photo-optics/objectives/bkhndn.html
2026-05-16 23:38:14 | INFO     | ss_crawler | [lens_scraper] Initializing Lens scraper...
2026-05-16 23:38:14 | INFO     | ss_crawler | [database] Database connected: localhost:5433/ss_market
2026-05-16 23:38:14 | INFO     | ss_crawler | [lens_scraper] Database: postgresql+psycopg2://crawler:crawler_pass@localhost:5433/ss_market
2026-05-16 23:38:14 | INFO     | ss_crawler | [lens_scraper] Loaded 481 lens references
2026-05-16 23:38:14 | INFO     | ss_crawler | [crawler] Fetching : https://www.ss.com/msg/lv/electronics/photo-optics/objectives/bkhndn.html
2026-05-16 23:38:18 | INFO     | ss_crawler | [lens_scraper] MODEL EXTRACTED: 'ef 85 f1, 8'
2026-05-16 23:38:18 | INFO     | ss_crawler | [lens_scraper] MOUNT DETECT: detected=None
2026-05-16 23:38:18 | INFO     | ss_crawler | [lens_scraper] Matched [bkhndn]: Canon_85mm_F1.4L_IS_USM (85% confidence)
2026-05-16 23:38:28 | INFO     | ss_crawler | [database] Database connected: localhost:5433/ss_market
2026-05-16 23:38:41 | INFO     | ss_crawler | [crawler] Fetching : https://www.ss.com/msg/lv/electronics/photo-optics/objectives/gcmeb.html
2026-05-16 23:38:44 | INFO     | ss_crawler | [lens_scraper] Initializing Lens scraper...
2026-05-16 23:38:44 | INFO     | ss_crawler | [database] Database connected: localhost:5433/ss_market
2026-05-16 23:38:44 | INFO     | ss_crawler | [lens_scraper] Database: postgresql+psycopg2://crawler:crawler_pass@localhost:5433/ss_market
2026-05-16 23:38:44 | INFO     | ss_crawler | [lens_scraper] Loaded 481 lens references
2026-05-16 23:38:44 | INFO     | ss_crawler | [crawler] Fetching : https://www.ss.com/msg/lv/electronics/photo-optics/objectives/gcmeb.html
2026-05-16 23:38:47 | INFO     | ss_crawler | [lens_scraper] MODEL EXTRACTED: '17-28'
2026-05-16 23:38:47 | INFO     | ss_crawler | [lens_scraper] MOUNT DETECT: detected=E
2026-05-16 23:38:47 | INFO     | ss_crawler | [lens_scraper] Detected focal: 17mm-28mm (from model=True)
2026-05-16 23:38:47 | INFO     | ss_crawler | [lens_scraper] TAMRON BEST: 35mm F1.4 Di USD score=0.45
2026-05-16 23:38:47 | INFO     | ss_crawler | [lens_scraper] TAMRON BEST: 90mm F2.8 Di Macro score=0.60
2026-05-16 23:38:47 | INFO     | ss_crawler | [lens_scraper] TAMRON BEST: 17-35mm F2.8-4 DI OSD score=0.75
2026-05-16 23:38:47 | INFO     | ss_crawler | [lens_scraper] Matched [gcmeb]: Tamron_17-35mm_F2.8-4_DI_OSD (75% confidence)
2026-05-16 23:39:05 | INFO     | ss_crawler | [crawler] Fetching : https://www.ss.com/msg/lv/electronics/photo-optics/objectives/gcmeb.html
2026-05-16 23:39:07 | INFO     | ss_crawler | [lens_scraper] Initializing Lens scraper...
2026-05-16 23:39:07 | INFO     | ss_crawler | [database] Database connected: localhost:5433/ss_market
2026-05-16 23:39:07 | INFO     | ss_crawler | [lens_scraper] Database: postgresql+psycopg2://crawler:crawler_pass@localhost:5433/ss_market
2026-05-16 23:39:08 | INFO     | ss_crawler | [lens_scraper] Loaded 481 lens references
2026-05-16 23:39:08 | INFO     | ss_crawler | [crawler] Fetching : https://www.ss.com/msg/lv/electronics/photo-optics/objectives/gcmeb.html
2026-05-16 23:39:11 | INFO     | ss_crawler | [lens_scraper] MODEL EXTRACTED: '17-28'
2026-05-16 23:39:11 | INFO     | ss_crawler | [lens_scraper] MOUNT DETECT: detected=E, text='tamron modelis: 17-28 pārdodu tamron 17-70 f2.8. priekš sony.
lietojuma pazīmes nav.
cena nedaudz ru'
2026-05-16 23:39:11 | INFO     | ss_crawler | [lens_scraper] Detected focal: 17mm-28mm (from model=True)
2026-05-16 23:39:11 | INFO     | ss_crawler | [lens_scraper] TAMRON BEST: 35mm F1.4 Di USD score=0.45
2026-05-16 23:39:11 | INFO     | ss_crawler | [lens_scraper] TAMRON BEST: 90mm F2.8 Di Macro score=0.60
2026-05-16 23:39:11 | INFO     | ss_crawler | [lens_scraper] TAMRON BEST: 17-35mm F2.8-4 DI OSD score=0.75
2026-05-16 23:39:11 | INFO     | ss_crawler | [lens_scraper] Matched [gcmeb]: Tamron_17-35mm_F2.8-4_DI_OSD (75% confidence)
2026-05-16 23:39:22 | INFO     | ss_crawler | [crawler] Fetching : https://www.ss.com/msg/lv/electronics/photo-optics/objectives/gcmeb.html
2026-05-16 23:39:25 | INFO     | ss_crawler | [lens_scraper] Initializing Lens scraper...
2026-05-16 23:39:25 | INFO     | ss_crawler | [database] Database connected: localhost:5433/ss_market
2026-05-16 23:39:25 | INFO     | ss_crawler | [lens_scraper] Database: postgresql+psycopg2://crawler:crawler_pass@localhost:5433/ss_market
2026-05-16 23:39:25 | INFO     | ss_crawler | [lens_scraper] Loaded 481 lens references
2026-05-16 23:39:25 | INFO     | ss_crawler | [crawler] Fetching : https://www.ss.com/msg/lv/electronics/photo-optics/objectives/gcmeb.html
2026-05-16 23:39:27 | INFO     | ss_crawler | [lens_scraper] MODEL EXTRACTED: '17-28'
2026-05-16 23:39:27 | INFO     | ss_crawler | [lens_scraper] MOUNT DETECT: detected=E, text='tamron modelis: 17-28 pārdodu tamron 17-70 f2.8. priekš sony.
lietojuma pazīmes nav.
cena nedaudz ru'
2026-05-16 23:39:27 | INFO     | ss_crawler | [lens_scraper] Detected focal: 17mm-28mm (from model=True)
2026-05-16 23:39:27 | INFO     | ss_crawler | [lens_scraper] TAMRON CHECK: 35mm F1.4 Di USD - focal=35-None, mount=EF
2026-05-16 23:39:27 | INFO     | ss_crawler | [lens_scraper] TAMRON BEST: 35mm F1.4 Di USD score=0.45
2026-05-16 23:39:27 | INFO     | ss_crawler | [lens_scraper] TAMRON CHECK: 35mm F1.8 Di VC USD - focal=35-None, mount=EF
2026-05-16 23:39:27 | INFO     | ss_crawler | [lens_scraper] TAMRON CHECK: 45mm F1.8 Di VC USD - focal=45-None, mount=EF
2026-05-16 23:39:27 | INFO     | ss_crawler | [lens_scraper] TAMRON CHECK: 85mm F1.8 Di VC USD - focal=85-None, mount=EF
2026-05-16 23:39:27 | INFO     | ss_crawler | [lens_scraper] TAMRON CHECK: 90mm F2.8 Di Macro - focal=90-None, mount=EF
2026-05-16 23:39:27 | INFO     | ss_crawler | [lens_scraper] TAMRON BEST: 90mm F2.8 Di Macro score=0.60
2026-05-16 23:39:27 | INFO     | ss_crawler | [lens_scraper] TAMRON CHECK: 90mm F2.8 Di Macro 1:1 VC USD - focal=90-None, mount=EF
2026-05-16 23:39:27 | INFO     | ss_crawler | [lens_scraper] TAMRON CHECK: 15-30mm F2.8 Di VC USD - focal=15-30, mount=EF
2026-05-16 23:39:27 | INFO     | ss_crawler | [lens_scraper] TAMRON CHECK: 17-35mm F2.8-4 DI OSD - focal=17-35, mount=EF
2026-05-16 23:39:27 | INFO     | ss_crawler | [lens_scraper] TAMRON BEST: 17-35mm F2.8-4 DI OSD score=0.75
2026-05-16 23:39:27 | INFO     | ss_crawler | [lens_scraper] TAMRON CHECK: 24-70mm F2.8 Di VC USD G2 - focal=24-70, mount=EF
2026-05-16 23:39:27 | INFO     | ss_crawler | [lens_scraper] TAMRON CHECK: 28-75mm F2.8 XR Di LD Aspherical (IF)  - focal=28-75, mount=EF
2026-05-16 23:39:27 | INFO     | ss_crawler | [lens_scraper] TAMRON CHECK: 35-150mm F2.8-4 Di VC OSD - focal=35-150, mount=EF
2026-05-16 23:39:27 | INFO     | ss_crawler | [lens_scraper] TAMRON CHECK: 28-300mm F3.5-6.3 Di VC PZD - focal=28-300, mount=EF
2026-05-16 23:39:27 | INFO     | ss_crawler | [lens_scraper] TAMRON CHECK: 70-200mm F2.8 Di LD (IF) Macro AF - focal=70-200, mount=EF
2026-05-16 23:39:27 | INFO     | ss_crawler | [lens_scraper] TAMRON CHECK: 70-200mm F2.8 Di VC USD G2 - focal=70-200, mount=EF
2026-05-16 23:39:27 | INFO     | ss_crawler | [lens_scraper] TAMRON CHECK: 70-210mm F4 Di VC USD - focal=70-210, mount=EF
2026-05-16 23:39:27 | INFO     | ss_crawler | [lens_scraper] TAMRON CHECK: 70-300mm F4-5.6 Di VC USD  - focal=70-300, mount=EF
2026-05-16 23:39:27 | INFO     | ss_crawler | [lens_scraper] TAMRON CHECK: 100-400mm F4.5-6.3 Di VC USD - focal=100-400, mount=EF
2026-05-16 23:39:27 | INFO     | ss_crawler | [lens_scraper] TAMRON CHECK: 18-270mm F3.5-6.3 Di II VC PZD - focal=18-270, mount=EF-S
2026-05-16 23:39:27 | INFO     | ss_crawler | [lens_scraper] TAMRON CHECK: 150-600mm F5-6.3 Di VC USD  - focal=150-600, mount=EF
2026-05-16 23:39:27 | INFO     | ss_crawler | [lens_scraper] TAMRON CHECK: 150-600mm F5-6.3 Di VC USD G2  - focal=150-600, mount=EF
2026-05-16 23:39:27 | INFO     | ss_crawler | [lens_scraper] TAMRON CHECK: 60mm F2 Di II 1:1 Macro - focal=60-None, mount=EF-S
2026-05-16 23:39:27 | INFO     | ss_crawler | [lens_scraper] TAMRON CHECK: 10-24mm F3.5-4.5 Di II VC HLD - focal=10-24, mount=EF-S
2026-05-16 23:39:27 | INFO     | ss_crawler | [lens_scraper] TAMRON CHECK: 16-300mm F3.5-6.3 Di II VC PZD MACRO - focal=16-300, mount=EF-S
2026-05-16 23:39:27 | INFO     | ss_crawler | [lens_scraper] TAMRON CHECK: 17-50mm F2.8 SP AF XR Di II LD Aspherical - focal=17-50, mount=EF-S
2026-05-16 23:39:27 | INFO     | ss_crawler | [lens_scraper] TAMRON CHECK: 17-50mm F2.8 SP AF XR Di-II VC LD - focal=17-50, mount=EF-S
2026-05-16 23:39:27 | INFO     | ss_crawler | [lens_scraper] TAMRON CHECK: 18-200mm F3.5-6.3 Di II VC  - focal=18-200, mount=EF-S
2026-05-16 23:39:27 | INFO     | ss_crawler | [lens_scraper] TAMRON CHECK: 18-400mm F3.5-6.3 Di II VC HLD - focal=18-400, mount=EF-S
2026-05-16 23:39:27 | INFO     | ss_crawler | [lens_scraper] TAMRON CHECK: Tamron 11-20mm F/2.8 Di III-A RXD - focal=11-20, mount=E
2026-05-16 23:39:27 | INFO     | ss_crawler | [lens_scraper] TAMRON CHECK: Tamron 17-70mm F/2.8 Di III-A VC RXD - focal=17-70, mount=E
2026-05-16 23:39:27 | INFO     | ss_crawler | [lens_scraper] TAMRON CHECK: Tamron 18-200mm F/3.5-6.3 Di III VC - focal=18-200, mount=E
2026-05-16 23:39:27 | INFO     | ss_crawler | [lens_scraper] TAMRON CHECK: Tamron 18-300mm F/3.5-6.3 Di III-A VC VXD - focal=18-300, mount=E
2026-05-16 23:39:27 | INFO     | ss_crawler | [lens_scraper] TAMRON CHECK: Tamron 35mm F/2.8 Di III OSD M1:2 - focal=35-35, mount=E
2026-05-16 23:39:27 | INFO     | ss_crawler | [lens_scraper] TAMRON CHECK: Tamron SP 35mm F/1.4 Di USD - focal=35-35, mount=E
2026-05-16 23:39:27 | INFO     | ss_crawler | [lens_scraper] TAMRON CHECK: Tamron 70-210mm F/4 Di VC USD - focal=70-210, mount=E
2026-05-16 23:39:27 | INFO     | ss_crawler | [lens_scraper] TAMRON CHECK: Tamron 17-28mm F/2.8 Di III RXD - focal=17-28, mount=E
2026-05-16 23:39:27 | INFO     | ss_crawler | [lens_scraper] TAMRON CHECK: Tamron 20-40mm F/2.8 Di III VXD - focal=20-40, mount=E
2026-05-16 23:39:27 | INFO     | ss_crawler | [lens_scraper] TAMRON CHECK: Tamron 28-200mm F/2.8-5.6 Di III RXD - focal=28-200, mount=E
2026-05-16 23:39:27 | INFO     | ss_crawler | [lens_scraper] TAMRON CHECK: Tamron 28-300mm F/4-7.1 Di III VC VXD - focal=28-300, mount=E
2026-05-16 23:39:27 | INFO     | ss_crawler | [lens_scraper] TAMRON CHECK: Tamron 35-150mm F/2-2.8 Di III VXD - focal=35-150, mount=E
2026-05-16 23:39:27 | INFO     | ss_crawler | [lens_scraper] TAMRON CHECK: Tamron 50-300mm F/4.5-6.3 Di III VC VXD - focal=50-300, mount=E
2026-05-16 23:39:27 | INFO     | ss_crawler | [lens_scraper] TAMRON CHECK: Tamron 50-400mm F/4.5-6.3 Di III VC VXD - focal=50-400, mount=E
2026-05-16 23:39:27 | INFO     | ss_crawler | [lens_scraper] TAMRON CHECK: Tamron 70-180mm F/2.8 Di III VXD - focal=70-180, mount=E
2026-05-16 23:39:27 | INFO     | ss_crawler | [lens_scraper] TAMRON CHECK: Tamron 70-180mm F/2.8 Di III VC VXD G2 - focal=70-180, mount=E
2026-05-16 23:39:27 | INFO     | ss_crawler | [lens_scraper] TAMRON CHECK: Tamron 70-200mm F/2.8 Di III RXD - focal=70-200, mount=E
2026-05-16 23:39:27 | INFO     | ss_crawler | [lens_scraper] TAMRON CHECK: Tamron 70-300mm F/4.5-6.3 Di III RXD - focal=70-300, mount=E
2026-05-16 23:39:27 | INFO     | ss_crawler | [lens_scraper] TAMRON CHECK: Tamron 150-500mm F/5-6.7 Di III VC VXD - focal=150-500, mount=E
2026-05-16 23:39:27 | INFO     | ss_crawler | [lens_scraper] TAMRON CHECK: Tamron 300mm F/2.8 Di III VC VXD - focal=300-300, mount=E
2026-05-16 23:39:27 | INFO     | ss_crawler | [lens_scraper] Matched [gcmeb]: Tamron_17-35mm_F2.8-4_DI_OSD (75% confidence)
2026-05-16 23:39:39 | INFO     | ss_crawler | [database] Database connected: localhost:5433/ss_market
2026-05-16 23:39:50 | INFO     | ss_crawler | [database] Database connected: localhost:5433/ss_market
2026-05-16 23:40:00 | INFO     | ss_crawler | [database] Database connected: localhost:5433/ss_market
2026-05-16 23:40:13 | INFO     | ss_crawler | [database] Database connected: localhost:5433/ss_market
2026-05-16 23:40:17 | INFO     | ss_crawler | [crawler] Fetching : https://www.ss.com/msg/lv/electronics/photo-optics/objectives/cfjno.html
2026-05-16 23:40:20 | INFO     | ss_crawler | [lens_scraper] Initializing Lens scraper...
2026-05-16 23:40:20 | INFO     | ss_crawler | [database] Database connected: localhost:5433/ss_market
2026-05-16 23:40:20 | INFO     | ss_crawler | [lens_scraper] Database: postgresql+psycopg2://crawler:crawler_pass@localhost:5433/ss_market
2026-05-16 23:40:20 | INFO     | ss_crawler | [lens_scraper] Loaded 481 lens references
2026-05-16 23:40:20 | INFO     | ss_crawler | [crawler] Fetching : https://www.ss.com/msg/lv/electronics/photo-optics/objectives/cfjno.html
2026-05-16 23:40:23 | INFO     | ss_crawler | [lens_scraper] MODEL EXTRACTED: '56mm f1.7 sony'
2026-05-16 23:40:23 | INFO     | ss_crawler | [lens_scraper] MOUNT DETECT: detected=E, text='viltrox modelis: 56mm f1.7 sony pardodu aps-c objektivu viltrox 56mm f1.7 uz sony jaunaja stavokli. '
2026-05-16 23:40:23 | INFO     | ss_crawler | [lens_scraper] Detected focal: 56mm (from model=True)
2026-05-16 23:40:23 | INFO     | ss_crawler | [lens_scraper] Matched [cfjno]: Sony_Sony_E_10-18mm_F4_OSS (70% confidence)
2026-05-16 23:40:33 | INFO     | ss_crawler | [database] Database connected: localhost:5433/ss_market
2026-05-16 23:40:52 | INFO     | ss_crawler | [crawler] Fetching : https://www.ss.com/msg/lv/electronics/photo-optics/objectives/gcmeb.html
2026-05-16 23:40:55 | INFO     | ss_crawler | [lens_scraper] Initializing Lens scraper...
2026-05-16 23:40:55 | INFO     | ss_crawler | [database] Database connected: localhost:5433/ss_market
2026-05-16 23:40:55 | INFO     | ss_crawler | [lens_scraper] Database: postgresql+psycopg2://crawler:crawler_pass@localhost:5433/ss_market
2026-05-16 23:40:55 | INFO     | ss_crawler | [lens_scraper] Loaded 481 lens references
2026-05-16 23:40:55 | INFO     | ss_crawler | [crawler] Fetching : https://www.ss.com/msg/lv/electronics/photo-optics/objectives/gcmeb.html
2026-05-16 23:40:58 | INFO     | ss_crawler | [lens_scraper] MODEL EXTRACTED: '17-28'
2026-05-16 23:40:58 | INFO     | ss_crawler | [lens_scraper] MOUNT DETECT: detected=E, text='tamron modelis: 17-28 pārdodu tamron 17-70 f2.8. priekš sony.
lietojuma pazīmes nav.
cena nedaudz ru'
2026-05-16 23:40:58 | INFO     | ss_crawler | [lens_scraper] Detected focal: 17mm-28mm (from model=True)
2026-05-16 23:40:58 | INFO     | ss_crawler | [lens_scraper] MATCH START: 481 lens references, detected_brand=tamron, detected_focal=17-28
2026-05-16 23:40:58 | INFO     | ss_crawler | [lens_scraper] TAMRON CHECK: 35mm F1.4 Di USD - brand=tamron, focal=35-None
2026-05-16 23:40:58 | INFO     | ss_crawler | [lens_scraper] TAMRON CHECK: 35mm F1.4 Di USD - focal=35-None, mount=EF
2026-05-16 23:40:58 | INFO     | ss_crawler | [lens_scraper] TAMRON BEST: 35mm F1.4 Di USD score=0.45
2026-05-16 23:40:58 | INFO     | ss_crawler | [lens_scraper] TAMRON CHECK: 35mm F1.8 Di VC USD - brand=tamron, focal=35-None
2026-05-16 23:40:58 | INFO     | ss_crawler | [lens_scraper] TAMRON CHECK: 35mm F1.8 Di VC USD - focal=35-None, mount=EF
2026-05-16 23:40:58 | INFO     | ss_crawler | [lens_scraper] TAMRON CHECK: 45mm F1.8 Di VC USD - brand=tamron, focal=45-None
2026-05-16 23:40:58 | INFO     | ss_crawler | [lens_scraper] TAMRON CHECK: 45mm F1.8 Di VC USD - focal=45-None, mount=EF
2026-05-16 23:40:58 | INFO     | ss_crawler | [lens_scraper] TAMRON CHECK: 85mm F1.8 Di VC USD - brand=tamron, focal=85-None
2026-05-16 23:40:58 | INFO     | ss_crawler | [lens_scraper] TAMRON CHECK: 85mm F1.8 Di VC USD - focal=85-None, mount=EF
2026-05-16 23:40:58 | INFO     | ss_crawler | [lens_scraper] TAMRON CHECK: 90mm F2.8 Di Macro - brand=tamron, focal=90-None
2026-05-16 23:40:58 | INFO     | ss_crawler | [lens_scraper] TAMRON CHECK: 90mm F2.8 Di Macro - focal=90-None, mount=EF
2026-05-16 23:40:58 | INFO     | ss_crawler | [lens_scraper] TAMRON BEST: 90mm F2.8 Di Macro score=0.60
2026-05-16 23:40:58 | INFO     | ss_crawler | [lens_scraper] TAMRON CHECK: 90mm F2.8 Di Macro 1:1 VC USD - brand=tamron, focal=90-None
2026-05-16 23:40:58 | INFO     | ss_crawler | [lens_scraper] TAMRON CHECK: 90mm F2.8 Di Macro 1:1 VC USD - focal=90-None, mount=EF
2026-05-16 23:40:58 | INFO     | ss_crawler | [lens_scraper] TAMRON CHECK: 15-30mm F2.8 Di VC USD - brand=tamron, focal=15-30
2026-05-16 23:40:58 | INFO     | ss_crawler | [lens_scraper] TAMRON CHECK: 15-30mm F2.8 Di VC USD - focal=15-30, mount=EF
2026-05-16 23:40:58 | INFO     | ss_crawler | [lens_scraper] TAMRON CHECK: 17-35mm F2.8-4 DI OSD - brand=tamron, focal=17-35
2026-05-16 23:40:58 | INFO     | ss_crawler | [lens_scraper] TAMRON CHECK: 17-35mm F2.8-4 DI OSD - focal=17-35, mount=EF
2026-05-16 23:40:58 | INFO     | ss_crawler | [lens_scraper] TAMRON BEST: 17-35mm F2.8-4 DI OSD score=0.75
2026-05-16 23:40:58 | INFO     | ss_crawler | [lens_scraper] TAMRON CHECK: 24-70mm F2.8 Di VC USD G2 - brand=tamron, focal=24-70
2026-05-16 23:40:58 | INFO     | ss_crawler | [lens_scraper] TAMRON CHECK: 24-70mm F2.8 Di VC USD G2 - focal=24-70, mount=EF
2026-05-16 23:40:58 | INFO     | ss_crawler | [lens_scraper] TAMRON CHECK: 28-75mm F2.8 XR Di LD Aspherical (IF)  - brand=tamron, focal=28-75
2026-05-16 23:40:58 | INFO     | ss_crawler | [lens_scraper] TAMRON CHECK: 28-75mm F2.8 XR Di LD Aspherical (IF)  - focal=28-75, mount=EF
2026-05-16 23:40:58 | INFO     | ss_crawler | [lens_scraper] TAMRON CHECK: 35-150mm F2.8-4 Di VC OSD - brand=tamron, focal=35-150
2026-05-16 23:40:58 | INFO     | ss_crawler | [lens_scraper] TAMRON CHECK: 35-150mm F2.8-4 Di VC OSD - focal=35-150, mount=EF
2026-05-16 23:40:58 | INFO     | ss_crawler | [lens_scraper] TAMRON CHECK: 28-300mm F3.5-6.3 Di VC PZD - brand=tamron, focal=28-300
2026-05-16 23:40:58 | INFO     | ss_crawler | [lens_scraper] TAMRON CHECK: 28-300mm F3.5-6.3 Di VC PZD - focal=28-300, mount=EF
2026-05-16 23:40:58 | INFO     | ss_crawler | [lens_scraper] TAMRON CHECK: 70-200mm F2.8 Di LD (IF) Macro AF - brand=tamron, focal=70-200
2026-05-16 23:40:58 | INFO     | ss_crawler | [lens_scraper] TAMRON CHECK: 70-200mm F2.8 Di LD (IF) Macro AF - focal=70-200, mount=EF
2026-05-16 23:40:58 | INFO     | ss_crawler | [lens_scraper] TAMRON CHECK: 70-200mm F2.8 Di VC USD G2 - brand=tamron, focal=70-200
2026-05-16 23:40:58 | INFO     | ss_crawler | [lens_scraper] TAMRON CHECK: 70-200mm F2.8 Di VC USD G2 - focal=70-200, mount=EF
2026-05-16 23:40:58 | INFO     | ss_crawler | [lens_scraper] TAMRON CHECK: 70-210mm F4 Di VC USD - brand=tamron, focal=70-210
2026-05-16 23:40:58 | INFO     | ss_crawler | [lens_scraper] TAMRON CHECK: 70-210mm F4 Di VC USD - focal=70-210, mount=EF
2026-05-16 23:40:58 | INFO     | ss_crawler | [lens_scraper] TAMRON CHECK: 70-300mm F4-5.6 Di VC USD  - brand=tamron, focal=70-300
2026-05-16 23:40:58 | INFO     | ss_crawler | [lens_scraper] TAMRON CHECK: 70-300mm F4-5.6 Di VC USD  - focal=70-300, mount=EF
2026-05-16 23:40:58 | INFO     | ss_crawler | [lens_scraper] TAMRON CHECK: 100-400mm F4.5-6.3 Di VC USD - brand=tamron, focal=100-400
2026-05-16 23:40:58 | INFO     | ss_crawler | [lens_scraper] TAMRON CHECK: 100-400mm F4.5-6.3 Di VC USD - focal=100-400, mount=EF
2026-05-16 23:40:58 | INFO     | ss_crawler | [lens_scraper] TAMRON CHECK: 18-270mm F3.5-6.3 Di II VC PZD - brand=tamron, focal=18-270
2026-05-16 23:40:58 | INFO     | ss_crawler | [lens_scraper] TAMRON CHECK: 18-270mm F3.5-6.3 Di II VC PZD - focal=18-270, mount=EF-S
2026-05-16 23:40:58 | INFO     | ss_crawler | [lens_scraper] TAMRON CHECK: 150-600mm F5-6.3 Di VC USD  - brand=tamron, focal=150-600
2026-05-16 23:40:58 | INFO     | ss_crawler | [lens_scraper] TAMRON CHECK: 150-600mm F5-6.3 Di VC USD  - focal=150-600, mount=EF
2026-05-16 23:40:58 | INFO     | ss_crawler | [lens_scraper] TAMRON CHECK: 150-600mm F5-6.3 Di VC USD G2  - brand=tamron, focal=150-600
2026-05-16 23:40:58 | INFO     | ss_crawler | [lens_scraper] TAMRON CHECK: 150-600mm F5-6.3 Di VC USD G2  - focal=150-600, mount=EF
2026-05-16 23:40:58 | INFO     | ss_crawler | [lens_scraper] TAMRON CHECK: 60mm F2 Di II 1:1 Macro - brand=tamron, focal=60-None
2026-05-16 23:40:58 | INFO     | ss_crawler | [lens_scraper] TAMRON CHECK: 60mm F2 Di II 1:1 Macro - focal=60-None, mount=EF-S
2026-05-16 23:40:58 | INFO     | ss_crawler | [lens_scraper] TAMRON CHECK: 10-24mm F3.5-4.5 Di II VC HLD - brand=tamron, focal=10-24
2026-05-16 23:40:58 | INFO     | ss_crawler | [lens_scraper] TAMRON CHECK: 10-24mm F3.5-4.5 Di II VC HLD - focal=10-24, mount=EF-S
2026-05-16 23:40:58 | INFO     | ss_crawler | [lens_scraper] TAMRON CHECK: 16-300mm F3.5-6.3 Di II VC PZD MACRO - brand=tamron, focal=16-300
2026-05-16 23:40:58 | INFO     | ss_crawler | [lens_scraper] TAMRON CHECK: 16-300mm F3.5-6.3 Di II VC PZD MACRO - focal=16-300, mount=EF-S
2026-05-16 23:40:58 | INFO     | ss_crawler | [lens_scraper] TAMRON CHECK: 17-50mm F2.8 SP AF XR Di II LD Aspherical - brand=tamron, focal=17-50
2026-05-16 23:40:58 | INFO     | ss_crawler | [lens_scraper] TAMRON CHECK: 17-50mm F2.8 SP AF XR Di II LD Aspherical - focal=17-50, mount=EF-S
2026-05-16 23:40:58 | INFO     | ss_crawler | [lens_scraper] TAMRON CHECK: 17-50mm F2.8 SP AF XR Di-II VC LD - brand=tamron, focal=17-50
2026-05-16 23:40:58 | INFO     | ss_crawler | [lens_scraper] TAMRON CHECK: 17-50mm F2.8 SP AF XR Di-II VC LD - focal=17-50, mount=EF-S
2026-05-16 23:40:58 | INFO     | ss_crawler | [lens_scraper] TAMRON CHECK: 18-200mm F3.5-6.3 Di II VC  - brand=tamron, focal=18-200
2026-05-16 23:40:58 | INFO     | ss_crawler | [lens_scraper] TAMRON CHECK: 18-200mm F3.5-6.3 Di II VC  - focal=18-200, mount=EF-S
2026-05-16 23:40:58 | INFO     | ss_crawler | [lens_scraper] TAMRON CHECK: 18-400mm F3.5-6.3 Di II VC HLD - brand=tamron, focal=18-400
2026-05-16 23:40:58 | INFO     | ss_crawler | [lens_scraper] TAMRON CHECK: 18-400mm F3.5-6.3 Di II VC HLD - focal=18-400, mount=EF-S
2026-05-16 23:40:58 | INFO     | ss_crawler | [lens_scraper] TAMRON CHECK: Tamron 11-20mm F/2.8 Di III-A RXD - brand=tamron, focal=11-20
2026-05-16 23:40:58 | INFO     | ss_crawler | [lens_scraper] TAMRON CHECK: Tamron 11-20mm F/2.8 Di III-A RXD - focal=11-20, mount=E
2026-05-16 23:40:58 | INFO     | ss_crawler | [lens_scraper] TAMRON CHECK: Tamron 17-70mm F/2.8 Di III-A VC RXD - brand=tamron, focal=17-70
2026-05-16 23:40:58 | INFO     | ss_crawler | [lens_scraper] TAMRON CHECK: Tamron 17-70mm F/2.8 Di III-A VC RXD - focal=17-70, mount=E
2026-05-16 23:40:58 | INFO     | ss_crawler | [lens_scraper] TAMRON CHECK: Tamron 18-200mm F/3.5-6.3 Di III VC - brand=tamron, focal=18-200
2026-05-16 23:40:58 | INFO     | ss_crawler | [lens_scraper] TAMRON CHECK: Tamron 18-200mm F/3.5-6.3 Di III VC - focal=18-200, mount=E
2026-05-16 23:40:58 | INFO     | ss_crawler | [lens_scraper] TAMRON CHECK: Tamron 18-300mm F/3.5-6.3 Di III-A VC VXD - brand=tamron, focal=18-300
2026-05-16 23:40:58 | INFO     | ss_crawler | [lens_scraper] TAMRON CHECK: Tamron 18-300mm F/3.5-6.3 Di III-A VC VXD - focal=18-300, mount=E
2026-05-16 23:40:58 | INFO     | ss_crawler | [lens_scraper] TAMRON CHECK: Tamron 35mm F/2.8 Di III OSD M1:2 - brand=tamron, focal=35-35
2026-05-16 23:40:58 | INFO     | ss_crawler | [lens_scraper] TAMRON CHECK: Tamron 35mm F/2.8 Di III OSD M1:2 - focal=35-35, mount=E
2026-05-16 23:40:58 | INFO     | ss_crawler | [lens_scraper] TAMRON CHECK: Tamron SP 35mm F/1.4 Di USD - brand=tamron, focal=35-35
2026-05-16 23:40:58 | INFO     | ss_crawler | [lens_scraper] TAMRON CHECK: Tamron SP 35mm F/1.4 Di USD - focal=35-35, mount=E
2026-05-16 23:40:58 | INFO     | ss_crawler | [lens_scraper] TAMRON CHECK: Tamron 70-210mm F/4 Di VC USD - brand=tamron, focal=70-210
2026-05-16 23:40:58 | INFO     | ss_crawler | [lens_scraper] TAMRON CHECK: Tamron 70-210mm F/4 Di VC USD - focal=70-210, mount=E
2026-05-16 23:40:58 | INFO     | ss_crawler | [lens_scraper] TAMRON CHECK: Tamron 17-28mm F/2.8 Di III RXD - brand=tamron, focal=17-28
2026-05-16 23:40:58 | INFO     | ss_crawler | [lens_scraper] TAMRON CHECK: Tamron 17-28mm F/2.8 Di III RXD - focal=17-28, mount=E
2026-05-16 23:40:58 | INFO     | ss_crawler | [lens_scraper] TAMRON CHECK: Tamron 20-40mm F/2.8 Di III VXD - brand=tamron, focal=20-40
2026-05-16 23:40:58 | INFO     | ss_crawler | [lens_scraper] TAMRON CHECK: Tamron 20-40mm F/2.8 Di III VXD - focal=20-40, mount=E
2026-05-16 23:40:58 | INFO     | ss_crawler | [lens_scraper] TAMRON CHECK: Tamron 28-200mm F/2.8-5.6 Di III RXD - brand=tamron, focal=28-200
2026-05-16 23:40:58 | INFO     | ss_crawler | [lens_scraper] TAMRON CHECK: Tamron 28-200mm F/2.8-5.6 Di III RXD - focal=28-200, mount=E
2026-05-16 23:40:58 | INFO     | ss_crawler | [lens_scraper] TAMRON CHECK: Tamron 28-300mm F/4-7.1 Di III VC VXD - brand=tamron, focal=28-300
2026-05-16 23:40:58 | INFO     | ss_crawler | [lens_scraper] TAMRON CHECK: Tamron 28-300mm F/4-7.1 Di III VC VXD - focal=28-300, mount=E
2026-05-16 23:40:58 | INFO     | ss_crawler | [lens_scraper] TAMRON CHECK: Tamron 35-150mm F/2-2.8 Di III VXD - brand=tamron, focal=35-150
2026-05-16 23:40:58 | INFO     | ss_crawler | [lens_scraper] TAMRON CHECK: Tamron 35-150mm F/2-2.8 Di III VXD - focal=35-150, mount=E
2026-05-16 23:40:58 | INFO     | ss_crawler | [lens_scraper] TAMRON CHECK: Tamron 50-300mm F/4.5-6.3 Di III VC VXD - brand=tamron, focal=50-300
2026-05-16 23:40:58 | INFO     | ss_crawler | [lens_scraper] TAMRON CHECK: Tamron 50-300mm F/4.5-6.3 Di III VC VXD - focal=50-300, mount=E
2026-05-16 23:40:58 | INFO     | ss_crawler | [lens_scraper] TAMRON CHECK: Tamron 50-400mm F/4.5-6.3 Di III VC VXD - brand=tamron, focal=50-400
2026-05-16 23:40:58 | INFO     | ss_crawler | [lens_scraper] TAMRON CHECK: Tamron 50-400mm F/4.5-6.3 Di III VC VXD - focal=50-400, mount=E
2026-05-16 23:40:58 | INFO     | ss_crawler | [lens_scraper] TAMRON CHECK: Tamron 70-180mm F/2.8 Di III VXD - brand=tamron, focal=70-180
2026-05-16 23:40:58 | INFO     | ss_crawler | [lens_scraper] TAMRON CHECK: Tamron 70-180mm F/2.8 Di III VXD - focal=70-180, mount=E
2026-05-16 23:40:58 | INFO     | ss_crawler | [lens_scraper] TAMRON CHECK: Tamron 70-180mm F/2.8 Di III VC VXD G2 - brand=tamron, focal=70-180
2026-05-16 23:40:58 | INFO     | ss_crawler | [lens_scraper] TAMRON CHECK: Tamron 70-180mm F/2.8 Di III VC VXD G2 - focal=70-180, mount=E
2026-05-16 23:40:58 | INFO     | ss_crawler | [lens_scraper] TAMRON CHECK: Tamron 70-200mm F/2.8 Di III RXD - brand=tamron, focal=70-200
2026-05-16 23:40:58 | INFO     | ss_crawler | [lens_scraper] TAMRON CHECK: Tamron 70-200mm F/2.8 Di III RXD - focal=70-200, mount=E
2026-05-16 23:40:58 | INFO     | ss_crawler | [lens_scraper] TAMRON CHECK: Tamron 70-300mm F/4.5-6.3 Di III RXD - brand=tamron, focal=70-300
2026-05-16 23:40:58 | INFO     | ss_crawler | [lens_scraper] TAMRON CHECK: Tamron 70-300mm F/4.5-6.3 Di III RXD - focal=70-300, mount=E
2026-05-16 23:40:58 | INFO     | ss_crawler | [lens_scraper] TAMRON CHECK: Tamron 150-500mm F/5-6.7 Di III VC VXD - brand=tamron, focal=150-500
2026-05-16 23:40:58 | INFO     | ss_crawler | [lens_scraper] TAMRON CHECK: Tamron 150-500mm F/5-6.7 Di III VC VXD - focal=150-500, mount=E
2026-05-16 23:40:58 | INFO     | ss_crawler | [lens_scraper] TAMRON CHECK: Tamron 300mm F/2.8 Di III VC VXD - brand=tamron, focal=300-300
2026-05-16 23:40:58 | INFO     | ss_crawler | [lens_scraper] TAMRON CHECK: Tamron 300mm F/2.8 Di III VC VXD - focal=300-300, mount=E
2026-05-16 23:40:58 | INFO     | ss_crawler | [lens_scraper] Matched [gcmeb]: Tamron_17-35mm_F2.8-4_DI_OSD (75% confidence)
2026-05-16 23:41:14 | INFO     | ss_crawler | [crawler] Fetching : https://www.ss.com/msg/lv/electronics/photo-optics/objectives/gcmeb.html
2026-05-16 23:41:16 | INFO     | ss_crawler | [lens_scraper] Initializing Lens scraper...
2026-05-16 23:41:16 | INFO     | ss_crawler | [database] Database connected: localhost:5433/ss_market
2026-05-16 23:41:16 | INFO     | ss_crawler | [lens_scraper] Database: postgresql+psycopg2://crawler:crawler_pass@localhost:5433/ss_market
2026-05-16 23:41:16 | INFO     | ss_crawler | [lens_scraper] Loaded 481 lens references
2026-05-16 23:41:16 | INFO     | ss_crawler | [crawler] Fetching : https://www.ss.com/msg/lv/electronics/photo-optics/objectives/gcmeb.html
2026-05-16 23:41:19 | INFO     | ss_crawler | [lens_scraper] MODEL EXTRACTED: '17-28'
2026-05-16 23:41:19 | INFO     | ss_crawler | [lens_scraper] MOUNT DETECT: detected=E, text='tamron modelis: 17-28 pārdodu tamron 17-70 f2.8. priekš sony.
lietojuma pazīmes nav.
cena nedaudz ru'
2026-05-16 23:41:19 | INFO     | ss_crawler | [lens_scraper] Detected focal: 17mm-28mm (from model=True)
2026-05-16 23:41:19 | INFO     | ss_crawler | [lens_scraper] MATCH START: 481 lens references
2026-05-16 23:41:19 | INFO     | ss_crawler | [lens_scraper] FOUND 17-28 in references: {'id': 433, 'system': 'Third-Party', 'brand': 'Tamron', 'range_type': 'Full frame', 'lens_type': '', 'mount': 'E', 'lens_name': 'Tamron 17-28mm F/2.8 Di III RXD', 'focal_length_mm': 17, 'max_focal_length_mm': 28, 'max_aperture': '2.8', 'filter_mm': 67, 'min_focus_distance_cm': 19, 'diameter_mm': 73, 'length_mm': 99, 'weight_g': 420, 'has_is': False, 'has_wr': False, 'elements': None, 'blades': None, 'price_new': Decimal('799.00'), 'release_date': None, 'notes': '', 'search_keywords': ['tamron', '28', '17', '17-28', 'e', 'full frame', '2.8'], 'normalized_name': 'tamron tamron 17-28mm /2.8 di iii rxd'}
2026-05-16 23:41:19 | INFO     | ss_crawler | [lens_scraper] TAMRON CHECK: 35mm F1.4 Di USD - brand=tamron, focal=35-None
2026-05-16 23:41:19 | INFO     | ss_crawler | [lens_scraper] TAMRON CHECK: 35mm F1.4 Di USD - focal=35-None, mount=EF
2026-05-16 23:41:19 | INFO     | ss_crawler | [lens_scraper] TAMRON BEST: 35mm F1.4 Di USD score=0.45
2026-05-16 23:41:19 | INFO     | ss_crawler | [lens_scraper] TAMRON CHECK: 35mm F1.8 Di VC USD - brand=tamron, focal=35-None
2026-05-16 23:41:19 | INFO     | ss_crawler | [lens_scraper] TAMRON CHECK: 35mm F1.8 Di VC USD - focal=35-None, mount=EF
2026-05-16 23:41:19 | INFO     | ss_crawler | [lens_scraper] TAMRON CHECK: 45mm F1.8 Di VC USD - brand=tamron, focal=45-None
2026-05-16 23:41:19 | INFO     | ss_crawler | [lens_scraper] TAMRON CHECK: 45mm F1.8 Di VC USD - focal=45-None, mount=EF
2026-05-16 23:41:19 | INFO     | ss_crawler | [lens_scraper] TAMRON CHECK: 85mm F1.8 Di VC USD - brand=tamron, focal=85-None
2026-05-16 23:41:19 | INFO     | ss_crawler | [lens_scraper] TAMRON CHECK: 85mm F1.8 Di VC USD - focal=85-None, mount=EF
2026-05-16 23:41:19 | INFO     | ss_crawler | [lens_scraper] TAMRON CHECK: 90mm F2.8 Di Macro - brand=tamron, focal=90-None
2026-05-16 23:41:19 | INFO     | ss_crawler | [lens_scraper] TAMRON CHECK: 90mm F2.8 Di Macro - focal=90-None, mount=EF
2026-05-16 23:41:19 | INFO     | ss_crawler | [lens_scraper] TAMRON BEST: 90mm F2.8 Di Macro score=0.60
2026-05-16 23:41:19 | INFO     | ss_crawler | [lens_scraper] TAMRON CHECK: 90mm F2.8 Di Macro 1:1 VC USD - brand=tamron, focal=90-None
2026-05-16 23:41:19 | INFO     | ss_crawler | [lens_scraper] TAMRON CHECK: 90mm F2.8 Di Macro 1:1 VC USD - focal=90-None, mount=EF
2026-05-16 23:41:19 | INFO     | ss_crawler | [lens_scraper] TAMRON CHECK: 15-30mm F2.8 Di VC USD - brand=tamron, focal=15-30
2026-05-16 23:41:19 | INFO     | ss_crawler | [lens_scraper] TAMRON CHECK: 15-30mm F2.8 Di VC USD - focal=15-30, mount=EF
2026-05-16 23:41:19 | INFO     | ss_crawler | [lens_scraper] TAMRON CHECK: 17-35mm F2.8-4 DI OSD - brand=tamron, focal=17-35
2026-05-16 23:41:19 | INFO     | ss_crawler | [lens_scraper] TAMRON CHECK: 17-35mm F2.8-4 DI OSD - focal=17-35, mount=EF
2026-05-16 23:41:19 | INFO     | ss_crawler | [lens_scraper] TAMRON BEST: 17-35mm F2.8-4 DI OSD score=0.75
2026-05-16 23:41:19 | INFO     | ss_crawler | [lens_scraper] TAMRON CHECK: 24-70mm F2.8 Di VC USD G2 - brand=tamron, focal=24-70
2026-05-16 23:41:19 | INFO     | ss_crawler | [lens_scraper] TAMRON CHECK: 24-70mm F2.8 Di VC USD G2 - focal=24-70, mount=EF
2026-05-16 23:41:19 | INFO     | ss_crawler | [lens_scraper] TAMRON CHECK: 28-75mm F2.8 XR Di LD Aspherical (IF)  - brand=tamron, focal=28-75
2026-05-16 23:41:19 | INFO     | ss_crawler | [lens_scraper] TAMRON CHECK: 28-75mm F2.8 XR Di LD Aspherical (IF)  - focal=28-75, mount=EF
2026-05-16 23:41:19 | INFO     | ss_crawler | [lens_scraper] TAMRON CHECK: 35-150mm F2.8-4 Di VC OSD - brand=tamron, focal=35-150
2026-05-16 23:41:19 | INFO     | ss_crawler | [lens_scraper] TAMRON CHECK: 35-150mm F2.8-4 Di VC OSD - focal=35-150, mount=EF
2026-05-16 23:41:19 | INFO     | ss_crawler | [lens_scraper] TAMRON CHECK: 28-300mm F3.5-6.3 Di VC PZD - brand=tamron, focal=28-300
2026-05-16 23:41:19 | INFO     | ss_crawler | [lens_scraper] TAMRON CHECK: 28-300mm F3.5-6.3 Di VC PZD - focal=28-300, mount=EF
2026-05-16 23:41:19 | INFO     | ss_crawler | [lens_scraper] TAMRON CHECK: 70-200mm F2.8 Di LD (IF) Macro AF - brand=tamron, focal=70-200
2026-05-16 23:41:19 | INFO     | ss_crawler | [lens_scraper] TAMRON CHECK: 70-200mm F2.8 Di LD (IF) Macro AF - focal=70-200, mount=EF
2026-05-16 23:41:19 | INFO     | ss_crawler | [lens_scraper] TAMRON CHECK: 70-200mm F2.8 Di VC USD G2 - brand=tamron, focal=70-200
2026-05-16 23:41:19 | INFO     | ss_crawler | [lens_scraper] TAMRON CHECK: 70-200mm F2.8 Di VC USD G2 - focal=70-200, mount=EF
2026-05-16 23:41:19 | INFO     | ss_crawler | [lens_scraper] TAMRON CHECK: 70-210mm F4 Di VC USD - brand=tamron, focal=70-210
2026-05-16 23:41:19 | INFO     | ss_crawler | [lens_scraper] TAMRON CHECK: 70-210mm F4 Di VC USD - focal=70-210, mount=EF
2026-05-16 23:41:19 | INFO     | ss_crawler | [lens_scraper] TAMRON CHECK: 70-300mm F4-5.6 Di VC USD  - brand=tamron, focal=70-300
2026-05-16 23:41:19 | INFO     | ss_crawler | [lens_scraper] TAMRON CHECK: 70-300mm F4-5.6 Di VC USD  - focal=70-300, mount=EF
2026-05-16 23:41:19 | INFO     | ss_crawler | [lens_scraper] TAMRON CHECK: 100-400mm F4.5-6.3 Di VC USD - brand=tamron, focal=100-400
2026-05-16 23:41:19 | INFO     | ss_crawler | [lens_scraper] TAMRON CHECK: 100-400mm F4.5-6.3 Di VC USD - focal=100-400, mount=EF
2026-05-16 23:41:19 | INFO     | ss_crawler | [lens_scraper] TAMRON CHECK: 18-270mm F3.5-6.3 Di II VC PZD - brand=tamron, focal=18-270
2026-05-16 23:41:19 | INFO     | ss_crawler | [lens_scraper] TAMRON CHECK: 18-270mm F3.5-6.3 Di II VC PZD - focal=18-270, mount=EF-S
2026-05-16 23:41:19 | INFO     | ss_crawler | [lens_scraper] TAMRON CHECK: 150-600mm F5-6.3 Di VC USD  - brand=tamron, focal=150-600
2026-05-16 23:41:19 | INFO     | ss_crawler | [lens_scraper] TAMRON CHECK: 150-600mm F5-6.3 Di VC USD  - focal=150-600, mount=EF
2026-05-16 23:41:19 | INFO     | ss_crawler | [lens_scraper] TAMRON CHECK: 150-600mm F5-6.3 Di VC USD G2  - brand=tamron, focal=150-600
2026-05-16 23:41:19 | INFO     | ss_crawler | [lens_scraper] TAMRON CHECK: 150-600mm F5-6.3 Di VC USD G2  - focal=150-600, mount=EF
2026-05-16 23:41:19 | INFO     | ss_crawler | [lens_scraper] TAMRON CHECK: 60mm F2 Di II 1:1 Macro - brand=tamron, focal=60-None
2026-05-16 23:41:19 | INFO     | ss_crawler | [lens_scraper] TAMRON CHECK: 60mm F2 Di II 1:1 Macro - focal=60-None, mount=EF-S
2026-05-16 23:41:19 | INFO     | ss_crawler | [lens_scraper] TAMRON CHECK: 10-24mm F3.5-4.5 Di II VC HLD - brand=tamron, focal=10-24
2026-05-16 23:41:19 | INFO     | ss_crawler | [lens_scraper] TAMRON CHECK: 10-24mm F3.5-4.5 Di II VC HLD - focal=10-24, mount=EF-S
2026-05-16 23:41:19 | INFO     | ss_crawler | [lens_scraper] TAMRON CHECK: 16-300mm F3.5-6.3 Di II VC PZD MACRO - brand=tamron, focal=16-300
2026-05-16 23:41:19 | INFO     | ss_crawler | [lens_scraper] TAMRON CHECK: 16-300mm F3.5-6.3 Di II VC PZD MACRO - focal=16-300, mount=EF-S
2026-05-16 23:41:19 | INFO     | ss_crawler | [lens_scraper] TAMRON CHECK: 17-50mm F2.8 SP AF XR Di II LD Aspherical - brand=tamron, focal=17-50
2026-05-16 23:41:19 | INFO     | ss_crawler | [lens_scraper] TAMRON CHECK: 17-50mm F2.8 SP AF XR Di II LD Aspherical - focal=17-50, mount=EF-S
2026-05-16 23:41:19 | INFO     | ss_crawler | [lens_scraper] TAMRON CHECK: 17-50mm F2.8 SP AF XR Di-II VC LD - brand=tamron, focal=17-50
2026-05-16 23:41:19 | INFO     | ss_crawler | [lens_scraper] TAMRON CHECK: 17-50mm F2.8 SP AF XR Di-II VC LD - focal=17-50, mount=EF-S
2026-05-16 23:41:19 | INFO     | ss_crawler | [lens_scraper] TAMRON CHECK: 18-200mm F3.5-6.3 Di II VC  - brand=tamron, focal=18-200
2026-05-16 23:41:19 | INFO     | ss_crawler | [lens_scraper] TAMRON CHECK: 18-200mm F3.5-6.3 Di II VC  - focal=18-200, mount=EF-S
2026-05-16 23:41:19 | INFO     | ss_crawler | [lens_scraper] TAMRON CHECK: 18-400mm F3.5-6.3 Di II VC HLD - brand=tamron, focal=18-400
2026-05-16 23:41:19 | INFO     | ss_crawler | [lens_scraper] TAMRON CHECK: 18-400mm F3.5-6.3 Di II VC HLD - focal=18-400, mount=EF-S
2026-05-16 23:41:19 | INFO     | ss_crawler | [lens_scraper] TAMRON CHECK: Tamron 11-20mm F/2.8 Di III-A RXD - brand=tamron, focal=11-20
2026-05-16 23:41:19 | INFO     | ss_crawler | [lens_scraper] TAMRON CHECK: Tamron 11-20mm F/2.8 Di III-A RXD - focal=11-20, mount=E
2026-05-16 23:41:19 | INFO     | ss_crawler | [lens_scraper] TAMRON CHECK: Tamron 17-70mm F/2.8 Di III-A VC RXD - brand=tamron, focal=17-70
2026-05-16 23:41:19 | INFO     | ss_crawler | [lens_scraper] TAMRON CHECK: Tamron 17-70mm F/2.8 Di III-A VC RXD - focal=17-70, mount=E
2026-05-16 23:41:19 | INFO     | ss_crawler | [lens_scraper] TAMRON CHECK: Tamron 18-200mm F/3.5-6.3 Di III VC - brand=tamron, focal=18-200
2026-05-16 23:41:19 | INFO     | ss_crawler | [lens_scraper] TAMRON CHECK: Tamron 18-200mm F/3.5-6.3 Di III VC - focal=18-200, mount=E
2026-05-16 23:41:19 | INFO     | ss_crawler | [lens_scraper] TAMRON CHECK: Tamron 18-300mm F/3.5-6.3 Di III-A VC VXD - brand=tamron, focal=18-300
2026-05-16 23:41:19 | INFO     | ss_crawler | [lens_scraper] TAMRON CHECK: Tamron 18-300mm F/3.5-6.3 Di III-A VC VXD - focal=18-300, mount=E
2026-05-16 23:41:19 | INFO     | ss_crawler | [lens_scraper] TAMRON CHECK: Tamron 35mm F/2.8 Di III OSD M1:2 - brand=tamron, focal=35-35
2026-05-16 23:41:19 | INFO     | ss_crawler | [lens_scraper] TAMRON CHECK: Tamron 35mm F/2.8 Di III OSD M1:2 - focal=35-35, mount=E
2026-05-16 23:41:19 | INFO     | ss_crawler | [lens_scraper] TAMRON CHECK: Tamron SP 35mm F/1.4 Di USD - brand=tamron, focal=35-35
2026-05-16 23:41:19 | INFO     | ss_crawler | [lens_scraper] TAMRON CHECK: Tamron SP 35mm F/1.4 Di USD - focal=35-35, mount=E
2026-05-16 23:41:19 | INFO     | ss_crawler | [lens_scraper] TAMRON CHECK: Tamron 70-210mm F/4 Di VC USD - brand=tamron, focal=70-210
2026-05-16 23:41:19 | INFO     | ss_crawler | [lens_scraper] TAMRON CHECK: Tamron 70-210mm F/4 Di VC USD - focal=70-210, mount=E
2026-05-16 23:41:19 | INFO     | ss_crawler | [lens_scraper] TAMRON CHECK: Tamron 17-28mm F/2.8 Di III RXD - brand=tamron, focal=17-28
2026-05-16 23:41:19 | INFO     | ss_crawler | [lens_scraper] TAMRON CHECK: Tamron 17-28mm F/2.8 Di III RXD - focal=17-28, mount=E
2026-05-16 23:41:19 | INFO     | ss_crawler | [lens_scraper] TAMRON CHECK: Tamron 20-40mm F/2.8 Di III VXD - brand=tamron, focal=20-40
2026-05-16 23:41:19 | INFO     | ss_crawler | [lens_scraper] TAMRON CHECK: Tamron 20-40mm F/2.8 Di III VXD - focal=20-40, mount=E
2026-05-16 23:41:19 | INFO     | ss_crawler | [lens_scraper] TAMRON CHECK: Tamron 28-200mm F/2.8-5.6 Di III RXD - brand=tamron, focal=28-200
2026-05-16 23:41:19 | INFO     | ss_crawler | [lens_scraper] TAMRON CHECK: Tamron 28-200mm F/2.8-5.6 Di III RXD - focal=28-200, mount=E
2026-05-16 23:41:19 | INFO     | ss_crawler | [lens_scraper] TAMRON CHECK: Tamron 28-300mm F/4-7.1 Di III VC VXD - brand=tamron, focal=28-300
2026-05-16 23:41:19 | INFO     | ss_crawler | [lens_scraper] TAMRON CHECK: Tamron 28-300mm F/4-7.1 Di III VC VXD - focal=28-300, mount=E
2026-05-16 23:41:19 | INFO     | ss_crawler | [lens_scraper] TAMRON CHECK: Tamron 35-150mm F/2-2.8 Di III VXD - brand=tamron, focal=35-150
2026-05-16 23:41:19 | INFO     | ss_crawler | [lens_scraper] TAMRON CHECK: Tamron 35-150mm F/2-2.8 Di III VXD - focal=35-150, mount=E
2026-05-16 23:41:19 | INFO     | ss_crawler | [lens_scraper] TAMRON CHECK: Tamron 50-300mm F/4.5-6.3 Di III VC VXD - brand=tamron, focal=50-300
2026-05-16 23:41:19 | INFO     | ss_crawler | [lens_scraper] TAMRON CHECK: Tamron 50-300mm F/4.5-6.3 Di III VC VXD - focal=50-300, mount=E
2026-05-16 23:41:19 | INFO     | ss_crawler | [lens_scraper] TAMRON CHECK: Tamron 50-400mm F/4.5-6.3 Di III VC VXD - brand=tamron, focal=50-400
2026-05-16 23:41:19 | INFO     | ss_crawler | [lens_scraper] TAMRON CHECK: Tamron 50-400mm F/4.5-6.3 Di III VC VXD - focal=50-400, mount=E
2026-05-16 23:41:19 | INFO     | ss_crawler | [lens_scraper] TAMRON CHECK: Tamron 70-180mm F/2.8 Di III VXD - brand=tamron, focal=70-180
2026-05-16 23:41:19 | INFO     | ss_crawler | [lens_scraper] TAMRON CHECK: Tamron 70-180mm F/2.8 Di III VXD - focal=70-180, mount=E
2026-05-16 23:41:19 | INFO     | ss_crawler | [lens_scraper] TAMRON CHECK: Tamron 70-180mm F/2.8 Di III VC VXD G2 - brand=tamron, focal=70-180
2026-05-16 23:41:19 | INFO     | ss_crawler | [lens_scraper] TAMRON CHECK: Tamron 70-180mm F/2.8 Di III VC VXD G2 - focal=70-180, mount=E
2026-05-16 23:41:19 | INFO     | ss_crawler | [lens_scraper] TAMRON CHECK: Tamron 70-200mm F/2.8 Di III RXD - brand=tamron, focal=70-200
2026-05-16 23:41:19 | INFO     | ss_crawler | [lens_scraper] TAMRON CHECK: Tamron 70-200mm F/2.8 Di III RXD - focal=70-200, mount=E
2026-05-16 23:41:19 | INFO     | ss_crawler | [lens_scraper] TAMRON CHECK: Tamron 70-300mm F/4.5-6.3 Di III RXD - brand=tamron, focal=70-300
2026-05-16 23:41:19 | INFO     | ss_crawler | [lens_scraper] TAMRON CHECK: Tamron 70-300mm F/4.5-6.3 Di III RXD - focal=70-300, mount=E
2026-05-16 23:41:19 | INFO     | ss_crawler | [lens_scraper] TAMRON CHECK: Tamron 150-500mm F/5-6.7 Di III VC VXD - brand=tamron, focal=150-500
2026-05-16 23:41:19 | INFO     | ss_crawler | [lens_scraper] TAMRON CHECK: Tamron 150-500mm F/5-6.7 Di III VC VXD - focal=150-500, mount=E
2026-05-16 23:41:19 | INFO     | ss_crawler | [lens_scraper] TAMRON CHECK: Tamron 300mm F/2.8 Di III VC VXD - brand=tamron, focal=300-300
2026-05-16 23:41:19 | INFO     | ss_crawler | [lens_scraper] TAMRON CHECK: Tamron 300mm F/2.8 Di III VC VXD - focal=300-300, mount=E
2026-05-16 23:41:19 | INFO     | ss_crawler | [lens_scraper] Matched [gcmeb]: Tamron_17-35mm_F2.8-4_DI_OSD (75% confidence)
2026-05-16 23:41:52 | INFO     | ss_crawler | [crawler] Fetching : https://www.ss.com/msg/lv/electronics/photo-optics/objectives/gghne.html
2026-05-16 23:41:54 | INFO     | ss_crawler | [lens_scraper] Initializing Lens scraper...
2026-05-16 23:41:54 | INFO     | ss_crawler | [database] Database connected: localhost:5433/ss_market
2026-05-16 23:41:54 | INFO     | ss_crawler | [lens_scraper] Database: postgresql+psycopg2://crawler:crawler_pass@localhost:5433/ss_market
2026-05-16 23:41:54 | INFO     | ss_crawler | [lens_scraper] Loaded 481 lens references
2026-05-16 23:41:54 | INFO     | ss_crawler | [crawler] Fetching : https://www.ss.com/msg/lv/electronics/photo-optics/objectives/gghne.html
2026-05-16 23:41:57 | INFO     | ss_crawler | [lens_scraper] MODEL EXTRACTED: 'ef 50mm 1:1.4'
2026-05-16 23:41:57 | INFO     | ss_crawler | [lens_scraper] MOUNT DETECT: detected=None, text='canon modelis: ef 50mm 1:1.4 canon lens ef 50mm 1:1.4 made in japan в идеальном состоянии с фильтром'
2026-05-16 23:41:57 | INFO     | ss_crawler | [lens_scraper] Detected focal: 50mm (from model=True)
2026-05-16 23:41:57 | INFO     | ss_crawler | [lens_scraper] MATCH START: 481 lens references
2026-05-16 23:41:57 | INFO     | ss_crawler | [lens_scraper] FOUND 17-28 in references: {'id': 433, 'system': 'Third-Party', 'brand': 'Tamron', 'range_type': 'Full frame', 'lens_type': '', 'mount': 'E', 'lens_name': 'Tamron 17-28mm F/2.8 Di III RXD', 'focal_length_mm': 17, 'max_focal_length_mm': 28, 'max_aperture': '2.8', 'filter_mm': 67, 'min_focus_distance_cm': 19, 'diameter_mm': 73, 'length_mm': 99, 'weight_g': 420, 'has_is': False, 'has_wr': False, 'elements': None, 'blades': None, 'price_new': Decimal('799.00'), 'release_date': None, 'notes': '', 'search_keywords': ['tamron', '28', '17', '17-28', 'e', 'full frame', '2.8'], 'normalized_name': 'tamron tamron 17-28mm /2.8 di iii rxd'}
2026-05-16 23:41:57 | INFO     | ss_crawler | [lens_scraper] Matched [gghne]: Canon_50mm_F1.4_USM (100% confidence)
2026-05-16 23:42:09 | INFO     | ss_crawler | [crawler] Fetching : https://www.ss.com/msg/lv/electronics/photo-optics/objectives/gcmeb.html
2026-05-16 23:42:11 | INFO     | ss_crawler | [crawler] Fetching : https://www.ss.com/msg/lv/electronics/photo-optics/objectives/aebcf.html
2026-05-16 23:42:12 | INFO     | ss_crawler | [lens_scraper] Initializing Lens scraper...
2026-05-16 23:42:12 | INFO     | ss_crawler | [database] Database connected: localhost:5433/ss_market
2026-05-16 23:42:12 | INFO     | ss_crawler | [lens_scraper] Database: postgresql+psycopg2://crawler:crawler_pass@localhost:5433/ss_market
2026-05-16 23:42:12 | INFO     | ss_crawler | [lens_scraper] Loaded 481 lens references
2026-05-16 23:42:12 | INFO     | ss_crawler | [crawler] Fetching : https://www.ss.com/msg/lv/electronics/photo-optics/objectives/gcmeb.html
2026-05-16 23:42:14 | INFO     | ss_crawler | [lens_scraper] Initializing Lens scraper...
2026-05-16 23:42:14 | INFO     | ss_crawler | [database] Database connected: localhost:5433/ss_market
2026-05-16 23:42:14 | INFO     | ss_crawler | [lens_scraper] Database: postgresql+psycopg2://crawler:crawler_pass@localhost:5433/ss_market
2026-05-16 23:42:14 | INFO     | ss_crawler | [lens_scraper] Loaded 481 lens references
2026-05-16 23:42:14 | INFO     | ss_crawler | [crawler] Fetching : https://www.ss.com/msg/lv/electronics/photo-optics/objectives/aebcf.html
2026-05-16 23:42:14 | INFO     | ss_crawler | [lens_scraper] MODEL EXTRACTED: '17-28'
2026-05-16 23:42:14 | INFO     | ss_crawler | [lens_scraper] MOUNT DETECT: detected=E, text='tamron modelis: 17-28 pārdodu tamron 17-70 f2.8. priekš sony.
lietojuma pazīmes nav.
cena nedaudz ru'
2026-05-16 23:42:14 | INFO     | ss_crawler | [lens_scraper] Detected focal: 17mm-28mm (from model=True)
2026-05-16 23:42:14 | INFO     | ss_crawler | [lens_scraper] MATCH START: 481 lens references
2026-05-16 23:42:14 | INFO     | ss_crawler | [lens_scraper] FOUND 17-28 in references: {'id': 433, 'system': 'Third-Party', 'brand': 'Tamron', 'range_type': 'Full frame', 'lens_type': '', 'mount': 'E', 'lens_name': 'Tamron 17-28mm F/2.8 Di III RXD', 'focal_length_mm': 17, 'max_focal_length_mm': 28, 'max_aperture': '2.8', 'filter_mm': 67, 'min_focus_distance_cm': 19, 'diameter_mm': 73, 'length_mm': 99, 'weight_g': 420, 'has_is': False, 'has_wr': False, 'elements': None, 'blades': None, 'price_new': Decimal('799.00'), 'release_date': None, 'notes': '', 'search_keywords': ['tamron', '28', '17', '17-28', 'e', 'full frame', '2.8'], 'normalized_name': 'tamron tamron 17-28mm /2.8 di iii rxd'}
2026-05-16 23:42:14 | INFO     | ss_crawler | [lens_scraper] TAMRON CHECK: 35mm F1.4 Di USD - focal=35-None, mount=EF
2026-05-16 23:42:14 | INFO     | ss_crawler | [lens_scraper] TAMRON BEST: 35mm F1.4 Di USD score=0.45
2026-05-16 23:42:14 | INFO     | ss_crawler | [lens_scraper] TAMRON CHECK: 35mm F1.8 Di VC USD - focal=35-None, mount=EF
2026-05-16 23:42:14 | INFO     | ss_crawler | [lens_scraper] TAMRON CHECK: 45mm F1.8 Di VC USD - focal=45-None, mount=EF
2026-05-16 23:42:14 | INFO     | ss_crawler | [lens_scraper] TAMRON CHECK: 85mm F1.8 Di VC USD - focal=85-None, mount=EF
2026-05-16 23:42:14 | INFO     | ss_crawler | [lens_scraper] TAMRON CHECK: 90mm F2.8 Di Macro - focal=90-None, mount=EF
2026-05-16 23:42:14 | INFO     | ss_crawler | [lens_scraper] TAMRON BEST: 90mm F2.8 Di Macro score=0.60
2026-05-16 23:42:14 | INFO     | ss_crawler | [lens_scraper] TAMRON CHECK: 90mm F2.8 Di Macro 1:1 VC USD - focal=90-None, mount=EF
2026-05-16 23:42:14 | INFO     | ss_crawler | [lens_scraper] TAMRON CHECK: 15-30mm F2.8 Di VC USD - focal=15-30, mount=EF
2026-05-16 23:42:14 | INFO     | ss_crawler | [lens_scraper] TAMRON CHECK: 17-35mm F2.8-4 DI OSD - focal=17-35, mount=EF
2026-05-16 23:42:14 | INFO     | ss_crawler | [lens_scraper] TAMRON BEST: 17-35mm F2.8-4 DI OSD score=0.75
2026-05-16 23:42:14 | INFO     | ss_crawler | [lens_scraper] TAMRON CHECK: 24-70mm F2.8 Di VC USD G2 - focal=24-70, mount=EF
2026-05-16 23:42:14 | INFO     | ss_crawler | [lens_scraper] TAMRON CHECK: 28-75mm F2.8 XR Di LD Aspherical (IF)  - focal=28-75, mount=EF
2026-05-16 23:42:14 | INFO     | ss_crawler | [lens_scraper] TAMRON CHECK: 35-150mm F2.8-4 Di VC OSD - focal=35-150, mount=EF
2026-05-16 23:42:14 | INFO     | ss_crawler | [lens_scraper] TAMRON CHECK: 28-300mm F3.5-6.3 Di VC PZD - focal=28-300, mount=EF
2026-05-16 23:42:14 | INFO     | ss_crawler | [lens_scraper] TAMRON CHECK: 70-200mm F2.8 Di LD (IF) Macro AF - focal=70-200, mount=EF
2026-05-16 23:42:14 | INFO     | ss_crawler | [lens_scraper] TAMRON CHECK: 70-200mm F2.8 Di VC USD G2 - focal=70-200, mount=EF
2026-05-16 23:42:14 | INFO     | ss_crawler | [lens_scraper] TAMRON CHECK: 70-210mm F4 Di VC USD - focal=70-210, mount=EF
2026-05-16 23:42:14 | INFO     | ss_crawler | [lens_scraper] TAMRON CHECK: 70-300mm F4-5.6 Di VC USD  - focal=70-300, mount=EF
2026-05-16 23:42:14 | INFO     | ss_crawler | [lens_scraper] TAMRON CHECK: 100-400mm F4.5-6.3 Di VC USD - focal=100-400, mount=EF
2026-05-16 23:42:14 | INFO     | ss_crawler | [lens_scraper] TAMRON CHECK: 18-270mm F3.5-6.3 Di II VC PZD - focal=18-270, mount=EF-S
2026-05-16 23:42:14 | INFO     | ss_crawler | [lens_scraper] TAMRON CHECK: 150-600mm F5-6.3 Di VC USD  - focal=150-600, mount=EF
2026-05-16 23:42:14 | INFO     | ss_crawler | [lens_scraper] TAMRON CHECK: 150-600mm F5-6.3 Di VC USD G2  - focal=150-600, mount=EF
2026-05-16 23:42:14 | INFO     | ss_crawler | [lens_scraper] TAMRON CHECK: 60mm F2 Di II 1:1 Macro - focal=60-None, mount=EF-S
2026-05-16 23:42:14 | INFO     | ss_crawler | [lens_scraper] TAMRON CHECK: 10-24mm F3.5-4.5 Di II VC HLD - focal=10-24, mount=EF-S
2026-05-16 23:42:14 | INFO     | ss_crawler | [lens_scraper] TAMRON CHECK: 16-300mm F3.5-6.3 Di II VC PZD MACRO - focal=16-300, mount=EF-S
2026-05-16 23:42:14 | INFO     | ss_crawler | [lens_scraper] TAMRON CHECK: 17-50mm F2.8 SP AF XR Di II LD Aspherical - focal=17-50, mount=EF-S
2026-05-16 23:42:14 | INFO     | ss_crawler | [lens_scraper] TAMRON CHECK: 17-50mm F2.8 SP AF XR Di-II VC LD - focal=17-50, mount=EF-S
2026-05-16 23:42:14 | INFO     | ss_crawler | [lens_scraper] TAMRON CHECK: 18-200mm F3.5-6.3 Di II VC  - focal=18-200, mount=EF-S
2026-05-16 23:42:14 | INFO     | ss_crawler | [lens_scraper] TAMRON CHECK: 18-400mm F3.5-6.3 Di II VC HLD - focal=18-400, mount=EF-S
2026-05-16 23:42:14 | INFO     | ss_crawler | [lens_scraper] TAMRON CHECK: Tamron 11-20mm F/2.8 Di III-A RXD - focal=11-20, mount=E
2026-05-16 23:42:14 | INFO     | ss_crawler | [lens_scraper] TAMRON CHECK: Tamron 17-70mm F/2.8 Di III-A VC RXD - focal=17-70, mount=E
2026-05-16 23:42:14 | INFO     | ss_crawler | [lens_scraper] TAMRON CHECK: Tamron 18-200mm F/3.5-6.3 Di III VC - focal=18-200, mount=E
2026-05-16 23:42:14 | INFO     | ss_crawler | [lens_scraper] TAMRON CHECK: Tamron 18-300mm F/3.5-6.3 Di III-A VC VXD - focal=18-300, mount=E
2026-05-16 23:42:14 | INFO     | ss_crawler | [lens_scraper] TAMRON CHECK: Tamron 35mm F/2.8 Di III OSD M1:2 - focal=35-35, mount=E
2026-05-16 23:42:14 | INFO     | ss_crawler | [lens_scraper] TAMRON CHECK: Tamron SP 35mm F/1.4 Di USD - focal=35-35, mount=E
2026-05-16 23:42:14 | INFO     | ss_crawler | [lens_scraper] TAMRON CHECK: Tamron 70-210mm F/4 Di VC USD - focal=70-210, mount=E
2026-05-16 23:42:14 | INFO     | ss_crawler | [lens_scraper] FOUND 17-28 in loop: brand=tamron, focal=17-28, detected_focal=17
2026-05-16 23:42:14 | INFO     | ss_crawler | [lens_scraper] TAMRON CHECK: Tamron 17-28mm F/2.8 Di III RXD - focal=17-28, mount=E
2026-05-16 23:42:14 | INFO     | ss_crawler | [lens_scraper] TAMRON CHECK: Tamron 20-40mm F/2.8 Di III VXD - focal=20-40, mount=E
2026-05-16 23:42:14 | INFO     | ss_crawler | [lens_scraper] TAMRON CHECK: Tamron 28-200mm F/2.8-5.6 Di III RXD - focal=28-200, mount=E
2026-05-16 23:42:14 | INFO     | ss_crawler | [lens_scraper] TAMRON CHECK: Tamron 28-300mm F/4-7.1 Di III VC VXD - focal=28-300, mount=E
2026-05-16 23:42:14 | INFO     | ss_crawler | [lens_scraper] TAMRON CHECK: Tamron 35-150mm F/2-2.8 Di III VXD - focal=35-150, mount=E
2026-05-16 23:42:14 | INFO     | ss_crawler | [lens_scraper] TAMRON CHECK: Tamron 50-300mm F/4.5-6.3 Di III VC VXD - focal=50-300, mount=E
2026-05-16 23:42:14 | INFO     | ss_crawler | [lens_scraper] TAMRON CHECK: Tamron 50-400mm F/4.5-6.3 Di III VC VXD - focal=50-400, mount=E
2026-05-16 23:42:14 | INFO     | ss_crawler | [lens_scraper] TAMRON CHECK: Tamron 70-180mm F/2.8 Di III VXD - focal=70-180, mount=E
2026-05-16 23:42:14 | INFO     | ss_crawler | [lens_scraper] TAMRON CHECK: Tamron 70-180mm F/2.8 Di III VC VXD G2 - focal=70-180, mount=E
2026-05-16 23:42:14 | INFO     | ss_crawler | [lens_scraper] TAMRON CHECK: Tamron 70-200mm F/2.8 Di III RXD - focal=70-200, mount=E
2026-05-16 23:42:14 | INFO     | ss_crawler | [lens_scraper] TAMRON CHECK: Tamron 70-300mm F/4.5-6.3 Di III RXD - focal=70-300, mount=E
2026-05-16 23:42:14 | INFO     | ss_crawler | [lens_scraper] TAMRON CHECK: Tamron 150-500mm F/5-6.7 Di III VC VXD - focal=150-500, mount=E
2026-05-16 23:42:14 | INFO     | ss_crawler | [lens_scraper] TAMRON CHECK: Tamron 300mm F/2.8 Di III VC VXD - focal=300-300, mount=E
2026-05-16 23:42:14 | INFO     | ss_crawler | [lens_scraper] Matched [gcmeb]: Tamron_17-35mm_F2.8-4_DI_OSD (75% confidence)
2026-05-16 23:42:16 | INFO     | ss_crawler | [lens_scraper] MODEL EXTRACTED: '24-105 f4'
2026-05-16 23:42:16 | INFO     | ss_crawler | [lens_scraper] MOUNT DETECT: detected=EF, text='canon modelis: 24-105 f4 pārdodu lietotu canon ef 24-105mm f4. droši zvaniet, rakstiet jebkurā brīdī'
2026-05-16 23:42:16 | INFO     | ss_crawler | [lens_scraper] Detected focal: 24mm-105mm (from model=True)
2026-05-16 23:42:16 | INFO     | ss_crawler | [lens_scraper] MATCH START: 481 lens references
2026-05-16 23:42:16 | INFO     | ss_crawler | [lens_scraper] FOUND 17-28 in references: {'id': 433, 'system': 'Third-Party', 'brand': 'Tamron', 'range_type': 'Full frame', 'lens_type': '', 'mount': 'E', 'lens_name': 'Tamron 17-28mm F/2.8 Di III RXD', 'focal_length_mm': 17, 'max_focal_length_mm': 28, 'max_aperture': '2.8', 'filter_mm': 67, 'min_focus_distance_cm': 19, 'diameter_mm': 73, 'length_mm': 99, 'weight_g': 420, 'has_is': False, 'has_wr': False, 'elements': None, 'blades': None, 'price_new': Decimal('799.00'), 'release_date': None, 'notes': '', 'search_keywords': ['tamron', '28', '17', '17-28', 'e', 'full frame', '2.8'], 'normalized_name': 'tamron tamron 17-28mm /2.8 di iii rxd'}
2026-05-16 23:42:16 | INFO     | ss_crawler | [lens_scraper] FOUND 17-28 in loop: brand=tamron, focal=17-28, detected_focal=24
2026-05-16 23:42:16 | INFO     | ss_crawler | [lens_scraper] Matched [aebcf]: Canon_24-105mm_F4L_IS_USM (100% confidence)
2026-05-16 23:44:17 | INFO     | ss_crawler | [crawler] Fetching : https://www.ss.com/msg/lv/electronics/photo-optics/objectives/gcmeb.html
2026-05-16 23:44:19 | INFO     | ss_crawler | [lens_scraper] Initializing Lens scraper...
2026-05-16 23:44:19 | INFO     | ss_crawler | [database] Database connected: localhost:5433/ss_market
2026-05-16 23:44:19 | INFO     | ss_crawler | [lens_scraper] Database: postgresql+psycopg2://crawler:crawler_pass@localhost:5433/ss_market
2026-05-16 23:44:19 | INFO     | ss_crawler | [lens_scraper] Loaded 481 lens references
2026-05-16 23:44:19 | INFO     | ss_crawler | [crawler] Fetching : https://www.ss.com/msg/lv/electronics/photo-optics/objectives/gcmeb.html
2026-05-16 23:44:22 | INFO     | ss_crawler | [lens_scraper] MODEL EXTRACTED: '17-28'
2026-05-16 23:44:22 | INFO     | ss_crawler | [lens_scraper] MOUNT DETECT: detected=E, text='tamron modelis: 17-28 pārdodu tamron 17-70 f2.8. priekš sony.
lietojuma pazīmes nav.
cena nedaudz ru'
2026-05-16 23:44:22 | INFO     | ss_crawler | [lens_scraper] Detected focal: 17mm-28mm (from model=True)
2026-05-16 23:44:22 | INFO     | ss_crawler | [lens_scraper] FOUND 17-28 in references: brand=Tamron, focal=17-28
2026-05-16 23:44:22 | INFO     | ss_crawler | [lens_scraper] CHECKING 17-28: brand=tamron, focal=17-28, detected_focal=17-28
2026-05-16 23:44:22 | INFO     | ss_crawler | [lens_scraper] 17-28 EXACT FOCAL MATCH!
2026-05-16 23:44:22 | INFO     | ss_crawler | [lens_scraper] 17-28 AFTER FOCAL: score=0.75
2026-05-16 23:44:22 | INFO     | ss_crawler | [lens_scraper] 17-28 FINAL SCORE: 0.65
2026-05-16 23:44:22 | INFO     | ss_crawler | [lens_scraper] Matched [gcmeb]: Tamron_17-35mm_F2.8-4_DI_OSD (75% confidence)
2026-05-16 23:44:36 | INFO     | ss_crawler | [crawler] Fetching : https://www.ss.com/msg/lv/electronics/photo-optics/objectives/gcmeb.html
2026-05-16 23:44:39 | INFO     | ss_crawler | [lens_scraper] Initializing Lens scraper...
2026-05-16 23:44:39 | INFO     | ss_crawler | [database] Database connected: localhost:5433/ss_market
2026-05-16 23:44:39 | INFO     | ss_crawler | [lens_scraper] Database: postgresql+psycopg2://crawler:crawler_pass@localhost:5433/ss_market
2026-05-16 23:44:39 | INFO     | ss_crawler | [lens_scraper] Loaded 481 lens references
2026-05-16 23:44:39 | INFO     | ss_crawler | [crawler] Fetching : https://www.ss.com/msg/lv/electronics/photo-optics/objectives/gcmeb.html
2026-05-16 23:44:43 | INFO     | ss_crawler | [lens_scraper] MODEL EXTRACTED: '17-28'
2026-05-16 23:44:43 | INFO     | ss_crawler | [lens_scraper] MOUNT DETECT: detected=E, text='tamron modelis: 17-28 pārdodu tamron 17-70 f2.8. priekš sony.
lietojuma pazīmes nav.
cena nedaudz ru'
2026-05-16 23:44:43 | INFO     | ss_crawler | [lens_scraper] Detected focal: 17mm-28mm (from model=True)
2026-05-16 23:44:43 | INFO     | ss_crawler | [lens_scraper] FOUND 17-28 in references: brand=Tamron, focal=17-28
2026-05-16 23:44:43 | INFO     | ss_crawler | [lens_scraper] CHECKING 17-28: brand=tamron, focal=17-28 (types: int-int), detected_focal=17-28 (types: int-int)
2026-05-16 23:44:43 | INFO     | ss_crawler | [lens_scraper] 17-28 EXACT FOCAL MATCH!
2026-05-16 23:44:43 | INFO     | ss_crawler | [lens_scraper] 17-28 AFTER FOCAL: score=0.75
2026-05-16 23:44:43 | INFO     | ss_crawler | [lens_scraper] 17-28 FINAL SCORE: 0.65
2026-05-16 23:44:43 | INFO     | ss_crawler | [lens_scraper] Matched [gcmeb]: Tamron_17-35mm_F2.8-4_DI_OSD (75% confidence)
2026-05-16 23:44:57 | INFO     | ss_crawler | [crawler] Fetching : https://www.ss.com/msg/lv/electronics/photo-optics/objectives/gcmeb.html
2026-05-16 23:44:59 | INFO     | ss_crawler | [lens_scraper] Initializing Lens scraper...
2026-05-16 23:44:59 | INFO     | ss_crawler | [database] Database connected: localhost:5433/ss_market
2026-05-16 23:44:59 | INFO     | ss_crawler | [lens_scraper] Database: postgresql+psycopg2://crawler:crawler_pass@localhost:5433/ss_market
2026-05-16 23:44:59 | INFO     | ss_crawler | [lens_scraper] Loaded 481 lens references
2026-05-16 23:44:59 | INFO     | ss_crawler | [crawler] Fetching : https://www.ss.com/msg/lv/electronics/photo-optics/objectives/gcmeb.html
2026-05-16 23:45:02 | INFO     | ss_crawler | [lens_scraper] MODEL EXTRACTED: '17-28'
2026-05-16 23:45:02 | INFO     | ss_crawler | [lens_scraper] MOUNT DETECT: detected=E, text='tamron modelis: 17-28 pārdodu tamron 17-70 f2.8. priekš sony.
lietojuma pazīmes nav.
cena nedaudz ru'
2026-05-16 23:45:02 | INFO     | ss_crawler | [lens_scraper] Detected focal: 17mm-28mm (from model=True)
2026-05-16 23:45:02 | INFO     | ss_crawler | [lens_scraper] FOUND 17-28 in references: brand=Tamron, focal=17-28
2026-05-16 23:45:02 | INFO     | ss_crawler | [lens_scraper] CHECKING 17-28: brand=tamron, focal=17-28 (types: int-int), detected_focal=17-28 (types: int-int)
2026-05-16 23:45:02 | INFO     | ss_crawler | [lens_scraper] 17-28 FOCAL CHECK: 17==17 and 28==28 = True
2026-05-16 23:45:02 | INFO     | ss_crawler | [lens_scraper] 17-28 EXACT FOCAL MATCH!
2026-05-16 23:45:02 | INFO     | ss_crawler | [lens_scraper] 17-28 AFTER FOCAL: score=0.75
2026-05-16 23:45:02 | INFO     | ss_crawler | [lens_scraper] 17-28 FINAL SCORE: 0.65
2026-05-16 23:45:02 | INFO     | ss_crawler | [lens_scraper] Matched [gcmeb]: Tamron_17-35mm_F2.8-4_DI_OSD (75% confidence)
2026-05-16 23:45:29 | INFO     | ss_crawler | [crawler] Fetching : https://www.ss.com/msg/lv/electronics/photo-optics/objectives/gcmeb.html
2026-05-16 23:45:32 | INFO     | ss_crawler | [lens_scraper] Initializing Lens scraper...
2026-05-16 23:45:32 | INFO     | ss_crawler | [database] Database connected: localhost:5433/ss_market
2026-05-16 23:45:32 | INFO     | ss_crawler | [lens_scraper] Database: postgresql+psycopg2://crawler:crawler_pass@localhost:5433/ss_market
2026-05-16 23:45:32 | INFO     | ss_crawler | [lens_scraper] Loaded 481 lens references
2026-05-16 23:45:32 | INFO     | ss_crawler | [crawler] Fetching : https://www.ss.com/msg/lv/electronics/photo-optics/objectives/gcmeb.html
2026-05-16 23:45:35 | INFO     | ss_crawler | [lens_scraper] MODEL EXTRACTED: '17-28'
2026-05-16 23:45:35 | INFO     | ss_crawler | [lens_scraper] MOUNT DETECT: detected=E, text='tamron modelis: 17-28 pārdodu tamron 17-70 f2.8. priekš sony.
lietojuma pazīmes nav.
cena nedaudz ru'
2026-05-16 23:45:35 | INFO     | ss_crawler | [lens_scraper] Detected focal: 17mm-28mm (from model=True)
2026-05-16 23:45:35 | INFO     | ss_crawler | [lens_scraper] FOUND 17-28 in references: brand=Tamron, focal=17-28
2026-05-16 23:45:35 | INFO     | ss_crawler | [lens_scraper] 17-35mm F2.8-4 DI OS... FINAL SCORE: 0.75 (best=0.60)
2026-05-16 23:45:35 | INFO     | ss_crawler | [lens_scraper] 17-35mm F4 Pro FX... FINAL SCORE: 0.20 (best=0.75)
2026-05-16 23:45:35 | INFO     | ss_crawler | [lens_scraper] CHECKING 17-28: brand=tamron, focal=17-28 (types: int-int), detected_focal=17-28 (types: int-int)
2026-05-16 23:45:35 | INFO     | ss_crawler | [lens_scraper] 17-28 FOCAL CHECK: 17==17 and 28==28 = True
2026-05-16 23:45:35 | INFO     | ss_crawler | [lens_scraper] 17-28 EXACT FOCAL MATCH!
2026-05-16 23:45:35 | INFO     | ss_crawler | [lens_scraper] 17-28 AFTER FOCAL: score=0.75
2026-05-16 23:45:35 | INFO     | ss_crawler | [lens_scraper] Tamron 17-28mm F/2.8... FINAL SCORE: 0.65 (best=0.75)
2026-05-16 23:45:35 | INFO     | ss_crawler | [lens_scraper] Matched [gcmeb]: Tamron_17-35mm_F2.8-4_DI_OSD (75% confidence)
2026-05-16 23:46:20 | INFO     | ss_crawler | [crawler] Fetching : https://www.ss.com/msg/lv/electronics/photo-optics/objectives/gcmeb.html
2026-05-16 23:46:23 | INFO     | ss_crawler | [lens_scraper] Initializing Lens scraper...
2026-05-16 23:46:23 | INFO     | ss_crawler | [database] Database connected: localhost:5433/ss_market
2026-05-16 23:46:23 | INFO     | ss_crawler | [lens_scraper] Database: postgresql+psycopg2://crawler:crawler_pass@localhost:5433/ss_market
2026-05-16 23:46:23 | INFO     | ss_crawler | [lens_scraper] Loaded 481 lens references
2026-05-16 23:46:23 | INFO     | ss_crawler | [crawler] Fetching : https://www.ss.com/msg/lv/electronics/photo-optics/objectives/gcmeb.html
2026-05-16 23:46:27 | INFO     | ss_crawler | [lens_scraper] MODEL EXTRACTED: '17-28'
2026-05-16 23:46:27 | INFO     | ss_crawler | [lens_scraper] MOUNT DETECT: detected=E, text='tamron modelis: 17-28 pārdodu tamron 17-70 f2.8. priekš sony.
lietojuma pazīmes nav.
cena nedaudz ru'
2026-05-16 23:46:27 | INFO     | ss_crawler | [lens_scraper] Detected focal: 17mm-28mm (from model=True)
2026-05-16 23:46:27 | INFO     | ss_crawler | [lens_scraper] FOUND 17-28 in references: brand=Tamron, focal=17-28
2026-05-16 23:46:27 | INFO     | ss_crawler | [lens_scraper] MOUNT CHECK for 17-35mm F2.8-4 DI OS: mount=EF, detected=E
2026-05-16 23:46:27 | INFO     | ss_crawler | [lens_scraper] 17-35mm F2.8-4 DI OS... FINAL SCORE: 0.75 (best=0.60)
2026-05-16 23:46:27 | INFO     | ss_crawler | [lens_scraper] MOUNT CHECK for 17-35mm F4 Pro FX: mount=EF, detected=E
2026-05-16 23:46:27 | INFO     | ss_crawler | [lens_scraper] 17-35mm F4 Pro FX... FINAL SCORE: 0.20 (best=0.75)
2026-05-16 23:46:27 | INFO     | ss_crawler | [lens_scraper] CHECKING 17-28: brand=tamron, focal=17-28 (types: int-int), detected_focal=17-28 (types: int-int)
2026-05-16 23:46:27 | INFO     | ss_crawler | [lens_scraper] 17-28 FOCAL CHECK: 17==17 and 28==28 = True
2026-05-16 23:46:27 | INFO     | ss_crawler | [lens_scraper] 17-28 EXACT FOCAL MATCH!
2026-05-16 23:46:27 | INFO     | ss_crawler | [lens_scraper] 17-28 AFTER FOCAL: score=0.75
2026-05-16 23:46:27 | INFO     | ss_crawler | [lens_scraper] MOUNT CHECK for Tamron 17-28mm F/2.8: mount=E, detected=E
2026-05-16 23:46:27 | INFO     | ss_crawler | [lens_scraper] Tamron 17-28mm F/2.8... FINAL SCORE: 0.65 (best=0.75)
2026-05-16 23:46:27 | INFO     | ss_crawler | [lens_scraper] Matched [gcmeb]: Tamron_17-35mm_F2.8-4_DI_OSD (75% confidence)
2026-05-16 23:46:43 | INFO     | ss_crawler | [crawler] Fetching : https://www.ss.com/msg/lv/electronics/photo-optics/objectives/gcmeb.html
2026-05-16 23:46:47 | INFO     | ss_crawler | [lens_scraper] Initializing Lens scraper...
2026-05-16 23:46:47 | INFO     | ss_crawler | [database] Database connected: localhost:5433/ss_market
2026-05-16 23:46:47 | INFO     | ss_crawler | [lens_scraper] Database: postgresql+psycopg2://crawler:crawler_pass@localhost:5433/ss_market
2026-05-16 23:46:47 | INFO     | ss_crawler | [lens_scraper] Loaded 481 lens references
2026-05-16 23:46:47 | INFO     | ss_crawler | [crawler] Fetching : https://www.ss.com/msg/lv/electronics/photo-optics/objectives/gcmeb.html
2026-05-16 23:46:50 | INFO     | ss_crawler | [lens_scraper] MODEL EXTRACTED: '17-28'
2026-05-16 23:46:50 | INFO     | ss_crawler | [lens_scraper] MOUNT DETECT: detected=E, text='tamron modelis: 17-28 pārdodu tamron 17-70 f2.8. priekš sony.
lietojuma pazīmes nav.
cena nedaudz ru'
2026-05-16 23:46:50 | INFO     | ss_crawler | [lens_scraper] Detected focal: 17mm-28mm (from model=True)
2026-05-16 23:46:50 | INFO     | ss_crawler | [lens_scraper] FOUND 17-28 in references: brand=Tamron, focal=17-28
2026-05-16 23:46:50 | INFO     | ss_crawler | [lens_scraper] MOUNT CHECK for 17-35mm F2.8-4 DI OS: mount=EF, detected=E
2026-05-16 23:46:50 | INFO     | ss_crawler | [lens_scraper] 17-35mm F2.8-4 DI OS... brand=tamron+0.4 focal=exact+0.35 mount=EFvsE gen1=+0.15 = 0.75 (best=0.60)
2026-05-16 23:46:50 | INFO     | ss_crawler | [lens_scraper] MOUNT CHECK for 17-35mm F4 Pro FX: mount=EF, detected=E
2026-05-16 23:46:50 | INFO     | ss_crawler | [lens_scraper] 17-35mm F4 Pro FX... brand=tokina+0.4 focal=exact+0.35 mount=EFvsE gen1=+0.15 = 0.20 (best=0.75)
2026-05-16 23:46:50 | INFO     | ss_crawler | [lens_scraper] CHECKING 17-28: brand=tamron, focal=17-28 (types: int-int), detected_focal=17-28 (types: int-int)
2026-05-16 23:46:50 | INFO     | ss_crawler | [lens_scraper] 17-28 FOCAL CHECK: 17==17 and 28==28 = True
2026-05-16 23:46:50 | INFO     | ss_crawler | [lens_scraper] 17-28 EXACT FOCAL MATCH!
2026-05-16 23:46:50 | INFO     | ss_crawler | [lens_scraper] 17-28 AFTER FOCAL: score=0.75
2026-05-16 23:46:50 | INFO     | ss_crawler | [lens_scraper] MOUNT CHECK for Tamron 17-28mm F/2.8: mount=E, detected=E
2026-05-16 23:46:50 | INFO     | ss_crawler | [lens_scraper] Tamron 17-28mm F/2.8... brand=tamron+0.4 focal=exact+0.35 mount=EvsE gen1=+0.15 = 0.65 (best=0.75)
2026-05-16 23:46:50 | INFO     | ss_crawler | [lens_scraper] Matched [gcmeb]: Tamron_17-35mm_F2.8-4_DI_OSD (75% confidence)
2026-05-16 23:47:35 | INFO     | ss_crawler | [crawler] Fetching : https://www.ss.com/msg/lv/electronics/photo-optics/objectives/gcmeb.html
2026-05-16 23:47:38 | INFO     | ss_crawler | [lens_scraper] Initializing Lens scraper...
2026-05-16 23:47:38 | INFO     | ss_crawler | [database] Database connected: localhost:5433/ss_market
2026-05-16 23:47:38 | INFO     | ss_crawler | [lens_scraper] Database: postgresql+psycopg2://crawler:crawler_pass@localhost:5433/ss_market
2026-05-16 23:47:38 | INFO     | ss_crawler | [lens_scraper] Loaded 481 lens references
2026-05-16 23:47:38 | INFO     | ss_crawler | [crawler] Fetching : https://www.ss.com/msg/lv/electronics/photo-optics/objectives/gcmeb.html
2026-05-16 23:47:40 | INFO     | ss_crawler | [lens_scraper] MODEL EXTRACTED: '17-28'
2026-05-16 23:47:40 | INFO     | ss_crawler | [lens_scraper] MOUNT DETECT: detected=E, text='tamron modelis: 17-28 pārdodu tamron 17-70 f2.8. priekš sony.
lietojuma pazīmes nav.
cena nedaudz ru'
2026-05-16 23:47:40 | INFO     | ss_crawler | [lens_scraper] Detected focal: 17mm-28mm (from model=True)
2026-05-16 23:47:40 | INFO     | ss_crawler | [lens_scraper] FOUND 17-28 in references: brand=Tamron, focal=17-28
2026-05-16 23:47:40 | INFO     | ss_crawler | [lens_scraper] MOUNT CHECK for 17-35mm F2.8-4 DI OS: mount=EF, detected=E
2026-05-16 23:47:40 | INFO     | ss_crawler | [lens_scraper] 17-35mm F2.8-4 DI OS... brand=tamron+0.4 focal=exact+0.35 mount=EFvsE gen1=+0.15 = 0.75 (best=0.60)
2026-05-16 23:47:40 | INFO     | ss_crawler | [lens_scraper] MOUNT CHECK for 17-35mm F4 Pro FX: mount=EF, detected=E
2026-05-16 23:47:40 | INFO     | ss_crawler | [lens_scraper] 17-35mm F4 Pro FX... brand=tokina+0.4 focal=exact+0.35 mount=EFvsE gen1=+0.15 = 0.20 (best=0.75)
2026-05-16 23:47:40 | INFO     | ss_crawler | [lens_scraper] CHECKING 17-28: brand=tamron, focal=17-28 (types: int-int), detected_focal=17-28 (types: int-int)
2026-05-16 23:47:40 | INFO     | ss_crawler | [lens_scraper] 17-28 AFTER BRAND: 0.40
2026-05-16 23:47:40 | INFO     | ss_crawler | [lens_scraper] 17-28 FOCAL CHECK: 17==17 and 28==28 = True
2026-05-16 23:47:40 | INFO     | ss_crawler | [lens_scraper] 17-28 EXACT FOCAL MATCH!
2026-05-16 23:47:40 | INFO     | ss_crawler | [lens_scraper] 17-28 AFTER FOCAL: score=0.75
2026-05-16 23:47:40 | INFO     | ss_crawler | [lens_scraper] 17-28 AFTER APERTURE: score=0.90
2026-05-16 23:47:40 | INFO     | ss_crawler | [lens_scraper] 17-28 AFTER GEN2: score=1.05 (is_gen2=False, mentions=False)
2026-05-16 23:47:40 | INFO     | ss_crawler | [lens_scraper] MOUNT CHECK for Tamron 17-28mm F/2.8: mount=E, detected=E
2026-05-16 23:47:40 | INFO     | ss_crawler | [lens_scraper] Tamron 17-28mm F/2.8... brand=tamron+0.4 focal=exact+0.35 mount=EvsE gen1=+0.15 = 0.65 (best=0.75)
2026-05-16 23:47:40 | INFO     | ss_crawler | [lens_scraper] Matched [gcmeb]: Tamron_17-35mm_F2.8-4_DI_OSD (75% confidence)
2026-05-16 23:48:05 | INFO     | ss_crawler | [crawler] Fetching : https://www.ss.com/msg/lv/electronics/photo-optics/objectives/gcmeb.html
2026-05-16 23:48:08 | INFO     | ss_crawler | [lens_scraper] Initializing Lens scraper...
2026-05-16 23:48:08 | INFO     | ss_crawler | [database] Database connected: localhost:5433/ss_market
2026-05-16 23:48:08 | INFO     | ss_crawler | [lens_scraper] Database: postgresql+psycopg2://crawler:crawler_pass@localhost:5433/ss_market
2026-05-16 23:48:08 | INFO     | ss_crawler | [lens_scraper] Loaded 481 lens references
2026-05-16 23:48:08 | INFO     | ss_crawler | [crawler] Fetching : https://www.ss.com/msg/lv/electronics/photo-optics/objectives/gcmeb.html
2026-05-16 23:48:11 | INFO     | ss_crawler | [lens_scraper] MODEL EXTRACTED: '17-28'
2026-05-16 23:48:11 | INFO     | ss_crawler | [lens_scraper] MOUNT DETECT: detected=E, text='tamron modelis: 17-28 pārdodu tamron 17-70 f2.8. priekš sony.
lietojuma pazīmes nav.
cena nedaudz ru'
2026-05-16 23:48:11 | INFO     | ss_crawler | [lens_scraper] Detected focal: 17mm-28mm (from model=True)
2026-05-16 23:48:11 | INFO     | ss_crawler | [lens_scraper] FOUND 17-28 in references: brand=Tamron, focal=17-28
2026-05-16 23:48:11 | INFO     | ss_crawler | [lens_scraper] MOUNT CHECK for 17-35mm F2.8-4 DI OS: mount=EF, detected=E
2026-05-16 23:48:11 | INFO     | ss_crawler | [lens_scraper] 17-35mm F2.8-4 DI OS... brand=tamron+0.4 focal=exact+0.35 mount=EFvsE gen1=+0.15 = 0.75 (best=0.60)
2026-05-16 23:48:11 | INFO     | ss_crawler | [lens_scraper] NEW BEST: 17-35mm F2.8-4 DI OSD with score=0.75 (old best=0.60)
2026-05-16 23:48:11 | INFO     | ss_crawler | [lens_scraper] MOUNT CHECK for 17-35mm F4 Pro FX: mount=EF, detected=E
2026-05-16 23:48:11 | INFO     | ss_crawler | [lens_scraper] 17-35mm F4 Pro FX... brand=tokina+0.4 focal=exact+0.35 mount=EFvsE gen1=+0.15 = 0.20 (best=0.75)
2026-05-16 23:48:11 | INFO     | ss_crawler | [lens_scraper] CHECKING 17-28: brand=tamron, focal=17-28 (types: int-int), detected_focal=17-28 (types: int-int)
2026-05-16 23:48:11 | INFO     | ss_crawler | [lens_scraper] 17-28 AFTER BRAND: 0.40
2026-05-16 23:48:11 | INFO     | ss_crawler | [lens_scraper] 17-28 FOCAL CHECK: 17==17 and 28==28 = True
2026-05-16 23:48:11 | INFO     | ss_crawler | [lens_scraper] 17-28 EXACT FOCAL MATCH!
2026-05-16 23:48:11 | INFO     | ss_crawler | [lens_scraper] 17-28 AFTER FOCAL: score=0.75
2026-05-16 23:48:11 | INFO     | ss_crawler | [lens_scraper] 17-28 AFTER APERTURE: score=0.90
2026-05-16 23:48:11 | INFO     | ss_crawler | [lens_scraper] 17-28 AFTER GEN2: score=1.05 (is_gen2=False, mentions=False)
2026-05-16 23:48:11 | INFO     | ss_crawler | [lens_scraper] MOUNT CHECK for Tamron 17-28mm F/2.8: mount=E, detected=E
2026-05-16 23:48:11 | INFO     | ss_crawler | [lens_scraper] Tamron 17-28mm F/2.8... brand=tamron+0.4 focal=exact+0.35 mount=EvsE gen1=+0.15 = 0.65 (best=0.75)
2026-05-16 23:48:11 | INFO     | ss_crawler | [lens_scraper] Matched [gcmeb]: Tamron_17-35mm_F2.8-4_DI_OSD (75% confidence)
2026-05-16 23:48:22 | INFO     | ss_crawler | [database] Database connected: localhost:5433/ss_market
2026-05-16 23:50:42 | INFO     | ss_crawler | [crawler] Fetching : https://www.ss.com/msg/lv/electronics/photo-optics/objectives/gcmeb.html
2026-05-16 23:50:46 | INFO     | ss_crawler | [lens_scraper] Initializing Lens scraper...
2026-05-16 23:50:46 | INFO     | ss_crawler | [database] Database connected: localhost:5433/ss_market
2026-05-16 23:50:46 | INFO     | ss_crawler | [lens_scraper] Database: postgresql+psycopg2://crawler:crawler_pass@localhost:5433/ss_market
2026-05-16 23:50:46 | INFO     | ss_crawler | [lens_scraper] Loaded 481 lens references
2026-05-16 23:50:46 | INFO     | ss_crawler | [crawler] Fetching : https://www.ss.com/msg/lv/electronics/photo-optics/objectives/gcmeb.html
2026-05-16 23:50:49 | INFO     | ss_crawler | [lens_scraper] MODEL EXTRACTED: '17-28'
2026-05-16 23:50:49 | INFO     | ss_crawler | [lens_scraper] MOUNT DETECT: detected=E, text='tamron modelis: 17-28 pārdodu tamron 17-70 f2.8. priekš sony.
lietojuma pazīmes nav.
cena nedaudz ru'
2026-05-16 23:50:49 | INFO     | ss_crawler | [lens_scraper] Detected focal: 17mm-28mm (from model=True)
2026-05-16 23:50:49 | INFO     | ss_crawler | [lens_scraper] Matched [gcmeb]: Tamron_17-35mm_F2.8-4_DI_OSD (75% confidence)
2026-05-16 23:51:08 | INFO     | ss_crawler | [crawler] Fetching : https://www.ss.com/msg/lv/electronics/photo-optics/objectives/gcmeb.html
2026-05-16 23:51:10 | INFO     | ss_crawler | [lens_scraper] Initializing Lens scraper...
2026-05-16 23:51:10 | INFO     | ss_crawler | [database] Database connected: localhost:5433/ss_market
2026-05-16 23:51:10 | INFO     | ss_crawler | [lens_scraper] Database: postgresql+psycopg2://crawler:crawler_pass@localhost:5433/ss_market
2026-05-16 23:51:10 | INFO     | ss_crawler | [lens_scraper] Loaded 481 lens references
2026-05-16 23:51:10 | INFO     | ss_crawler | [crawler] Fetching : https://www.ss.com/msg/lv/electronics/photo-optics/objectives/gcmeb.html
2026-05-16 23:51:13 | INFO     | ss_crawler | [lens_scraper] MODEL EXTRACTED: '17-28'
2026-05-16 23:51:13 | INFO     | ss_crawler | [lens_scraper] MOUNT DETECT: detected=E, text='tamron modelis: 17-28 pārdodu tamron 17-70 f2.8. priekš sony.
lietojuma pazīmes nav.
cena nedaudz ru'
2026-05-16 23:51:13 | INFO     | ss_crawler | [lens_scraper] Detected focal: 17mm-28mm (from model=True)
2026-05-16 23:51:13 | INFO     | ss_crawler | [lens_scraper] SCORE: 17-35mm F2.8-4 DI OSD... brand=True focal=(17,35)vs(17,28) score=0.75
2026-05-16 23:51:13 | INFO     | ss_crawler | [lens_scraper] NEW BEST: 17-35mm F2.8-4 DI OSD score=0.75 (was 0.60)
2026-05-16 23:51:13 | INFO     | ss_crawler | [lens_scraper] SCORE: 17-35mm F4 Pro FX... brand=False focal=(17,35)vs(17,28) score=0.20
2026-05-16 23:51:13 | INFO     | ss_crawler | [lens_scraper] SCORE: Tamron 17-28mm F/2.8 D... brand=True focal=(17,28)vs(17,28) score=0.65
2026-05-16 23:51:13 | INFO     | ss_crawler | [lens_scraper] Matched [gcmeb]: Tamron_17-35mm_F2.8-4_DI_OSD (75% confidence)
2026-05-16 23:51:34 | INFO     | ss_crawler | [crawler] Fetching : https://www.ss.com/msg/lv/electronics/photo-optics/objectives/gcmeb.html
2026-05-16 23:51:36 | INFO     | ss_crawler | [lens_scraper] Initializing Lens scraper...
2026-05-16 23:51:36 | INFO     | ss_crawler | [database] Database connected: localhost:5433/ss_market
2026-05-16 23:51:36 | INFO     | ss_crawler | [lens_scraper] Database: postgresql+psycopg2://crawler:crawler_pass@localhost:5433/ss_market
2026-05-16 23:51:36 | INFO     | ss_crawler | [lens_scraper] Loaded 481 lens references
2026-05-16 23:51:36 | INFO     | ss_crawler | [crawler] Fetching : https://www.ss.com/msg/lv/electronics/photo-optics/objectives/gcmeb.html
2026-05-16 23:51:40 | INFO     | ss_crawler | [lens_scraper] MODEL EXTRACTED: '17-28'
2026-05-16 23:51:40 | INFO     | ss_crawler | [lens_scraper] MOUNT DETECT: detected=E, text='tamron modelis: 17-28 pārdodu tamron 17-70 f2.8. priekš sony.
lietojuma pazīmes nav.
cena nedaudz ru'
2026-05-16 23:51:40 | INFO     | ss_crawler | [lens_scraper] Detected focal: 17mm-28mm (from model=True)
2026-05-16 23:51:40 | INFO     | ss_crawler | [lens_scraper] FOCAL: 17-35mm F2.8-4 DI OS... lens=(17,35) detected=(17,28) score=0.15
2026-05-16 23:51:40 | INFO     | ss_crawler | [lens_scraper] SCORE: 17-35mm F2.8-4 DI OSD... brand=True focal=(17,35)vs(17,28) score=0.75
2026-05-16 23:51:40 | INFO     | ss_crawler | [lens_scraper] NEW BEST: 17-35mm F2.8-4 DI OSD score=0.75 (was 0.60)
2026-05-16 23:51:40 | INFO     | ss_crawler | [lens_scraper] FOCAL: 17-35mm F4 Pro FX... lens=(17,35) detected=(17,28) score=0.15
2026-05-16 23:51:40 | INFO     | ss_crawler | [lens_scraper] SCORE: 17-35mm F4 Pro FX... brand=False focal=(17,35)vs(17,28) score=0.20
2026-05-16 23:51:40 | INFO     | ss_crawler | [lens_scraper] FOCAL: Tamron 17-28mm F/2.8... lens=(17,28) detected=(17,28) score=0.35
2026-05-16 23:51:40 | INFO     | ss_crawler | [lens_scraper] SCORE: Tamron 17-28mm F/2.8 D... brand=True focal=(17,28)vs(17,28) score=0.65
2026-05-16 23:51:40 | INFO     | ss_crawler | [lens_scraper] Matched [gcmeb]: Tamron_Tamron_70-210mm_F_4_Di_VC_USD (90% confidence)
2026-05-16 23:52:01 | INFO     | ss_crawler | [crawler] Fetching : https://www.ss.com/msg/lv/electronics/photo-optics/objectives/gcmeb.html
2026-05-16 23:52:03 | INFO     | ss_crawler | [lens_scraper] Initializing Lens scraper...
2026-05-16 23:52:03 | INFO     | ss_crawler | [database] Database connected: localhost:5433/ss_market
2026-05-16 23:52:03 | INFO     | ss_crawler | [lens_scraper] Database: postgresql+psycopg2://crawler:crawler_pass@localhost:5433/ss_market
2026-05-16 23:52:03 | INFO     | ss_crawler | [lens_scraper] Loaded 481 lens references
2026-05-16 23:52:03 | INFO     | ss_crawler | [crawler] Fetching : https://www.ss.com/msg/lv/electronics/photo-optics/objectives/gcmeb.html
2026-05-16 23:52:07 | INFO     | ss_crawler | [lens_scraper] MODEL EXTRACTED: '17-28'
2026-05-16 23:52:07 | INFO     | ss_crawler | [lens_scraper] MOUNT DETECT: detected=E, text='tamron modelis: 17-28 pārdodu tamron 17-70 f2.8. priekš sony.
lietojuma pazīmes nav.
cena nedaudz ru'
2026-05-16 23:52:07 | INFO     | ss_crawler | [lens_scraper] Detected focal: 17mm-28mm (from model=True)
2026-05-16 23:52:07 | INFO     | ss_crawler | [lens_scraper] FOCAL: 17-35mm F2.8-4 DI OS... lens=(17,35) detected=(17,28) score=0.15
2026-05-16 23:52:07 | INFO     | ss_crawler | [lens_scraper] SCORE: 17-35mm F2.8-4 DI OSD... brand=True focal=(17,35)vs(17,28) score=0.75
2026-05-16 23:52:07 | INFO     | ss_crawler | [lens_scraper] NEW BEST: 17-35mm F2.8-4 DI OSD score=0.75 (was 0.60)
2026-05-16 23:52:07 | INFO     | ss_crawler | [lens_scraper] FOCAL: 17-35mm F4 Pro FX... lens=(17,35) detected=(17,28) score=0.15
2026-05-16 23:52:07 | INFO     | ss_crawler | [lens_scraper] SCORE: 17-35mm F4 Pro FX... brand=False focal=(17,35)vs(17,28) score=0.20
2026-05-16 23:52:07 | INFO     | ss_crawler | [lens_scraper] FOCAL: Tamron 17-28mm F/2.8... lens=(17,28) detected=(17,28) score=0.35
2026-05-16 23:52:07 | INFO     | ss_crawler | [lens_scraper] SCORE: Tamron 17-28mm F/2.8 D... brand=True focal=(17,28)vs(17,28) score=0.65
2026-05-16 23:52:07 | INFO     | ss_crawler | [lens_scraper] Matched [gcmeb]: Tamron_Tamron_70-210mm_F_4_Di_VC_USD (90% confidence)
2026-05-16 23:52:28 | INFO     | ss_crawler | [crawler] Fetching : https://www.ss.com/msg/lv/electronics/photo-optics/objectives/gcmeb.html
2026-05-16 23:52:30 | INFO     | ss_crawler | [lens_scraper] Initializing Lens scraper...
2026-05-16 23:52:30 | INFO     | ss_crawler | [database] Database connected: localhost:5433/ss_market
2026-05-16 23:52:30 | INFO     | ss_crawler | [lens_scraper] Database: postgresql+psycopg2://crawler:crawler_pass@localhost:5433/ss_market
2026-05-16 23:52:30 | INFO     | ss_crawler | [lens_scraper] Loaded 481 lens references
2026-05-16 23:52:30 | INFO     | ss_crawler | [crawler] Fetching : https://www.ss.com/msg/lv/electronics/photo-optics/objectives/gcmeb.html
2026-05-16 23:52:32 | INFO     | ss_crawler | [lens_scraper] MODEL EXTRACTED: '17-28'
2026-05-16 23:52:32 | INFO     | ss_crawler | [lens_scraper] MOUNT DETECT: detected=E, text='tamron modelis: 17-28 pārdodu tamron 17-70 f2.8. priekš sony.
lietojuma pazīmes nav.
cena nedaudz ru'
2026-05-16 23:52:32 | INFO     | ss_crawler | [lens_scraper] Detected focal: 17mm-28mm (from model=True)
2026-05-16 23:52:32 | INFO     | ss_crawler | [lens_scraper]   -> brand_score=0.40, total=0.40
2026-05-16 23:52:32 | INFO     | ss_crawler | [lens_scraper] FOCAL: 17-35mm F2.8-4 DI OS... lens=(17,35) detected=(17,28) score=0.15
2026-05-16 23:52:32 | INFO     | ss_crawler | [lens_scraper] SCORE: 17-35mm F2.8-4 DI OSD... brand=True focal=(17,35)vs(17,28) score=0.75
2026-05-16 23:52:32 | INFO     | ss_crawler | [lens_scraper] NEW BEST: 17-35mm F2.8-4 DI OSD score=0.75 (was 0.60)
2026-05-16 23:52:32 | INFO     | ss_crawler | [lens_scraper]   -> brand_score=0.00, total=0.00
2026-05-16 23:52:32 | INFO     | ss_crawler | [lens_scraper] FOCAL: 17-35mm F4 Pro FX... lens=(17,35) detected=(17,28) score=0.15
2026-05-16 23:52:32 | INFO     | ss_crawler | [lens_scraper] SCORE: 17-35mm F4 Pro FX... brand=False focal=(17,35)vs(17,28) score=0.20
2026-05-16 23:52:32 | INFO     | ss_crawler | [lens_scraper]   -> brand_score=0.40, total=0.40
2026-05-16 23:52:32 | INFO     | ss_crawler | [lens_scraper] FOCAL: Tamron 17-28mm F/2.8... lens=(17,28) detected=(17,28) score=0.35
2026-05-16 23:52:32 | INFO     | ss_crawler | [lens_scraper] SCORE: Tamron 17-28mm F/2.8 D... brand=True focal=(17,28)vs(17,28) score=0.65
2026-05-16 23:52:32 | INFO     | ss_crawler | [lens_scraper] Matched [gcmeb]: Tamron_Tamron_70-210mm_F_4_Di_VC_USD (90% confidence)
2026-05-16 23:52:53 | INFO     | ss_crawler | [crawler] Fetching : https://www.ss.com/msg/lv/electronics/photo-optics/objectives/gcmeb.html
2026-05-16 23:52:57 | INFO     | ss_crawler | [lens_scraper] Initializing Lens scraper...
2026-05-16 23:52:57 | INFO     | ss_crawler | [database] Database connected: localhost:5433/ss_market
2026-05-16 23:52:57 | INFO     | ss_crawler | [lens_scraper] Database: postgresql+psycopg2://crawler:crawler_pass@localhost:5433/ss_market
2026-05-16 23:52:57 | INFO     | ss_crawler | [lens_scraper] Loaded 481 lens references
2026-05-16 23:52:57 | INFO     | ss_crawler | [crawler] Fetching : https://www.ss.com/msg/lv/electronics/photo-optics/objectives/gcmeb.html
2026-05-16 23:53:00 | INFO     | ss_crawler | [lens_scraper] MODEL EXTRACTED: '17-28'
2026-05-16 23:53:00 | INFO     | ss_crawler | [lens_scraper] MOUNT DETECT: detected=E, text='tamron modelis: 17-28 pārdodu tamron 17-70 f2.8. priekš sony.
lietojuma pazīmes nav.
cena nedaudz ru'
2026-05-16 23:53:00 | INFO     | ss_crawler | [lens_scraper] Detected focal: 17mm-28mm (from model=True)
2026-05-16 23:53:00 | INFO     | ss_crawler | [lens_scraper]   -> brand_score=0.40, total=0.40
2026-05-16 23:53:00 | INFO     | ss_crawler | [lens_scraper] FOCAL: 17-35mm F2.8-4 DI OS... lens=(17,35) detected=(17,28) score=0.15
2026-05-16 23:53:00 | INFO     | ss_crawler | [lens_scraper] SCORE: 17-35mm F2.8-4 DI OSD... brand=True focal=(17,35)vs(17,28) score=0.75
2026-05-16 23:53:00 | INFO     | ss_crawler | [lens_scraper] NEW BEST: 17-35mm F2.8-4 DI OSD score=0.75 (was 0.60)
2026-05-16 23:53:00 | INFO     | ss_crawler | [lens_scraper]   -> brand_score=0.00, total=0.00
2026-05-16 23:53:00 | INFO     | ss_crawler | [lens_scraper] FOCAL: 17-35mm F4 Pro FX... lens=(17,35) detected=(17,28) score=0.15
2026-05-16 23:53:00 | INFO     | ss_crawler | [lens_scraper] SCORE: 17-35mm F4 Pro FX... brand=False focal=(17,35)vs(17,28) score=0.20
2026-05-16 23:53:00 | INFO     | ss_crawler | [lens_scraper]   -> brand_score=0.40, total=0.40
2026-05-16 23:53:00 | INFO     | ss_crawler | [lens_scraper] FOCAL: Tamron 17-28mm F/2.8... lens=(17,28) detected=(17,28) score=0.35
2026-05-16 23:53:00 | INFO     | ss_crawler | [lens_scraper] SCORE: Tamron 17-28mm F/2.8 D... brand=True focal=(17,28)vs(17,28) score=0.65
2026-05-16 23:53:00 | INFO     | ss_crawler | [lens_scraper]   DETAIL: mount=E vs detected=E
2026-05-16 23:53:00 | INFO     | ss_crawler | [lens_scraper] Matched [gcmeb]: Tamron_Tamron_70-210mm_F_4_Di_VC_USD (90% confidence)
2026-05-16 23:53:21 | INFO     | ss_crawler | [crawler] Fetching : https://www.ss.com/msg/lv/electronics/photo-optics/objectives/gcmeb.html
2026-05-16 23:53:23 | INFO     | ss_crawler | [lens_scraper] Initializing Lens scraper...
2026-05-16 23:53:23 | INFO     | ss_crawler | [database] Database connected: localhost:5433/ss_market
2026-05-16 23:53:23 | INFO     | ss_crawler | [lens_scraper] Database: postgresql+psycopg2://crawler:crawler_pass@localhost:5433/ss_market
2026-05-16 23:53:23 | INFO     | ss_crawler | [lens_scraper] Loaded 481 lens references
2026-05-16 23:53:23 | INFO     | ss_crawler | [crawler] Fetching : https://www.ss.com/msg/lv/electronics/photo-optics/objectives/gcmeb.html
2026-05-16 23:53:25 | INFO     | ss_crawler | [lens_scraper] MODEL EXTRACTED: '17-28'
2026-05-16 23:53:25 | INFO     | ss_crawler | [lens_scraper] MOUNT DETECT: detected=E, text='tamron modelis: 17-28 pārdodu tamron 17-70 f2.8. priekš sony.
lietojuma pazīmes nav.
cena nedaudz ru'
2026-05-16 23:53:25 | INFO     | ss_crawler | [lens_scraper] Detected focal: 17mm-28mm (from model=True)
2026-05-16 23:53:25 | INFO     | ss_crawler | [lens_scraper]   -> brand_score=0.40, total=0.40
2026-05-16 23:53:25 | INFO     | ss_crawler | [lens_scraper] FOCAL: 17-35mm F2.8-4 DI OS... lens=(17,35) detected=(17,28) score=0.15
2026-05-16 23:53:25 | INFO     | ss_crawler | [lens_scraper] SCORE: 17-35mm F2.8-4 DI OSD... brand=True focal=(17,35)vs(17,28) score=0.75
2026-05-16 23:53:25 | INFO     | ss_crawler | [lens_scraper] NEW BEST: 17-35mm F2.8-4 DI OSD score=0.75 (was 0.60)
2026-05-16 23:53:25 | INFO     | ss_crawler | [lens_scraper]   -> brand_score=0.00, total=0.00
2026-05-16 23:53:25 | INFO     | ss_crawler | [lens_scraper] FOCAL: 17-35mm F4 Pro FX... lens=(17,35) detected=(17,28) score=0.15
2026-05-16 23:53:25 | INFO     | ss_crawler | [lens_scraper] SCORE: 17-35mm F4 Pro FX... brand=False focal=(17,35)vs(17,28) score=0.20
2026-05-16 23:53:25 | INFO     | ss_crawler | [lens_scraper]   -> brand_score=0.40, total=0.40
2026-05-16 23:53:25 | INFO     | ss_crawler | [lens_scraper] FOCAL: Tamron 17-28mm F/2.8... lens=(17,28) detected=(17,28) score=0.35
2026-05-16 23:53:25 | INFO     | ss_crawler | [lens_scraper] SCORE: Tamron 17-28mm F/2.8 D... brand=True focal=(17,28)vs(17,28) score=0.65
2026-05-16 23:53:25 | INFO     | ss_crawler | [lens_scraper]   DETAIL: mount=E vs detected=E
2026-05-16 23:53:25 | INFO     | ss_crawler | [lens_scraper] BEST MATCH: Tamron 70-210mm F/4 Di VC USD score=0.90
2026-05-16 23:53:25 | INFO     | ss_crawler | [lens_scraper] Matched [gcmeb]: Tamron_Tamron_70-210mm_F_4_Di_VC_USD (90% confidence)
2026-05-16 23:54:10 | INFO     | ss_crawler | [crawler] Fetching : https://www.ss.com/msg/lv/electronics/photo-optics/objectives/gcmeb.html
2026-05-16 23:54:14 | INFO     | ss_crawler | [lens_scraper] Initializing Lens scraper...
2026-05-16 23:54:14 | INFO     | ss_crawler | [database] Database connected: localhost:5433/ss_market
2026-05-16 23:54:14 | INFO     | ss_crawler | [lens_scraper] Database: postgresql+psycopg2://crawler:crawler_pass@localhost:5433/ss_market
2026-05-16 23:54:14 | INFO     | ss_crawler | [lens_scraper] Loaded 481 lens references
2026-05-16 23:54:14 | INFO     | ss_crawler | [crawler] Fetching : https://www.ss.com/msg/lv/electronics/photo-optics/objectives/gcmeb.html
2026-05-16 23:54:17 | INFO     | ss_crawler | [lens_scraper] MODEL EXTRACTED: '17-28'
2026-05-16 23:54:17 | INFO     | ss_crawler | [lens_scraper] MOUNT DETECT: detected=E, text='tamron modelis: 17-28 pārdodu tamron 17-70 f2.8. priekš sony.
lietojuma pazīmes nav.
cena nedaudz ru'
2026-05-16 23:54:17 | INFO     | ss_crawler | [lens_scraper] Detected focal: 17mm-28mm (from model=True)
2026-05-16 23:54:17 | INFO     | ss_crawler | [lens_scraper]   -> brand_score=0.40, total=0.40
2026-05-16 23:54:17 | INFO     | ss_crawler | [lens_scraper] FOCAL: 17-35mm F2.8-4 DI OS... lens=(17,35) detected=(17,28) score=0.15
2026-05-16 23:54:17 | INFO     | ss_crawler | [lens_scraper] SCORE: 17-35mm F2.8-4 DI OSD... score=0.75
2026-05-16 23:54:17 | INFO     | ss_crawler | [lens_scraper] NEW BEST: 17-35mm F2.8-4 DI OSD score=0.75 (was 0.60)
2026-05-16 23:54:17 | INFO     | ss_crawler | [lens_scraper]   -> brand_score=0.00, total=0.00
2026-05-16 23:54:17 | INFO     | ss_crawler | [lens_scraper] FOCAL: 17-35mm F4 Pro FX... lens=(17,35) detected=(17,28) score=0.15
2026-05-16 23:54:17 | INFO     | ss_crawler | [lens_scraper] SCORE: 17-50mm F2.8 SP AF XR Di II LD... score=0.30
2026-05-16 23:54:17 | INFO     | ss_crawler | [lens_scraper] SCORE: 17-50mm F2.8 SP AF XR Di-II VC... score=0.30
2026-05-16 23:54:17 | INFO     | ss_crawler | [lens_scraper] SCORE: Tamron 17-70mm F/2.8 Di III-A ... score=0.65
2026-05-16 23:54:17 | INFO     | ss_crawler | [lens_scraper]   -> brand_score=0.40, total=0.40
2026-05-16 23:54:17 | INFO     | ss_crawler | [lens_scraper] FOCAL: Tamron 17-28mm F/2.8... lens=(17,28) detected=(17,28) score=0.35
2026-05-16 23:54:17 | INFO     | ss_crawler | [lens_scraper] SCORE: Tamron 17-28mm F/2.8 Di III RX... score=0.65
2026-05-16 23:54:17 | INFO     | ss_crawler | [lens_scraper] BEST MATCH: Tamron 70-210mm F/4 Di VC USD score=0.90
2026-05-16 23:54:17 | INFO     | ss_crawler | [lens_scraper] Matched [gcmeb]: Tamron_Tamron_70-210mm_F_4_Di_VC_USD (90% confidence)
2026-05-16 23:54:30 | INFO     | ss_crawler | [crawler] Fetching : https://www.ss.com/msg/lv/electronics/photo-optics/objectives/gcmeb.html
2026-05-16 23:54:32 | INFO     | ss_crawler | [lens_scraper] Initializing Lens scraper...
2026-05-16 23:54:32 | INFO     | ss_crawler | [database] Database connected: localhost:5433/ss_market
2026-05-16 23:54:32 | INFO     | ss_crawler | [lens_scraper] Database: postgresql+psycopg2://crawler:crawler_pass@localhost:5433/ss_market
2026-05-16 23:54:32 | INFO     | ss_crawler | [lens_scraper] Loaded 481 lens references
2026-05-16 23:54:32 | INFO     | ss_crawler | [crawler] Fetching : https://www.ss.com/msg/lv/electronics/photo-optics/objectives/gcmeb.html
2026-05-16 23:54:36 | INFO     | ss_crawler | [lens_scraper] MODEL EXTRACTED: '17-28'
2026-05-16 23:54:36 | INFO     | ss_crawler | [lens_scraper] MOUNT DETECT: detected=E, text='tamron modelis: 17-28 pārdodu tamron 17-70 f2.8. priekš sony.
lietojuma pazīmes nav.
cena nedaudz ru'
2026-05-16 23:54:36 | INFO     | ss_crawler | [lens_scraper] Detected focal: 17mm-28mm (from model=True)
2026-05-16 23:54:36 | INFO     | ss_crawler | [lens_scraper]   -> brand_score=0.40, total=0.40
2026-05-16 23:54:36 | INFO     | ss_crawler | [lens_scraper] FOCAL: 17-35mm F2.8-4 DI OS... lens=(17,35) detected=(17,28) score=0.15
2026-05-16 23:54:36 | INFO     | ss_crawler | [lens_scraper] SCORE: 17-35mm F2.8-4 DI OSD... (17-35) score=0.75
2026-05-16 23:54:36 | INFO     | ss_crawler | [lens_scraper] NEW BEST: 17-35mm F2.8-4 DI OSD score=0.75 (was 0.60)
2026-05-16 23:54:36 | INFO     | ss_crawler | [lens_scraper]   -> brand_score=0.00, total=0.00
2026-05-16 23:54:36 | INFO     | ss_crawler | [lens_scraper] FOCAL: 17-35mm F4 Pro FX... lens=(17,35) detected=(17,28) score=0.15
2026-05-16 23:54:36 | INFO     | ss_crawler | [lens_scraper] SCORE: 24-70mm F2.8 Di VC USD G2... (24-70) score=0.60
2026-05-16 23:54:36 | INFO     | ss_crawler | [lens_scraper] SCORE: 70-200mm F2.8 Di LD (IF) Macro AF... (70-200) score=0.80
2026-05-16 23:54:36 | INFO     | ss_crawler | [lens_scraper] SCORE: 70-200mm F2.8 Di VC USD G2... (70-200) score=0.80
2026-05-16 23:54:36 | INFO     | ss_crawler | [lens_scraper] SCORE: 70-210mm F4 Di VC USD... (70-210) score=0.65
2026-05-16 23:54:36 | INFO     | ss_crawler | [lens_scraper] SCORE: 70-300mm F4-5.6 Di VC USD ... (70-300) score=0.65
2026-05-16 23:54:36 | INFO     | ss_crawler | [lens_scraper] SCORE: 17-50mm F2.8 SP AF XR Di II LD Asph... (17-50) score=0.30
2026-05-16 23:54:36 | INFO     | ss_crawler | [lens_scraper] SCORE: 17-50mm F2.8 SP AF XR Di-II VC LD... (17-50) score=0.30
2026-05-16 23:54:36 | INFO     | ss_crawler | [lens_scraper] SCORE: Tamron 17-70mm F/2.8 Di III-A VC RX... (17-70) score=0.65
2026-05-16 23:54:36 | INFO     | ss_crawler | [lens_scraper] SCORE: Tamron 70-210mm F/4 Di VC USD... (70-210) score=0.90
2026-05-16 23:54:36 | INFO     | ss_crawler | [lens_scraper]   -> brand_score=0.40, total=0.40
2026-05-16 23:54:36 | INFO     | ss_crawler | [lens_scraper] FOCAL: Tamron 17-28mm F/2.8... lens=(17,28) detected=(17,28) score=0.35
2026-05-16 23:54:36 | INFO     | ss_crawler | [lens_scraper] SCORE: Tamron 17-28mm F/2.8 Di III RXD... (17-28) score=0.65
2026-05-16 23:54:36 | INFO     | ss_crawler | [lens_scraper] SCORE: Tamron 70-180mm F/2.8 Di III VXD... (70-180) score=0.50
2026-05-16 23:54:36 | INFO     | ss_crawler | [lens_scraper] SCORE: Tamron 70-180mm F/2.8 Di III VC VXD... (70-180) score=0.50
2026-05-16 23:54:36 | INFO     | ss_crawler | [lens_scraper] SCORE: Tamron 70-200mm F/2.8 Di III RXD... (70-200) score=0.50
2026-05-16 23:54:36 | INFO     | ss_crawler | [lens_scraper] SCORE: Tamron 70-300mm F/4.5-6.3 Di III RX... (70-300) score=0.35
2026-05-16 23:54:36 | INFO     | ss_crawler | [lens_scraper] BEST MATCH: Tamron 70-210mm F/4 Di VC USD score=0.90
2026-05-16 23:54:36 | INFO     | ss_crawler | [lens_scraper] Matched [gcmeb]: Tamron_Tamron_70-210mm_F_4_Di_VC_USD (90% confidence)
2026-05-16 23:56:59 | INFO     | ss_crawler | [crawler] Fetching : https://www.ss.com/msg/lv/electronics/photo-optics/objectives/gcmeb.html
2026-05-16 23:57:01 | INFO     | ss_crawler | [lens_scraper] Initializing Lens scraper...
2026-05-16 23:57:01 | INFO     | ss_crawler | [database] Database connected: localhost:5433/ss_market
2026-05-16 23:57:01 | INFO     | ss_crawler | [lens_scraper] Database: postgresql+psycopg2://crawler:crawler_pass@localhost:5433/ss_market
2026-05-16 23:57:02 | INFO     | ss_crawler | [lens_scraper] Loaded 481 lens references
2026-05-16 23:57:02 | INFO     | ss_crawler | [crawler] Fetching : https://www.ss.com/msg/lv/electronics/photo-optics/objectives/gcmeb.html
2026-05-16 23:57:05 | INFO     | ss_crawler | [lens_scraper] MODEL EXTRACTED: '17-28'
2026-05-16 23:57:05 | INFO     | ss_crawler | [lens_scraper] MOUNT DETECT: E
2026-05-16 23:57:05 | INFO     | ss_crawler | [lens_scraper] Detected focal: 17mm-28mm (from_model=True)
2026-05-16 23:57:05 | INFO     | ss_crawler | [lens_scraper] Using TITLE ONLY for matching: 'tamron modelis: 17-28...'
2026-05-16 23:57:05 | INFO     | ss_crawler | [lens_scraper] SCORE: 17-35mm F2.8-4 DI OSD... (17-35) score=0.60
2026-05-16 23:57:05 | INFO     | ss_crawler | [lens_scraper] SCORE: 70-200mm F2.8 Di LD (IF) Macro AF... (70-200) score=0.45
2026-05-16 23:57:05 | INFO     | ss_crawler | [lens_scraper] SCORE: 70-200mm F2.8 Di VC USD G2... (70-200) score=0.45
2026-05-16 23:57:05 | INFO     | ss_crawler | [lens_scraper] SCORE: 70-210mm F4 Di VC USD... (70-210) score=0.45
2026-05-16 23:57:05 | INFO     | ss_crawler | [lens_scraper] SCORE: 70-300mm F4-5.6 Di VC USD ... (70-300) score=0.45
2026-05-16 23:57:05 | INFO     | ss_crawler | [lens_scraper] SCORE: 17-50mm F2.8 SP AF XR Di II LD Asph... (17-50) score=-0.05
2026-05-16 23:57:05 | INFO     | ss_crawler | [lens_scraper] SCORE: 17-50mm F2.8 SP AF XR Di-II VC LD... (17-50) score=-0.05
2026-05-16 23:57:05 | INFO     | ss_crawler | [lens_scraper] SCORE: Tamron 17-70mm F/2.8 Di III-A VC RX... (17-70) score=0.30
2026-05-16 23:57:05 | INFO     | ss_crawler | [lens_scraper] SCORE: Tamron 70-210mm F/4 Di VC USD... (70-210) score=0.70
2026-05-16 23:57:05 | INFO     | ss_crawler | [lens_scraper] SCORE: Tamron 17-28mm F/2.8 Di III RXD... (17-28) score=0.50
2026-05-16 23:57:05 | INFO     | ss_crawler | [lens_scraper] SCORE: Tamron 70-180mm F/2.8 Di III VXD... (70-180) score=0.15
2026-05-16 23:57:05 | INFO     | ss_crawler | [lens_scraper] SCORE: Tamron 70-180mm F/2.8 Di III VC VXD... (70-180) score=0.15
2026-05-16 23:57:05 | INFO     | ss_crawler | [lens_scraper] SCORE: Tamron 70-200mm F/2.8 Di III RXD... (70-200) score=0.15
2026-05-16 23:57:05 | INFO     | ss_crawler | [lens_scraper] SCORE: Tamron 70-300mm F/4.5-6.3 Di III RX... (70-300) score=0.15
2026-05-16 23:57:05 | INFO     | ss_crawler | [lens_scraper] BEST MATCH: Tamron SP 35mm F/1.4 Di USD score=0.70
2026-05-16 23:57:05 | INFO     | ss_crawler | [lens_scraper] Matched [gcmeb]: Tamron_Tamron_SP_35mm_F_1.4_Di_USD (70% confidence)
2026-05-16 23:58:42 | INFO     | ss_crawler | [crawler] Fetching : https://www.ss.com/msg/lv/electronics/photo-optics/objectives/gcmeb.html
2026-05-16 23:58:45 | INFO     | ss_crawler | [lens_scraper] Initializing Lens scraper...
2026-05-16 23:58:45 | INFO     | ss_crawler | [database] Database connected: localhost:5433/ss_market
2026-05-16 23:58:45 | INFO     | ss_crawler | [lens_scraper] Database: postgresql+psycopg2://crawler:crawler_pass@localhost:5433/ss_market
2026-05-16 23:58:45 | INFO     | ss_crawler | [lens_scraper] Loaded 481 lens references
2026-05-16 23:58:45 | INFO     | ss_crawler | [crawler] Fetching : https://www.ss.com/msg/lv/electronics/photo-optics/objectives/gcmeb.html
2026-05-16 23:58:47 | INFO     | ss_crawler | [lens_scraper] MODEL EXTRACTED: '17-28'
2026-05-16 23:58:47 | INFO     | ss_crawler | [lens_scraper] MOUNT DETECT: E
2026-05-16 23:58:47 | INFO     | ss_crawler | [lens_scraper] Detected focal: 17mm-28mm (from_model=True)
2026-05-16 23:58:47 | INFO     | ss_crawler | [lens_scraper] Using TITLE ONLY for matching: 'tamron modelis: 17-28...'
2026-05-16 23:58:47 | INFO     | ss_crawler | [lens_scraper] SCORE: 17-35mm F2.8-4 DI OSD... (17-35) score=0.60
2026-05-16 23:58:47 | INFO     | ss_crawler | [lens_scraper] SCORE: 70-200mm F2.8 Di LD (IF) Macro AF... (70-200) score=0.45
2026-05-16 23:58:47 | INFO     | ss_crawler | [lens_scraper] SCORE: 70-200mm F2.8 Di VC USD G2... (70-200) score=0.45
2026-05-16 23:58:47 | INFO     | ss_crawler | [lens_scraper] SCORE: 70-210mm F4 Di VC USD... (70-210) score=0.45
2026-05-16 23:58:47 | INFO     | ss_crawler | [lens_scraper] SCORE: 70-300mm F4-5.6 Di VC USD ... (70-300) score=0.45
2026-05-16 23:58:47 | INFO     | ss_crawler | [lens_scraper] SCORE: 17-50mm F2.8 SP AF XR Di II LD Asph... (17-50) score=-0.05
2026-05-16 23:58:47 | INFO     | ss_crawler | [lens_scraper] SCORE: 17-50mm F2.8 SP AF XR Di-II VC LD... (17-50) score=-0.05
2026-05-16 23:58:47 | INFO     | ss_crawler | [lens_scraper] SCORE: Tamron 17-70mm F/2.8 Di III-A VC RX... (17-70) score=0.30
2026-05-16 23:58:47 | INFO     | ss_crawler | [lens_scraper] SCORE: Tamron 70-210mm F/4 Di VC USD... (70-210) score=0.70
2026-05-16 23:58:47 | INFO     | ss_crawler | [lens_scraper] SCORE: Tamron 17-28mm F/2.8 Di III RXD... (17-28) score=0.80
2026-05-16 23:58:47 | INFO     | ss_crawler | [lens_scraper] SCORE: Tamron 70-180mm F/2.8 Di III VXD... (70-180) score=0.15
2026-05-16 23:58:47 | INFO     | ss_crawler | [lens_scraper] SCORE: Tamron 70-180mm F/2.8 Di III VC VXD... (70-180) score=0.15
2026-05-16 23:58:47 | INFO     | ss_crawler | [lens_scraper] SCORE: Tamron 70-200mm F/2.8 Di III RXD... (70-200) score=0.15
2026-05-16 23:58:47 | INFO     | ss_crawler | [lens_scraper] SCORE: Tamron 70-300mm F/4.5-6.3 Di III RX... (70-300) score=0.15
2026-05-16 23:58:47 | INFO     | ss_crawler | [lens_scraper] BEST MATCH: Tamron 17-28mm F/2.8 Di III RXD score=0.80
2026-05-16 23:58:47 | INFO     | ss_crawler | [lens_scraper] Matched [gcmeb]: Tamron_Tamron_17-28mm_F_2.8_Di_III_RXD (80% confidence)
2026-05-16 23:58:53 | INFO     | ss_crawler | [crawler] Fetching : https://www.ss.com/msg/lv/electronics/photo-optics/objectives/begohe.html
2026-05-16 23:58:56 | INFO     | ss_crawler | [lens_scraper] Initializing Lens scraper...
2026-05-16 23:58:56 | INFO     | ss_crawler | [database] Database connected: localhost:5433/ss_market
2026-05-16 23:58:56 | INFO     | ss_crawler | [lens_scraper] Database: postgresql+psycopg2://crawler:crawler_pass@localhost:5433/ss_market
2026-05-16 23:58:56 | INFO     | ss_crawler | [lens_scraper] Loaded 481 lens references
2026-05-16 23:58:56 | INFO     | ss_crawler | [crawler] Fetching : https://www.ss.com/msg/lv/electronics/photo-optics/objectives/begohe.html
2026-05-16 23:58:59 | INFO     | ss_crawler | [lens_scraper] MODEL EXTRACTED: '16-28 f2.8'
2026-05-16 23:58:59 | INFO     | ss_crawler | [lens_scraper] MOUNT DETECT: E
2026-05-16 23:58:59 | INFO     | ss_crawler | [lens_scraper] Detected focal: 16mm-28mm (from_model=True)
2026-05-16 23:58:59 | INFO     | ss_crawler | [lens_scraper] Using TITLE ONLY for matching: 'sigma modelis: 16-28 f2.8...'
2026-05-16 23:58:59 | INFO     | ss_crawler | [lens_scraper] SCORE: 17-35mm F2.8-4 DI OSD... (17-35) score=0.20
2026-05-16 23:58:59 | INFO     | ss_crawler | [lens_scraper] SCORE: 70-200mm F2.8 Di LD (IF) Macro AF... (70-200) score=0.20
2026-05-16 23:58:59 | INFO     | ss_crawler | [lens_scraper] SCORE: 70-200mm F2.8 Di VC USD G2... (70-200) score=0.20
2026-05-16 23:58:59 | INFO     | ss_crawler | [lens_scraper] SCORE: 70-210mm F4 Di VC USD... (70-210) score=0.05
2026-05-16 23:58:59 | INFO     | ss_crawler | [lens_scraper] SCORE: 70-300mm F4-5.6 Di VC USD ... (70-300) score=0.05
2026-05-16 23:58:59 | INFO     | ss_crawler | [lens_scraper] SCORE: 17-50mm F2.8 SP AF XR Di II LD Asph... (17-50) score=-0.45
2026-05-16 23:58:59 | INFO     | ss_crawler | [lens_scraper] SCORE: 17-50mm F2.8 SP AF XR Di-II VC LD... (17-50) score=-0.45
2026-05-16 23:58:59 | INFO     | ss_crawler | [lens_scraper] SCORE: Tamron 17-70mm F/2.8 Di III-A VC RX... (17-70) score=-0.10
2026-05-16 23:58:59 | INFO     | ss_crawler | [lens_scraper] SCORE: Tamron 70-210mm F/4 Di VC USD... (70-210) score=0.30
2026-05-16 23:58:59 | INFO     | ss_crawler | [lens_scraper] SCORE: Tamron 17-28mm F/2.8 Di III RXD... (17-28) score=0.05
2026-05-16 23:58:59 | INFO     | ss_crawler | [lens_scraper] SCORE: Tamron 70-180mm F/2.8 Di III VXD... (70-180) score=-0.10
2026-05-16 23:58:59 | INFO     | ss_crawler | [lens_scraper] SCORE: Tamron 70-180mm F/2.8 Di III VC VXD... (70-180) score=-0.10
2026-05-16 23:58:59 | INFO     | ss_crawler | [lens_scraper] SCORE: Tamron 70-200mm F/2.8 Di III RXD... (70-200) score=-0.10
2026-05-16 23:58:59 | INFO     | ss_crawler | [lens_scraper] SCORE: Tamron 70-300mm F/4.5-6.3 Di III RX... (70-300) score=-0.25
2026-05-16 23:58:59 | INFO     | ss_crawler | [lens_scraper] BEST MATCH: Sigma 16-28mm F2.8 DG DN | Contemporary score=1.50
2026-05-16 23:58:59 | INFO     | ss_crawler | [lens_scraper] Matched [begohe]: Sigma_Sigma_16-28mm_F2.8_DG_DN_|_Contemporary (100% confidence)
2026-05-16 23:59:05 | INFO     | ss_crawler | [crawler] Fetching : https://www.ss.com/msg/lv/electronics/photo-optics/objectives/bjdpgm.html
2026-05-16 23:59:08 | INFO     | ss_crawler | [lens_scraper] Initializing Lens scraper...
2026-05-16 23:59:08 | INFO     | ss_crawler | [database] Database connected: localhost:5433/ss_market
2026-05-16 23:59:08 | INFO     | ss_crawler | [lens_scraper] Database: postgresql+psycopg2://crawler:crawler_pass@localhost:5433/ss_market
2026-05-16 23:59:08 | INFO     | ss_crawler | [lens_scraper] Loaded 481 lens references
2026-05-16 23:59:08 | INFO     | ss_crawler | [crawler] Fetching : https://www.ss.com/msg/lv/electronics/photo-optics/objectives/bjdpgm.html
2026-05-16 23:59:11 | INFO     | ss_crawler | [lens_scraper] MODEL EXTRACTED: 'ef 24-70 f2.8'
2026-05-16 23:59:11 | INFO     | ss_crawler | [lens_scraper] MOUNT DETECT: EF
2026-05-16 23:59:11 | INFO     | ss_crawler | [lens_scraper] Detected focal: 24mm-70mm (from_model=True)
2026-05-16 23:59:11 | INFO     | ss_crawler | [lens_scraper] Using TITLE ONLY for matching: 'canon modelis: ef 24-70 f2.8...'
2026-05-16 23:59:11 | INFO     | ss_crawler | [lens_scraper] SCORE: 17-35mm F2.8-4 DI OSD... (17-35) score=0.45
2026-05-16 23:59:11 | INFO     | ss_crawler | [lens_scraper] SCORE: 70-200mm F2.8 Di LD (IF) Macro AF... (70-200) score=0.45
2026-05-16 23:59:11 | INFO     | ss_crawler | [lens_scraper] SCORE: 70-200mm F2.8 Di VC USD G2... (70-200) score=0.45
2026-05-16 23:59:11 | INFO     | ss_crawler | [lens_scraper] SCORE: 70-210mm F4 Di VC USD... (70-210) score=0.30
2026-05-16 23:59:11 | INFO     | ss_crawler | [lens_scraper] SCORE: 70-300mm F4-5.6 Di VC USD ... (70-300) score=0.30
2026-05-16 23:59:11 | INFO     | ss_crawler | [lens_scraper] SCORE: 17-50mm F2.8 SP AF XR Di II LD Asph... (17-50) score=-0.55
2026-05-16 23:59:11 | INFO     | ss_crawler | [lens_scraper] SCORE: 17-50mm F2.8 SP AF XR Di-II VC LD... (17-50) score=-0.55
2026-05-16 23:59:11 | INFO     | ss_crawler | [lens_scraper] SCORE: Tamron 17-70mm F/2.8 Di III-A VC RX... (17-70) score=-0.20
2026-05-16 23:59:11 | INFO     | ss_crawler | [lens_scraper] SCORE: Tamron 70-210mm F/4 Di VC USD... (70-210) score=0.05
2026-05-16 23:59:11 | INFO     | ss_crawler | [lens_scraper] SCORE: Tamron 17-28mm F/2.8 Di III RXD... (17-28) score=-0.35
2026-05-16 23:59:11 | INFO     | ss_crawler | [lens_scraper] SCORE: Tamron 70-180mm F/2.8 Di III VXD... (70-180) score=-0.35
2026-05-16 23:59:11 | INFO     | ss_crawler | [lens_scraper] SCORE: Tamron 70-180mm F/2.8 Di III VC VXD... (70-180) score=-0.35
2026-05-16 23:59:11 | INFO     | ss_crawler | [lens_scraper] SCORE: Tamron 70-200mm F/2.8 Di III RXD... (70-200) score=-0.35
2026-05-16 23:59:11 | INFO     | ss_crawler | [lens_scraper] SCORE: Tamron 70-300mm F/4.5-6.3 Di III RX... (70-300) score=-0.50
2026-05-16 23:59:11 | INFO     | ss_crawler | [lens_scraper] BEST MATCH: 24-70mm F2.8L II USM score=1.60
2026-05-16 23:59:11 | INFO     | ss_crawler | [lens_scraper] Matched [bjdpgm]: Canon_24-70mm_F2.8L_II_USM (100% confidence)
2026-05-16 23:59:19 | INFO     | ss_crawler | [crawler] Fetching : https://www.ss.com/msg/lv/electronics/photo-optics/objectives/aebcf.html
2026-05-16 23:59:22 | INFO     | ss_crawler | [lens_scraper] Initializing Lens scraper...
2026-05-16 23:59:22 | INFO     | ss_crawler | [database] Database connected: localhost:5433/ss_market
2026-05-16 23:59:22 | INFO     | ss_crawler | [lens_scraper] Database: postgresql+psycopg2://crawler:crawler_pass@localhost:5433/ss_market
2026-05-16 23:59:22 | INFO     | ss_crawler | [lens_scraper] Loaded 481 lens references
2026-05-16 23:59:22 | INFO     | ss_crawler | [crawler] Fetching : https://www.ss.com/msg/lv/electronics/photo-optics/objectives/aebcf.html
2026-05-16 23:59:26 | INFO     | ss_crawler | [lens_scraper] MODEL EXTRACTED: '24-105 f4'
2026-05-16 23:59:26 | INFO     | ss_crawler | [lens_scraper] MOUNT DETECT: EF
2026-05-16 23:59:26 | INFO     | ss_crawler | [lens_scraper] Detected focal: 24mm-105mm (from_model=True)
2026-05-16 23:59:26 | INFO     | ss_crawler | [lens_scraper] Using TITLE ONLY for matching: 'canon modelis: 24-105 f4...'
2026-05-16 23:59:26 | INFO     | ss_crawler | [lens_scraper] SCORE: 17-35mm F2.8-4 DI OSD... (17-35) score=0.30
2026-05-16 23:59:26 | INFO     | ss_crawler | [lens_scraper] SCORE: 70-200mm F2.8 Di LD (IF) Macro AF... (70-200) score=0.30
2026-05-16 23:59:26 | INFO     | ss_crawler | [lens_scraper] SCORE: 70-200mm F2.8 Di VC USD G2... (70-200) score=0.30
2026-05-16 23:59:26 | INFO     | ss_crawler | [lens_scraper] SCORE: 70-210mm F4 Di VC USD... (70-210) score=0.45
2026-05-16 23:59:26 | INFO     | ss_crawler | [lens_scraper] SCORE: 70-300mm F4-5.6 Di VC USD ... (70-300) score=0.45
2026-05-16 23:59:26 | INFO     | ss_crawler | [lens_scraper] SCORE: 17-50mm F2.8 SP AF XR Di II LD Asph... (17-50) score=-0.70
2026-05-16 23:59:26 | INFO     | ss_crawler | [lens_scraper] SCORE: 17-50mm F2.8 SP AF XR Di-II VC LD... (17-50) score=-0.70
2026-05-16 23:59:26 | INFO     | ss_crawler | [lens_scraper] SCORE: Tamron 17-70mm F/2.8 Di III-A VC RX... (17-70) score=-0.50
2026-05-16 23:59:26 | INFO     | ss_crawler | [lens_scraper] SCORE: Tamron 70-210mm F/4 Di VC USD... (70-210) score=0.20
2026-05-16 23:59:26 | INFO     | ss_crawler | [lens_scraper] SCORE: Tamron 17-28mm F/2.8 Di III RXD... (17-28) score=-0.50
2026-05-16 23:59:26 | INFO     | ss_crawler | [lens_scraper] SCORE: Tamron 70-180mm F/2.8 Di III VXD... (70-180) score=-0.50
2026-05-16 23:59:26 | INFO     | ss_crawler | [lens_scraper] SCORE: Tamron 70-180mm F/2.8 Di III VC VXD... (70-180) score=-0.50
2026-05-16 23:59:26 | INFO     | ss_crawler | [lens_scraper] SCORE: Tamron 70-200mm F/2.8 Di III RXD... (70-200) score=-0.50
2026-05-16 23:59:26 | INFO     | ss_crawler | [lens_scraper] SCORE: Tamron 70-300mm F/4.5-6.3 Di III RX... (70-300) score=-0.50
2026-05-16 23:59:26 | INFO     | ss_crawler | [lens_scraper] BEST MATCH: 24-105mm F4L IS USM score=1.50
2026-05-16 23:59:26 | INFO     | ss_crawler | [lens_scraper] Matched [aebcf]: Canon_24-105mm_F4L_IS_USM (100% confidence)
