2026-04-11 18:05:05 | INFO     | ss_crawler | [scraper] [scraper] 🚀 Initializing scraper...
2026-04-11 18:05:05 | INFO     | ss_crawler | [database] [database] Database connected: localhost:5432/ss_market
2026-04-11 18:05:05 | INFO     | ss_crawler | [scraper] [scraper] 📦 Database: postgresql+psycopg2://crawler:crawler_pass@localhost:5432/ss_market
2026-04-11 18:05:05 | ERROR    | ss_crawler | [database] [database] Database transaction failed: (psycopg2.OperationalError) connection to server at "localhost" (::1), port 5432 failed: FATAL:  password authentication failed for user "crawler"

(Background on this error at: https://sqlalche.me/e/20/e3q8)
2026-04-11 18:05:54 | INFO     | ss_crawler | [scraper] [scraper] 🚀 Initializing scraper...
2026-04-11 18:05:54 | INFO     | ss_crawler | [database] [database] Database connected: localhost:5433/ss_market
2026-04-11 18:05:54 | INFO     | ss_crawler | [scraper] [scraper] 📦 Database: postgresql+psycopg2://crawler:crawler_pass@localhost:5433/ss_market
2026-04-11 18:05:54 | ERROR    | ss_crawler | [database] [database] Database transaction failed: cannot convert dictionary update sequence element #0 to a sequence
2026-04-11 18:08:20 | INFO     | ss_crawler | [scraper] [scraper] 🚀 Initializing scraper...
2026-04-11 18:08:20 | INFO     | ss_crawler | [database] [database] Database connected: localhost:5433/ss_market
2026-04-11 18:08:20 | INFO     | ss_crawler | [scraper] [scraper] 📦 Database: postgresql+psycopg2://crawler:crawler_pass@localhost:5433/ss_market
2026-04-11 18:08:20 | INFO     | ss_crawler | [matcher] [matcher] GPUMatcher initialized with 627 GPUs
2026-04-11 18:08:20 | INFO     | ss_crawler | [scraper] [scraper] 🎮 Loaded 627 GPU references
2026-04-11 18:08:20 | INFO     | ss_crawler | [scraper] [scraper] 🚀 Initializing scraper...
2026-04-11 18:08:20 | INFO     | ss_crawler | [scraper] [scraper] 📦 Database: postgresql+psycopg2://crawler:crawler_pass@localhost:5433/ss_market
2026-04-11 18:08:20 | INFO     | ss_crawler | [matcher] [matcher] GPUMatcher initialized with 627 GPUs
2026-04-11 18:08:20 | INFO     | ss_crawler | [scraper] [scraper] 🎮 Loaded 627 GPU references
2026-04-11 18:08:20 | INFO     | ss_crawler | [scraper] [scraper] 🔍 Single URL mode: https://www.ss.com/msg/lv/electronics/computers/completing-pc/video/bkmenc.html
2026-04-11 18:08:20 | INFO     | ss_crawler | [crawler] [crawler] Fetching single listing: https://www.ss.com/msg/lv/electronics/computers/completing-pc/video/bkmenc.html
2026-04-11 18:15:56 | INFO     | ss_crawler | [scraper] [scraper] 🚀 Initializing scraper...
2026-04-11 18:15:56 | INFO     | ss_crawler | [database] [database] Database connected: localhost:5433/ss_market
2026-04-11 18:15:56 | INFO     | ss_crawler | [scraper] [scraper] 📦 Database: postgresql+psycopg2://crawler:crawler_pass@localhost:5433/ss_market
2026-04-11 18:15:56 | INFO     | ss_crawler | [matcher] [matcher] GPUMatcher initialized with 627 GPUs
2026-04-11 18:15:56 | INFO     | ss_crawler | [scraper] [scraper] 🎮 Loaded 627 GPU references
2026-04-11 18:15:56 | INFO     | ss_crawler | [scraper] [scraper] 🚀 Initializing scraper...
2026-04-11 18:15:56 | INFO     | ss_crawler | [scraper] [scraper] 📦 Database: postgresql+psycopg2://crawler:crawler_pass@localhost:5433/ss_market
2026-04-11 18:15:56 | INFO     | ss_crawler | [matcher] [matcher] GPUMatcher initialized with 627 GPUs
2026-04-11 18:15:56 | INFO     | ss_crawler | [scraper] [scraper] 🎮 Loaded 627 GPU references
2026-04-11 18:15:56 | INFO     | ss_crawler | [scraper] [scraper] 🔍 Single URL mode: https://www.ss.com/msg/lv/electronics/computers/completing-pc/video/bkmenc.html
2026-04-11 18:15:56 | INFO     | ss_crawler | [crawler] [crawler] Fetching single listing: https://www.ss.com/msg/lv/electronics/computers/completing-pc/video/bkmenc.html
2026-04-11 18:16:00 | INFO     | ss_crawler | [repository] [repository] New listing created: bkmenc
2026-04-11 18:17:11 | INFO     | ss_crawler | [scraper] [scraper] 🚀 Initializing scraper...
2026-04-11 18:17:11 | INFO     | ss_crawler | [database] [database] Database connected: localhost:5433/ss_market
2026-04-11 18:17:11 | INFO     | ss_crawler | [scraper] [scraper] 📦 Database: postgresql+psycopg2://crawler:crawler_pass@localhost:5433/ss_market
2026-04-11 18:17:11 | INFO     | ss_crawler | [matcher] [matcher] GPUMatcher initialized with 627 GPUs
2026-04-11 18:17:11 | INFO     | ss_crawler | [scraper] [scraper] 🎮 Loaded 627 GPU references
2026-04-11 18:17:11 | INFO     | ss_crawler | [scraper] [scraper] 🚀 Initializing scraper...
2026-04-11 18:17:11 | INFO     | ss_crawler | [scraper] [scraper] 📦 Database: postgresql+psycopg2://crawler:crawler_pass@localhost:5433/ss_market
2026-04-11 18:17:11 | INFO     | ss_crawler | [matcher] [matcher] GPUMatcher initialized with 627 GPUs
2026-04-11 18:17:11 | INFO     | ss_crawler | [scraper] [scraper] 🎮 Loaded 627 GPU references
2026-04-11 18:17:11 | INFO     | ss_crawler | [scraper] [scraper] 🔍 Single URL mode: https://www.ss.com/msg/lv/electronics/computers/completing-pc/video/bkmenc.html
2026-04-11 18:17:11 | INFO     | ss_crawler | [crawler] [crawler] Fetching single listing: https://www.ss.com/msg/lv/electronics/computers/completing-pc/video/bkmenc.html
2026-04-11 18:18:51 | INFO     | ss_crawler | [scraper] [scraper] 🚀 Initializing scraper...
2026-04-11 18:18:51 | INFO     | ss_crawler | [database] [database] Database connected: localhost:5433/ss_market
2026-04-11 18:18:51 | INFO     | ss_crawler | [scraper] [scraper] 📦 Database: postgresql+psycopg2://crawler:crawler_pass@localhost:5433/ss_market
2026-04-11 18:18:51 | INFO     | ss_crawler | [matcher] [matcher] GPUMatcher initialized with 627 GPUs
2026-04-11 18:18:51 | INFO     | ss_crawler | [scraper] [scraper] 🎮 Loaded 627 GPU references
2026-04-11 18:18:51 | INFO     | ss_crawler | [scraper] [scraper] 🚀 Initializing scraper...
2026-04-11 18:18:51 | INFO     | ss_crawler | [scraper] [scraper] 📦 Database: postgresql+psycopg2://crawler:crawler_pass@localhost:5433/ss_market
2026-04-11 18:18:51 | INFO     | ss_crawler | [matcher] [matcher] GPUMatcher initialized with 627 GPUs
2026-04-11 18:18:51 | INFO     | ss_crawler | [scraper] [scraper] 🎮 Loaded 627 GPU references
2026-04-11 18:18:51 | INFO     | ss_crawler | [scraper] [scraper] 🔍 Single URL mode: https://www.ss.com/msg/lv/electronics/computers/completing-pc/video/bkmenc.html
2026-04-11 18:18:51 | INFO     | ss_crawler | [crawler] [crawler] Fetching single listing: https://www.ss.com/msg/lv/electronics/computers/completing-pc/video/bkmenc.html
2026-04-11 18:22:57 | INFO     | ss_crawler | [database] [database] Database connected: localhost:5433/ss_market
2026-04-11 18:24:16 | INFO     | ss_crawler | [scraper] [scraper] 🚀 Initializing scraper...
2026-04-11 18:24:16 | INFO     | ss_crawler | [database] [database] Database connected: localhost:5433/ss_market
2026-04-11 18:24:16 | INFO     | ss_crawler | [scraper] [scraper] 📦 Database: postgresql+psycopg2://crawler:crawler_pass@localhost:5433/ss_market
2026-04-11 18:24:16 | INFO     | ss_crawler | [matcher] [matcher] GPUMatcher initialized with 627 GPUs
2026-04-11 18:24:16 | INFO     | ss_crawler | [scraper] [scraper] 🎮 Loaded 627 GPU references
2026-04-11 18:24:16 | INFO     | ss_crawler | [scraper] [scraper] 🚀 Initializing scraper...
2026-04-11 18:24:16 | INFO     | ss_crawler | [scraper] [scraper] 📦 Database: postgresql+psycopg2://crawler:crawler_pass@localhost:5433/ss_market
2026-04-11 18:24:16 | INFO     | ss_crawler | [matcher] [matcher] GPUMatcher initialized with 627 GPUs
2026-04-11 18:24:16 | INFO     | ss_crawler | [scraper] [scraper] 🎮 Loaded 627 GPU references
2026-04-11 18:24:16 | INFO     | ss_crawler | [scraper] [scraper] 🔍 Single URL mode: https://www.ss.com/msg/lv/electronics/computers/completing-pc/video/bkmenc.html
2026-04-11 18:24:16 | INFO     | ss_crawler | [crawler] [crawler] Fetching single listing: https://www.ss.com/msg/lv/electronics/computers/completing-pc/video/bkmenc.html
2026-04-11 18:25:23 | INFO     | ss_crawler | [scraper] [scraper] 🚀 Initializing scraper...
2026-04-11 18:25:23 | INFO     | ss_crawler | [database] [database] Database connected: localhost:5433/ss_market
2026-04-11 18:25:23 | INFO     | ss_crawler | [scraper] [scraper] 📦 Database: postgresql+psycopg2://crawler:crawler_pass@localhost:5433/ss_market
2026-04-11 18:25:23 | INFO     | ss_crawler | [matcher] [matcher] GPUMatcher initialized with 627 GPUs
2026-04-11 18:25:23 | INFO     | ss_crawler | [scraper] [scraper] 🎮 Loaded 627 GPU references
2026-04-11 18:25:23 | INFO     | ss_crawler | [scraper] [scraper] 🚀 Initializing scraper...
2026-04-11 18:25:23 | INFO     | ss_crawler | [scraper] [scraper] 📦 Database: postgresql+psycopg2://crawler:crawler_pass@localhost:5433/ss_market
2026-04-11 18:25:23 | INFO     | ss_crawler | [matcher] [matcher] GPUMatcher initialized with 627 GPUs
2026-04-11 18:25:23 | INFO     | ss_crawler | [scraper] [scraper] 🎮 Loaded 627 GPU references
2026-04-11 18:25:23 | INFO     | ss_crawler | [scraper] [scraper] 🔍 Single URL mode: https://www.ss.com/msg/lv/electronics/computers/completing-pc/video/bkmenc.html
2026-04-11 18:25:23 | INFO     | ss_crawler | [crawler] [crawler] Fetching single listing: https://www.ss.com/msg/lv/electronics/computers/completing-pc/video/bkmenc.html
2026-04-11 18:25:26 | INFO     | ss_crawler | [repository] [repository] New listing created: bkmenc
2026-04-11 18:40:48 | INFO     | ss_crawler | [scraper] [scraper] 🚀 Initializing scraper...
2026-04-11 18:40:48 | INFO     | ss_crawler | [database] [database] Database connected: localhost:5433/ss_market
2026-04-11 18:40:48 | INFO     | ss_crawler | [scraper] [scraper] 📦 Database: postgresql+psycopg2://crawler:crawler_pass@localhost:5433/ss_market
2026-04-11 18:40:48 | INFO     | ss_crawler | [matcher] [matcher] GPUMatcher initialized with 627 GPUs
2026-04-11 18:40:48 | INFO     | ss_crawler | [scraper] [scraper] 🎮 Loaded 627 GPU references
2026-04-11 18:40:48 | INFO     | ss_crawler | [scraper] [scraper] 🚀 Initializing scraper...
2026-04-11 18:40:48 | INFO     | ss_crawler | [scraper] [scraper] 📦 Database: postgresql+psycopg2://crawler:crawler_pass@localhost:5433/ss_market
2026-04-11 18:40:48 | INFO     | ss_crawler | [matcher] [matcher] GPUMatcher initialized with 627 GPUs
2026-04-11 18:40:48 | INFO     | ss_crawler | [scraper] [scraper] 🎮 Loaded 627 GPU references
2026-04-11 18:40:48 | INFO     | ss_crawler | [scraper] [scraper] 🔍 Single URL mode: https://www.ss.com/msg/lv/electronics/computers/completing-pc/video/bkmenc.html
2026-04-11 18:40:48 | INFO     | ss_crawler | [crawler] [crawler] Fetching single listing: https://www.ss.com/msg/lv/electronics/computers/completing-pc/video/bkmenc.html
2026-04-11 18:41:13 | INFO     | ss_crawler | [database] [database] Database connected: localhost:5433/ss_market
2026-04-11 18:41:43 | INFO     | ss_crawler | [scraper] [scraper] 🚀 Initializing scraper...
2026-04-11 18:41:43 | INFO     | ss_crawler | [database] [database] Database connected: localhost:5433/ss_market
2026-04-11 18:41:43 | INFO     | ss_crawler | [scraper] [scraper] 📦 Database: postgresql+psycopg2://crawler:crawler_pass@localhost:5433/ss_market
2026-04-11 18:41:43 | INFO     | ss_crawler | [matcher] [matcher] GPUMatcher initialized with 627 GPUs
2026-04-11 18:41:43 | INFO     | ss_crawler | [scraper] [scraper] 🎮 Loaded 627 GPU references
2026-04-11 18:41:43 | INFO     | ss_crawler | [scraper] [scraper] 🚀 Initializing scraper...
2026-04-11 18:41:43 | INFO     | ss_crawler | [scraper] [scraper] 📦 Database: postgresql+psycopg2://crawler:crawler_pass@localhost:5433/ss_market
2026-04-11 18:41:43 | INFO     | ss_crawler | [matcher] [matcher] GPUMatcher initialized with 627 GPUs
2026-04-11 18:41:43 | INFO     | ss_crawler | [scraper] [scraper] 🎮 Loaded 627 GPU references
2026-04-11 18:41:43 | INFO     | ss_crawler | [scraper] [scraper] 🔍 Single URL mode: https://www.ss.com/msg/lv/electronics/computers/completing-pc/video/bkmenc.html
2026-04-11 18:41:43 | INFO     | ss_crawler | [crawler] [crawler] Fetching single listing: https://www.ss.com/msg/lv/electronics/computers/completing-pc/video/bkmenc.html
2026-04-11 18:46:13 | INFO     | ss_crawler | [scraper] [scraper] 🚀 Initializing scraper...
2026-04-11 18:46:13 | INFO     | ss_crawler | [database] [database] Database connected: localhost:5433/ss_market
2026-04-11 18:46:13 | INFO     | ss_crawler | [scraper] [scraper] 📦 Database: postgresql+psycopg2://crawler:crawler_pass@localhost:5433/ss_market
2026-04-11 18:46:13 | INFO     | ss_crawler | [matcher] [matcher] GPUMatcher initialized with 627 GPUs
2026-04-11 18:46:13 | INFO     | ss_crawler | [scraper] [scraper] 🎮 Loaded 627 GPU references
2026-04-11 18:46:13 | INFO     | ss_crawler | [scraper] [scraper] 🚀 Initializing scraper...
2026-04-11 18:46:13 | INFO     | ss_crawler | [scraper] [scraper] 📦 Database: postgresql+psycopg2://crawler:crawler_pass@localhost:5433/ss_market
2026-04-11 18:46:13 | INFO     | ss_crawler | [matcher] [matcher] GPUMatcher initialized with 627 GPUs
2026-04-11 18:46:13 | INFO     | ss_crawler | [scraper] [scraper] 🎮 Loaded 627 GPU references
2026-04-11 18:46:13 | INFO     | ss_crawler | [scraper] [scraper] 🔍 Single URL mode: https://www.ss.com/msg/lv/electronics/computers/completing-pc/video/bkmenc.html
2026-04-11 18:46:13 | INFO     | ss_crawler | [crawler] [crawler] Fetching single listing: https://www.ss.com/msg/lv/electronics/computers/completing-pc/video/bkmenc.html
2026-04-11 18:47:00 | INFO     | ss_crawler | [scraper] [scraper] 🚀 Initializing scraper...
2026-04-11 18:47:00 | INFO     | ss_crawler | [database] [database] Database connected: localhost:5433/ss_market
2026-04-11 18:47:00 | INFO     | ss_crawler | [scraper] [scraper] 📦 Database: postgresql+psycopg2://crawler:crawler_pass@localhost:5433/ss_market
2026-04-11 18:47:00 | INFO     | ss_crawler | [matcher] [matcher] GPUMatcher initialized with 627 GPUs
2026-04-11 18:47:00 | INFO     | ss_crawler | [scraper] [scraper] 🎮 Loaded 627 GPU references
2026-04-11 18:47:00 | INFO     | ss_crawler | [scraper] [scraper] 🚀 Initializing scraper...
2026-04-11 18:47:00 | INFO     | ss_crawler | [scraper] [scraper] 📦 Database: postgresql+psycopg2://crawler:crawler_pass@localhost:5433/ss_market
2026-04-11 18:47:00 | INFO     | ss_crawler | [matcher] [matcher] GPUMatcher initialized with 627 GPUs
2026-04-11 18:47:00 | INFO     | ss_crawler | [scraper] [scraper] 🎮 Loaded 627 GPU references
2026-04-11 18:47:00 | INFO     | ss_crawler | [scraper] [scraper] 🔍 Single URL mode: https://www.ss.com/msg/lv/electronics/computers/completing-pc/video/bkmenc.html
2026-04-11 18:47:00 | INFO     | ss_crawler | [crawler] [crawler] Fetching single listing: https://www.ss.com/msg/lv/electronics/computers/completing-pc/video/bkmenc.html
2026-04-11 18:52:31 | INFO     | ss_crawler | [scraper] [scraper] 🚀 Initializing scraper...
2026-04-11 18:52:31 | INFO     | ss_crawler | [database] [database] Database connected: localhost:5433/ss_market
2026-04-11 18:52:31 | INFO     | ss_crawler | [scraper] [scraper] 📦 Database: postgresql+psycopg2://crawler:crawler_pass@localhost:5433/ss_market
2026-04-11 18:52:31 | INFO     | ss_crawler | [matcher] [matcher] GPUMatcher initialized with 627 GPUs
2026-04-11 18:52:31 | INFO     | ss_crawler | [scraper] [scraper] 🎮 Loaded 627 GPU references
2026-04-11 18:52:31 | INFO     | ss_crawler | [scraper] [scraper] 🚀 Initializing scraper...
2026-04-11 18:52:31 | INFO     | ss_crawler | [scraper] [scraper] 📦 Database: postgresql+psycopg2://crawler:crawler_pass@localhost:5433/ss_market
2026-04-11 18:52:31 | INFO     | ss_crawler | [matcher] [matcher] GPUMatcher initialized with 627 GPUs
2026-04-11 18:52:31 | INFO     | ss_crawler | [scraper] [scraper] 🎮 Loaded 627 GPU references
2026-04-11 18:52:31 | INFO     | ss_crawler | [scraper] [scraper] 🔍 Single URL mode: https://www.ss.com/msg/lv/electronics/computers/completing-pc/video/fkmij.html
2026-04-11 18:52:31 | INFO     | ss_crawler | [crawler] [crawler] Fetching single listing: https://www.ss.com/msg/lv/electronics/computers/completing-pc/video/fkmij.html
2026-04-11 18:56:18 | INFO     | ss_crawler | [scraper] [scraper] 🚀 Initializing scraper...
2026-04-11 18:56:18 | INFO     | ss_crawler | [database] [database] Database connected: localhost:5433/ss_market
2026-04-11 18:56:18 | INFO     | ss_crawler | [scraper] [scraper] 📦 Database: postgresql+psycopg2://crawler:crawler_pass@localhost:5433/ss_market
2026-04-11 18:56:18 | INFO     | ss_crawler | [matcher] [matcher] GPUMatcher initialized with 627 GPUs
2026-04-11 18:56:18 | INFO     | ss_crawler | [scraper] [scraper] 🎮 Loaded 627 GPU references
2026-04-11 18:56:18 | INFO     | ss_crawler | [scraper] [scraper] 🚀 Initializing scraper...
2026-04-11 18:56:18 | INFO     | ss_crawler | [scraper] [scraper] 📦 Database: postgresql+psycopg2://crawler:crawler_pass@localhost:5433/ss_market
2026-04-11 18:56:18 | INFO     | ss_crawler | [matcher] [matcher] GPUMatcher initialized with 627 GPUs
2026-04-11 18:56:18 | INFO     | ss_crawler | [scraper] [scraper] 🎮 Loaded 627 GPU references
2026-04-11 18:56:18 | INFO     | ss_crawler | [scraper] [scraper] 🔍 Single URL mode: https://www.ss.com/msg/lv/electronics/computers/completing-pc/video/fkmij.html
2026-04-11 18:56:18 | INFO     | ss_crawler | [crawler] [crawler] Fetching single listing: https://www.ss.com/msg/lv/electronics/computers/completing-pc/video/fkmij.html
2026-04-11 18:56:50 | INFO     | ss_crawler | [scraper] [scraper] 🚀 Initializing scraper...
2026-04-11 18:56:50 | INFO     | ss_crawler | [database] [database] Database connected: localhost:5433/ss_market
2026-04-11 18:56:50 | INFO     | ss_crawler | [scraper] [scraper] 📦 Database: postgresql+psycopg2://crawler:crawler_pass@localhost:5433/ss_market
2026-04-11 18:56:50 | INFO     | ss_crawler | [matcher] [matcher] GPUMatcher initialized with 627 GPUs
2026-04-11 18:56:50 | INFO     | ss_crawler | [scraper] [scraper] 🎮 Loaded 627 GPU references
2026-04-11 18:56:50 | INFO     | ss_crawler | [scraper] [scraper] 🚀 Initializing scraper...
2026-04-11 18:56:50 | INFO     | ss_crawler | [scraper] [scraper] 📦 Database: postgresql+psycopg2://crawler:crawler_pass@localhost:5433/ss_market
2026-04-11 18:56:50 | INFO     | ss_crawler | [matcher] [matcher] GPUMatcher initialized with 627 GPUs
2026-04-11 18:56:50 | INFO     | ss_crawler | [scraper] [scraper] 🎮 Loaded 627 GPU references
2026-04-11 18:56:50 | INFO     | ss_crawler | [scraper] [scraper] 🔍 Single URL mode: https://www.ss.com/msg/lv/electronics/computers/completing-pc/video/fkmij.html
2026-04-11 18:56:50 | INFO     | ss_crawler | [crawler] [crawler] Fetching single listing: https://www.ss.com/msg/lv/electronics/computers/completing-pc/video/fkmij.html
2026-04-11 18:57:46 | INFO     | ss_crawler | [scraper] [scraper] 🚀 Initializing scraper...
2026-04-11 18:57:46 | INFO     | ss_crawler | [database] [database] Database connected: localhost:5433/ss_market
2026-04-11 18:57:46 | INFO     | ss_crawler | [scraper] [scraper] 📦 Database: postgresql+psycopg2://crawler:crawler_pass@localhost:5433/ss_market
2026-04-11 18:57:46 | INFO     | ss_crawler | [matcher] [matcher] GPUMatcher initialized with 627 GPUs
2026-04-11 18:57:46 | INFO     | ss_crawler | [scraper] [scraper] 🎮 Loaded 627 GPU references
2026-04-11 18:57:46 | INFO     | ss_crawler | [scraper] [scraper] 🚀 Initializing scraper...
2026-04-11 18:57:46 | INFO     | ss_crawler | [scraper] [scraper] 📦 Database: postgresql+psycopg2://crawler:crawler_pass@localhost:5433/ss_market
2026-04-11 18:57:46 | INFO     | ss_crawler | [matcher] [matcher] GPUMatcher initialized with 627 GPUs
2026-04-11 18:57:46 | INFO     | ss_crawler | [scraper] [scraper] 🎮 Loaded 627 GPU references
2026-04-11 18:57:46 | INFO     | ss_crawler | [scraper] [scraper] 🔍 Single URL mode: https://www.ss.com/msg/lv/electronics/computers/completing-pc/video/fkmij.html
2026-04-11 18:57:46 | INFO     | ss_crawler | [crawler] [crawler] Fetching single listing: https://www.ss.com/msg/lv/electronics/computers/completing-pc/video/fkmij.html
2026-04-11 18:59:11 | INFO     | ss_crawler | [database] [database] Database connected: localhost:5433/ss_market
2026-04-11 18:59:11 | ERROR    | ss_crawler | [database] [database] Database transaction failed: GPUReferenceRepository() takes no arguments
2026-04-11 18:59:34 | INFO     | ss_crawler | [database] [database] Database connected: localhost:5433/ss_market
2026-04-11 18:59:34 | INFO     | ss_crawler | [matcher] [matcher] GPUMatcher initialized with 627 GPUs
2026-04-11 19:00:13 | INFO     | ss_crawler | [scraper] [scraper] 🚀 Initializing scraper...
2026-04-11 19:00:13 | INFO     | ss_crawler | [database] [database] Database connected: localhost:5433/ss_market
2026-04-11 19:00:13 | INFO     | ss_crawler | [scraper] [scraper] 📦 Database: postgresql+psycopg2://crawler:crawler_pass@localhost:5433/ss_market
2026-04-11 19:00:13 | INFO     | ss_crawler | [matcher] [matcher] GPUMatcher initialized with 627 GPUs
2026-04-11 19:00:13 | INFO     | ss_crawler | [scraper] [scraper] 🎮 Loaded 627 GPU references
2026-04-11 19:00:13 | INFO     | ss_crawler | [scraper] [scraper] 🚀 Initializing scraper...
2026-04-11 19:00:13 | INFO     | ss_crawler | [scraper] [scraper] 📦 Database: postgresql+psycopg2://crawler:crawler_pass@localhost:5433/ss_market
2026-04-11 19:00:13 | INFO     | ss_crawler | [matcher] [matcher] GPUMatcher initialized with 627 GPUs
2026-04-11 19:00:13 | INFO     | ss_crawler | [scraper] [scraper] 🎮 Loaded 627 GPU references
2026-04-11 19:00:13 | INFO     | ss_crawler | [scraper] [scraper] 🔍 Single URL mode: https://www.ss.com/msg/lv/electronics/computers/completing-pc/video/fkmij.html
2026-04-11 19:00:13 | INFO     | ss_crawler | [crawler] [crawler] Fetching single listing: https://www.ss.com/msg/lv/electronics/computers/completing-pc/video/fkmij.html
2026-04-11 19:00:16 | INFO     | ss_crawler | [repository] [repository] New listing created: fkmij
2026-04-11 19:00:27 | INFO     | ss_crawler | [database] [database] Database connected: localhost:5433/ss_market
2026-04-11 19:00:27 | INFO     | ss_crawler | [matcher] [matcher] GPUMatcher initialized with 627 GPUs
2026-04-11 19:06:19 | INFO     | ss_crawler | [scraper] [scraper] 🚀 Initializing scraper...
2026-04-11 19:06:19 | INFO     | ss_crawler | [database] [database] Database connected: localhost:5433/ss_market
2026-04-11 19:06:19 | INFO     | ss_crawler | [scraper] [scraper] 📦 Database: postgresql+psycopg2://crawler:crawler_pass@localhost:5433/ss_market
2026-04-11 19:06:19 | INFO     | ss_crawler | [matcher] [matcher] GPUMatcher initialized with 627 GPUs
2026-04-11 19:06:19 | INFO     | ss_crawler | [scraper] [scraper] 🎮 Loaded 627 GPU references
2026-04-11 19:06:19 | INFO     | ss_crawler | [scraper] [scraper] 🚀 Initializing scraper...
2026-04-11 19:06:19 | INFO     | ss_crawler | [scraper] [scraper] 📦 Database: postgresql+psycopg2://crawler:crawler_pass@localhost:5433/ss_market
2026-04-11 19:06:19 | INFO     | ss_crawler | [matcher] [matcher] GPUMatcher initialized with 627 GPUs
2026-04-11 19:06:19 | INFO     | ss_crawler | [scraper] [scraper] 🎮 Loaded 627 GPU references
2026-04-11 19:06:19 | INFO     | ss_crawler | [scraper] [scraper] 🔍 Single URL mode: https://www.ss.com/msg/lv/electronics/computers/completing-pc/video/lmkjk.html
2026-04-11 19:06:19 | INFO     | ss_crawler | [crawler] [crawler] Fetching single listing: https://www.ss.com/msg/lv/electronics/computers/completing-pc/video/lmkjk.html
2026-04-11 19:06:21 | INFO     | ss_crawler | [repository] [repository] New listing created: lmkjk
2026-04-11 19:07:47 | INFO     | ss_crawler | [scraper] [scraper] 🚀 Initializing scraper...
2026-04-11 19:07:47 | INFO     | ss_crawler | [database] [database] Database connected: localhost:5433/ss_market
2026-04-11 19:07:47 | INFO     | ss_crawler | [scraper] [scraper] 📦 Database: postgresql+psycopg2://crawler:crawler_pass@localhost:5433/ss_market
2026-04-11 19:07:47 | INFO     | ss_crawler | [matcher] [matcher] GPUMatcher initialized with 627 GPUs
2026-04-11 19:07:47 | INFO     | ss_crawler | [scraper] [scraper] 🎮 Loaded 627 GPU references
2026-04-11 19:07:47 | INFO     | ss_crawler | [scraper] [scraper] 🚀 Initializing scraper...
2026-04-11 19:07:47 | INFO     | ss_crawler | [scraper] [scraper] 📦 Database: postgresql+psycopg2://crawler:crawler_pass@localhost:5433/ss_market
2026-04-11 19:07:47 | INFO     | ss_crawler | [matcher] [matcher] GPUMatcher initialized with 627 GPUs
2026-04-11 19:07:47 | INFO     | ss_crawler | [scraper] [scraper] 🎮 Loaded 627 GPU references
2026-04-11 19:07:47 | INFO     | ss_crawler | [scraper] [scraper] 🔍 Single URL mode: https://www.ss.com/msg/lv/electronics/computers/completing-pc/video/lofxl.html
2026-04-11 19:07:47 | INFO     | ss_crawler | [crawler] [crawler] Fetching single listing: https://www.ss.com/msg/lv/electronics/computers/completing-pc/video/lofxl.html
2026-04-11 19:07:51 | INFO     | ss_crawler | [repository] [repository] New listing created: lofxl
2026-04-11 19:11:25 | INFO     | ss_crawler | [scraper] [scraper] 🚀 Initializing scraper...
2026-04-11 19:11:25 | INFO     | ss_crawler | [database] [database] Database connected: localhost:5433/ss_market
2026-04-11 19:11:25 | INFO     | ss_crawler | [scraper] [scraper] 📦 Database: postgresql+psycopg2://crawler:crawler_pass@localhost:5433/ss_market
2026-04-11 19:11:25 | INFO     | ss_crawler | [matcher] [matcher] GPUMatcher initialized with 627 GPUs
2026-04-11 19:11:25 | INFO     | ss_crawler | [scraper] [scraper] 🎮 Loaded 627 GPU references
2026-04-11 19:11:25 | INFO     | ss_crawler | [scraper] [scraper] 🚀 Initializing scraper...
2026-04-11 19:11:25 | INFO     | ss_crawler | [scraper] [scraper] 📦 Database: postgresql+psycopg2://crawler:crawler_pass@localhost:5433/ss_market
2026-04-11 19:11:25 | INFO     | ss_crawler | [matcher] [matcher] GPUMatcher initialized with 627 GPUs
2026-04-11 19:11:25 | INFO     | ss_crawler | [scraper] [scraper] 🎮 Loaded 627 GPU references
2026-04-11 19:11:25 | INFO     | ss_crawler | [scraper] [scraper] 🔍 Single URL mode: https://www.ss.com/msg/lv/electronics/computers/completing-pc/video/lofxl.html
2026-04-11 19:11:25 | INFO     | ss_crawler | [crawler] [crawler] Fetching single listing: https://www.ss.com/msg/lv/electronics/computers/completing-pc/video/lofxl.html
2026-04-11 19:11:28 | INFO     | ss_crawler | [repository] [repository] New listing created: lofxl
2026-04-11 19:18:22 | INFO     | ss_crawler | [scraper] [scraper] 🚀 Initializing scraper...
2026-04-11 19:18:22 | INFO     | ss_crawler | [database] [database] Database connected: localhost:5433/ss_market
2026-04-11 19:18:22 | INFO     | ss_crawler | [scraper] [scraper] 📦 Database: postgresql+psycopg2://crawler:crawler_pass@localhost:5433/ss_market
2026-04-11 19:18:22 | INFO     | ss_crawler | [matcher] [matcher] GPUMatcher initialized with 627 GPUs
2026-04-11 19:18:22 | INFO     | ss_crawler | [scraper] [scraper] 🎮 Loaded 627 GPU references
2026-04-11 19:18:22 | INFO     | ss_crawler | [scraper] [scraper] 🚀 Initializing scraper...
2026-04-11 19:18:22 | INFO     | ss_crawler | [scraper] [scraper] 📦 Database: postgresql+psycopg2://crawler:crawler_pass@localhost:5433/ss_market
2026-04-11 19:18:22 | INFO     | ss_crawler | [matcher] [matcher] GPUMatcher initialized with 627 GPUs
2026-04-11 19:18:22 | INFO     | ss_crawler | [scraper] [scraper] 🎮 Loaded 627 GPU references
2026-04-11 19:18:22 | INFO     | ss_crawler | [scraper] [scraper] 🔍 Single URL mode: https://www.ss.com/msg/lv/electronics/computers/completing-pc/video/fjdox.html
2026-04-11 19:18:22 | INFO     | ss_crawler | [crawler] [crawler] Fetching single listing: https://www.ss.com/msg/lv/electronics/computers/completing-pc/video/fjdox.html
2026-04-11 19:18:25 | INFO     | ss_crawler | [repository] [repository] New listing created: fjdox
2026-04-11 19:21:44 | INFO     | ss_crawler | [database] [database] Database connected: localhost:5433/ss_market
2026-04-11 19:22:14 | INFO     | ss_crawler | [database] [database] Database connected: localhost:5433/ss_market
2026-04-11 19:22:14 | INFO     | ss_crawler | [matcher] [matcher] GPUMatcher initialized with 627 GPUs
2026-04-11 19:25:21 | INFO     | ss_crawler | [database] [database] Database connected: localhost:5433/ss_market
2026-04-11 19:25:21 | INFO     | ss_crawler | [matcher] [matcher] GPUMatcher initialized with 627 GPUs
2026-04-11 19:25:51 | INFO     | ss_crawler | [database] [database] Database connected: localhost:5433/ss_market
2026-04-11 19:25:51 | INFO     | ss_crawler | [matcher] [matcher] GPUMatcher initialized with 627 GPUs
2026-04-11 19:25:56 | INFO     | ss_crawler | [scraper] [scraper] 🚀 Initializing scraper...
2026-04-11 19:25:56 | INFO     | ss_crawler | [database] [database] Database connected: localhost:5433/ss_market
2026-04-11 19:25:56 | INFO     | ss_crawler | [scraper] [scraper] 📦 Database: postgresql+psycopg2://crawler:crawler_pass@localhost:5433/ss_market
2026-04-11 19:25:56 | INFO     | ss_crawler | [matcher] [matcher] GPUMatcher initialized with 627 GPUs
2026-04-11 19:25:56 | INFO     | ss_crawler | [scraper] [scraper] 🎮 Loaded 627 GPU references
2026-04-11 19:25:56 | INFO     | ss_crawler | [scraper] [scraper] 🚀 Initializing scraper...
2026-04-11 19:25:56 | INFO     | ss_crawler | [scraper] [scraper] 📦 Database: postgresql+psycopg2://crawler:crawler_pass@localhost:5433/ss_market
2026-04-11 19:25:56 | INFO     | ss_crawler | [matcher] [matcher] GPUMatcher initialized with 627 GPUs
2026-04-11 19:25:56 | INFO     | ss_crawler | [scraper] [scraper] 🎮 Loaded 627 GPU references
2026-04-11 19:25:56 | INFO     | ss_crawler | [scraper] [scraper] 🔍 Single URL mode: https://www.ss.com/msg/lv/electronics/computers/completing-pc/video/fjdox.html
2026-04-11 19:25:56 | INFO     | ss_crawler | [crawler] [crawler] Fetching single listing: https://www.ss.com/msg/lv/electronics/computers/completing-pc/video/fjdox.html
2026-04-11 19:26:05 | INFO     | ss_crawler | [database] [database] Database connected: localhost:5433/ss_market
2026-04-11 19:26:05 | INFO     | ss_crawler | [matcher] [matcher] GPUMatcher initialized with 627 GPUs
2026-04-11 19:26:14 | INFO     | ss_crawler | [database] [database] Database connected: localhost:5433/ss_market
2026-04-11 19:26:14 | INFO     | ss_crawler | [matcher] [matcher] GPUMatcher initialized with 0 GPUs
2026-04-11 19:26:39 | INFO     | ss_crawler | [database] [database] Database connected: localhost:5433/ss_market
2026-04-11 19:26:40 | INFO     | ss_crawler | [matcher] [matcher] GPUMatcher initialized with 627 GPUs
2026-04-11 19:26:56 | INFO     | ss_crawler | [scraper] [scraper] 🚀 Initializing scraper...
2026-04-11 19:26:56 | INFO     | ss_crawler | [database] [database] Database connected: localhost:5433/ss_market
2026-04-11 19:26:56 | INFO     | ss_crawler | [scraper] [scraper] 📦 Database: postgresql+psycopg2://crawler:crawler_pass@localhost:5433/ss_market
2026-04-11 19:26:56 | INFO     | ss_crawler | [matcher] [matcher] GPUMatcher initialized with 627 GPUs
2026-04-11 19:26:56 | INFO     | ss_crawler | [scraper] [scraper] 🎮 Loaded 627 GPU references
2026-04-11 19:26:56 | INFO     | ss_crawler | [scraper] [scraper] 🚀 Initializing scraper...
2026-04-11 19:26:56 | INFO     | ss_crawler | [scraper] [scraper] 📦 Database: postgresql+psycopg2://crawler:crawler_pass@localhost:5433/ss_market
2026-04-11 19:26:56 | INFO     | ss_crawler | [matcher] [matcher] GPUMatcher initialized with 627 GPUs
2026-04-11 19:26:56 | INFO     | ss_crawler | [scraper] [scraper] 🎮 Loaded 627 GPU references
2026-04-11 19:26:56 | INFO     | ss_crawler | [scraper] [scraper] 🔍 Single URL mode: https://www.ss.com/msg/lv/electronics/computers/completing-pc/video/fjdox.html
2026-04-11 19:26:56 | INFO     | ss_crawler | [crawler] [crawler] Fetching single listing: https://www.ss.com/msg/lv/electronics/computers/completing-pc/video/fjdox.html
2026-04-11 19:27:56 | INFO     | ss_crawler | [scraper] [scraper] 🚀 Initializing scraper...
2026-04-11 19:27:56 | INFO     | ss_crawler | [database] [database] Database connected: localhost:5433/ss_market
2026-04-11 19:27:56 | INFO     | ss_crawler | [scraper] [scraper] 📦 Database: postgresql+psycopg2://crawler:crawler_pass@localhost:5433/ss_market
2026-04-11 19:27:56 | INFO     | ss_crawler | [matcher] [matcher] GPUMatcher initialized with 627 GPUs
2026-04-11 19:27:56 | INFO     | ss_crawler | [scraper] [scraper] 🎮 Loaded 627 GPU references
2026-04-11 19:27:56 | INFO     | ss_crawler | [scraper] [scraper] 🚀 Initializing scraper...
2026-04-11 19:27:56 | INFO     | ss_crawler | [scraper] [scraper] 📦 Database: postgresql+psycopg2://crawler:crawler_pass@localhost:5433/ss_market
2026-04-11 19:27:56 | INFO     | ss_crawler | [matcher] [matcher] GPUMatcher initialized with 627 GPUs
2026-04-11 19:27:56 | INFO     | ss_crawler | [scraper] [scraper] 🎮 Loaded 627 GPU references
2026-04-11 19:27:56 | INFO     | ss_crawler | [scraper] [scraper] 🔍 Single URL mode: https://www.ss.com/msg/lv/electronics/computers/completing-pc/video/fjdox.html
2026-04-11 19:27:56 | INFO     | ss_crawler | [crawler] [crawler] Fetching single listing: https://www.ss.com/msg/lv/electronics/computers/completing-pc/video/fjdox.html
2026-04-11 19:27:58 | INFO     | ss_crawler | [repository] [repository] New listing created: fjdox
2026-04-11 19:28:37 | INFO     | ss_crawler | [scraper] [scraper] 🚀 Initializing scraper...
2026-04-11 19:28:37 | INFO     | ss_crawler | [database] [database] Database connected: localhost:5433/ss_market
2026-04-11 19:28:37 | INFO     | ss_crawler | [scraper] [scraper] 📦 Database: postgresql+psycopg2://crawler:crawler_pass@localhost:5433/ss_market
2026-04-11 19:28:37 | INFO     | ss_crawler | [matcher] [matcher] GPUMatcher initialized with 627 GPUs
2026-04-11 19:28:37 | INFO     | ss_crawler | [scraper] [scraper] 🎮 Loaded 627 GPU references
2026-04-11 19:28:37 | INFO     | ss_crawler | [scraper] [scraper] 🚀 Initializing scraper...
2026-04-11 19:28:37 | INFO     | ss_crawler | [scraper] [scraper] 📦 Database: postgresql+psycopg2://crawler:crawler_pass@localhost:5433/ss_market
2026-04-11 19:28:37 | INFO     | ss_crawler | [matcher] [matcher] GPUMatcher initialized with 627 GPUs
2026-04-11 19:28:37 | INFO     | ss_crawler | [scraper] [scraper] 🎮 Loaded 627 GPU references
2026-04-11 19:28:37 | INFO     | ss_crawler | [scraper] [scraper] 🔍 Single URL mode: https://www.ss.com/msg/lv/electronics/computers/completing-pc/video/nhdnf.html
2026-04-11 19:28:37 | INFO     | ss_crawler | [crawler] [crawler] Fetching single listing: https://www.ss.com/msg/lv/electronics/computers/completing-pc/video/nhdnf.html
2026-04-11 19:30:00 | INFO     | ss_crawler | [database] [database] Database connected: localhost:5433/ss_market
2026-04-11 19:30:00 | INFO     | ss_crawler | [matcher] [matcher] GPUMatcher initialized with 627 GPUs
2026-04-11 19:30:55 | INFO     | ss_crawler | [database] [database] Database connected: localhost:5433/ss_market
2026-04-11 19:52:21 | INFO     | ss_crawler | [database] [database] Database connected: localhost:5433/ss_market
2026-04-11 19:53:11 | INFO     | ss_crawler | [database] [database] Database connected: localhost:5433/ss_market
2026-04-11 19:53:11 | INFO     | ss_crawler | [matcher] [matcher] GPUMatcher initialized with 631 GPUs
2026-04-11 19:53:31 | INFO     | ss_crawler | [scraper] [scraper] 🚀 Initializing scraper...
2026-04-11 19:53:31 | INFO     | ss_crawler | [database] [database] Database connected: localhost:5433/ss_market
2026-04-11 19:53:31 | INFO     | ss_crawler | [scraper] [scraper] 📦 Database: postgresql+psycopg2://crawler:crawler_pass@localhost:5433/ss_market
2026-04-11 19:53:32 | INFO     | ss_crawler | [matcher] [matcher] GPUMatcher initialized with 631 GPUs
2026-04-11 19:53:32 | INFO     | ss_crawler | [scraper] [scraper] 🎮 Loaded 631 GPU references
2026-04-11 19:53:32 | INFO     | ss_crawler | [scraper] [scraper] 🚀 Initializing scraper...
2026-04-11 19:53:32 | INFO     | ss_crawler | [scraper] [scraper] 📦 Database: postgresql+psycopg2://crawler:crawler_pass@localhost:5433/ss_market
2026-04-11 19:53:32 | INFO     | ss_crawler | [matcher] [matcher] GPUMatcher initialized with 631 GPUs
2026-04-11 19:53:32 | INFO     | ss_crawler | [scraper] [scraper] 🎮 Loaded 631 GPU references
2026-04-11 19:53:32 | INFO     | ss_crawler | [scraper] [scraper] 🔍 Single URL mode: https://www.ss.com/msg/lv/electronics/computers/completing-pc/video/nhdnf.html
2026-04-11 19:53:32 | INFO     | ss_crawler | [crawler] [crawler] Fetching single listing: https://www.ss.com/msg/lv/electronics/computers/completing-pc/video/nhdnf.html
2026-04-11 19:53:34 | INFO     | ss_crawler | [repository] [repository] New listing created: nhdnf
2026-04-11 19:54:18 | INFO     | ss_crawler | [database] [database] Database connected: localhost:5433/ss_market
2026-04-11 19:54:18 | INFO     | ss_crawler | [matcher] [matcher] GPUMatcher initialized with 631 GPUs
2026-04-11 19:54:37 | INFO     | ss_crawler | [database] [database] Database connected: localhost:5433/ss_market
2026-04-11 19:54:41 | INFO     | ss_crawler | [database] [database] Database connected: localhost:5433/ss_market
2026-04-11 19:54:41 | INFO     | ss_crawler | [matcher] [matcher] GPUMatcher initialized with 631 GPUs
2026-04-11 19:55:48 | INFO     | ss_crawler | [database] [database] Database connected: localhost:5433/ss_market
2026-04-11 19:55:48 | INFO     | ss_crawler | [matcher] [matcher] GPUMatcher initialized with 631 GPUs
2026-04-11 19:55:55 | INFO     | ss_crawler | [scraper] [scraper] 🚀 Initializing scraper...
2026-04-11 19:55:55 | INFO     | ss_crawler | [database] [database] Database connected: localhost:5433/ss_market
2026-04-11 19:55:55 | INFO     | ss_crawler | [scraper] [scraper] 📦 Database: postgresql+psycopg2://crawler:crawler_pass@localhost:5433/ss_market
2026-04-11 19:55:55 | INFO     | ss_crawler | [matcher] [matcher] GPUMatcher initialized with 631 GPUs
2026-04-11 19:55:55 | INFO     | ss_crawler | [scraper] [scraper] 🎮 Loaded 631 GPU references
2026-04-11 19:55:55 | INFO     | ss_crawler | [scraper] [scraper] 🚀 Initializing scraper...
2026-04-11 19:55:55 | INFO     | ss_crawler | [scraper] [scraper] 📦 Database: postgresql+psycopg2://crawler:crawler_pass@localhost:5433/ss_market
2026-04-11 19:55:55 | INFO     | ss_crawler | [matcher] [matcher] GPUMatcher initialized with 631 GPUs
2026-04-11 19:55:55 | INFO     | ss_crawler | [scraper] [scraper] 🎮 Loaded 631 GPU references
2026-04-11 19:55:55 | INFO     | ss_crawler | [scraper] [scraper] 🔍 Single URL mode: https://www.ss.com/msg/lv/electronics/computers/completing-pc/video/nhdnf.html
2026-04-11 19:55:55 | INFO     | ss_crawler | [crawler] [crawler] Fetching single listing: https://www.ss.com/msg/lv/electronics/computers/completing-pc/video/nhdnf.html
2026-04-11 19:56:52 | INFO     | ss_crawler | [scraper] [scraper] 🚀 Initializing scraper...
2026-04-11 19:56:52 | INFO     | ss_crawler | [database] [database] Database connected: localhost:5433/ss_market
2026-04-11 19:56:52 | INFO     | ss_crawler | [scraper] [scraper] 📦 Database: postgresql+psycopg2://crawler:crawler_pass@localhost:5433/ss_market
2026-04-11 19:56:53 | INFO     | ss_crawler | [matcher] [matcher] GPUMatcher initialized with 631 GPUs
2026-04-11 19:56:53 | INFO     | ss_crawler | [scraper] [scraper] 🎮 Loaded 631 GPU references
2026-04-11 19:56:53 | INFO     | ss_crawler | [scraper] [scraper] 🚀 Initializing scraper...
2026-04-11 19:56:53 | INFO     | ss_crawler | [scraper] [scraper] 📦 Database: postgresql+psycopg2://crawler:crawler_pass@localhost:5433/ss_market
2026-04-11 19:56:53 | INFO     | ss_crawler | [matcher] [matcher] GPUMatcher initialized with 631 GPUs
2026-04-11 19:56:53 | INFO     | ss_crawler | [scraper] [scraper] 🎮 Loaded 631 GPU references
2026-04-11 19:56:53 | INFO     | ss_crawler | [scraper] [scraper] 🔍 Single URL mode: https://www.ss.com/msg/lv/electronics/computers/completing-pc/video/nhdnf.html
2026-04-11 19:56:53 | INFO     | ss_crawler | [crawler] [crawler] Fetching single listing: https://www.ss.com/msg/lv/electronics/computers/completing-pc/video/nhdnf.html
2026-04-11 20:02:17 | INFO     | ss_crawler | [database] [database] Database connected: localhost:5433/ss_market
2026-04-11 20:03:45 | INFO     | ss_crawler | [scraper] [scraper] 🚀 Initializing scraper...
2026-04-11 20:03:45 | INFO     | ss_crawler | [database] [database] Database connected: localhost:5433/ss_market
2026-04-11 20:03:45 | INFO     | ss_crawler | [scraper] [scraper] 📦 Database: postgresql+psycopg2://crawler:crawler_pass@localhost:5433/ss_market
2026-04-11 20:03:45 | INFO     | ss_crawler | [matcher] [matcher] GPUMatcher initialized with 631 GPUs
2026-04-11 20:03:45 | INFO     | ss_crawler | [scraper] [scraper] 🎮 Loaded 631 GPU references
2026-04-11 20:03:45 | INFO     | ss_crawler | [scraper] [scraper] 🚀 Initializing scraper...
2026-04-11 20:03:45 | INFO     | ss_crawler | [scraper] [scraper] 📦 Database: postgresql+psycopg2://crawler:crawler_pass@localhost:5433/ss_market
2026-04-11 20:03:45 | INFO     | ss_crawler | [matcher] [matcher] GPUMatcher initialized with 631 GPUs
2026-04-11 20:03:45 | INFO     | ss_crawler | [scraper] [scraper] 🎮 Loaded 631 GPU references
2026-04-11 20:03:45 | INFO     | ss_crawler | [scraper] [scraper] 🔍 Single URL mode: https://www.ss.com/msg/lv/electronics/computers/completing-pc/video/nhdnf.html
2026-04-11 20:03:45 | INFO     | ss_crawler | [crawler] [crawler] Fetching single listing: https://www.ss.com/msg/lv/electronics/computers/completing-pc/video/nhdnf.html
2026-04-11 20:04:01 | INFO     | ss_crawler | [database] [database] Database connected: localhost:5433/ss_market
2026-04-11 20:17:32 | INFO     | ss_crawler | [scraper] [scraper] 🚀 Initializing scraper...
2026-04-11 20:17:32 | INFO     | ss_crawler | [database] [database] Database connected: localhost:5433/ss_market
2026-04-11 20:17:32 | INFO     | ss_crawler | [scraper] [scraper] 📦 Database: postgresql+psycopg2://crawler:crawler_pass@localhost:5433/ss_market
2026-04-11 20:17:32 | INFO     | ss_crawler | [matcher] [matcher] GPUMatcher initialized with 631 GPUs
2026-04-11 20:17:32 | INFO     | ss_crawler | [scraper] [scraper] 🎮 Loaded 631 GPU references
2026-04-11 20:17:32 | INFO     | ss_crawler | [scraper] [scraper] 🚀 Initializing scraper...
2026-04-11 20:17:32 | INFO     | ss_crawler | [scraper] [scraper] 📦 Database: postgresql+psycopg2://crawler:crawler_pass@localhost:5433/ss_market
2026-04-11 20:17:32 | INFO     | ss_crawler | [matcher] [matcher] GPUMatcher initialized with 631 GPUs
2026-04-11 20:17:32 | INFO     | ss_crawler | [scraper] [scraper] 🎮 Loaded 631 GPU references
2026-04-11 20:17:32 | INFO     | ss_crawler | [scraper] [scraper] 🔍 Single URL mode: https://www.ss.com/msg/lv/electronics/computers/completing-pc/video/nhdnf.html
2026-04-11 20:17:32 | INFO     | ss_crawler | [crawler] [crawler] Fetching single listing: https://www.ss.com/msg/lv/electronics/computers/completing-pc/video/nhdnf.html
2026-04-11 20:17:34 | INFO     | ss_crawler | [repository] [repository] New listing created: nhdnf
2026-04-11 20:18:17 | INFO     | ss_crawler | [scraper] [scraper] 🚀 Initializing scraper...
2026-04-11 20:18:17 | INFO     | ss_crawler | [database] [database] Database connected: localhost:5433/ss_market
2026-04-11 20:18:17 | INFO     | ss_crawler | [scraper] [scraper] 📦 Database: postgresql+psycopg2://crawler:crawler_pass@localhost:5433/ss_market
2026-04-11 20:18:17 | INFO     | ss_crawler | [matcher] [matcher] GPUMatcher initialized with 631 GPUs
2026-04-11 20:18:17 | INFO     | ss_crawler | [scraper] [scraper] 🎮 Loaded 631 GPU references
2026-04-11 20:18:17 | INFO     | ss_crawler | [scraper] [scraper] 🚀 Initializing scraper...
2026-04-11 20:18:17 | INFO     | ss_crawler | [scraper] [scraper] 📦 Database: postgresql+psycopg2://crawler:crawler_pass@localhost:5433/ss_market
2026-04-11 20:18:17 | INFO     | ss_crawler | [matcher] [matcher] GPUMatcher initialized with 631 GPUs
2026-04-11 20:18:17 | INFO     | ss_crawler | [scraper] [scraper] 🎮 Loaded 631 GPU references
2026-04-11 20:18:17 | INFO     | ss_crawler | [scraper] [scraper] 🔍 Single URL mode: https://www.ss.com/msg/lv/electronics/computers/completing-pc/video/bolmid.html
2026-04-11 20:18:17 | INFO     | ss_crawler | [crawler] [crawler] Fetching single listing: https://www.ss.com/msg/lv/electronics/computers/completing-pc/video/bolmid.html
2026-04-11 20:22:31 | INFO     | ss_crawler | [scraper] [scraper] 🚀 Initializing scraper...
2026-04-11 20:22:31 | INFO     | ss_crawler | [database] [database] Database connected: localhost:5433/ss_market
2026-04-11 20:22:31 | INFO     | ss_crawler | [scraper] [scraper] 📦 Database: postgresql+psycopg2://crawler:crawler_pass@localhost:5433/ss_market
2026-04-11 20:22:31 | INFO     | ss_crawler | [matcher] [matcher] GPUMatcher initialized with 631 GPUs
2026-04-11 20:22:31 | INFO     | ss_crawler | [scraper] [scraper] 🎮 Loaded 631 GPU references
2026-04-11 20:22:31 | INFO     | ss_crawler | [scraper] [scraper] 🚀 Initializing scraper...
2026-04-11 20:22:31 | INFO     | ss_crawler | [scraper] [scraper] 📦 Database: postgresql+psycopg2://crawler:crawler_pass@localhost:5433/ss_market
2026-04-11 20:22:31 | INFO     | ss_crawler | [matcher] [matcher] GPUMatcher initialized with 631 GPUs
2026-04-11 20:22:31 | INFO     | ss_crawler | [scraper] [scraper] 🎮 Loaded 631 GPU references
2026-04-11 20:22:31 | INFO     | ss_crawler | [scraper] [scraper] 🔍 Single URL mode: https://www.ss.com/msg/lv/electronics/computers/completing-pc/video/bolmid.html
2026-04-11 20:22:31 | INFO     | ss_crawler | [crawler] [crawler] Fetching single listing: https://www.ss.com/msg/lv/electronics/computers/completing-pc/video/bolmid.html
2026-04-11 20:29:56 | INFO     | ss_crawler | [scraper] [scraper] 🚀 Initializing scraper...
2026-04-11 20:29:56 | INFO     | ss_crawler | [database] [database] Database connected: localhost:5433/ss_market
2026-04-11 20:29:56 | INFO     | ss_crawler | [scraper] [scraper] 📦 Database: postgresql+psycopg2://crawler:crawler_pass@localhost:5433/ss_market
2026-04-11 20:29:56 | INFO     | ss_crawler | [matcher] [matcher] GPUMatcher initialized with 631 GPUs
2026-04-11 20:29:56 | INFO     | ss_crawler | [scraper] [scraper] 🎮 Loaded 631 GPU references
2026-04-11 20:29:56 | INFO     | ss_crawler | [scraper] [scraper] 🚀 Initializing scraper...
2026-04-11 20:29:56 | INFO     | ss_crawler | [scraper] [scraper] 📦 Database: postgresql+psycopg2://crawler:crawler_pass@localhost:5433/ss_market
2026-04-11 20:29:56 | INFO     | ss_crawler | [matcher] [matcher] GPUMatcher initialized with 631 GPUs
2026-04-11 20:29:56 | INFO     | ss_crawler | [scraper] [scraper] 🎮 Loaded 631 GPU references
2026-04-11 20:29:56 | INFO     | ss_crawler | [scraper] [scraper] 🔍 Single URL mode: https://www.ss.com/msg/lv/electronics/computers/completing-pc/video/bolmid.html
2026-04-11 20:29:56 | INFO     | ss_crawler | [crawler] [crawler] Fetching single listing: https://www.ss.com/msg/lv/electronics/computers/completing-pc/video/bolmid.html
2026-04-11 20:29:58 | INFO     | ss_crawler | [repository] [repository] New listing created: bolmid
2026-04-11 20:30:14 | INFO     | ss_crawler | [scraper] [scraper] 🚀 Initializing scraper...
2026-04-11 20:30:14 | INFO     | ss_crawler | [database] [database] Database connected: localhost:5433/ss_market
2026-04-11 20:30:14 | INFO     | ss_crawler | [scraper] [scraper] 📦 Database: postgresql+psycopg2://crawler:crawler_pass@localhost:5433/ss_market
2026-04-11 20:30:14 | INFO     | ss_crawler | [matcher] [matcher] GPUMatcher initialized with 631 GPUs
2026-04-11 20:30:14 | INFO     | ss_crawler | [scraper] [scraper] 🎮 Loaded 631 GPU references
2026-04-11 20:30:14 | INFO     | ss_crawler | [scraper] [scraper] 🚀 Initializing scraper...
2026-04-11 20:30:14 | INFO     | ss_crawler | [scraper] [scraper] 📦 Database: postgresql+psycopg2://crawler:crawler_pass@localhost:5433/ss_market
2026-04-11 20:30:14 | INFO     | ss_crawler | [matcher] [matcher] GPUMatcher initialized with 631 GPUs
2026-04-11 20:30:14 | INFO     | ss_crawler | [scraper] [scraper] 🎮 Loaded 631 GPU references
2026-04-11 20:30:14 | INFO     | ss_crawler | [scraper] [scraper] 🔍 Single URL mode: https://www.ss.com/msg/lv/electronics/computers/completing-pc/video/bolmid.html
2026-04-11 20:30:14 | INFO     | ss_crawler | [crawler] [crawler] Fetching single listing: https://www.ss.com/msg/lv/electronics/computers/completing-pc/video/bolmid.html
2026-04-11 20:31:48 | INFO     | ss_crawler | [database] [database] Database connected: localhost:5432/ss_market
2026-04-11 20:31:48 | ERROR    | ss_crawler | [database] [database] Database transaction failed: (psycopg2.OperationalError) connection to server at "localhost" (::1), port 5432 failed: FATAL:  password authentication failed for user "crawler"

(Background on this error at: https://sqlalche.me/e/20/e3q8)
2026-04-11 20:32:00 | INFO     | ss_crawler | [database] [database] Database connected: localhost:5433/ss_market
2026-04-11 20:32:00 | INFO     | ss_crawler | [matcher] [matcher] GPUMatcher initialized with 631 GPUs
2026-04-11 20:33:44 | INFO     | ss_crawler | [scraper] [scraper] 🚀 Initializing scraper...
2026-04-11 20:33:44 | INFO     | ss_crawler | [database] [database] Database connected: localhost:5433/ss_market
2026-04-11 20:33:44 | INFO     | ss_crawler | [scraper] [scraper] 📦 Database: postgresql+psycopg2://crawler:crawler_pass@localhost:5433/ss_market
2026-04-11 20:33:44 | INFO     | ss_crawler | [matcher] [matcher] GPUMatcher initialized with 631 GPUs
2026-04-11 20:33:44 | INFO     | ss_crawler | [scraper] [scraper] 🎮 Loaded 631 GPU references
2026-04-11 20:33:44 | INFO     | ss_crawler | [scraper] [scraper] 🚀 Initializing scraper...
2026-04-11 20:33:44 | INFO     | ss_crawler | [scraper] [scraper] 📦 Database: postgresql+psycopg2://crawler:crawler_pass@localhost:5433/ss_market
2026-04-11 20:33:44 | INFO     | ss_crawler | [matcher] [matcher] GPUMatcher initialized with 631 GPUs
2026-04-11 20:33:44 | INFO     | ss_crawler | [scraper] [scraper] 🎮 Loaded 631 GPU references
2026-04-11 20:33:44 | INFO     | ss_crawler | [scraper] [scraper] 🔍 Single URL mode: https://www.ss.com/msg/lv/electronics/computers/completing-pc/video/bipoeb.html
2026-04-11 20:33:44 | INFO     | ss_crawler | [crawler] [crawler] Fetching single listing: https://www.ss.com/msg/lv/electronics/computers/completing-pc/video/bipoeb.html
2026-04-11 20:33:47 | INFO     | ss_crawler | [repository] [repository] New listing created: bipoeb
2026-04-11 20:34:57 | INFO     | ss_crawler | [scraper] [scraper] 🚀 Initializing scraper...
2026-04-11 20:34:57 | INFO     | ss_crawler | [database] [database] Database connected: localhost:5433/ss_market
2026-04-11 20:34:57 | INFO     | ss_crawler | [scraper] [scraper] 📦 Database: postgresql+psycopg2://crawler:crawler_pass@localhost:5433/ss_market
2026-04-11 20:34:57 | INFO     | ss_crawler | [matcher] [matcher] GPUMatcher initialized with 631 GPUs
2026-04-11 20:34:57 | INFO     | ss_crawler | [scraper] [scraper] 🎮 Loaded 631 GPU references
2026-04-11 20:34:57 | INFO     | ss_crawler | [scraper] [scraper] 🚀 Initializing scraper...
2026-04-11 20:34:57 | INFO     | ss_crawler | [scraper] [scraper] 📦 Database: postgresql+psycopg2://crawler:crawler_pass@localhost:5433/ss_market
2026-04-11 20:34:57 | INFO     | ss_crawler | [matcher] [matcher] GPUMatcher initialized with 631 GPUs
2026-04-11 20:34:57 | INFO     | ss_crawler | [scraper] [scraper] 🎮 Loaded 631 GPU references
2026-04-11 20:34:57 | INFO     | ss_crawler | [scraper] [scraper] 🔍 Single URL mode: https://www.ss.com/msg/lv/electronics/computers/completing-pc/video/epexo.html
2026-04-11 20:34:57 | INFO     | ss_crawler | [crawler] [crawler] Fetching single listing: https://www.ss.com/msg/lv/electronics/computers/completing-pc/video/epexo.html
2026-04-11 20:35:00 | INFO     | ss_crawler | [repository] [repository] New listing created: epexo
2026-04-11 20:37:14 | INFO     | ss_crawler | [database] [database] Database connected: localhost:5433/ss_market
2026-04-11 20:37:14 | INFO     | ss_crawler | [matcher] [matcher] GPUMatcher initialized with 631 GPUs
2026-04-11 20:37:31 | INFO     | ss_crawler | [database] [database] Database connected: localhost:5433/ss_market
2026-04-11 20:37:43 | INFO     | ss_crawler | [database] [database] Database connected: localhost:5433/ss_market
2026-04-11 20:37:46 | INFO     | ss_crawler | [database] [database] Database connected: localhost:5433/ss_market
2026-04-11 20:37:46 | INFO     | ss_crawler | [matcher] [matcher] GPUMatcher initialized with 631 GPUs
2026-04-11 20:38:28 | INFO     | ss_crawler | [database] [database] Database connected: localhost:5433/ss_market
2026-04-11 20:38:28 | INFO     | ss_crawler | [matcher] [matcher] GPUMatcher initialized with 631 GPUs
2026-04-11 20:42:08 | INFO     | ss_crawler | [scraper] [scraper] 🚀 Initializing scraper...
2026-04-11 20:42:08 | INFO     | ss_crawler | [database] [database] Database connected: localhost:5433/ss_market
2026-04-11 20:42:08 | INFO     | ss_crawler | [scraper] [scraper] 📦 Database: postgresql+psycopg2://crawler:crawler_pass@localhost:5433/ss_market
2026-04-11 20:42:08 | INFO     | ss_crawler | [matcher] [matcher] GPUMatcher initialized with 631 GPUs
2026-04-11 20:42:08 | INFO     | ss_crawler | [scraper] [scraper] 🎮 Loaded 631 GPU references
2026-04-11 20:42:08 | ERROR    | ss_crawler | [database] [database] Database transaction failed: (psycopg2.ProgrammingError) can't adapt type 'dict'
[SQL: 
                INSERT INTO scrape_runs (category, config_snapshot)
                VALUES (%(category)s, %(config)s)
                RETURNING id
            ]
[parameters: {'category': 'gpu', 'config': {'test_mode': False, 'max_listings': 0, 'min_confidence': 0.7}}]
(Background on this error at: https://sqlalche.me/e/20/f405)
2026-04-11 20:47:38 | INFO     | ss_crawler | [scraper] [scraper] 🚀 Initializing scraper...
2026-04-11 20:47:38 | INFO     | ss_crawler | [database] [database] Database connected: localhost:5433/ss_market
2026-04-11 20:47:38 | INFO     | ss_crawler | [scraper] [scraper] 📦 Database: postgresql+psycopg2://crawler:crawler_pass@localhost:5433/ss_market
2026-04-11 20:47:38 | INFO     | ss_crawler | [matcher] [matcher] GPUMatcher initialized with 631 GPUs
2026-04-11 20:47:38 | INFO     | ss_crawler | [scraper] [scraper] 🎮 Loaded 631 GPU references
2026-04-11 20:47:38 | INFO     | ss_crawler | [scraper] [scraper] 📊 Scrape run started: ID 1
2026-04-11 20:47:38 | INFO     | ss_crawler | [scraper] [scraper] 📄 Fetching category: https://www.ss.com/lv/electronics/computers/completing-pc/video/
2026-04-11 20:47:38 | INFO     | ss_crawler | [crawler] [crawler] Fetching category page: https://www.ss.com/lv/electronics/computers/completing-pc/video/
2026-04-11 20:47:42 | INFO     | ss_crawler | [parser] [parser] Found 0 listings on page
2026-04-11 20:47:42 | INFO     | ss_crawler | [scraper] [scraper] 🔍 Found 0 listings to process
2026-04-11 20:47:42 | INFO     | ss_crawler | [scraper] [scraper] 📄 Fetching category: https://www.ss.com/lv/electronics/computers/completing-pc/video/page2.html
2026-04-11 20:47:42 | INFO     | ss_crawler | [crawler] [crawler] Fetching category page: https://www.ss.com/lv/electronics/computers/completing-pc/video/page2.html
2026-04-11 20:47:45 | INFO     | ss_crawler | [parser] [parser] Found 0 listings on page
2026-04-11 20:47:45 | INFO     | ss_crawler | [scraper] [scraper] 🔍 Found 0 listings to process
2026-04-11 20:47:45 | INFO     | ss_crawler | [scraper] [scraper] 📄 Fetching category: https://www.ss.com/lv/electronics/computers/completing-pc/video/page3.html
2026-04-11 20:47:45 | INFO     | ss_crawler | [crawler] [crawler] Fetching category page: https://www.ss.com/lv/electronics/computers/completing-pc/video/page3.html
2026-04-11 20:47:47 | INFO     | ss_crawler | [parser] [parser] Found 0 listings on page
2026-04-11 20:47:47 | INFO     | ss_crawler | [scraper] [scraper] 🔍 Found 0 listings to process
2026-04-11 20:47:47 | INFO     | ss_crawler | [scraper] [scraper] 📄 Fetching category: https://www.ss.com/lv/electronics/computers/completing-pc/video/page4.html
2026-04-11 20:47:47 | INFO     | ss_crawler | [crawler] [crawler] Fetching category page: https://www.ss.com/lv/electronics/computers/completing-pc/video/page4.html
2026-04-11 20:47:50 | INFO     | ss_crawler | [parser] [parser] Found 0 listings on page
2026-04-11 20:47:50 | INFO     | ss_crawler | [scraper] [scraper] 🔍 Found 0 listings to process
2026-04-11 20:47:50 | INFO     | ss_crawler | [scraper] [scraper] 📄 Fetching category: https://www.ss.com/lv/electronics/computers/completing-pc/video/page5.html
2026-04-11 20:47:50 | INFO     | ss_crawler | [crawler] [crawler] Fetching category page: https://www.ss.com/lv/electronics/computers/completing-pc/video/page5.html
2026-04-11 20:47:52 | INFO     | ss_crawler | [parser] [parser] Found 0 listings on page
2026-04-11 20:47:52 | INFO     | ss_crawler | [scraper] [scraper] 🔍 Found 0 listings to process
2026-04-11 20:47:52 | INFO     | ss_crawler | [scraper] [scraper] 📄 Page limit reached (5), stopping
2026-04-11 20:47:52 | INFO     | ss_crawler | [scraper] [scraper] ✅ Scraping completed successfully
2026-04-11 20:50:56 | INFO     | ss_crawler | [scraper] [scraper] 🚀 Initializing scraper...
2026-04-11 20:50:56 | INFO     | ss_crawler | [database] [database] Database connected: localhost:5433/ss_market
2026-04-11 20:50:56 | INFO     | ss_crawler | [scraper] [scraper] 📦 Database: postgresql+psycopg2://crawler:crawler_pass@localhost:5433/ss_market
2026-04-11 20:50:56 | INFO     | ss_crawler | [matcher] [matcher] GPUMatcher initialized with 631 GPUs
2026-04-11 20:50:56 | INFO     | ss_crawler | [scraper] [scraper] 🎮 Loaded 631 GPU references
2026-04-11 20:50:56 | INFO     | ss_crawler | [scraper] [scraper] 📊 Scrape run started: ID 2
2026-04-11 20:50:56 | INFO     | ss_crawler | [scraper] [scraper] 📄 Fetching category: https://www.ss.com/lv/electronics/computers/completing-pc/video/
2026-04-11 20:50:56 | INFO     | ss_crawler | [crawler] [crawler] Fetching category page: https://www.ss.com/lv/electronics/computers/completing-pc/video/
2026-04-11 20:50:58 | INFO     | ss_crawler | [parser] [parser] Found 60 listings on page
2026-04-11 20:50:58 | INFO     | ss_crawler | [scraper] [scraper] 🔍 Found 60 listings to process
2026-04-11 20:50:58 | INFO     | ss_crawler | [crawler] [crawler] Fetching listing 1/60: https://www.ss.com/msg/lv/electronics/computers/completing-pc/video/bjcdjm.html
2026-04-11 20:51:01 | INFO     | ss_crawler | [repository] [repository] New listing created: bjcdjm
2026-04-11 20:51:01 | INFO     | ss_crawler | [scraper] [scraper] ✨ NEW: Processed: new
2026-04-11 20:51:01 | INFO     | ss_crawler | [crawler] [crawler] Fetching listing 2/60: https://www.ss.com/msg/lv/electronics/computers/completing-pc/video/bjcdjm.html
2026-04-11 20:51:04 | INFO     | ss_crawler | [scraper] [scraper] ⏭️ UNCHANGED: Processed: unchanged
2026-04-11 20:51:04 | INFO     | ss_crawler | [crawler] [crawler] Fetching listing 3/60: https://www.ss.com/msg/lv/electronics/computers/completing-pc/video/bkmenc.html
2026-04-11 20:51:06 | INFO     | ss_crawler | [scraper] [scraper] ⏭️ UNCHANGED: Processed: unchanged
2026-04-11 20:51:06 | INFO     | ss_crawler | [crawler] [crawler] Fetching listing 4/60: https://www.ss.com/msg/lv/electronics/computers/completing-pc/video/bkmenc.html
2026-04-11 20:51:08 | INFO     | ss_crawler | [scraper] [scraper] ⏭️ UNCHANGED: Processed: unchanged
2026-04-11 20:51:08 | INFO     | ss_crawler | [crawler] [crawler] Fetching listing 5/60: https://www.ss.com/msg/lv/electronics/computers/completing-pc/video/fkmij.html
2026-04-11 20:51:11 | INFO     | ss_crawler | [scraper] [scraper] ⏭️ UNCHANGED: Processed: unchanged
2026-04-11 20:51:11 | INFO     | ss_crawler | [crawler] [crawler] Fetching listing 6/60: https://www.ss.com/msg/lv/electronics/computers/completing-pc/video/fkmij.html
2026-04-11 20:51:13 | INFO     | ss_crawler | [scraper] [scraper] ⏭️ UNCHANGED: Processed: unchanged
2026-04-11 20:51:13 | INFO     | ss_crawler | [crawler] [crawler] Fetching listing 7/60: https://www.ss.com/msg/lv/electronics/computers/completing-pc/video/fdjpc.html
2026-04-11 20:51:15 | INFO     | ss_crawler | [repository] [repository] New listing created: fdjpc
2026-04-11 20:51:15 | INFO     | ss_crawler | [scraper] [scraper] ✨ NEW: Processed: new
2026-04-11 20:51:15 | INFO     | ss_crawler | [crawler] [crawler] Fetching listing 8/60: https://www.ss.com/msg/lv/electronics/computers/completing-pc/video/fdjpc.html
2026-04-11 20:51:17 | INFO     | ss_crawler | [scraper] [scraper] ⏭️ UNCHANGED: Processed: unchanged
2026-04-11 20:51:17 | INFO     | ss_crawler | [crawler] [crawler] Fetching listing 9/60: https://www.ss.com/msg/lv/electronics/computers/completing-pc/video/cckmo.html
2026-04-11 20:51:19 | INFO     | ss_crawler | [repository] [repository] New listing created: cckmo
2026-04-11 20:51:19 | INFO     | ss_crawler | [scraper] [scraper] ✨ NEW: Processed: new
2026-04-11 20:51:19 | INFO     | ss_crawler | [crawler] [crawler] Fetching listing 10/60: https://www.ss.com/msg/lv/electronics/computers/completing-pc/video/cckmo.html
2026-04-11 20:51:21 | INFO     | ss_crawler | [scraper] [scraper] ⏭️ UNCHANGED: Processed: unchanged
2026-04-11 20:51:21 | INFO     | ss_crawler | [crawler] [crawler] Fetching listing 11/60: https://www.ss.com/msg/lv/electronics/computers/completing-pc/video/bopjpd.html
2026-04-11 20:51:24 | INFO     | ss_crawler | [repository] [repository] New listing created: bopjpd
2026-04-11 20:51:24 | INFO     | ss_crawler | [scraper] [scraper] ✨ NEW: Processed: new
2026-04-11 20:51:24 | INFO     | ss_crawler | [crawler] [crawler] Fetching listing 12/60: https://www.ss.com/msg/lv/electronics/computers/completing-pc/video/bopjpd.html
2026-04-11 20:51:25 | INFO     | ss_crawler | [scraper] [scraper] ⏭️ UNCHANGED: Processed: unchanged
2026-04-11 20:51:25 | INFO     | ss_crawler | [crawler] [crawler] Fetching listing 13/60: https://www.ss.com/msg/lv/electronics/computers/completing-pc/video/bikkbm.html
2026-04-11 20:51:28 | INFO     | ss_crawler | [repository] [repository] New listing created: bikkbm
2026-04-11 20:51:28 | INFO     | ss_crawler | [scraper] [scraper] ✨ NEW: Processed: new
2026-04-11 20:51:28 | INFO     | ss_crawler | [crawler] [crawler] Fetching listing 14/60: https://www.ss.com/msg/lv/electronics/computers/completing-pc/video/bikkbm.html
2026-04-11 20:51:30 | INFO     | ss_crawler | [scraper] [scraper] ⏭️ UNCHANGED: Processed: unchanged
2026-04-11 20:51:30 | INFO     | ss_crawler | [crawler] [crawler] Fetching listing 15/60: https://www.ss.com/msg/lv/electronics/computers/completing-pc/video/bkmnlc.html
2026-04-11 20:51:32 | INFO     | ss_crawler | [repository] [repository] New listing created: bkmnlc
2026-04-11 20:51:32 | INFO     | ss_crawler | [scraper] [scraper] ✨ NEW: Processed: new
2026-04-11 20:51:32 | INFO     | ss_crawler | [crawler] [crawler] Fetching listing 16/60: https://www.ss.com/msg/lv/electronics/computers/completing-pc/video/bkmnlc.html
2026-04-11 20:51:36 | INFO     | ss_crawler | [scraper] [scraper] ⏭️ UNCHANGED: Processed: unchanged
2026-04-11 20:51:36 | INFO     | ss_crawler | [crawler] [crawler] Fetching listing 17/60: https://www.ss.com/msg/lv/electronics/computers/completing-pc/video/lpbhi.html
2026-04-11 20:51:38 | INFO     | ss_crawler | [repository] [repository] New listing created: lpbhi
2026-04-11 20:51:38 | INFO     | ss_crawler | [scraper] [scraper] ✨ NEW: Processed: new
2026-04-11 20:51:38 | INFO     | ss_crawler | [crawler] [crawler] Fetching listing 18/60: https://www.ss.com/msg/lv/electronics/computers/completing-pc/video/lpbhi.html
2026-04-11 20:51:40 | INFO     | ss_crawler | [scraper] [scraper] ⏭️ UNCHANGED: Processed: unchanged
2026-04-11 20:51:40 | INFO     | ss_crawler | [crawler] [crawler] Fetching listing 19/60: https://www.ss.com/msg/lv/electronics/computers/completing-pc/video/fjdox.html
2026-04-11 20:51:43 | INFO     | ss_crawler | [scraper] [scraper] ⏭️ UNCHANGED: Processed: unchanged
2026-04-11 20:51:43 | INFO     | ss_crawler | [crawler] [crawler] Fetching listing 20/60: https://www.ss.com/msg/lv/electronics/computers/completing-pc/video/fjdox.html
2026-04-11 20:51:46 | INFO     | ss_crawler | [scraper] [scraper] ⏭️ UNCHANGED: Processed: unchanged
2026-04-11 20:51:46 | INFO     | ss_crawler | [crawler] [crawler] Fetching listing 21/60: https://www.ss.com/msg/lv/electronics/computers/completing-pc/video/bkxjdg.html
2026-04-11 20:52:47 | INFO     | ss_crawler | [scraper] [scraper] 🚀 Initializing scraper...
2026-04-11 20:52:47 | INFO     | ss_crawler | [database] [database] Database connected: localhost:5433/ss_market
2026-04-11 20:52:47 | INFO     | ss_crawler | [scraper] [scraper] 📦 Database: postgresql+psycopg2://crawler:crawler_pass@localhost:5433/ss_market
2026-04-11 20:52:47 | INFO     | ss_crawler | [matcher] [matcher] GPUMatcher initialized with 631 GPUs
2026-04-11 20:52:47 | INFO     | ss_crawler | [scraper] [scraper] 🎮 Loaded 631 GPU references
2026-04-11 20:52:47 | INFO     | ss_crawler | [scraper] [scraper] 📊 Scrape run started: ID 3
2026-04-11 20:52:47 | INFO     | ss_crawler | [scraper] [scraper] 📄 Fetching category: https://www.ss.com/lv/electronics/computers/completing-pc/video/
2026-04-11 20:52:47 | INFO     | ss_crawler | [crawler] [crawler] Fetching category page: https://www.ss.com/lv/electronics/computers/completing-pc/video/
2026-04-11 20:52:50 | INFO     | ss_crawler | [parser] [parser] Found 60 listings on page
2026-04-11 20:52:50 | INFO     | ss_crawler | [scraper] [scraper] 🔍 Found 60 listings to process
2026-04-11 20:52:50 | INFO     | ss_crawler | [crawler] [crawler] Fetching listing 1/60: https://www.ss.com/msg/lv/electronics/computers/completing-pc/video/bjcdjm.html
2026-04-11 20:52:52 | INFO     | ss_crawler | [scraper] [scraper] ⏭️ UNCHANGED: Processed: unchanged
2026-04-11 20:52:52 | INFO     | ss_crawler | [crawler] [crawler] Fetching listing 2/60: https://www.ss.com/msg/lv/electronics/computers/completing-pc/video/bjcdjm.html
2026-04-11 20:52:54 | INFO     | ss_crawler | [scraper] [scraper] ⏭️ UNCHANGED: Processed: unchanged
2026-04-11 20:52:54 | INFO     | ss_crawler | [crawler] [crawler] Fetching listing 3/60: https://www.ss.com/msg/lv/electronics/computers/completing-pc/video/bkmenc.html
2026-04-11 20:52:56 | INFO     | ss_crawler | [scraper] [scraper] ⏭️ UNCHANGED: Processed: unchanged
2026-04-11 20:52:56 | INFO     | ss_crawler | [crawler] [crawler] Fetching listing 4/60: https://www.ss.com/msg/lv/electronics/computers/completing-pc/video/bkmenc.html
2026-04-11 20:52:58 | INFO     | ss_crawler | [scraper] [scraper] ⏭️ UNCHANGED: Processed: unchanged
2026-04-11 20:52:58 | INFO     | ss_crawler | [crawler] [crawler] Fetching listing 5/60: https://www.ss.com/msg/lv/electronics/computers/completing-pc/video/fkmij.html
2026-04-11 20:53:00 | INFO     | ss_crawler | [scraper] [scraper] ⏭️ UNCHANGED: Processed: unchanged
2026-04-11 20:53:00 | INFO     | ss_crawler | [crawler] [crawler] Fetching listing 6/60: https://www.ss.com/msg/lv/electronics/computers/completing-pc/video/fkmij.html
2026-04-11 20:53:02 | INFO     | ss_crawler | [scraper] [scraper] ⏭️ UNCHANGED: Processed: unchanged
2026-04-11 20:53:02 | INFO     | ss_crawler | [crawler] [crawler] Fetching listing 7/60: https://www.ss.com/msg/lv/electronics/computers/completing-pc/video/fdjpc.html
2026-04-11 20:53:05 | INFO     | ss_crawler | [scraper] [scraper] ⏭️ UNCHANGED: Processed: unchanged
2026-04-11 20:53:05 | INFO     | ss_crawler | [crawler] [crawler] Fetching listing 8/60: https://www.ss.com/msg/lv/electronics/computers/completing-pc/video/fdjpc.html
2026-04-11 20:53:09 | INFO     | ss_crawler | [scraper] [scraper] ⏭️ UNCHANGED: Processed: unchanged
2026-04-11 20:53:09 | INFO     | ss_crawler | [crawler] [crawler] Fetching listing 9/60: https://www.ss.com/msg/lv/electronics/computers/completing-pc/video/cckmo.html
2026-04-11 20:53:12 | INFO     | ss_crawler | [scraper] [scraper] ⏭️ UNCHANGED: Processed: unchanged
2026-04-11 20:53:12 | INFO     | ss_crawler | [crawler] [crawler] Fetching listing 10/60: https://www.ss.com/msg/lv/electronics/computers/completing-pc/video/cckmo.html
2026-04-11 20:53:14 | INFO     | ss_crawler | [scraper] [scraper] ⏭️ UNCHANGED: Processed: unchanged
2026-04-11 20:53:14 | INFO     | ss_crawler | [crawler] [crawler] Fetching listing 11/60: https://www.ss.com/msg/lv/electronics/computers/completing-pc/video/bopjpd.html
2026-04-11 20:53:16 | INFO     | ss_crawler | [scraper] [scraper] ⏭️ UNCHANGED: Processed: unchanged
2026-04-11 20:53:16 | INFO     | ss_crawler | [crawler] [crawler] Fetching listing 12/60: https://www.ss.com/msg/lv/electronics/computers/completing-pc/video/bopjpd.html
2026-04-11 20:53:18 | INFO     | ss_crawler | [scraper] [scraper] ⏭️ UNCHANGED: Processed: unchanged
2026-04-11 20:53:18 | INFO     | ss_crawler | [crawler] [crawler] Fetching listing 13/60: https://www.ss.com/msg/lv/electronics/computers/completing-pc/video/bikkbm.html
2026-04-11 20:53:20 | INFO     | ss_crawler | [scraper] [scraper] ⏭️ UNCHANGED: Processed: unchanged
2026-04-11 20:53:20 | INFO     | ss_crawler | [crawler] [crawler] Fetching listing 14/60: https://www.ss.com/msg/lv/electronics/computers/completing-pc/video/bikkbm.html
2026-04-11 20:53:21 | INFO     | ss_crawler | [scraper] [scraper] ⏭️ UNCHANGED: Processed: unchanged
2026-04-11 20:53:21 | INFO     | ss_crawler | [crawler] [crawler] Fetching listing 15/60: https://www.ss.com/msg/lv/electronics/computers/completing-pc/video/bkmnlc.html
2026-04-11 20:53:24 | INFO     | ss_crawler | [scraper] [scraper] ⏭️ UNCHANGED: Processed: unchanged
2026-04-11 20:53:24 | INFO     | ss_crawler | [crawler] [crawler] Fetching listing 16/60: https://www.ss.com/msg/lv/electronics/computers/completing-pc/video/bkmnlc.html
2026-04-11 20:53:27 | INFO     | ss_crawler | [scraper] [scraper] ⏭️ UNCHANGED: Processed: unchanged
2026-04-11 20:53:27 | INFO     | ss_crawler | [crawler] [crawler] Fetching listing 17/60: https://www.ss.com/msg/lv/electronics/computers/completing-pc/video/lpbhi.html
2026-04-11 20:53:29 | INFO     | ss_crawler | [scraper] [scraper] ⏭️ UNCHANGED: Processed: unchanged
2026-04-11 20:53:29 | INFO     | ss_crawler | [crawler] [crawler] Fetching listing 18/60: https://www.ss.com/msg/lv/electronics/computers/completing-pc/video/lpbhi.html
2026-04-11 20:53:31 | INFO     | ss_crawler | [scraper] [scraper] ⏭️ UNCHANGED: Processed: unchanged
2026-04-11 20:53:31 | INFO     | ss_crawler | [crawler] [crawler] Fetching listing 19/60: https://www.ss.com/msg/lv/electronics/computers/completing-pc/video/fjdox.html
2026-04-11 20:53:33 | INFO     | ss_crawler | [scraper] [scraper] ⏭️ UNCHANGED: Processed: unchanged
2026-04-11 20:53:33 | INFO     | ss_crawler | [crawler] [crawler] Fetching listing 20/60: https://www.ss.com/msg/lv/electronics/computers/completing-pc/video/fjdox.html
2026-04-11 21:05:33 | INFO     | ss_crawler | [scraper] [scraper] 🚀 Initializing scraper...
2026-04-11 21:05:33 | INFO     | ss_crawler | [database] [database] Database connected: localhost:5433/ss_market
2026-04-11 21:05:33 | INFO     | ss_crawler | [scraper] [scraper] 📦 Database: postgresql+psycopg2://crawler:crawler_pass@localhost:5433/ss_market
2026-04-11 21:05:33 | INFO     | ss_crawler | [matcher] [matcher] GPUMatcher initialized with 631 GPUs
2026-04-11 21:05:33 | INFO     | ss_crawler | [scraper] [scraper] 🎮 Loaded 631 GPU references
2026-04-11 21:05:33 | INFO     | ss_crawler | [scraper] [scraper] 📊 Scrape run started: ID 4
2026-04-11 21:05:33 | INFO     | ss_crawler | [scraper] [scraper] 📄 Fetching category: https://www.ss.com/lv/electronics/computers/completing-pc/video/
2026-04-11 21:05:33 | INFO     | ss_crawler | [crawler] [crawler] Fetching category page: https://www.ss.com/lv/electronics/computers/completing-pc/video/
2026-04-11 21:05:36 | INFO     | ss_crawler | [parser] [parser] Found 30 listings on page
2026-04-11 21:05:36 | INFO     | ss_crawler | [scraper] [scraper] 🔍 Found 30 listings to process
2026-04-11 21:05:36 | INFO     | ss_crawler | [crawler] [crawler] Fetching listing 1/30: https://www.ss.com/msg/lv/electronics/computers/completing-pc/video/bjcdjm.html
2026-04-11 21:05:39 | INFO     | ss_crawler | [scraper] [scraper] ⏭️ UNCHANGED: Processed: unchanged
2026-04-11 21:05:39 | INFO     | ss_crawler | [crawler] [crawler] Fetching listing 2/30: https://www.ss.com/msg/lv/electronics/computers/completing-pc/video/bkmenc.html
2026-04-11 21:05:41 | INFO     | ss_crawler | [scraper] [scraper] ⏭️ UNCHANGED: Processed: unchanged
2026-04-11 21:05:41 | INFO     | ss_crawler | [crawler] [crawler] Fetching listing 3/30: https://www.ss.com/msg/lv/electronics/computers/completing-pc/video/fkmij.html
2026-04-11 21:05:43 | INFO     | ss_crawler | [scraper] [scraper] ⏭️ UNCHANGED: Processed: unchanged
2026-04-11 21:05:43 | INFO     | ss_crawler | [crawler] [crawler] Fetching listing 4/30: https://www.ss.com/msg/lv/electronics/computers/completing-pc/video/fdjpc.html
2026-04-11 21:05:45 | INFO     | ss_crawler | [scraper] [scraper] ⏭️ UNCHANGED: Processed: unchanged
2026-04-11 21:05:45 | INFO     | ss_crawler | [crawler] [crawler] Fetching listing 5/30: https://www.ss.com/msg/lv/electronics/computers/completing-pc/video/cckmo.html
2026-04-11 21:05:49 | INFO     | ss_crawler | [scraper] [scraper] ⏭️ UNCHANGED: Processed: unchanged
2026-04-11 21:05:49 | INFO     | ss_crawler | [crawler] [crawler] Fetching listing 6/30: https://www.ss.com/msg/lv/electronics/computers/completing-pc/video/bopjpd.html
2026-04-11 21:05:51 | INFO     | ss_crawler | [scraper] [scraper] ⏭️ UNCHANGED: Processed: unchanged
2026-04-11 21:05:51 | INFO     | ss_crawler | [crawler] [crawler] Fetching listing 7/30: https://www.ss.com/msg/lv/electronics/computers/completing-pc/video/bikkbm.html
2026-04-11 21:05:53 | INFO     | ss_crawler | [scraper] [scraper] ⏭️ UNCHANGED: Processed: unchanged
2026-04-11 21:05:53 | INFO     | ss_crawler | [crawler] [crawler] Fetching listing 8/30: https://www.ss.com/msg/lv/electronics/computers/completing-pc/video/bkmnlc.html
2026-04-11 21:05:56 | INFO     | ss_crawler | [scraper] [scraper] ⏭️ UNCHANGED: Processed: unchanged
2026-04-11 21:05:56 | INFO     | ss_crawler | [crawler] [crawler] Fetching listing 9/30: https://www.ss.com/msg/lv/electronics/computers/completing-pc/video/lpbhi.html
2026-04-11 21:05:58 | INFO     | ss_crawler | [scraper] [scraper] ⏭️ UNCHANGED: Processed: unchanged
2026-04-11 21:05:58 | INFO     | ss_crawler | [crawler] [crawler] Fetching listing 10/30: https://www.ss.com/msg/lv/electronics/computers/completing-pc/video/fjdox.html
2026-04-11 21:06:01 | INFO     | ss_crawler | [scraper] [scraper] ⏭️ UNCHANGED: Processed: unchanged
2026-04-11 21:06:01 | INFO     | ss_crawler | [crawler] [crawler] Fetching listing 11/30: https://www.ss.com/msg/lv/electronics/computers/completing-pc/video/bkxjdg.html
2026-04-11 21:06:04 | INFO     | ss_crawler | [repository] [repository] New listing created: bkxjdg
2026-04-11 21:06:04 | INFO     | ss_crawler | [scraper] [scraper] ✨ NEW: Processed: new
2026-04-11 21:06:04 | INFO     | ss_crawler | [crawler] [crawler] Fetching listing 12/30: https://www.ss.com/msg/lv/electronics/computers/completing-pc/video/bolpdx.html
2026-04-11 21:06:06 | INFO     | ss_crawler | [scraper] [scraper] ❓ UNMATCHED: No GPU match found
2026-04-11 21:06:06 | INFO     | ss_crawler | [crawler] [crawler] Fetching listing 13/30: https://www.ss.com/msg/lv/electronics/computers/completing-pc/video/blgiel.html
2026-04-11 21:06:08 | INFO     | ss_crawler | [repository] [repository] New listing created: blgiel
2026-04-11 21:06:08 | INFO     | ss_crawler | [scraper] [scraper] ✨ NEW: Processed: new
2026-04-11 21:06:08 | INFO     | ss_crawler | [crawler] [crawler] Fetching listing 14/30: https://www.ss.com/msg/lv/electronics/computers/completing-pc/video/ebcgn.html
2026-04-11 21:06:12 | INFO     | ss_crawler | [scraper] [scraper] ⚠️ LOW_CONFIDENCE: Match confidence 0.42 below threshold
2026-04-11 21:06:12 | INFO     | ss_crawler | [crawler] [crawler] Fetching listing 15/30: https://www.ss.com/msg/lv/electronics/computers/completing-pc/video/pbgln.html
2026-04-11 21:06:14 | INFO     | ss_crawler | [repository] [repository] New listing created: pbgln
2026-04-11 21:06:14 | INFO     | ss_crawler | [scraper] [scraper] ✨ NEW: Processed: new
2026-04-11 21:06:14 | INFO     | ss_crawler | [crawler] [crawler] Fetching listing 16/30: https://www.ss.com/msg/lv/electronics/computers/completing-pc/video/ppmhc.html
2026-04-11 21:06:17 | INFO     | ss_crawler | [repository] [repository] New listing created: ppmhc
2026-04-11 21:06:17 | INFO     | ss_crawler | [scraper] [scraper] ✨ NEW: Processed: new
2026-04-11 21:06:17 | INFO     | ss_crawler | [crawler] [crawler] Fetching listing 17/30: https://www.ss.com/msg/lv/electronics/computers/completing-pc/video/nhefi.html
2026-04-11 21:06:20 | CRITICAL | ss_crawler | [scraper] [scraper] 🔥 Scraping failed: local variable 'has_intel' referenced before assignment
2026-04-11 21:06:33 | INFO     | ss_crawler | [database] [database] Database connected: localhost:5433/ss_market
2026-04-11 21:06:44 | INFO     | ss_crawler | [database] [database] Database connected: localhost:5433/ss_market
2026-04-11 21:12:17 | INFO     | ss_crawler | [scraper] [scraper] 🚀 Initializing scraper...
2026-04-11 21:12:17 | INFO     | ss_crawler | [database] [database] Database connected: localhost:5433/ss_market
2026-04-11 21:12:17 | INFO     | ss_crawler | [scraper] [scraper] 📦 Database: postgresql+psycopg2://crawler:crawler_pass@localhost:5433/ss_market
2026-04-11 21:12:17 | INFO     | ss_crawler | [matcher] [matcher] GPUMatcher initialized with 631 GPUs
2026-04-11 21:12:17 | INFO     | ss_crawler | [scraper] [scraper] 🎮 Loaded 631 GPU references
2026-04-11 21:12:17 | INFO     | ss_crawler | [scraper] [scraper] 📊 Scrape run started: ID 5
2026-04-11 21:12:17 | INFO     | ss_crawler | [scraper] [scraper] 📄 Fetching category: https://www.ss.com/lv/electronics/computers/completing-pc/video/
2026-04-11 21:12:17 | INFO     | ss_crawler | [crawler] [crawler] Fetching category page: https://www.ss.com/lv/electronics/computers/completing-pc/video/
2026-04-11 21:12:18 | INFO     | ss_crawler | [parser] [parser] Found 30 listings on page
2026-04-11 21:12:18 | INFO     | ss_crawler | [scraper] [scraper] 🔍 Found 30 listings to process
2026-04-11 21:12:18 | INFO     | ss_crawler | [crawler] [crawler] Fetching listing 1/30: https://www.ss.com/msg/lv/electronics/computers/completing-pc/video/bjcdjm.html
2026-04-11 21:12:21 | INFO     | ss_crawler | [scraper] [scraper] ⏭️ UNCHANGED: Processed: unchanged
2026-04-11 21:12:21 | INFO     | ss_crawler | [crawler] [crawler] Fetching listing 2/30: https://www.ss.com/msg/lv/electronics/computers/completing-pc/video/bkmenc.html
2026-04-11 21:12:24 | INFO     | ss_crawler | [scraper] [scraper] ⏭️ UNCHANGED: Processed: unchanged
2026-04-11 21:12:24 | INFO     | ss_crawler | [crawler] [crawler] Fetching listing 3/30: https://www.ss.com/msg/lv/electronics/computers/completing-pc/video/fkmij.html
2026-04-11 21:12:27 | INFO     | ss_crawler | [scraper] [scraper] ⏭️ UNCHANGED: Processed: unchanged
2026-04-11 21:12:27 | INFO     | ss_crawler | [crawler] [crawler] Fetching listing 4/30: https://www.ss.com/msg/lv/electronics/computers/completing-pc/video/fdjpc.html
2026-04-11 21:12:30 | INFO     | ss_crawler | [scraper] [scraper] ⏭️ UNCHANGED: Processed: unchanged
2026-04-11 21:12:30 | INFO     | ss_crawler | [crawler] [crawler] Fetching listing 5/30: https://www.ss.com/msg/lv/electronics/computers/completing-pc/video/cckmo.html
2026-04-11 21:12:33 | INFO     | ss_crawler | [scraper] [scraper] ⏭️ UNCHANGED: Processed: unchanged
2026-04-11 21:12:33 | INFO     | ss_crawler | [crawler] [crawler] Fetching listing 6/30: https://www.ss.com/msg/lv/electronics/computers/completing-pc/video/bopjpd.html
2026-04-11 21:12:35 | INFO     | ss_crawler | [scraper] [scraper] ⏭️ UNCHANGED: Processed: unchanged
2026-04-11 21:12:35 | INFO     | ss_crawler | [crawler] [crawler] Fetching listing 7/30: https://www.ss.com/msg/lv/electronics/computers/completing-pc/video/bikkbm.html
2026-04-11 21:12:38 | INFO     | ss_crawler | [scraper] [scraper] ⏭️ UNCHANGED: Processed: unchanged
2026-04-11 21:12:38 | INFO     | ss_crawler | [crawler] [crawler] Fetching listing 8/30: https://www.ss.com/msg/lv/electronics/computers/completing-pc/video/bkmnlc.html
2026-04-11 21:12:41 | INFO     | ss_crawler | [scraper] [scraper] ⏭️ UNCHANGED: Processed: unchanged
2026-04-11 21:12:41 | INFO     | ss_crawler | [crawler] [crawler] Fetching listing 9/30: https://www.ss.com/msg/lv/electronics/computers/completing-pc/video/lpbhi.html
2026-04-11 21:12:43 | INFO     | ss_crawler | [scraper] [scraper] ⏭️ UNCHANGED: Processed: unchanged
2026-04-11 21:12:43 | INFO     | ss_crawler | [crawler] [crawler] Fetching listing 10/30: https://www.ss.com/msg/lv/electronics/computers/completing-pc/video/fjdox.html
2026-04-11 21:12:46 | INFO     | ss_crawler | [scraper] [scraper] ⏭️ UNCHANGED: Processed: unchanged
2026-04-11 21:12:46 | INFO     | ss_crawler | [crawler] [crawler] Fetching listing 11/30: https://www.ss.com/msg/lv/electronics/computers/completing-pc/video/bkxjdg.html
2026-04-11 21:12:49 | INFO     | ss_crawler | [scraper] [scraper] ⏭️ UNCHANGED: Processed: unchanged
2026-04-11 21:12:49 | INFO     | ss_crawler | [crawler] [crawler] Fetching listing 12/30: https://www.ss.com/msg/lv/electronics/computers/completing-pc/video/bolpdx.html
2026-04-11 21:12:51 | INFO     | ss_crawler | [scraper] [scraper] ❓ UNMATCHED: No GPU match found
2026-04-11 21:12:51 | INFO     | ss_crawler | [crawler] [crawler] Fetching listing 13/30: https://www.ss.com/msg/lv/electronics/computers/completing-pc/video/blgiel.html
2026-04-11 21:12:54 | INFO     | ss_crawler | [scraper] [scraper] ⏭️ UNCHANGED: Processed: unchanged
2026-04-11 21:12:54 | INFO     | ss_crawler | [crawler] [crawler] Fetching listing 14/30: https://www.ss.com/msg/lv/electronics/computers/completing-pc/video/ebcgn.html
2026-04-11 21:12:56 | INFO     | ss_crawler | [scraper] [scraper] ⚠️ LOW_CONFIDENCE: Match confidence 0.42 below threshold
2026-04-11 21:12:56 | INFO     | ss_crawler | [crawler] [crawler] Fetching listing 15/30: https://www.ss.com/msg/lv/electronics/computers/completing-pc/video/pbgln.html
2026-04-11 21:12:59 | INFO     | ss_crawler | [scraper] [scraper] ⏭️ UNCHANGED: Processed: unchanged
2026-04-11 21:12:59 | INFO     | ss_crawler | [crawler] [crawler] Fetching listing 16/30: https://www.ss.com/msg/lv/electronics/computers/completing-pc/video/ppmhc.html
2026-04-11 21:13:01 | INFO     | ss_crawler | [scraper] [scraper] ⏭️ UNCHANGED: Processed: unchanged
2026-04-11 21:13:01 | INFO     | ss_crawler | [crawler] [crawler] Fetching listing 17/30: https://www.ss.com/msg/lv/electronics/computers/completing-pc/video/nhefi.html
2026-04-11 21:13:05 | INFO     | ss_crawler | [scraper] [scraper] ⚠️ LOW_CONFIDENCE: Match confidence 0.55 below threshold
2026-04-11 21:13:05 | INFO     | ss_crawler | [crawler] [crawler] Fetching listing 18/30: https://www.ss.com/msg/lv/electronics/computers/completing-pc/video/bkfomx.html
2026-04-11 21:13:08 | INFO     | ss_crawler | [repository] [repository] New listing created: bkfomx
2026-04-11 21:13:08 | INFO     | ss_crawler | [scraper] [scraper] ✨ NEW: Processed: new
2026-04-11 21:13:08 | INFO     | ss_crawler | [crawler] [crawler] Fetching listing 19/30: https://www.ss.com/msg/lv/electronics/computers/completing-pc/video/lpjic.html
2026-04-11 21:13:11 | INFO     | ss_crawler | [repository] [repository] New listing created: lpjic
2026-04-11 21:13:11 | INFO     | ss_crawler | [scraper] [scraper] ✨ NEW: Processed: new
2026-04-11 21:13:11 | INFO     | ss_crawler | [crawler] [crawler] Fetching listing 20/30: https://www.ss.com/msg/lv/electronics/computers/completing-pc/video/epexo.html
2026-04-11 21:13:14 | INFO     | ss_crawler | [repository] [repository] New listing created: epexo
2026-04-11 21:13:14 | INFO     | ss_crawler | [scraper] [scraper] ✨ NEW: Processed: new
2026-04-11 21:13:14 | INFO     | ss_crawler | [crawler] [crawler] Fetching listing 21/30: https://www.ss.com/msg/lv/electronics/computers/completing-pc/video/bihlfm.html
2026-04-11 21:13:17 | INFO     | ss_crawler | [repository] [repository] New listing created: bihlfm
2026-04-11 21:13:17 | INFO     | ss_crawler | [scraper] [scraper] ✨ NEW: Processed: new
2026-04-11 21:13:17 | INFO     | ss_crawler | [crawler] [crawler] Fetching listing 22/30: https://www.ss.com/msg/lv/electronics/computers/completing-pc/video/blbeol.html
2026-04-11 21:13:19 | INFO     | ss_crawler | [repository] [repository] New listing created: blbeol
2026-04-11 21:13:19 | INFO     | ss_crawler | [scraper] [scraper] ✨ NEW: Processed: new
2026-04-11 21:13:19 | INFO     | ss_crawler | [crawler] [crawler] Fetching listing 23/30: https://www.ss.com/msg/lv/electronics/computers/completing-pc/video/bkhdnd.html
2026-04-11 21:13:22 | INFO     | ss_crawler | [repository] [repository] New listing created: bkhdnd
2026-04-11 21:13:22 | INFO     | ss_crawler | [scraper] [scraper] ✨ NEW: Processed: new
2026-04-11 21:13:22 | INFO     | ss_crawler | [crawler] [crawler] Fetching listing 24/30: https://www.ss.com/msg/lv/electronics/computers/completing-pc/video/fenki.html
2026-04-11 21:13:23 | INFO     | ss_crawler | [repository] [repository] New listing created: fenki
2026-04-11 21:13:23 | INFO     | ss_crawler | [scraper] [scraper] ✨ NEW: Processed: new
2026-04-11 21:13:23 | INFO     | ss_crawler | [crawler] [crawler] Fetching listing 25/30: https://www.ss.com/msg/lv/electronics/computers/completing-pc/video/lnkjl.html
2026-04-11 21:13:25 | INFO     | ss_crawler | [repository] [repository] New listing created: lnkjl
2026-04-11 21:13:25 | INFO     | ss_crawler | [scraper] [scraper] ✨ NEW: Processed: new
2026-04-11 21:13:25 | INFO     | ss_crawler | [crawler] [crawler] Fetching listing 26/30: https://www.ss.com/msg/lv/electronics/computers/completing-pc/video/adggp.html
2026-04-11 21:13:27 | INFO     | ss_crawler | [repository] [repository] New listing created: adggp
2026-04-11 21:13:27 | INFO     | ss_crawler | [scraper] [scraper] ✨ NEW: Processed: new
2026-04-11 21:13:27 | INFO     | ss_crawler | [crawler] [crawler] Fetching listing 27/30: https://www.ss.com/msg/lv/electronics/computers/completing-pc/video/ndokf.html
2026-04-11 21:13:30 | INFO     | ss_crawler | [repository] [repository] New listing created: ndokf
2026-04-11 21:13:30 | INFO     | ss_crawler | [scraper] [scraper] ✨ NEW: Processed: new
2026-04-11 21:13:30 | INFO     | ss_crawler | [crawler] [crawler] Fetching listing 28/30: https://www.ss.com/msg/lv/electronics/computers/completing-pc/video/bkejlk.html
2026-04-11 21:13:32 | INFO     | ss_crawler | [repository] [repository] New listing created: bkejlk
2026-04-11 21:13:32 | INFO     | ss_crawler | [scraper] [scraper] ✨ NEW: Processed: new
2026-04-11 21:13:32 | INFO     | ss_crawler | [crawler] [crawler] Fetching listing 29/30: https://www.ss.com/msg/lv/electronics/computers/completing-pc/video/fcjgn.html
2026-04-11 21:13:36 | INFO     | ss_crawler | [repository] [repository] New listing created: fcjgn
2026-04-11 21:13:36 | INFO     | ss_crawler | [scraper] [scraper] ✨ NEW: Processed: new
2026-04-11 21:13:36 | INFO     | ss_crawler | [crawler] [crawler] Fetching listing 30/30: https://www.ss.com/msg/lv/electronics/computers/completing-pc/video/biohcc.html
2026-04-11 21:13:38 | INFO     | ss_crawler | [repository] [repository] New listing created: biohcc
2026-04-11 21:13:38 | INFO     | ss_crawler | [scraper] [scraper] ✨ NEW: Processed: new
2026-04-11 21:13:38 | INFO     | ss_crawler | [scraper] [scraper] 📄 Fetching category: https://www.ss.com/lv/electronics/computers/completing-pc/video/page2.html
2026-04-11 21:13:38 | INFO     | ss_crawler | [crawler] [crawler] Fetching category page: https://www.ss.com/lv/electronics/computers/completing-pc/video/page2.html
2026-04-11 21:13:42 | INFO     | ss_crawler | [parser] [parser] Found 30 listings on page
2026-04-11 21:13:42 | INFO     | ss_crawler | [scraper] [scraper] 🔍 Found 30 listings to process
2026-04-11 21:13:42 | INFO     | ss_crawler | [crawler] [crawler] Fetching listing 1/30: https://www.ss.com/msg/lv/electronics/computers/completing-pc/video/boploi.html
2026-04-11 21:13:44 | INFO     | ss_crawler | [repository] [repository] New listing created: boploi
2026-04-11 21:13:44 | INFO     | ss_crawler | [scraper] [scraper] ✨ NEW: Processed: new
2026-04-11 21:13:44 | INFO     | ss_crawler | [crawler] [crawler] Fetching listing 2/30: https://www.ss.com/msg/lv/electronics/computers/completing-pc/video/plodn.html
2026-04-11 21:13:47 | INFO     | ss_crawler | [repository] [repository] New listing created: plodn
2026-04-11 21:13:47 | INFO     | ss_crawler | [scraper] [scraper] ✨ NEW: Processed: new
2026-04-11 21:13:47 | INFO     | ss_crawler | [crawler] [crawler] Fetching listing 3/30: https://www.ss.com/msg/lv/electronics/computers/completing-pc/video/ppnec.html
2026-04-11 21:13:49 | INFO     | ss_crawler | [repository] [repository] New listing created: ppnec
2026-04-11 21:13:49 | INFO     | ss_crawler | [scraper] [scraper] ✨ NEW: Processed: new
2026-04-11 21:13:49 | INFO     | ss_crawler | [crawler] [crawler] Fetching listing 4/30: https://www.ss.com/msg/lv/electronics/computers/completing-pc/video/nxffp.html
2026-04-11 21:13:52 | INFO     | ss_crawler | [repository] [repository] New listing created: nxffp
2026-04-11 21:13:52 | INFO     | ss_crawler | [scraper] [scraper] ✨ NEW: Processed: new
2026-04-11 21:13:52 | INFO     | ss_crawler | [crawler] [crawler] Fetching listing 5/30: https://www.ss.com/msg/lv/electronics/computers/completing-pc/video/lmkjk.html
2026-04-11 21:13:54 | INFO     | ss_crawler | [scraper] [scraper] ⏭️ UNCHANGED: Processed: unchanged
2026-04-11 21:13:54 | INFO     | ss_crawler | [crawler] [crawler] Fetching listing 6/30: https://www.ss.com/msg/lv/electronics/computers/completing-pc/video/bpxxmd.html
2026-04-11 21:13:56 | INFO     | ss_crawler | [repository] [repository] New listing created: bpxxmd
2026-04-11 21:13:56 | INFO     | ss_crawler | [scraper] [scraper] ✨ NEW: Processed: new
2026-04-11 21:13:56 | INFO     | ss_crawler | [crawler] [crawler] Fetching listing 7/30: https://www.ss.com/msg/lv/electronics/computers/completing-pc/video/bikdpl.html
2026-04-11 21:13:59 | INFO     | ss_crawler | [repository] [repository] New listing created: bikdpl
2026-04-11 21:13:59 | INFO     | ss_crawler | [scraper] [scraper] ✨ NEW: Processed: new
2026-04-11 21:13:59 | INFO     | ss_crawler | [crawler] [crawler] Fetching listing 8/30: https://www.ss.com/msg/lv/electronics/computers/completing-pc/video/bkbied.html
2026-04-11 21:14:02 | INFO     | ss_crawler | [repository] [repository] New listing created: bkbied
2026-04-11 21:14:02 | INFO     | ss_crawler | [scraper] [scraper] ✨ NEW: Processed: new
2026-04-11 21:14:02 | INFO     | ss_crawler | [crawler] [crawler] Fetching listing 9/30: https://www.ss.com/msg/lv/electronics/computers/completing-pc/video/bjckoi.html
2026-04-11 21:14:04 | INFO     | ss_crawler | [repository] [repository] New listing created: bjckoi
2026-04-11 21:14:04 | INFO     | ss_crawler | [scraper] [scraper] ✨ NEW: Processed: new
2026-04-11 21:14:04 | INFO     | ss_crawler | [crawler] [crawler] Fetching listing 10/30: https://www.ss.com/msg/lv/electronics/computers/completing-pc/video/mbgbp.html
2026-04-11 21:14:06 | INFO     | ss_crawler | [repository] [repository] New listing created: mbgbp
2026-04-11 21:14:06 | INFO     | ss_crawler | [scraper] [scraper] ✨ NEW: Processed: new
2026-04-11 21:14:06 | INFO     | ss_crawler | [crawler] [crawler] Fetching listing 11/30: https://www.ss.com/msg/lv/electronics/computers/completing-pc/video/bolpxf.html
2026-04-11 21:14:08 | INFO     | ss_crawler | [repository] [repository] New listing created: bolpxf
2026-04-11 21:14:08 | INFO     | ss_crawler | [scraper] [scraper] ✨ NEW: Processed: new
2026-04-11 21:14:08 | INFO     | ss_crawler | [crawler] [crawler] Fetching listing 12/30: https://www.ss.com/msg/lv/electronics/computers/completing-pc/video/nhced.html
2026-04-11 21:14:12 | INFO     | ss_crawler | [repository] [repository] New listing created: nhced
2026-04-11 21:14:12 | INFO     | ss_crawler | [scraper] [scraper] ✨ NEW: Processed: new
2026-04-11 21:14:12 | INFO     | ss_crawler | [crawler] [crawler] Fetching listing 13/30: https://www.ss.com/msg/lv/electronics/computers/completing-pc/video/bkpnei.html
2026-04-11 21:14:15 | INFO     | ss_crawler | [repository] [repository] New listing created: bkpnei
2026-04-11 21:14:15 | INFO     | ss_crawler | [scraper] [scraper] ✨ NEW: Processed: new
2026-04-11 21:14:15 | INFO     | ss_crawler | [crawler] [crawler] Fetching listing 14/30: https://www.ss.com/msg/lv/electronics/computers/completing-pc/video/blijm.html
2026-04-11 21:14:17 | INFO     | ss_crawler | [repository] [repository] New listing created: blijm
2026-04-11 21:14:17 | INFO     | ss_crawler | [scraper] [scraper] ✨ NEW: Processed: new
2026-04-11 21:14:17 | INFO     | ss_crawler | [crawler] [crawler] Fetching listing 15/30: https://www.ss.com/msg/lv/electronics/computers/completing-pc/video/pxein.html
2026-04-11 21:14:20 | INFO     | ss_crawler | [repository] [repository] New listing created: pxein
2026-04-11 21:14:20 | INFO     | ss_crawler | [scraper] [scraper] ✨ NEW: Processed: new
2026-04-11 21:14:20 | INFO     | ss_crawler | [crawler] [crawler] Fetching listing 16/30: https://www.ss.com/msg/lv/electronics/computers/completing-pc/video/bihxoo.html
2026-04-11 21:14:23 | INFO     | ss_crawler | [repository] [repository] New listing created: bihxoo
2026-04-11 21:14:23 | INFO     | ss_crawler | [scraper] [scraper] ✨ NEW: Processed: new
2026-04-11 21:14:23 | INFO     | ss_crawler | [crawler] [crawler] Fetching listing 17/30: https://www.ss.com/msg/lv/electronics/computers/completing-pc/video/eodxl.html
2026-04-11 21:14:26 | INFO     | ss_crawler | [repository] [repository] New listing created: eodxl
2026-04-11 21:14:26 | INFO     | ss_crawler | [scraper] [scraper] ✨ NEW: Processed: new
2026-04-11 21:14:26 | INFO     | ss_crawler | [crawler] [crawler] Fetching listing 18/30: https://www.ss.com/msg/lv/electronics/computers/completing-pc/video/bxxkfh.html
2026-04-11 21:14:29 | INFO     | ss_crawler | [repository] [repository] New listing created: bxxkfh
2026-04-11 21:14:29 | INFO     | ss_crawler | [scraper] [scraper] ✨ NEW: Processed: new
2026-04-11 21:14:29 | INFO     | ss_crawler | [crawler] [crawler] Fetching listing 19/30: https://www.ss.com/msg/lv/electronics/computers/completing-pc/video/bopdxn.html
2026-04-11 21:14:31 | INFO     | ss_crawler | [repository] [repository] New listing created: bopdxn
2026-04-11 21:14:31 | INFO     | ss_crawler | [scraper] [scraper] ✨ NEW: Processed: new
2026-04-11 21:14:31 | INFO     | ss_crawler | [crawler] [crawler] Fetching listing 20/30: https://www.ss.com/msg/lv/electronics/computers/completing-pc/video/nhcjo.html
2026-04-11 21:14:35 | INFO     | ss_crawler | [repository] [repository] New listing created: nhcjo
2026-04-11 21:14:35 | INFO     | ss_crawler | [scraper] [scraper] ✨ NEW: Processed: new
2026-04-11 21:14:35 | INFO     | ss_crawler | [crawler] [crawler] Fetching listing 21/30: https://www.ss.com/msg/lv/electronics/computers/completing-pc/video/bpxffk.html
2026-04-11 21:14:38 | INFO     | ss_crawler | [repository] [repository] New listing created: bpxffk
2026-04-11 21:14:38 | INFO     | ss_crawler | [scraper] [scraper] ✨ NEW: Processed: new
2026-04-11 21:14:38 | INFO     | ss_crawler | [crawler] [crawler] Fetching listing 22/30: https://www.ss.com/msg/lv/electronics/computers/completing-pc/video/fjhjd.html
2026-04-11 21:14:40 | INFO     | ss_crawler | [repository] [repository] New listing created: fjhjd
2026-04-11 21:14:40 | INFO     | ss_crawler | [scraper] [scraper] ✨ NEW: Processed: new
2026-04-11 21:14:40 | INFO     | ss_crawler | [crawler] [crawler] Fetching listing 23/30: https://www.ss.com/msg/lv/electronics/computers/completing-pc/video/demjh.html
2026-04-11 21:14:42 | INFO     | ss_crawler | [repository] [repository] New listing created: demjh
2026-04-11 21:14:42 | INFO     | ss_crawler | [scraper] [scraper] ✨ NEW: Processed: new
2026-04-11 21:14:42 | INFO     | ss_crawler | [crawler] [crawler] Fetching listing 24/30: https://www.ss.com/msg/lv/electronics/computers/completing-pc/video/bigcpo.html
2026-04-11 21:14:45 | INFO     | ss_crawler | [repository] [repository] New listing created: bigcpo
2026-04-11 21:14:45 | INFO     | ss_crawler | [scraper] [scraper] ✨ NEW: Processed: new
2026-04-11 21:14:45 | INFO     | ss_crawler | [crawler] [crawler] Fetching listing 25/30: https://www.ss.com/msg/lv/electronics/computers/completing-pc/video/bkngle.html
2026-04-11 21:14:48 | INFO     | ss_crawler | [repository] [repository] New listing created: bkngle
2026-04-11 21:14:48 | INFO     | ss_crawler | [scraper] [scraper] ✨ NEW: Processed: new
2026-04-11 21:14:48 | INFO     | ss_crawler | [crawler] [crawler] Fetching listing 26/30: https://www.ss.com/msg/lv/electronics/computers/completing-pc/video/bjnehj.html
2026-04-11 21:14:50 | INFO     | ss_crawler | [repository] [repository] New listing created: bjnehj
2026-04-11 21:14:50 | INFO     | ss_crawler | [scraper] [scraper] ✨ NEW: Processed: new
2026-04-11 21:14:50 | INFO     | ss_crawler | [crawler] [crawler] Fetching listing 27/30: https://www.ss.com/msg/lv/electronics/computers/completing-pc/video/bpxffj.html
2026-04-11 21:14:54 | INFO     | ss_crawler | [repository] [repository] New listing created: bpxffj
2026-04-11 21:14:54 | INFO     | ss_crawler | [scraper] [scraper] ✨ NEW: Processed: new
2026-04-11 21:14:54 | INFO     | ss_crawler | [crawler] [crawler] Fetching listing 28/30: https://www.ss.com/msg/lv/electronics/computers/completing-pc/video/bpxcli.html
2026-04-11 21:14:56 | INFO     | ss_crawler | [repository] [repository] New listing created: bpxcli
2026-04-11 21:14:56 | INFO     | ss_crawler | [scraper] [scraper] ✨ NEW: Processed: new
2026-04-11 21:14:56 | INFO     | ss_crawler | [crawler] [crawler] Fetching listing 29/30: https://www.ss.com/msg/lv/electronics/computers/completing-pc/video/kiomc.html
2026-04-11 21:14:59 | INFO     | ss_crawler | [repository] [repository] New listing created: kiomc
2026-04-11 21:14:59 | INFO     | ss_crawler | [scraper] [scraper] ✨ NEW: Processed: new
2026-04-11 21:14:59 | INFO     | ss_crawler | [crawler] [crawler] Fetching listing 30/30: https://www.ss.com/msg/lv/electronics/computers/completing-pc/video/moghh.html
2026-04-11 21:15:02 | INFO     | ss_crawler | [repository] [repository] New listing created: moghh
2026-04-11 21:15:02 | INFO     | ss_crawler | [scraper] [scraper] ✨ NEW: Processed: new
2026-04-11 21:15:02 | INFO     | ss_crawler | [scraper] [scraper] 📄 Fetching category: https://www.ss.com/lv/electronics/computers/completing-pc/video/page3.html
2026-04-11 21:15:02 | INFO     | ss_crawler | [crawler] [crawler] Fetching category page: https://www.ss.com/lv/electronics/computers/completing-pc/video/page3.html
2026-04-11 21:15:04 | INFO     | ss_crawler | [parser] [parser] Found 30 listings on page
2026-04-11 21:15:04 | INFO     | ss_crawler | [scraper] [scraper] 🔍 Found 30 listings to process
2026-04-11 21:15:04 | INFO     | ss_crawler | [crawler] [crawler] Fetching listing 1/30: https://www.ss.com/msg/lv/electronics/computers/completing-pc/video/nexei.html
2026-04-11 21:15:07 | INFO     | ss_crawler | [repository] [repository] New listing created: nexei
2026-04-11 21:15:07 | INFO     | ss_crawler | [scraper] [scraper] ✨ NEW: Processed: new
2026-04-11 21:15:07 | INFO     | ss_crawler | [crawler] [crawler] Fetching listing 2/30: https://www.ss.com/msg/lv/electronics/computers/completing-pc/video/bkmhmk.html
2026-04-11 21:15:10 | INFO     | ss_crawler | [scraper] [scraper] ❓ UNMATCHED: No GPU match found
2026-04-11 21:15:10 | INFO     | ss_crawler | [crawler] [crawler] Fetching listing 3/30: https://www.ss.com/msg/lv/electronics/computers/completing-pc/video/pdmno.html
2026-04-11 21:15:13 | INFO     | ss_crawler | [repository] [repository] New listing created: pdmno
2026-04-11 21:15:13 | INFO     | ss_crawler | [scraper] [scraper] ✨ NEW: Processed: new
2026-04-11 21:15:13 | INFO     | ss_crawler | [crawler] [crawler] Fetching listing 4/30: https://www.ss.com/msg/lv/electronics/computers/completing-pc/video/mbfxe.html
2026-04-11 21:15:16 | INFO     | ss_crawler | [repository] [repository] New listing created: mbfxe
2026-04-11 21:15:16 | INFO     | ss_crawler | [scraper] [scraper] ✨ NEW: Processed: new
2026-04-11 21:15:16 | INFO     | ss_crawler | [crawler] [crawler] Fetching listing 5/30: https://www.ss.com/msg/lv/electronics/computers/completing-pc/video/mombl.html
2026-04-11 21:15:19 | INFO     | ss_crawler | [repository] [repository] New listing created: mombl
2026-04-11 21:15:19 | INFO     | ss_crawler | [scraper] [scraper] ✨ NEW: Processed: new
2026-04-11 21:15:19 | INFO     | ss_crawler | [crawler] [crawler] Fetching listing 6/30: https://www.ss.com/msg/lv/electronics/computers/completing-pc/video/ciopf.html
2026-04-11 21:15:21 | INFO     | ss_crawler | [repository] [repository] New listing created: ciopf
2026-04-11 21:15:21 | INFO     | ss_crawler | [scraper] [scraper] ✨ NEW: Processed: new
2026-04-11 21:15:21 | INFO     | ss_crawler | [crawler] [crawler] Fetching listing 7/30: https://www.ss.com/msg/lv/electronics/computers/completing-pc/video/bolmid.html
2026-04-11 21:15:22 | INFO     | ss_crawler | [scraper] [scraper] ⏭️ UNCHANGED: Processed: unchanged
2026-04-11 21:15:22 | INFO     | ss_crawler | [crawler] [crawler] Fetching listing 8/30: https://www.ss.com/msg/lv/electronics/computers/completing-pc/video/niijo.html
2026-04-11 21:15:25 | INFO     | ss_crawler | [repository] [repository] New listing created: niijo
2026-04-11 21:15:25 | INFO     | ss_crawler | [scraper] [scraper] ✨ NEW: Processed: new
2026-04-11 21:15:25 | INFO     | ss_crawler | [crawler] [crawler] Fetching listing 9/30: https://www.ss.com/msg/lv/electronics/computers/completing-pc/video/lipjd.html
2026-04-11 21:15:27 | INFO     | ss_crawler | [repository] [repository] New listing created: lipjd
2026-04-11 21:15:27 | INFO     | ss_crawler | [scraper] [scraper] ✨ NEW: Processed: new
2026-04-11 21:15:27 | INFO     | ss_crawler | [crawler] [crawler] Fetching listing 10/30: https://www.ss.com/msg/lv/electronics/computers/completing-pc/video/fcbbx.html
2026-04-11 21:15:30 | WARNING  | ss_crawler | [parser] [parser] No price found for https://www.ss.com/msg/lv/electronics/computers/completing-pc/video/fcbbx.html
2026-04-11 21:15:30 | INFO     | ss_crawler | [repository] [repository] New listing created: fcbbx
2026-04-11 21:15:30 | INFO     | ss_crawler | [scraper] [scraper] ✨ NEW: Processed: new
2026-04-11 21:15:30 | INFO     | ss_crawler | [crawler] [crawler] Fetching listing 11/30: https://www.ss.com/msg/lv/electronics/computers/completing-pc/video/opjhi.html
2026-04-11 21:15:32 | INFO     | ss_crawler | [repository] [repository] New listing created: opjhi
2026-04-11 21:15:32 | INFO     | ss_crawler | [scraper] [scraper] ✨ NEW: Processed: new
2026-04-11 21:15:32 | INFO     | ss_crawler | [crawler] [crawler] Fetching listing 12/30: https://www.ss.com/msg/lv/electronics/computers/completing-pc/video/biigbm.html
2026-04-11 21:15:36 | INFO     | ss_crawler | [repository] [repository] New listing created: biigbm
2026-04-11 21:15:36 | INFO     | ss_crawler | [scraper] [scraper] ✨ NEW: Processed: new
2026-04-11 21:15:36 | INFO     | ss_crawler | [crawler] [crawler] Fetching listing 13/30: https://www.ss.com/msg/lv/electronics/computers/completing-pc/video/lofxl.html
2026-04-11 21:15:38 | INFO     | ss_crawler | [scraper] [scraper] ⏭️ UNCHANGED: Processed: unchanged
2026-04-11 21:15:38 | INFO     | ss_crawler | [crawler] [crawler] Fetching listing 14/30: https://www.ss.com/msg/lv/electronics/computers/completing-pc/video/ghocn.html
2026-04-11 21:15:42 | INFO     | ss_crawler | [scraper] [scraper] ⚠️ LOW_CONFIDENCE: Match confidence 0.30 below threshold
2026-04-11 21:15:42 | INFO     | ss_crawler | [crawler] [crawler] Fetching listing 15/30: https://www.ss.com/msg/lv/electronics/computers/completing-pc/video/bolmcl.html
2026-04-11 21:15:44 | INFO     | ss_crawler | [repository] [repository] New listing created: bolmcl
2026-04-11 21:15:44 | INFO     | ss_crawler | [scraper] [scraper] ✨ NEW: Processed: new
2026-04-11 21:15:44 | INFO     | ss_crawler | [crawler] [crawler] Fetching listing 16/30: https://www.ss.com/msg/lv/electronics/computers/completing-pc/video/bipccj.html
2026-04-11 21:15:47 | INFO     | ss_crawler | [scraper] [scraper] ⚠️ LOW_CONFIDENCE: Match confidence 0.63 below threshold
2026-04-11 21:15:47 | INFO     | ss_crawler | [crawler] [crawler] Fetching listing 17/30: https://www.ss.com/msg/lv/electronics/computers/completing-pc/video/bkpjie.html
2026-04-11 21:15:50 | INFO     | ss_crawler | [repository] [repository] New listing created: bkpjie
2026-04-11 21:15:50 | INFO     | ss_crawler | [scraper] [scraper] ✨ NEW: Processed: new
2026-04-11 21:15:50 | INFO     | ss_crawler | [crawler] [crawler] Fetching listing 18/30: https://www.ss.com/msg/lv/electronics/computers/completing-pc/video/pccxl.html
2026-04-11 21:15:53 | INFO     | ss_crawler | [repository] [repository] New listing created: pccxl
2026-04-11 21:15:53 | INFO     | ss_crawler | [scraper] [scraper] ✨ NEW: Processed: new
2026-04-11 21:15:53 | INFO     | ss_crawler | [crawler] [crawler] Fetching listing 19/30: https://www.ss.com/msg/lv/electronics/computers/completing-pc/video/pdmcp.html
2026-04-11 21:15:55 | INFO     | ss_crawler | [repository] [repository] New listing created: pdmcp
2026-04-11 21:15:55 | INFO     | ss_crawler | [scraper] [scraper] ✨ NEW: Processed: new
2026-04-11 21:15:55 | INFO     | ss_crawler | [crawler] [crawler] Fetching listing 20/30: https://www.ss.com/msg/lv/electronics/computers/completing-pc/video/bikfkf.html
2026-04-11 21:15:58 | INFO     | ss_crawler | [repository] [repository] New listing created: bikfkf
2026-04-11 21:15:58 | INFO     | ss_crawler | [scraper] [scraper] ✨ NEW: Processed: new
2026-04-11 21:15:58 | INFO     | ss_crawler | [crawler] [crawler] Fetching listing 21/30: https://www.ss.com/msg/lv/electronics/computers/completing-pc/video/mnjij.html
2026-04-11 21:16:01 | INFO     | ss_crawler | [repository] [repository] New listing created: mnjij
2026-04-11 21:16:01 | INFO     | ss_crawler | [scraper] [scraper] ✨ NEW: Processed: new
2026-04-11 21:16:01 | INFO     | ss_crawler | [crawler] [crawler] Fetching listing 22/30: https://www.ss.com/msg/lv/electronics/computers/completing-pc/video/bilnng.html
2026-04-11 21:16:04 | INFO     | ss_crawler | [repository] [repository] New listing created: bilnng
2026-04-11 21:16:04 | INFO     | ss_crawler | [scraper] [scraper] ✨ NEW: Processed: new
2026-04-11 21:16:04 | INFO     | ss_crawler | [crawler] [crawler] Fetching listing 23/30: https://www.ss.com/msg/lv/electronics/computers/completing-pc/video/pchlg.html
2026-04-11 21:16:07 | INFO     | ss_crawler | [repository] [repository] New listing created: pchlg
2026-04-11 21:16:07 | INFO     | ss_crawler | [scraper] [scraper] ✨ NEW: Processed: new
2026-04-11 21:16:07 | INFO     | ss_crawler | [crawler] [crawler] Fetching listing 24/30: https://www.ss.com/msg/lv/electronics/computers/completing-pc/video/bopjoo.html
2026-04-11 21:16:09 | INFO     | ss_crawler | [repository] [repository] New listing created: bopjoo
2026-04-11 21:16:09 | INFO     | ss_crawler | [scraper] [scraper] ✨ NEW: Processed: new
2026-04-11 21:16:09 | INFO     | ss_crawler | [crawler] [crawler] Fetching listing 25/30: https://www.ss.com/msg/lv/electronics/computers/completing-pc/video/bipoeb.html
2026-04-11 21:16:11 | INFO     | ss_crawler | [scraper] [scraper] ⏭️ UNCHANGED: Processed: unchanged
2026-04-11 21:16:11 | INFO     | ss_crawler | [crawler] [crawler] Fetching listing 26/30: https://www.ss.com/msg/lv/electronics/computers/completing-pc/video/bpxxio.html
2026-04-11 21:16:14 | INFO     | ss_crawler | [repository] [repository] New listing created: bpxxio
2026-04-11 21:16:14 | INFO     | ss_crawler | [scraper] [scraper] ✨ NEW: Processed: new
2026-04-11 21:16:14 | INFO     | ss_crawler | [crawler] [crawler] Fetching listing 27/30: https://www.ss.com/msg/lv/electronics/computers/completing-pc/video/bkfokg.html
2026-04-11 21:16:16 | INFO     | ss_crawler | [repository] [repository] New listing created: bkfokg
2026-04-11 21:16:16 | INFO     | ss_crawler | [scraper] [scraper] ✨ NEW: Processed: new
2026-04-11 21:16:16 | INFO     | ss_crawler | [crawler] [crawler] Fetching listing 28/30: https://www.ss.com/msg/lv/electronics/computers/completing-pc/video/bjbfmk.html
2026-04-11 21:16:19 | INFO     | ss_crawler | [repository] [repository] New listing created: bjbfmk
2026-04-11 21:16:19 | INFO     | ss_crawler | [scraper] [scraper] ✨ NEW: Processed: new
2026-04-11 21:16:19 | INFO     | ss_crawler | [crawler] [crawler] Fetching listing 29/30: https://www.ss.com/msg/lv/electronics/computers/completing-pc/video/bihngk.html
2026-04-11 21:16:22 | INFO     | ss_crawler | [repository] [repository] New listing created: bihngk
2026-04-11 21:16:22 | INFO     | ss_crawler | [scraper] [scraper] ✨ NEW: Processed: new
2026-04-11 21:16:22 | INFO     | ss_crawler | [crawler] [crawler] Fetching listing 30/30: https://www.ss.com/msg/lv/electronics/computers/completing-pc/video/nieie.html
2026-04-11 21:16:26 | INFO     | ss_crawler | [repository] [repository] New listing created: nieie
2026-04-11 21:16:26 | INFO     | ss_crawler | [scraper] [scraper] ✨ NEW: Processed: new
2026-04-11 21:16:26 | INFO     | ss_crawler | [scraper] [scraper] 📄 Fetching category: https://www.ss.com/lv/electronics/computers/completing-pc/video/page4.html
2026-04-11 21:16:26 | INFO     | ss_crawler | [crawler] [crawler] Fetching category page: https://www.ss.com/lv/electronics/computers/completing-pc/video/page4.html
2026-04-11 21:16:29 | INFO     | ss_crawler | [parser] [parser] Found 30 listings on page
2026-04-11 21:16:29 | INFO     | ss_crawler | [scraper] [scraper] 🔍 Found 30 listings to process
2026-04-11 21:16:29 | INFO     | ss_crawler | [crawler] [crawler] Fetching listing 1/30: https://www.ss.com/msg/lv/electronics/computers/completing-pc/video/bpbbfg.html
2026-04-11 21:16:31 | INFO     | ss_crawler | [repository] [repository] New listing created: bpbbfg
2026-04-11 21:16:31 | INFO     | ss_crawler | [scraper] [scraper] ✨ NEW: Processed: new
2026-04-11 21:16:31 | INFO     | ss_crawler | [crawler] [crawler] Fetching listing 2/30: https://www.ss.com/msg/lv/electronics/computers/completing-pc/video/bindxm.html
2026-04-11 21:16:34 | INFO     | ss_crawler | [repository] [repository] New listing created: bindxm
2026-04-11 21:16:34 | INFO     | ss_crawler | [scraper] [scraper] ✨ NEW: Processed: new
2026-04-11 21:16:34 | INFO     | ss_crawler | [crawler] [crawler] Fetching listing 3/30: https://www.ss.com/msg/lv/electronics/computers/completing-pc/video/pccif.html
2026-04-11 21:16:36 | INFO     | ss_crawler | [repository] [repository] New listing created: pccif
2026-04-11 21:16:36 | INFO     | ss_crawler | [scraper] [scraper] ✨ NEW: Processed: new
2026-04-11 21:16:36 | INFO     | ss_crawler | [crawler] [crawler] Fetching listing 4/30: https://www.ss.com/msg/lv/electronics/computers/completing-pc/video/bjjonm.html
2026-04-11 21:16:39 | INFO     | ss_crawler | [repository] [repository] New listing created: bjjonm
2026-04-11 21:16:39 | INFO     | ss_crawler | [scraper] [scraper] ✨ NEW: Processed: new
2026-04-11 21:16:39 | INFO     | ss_crawler | [crawler] [crawler] Fetching listing 5/30: https://www.ss.com/msg/lv/electronics/computers/completing-pc/video/pcegi.html
2026-04-11 21:16:41 | INFO     | ss_crawler | [repository] [repository] New listing created: pcegi
2026-04-11 21:16:41 | INFO     | ss_crawler | [scraper] [scraper] ✨ NEW: Processed: new
2026-04-11 21:16:41 | INFO     | ss_crawler | [crawler] [crawler] Fetching listing 6/30: https://www.ss.com/msg/lv/electronics/computers/completing-pc/video/bilgfg.html
2026-04-11 21:16:44 | INFO     | ss_crawler | [repository] [repository] New listing created: bilgfg
2026-04-11 21:16:44 | INFO     | ss_crawler | [scraper] [scraper] ✨ NEW: Processed: new
2026-04-11 21:16:44 | INFO     | ss_crawler | [crawler] [crawler] Fetching listing 7/30: https://www.ss.com/msg/lv/electronics/computers/completing-pc/video/ggjbx.html
2026-04-11 21:16:47 | INFO     | ss_crawler | [repository] [repository] New listing created: ggjbx
2026-04-11 21:16:47 | INFO     | ss_crawler | [scraper] [scraper] ✨ NEW: Processed: new
2026-04-11 21:16:47 | INFO     | ss_crawler | [crawler] [crawler] Fetching listing 8/30: https://www.ss.com/msg/lv/electronics/computers/completing-pc/video/bkbjpm.html
2026-04-11 21:16:50 | INFO     | ss_crawler | [repository] [repository] New listing created: bkbjpm
2026-04-11 21:16:50 | INFO     | ss_crawler | [scraper] [scraper] ✨ NEW: Processed: new
2026-04-11 21:16:50 | INFO     | ss_crawler | [crawler] [crawler] Fetching listing 9/30: https://www.ss.com/msg/lv/electronics/computers/completing-pc/video/fmflm.html
2026-04-11 21:16:52 | WARNING  | ss_crawler | [parser] [parser] No price found for https://www.ss.com/msg/lv/electronics/computers/completing-pc/video/fmflm.html
2026-04-11 21:16:52 | INFO     | ss_crawler | [scraper] [scraper] ❓ UNMATCHED: No GPU match found
2026-04-11 21:16:52 | INFO     | ss_crawler | [crawler] [crawler] Fetching listing 10/30: https://www.ss.com/msg/lv/electronics/computers/completing-pc/video/bpbecm.html
2026-04-11 21:16:55 | INFO     | ss_crawler | [repository] [repository] New listing created: bpbecm
2026-04-11 21:16:55 | INFO     | ss_crawler | [scraper] [scraper] ✨ NEW: Processed: new
2026-04-11 21:16:55 | INFO     | ss_crawler | [crawler] [crawler] Fetching listing 11/30: https://www.ss.com/msg/lv/electronics/computers/completing-pc/video/bpxcop.html
2026-04-11 21:16:59 | INFO     | ss_crawler | [repository] [repository] New listing created: bpxcop
2026-04-11 21:16:59 | INFO     | ss_crawler | [scraper] [scraper] ✨ NEW: Processed: new
2026-04-11 21:16:59 | INFO     | ss_crawler | [crawler] [crawler] Fetching listing 12/30: https://www.ss.com/msg/lv/electronics/computers/completing-pc/video/bigjld.html
2026-04-11 21:17:01 | INFO     | ss_crawler | [scraper] [scraper] ❓ UNMATCHED: No GPU match found
2026-04-11 21:17:01 | INFO     | ss_crawler | [crawler] [crawler] Fetching listing 13/30: https://www.ss.com/msg/lv/electronics/computers/completing-pc/video/bigpnf.html
2026-04-11 21:17:03 | INFO     | ss_crawler | [repository] [repository] New listing created: bigpnf
2026-04-11 21:17:03 | INFO     | ss_crawler | [scraper] [scraper] ✨ NEW: Processed: new
2026-04-11 21:17:03 | INFO     | ss_crawler | [crawler] [crawler] Fetching listing 14/30: https://www.ss.com/msg/lv/electronics/computers/completing-pc/video/bjpec.html
2026-04-11 21:17:06 | INFO     | ss_crawler | [scraper] [scraper] ❓ UNMATCHED: No GPU match found
2026-04-11 21:17:06 | INFO     | ss_crawler | [crawler] [crawler] Fetching listing 15/30: https://www.ss.com/msg/lv/electronics/computers/completing-pc/video/biedkx.html
2026-04-11 21:17:09 | INFO     | ss_crawler | [repository] [repository] New listing created: biedkx
2026-04-11 21:17:09 | INFO     | ss_crawler | [scraper] [scraper] ✨ NEW: Processed: new
2026-04-11 21:17:09 | INFO     | ss_crawler | [crawler] [crawler] Fetching listing 16/30: https://www.ss.com/msg/lv/electronics/computers/completing-pc/video/bpbedx.html
2026-04-11 21:17:12 | INFO     | ss_crawler | [repository] [repository] New listing created: bpbedx
2026-04-11 21:17:12 | INFO     | ss_crawler | [scraper] [scraper] ✨ NEW: Processed: new
2026-04-11 21:17:12 | INFO     | ss_crawler | [crawler] [crawler] Fetching listing 17/30: https://www.ss.com/msg/lv/electronics/computers/completing-pc/video/momol.html
2026-04-11 21:17:14 | INFO     | ss_crawler | [repository] [repository] New listing created: momol
2026-04-11 21:17:14 | INFO     | ss_crawler | [scraper] [scraper] ✨ NEW: Processed: new
2026-04-11 21:17:14 | INFO     | ss_crawler | [crawler] [crawler] Fetching listing 18/30: https://www.ss.com/msg/lv/electronics/computers/completing-pc/video/exnob.html
2026-04-11 21:17:17 | INFO     | ss_crawler | [repository] [repository] New listing created: exnob
2026-04-11 21:17:17 | INFO     | ss_crawler | [scraper] [scraper] ✨ NEW: Processed: new
2026-04-11 21:17:17 | INFO     | ss_crawler | [crawler] [crawler] Fetching listing 19/30: https://www.ss.com/msg/lv/electronics/computers/completing-pc/video/bopjof.html
2026-04-11 21:17:19 | INFO     | ss_crawler | [repository] [repository] New listing created: bopjof
2026-04-11 21:17:19 | INFO     | ss_crawler | [scraper] [scraper] ✨ NEW: Processed: new
2026-04-11 21:17:19 | INFO     | ss_crawler | [crawler] [crawler] Fetching listing 20/30: https://www.ss.com/msg/lv/electronics/computers/completing-pc/video/fbglj.html
2026-04-11 21:17:23 | INFO     | ss_crawler | [repository] [repository] New listing created: fbglj
2026-04-11 21:17:23 | INFO     | ss_crawler | [scraper] [scraper] ✨ NEW: Processed: new
2026-04-11 21:17:23 | INFO     | ss_crawler | [crawler] [crawler] Fetching listing 21/30: https://www.ss.com/msg/lv/electronics/computers/completing-pc/video/gdchp.html
2026-04-11 21:17:26 | INFO     | ss_crawler | [repository] [repository] New listing created: gdchp
2026-04-11 21:17:26 | INFO     | ss_crawler | [scraper] [scraper] ✨ NEW: Processed: new
2026-04-11 21:17:26 | INFO     | ss_crawler | [crawler] [crawler] Fetching listing 22/30: https://www.ss.com/msg/lv/electronics/computers/completing-pc/video/fpjhf.html
2026-04-11 21:17:29 | INFO     | ss_crawler | [repository] [repository] New listing created: fpjhf
2026-04-11 21:17:29 | INFO     | ss_crawler | [scraper] [scraper] ✨ NEW: Processed: new
2026-04-11 21:17:29 | INFO     | ss_crawler | [crawler] [crawler] Fetching listing 23/30: https://www.ss.com/msg/lv/electronics/computers/completing-pc/video/lnhjd.html
2026-04-11 21:17:31 | INFO     | ss_crawler | [repository] [repository] New listing created: lnhjd
2026-04-11 21:17:31 | INFO     | ss_crawler | [scraper] [scraper] ✨ NEW: Processed: new
2026-04-11 21:17:31 | INFO     | ss_crawler | [crawler] [crawler] Fetching listing 24/30: https://www.ss.com/msg/lv/electronics/computers/completing-pc/video/glcdx.html
2026-04-11 21:17:34 | INFO     | ss_crawler | [repository] [repository] New listing created: glcdx
2026-04-11 21:17:34 | INFO     | ss_crawler | [scraper] [scraper] ✨ NEW: Processed: new
2026-04-11 21:17:34 | INFO     | ss_crawler | [crawler] [crawler] Fetching listing 25/30: https://www.ss.com/msg/lv/electronics/computers/completing-pc/video/lfcol.html
2026-04-11 21:17:37 | INFO     | ss_crawler | [repository] [repository] New listing created: lfcol
2026-04-11 21:17:37 | INFO     | ss_crawler | [scraper] [scraper] ✨ NEW: Processed: new
2026-04-11 21:17:37 | INFO     | ss_crawler | [crawler] [crawler] Fetching listing 26/30: https://www.ss.com/msg/lv/electronics/computers/completing-pc/video/ppfoj.html
2026-04-11 21:17:39 | INFO     | ss_crawler | [repository] [repository] New listing created: ppfoj
2026-04-11 21:17:39 | INFO     | ss_crawler | [scraper] [scraper] ✨ NEW: Processed: new
2026-04-11 21:17:39 | INFO     | ss_crawler | [crawler] [crawler] Fetching listing 27/30: https://www.ss.com/msg/lv/electronics/computers/completing-pc/video/bigjln.html
2026-04-11 21:17:42 | INFO     | ss_crawler | [repository] [repository] New listing created: bigjln
2026-04-11 21:17:42 | INFO     | ss_crawler | [scraper] [scraper] ✨ NEW: Processed: new
2026-04-11 21:17:42 | INFO     | ss_crawler | [crawler] [crawler] Fetching listing 28/30: https://www.ss.com/msg/lv/electronics/computers/completing-pc/video/binpxk.html
2026-04-11 21:17:44 | INFO     | ss_crawler | [repository] [repository] New listing created: binpxk
2026-04-11 21:17:44 | INFO     | ss_crawler | [scraper] [scraper] ✨ NEW: Processed: new
2026-04-11 21:17:44 | INFO     | ss_crawler | [crawler] [crawler] Fetching listing 29/30: https://www.ss.com/msg/lv/electronics/computers/completing-pc/video/bihmgd.html
2026-04-11 21:17:46 | INFO     | ss_crawler | [repository] [repository] New listing created: bihmgd
2026-04-11 21:17:46 | INFO     | ss_crawler | [scraper] [scraper] ✨ NEW: Processed: new
2026-04-11 21:17:46 | INFO     | ss_crawler | [crawler] [crawler] Fetching listing 30/30: https://www.ss.com/msg/lv/electronics/computers/completing-pc/video/nhdgk.html
2026-04-11 21:17:47 | INFO     | ss_crawler | [repository] [repository] New listing created: nhdgk
2026-04-11 21:17:47 | INFO     | ss_crawler | [scraper] [scraper] ✨ NEW: Processed: new
2026-04-11 21:17:47 | INFO     | ss_crawler | [scraper] [scraper] 📄 Fetching category: https://www.ss.com/lv/electronics/computers/completing-pc/video/page5.html
2026-04-11 21:17:47 | INFO     | ss_crawler | [crawler] [crawler] Fetching category page: https://www.ss.com/lv/electronics/computers/completing-pc/video/page5.html
2026-04-11 21:17:50 | INFO     | ss_crawler | [parser] [parser] Found 12 listings on page
2026-04-11 21:17:50 | INFO     | ss_crawler | [scraper] [scraper] 🔍 Found 12 listings to process
2026-04-11 21:17:50 | INFO     | ss_crawler | [crawler] [crawler] Fetching listing 1/12: https://www.ss.com/msg/lv/electronics/computers/completing-pc/video/lphlo.html
2026-04-11 21:17:52 | INFO     | ss_crawler | [scraper] [scraper] ⚠️ LOW_CONFIDENCE: Match confidence 0.65 below threshold
2026-04-11 21:17:52 | INFO     | ss_crawler | [crawler] [crawler] Fetching listing 2/12: https://www.ss.com/msg/lv/electronics/computers/completing-pc/video/biddmf.html
2026-04-11 21:17:55 | INFO     | ss_crawler | [repository] [repository] New listing created: biddmf
2026-04-11 21:17:55 | INFO     | ss_crawler | [scraper] [scraper] ✨ NEW: Processed: new
2026-04-11 21:17:55 | INFO     | ss_crawler | [crawler] [crawler] Fetching listing 3/12: https://www.ss.com/msg/lv/electronics/computers/completing-pc/video/nhdnf.html
2026-04-11 21:17:58 | INFO     | ss_crawler | [scraper] [scraper] ⏭️ UNCHANGED: Processed: unchanged
2026-04-11 21:17:58 | INFO     | ss_crawler | [crawler] [crawler] Fetching listing 4/12: https://www.ss.com/msg/lv/electronics/computers/completing-pc/video/bkmdoe.html
2026-04-11 21:18:01 | INFO     | ss_crawler | [repository] [repository] New listing created: bkmdoe
2026-04-11 21:18:01 | INFO     | ss_crawler | [scraper] [scraper] ✨ NEW: Processed: new
2026-04-11 21:18:01 | INFO     | ss_crawler | [crawler] [crawler] Fetching listing 5/12: https://www.ss.com/msg/lv/electronics/computers/completing-pc/video/bjxcgx.html
2026-04-11 21:18:04 | INFO     | ss_crawler | [repository] [repository] New listing created: bjxcgx
2026-04-11 21:18:04 | INFO     | ss_crawler | [scraper] [scraper] ✨ NEW: Processed: new
2026-04-11 21:18:04 | INFO     | ss_crawler | [crawler] [crawler] Fetching listing 6/12: https://www.ss.com/msg/lv/electronics/computers/completing-pc/video/nihlj.html
2026-04-11 21:18:06 | INFO     | ss_crawler | [repository] [repository] New listing created: nihlj
2026-04-11 21:18:06 | INFO     | ss_crawler | [scraper] [scraper] ✨ NEW: Processed: new
2026-04-11 21:18:06 | INFO     | ss_crawler | [crawler] [crawler] Fetching listing 7/12: https://www.ss.com/msg/lv/electronics/computers/completing-pc/video/bkplgl.html
2026-04-11 21:18:09 | INFO     | ss_crawler | [repository] [repository] New listing created: bkplgl
2026-04-11 21:18:09 | INFO     | ss_crawler | [scraper] [scraper] ✨ NEW: Processed: new
2026-04-11 21:18:09 | INFO     | ss_crawler | [crawler] [crawler] Fetching listing 8/12: https://www.ss.com/msg/lv/electronics/computers/completing-pc/video/dpkjo.html
2026-04-11 21:18:10 | INFO     | ss_crawler | [repository] [repository] New listing created: dpkjo
2026-04-11 21:18:10 | INFO     | ss_crawler | [scraper] [scraper] ✨ NEW: Processed: new
2026-04-11 21:18:10 | INFO     | ss_crawler | [crawler] [crawler] Fetching listing 9/12: https://www.ss.com/msg/lv/electronics/computers/completing-pc/video/glgfb.html
2026-04-11 21:18:14 | INFO     | ss_crawler | [repository] [repository] New listing created: glgfb
2026-04-11 21:18:14 | INFO     | ss_crawler | [scraper] [scraper] ✨ NEW: Processed: new
2026-04-11 21:18:14 | INFO     | ss_crawler | [crawler] [crawler] Fetching listing 10/12: https://www.ss.com/msg/lv/electronics/computers/completing-pc/video/plcfb.html
2026-04-11 21:18:17 | INFO     | ss_crawler | [repository] [repository] New listing created: plcfb
2026-04-11 21:18:17 | INFO     | ss_crawler | [scraper] [scraper] ✨ NEW: Processed: new
2026-04-11 21:18:17 | INFO     | ss_crawler | [crawler] [crawler] Fetching listing 11/12: https://www.ss.com/msg/lv/electronics/computers/completing-pc/video/bkggdd.html
2026-04-11 21:18:20 | INFO     | ss_crawler | [repository] [repository] New listing created: bkggdd
2026-04-11 21:18:20 | INFO     | ss_crawler | [scraper] [scraper] ✨ NEW: Processed: new
2026-04-11 21:18:20 | INFO     | ss_crawler | [crawler] [crawler] Fetching listing 12/12: https://www.ss.com/msg/lv/electronics/computers/completing-pc/video/nienc.html
2026-04-11 21:18:23 | INFO     | ss_crawler | [repository] [repository] New listing created: nienc
2026-04-11 21:18:23 | INFO     | ss_crawler | [scraper] [scraper] ✨ NEW: Processed: new
2026-04-11 21:18:23 | INFO     | ss_crawler | [scraper] [scraper] 📄 Fetching category: https://www.ss.com/lv/electronics/computers/completing-pc/video/page6.html
2026-04-11 21:18:23 | INFO     | ss_crawler | [crawler] [crawler] Fetching category page: https://www.ss.com/lv/electronics/computers/completing-pc/video/page6.html
2026-04-11 21:18:24 | INFO     | ss_crawler | [parser] [parser] Found 30 listings on page
2026-04-11 21:18:24 | INFO     | ss_crawler | [scraper] [scraper] 🔍 Found 30 listings to process
2026-04-11 21:18:24 | INFO     | ss_crawler | [crawler] [crawler] Fetching listing 1/30: https://www.ss.com/msg/lv/electronics/computers/completing-pc/video/bjcdjm.html
2026-04-11 21:18:26 | INFO     | ss_crawler | [scraper] [scraper] ⏭️ UNCHANGED: Processed: unchanged
2026-04-11 21:18:26 | INFO     | ss_crawler | [crawler] [crawler] Fetching listing 2/30: https://www.ss.com/msg/lv/electronics/computers/completing-pc/video/bkmenc.html
2026-04-11 21:18:29 | INFO     | ss_crawler | [scraper] [scraper] ⏭️ UNCHANGED: Processed: unchanged
2026-04-11 21:18:29 | INFO     | ss_crawler | [crawler] [crawler] Fetching listing 3/30: https://www.ss.com/msg/lv/electronics/computers/completing-pc/video/fkmij.html
2026-04-11 21:18:32 | INFO     | ss_crawler | [scraper] [scraper] ⏭️ UNCHANGED: Processed: unchanged
2026-04-11 21:18:32 | INFO     | ss_crawler | [crawler] [crawler] Fetching listing 4/30: https://www.ss.com/msg/lv/electronics/computers/completing-pc/video/fdjpc.html
2026-04-11 21:18:35 | INFO     | ss_crawler | [scraper] [scraper] ⏭️ UNCHANGED: Processed: unchanged
2026-04-11 21:18:35 | INFO     | ss_crawler | [crawler] [crawler] Fetching listing 5/30: https://www.ss.com/msg/lv/electronics/computers/completing-pc/video/cckmo.html
2026-04-11 21:18:38 | INFO     | ss_crawler | [scraper] [scraper] ⏭️ UNCHANGED: Processed: unchanged
2026-04-11 21:18:38 | INFO     | ss_crawler | [crawler] [crawler] Fetching listing 6/30: https://www.ss.com/msg/lv/electronics/computers/completing-pc/video/bopjpd.html
2026-04-11 21:18:41 | INFO     | ss_crawler | [scraper] [scraper] ⏭️ UNCHANGED: Processed: unchanged
2026-04-11 21:18:41 | INFO     | ss_crawler | [crawler] [crawler] Fetching listing 7/30: https://www.ss.com/msg/lv/electronics/computers/completing-pc/video/bikkbm.html
2026-04-11 21:18:44 | INFO     | ss_crawler | [scraper] [scraper] ⏭️ UNCHANGED: Processed: unchanged
2026-04-11 21:18:44 | INFO     | ss_crawler | [crawler] [crawler] Fetching listing 8/30: https://www.ss.com/msg/lv/electronics/computers/completing-pc/video/bkmnlc.html
2026-04-11 21:18:45 | INFO     | ss_crawler | [scraper] [scraper] ⏭️ UNCHANGED: Processed: unchanged
2026-04-11 21:18:45 | INFO     | ss_crawler | [crawler] [crawler] Fetching listing 9/30: https://www.ss.com/msg/lv/electronics/computers/completing-pc/video/lpbhi.html
2026-04-11 21:18:47 | INFO     | ss_crawler | [scraper] [scraper] ⏭️ UNCHANGED: Processed: unchanged
2026-04-11 21:18:47 | INFO     | ss_crawler | [crawler] [crawler] Fetching listing 10/30: https://www.ss.com/msg/lv/electronics/computers/completing-pc/video/fjdox.html
2026-04-11 21:18:49 | INFO     | ss_crawler | [scraper] [scraper] ⏭️ UNCHANGED: Processed: unchanged
2026-04-11 21:18:49 | INFO     | ss_crawler | [crawler] [crawler] Fetching listing 11/30: https://www.ss.com/msg/lv/electronics/computers/completing-pc/video/bkxjdg.html
2026-04-11 21:18:51 | INFO     | ss_crawler | [scraper] [scraper] ⏭️ UNCHANGED: Processed: unchanged
2026-04-11 21:18:51 | INFO     | ss_crawler | [crawler] [crawler] Fetching listing 12/30: https://www.ss.com/msg/lv/electronics/computers/completing-pc/video/bolpdx.html
2026-04-11 21:18:55 | INFO     | ss_crawler | [scraper] [scraper] ❓ UNMATCHED: No GPU match found
2026-04-11 21:18:55 | INFO     | ss_crawler | [crawler] [crawler] Fetching listing 13/30: https://www.ss.com/msg/lv/electronics/computers/completing-pc/video/blgiel.html
2026-04-11 21:18:56 | INFO     | ss_crawler | [scraper] [scraper] ⏭️ UNCHANGED: Processed: unchanged
2026-04-11 21:18:56 | INFO     | ss_crawler | [crawler] [crawler] Fetching listing 14/30: https://www.ss.com/msg/lv/electronics/computers/completing-pc/video/ebcgn.html
2026-04-11 21:18:59 | INFO     | ss_crawler | [scraper] [scraper] ⚠️ LOW_CONFIDENCE: Match confidence 0.42 below threshold
2026-04-11 21:18:59 | INFO     | ss_crawler | [crawler] [crawler] Fetching listing 15/30: https://www.ss.com/msg/lv/electronics/computers/completing-pc/video/pbgln.html
2026-04-11 21:19:01 | INFO     | ss_crawler | [scraper] [scraper] ⏭️ UNCHANGED: Processed: unchanged
2026-04-11 21:19:01 | INFO     | ss_crawler | [crawler] [crawler] Fetching listing 16/30: https://www.ss.com/msg/lv/electronics/computers/completing-pc/video/ppmhc.html
2026-04-11 21:19:03 | INFO     | ss_crawler | [scraper] [scraper] ⏭️ UNCHANGED: Processed: unchanged
2026-04-11 21:19:03 | INFO     | ss_crawler | [crawler] [crawler] Fetching listing 17/30: https://www.ss.com/msg/lv/electronics/computers/completing-pc/video/nhefi.html
2026-04-11 21:19:05 | INFO     | ss_crawler | [scraper] [scraper] ⚠️ LOW_CONFIDENCE: Match confidence 0.55 below threshold
2026-04-11 21:19:05 | INFO     | ss_crawler | [crawler] [crawler] Fetching listing 18/30: https://www.ss.com/msg/lv/electronics/computers/completing-pc/video/bkfomx.html
2026-04-11 21:19:08 | INFO     | ss_crawler | [scraper] [scraper] ⏭️ UNCHANGED: Processed: unchanged
2026-04-11 21:19:08 | INFO     | ss_crawler | [crawler] [crawler] Fetching listing 19/30: https://www.ss.com/msg/lv/electronics/computers/completing-pc/video/lpjic.html
2026-04-11 21:19:12 | INFO     | ss_crawler | [scraper] [scraper] ⏭️ UNCHANGED: Processed: unchanged
2026-04-11 21:19:12 | INFO     | ss_crawler | [crawler] [crawler] Fetching listing 20/30: https://www.ss.com/msg/lv/electronics/computers/completing-pc/video/epexo.html
2026-04-11 21:19:15 | INFO     | ss_crawler | [scraper] [scraper] ⏭️ UNCHANGED: Processed: unchanged
2026-04-11 21:19:15 | INFO     | ss_crawler | [crawler] [crawler] Fetching listing 21/30: https://www.ss.com/msg/lv/electronics/computers/completing-pc/video/bihlfm.html
2026-04-11 21:19:18 | INFO     | ss_crawler | [scraper] [scraper] ⏭️ UNCHANGED: Processed: unchanged
2026-04-11 21:19:18 | INFO     | ss_crawler | [crawler] [crawler] Fetching listing 22/30: https://www.ss.com/msg/lv/electronics/computers/completing-pc/video/blbeol.html
2026-04-11 21:19:20 | INFO     | ss_crawler | [scraper] [scraper] ⏭️ UNCHANGED: Processed: unchanged
2026-04-11 21:19:20 | INFO     | ss_crawler | [crawler] [crawler] Fetching listing 23/30: https://www.ss.com/msg/lv/electronics/computers/completing-pc/video/bkhdnd.html
2026-04-11 21:19:22 | INFO     | ss_crawler | [scraper] [scraper] ⏭️ UNCHANGED: Processed: unchanged
2026-04-11 21:19:22 | INFO     | ss_crawler | [crawler] [crawler] Fetching listing 24/30: https://www.ss.com/msg/lv/electronics/computers/completing-pc/video/fenki.html
2026-04-11 21:19:25 | INFO     | ss_crawler | [scraper] [scraper] ⏭️ UNCHANGED: Processed: unchanged
2026-04-11 21:19:25 | INFO     | ss_crawler | [crawler] [crawler] Fetching listing 25/30: https://www.ss.com/msg/lv/electronics/computers/completing-pc/video/lnkjl.html
2026-04-11 21:19:27 | INFO     | ss_crawler | [scraper] [scraper] ⏭️ UNCHANGED: Processed: unchanged
2026-04-11 21:19:27 | INFO     | ss_crawler | [crawler] [crawler] Fetching listing 26/30: https://www.ss.com/msg/lv/electronics/computers/completing-pc/video/adggp.html
2026-04-11 21:19:29 | INFO     | ss_crawler | [scraper] [scraper] ⏭️ UNCHANGED: Processed: unchanged
2026-04-11 21:19:29 | INFO     | ss_crawler | [crawler] [crawler] Fetching listing 27/30: https://www.ss.com/msg/lv/electronics/computers/completing-pc/video/ndokf.html
2026-04-11 21:19:31 | INFO     | ss_crawler | [scraper] [scraper] ⏭️ UNCHANGED: Processed: unchanged
2026-04-11 21:19:31 | INFO     | ss_crawler | [crawler] [crawler] Fetching listing 28/30: https://www.ss.com/msg/lv/electronics/computers/completing-pc/video/bkejlk.html
2026-04-11 21:19:34 | INFO     | ss_crawler | [scraper] [scraper] ⏭️ UNCHANGED: Processed: unchanged
2026-04-11 21:19:34 | INFO     | ss_crawler | [crawler] [crawler] Fetching listing 29/30: https://www.ss.com/msg/lv/electronics/computers/completing-pc/video/fcjgn.html
2026-04-11 21:19:37 | INFO     | ss_crawler | [scraper] [scraper] ⏭️ UNCHANGED: Processed: unchanged
2026-04-11 21:19:37 | INFO     | ss_crawler | [crawler] [crawler] Fetching listing 30/30: https://www.ss.com/msg/lv/electronics/computers/completing-pc/video/biohcc.html
2026-04-11 21:19:40 | INFO     | ss_crawler | [scraper] [scraper] ⏭️ UNCHANGED: Processed: unchanged
2026-04-11 21:19:40 | INFO     | ss_crawler | [scraper] [scraper] 📄 Fetching category: https://www.ss.com/lv/electronics/computers/completing-pc/video/page7.html
2026-04-11 21:19:40 | INFO     | ss_crawler | [crawler] [crawler] Fetching category page: https://www.ss.com/lv/electronics/computers/completing-pc/video/page7.html
2026-04-11 21:23:54 | INFO     | ss_crawler | [scraper] [scraper] 🚀 Initializing scraper...
2026-04-11 21:23:54 | INFO     | ss_crawler | [database] [database] Database connected: localhost:5433/ss_market
2026-04-11 21:23:54 | INFO     | ss_crawler | [scraper] [scraper] 📦 Database: postgresql+psycopg2://crawler:crawler_pass@localhost:5433/ss_market
2026-04-11 21:23:54 | INFO     | ss_crawler | [matcher] [matcher] GPUMatcher initialized with 631 GPUs
2026-04-11 21:23:54 | INFO     | ss_crawler | [scraper] [scraper] 🎮 Loaded 631 GPU references
2026-04-11 21:23:54 | INFO     | ss_crawler | [scraper] [scraper] 📊 Scrape run started: ID 6
2026-04-11 21:23:54 | INFO     | ss_crawler | [scraper] [scraper] 📄 Fetching category: https://www.ss.com/lv/electronics/computers/completing-pc/video/
2026-04-11 21:23:54 | INFO     | ss_crawler | [crawler] [crawler] Fetching category page: https://www.ss.com/lv/electronics/computers/completing-pc/video/
2026-04-11 21:23:58 | INFO     | ss_crawler | [parser] [parser] Found 30 listings on page
2026-04-11 21:23:58 | INFO     | ss_crawler | [scraper] [scraper] 🔍 Found 30 listings to process
2026-04-11 21:23:58 | INFO     | ss_crawler | [crawler] [crawler] Fetching listing 1/30: https://www.ss.com/msg/lv/electronics/computers/completing-pc/video/bjcdjm.html
2026-04-11 21:24:00 | INFO     | ss_crawler | [scraper] [scraper] ⏭️ UNCHANGED: Processed: unchanged
2026-04-11 21:24:00 | INFO     | ss_crawler | [crawler] [crawler] Fetching listing 2/30: https://www.ss.com/msg/lv/electronics/computers/completing-pc/video/bkmenc.html
2026-04-11 21:24:03 | INFO     | ss_crawler | [scraper] [scraper] ⏭️ UNCHANGED: Processed: unchanged
2026-04-11 21:24:03 | INFO     | ss_crawler | [crawler] [crawler] Fetching listing 3/30: https://www.ss.com/msg/lv/electronics/computers/completing-pc/video/fkmij.html
2026-04-11 21:24:06 | INFO     | ss_crawler | [scraper] [scraper] ⏭️ UNCHANGED: Processed: unchanged
2026-04-11 21:24:06 | INFO     | ss_crawler | [crawler] [crawler] Fetching listing 4/30: https://www.ss.com/msg/lv/electronics/computers/completing-pc/video/fdjpc.html
2026-04-11 21:24:08 | INFO     | ss_crawler | [scraper] [scraper] ⏭️ UNCHANGED: Processed: unchanged
2026-04-11 21:24:08 | INFO     | ss_crawler | [crawler] [crawler] Fetching listing 5/30: https://www.ss.com/msg/lv/electronics/computers/completing-pc/video/cckmo.html
2026-04-11 21:24:11 | INFO     | ss_crawler | [scraper] [scraper] ⏭️ UNCHANGED: Processed: unchanged
2026-04-11 21:24:11 | INFO     | ss_crawler | [crawler] [crawler] Fetching listing 6/30: https://www.ss.com/msg/lv/electronics/computers/completing-pc/video/bopjpd.html
2026-04-11 21:24:13 | INFO     | ss_crawler | [scraper] [scraper] ⏭️ UNCHANGED: Processed: unchanged
2026-04-11 21:24:13 | INFO     | ss_crawler | [crawler] [crawler] Fetching listing 7/30: https://www.ss.com/msg/lv/electronics/computers/completing-pc/video/bikkbm.html
2026-04-11 21:24:17 | INFO     | ss_crawler | [scraper] [scraper] ⏭️ UNCHANGED: Processed: unchanged
2026-04-11 21:24:17 | INFO     | ss_crawler | [crawler] [crawler] Fetching listing 8/30: https://www.ss.com/msg/lv/electronics/computers/completing-pc/video/bkmnlc.html
2026-04-11 21:24:19 | INFO     | ss_crawler | [scraper] [scraper] ⏭️ UNCHANGED: Processed: unchanged
2026-04-11 21:24:19 | INFO     | ss_crawler | [crawler] [crawler] Fetching listing 9/30: https://www.ss.com/msg/lv/electronics/computers/completing-pc/video/lpbhi.html
2026-04-11 21:24:21 | INFO     | ss_crawler | [scraper] [scraper] ⏭️ UNCHANGED: Processed: unchanged
2026-04-11 21:24:21 | INFO     | ss_crawler | [crawler] [crawler] Fetching listing 10/30: https://www.ss.com/msg/lv/electronics/computers/completing-pc/video/fjdox.html
2026-04-11 21:24:23 | INFO     | ss_crawler | [scraper] [scraper] ⏭️ UNCHANGED: Processed: unchanged
2026-04-11 21:24:23 | INFO     | ss_crawler | [crawler] [crawler] Fetching listing 11/30: https://www.ss.com/msg/lv/electronics/computers/completing-pc/video/bkxjdg.html
2026-04-11 21:24:25 | INFO     | ss_crawler | [scraper] [scraper] ⏭️ UNCHANGED: Processed: unchanged
2026-04-11 21:24:25 | INFO     | ss_crawler | [crawler] [crawler] Fetching listing 12/30: https://www.ss.com/msg/lv/electronics/computers/completing-pc/video/bolpdx.html
2026-04-11 21:24:27 | INFO     | ss_crawler | [repository] [repository] New listing created: bolpdx
2026-04-11 21:24:27 | INFO     | ss_crawler | [scraper] [scraper] ❓ UNMATCHED: No GPU match found
2026-04-11 21:24:27 | INFO     | ss_crawler | [crawler] [crawler] Fetching listing 13/30: https://www.ss.com/msg/lv/electronics/computers/completing-pc/video/blgiel.html
2026-04-11 21:24:31 | INFO     | ss_crawler | [scraper] [scraper] ⏭️ UNCHANGED: Processed: unchanged
2026-04-11 21:24:31 | INFO     | ss_crawler | [crawler] [crawler] Fetching listing 14/30: https://www.ss.com/msg/lv/electronics/computers/completing-pc/video/ebcgn.html
2026-04-11 21:24:33 | INFO     | ss_crawler | [repository] [repository] New listing created: ebcgn
2026-04-11 21:24:33 | INFO     | ss_crawler | [scraper] [scraper] ⚠️ LOW_CONFIDENCE: Match confidence 0.42 below threshold
2026-04-11 21:24:33 | INFO     | ss_crawler | [crawler] [crawler] Fetching listing 15/30: https://www.ss.com/msg/lv/electronics/computers/completing-pc/video/pbgln.html
2026-04-11 21:24:37 | INFO     | ss_crawler | [scraper] [scraper] ⏭️ UNCHANGED: Processed: unchanged
2026-04-11 21:24:37 | INFO     | ss_crawler | [crawler] [crawler] Fetching listing 16/30: https://www.ss.com/msg/lv/electronics/computers/completing-pc/video/ppmhc.html
2026-04-11 21:24:38 | INFO     | ss_crawler | [scraper] [scraper] ⏭️ UNCHANGED: Processed: unchanged
2026-04-11 21:24:38 | INFO     | ss_crawler | [crawler] [crawler] Fetching listing 17/30: https://www.ss.com/msg/lv/electronics/computers/completing-pc/video/nhefi.html
2026-04-11 21:24:41 | INFO     | ss_crawler | [repository] [repository] New listing created: nhefi
2026-04-11 21:24:41 | INFO     | ss_crawler | [scraper] [scraper] ⚠️ LOW_CONFIDENCE: Match confidence 0.55 below threshold
2026-04-11 21:24:41 | INFO     | ss_crawler | [crawler] [crawler] Fetching listing 18/30: https://www.ss.com/msg/lv/electronics/computers/completing-pc/video/bkfomx.html
2026-04-11 21:24:43 | INFO     | ss_crawler | [scraper] [scraper] ⏭️ UNCHANGED: Processed: unchanged
2026-04-11 21:24:43 | INFO     | ss_crawler | [crawler] [crawler] Fetching listing 19/30: https://www.ss.com/msg/lv/electronics/computers/completing-pc/video/lpjic.html
2026-04-11 21:24:45 | INFO     | ss_crawler | [scraper] [scraper] ⏭️ UNCHANGED: Processed: unchanged
2026-04-11 21:24:45 | INFO     | ss_crawler | [crawler] [crawler] Fetching listing 20/30: https://www.ss.com/msg/lv/electronics/computers/completing-pc/video/epexo.html
2026-04-11 21:24:48 | INFO     | ss_crawler | [scraper] [scraper] ⏭️ UNCHANGED: Processed: unchanged
2026-04-11 21:24:48 | INFO     | ss_crawler | [crawler] [crawler] Fetching listing 21/30: https://www.ss.com/msg/lv/electronics/computers/completing-pc/video/bihlfm.html
2026-04-11 21:24:50 | INFO     | ss_crawler | [scraper] [scraper] ⏭️ UNCHANGED: Processed: unchanged
2026-04-11 21:24:50 | INFO     | ss_crawler | [crawler] [crawler] Fetching listing 22/30: https://www.ss.com/msg/lv/electronics/computers/completing-pc/video/blbeol.html
2026-04-11 21:24:52 | INFO     | ss_crawler | [scraper] [scraper] ⏭️ UNCHANGED: Processed: unchanged
2026-04-11 21:24:52 | INFO     | ss_crawler | [crawler] [crawler] Fetching listing 23/30: https://www.ss.com/msg/lv/electronics/computers/completing-pc/video/bkhdnd.html
2026-04-11 21:24:55 | INFO     | ss_crawler | [scraper] [scraper] ⏭️ UNCHANGED: Processed: unchanged
2026-04-11 21:24:55 | INFO     | ss_crawler | [crawler] [crawler] Fetching listing 24/30: https://www.ss.com/msg/lv/electronics/computers/completing-pc/video/fenki.html
2026-04-11 21:24:58 | INFO     | ss_crawler | [scraper] [scraper] ⏭️ UNCHANGED: Processed: unchanged
2026-04-11 21:24:58 | INFO     | ss_crawler | [crawler] [crawler] Fetching listing 25/30: https://www.ss.com/msg/lv/electronics/computers/completing-pc/video/lnkjl.html
2026-04-11 21:25:00 | INFO     | ss_crawler | [scraper] [scraper] ⏭️ UNCHANGED: Processed: unchanged
2026-04-11 21:25:00 | INFO     | ss_crawler | [crawler] [crawler] Fetching listing 26/30: https://www.ss.com/msg/lv/electronics/computers/completing-pc/video/adggp.html
2026-04-11 21:25:02 | INFO     | ss_crawler | [scraper] [scraper] ⏭️ UNCHANGED: Processed: unchanged
2026-04-11 21:25:02 | INFO     | ss_crawler | [crawler] [crawler] Fetching listing 27/30: https://www.ss.com/msg/lv/electronics/computers/completing-pc/video/ndokf.html
2026-04-11 21:25:05 | INFO     | ss_crawler | [scraper] [scraper] ⏭️ UNCHANGED: Processed: unchanged
2026-04-11 21:25:05 | INFO     | ss_crawler | [crawler] [crawler] Fetching listing 28/30: https://www.ss.com/msg/lv/electronics/computers/completing-pc/video/bkejlk.html
2026-04-11 21:25:08 | INFO     | ss_crawler | [scraper] [scraper] ⏭️ UNCHANGED: Processed: unchanged
2026-04-11 21:25:08 | INFO     | ss_crawler | [crawler] [crawler] Fetching listing 29/30: https://www.ss.com/msg/lv/electronics/computers/completing-pc/video/fcjgn.html
2026-04-11 21:25:10 | INFO     | ss_crawler | [scraper] [scraper] ⏭️ UNCHANGED: Processed: unchanged
2026-04-11 21:25:10 | INFO     | ss_crawler | [crawler] [crawler] Fetching listing 30/30: https://www.ss.com/msg/lv/electronics/computers/completing-pc/video/biohcc.html
2026-04-11 21:25:13 | INFO     | ss_crawler | [scraper] [scraper] ⏭️ UNCHANGED: Processed: unchanged
2026-04-11 21:25:13 | INFO     | ss_crawler | [scraper] [scraper] 📄 Fetching category: https://www.ss.com/lv/electronics/computers/completing-pc/video/page2.html
2026-04-11 21:25:13 | INFO     | ss_crawler | [crawler] [crawler] Fetching category page: https://www.ss.com/lv/electronics/computers/completing-pc/video/page2.html
2026-04-11 21:25:17 | INFO     | ss_crawler | [parser] [parser] Found 30 listings on page
2026-04-11 21:25:17 | INFO     | ss_crawler | [scraper] [scraper] 🔍 Found 30 listings to process
2026-04-11 21:25:17 | INFO     | ss_crawler | [crawler] [crawler] Fetching listing 1/30: https://www.ss.com/msg/lv/electronics/computers/completing-pc/video/boploi.html
2026-04-11 21:25:19 | INFO     | ss_crawler | [scraper] [scraper] ⏭️ UNCHANGED: Processed: unchanged
2026-04-11 21:25:19 | INFO     | ss_crawler | [crawler] [crawler] Fetching listing 2/30: https://www.ss.com/msg/lv/electronics/computers/completing-pc/video/plodn.html
2026-04-11 21:25:21 | INFO     | ss_crawler | [scraper] [scraper] ⏭️ UNCHANGED: Processed: unchanged
2026-04-11 21:25:21 | INFO     | ss_crawler | [crawler] [crawler] Fetching listing 3/30: https://www.ss.com/msg/lv/electronics/computers/completing-pc/video/ppnec.html
2026-04-11 21:25:25 | INFO     | ss_crawler | [scraper] [scraper] ⏭️ UNCHANGED: Processed: unchanged
2026-04-11 21:25:25 | INFO     | ss_crawler | [crawler] [crawler] Fetching listing 4/30: https://www.ss.com/msg/lv/electronics/computers/completing-pc/video/nxffp.html
2026-04-11 21:25:27 | INFO     | ss_crawler | [scraper] [scraper] ⏭️ UNCHANGED: Processed: unchanged
2026-04-11 21:25:27 | INFO     | ss_crawler | [crawler] [crawler] Fetching listing 5/30: https://www.ss.com/msg/lv/electronics/computers/completing-pc/video/lmkjk.html
2026-04-11 21:25:31 | INFO     | ss_crawler | [scraper] [scraper] ⏭️ UNCHANGED: Processed: unchanged
2026-04-11 21:25:31 | INFO     | ss_crawler | [crawler] [crawler] Fetching listing 6/30: https://www.ss.com/msg/lv/electronics/computers/completing-pc/video/bpxxmd.html
2026-04-11 21:25:33 | INFO     | ss_crawler | [scraper] [scraper] ⏭️ UNCHANGED: Processed: unchanged
2026-04-11 21:25:33 | INFO     | ss_crawler | [crawler] [crawler] Fetching listing 7/30: https://www.ss.com/msg/lv/electronics/computers/completing-pc/video/bikdpl.html
2026-04-11 21:25:35 | INFO     | ss_crawler | [scraper] [scraper] ⏭️ UNCHANGED: Processed: unchanged
2026-04-11 21:25:35 | INFO     | ss_crawler | [crawler] [crawler] Fetching listing 8/30: https://www.ss.com/msg/lv/electronics/computers/completing-pc/video/bkbied.html
2026-04-11 21:25:38 | INFO     | ss_crawler | [scraper] [scraper] ⏭️ UNCHANGED: Processed: unchanged
2026-04-11 21:25:38 | INFO     | ss_crawler | [crawler] [crawler] Fetching listing 9/30: https://www.ss.com/msg/lv/electronics/computers/completing-pc/video/bjckoi.html
2026-04-11 21:25:40 | INFO     | ss_crawler | [scraper] [scraper] ⏭️ UNCHANGED: Processed: unchanged
2026-04-11 21:25:40 | INFO     | ss_crawler | [crawler] [crawler] Fetching listing 10/30: https://www.ss.com/msg/lv/electronics/computers/completing-pc/video/mbgbp.html
2026-04-11 21:25:44 | INFO     | ss_crawler | [scraper] [scraper] ⏭️ UNCHANGED: Processed: unchanged
2026-04-11 21:25:44 | INFO     | ss_crawler | [crawler] [crawler] Fetching listing 11/30: https://www.ss.com/msg/lv/electronics/computers/completing-pc/video/bolpxf.html
2026-04-11 21:25:46 | INFO     | ss_crawler | [scraper] [scraper] ⏭️ UNCHANGED: Processed: unchanged
2026-04-11 21:25:46 | INFO     | ss_crawler | [crawler] [crawler] Fetching listing 12/30: https://www.ss.com/msg/lv/electronics/computers/completing-pc/video/nhced.html
2026-04-11 21:25:49 | INFO     | ss_crawler | [scraper] [scraper] ⏭️ UNCHANGED: Processed: unchanged
2026-04-11 21:25:49 | INFO     | ss_crawler | [crawler] [crawler] Fetching listing 13/30: https://www.ss.com/msg/lv/electronics/computers/completing-pc/video/bkpnei.html
2026-04-11 21:25:52 | INFO     | ss_crawler | [scraper] [scraper] ⏭️ UNCHANGED: Processed: unchanged
2026-04-11 21:25:52 | INFO     | ss_crawler | [crawler] [crawler] Fetching listing 14/30: https://www.ss.com/msg/lv/electronics/computers/completing-pc/video/blijm.html
2026-04-11 21:25:54 | INFO     | ss_crawler | [scraper] [scraper] ⏭️ UNCHANGED: Processed: unchanged
2026-04-11 21:25:54 | INFO     | ss_crawler | [crawler] [crawler] Fetching listing 15/30: https://www.ss.com/msg/lv/electronics/computers/completing-pc/video/pxein.html
2026-04-11 21:25:58 | INFO     | ss_crawler | [scraper] [scraper] ⏭️ UNCHANGED: Processed: unchanged
2026-04-11 21:25:58 | INFO     | ss_crawler | [crawler] [crawler] Fetching listing 16/30: https://www.ss.com/msg/lv/electronics/computers/completing-pc/video/bihxoo.html
2026-04-11 21:26:00 | INFO     | ss_crawler | [scraper] [scraper] ⏭️ UNCHANGED: Processed: unchanged
2026-04-11 21:26:00 | INFO     | ss_crawler | [crawler] [crawler] Fetching listing 17/30: https://www.ss.com/msg/lv/electronics/computers/completing-pc/video/eodxl.html
2026-04-11 21:26:02 | INFO     | ss_crawler | [scraper] [scraper] ⏭️ UNCHANGED: Processed: unchanged
2026-04-11 21:26:02 | INFO     | ss_crawler | [crawler] [crawler] Fetching listing 18/30: https://www.ss.com/msg/lv/electronics/computers/completing-pc/video/bxxkfh.html
2026-04-11 21:26:04 | INFO     | ss_crawler | [scraper] [scraper] ⏭️ UNCHANGED: Processed: unchanged
2026-04-11 21:26:04 | INFO     | ss_crawler | [crawler] [crawler] Fetching listing 19/30: https://www.ss.com/msg/lv/electronics/computers/completing-pc/video/bopdxn.html
2026-04-11 21:26:07 | INFO     | ss_crawler | [scraper] [scraper] ⏭️ UNCHANGED: Processed: unchanged
2026-04-11 21:26:07 | INFO     | ss_crawler | [crawler] [crawler] Fetching listing 20/30: https://www.ss.com/msg/lv/electronics/computers/completing-pc/video/nhcjo.html
2026-04-11 21:26:09 | INFO     | ss_crawler | [scraper] [scraper] ⏭️ UNCHANGED: Processed: unchanged
2026-04-11 21:26:09 | INFO     | ss_crawler | [crawler] [crawler] Fetching listing 21/30: https://www.ss.com/msg/lv/electronics/computers/completing-pc/video/bpxffk.html
2026-04-11 21:26:12 | INFO     | ss_crawler | [scraper] [scraper] ⏭️ UNCHANGED: Processed: unchanged
2026-04-11 21:26:12 | INFO     | ss_crawler | [crawler] [crawler] Fetching listing 22/30: https://www.ss.com/msg/lv/electronics/computers/completing-pc/video/fjhjd.html
2026-04-11 21:26:14 | INFO     | ss_crawler | [scraper] [scraper] ⏭️ UNCHANGED: Processed: unchanged
2026-04-11 21:26:14 | INFO     | ss_crawler | [crawler] [crawler] Fetching listing 23/30: https://www.ss.com/msg/lv/electronics/computers/completing-pc/video/demjh.html
2026-04-11 21:26:16 | INFO     | ss_crawler | [scraper] [scraper] ⏭️ UNCHANGED: Processed: unchanged
2026-04-11 21:26:16 | INFO     | ss_crawler | [crawler] [crawler] Fetching listing 24/30: https://www.ss.com/msg/lv/electronics/computers/completing-pc/video/bigcpo.html
2026-04-11 21:26:18 | INFO     | ss_crawler | [scraper] [scraper] ⏭️ UNCHANGED: Processed: unchanged
2026-04-11 21:26:18 | INFO     | ss_crawler | [crawler] [crawler] Fetching listing 25/30: https://www.ss.com/msg/lv/electronics/computers/completing-pc/video/bkngle.html
2026-04-11 21:26:20 | INFO     | ss_crawler | [scraper] [scraper] ⏭️ UNCHANGED: Processed: unchanged
2026-04-11 21:26:20 | INFO     | ss_crawler | [crawler] [crawler] Fetching listing 26/30: https://www.ss.com/msg/lv/electronics/computers/completing-pc/video/bjnehj.html
2026-04-11 21:26:24 | INFO     | ss_crawler | [scraper] [scraper] ⏭️ UNCHANGED: Processed: unchanged
2026-04-11 21:26:24 | INFO     | ss_crawler | [crawler] [crawler] Fetching listing 27/30: https://www.ss.com/msg/lv/electronics/computers/completing-pc/video/bpxffj.html
2026-04-11 21:26:25 | INFO     | ss_crawler | [scraper] [scraper] ⏭️ UNCHANGED: Processed: unchanged
2026-04-11 21:26:25 | INFO     | ss_crawler | [crawler] [crawler] Fetching listing 28/30: https://www.ss.com/msg/lv/electronics/computers/completing-pc/video/bpxcli.html
2026-04-11 21:26:28 | INFO     | ss_crawler | [scraper] [scraper] ⏭️ UNCHANGED: Processed: unchanged
2026-04-11 21:26:28 | INFO     | ss_crawler | [crawler] [crawler] Fetching listing 29/30: https://www.ss.com/msg/lv/electronics/computers/completing-pc/video/kiomc.html
2026-04-11 21:26:31 | INFO     | ss_crawler | [scraper] [scraper] ⏭️ UNCHANGED: Processed: unchanged
2026-04-11 21:26:31 | INFO     | ss_crawler | [crawler] [crawler] Fetching listing 30/30: https://www.ss.com/msg/lv/electronics/computers/completing-pc/video/moghh.html
2026-04-11 21:26:34 | INFO     | ss_crawler | [scraper] [scraper] ⏭️ UNCHANGED: Processed: unchanged
2026-04-11 21:26:34 | INFO     | ss_crawler | [scraper] [scraper] 📄 Fetching category: https://www.ss.com/lv/electronics/computers/completing-pc/video/page3.html
2026-04-11 21:26:34 | INFO     | ss_crawler | [crawler] [crawler] Fetching category page: https://www.ss.com/lv/electronics/computers/completing-pc/video/page3.html
2026-04-11 21:26:38 | INFO     | ss_crawler | [parser] [parser] Found 30 listings on page
2026-04-11 21:26:38 | INFO     | ss_crawler | [scraper] [scraper] 🔍 Found 30 listings to process
2026-04-11 21:26:38 | INFO     | ss_crawler | [crawler] [crawler] Fetching listing 1/30: https://www.ss.com/msg/lv/electronics/computers/completing-pc/video/nexei.html
2026-04-11 21:26:40 | INFO     | ss_crawler | [scraper] [scraper] ⏭️ UNCHANGED: Processed: unchanged
2026-04-11 21:26:40 | INFO     | ss_crawler | [crawler] [crawler] Fetching listing 2/30: https://www.ss.com/msg/lv/electronics/computers/completing-pc/video/bkmhmk.html
2026-04-11 21:26:41 | INFO     | ss_crawler | [repository] [repository] New listing created: bkmhmk
2026-04-11 21:26:41 | INFO     | ss_crawler | [scraper] [scraper] ❓ UNMATCHED: No GPU match found
2026-04-11 21:26:41 | INFO     | ss_crawler | [crawler] [crawler] Fetching listing 3/30: https://www.ss.com/msg/lv/electronics/computers/completing-pc/video/pdmno.html
2026-04-11 21:26:44 | INFO     | ss_crawler | [scraper] [scraper] ⏭️ UNCHANGED: Processed: unchanged
2026-04-11 21:26:44 | INFO     | ss_crawler | [crawler] [crawler] Fetching listing 4/30: https://www.ss.com/msg/lv/electronics/computers/completing-pc/video/mbfxe.html
2026-04-11 21:26:45 | INFO     | ss_crawler | [scraper] [scraper] ⏭️ UNCHANGED: Processed: unchanged
2026-04-11 21:26:45 | INFO     | ss_crawler | [crawler] [crawler] Fetching listing 5/30: https://www.ss.com/msg/lv/electronics/computers/completing-pc/video/mombl.html
2026-04-11 21:26:48 | INFO     | ss_crawler | [scraper] [scraper] ⏭️ UNCHANGED: Processed: unchanged
2026-04-11 21:26:48 | INFO     | ss_crawler | [crawler] [crawler] Fetching listing 6/30: https://www.ss.com/msg/lv/electronics/computers/completing-pc/video/ciopf.html
2026-04-11 21:26:51 | INFO     | ss_crawler | [scraper] [scraper] ⏭️ UNCHANGED: Processed: unchanged
2026-04-11 21:26:51 | INFO     | ss_crawler | [crawler] [crawler] Fetching listing 7/30: https://www.ss.com/msg/lv/electronics/computers/completing-pc/video/bolmid.html
2026-04-11 21:26:53 | INFO     | ss_crawler | [scraper] [scraper] ⏭️ UNCHANGED: Processed: unchanged
2026-04-11 21:26:53 | INFO     | ss_crawler | [crawler] [crawler] Fetching listing 8/30: https://www.ss.com/msg/lv/electronics/computers/completing-pc/video/niijo.html
2026-04-11 21:26:57 | INFO     | ss_crawler | [scraper] [scraper] ⏭️ UNCHANGED: Processed: unchanged
2026-04-11 21:26:57 | INFO     | ss_crawler | [crawler] [crawler] Fetching listing 9/30: https://www.ss.com/msg/lv/electronics/computers/completing-pc/video/lipjd.html
2026-04-11 21:27:00 | INFO     | ss_crawler | [scraper] [scraper] ⏭️ UNCHANGED: Processed: unchanged
2026-04-11 21:27:00 | INFO     | ss_crawler | [crawler] [crawler] Fetching listing 10/30: https://www.ss.com/msg/lv/electronics/computers/completing-pc/video/fcbbx.html
2026-04-11 21:27:01 | WARNING  | ss_crawler | [parser] [parser] No price found for https://www.ss.com/msg/lv/electronics/computers/completing-pc/video/fcbbx.html
2026-04-11 21:27:01 | INFO     | ss_crawler | [scraper] [scraper] ⏭️ UNCHANGED: Processed: unchanged
2026-04-11 21:27:01 | INFO     | ss_crawler | [crawler] [crawler] Fetching listing 11/30: https://www.ss.com/msg/lv/electronics/computers/completing-pc/video/opjhi.html
2026-04-11 21:27:03 | INFO     | ss_crawler | [scraper] [scraper] ⏭️ UNCHANGED: Processed: unchanged
2026-04-11 21:27:03 | INFO     | ss_crawler | [crawler] [crawler] Fetching listing 12/30: https://www.ss.com/msg/lv/electronics/computers/completing-pc/video/biigbm.html
2026-04-11 21:27:06 | INFO     | ss_crawler | [scraper] [scraper] ⏭️ UNCHANGED: Processed: unchanged
2026-04-11 21:27:06 | INFO     | ss_crawler | [crawler] [crawler] Fetching listing 13/30: https://www.ss.com/msg/lv/electronics/computers/completing-pc/video/lofxl.html
2026-04-11 21:27:09 | INFO     | ss_crawler | [scraper] [scraper] ⏭️ UNCHANGED: Processed: unchanged
2026-04-11 21:27:09 | INFO     | ss_crawler | [crawler] [crawler] Fetching listing 14/30: https://www.ss.com/msg/lv/electronics/computers/completing-pc/video/ghocn.html
2026-04-11 21:27:11 | INFO     | ss_crawler | [repository] [repository] New listing created: ghocn
2026-04-11 21:27:11 | INFO     | ss_crawler | [scraper] [scraper] ⚠️ LOW_CONFIDENCE: Match confidence 0.30 below threshold
2026-04-11 21:27:11 | INFO     | ss_crawler | [crawler] [crawler] Fetching listing 15/30: https://www.ss.com/msg/lv/electronics/computers/completing-pc/video/bolmcl.html
2026-04-11 21:27:13 | INFO     | ss_crawler | [scraper] [scraper] ⏭️ UNCHANGED: Processed: unchanged
2026-04-11 21:27:13 | INFO     | ss_crawler | [crawler] [crawler] Fetching listing 16/30: https://www.ss.com/msg/lv/electronics/computers/completing-pc/video/bipccj.html
2026-04-11 21:27:15 | INFO     | ss_crawler | [repository] [repository] New listing created: bipccj
2026-04-11 21:27:15 | INFO     | ss_crawler | [scraper] [scraper] ⚠️ LOW_CONFIDENCE: Match confidence 0.63 below threshold
2026-04-11 21:27:15 | INFO     | ss_crawler | [crawler] [crawler] Fetching listing 17/30: https://www.ss.com/msg/lv/electronics/computers/completing-pc/video/bkpjie.html
2026-04-11 21:27:18 | INFO     | ss_crawler | [scraper] [scraper] ⏭️ UNCHANGED: Processed: unchanged
2026-04-11 21:27:18 | INFO     | ss_crawler | [crawler] [crawler] Fetching listing 18/30: https://www.ss.com/msg/lv/electronics/computers/completing-pc/video/pccxl.html
2026-04-11 21:27:21 | INFO     | ss_crawler | [scraper] [scraper] ⏭️ UNCHANGED: Processed: unchanged
2026-04-11 21:27:21 | INFO     | ss_crawler | [crawler] [crawler] Fetching listing 19/30: https://www.ss.com/msg/lv/electronics/computers/completing-pc/video/pdmcp.html
2026-04-11 21:27:23 | INFO     | ss_crawler | [scraper] [scraper] ⏭️ UNCHANGED: Processed: unchanged
2026-04-11 21:27:23 | INFO     | ss_crawler | [crawler] [crawler] Fetching listing 20/30: https://www.ss.com/msg/lv/electronics/computers/completing-pc/video/bikfkf.html
2026-04-11 21:27:24 | INFO     | ss_crawler | [scraper] [scraper] ⏭️ UNCHANGED: Processed: unchanged
2026-04-11 21:27:24 | INFO     | ss_crawler | [crawler] [crawler] Fetching listing 21/30: https://www.ss.com/msg/lv/electronics/computers/completing-pc/video/mnjij.html
2026-04-11 21:27:26 | INFO     | ss_crawler | [scraper] [scraper] ⏭️ UNCHANGED: Processed: unchanged
2026-04-11 21:27:26 | INFO     | ss_crawler | [crawler] [crawler] Fetching listing 22/30: https://www.ss.com/msg/lv/electronics/computers/completing-pc/video/bilnng.html
2026-04-11 21:27:30 | INFO     | ss_crawler | [scraper] [scraper] ⏭️ UNCHANGED: Processed: unchanged
2026-04-11 21:27:30 | INFO     | ss_crawler | [crawler] [crawler] Fetching listing 23/30: https://www.ss.com/msg/lv/electronics/computers/completing-pc/video/pchlg.html
2026-04-11 21:27:32 | INFO     | ss_crawler | [scraper] [scraper] ⏭️ UNCHANGED: Processed: unchanged
2026-04-11 21:27:32 | INFO     | ss_crawler | [crawler] [crawler] Fetching listing 24/30: https://www.ss.com/msg/lv/electronics/computers/completing-pc/video/bopjoo.html
2026-04-11 21:27:33 | INFO     | ss_crawler | [scraper] [scraper] ⏭️ UNCHANGED: Processed: unchanged
2026-04-11 21:27:33 | INFO     | ss_crawler | [crawler] [crawler] Fetching listing 25/30: https://www.ss.com/msg/lv/electronics/computers/completing-pc/video/bipoeb.html
2026-04-11 21:27:37 | INFO     | ss_crawler | [scraper] [scraper] ⏭️ UNCHANGED: Processed: unchanged
2026-04-11 21:27:37 | INFO     | ss_crawler | [crawler] [crawler] Fetching listing 26/30: https://www.ss.com/msg/lv/electronics/computers/completing-pc/video/bpxxio.html
2026-04-11 21:27:39 | INFO     | ss_crawler | [scraper] [scraper] ⏭️ UNCHANGED: Processed: unchanged
2026-04-11 21:27:39 | INFO     | ss_crawler | [crawler] [crawler] Fetching listing 27/30: https://www.ss.com/msg/lv/electronics/computers/completing-pc/video/bkfokg.html
2026-04-11 21:27:41 | INFO     | ss_crawler | [scraper] [scraper] ⏭️ UNCHANGED: Processed: unchanged
2026-04-11 21:27:41 | INFO     | ss_crawler | [crawler] [crawler] Fetching listing 28/30: https://www.ss.com/msg/lv/electronics/computers/completing-pc/video/bjbfmk.html
2026-04-11 21:27:43 | INFO     | ss_crawler | [scraper] [scraper] ⏭️ UNCHANGED: Processed: unchanged
2026-04-11 21:27:43 | INFO     | ss_crawler | [crawler] [crawler] Fetching listing 29/30: https://www.ss.com/msg/lv/electronics/computers/completing-pc/video/bihngk.html
2026-04-11 21:27:46 | INFO     | ss_crawler | [scraper] [scraper] ⏭️ UNCHANGED: Processed: unchanged
2026-04-11 21:27:46 | INFO     | ss_crawler | [crawler] [crawler] Fetching listing 30/30: https://www.ss.com/msg/lv/electronics/computers/completing-pc/video/nieie.html
2026-04-11 21:27:48 | INFO     | ss_crawler | [scraper] [scraper] ⏭️ UNCHANGED: Processed: unchanged
2026-04-11 21:27:48 | INFO     | ss_crawler | [scraper] [scraper] 📄 Fetching category: https://www.ss.com/lv/electronics/computers/completing-pc/video/page4.html
2026-04-11 21:27:48 | INFO     | ss_crawler | [crawler] [crawler] Fetching category page: https://www.ss.com/lv/electronics/computers/completing-pc/video/page4.html
2026-04-11 21:27:50 | INFO     | ss_crawler | [parser] [parser] Found 30 listings on page
2026-04-11 21:27:50 | INFO     | ss_crawler | [scraper] [scraper] 🔍 Found 30 listings to process
2026-04-11 21:27:50 | INFO     | ss_crawler | [crawler] [crawler] Fetching listing 1/30: https://www.ss.com/msg/lv/electronics/computers/completing-pc/video/bpbbfg.html
2026-04-11 21:27:54 | INFO     | ss_crawler | [scraper] [scraper] ⏭️ UNCHANGED: Processed: unchanged
2026-04-11 21:27:54 | INFO     | ss_crawler | [crawler] [crawler] Fetching listing 2/30: https://www.ss.com/msg/lv/electronics/computers/completing-pc/video/bindxm.html
2026-04-11 21:27:56 | INFO     | ss_crawler | [scraper] [scraper] ⏭️ UNCHANGED: Processed: unchanged
2026-04-11 21:27:56 | INFO     | ss_crawler | [crawler] [crawler] Fetching listing 3/30: https://www.ss.com/msg/lv/electronics/computers/completing-pc/video/pccif.html
2026-04-11 21:27:58 | INFO     | ss_crawler | [scraper] [scraper] ⏭️ UNCHANGED: Processed: unchanged
2026-04-11 21:27:58 | INFO     | ss_crawler | [crawler] [crawler] Fetching listing 4/30: https://www.ss.com/msg/lv/electronics/computers/completing-pc/video/bjjonm.html
2026-04-11 21:28:00 | INFO     | ss_crawler | [scraper] [scraper] ⏭️ UNCHANGED: Processed: unchanged
2026-04-11 21:28:00 | INFO     | ss_crawler | [crawler] [crawler] Fetching listing 5/30: https://www.ss.com/msg/lv/electronics/computers/completing-pc/video/pcegi.html
2026-04-11 21:28:03 | INFO     | ss_crawler | [scraper] [scraper] ⏭️ UNCHANGED: Processed: unchanged
2026-04-11 21:28:03 | INFO     | ss_crawler | [crawler] [crawler] Fetching listing 6/30: https://www.ss.com/msg/lv/electronics/computers/completing-pc/video/bilgfg.html
2026-04-11 21:28:05 | INFO     | ss_crawler | [scraper] [scraper] ⏭️ UNCHANGED: Processed: unchanged
2026-04-11 21:28:05 | INFO     | ss_crawler | [crawler] [crawler] Fetching listing 7/30: https://www.ss.com/msg/lv/electronics/computers/completing-pc/video/ggjbx.html
2026-04-11 21:28:08 | INFO     | ss_crawler | [scraper] [scraper] ⏭️ UNCHANGED: Processed: unchanged
2026-04-11 21:28:08 | INFO     | ss_crawler | [crawler] [crawler] Fetching listing 8/30: https://www.ss.com/msg/lv/electronics/computers/completing-pc/video/bkbjpm.html
2026-04-11 21:28:10 | INFO     | ss_crawler | [scraper] [scraper] ⏭️ UNCHANGED: Processed: unchanged
2026-04-11 21:28:10 | INFO     | ss_crawler | [crawler] [crawler] Fetching listing 9/30: https://www.ss.com/msg/lv/electronics/computers/completing-pc/video/fmflm.html
2026-04-11 21:28:12 | WARNING  | ss_crawler | [parser] [parser] No price found for https://www.ss.com/msg/lv/electronics/computers/completing-pc/video/fmflm.html
2026-04-11 21:28:12 | INFO     | ss_crawler | [repository] [repository] New listing created: fmflm
2026-04-11 21:28:12 | INFO     | ss_crawler | [scraper] [scraper] ❓ UNMATCHED: No GPU match found
2026-04-11 21:28:12 | INFO     | ss_crawler | [crawler] [crawler] Fetching listing 10/30: https://www.ss.com/msg/lv/electronics/computers/completing-pc/video/bpbecm.html
2026-04-11 21:28:14 | INFO     | ss_crawler | [scraper] [scraper] ⏭️ UNCHANGED: Processed: unchanged
2026-04-11 21:28:14 | INFO     | ss_crawler | [crawler] [crawler] Fetching listing 11/30: https://www.ss.com/msg/lv/electronics/computers/completing-pc/video/bpxcop.html
2026-04-11 21:28:17 | INFO     | ss_crawler | [scraper] [scraper] ⏭️ UNCHANGED: Processed: unchanged
2026-04-11 21:28:17 | INFO     | ss_crawler | [crawler] [crawler] Fetching listing 12/30: https://www.ss.com/msg/lv/electronics/computers/completing-pc/video/bigjld.html
2026-04-11 21:28:19 | INFO     | ss_crawler | [repository] [repository] New listing created: bigjld
2026-04-11 21:28:19 | INFO     | ss_crawler | [scraper] [scraper] ❓ UNMATCHED: No GPU match found
2026-04-11 21:28:19 | INFO     | ss_crawler | [crawler] [crawler] Fetching listing 13/30: https://www.ss.com/msg/lv/electronics/computers/completing-pc/video/bigpnf.html
2026-04-11 21:28:22 | INFO     | ss_crawler | [scraper] [scraper] ⏭️ UNCHANGED: Processed: unchanged
2026-04-11 21:28:22 | INFO     | ss_crawler | [crawler] [crawler] Fetching listing 14/30: https://www.ss.com/msg/lv/electronics/computers/completing-pc/video/bjpec.html
2026-04-11 21:28:25 | INFO     | ss_crawler | [repository] [repository] New listing created: bjpec
2026-04-11 21:28:25 | INFO     | ss_crawler | [scraper] [scraper] ❓ UNMATCHED: No GPU match found
2026-04-11 21:28:25 | INFO     | ss_crawler | [crawler] [crawler] Fetching listing 15/30: https://www.ss.com/msg/lv/electronics/computers/completing-pc/video/biedkx.html
2026-04-11 21:28:27 | INFO     | ss_crawler | [scraper] [scraper] ⏭️ UNCHANGED: Processed: unchanged
2026-04-11 21:28:27 | INFO     | ss_crawler | [crawler] [crawler] Fetching listing 16/30: https://www.ss.com/msg/lv/electronics/computers/completing-pc/video/bpbedx.html
2026-04-11 21:28:29 | INFO     | ss_crawler | [scraper] [scraper] ⏭️ UNCHANGED: Processed: unchanged
2026-04-11 21:28:29 | INFO     | ss_crawler | [crawler] [crawler] Fetching listing 17/30: https://www.ss.com/msg/lv/electronics/computers/completing-pc/video/momol.html
2026-04-11 21:28:32 | INFO     | ss_crawler | [scraper] [scraper] ⏭️ UNCHANGED: Processed: unchanged
2026-04-11 21:28:32 | INFO     | ss_crawler | [crawler] [crawler] Fetching listing 18/30: https://www.ss.com/msg/lv/electronics/computers/completing-pc/video/exnob.html
2026-04-11 21:28:35 | INFO     | ss_crawler | [scraper] [scraper] ⏭️ UNCHANGED: Processed: unchanged
2026-04-11 21:28:35 | INFO     | ss_crawler | [crawler] [crawler] Fetching listing 19/30: https://www.ss.com/msg/lv/electronics/computers/completing-pc/video/bopjof.html
2026-04-11 21:28:37 | INFO     | ss_crawler | [scraper] [scraper] ⏭️ UNCHANGED: Processed: unchanged
2026-04-11 21:28:37 | INFO     | ss_crawler | [crawler] [crawler] Fetching listing 20/30: https://www.ss.com/msg/lv/electronics/computers/completing-pc/video/fbglj.html
2026-04-11 21:28:40 | INFO     | ss_crawler | [scraper] [scraper] ⏭️ UNCHANGED: Processed: unchanged
2026-04-11 21:28:40 | INFO     | ss_crawler | [crawler] [crawler] Fetching listing 21/30: https://www.ss.com/msg/lv/electronics/computers/completing-pc/video/gdchp.html
2026-04-11 21:28:42 | INFO     | ss_crawler | [scraper] [scraper] ⏭️ UNCHANGED: Processed: unchanged
2026-04-11 21:28:42 | INFO     | ss_crawler | [crawler] [crawler] Fetching listing 22/30: https://www.ss.com/msg/lv/electronics/computers/completing-pc/video/fpjhf.html
2026-04-11 21:28:44 | INFO     | ss_crawler | [scraper] [scraper] ⏭️ UNCHANGED: Processed: unchanged
2026-04-11 21:28:44 | INFO     | ss_crawler | [crawler] [crawler] Fetching listing 23/30: https://www.ss.com/msg/lv/electronics/computers/completing-pc/video/lnhjd.html
2026-04-11 21:28:47 | INFO     | ss_crawler | [scraper] [scraper] ⏭️ UNCHANGED: Processed: unchanged
2026-04-11 21:28:47 | INFO     | ss_crawler | [crawler] [crawler] Fetching listing 24/30: https://www.ss.com/msg/lv/electronics/computers/completing-pc/video/glcdx.html
2026-04-11 21:28:48 | INFO     | ss_crawler | [scraper] [scraper] ⏭️ UNCHANGED: Processed: unchanged
2026-04-11 21:28:48 | INFO     | ss_crawler | [crawler] [crawler] Fetching listing 25/30: https://www.ss.com/msg/lv/electronics/computers/completing-pc/video/lfcol.html
2026-04-11 21:28:52 | INFO     | ss_crawler | [scraper] [scraper] ⏭️ UNCHANGED: Processed: unchanged
2026-04-11 21:28:52 | INFO     | ss_crawler | [crawler] [crawler] Fetching listing 26/30: https://www.ss.com/msg/lv/electronics/computers/completing-pc/video/ppfoj.html
2026-04-11 21:28:55 | INFO     | ss_crawler | [scraper] [scraper] ⏭️ UNCHANGED: Processed: unchanged
2026-04-11 21:28:55 | INFO     | ss_crawler | [crawler] [crawler] Fetching listing 27/30: https://www.ss.com/msg/lv/electronics/computers/completing-pc/video/bigjln.html
2026-04-11 21:28:58 | INFO     | ss_crawler | [scraper] [scraper] ⏭️ UNCHANGED: Processed: unchanged
2026-04-11 21:28:58 | INFO     | ss_crawler | [crawler] [crawler] Fetching listing 28/30: https://www.ss.com/msg/lv/electronics/computers/completing-pc/video/binpxk.html
2026-04-11 21:29:02 | INFO     | ss_crawler | [scraper] [scraper] ⏭️ UNCHANGED: Processed: unchanged
2026-04-11 21:29:02 | INFO     | ss_crawler | [crawler] [crawler] Fetching listing 29/30: https://www.ss.com/msg/lv/electronics/computers/completing-pc/video/bihmgd.html
2026-04-11 21:29:04 | INFO     | ss_crawler | [scraper] [scraper] ⏭️ UNCHANGED: Processed: unchanged
2026-04-11 21:29:04 | INFO     | ss_crawler | [crawler] [crawler] Fetching listing 30/30: https://www.ss.com/msg/lv/electronics/computers/completing-pc/video/nhdgk.html
2026-04-11 21:29:07 | INFO     | ss_crawler | [scraper] [scraper] ⏭️ UNCHANGED: Processed: unchanged
2026-04-11 21:29:07 | INFO     | ss_crawler | [scraper] [scraper] 📄 Fetching category: https://www.ss.com/lv/electronics/computers/completing-pc/video/page5.html
2026-04-11 21:29:07 | INFO     | ss_crawler | [crawler] [crawler] Fetching category page: https://www.ss.com/lv/electronics/computers/completing-pc/video/page5.html
2026-04-11 21:29:09 | INFO     | ss_crawler | [parser] [parser] Found 12 listings on page
2026-04-11 21:29:09 | INFO     | ss_crawler | [scraper] [scraper] 🔍 Found 12 listings to process
2026-04-11 21:29:09 | INFO     | ss_crawler | [crawler] [crawler] Fetching listing 1/12: https://www.ss.com/msg/lv/electronics/computers/completing-pc/video/lphlo.html
2026-04-11 21:29:13 | INFO     | ss_crawler | [repository] [repository] New listing created: lphlo
2026-04-11 21:29:13 | INFO     | ss_crawler | [scraper] [scraper] ⚠️ LOW_CONFIDENCE: Match confidence 0.65 below threshold
2026-04-11 21:29:13 | INFO     | ss_crawler | [crawler] [crawler] Fetching listing 2/12: https://www.ss.com/msg/lv/electronics/computers/completing-pc/video/biddmf.html
2026-04-11 21:29:16 | INFO     | ss_crawler | [scraper] [scraper] ⏭️ UNCHANGED: Processed: unchanged
2026-04-11 21:29:16 | INFO     | ss_crawler | [crawler] [crawler] Fetching listing 3/12: https://www.ss.com/msg/lv/electronics/computers/completing-pc/video/nhdnf.html
2026-04-11 21:29:18 | INFO     | ss_crawler | [scraper] [scraper] ⏭️ UNCHANGED: Processed: unchanged
2026-04-11 21:29:18 | INFO     | ss_crawler | [crawler] [crawler] Fetching listing 4/12: https://www.ss.com/msg/lv/electronics/computers/completing-pc/video/bkmdoe.html
2026-04-11 21:29:20 | INFO     | ss_crawler | [scraper] [scraper] ⏭️ UNCHANGED: Processed: unchanged
2026-04-11 21:29:20 | INFO     | ss_crawler | [crawler] [crawler] Fetching listing 5/12: https://www.ss.com/msg/lv/electronics/computers/completing-pc/video/bjxcgx.html
2026-04-11 21:29:22 | INFO     | ss_crawler | [scraper] [scraper] ⏭️ UNCHANGED: Processed: unchanged
2026-04-11 21:29:22 | INFO     | ss_crawler | [crawler] [crawler] Fetching listing 6/12: https://www.ss.com/msg/lv/electronics/computers/completing-pc/video/nihlj.html
2026-04-11 21:29:24 | INFO     | ss_crawler | [scraper] [scraper] ⏭️ UNCHANGED: Processed: unchanged
2026-04-11 21:29:24 | INFO     | ss_crawler | [crawler] [crawler] Fetching listing 7/12: https://www.ss.com/msg/lv/electronics/computers/completing-pc/video/bkplgl.html
2026-04-11 21:29:26 | INFO     | ss_crawler | [scraper] [scraper] ⏭️ UNCHANGED: Processed: unchanged
2026-04-11 21:29:26 | INFO     | ss_crawler | [crawler] [crawler] Fetching listing 8/12: https://www.ss.com/msg/lv/electronics/computers/completing-pc/video/dpkjo.html
2026-04-11 21:29:29 | INFO     | ss_crawler | [scraper] [scraper] ⏭️ UNCHANGED: Processed: unchanged
2026-04-11 21:29:29 | INFO     | ss_crawler | [crawler] [crawler] Fetching listing 9/12: https://www.ss.com/msg/lv/electronics/computers/completing-pc/video/glgfb.html
2026-04-11 21:29:33 | INFO     | ss_crawler | [scraper] [scraper] ⏭️ UNCHANGED: Processed: unchanged
2026-04-11 21:29:33 | INFO     | ss_crawler | [crawler] [crawler] Fetching listing 10/12: https://www.ss.com/msg/lv/electronics/computers/completing-pc/video/plcfb.html
2026-04-11 21:29:36 | INFO     | ss_crawler | [scraper] [scraper] ⏭️ UNCHANGED: Processed: unchanged
2026-04-11 21:29:36 | INFO     | ss_crawler | [crawler] [crawler] Fetching listing 11/12: https://www.ss.com/msg/lv/electronics/computers/completing-pc/video/bkggdd.html
2026-04-11 21:29:39 | INFO     | ss_crawler | [scraper] [scraper] ⏭️ UNCHANGED: Processed: unchanged
2026-04-11 21:29:39 | INFO     | ss_crawler | [crawler] [crawler] Fetching listing 12/12: https://www.ss.com/msg/lv/electronics/computers/completing-pc/video/nienc.html
2026-04-11 21:29:42 | INFO     | ss_crawler | [scraper] [scraper] ⏭️ UNCHANGED: Processed: unchanged
2026-04-11 21:29:42 | INFO     | ss_crawler | [scraper] [scraper] 📄 Fetching category: https://www.ss.com/lv/electronics/computers/completing-pc/video/page6.html
2026-04-11 21:29:42 | INFO     | ss_crawler | [crawler] [crawler] Fetching category page: https://www.ss.com/lv/electronics/computers/completing-pc/video/page6.html
2026-04-11 21:29:46 | INFO     | ss_crawler | [parser] [parser] Found 30 listings on page
2026-04-11 21:29:46 | INFO     | ss_crawler | [scraper] [scraper] 🔍 Found 30 listings to process
2026-04-11 21:29:46 | INFO     | ss_crawler | [crawler] [crawler] Fetching listing 1/30: https://www.ss.com/msg/lv/electronics/computers/completing-pc/video/bjcdjm.html
2026-04-11 21:29:48 | INFO     | ss_crawler | [scraper] [scraper] ⏭️ UNCHANGED: Processed: unchanged
2026-04-11 21:29:48 | INFO     | ss_crawler | [crawler] [crawler] Fetching listing 2/30: https://www.ss.com/msg/lv/electronics/computers/completing-pc/video/bkmenc.html
2026-04-11 21:29:51 | INFO     | ss_crawler | [scraper] [scraper] ⏭️ UNCHANGED: Processed: unchanged
2026-04-11 21:29:51 | INFO     | ss_crawler | [crawler] [crawler] Fetching listing 3/30: https://www.ss.com/msg/lv/electronics/computers/completing-pc/video/fkmij.html
2026-04-11 21:29:54 | INFO     | ss_crawler | [scraper] [scraper] ⏭️ UNCHANGED: Processed: unchanged
2026-04-11 21:29:54 | INFO     | ss_crawler | [crawler] [crawler] Fetching listing 4/30: https://www.ss.com/msg/lv/electronics/computers/completing-pc/video/fdjpc.html
2026-04-11 21:29:57 | INFO     | ss_crawler | [scraper] [scraper] ⏭️ UNCHANGED: Processed: unchanged
2026-04-11 21:29:57 | INFO     | ss_crawler | [crawler] [crawler] Fetching listing 5/30: https://www.ss.com/msg/lv/electronics/computers/completing-pc/video/cckmo.html
2026-04-11 21:29:59 | INFO     | ss_crawler | [scraper] [scraper] ⏭️ UNCHANGED: Processed: unchanged
2026-04-11 21:29:59 | INFO     | ss_crawler | [crawler] [crawler] Fetching listing 6/30: https://www.ss.com/msg/lv/electronics/computers/completing-pc/video/bopjpd.html
2026-04-11 21:30:02 | INFO     | ss_crawler | [scraper] [scraper] ⏭️ UNCHANGED: Processed: unchanged
2026-04-11 21:30:02 | INFO     | ss_crawler | [crawler] [crawler] Fetching listing 7/30: https://www.ss.com/msg/lv/electronics/computers/completing-pc/video/bikkbm.html
2026-04-11 21:30:05 | INFO     | ss_crawler | [scraper] [scraper] ⏭️ UNCHANGED: Processed: unchanged
2026-04-11 21:30:05 | INFO     | ss_crawler | [crawler] [crawler] Fetching listing 8/30: https://www.ss.com/msg/lv/electronics/computers/completing-pc/video/bkmnlc.html
2026-04-11 21:30:08 | INFO     | ss_crawler | [scraper] [scraper] ⏭️ UNCHANGED: Processed: unchanged
2026-04-11 21:30:08 | INFO     | ss_crawler | [crawler] [crawler] Fetching listing 9/30: https://www.ss.com/msg/lv/electronics/computers/completing-pc/video/lpbhi.html
2026-04-11 21:30:11 | INFO     | ss_crawler | [scraper] [scraper] ⏭️ UNCHANGED: Processed: unchanged
2026-04-11 21:30:11 | INFO     | ss_crawler | [crawler] [crawler] Fetching listing 10/30: https://www.ss.com/msg/lv/electronics/computers/completing-pc/video/fjdox.html
2026-04-11 21:30:14 | INFO     | ss_crawler | [scraper] [scraper] ⏭️ UNCHANGED: Processed: unchanged
2026-04-11 21:30:14 | INFO     | ss_crawler | [crawler] [crawler] Fetching listing 11/30: https://www.ss.com/msg/lv/electronics/computers/completing-pc/video/bkxjdg.html
2026-04-11 21:30:17 | INFO     | ss_crawler | [scraper] [scraper] ⏭️ UNCHANGED: Processed: unchanged
2026-04-11 21:30:17 | INFO     | ss_crawler | [crawler] [crawler] Fetching listing 12/30: https://www.ss.com/msg/lv/electronics/computers/completing-pc/video/bolpdx.html
2026-04-11 21:30:20 | INFO     | ss_crawler | [scraper] [scraper] ❓ UNMATCHED: No GPU match found
2026-04-11 21:30:20 | INFO     | ss_crawler | [crawler] [crawler] Fetching listing 13/30: https://www.ss.com/msg/lv/electronics/computers/completing-pc/video/blgiel.html
2026-04-11 21:30:22 | INFO     | ss_crawler | [scraper] [scraper] ⏭️ UNCHANGED: Processed: unchanged
2026-04-11 21:30:22 | INFO     | ss_crawler | [crawler] [crawler] Fetching listing 14/30: https://www.ss.com/msg/lv/electronics/computers/completing-pc/video/ebcgn.html
2026-04-11 21:30:25 | INFO     | ss_crawler | [scraper] [scraper] ⚠️ LOW_CONFIDENCE: Match confidence 0.42 below threshold
2026-04-11 21:30:25 | INFO     | ss_crawler | [crawler] [crawler] Fetching listing 15/30: https://www.ss.com/msg/lv/electronics/computers/completing-pc/video/pbgln.html
2026-04-11 21:30:28 | INFO     | ss_crawler | [scraper] [scraper] ⏭️ UNCHANGED: Processed: unchanged
2026-04-11 21:30:28 | INFO     | ss_crawler | [crawler] [crawler] Fetching listing 16/30: https://www.ss.com/msg/lv/electronics/computers/completing-pc/video/ppmhc.html
2026-04-11 21:30:32 | INFO     | ss_crawler | [scraper] [scraper] ⏭️ UNCHANGED: Processed: unchanged
2026-04-11 21:30:32 | INFO     | ss_crawler | [crawler] [crawler] Fetching listing 17/30: https://www.ss.com/msg/lv/electronics/computers/completing-pc/video/nhefi.html
2026-04-11 21:30:34 | INFO     | ss_crawler | [scraper] [scraper] ⚠️ LOW_CONFIDENCE: Match confidence 0.55 below threshold
2026-04-11 21:30:34 | INFO     | ss_crawler | [crawler] [crawler] Fetching listing 18/30: https://www.ss.com/msg/lv/electronics/computers/completing-pc/video/bkfomx.html
2026-04-11 21:30:37 | INFO     | ss_crawler | [scraper] [scraper] ⏭️ UNCHANGED: Processed: unchanged
2026-04-11 21:30:37 | INFO     | ss_crawler | [crawler] [crawler] Fetching listing 19/30: https://www.ss.com/msg/lv/electronics/computers/completing-pc/video/lpjic.html
2026-04-11 21:30:40 | INFO     | ss_crawler | [scraper] [scraper] ⏭️ UNCHANGED: Processed: unchanged
2026-04-11 21:30:40 | INFO     | ss_crawler | [crawler] [crawler] Fetching listing 20/30: https://www.ss.com/msg/lv/electronics/computers/completing-pc/video/epexo.html
2026-04-11 21:30:43 | INFO     | ss_crawler | [scraper] [scraper] ⏭️ UNCHANGED: Processed: unchanged
2026-04-11 21:30:43 | INFO     | ss_crawler | [crawler] [crawler] Fetching listing 21/30: https://www.ss.com/msg/lv/electronics/computers/completing-pc/video/bihlfm.html
2026-04-11 21:30:46 | INFO     | ss_crawler | [scraper] [scraper] ⏭️ UNCHANGED: Processed: unchanged
2026-04-11 21:30:46 | INFO     | ss_crawler | [crawler] [crawler] Fetching listing 22/30: https://www.ss.com/msg/lv/electronics/computers/completing-pc/video/blbeol.html
2026-04-11 21:30:48 | INFO     | ss_crawler | [scraper] [scraper] ⏭️ UNCHANGED: Processed: unchanged
2026-04-11 21:30:48 | INFO     | ss_crawler | [crawler] [crawler] Fetching listing 23/30: https://www.ss.com/msg/lv/electronics/computers/completing-pc/video/bkhdnd.html
2026-04-11 21:30:51 | INFO     | ss_crawler | [scraper] [scraper] ⏭️ UNCHANGED: Processed: unchanged
2026-04-11 21:30:51 | INFO     | ss_crawler | [crawler] [crawler] Fetching listing 24/30: https://www.ss.com/msg/lv/electronics/computers/completing-pc/video/fenki.html
2026-04-11 21:30:54 | INFO     | ss_crawler | [scraper] [scraper] ⏭️ UNCHANGED: Processed: unchanged
2026-04-11 21:30:54 | INFO     | ss_crawler | [crawler] [crawler] Fetching listing 25/30: https://www.ss.com/msg/lv/electronics/computers/completing-pc/video/lnkjl.html
2026-04-11 21:30:56 | INFO     | ss_crawler | [scraper] [scraper] ⏭️ UNCHANGED: Processed: unchanged
2026-04-11 21:30:56 | INFO     | ss_crawler | [crawler] [crawler] Fetching listing 26/30: https://www.ss.com/msg/lv/electronics/computers/completing-pc/video/adggp.html
2026-04-11 21:30:59 | INFO     | ss_crawler | [scraper] [scraper] ⏭️ UNCHANGED: Processed: unchanged
2026-04-11 21:30:59 | INFO     | ss_crawler | [crawler] [crawler] Fetching listing 27/30: https://www.ss.com/msg/lv/electronics/computers/completing-pc/video/ndokf.html
2026-04-11 21:31:02 | INFO     | ss_crawler | [scraper] [scraper] ⏭️ UNCHANGED: Processed: unchanged
2026-04-11 21:31:02 | INFO     | ss_crawler | [crawler] [crawler] Fetching listing 28/30: https://www.ss.com/msg/lv/electronics/computers/completing-pc/video/bkejlk.html
2026-04-11 21:31:04 | INFO     | ss_crawler | [scraper] [scraper] ⏭️ UNCHANGED: Processed: unchanged
2026-04-11 21:31:04 | INFO     | ss_crawler | [crawler] [crawler] Fetching listing 29/30: https://www.ss.com/msg/lv/electronics/computers/completing-pc/video/fcjgn.html
2026-04-11 21:31:06 | INFO     | ss_crawler | [scraper] [scraper] ⏭️ UNCHANGED: Processed: unchanged
2026-04-11 21:31:06 | INFO     | ss_crawler | [crawler] [crawler] Fetching listing 30/30: https://www.ss.com/msg/lv/electronics/computers/completing-pc/video/biohcc.html
2026-04-11 21:31:08 | INFO     | ss_crawler | [scraper] [scraper] ⏭️ UNCHANGED: Processed: unchanged
2026-04-11 21:31:08 | INFO     | ss_crawler | [scraper] [scraper] 📄 Fetching category: https://www.ss.com/lv/electronics/computers/completing-pc/video/page7.html
2026-04-11 21:31:08 | INFO     | ss_crawler | [crawler] [crawler] Fetching category page: https://www.ss.com/lv/electronics/computers/completing-pc/video/page7.html
2026-04-11 21:31:11 | INFO     | ss_crawler | [parser] [parser] Found 30 listings on page
2026-04-11 21:31:11 | INFO     | ss_crawler | [scraper] [scraper] 🔍 Found 30 listings to process
2026-04-11 21:31:11 | INFO     | ss_crawler | [crawler] [crawler] Fetching listing 1/30: https://www.ss.com/msg/lv/electronics/computers/completing-pc/video/bjcdjm.html
2026-04-11 21:31:14 | INFO     | ss_crawler | [scraper] [scraper] ⏭️ UNCHANGED: Processed: unchanged
2026-04-11 21:31:14 | INFO     | ss_crawler | [crawler] [crawler] Fetching listing 2/30: https://www.ss.com/msg/lv/electronics/computers/completing-pc/video/bkmenc.html
2026-04-11 21:31:17 | INFO     | ss_crawler | [scraper] [scraper] ⏭️ UNCHANGED: Processed: unchanged
2026-04-11 21:31:17 | INFO     | ss_crawler | [crawler] [crawler] Fetching listing 3/30: https://www.ss.com/msg/lv/electronics/computers/completing-pc/video/fkmij.html
2026-04-11 21:31:19 | INFO     | ss_crawler | [scraper] [scraper] ⏭️ UNCHANGED: Processed: unchanged
2026-04-11 21:31:19 | INFO     | ss_crawler | [crawler] [crawler] Fetching listing 4/30: https://www.ss.com/msg/lv/electronics/computers/completing-pc/video/fdjpc.html
2026-04-11 21:31:22 | INFO     | ss_crawler | [scraper] [scraper] ⏭️ UNCHANGED: Processed: unchanged
2026-04-11 21:31:22 | INFO     | ss_crawler | [crawler] [crawler] Fetching listing 5/30: https://www.ss.com/msg/lv/electronics/computers/completing-pc/video/cckmo.html
2026-04-11 21:31:25 | INFO     | ss_crawler | [scraper] [scraper] ⏭️ UNCHANGED: Processed: unchanged
2026-04-11 21:31:25 | INFO     | ss_crawler | [crawler] [crawler] Fetching listing 6/30: https://www.ss.com/msg/lv/electronics/computers/completing-pc/video/bopjpd.html
2026-04-11 21:31:27 | INFO     | ss_crawler | [scraper] [scraper] ⏭️ UNCHANGED: Processed: unchanged
2026-04-11 21:31:27 | INFO     | ss_crawler | [crawler] [crawler] Fetching listing 7/30: https://www.ss.com/msg/lv/electronics/computers/completing-pc/video/bikkbm.html
2026-04-11 21:31:31 | INFO     | ss_crawler | [scraper] [scraper] ⏭️ UNCHANGED: Processed: unchanged
2026-04-11 21:31:31 | INFO     | ss_crawler | [crawler] [crawler] Fetching listing 8/30: https://www.ss.com/msg/lv/electronics/computers/completing-pc/video/bkmnlc.html
2026-04-11 21:31:33 | INFO     | ss_crawler | [scraper] [scraper] ⏭️ UNCHANGED: Processed: unchanged
2026-04-11 21:31:33 | INFO     | ss_crawler | [crawler] [crawler] Fetching listing 9/30: https://www.ss.com/msg/lv/electronics/computers/completing-pc/video/lpbhi.html
2026-04-11 21:31:36 | INFO     | ss_crawler | [scraper] [scraper] ⏭️ UNCHANGED: Processed: unchanged
2026-04-11 21:31:36 | INFO     | ss_crawler | [crawler] [crawler] Fetching listing 10/30: https://www.ss.com/msg/lv/electronics/computers/completing-pc/video/fjdox.html
2026-04-11 21:31:39 | INFO     | ss_crawler | [scraper] [scraper] ⏭️ UNCHANGED: Processed: unchanged
2026-04-11 21:31:39 | INFO     | ss_crawler | [crawler] [crawler] Fetching listing 11/30: https://www.ss.com/msg/lv/electronics/computers/completing-pc/video/bkxjdg.html
2026-04-11 21:31:40 | INFO     | ss_crawler | [scraper] [scraper] ⏭️ UNCHANGED: Processed: unchanged
2026-04-11 21:31:40 | INFO     | ss_crawler | [crawler] [crawler] Fetching listing 12/30: https://www.ss.com/msg/lv/electronics/computers/completing-pc/video/bolpdx.html
2026-04-11 21:31:43 | INFO     | ss_crawler | [scraper] [scraper] ❓ UNMATCHED: No GPU match found
2026-04-11 21:31:43 | INFO     | ss_crawler | [crawler] [crawler] Fetching listing 13/30: https://www.ss.com/msg/lv/electronics/computers/completing-pc/video/blgiel.html
2026-04-11 21:31:46 | INFO     | ss_crawler | [scraper] [scraper] ⏭️ UNCHANGED: Processed: unchanged
2026-04-11 21:31:46 | INFO     | ss_crawler | [crawler] [crawler] Fetching listing 14/30: https://www.ss.com/msg/lv/electronics/computers/completing-pc/video/ebcgn.html
2026-04-11 21:31:49 | INFO     | ss_crawler | [scraper] [scraper] ⚠️ LOW_CONFIDENCE: Match confidence 0.42 below threshold
2026-04-11 21:31:49 | INFO     | ss_crawler | [crawler] [crawler] Fetching listing 15/30: https://www.ss.com/msg/lv/electronics/computers/completing-pc/video/pbgln.html
2026-04-11 21:31:52 | INFO     | ss_crawler | [scraper] [scraper] ⏭️ UNCHANGED: Processed: unchanged
2026-04-11 21:31:52 | INFO     | ss_crawler | [crawler] [crawler] Fetching listing 16/30: https://www.ss.com/msg/lv/electronics/computers/completing-pc/video/ppmhc.html
2026-04-11 21:31:56 | INFO     | ss_crawler | [scraper] [scraper] ⏭️ UNCHANGED: Processed: unchanged
2026-04-11 21:31:56 | INFO     | ss_crawler | [crawler] [crawler] Fetching listing 17/30: https://www.ss.com/msg/lv/electronics/computers/completing-pc/video/nhefi.html
2026-04-11 21:31:59 | INFO     | ss_crawler | [scraper] [scraper] ⚠️ LOW_CONFIDENCE: Match confidence 0.55 below threshold
2026-04-11 21:31:59 | INFO     | ss_crawler | [crawler] [crawler] Fetching listing 18/30: https://www.ss.com/msg/lv/electronics/computers/completing-pc/video/bkfomx.html
2026-04-11 21:32:02 | INFO     | ss_crawler | [scraper] [scraper] ⏭️ UNCHANGED: Processed: unchanged
2026-04-11 21:32:02 | INFO     | ss_crawler | [crawler] [crawler] Fetching listing 19/30: https://www.ss.com/msg/lv/electronics/computers/completing-pc/video/lpjic.html
2026-04-11 21:32:05 | INFO     | ss_crawler | [scraper] [scraper] ⏭️ UNCHANGED: Processed: unchanged
2026-04-11 21:32:05 | INFO     | ss_crawler | [crawler] [crawler] Fetching listing 20/30: https://www.ss.com/msg/lv/electronics/computers/completing-pc/video/epexo.html
2026-04-11 21:32:09 | INFO     | ss_crawler | [scraper] [scraper] ⏭️ UNCHANGED: Processed: unchanged
2026-04-11 21:32:09 | INFO     | ss_crawler | [crawler] [crawler] Fetching listing 21/30: https://www.ss.com/msg/lv/electronics/computers/completing-pc/video/bihlfm.html
2026-04-11 21:32:11 | INFO     | ss_crawler | [scraper] [scraper] ⏭️ UNCHANGED: Processed: unchanged
2026-04-11 21:32:11 | INFO     | ss_crawler | [crawler] [crawler] Fetching listing 22/30: https://www.ss.com/msg/lv/electronics/computers/completing-pc/video/blbeol.html
2026-04-11 21:32:13 | INFO     | ss_crawler | [scraper] [scraper] ⏭️ UNCHANGED: Processed: unchanged
2026-04-11 21:32:13 | INFO     | ss_crawler | [crawler] [crawler] Fetching listing 23/30: https://www.ss.com/msg/lv/electronics/computers/completing-pc/video/bkhdnd.html
2026-04-11 21:32:15 | INFO     | ss_crawler | [scraper] [scraper] ⏭️ UNCHANGED: Processed: unchanged
2026-04-11 21:32:15 | INFO     | ss_crawler | [crawler] [crawler] Fetching listing 24/30: https://www.ss.com/msg/lv/electronics/computers/completing-pc/video/fenki.html
2026-04-11 21:32:18 | INFO     | ss_crawler | [scraper] [scraper] ⏭️ UNCHANGED: Processed: unchanged
2026-04-11 21:32:18 | INFO     | ss_crawler | [crawler] [crawler] Fetching listing 25/30: https://www.ss.com/msg/lv/electronics/computers/completing-pc/video/lnkjl.html
2026-04-11 21:32:21 | INFO     | ss_crawler | [scraper] [scraper] ⏭️ UNCHANGED: Processed: unchanged
2026-04-11 21:32:21 | INFO     | ss_crawler | [crawler] [crawler] Fetching listing 26/30: https://www.ss.com/msg/lv/electronics/computers/completing-pc/video/adggp.html
2026-04-11 21:32:23 | INFO     | ss_crawler | [scraper] [scraper] ⏭️ UNCHANGED: Processed: unchanged
2026-04-11 21:32:23 | INFO     | ss_crawler | [crawler] [crawler] Fetching listing 27/30: https://www.ss.com/msg/lv/electronics/computers/completing-pc/video/ndokf.html
2026-04-11 21:32:26 | INFO     | ss_crawler | [scraper] [scraper] ⏭️ UNCHANGED: Processed: unchanged
2026-04-11 21:32:26 | INFO     | ss_crawler | [crawler] [crawler] Fetching listing 28/30: https://www.ss.com/msg/lv/electronics/computers/completing-pc/video/bkejlk.html
2026-04-11 21:32:29 | INFO     | ss_crawler | [scraper] [scraper] ⏭️ UNCHANGED: Processed: unchanged
2026-04-11 21:32:29 | INFO     | ss_crawler | [crawler] [crawler] Fetching listing 29/30: https://www.ss.com/msg/lv/electronics/computers/completing-pc/video/fcjgn.html
2026-04-11 21:32:31 | INFO     | ss_crawler | [scraper] [scraper] ⏭️ UNCHANGED: Processed: unchanged
2026-04-11 21:32:31 | INFO     | ss_crawler | [crawler] [crawler] Fetching listing 30/30: https://www.ss.com/msg/lv/electronics/computers/completing-pc/video/biohcc.html
2026-04-11 21:32:34 | INFO     | ss_crawler | [scraper] [scraper] ⏭️ UNCHANGED: Processed: unchanged
2026-04-11 21:32:34 | INFO     | ss_crawler | [scraper] [scraper] 📄 Fetching category: https://www.ss.com/lv/electronics/computers/completing-pc/video/page8.html
2026-04-11 21:32:34 | INFO     | ss_crawler | [crawler] [crawler] Fetching category page: https://www.ss.com/lv/electronics/computers/completing-pc/video/page8.html
2026-04-11 21:32:37 | INFO     | ss_crawler | [parser] [parser] Found 30 listings on page
2026-04-11 21:32:37 | INFO     | ss_crawler | [scraper] [scraper] 🔍 Found 30 listings to process
2026-04-11 21:32:37 | INFO     | ss_crawler | [crawler] [crawler] Fetching listing 1/30: https://www.ss.com/msg/lv/electronics/computers/completing-pc/video/bjcdjm.html
2026-04-11 21:32:40 | INFO     | ss_crawler | [scraper] [scraper] ⏭️ UNCHANGED: Processed: unchanged
2026-04-11 21:32:40 | INFO     | ss_crawler | [crawler] [crawler] Fetching listing 2/30: https://www.ss.com/msg/lv/electronics/computers/completing-pc/video/bkmenc.html
2026-04-11 21:32:43 | INFO     | ss_crawler | [scraper] [scraper] ⏭️ UNCHANGED: Processed: unchanged
2026-04-11 21:32:43 | INFO     | ss_crawler | [crawler] [crawler] Fetching listing 3/30: https://www.ss.com/msg/lv/electronics/computers/completing-pc/video/fkmij.html
2026-04-11 21:32:46 | INFO     | ss_crawler | [scraper] [scraper] ⏭️ UNCHANGED: Processed: unchanged
2026-04-11 21:32:46 | INFO     | ss_crawler | [crawler] [crawler] Fetching listing 4/30: https://www.ss.com/msg/lv/electronics/computers/completing-pc/video/fdjpc.html
2026-04-11 21:32:49 | INFO     | ss_crawler | [scraper] [scraper] ⏭️ UNCHANGED: Processed: unchanged
2026-04-11 21:32:49 | INFO     | ss_crawler | [crawler] [crawler] Fetching listing 5/30: https://www.ss.com/msg/lv/electronics/computers/completing-pc/video/cckmo.html
2026-04-11 21:32:51 | INFO     | ss_crawler | [scraper] [scraper] ⏭️ UNCHANGED: Processed: unchanged
2026-04-11 21:32:51 | INFO     | ss_crawler | [crawler] [crawler] Fetching listing 6/30: https://www.ss.com/msg/lv/electronics/computers/completing-pc/video/bopjpd.html
2026-04-11 21:32:53 | INFO     | ss_crawler | [scraper] [scraper] ⏭️ UNCHANGED: Processed: unchanged
2026-04-11 21:32:53 | INFO     | ss_crawler | [crawler] [crawler] Fetching listing 7/30: https://www.ss.com/msg/lv/electronics/computers/completing-pc/video/bikkbm.html
2026-04-11 21:32:56 | INFO     | ss_crawler | [scraper] [scraper] ⏭️ UNCHANGED: Processed: unchanged
2026-04-11 21:32:56 | INFO     | ss_crawler | [crawler] [crawler] Fetching listing 8/30: https://www.ss.com/msg/lv/electronics/computers/completing-pc/video/bkmnlc.html
2026-04-11 21:32:58 | INFO     | ss_crawler | [scraper] [scraper] ⏭️ UNCHANGED: Processed: unchanged
2026-04-11 21:32:58 | INFO     | ss_crawler | [crawler] [crawler] Fetching listing 9/30: https://www.ss.com/msg/lv/electronics/computers/completing-pc/video/lpbhi.html
2026-04-11 21:33:00 | INFO     | ss_crawler | [scraper] [scraper] ⏭️ UNCHANGED: Processed: unchanged
2026-04-11 21:33:00 | INFO     | ss_crawler | [crawler] [crawler] Fetching listing 10/30: https://www.ss.com/msg/lv/electronics/computers/completing-pc/video/fjdox.html
2026-04-11 21:33:03 | INFO     | ss_crawler | [scraper] [scraper] ⏭️ UNCHANGED: Processed: unchanged
2026-04-11 21:33:03 | INFO     | ss_crawler | [crawler] [crawler] Fetching listing 11/30: https://www.ss.com/msg/lv/electronics/computers/completing-pc/video/bkxjdg.html
2026-04-11 21:33:05 | INFO     | ss_crawler | [scraper] [scraper] ⏭️ UNCHANGED: Processed: unchanged
2026-04-11 21:33:05 | INFO     | ss_crawler | [crawler] [crawler] Fetching listing 12/30: https://www.ss.com/msg/lv/electronics/computers/completing-pc/video/bolpdx.html
2026-04-11 21:33:08 | INFO     | ss_crawler | [scraper] [scraper] ❓ UNMATCHED: No GPU match found
2026-04-11 21:33:08 | INFO     | ss_crawler | [crawler] [crawler] Fetching listing 13/30: https://www.ss.com/msg/lv/electronics/computers/completing-pc/video/blgiel.html
2026-04-11 21:33:11 | INFO     | ss_crawler | [scraper] [scraper] ⏭️ UNCHANGED: Processed: unchanged
2026-04-11 21:33:11 | INFO     | ss_crawler | [crawler] [crawler] Fetching listing 14/30: https://www.ss.com/msg/lv/electronics/computers/completing-pc/video/ebcgn.html
2026-04-11 21:33:15 | INFO     | ss_crawler | [scraper] [scraper] ⚠️ LOW_CONFIDENCE: Match confidence 0.42 below threshold
2026-04-11 21:33:15 | INFO     | ss_crawler | [crawler] [crawler] Fetching listing 15/30: https://www.ss.com/msg/lv/electronics/computers/completing-pc/video/pbgln.html
2026-04-11 21:33:17 | INFO     | ss_crawler | [scraper] [scraper] ⏭️ UNCHANGED: Processed: unchanged
2026-04-11 21:33:17 | INFO     | ss_crawler | [crawler] [crawler] Fetching listing 16/30: https://www.ss.com/msg/lv/electronics/computers/completing-pc/video/ppmhc.html
2026-04-11 21:33:19 | INFO     | ss_crawler | [scraper] [scraper] ⏭️ UNCHANGED: Processed: unchanged
2026-04-11 21:33:19 | INFO     | ss_crawler | [crawler] [crawler] Fetching listing 17/30: https://www.ss.com/msg/lv/electronics/computers/completing-pc/video/nhefi.html
2026-04-11 21:33:23 | INFO     | ss_crawler | [scraper] [scraper] ⚠️ LOW_CONFIDENCE: Match confidence 0.55 below threshold
2026-04-11 21:33:23 | INFO     | ss_crawler | [crawler] [crawler] Fetching listing 18/30: https://www.ss.com/msg/lv/electronics/computers/completing-pc/video/bkfomx.html
2026-04-11 21:33:26 | INFO     | ss_crawler | [scraper] [scraper] ⏭️ UNCHANGED: Processed: unchanged
2026-04-11 21:33:26 | INFO     | ss_crawler | [crawler] [crawler] Fetching listing 19/30: https://www.ss.com/msg/lv/electronics/computers/completing-pc/video/lpjic.html
2026-04-11 21:33:28 | INFO     | ss_crawler | [scraper] [scraper] ⏭️ UNCHANGED: Processed: unchanged
2026-04-11 21:33:28 | INFO     | ss_crawler | [crawler] [crawler] Fetching listing 20/30: https://www.ss.com/msg/lv/electronics/computers/completing-pc/video/epexo.html
2026-04-11 21:33:30 | INFO     | ss_crawler | [scraper] [scraper] ⏭️ UNCHANGED: Processed: unchanged
2026-04-11 21:33:30 | INFO     | ss_crawler | [crawler] [crawler] Fetching listing 21/30: https://www.ss.com/msg/lv/electronics/computers/completing-pc/video/bihlfm.html
2026-04-11 21:33:32 | INFO     | ss_crawler | [scraper] [scraper] ⏭️ UNCHANGED: Processed: unchanged
2026-04-11 21:33:32 | INFO     | ss_crawler | [crawler] [crawler] Fetching listing 22/30: https://www.ss.com/msg/lv/electronics/computers/completing-pc/video/blbeol.html
2026-04-11 21:33:35 | INFO     | ss_crawler | [scraper] [scraper] ⏭️ UNCHANGED: Processed: unchanged
2026-04-11 21:33:35 | INFO     | ss_crawler | [crawler] [crawler] Fetching listing 23/30: https://www.ss.com/msg/lv/electronics/computers/completing-pc/video/bkhdnd.html
2026-04-11 21:33:39 | INFO     | ss_crawler | [scraper] [scraper] ⏭️ UNCHANGED: Processed: unchanged
2026-04-11 21:33:39 | INFO     | ss_crawler | [crawler] [crawler] Fetching listing 24/30: https://www.ss.com/msg/lv/electronics/computers/completing-pc/video/fenki.html
2026-04-11 21:33:42 | INFO     | ss_crawler | [scraper] [scraper] ⏭️ UNCHANGED: Processed: unchanged
2026-04-11 21:33:42 | INFO     | ss_crawler | [crawler] [crawler] Fetching listing 25/30: https://www.ss.com/msg/lv/electronics/computers/completing-pc/video/lnkjl.html
2026-04-11 21:33:44 | INFO     | ss_crawler | [scraper] [scraper] ⏭️ UNCHANGED: Processed: unchanged
2026-04-11 21:33:44 | INFO     | ss_crawler | [crawler] [crawler] Fetching listing 26/30: https://www.ss.com/msg/lv/electronics/computers/completing-pc/video/adggp.html
2026-04-11 21:33:46 | INFO     | ss_crawler | [scraper] [scraper] ⏭️ UNCHANGED: Processed: unchanged
2026-04-11 21:33:46 | INFO     | ss_crawler | [crawler] [crawler] Fetching listing 27/30: https://www.ss.com/msg/lv/electronics/computers/completing-pc/video/ndokf.html
2026-04-11 21:33:49 | INFO     | ss_crawler | [scraper] [scraper] ⏭️ UNCHANGED: Processed: unchanged
2026-04-11 21:33:49 | INFO     | ss_crawler | [crawler] [crawler] Fetching listing 28/30: https://www.ss.com/msg/lv/electronics/computers/completing-pc/video/bkejlk.html
2026-04-11 21:33:51 | INFO     | ss_crawler | [scraper] [scraper] ⏭️ UNCHANGED: Processed: unchanged
2026-04-11 21:33:51 | INFO     | ss_crawler | [crawler] [crawler] Fetching listing 29/30: https://www.ss.com/msg/lv/electronics/computers/completing-pc/video/fcjgn.html
2026-04-11 21:33:54 | INFO     | ss_crawler | [scraper] [scraper] ⏭️ UNCHANGED: Processed: unchanged
2026-04-11 21:33:54 | INFO     | ss_crawler | [crawler] [crawler] Fetching listing 30/30: https://www.ss.com/msg/lv/electronics/computers/completing-pc/video/biohcc.html
2026-04-11 21:33:58 | INFO     | ss_crawler | [scraper] [scraper] ⏭️ UNCHANGED: Processed: unchanged
2026-04-11 21:33:58 | INFO     | ss_crawler | [scraper] [scraper] 📄 Fetching category: https://www.ss.com/lv/electronics/computers/completing-pc/video/page9.html
2026-04-11 21:33:58 | INFO     | ss_crawler | [crawler] [crawler] Fetching category page: https://www.ss.com/lv/electronics/computers/completing-pc/video/page9.html
2026-04-11 21:34:00 | INFO     | ss_crawler | [parser] [parser] Found 30 listings on page
2026-04-11 21:34:00 | INFO     | ss_crawler | [scraper] [scraper] 🔍 Found 30 listings to process
2026-04-11 21:34:00 | INFO     | ss_crawler | [crawler] [crawler] Fetching listing 1/30: https://www.ss.com/msg/lv/electronics/computers/completing-pc/video/bjcdjm.html
2026-04-11 21:34:03 | INFO     | ss_crawler | [scraper] [scraper] ⏭️ UNCHANGED: Processed: unchanged
2026-04-11 21:34:03 | INFO     | ss_crawler | [crawler] [crawler] Fetching listing 2/30: https://www.ss.com/msg/lv/electronics/computers/completing-pc/video/bkmenc.html
2026-04-11 21:34:05 | INFO     | ss_crawler | [scraper] [scraper] ⏭️ UNCHANGED: Processed: unchanged
2026-04-11 21:34:05 | INFO     | ss_crawler | [crawler] [crawler] Fetching listing 3/30: https://www.ss.com/msg/lv/electronics/computers/completing-pc/video/fkmij.html
2026-04-11 21:34:08 | INFO     | ss_crawler | [scraper] [scraper] ⏭️ UNCHANGED: Processed: unchanged
2026-04-11 21:34:08 | INFO     | ss_crawler | [crawler] [crawler] Fetching listing 4/30: https://www.ss.com/msg/lv/electronics/computers/completing-pc/video/fdjpc.html
2026-04-11 21:34:11 | INFO     | ss_crawler | [scraper] [scraper] ⏭️ UNCHANGED: Processed: unchanged
2026-04-11 21:34:11 | INFO     | ss_crawler | [crawler] [crawler] Fetching listing 5/30: https://www.ss.com/msg/lv/electronics/computers/completing-pc/video/cckmo.html
2026-04-11 21:34:14 | INFO     | ss_crawler | [scraper] [scraper] ⏭️ UNCHANGED: Processed: unchanged
2026-04-11 21:34:14 | INFO     | ss_crawler | [crawler] [crawler] Fetching listing 6/30: https://www.ss.com/msg/lv/electronics/computers/completing-pc/video/bopjpd.html
2026-04-11 21:34:16 | INFO     | ss_crawler | [scraper] [scraper] ⏭️ UNCHANGED: Processed: unchanged
2026-04-11 21:34:16 | INFO     | ss_crawler | [crawler] [crawler] Fetching listing 7/30: https://www.ss.com/msg/lv/electronics/computers/completing-pc/video/bikkbm.html
2026-04-11 21:34:18 | INFO     | ss_crawler | [scraper] [scraper] ⏭️ UNCHANGED: Processed: unchanged
2026-04-11 21:34:18 | INFO     | ss_crawler | [crawler] [crawler] Fetching listing 8/30: https://www.ss.com/msg/lv/electronics/computers/completing-pc/video/bkmnlc.html
2026-04-11 21:34:21 | INFO     | ss_crawler | [scraper] [scraper] ⏭️ UNCHANGED: Processed: unchanged
2026-04-11 21:34:21 | INFO     | ss_crawler | [crawler] [crawler] Fetching listing 9/30: https://www.ss.com/msg/lv/electronics/computers/completing-pc/video/lpbhi.html
2026-04-11 21:34:23 | INFO     | ss_crawler | [scraper] [scraper] ⏭️ UNCHANGED: Processed: unchanged
2026-04-11 21:34:23 | INFO     | ss_crawler | [crawler] [crawler] Fetching listing 10/30: https://www.ss.com/msg/lv/electronics/computers/completing-pc/video/fjdox.html
2026-04-11 21:34:26 | INFO     | ss_crawler | [scraper] [scraper] ⏭️ UNCHANGED: Processed: unchanged
2026-04-11 21:34:26 | INFO     | ss_crawler | [crawler] [crawler] Fetching listing 11/30: https://www.ss.com/msg/lv/electronics/computers/completing-pc/video/bkxjdg.html
2026-04-11 21:34:30 | INFO     | ss_crawler | [scraper] [scraper] ⏭️ UNCHANGED: Processed: unchanged
2026-04-11 21:34:30 | INFO     | ss_crawler | [crawler] [crawler] Fetching listing 12/30: https://www.ss.com/msg/lv/electronics/computers/completing-pc/video/bolpdx.html
2026-04-11 21:34:33 | INFO     | ss_crawler | [scraper] [scraper] ❓ UNMATCHED: No GPU match found
2026-04-11 21:34:33 | INFO     | ss_crawler | [crawler] [crawler] Fetching listing 13/30: https://www.ss.com/msg/lv/electronics/computers/completing-pc/video/blgiel.html
2026-04-11 21:34:35 | INFO     | ss_crawler | [scraper] [scraper] ⏭️ UNCHANGED: Processed: unchanged
2026-04-11 21:34:35 | INFO     | ss_crawler | [crawler] [crawler] Fetching listing 14/30: https://www.ss.com/msg/lv/electronics/computers/completing-pc/video/ebcgn.html
2026-04-11 21:34:39 | INFO     | ss_crawler | [scraper] [scraper] ⚠️ LOW_CONFIDENCE: Match confidence 0.42 below threshold
2026-04-11 21:34:39 | INFO     | ss_crawler | [crawler] [crawler] Fetching listing 15/30: https://www.ss.com/msg/lv/electronics/computers/completing-pc/video/pbgln.html
2026-04-11 21:34:41 | INFO     | ss_crawler | [scraper] [scraper] ⏭️ UNCHANGED: Processed: unchanged
2026-04-11 21:34:41 | INFO     | ss_crawler | [crawler] [crawler] Fetching listing 16/30: https://www.ss.com/msg/lv/electronics/computers/completing-pc/video/ppmhc.html
2026-04-11 21:34:44 | INFO     | ss_crawler | [scraper] [scraper] ⏭️ UNCHANGED: Processed: unchanged
2026-04-11 21:34:44 | INFO     | ss_crawler | [crawler] [crawler] Fetching listing 17/30: https://www.ss.com/msg/lv/electronics/computers/completing-pc/video/nhefi.html
2026-04-11 21:34:46 | INFO     | ss_crawler | [scraper] [scraper] ⚠️ LOW_CONFIDENCE: Match confidence 0.55 below threshold
2026-04-11 21:34:46 | INFO     | ss_crawler | [crawler] [crawler] Fetching listing 18/30: https://www.ss.com/msg/lv/electronics/computers/completing-pc/video/bkfomx.html
2026-04-11 21:34:48 | INFO     | ss_crawler | [scraper] [scraper] ⏭️ UNCHANGED: Processed: unchanged
2026-04-11 21:34:48 | INFO     | ss_crawler | [crawler] [crawler] Fetching listing 19/30: https://www.ss.com/msg/lv/electronics/computers/completing-pc/video/lpjic.html
2026-04-11 21:34:50 | INFO     | ss_crawler | [scraper] [scraper] ⏭️ UNCHANGED: Processed: unchanged
2026-04-11 21:34:50 | INFO     | ss_crawler | [crawler] [crawler] Fetching listing 20/30: https://www.ss.com/msg/lv/electronics/computers/completing-pc/video/epexo.html
2026-04-11 21:34:53 | INFO     | ss_crawler | [scraper] [scraper] ⏭️ UNCHANGED: Processed: unchanged
2026-04-11 21:34:53 | INFO     | ss_crawler | [crawler] [crawler] Fetching listing 21/30: https://www.ss.com/msg/lv/electronics/computers/completing-pc/video/bihlfm.html
2026-04-11 21:34:55 | INFO     | ss_crawler | [scraper] [scraper] ⏭️ UNCHANGED: Processed: unchanged
2026-04-11 21:34:55 | INFO     | ss_crawler | [crawler] [crawler] Fetching listing 22/30: https://www.ss.com/msg/lv/electronics/computers/completing-pc/video/blbeol.html
2026-04-11 21:34:57 | INFO     | ss_crawler | [scraper] [scraper] ⏭️ UNCHANGED: Processed: unchanged
2026-04-11 21:34:57 | INFO     | ss_crawler | [crawler] [crawler] Fetching listing 23/30: https://www.ss.com/msg/lv/electronics/computers/completing-pc/video/bkhdnd.html
2026-04-11 21:35:00 | INFO     | ss_crawler | [scraper] [scraper] ⏭️ UNCHANGED: Processed: unchanged
2026-04-11 21:35:00 | INFO     | ss_crawler | [crawler] [crawler] Fetching listing 24/30: https://www.ss.com/msg/lv/electronics/computers/completing-pc/video/fenki.html
2026-04-11 21:35:03 | INFO     | ss_crawler | [scraper] [scraper] ⏭️ UNCHANGED: Processed: unchanged
2026-04-11 21:35:03 | INFO     | ss_crawler | [crawler] [crawler] Fetching listing 25/30: https://www.ss.com/msg/lv/electronics/computers/completing-pc/video/lnkjl.html
2026-04-11 21:35:06 | INFO     | ss_crawler | [scraper] [scraper] ⏭️ UNCHANGED: Processed: unchanged
2026-04-11 21:35:06 | INFO     | ss_crawler | [crawler] [crawler] Fetching listing 26/30: https://www.ss.com/msg/lv/electronics/computers/completing-pc/video/adggp.html
2026-04-11 21:35:08 | INFO     | ss_crawler | [scraper] [scraper] ⏭️ UNCHANGED: Processed: unchanged
2026-04-11 21:35:08 | INFO     | ss_crawler | [crawler] [crawler] Fetching listing 27/30: https://www.ss.com/msg/lv/electronics/computers/completing-pc/video/ndokf.html
2026-04-11 21:35:12 | INFO     | ss_crawler | [scraper] [scraper] ⏭️ UNCHANGED: Processed: unchanged
2026-04-11 21:35:12 | INFO     | ss_crawler | [crawler] [crawler] Fetching listing 28/30: https://www.ss.com/msg/lv/electronics/computers/completing-pc/video/bkejlk.html
2026-04-11 21:35:14 | INFO     | ss_crawler | [scraper] [scraper] ⏭️ UNCHANGED: Processed: unchanged
2026-04-11 21:35:14 | INFO     | ss_crawler | [crawler] [crawler] Fetching listing 29/30: https://www.ss.com/msg/lv/electronics/computers/completing-pc/video/fcjgn.html
2026-04-11 21:35:16 | INFO     | ss_crawler | [scraper] [scraper] ⏭️ UNCHANGED: Processed: unchanged
2026-04-11 21:35:16 | INFO     | ss_crawler | [crawler] [crawler] Fetching listing 30/30: https://www.ss.com/msg/lv/electronics/computers/completing-pc/video/biohcc.html
2026-04-11 21:35:18 | INFO     | ss_crawler | [scraper] [scraper] ⏭️ UNCHANGED: Processed: unchanged
2026-04-11 21:35:18 | INFO     | ss_crawler | [scraper] [scraper] 📄 Fetching category: https://www.ss.com/lv/electronics/computers/completing-pc/video/page10.html
2026-04-11 21:35:18 | INFO     | ss_crawler | [crawler] [crawler] Fetching category page: https://www.ss.com/lv/electronics/computers/completing-pc/video/page10.html
2026-04-11 21:35:20 | INFO     | ss_crawler | [parser] [parser] Found 30 listings on page
2026-04-11 21:35:20 | INFO     | ss_crawler | [scraper] [scraper] 🔍 Found 30 listings to process
2026-04-11 21:35:20 | INFO     | ss_crawler | [crawler] [crawler] Fetching listing 1/30: https://www.ss.com/msg/lv/electronics/computers/completing-pc/video/bjcdjm.html
2026-04-11 21:35:22 | INFO     | ss_crawler | [scraper] [scraper] ⏭️ UNCHANGED: Processed: unchanged
2026-04-11 21:35:22 | INFO     | ss_crawler | [crawler] [crawler] Fetching listing 2/30: https://www.ss.com/msg/lv/electronics/computers/completing-pc/video/bkmenc.html
2026-04-11 21:35:26 | INFO     | ss_crawler | [scraper] [scraper] ⏭️ UNCHANGED: Processed: unchanged
2026-04-11 21:35:26 | INFO     | ss_crawler | [crawler] [crawler] Fetching listing 3/30: https://www.ss.com/msg/lv/electronics/computers/completing-pc/video/fkmij.html
2026-04-11 21:35:28 | INFO     | ss_crawler | [scraper] [scraper] ⏭️ UNCHANGED: Processed: unchanged
2026-04-11 21:35:28 | INFO     | ss_crawler | [crawler] [crawler] Fetching listing 4/30: https://www.ss.com/msg/lv/electronics/computers/completing-pc/video/fdjpc.html
2026-04-11 21:35:30 | INFO     | ss_crawler | [scraper] [scraper] ⏭️ UNCHANGED: Processed: unchanged
2026-04-11 21:35:30 | INFO     | ss_crawler | [crawler] [crawler] Fetching listing 5/30: https://www.ss.com/msg/lv/electronics/computers/completing-pc/video/cckmo.html
2026-04-11 21:35:32 | INFO     | ss_crawler | [scraper] [scraper] ⏭️ UNCHANGED: Processed: unchanged
2026-04-11 21:35:32 | INFO     | ss_crawler | [crawler] [crawler] Fetching listing 6/30: https://www.ss.com/msg/lv/electronics/computers/completing-pc/video/bopjpd.html
2026-04-11 21:35:35 | INFO     | ss_crawler | [scraper] [scraper] ⏭️ UNCHANGED: Processed: unchanged
2026-04-11 21:35:35 | INFO     | ss_crawler | [crawler] [crawler] Fetching listing 7/30: https://www.ss.com/msg/lv/electronics/computers/completing-pc/video/bikkbm.html
2026-04-11 21:35:38 | INFO     | ss_crawler | [scraper] [scraper] ⏭️ UNCHANGED: Processed: unchanged
2026-04-11 21:35:38 | INFO     | ss_crawler | [crawler] [crawler] Fetching listing 8/30: https://www.ss.com/msg/lv/electronics/computers/completing-pc/video/bkmnlc.html
2026-04-11 21:35:39 | INFO     | ss_crawler | [scraper] [scraper] ⏭️ UNCHANGED: Processed: unchanged
2026-04-11 21:35:39 | INFO     | ss_crawler | [crawler] [crawler] Fetching listing 9/30: https://www.ss.com/msg/lv/electronics/computers/completing-pc/video/lpbhi.html
2026-04-11 21:35:41 | INFO     | ss_crawler | [scraper] [scraper] ⏭️ UNCHANGED: Processed: unchanged
2026-04-11 21:35:41 | INFO     | ss_crawler | [crawler] [crawler] Fetching listing 10/30: https://www.ss.com/msg/lv/electronics/computers/completing-pc/video/fjdox.html
2026-04-11 21:35:45 | INFO     | ss_crawler | [scraper] [scraper] ⏭️ UNCHANGED: Processed: unchanged
2026-04-11 21:35:45 | INFO     | ss_crawler | [crawler] [crawler] Fetching listing 11/30: https://www.ss.com/msg/lv/electronics/computers/completing-pc/video/bkxjdg.html
2026-04-11 21:35:48 | INFO     | ss_crawler | [scraper] [scraper] ⏭️ UNCHANGED: Processed: unchanged
2026-04-11 21:35:48 | INFO     | ss_crawler | [crawler] [crawler] Fetching listing 12/30: https://www.ss.com/msg/lv/electronics/computers/completing-pc/video/bolpdx.html
2026-04-11 21:35:50 | INFO     | ss_crawler | [scraper] [scraper] ❓ UNMATCHED: No GPU match found
2026-04-11 21:35:50 | INFO     | ss_crawler | [crawler] [crawler] Fetching listing 13/30: https://www.ss.com/msg/lv/electronics/computers/completing-pc/video/blgiel.html
2026-04-11 21:35:52 | INFO     | ss_crawler | [scraper] [scraper] ⏭️ UNCHANGED: Processed: unchanged
2026-04-11 21:35:52 | INFO     | ss_crawler | [crawler] [crawler] Fetching listing 14/30: https://www.ss.com/msg/lv/electronics/computers/completing-pc/video/ebcgn.html
2026-04-11 21:35:54 | INFO     | ss_crawler | [scraper] [scraper] ⚠️ LOW_CONFIDENCE: Match confidence 0.42 below threshold
2026-04-11 21:35:54 | INFO     | ss_crawler | [crawler] [crawler] Fetching listing 15/30: https://www.ss.com/msg/lv/electronics/computers/completing-pc/video/pbgln.html
2026-04-11 21:35:56 | INFO     | ss_crawler | [scraper] [scraper] ⏭️ UNCHANGED: Processed: unchanged
2026-04-11 21:35:56 | INFO     | ss_crawler | [crawler] [crawler] Fetching listing 16/30: https://www.ss.com/msg/lv/electronics/computers/completing-pc/video/ppmhc.html
2026-04-11 21:35:59 | INFO     | ss_crawler | [scraper] [scraper] ⏭️ UNCHANGED: Processed: unchanged
2026-04-11 21:35:59 | INFO     | ss_crawler | [crawler] [crawler] Fetching listing 17/30: https://www.ss.com/msg/lv/electronics/computers/completing-pc/video/nhefi.html
2026-04-11 21:36:02 | INFO     | ss_crawler | [scraper] [scraper] ⚠️ LOW_CONFIDENCE: Match confidence 0.55 below threshold
2026-04-11 21:36:02 | INFO     | ss_crawler | [crawler] [crawler] Fetching listing 18/30: https://www.ss.com/msg/lv/electronics/computers/completing-pc/video/bkfomx.html
2026-04-11 21:36:04 | INFO     | ss_crawler | [scraper] [scraper] ⏭️ UNCHANGED: Processed: unchanged
2026-04-11 21:36:04 | INFO     | ss_crawler | [crawler] [crawler] Fetching listing 19/30: https://www.ss.com/msg/lv/electronics/computers/completing-pc/video/lpjic.html
2026-04-11 21:36:06 | INFO     | ss_crawler | [scraper] [scraper] ⏭️ UNCHANGED: Processed: unchanged
2026-04-11 21:36:06 | INFO     | ss_crawler | [crawler] [crawler] Fetching listing 20/30: https://www.ss.com/msg/lv/electronics/computers/completing-pc/video/epexo.html
2026-04-11 21:36:08 | INFO     | ss_crawler | [scraper] [scraper] ⏭️ UNCHANGED: Processed: unchanged
2026-04-11 21:36:08 | INFO     | ss_crawler | [crawler] [crawler] Fetching listing 21/30: https://www.ss.com/msg/lv/electronics/computers/completing-pc/video/bihlfm.html
2026-04-11 21:36:11 | INFO     | ss_crawler | [scraper] [scraper] ⏭️ UNCHANGED: Processed: unchanged
2026-04-11 21:36:11 | INFO     | ss_crawler | [crawler] [crawler] Fetching listing 22/30: https://www.ss.com/msg/lv/electronics/computers/completing-pc/video/blbeol.html
2026-04-11 21:36:13 | INFO     | ss_crawler | [scraper] [scraper] ⏭️ UNCHANGED: Processed: unchanged
2026-04-11 21:36:13 | INFO     | ss_crawler | [crawler] [crawler] Fetching listing 23/30: https://www.ss.com/msg/lv/electronics/computers/completing-pc/video/bkhdnd.html
2026-04-11 21:36:16 | INFO     | ss_crawler | [scraper] [scraper] ⏭️ UNCHANGED: Processed: unchanged
2026-04-11 21:36:16 | INFO     | ss_crawler | [crawler] [crawler] Fetching listing 24/30: https://www.ss.com/msg/lv/electronics/computers/completing-pc/video/fenki.html
2026-04-11 21:36:19 | INFO     | ss_crawler | [scraper] [scraper] ⏭️ UNCHANGED: Processed: unchanged
2026-04-11 21:36:19 | INFO     | ss_crawler | [crawler] [crawler] Fetching listing 25/30: https://www.ss.com/msg/lv/electronics/computers/completing-pc/video/lnkjl.html
2026-04-11 21:36:22 | INFO     | ss_crawler | [scraper] [scraper] ⏭️ UNCHANGED: Processed: unchanged
2026-04-11 21:36:22 | INFO     | ss_crawler | [crawler] [crawler] Fetching listing 26/30: https://www.ss.com/msg/lv/electronics/computers/completing-pc/video/adggp.html
2026-04-11 21:36:26 | INFO     | ss_crawler | [scraper] [scraper] ⏭️ UNCHANGED: Processed: unchanged
2026-04-11 21:36:26 | INFO     | ss_crawler | [crawler] [crawler] Fetching listing 27/30: https://www.ss.com/msg/lv/electronics/computers/completing-pc/video/ndokf.html
2026-04-11 21:36:29 | INFO     | ss_crawler | [scraper] [scraper] ⏭️ UNCHANGED: Processed: unchanged
2026-04-11 21:36:29 | INFO     | ss_crawler | [crawler] [crawler] Fetching listing 28/30: https://www.ss.com/msg/lv/electronics/computers/completing-pc/video/bkejlk.html
2026-04-11 21:36:31 | INFO     | ss_crawler | [scraper] [scraper] ⏭️ UNCHANGED: Processed: unchanged
2026-04-11 21:36:31 | INFO     | ss_crawler | [crawler] [crawler] Fetching listing 29/30: https://www.ss.com/msg/lv/electronics/computers/completing-pc/video/fcjgn.html
2026-04-11 21:36:34 | INFO     | ss_crawler | [scraper] [scraper] ⏭️ UNCHANGED: Processed: unchanged
2026-04-11 21:36:34 | INFO     | ss_crawler | [crawler] [crawler] Fetching listing 30/30: https://www.ss.com/msg/lv/electronics/computers/completing-pc/video/biohcc.html
2026-04-11 21:36:37 | INFO     | ss_crawler | [scraper] [scraper] ⏭️ UNCHANGED: Processed: unchanged
2026-04-11 21:36:37 | INFO     | ss_crawler | [scraper] [scraper] 📄 Fetching category: https://www.ss.com/lv/electronics/computers/completing-pc/video/page11.html
2026-04-11 21:36:37 | INFO     | ss_crawler | [crawler] [crawler] Fetching category page: https://www.ss.com/lv/electronics/computers/completing-pc/video/page11.html
2026-04-11 21:36:40 | INFO     | ss_crawler | [parser] [parser] Found 30 listings on page
2026-04-11 21:36:40 | INFO     | ss_crawler | [scraper] [scraper] 🔍 Found 30 listings to process
2026-04-11 21:36:40 | INFO     | ss_crawler | [crawler] [crawler] Fetching listing 1/30: https://www.ss.com/msg/lv/electronics/computers/completing-pc/video/bjcdjm.html
2026-04-11 21:36:42 | INFO     | ss_crawler | [scraper] [scraper] ⏭️ UNCHANGED: Processed: unchanged
2026-04-11 21:36:42 | INFO     | ss_crawler | [crawler] [crawler] Fetching listing 2/30: https://www.ss.com/msg/lv/electronics/computers/completing-pc/video/bkmenc.html
2026-04-11 21:36:44 | INFO     | ss_crawler | [scraper] [scraper] ⏭️ UNCHANGED: Processed: unchanged
2026-04-11 21:36:44 | INFO     | ss_crawler | [crawler] [crawler] Fetching listing 3/30: https://www.ss.com/msg/lv/electronics/computers/completing-pc/video/fkmij.html
2026-04-11 21:36:47 | INFO     | ss_crawler | [scraper] [scraper] ⏭️ UNCHANGED: Processed: unchanged
2026-04-11 21:36:47 | INFO     | ss_crawler | [crawler] [crawler] Fetching listing 4/30: https://www.ss.com/msg/lv/electronics/computers/completing-pc/video/fdjpc.html
2026-04-11 21:36:50 | INFO     | ss_crawler | [scraper] [scraper] ⏭️ UNCHANGED: Processed: unchanged
2026-04-11 21:36:50 | INFO     | ss_crawler | [crawler] [crawler] Fetching listing 5/30: https://www.ss.com/msg/lv/electronics/computers/completing-pc/video/cckmo.html
2026-04-11 21:36:52 | INFO     | ss_crawler | [scraper] [scraper] ⏭️ UNCHANGED: Processed: unchanged
2026-04-11 21:36:52 | INFO     | ss_crawler | [crawler] [crawler] Fetching listing 6/30: https://www.ss.com/msg/lv/electronics/computers/completing-pc/video/bopjpd.html
2026-04-11 21:36:55 | INFO     | ss_crawler | [scraper] [scraper] ⏭️ UNCHANGED: Processed: unchanged
2026-04-11 21:36:55 | INFO     | ss_crawler | [crawler] [crawler] Fetching listing 7/30: https://www.ss.com/msg/lv/electronics/computers/completing-pc/video/bikkbm.html
2026-04-11 21:36:59 | INFO     | ss_crawler | [scraper] [scraper] ⏭️ UNCHANGED: Processed: unchanged
2026-04-11 21:36:59 | INFO     | ss_crawler | [crawler] [crawler] Fetching listing 8/30: https://www.ss.com/msg/lv/electronics/computers/completing-pc/video/bkmnlc.html
2026-04-11 21:37:02 | INFO     | ss_crawler | [scraper] [scraper] ⏭️ UNCHANGED: Processed: unchanged
2026-04-11 21:37:02 | INFO     | ss_crawler | [crawler] [crawler] Fetching listing 9/30: https://www.ss.com/msg/lv/electronics/computers/completing-pc/video/lpbhi.html
2026-04-11 21:37:05 | INFO     | ss_crawler | [scraper] [scraper] ⏭️ UNCHANGED: Processed: unchanged
2026-04-11 21:37:05 | INFO     | ss_crawler | [crawler] [crawler] Fetching listing 10/30: https://www.ss.com/msg/lv/electronics/computers/completing-pc/video/fjdox.html
2026-04-11 21:37:08 | INFO     | ss_crawler | [scraper] [scraper] ⏭️ UNCHANGED: Processed: unchanged
2026-04-11 21:37:08 | INFO     | ss_crawler | [crawler] [crawler] Fetching listing 11/30: https://www.ss.com/msg/lv/electronics/computers/completing-pc/video/bkxjdg.html
2026-04-11 21:37:10 | INFO     | ss_crawler | [scraper] [scraper] ⏭️ UNCHANGED: Processed: unchanged
2026-04-11 21:37:10 | INFO     | ss_crawler | [crawler] [crawler] Fetching listing 12/30: https://www.ss.com/msg/lv/electronics/computers/completing-pc/video/bolpdx.html
2026-04-11 21:37:13 | INFO     | ss_crawler | [scraper] [scraper] ❓ UNMATCHED: No GPU match found
2026-04-11 21:37:13 | INFO     | ss_crawler | [crawler] [crawler] Fetching listing 13/30: https://www.ss.com/msg/lv/electronics/computers/completing-pc/video/blgiel.html
2026-04-11 21:37:16 | INFO     | ss_crawler | [scraper] [scraper] ⏭️ UNCHANGED: Processed: unchanged
2026-04-11 21:37:16 | INFO     | ss_crawler | [crawler] [crawler] Fetching listing 14/30: https://www.ss.com/msg/lv/electronics/computers/completing-pc/video/ebcgn.html
2026-04-11 21:37:19 | INFO     | ss_crawler | [scraper] [scraper] ⚠️ LOW_CONFIDENCE: Match confidence 0.42 below threshold
2026-04-11 21:37:19 | INFO     | ss_crawler | [crawler] [crawler] Fetching listing 15/30: https://www.ss.com/msg/lv/electronics/computers/completing-pc/video/pbgln.html
2026-04-11 21:37:21 | INFO     | ss_crawler | [scraper] [scraper] ⏭️ UNCHANGED: Processed: unchanged
2026-04-11 21:37:21 | INFO     | ss_crawler | [crawler] [crawler] Fetching listing 16/30: https://www.ss.com/msg/lv/electronics/computers/completing-pc/video/ppmhc.html
2026-04-11 21:37:24 | INFO     | ss_crawler | [scraper] [scraper] ⏭️ UNCHANGED: Processed: unchanged
2026-04-11 21:37:24 | INFO     | ss_crawler | [crawler] [crawler] Fetching listing 17/30: https://www.ss.com/msg/lv/electronics/computers/completing-pc/video/nhefi.html
2026-04-11 21:37:26 | INFO     | ss_crawler | [scraper] [scraper] ⚠️ LOW_CONFIDENCE: Match confidence 0.55 below threshold
2026-04-11 21:37:26 | INFO     | ss_crawler | [crawler] [crawler] Fetching listing 18/30: https://www.ss.com/msg/lv/electronics/computers/completing-pc/video/bkfomx.html
2026-04-11 21:37:29 | INFO     | ss_crawler | [scraper] [scraper] ⏭️ UNCHANGED: Processed: unchanged
2026-04-11 21:37:29 | INFO     | ss_crawler | [crawler] [crawler] Fetching listing 19/30: https://www.ss.com/msg/lv/electronics/computers/completing-pc/video/lpjic.html
2026-04-11 21:37:31 | INFO     | ss_crawler | [scraper] [scraper] ⏭️ UNCHANGED: Processed: unchanged
2026-04-11 21:37:31 | INFO     | ss_crawler | [crawler] [crawler] Fetching listing 20/30: https://www.ss.com/msg/lv/electronics/computers/completing-pc/video/epexo.html
2026-04-11 21:37:34 | INFO     | ss_crawler | [scraper] [scraper] ⏭️ UNCHANGED: Processed: unchanged
2026-04-11 21:37:34 | INFO     | ss_crawler | [crawler] [crawler] Fetching listing 21/30: https://www.ss.com/msg/lv/electronics/computers/completing-pc/video/bihlfm.html
2026-04-11 21:37:37 | INFO     | ss_crawler | [scraper] [scraper] ⏭️ UNCHANGED: Processed: unchanged
2026-04-11 21:37:37 | INFO     | ss_crawler | [crawler] [crawler] Fetching listing 22/30: https://www.ss.com/msg/lv/electronics/computers/completing-pc/video/blbeol.html
2026-04-11 21:37:39 | INFO     | ss_crawler | [scraper] [scraper] ⏭️ UNCHANGED: Processed: unchanged
2026-04-11 21:37:39 | INFO     | ss_crawler | [crawler] [crawler] Fetching listing 23/30: https://www.ss.com/msg/lv/electronics/computers/completing-pc/video/bkhdnd.html
2026-04-11 21:37:41 | INFO     | ss_crawler | [scraper] [scraper] ⏭️ UNCHANGED: Processed: unchanged
2026-04-11 21:37:41 | INFO     | ss_crawler | [crawler] [crawler] Fetching listing 24/30: https://www.ss.com/msg/lv/electronics/computers/completing-pc/video/fenki.html
2026-04-11 21:37:44 | INFO     | ss_crawler | [scraper] [scraper] ⏭️ UNCHANGED: Processed: unchanged
2026-04-11 21:37:44 | INFO     | ss_crawler | [crawler] [crawler] Fetching listing 25/30: https://www.ss.com/msg/lv/electronics/computers/completing-pc/video/lnkjl.html
2026-04-11 21:37:45 | INFO     | ss_crawler | [scraper] [scraper] ⏭️ UNCHANGED: Processed: unchanged
2026-04-11 21:37:45 | INFO     | ss_crawler | [crawler] [crawler] Fetching listing 26/30: https://www.ss.com/msg/lv/electronics/computers/completing-pc/video/adggp.html
2026-04-11 21:37:47 | INFO     | ss_crawler | [scraper] [scraper] ⏭️ UNCHANGED: Processed: unchanged
2026-04-11 21:37:47 | INFO     | ss_crawler | [crawler] [crawler] Fetching listing 27/30: https://www.ss.com/msg/lv/electronics/computers/completing-pc/video/ndokf.html
2026-04-11 21:37:49 | INFO     | ss_crawler | [scraper] [scraper] ⏭️ UNCHANGED: Processed: unchanged
2026-04-11 21:37:49 | INFO     | ss_crawler | [crawler] [crawler] Fetching listing 28/30: https://www.ss.com/msg/lv/electronics/computers/completing-pc/video/bkejlk.html
2026-04-11 21:37:51 | INFO     | ss_crawler | [scraper] [scraper] ⏭️ UNCHANGED: Processed: unchanged
2026-04-11 21:37:51 | INFO     | ss_crawler | [crawler] [crawler] Fetching listing 29/30: https://www.ss.com/msg/lv/electronics/computers/completing-pc/video/fcjgn.html
2026-04-11 21:37:54 | INFO     | ss_crawler | [scraper] [scraper] ⏭️ UNCHANGED: Processed: unchanged
2026-04-11 21:37:54 | INFO     | ss_crawler | [crawler] [crawler] Fetching listing 30/30: https://www.ss.com/msg/lv/electronics/computers/completing-pc/video/biohcc.html
2026-04-11 21:37:55 | INFO     | ss_crawler | [scraper] [scraper] ⏭️ UNCHANGED: Processed: unchanged
2026-04-11 21:37:55 | INFO     | ss_crawler | [scraper] [scraper] 📄 Fetching category: https://www.ss.com/lv/electronics/computers/completing-pc/video/page12.html
2026-04-11 21:37:55 | INFO     | ss_crawler | [crawler] [crawler] Fetching category page: https://www.ss.com/lv/electronics/computers/completing-pc/video/page12.html
2026-04-11 21:37:58 | INFO     | ss_crawler | [parser] [parser] Found 30 listings on page
2026-04-11 21:37:58 | INFO     | ss_crawler | [scraper] [scraper] 🔍 Found 30 listings to process
2026-04-11 21:37:58 | INFO     | ss_crawler | [crawler] [crawler] Fetching listing 1/30: https://www.ss.com/msg/lv/electronics/computers/completing-pc/video/bjcdjm.html
2026-04-11 21:38:02 | INFO     | ss_crawler | [scraper] [scraper] ⏭️ UNCHANGED: Processed: unchanged
2026-04-11 21:38:02 | INFO     | ss_crawler | [crawler] [crawler] Fetching listing 2/30: https://www.ss.com/msg/lv/electronics/computers/completing-pc/video/bkmenc.html
2026-04-11 21:38:05 | INFO     | ss_crawler | [scraper] [scraper] ⏭️ UNCHANGED: Processed: unchanged
2026-04-11 21:38:05 | INFO     | ss_crawler | [crawler] [crawler] Fetching listing 3/30: https://www.ss.com/msg/lv/electronics/computers/completing-pc/video/fkmij.html
2026-04-11 21:38:07 | INFO     | ss_crawler | [scraper] [scraper] ⏭️ UNCHANGED: Processed: unchanged
2026-04-11 21:38:07 | INFO     | ss_crawler | [crawler] [crawler] Fetching listing 4/30: https://www.ss.com/msg/lv/electronics/computers/completing-pc/video/fdjpc.html
2026-04-11 21:38:09 | INFO     | ss_crawler | [scraper] [scraper] ⏭️ UNCHANGED: Processed: unchanged
2026-04-11 21:38:09 | INFO     | ss_crawler | [crawler] [crawler] Fetching listing 5/30: https://www.ss.com/msg/lv/electronics/computers/completing-pc/video/cckmo.html
2026-04-11 21:38:13 | INFO     | ss_crawler | [scraper] [scraper] ⏭️ UNCHANGED: Processed: unchanged
2026-04-11 21:38:13 | INFO     | ss_crawler | [crawler] [crawler] Fetching listing 6/30: https://www.ss.com/msg/lv/electronics/computers/completing-pc/video/bopjpd.html
2026-04-11 21:38:15 | INFO     | ss_crawler | [scraper] [scraper] ⏭️ UNCHANGED: Processed: unchanged
2026-04-11 21:38:15 | INFO     | ss_crawler | [crawler] [crawler] Fetching listing 7/30: https://www.ss.com/msg/lv/electronics/computers/completing-pc/video/bikkbm.html
2026-04-11 21:38:18 | INFO     | ss_crawler | [scraper] [scraper] ⏭️ UNCHANGED: Processed: unchanged
2026-04-11 21:38:18 | INFO     | ss_crawler | [crawler] [crawler] Fetching listing 8/30: https://www.ss.com/msg/lv/electronics/computers/completing-pc/video/bkmnlc.html
2026-04-11 21:38:20 | INFO     | ss_crawler | [scraper] [scraper] ⏭️ UNCHANGED: Processed: unchanged
2026-04-11 21:38:20 | INFO     | ss_crawler | [crawler] [crawler] Fetching listing 9/30: https://www.ss.com/msg/lv/electronics/computers/completing-pc/video/lpbhi.html
2026-04-11 21:38:23 | INFO     | ss_crawler | [scraper] [scraper] ⏭️ UNCHANGED: Processed: unchanged
2026-04-11 21:38:23 | INFO     | ss_crawler | [crawler] [crawler] Fetching listing 10/30: https://www.ss.com/msg/lv/electronics/computers/completing-pc/video/fjdox.html
2026-04-11 21:38:25 | INFO     | ss_crawler | [scraper] [scraper] ⏭️ UNCHANGED: Processed: unchanged
2026-04-11 21:38:25 | INFO     | ss_crawler | [crawler] [crawler] Fetching listing 11/30: https://www.ss.com/msg/lv/electronics/computers/completing-pc/video/bkxjdg.html
2026-04-11 21:38:27 | INFO     | ss_crawler | [scraper] [scraper] ⏭️ UNCHANGED: Processed: unchanged
2026-04-11 21:38:27 | INFO     | ss_crawler | [crawler] [crawler] Fetching listing 12/30: https://www.ss.com/msg/lv/electronics/computers/completing-pc/video/bolpdx.html
2026-04-11 21:38:29 | INFO     | ss_crawler | [scraper] [scraper] ❓ UNMATCHED: No GPU match found
2026-04-11 21:38:29 | INFO     | ss_crawler | [crawler] [crawler] Fetching listing 13/30: https://www.ss.com/msg/lv/electronics/computers/completing-pc/video/blgiel.html
2026-04-11 21:38:33 | INFO     | ss_crawler | [scraper] [scraper] ⏭️ UNCHANGED: Processed: unchanged
2026-04-11 21:38:33 | INFO     | ss_crawler | [crawler] [crawler] Fetching listing 14/30: https://www.ss.com/msg/lv/electronics/computers/completing-pc/video/ebcgn.html
2026-04-11 21:38:35 | INFO     | ss_crawler | [scraper] [scraper] ⚠️ LOW_CONFIDENCE: Match confidence 0.42 below threshold
2026-04-11 21:38:35 | INFO     | ss_crawler | [crawler] [crawler] Fetching listing 15/30: https://www.ss.com/msg/lv/electronics/computers/completing-pc/video/pbgln.html
2026-04-11 21:38:39 | INFO     | ss_crawler | [scraper] [scraper] ⏭️ UNCHANGED: Processed: unchanged
2026-04-11 21:38:39 | INFO     | ss_crawler | [crawler] [crawler] Fetching listing 16/30: https://www.ss.com/msg/lv/electronics/computers/completing-pc/video/ppmhc.html
2026-04-11 21:38:42 | INFO     | ss_crawler | [scraper] [scraper] ⏭️ UNCHANGED: Processed: unchanged
2026-04-11 21:38:42 | INFO     | ss_crawler | [crawler] [crawler] Fetching listing 17/30: https://www.ss.com/msg/lv/electronics/computers/completing-pc/video/nhefi.html
2026-04-11 21:38:44 | INFO     | ss_crawler | [scraper] [scraper] ⚠️ LOW_CONFIDENCE: Match confidence 0.55 below threshold
2026-04-11 21:38:44 | INFO     | ss_crawler | [crawler] [crawler] Fetching listing 18/30: https://www.ss.com/msg/lv/electronics/computers/completing-pc/video/bkfomx.html
2026-04-11 21:38:47 | INFO     | ss_crawler | [scraper] [scraper] ⏭️ UNCHANGED: Processed: unchanged
2026-04-11 21:38:47 | INFO     | ss_crawler | [crawler] [crawler] Fetching listing 19/30: https://www.ss.com/msg/lv/electronics/computers/completing-pc/video/lpjic.html
2026-04-11 21:38:50 | INFO     | ss_crawler | [scraper] [scraper] ⏭️ UNCHANGED: Processed: unchanged
2026-04-11 21:38:50 | INFO     | ss_crawler | [crawler] [crawler] Fetching listing 20/30: https://www.ss.com/msg/lv/electronics/computers/completing-pc/video/epexo.html
2026-04-11 21:38:54 | INFO     | ss_crawler | [scraper] [scraper] ⏭️ UNCHANGED: Processed: unchanged
2026-04-11 21:38:54 | INFO     | ss_crawler | [crawler] [crawler] Fetching listing 21/30: https://www.ss.com/msg/lv/electronics/computers/completing-pc/video/bihlfm.html
2026-04-11 21:38:56 | INFO     | ss_crawler | [scraper] [scraper] ⏭️ UNCHANGED: Processed: unchanged
2026-04-11 21:38:56 | INFO     | ss_crawler | [crawler] [crawler] Fetching listing 22/30: https://www.ss.com/msg/lv/electronics/computers/completing-pc/video/blbeol.html
2026-04-11 21:38:57 | INFO     | ss_crawler | [scraper] [scraper] ⏭️ UNCHANGED: Processed: unchanged
2026-04-11 21:38:57 | INFO     | ss_crawler | [crawler] [crawler] Fetching listing 23/30: https://www.ss.com/msg/lv/electronics/computers/completing-pc/video/bkhdnd.html
2026-04-11 21:39:00 | INFO     | ss_crawler | [scraper] [scraper] ⏭️ UNCHANGED: Processed: unchanged
2026-04-11 21:39:00 | INFO     | ss_crawler | [crawler] [crawler] Fetching listing 24/30: https://www.ss.com/msg/lv/electronics/computers/completing-pc/video/fenki.html
2026-04-11 21:39:03 | INFO     | ss_crawler | [scraper] [scraper] ⏭️ UNCHANGED: Processed: unchanged
2026-04-11 21:39:03 | INFO     | ss_crawler | [crawler] [crawler] Fetching listing 25/30: https://www.ss.com/msg/lv/electronics/computers/completing-pc/video/lnkjl.html
2026-04-11 21:39:05 | INFO     | ss_crawler | [scraper] [scraper] ⏭️ UNCHANGED: Processed: unchanged
2026-04-11 21:39:05 | INFO     | ss_crawler | [crawler] [crawler] Fetching listing 26/30: https://www.ss.com/msg/lv/electronics/computers/completing-pc/video/adggp.html
2026-04-11 21:39:07 | INFO     | ss_crawler | [scraper] [scraper] ⏭️ UNCHANGED: Processed: unchanged
2026-04-11 21:39:07 | INFO     | ss_crawler | [crawler] [crawler] Fetching listing 27/30: https://www.ss.com/msg/lv/electronics/computers/completing-pc/video/ndokf.html
2026-04-11 21:39:10 | INFO     | ss_crawler | [scraper] [scraper] ⏭️ UNCHANGED: Processed: unchanged
2026-04-11 21:39:10 | INFO     | ss_crawler | [crawler] [crawler] Fetching listing 28/30: https://www.ss.com/msg/lv/electronics/computers/completing-pc/video/bkejlk.html
2026-04-11 21:39:12 | INFO     | ss_crawler | [scraper] [scraper] ⏭️ UNCHANGED: Processed: unchanged
2026-04-11 21:39:12 | INFO     | ss_crawler | [crawler] [crawler] Fetching listing 29/30: https://www.ss.com/msg/lv/electronics/computers/completing-pc/video/fcjgn.html
2026-04-11 21:39:14 | INFO     | ss_crawler | [scraper] [scraper] ⏭️ UNCHANGED: Processed: unchanged
2026-04-11 21:39:14 | INFO     | ss_crawler | [crawler] [crawler] Fetching listing 30/30: https://www.ss.com/msg/lv/electronics/computers/completing-pc/video/biohcc.html
2026-04-11 21:39:17 | INFO     | ss_crawler | [scraper] [scraper] ⏭️ UNCHANGED: Processed: unchanged
2026-04-11 21:39:17 | INFO     | ss_crawler | [scraper] [scraper] 📄 Fetching category: https://www.ss.com/lv/electronics/computers/completing-pc/video/page13.html
2026-04-11 21:39:17 | INFO     | ss_crawler | [crawler] [crawler] Fetching category page: https://www.ss.com/lv/electronics/computers/completing-pc/video/page13.html
2026-04-11 21:39:19 | INFO     | ss_crawler | [parser] [parser] Found 30 listings on page
2026-04-11 21:39:19 | INFO     | ss_crawler | [scraper] [scraper] 🔍 Found 30 listings to process
2026-04-11 21:39:19 | INFO     | ss_crawler | [crawler] [crawler] Fetching listing 1/30: https://www.ss.com/msg/lv/electronics/computers/completing-pc/video/bjcdjm.html
2026-04-11 21:39:22 | INFO     | ss_crawler | [scraper] [scraper] ⏭️ UNCHANGED: Processed: unchanged
2026-04-11 21:39:22 | INFO     | ss_crawler | [crawler] [crawler] Fetching listing 2/30: https://www.ss.com/msg/lv/electronics/computers/completing-pc/video/bkmenc.html
2026-04-11 21:39:24 | INFO     | ss_crawler | [scraper] [scraper] ⏭️ UNCHANGED: Processed: unchanged
2026-04-11 21:39:24 | INFO     | ss_crawler | [crawler] [crawler] Fetching listing 3/30: https://www.ss.com/msg/lv/electronics/computers/completing-pc/video/fkmij.html
2026-04-11 21:39:28 | INFO     | ss_crawler | [scraper] [scraper] ⏭️ UNCHANGED: Processed: unchanged
2026-04-11 21:39:28 | INFO     | ss_crawler | [crawler] [crawler] Fetching listing 4/30: https://www.ss.com/msg/lv/electronics/computers/completing-pc/video/fdjpc.html
2026-04-11 21:39:31 | INFO     | ss_crawler | [scraper] [scraper] ⏭️ UNCHANGED: Processed: unchanged
2026-04-11 21:39:31 | INFO     | ss_crawler | [crawler] [crawler] Fetching listing 5/30: https://www.ss.com/msg/lv/electronics/computers/completing-pc/video/cckmo.html
2026-04-11 21:39:34 | INFO     | ss_crawler | [scraper] [scraper] ⏭️ UNCHANGED: Processed: unchanged
2026-04-11 21:39:34 | INFO     | ss_crawler | [crawler] [crawler] Fetching listing 6/30: https://www.ss.com/msg/lv/electronics/computers/completing-pc/video/bopjpd.html
2026-04-11 21:39:36 | INFO     | ss_crawler | [scraper] [scraper] ⏭️ UNCHANGED: Processed: unchanged
2026-04-11 21:39:36 | INFO     | ss_crawler | [crawler] [crawler] Fetching listing 7/30: https://www.ss.com/msg/lv/electronics/computers/completing-pc/video/bikkbm.html
2026-04-11 21:39:38 | INFO     | ss_crawler | [scraper] [scraper] ⏭️ UNCHANGED: Processed: unchanged
2026-04-11 21:39:38 | INFO     | ss_crawler | [crawler] [crawler] Fetching listing 8/30: https://www.ss.com/msg/lv/electronics/computers/completing-pc/video/bkmnlc.html
2026-04-11 21:39:41 | INFO     | ss_crawler | [scraper] [scraper] ⏭️ UNCHANGED: Processed: unchanged
2026-04-11 21:39:41 | INFO     | ss_crawler | [crawler] [crawler] Fetching listing 9/30: https://www.ss.com/msg/lv/electronics/computers/completing-pc/video/lpbhi.html
2026-04-11 21:39:43 | INFO     | ss_crawler | [scraper] [scraper] ⏭️ UNCHANGED: Processed: unchanged
2026-04-11 21:39:43 | INFO     | ss_crawler | [crawler] [crawler] Fetching listing 10/30: https://www.ss.com/msg/lv/electronics/computers/completing-pc/video/fjdox.html
2026-04-11 21:39:46 | INFO     | ss_crawler | [scraper] [scraper] ⏭️ UNCHANGED: Processed: unchanged
2026-04-11 21:39:46 | INFO     | ss_crawler | [crawler] [crawler] Fetching listing 11/30: https://www.ss.com/msg/lv/electronics/computers/completing-pc/video/bkxjdg.html
2026-04-11 21:39:48 | INFO     | ss_crawler | [scraper] [scraper] ⏭️ UNCHANGED: Processed: unchanged
2026-04-11 21:39:48 | INFO     | ss_crawler | [crawler] [crawler] Fetching listing 12/30: https://www.ss.com/msg/lv/electronics/computers/completing-pc/video/bolpdx.html
2026-04-11 21:39:51 | INFO     | ss_crawler | [scraper] [scraper] ❓ UNMATCHED: No GPU match found
2026-04-11 21:39:51 | INFO     | ss_crawler | [crawler] [crawler] Fetching listing 13/30: https://www.ss.com/msg/lv/electronics/computers/completing-pc/video/blgiel.html
2026-04-11 21:39:54 | INFO     | ss_crawler | [scraper] [scraper] ⏭️ UNCHANGED: Processed: unchanged
2026-04-11 21:39:54 | INFO     | ss_crawler | [crawler] [crawler] Fetching listing 14/30: https://www.ss.com/msg/lv/electronics/computers/completing-pc/video/ebcgn.html
2026-04-11 21:39:58 | INFO     | ss_crawler | [scraper] [scraper] ⚠️ LOW_CONFIDENCE: Match confidence 0.42 below threshold
2026-04-11 21:39:58 | INFO     | ss_crawler | [crawler] [crawler] Fetching listing 15/30: https://www.ss.com/msg/lv/electronics/computers/completing-pc/video/pbgln.html
2026-04-11 21:40:01 | INFO     | ss_crawler | [scraper] [scraper] ⏭️ UNCHANGED: Processed: unchanged
2026-04-11 21:40:01 | INFO     | ss_crawler | [crawler] [crawler] Fetching listing 16/30: https://www.ss.com/msg/lv/electronics/computers/completing-pc/video/ppmhc.html
2026-04-11 21:40:03 | INFO     | ss_crawler | [scraper] [scraper] ⏭️ UNCHANGED: Processed: unchanged
2026-04-11 21:40:03 | INFO     | ss_crawler | [crawler] [crawler] Fetching listing 17/30: https://www.ss.com/msg/lv/electronics/computers/completing-pc/video/nhefi.html
2026-04-11 21:40:07 | INFO     | ss_crawler | [scraper] [scraper] ⚠️ LOW_CONFIDENCE: Match confidence 0.55 below threshold
2026-04-11 21:40:07 | INFO     | ss_crawler | [crawler] [crawler] Fetching listing 18/30: https://www.ss.com/msg/lv/electronics/computers/completing-pc/video/bkfomx.html
2026-04-11 21:40:08 | INFO     | ss_crawler | [scraper] [scraper] ⏭️ UNCHANGED: Processed: unchanged
2026-04-11 21:40:08 | INFO     | ss_crawler | [crawler] [crawler] Fetching listing 19/30: https://www.ss.com/msg/lv/electronics/computers/completing-pc/video/lpjic.html
2026-04-11 21:40:11 | INFO     | ss_crawler | [scraper] [scraper] ⏭️ UNCHANGED: Processed: unchanged
2026-04-11 21:40:11 | INFO     | ss_crawler | [crawler] [crawler] Fetching listing 20/30: https://www.ss.com/msg/lv/electronics/computers/completing-pc/video/epexo.html
2026-04-11 21:40:13 | INFO     | ss_crawler | [scraper] [scraper] ⏭️ UNCHANGED: Processed: unchanged
2026-04-11 21:40:13 | INFO     | ss_crawler | [crawler] [crawler] Fetching listing 21/30: https://www.ss.com/msg/lv/electronics/computers/completing-pc/video/bihlfm.html
2026-04-11 21:40:15 | INFO     | ss_crawler | [scraper] [scraper] ⏭️ UNCHANGED: Processed: unchanged
2026-04-11 21:40:15 | INFO     | ss_crawler | [crawler] [crawler] Fetching listing 22/30: https://www.ss.com/msg/lv/electronics/computers/completing-pc/video/blbeol.html
2026-04-11 21:40:17 | INFO     | ss_crawler | [scraper] [scraper] ⏭️ UNCHANGED: Processed: unchanged
2026-04-11 21:40:17 | INFO     | ss_crawler | [crawler] [crawler] Fetching listing 23/30: https://www.ss.com/msg/lv/electronics/computers/completing-pc/video/bkhdnd.html
2026-04-11 21:40:20 | INFO     | ss_crawler | [scraper] [scraper] ⏭️ UNCHANGED: Processed: unchanged
2026-04-11 21:40:20 | INFO     | ss_crawler | [crawler] [crawler] Fetching listing 24/30: https://www.ss.com/msg/lv/electronics/computers/completing-pc/video/fenki.html
2026-04-11 21:40:23 | INFO     | ss_crawler | [scraper] [scraper] ⏭️ UNCHANGED: Processed: unchanged
2026-04-11 21:40:23 | INFO     | ss_crawler | [crawler] [crawler] Fetching listing 25/30: https://www.ss.com/msg/lv/electronics/computers/completing-pc/video/lnkjl.html
2026-04-11 21:40:26 | INFO     | ss_crawler | [scraper] [scraper] ⏭️ UNCHANGED: Processed: unchanged
2026-04-11 21:40:26 | INFO     | ss_crawler | [crawler] [crawler] Fetching listing 26/30: https://www.ss.com/msg/lv/electronics/computers/completing-pc/video/adggp.html
2026-04-11 21:40:28 | INFO     | ss_crawler | [scraper] [scraper] ⏭️ UNCHANGED: Processed: unchanged
2026-04-11 21:40:28 | INFO     | ss_crawler | [crawler] [crawler] Fetching listing 27/30: https://www.ss.com/msg/lv/electronics/computers/completing-pc/video/ndokf.html
2026-04-11 21:40:30 | INFO     | ss_crawler | [scraper] [scraper] ⏭️ UNCHANGED: Processed: unchanged
2026-04-11 21:40:30 | INFO     | ss_crawler | [crawler] [crawler] Fetching listing 28/30: https://www.ss.com/msg/lv/electronics/computers/completing-pc/video/bkejlk.html
2026-04-11 21:40:33 | INFO     | ss_crawler | [scraper] [scraper] ⏭️ UNCHANGED: Processed: unchanged
2026-04-11 21:40:33 | INFO     | ss_crawler | [crawler] [crawler] Fetching listing 29/30: https://www.ss.com/msg/lv/electronics/computers/completing-pc/video/fcjgn.html
2026-04-11 21:40:35 | INFO     | ss_crawler | [scraper] [scraper] ⏭️ UNCHANGED: Processed: unchanged
2026-04-11 21:40:35 | INFO     | ss_crawler | [crawler] [crawler] Fetching listing 30/30: https://www.ss.com/msg/lv/electronics/computers/completing-pc/video/biohcc.html
2026-04-11 21:40:38 | INFO     | ss_crawler | [scraper] [scraper] ⏭️ UNCHANGED: Processed: unchanged
2026-04-11 21:40:38 | INFO     | ss_crawler | [scraper] [scraper] 📄 Fetching category: https://www.ss.com/lv/electronics/computers/completing-pc/video/page14.html
2026-04-11 21:40:38 | INFO     | ss_crawler | [crawler] [crawler] Fetching category page: https://www.ss.com/lv/electronics/computers/completing-pc/video/page14.html
2026-04-11 21:40:41 | INFO     | ss_crawler | [parser] [parser] Found 30 listings on page
2026-04-11 21:40:41 | INFO     | ss_crawler | [scraper] [scraper] 🔍 Found 30 listings to process
2026-04-11 21:40:41 | INFO     | ss_crawler | [crawler] [crawler] Fetching listing 1/30: https://www.ss.com/msg/lv/electronics/computers/completing-pc/video/bjcdjm.html
2026-04-11 21:40:43 | INFO     | ss_crawler | [scraper] [scraper] ⏭️ UNCHANGED: Processed: unchanged
2026-04-11 21:40:43 | INFO     | ss_crawler | [crawler] [crawler] Fetching listing 2/30: https://www.ss.com/msg/lv/electronics/computers/completing-pc/video/bkmenc.html
2026-04-11 21:40:45 | INFO     | ss_crawler | [scraper] [scraper] ⏭️ UNCHANGED: Processed: unchanged
2026-04-11 21:40:45 | INFO     | ss_crawler | [crawler] [crawler] Fetching listing 3/30: https://www.ss.com/msg/lv/electronics/computers/completing-pc/video/fkmij.html
2026-04-11 21:40:47 | INFO     | ss_crawler | [scraper] [scraper] ⏭️ UNCHANGED: Processed: unchanged
2026-04-11 21:40:47 | INFO     | ss_crawler | [crawler] [crawler] Fetching listing 4/30: https://www.ss.com/msg/lv/electronics/computers/completing-pc/video/fdjpc.html
2026-04-11 21:40:49 | INFO     | ss_crawler | [scraper] [scraper] ⏭️ UNCHANGED: Processed: unchanged
2026-04-11 21:40:49 | INFO     | ss_crawler | [crawler] [crawler] Fetching listing 5/30: https://www.ss.com/msg/lv/electronics/computers/completing-pc/video/cckmo.html
2026-04-11 21:40:52 | INFO     | ss_crawler | [scraper] [scraper] ⏭️ UNCHANGED: Processed: unchanged
2026-04-11 21:40:52 | INFO     | ss_crawler | [crawler] [crawler] Fetching listing 6/30: https://www.ss.com/msg/lv/electronics/computers/completing-pc/video/bopjpd.html
2026-04-11 21:40:54 | INFO     | ss_crawler | [scraper] [scraper] ⏭️ UNCHANGED: Processed: unchanged
2026-04-11 21:40:54 | INFO     | ss_crawler | [crawler] [crawler] Fetching listing 7/30: https://www.ss.com/msg/lv/electronics/computers/completing-pc/video/bikkbm.html
2026-04-11 21:40:57 | INFO     | ss_crawler | [scraper] [scraper] ⏭️ UNCHANGED: Processed: unchanged
2026-04-11 21:40:57 | INFO     | ss_crawler | [crawler] [crawler] Fetching listing 8/30: https://www.ss.com/msg/lv/electronics/computers/completing-pc/video/bkmnlc.html
2026-04-11 21:41:00 | INFO     | ss_crawler | [scraper] [scraper] ⏭️ UNCHANGED: Processed: unchanged
2026-04-11 21:41:00 | INFO     | ss_crawler | [crawler] [crawler] Fetching listing 9/30: https://www.ss.com/msg/lv/electronics/computers/completing-pc/video/lpbhi.html
2026-04-11 21:41:02 | INFO     | ss_crawler | [scraper] [scraper] ⏭️ UNCHANGED: Processed: unchanged
2026-04-11 21:41:02 | INFO     | ss_crawler | [crawler] [crawler] Fetching listing 10/30: https://www.ss.com/msg/lv/electronics/computers/completing-pc/video/fjdox.html
2026-04-11 21:41:05 | INFO     | ss_crawler | [scraper] [scraper] ⏭️ UNCHANGED: Processed: unchanged
2026-04-11 21:41:05 | INFO     | ss_crawler | [crawler] [crawler] Fetching listing 11/30: https://www.ss.com/msg/lv/electronics/computers/completing-pc/video/bkxjdg.html
2026-04-11 21:41:07 | INFO     | ss_crawler | [scraper] [scraper] ⏭️ UNCHANGED: Processed: unchanged
2026-04-11 21:41:07 | INFO     | ss_crawler | [crawler] [crawler] Fetching listing 12/30: https://www.ss.com/msg/lv/electronics/computers/completing-pc/video/bolpdx.html
2026-04-11 21:41:10 | INFO     | ss_crawler | [scraper] [scraper] ❓ UNMATCHED: No GPU match found
2026-04-11 21:41:10 | INFO     | ss_crawler | [crawler] [crawler] Fetching listing 13/30: https://www.ss.com/msg/lv/electronics/computers/completing-pc/video/blgiel.html
2026-04-11 21:41:14 | INFO     | ss_crawler | [scraper] [scraper] ⏭️ UNCHANGED: Processed: unchanged
2026-04-11 21:41:14 | INFO     | ss_crawler | [crawler] [crawler] Fetching listing 14/30: https://www.ss.com/msg/lv/electronics/computers/completing-pc/video/ebcgn.html
2026-04-11 21:41:16 | INFO     | ss_crawler | [scraper] [scraper] ⚠️ LOW_CONFIDENCE: Match confidence 0.42 below threshold
2026-04-11 21:41:16 | INFO     | ss_crawler | [crawler] [crawler] Fetching listing 15/30: https://www.ss.com/msg/lv/electronics/computers/completing-pc/video/pbgln.html
2026-04-11 21:41:19 | INFO     | ss_crawler | [scraper] [scraper] ⏭️ UNCHANGED: Processed: unchanged
2026-04-11 21:41:19 | INFO     | ss_crawler | [crawler] [crawler] Fetching listing 16/30: https://www.ss.com/msg/lv/electronics/computers/completing-pc/video/ppmhc.html
2026-04-11 21:41:21 | INFO     | ss_crawler | [scraper] [scraper] ⏭️ UNCHANGED: Processed: unchanged
2026-04-11 21:41:21 | INFO     | ss_crawler | [crawler] [crawler] Fetching listing 17/30: https://www.ss.com/msg/lv/electronics/computers/completing-pc/video/nhefi.html
2026-04-11 21:41:24 | INFO     | ss_crawler | [scraper] [scraper] ⚠️ LOW_CONFIDENCE: Match confidence 0.55 below threshold
2026-04-11 21:41:24 | INFO     | ss_crawler | [crawler] [crawler] Fetching listing 18/30: https://www.ss.com/msg/lv/electronics/computers/completing-pc/video/bkfomx.html
2026-04-11 21:41:27 | INFO     | ss_crawler | [scraper] [scraper] ⏭️ UNCHANGED: Processed: unchanged
2026-04-11 21:41:27 | INFO     | ss_crawler | [crawler] [crawler] Fetching listing 19/30: https://www.ss.com/msg/lv/electronics/computers/completing-pc/video/lpjic.html
2026-04-11 21:41:29 | INFO     | ss_crawler | [scraper] [scraper] ⏭️ UNCHANGED: Processed: unchanged
2026-04-11 21:41:29 | INFO     | ss_crawler | [crawler] [crawler] Fetching listing 20/30: https://www.ss.com/msg/lv/electronics/computers/completing-pc/video/epexo.html
2026-04-11 21:41:32 | INFO     | ss_crawler | [scraper] [scraper] ⏭️ UNCHANGED: Processed: unchanged
2026-04-11 21:41:32 | INFO     | ss_crawler | [crawler] [crawler] Fetching listing 21/30: https://www.ss.com/msg/lv/electronics/computers/completing-pc/video/bihlfm.html
2026-04-11 21:41:34 | INFO     | ss_crawler | [scraper] [scraper] ⏭️ UNCHANGED: Processed: unchanged
2026-04-11 21:41:34 | INFO     | ss_crawler | [crawler] [crawler] Fetching listing 22/30: https://www.ss.com/msg/lv/electronics/computers/completing-pc/video/blbeol.html
2026-04-11 21:41:37 | INFO     | ss_crawler | [scraper] [scraper] ⏭️ UNCHANGED: Processed: unchanged
2026-04-11 21:41:37 | INFO     | ss_crawler | [crawler] [crawler] Fetching listing 23/30: https://www.ss.com/msg/lv/electronics/computers/completing-pc/video/bkhdnd.html
2026-04-11 21:41:40 | INFO     | ss_crawler | [scraper] [scraper] ⏭️ UNCHANGED: Processed: unchanged
2026-04-11 21:41:40 | INFO     | ss_crawler | [crawler] [crawler] Fetching listing 24/30: https://www.ss.com/msg/lv/electronics/computers/completing-pc/video/fenki.html
2026-04-11 21:41:42 | INFO     | ss_crawler | [scraper] [scraper] ⏭️ UNCHANGED: Processed: unchanged
2026-04-11 21:41:42 | INFO     | ss_crawler | [crawler] [crawler] Fetching listing 25/30: https://www.ss.com/msg/lv/electronics/computers/completing-pc/video/lnkjl.html
2026-04-11 21:41:44 | INFO     | ss_crawler | [scraper] [scraper] ⏭️ UNCHANGED: Processed: unchanged
2026-04-11 21:41:44 | INFO     | ss_crawler | [crawler] [crawler] Fetching listing 26/30: https://www.ss.com/msg/lv/electronics/computers/completing-pc/video/adggp.html
2026-04-11 21:41:47 | INFO     | ss_crawler | [scraper] [scraper] ⏭️ UNCHANGED: Processed: unchanged
2026-04-11 21:41:47 | INFO     | ss_crawler | [crawler] [crawler] Fetching listing 27/30: https://www.ss.com/msg/lv/electronics/computers/completing-pc/video/ndokf.html
2026-04-11 21:41:50 | INFO     | ss_crawler | [scraper] [scraper] ⏭️ UNCHANGED: Processed: unchanged
2026-04-11 21:41:50 | INFO     | ss_crawler | [crawler] [crawler] Fetching listing 28/30: https://www.ss.com/msg/lv/electronics/computers/completing-pc/video/bkejlk.html
2026-04-11 21:41:53 | INFO     | ss_crawler | [scraper] [scraper] ⏭️ UNCHANGED: Processed: unchanged
2026-04-11 21:41:53 | INFO     | ss_crawler | [crawler] [crawler] Fetching listing 29/30: https://www.ss.com/msg/lv/electronics/computers/completing-pc/video/fcjgn.html
2026-04-11 21:41:56 | INFO     | ss_crawler | [scraper] [scraper] ⏭️ UNCHANGED: Processed: unchanged
2026-04-11 21:41:56 | INFO     | ss_crawler | [crawler] [crawler] Fetching listing 30/30: https://www.ss.com/msg/lv/electronics/computers/completing-pc/video/biohcc.html
2026-04-11 21:41:59 | INFO     | ss_crawler | [scraper] [scraper] ⏭️ UNCHANGED: Processed: unchanged
2026-04-11 21:41:59 | INFO     | ss_crawler | [scraper] [scraper] 📄 Fetching category: https://www.ss.com/lv/electronics/computers/completing-pc/video/page15.html
2026-04-11 21:41:59 | INFO     | ss_crawler | [crawler] [crawler] Fetching category page: https://www.ss.com/lv/electronics/computers/completing-pc/video/page15.html
2026-04-11 21:42:01 | INFO     | ss_crawler | [parser] [parser] Found 30 listings on page
2026-04-11 21:42:01 | INFO     | ss_crawler | [scraper] [scraper] 🔍 Found 30 listings to process
2026-04-11 21:42:01 | INFO     | ss_crawler | [crawler] [crawler] Fetching listing 1/30: https://www.ss.com/msg/lv/electronics/computers/completing-pc/video/bjcdjm.html
2026-04-11 21:42:04 | INFO     | ss_crawler | [scraper] [scraper] ⏭️ UNCHANGED: Processed: unchanged
2026-04-11 21:42:04 | INFO     | ss_crawler | [crawler] [crawler] Fetching listing 2/30: https://www.ss.com/msg/lv/electronics/computers/completing-pc/video/bkmenc.html
2026-04-11 21:42:06 | INFO     | ss_crawler | [scraper] [scraper] ⏭️ UNCHANGED: Processed: unchanged
2026-04-11 21:42:06 | INFO     | ss_crawler | [crawler] [crawler] Fetching listing 3/30: https://www.ss.com/msg/lv/electronics/computers/completing-pc/video/fkmij.html
2026-04-11 21:42:08 | INFO     | ss_crawler | [scraper] [scraper] ⏭️ UNCHANGED: Processed: unchanged
2026-04-11 21:42:08 | INFO     | ss_crawler | [crawler] [crawler] Fetching listing 4/30: https://www.ss.com/msg/lv/electronics/computers/completing-pc/video/fdjpc.html
2026-04-11 21:42:10 | INFO     | ss_crawler | [scraper] [scraper] ⏭️ UNCHANGED: Processed: unchanged
2026-04-11 21:42:10 | INFO     | ss_crawler | [crawler] [crawler] Fetching listing 5/30: https://www.ss.com/msg/lv/electronics/computers/completing-pc/video/cckmo.html
2026-04-11 21:42:12 | INFO     | ss_crawler | [scraper] [scraper] ⏭️ UNCHANGED: Processed: unchanged
2026-04-11 21:42:12 | INFO     | ss_crawler | [crawler] [crawler] Fetching listing 6/30: https://www.ss.com/msg/lv/electronics/computers/completing-pc/video/bopjpd.html
2026-04-11 21:42:15 | INFO     | ss_crawler | [scraper] [scraper] ⏭️ UNCHANGED: Processed: unchanged
2026-04-11 21:42:15 | INFO     | ss_crawler | [crawler] [crawler] Fetching listing 7/30: https://www.ss.com/msg/lv/electronics/computers/completing-pc/video/bikkbm.html
2026-04-11 21:42:17 | INFO     | ss_crawler | [scraper] [scraper] ⏭️ UNCHANGED: Processed: unchanged
2026-04-11 21:42:17 | INFO     | ss_crawler | [crawler] [crawler] Fetching listing 8/30: https://www.ss.com/msg/lv/electronics/computers/completing-pc/video/bkmnlc.html
2026-04-11 21:42:18 | INFO     | ss_crawler | [scraper] [scraper] ⏭️ UNCHANGED: Processed: unchanged
2026-04-11 21:42:18 | INFO     | ss_crawler | [crawler] [crawler] Fetching listing 9/30: https://www.ss.com/msg/lv/electronics/computers/completing-pc/video/lpbhi.html
2026-04-11 21:42:22 | INFO     | ss_crawler | [scraper] [scraper] ⏭️ UNCHANGED: Processed: unchanged
2026-04-11 21:42:22 | INFO     | ss_crawler | [crawler] [crawler] Fetching listing 10/30: https://www.ss.com/msg/lv/electronics/computers/completing-pc/video/fjdox.html
2026-04-11 21:42:25 | INFO     | ss_crawler | [scraper] [scraper] ⏭️ UNCHANGED: Processed: unchanged
2026-04-11 21:42:25 | INFO     | ss_crawler | [crawler] [crawler] Fetching listing 11/30: https://www.ss.com/msg/lv/electronics/computers/completing-pc/video/bkxjdg.html
2026-04-11 21:42:26 | INFO     | ss_crawler | [scraper] [scraper] ⏭️ UNCHANGED: Processed: unchanged
2026-04-11 21:42:26 | INFO     | ss_crawler | [crawler] [crawler] Fetching listing 12/30: https://www.ss.com/msg/lv/electronics/computers/completing-pc/video/bolpdx.html
2026-04-11 21:42:29 | INFO     | ss_crawler | [scraper] [scraper] ❓ UNMATCHED: No GPU match found
2026-04-11 21:42:29 | INFO     | ss_crawler | [crawler] [crawler] Fetching listing 13/30: https://www.ss.com/msg/lv/electronics/computers/completing-pc/video/blgiel.html
2026-04-11 21:42:32 | INFO     | ss_crawler | [scraper] [scraper] ⏭️ UNCHANGED: Processed: unchanged
2026-04-11 21:42:32 | INFO     | ss_crawler | [crawler] [crawler] Fetching listing 14/30: https://www.ss.com/msg/lv/electronics/computers/completing-pc/video/ebcgn.html
2026-04-11 21:42:34 | INFO     | ss_crawler | [scraper] [scraper] ⚠️ LOW_CONFIDENCE: Match confidence 0.42 below threshold
2026-04-11 21:42:34 | INFO     | ss_crawler | [crawler] [crawler] Fetching listing 15/30: https://www.ss.com/msg/lv/electronics/computers/completing-pc/video/pbgln.html
2026-04-11 21:42:36 | INFO     | ss_crawler | [scraper] [scraper] ⏭️ UNCHANGED: Processed: unchanged
2026-04-11 21:42:36 | INFO     | ss_crawler | [crawler] [crawler] Fetching listing 16/30: https://www.ss.com/msg/lv/electronics/computers/completing-pc/video/ppmhc.html
2026-04-11 21:42:40 | INFO     | ss_crawler | [scraper] [scraper] ⏭️ UNCHANGED: Processed: unchanged
2026-04-11 21:42:40 | INFO     | ss_crawler | [crawler] [crawler] Fetching listing 17/30: https://www.ss.com/msg/lv/electronics/computers/completing-pc/video/nhefi.html
2026-04-11 21:42:43 | INFO     | ss_crawler | [scraper] [scraper] ⚠️ LOW_CONFIDENCE: Match confidence 0.55 below threshold
2026-04-11 21:42:43 | INFO     | ss_crawler | [crawler] [crawler] Fetching listing 18/30: https://www.ss.com/msg/lv/electronics/computers/completing-pc/video/bkfomx.html
2026-04-11 21:42:45 | INFO     | ss_crawler | [scraper] [scraper] ⏭️ UNCHANGED: Processed: unchanged
2026-04-11 21:42:45 | INFO     | ss_crawler | [crawler] [crawler] Fetching listing 19/30: https://www.ss.com/msg/lv/electronics/computers/completing-pc/video/lpjic.html
2026-04-11 21:42:47 | INFO     | ss_crawler | [scraper] [scraper] ⏭️ UNCHANGED: Processed: unchanged
2026-04-11 21:42:47 | INFO     | ss_crawler | [crawler] [crawler] Fetching listing 20/30: https://www.ss.com/msg/lv/electronics/computers/completing-pc/video/epexo.html
2026-04-11 21:42:49 | INFO     | ss_crawler | [scraper] [scraper] ⏭️ UNCHANGED: Processed: unchanged
2026-04-11 21:42:49 | INFO     | ss_crawler | [crawler] [crawler] Fetching listing 21/30: https://www.ss.com/msg/lv/electronics/computers/completing-pc/video/bihlfm.html
2026-04-11 21:42:52 | INFO     | ss_crawler | [scraper] [scraper] ⏭️ UNCHANGED: Processed: unchanged
2026-04-11 21:42:52 | INFO     | ss_crawler | [crawler] [crawler] Fetching listing 22/30: https://www.ss.com/msg/lv/electronics/computers/completing-pc/video/blbeol.html
2026-04-11 21:42:54 | INFO     | ss_crawler | [scraper] [scraper] ⏭️ UNCHANGED: Processed: unchanged
2026-04-11 21:42:54 | INFO     | ss_crawler | [crawler] [crawler] Fetching listing 23/30: https://www.ss.com/msg/lv/electronics/computers/completing-pc/video/bkhdnd.html
2026-04-11 21:42:56 | INFO     | ss_crawler | [scraper] [scraper] ⏭️ UNCHANGED: Processed: unchanged
2026-04-11 21:42:56 | INFO     | ss_crawler | [crawler] [crawler] Fetching listing 24/30: https://www.ss.com/msg/lv/electronics/computers/completing-pc/video/fenki.html
2026-04-11 21:43:00 | INFO     | ss_crawler | [scraper] [scraper] ⏭️ UNCHANGED: Processed: unchanged
2026-04-11 21:43:00 | INFO     | ss_crawler | [crawler] [crawler] Fetching listing 25/30: https://www.ss.com/msg/lv/electronics/computers/completing-pc/video/lnkjl.html
2026-04-11 21:43:03 | INFO     | ss_crawler | [scraper] [scraper] ⏭️ UNCHANGED: Processed: unchanged
2026-04-11 21:43:03 | INFO     | ss_crawler | [crawler] [crawler] Fetching listing 26/30: https://www.ss.com/msg/lv/electronics/computers/completing-pc/video/adggp.html
2026-04-11 21:43:06 | INFO     | ss_crawler | [scraper] [scraper] ⏭️ UNCHANGED: Processed: unchanged
2026-04-11 21:43:06 | INFO     | ss_crawler | [crawler] [crawler] Fetching listing 27/30: https://www.ss.com/msg/lv/electronics/computers/completing-pc/video/ndokf.html
2026-04-11 21:43:08 | INFO     | ss_crawler | [scraper] [scraper] ⏭️ UNCHANGED: Processed: unchanged
2026-04-11 21:43:08 | INFO     | ss_crawler | [crawler] [crawler] Fetching listing 28/30: https://www.ss.com/msg/lv/electronics/computers/completing-pc/video/bkejlk.html
2026-04-11 21:43:12 | INFO     | ss_crawler | [scraper] [scraper] ⏭️ UNCHANGED: Processed: unchanged
2026-04-11 21:43:12 | INFO     | ss_crawler | [crawler] [crawler] Fetching listing 29/30: https://www.ss.com/msg/lv/electronics/computers/completing-pc/video/fcjgn.html
2026-04-11 21:43:14 | INFO     | ss_crawler | [scraper] [scraper] ⏭️ UNCHANGED: Processed: unchanged
2026-04-11 21:43:14 | INFO     | ss_crawler | [crawler] [crawler] Fetching listing 30/30: https://www.ss.com/msg/lv/electronics/computers/completing-pc/video/biohcc.html
2026-04-11 21:43:15 | INFO     | ss_crawler | [scraper] [scraper] ⏭️ UNCHANGED: Processed: unchanged
2026-04-11 21:43:15 | INFO     | ss_crawler | [scraper] [scraper] 📄 Fetching category: https://www.ss.com/lv/electronics/computers/completing-pc/video/page16.html
2026-04-11 21:43:15 | INFO     | ss_crawler | [crawler] [crawler] Fetching category page: https://www.ss.com/lv/electronics/computers/completing-pc/video/page16.html
2026-04-11 21:43:19 | INFO     | ss_crawler | [parser] [parser] Found 30 listings on page
2026-04-11 21:43:19 | INFO     | ss_crawler | [scraper] [scraper] 🔍 Found 30 listings to process
2026-04-11 21:43:19 | INFO     | ss_crawler | [crawler] [crawler] Fetching listing 1/30: https://www.ss.com/msg/lv/electronics/computers/completing-pc/video/bjcdjm.html
2026-04-11 21:43:22 | INFO     | ss_crawler | [scraper] [scraper] ⏭️ UNCHANGED: Processed: unchanged
2026-04-11 21:43:22 | INFO     | ss_crawler | [crawler] [crawler] Fetching listing 2/30: https://www.ss.com/msg/lv/electronics/computers/completing-pc/video/bkmenc.html
2026-04-11 21:43:24 | INFO     | ss_crawler | [scraper] [scraper] ⏭️ UNCHANGED: Processed: unchanged
2026-04-11 21:43:24 | INFO     | ss_crawler | [crawler] [crawler] Fetching listing 3/30: https://www.ss.com/msg/lv/electronics/computers/completing-pc/video/fkmij.html
2026-04-11 21:43:26 | INFO     | ss_crawler | [scraper] [scraper] ⏭️ UNCHANGED: Processed: unchanged
2026-04-11 21:43:26 | INFO     | ss_crawler | [crawler] [crawler] Fetching listing 4/30: https://www.ss.com/msg/lv/electronics/computers/completing-pc/video/fdjpc.html
2026-04-11 21:43:29 | INFO     | ss_crawler | [scraper] [scraper] ⏭️ UNCHANGED: Processed: unchanged
2026-04-11 21:43:29 | INFO     | ss_crawler | [crawler] [crawler] Fetching listing 5/30: https://www.ss.com/msg/lv/electronics/computers/completing-pc/video/cckmo.html
2026-04-11 21:43:31 | INFO     | ss_crawler | [scraper] [scraper] ⏭️ UNCHANGED: Processed: unchanged
2026-04-11 21:43:31 | INFO     | ss_crawler | [crawler] [crawler] Fetching listing 6/30: https://www.ss.com/msg/lv/electronics/computers/completing-pc/video/bopjpd.html
2026-04-11 21:43:33 | INFO     | ss_crawler | [scraper] [scraper] ⏭️ UNCHANGED: Processed: unchanged
2026-04-11 21:43:33 | INFO     | ss_crawler | [crawler] [crawler] Fetching listing 7/30: https://www.ss.com/msg/lv/electronics/computers/completing-pc/video/bikkbm.html
2026-04-11 21:43:35 | INFO     | ss_crawler | [scraper] [scraper] ⏭️ UNCHANGED: Processed: unchanged
2026-04-11 21:43:35 | INFO     | ss_crawler | [crawler] [crawler] Fetching listing 8/30: https://www.ss.com/msg/lv/electronics/computers/completing-pc/video/bkmnlc.html
2026-04-11 21:43:38 | INFO     | ss_crawler | [scraper] [scraper] ⏭️ UNCHANGED: Processed: unchanged
2026-04-11 21:43:38 | INFO     | ss_crawler | [crawler] [crawler] Fetching listing 9/30: https://www.ss.com/msg/lv/electronics/computers/completing-pc/video/lpbhi.html
2026-04-11 21:43:40 | INFO     | ss_crawler | [scraper] [scraper] ⏭️ UNCHANGED: Processed: unchanged
2026-04-11 21:43:40 | INFO     | ss_crawler | [crawler] [crawler] Fetching listing 10/30: https://www.ss.com/msg/lv/electronics/computers/completing-pc/video/fjdox.html
2026-04-11 21:43:43 | INFO     | ss_crawler | [scraper] [scraper] ⏭️ UNCHANGED: Processed: unchanged
2026-04-11 21:43:43 | INFO     | ss_crawler | [crawler] [crawler] Fetching listing 11/30: https://www.ss.com/msg/lv/electronics/computers/completing-pc/video/bkxjdg.html
2026-04-11 21:43:46 | INFO     | ss_crawler | [scraper] [scraper] ⏭️ UNCHANGED: Processed: unchanged
2026-04-11 21:43:46 | INFO     | ss_crawler | [crawler] [crawler] Fetching listing 12/30: https://www.ss.com/msg/lv/electronics/computers/completing-pc/video/bolpdx.html
2026-04-11 21:43:49 | INFO     | ss_crawler | [scraper] [scraper] ❓ UNMATCHED: No GPU match found
2026-04-11 21:43:49 | INFO     | ss_crawler | [crawler] [crawler] Fetching listing 13/30: https://www.ss.com/msg/lv/electronics/computers/completing-pc/video/blgiel.html
2026-04-11 21:43:52 | INFO     | ss_crawler | [scraper] [scraper] ⏭️ UNCHANGED: Processed: unchanged
2026-04-11 21:43:52 | INFO     | ss_crawler | [crawler] [crawler] Fetching listing 14/30: https://www.ss.com/msg/lv/electronics/computers/completing-pc/video/ebcgn.html
2026-04-11 21:43:56 | INFO     | ss_crawler | [scraper] [scraper] ⚠️ LOW_CONFIDENCE: Match confidence 0.42 below threshold
2026-04-11 21:43:56 | INFO     | ss_crawler | [crawler] [crawler] Fetching listing 15/30: https://www.ss.com/msg/lv/electronics/computers/completing-pc/video/pbgln.html
2026-04-11 21:43:58 | INFO     | ss_crawler | [scraper] [scraper] ⏭️ UNCHANGED: Processed: unchanged
2026-04-11 21:43:58 | INFO     | ss_crawler | [crawler] [crawler] Fetching listing 16/30: https://www.ss.com/msg/lv/electronics/computers/completing-pc/video/ppmhc.html
2026-04-11 21:44:00 | INFO     | ss_crawler | [scraper] [scraper] ⏭️ UNCHANGED: Processed: unchanged
2026-04-11 21:44:00 | INFO     | ss_crawler | [crawler] [crawler] Fetching listing 17/30: https://www.ss.com/msg/lv/electronics/computers/completing-pc/video/nhefi.html
2026-04-11 21:44:02 | INFO     | ss_crawler | [scraper] [scraper] ⚠️ LOW_CONFIDENCE: Match confidence 0.55 below threshold
2026-04-11 21:44:02 | INFO     | ss_crawler | [crawler] [crawler] Fetching listing 18/30: https://www.ss.com/msg/lv/electronics/computers/completing-pc/video/bkfomx.html
2026-04-11 21:44:05 | INFO     | ss_crawler | [scraper] [scraper] ⏭️ UNCHANGED: Processed: unchanged
2026-04-11 21:44:05 | INFO     | ss_crawler | [crawler] [crawler] Fetching listing 19/30: https://www.ss.com/msg/lv/electronics/computers/completing-pc/video/lpjic.html
2026-04-11 21:44:08 | INFO     | ss_crawler | [scraper] [scraper] ⏭️ UNCHANGED: Processed: unchanged
2026-04-11 21:44:08 | INFO     | ss_crawler | [crawler] [crawler] Fetching listing 20/30: https://www.ss.com/msg/lv/electronics/computers/completing-pc/video/epexo.html
2026-04-11 21:44:11 | INFO     | ss_crawler | [scraper] [scraper] ⏭️ UNCHANGED: Processed: unchanged
2026-04-11 21:44:11 | INFO     | ss_crawler | [crawler] [crawler] Fetching listing 21/30: https://www.ss.com/msg/lv/electronics/computers/completing-pc/video/bihlfm.html
2026-04-11 21:44:15 | INFO     | ss_crawler | [scraper] [scraper] ⏭️ UNCHANGED: Processed: unchanged
2026-04-11 21:44:15 | INFO     | ss_crawler | [crawler] [crawler] Fetching listing 22/30: https://www.ss.com/msg/lv/electronics/computers/completing-pc/video/blbeol.html
2026-04-11 21:44:17 | INFO     | ss_crawler | [scraper] [scraper] ⏭️ UNCHANGED: Processed: unchanged
2026-04-11 21:44:17 | INFO     | ss_crawler | [crawler] [crawler] Fetching listing 23/30: https://www.ss.com/msg/lv/electronics/computers/completing-pc/video/bkhdnd.html
2026-04-11 21:44:20 | INFO     | ss_crawler | [scraper] [scraper] ⏭️ UNCHANGED: Processed: unchanged
2026-04-11 21:44:20 | INFO     | ss_crawler | [crawler] [crawler] Fetching listing 24/30: https://www.ss.com/msg/lv/electronics/computers/completing-pc/video/fenki.html
2026-04-11 21:44:24 | INFO     | ss_crawler | [scraper] [scraper] ⏭️ UNCHANGED: Processed: unchanged
2026-04-11 21:44:24 | INFO     | ss_crawler | [crawler] [crawler] Fetching listing 25/30: https://www.ss.com/msg/lv/electronics/computers/completing-pc/video/lnkjl.html
2026-04-11 21:44:27 | INFO     | ss_crawler | [scraper] [scraper] ⏭️ UNCHANGED: Processed: unchanged
2026-04-11 21:44:27 | INFO     | ss_crawler | [crawler] [crawler] Fetching listing 26/30: https://www.ss.com/msg/lv/electronics/computers/completing-pc/video/adggp.html
2026-04-11 21:44:30 | INFO     | ss_crawler | [scraper] [scraper] ⏭️ UNCHANGED: Processed: unchanged
2026-04-11 21:44:30 | INFO     | ss_crawler | [crawler] [crawler] Fetching listing 27/30: https://www.ss.com/msg/lv/electronics/computers/completing-pc/video/ndokf.html
2026-04-11 21:44:32 | INFO     | ss_crawler | [scraper] [scraper] ⏭️ UNCHANGED: Processed: unchanged
2026-04-11 21:44:32 | INFO     | ss_crawler | [crawler] [crawler] Fetching listing 28/30: https://www.ss.com/msg/lv/electronics/computers/completing-pc/video/bkejlk.html
2026-04-11 21:44:34 | INFO     | ss_crawler | [scraper] [scraper] ⏭️ UNCHANGED: Processed: unchanged
2026-04-11 21:44:34 | INFO     | ss_crawler | [crawler] [crawler] Fetching listing 29/30: https://www.ss.com/msg/lv/electronics/computers/completing-pc/video/fcjgn.html
2026-04-11 21:44:37 | INFO     | ss_crawler | [scraper] [scraper] ⏭️ UNCHANGED: Processed: unchanged
2026-04-11 21:44:37 | INFO     | ss_crawler | [crawler] [crawler] Fetching listing 30/30: https://www.ss.com/msg/lv/electronics/computers/completing-pc/video/biohcc.html
2026-04-11 21:44:39 | INFO     | ss_crawler | [scraper] [scraper] ⏭️ UNCHANGED: Processed: unchanged
2026-04-11 21:44:39 | INFO     | ss_crawler | [scraper] [scraper] 📄 Fetching category: https://www.ss.com/lv/electronics/computers/completing-pc/video/page17.html
2026-04-11 21:44:39 | INFO     | ss_crawler | [crawler] [crawler] Fetching category page: https://www.ss.com/lv/electronics/computers/completing-pc/video/page17.html
2026-04-11 21:44:43 | INFO     | ss_crawler | [parser] [parser] Found 30 listings on page
2026-04-11 21:44:43 | INFO     | ss_crawler | [scraper] [scraper] 🔍 Found 30 listings to process
2026-04-11 21:44:43 | INFO     | ss_crawler | [crawler] [crawler] Fetching listing 1/30: https://www.ss.com/msg/lv/electronics/computers/completing-pc/video/bjcdjm.html
2026-04-11 21:44:45 | INFO     | ss_crawler | [scraper] [scraper] ⏭️ UNCHANGED: Processed: unchanged
2026-04-11 21:44:45 | INFO     | ss_crawler | [crawler] [crawler] Fetching listing 2/30: https://www.ss.com/msg/lv/electronics/computers/completing-pc/video/bkmenc.html
2026-04-11 21:44:48 | INFO     | ss_crawler | [scraper] [scraper] ⏭️ UNCHANGED: Processed: unchanged
2026-04-11 21:44:48 | INFO     | ss_crawler | [crawler] [crawler] Fetching listing 3/30: https://www.ss.com/msg/lv/electronics/computers/completing-pc/video/fkmij.html
2026-04-11 21:44:50 | INFO     | ss_crawler | [scraper] [scraper] ⏭️ UNCHANGED: Processed: unchanged
2026-04-11 21:44:50 | INFO     | ss_crawler | [crawler] [crawler] Fetching listing 4/30: https://www.ss.com/msg/lv/electronics/computers/completing-pc/video/fdjpc.html
2026-04-11 21:44:52 | INFO     | ss_crawler | [scraper] [scraper] ⏭️ UNCHANGED: Processed: unchanged
2026-04-11 21:44:52 | INFO     | ss_crawler | [crawler] [crawler] Fetching listing 5/30: https://www.ss.com/msg/lv/electronics/computers/completing-pc/video/cckmo.html
2026-04-11 21:44:55 | INFO     | ss_crawler | [scraper] [scraper] ⏭️ UNCHANGED: Processed: unchanged
2026-04-11 21:44:55 | INFO     | ss_crawler | [crawler] [crawler] Fetching listing 6/30: https://www.ss.com/msg/lv/electronics/computers/completing-pc/video/bopjpd.html
2026-04-11 21:44:58 | INFO     | ss_crawler | [scraper] [scraper] ⏭️ UNCHANGED: Processed: unchanged
2026-04-11 21:44:58 | INFO     | ss_crawler | [crawler] [crawler] Fetching listing 7/30: https://www.ss.com/msg/lv/electronics/computers/completing-pc/video/bikkbm.html
2026-04-11 21:45:00 | INFO     | ss_crawler | [scraper] [scraper] ⏭️ UNCHANGED: Processed: unchanged
2026-04-11 21:45:00 | INFO     | ss_crawler | [crawler] [crawler] Fetching listing 8/30: https://www.ss.com/msg/lv/electronics/computers/completing-pc/video/bkmnlc.html
2026-04-11 21:45:03 | INFO     | ss_crawler | [scraper] [scraper] ⏭️ UNCHANGED: Processed: unchanged
2026-04-11 21:45:03 | INFO     | ss_crawler | [crawler] [crawler] Fetching listing 9/30: https://www.ss.com/msg/lv/electronics/computers/completing-pc/video/lpbhi.html
2026-04-11 21:45:06 | INFO     | ss_crawler | [scraper] [scraper] ⏭️ UNCHANGED: Processed: unchanged
2026-04-11 21:45:06 | INFO     | ss_crawler | [crawler] [crawler] Fetching listing 10/30: https://www.ss.com/msg/lv/electronics/computers/completing-pc/video/fjdox.html
2026-04-11 21:45:09 | INFO     | ss_crawler | [scraper] [scraper] ⏭️ UNCHANGED: Processed: unchanged
2026-04-11 21:45:09 | INFO     | ss_crawler | [crawler] [crawler] Fetching listing 11/30: https://www.ss.com/msg/lv/electronics/computers/completing-pc/video/bkxjdg.html
2026-04-11 21:45:12 | INFO     | ss_crawler | [scraper] [scraper] ⏭️ UNCHANGED: Processed: unchanged
2026-04-11 21:45:12 | INFO     | ss_crawler | [crawler] [crawler] Fetching listing 12/30: https://www.ss.com/msg/lv/electronics/computers/completing-pc/video/bolpdx.html
2026-04-11 21:45:15 | INFO     | ss_crawler | [scraper] [scraper] ❓ UNMATCHED: No GPU match found
2026-04-11 21:45:15 | INFO     | ss_crawler | [crawler] [crawler] Fetching listing 13/30: https://www.ss.com/msg/lv/electronics/computers/completing-pc/video/blgiel.html
2026-04-11 21:45:18 | INFO     | ss_crawler | [scraper] [scraper] ⏭️ UNCHANGED: Processed: unchanged
2026-04-11 21:45:18 | INFO     | ss_crawler | [crawler] [crawler] Fetching listing 14/30: https://www.ss.com/msg/lv/electronics/computers/completing-pc/video/ebcgn.html
2026-04-11 21:45:21 | INFO     | ss_crawler | [scraper] [scraper] ⚠️ LOW_CONFIDENCE: Match confidence 0.42 below threshold
2026-04-11 21:45:21 | INFO     | ss_crawler | [crawler] [crawler] Fetching listing 15/30: https://www.ss.com/msg/lv/electronics/computers/completing-pc/video/pbgln.html
2026-04-11 21:45:24 | INFO     | ss_crawler | [scraper] [scraper] ⏭️ UNCHANGED: Processed: unchanged
2026-04-11 21:45:24 | INFO     | ss_crawler | [crawler] [crawler] Fetching listing 16/30: https://www.ss.com/msg/lv/electronics/computers/completing-pc/video/ppmhc.html
2026-04-11 21:45:27 | INFO     | ss_crawler | [scraper] [scraper] ⏭️ UNCHANGED: Processed: unchanged
2026-04-11 21:45:27 | INFO     | ss_crawler | [crawler] [crawler] Fetching listing 17/30: https://www.ss.com/msg/lv/electronics/computers/completing-pc/video/nhefi.html
2026-04-11 21:45:29 | INFO     | ss_crawler | [scraper] [scraper] ⚠️ LOW_CONFIDENCE: Match confidence 0.55 below threshold
2026-04-11 21:45:29 | INFO     | ss_crawler | [crawler] [crawler] Fetching listing 18/30: https://www.ss.com/msg/lv/electronics/computers/completing-pc/video/bkfomx.html
2026-04-11 21:45:33 | INFO     | ss_crawler | [scraper] [scraper] ⏭️ UNCHANGED: Processed: unchanged
2026-04-11 21:45:33 | INFO     | ss_crawler | [crawler] [crawler] Fetching listing 19/30: https://www.ss.com/msg/lv/electronics/computers/completing-pc/video/lpjic.html
2026-04-11 21:45:35 | INFO     | ss_crawler | [scraper] [scraper] ⏭️ UNCHANGED: Processed: unchanged
2026-04-11 21:45:35 | INFO     | ss_crawler | [crawler] [crawler] Fetching listing 20/30: https://www.ss.com/msg/lv/electronics/computers/completing-pc/video/epexo.html
2026-04-11 21:45:37 | INFO     | ss_crawler | [scraper] [scraper] ⏭️ UNCHANGED: Processed: unchanged
2026-04-11 21:45:37 | INFO     | ss_crawler | [crawler] [crawler] Fetching listing 21/30: https://www.ss.com/msg/lv/electronics/computers/completing-pc/video/bihlfm.html
2026-04-11 21:45:39 | INFO     | ss_crawler | [scraper] [scraper] ⏭️ UNCHANGED: Processed: unchanged
2026-04-11 21:45:39 | INFO     | ss_crawler | [crawler] [crawler] Fetching listing 22/30: https://www.ss.com/msg/lv/electronics/computers/completing-pc/video/blbeol.html
2026-04-11 21:45:41 | INFO     | ss_crawler | [scraper] [scraper] ⏭️ UNCHANGED: Processed: unchanged
2026-04-11 21:45:41 | INFO     | ss_crawler | [crawler] [crawler] Fetching listing 23/30: https://www.ss.com/msg/lv/electronics/computers/completing-pc/video/bkhdnd.html
2026-04-11 21:45:44 | INFO     | ss_crawler | [scraper] [scraper] ⏭️ UNCHANGED: Processed: unchanged
2026-04-11 21:45:44 | INFO     | ss_crawler | [crawler] [crawler] Fetching listing 24/30: https://www.ss.com/msg/lv/electronics/computers/completing-pc/video/fenki.html
2026-04-11 21:45:46 | INFO     | ss_crawler | [scraper] [scraper] ⏭️ UNCHANGED: Processed: unchanged
2026-04-11 21:45:46 | INFO     | ss_crawler | [crawler] [crawler] Fetching listing 25/30: https://www.ss.com/msg/lv/electronics/computers/completing-pc/video/lnkjl.html
2026-04-11 21:45:48 | INFO     | ss_crawler | [scraper] [scraper] ⏭️ UNCHANGED: Processed: unchanged
2026-04-11 21:45:48 | INFO     | ss_crawler | [crawler] [crawler] Fetching listing 26/30: https://www.ss.com/msg/lv/electronics/computers/completing-pc/video/adggp.html
2026-04-11 21:45:51 | INFO     | ss_crawler | [scraper] [scraper] ⏭️ UNCHANGED: Processed: unchanged
2026-04-11 21:45:51 | INFO     | ss_crawler | [crawler] [crawler] Fetching listing 27/30: https://www.ss.com/msg/lv/electronics/computers/completing-pc/video/ndokf.html
2026-04-11 21:45:53 | INFO     | ss_crawler | [scraper] [scraper] ⏭️ UNCHANGED: Processed: unchanged
2026-04-11 21:45:53 | INFO     | ss_crawler | [crawler] [crawler] Fetching listing 28/30: https://www.ss.com/msg/lv/electronics/computers/completing-pc/video/bkejlk.html
2026-04-11 21:45:56 | INFO     | ss_crawler | [scraper] [scraper] ⏭️ UNCHANGED: Processed: unchanged
2026-04-11 21:45:56 | INFO     | ss_crawler | [crawler] [crawler] Fetching listing 29/30: https://www.ss.com/msg/lv/electronics/computers/completing-pc/video/fcjgn.html
2026-04-11 21:45:59 | INFO     | ss_crawler | [scraper] [scraper] ⏭️ UNCHANGED: Processed: unchanged
2026-04-11 21:45:59 | INFO     | ss_crawler | [crawler] [crawler] Fetching listing 30/30: https://www.ss.com/msg/lv/electronics/computers/completing-pc/video/biohcc.html
2026-04-11 21:46:02 | INFO     | ss_crawler | [scraper] [scraper] ⏭️ UNCHANGED: Processed: unchanged
2026-04-11 21:46:02 | INFO     | ss_crawler | [scraper] [scraper] 📄 Fetching category: https://www.ss.com/lv/electronics/computers/completing-pc/video/page18.html
2026-04-11 21:46:02 | INFO     | ss_crawler | [crawler] [crawler] Fetching category page: https://www.ss.com/lv/electronics/computers/completing-pc/video/page18.html
2026-04-11 21:46:05 | INFO     | ss_crawler | [parser] [parser] Found 30 listings on page
2026-04-11 21:46:05 | INFO     | ss_crawler | [scraper] [scraper] 🔍 Found 30 listings to process
2026-04-11 21:46:05 | INFO     | ss_crawler | [crawler] [crawler] Fetching listing 1/30: https://www.ss.com/msg/lv/electronics/computers/completing-pc/video/bjcdjm.html
2026-04-11 21:46:07 | INFO     | ss_crawler | [scraper] [scraper] ⏭️ UNCHANGED: Processed: unchanged
2026-04-11 21:46:07 | INFO     | ss_crawler | [crawler] [crawler] Fetching listing 2/30: https://www.ss.com/msg/lv/electronics/computers/completing-pc/video/bkmenc.html
2026-04-11 21:46:09 | INFO     | ss_crawler | [scraper] [scraper] ⏭️ UNCHANGED: Processed: unchanged
2026-04-11 21:46:09 | INFO     | ss_crawler | [crawler] [crawler] Fetching listing 3/30: https://www.ss.com/msg/lv/electronics/computers/completing-pc/video/fkmij.html
2026-04-11 21:46:12 | INFO     | ss_crawler | [scraper] [scraper] ⏭️ UNCHANGED: Processed: unchanged
2026-04-11 21:46:12 | INFO     | ss_crawler | [crawler] [crawler] Fetching listing 4/30: https://www.ss.com/msg/lv/electronics/computers/completing-pc/video/fdjpc.html
2026-04-11 21:46:15 | INFO     | ss_crawler | [scraper] [scraper] ⏭️ UNCHANGED: Processed: unchanged
2026-04-11 21:46:15 | INFO     | ss_crawler | [crawler] [crawler] Fetching listing 5/30: https://www.ss.com/msg/lv/electronics/computers/completing-pc/video/cckmo.html
2026-04-11 21:46:19 | INFO     | ss_crawler | [scraper] [scraper] ⏭️ UNCHANGED: Processed: unchanged
2026-04-11 21:46:19 | INFO     | ss_crawler | [crawler] [crawler] Fetching listing 6/30: https://www.ss.com/msg/lv/electronics/computers/completing-pc/video/bopjpd.html
2026-04-11 21:46:22 | INFO     | ss_crawler | [scraper] [scraper] ⏭️ UNCHANGED: Processed: unchanged
2026-04-11 21:46:22 | INFO     | ss_crawler | [crawler] [crawler] Fetching listing 7/30: https://www.ss.com/msg/lv/electronics/computers/completing-pc/video/bikkbm.html
2026-04-11 21:46:24 | INFO     | ss_crawler | [scraper] [scraper] ⏭️ UNCHANGED: Processed: unchanged
2026-04-11 21:46:24 | INFO     | ss_crawler | [crawler] [crawler] Fetching listing 8/30: https://www.ss.com/msg/lv/electronics/computers/completing-pc/video/bkmnlc.html
2026-04-11 21:46:27 | INFO     | ss_crawler | [scraper] [scraper] ⏭️ UNCHANGED: Processed: unchanged
2026-04-11 21:46:27 | INFO     | ss_crawler | [crawler] [crawler] Fetching listing 9/30: https://www.ss.com/msg/lv/electronics/computers/completing-pc/video/lpbhi.html
2026-04-11 21:46:29 | INFO     | ss_crawler | [scraper] [scraper] ⏭️ UNCHANGED: Processed: unchanged
2026-04-11 21:46:29 | INFO     | ss_crawler | [crawler] [crawler] Fetching listing 10/30: https://www.ss.com/msg/lv/electronics/computers/completing-pc/video/fjdox.html
2026-04-11 21:46:31 | INFO     | ss_crawler | [scraper] [scraper] ⏭️ UNCHANGED: Processed: unchanged
2026-04-11 21:46:31 | INFO     | ss_crawler | [crawler] [crawler] Fetching listing 11/30: https://www.ss.com/msg/lv/electronics/computers/completing-pc/video/bkxjdg.html
2026-04-11 21:46:33 | INFO     | ss_crawler | [scraper] [scraper] ⏭️ UNCHANGED: Processed: unchanged
2026-04-11 21:46:33 | INFO     | ss_crawler | [crawler] [crawler] Fetching listing 12/30: https://www.ss.com/msg/lv/electronics/computers/completing-pc/video/bolpdx.html
2026-04-11 21:46:35 | INFO     | ss_crawler | [scraper] [scraper] ❓ UNMATCHED: No GPU match found
2026-04-11 21:46:35 | INFO     | ss_crawler | [crawler] [crawler] Fetching listing 13/30: https://www.ss.com/msg/lv/electronics/computers/completing-pc/video/blgiel.html
2026-04-11 21:46:38 | INFO     | ss_crawler | [scraper] [scraper] ⏭️ UNCHANGED: Processed: unchanged
2026-04-11 21:46:38 | INFO     | ss_crawler | [crawler] [crawler] Fetching listing 14/30: https://www.ss.com/msg/lv/electronics/computers/completing-pc/video/ebcgn.html
2026-04-11 21:46:41 | INFO     | ss_crawler | [scraper] [scraper] ⚠️ LOW_CONFIDENCE: Match confidence 0.42 below threshold
2026-04-11 21:46:41 | INFO     | ss_crawler | [crawler] [crawler] Fetching listing 15/30: https://www.ss.com/msg/lv/electronics/computers/completing-pc/video/pbgln.html
2026-04-11 21:46:43 | INFO     | ss_crawler | [scraper] [scraper] ⏭️ UNCHANGED: Processed: unchanged
2026-04-11 21:46:43 | INFO     | ss_crawler | [crawler] [crawler] Fetching listing 16/30: https://www.ss.com/msg/lv/electronics/computers/completing-pc/video/ppmhc.html
2026-04-11 21:46:45 | INFO     | ss_crawler | [scraper] [scraper] ⏭️ UNCHANGED: Processed: unchanged
2026-04-11 21:46:45 | INFO     | ss_crawler | [crawler] [crawler] Fetching listing 17/30: https://www.ss.com/msg/lv/electronics/computers/completing-pc/video/nhefi.html
2026-04-11 21:46:49 | INFO     | ss_crawler | [scraper] [scraper] ⚠️ LOW_CONFIDENCE: Match confidence 0.55 below threshold
2026-04-11 21:46:49 | INFO     | ss_crawler | [crawler] [crawler] Fetching listing 18/30: https://www.ss.com/msg/lv/electronics/computers/completing-pc/video/bkfomx.html
2026-04-11 21:46:52 | INFO     | ss_crawler | [scraper] [scraper] ⏭️ UNCHANGED: Processed: unchanged
2026-04-11 21:46:52 | INFO     | ss_crawler | [crawler] [crawler] Fetching listing 19/30: https://www.ss.com/msg/lv/electronics/computers/completing-pc/video/lpjic.html
2026-04-11 21:46:54 | INFO     | ss_crawler | [scraper] [scraper] ⏭️ UNCHANGED: Processed: unchanged
2026-04-11 21:46:54 | INFO     | ss_crawler | [crawler] [crawler] Fetching listing 20/30: https://www.ss.com/msg/lv/electronics/computers/completing-pc/video/epexo.html
2026-04-11 21:46:57 | INFO     | ss_crawler | [scraper] [scraper] ⏭️ UNCHANGED: Processed: unchanged
2026-04-11 21:46:57 | INFO     | ss_crawler | [crawler] [crawler] Fetching listing 21/30: https://www.ss.com/msg/lv/electronics/computers/completing-pc/video/bihlfm.html
2026-04-11 21:46:59 | INFO     | ss_crawler | [scraper] [scraper] ⏭️ UNCHANGED: Processed: unchanged
2026-04-11 21:46:59 | INFO     | ss_crawler | [crawler] [crawler] Fetching listing 22/30: https://www.ss.com/msg/lv/electronics/computers/completing-pc/video/blbeol.html
2026-04-11 21:47:02 | INFO     | ss_crawler | [scraper] [scraper] ⏭️ UNCHANGED: Processed: unchanged
2026-04-11 21:47:02 | INFO     | ss_crawler | [crawler] [crawler] Fetching listing 23/30: https://www.ss.com/msg/lv/electronics/computers/completing-pc/video/bkhdnd.html
2026-04-11 21:47:05 | INFO     | ss_crawler | [scraper] [scraper] ⏭️ UNCHANGED: Processed: unchanged
2026-04-11 21:47:05 | INFO     | ss_crawler | [crawler] [crawler] Fetching listing 24/30: https://www.ss.com/msg/lv/electronics/computers/completing-pc/video/fenki.html
2026-04-11 21:47:08 | INFO     | ss_crawler | [scraper] [scraper] ⏭️ UNCHANGED: Processed: unchanged
2026-04-11 21:47:08 | INFO     | ss_crawler | [crawler] [crawler] Fetching listing 25/30: https://www.ss.com/msg/lv/electronics/computers/completing-pc/video/lnkjl.html
2026-04-11 21:47:10 | INFO     | ss_crawler | [scraper] [scraper] ⏭️ UNCHANGED: Processed: unchanged
2026-04-11 21:47:10 | INFO     | ss_crawler | [crawler] [crawler] Fetching listing 26/30: https://www.ss.com/msg/lv/electronics/computers/completing-pc/video/adggp.html
2026-04-11 21:47:13 | INFO     | ss_crawler | [scraper] [scraper] ⏭️ UNCHANGED: Processed: unchanged
2026-04-11 21:47:13 | INFO     | ss_crawler | [crawler] [crawler] Fetching listing 27/30: https://www.ss.com/msg/lv/electronics/computers/completing-pc/video/ndokf.html
2026-04-11 21:47:16 | INFO     | ss_crawler | [scraper] [scraper] ⏭️ UNCHANGED: Processed: unchanged
2026-04-11 21:47:16 | INFO     | ss_crawler | [crawler] [crawler] Fetching listing 28/30: https://www.ss.com/msg/lv/electronics/computers/completing-pc/video/bkejlk.html
2026-04-11 21:47:19 | INFO     | ss_crawler | [scraper] [scraper] ⏭️ UNCHANGED: Processed: unchanged
2026-04-11 21:47:19 | INFO     | ss_crawler | [crawler] [crawler] Fetching listing 29/30: https://www.ss.com/msg/lv/electronics/computers/completing-pc/video/fcjgn.html
2026-04-11 21:47:22 | INFO     | ss_crawler | [scraper] [scraper] ⏭️ UNCHANGED: Processed: unchanged
2026-04-11 21:47:22 | INFO     | ss_crawler | [crawler] [crawler] Fetching listing 30/30: https://www.ss.com/msg/lv/electronics/computers/completing-pc/video/biohcc.html
2026-04-11 21:47:25 | INFO     | ss_crawler | [scraper] [scraper] ⏭️ UNCHANGED: Processed: unchanged
2026-04-11 21:47:25 | INFO     | ss_crawler | [scraper] [scraper] 📄 Fetching category: https://www.ss.com/lv/electronics/computers/completing-pc/video/page19.html
2026-04-11 21:47:25 | INFO     | ss_crawler | [crawler] [crawler] Fetching category page: https://www.ss.com/lv/electronics/computers/completing-pc/video/page19.html
2026-04-11 21:47:27 | INFO     | ss_crawler | [parser] [parser] Found 30 listings on page
2026-04-11 21:47:27 | INFO     | ss_crawler | [scraper] [scraper] 🔍 Found 30 listings to process
2026-04-11 21:47:27 | INFO     | ss_crawler | [crawler] [crawler] Fetching listing 1/30: https://www.ss.com/msg/lv/electronics/computers/completing-pc/video/bjcdjm.html
2026-04-11 21:47:29 | INFO     | ss_crawler | [scraper] [scraper] ⏭️ UNCHANGED: Processed: unchanged
2026-04-11 21:47:29 | INFO     | ss_crawler | [crawler] [crawler] Fetching listing 2/30: https://www.ss.com/msg/lv/electronics/computers/completing-pc/video/bkmenc.html
2026-04-11 21:47:31 | INFO     | ss_crawler | [scraper] [scraper] ⏭️ UNCHANGED: Processed: unchanged
2026-04-11 21:47:31 | INFO     | ss_crawler | [crawler] [crawler] Fetching listing 3/30: https://www.ss.com/msg/lv/electronics/computers/completing-pc/video/fkmij.html
2026-04-11 21:47:33 | INFO     | ss_crawler | [scraper] [scraper] ⏭️ UNCHANGED: Processed: unchanged
2026-04-11 21:47:33 | INFO     | ss_crawler | [crawler] [crawler] Fetching listing 4/30: https://www.ss.com/msg/lv/electronics/computers/completing-pc/video/fdjpc.html
2026-04-11 21:47:37 | INFO     | ss_crawler | [scraper] [scraper] ⏭️ UNCHANGED: Processed: unchanged
2026-04-11 21:47:37 | INFO     | ss_crawler | [crawler] [crawler] Fetching listing 5/30: https://www.ss.com/msg/lv/electronics/computers/completing-pc/video/cckmo.html
2026-04-11 21:47:39 | INFO     | ss_crawler | [scraper] [scraper] ⏭️ UNCHANGED: Processed: unchanged
2026-04-11 21:47:39 | INFO     | ss_crawler | [crawler] [crawler] Fetching listing 6/30: https://www.ss.com/msg/lv/electronics/computers/completing-pc/video/bopjpd.html
2026-04-11 21:47:43 | INFO     | ss_crawler | [scraper] [scraper] ⏭️ UNCHANGED: Processed: unchanged
2026-04-11 21:47:43 | INFO     | ss_crawler | [crawler] [crawler] Fetching listing 7/30: https://www.ss.com/msg/lv/electronics/computers/completing-pc/video/bikkbm.html
2026-04-11 21:47:45 | INFO     | ss_crawler | [scraper] [scraper] ⏭️ UNCHANGED: Processed: unchanged
2026-04-11 21:47:45 | INFO     | ss_crawler | [crawler] [crawler] Fetching listing 8/30: https://www.ss.com/msg/lv/electronics/computers/completing-pc/video/bkmnlc.html
2026-04-11 21:47:47 | INFO     | ss_crawler | [scraper] [scraper] ⏭️ UNCHANGED: Processed: unchanged
2026-04-11 21:47:47 | INFO     | ss_crawler | [crawler] [crawler] Fetching listing 9/30: https://www.ss.com/msg/lv/electronics/computers/completing-pc/video/lpbhi.html
2026-04-11 21:47:51 | INFO     | ss_crawler | [scraper] [scraper] ⏭️ UNCHANGED: Processed: unchanged
2026-04-11 21:47:51 | INFO     | ss_crawler | [crawler] [crawler] Fetching listing 10/30: https://www.ss.com/msg/lv/electronics/computers/completing-pc/video/fjdox.html
2026-04-11 21:47:52 | INFO     | ss_crawler | [scraper] [scraper] ⏭️ UNCHANGED: Processed: unchanged
2026-04-11 21:47:52 | INFO     | ss_crawler | [crawler] [crawler] Fetching listing 11/30: https://www.ss.com/msg/lv/electronics/computers/completing-pc/video/bkxjdg.html
2026-04-11 21:47:55 | INFO     | ss_crawler | [scraper] [scraper] ⏭️ UNCHANGED: Processed: unchanged
2026-04-11 21:47:55 | INFO     | ss_crawler | [crawler] [crawler] Fetching listing 12/30: https://www.ss.com/msg/lv/electronics/computers/completing-pc/video/bolpdx.html
2026-04-11 21:47:57 | INFO     | ss_crawler | [scraper] [scraper] ❓ UNMATCHED: No GPU match found
2026-04-11 21:47:57 | INFO     | ss_crawler | [crawler] [crawler] Fetching listing 13/30: https://www.ss.com/msg/lv/electronics/computers/completing-pc/video/blgiel.html
2026-04-11 21:48:00 | INFO     | ss_crawler | [scraper] [scraper] ⏭️ UNCHANGED: Processed: unchanged
2026-04-11 21:48:00 | INFO     | ss_crawler | [crawler] [crawler] Fetching listing 14/30: https://www.ss.com/msg/lv/electronics/computers/completing-pc/video/ebcgn.html
2026-04-11 21:48:02 | INFO     | ss_crawler | [scraper] [scraper] ⚠️ LOW_CONFIDENCE: Match confidence 0.42 below threshold
2026-04-11 21:48:02 | INFO     | ss_crawler | [crawler] [crawler] Fetching listing 15/30: https://www.ss.com/msg/lv/electronics/computers/completing-pc/video/pbgln.html
2026-04-11 21:48:05 | INFO     | ss_crawler | [scraper] [scraper] ⏭️ UNCHANGED: Processed: unchanged
2026-04-11 21:48:05 | INFO     | ss_crawler | [crawler] [crawler] Fetching listing 16/30: https://www.ss.com/msg/lv/electronics/computers/completing-pc/video/ppmhc.html
2026-04-11 21:48:08 | INFO     | ss_crawler | [scraper] [scraper] ⏭️ UNCHANGED: Processed: unchanged
2026-04-11 21:48:08 | INFO     | ss_crawler | [crawler] [crawler] Fetching listing 17/30: https://www.ss.com/msg/lv/electronics/computers/completing-pc/video/nhefi.html
2026-04-11 21:48:11 | INFO     | ss_crawler | [scraper] [scraper] ⚠️ LOW_CONFIDENCE: Match confidence 0.55 below threshold
2026-04-11 21:48:11 | INFO     | ss_crawler | [crawler] [crawler] Fetching listing 18/30: https://www.ss.com/msg/lv/electronics/computers/completing-pc/video/bkfomx.html
2026-04-11 21:48:14 | INFO     | ss_crawler | [scraper] [scraper] ⏭️ UNCHANGED: Processed: unchanged
2026-04-11 21:48:14 | INFO     | ss_crawler | [crawler] [crawler] Fetching listing 19/30: https://www.ss.com/msg/lv/electronics/computers/completing-pc/video/lpjic.html
2026-04-11 21:48:17 | INFO     | ss_crawler | [scraper] [scraper] ⏭️ UNCHANGED: Processed: unchanged
2026-04-11 21:48:17 | INFO     | ss_crawler | [crawler] [crawler] Fetching listing 20/30: https://www.ss.com/msg/lv/electronics/computers/completing-pc/video/epexo.html
2026-04-11 21:48:19 | INFO     | ss_crawler | [scraper] [scraper] ⏭️ UNCHANGED: Processed: unchanged
2026-04-11 21:48:19 | INFO     | ss_crawler | [crawler] [crawler] Fetching listing 21/30: https://www.ss.com/msg/lv/electronics/computers/completing-pc/video/bihlfm.html
2026-04-11 21:48:22 | INFO     | ss_crawler | [scraper] [scraper] ⏭️ UNCHANGED: Processed: unchanged
2026-04-11 21:48:22 | INFO     | ss_crawler | [crawler] [crawler] Fetching listing 22/30: https://www.ss.com/msg/lv/electronics/computers/completing-pc/video/blbeol.html
2026-04-11 21:48:24 | INFO     | ss_crawler | [scraper] [scraper] ⏭️ UNCHANGED: Processed: unchanged
2026-04-11 21:48:24 | INFO     | ss_crawler | [crawler] [crawler] Fetching listing 23/30: https://www.ss.com/msg/lv/electronics/computers/completing-pc/video/bkhdnd.html
2026-04-11 21:48:27 | INFO     | ss_crawler | [scraper] [scraper] ⏭️ UNCHANGED: Processed: unchanged
2026-04-11 21:48:27 | INFO     | ss_crawler | [crawler] [crawler] Fetching listing 24/30: https://www.ss.com/msg/lv/electronics/computers/completing-pc/video/fenki.html
2026-04-11 21:48:29 | INFO     | ss_crawler | [scraper] [scraper] ⏭️ UNCHANGED: Processed: unchanged
2026-04-11 21:48:29 | INFO     | ss_crawler | [crawler] [crawler] Fetching listing 25/30: https://www.ss.com/msg/lv/electronics/computers/completing-pc/video/lnkjl.html
2026-04-11 21:48:32 | INFO     | ss_crawler | [scraper] [scraper] ⏭️ UNCHANGED: Processed: unchanged
2026-04-11 21:48:32 | INFO     | ss_crawler | [crawler] [crawler] Fetching listing 26/30: https://www.ss.com/msg/lv/electronics/computers/completing-pc/video/adggp.html
2026-04-11 21:48:35 | INFO     | ss_crawler | [scraper] [scraper] ⏭️ UNCHANGED: Processed: unchanged
2026-04-11 21:48:35 | INFO     | ss_crawler | [crawler] [crawler] Fetching listing 27/30: https://www.ss.com/msg/lv/electronics/computers/completing-pc/video/ndokf.html
2026-04-11 21:48:37 | INFO     | ss_crawler | [scraper] [scraper] ⏭️ UNCHANGED: Processed: unchanged
2026-04-11 21:48:37 | INFO     | ss_crawler | [crawler] [crawler] Fetching listing 28/30: https://www.ss.com/msg/lv/electronics/computers/completing-pc/video/bkejlk.html
2026-04-11 21:48:38 | INFO     | ss_crawler | [scraper] [scraper] ⏭️ UNCHANGED: Processed: unchanged
2026-04-11 21:48:38 | INFO     | ss_crawler | [crawler] [crawler] Fetching listing 29/30: https://www.ss.com/msg/lv/electronics/computers/completing-pc/video/fcjgn.html
2026-04-11 21:48:41 | INFO     | ss_crawler | [scraper] [scraper] ⏭️ UNCHANGED: Processed: unchanged
2026-04-11 21:48:41 | INFO     | ss_crawler | [crawler] [crawler] Fetching listing 30/30: https://www.ss.com/msg/lv/electronics/computers/completing-pc/video/biohcc.html
2026-04-11 21:48:45 | INFO     | ss_crawler | [scraper] [scraper] ⏭️ UNCHANGED: Processed: unchanged
2026-04-11 21:48:45 | INFO     | ss_crawler | [scraper] [scraper] 📄 Fetching category: https://www.ss.com/lv/electronics/computers/completing-pc/video/page20.html
2026-04-11 21:48:45 | INFO     | ss_crawler | [crawler] [crawler] Fetching category page: https://www.ss.com/lv/electronics/computers/completing-pc/video/page20.html
2026-04-11 21:48:48 | INFO     | ss_crawler | [parser] [parser] Found 30 listings on page
2026-04-11 21:48:48 | INFO     | ss_crawler | [scraper] [scraper] 🔍 Found 30 listings to process
2026-04-11 21:48:48 | INFO     | ss_crawler | [crawler] [crawler] Fetching listing 1/30: https://www.ss.com/msg/lv/electronics/computers/completing-pc/video/bjcdjm.html
2026-04-11 21:48:50 | INFO     | ss_crawler | [scraper] [scraper] ⏭️ UNCHANGED: Processed: unchanged
2026-04-11 21:48:50 | INFO     | ss_crawler | [crawler] [crawler] Fetching listing 2/30: https://www.ss.com/msg/lv/electronics/computers/completing-pc/video/bkmenc.html
2026-04-11 21:48:53 | INFO     | ss_crawler | [scraper] [scraper] ⏭️ UNCHANGED: Processed: unchanged
2026-04-11 21:48:53 | INFO     | ss_crawler | [crawler] [crawler] Fetching listing 3/30: https://www.ss.com/msg/lv/electronics/computers/completing-pc/video/fkmij.html
2026-04-11 21:48:56 | INFO     | ss_crawler | [scraper] [scraper] ⏭️ UNCHANGED: Processed: unchanged
2026-04-11 21:48:56 | INFO     | ss_crawler | [crawler] [crawler] Fetching listing 4/30: https://www.ss.com/msg/lv/electronics/computers/completing-pc/video/fdjpc.html
2026-04-11 21:49:00 | INFO     | ss_crawler | [scraper] [scraper] ⏭️ UNCHANGED: Processed: unchanged
2026-04-11 21:49:00 | INFO     | ss_crawler | [crawler] [crawler] Fetching listing 5/30: https://www.ss.com/msg/lv/electronics/computers/completing-pc/video/cckmo.html
2026-04-11 21:49:02 | INFO     | ss_crawler | [scraper] [scraper] ⏭️ UNCHANGED: Processed: unchanged
2026-04-11 21:49:02 | INFO     | ss_crawler | [crawler] [crawler] Fetching listing 6/30: https://www.ss.com/msg/lv/electronics/computers/completing-pc/video/bopjpd.html
2026-04-11 21:49:04 | INFO     | ss_crawler | [scraper] [scraper] ⏭️ UNCHANGED: Processed: unchanged
2026-04-11 21:49:04 | INFO     | ss_crawler | [crawler] [crawler] Fetching listing 7/30: https://www.ss.com/msg/lv/electronics/computers/completing-pc/video/bikkbm.html
2026-04-11 21:49:07 | INFO     | ss_crawler | [scraper] [scraper] ⏭️ UNCHANGED: Processed: unchanged
2026-04-11 21:49:07 | INFO     | ss_crawler | [crawler] [crawler] Fetching listing 8/30: https://www.ss.com/msg/lv/electronics/computers/completing-pc/video/bkmnlc.html
2026-04-11 21:49:10 | INFO     | ss_crawler | [scraper] [scraper] ⏭️ UNCHANGED: Processed: unchanged
2026-04-11 21:49:10 | INFO     | ss_crawler | [crawler] [crawler] Fetching listing 9/30: https://www.ss.com/msg/lv/electronics/computers/completing-pc/video/lpbhi.html
2026-04-11 21:49:12 | INFO     | ss_crawler | [scraper] [scraper] ⏭️ UNCHANGED: Processed: unchanged
2026-04-11 21:49:12 | INFO     | ss_crawler | [crawler] [crawler] Fetching listing 10/30: https://www.ss.com/msg/lv/electronics/computers/completing-pc/video/fjdox.html
2026-04-11 21:49:14 | INFO     | ss_crawler | [scraper] [scraper] ⏭️ UNCHANGED: Processed: unchanged
2026-04-11 21:49:14 | INFO     | ss_crawler | [crawler] [crawler] Fetching listing 11/30: https://www.ss.com/msg/lv/electronics/computers/completing-pc/video/bkxjdg.html
2026-04-11 21:49:17 | INFO     | ss_crawler | [scraper] [scraper] ⏭️ UNCHANGED: Processed: unchanged
2026-04-11 21:49:17 | INFO     | ss_crawler | [crawler] [crawler] Fetching listing 12/30: https://www.ss.com/msg/lv/electronics/computers/completing-pc/video/bolpdx.html
2026-04-11 21:49:20 | INFO     | ss_crawler | [scraper] [scraper] ❓ UNMATCHED: No GPU match found
2026-04-11 21:49:20 | INFO     | ss_crawler | [crawler] [crawler] Fetching listing 13/30: https://www.ss.com/msg/lv/electronics/computers/completing-pc/video/blgiel.html
2026-04-11 21:49:21 | INFO     | ss_crawler | [scraper] [scraper] ⏭️ UNCHANGED: Processed: unchanged
2026-04-11 21:49:21 | INFO     | ss_crawler | [crawler] [crawler] Fetching listing 14/30: https://www.ss.com/msg/lv/electronics/computers/completing-pc/video/ebcgn.html
2026-04-11 21:49:25 | INFO     | ss_crawler | [scraper] [scraper] ⚠️ LOW_CONFIDENCE: Match confidence 0.42 below threshold
2026-04-11 21:49:25 | INFO     | ss_crawler | [crawler] [crawler] Fetching listing 15/30: https://www.ss.com/msg/lv/electronics/computers/completing-pc/video/pbgln.html
2026-04-11 21:49:28 | INFO     | ss_crawler | [scraper] [scraper] ⏭️ UNCHANGED: Processed: unchanged
2026-04-11 21:49:28 | INFO     | ss_crawler | [crawler] [crawler] Fetching listing 16/30: https://www.ss.com/msg/lv/electronics/computers/completing-pc/video/ppmhc.html
2026-04-11 21:49:32 | INFO     | ss_crawler | [scraper] [scraper] ⏭️ UNCHANGED: Processed: unchanged
2026-04-11 21:49:32 | INFO     | ss_crawler | [crawler] [crawler] Fetching listing 17/30: https://www.ss.com/msg/lv/electronics/computers/completing-pc/video/nhefi.html
2026-04-11 21:49:34 | INFO     | ss_crawler | [scraper] [scraper] ⚠️ LOW_CONFIDENCE: Match confidence 0.55 below threshold
2026-04-11 21:49:34 | INFO     | ss_crawler | [crawler] [crawler] Fetching listing 18/30: https://www.ss.com/msg/lv/electronics/computers/completing-pc/video/bkfomx.html
2026-04-11 21:49:36 | INFO     | ss_crawler | [scraper] [scraper] ⏭️ UNCHANGED: Processed: unchanged
2026-04-11 21:49:36 | INFO     | ss_crawler | [crawler] [crawler] Fetching listing 19/30: https://www.ss.com/msg/lv/electronics/computers/completing-pc/video/lpjic.html
2026-04-11 21:49:38 | INFO     | ss_crawler | [scraper] [scraper] ⏭️ UNCHANGED: Processed: unchanged
2026-04-11 21:49:38 | INFO     | ss_crawler | [crawler] [crawler] Fetching listing 20/30: https://www.ss.com/msg/lv/electronics/computers/completing-pc/video/epexo.html
2026-04-11 21:49:41 | INFO     | ss_crawler | [scraper] [scraper] ⏭️ UNCHANGED: Processed: unchanged
2026-04-11 21:49:41 | INFO     | ss_crawler | [crawler] [crawler] Fetching listing 21/30: https://www.ss.com/msg/lv/electronics/computers/completing-pc/video/bihlfm.html
2026-04-11 21:49:45 | INFO     | ss_crawler | [scraper] [scraper] ⏭️ UNCHANGED: Processed: unchanged
2026-04-11 21:49:45 | INFO     | ss_crawler | [crawler] [crawler] Fetching listing 22/30: https://www.ss.com/msg/lv/electronics/computers/completing-pc/video/blbeol.html
2026-04-11 21:49:48 | INFO     | ss_crawler | [scraper] [scraper] ⏭️ UNCHANGED: Processed: unchanged
2026-04-11 21:49:48 | INFO     | ss_crawler | [crawler] [crawler] Fetching listing 23/30: https://www.ss.com/msg/lv/electronics/computers/completing-pc/video/bkhdnd.html
2026-04-11 21:49:52 | INFO     | ss_crawler | [scraper] [scraper] ⏭️ UNCHANGED: Processed: unchanged
2026-04-11 21:49:52 | INFO     | ss_crawler | [crawler] [crawler] Fetching listing 24/30: https://www.ss.com/msg/lv/electronics/computers/completing-pc/video/fenki.html
2026-04-11 21:49:54 | INFO     | ss_crawler | [scraper] [scraper] ⏭️ UNCHANGED: Processed: unchanged
2026-04-11 21:49:54 | INFO     | ss_crawler | [crawler] [crawler] Fetching listing 25/30: https://www.ss.com/msg/lv/electronics/computers/completing-pc/video/lnkjl.html
2026-04-11 21:49:57 | INFO     | ss_crawler | [scraper] [scraper] ⏭️ UNCHANGED: Processed: unchanged
2026-04-11 21:49:57 | INFO     | ss_crawler | [crawler] [crawler] Fetching listing 26/30: https://www.ss.com/msg/lv/electronics/computers/completing-pc/video/adggp.html
2026-04-11 21:50:00 | INFO     | ss_crawler | [scraper] [scraper] ⏭️ UNCHANGED: Processed: unchanged
2026-04-11 21:50:00 | INFO     | ss_crawler | [crawler] [crawler] Fetching listing 27/30: https://www.ss.com/msg/lv/electronics/computers/completing-pc/video/ndokf.html
2026-04-11 21:50:02 | INFO     | ss_crawler | [scraper] [scraper] ⏭️ UNCHANGED: Processed: unchanged
2026-04-11 21:50:02 | INFO     | ss_crawler | [crawler] [crawler] Fetching listing 28/30: https://www.ss.com/msg/lv/electronics/computers/completing-pc/video/bkejlk.html
2026-04-11 21:50:04 | INFO     | ss_crawler | [scraper] [scraper] ⏭️ UNCHANGED: Processed: unchanged
2026-04-11 21:50:04 | INFO     | ss_crawler | [crawler] [crawler] Fetching listing 29/30: https://www.ss.com/msg/lv/electronics/computers/completing-pc/video/fcjgn.html
2026-04-11 21:50:07 | INFO     | ss_crawler | [scraper] [scraper] ⏭️ UNCHANGED: Processed: unchanged
2026-04-11 21:50:07 | INFO     | ss_crawler | [crawler] [crawler] Fetching listing 30/30: https://www.ss.com/msg/lv/electronics/computers/completing-pc/video/biohcc.html
2026-04-11 21:50:10 | INFO     | ss_crawler | [scraper] [scraper] ⏭️ UNCHANGED: Processed: unchanged
2026-04-11 21:50:10 | INFO     | ss_crawler | [scraper] [scraper] 📄 Fetching category: https://www.ss.com/lv/electronics/computers/completing-pc/video/page21.html
2026-04-11 21:50:10 | INFO     | ss_crawler | [crawler] [crawler] Fetching category page: https://www.ss.com/lv/electronics/computers/completing-pc/video/page21.html
2026-04-11 21:50:12 | INFO     | ss_crawler | [parser] [parser] Found 30 listings on page
2026-04-11 21:50:12 | INFO     | ss_crawler | [scraper] [scraper] 🔍 Found 30 listings to process
2026-04-11 21:50:12 | INFO     | ss_crawler | [crawler] [crawler] Fetching listing 1/30: https://www.ss.com/msg/lv/electronics/computers/completing-pc/video/bjcdjm.html
2026-04-11 21:50:16 | INFO     | ss_crawler | [scraper] [scraper] ⏭️ UNCHANGED: Processed: unchanged
2026-04-11 21:50:16 | INFO     | ss_crawler | [crawler] [crawler] Fetching listing 2/30: https://www.ss.com/msg/lv/electronics/computers/completing-pc/video/bkmenc.html
2026-04-11 21:50:18 | INFO     | ss_crawler | [scraper] [scraper] ⏭️ UNCHANGED: Processed: unchanged
2026-04-11 21:50:18 | INFO     | ss_crawler | [crawler] [crawler] Fetching listing 3/30: https://www.ss.com/msg/lv/electronics/computers/completing-pc/video/fkmij.html
2026-04-11 21:50:21 | INFO     | ss_crawler | [scraper] [scraper] ⏭️ UNCHANGED: Processed: unchanged
2026-04-11 21:50:21 | INFO     | ss_crawler | [crawler] [crawler] Fetching listing 4/30: https://www.ss.com/msg/lv/electronics/computers/completing-pc/video/fdjpc.html
2026-04-11 21:50:24 | INFO     | ss_crawler | [scraper] [scraper] ⏭️ UNCHANGED: Processed: unchanged
2026-04-11 21:50:24 | INFO     | ss_crawler | [crawler] [crawler] Fetching listing 5/30: https://www.ss.com/msg/lv/electronics/computers/completing-pc/video/cckmo.html
2026-04-11 21:50:27 | INFO     | ss_crawler | [scraper] [scraper] ⏭️ UNCHANGED: Processed: unchanged
2026-04-11 21:50:27 | INFO     | ss_crawler | [crawler] [crawler] Fetching listing 6/30: https://www.ss.com/msg/lv/electronics/computers/completing-pc/video/bopjpd.html
2026-04-11 21:50:28 | INFO     | ss_crawler | [scraper] [scraper] ⏭️ UNCHANGED: Processed: unchanged
2026-04-11 21:50:28 | INFO     | ss_crawler | [crawler] [crawler] Fetching listing 7/30: https://www.ss.com/msg/lv/electronics/computers/completing-pc/video/bikkbm.html
2026-04-11 21:50:31 | INFO     | ss_crawler | [scraper] [scraper] ⏭️ UNCHANGED: Processed: unchanged
2026-04-11 21:50:31 | INFO     | ss_crawler | [crawler] [crawler] Fetching listing 8/30: https://www.ss.com/msg/lv/electronics/computers/completing-pc/video/bkmnlc.html
2026-04-11 21:50:34 | INFO     | ss_crawler | [scraper] [scraper] ⏭️ UNCHANGED: Processed: unchanged
2026-04-11 21:50:34 | INFO     | ss_crawler | [crawler] [crawler] Fetching listing 9/30: https://www.ss.com/msg/lv/electronics/computers/completing-pc/video/lpbhi.html
2026-04-11 21:50:36 | INFO     | ss_crawler | [scraper] [scraper] ⏭️ UNCHANGED: Processed: unchanged
2026-04-11 21:50:36 | INFO     | ss_crawler | [crawler] [crawler] Fetching listing 10/30: https://www.ss.com/msg/lv/electronics/computers/completing-pc/video/fjdox.html
2026-04-11 21:50:38 | INFO     | ss_crawler | [scraper] [scraper] ⏭️ UNCHANGED: Processed: unchanged
2026-04-11 21:50:38 | INFO     | ss_crawler | [crawler] [crawler] Fetching listing 11/30: https://www.ss.com/msg/lv/electronics/computers/completing-pc/video/bkxjdg.html
2026-04-11 21:50:40 | INFO     | ss_crawler | [scraper] [scraper] ⏭️ UNCHANGED: Processed: unchanged
2026-04-11 21:50:40 | INFO     | ss_crawler | [crawler] [crawler] Fetching listing 12/30: https://www.ss.com/msg/lv/electronics/computers/completing-pc/video/bolpdx.html
2026-04-11 21:50:43 | INFO     | ss_crawler | [scraper] [scraper] ❓ UNMATCHED: No GPU match found
2026-04-11 21:50:43 | INFO     | ss_crawler | [crawler] [crawler] Fetching listing 13/30: https://www.ss.com/msg/lv/electronics/computers/completing-pc/video/blgiel.html
2026-04-11 21:50:46 | INFO     | ss_crawler | [scraper] [scraper] ⏭️ UNCHANGED: Processed: unchanged
2026-04-11 21:50:46 | INFO     | ss_crawler | [crawler] [crawler] Fetching listing 14/30: https://www.ss.com/msg/lv/electronics/computers/completing-pc/video/ebcgn.html
2026-04-11 21:50:48 | INFO     | ss_crawler | [scraper] [scraper] ⚠️ LOW_CONFIDENCE: Match confidence 0.42 below threshold
2026-04-11 21:50:48 | INFO     | ss_crawler | [crawler] [crawler] Fetching listing 15/30: https://www.ss.com/msg/lv/electronics/computers/completing-pc/video/pbgln.html
2026-04-11 21:50:51 | INFO     | ss_crawler | [scraper] [scraper] ⏭️ UNCHANGED: Processed: unchanged
2026-04-11 21:50:51 | INFO     | ss_crawler | [crawler] [crawler] Fetching listing 16/30: https://www.ss.com/msg/lv/electronics/computers/completing-pc/video/ppmhc.html
2026-04-11 21:50:54 | INFO     | ss_crawler | [scraper] [scraper] ⏭️ UNCHANGED: Processed: unchanged
2026-04-11 21:50:54 | INFO     | ss_crawler | [crawler] [crawler] Fetching listing 17/30: https://www.ss.com/msg/lv/electronics/computers/completing-pc/video/nhefi.html
2026-04-11 21:50:57 | INFO     | ss_crawler | [scraper] [scraper] ⚠️ LOW_CONFIDENCE: Match confidence 0.55 below threshold
2026-04-11 21:50:57 | INFO     | ss_crawler | [crawler] [crawler] Fetching listing 18/30: https://www.ss.com/msg/lv/electronics/computers/completing-pc/video/bkfomx.html
2026-04-11 21:50:59 | INFO     | ss_crawler | [scraper] [scraper] ⏭️ UNCHANGED: Processed: unchanged
2026-04-11 21:50:59 | INFO     | ss_crawler | [crawler] [crawler] Fetching listing 19/30: https://www.ss.com/msg/lv/electronics/computers/completing-pc/video/lpjic.html
2026-04-11 21:51:01 | INFO     | ss_crawler | [scraper] [scraper] ⏭️ UNCHANGED: Processed: unchanged
2026-04-11 21:51:01 | INFO     | ss_crawler | [crawler] [crawler] Fetching listing 20/30: https://www.ss.com/msg/lv/electronics/computers/completing-pc/video/epexo.html
2026-04-11 21:51:03 | INFO     | ss_crawler | [scraper] [scraper] ⏭️ UNCHANGED: Processed: unchanged
2026-04-11 21:51:03 | INFO     | ss_crawler | [crawler] [crawler] Fetching listing 21/30: https://www.ss.com/msg/lv/electronics/computers/completing-pc/video/bihlfm.html
2026-04-11 21:51:06 | INFO     | ss_crawler | [scraper] [scraper] ⏭️ UNCHANGED: Processed: unchanged
2026-04-11 21:51:06 | INFO     | ss_crawler | [crawler] [crawler] Fetching listing 22/30: https://www.ss.com/msg/lv/electronics/computers/completing-pc/video/blbeol.html
2026-04-11 21:51:08 | INFO     | ss_crawler | [scraper] [scraper] ⏭️ UNCHANGED: Processed: unchanged
2026-04-11 21:51:08 | INFO     | ss_crawler | [crawler] [crawler] Fetching listing 23/30: https://www.ss.com/msg/lv/electronics/computers/completing-pc/video/bkhdnd.html
2026-04-11 21:51:11 | INFO     | ss_crawler | [scraper] [scraper] ⏭️ UNCHANGED: Processed: unchanged
2026-04-11 21:51:11 | INFO     | ss_crawler | [crawler] [crawler] Fetching listing 24/30: https://www.ss.com/msg/lv/electronics/computers/completing-pc/video/fenki.html
2026-04-11 21:51:13 | INFO     | ss_crawler | [scraper] [scraper] ⏭️ UNCHANGED: Processed: unchanged
2026-04-11 21:51:13 | INFO     | ss_crawler | [crawler] [crawler] Fetching listing 25/30: https://www.ss.com/msg/lv/electronics/computers/completing-pc/video/lnkjl.html
2026-04-11 21:51:17 | INFO     | ss_crawler | [scraper] [scraper] ⏭️ UNCHANGED: Processed: unchanged
2026-04-11 21:51:17 | INFO     | ss_crawler | [crawler] [crawler] Fetching listing 26/30: https://www.ss.com/msg/lv/electronics/computers/completing-pc/video/adggp.html
2026-04-11 21:51:19 | INFO     | ss_crawler | [scraper] [scraper] ⏭️ UNCHANGED: Processed: unchanged
2026-04-11 21:51:19 | INFO     | ss_crawler | [crawler] [crawler] Fetching listing 27/30: https://www.ss.com/msg/lv/electronics/computers/completing-pc/video/ndokf.html
2026-04-11 21:51:23 | INFO     | ss_crawler | [scraper] [scraper] ⏭️ UNCHANGED: Processed: unchanged
2026-04-11 21:51:23 | INFO     | ss_crawler | [crawler] [crawler] Fetching listing 28/30: https://www.ss.com/msg/lv/electronics/computers/completing-pc/video/bkejlk.html
2026-04-11 21:51:25 | INFO     | ss_crawler | [scraper] [scraper] ⏭️ UNCHANGED: Processed: unchanged
2026-04-11 21:51:25 | INFO     | ss_crawler | [crawler] [crawler] Fetching listing 29/30: https://www.ss.com/msg/lv/electronics/computers/completing-pc/video/fcjgn.html
2026-04-11 21:51:27 | INFO     | ss_crawler | [scraper] [scraper] ⏭️ UNCHANGED: Processed: unchanged
2026-04-11 21:51:27 | INFO     | ss_crawler | [crawler] [crawler] Fetching listing 30/30: https://www.ss.com/msg/lv/electronics/computers/completing-pc/video/biohcc.html
2026-04-11 21:51:29 | INFO     | ss_crawler | [scraper] [scraper] ⏭️ UNCHANGED: Processed: unchanged
2026-04-11 21:51:29 | INFO     | ss_crawler | [scraper] [scraper] 📄 Fetching category: https://www.ss.com/lv/electronics/computers/completing-pc/video/page22.html
2026-04-11 21:51:29 | INFO     | ss_crawler | [crawler] [crawler] Fetching category page: https://www.ss.com/lv/electronics/computers/completing-pc/video/page22.html
2026-04-11 21:51:32 | INFO     | ss_crawler | [parser] [parser] Found 30 listings on page
2026-04-11 21:51:32 | INFO     | ss_crawler | [scraper] [scraper] 🔍 Found 30 listings to process
2026-04-11 21:51:32 | INFO     | ss_crawler | [crawler] [crawler] Fetching listing 1/30: https://www.ss.com/msg/lv/electronics/computers/completing-pc/video/bjcdjm.html
2026-04-11 21:51:35 | INFO     | ss_crawler | [scraper] [scraper] ⏭️ UNCHANGED: Processed: unchanged
2026-04-11 21:51:35 | INFO     | ss_crawler | [crawler] [crawler] Fetching listing 2/30: https://www.ss.com/msg/lv/electronics/computers/completing-pc/video/bkmenc.html
2026-04-11 21:51:37 | INFO     | ss_crawler | [scraper] [scraper] ⏭️ UNCHANGED: Processed: unchanged
2026-04-11 21:51:37 | INFO     | ss_crawler | [crawler] [crawler] Fetching listing 3/30: https://www.ss.com/msg/lv/electronics/computers/completing-pc/video/fkmij.html
2026-04-11 21:51:39 | INFO     | ss_crawler | [scraper] [scraper] ⏭️ UNCHANGED: Processed: unchanged
2026-04-11 21:51:39 | INFO     | ss_crawler | [crawler] [crawler] Fetching listing 4/30: https://www.ss.com/msg/lv/electronics/computers/completing-pc/video/fdjpc.html
2026-04-11 21:51:41 | INFO     | ss_crawler | [scraper] [scraper] ⏭️ UNCHANGED: Processed: unchanged
2026-04-11 21:51:41 | INFO     | ss_crawler | [crawler] [crawler] Fetching listing 5/30: https://www.ss.com/msg/lv/electronics/computers/completing-pc/video/cckmo.html
2026-04-11 21:51:45 | INFO     | ss_crawler | [scraper] [scraper] ⏭️ UNCHANGED: Processed: unchanged
2026-04-11 21:51:45 | INFO     | ss_crawler | [crawler] [crawler] Fetching listing 6/30: https://www.ss.com/msg/lv/electronics/computers/completing-pc/video/bopjpd.html
2026-04-11 21:51:46 | INFO     | ss_crawler | [scraper] [scraper] ⏭️ UNCHANGED: Processed: unchanged
2026-04-11 21:51:46 | INFO     | ss_crawler | [crawler] [crawler] Fetching listing 7/30: https://www.ss.com/msg/lv/electronics/computers/completing-pc/video/bikkbm.html
2026-04-11 21:51:49 | INFO     | ss_crawler | [scraper] [scraper] ⏭️ UNCHANGED: Processed: unchanged
2026-04-11 21:51:49 | INFO     | ss_crawler | [crawler] [crawler] Fetching listing 8/30: https://www.ss.com/msg/lv/electronics/computers/completing-pc/video/bkmnlc.html
2026-04-11 21:51:52 | INFO     | ss_crawler | [scraper] [scraper] ⏭️ UNCHANGED: Processed: unchanged
2026-04-11 21:51:52 | INFO     | ss_crawler | [crawler] [crawler] Fetching listing 9/30: https://www.ss.com/msg/lv/electronics/computers/completing-pc/video/lpbhi.html
2026-04-11 21:51:54 | INFO     | ss_crawler | [scraper] [scraper] ⏭️ UNCHANGED: Processed: unchanged
2026-04-11 21:51:54 | INFO     | ss_crawler | [crawler] [crawler] Fetching listing 10/30: https://www.ss.com/msg/lv/electronics/computers/completing-pc/video/fjdox.html
2026-04-11 21:51:57 | INFO     | ss_crawler | [scraper] [scraper] ⏭️ UNCHANGED: Processed: unchanged
2026-04-11 21:51:57 | INFO     | ss_crawler | [crawler] [crawler] Fetching listing 11/30: https://www.ss.com/msg/lv/electronics/computers/completing-pc/video/bkxjdg.html
2026-04-11 21:51:59 | INFO     | ss_crawler | [scraper] [scraper] ⏭️ UNCHANGED: Processed: unchanged
2026-04-11 21:51:59 | INFO     | ss_crawler | [crawler] [crawler] Fetching listing 12/30: https://www.ss.com/msg/lv/electronics/computers/completing-pc/video/bolpdx.html
2026-04-11 21:52:01 | INFO     | ss_crawler | [scraper] [scraper] ❓ UNMATCHED: No GPU match found
2026-04-11 21:52:01 | INFO     | ss_crawler | [crawler] [crawler] Fetching listing 13/30: https://www.ss.com/msg/lv/electronics/computers/completing-pc/video/blgiel.html
2026-04-11 21:52:03 | INFO     | ss_crawler | [scraper] [scraper] ⏭️ UNCHANGED: Processed: unchanged
2026-04-11 21:52:03 | INFO     | ss_crawler | [crawler] [crawler] Fetching listing 14/30: https://www.ss.com/msg/lv/electronics/computers/completing-pc/video/ebcgn.html
2026-04-11 21:52:07 | INFO     | ss_crawler | [scraper] [scraper] ⚠️ LOW_CONFIDENCE: Match confidence 0.42 below threshold
2026-04-11 21:52:07 | INFO     | ss_crawler | [crawler] [crawler] Fetching listing 15/30: https://www.ss.com/msg/lv/electronics/computers/completing-pc/video/pbgln.html
2026-04-11 21:52:09 | INFO     | ss_crawler | [scraper] [scraper] ⏭️ UNCHANGED: Processed: unchanged
2026-04-11 21:52:09 | INFO     | ss_crawler | [crawler] [crawler] Fetching listing 16/30: https://www.ss.com/msg/lv/electronics/computers/completing-pc/video/ppmhc.html
2026-04-11 21:52:11 | INFO     | ss_crawler | [scraper] [scraper] ⏭️ UNCHANGED: Processed: unchanged
2026-04-11 21:52:11 | INFO     | ss_crawler | [crawler] [crawler] Fetching listing 17/30: https://www.ss.com/msg/lv/electronics/computers/completing-pc/video/nhefi.html
2026-04-11 21:52:13 | INFO     | ss_crawler | [scraper] [scraper] ⚠️ LOW_CONFIDENCE: Match confidence 0.55 below threshold
2026-04-11 21:52:13 | INFO     | ss_crawler | [crawler] [crawler] Fetching listing 18/30: https://www.ss.com/msg/lv/electronics/computers/completing-pc/video/bkfomx.html
2026-04-11 21:52:15 | INFO     | ss_crawler | [scraper] [scraper] ⏭️ UNCHANGED: Processed: unchanged
2026-04-11 21:52:15 | INFO     | ss_crawler | [crawler] [crawler] Fetching listing 19/30: https://www.ss.com/msg/lv/electronics/computers/completing-pc/video/lpjic.html
2026-04-11 21:52:17 | INFO     | ss_crawler | [scraper] [scraper] ⏭️ UNCHANGED: Processed: unchanged
2026-04-11 21:52:17 | INFO     | ss_crawler | [crawler] [crawler] Fetching listing 20/30: https://www.ss.com/msg/lv/electronics/computers/completing-pc/video/epexo.html
2026-04-11 21:52:20 | INFO     | ss_crawler | [scraper] [scraper] ⏭️ UNCHANGED: Processed: unchanged
2026-04-11 21:52:20 | INFO     | ss_crawler | [crawler] [crawler] Fetching listing 21/30: https://www.ss.com/msg/lv/electronics/computers/completing-pc/video/bihlfm.html
2026-04-11 21:52:23 | INFO     | ss_crawler | [scraper] [scraper] ⏭️ UNCHANGED: Processed: unchanged
2026-04-11 21:52:23 | INFO     | ss_crawler | [crawler] [crawler] Fetching listing 22/30: https://www.ss.com/msg/lv/electronics/computers/completing-pc/video/blbeol.html
2026-04-11 21:52:26 | INFO     | ss_crawler | [scraper] [scraper] ⏭️ UNCHANGED: Processed: unchanged
2026-04-11 21:52:26 | INFO     | ss_crawler | [crawler] [crawler] Fetching listing 23/30: https://www.ss.com/msg/lv/electronics/computers/completing-pc/video/bkhdnd.html
2026-04-11 21:52:30 | INFO     | ss_crawler | [scraper] [scraper] ⏭️ UNCHANGED: Processed: unchanged
2026-04-11 21:52:30 | INFO     | ss_crawler | [crawler] [crawler] Fetching listing 24/30: https://www.ss.com/msg/lv/electronics/computers/completing-pc/video/fenki.html
2026-04-11 21:52:33 | INFO     | ss_crawler | [scraper] [scraper] ⏭️ UNCHANGED: Processed: unchanged
2026-04-11 21:52:33 | INFO     | ss_crawler | [crawler] [crawler] Fetching listing 25/30: https://www.ss.com/msg/lv/electronics/computers/completing-pc/video/lnkjl.html
2026-04-11 21:52:36 | INFO     | ss_crawler | [scraper] [scraper] ⏭️ UNCHANGED: Processed: unchanged
2026-04-11 21:52:36 | INFO     | ss_crawler | [crawler] [crawler] Fetching listing 26/30: https://www.ss.com/msg/lv/electronics/computers/completing-pc/video/adggp.html
2026-04-11 21:52:38 | INFO     | ss_crawler | [scraper] [scraper] ⏭️ UNCHANGED: Processed: unchanged
2026-04-11 21:52:38 | INFO     | ss_crawler | [crawler] [crawler] Fetching listing 27/30: https://www.ss.com/msg/lv/electronics/computers/completing-pc/video/ndokf.html
2026-04-11 21:52:42 | INFO     | ss_crawler | [scraper] [scraper] ⏭️ UNCHANGED: Processed: unchanged
2026-04-11 21:52:42 | INFO     | ss_crawler | [crawler] [crawler] Fetching listing 28/30: https://www.ss.com/msg/lv/electronics/computers/completing-pc/video/bkejlk.html
2026-04-11 21:52:45 | INFO     | ss_crawler | [scraper] [scraper] ⏭️ UNCHANGED: Processed: unchanged
2026-04-11 21:52:45 | INFO     | ss_crawler | [crawler] [crawler] Fetching listing 29/30: https://www.ss.com/msg/lv/electronics/computers/completing-pc/video/fcjgn.html
2026-04-11 21:52:47 | INFO     | ss_crawler | [scraper] [scraper] ⏭️ UNCHANGED: Processed: unchanged
2026-04-11 21:52:47 | INFO     | ss_crawler | [crawler] [crawler] Fetching listing 30/30: https://www.ss.com/msg/lv/electronics/computers/completing-pc/video/biohcc.html
2026-04-11 21:52:49 | INFO     | ss_crawler | [scraper] [scraper] ⏭️ UNCHANGED: Processed: unchanged
2026-04-11 21:52:49 | INFO     | ss_crawler | [scraper] [scraper] 📄 Fetching category: https://www.ss.com/lv/electronics/computers/completing-pc/video/page23.html
2026-04-11 21:52:49 | INFO     | ss_crawler | [crawler] [crawler] Fetching category page: https://www.ss.com/lv/electronics/computers/completing-pc/video/page23.html
2026-04-11 21:52:51 | INFO     | ss_crawler | [parser] [parser] Found 30 listings on page
2026-04-11 21:52:51 | INFO     | ss_crawler | [scraper] [scraper] 🔍 Found 30 listings to process
2026-04-11 21:52:51 | INFO     | ss_crawler | [crawler] [crawler] Fetching listing 1/30: https://www.ss.com/msg/lv/electronics/computers/completing-pc/video/bjcdjm.html
2026-04-11 21:52:53 | INFO     | ss_crawler | [scraper] [scraper] ⏭️ UNCHANGED: Processed: unchanged
2026-04-11 21:52:53 | INFO     | ss_crawler | [crawler] [crawler] Fetching listing 2/30: https://www.ss.com/msg/lv/electronics/computers/completing-pc/video/bkmenc.html
2026-04-11 21:52:56 | INFO     | ss_crawler | [scraper] [scraper] ⏭️ UNCHANGED: Processed: unchanged
2026-04-11 21:52:56 | INFO     | ss_crawler | [crawler] [crawler] Fetching listing 3/30: https://www.ss.com/msg/lv/electronics/computers/completing-pc/video/fkmij.html
2026-04-11 21:52:58 | INFO     | ss_crawler | [scraper] [scraper] ⏭️ UNCHANGED: Processed: unchanged
2026-04-11 21:52:58 | INFO     | ss_crawler | [crawler] [crawler] Fetching listing 4/30: https://www.ss.com/msg/lv/electronics/computers/completing-pc/video/fdjpc.html
2026-04-11 21:53:00 | INFO     | ss_crawler | [scraper] [scraper] ⏭️ UNCHANGED: Processed: unchanged
2026-04-11 21:53:00 | INFO     | ss_crawler | [crawler] [crawler] Fetching listing 5/30: https://www.ss.com/msg/lv/electronics/computers/completing-pc/video/cckmo.html
2026-04-11 21:53:02 | INFO     | ss_crawler | [scraper] [scraper] ⏭️ UNCHANGED: Processed: unchanged
2026-04-11 21:53:02 | INFO     | ss_crawler | [crawler] [crawler] Fetching listing 6/30: https://www.ss.com/msg/lv/electronics/computers/completing-pc/video/bopjpd.html
2026-04-11 21:53:05 | INFO     | ss_crawler | [scraper] [scraper] ⏭️ UNCHANGED: Processed: unchanged
2026-04-11 21:53:05 | INFO     | ss_crawler | [crawler] [crawler] Fetching listing 7/30: https://www.ss.com/msg/lv/electronics/computers/completing-pc/video/bikkbm.html
2026-04-11 21:53:08 | INFO     | ss_crawler | [scraper] [scraper] ⏭️ UNCHANGED: Processed: unchanged
2026-04-11 21:53:08 | INFO     | ss_crawler | [crawler] [crawler] Fetching listing 8/30: https://www.ss.com/msg/lv/electronics/computers/completing-pc/video/bkmnlc.html
2026-04-11 21:53:11 | INFO     | ss_crawler | [scraper] [scraper] ⏭️ UNCHANGED: Processed: unchanged
2026-04-11 21:53:11 | INFO     | ss_crawler | [crawler] [crawler] Fetching listing 9/30: https://www.ss.com/msg/lv/electronics/computers/completing-pc/video/lpbhi.html
2026-04-11 21:53:13 | INFO     | ss_crawler | [scraper] [scraper] ⏭️ UNCHANGED: Processed: unchanged
2026-04-11 21:53:13 | INFO     | ss_crawler | [crawler] [crawler] Fetching listing 10/30: https://www.ss.com/msg/lv/electronics/computers/completing-pc/video/fjdox.html
2026-04-11 21:53:17 | INFO     | ss_crawler | [scraper] [scraper] ⏭️ UNCHANGED: Processed: unchanged
2026-04-11 21:53:17 | INFO     | ss_crawler | [crawler] [crawler] Fetching listing 11/30: https://www.ss.com/msg/lv/electronics/computers/completing-pc/video/bkxjdg.html
2026-04-11 21:53:19 | INFO     | ss_crawler | [scraper] [scraper] ⏭️ UNCHANGED: Processed: unchanged
2026-04-11 21:53:19 | INFO     | ss_crawler | [crawler] [crawler] Fetching listing 12/30: https://www.ss.com/msg/lv/electronics/computers/completing-pc/video/bolpdx.html
2026-04-11 21:53:22 | INFO     | ss_crawler | [scraper] [scraper] ❓ UNMATCHED: No GPU match found
2026-04-11 21:53:22 | INFO     | ss_crawler | [crawler] [crawler] Fetching listing 13/30: https://www.ss.com/msg/lv/electronics/computers/completing-pc/video/blgiel.html
2026-04-11 21:53:25 | INFO     | ss_crawler | [scraper] [scraper] ⏭️ UNCHANGED: Processed: unchanged
2026-04-11 21:53:25 | INFO     | ss_crawler | [crawler] [crawler] Fetching listing 14/30: https://www.ss.com/msg/lv/electronics/computers/completing-pc/video/ebcgn.html
2026-04-11 21:53:28 | INFO     | ss_crawler | [scraper] [scraper] ⚠️ LOW_CONFIDENCE: Match confidence 0.42 below threshold
2026-04-11 21:53:28 | INFO     | ss_crawler | [crawler] [crawler] Fetching listing 15/30: https://www.ss.com/msg/lv/electronics/computers/completing-pc/video/pbgln.html
2026-04-11 21:53:31 | INFO     | ss_crawler | [scraper] [scraper] ⏭️ UNCHANGED: Processed: unchanged
2026-04-11 21:53:31 | INFO     | ss_crawler | [crawler] [crawler] Fetching listing 16/30: https://www.ss.com/msg/lv/electronics/computers/completing-pc/video/ppmhc.html
2026-04-11 21:53:34 | INFO     | ss_crawler | [scraper] [scraper] ⏭️ UNCHANGED: Processed: unchanged
2026-04-11 21:53:34 | INFO     | ss_crawler | [crawler] [crawler] Fetching listing 17/30: https://www.ss.com/msg/lv/electronics/computers/completing-pc/video/nhefi.html
2026-04-11 21:53:36 | INFO     | ss_crawler | [scraper] [scraper] ⚠️ LOW_CONFIDENCE: Match confidence 0.55 below threshold
2026-04-11 21:53:36 | INFO     | ss_crawler | [crawler] [crawler] Fetching listing 18/30: https://www.ss.com/msg/lv/electronics/computers/completing-pc/video/bkfomx.html
2026-04-11 21:53:39 | INFO     | ss_crawler | [scraper] [scraper] ⏭️ UNCHANGED: Processed: unchanged
2026-04-11 21:53:39 | INFO     | ss_crawler | [crawler] [crawler] Fetching listing 19/30: https://www.ss.com/msg/lv/electronics/computers/completing-pc/video/lpjic.html
2026-04-11 21:53:42 | INFO     | ss_crawler | [scraper] [scraper] ⏭️ UNCHANGED: Processed: unchanged
2026-04-11 21:53:42 | INFO     | ss_crawler | [crawler] [crawler] Fetching listing 20/30: https://www.ss.com/msg/lv/electronics/computers/completing-pc/video/epexo.html
2026-04-11 21:53:45 | INFO     | ss_crawler | [scraper] [scraper] ⏭️ UNCHANGED: Processed: unchanged
2026-04-11 21:53:45 | INFO     | ss_crawler | [crawler] [crawler] Fetching listing 21/30: https://www.ss.com/msg/lv/electronics/computers/completing-pc/video/bihlfm.html
2026-04-11 21:53:47 | INFO     | ss_crawler | [scraper] [scraper] ⏭️ UNCHANGED: Processed: unchanged
2026-04-11 21:53:47 | INFO     | ss_crawler | [crawler] [crawler] Fetching listing 22/30: https://www.ss.com/msg/lv/electronics/computers/completing-pc/video/blbeol.html
2026-04-11 21:53:51 | INFO     | ss_crawler | [scraper] [scraper] ⏭️ UNCHANGED: Processed: unchanged
2026-04-11 21:53:51 | INFO     | ss_crawler | [crawler] [crawler] Fetching listing 23/30: https://www.ss.com/msg/lv/electronics/computers/completing-pc/video/bkhdnd.html
2026-04-11 21:53:52 | INFO     | ss_crawler | [scraper] [scraper] ⏭️ UNCHANGED: Processed: unchanged
2026-04-11 21:53:52 | INFO     | ss_crawler | [crawler] [crawler] Fetching listing 24/30: https://www.ss.com/msg/lv/electronics/computers/completing-pc/video/fenki.html
2026-04-11 21:53:55 | INFO     | ss_crawler | [scraper] [scraper] ⏭️ UNCHANGED: Processed: unchanged
2026-04-11 21:53:55 | INFO     | ss_crawler | [crawler] [crawler] Fetching listing 25/30: https://www.ss.com/msg/lv/electronics/computers/completing-pc/video/lnkjl.html
2026-04-11 21:53:59 | INFO     | ss_crawler | [scraper] [scraper] ⏭️ UNCHANGED: Processed: unchanged
2026-04-11 21:53:59 | INFO     | ss_crawler | [crawler] [crawler] Fetching listing 26/30: https://www.ss.com/msg/lv/electronics/computers/completing-pc/video/adggp.html
2026-04-11 21:54:02 | INFO     | ss_crawler | [scraper] [scraper] ⏭️ UNCHANGED: Processed: unchanged
2026-04-11 21:54:02 | INFO     | ss_crawler | [crawler] [crawler] Fetching listing 27/30: https://www.ss.com/msg/lv/electronics/computers/completing-pc/video/ndokf.html
2026-04-11 21:54:03 | INFO     | ss_crawler | [scraper] [scraper] ⏭️ UNCHANGED: Processed: unchanged
2026-04-11 21:54:03 | INFO     | ss_crawler | [crawler] [crawler] Fetching listing 28/30: https://www.ss.com/msg/lv/electronics/computers/completing-pc/video/bkejlk.html
2026-04-11 21:54:05 | INFO     | ss_crawler | [scraper] [scraper] ⏭️ UNCHANGED: Processed: unchanged
2026-04-11 21:54:05 | INFO     | ss_crawler | [crawler] [crawler] Fetching listing 29/30: https://www.ss.com/msg/lv/electronics/computers/completing-pc/video/fcjgn.html
2026-04-11 21:54:08 | INFO     | ss_crawler | [scraper] [scraper] ⏭️ UNCHANGED: Processed: unchanged
2026-04-11 21:54:08 | INFO     | ss_crawler | [crawler] [crawler] Fetching listing 30/30: https://www.ss.com/msg/lv/electronics/computers/completing-pc/video/biohcc.html
2026-04-11 21:54:10 | INFO     | ss_crawler | [scraper] [scraper] ⏭️ UNCHANGED: Processed: unchanged
2026-04-11 21:54:10 | INFO     | ss_crawler | [scraper] [scraper] 📄 Fetching category: https://www.ss.com/lv/electronics/computers/completing-pc/video/page24.html
2026-04-11 21:54:10 | INFO     | ss_crawler | [crawler] [crawler] Fetching category page: https://www.ss.com/lv/electronics/computers/completing-pc/video/page24.html
2026-04-11 21:54:12 | INFO     | ss_crawler | [parser] [parser] Found 30 listings on page
2026-04-11 21:54:12 | INFO     | ss_crawler | [scraper] [scraper] 🔍 Found 30 listings to process
2026-04-11 21:54:12 | INFO     | ss_crawler | [crawler] [crawler] Fetching listing 1/30: https://www.ss.com/msg/lv/electronics/computers/completing-pc/video/bjcdjm.html
2026-04-11 21:54:15 | INFO     | ss_crawler | [scraper] [scraper] ⏭️ UNCHANGED: Processed: unchanged
2026-04-11 21:54:15 | INFO     | ss_crawler | [crawler] [crawler] Fetching listing 2/30: https://www.ss.com/msg/lv/electronics/computers/completing-pc/video/bkmenc.html
2026-04-11 21:54:18 | INFO     | ss_crawler | [scraper] [scraper] ⏭️ UNCHANGED: Processed: unchanged
2026-04-11 21:54:18 | INFO     | ss_crawler | [crawler] [crawler] Fetching listing 3/30: https://www.ss.com/msg/lv/electronics/computers/completing-pc/video/fkmij.html
2026-04-11 21:54:21 | INFO     | ss_crawler | [scraper] [scraper] ⏭️ UNCHANGED: Processed: unchanged
2026-04-11 21:54:21 | INFO     | ss_crawler | [crawler] [crawler] Fetching listing 4/30: https://www.ss.com/msg/lv/electronics/computers/completing-pc/video/fdjpc.html
2026-04-11 21:54:24 | INFO     | ss_crawler | [scraper] [scraper] ⏭️ UNCHANGED: Processed: unchanged
2026-04-11 21:54:24 | INFO     | ss_crawler | [crawler] [crawler] Fetching listing 5/30: https://www.ss.com/msg/lv/electronics/computers/completing-pc/video/cckmo.html
2026-04-11 21:54:27 | INFO     | ss_crawler | [scraper] [scraper] ⏭️ UNCHANGED: Processed: unchanged
2026-04-11 21:54:27 | INFO     | ss_crawler | [crawler] [crawler] Fetching listing 6/30: https://www.ss.com/msg/lv/electronics/computers/completing-pc/video/bopjpd.html
2026-04-11 21:54:30 | INFO     | ss_crawler | [scraper] [scraper] ⏭️ UNCHANGED: Processed: unchanged
2026-04-11 21:54:30 | INFO     | ss_crawler | [crawler] [crawler] Fetching listing 7/30: https://www.ss.com/msg/lv/electronics/computers/completing-pc/video/bikkbm.html
2026-04-11 21:54:33 | INFO     | ss_crawler | [scraper] [scraper] ⏭️ UNCHANGED: Processed: unchanged
2026-04-11 21:54:33 | INFO     | ss_crawler | [crawler] [crawler] Fetching listing 8/30: https://www.ss.com/msg/lv/electronics/computers/completing-pc/video/bkmnlc.html
2026-04-11 21:54:36 | INFO     | ss_crawler | [scraper] [scraper] ⏭️ UNCHANGED: Processed: unchanged
2026-04-11 21:54:36 | INFO     | ss_crawler | [crawler] [crawler] Fetching listing 9/30: https://www.ss.com/msg/lv/electronics/computers/completing-pc/video/lpbhi.html
2026-04-11 21:54:38 | INFO     | ss_crawler | [scraper] [scraper] ⏭️ UNCHANGED: Processed: unchanged
2026-04-11 21:54:38 | INFO     | ss_crawler | [crawler] [crawler] Fetching listing 10/30: https://www.ss.com/msg/lv/electronics/computers/completing-pc/video/fjdox.html
2026-04-11 21:54:41 | INFO     | ss_crawler | [scraper] [scraper] ⏭️ UNCHANGED: Processed: unchanged
2026-04-11 21:54:41 | INFO     | ss_crawler | [crawler] [crawler] Fetching listing 11/30: https://www.ss.com/msg/lv/electronics/computers/completing-pc/video/bkxjdg.html
2026-04-11 21:54:44 | INFO     | ss_crawler | [scraper] [scraper] ⏭️ UNCHANGED: Processed: unchanged
2026-04-11 21:54:44 | INFO     | ss_crawler | [crawler] [crawler] Fetching listing 12/30: https://www.ss.com/msg/lv/electronics/computers/completing-pc/video/bolpdx.html
2026-04-11 21:54:47 | INFO     | ss_crawler | [scraper] [scraper] ❓ UNMATCHED: No GPU match found
2026-04-11 21:54:47 | INFO     | ss_crawler | [crawler] [crawler] Fetching listing 13/30: https://www.ss.com/msg/lv/electronics/computers/completing-pc/video/blgiel.html
2026-04-11 21:54:49 | INFO     | ss_crawler | [scraper] [scraper] ⏭️ UNCHANGED: Processed: unchanged
2026-04-11 21:54:49 | INFO     | ss_crawler | [crawler] [crawler] Fetching listing 14/30: https://www.ss.com/msg/lv/electronics/computers/completing-pc/video/ebcgn.html
2026-04-11 21:54:51 | INFO     | ss_crawler | [scraper] [scraper] ⚠️ LOW_CONFIDENCE: Match confidence 0.42 below threshold
2026-04-11 21:54:51 | INFO     | ss_crawler | [crawler] [crawler] Fetching listing 15/30: https://www.ss.com/msg/lv/electronics/computers/completing-pc/video/pbgln.html
2026-04-11 21:54:53 | INFO     | ss_crawler | [scraper] [scraper] ⏭️ UNCHANGED: Processed: unchanged
2026-04-11 21:54:53 | INFO     | ss_crawler | [crawler] [crawler] Fetching listing 16/30: https://www.ss.com/msg/lv/electronics/computers/completing-pc/video/ppmhc.html
2026-04-11 21:54:56 | INFO     | ss_crawler | [scraper] [scraper] ⏭️ UNCHANGED: Processed: unchanged
2026-04-11 21:54:56 | INFO     | ss_crawler | [crawler] [crawler] Fetching listing 17/30: https://www.ss.com/msg/lv/electronics/computers/completing-pc/video/nhefi.html
2026-04-11 21:54:59 | INFO     | ss_crawler | [scraper] [scraper] ⚠️ LOW_CONFIDENCE: Match confidence 0.55 below threshold
2026-04-11 21:54:59 | INFO     | ss_crawler | [crawler] [crawler] Fetching listing 18/30: https://www.ss.com/msg/lv/electronics/computers/completing-pc/video/bkfomx.html
2026-04-11 21:55:02 | INFO     | ss_crawler | [scraper] [scraper] ⏭️ UNCHANGED: Processed: unchanged
2026-04-11 21:55:02 | INFO     | ss_crawler | [crawler] [crawler] Fetching listing 19/30: https://www.ss.com/msg/lv/electronics/computers/completing-pc/video/lpjic.html
2026-04-11 21:55:04 | INFO     | ss_crawler | [scraper] [scraper] ⏭️ UNCHANGED: Processed: unchanged
2026-04-11 21:55:04 | INFO     | ss_crawler | [crawler] [crawler] Fetching listing 20/30: https://www.ss.com/msg/lv/electronics/computers/completing-pc/video/epexo.html
2026-04-11 21:55:06 | INFO     | ss_crawler | [scraper] [scraper] ⏭️ UNCHANGED: Processed: unchanged
2026-04-11 21:55:06 | INFO     | ss_crawler | [crawler] [crawler] Fetching listing 21/30: https://www.ss.com/msg/lv/electronics/computers/completing-pc/video/bihlfm.html
2026-04-11 21:55:08 | INFO     | ss_crawler | [scraper] [scraper] ⏭️ UNCHANGED: Processed: unchanged
2026-04-11 21:55:08 | INFO     | ss_crawler | [crawler] [crawler] Fetching listing 22/30: https://www.ss.com/msg/lv/electronics/computers/completing-pc/video/blbeol.html
2026-04-11 21:55:10 | INFO     | ss_crawler | [scraper] [scraper] ⏭️ UNCHANGED: Processed: unchanged
2026-04-11 21:55:10 | INFO     | ss_crawler | [crawler] [crawler] Fetching listing 23/30: https://www.ss.com/msg/lv/electronics/computers/completing-pc/video/bkhdnd.html
2026-04-11 21:55:13 | INFO     | ss_crawler | [scraper] [scraper] ⏭️ UNCHANGED: Processed: unchanged
2026-04-11 21:55:13 | INFO     | ss_crawler | [crawler] [crawler] Fetching listing 24/30: https://www.ss.com/msg/lv/electronics/computers/completing-pc/video/fenki.html
2026-04-11 21:55:16 | INFO     | ss_crawler | [scraper] [scraper] ⏭️ UNCHANGED: Processed: unchanged
2026-04-11 21:55:16 | INFO     | ss_crawler | [crawler] [crawler] Fetching listing 25/30: https://www.ss.com/msg/lv/electronics/computers/completing-pc/video/lnkjl.html
2026-04-11 21:55:19 | INFO     | ss_crawler | [scraper] [scraper] ⏭️ UNCHANGED: Processed: unchanged
2026-04-11 21:55:19 | INFO     | ss_crawler | [crawler] [crawler] Fetching listing 26/30: https://www.ss.com/msg/lv/electronics/computers/completing-pc/video/adggp.html
2026-04-11 21:55:22 | INFO     | ss_crawler | [scraper] [scraper] ⏭️ UNCHANGED: Processed: unchanged
2026-04-11 21:55:22 | INFO     | ss_crawler | [crawler] [crawler] Fetching listing 27/30: https://www.ss.com/msg/lv/electronics/computers/completing-pc/video/ndokf.html
2026-04-11 21:55:25 | INFO     | ss_crawler | [scraper] [scraper] ⏭️ UNCHANGED: Processed: unchanged
2026-04-11 21:55:25 | INFO     | ss_crawler | [crawler] [crawler] Fetching listing 28/30: https://www.ss.com/msg/lv/electronics/computers/completing-pc/video/bkejlk.html
2026-04-11 21:55:28 | INFO     | ss_crawler | [scraper] [scraper] ⏭️ UNCHANGED: Processed: unchanged
2026-04-11 21:55:28 | INFO     | ss_crawler | [crawler] [crawler] Fetching listing 29/30: https://www.ss.com/msg/lv/electronics/computers/completing-pc/video/fcjgn.html
2026-04-11 21:55:30 | INFO     | ss_crawler | [scraper] [scraper] ⏭️ UNCHANGED: Processed: unchanged
2026-04-11 21:55:30 | INFO     | ss_crawler | [crawler] [crawler] Fetching listing 30/30: https://www.ss.com/msg/lv/electronics/computers/completing-pc/video/biohcc.html
2026-04-11 21:55:31 | INFO     | ss_crawler | [scraper] [scraper] ⏭️ UNCHANGED: Processed: unchanged
2026-04-11 21:55:31 | INFO     | ss_crawler | [scraper] [scraper] 📄 Fetching category: https://www.ss.com/lv/electronics/computers/completing-pc/video/page25.html
2026-04-11 21:55:31 | INFO     | ss_crawler | [crawler] [crawler] Fetching category page: https://www.ss.com/lv/electronics/computers/completing-pc/video/page25.html
2026-04-11 21:55:35 | INFO     | ss_crawler | [parser] [parser] Found 30 listings on page
2026-04-11 21:55:35 | INFO     | ss_crawler | [scraper] [scraper] 🔍 Found 30 listings to process
2026-04-11 21:55:35 | INFO     | ss_crawler | [crawler] [crawler] Fetching listing 1/30: https://www.ss.com/msg/lv/electronics/computers/completing-pc/video/bjcdjm.html
2026-04-11 21:55:37 | INFO     | ss_crawler | [scraper] [scraper] ⏭️ UNCHANGED: Processed: unchanged
2026-04-11 21:55:37 | INFO     | ss_crawler | [crawler] [crawler] Fetching listing 2/30: https://www.ss.com/msg/lv/electronics/computers/completing-pc/video/bkmenc.html
2026-04-11 21:55:39 | INFO     | ss_crawler | [scraper] [scraper] ⏭️ UNCHANGED: Processed: unchanged
2026-04-11 21:55:39 | INFO     | ss_crawler | [crawler] [crawler] Fetching listing 3/30: https://www.ss.com/msg/lv/electronics/computers/completing-pc/video/fkmij.html
2026-04-11 21:55:43 | INFO     | ss_crawler | [scraper] [scraper] ⏭️ UNCHANGED: Processed: unchanged
2026-04-11 21:55:43 | INFO     | ss_crawler | [crawler] [crawler] Fetching listing 4/30: https://www.ss.com/msg/lv/electronics/computers/completing-pc/video/fdjpc.html
2026-04-11 21:55:45 | INFO     | ss_crawler | [scraper] [scraper] ⏭️ UNCHANGED: Processed: unchanged
2026-04-11 21:55:45 | INFO     | ss_crawler | [crawler] [crawler] Fetching listing 5/30: https://www.ss.com/msg/lv/electronics/computers/completing-pc/video/cckmo.html
2026-04-11 21:55:47 | INFO     | ss_crawler | [scraper] [scraper] ⏭️ UNCHANGED: Processed: unchanged
2026-04-11 21:55:47 | INFO     | ss_crawler | [crawler] [crawler] Fetching listing 6/30: https://www.ss.com/msg/lv/electronics/computers/completing-pc/video/bopjpd.html
2026-04-11 21:55:49 | INFO     | ss_crawler | [scraper] [scraper] ⏭️ UNCHANGED: Processed: unchanged
2026-04-11 21:55:49 | INFO     | ss_crawler | [crawler] [crawler] Fetching listing 7/30: https://www.ss.com/msg/lv/electronics/computers/completing-pc/video/bikkbm.html
2026-04-11 21:55:52 | INFO     | ss_crawler | [scraper] [scraper] ⏭️ UNCHANGED: Processed: unchanged
2026-04-11 21:55:52 | INFO     | ss_crawler | [crawler] [crawler] Fetching listing 8/30: https://www.ss.com/msg/lv/electronics/computers/completing-pc/video/bkmnlc.html
2026-04-11 21:55:56 | INFO     | ss_crawler | [scraper] [scraper] ⏭️ UNCHANGED: Processed: unchanged
2026-04-11 21:55:56 | INFO     | ss_crawler | [crawler] [crawler] Fetching listing 9/30: https://www.ss.com/msg/lv/electronics/computers/completing-pc/video/lpbhi.html
2026-04-11 21:55:58 | INFO     | ss_crawler | [scraper] [scraper] ⏭️ UNCHANGED: Processed: unchanged
2026-04-11 21:55:58 | INFO     | ss_crawler | [crawler] [crawler] Fetching listing 10/30: https://www.ss.com/msg/lv/electronics/computers/completing-pc/video/fjdox.html
2026-04-11 21:56:01 | INFO     | ss_crawler | [scraper] [scraper] ⏭️ UNCHANGED: Processed: unchanged
2026-04-11 21:56:01 | INFO     | ss_crawler | [crawler] [crawler] Fetching listing 11/30: https://www.ss.com/msg/lv/electronics/computers/completing-pc/video/bkxjdg.html
2026-04-11 21:56:04 | INFO     | ss_crawler | [scraper] [scraper] ⏭️ UNCHANGED: Processed: unchanged
2026-04-11 21:56:04 | INFO     | ss_crawler | [crawler] [crawler] Fetching listing 12/30: https://www.ss.com/msg/lv/electronics/computers/completing-pc/video/bolpdx.html
2026-04-11 21:56:07 | INFO     | ss_crawler | [scraper] [scraper] ❓ UNMATCHED: No GPU match found
2026-04-11 21:56:07 | INFO     | ss_crawler | [crawler] [crawler] Fetching listing 13/30: https://www.ss.com/msg/lv/electronics/computers/completing-pc/video/blgiel.html
2026-04-11 21:56:10 | INFO     | ss_crawler | [scraper] [scraper] ⏭️ UNCHANGED: Processed: unchanged
2026-04-11 21:56:10 | INFO     | ss_crawler | [crawler] [crawler] Fetching listing 14/30: https://www.ss.com/msg/lv/electronics/computers/completing-pc/video/ebcgn.html
2026-04-11 21:56:14 | INFO     | ss_crawler | [scraper] [scraper] ⚠️ LOW_CONFIDENCE: Match confidence 0.42 below threshold
2026-04-11 21:56:14 | INFO     | ss_crawler | [crawler] [crawler] Fetching listing 15/30: https://www.ss.com/msg/lv/electronics/computers/completing-pc/video/pbgln.html
2026-04-11 21:56:17 | INFO     | ss_crawler | [scraper] [scraper] ⏭️ UNCHANGED: Processed: unchanged
2026-04-11 21:56:17 | INFO     | ss_crawler | [crawler] [crawler] Fetching listing 16/30: https://www.ss.com/msg/lv/electronics/computers/completing-pc/video/ppmhc.html
2026-04-11 21:56:19 | INFO     | ss_crawler | [scraper] [scraper] ⏭️ UNCHANGED: Processed: unchanged
2026-04-11 21:56:19 | INFO     | ss_crawler | [crawler] [crawler] Fetching listing 17/30: https://www.ss.com/msg/lv/electronics/computers/completing-pc/video/nhefi.html
2026-04-11 21:56:21 | INFO     | ss_crawler | [scraper] [scraper] ⚠️ LOW_CONFIDENCE: Match confidence 0.55 below threshold
2026-04-11 21:56:21 | INFO     | ss_crawler | [crawler] [crawler] Fetching listing 18/30: https://www.ss.com/msg/lv/electronics/computers/completing-pc/video/bkfomx.html
2026-04-11 21:56:23 | INFO     | ss_crawler | [scraper] [scraper] ⏭️ UNCHANGED: Processed: unchanged
2026-04-11 21:56:23 | INFO     | ss_crawler | [crawler] [crawler] Fetching listing 19/30: https://www.ss.com/msg/lv/electronics/computers/completing-pc/video/lpjic.html
2026-04-11 21:56:26 | INFO     | ss_crawler | [scraper] [scraper] ⏭️ UNCHANGED: Processed: unchanged
2026-04-11 21:56:26 | INFO     | ss_crawler | [crawler] [crawler] Fetching listing 20/30: https://www.ss.com/msg/lv/electronics/computers/completing-pc/video/epexo.html
2026-04-11 21:56:30 | INFO     | ss_crawler | [scraper] [scraper] ⏭️ UNCHANGED: Processed: unchanged
2026-04-11 21:56:30 | INFO     | ss_crawler | [crawler] [crawler] Fetching listing 21/30: https://www.ss.com/msg/lv/electronics/computers/completing-pc/video/bihlfm.html
2026-04-11 21:56:32 | INFO     | ss_crawler | [scraper] [scraper] ⏭️ UNCHANGED: Processed: unchanged
2026-04-11 21:56:32 | INFO     | ss_crawler | [crawler] [crawler] Fetching listing 22/30: https://www.ss.com/msg/lv/electronics/computers/completing-pc/video/blbeol.html
2026-04-11 21:56:35 | INFO     | ss_crawler | [scraper] [scraper] ⏭️ UNCHANGED: Processed: unchanged
2026-04-11 21:56:35 | INFO     | ss_crawler | [crawler] [crawler] Fetching listing 23/30: https://www.ss.com/msg/lv/electronics/computers/completing-pc/video/bkhdnd.html
2026-04-11 21:56:37 | INFO     | ss_crawler | [scraper] [scraper] ⏭️ UNCHANGED: Processed: unchanged
2026-04-11 21:56:37 | INFO     | ss_crawler | [crawler] [crawler] Fetching listing 24/30: https://www.ss.com/msg/lv/electronics/computers/completing-pc/video/fenki.html
2026-04-11 21:56:41 | INFO     | ss_crawler | [scraper] [scraper] ⏭️ UNCHANGED: Processed: unchanged
2026-04-11 21:56:41 | INFO     | ss_crawler | [crawler] [crawler] Fetching listing 25/30: https://www.ss.com/msg/lv/electronics/computers/completing-pc/video/lnkjl.html
2026-04-11 21:56:42 | INFO     | ss_crawler | [scraper] [scraper] ⏭️ UNCHANGED: Processed: unchanged
2026-04-11 21:56:42 | INFO     | ss_crawler | [crawler] [crawler] Fetching listing 26/30: https://www.ss.com/msg/lv/electronics/computers/completing-pc/video/adggp.html
2026-04-11 21:56:45 | INFO     | ss_crawler | [scraper] [scraper] ⏭️ UNCHANGED: Processed: unchanged
2026-04-11 21:56:45 | INFO     | ss_crawler | [crawler] [crawler] Fetching listing 27/30: https://www.ss.com/msg/lv/electronics/computers/completing-pc/video/ndokf.html
2026-04-11 21:56:48 | INFO     | ss_crawler | [scraper] [scraper] ⏭️ UNCHANGED: Processed: unchanged
2026-04-11 21:56:48 | INFO     | ss_crawler | [crawler] [crawler] Fetching listing 28/30: https://www.ss.com/msg/lv/electronics/computers/completing-pc/video/bkejlk.html
2026-04-11 21:56:51 | INFO     | ss_crawler | [scraper] [scraper] ⏭️ UNCHANGED: Processed: unchanged
2026-04-11 21:56:51 | INFO     | ss_crawler | [crawler] [crawler] Fetching listing 29/30: https://www.ss.com/msg/lv/electronics/computers/completing-pc/video/fcjgn.html
2026-04-11 21:56:53 | INFO     | ss_crawler | [scraper] [scraper] ⏭️ UNCHANGED: Processed: unchanged
2026-04-11 21:56:53 | INFO     | ss_crawler | [crawler] [crawler] Fetching listing 30/30: https://www.ss.com/msg/lv/electronics/computers/completing-pc/video/biohcc.html
2026-04-11 21:56:56 | INFO     | ss_crawler | [scraper] [scraper] ⏭️ UNCHANGED: Processed: unchanged
2026-04-11 21:56:56 | INFO     | ss_crawler | [scraper] [scraper] 📄 Fetching category: https://www.ss.com/lv/electronics/computers/completing-pc/video/page26.html
2026-04-11 21:56:56 | INFO     | ss_crawler | [crawler] [crawler] Fetching category page: https://www.ss.com/lv/electronics/computers/completing-pc/video/page26.html
2026-04-11 21:56:59 | INFO     | ss_crawler | [parser] [parser] Found 30 listings on page
2026-04-11 21:56:59 | INFO     | ss_crawler | [scraper] [scraper] 🔍 Found 30 listings to process
2026-04-11 21:56:59 | INFO     | ss_crawler | [crawler] [crawler] Fetching listing 1/30: https://www.ss.com/msg/lv/electronics/computers/completing-pc/video/bjcdjm.html
2026-04-11 21:57:01 | INFO     | ss_crawler | [scraper] [scraper] ⏭️ UNCHANGED: Processed: unchanged
2026-04-11 21:57:01 | INFO     | ss_crawler | [crawler] [crawler] Fetching listing 2/30: https://www.ss.com/msg/lv/electronics/computers/completing-pc/video/bkmenc.html
2026-04-11 21:57:04 | INFO     | ss_crawler | [scraper] [scraper] ⏭️ UNCHANGED: Processed: unchanged
2026-04-11 21:57:04 | INFO     | ss_crawler | [crawler] [crawler] Fetching listing 3/30: https://www.ss.com/msg/lv/electronics/computers/completing-pc/video/fkmij.html
2026-04-11 21:57:08 | INFO     | ss_crawler | [scraper] [scraper] ⏭️ UNCHANGED: Processed: unchanged
2026-04-11 21:57:08 | INFO     | ss_crawler | [crawler] [crawler] Fetching listing 4/30: https://www.ss.com/msg/lv/electronics/computers/completing-pc/video/fdjpc.html
2026-04-11 21:57:09 | INFO     | ss_crawler | [scraper] [scraper] ⏭️ UNCHANGED: Processed: unchanged
2026-04-11 21:57:09 | INFO     | ss_crawler | [crawler] [crawler] Fetching listing 5/30: https://www.ss.com/msg/lv/electronics/computers/completing-pc/video/cckmo.html
2026-04-11 21:57:12 | INFO     | ss_crawler | [scraper] [scraper] ⏭️ UNCHANGED: Processed: unchanged
2026-04-11 21:57:12 | INFO     | ss_crawler | [crawler] [crawler] Fetching listing 6/30: https://www.ss.com/msg/lv/electronics/computers/completing-pc/video/bopjpd.html
2026-04-11 21:57:16 | INFO     | ss_crawler | [scraper] [scraper] ⏭️ UNCHANGED: Processed: unchanged
2026-04-11 21:57:16 | INFO     | ss_crawler | [crawler] [crawler] Fetching listing 7/30: https://www.ss.com/msg/lv/electronics/computers/completing-pc/video/bikkbm.html
2026-04-11 21:57:18 | INFO     | ss_crawler | [scraper] [scraper] ⏭️ UNCHANGED: Processed: unchanged
2026-04-11 21:57:18 | INFO     | ss_crawler | [crawler] [crawler] Fetching listing 8/30: https://www.ss.com/msg/lv/electronics/computers/completing-pc/video/bkmnlc.html
2026-04-11 21:57:21 | INFO     | ss_crawler | [scraper] [scraper] ⏭️ UNCHANGED: Processed: unchanged
2026-04-11 21:57:21 | INFO     | ss_crawler | [crawler] [crawler] Fetching listing 9/30: https://www.ss.com/msg/lv/electronics/computers/completing-pc/video/lpbhi.html
2026-04-11 21:57:23 | INFO     | ss_crawler | [scraper] [scraper] ⏭️ UNCHANGED: Processed: unchanged
2026-04-11 21:57:23 | INFO     | ss_crawler | [crawler] [crawler] Fetching listing 10/30: https://www.ss.com/msg/lv/electronics/computers/completing-pc/video/fjdox.html
2026-04-11 21:57:26 | INFO     | ss_crawler | [scraper] [scraper] ⏭️ UNCHANGED: Processed: unchanged
2026-04-11 21:57:26 | INFO     | ss_crawler | [crawler] [crawler] Fetching listing 11/30: https://www.ss.com/msg/lv/electronics/computers/completing-pc/video/bkxjdg.html
2026-04-11 21:57:30 | INFO     | ss_crawler | [scraper] [scraper] ⏭️ UNCHANGED: Processed: unchanged
2026-04-11 21:57:30 | INFO     | ss_crawler | [crawler] [crawler] Fetching listing 12/30: https://www.ss.com/msg/lv/electronics/computers/completing-pc/video/bolpdx.html
2026-04-11 21:57:32 | INFO     | ss_crawler | [scraper] [scraper] ❓ UNMATCHED: No GPU match found
2026-04-11 21:57:32 | INFO     | ss_crawler | [crawler] [crawler] Fetching listing 13/30: https://www.ss.com/msg/lv/electronics/computers/completing-pc/video/blgiel.html
2026-04-11 21:57:36 | INFO     | ss_crawler | [scraper] [scraper] ⏭️ UNCHANGED: Processed: unchanged
2026-04-11 21:57:36 | INFO     | ss_crawler | [crawler] [crawler] Fetching listing 14/30: https://www.ss.com/msg/lv/electronics/computers/completing-pc/video/ebcgn.html
2026-04-11 21:57:39 | INFO     | ss_crawler | [scraper] [scraper] ⚠️ LOW_CONFIDENCE: Match confidence 0.42 below threshold
2026-04-11 21:57:39 | INFO     | ss_crawler | [crawler] [crawler] Fetching listing 15/30: https://www.ss.com/msg/lv/electronics/computers/completing-pc/video/pbgln.html
2026-04-11 21:57:42 | INFO     | ss_crawler | [scraper] [scraper] ⏭️ UNCHANGED: Processed: unchanged
2026-04-11 21:57:42 | INFO     | ss_crawler | [crawler] [crawler] Fetching listing 16/30: https://www.ss.com/msg/lv/electronics/computers/completing-pc/video/ppmhc.html
2026-04-11 21:57:45 | INFO     | ss_crawler | [scraper] [scraper] ⏭️ UNCHANGED: Processed: unchanged
2026-04-11 21:57:45 | INFO     | ss_crawler | [crawler] [crawler] Fetching listing 17/30: https://www.ss.com/msg/lv/electronics/computers/completing-pc/video/nhefi.html
2026-04-11 21:57:47 | INFO     | ss_crawler | [scraper] [scraper] ⚠️ LOW_CONFIDENCE: Match confidence 0.55 below threshold
2026-04-11 21:57:47 | INFO     | ss_crawler | [crawler] [crawler] Fetching listing 18/30: https://www.ss.com/msg/lv/electronics/computers/completing-pc/video/bkfomx.html
2026-04-11 21:57:49 | INFO     | ss_crawler | [scraper] [scraper] ⏭️ UNCHANGED: Processed: unchanged
2026-04-11 21:57:49 | INFO     | ss_crawler | [crawler] [crawler] Fetching listing 19/30: https://www.ss.com/msg/lv/electronics/computers/completing-pc/video/lpjic.html
2026-04-11 21:57:52 | INFO     | ss_crawler | [scraper] [scraper] ⏭️ UNCHANGED: Processed: unchanged
2026-04-11 21:57:52 | INFO     | ss_crawler | [crawler] [crawler] Fetching listing 20/30: https://www.ss.com/msg/lv/electronics/computers/completing-pc/video/epexo.html
2026-04-11 21:57:54 | INFO     | ss_crawler | [scraper] [scraper] ⏭️ UNCHANGED: Processed: unchanged
2026-04-11 21:57:54 | INFO     | ss_crawler | [crawler] [crawler] Fetching listing 21/30: https://www.ss.com/msg/lv/electronics/computers/completing-pc/video/bihlfm.html
2026-04-11 21:57:57 | INFO     | ss_crawler | [scraper] [scraper] ⏭️ UNCHANGED: Processed: unchanged
2026-04-11 21:57:57 | INFO     | ss_crawler | [crawler] [crawler] Fetching listing 22/30: https://www.ss.com/msg/lv/electronics/computers/completing-pc/video/blbeol.html
2026-04-11 21:57:59 | INFO     | ss_crawler | [scraper] [scraper] ⏭️ UNCHANGED: Processed: unchanged
2026-04-11 21:57:59 | INFO     | ss_crawler | [crawler] [crawler] Fetching listing 23/30: https://www.ss.com/msg/lv/electronics/computers/completing-pc/video/bkhdnd.html
2026-04-11 21:58:03 | INFO     | ss_crawler | [scraper] [scraper] ⏭️ UNCHANGED: Processed: unchanged
2026-04-11 21:58:03 | INFO     | ss_crawler | [crawler] [crawler] Fetching listing 24/30: https://www.ss.com/msg/lv/electronics/computers/completing-pc/video/fenki.html
2026-04-11 21:58:05 | INFO     | ss_crawler | [scraper] [scraper] ⏭️ UNCHANGED: Processed: unchanged
2026-04-11 21:58:05 | INFO     | ss_crawler | [crawler] [crawler] Fetching listing 25/30: https://www.ss.com/msg/lv/electronics/computers/completing-pc/video/lnkjl.html
2026-04-11 21:58:08 | INFO     | ss_crawler | [scraper] [scraper] ⏭️ UNCHANGED: Processed: unchanged
2026-04-11 21:58:08 | INFO     | ss_crawler | [crawler] [crawler] Fetching listing 26/30: https://www.ss.com/msg/lv/electronics/computers/completing-pc/video/adggp.html
2026-04-11 21:58:11 | INFO     | ss_crawler | [scraper] [scraper] ⏭️ UNCHANGED: Processed: unchanged
2026-04-11 21:58:11 | INFO     | ss_crawler | [crawler] [crawler] Fetching listing 27/30: https://www.ss.com/msg/lv/electronics/computers/completing-pc/video/ndokf.html
2026-04-11 21:58:14 | INFO     | ss_crawler | [scraper] [scraper] ⏭️ UNCHANGED: Processed: unchanged
2026-04-11 21:58:14 | INFO     | ss_crawler | [crawler] [crawler] Fetching listing 28/30: https://www.ss.com/msg/lv/electronics/computers/completing-pc/video/bkejlk.html
2026-04-11 21:58:16 | INFO     | ss_crawler | [scraper] [scraper] ⏭️ UNCHANGED: Processed: unchanged
2026-04-11 21:58:16 | INFO     | ss_crawler | [crawler] [crawler] Fetching listing 29/30: https://www.ss.com/msg/lv/electronics/computers/completing-pc/video/fcjgn.html
2026-04-11 21:58:18 | INFO     | ss_crawler | [scraper] [scraper] ⏭️ UNCHANGED: Processed: unchanged
2026-04-11 21:58:18 | INFO     | ss_crawler | [crawler] [crawler] Fetching listing 30/30: https://www.ss.com/msg/lv/electronics/computers/completing-pc/video/biohcc.html
2026-04-11 21:58:20 | INFO     | ss_crawler | [scraper] [scraper] ⏭️ UNCHANGED: Processed: unchanged
2026-04-11 21:58:20 | INFO     | ss_crawler | [scraper] [scraper] 📄 Fetching category: https://www.ss.com/lv/electronics/computers/completing-pc/video/page27.html
2026-04-11 21:58:20 | INFO     | ss_crawler | [crawler] [crawler] Fetching category page: https://www.ss.com/lv/electronics/computers/completing-pc/video/page27.html
2026-04-11 21:58:23 | INFO     | ss_crawler | [parser] [parser] Found 30 listings on page
2026-04-11 21:58:23 | INFO     | ss_crawler | [scraper] [scraper] 🔍 Found 30 listings to process
2026-04-11 21:58:23 | INFO     | ss_crawler | [crawler] [crawler] Fetching listing 1/30: https://www.ss.com/msg/lv/electronics/computers/completing-pc/video/bjcdjm.html
2026-04-11 21:58:25 | INFO     | ss_crawler | [scraper] [scraper] ⏭️ UNCHANGED: Processed: unchanged
2026-04-11 21:58:25 | INFO     | ss_crawler | [crawler] [crawler] Fetching listing 2/30: https://www.ss.com/msg/lv/electronics/computers/completing-pc/video/bkmenc.html
2026-04-11 21:58:27 | INFO     | ss_crawler | [scraper] [scraper] ⏭️ UNCHANGED: Processed: unchanged
2026-04-11 21:58:27 | INFO     | ss_crawler | [crawler] [crawler] Fetching listing 3/30: https://www.ss.com/msg/lv/electronics/computers/completing-pc/video/fkmij.html
2026-04-11 21:58:30 | INFO     | ss_crawler | [scraper] [scraper] ⏭️ UNCHANGED: Processed: unchanged
2026-04-11 21:58:30 | INFO     | ss_crawler | [crawler] [crawler] Fetching listing 4/30: https://www.ss.com/msg/lv/electronics/computers/completing-pc/video/fdjpc.html
2026-04-11 21:58:34 | INFO     | ss_crawler | [scraper] [scraper] ⏭️ UNCHANGED: Processed: unchanged
2026-04-11 21:58:34 | INFO     | ss_crawler | [crawler] [crawler] Fetching listing 5/30: https://www.ss.com/msg/lv/electronics/computers/completing-pc/video/cckmo.html
2026-04-11 21:58:37 | INFO     | ss_crawler | [scraper] [scraper] ⏭️ UNCHANGED: Processed: unchanged
2026-04-11 21:58:37 | INFO     | ss_crawler | [crawler] [crawler] Fetching listing 6/30: https://www.ss.com/msg/lv/electronics/computers/completing-pc/video/bopjpd.html
2026-04-11 21:58:39 | INFO     | ss_crawler | [scraper] [scraper] ⏭️ UNCHANGED: Processed: unchanged
2026-04-11 21:58:39 | INFO     | ss_crawler | [crawler] [crawler] Fetching listing 7/30: https://www.ss.com/msg/lv/electronics/computers/completing-pc/video/bikkbm.html
2026-04-11 21:58:42 | INFO     | ss_crawler | [scraper] [scraper] ⏭️ UNCHANGED: Processed: unchanged
2026-04-11 21:58:42 | INFO     | ss_crawler | [crawler] [crawler] Fetching listing 8/30: https://www.ss.com/msg/lv/electronics/computers/completing-pc/video/bkmnlc.html
2026-04-11 21:58:44 | INFO     | ss_crawler | [scraper] [scraper] ⏭️ UNCHANGED: Processed: unchanged
2026-04-11 21:58:44 | INFO     | ss_crawler | [crawler] [crawler] Fetching listing 9/30: https://www.ss.com/msg/lv/electronics/computers/completing-pc/video/lpbhi.html
2026-04-11 21:58:47 | INFO     | ss_crawler | [scraper] [scraper] ⏭️ UNCHANGED: Processed: unchanged
2026-04-11 21:58:47 | INFO     | ss_crawler | [crawler] [crawler] Fetching listing 10/30: https://www.ss.com/msg/lv/electronics/computers/completing-pc/video/fjdox.html
2026-04-11 21:58:51 | INFO     | ss_crawler | [scraper] [scraper] ⏭️ UNCHANGED: Processed: unchanged
2026-04-11 21:58:51 | INFO     | ss_crawler | [crawler] [crawler] Fetching listing 11/30: https://www.ss.com/msg/lv/electronics/computers/completing-pc/video/bkxjdg.html
2026-04-11 21:58:52 | INFO     | ss_crawler | [scraper] [scraper] ⏭️ UNCHANGED: Processed: unchanged
2026-04-11 21:58:52 | INFO     | ss_crawler | [crawler] [crawler] Fetching listing 12/30: https://www.ss.com/msg/lv/electronics/computers/completing-pc/video/bolpdx.html
2026-04-11 21:58:54 | INFO     | ss_crawler | [scraper] [scraper] ❓ UNMATCHED: No GPU match found
2026-04-11 21:58:54 | INFO     | ss_crawler | [crawler] [crawler] Fetching listing 13/30: https://www.ss.com/msg/lv/electronics/computers/completing-pc/video/blgiel.html
2026-04-11 21:58:57 | INFO     | ss_crawler | [scraper] [scraper] ⏭️ UNCHANGED: Processed: unchanged
2026-04-11 21:58:57 | INFO     | ss_crawler | [crawler] [crawler] Fetching listing 14/30: https://www.ss.com/msg/lv/electronics/computers/completing-pc/video/ebcgn.html
2026-04-11 21:58:59 | INFO     | ss_crawler | [scraper] [scraper] ⚠️ LOW_CONFIDENCE: Match confidence 0.42 below threshold
2026-04-11 21:58:59 | INFO     | ss_crawler | [crawler] [crawler] Fetching listing 15/30: https://www.ss.com/msg/lv/electronics/computers/completing-pc/video/pbgln.html
2026-04-11 21:59:02 | INFO     | ss_crawler | [scraper] [scraper] ⏭️ UNCHANGED: Processed: unchanged
2026-04-11 21:59:02 | INFO     | ss_crawler | [crawler] [crawler] Fetching listing 16/30: https://www.ss.com/msg/lv/electronics/computers/completing-pc/video/ppmhc.html
2026-04-11 21:59:04 | INFO     | ss_crawler | [scraper] [scraper] ⏭️ UNCHANGED: Processed: unchanged
2026-04-11 21:59:04 | INFO     | ss_crawler | [crawler] [crawler] Fetching listing 17/30: https://www.ss.com/msg/lv/electronics/computers/completing-pc/video/nhefi.html
2026-04-11 21:59:08 | INFO     | ss_crawler | [scraper] [scraper] ⚠️ LOW_CONFIDENCE: Match confidence 0.55 below threshold
2026-04-11 21:59:08 | INFO     | ss_crawler | [crawler] [crawler] Fetching listing 18/30: https://www.ss.com/msg/lv/electronics/computers/completing-pc/video/bkfomx.html
2026-04-11 21:59:09 | INFO     | ss_crawler | [scraper] [scraper] ⏭️ UNCHANGED: Processed: unchanged
2026-04-11 21:59:09 | INFO     | ss_crawler | [crawler] [crawler] Fetching listing 19/30: https://www.ss.com/msg/lv/electronics/computers/completing-pc/video/lpjic.html
2026-04-11 21:59:11 | INFO     | ss_crawler | [scraper] [scraper] ⏭️ UNCHANGED: Processed: unchanged
2026-04-11 21:59:11 | INFO     | ss_crawler | [crawler] [crawler] Fetching listing 20/30: https://www.ss.com/msg/lv/electronics/computers/completing-pc/video/epexo.html
2026-04-11 21:59:13 | INFO     | ss_crawler | [scraper] [scraper] ⏭️ UNCHANGED: Processed: unchanged
2026-04-11 21:59:13 | INFO     | ss_crawler | [crawler] [crawler] Fetching listing 21/30: https://www.ss.com/msg/lv/electronics/computers/completing-pc/video/bihlfm.html
2026-04-11 21:59:15 | INFO     | ss_crawler | [scraper] [scraper] ⏭️ UNCHANGED: Processed: unchanged
2026-04-11 21:59:15 | INFO     | ss_crawler | [crawler] [crawler] Fetching listing 22/30: https://www.ss.com/msg/lv/electronics/computers/completing-pc/video/blbeol.html
2026-04-11 21:59:19 | INFO     | ss_crawler | [scraper] [scraper] ⏭️ UNCHANGED: Processed: unchanged
2026-04-11 21:59:19 | INFO     | ss_crawler | [crawler] [crawler] Fetching listing 23/30: https://www.ss.com/msg/lv/electronics/computers/completing-pc/video/bkhdnd.html
2026-04-11 21:59:21 | INFO     | ss_crawler | [scraper] [scraper] ⏭️ UNCHANGED: Processed: unchanged
2026-04-11 21:59:21 | INFO     | ss_crawler | [crawler] [crawler] Fetching listing 24/30: https://www.ss.com/msg/lv/electronics/computers/completing-pc/video/fenki.html
2026-04-11 21:59:24 | INFO     | ss_crawler | [scraper] [scraper] ⏭️ UNCHANGED: Processed: unchanged
2026-04-11 21:59:24 | INFO     | ss_crawler | [crawler] [crawler] Fetching listing 25/30: https://www.ss.com/msg/lv/electronics/computers/completing-pc/video/lnkjl.html
2026-04-11 21:59:26 | INFO     | ss_crawler | [scraper] [scraper] ⏭️ UNCHANGED: Processed: unchanged
2026-04-11 21:59:26 | INFO     | ss_crawler | [crawler] [crawler] Fetching listing 26/30: https://www.ss.com/msg/lv/electronics/computers/completing-pc/video/adggp.html
2026-04-11 21:59:28 | INFO     | ss_crawler | [scraper] [scraper] ⏭️ UNCHANGED: Processed: unchanged
2026-04-11 21:59:28 | INFO     | ss_crawler | [crawler] [crawler] Fetching listing 27/30: https://www.ss.com/msg/lv/electronics/computers/completing-pc/video/ndokf.html
2026-04-11 21:59:31 | INFO     | ss_crawler | [scraper] [scraper] ⏭️ UNCHANGED: Processed: unchanged
2026-04-11 21:59:31 | INFO     | ss_crawler | [crawler] [crawler] Fetching listing 28/30: https://www.ss.com/msg/lv/electronics/computers/completing-pc/video/bkejlk.html
2026-04-11 21:59:34 | INFO     | ss_crawler | [scraper] [scraper] ⏭️ UNCHANGED: Processed: unchanged
2026-04-11 21:59:34 | INFO     | ss_crawler | [crawler] [crawler] Fetching listing 29/30: https://www.ss.com/msg/lv/electronics/computers/completing-pc/video/fcjgn.html
2026-04-11 21:59:36 | INFO     | ss_crawler | [scraper] [scraper] ⏭️ UNCHANGED: Processed: unchanged
2026-04-11 21:59:36 | INFO     | ss_crawler | [crawler] [crawler] Fetching listing 30/30: https://www.ss.com/msg/lv/electronics/computers/completing-pc/video/biohcc.html
2026-04-11 21:59:38 | INFO     | ss_crawler | [scraper] [scraper] ⏭️ UNCHANGED: Processed: unchanged
2026-04-11 21:59:38 | INFO     | ss_crawler | [scraper] [scraper] 📄 Fetching category: https://www.ss.com/lv/electronics/computers/completing-pc/video/page28.html
2026-04-11 21:59:38 | INFO     | ss_crawler | [crawler] [crawler] Fetching category page: https://www.ss.com/lv/electronics/computers/completing-pc/video/page28.html
2026-04-11 21:59:41 | INFO     | ss_crawler | [parser] [parser] Found 30 listings on page
2026-04-11 21:59:41 | INFO     | ss_crawler | [scraper] [scraper] 🔍 Found 30 listings to process
2026-04-11 21:59:41 | INFO     | ss_crawler | [crawler] [crawler] Fetching listing 1/30: https://www.ss.com/msg/lv/electronics/computers/completing-pc/video/bjcdjm.html
2026-04-11 21:59:42 | INFO     | ss_crawler | [scraper] [scraper] ⏭️ UNCHANGED: Processed: unchanged
2026-04-11 21:59:42 | INFO     | ss_crawler | [crawler] [crawler] Fetching listing 2/30: https://www.ss.com/msg/lv/electronics/computers/completing-pc/video/bkmenc.html
2026-04-11 21:59:44 | INFO     | ss_crawler | [scraper] [scraper] ⏭️ UNCHANGED: Processed: unchanged
2026-04-11 21:59:44 | INFO     | ss_crawler | [crawler] [crawler] Fetching listing 3/30: https://www.ss.com/msg/lv/electronics/computers/completing-pc/video/fkmij.html
2026-04-11 21:59:47 | INFO     | ss_crawler | [scraper] [scraper] ⏭️ UNCHANGED: Processed: unchanged
2026-04-11 21:59:47 | INFO     | ss_crawler | [crawler] [crawler] Fetching listing 4/30: https://www.ss.com/msg/lv/electronics/computers/completing-pc/video/fdjpc.html
2026-04-11 21:59:49 | INFO     | ss_crawler | [scraper] [scraper] ⏭️ UNCHANGED: Processed: unchanged
2026-04-11 21:59:49 | INFO     | ss_crawler | [crawler] [crawler] Fetching listing 5/30: https://www.ss.com/msg/lv/electronics/computers/completing-pc/video/cckmo.html
2026-04-11 21:59:51 | INFO     | ss_crawler | [scraper] [scraper] ⏭️ UNCHANGED: Processed: unchanged
2026-04-11 21:59:51 | INFO     | ss_crawler | [crawler] [crawler] Fetching listing 6/30: https://www.ss.com/msg/lv/electronics/computers/completing-pc/video/bopjpd.html
2026-04-11 21:59:54 | INFO     | ss_crawler | [scraper] [scraper] ⏭️ UNCHANGED: Processed: unchanged
2026-04-11 21:59:54 | INFO     | ss_crawler | [crawler] [crawler] Fetching listing 7/30: https://www.ss.com/msg/lv/electronics/computers/completing-pc/video/bikkbm.html
2026-04-11 21:59:56 | INFO     | ss_crawler | [scraper] [scraper] ⏭️ UNCHANGED: Processed: unchanged
2026-04-11 21:59:56 | INFO     | ss_crawler | [crawler] [crawler] Fetching listing 8/30: https://www.ss.com/msg/lv/electronics/computers/completing-pc/video/bkmnlc.html
2026-04-11 21:59:59 | INFO     | ss_crawler | [scraper] [scraper] ⏭️ UNCHANGED: Processed: unchanged
2026-04-11 21:59:59 | INFO     | ss_crawler | [crawler] [crawler] Fetching listing 9/30: https://www.ss.com/msg/lv/electronics/computers/completing-pc/video/lpbhi.html
2026-04-11 22:00:02 | INFO     | ss_crawler | [scraper] [scraper] ⏭️ UNCHANGED: Processed: unchanged
2026-04-11 22:00:02 | INFO     | ss_crawler | [crawler] [crawler] Fetching listing 10/30: https://www.ss.com/msg/lv/electronics/computers/completing-pc/video/fjdox.html
2026-04-11 22:00:04 | INFO     | ss_crawler | [scraper] [scraper] ⏭️ UNCHANGED: Processed: unchanged
2026-04-11 22:00:04 | INFO     | ss_crawler | [crawler] [crawler] Fetching listing 11/30: https://www.ss.com/msg/lv/electronics/computers/completing-pc/video/bkxjdg.html
2026-04-11 22:00:06 | INFO     | ss_crawler | [scraper] [scraper] ⏭️ UNCHANGED: Processed: unchanged
2026-04-11 22:00:06 | INFO     | ss_crawler | [crawler] [crawler] Fetching listing 12/30: https://www.ss.com/msg/lv/electronics/computers/completing-pc/video/bolpdx.html
2026-04-11 22:00:09 | INFO     | ss_crawler | [scraper] [scraper] ❓ UNMATCHED: No GPU match found
2026-04-11 22:00:09 | INFO     | ss_crawler | [crawler] [crawler] Fetching listing 13/30: https://www.ss.com/msg/lv/electronics/computers/completing-pc/video/blgiel.html
2026-04-11 22:00:12 | INFO     | ss_crawler | [scraper] [scraper] ⏭️ UNCHANGED: Processed: unchanged
2026-04-11 22:00:12 | INFO     | ss_crawler | [crawler] [crawler] Fetching listing 14/30: https://www.ss.com/msg/lv/electronics/computers/completing-pc/video/ebcgn.html
2026-04-11 22:00:15 | INFO     | ss_crawler | [scraper] [scraper] ⚠️ LOW_CONFIDENCE: Match confidence 0.42 below threshold
2026-04-11 22:00:15 | INFO     | ss_crawler | [crawler] [crawler] Fetching listing 15/30: https://www.ss.com/msg/lv/electronics/computers/completing-pc/video/pbgln.html
2026-04-11 22:00:18 | INFO     | ss_crawler | [scraper] [scraper] ⏭️ UNCHANGED: Processed: unchanged
2026-04-11 22:00:18 | INFO     | ss_crawler | [crawler] [crawler] Fetching listing 16/30: https://www.ss.com/msg/lv/electronics/computers/completing-pc/video/ppmhc.html
2026-04-11 22:00:20 | INFO     | ss_crawler | [scraper] [scraper] ⏭️ UNCHANGED: Processed: unchanged
2026-04-11 22:00:20 | INFO     | ss_crawler | [crawler] [crawler] Fetching listing 17/30: https://www.ss.com/msg/lv/electronics/computers/completing-pc/video/nhefi.html
2026-04-11 22:00:22 | INFO     | ss_crawler | [scraper] [scraper] ⚠️ LOW_CONFIDENCE: Match confidence 0.55 below threshold
2026-04-11 22:00:22 | INFO     | ss_crawler | [crawler] [crawler] Fetching listing 18/30: https://www.ss.com/msg/lv/electronics/computers/completing-pc/video/bkfomx.html
2026-04-11 22:00:24 | INFO     | ss_crawler | [scraper] [scraper] ⏭️ UNCHANGED: Processed: unchanged
2026-04-11 22:00:24 | INFO     | ss_crawler | [crawler] [crawler] Fetching listing 19/30: https://www.ss.com/msg/lv/electronics/computers/completing-pc/video/lpjic.html
2026-04-11 22:00:27 | INFO     | ss_crawler | [scraper] [scraper] ⏭️ UNCHANGED: Processed: unchanged
2026-04-11 22:00:27 | INFO     | ss_crawler | [crawler] [crawler] Fetching listing 20/30: https://www.ss.com/msg/lv/electronics/computers/completing-pc/video/epexo.html
2026-04-11 22:00:29 | INFO     | ss_crawler | [scraper] [scraper] ⏭️ UNCHANGED: Processed: unchanged
2026-04-11 22:00:29 | INFO     | ss_crawler | [crawler] [crawler] Fetching listing 21/30: https://www.ss.com/msg/lv/electronics/computers/completing-pc/video/bihlfm.html
2026-04-11 22:00:31 | INFO     | ss_crawler | [scraper] [scraper] ⏭️ UNCHANGED: Processed: unchanged
2026-04-11 22:00:31 | INFO     | ss_crawler | [crawler] [crawler] Fetching listing 22/30: https://www.ss.com/msg/lv/electronics/computers/completing-pc/video/blbeol.html
2026-04-11 22:00:35 | INFO     | ss_crawler | [scraper] [scraper] ⏭️ UNCHANGED: Processed: unchanged
2026-04-11 22:00:35 | INFO     | ss_crawler | [crawler] [crawler] Fetching listing 23/30: https://www.ss.com/msg/lv/electronics/computers/completing-pc/video/bkhdnd.html
2026-04-11 22:00:38 | INFO     | ss_crawler | [scraper] [scraper] ⏭️ UNCHANGED: Processed: unchanged
2026-04-11 22:00:38 | INFO     | ss_crawler | [crawler] [crawler] Fetching listing 24/30: https://www.ss.com/msg/lv/electronics/computers/completing-pc/video/fenki.html
2026-04-11 22:00:40 | INFO     | ss_crawler | [scraper] [scraper] ⏭️ UNCHANGED: Processed: unchanged
2026-04-11 22:00:40 | INFO     | ss_crawler | [crawler] [crawler] Fetching listing 25/30: https://www.ss.com/msg/lv/electronics/computers/completing-pc/video/lnkjl.html
2026-04-11 22:00:43 | INFO     | ss_crawler | [scraper] [scraper] ⏭️ UNCHANGED: Processed: unchanged
2026-04-11 22:00:43 | INFO     | ss_crawler | [crawler] [crawler] Fetching listing 26/30: https://www.ss.com/msg/lv/electronics/computers/completing-pc/video/adggp.html
2026-04-11 22:00:45 | INFO     | ss_crawler | [scraper] [scraper] ⏭️ UNCHANGED: Processed: unchanged
2026-04-11 22:00:45 | INFO     | ss_crawler | [crawler] [crawler] Fetching listing 27/30: https://www.ss.com/msg/lv/electronics/computers/completing-pc/video/ndokf.html
2026-04-11 22:00:46 | INFO     | ss_crawler | [scraper] [scraper] ⏭️ UNCHANGED: Processed: unchanged
2026-04-11 22:00:46 | INFO     | ss_crawler | [crawler] [crawler] Fetching listing 28/30: https://www.ss.com/msg/lv/electronics/computers/completing-pc/video/bkejlk.html
2026-04-11 22:00:49 | INFO     | ss_crawler | [scraper] [scraper] ⏭️ UNCHANGED: Processed: unchanged
2026-04-11 22:00:49 | INFO     | ss_crawler | [crawler] [crawler] Fetching listing 29/30: https://www.ss.com/msg/lv/electronics/computers/completing-pc/video/fcjgn.html
2026-04-11 22:00:51 | INFO     | ss_crawler | [scraper] [scraper] ⏭️ UNCHANGED: Processed: unchanged
2026-04-11 22:00:51 | INFO     | ss_crawler | [crawler] [crawler] Fetching listing 30/30: https://www.ss.com/msg/lv/electronics/computers/completing-pc/video/biohcc.html
2026-04-11 22:00:54 | INFO     | ss_crawler | [scraper] [scraper] ⏭️ UNCHANGED: Processed: unchanged
2026-04-11 22:00:54 | INFO     | ss_crawler | [scraper] [scraper] 📄 Fetching category: https://www.ss.com/lv/electronics/computers/completing-pc/video/page29.html
2026-04-11 22:00:54 | INFO     | ss_crawler | [crawler] [crawler] Fetching category page: https://www.ss.com/lv/electronics/computers/completing-pc/video/page29.html
2026-04-11 22:00:57 | INFO     | ss_crawler | [parser] [parser] Found 30 listings on page
2026-04-11 22:00:57 | INFO     | ss_crawler | [scraper] [scraper] 🔍 Found 30 listings to process
2026-04-11 22:00:57 | INFO     | ss_crawler | [crawler] [crawler] Fetching listing 1/30: https://www.ss.com/msg/lv/electronics/computers/completing-pc/video/bjcdjm.html
2026-04-11 22:01:00 | INFO     | ss_crawler | [scraper] [scraper] ⏭️ UNCHANGED: Processed: unchanged
2026-04-11 22:01:00 | INFO     | ss_crawler | [crawler] [crawler] Fetching listing 2/30: https://www.ss.com/msg/lv/electronics/computers/completing-pc/video/bkmenc.html
2026-04-11 22:01:03 | INFO     | ss_crawler | [scraper] [scraper] ⏭️ UNCHANGED: Processed: unchanged
2026-04-11 22:01:03 | INFO     | ss_crawler | [crawler] [crawler] Fetching listing 3/30: https://www.ss.com/msg/lv/electronics/computers/completing-pc/video/fkmij.html
2026-04-11 22:01:05 | INFO     | ss_crawler | [scraper] [scraper] ⏭️ UNCHANGED: Processed: unchanged
2026-04-11 22:01:05 | INFO     | ss_crawler | [crawler] [crawler] Fetching listing 4/30: https://www.ss.com/msg/lv/electronics/computers/completing-pc/video/fdjpc.html
2026-04-11 22:01:09 | INFO     | ss_crawler | [scraper] [scraper] ⏭️ UNCHANGED: Processed: unchanged
2026-04-11 22:01:09 | INFO     | ss_crawler | [crawler] [crawler] Fetching listing 5/30: https://www.ss.com/msg/lv/electronics/computers/completing-pc/video/cckmo.html
2026-04-11 22:01:12 | INFO     | ss_crawler | [scraper] [scraper] ⏭️ UNCHANGED: Processed: unchanged
2026-04-11 22:01:12 | INFO     | ss_crawler | [crawler] [crawler] Fetching listing 6/30: https://www.ss.com/msg/lv/electronics/computers/completing-pc/video/bopjpd.html
2026-04-11 22:01:15 | INFO     | ss_crawler | [scraper] [scraper] ⏭️ UNCHANGED: Processed: unchanged
2026-04-11 22:01:15 | INFO     | ss_crawler | [crawler] [crawler] Fetching listing 7/30: https://www.ss.com/msg/lv/electronics/computers/completing-pc/video/bikkbm.html
2026-04-11 22:01:18 | INFO     | ss_crawler | [scraper] [scraper] ⏭️ UNCHANGED: Processed: unchanged
2026-04-11 22:01:18 | INFO     | ss_crawler | [crawler] [crawler] Fetching listing 8/30: https://www.ss.com/msg/lv/electronics/computers/completing-pc/video/bkmnlc.html
2026-04-11 22:01:21 | INFO     | ss_crawler | [scraper] [scraper] ⏭️ UNCHANGED: Processed: unchanged
2026-04-11 22:01:21 | INFO     | ss_crawler | [crawler] [crawler] Fetching listing 9/30: https://www.ss.com/msg/lv/electronics/computers/completing-pc/video/lpbhi.html
2026-04-11 22:01:24 | INFO     | ss_crawler | [scraper] [scraper] ⏭️ UNCHANGED: Processed: unchanged
2026-04-11 22:01:24 | INFO     | ss_crawler | [crawler] [crawler] Fetching listing 10/30: https://www.ss.com/msg/lv/electronics/computers/completing-pc/video/fjdox.html
2026-04-11 22:01:27 | INFO     | ss_crawler | [scraper] [scraper] ⏭️ UNCHANGED: Processed: unchanged
2026-04-11 22:01:27 | INFO     | ss_crawler | [crawler] [crawler] Fetching listing 11/30: https://www.ss.com/msg/lv/electronics/computers/completing-pc/video/bkxjdg.html
2026-04-11 22:01:29 | INFO     | ss_crawler | [scraper] [scraper] ⏭️ UNCHANGED: Processed: unchanged
2026-04-11 22:01:29 | INFO     | ss_crawler | [crawler] [crawler] Fetching listing 12/30: https://www.ss.com/msg/lv/electronics/computers/completing-pc/video/bolpdx.html
2026-04-11 22:01:32 | INFO     | ss_crawler | [scraper] [scraper] ❓ UNMATCHED: No GPU match found
2026-04-11 22:01:32 | INFO     | ss_crawler | [crawler] [crawler] Fetching listing 13/30: https://www.ss.com/msg/lv/electronics/computers/completing-pc/video/blgiel.html
2026-04-11 22:01:35 | INFO     | ss_crawler | [scraper] [scraper] ⏭️ UNCHANGED: Processed: unchanged
2026-04-11 22:01:35 | INFO     | ss_crawler | [crawler] [crawler] Fetching listing 14/30: https://www.ss.com/msg/lv/electronics/computers/completing-pc/video/ebcgn.html
2026-04-11 22:01:37 | INFO     | ss_crawler | [scraper] [scraper] ⚠️ LOW_CONFIDENCE: Match confidence 0.42 below threshold
2026-04-11 22:01:37 | INFO     | ss_crawler | [crawler] [crawler] Fetching listing 15/30: https://www.ss.com/msg/lv/electronics/computers/completing-pc/video/pbgln.html
2026-04-11 22:01:40 | INFO     | ss_crawler | [scraper] [scraper] ⏭️ UNCHANGED: Processed: unchanged
2026-04-11 22:01:40 | INFO     | ss_crawler | [crawler] [crawler] Fetching listing 16/30: https://www.ss.com/msg/lv/electronics/computers/completing-pc/video/ppmhc.html
2026-04-11 22:01:41 | INFO     | ss_crawler | [scraper] [scraper] ⏭️ UNCHANGED: Processed: unchanged
2026-04-11 22:01:41 | INFO     | ss_crawler | [crawler] [crawler] Fetching listing 17/30: https://www.ss.com/msg/lv/electronics/computers/completing-pc/video/nhefi.html
2026-04-11 22:01:44 | INFO     | ss_crawler | [scraper] [scraper] ⚠️ LOW_CONFIDENCE: Match confidence 0.55 below threshold
2026-04-11 22:01:44 | INFO     | ss_crawler | [crawler] [crawler] Fetching listing 18/30: https://www.ss.com/msg/lv/electronics/computers/completing-pc/video/bkfomx.html
2026-04-11 22:01:47 | INFO     | ss_crawler | [scraper] [scraper] ⏭️ UNCHANGED: Processed: unchanged
2026-04-11 22:01:47 | INFO     | ss_crawler | [crawler] [crawler] Fetching listing 19/30: https://www.ss.com/msg/lv/electronics/computers/completing-pc/video/lpjic.html
2026-04-11 22:01:49 | INFO     | ss_crawler | [scraper] [scraper] ⏭️ UNCHANGED: Processed: unchanged
2026-04-11 22:01:49 | INFO     | ss_crawler | [crawler] [crawler] Fetching listing 20/30: https://www.ss.com/msg/lv/electronics/computers/completing-pc/video/epexo.html
2026-04-11 22:01:51 | INFO     | ss_crawler | [scraper] [scraper] ⏭️ UNCHANGED: Processed: unchanged
2026-04-11 22:01:51 | INFO     | ss_crawler | [crawler] [crawler] Fetching listing 21/30: https://www.ss.com/msg/lv/electronics/computers/completing-pc/video/bihlfm.html
2026-04-11 22:01:55 | INFO     | ss_crawler | [scraper] [scraper] ⏭️ UNCHANGED: Processed: unchanged
2026-04-11 22:01:55 | INFO     | ss_crawler | [crawler] [crawler] Fetching listing 22/30: https://www.ss.com/msg/lv/electronics/computers/completing-pc/video/blbeol.html
2026-04-11 22:01:58 | INFO     | ss_crawler | [scraper] [scraper] ⏭️ UNCHANGED: Processed: unchanged
2026-04-11 22:01:58 | INFO     | ss_crawler | [crawler] [crawler] Fetching listing 23/30: https://www.ss.com/msg/lv/electronics/computers/completing-pc/video/bkhdnd.html
2026-04-11 22:02:00 | INFO     | ss_crawler | [scraper] [scraper] ⏭️ UNCHANGED: Processed: unchanged
2026-04-11 22:02:00 | INFO     | ss_crawler | [crawler] [crawler] Fetching listing 24/30: https://www.ss.com/msg/lv/electronics/computers/completing-pc/video/fenki.html
2026-04-11 22:02:03 | INFO     | ss_crawler | [scraper] [scraper] ⏭️ UNCHANGED: Processed: unchanged
2026-04-11 22:02:03 | INFO     | ss_crawler | [crawler] [crawler] Fetching listing 25/30: https://www.ss.com/msg/lv/electronics/computers/completing-pc/video/lnkjl.html
2026-04-11 22:02:05 | INFO     | ss_crawler | [scraper] [scraper] ⏭️ UNCHANGED: Processed: unchanged
2026-04-11 22:02:05 | INFO     | ss_crawler | [crawler] [crawler] Fetching listing 26/30: https://www.ss.com/msg/lv/electronics/computers/completing-pc/video/adggp.html
2026-04-11 22:02:08 | INFO     | ss_crawler | [scraper] [scraper] ⏭️ UNCHANGED: Processed: unchanged
2026-04-11 22:02:08 | INFO     | ss_crawler | [crawler] [crawler] Fetching listing 27/30: https://www.ss.com/msg/lv/electronics/computers/completing-pc/video/ndokf.html
2026-04-11 22:02:10 | INFO     | ss_crawler | [scraper] [scraper] ⏭️ UNCHANGED: Processed: unchanged
2026-04-11 22:02:10 | INFO     | ss_crawler | [crawler] [crawler] Fetching listing 28/30: https://www.ss.com/msg/lv/electronics/computers/completing-pc/video/bkejlk.html
2026-04-11 22:02:12 | INFO     | ss_crawler | [scraper] [scraper] ⏭️ UNCHANGED: Processed: unchanged
2026-04-11 22:02:12 | INFO     | ss_crawler | [crawler] [crawler] Fetching listing 29/30: https://www.ss.com/msg/lv/electronics/computers/completing-pc/video/fcjgn.html
2026-04-11 22:02:14 | INFO     | ss_crawler | [scraper] [scraper] ⏭️ UNCHANGED: Processed: unchanged
2026-04-11 22:02:14 | INFO     | ss_crawler | [crawler] [crawler] Fetching listing 30/30: https://www.ss.com/msg/lv/electronics/computers/completing-pc/video/biohcc.html
2026-04-11 22:02:16 | INFO     | ss_crawler | [scraper] [scraper] ⏭️ UNCHANGED: Processed: unchanged
2026-04-11 22:02:16 | INFO     | ss_crawler | [scraper] [scraper] 📄 Fetching category: https://www.ss.com/lv/electronics/computers/completing-pc/video/page30.html
2026-04-11 22:02:16 | INFO     | ss_crawler | [crawler] [crawler] Fetching category page: https://www.ss.com/lv/electronics/computers/completing-pc/video/page30.html
2026-04-11 22:02:19 | INFO     | ss_crawler | [parser] [parser] Found 30 listings on page
2026-04-11 22:02:19 | INFO     | ss_crawler | [scraper] [scraper] 🔍 Found 30 listings to process
2026-04-11 22:02:19 | INFO     | ss_crawler | [crawler] [crawler] Fetching listing 1/30: https://www.ss.com/msg/lv/electronics/computers/completing-pc/video/dkfio.html
2026-04-11 22:02:22 | INFO     | ss_crawler | [repository] [repository] New listing created: dkfio
2026-04-11 22:02:22 | INFO     | ss_crawler | [scraper] [scraper] ✨ NEW: Processed: new
2026-04-11 22:02:22 | INFO     | ss_crawler | [crawler] [crawler] Fetching listing 2/30: https://www.ss.com/msg/lv/electronics/computers/completing-pc/video/bjcdjm.html
2026-04-11 22:02:25 | INFO     | ss_crawler | [scraper] [scraper] ⏭️ UNCHANGED: Processed: unchanged
2026-04-11 22:02:25 | INFO     | ss_crawler | [crawler] [crawler] Fetching listing 3/30: https://www.ss.com/msg/lv/electronics/computers/completing-pc/video/bkmenc.html
2026-04-11 22:02:28 | INFO     | ss_crawler | [scraper] [scraper] ⏭️ UNCHANGED: Processed: unchanged
2026-04-11 22:02:28 | INFO     | ss_crawler | [crawler] [crawler] Fetching listing 4/30: https://www.ss.com/msg/lv/electronics/computers/completing-pc/video/fkmij.html
2026-04-11 22:02:31 | INFO     | ss_crawler | [scraper] [scraper] ⏭️ UNCHANGED: Processed: unchanged
2026-04-11 22:02:31 | INFO     | ss_crawler | [crawler] [crawler] Fetching listing 5/30: https://www.ss.com/msg/lv/electronics/computers/completing-pc/video/fdjpc.html
2026-04-11 22:02:33 | INFO     | ss_crawler | [scraper] [scraper] ⏭️ UNCHANGED: Processed: unchanged
2026-04-11 22:02:33 | INFO     | ss_crawler | [crawler] [crawler] Fetching listing 6/30: https://www.ss.com/msg/lv/electronics/computers/completing-pc/video/cckmo.html
2026-04-11 22:02:35 | INFO     | ss_crawler | [scraper] [scraper] ⏭️ UNCHANGED: Processed: unchanged
2026-04-11 22:02:35 | INFO     | ss_crawler | [crawler] [crawler] Fetching listing 7/30: https://www.ss.com/msg/lv/electronics/computers/completing-pc/video/bopjpd.html
2026-04-11 22:02:38 | INFO     | ss_crawler | [scraper] [scraper] ⏭️ UNCHANGED: Processed: unchanged
2026-04-11 22:02:38 | INFO     | ss_crawler | [crawler] [crawler] Fetching listing 8/30: https://www.ss.com/msg/lv/electronics/computers/completing-pc/video/bikkbm.html
2026-04-11 22:02:41 | INFO     | ss_crawler | [scraper] [scraper] ⏭️ UNCHANGED: Processed: unchanged
2026-04-11 22:02:41 | INFO     | ss_crawler | [crawler] [crawler] Fetching listing 9/30: https://www.ss.com/msg/lv/electronics/computers/completing-pc/video/bkmnlc.html
2026-04-11 22:02:43 | INFO     | ss_crawler | [scraper] [scraper] ⏭️ UNCHANGED: Processed: unchanged
2026-04-11 22:02:43 | INFO     | ss_crawler | [crawler] [crawler] Fetching listing 10/30: https://www.ss.com/msg/lv/electronics/computers/completing-pc/video/lpbhi.html
2026-04-11 22:02:45 | INFO     | ss_crawler | [scraper] [scraper] ⏭️ UNCHANGED: Processed: unchanged
2026-04-11 22:02:45 | INFO     | ss_crawler | [crawler] [crawler] Fetching listing 11/30: https://www.ss.com/msg/lv/electronics/computers/completing-pc/video/fjdox.html
2026-04-11 22:02:47 | INFO     | ss_crawler | [scraper] [scraper] ⏭️ UNCHANGED: Processed: unchanged
2026-04-11 22:02:47 | INFO     | ss_crawler | [crawler] [crawler] Fetching listing 12/30: https://www.ss.com/msg/lv/electronics/computers/completing-pc/video/bkxjdg.html
2026-04-11 22:02:49 | INFO     | ss_crawler | [scraper] [scraper] ⏭️ UNCHANGED: Processed: unchanged
2026-04-11 22:02:49 | INFO     | ss_crawler | [crawler] [crawler] Fetching listing 13/30: https://www.ss.com/msg/lv/electronics/computers/completing-pc/video/bolpdx.html
2026-04-11 22:02:51 | INFO     | ss_crawler | [scraper] [scraper] ❓ UNMATCHED: No GPU match found
2026-04-11 22:02:51 | INFO     | ss_crawler | [crawler] [crawler] Fetching listing 14/30: https://www.ss.com/msg/lv/electronics/computers/completing-pc/video/blgiel.html
2026-04-11 22:02:53 | INFO     | ss_crawler | [scraper] [scraper] ⏭️ UNCHANGED: Processed: unchanged
2026-04-11 22:02:53 | INFO     | ss_crawler | [crawler] [crawler] Fetching listing 15/30: https://www.ss.com/msg/lv/electronics/computers/completing-pc/video/ebcgn.html
2026-04-11 22:02:57 | INFO     | ss_crawler | [scraper] [scraper] ⚠️ LOW_CONFIDENCE: Match confidence 0.42 below threshold
2026-04-11 22:02:57 | INFO     | ss_crawler | [crawler] [crawler] Fetching listing 16/30: https://www.ss.com/msg/lv/electronics/computers/completing-pc/video/pbgln.html
2026-04-11 22:02:59 | INFO     | ss_crawler | [scraper] [scraper] ⏭️ UNCHANGED: Processed: unchanged
2026-04-11 22:02:59 | INFO     | ss_crawler | [crawler] [crawler] Fetching listing 17/30: https://www.ss.com/msg/lv/electronics/computers/completing-pc/video/ppmhc.html
2026-04-11 22:03:02 | INFO     | ss_crawler | [scraper] [scraper] ⏭️ UNCHANGED: Processed: unchanged
2026-04-11 22:03:02 | INFO     | ss_crawler | [crawler] [crawler] Fetching listing 18/30: https://www.ss.com/msg/lv/electronics/computers/completing-pc/video/nhefi.html
2026-04-11 22:03:05 | INFO     | ss_crawler | [scraper] [scraper] ⚠️ LOW_CONFIDENCE: Match confidence 0.55 below threshold
2026-04-11 22:03:05 | INFO     | ss_crawler | [crawler] [crawler] Fetching listing 19/30: https://www.ss.com/msg/lv/electronics/computers/completing-pc/video/bkfomx.html
2026-04-11 22:03:08 | INFO     | ss_crawler | [scraper] [scraper] ⏭️ UNCHANGED: Processed: unchanged
2026-04-11 22:03:08 | INFO     | ss_crawler | [crawler] [crawler] Fetching listing 20/30: https://www.ss.com/msg/lv/electronics/computers/completing-pc/video/lpjic.html
2026-04-11 22:03:10 | INFO     | ss_crawler | [scraper] [scraper] ⏭️ UNCHANGED: Processed: unchanged
2026-04-11 22:03:10 | INFO     | ss_crawler | [crawler] [crawler] Fetching listing 21/30: https://www.ss.com/msg/lv/electronics/computers/completing-pc/video/epexo.html
2026-04-11 22:03:13 | INFO     | ss_crawler | [scraper] [scraper] ⏭️ UNCHANGED: Processed: unchanged
2026-04-11 22:03:13 | INFO     | ss_crawler | [crawler] [crawler] Fetching listing 22/30: https://www.ss.com/msg/lv/electronics/computers/completing-pc/video/bihlfm.html
2026-04-11 22:03:16 | INFO     | ss_crawler | [scraper] [scraper] ⏭️ UNCHANGED: Processed: unchanged
2026-04-11 22:03:16 | INFO     | ss_crawler | [crawler] [crawler] Fetching listing 23/30: https://www.ss.com/msg/lv/electronics/computers/completing-pc/video/blbeol.html
2026-04-11 22:03:19 | INFO     | ss_crawler | [scraper] [scraper] ⏭️ UNCHANGED: Processed: unchanged
2026-04-11 22:03:19 | INFO     | ss_crawler | [crawler] [crawler] Fetching listing 24/30: https://www.ss.com/msg/lv/electronics/computers/completing-pc/video/bkhdnd.html
2026-04-11 22:03:22 | INFO     | ss_crawler | [scraper] [scraper] ⏭️ UNCHANGED: Processed: unchanged
2026-04-11 22:03:22 | INFO     | ss_crawler | [crawler] [crawler] Fetching listing 25/30: https://www.ss.com/msg/lv/electronics/computers/completing-pc/video/fenki.html
2026-04-11 22:03:24 | INFO     | ss_crawler | [scraper] [scraper] ⏭️ UNCHANGED: Processed: unchanged
2026-04-11 22:03:24 | INFO     | ss_crawler | [crawler] [crawler] Fetching listing 26/30: https://www.ss.com/msg/lv/electronics/computers/completing-pc/video/lnkjl.html
2026-04-11 22:03:25 | INFO     | ss_crawler | [scraper] [scraper] ⏭️ UNCHANGED: Processed: unchanged
2026-04-11 22:03:25 | INFO     | ss_crawler | [crawler] [crawler] Fetching listing 27/30: https://www.ss.com/msg/lv/electronics/computers/completing-pc/video/adggp.html
2026-04-11 22:03:28 | INFO     | ss_crawler | [scraper] [scraper] ⏭️ UNCHANGED: Processed: unchanged
2026-04-11 22:03:28 | INFO     | ss_crawler | [crawler] [crawler] Fetching listing 28/30: https://www.ss.com/msg/lv/electronics/computers/completing-pc/video/ndokf.html
2026-04-11 22:03:31 | INFO     | ss_crawler | [scraper] [scraper] ⏭️ UNCHANGED: Processed: unchanged
2026-04-11 22:03:31 | INFO     | ss_crawler | [crawler] [crawler] Fetching listing 29/30: https://www.ss.com/msg/lv/electronics/computers/completing-pc/video/bkejlk.html
2026-04-11 22:03:32 | INFO     | ss_crawler | [scraper] [scraper] ⏭️ UNCHANGED: Processed: unchanged
2026-04-11 22:03:32 | INFO     | ss_crawler | [crawler] [crawler] Fetching listing 30/30: https://www.ss.com/msg/lv/electronics/computers/completing-pc/video/fcjgn.html
2026-04-11 22:03:34 | INFO     | ss_crawler | [scraper] [scraper] ⏭️ UNCHANGED: Processed: unchanged
2026-04-11 22:03:34 | INFO     | ss_crawler | [scraper] [scraper] 📄 Fetching category: https://www.ss.com/lv/electronics/computers/completing-pc/video/page31.html
2026-04-11 22:03:34 | INFO     | ss_crawler | [crawler] [crawler] Fetching category page: https://www.ss.com/lv/electronics/computers/completing-pc/video/page31.html
2026-04-11 22:03:38 | INFO     | ss_crawler | [parser] [parser] Found 30 listings on page
2026-04-11 22:03:38 | INFO     | ss_crawler | [scraper] [scraper] 🔍 Found 30 listings to process
2026-04-11 22:03:38 | INFO     | ss_crawler | [crawler] [crawler] Fetching listing 1/30: https://www.ss.com/msg/lv/electronics/computers/completing-pc/video/pdgbh.html
2026-04-11 22:03:40 | INFO     | ss_crawler | [repository] [repository] New listing created: pdgbh
2026-04-11 22:03:40 | INFO     | ss_crawler | [scraper] [scraper] ✨ NEW: Processed: new
2026-04-11 22:03:40 | INFO     | ss_crawler | [crawler] [crawler] Fetching listing 2/30: https://www.ss.com/msg/lv/electronics/computers/completing-pc/video/dkfio.html
2026-04-11 22:03:42 | INFO     | ss_crawler | [scraper] [scraper] ⏭️ UNCHANGED: Processed: unchanged
2026-04-11 22:03:42 | INFO     | ss_crawler | [crawler] [crawler] Fetching listing 3/30: https://www.ss.com/msg/lv/electronics/computers/completing-pc/video/bjcdjm.html
2026-04-11 22:03:45 | INFO     | ss_crawler | [scraper] [scraper] ⏭️ UNCHANGED: Processed: unchanged
2026-04-11 22:03:45 | INFO     | ss_crawler | [crawler] [crawler] Fetching listing 4/30: https://www.ss.com/msg/lv/electronics/computers/completing-pc/video/bkmenc.html
2026-04-11 22:03:47 | INFO     | ss_crawler | [scraper] [scraper] ⏭️ UNCHANGED: Processed: unchanged
2026-04-11 22:03:47 | INFO     | ss_crawler | [crawler] [crawler] Fetching listing 5/30: https://www.ss.com/msg/lv/electronics/computers/completing-pc/video/fkmij.html
2026-04-11 22:03:50 | INFO     | ss_crawler | [scraper] [scraper] ⏭️ UNCHANGED: Processed: unchanged
2026-04-11 22:03:50 | INFO     | ss_crawler | [crawler] [crawler] Fetching listing 6/30: https://www.ss.com/msg/lv/electronics/computers/completing-pc/video/fdjpc.html
2026-04-11 22:03:54 | INFO     | ss_crawler | [scraper] [scraper] ⏭️ UNCHANGED: Processed: unchanged
2026-04-11 22:03:54 | INFO     | ss_crawler | [crawler] [crawler] Fetching listing 7/30: https://www.ss.com/msg/lv/electronics/computers/completing-pc/video/cckmo.html
2026-04-11 22:03:55 | INFO     | ss_crawler | [scraper] [scraper] ⏭️ UNCHANGED: Processed: unchanged
2026-04-11 22:03:55 | INFO     | ss_crawler | [crawler] [crawler] Fetching listing 8/30: https://www.ss.com/msg/lv/electronics/computers/completing-pc/video/bopjpd.html
2026-04-11 22:03:58 | INFO     | ss_crawler | [scraper] [scraper] ⏭️ UNCHANGED: Processed: unchanged
2026-04-11 22:03:58 | INFO     | ss_crawler | [crawler] [crawler] Fetching listing 9/30: https://www.ss.com/msg/lv/electronics/computers/completing-pc/video/bikkbm.html
2026-04-11 22:04:01 | INFO     | ss_crawler | [scraper] [scraper] ⏭️ UNCHANGED: Processed: unchanged
2026-04-11 22:04:01 | INFO     | ss_crawler | [crawler] [crawler] Fetching listing 10/30: https://www.ss.com/msg/lv/electronics/computers/completing-pc/video/bkmnlc.html
2026-04-11 22:04:05 | INFO     | ss_crawler | [scraper] [scraper] ⏭️ UNCHANGED: Processed: unchanged
2026-04-11 22:04:05 | INFO     | ss_crawler | [crawler] [crawler] Fetching listing 11/30: https://www.ss.com/msg/lv/electronics/computers/completing-pc/video/lpbhi.html
2026-04-11 22:04:07 | INFO     | ss_crawler | [scraper] [scraper] ⏭️ UNCHANGED: Processed: unchanged
2026-04-11 22:04:07 | INFO     | ss_crawler | [crawler] [crawler] Fetching listing 12/30: https://www.ss.com/msg/lv/electronics/computers/completing-pc/video/fjdox.html
2026-04-11 22:04:09 | INFO     | ss_crawler | [scraper] [scraper] ⏭️ UNCHANGED: Processed: unchanged
2026-04-11 22:04:09 | INFO     | ss_crawler | [crawler] [crawler] Fetching listing 13/30: https://www.ss.com/msg/lv/electronics/computers/completing-pc/video/bkxjdg.html
2026-04-11 22:04:12 | INFO     | ss_crawler | [scraper] [scraper] ⏭️ UNCHANGED: Processed: unchanged
2026-04-11 22:04:12 | INFO     | ss_crawler | [crawler] [crawler] Fetching listing 14/30: https://www.ss.com/msg/lv/electronics/computers/completing-pc/video/bolpdx.html
2026-04-11 22:04:15 | INFO     | ss_crawler | [scraper] [scraper] ❓ UNMATCHED: No GPU match found
2026-04-11 22:04:15 | INFO     | ss_crawler | [crawler] [crawler] Fetching listing 15/30: https://www.ss.com/msg/lv/electronics/computers/completing-pc/video/blgiel.html
2026-04-11 22:04:18 | INFO     | ss_crawler | [scraper] [scraper] ⏭️ UNCHANGED: Processed: unchanged
2026-04-11 22:04:18 | INFO     | ss_crawler | [crawler] [crawler] Fetching listing 16/30: https://www.ss.com/msg/lv/electronics/computers/completing-pc/video/ebcgn.html
2026-04-11 22:04:21 | INFO     | ss_crawler | [scraper] [scraper] ⚠️ LOW_CONFIDENCE: Match confidence 0.42 below threshold
2026-04-11 22:04:21 | INFO     | ss_crawler | [crawler] [crawler] Fetching listing 17/30: https://www.ss.com/msg/lv/electronics/computers/completing-pc/video/pbgln.html
2026-04-11 22:04:24 | INFO     | ss_crawler | [scraper] [scraper] ⏭️ UNCHANGED: Processed: unchanged
2026-04-11 22:04:24 | INFO     | ss_crawler | [crawler] [crawler] Fetching listing 18/30: https://www.ss.com/msg/lv/electronics/computers/completing-pc/video/ppmhc.html
2026-04-11 22:04:26 | INFO     | ss_crawler | [scraper] [scraper] ⏭️ UNCHANGED: Processed: unchanged
2026-04-11 22:04:26 | INFO     | ss_crawler | [crawler] [crawler] Fetching listing 19/30: https://www.ss.com/msg/lv/electronics/computers/completing-pc/video/nhefi.html
2026-04-11 22:04:29 | INFO     | ss_crawler | [scraper] [scraper] ⚠️ LOW_CONFIDENCE: Match confidence 0.55 below threshold
2026-04-11 22:04:29 | INFO     | ss_crawler | [crawler] [crawler] Fetching listing 20/30: https://www.ss.com/msg/lv/electronics/computers/completing-pc/video/bkfomx.html
2026-04-11 22:04:31 | INFO     | ss_crawler | [scraper] [scraper] ⏭️ UNCHANGED: Processed: unchanged
2026-04-11 22:04:31 | INFO     | ss_crawler | [crawler] [crawler] Fetching listing 21/30: https://www.ss.com/msg/lv/electronics/computers/completing-pc/video/lpjic.html
2026-04-11 22:04:33 | INFO     | ss_crawler | [scraper] [scraper] ⏭️ UNCHANGED: Processed: unchanged
2026-04-11 22:04:33 | INFO     | ss_crawler | [crawler] [crawler] Fetching listing 22/30: https://www.ss.com/msg/lv/electronics/computers/completing-pc/video/epexo.html
2026-04-11 22:04:36 | INFO     | ss_crawler | [scraper] [scraper] ⏭️ UNCHANGED: Processed: unchanged
2026-04-11 22:04:36 | INFO     | ss_crawler | [crawler] [crawler] Fetching listing 23/30: https://www.ss.com/msg/lv/electronics/computers/completing-pc/video/bihlfm.html
2026-04-11 22:04:38 | INFO     | ss_crawler | [scraper] [scraper] ⏭️ UNCHANGED: Processed: unchanged
2026-04-11 22:04:38 | INFO     | ss_crawler | [crawler] [crawler] Fetching listing 24/30: https://www.ss.com/msg/lv/electronics/computers/completing-pc/video/blbeol.html
2026-04-11 22:04:41 | INFO     | ss_crawler | [scraper] [scraper] ⏭️ UNCHANGED: Processed: unchanged
2026-04-11 22:04:41 | INFO     | ss_crawler | [crawler] [crawler] Fetching listing 25/30: https://www.ss.com/msg/lv/electronics/computers/completing-pc/video/bkhdnd.html
2026-04-11 22:04:44 | INFO     | ss_crawler | [scraper] [scraper] ⏭️ UNCHANGED: Processed: unchanged
2026-04-11 22:04:44 | INFO     | ss_crawler | [crawler] [crawler] Fetching listing 26/30: https://www.ss.com/msg/lv/electronics/computers/completing-pc/video/fenki.html
2026-04-11 22:04:46 | INFO     | ss_crawler | [scraper] [scraper] ⏭️ UNCHANGED: Processed: unchanged
2026-04-11 22:04:46 | INFO     | ss_crawler | [crawler] [crawler] Fetching listing 27/30: https://www.ss.com/msg/lv/electronics/computers/completing-pc/video/lnkjl.html
2026-04-11 22:04:48 | INFO     | ss_crawler | [scraper] [scraper] ⏭️ UNCHANGED: Processed: unchanged
2026-04-11 22:04:48 | INFO     | ss_crawler | [crawler] [crawler] Fetching listing 28/30: https://www.ss.com/msg/lv/electronics/computers/completing-pc/video/adggp.html
2026-04-11 22:04:51 | INFO     | ss_crawler | [scraper] [scraper] ⏭️ UNCHANGED: Processed: unchanged
2026-04-11 22:04:51 | INFO     | ss_crawler | [crawler] [crawler] Fetching listing 29/30: https://www.ss.com/msg/lv/electronics/computers/completing-pc/video/ndokf.html
2026-04-11 22:04:53 | INFO     | ss_crawler | [scraper] [scraper] ⏭️ UNCHANGED: Processed: unchanged
2026-04-11 22:04:53 | INFO     | ss_crawler | [crawler] [crawler] Fetching listing 30/30: https://www.ss.com/msg/lv/electronics/computers/completing-pc/video/bkejlk.html
2026-04-11 22:04:56 | INFO     | ss_crawler | [scraper] [scraper] ⏭️ UNCHANGED: Processed: unchanged
2026-04-11 22:04:56 | INFO     | ss_crawler | [scraper] [scraper] 📄 Fetching category: https://www.ss.com/lv/electronics/computers/completing-pc/video/page32.html
2026-04-11 22:04:56 | INFO     | ss_crawler | [crawler] [crawler] Fetching category page: https://www.ss.com/lv/electronics/computers/completing-pc/video/page32.html
2026-04-11 22:04:59 | INFO     | ss_crawler | [parser] [parser] Found 30 listings on page
2026-04-11 22:04:59 | INFO     | ss_crawler | [scraper] [scraper] 🔍 Found 30 listings to process
2026-04-11 22:04:59 | INFO     | ss_crawler | [crawler] [crawler] Fetching listing 1/30: https://www.ss.com/msg/lv/electronics/computers/completing-pc/video/pdgbh.html
2026-04-11 22:05:02 | INFO     | ss_crawler | [scraper] [scraper] ⏭️ UNCHANGED: Processed: unchanged
2026-04-11 22:05:02 | INFO     | ss_crawler | [crawler] [crawler] Fetching listing 2/30: https://www.ss.com/msg/lv/electronics/computers/completing-pc/video/dkfio.html
2026-04-11 22:05:03 | INFO     | ss_crawler | [scraper] [scraper] ⏭️ UNCHANGED: Processed: unchanged
2026-04-11 22:05:03 | INFO     | ss_crawler | [crawler] [crawler] Fetching listing 3/30: https://www.ss.com/msg/lv/electronics/computers/completing-pc/video/bjcdjm.html
2026-04-11 22:05:07 | INFO     | ss_crawler | [scraper] [scraper] ⏭️ UNCHANGED: Processed: unchanged
2026-04-11 22:05:07 | INFO     | ss_crawler | [crawler] [crawler] Fetching listing 4/30: https://www.ss.com/msg/lv/electronics/computers/completing-pc/video/bkmenc.html
2026-04-11 22:05:10 | INFO     | ss_crawler | [scraper] [scraper] ⏭️ UNCHANGED: Processed: unchanged
2026-04-11 22:05:10 | INFO     | ss_crawler | [crawler] [crawler] Fetching listing 5/30: https://www.ss.com/msg/lv/electronics/computers/completing-pc/video/fkmij.html
2026-04-11 22:05:12 | INFO     | ss_crawler | [scraper] [scraper] ⏭️ UNCHANGED: Processed: unchanged
2026-04-11 22:05:12 | INFO     | ss_crawler | [crawler] [crawler] Fetching listing 6/30: https://www.ss.com/msg/lv/electronics/computers/completing-pc/video/fdjpc.html
2026-04-11 22:05:14 | INFO     | ss_crawler | [scraper] [scraper] ⏭️ UNCHANGED: Processed: unchanged
2026-04-11 22:05:14 | INFO     | ss_crawler | [crawler] [crawler] Fetching listing 7/30: https://www.ss.com/msg/lv/electronics/computers/completing-pc/video/cckmo.html
2026-04-11 22:05:17 | INFO     | ss_crawler | [scraper] [scraper] ⏭️ UNCHANGED: Processed: unchanged
2026-04-11 22:05:17 | INFO     | ss_crawler | [crawler] [crawler] Fetching listing 8/30: https://www.ss.com/msg/lv/electronics/computers/completing-pc/video/bopjpd.html
2026-04-11 22:05:20 | INFO     | ss_crawler | [scraper] [scraper] ⏭️ UNCHANGED: Processed: unchanged
2026-04-11 22:05:20 | INFO     | ss_crawler | [crawler] [crawler] Fetching listing 9/30: https://www.ss.com/msg/lv/electronics/computers/completing-pc/video/bikkbm.html
2026-04-11 22:05:22 | INFO     | ss_crawler | [scraper] [scraper] ⏭️ UNCHANGED: Processed: unchanged
2026-04-11 22:05:22 | INFO     | ss_crawler | [crawler] [crawler] Fetching listing 10/30: https://www.ss.com/msg/lv/electronics/computers/completing-pc/video/bkmnlc.html
2026-04-11 22:05:24 | INFO     | ss_crawler | [scraper] [scraper] ⏭️ UNCHANGED: Processed: unchanged
2026-04-11 22:05:24 | INFO     | ss_crawler | [crawler] [crawler] Fetching listing 11/30: https://www.ss.com/msg/lv/electronics/computers/completing-pc/video/lpbhi.html
2026-04-11 22:05:25 | INFO     | ss_crawler | [scraper] [scraper] ⏭️ UNCHANGED: Processed: unchanged
2026-04-11 22:05:25 | INFO     | ss_crawler | [crawler] [crawler] Fetching listing 12/30: https://www.ss.com/msg/lv/electronics/computers/completing-pc/video/fjdox.html
2026-04-11 22:05:28 | INFO     | ss_crawler | [scraper] [scraper] ⏭️ UNCHANGED: Processed: unchanged
2026-04-11 22:05:28 | INFO     | ss_crawler | [crawler] [crawler] Fetching listing 13/30: https://www.ss.com/msg/lv/electronics/computers/completing-pc/video/bkxjdg.html
2026-04-11 22:05:29 | INFO     | ss_crawler | [scraper] [scraper] ⏭️ UNCHANGED: Processed: unchanged
2026-04-11 22:05:29 | INFO     | ss_crawler | [crawler] [crawler] Fetching listing 14/30: https://www.ss.com/msg/lv/electronics/computers/completing-pc/video/bolpdx.html
2026-04-11 22:05:32 | INFO     | ss_crawler | [scraper] [scraper] ❓ UNMATCHED: No GPU match found
2026-04-11 22:05:32 | INFO     | ss_crawler | [crawler] [crawler] Fetching listing 15/30: https://www.ss.com/msg/lv/electronics/computers/completing-pc/video/blgiel.html
2026-04-11 22:05:34 | INFO     | ss_crawler | [scraper] [scraper] ⏭️ UNCHANGED: Processed: unchanged
2026-04-11 22:05:34 | INFO     | ss_crawler | [crawler] [crawler] Fetching listing 16/30: https://www.ss.com/msg/lv/electronics/computers/completing-pc/video/ebcgn.html
2026-04-11 22:05:37 | INFO     | ss_crawler | [scraper] [scraper] ⚠️ LOW_CONFIDENCE: Match confidence 0.42 below threshold
2026-04-11 22:05:37 | INFO     | ss_crawler | [crawler] [crawler] Fetching listing 17/30: https://www.ss.com/msg/lv/electronics/computers/completing-pc/video/pbgln.html
2026-04-11 22:05:40 | INFO     | ss_crawler | [scraper] [scraper] ⏭️ UNCHANGED: Processed: unchanged
2026-04-11 22:05:40 | INFO     | ss_crawler | [crawler] [crawler] Fetching listing 18/30: https://www.ss.com/msg/lv/electronics/computers/completing-pc/video/ppmhc.html
2026-04-11 22:05:43 | INFO     | ss_crawler | [scraper] [scraper] ⏭️ UNCHANGED: Processed: unchanged
2026-04-11 22:05:43 | INFO     | ss_crawler | [crawler] [crawler] Fetching listing 19/30: https://www.ss.com/msg/lv/electronics/computers/completing-pc/video/nhefi.html
2026-04-11 22:05:46 | INFO     | ss_crawler | [scraper] [scraper] ⚠️ LOW_CONFIDENCE: Match confidence 0.55 below threshold
2026-04-11 22:05:46 | INFO     | ss_crawler | [crawler] [crawler] Fetching listing 20/30: https://www.ss.com/msg/lv/electronics/computers/completing-pc/video/bkfomx.html
2026-04-11 22:05:49 | INFO     | ss_crawler | [scraper] [scraper] ⏭️ UNCHANGED: Processed: unchanged
2026-04-11 22:05:49 | INFO     | ss_crawler | [crawler] [crawler] Fetching listing 21/30: https://www.ss.com/msg/lv/electronics/computers/completing-pc/video/lpjic.html
2026-04-11 22:05:52 | INFO     | ss_crawler | [scraper] [scraper] ⏭️ UNCHANGED: Processed: unchanged
2026-04-11 22:05:52 | INFO     | ss_crawler | [crawler] [crawler] Fetching listing 22/30: https://www.ss.com/msg/lv/electronics/computers/completing-pc/video/epexo.html
2026-04-11 22:05:55 | INFO     | ss_crawler | [scraper] [scraper] ⏭️ UNCHANGED: Processed: unchanged
2026-04-11 22:05:55 | INFO     | ss_crawler | [crawler] [crawler] Fetching listing 23/30: https://www.ss.com/msg/lv/electronics/computers/completing-pc/video/bihlfm.html
2026-04-11 22:05:59 | INFO     | ss_crawler | [scraper] [scraper] ⏭️ UNCHANGED: Processed: unchanged
2026-04-11 22:05:59 | INFO     | ss_crawler | [crawler] [crawler] Fetching listing 24/30: https://www.ss.com/msg/lv/electronics/computers/completing-pc/video/blbeol.html
2026-04-11 22:06:01 | INFO     | ss_crawler | [scraper] [scraper] ⏭️ UNCHANGED: Processed: unchanged
2026-04-11 22:06:01 | INFO     | ss_crawler | [crawler] [crawler] Fetching listing 25/30: https://www.ss.com/msg/lv/electronics/computers/completing-pc/video/bkhdnd.html
2026-04-11 22:06:04 | INFO     | ss_crawler | [scraper] [scraper] ⏭️ UNCHANGED: Processed: unchanged
2026-04-11 22:06:04 | INFO     | ss_crawler | [crawler] [crawler] Fetching listing 26/30: https://www.ss.com/msg/lv/electronics/computers/completing-pc/video/fenki.html
2026-04-11 22:06:08 | INFO     | ss_crawler | [scraper] [scraper] ⏭️ UNCHANGED: Processed: unchanged
2026-04-11 22:06:08 | INFO     | ss_crawler | [crawler] [crawler] Fetching listing 27/30: https://www.ss.com/msg/lv/electronics/computers/completing-pc/video/lnkjl.html
2026-04-11 22:06:09 | INFO     | ss_crawler | [scraper] [scraper] ⏭️ UNCHANGED: Processed: unchanged
2026-04-11 22:06:09 | INFO     | ss_crawler | [crawler] [crawler] Fetching listing 28/30: https://www.ss.com/msg/lv/electronics/computers/completing-pc/video/adggp.html
2026-04-11 22:06:13 | INFO     | ss_crawler | [scraper] [scraper] ⏭️ UNCHANGED: Processed: unchanged
2026-04-11 22:06:13 | INFO     | ss_crawler | [crawler] [crawler] Fetching listing 29/30: https://www.ss.com/msg/lv/electronics/computers/completing-pc/video/ndokf.html
2026-04-11 22:06:15 | INFO     | ss_crawler | [scraper] [scraper] ⏭️ UNCHANGED: Processed: unchanged
2026-04-11 22:06:15 | INFO     | ss_crawler | [crawler] [crawler] Fetching listing 30/30: https://www.ss.com/msg/lv/electronics/computers/completing-pc/video/bkejlk.html
2026-04-11 22:06:18 | INFO     | ss_crawler | [scraper] [scraper] ⏭️ UNCHANGED: Processed: unchanged
2026-04-11 22:06:18 | INFO     | ss_crawler | [scraper] [scraper] 📄 Fetching category: https://www.ss.com/lv/electronics/computers/completing-pc/video/page33.html
2026-04-11 22:06:18 | INFO     | ss_crawler | [crawler] [crawler] Fetching category page: https://www.ss.com/lv/electronics/computers/completing-pc/video/page33.html
2026-04-11 22:06:21 | INFO     | ss_crawler | [parser] [parser] Found 30 listings on page
2026-04-11 22:06:21 | INFO     | ss_crawler | [scraper] [scraper] 🔍 Found 30 listings to process
2026-04-11 22:06:21 | INFO     | ss_crawler | [crawler] [crawler] Fetching listing 1/30: https://www.ss.com/msg/lv/electronics/computers/completing-pc/video/pdgbh.html
2026-04-11 22:06:23 | INFO     | ss_crawler | [scraper] [scraper] ⏭️ UNCHANGED: Processed: unchanged
2026-04-11 22:06:23 | INFO     | ss_crawler | [crawler] [crawler] Fetching listing 2/30: https://www.ss.com/msg/lv/electronics/computers/completing-pc/video/dkfio.html
2026-04-11 22:06:25 | INFO     | ss_crawler | [scraper] [scraper] ⏭️ UNCHANGED: Processed: unchanged
2026-04-11 22:06:25 | INFO     | ss_crawler | [crawler] [crawler] Fetching listing 3/30: https://www.ss.com/msg/lv/electronics/computers/completing-pc/video/bjcdjm.html
2026-04-11 22:06:28 | INFO     | ss_crawler | [scraper] [scraper] ⏭️ UNCHANGED: Processed: unchanged
2026-04-11 22:06:28 | INFO     | ss_crawler | [crawler] [crawler] Fetching listing 4/30: https://www.ss.com/msg/lv/electronics/computers/completing-pc/video/bkmenc.html
2026-04-11 22:06:32 | INFO     | ss_crawler | [scraper] [scraper] ⏭️ UNCHANGED: Processed: unchanged
2026-04-11 22:06:32 | INFO     | ss_crawler | [crawler] [crawler] Fetching listing 5/30: https://www.ss.com/msg/lv/electronics/computers/completing-pc/video/fkmij.html
2026-04-11 22:06:34 | INFO     | ss_crawler | [scraper] [scraper] ⏭️ UNCHANGED: Processed: unchanged
2026-04-11 22:06:34 | INFO     | ss_crawler | [crawler] [crawler] Fetching listing 6/30: https://www.ss.com/msg/lv/electronics/computers/completing-pc/video/fdjpc.html
2026-04-11 22:06:37 | INFO     | ss_crawler | [scraper] [scraper] ⏭️ UNCHANGED: Processed: unchanged
2026-04-11 22:06:37 | INFO     | ss_crawler | [crawler] [crawler] Fetching listing 7/30: https://www.ss.com/msg/lv/electronics/computers/completing-pc/video/cckmo.html
2026-04-11 22:06:40 | INFO     | ss_crawler | [scraper] [scraper] ⏭️ UNCHANGED: Processed: unchanged
2026-04-11 22:06:40 | INFO     | ss_crawler | [crawler] [crawler] Fetching listing 8/30: https://www.ss.com/msg/lv/electronics/computers/completing-pc/video/bopjpd.html
2026-04-11 22:06:44 | INFO     | ss_crawler | [scraper] [scraper] ⏭️ UNCHANGED: Processed: unchanged
2026-04-11 22:06:44 | INFO     | ss_crawler | [crawler] [crawler] Fetching listing 9/30: https://www.ss.com/msg/lv/electronics/computers/completing-pc/video/bikkbm.html
2026-04-11 22:06:46 | INFO     | ss_crawler | [scraper] [scraper] ⏭️ UNCHANGED: Processed: unchanged
2026-04-11 22:06:46 | INFO     | ss_crawler | [crawler] [crawler] Fetching listing 10/30: https://www.ss.com/msg/lv/electronics/computers/completing-pc/video/bkmnlc.html
2026-04-11 22:06:49 | INFO     | ss_crawler | [scraper] [scraper] ⏭️ UNCHANGED: Processed: unchanged
2026-04-11 22:06:49 | INFO     | ss_crawler | [crawler] [crawler] Fetching listing 11/30: https://www.ss.com/msg/lv/electronics/computers/completing-pc/video/lpbhi.html
2026-04-11 22:06:51 | INFO     | ss_crawler | [scraper] [scraper] ⏭️ UNCHANGED: Processed: unchanged
2026-04-11 22:06:51 | INFO     | ss_crawler | [crawler] [crawler] Fetching listing 12/30: https://www.ss.com/msg/lv/electronics/computers/completing-pc/video/fjdox.html
2026-04-11 22:06:53 | INFO     | ss_crawler | [scraper] [scraper] ⏭️ UNCHANGED: Processed: unchanged
2026-04-11 22:06:53 | INFO     | ss_crawler | [crawler] [crawler] Fetching listing 13/30: https://www.ss.com/msg/lv/electronics/computers/completing-pc/video/bkxjdg.html
2026-04-11 22:06:56 | INFO     | ss_crawler | [scraper] [scraper] ⏭️ UNCHANGED: Processed: unchanged
2026-04-11 22:06:56 | INFO     | ss_crawler | [crawler] [crawler] Fetching listing 14/30: https://www.ss.com/msg/lv/electronics/computers/completing-pc/video/bolpdx.html
2026-04-11 22:07:00 | INFO     | ss_crawler | [scraper] [scraper] ❓ UNMATCHED: No GPU match found
2026-04-11 22:07:00 | INFO     | ss_crawler | [crawler] [crawler] Fetching listing 15/30: https://www.ss.com/msg/lv/electronics/computers/completing-pc/video/blgiel.html
2026-04-11 22:07:01 | INFO     | ss_crawler | [scraper] [scraper] ⏭️ UNCHANGED: Processed: unchanged
2026-04-11 22:07:01 | INFO     | ss_crawler | [crawler] [crawler] Fetching listing 16/30: https://www.ss.com/msg/lv/electronics/computers/completing-pc/video/ebcgn.html
2026-04-11 22:07:05 | INFO     | ss_crawler | [scraper] [scraper] ⚠️ LOW_CONFIDENCE: Match confidence 0.42 below threshold
2026-04-11 22:07:05 | INFO     | ss_crawler | [crawler] [crawler] Fetching listing 17/30: https://www.ss.com/msg/lv/electronics/computers/completing-pc/video/pbgln.html
2026-04-11 22:07:08 | INFO     | ss_crawler | [scraper] [scraper] ⏭️ UNCHANGED: Processed: unchanged
2026-04-11 22:07:08 | INFO     | ss_crawler | [crawler] [crawler] Fetching listing 18/30: https://www.ss.com/msg/lv/electronics/computers/completing-pc/video/ppmhc.html
2026-04-11 22:07:11 | INFO     | ss_crawler | [scraper] [scraper] ⏭️ UNCHANGED: Processed: unchanged
2026-04-11 22:07:11 | INFO     | ss_crawler | [crawler] [crawler] Fetching listing 19/30: https://www.ss.com/msg/lv/electronics/computers/completing-pc/video/nhefi.html
2026-04-11 22:07:13 | INFO     | ss_crawler | [scraper] [scraper] ⚠️ LOW_CONFIDENCE: Match confidence 0.55 below threshold
2026-04-11 22:07:13 | INFO     | ss_crawler | [crawler] [crawler] Fetching listing 20/30: https://www.ss.com/msg/lv/electronics/computers/completing-pc/video/bkfomx.html
2026-04-11 22:07:17 | INFO     | ss_crawler | [scraper] [scraper] ⏭️ UNCHANGED: Processed: unchanged
2026-04-11 22:07:17 | INFO     | ss_crawler | [crawler] [crawler] Fetching listing 21/30: https://www.ss.com/msg/lv/electronics/computers/completing-pc/video/lpjic.html
2026-04-11 22:07:20 | INFO     | ss_crawler | [scraper] [scraper] ⏭️ UNCHANGED: Processed: unchanged
2026-04-11 22:07:20 | INFO     | ss_crawler | [crawler] [crawler] Fetching listing 22/30: https://www.ss.com/msg/lv/electronics/computers/completing-pc/video/epexo.html
2026-04-11 22:07:22 | INFO     | ss_crawler | [scraper] [scraper] ⏭️ UNCHANGED: Processed: unchanged
2026-04-11 22:07:22 | INFO     | ss_crawler | [crawler] [crawler] Fetching listing 23/30: https://www.ss.com/msg/lv/electronics/computers/completing-pc/video/bihlfm.html
2026-04-11 22:07:26 | INFO     | ss_crawler | [scraper] [scraper] ⏭️ UNCHANGED: Processed: unchanged
2026-04-11 22:07:26 | INFO     | ss_crawler | [crawler] [crawler] Fetching listing 24/30: https://www.ss.com/msg/lv/electronics/computers/completing-pc/video/blbeol.html
2026-04-11 22:07:28 | INFO     | ss_crawler | [scraper] [scraper] ⏭️ UNCHANGED: Processed: unchanged
2026-04-11 22:07:28 | INFO     | ss_crawler | [crawler] [crawler] Fetching listing 25/30: https://www.ss.com/msg/lv/electronics/computers/completing-pc/video/bkhdnd.html
2026-04-11 22:07:30 | INFO     | ss_crawler | [scraper] [scraper] ⏭️ UNCHANGED: Processed: unchanged
2026-04-11 22:07:30 | INFO     | ss_crawler | [crawler] [crawler] Fetching listing 26/30: https://www.ss.com/msg/lv/electronics/computers/completing-pc/video/fenki.html
2026-04-11 22:07:33 | INFO     | ss_crawler | [scraper] [scraper] ⏭️ UNCHANGED: Processed: unchanged
2026-04-11 22:07:33 | INFO     | ss_crawler | [crawler] [crawler] Fetching listing 27/30: https://www.ss.com/msg/lv/electronics/computers/completing-pc/video/lnkjl.html
2026-04-11 22:07:35 | INFO     | ss_crawler | [scraper] [scraper] ⏭️ UNCHANGED: Processed: unchanged
2026-04-11 22:07:35 | INFO     | ss_crawler | [crawler] [crawler] Fetching listing 28/30: https://www.ss.com/msg/lv/electronics/computers/completing-pc/video/adggp.html
2026-04-11 22:07:37 | INFO     | ss_crawler | [scraper] [scraper] ⏭️ UNCHANGED: Processed: unchanged
2026-04-11 22:07:37 | INFO     | ss_crawler | [crawler] [crawler] Fetching listing 29/30: https://www.ss.com/msg/lv/electronics/computers/completing-pc/video/ndokf.html
2026-04-11 22:07:39 | INFO     | ss_crawler | [scraper] [scraper] ⏭️ UNCHANGED: Processed: unchanged
2026-04-11 22:07:39 | INFO     | ss_crawler | [crawler] [crawler] Fetching listing 30/30: https://www.ss.com/msg/lv/electronics/computers/completing-pc/video/bkejlk.html
2026-04-11 22:07:41 | INFO     | ss_crawler | [scraper] [scraper] ⏭️ UNCHANGED: Processed: unchanged
2026-04-11 22:07:41 | INFO     | ss_crawler | [scraper] [scraper] 📄 Fetching category: https://www.ss.com/lv/electronics/computers/completing-pc/video/page34.html
2026-04-11 22:07:41 | INFO     | ss_crawler | [crawler] [crawler] Fetching category page: https://www.ss.com/lv/electronics/computers/completing-pc/video/page34.html
2026-04-11 22:07:43 | INFO     | ss_crawler | [parser] [parser] Found 30 listings on page
2026-04-11 22:07:43 | INFO     | ss_crawler | [scraper] [scraper] 🔍 Found 30 listings to process
2026-04-11 22:07:43 | INFO     | ss_crawler | [crawler] [crawler] Fetching listing 1/30: https://www.ss.com/msg/lv/electronics/computers/completing-pc/video/pdgbh.html
2026-04-11 22:07:47 | INFO     | ss_crawler | [scraper] [scraper] ⏭️ UNCHANGED: Processed: unchanged
2026-04-11 22:07:47 | INFO     | ss_crawler | [crawler] [crawler] Fetching listing 2/30: https://www.ss.com/msg/lv/electronics/computers/completing-pc/video/dkfio.html
2026-04-11 22:07:49 | INFO     | ss_crawler | [scraper] [scraper] ⏭️ UNCHANGED: Processed: unchanged
2026-04-11 22:07:49 | INFO     | ss_crawler | [crawler] [crawler] Fetching listing 3/30: https://www.ss.com/msg/lv/electronics/computers/completing-pc/video/bjcdjm.html
2026-04-11 22:07:52 | INFO     | ss_crawler | [scraper] [scraper] ⏭️ UNCHANGED: Processed: unchanged
2026-04-11 22:07:52 | INFO     | ss_crawler | [crawler] [crawler] Fetching listing 4/30: https://www.ss.com/msg/lv/electronics/computers/completing-pc/video/bkmenc.html
2026-04-11 22:07:55 | INFO     | ss_crawler | [scraper] [scraper] ⏭️ UNCHANGED: Processed: unchanged
2026-04-11 22:07:55 | INFO     | ss_crawler | [crawler] [crawler] Fetching listing 5/30: https://www.ss.com/msg/lv/electronics/computers/completing-pc/video/fkmij.html
2026-04-11 22:07:58 | INFO     | ss_crawler | [scraper] [scraper] ⏭️ UNCHANGED: Processed: unchanged
2026-04-11 22:07:58 | INFO     | ss_crawler | [crawler] [crawler] Fetching listing 6/30: https://www.ss.com/msg/lv/electronics/computers/completing-pc/video/fdjpc.html
2026-04-11 22:08:01 | INFO     | ss_crawler | [scraper] [scraper] ⏭️ UNCHANGED: Processed: unchanged
2026-04-11 22:08:01 | INFO     | ss_crawler | [crawler] [crawler] Fetching listing 7/30: https://www.ss.com/msg/lv/electronics/computers/completing-pc/video/cckmo.html
2026-04-11 22:08:03 | INFO     | ss_crawler | [scraper] [scraper] ⏭️ UNCHANGED: Processed: unchanged
2026-04-11 22:08:03 | INFO     | ss_crawler | [crawler] [crawler] Fetching listing 8/30: https://www.ss.com/msg/lv/electronics/computers/completing-pc/video/bopjpd.html
2026-04-11 22:08:04 | INFO     | ss_crawler | [scraper] [scraper] ⏭️ UNCHANGED: Processed: unchanged
2026-04-11 22:08:04 | INFO     | ss_crawler | [crawler] [crawler] Fetching listing 9/30: https://www.ss.com/msg/lv/electronics/computers/completing-pc/video/bikkbm.html
2026-04-11 22:08:06 | INFO     | ss_crawler | [scraper] [scraper] ⏭️ UNCHANGED: Processed: unchanged
2026-04-11 22:08:06 | INFO     | ss_crawler | [crawler] [crawler] Fetching listing 10/30: https://www.ss.com/msg/lv/electronics/computers/completing-pc/video/bkmnlc.html
2026-04-11 22:08:08 | INFO     | ss_crawler | [scraper] [scraper] ⏭️ UNCHANGED: Processed: unchanged
2026-04-11 22:08:08 | INFO     | ss_crawler | [crawler] [crawler] Fetching listing 11/30: https://www.ss.com/msg/lv/electronics/computers/completing-pc/video/lpbhi.html
2026-04-11 22:08:53 | INFO     | ss_crawler | [scraper] [scraper] 🚀 Initializing scraper...
2026-04-11 22:08:53 | INFO     | ss_crawler | [database] [database] Database connected: localhost:5433/ss_market
2026-04-11 22:08:53 | INFO     | ss_crawler | [scraper] [scraper] 📦 Database: postgresql+psycopg2://crawler:crawler_pass@localhost:5433/ss_market
2026-04-11 22:08:53 | INFO     | ss_crawler | [matcher] [matcher] GPUMatcher initialized with 631 GPUs
2026-04-11 22:08:53 | INFO     | ss_crawler | [scraper] [scraper] 🎮 Loaded 631 GPU references
2026-04-11 22:08:53 | INFO     | ss_crawler | [scraper] [scraper] 🚀 Initializing scraper...
2026-04-11 22:08:53 | INFO     | ss_crawler | [scraper] [scraper] 📦 Database: postgresql+psycopg2://crawler:crawler_pass@localhost:5433/ss_market
2026-04-11 22:08:53 | INFO     | ss_crawler | [matcher] [matcher] GPUMatcher initialized with 631 GPUs
2026-04-11 22:08:53 | INFO     | ss_crawler | [scraper] [scraper] 🎮 Loaded 631 GPU references
2026-04-11 22:08:53 | INFO     | ss_crawler | [scraper] [scraper] 🔍 Single URL mode: https://www.ss.com/msg/lv/electronics/computers/completing-pc/video/nhefi.html
2026-04-11 22:08:53 | INFO     | ss_crawler | [crawler] [crawler] Fetching single listing: https://www.ss.com/msg/lv/electronics/computers/completing-pc/video/nhefi.html
2026-04-11 22:10:24 | INFO     | ss_crawler | [database] [database] Database connected: localhost:5433/ss_market
2026-04-11 22:10:31 | INFO     | ss_crawler | [database] [database] Database connected: localhost:5433/ss_market
2026-04-11 22:10:31 | INFO     | ss_crawler | [matcher] [matcher] GPUMatcher initialized with 631 GPUs
2026-04-11 22:10:36 | INFO     | ss_crawler | [database] [database] Database connected: localhost:5433/ss_market
2026-04-11 22:10:36 | INFO     | ss_crawler | [matcher] [matcher] GPUMatcher initialized with 631 GPUs
2026-04-11 22:11:39 | INFO     | ss_crawler | [database] [database] Database connected: localhost:5433/ss_market
2026-04-11 22:11:39 | INFO     | ss_crawler | [matcher] [matcher] GPUMatcher initialized with 631 GPUs
2026-04-11 22:11:58 | INFO     | ss_crawler | [database] [database] Database connected: localhost:5433/ss_market
2026-04-11 22:11:58 | INFO     | ss_crawler | [matcher] [matcher] GPUMatcher initialized with 631 GPUs
2026-04-11 22:12:07 | INFO     | ss_crawler | [database] [database] Database connected: localhost:5433/ss_market
2026-04-11 22:12:07 | INFO     | ss_crawler | [matcher] [matcher] GPUMatcher initialized with 631 GPUs
2026-04-11 22:13:52 | INFO     | ss_crawler | [scraper] [scraper] 🚀 Initializing scraper...
2026-04-11 22:13:52 | INFO     | ss_crawler | [database] [database] Database connected: localhost:5433/ss_market
2026-04-11 22:13:52 | INFO     | ss_crawler | [scraper] [scraper] 📦 Database: postgresql+psycopg2://crawler:crawler_pass@localhost:5433/ss_market
2026-04-11 22:13:52 | INFO     | ss_crawler | [matcher] [matcher] GPUMatcher initialized with 631 GPUs
2026-04-11 22:13:52 | INFO     | ss_crawler | [scraper] [scraper] 🎮 Loaded 631 GPU references
2026-04-11 22:13:52 | INFO     | ss_crawler | [scraper] [scraper] 🚀 Initializing scraper...
2026-04-11 22:13:52 | INFO     | ss_crawler | [scraper] [scraper] 📦 Database: postgresql+psycopg2://crawler:crawler_pass@localhost:5433/ss_market
2026-04-11 22:13:53 | INFO     | ss_crawler | [matcher] [matcher] GPUMatcher initialized with 631 GPUs
2026-04-11 22:13:53 | INFO     | ss_crawler | [scraper] [scraper] 🎮 Loaded 631 GPU references
2026-04-11 22:13:53 | INFO     | ss_crawler | [scraper] [scraper] 🔍 Single URL mode: https://www.ss.com/msg/lv/electronics/computers/completing-pc/video/nhefi.html
2026-04-11 22:13:53 | INFO     | ss_crawler | [crawler] [crawler] Fetching single listing: https://www.ss.com/msg/lv/electronics/computers/completing-pc/video/nhefi.html
