2026-06-15 23:16:38 | INFO     | ss_crawler | [ssd_scraper] Initializing SSD scraper...
2026-06-15 23:16:38 | INFO     | ss_crawler | [database] Database connected: localhost:5433/ss_market
2026-06-15 23:16:38 | INFO     | ss_crawler | [ssd_scraper] Database: postgresql+psycopg2://crawler:crawler_pass@localhost:5433/ss_market
2026-06-15 23:16:38 | INFO     | ss_crawler | [ssd_matcher] SSDMatcher initialized with 2453 SSDs
2026-06-15 23:16:38 | INFO     | ss_crawler | [ssd_scraper] Loaded 2453 SSD references
2026-06-15 23:16:38 | INFO     | ss_crawler | [ssd_scraper] Starting SSD scraper from https://www.ss.com/lv/electronics/computers/completing-pc/ssd/
2026-06-15 23:16:38 | INFO     | ss_crawler | [ssd_scraper] Fetching page 1: https://www.ss.com/lv/electronics/computers/completing-pc/ssd/
2026-06-15 23:16:38 | INFO     | ss_crawler | [crawler] Fetching : https://www.ss.com/lv/electronics/computers/completing-pc/ssd/
2026-06-15 23:16:41 | INFO     | ss_crawler | [ssd_scraper] Found 32 listings on page 1, 32 new
2026-06-15 23:16:41 | INFO     | ss_crawler | [crawler] Fetching : https://www.ss.com/msg/lv/electronics/computers/completing-pc/ssd/cdpxic.html
2026-06-15 23:16:44 | INFO     | ss_crawler | [ssd_scraper] No match for cdpxic: SS.COM Komplektējošie datoriem - SSD, Cena 70 €. S
2026-06-15 23:16:44 | INFO     | ss_crawler | [ssd_scraper] ✅ cdpxic: New
2026-06-15 23:16:44 | INFO     | ss_crawler | [crawler] Fetching : https://www.ss.com/msg/lv/electronics/computers/completing-pc/ssd/cdpxic.html
2026-06-15 23:16:46 | INFO     | ss_crawler | [ssd_scraper] No match for cdpxic: SS.COM Komplektējošie datoriem - SSD, Cena 70 €. S
2026-06-15 23:16:46 | INFO     | ss_crawler | [ssd_scraper] ⏸️ cdpxic: Unchanged
2026-06-15 23:16:46 | INFO     | ss_crawler | [crawler] Fetching : https://www.ss.com/msg/lv/electronics/computers/completing-pc/ssd/cdpxic.html
2026-06-15 23:51:29 | INFO     | ss_crawler | [database] Database connected: localhost:5433/ss_market
2026-06-15 23:51:29 | INFO     | ss_crawler | [console_scraper] Starting console listing scrape...
2026-06-15 23:51:29 | INFO     | ss_crawler | [console_scraper] Fetching page 1: https://www.ss.com/lv/electronics/computers/game-consoles/
2026-06-15 23:51:29 | INFO     | ss_crawler | [crawler] Fetching : https://www.ss.com/lv/electronics/computers/game-consoles/
2026-06-15 23:51:33 | INFO     | ss_crawler | [crawler] Fetching : https://www.ss.com/msg/lv/electronics/computers/game-consoles/emcpg.html
2026-06-15 23:51:35 | INFO     | ss_crawler | [crawler] Fetching : https://www.ss.com/msg/lv/electronics/computers/game-consoles/emcpg.html
2026-06-15 23:51:37 | INFO     | ss_crawler | [crawler] Fetching : https://www.ss.com/msg/lv/electronics/computers/game-consoles/emcpg.html
2026-06-15 23:51:40 | INFO     | ss_crawler | [crawler] Fetching : https://www.ss.com/msg/lv/electronics/computers/game-consoles/jpkng.html
2026-06-15 23:51:42 | INFO     | ss_crawler | [crawler] Fetching : https://www.ss.com/msg/lv/electronics/computers/game-consoles/kebjc.html
2026-06-15 23:51:45 | INFO     | ss_crawler | [crawler] Fetching : https://www.ss.com/msg/lv/electronics/computers/game-consoles/bjpdij.html
2026-06-15 23:51:48 | INFO     | ss_crawler | [crawler] Fetching : https://www.ss.com/msg/lv/electronics/computers/game-consoles/jxejb.html
2026-06-15 23:51:50 | INFO     | ss_crawler | [crawler] Fetching : https://www.ss.com/msg/lv/electronics/computers/game-consoles/jiixd.html
2026-06-15 23:51:53 | INFO     | ss_crawler | [crawler] Fetching : https://www.ss.com/msg/lv/electronics/computers/game-consoles/fxneo.html
2026-06-15 23:51:55 | INFO     | ss_crawler | [crawler] Fetching : https://www.ss.com/msg/lv/electronics/computers/game-consoles/eilpp.html
2026-06-15 23:51:56 | INFO     | ss_crawler | [crawler] Fetching : https://www.ss.com/msg/lv/electronics/computers/game-consoles/gpmbg.html
2026-06-15 23:51:58 | INFO     | ss_crawler | [crawler] Fetching : https://www.ss.com/msg/lv/electronics/computers/game-consoles/eohnl.html
2026-06-15 23:52:01 | INFO     | ss_crawler | [crawler] Fetching : https://www.ss.com/msg/lv/electronics/computers/game-consoles/fhgki.html
2026-06-15 23:52:04 | INFO     | ss_crawler | [crawler] Fetching : https://www.ss.com/msg/lv/electronics/computers/game-consoles/iohxp.html
2026-06-15 23:52:06 | INFO     | ss_crawler | [crawler] Fetching : https://www.ss.com/msg/lv/electronics/computers/game-consoles/hcfbe.html
2026-06-15 23:52:09 | INFO     | ss_crawler | [crawler] Fetching : https://www.ss.com/msg/lv/electronics/computers/game-consoles/bhipmb.html
2026-06-15 23:52:11 | INFO     | ss_crawler | [crawler] Fetching : https://www.ss.com/msg/lv/electronics/computers/game-consoles/dppcl.html
2026-06-15 23:52:13 | INFO     | ss_crawler | [crawler] Fetching : https://www.ss.com/msg/lv/electronics/computers/game-consoles/fhkbp.html
2026-06-15 23:52:16 | INFO     | ss_crawler | [crawler] Fetching : https://www.ss.com/msg/lv/electronics/computers/game-consoles/inkox.html
2026-06-15 23:52:19 | INFO     | ss_crawler | [crawler] Fetching : https://www.ss.com/msg/lv/electronics/computers/game-consoles/gonxl.html
2026-06-15 23:52:22 | INFO     | ss_crawler | [crawler] Fetching : https://www.ss.com/msg/lv/electronics/computers/game-consoles/ejghc.html
2026-06-15 23:52:25 | INFO     | ss_crawler | [crawler] Fetching : https://www.ss.com/msg/lv/electronics/computers/game-consoles/bkcieo.html
2026-06-15 23:52:28 | INFO     | ss_crawler | [crawler] Fetching : https://www.ss.com/msg/lv/electronics/computers/game-consoles/bijlmn.html
2026-06-15 23:52:31 | INFO     | ss_crawler | [crawler] Fetching : https://www.ss.com/msg/lv/electronics/computers/game-consoles/mxihk.html
2026-06-15 23:52:33 | INFO     | ss_crawler | [crawler] Fetching : https://www.ss.com/msg/lv/electronics/computers/game-consoles/hmkdk.html
2026-06-15 23:52:35 | INFO     | ss_crawler | [crawler] Fetching : https://www.ss.com/msg/lv/electronics/computers/game-consoles/hebhn.html
2026-06-15 23:52:38 | INFO     | ss_crawler | [crawler] Fetching : https://www.ss.com/msg/lv/electronics/computers/game-consoles/inpcm.html
2026-06-15 23:52:41 | INFO     | ss_crawler | [console_scraper] Found 25 listings on page 1
2026-06-15 23:52:41 | INFO     | ss_crawler | [image_downloader] Downloaded image for ss_27dac0d60638 (stored as ss_27dac0d60638_cde04e32.jpg)
2026-06-15 23:52:41 | INFO     | ss_crawler | [console_scraper] Image saved locally: consoles\ss_27dac0d60638_cde04e32.jpg
2026-06-15 23:52:42 | INFO     | ss_crawler | [image_downloader] Downloaded image for ss_0ad6a02af3f4 (stored as ss_0ad6a02af3f4_503381c9.jpg)
2026-06-15 23:52:42 | INFO     | ss_crawler | [console_scraper] Image saved locally: consoles\ss_0ad6a02af3f4_503381c9.jpg
2026-06-15 23:52:42 | INFO     | ss_crawler | [image_downloader] Downloaded image for ss_8db4629d26ea (stored as ss_8db4629d26ea_bd72dcfe.jpg)
2026-06-15 23:52:42 | INFO     | ss_crawler | [console_scraper] Image saved locally: consoles\ss_8db4629d26ea_bd72dcfe.jpg
2026-06-15 23:52:42 | INFO     | ss_crawler | [console_scraper] Image saved locally: consoles\ss_6814b00639bf_8183b39e.jpg
2026-06-15 23:52:42 | INFO     | ss_crawler | [image_downloader] Downloaded image for ss_bc1de30b2780 (stored as ss_bc1de30b2780_0447f399.jpg)
2026-06-15 23:52:42 | INFO     | ss_crawler | [console_scraper] Image saved locally: consoles\ss_bc1de30b2780_0447f399.jpg
2026-06-15 23:52:42 | INFO     | ss_crawler | [image_downloader] Downloaded image for ss_621bbc92a6ca (stored as ss_621bbc92a6ca_3d09328f.jpg)
2026-06-15 23:52:42 | INFO     | ss_crawler | [console_scraper] Image saved locally: consoles\ss_621bbc92a6ca_3d09328f.jpg
2026-06-15 23:52:42 | INFO     | ss_crawler | [image_downloader] Downloaded image for ss_f17ee5bf074f (stored as ss_f17ee5bf074f_f057c5da.jpg)
2026-06-15 23:52:42 | INFO     | ss_crawler | [console_scraper] Image saved locally: consoles\ss_f17ee5bf074f_f057c5da.jpg
2026-06-15 23:52:42 | INFO     | ss_crawler | [image_downloader] Downloaded image for ss_0867b7bbb497 (stored as ss_0867b7bbb497_07a4cb3c.gif)
2026-06-15 23:52:42 | INFO     | ss_crawler | [console_scraper] Image saved locally: consoles\ss_0867b7bbb497_07a4cb3c.gif
2026-06-15 23:52:42 | INFO     | ss_crawler | [image_downloader] Downloaded image for ss_a870bf8d75d3 (stored as ss_a870bf8d75d3_a21baf5e.jpg)
2026-06-15 23:52:42 | INFO     | ss_crawler | [console_scraper] Image saved locally: consoles\ss_a870bf8d75d3_a21baf5e.jpg
2026-06-15 23:52:42 | INFO     | ss_crawler | [image_downloader] Downloaded image for ss_cc9e7337ae33 (stored as ss_cc9e7337ae33_3a9826ff.jpg)
2026-06-15 23:52:42 | INFO     | ss_crawler | [console_scraper] Image saved locally: consoles\ss_cc9e7337ae33_3a9826ff.jpg
2026-06-15 23:52:42 | INFO     | ss_crawler | [image_downloader] Downloaded image for ss_3ad0546b32c6 (stored as ss_3ad0546b32c6_7134aeb0.jpg)
2026-06-15 23:52:42 | INFO     | ss_crawler | [console_scraper] Image saved locally: consoles\ss_3ad0546b32c6_7134aeb0.jpg
2026-06-15 23:52:42 | INFO     | ss_crawler | [image_downloader] Downloaded image for ss_81bd0178dc31 (stored as ss_81bd0178dc31_f600d806.jpg)
2026-06-15 23:52:42 | INFO     | ss_crawler | [console_scraper] Image saved locally: consoles\ss_81bd0178dc31_f600d806.jpg
2026-06-15 23:52:42 | INFO     | ss_crawler | [image_downloader] Downloaded image for ss_219e9455a231 (stored as ss_219e9455a231_993cc035.jpg)
2026-06-15 23:52:42 | INFO     | ss_crawler | [console_scraper] Image saved locally: consoles\ss_219e9455a231_993cc035.jpg
2026-06-15 23:52:42 | INFO     | ss_crawler | [image_downloader] Downloaded image for ss_69ae1d78b24d (stored as ss_69ae1d78b24d_306c6bc6.jpg)
2026-06-15 23:52:42 | INFO     | ss_crawler | [console_scraper] Image saved locally: consoles\ss_69ae1d78b24d_306c6bc6.jpg
2026-06-15 23:52:42 | INFO     | ss_crawler | [image_downloader] Downloaded image for ss_7a1e6f8cdf74 (stored as ss_7a1e6f8cdf74_45ded833.jpg)
2026-06-15 23:52:42 | INFO     | ss_crawler | [console_scraper] Image saved locally: consoles\ss_7a1e6f8cdf74_45ded833.jpg
2026-06-15 23:52:43 | INFO     | ss_crawler | [image_downloader] Downloaded image for ss_0ad8a6bdbd54 (stored as ss_0ad8a6bdbd54_07a4cb3c.gif)
2026-06-15 23:52:43 | INFO     | ss_crawler | [console_scraper] Image saved locally: consoles\ss_0ad8a6bdbd54_07a4cb3c.gif
2026-06-15 23:52:43 | INFO     | ss_crawler | [image_downloader] Downloaded image for ss_d0b495e64a90 (stored as ss_d0b495e64a90_64da10d7.jpg)
2026-06-15 23:52:43 | INFO     | ss_crawler | [console_scraper] Image saved locally: consoles\ss_d0b495e64a90_64da10d7.jpg
2026-06-15 23:52:43 | INFO     | ss_crawler | [image_downloader] Downloaded image for ss_016e3ece3c10 (stored as ss_016e3ece3c10_eff62b65.jpg)
2026-06-15 23:52:43 | INFO     | ss_crawler | [console_scraper] Image saved locally: consoles\ss_016e3ece3c10_eff62b65.jpg
2026-06-15 23:52:43 | INFO     | ss_crawler | [image_downloader] Downloaded image for ss_c4f9bae99c98 (stored as ss_c4f9bae99c98_c1431b91.jpg)
2026-06-15 23:52:43 | INFO     | ss_crawler | [console_scraper] Image saved locally: consoles\ss_c4f9bae99c98_c1431b91.jpg
2026-06-15 23:52:43 | INFO     | ss_crawler | [image_downloader] Downloaded image for ss_d8c6c9d29c4a (stored as ss_d8c6c9d29c4a_ce7757fa.jpg)
2026-06-15 23:52:43 | INFO     | ss_crawler | [console_scraper] Image saved locally: consoles\ss_d8c6c9d29c4a_ce7757fa.jpg
2026-06-15 23:52:43 | INFO     | ss_crawler | [image_downloader] Downloaded image for ss_07d0f8788e3a (stored as ss_07d0f8788e3a_0e22f59a.jpg)
2026-06-15 23:52:43 | INFO     | ss_crawler | [console_scraper] Image saved locally: consoles\ss_07d0f8788e3a_0e22f59a.jpg
2026-06-15 23:52:43 | INFO     | ss_crawler | [image_downloader] Downloaded image for ss_da427e04b5b2 (stored as ss_da427e04b5b2_fc66d2e9.jpg)
2026-06-15 23:52:43 | INFO     | ss_crawler | [console_scraper] Image saved locally: consoles\ss_da427e04b5b2_fc66d2e9.jpg
2026-06-15 23:52:43 | INFO     | ss_crawler | [console_scraper] Image saved locally: consoles\ss_13e68322b2b2_04f21be4.jpg
2026-06-15 23:52:43 | INFO     | ss_crawler | [image_downloader] Downloaded image for ss_450a1062d987 (stored as ss_450a1062d987_ba03f1fd.jpg)
2026-06-15 23:52:43 | INFO     | ss_crawler | [console_scraper] Image saved locally: consoles\ss_450a1062d987_ba03f1fd.jpg
2026-06-15 23:52:43 | INFO     | ss_crawler | [console_scraper] Image saved locally: consoles\ss_c928768e878d_fe61368c.jpg
2026-06-15 23:52:43 | INFO     | ss_crawler | [console_scraper] Fetching page 2: https://www.ss.com/lv/electronics/computers/game-consoles/page2.html
2026-06-15 23:52:43 | INFO     | ss_crawler | [crawler] Fetching : https://www.ss.com/lv/electronics/computers/game-consoles/page2.html
2026-06-15 23:52:46 | INFO     | ss_crawler | [crawler] Fetching : https://www.ss.com/msg/lv/electronics/computers/game-consoles/ipokd.html
2026-06-15 23:52:50 | INFO     | ss_crawler | [crawler] Fetching : https://www.ss.com/msg/lv/electronics/computers/game-consoles/ipokd.html
2026-06-15 23:52:53 | INFO     | ss_crawler | [crawler] Fetching : https://www.ss.com/msg/lv/electronics/computers/game-consoles/ipokd.html
2026-06-15 23:52:55 | INFO     | ss_crawler | [crawler] Fetching : https://www.ss.com/msg/lv/electronics/computers/game-consoles/edjik.html
2026-06-15 23:52:57 | INFO     | ss_crawler | [crawler] Fetching : https://www.ss.com/msg/lv/electronics/computers/game-consoles/degjl.html
2026-06-15 23:52:59 | INFO     | ss_crawler | [crawler] Fetching : https://www.ss.com/msg/lv/electronics/computers/game-consoles/djgmn.html
2026-06-15 23:53:02 | INFO     | ss_crawler | [crawler] Fetching : https://www.ss.com/msg/lv/electronics/computers/game-consoles/klxhb.html
2026-06-15 23:53:04 | INFO     | ss_crawler | [crawler] Fetching : https://www.ss.com/msg/lv/electronics/computers/game-consoles/dhgxn.html
2026-06-15 23:53:06 | INFO     | ss_crawler | [crawler] Fetching : https://www.ss.com/msg/lv/electronics/computers/game-consoles/fmmlm.html
2026-06-15 23:53:07 | INFO     | ss_crawler | [crawler] Fetching : https://www.ss.com/msg/lv/electronics/computers/game-consoles/blepfk.html
2026-06-15 23:53:11 | INFO     | ss_crawler | [crawler] Fetching : https://www.ss.com/msg/lv/electronics/computers/game-consoles/fhcdb.html
2026-06-15 23:53:13 | INFO     | ss_crawler | [crawler] Fetching : https://www.ss.com/msg/lv/electronics/computers/game-consoles/edpfk.html
2026-06-15 23:53:16 | INFO     | ss_crawler | [crawler] Fetching : https://www.ss.com/msg/lv/electronics/computers/game-consoles/kbxff.html
2026-06-15 23:53:19 | INFO     | ss_crawler | [crawler] Fetching : https://www.ss.com/msg/lv/electronics/computers/game-consoles/bklkic.html
2026-06-15 23:53:21 | INFO     | ss_crawler | [crawler] Fetching : https://www.ss.com/msg/lv/electronics/computers/game-consoles/gpbhj.html
2026-06-15 23:53:24 | INFO     | ss_crawler | [crawler] Fetching : https://www.ss.com/msg/lv/electronics/computers/game-consoles/fmjpn.html
2026-06-15 23:53:26 | INFO     | ss_crawler | [crawler] Fetching : https://www.ss.com/msg/lv/electronics/computers/game-consoles/ioxil.html
2026-06-15 23:53:28 | INFO     | ss_crawler | [crawler] Fetching : https://www.ss.com/msg/lv/electronics/computers/game-consoles/iokpg.html
2026-06-15 23:53:30 | INFO     | ss_crawler | [crawler] Fetching : https://www.ss.com/msg/lv/electronics/computers/game-consoles/enjdi.html
2026-06-15 23:53:33 | INFO     | ss_crawler | [crawler] Fetching : https://www.ss.com/msg/lv/electronics/computers/game-consoles/jignd.html
2026-06-15 23:53:35 | INFO     | ss_crawler | [crawler] Fetching : https://www.ss.com/msg/lv/electronics/computers/game-consoles/bhjpio.html
2026-06-15 23:53:38 | INFO     | ss_crawler | [crawler] Fetching : https://www.ss.com/msg/lv/electronics/computers/game-consoles/doexi.html
2026-06-15 23:53:41 | INFO     | ss_crawler | [crawler] Fetching : https://www.ss.com/msg/lv/electronics/computers/game-consoles/mxgji.html
2026-06-15 23:53:44 | INFO     | ss_crawler | [crawler] Fetching : https://www.ss.com/msg/lv/electronics/computers/game-consoles/dengi.html
2026-06-15 23:53:46 | INFO     | ss_crawler | [crawler] Fetching : https://www.ss.com/msg/lv/electronics/computers/game-consoles/mcfmx.html
2026-06-15 23:53:49 | INFO     | ss_crawler | [crawler] Fetching : https://www.ss.com/msg/lv/electronics/computers/game-consoles/gkbcc.html
2026-06-15 23:53:51 | INFO     | ss_crawler | [crawler] Fetching : https://www.ss.com/msg/lv/electronics/computers/game-consoles/knbip.html
2026-06-15 23:53:53 | INFO     | ss_crawler | [crawler] Fetching : https://www.ss.com/msg/lv/electronics/computers/game-consoles/fhheh.html
2026-06-15 23:53:55 | INFO     | ss_crawler | [crawler] Fetching : https://www.ss.com/msg/lv/electronics/computers/game-consoles/dihxb.html
2026-06-15 23:53:58 | INFO     | ss_crawler | [crawler] Fetching : https://www.ss.com/msg/lv/electronics/computers/game-consoles/hnelx.html
2026-06-15 23:54:00 | INFO     | ss_crawler | [console_scraper] Found 28 listings on page 2
2026-06-15 23:54:00 | INFO     | ss_crawler | [image_downloader] Downloaded image for ss_085f3ea88c46 (stored as ss_085f3ea88c46_b9f745e3.jpg)
2026-06-15 23:54:00 | INFO     | ss_crawler | [console_scraper] Image saved locally: consoles\ss_085f3ea88c46_b9f745e3.jpg
2026-06-15 23:54:00 | INFO     | ss_crawler | [image_downloader] Downloaded image for ss_e2c3ad30c959 (stored as ss_e2c3ad30c959_9261af9e.jpg)
2026-06-15 23:54:00 | INFO     | ss_crawler | [console_scraper] Image saved locally: consoles\ss_e2c3ad30c959_9261af9e.jpg
2026-06-15 23:54:00 | INFO     | ss_crawler | [image_downloader] Downloaded image for ss_433386e082f5 (stored as ss_433386e082f5_f1cbbd44.jpg)
2026-06-15 23:54:00 | INFO     | ss_crawler | [console_scraper] Image saved locally: consoles\ss_433386e082f5_f1cbbd44.jpg
2026-06-15 23:54:00 | INFO     | ss_crawler | [image_downloader] Downloaded image for ss_6996df5fee0a (stored as ss_6996df5fee0a_56b34e86.jpg)
2026-06-15 23:54:00 | INFO     | ss_crawler | [console_scraper] Image saved locally: consoles\ss_6996df5fee0a_56b34e86.jpg
2026-06-15 23:54:00 | INFO     | ss_crawler | [image_downloader] Downloaded image for ss_303303dab157 (stored as ss_303303dab157_37780fbc.jpg)
2026-06-15 23:54:00 | INFO     | ss_crawler | [console_scraper] Image saved locally: consoles\ss_303303dab157_37780fbc.jpg
2026-06-15 23:54:01 | INFO     | ss_crawler | [image_downloader] Downloaded image for ss_cb7aee7fb97c (stored as ss_cb7aee7fb97c_05e8a33e.jpg)
2026-06-15 23:54:01 | INFO     | ss_crawler | [console_scraper] Image saved locally: consoles\ss_cb7aee7fb97c_05e8a33e.jpg
2026-06-15 23:54:01 | INFO     | ss_crawler | [image_downloader] Downloaded image for ss_3d3fca0e4e6b (stored as ss_3d3fca0e4e6b_af0ae22b.jpg)
2026-06-15 23:54:01 | INFO     | ss_crawler | [console_scraper] Image saved locally: consoles\ss_3d3fca0e4e6b_af0ae22b.jpg
2026-06-15 23:54:01 | INFO     | ss_crawler | [image_downloader] Downloaded image for ss_16a06951dbf3 (stored as ss_16a06951dbf3_50261a6a.jpg)
2026-06-15 23:54:01 | INFO     | ss_crawler | [console_scraper] Image saved locally: consoles\ss_16a06951dbf3_50261a6a.jpg
2026-06-15 23:54:01 | INFO     | ss_crawler | [image_downloader] Downloaded image for ss_6a74cbacd245 (stored as ss_6a74cbacd245_b8e651d0.jpg)
2026-06-15 23:54:01 | INFO     | ss_crawler | [console_scraper] Image saved locally: consoles\ss_6a74cbacd245_b8e651d0.jpg
2026-06-15 23:54:01 | INFO     | ss_crawler | [image_downloader] Downloaded image for ss_06a00088cb57 (stored as ss_06a00088cb57_da20917e.jpg)
2026-06-15 23:54:01 | INFO     | ss_crawler | [console_scraper] Image saved locally: consoles\ss_06a00088cb57_da20917e.jpg
2026-06-15 23:54:01 | INFO     | ss_crawler | [image_downloader] Downloaded image for ss_ba1cf1634d5f (stored as ss_ba1cf1634d5f_a389403d.jpg)
2026-06-15 23:54:01 | INFO     | ss_crawler | [console_scraper] Image saved locally: consoles\ss_ba1cf1634d5f_a389403d.jpg
2026-06-15 23:54:01 | INFO     | ss_crawler | [image_downloader] Downloaded image for ss_a5d073d9a304 (stored as ss_a5d073d9a304_06570d07.jpg)
2026-06-15 23:54:01 | INFO     | ss_crawler | [console_scraper] Image saved locally: consoles\ss_a5d073d9a304_06570d07.jpg
2026-06-15 23:54:01 | INFO     | ss_crawler | [image_downloader] Downloaded image for ss_462fe949c28c (stored as ss_462fe949c28c_08adcba4.jpg)
2026-06-15 23:54:01 | INFO     | ss_crawler | [console_scraper] Image saved locally: consoles\ss_462fe949c28c_08adcba4.jpg
2026-06-15 23:54:01 | INFO     | ss_crawler | [image_downloader] Downloaded image for ss_585cc29b4d43 (stored as ss_585cc29b4d43_838243a8.jpg)
2026-06-15 23:54:01 | INFO     | ss_crawler | [console_scraper] Image saved locally: consoles\ss_585cc29b4d43_838243a8.jpg
2026-06-15 23:54:01 | INFO     | ss_crawler | [image_downloader] Downloaded image for ss_59021c7009ff (stored as ss_59021c7009ff_5d996172.jpg)
2026-06-15 23:54:01 | INFO     | ss_crawler | [console_scraper] Image saved locally: consoles\ss_59021c7009ff_5d996172.jpg
2026-06-15 23:54:01 | INFO     | ss_crawler | [image_downloader] Downloaded image for ss_69cbd3bf7b97 (stored as ss_69cbd3bf7b97_abfca263.jpg)
2026-06-15 23:54:01 | INFO     | ss_crawler | [console_scraper] Image saved locally: consoles\ss_69cbd3bf7b97_abfca263.jpg
2026-06-15 23:54:01 | INFO     | ss_crawler | [image_downloader] Downloaded image for ss_e48eff284bbf (stored as ss_e48eff284bbf_9ec20c10.jpg)
2026-06-15 23:54:01 | INFO     | ss_crawler | [console_scraper] Image saved locally: consoles\ss_e48eff284bbf_9ec20c10.jpg
2026-06-15 23:54:02 | INFO     | ss_crawler | [image_downloader] Downloaded image for ss_05024cad9c05 (stored as ss_05024cad9c05_78e38f18.jpg)
2026-06-15 23:54:02 | INFO     | ss_crawler | [console_scraper] Image saved locally: consoles\ss_05024cad9c05_78e38f18.jpg
2026-06-15 23:54:02 | INFO     | ss_crawler | [image_downloader] Downloaded image for ss_27e8dd8703e7 (stored as ss_27e8dd8703e7_5b4fcff8.jpg)
2026-06-15 23:54:02 | INFO     | ss_crawler | [console_scraper] Image saved locally: consoles\ss_27e8dd8703e7_5b4fcff8.jpg
2026-06-15 23:54:02 | INFO     | ss_crawler | [image_downloader] Downloaded image for ss_4192021c574f (stored as ss_4192021c574f_c5226037.jpg)
2026-06-15 23:54:02 | INFO     | ss_crawler | [console_scraper] Image saved locally: consoles\ss_4192021c574f_c5226037.jpg
2026-06-15 23:54:02 | INFO     | ss_crawler | [image_downloader] Downloaded image for ss_49ba5175bf5f (stored as ss_49ba5175bf5f_26f1b865.jpg)
2026-06-15 23:54:02 | INFO     | ss_crawler | [console_scraper] Image saved locally: consoles\ss_49ba5175bf5f_26f1b865.jpg
2026-06-15 23:54:02 | INFO     | ss_crawler | [image_downloader] Downloaded image for ss_fa19cde5ed59 (stored as ss_fa19cde5ed59_0813d45f.jpg)
2026-06-15 23:54:02 | INFO     | ss_crawler | [console_scraper] Image saved locally: consoles\ss_fa19cde5ed59_0813d45f.jpg
2026-06-15 23:54:02 | INFO     | ss_crawler | [image_downloader] Downloaded image for ss_e92feba8e51f (stored as ss_e92feba8e51f_6c325fd9.jpg)
2026-06-15 23:54:02 | INFO     | ss_crawler | [console_scraper] Image saved locally: consoles\ss_e92feba8e51f_6c325fd9.jpg
2026-06-15 23:54:02 | INFO     | ss_crawler | [image_downloader] Downloaded image for ss_17327aa59c05 (stored as ss_17327aa59c05_2e769385.jpg)
2026-06-15 23:54:02 | INFO     | ss_crawler | [console_scraper] Image saved locally: consoles\ss_17327aa59c05_2e769385.jpg
2026-06-15 23:54:02 | INFO     | ss_crawler | [image_downloader] Downloaded image for ss_f8230f3fbe66 (stored as ss_f8230f3fbe66_0c546461.jpg)
2026-06-15 23:54:02 | INFO     | ss_crawler | [console_scraper] Image saved locally: consoles\ss_f8230f3fbe66_0c546461.jpg
2026-06-15 23:54:02 | INFO     | ss_crawler | [image_downloader] Downloaded image for ss_435961793e35 (stored as ss_435961793e35_07a4cb3c.gif)
2026-06-15 23:54:02 | INFO     | ss_crawler | [console_scraper] Image saved locally: consoles\ss_435961793e35_07a4cb3c.gif
2026-06-15 23:54:02 | INFO     | ss_crawler | [image_downloader] Downloaded image for ss_1cdec4db95f8 (stored as ss_1cdec4db95f8_685d2219.jpg)
2026-06-15 23:54:02 | INFO     | ss_crawler | [console_scraper] Image saved locally: consoles\ss_1cdec4db95f8_685d2219.jpg
2026-06-15 23:54:02 | INFO     | ss_crawler | [image_downloader] Downloaded image for ss_c186f6bf6d38 (stored as ss_c186f6bf6d38_28c3e0a9.jpg)
2026-06-15 23:54:02 | INFO     | ss_crawler | [console_scraper] Image saved locally: consoles\ss_c186f6bf6d38_28c3e0a9.jpg
2026-06-15 23:54:02 | INFO     | ss_crawler | [console_scraper] Fetching page 3: https://www.ss.com/lv/electronics/computers/game-consoles/page3.html
2026-06-15 23:54:02 | INFO     | ss_crawler | [crawler] Fetching : https://www.ss.com/lv/electronics/computers/game-consoles/page3.html
2026-06-15 23:54:06 | INFO     | ss_crawler | [crawler] Fetching : https://www.ss.com/msg/lv/electronics/computers/game-consoles/bxnch.html
2026-06-15 23:54:08 | INFO     | ss_crawler | [crawler] Fetching : https://www.ss.com/msg/lv/electronics/computers/game-consoles/bxnch.html
2026-06-15 23:54:11 | INFO     | ss_crawler | [crawler] Fetching : https://www.ss.com/msg/lv/electronics/computers/game-consoles/bxnch.html
2026-06-15 23:54:14 | INFO     | ss_crawler | [crawler] Fetching : https://www.ss.com/msg/lv/electronics/computers/game-consoles/dmbxm.html
2026-06-15 23:54:16 | INFO     | ss_crawler | [crawler] Fetching : https://www.ss.com/msg/lv/electronics/computers/game-consoles/kbcfg.html
2026-06-15 23:54:18 | INFO     | ss_crawler | [crawler] Fetching : https://www.ss.com/msg/lv/electronics/computers/game-consoles/hbild.html
2026-06-15 23:54:21 | INFO     | ss_crawler | [crawler] Fetching : https://www.ss.com/msg/lv/electronics/computers/game-consoles/heimj.html
2026-06-15 23:54:25 | INFO     | ss_crawler | [crawler] Fetching : https://www.ss.com/msg/lv/electronics/computers/game-consoles/hhnnl.html
2026-06-15 23:54:28 | INFO     | ss_crawler | [crawler] Fetching : https://www.ss.com/msg/lv/electronics/computers/game-consoles/ddxki.html
2026-06-15 23:54:31 | INFO     | ss_crawler | [crawler] Fetching : https://www.ss.com/msg/lv/electronics/computers/game-consoles/donnh.html
2026-06-15 23:54:33 | INFO     | ss_crawler | [crawler] Fetching : https://www.ss.com/msg/lv/electronics/computers/game-consoles/jcxlx.html
2026-06-15 23:54:36 | INFO     | ss_crawler | [crawler] Fetching : https://www.ss.com/msg/lv/electronics/computers/game-consoles/gjcpe.html
2026-06-15 23:54:38 | INFO     | ss_crawler | [crawler] Fetching : https://www.ss.com/msg/lv/electronics/computers/game-consoles/bfgdke.html
2026-06-15 23:54:40 | INFO     | ss_crawler | [crawler] Fetching : https://www.ss.com/msg/lv/electronics/computers/game-consoles/fchmg.html
2026-06-15 23:54:42 | INFO     | ss_crawler | [crawler] Fetching : https://www.ss.com/msg/lv/electronics/computers/game-consoles/fffen.html
2026-06-15 23:54:45 | INFO     | ss_crawler | [crawler] Fetching : https://www.ss.com/msg/lv/electronics/computers/game-consoles/bfdbhe.html
2026-06-15 23:54:48 | INFO     | ss_crawler | [crawler] Fetching : https://www.ss.com/msg/lv/electronics/computers/game-consoles/flfko.html
2026-06-15 23:54:51 | INFO     | ss_crawler | [crawler] Fetching : https://www.ss.com/msg/lv/electronics/computers/game-consoles/epeki.html
2026-06-15 23:54:53 | INFO     | ss_crawler | [crawler] Fetching : https://www.ss.com/msg/lv/electronics/computers/game-consoles/dchil.html
2026-06-15 23:54:55 | INFO     | ss_crawler | [crawler] Fetching : https://www.ss.com/msg/lv/electronics/computers/game-consoles/bkpfcn.html
2026-06-15 23:54:58 | INFO     | ss_crawler | [crawler] Fetching : https://www.ss.com/msg/lv/electronics/computers/game-consoles/ddnho.html
2026-06-15 23:55:01 | INFO     | ss_crawler | [crawler] Fetching : https://www.ss.com/msg/lv/electronics/computers/game-consoles/fickb.html
2026-06-15 23:55:03 | INFO     | ss_crawler | [crawler] Fetching : https://www.ss.com/msg/lv/electronics/computers/game-consoles/bldlhf.html
2026-06-15 23:55:07 | INFO     | ss_crawler | [crawler] Fetching : https://www.ss.com/msg/lv/electronics/computers/game-consoles/kkckf.html
2026-06-15 23:55:10 | INFO     | ss_crawler | [crawler] Fetching : https://www.ss.com/msg/lv/electronics/computers/game-consoles/lfibd.html
2026-06-15 23:55:12 | INFO     | ss_crawler | [crawler] Fetching : https://www.ss.com/msg/lv/electronics/computers/game-consoles/gmlij.html
2026-06-15 23:55:16 | INFO     | ss_crawler | [console_scraper] Found 24 listings on page 3
2026-06-15 23:55:16 | INFO     | ss_crawler | [image_downloader] Downloaded image for ss_dc4cdfe81883 (stored as ss_dc4cdfe81883_07a4cb3c.gif)
2026-06-15 23:55:16 | INFO     | ss_crawler | [console_scraper] Image saved locally: consoles\ss_dc4cdfe81883_07a4cb3c.gif
2026-06-15 23:55:16 | INFO     | ss_crawler | [image_downloader] Downloaded image for ss_3b56f9a399ca (stored as ss_3b56f9a399ca_d24cd4a9.jpg)
2026-06-15 23:55:16 | INFO     | ss_crawler | [console_scraper] Image saved locally: consoles\ss_3b56f9a399ca_d24cd4a9.jpg
2026-06-15 23:55:16 | INFO     | ss_crawler | [image_downloader] Downloaded image for ss_b5f3ecd528cb (stored as ss_b5f3ecd528cb_8063bb8a.jpg)
2026-06-15 23:55:16 | INFO     | ss_crawler | [console_scraper] Image saved locally: consoles\ss_b5f3ecd528cb_8063bb8a.jpg
2026-06-15 23:55:16 | INFO     | ss_crawler | [image_downloader] Downloaded image for ss_2b0ec8d3c8a8 (stored as ss_2b0ec8d3c8a8_addf5585.jpg)
2026-06-15 23:55:16 | INFO     | ss_crawler | [console_scraper] Image saved locally: consoles\ss_2b0ec8d3c8a8_addf5585.jpg
2026-06-15 23:55:16 | INFO     | ss_crawler | [image_downloader] Downloaded image for ss_ebc75fdc9eb9 (stored as ss_ebc75fdc9eb9_46e197d0.jpg)
2026-06-15 23:55:16 | INFO     | ss_crawler | [console_scraper] Image saved locally: consoles\ss_ebc75fdc9eb9_46e197d0.jpg
2026-06-15 23:55:16 | INFO     | ss_crawler | [image_downloader] Downloaded image for ss_f60f8c580691 (stored as ss_f60f8c580691_2eee2d7e.jpg)
2026-06-15 23:55:16 | INFO     | ss_crawler | [console_scraper] Image saved locally: consoles\ss_f60f8c580691_2eee2d7e.jpg
2026-06-15 23:55:16 | INFO     | ss_crawler | [image_downloader] Downloaded image for ss_3a84ba0a6111 (stored as ss_3a84ba0a6111_07a4cb3c.gif)
2026-06-15 23:55:16 | INFO     | ss_crawler | [console_scraper] Image saved locally: consoles\ss_3a84ba0a6111_07a4cb3c.gif
2026-06-15 23:55:16 | INFO     | ss_crawler | [image_downloader] Downloaded image for ss_1611007e75ce (stored as ss_1611007e75ce_07a4cb3c.gif)
2026-06-15 23:55:16 | INFO     | ss_crawler | [console_scraper] Image saved locally: consoles\ss_1611007e75ce_07a4cb3c.gif
2026-06-15 23:55:17 | INFO     | ss_crawler | [image_downloader] Downloaded image for ss_dd12f5d1e6cb (stored as ss_dd12f5d1e6cb_b76bbb0a.jpg)
2026-06-15 23:55:17 | INFO     | ss_crawler | [console_scraper] Image saved locally: consoles\ss_dd12f5d1e6cb_b76bbb0a.jpg
2026-06-15 23:55:17 | INFO     | ss_crawler | [image_downloader] Downloaded image for ss_1eadc25ac7a4 (stored as ss_1eadc25ac7a4_07a4cb3c.gif)
2026-06-15 23:55:17 | INFO     | ss_crawler | [console_scraper] Image saved locally: consoles\ss_1eadc25ac7a4_07a4cb3c.gif
2026-06-15 23:55:17 | INFO     | ss_crawler | [image_downloader] Downloaded image for ss_a4045d32544c (stored as ss_a4045d32544c_555699fa.jpg)
2026-06-15 23:55:17 | INFO     | ss_crawler | [console_scraper] Image saved locally: consoles\ss_a4045d32544c_555699fa.jpg
2026-06-15 23:55:17 | INFO     | ss_crawler | [image_downloader] Downloaded image for ss_48777fd9ce7c (stored as ss_48777fd9ce7c_b4f54b28.jpg)
2026-06-15 23:55:17 | INFO     | ss_crawler | [console_scraper] Image saved locally: consoles\ss_48777fd9ce7c_b4f54b28.jpg
2026-06-15 23:55:17 | INFO     | ss_crawler | [image_downloader] Downloaded image for ss_d8611a0a8f74 (stored as ss_d8611a0a8f74_3f176b58.jpg)
2026-06-15 23:55:17 | INFO     | ss_crawler | [console_scraper] Image saved locally: consoles\ss_d8611a0a8f74_3f176b58.jpg
2026-06-15 23:55:17 | INFO     | ss_crawler | [image_downloader] Downloaded image for ss_ca0b7f89a2e0 (stored as ss_ca0b7f89a2e0_60c02910.jpg)
2026-06-15 23:55:17 | INFO     | ss_crawler | [console_scraper] Image saved locally: consoles\ss_ca0b7f89a2e0_60c02910.jpg
2026-06-15 23:55:17 | INFO     | ss_crawler | [image_downloader] Downloaded image for ss_66bb36842684 (stored as ss_66bb36842684_07eb771f.jpg)
2026-06-15 23:55:17 | INFO     | ss_crawler | [console_scraper] Image saved locally: consoles\ss_66bb36842684_07eb771f.jpg
2026-06-15 23:55:17 | INFO     | ss_crawler | [image_downloader] Downloaded image for ss_f7f33ed61e44 (stored as ss_f7f33ed61e44_62375a33.jpg)
2026-06-15 23:55:17 | INFO     | ss_crawler | [console_scraper] Image saved locally: consoles\ss_f7f33ed61e44_62375a33.jpg
2026-06-15 23:55:17 | INFO     | ss_crawler | [image_downloader] Downloaded image for ss_e918b5967b74 (stored as ss_e918b5967b74_8f34045d.jpg)
2026-06-15 23:55:17 | INFO     | ss_crawler | [console_scraper] Image saved locally: consoles\ss_e918b5967b74_8f34045d.jpg
2026-06-15 23:55:17 | INFO     | ss_crawler | [image_downloader] Downloaded image for ss_b91ff6f1dac4 (stored as ss_b91ff6f1dac4_bbaa65ec.jpg)
2026-06-15 23:55:17 | INFO     | ss_crawler | [console_scraper] Image saved locally: consoles\ss_b91ff6f1dac4_bbaa65ec.jpg
2026-06-15 23:55:17 | INFO     | ss_crawler | [image_downloader] Downloaded image for ss_2d27ad94c92e (stored as ss_2d27ad94c92e_07a4cb3c.gif)
2026-06-15 23:55:17 | INFO     | ss_crawler | [console_scraper] Image saved locally: consoles\ss_2d27ad94c92e_07a4cb3c.gif
2026-06-15 23:55:17 | INFO     | ss_crawler | [image_downloader] Downloaded image for ss_24da6b7b4c2a (stored as ss_24da6b7b4c2a_7e95e9ab.jpg)
2026-06-15 23:55:17 | INFO     | ss_crawler | [console_scraper] Image saved locally: consoles\ss_24da6b7b4c2a_7e95e9ab.jpg
2026-06-15 23:55:17 | INFO     | ss_crawler | [console_scraper] Image saved locally: consoles\ss_3b0d3f9a76db_5deb518b.jpg
2026-06-15 23:55:18 | INFO     | ss_crawler | [image_downloader] Downloaded image for ss_5619125a88b1 (stored as ss_5619125a88b1_40c3ab17.jpg)
2026-06-15 23:55:18 | INFO     | ss_crawler | [console_scraper] Image saved locally: consoles\ss_5619125a88b1_40c3ab17.jpg
2026-06-15 23:55:18 | INFO     | ss_crawler | [image_downloader] Downloaded image for ss_64be8c33c185 (stored as ss_64be8c33c185_52fc43a2.jpg)
2026-06-15 23:55:18 | INFO     | ss_crawler | [console_scraper] Image saved locally: consoles\ss_64be8c33c185_52fc43a2.jpg
2026-06-15 23:55:18 | INFO     | ss_crawler | [image_downloader] Downloaded image for ss_2cd5a669332b (stored as ss_2cd5a669332b_5896d92a.jpg)
2026-06-15 23:55:18 | INFO     | ss_crawler | [console_scraper] Image saved locally: consoles\ss_2cd5a669332b_5896d92a.jpg
2026-06-15 23:55:18 | INFO     | ss_crawler | [console_scraper] Fetching page 4: https://www.ss.com/lv/electronics/computers/game-consoles/page4.html
2026-06-15 23:55:18 | INFO     | ss_crawler | [crawler] Fetching : https://www.ss.com/lv/electronics/computers/game-consoles/page4.html
2026-06-15 23:55:20 | INFO     | ss_crawler | [crawler] Fetching : https://www.ss.com/msg/lv/electronics/computers/game-consoles/hmpjm.html
2026-06-15 23:55:23 | INFO     | ss_crawler | [crawler] Fetching : https://www.ss.com/msg/lv/electronics/computers/game-consoles/hmpjm.html
2026-06-15 23:55:25 | INFO     | ss_crawler | [crawler] Fetching : https://www.ss.com/msg/lv/electronics/computers/game-consoles/hmpjm.html
2026-06-15 23:55:28 | INFO     | ss_crawler | [crawler] Fetching : https://www.ss.com/msg/lv/electronics/computers/game-consoles/fbhhx.html
2026-06-15 23:55:30 | INFO     | ss_crawler | [crawler] Fetching : https://www.ss.com/msg/lv/electronics/computers/game-consoles/hxded.html
2026-06-15 23:55:34 | INFO     | ss_crawler | [crawler] Fetching : https://www.ss.com/msg/lv/electronics/computers/game-consoles/bhmfdg.html
2026-06-15 23:55:37 | INFO     | ss_crawler | [crawler] Fetching : https://www.ss.com/msg/lv/electronics/computers/game-consoles/biiglc.html
2026-06-15 23:55:40 | INFO     | ss_crawler | [crawler] Fetching : https://www.ss.com/msg/lv/electronics/computers/game-consoles/bkmfxb.html
2026-06-15 23:55:42 | INFO     | ss_crawler | [crawler] Fetching : https://www.ss.com/msg/lv/electronics/computers/game-consoles/blepfm.html
2026-06-15 23:55:44 | INFO     | ss_crawler | [crawler] Fetching : https://www.ss.com/msg/lv/electronics/computers/game-consoles/bjjonl.html
2026-06-15 23:55:46 | INFO     | ss_crawler | [crawler] Fetching : https://www.ss.com/msg/lv/electronics/computers/game-consoles/fgjcp.html
2026-06-15 23:55:49 | INFO     | ss_crawler | [crawler] Fetching : https://www.ss.com/msg/lv/electronics/computers/game-consoles/fljne.html
2026-06-15 23:55:52 | INFO     | ss_crawler | [crawler] Fetching : https://www.ss.com/msg/lv/electronics/computers/game-consoles/hxeck.html
2026-06-15 23:55:54 | INFO     | ss_crawler | [crawler] Fetching : https://www.ss.com/msg/lv/electronics/computers/game-consoles/dlnih.html
2026-06-15 23:55:57 | INFO     | ss_crawler | [crawler] Fetching : https://www.ss.com/msg/lv/electronics/computers/game-consoles/bfcnbe.html
2026-06-15 23:55:59 | INFO     | ss_crawler | [crawler] Fetching : https://www.ss.com/msg/lv/electronics/computers/game-consoles/bixbgj.html
2026-06-15 23:56:02 | INFO     | ss_crawler | [crawler] Fetching : https://www.ss.com/msg/lv/electronics/computers/game-consoles/bfgecx.html
2026-06-15 23:56:05 | INFO     | ss_crawler | [crawler] Fetching : https://www.ss.com/msg/lv/electronics/computers/game-consoles/fbmcx.html
2026-06-15 23:56:07 | INFO     | ss_crawler | [crawler] Fetching : https://www.ss.com/msg/lv/electronics/computers/game-consoles/ggfhj.html
2026-06-15 23:56:09 | INFO     | ss_crawler | [crawler] Fetching : https://www.ss.com/msg/lv/electronics/computers/game-consoles/bjddc.html
2026-06-15 23:56:13 | INFO     | ss_crawler | [crawler] Fetching : https://www.ss.com/msg/lv/electronics/computers/game-consoles/blxidx.html
2026-06-15 23:56:15 | INFO     | ss_crawler | [crawler] Fetching : https://www.ss.com/msg/lv/electronics/computers/game-consoles/gigjf.html
2026-06-15 23:56:17 | INFO     | ss_crawler | [crawler] Fetching : https://www.ss.com/msg/lv/electronics/computers/game-consoles/elixg.html
2026-06-15 23:56:20 | INFO     | ss_crawler | [crawler] Fetching : https://www.ss.com/msg/lv/electronics/computers/game-consoles/hmjog.html
2026-06-15 23:56:23 | INFO     | ss_crawler | [crawler] Fetching : https://www.ss.com/msg/lv/electronics/computers/game-consoles/lbino.html
2026-06-15 23:56:25 | INFO     | ss_crawler | [crawler] Fetching : https://www.ss.com/msg/lv/electronics/computers/game-consoles/bimckl.html
2026-06-15 23:56:27 | INFO     | ss_crawler | [crawler] Fetching : https://www.ss.com/msg/lv/electronics/computers/game-consoles/blfbmd.html
2026-06-15 23:56:29 | INFO     | ss_crawler | [crawler] Fetching : https://www.ss.com/msg/lv/electronics/computers/game-consoles/bjjjkn.html
2026-06-15 23:56:31 | INFO     | ss_crawler | [console_scraper] Found 26 listings on page 4
2026-06-15 23:56:31 | INFO     | ss_crawler | [image_downloader] Downloaded image for ss_a6cdadccb55b (stored as ss_a6cdadccb55b_9ac6f0ab.jpg)
2026-06-15 23:56:31 | INFO     | ss_crawler | [console_scraper] Image saved locally: consoles\ss_a6cdadccb55b_9ac6f0ab.jpg
2026-06-15 23:56:31 | INFO     | ss_crawler | [image_downloader] Downloaded image for ss_aac3e1251926 (stored as ss_aac3e1251926_67f06c46.jpg)
2026-06-15 23:56:31 | INFO     | ss_crawler | [console_scraper] Image saved locally: consoles\ss_aac3e1251926_67f06c46.jpg
2026-06-15 23:56:31 | INFO     | ss_crawler | [image_downloader] Downloaded image for ss_439ff7c3dd39 (stored as ss_439ff7c3dd39_ddb4f277.jpg)
2026-06-15 23:56:31 | INFO     | ss_crawler | [console_scraper] Image saved locally: consoles\ss_439ff7c3dd39_ddb4f277.jpg
2026-06-15 23:56:32 | INFO     | ss_crawler | [image_downloader] Downloaded image for ss_63736ad9e568 (stored as ss_63736ad9e568_7eabd013.jpg)
2026-06-15 23:56:32 | INFO     | ss_crawler | [console_scraper] Image saved locally: consoles\ss_63736ad9e568_7eabd013.jpg
2026-06-15 23:56:32 | INFO     | ss_crawler | [image_downloader] Downloaded image for ss_bcf4752fe8a1 (stored as ss_bcf4752fe8a1_c1360e3c.jpg)
2026-06-15 23:56:32 | INFO     | ss_crawler | [console_scraper] Image saved locally: consoles\ss_bcf4752fe8a1_c1360e3c.jpg
2026-06-15 23:56:32 | INFO     | ss_crawler | [image_downloader] Downloaded image for ss_ec2f90608edf (stored as ss_ec2f90608edf_3ac47406.jpg)
2026-06-15 23:56:32 | INFO     | ss_crawler | [console_scraper] Image saved locally: consoles\ss_ec2f90608edf_3ac47406.jpg
2026-06-15 23:56:32 | INFO     | ss_crawler | [image_downloader] Downloaded image for ss_ea61c89239ce (stored as ss_ea61c89239ce_b1e9745d.jpg)
2026-06-15 23:56:32 | INFO     | ss_crawler | [console_scraper] Image saved locally: consoles\ss_ea61c89239ce_b1e9745d.jpg
2026-06-15 23:56:32 | INFO     | ss_crawler | [image_downloader] Downloaded image for ss_2da215d4d971 (stored as ss_2da215d4d971_96ab6d8f.jpg)
2026-06-15 23:56:32 | INFO     | ss_crawler | [console_scraper] Image saved locally: consoles\ss_2da215d4d971_96ab6d8f.jpg
2026-06-15 23:56:32 | INFO     | ss_crawler | [image_downloader] Downloaded image for ss_7a03b2c89fb8 (stored as ss_7a03b2c89fb8_f766d353.jpg)
2026-06-15 23:56:32 | INFO     | ss_crawler | [console_scraper] Image saved locally: consoles\ss_7a03b2c89fb8_f766d353.jpg
2026-06-15 23:56:32 | INFO     | ss_crawler | [image_downloader] Downloaded image for ss_2e8397d48213 (stored as ss_2e8397d48213_c5ff83d7.jpg)
2026-06-15 23:56:32 | INFO     | ss_crawler | [console_scraper] Image saved locally: consoles\ss_2e8397d48213_c5ff83d7.jpg
2026-06-15 23:56:32 | INFO     | ss_crawler | [image_downloader] Downloaded image for ss_aba4bdd655e2 (stored as ss_aba4bdd655e2_4ada169a.jpg)
2026-06-15 23:56:32 | INFO     | ss_crawler | [console_scraper] Image saved locally: consoles\ss_aba4bdd655e2_4ada169a.jpg
2026-06-15 23:56:32 | INFO     | ss_crawler | [image_downloader] Downloaded image for ss_2ee889ae79b8 (stored as ss_2ee889ae79b8_55a279fa.jpg)
2026-06-15 23:56:32 | INFO     | ss_crawler | [console_scraper] Image saved locally: consoles\ss_2ee889ae79b8_55a279fa.jpg
2026-06-15 23:56:32 | INFO     | ss_crawler | [image_downloader] Downloaded image for ss_5941ba4784b8 (stored as ss_5941ba4784b8_176ee979.jpg)
2026-06-15 23:56:32 | INFO     | ss_crawler | [console_scraper] Image saved locally: consoles\ss_5941ba4784b8_176ee979.jpg
2026-06-15 23:56:32 | INFO     | ss_crawler | [image_downloader] Downloaded image for ss_74459f78898a (stored as ss_74459f78898a_4aa39d5d.jpg)
2026-06-15 23:56:32 | INFO     | ss_crawler | [console_scraper] Image saved locally: consoles\ss_74459f78898a_4aa39d5d.jpg
2026-06-15 23:56:33 | INFO     | ss_crawler | [image_downloader] Downloaded image for ss_22b3d6940e94 (stored as ss_22b3d6940e94_9b1ccb5a.jpg)
2026-06-15 23:56:33 | INFO     | ss_crawler | [console_scraper] Image saved locally: consoles\ss_22b3d6940e94_9b1ccb5a.jpg
2026-06-15 23:56:33 | INFO     | ss_crawler | [image_downloader] Downloaded image for ss_79987c7216d0 (stored as ss_79987c7216d0_ea4a114c.jpg)
2026-06-15 23:56:33 | INFO     | ss_crawler | [console_scraper] Image saved locally: consoles\ss_79987c7216d0_ea4a114c.jpg
2026-06-15 23:56:33 | INFO     | ss_crawler | [image_downloader] Downloaded image for ss_5183039a4103 (stored as ss_5183039a4103_616558ee.jpg)
2026-06-15 23:56:33 | INFO     | ss_crawler | [console_scraper] Image saved locally: consoles\ss_5183039a4103_616558ee.jpg
2026-06-15 23:56:33 | INFO     | ss_crawler | [image_downloader] Downloaded image for ss_b6815c4303f9 (stored as ss_b6815c4303f9_babc27be.jpg)
2026-06-15 23:56:33 | INFO     | ss_crawler | [console_scraper] Image saved locally: consoles\ss_b6815c4303f9_babc27be.jpg
2026-06-15 23:56:33 | INFO     | ss_crawler | [image_downloader] Downloaded image for ss_22a51179addf (stored as ss_22a51179addf_73aafdf2.jpg)
2026-06-15 23:56:33 | INFO     | ss_crawler | [console_scraper] Image saved locally: consoles\ss_22a51179addf_73aafdf2.jpg
2026-06-15 23:56:33 | INFO     | ss_crawler | [image_downloader] Downloaded image for ss_78e6d563003f (stored as ss_78e6d563003f_50db3939.jpg)
2026-06-15 23:56:33 | INFO     | ss_crawler | [console_scraper] Image saved locally: consoles\ss_78e6d563003f_50db3939.jpg
2026-06-15 23:56:33 | INFO     | ss_crawler | [image_downloader] Downloaded image for ss_88583e3a10b5 (stored as ss_88583e3a10b5_8aeee09d.jpg)
2026-06-15 23:56:33 | INFO     | ss_crawler | [console_scraper] Image saved locally: consoles\ss_88583e3a10b5_8aeee09d.jpg
2026-06-15 23:56:33 | INFO     | ss_crawler | [image_downloader] Downloaded image for ss_25a06b0352b2 (stored as ss_25a06b0352b2_a97ec1c4.jpg)
2026-06-15 23:56:33 | INFO     | ss_crawler | [console_scraper] Image saved locally: consoles\ss_25a06b0352b2_a97ec1c4.jpg
2026-06-15 23:56:33 | INFO     | ss_crawler | [image_downloader] Downloaded image for ss_fc0f46b19540 (stored as ss_fc0f46b19540_2acb7c1d.jpg)
2026-06-15 23:56:33 | INFO     | ss_crawler | [console_scraper] Image saved locally: consoles\ss_fc0f46b19540_2acb7c1d.jpg
2026-06-15 23:56:33 | INFO     | ss_crawler | [image_downloader] Downloaded image for ss_42c6cf4a459e (stored as ss_42c6cf4a459e_9fd5c273.jpg)
2026-06-15 23:56:33 | INFO     | ss_crawler | [console_scraper] Image saved locally: consoles\ss_42c6cf4a459e_9fd5c273.jpg
2026-06-15 23:56:33 | INFO     | ss_crawler | [image_downloader] Downloaded image for ss_efa12cd61454 (stored as ss_efa12cd61454_135a1149.jpg)
2026-06-15 23:56:33 | INFO     | ss_crawler | [console_scraper] Image saved locally: consoles\ss_efa12cd61454_135a1149.jpg
2026-06-15 23:56:33 | INFO     | ss_crawler | [image_downloader] Downloaded image for ss_eb0c8c0f5822 (stored as ss_eb0c8c0f5822_0b28db3b.jpg)
2026-06-15 23:56:33 | INFO     | ss_crawler | [console_scraper] Image saved locally: consoles\ss_eb0c8c0f5822_0b28db3b.jpg
2026-06-15 23:56:33 | INFO     | ss_crawler | [console_scraper] Fetching page 5: https://www.ss.com/lv/electronics/computers/game-consoles/page5.html
2026-06-15 23:56:33 | INFO     | ss_crawler | [crawler] Fetching : https://www.ss.com/lv/electronics/computers/game-consoles/page5.html
2026-06-15 23:56:36 | INFO     | ss_crawler | [crawler] Fetching : https://www.ss.com/msg/lv/electronics/computers/game-consoles/mbllf.html
2026-06-15 23:56:38 | INFO     | ss_crawler | [crawler] Fetching : https://www.ss.com/msg/lv/electronics/computers/game-consoles/mbllf.html
2026-06-15 23:56:41 | INFO     | ss_crawler | [crawler] Fetching : https://www.ss.com/msg/lv/electronics/computers/game-consoles/mbllf.html
2026-06-15 23:56:43 | INFO     | ss_crawler | [crawler] Fetching : https://www.ss.com/msg/lv/electronics/computers/game-consoles/mxxbd.html
2026-06-15 23:56:45 | INFO     | ss_crawler | [crawler] Fetching : https://www.ss.com/msg/lv/electronics/computers/game-consoles/bjpgdg.html
2026-06-15 23:56:48 | INFO     | ss_crawler | [crawler] Fetching : https://www.ss.com/msg/lv/electronics/computers/game-consoles/kipxh.html
2026-06-15 23:56:51 | INFO     | ss_crawler | [crawler] Fetching : https://www.ss.com/msg/lv/electronics/computers/game-consoles/fhgmo.html
2026-06-15 23:56:53 | INFO     | ss_crawler | [crawler] Fetching : https://www.ss.com/msg/lv/electronics/computers/game-consoles/lfpmx.html
2026-06-15 23:56:56 | INFO     | ss_crawler | [crawler] Fetching : https://www.ss.com/msg/lv/electronics/computers/game-consoles/ecdio.html
2026-06-15 23:56:58 | INFO     | ss_crawler | [crawler] Fetching : https://www.ss.com/msg/lv/electronics/computers/game-consoles/hmnoh.html
2026-06-15 23:57:01 | INFO     | ss_crawler | [crawler] Fetching : https://www.ss.com/msg/lv/electronics/computers/game-consoles/bkkfxn.html
2026-06-15 23:57:04 | INFO     | ss_crawler | [crawler] Fetching : https://www.ss.com/msg/lv/electronics/computers/game-consoles/fnmox.html
2026-06-15 23:57:07 | INFO     | ss_crawler | [crawler] Fetching : https://www.ss.com/msg/lv/electronics/computers/game-consoles/doxfh.html
2026-06-15 23:57:10 | INFO     | ss_crawler | [crawler] Fetching : https://www.ss.com/msg/lv/electronics/computers/game-consoles/dgjnm.html
2026-06-15 23:57:12 | INFO     | ss_crawler | [crawler] Fetching : https://www.ss.com/msg/lv/electronics/computers/game-consoles/hxdhn.html
2026-06-15 23:57:14 | INFO     | ss_crawler | [crawler] Fetching : https://www.ss.com/msg/lv/electronics/computers/game-consoles/iokcp.html
2026-06-15 23:57:16 | INFO     | ss_crawler | [crawler] Fetching : https://www.ss.com/msg/lv/electronics/computers/game-consoles/bhiicc.html
2026-06-15 23:57:19 | INFO     | ss_crawler | [crawler] Fetching : https://www.ss.com/msg/lv/electronics/computers/game-consoles/dexni.html
2026-06-15 23:57:21 | INFO     | ss_crawler | [crawler] Fetching : https://www.ss.com/msg/lv/electronics/computers/game-consoles/gieij.html
2026-06-15 23:57:24 | INFO     | ss_crawler | [crawler] Fetching : https://www.ss.com/msg/lv/electronics/computers/game-consoles/edcxb.html
2026-06-15 23:57:27 | INFO     | ss_crawler | [crawler] Fetching : https://www.ss.com/msg/lv/electronics/computers/game-consoles/bibclk.html
2026-06-15 23:57:29 | INFO     | ss_crawler | [crawler] Fetching : https://www.ss.com/msg/lv/electronics/computers/game-consoles/bfbodx.html
2026-06-15 23:57:32 | INFO     | ss_crawler | [crawler] Fetching : https://www.ss.com/msg/lv/electronics/computers/game-consoles/biocof.html
2026-06-15 23:57:34 | INFO     | ss_crawler | [crawler] Fetching : https://www.ss.com/msg/lv/electronics/computers/game-consoles/dgkfk.html
2026-06-15 23:57:36 | INFO     | ss_crawler | [crawler] Fetching : https://www.ss.com/msg/lv/electronics/computers/game-consoles/khgoi.html
2026-06-15 23:57:39 | INFO     | ss_crawler | [crawler] Fetching : https://www.ss.com/msg/lv/electronics/computers/game-consoles/bjxgnh.html
2026-06-15 23:57:42 | INFO     | ss_crawler | [crawler] Fetching : https://www.ss.com/msg/lv/electronics/computers/game-consoles/biiejn.html
2026-06-15 23:57:44 | INFO     | ss_crawler | [crawler] Fetching : https://www.ss.com/msg/lv/electronics/computers/game-consoles/enkmj.html
2026-06-15 23:57:47 | INFO     | ss_crawler | [crawler] Fetching : https://www.ss.com/msg/lv/electronics/computers/game-consoles/ednld.html
2026-06-15 23:57:49 | INFO     | ss_crawler | [console_scraper] Found 27 listings on page 5
2026-06-15 23:57:49 | INFO     | ss_crawler | [image_downloader] Downloaded image for ss_85b0214e5808 (stored as ss_85b0214e5808_7fdc2636.jpg)
2026-06-15 23:57:49 | INFO     | ss_crawler | [console_scraper] Image saved locally: consoles\ss_85b0214e5808_7fdc2636.jpg
2026-06-15 23:57:49 | INFO     | ss_crawler | [image_downloader] Downloaded image for ss_36a42eb9f528 (stored as ss_36a42eb9f528_0c18d796.jpg)
2026-06-15 23:57:49 | INFO     | ss_crawler | [console_scraper] Image saved locally: consoles\ss_36a42eb9f528_0c18d796.jpg
2026-06-15 23:57:49 | INFO     | ss_crawler | [image_downloader] Downloaded image for ss_49c34370b86f (stored as ss_49c34370b86f_cb4e9dc2.jpg)
2026-06-15 23:57:49 | INFO     | ss_crawler | [console_scraper] Image saved locally: consoles\ss_49c34370b86f_cb4e9dc2.jpg
2026-06-15 23:57:49 | INFO     | ss_crawler | [image_downloader] Downloaded image for ss_ad5e86ffafbb (stored as ss_ad5e86ffafbb_e0d67a33.jpg)
2026-06-15 23:57:49 | INFO     | ss_crawler | [console_scraper] Image saved locally: consoles\ss_ad5e86ffafbb_e0d67a33.jpg
2026-06-15 23:57:49 | INFO     | ss_crawler | [image_downloader] Downloaded image for ss_68a4c296e355 (stored as ss_68a4c296e355_07a4cb3c.gif)
2026-06-15 23:57:49 | INFO     | ss_crawler | [console_scraper] Image saved locally: consoles\ss_68a4c296e355_07a4cb3c.gif
2026-06-15 23:57:49 | INFO     | ss_crawler | [image_downloader] Downloaded image for ss_f1ec11a9c259 (stored as ss_f1ec11a9c259_2666b8a3.jpg)
2026-06-15 23:57:49 | INFO     | ss_crawler | [console_scraper] Image saved locally: consoles\ss_f1ec11a9c259_2666b8a3.jpg
2026-06-15 23:57:50 | INFO     | ss_crawler | [image_downloader] Downloaded image for ss_bc202c48e7a6 (stored as ss_bc202c48e7a6_11b3185d.jpg)
2026-06-15 23:57:50 | INFO     | ss_crawler | [console_scraper] Image saved locally: consoles\ss_bc202c48e7a6_11b3185d.jpg
2026-06-15 23:57:50 | INFO     | ss_crawler | [image_downloader] Downloaded image for ss_6d050950dbb3 (stored as ss_6d050950dbb3_4f8593a0.jpg)
2026-06-15 23:57:50 | INFO     | ss_crawler | [console_scraper] Image saved locally: consoles\ss_6d050950dbb3_4f8593a0.jpg
2026-06-15 23:57:50 | INFO     | ss_crawler | [image_downloader] Downloaded image for ss_d61f5ab0ed57 (stored as ss_d61f5ab0ed57_f6bd738e.jpg)
2026-06-15 23:57:50 | INFO     | ss_crawler | [console_scraper] Image saved locally: consoles\ss_d61f5ab0ed57_f6bd738e.jpg
2026-06-15 23:57:50 | INFO     | ss_crawler | [image_downloader] Downloaded image for ss_3c1c17a86d31 (stored as ss_3c1c17a86d31_da858a8b.jpg)
2026-06-15 23:57:50 | INFO     | ss_crawler | [console_scraper] Image saved locally: consoles\ss_3c1c17a86d31_da858a8b.jpg
2026-06-15 23:57:50 | INFO     | ss_crawler | [image_downloader] Downloaded image for ss_15cbe119fa3c (stored as ss_15cbe119fa3c_2a2f1c33.jpg)
2026-06-15 23:57:50 | INFO     | ss_crawler | [console_scraper] Image saved locally: consoles\ss_15cbe119fa3c_2a2f1c33.jpg
2026-06-15 23:57:50 | INFO     | ss_crawler | [image_downloader] Downloaded image for ss_221278b17a18 (stored as ss_221278b17a18_2b8a66a6.jpg)
2026-06-15 23:57:50 | INFO     | ss_crawler | [console_scraper] Image saved locally: consoles\ss_221278b17a18_2b8a66a6.jpg
2026-06-15 23:57:50 | INFO     | ss_crawler | [image_downloader] Downloaded image for ss_0d8803ee30b2 (stored as ss_0d8803ee30b2_26431f1a.jpg)
2026-06-15 23:57:50 | INFO     | ss_crawler | [console_scraper] Image saved locally: consoles\ss_0d8803ee30b2_26431f1a.jpg
2026-06-15 23:57:50 | INFO     | ss_crawler | [image_downloader] Downloaded image for ss_10c63d8ad1f0 (stored as ss_10c63d8ad1f0_a1bed278.jpg)
2026-06-15 23:57:50 | INFO     | ss_crawler | [console_scraper] Image saved locally: consoles\ss_10c63d8ad1f0_a1bed278.jpg
2026-06-15 23:57:50 | INFO     | ss_crawler | [image_downloader] Downloaded image for ss_0413ffcae671 (stored as ss_0413ffcae671_9c4fa64c.jpg)
2026-06-15 23:57:50 | INFO     | ss_crawler | [console_scraper] Image saved locally: consoles\ss_0413ffcae671_9c4fa64c.jpg
2026-06-15 23:57:50 | INFO     | ss_crawler | [image_downloader] Downloaded image for ss_800a352e7f48 (stored as ss_800a352e7f48_c73ac040.jpg)
2026-06-15 23:57:50 | INFO     | ss_crawler | [console_scraper] Image saved locally: consoles\ss_800a352e7f48_c73ac040.jpg
2026-06-15 23:57:50 | INFO     | ss_crawler | [image_downloader] Downloaded image for ss_b19bcece0b5c (stored as ss_b19bcece0b5c_dce09259.jpg)
2026-06-15 23:57:50 | INFO     | ss_crawler | [console_scraper] Image saved locally: consoles\ss_b19bcece0b5c_dce09259.jpg
2026-06-15 23:57:51 | INFO     | ss_crawler | [image_downloader] Downloaded image for ss_1a4c2a150b47 (stored as ss_1a4c2a150b47_3d9dfe57.jpg)
2026-06-15 23:57:51 | INFO     | ss_crawler | [console_scraper] Image saved locally: consoles\ss_1a4c2a150b47_3d9dfe57.jpg
2026-06-15 23:57:51 | INFO     | ss_crawler | [image_downloader] Downloaded image for ss_3cbd8a00fdd1 (stored as ss_3cbd8a00fdd1_713f34a3.jpg)
2026-06-15 23:57:51 | INFO     | ss_crawler | [console_scraper] Image saved locally: consoles\ss_3cbd8a00fdd1_713f34a3.jpg
2026-06-15 23:57:51 | INFO     | ss_crawler | [console_scraper] Image saved locally: consoles\ss_fcb9a96e7a73_5a1978b2.jpg
2026-06-15 23:57:51 | INFO     | ss_crawler | [image_downloader] Downloaded image for ss_1c3525e6c9db (stored as ss_1c3525e6c9db_5e6bdf47.jpg)
2026-06-15 23:57:51 | INFO     | ss_crawler | [console_scraper] Image saved locally: consoles\ss_1c3525e6c9db_5e6bdf47.jpg
2026-06-15 23:57:51 | INFO     | ss_crawler | [image_downloader] Downloaded image for ss_f970e0b6b093 (stored as ss_f970e0b6b093_3fdf0277.jpg)
2026-06-15 23:57:51 | INFO     | ss_crawler | [console_scraper] Image saved locally: consoles\ss_f970e0b6b093_3fdf0277.jpg
2026-06-15 23:57:51 | INFO     | ss_crawler | [console_scraper] Image saved locally: consoles\ss_0e79f170448e_81ddcfbe.jpg
2026-06-15 23:57:51 | INFO     | ss_crawler | [console_scraper] Image saved locally: consoles\ss_65a0159c3b38_aedb6f09.jpg
2026-06-15 23:57:51 | INFO     | ss_crawler | [console_scraper] Image saved locally: consoles\ss_cc9a1302aff3_a11926ea.jpg
2026-06-15 23:57:51 | INFO     | ss_crawler | [image_downloader] Downloaded image for ss_601ef4aee389 (stored as ss_601ef4aee389_65e34682.jpg)
2026-06-15 23:57:51 | INFO     | ss_crawler | [console_scraper] Image saved locally: consoles\ss_601ef4aee389_65e34682.jpg
2026-06-15 23:57:51 | INFO     | ss_crawler | [image_downloader] Downloaded image for ss_bdd6cf5619b8 (stored as ss_bdd6cf5619b8_71d05f82.jpg)
2026-06-15 23:57:51 | INFO     | ss_crawler | [console_scraper] Image saved locally: consoles\ss_bdd6cf5619b8_71d05f82.jpg
2026-06-15 23:57:51 | INFO     | ss_crawler | [console_scraper] Fetching page 6: https://www.ss.com/lv/electronics/computers/game-consoles/page6.html
2026-06-15 23:57:51 | INFO     | ss_crawler | [crawler] Fetching : https://www.ss.com/lv/electronics/computers/game-consoles/page6.html
2026-06-15 23:57:53 | INFO     | ss_crawler | [crawler] Fetching : https://www.ss.com/msg/lv/electronics/computers/game-consoles/exhfx.html
2026-06-15 23:57:55 | INFO     | ss_crawler | [crawler] Fetching : https://www.ss.com/msg/lv/electronics/computers/game-consoles/exhfx.html
2026-06-15 23:57:58 | INFO     | ss_crawler | [crawler] Fetching : https://www.ss.com/msg/lv/electronics/computers/game-consoles/exhfx.html
2026-06-15 23:58:01 | INFO     | ss_crawler | [crawler] Fetching : https://www.ss.com/msg/lv/electronics/computers/game-consoles/jhhnd.html
2026-06-15 23:58:04 | INFO     | ss_crawler | [crawler] Fetching : https://www.ss.com/msg/lv/electronics/computers/game-consoles/goldn.html
2026-06-15 23:58:07 | INFO     | ss_crawler | [crawler] Fetching : https://www.ss.com/msg/lv/electronics/computers/game-consoles/bibcoh.html
2026-06-15 23:58:09 | INFO     | ss_crawler | [crawler] Fetching : https://www.ss.com/msg/lv/electronics/computers/game-consoles/dhgge.html
2026-06-15 23:58:11 | INFO     | ss_crawler | [crawler] Fetching : https://www.ss.com/msg/lv/electronics/computers/game-consoles/heggg.html
2026-06-15 23:58:14 | INFO     | ss_crawler | [crawler] Fetching : https://www.ss.com/msg/lv/electronics/computers/game-consoles/ipdfh.html
2026-06-15 23:58:16 | INFO     | ss_crawler | [crawler] Fetching : https://www.ss.com/msg/lv/electronics/computers/game-consoles/dgmxf.html
2026-06-15 23:58:19 | INFO     | ss_crawler | [crawler] Fetching : https://www.ss.com/msg/lv/electronics/computers/game-consoles/dmilm.html
2026-06-15 23:58:21 | INFO     | ss_crawler | [crawler] Fetching : https://www.ss.com/msg/lv/electronics/computers/game-consoles/gienk.html
2026-06-15 23:58:23 | INFO     | ss_crawler | [crawler] Fetching : https://www.ss.com/msg/lv/electronics/computers/game-consoles/iojde.html
2026-06-15 23:58:26 | INFO     | ss_crawler | [crawler] Fetching : https://www.ss.com/msg/lv/electronics/computers/game-consoles/kehkb.html
2026-06-15 23:58:29 | INFO     | ss_crawler | [crawler] Fetching : https://www.ss.com/msg/lv/electronics/computers/game-consoles/hffbp.html
2026-06-15 23:58:31 | INFO     | ss_crawler | [crawler] Fetching : https://www.ss.com/msg/lv/electronics/computers/game-consoles/jcpih.html
2026-06-15 23:58:35 | INFO     | ss_crawler | [crawler] Fetching : https://www.ss.com/msg/lv/electronics/computers/game-consoles/fiign.html
2026-06-15 23:58:38 | INFO     | ss_crawler | [crawler] Fetching : https://www.ss.com/msg/lv/electronics/computers/game-consoles/enmkp.html
2026-06-15 23:58:41 | INFO     | ss_crawler | [crawler] Fetching : https://www.ss.com/msg/lv/electronics/computers/game-consoles/inkpl.html
2026-06-15 23:58:44 | INFO     | ss_crawler | [crawler] Fetching : https://www.ss.com/msg/lv/electronics/computers/game-consoles/gkebg.html
2026-06-15 23:58:46 | INFO     | ss_crawler | [crawler] Fetching : https://www.ss.com/msg/lv/electronics/computers/game-consoles/elxle.html
2026-06-15 23:58:50 | INFO     | ss_crawler | [crawler] Fetching : https://www.ss.com/msg/lv/electronics/computers/game-consoles/fbogb.html
2026-06-15 23:58:53 | INFO     | ss_crawler | [crawler] Fetching : https://www.ss.com/msg/lv/electronics/computers/game-consoles/bfhoen.html
2026-06-15 23:58:56 | INFO     | ss_crawler | [crawler] Fetching : https://www.ss.com/msg/lv/electronics/computers/game-consoles/gcknf.html
2026-06-15 23:58:57 | INFO     | ss_crawler | [crawler] Fetching : https://www.ss.com/msg/lv/electronics/computers/game-consoles/mxedj.html
2026-06-15 23:58:59 | INFO     | ss_crawler | [crawler] Fetching : https://www.ss.com/msg/lv/electronics/computers/game-consoles/gmglm.html
2026-06-15 23:59:02 | INFO     | ss_crawler | [console_scraper] Found 24 listings on page 6
2026-06-15 23:59:02 | INFO     | ss_crawler | [image_downloader] Downloaded image for ss_eb4167101bf9 (stored as ss_eb4167101bf9_19c5a933.jpg)
2026-06-15 23:59:02 | INFO     | ss_crawler | [console_scraper] Image saved locally: consoles\ss_eb4167101bf9_19c5a933.jpg
2026-06-15 23:59:02 | INFO     | ss_crawler | [image_downloader] Downloaded image for ss_ffaa26bde263 (stored as ss_ffaa26bde263_e3b3150a.jpg)
2026-06-15 23:59:02 | INFO     | ss_crawler | [console_scraper] Image saved locally: consoles\ss_ffaa26bde263_e3b3150a.jpg
2026-06-15 23:59:03 | INFO     | ss_crawler | [image_downloader] Downloaded image for ss_172c3db83a1d (stored as ss_172c3db83a1d_e91dc77b.jpg)
2026-06-15 23:59:03 | INFO     | ss_crawler | [console_scraper] Image saved locally: consoles\ss_172c3db83a1d_e91dc77b.jpg
2026-06-15 23:59:03 | INFO     | ss_crawler | [image_downloader] Downloaded image for ss_0808b8f40ca0 (stored as ss_0808b8f40ca0_c5339822.jpg)
2026-06-15 23:59:03 | INFO     | ss_crawler | [console_scraper] Image saved locally: consoles\ss_0808b8f40ca0_c5339822.jpg
2026-06-15 23:59:03 | INFO     | ss_crawler | [image_downloader] Downloaded image for ss_6452d07f5804 (stored as ss_6452d07f5804_bab21d5c.jpg)
2026-06-15 23:59:03 | INFO     | ss_crawler | [console_scraper] Image saved locally: consoles\ss_6452d07f5804_bab21d5c.jpg
2026-06-15 23:59:03 | INFO     | ss_crawler | [image_downloader] Downloaded image for ss_ea64855e4316 (stored as ss_ea64855e4316_062badc0.jpg)
2026-06-15 23:59:03 | INFO     | ss_crawler | [console_scraper] Image saved locally: consoles\ss_ea64855e4316_062badc0.jpg
2026-06-15 23:59:03 | INFO     | ss_crawler | [image_downloader] Downloaded image for ss_c95378bd6e31 (stored as ss_c95378bd6e31_e2215197.jpg)
2026-06-15 23:59:03 | INFO     | ss_crawler | [console_scraper] Image saved locally: consoles\ss_c95378bd6e31_e2215197.jpg
2026-06-15 23:59:03 | INFO     | ss_crawler | [image_downloader] Downloaded image for ss_e21f703b71c3 (stored as ss_e21f703b71c3_3186f0c1.jpg)
2026-06-15 23:59:03 | INFO     | ss_crawler | [console_scraper] Image saved locally: consoles\ss_e21f703b71c3_3186f0c1.jpg
2026-06-15 23:59:03 | INFO     | ss_crawler | [image_downloader] Downloaded image for ss_1d1ae76b3f8b (stored as ss_1d1ae76b3f8b_c32d5c6e.gif)
2026-06-15 23:59:03 | INFO     | ss_crawler | [console_scraper] Image saved locally: consoles\ss_1d1ae76b3f8b_c32d5c6e.gif
2026-06-15 23:59:03 | INFO     | ss_crawler | [image_downloader] Downloaded image for ss_2bd070f4d1c4 (stored as ss_2bd070f4d1c4_4025c68a.jpg)
2026-06-15 23:59:03 | INFO     | ss_crawler | [console_scraper] Image saved locally: consoles\ss_2bd070f4d1c4_4025c68a.jpg
2026-06-15 23:59:03 | INFO     | ss_crawler | [image_downloader] Downloaded image for ss_d7a41f3ea6bd (stored as ss_d7a41f3ea6bd_5e40f366.jpg)
2026-06-15 23:59:03 | INFO     | ss_crawler | [console_scraper] Image saved locally: consoles\ss_d7a41f3ea6bd_5e40f366.jpg
2026-06-15 23:59:03 | INFO     | ss_crawler | [image_downloader] Downloaded image for ss_9f5c2e5b5dd5 (stored as ss_9f5c2e5b5dd5_0c2ef23b.jpg)
2026-06-15 23:59:03 | INFO     | ss_crawler | [console_scraper] Image saved locally: consoles\ss_9f5c2e5b5dd5_0c2ef23b.jpg
2026-06-15 23:59:03 | INFO     | ss_crawler | [console_scraper] Image saved locally: consoles\ss_719ee2d697cf_a28e93be.jpg
2026-06-15 23:59:03 | INFO     | ss_crawler | [console_scraper] Image saved locally: consoles\ss_2e3a7eadaed6_854e26fd.jpg
2026-06-15 23:59:03 | INFO     | ss_crawler | [console_scraper] Image saved locally: consoles\ss_68b4dd413f79_a61677b6.jpg
2026-06-15 23:59:03 | INFO     | ss_crawler | [console_scraper] Image saved locally: consoles\ss_51fc307c5f79_23375adc.jpg
2026-06-15 23:59:03 | INFO     | ss_crawler | [console_scraper] Image saved locally: consoles\ss_4da5740b9d37_152b02e1.jpg
2026-06-15 23:59:03 | INFO     | ss_crawler | [console_scraper] Image saved locally: consoles\ss_d4af92ff182d_ebd0877f.jpg
2026-06-15 23:59:03 | INFO     | ss_crawler | [console_scraper] Image saved locally: consoles\ss_d452b7ea3b63_c0c42163.jpg
2026-06-15 23:59:03 | INFO     | ss_crawler | [console_scraper] Image saved locally: consoles\ss_d1752ecdb854_2d83eb81.jpg
2026-06-15 23:59:03 | INFO     | ss_crawler | [console_scraper] Image saved locally: consoles\ss_73b7a26516d0_f8e50223.jpg
2026-06-15 23:59:03 | INFO     | ss_crawler | [console_scraper] Image saved locally: consoles\ss_ef8af2f3e5cf_1151042d.jpg
2026-06-15 23:59:03 | INFO     | ss_crawler | [console_scraper] Image saved locally: consoles\ss_8091169c9842_14c1e7c9.jpg
2026-06-15 23:59:03 | INFO     | ss_crawler | [console_scraper] Image saved locally: consoles\ss_ab54168094fa_ba8ba7b2.jpg
2026-06-15 23:59:03 | INFO     | ss_crawler | [console_scraper] Fetching page 7: https://www.ss.com/lv/electronics/computers/game-consoles/page7.html
2026-06-15 23:59:03 | INFO     | ss_crawler | [crawler] Fetching : https://www.ss.com/lv/electronics/computers/game-consoles/page7.html
2026-06-15 23:59:07 | INFO     | ss_crawler | [crawler] Fetching : https://www.ss.com/msg/lv/electronics/computers/game-consoles/dooxk.html
2026-06-15 23:59:10 | INFO     | ss_crawler | [crawler] Fetching : https://www.ss.com/msg/lv/electronics/computers/game-consoles/dooxk.html
2026-06-15 23:59:13 | INFO     | ss_crawler | [crawler] Fetching : https://www.ss.com/msg/lv/electronics/computers/game-consoles/dooxk.html
2026-06-15 23:59:15 | INFO     | ss_crawler | [crawler] Fetching : https://www.ss.com/msg/lv/electronics/computers/game-consoles/fkjlg.html
2026-06-15 23:59:18 | INFO     | ss_crawler | [crawler] Fetching : https://www.ss.com/msg/lv/electronics/computers/game-consoles/hxhex.html
2026-06-15 23:59:21 | INFO     | ss_crawler | [crawler] Fetching : https://www.ss.com/msg/lv/electronics/computers/game-consoles/biexjp.html
2026-06-15 23:59:23 | INFO     | ss_crawler | [crawler] Fetching : https://www.ss.com/msg/lv/electronics/computers/game-consoles/ecpkf.html
2026-06-15 23:59:25 | INFO     | ss_crawler | [crawler] Fetching : https://www.ss.com/msg/lv/electronics/computers/game-consoles/deomm.html
2026-06-15 23:59:28 | INFO     | ss_crawler | [crawler] Fetching : https://www.ss.com/msg/lv/electronics/computers/game-consoles/ekpxi.html
2026-06-15 23:59:31 | INFO     | ss_crawler | [crawler] Fetching : https://www.ss.com/msg/lv/electronics/computers/game-consoles/hnxjl.html
2026-06-15 23:59:33 | INFO     | ss_crawler | [crawler] Fetching : https://www.ss.com/msg/lv/electronics/computers/game-consoles/ffhop.html
2026-06-15 23:59:35 | INFO     | ss_crawler | [crawler] Fetching : https://www.ss.com/msg/lv/electronics/computers/game-consoles/bhmdp.html
2026-06-15 23:59:38 | INFO     | ss_crawler | [crawler] Fetching : https://www.ss.com/msg/lv/electronics/computers/game-consoles/bhlldk.html
2026-06-15 23:59:40 | INFO     | ss_crawler | [crawler] Fetching : https://www.ss.com/msg/lv/electronics/computers/game-consoles/kjixi.html
2026-06-15 23:59:42 | INFO     | ss_crawler | [crawler] Fetching : https://www.ss.com/msg/lv/electronics/computers/game-consoles/ggfpn.html
2026-06-15 23:59:45 | INFO     | ss_crawler | [crawler] Fetching : https://www.ss.com/msg/lv/electronics/computers/game-consoles/eekgx.html
2026-06-15 23:59:47 | INFO     | ss_crawler | [crawler] Fetching : https://www.ss.com/msg/lv/electronics/computers/game-consoles/bffkne.html
2026-06-15 23:59:50 | INFO     | ss_crawler | [crawler] Fetching : https://www.ss.com/msg/lv/electronics/computers/game-consoles/fpemi.html
2026-06-15 23:59:51 | INFO     | ss_crawler | [crawler] Fetching : https://www.ss.com/msg/lv/electronics/computers/game-consoles/fcdkg.html
2026-06-15 23:59:53 | INFO     | ss_crawler | [crawler] Fetching : https://www.ss.com/msg/lv/electronics/computers/game-consoles/glplm.html
2026-06-15 23:59:55 | INFO     | ss_crawler | [crawler] Fetching : https://www.ss.com/msg/lv/electronics/computers/game-consoles/fpbfg.html
2026-06-15 23:59:58 | INFO     | ss_crawler | [crawler] Fetching : https://www.ss.com/msg/lv/electronics/computers/game-consoles/flbpx.html
2026-06-16 00:00:01 | INFO     | ss_crawler | [crawler] Fetching : https://www.ss.com/msg/lv/electronics/computers/game-consoles/blfphl.html
2026-06-16 00:00:03 | INFO     | ss_crawler | [crawler] Fetching : https://www.ss.com/msg/lv/electronics/computers/game-consoles/emoxx.html
2026-06-16 00:00:05 | INFO     | ss_crawler | [crawler] Fetching : https://www.ss.com/msg/lv/electronics/computers/game-consoles/kfnki.html
2026-06-16 00:00:08 | INFO     | ss_crawler | [crawler] Fetching : https://www.ss.com/msg/lv/electronics/computers/game-consoles/glljm.html
2026-06-16 00:00:11 | INFO     | ss_crawler | [crawler] Fetching : https://www.ss.com/msg/lv/electronics/computers/game-consoles/ioepl.html
2026-06-16 00:00:13 | INFO     | ss_crawler | [crawler] Fetching : https://www.ss.com/msg/lv/electronics/computers/game-consoles/bkdpcn.html
2026-06-16 00:00:16 | INFO     | ss_crawler | [crawler] Fetching : https://www.ss.com/msg/lv/electronics/computers/game-consoles/dfbce.html
2026-06-16 00:00:18 | INFO     | ss_crawler | [crawler] Fetching : https://www.ss.com/msg/lv/electronics/computers/game-consoles/ggxoh.html
2026-06-16 00:00:21 | INFO     | ss_crawler | [console_scraper] Found 28 listings on page 7
2026-06-16 00:00:21 | INFO     | ss_crawler | [console_scraper] Image saved locally: consoles\ss_d9f78df43636_3482092d.jpg
2026-06-16 00:00:21 | INFO     | ss_crawler | [console_scraper] Image saved locally: consoles\ss_c3a6a49b00c1_07a4cb3c.gif
2026-06-16 00:00:21 | INFO     | ss_crawler | [console_scraper] Image saved locally: consoles\ss_6d3ebe71a0cd_52030c07.jpg
2026-06-16 00:00:21 | INFO     | ss_crawler | [console_scraper] Image saved locally: consoles\ss_0daa9946470e_394538bf.jpg
2026-06-16 00:00:21 | INFO     | ss_crawler | [console_scraper] Image saved locally: consoles\ss_d590837507fb_6b90c0bb.jpg
2026-06-16 00:00:21 | INFO     | ss_crawler | [console_scraper] Image saved locally: consoles\ss_d62206f59b58_a343f368.jpg
2026-06-16 00:00:21 | INFO     | ss_crawler | [console_scraper] Image saved locally: consoles\ss_cda4123f8c42_42b05d73.jpg
2026-06-16 00:00:21 | INFO     | ss_crawler | [console_scraper] Image saved locally: consoles\ss_955cca9aa884_9efa3aa9.jpg
2026-06-16 00:00:21 | INFO     | ss_crawler | [console_scraper] Image saved locally: consoles\ss_04b08e5f4114_07a4cb3c.gif
2026-06-16 00:00:21 | INFO     | ss_crawler | [console_scraper] Image saved locally: consoles\ss_150ffa17f398_21d6dd42.jpg
2026-06-16 00:00:21 | INFO     | ss_crawler | [console_scraper] Image saved locally: consoles\ss_cbe884ffaacc_ad05293f.jpg
2026-06-16 00:00:21 | INFO     | ss_crawler | [console_scraper] Image saved locally: consoles\ss_d90143ec364a_4f81a021.jpg
2026-06-16 00:00:21 | INFO     | ss_crawler | [console_scraper] Image saved locally: consoles\ss_453f311c2e35_07a4cb3c.gif
2026-06-16 00:00:21 | INFO     | ss_crawler | [console_scraper] Image saved locally: consoles\ss_eff20e186d75_0bf0784c.jpg
2026-06-16 00:00:21 | INFO     | ss_crawler | [console_scraper] Image saved locally: consoles\ss_d1daa45af926_443710ed.jpg
2026-06-16 00:00:21 | INFO     | ss_crawler | [console_scraper] Image saved locally: consoles\ss_748d787b2509_206f5f38.jpg
2026-06-16 00:00:21 | INFO     | ss_crawler | [console_scraper] Image saved locally: consoles\ss_a9354921e986_19266d20.jpg
2026-06-16 00:00:21 | INFO     | ss_crawler | [console_scraper] Image saved locally: consoles\ss_7563dd00963a_864093eb.jpg
2026-06-16 00:00:21 | INFO     | ss_crawler | [console_scraper] Image saved locally: consoles\ss_63a906479e26_67b92d79.jpg
2026-06-16 00:00:21 | INFO     | ss_crawler | [console_scraper] Image saved locally: consoles\ss_32e3ee033c46_4724ceaf.jpg
2026-06-16 00:00:21 | INFO     | ss_crawler | [console_scraper] Image saved locally: consoles\ss_ccce01523cd1_61a6790d.jpg
2026-06-16 00:00:21 | INFO     | ss_crawler | [console_scraper] Image saved locally: consoles\ss_84724914f86d_5e1ae9dd.jpg
2026-06-16 00:00:21 | INFO     | ss_crawler | [console_scraper] Image saved locally: consoles\ss_321d6c27bc96_ebfea352.jpg
2026-06-16 00:00:21 | INFO     | ss_crawler | [console_scraper] Image saved locally: consoles\ss_5b8d582f30e7_16b807d1.jpg
2026-06-16 00:00:21 | INFO     | ss_crawler | [console_scraper] Image saved locally: consoles\ss_02aeb176ff54_2cfcd3ee.jpg
2026-06-16 00:00:21 | INFO     | ss_crawler | [console_scraper] Image saved locally: consoles\ss_3ce6090fc623_34640372.jpg
2026-06-16 00:00:21 | INFO     | ss_crawler | [console_scraper] Image saved locally: consoles\ss_4ae42df12100_ad42f60c.jpg
2026-06-16 00:00:21 | INFO     | ss_crawler | [console_scraper] Image saved locally: consoles\ss_8c7f8e8b5f27_aed3879f.jpg
2026-06-16 00:00:21 | INFO     | ss_crawler | [console_scraper] Fetching page 8: https://www.ss.com/lv/electronics/computers/game-consoles/page8.html
2026-06-16 00:00:21 | INFO     | ss_crawler | [crawler] Fetching : https://www.ss.com/lv/electronics/computers/game-consoles/page8.html
2026-06-16 00:00:23 | INFO     | ss_crawler | [crawler] Fetching : https://www.ss.com/msg/lv/electronics/computers/game-consoles/gbfnp.html
2026-06-16 00:00:25 | INFO     | ss_crawler | [crawler] Fetching : https://www.ss.com/msg/lv/electronics/computers/game-consoles/gbfnp.html
2026-06-16 00:00:28 | INFO     | ss_crawler | [crawler] Fetching : https://www.ss.com/msg/lv/electronics/computers/game-consoles/gbfnp.html
2026-06-16 00:00:30 | INFO     | ss_crawler | [crawler] Fetching : https://www.ss.com/msg/lv/electronics/computers/game-consoles/fcmgj.html
2026-06-16 00:00:33 | INFO     | ss_crawler | [crawler] Fetching : https://www.ss.com/msg/lv/electronics/computers/game-consoles/dfbbp.html
2026-06-16 00:00:36 | INFO     | ss_crawler | [crawler] Fetching : https://www.ss.com/msg/lv/electronics/computers/game-consoles/fnjdb.html
2026-06-16 00:00:39 | INFO     | ss_crawler | [crawler] Fetching : https://www.ss.com/msg/lv/electronics/computers/game-consoles/bifjhe.html
2026-06-16 00:00:42 | INFO     | ss_crawler | [crawler] Fetching : https://www.ss.com/msg/lv/electronics/computers/game-consoles/eepgi.html
2026-06-16 00:00:44 | INFO     | ss_crawler | [crawler] Fetching : https://www.ss.com/msg/lv/electronics/computers/game-consoles/biolbk.html
2026-06-16 00:00:46 | INFO     | ss_crawler | [crawler] Fetching : https://www.ss.com/msg/lv/electronics/computers/game-consoles/bhnjnc.html
2026-06-16 00:00:48 | INFO     | ss_crawler | [crawler] Fetching : https://www.ss.com/msg/lv/electronics/computers/game-consoles/bhoinx.html
2026-06-16 00:00:50 | INFO     | ss_crawler | [crawler] Fetching : https://www.ss.com/msg/lv/electronics/computers/game-consoles/bfbnpn.html
2026-06-16 00:00:53 | INFO     | ss_crawler | [crawler] Fetching : https://www.ss.com/msg/lv/electronics/computers/game-consoles/biojdl.html
2026-06-16 00:00:55 | INFO     | ss_crawler | [crawler] Fetching : https://www.ss.com/msg/lv/electronics/computers/game-consoles/bhngjf.html
2026-06-16 00:00:57 | INFO     | ss_crawler | [crawler] Fetching : https://www.ss.com/msg/lv/electronics/computers/game-consoles/gjkcl.html
2026-06-16 00:01:00 | INFO     | ss_crawler | [crawler] Fetching : https://www.ss.com/msg/lv/electronics/computers/game-consoles/dheji.html
2026-06-16 00:01:02 | INFO     | ss_crawler | [crawler] Fetching : https://www.ss.com/msg/lv/electronics/computers/game-consoles/dlcjm.html
2026-06-16 00:01:04 | INFO     | ss_crawler | [crawler] Fetching : https://www.ss.com/msg/lv/electronics/computers/game-consoles/jfbje.html
2026-06-16 00:01:06 | INFO     | ss_crawler | [crawler] Fetching : https://www.ss.com/msg/lv/electronics/computers/game-consoles/ddpng.html
2026-06-16 00:01:09 | INFO     | ss_crawler | [crawler] Fetching : https://www.ss.com/msg/lv/electronics/computers/game-consoles/bibeib.html
2026-06-16 00:01:13 | INFO     | ss_crawler | [crawler] Fetching : https://www.ss.com/msg/lv/electronics/computers/game-consoles/hxdgg.html
2026-06-16 00:01:14 | INFO     | ss_crawler | [crawler] Fetching : https://www.ss.com/msg/lv/electronics/computers/game-consoles/hcedc.html
2026-06-16 00:01:16 | INFO     | ss_crawler | [crawler] Fetching : https://www.ss.com/msg/lv/electronics/computers/game-consoles/bhicog.html
2026-06-16 00:01:18 | INFO     | ss_crawler | [crawler] Fetching : https://www.ss.com/msg/lv/electronics/computers/game-consoles/bkkfkn.html
2026-06-16 00:01:20 | INFO     | ss_crawler | [crawler] Fetching : https://www.ss.com/msg/lv/electronics/computers/game-consoles/bfeiie.html
2026-06-16 00:01:22 | INFO     | ss_crawler | [crawler] Fetching : https://www.ss.com/msg/lv/electronics/computers/game-consoles/dgnog.html
2026-06-16 00:01:24 | INFO     | ss_crawler | [crawler] Fetching : https://www.ss.com/msg/lv/electronics/computers/game-consoles/fecji.html
2026-06-16 00:01:26 | INFO     | ss_crawler | [crawler] Fetching : https://www.ss.com/msg/lv/electronics/computers/game-consoles/bfdghd.html
2026-06-16 00:01:29 | INFO     | ss_crawler | [crawler] Fetching : https://www.ss.com/msg/lv/electronics/computers/game-consoles/epcgp.html
2026-06-16 00:01:31 | INFO     | ss_crawler | [crawler] Fetching : https://www.ss.com/msg/lv/electronics/computers/game-consoles/eoooh.html
2026-06-16 00:01:34 | INFO     | ss_crawler | [crawler] Fetching : https://www.ss.com/msg/lv/electronics/computers/game-consoles/ddpio.html
2026-06-16 00:01:37 | INFO     | ss_crawler | [console_scraper] Found 29 listings on page 8
2026-06-16 00:01:37 | INFO     | ss_crawler | [console_scraper] Image saved locally: consoles\ss_384c9b89cc23_2cfcd3ee.jpg
2026-06-16 00:01:37 | INFO     | ss_crawler | [console_scraper] Image saved locally: consoles\ss_a7e102a53155_c32d5c6e.gif
2026-06-16 00:01:37 | INFO     | ss_crawler | [console_scraper] Image saved locally: consoles\ss_540d9e8802ef_e219e994.jpg
2026-06-16 00:01:37 | INFO     | ss_crawler | [console_scraper] Image saved locally: consoles\ss_d9d05ea46ad8_a3d5fcd5.jpg
2026-06-16 00:01:37 | INFO     | ss_crawler | [console_scraper] Image saved locally: consoles\ss_55370d0cb238_ad28198c.jpg
2026-06-16 00:01:37 | INFO     | ss_crawler | [console_scraper] Image saved locally: consoles\ss_21999d8d158a_f36d1c2b.jpg
2026-06-16 00:01:37 | INFO     | ss_crawler | [console_scraper] Image saved locally: consoles\ss_123b1eb0416b_d61739e3.jpg
2026-06-16 00:01:37 | INFO     | ss_crawler | [console_scraper] Image saved locally: consoles\ss_889a81699a71_528cf7cc.jpg
2026-06-16 00:01:37 | INFO     | ss_crawler | [console_scraper] Image saved locally: consoles\ss_9d33e0992960_55ce40ef.jpg
2026-06-16 00:01:37 | INFO     | ss_crawler | [console_scraper] Image saved locally: consoles\ss_5643a6cbf9a4_ca9aa7dd.jpg
2026-06-16 00:01:37 | INFO     | ss_crawler | [console_scraper] Image saved locally: consoles\ss_632a3dd6c243_7547c51c.jpg
2026-06-16 00:01:37 | INFO     | ss_crawler | [console_scraper] Image saved locally: consoles\ss_688aa3259141_97406faa.jpg
2026-06-16 00:01:37 | INFO     | ss_crawler | [console_scraper] Image saved locally: consoles\ss_dc694e30c97c_3a1bb8e3.jpg
2026-06-16 00:01:37 | INFO     | ss_crawler | [console_scraper] Image saved locally: consoles\ss_4c3a20baa059_5f417414.jpg
2026-06-16 00:01:37 | INFO     | ss_crawler | [console_scraper] Image saved locally: consoles\ss_03ddd533523b_990e5533.jpg
2026-06-16 00:01:37 | INFO     | ss_crawler | [console_scraper] Image saved locally: consoles\ss_59721a3d152c_ed8cb7e8.jpg
2026-06-16 00:01:37 | INFO     | ss_crawler | [console_scraper] Image saved locally: consoles\ss_c77d81f0d481_a4907342.jpg
2026-06-16 00:01:37 | INFO     | ss_crawler | [console_scraper] Image saved locally: consoles\ss_aa34b2affc83_c05f9ec9.jpg
2026-06-16 00:01:37 | INFO     | ss_crawler | [console_scraper] Image saved locally: consoles\ss_4be721b666a1_54282870.jpg
2026-06-16 00:01:37 | INFO     | ss_crawler | [console_scraper] Image saved locally: consoles\ss_d327db12ab3d_9c2cb6c4.jpg
2026-06-16 00:01:37 | INFO     | ss_crawler | [console_scraper] Image saved locally: consoles\ss_69586bbe8213_80470c65.jpg
2026-06-16 00:01:37 | INFO     | ss_crawler | [console_scraper] Image saved locally: consoles\ss_38e102f87ec3_a309157f.jpg
2026-06-16 00:01:37 | INFO     | ss_crawler | [console_scraper] Image saved locally: consoles\ss_05e61d5ca2f9_4e3ab7e8.jpg
2026-06-16 00:01:37 | INFO     | ss_crawler | [console_scraper] Image saved locally: consoles\ss_e71ef98fb3de_07a4cb3c.gif
2026-06-16 00:01:37 | INFO     | ss_crawler | [console_scraper] Image saved locally: consoles\ss_1250b0e7c101_7c5e9451.jpg
2026-06-16 00:01:37 | INFO     | ss_crawler | [console_scraper] Image saved locally: consoles\ss_63d829d26584_c7363080.jpg
2026-06-16 00:01:37 | INFO     | ss_crawler | [console_scraper] Image saved locally: consoles\ss_f3eae496bd69_b11f7fb3.jpg
2026-06-16 00:01:37 | INFO     | ss_crawler | [console_scraper] Image saved locally: consoles\ss_68491c495be8_07a4cb3c.gif
2026-06-16 00:01:37 | INFO     | ss_crawler | [console_scraper] Image saved locally: consoles\ss_2efca713a951_9e752ad3.jpg
2026-06-16 00:01:37 | INFO     | ss_crawler | [console_scraper] Fetching page 9: https://www.ss.com/lv/electronics/computers/game-consoles/page9.html
2026-06-16 00:01:37 | INFO     | ss_crawler | [crawler] Fetching : https://www.ss.com/lv/electronics/computers/game-consoles/page9.html
2026-06-16 00:01:39 | INFO     | ss_crawler | [crawler] Fetching : https://www.ss.com/msg/lv/electronics/computers/game-consoles/hmjlo.html
2026-06-16 00:01:43 | INFO     | ss_crawler | [crawler] Fetching : https://www.ss.com/msg/lv/electronics/computers/game-consoles/hmjlo.html
2026-06-16 00:01:46 | INFO     | ss_crawler | [crawler] Fetching : https://www.ss.com/msg/lv/electronics/computers/game-consoles/hmjlo.html
2026-06-16 00:01:49 | INFO     | ss_crawler | [crawler] Fetching : https://www.ss.com/msg/lv/electronics/computers/game-consoles/fgdmm.html
2026-06-16 00:01:52 | INFO     | ss_crawler | [crawler] Fetching : https://www.ss.com/msg/lv/electronics/computers/game-consoles/fkpbd.html
2026-06-16 00:01:54 | INFO     | ss_crawler | [crawler] Fetching : https://www.ss.com/msg/lv/electronics/computers/game-consoles/gdofo.html
2026-06-16 00:01:57 | INFO     | ss_crawler | [crawler] Fetching : https://www.ss.com/msg/lv/electronics/computers/game-consoles/inkkc.html
2026-06-16 00:01:59 | INFO     | ss_crawler | [crawler] Fetching : https://www.ss.com/msg/lv/electronics/computers/game-consoles/ionlc.html
2026-06-16 00:02:03 | INFO     | ss_crawler | [crawler] Fetching : https://www.ss.com/msg/lv/electronics/computers/game-consoles/filij.html
2026-06-16 00:02:05 | INFO     | ss_crawler | [crawler] Fetching : https://www.ss.com/msg/lv/electronics/computers/game-consoles/ecgnk.html
2026-06-16 00:02:08 | INFO     | ss_crawler | [crawler] Fetching : https://www.ss.com/msg/lv/electronics/computers/game-consoles/glgmb.html
2026-06-16 00:02:10 | INFO     | ss_crawler | [crawler] Fetching : https://www.ss.com/msg/lv/electronics/computers/game-consoles/jhhci.html
2026-06-16 00:02:13 | INFO     | ss_crawler | [crawler] Fetching : https://www.ss.com/msg/lv/electronics/computers/game-consoles/abmgl.html
2026-06-16 00:02:15 | INFO     | ss_crawler | [crawler] Fetching : https://www.ss.com/msg/lv/electronics/computers/game-consoles/hfjkl.html
2026-06-16 00:02:16 | INFO     | ss_crawler | [crawler] Fetching : https://www.ss.com/msg/lv/electronics/computers/game-consoles/bhkpbk.html
2026-06-16 00:02:19 | INFO     | ss_crawler | [crawler] Fetching : https://www.ss.com/msg/lv/electronics/computers/game-consoles/emcpp.html
2026-06-16 00:02:23 | INFO     | ss_crawler | [crawler] Fetching : https://www.ss.com/msg/lv/electronics/computers/game-consoles/hgkjn.html
2026-06-16 00:02:24 | INFO     | ss_crawler | [crawler] Fetching : https://www.ss.com/msg/lv/electronics/computers/game-consoles/glkfm.html
2026-06-16 00:02:27 | INFO     | ss_crawler | [crawler] Fetching : https://www.ss.com/msg/lv/electronics/computers/game-consoles/flegx.html
2026-06-16 00:02:30 | INFO     | ss_crawler | [crawler] Fetching : https://www.ss.com/msg/lv/electronics/computers/game-consoles/bihklh.html
2026-06-16 00:02:33 | INFO     | ss_crawler | [crawler] Fetching : https://www.ss.com/msg/lv/electronics/computers/game-consoles/mbglm.html
2026-06-16 00:02:35 | INFO     | ss_crawler | [crawler] Fetching : https://www.ss.com/msg/lv/electronics/computers/game-consoles/bfbpcl.html
2026-06-16 00:02:38 | INFO     | ss_crawler | [crawler] Fetching : https://www.ss.com/msg/lv/electronics/computers/game-consoles/ejglf.html
2026-06-16 00:02:40 | INFO     | ss_crawler | [crawler] Fetching : https://www.ss.com/msg/lv/electronics/computers/game-consoles/mbknx.html
2026-06-16 00:02:42 | INFO     | ss_crawler | [crawler] Fetching : https://www.ss.com/msg/lv/electronics/computers/game-consoles/bhpfjc.html
2026-06-16 00:02:46 | INFO     | ss_crawler | [crawler] Fetching : https://www.ss.com/msg/lv/electronics/computers/game-consoles/kpcim.html
2026-06-16 00:02:49 | INFO     | ss_crawler | [crawler] Fetching : https://www.ss.com/msg/lv/electronics/computers/game-consoles/doxmm.html
2026-06-16 00:02:52 | INFO     | ss_crawler | [crawler] Fetching : https://www.ss.com/msg/lv/electronics/computers/game-consoles/dpdno.html
2026-06-16 00:02:54 | INFO     | ss_crawler | [crawler] Fetching : https://www.ss.com/msg/lv/electronics/computers/game-consoles/jfdmc.html
2026-06-16 00:02:57 | INFO     | ss_crawler | [crawler] Fetching : https://www.ss.com/msg/lv/electronics/computers/game-consoles/fxejd.html
2026-06-16 00:03:00 | INFO     | ss_crawler | [crawler] Fetching : https://www.ss.com/msg/lv/electronics/computers/game-consoles/kciih.html
2026-06-16 00:03:03 | INFO     | ss_crawler | [crawler] Fetching : https://www.ss.com/msg/lv/electronics/computers/game-consoles/hggpx.html
2026-06-16 00:03:06 | INFO     | ss_crawler | [console_scraper] Found 30 listings on page 9
2026-06-16 00:03:06 | INFO     | ss_crawler | [console_scraper] Image saved locally: consoles\ss_35620d3ef790_5cf4ccca.jpg
2026-06-16 00:03:06 | INFO     | ss_crawler | [console_scraper] Image saved locally: consoles\ss_d46f26aebdaf_e1414a5e.jpg
2026-06-16 00:03:06 | INFO     | ss_crawler | [console_scraper] Image saved locally: consoles\ss_48c2baf3ccfe_14681301.jpg
2026-06-16 00:03:06 | INFO     | ss_crawler | [console_scraper] Image saved locally: consoles\ss_7b64fd2592f1_ebcc94b3.jpg
2026-06-16 00:03:06 | INFO     | ss_crawler | [console_scraper] Image saved locally: consoles\ss_b04da36cf4ed_d47e2bdb.jpg
2026-06-16 00:03:06 | INFO     | ss_crawler | [console_scraper] Image saved locally: consoles\ss_13ae4d6a36dc_964c87a8.jpg
2026-06-16 00:03:06 | INFO     | ss_crawler | [console_scraper] Image saved locally: consoles\ss_0a326aa3a5ae_07a4cb3c.gif
2026-06-16 00:03:06 | INFO     | ss_crawler | [console_scraper] Image saved locally: consoles\ss_2e23966266f8_3f676559.jpg
2026-06-16 00:03:06 | INFO     | ss_crawler | [console_scraper] Image saved locally: consoles\ss_c97bdb665fde_07a4cb3c.gif
2026-06-16 00:03:06 | INFO     | ss_crawler | [console_scraper] Image saved locally: consoles\ss_f2b0934652a9_65769699.jpg
2026-06-16 00:03:06 | INFO     | ss_crawler | [console_scraper] Image saved locally: consoles\ss_fb42002a164f_aca594ce.jpg
2026-06-16 00:03:06 | INFO     | ss_crawler | [console_scraper] Image saved locally: consoles\ss_26d11fcae418_6b16a295.jpg
2026-06-16 00:03:06 | INFO     | ss_crawler | [console_scraper] Image saved locally: consoles\ss_b2bee9377415_1e49e656.jpg
2026-06-16 00:03:06 | INFO     | ss_crawler | [console_scraper] Image saved locally: consoles\ss_0ee5e68a838b_9f89cf46.jpg
2026-06-16 00:03:06 | INFO     | ss_crawler | [console_scraper] Image saved locally: consoles\ss_09221dc64c80_0eb8165c.jpg
2026-06-16 00:03:06 | INFO     | ss_crawler | [console_scraper] Image saved locally: consoles\ss_9b90b925c29b_333abbd2.jpg
2026-06-16 00:03:06 | INFO     | ss_crawler | [console_scraper] Image saved locally: consoles\ss_afcdaeae629a_c27958df.jpg
2026-06-16 00:03:06 | INFO     | ss_crawler | [console_scraper] Image saved locally: consoles\ss_34499e979848_9924574c.jpg
2026-06-16 00:03:06 | INFO     | ss_crawler | [console_scraper] Image saved locally: consoles\ss_87c35340c3be_0644f789.jpg
2026-06-16 00:03:06 | INFO     | ss_crawler | [console_scraper] Image saved locally: consoles\ss_a523c96eff57_4afa646a.jpg
2026-06-16 00:03:06 | INFO     | ss_crawler | [console_scraper] Image saved locally: consoles\ss_edfde6bfd712_f4cbbff4.jpg
2026-06-16 00:03:06 | INFO     | ss_crawler | [console_scraper] Image saved locally: consoles\ss_bbda3c6a1681_c9c8dfb7.jpg
2026-06-16 00:03:06 | INFO     | ss_crawler | [console_scraper] Image saved locally: consoles\ss_2cfd4886692e_197a9da7.jpg
2026-06-16 00:03:06 | INFO     | ss_crawler | [console_scraper] Image saved locally: consoles\ss_2acf8efd01ba_003019ec.jpg
2026-06-16 00:03:06 | INFO     | ss_crawler | [console_scraper] Image saved locally: consoles\ss_d5cf4ac1406d_6bd15469.jpg
2026-06-16 00:03:06 | INFO     | ss_crawler | [console_scraper] Image saved locally: consoles\ss_db835227b591_07a4cb3c.gif
2026-06-16 00:03:06 | INFO     | ss_crawler | [console_scraper] Image saved locally: consoles\ss_56b377bbd127_721020bf.jpg
2026-06-16 00:03:06 | INFO     | ss_crawler | [console_scraper] Image saved locally: consoles\ss_175fd1903d9c_71fa1592.jpg
2026-06-16 00:03:06 | INFO     | ss_crawler | [image_downloader] Downloaded image for ss_15d2d384a439 (stored as ss_15d2d384a439_faeb40e8.jpg)
2026-06-16 00:03:06 | INFO     | ss_crawler | [console_scraper] Image saved locally: consoles\ss_15d2d384a439_faeb40e8.jpg
2026-06-16 00:03:06 | INFO     | ss_crawler | [image_downloader] Downloaded image for ss_535e31518f18 (stored as ss_535e31518f18_9efb6819.jpg)
2026-06-16 00:03:06 | INFO     | ss_crawler | [console_scraper] Image saved locally: consoles\ss_535e31518f18_9efb6819.jpg
2026-06-16 00:03:06 | INFO     | ss_crawler | [console_scraper] Fetching page 10: https://www.ss.com/lv/electronics/computers/game-consoles/page10.html
2026-06-16 00:03:06 | INFO     | ss_crawler | [crawler] Fetching : https://www.ss.com/lv/electronics/computers/game-consoles/page10.html
2026-06-16 00:03:09 | INFO     | ss_crawler | [crawler] Fetching : https://www.ss.com/msg/lv/electronics/computers/game-consoles/epopj.html
2026-06-16 00:03:12 | INFO     | ss_crawler | [crawler] Fetching : https://www.ss.com/msg/lv/electronics/computers/game-consoles/epopj.html
2026-06-16 00:03:13 | INFO     | ss_crawler | [crawler] Fetching : https://www.ss.com/msg/lv/electronics/computers/game-consoles/epopj.html
2026-06-16 00:03:16 | INFO     | ss_crawler | [crawler] Fetching : https://www.ss.com/msg/lv/electronics/computers/game-consoles/edool.html
2026-06-16 00:03:18 | INFO     | ss_crawler | [crawler] Fetching : https://www.ss.com/msg/lv/electronics/computers/game-consoles/ghcmo.html
2026-06-16 00:03:21 | INFO     | ss_crawler | [crawler] Fetching : https://www.ss.com/msg/lv/electronics/computers/game-consoles/kkgdk.html
2026-06-16 00:03:24 | INFO     | ss_crawler | [crawler] Fetching : https://www.ss.com/msg/lv/electronics/computers/game-consoles/fdnkp.html
2026-06-16 00:03:26 | INFO     | ss_crawler | [crawler] Fetching : https://www.ss.com/msg/lv/electronics/computers/game-consoles/iohjc.html
2026-06-16 00:03:28 | INFO     | ss_crawler | [crawler] Fetching : https://www.ss.com/msg/lv/electronics/computers/game-consoles/dgkjo.html
2026-06-16 00:03:31 | INFO     | ss_crawler | [crawler] Fetching : https://www.ss.com/msg/lv/electronics/computers/game-consoles/bhlhfd.html
2026-06-16 00:03:34 | INFO     | ss_crawler | [crawler] Fetching : https://www.ss.com/msg/lv/electronics/computers/game-consoles/hbfkx.html
2026-06-16 00:03:37 | INFO     | ss_crawler | [crawler] Fetching : https://www.ss.com/msg/lv/electronics/computers/game-consoles/dpcjm.html
2026-06-16 00:03:39 | INFO     | ss_crawler | [crawler] Fetching : https://www.ss.com/msg/lv/electronics/computers/game-consoles/diloo.html
2026-06-16 00:03:41 | INFO     | ss_crawler | [crawler] Fetching : https://www.ss.com/msg/lv/electronics/computers/game-consoles/bhpgpn.html
2026-06-16 00:03:44 | INFO     | ss_crawler | [crawler] Fetching : https://www.ss.com/msg/lv/electronics/computers/game-consoles/djlmc.html
2026-06-16 00:03:46 | INFO     | ss_crawler | [crawler] Fetching : https://www.ss.com/msg/lv/electronics/computers/game-consoles/bjkgmi.html
2026-06-16 00:03:49 | INFO     | ss_crawler | [crawler] Fetching : https://www.ss.com/msg/lv/electronics/computers/game-consoles/pieom.html
2026-06-16 00:03:53 | INFO     | ss_crawler | [crawler] Fetching : https://www.ss.com/msg/lv/electronics/computers/game-consoles/djllo.html
2026-06-16 00:03:55 | INFO     | ss_crawler | [console_scraper] Found 16 listings on page 10
2026-06-16 00:03:55 | INFO     | ss_crawler | [image_downloader] Downloaded image for ss_d1a6bf1bbe4d (stored as ss_d1a6bf1bbe4d_741ee597.jpg)
2026-06-16 00:03:55 | INFO     | ss_crawler | [console_scraper] Image saved locally: consoles\ss_d1a6bf1bbe4d_741ee597.jpg
2026-06-16 00:03:55 | INFO     | ss_crawler | [image_downloader] Downloaded image for ss_9756fe61d489 (stored as ss_9756fe61d489_47236f3d.jpg)
2026-06-16 00:03:55 | INFO     | ss_crawler | [console_scraper] Image saved locally: consoles\ss_9756fe61d489_47236f3d.jpg
2026-06-16 00:03:55 | INFO     | ss_crawler | [image_downloader] Downloaded image for ss_018079a02b53 (stored as ss_018079a02b53_f027bf5d.jpg)
2026-06-16 00:03:55 | INFO     | ss_crawler | [console_scraper] Image saved locally: consoles\ss_018079a02b53_f027bf5d.jpg
2026-06-16 00:03:55 | INFO     | ss_crawler | [image_downloader] Downloaded image for ss_06751f6184ac (stored as ss_06751f6184ac_10639e66.jpg)
2026-06-16 00:03:55 | INFO     | ss_crawler | [console_scraper] Image saved locally: consoles\ss_06751f6184ac_10639e66.jpg
2026-06-16 00:03:55 | INFO     | ss_crawler | [image_downloader] Downloaded image for ss_41bf6298a627 (stored as ss_41bf6298a627_949f43df.jpg)
2026-06-16 00:03:55 | INFO     | ss_crawler | [console_scraper] Image saved locally: consoles\ss_41bf6298a627_949f43df.jpg
2026-06-16 00:03:55 | INFO     | ss_crawler | [image_downloader] Downloaded image for ss_aa1db16f2403 (stored as ss_aa1db16f2403_455728d3.jpg)
2026-06-16 00:03:55 | INFO     | ss_crawler | [console_scraper] Image saved locally: consoles\ss_aa1db16f2403_455728d3.jpg
2026-06-16 00:03:55 | INFO     | ss_crawler | [image_downloader] Downloaded image for ss_7270628184e0 (stored as ss_7270628184e0_06813baf.jpg)
2026-06-16 00:03:55 | INFO     | ss_crawler | [console_scraper] Image saved locally: consoles\ss_7270628184e0_06813baf.jpg
2026-06-16 00:03:55 | INFO     | ss_crawler | [image_downloader] Downloaded image for ss_5aacf3338a89 (stored as ss_5aacf3338a89_bc656e1b.jpg)
2026-06-16 00:03:55 | INFO     | ss_crawler | [console_scraper] Image saved locally: consoles\ss_5aacf3338a89_bc656e1b.jpg
2026-06-16 00:03:55 | INFO     | ss_crawler | [image_downloader] Downloaded image for ss_d6199c6b57cb (stored as ss_d6199c6b57cb_07a4cb3c.gif)
2026-06-16 00:03:55 | INFO     | ss_crawler | [console_scraper] Image saved locally: consoles\ss_d6199c6b57cb_07a4cb3c.gif
2026-06-16 00:03:55 | INFO     | ss_crawler | [image_downloader] Downloaded image for ss_405ae2ecb26a (stored as ss_405ae2ecb26a_816fed75.jpg)
2026-06-16 00:03:55 | INFO     | ss_crawler | [console_scraper] Image saved locally: consoles\ss_405ae2ecb26a_816fed75.jpg
2026-06-16 00:03:56 | INFO     | ss_crawler | [image_downloader] Downloaded image for ss_b0466aea1716 (stored as ss_b0466aea1716_8c59afac.jpg)
2026-06-16 00:03:56 | INFO     | ss_crawler | [console_scraper] Image saved locally: consoles\ss_b0466aea1716_8c59afac.jpg
2026-06-16 00:03:56 | INFO     | ss_crawler | [image_downloader] Downloaded image for ss_49218223a6da (stored as ss_49218223a6da_de0af0be.jpg)
2026-06-16 00:03:56 | INFO     | ss_crawler | [console_scraper] Image saved locally: consoles\ss_49218223a6da_de0af0be.jpg
2026-06-16 00:03:56 | INFO     | ss_crawler | [image_downloader] Downloaded image for ss_dae45d7898c2 (stored as ss_dae45d7898c2_a9b64664.jpg)
2026-06-16 00:03:56 | INFO     | ss_crawler | [console_scraper] Image saved locally: consoles\ss_dae45d7898c2_a9b64664.jpg
2026-06-16 00:03:56 | INFO     | ss_crawler | [image_downloader] Downloaded image for ss_f4f55a0bdfa0 (stored as ss_f4f55a0bdfa0_f6985071.jpg)
2026-06-16 00:03:56 | INFO     | ss_crawler | [console_scraper] Image saved locally: consoles\ss_f4f55a0bdfa0_f6985071.jpg
2026-06-16 00:03:56 | INFO     | ss_crawler | [image_downloader] Downloaded image for ss_0627e5b45fd8 (stored as ss_0627e5b45fd8_11b228ef.jpg)
2026-06-16 00:03:56 | INFO     | ss_crawler | [console_scraper] Image saved locally: consoles\ss_0627e5b45fd8_11b228ef.jpg
2026-06-16 00:03:56 | INFO     | ss_crawler | [image_downloader] Downloaded image for ss_1d2c1cd6ca41 (stored as ss_1d2c1cd6ca41_597ac727.jpg)
2026-06-16 00:03:56 | INFO     | ss_crawler | [console_scraper] Image saved locally: consoles\ss_1d2c1cd6ca41_597ac727.jpg
2026-06-16 00:03:56 | INFO     | ss_crawler | [console_scraper] Fetching page 11: https://www.ss.com/lv/electronics/computers/game-consoles/page11.html
2026-06-16 00:03:56 | INFO     | ss_crawler | [crawler] Fetching : https://www.ss.com/lv/electronics/computers/game-consoles/page11.html
2026-06-16 00:03:59 | INFO     | ss_crawler | [crawler] Fetching : https://www.ss.com/msg/lv/electronics/computers/game-consoles/blhchl.html
2026-06-16 00:04:01 | INFO     | ss_crawler | [crawler] Fetching : https://www.ss.com/msg/lv/electronics/computers/game-consoles/blhchl.html
2026-06-16 00:04:03 | INFO     | ss_crawler | [crawler] Fetching : https://www.ss.com/msg/lv/electronics/computers/game-consoles/blhchl.html
2026-06-16 00:04:06 | INFO     | ss_crawler | [crawler] Fetching : https://www.ss.com/msg/lv/electronics/computers/game-consoles/kfnlf.html
2026-06-16 00:04:08 | INFO     | ss_crawler | [crawler] Fetching : https://www.ss.com/msg/lv/electronics/computers/game-consoles/felbg.html
2026-06-16 00:04:11 | INFO     | ss_crawler | [crawler] Fetching : https://www.ss.com/msg/lv/electronics/computers/game-consoles/ioeec.html
2026-06-16 00:04:14 | INFO     | ss_crawler | [crawler] Fetching : https://www.ss.com/msg/lv/electronics/computers/game-consoles/binkxf.html
2026-06-16 00:04:16 | INFO     | ss_crawler | [crawler] Fetching : https://www.ss.com/msg/lv/electronics/computers/game-consoles/fbjkf.html
2026-06-16 00:04:18 | INFO     | ss_crawler | [crawler] Fetching : https://www.ss.com/msg/lv/electronics/computers/game-consoles/fmfof.html
2026-06-16 00:04:20 | INFO     | ss_crawler | [crawler] Fetching : https://www.ss.com/msg/lv/electronics/computers/game-consoles/bfgped.html
2026-06-16 00:04:22 | INFO     | ss_crawler | [crawler] Fetching : https://www.ss.com/msg/lv/electronics/computers/game-consoles/dmcmx.html
2026-06-16 00:04:25 | INFO     | ss_crawler | [crawler] Fetching : https://www.ss.com/msg/lv/electronics/computers/game-consoles/doopm.html
2026-06-16 00:04:27 | INFO     | ss_crawler | [crawler] Fetching : https://www.ss.com/msg/lv/electronics/computers/game-consoles/kxpem.html
2026-06-16 00:04:30 | INFO     | ss_crawler | [crawler] Fetching : https://www.ss.com/msg/lv/electronics/computers/game-consoles/bjblhm.html
2026-06-16 00:04:33 | INFO     | ss_crawler | [crawler] Fetching : https://www.ss.com/msg/lv/electronics/computers/game-consoles/keeoo.html
2026-06-16 00:04:36 | INFO     | ss_crawler | [crawler] Fetching : https://www.ss.com/msg/lv/electronics/computers/game-consoles/iokcj.html
2026-06-16 00:04:38 | INFO     | ss_crawler | [crawler] Fetching : https://www.ss.com/msg/lv/electronics/computers/game-consoles/jfepn.html
2026-06-16 00:04:40 | INFO     | ss_crawler | [crawler] Fetching : https://www.ss.com/msg/lv/electronics/computers/game-consoles/kjnff.html
2026-06-16 00:04:42 | INFO     | ss_crawler | [crawler] Fetching : https://www.ss.com/msg/lv/electronics/computers/game-consoles/dxocb.html
2026-06-16 00:04:45 | INFO     | ss_crawler | [crawler] Fetching : https://www.ss.com/msg/lv/electronics/computers/game-consoles/kenmh.html
2026-06-16 00:04:46 | INFO     | ss_crawler | [crawler] Fetching : https://www.ss.com/msg/lv/electronics/computers/game-consoles/biiijc.html
2026-06-16 00:04:49 | INFO     | ss_crawler | [crawler] Fetching : https://www.ss.com/msg/lv/electronics/computers/game-consoles/bjxbee.html
2026-06-16 00:04:52 | INFO     | ss_crawler | [crawler] Fetching : https://www.ss.com/msg/lv/electronics/computers/game-consoles/bjhocp.html
2026-06-16 00:04:54 | INFO     | ss_crawler | [crawler] Fetching : https://www.ss.com/msg/lv/electronics/computers/game-consoles/bkmpmb.html
2026-06-16 00:04:56 | INFO     | ss_crawler | [crawler] Fetching : https://www.ss.com/msg/lv/electronics/computers/game-consoles/kdlge.html
2026-06-16 00:05:00 | INFO     | ss_crawler | [crawler] Fetching : https://www.ss.com/msg/lv/electronics/computers/game-consoles/bikmdm.html
2026-06-16 00:05:02 | INFO     | ss_crawler | [crawler] Fetching : https://www.ss.com/msg/lv/electronics/computers/game-consoles/jhhxb.html
2026-06-16 00:05:05 | INFO     | ss_crawler | [crawler] Fetching : https://www.ss.com/msg/lv/electronics/computers/game-consoles/bfgoeb.html
2026-06-16 00:05:08 | INFO     | ss_crawler | [console_scraper] Found 26 listings on page 11
2026-06-16 00:05:08 | INFO     | ss_crawler | [image_downloader] Downloaded image for ss_c09bc24313c5 (stored as ss_c09bc24313c5_6100bd00.jpg)
2026-06-16 00:05:08 | INFO     | ss_crawler | [console_scraper] Image saved locally: consoles\ss_c09bc24313c5_6100bd00.jpg
2026-06-16 00:05:08 | INFO     | ss_crawler | [image_downloader] Downloaded image for ss_cfdde42921c1 (stored as ss_cfdde42921c1_020ec739.jpg)
2026-06-16 00:05:08 | INFO     | ss_crawler | [console_scraper] Image saved locally: consoles\ss_cfdde42921c1_020ec739.jpg
2026-06-16 00:05:08 | INFO     | ss_crawler | [image_downloader] Downloaded image for ss_04fe7171b76b (stored as ss_04fe7171b76b_acbd73aa.jpg)
2026-06-16 00:05:08 | INFO     | ss_crawler | [console_scraper] Image saved locally: consoles\ss_04fe7171b76b_acbd73aa.jpg
2026-06-16 00:05:08 | INFO     | ss_crawler | [image_downloader] Downloaded image for ss_7ba1fbb00141 (stored as ss_7ba1fbb00141_11228557.jpg)
2026-06-16 00:05:08 | INFO     | ss_crawler | [console_scraper] Image saved locally: consoles\ss_7ba1fbb00141_11228557.jpg
2026-06-16 00:05:08 | INFO     | ss_crawler | [image_downloader] Downloaded image for ss_a01230c4269c (stored as ss_a01230c4269c_43489731.jpg)
2026-06-16 00:05:08 | INFO     | ss_crawler | [console_scraper] Image saved locally: consoles\ss_a01230c4269c_43489731.jpg
2026-06-16 00:05:09 | INFO     | ss_crawler | [image_downloader] Downloaded image for ss_ed7b33387133 (stored as ss_ed7b33387133_5e004395.jpg)
2026-06-16 00:05:09 | INFO     | ss_crawler | [console_scraper] Image saved locally: consoles\ss_ed7b33387133_5e004395.jpg
2026-06-16 00:05:09 | INFO     | ss_crawler | [image_downloader] Downloaded image for ss_269ca14be8ad (stored as ss_269ca14be8ad_0d5f53de.jpg)
2026-06-16 00:05:09 | INFO     | ss_crawler | [console_scraper] Image saved locally: consoles\ss_269ca14be8ad_0d5f53de.jpg
2026-06-16 00:05:09 | INFO     | ss_crawler | [image_downloader] Downloaded image for ss_69ef08533cde (stored as ss_69ef08533cde_fcc624c5.jpg)
2026-06-16 00:05:09 | INFO     | ss_crawler | [console_scraper] Image saved locally: consoles\ss_69ef08533cde_fcc624c5.jpg
2026-06-16 00:05:09 | INFO     | ss_crawler | [image_downloader] Downloaded image for ss_a23f3cce62bb (stored as ss_a23f3cce62bb_07a4cb3c.gif)
2026-06-16 00:05:09 | INFO     | ss_crawler | [console_scraper] Image saved locally: consoles\ss_a23f3cce62bb_07a4cb3c.gif
2026-06-16 00:05:09 | INFO     | ss_crawler | [image_downloader] Downloaded image for ss_2ff719154a36 (stored as ss_2ff719154a36_c4e40731.jpg)
2026-06-16 00:05:09 | INFO     | ss_crawler | [console_scraper] Image saved locally: consoles\ss_2ff719154a36_c4e40731.jpg
2026-06-16 00:05:09 | INFO     | ss_crawler | [image_downloader] Downloaded image for ss_f69a2d54833d (stored as ss_f69a2d54833d_f81acd7b.jpg)
2026-06-16 00:05:09 | INFO     | ss_crawler | [console_scraper] Image saved locally: consoles\ss_f69a2d54833d_f81acd7b.jpg
2026-06-16 00:05:09 | INFO     | ss_crawler | [image_downloader] Downloaded image for ss_534bafd941e4 (stored as ss_534bafd941e4_ec06a3ef.jpg)
2026-06-16 00:05:09 | INFO     | ss_crawler | [console_scraper] Image saved locally: consoles\ss_534bafd941e4_ec06a3ef.jpg
2026-06-16 00:05:09 | INFO     | ss_crawler | [image_downloader] Downloaded image for ss_922fcf909a39 (stored as ss_922fcf909a39_b94e22c9.jpg)
2026-06-16 00:05:09 | INFO     | ss_crawler | [console_scraper] Image saved locally: consoles\ss_922fcf909a39_b94e22c9.jpg
2026-06-16 00:05:09 | INFO     | ss_crawler | [image_downloader] Downloaded image for ss_3c7b883d8904 (stored as ss_3c7b883d8904_0ff9400b.jpg)
2026-06-16 00:05:09 | INFO     | ss_crawler | [console_scraper] Image saved locally: consoles\ss_3c7b883d8904_0ff9400b.jpg
2026-06-16 00:05:09 | INFO     | ss_crawler | [image_downloader] Downloaded image for ss_d8c96a219c4d (stored as ss_d8c96a219c4d_e3dbcdb4.jpg)
2026-06-16 00:05:09 | INFO     | ss_crawler | [console_scraper] Image saved locally: consoles\ss_d8c96a219c4d_e3dbcdb4.jpg
2026-06-16 00:05:09 | INFO     | ss_crawler | [image_downloader] Downloaded image for ss_506e028b0b33 (stored as ss_506e028b0b33_ccb1f830.jpg)
2026-06-16 00:05:09 | INFO     | ss_crawler | [console_scraper] Image saved locally: consoles\ss_506e028b0b33_ccb1f830.jpg
2026-06-16 00:05:10 | INFO     | ss_crawler | [image_downloader] Downloaded image for ss_819fb7a1e391 (stored as ss_819fb7a1e391_05cdf465.jpg)
2026-06-16 00:05:10 | INFO     | ss_crawler | [console_scraper] Image saved locally: consoles\ss_819fb7a1e391_05cdf465.jpg
2026-06-16 00:05:10 | INFO     | ss_crawler | [image_downloader] Downloaded image for ss_23ff8c9d05df (stored as ss_23ff8c9d05df_9fff140d.jpg)
2026-06-16 00:05:10 | INFO     | ss_crawler | [console_scraper] Image saved locally: consoles\ss_23ff8c9d05df_9fff140d.jpg
2026-06-16 00:05:10 | INFO     | ss_crawler | [image_downloader] Downloaded image for ss_e5d87e2b06db (stored as ss_e5d87e2b06db_4b3c5ed1.jpg)
2026-06-16 00:05:10 | INFO     | ss_crawler | [console_scraper] Image saved locally: consoles\ss_e5d87e2b06db_4b3c5ed1.jpg
2026-06-16 00:05:10 | INFO     | ss_crawler | [image_downloader] Downloaded image for ss_e512bb0816ce (stored as ss_e512bb0816ce_0923a1d5.jpg)
2026-06-16 00:05:10 | INFO     | ss_crawler | [console_scraper] Image saved locally: consoles\ss_e512bb0816ce_0923a1d5.jpg
2026-06-16 00:05:10 | INFO     | ss_crawler | [image_downloader] Downloaded image for ss_f80f771cd04c (stored as ss_f80f771cd04c_4b3c5ed1.jpg)
2026-06-16 00:05:10 | INFO     | ss_crawler | [console_scraper] Image saved locally: consoles\ss_f80f771cd04c_4b3c5ed1.jpg
2026-06-16 00:05:10 | INFO     | ss_crawler | [image_downloader] Downloaded image for ss_a163830bf938 (stored as ss_a163830bf938_b8dd4de3.jpg)
2026-06-16 00:05:10 | INFO     | ss_crawler | [console_scraper] Image saved locally: consoles\ss_a163830bf938_b8dd4de3.jpg
2026-06-16 00:05:10 | INFO     | ss_crawler | [image_downloader] Downloaded image for ss_ff58f5ee9472 (stored as ss_ff58f5ee9472_260e669a.jpg)
2026-06-16 00:05:10 | INFO     | ss_crawler | [console_scraper] Image saved locally: consoles\ss_ff58f5ee9472_260e669a.jpg
2026-06-16 00:05:10 | INFO     | ss_crawler | [image_downloader] Downloaded image for ss_b6e8c601ca7c (stored as ss_b6e8c601ca7c_18929130.jpg)
2026-06-16 00:05:10 | INFO     | ss_crawler | [console_scraper] Image saved locally: consoles\ss_b6e8c601ca7c_18929130.jpg
2026-06-16 00:05:10 | INFO     | ss_crawler | [image_downloader] Downloaded image for ss_f7332911e3af (stored as ss_f7332911e3af_e8ecb979.jpg)
2026-06-16 00:05:10 | INFO     | ss_crawler | [console_scraper] Image saved locally: consoles\ss_f7332911e3af_e8ecb979.jpg
2026-06-16 00:05:10 | INFO     | ss_crawler | [image_downloader] Downloaded image for ss_bc2b211e52f1 (stored as ss_bc2b211e52f1_cac398ae.jpg)
2026-06-16 00:05:10 | INFO     | ss_crawler | [console_scraper] Image saved locally: consoles\ss_bc2b211e52f1_cac398ae.jpg
2026-06-16 00:05:10 | INFO     | ss_crawler | [console_scraper] Fetching page 12: https://www.ss.com/lv/electronics/computers/game-consoles/page12.html
2026-06-16 00:05:10 | INFO     | ss_crawler | [crawler] Fetching : https://www.ss.com/lv/electronics/computers/game-consoles/page12.html
2026-06-16 00:05:13 | INFO     | ss_crawler | [crawler] Fetching : https://www.ss.com/msg/lv/electronics/computers/game-consoles/feojf.html
2026-06-16 00:05:15 | INFO     | ss_crawler | [crawler] Fetching : https://www.ss.com/msg/lv/electronics/computers/game-consoles/feojf.html
2026-06-16 00:05:17 | INFO     | ss_crawler | [crawler] Fetching : https://www.ss.com/msg/lv/electronics/computers/game-consoles/feojf.html
2026-06-16 00:05:20 | INFO     | ss_crawler | [crawler] Fetching : https://www.ss.com/msg/lv/electronics/computers/game-consoles/jhffm.html
2026-06-16 00:05:23 | INFO     | ss_crawler | [crawler] Fetching : https://www.ss.com/msg/lv/electronics/computers/game-consoles/bhofbb.html
2026-06-16 00:05:26 | INFO     | ss_crawler | [crawler] Fetching : https://www.ss.com/msg/lv/electronics/computers/game-consoles/bfcoxh.html
2026-06-16 00:05:27 | INFO     | ss_crawler | [crawler] Fetching : https://www.ss.com/msg/lv/electronics/computers/game-consoles/bhoiex.html
2026-06-16 00:05:30 | INFO     | ss_crawler | [crawler] Fetching : https://www.ss.com/msg/lv/electronics/computers/game-consoles/dcxnj.html
2026-06-16 00:05:32 | INFO     | ss_crawler | [crawler] Fetching : https://www.ss.com/msg/lv/electronics/computers/game-consoles/eppic.html
2026-06-16 00:05:33 | INFO     | ss_crawler | [crawler] Fetching : https://www.ss.com/msg/lv/electronics/computers/game-consoles/dmjek.html
2026-06-16 00:05:37 | INFO     | ss_crawler | [crawler] Fetching : https://www.ss.com/msg/lv/electronics/computers/game-consoles/gnhff.html
2026-06-16 00:05:39 | INFO     | ss_crawler | [crawler] Fetching : https://www.ss.com/msg/lv/electronics/computers/game-consoles/biecmc.html
2026-06-16 00:05:43 | INFO     | ss_crawler | [crawler] Fetching : https://www.ss.com/msg/lv/electronics/computers/game-consoles/hmnhj.html
2026-06-16 00:05:45 | INFO     | ss_crawler | [crawler] Fetching : https://www.ss.com/msg/lv/electronics/computers/game-consoles/bjflhc.html
2026-06-16 00:05:47 | INFO     | ss_crawler | [crawler] Fetching : https://www.ss.com/msg/lv/electronics/computers/game-consoles/bilmhe.html
2026-06-16 00:05:49 | INFO     | ss_crawler | [crawler] Fetching : https://www.ss.com/msg/lv/electronics/computers/game-consoles/fnpgd.html
2026-06-16 00:05:51 | INFO     | ss_crawler | [crawler] Fetching : https://www.ss.com/msg/lv/electronics/computers/game-consoles/glinh.html
2026-06-16 00:05:53 | INFO     | ss_crawler | [crawler] Fetching : https://www.ss.com/msg/lv/electronics/computers/game-consoles/iopnb.html
2026-06-16 00:05:55 | INFO     | ss_crawler | [crawler] Fetching : https://www.ss.com/msg/lv/electronics/computers/game-consoles/kemeb.html
2026-06-16 00:05:57 | INFO     | ss_crawler | [crawler] Fetching : https://www.ss.com/msg/lv/electronics/computers/game-consoles/djjih.html
2026-06-16 00:05:58 | INFO     | ss_crawler | [crawler] Fetching : https://www.ss.com/msg/lv/electronics/computers/game-consoles/donkl.html
2026-06-16 00:06:00 | INFO     | ss_crawler | [crawler] Fetching : https://www.ss.com/msg/lv/electronics/computers/game-consoles/kckke.html
2026-06-16 00:06:03 | INFO     | ss_crawler | [crawler] Fetching : https://www.ss.com/msg/lv/electronics/computers/game-consoles/bjhdih.html
2026-06-16 00:06:06 | INFO     | ss_crawler | [crawler] Fetching : https://www.ss.com/msg/lv/electronics/computers/game-consoles/iofxo.html
2026-06-16 00:06:08 | INFO     | ss_crawler | [console_scraper] Found 22 listings on page 12
2026-06-16 00:06:08 | INFO     | ss_crawler | [image_downloader] Downloaded image for ss_ca7cdf86dd2b (stored as ss_ca7cdf86dd2b_5b584bb7.jpg)
2026-06-16 00:06:08 | INFO     | ss_crawler | [console_scraper] Image saved locally: consoles\ss_ca7cdf86dd2b_5b584bb7.jpg
2026-06-16 00:06:08 | INFO     | ss_crawler | [image_downloader] Downloaded image for ss_d0892c399698 (stored as ss_d0892c399698_28e56666.jpg)
2026-06-16 00:06:08 | INFO     | ss_crawler | [console_scraper] Image saved locally: consoles\ss_d0892c399698_28e56666.jpg
2026-06-16 00:06:08 | INFO     | ss_crawler | [image_downloader] Downloaded image for ss_c77040b674e8 (stored as ss_c77040b674e8_db73a780.jpg)
2026-06-16 00:06:08 | INFO     | ss_crawler | [console_scraper] Image saved locally: consoles\ss_c77040b674e8_db73a780.jpg
2026-06-16 00:06:08 | INFO     | ss_crawler | [image_downloader] Downloaded image for ss_c61a0b192782 (stored as ss_c61a0b192782_a5215669.jpg)
2026-06-16 00:06:08 | INFO     | ss_crawler | [console_scraper] Image saved locally: consoles\ss_c61a0b192782_a5215669.jpg
2026-06-16 00:06:08 | INFO     | ss_crawler | [image_downloader] Downloaded image for ss_3fd10f0d8e1a (stored as ss_3fd10f0d8e1a_2fe46145.jpg)
2026-06-16 00:06:08 | INFO     | ss_crawler | [console_scraper] Image saved locally: consoles\ss_3fd10f0d8e1a_2fe46145.jpg
2026-06-16 00:06:08 | INFO     | ss_crawler | [image_downloader] Downloaded image for ss_dd850a978b6e (stored as ss_dd850a978b6e_3f06011d.jpg)
2026-06-16 00:06:08 | INFO     | ss_crawler | [console_scraper] Image saved locally: consoles\ss_dd850a978b6e_3f06011d.jpg
2026-06-16 00:06:08 | INFO     | ss_crawler | [image_downloader] Downloaded image for ss_18bc5f575fd9 (stored as ss_18bc5f575fd9_179b79bb.jpg)
2026-06-16 00:06:08 | INFO     | ss_crawler | [console_scraper] Image saved locally: consoles\ss_18bc5f575fd9_179b79bb.jpg
2026-06-16 00:06:09 | INFO     | ss_crawler | [image_downloader] Downloaded image for ss_7520408a6c96 (stored as ss_7520408a6c96_62bb6671.jpg)
2026-06-16 00:06:09 | INFO     | ss_crawler | [console_scraper] Image saved locally: consoles\ss_7520408a6c96_62bb6671.jpg
2026-06-16 00:06:09 | INFO     | ss_crawler | [image_downloader] Downloaded image for ss_5ba9e3df54bb (stored as ss_5ba9e3df54bb_8d72862d.jpg)
2026-06-16 00:06:09 | INFO     | ss_crawler | [console_scraper] Image saved locally: consoles\ss_5ba9e3df54bb_8d72862d.jpg
2026-06-16 00:06:09 | INFO     | ss_crawler | [image_downloader] Downloaded image for ss_dfcaee7a3b24 (stored as ss_dfcaee7a3b24_71d41c90.jpg)
2026-06-16 00:06:09 | INFO     | ss_crawler | [console_scraper] Image saved locally: consoles\ss_dfcaee7a3b24_71d41c90.jpg
2026-06-16 00:06:09 | INFO     | ss_crawler | [image_downloader] Downloaded image for ss_a17b66cb025e (stored as ss_a17b66cb025e_e7c0e834.jpg)
2026-06-16 00:06:09 | INFO     | ss_crawler | [console_scraper] Image saved locally: consoles\ss_a17b66cb025e_e7c0e834.jpg
2026-06-16 00:06:09 | INFO     | ss_crawler | [image_downloader] Downloaded image for ss_df6f51f6e98e (stored as ss_df6f51f6e98e_0ba50eec.jpg)
2026-06-16 00:06:09 | INFO     | ss_crawler | [console_scraper] Image saved locally: consoles\ss_df6f51f6e98e_0ba50eec.jpg
2026-06-16 00:06:09 | INFO     | ss_crawler | [image_downloader] Downloaded image for ss_45e61ad58681 (stored as ss_45e61ad58681_6e037cca.jpg)
2026-06-16 00:06:09 | INFO     | ss_crawler | [console_scraper] Image saved locally: consoles\ss_45e61ad58681_6e037cca.jpg
2026-06-16 00:06:09 | INFO     | ss_crawler | [image_downloader] Downloaded image for ss_c157e35a27b3 (stored as ss_c157e35a27b3_991bad2f.jpg)
2026-06-16 00:06:09 | INFO     | ss_crawler | [console_scraper] Image saved locally: consoles\ss_c157e35a27b3_991bad2f.jpg
2026-06-16 00:06:09 | INFO     | ss_crawler | [image_downloader] Downloaded image for ss_a8e57a599ab5 (stored as ss_a8e57a599ab5_663a6ccf.jpg)
2026-06-16 00:06:09 | INFO     | ss_crawler | [console_scraper] Image saved locally: consoles\ss_a8e57a599ab5_663a6ccf.jpg
2026-06-16 00:06:09 | INFO     | ss_crawler | [image_downloader] Downloaded image for ss_7499b5b61af7 (stored as ss_7499b5b61af7_d8c25b55.jpg)
2026-06-16 00:06:09 | INFO     | ss_crawler | [console_scraper] Image saved locally: consoles\ss_7499b5b61af7_d8c25b55.jpg
2026-06-16 00:06:09 | INFO     | ss_crawler | [image_downloader] Downloaded image for ss_878a0353c60e (stored as ss_878a0353c60e_29ba1ea2.jpg)
2026-06-16 00:06:09 | INFO     | ss_crawler | [console_scraper] Image saved locally: consoles\ss_878a0353c60e_29ba1ea2.jpg
2026-06-16 00:06:09 | INFO     | ss_crawler | [image_downloader] Downloaded image for ss_1af29c9793c5 (stored as ss_1af29c9793c5_cb163b70.jpg)
2026-06-16 00:06:09 | INFO     | ss_crawler | [console_scraper] Image saved locally: consoles\ss_1af29c9793c5_cb163b70.jpg
2026-06-16 00:06:09 | INFO     | ss_crawler | [image_downloader] Downloaded image for ss_6e90c2f1985b (stored as ss_6e90c2f1985b_8d61bbe6.jpg)
2026-06-16 00:06:09 | INFO     | ss_crawler | [console_scraper] Image saved locally: consoles\ss_6e90c2f1985b_8d61bbe6.jpg
2026-06-16 00:06:10 | INFO     | ss_crawler | [image_downloader] Downloaded image for ss_2dce870595f3 (stored as ss_2dce870595f3_4789f2d3.jpg)
2026-06-16 00:06:10 | INFO     | ss_crawler | [console_scraper] Image saved locally: consoles\ss_2dce870595f3_4789f2d3.jpg
2026-06-16 00:06:10 | INFO     | ss_crawler | [image_downloader] Downloaded image for ss_55eb79577f63 (stored as ss_55eb79577f63_7cd15d86.jpg)
2026-06-16 00:06:10 | INFO     | ss_crawler | [console_scraper] Image saved locally: consoles\ss_55eb79577f63_7cd15d86.jpg
2026-06-16 00:06:10 | INFO     | ss_crawler | [image_downloader] Downloaded image for ss_e211adb6d9ba (stored as ss_e211adb6d9ba_69ef9efb.jpg)
2026-06-16 00:06:10 | INFO     | ss_crawler | [console_scraper] Image saved locally: consoles\ss_e211adb6d9ba_69ef9efb.jpg
2026-06-16 00:06:10 | INFO     | ss_crawler | [console_scraper] Fetching page 13: https://www.ss.com/lv/electronics/computers/game-consoles/page13.html
2026-06-16 00:06:10 | INFO     | ss_crawler | [crawler] Fetching : https://www.ss.com/lv/electronics/computers/game-consoles/page13.html
2026-06-16 00:06:11 | INFO     | ss_crawler | [crawler] Fetching : https://www.ss.com/msg/lv/electronics/computers/game-consoles/dfbxo.html
2026-06-16 00:06:15 | INFO     | ss_crawler | [crawler] Fetching : https://www.ss.com/msg/lv/electronics/computers/game-consoles/dfbxo.html
2026-06-16 00:06:17 | INFO     | ss_crawler | [crawler] Fetching : https://www.ss.com/msg/lv/electronics/computers/game-consoles/dfbxo.html
2026-06-16 00:06:20 | INFO     | ss_crawler | [crawler] Fetching : https://www.ss.com/msg/lv/electronics/computers/game-consoles/ehchh.html
2026-06-16 00:06:22 | INFO     | ss_crawler | [crawler] Fetching : https://www.ss.com/msg/lv/electronics/computers/game-consoles/bfxngd.html
2026-06-16 00:06:24 | INFO     | ss_crawler | [crawler] Fetching : https://www.ss.com/msg/lv/electronics/computers/game-consoles/bjnmec.html
2026-06-16 00:06:26 | INFO     | ss_crawler | [crawler] Fetching : https://www.ss.com/msg/lv/electronics/computers/game-consoles/ephnk.html
2026-06-16 00:06:29 | INFO     | ss_crawler | [crawler] Fetching : https://www.ss.com/msg/lv/electronics/computers/game-consoles/hbpon.html
2026-06-16 00:06:32 | INFO     | ss_crawler | [crawler] Fetching : https://www.ss.com/msg/lv/electronics/computers/game-consoles/gkogi.html
2026-06-16 00:06:35 | INFO     | ss_crawler | [crawler] Fetching : https://www.ss.com/msg/lv/electronics/computers/game-consoles/jfdbi.html
2026-06-16 00:06:36 | INFO     | ss_crawler | [crawler] Fetching : https://www.ss.com/msg/lv/electronics/computers/game-consoles/fhdhd.html
2026-06-16 00:06:40 | INFO     | ss_crawler | [crawler] Fetching : https://www.ss.com/msg/lv/electronics/computers/game-consoles/mxppm.html
2026-06-16 00:06:42 | INFO     | ss_crawler | [crawler] Fetching : https://www.ss.com/msg/lv/electronics/computers/game-consoles/edhfg.html
2026-06-16 00:06:43 | INFO     | ss_crawler | [crawler] Fetching : https://www.ss.com/msg/lv/electronics/computers/game-consoles/lgdhm.html
2026-06-16 00:06:47 | INFO     | ss_crawler | [crawler] Fetching : https://www.ss.com/msg/lv/electronics/computers/game-consoles/fccbf.html
2026-06-16 00:06:50 | INFO     | ss_crawler | [crawler] Fetching : https://www.ss.com/msg/lv/electronics/computers/game-consoles/fhjop.html
2026-06-16 00:06:53 | INFO     | ss_crawler | [crawler] Fetching : https://www.ss.com/msg/lv/electronics/computers/game-consoles/bhjpei.html
2026-06-16 00:06:55 | INFO     | ss_crawler | [crawler] Fetching : https://www.ss.com/msg/lv/electronics/computers/game-consoles/edxkl.html
2026-06-16 00:06:57 | INFO     | ss_crawler | [crawler] Fetching : https://www.ss.com/msg/lv/electronics/computers/game-consoles/biplki.html
2026-06-16 00:07:00 | INFO     | ss_crawler | [crawler] Fetching : https://www.ss.com/msg/lv/electronics/computers/game-consoles/bkjpcn.html
2026-06-16 00:07:03 | INFO     | ss_crawler | [crawler] Fetching : https://www.ss.com/msg/lv/electronics/computers/game-consoles/hmlkd.html
2026-06-16 00:07:06 | INFO     | ss_crawler | [crawler] Fetching : https://www.ss.com/msg/lv/electronics/computers/game-consoles/kclkn.html
2026-06-16 00:07:08 | INFO     | ss_crawler | [crawler] Fetching : https://www.ss.com/msg/lv/electronics/computers/game-consoles/ddkem.html
2026-06-16 00:07:12 | INFO     | ss_crawler | [crawler] Fetching : https://www.ss.com/msg/lv/electronics/computers/game-consoles/bhofcc.html
2026-06-16 00:07:15 | INFO     | ss_crawler | [console_scraper] Found 22 listings on page 13
2026-06-16 00:07:15 | INFO     | ss_crawler | [image_downloader] Downloaded image for ss_db38612ddbbc (stored as ss_db38612ddbbc_a763caad.jpg)
2026-06-16 00:07:15 | INFO     | ss_crawler | [console_scraper] Image saved locally: consoles\ss_db38612ddbbc_a763caad.jpg
2026-06-16 00:07:15 | INFO     | ss_crawler | [image_downloader] Downloaded image for ss_4c3e6588f0c8 (stored as ss_4c3e6588f0c8_07a4cb3c.gif)
2026-06-16 00:07:15 | INFO     | ss_crawler | [console_scraper] Image saved locally: consoles\ss_4c3e6588f0c8_07a4cb3c.gif
2026-06-16 00:07:15 | INFO     | ss_crawler | [image_downloader] Downloaded image for ss_dbdd058cce83 (stored as ss_dbdd058cce83_bc656e1b.jpg)
2026-06-16 00:07:15 | INFO     | ss_crawler | [console_scraper] Image saved locally: consoles\ss_dbdd058cce83_bc656e1b.jpg
2026-06-16 00:07:15 | INFO     | ss_crawler | [image_downloader] Downloaded image for ss_81fa798fac0b (stored as ss_81fa798fac0b_78bc686f.jpg)
2026-06-16 00:07:15 | INFO     | ss_crawler | [console_scraper] Image saved locally: consoles\ss_81fa798fac0b_78bc686f.jpg
2026-06-16 00:07:15 | INFO     | ss_crawler | [image_downloader] Downloaded image for ss_abdeb213920a (stored as ss_abdeb213920a_643fd556.jpg)
2026-06-16 00:07:15 | INFO     | ss_crawler | [console_scraper] Image saved locally: consoles\ss_abdeb213920a_643fd556.jpg
2026-06-16 00:07:15 | INFO     | ss_crawler | [image_downloader] Downloaded image for ss_13eb47900255 (stored as ss_13eb47900255_2f7a3eb2.jpg)
2026-06-16 00:07:15 | INFO     | ss_crawler | [console_scraper] Image saved locally: consoles\ss_13eb47900255_2f7a3eb2.jpg
2026-06-16 00:07:15 | INFO     | ss_crawler | [image_downloader] Downloaded image for ss_0b670a87774e (stored as ss_0b670a87774e_9313db84.jpg)
2026-06-16 00:07:15 | INFO     | ss_crawler | [console_scraper] Image saved locally: consoles\ss_0b670a87774e_9313db84.jpg
2026-06-16 00:07:16 | INFO     | ss_crawler | [image_downloader] Downloaded image for ss_6adbfbd35fbb (stored as ss_6adbfbd35fbb_9c798ad3.jpg)
2026-06-16 00:07:16 | INFO     | ss_crawler | [console_scraper] Image saved locally: consoles\ss_6adbfbd35fbb_9c798ad3.jpg
2026-06-16 00:07:16 | INFO     | ss_crawler | [image_downloader] Downloaded image for ss_e235f44d8a1f (stored as ss_e235f44d8a1f_bc656e1b.jpg)
2026-06-16 00:07:16 | INFO     | ss_crawler | [console_scraper] Image saved locally: consoles\ss_e235f44d8a1f_bc656e1b.jpg
2026-06-16 00:07:16 | INFO     | ss_crawler | [image_downloader] Downloaded image for ss_5451a36a77b9 (stored as ss_5451a36a77b9_586c50f7.jpg)
2026-06-16 00:07:16 | INFO     | ss_crawler | [console_scraper] Image saved locally: consoles\ss_5451a36a77b9_586c50f7.jpg
2026-06-16 00:07:16 | INFO     | ss_crawler | [image_downloader] Downloaded image for ss_abe1357e1e51 (stored as ss_abe1357e1e51_07a4cb3c.gif)
2026-06-16 00:07:16 | INFO     | ss_crawler | [console_scraper] Image saved locally: consoles\ss_abe1357e1e51_07a4cb3c.gif
2026-06-16 00:07:16 | INFO     | ss_crawler | [image_downloader] Downloaded image for ss_f51aa9389980 (stored as ss_f51aa9389980_632fd2eb.jpg)
2026-06-16 00:07:16 | INFO     | ss_crawler | [console_scraper] Image saved locally: consoles\ss_f51aa9389980_632fd2eb.jpg
2026-06-16 00:07:16 | INFO     | ss_crawler | [image_downloader] Downloaded image for ss_f31f8830fbb3 (stored as ss_f31f8830fbb3_17e1ea26.jpg)
2026-06-16 00:07:16 | INFO     | ss_crawler | [console_scraper] Image saved locally: consoles\ss_f31f8830fbb3_17e1ea26.jpg
2026-06-16 00:07:16 | INFO     | ss_crawler | [image_downloader] Downloaded image for ss_416421b3d880 (stored as ss_416421b3d880_a8bf3f9f.jpg)
2026-06-16 00:07:16 | INFO     | ss_crawler | [console_scraper] Image saved locally: consoles\ss_416421b3d880_a8bf3f9f.jpg
2026-06-16 00:07:16 | INFO     | ss_crawler | [image_downloader] Downloaded image for ss_ea1f1ce265c4 (stored as ss_ea1f1ce265c4_4e53892c.jpg)
2026-06-16 00:07:16 | INFO     | ss_crawler | [console_scraper] Image saved locally: consoles\ss_ea1f1ce265c4_4e53892c.jpg
2026-06-16 00:07:16 | INFO     | ss_crawler | [image_downloader] Downloaded image for ss_5a29b81faeae (stored as ss_5a29b81faeae_07a4cb3c.gif)
2026-06-16 00:07:16 | INFO     | ss_crawler | [console_scraper] Image saved locally: consoles\ss_5a29b81faeae_07a4cb3c.gif
2026-06-16 00:07:16 | INFO     | ss_crawler | [image_downloader] Downloaded image for ss_4f8025ff5214 (stored as ss_4f8025ff5214_cbbfa37c.jpg)
2026-06-16 00:07:16 | INFO     | ss_crawler | [console_scraper] Image saved locally: consoles\ss_4f8025ff5214_cbbfa37c.jpg
2026-06-16 00:07:16 | INFO     | ss_crawler | [image_downloader] Downloaded image for ss_3eca2f7c1f8a (stored as ss_3eca2f7c1f8a_b7b65005.jpg)
2026-06-16 00:07:16 | INFO     | ss_crawler | [console_scraper] Image saved locally: consoles\ss_3eca2f7c1f8a_b7b65005.jpg
2026-06-16 00:07:16 | INFO     | ss_crawler | [image_downloader] Downloaded image for ss_72ed4724d695 (stored as ss_72ed4724d695_c364644d.jpg)
2026-06-16 00:07:16 | INFO     | ss_crawler | [console_scraper] Image saved locally: consoles\ss_72ed4724d695_c364644d.jpg
2026-06-16 00:07:17 | INFO     | ss_crawler | [image_downloader] Downloaded image for ss_3e802193fcf6 (stored as ss_3e802193fcf6_a7e3a821.jpg)
2026-06-16 00:07:17 | INFO     | ss_crawler | [console_scraper] Image saved locally: consoles\ss_3e802193fcf6_a7e3a821.jpg
2026-06-16 00:07:17 | INFO     | ss_crawler | [image_downloader] Downloaded image for ss_e43e38b4aa80 (stored as ss_e43e38b4aa80_e334b5d7.jpg)
2026-06-16 00:07:17 | INFO     | ss_crawler | [console_scraper] Image saved locally: consoles\ss_e43e38b4aa80_e334b5d7.jpg
2026-06-16 00:07:17 | INFO     | ss_crawler | [image_downloader] Downloaded image for ss_8805a09f4c15 (stored as ss_8805a09f4c15_47252d17.jpg)
2026-06-16 00:07:17 | INFO     | ss_crawler | [console_scraper] Image saved locally: consoles\ss_8805a09f4c15_47252d17.jpg
2026-06-16 00:07:17 | INFO     | ss_crawler | [console_scraper] Total listings scraped: 327
