2026-07-28 12:35:16 | INFO     | ss_crawler | [camera_scraper] Initializing Camera scraper...
2026-07-28 12:35:16 | INFO     | ss_crawler | [database] Database connected: localhost:5433/ss_market
2026-07-28 12:35:16 | INFO     | ss_crawler | [camera_scraper] Loaded 122 camera references
2026-07-28 12:35:16 | INFO     | ss_crawler | [camera_scraper] Starting camera category scrape: https://www.ss.com/lv/electronics/photo-optics/slr-cameras/
2026-07-28 12:35:16 | INFO     | ss_crawler | [camera_scraper] Fetching page 1: https://www.ss.com/lv/electronics/photo-optics/slr-cameras/
2026-07-28 12:35:16 | INFO     | ss_crawler | [crawler] Fetching : https://www.ss.com/lv/electronics/photo-optics/slr-cameras/
2026-07-28 12:35:19 | INFO     | ss_crawler | [camera_scraper] Found 32 listings on page 1
2026-07-28 12:35:19 | INFO     | ss_crawler | [crawler] Fetching : https://www.ss.com/msg/lv/electronics/photo-optics/slr-cameras/canon/bfiijp.html
2026-07-28 12:35:22 | INFO     | ss_crawler | [camera_matcher] Matched camera: Canon 5D Mark IV (score: 1.57)
2026-07-28 12:35:22 | INFO     | ss_crawler | [camera_scraper] Matched camera: Canon 5D Mark IV (100% confidence)
2026-07-28 12:35:22 | INFO     | ss_crawler | [camera_scraper] Matched [bfiijp]: Canon 5D Mark IV (100% confidence)
2026-07-28 12:35:22 | INFO     | ss_crawler | [crawler] Fetching : https://www.ss.com/msg/lv/electronics/photo-optics/slr-cameras/canon/bfiijp.html
2026-07-28 12:35:23 | INFO     | ss_crawler | [camera_matcher] Matched camera: Canon 5D Mark IV (score: 1.57)
2026-07-28 12:35:23 | INFO     | ss_crawler | [camera_scraper] Matched camera: Canon 5D Mark IV (100% confidence)
2026-07-28 12:35:23 | INFO     | ss_crawler | [camera_scraper] Matched [bfiijp]: Canon 5D Mark IV (100% confidence)
2026-07-28 12:35:23 | INFO     | ss_crawler | [crawler] Fetching : https://www.ss.com/msg/lv/electronics/photo-optics/slr-cameras/canon/bfiijp.html
2026-07-28 12:35:25 | INFO     | ss_crawler | [camera_matcher] Matched camera: Canon 5D Mark IV (score: 1.57)
2026-07-28 12:35:25 | INFO     | ss_crawler | [camera_scraper] Matched camera: Canon 5D Mark IV (100% confidence)
2026-07-28 12:35:25 | INFO     | ss_crawler | [camera_scraper] Matched [bfiijp]: Canon 5D Mark IV (100% confidence)
2026-07-28 12:35:25 | INFO     | ss_crawler | [crawler] Fetching : https://www.ss.com/msg/lv/electronics/photo-optics/slr-cameras/canon/bfghig.html
2026-07-28 12:35:28 | INFO     | ss_crawler | [camera_matcher] Matched camera: Canon 700D / T5i / X7i (score: 1.07)
2026-07-28 12:35:28 | INFO     | ss_crawler | [camera_scraper] Matched camera: Canon 700D / T5i / X7i (100% confidence)
2026-07-28 12:35:28 | INFO     | ss_crawler | [camera_scraper] Matched [bfghig]: Canon 700D / T5i / X7i (100% confidence)
2026-07-28 12:35:28 | INFO     | ss_crawler | [camera_scraper] Detected lenses in [bfghig]: 18-55mm F4-5.6 IS STM
2026-07-28 12:35:28 | INFO     | ss_crawler | [crawler] Fetching : https://www.ss.com/msg/lv/electronics/photo-optics/slr-cameras/pentax/bfmhbi.html
2026-07-28 12:35:31 | INFO     | ss_crawler | [camera_scraper] No camera match for [bfmhbi]
2026-07-28 12:35:31 | INFO     | ss_crawler | [crawler] Fetching : https://www.ss.com/msg/lv/electronics/photo-optics/slr-cameras/canon/bfgkno.html
2026-07-28 12:35:32 | INFO     | ss_crawler | [camera_matcher] Matched camera: Canon 5Ds / 5Ds R (score: 1.03)
2026-07-28 12:35:32 | INFO     | ss_crawler | [camera_scraper] Matched camera: Canon 5Ds / 5Ds R (100% confidence)
2026-07-28 12:35:32 | INFO     | ss_crawler | [camera_scraper] Matched [bfgkno]: Canon 5Ds / 5Ds R (100% confidence)
2026-07-28 12:35:32 | INFO     | ss_crawler | [camera_scraper] Detected lenses in [bfgkno]: 24-105mm F4L IS USM
2026-07-28 12:35:32 | INFO     | ss_crawler | [crawler] Fetching : https://www.ss.com/msg/lv/electronics/photo-optics/slr-cameras/canon/bfimkm.html
2026-07-28 12:35:34 | INFO     | ss_crawler | [camera_matcher] Matched camera: Canon 6D (score: 0.99)
2026-07-28 12:35:34 | INFO     | ss_crawler | [camera_scraper] Matched camera: Canon 6D (99% confidence)
2026-07-28 12:35:34 | INFO     | ss_crawler | [camera_scraper] Matched [bfimkm]: Canon 6D (99% confidence)
2026-07-28 12:35:34 | INFO     | ss_crawler | [crawler] Fetching : https://www.ss.com/msg/lv/electronics/photo-optics/slr-cameras/nikon/bfimlj.html
2026-07-28 12:35:36 | INFO     | ss_crawler | [camera_scraper] Filtered [bfimlj]: filtered_nikon
2026-07-28 12:35:36 | INFO     | ss_crawler | [crawler] Fetching : https://www.ss.com/msg/lv/electronics/photo-optics/slr-cameras/canon/bfekhe.html
2026-07-28 12:35:37 | INFO     | ss_crawler | [camera_matcher] Matched camera: Canon 5D Mark IV (score: 1.67)
2026-07-28 12:35:37 | INFO     | ss_crawler | [camera_scraper] Matched camera: Canon 5D Mark IV (100% confidence)
2026-07-28 12:35:37 | INFO     | ss_crawler | [camera_scraper] Matched [bfekhe]: Canon 5D Mark IV (100% confidence)
2026-07-28 12:35:37 | INFO     | ss_crawler | [crawler] Fetching : https://www.ss.com/msg/lv/electronics/photo-optics/slr-cameras/nikon/bfkoxb.html
2026-07-28 12:37:36 | INFO     | ss_crawler | [image_downloader] Downloaded image for abbkx (stored as abbkx_b8e6cd2e.jpg, 69246 bytes)
2026-07-28 12:38:13 | INFO     | ss_crawler | [image_downloader] Downloaded image for testplace (stored as testplace_b8e6cd2e.jpg, 69246 bytes)
2026-07-28 12:40:40 | INFO     | ss_crawler | [camera_scraper] Initializing Camera scraper...
2026-07-28 12:40:40 | INFO     | ss_crawler | [database] Database connected: localhost:5433/ss_market
2026-07-28 12:40:40 | INFO     | ss_crawler | [camera_scraper] Loaded 122 camera references
2026-07-28 12:40:40 | INFO     | ss_crawler | [camera_scraper] Starting camera category scrape: https://www.ss.com/lv/electronics/photo-optics/slr-cameras/
2026-07-28 12:40:40 | INFO     | ss_crawler | [camera_scraper] Fetching page 1: https://www.ss.com/lv/electronics/photo-optics/slr-cameras/
2026-07-28 12:40:40 | INFO     | ss_crawler | [crawler] Fetching : https://www.ss.com/lv/electronics/photo-optics/slr-cameras/
2026-07-28 12:40:42 | INFO     | ss_crawler | [camera_scraper] Found 32 listings on page 1
2026-07-28 12:40:42 | INFO     | ss_crawler | [crawler] Fetching : https://www.ss.com/msg/lv/electronics/photo-optics/slr-cameras/canon/bfiijp.html
2026-07-28 12:40:46 | INFO     | ss_crawler | [camera_matcher] Matched camera: Canon 5D Mark IV (score: 1.57)
2026-07-28 12:40:46 | INFO     | ss_crawler | [camera_scraper] Matched camera: Canon 5D Mark IV (100% confidence)
2026-07-28 12:40:46 | INFO     | ss_crawler | [camera_scraper] Matched [bfiijp]: Canon 5D Mark IV (100% confidence)
2026-07-28 12:40:46 | INFO     | ss_crawler | [crawler] Fetching : https://www.ss.com/msg/lv/electronics/photo-optics/slr-cameras/canon/bfiijp.html
2026-07-28 12:40:49 | INFO     | ss_crawler | [camera_matcher] Matched camera: Canon 5D Mark IV (score: 1.57)
2026-07-28 12:40:49 | INFO     | ss_crawler | [camera_scraper] Matched camera: Canon 5D Mark IV (100% confidence)
2026-07-28 12:40:49 | INFO     | ss_crawler | [camera_scraper] Matched [bfiijp]: Canon 5D Mark IV (100% confidence)
2026-07-28 12:40:49 | INFO     | ss_crawler | [crawler] Fetching : https://www.ss.com/msg/lv/electronics/photo-optics/slr-cameras/canon/bfiijp.html
2026-07-28 12:40:51 | INFO     | ss_crawler | [camera_matcher] Matched camera: Canon 5D Mark IV (score: 1.57)
2026-07-28 12:40:51 | INFO     | ss_crawler | [camera_scraper] Matched camera: Canon 5D Mark IV (100% confidence)
2026-07-28 12:40:51 | INFO     | ss_crawler | [camera_scraper] Matched [bfiijp]: Canon 5D Mark IV (100% confidence)
2026-07-28 12:40:51 | INFO     | ss_crawler | [crawler] Fetching : https://www.ss.com/msg/lv/electronics/photo-optics/slr-cameras/canon/bfghig.html
2026-07-28 12:40:53 | INFO     | ss_crawler | [camera_matcher] Matched camera: Canon 700D / T5i / X7i (score: 1.07)
2026-07-28 12:40:53 | INFO     | ss_crawler | [camera_scraper] Matched camera: Canon 700D / T5i / X7i (100% confidence)
2026-07-28 12:40:53 | INFO     | ss_crawler | [camera_scraper] Matched [bfghig]: Canon 700D / T5i / X7i (100% confidence)
2026-07-28 12:40:53 | INFO     | ss_crawler | [camera_scraper] Detected lenses in [bfghig]: 18-55mm F4-5.6 IS STM
2026-07-28 12:40:53 | INFO     | ss_crawler | [crawler] Fetching : https://www.ss.com/msg/lv/electronics/photo-optics/slr-cameras/pentax/bfmhbi.html
2026-07-28 12:40:55 | INFO     | ss_crawler | [camera_scraper] No camera match for [bfmhbi]
2026-07-28 12:40:55 | INFO     | ss_crawler | [crawler] Fetching : https://www.ss.com/msg/lv/electronics/photo-optics/slr-cameras/canon/bfgkno.html
2026-07-28 12:40:58 | INFO     | ss_crawler | [camera_matcher] Matched camera: Canon 5Ds / 5Ds R (score: 1.03)
2026-07-28 12:40:58 | INFO     | ss_crawler | [camera_scraper] Matched camera: Canon 5Ds / 5Ds R (100% confidence)
2026-07-28 12:40:58 | INFO     | ss_crawler | [camera_scraper] Matched [bfgkno]: Canon 5Ds / 5Ds R (100% confidence)
2026-07-28 12:40:58 | INFO     | ss_crawler | [camera_scraper] Detected lenses in [bfgkno]: 24-105mm F4L IS USM
2026-07-28 12:40:58 | INFO     | ss_crawler | [crawler] Fetching : https://www.ss.com/msg/lv/electronics/photo-optics/slr-cameras/canon/bfimkm.html
2026-07-28 12:41:01 | INFO     | ss_crawler | [camera_matcher] Matched camera: Canon 6D (score: 0.99)
2026-07-28 12:41:01 | INFO     | ss_crawler | [camera_scraper] Matched camera: Canon 6D (99% confidence)
2026-07-28 12:41:01 | INFO     | ss_crawler | [camera_scraper] Matched [bfimkm]: Canon 6D (99% confidence)
2026-07-28 12:41:01 | INFO     | ss_crawler | [crawler] Fetching : https://www.ss.com/msg/lv/electronics/photo-optics/slr-cameras/nikon/bfimlj.html
2026-07-28 12:41:04 | INFO     | ss_crawler | [camera_scraper] Filtered [bfimlj]: filtered_nikon
2026-07-28 12:41:04 | INFO     | ss_crawler | [crawler] Fetching : https://www.ss.com/msg/lv/electronics/photo-optics/slr-cameras/canon/bfekhe.html
2026-07-28 12:41:08 | INFO     | ss_crawler | [camera_matcher] Matched camera: Canon 5D Mark IV (score: 1.67)
2026-07-28 12:41:08 | INFO     | ss_crawler | [camera_scraper] Matched camera: Canon 5D Mark IV (100% confidence)
2026-07-28 12:41:08 | INFO     | ss_crawler | [camera_scraper] Matched [bfekhe]: Canon 5D Mark IV (100% confidence)
2026-07-28 12:41:08 | INFO     | ss_crawler | [crawler] Fetching : https://www.ss.com/msg/lv/electronics/photo-optics/slr-cameras/nikon/bfkoxb.html
2026-07-28 12:41:10 | INFO     | ss_crawler | [camera_scraper] Filtered [bfkoxb]: filtered_nikon
2026-07-28 12:41:10 | INFO     | ss_crawler | [crawler] Fetching : https://www.ss.com/msg/lv/electronics/photo-optics/slr-cameras/other/bfeden.html
2026-07-28 12:41:13 | INFO     | ss_crawler | [camera_scraper] No camera match for [bfeden]
2026-07-28 12:41:13 | INFO     | ss_crawler | [crawler] Fetching : https://www.ss.com/msg/lv/electronics/photo-optics/slr-cameras/nikon/bglxcf.html
2026-07-28 12:41:15 | INFO     | ss_crawler | [camera_scraper] Filtered [bglxcf]: filtered_nikon
2026-07-28 12:41:15 | INFO     | ss_crawler | [crawler] Fetching : https://www.ss.com/msg/lv/electronics/photo-optics/slr-cameras/nikon/bfjelb.html
2026-07-28 12:41:18 | INFO     | ss_crawler | [camera_scraper] Filtered [bfjelb]: filtered_nikon
2026-07-28 12:41:18 | INFO     | ss_crawler | [crawler] Fetching : https://www.ss.com/msg/lv/electronics/photo-optics/slr-cameras/nikon/bfimmi.html
2026-07-28 12:41:21 | INFO     | ss_crawler | [camera_scraper] Filtered [bfimmi]: filtered_nikon
2026-07-28 12:41:21 | INFO     | ss_crawler | [crawler] Fetching : https://www.ss.com/msg/lv/electronics/photo-optics/slr-cameras/nikon/bfjfgf.html
2026-07-28 12:41:24 | INFO     | ss_crawler | [camera_scraper] Filtered [bfjfgf]: filtered_nikon
2026-07-28 12:41:24 | INFO     | ss_crawler | [crawler] Fetching : https://www.ss.com/msg/lv/electronics/photo-optics/slr-cameras/canon/bfgjep.html
2026-07-28 12:41:27 | INFO     | ss_crawler | [camera_matcher] Matched camera: Canon 700D / T5i / X7i (score: 1.03)
2026-07-28 12:41:27 | INFO     | ss_crawler | [camera_scraper] Matched camera: Canon 700D / T5i / X7i (100% confidence)
2026-07-28 12:41:27 | INFO     | ss_crawler | [camera_scraper] Matched [bfgjep]: Canon 700D / T5i / X7i (100% confidence)
2026-07-28 12:41:27 | INFO     | ss_crawler | [camera_scraper] Detected lenses in [bfgjep]: 50mm F1.8 STM
2026-07-28 12:41:27 | INFO     | ss_crawler | [crawler] Fetching : https://www.ss.com/msg/lv/electronics/photo-optics/slr-cameras/canon/bfjmxe.html
2026-07-28 12:41:29 | INFO     | ss_crawler | [camera_matcher] Matched camera: Canon 1D Mark II / N (score: 0.73)
2026-07-28 12:41:29 | INFO     | ss_crawler | [camera_scraper] Matched camera: Canon 1D Mark II / N (73% confidence)
2026-07-28 12:41:29 | INFO     | ss_crawler | [camera_scraper] Matched [bfjmxe]: Canon 1D Mark II / N (73% confidence)
2026-07-28 12:41:29 | INFO     | ss_crawler | [crawler] Fetching : https://www.ss.com/msg/lv/electronics/photo-optics/slr-cameras/sony/bfgomm.html
2026-07-28 12:41:32 | INFO     | ss_crawler | [camera_matcher] Matched camera: Sony A1 (score: 0.56)
2026-07-28 12:41:32 | INFO     | ss_crawler | [camera_scraper] Matched camera: Sony A1 (56% confidence)
2026-07-28 12:41:32 | INFO     | ss_crawler | [camera_scraper] Matched [bfgomm]: Sony A1 (56% confidence)
2026-07-28 12:41:32 | INFO     | ss_crawler | [crawler] Fetching : https://www.ss.com/msg/lv/electronics/photo-optics/slr-cameras/canon/bfflpe.html
2026-07-28 12:41:35 | INFO     | ss_crawler | [camera_matcher] Matched camera: Canon 550D / T2i / X4 (score: 1.07)
2026-07-28 12:41:35 | INFO     | ss_crawler | [camera_scraper] Matched camera: Canon 550D / T2i / X4 (100% confidence)
2026-07-28 12:41:35 | INFO     | ss_crawler | [camera_scraper] Matched [bfflpe]: Canon 550D / T2i / X4 (100% confidence)
2026-07-28 12:41:35 | INFO     | ss_crawler | [crawler] Fetching : https://www.ss.com/msg/lv/electronics/photo-optics/slr-cameras/canon/bfofdh.html
2026-07-28 12:41:37 | INFO     | ss_crawler | [camera_matcher] Matched camera: Canon 1000D / XS / F (score: 1.03)
2026-07-28 12:41:37 | INFO     | ss_crawler | [camera_scraper] Matched camera: Canon 1000D / XS / F (100% confidence)
2026-07-28 12:41:37 | INFO     | ss_crawler | [camera_scraper] Matched [bfofdh]: Canon 1000D / XS / F (100% confidence)
2026-07-28 12:41:38 | INFO     | ss_crawler | [camera_scraper] Detected lenses in [bfofdh]: 50mm F1.8 STM, 105mm F2.8 EX DG OS HSM Macro, 135mm F2L USM
2026-07-28 12:41:38 | INFO     | ss_crawler | [crawler] Fetching : https://www.ss.com/msg/lv/electronics/photo-optics/slr-cameras/nikon/bfikjx.html
2026-07-28 12:41:41 | INFO     | ss_crawler | [camera_scraper] Filtered [bfikjx]: filtered_nikon
2026-07-28 12:41:41 | INFO     | ss_crawler | [crawler] Fetching : https://www.ss.com/msg/lv/electronics/photo-optics/slr-cameras/canon/bfifpe.html
2026-07-28 12:41:44 | INFO     | ss_crawler | [camera_scraper] Filtered [bfifpe]: filtered_jauns
2026-07-28 12:41:44 | INFO     | ss_crawler | [crawler] Fetching : https://www.ss.com/msg/lv/electronics/photo-optics/slr-cameras/canon/bfilmf.html
2026-07-28 12:41:46 | INFO     | ss_crawler | [camera_matcher] Matched camera: Canon 6D (score: 0.99)
2026-07-28 12:41:46 | INFO     | ss_crawler | [camera_scraper] Matched camera: Canon 6D (99% confidence)
2026-07-28 12:41:46 | INFO     | ss_crawler | [camera_scraper] Matched [bfilmf]: Canon 6D (99% confidence)
2026-07-28 12:41:46 | INFO     | ss_crawler | [crawler] Fetching : https://www.ss.com/msg/lv/electronics/photo-optics/slr-cameras/canon/bfdkhp.html
2026-07-28 12:41:48 | INFO     | ss_crawler | [camera_matcher] Matched camera: Canon 1D Mark II / N (score: 0.69)
2026-07-28 12:41:48 | INFO     | ss_crawler | [camera_scraper] Matched camera: Canon 1D Mark II / N (69% confidence)
2026-07-28 12:41:48 | INFO     | ss_crawler | [camera_scraper] Matched [bfdkhp]: Canon 1D Mark II / N (69% confidence)
2026-07-28 12:41:48 | INFO     | ss_crawler | [crawler] Fetching : https://www.ss.com/msg/lv/electronics/photo-optics/slr-cameras/canon/bfincg.html
2026-07-28 12:41:50 | INFO     | ss_crawler | [camera_matcher] Matched camera: Canon 1D Mark II / N (score: 0.73)
2026-07-28 12:41:50 | INFO     | ss_crawler | [camera_scraper] Matched camera: Canon 1D Mark II / N (73% confidence)
2026-07-28 12:41:50 | INFO     | ss_crawler | [camera_scraper] Matched [bfincg]: Canon 1D Mark II / N (73% confidence)
2026-07-28 12:41:50 | INFO     | ss_crawler | [crawler] Fetching : https://www.ss.com/msg/lv/electronics/photo-optics/slr-cameras/canon/bfhoxo.html
2026-07-28 12:41:53 | INFO     | ss_crawler | [camera_matcher] Matched camera: Canon R50 (score: 1.17)
2026-07-28 12:41:53 | INFO     | ss_crawler | [camera_scraper] Matched camera: Canon R50 (100% confidence)
2026-07-28 12:41:53 | INFO     | ss_crawler | [camera_scraper] Matched [bfhoxo]: Canon R50 (100% confidence)
2026-07-28 12:41:53 | INFO     | ss_crawler | [camera_scraper] Detected lenses in [bfhoxo]: 18-45mm f/4.5-6.3 IS STM
2026-07-28 12:41:53 | INFO     | ss_crawler | [crawler] Fetching : https://www.ss.com/msg/lv/electronics/photo-optics/slr-cameras/other/bfnejp.html
2026-07-28 12:41:55 | INFO     | ss_crawler | [camera_scraper] No camera match for [bfnejp]
2026-07-28 12:41:55 | INFO     | ss_crawler | [crawler] Fetching : https://www.ss.com/msg/lv/electronics/photo-optics/slr-cameras/canon/bfiigm.html
2026-07-28 12:41:58 | INFO     | ss_crawler | [camera_matcher] Matched camera: Canon 5Ds / 5Ds R (score: 1.07)
2026-07-28 12:41:58 | INFO     | ss_crawler | [camera_scraper] Matched camera: Canon 5Ds / 5Ds R (100% confidence)
2026-07-28 12:41:58 | INFO     | ss_crawler | [camera_scraper] Matched [bfiigm]: Canon 5Ds / 5Ds R (100% confidence)
2026-07-28 12:41:58 | INFO     | ss_crawler | [crawler] Fetching : https://www.ss.com/msg/lv/electronics/photo-optics/slr-cameras/canon/bfjbgk.html
2026-07-28 12:42:00 | INFO     | ss_crawler | [camera_matcher] Matched camera: Canon 5D (score: 1.22)
2026-07-28 12:42:00 | INFO     | ss_crawler | [camera_scraper] Matched camera: Canon 5D (100% confidence)
2026-07-28 12:42:00 | INFO     | ss_crawler | [camera_scraper] Matched [bfjbgk]: Canon 5D (100% confidence)
2026-07-28 12:42:00 | INFO     | ss_crawler | [camera_scraper] Detected lenses in [bfjbgk]: 24-105mm F4L IS USM
2026-07-28 12:42:00 | INFO     | ss_crawler | [crawler] Fetching : https://www.ss.com/msg/lv/electronics/photo-optics/slr-cameras/nikon/bfjejc.html
2026-07-28 12:42:03 | INFO     | ss_crawler | [camera_scraper] Filtered [bfjejc]: filtered_nikon
2026-07-28 12:42:03 | INFO     | ss_crawler | [crawler] Fetching : https://www.ss.com/msg/lv/electronics/photo-optics/slr-cameras/nikon/bfigmb.html
2026-07-28 12:42:06 | INFO     | ss_crawler | [camera_scraper] Filtered [bfigmb]: filtered_nikon
2026-07-28 12:42:06 | INFO     | ss_crawler | [crawler] Fetching : https://www.ss.com/msg/lv/electronics/photo-optics/slr-cameras/canon/bfdomf.html
2026-07-28 12:42:10 | INFO     | ss_crawler | [camera_matcher] Matched camera: Canon 600D / T3i / X5 (score: 1.21)
2026-07-28 12:42:10 | INFO     | ss_crawler | [camera_scraper] Matched camera: Canon 600D / T3i / X5 (100% confidence)
2026-07-28 12:42:10 | INFO     | ss_crawler | [camera_scraper] Matched [bfdomf]: Canon 600D / T3i / X5 (100% confidence)
2026-07-28 12:42:10 | INFO     | ss_crawler | [camera_scraper] Fetching page 2: https://www.ss.com/lv/electronics/photo-optics/slr-cameras/page2.html
2026-07-28 12:42:10 | INFO     | ss_crawler | [crawler] Fetching : https://www.ss.com/lv/electronics/photo-optics/slr-cameras/page2.html
2026-07-28 12:42:12 | INFO     | ss_crawler | [camera_scraper] Found 32 listings on page 2
2026-07-28 12:42:12 | INFO     | ss_crawler | [crawler] Fetching : https://www.ss.com/msg/lv/electronics/photo-optics/slr-cameras/canon/bfehol.html
2026-07-28 12:42:16 | INFO     | ss_crawler | [camera_matcher] Matched camera: Canon 800D/77D / Rebel T7i / Kiss X9i (score: 1.03)
2026-07-28 12:42:16 | INFO     | ss_crawler | [camera_scraper] Matched camera: Canon 800D/77D / Rebel T7i / Kiss X9i (100% confidence)
2026-07-28 12:42:16 | INFO     | ss_crawler | [camera_scraper] Matched [bfehol]: Canon 800D/77D / Rebel T7i / Kiss X9i (100% confidence)
2026-07-28 12:42:16 | INFO     | ss_crawler | [crawler] Fetching : https://www.ss.com/msg/lv/electronics/photo-optics/slr-cameras/canon/bfehol.html
2026-07-28 12:42:18 | INFO     | ss_crawler | [camera_matcher] Matched camera: Canon 800D/77D / Rebel T7i / Kiss X9i (score: 1.03)
2026-07-28 12:42:18 | INFO     | ss_crawler | [camera_scraper] Matched camera: Canon 800D/77D / Rebel T7i / Kiss X9i (100% confidence)
2026-07-28 12:42:18 | INFO     | ss_crawler | [camera_scraper] Matched [bfehol]: Canon 800D/77D / Rebel T7i / Kiss X9i (100% confidence)
2026-07-28 12:42:18 | INFO     | ss_crawler | [crawler] Fetching : https://www.ss.com/msg/lv/electronics/photo-optics/slr-cameras/canon/bfehol.html
2026-07-28 12:42:20 | INFO     | ss_crawler | [camera_matcher] Matched camera: Canon 800D/77D / Rebel T7i / Kiss X9i (score: 1.03)
2026-07-28 12:42:20 | INFO     | ss_crawler | [camera_scraper] Matched camera: Canon 800D/77D / Rebel T7i / Kiss X9i (100% confidence)
2026-07-28 12:42:20 | INFO     | ss_crawler | [camera_scraper] Matched [bfehol]: Canon 800D/77D / Rebel T7i / Kiss X9i (100% confidence)
2026-07-28 12:42:20 | INFO     | ss_crawler | [crawler] Fetching : https://www.ss.com/msg/lv/electronics/photo-optics/slr-cameras/canon/bfddge.html
2026-07-28 12:42:23 | INFO     | ss_crawler | [camera_scraper] Filtered [bfddge]: filtered_jauns
2026-07-28 12:42:23 | INFO     | ss_crawler | [crawler] Fetching : https://www.ss.com/msg/lv/electronics/photo-optics/slr-cameras/canon/bfggfg.html
2026-07-28 12:42:26 | INFO     | ss_crawler | [camera_scraper] Filtered [bfggfg]: filtered_new_warranty
2026-07-28 12:42:26 | INFO     | ss_crawler | [crawler] Fetching : https://www.ss.com/msg/lv/electronics/photo-optics/slr-cameras/canon/bffgmj.html
2026-07-28 12:42:28 | INFO     | ss_crawler | [camera_scraper] Filtered [bffgmj]: filtered_new_warranty
2026-07-28 12:42:28 | INFO     | ss_crawler | [crawler] Fetching : https://www.ss.com/msg/lv/electronics/photo-optics/slr-cameras/canon/bfhlxh.html
2026-07-28 12:42:31 | INFO     | ss_crawler | [camera_scraper] Filtered [bfhlxh]: filtered_new_warranty
2026-07-28 12:42:31 | INFO     | ss_crawler | [crawler] Fetching : https://www.ss.com/msg/lv/electronics/photo-optics/slr-cameras/canon/bfhoxn.html
2026-07-28 12:42:33 | INFO     | ss_crawler | [camera_scraper] Filtered [bfhoxn]: filtered_new_warranty
2026-07-28 12:42:33 | INFO     | ss_crawler | [crawler] Fetching : https://www.ss.com/msg/lv/electronics/photo-optics/slr-cameras/canon/bfhdpf.html
2026-07-28 12:42:36 | INFO     | ss_crawler | [camera_scraper] Filtered [bfhdpf]: filtered_new_warranty
2026-07-28 12:42:36 | INFO     | ss_crawler | [crawler] Fetching : https://www.ss.com/msg/lv/electronics/photo-optics/slr-cameras/canon/bgmmbk.html
2026-07-28 12:42:38 | INFO     | ss_crawler | [camera_scraper] Filtered [bgmmbk]: filtered_new_warranty
2026-07-28 12:42:38 | INFO     | ss_crawler | [crawler] Fetching : https://www.ss.com/msg/lv/electronics/photo-optics/slr-cameras/canon/bfkkkp.html
2026-07-28 12:42:40 | INFO     | ss_crawler | [camera_scraper] Filtered [bfkkkp]: filtered_new_warranty
2026-07-28 12:42:40 | INFO     | ss_crawler | [crawler] Fetching : https://www.ss.com/msg/lv/electronics/photo-optics/slr-cameras/sony/bfmipn.html
2026-07-28 12:42:42 | INFO     | ss_crawler | [camera_matcher] Matched camera: Sony A1 (score: 0.56)
2026-07-28 12:42:42 | INFO     | ss_crawler | [camera_scraper] Matched camera: Sony A1 (56% confidence)
2026-07-28 12:42:42 | INFO     | ss_crawler | [camera_scraper] Matched [bfmipn]: Sony A1 (56% confidence)
2026-07-28 12:42:42 | INFO     | ss_crawler | [crawler] Fetching : https://www.ss.com/msg/lv/electronics/photo-optics/slr-cameras/nikon/bffmoo.html
2026-07-28 12:42:45 | INFO     | ss_crawler | [camera_scraper] Filtered [bffmoo]: filtered_nikon
2026-07-28 12:42:45 | INFO     | ss_crawler | [crawler] Fetching : https://www.ss.com/msg/lv/electronics/photo-optics/slr-cameras/nikon/bfgdxk.html
2026-07-28 12:42:47 | INFO     | ss_crawler | [camera_scraper] Filtered [bfgdxk]: filtered_nikon
2026-07-28 12:42:47 | INFO     | ss_crawler | [crawler] Fetching : https://www.ss.com/msg/lv/electronics/photo-optics/slr-cameras/canon/bflmpl.html
2026-07-28 12:42:49 | INFO     | ss_crawler | [camera_scraper] Filtered [bflmpl]: filtered_new_warranty
2026-07-28 12:42:49 | INFO     | ss_crawler | [crawler] Fetching : https://www.ss.com/msg/lv/electronics/photo-optics/slr-cameras/nikon/bfgmjg.html
2026-07-28 12:42:52 | INFO     | ss_crawler | [camera_scraper] Filtered [bfgmjg]: filtered_nikon
2026-07-28 12:42:52 | INFO     | ss_crawler | [crawler] Fetching : https://www.ss.com/msg/lv/electronics/photo-optics/slr-cameras/nikon/bfiddl.html
2026-07-28 12:42:54 | INFO     | ss_crawler | [camera_scraper] Filtered [bfiddl]: filtered_nikon
2026-07-28 12:42:54 | INFO     | ss_crawler | [crawler] Fetching : https://www.ss.com/msg/lv/electronics/photo-optics/slr-cameras/canon/bfekod.html
2026-07-28 12:42:55 | INFO     | ss_crawler | [camera_scraper] Filtered [bfekod]: filtered_new_warranty
2026-07-28 12:42:55 | INFO     | ss_crawler | [crawler] Fetching : https://www.ss.com/msg/lv/electronics/photo-optics/slr-cameras/sony/bfidog.html
2026-07-28 12:42:58 | INFO     | ss_crawler | [camera_scraper] Filtered [bfidog]: filtered_new_warranty
2026-07-28 12:42:58 | INFO     | ss_crawler | [crawler] Fetching : https://www.ss.com/msg/lv/electronics/photo-optics/slr-cameras/sony/bfggog.html
2026-07-28 12:43:00 | INFO     | ss_crawler | [camera_scraper] Filtered [bfggog]: filtered_new_warranty
2026-07-28 12:43:00 | INFO     | ss_crawler | [crawler] Fetching : https://www.ss.com/msg/lv/electronics/photo-optics/slr-cameras/sony/bfjioe.html
2026-07-28 12:43:03 | INFO     | ss_crawler | [camera_matcher] Matched camera: Sony A7R V (score: 1.07)
2026-07-28 12:43:03 | INFO     | ss_crawler | [camera_scraper] Matched camera: Sony A7R V (100% confidence)
2026-07-28 12:43:03 | INFO     | ss_crawler | [camera_scraper] Matched [bfjioe]: Sony A7R V (100% confidence)
2026-07-28 12:43:03 | INFO     | ss_crawler | [crawler] Fetching : https://www.ss.com/msg/lv/electronics/photo-optics/slr-cameras/sony/bfmjlo.html
2026-07-28 12:43:06 | INFO     | ss_crawler | [camera_matcher] Matched camera: Sony A7 IV (score: 1.07)
2026-07-28 12:43:06 | INFO     | ss_crawler | [camera_scraper] Matched camera: Sony A7 IV (100% confidence)
2026-07-28 12:43:06 | INFO     | ss_crawler | [camera_scraper] Matched [bfmjlo]: Sony A7 IV (100% confidence)
2026-07-28 12:43:06 | INFO     | ss_crawler | [crawler] Fetching : https://www.ss.com/msg/lv/electronics/photo-optics/slr-cameras/canon/bfjfxg.html
2026-07-28 12:43:09 | INFO     | ss_crawler | [camera_matcher] Matched camera: Canon 400D / Xti / Digital X (score: 1.07)
2026-07-28 12:43:09 | INFO     | ss_crawler | [camera_scraper] Matched camera: Canon 400D / Xti / Digital X (100% confidence)
2026-07-28 12:43:09 | INFO     | ss_crawler | [camera_scraper] Matched [bfjfxg]: Canon 400D / Xti / Digital X (100% confidence)
2026-07-28 12:43:09 | INFO     | ss_crawler | [crawler] Fetching : https://www.ss.com/msg/lv/electronics/photo-optics/slr-cameras/nikon/bfgiec.html
2026-07-28 12:43:11 | INFO     | ss_crawler | [camera_scraper] Filtered [bfgiec]: filtered_nikon
2026-07-28 12:43:11 | INFO     | ss_crawler | [crawler] Fetching : https://www.ss.com/msg/lv/electronics/photo-optics/slr-cameras/canon/bfijfo.html
2026-07-28 12:43:14 | INFO     | ss_crawler | [camera_matcher] Matched camera: Canon 40D (score: 1.03)
2026-07-28 12:43:14 | INFO     | ss_crawler | [camera_scraper] Matched camera: Canon 40D (100% confidence)
2026-07-28 12:43:14 | INFO     | ss_crawler | [camera_scraper] Matched [bfijfo]: Canon 40D (100% confidence)
2026-07-28 12:43:14 | INFO     | ss_crawler | [crawler] Fetching : https://www.ss.com/msg/lv/electronics/photo-optics/slr-cameras/pentax/bfjocx.html
2026-07-28 12:43:17 | INFO     | ss_crawler | [camera_scraper] No camera match for [bfjocx]
2026-07-28 12:43:17 | INFO     | ss_crawler | [crawler] Fetching : https://www.ss.com/msg/lv/electronics/photo-optics/slr-cameras/canon/bfdolo.html
2026-07-28 12:43:19 | INFO     | ss_crawler | [camera_matcher] Matched camera: Canon 5D Mark III (score: 1.24)
2026-07-28 12:43:19 | INFO     | ss_crawler | [camera_scraper] Matched camera: Canon 5D Mark III (100% confidence)
2026-07-28 12:43:19 | INFO     | ss_crawler | [camera_scraper] Matched [bfdolo]: Canon 5D Mark III (100% confidence)
2026-07-28 12:43:20 | INFO     | ss_crawler | [crawler] Fetching : https://www.ss.com/msg/lv/electronics/photo-optics/slr-cameras/canon/bfgpkd.html
2026-07-28 12:43:23 | INFO     | ss_crawler | [camera_matcher] Matched camera: Canon 1300D / T6 / X80 (score: 1.07)
2026-07-28 12:43:23 | INFO     | ss_crawler | [camera_scraper] Matched camera: Canon 1300D / T6 / X80 (100% confidence)
2026-07-28 12:43:23 | INFO     | ss_crawler | [camera_scraper] Matched [bfgpkd]: Canon 1300D / T6 / X80 (100% confidence)
2026-07-28 12:43:23 | INFO     | ss_crawler | [crawler] Fetching : https://www.ss.com/msg/lv/electronics/photo-optics/slr-cameras/canon/bfhkjb.html
2026-07-28 12:43:25 | INFO     | ss_crawler | [camera_matcher] Matched camera: Canon 1D Mark II / N (score: 1.29)
2026-07-28 12:43:25 | INFO     | ss_crawler | [camera_scraper] Matched camera: Canon 1D Mark II / N (100% confidence)
2026-07-28 12:43:25 | INFO     | ss_crawler | [camera_scraper] Matched [bfhkjb]: Canon 1D Mark II / N (100% confidence)
2026-07-28 12:43:25 | INFO     | ss_crawler | [crawler] Fetching : https://www.ss.com/msg/lv/electronics/photo-optics/slr-cameras/sony/bfhikb.html
2026-07-28 12:43:28 | INFO     | ss_crawler | [camera_matcher] Matched camera: Sony A1 (score: 0.60)
2026-07-28 12:43:28 | INFO     | ss_crawler | [camera_scraper] Matched camera: Sony A1 (60% confidence)
2026-07-28 12:43:28 | INFO     | ss_crawler | [camera_scraper] Matched [bfhikb]: Sony A1 (60% confidence)
2026-07-28 12:43:28 | INFO     | ss_crawler | [crawler] Fetching : https://www.ss.com/msg/lv/electronics/photo-optics/slr-cameras/canon/bfjxgh.html
2026-07-28 12:43:31 | INFO     | ss_crawler | [camera_matcher] Matched camera: Canon 450D / XSi / X2 (score: 1.07)
2026-07-28 12:43:31 | INFO     | ss_crawler | [camera_scraper] Matched camera: Canon 450D / XSi / X2 (100% confidence)
2026-07-28 12:43:31 | INFO     | ss_crawler | [camera_scraper] Matched [bfjxgh]: Canon 450D / XSi / X2 (100% confidence)
2026-07-28 12:43:31 | INFO     | ss_crawler | [camera_scraper] Detected lenses in [bfjxgh]: 18-55mm F4-5.6 IS STM
2026-07-28 12:43:31 | INFO     | ss_crawler | [crawler] Fetching : https://www.ss.com/msg/lv/electronics/photo-optics/slr-cameras/nikon/bgnngx.html
2026-07-28 12:43:33 | INFO     | ss_crawler | [camera_scraper] Filtered [bgnngx]: filtered_nikon
2026-07-28 12:43:33 | INFO     | ss_crawler | [camera_scraper] Fetching page 3: https://www.ss.com/lv/electronics/photo-optics/slr-cameras/page3.html
2026-07-28 12:43:33 | INFO     | ss_crawler | [crawler] Fetching : https://www.ss.com/lv/electronics/photo-optics/slr-cameras/page3.html
2026-07-28 12:43:35 | INFO     | ss_crawler | [camera_scraper] Found 32 listings on page 3
2026-07-28 12:43:35 | INFO     | ss_crawler | [crawler] Fetching : https://www.ss.com/msg/lv/electronics/photo-optics/slr-cameras/nikon/bgmoif.html
2026-07-28 12:43:37 | INFO     | ss_crawler | [camera_scraper] Filtered [bgmoif]: filtered_nikon
2026-07-28 12:43:37 | INFO     | ss_crawler | [crawler] Fetching : https://www.ss.com/msg/lv/electronics/photo-optics/slr-cameras/nikon/bgmoif.html
2026-07-28 12:43:40 | INFO     | ss_crawler | [camera_scraper] Filtered [bgmoif]: filtered_nikon
2026-07-28 12:43:40 | INFO     | ss_crawler | [crawler] Fetching : https://www.ss.com/msg/lv/electronics/photo-optics/slr-cameras/nikon/bgmoif.html
2026-07-28 12:43:43 | INFO     | ss_crawler | [camera_scraper] Filtered [bgmoif]: filtered_nikon
2026-07-28 12:43:43 | INFO     | ss_crawler | [crawler] Fetching : https://www.ss.com/msg/lv/electronics/photo-optics/slr-cameras/nikon/bgjiij.html
2026-07-28 12:43:46 | INFO     | ss_crawler | [camera_scraper] Filtered [bgjiij]: filtered_nikon
2026-07-28 12:43:46 | INFO     | ss_crawler | [crawler] Fetching : https://www.ss.com/msg/lv/electronics/photo-optics/slr-cameras/nikon/bfjpfe.html
2026-07-28 12:43:50 | INFO     | ss_crawler | [camera_scraper] Filtered [bfjpfe]: filtered_nikon
2026-07-28 12:43:50 | INFO     | ss_crawler | [crawler] Fetching : https://www.ss.com/msg/lv/electronics/photo-optics/slr-cameras/canon/bfgjbm.html
2026-07-28 12:43:51 | INFO     | ss_crawler | [camera_matcher] Matched camera: Canon 4000D / T100 / 3000D (score: 1.07)
2026-07-28 12:43:51 | INFO     | ss_crawler | [camera_scraper] Matched camera: Canon 4000D / T100 / 3000D (100% confidence)
2026-07-28 12:43:51 | INFO     | ss_crawler | [camera_scraper] Matched [bfgjbm]: Canon 4000D / T100 / 3000D (100% confidence)
2026-07-28 12:43:51 | INFO     | ss_crawler | [crawler] Fetching : https://www.ss.com/msg/lv/electronics/photo-optics/slr-cameras/canon/bflppi.html
2026-07-28 12:43:54 | INFO     | ss_crawler | [camera_scraper] Filtered [bflppi]: filtered_new_warranty
2026-07-28 12:43:54 | INFO     | ss_crawler | [crawler] Fetching : https://www.ss.com/msg/lv/electronics/photo-optics/slr-cameras/nikon/bgjkmp.html
2026-07-28 12:43:57 | INFO     | ss_crawler | [camera_scraper] Filtered [bgjkmp]: filtered_nikon
2026-07-28 12:43:57 | INFO     | ss_crawler | [crawler] Fetching : https://www.ss.com/msg/lv/electronics/photo-optics/slr-cameras/nikon/bgkkhb.html
2026-07-28 12:44:00 | INFO     | ss_crawler | [camera_scraper] Filtered [bgkkhb]: filtered_nikon
2026-07-28 12:44:00 | INFO     | ss_crawler | [crawler] Fetching : https://www.ss.com/msg/lv/electronics/photo-optics/slr-cameras/nikon/bfmdnb.html
2026-07-28 12:44:02 | INFO     | ss_crawler | [camera_scraper] Filtered [bfmdnb]: filtered_nikon
2026-07-28 12:44:02 | INFO     | ss_crawler | [crawler] Fetching : https://www.ss.com/msg/lv/electronics/photo-optics/slr-cameras/nikon/bfixnj.html
2026-07-28 12:44:04 | INFO     | ss_crawler | [camera_scraper] Filtered [bfixnj]: filtered_nikon
2026-07-28 12:44:04 | INFO     | ss_crawler | [crawler] Fetching : https://www.ss.com/msg/lv/electronics/photo-optics/slr-cameras/fujifilm/bfhlbl.html
2026-07-28 12:44:06 | INFO     | ss_crawler | [camera_scraper] Filtered [bfhlbl]: filtered_new_warranty
2026-07-28 12:44:06 | INFO     | ss_crawler | [crawler] Fetching : https://www.ss.com/msg/lv/electronics/photo-optics/slr-cameras/canon/bfhcif.html
2026-07-28 12:44:07 | INFO     | ss_crawler | [camera_matcher] Matched camera: Canon 5Ds / 5Ds R (score: 1.03)
2026-07-28 12:44:07 | INFO     | ss_crawler | [camera_scraper] Matched camera: Canon 5Ds / 5Ds R (100% confidence)
2026-07-28 12:44:07 | INFO     | ss_crawler | [camera_scraper] Matched [bfhcif]: Canon 5Ds / 5Ds R (100% confidence)
2026-07-28 12:44:07 | INFO     | ss_crawler | [crawler] Fetching : https://www.ss.com/msg/lv/electronics/photo-optics/slr-cameras/canon/bffimj.html
2026-07-28 12:44:09 | INFO     | ss_crawler | [camera_matcher] Matched camera: Canon 500D / T1i / X3 (score: 1.03)
2026-07-28 12:44:09 | INFO     | ss_crawler | [camera_scraper] Matched camera: Canon 500D / T1i / X3 (100% confidence)
2026-07-28 12:44:09 | INFO     | ss_crawler | [camera_scraper] Matched [bffimj]: Canon 500D / T1i / X3 (100% confidence)
2026-07-28 12:44:09 | INFO     | ss_crawler | [crawler] Fetching : https://www.ss.com/msg/lv/electronics/photo-optics/slr-cameras/nikon/bfnpfc.html
2026-07-28 12:44:12 | INFO     | ss_crawler | [camera_scraper] Filtered [bfnpfc]: filtered_nikon
2026-07-28 12:44:12 | INFO     | ss_crawler | [crawler] Fetching : https://www.ss.com/msg/lv/electronics/photo-optics/slr-cameras/nikon/bfledh.html
2026-07-28 12:44:16 | INFO     | ss_crawler | [parser] Skipping store listing by description: Nikon
2026-07-28 12:44:16 | WARNING  | ss_crawler | [camera_scraper] Failed to parse listing bfledh
2026-07-28 12:44:16 | INFO     | ss_crawler | [crawler] Fetching : https://www.ss.com/msg/lv/electronics/photo-optics/slr-cameras/pentax/bgxijh.html
2026-07-28 12:44:17 | INFO     | ss_crawler | [camera_scraper] No camera match for [bgxijh]
2026-07-28 12:44:17 | INFO     | ss_crawler | [crawler] Fetching : https://www.ss.com/msg/lv/electronics/photo-optics/slr-cameras/canon/bfebgj.html
2026-07-28 12:44:20 | INFO     | ss_crawler | [camera_matcher] Matched camera: Canon 1200D / T5 / X70 (score: 1.07)
2026-07-28 12:44:20 | INFO     | ss_crawler | [camera_scraper] Matched camera: Canon 1200D / T5 / X70 (100% confidence)
2026-07-28 12:44:20 | INFO     | ss_crawler | [camera_scraper] Matched [bfebgj]: Canon 1200D / T5 / X70 (100% confidence)
2026-07-28 12:44:20 | INFO     | ss_crawler | [camera_scraper] Detected lenses in [bfebgj]: 18-55mm F3.5-5.6 IS II
2026-07-28 12:44:20 | INFO     | ss_crawler | [crawler] Fetching : https://www.ss.com/msg/lv/electronics/photo-optics/slr-cameras/canon/bficid.html
2026-07-28 12:44:24 | INFO     | ss_crawler | [camera_matcher] Matched camera: Canon 1D Mark II / N (score: 0.73)
2026-07-28 12:44:24 | INFO     | ss_crawler | [camera_scraper] Matched camera: Canon 1D Mark II / N (73% confidence)
2026-07-28 12:44:24 | INFO     | ss_crawler | [camera_scraper] Matched [bficid]: Canon 1D Mark II / N (73% confidence)
2026-07-28 12:44:24 | INFO     | ss_crawler | [crawler] Fetching : https://www.ss.com/msg/lv/electronics/photo-optics/slr-cameras/panasonic/bhedgl.html
2026-07-28 12:44:27 | INFO     | ss_crawler | [camera_scraper] No camera match for [bhedgl]
2026-07-28 12:44:27 | INFO     | ss_crawler | [crawler] Fetching : https://www.ss.com/msg/lv/electronics/photo-optics/slr-cameras/canon/bfgojj.html
2026-07-28 12:44:29 | INFO     | ss_crawler | [camera_matcher] Matched camera: Canon 1D X Mark II (score: 1.28)
2026-07-28 12:44:29 | INFO     | ss_crawler | [camera_scraper] Matched camera: Canon 1D X Mark II (100% confidence)
2026-07-28 12:44:29 | INFO     | ss_crawler | [camera_scraper] Matched [bfgojj]: Canon 1D X Mark II (100% confidence)
2026-07-28 12:44:29 | INFO     | ss_crawler | [crawler] Fetching : https://www.ss.com/msg/lv/electronics/photo-optics/slr-cameras/sony/bfgdce.html
2026-07-28 12:44:31 | INFO     | ss_crawler | [camera_matcher] Matched camera: Sony A7R II (score: 1.11)
2026-07-28 12:44:31 | INFO     | ss_crawler | [camera_scraper] Matched camera: Sony A7R II (100% confidence)
2026-07-28 12:44:31 | INFO     | ss_crawler | [camera_scraper] Matched [bfgdce]: Sony A7R II (100% confidence)
2026-07-28 12:44:31 | INFO     | ss_crawler | [camera_scraper] Detected lenses in [bfgdce]: Sony FE 24-105mm F4 G OSS
2026-07-28 12:44:31 | INFO     | ss_crawler | [crawler] Fetching : https://www.ss.com/msg/lv/electronics/photo-optics/slr-cameras/canon/bfhxjl.html
2026-07-28 12:44:34 | INFO     | ss_crawler | [camera_matcher] Matched camera: Canon 60D (score: 1.03)
2026-07-28 12:44:34 | INFO     | ss_crawler | [camera_scraper] Matched camera: Canon 60D (100% confidence)
2026-07-28 12:44:34 | INFO     | ss_crawler | [camera_scraper] Matched [bfhxjl]: Canon 60D (100% confidence)
2026-07-28 12:44:34 | INFO     | ss_crawler | [crawler] Fetching : https://www.ss.com/msg/lv/electronics/photo-optics/slr-cameras/canon/bfmenk.html
2026-07-28 12:44:37 | INFO     | ss_crawler | [camera_matcher] Matched camera: Canon 80D (score: 1.03)
2026-07-28 12:44:37 | INFO     | ss_crawler | [camera_scraper] Matched camera: Canon 80D (100% confidence)
2026-07-28 12:44:37 | INFO     | ss_crawler | [camera_scraper] Matched [bfmenk]: Canon 80D (100% confidence)
2026-07-28 12:44:37 | INFO     | ss_crawler | [camera_scraper] Detected lenses in [bfmenk]: 35mm F2 IS USM
2026-07-28 12:44:37 | INFO     | ss_crawler | [crawler] Fetching : https://www.ss.com/msg/lv/electronics/photo-optics/slr-cameras/canon/bfejob.html
2026-07-28 12:44:38 | INFO     | ss_crawler | [parser] Skipping buying listing by description: Canon
2026-07-28 12:44:38 | WARNING  | ss_crawler | [camera_scraper] Failed to parse listing bfejob
2026-07-28 12:44:38 | INFO     | ss_crawler | [crawler] Fetching : https://www.ss.com/msg/lv/electronics/photo-optics/slr-cameras/canon/bgmhpk.html
2026-07-28 12:44:42 | INFO     | ss_crawler | [camera_matcher] Matched camera: Canon 50D (score: 1.03)
2026-07-28 12:44:42 | INFO     | ss_crawler | [camera_scraper] Matched camera: Canon 50D (100% confidence)
2026-07-28 12:44:42 | INFO     | ss_crawler | [camera_scraper] Matched [bgmhpk]: Canon 50D (100% confidence)
2026-07-28 12:44:42 | INFO     | ss_crawler | [crawler] Fetching : https://www.ss.com/msg/lv/electronics/photo-optics/slr-cameras/nikon/bfhebc.html
2026-07-28 12:44:44 | INFO     | ss_crawler | [camera_scraper] Filtered [bfhebc]: filtered_nikon
2026-07-28 12:44:44 | INFO     | ss_crawler | [crawler] Fetching : https://www.ss.com/msg/lv/electronics/photo-optics/slr-cameras/canon/bffjnj.html
2026-07-28 12:44:45 | INFO     | ss_crawler | [parser] Skipping store listing by description: Canon
2026-07-28 12:44:45 | WARNING  | ss_crawler | [camera_scraper] Failed to parse listing bffjnj
2026-07-28 12:44:45 | INFO     | ss_crawler | [crawler] Fetching : https://www.ss.com/msg/lv/electronics/photo-optics/slr-cameras/canon/bfilgn.html
2026-07-28 12:44:47 | INFO     | ss_crawler | [camera_matcher] Matched camera: Canon 800D/77D / Rebel T7i / Kiss X9i (score: 1.21)
2026-07-28 12:44:47 | INFO     | ss_crawler | [camera_scraper] Matched camera: Canon 800D/77D / Rebel T7i / Kiss X9i (100% confidence)
2026-07-28 12:44:47 | INFO     | ss_crawler | [camera_scraper] Matched [bfilgn]: Canon 800D/77D / Rebel T7i / Kiss X9i (100% confidence)
2026-07-28 12:44:47 | INFO     | ss_crawler | [camera_scraper] Detected lenses in [bfilgn]: 35mm F2 IS USM, 10-20mm F3.5 EX DC HSM
2026-07-28 12:44:47 | INFO     | ss_crawler | [crawler] Fetching : https://www.ss.com/msg/lv/electronics/photo-optics/slr-cameras/canon/bficeo.html
2026-07-28 12:44:50 | INFO     | ss_crawler | [camera_matcher] Matched camera: Canon 5D Mark III (score: 1.57)
2026-07-28 12:44:50 | INFO     | ss_crawler | [camera_scraper] Matched camera: Canon 5D Mark III (100% confidence)
2026-07-28 12:44:50 | INFO     | ss_crawler | [camera_scraper] Matched [bficeo]: Canon 5D Mark III (100% confidence)
2026-07-28 12:44:50 | INFO     | ss_crawler | [crawler] Fetching : https://www.ss.com/msg/lv/electronics/photo-optics/slr-cameras/canon/bfljxg.html
2026-07-28 12:44:52 | INFO     | ss_crawler | [camera_scraper] Filtered [bfljxg]: filtered_new_warranty
2026-07-28 12:44:52 | INFO     | ss_crawler | [crawler] Fetching : https://www.ss.com/msg/lv/electronics/photo-optics/slr-cameras/nikon/bfmijj.html
2026-07-28 12:44:55 | INFO     | ss_crawler | [camera_scraper] Filtered [bfmijj]: filtered_nikon
2026-07-28 12:44:55 | INFO     | ss_crawler | [camera_scraper] Fetching page 4: https://www.ss.com/lv/electronics/photo-optics/slr-cameras/page4.html
2026-07-28 12:44:55 | INFO     | ss_crawler | [crawler] Fetching : https://www.ss.com/lv/electronics/photo-optics/slr-cameras/page4.html
2026-07-28 12:44:57 | INFO     | ss_crawler | [camera_scraper] Found 6 listings on page 4
2026-07-28 12:44:57 | INFO     | ss_crawler | [crawler] Fetching : https://www.ss.com/msg/lv/electronics/photo-optics/slr-cameras/sony/bfimpg.html
2026-07-28 12:44:58 | INFO     | ss_crawler | [camera_matcher] Matched camera: Sony A1 (score: 0.56)
2026-07-28 12:44:58 | INFO     | ss_crawler | [camera_scraper] Matched camera: Sony A1 (56% confidence)
2026-07-28 12:44:58 | INFO     | ss_crawler | [camera_scraper] Matched [bfimpg]: Sony A1 (56% confidence)
2026-07-28 12:44:58 | INFO     | ss_crawler | [camera_scraper] Detected lenses in [bfimpg]: Sony E 50mm F1.8 OSS, Sony Zeiss Sonnar T* FE 55mm F1.8 ZA, Sony FE 300mm F2.8 GM OSS
2026-07-28 12:44:58 | INFO     | ss_crawler | [crawler] Fetching : https://www.ss.com/msg/lv/electronics/photo-optics/slr-cameras/sony/bfimpg.html
2026-07-28 12:45:01 | INFO     | ss_crawler | [camera_matcher] Matched camera: Sony A1 (score: 0.56)
2026-07-28 12:45:01 | INFO     | ss_crawler | [camera_scraper] Matched camera: Sony A1 (56% confidence)
2026-07-28 12:45:01 | INFO     | ss_crawler | [camera_scraper] Matched [bfimpg]: Sony A1 (56% confidence)
2026-07-28 12:45:01 | INFO     | ss_crawler | [camera_scraper] Detected lenses in [bfimpg]: Sony E 50mm F1.8 OSS, Sony Zeiss Sonnar T* FE 55mm F1.8 ZA, Sony FE 300mm F2.8 GM OSS
2026-07-28 12:45:01 | INFO     | ss_crawler | [crawler] Fetching : https://www.ss.com/msg/lv/electronics/photo-optics/slr-cameras/sony/bfimpg.html
2026-07-28 12:45:03 | INFO     | ss_crawler | [camera_matcher] Matched camera: Sony A1 (score: 0.56)
2026-07-28 12:45:03 | INFO     | ss_crawler | [camera_scraper] Matched camera: Sony A1 (56% confidence)
2026-07-28 12:45:03 | INFO     | ss_crawler | [camera_scraper] Matched [bfimpg]: Sony A1 (56% confidence)
2026-07-28 12:45:03 | INFO     | ss_crawler | [camera_scraper] Detected lenses in [bfimpg]: Sony E 50mm F1.8 OSS, Sony Zeiss Sonnar T* FE 55mm F1.8 ZA, Sony FE 300mm F2.8 GM OSS
2026-07-28 12:45:03 | INFO     | ss_crawler | [crawler] Fetching : https://www.ss.com/msg/lv/electronics/photo-optics/slr-cameras/sony/bieoxo.html
2026-07-28 12:45:06 | INFO     | ss_crawler | [camera_scraper] Filtered [bieoxo]: filtered_new_warranty
2026-07-28 12:45:06 | INFO     | ss_crawler | [crawler] Fetching : https://www.ss.com/msg/lv/electronics/photo-optics/slr-cameras/sony/bfmkhd.html
2026-07-28 12:45:09 | INFO     | ss_crawler | [camera_scraper] Filtered [bfmkhd]: filtered_new_warranty
2026-07-28 12:45:09 | INFO     | ss_crawler | [crawler] Fetching : https://www.ss.com/msg/lv/electronics/photo-optics/slr-cameras/sony/bfgbnh.html
2026-07-28 12:45:12 | INFO     | ss_crawler | [camera_matcher] Matched camera: Sony A7 (score: 0.73)
2026-07-28 12:45:12 | INFO     | ss_crawler | [camera_scraper] Matched camera: Sony A7 (73% confidence)
2026-07-28 12:45:12 | INFO     | ss_crawler | [camera_scraper] Matched [bfgbnh]: Sony A7 (73% confidence)
2026-07-28 12:45:12 | INFO     | ss_crawler | [camera_scraper] Detected lenses in [bfgbnh]: Sony FE 50mm F2.8 Macro
2026-07-28 12:45:12 | INFO     | ss_crawler | [camera_scraper] No more pages to scrape
2026-07-28 12:45:12 | INFO     | ss_crawler | [camera_scraper] Category /lv/electronics/photo-optics/slr-cameras/ complete. Listings: 54
2026-07-28 12:45:12 | INFO     | ss_crawler | [camera_scraper] Starting camera category scrape: https://www.ss.com/lv/electronics/photo-optics/digital-cameras/
2026-07-28 12:45:12 | INFO     | ss_crawler | [camera_scraper] Fetching page 1: https://www.ss.com/lv/electronics/photo-optics/digital-cameras/
2026-07-28 12:45:12 | INFO     | ss_crawler | [crawler] Fetching : https://www.ss.com/lv/electronics/photo-optics/digital-cameras/
2026-07-28 12:45:14 | INFO     | ss_crawler | [camera_scraper] Found 32 listings on page 1
2026-07-28 12:45:14 | INFO     | ss_crawler | [crawler] Fetching : https://www.ss.com/msg/lv/electronics/photo-optics/digital-cameras/sony/goodb.html
2026-07-28 12:45:17 | INFO     | ss_crawler | [camera_matcher] Matched camera: Sony FX3 (score: 1.03)
2026-07-28 12:45:17 | INFO     | ss_crawler | [camera_scraper] Matched camera: Sony FX3 (100% confidence)
2026-07-28 12:45:17 | INFO     | ss_crawler | [camera_scraper] Matched [goodb]: Sony FX3 (100% confidence)
2026-07-28 12:45:18 | INFO     | ss_crawler | [crawler] Fetching : https://www.ss.com/msg/lv/electronics/photo-optics/digital-cameras/sony/goodb.html
2026-07-28 12:45:21 | INFO     | ss_crawler | [camera_matcher] Matched camera: Sony FX3 (score: 1.03)
2026-07-28 12:45:21 | INFO     | ss_crawler | [camera_scraper] Matched camera: Sony FX3 (100% confidence)
2026-07-28 12:45:21 | INFO     | ss_crawler | [camera_scraper] Matched [goodb]: Sony FX3 (100% confidence)
2026-07-28 12:45:21 | INFO     | ss_crawler | [crawler] Fetching : https://www.ss.com/msg/lv/electronics/photo-optics/digital-cameras/sony/goodb.html
2026-07-28 12:45:23 | INFO     | ss_crawler | [camera_matcher] Matched camera: Sony FX3 (score: 1.03)
2026-07-28 12:45:23 | INFO     | ss_crawler | [camera_scraper] Matched camera: Sony FX3 (100% confidence)
2026-07-28 12:45:23 | INFO     | ss_crawler | [camera_scraper] Matched [goodb]: Sony FX3 (100% confidence)
2026-07-28 12:45:23 | INFO     | ss_crawler | [crawler] Fetching : https://www.ss.com/msg/lv/electronics/photo-optics/digital-cameras/nikon/eemho.html
2026-07-28 12:45:26 | INFO     | ss_crawler | [camera_scraper] Filtered [eemho]: filtered_nikon
2026-07-28 12:45:26 | INFO     | ss_crawler | [crawler] Fetching : https://www.ss.com/msg/lv/electronics/photo-optics/digital-cameras/pentax/didli.html
2026-07-28 12:45:29 | INFO     | ss_crawler | [camera_scraper] No camera match for [didli]
2026-07-28 12:45:29 | INFO     | ss_crawler | [crawler] Fetching : https://www.ss.com/msg/lv/electronics/photo-optics/digital-cameras/canon/cmlih.html
2026-07-28 12:45:32 | INFO     | ss_crawler | [camera_matcher] Matched camera: Canon 1100D / T3 / X50 (score: 1.21)
2026-07-28 12:45:32 | INFO     | ss_crawler | [camera_scraper] Matched camera: Canon 1100D / T3 / X50 (100% confidence)
2026-07-28 12:45:32 | INFO     | ss_crawler | [camera_scraper] Matched [cmlih]: Canon 1100D / T3 / X50 (100% confidence)
2026-07-28 12:45:32 | INFO     | ss_crawler | [camera_scraper] Detected lenses in [cmlih]: 18-55mm F3.5-5.6 IS II
2026-07-28 12:45:32 | INFO     | ss_crawler | [crawler] Fetching : https://www.ss.com/msg/lv/electronics/photo-optics/digital-cameras/panasonic/mpllb.html
2026-07-28 12:45:34 | INFO     | ss_crawler | [camera_scraper] No camera match for [mpllb]
2026-07-28 12:45:34 | INFO     | ss_crawler | [crawler] Fetching : https://www.ss.com/msg/lv/electronics/photo-optics/digital-cameras/canon/egeck.html
2026-07-28 12:45:36 | INFO     | ss_crawler | [camera_matcher] Matched camera: Canon M50 Mark II (score: 1.84)
2026-07-28 12:45:36 | INFO     | ss_crawler | [camera_scraper] Matched camera: Canon M50 Mark II (100% confidence)
2026-07-28 12:45:36 | INFO     | ss_crawler | [camera_scraper] Matched [egeck]: Canon M50 Mark II (100% confidence)
2026-07-28 12:45:36 | INFO     | ss_crawler | [crawler] Fetching : https://www.ss.com/msg/lv/electronics/photo-optics/digital-cameras/nikon/hkxid.html
2026-07-28 12:45:39 | INFO     | ss_crawler | [camera_scraper] Filtered [hkxid]: filtered_nikon
2026-07-28 12:45:39 | INFO     | ss_crawler | [crawler] Fetching : https://www.ss.com/msg/lv/electronics/photo-optics/digital-cameras/hp/dcllh.html
2026-07-28 12:45:42 | INFO     | ss_crawler | [camera_matcher] Matched camera: Canon 1000D / XS / F (score: 0.60)
2026-07-28 12:45:42 | INFO     | ss_crawler | [camera_scraper] Matched camera: Canon 1000D / XS / F (60% confidence)
2026-07-28 12:45:42 | INFO     | ss_crawler | [camera_scraper] Matched [dcllh]: Canon 1000D / XS / F (60% confidence)
2026-07-28 12:45:42 | INFO     | ss_crawler | [crawler] Fetching : https://www.ss.com/msg/lv/electronics/photo-optics/digital-cameras/nikon/hflef.html
2026-07-28 12:45:45 | INFO     | ss_crawler | [camera_scraper] Filtered [hflef]: filtered_nikon
2026-07-28 12:45:45 | INFO     | ss_crawler | [crawler] Fetching : https://www.ss.com/msg/lv/electronics/photo-optics/digital-cameras/samsung/akdbi.html
2026-07-28 12:45:47 | INFO     | ss_crawler | [camera_scraper] No camera match for [akdbi]
2026-07-28 12:45:47 | INFO     | ss_crawler | [crawler] Fetching : https://www.ss.com/msg/lv/electronics/photo-optics/digital-cameras/canon/dppij.html
2026-07-28 12:45:50 | INFO     | ss_crawler | [camera_matcher] Matched camera: Canon 1D Mark II / N (score: 0.69)
2026-07-28 12:45:50 | INFO     | ss_crawler | [camera_scraper] Matched camera: Canon 1D Mark II / N (69% confidence)
2026-07-28 12:45:50 | INFO     | ss_crawler | [camera_scraper] Matched [dppij]: Canon 1D Mark II / N (69% confidence)
2026-07-28 12:45:50 | INFO     | ss_crawler | [crawler] Fetching : https://www.ss.com/msg/lv/electronics/photo-optics/digital-cameras/nikon/fxkjk.html
2026-07-28 12:45:52 | INFO     | ss_crawler | [camera_scraper] Filtered [fxkjk]: filtered_nikon
2026-07-28 12:45:52 | INFO     | ss_crawler | [crawler] Fetching : https://www.ss.com/msg/lv/electronics/photo-optics/digital-cameras/sony/mdgki.html
2026-07-28 12:45:54 | INFO     | ss_crawler | [camera_scraper] Filtered [mdgki]: filtered_jauns
2026-07-28 12:45:54 | INFO     | ss_crawler | [crawler] Fetching : https://www.ss.com/msg/lv/electronics/photo-optics/digital-cameras/other/hfxpj.html
2026-07-28 12:45:57 | INFO     | ss_crawler | [camera_scraper] No camera match for [hfxpj]
2026-07-28 12:45:57 | INFO     | ss_crawler | [crawler] Fetching : https://www.ss.com/msg/lv/electronics/photo-optics/digital-cameras/nikon/eokdi.html
2026-07-28 12:46:00 | INFO     | ss_crawler | [camera_scraper] Filtered [eokdi]: filtered_nikon
2026-07-28 12:46:00 | INFO     | ss_crawler | [crawler] Fetching : https://www.ss.com/msg/lv/electronics/photo-optics/digital-cameras/fujifilm/ocebk.html
2026-07-28 12:46:02 | INFO     | ss_crawler | [camera_scraper] No camera match for [ocebk]
2026-07-28 12:46:02 | INFO     | ss_crawler | [crawler] Fetching : https://www.ss.com/msg/lv/electronics/photo-optics/digital-cameras/nikon/fjoch.html
2026-07-28 12:46:04 | INFO     | ss_crawler | [camera_scraper] Filtered [fjoch]: filtered_nikon
2026-07-28 12:46:04 | INFO     | ss_crawler | [crawler] Fetching : https://www.ss.com/msg/lv/electronics/photo-optics/digital-cameras/kodak/eglkj.html
2026-07-28 12:46:07 | INFO     | ss_crawler | [camera_matcher] Matched camera: Canon 300D / Digital Rebel / Digital (score: 0.60)
2026-07-28 12:46:07 | INFO     | ss_crawler | [camera_scraper] Matched camera: Canon 300D / Digital Rebel / Digital (60% confidence)
2026-07-28 12:46:07 | INFO     | ss_crawler | [camera_scraper] Matched [eglkj]: Canon 300D / Digital Rebel / Digital (60% confidence)
2026-07-28 12:46:07 | INFO     | ss_crawler | [crawler] Fetching : https://www.ss.com/msg/lv/electronics/photo-optics/digital-cameras/canon/dcljk.html
2026-07-28 12:46:10 | INFO     | ss_crawler | [camera_scraper] Filtered [dcljk]: filtered_powershot
2026-07-28 12:46:10 | INFO     | ss_crawler | [crawler] Fetching : https://www.ss.com/msg/lv/electronics/photo-optics/digital-cameras/olympus/dcchn.html
2026-07-28 12:46:12 | INFO     | ss_crawler | [camera_scraper] No camera match for [dcchn]
2026-07-28 12:46:12 | INFO     | ss_crawler | [crawler] Fetching : https://www.ss.com/msg/lv/electronics/photo-optics/digital-cameras/olympus/diphc.html
2026-07-28 12:46:14 | INFO     | ss_crawler | [camera_scraper] No camera match for [diphc]
2026-07-28 12:46:14 | INFO     | ss_crawler | [crawler] Fetching : https://www.ss.com/msg/lv/electronics/photo-optics/digital-cameras/canon/djikn.html
2026-07-28 12:46:17 | INFO     | ss_crawler | [camera_scraper] Filtered [djikn]: filtered_powershot
2026-07-28 12:46:17 | INFO     | ss_crawler | [crawler] Fetching : https://www.ss.com/msg/lv/electronics/photo-optics/digital-cameras/fujifilm/mmxde.html
2026-07-28 12:46:21 | INFO     | ss_crawler | [camera_scraper] No camera match for [mmxde]
2026-07-28 12:46:21 | INFO     | ss_crawler | [crawler] Fetching : https://www.ss.com/msg/lv/electronics/photo-optics/digital-cameras/canon/gkdlb.html
2026-07-28 12:46:24 | INFO     | ss_crawler | [camera_scraper] Filtered [gkdlb]: filtered_powershot
2026-07-28 12:46:24 | INFO     | ss_crawler | [crawler] Fetching : https://www.ss.com/msg/lv/electronics/photo-optics/digital-cameras/nikon/fikjn.html
2026-07-28 12:46:26 | INFO     | ss_crawler | [camera_scraper] Filtered [fikjn]: filtered_nikon
2026-07-28 12:46:26 | INFO     | ss_crawler | [crawler] Fetching : https://www.ss.com/msg/lv/electronics/photo-optics/digital-cameras/canon/flodj.html
2026-07-28 12:46:28 | INFO     | ss_crawler | [camera_matcher] Matched camera: Canon 1D Mark III (score: 1.19)
2026-07-28 12:46:28 | INFO     | ss_crawler | [camera_scraper] Matched camera: Canon 1D Mark III (100% confidence)
2026-07-28 12:46:28 | INFO     | ss_crawler | [camera_scraper] Matched [flodj]: Canon 1D Mark III (100% confidence)
2026-07-28 12:46:28 | INFO     | ss_crawler | [crawler] Fetching : https://www.ss.com/msg/lv/electronics/photo-optics/digital-cameras/sony/dcmxl.html
2026-07-28 12:46:31 | INFO     | ss_crawler | [camera_matcher] Matched camera: Sony A6400 (score: 1.03)
2026-07-28 12:46:31 | INFO     | ss_crawler | [camera_scraper] Matched camera: Sony A6400 (100% confidence)
2026-07-28 12:46:31 | INFO     | ss_crawler | [camera_scraper] Matched [dcmxl]: Sony A6400 (100% confidence)
2026-07-28 12:46:31 | INFO     | ss_crawler | [camera_scraper] Detected lenses in [dcmxl]: Sony E PZ 16-50mm F3.5-5.6 OSS
2026-07-28 12:46:31 | INFO     | ss_crawler | [crawler] Fetching : https://www.ss.com/msg/lv/electronics/photo-optics/digital-cameras/sony/eeepk.html
2026-07-28 12:46:33 | INFO     | ss_crawler | [camera_matcher] Matched camera: Sony A7 II (score: 1.89)
2026-07-28 12:46:33 | INFO     | ss_crawler | [camera_scraper] Matched camera: Sony A7 II (100% confidence)
2026-07-28 12:46:33 | INFO     | ss_crawler | [camera_scraper] Matched [eeepk]: Sony A7 II (100% confidence)
2026-07-28 12:46:33 | INFO     | ss_crawler | [crawler] Fetching : https://www.ss.com/msg/lv/electronics/photo-optics/digital-cameras/pentax/fjhdk.html
2026-07-28 12:46:35 | INFO     | ss_crawler | [camera_scraper] No camera match for [fjhdk]
2026-07-28 12:46:35 | INFO     | ss_crawler | [crawler] Fetching : https://www.ss.com/msg/lv/electronics/photo-optics/digital-cameras/sony/fhlmf.html
2026-07-28 12:46:39 | INFO     | ss_crawler | [camera_matcher] Matched camera: Sony A7R IV (score: 1.07)
2026-07-28 12:46:39 | INFO     | ss_crawler | [camera_scraper] Matched camera: Sony A7R IV (100% confidence)
2026-07-28 12:46:39 | INFO     | ss_crawler | [camera_scraper] Matched [fhlmf]: Sony A7R IV (100% confidence)
2026-07-28 12:46:39 | INFO     | ss_crawler | [camera_scraper] Detected lenses in [fhlmf]: Sony E 50mm F1.8 OSS
2026-07-28 12:46:39 | INFO     | ss_crawler | [camera_scraper] Fetching page 2: https://www.ss.com/lv/electronics/photo-optics/digital-cameras/page2.html
2026-07-28 12:46:39 | INFO     | ss_crawler | [crawler] Fetching : https://www.ss.com/lv/electronics/photo-optics/digital-cameras/page2.html
2026-07-28 12:46:41 | INFO     | ss_crawler | [camera_scraper] Found 32 listings on page 2
2026-07-28 12:46:41 | INFO     | ss_crawler | [crawler] Fetching : https://www.ss.com/msg/lv/electronics/photo-optics/digital-cameras/panasonic/gciim.html
2026-07-28 12:46:45 | INFO     | ss_crawler | [camera_scraper] No camera match for [gciim]
2026-07-28 12:46:45 | INFO     | ss_crawler | [crawler] Fetching : https://www.ss.com/msg/lv/electronics/photo-optics/digital-cameras/panasonic/gciim.html
2026-07-28 12:46:47 | INFO     | ss_crawler | [camera_scraper] No camera match for [gciim]
2026-07-28 12:46:47 | INFO     | ss_crawler | [crawler] Fetching : https://www.ss.com/msg/lv/electronics/photo-optics/digital-cameras/panasonic/gciim.html
2026-07-28 12:46:49 | INFO     | ss_crawler | [camera_scraper] No camera match for [gciim]
2026-07-28 12:46:49 | INFO     | ss_crawler | [crawler] Fetching : https://www.ss.com/msg/lv/electronics/photo-optics/digital-cameras/panasonic/gobmb.html
2026-07-28 12:46:51 | INFO     | ss_crawler | [camera_scraper] Filtered [gobmb]: filtered_jauns
2026-07-28 12:46:51 | INFO     | ss_crawler | [crawler] Fetching : https://www.ss.com/msg/lv/electronics/photo-optics/digital-cameras/nikon/gkbke.html
2026-07-28 12:46:54 | INFO     | ss_crawler | [camera_scraper] Filtered [gkbke]: filtered_nikon
2026-07-28 12:46:54 | INFO     | ss_crawler | [crawler] Fetching : https://www.ss.com/msg/lv/electronics/photo-optics/digital-cameras/sony/bcehnl.html
2026-07-28 12:46:56 | INFO     | ss_crawler | [camera_scraper] Filtered [bcehnl]: filtered_jauns
2026-07-28 12:46:56 | INFO     | ss_crawler | [crawler] Fetching : https://www.ss.com/msg/lv/electronics/photo-optics/digital-cameras/canon/dbfcd.html
2026-07-28 12:46:59 | INFO     | ss_crawler | [camera_matcher] Matched camera: Canon 550D / T2i / X4 (score: 1.03)
2026-07-28 12:46:59 | INFO     | ss_crawler | [camera_scraper] Matched camera: Canon 550D / T2i / X4 (100% confidence)
2026-07-28 12:46:59 | INFO     | ss_crawler | [camera_scraper] Matched [dbfcd]: Canon 550D / T2i / X4 (100% confidence)
2026-07-28 12:46:59 | INFO     | ss_crawler | [crawler] Fetching : https://www.ss.com/msg/lv/electronics/photo-optics/digital-cameras/canon/adopd.html
2026-07-28 12:47:02 | INFO     | ss_crawler | [camera_matcher] Matched camera: Canon 600D / T3i / X5 (score: 1.03)
2026-07-28 12:47:02 | INFO     | ss_crawler | [camera_scraper] Matched camera: Canon 600D / T3i / X5 (100% confidence)
2026-07-28 12:47:02 | INFO     | ss_crawler | [camera_scraper] Matched [adopd]: Canon 600D / T3i / X5 (100% confidence)
2026-07-28 12:47:02 | INFO     | ss_crawler | [crawler] Fetching : https://www.ss.com/msg/lv/electronics/photo-optics/digital-cameras/canon/geepb.html
2026-07-28 12:47:04 | INFO     | ss_crawler | [camera_scraper] Filtered [geepb]: filtered_powershot
2026-07-28 12:47:04 | INFO     | ss_crawler | [crawler] Fetching : https://www.ss.com/msg/lv/electronics/photo-optics/digital-cameras/sony/dbggp.html
2026-07-28 12:47:07 | INFO     | ss_crawler | [camera_scraper] Filtered [dbggp]: filtered_jauns
2026-07-28 12:47:07 | INFO     | ss_crawler | [crawler] Fetching : https://www.ss.com/msg/lv/electronics/photo-optics/digital-cameras/sony/dpbpp.html
2026-07-28 12:47:09 | INFO     | ss_crawler | [camera_scraper] Filtered [dpbpp]: filtered_jauns
2026-07-28 12:47:09 | INFO     | ss_crawler | [crawler] Fetching : https://www.ss.com/msg/lv/electronics/photo-optics/digital-cameras/fujifilm/heikd.html
2026-07-28 12:47:11 | INFO     | ss_crawler | [camera_scraper] Filtered [heikd]: filtered_jauns
2026-07-28 12:47:11 | INFO     | ss_crawler | [crawler] Fetching : https://www.ss.com/msg/lv/electronics/photo-optics/digital-cameras/sony/fjgnm.html
2026-07-28 12:47:14 | INFO     | ss_crawler | [camera_scraper] Filtered [fjgnm]: filtered_jauns
2026-07-28 12:47:14 | INFO     | ss_crawler | [crawler] Fetching : https://www.ss.com/msg/lv/electronics/photo-optics/digital-cameras/sony/fhxbl.html
2026-07-28 12:47:16 | INFO     | ss_crawler | [camera_scraper] Filtered [fhxbl]: filtered_jauns
2026-07-28 12:47:16 | INFO     | ss_crawler | [crawler] Fetching : https://www.ss.com/msg/lv/electronics/photo-optics/digital-cameras/fujifilm/dllbn.html
2026-07-28 12:47:19 | INFO     | ss_crawler | [camera_scraper] No camera match for [dllbn]
2026-07-28 12:47:19 | INFO     | ss_crawler | [crawler] Fetching : https://www.ss.com/msg/lv/electronics/photo-optics/digital-cameras/canon/hhbgg.html
2026-07-28 12:47:22 | INFO     | ss_crawler | [camera_matcher] Matched camera: Canon M50 Mark II (score: 1.75)
2026-07-28 12:47:22 | INFO     | ss_crawler | [camera_scraper] Matched camera: Canon M50 Mark II (100% confidence)
2026-07-28 12:47:22 | INFO     | ss_crawler | [camera_scraper] Matched [hhbgg]: Canon M50 Mark II (100% confidence)
2026-07-28 12:47:22 | INFO     | ss_crawler | [camera_scraper] Detected lenses in [hhbgg]: Viltrox AF 23mm F1.4, 45mm F2.8 TS-E
2026-07-28 12:47:22 | INFO     | ss_crawler | [crawler] Fetching : https://www.ss.com/msg/lv/electronics/photo-optics/digital-cameras/panasonic/hxmen.html
2026-07-28 12:47:24 | INFO     | ss_crawler | [camera_scraper] No camera match for [hxmen]
2026-07-28 12:47:24 | INFO     | ss_crawler | [crawler] Fetching : https://www.ss.com/msg/lv/electronics/photo-optics/digital-cameras/canon/dcgid.html
2026-07-28 12:47:27 | INFO     | ss_crawler | [camera_matcher] Matched camera: Canon 1D Mark II / N (score: 0.69)
2026-07-28 12:47:27 | INFO     | ss_crawler | [camera_scraper] Matched camera: Canon 1D Mark II / N (69% confidence)
2026-07-28 12:47:27 | INFO     | ss_crawler | [camera_scraper] Matched [dcgid]: Canon 1D Mark II / N (69% confidence)
2026-07-28 12:47:27 | INFO     | ss_crawler | [crawler] Fetching : https://www.ss.com/msg/lv/electronics/photo-optics/digital-cameras/sony/bbpfmk.html
2026-07-28 12:47:29 | INFO     | ss_crawler | [camera_scraper] Filtered [bbpfmk]: filtered_nikon
2026-07-28 12:47:29 | INFO     | ss_crawler | [crawler] Fetching : https://www.ss.com/msg/lv/electronics/photo-optics/digital-cameras/canon/giden.html
2026-07-28 12:47:31 | INFO     | ss_crawler | [camera_matcher] Matched camera: Canon 1D Mark II / N (score: 1.33)
2026-07-28 12:47:31 | INFO     | ss_crawler | [camera_scraper] Matched camera: Canon 1D Mark II / N (100% confidence)
2026-07-28 12:47:31 | INFO     | ss_crawler | [camera_scraper] Matched [giden]: Canon 1D Mark II / N (100% confidence)
2026-07-28 12:47:31 | INFO     | ss_crawler | [camera_scraper] Detected lenses in [giden]: 24-105mm F4L IS USM
2026-07-28 12:47:31 | INFO     | ss_crawler | [crawler] Fetching : https://www.ss.com/msg/lv/electronics/photo-optics/digital-cameras/canon/flijc.html
2026-07-28 12:47:34 | INFO     | ss_crawler | [camera_scraper] Filtered [flijc]: filtered_new_warranty
2026-07-28 12:47:34 | INFO     | ss_crawler | [crawler] Fetching : https://www.ss.com/msg/lv/electronics/photo-optics/digital-cameras/sony/adooo.html
2026-07-28 12:47:37 | INFO     | ss_crawler | [camera_matcher] Matched camera: Sony A1 (score: 0.56)
2026-07-28 12:47:37 | INFO     | ss_crawler | [camera_scraper] Matched camera: Sony A1 (56% confidence)
2026-07-28 12:47:37 | INFO     | ss_crawler | [camera_scraper] Matched [adooo]: Sony A1 (56% confidence)
2026-07-28 12:47:37 | INFO     | ss_crawler | [crawler] Fetching : https://www.ss.com/msg/lv/electronics/photo-optics/digital-cameras/sony/hfgdn.html
2026-07-28 12:47:40 | INFO     | ss_crawler | [camera_matcher] Matched camera: Sony A7 III (score: 1.89)
2026-07-28 12:47:40 | INFO     | ss_crawler | [camera_scraper] Matched camera: Sony A7 III (100% confidence)
2026-07-28 12:47:40 | INFO     | ss_crawler | [camera_scraper] Matched [hfgdn]: Sony A7 III (100% confidence)
2026-07-28 12:47:40 | INFO     | ss_crawler | [camera_scraper] Detected lenses in [hfgdn]: 35mm F1.8 Di VC USD, 28-75mm F2.8 XR Di LD Aspherical (IF) , Sony E 50mm F1.8 OSS
2026-07-28 12:47:40 | INFO     | ss_crawler | [crawler] Fetching : https://www.ss.com/msg/lv/electronics/photo-optics/digital-cameras/canon/fmxgi.html
2026-07-28 12:47:43 | INFO     | ss_crawler | [camera_matcher] Matched camera: Canon R (score: 0.83)
2026-07-28 12:47:43 | INFO     | ss_crawler | [camera_scraper] Matched camera: Canon R (83% confidence)
2026-07-28 12:47:43 | INFO     | ss_crawler | [camera_scraper] Matched [fmxgi]: Canon R (83% confidence)
2026-07-28 12:47:43 | INFO     | ss_crawler | [crawler] Fetching : https://www.ss.com/msg/lv/electronics/photo-optics/digital-cameras/sony/cmhig.html
2026-07-28 12:47:45 | INFO     | ss_crawler | [camera_matcher] Matched camera: Sony A7R II (score: 1.93)
2026-07-28 12:47:45 | INFO     | ss_crawler | [camera_scraper] Matched camera: Sony A7R II (100% confidence)
2026-07-28 12:47:45 | INFO     | ss_crawler | [camera_scraper] Matched [cmhig]: Sony A7R II (100% confidence)
2026-07-28 12:47:45 | INFO     | ss_crawler | [crawler] Fetching : https://www.ss.com/msg/lv/electronics/photo-optics/digital-cameras/samsung/dcmxd.html
2026-07-28 12:47:48 | INFO     | ss_crawler | [camera_scraper] No camera match for [dcmxd]
2026-07-28 12:47:48 | INFO     | ss_crawler | [crawler] Fetching : https://www.ss.com/msg/lv/electronics/photo-optics/digital-cameras/nikon/edkkc.html
2026-07-28 12:47:50 | INFO     | ss_crawler | [camera_scraper] Filtered [edkkc]: filtered_nikon
2026-07-28 12:47:50 | INFO     | ss_crawler | [crawler] Fetching : https://www.ss.com/msg/lv/electronics/photo-optics/digital-cameras/nikon/ooglc.html
2026-07-28 12:47:52 | INFO     | ss_crawler | [camera_scraper] Filtered [ooglc]: filtered_nikon
2026-07-28 12:47:52 | INFO     | ss_crawler | [crawler] Fetching : https://www.ss.com/msg/lv/electronics/photo-optics/digital-cameras/canon/hfigf.html
2026-07-28 12:47:53 | INFO     | ss_crawler | [camera_matcher] Matched camera: Canon R5 (score: 0.99)
2026-07-28 12:47:53 | INFO     | ss_crawler | [camera_scraper] Matched camera: Canon R5 (99% confidence)
2026-07-28 12:47:53 | INFO     | ss_crawler | [camera_scraper] Matched [hfigf]: Canon R5 (99% confidence)
2026-07-28 12:47:54 | INFO     | ss_crawler | [crawler] Fetching : https://www.ss.com/msg/lv/electronics/photo-optics/digital-cameras/sony/bbmhpe.html
2026-07-28 12:47:57 | INFO     | ss_crawler | [camera_matcher] Matched camera: Sony ZV-E10 II (score: 1.07)
2026-07-28 12:47:57 | INFO     | ss_crawler | [camera_scraper] Matched camera: Sony ZV-E10 II (100% confidence)
2026-07-28 12:47:57 | INFO     | ss_crawler | [camera_scraper] Matched [bbmhpe]: Sony ZV-E10 II (100% confidence)
2026-07-28 12:47:57 | INFO     | ss_crawler | [camera_scraper] Detected lenses in [bbmhpe]: 35mm F1.4 DG HSM Art, Sigma 16mm F1.4 DC DN | Contemporary
2026-07-28 12:47:57 | INFO     | ss_crawler | [crawler] Fetching : https://www.ss.com/msg/lv/electronics/photo-optics/digital-cameras/canon/dphho.html
2026-07-28 12:47:59 | INFO     | ss_crawler | [camera_matcher] Matched camera: Canon R (score: 1.13)
2026-07-28 12:47:59 | INFO     | ss_crawler | [camera_scraper] Matched camera: Canon R (100% confidence)
2026-07-28 12:47:59 | INFO     | ss_crawler | [camera_scraper] Matched [dphho]: Canon R (100% confidence)
2026-07-28 12:47:59 | INFO     | ss_crawler | [camera_scraper] Detected lenses in [dphho]: 35mm F2 IS USM, 24-105mm F4L IS USM
2026-07-28 12:47:59 | INFO     | ss_crawler | [crawler] Fetching : https://www.ss.com/msg/lv/electronics/photo-optics/digital-cameras/fujifilm/egpnm.html
2026-07-28 12:48:02 | INFO     | ss_crawler | [camera_scraper] No camera match for [egpnm]
2026-07-28 12:48:02 | INFO     | ss_crawler | [camera_scraper] Fetching page 3: https://www.ss.com/lv/electronics/photo-optics/digital-cameras/page3.html
2026-07-28 12:48:02 | INFO     | ss_crawler | [crawler] Fetching : https://www.ss.com/lv/electronics/photo-optics/digital-cameras/page3.html
2026-07-28 12:48:05 | INFO     | ss_crawler | [camera_scraper] Found 32 listings on page 3
2026-07-28 12:48:05 | INFO     | ss_crawler | [crawler] Fetching : https://www.ss.com/msg/lv/electronics/photo-optics/digital-cameras/sony/mgbbm.html
2026-07-28 12:48:06 | INFO     | ss_crawler | [camera_scraper] Filtered [mgbbm]: filtered_jauns
2026-07-28 12:48:06 | INFO     | ss_crawler | [crawler] Fetching : https://www.ss.com/msg/lv/electronics/photo-optics/digital-cameras/sony/mgbbm.html
2026-07-28 12:48:09 | INFO     | ss_crawler | [camera_scraper] Filtered [mgbbm]: filtered_jauns
2026-07-28 12:48:09 | INFO     | ss_crawler | [crawler] Fetching : https://www.ss.com/msg/lv/electronics/photo-optics/digital-cameras/sony/mgbbm.html
2026-07-28 12:48:12 | INFO     | ss_crawler | [camera_scraper] Filtered [mgbbm]: filtered_jauns
2026-07-28 12:48:12 | INFO     | ss_crawler | [crawler] Fetching : https://www.ss.com/msg/lv/electronics/photo-optics/digital-cameras/sony/cjhcf.html
2026-07-28 12:48:14 | INFO     | ss_crawler | [camera_scraper] Filtered [cjhcf]: filtered_jauns
2026-07-28 12:48:14 | INFO     | ss_crawler | [crawler] Fetching : https://www.ss.com/msg/lv/electronics/photo-optics/digital-cameras/fujifilm/gfbhd.html
2026-07-28 12:48:17 | INFO     | ss_crawler | [camera_scraper] Filtered [gfbhd]: filtered_jauns
2026-07-28 12:48:17 | INFO     | ss_crawler | [crawler] Fetching : https://www.ss.com/msg/lv/electronics/photo-optics/digital-cameras/sony/engnn.html
2026-07-28 12:48:21 | INFO     | ss_crawler | [camera_scraper] Filtered [engnn]: filtered_jauns
2026-07-28 12:48:21 | INFO     | ss_crawler | [crawler] Fetching : https://www.ss.com/msg/lv/electronics/photo-optics/digital-cameras/nikon/ecdjo.html
2026-07-28 12:48:23 | INFO     | ss_crawler | [camera_scraper] Filtered [ecdjo]: filtered_nikon
2026-07-28 12:48:23 | INFO     | ss_crawler | [crawler] Fetching : https://www.ss.com/msg/lv/electronics/photo-optics/digital-cameras/nikon/ficnd.html
2026-07-28 12:48:25 | INFO     | ss_crawler | [camera_scraper] Filtered [ficnd]: filtered_nikon
2026-07-28 12:48:25 | INFO     | ss_crawler | [crawler] Fetching : https://www.ss.com/msg/lv/electronics/photo-optics/digital-cameras/nikon/aexmk.html
2026-07-28 12:48:28 | INFO     | ss_crawler | [camera_scraper] Filtered [aexmk]: filtered_nikon
2026-07-28 12:48:28 | INFO     | ss_crawler | [crawler] Fetching : https://www.ss.com/msg/lv/electronics/photo-optics/digital-cameras/canon/ahhie.html
2026-07-28 12:48:30 | INFO     | ss_crawler | [camera_scraper] Filtered [ahhie]: filtered_jauns
2026-07-28 12:48:30 | INFO     | ss_crawler | [crawler] Fetching : https://www.ss.com/msg/lv/electronics/photo-optics/digital-cameras/sony/mdnxo.html
2026-07-28 12:48:34 | INFO     | ss_crawler | [camera_matcher] Matched camera: Sony A7 III (score: 1.12)
2026-07-28 12:48:34 | INFO     | ss_crawler | [camera_scraper] Matched camera: Sony A7 III (100% confidence)
2026-07-28 12:48:34 | INFO     | ss_crawler | [camera_scraper] Matched [mdnxo]: Sony A7 III (100% confidence)
2026-07-28 12:48:34 | INFO     | ss_crawler | [crawler] Fetching : https://www.ss.com/msg/lv/electronics/photo-optics/digital-cameras/sony/mfmdk.html
2026-07-28 12:48:36 | INFO     | ss_crawler | [camera_matcher] Matched camera: Sony A1 (score: 0.56)
2026-07-28 12:48:36 | INFO     | ss_crawler | [camera_scraper] Matched camera: Sony A1 (56% confidence)
2026-07-28 12:48:36 | INFO     | ss_crawler | [camera_scraper] Matched [mfmdk]: Sony A1 (56% confidence)
2026-07-28 12:48:36 | INFO     | ss_crawler | [crawler] Fetching : https://www.ss.com/msg/lv/electronics/photo-optics/digital-cameras/fujifilm/mknfl.html
2026-07-28 12:48:38 | INFO     | ss_crawler | [camera_scraper] Filtered [mknfl]: filtered_jauns
2026-07-28 12:48:38 | INFO     | ss_crawler | [crawler] Fetching : https://www.ss.com/msg/lv/electronics/photo-optics/digital-cameras/fujifilm/fgbhk.html
2026-07-28 12:48:41 | INFO     | ss_crawler | [camera_scraper] Filtered [fgbhk]: filtered_jauns
2026-07-28 12:48:41 | INFO     | ss_crawler | [crawler] Fetching : https://www.ss.com/msg/lv/electronics/photo-optics/digital-cameras/fujifilm/clohk.html
2026-07-28 12:48:44 | INFO     | ss_crawler | [camera_scraper] Filtered [clohk]: filtered_jauns
2026-07-28 12:48:44 | INFO     | ss_crawler | [crawler] Fetching : https://www.ss.com/msg/lv/electronics/photo-optics/digital-cameras/canon/dximb.html
2026-07-28 12:48:46 | INFO     | ss_crawler | [camera_scraper] Filtered [dximb]: filtered_jauns
2026-07-28 12:48:46 | INFO     | ss_crawler | [crawler] Fetching : https://www.ss.com/msg/lv/electronics/photo-optics/digital-cameras/canon/aailh.html
2026-07-28 12:48:48 | INFO     | ss_crawler | [camera_scraper] Filtered [aailh]: filtered_jauns
2026-07-28 12:48:48 | INFO     | ss_crawler | [crawler] Fetching : https://www.ss.com/msg/lv/electronics/photo-optics/digital-cameras/nikon/fxhoc.html
2026-07-28 12:48:51 | INFO     | ss_crawler | [camera_scraper] Filtered [fxhoc]: filtered_nikon
2026-07-28 12:48:51 | INFO     | ss_crawler | [crawler] Fetching : https://www.ss.com/msg/lv/electronics/photo-optics/digital-cameras/nikon/llkhi.html
2026-07-28 12:48:54 | INFO     | ss_crawler | [camera_scraper] Filtered [llkhi]: filtered_nikon
2026-07-28 12:48:54 | INFO     | ss_crawler | [crawler] Fetching : https://www.ss.com/msg/lv/electronics/photo-optics/digital-cameras/sony/bbmhpf.html
2026-07-28 12:48:57 | INFO     | ss_crawler | [camera_scraper] Filtered [bbmhpf]: filtered_new_warranty
2026-07-28 12:48:57 | INFO     | ss_crawler | [crawler] Fetching : https://www.ss.com/msg/lv/electronics/photo-optics/digital-cameras/sony/hepij.html
2026-07-28 12:49:01 | INFO     | ss_crawler | [camera_matcher] Matched camera: Sony ZV-E1 (score: 1.03)
2026-07-28 12:49:01 | INFO     | ss_crawler | [camera_scraper] Matched camera: Sony ZV-E1 (100% confidence)
2026-07-28 12:49:01 | INFO     | ss_crawler | [camera_scraper] Matched [hepij]: Sony ZV-E1 (100% confidence)
2026-07-28 12:49:01 | INFO     | ss_crawler | [crawler] Fetching : https://www.ss.com/msg/lv/electronics/photo-optics/digital-cameras/minolta/jemdi.html
2026-07-28 12:49:03 | INFO     | ss_crawler | [camera_scraper] No camera match for [jemdi]
2026-07-28 12:49:03 | INFO     | ss_crawler | [crawler] Fetching : https://www.ss.com/msg/lv/electronics/photo-optics/digital-cameras/nikon/djjkp.html
2026-07-28 12:49:06 | INFO     | ss_crawler | [camera_scraper] Filtered [djjkp]: filtered_nikon
2026-07-28 12:49:06 | INFO     | ss_crawler | [crawler] Fetching : https://www.ss.com/msg/lv/electronics/photo-optics/digital-cameras/fujifilm/bbmpjh.html
2026-07-28 12:49:08 | INFO     | ss_crawler | [camera_scraper] No camera match for [bbmpjh]
2026-07-28 12:49:08 | INFO     | ss_crawler | [crawler] Fetching : https://www.ss.com/msg/lv/electronics/photo-optics/digital-cameras/samsung/boopo.html
2026-07-28 12:49:10 | INFO     | ss_crawler | [camera_scraper] No camera match for [boopo]
2026-07-28 12:49:10 | INFO     | ss_crawler | [crawler] Fetching : https://www.ss.com/msg/lv/electronics/photo-optics/digital-cameras/canon/ghclj.html
2026-07-28 12:49:12 | INFO     | ss_crawler | [camera_matcher] Matched camera: Canon 1D Mark II / N (score: 0.69)
2026-07-28 12:49:12 | INFO     | ss_crawler | [camera_scraper] Matched camera: Canon 1D Mark II / N (69% confidence)
2026-07-28 12:49:12 | INFO     | ss_crawler | [camera_scraper] Matched [ghclj]: Canon 1D Mark II / N (69% confidence)
2026-07-28 12:49:12 | INFO     | ss_crawler | [crawler] Fetching : https://www.ss.com/msg/lv/electronics/photo-optics/digital-cameras/sony/fldjp.html
2026-07-28 12:49:15 | INFO     | ss_crawler | [camera_matcher] Matched camera: Sony A1 (score: 0.56)
2026-07-28 12:49:15 | INFO     | ss_crawler | [camera_scraper] Matched camera: Sony A1 (56% confidence)
2026-07-28 12:49:15 | INFO     | ss_crawler | [camera_scraper] Matched [fldjp]: Sony A1 (56% confidence)
2026-07-28 12:49:15 | INFO     | ss_crawler | [crawler] Fetching : https://www.ss.com/msg/lv/electronics/photo-optics/digital-cameras/sony/elelj.html
2026-07-28 12:49:17 | INFO     | ss_crawler | [camera_matcher] Matched camera: Sony A1 (score: 0.56)
2026-07-28 12:49:17 | INFO     | ss_crawler | [camera_scraper] Matched camera: Sony A1 (56% confidence)
2026-07-28 12:49:17 | INFO     | ss_crawler | [camera_scraper] Matched [elelj]: Sony A1 (56% confidence)
2026-07-28 12:49:17 | INFO     | ss_crawler | [crawler] Fetching : https://www.ss.com/msg/lv/electronics/photo-optics/digital-cameras/canon/enmdk.html
2026-07-28 12:49:20 | INFO     | ss_crawler | [camera_matcher] Matched camera: Canon 5D Mark III (score: 1.24)
2026-07-28 12:49:20 | INFO     | ss_crawler | [camera_scraper] Matched camera: Canon 5D Mark III (100% confidence)
2026-07-28 12:49:20 | INFO     | ss_crawler | [camera_scraper] Matched [enmdk]: Canon 5D Mark III (100% confidence)
2026-07-28 12:49:20 | INFO     | ss_crawler | [crawler] Fetching : https://www.ss.com/msg/lv/electronics/photo-optics/digital-cameras/sony/ffenc.html
2026-07-28 12:49:22 | INFO     | ss_crawler | [camera_matcher] Matched camera: Sony A6400 (score: 1.03)
2026-07-28 12:49:22 | INFO     | ss_crawler | [camera_scraper] Matched camera: Sony A6400 (100% confidence)
2026-07-28 12:49:22 | INFO     | ss_crawler | [camera_scraper] Matched [ffenc]: Sony A6400 (100% confidence)
2026-07-28 12:49:22 | INFO     | ss_crawler | [camera_scraper] Detected lenses in [ffenc]: 50mm F1.4 DG HSM Art, 30mm F1.4 DC HSM Art, Sigma 16mm F1.4 DC DN | Contemporary
2026-07-28 12:49:22 | INFO     | ss_crawler | [crawler] Fetching : https://www.ss.com/msg/lv/electronics/photo-optics/digital-cameras/canon/ehcxg.html
2026-07-28 12:49:24 | INFO     | ss_crawler | [camera_scraper] Filtered [ehcxg]: filtered_jauns
2026-07-28 12:49:24 | INFO     | ss_crawler | [crawler] Fetching : https://www.ss.com/msg/lv/electronics/photo-optics/digital-cameras/nikon/fiehh.html
2026-07-28 12:49:26 | INFO     | ss_crawler | [camera_scraper] Filtered [fiehh]: filtered_nikon
2026-07-28 12:49:26 | INFO     | ss_crawler | [camera_scraper] Fetching page 4: https://www.ss.com/lv/electronics/photo-optics/digital-cameras/page4.html
2026-07-28 12:49:26 | INFO     | ss_crawler | [crawler] Fetching : https://www.ss.com/lv/electronics/photo-optics/digital-cameras/page4.html
2026-07-28 12:49:28 | INFO     | ss_crawler | [camera_scraper] Found 32 listings on page 4
2026-07-28 12:49:28 | INFO     | ss_crawler | [crawler] Fetching : https://www.ss.com/msg/lv/electronics/photo-optics/digital-cameras/nikon/llngj.html
2026-07-28 12:49:31 | INFO     | ss_crawler | [camera_scraper] Filtered [llngj]: filtered_nikon
2026-07-28 12:49:31 | INFO     | ss_crawler | [crawler] Fetching : https://www.ss.com/msg/lv/electronics/photo-optics/digital-cameras/nikon/llngj.html
2026-07-28 12:49:34 | INFO     | ss_crawler | [camera_scraper] Filtered [llngj]: filtered_nikon
2026-07-28 12:49:34 | INFO     | ss_crawler | [crawler] Fetching : https://www.ss.com/msg/lv/electronics/photo-optics/digital-cameras/nikon/llngj.html
2026-07-28 12:49:35 | INFO     | ss_crawler | [camera_scraper] Filtered [llngj]: filtered_nikon
2026-07-28 12:49:35 | INFO     | ss_crawler | [crawler] Fetching : https://www.ss.com/msg/lv/electronics/photo-optics/digital-cameras/nikon/lpiof.html
2026-07-28 12:49:38 | INFO     | ss_crawler | [camera_scraper] Filtered [lpiof]: filtered_nikon
2026-07-28 12:49:38 | INFO     | ss_crawler | [crawler] Fetching : https://www.ss.com/msg/lv/electronics/photo-optics/digital-cameras/fujifilm/gixnx.html
2026-07-28 12:49:41 | INFO     | ss_crawler | [camera_scraper] Filtered [gixnx]: filtered_jauns
2026-07-28 12:49:41 | INFO     | ss_crawler | [crawler] Fetching : https://www.ss.com/msg/lv/electronics/photo-optics/digital-cameras/canon/fcxpo.html
2026-07-28 12:49:43 | INFO     | ss_crawler | [camera_scraper] Filtered [fcxpo]: filtered_jauns
2026-07-28 12:49:43 | INFO     | ss_crawler | [crawler] Fetching : https://www.ss.com/msg/lv/electronics/photo-optics/digital-cameras/canon/fhmfj.html
2026-07-28 12:49:46 | INFO     | ss_crawler | [camera_scraper] Filtered [fhmfj]: filtered_jauns
2026-07-28 12:49:46 | INFO     | ss_crawler | [crawler] Fetching : https://www.ss.com/msg/lv/electronics/photo-optics/digital-cameras/nikon/lloxj.html
2026-07-28 12:49:49 | INFO     | ss_crawler | [camera_scraper] Filtered [lloxj]: filtered_nikon
2026-07-28 12:49:49 | INFO     | ss_crawler | [crawler] Fetching : https://www.ss.com/msg/lv/electronics/photo-optics/digital-cameras/canon/eoimf.html
2026-07-28 12:49:51 | INFO     | ss_crawler | [camera_scraper] Filtered [eoimf]: filtered_powershot
2026-07-28 12:49:51 | INFO     | ss_crawler | [crawler] Fetching : https://www.ss.com/msg/lv/electronics/photo-optics/digital-cameras/canon/bfmim.html
2026-07-28 12:49:54 | INFO     | ss_crawler | [camera_matcher] Matched camera: Canon 1D Mark II / N (score: 1.13)
2026-07-28 12:49:54 | INFO     | ss_crawler | [camera_scraper] Matched camera: Canon 1D Mark II / N (100% confidence)
2026-07-28 12:49:54 | INFO     | ss_crawler | [camera_scraper] Matched [bfmim]: Canon 1D Mark II / N (100% confidence)
2026-07-28 12:49:54 | INFO     | ss_crawler | [crawler] Fetching : https://www.ss.com/msg/lv/electronics/photo-optics/digital-cameras/fujifilm/gxmkb.html
2026-07-28 12:49:55 | INFO     | ss_crawler | [camera_scraper] No camera match for [gxmkb]
2026-07-28 12:49:55 | INFO     | ss_crawler | [crawler] Fetching : https://www.ss.com/msg/lv/electronics/photo-optics/digital-cameras/canon/coxeh.html
2026-07-28 12:49:58 | INFO     | ss_crawler | [camera_scraper] Filtered [coxeh]: filtered_powershot
2026-07-28 12:49:58 | INFO     | ss_crawler | [crawler] Fetching : https://www.ss.com/msg/lv/electronics/photo-optics/digital-cameras/canon/gfbec.html
2026-07-28 12:50:01 | INFO     | ss_crawler | [camera_matcher] Matched camera: Canon 5Ds / 5Ds R (score: 1.03)
2026-07-28 12:50:01 | INFO     | ss_crawler | [camera_scraper] Matched camera: Canon 5Ds / 5Ds R (100% confidence)
2026-07-28 12:50:01 | INFO     | ss_crawler | [camera_scraper] Matched [gfbec]: Canon 5Ds / 5Ds R (100% confidence)
2026-07-28 12:50:01 | INFO     | ss_crawler | [crawler] Fetching : https://www.ss.com/msg/lv/electronics/photo-optics/digital-cameras/sony/mfmcg.html
2026-07-28 12:50:03 | INFO     | ss_crawler | [camera_matcher] Matched camera: Sony A7R IV (score: 0.62)
2026-07-28 12:50:03 | INFO     | ss_crawler | [camera_scraper] Matched camera: Sony A7R IV (62% confidence)
2026-07-28 12:50:03 | INFO     | ss_crawler | [camera_scraper] Matched [mfmcg]: Sony A7R IV (62% confidence)
2026-07-28 12:50:03 | INFO     | ss_crawler | [crawler] Fetching : https://www.ss.com/msg/lv/electronics/photo-optics/digital-cameras/panasonic/dejkb.html
2026-07-28 12:50:05 | INFO     | ss_crawler | [camera_scraper] No camera match for [dejkb]
2026-07-28 12:50:05 | INFO     | ss_crawler | [crawler] Fetching : https://www.ss.com/msg/lv/electronics/photo-optics/digital-cameras/sony/fkmno.html
2026-07-28 12:50:08 | INFO     | ss_crawler | [camera_scraper] Filtered [fkmno]: filtered_jauns
2026-07-28 12:50:08 | INFO     | ss_crawler | [crawler] Fetching : https://www.ss.com/msg/lv/electronics/photo-optics/digital-cameras/canon/encdm.html
2026-07-28 12:50:10 | INFO     | ss_crawler | [camera_scraper] Filtered [encdm]: filtered_jauns
2026-07-28 12:50:10 | INFO     | ss_crawler | [crawler] Fetching : https://www.ss.com/msg/lv/electronics/photo-optics/digital-cameras/olympus/ghlcl.html
2026-07-28 12:50:13 | INFO     | ss_crawler | [camera_scraper] No camera match for [ghlcl]
2026-07-28 12:50:13 | INFO     | ss_crawler | [crawler] Fetching : https://www.ss.com/msg/lv/electronics/photo-optics/digital-cameras/fujifilm/gemeh.html
2026-07-28 12:50:15 | INFO     | ss_crawler | [camera_scraper] No camera match for [gemeh]
2026-07-28 12:50:15 | INFO     | ss_crawler | [crawler] Fetching : https://www.ss.com/msg/lv/electronics/photo-optics/digital-cameras/panasonic/gooxj.html
2026-07-28 12:50:18 | INFO     | ss_crawler | [camera_scraper] No camera match for [gooxj]
2026-07-28 12:50:18 | INFO     | ss_crawler | [crawler] Fetching : https://www.ss.com/msg/lv/electronics/photo-optics/digital-cameras/canon/ebjcb.html
2026-07-28 12:50:21 | INFO     | ss_crawler | [camera_scraper] Filtered [ebjcb]: filtered_powershot
2026-07-28 12:50:21 | INFO     | ss_crawler | [crawler] Fetching : https://www.ss.com/msg/lv/electronics/photo-optics/digital-cameras/canon/eifkc.html
2026-07-28 12:50:22 | INFO     | ss_crawler | [camera_matcher] Matched camera: Canon 1D Mark II / N (score: 0.69)
2026-07-28 12:50:22 | INFO     | ss_crawler | [camera_scraper] Matched camera: Canon 1D Mark II / N (69% confidence)
2026-07-28 12:50:22 | INFO     | ss_crawler | [camera_scraper] Matched [eifkc]: Canon 1D Mark II / N (69% confidence)
2026-07-28 12:50:22 | INFO     | ss_crawler | [crawler] Fetching : https://www.ss.com/msg/lv/electronics/photo-optics/digital-cameras/sony/ckldi.html
2026-07-28 12:50:25 | INFO     | ss_crawler | [camera_scraper] Filtered [ckldi]: filtered_nex
2026-07-28 12:50:25 | INFO     | ss_crawler | [crawler] Fetching : https://www.ss.com/msg/lv/electronics/photo-optics/digital-cameras/sony/fhxkg.html
2026-07-28 12:50:28 | INFO     | ss_crawler | [camera_matcher] Matched camera: Sony ZV-E10 II (score: 1.07)
2026-07-28 12:50:28 | INFO     | ss_crawler | [camera_scraper] Matched camera: Sony ZV-E10 II (100% confidence)
2026-07-28 12:50:28 | INFO     | ss_crawler | [camera_scraper] Matched [fhxkg]: Sony ZV-E10 II (100% confidence)
2026-07-28 12:50:28 | INFO     | ss_crawler | [crawler] Fetching : https://www.ss.com/msg/lv/electronics/photo-optics/digital-cameras/canon/fbdlb.html
2026-07-28 12:50:31 | INFO     | ss_crawler | [camera_matcher] Matched camera: Canon R5 C (score: 1.03)
2026-07-28 12:50:31 | INFO     | ss_crawler | [camera_scraper] Matched camera: Canon R5 C (100% confidence)
2026-07-28 12:50:31 | INFO     | ss_crawler | [camera_scraper] Matched [fbdlb]: Canon R5 C (100% confidence)
2026-07-28 12:50:31 | INFO     | ss_crawler | [crawler] Fetching : https://www.ss.com/msg/lv/electronics/photo-optics/digital-cameras/fujifilm/dlfxc.html
2026-07-28 12:50:34 | INFO     | ss_crawler | [camera_scraper] No camera match for [dlfxc]
2026-07-28 12:50:34 | INFO     | ss_crawler | [crawler] Fetching : https://www.ss.com/msg/lv/electronics/photo-optics/digital-cameras/sony/epfki.html
2026-07-28 12:50:36 | INFO     | ss_crawler | [camera_scraper] Filtered [epfki]: filtered_jauns
2026-07-28 12:50:36 | INFO     | ss_crawler | [crawler] Fetching : https://www.ss.com/msg/lv/electronics/photo-optics/digital-cameras/canon/aiehe.html
2026-07-28 12:50:38 | INFO     | ss_crawler | [camera_scraper] Filtered [aiehe]: filtered_jauns
2026-07-28 12:50:38 | INFO     | ss_crawler | [crawler] Fetching : https://www.ss.com/msg/lv/electronics/photo-optics/digital-cameras/canon/ebpdg.html
2026-07-28 12:50:42 | INFO     | ss_crawler | [camera_scraper] Filtered [ebpdg]: filtered_jauns
2026-07-28 12:50:42 | INFO     | ss_crawler | [crawler] Fetching : https://www.ss.com/msg/lv/electronics/photo-optics/digital-cameras/panasonic/mpcec.html
2026-07-28 12:50:44 | INFO     | ss_crawler | [parser] Skipping store listing by description: Panasonic
2026-07-28 12:50:44 | WARNING  | ss_crawler | [camera_scraper] Failed to parse listing mpcec
2026-07-28 12:50:44 | INFO     | ss_crawler | [crawler] Fetching : https://www.ss.com/msg/lv/electronics/photo-optics/digital-cameras/fujifilm/dpmej.html
2026-07-28 12:50:46 | INFO     | ss_crawler | [camera_scraper] No camera match for [dpmej]
2026-07-28 12:50:46 | INFO     | ss_crawler | [crawler] Fetching : https://www.ss.com/msg/lv/electronics/photo-optics/digital-cameras/fujifilm/migdd.html
2026-07-28 12:50:48 | INFO     | ss_crawler | [camera_scraper] Filtered [migdd]: filtered_jauns
2026-07-28 12:50:48 | INFO     | ss_crawler | [camera_scraper] Fetching page 5: https://www.ss.com/lv/electronics/photo-optics/digital-cameras/page5.html
2026-07-28 12:50:48 | INFO     | ss_crawler | [crawler] Fetching : https://www.ss.com/lv/electronics/photo-optics/digital-cameras/page5.html
2026-07-28 12:50:50 | INFO     | ss_crawler | [camera_scraper] Found 16 listings on page 5
2026-07-28 12:50:50 | INFO     | ss_crawler | [crawler] Fetching : https://www.ss.com/msg/lv/electronics/photo-optics/digital-cameras/sony/mxmpj.html
2026-07-28 12:50:53 | INFO     | ss_crawler | [camera_scraper] Filtered [mxmpj]: filtered_jauns
2026-07-28 12:50:53 | INFO     | ss_crawler | [crawler] Fetching : https://www.ss.com/msg/lv/electronics/photo-optics/digital-cameras/sony/mxmpj.html
2026-07-28 12:50:56 | INFO     | ss_crawler | [camera_scraper] Filtered [mxmpj]: filtered_jauns
2026-07-28 12:50:56 | INFO     | ss_crawler | [crawler] Fetching : https://www.ss.com/msg/lv/electronics/photo-optics/digital-cameras/sony/mxmpj.html
2026-07-28 12:50:58 | INFO     | ss_crawler | [camera_scraper] Filtered [mxmpj]: filtered_jauns
2026-07-28 12:50:58 | INFO     | ss_crawler | [crawler] Fetching : https://www.ss.com/msg/lv/electronics/photo-optics/digital-cameras/nikon/lofpj.html
2026-07-28 12:51:00 | INFO     | ss_crawler | [camera_scraper] Filtered [lofpj]: filtered_nikon
2026-07-28 12:51:00 | INFO     | ss_crawler | [crawler] Fetching : https://www.ss.com/msg/lv/electronics/photo-optics/digital-cameras/nikon/hblck.html
2026-07-28 12:51:02 | INFO     | ss_crawler | [camera_scraper] Filtered [hblck]: filtered_nikon
2026-07-28 12:51:02 | INFO     | ss_crawler | [crawler] Fetching : https://www.ss.com/msg/lv/electronics/photo-optics/digital-cameras/canon/aclng.html
2026-07-28 12:51:04 | INFO     | ss_crawler | [camera_matcher] Matched camera: Canon R6 (score: 0.99)
2026-07-28 12:51:04 | INFO     | ss_crawler | [camera_scraper] Matched camera: Canon R6 (99% confidence)
2026-07-28 12:51:04 | INFO     | ss_crawler | [camera_scraper] Matched [aclng]: Canon R6 (99% confidence)
2026-07-28 12:51:04 | INFO     | ss_crawler | [crawler] Fetching : https://www.ss.com/msg/lv/electronics/photo-optics/digital-cameras/sony/fdkfe.html
2026-07-28 12:51:07 | INFO     | ss_crawler | [camera_matcher] Matched camera: Sony A7R III (score: 1.93)
2026-07-28 12:51:07 | INFO     | ss_crawler | [camera_scraper] Matched camera: Sony A7R III (100% confidence)
2026-07-28 12:51:07 | INFO     | ss_crawler | [camera_scraper] Matched [fdkfe]: Sony A7R III (100% confidence)
2026-07-28 12:51:07 | INFO     | ss_crawler | [crawler] Fetching : https://www.ss.com/msg/lv/electronics/photo-optics/digital-cameras/canon/dclfo.html
2026-07-28 12:51:09 | INFO     | ss_crawler | [camera_scraper] Filtered [dclfo]: filtered_jauns
2026-07-28 12:51:09 | INFO     | ss_crawler | [crawler] Fetching : https://www.ss.com/msg/lv/electronics/photo-optics/digital-cameras/canon/eliej.html
2026-07-28 12:51:12 | INFO     | ss_crawler | [camera_scraper] Filtered [eliej]: filtered_jauns
2026-07-28 12:51:12 | INFO     | ss_crawler | [crawler] Fetching : https://www.ss.com/msg/lv/electronics/photo-optics/digital-cameras/canon/ejnjl.html
2026-07-28 12:51:14 | INFO     | ss_crawler | [camera_scraper] Filtered [ejnjl]: filtered_jauns
2026-07-28 12:51:14 | INFO     | ss_crawler | [crawler] Fetching : https://www.ss.com/msg/lv/electronics/photo-optics/digital-cameras/sony/mfmdh.html
2026-07-28 12:51:16 | INFO     | ss_crawler | [camera_scraper] Filtered [mfmdh]: filtered_jauns
2026-07-28 12:51:16 | INFO     | ss_crawler | [crawler] Fetching : https://www.ss.com/msg/lv/electronics/photo-optics/digital-cameras/sony/bboxhx.html
2026-07-28 12:51:18 | INFO     | ss_crawler | [camera_scraper] Filtered [bboxhx]: filtered_nex
2026-07-28 12:51:18 | INFO     | ss_crawler | [crawler] Fetching : https://www.ss.com/msg/lv/electronics/photo-optics/digital-cameras/fujifilm/ffckc.html
2026-07-28 12:51:20 | INFO     | ss_crawler | [camera_scraper] No camera match for [ffckc]
2026-07-28 12:51:20 | INFO     | ss_crawler | [crawler] Fetching : https://www.ss.com/msg/lv/electronics/photo-optics/digital-cameras/fujifilm/gjcio.html
2026-07-28 12:51:23 | INFO     | ss_crawler | [camera_scraper] No camera match for [gjcio]
2026-07-28 12:51:23 | INFO     | ss_crawler | [crawler] Fetching : https://www.ss.com/msg/lv/electronics/photo-optics/digital-cameras/olympus/fccjh.html
2026-07-28 12:51:24 | INFO     | ss_crawler | [camera_scraper] No camera match for [fccjh]
2026-07-28 12:51:24 | INFO     | ss_crawler | [crawler] Fetching : https://www.ss.com/msg/lv/electronics/photo-optics/digital-cameras/panasonic/dkjpe.html
2026-07-28 12:51:27 | INFO     | ss_crawler | [camera_scraper] No camera match for [dkjpe]
2026-07-28 12:51:28 | INFO     | ss_crawler | [camera_scraper] No more pages to scrape
2026-07-28 12:51:28 | INFO     | ss_crawler | [camera_scraper] Category /lv/electronics/photo-optics/digital-cameras/ complete. Listings: 70
2026-07-28 12:51:28 | INFO     | ss_crawler | [camera_scraper] Category scrape complete. Total listings: 124
2026-07-28 12:51:28 | INFO     | ss_crawler | [repository] ✨ bfiijp: New
2026-07-28 12:51:28 | INFO     | ss_crawler | [listing_versioning] Legacy listing bfiijp v1 matches by computed fingerprint, updating
2026-07-28 12:51:28 | INFO     | ss_crawler | [repository] ⏸️ bfiijp: Unchanged
2026-07-28 12:51:28 | INFO     | ss_crawler | [listing_versioning] Legacy listing bfiijp v1 matches by computed fingerprint, updating
2026-07-28 12:51:28 | INFO     | ss_crawler | [repository] ⏸️ bfiijp: Unchanged
2026-07-28 12:51:28 | WARNING  | ss_crawler | [listing_versioning] Legacy listing bfghig v1 has NULL fingerprint, creating new version
2026-07-28 12:51:28 | INFO     | ss_crawler | [repository] ✨ bfghig_v2: New
2026-07-28 12:51:28 | WARNING  | ss_crawler | [listing_versioning] Legacy listing bfmhbi v1 has NULL fingerprint, creating new version
2026-07-28 12:51:28 | INFO     | ss_crawler | [repository] ✨ bfmhbi_v2: New
2026-07-28 12:51:28 | INFO     | ss_crawler | [repository] ✨ bfgkno: New
2026-07-28 12:51:28 | INFO     | ss_crawler | [listing_versioning] Legacy listing bfimkm v1 matches by computed fingerprint, updating
2026-07-28 12:51:28 | INFO     | ss_crawler | [repository] ⏸️ bfimkm: Unchanged
2026-07-28 12:51:28 | INFO     | ss_crawler | [repository] ✨ bfekhe: New
2026-07-28 12:51:28 | WARNING  | ss_crawler | [listing_versioning] Legacy listing bfeden v1 has NULL fingerprint, creating new version
2026-07-28 12:51:28 | INFO     | ss_crawler | [repository] ✨ bfeden_v2: New
2026-07-28 12:51:28 | INFO     | ss_crawler | [repository] ✨ bfgjep: New
2026-07-28 12:51:28 | WARNING  | ss_crawler | [listing_versioning] Legacy listing bfjmxe v1 has NULL fingerprint, creating new version
2026-07-28 12:51:28 | INFO     | ss_crawler | [repository] ✨ bfjmxe_v2: New
2026-07-28 12:51:28 | INFO     | ss_crawler | [repository] ✨ bfgomm: New
2026-07-28 12:51:28 | INFO     | ss_crawler | [repository] ✨ bfflpe: New
2026-07-28 12:51:28 | INFO     | ss_crawler | [repository] ✨ bfofdh: New
2026-07-28 12:51:28 | INFO     | ss_crawler | [repository] ✨ bfilmf: New
2026-07-28 12:51:28 | INFO     | ss_crawler | [repository] ✨ bfdkhp: New
2026-07-28 12:51:28 | INFO     | ss_crawler | [repository] ✨ bfincg: New
2026-07-28 12:51:28 | INFO     | ss_crawler | [repository] ✨ bfhoxo: New
2026-07-28 12:51:28 | INFO     | ss_crawler | [listing_versioning] Legacy listing bfnejp v1 matches by computed fingerprint, updating
2026-07-28 12:51:28 | INFO     | ss_crawler | [repository] ⏸️ bfnejp: Unchanged
2026-07-28 12:51:28 | WARNING  | ss_crawler | [listing_versioning] Legacy listing bfiigm v1 has NULL fingerprint, creating new version
2026-07-28 12:51:28 | INFO     | ss_crawler | [repository] ✨ bfiigm_v2: New
2026-07-28 12:51:28 | INFO     | ss_crawler | [repository] ✨ bfjbgk: New
2026-07-28 12:51:28 | INFO     | ss_crawler | [repository] ✨ bfdomf: New
2026-07-28 12:51:28 | WARNING  | ss_crawler | [listing_versioning] Legacy listing bfehol v1 has NULL fingerprint, creating new version
2026-07-28 12:51:28 | INFO     | ss_crawler | [repository] ✨ bfehol_v2: New
2026-07-28 12:51:28 | INFO     | ss_crawler | [listing_versioning] Legacy listing bfehol v2 matches by computed fingerprint, updating
2026-07-28 12:51:28 | INFO     | ss_crawler | [repository] ⏸️ bfehol: Unchanged
2026-07-28 12:51:28 | INFO     | ss_crawler | [listing_versioning] Legacy listing bfehol v2 matches by computed fingerprint, updating
2026-07-28 12:51:28 | INFO     | ss_crawler | [repository] ⏸️ bfehol: Unchanged
2026-07-28 12:51:28 | INFO     | ss_crawler | [listing_versioning] Legacy listing bfmipn v1 matches by computed fingerprint, updating
2026-07-28 12:51:28 | INFO     | ss_crawler | [repository] ⏸️ bfmipn: Unchanged
2026-07-28 12:51:28 | WARNING  | ss_crawler | [listing_versioning] Legacy listing bfjioe v1 has NULL fingerprint, creating new version
2026-07-28 12:51:28 | INFO     | ss_crawler | [repository] ✨ bfjioe_v2: New
2026-07-28 12:51:28 | INFO     | ss_crawler | [listing_versioning] Legacy listing bfmjlo v1 matches by computed fingerprint, updating
2026-07-28 12:51:28 | INFO     | ss_crawler | [repository] ⏸️ bfmjlo: Unchanged
2026-07-28 12:51:28 | INFO     | ss_crawler | [repository] ✨ bfjfxg: New
2026-07-28 12:51:28 | INFO     | ss_crawler | [listing_versioning] Legacy listing bfijfo v1 matches by computed fingerprint, updating
2026-07-28 12:51:28 | INFO     | ss_crawler | [repository] ⏸️ bfijfo: Unchanged
2026-07-28 12:51:28 | INFO     | ss_crawler | [repository] ✨ bfjocx: New
2026-07-28 12:51:28 | WARNING  | ss_crawler | [listing_versioning] Legacy listing bfdolo v1 has NULL fingerprint, creating new version
2026-07-28 12:51:28 | INFO     | ss_crawler | [repository] ✨ bfdolo_v2: New
2026-07-28 12:51:28 | INFO     | ss_crawler | [listing_versioning] Legacy listing bfgpkd v1 matches by computed fingerprint, updating
2026-07-28 12:51:28 | INFO     | ss_crawler | [repository] ⏸️ bfgpkd: Unchanged
2026-07-28 12:51:28 | INFO     | ss_crawler | [repository] ✨ bfhkjb: New
2026-07-28 12:51:28 | INFO     | ss_crawler | [repository] ✨ bfhikb: New
2026-07-28 12:51:28 | WARNING  | ss_crawler | [listing_versioning] Legacy listing bfjxgh v1 has NULL fingerprint, creating new version
2026-07-28 12:51:28 | INFO     | ss_crawler | [repository] ✨ bfjxgh_v2: New
2026-07-28 12:51:28 | WARNING  | ss_crawler | [listing_versioning] Legacy listing bfgjbm v1 has NULL fingerprint, creating new version
2026-07-28 12:51:28 | INFO     | ss_crawler | [repository] ✨ bfgjbm_v2: New
2026-07-28 12:51:28 | WARNING  | ss_crawler | [listing_versioning] Legacy listing bfhcif v1 has NULL fingerprint, creating new version
2026-07-28 12:51:28 | INFO     | ss_crawler | [repository] ✨ bfhcif_v2: New
2026-07-28 12:51:28 | INFO     | ss_crawler | [repository] ✨ bffimj: New
2026-07-28 12:51:28 | INFO     | ss_crawler | [listing_versioning] Legacy listing bgxijh v1 matches by computed fingerprint, updating
2026-07-28 12:51:28 | INFO     | ss_crawler | [repository] ⏸️ bgxijh: Unchanged
2026-07-28 12:51:28 | WARNING  | ss_crawler | [listing_versioning] Legacy listing bfebgj v1 has NULL fingerprint, creating new version
2026-07-28 12:51:28 | INFO     | ss_crawler | [repository] ✨ bfebgj_v2: New
2026-07-28 12:51:28 | INFO     | ss_crawler | [repository] ✨ bficid: New
2026-07-28 12:51:28 | INFO     | ss_crawler | [repository] ✨ bhedgl: New
2026-07-28 12:51:28 | INFO     | ss_crawler | [listing_versioning] Legacy listing bfgojj v1 matches by computed fingerprint, updating
2026-07-28 12:51:28 | INFO     | ss_crawler | [repository] ⏸️ bfgojj: Unchanged
2026-07-28 12:51:28 | WARNING  | ss_crawler | [listing_versioning] Legacy listing bfgdce v1 has NULL fingerprint, creating new version
2026-07-28 12:51:28 | INFO     | ss_crawler | [repository] ✨ bfgdce_v2: New
2026-07-28 12:51:28 | INFO     | ss_crawler | [listing_versioning] Legacy listing bfhxjl v1 matches by computed fingerprint, updating
2026-07-28 12:51:28 | INFO     | ss_crawler | [repository] ⏸️ bfhxjl: Unchanged
2026-07-28 12:51:28 | INFO     | ss_crawler | [repository] ✨ bfmenk: New
2026-07-28 12:51:28 | INFO     | ss_crawler | [listing_versioning] Legacy listing bgmhpk v1 matches by computed fingerprint, updating
2026-07-28 12:51:28 | INFO     | ss_crawler | [repository] ⏸️ bgmhpk: Unchanged
2026-07-28 12:51:28 | WARNING  | ss_crawler | [listing_versioning] Legacy listing bfilgn v1 has NULL fingerprint, creating new version
2026-07-28 12:51:28 | INFO     | ss_crawler | [repository] ✨ bfilgn_v2: New
2026-07-28 12:51:28 | INFO     | ss_crawler | [repository] ✨ bficeo: New
2026-07-28 12:51:28 | INFO     | ss_crawler | [repository] ✨ bfimpg: New
2026-07-28 12:51:28 | INFO     | ss_crawler | [listing_versioning] Legacy listing bfimpg v1 matches by computed fingerprint, updating
2026-07-28 12:51:28 | INFO     | ss_crawler | [repository] ⏸️ bfimpg: Unchanged
2026-07-28 12:51:28 | INFO     | ss_crawler | [listing_versioning] Legacy listing bfimpg v1 matches by computed fingerprint, updating
2026-07-28 12:51:28 | INFO     | ss_crawler | [repository] ⏸️ bfimpg: Unchanged
2026-07-28 12:51:28 | INFO     | ss_crawler | [repository] ✨ bfgbnh: New
2026-07-28 12:51:28 | INFO     | ss_crawler | [repository] ✨ goodb: New
2026-07-28 12:51:28 | INFO     | ss_crawler | [listing_versioning] Legacy listing goodb v1 matches by computed fingerprint, updating
2026-07-28 12:51:28 | INFO     | ss_crawler | [repository] ⏸️ goodb: Unchanged
2026-07-28 12:51:28 | INFO     | ss_crawler | [listing_versioning] Legacy listing goodb v1 matches by computed fingerprint, updating
2026-07-28 12:51:28 | INFO     | ss_crawler | [repository] ⏸️ goodb: Unchanged
2026-07-28 12:51:28 | INFO     | ss_crawler | [listing_versioning] Legacy listing didli v1 matches by computed fingerprint, updating
2026-07-28 12:51:28 | INFO     | ss_crawler | [repository] ⏸️ didli: Unchanged
2026-07-28 12:51:28 | INFO     | ss_crawler | [repository] ✨ cmlih: New
2026-07-28 12:51:28 | WARNING  | ss_crawler | [listing_versioning] Legacy listing mpllb v1 has NULL fingerprint, creating new version
2026-07-28 12:51:28 | INFO     | ss_crawler | [repository] ✨ mpllb_v2: New
2026-07-28 12:51:28 | INFO     | ss_crawler | [repository] ✨ egeck: New
2026-07-28 12:51:28 | INFO     | ss_crawler | [repository] ✨ dcllh: New
2026-07-28 12:51:28 | INFO     | ss_crawler | [repository] ✨ akdbi: New
2026-07-28 12:51:28 | INFO     | ss_crawler | [repository] ✨ dppij: New
2026-07-28 12:51:28 | INFO     | ss_crawler | [repository] ✨ hfxpj: New
2026-07-28 12:51:28 | INFO     | ss_crawler | [repository] ✨ ocebk: New
2026-07-28 12:51:28 | INFO     | ss_crawler | [repository] ✨ eglkj: New
2026-07-28 12:51:28 | INFO     | ss_crawler | [repository] ✨ dcchn: New
2026-07-28 12:51:28 | INFO     | ss_crawler | [repository] ✨ diphc: New
2026-07-28 12:51:28 | INFO     | ss_crawler | [repository] ✨ mmxde: New
2026-07-28 12:51:28 | INFO     | ss_crawler | [repository] ✨ flodj: New
2026-07-28 12:51:28 | INFO     | ss_crawler | [repository] ✨ dcmxl: New
2026-07-28 12:51:28 | WARNING  | ss_crawler | [listing_versioning] Legacy listing eeepk v1 has NULL fingerprint, creating new version
2026-07-28 12:51:28 | INFO     | ss_crawler | [repository] ✨ eeepk_v2: New
2026-07-28 12:51:28 | INFO     | ss_crawler | [repository] ✨ fjhdk: New
2026-07-28 12:51:28 | INFO     | ss_crawler | [repository] ✨ fhlmf: New
2026-07-28 12:51:28 | INFO     | ss_crawler | [repository] ✨ gciim: New
2026-07-28 12:51:28 | INFO     | ss_crawler | [listing_versioning] Legacy listing gciim v1 matches by computed fingerprint, updating
2026-07-28 12:51:28 | INFO     | ss_crawler | [repository] ⏸️ gciim: Unchanged
2026-07-28 12:51:28 | INFO     | ss_crawler | [listing_versioning] Legacy listing gciim v1 matches by computed fingerprint, updating
2026-07-28 12:51:28 | INFO     | ss_crawler | [repository] ⏸️ gciim: Unchanged
2026-07-28 12:51:28 | INFO     | ss_crawler | [listing_versioning] Legacy listing dbfcd v1 matches by computed fingerprint, updating
2026-07-28 12:51:28 | INFO     | ss_crawler | [repository] ⏸️ dbfcd: Unchanged
2026-07-28 12:51:28 | WARNING  | ss_crawler | [listing_versioning] Legacy listing adopd v1 has NULL fingerprint, creating new version
2026-07-28 12:51:28 | INFO     | ss_crawler | [repository] ✨ adopd_v2: New
2026-07-28 12:51:28 | INFO     | ss_crawler | [repository] ✨ dllbn: New
2026-07-28 12:51:28 | INFO     | ss_crawler | [repository] ✨ hhbgg: New
2026-07-28 12:51:28 | INFO     | ss_crawler | [repository] ✨ hxmen: New
2026-07-28 12:51:28 | INFO     | ss_crawler | [repository] ✨ dcgid: New
2026-07-28 12:51:28 | INFO     | ss_crawler | [repository] ✨ giden: New
2026-07-28 12:51:28 | INFO     | ss_crawler | [repository] ✨ adooo: New
2026-07-28 12:51:28 | INFO     | ss_crawler | [repository] ✨ hfgdn: New
2026-07-28 12:51:28 | INFO     | ss_crawler | [repository] ✨ fmxgi: New
2026-07-28 12:51:28 | INFO     | ss_crawler | [repository] ✨ cmhig: New
2026-07-28 12:51:28 | INFO     | ss_crawler | [repository] ✨ dcmxd: New
2026-07-28 12:51:28 | WARNING  | ss_crawler | [listing_versioning] Legacy listing hfigf v1 has NULL fingerprint, creating new version
2026-07-28 12:51:28 | INFO     | ss_crawler | [repository] ✨ hfigf_v2: New
2026-07-28 12:51:28 | INFO     | ss_crawler | [repository] ✨ bbmhpe: New
2026-07-28 12:51:28 | WARNING  | ss_crawler | [listing_versioning] Legacy listing dphho v1 has NULL fingerprint, creating new version
2026-07-28 12:51:28 | INFO     | ss_crawler | [repository] ✨ dphho_v2: New
2026-07-28 12:51:28 | INFO     | ss_crawler | [repository] ✨ egpnm: New
2026-07-28 12:51:28 | INFO     | ss_crawler | [repository] ✨ mdnxo: New
2026-07-28 12:51:28 | INFO     | ss_crawler | [repository] ✨ mfmdk: New
2026-07-28 12:51:28 | INFO     | ss_crawler | [repository] ✨ hepij: New
2026-07-28 12:51:28 | INFO     | ss_crawler | [repository] ✨ jemdi: New
2026-07-28 12:51:28 | INFO     | ss_crawler | [listing_versioning] Legacy listing bbmpjh v1 matches by computed fingerprint, updating
2026-07-28 12:51:28 | INFO     | ss_crawler | [repository] ⏸️ bbmpjh: Unchanged
2026-07-28 12:51:28 | INFO     | ss_crawler | [listing_versioning] Legacy listing boopo v1 matches by computed fingerprint, updating
2026-07-28 12:51:28 | INFO     | ss_crawler | [repository] ⏸️ boopo: Unchanged
2026-07-28 12:51:28 | INFO     | ss_crawler | [repository] ✨ ghclj: New
2026-07-28 12:51:28 | INFO     | ss_crawler | [listing_versioning] Legacy listing fldjp v1 matches by computed fingerprint, updating
2026-07-28 12:51:28 | INFO     | ss_crawler | [repository] ⏸️ fldjp: Unchanged
2026-07-28 12:51:28 | INFO     | ss_crawler | [repository] ✨ elelj: New
2026-07-28 12:51:28 | WARNING  | ss_crawler | [listing_versioning] Legacy listing enmdk v1 has NULL fingerprint, creating new version
2026-07-28 12:51:28 | INFO     | ss_crawler | [repository] Detected re-list: enmdk (was bfdolo_v2)
2026-07-28 12:51:28 | INFO     | ss_crawler | [repository] ✨ enmdk_v2: New
2026-07-28 12:51:28 | INFO     | ss_crawler | [repository] ✨ ffenc: New
2026-07-28 12:51:28 | INFO     | ss_crawler | [repository] ✨ bfmim: New
2026-07-28 12:51:28 | INFO     | ss_crawler | [listing_versioning] Legacy listing gxmkb v1 matches by computed fingerprint, updating
2026-07-28 12:51:28 | INFO     | ss_crawler | [repository] ⏸️ gxmkb: Unchanged
2026-07-28 12:51:28 | WARNING  | ss_crawler | [listing_versioning] Legacy listing gfbec v1 has NULL fingerprint, creating new version
2026-07-28 12:51:28 | INFO     | ss_crawler | [repository] Detected re-list: gfbec (was bfhcif_v2)
2026-07-28 12:51:28 | INFO     | ss_crawler | [repository] ✨ gfbec_v2: New
2026-07-28 12:51:28 | INFO     | ss_crawler | [repository] ✨ mfmcg: New
2026-07-28 12:51:28 | INFO     | ss_crawler | [repository] ✨ dejkb: New
2026-07-28 12:51:28 | INFO     | ss_crawler | [repository] ✨ ghlcl: New
2026-07-28 12:51:28 | INFO     | ss_crawler | [repository] ✨ gemeh: New
2026-07-28 12:51:28 | INFO     | ss_crawler | [repository] ✨ gooxj: New
2026-07-28 12:51:28 | WARNING  | ss_crawler | [listing_versioning] Legacy listing eifkc v1 has NULL fingerprint, creating new version
2026-07-28 12:51:28 | INFO     | ss_crawler | [repository] ✨ eifkc_v2: New
2026-07-28 12:51:28 | INFO     | ss_crawler | [repository] ✨ fhxkg: New
2026-07-28 12:51:28 | INFO     | ss_crawler | [repository] ✨ fbdlb: New
2026-07-28 12:51:28 | INFO     | ss_crawler | [listing_versioning] Legacy listing dlfxc v1 matches by computed fingerprint, updating
2026-07-28 12:51:28 | INFO     | ss_crawler | [repository] ⏸️ dlfxc: Unchanged
2026-07-28 12:51:28 | INFO     | ss_crawler | [listing_versioning] Legacy listing dpmej v1 matches by computed fingerprint, updating
2026-07-28 12:51:28 | INFO     | ss_crawler | [repository] ⏸️ dpmej: Unchanged
2026-07-28 12:51:28 | INFO     | ss_crawler | [repository] ✨ aclng: New
2026-07-28 12:51:28 | WARNING  | ss_crawler | [listing_versioning] Legacy listing fdkfe v1 has NULL fingerprint, creating new version
2026-07-28 12:51:28 | INFO     | ss_crawler | [repository] ✨ fdkfe_v2: New
2026-07-28 12:51:28 | INFO     | ss_crawler | [repository] ✨ ffckc: New
2026-07-28 12:51:28 | INFO     | ss_crawler | [repository] ✨ gjcio: New
2026-07-28 12:51:28 | INFO     | ss_crawler | [repository] ✨ fccjh: New
2026-07-28 12:51:28 | INFO     | ss_crawler | [listing_versioning] Legacy listing dkjpe v1 matches by computed fingerprint, updating
2026-07-28 12:51:28 | INFO     | ss_crawler | [repository] ⏸️ dkjpe: Unchanged
2026-07-28 17:54:13 | INFO     | ss_crawler | [computer_scraper] Initializing computer scraper...
2026-07-28 17:54:13 | INFO     | ss_crawler | [database] Database connected: localhost:5433/ss_market
2026-07-28 17:54:13 | INFO     | ss_crawler | [computer_scraper] Database: postgresql+psycopg2://crawler:crawler_pass@localhost:5433/ss_market
2026-07-28 17:54:14 | INFO     | ss_crawler | [cpu_matcher] CPUMatcher initialized with 5320 CPUs
2026-07-28 17:54:14 | INFO     | ss_crawler | [matcher] GPUMatcher initialized with 631 GPUs
2026-07-28 17:54:14 | INFO     | ss_crawler | [ram_matcher] RAMMatcher initialized with 5281 RAM references
2026-07-28 17:54:14 | INFO     | ss_crawler | [ssd_matcher] SSDMatcher initialized with 2453 SSDs
2026-07-28 17:54:14 | INFO     | ss_crawler | [psu_matcher] PSUMatcher initialized with 2895 PSU references
2026-07-28 17:54:14 | INFO     | ss_crawler | [case_matcher] CaseMatcher initialized with 5742 case references
2026-07-28 17:54:16 | INFO     | ss_crawler | [motherboard_matcher] MotherboardMatcher initialized with 5732 motherboards
2026-07-28 17:54:16 | INFO     | ss_crawler | [computer_monitor_matcher] ComputerMonitorMatcher initialized with 20272 monitors
2026-07-28 17:54:16 | INFO     | ss_crawler | [computer_matcher] ComputerMatcher initialized: 5320 CPUs, 631 GPUs, 5281 RAMs, 2453 SSDs, 2895 PSUs, 5742 Cases, 5732 Motherboards, 20272 Monitors
2026-07-28 17:54:16 | INFO     | ss_crawler | [computer_scraper] Loaded references: 5320 CPUs, 631 GPUs, 5281 RAMs, 2453 SSDs, 2895 PSUs, 5742 Cases, 5732 Motherboards, 20272 Monitors
2026-07-28 17:54:16 | INFO     | ss_crawler | [computer_scraper] Computer scrape run started: ID 57
2026-07-28 17:54:16 | INFO     | ss_crawler | [computer_scraper] Fetching computer category: https://www.ss.com/lv/electronics/computers/pc/
2026-07-28 17:54:16 | INFO     | ss_crawler | [crawler] Fetching Computer category page: https://www.ss.com/lv/electronics/computers/pc/
2026-07-28 17:54:20 | INFO     | ss_crawler | [computer_parser] Found 30 listings on page
2026-07-28 17:54:20 | INFO     | ss_crawler | [computer_scraper] Found 30 computer listings to process
2026-07-28 17:54:20 | INFO     | ss_crawler | [crawler] Fetching Computer listing 1/30: https://www.ss.com/msg/lv/electronics/computers/pc/mxlnp.html
2026-07-28 17:54:22 | INFO     | ss_crawler | [computer_parser] Skipping listing mxlnp: Contains skip pattern: 'piegāde visā latvijā'
2026-07-28 17:54:22 | INFO     | ss_crawler | [computer_scraper] SKIPPED: Filtered by skip patterns
2026-07-28 17:54:22 | INFO     | ss_crawler | [crawler] Fetching Computer listing 2/30: https://www.ss.com/msg/lv/electronics/computers/pc/pxdcj.html
2026-07-28 17:54:25 | ERROR    | ss_crawler | [database] Database transaction failed: 'ComputerListing' object has no attribute 'build_type'
2026-07-28 17:54:25 | CRITICAL | ss_crawler | [computer_scraper] Computer scraping failed: 'ComputerListing' object has no attribute 'build_type'
2026-07-28 18:03:44 | INFO     | ss_crawler | [computer_scraper] Initializing computer scraper...
2026-07-28 18:03:44 | INFO     | ss_crawler | [database] Database connected: localhost:5433/ss_market
2026-07-28 18:03:44 | INFO     | ss_crawler | [computer_scraper] Database: postgresql+psycopg2://crawler:crawler_pass@localhost:5433/ss_market
2026-07-28 18:03:44 | INFO     | ss_crawler | [cpu_matcher] CPUMatcher initialized with 5320 CPUs
2026-07-28 18:03:44 | INFO     | ss_crawler | [matcher] GPUMatcher initialized with 631 GPUs
2026-07-28 18:03:45 | INFO     | ss_crawler | [ram_matcher] RAMMatcher initialized with 5281 RAM references
2026-07-28 18:03:45 | INFO     | ss_crawler | [ssd_matcher] SSDMatcher initialized with 2453 SSDs
2026-07-28 18:03:45 | INFO     | ss_crawler | [psu_matcher] PSUMatcher initialized with 2895 PSU references
2026-07-28 18:03:45 | INFO     | ss_crawler | [case_matcher] CaseMatcher initialized with 5742 case references
2026-07-28 18:03:47 | INFO     | ss_crawler | [motherboard_matcher] MotherboardMatcher initialized with 5732 motherboards
2026-07-28 18:03:47 | INFO     | ss_crawler | [computer_monitor_matcher] ComputerMonitorMatcher initialized with 20272 monitors
2026-07-28 18:03:47 | INFO     | ss_crawler | [computer_matcher] ComputerMatcher initialized: 5320 CPUs, 631 GPUs, 5281 RAMs, 2453 SSDs, 2895 PSUs, 5742 Cases, 5732 Motherboards, 20272 Monitors
2026-07-28 18:03:47 | INFO     | ss_crawler | [computer_scraper] Loaded references: 5320 CPUs, 631 GPUs, 5281 RAMs, 2453 SSDs, 2895 PSUs, 5742 Cases, 5732 Motherboards, 20272 Monitors
2026-07-28 18:03:47 | INFO     | ss_crawler | [computer_scraper] Computer scrape run started: ID 58
2026-07-28 18:03:47 | INFO     | ss_crawler | [computer_scraper] Fetching computer category: https://www.ss.com/lv/electronics/computers/pc/
2026-07-28 18:03:47 | INFO     | ss_crawler | [crawler] Fetching Computer category page: https://www.ss.com/lv/electronics/computers/pc/
2026-07-28 18:03:50 | INFO     | ss_crawler | [computer_parser] Found 30 listings on page
2026-07-28 18:03:50 | INFO     | ss_crawler | [computer_scraper] Found 30 computer listings to process
2026-07-28 18:03:50 | INFO     | ss_crawler | [crawler] Fetching Computer listing 1/30: https://www.ss.com/msg/lv/electronics/computers/pc/lpief.html
2026-07-28 18:03:58 | INFO     | ss_crawler | [computer_monitor_matcher] [MONITOR DEBUG] Original context: 'datori un orgtehnika/datori/ pārdod lietots, pilnībā gatavs darbam: pārinstalēts windows 10 pro ar microsoft office 2016 professional plus un citām standarta programmām. ssd 240 gb un hdd 1 tb. datoram ir wi-fi uztvērējs un dvd-rw diskdzinis. līdzi dodu: monitoru 20" collu samsung b2030 un logitech webkameru. par visu eur 100.'
2026-07-28 18:03:58 | INFO     | ss_crawler | [computer_monitor_matcher] [MONITOR DEBUG] Filtered context: 'datori un orgtehnika/datori/ pārdod lietots, pilnībā gatavs darbam: pārinstalēts windows 10 pro ar microsoft office 2016 professional plus un citām standarta programmām. ssd 240 gb un hdd 1 tb. datoram ir wi-fi uztvērējs un dvd-rw diskdzinis. līdzi dodu: monitoru 20" collu samsung b2030 un logitech webkameru. par visu eur 100.'
2026-07-28 18:03:58 | INFO     | ss_crawler | [computer_monitor_matcher] [MONITOR DEBUG] Extracted size: None, refresh: None
2026-07-28 18:03:59 | INFO     | ss_crawler | [computer_monitor_matcher] [MONITOR DEBUG] Top match so far: Samsung 240T score=0.60 method=brand+model_number_match
2026-07-28 18:04:00 | INFO     | ss_crawler | [computer_monitor_matcher] [MONITOR DEBUG] Top match so far: Samsung B2030N score=0.65 method=brand+model_prefix
2026-07-28 18:04:00 | INFO     | ss_crawler | [computer_monitor_matcher] Monitor matched: Samsung B2030N (65%)
2026-07-28 18:04:00 | INFO     | ss_crawler | [image_downloader] Downloaded image for lpief (stored as lpief_d16e66f0.jpg, 208429 bytes)
2026-07-28 18:04:00 | INFO     | ss_crawler | [computer_scraper] Image saved locally: computers\lpief_d16e66f0.jpg
2026-07-28 18:04:00 | INFO     | ss_crawler | [computer_scraper] NEW: New: Datori un orgtehnika/Datori/ Pārdod...
2026-07-28 18:04:00 | INFO     | ss_crawler | [crawler] Fetching Computer listing 2/30: https://www.ss.com/msg/lv/electronics/computers/pc/mxlnp.html
2026-07-28 18:04:03 | INFO     | ss_crawler | [computer_parser] Skipping listing mxlnp: Contains skip pattern: 'piegāde visā latvijā'
2026-07-28 18:04:03 | INFO     | ss_crawler | [computer_scraper] SKIPPED: Filtered by skip patterns
2026-07-28 18:04:03 | INFO     | ss_crawler | [crawler] Fetching Computer listing 3/30: https://www.ss.com/msg/lv/electronics/computers/pc/pxdcj.html
2026-07-28 18:04:05 | INFO     | ss_crawler | [image_downloader] Downloaded image for pxdcj (stored as pxdcj_fa2c7e7f.jpg, 39455 bytes)
2026-07-28 18:04:05 | INFO     | ss_crawler | [computer_scraper] Image saved locally: computers\pxdcj_fa2c7e7f.jpg
2026-07-28 18:04:05 | INFO     | ss_crawler | [computer_scraper] NEW: New: Datori un orgtehnika/Datori/ Pārdod...
2026-07-28 18:04:05 | INFO     | ss_crawler | [crawler] Fetching Computer listing 4/30: https://www.ss.com/msg/lv/electronics/computers/pc/hbgxc.html
2026-07-28 18:04:07 | INFO     | ss_crawler | [computer_parser] Skipping listing hbgxc: Contains skip pattern: 'garantija 2 gadi'
2026-07-28 18:04:07 | INFO     | ss_crawler | [computer_scraper] SKIPPED: Filtered by skip patterns
2026-07-28 18:04:07 | INFO     | ss_crawler | [crawler] Fetching Computer listing 5/30: https://www.ss.com/msg/lv/electronics/computers/pc/pcblb.html
2026-07-28 18:04:14 | INFO     | ss_crawler | [computer_matcher] [SSD DEBUG] Set result.ssd: {'id': 653, 'brand': 'HP', 'model': 'FX900 Plus', 'interface': 'x4 PCIe 4.0/NVMe', 'form_factor': 'M.2', 'capacity_gb': None, 'controller': 'Maxio MAP1602', 'configuration': 'Cortex-R5', 'has_dram': False, 'hmb': 'Yes', 'nand_brand': 'YMTC', 'nand_type': 'TLC', 'layers': None, 'read_speed_mb': 7100, 'write_speed_mb': 6300, 'category': None, 'notes': None, 'search_keywords': ['fx900 plus', 'hp', '900', 'hp 900', 'hp fx900 plus'], 'normalized_name': 'hp fx900 plus', 'name': 'HP FX900 Plus'}
2026-07-28 18:04:14 | CRITICAL | ss_crawler | [computer_scraper] Computer scraping failed: 'ComputerScraper' object has no attribute '_extract_ssd_capacity'
2026-07-28 18:06:13 | INFO     | ss_crawler | [computer_scraper] Initializing computer scraper...
2026-07-28 18:06:13 | INFO     | ss_crawler | [database] Database connected: localhost:5433/ss_market
2026-07-28 18:06:13 | INFO     | ss_crawler | [computer_scraper] Database: postgresql+psycopg2://crawler:crawler_pass@localhost:5433/ss_market
2026-07-28 18:06:14 | INFO     | ss_crawler | [cpu_matcher] CPUMatcher initialized with 5320 CPUs
2026-07-28 18:06:14 | INFO     | ss_crawler | [matcher] GPUMatcher initialized with 631 GPUs
2026-07-28 18:06:14 | INFO     | ss_crawler | [ram_matcher] RAMMatcher initialized with 5281 RAM references
2026-07-28 18:06:15 | INFO     | ss_crawler | [ssd_matcher] SSDMatcher initialized with 2453 SSDs
2026-07-28 18:06:15 | INFO     | ss_crawler | [psu_matcher] PSUMatcher initialized with 2895 PSU references
2026-07-28 18:06:15 | INFO     | ss_crawler | [case_matcher] CaseMatcher initialized with 5742 case references
2026-07-28 18:06:16 | INFO     | ss_crawler | [motherboard_matcher] MotherboardMatcher initialized with 5732 motherboards
2026-07-28 18:06:17 | INFO     | ss_crawler | [computer_monitor_matcher] ComputerMonitorMatcher initialized with 20272 monitors
2026-07-28 18:06:17 | INFO     | ss_crawler | [computer_matcher] ComputerMatcher initialized: 5320 CPUs, 631 GPUs, 5281 RAMs, 2453 SSDs, 2895 PSUs, 5742 Cases, 5732 Motherboards, 20272 Monitors
2026-07-28 18:06:17 | INFO     | ss_crawler | [computer_scraper] Loaded references: 5320 CPUs, 631 GPUs, 5281 RAMs, 2453 SSDs, 2895 PSUs, 5742 Cases, 5732 Motherboards, 20272 Monitors
2026-07-28 18:06:17 | INFO     | ss_crawler | [computer_scraper] Computer scrape run started: ID 59
2026-07-28 18:06:17 | INFO     | ss_crawler | [computer_scraper] Fetching computer category: https://www.ss.com/lv/electronics/computers/pc/
2026-07-28 18:06:17 | INFO     | ss_crawler | [crawler] Fetching Computer category page: https://www.ss.com/lv/electronics/computers/pc/
2026-07-28 18:06:19 | INFO     | ss_crawler | [computer_parser] Found 30 listings on page
2026-07-28 18:06:19 | INFO     | ss_crawler | [computer_scraper] Found 30 computer listings to process
2026-07-28 18:06:19 | INFO     | ss_crawler | [crawler] Fetching Computer listing 1/30: https://www.ss.com/msg/lv/electronics/computers/pc/lpief.html
2026-07-28 18:06:25 | INFO     | ss_crawler | [computer_monitor_matcher] [MONITOR DEBUG] Original context: 'datori un orgtehnika/datori/ pārdod lietots, pilnībā gatavs darbam: pārinstalēts windows 10 pro ar microsoft office 2016 professional plus un citām standarta programmām. ssd 240 gb un hdd 1 tb. datoram ir wi-fi uztvērējs un dvd-rw diskdzinis. līdzi dodu: monitoru 20" collu samsung b2030 un logitech webkameru. par visu eur 100.'
2026-07-28 18:06:25 | INFO     | ss_crawler | [computer_monitor_matcher] [MONITOR DEBUG] Filtered context: 'datori un orgtehnika/datori/ pārdod lietots, pilnībā gatavs darbam: pārinstalēts windows 10 pro ar microsoft office 2016 professional plus un citām standarta programmām. ssd 240 gb un hdd 1 tb. datoram ir wi-fi uztvērējs un dvd-rw diskdzinis. līdzi dodu: monitoru 20" collu samsung b2030 un logitech webkameru. par visu eur 100.'
2026-07-28 18:06:25 | INFO     | ss_crawler | [computer_monitor_matcher] [MONITOR DEBUG] Extracted size: None, refresh: None
2026-07-28 18:06:27 | INFO     | ss_crawler | [computer_monitor_matcher] [MONITOR DEBUG] Top match so far: Samsung 240T score=0.60 method=brand+model_number_match
2026-07-28 18:06:27 | INFO     | ss_crawler | [computer_monitor_matcher] [MONITOR DEBUG] Top match so far: Samsung B2030N score=0.65 method=brand+model_prefix
2026-07-28 18:06:27 | INFO     | ss_crawler | [computer_monitor_matcher] Monitor matched: Samsung B2030N (65%)
2026-07-28 18:06:27 | WARNING  | ss_crawler | [listing_versioning] Legacy listing lpief v1 has NULL fingerprint, creating new version
2026-07-28 18:06:27 | INFO     | ss_crawler | [computer_scraper] NEW_VERSION: New version (2): Datori un orgtehnika/Datori/ Pārdod...
2026-07-28 18:06:27 | INFO     | ss_crawler | [crawler] Fetching Computer listing 2/30: https://www.ss.com/msg/lv/electronics/computers/pc/mxlnp.html
2026-07-28 18:06:32 | INFO     | ss_crawler | [computer_parser] Skipping listing mxlnp: Contains skip pattern: 'piegāde visā latvijā'
2026-07-28 18:06:32 | INFO     | ss_crawler | [computer_scraper] SKIPPED: Filtered by skip patterns
2026-07-28 18:06:32 | INFO     | ss_crawler | [crawler] Fetching Computer listing 3/30: https://www.ss.com/msg/lv/electronics/computers/pc/pxdcj.html
2026-07-28 18:06:36 | WARNING  | ss_crawler | [listing_versioning] Legacy listing pxdcj v1 has NULL fingerprint, creating new version
2026-07-28 18:06:36 | INFO     | ss_crawler | [computer_scraper] NEW_VERSION: New version (2): Datori un orgtehnika/Datori/ Pārdod...
2026-07-28 18:06:36 | INFO     | ss_crawler | [crawler] Fetching Computer listing 4/30: https://www.ss.com/msg/lv/electronics/computers/pc/hbgxc.html
2026-07-28 18:06:38 | INFO     | ss_crawler | [computer_parser] Skipping listing hbgxc: Contains skip pattern: 'garantija 2 gadi'
2026-07-28 18:06:38 | INFO     | ss_crawler | [computer_scraper] SKIPPED: Filtered by skip patterns
2026-07-28 18:06:38 | INFO     | ss_crawler | [crawler] Fetching Computer listing 5/30: https://www.ss.com/msg/lv/electronics/computers/pc/pcblb.html
2026-07-28 18:06:44 | INFO     | ss_crawler | [computer_matcher] [SSD DEBUG] Set result.ssd: {'id': 653, 'brand': 'HP', 'model': 'FX900 Plus', 'interface': 'x4 PCIe 4.0/NVMe', 'form_factor': 'M.2', 'capacity_gb': None, 'controller': 'Maxio MAP1602', 'configuration': 'Cortex-R5', 'has_dram': False, 'hmb': 'Yes', 'nand_brand': 'YMTC', 'nand_type': 'TLC', 'layers': None, 'read_speed_mb': 7100, 'write_speed_mb': 6300, 'category': None, 'notes': None, 'search_keywords': ['fx900 plus', 'hp', '900', 'hp 900', 'hp fx900 plus'], 'normalized_name': 'hp fx900 plus', 'name': 'HP FX900 Plus'}
2026-07-28 18:06:44 | INFO     | ss_crawler | [image_downloader] Downloaded image for pcblb (stored as pcblb_96cedeaa.jpg, 61652 bytes)
2026-07-28 18:06:44 | INFO     | ss_crawler | [computer_scraper] Image saved locally: computers\pcblb_96cedeaa.jpg
2026-07-28 18:06:44 | INFO     | ss_crawler | [computer_scraper] NEW: New: Datori un orgtehnika/Datori/ Pārdod...
2026-07-28 18:06:44 | INFO     | ss_crawler | [crawler] Fetching Computer listing 6/30: https://www.ss.com/msg/lv/electronics/computers/repairing-pcs/repairing-pcs/bmnldf.html
2026-07-28 18:06:47 | INFO     | ss_crawler | [computer_parser] Skipping listing bmnldf: Contains skip pattern: 'remonts'
2026-07-28 18:06:47 | INFO     | ss_crawler | [computer_scraper] SKIPPED: Filtered by skip patterns
2026-07-28 18:06:47 | INFO     | ss_crawler | [crawler] Fetching Computer listing 7/30: https://www.ss.com/msg/lv/electronics/computers/pc/kggxc.html
2026-07-28 18:06:50 | INFO     | ss_crawler | [computer_parser] Skipping listing kggxc: Contains skip pattern: 'mac'
2026-07-28 18:06:50 | INFO     | ss_crawler | [computer_scraper] SKIPPED: Filtered by skip patterns
2026-07-28 18:06:50 | INFO     | ss_crawler | [crawler] Fetching Computer listing 8/30: https://www.ss.com/msg/lv/electronics/computers/pc/fomlp.html
2026-07-28 18:06:52 | INFO     | ss_crawler | [computer_parser] Skipping listing fomlp: Contains skip pattern: 'piegāde visā latvijā'
2026-07-28 18:06:52 | INFO     | ss_crawler | [computer_scraper] SKIPPED: Filtered by skip patterns
2026-07-28 18:06:52 | INFO     | ss_crawler | [crawler] Fetching Computer listing 9/30: https://www.ss.com/msg/lv/electronics/computers/pc/konng.html
2026-07-28 18:06:54 | INFO     | ss_crawler | [ssd_matcher] SSDMatcher initialized with 95 SSDs
2026-07-28 18:06:54 | INFO     | ss_crawler | [computer_matcher] [SSD DEBUG] Set result.ssd: {'id': 811, 'brand': 'Kingston', 'model': 'A400', 'interface': 'SATA/AHCI', 'form_factor': '2.5"', 'capacity_gb': 120, 'controller': 'Phison S11', 'configuration': 'Single-core, 2-ch, 8-CE/ch', 'has_dram': False, 'hmb': None, 'nand_brand': 'Kioxia', 'nand_type': 'TLC', 'layers': '32+', 'read_speed_mb': 500, 'write_speed_mb': 450, 'category': 'Entry-Level SATA', 'notes': 'QLC/SMI at higher cap.', 'search_keywords': ['kingston a400', '400', 'a400', 'kingston 400', 'kingston'], 'normalized_name': 'kingston a400', 'name': 'Kingston A400'}
2026-07-28 18:06:54 | INFO     | ss_crawler | [computer_monitor_matcher] [MONITOR DEBUG] Original context: 'datori un orgtehnika/datori/ dažādi divi datori ar diviem monitoriem (biroja vajadzībām). divi datori ar ļoti līdzīgu komplektāciju un divi monitori. atšķiras operatīvās atmiņas (ram) un monitoru ražotāji un to ekrānu izmēri. tā ir universāla, jo atbalsta monitorus ar 3 veidu pieslēgvietām (d-sub, dvi, hdmi). monitori: acer "b193" un samsung "b740b s" -- abi monitori ir tco-03 sertificēti (ar plašām ekrāna pozīcijas pielāgošanas iespējām). -- acer modelim ir defekts - bojāta augstuma regulēšanas tapa. tomēr, to var aizstāt ar naglu vai līdzīgu metāla priekšmetu un sekmīgi to darbināt (regulēt monitora augstumu). -- lai gan abi monitori atbalsta dvi, tiem komplektā nāk d-sub vads un barošanas vads. (dvi vadi netiek nodrošināti. )'
2026-07-28 18:06:54 | INFO     | ss_crawler | [computer_monitor_matcher] [MONITOR DEBUG] Filtered context: 'datori un orgtehnika/datori/ dažādi divi datori ar diviem monitoriem (biroja vajadzībām). divi datori ar ļoti līdzīgu komplektāciju un divi monitori. atšķiras operatīvās atmiņas (ram) un monitoru ražotāji un to ekrānu izmēri. tā ir universāla, jo atbalsta monitorus ar 3 veidu pieslēgvietām (d-sub, dvi, hdmi). monitori: acer "b193" un samsung "b740b s" -- abi monitori ir tco-03 sertificēti (ar plašām ekrāna pozīcijas pielāgošanas iespējām). -- acer modelim ir defekts - bojāta augstuma regulēšanas tapa. tomēr, to var aizstāt ar naglu vai līdzīgu metāla priekšmetu un sekmīgi to darbināt (regulēt monitora augstumu). -- lai gan abi monitori atbalsta dvi, tiem komplektā nāk d-sub vads un barošanas vads. (dvi vadi netiek nodrošināti. )'
2026-07-28 18:06:54 | INFO     | ss_crawler | [computer_monitor_matcher] [MONITOR DEBUG] Extracted size: None, refresh: None
2026-07-28 18:06:54 | INFO     | ss_crawler | [computer_monitor_matcher] [MONITOR DEBUG] Top match so far: Acer B193 score=0.80 method=brand+model_full
2026-07-28 18:06:56 | INFO     | ss_crawler | [computer_monitor_matcher] Monitor matched: Acer B193 (80%)
2026-07-28 18:06:57 | INFO     | ss_crawler | [image_downloader] Downloaded image for konng (stored as konng_ca40d7da.jpg, 96414 bytes)
2026-07-28 18:06:57 | INFO     | ss_crawler | [computer_scraper] Image saved locally: computers\konng_ca40d7da.jpg
2026-07-28 18:06:57 | INFO     | ss_crawler | [computer_scraper] NEW: New: Datori un orgtehnika/Datori/ Dažādi...
2026-07-28 18:06:57 | INFO     | ss_crawler | [crawler] Fetching Computer listing 10/30: https://www.ss.com/msg/lv/electronics/computers/pc/hopif.html
2026-07-28 18:07:00 | INFO     | ss_crawler | [ssd_matcher] SSDMatcher initialized with 176 SSDs
2026-07-28 18:07:01 | INFO     | ss_crawler | [computer_matcher] [SSD DEBUG] Set result.ssd: {'id': 44, 'brand': 'ADATA', 'model': 'Legend 710', 'interface': 'x4 PCIe 3.0/NVMe', 'form_factor': 'M.2', 'capacity_gb': 1000, 'controller': 'Realtek RTS5766DL', 'configuration': '4-Ch', 'has_dram': False, 'hmb': 'Yes', 'nand_brand': None, 'nand_type': None, 'layers': None, 'read_speed_mb': 2400, 'write_speed_mb': 1800, 'category': 'Entry-Level NVMe', 'notes': None, 'search_keywords': ['adata', 'adata 710', 'legend 710', '710', 'adata legend 710'], 'normalized_name': 'adata legend 710', 'name': 'ADATA Legend 710'}
2026-07-28 18:07:01 | INFO     | ss_crawler | [image_downloader] Downloaded image for hopif (stored as hopif_31894288.jpg, 107652 bytes)
2026-07-28 18:07:01 | INFO     | ss_crawler | [computer_scraper] Image saved locally: computers\hopif_31894288.jpg
2026-07-28 18:07:01 | INFO     | ss_crawler | [computer_scraper] NEW: New: Datori un orgtehnika/Datori/ Pārdod...
2026-07-28 18:07:01 | INFO     | ss_crawler | [crawler] Fetching Computer listing 11/30: https://www.ss.com/msg/lv/electronics/computers/pc/lpgnc.html
2026-07-28 18:07:04 | INFO     | ss_crawler | [image_downloader] Downloaded image for lpgnc (stored as lpgnc_a3b70772.jpg, 50428 bytes)
2026-07-28 18:07:04 | INFO     | ss_crawler | [computer_scraper] Image saved locally: computers\lpgnc_a3b70772.jpg
2026-07-28 18:07:04 | INFO     | ss_crawler | [computer_scraper] NEW: New: Datori un orgtehnika/Datori/ Pārdod...
2026-07-28 18:07:04 | INFO     | ss_crawler | [crawler] Fetching Computer listing 12/30: https://www.ss.com/msg/lv/electronics/computers/pc/dfkxd.html
2026-07-28 18:07:06 | INFO     | ss_crawler | [computer_parser] Skipping listing dfkxd: Contains skip pattern: 'piegāde visā latvijā'
2026-07-28 18:07:06 | INFO     | ss_crawler | [computer_scraper] SKIPPED: Filtered by skip patterns
2026-07-28 18:07:06 | INFO     | ss_crawler | [crawler] Fetching Computer listing 13/30: https://www.ss.com/msg/lv/electronics/computers/pc/gpgex.html
2026-07-28 18:07:09 | INFO     | ss_crawler | [image_downloader] Downloaded image for gpgex (stored as gpgex_d143bc38.jpg, 96845 bytes)
2026-07-28 18:07:09 | INFO     | ss_crawler | [computer_scraper] Image saved locally: computers\gpgex_d143bc38.jpg
2026-07-28 18:07:09 | INFO     | ss_crawler | [computer_scraper] NEW: New: Datori un orgtehnika/Datori/ Pārdod...
2026-07-28 18:07:09 | INFO     | ss_crawler | [crawler] Fetching Computer listing 14/30: https://www.ss.com/msg/lv/electronics/computers/pc/gxehf.html
2026-07-28 18:07:19 | INFO     | ss_crawler | [computer_monitor_matcher] [MONITOR DEBUG] Original context: 'varu lidz iedot pa atsevisku cenu 610ghz monitoru un'
2026-07-28 18:07:19 | INFO     | ss_crawler | [computer_monitor_matcher] [MONITOR DEBUG] Filtered context: 'varu lidz iedot pa atsevisku cenu 610ghz monitoru un'
2026-07-28 18:07:19 | INFO     | ss_crawler | [computer_monitor_matcher] [MONITOR DEBUG] Extracted size: None, refresh: None
2026-07-28 18:07:21 | INFO     | ss_crawler | [image_downloader] Downloaded image for gxehf (stored as gxehf_0eb9d26e.jpg, 98757 bytes)
2026-07-28 18:07:21 | INFO     | ss_crawler | [computer_scraper] Image saved locally: computers\gxehf_0eb9d26e.jpg
2026-07-28 18:07:21 | INFO     | ss_crawler | [computer_scraper] NEW: New: Datori un orgtehnika/Datori/ Pārdod...
2026-07-28 18:07:21 | INFO     | ss_crawler | [crawler] Fetching Computer listing 15/30: https://www.ss.com/msg/lv/electronics/computers/pc/ddffg.html
2026-07-28 18:07:23 | INFO     | ss_crawler | [computer_parser] Skipping listing ddffg: Contains skip pattern: 'mac'
2026-07-28 18:07:23 | INFO     | ss_crawler | [computer_scraper] SKIPPED: Filtered by skip patterns
2026-07-28 18:07:23 | INFO     | ss_crawler | [crawler] Fetching Computer listing 16/30: https://www.ss.com/msg/lv/electronics/computers/pc/ppfil.html
2026-07-28 18:07:26 | INFO     | ss_crawler | [computer_parser] Skipping listing ppfil: Contains skip pattern: 'piegāde visā latvijā'
2026-07-28 18:07:26 | INFO     | ss_crawler | [computer_scraper] SKIPPED: Filtered by skip patterns
2026-07-28 18:07:26 | INFO     | ss_crawler | [crawler] Fetching Computer listing 17/30: https://www.ss.com/msg/lv/electronics/computers/pc/eindl.html
2026-07-28 18:07:29 | INFO     | ss_crawler | [computer_parser] Skipping listing eindl: Contains skip pattern: 'mac'
2026-07-28 18:07:29 | INFO     | ss_crawler | [computer_scraper] SKIPPED: Filtered by skip patterns
2026-07-28 18:07:29 | INFO     | ss_crawler | [crawler] Fetching Computer listing 18/30: https://www.ss.com/msg/lv/electronics/computers/pc/fkifk.html
2026-07-28 18:07:31 | INFO     | ss_crawler | [computer_parser] Skipping listing fkifk: Contains skip pattern: 'multisistēma rīga'
2026-07-28 18:07:31 | INFO     | ss_crawler | [computer_scraper] SKIPPED: Filtered by skip patterns
2026-07-28 18:07:31 | INFO     | ss_crawler | [crawler] Fetching Computer listing 19/30: https://www.ss.com/msg/lv/electronics/computers/pc/jodnb.html
2026-07-28 18:07:33 | INFO     | ss_crawler | [computer_parser] Skipping listing jodnb: Contains skip pattern: 'multisistēma rīga'
2026-07-28 18:07:33 | INFO     | ss_crawler | [computer_scraper] SKIPPED: Filtered by skip patterns
2026-07-28 18:07:33 | INFO     | ss_crawler | [crawler] Fetching Computer listing 20/30: https://www.ss.com/msg/lv/electronics/computers/repairing-pcs/repairing-pcs/bmoekk.html
2026-07-28 18:07:35 | INFO     | ss_crawler | [computer_parser] Skipping listing bmoekk: Contains skip pattern: 'remonts'
2026-07-28 18:07:35 | INFO     | ss_crawler | [computer_scraper] SKIPPED: Filtered by skip patterns
2026-07-28 18:07:35 | INFO     | ss_crawler | [crawler] Fetching Computer listing 21/30: https://www.ss.com/msg/lv/electronics/computers/pc/emnlh.html
2026-07-28 18:07:42 | INFO     | ss_crawler | [computer_matcher] [SSD DEBUG] Set result.ssd: {'id': 1010, 'brand': 'Lexar', 'model': 'NM620', 'interface': 'x4 PCIe 3.0/NVMe', 'form_factor': 'M.2', 'capacity_gb': 512, 'controller': 'Innogrit IG5216', 'configuration': 'Dual-core, 4x4', 'has_dram': False, 'hmb': 'Yes', 'nand_brand': 'Micron', 'nand_type': 'TLC', 'layers': '96', 'read_speed_mb': 3300, 'write_speed_mb': 3000, 'category': 'Entry-Level NVMe', 'notes': 'Updated: 176L TLC, MAP1202 possible', 'search_keywords': ['620', 'lexar nm620', 'lexar 620', 'nm620', 'lexar'], 'normalized_name': 'lexar nm620', 'name': 'Lexar NM620'}
2026-07-28 18:07:42 | INFO     | ss_crawler | [computer_monitor_matcher] [MONITOR DEBUG] Original context: 'datori un orgtehnika/datori/ pārdod jaudīgs i7 gaming pc + 32” ieliekts monitors (32gb ram) pārdodu jaudīgu un koptu stacionāro datoru komplektā ar lielu 32” ieliektu aoc monitoru. ideāli piemērots gamingam, video montāžai, darbam un ikdienai. viss strādā perfekti – bez defektiem, gatavs lietošanai uzreiz. monitors:'
2026-07-28 18:07:42 | INFO     | ss_crawler | [computer_monitor_matcher] [MONITOR DEBUG] Filtered context: 'datori un orgtehnika/datori/ pārdod jaudīgs i7 gaming pc + 32” ieliekts monitors (32gb ram) pārdodu jaudīgu un koptu stacionāro datoru komplektā ar lielu 32” ieliektu aoc monitoru. ideāli piemērots gamingam, video montāžai, darbam un ikdienai. viss strādā perfekti – bez defektiem, gatavs lietošanai uzreiz. monitors:'
2026-07-28 18:07:42 | INFO     | ss_crawler | [computer_monitor_matcher] [MONITOR DEBUG] Extracted size: 32, refresh: None
2026-07-28 18:07:43 | INFO     | ss_crawler | [computer_monitor_matcher] [MONITOR DEBUG] Top match so far: AOC Q3277PQU score=0.45 method=brand+size
2026-07-28 18:07:43 | INFO     | ss_crawler | [computer_monitor_matcher] [MONITOR DEBUG] Top match so far: HP 32 score=0.55 method=model_full+size_mismatch_allowed
2026-07-28 18:07:44 | INFO     | ss_crawler | [computer_monitor_matcher] Monitor matched: HP 32 (55%)
2026-07-28 18:07:44 | INFO     | ss_crawler | [image_downloader] Downloaded image for emnlh (stored as emnlh_fea720f6.jpg, 88781 bytes)
2026-07-28 18:07:44 | INFO     | ss_crawler | [computer_scraper] Image saved locally: computers\emnlh_fea720f6.jpg
2026-07-28 18:07:44 | INFO     | ss_crawler | [computer_scraper] NEW: New: Datori un orgtehnika/Datori/ Pārdod...
2026-07-28 18:07:44 | INFO     | ss_crawler | [crawler] Fetching Computer listing 22/30: https://www.ss.com/msg/lv/electronics/computers/pc/bbmmfe.html
2026-07-28 18:07:48 | INFO     | ss_crawler | [computer_parser] Skipping listing bbmmfe: Contains skip pattern: 'multisistēma rīga'
2026-07-28 18:07:48 | INFO     | ss_crawler | [computer_scraper] SKIPPED: Filtered by skip patterns
2026-07-28 18:07:48 | INFO     | ss_crawler | [crawler] Fetching Computer listing 23/30: https://www.ss.com/msg/lv/electronics/computers/pc/ecxhk.html
2026-07-28 18:07:51 | INFO     | ss_crawler | [computer_parser] Skipping listing ecxhk: Contains skip pattern: 'piegāde visā latvijā'
2026-07-28 18:07:51 | INFO     | ss_crawler | [computer_scraper] SKIPPED: Filtered by skip patterns
2026-07-28 18:07:51 | INFO     | ss_crawler | [crawler] Fetching Computer listing 24/30: https://www.ss.com/msg/lv/electronics/computers/pc/eggkn.html
2026-07-28 18:07:56 | INFO     | ss_crawler | [image_downloader] Downloaded image for eggkn (stored as eggkn_567b69ec.jpg, 121207 bytes)
2026-07-28 18:07:56 | INFO     | ss_crawler | [computer_scraper] Image saved locally: computers\eggkn_567b69ec.jpg
2026-07-28 18:07:56 | INFO     | ss_crawler | [computer_scraper] NEW: New: Datori un orgtehnika/Datori/ Pārdod...
2026-07-28 18:07:56 | INFO     | ss_crawler | [crawler] Fetching Computer listing 25/30: https://www.ss.com/msg/lv/electronics/computers/pc/fppkx.html
2026-07-28 18:07:59 | INFO     | ss_crawler | [computer_parser] Skipping listing fppkx: Contains skip pattern: 'piegāde visā latvijā'
2026-07-28 18:07:59 | INFO     | ss_crawler | [computer_scraper] SKIPPED: Filtered by skip patterns
2026-07-28 18:07:59 | INFO     | ss_crawler | [crawler] Fetching Computer listing 26/30: https://www.ss.com/msg/lv/electronics/computers/pc/fmbnp.html
2026-07-28 18:08:05 | INFO     | ss_crawler | [computer_monitor_matcher] [MONITOR DEBUG] Original context: 'screen 21.5'
2026-07-28 18:08:05 | INFO     | ss_crawler | [computer_monitor_matcher] [MONITOR DEBUG] Filtered context: 'screen 21.5'
2026-07-28 18:08:05 | INFO     | ss_crawler | [computer_monitor_matcher] [MONITOR DEBUG] Extracted size: None, refresh: None
2026-07-28 18:08:06 | INFO     | ss_crawler | [computer_monitor_matcher] Generic monitor detected: 24" 1920x1080 (50%)
2026-07-28 18:08:07 | INFO     | ss_crawler | [image_downloader] Downloaded image for fmbnp (stored as fmbnp_e810db7f.jpg, 143465 bytes)
2026-07-28 18:08:07 | INFO     | ss_crawler | [computer_scraper] Image saved locally: computers\fmbnp_e810db7f.jpg
2026-07-28 18:08:07 | INFO     | ss_crawler | [computer_scraper] NEW: New: Datori un orgtehnika/Datori/ Pārdod...
2026-07-28 18:08:07 | INFO     | ss_crawler | [crawler] Fetching Computer listing 27/30: https://www.ss.com/msg/lv/electronics/computers/pc/gkxnh.html
2026-07-28 18:08:19 | INFO     | ss_crawler | [computer_matcher] [SSD DEBUG] Set result.ssd: {'id': 44, 'brand': 'ADATA', 'model': 'Legend 710', 'interface': 'x4 PCIe 3.0/NVMe', 'form_factor': 'M.2', 'capacity_gb': 1000, 'controller': 'Realtek RTS5766DL', 'configuration': '4-Ch', 'has_dram': False, 'hmb': 'Yes', 'nand_brand': None, 'nand_type': None, 'layers': None, 'read_speed_mb': 2400, 'write_speed_mb': 1800, 'category': 'Entry-Level NVMe', 'notes': None, 'search_keywords': ['adata', 'adata 710', 'legend 710', '710', 'adata legend 710'], 'normalized_name': 'adata legend 710', 'name': 'ADATA Legend 710'}
2026-07-28 18:08:20 | INFO     | ss_crawler | [image_downloader] Downloaded image for gkxnh (stored as gkxnh_4adef02c.jpg, 86555 bytes)
2026-07-28 18:08:20 | INFO     | ss_crawler | [computer_scraper] Image saved locally: computers\gkxnh_4adef02c.jpg
2026-07-28 18:08:20 | INFO     | ss_crawler | [computer_scraper] NEW: New: Datori un orgtehnika/Datori/ Pārdod...
2026-07-28 18:08:20 | INFO     | ss_crawler | [crawler] Fetching Computer listing 28/30: https://www.ss.com/msg/lv/electronics/computers/pc/dhjjj.html
2026-07-28 18:08:26 | INFO     | ss_crawler | [computer_monitor_matcher] [MONITOR DEBUG] Original context: 'iespējams komplektā iegādāties ar 22" colu hp monitoru vai 24" colu dell monitoru'
2026-07-28 18:08:26 | INFO     | ss_crawler | [computer_monitor_matcher] [MONITOR DEBUG] Filtered context: 'iespējams komplektā iegādāties ar 22" colu hp monitoru vai 24" colu dell monitoru'
2026-07-28 18:08:26 | INFO     | ss_crawler | [computer_monitor_matcher] [MONITOR DEBUG] Extracted size: 22, refresh: None
2026-07-28 18:08:26 | INFO     | ss_crawler | [computer_monitor_matcher] [MONITOR DEBUG] Top match so far: Dell 2208WFP score=0.45 method=brand+size
2026-07-28 18:08:28 | INFO     | ss_crawler | [computer_monitor_matcher] Brand+size match: Dell 2208WFP
2026-07-28 18:08:28 | INFO     | ss_crawler | [computer_monitor_matcher] Monitor matched: Dell 2208WFP (45%)
2026-07-28 18:08:28 | INFO     | ss_crawler | [image_downloader] Downloaded image for dhjjj (stored as dhjjj_579eba35.jpg, 78931 bytes)
2026-07-28 18:08:28 | INFO     | ss_crawler | [computer_scraper] Image saved locally: computers\dhjjj_579eba35.jpg
2026-07-28 18:08:28 | INFO     | ss_crawler | [computer_scraper] NEW: New: Datori un orgtehnika/Datori/ Pārdod...
2026-07-28 18:08:28 | INFO     | ss_crawler | [crawler] Fetching Computer listing 29/30: https://www.ss.com/msg/lv/electronics/computers/pc/djimh.html
2026-07-28 18:08:31 | INFO     | ss_crawler | [computer_parser] Skipping listing djimh: Contains skip pattern: 'garantija 2 gadi'
2026-07-28 18:08:31 | INFO     | ss_crawler | [computer_scraper] SKIPPED: Filtered by skip patterns
2026-07-28 18:08:31 | INFO     | ss_crawler | [crawler] Fetching Computer listing 30/30: https://www.ss.com/msg/lv/electronics/computers/repairing-pcs/repairing-pcs/bmogcg.html
2026-07-28 18:08:33 | INFO     | ss_crawler | [computer_parser] Skipping listing bmogcg: Contains skip pattern: 'remonts'
2026-07-28 18:08:33 | INFO     | ss_crawler | [computer_scraper] SKIPPED: Filtered by skip patterns
2026-07-28 18:08:33 | INFO     | ss_crawler | [computer_scraper] Fetching computer category: https://www.ss.com/lv/electronics/computers/pc/page2.html
2026-07-28 18:08:33 | INFO     | ss_crawler | [crawler] Fetching Computer category page: https://www.ss.com/lv/electronics/computers/pc/page2.html
2026-07-28 18:08:35 | INFO     | ss_crawler | [computer_parser] Found 30 listings on page
2026-07-28 18:08:35 | INFO     | ss_crawler | [computer_scraper] Found 30 computer listings to process
2026-07-28 18:08:35 | INFO     | ss_crawler | [crawler] Fetching Computer listing 1/30: https://www.ss.com/msg/lv/electronics/computers/pc/mxhmh.html
2026-07-28 18:08:43 | INFO     | ss_crawler | [image_downloader] Downloaded image for mxhmh (stored as mxhmh_a0670491.jpg, 73108 bytes)
2026-07-28 18:08:43 | INFO     | ss_crawler | [computer_scraper] Image saved locally: computers\mxhmh_a0670491.jpg
2026-07-28 18:08:43 | INFO     | ss_crawler | [computer_scraper] NEW: New: Datori un orgtehnika/Datori/ Pārdod...
2026-07-28 18:08:43 | INFO     | ss_crawler | [crawler] Fetching Computer listing 2/30: https://www.ss.com/msg/lv/electronics/computers/pc/kbdjd.html
2026-07-28 18:08:45 | INFO     | ss_crawler | [computer_parser] Skipping listing kbdjd: Contains skip pattern: 'jaunaka'
2026-07-28 18:08:45 | INFO     | ss_crawler | [computer_scraper] SKIPPED: Filtered by skip patterns
2026-07-28 18:08:45 | INFO     | ss_crawler | [crawler] Fetching Computer listing 3/30: https://www.ss.com/msg/lv/electronics/computers/pc/gklbl.html
2026-07-28 18:08:47 | INFO     | ss_crawler | [computer_parser] Skipping listing gklbl: Contains skip pattern: 'jaunaka'
2026-07-28 18:08:47 | INFO     | ss_crawler | [computer_scraper] SKIPPED: Filtered by skip patterns
2026-07-28 18:08:47 | INFO     | ss_crawler | [crawler] Fetching Computer listing 4/30: https://www.ss.com/msg/lv/electronics/computers/pc/edjio.html
2026-07-28 18:08:49 | INFO     | ss_crawler | [computer_parser] Skipping listing edjio: Contains skip pattern: 'jaunaka'
2026-07-28 18:08:49 | INFO     | ss_crawler | [computer_scraper] SKIPPED: Filtered by skip patterns
2026-07-28 18:08:49 | INFO     | ss_crawler | [crawler] Fetching Computer listing 5/30: https://www.ss.com/msg/lv/electronics/computers/pc/apcld.html
2026-07-28 18:08:51 | INFO     | ss_crawler | [computer_parser] Skipping listing apcld: Contains skip pattern: 'jaunaka'
2026-07-28 18:08:51 | INFO     | ss_crawler | [computer_scraper] SKIPPED: Filtered by skip patterns
2026-07-28 18:08:51 | INFO     | ss_crawler | [crawler] Fetching Computer listing 6/30: https://www.ss.com/msg/lv/electronics/computers/pc/gnopd.html
2026-07-28 18:08:54 | INFO     | ss_crawler | [computer_parser] Skipping listing gnopd: Contains skip pattern: 'jaunaka'
2026-07-28 18:08:54 | INFO     | ss_crawler | [computer_scraper] SKIPPED: Filtered by skip patterns
2026-07-28 18:08:54 | INFO     | ss_crawler | [crawler] Fetching Computer listing 7/30: https://www.ss.com/msg/lv/electronics/computers/pc/kxjce.html
2026-07-28 18:08:56 | INFO     | ss_crawler | [computer_parser] Skipping listing kxjce: Contains skip pattern: 'jaunaka'
2026-07-28 18:08:56 | INFO     | ss_crawler | [computer_scraper] SKIPPED: Filtered by skip patterns
2026-07-28 18:08:56 | INFO     | ss_crawler | [crawler] Fetching Computer listing 8/30: https://www.ss.com/msg/lv/electronics/computers/pc/djdjk.html
2026-07-28 18:08:59 | INFO     | ss_crawler | [computer_parser] Skipping listing djdjk: Contains skip pattern: 'jaunaka'
2026-07-28 18:08:59 | INFO     | ss_crawler | [computer_scraper] SKIPPED: Filtered by skip patterns
2026-07-28 18:08:59 | INFO     | ss_crawler | [crawler] Fetching Computer listing 9/30: https://www.ss.com/msg/lv/electronics/computers/pc/gogdb.html
2026-07-28 18:09:01 | INFO     | ss_crawler | [computer_parser] Skipping listing gogdb: Contains skip pattern: 'jaunaka'
2026-07-28 18:09:01 | INFO     | ss_crawler | [computer_scraper] SKIPPED: Filtered by skip patterns
2026-07-28 18:09:01 | INFO     | ss_crawler | [crawler] Fetching Computer listing 10/30: https://www.ss.com/msg/lv/electronics/computers/pc/eeexg.html
2026-07-28 18:09:04 | INFO     | ss_crawler | [computer_parser] Skipping listing eeexg: Contains skip pattern: 'jaunaka'
2026-07-28 18:09:04 | INFO     | ss_crawler | [computer_scraper] SKIPPED: Filtered by skip patterns
2026-07-28 18:09:04 | INFO     | ss_crawler | [crawler] Fetching Computer listing 11/30: https://www.ss.com/msg/lv/electronics/computers/pc/llbnm.html
2026-07-28 18:09:06 | INFO     | ss_crawler | [computer_parser] Skipping listing llbnm: Contains skip pattern: 'jaunaka'
2026-07-28 18:09:06 | INFO     | ss_crawler | [computer_scraper] SKIPPED: Filtered by skip patterns
2026-07-28 18:09:06 | INFO     | ss_crawler | [crawler] Fetching Computer listing 12/30: https://www.ss.com/msg/lv/electronics/computers/pc/gcjec.html
2026-07-28 18:09:09 | INFO     | ss_crawler | [computer_parser] Skipping listing gcjec: Contains skip pattern: 'jaunaka'
2026-07-28 18:09:09 | INFO     | ss_crawler | [computer_scraper] SKIPPED: Filtered by skip patterns
2026-07-28 18:09:09 | INFO     | ss_crawler | [crawler] Fetching Computer listing 13/30: https://www.ss.com/msg/lv/electronics/computers/pc/dokmm.html
2026-07-28 18:09:11 | INFO     | ss_crawler | [computer_parser] Skipping listing dokmm: Contains skip pattern: 'jaunaka'
2026-07-28 18:09:11 | INFO     | ss_crawler | [computer_scraper] SKIPPED: Filtered by skip patterns
2026-07-28 18:09:11 | INFO     | ss_crawler | [crawler] Fetching Computer listing 14/30: https://www.ss.com/msg/lv/electronics/computers/pc/hgxek.html
2026-07-28 18:09:13 | INFO     | ss_crawler | [computer_parser] Skipping listing hgxek: Contains skip pattern: 'piegāde visā latvijā'
2026-07-28 18:09:13 | INFO     | ss_crawler | [computer_scraper] SKIPPED: Filtered by skip patterns
2026-07-28 18:09:13 | INFO     | ss_crawler | [crawler] Fetching Computer listing 15/30: https://www.ss.com/msg/lv/electronics/computers/pc/fxgcp.html
2026-07-28 18:09:22 | INFO     | ss_crawler | [computer_matcher] [SSD DEBUG] Set result.ssd: {'id': 1562, 'brand': 'Samsung', 'model': '980', 'interface': 'x4 PCIe 3.0/NVMe', 'form_factor': 'M.2', 'capacity_gb': 500, 'controller': 'Samsung Pablo', 'configuration': 'Cortex-R5, 4x4', 'has_dram': False, 'hmb': 'Yes', 'nand_brand': 'Samsung', 'nand_type': 'TLC', 'layers': '128', 'read_speed_mb': 3500, 'write_speed_mb': 3000, 'category': 'Entry-Level NVMe', 'notes': None, 'search_keywords': ['samsung', '980', 'samsung 980'], 'normalized_name': 'samsung 980', 'name': 'Samsung 980'}
2026-07-28 18:09:22 | INFO     | ss_crawler | [image_downloader] Downloaded image for fxgcp (stored as fxgcp_b201bfed.jpg, 142308 bytes)
2026-07-28 18:09:22 | INFO     | ss_crawler | [computer_scraper] Image saved locally: computers\fxgcp_b201bfed.jpg
2026-07-28 18:09:22 | INFO     | ss_crawler | [computer_scraper] NEW: New: Datori un orgtehnika/Datori/ Pārdod...
2026-07-28 18:09:22 | INFO     | ss_crawler | [crawler] Fetching Computer listing 16/30: https://www.ss.com/msg/lv/electronics/computers/pc/fkxlx.html
2026-07-28 18:09:25 | INFO     | ss_crawler | [computer_parser] Skipping listing fkxlx: Contains skip pattern: 'piegāde visā latvijā'
2026-07-28 18:09:25 | INFO     | ss_crawler | [computer_scraper] SKIPPED: Filtered by skip patterns
2026-07-28 18:09:25 | INFO     | ss_crawler | [crawler] Fetching Computer listing 17/30: https://www.ss.com/msg/lv/electronics/computers/pc/jodmj.html
2026-07-28 18:09:33 | INFO     | ss_crawler | [computer_monitor_matcher] [MONITOR DEBUG] Original context: '2x lg 27" ips monitori (27u41ya-b) komplektā divu monitoru galda stiprinājums (regulējams augstums/leņķis, gāzes atsperes mehānisms)'
2026-07-28 18:09:33 | INFO     | ss_crawler | [computer_monitor_matcher] [MONITOR DEBUG] Filtered context: '2x lg 27" ips monitori (27u41ya-b) komplektā divu monitoru galda stiprinājums (regulējams augstums/leņķis, gāzes atsperes mehānisms)'
2026-07-28 18:09:33 | INFO     | ss_crawler | [computer_monitor_matcher] [MONITOR DEBUG] Extracted size: 27, refresh: 120
2026-07-28 18:09:34 | INFO     | ss_crawler | [computer_monitor_matcher] [MONITOR DEBUG] Top match so far: LG 27BA45QB-B score=0.50 method=brand+size+panel
2026-07-28 18:09:34 | INFO     | ss_crawler | [computer_monitor_matcher] [MONITOR DEBUG] Top match so far: LG 27U411A-B score=0.90 method=brand+model_prefix+size+refresh+panel
2026-07-28 18:09:35 | INFO     | ss_crawler | [computer_monitor_matcher] Monitor matched: LG 27U411A-B (90%)
2026-07-28 18:09:35 | INFO     | ss_crawler | [image_downloader] Downloaded image for jodmj (stored as jodmj_ea5f072d.jpg, 86834 bytes)
2026-07-28 18:09:35 | INFO     | ss_crawler | [computer_scraper] Image saved locally: computers\jodmj_ea5f072d.jpg
2026-07-28 18:09:35 | INFO     | ss_crawler | [computer_scraper] NEW: New: Datori un orgtehnika/Datori/ Pārdod...
2026-07-28 18:09:35 | INFO     | ss_crawler | [crawler] Fetching Computer listing 18/30: https://www.ss.com/msg/lv/electronics/computers/pc/pkpdc.html
2026-07-28 18:09:38 | INFO     | ss_crawler | [computer_parser] Skipping listing pkpdc: Contains skip pattern: 'piegāde visā latvijā'
2026-07-28 18:09:38 | INFO     | ss_crawler | [computer_scraper] SKIPPED: Filtered by skip patterns
2026-07-28 18:09:38 | INFO     | ss_crawler | [crawler] Fetching Computer listing 19/30: https://www.ss.com/msg/lv/electronics/computers/pc/glfjx.html
2026-07-28 18:09:41 | INFO     | ss_crawler | [image_downloader] Downloaded image for glfjx (stored as glfjx_52c72c25.jpg, 75265 bytes)
2026-07-28 18:09:41 | INFO     | ss_crawler | [computer_scraper] Image saved locally: computers\glfjx_52c72c25.jpg
2026-07-28 18:09:41 | INFO     | ss_crawler | [computer_scraper] NEW: New: Datori un orgtehnika/Datori/ Pārdod...
2026-07-28 18:09:41 | INFO     | ss_crawler | [crawler] Fetching Computer listing 20/30: https://www.ss.com/msg/lv/electronics/computers/pc/lpfgx.html
2026-07-28 18:09:43 | INFO     | ss_crawler | [computer_parser] Skipping listing lpfgx: Contains skip pattern: 'piegāde visā latvijā'
2026-07-28 18:09:43 | INFO     | ss_crawler | [computer_scraper] SKIPPED: Filtered by skip patterns
2026-07-28 18:09:43 | INFO     | ss_crawler | [crawler] Fetching Computer listing 21/30: https://www.ss.com/msg/lv/electronics/computers/pc/mxnlc.html
2026-07-28 18:09:47 | INFO     | ss_crawler | [image_downloader] Downloaded image for mxnlc (stored as mxnlc_98a97565.jpg, 134240 bytes)
2026-07-28 18:09:47 | INFO     | ss_crawler | [computer_scraper] Image saved locally: computers\mxnlc_98a97565.jpg
2026-07-28 18:09:47 | INFO     | ss_crawler | [computer_scraper] NEW: New: Datori un orgtehnika/Datori/ Pārdod...
2026-07-28 18:09:47 | INFO     | ss_crawler | [crawler] Fetching Computer listing 22/30: https://www.ss.com/msg/lv/electronics/computers/repairing-pcs/repairing-pcs/bmnmpf.html
2026-07-28 18:09:49 | INFO     | ss_crawler | [computer_parser] Skipping listing bmnmpf: Contains skip pattern: 'remonts'
2026-07-28 18:09:49 | INFO     | ss_crawler | [computer_scraper] SKIPPED: Filtered by skip patterns
2026-07-28 18:09:49 | INFO     | ss_crawler | [crawler] Fetching Computer listing 23/30: https://www.ss.com/msg/lv/electronics/computers/pc/emilj.html
2026-07-28 18:09:51 | INFO     | ss_crawler | [computer_parser] Skipping listing emilj: Contains skip pattern: 'mac'
2026-07-28 18:09:51 | INFO     | ss_crawler | [computer_scraper] SKIPPED: Filtered by skip patterns
2026-07-28 18:09:51 | INFO     | ss_crawler | [crawler] Fetching Computer listing 24/30: https://www.ss.com/msg/lv/electronics/computers/pc/dnmhk.html
2026-07-28 18:09:54 | INFO     | ss_crawler | [computer_parser] Skipping listing dnmhk: Contains skip pattern: 'piegāde visā latvijā'
2026-07-28 18:09:54 | INFO     | ss_crawler | [computer_scraper] SKIPPED: Filtered by skip patterns
2026-07-28 18:09:54 | INFO     | ss_crawler | [crawler] Fetching Computer listing 25/30: https://www.ss.com/msg/lv/electronics/computers/pc/lnekb.html
2026-07-28 18:09:59 | INFO     | ss_crawler | [image_downloader] Downloaded image for lnekb (stored as lnekb_4127320a.jpg, 177421 bytes)
2026-07-28 18:09:59 | INFO     | ss_crawler | [computer_scraper] Image saved locally: computers\lnekb_4127320a.jpg
2026-07-28 18:09:59 | INFO     | ss_crawler | [computer_scraper] NEW: New: Datori un orgtehnika/Datori/ Pārdod...
2026-07-28 18:09:59 | INFO     | ss_crawler | [crawler] Fetching Computer listing 26/30: https://www.ss.com/msg/lv/electronics/computers/pc/gljij.html
2026-07-28 18:10:01 | INFO     | ss_crawler | [computer_parser] Skipping listing gljij: Contains skip pattern: 'mac'
2026-07-28 18:10:01 | INFO     | ss_crawler | [computer_scraper] SKIPPED: Filtered by skip patterns
2026-07-28 18:10:01 | INFO     | ss_crawler | [crawler] Fetching Computer listing 27/30: https://www.ss.com/msg/lv/electronics/computers/pc/eedhk.html
2026-07-28 18:10:07 | INFO     | ss_crawler | [image_downloader] Downloaded image for eedhk (stored as eedhk_43a74118.jpg, 81793 bytes)
2026-07-28 18:10:07 | INFO     | ss_crawler | [computer_scraper] Image saved locally: computers\eedhk_43a74118.jpg
2026-07-28 18:10:07 | INFO     | ss_crawler | [computer_scraper] NEW: New: Datori un orgtehnika/Datori/ Pārdod...
2026-07-28 18:10:07 | INFO     | ss_crawler | [crawler] Fetching Computer listing 28/30: https://www.ss.com/msg/lv/electronics/computers/pc/lojji.html
2026-07-28 18:10:09 | INFO     | ss_crawler | [computer_parser] Skipping listing lojji: Contains skip pattern: 'piegāde visā latvijā'
2026-07-28 18:10:09 | INFO     | ss_crawler | [computer_scraper] SKIPPED: Filtered by skip patterns
2026-07-28 18:10:09 | INFO     | ss_crawler | [crawler] Fetching Computer listing 29/30: https://www.ss.com/msg/lv/electronics/computers/pc/mboon.html
2026-07-28 18:10:14 | WARNING  | ss_crawler | [listing_versioning] Legacy listing mboon v1 has NULL fingerprint, creating new version
2026-07-28 18:10:14 | INFO     | ss_crawler | [computer_scraper] NEW_VERSION: New version (2): Datori un orgtehnika/Datori/ Pārdod...
2026-07-28 18:10:14 | INFO     | ss_crawler | [crawler] Fetching Computer listing 30/30: https://www.ss.com/msg/lv/electronics/computers/pc/pdlxo.html
2026-07-28 18:10:23 | INFO     | ss_crawler | [computer_monitor_matcher] [MONITOR DEBUG] Original context: 'datori un orgtehnika/datori/ pārdod slēdz iekšā un strādā. pārdodu darbam gatavu galda datorus fujitsu esprimo d556/e85+ /core i5-6400 ssf ar oriģinālo windovs licences uzlīmi. dators ir sainstalēts un sagatavots ar windovs 11 programmatūru un ofisu (excel un word), lai to ieslēgtu un uzreiz varētu sākt lietot ikdienas darbam mājās vai darba vietā. dators ir pietiekami spēcīgs, lai pildītu visus ikdienai nepieciešamos darbus gan kā jauniešiem tā arī darbiniekam uzņēmumā. slēdz iekšā un strādā. ir iespēja papildināt ar fujitsu monitoru 22 collas, ir iespēja pievienot arī klaviatūru un peli. varu pārdot arī bez ssd diska un ram lētāk, ja pašam krājumos ir šīs komponentes un gribas nopirkt lētāk. rakstiet vai zvaniet pēc 13:00 katru dienu arī brīvdienās vēlu vakarā var. izmers datoram: 33x33x9cm sff'
2026-07-28 18:10:23 | INFO     | ss_crawler | [computer_monitor_matcher] [MONITOR DEBUG] Filtered context: 'datori un orgtehnika/datori/ pārdod slēdz iekšā un strādā. pārdodu darbam gatavu galda datorus fujitsu esprimo d556/e85+ /core i5-6400 ssf ar oriģinālo windovs licences uzlīmi. dators ir sainstalēts un sagatavots ar windovs 11 programmatūru un ofisu (excel un word), lai to ieslēgtu un uzreiz varētu sākt lietot ikdienas darbam mājās vai darba vietā. dators ir pietiekami spēcīgs, lai pildītu visus ikdienai nepieciešamos darbus gan kā jauniešiem tā arī darbiniekam uzņēmumā. slēdz iekšā un strādā. ir iespēja papildināt ar fujitsu monitoru 22 collas, ir iespēja pievienot arī klaviatūru un peli. varu pārdot arī bez ssd diska un ram lētāk, ja pašam krājumos ir šīs komponentes un gribas nopirkt lētāk. rakstiet vai zvaniet pēc 13:00 katru dienu arī brīvdienās vēlu vakarā var. izmers datoram: 33x33x9cm sff'
2026-07-28 18:10:23 | INFO     | ss_crawler | [computer_monitor_matcher] [MONITOR DEBUG] Extracted size: 22, refresh: None
2026-07-28 18:10:24 | INFO     | ss_crawler | [computer_monitor_matcher] [MONITOR DEBUG] Top match so far: Fujitsu B22W-5 ECO score=0.45 method=brand+size
2026-07-28 18:10:26 | WARNING  | ss_crawler | [listing_versioning] Legacy listing pdlxo v1 has NULL fingerprint, creating new version
2026-07-28 18:10:26 | INFO     | ss_crawler | [computer_scraper] NEW_VERSION: New version (2): Datori un orgtehnika/Datori/ Pārdod...
2026-07-28 18:10:26 | INFO     | ss_crawler | [computer_scraper] Fetching computer category: https://www.ss.com/lv/electronics/computers/pc/page3.html
2026-07-28 18:10:26 | INFO     | ss_crawler | [crawler] Fetching Computer category page: https://www.ss.com/lv/electronics/computers/pc/page3.html
2026-07-28 18:10:29 | INFO     | ss_crawler | [computer_parser] Found 30 listings on page
2026-07-28 18:10:29 | INFO     | ss_crawler | [computer_scraper] Found 30 computer listings to process
2026-07-28 18:10:29 | INFO     | ss_crawler | [crawler] Fetching Computer listing 1/30: https://www.ss.com/msg/lv/electronics/computers/pc/ghgfm.html
2026-07-28 18:10:32 | INFO     | ss_crawler | [image_downloader] Downloaded image for ghgfm (stored as ghgfm_0d831a96.jpg, 31950 bytes)
2026-07-28 18:10:32 | INFO     | ss_crawler | [computer_scraper] Image saved locally: computers\ghgfm_0d831a96.jpg
2026-07-28 18:10:32 | INFO     | ss_crawler | [computer_scraper] NEW: New: Datori un orgtehnika/Datori/ Pārdod...
2026-07-28 18:10:32 | INFO     | ss_crawler | [crawler] Fetching Computer listing 2/30: https://www.ss.com/msg/lv/electronics/computers/pc/lpjek.html
2026-07-28 18:10:35 | INFO     | ss_crawler | [computer_parser] Skipping listing lpjek: Contains skip pattern: 'piegāde visā latvijā'
2026-07-28 18:10:35 | INFO     | ss_crawler | [computer_scraper] SKIPPED: Filtered by skip patterns
2026-07-28 18:10:35 | INFO     | ss_crawler | [crawler] Fetching Computer listing 3/30: https://www.ss.com/msg/lv/electronics/computers/pc/lpgnn.html
2026-07-28 18:10:44 | INFO     | ss_crawler | [computer_monitor_matcher] [MONITOR DEBUG] Original context: 'turklāt par papildu 10 eiro varu piedāvāt benq monitoru'
2026-07-28 18:10:44 | INFO     | ss_crawler | [computer_monitor_matcher] [MONITOR DEBUG] Filtered context: 'turklāt par papildu 10 eiro varu piedāvāt benq monitoru'
2026-07-28 18:10:44 | INFO     | ss_crawler | [computer_monitor_matcher] [MONITOR DEBUG] Extracted size: None, refresh: None
2026-07-28 18:10:46 | INFO     | ss_crawler | [computer_monitor_matcher] Generic monitor detected: 24" 1920x1080 (50%)
2026-07-28 18:10:46 | INFO     | ss_crawler | [image_downloader] Downloaded image for lpgnn (stored as lpgnn_46c0fad7.jpg, 132856 bytes)
2026-07-28 18:10:46 | INFO     | ss_crawler | [computer_scraper] Image saved locally: computers\lpgnn_46c0fad7.jpg
2026-07-28 18:10:46 | INFO     | ss_crawler | [computer_scraper] NEW: New: Datori un orgtehnika/Datori/ Pārdod...
2026-07-28 18:10:46 | INFO     | ss_crawler | [crawler] Fetching Computer listing 4/30: https://www.ss.com/msg/lv/electronics/computers/pc/fexio.html
2026-07-28 18:10:49 | INFO     | ss_crawler | [computer_parser] Skipping listing fexio: Contains skip pattern: 'garantija 2 gadi'
2026-07-28 18:10:49 | INFO     | ss_crawler | [computer_scraper] SKIPPED: Filtered by skip patterns
2026-07-28 18:10:49 | INFO     | ss_crawler | [crawler] Fetching Computer listing 5/30: https://www.ss.com/msg/lv/electronics/computers/repairing-pcs/repairing-pcs/odldk.html
2026-07-28 18:10:51 | INFO     | ss_crawler | [computer_parser] Skipping listing odldk: Contains skip pattern: 'multisistēma rīga'
2026-07-28 18:10:51 | INFO     | ss_crawler | [computer_scraper] SKIPPED: Filtered by skip patterns
2026-07-28 18:10:51 | INFO     | ss_crawler | [crawler] Fetching Computer listing 6/30: https://www.ss.com/msg/lv/electronics/computers/repairing-pcs/repairing-pcs/bmnnci.html
2026-07-28 18:10:54 | INFO     | ss_crawler | [computer_parser] Skipping listing bmnnci: Contains skip pattern: 'remonts'
2026-07-28 18:10:54 | INFO     | ss_crawler | [computer_scraper] SKIPPED: Filtered by skip patterns
2026-07-28 18:10:54 | INFO     | ss_crawler | [crawler] Fetching Computer listing 7/30: https://www.ss.com/msg/lv/electronics/computers/pc/hdxnd.html
2026-07-28 18:10:58 | INFO     | ss_crawler | [computer_parser] Skipping listing hdxnd: Contains skip pattern: 'multisistēma rīga'
2026-07-28 18:10:58 | INFO     | ss_crawler | [computer_scraper] SKIPPED: Filtered by skip patterns
2026-07-28 18:10:58 | INFO     | ss_crawler | [crawler] Fetching Computer listing 8/30: https://www.ss.com/msg/lv/electronics/computers/pc/kpgpp.html
2026-07-28 18:11:00 | INFO     | ss_crawler | [computer_parser] Skipping listing kpgpp: Contains skip pattern: 'multisistēma rīga'
2026-07-28 18:11:00 | INFO     | ss_crawler | [computer_scraper] SKIPPED: Filtered by skip patterns
2026-07-28 18:11:00 | INFO     | ss_crawler | [crawler] Fetching Computer listing 9/30: https://www.ss.com/msg/lv/electronics/computers/pc/fmxgo.html
2026-07-28 18:11:02 | INFO     | ss_crawler | [computer_parser] Skipping listing fmxgo: Contains skip pattern: 'piegāde visā latvijā'
2026-07-28 18:11:02 | INFO     | ss_crawler | [computer_scraper] SKIPPED: Filtered by skip patterns
2026-07-28 18:11:02 | INFO     | ss_crawler | [crawler] Fetching Computer listing 10/30: https://www.ss.com/msg/lv/electronics/computers/pc/fpcpo.html
2026-07-28 18:11:04 | INFO     | ss_crawler | [computer_parser] Skipping listing fpcpo: Contains skip pattern: 'piegāde visā latvijā'
2026-07-28 18:11:04 | INFO     | ss_crawler | [computer_scraper] SKIPPED: Filtered by skip patterns
2026-07-28 18:11:04 | INFO     | ss_crawler | [crawler] Fetching Computer listing 11/30: https://www.ss.com/msg/lv/electronics/computers/pc/hffxp.html
2026-07-28 18:11:07 | WARNING  | ss_crawler | [computer_parser] No price found for https://www.ss.com/msg/lv/electronics/computers/pc/hffxp.html
2026-07-28 18:11:08 | WARNING  | ss_crawler | [listing_versioning] Legacy listing hffxp v1 has NULL fingerprint, creating new version
2026-07-28 18:11:08 | INFO     | ss_crawler | [computer_scraper] NEW_VERSION: New version (2): Datori un orgtehnika/Datori/ Pērk...
2026-07-28 18:11:08 | INFO     | ss_crawler | [crawler] Fetching Computer listing 12/30: https://www.ss.com/msg/lv/electronics/computers/pc/dpxgn.html
2026-07-28 18:11:11 | INFO     | ss_crawler | [computer_parser] Skipping listing dpxgn: Contains skip pattern: 'mac'
2026-07-28 18:11:11 | INFO     | ss_crawler | [computer_scraper] SKIPPED: Filtered by skip patterns
2026-07-28 18:11:11 | INFO     | ss_crawler | [crawler] Fetching Computer listing 13/30: https://www.ss.com/msg/lv/electronics/computers/pc/pbdle.html
2026-07-28 18:11:17 | INFO     | ss_crawler | [computer_matcher] [SSD DEBUG] Set result.ssd: {'id': 590, 'brand': 'Gigabyte', 'model': 'Vision Drive', 'interface': 'USB 3.2 Gen2x1', 'form_factor': 'USB-C', 'capacity_gb': 1000, 'controller': 'Phison E12S', 'configuration': 'Dual R5 + CoX, 8-ch, 4-CE/ch', 'has_dram': True, 'hmb': 'No', 'nand_brand': None, 'nand_type': 'TLC', 'layers': None, 'read_speed_mb': 2000, 'write_speed_mb': 2000, 'category': 'Mid-Range NVMe', 'notes': 'Portable', 'search_keywords': ['vision drive', 'gigabyte vision drive', 'gigabyte'], 'normalized_name': 'gigabyte vision drive', 'name': 'Gigabyte Vision Drive'}
2026-07-28 18:11:18 | INFO     | ss_crawler | [image_downloader] Downloaded image for pbdle (stored as pbdle_e98cc2e9.jpg, 89194 bytes)
2026-07-28 18:11:18 | INFO     | ss_crawler | [computer_scraper] Image saved locally: computers\pbdle_e98cc2e9.jpg
2026-07-28 18:11:18 | INFO     | ss_crawler | [computer_scraper] NEW: New: Datori un orgtehnika/Datori/ Pārdod...
2026-07-28 18:11:18 | INFO     | ss_crawler | [crawler] Fetching Computer listing 14/30: https://www.ss.com/msg/lv/electronics/computers/pc/bbmgcp.html
2026-07-28 18:11:22 | INFO     | ss_crawler | [computer_parser] Skipping listing bbmgcp: Contains skip pattern: 'piegāde visā latvijā'
2026-07-28 18:11:22 | INFO     | ss_crawler | [computer_scraper] SKIPPED: Filtered by skip patterns
2026-07-28 18:11:22 | INFO     | ss_crawler | [crawler] Fetching Computer listing 15/30: https://www.ss.com/msg/lv/electronics/computers/pc/fkedm.html
2026-07-28 18:11:25 | INFO     | ss_crawler | [computer_parser] Skipping listing fkedm: Contains skip pattern: 'mac'
2026-07-28 18:11:25 | INFO     | ss_crawler | [computer_scraper] SKIPPED: Filtered by skip patterns
2026-07-28 18:11:25 | INFO     | ss_crawler | [crawler] Fetching Computer listing 16/30: https://www.ss.com/msg/lv/electronics/computers/pc/hcxco.html
2026-07-28 18:11:38 | INFO     | ss_crawler | [computer_matcher] [SSD DEBUG] Set result.ssd: {'id': 1576, 'brand': 'Samsung', 'model': '990 Pro', 'interface': 'x4 PCIe 4.0/NVMe', 'form_factor': 'M.2', 'capacity_gb': 2000, 'controller': 'Samsung Pascal', 'configuration': 'Cortex-R8, 8x8', 'has_dram': True, 'hmb': None, 'nand_brand': 'Samsung', 'nand_type': 'TLC', 'layers': '176', 'read_speed_mb': 7450, 'write_speed_mb': 6900, 'category': 'High-End NVMe', 'notes': '4TB 2023, upd 236L/V8', 'search_keywords': ['samsung', '990 pro', 'samsung 990', '990', 'samsung 990 pro'], 'normalized_name': 'samsung 990 pro', 'name': 'Samsung 990 Pro'}
2026-07-28 18:11:39 | INFO     | ss_crawler | [image_downloader] Downloaded image for hcxco (stored as hcxco_2dba5cbd.jpg, 64436 bytes)
2026-07-28 18:11:39 | INFO     | ss_crawler | [computer_scraper] Image saved locally: computers\hcxco_2dba5cbd.jpg
2026-07-28 18:11:39 | INFO     | ss_crawler | [computer_scraper] NEW: New: Datori un orgtehnika/Datori/ Pārdod...
2026-07-28 18:11:39 | INFO     | ss_crawler | [crawler] Fetching Computer listing 17/30: https://www.ss.com/msg/lv/electronics/computers/pc/hgfox.html
2026-07-28 18:11:42 | INFO     | ss_crawler | [image_downloader] Downloaded image for hgfox (stored as hgfox_62942bc3.jpg, 68771 bytes)
2026-07-28 18:11:42 | INFO     | ss_crawler | [computer_scraper] Image saved locally: computers\hgfox_62942bc3.jpg
2026-07-28 18:11:42 | INFO     | ss_crawler | [computer_scraper] NEW: New: Datori un orgtehnika/Datori/ Pārdod...
2026-07-28 18:11:42 | INFO     | ss_crawler | [crawler] Fetching Computer listing 18/30: https://www.ss.com/msg/lv/electronics/computers/repairing-pcs/repairing-pcs/bnxddl.html
2026-07-28 18:11:45 | INFO     | ss_crawler | [computer_parser] Skipping listing bnxddl: Contains skip pattern: 'remonts'
2026-07-28 18:11:45 | INFO     | ss_crawler | [computer_scraper] SKIPPED: Filtered by skip patterns
2026-07-28 18:11:45 | INFO     | ss_crawler | [crawler] Fetching Computer listing 19/30: https://www.ss.com/msg/lv/electronics/computers/pc/aehgx.html
2026-07-28 18:11:48 | INFO     | ss_crawler | [computer_parser] Skipping listing aehgx: Contains skip pattern: 'mac'
2026-07-28 18:11:48 | INFO     | ss_crawler | [computer_scraper] SKIPPED: Filtered by skip patterns
2026-07-28 18:11:48 | INFO     | ss_crawler | [crawler] Fetching Computer listing 20/30: https://www.ss.com/msg/lv/electronics/computers/pc/ibexd.html
2026-07-28 18:11:52 | WARNING  | ss_crawler | [listing_versioning] Legacy listing ibexd v1 has NULL fingerprint, creating new version
2026-07-28 18:11:52 | INFO     | ss_crawler | [computer_scraper] NEW_VERSION: New version (2): Datori un orgtehnika/Datori/ Pārdod...
2026-07-28 18:11:52 | INFO     | ss_crawler | [crawler] Fetching Computer listing 21/30: https://www.ss.com/msg/lv/electronics/computers/pc/lolkn.html
2026-07-28 18:11:56 | WARNING  | ss_crawler | [listing_versioning] Legacy listing lolkn v1 has NULL fingerprint, creating new version
2026-07-28 18:11:56 | INFO     | ss_crawler | [computer_scraper] NEW_VERSION: New version (2): Datori un orgtehnika/Datori/ Pārdod...
2026-07-28 18:11:56 | INFO     | ss_crawler | [crawler] Fetching Computer listing 22/30: https://www.ss.com/msg/lv/electronics/computers/pc/gkgpd.html
2026-07-28 18:11:59 | INFO     | ss_crawler | [computer_parser] Skipping listing gkgpd: Contains skip pattern: 'garantija 2 gadi'
2026-07-28 18:11:59 | INFO     | ss_crawler | [computer_scraper] SKIPPED: Filtered by skip patterns
2026-07-28 18:11:59 | INFO     | ss_crawler | [crawler] Fetching Computer listing 23/30: https://www.ss.com/msg/lv/electronics/computers/pc/jofxk.html
2026-07-28 18:12:07 | INFO     | ss_crawler | [computer_matcher] [SSD DEBUG] Set result.ssd: {'id': 2448, 'brand': 'Western Digital', 'model': 'Blue SN580', 'interface': 'PCIe 4.0 x4', 'form_factor': None, 'capacity_gb': 1000, 'controller': 'SanDisk 20-82-10082 (Polaris MP16+)', 'configuration': None, 'has_dram': False, 'hmb': 'YES', 'nand_brand': 'Kioxia', 'nand_type': 'TLC', 'layers': '112L', 'read_speed_mb': 4150, 'write_speed_mb': 4150, 'category': 'Entry-Level', 'notes': 'Proprietary controller', 'search_keywords': ['580', 'western digital 580', 'western digital', 'western digital blue sn580', 'blue sn580'], 'normalized_name': 'western digital blue sn580', 'name': 'Western Digital Blue SN580'}
2026-07-28 18:12:07 | INFO     | ss_crawler | [computer_monitor_matcher] [MONITOR DEBUG] Original context: 'datori un orgtehnika/datori/ pārdod monitors lcd 27" s27e391h'
2026-07-28 18:12:07 | INFO     | ss_crawler | [computer_monitor_matcher] [MONITOR DEBUG] Filtered context: 'datori un orgtehnika/datori/ pārdod monitors lcd 27" s27e391h'
2026-07-28 18:12:07 | INFO     | ss_crawler | [computer_monitor_matcher] [MONITOR DEBUG] Extracted size: 27, refresh: None
2026-07-28 18:12:07 | INFO     | ss_crawler | [computer_monitor_matcher] [MONITOR DEBUG] Top match so far: AOC 27E3UM score=0.50 method=model_prefix+size
2026-07-28 18:12:08 | INFO     | ss_crawler | [computer_monitor_matcher] [MONITOR DEBUG] Top match so far: Samsung S27E391H score=0.65 method=model_full+size
2026-07-28 18:12:08 | INFO     | ss_crawler | [computer_monitor_matcher] Monitor matched: Samsung S27E391H (65%)
2026-07-28 18:12:08 | WARNING  | ss_crawler | [listing_versioning] Legacy listing jofxk v1 has NULL fingerprint, creating new version
2026-07-28 18:12:08 | INFO     | ss_crawler | [computer_scraper] NEW_VERSION: New version (2): Datori un orgtehnika/Datori/ Pārdod...
2026-07-28 18:12:08 | INFO     | ss_crawler | [crawler] Fetching Computer listing 24/30: https://www.ss.com/msg/lv/electronics/computers/pc/gjfgx.html
2026-07-28 18:12:13 | WARNING  | ss_crawler | [listing_versioning] Legacy listing gjfgx v2 has NULL fingerprint, creating new version
2026-07-28 18:12:13 | INFO     | ss_crawler | [computer_scraper] NEW_VERSION: New version (3): Datori un orgtehnika/Datori/ Pārdod...
2026-07-28 18:12:13 | INFO     | ss_crawler | [crawler] Fetching Computer listing 25/30: https://www.ss.com/msg/lv/electronics/computers/pc/fmoxo.html
2026-07-28 18:12:17 | INFO     | ss_crawler | [computer_monitor_matcher] [MONITOR DEBUG] Original context: 'datori un orgtehnika/datori/ pārdod pardodu attela redzamo datora komplektu. ekrans dell 21.5 , dators, klaviatura, pele. darbojas ar windows 11pro programmu, laba stavokli.'
2026-07-28 18:12:17 | INFO     | ss_crawler | [computer_monitor_matcher] [MONITOR DEBUG] Filtered context: 'datori un orgtehnika/datori/ pārdod pardodu attela redzamo datora komplektu. ekrans dell 21.5 , dators, klaviatura, pele. darbojas ar windows 11pro programmu, laba stavokli.'
2026-07-28 18:12:17 | INFO     | ss_crawler | [computer_monitor_matcher] [MONITOR DEBUG] Extracted size: 21, refresh: None
2026-07-28 18:12:17 | INFO     | ss_crawler | [computer_monitor_matcher] [MONITOR DEBUG] Top match so far: Dell E2210H score=0.45 method=brand+size
2026-07-28 18:12:18 | INFO     | ss_crawler | [computer_monitor_matcher] [MONITOR DEBUG] Top match so far: MSI PRO MP221 score=0.50 method=model_prefix+size
2026-07-28 18:12:18 | INFO     | ss_crawler | [computer_monitor_matcher] Monitor matched: MSI PRO MP221 (50%)
2026-07-28 18:12:18 | INFO     | ss_crawler | [image_downloader] Downloaded image for fmoxo (stored as fmoxo_6cd0723c.jpg, 91660 bytes)
2026-07-28 18:12:18 | INFO     | ss_crawler | [computer_scraper] Image saved locally: computers\fmoxo_6cd0723c.jpg
2026-07-28 18:12:18 | INFO     | ss_crawler | [computer_scraper] NEW: New: Datori un orgtehnika/Datori/ Pārdod...
2026-07-28 18:12:18 | INFO     | ss_crawler | [crawler] Fetching Computer listing 26/30: https://www.ss.com/msg/lv/electronics/computers/repairing-pcs/repairing-pcs/bncmxn.html
2026-07-28 18:12:21 | INFO     | ss_crawler | [computer_parser] Skipping listing bncmxn: Contains skip pattern: 'remonts'
2026-07-28 18:12:21 | INFO     | ss_crawler | [computer_scraper] SKIPPED: Filtered by skip patterns
2026-07-28 18:12:21 | INFO     | ss_crawler | [crawler] Fetching Computer listing 27/30: https://www.ss.com/msg/lv/electronics/computers/repairing-pcs/repairing-pcs/bncfbf.html
2026-07-28 18:12:25 | INFO     | ss_crawler | [computer_parser] Skipping listing bncfbf: Contains skip pattern: 'remonts'
2026-07-28 18:12:25 | INFO     | ss_crawler | [computer_scraper] SKIPPED: Filtered by skip patterns
2026-07-28 18:12:25 | INFO     | ss_crawler | [crawler] Fetching Computer listing 28/30: https://www.ss.com/msg/lv/electronics/computers/pc/fggco.html
2026-07-28 18:12:29 | INFO     | ss_crawler | [image_downloader] Downloaded image for fggco (stored as fggco_27dea0f1.jpg, 70691 bytes)
2026-07-28 18:12:29 | INFO     | ss_crawler | [computer_scraper] Image saved locally: computers\fggco_27dea0f1.jpg
2026-07-28 18:12:29 | INFO     | ss_crawler | [computer_scraper] NEW: New: Datori un orgtehnika/Datori/ Pārdod...
2026-07-28 18:12:29 | INFO     | ss_crawler | [crawler] Fetching Computer listing 29/30: https://www.ss.com/msg/lv/electronics/computers/pc/lnneo.html
2026-07-28 18:12:34 | INFO     | ss_crawler | [image_downloader] Downloaded image for lnneo (stored as lnneo_0f98328a.jpg, 62852 bytes)
2026-07-28 18:12:34 | INFO     | ss_crawler | [computer_scraper] Image saved locally: computers\lnneo_0f98328a.jpg
2026-07-28 18:12:34 | INFO     | ss_crawler | [computer_scraper] NEW: New: Datori un orgtehnika/Datori/ Pārdod...
2026-07-28 18:12:34 | INFO     | ss_crawler | [crawler] Fetching Computer listing 30/30: https://www.ss.com/msg/lv/electronics/computers/pc/pcmkd.html
2026-07-28 18:12:41 | INFO     | ss_crawler | [image_downloader] Downloaded image for pcmkd (stored as pcmkd_a53844e2.jpg, 111664 bytes)
2026-07-28 18:12:41 | INFO     | ss_crawler | [computer_scraper] Image saved locally: computers\pcmkd_a53844e2.jpg
2026-07-28 18:12:41 | INFO     | ss_crawler | [computer_scraper] NEW: New: Datori un orgtehnika/Datori/ Pārdod...
2026-07-28 18:12:41 | INFO     | ss_crawler | [computer_scraper] Fetching computer category: https://www.ss.com/lv/electronics/computers/pc/page4.html
2026-07-28 18:12:41 | INFO     | ss_crawler | [crawler] Fetching Computer category page: https://www.ss.com/lv/electronics/computers/pc/page4.html
2026-07-28 18:12:44 | INFO     | ss_crawler | [computer_parser] Found 30 listings on page
2026-07-28 18:12:44 | INFO     | ss_crawler | [computer_scraper] Found 30 computer listings to process
2026-07-28 18:12:44 | INFO     | ss_crawler | [crawler] Fetching Computer listing 1/30: https://www.ss.com/msg/lv/electronics/computers/pc/hfmii.html
2026-07-28 18:12:55 | INFO     | ss_crawler | [computer_matcher] [SSD DEBUG] Set result.ssd: {'id': 1320, 'brand': 'Patriot', 'model': 'Viper VP4000 Mini', 'interface': None, 'form_factor': None, 'capacity_gb': None, 'controller': None, 'configuration': None, 'has_dram': None, 'hmb': '', 'nand_brand': None, 'nand_type': None, 'layers': None, 'read_speed_mb': None, 'write_speed_mb': None, 'category': None, 'notes': None, 'search_keywords': ['patriot 4000', '4000', 'viper vp4000 mini', 'patriot', 'patriot viper vp4000 mini'], 'normalized_name': 'patriot viper vp4000 mini', 'name': 'Patriot Viper VP4000 Mini'}
2026-07-28 18:12:55 | INFO     | ss_crawler | [image_downloader] Downloaded image for hfmii (stored as hfmii_3aa918a1.jpg, 89655 bytes)
2026-07-28 18:12:55 | INFO     | ss_crawler | [computer_scraper] Image saved locally: computers\hfmii_3aa918a1.jpg
2026-07-28 18:12:55 | INFO     | ss_crawler | [computer_scraper] NEW: New: Datori un orgtehnika/Datori/ Pārdod...
2026-07-28 18:12:55 | INFO     | ss_crawler | [crawler] Fetching Computer listing 2/30: https://www.ss.com/msg/lv/electronics/computers/pc/dhxnk.html
2026-07-28 18:12:57 | INFO     | ss_crawler | [computer_parser] Skipping listing dhxnk: Contains skip pattern: 'veikals'
2026-07-28 18:12:57 | INFO     | ss_crawler | [computer_scraper] SKIPPED: Filtered by skip patterns
2026-07-28 18:12:57 | INFO     | ss_crawler | [crawler] Fetching Computer listing 3/30: https://www.ss.com/msg/lv/electronics/computers/pc/heecd.html
2026-07-28 18:13:01 | INFO     | ss_crawler | [image_downloader] Downloaded image for heecd (stored as heecd_e35f2275.jpg, 96068 bytes)
2026-07-28 18:13:01 | INFO     | ss_crawler | [computer_scraper] Image saved locally: computers\heecd_e35f2275.jpg
2026-07-28 18:13:01 | INFO     | ss_crawler | [computer_scraper] NEW: New: Datori un orgtehnika/Datori/ Pārdod...
2026-07-28 18:13:01 | INFO     | ss_crawler | [crawler] Fetching Computer listing 4/30: https://www.ss.com/msg/lv/electronics/computers/pc/dmmhx.html
2026-07-28 18:13:05 | INFO     | ss_crawler | [computer_parser] Skipping listing dmmhx: Contains skip pattern: 'garantija 2 gadi'
2026-07-28 18:13:05 | INFO     | ss_crawler | [computer_scraper] SKIPPED: Filtered by skip patterns
2026-07-28 18:13:05 | INFO     | ss_crawler | [crawler] Fetching Computer listing 5/30: https://www.ss.com/msg/lv/electronics/computers/pc/gpnix.html
2026-07-28 18:13:10 | INFO     | ss_crawler | [image_downloader] Downloaded image for gpnix (stored as gpnix_145e47ae.jpg, 62054 bytes)
2026-07-28 18:13:10 | INFO     | ss_crawler | [computer_scraper] Image saved locally: computers\gpnix_145e47ae.jpg
2026-07-28 18:13:10 | INFO     | ss_crawler | [computer_scraper] NEW: New: Datori un orgtehnika/Datori/ Pārdod...
2026-07-28 18:13:10 | INFO     | ss_crawler | [crawler] Fetching Computer listing 6/30: https://www.ss.com/msg/lv/electronics/computers/pc/efodl.html
2026-07-28 18:13:12 | INFO     | ss_crawler | [computer_matcher] [SSD DEBUG] Set result.ssd: {'id': 321, 'brand': 'ASUS', 'model': 'Strix SQ7', 'interface': 'x4 PCIe 4.0/NVMe', 'form_factor': 'M.2', 'capacity_gb': 1000, 'controller': 'Phison E18', 'configuration': 'Triple R5 + CoX, 8-ch, 4-CE/ch', 'has_dram': True, 'hmb': None, 'nand_brand': 'Micron', 'nand_type': 'TLC', 'layers': '176', 'read_speed_mb': 7000, 'write_speed_mb': 6000, 'category': 'High-End NVMe', 'notes': None, 'search_keywords': ['asus strix sq7', 'asus', '7', 'strix sq7', 'asus 7'], 'normalized_name': 'asus strix sq7', 'name': 'ASUS Strix SQ7'}
2026-07-28 18:13:12 | INFO     | ss_crawler | [image_downloader] Downloaded image for efodl (stored as efodl_67e83d98.jpg, 85976 bytes)
2026-07-28 18:13:12 | INFO     | ss_crawler | [computer_scraper] Image saved locally: computers\efodl_67e83d98.jpg
2026-07-28 18:13:12 | INFO     | ss_crawler | [computer_scraper] NEW: New: Datori un orgtehnika/Datori/ Pārdod...
2026-07-28 18:13:12 | INFO     | ss_crawler | [crawler] Fetching Computer listing 7/30: https://www.ss.com/msg/lv/electronics/computers/pc/dgoxp.html
2026-07-28 18:13:19 | INFO     | ss_crawler | [image_downloader] Downloaded image for dgoxp (stored as dgoxp_f8cca074.jpg, 84587 bytes)
2026-07-28 18:13:19 | INFO     | ss_crawler | [computer_scraper] Image saved locally: computers\dgoxp_f8cca074.jpg
2026-07-28 18:13:19 | INFO     | ss_crawler | [computer_scraper] NEW: New: Datori un orgtehnika/Datori/ Pārdod...
2026-07-28 18:13:19 | INFO     | ss_crawler | [crawler] Fetching Computer listing 8/30: https://www.ss.com/msg/lv/electronics/computers/pc/gfxcx.html
2026-07-28 18:13:24 | INFO     | ss_crawler | [image_downloader] Downloaded image for gfxcx (stored as gfxcx_d6d6f219.jpg, 82999 bytes)
2026-07-28 18:13:24 | INFO     | ss_crawler | [computer_scraper] Image saved locally: computers\gfxcx_d6d6f219.jpg
2026-07-28 18:13:24 | INFO     | ss_crawler | [computer_scraper] NEW: New: Datori un orgtehnika/Datori/ Pārdod...
2026-07-28 18:13:24 | INFO     | ss_crawler | [crawler] Fetching Computer listing 9/30: https://www.ss.com/msg/lv/electronics/computers/pc/joehd.html
2026-07-28 18:13:27 | INFO     | ss_crawler | [ssd_matcher] SSDMatcher initialized with 95 SSDs
2026-07-28 18:13:27 | INFO     | ss_crawler | [computer_matcher] [SSD DEBUG] Set result.ssd: {'id': 811, 'brand': 'Kingston', 'model': 'A400', 'interface': 'SATA/AHCI', 'form_factor': '2.5"', 'capacity_gb': 120, 'controller': 'Phison S11', 'configuration': 'Single-core, 2-ch, 8-CE/ch', 'has_dram': False, 'hmb': None, 'nand_brand': 'Kioxia', 'nand_type': 'TLC', 'layers': '32+', 'read_speed_mb': 500, 'write_speed_mb': 450, 'category': 'Entry-Level SATA', 'notes': 'QLC/SMI at higher cap.', 'search_keywords': ['kingston a400', '400', 'a400', 'kingston 400', 'kingston'], 'normalized_name': 'kingston a400', 'name': 'Kingston A400'}
2026-07-28 18:13:27 | WARNING  | ss_crawler | [listing_versioning] Legacy listing joehd v1 has NULL fingerprint, creating new version
2026-07-28 18:13:27 | INFO     | ss_crawler | [computer_scraper] NEW_VERSION: New version (2): Datori un orgtehnika/Datori/ Pārdod...
2026-07-28 18:13:27 | INFO     | ss_crawler | [crawler] Fetching Computer listing 10/30: https://www.ss.com/msg/lv/electronics/computers/pc/hdbng.html
2026-07-28 18:13:47 | INFO     | ss_crawler | [computer_matcher] [SSD DEBUG] Set result.ssd: {'id': 863, 'brand': 'Kingston', 'model': 'NV3', 'interface': 'x4 PCIe 4.0/NVMe', 'form_factor': 'M.2', 'capacity_gb': 1000, 'controller': 'SMI SM2268XT', 'configuration': None, 'has_dram': False, 'hmb': 'Yes', 'nand_brand': 'Kioxia', 'nand_type': 'QLC', 'layers': '162', 'read_speed_mb': 6000, 'write_speed_mb': 5000, 'category': 'Entry-Level NVMe', 'notes': 'Likely cont/flash variations', 'search_keywords': ['3', 'kingston 3', 'kingston nv3', 'kingston', 'nv3'], 'normalized_name': 'kingston nv3', 'name': 'Kingston NV3'}
2026-07-28 18:13:47 | INFO     | ss_crawler | [image_downloader] Downloaded image for hdbng (stored as hdbng_ed0bf00e.jpg, 90825 bytes)
2026-07-28 18:13:47 | INFO     | ss_crawler | [computer_scraper] Image saved locally: computers\hdbng_ed0bf00e.jpg
2026-07-28 18:13:47 | INFO     | ss_crawler | [computer_scraper] NEW: New: Datori un orgtehnika/Datori/ Pārdod...
2026-07-28 18:13:47 | INFO     | ss_crawler | [crawler] Fetching Computer listing 11/30: https://www.ss.com/msg/lv/electronics/computers/pc/eljck.html
2026-07-28 18:13:49 | INFO     | ss_crawler | [computer_parser] Skipping listing eljck: Contains skip pattern: 'garantija 2 gadi'
2026-07-28 18:13:49 | INFO     | ss_crawler | [computer_scraper] SKIPPED: Filtered by skip patterns
2026-07-28 18:13:49 | INFO     | ss_crawler | [crawler] Fetching Computer listing 12/30: https://www.ss.com/msg/lv/electronics/computers/pc/mxogd.html
2026-07-28 18:13:51 | INFO     | ss_crawler | [computer_parser] Skipping listing mxogd: Contains skip pattern: 'mac'
2026-07-28 18:13:51 | INFO     | ss_crawler | [computer_scraper] SKIPPED: Filtered by skip patterns
2026-07-28 18:13:51 | INFO     | ss_crawler | [crawler] Fetching Computer listing 13/30: https://www.ss.com/msg/lv/electronics/computers/pc/ehjek.html
2026-07-28 18:13:53 | INFO     | ss_crawler | [computer_parser] Skipping listing ehjek: Contains skip pattern: 'mājas lapā'
2026-07-28 18:13:53 | INFO     | ss_crawler | [computer_scraper] SKIPPED: Filtered by skip patterns
2026-07-28 18:13:53 | INFO     | ss_crawler | [crawler] Fetching Computer listing 14/30: https://www.ss.com/msg/lv/electronics/computers/pc/fnoxn.html
2026-07-28 18:14:08 | INFO     | ss_crawler | [computer_matcher] [SSD DEBUG] Set result.ssd: {'id': 1575, 'brand': 'Samsung', 'model': '990 Pro', 'interface': 'x4 PCIe 4.0/NVMe', 'form_factor': 'M.2', 'capacity_gb': 1000, 'controller': 'Samsung Pascal', 'configuration': 'Cortex-R8, 8x8', 'has_dram': True, 'hmb': None, 'nand_brand': 'Samsung', 'nand_type': 'TLC', 'layers': '176', 'read_speed_mb': 7450, 'write_speed_mb': 6900, 'category': 'High-End NVMe', 'notes': '4TB 2023, upd 236L/V8', 'search_keywords': ['samsung', '990 pro', 'samsung 990', '990', 'samsung 990 pro'], 'normalized_name': 'samsung 990 pro', 'name': 'Samsung 990 Pro'}
2026-07-28 18:14:08 | INFO     | ss_crawler | [computer_monitor_matcher] [MONITOR DEBUG] Original context: 'komplektā ietilps arī monitors lg ultragear 27gs85q-b монитор lg ultragear 27gs85q-b в комплекте.'
2026-07-28 18:14:08 | INFO     | ss_crawler | [computer_monitor_matcher] [MONITOR DEBUG] Filtered context: 'komplektā ietilps arī monitors lg ultragear 27gs85q-b монитор lg ultragear 27gs85q-b в комплекте.'
2026-07-28 18:14:08 | INFO     | ss_crawler | [computer_monitor_matcher] [MONITOR DEBUG] Extracted size: None, refresh: None
2026-07-28 18:14:09 | INFO     | ss_crawler | [computer_monitor_matcher] [MONITOR DEBUG] Top match so far: LG 27GS50FX-B score=0.65 method=brand+model_prefix
2026-07-28 18:14:10 | INFO     | ss_crawler | [computer_monitor_matcher] Monitor matched: LG 27GS50FX-B (65%)
2026-07-28 18:14:10 | INFO     | ss_crawler | [image_downloader] Downloaded image for fnoxn (stored as fnoxn_42ed408f.jpg, 48901 bytes)
2026-07-28 18:14:11 | INFO     | ss_crawler | [computer_scraper] Image saved locally: computers\fnoxn_42ed408f.jpg
2026-07-28 18:14:11 | INFO     | ss_crawler | [computer_scraper] NEW: New: Datori un orgtehnika/Datori/ Pārdod...
2026-07-28 18:14:11 | INFO     | ss_crawler | [crawler] Fetching Computer listing 15/30: https://www.ss.com/msg/lv/electronics/computers/pc/enhci.html
2026-07-28 18:14:18 | INFO     | ss_crawler | [image_downloader] Downloaded image for enhci (stored as enhci_47964929.jpg, 96047 bytes)
2026-07-28 18:14:18 | INFO     | ss_crawler | [computer_scraper] Image saved locally: computers\enhci_47964929.jpg
2026-07-28 18:14:18 | INFO     | ss_crawler | [computer_scraper] NEW: New: Datori un orgtehnika/Datori/ Pārdod...
2026-07-28 18:14:18 | INFO     | ss_crawler | [crawler] Fetching Computer listing 16/30: https://www.ss.com/msg/lv/electronics/computers/pc/pcmmp.html
2026-07-28 18:14:24 | INFO     | ss_crawler | [image_downloader] Downloaded image for pcmmp (stored as pcmmp_ddce4049.jpg, 77464 bytes)
2026-07-28 18:14:24 | INFO     | ss_crawler | [computer_scraper] Image saved locally: computers\pcmmp_ddce4049.jpg
2026-07-28 18:14:24 | INFO     | ss_crawler | [computer_scraper] NEW: New: Datori un orgtehnika/Datori/ Pārdod...
2026-07-28 18:14:24 | INFO     | ss_crawler | [crawler] Fetching Computer listing 17/30: https://www.ss.com/msg/lv/electronics/computers/pc/lpkpo.html
2026-07-28 18:14:27 | INFO     | ss_crawler | [computer_parser] Skipping listing lpkpo: Contains skip pattern: 'mac'
2026-07-28 18:14:27 | INFO     | ss_crawler | [computer_scraper] SKIPPED: Filtered by skip patterns
2026-07-28 18:14:27 | INFO     | ss_crawler | [crawler] Fetching Computer listing 18/30: https://www.ss.com/msg/lv/electronics/computers/pc/echof.html
2026-07-28 18:14:30 | INFO     | ss_crawler | [computer_parser] Skipping listing echof: Contains skip pattern: 'mac'
2026-07-28 18:14:30 | INFO     | ss_crawler | [computer_scraper] SKIPPED: Filtered by skip patterns
2026-07-28 18:14:30 | INFO     | ss_crawler | [crawler] Fetching Computer listing 19/30: https://www.ss.com/msg/lv/electronics/computers/repairing-pcs/repairing-pcs/oemeh.html
2026-07-28 18:14:33 | INFO     | ss_crawler | [computer_parser] Skipping listing oemeh: Contains skip pattern: 'multisistēma rīga'
2026-07-28 18:14:33 | INFO     | ss_crawler | [computer_scraper] SKIPPED: Filtered by skip patterns
2026-07-28 18:14:33 | INFO     | ss_crawler | [crawler] Fetching Computer listing 20/30: https://www.ss.com/msg/lv/electronics/computers/pc/acjjd.html
2026-07-28 18:14:36 | INFO     | ss_crawler | [computer_parser] Skipping listing acjjd: Contains skip pattern: 'garantija 2 gadi'
2026-07-28 18:14:36 | INFO     | ss_crawler | [computer_scraper] SKIPPED: Filtered by skip patterns
2026-07-28 18:14:36 | INFO     | ss_crawler | [crawler] Fetching Computer listing 21/30: https://www.ss.com/msg/lv/electronics/computers/pc/dcfnb.html
2026-07-28 18:14:40 | INFO     | ss_crawler | [computer_monitor_matcher] [MONITOR DEBUG] Original context: 'datori un orgtehnika/datori/ pārdod pārdodu datoru komplektu ar lielu monitoru. monitors: 27" (68, 5 centimetri pa diagonāli) fullhd 1920x1080 pikseļi.'
2026-07-28 18:14:40 | INFO     | ss_crawler | [computer_monitor_matcher] [MONITOR DEBUG] Filtered context: 'datori un orgtehnika/datori/ pārdod pārdodu datoru komplektu ar lielu monitoru. monitors: 27" (68, 5 centimetri pa diagonāli) fullhd 1920x1080 pikseļi.'
2026-07-28 18:14:40 | INFO     | ss_crawler | [computer_monitor_matcher] [MONITOR DEBUG] Extracted size: 27, refresh: None
2026-07-28 18:14:42 | INFO     | ss_crawler | [computer_monitor_matcher] Generic monitor detected: 27" fullhd (50%)
2026-07-28 18:14:42 | INFO     | ss_crawler | [image_downloader] Downloaded image for dcfnb (stored as dcfnb_bd50a9aa.jpg, 112944 bytes)
2026-07-28 18:14:42 | INFO     | ss_crawler | [computer_scraper] Image saved locally: computers\dcfnb_bd50a9aa.jpg
2026-07-28 18:14:42 | INFO     | ss_crawler | [computer_scraper] NEW: New: Datori un orgtehnika/Datori/ Pārdod...
2026-07-28 18:14:42 | INFO     | ss_crawler | [crawler] Fetching Computer listing 22/30: https://www.ss.com/msg/lv/electronics/computers/pc/bddmip.html
2026-07-28 18:14:44 | INFO     | ss_crawler | [computer_parser] Skipping listing bddmip: Contains skip pattern: 'piegāde visā latvijā'
2026-07-28 18:14:44 | INFO     | ss_crawler | [computer_scraper] SKIPPED: Filtered by skip patterns
2026-07-28 18:14:44 | INFO     | ss_crawler | [crawler] Fetching Computer listing 23/30: https://www.ss.com/msg/lv/electronics/computers/pc/epicn.html
2026-07-28 18:14:48 | INFO     | ss_crawler | [image_downloader] Downloaded image for epicn (stored as epicn_1980fe0a.jpg, 90631 bytes)
2026-07-28 18:14:48 | INFO     | ss_crawler | [computer_scraper] Image saved locally: computers\epicn_1980fe0a.jpg
2026-07-28 18:14:48 | INFO     | ss_crawler | [computer_scraper] NEW: New: Datori un orgtehnika/Datori/ Pārdod...
2026-07-28 18:14:48 | INFO     | ss_crawler | [crawler] Fetching Computer listing 24/30: https://www.ss.com/msg/lv/electronics/computers/pc/gnnmj.html
2026-07-28 18:14:50 | INFO     | ss_crawler | [computer_parser] Skipping listing gnnmj: Contains skip pattern: 'garantija 2 gadi'
2026-07-28 18:14:50 | INFO     | ss_crawler | [computer_scraper] SKIPPED: Filtered by skip patterns
2026-07-28 18:14:50 | INFO     | ss_crawler | [crawler] Fetching Computer listing 25/30: https://www.ss.com/msg/lv/electronics/computers/pc/ehfff.html
2026-07-28 18:14:58 | INFO     | ss_crawler | [image_downloader] Downloaded image for ehfff (stored as ehfff_e86b0e02.jpg, 73631 bytes)
2026-07-28 18:14:58 | INFO     | ss_crawler | [computer_scraper] Image saved locally: computers\ehfff_e86b0e02.jpg
2026-07-28 18:14:58 | INFO     | ss_crawler | [computer_scraper] NEW: New: Datori un orgtehnika/Datori/ Pārdod...
2026-07-28 18:14:58 | INFO     | ss_crawler | [crawler] Fetching Computer listing 26/30: https://www.ss.com/msg/lv/electronics/computers/pc/mbxbx.html
2026-07-28 18:15:00 | INFO     | ss_crawler | [computer_parser] Skipping listing mbxbx: Contains skip pattern: 'piegāde visā latvijā'
2026-07-28 18:15:00 | INFO     | ss_crawler | [computer_scraper] SKIPPED: Filtered by skip patterns
2026-07-28 18:15:00 | INFO     | ss_crawler | [crawler] Fetching Computer listing 27/30: https://www.ss.com/msg/lv/electronics/computers/pc/pljxf.html
2026-07-28 18:15:03 | INFO     | ss_crawler | [computer_parser] Skipping listing pljxf: Contains skip pattern: 'piegāde visā latvijā'
2026-07-28 18:15:03 | INFO     | ss_crawler | [computer_scraper] SKIPPED: Filtered by skip patterns
2026-07-28 18:15:03 | INFO     | ss_crawler | [crawler] Fetching Computer listing 28/30: https://www.ss.com/msg/lv/electronics/computers/pc/pleob.html
2026-07-28 18:15:05 | INFO     | ss_crawler | [computer_parser] Skipping listing pleob: Contains skip pattern: 'mac'
2026-07-28 18:15:05 | INFO     | ss_crawler | [computer_scraper] SKIPPED: Filtered by skip patterns
2026-07-28 18:15:05 | INFO     | ss_crawler | [crawler] Fetching Computer listing 29/30: https://www.ss.com/msg/lv/electronics/computers/pc/gnmbb.html
2026-07-28 18:15:08 | INFO     | ss_crawler | [computer_parser] Skipping listing gnmbb: Contains skip pattern: 'piegāde visā latvijā'
2026-07-28 18:15:08 | INFO     | ss_crawler | [computer_scraper] SKIPPED: Filtered by skip patterns
2026-07-28 18:15:08 | INFO     | ss_crawler | [crawler] Fetching Computer listing 30/30: https://www.ss.com/msg/lv/electronics/computers/pc/mxlpl.html
2026-07-28 18:15:19 | INFO     | ss_crawler | [computer_matcher] [SSD DEBUG] Set result.ssd: {'id': 1575, 'brand': 'Samsung', 'model': '990 Pro', 'interface': 'x4 PCIe 4.0/NVMe', 'form_factor': 'M.2', 'capacity_gb': 1000, 'controller': 'Samsung Pascal', 'configuration': 'Cortex-R8, 8x8', 'has_dram': True, 'hmb': None, 'nand_brand': 'Samsung', 'nand_type': 'TLC', 'layers': '176', 'read_speed_mb': 7450, 'write_speed_mb': 6900, 'category': 'High-End NVMe', 'notes': '4TB 2023, upd 236L/V8', 'search_keywords': ['samsung', '990 pro', 'samsung 990', '990', 'samsung 990 pro'], 'normalized_name': 'samsung 990 pro', 'name': 'Samsung 990 Pro'}
2026-07-28 18:15:20 | INFO     | ss_crawler | [image_downloader] Downloaded image for mxlpl (stored as mxlpl_fad8766a.jpg, 113423 bytes)
2026-07-28 18:15:20 | INFO     | ss_crawler | [computer_scraper] Image saved locally: computers\mxlpl_fad8766a.jpg
2026-07-28 18:15:20 | INFO     | ss_crawler | [computer_scraper] NEW: New: Datori un orgtehnika/Datori/ Pārdod...
2026-07-28 18:15:20 | INFO     | ss_crawler | [computer_scraper] Fetching computer category: https://www.ss.com/lv/electronics/computers/pc/page5.html
2026-07-28 18:15:20 | INFO     | ss_crawler | [crawler] Fetching Computer category page: https://www.ss.com/lv/electronics/computers/pc/page5.html
2026-07-28 18:15:22 | INFO     | ss_crawler | [computer_parser] Found 30 listings on page
2026-07-28 18:15:22 | INFO     | ss_crawler | [computer_scraper] Found 30 computer listings to process
2026-07-28 18:15:22 | INFO     | ss_crawler | [crawler] Fetching Computer listing 1/30: https://www.ss.com/msg/lv/electronics/computers/pc/ddhnl.html
2026-07-28 18:15:24 | INFO     | ss_crawler | [ssd_matcher] SSDMatcher initialized with 31 SSDs
2026-07-28 18:15:24 | INFO     | ss_crawler | [computer_matcher] [SSD DEBUG] Set result.ssd: {'id': 2434, 'brand': 'Western Digital', 'model': 'Black SN850X', 'interface': 'PCIe 4.0 x4', 'form_factor': None, 'capacity_gb': 1000, 'controller': 'WD 20-82-20035-B2, WD 20-82-000292-B2', 'configuration': None, 'has_dram': False, 'hmb': 'NO', 'nand_brand': 'Kioxia', 'nand_type': 'TLC', 'layers': '112L, 162L', 'read_speed_mb': 7300, 'write_speed_mb': 6600, 'category': 'Flagship', 'notes': 'Proprietary controller', 'search_keywords': ['western digital black sn850x', '850', 'western digital 850', 'western digital', 'black sn850x'], 'normalized_name': 'western digital black sn850x', 'name': 'Western Digital Black SN850X'}
2026-07-28 18:15:25 | INFO     | ss_crawler | [image_downloader] Downloaded image for ddhnl (stored as ddhnl_83458519.jpg, 54076 bytes)
2026-07-28 18:15:25 | INFO     | ss_crawler | [computer_scraper] Image saved locally: computers\ddhnl_83458519.jpg
2026-07-28 18:15:25 | INFO     | ss_crawler | [computer_scraper] NEW: New: Datori un orgtehnika/Datori/ Pārdod...
2026-07-28 18:15:25 | INFO     | ss_crawler | [crawler] Fetching Computer listing 2/30: https://www.ss.com/msg/lv/electronics/computers/pc/aixfe.html
2026-07-28 18:15:35 | INFO     | ss_crawler | [image_downloader] Downloaded image for aixfe (stored as aixfe_a6244993.jpg, 171697 bytes)
2026-07-28 18:15:35 | INFO     | ss_crawler | [computer_scraper] Image saved locally: computers\aixfe_a6244993.jpg
2026-07-28 18:15:35 | INFO     | ss_crawler | [computer_scraper] NEW: New: Datori un orgtehnika/Datori/ Pārdod...
2026-07-28 18:15:35 | INFO     | ss_crawler | [crawler] Fetching Computer listing 3/30: https://www.ss.com/msg/lv/electronics/computers/repairing-pcs/repairing-pcs/bnmkld.html
2026-07-28 18:15:37 | INFO     | ss_crawler | [computer_parser] Skipping listing bnmkld: Contains skip pattern: 'remonts'
2026-07-28 18:15:37 | INFO     | ss_crawler | [computer_scraper] SKIPPED: Filtered by skip patterns
2026-07-28 18:15:37 | INFO     | ss_crawler | [crawler] Fetching Computer listing 4/30: https://www.ss.com/msg/lv/electronics/computers/pc/pbdmk.html
2026-07-28 18:15:40 | INFO     | ss_crawler | [computer_parser] Skipping listing pbdmk: Contains skip pattern: 'piegāde visā latvijā'
2026-07-28 18:15:40 | INFO     | ss_crawler | [computer_scraper] SKIPPED: Filtered by skip patterns
2026-07-28 18:15:40 | INFO     | ss_crawler | [crawler] Fetching Computer listing 5/30: https://www.ss.com/msg/lv/electronics/computers/pc/mojop.html
2026-07-28 18:15:43 | INFO     | ss_crawler | [computer_parser] Skipping listing mojop: Contains skip pattern: 'garantija 2 gadi'
2026-07-28 18:15:43 | INFO     | ss_crawler | [computer_scraper] SKIPPED: Filtered by skip patterns
2026-07-28 18:15:43 | INFO     | ss_crawler | [crawler] Fetching Computer listing 6/30: https://www.ss.com/msg/lv/electronics/computers/pc/cnlhf.html
2026-07-28 18:15:46 | INFO     | ss_crawler | [computer_parser] Skipping listing cnlhf: Contains skip pattern: 'piegāde visā latvijā'
2026-07-28 18:15:46 | INFO     | ss_crawler | [computer_scraper] SKIPPED: Filtered by skip patterns
2026-07-28 18:15:46 | INFO     | ss_crawler | [crawler] Fetching Computer listing 7/30: https://www.ss.com/msg/lv/electronics/computers/pc/ejnnl.html
2026-07-28 18:15:51 | INFO     | ss_crawler | [computer_monitor_matcher] [MONITOR DEBUG] Original context: 'kompakts biroja/mājas dators + 24″ monitors un bezvadu tastatūra un pele dāvanā.'
2026-07-28 18:15:51 | INFO     | ss_crawler | [computer_monitor_matcher] [MONITOR DEBUG] Filtered context: 'kompakts biroja/mājas dators + 24″ monitors un bezvadu tastatūra un pele dāvanā.'
2026-07-28 18:15:51 | INFO     | ss_crawler | [computer_monitor_matcher] [MONITOR DEBUG] Extracted size: 24, refresh: None
2026-07-28 18:15:52 | INFO     | ss_crawler | [computer_monitor_matcher] Generic monitor detected: 24" 1920x1080 (50%)
2026-07-28 18:15:52 | WARNING  | ss_crawler | [listing_versioning] Legacy listing ejnnl v1 has NULL fingerprint, creating new version
2026-07-28 18:15:52 | INFO     | ss_crawler | [computer_scraper] NEW_VERSION: New version (2): Datori un orgtehnika/Datori/ Pārdod...
2026-07-28 18:15:52 | INFO     | ss_crawler | [crawler] Fetching Computer listing 8/30: https://www.ss.com/msg/lv/electronics/computers/pc/dlglh.html
2026-07-28 18:15:56 | INFO     | ss_crawler | [image_downloader] Downloaded image for dlglh (stored as dlglh_4ab49d22.jpg, 192764 bytes)
2026-07-28 18:15:56 | INFO     | ss_crawler | [computer_scraper] Image saved locally: computers\dlglh_4ab49d22.jpg
2026-07-28 18:15:56 | INFO     | ss_crawler | [computer_scraper] NEW: New: Datori un orgtehnika/Datori/ Pārdod...
2026-07-28 18:15:56 | INFO     | ss_crawler | [crawler] Fetching Computer listing 9/30: https://www.ss.com/msg/lv/electronics/computers/pc/lplkp.html
2026-07-28 18:15:59 | INFO     | ss_crawler | [computer_parser] Skipping listing lplkp: Contains skip pattern: 'veikals'
2026-07-28 18:15:59 | INFO     | ss_crawler | [computer_scraper] SKIPPED: Filtered by skip patterns
2026-07-28 18:15:59 | INFO     | ss_crawler | [crawler] Fetching Computer listing 10/30: https://www.ss.com/msg/lv/electronics/computers/pc/bpmnne.html
2026-07-28 18:16:01 | INFO     | ss_crawler | [computer_parser] Skipping listing bpmnne: Contains skip pattern: 'piegāde visā latvijā'
2026-07-28 18:16:01 | INFO     | ss_crawler | [computer_scraper] SKIPPED: Filtered by skip patterns
2026-07-28 18:16:01 | INFO     | ss_crawler | [crawler] Fetching Computer listing 11/30: https://www.ss.com/msg/lv/electronics/computers/pc/gnedk.html
2026-07-28 18:16:03 | INFO     | ss_crawler | [computer_parser] Skipping listing gnedk: Contains skip pattern: 'mājas lapā'
2026-07-28 18:16:03 | INFO     | ss_crawler | [computer_scraper] SKIPPED: Filtered by skip patterns
2026-07-28 18:16:03 | INFO     | ss_crawler | [crawler] Fetching Computer listing 12/30: https://www.ss.com/msg/lv/electronics/computers/repairing-pcs/repairing-pcs/bmonex.html
2026-07-28 18:16:06 | INFO     | ss_crawler | [computer_parser] Skipping listing bmonex: Contains skip pattern: 'remonts'
2026-07-28 18:16:06 | INFO     | ss_crawler | [computer_scraper] SKIPPED: Filtered by skip patterns
2026-07-28 18:16:06 | INFO     | ss_crawler | [crawler] Fetching Computer listing 13/30: https://www.ss.com/msg/lv/electronics/computers/pc/fmcne.html
2026-07-28 18:16:10 | INFO     | ss_crawler | [image_downloader] Downloaded image for fmcne (stored as fmcne_6ec71282.jpg, 129430 bytes)
2026-07-28 18:16:10 | INFO     | ss_crawler | [computer_scraper] Image saved locally: computers\fmcne_6ec71282.jpg
2026-07-28 18:16:10 | INFO     | ss_crawler | [computer_scraper] NEW: New: Datori un orgtehnika/Datori/ Pārdod...
2026-07-28 18:16:10 | INFO     | ss_crawler | [crawler] Fetching Computer listing 14/30: https://www.ss.com/msg/lv/electronics/computers/pc/ghhxm.html
2026-07-28 18:16:12 | INFO     | ss_crawler | [computer_parser] Skipping listing ghhxm: Contains skip pattern: 'piegāde visā latvijā'
2026-07-28 18:16:12 | INFO     | ss_crawler | [computer_scraper] SKIPPED: Filtered by skip patterns
2026-07-28 18:16:12 | INFO     | ss_crawler | [crawler] Fetching Computer listing 15/30: https://www.ss.com/msg/lv/electronics/computers/pc/kggfd.html
2026-07-28 18:16:14 | INFO     | ss_crawler | [computer_parser] Skipping listing kggfd: Contains skip pattern: 'garantija 2 gadi'
2026-07-28 18:16:14 | INFO     | ss_crawler | [computer_scraper] SKIPPED: Filtered by skip patterns
2026-07-28 18:16:14 | INFO     | ss_crawler | [crawler] Fetching Computer listing 16/30: https://www.ss.com/msg/lv/electronics/computers/pc/fgibk.html
2026-07-28 18:16:19 | INFO     | ss_crawler | [image_downloader] Downloaded image for fgibk (stored as fgibk_dd628a44.jpg, 111109 bytes)
2026-07-28 18:16:19 | INFO     | ss_crawler | [computer_scraper] Image saved locally: computers\fgibk_dd628a44.jpg
2026-07-28 18:16:19 | INFO     | ss_crawler | [computer_scraper] NEW: New: Datori un orgtehnika/Datori/ Pārdod...
2026-07-28 18:16:19 | INFO     | ss_crawler | [crawler] Fetching Computer listing 17/30: https://www.ss.com/msg/lv/electronics/computers/pc/eeljk.html
2026-07-28 18:16:22 | INFO     | ss_crawler | [computer_parser] Skipping listing eeljk: Contains skip pattern: 'piegāde visā latvijā'
2026-07-28 18:16:22 | INFO     | ss_crawler | [computer_scraper] SKIPPED: Filtered by skip patterns
2026-07-28 18:16:22 | INFO     | ss_crawler | [crawler] Fetching Computer listing 18/30: https://www.ss.com/msg/lv/electronics/computers/pc/hixif.html
2026-07-28 18:16:28 | WARNING  | ss_crawler | [listing_versioning] Legacy listing hixif v2 has NULL fingerprint, creating new version
2026-07-28 18:16:28 | INFO     | ss_crawler | [computer_scraper] NEW_VERSION: New version (3): Datori un orgtehnika/Datori/ Pārdod...
2026-07-28 18:16:28 | INFO     | ss_crawler | [crawler] Fetching Computer listing 19/30: https://www.ss.com/msg/lv/electronics/computers/pc/cxdxo.html
2026-07-28 18:16:38 | INFO     | ss_crawler | [image_downloader] Downloaded image for cxdxo (stored as cxdxo_6c3d58d8.jpg, 62863 bytes)
2026-07-28 18:16:38 | INFO     | ss_crawler | [computer_scraper] Image saved locally: computers\cxdxo_6c3d58d8.jpg
2026-07-28 18:16:38 | INFO     | ss_crawler | [computer_scraper] NEW: New: Datori un orgtehnika/Datori/ Pārdod...
2026-07-28 18:16:38 | INFO     | ss_crawler | [crawler] Fetching Computer listing 20/30: https://www.ss.com/msg/lv/electronics/computers/pc/eddhk.html
2026-07-28 18:16:47 | INFO     | ss_crawler | [image_downloader] Downloaded image for eddhk (stored as eddhk_2e064396.jpg, 46095 bytes)
2026-07-28 18:16:47 | INFO     | ss_crawler | [computer_scraper] Image saved locally: computers\eddhk_2e064396.jpg
2026-07-28 18:16:47 | INFO     | ss_crawler | [computer_scraper] NEW: New: Datori un orgtehnika/Datori/ Pārdod...
2026-07-28 18:16:47 | INFO     | ss_crawler | [crawler] Fetching Computer listing 21/30: https://www.ss.com/msg/lv/electronics/computers/pc/dheek.html
2026-07-28 18:16:54 | INFO     | ss_crawler | [image_downloader] Downloaded image for dheek (stored as dheek_ad1b4e72.jpg, 47915 bytes)
2026-07-28 18:16:54 | INFO     | ss_crawler | [computer_scraper] Image saved locally: computers\dheek_ad1b4e72.jpg
2026-07-28 18:16:54 | INFO     | ss_crawler | [computer_scraper] NEW: New: Datori un orgtehnika/Datori/ Pārdod...
2026-07-28 18:16:54 | INFO     | ss_crawler | [crawler] Fetching Computer listing 22/30: https://www.ss.com/msg/lv/electronics/computers/pc/hfxii.html
2026-07-28 18:17:01 | WARNING  | ss_crawler | [listing_versioning] Legacy listing hfxii v2 has NULL fingerprint, creating new version
2026-07-28 18:17:01 | INFO     | ss_crawler | [computer_scraper] NEW_VERSION: New version (3): Datori un orgtehnika/Datori/ Pārdod...
2026-07-28 18:17:01 | INFO     | ss_crawler | [crawler] Fetching Computer listing 23/30: https://www.ss.com/msg/lv/electronics/computers/pc/lpdfi.html
2026-07-28 18:17:04 | INFO     | ss_crawler | [computer_parser] Skipping listing lpdfi: Contains skip pattern: 'piegāde visā latvijā'
2026-07-28 18:17:04 | INFO     | ss_crawler | [computer_scraper] SKIPPED: Filtered by skip patterns
2026-07-28 18:17:04 | INFO     | ss_crawler | [crawler] Fetching Computer listing 24/30: https://www.ss.com/msg/lv/electronics/computers/pc/pnidj.html
2026-07-28 18:17:07 | INFO     | ss_crawler | [computer_parser] Skipping listing pnidj: Contains skip pattern: 'mac'
2026-07-28 18:17:07 | INFO     | ss_crawler | [computer_scraper] SKIPPED: Filtered by skip patterns
2026-07-28 18:17:07 | INFO     | ss_crawler | [crawler] Fetching Computer listing 25/30: https://www.ss.com/msg/lv/electronics/computers/pc/mxhxn.html
2026-07-28 18:17:10 | INFO     | ss_crawler | [computer_parser] Skipping listing mxhxn: Contains skip pattern: 'piegāde visā latvijā'
2026-07-28 18:17:10 | INFO     | ss_crawler | [computer_scraper] SKIPPED: Filtered by skip patterns
2026-07-28 18:17:10 | INFO     | ss_crawler | [crawler] Fetching Computer listing 26/30: https://www.ss.com/msg/lv/electronics/computers/repairing-pcs/repairing-pcs/bmnmdk.html
2026-07-28 18:17:12 | INFO     | ss_crawler | [computer_parser] Skipping listing bmnmdk: Contains skip pattern: 'remonts'
2026-07-28 18:17:12 | INFO     | ss_crawler | [computer_scraper] SKIPPED: Filtered by skip patterns
2026-07-28 18:17:12 | INFO     | ss_crawler | [crawler] Fetching Computer listing 27/30: https://www.ss.com/msg/lv/electronics/computers/pc/egoxn.html
2026-07-28 18:17:14 | INFO     | ss_crawler | [computer_parser] Skipping listing egoxn: Contains skip pattern: 'piegāde visā latvijā'
2026-07-28 18:17:14 | INFO     | ss_crawler | [computer_scraper] SKIPPED: Filtered by skip patterns
2026-07-28 18:17:14 | INFO     | ss_crawler | [crawler] Fetching Computer listing 28/30: https://www.ss.com/msg/lv/electronics/computers/pc/fgjog.html
2026-07-28 18:17:17 | INFO     | ss_crawler | [computer_parser] Skipping listing fgjog: Contains skip pattern: 'garantija 2 gadi'
2026-07-28 18:17:17 | INFO     | ss_crawler | [computer_scraper] SKIPPED: Filtered by skip patterns
2026-07-28 18:17:17 | INFO     | ss_crawler | [crawler] Fetching Computer listing 29/30: https://www.ss.com/msg/lv/electronics/computers/pc/dxklc.html
2026-07-28 18:17:20 | INFO     | ss_crawler | [ssd_matcher] SSDMatcher initialized with 90 SSDs
2026-07-28 18:17:21 | INFO     | ss_crawler | [computer_matcher] [SSD DEBUG] Set result.ssd: {'id': 1515, 'brand': 'Samsung', 'model': '860 EVO', 'interface': 'SATA/AHCI', 'form_factor': '2.5" & M.2 (2TB)', 'capacity_gb': 500, 'controller': 'Samsung MJX', 'configuration': 'Tri-core, 8-ch, 8-CE/ch', 'has_dram': True, 'hmb': None, 'nand_brand': 'Samsung', 'nand_type': 'TLC', 'layers': '64', 'read_speed_mb': 550, 'write_speed_mb': 520, 'category': 'High-End SATA', 'notes': None, 'search_keywords': ['samsung', 'samsung 860', 'samsung 860 evo', '860 evo', '860'], 'normalized_name': 'samsung 860 evo', 'name': 'Samsung 860 EVO'}
2026-07-28 18:17:21 | INFO     | ss_crawler | [image_downloader] Downloaded image for dxklc (stored as dxklc_a8cea371.jpg, 89693 bytes)
2026-07-28 18:17:21 | INFO     | ss_crawler | [computer_scraper] Image saved locally: computers\dxklc_a8cea371.jpg
2026-07-28 18:17:21 | INFO     | ss_crawler | [computer_scraper] NEW: New: Datori un orgtehnika/Datori/ Pārdod...
2026-07-28 18:17:21 | INFO     | ss_crawler | [crawler] Fetching Computer listing 30/30: https://www.ss.com/msg/lv/electronics/computers/pc/goxeg.html
2026-07-28 18:17:23 | INFO     | ss_crawler | [computer_parser] Skipping listing goxeg: Contains skip pattern: 'all-in-one'
2026-07-28 18:17:23 | INFO     | ss_crawler | [computer_scraper] SKIPPED: Filtered by skip patterns
2026-07-28 18:17:23 | INFO     | ss_crawler | [computer_scraper] Page limit reached (5)
2026-07-28 18:17:23 | INFO     | ss_crawler | [computer_scraper] Computer scraping completed successfully
