2026-05-17 00:00:56 | INFO     | ss_crawler | [crawler] Fetching : https://www.ss.com/msg/lv/electronics/photo-optics/objectives/aebcf.html
2026-05-17 00:00:59 | INFO     | ss_crawler | [lens_scraper] Initializing Lens scraper...
2026-05-17 00:00:59 | INFO     | ss_crawler | [database] Database connected: localhost:5433/ss_market
2026-05-17 00:00:59 | INFO     | ss_crawler | [lens_scraper] Database: postgresql+psycopg2://crawler:crawler_pass@localhost:5433/ss_market
2026-05-17 00:00:59 | INFO     | ss_crawler | [lens_scraper] Loaded 481 lens references
2026-05-17 00:00:59 | INFO     | ss_crawler | [crawler] Fetching : https://www.ss.com/msg/lv/electronics/photo-optics/objectives/aebcf.html
2026-05-17 00:01:02 | INFO     | ss_crawler | [lens_scraper] MODEL EXTRACTED: '24-105 f4'
2026-05-17 00:01:02 | INFO     | ss_crawler | [lens_scraper] MOUNT DETECT: EF
2026-05-17 00:01:02 | INFO     | ss_crawler | [lens_scraper] Detected focal: 24mm-105mm (from_model=True)
2026-05-17 00:01:02 | INFO     | ss_crawler | [lens_scraper] Using TITLE ONLY for matching: 'canon modelis: 24-105 f4...'
2026-05-17 00:01:02 | INFO     | ss_crawler | [lens_scraper] BEST MATCH: 24-105mm F4L IS USM score=1.50
2026-05-17 00:01:02 | INFO     | ss_crawler | [lens_scraper] Matched [aebcf]: Canon_24-105mm_F4L_IS_USM (100% confidence)
2026-05-17 00:01:12 | INFO     | ss_crawler | [crawler] Fetching : https://www.ss.com/msg/lv/electronics/photo-optics/objectives/eibbp.html
2026-05-17 00:01:15 | INFO     | ss_crawler | [lens_scraper] Initializing Lens scraper...
2026-05-17 00:01:15 | INFO     | ss_crawler | [database] Database connected: localhost:5433/ss_market
2026-05-17 00:01:15 | INFO     | ss_crawler | [lens_scraper] Database: postgresql+psycopg2://crawler:crawler_pass@localhost:5433/ss_market
2026-05-17 00:01:15 | INFO     | ss_crawler | [lens_scraper] Loaded 481 lens references
2026-05-17 00:01:15 | INFO     | ss_crawler | [crawler] Fetching : https://www.ss.com/msg/lv/electronics/photo-optics/objectives/eibbp.html
2026-05-17 00:01:17 | INFO     | ss_crawler | [lens_scraper] MODEL EXTRACTED: 'ef 25mm t/2.0'
2026-05-17 00:01:17 | INFO     | ss_crawler | [lens_scraper] MOUNT DETECT: EF
2026-05-17 00:01:17 | INFO     | ss_crawler | [lens_scraper] Detected focal: 25mm (from_model=True)
2026-05-17 00:01:17 | INFO     | ss_crawler | [lens_scraper] Using TITLE ONLY for matching: 'carl zeiss modelis: ef 25mm t/2.0...'
2026-05-17 00:01:17 | INFO     | ss_crawler | [lens_scraper] BEST MATCH: 25mm F2 Distagon T* ZE score=0.85
2026-05-17 00:01:17 | INFO     | ss_crawler | [lens_scraper] Matched [eibbp]: Zeiss_25mm_F2_Distagon_T*_ZE (85% confidence)
2026-05-17 00:01:39 | INFO     | ss_crawler | [crawler] Fetching : https://www.ss.com/msg/lv/electronics/photo-optics/objectives/bhnnxk.html
2026-05-17 00:01:42 | INFO     | ss_crawler | [lens_scraper] Initializing Lens scraper...
2026-05-17 00:01:42 | INFO     | ss_crawler | [database] Database connected: localhost:5433/ss_market
2026-05-17 00:01:42 | INFO     | ss_crawler | [lens_scraper] Database: postgresql+psycopg2://crawler:crawler_pass@localhost:5433/ss_market
2026-05-17 00:01:42 | INFO     | ss_crawler | [lens_scraper] Loaded 481 lens references
2026-05-17 00:01:42 | INFO     | ss_crawler | [crawler] Fetching : https://www.ss.com/msg/lv/electronics/photo-optics/objectives/bhnnxk.html
2026-05-17 00:01:44 | INFO     | ss_crawler | [lens_scraper] MODEL EXTRACTED: 'ef 24 1, 4lii'
2026-05-17 00:01:44 | INFO     | ss_crawler | [lens_scraper] MOUNT DETECT: EF
2026-05-17 00:01:44 | INFO     | ss_crawler | [lens_scraper] BEST MATCH: 20mm F2.8 USM score=0.90
2026-05-17 00:01:44 | INFO     | ss_crawler | [lens_scraper] Matched [bhnnxk]: Canon_20mm_F2.8_USM (90% confidence)
2026-05-17 00:02:31 | INFO     | ss_crawler | [crawler] Fetching : https://www.ss.com/msg/lv/electronics/photo-optics/objectives/aafxg.html
2026-05-17 00:02:34 | INFO     | ss_crawler | [lens_scraper] Initializing Lens scraper...
2026-05-17 00:02:34 | INFO     | ss_crawler | [database] Database connected: localhost:5433/ss_market
2026-05-17 00:02:34 | INFO     | ss_crawler | [lens_scraper] Database: postgresql+psycopg2://crawler:crawler_pass@localhost:5433/ss_market
2026-05-17 00:02:34 | INFO     | ss_crawler | [lens_scraper] Loaded 481 lens references
2026-05-17 00:02:34 | INFO     | ss_crawler | [crawler] Fetching : https://www.ss.com/msg/lv/electronics/photo-optics/objectives/aafxg.html
2026-05-17 00:02:36 | INFO     | ss_crawler | [lens_scraper] MODEL EXTRACTED: 'ef 35 1.4l'
2026-05-17 00:02:36 | INFO     | ss_crawler | [lens_scraper] MOUNT DETECT: None
2026-05-17 00:02:36 | INFO     | ss_crawler | [lens_scraper] BEST MATCH: 35mm f/1.4 L VCM score=0.95
2026-05-17 00:02:36 | INFO     | ss_crawler | [lens_scraper] Matched [aafxg]: Canon_35mm_f_1.4_L_VCM (95% confidence)
2026-05-17 00:03:25 | INFO     | ss_crawler | [crawler] Fetching : https://www.ss.com/msg/lv/electronics/photo-optics/objectives/goxhg.html
2026-05-17 00:03:28 | INFO     | ss_crawler | [lens_scraper] Initializing Lens scraper...
2026-05-17 00:03:28 | INFO     | ss_crawler | [database] Database connected: localhost:5433/ss_market
2026-05-17 00:03:28 | INFO     | ss_crawler | [lens_scraper] Database: postgresql+psycopg2://crawler:crawler_pass@localhost:5433/ss_market
2026-05-17 00:03:28 | INFO     | ss_crawler | [lens_scraper] Loaded 481 lens references
2026-05-17 00:03:28 | INFO     | ss_crawler | [crawler] Fetching : https://www.ss.com/msg/lv/electronics/photo-optics/objectives/goxhg.html
2026-05-17 00:03:30 | INFO     | ss_crawler | [lens_scraper] MODEL EXTRACTED: 'ef 70-300 mm'
2026-05-17 00:03:30 | INFO     | ss_crawler | [lens_scraper] MOUNT DETECT: EF
2026-05-17 00:03:30 | INFO     | ss_crawler | [lens_scraper] Detected focal: 70mm-300mm (from_model=True)
2026-05-17 00:03:30 | INFO     | ss_crawler | [lens_scraper] Using TITLE ONLY for matching: 'canon modelis: ef 70-300 mm...'
2026-05-17 00:03:30 | INFO     | ss_crawler | [lens_scraper] BEST MATCH: 70-300mm F4-5.6 IS USM score=1.35
2026-05-17 00:03:30 | INFO     | ss_crawler | [lens_scraper] Matched [goxhg]: Canon_70-300mm_F4-5.6_IS_USM (100% confidence)
2026-05-17 00:04:45 | INFO     | ss_crawler | [crawler] Fetching : https://www.ss.com/msg/lv/electronics/photo-optics/objectives/bkhndn.html
2026-05-17 00:05:02 | INFO     | ss_crawler | [lens_scraper] Initializing Lens scraper...
2026-05-17 00:05:03 | INFO     | ss_crawler | [database] Database connected: localhost:5433/ss_market
2026-05-17 00:05:03 | INFO     | ss_crawler | [lens_scraper] Database: postgresql+psycopg2://crawler:crawler_pass@localhost:5433/ss_market
2026-05-17 00:05:03 | INFO     | ss_crawler | [lens_scraper] Loaded 481 lens references
2026-05-17 00:05:03 | INFO     | ss_crawler | [crawler] Fetching : https://www.ss.com/msg/lv/electronics/photo-optics/objectives/bkhndn.html
2026-05-17 00:05:04 | INFO     | ss_crawler | [lens_scraper] MODEL EXTRACTED: 'ef 85 f1, 8'
2026-05-17 00:05:04 | INFO     | ss_crawler | [lens_scraper] MOUNT DETECT: None
2026-05-17 00:05:04 | INFO     | ss_crawler | [lens_scraper] BEST MATCH: 85mm F1.4L IS USM score=0.80
2026-05-17 00:05:04 | INFO     | ss_crawler | [lens_scraper] Matched [bkhndn]: Canon_85mm_F1.4L_IS_USM (80% confidence)
2026-05-17 00:06:58 | INFO     | ss_crawler | [crawler] Fetching : https://www.ss.com/msg/lv/electronics/photo-optics/objectives/bhnnxk.html
2026-05-17 00:07:01 | INFO     | ss_crawler | [lens_scraper] Initializing Lens scraper...
2026-05-17 00:07:01 | INFO     | ss_crawler | [database] Database connected: localhost:5433/ss_market
2026-05-17 00:07:01 | INFO     | ss_crawler | [lens_scraper] Database: postgresql+psycopg2://crawler:crawler_pass@localhost:5433/ss_market
2026-05-17 00:07:01 | INFO     | ss_crawler | [lens_scraper] Loaded 481 lens references
2026-05-17 00:07:01 | INFO     | ss_crawler | [crawler] Fetching : https://www.ss.com/msg/lv/electronics/photo-optics/objectives/bhnnxk.html
2026-05-17 00:07:04 | INFO     | ss_crawler | [lens_scraper] MODEL EXTRACTED: 'ef 24 1, 4lii'
2026-05-17 00:07:04 | INFO     | ss_crawler | [lens_scraper] MOUNT DETECT: EF
2026-05-17 00:07:04 | INFO     | ss_crawler | [lens_scraper] Detected focal: 24mm (from_model=True)
2026-05-17 00:07:04 | INFO     | ss_crawler | [lens_scraper] Using TITLE ONLY for matching: 'canon modelis: ef 24 1, 4lii...'
2026-05-17 00:07:04 | INFO     | ss_crawler | [lens_scraper] BEST MATCH: 24mm F2.8 IS USM score=1.05
2026-05-17 00:07:04 | INFO     | ss_crawler | [lens_scraper] Matched [bhnnxk]: Canon_24mm_F2.8_IS_USM (100% confidence)
2026-05-17 00:07:32 | INFO     | ss_crawler | [crawler] Fetching : https://www.ss.com/msg/lv/electronics/photo-optics/objectives/bhnnxk.html
2026-05-17 00:07:35 | INFO     | ss_crawler | [lens_scraper] Initializing Lens scraper...
2026-05-17 00:07:35 | INFO     | ss_crawler | [database] Database connected: localhost:5433/ss_market
2026-05-17 00:07:35 | INFO     | ss_crawler | [lens_scraper] Database: postgresql+psycopg2://crawler:crawler_pass@localhost:5433/ss_market
2026-05-17 00:07:35 | INFO     | ss_crawler | [lens_scraper] Loaded 481 lens references
2026-05-17 00:07:35 | INFO     | ss_crawler | [crawler] Fetching : https://www.ss.com/msg/lv/electronics/photo-optics/objectives/bhnnxk.html
2026-05-17 00:07:38 | INFO     | ss_crawler | [lens_scraper] MODEL EXTRACTED: 'ef 24 1, 4lii'
2026-05-17 00:07:38 | INFO     | ss_crawler | [lens_scraper] MOUNT DETECT: EF
2026-05-17 00:07:38 | INFO     | ss_crawler | [lens_scraper] Detected focal: 24mm (from_model=True)
2026-05-17 00:07:38 | INFO     | ss_crawler | [lens_scraper] Using TITLE ONLY for matching: 'canon modelis: ef 24 1, 4lii...'
2026-05-17 00:07:38 | INFO     | ss_crawler | [lens_scraper] BEST MATCH: 24mm F2.8 IS USM score=1.05
2026-05-17 00:07:38 | INFO     | ss_crawler | [lens_scraper] Matched [bhnnxk]: Canon_24mm_F2.8_IS_USM (100% confidence)
2026-05-17 00:07:52 | INFO     | ss_crawler | [database] Database connected: localhost:5433/ss_market
2026-05-17 00:09:06 | INFO     | ss_crawler | [crawler] Fetching : https://www.ss.com/msg/lv/electronics/photo-optics/objectives/bhnnxk.html
2026-05-17 00:09:09 | INFO     | ss_crawler | [lens_scraper] Initializing Lens scraper...
2026-05-17 00:09:09 | INFO     | ss_crawler | [database] Database connected: localhost:5433/ss_market
2026-05-17 00:09:09 | INFO     | ss_crawler | [lens_scraper] Database: postgresql+psycopg2://crawler:crawler_pass@localhost:5433/ss_market
2026-05-17 00:09:10 | INFO     | ss_crawler | [lens_scraper] Loaded 481 lens references
2026-05-17 00:09:10 | INFO     | ss_crawler | [crawler] Fetching : https://www.ss.com/msg/lv/electronics/photo-optics/objectives/bhnnxk.html
2026-05-17 00:09:13 | INFO     | ss_crawler | [lens_scraper] MODEL EXTRACTED: 'ef 24 1, 4lii'
2026-05-17 00:09:13 | INFO     | ss_crawler | [lens_scraper] MOUNT DETECT: EF
2026-05-17 00:09:13 | INFO     | ss_crawler | [lens_scraper] Detected focal: 24mm (from_model=True)
2026-05-17 00:09:13 | INFO     | ss_crawler | [lens_scraper] Using TITLE ONLY for matching: 'canon modelis: ef 24 1, 4lii...'
2026-05-17 00:09:13 | INFO     | ss_crawler | [lens_scraper] BEST MATCH: 24mm F2.8 IS USM score=1.05
2026-05-17 00:09:13 | INFO     | ss_crawler | [lens_scraper] Matched [bhnnxk]: Canon_24mm_F2.8_IS_USM (100% confidence)
2026-05-17 00:09:37 | INFO     | ss_crawler | [crawler] Fetching : https://www.ss.com/msg/lv/electronics/photo-optics/objectives/bhnnxk.html
2026-05-17 00:09:41 | INFO     | ss_crawler | [lens_scraper] Initializing Lens scraper...
2026-05-17 00:09:41 | INFO     | ss_crawler | [database] Database connected: localhost:5433/ss_market
2026-05-17 00:09:41 | INFO     | ss_crawler | [lens_scraper] Database: postgresql+psycopg2://crawler:crawler_pass@localhost:5433/ss_market
2026-05-17 00:09:41 | INFO     | ss_crawler | [lens_scraper] Loaded 481 lens references
2026-05-17 00:09:41 | INFO     | ss_crawler | [crawler] Fetching : https://www.ss.com/msg/lv/electronics/photo-optics/objectives/bhnnxk.html
2026-05-17 00:09:44 | INFO     | ss_crawler | [lens_scraper] MODEL EXTRACTED: 'ef 24 1, 4lii'
2026-05-17 00:09:44 | INFO     | ss_crawler | [lens_scraper] MOUNT DETECT: EF
2026-05-17 00:09:44 | INFO     | ss_crawler | [lens_scraper] Detected focal: 24mm (from_model=True)
2026-05-17 00:09:44 | INFO     | ss_crawler | [lens_scraper] Using TITLE ONLY for matching: 'canon modelis: ef 24 1, 4lii...'
2026-05-17 00:09:44 | INFO     | ss_crawler | [lens_scraper] CANON 24MM: 24mm F1.4L II USM F1.4 score=0.40 focal_match=(24==24 and None==None)
2026-05-17 00:09:44 | INFO     | ss_crawler | [lens_scraper] CANON 24MM: 24mm F2.8 IS USM F2.8 score=1.05 focal_match=(24==24 and None==None)
2026-05-17 00:09:44 | INFO     | ss_crawler | [lens_scraper] CANON 24MM: 24mm F3.5L II TS-E F3.5 score=0.40 focal_match=(24==24 and None==None)
2026-05-17 00:09:44 | INFO     | ss_crawler | [lens_scraper] CANON 24MM: 24-70mm F2.8L II USM F2.8 score=0.15 focal_match=(24==24 and 70==None)
2026-05-17 00:09:44 | INFO     | ss_crawler | [lens_scraper] CANON 24MM: 24-70mm F4L IS USM F4 score=0.80 focal_match=(24==24 and 70==None)
2026-05-17 00:09:44 | INFO     | ss_crawler | [lens_scraper] CANON 24MM: 24-105mm F3.5-5.6 IS STM F3.5 score=0.80 focal_match=(24==24 and 105==None)
2026-05-17 00:09:44 | INFO     | ss_crawler | [lens_scraper] CANON 24MM: 24-105mm F4L IS USM F4 score=0.80 focal_match=(24==24 and 105==None)
2026-05-17 00:09:44 | INFO     | ss_crawler | [lens_scraper] CANON 24MM: 24-105mm F4L IS USM II F4 score=0.15 focal_match=(24==24 and 105==None)
2026-05-17 00:09:44 | INFO     | ss_crawler | [lens_scraper] CANON 24MM: 24mm F2.8 STM F2.8 score=0.70 focal_match=(24==24 and None==None)
2026-05-17 00:09:44 | INFO     | ss_crawler | [lens_scraper] CANON 24MM: 24mm f/1.8 Macro IS STM F1.8 score=0.80 focal_match=(24==24 and None==None)
2026-05-17 00:09:44 | INFO     | ss_crawler | [lens_scraper] CANON 24MM: 24mm f/1.4 L VCM F1.4 score=0.80 focal_match=(24==24 and None==None)
2026-05-17 00:09:44 | INFO     | ss_crawler | [lens_scraper] CANON 24MM: 24-70mm f/2.8 L IS USM F2.8 score=0.55 focal_match=(24==24 and 70==None)
2026-05-17 00:09:44 | INFO     | ss_crawler | [lens_scraper] CANON 24MM: 24-105mm f/2.8 L IS USM Z F2.8 score=0.55 focal_match=(24==24 and 105==None)
2026-05-17 00:09:44 | INFO     | ss_crawler | [lens_scraper] CANON 24MM: 24-105mm f/4 L IS USM F4 score=0.55 focal_match=(24==24 and 105==None)
2026-05-17 00:09:44 | INFO     | ss_crawler | [lens_scraper] CANON 24MM: 24-105mm f/4-7.1 IS STM F4 score=0.55 focal_match=(24==24 and 105==None)
2026-05-17 00:09:44 | INFO     | ss_crawler | [lens_scraper] CANON 24MM: 24-240mm f/4-6.3 IS USM F(4 score=0.55 focal_match=(24==24 and 240==None)
2026-05-17 00:09:44 | INFO     | ss_crawler | [lens_scraper] CANON 24MM: 24-50mm f/4.5-6.3 IS STM F4.5 score=0.55 focal_match=(24==24 and 50==None)
2026-05-17 00:09:44 | INFO     | ss_crawler | [lens_scraper] CANON 24MM: 24-70mm F2.8L USM F2.8 score=0.80 focal_match=(24==24 and 70==None)
2026-05-17 00:09:44 | INFO     | ss_crawler | [lens_scraper] BEST MATCH: 24mm F2.8 IS USM score=1.05
2026-05-17 00:09:44 | INFO     | ss_crawler | [lens_scraper] Matched [bhnnxk]: Canon_24mm_F2.8_IS_USM (100% confidence)
2026-05-17 00:10:31 | INFO     | ss_crawler | [crawler] Fetching : https://www.ss.com/msg/lv/electronics/photo-optics/objectives/bhnnxk.html
2026-05-17 00:10:33 | INFO     | ss_crawler | [lens_scraper] Initializing Lens scraper...
2026-05-17 00:10:33 | INFO     | ss_crawler | [database] Database connected: localhost:5433/ss_market
2026-05-17 00:10:33 | INFO     | ss_crawler | [lens_scraper] Database: postgresql+psycopg2://crawler:crawler_pass@localhost:5433/ss_market
2026-05-17 00:10:33 | INFO     | ss_crawler | [lens_scraper] Loaded 481 lens references
2026-05-17 00:10:33 | INFO     | ss_crawler | [crawler] Fetching : https://www.ss.com/msg/lv/electronics/photo-optics/objectives/bhnnxk.html
2026-05-17 00:10:36 | INFO     | ss_crawler | [lens_scraper] MODEL EXTRACTED: 'ef 24 1, 4lii'
2026-05-17 00:10:36 | INFO     | ss_crawler | [lens_scraper] MOUNT DETECT: EF
2026-05-17 00:10:36 | INFO     | ss_crawler | [lens_scraper] Detected focal: 24mm (from_model=True)
2026-05-17 00:10:36 | INFO     | ss_crawler | [lens_scraper] Using TITLE ONLY for matching: 'canon modelis: ef 24 1, 4lii...'
2026-05-17 00:10:36 | INFO     | ss_crawler | [lens_scraper] CANON 24MM: 24mm F1.4L II USM F1.4 focal=(24,None) detected=(24,None) score=0.40
2026-05-17 00:10:36 | INFO     | ss_crawler | [lens_scraper] CANON 24MM: 24mm F2.8 IS USM F2.8 focal=(24,None) detected=(24,None) score=1.05
2026-05-17 00:10:36 | INFO     | ss_crawler | [lens_scraper] CANON 24MM: 24mm F3.5L II TS-E F3.5 focal=(24,None) detected=(24,None) score=0.40
2026-05-17 00:10:36 | INFO     | ss_crawler | [lens_scraper] CANON 24MM: 24-70mm F2.8L II USM F2.8 focal=(24,70) detected=(24,None) score=0.15
2026-05-17 00:10:36 | INFO     | ss_crawler | [lens_scraper] CANON 24MM: 24-70mm F4L IS USM F4 focal=(24,70) detected=(24,None) score=0.80
2026-05-17 00:10:36 | INFO     | ss_crawler | [lens_scraper] CANON 24MM: 24-105mm F3.5-5.6 IS STM F3.5 focal=(24,105) detected=(24,None) score=0.80
2026-05-17 00:10:36 | INFO     | ss_crawler | [lens_scraper] CANON 24MM: 24-105mm F4L IS USM F4 focal=(24,105) detected=(24,None) score=0.80
2026-05-17 00:10:36 | INFO     | ss_crawler | [lens_scraper] CANON 24MM: 24-105mm F4L IS USM II F4 focal=(24,105) detected=(24,None) score=0.15
2026-05-17 00:10:36 | INFO     | ss_crawler | [lens_scraper] CANON 24MM: 24mm F2.8 STM F2.8 focal=(24,None) detected=(24,None) score=0.70
2026-05-17 00:10:36 | INFO     | ss_crawler | [lens_scraper] CANON 24MM: 24mm f/1.8 Macro IS STM F1.8 focal=(24,None) detected=(24,None) score=0.80
2026-05-17 00:10:36 | INFO     | ss_crawler | [lens_scraper] CANON 24MM: 24mm f/1.4 L VCM F1.4 focal=(24,None) detected=(24,None) score=0.80
2026-05-17 00:10:36 | INFO     | ss_crawler | [lens_scraper] CANON 24MM: 24-70mm f/2.8 L IS USM F2.8 focal=(24,70) detected=(24,None) score=0.55
2026-05-17 00:10:36 | INFO     | ss_crawler | [lens_scraper] CANON 24MM: 24-105mm f/2.8 L IS USM Z F2.8 focal=(24,105) detected=(24,None) score=0.55
2026-05-17 00:10:36 | INFO     | ss_crawler | [lens_scraper] CANON 24MM: 24-105mm f/4 L IS USM F4 focal=(24,105) detected=(24,None) score=0.55
2026-05-17 00:10:36 | INFO     | ss_crawler | [lens_scraper] CANON 24MM: 24-105mm f/4-7.1 IS STM F4 focal=(24,105) detected=(24,None) score=0.55
2026-05-17 00:10:36 | INFO     | ss_crawler | [lens_scraper] CANON 24MM: 24-240mm f/4-6.3 IS USM F(4 focal=(24,240) detected=(24,None) score=0.55
2026-05-17 00:10:36 | INFO     | ss_crawler | [lens_scraper] CANON 24MM: 24-50mm f/4.5-6.3 IS STM F4.5 focal=(24,50) detected=(24,None) score=0.55
2026-05-17 00:10:36 | INFO     | ss_crawler | [lens_scraper] CANON 24MM: 24-70mm F2.8L USM F2.8 focal=(24,70) detected=(24,None) score=0.80
2026-05-17 00:10:36 | INFO     | ss_crawler | [lens_scraper] BEST MATCH: 24mm F2.8 IS USM score=1.05
2026-05-17 00:10:36 | INFO     | ss_crawler | [lens_scraper] Matched [bhnnxk]: Canon_24mm_F2.8_IS_USM (100% confidence)
2026-05-17 00:12:24 | INFO     | ss_crawler | [crawler] Fetching : https://www.ss.com/msg/lv/electronics/photo-optics/objectives/bhnnxk.html
2026-05-17 00:12:26 | INFO     | ss_crawler | [lens_scraper] Initializing Lens scraper...
2026-05-17 00:12:26 | INFO     | ss_crawler | [database] Database connected: localhost:5433/ss_market
2026-05-17 00:12:26 | INFO     | ss_crawler | [lens_scraper] Database: postgresql+psycopg2://crawler:crawler_pass@localhost:5433/ss_market
2026-05-17 00:12:26 | INFO     | ss_crawler | [lens_scraper] Loaded 481 lens references
2026-05-17 00:12:26 | INFO     | ss_crawler | [crawler] Fetching : https://www.ss.com/msg/lv/electronics/photo-optics/objectives/bhnnxk.html
2026-05-17 00:12:29 | INFO     | ss_crawler | [lens_scraper] MODEL EXTRACTED: 'ef 24 1, 4lii'
2026-05-17 00:12:29 | INFO     | ss_crawler | [lens_scraper] MOUNT DETECT: EF
2026-05-17 00:12:29 | INFO     | ss_crawler | [lens_scraper] Detected focal: 24mm (from_model=True)
2026-05-17 00:12:29 | INFO     | ss_crawler | [lens_scraper] Using TITLE ONLY for matching: 'canon modelis: ef 24 1, 4lii...'
2026-05-17 00:12:29 | INFO     | ss_crawler | [lens_scraper] BEST MATCH: 24mm F2.8 IS USM score=1.35
2026-05-17 00:12:29 | INFO     | ss_crawler | [lens_scraper] Matched [bhnnxk]: Canon_24mm_F2.8_IS_USM (100% confidence)
2026-05-17 00:12:42 | INFO     | ss_crawler | [crawler] Fetching : https://www.ss.com/msg/lv/electronics/photo-optics/objectives/bhnnxk.html
2026-05-17 00:12:46 | INFO     | ss_crawler | [lens_scraper] Initializing Lens scraper...
2026-05-17 00:12:46 | INFO     | ss_crawler | [database] Database connected: localhost:5433/ss_market
2026-05-17 00:12:46 | INFO     | ss_crawler | [lens_scraper] Database: postgresql+psycopg2://crawler:crawler_pass@localhost:5433/ss_market
2026-05-17 00:12:46 | INFO     | ss_crawler | [lens_scraper] Loaded 481 lens references
2026-05-17 00:12:46 | INFO     | ss_crawler | [crawler] Fetching : https://www.ss.com/msg/lv/electronics/photo-optics/objectives/bhnnxk.html
2026-05-17 00:12:48 | INFO     | ss_crawler | [lens_scraper] MODEL EXTRACTED: 'ef 24 1, 4lii'
2026-05-17 00:12:48 | INFO     | ss_crawler | [lens_scraper] MOUNT DETECT: EF
2026-05-17 00:12:48 | INFO     | ss_crawler | [lens_scraper] Detected focal: 24mm (from_model=True)
2026-05-17 00:12:48 | INFO     | ss_crawler | [lens_scraper] Using TITLE ONLY for matching: 'canon modelis: ef 24 1, 4lii...'
2026-05-17 00:12:48 | INFO     | ss_crawler | [lens_scraper] CANON 24: 24mm F1.4L II USM F1.4 focal_score=0.65 total=0.85
2026-05-17 00:12:48 | INFO     | ss_crawler | [lens_scraper] CANON 24: 24mm F2.8 IS USM F2.8 focal_score=0.65 total=1.35
2026-05-17 00:12:48 | INFO     | ss_crawler | [lens_scraper] CANON 24: 24mm F3.5L II TS-E F3.5 focal_score=0.65 total=0.70
2026-05-17 00:12:48 | INFO     | ss_crawler | [lens_scraper] CANON 24: 24-70mm F2.8L II USM F2.8 focal_score=0.10 total=0.15
2026-05-17 00:12:48 | INFO     | ss_crawler | [lens_scraper] CANON 24: 24-70mm F4L IS USM F4 focal_score=0.10 total=0.80
2026-05-17 00:12:48 | INFO     | ss_crawler | [lens_scraper] CANON 24: 24-105mm F3.5-5.6 IS STM F3.5 focal_score=0.10 total=0.80
2026-05-17 00:12:48 | INFO     | ss_crawler | [lens_scraper] CANON 24: 24-105mm F4L IS USM F4 focal_score=0.10 total=0.80
2026-05-17 00:12:48 | INFO     | ss_crawler | [lens_scraper] CANON 24: 24-105mm F4L IS USM II F4 focal_score=0.10 total=0.15
2026-05-17 00:12:48 | INFO     | ss_crawler | [lens_scraper] CANON 24: 24mm F2.8 STM F2.8 focal_score=0.65 total=1.00
2026-05-17 00:12:48 | INFO     | ss_crawler | [lens_scraper] CANON 24: 24mm f/1.8 Macro IS STM F1.8 focal_score=0.65 total=1.10
2026-05-17 00:12:48 | INFO     | ss_crawler | [lens_scraper] CANON 24: 24mm f/1.4 L VCM F1.4 focal_score=0.65 total=1.25
2026-05-17 00:12:48 | INFO     | ss_crawler | [lens_scraper] CANON 24: 24-70mm f/2.8 L IS USM F2.8 focal_score=0.10 total=0.55
2026-05-17 00:12:48 | INFO     | ss_crawler | [lens_scraper] CANON 24: 24-105mm f/2.8 L IS USM Z F2.8 focal_score=0.10 total=0.55
2026-05-17 00:12:48 | INFO     | ss_crawler | [lens_scraper] CANON 24: 24-105mm f/4 L IS USM F4 focal_score=0.10 total=0.55
2026-05-17 00:12:48 | INFO     | ss_crawler | [lens_scraper] CANON 24: 24-105mm f/4-7.1 IS STM F4 focal_score=0.10 total=0.55
2026-05-17 00:12:48 | INFO     | ss_crawler | [lens_scraper] CANON 24: 24-240mm f/4-6.3 IS USM F(4 focal_score=0.10 total=0.55
2026-05-17 00:12:48 | INFO     | ss_crawler | [lens_scraper] CANON 24: 24-50mm f/4.5-6.3 IS STM F4.5 focal_score=0.10 total=0.55
2026-05-17 00:12:48 | INFO     | ss_crawler | [lens_scraper] CANON 24: 24-70mm F2.8L USM F2.8 focal_score=0.10 total=0.80
2026-05-17 00:12:48 | INFO     | ss_crawler | [lens_scraper] BEST MATCH: 24mm F2.8 IS USM score=1.35
2026-05-17 00:12:48 | INFO     | ss_crawler | [lens_scraper] Matched [bhnnxk]: Canon_24mm_F2.8_IS_USM (100% confidence)
2026-05-17 00:27:18 | INFO     | ss_crawler | [crawler] Fetching : https://www.ss.com/msg/lv/electronics/photo-optics/objectives/bhnnxk.html
2026-05-17 00:27:22 | INFO     | ss_crawler | [lens_scraper] Initializing Lens scraper...
2026-05-17 00:27:22 | INFO     | ss_crawler | [database] Database connected: localhost:5433/ss_market
2026-05-17 00:27:22 | INFO     | ss_crawler | [lens_scraper] Database: postgresql+psycopg2://crawler:crawler_pass@localhost:5433/ss_market
2026-05-17 00:27:22 | INFO     | ss_crawler | [lens_scraper] Loaded 481 lens references
2026-05-17 00:27:22 | INFO     | ss_crawler | [crawler] Fetching : https://www.ss.com/msg/lv/electronics/photo-optics/objectives/bhnnxk.html
2026-05-17 00:27:24 | INFO     | ss_crawler | [lens_scraper] MODEL EXTRACTED: 'ef 24 1, 4lii'
2026-05-17 00:27:24 | INFO     | ss_crawler | [lens_scraper] MOUNT DETECT: EF
2026-05-17 00:27:24 | INFO     | ss_crawler | [lens_scraper] Detected focal: 24mm (from_model=True)
2026-05-17 00:27:24 | INFO     | ss_crawler | [lens_scraper] Using TITLE ONLY for matching: 'canon modelis: ef 24 1, 4lii...'
2026-05-17 00:27:24 | INFO     | ss_crawler | [lens_scraper] BEST MATCH: 24mm F2.8 IS USM score=1.35
2026-05-17 00:27:24 | INFO     | ss_crawler | [lens_scraper] Matched [bhnnxk]: Canon_24mm_F2.8_IS_USM (100% confidence)
2026-05-17 00:27:42 | INFO     | ss_crawler | [crawler] Fetching : https://www.ss.com/msg/lv/electronics/photo-optics/objectives/gcmeb.html
2026-05-17 00:27:45 | INFO     | ss_crawler | [lens_scraper] MODEL EXTRACTED: '17-28'
2026-05-17 00:27:45 | INFO     | ss_crawler | [lens_scraper] MOUNT DETECT: E
2026-05-17 00:27:45 | INFO     | ss_crawler | [lens_scraper] Detected focal: 17mm-28mm (from_model=True)
2026-05-17 00:27:45 | INFO     | ss_crawler | [lens_scraper] Using TITLE ONLY for matching: 'tamron modelis: 17-28...'
2026-05-17 00:27:45 | INFO     | ss_crawler | [lens_scraper] No match for [test]
2026-05-17 00:28:22 | INFO     | ss_crawler | [crawler] Fetching : https://www.ss.com/msg/lv/electronics/photo-optics/objectives/gcmeb.html
2026-05-17 00:28:25 | INFO     | ss_crawler | [lens_scraper] MODEL EXTRACTED: '17-28'
2026-05-17 00:28:25 | INFO     | ss_crawler | [lens_scraper] MOUNT DETECT: E
2026-05-17 00:28:25 | INFO     | ss_crawler | [lens_scraper] Detected focal: 17mm-28mm (from_model=True)
2026-05-17 00:28:25 | INFO     | ss_crawler | [lens_scraper] Using TITLE ONLY for matching: 'tamron modelis: 17-28...'
2026-05-17 00:28:25 | INFO     | ss_crawler | [lens_scraper] No match for [test]
2026-05-17 00:28:25 | INFO     | ss_crawler | [crawler] Fetching : https://www.ss.com/msg/lv/electronics/photo-optics/objectives/begohe.html
2026-05-17 00:28:27 | INFO     | ss_crawler | [lens_scraper] MODEL EXTRACTED: '16-28 f2.8'
2026-05-17 00:28:27 | INFO     | ss_crawler | [lens_scraper] MOUNT DETECT: E
2026-05-17 00:28:27 | INFO     | ss_crawler | [lens_scraper] Detected focal: 16mm-28mm (from_model=True)
2026-05-17 00:28:27 | INFO     | ss_crawler | [lens_scraper] Using TITLE ONLY for matching: 'sigma modelis: 16-28 f2.8...'
2026-05-17 00:28:27 | INFO     | ss_crawler | [lens_scraper] No match for [test]
2026-05-17 00:28:27 | INFO     | ss_crawler | [crawler] Fetching : https://www.ss.com/msg/lv/electronics/photo-optics/objectives/bjdpgm.html
2026-05-17 00:28:30 | INFO     | ss_crawler | [lens_scraper] MODEL EXTRACTED: 'ef 24-70 f2.8'
2026-05-17 00:28:30 | INFO     | ss_crawler | [lens_scraper] MOUNT DETECT: EF
2026-05-17 00:28:30 | INFO     | ss_crawler | [lens_scraper] Detected focal: 24mm-70mm (from_model=True)
2026-05-17 00:28:30 | INFO     | ss_crawler | [lens_scraper] Using TITLE ONLY for matching: 'canon modelis: ef 24-70 f2.8...'
2026-05-17 00:28:30 | INFO     | ss_crawler | [lens_scraper] No match for [test]
2026-05-17 00:28:30 | INFO     | ss_crawler | [crawler] Fetching : https://www.ss.com/msg/lv/electronics/photo-optics/objectives/aebcf.html
2026-05-17 00:28:33 | INFO     | ss_crawler | [lens_scraper] MODEL EXTRACTED: '24-105 f4'
2026-05-17 00:28:33 | INFO     | ss_crawler | [lens_scraper] MOUNT DETECT: EF
2026-05-17 00:28:33 | INFO     | ss_crawler | [lens_scraper] Detected focal: 24mm-105mm (from_model=True)
2026-05-17 00:28:33 | INFO     | ss_crawler | [lens_scraper] Using TITLE ONLY for matching: 'canon modelis: 24-105 f4...'
2026-05-17 00:28:33 | INFO     | ss_crawler | [lens_scraper] No match for [test]
2026-05-17 00:28:33 | INFO     | ss_crawler | [crawler] Fetching : https://www.ss.com/msg/lv/electronics/photo-optics/objectives/bhnnxk.html
2026-05-17 00:28:34 | INFO     | ss_crawler | [lens_scraper] MODEL EXTRACTED: 'ef 24 1, 4lii'
2026-05-17 00:28:34 | INFO     | ss_crawler | [lens_scraper] MOUNT DETECT: EF
2026-05-17 00:28:34 | INFO     | ss_crawler | [lens_scraper] Detected focal: 24mm (from_model=True)
2026-05-17 00:28:34 | INFO     | ss_crawler | [lens_scraper] Using TITLE ONLY for matching: 'canon modelis: ef 24 1, 4lii...'
2026-05-17 00:28:34 | INFO     | ss_crawler | [lens_scraper] No match for [test]
2026-05-17 00:28:34 | INFO     | ss_crawler | [crawler] Fetching : https://www.ss.com/msg/lv/electronics/photo-optics/objectives/aafxg.html
2026-05-17 00:28:38 | INFO     | ss_crawler | [lens_scraper] MODEL EXTRACTED: 'ef 35 1.4l'
2026-05-17 00:28:38 | INFO     | ss_crawler | [lens_scraper] MOUNT DETECT: None
2026-05-17 00:28:38 | INFO     | ss_crawler | [lens_scraper] Detected focal: 35mm (from_model=True)
2026-05-17 00:28:38 | INFO     | ss_crawler | [lens_scraper] Using TITLE ONLY for matching: 'canon modelis: ef 35 1.4l...'
2026-05-17 00:28:38 | INFO     | ss_crawler | [lens_scraper] No match for [test]
2026-05-17 00:28:38 | INFO     | ss_crawler | [crawler] Fetching : https://www.ss.com/msg/lv/electronics/photo-optics/objectives/goxhg.html
2026-05-17 00:28:41 | INFO     | ss_crawler | [lens_scraper] MODEL EXTRACTED: 'ef 70-300 mm'
2026-05-17 00:28:41 | INFO     | ss_crawler | [lens_scraper] MOUNT DETECT: EF
2026-05-17 00:28:41 | INFO     | ss_crawler | [lens_scraper] Detected focal: 70mm-300mm (from_model=True)
2026-05-17 00:28:41 | INFO     | ss_crawler | [lens_scraper] Using TITLE ONLY for matching: 'canon modelis: ef 70-300 mm...'
2026-05-17 00:28:41 | INFO     | ss_crawler | [lens_scraper] No match for [test]
2026-05-17 00:28:41 | INFO     | ss_crawler | [crawler] Fetching : https://www.ss.com/msg/lv/electronics/photo-optics/objectives/bkhndn.html
2026-05-17 00:28:44 | INFO     | ss_crawler | [lens_scraper] MODEL EXTRACTED: 'ef 85 f1, 8'
2026-05-17 00:28:44 | INFO     | ss_crawler | [lens_scraper] MOUNT DETECT: None
2026-05-17 00:28:44 | INFO     | ss_crawler | [lens_scraper] Detected focal: 85mm (from_model=True)
2026-05-17 00:28:44 | INFO     | ss_crawler | [lens_scraper] Using TITLE ONLY for matching: 'canon modelis: ef 85 f1, 8...'
2026-05-17 00:28:44 | INFO     | ss_crawler | [lens_scraper] No match for [test]
2026-05-17 00:28:44 | INFO     | ss_crawler | [crawler] Fetching : https://www.ss.com/msg/lv/electronics/photo-optics/objectives/cfjno.html
2026-05-17 00:28:46 | INFO     | ss_crawler | [lens_scraper] MODEL EXTRACTED: '56mm f1.7 sony'
2026-05-17 00:28:46 | INFO     | ss_crawler | [lens_scraper] MOUNT DETECT: E
2026-05-17 00:28:46 | INFO     | ss_crawler | [lens_scraper] Detected focal: 56mm (from_model=True)
2026-05-17 00:28:46 | INFO     | ss_crawler | [lens_scraper] Using TITLE ONLY for matching: 'viltrox modelis: 56mm f1.7 sony...'
2026-05-17 00:28:46 | INFO     | ss_crawler | [lens_scraper] No match for [test]
2026-05-17 00:28:52 | INFO     | ss_crawler | [crawler] Fetching : https://www.ss.com/msg/lv/electronics/photo-optics/objectives/gcmeb.html
2026-05-17 00:28:55 | INFO     | ss_crawler | [lens_scraper] Initializing Lens scraper...
2026-05-17 00:28:55 | INFO     | ss_crawler | [database] Database connected: localhost:5433/ss_market
2026-05-17 00:28:55 | INFO     | ss_crawler | [lens_scraper] Database: postgresql+psycopg2://crawler:crawler_pass@localhost:5433/ss_market
2026-05-17 00:28:55 | INFO     | ss_crawler | [lens_scraper] Loaded 481 lens references
2026-05-17 00:28:55 | INFO     | ss_crawler | [crawler] Fetching : https://www.ss.com/msg/lv/electronics/photo-optics/objectives/gcmeb.html
2026-05-17 00:28:59 | INFO     | ss_crawler | [lens_scraper] MODEL EXTRACTED: '17-28'
2026-05-17 00:28:59 | INFO     | ss_crawler | [lens_scraper] MOUNT DETECT: E
2026-05-17 00:28:59 | INFO     | ss_crawler | [lens_scraper] Detected focal: 17mm-28mm (from_model=True)
2026-05-17 00:28:59 | INFO     | ss_crawler | [lens_scraper] Using TITLE ONLY for matching: 'tamron modelis: 17-28...'
2026-05-17 00:28:59 | INFO     | ss_crawler | [lens_scraper] BEST MATCH: Tamron 17-28mm F/2.8 Di III RXD score=0.80
2026-05-17 00:28:59 | INFO     | ss_crawler | [lens_scraper] Matched [gcmeb]: Tamron_Tamron_17-28mm_F_2.8_Di_III_RXD (80% confidence)
2026-05-17 00:29:17 | INFO     | ss_crawler | [lens_scraper] Initializing Lens scraper...
2026-05-17 00:29:17 | INFO     | ss_crawler | [database] Database connected: localhost:5433/ss_market
2026-05-17 00:29:17 | INFO     | ss_crawler | [lens_scraper] Database: postgresql+psycopg2://crawler:crawler_pass@localhost:5433/ss_market
2026-05-17 00:29:17 | INFO     | ss_crawler | [lens_scraper] Loaded 481 lens references
2026-05-17 00:29:17 | INFO     | ss_crawler | [crawler] Fetching : https://www.ss.com/msg/lv/electronics/photo-optics/objectives/gcmeb.html
2026-05-17 00:29:20 | INFO     | ss_crawler | [lens_scraper] MODEL EXTRACTED: '17-28'
2026-05-17 00:29:20 | INFO     | ss_crawler | [lens_scraper] MOUNT DETECT: E
2026-05-17 00:29:20 | INFO     | ss_crawler | [lens_scraper] Detected focal: 17mm-28mm (from_model=True)
2026-05-17 00:29:20 | INFO     | ss_crawler | [lens_scraper] Using TITLE ONLY for matching: 'tamron modelis: 17-28...'
2026-05-17 00:29:20 | INFO     | ss_crawler | [lens_scraper] BEST MATCH: Tamron 17-28mm F/2.8 Di III RXD score=0.80
2026-05-17 00:29:20 | INFO     | ss_crawler | [lens_scraper] Matched [test]: Tamron_Tamron_17-28mm_F_2.8_Di_III_RXD (80% confidence)
2026-05-17 00:29:20 | INFO     | ss_crawler | [crawler] Fetching : https://www.ss.com/msg/lv/electronics/photo-optics/objectives/begohe.html
2026-05-17 00:29:22 | INFO     | ss_crawler | [lens_scraper] MODEL EXTRACTED: '16-28 f2.8'
2026-05-17 00:29:22 | INFO     | ss_crawler | [lens_scraper] MOUNT DETECT: E
2026-05-17 00:29:22 | INFO     | ss_crawler | [lens_scraper] Detected focal: 16mm-28mm (from_model=True)
2026-05-17 00:29:22 | INFO     | ss_crawler | [lens_scraper] Using TITLE ONLY for matching: 'sigma modelis: 16-28 f2.8...'
2026-05-17 00:29:22 | INFO     | ss_crawler | [lens_scraper] BEST MATCH: Sigma 16-28mm F2.8 DG DN | Contemporary score=1.50
2026-05-17 00:29:22 | INFO     | ss_crawler | [lens_scraper] Matched [test]: Sigma_Sigma_16-28mm_F2.8_DG_DN_|_Contemporary (100% confidence)
2026-05-17 00:29:22 | INFO     | ss_crawler | [crawler] Fetching : https://www.ss.com/msg/lv/electronics/photo-optics/objectives/bjdpgm.html
2026-05-17 00:29:24 | INFO     | ss_crawler | [lens_scraper] MODEL EXTRACTED: 'ef 24-70 f2.8'
2026-05-17 00:29:24 | INFO     | ss_crawler | [lens_scraper] MOUNT DETECT: EF
2026-05-17 00:29:24 | INFO     | ss_crawler | [lens_scraper] Detected focal: 24mm-70mm (from_model=True)
2026-05-17 00:29:24 | INFO     | ss_crawler | [lens_scraper] Using TITLE ONLY for matching: 'canon modelis: ef 24-70 f2.8...'
2026-05-17 00:29:24 | INFO     | ss_crawler | [lens_scraper] BEST MATCH: 24-70mm F2.8L II USM score=1.60
2026-05-17 00:29:24 | INFO     | ss_crawler | [lens_scraper] Matched [test]: Canon_24-70mm_F2.8L_II_USM (100% confidence)
2026-05-17 00:29:24 | INFO     | ss_crawler | [crawler] Fetching : https://www.ss.com/msg/lv/electronics/photo-optics/objectives/aebcf.html
2026-05-17 00:29:26 | INFO     | ss_crawler | [lens_scraper] MODEL EXTRACTED: '24-105 f4'
2026-05-17 00:29:26 | INFO     | ss_crawler | [lens_scraper] MOUNT DETECT: EF
2026-05-17 00:29:26 | INFO     | ss_crawler | [lens_scraper] Detected focal: 24mm-105mm (from_model=True)
2026-05-17 00:29:26 | INFO     | ss_crawler | [lens_scraper] Using TITLE ONLY for matching: 'canon modelis: 24-105 f4...'
2026-05-17 00:29:26 | INFO     | ss_crawler | [lens_scraper] BEST MATCH: 24-105mm F4L IS USM score=1.50
2026-05-17 00:29:26 | INFO     | ss_crawler | [lens_scraper] Matched [test]: Canon_24-105mm_F4L_IS_USM (100% confidence)
2026-05-17 00:29:26 | INFO     | ss_crawler | [crawler] Fetching : https://www.ss.com/msg/lv/electronics/photo-optics/objectives/bhnnxk.html
2026-05-17 00:29:28 | INFO     | ss_crawler | [lens_scraper] MODEL EXTRACTED: 'ef 24 1, 4lii'
2026-05-17 00:29:28 | INFO     | ss_crawler | [lens_scraper] MOUNT DETECT: EF
2026-05-17 00:29:28 | INFO     | ss_crawler | [lens_scraper] Detected focal: 24mm (from_model=True)
2026-05-17 00:29:28 | INFO     | ss_crawler | [lens_scraper] Using TITLE ONLY for matching: 'canon modelis: ef 24 1, 4lii...'
2026-05-17 00:29:28 | INFO     | ss_crawler | [lens_scraper] BEST MATCH: 24mm F2.8 IS USM score=1.35
2026-05-17 00:29:28 | INFO     | ss_crawler | [lens_scraper] Matched [test]: Canon_24mm_F2.8_IS_USM (100% confidence)
2026-05-17 00:29:28 | INFO     | ss_crawler | [crawler] Fetching : https://www.ss.com/msg/lv/electronics/photo-optics/objectives/aafxg.html
2026-05-17 00:29:30 | INFO     | ss_crawler | [lens_scraper] MODEL EXTRACTED: 'ef 35 1.4l'
2026-05-17 00:29:30 | INFO     | ss_crawler | [lens_scraper] MOUNT DETECT: None
2026-05-17 00:29:30 | INFO     | ss_crawler | [lens_scraper] Detected focal: 35mm (from_model=True)
2026-05-17 00:29:30 | INFO     | ss_crawler | [lens_scraper] Using TITLE ONLY for matching: 'canon modelis: ef 35 1.4l...'
2026-05-17 00:29:30 | INFO     | ss_crawler | [lens_scraper] BEST MATCH: 35mm f/1.4 L VCM score=1.40
2026-05-17 00:29:30 | INFO     | ss_crawler | [lens_scraper] Matched [test]: Canon_35mm_f_1.4_L_VCM (100% confidence)
2026-05-17 00:29:30 | INFO     | ss_crawler | [crawler] Fetching : https://www.ss.com/msg/lv/electronics/photo-optics/objectives/goxhg.html
2026-05-17 00:29:32 | INFO     | ss_crawler | [lens_scraper] MODEL EXTRACTED: 'ef 70-300 mm'
2026-05-17 00:29:32 | INFO     | ss_crawler | [lens_scraper] MOUNT DETECT: EF
2026-05-17 00:29:32 | INFO     | ss_crawler | [lens_scraper] Detected focal: 70mm-300mm (from_model=True)
2026-05-17 00:29:32 | INFO     | ss_crawler | [lens_scraper] Using TITLE ONLY for matching: 'canon modelis: ef 70-300 mm...'
2026-05-17 00:29:32 | INFO     | ss_crawler | [lens_scraper] BEST MATCH: 70-300mm F4-5.6 IS USM score=1.35
2026-05-17 00:29:32 | INFO     | ss_crawler | [lens_scraper] Matched [test]: Canon_70-300mm_F4-5.6_IS_USM (100% confidence)
2026-05-17 00:29:32 | INFO     | ss_crawler | [crawler] Fetching : https://www.ss.com/msg/lv/electronics/photo-optics/objectives/bkhndn.html
2026-05-17 00:29:35 | INFO     | ss_crawler | [lens_scraper] MODEL EXTRACTED: 'ef 85 f1, 8'
2026-05-17 00:29:35 | INFO     | ss_crawler | [lens_scraper] MOUNT DETECT: None
2026-05-17 00:29:35 | INFO     | ss_crawler | [lens_scraper] Detected focal: 85mm (from_model=True)
2026-05-17 00:29:35 | INFO     | ss_crawler | [lens_scraper] Using TITLE ONLY for matching: 'canon modelis: ef 85 f1, 8...'
2026-05-17 00:29:35 | INFO     | ss_crawler | [lens_scraper] BEST MATCH: 85mm F1.8 USM score=1.40
2026-05-17 00:29:35 | INFO     | ss_crawler | [lens_scraper] Matched [test]: Canon_85mm_F1.8_USM (100% confidence)
2026-05-17 00:29:35 | INFO     | ss_crawler | [crawler] Fetching : https://www.ss.com/msg/lv/electronics/photo-optics/objectives/cfjno.html
2026-05-17 00:29:39 | INFO     | ss_crawler | [lens_scraper] MODEL EXTRACTED: '56mm f1.7 sony'
2026-05-17 00:29:39 | INFO     | ss_crawler | [lens_scraper] MOUNT DETECT: E
2026-05-17 00:29:39 | INFO     | ss_crawler | [lens_scraper] Detected focal: 56mm (from_model=True)
2026-05-17 00:29:39 | INFO     | ss_crawler | [lens_scraper] Using TITLE ONLY for matching: 'viltrox modelis: 56mm f1.7 sony...'
2026-05-17 00:29:39 | INFO     | ss_crawler | [lens_scraper] BEST MATCH: Viltrox AF 56mm F1.7 Air score=0.95
2026-05-17 00:29:39 | INFO     | ss_crawler | [lens_scraper] Matched [test]: Viltrox_Viltrox_AF_56mm_F1.7_Air (95% confidence)
2026-05-17 00:32:49 | INFO     | ss_crawler | [crawler] Fetching : https://www.ss.com/msg/lv/electronics/photo-optics/objectives/bhnnxk.html
2026-05-17 00:32:51 | INFO     | ss_crawler | [lens_scraper] Initializing Lens scraper...
2026-05-17 00:32:51 | INFO     | ss_crawler | [database] Database connected: localhost:5433/ss_market
2026-05-17 00:32:51 | INFO     | ss_crawler | [lens_scraper] Database: postgresql+psycopg2://crawler:crawler_pass@localhost:5433/ss_market
2026-05-17 00:32:51 | INFO     | ss_crawler | [lens_scraper] Loaded 481 lens references
2026-05-17 00:32:51 | INFO     | ss_crawler | [crawler] Fetching : https://www.ss.com/msg/lv/electronics/photo-optics/objectives/bhnnxk.html
2026-05-17 00:32:53 | INFO     | ss_crawler | [lens_scraper] MODEL EXTRACTED: 'ef 24 1, 4lii'
2026-05-17 00:32:53 | INFO     | ss_crawler | [lens_scraper] MOUNT DETECT: EF
2026-05-17 00:32:53 | INFO     | ss_crawler | [lens_scraper] Detected focal: 24mm (from_model=True)
2026-05-17 00:32:53 | INFO     | ss_crawler | [lens_scraper] Using TITLE ONLY for matching: 'canon modelis: ef 24 1, 4lii...'
2026-05-17 00:32:53 | INFO     | ss_crawler | [lens_scraper] BEST MATCH: 24mm F1.4L II USM score=1.60
2026-05-17 00:32:53 | INFO     | ss_crawler | [lens_scraper] Matched [bhnnxk]: Canon_24mm_F1.4L_II_USM (100% confidence)
2026-05-17 00:33:00 | INFO     | ss_crawler | [lens_scraper] Initializing Lens scraper...
2026-05-17 00:33:00 | INFO     | ss_crawler | [database] Database connected: localhost:5433/ss_market
2026-05-17 00:33:00 | INFO     | ss_crawler | [lens_scraper] Database: postgresql+psycopg2://crawler:crawler_pass@localhost:5433/ss_market
2026-05-17 00:33:00 | INFO     | ss_crawler | [lens_scraper] Loaded 481 lens references
2026-05-17 00:33:00 | INFO     | ss_crawler | [crawler] Fetching : https://www.ss.com/msg/lv/electronics/photo-optics/objectives/gcmeb.html
2026-05-17 00:33:02 | INFO     | ss_crawler | [lens_scraper] MODEL EXTRACTED: '17-28'
2026-05-17 00:33:02 | INFO     | ss_crawler | [lens_scraper] MOUNT DETECT: E
2026-05-17 00:33:02 | INFO     | ss_crawler | [lens_scraper] Detected focal: 17mm-28mm (from_model=True)
2026-05-17 00:33:02 | INFO     | ss_crawler | [lens_scraper] Using TITLE ONLY for matching: 'tamron modelis: 17-28...'
2026-05-17 00:33:02 | INFO     | ss_crawler | [lens_scraper] BEST MATCH: Tamron 17-28mm F/2.8 Di III RXD score=0.80
2026-05-17 00:33:02 | INFO     | ss_crawler | [lens_scraper] Matched [test]: Tamron_Tamron_17-28mm_F_2.8_Di_III_RXD (80% confidence)
2026-05-17 00:33:02 | INFO     | ss_crawler | [crawler] Fetching : https://www.ss.com/msg/lv/electronics/photo-optics/objectives/begohe.html
2026-05-17 00:33:05 | INFO     | ss_crawler | [lens_scraper] MODEL EXTRACTED: '16-28 f2.8'
2026-05-17 00:33:05 | INFO     | ss_crawler | [lens_scraper] MOUNT DETECT: E
2026-05-17 00:33:05 | INFO     | ss_crawler | [lens_scraper] Detected focal: 16mm-28mm (from_model=True)
2026-05-17 00:33:05 | INFO     | ss_crawler | [lens_scraper] Using TITLE ONLY for matching: 'sigma modelis: 16-28 f2.8...'
2026-05-17 00:33:05 | INFO     | ss_crawler | [lens_scraper] BEST MATCH: Sigma 16-28mm F2.8 DG DN | Contemporary score=1.50
2026-05-17 00:33:05 | INFO     | ss_crawler | [lens_scraper] Matched [test]: Sigma_Sigma_16-28mm_F2.8_DG_DN_|_Contemporary (100% confidence)
2026-05-17 00:33:05 | INFO     | ss_crawler | [crawler] Fetching : https://www.ss.com/msg/lv/electronics/photo-optics/objectives/bjdpgm.html
2026-05-17 00:33:07 | INFO     | ss_crawler | [lens_scraper] MODEL EXTRACTED: 'ef 24-70 f2.8'
2026-05-17 00:33:07 | INFO     | ss_crawler | [lens_scraper] MOUNT DETECT: EF
2026-05-17 00:33:07 | INFO     | ss_crawler | [lens_scraper] Detected focal: 24mm-70mm (from_model=True)
2026-05-17 00:33:07 | INFO     | ss_crawler | [lens_scraper] Using TITLE ONLY for matching: 'canon modelis: ef 24-70 f2.8...'
2026-05-17 00:33:07 | INFO     | ss_crawler | [lens_scraper] BEST MATCH: 24-70mm F2.8L II USM score=1.60
2026-05-17 00:33:07 | INFO     | ss_crawler | [lens_scraper] Matched [test]: Canon_24-70mm_F2.8L_II_USM (100% confidence)
2026-05-17 00:33:07 | INFO     | ss_crawler | [crawler] Fetching : https://www.ss.com/msg/lv/electronics/photo-optics/objectives/aebcf.html
2026-05-17 00:33:10 | INFO     | ss_crawler | [lens_scraper] MODEL EXTRACTED: '24-105 f4'
2026-05-17 00:33:10 | INFO     | ss_crawler | [lens_scraper] MOUNT DETECT: EF
2026-05-17 00:33:10 | INFO     | ss_crawler | [lens_scraper] Detected focal: 24mm-105mm (from_model=True)
2026-05-17 00:33:10 | INFO     | ss_crawler | [lens_scraper] Using TITLE ONLY for matching: 'canon modelis: 24-105 f4...'
2026-05-17 00:33:10 | INFO     | ss_crawler | [lens_scraper] BEST MATCH: 24-105mm F4L IS USM score=1.50
2026-05-17 00:33:10 | INFO     | ss_crawler | [lens_scraper] Matched [test]: Canon_24-105mm_F4L_IS_USM (100% confidence)
2026-05-17 00:33:10 | INFO     | ss_crawler | [crawler] Fetching : https://www.ss.com/msg/lv/electronics/photo-optics/objectives/bhnnxk.html
2026-05-17 00:33:13 | INFO     | ss_crawler | [lens_scraper] MODEL EXTRACTED: 'ef 24 1, 4lii'
2026-05-17 00:33:13 | INFO     | ss_crawler | [lens_scraper] MOUNT DETECT: EF
2026-05-17 00:33:13 | INFO     | ss_crawler | [lens_scraper] Detected focal: 24mm (from_model=True)
2026-05-17 00:33:13 | INFO     | ss_crawler | [lens_scraper] Using TITLE ONLY for matching: 'canon modelis: ef 24 1, 4lii...'
2026-05-17 00:33:13 | INFO     | ss_crawler | [lens_scraper] BEST MATCH: 24mm F1.4L II USM score=1.60
2026-05-17 00:33:13 | INFO     | ss_crawler | [lens_scraper] Matched [test]: Canon_24mm_F1.4L_II_USM (100% confidence)
2026-05-17 00:33:13 | INFO     | ss_crawler | [crawler] Fetching : https://www.ss.com/msg/lv/electronics/photo-optics/objectives/aafxg.html
2026-05-17 00:33:16 | INFO     | ss_crawler | [lens_scraper] MODEL EXTRACTED: 'ef 35 1.4l'
2026-05-17 00:33:16 | INFO     | ss_crawler | [lens_scraper] MOUNT DETECT: None
2026-05-17 00:33:16 | INFO     | ss_crawler | [lens_scraper] Detected focal: 35mm (from_model=True)
2026-05-17 00:33:16 | INFO     | ss_crawler | [lens_scraper] Using TITLE ONLY for matching: 'canon modelis: ef 35 1.4l...'
2026-05-17 00:33:16 | INFO     | ss_crawler | [lens_scraper] BEST MATCH: 35mm f/1.4 L VCM score=1.40
2026-05-17 00:33:16 | INFO     | ss_crawler | [lens_scraper] Matched [test]: Canon_35mm_f_1.4_L_VCM (100% confidence)
2026-05-17 00:33:16 | INFO     | ss_crawler | [crawler] Fetching : https://www.ss.com/msg/lv/electronics/photo-optics/objectives/goxhg.html
2026-05-17 00:33:20 | INFO     | ss_crawler | [lens_scraper] MODEL EXTRACTED: 'ef 70-300 mm'
2026-05-17 00:33:20 | INFO     | ss_crawler | [lens_scraper] MOUNT DETECT: EF
2026-05-17 00:33:20 | INFO     | ss_crawler | [lens_scraper] Detected focal: 70mm-300mm (from_model=True)
2026-05-17 00:33:20 | INFO     | ss_crawler | [lens_scraper] Using TITLE ONLY for matching: 'canon modelis: ef 70-300 mm...'
2026-05-17 00:33:20 | INFO     | ss_crawler | [lens_scraper] BEST MATCH: 70-300mm F4-5.6 IS USM score=1.35
2026-05-17 00:33:20 | INFO     | ss_crawler | [lens_scraper] Matched [test]: Canon_70-300mm_F4-5.6_IS_USM (100% confidence)
2026-05-17 00:33:20 | INFO     | ss_crawler | [crawler] Fetching : https://www.ss.com/msg/lv/electronics/photo-optics/objectives/bkhndn.html
2026-05-17 00:33:22 | INFO     | ss_crawler | [lens_scraper] MODEL EXTRACTED: 'ef 85 f1, 8'
2026-05-17 00:33:22 | INFO     | ss_crawler | [lens_scraper] MOUNT DETECT: None
2026-05-17 00:33:22 | INFO     | ss_crawler | [lens_scraper] Detected focal: 85mm (from_model=True)
2026-05-17 00:33:22 | INFO     | ss_crawler | [lens_scraper] Using TITLE ONLY for matching: 'canon modelis: ef 85 f1, 8...'
2026-05-17 00:33:22 | INFO     | ss_crawler | [lens_scraper] BEST MATCH: 85mm F1.8 USM score=1.40
2026-05-17 00:33:22 | INFO     | ss_crawler | [lens_scraper] Matched [test]: Canon_85mm_F1.8_USM (100% confidence)
2026-05-17 00:33:22 | INFO     | ss_crawler | [crawler] Fetching : https://www.ss.com/msg/lv/electronics/photo-optics/objectives/cfjno.html
2026-05-17 00:33:24 | INFO     | ss_crawler | [lens_scraper] MODEL EXTRACTED: '56mm f1.7 sony'
2026-05-17 00:33:24 | INFO     | ss_crawler | [lens_scraper] MOUNT DETECT: E
2026-05-17 00:33:24 | INFO     | ss_crawler | [lens_scraper] Detected focal: 56mm (from_model=True)
2026-05-17 00:33:24 | INFO     | ss_crawler | [lens_scraper] Using TITLE ONLY for matching: 'viltrox modelis: 56mm f1.7 sony...'
2026-05-17 00:33:24 | INFO     | ss_crawler | [lens_scraper] BEST MATCH: Viltrox AF 56mm F1.7 Air score=0.95
2026-05-17 00:33:24 | INFO     | ss_crawler | [lens_scraper] Matched [test]: Viltrox_Viltrox_AF_56mm_F1.7_Air (95% confidence)
2026-05-17 00:34:02 | INFO     | ss_crawler | [crawler] Fetching : https://www.ss.com/msg/lv/electronics/photo-optics/objectives/aafxg.html
2026-05-17 00:34:05 | INFO     | ss_crawler | [lens_scraper] Initializing Lens scraper...
2026-05-17 00:34:05 | INFO     | ss_crawler | [database] Database connected: localhost:5433/ss_market
2026-05-17 00:34:05 | INFO     | ss_crawler | [lens_scraper] Database: postgresql+psycopg2://crawler:crawler_pass@localhost:5433/ss_market
2026-05-17 00:34:05 | INFO     | ss_crawler | [lens_scraper] Loaded 481 lens references
2026-05-17 00:34:05 | INFO     | ss_crawler | [crawler] Fetching : https://www.ss.com/msg/lv/electronics/photo-optics/objectives/aafxg.html
2026-05-17 00:34:07 | INFO     | ss_crawler | [lens_scraper] MODEL EXTRACTED: 'ef 35 1.4l'
2026-05-17 00:34:07 | INFO     | ss_crawler | [lens_scraper] MOUNT DETECT: None
2026-05-17 00:34:07 | INFO     | ss_crawler | [lens_scraper] Detected focal: 35mm (from_model=True)
2026-05-17 00:34:07 | INFO     | ss_crawler | [lens_scraper] Using TITLE ONLY for matching: 'canon modelis: ef 35 1.4l...'
2026-05-17 00:34:07 | INFO     | ss_crawler | [lens_scraper] BEST MATCH: 35mm f/1.4 L VCM score=1.40
2026-05-17 00:34:07 | INFO     | ss_crawler | [lens_scraper] Matched [aafxg]: Canon_35mm_f_1.4_L_VCM (100% confidence)
2026-05-17 00:34:21 | INFO     | ss_crawler | [database] Database connected: localhost:5433/ss_market
2026-05-17 00:34:30 | INFO     | ss_crawler | [crawler] Fetching : https://www.ss.com/msg/lv/electronics/photo-optics/objectives/aafxg.html
2026-05-17 00:34:31 | INFO     | ss_crawler | [lens_scraper] Initializing Lens scraper...
2026-05-17 00:34:32 | INFO     | ss_crawler | [database] Database connected: localhost:5433/ss_market
2026-05-17 00:34:32 | INFO     | ss_crawler | [lens_scraper] Database: postgresql+psycopg2://crawler:crawler_pass@localhost:5433/ss_market
2026-05-17 00:34:32 | INFO     | ss_crawler | [lens_scraper] Loaded 481 lens references
2026-05-17 00:34:32 | INFO     | ss_crawler | [crawler] Fetching : https://www.ss.com/msg/lv/electronics/photo-optics/objectives/aafxg.html
2026-05-17 00:34:34 | INFO     | ss_crawler | [lens_scraper] MODEL EXTRACTED: 'ef 35 1.4l'
2026-05-17 00:34:34 | INFO     | ss_crawler | [lens_scraper] MOUNT DETECT: None
2026-05-17 00:34:34 | INFO     | ss_crawler | [lens_scraper] Detected focal: 35mm (from_model=True)
2026-05-17 00:34:34 | INFO     | ss_crawler | [lens_scraper] Using TITLE ONLY for matching: 'canon modelis: ef 35 1.4l...'
2026-05-17 00:34:34 | INFO     | ss_crawler | [lens_scraper] BEST MATCH: 35mm f/1.4 L VCM score=1.40
2026-05-17 00:34:34 | INFO     | ss_crawler | [lens_scraper] Matched [aafxg]: Canon_35mm_f_1.4_L_VCM (100% confidence)
2026-05-17 00:34:54 | INFO     | ss_crawler | [crawler] Fetching : https://www.ss.com/msg/lv/electronics/photo-optics/objectives/aafxg.html
2026-05-17 00:34:57 | INFO     | ss_crawler | [lens_scraper] Initializing Lens scraper...
2026-05-17 00:34:57 | INFO     | ss_crawler | [database] Database connected: localhost:5433/ss_market
2026-05-17 00:34:57 | INFO     | ss_crawler | [lens_scraper] Database: postgresql+psycopg2://crawler:crawler_pass@localhost:5433/ss_market
2026-05-17 00:34:57 | INFO     | ss_crawler | [lens_scraper] Loaded 481 lens references
2026-05-17 00:34:57 | INFO     | ss_crawler | [crawler] Fetching : https://www.ss.com/msg/lv/electronics/photo-optics/objectives/aafxg.html
2026-05-17 00:35:00 | INFO     | ss_crawler | [lens_scraper] MODEL EXTRACTED: 'ef 35 1.4l'
2026-05-17 00:35:00 | INFO     | ss_crawler | [lens_scraper] MOUNT DETECT: None
2026-05-17 00:35:00 | INFO     | ss_crawler | [lens_scraper] Detected focal: 35mm (from_model=True)
2026-05-17 00:35:00 | INFO     | ss_crawler | [lens_scraper] Using TITLE ONLY for matching: 'canon modelis: ef 35 1.4l...'
2026-05-17 00:35:00 | INFO     | ss_crawler | [lens_scraper] CANON 35: 35mm F1.4L II USM mount=EF focal=(35,None) score=0.75
2026-05-17 00:35:00 | INFO     | ss_crawler | [lens_scraper] CANON 35: 35mm F2 IS USM mount=EF focal=(35,None) score=1.25
2026-05-17 00:35:00 | INFO     | ss_crawler | [lens_scraper] CANON 35: 35mm F2.8 Macro IS STM mount=EF-S focal=(35,None) score=1.25
2026-05-17 00:35:00 | INFO     | ss_crawler | [lens_scraper] CANON 35: 35mm f/1.8 IS Macro STM mount=RF focal=(35,None) score=1.25
2026-05-17 00:35:00 | INFO     | ss_crawler | [lens_scraper] CANON 35: 35mm f/1.4 L VCM mount=RF focal=(35,None) score=1.40
2026-05-17 00:35:00 | INFO     | ss_crawler | [lens_scraper] CANON 35: 35mm F1.4L USM mount=EF focal=(35,None) score=1.40
2026-05-17 00:35:00 | INFO     | ss_crawler | [lens_scraper] BEST MATCH: 35mm f/1.4 L VCM score=1.40
2026-05-17 00:35:00 | INFO     | ss_crawler | [lens_scraper] Matched [aafxg]: Canon_35mm_f_1.4_L_VCM (100% confidence)
2026-05-17 00:35:20 | INFO     | ss_crawler | [crawler] Fetching : https://www.ss.com/msg/lv/electronics/photo-optics/objectives/aafxg.html
2026-05-17 00:35:23 | INFO     | ss_crawler | [lens_scraper] Initializing Lens scraper...
2026-05-17 00:35:23 | INFO     | ss_crawler | [database] Database connected: localhost:5433/ss_market
2026-05-17 00:35:23 | INFO     | ss_crawler | [lens_scraper] Database: postgresql+psycopg2://crawler:crawler_pass@localhost:5433/ss_market
2026-05-17 00:35:23 | INFO     | ss_crawler | [lens_scraper] Loaded 481 lens references
2026-05-17 00:35:23 | INFO     | ss_crawler | [crawler] Fetching : https://www.ss.com/msg/lv/electronics/photo-optics/objectives/aafxg.html
2026-05-17 00:35:27 | INFO     | ss_crawler | [lens_scraper] MODEL EXTRACTED: 'ef 35 1.4l'
2026-05-17 00:35:27 | INFO     | ss_crawler | [lens_scraper] MOUNT DETECT: None
2026-05-17 00:35:27 | INFO     | ss_crawler | [lens_scraper] Detected focal: 35mm (from_model=True)
2026-05-17 00:35:27 | INFO     | ss_crawler | [lens_scraper] Using TITLE ONLY for matching: 'canon modelis: ef 35 1.4l...'
2026-05-17 00:35:27 | INFO     | ss_crawler | [lens_scraper] CANON 35: 35mm F1.4L II USM mount=EFvsNone focal_score=0.65 total=0.75
2026-05-17 00:35:27 | INFO     | ss_crawler | [lens_scraper] CANON 35: 35mm F2 IS USM mount=EFvsNone focal_score=0.65 total=1.25
2026-05-17 00:35:27 | INFO     | ss_crawler | [lens_scraper] CANON 35: 35mm F2.8 Macro IS STM mount=EF-SvsNone focal_score=0.65 total=1.25
2026-05-17 00:35:27 | INFO     | ss_crawler | [lens_scraper] CANON 35: 35mm f/1.8 IS Macro STM mount=RFvsNone focal_score=0.65 total=1.25
2026-05-17 00:35:27 | INFO     | ss_crawler | [lens_scraper] CANON 35: 35mm f/1.4 L VCM mount=RFvsNone focal_score=0.65 total=1.40
2026-05-17 00:35:27 | INFO     | ss_crawler | [lens_scraper] CANON 35: 35mm F1.4L USM mount=EFvsNone focal_score=0.65 total=1.40
2026-05-17 00:35:27 | INFO     | ss_crawler | [lens_scraper] BEST MATCH: 35mm f/1.4 L VCM score=1.40
2026-05-17 00:35:27 | INFO     | ss_crawler | [lens_scraper] Matched [aafxg]: Canon_35mm_f_1.4_L_VCM (100% confidence)
2026-05-17 00:35:52 | INFO     | ss_crawler | [database] Database connected: localhost:5433/ss_market
2026-05-17 00:41:54 | INFO     | ss_crawler | [crawler] Fetching : https://www.ss.com/msg/lv/electronics/photo-optics/objectives/begohe.html
2026-05-17 00:41:56 | INFO     | ss_crawler | [lens_scraper] Initializing Lens scraper...
2026-05-17 00:41:56 | INFO     | ss_crawler | [database] Database connected: localhost:5433/ss_market
2026-05-17 00:41:56 | INFO     | ss_crawler | [lens_scraper] Database: postgresql+psycopg2://crawler:crawler_pass@localhost:5433/ss_market
2026-05-17 00:41:56 | INFO     | ss_crawler | [lens_scraper] Loaded 481 lens references
2026-05-17 00:41:56 | INFO     | ss_crawler | [crawler] Fetching : https://www.ss.com/msg/lv/electronics/photo-optics/objectives/begohe.html
2026-05-17 00:41:59 | INFO     | ss_crawler | [lens_scraper] MODEL EXTRACTED: '16-28 f2.8'
2026-05-17 00:41:59 | INFO     | ss_crawler | [lens_scraper] MOUNT DETECT: E
2026-05-17 00:41:59 | INFO     | ss_crawler | [lens_scraper] Detected focal: 16mm-28mm (from_model=True)
2026-05-17 00:41:59 | INFO     | ss_crawler | [lens_scraper] Using TITLE ONLY for matching: 'sigma modelis: 16-28 f2.8...'
2026-05-17 00:41:59 | INFO     | ss_crawler | [lens_scraper] BEST MATCH: Sigma 16-28mm F2.8 DG DN | Contemporary score=1.50
2026-05-17 00:41:59 | INFO     | ss_crawler | [lens_scraper] Matched [begohe]: Sigma_Sigma_16-28mm_F2.8_DG_DN_|_Contemporary (100% confidence)
2026-05-17 00:42:31 | INFO     | ss_crawler | [crawler] Fetching : https://www.ss.com/msg/lv/electronics/photo-optics/objectives/gcmeb.html
2026-05-17 00:42:35 | INFO     | ss_crawler | [lens_scraper] Initializing Lens scraper...
2026-05-17 00:42:35 | INFO     | ss_crawler | [database] Database connected: localhost:5433/ss_market
2026-05-17 00:42:35 | INFO     | ss_crawler | [lens_scraper] Database: postgresql+psycopg2://crawler:crawler_pass@localhost:5433/ss_market
2026-05-17 00:42:35 | INFO     | ss_crawler | [lens_scraper] Loaded 481 lens references
2026-05-17 00:42:35 | INFO     | ss_crawler | [crawler] Fetching : https://www.ss.com/msg/lv/electronics/photo-optics/objectives/gcmeb.html
2026-05-17 00:42:38 | INFO     | ss_crawler | [lens_scraper] MODEL EXTRACTED: '17-28'
2026-05-17 00:42:38 | INFO     | ss_crawler | [lens_scraper] MOUNT DETECT: E
2026-05-17 00:42:38 | INFO     | ss_crawler | [lens_scraper] Detected focal: 17mm-28mm (from_model=True)
2026-05-17 00:42:38 | INFO     | ss_crawler | [lens_scraper] Using TITLE ONLY for matching: 'tamron modelis: 17-28...'
2026-05-17 00:42:38 | INFO     | ss_crawler | [lens_scraper] BEST MATCH: Tamron 17-28mm F/2.8 Di III RXD score=0.80
2026-05-17 00:42:38 | INFO     | ss_crawler | [lens_scraper] Matched [gcmeb]: Tamron_Tamron_17-28mm_F_2.8_Di_III_RXD (80% confidence)
2026-05-17 00:42:59 | INFO     | ss_crawler | [crawler] Fetching : https://www.ss.com/msg/lv/electronics/photo-optics/objectives/bhnnxk.html
2026-05-17 00:43:02 | INFO     | ss_crawler | [lens_scraper] Initializing Lens scraper...
2026-05-17 00:43:02 | INFO     | ss_crawler | [database] Database connected: localhost:5433/ss_market
2026-05-17 00:43:02 | INFO     | ss_crawler | [lens_scraper] Database: postgresql+psycopg2://crawler:crawler_pass@localhost:5433/ss_market
2026-05-17 00:43:02 | INFO     | ss_crawler | [lens_scraper] Loaded 481 lens references
2026-05-17 00:43:02 | INFO     | ss_crawler | [crawler] Fetching : https://www.ss.com/msg/lv/electronics/photo-optics/objectives/bhnnxk.html
2026-05-17 00:43:05 | INFO     | ss_crawler | [lens_scraper] MODEL EXTRACTED: 'ef 24 1, 4lii'
2026-05-17 00:43:05 | INFO     | ss_crawler | [lens_scraper] MOUNT DETECT: EF
2026-05-17 00:43:05 | INFO     | ss_crawler | [lens_scraper] Detected focal: 24mm (from_model=True)
2026-05-17 00:43:05 | INFO     | ss_crawler | [lens_scraper] Using TITLE ONLY for matching: 'canon modelis: ef 24 1, 4lii...'
2026-05-17 00:43:05 | INFO     | ss_crawler | [lens_scraper] BEST MATCH: 24mm F1.4L II USM score=1.60
2026-05-17 00:43:05 | INFO     | ss_crawler | [lens_scraper] Matched [bhnnxk]: Canon_24mm_F1.4L_II_USM (100% confidence)
2026-05-17 00:43:27 | INFO     | ss_crawler | [crawler] Fetching : https://www.ss.com/msg/lv/electronics/photo-optics/objectives/aafxg.html
2026-05-17 00:43:29 | INFO     | ss_crawler | [lens_scraper] Initializing Lens scraper...
2026-05-17 00:43:29 | INFO     | ss_crawler | [database] Database connected: localhost:5433/ss_market
2026-05-17 00:43:29 | INFO     | ss_crawler | [lens_scraper] Database: postgresql+psycopg2://crawler:crawler_pass@localhost:5433/ss_market
2026-05-17 00:43:29 | INFO     | ss_crawler | [lens_scraper] Loaded 481 lens references
2026-05-17 00:43:29 | INFO     | ss_crawler | [crawler] Fetching : https://www.ss.com/msg/lv/electronics/photo-optics/objectives/aafxg.html
2026-05-17 00:43:33 | INFO     | ss_crawler | [lens_scraper] MODEL EXTRACTED: 'ef 35 1.4l'
2026-05-17 00:43:33 | INFO     | ss_crawler | [lens_scraper] MOUNT DETECT: None
2026-05-17 00:43:33 | INFO     | ss_crawler | [lens_scraper] Detected focal: 35mm (from_model=True)
2026-05-17 00:43:33 | INFO     | ss_crawler | [lens_scraper] Using TITLE ONLY for matching: 'canon modelis: ef 35 1.4l...'
2026-05-17 00:43:33 | INFO     | ss_crawler | [lens_scraper] BEST MATCH: 35mm f/1.4 L VCM score=1.40
2026-05-17 00:43:33 | INFO     | ss_crawler | [lens_scraper] Matched [aafxg]: Canon_35mm_f_1.4_L_VCM (100% confidence)
2026-05-17 00:44:40 | INFO     | ss_crawler | [crawler] Fetching : https://www.ss.com/msg/lv/electronics/photo-optics/objectives/goxhg.html
2026-05-17 00:44:44 | INFO     | ss_crawler | [lens_scraper] Initializing Lens scraper...
2026-05-17 00:44:44 | INFO     | ss_crawler | [database] Database connected: localhost:5433/ss_market
2026-05-17 00:44:44 | INFO     | ss_crawler | [lens_scraper] Database: postgresql+psycopg2://crawler:crawler_pass@localhost:5433/ss_market
2026-05-17 00:44:44 | INFO     | ss_crawler | [lens_scraper] Loaded 481 lens references
2026-05-17 00:44:44 | INFO     | ss_crawler | [crawler] Fetching : https://www.ss.com/msg/lv/electronics/photo-optics/objectives/goxhg.html
2026-05-17 00:44:47 | INFO     | ss_crawler | [lens_scraper] MODEL EXTRACTED: 'ef 70-300 mm'
2026-05-17 00:44:47 | INFO     | ss_crawler | [lens_scraper] MOUNT DETECT: EF
2026-05-17 00:44:47 | INFO     | ss_crawler | [lens_scraper] Detected focal: 70mm-300mm (from_model=True)
2026-05-17 00:44:47 | INFO     | ss_crawler | [lens_scraper] Using TITLE ONLY for matching: 'canon modelis: ef 70-300 mm...'
2026-05-17 00:44:47 | INFO     | ss_crawler | [lens_scraper] BEST MATCH: 70-300mm F4-5.6 IS USM score=1.35
2026-05-17 00:44:47 | INFO     | ss_crawler | [lens_scraper] Matched [goxhg]: Canon_70-300mm_F4-5.6_IS_USM (100% confidence)
2026-05-17 00:45:43 | INFO     | ss_crawler | [crawler] Fetching : https://www.ss.com/msg/lv/electronics/photo-optics/objectives/bkhndn.html
2026-05-17 00:45:46 | INFO     | ss_crawler | [lens_scraper] Initializing Lens scraper...
2026-05-17 00:45:46 | INFO     | ss_crawler | [database] Database connected: localhost:5433/ss_market
2026-05-17 00:45:46 | INFO     | ss_crawler | [lens_scraper] Database: postgresql+psycopg2://crawler:crawler_pass@localhost:5433/ss_market
2026-05-17 00:45:46 | INFO     | ss_crawler | [lens_scraper] Loaded 481 lens references
2026-05-17 00:45:46 | INFO     | ss_crawler | [crawler] Fetching : https://www.ss.com/msg/lv/electronics/photo-optics/objectives/bkhndn.html
2026-05-17 00:45:48 | INFO     | ss_crawler | [lens_scraper] MODEL EXTRACTED: 'ef 85 f1, 8'
2026-05-17 00:45:48 | INFO     | ss_crawler | [lens_scraper] MOUNT DETECT: None
2026-05-17 00:45:48 | INFO     | ss_crawler | [lens_scraper] Detected focal: 85mm (from_model=True)
2026-05-17 00:45:48 | INFO     | ss_crawler | [lens_scraper] Using TITLE ONLY for matching: 'canon modelis: ef 85 f1, 8...'
2026-05-17 00:45:48 | INFO     | ss_crawler | [lens_scraper] BEST MATCH: 85mm F1.8 USM score=1.40
2026-05-17 00:45:48 | INFO     | ss_crawler | [lens_scraper] Matched [bkhndn]: Canon_85mm_F1.8_USM (100% confidence)
2026-05-17 00:45:58 | INFO     | ss_crawler | [database] Database connected: localhost:5433/ss_market
2026-05-17 00:45:58 | INFO     | ss_crawler | [database] Database connected: localhost:5433/ss_market
2026-05-17 00:46:04 | INFO     | ss_crawler | [crawler] Fetching : https://www.ss.com/msg/lv/electronics/photo-optics/objectives/cfjno.html
2026-05-17 00:46:06 | INFO     | ss_crawler | [lens_scraper] Initializing Lens scraper...
2026-05-17 00:46:06 | INFO     | ss_crawler | [database] Database connected: localhost:5433/ss_market
2026-05-17 00:46:06 | INFO     | ss_crawler | [lens_scraper] Database: postgresql+psycopg2://crawler:crawler_pass@localhost:5433/ss_market
2026-05-17 00:46:07 | INFO     | ss_crawler | [lens_scraper] Loaded 481 lens references
2026-05-17 00:46:07 | INFO     | ss_crawler | [crawler] Fetching : https://www.ss.com/msg/lv/electronics/photo-optics/objectives/cfjno.html
2026-05-17 00:46:09 | INFO     | ss_crawler | [lens_scraper] MODEL EXTRACTED: '56mm f1.7 sony'
2026-05-17 00:46:09 | INFO     | ss_crawler | [lens_scraper] MOUNT DETECT: E
2026-05-17 00:46:09 | INFO     | ss_crawler | [lens_scraper] Detected focal: 56mm (from_model=True)
2026-05-17 00:46:09 | INFO     | ss_crawler | [lens_scraper] Using TITLE ONLY for matching: 'viltrox modelis: 56mm f1.7 sony...'
2026-05-17 00:46:09 | INFO     | ss_crawler | [lens_scraper] BEST MATCH: Viltrox AF 56mm F1.7 Air score=0.95
2026-05-17 00:46:09 | INFO     | ss_crawler | [lens_scraper] Matched [cfjno]: Viltrox_Viltrox_AF_56mm_F1.7_Air (95% confidence)
2026-05-17 00:46:43 | INFO     | ss_crawler | [crawler] Fetching : https://www.ss.com/msg/lv/electronics/photo-optics/objectives/aafxg.html
2026-05-17 00:46:45 | INFO     | ss_crawler | [lens_scraper] Initializing Lens scraper...
2026-05-17 00:46:45 | INFO     | ss_crawler | [database] Database connected: localhost:5433/ss_market
2026-05-17 00:46:45 | INFO     | ss_crawler | [lens_scraper] Database: postgresql+psycopg2://crawler:crawler_pass@localhost:5433/ss_market
2026-05-17 00:46:45 | INFO     | ss_crawler | [lens_scraper] Loaded 481 lens references
2026-05-17 00:46:45 | INFO     | ss_crawler | [crawler] Fetching : https://www.ss.com/msg/lv/electronics/photo-optics/objectives/aafxg.html
2026-05-17 00:46:49 | INFO     | ss_crawler | [lens_scraper] MODEL EXTRACTED: 'ef 35 1.4l'
2026-05-17 00:46:49 | INFO     | ss_crawler | [lens_scraper] MOUNT DETECT: EF
2026-05-17 00:46:49 | INFO     | ss_crawler | [lens_scraper] Detected focal: 35mm (from_model=True)
2026-05-17 00:46:49 | INFO     | ss_crawler | [lens_scraper] Using TITLE ONLY for matching: 'canon modelis: ef 35 1.4l...'
2026-05-17 00:46:49 | INFO     | ss_crawler | [lens_scraper] BEST MATCH: 35mm F1.4L USM score=1.50
2026-05-17 00:46:49 | INFO     | ss_crawler | [lens_scraper] Matched [aafxg]: Canon_35mm_F1.4L_USM (100% confidence)
2026-05-17 00:46:53 | INFO     | ss_crawler | [crawler] Fetching : https://www.ss.com/msg/lv/electronics/photo-optics/objectives/goxhg.html
2026-05-17 00:46:57 | INFO     | ss_crawler | [lens_scraper] Initializing Lens scraper...
2026-05-17 00:46:57 | INFO     | ss_crawler | [database] Database connected: localhost:5433/ss_market
2026-05-17 00:46:57 | INFO     | ss_crawler | [lens_scraper] Database: postgresql+psycopg2://crawler:crawler_pass@localhost:5433/ss_market
2026-05-17 00:46:57 | INFO     | ss_crawler | [lens_scraper] Loaded 481 lens references
2026-05-17 00:46:57 | INFO     | ss_crawler | [crawler] Fetching : https://www.ss.com/msg/lv/electronics/photo-optics/objectives/goxhg.html
2026-05-17 00:46:59 | INFO     | ss_crawler | [lens_scraper] MODEL EXTRACTED: 'ef 70-300 mm'
2026-05-17 00:46:59 | INFO     | ss_crawler | [lens_scraper] MOUNT DETECT: EF
2026-05-17 00:46:59 | INFO     | ss_crawler | [lens_scraper] Detected focal: 70mm-300mm (from_model=True)
2026-05-17 00:46:59 | INFO     | ss_crawler | [lens_scraper] Using TITLE ONLY for matching: 'canon modelis: ef 70-300 mm...'
2026-05-17 00:46:59 | INFO     | ss_crawler | [lens_scraper] BEST MATCH: 70-300mm F4-5.6 IS USM score=1.35
2026-05-17 00:46:59 | INFO     | ss_crawler | [lens_scraper] Matched [goxhg]: Canon_70-300mm_F4-5.6_IS_USM (100% confidence)
2026-05-17 00:47:25 | INFO     | ss_crawler | [lens_scraper] Initializing Lens scraper...
2026-05-17 00:47:25 | INFO     | ss_crawler | [database] Database connected: localhost:5433/ss_market
2026-05-17 00:47:25 | INFO     | ss_crawler | [lens_scraper] Database: postgresql+psycopg2://crawler:crawler_pass@localhost:5433/ss_market
2026-05-17 00:47:25 | INFO     | ss_crawler | [lens_scraper] Loaded 481 lens references
2026-05-17 00:47:25 | INFO     | ss_crawler | [crawler] Fetching : https://www.ss.com/msg/lv/electronics/photo-optics/objectives/goxhg.html
2026-05-17 00:47:27 | INFO     | ss_crawler | [lens_scraper] MODEL EXTRACTED: 'ef 70-300 mm'
2026-05-17 00:47:27 | INFO     | ss_crawler | [lens_scraper] MOUNT DETECT: EF
2026-05-17 00:47:27 | INFO     | ss_crawler | [lens_scraper] Detected focal: 70mm-300mm (from_model=True)
2026-05-17 00:47:27 | INFO     | ss_crawler | [lens_scraper] Using TITLE ONLY for matching: 'canon modelis: ef 70-300 mm...'
2026-05-17 00:47:27 | INFO     | ss_crawler | [lens_scraper] BEST MATCH: 70-300mm F4-5.6 IS USM score=1.35
2026-05-17 00:47:27 | INFO     | ss_crawler | [lens_scraper] Matched [test]: Canon_70-300mm_F4-5.6_IS_USM (100% confidence)
2026-05-17 00:47:41 | INFO     | ss_crawler | [lens_scraper] Initializing Lens scraper...
2026-05-17 00:47:41 | INFO     | ss_crawler | [database] Database connected: localhost:5433/ss_market
2026-05-17 00:47:41 | INFO     | ss_crawler | [lens_scraper] Database: postgresql+psycopg2://crawler:crawler_pass@localhost:5433/ss_market
2026-05-17 00:47:41 | INFO     | ss_crawler | [lens_scraper] Loaded 481 lens references
2026-05-17 00:47:41 | INFO     | ss_crawler | [crawler] Fetching : https://www.ss.com/msg/lv/electronics/photo-optics/objectives/goxhg.html
2026-05-17 00:47:45 | INFO     | ss_crawler | [lens_scraper] MODEL EXTRACTED: 'ef 70-300 mm'
2026-05-17 00:47:45 | INFO     | ss_crawler | [lens_scraper] MOUNT DETECT: EF
2026-05-17 00:47:45 | INFO     | ss_crawler | [lens_scraper] Detected focal: 70mm-300mm (from_model=True)
2026-05-17 00:47:45 | INFO     | ss_crawler | [lens_scraper] Using TITLE ONLY for matching: 'canon modelis: ef 70-300 mm...'
2026-05-17 00:47:45 | INFO     | ss_crawler | [lens_scraper] BEST MATCH: 70-300mm F4-5.6 IS USM score=1.35
2026-05-17 00:47:45 | INFO     | ss_crawler | [lens_scraper] Matched [test]: Canon_70-300mm_F4-5.6_IS_USM (100% confidence)
2026-05-17 00:48:08 | INFO     | ss_crawler | [database] Database connected: localhost:5433/ss_market
2026-05-17 00:48:13 | INFO     | ss_crawler | [crawler] Fetching : https://www.ss.com/msg/lv/electronics/photo-optics/objectives/goxhg.html
2026-05-17 00:48:16 | INFO     | ss_crawler | [lens_scraper] Initializing Lens scraper...
2026-05-17 00:48:16 | INFO     | ss_crawler | [database] Database connected: localhost:5433/ss_market
2026-05-17 00:48:16 | INFO     | ss_crawler | [lens_scraper] Database: postgresql+psycopg2://crawler:crawler_pass@localhost:5433/ss_market
2026-05-17 00:48:16 | INFO     | ss_crawler | [lens_scraper] Loaded 481 lens references
2026-05-17 00:48:16 | INFO     | ss_crawler | [crawler] Fetching : https://www.ss.com/msg/lv/electronics/photo-optics/objectives/goxhg.html
2026-05-17 00:48:20 | INFO     | ss_crawler | [lens_scraper] MODEL EXTRACTED: 'ef 70-300 mm'
2026-05-17 00:48:20 | INFO     | ss_crawler | [lens_scraper] MOUNT DETECT: EF
2026-05-17 00:48:20 | INFO     | ss_crawler | [lens_scraper] Detected focal: 70mm-300mm (from_model=True)
2026-05-17 00:48:20 | INFO     | ss_crawler | [lens_scraper] Using TITLE ONLY for matching: 'canon modelis: ef 70-300 mm...'
2026-05-17 00:48:20 | INFO     | ss_crawler | [lens_scraper] BEST MATCH: 70-300mm F4-5.6L IS USM score=1.45
2026-05-17 00:48:20 | INFO     | ss_crawler | [lens_scraper] Matched [goxhg]: Canon_70-300mm_F4-5.6L_IS_USM (100% confidence)
2026-05-17 00:48:24 | INFO     | ss_crawler | [lens_scraper] Initializing Lens scraper...
2026-05-17 00:48:24 | INFO     | ss_crawler | [database] Database connected: localhost:5433/ss_market
2026-05-17 00:48:24 | INFO     | ss_crawler | [lens_scraper] Database: postgresql+psycopg2://crawler:crawler_pass@localhost:5433/ss_market
2026-05-17 00:48:24 | INFO     | ss_crawler | [lens_scraper] Loaded 481 lens references
2026-05-17 00:48:24 | INFO     | ss_crawler | [crawler] Fetching : https://www.ss.com/msg/lv/electronics/photo-optics/objectives/gcmeb.html
2026-05-17 00:48:27 | INFO     | ss_crawler | [lens_scraper] MODEL EXTRACTED: '17-28'
2026-05-17 00:48:27 | INFO     | ss_crawler | [lens_scraper] MOUNT DETECT: E
2026-05-17 00:48:27 | INFO     | ss_crawler | [lens_scraper] Detected focal: 17mm-28mm (from_model=True)
2026-05-17 00:48:27 | INFO     | ss_crawler | [lens_scraper] Using TITLE ONLY for matching: 'tamron modelis: 17-28...'
2026-05-17 00:48:27 | INFO     | ss_crawler | [lens_scraper] BEST MATCH: Tamron 17-28mm F/2.8 Di III RXD score=0.80
2026-05-17 00:48:27 | INFO     | ss_crawler | [lens_scraper] Matched [test]: Tamron_Tamron_17-28mm_F_2.8_Di_III_RXD (80% confidence)
2026-05-17 00:48:27 | INFO     | ss_crawler | [crawler] Fetching : https://www.ss.com/msg/lv/electronics/photo-optics/objectives/begohe.html
2026-05-17 00:48:29 | INFO     | ss_crawler | [lens_scraper] MODEL EXTRACTED: '16-28 f2.8'
2026-05-17 00:48:29 | INFO     | ss_crawler | [lens_scraper] MOUNT DETECT: E
2026-05-17 00:48:29 | INFO     | ss_crawler | [lens_scraper] Detected focal: 16mm-28mm (from_model=True)
2026-05-17 00:48:29 | INFO     | ss_crawler | [lens_scraper] Using TITLE ONLY for matching: 'sigma modelis: 16-28 f2.8...'
2026-05-17 00:48:29 | INFO     | ss_crawler | [lens_scraper] BEST MATCH: Sigma 16-28mm F2.8 DG DN | Contemporary score=1.50
2026-05-17 00:48:29 | INFO     | ss_crawler | [lens_scraper] Matched [test]: Sigma_Sigma_16-28mm_F2.8_DG_DN_|_Contemporary (100% confidence)
2026-05-17 00:48:29 | INFO     | ss_crawler | [crawler] Fetching : https://www.ss.com/msg/lv/electronics/photo-optics/objectives/bjdpgm.html
2026-05-17 00:48:30 | INFO     | ss_crawler | [lens_scraper] MODEL EXTRACTED: 'ef 24-70 f2.8'
2026-05-17 00:48:30 | INFO     | ss_crawler | [lens_scraper] MOUNT DETECT: EF
2026-05-17 00:48:30 | INFO     | ss_crawler | [lens_scraper] Detected focal: 24mm-70mm (from_model=True)
2026-05-17 00:48:30 | INFO     | ss_crawler | [lens_scraper] Using TITLE ONLY for matching: 'canon modelis: ef 24-70 f2.8...'
2026-05-17 00:48:30 | INFO     | ss_crawler | [lens_scraper] BEST MATCH: 24-70mm F2.8L II USM score=1.60
2026-05-17 00:48:30 | INFO     | ss_crawler | [lens_scraper] Matched [test]: Canon_24-70mm_F2.8L_II_USM (100% confidence)
2026-05-17 00:48:30 | INFO     | ss_crawler | [crawler] Fetching : https://www.ss.com/msg/lv/electronics/photo-optics/objectives/aebcf.html
2026-05-17 00:48:33 | INFO     | ss_crawler | [lens_scraper] MODEL EXTRACTED: '24-105 f4'
2026-05-17 00:48:33 | INFO     | ss_crawler | [lens_scraper] MOUNT DETECT: EF
2026-05-17 00:48:33 | INFO     | ss_crawler | [lens_scraper] Detected focal: 24mm-105mm (from_model=True)
2026-05-17 00:48:33 | INFO     | ss_crawler | [lens_scraper] Using TITLE ONLY for matching: 'canon modelis: 24-105 f4...'
2026-05-17 00:48:33 | INFO     | ss_crawler | [lens_scraper] BEST MATCH: 24-105mm F4L IS USM score=1.50
2026-05-17 00:48:33 | INFO     | ss_crawler | [lens_scraper] Matched [test]: Canon_24-105mm_F4L_IS_USM (100% confidence)
2026-05-17 00:48:33 | INFO     | ss_crawler | [crawler] Fetching : https://www.ss.com/msg/lv/electronics/photo-optics/objectives/bhnnxk.html
2026-05-17 00:48:36 | INFO     | ss_crawler | [lens_scraper] MODEL EXTRACTED: 'ef 24 1, 4lii'
2026-05-17 00:48:36 | INFO     | ss_crawler | [lens_scraper] MOUNT DETECT: EF
2026-05-17 00:48:36 | INFO     | ss_crawler | [lens_scraper] Detected focal: 24mm (from_model=True)
2026-05-17 00:48:36 | INFO     | ss_crawler | [lens_scraper] Using TITLE ONLY for matching: 'canon modelis: ef 24 1, 4lii...'
2026-05-17 00:48:36 | INFO     | ss_crawler | [lens_scraper] BEST MATCH: 24mm F1.4L II USM score=1.60
2026-05-17 00:48:36 | INFO     | ss_crawler | [lens_scraper] Matched [test]: Canon_24mm_F1.4L_II_USM (100% confidence)
2026-05-17 00:48:36 | INFO     | ss_crawler | [crawler] Fetching : https://www.ss.com/msg/lv/electronics/photo-optics/objectives/aafxg.html
2026-05-17 00:48:39 | INFO     | ss_crawler | [lens_scraper] MODEL EXTRACTED: 'ef 35 1.4l'
2026-05-17 00:48:39 | INFO     | ss_crawler | [lens_scraper] MOUNT DETECT: EF
2026-05-17 00:48:39 | INFO     | ss_crawler | [lens_scraper] Detected focal: 35mm (from_model=True)
2026-05-17 00:48:39 | INFO     | ss_crawler | [lens_scraper] Using TITLE ONLY for matching: 'canon modelis: ef 35 1.4l...'
2026-05-17 00:48:39 | INFO     | ss_crawler | [lens_scraper] BEST MATCH: 35mm F1.4L USM score=1.60
2026-05-17 00:48:39 | INFO     | ss_crawler | [lens_scraper] Matched [test]: Canon_35mm_F1.4L_USM (100% confidence)
2026-05-17 00:48:39 | INFO     | ss_crawler | [crawler] Fetching : https://www.ss.com/msg/lv/electronics/photo-optics/objectives/goxhg.html
2026-05-17 00:48:41 | INFO     | ss_crawler | [lens_scraper] MODEL EXTRACTED: 'ef 70-300 mm'
2026-05-17 00:48:41 | INFO     | ss_crawler | [lens_scraper] MOUNT DETECT: EF
2026-05-17 00:48:41 | INFO     | ss_crawler | [lens_scraper] Detected focal: 70mm-300mm (from_model=True)
2026-05-17 00:48:41 | INFO     | ss_crawler | [lens_scraper] Using TITLE ONLY for matching: 'canon modelis: ef 70-300 mm...'
2026-05-17 00:48:41 | INFO     | ss_crawler | [lens_scraper] BEST MATCH: 70-300mm F4-5.6L IS USM score=1.45
2026-05-17 00:48:41 | INFO     | ss_crawler | [lens_scraper] Matched [test]: Canon_70-300mm_F4-5.6L_IS_USM (100% confidence)
2026-05-17 00:48:41 | INFO     | ss_crawler | [crawler] Fetching : https://www.ss.com/msg/lv/electronics/photo-optics/objectives/bkhndn.html
2026-05-17 00:48:43 | INFO     | ss_crawler | [lens_scraper] MODEL EXTRACTED: 'ef 85 f1, 8'
2026-05-17 00:48:43 | INFO     | ss_crawler | [lens_scraper] MOUNT DETECT: EF
2026-05-17 00:48:43 | INFO     | ss_crawler | [lens_scraper] Detected focal: 85mm (from_model=True)
2026-05-17 00:48:43 | INFO     | ss_crawler | [lens_scraper] Using TITLE ONLY for matching: 'canon modelis: ef 85 f1, 8...'
2026-05-17 00:48:43 | INFO     | ss_crawler | [lens_scraper] BEST MATCH: 85mm F1.8 USM score=1.50
2026-05-17 00:48:43 | INFO     | ss_crawler | [lens_scraper] Matched [test]: Canon_85mm_F1.8_USM (100% confidence)
2026-05-17 00:48:43 | INFO     | ss_crawler | [crawler] Fetching : https://www.ss.com/msg/lv/electronics/photo-optics/objectives/cfjno.html
2026-05-17 00:48:46 | INFO     | ss_crawler | [lens_scraper] MODEL EXTRACTED: '56mm f1.7 sony'
2026-05-17 00:48:46 | INFO     | ss_crawler | [lens_scraper] MOUNT DETECT: E
2026-05-17 00:48:46 | INFO     | ss_crawler | [lens_scraper] Detected focal: 56mm (from_model=True)
2026-05-17 00:48:46 | INFO     | ss_crawler | [lens_scraper] Using TITLE ONLY for matching: 'viltrox modelis: 56mm f1.7 sony...'
2026-05-17 00:48:46 | INFO     | ss_crawler | [lens_scraper] BEST MATCH: Viltrox AF 56mm F1.7 Air score=0.95
2026-05-17 00:48:46 | INFO     | ss_crawler | [lens_scraper] Matched [test]: Viltrox_Viltrox_AF_56mm_F1.7_Air (95% confidence)
2026-05-17 00:50:03 | INFO     | ss_crawler | [crawler] Fetching : https://www.ss.com/msg/lv/electronics/photo-optics/objectives/aafxg.html
2026-05-17 00:50:06 | INFO     | ss_crawler | [lens_scraper] Initializing Lens scraper...
2026-05-17 00:50:06 | INFO     | ss_crawler | [database] Database connected: localhost:5433/ss_market
2026-05-17 00:50:06 | INFO     | ss_crawler | [lens_scraper] Database: postgresql+psycopg2://crawler:crawler_pass@localhost:5433/ss_market
2026-05-17 00:50:06 | INFO     | ss_crawler | [lens_scraper] Loaded 481 lens references
2026-05-17 00:50:06 | INFO     | ss_crawler | [crawler] Fetching : https://www.ss.com/msg/lv/electronics/photo-optics/objectives/aafxg.html
2026-05-17 00:50:09 | INFO     | ss_crawler | [lens_scraper] MODEL EXTRACTED: 'ef 35 1.4l'
2026-05-17 00:50:09 | INFO     | ss_crawler | [lens_scraper] MOUNT DETECT: EF
2026-05-17 00:50:09 | INFO     | ss_crawler | [lens_scraper] Detected focal: 35mm (from_model=True)
2026-05-17 00:50:09 | INFO     | ss_crawler | [lens_scraper] Using TITLE ONLY for matching: 'canon modelis: ef 35 1.4l...'
2026-05-17 00:50:09 | INFO     | ss_crawler | [lens_scraper] BEST MATCH: 35mm F1.4L USM score=1.60
2026-05-17 00:50:09 | INFO     | ss_crawler | [lens_scraper] Matched [aafxg]: Canon_35mm_F1.4L_USM (100% confidence)
2026-05-17 00:50:17 | INFO     | ss_crawler | [crawler] Fetching : https://www.ss.com/msg/lv/electronics/photo-optics/objectives/cfjno.html
2026-05-17 00:50:19 | INFO     | ss_crawler | [lens_scraper] Initializing Lens scraper...
2026-05-17 00:50:19 | INFO     | ss_crawler | [database] Database connected: localhost:5433/ss_market
2026-05-17 00:50:19 | INFO     | ss_crawler | [lens_scraper] Database: postgresql+psycopg2://crawler:crawler_pass@localhost:5433/ss_market
2026-05-17 00:50:19 | INFO     | ss_crawler | [lens_scraper] Loaded 481 lens references
2026-05-17 00:50:19 | INFO     | ss_crawler | [crawler] Fetching : https://www.ss.com/msg/lv/electronics/photo-optics/objectives/cfjno.html
2026-05-17 00:50:21 | INFO     | ss_crawler | [lens_scraper] MODEL EXTRACTED: '56mm f1.7 sony'
2026-05-17 00:50:21 | INFO     | ss_crawler | [lens_scraper] MOUNT DETECT: E
2026-05-17 00:50:21 | INFO     | ss_crawler | [lens_scraper] Detected focal: 56mm (from_model=True)
2026-05-17 00:50:21 | INFO     | ss_crawler | [lens_scraper] Using TITLE ONLY for matching: 'viltrox modelis: 56mm f1.7 sony...'
2026-05-17 00:50:21 | INFO     | ss_crawler | [lens_scraper] BEST MATCH: Viltrox AF 56mm F1.7 Air score=0.95
2026-05-17 00:50:21 | INFO     | ss_crawler | [lens_scraper] Matched [cfjno]: Viltrox_Viltrox_AF_56mm_F1.7_Air (95% confidence)
2026-05-17 00:50:29 | INFO     | ss_crawler | [crawler] Fetching : https://www.ss.com/msg/lv/electronics/photo-optics/objectives/bkhndn.html
2026-05-17 00:50:31 | INFO     | ss_crawler | [lens_scraper] Initializing Lens scraper...
2026-05-17 00:50:31 | INFO     | ss_crawler | [database] Database connected: localhost:5433/ss_market
2026-05-17 00:50:31 | INFO     | ss_crawler | [lens_scraper] Database: postgresql+psycopg2://crawler:crawler_pass@localhost:5433/ss_market
2026-05-17 00:50:31 | INFO     | ss_crawler | [lens_scraper] Loaded 481 lens references
2026-05-17 00:50:31 | INFO     | ss_crawler | [crawler] Fetching : https://www.ss.com/msg/lv/electronics/photo-optics/objectives/bkhndn.html
2026-05-17 00:50:35 | INFO     | ss_crawler | [lens_scraper] MODEL EXTRACTED: 'ef 85 f1, 8'
2026-05-17 00:50:35 | INFO     | ss_crawler | [lens_scraper] MOUNT DETECT: EF
2026-05-17 00:50:35 | INFO     | ss_crawler | [lens_scraper] Detected focal: 85mm (from_model=True)
2026-05-17 00:50:35 | INFO     | ss_crawler | [lens_scraper] Using TITLE ONLY for matching: 'canon modelis: ef 85 f1, 8...'
2026-05-17 00:50:35 | INFO     | ss_crawler | [lens_scraper] BEST MATCH: 85mm F1.8 USM score=1.50
2026-05-17 00:50:35 | INFO     | ss_crawler | [lens_scraper] Matched [bkhndn]: Canon_85mm_F1.8_USM (100% confidence)
2026-05-17 00:50:59 | INFO     | ss_crawler | [crawler] Fetching : https://www.ss.com/msg/lv/electronics/photo-optics/objectives/goxhg.html
2026-05-17 00:51:02 | INFO     | ss_crawler | [lens_scraper] Initializing Lens scraper...
2026-05-17 00:51:02 | INFO     | ss_crawler | [database] Database connected: localhost:5433/ss_market
2026-05-17 00:51:02 | INFO     | ss_crawler | [lens_scraper] Database: postgresql+psycopg2://crawler:crawler_pass@localhost:5433/ss_market
2026-05-17 00:51:02 | INFO     | ss_crawler | [lens_scraper] Loaded 481 lens references
2026-05-17 00:51:02 | INFO     | ss_crawler | [crawler] Fetching : https://www.ss.com/msg/lv/electronics/photo-optics/objectives/goxhg.html
2026-05-17 00:51:06 | INFO     | ss_crawler | [lens_scraper] MODEL EXTRACTED: 'ef 70-300 mm'
2026-05-17 00:51:06 | INFO     | ss_crawler | [lens_scraper] MOUNT DETECT: EF
2026-05-17 00:51:06 | INFO     | ss_crawler | [lens_scraper] Detected focal: 70mm-300mm (from_model=True)
2026-05-17 00:51:06 | INFO     | ss_crawler | [lens_scraper] Using TITLE ONLY for matching: 'canon modelis: ef 70-300 mm...'
2026-05-17 00:51:06 | INFO     | ss_crawler | [lens_scraper] BEST MATCH: 70-300mm F4-5.6L IS USM score=1.45
2026-05-17 00:51:06 | INFO     | ss_crawler | [lens_scraper] Matched [goxhg]: Canon_70-300mm_F4-5.6L_IS_USM (100% confidence)
2026-05-17 00:51:38 | INFO     | ss_crawler | [lens_scraper] Initializing Lens scraper...
2026-05-17 00:51:38 | INFO     | ss_crawler | [database] Database connected: localhost:5433/ss_market
2026-05-17 00:51:38 | INFO     | ss_crawler | [lens_scraper] Database: postgresql+psycopg2://crawler:crawler_pass@localhost:5433/ss_market
2026-05-17 00:51:38 | INFO     | ss_crawler | [lens_scraper] Loaded 481 lens references
2026-05-17 00:51:38 | INFO     | ss_crawler | [lens_scraper] Starting lens category scrape: https://www.ss.com/lv/electronics/photo-optics/objectives/
2026-05-17 00:51:38 | INFO     | ss_crawler | [lens_scraper] Fetching page 1: https://www.ss.com/lv/electronics/photo-optics/objectives/
2026-05-17 00:51:38 | INFO     | ss_crawler | [crawler] Fetching : https://www.ss.com/lv/electronics/photo-optics/objectives/
2026-05-17 00:51:42 | INFO     | ss_crawler | [lens_scraper] Found 0 listings on page 1
2026-05-17 00:51:42 | INFO     | ss_crawler | [lens_scraper] No more pages to scrape
2026-05-17 00:51:42 | INFO     | ss_crawler | [lens_scraper] Category scrape complete. Total listings: 0
2026-05-17 00:52:07 | INFO     | ss_crawler | [lens_scraper] Initializing Lens scraper...
2026-05-17 00:52:07 | INFO     | ss_crawler | [database] Database connected: localhost:5433/ss_market
2026-05-17 00:52:07 | INFO     | ss_crawler | [lens_scraper] Database: postgresql+psycopg2://crawler:crawler_pass@localhost:5433/ss_market
2026-05-17 00:52:07 | INFO     | ss_crawler | [lens_scraper] Loaded 481 lens references
2026-05-17 00:52:07 | INFO     | ss_crawler | [lens_scraper] Starting lens category scrape: https://www.ss.com/lv/electronics/photo-optics/objectives/
2026-05-17 00:52:07 | INFO     | ss_crawler | [lens_scraper] Fetching page 1: https://www.ss.com/lv/electronics/photo-optics/objectives/
2026-05-17 00:52:07 | INFO     | ss_crawler | [crawler] Fetching : https://www.ss.com/lv/electronics/photo-optics/objectives/
2026-05-17 00:52:09 | INFO     | ss_crawler | [lens_scraper] Found 0 listings on page 1
2026-05-17 00:52:09 | INFO     | ss_crawler | [lens_scraper] No more pages to scrape
2026-05-17 00:52:09 | INFO     | ss_crawler | [lens_scraper] Category scrape complete. Total listings: 0
2026-05-17 00:52:59 | INFO     | ss_crawler | [lens_scraper] Initializing Lens scraper...
2026-05-17 00:52:59 | INFO     | ss_crawler | [database] Database connected: localhost:5433/ss_market
2026-05-17 00:52:59 | INFO     | ss_crawler | [lens_scraper] Database: postgresql+psycopg2://crawler:crawler_pass@localhost:5433/ss_market
2026-05-17 00:52:59 | INFO     | ss_crawler | [lens_scraper] Loaded 481 lens references
2026-05-17 00:52:59 | INFO     | ss_crawler | [lens_scraper] Starting lens category scrape: https://www.ss.com/lv/electronics/photo-optics/objectives/
2026-05-17 00:52:59 | INFO     | ss_crawler | [lens_scraper] Fetching page 1: https://www.ss.com/lv/electronics/photo-optics/objectives/
2026-05-17 00:52:59 | INFO     | ss_crawler | [crawler] Fetching : https://www.ss.com/lv/electronics/photo-optics/objectives/
2026-05-17 00:53:01 | INFO     | ss_crawler | [lens_scraper] Found 32 listings on page 1
2026-05-17 00:53:01 | INFO     | ss_crawler | [crawler] Fetching : https://www.ss.com/msg/lv/electronics/photo-optics/objectives/aalgl.html
2026-05-17 00:53:03 | INFO     | ss_crawler | [lens_scraper] MODEL EXTRACTED: 'ef 85mm 1, 8f'
2026-05-17 00:53:03 | INFO     | ss_crawler | [lens_scraper] MOUNT DETECT: EF
2026-05-17 00:53:03 | INFO     | ss_crawler | [lens_scraper] Detected focal: 85mm (from_model=True)
2026-05-17 00:53:03 | INFO     | ss_crawler | [lens_scraper] Using TITLE ONLY for matching: 'canon modelis: ef 85mm 1, 8f...'
2026-05-17 00:53:03 | INFO     | ss_crawler | [lens_scraper] BEST MATCH: 85mm F1.4L IS USM score=1.35
2026-05-17 00:53:03 | INFO     | ss_crawler | [lens_scraper] Matched [aalgl]: Canon_85mm_F1.4L_IS_USM (100% confidence)
2026-05-17 00:53:03 | INFO     | ss_crawler | [crawler] Fetching : https://www.ss.com/msg/lv/electronics/photo-optics/objectives/aalgl.html
2026-05-17 00:53:06 | INFO     | ss_crawler | [lens_scraper] MODEL EXTRACTED: 'ef 85mm 1, 8f'
2026-05-17 00:53:06 | INFO     | ss_crawler | [lens_scraper] MOUNT DETECT: EF
2026-05-17 00:53:06 | INFO     | ss_crawler | [lens_scraper] Detected focal: 85mm (from_model=True)
2026-05-17 00:53:06 | INFO     | ss_crawler | [lens_scraper] Using TITLE ONLY for matching: 'canon modelis: ef 85mm 1, 8f...'
2026-05-17 00:53:06 | INFO     | ss_crawler | [lens_scraper] BEST MATCH: 85mm F1.4L IS USM score=1.35
2026-05-17 00:53:06 | INFO     | ss_crawler | [lens_scraper] Matched [aalgl]: Canon_85mm_F1.4L_IS_USM (100% confidence)
2026-05-17 00:53:06 | INFO     | ss_crawler | [crawler] Fetching : https://www.ss.com/msg/lv/electronics/photo-optics/objectives/aalgl.html
2026-05-17 00:53:09 | INFO     | ss_crawler | [lens_scraper] MODEL EXTRACTED: 'ef 85mm 1, 8f'
2026-05-17 00:53:09 | INFO     | ss_crawler | [lens_scraper] MOUNT DETECT: EF
2026-05-17 00:53:09 | INFO     | ss_crawler | [lens_scraper] Detected focal: 85mm (from_model=True)
2026-05-17 00:53:09 | INFO     | ss_crawler | [lens_scraper] Using TITLE ONLY for matching: 'canon modelis: ef 85mm 1, 8f...'
2026-05-17 00:53:09 | INFO     | ss_crawler | [lens_scraper] BEST MATCH: 85mm F1.4L IS USM score=1.35
2026-05-17 00:53:09 | INFO     | ss_crawler | [lens_scraper] Matched [aalgl]: Canon_85mm_F1.4L_IS_USM (100% confidence)
2026-05-17 00:53:09 | INFO     | ss_crawler | [crawler] Fetching : https://www.ss.com/msg/lv/electronics/photo-optics/objectives/loolb.html
2026-05-17 00:53:13 | INFO     | ss_crawler | [lens_scraper] MODEL EXTRACTED: 'ef 24-105/4'
2026-05-17 00:53:13 | INFO     | ss_crawler | [lens_scraper] MOUNT DETECT: EF
2026-05-17 00:53:13 | INFO     | ss_crawler | [lens_scraper] Detected focal: 24mm-105mm (from_model=True)
2026-05-17 00:53:13 | INFO     | ss_crawler | [lens_scraper] Using TITLE ONLY for matching: 'canon modelis: ef 24-105/4...'
2026-05-17 00:53:13 | INFO     | ss_crawler | [lens_scraper] BEST MATCH: 24-105mm F3.5-5.6 IS STM score=1.35
2026-05-17 00:53:13 | INFO     | ss_crawler | [lens_scraper] Matched [loolb]: Canon_24-105mm_F3.5-5.6_IS_STM (100% confidence)
2026-05-17 00:53:13 | INFO     | ss_crawler | [crawler] Fetching : https://www.ss.com/msg/lv/electronics/photo-optics/objectives/bgpjfj.html
2026-05-17 00:53:15 | INFO     | ss_crawler | [lens_scraper] MODEL EXTRACTED: '24-70mm f/2.8'
2026-05-17 00:53:15 | INFO     | ss_crawler | [lens_scraper] MOUNT DETECT: EF
2026-05-17 00:53:15 | INFO     | ss_crawler | [lens_scraper] Detected focal: 24mm-70mm (from_model=True)
2026-05-17 00:53:15 | INFO     | ss_crawler | [lens_scraper] Using TITLE ONLY for matching: 'sigma modelis: 24-70mm f/2.8...'
2026-05-17 00:53:15 | INFO     | ss_crawler | [lens_scraper] BEST MATCH: 24-70mm F2.8 DG OS HSM Art score=1.50
2026-05-17 00:53:15 | INFO     | ss_crawler | [lens_scraper] Matched [bgpjfj]: Sigma_24-70mm_F2.8_DG_OS_HSM_Art (100% confidence)
2026-05-17 00:53:15 | INFO     | ss_crawler | [crawler] Fetching : https://www.ss.com/msg/lv/electronics/photo-optics/objectives/fljof.html
2026-05-17 00:53:18 | INFO     | ss_crawler | [lens_scraper] MODEL EXTRACTED: '24-70 ll'
2026-05-17 00:53:18 | INFO     | ss_crawler | [lens_scraper] MOUNT DETECT: EF
2026-05-17 00:53:18 | INFO     | ss_crawler | [lens_scraper] Detected focal: 24mm-70mm (from_model=True)
2026-05-17 00:53:18 | INFO     | ss_crawler | [lens_scraper] Using TITLE ONLY for matching: 'canon modelis: 24-70 ll...'
2026-05-17 00:53:18 | INFO     | ss_crawler | [lens_scraper] BEST MATCH: 24-70mm F2.8L II USM score=1.45
2026-05-17 00:53:18 | INFO     | ss_crawler | [lens_scraper] Matched [fljof]: Canon_24-70mm_F2.8L_II_USM (100% confidence)
2026-05-17 00:53:18 | INFO     | ss_crawler | [crawler] Fetching : https://www.ss.com/msg/lv/electronics/photo-optics/objectives/begohe.html
2026-05-17 00:53:20 | INFO     | ss_crawler | [lens_scraper] MODEL EXTRACTED: '16-28 f2.8'
2026-05-17 00:53:20 | INFO     | ss_crawler | [lens_scraper] MOUNT DETECT: E
2026-05-17 00:53:20 | INFO     | ss_crawler | [lens_scraper] Detected focal: 16mm-28mm (from_model=True)
2026-05-17 00:53:20 | INFO     | ss_crawler | [lens_scraper] Using TITLE ONLY for matching: 'sigma modelis: 16-28 f2.8...'
2026-05-17 00:53:20 | INFO     | ss_crawler | [lens_scraper] BEST MATCH: Sigma 16-28mm F2.8 DG DN | Contemporary score=1.50
2026-05-17 00:53:20 | INFO     | ss_crawler | [lens_scraper] Matched [begohe]: Sigma_Sigma_16-28mm_F2.8_DG_DN_|_Contemporary (100% confidence)
2026-05-17 00:53:20 | INFO     | ss_crawler | [crawler] Fetching : https://www.ss.com/msg/lv/electronics/photo-optics/objectives/fmehe.html
2026-05-17 00:53:24 | INFO     | ss_crawler | [lens_scraper] Filtered [fmehe]: filtered_nikon
2026-05-17 00:53:24 | INFO     | ss_crawler | [crawler] Fetching : https://www.ss.com/msg/lv/electronics/photo-optics/objectives/gobcn.html
2026-05-17 00:53:26 | INFO     | ss_crawler | [lens_scraper] MODEL EXTRACTED: 'lumix 20mm'
2026-05-17 00:53:26 | INFO     | ss_crawler | [lens_scraper] MOUNT DETECT: None
2026-05-17 00:53:26 | INFO     | ss_crawler | [lens_scraper] Detected focal: 20mm (from_model=True)
2026-05-17 00:53:26 | INFO     | ss_crawler | [lens_scraper] Using TITLE ONLY for matching: 'panasonic modelis: lumix 20mm...'
2026-05-17 00:53:26 | INFO     | ss_crawler | [lens_scraper] BEST MATCH: 20mm F2.8 USM score=0.85
2026-05-17 00:53:26 | INFO     | ss_crawler | [lens_scraper] Matched [gobcn]: Canon_20mm_F2.8_USM (85% confidence)
2026-05-17 00:53:26 | INFO     | ss_crawler | [crawler] Fetching : https://www.ss.com/msg/lv/electronics/photo-optics/objectives/gcxci.html
2026-05-17 00:53:29 | INFO     | ss_crawler | [lens_scraper] MODEL EXTRACTED: '75mm 1.5'
2026-05-17 00:53:29 | INFO     | ss_crawler | [lens_scraper] MOUNT DETECT: E
2026-05-17 00:53:29 | INFO     | ss_crawler | [lens_scraper] Detected focal: 75mm (from_model=True)
2026-05-17 00:53:29 | INFO     | ss_crawler | [lens_scraper] Using TITLE ONLY for matching: 'ttartisan modelis: 75mm 1.5...'
2026-05-17 00:53:29 | INFO     | ss_crawler | [lens_scraper] BEST MATCH: Sony E 10-18mm F4 OSS score=0.70
2026-05-17 00:53:29 | INFO     | ss_crawler | [lens_scraper] Matched [gcxci]: Sony_Sony_E_10-18mm_F4_OSS (70% confidence)
2026-05-17 00:53:29 | INFO     | ss_crawler | [crawler] Fetching : https://www.ss.com/msg/lv/electronics/photo-optics/objectives/lphdk.html
2026-05-17 00:53:32 | INFO     | ss_crawler | [lens_scraper] MODEL EXTRACTED: '24 f/ 2, 8 stm'
2026-05-17 00:53:32 | INFO     | ss_crawler | [lens_scraper] MOUNT DETECT: EF-S
2026-05-17 00:53:32 | INFO     | ss_crawler | [lens_scraper] Detected focal: 24mm (from_model=True)
2026-05-17 00:53:32 | INFO     | ss_crawler | [lens_scraper] Using TITLE ONLY for matching: 'canon modelis: 24 f/ 2, 8 stm...'
2026-05-17 00:53:32 | INFO     | ss_crawler | [lens_scraper] BEST MATCH: 24mm F2.8 STM score=1.60
2026-05-17 00:53:32 | INFO     | ss_crawler | [lens_scraper] Matched [lphdk]: Canon_24mm_F2.8_STM (100% confidence)
2026-05-17 00:53:32 | INFO     | ss_crawler | [crawler] Fetching : https://www.ss.com/msg/lv/electronics/photo-optics/objectives/lpcjf.html
2026-05-17 00:53:35 | INFO     | ss_crawler | [lens_scraper] MODEL EXTRACTED: 'fe 24-70mm'
2026-05-17 00:53:35 | INFO     | ss_crawler | [lens_scraper] MOUNT DETECT: E
2026-05-17 00:53:35 | INFO     | ss_crawler | [lens_scraper] Detected focal: 24mm-70mm (from_model=True)
2026-05-17 00:53:35 | INFO     | ss_crawler | [lens_scraper] Using TITLE ONLY for matching: 'sony modelis: fe 24-70mm...'
2026-05-17 00:53:35 | INFO     | ss_crawler | [lens_scraper] BEST MATCH: Sony FE 24-70mm F2.8 GM II score=1.45
2026-05-17 00:53:35 | INFO     | ss_crawler | [lens_scraper] Matched [lpcjf]: Sony_Sony_FE_24-70mm_F2.8_GM_II (100% confidence)
2026-05-17 00:53:35 | INFO     | ss_crawler | [crawler] Fetching : https://www.ss.com/msg/lv/electronics/photo-optics/objectives/jpdce.html
2026-05-17 00:53:38 | INFO     | ss_crawler | [lens_scraper] MODEL EXTRACTED: 'fe 50mm f1.8'
2026-05-17 00:53:38 | INFO     | ss_crawler | [lens_scraper] MOUNT DETECT: E
2026-05-17 00:53:38 | INFO     | ss_crawler | [lens_scraper] Detected focal: 50mm (from_model=True)
2026-05-17 00:53:38 | INFO     | ss_crawler | [lens_scraper] Using TITLE ONLY for matching: 'sony modelis: fe 50mm f1.8...'
2026-05-17 00:53:38 | INFO     | ss_crawler | [lens_scraper] BEST MATCH: Sony E 50mm F1.8 OSS score=0.95
2026-05-17 00:53:38 | INFO     | ss_crawler | [lens_scraper] Matched [jpdce]: Sony_Sony_E_50mm_F1.8_OSS (95% confidence)
2026-05-17 00:53:38 | INFO     | ss_crawler | [crawler] Fetching : https://www.ss.com/msg/lv/electronics/photo-optics/objectives/eldbp.html
2026-05-17 00:53:41 | INFO     | ss_crawler | [lens_scraper] Filtered [eldbp]: filtered_jauns
2026-05-17 00:53:41 | INFO     | ss_crawler | [crawler] Fetching : https://www.ss.com/msg/lv/electronics/photo-optics/objectives/opxxp.html
2026-05-17 00:53:44 | INFO     | ss_crawler | [lens_scraper] Filtered [opxxp]: filtered_nikon
2026-05-17 00:53:44 | INFO     | ss_crawler | [crawler] Fetching : https://www.ss.com/msg/lv/electronics/photo-optics/objectives/aabgf.html
2026-05-17 00:53:47 | INFO     | ss_crawler | [lens_scraper] MODEL EXTRACTED: '24-105 mm, f4'
2026-05-17 00:53:47 | INFO     | ss_crawler | [lens_scraper] MOUNT DETECT: None
2026-05-17 00:53:47 | INFO     | ss_crawler | [lens_scraper] Detected focal: 24mm-105mm (from_model=True)
2026-05-17 00:53:47 | INFO     | ss_crawler | [lens_scraper] Using TITLE ONLY for matching: 'canon modelis: 24-105 mm, f4...'
2026-05-17 00:53:47 | INFO     | ss_crawler | [lens_scraper] BEST MATCH: 24-105mm F4L IS USM score=1.40
2026-05-17 00:53:47 | INFO     | ss_crawler | [lens_scraper] Matched [aabgf]: Canon_24-105mm_F4L_IS_USM (100% confidence)
2026-05-17 00:53:47 | INFO     | ss_crawler | [crawler] Fetching : https://www.ss.com/msg/lv/electronics/photo-optics/objectives/abdpe.html
2026-05-17 00:53:50 | INFO     | ss_crawler | [lens_scraper] MODEL EXTRACTED: '50 mm f1, 4, ef'
2026-05-17 00:53:50 | INFO     | ss_crawler | [lens_scraper] MOUNT DETECT: None
2026-05-17 00:53:50 | INFO     | ss_crawler | [lens_scraper] Detected focal: 50mm (from_model=True)
2026-05-17 00:53:50 | INFO     | ss_crawler | [lens_scraper] Using TITLE ONLY for matching: 'canon modelis: 50 mm f1, 4, ef...'
2026-05-17 00:53:51 | INFO     | ss_crawler | [lens_scraper] BEST MATCH: 50mm F1.4 USM score=1.40
2026-05-17 00:53:51 | INFO     | ss_crawler | [lens_scraper] Matched [abdpe]: Canon_50mm_F1.4_USM (100% confidence)
2026-05-17 00:53:51 | INFO     | ss_crawler | [crawler] Fetching : https://www.ss.com/msg/lv/electronics/photo-optics/objectives/gcmeb.html
2026-05-17 00:53:54 | INFO     | ss_crawler | [lens_scraper] MODEL EXTRACTED: '17-28'
2026-05-17 00:53:54 | INFO     | ss_crawler | [lens_scraper] MOUNT DETECT: E
2026-05-17 00:53:54 | INFO     | ss_crawler | [lens_scraper] Detected focal: 17mm-28mm (from_model=True)
2026-05-17 00:53:54 | INFO     | ss_crawler | [lens_scraper] Using TITLE ONLY for matching: 'tamron modelis: 17-28...'
2026-05-17 00:53:54 | INFO     | ss_crawler | [lens_scraper] BEST MATCH: Tamron 17-28mm F/2.8 Di III RXD score=0.80
2026-05-17 00:53:54 | INFO     | ss_crawler | [lens_scraper] Matched [gcmeb]: Tamron_Tamron_17-28mm_F_2.8_Di_III_RXD (80% confidence)
2026-05-17 00:53:54 | INFO     | ss_crawler | [crawler] Fetching : https://www.ss.com/msg/lv/electronics/photo-optics/objectives/flxmi.html
2026-05-17 00:53:57 | INFO     | ss_crawler | [lens_scraper] MODEL EXTRACTED: 'sel30m35'
2026-05-17 00:53:57 | INFO     | ss_crawler | [lens_scraper] MOUNT DETECT: E
2026-05-17 00:53:57 | INFO     | ss_crawler | [lens_scraper] BEST MATCH: Sony E 30mm F3.5 Macro score=1.05
2026-05-17 00:53:57 | INFO     | ss_crawler | [lens_scraper] Matched [flxmi]: Sony_Sony_E_30mm_F3.5_Macro (100% confidence)
2026-05-17 00:53:57 | INFO     | ss_crawler | [crawler] Fetching : https://www.ss.com/msg/lv/electronics/photo-optics/objectives/egicb.html
2026-05-17 00:54:00 | INFO     | ss_crawler | [lens_scraper] MODEL EXTRACTED: '28-135mm'
2026-05-17 00:54:00 | INFO     | ss_crawler | [lens_scraper] MOUNT DETECT: None
2026-05-17 00:54:00 | INFO     | ss_crawler | [lens_scraper] Detected focal: 28mm-135mm (from_model=True)
2026-05-17 00:54:00 | INFO     | ss_crawler | [lens_scraper] Using TITLE ONLY for matching: 'sigma modelis: 28-135mm...'
2026-05-17 00:54:00 | INFO     | ss_crawler | [lens_scraper] BEST MATCH: Sony FE PZ 28-135mm F4 G OSS score=0.85
2026-05-17 00:54:00 | INFO     | ss_crawler | [lens_scraper] Matched [egicb]: Sony_Sony_FE_PZ_28-135mm_F4_G_OSS (85% confidence)
2026-05-17 00:54:00 | INFO     | ss_crawler | [crawler] Fetching : https://www.ss.com/msg/lv/electronics/photo-optics/objectives/mbcgc.html
2026-05-17 00:54:04 | INFO     | ss_crawler | [lens_scraper] Filtered [mbcgc]: filtered_nikon
2026-05-17 00:54:04 | INFO     | ss_crawler | [crawler] Fetching : https://www.ss.com/msg/lv/electronics/photo-optics/objectives/bhnnxk.html
2026-05-17 00:54:06 | INFO     | ss_crawler | [lens_scraper] MODEL EXTRACTED: 'ef 24 1, 4lii'
2026-05-17 00:54:06 | INFO     | ss_crawler | [lens_scraper] MOUNT DETECT: EF
2026-05-17 00:54:06 | INFO     | ss_crawler | [lens_scraper] Detected focal: 24mm (from_model=True)
2026-05-17 00:54:06 | INFO     | ss_crawler | [lens_scraper] Using TITLE ONLY for matching: 'canon modelis: ef 24 1, 4lii...'
2026-05-17 00:54:06 | INFO     | ss_crawler | [lens_scraper] BEST MATCH: 24mm F1.4L II USM score=1.60
2026-05-17 00:54:06 | INFO     | ss_crawler | [lens_scraper] Matched [bhnnxk]: Canon_24mm_F1.4L_II_USM (100% confidence)
2026-05-17 00:54:06 | INFO     | ss_crawler | [crawler] Fetching : https://www.ss.com/msg/lv/electronics/photo-optics/objectives/bigokg.html
2026-05-17 00:54:09 | INFO     | ss_crawler | [lens_scraper] MODEL EXTRACTED: 'ef 24-105 f4l'
2026-05-17 00:54:09 | INFO     | ss_crawler | [lens_scraper] MOUNT DETECT: EF
2026-05-17 00:54:09 | INFO     | ss_crawler | [lens_scraper] Detected focal: 24mm-105mm (from_model=True)
2026-05-17 00:54:09 | INFO     | ss_crawler | [lens_scraper] Using TITLE ONLY for matching: 'canon modelis: ef 24-105 f4l...'
2026-05-17 00:54:09 | INFO     | ss_crawler | [lens_scraper] BEST MATCH: 24-105mm F4L IS USM score=1.50
2026-05-17 00:54:09 | INFO     | ss_crawler | [lens_scraper] Matched [bigokg]: Canon_24-105mm_F4L_IS_USM (100% confidence)
2026-05-17 00:54:09 | INFO     | ss_crawler | [crawler] Fetching : https://www.ss.com/msg/lv/electronics/photo-optics/objectives/fgimf.html
2026-05-17 00:54:12 | INFO     | ss_crawler | [lens_scraper] MODEL EXTRACTED: '35mm f/2.8'
2026-05-17 00:54:12 | INFO     | ss_crawler | [lens_scraper] MOUNT DETECT: EF-S
2026-05-17 00:54:12 | INFO     | ss_crawler | [lens_scraper] Detected focal: 35mm (from_model=True)
2026-05-17 00:54:12 | INFO     | ss_crawler | [lens_scraper] Using TITLE ONLY for matching: 'canon modelis: 35mm f/2.8...'
2026-05-17 00:54:12 | INFO     | ss_crawler | [lens_scraper] BEST MATCH: 35mm F2.8 Macro IS STM score=1.50
2026-05-17 00:54:12 | INFO     | ss_crawler | [lens_scraper] Matched [fgimf]: Canon_35mm_F2.8_Macro_IS_STM (100% confidence)
2026-05-17 00:54:12 | INFO     | ss_crawler | [crawler] Fetching : https://www.ss.com/msg/lv/electronics/photo-optics/objectives/hcdof.html
2026-05-17 00:54:14 | INFO     | ss_crawler | [lens_scraper] MODEL EXTRACTED: '10-20 mm'
2026-05-17 00:54:14 | INFO     | ss_crawler | [lens_scraper] MOUNT DETECT: None
2026-05-17 00:54:14 | INFO     | ss_crawler | [lens_scraper] Detected focal: 10mm-20mm (from_model=True)
2026-05-17 00:54:14 | INFO     | ss_crawler | [lens_scraper] Using TITLE ONLY for matching: 'sigma modelis: 10-20 mm...'
2026-05-17 00:54:14 | INFO     | ss_crawler | [lens_scraper] BEST MATCH: 10-20mm F3.5 EX DC HSM score=1.25
2026-05-17 00:54:14 | INFO     | ss_crawler | [lens_scraper] Matched [hcdof]: Sigma_10-20mm_F3.5_EX_DC_HSM (100% confidence)
2026-05-17 00:54:14 | INFO     | ss_crawler | [crawler] Fetching : https://www.ss.com/msg/lv/electronics/photo-optics/objectives/mbddb.html
2026-05-17 00:54:17 | INFO     | ss_crawler | [lens_scraper] Filtered [mbddb]: filtered_nikon
2026-05-17 00:54:17 | INFO     | ss_crawler | [crawler] Fetching : https://www.ss.com/msg/lv/electronics/photo-optics/objectives/acfjg.html
2026-05-17 00:54:18 | INFO     | ss_crawler | [lens_scraper] MODEL EXTRACTED: 'canon продаю объектив eos canon 24-70 4t l серии, малопользованый'
2026-05-17 00:54:18 | INFO     | ss_crawler | [lens_scraper] MOUNT DETECT: None
2026-05-17 00:54:18 | INFO     | ss_crawler | [lens_scraper] Detected focal: 24mm-70mm (from_model=True)
2026-05-17 00:54:18 | INFO     | ss_crawler | [lens_scraper] Using TITLE ONLY for matching: 'eos modelis: canon продаю объектив eos canon 24-70 4t l сери...'
2026-05-17 00:54:18 | INFO     | ss_crawler | [lens_scraper] BEST MATCH: 24-70mm F4L IS USM score=1.35
2026-05-17 00:54:18 | INFO     | ss_crawler | [lens_scraper] Matched [acfjg]: Canon_24-70mm_F4L_IS_USM (100% confidence)
2026-05-17 00:54:18 | INFO     | ss_crawler | [crawler] Fetching : https://www.ss.com/msg/lv/electronics/photo-optics/objectives/fopom.html
2026-05-17 00:54:21 | INFO     | ss_crawler | [lens_scraper] Filtered [fopom]: filtered_jauns
2026-05-17 00:54:21 | INFO     | ss_crawler | [crawler] Fetching : https://www.ss.com/msg/lv/electronics/photo-optics/objectives/bgookb.html
2026-05-17 00:54:23 | INFO     | ss_crawler | [lens_scraper] Filtered [bgookb]: filtered_jauns
2026-05-17 00:54:23 | INFO     | ss_crawler | [crawler] Fetching : https://www.ss.com/msg/lv/electronics/photo-optics/objectives/pdnbl.html
2026-05-17 00:54:26 | INFO     | ss_crawler | [lens_scraper] Filtered [pdnbl]: filtered_jauns
2026-05-17 00:54:26 | INFO     | ss_crawler | [crawler] Fetching : https://www.ss.com/msg/lv/electronics/photo-optics/objectives/mcbcb.html
2026-05-17 00:54:27 | INFO     | ss_crawler | [lens_scraper] Filtered [mcbcb]: filtered_nikon
2026-05-17 00:54:27 | INFO     | ss_crawler | [crawler] Fetching : https://www.ss.com/msg/lv/electronics/photo-optics/objectives/fncgj.html
2026-05-17 00:54:30 | INFO     | ss_crawler | [lens_scraper] Filtered [fncgj]: filtered_nikon
2026-05-17 00:54:30 | INFO     | ss_crawler | [lens_scraper] No more pages to scrape
2026-05-17 00:54:30 | INFO     | ss_crawler | [lens_scraper] Category scrape complete. Total listings: 22
2026-05-17 00:54:38 | INFO     | ss_crawler | [lens_scraper] Initializing Lens scraper...
2026-05-17 00:54:38 | INFO     | ss_crawler | [database] Database connected: localhost:5433/ss_market
2026-05-17 00:54:38 | INFO     | ss_crawler | [lens_scraper] Database: postgresql+psycopg2://crawler:crawler_pass@localhost:5433/ss_market
2026-05-17 00:54:38 | INFO     | ss_crawler | [lens_scraper] Loaded 481 lens references
2026-05-17 00:54:38 | INFO     | ss_crawler | [lens_scraper] Starting lens category scrape: https://www.ss.com/lv/electronics/photo-optics/objectives/
2026-05-17 00:54:38 | INFO     | ss_crawler | [lens_scraper] Fetching page 1: https://www.ss.com/lv/electronics/photo-optics/objectives/
2026-05-17 00:54:38 | INFO     | ss_crawler | [crawler] Fetching : https://www.ss.com/lv/electronics/photo-optics/objectives/
2026-05-17 00:54:41 | INFO     | ss_crawler | [lens_scraper] Found 32 listings on page 1
2026-05-17 00:54:41 | INFO     | ss_crawler | [crawler] Fetching : https://www.ss.com/msg/lv/electronics/photo-optics/objectives/aalgl.html
2026-05-17 00:54:42 | INFO     | ss_crawler | [lens_scraper] MODEL EXTRACTED: 'ef 85mm 1, 8f'
2026-05-17 00:54:42 | INFO     | ss_crawler | [lens_scraper] MOUNT DETECT: EF
2026-05-17 00:54:42 | INFO     | ss_crawler | [lens_scraper] Detected focal: 85mm (from_model=True)
2026-05-17 00:54:42 | INFO     | ss_crawler | [lens_scraper] Using TITLE ONLY for matching: 'canon modelis: ef 85mm 1, 8f...'
2026-05-17 00:54:42 | INFO     | ss_crawler | [lens_scraper] BEST MATCH: 85mm F1.4L IS USM score=1.35
2026-05-17 00:54:42 | INFO     | ss_crawler | [lens_scraper] Matched [aalgl]: Canon_85mm_F1.4L_IS_USM (100% confidence)
2026-05-17 00:54:42 | INFO     | ss_crawler | [crawler] Fetching : https://www.ss.com/msg/lv/electronics/photo-optics/objectives/aalgl.html
2026-05-17 00:54:45 | INFO     | ss_crawler | [lens_scraper] MODEL EXTRACTED: 'ef 85mm 1, 8f'
2026-05-17 00:54:45 | INFO     | ss_crawler | [lens_scraper] MOUNT DETECT: EF
2026-05-17 00:54:45 | INFO     | ss_crawler | [lens_scraper] Detected focal: 85mm (from_model=True)
2026-05-17 00:54:45 | INFO     | ss_crawler | [lens_scraper] Using TITLE ONLY for matching: 'canon modelis: ef 85mm 1, 8f...'
2026-05-17 00:54:45 | INFO     | ss_crawler | [lens_scraper] BEST MATCH: 85mm F1.4L IS USM score=1.35
2026-05-17 00:54:45 | INFO     | ss_crawler | [lens_scraper] Matched [aalgl]: Canon_85mm_F1.4L_IS_USM (100% confidence)
2026-05-17 00:54:45 | INFO     | ss_crawler | [crawler] Fetching : https://www.ss.com/msg/lv/electronics/photo-optics/objectives/aalgl.html
2026-05-17 00:54:47 | INFO     | ss_crawler | [lens_scraper] MODEL EXTRACTED: 'ef 85mm 1, 8f'
2026-05-17 00:54:47 | INFO     | ss_crawler | [lens_scraper] MOUNT DETECT: EF
2026-05-17 00:54:47 | INFO     | ss_crawler | [lens_scraper] Detected focal: 85mm (from_model=True)
2026-05-17 00:54:47 | INFO     | ss_crawler | [lens_scraper] Using TITLE ONLY for matching: 'canon modelis: ef 85mm 1, 8f...'
2026-05-17 00:54:47 | INFO     | ss_crawler | [lens_scraper] BEST MATCH: 85mm F1.4L IS USM score=1.35
2026-05-17 00:54:47 | INFO     | ss_crawler | [lens_scraper] Matched [aalgl]: Canon_85mm_F1.4L_IS_USM (100% confidence)
2026-05-17 00:54:47 | INFO     | ss_crawler | [crawler] Fetching : https://www.ss.com/msg/lv/electronics/photo-optics/objectives/loolb.html
2026-05-17 00:54:49 | INFO     | ss_crawler | [lens_scraper] MODEL EXTRACTED: 'ef 24-105/4'
2026-05-17 00:54:49 | INFO     | ss_crawler | [lens_scraper] MOUNT DETECT: EF
2026-05-17 00:54:49 | INFO     | ss_crawler | [lens_scraper] Detected focal: 24mm-105mm (from_model=True)
2026-05-17 00:54:49 | INFO     | ss_crawler | [lens_scraper] Using TITLE ONLY for matching: 'canon modelis: ef 24-105/4...'
2026-05-17 00:54:49 | INFO     | ss_crawler | [lens_scraper] BEST MATCH: 24-105mm F3.5-5.6 IS STM score=1.35
2026-05-17 00:54:49 | INFO     | ss_crawler | [lens_scraper] Matched [loolb]: Canon_24-105mm_F3.5-5.6_IS_STM (100% confidence)
2026-05-17 00:54:49 | INFO     | ss_crawler | [crawler] Fetching : https://www.ss.com/msg/lv/electronics/photo-optics/objectives/bgpjfj.html
2026-05-17 00:54:50 | INFO     | ss_crawler | [lens_scraper] MODEL EXTRACTED: '24-70mm f/2.8'
2026-05-17 00:54:50 | INFO     | ss_crawler | [lens_scraper] MOUNT DETECT: EF
2026-05-17 00:54:50 | INFO     | ss_crawler | [lens_scraper] Detected focal: 24mm-70mm (from_model=True)
2026-05-17 00:54:50 | INFO     | ss_crawler | [lens_scraper] Using TITLE ONLY for matching: 'sigma modelis: 24-70mm f/2.8...'
2026-05-17 00:54:51 | INFO     | ss_crawler | [lens_scraper] BEST MATCH: 24-70mm F2.8 DG OS HSM Art score=1.50
2026-05-17 00:54:51 | INFO     | ss_crawler | [lens_scraper] Matched [bgpjfj]: Sigma_24-70mm_F2.8_DG_OS_HSM_Art (100% confidence)
2026-05-17 00:54:51 | INFO     | ss_crawler | [crawler] Fetching : https://www.ss.com/msg/lv/electronics/photo-optics/objectives/fljof.html
2026-05-17 00:54:53 | INFO     | ss_crawler | [lens_scraper] MODEL EXTRACTED: '24-70 ll'
2026-05-17 00:54:53 | INFO     | ss_crawler | [lens_scraper] MOUNT DETECT: EF
2026-05-17 00:54:53 | INFO     | ss_crawler | [lens_scraper] Detected focal: 24mm-70mm (from_model=True)
2026-05-17 00:54:53 | INFO     | ss_crawler | [lens_scraper] Using TITLE ONLY for matching: 'canon modelis: 24-70 ll...'
2026-05-17 00:54:53 | INFO     | ss_crawler | [lens_scraper] BEST MATCH: 24-70mm F2.8L II USM score=1.45
2026-05-17 00:54:53 | INFO     | ss_crawler | [lens_scraper] Matched [fljof]: Canon_24-70mm_F2.8L_II_USM (100% confidence)
2026-05-17 00:54:53 | INFO     | ss_crawler | [crawler] Fetching : https://www.ss.com/msg/lv/electronics/photo-optics/objectives/begohe.html
2026-05-17 00:54:54 | INFO     | ss_crawler | [lens_scraper] MODEL EXTRACTED: '16-28 f2.8'
2026-05-17 00:54:54 | INFO     | ss_crawler | [lens_scraper] MOUNT DETECT: E
2026-05-17 00:54:54 | INFO     | ss_crawler | [lens_scraper] Detected focal: 16mm-28mm (from_model=True)
2026-05-17 00:54:54 | INFO     | ss_crawler | [lens_scraper] Using TITLE ONLY for matching: 'sigma modelis: 16-28 f2.8...'
2026-05-17 00:54:54 | INFO     | ss_crawler | [lens_scraper] BEST MATCH: Sigma 16-28mm F2.8 DG DN | Contemporary score=1.50
2026-05-17 00:54:54 | INFO     | ss_crawler | [lens_scraper] Matched [begohe]: Sigma_Sigma_16-28mm_F2.8_DG_DN_|_Contemporary (100% confidence)
2026-05-17 00:54:54 | INFO     | ss_crawler | [crawler] Fetching : https://www.ss.com/msg/lv/electronics/photo-optics/objectives/fmehe.html
2026-05-17 00:54:57 | INFO     | ss_crawler | [lens_scraper] Filtered [fmehe]: filtered_nikon
2026-05-17 00:54:57 | INFO     | ss_crawler | [crawler] Fetching : https://www.ss.com/msg/lv/electronics/photo-optics/objectives/gobcn.html
2026-05-17 00:54:58 | INFO     | ss_crawler | [lens_scraper] MODEL EXTRACTED: 'lumix 20mm'
2026-05-17 00:54:58 | INFO     | ss_crawler | [lens_scraper] MOUNT DETECT: None
2026-05-17 00:54:58 | INFO     | ss_crawler | [lens_scraper] Detected focal: 20mm (from_model=True)
2026-05-17 00:54:58 | INFO     | ss_crawler | [lens_scraper] Using TITLE ONLY for matching: 'panasonic modelis: lumix 20mm...'
2026-05-17 00:54:59 | INFO     | ss_crawler | [lens_scraper] BEST MATCH: 20mm F2.8 USM score=0.85
2026-05-17 00:54:59 | INFO     | ss_crawler | [lens_scraper] Matched [gobcn]: Canon_20mm_F2.8_USM (85% confidence)
2026-05-17 00:54:59 | INFO     | ss_crawler | [crawler] Fetching : https://www.ss.com/msg/lv/electronics/photo-optics/objectives/gcxci.html
2026-05-17 00:55:00 | INFO     | ss_crawler | [lens_scraper] MODEL EXTRACTED: '75mm 1.5'
2026-05-17 00:55:00 | INFO     | ss_crawler | [lens_scraper] MOUNT DETECT: E
2026-05-17 00:55:00 | INFO     | ss_crawler | [lens_scraper] Detected focal: 75mm (from_model=True)
2026-05-17 00:55:00 | INFO     | ss_crawler | [lens_scraper] Using TITLE ONLY for matching: 'ttartisan modelis: 75mm 1.5...'
2026-05-17 00:55:00 | INFO     | ss_crawler | [lens_scraper] BEST MATCH: Sony E 10-18mm F4 OSS score=0.70
2026-05-17 00:55:00 | INFO     | ss_crawler | [lens_scraper] Matched [gcxci]: Sony_Sony_E_10-18mm_F4_OSS (70% confidence)
2026-05-17 00:55:00 | INFO     | ss_crawler | [crawler] Fetching : https://www.ss.com/msg/lv/electronics/photo-optics/objectives/lphdk.html
2026-05-17 00:55:02 | INFO     | ss_crawler | [lens_scraper] MODEL EXTRACTED: '24 f/ 2, 8 stm'
2026-05-17 00:55:02 | INFO     | ss_crawler | [lens_scraper] MOUNT DETECT: EF-S
2026-05-17 00:55:02 | INFO     | ss_crawler | [lens_scraper] Detected focal: 24mm (from_model=True)
2026-05-17 00:55:02 | INFO     | ss_crawler | [lens_scraper] Using TITLE ONLY for matching: 'canon modelis: 24 f/ 2, 8 stm...'
2026-05-17 00:55:02 | INFO     | ss_crawler | [lens_scraper] BEST MATCH: 24mm F2.8 STM score=1.60
2026-05-17 00:55:02 | INFO     | ss_crawler | [lens_scraper] Matched [lphdk]: Canon_24mm_F2.8_STM (100% confidence)
2026-05-17 00:55:02 | INFO     | ss_crawler | [crawler] Fetching : https://www.ss.com/msg/lv/electronics/photo-optics/objectives/lpcjf.html
2026-05-17 00:55:04 | INFO     | ss_crawler | [lens_scraper] MODEL EXTRACTED: 'fe 24-70mm'
2026-05-17 00:55:04 | INFO     | ss_crawler | [lens_scraper] MOUNT DETECT: E
2026-05-17 00:55:04 | INFO     | ss_crawler | [lens_scraper] Detected focal: 24mm-70mm (from_model=True)
2026-05-17 00:55:04 | INFO     | ss_crawler | [lens_scraper] Using TITLE ONLY for matching: 'sony modelis: fe 24-70mm...'
2026-05-17 00:55:04 | INFO     | ss_crawler | [lens_scraper] BEST MATCH: Sony FE 24-70mm F2.8 GM II score=1.45
2026-05-17 00:55:04 | INFO     | ss_crawler | [lens_scraper] Matched [lpcjf]: Sony_Sony_FE_24-70mm_F2.8_GM_II (100% confidence)
2026-05-17 00:55:04 | INFO     | ss_crawler | [crawler] Fetching : https://www.ss.com/msg/lv/electronics/photo-optics/objectives/jpdce.html
2026-05-17 00:55:06 | INFO     | ss_crawler | [lens_scraper] MODEL EXTRACTED: 'fe 50mm f1.8'
2026-05-17 00:55:06 | INFO     | ss_crawler | [lens_scraper] MOUNT DETECT: E
2026-05-17 00:55:06 | INFO     | ss_crawler | [lens_scraper] Detected focal: 50mm (from_model=True)
2026-05-17 00:55:06 | INFO     | ss_crawler | [lens_scraper] Using TITLE ONLY for matching: 'sony modelis: fe 50mm f1.8...'
2026-05-17 00:55:06 | INFO     | ss_crawler | [lens_scraper] BEST MATCH: Sony E 50mm F1.8 OSS score=0.95
2026-05-17 00:55:06 | INFO     | ss_crawler | [lens_scraper] Matched [jpdce]: Sony_Sony_E_50mm_F1.8_OSS (95% confidence)
2026-05-17 00:55:06 | INFO     | ss_crawler | [crawler] Fetching : https://www.ss.com/msg/lv/electronics/photo-optics/objectives/eldbp.html
2026-05-17 00:55:08 | INFO     | ss_crawler | [lens_scraper] Filtered [eldbp]: filtered_jauns
2026-05-17 00:55:08 | INFO     | ss_crawler | [crawler] Fetching : https://www.ss.com/msg/lv/electronics/photo-optics/objectives/opxxp.html
2026-05-17 00:55:10 | INFO     | ss_crawler | [lens_scraper] Filtered [opxxp]: filtered_nikon
2026-05-17 00:55:10 | INFO     | ss_crawler | [crawler] Fetching : https://www.ss.com/msg/lv/electronics/photo-optics/objectives/aabgf.html
2026-05-17 00:55:12 | INFO     | ss_crawler | [lens_scraper] MODEL EXTRACTED: '24-105 mm, f4'
2026-05-17 00:55:12 | INFO     | ss_crawler | [lens_scraper] MOUNT DETECT: None
2026-05-17 00:55:12 | INFO     | ss_crawler | [lens_scraper] Detected focal: 24mm-105mm (from_model=True)
2026-05-17 00:55:12 | INFO     | ss_crawler | [lens_scraper] Using TITLE ONLY for matching: 'canon modelis: 24-105 mm, f4...'
2026-05-17 00:55:12 | INFO     | ss_crawler | [lens_scraper] BEST MATCH: 24-105mm F4L IS USM score=1.40
2026-05-17 00:55:12 | INFO     | ss_crawler | [lens_scraper] Matched [aabgf]: Canon_24-105mm_F4L_IS_USM (100% confidence)
2026-05-17 00:55:12 | INFO     | ss_crawler | [crawler] Fetching : https://www.ss.com/msg/lv/electronics/photo-optics/objectives/abdpe.html
2026-05-17 00:55:15 | INFO     | ss_crawler | [lens_scraper] MODEL EXTRACTED: '50 mm f1, 4, ef'
2026-05-17 00:55:15 | INFO     | ss_crawler | [lens_scraper] MOUNT DETECT: None
2026-05-17 00:55:15 | INFO     | ss_crawler | [lens_scraper] Detected focal: 50mm (from_model=True)
2026-05-17 00:55:15 | INFO     | ss_crawler | [lens_scraper] Using TITLE ONLY for matching: 'canon modelis: 50 mm f1, 4, ef...'
2026-05-17 00:55:15 | INFO     | ss_crawler | [lens_scraper] BEST MATCH: 50mm F1.4 USM score=1.40
2026-05-17 00:55:15 | INFO     | ss_crawler | [lens_scraper] Matched [abdpe]: Canon_50mm_F1.4_USM (100% confidence)
2026-05-17 00:55:15 | INFO     | ss_crawler | [crawler] Fetching : https://www.ss.com/msg/lv/electronics/photo-optics/objectives/gcmeb.html
2026-05-17 00:55:19 | INFO     | ss_crawler | [lens_scraper] MODEL EXTRACTED: '17-28'
2026-05-17 00:55:19 | INFO     | ss_crawler | [lens_scraper] MOUNT DETECT: E
2026-05-17 00:55:19 | INFO     | ss_crawler | [lens_scraper] Detected focal: 17mm-28mm (from_model=True)
2026-05-17 00:55:19 | INFO     | ss_crawler | [lens_scraper] Using TITLE ONLY for matching: 'tamron modelis: 17-28...'
2026-05-17 00:55:19 | INFO     | ss_crawler | [lens_scraper] BEST MATCH: Tamron 17-28mm F/2.8 Di III RXD score=0.80
2026-05-17 00:55:19 | INFO     | ss_crawler | [lens_scraper] Matched [gcmeb]: Tamron_Tamron_17-28mm_F_2.8_Di_III_RXD (80% confidence)
2026-05-17 00:55:19 | INFO     | ss_crawler | [crawler] Fetching : https://www.ss.com/msg/lv/electronics/photo-optics/objectives/flxmi.html
2026-05-17 00:55:22 | INFO     | ss_crawler | [lens_scraper] MODEL EXTRACTED: 'sel30m35'
2026-05-17 00:55:22 | INFO     | ss_crawler | [lens_scraper] MOUNT DETECT: E
2026-05-17 00:55:22 | INFO     | ss_crawler | [lens_scraper] BEST MATCH: Sony E 30mm F3.5 Macro score=1.05
2026-05-17 00:55:22 | INFO     | ss_crawler | [lens_scraper] Matched [flxmi]: Sony_Sony_E_30mm_F3.5_Macro (100% confidence)
2026-05-17 00:55:22 | INFO     | ss_crawler | [crawler] Fetching : https://www.ss.com/msg/lv/electronics/photo-optics/objectives/egicb.html
2026-05-17 00:55:24 | INFO     | ss_crawler | [lens_scraper] MODEL EXTRACTED: '28-135mm'
2026-05-17 00:55:24 | INFO     | ss_crawler | [lens_scraper] MOUNT DETECT: None
2026-05-17 00:55:24 | INFO     | ss_crawler | [lens_scraper] Detected focal: 28mm-135mm (from_model=True)
2026-05-17 00:55:24 | INFO     | ss_crawler | [lens_scraper] Using TITLE ONLY for matching: 'sigma modelis: 28-135mm...'
2026-05-17 00:55:24 | INFO     | ss_crawler | [lens_scraper] BEST MATCH: Sony FE PZ 28-135mm F4 G OSS score=0.85
2026-05-17 00:55:24 | INFO     | ss_crawler | [lens_scraper] Matched [egicb]: Sony_Sony_FE_PZ_28-135mm_F4_G_OSS (85% confidence)
2026-05-17 00:55:24 | INFO     | ss_crawler | [crawler] Fetching : https://www.ss.com/msg/lv/electronics/photo-optics/objectives/mbcgc.html
2026-05-17 00:55:26 | INFO     | ss_crawler | [lens_scraper] Filtered [mbcgc]: filtered_nikon
2026-05-17 00:55:26 | INFO     | ss_crawler | [crawler] Fetching : https://www.ss.com/msg/lv/electronics/photo-optics/objectives/bhnnxk.html
2026-05-17 00:55:28 | INFO     | ss_crawler | [lens_scraper] MODEL EXTRACTED: 'ef 24 1, 4lii'
2026-05-17 00:55:28 | INFO     | ss_crawler | [lens_scraper] MOUNT DETECT: EF
2026-05-17 00:55:28 | INFO     | ss_crawler | [lens_scraper] Detected focal: 24mm (from_model=True)
2026-05-17 00:55:28 | INFO     | ss_crawler | [lens_scraper] Using TITLE ONLY for matching: 'canon modelis: ef 24 1, 4lii...'
2026-05-17 00:55:28 | INFO     | ss_crawler | [lens_scraper] BEST MATCH: 24mm F1.4L II USM score=1.60
2026-05-17 00:55:28 | INFO     | ss_crawler | [lens_scraper] Matched [bhnnxk]: Canon_24mm_F1.4L_II_USM (100% confidence)
2026-05-17 00:55:28 | INFO     | ss_crawler | [crawler] Fetching : https://www.ss.com/msg/lv/electronics/photo-optics/objectives/bigokg.html
2026-05-17 00:55:30 | INFO     | ss_crawler | [lens_scraper] MODEL EXTRACTED: 'ef 24-105 f4l'
2026-05-17 00:55:30 | INFO     | ss_crawler | [lens_scraper] MOUNT DETECT: EF
2026-05-17 00:55:30 | INFO     | ss_crawler | [lens_scraper] Detected focal: 24mm-105mm (from_model=True)
2026-05-17 00:55:30 | INFO     | ss_crawler | [lens_scraper] Using TITLE ONLY for matching: 'canon modelis: ef 24-105 f4l...'
2026-05-17 00:55:30 | INFO     | ss_crawler | [lens_scraper] BEST MATCH: 24-105mm F4L IS USM score=1.50
2026-05-17 00:55:30 | INFO     | ss_crawler | [lens_scraper] Matched [bigokg]: Canon_24-105mm_F4L_IS_USM (100% confidence)
2026-05-17 00:55:31 | INFO     | ss_crawler | [crawler] Fetching : https://www.ss.com/msg/lv/electronics/photo-optics/objectives/fgimf.html
2026-05-17 00:55:33 | INFO     | ss_crawler | [lens_scraper] MODEL EXTRACTED: '35mm f/2.8'
2026-05-17 00:55:33 | INFO     | ss_crawler | [lens_scraper] MOUNT DETECT: EF-S
2026-05-17 00:55:33 | INFO     | ss_crawler | [lens_scraper] Detected focal: 35mm (from_model=True)
2026-05-17 00:55:33 | INFO     | ss_crawler | [lens_scraper] Using TITLE ONLY for matching: 'canon modelis: 35mm f/2.8...'
2026-05-17 00:55:33 | INFO     | ss_crawler | [lens_scraper] BEST MATCH: 35mm F2.8 Macro IS STM score=1.50
2026-05-17 00:55:33 | INFO     | ss_crawler | [lens_scraper] Matched [fgimf]: Canon_35mm_F2.8_Macro_IS_STM (100% confidence)
2026-05-17 00:55:33 | INFO     | ss_crawler | [crawler] Fetching : https://www.ss.com/msg/lv/electronics/photo-optics/objectives/hcdof.html
2026-05-17 00:55:36 | INFO     | ss_crawler | [lens_scraper] MODEL EXTRACTED: '10-20 mm'
2026-05-17 00:55:36 | INFO     | ss_crawler | [lens_scraper] MOUNT DETECT: None
2026-05-17 00:55:36 | INFO     | ss_crawler | [lens_scraper] Detected focal: 10mm-20mm (from_model=True)
2026-05-17 00:55:36 | INFO     | ss_crawler | [lens_scraper] Using TITLE ONLY for matching: 'sigma modelis: 10-20 mm...'
2026-05-17 00:55:36 | INFO     | ss_crawler | [lens_scraper] BEST MATCH: 10-20mm F3.5 EX DC HSM score=1.25
2026-05-17 00:55:36 | INFO     | ss_crawler | [lens_scraper] Matched [hcdof]: Sigma_10-20mm_F3.5_EX_DC_HSM (100% confidence)
2026-05-17 00:55:36 | INFO     | ss_crawler | [crawler] Fetching : https://www.ss.com/msg/lv/electronics/photo-optics/objectives/mbddb.html
2026-05-17 00:55:38 | INFO     | ss_crawler | [lens_scraper] Filtered [mbddb]: filtered_nikon
2026-05-17 00:55:38 | INFO     | ss_crawler | [crawler] Fetching : https://www.ss.com/msg/lv/electronics/photo-optics/objectives/acfjg.html
2026-05-17 00:55:40 | INFO     | ss_crawler | [lens_scraper] MODEL EXTRACTED: 'canon продаю объектив eos canon 24-70 4t l серии, малопользованый'
2026-05-17 00:55:40 | INFO     | ss_crawler | [lens_scraper] MOUNT DETECT: None
2026-05-17 00:55:40 | INFO     | ss_crawler | [lens_scraper] Detected focal: 24mm-70mm (from_model=True)
2026-05-17 00:55:40 | INFO     | ss_crawler | [lens_scraper] Using TITLE ONLY for matching: 'eos modelis: canon продаю объектив eos canon 24-70 4t l сери...'
2026-05-17 00:55:40 | INFO     | ss_crawler | [lens_scraper] BEST MATCH: 24-70mm F4L IS USM score=1.35
2026-05-17 00:55:40 | INFO     | ss_crawler | [lens_scraper] Matched [acfjg]: Canon_24-70mm_F4L_IS_USM (100% confidence)
2026-05-17 00:55:40 | INFO     | ss_crawler | [crawler] Fetching : https://www.ss.com/msg/lv/electronics/photo-optics/objectives/fopom.html
2026-05-17 00:55:43 | INFO     | ss_crawler | [lens_scraper] Filtered [fopom]: filtered_jauns
2026-05-17 00:55:43 | INFO     | ss_crawler | [crawler] Fetching : https://www.ss.com/msg/lv/electronics/photo-optics/objectives/bgookb.html
2026-05-17 00:55:46 | INFO     | ss_crawler | [lens_scraper] Filtered [bgookb]: filtered_jauns
2026-05-17 00:55:46 | INFO     | ss_crawler | [crawler] Fetching : https://www.ss.com/msg/lv/electronics/photo-optics/objectives/pdnbl.html
2026-05-17 00:55:48 | INFO     | ss_crawler | [lens_scraper] Filtered [pdnbl]: filtered_jauns
2026-05-17 00:55:48 | INFO     | ss_crawler | [crawler] Fetching : https://www.ss.com/msg/lv/electronics/photo-optics/objectives/mcbcb.html
2026-05-17 00:55:51 | INFO     | ss_crawler | [lens_scraper] Filtered [mcbcb]: filtered_nikon
2026-05-17 00:55:51 | INFO     | ss_crawler | [crawler] Fetching : https://www.ss.com/msg/lv/electronics/photo-optics/objectives/fncgj.html
2026-05-17 00:55:55 | INFO     | ss_crawler | [lens_scraper] Filtered [fncgj]: filtered_nikon
2026-05-17 00:55:55 | INFO     | ss_crawler | [lens_scraper] No more pages to scrape
2026-05-17 00:55:55 | INFO     | ss_crawler | [lens_scraper] Category scrape complete. Total listings: 22
2026-05-17 00:56:33 | INFO     | ss_crawler | [lens_scraper] Initializing Lens scraper...
2026-05-17 00:56:33 | INFO     | ss_crawler | [database] Database connected: localhost:5433/ss_market
2026-05-17 00:56:33 | INFO     | ss_crawler | [lens_scraper] Database: postgresql+psycopg2://crawler:crawler_pass@localhost:5433/ss_market
2026-05-17 00:56:33 | INFO     | ss_crawler | [lens_scraper] Loaded 481 lens references
2026-05-17 00:56:33 | INFO     | ss_crawler | [lens_scraper] Starting lens category scrape: https://www.ss.com/lv/electronics/photo-optics/objectives/
2026-05-17 00:56:33 | INFO     | ss_crawler | [lens_scraper] Fetching page 1: https://www.ss.com/lv/electronics/photo-optics/objectives/
2026-05-17 00:56:33 | INFO     | ss_crawler | [crawler] Fetching : https://www.ss.com/lv/electronics/photo-optics/objectives/
2026-05-17 00:56:36 | INFO     | ss_crawler | [lens_scraper] Found 32 listings on page 1
2026-05-17 00:56:36 | INFO     | ss_crawler | [crawler] Fetching : https://www.ss.com/msg/lv/electronics/photo-optics/objectives/aalgl.html
2026-05-17 00:56:38 | INFO     | ss_crawler | [lens_scraper] MODEL EXTRACTED: 'ef 85mm 1, 8f'
2026-05-17 00:56:38 | INFO     | ss_crawler | [lens_scraper] MOUNT DETECT: EF
2026-05-17 00:56:38 | INFO     | ss_crawler | [lens_scraper] Detected focal: 85mm (from_model=True)
2026-05-17 00:56:38 | INFO     | ss_crawler | [lens_scraper] Using TITLE ONLY for matching: 'canon modelis: ef 85mm 1, 8f...'
2026-05-17 00:56:38 | INFO     | ss_crawler | [lens_scraper] BEST MATCH: 85mm F1.4L IS USM score=1.35
2026-05-17 00:56:38 | INFO     | ss_crawler | [lens_scraper] Matched [aalgl]: Canon_85mm_F1.4L_IS_USM (100% confidence)
2026-05-17 00:56:38 | INFO     | ss_crawler | [crawler] Fetching : https://www.ss.com/msg/lv/electronics/photo-optics/objectives/aalgl.html
2026-05-17 00:56:41 | INFO     | ss_crawler | [lens_scraper] MODEL EXTRACTED: 'ef 85mm 1, 8f'
2026-05-17 00:56:41 | INFO     | ss_crawler | [lens_scraper] MOUNT DETECT: EF
2026-05-17 00:56:41 | INFO     | ss_crawler | [lens_scraper] Detected focal: 85mm (from_model=True)
2026-05-17 00:56:41 | INFO     | ss_crawler | [lens_scraper] Using TITLE ONLY for matching: 'canon modelis: ef 85mm 1, 8f...'
2026-05-17 00:56:41 | INFO     | ss_crawler | [lens_scraper] BEST MATCH: 85mm F1.4L IS USM score=1.35
2026-05-17 00:56:41 | INFO     | ss_crawler | [lens_scraper] Matched [aalgl]: Canon_85mm_F1.4L_IS_USM (100% confidence)
2026-05-17 00:56:41 | INFO     | ss_crawler | [crawler] Fetching : https://www.ss.com/msg/lv/electronics/photo-optics/objectives/aalgl.html
2026-05-17 00:56:44 | INFO     | ss_crawler | [lens_scraper] MODEL EXTRACTED: 'ef 85mm 1, 8f'
2026-05-17 00:56:44 | INFO     | ss_crawler | [lens_scraper] MOUNT DETECT: EF
2026-05-17 00:56:44 | INFO     | ss_crawler | [lens_scraper] Detected focal: 85mm (from_model=True)
2026-05-17 00:56:44 | INFO     | ss_crawler | [lens_scraper] Using TITLE ONLY for matching: 'canon modelis: ef 85mm 1, 8f...'
2026-05-17 00:56:44 | INFO     | ss_crawler | [lens_scraper] BEST MATCH: 85mm F1.4L IS USM score=1.35
2026-05-17 00:56:44 | INFO     | ss_crawler | [lens_scraper] Matched [aalgl]: Canon_85mm_F1.4L_IS_USM (100% confidence)
2026-05-17 00:56:44 | INFO     | ss_crawler | [crawler] Fetching : https://www.ss.com/msg/lv/electronics/photo-optics/objectives/loolb.html
2026-05-17 00:56:46 | INFO     | ss_crawler | [lens_scraper] MODEL EXTRACTED: 'ef 24-105/4'
2026-05-17 00:56:46 | INFO     | ss_crawler | [lens_scraper] MOUNT DETECT: EF
2026-05-17 00:56:46 | INFO     | ss_crawler | [lens_scraper] Detected focal: 24mm-105mm (from_model=True)
2026-05-17 00:56:46 | INFO     | ss_crawler | [lens_scraper] Using TITLE ONLY for matching: 'canon modelis: ef 24-105/4...'
2026-05-17 00:56:46 | INFO     | ss_crawler | [lens_scraper] BEST MATCH: 24-105mm F3.5-5.6 IS STM score=1.35
2026-05-17 00:56:46 | INFO     | ss_crawler | [lens_scraper] Matched [loolb]: Canon_24-105mm_F3.5-5.6_IS_STM (100% confidence)
2026-05-17 00:56:46 | INFO     | ss_crawler | [crawler] Fetching : https://www.ss.com/msg/lv/electronics/photo-optics/objectives/bgpjfj.html
2026-05-17 00:56:49 | INFO     | ss_crawler | [lens_scraper] MODEL EXTRACTED: '24-70mm f/2.8'
2026-05-17 00:56:49 | INFO     | ss_crawler | [lens_scraper] MOUNT DETECT: EF
2026-05-17 00:56:49 | INFO     | ss_crawler | [lens_scraper] Detected focal: 24mm-70mm (from_model=True)
2026-05-17 00:56:49 | INFO     | ss_crawler | [lens_scraper] Using TITLE ONLY for matching: 'sigma modelis: 24-70mm f/2.8...'
2026-05-17 00:56:49 | INFO     | ss_crawler | [lens_scraper] BEST MATCH: 24-70mm F2.8 DG OS HSM Art score=1.50
2026-05-17 00:56:49 | INFO     | ss_crawler | [lens_scraper] Matched [bgpjfj]: Sigma_24-70mm_F2.8_DG_OS_HSM_Art (100% confidence)
2026-05-17 00:56:49 | INFO     | ss_crawler | [crawler] Fetching : https://www.ss.com/msg/lv/electronics/photo-optics/objectives/fljof.html
2026-05-17 00:56:50 | INFO     | ss_crawler | [lens_scraper] MODEL EXTRACTED: '24-70 ll'
2026-05-17 00:56:50 | INFO     | ss_crawler | [lens_scraper] MOUNT DETECT: EF
2026-05-17 00:56:50 | INFO     | ss_crawler | [lens_scraper] Detected focal: 24mm-70mm (from_model=True)
2026-05-17 00:56:50 | INFO     | ss_crawler | [lens_scraper] Using TITLE ONLY for matching: 'canon modelis: 24-70 ll...'
2026-05-17 00:56:50 | INFO     | ss_crawler | [lens_scraper] BEST MATCH: 24-70mm F2.8L II USM score=1.45
2026-05-17 00:56:50 | INFO     | ss_crawler | [lens_scraper] Matched [fljof]: Canon_24-70mm_F2.8L_II_USM (100% confidence)
2026-05-17 00:56:50 | INFO     | ss_crawler | [crawler] Fetching : https://www.ss.com/msg/lv/electronics/photo-optics/objectives/begohe.html
2026-05-17 00:56:53 | INFO     | ss_crawler | [lens_scraper] MODEL EXTRACTED: '16-28 f2.8'
2026-05-17 00:56:53 | INFO     | ss_crawler | [lens_scraper] MOUNT DETECT: E
2026-05-17 00:56:53 | INFO     | ss_crawler | [lens_scraper] Detected focal: 16mm-28mm (from_model=True)
2026-05-17 00:56:53 | INFO     | ss_crawler | [lens_scraper] Using TITLE ONLY for matching: 'sigma modelis: 16-28 f2.8...'
2026-05-17 00:56:53 | INFO     | ss_crawler | [lens_scraper] BEST MATCH: Sigma 16-28mm F2.8 DG DN | Contemporary score=1.50
2026-05-17 00:56:53 | INFO     | ss_crawler | [lens_scraper] Matched [begohe]: Sigma_Sigma_16-28mm_F2.8_DG_DN_|_Contemporary (100% confidence)
2026-05-17 00:56:53 | INFO     | ss_crawler | [crawler] Fetching : https://www.ss.com/msg/lv/electronics/photo-optics/objectives/fmehe.html
2026-05-17 00:56:56 | INFO     | ss_crawler | [lens_scraper] Filtered [fmehe]: filtered_nikon
2026-05-17 00:56:56 | INFO     | ss_crawler | [crawler] Fetching : https://www.ss.com/msg/lv/electronics/photo-optics/objectives/gobcn.html
2026-05-17 00:56:59 | INFO     | ss_crawler | [lens_scraper] MODEL EXTRACTED: 'lumix 20mm'
2026-05-17 00:56:59 | INFO     | ss_crawler | [lens_scraper] MOUNT DETECT: None
2026-05-17 00:56:59 | INFO     | ss_crawler | [lens_scraper] Detected focal: 20mm (from_model=True)
2026-05-17 00:56:59 | INFO     | ss_crawler | [lens_scraper] Using TITLE ONLY for matching: 'panasonic modelis: lumix 20mm...'
2026-05-17 00:56:59 | INFO     | ss_crawler | [lens_scraper] BEST MATCH: 20mm F2.8 USM score=0.85
2026-05-17 00:56:59 | INFO     | ss_crawler | [lens_scraper] Matched [gobcn]: Canon_20mm_F2.8_USM (85% confidence)
2026-05-17 00:56:59 | INFO     | ss_crawler | [crawler] Fetching : https://www.ss.com/msg/lv/electronics/photo-optics/objectives/gcxci.html
2026-05-17 00:57:01 | INFO     | ss_crawler | [lens_scraper] MODEL EXTRACTED: '75mm 1.5'
2026-05-17 00:57:01 | INFO     | ss_crawler | [lens_scraper] MOUNT DETECT: E
2026-05-17 00:57:01 | INFO     | ss_crawler | [lens_scraper] Detected focal: 75mm (from_model=True)
2026-05-17 00:57:01 | INFO     | ss_crawler | [lens_scraper] Using TITLE ONLY for matching: 'ttartisan modelis: 75mm 1.5...'
2026-05-17 00:57:01 | INFO     | ss_crawler | [lens_scraper] BEST MATCH: Sony E 10-18mm F4 OSS score=0.70
2026-05-17 00:57:01 | INFO     | ss_crawler | [lens_scraper] Matched [gcxci]: Sony_Sony_E_10-18mm_F4_OSS (70% confidence)
2026-05-17 00:57:01 | INFO     | ss_crawler | [crawler] Fetching : https://www.ss.com/msg/lv/electronics/photo-optics/objectives/lphdk.html
2026-05-17 00:57:04 | INFO     | ss_crawler | [lens_scraper] MODEL EXTRACTED: '24 f/ 2, 8 stm'
2026-05-17 00:57:04 | INFO     | ss_crawler | [lens_scraper] MOUNT DETECT: EF-S
2026-05-17 00:57:04 | INFO     | ss_crawler | [lens_scraper] Detected focal: 24mm (from_model=True)
2026-05-17 00:57:04 | INFO     | ss_crawler | [lens_scraper] Using TITLE ONLY for matching: 'canon modelis: 24 f/ 2, 8 stm...'
2026-05-17 00:57:04 | INFO     | ss_crawler | [lens_scraper] BEST MATCH: 24mm F2.8 STM score=1.60
2026-05-17 00:57:04 | INFO     | ss_crawler | [lens_scraper] Matched [lphdk]: Canon_24mm_F2.8_STM (100% confidence)
2026-05-17 00:57:04 | INFO     | ss_crawler | [crawler] Fetching : https://www.ss.com/msg/lv/electronics/photo-optics/objectives/lpcjf.html
2026-05-17 00:57:07 | INFO     | ss_crawler | [lens_scraper] MODEL EXTRACTED: 'fe 24-70mm'
2026-05-17 00:57:07 | INFO     | ss_crawler | [lens_scraper] MOUNT DETECT: E
2026-05-17 00:57:07 | INFO     | ss_crawler | [lens_scraper] Detected focal: 24mm-70mm (from_model=True)
2026-05-17 00:57:07 | INFO     | ss_crawler | [lens_scraper] Using TITLE ONLY for matching: 'sony modelis: fe 24-70mm...'
2026-05-17 00:57:07 | INFO     | ss_crawler | [lens_scraper] BEST MATCH: Sony FE 24-70mm F2.8 GM II score=1.45
2026-05-17 00:57:07 | INFO     | ss_crawler | [lens_scraper] Matched [lpcjf]: Sony_Sony_FE_24-70mm_F2.8_GM_II (100% confidence)
2026-05-17 00:57:07 | INFO     | ss_crawler | [crawler] Fetching : https://www.ss.com/msg/lv/electronics/photo-optics/objectives/jpdce.html
2026-05-17 00:57:11 | INFO     | ss_crawler | [lens_scraper] MODEL EXTRACTED: 'fe 50mm f1.8'
2026-05-17 00:57:11 | INFO     | ss_crawler | [lens_scraper] MOUNT DETECT: E
2026-05-17 00:57:11 | INFO     | ss_crawler | [lens_scraper] Detected focal: 50mm (from_model=True)
2026-05-17 00:57:11 | INFO     | ss_crawler | [lens_scraper] Using TITLE ONLY for matching: 'sony modelis: fe 50mm f1.8...'
2026-05-17 00:57:11 | INFO     | ss_crawler | [lens_scraper] BEST MATCH: Sony E 50mm F1.8 OSS score=0.95
2026-05-17 00:57:11 | INFO     | ss_crawler | [lens_scraper] Matched [jpdce]: Sony_Sony_E_50mm_F1.8_OSS (95% confidence)
2026-05-17 00:57:11 | INFO     | ss_crawler | [crawler] Fetching : https://www.ss.com/msg/lv/electronics/photo-optics/objectives/eldbp.html
2026-05-17 00:57:14 | INFO     | ss_crawler | [lens_scraper] Filtered [eldbp]: filtered_jauns
2026-05-17 00:57:14 | INFO     | ss_crawler | [crawler] Fetching : https://www.ss.com/msg/lv/electronics/photo-optics/objectives/opxxp.html
2026-05-17 00:57:16 | INFO     | ss_crawler | [lens_scraper] Filtered [opxxp]: filtered_nikon
2026-05-17 00:57:16 | INFO     | ss_crawler | [crawler] Fetching : https://www.ss.com/msg/lv/electronics/photo-optics/objectives/aabgf.html
2026-05-17 00:57:19 | INFO     | ss_crawler | [lens_scraper] MODEL EXTRACTED: '24-105 mm, f4'
2026-05-17 00:57:19 | INFO     | ss_crawler | [lens_scraper] MOUNT DETECT: None
2026-05-17 00:57:19 | INFO     | ss_crawler | [lens_scraper] Detected focal: 24mm-105mm (from_model=True)
2026-05-17 00:57:19 | INFO     | ss_crawler | [lens_scraper] Using TITLE ONLY for matching: 'canon modelis: 24-105 mm, f4...'
2026-05-17 00:57:19 | INFO     | ss_crawler | [lens_scraper] BEST MATCH: 24-105mm F4L IS USM score=1.40
2026-05-17 00:57:19 | INFO     | ss_crawler | [lens_scraper] Matched [aabgf]: Canon_24-105mm_F4L_IS_USM (100% confidence)
2026-05-17 00:57:19 | INFO     | ss_crawler | [crawler] Fetching : https://www.ss.com/msg/lv/electronics/photo-optics/objectives/abdpe.html
2026-05-17 00:57:22 | INFO     | ss_crawler | [lens_scraper] MODEL EXTRACTED: '50 mm f1, 4, ef'
2026-05-17 00:57:22 | INFO     | ss_crawler | [lens_scraper] MOUNT DETECT: None
2026-05-17 00:57:22 | INFO     | ss_crawler | [lens_scraper] Detected focal: 50mm (from_model=True)
2026-05-17 00:57:22 | INFO     | ss_crawler | [lens_scraper] Using TITLE ONLY for matching: 'canon modelis: 50 mm f1, 4, ef...'
2026-05-17 00:57:22 | INFO     | ss_crawler | [lens_scraper] BEST MATCH: 50mm F1.4 USM score=1.40
2026-05-17 00:57:22 | INFO     | ss_crawler | [lens_scraper] Matched [abdpe]: Canon_50mm_F1.4_USM (100% confidence)
2026-05-17 00:57:22 | INFO     | ss_crawler | [crawler] Fetching : https://www.ss.com/msg/lv/electronics/photo-optics/objectives/gcmeb.html
2026-05-17 00:57:24 | INFO     | ss_crawler | [lens_scraper] MODEL EXTRACTED: '17-28'
2026-05-17 00:57:24 | INFO     | ss_crawler | [lens_scraper] MOUNT DETECT: E
2026-05-17 00:57:24 | INFO     | ss_crawler | [lens_scraper] Detected focal: 17mm-28mm (from_model=True)
2026-05-17 00:57:24 | INFO     | ss_crawler | [lens_scraper] Using TITLE ONLY for matching: 'tamron modelis: 17-28...'
2026-05-17 00:57:24 | INFO     | ss_crawler | [lens_scraper] BEST MATCH: Tamron 17-28mm F/2.8 Di III RXD score=0.80
2026-05-17 00:57:24 | INFO     | ss_crawler | [lens_scraper] Matched [gcmeb]: Tamron_Tamron_17-28mm_F_2.8_Di_III_RXD (80% confidence)
2026-05-17 00:57:24 | INFO     | ss_crawler | [crawler] Fetching : https://www.ss.com/msg/lv/electronics/photo-optics/objectives/flxmi.html
2026-05-17 00:57:27 | INFO     | ss_crawler | [lens_scraper] MODEL EXTRACTED: 'sel30m35'
2026-05-17 00:57:27 | INFO     | ss_crawler | [lens_scraper] MOUNT DETECT: E
2026-05-17 00:57:27 | INFO     | ss_crawler | [lens_scraper] BEST MATCH: Sony E 30mm F3.5 Macro score=1.05
2026-05-17 00:57:27 | INFO     | ss_crawler | [lens_scraper] Matched [flxmi]: Sony_Sony_E_30mm_F3.5_Macro (100% confidence)
2026-05-17 00:57:27 | INFO     | ss_crawler | [crawler] Fetching : https://www.ss.com/msg/lv/electronics/photo-optics/objectives/egicb.html
2026-05-17 00:57:28 | INFO     | ss_crawler | [lens_scraper] MODEL EXTRACTED: '28-135mm'
2026-05-17 00:57:28 | INFO     | ss_crawler | [lens_scraper] MOUNT DETECT: None
2026-05-17 00:57:28 | INFO     | ss_crawler | [lens_scraper] Detected focal: 28mm-135mm (from_model=True)
2026-05-17 00:57:28 | INFO     | ss_crawler | [lens_scraper] Using TITLE ONLY for matching: 'sigma modelis: 28-135mm...'
2026-05-17 00:57:28 | INFO     | ss_crawler | [lens_scraper] BEST MATCH: Sony FE PZ 28-135mm F4 G OSS score=0.85
2026-05-17 00:57:28 | INFO     | ss_crawler | [lens_scraper] Matched [egicb]: Sony_Sony_FE_PZ_28-135mm_F4_G_OSS (85% confidence)
2026-05-17 00:57:28 | INFO     | ss_crawler | [crawler] Fetching : https://www.ss.com/msg/lv/electronics/photo-optics/objectives/mbcgc.html
2026-05-17 00:57:31 | INFO     | ss_crawler | [lens_scraper] Filtered [mbcgc]: filtered_nikon
2026-05-17 00:57:31 | INFO     | ss_crawler | [crawler] Fetching : https://www.ss.com/msg/lv/electronics/photo-optics/objectives/bhnnxk.html
2026-05-17 00:57:34 | INFO     | ss_crawler | [lens_scraper] MODEL EXTRACTED: 'ef 24 1, 4lii'
2026-05-17 00:57:34 | INFO     | ss_crawler | [lens_scraper] MOUNT DETECT: EF
2026-05-17 00:57:34 | INFO     | ss_crawler | [lens_scraper] Detected focal: 24mm (from_model=True)
2026-05-17 00:57:34 | INFO     | ss_crawler | [lens_scraper] Using TITLE ONLY for matching: 'canon modelis: ef 24 1, 4lii...'
2026-05-17 00:57:34 | INFO     | ss_crawler | [lens_scraper] BEST MATCH: 24mm F1.4L II USM score=1.60
2026-05-17 00:57:34 | INFO     | ss_crawler | [lens_scraper] Matched [bhnnxk]: Canon_24mm_F1.4L_II_USM (100% confidence)
2026-05-17 00:57:34 | INFO     | ss_crawler | [crawler] Fetching : https://www.ss.com/msg/lv/electronics/photo-optics/objectives/bigokg.html
2026-05-17 00:57:36 | INFO     | ss_crawler | [lens_scraper] MODEL EXTRACTED: 'ef 24-105 f4l'
2026-05-17 00:57:36 | INFO     | ss_crawler | [lens_scraper] MOUNT DETECT: EF
2026-05-17 00:57:36 | INFO     | ss_crawler | [lens_scraper] Detected focal: 24mm-105mm (from_model=True)
2026-05-17 00:57:36 | INFO     | ss_crawler | [lens_scraper] Using TITLE ONLY for matching: 'canon modelis: ef 24-105 f4l...'
2026-05-17 00:57:36 | INFO     | ss_crawler | [lens_scraper] BEST MATCH: 24-105mm F4L IS USM score=1.50
2026-05-17 00:57:36 | INFO     | ss_crawler | [lens_scraper] Matched [bigokg]: Canon_24-105mm_F4L_IS_USM (100% confidence)
2026-05-17 00:57:36 | INFO     | ss_crawler | [crawler] Fetching : https://www.ss.com/msg/lv/electronics/photo-optics/objectives/fgimf.html
2026-05-17 00:57:39 | INFO     | ss_crawler | [lens_scraper] MODEL EXTRACTED: '35mm f/2.8'
2026-05-17 00:57:39 | INFO     | ss_crawler | [lens_scraper] MOUNT DETECT: EF-S
2026-05-17 00:57:39 | INFO     | ss_crawler | [lens_scraper] Detected focal: 35mm (from_model=True)
2026-05-17 00:57:39 | INFO     | ss_crawler | [lens_scraper] Using TITLE ONLY for matching: 'canon modelis: 35mm f/2.8...'
2026-05-17 00:57:39 | INFO     | ss_crawler | [lens_scraper] BEST MATCH: 35mm F2.8 Macro IS STM score=1.50
2026-05-17 00:57:39 | INFO     | ss_crawler | [lens_scraper] Matched [fgimf]: Canon_35mm_F2.8_Macro_IS_STM (100% confidence)
2026-05-17 00:57:39 | INFO     | ss_crawler | [crawler] Fetching : https://www.ss.com/msg/lv/electronics/photo-optics/objectives/hcdof.html
2026-05-17 00:57:42 | INFO     | ss_crawler | [lens_scraper] MODEL EXTRACTED: '10-20 mm'
2026-05-17 00:57:42 | INFO     | ss_crawler | [lens_scraper] MOUNT DETECT: None
2026-05-17 00:57:42 | INFO     | ss_crawler | [lens_scraper] Detected focal: 10mm-20mm (from_model=True)
2026-05-17 00:57:42 | INFO     | ss_crawler | [lens_scraper] Using TITLE ONLY for matching: 'sigma modelis: 10-20 mm...'
2026-05-17 00:57:42 | INFO     | ss_crawler | [lens_scraper] BEST MATCH: 10-20mm F3.5 EX DC HSM score=1.25
2026-05-17 00:57:42 | INFO     | ss_crawler | [lens_scraper] Matched [hcdof]: Sigma_10-20mm_F3.5_EX_DC_HSM (100% confidence)
2026-05-17 00:57:42 | INFO     | ss_crawler | [crawler] Fetching : https://www.ss.com/msg/lv/electronics/photo-optics/objectives/mbddb.html
2026-05-17 00:57:44 | INFO     | ss_crawler | [lens_scraper] Filtered [mbddb]: filtered_nikon
2026-05-17 00:57:44 | INFO     | ss_crawler | [crawler] Fetching : https://www.ss.com/msg/lv/electronics/photo-optics/objectives/acfjg.html
2026-05-17 00:57:46 | INFO     | ss_crawler | [lens_scraper] MODEL EXTRACTED: 'canon продаю объектив eos canon 24-70 4t l серии, малопользованый'
2026-05-17 00:57:46 | INFO     | ss_crawler | [lens_scraper] MOUNT DETECT: None
2026-05-17 00:57:46 | INFO     | ss_crawler | [lens_scraper] Detected focal: 24mm-70mm (from_model=True)
2026-05-17 00:57:46 | INFO     | ss_crawler | [lens_scraper] Using TITLE ONLY for matching: 'eos modelis: canon продаю объектив eos canon 24-70 4t l сери...'
2026-05-17 00:57:46 | INFO     | ss_crawler | [lens_scraper] BEST MATCH: 24-70mm F4L IS USM score=1.35
2026-05-17 00:57:46 | INFO     | ss_crawler | [lens_scraper] Matched [acfjg]: Canon_24-70mm_F4L_IS_USM (100% confidence)
2026-05-17 00:57:46 | INFO     | ss_crawler | [crawler] Fetching : https://www.ss.com/msg/lv/electronics/photo-optics/objectives/fopom.html
2026-05-17 00:57:49 | INFO     | ss_crawler | [lens_scraper] Filtered [fopom]: filtered_jauns
2026-05-17 00:57:49 | INFO     | ss_crawler | [crawler] Fetching : https://www.ss.com/msg/lv/electronics/photo-optics/objectives/bgookb.html
2026-05-17 00:57:51 | INFO     | ss_crawler | [lens_scraper] Filtered [bgookb]: filtered_jauns
2026-05-17 00:57:51 | INFO     | ss_crawler | [crawler] Fetching : https://www.ss.com/msg/lv/electronics/photo-optics/objectives/pdnbl.html
2026-05-17 00:57:54 | INFO     | ss_crawler | [lens_scraper] Filtered [pdnbl]: filtered_jauns
2026-05-17 00:57:54 | INFO     | ss_crawler | [crawler] Fetching : https://www.ss.com/msg/lv/electronics/photo-optics/objectives/mcbcb.html
2026-05-17 00:57:57 | INFO     | ss_crawler | [lens_scraper] Filtered [mcbcb]: filtered_nikon
2026-05-17 00:57:57 | INFO     | ss_crawler | [crawler] Fetching : https://www.ss.com/msg/lv/electronics/photo-optics/objectives/fncgj.html
2026-05-17 00:57:59 | INFO     | ss_crawler | [lens_scraper] Filtered [fncgj]: filtered_nikon
2026-05-17 00:57:59 | INFO     | ss_crawler | [lens_scraper] No more pages to scrape
2026-05-17 00:57:59 | INFO     | ss_crawler | [lens_scraper] Category scrape complete. Total listings: 22
2026-05-17 00:59:35 | INFO     | ss_crawler | [database] Database connected: localhost:5433/ss_market
2026-05-17 00:59:35 | ERROR    | ss_crawler | [database] Database transaction failed: (psycopg2.errors.UndefinedColumn) column "scraped_at" does not exist
LINE 1: ...isting_id, title, category FROM listings ORDER BY scraped_at...
                                                             ^
HINT:  Perhaps you meant to reference the column "listings.created_at".

[SQL: SELECT listing_id, title, category FROM listings ORDER BY scraped_at DESC LIMIT 5]
(Background on this error at: https://sqlalche.me/e/20/f405)
2026-05-17 00:59:49 | INFO     | ss_crawler | [database] Database connected: localhost:5433/ss_market
2026-05-17 01:01:08 | INFO     | ss_crawler | [lens_scraper] Initializing Lens scraper...
2026-05-17 01:01:08 | INFO     | ss_crawler | [database] Database connected: localhost:5433/ss_market
2026-05-17 01:01:08 | INFO     | ss_crawler | [lens_scraper] Database: postgresql+psycopg2://crawler:crawler_pass@localhost:5433/ss_market
2026-05-17 01:01:08 | INFO     | ss_crawler | [lens_scraper] Loaded 481 lens references
2026-05-17 01:01:08 | INFO     | ss_crawler | [lens_scraper] Starting lens category scrape: https://www.ss.com/lv/electronics/photo-optics/objectives/
2026-05-17 01:01:08 | INFO     | ss_crawler | [lens_scraper] Fetching page 1: https://www.ss.com/lv/electronics/photo-optics/objectives/
2026-05-17 01:01:08 | INFO     | ss_crawler | [crawler] Fetching : https://www.ss.com/lv/electronics/photo-optics/objectives/
2026-05-17 01:01:11 | INFO     | ss_crawler | [lens_scraper] Found 32 listings on page 1
2026-05-17 01:01:11 | INFO     | ss_crawler | [crawler] Fetching : https://www.ss.com/msg/lv/electronics/photo-optics/objectives/aalgl.html
2026-05-17 01:01:13 | INFO     | ss_crawler | [lens_scraper] MODEL EXTRACTED: 'ef 85mm 1, 8f'
2026-05-17 01:01:13 | INFO     | ss_crawler | [lens_scraper] MOUNT DETECT: EF
2026-05-17 01:01:13 | INFO     | ss_crawler | [lens_scraper] Detected focal: 85mm (from_model=True)
2026-05-17 01:01:13 | INFO     | ss_crawler | [lens_scraper] Using TITLE ONLY for matching: 'canon modelis: ef 85mm 1, 8f...'
2026-05-17 01:01:13 | INFO     | ss_crawler | [lens_scraper] BEST MATCH: 85mm F1.4L IS USM score=1.35
2026-05-17 01:01:13 | INFO     | ss_crawler | [lens_scraper] Matched [aalgl]: Canon_85mm_F1.4L_IS_USM (100% confidence)
2026-05-17 01:01:13 | INFO     | ss_crawler | [crawler] Fetching : https://www.ss.com/msg/lv/electronics/photo-optics/objectives/aalgl.html
2026-05-17 01:01:16 | INFO     | ss_crawler | [lens_scraper] MODEL EXTRACTED: 'ef 85mm 1, 8f'
2026-05-17 01:01:16 | INFO     | ss_crawler | [lens_scraper] MOUNT DETECT: EF
2026-05-17 01:01:16 | INFO     | ss_crawler | [lens_scraper] Detected focal: 85mm (from_model=True)
2026-05-17 01:01:16 | INFO     | ss_crawler | [lens_scraper] Using TITLE ONLY for matching: 'canon modelis: ef 85mm 1, 8f...'
2026-05-17 01:01:16 | INFO     | ss_crawler | [lens_scraper] BEST MATCH: 85mm F1.4L IS USM score=1.35
2026-05-17 01:01:16 | INFO     | ss_crawler | [lens_scraper] Matched [aalgl]: Canon_85mm_F1.4L_IS_USM (100% confidence)
2026-05-17 01:01:16 | INFO     | ss_crawler | [crawler] Fetching : https://www.ss.com/msg/lv/electronics/photo-optics/objectives/aalgl.html
2026-05-17 01:01:20 | INFO     | ss_crawler | [lens_scraper] MODEL EXTRACTED: 'ef 85mm 1, 8f'
2026-05-17 01:01:20 | INFO     | ss_crawler | [lens_scraper] MOUNT DETECT: EF
2026-05-17 01:01:20 | INFO     | ss_crawler | [lens_scraper] Detected focal: 85mm (from_model=True)
2026-05-17 01:01:20 | INFO     | ss_crawler | [lens_scraper] Using TITLE ONLY for matching: 'canon modelis: ef 85mm 1, 8f...'
2026-05-17 01:01:20 | INFO     | ss_crawler | [lens_scraper] BEST MATCH: 85mm F1.4L IS USM score=1.35
2026-05-17 01:01:20 | INFO     | ss_crawler | [lens_scraper] Matched [aalgl]: Canon_85mm_F1.4L_IS_USM (100% confidence)
2026-05-17 01:01:20 | INFO     | ss_crawler | [crawler] Fetching : https://www.ss.com/msg/lv/electronics/photo-optics/objectives/loolb.html
2026-05-17 01:01:23 | INFO     | ss_crawler | [lens_scraper] MODEL EXTRACTED: 'ef 24-105/4'
2026-05-17 01:01:23 | INFO     | ss_crawler | [lens_scraper] MOUNT DETECT: EF
2026-05-17 01:01:23 | INFO     | ss_crawler | [lens_scraper] Detected focal: 24mm-105mm (from_model=True)
2026-05-17 01:01:23 | INFO     | ss_crawler | [lens_scraper] Using TITLE ONLY for matching: 'canon modelis: ef 24-105/4...'
2026-05-17 01:01:23 | INFO     | ss_crawler | [lens_scraper] BEST MATCH: 24-105mm F3.5-5.6 IS STM score=1.35
2026-05-17 01:01:23 | INFO     | ss_crawler | [lens_scraper] Matched [loolb]: Canon_24-105mm_F3.5-5.6_IS_STM (100% confidence)
2026-05-17 01:01:23 | INFO     | ss_crawler | [crawler] Fetching : https://www.ss.com/msg/lv/electronics/photo-optics/objectives/bgpjfj.html
2026-05-17 01:01:24 | INFO     | ss_crawler | [lens_scraper] MODEL EXTRACTED: '24-70mm f/2.8'
2026-05-17 01:01:24 | INFO     | ss_crawler | [lens_scraper] MOUNT DETECT: EF
2026-05-17 01:01:24 | INFO     | ss_crawler | [lens_scraper] Detected focal: 24mm-70mm (from_model=True)
2026-05-17 01:01:24 | INFO     | ss_crawler | [lens_scraper] Using TITLE ONLY for matching: 'sigma modelis: 24-70mm f/2.8...'
2026-05-17 01:01:24 | INFO     | ss_crawler | [lens_scraper] BEST MATCH: 24-70mm F2.8 DG OS HSM Art score=1.50
2026-05-17 01:01:24 | INFO     | ss_crawler | [lens_scraper] Matched [bgpjfj]: Sigma_24-70mm_F2.8_DG_OS_HSM_Art (100% confidence)
2026-05-17 01:01:24 | INFO     | ss_crawler | [crawler] Fetching : https://www.ss.com/msg/lv/electronics/photo-optics/objectives/fljof.html
2026-05-17 01:01:28 | INFO     | ss_crawler | [lens_scraper] MODEL EXTRACTED: '24-70 ll'
2026-05-17 01:01:28 | INFO     | ss_crawler | [lens_scraper] MOUNT DETECT: EF
2026-05-17 01:01:28 | INFO     | ss_crawler | [lens_scraper] Detected focal: 24mm-70mm (from_model=True)
2026-05-17 01:01:28 | INFO     | ss_crawler | [lens_scraper] Using TITLE ONLY for matching: 'canon modelis: 24-70 ll...'
2026-05-17 01:01:28 | INFO     | ss_crawler | [lens_scraper] BEST MATCH: 24-70mm F2.8L II USM score=1.45
2026-05-17 01:01:28 | INFO     | ss_crawler | [lens_scraper] Matched [fljof]: Canon_24-70mm_F2.8L_II_USM (100% confidence)
2026-05-17 01:01:28 | INFO     | ss_crawler | [crawler] Fetching : https://www.ss.com/msg/lv/electronics/photo-optics/objectives/begohe.html
2026-05-17 01:01:31 | INFO     | ss_crawler | [lens_scraper] MODEL EXTRACTED: '16-28 f2.8'
2026-05-17 01:01:31 | INFO     | ss_crawler | [lens_scraper] MOUNT DETECT: E
2026-05-17 01:01:31 | INFO     | ss_crawler | [lens_scraper] Detected focal: 16mm-28mm (from_model=True)
2026-05-17 01:01:31 | INFO     | ss_crawler | [lens_scraper] Using TITLE ONLY for matching: 'sigma modelis: 16-28 f2.8...'
2026-05-17 01:01:31 | INFO     | ss_crawler | [lens_scraper] BEST MATCH: Sigma 16-28mm F2.8 DG DN | Contemporary score=1.50
2026-05-17 01:01:31 | INFO     | ss_crawler | [lens_scraper] Matched [begohe]: Sigma_Sigma_16-28mm_F2.8_DG_DN_|_Contemporary (100% confidence)
2026-05-17 01:01:31 | INFO     | ss_crawler | [crawler] Fetching : https://www.ss.com/msg/lv/electronics/photo-optics/objectives/fmehe.html
2026-05-17 01:01:34 | INFO     | ss_crawler | [lens_scraper] Filtered [fmehe]: filtered_nikon
2026-05-17 01:01:34 | INFO     | ss_crawler | [crawler] Fetching : https://www.ss.com/msg/lv/electronics/photo-optics/objectives/gobcn.html
2026-05-17 01:01:36 | INFO     | ss_crawler | [lens_scraper] MODEL EXTRACTED: 'lumix 20mm'
2026-05-17 01:01:36 | INFO     | ss_crawler | [lens_scraper] MOUNT DETECT: None
2026-05-17 01:01:36 | INFO     | ss_crawler | [lens_scraper] Detected focal: 20mm (from_model=True)
2026-05-17 01:01:36 | INFO     | ss_crawler | [lens_scraper] Using TITLE ONLY for matching: 'panasonic modelis: lumix 20mm...'
2026-05-17 01:01:36 | INFO     | ss_crawler | [lens_scraper] BEST MATCH: 20mm F2.8 USM score=0.85
2026-05-17 01:01:36 | INFO     | ss_crawler | [lens_scraper] Matched [gobcn]: Canon_20mm_F2.8_USM (85% confidence)
2026-05-17 01:01:36 | INFO     | ss_crawler | [crawler] Fetching : https://www.ss.com/msg/lv/electronics/photo-optics/objectives/gcxci.html
2026-05-17 01:01:39 | INFO     | ss_crawler | [lens_scraper] MODEL EXTRACTED: '75mm 1.5'
2026-05-17 01:01:39 | INFO     | ss_crawler | [lens_scraper] MOUNT DETECT: E
2026-05-17 01:01:39 | INFO     | ss_crawler | [lens_scraper] Detected focal: 75mm (from_model=True)
2026-05-17 01:01:39 | INFO     | ss_crawler | [lens_scraper] Using TITLE ONLY for matching: 'ttartisan modelis: 75mm 1.5...'
2026-05-17 01:01:39 | INFO     | ss_crawler | [lens_scraper] BEST MATCH: Sony E 10-18mm F4 OSS score=0.70
2026-05-17 01:01:39 | INFO     | ss_crawler | [lens_scraper] Matched [gcxci]: Sony_Sony_E_10-18mm_F4_OSS (70% confidence)
2026-05-17 01:01:39 | INFO     | ss_crawler | [crawler] Fetching : https://www.ss.com/msg/lv/electronics/photo-optics/objectives/lphdk.html
2026-05-17 01:01:40 | INFO     | ss_crawler | [lens_scraper] MODEL EXTRACTED: '24 f/ 2, 8 stm'
2026-05-17 01:01:40 | INFO     | ss_crawler | [lens_scraper] MOUNT DETECT: EF-S
2026-05-17 01:01:40 | INFO     | ss_crawler | [lens_scraper] Detected focal: 24mm (from_model=True)
2026-05-17 01:01:40 | INFO     | ss_crawler | [lens_scraper] Using TITLE ONLY for matching: 'canon modelis: 24 f/ 2, 8 stm...'
2026-05-17 01:01:40 | INFO     | ss_crawler | [lens_scraper] BEST MATCH: 24mm F2.8 STM score=1.60
2026-05-17 01:01:40 | INFO     | ss_crawler | [lens_scraper] Matched [lphdk]: Canon_24mm_F2.8_STM (100% confidence)
2026-05-17 01:01:40 | INFO     | ss_crawler | [crawler] Fetching : https://www.ss.com/msg/lv/electronics/photo-optics/objectives/lpcjf.html
2026-05-17 01:01:42 | INFO     | ss_crawler | [lens_scraper] MODEL EXTRACTED: 'fe 24-70mm'
2026-05-17 01:01:42 | INFO     | ss_crawler | [lens_scraper] MOUNT DETECT: E
2026-05-17 01:01:42 | INFO     | ss_crawler | [lens_scraper] Detected focal: 24mm-70mm (from_model=True)
2026-05-17 01:01:42 | INFO     | ss_crawler | [lens_scraper] Using TITLE ONLY for matching: 'sony modelis: fe 24-70mm...'
2026-05-17 01:01:42 | INFO     | ss_crawler | [lens_scraper] BEST MATCH: Sony FE 24-70mm F2.8 GM II score=1.45
2026-05-17 01:01:42 | INFO     | ss_crawler | [lens_scraper] Matched [lpcjf]: Sony_Sony_FE_24-70mm_F2.8_GM_II (100% confidence)
2026-05-17 01:01:42 | INFO     | ss_crawler | [crawler] Fetching : https://www.ss.com/msg/lv/electronics/photo-optics/objectives/jpdce.html
2026-05-17 01:01:45 | INFO     | ss_crawler | [lens_scraper] MODEL EXTRACTED: 'fe 50mm f1.8'
2026-05-17 01:01:45 | INFO     | ss_crawler | [lens_scraper] MOUNT DETECT: E
2026-05-17 01:01:45 | INFO     | ss_crawler | [lens_scraper] Detected focal: 50mm (from_model=True)
2026-05-17 01:01:45 | INFO     | ss_crawler | [lens_scraper] Using TITLE ONLY for matching: 'sony modelis: fe 50mm f1.8...'
2026-05-17 01:01:45 | INFO     | ss_crawler | [lens_scraper] BEST MATCH: Sony E 50mm F1.8 OSS score=0.95
2026-05-17 01:01:45 | INFO     | ss_crawler | [lens_scraper] Matched [jpdce]: Sony_Sony_E_50mm_F1.8_OSS (95% confidence)
2026-05-17 01:01:45 | INFO     | ss_crawler | [crawler] Fetching : https://www.ss.com/msg/lv/electronics/photo-optics/objectives/eldbp.html
2026-05-17 01:01:48 | INFO     | ss_crawler | [lens_scraper] Filtered [eldbp]: filtered_jauns
2026-05-17 01:01:48 | INFO     | ss_crawler | [crawler] Fetching : https://www.ss.com/msg/lv/electronics/photo-optics/objectives/opxxp.html
2026-05-17 01:01:51 | INFO     | ss_crawler | [lens_scraper] Filtered [opxxp]: filtered_nikon
2026-05-17 01:01:51 | INFO     | ss_crawler | [crawler] Fetching : https://www.ss.com/msg/lv/electronics/photo-optics/objectives/aabgf.html
2026-05-17 01:01:53 | INFO     | ss_crawler | [lens_scraper] MODEL EXTRACTED: '24-105 mm, f4'
2026-05-17 01:01:53 | INFO     | ss_crawler | [lens_scraper] MOUNT DETECT: None
2026-05-17 01:01:53 | INFO     | ss_crawler | [lens_scraper] Detected focal: 24mm-105mm (from_model=True)
2026-05-17 01:01:53 | INFO     | ss_crawler | [lens_scraper] Using TITLE ONLY for matching: 'canon modelis: 24-105 mm, f4...'
2026-05-17 01:01:53 | INFO     | ss_crawler | [lens_scraper] BEST MATCH: 24-105mm F4L IS USM score=1.40
2026-05-17 01:01:53 | INFO     | ss_crawler | [lens_scraper] Matched [aabgf]: Canon_24-105mm_F4L_IS_USM (100% confidence)
2026-05-17 01:01:53 | INFO     | ss_crawler | [crawler] Fetching : https://www.ss.com/msg/lv/electronics/photo-optics/objectives/abdpe.html
2026-05-17 01:01:56 | INFO     | ss_crawler | [lens_scraper] MODEL EXTRACTED: '50 mm f1, 4, ef'
2026-05-17 01:01:56 | INFO     | ss_crawler | [lens_scraper] MOUNT DETECT: None
2026-05-17 01:01:56 | INFO     | ss_crawler | [lens_scraper] Detected focal: 50mm (from_model=True)
2026-05-17 01:01:56 | INFO     | ss_crawler | [lens_scraper] Using TITLE ONLY for matching: 'canon modelis: 50 mm f1, 4, ef...'
2026-05-17 01:01:56 | INFO     | ss_crawler | [lens_scraper] BEST MATCH: 50mm F1.4 USM score=1.40
2026-05-17 01:01:56 | INFO     | ss_crawler | [lens_scraper] Matched [abdpe]: Canon_50mm_F1.4_USM (100% confidence)
2026-05-17 01:01:56 | INFO     | ss_crawler | [crawler] Fetching : https://www.ss.com/msg/lv/electronics/photo-optics/objectives/gcmeb.html
2026-05-17 01:02:00 | INFO     | ss_crawler | [lens_scraper] MODEL EXTRACTED: '17-28'
2026-05-17 01:02:00 | INFO     | ss_crawler | [lens_scraper] MOUNT DETECT: E
2026-05-17 01:02:00 | INFO     | ss_crawler | [lens_scraper] Detected focal: 17mm-28mm (from_model=True)
2026-05-17 01:02:00 | INFO     | ss_crawler | [lens_scraper] Using TITLE ONLY for matching: 'tamron modelis: 17-28...'
2026-05-17 01:02:00 | INFO     | ss_crawler | [lens_scraper] BEST MATCH: Tamron 17-28mm F/2.8 Di III RXD score=0.80
2026-05-17 01:02:00 | INFO     | ss_crawler | [lens_scraper] Matched [gcmeb]: Tamron_Tamron_17-28mm_F_2.8_Di_III_RXD (80% confidence)
2026-05-17 01:02:00 | INFO     | ss_crawler | [crawler] Fetching : https://www.ss.com/msg/lv/electronics/photo-optics/objectives/flxmi.html
2026-05-17 01:02:02 | INFO     | ss_crawler | [lens_scraper] MODEL EXTRACTED: 'sel30m35'
2026-05-17 01:02:02 | INFO     | ss_crawler | [lens_scraper] MOUNT DETECT: E
2026-05-17 01:02:02 | INFO     | ss_crawler | [lens_scraper] BEST MATCH: Sony E 30mm F3.5 Macro score=1.05
2026-05-17 01:02:02 | INFO     | ss_crawler | [lens_scraper] Matched [flxmi]: Sony_Sony_E_30mm_F3.5_Macro (100% confidence)
2026-05-17 01:02:02 | INFO     | ss_crawler | [crawler] Fetching : https://www.ss.com/msg/lv/electronics/photo-optics/objectives/egicb.html
2026-05-17 01:02:04 | INFO     | ss_crawler | [lens_scraper] MODEL EXTRACTED: '28-135mm'
2026-05-17 01:02:04 | INFO     | ss_crawler | [lens_scraper] MOUNT DETECT: None
2026-05-17 01:02:04 | INFO     | ss_crawler | [lens_scraper] Detected focal: 28mm-135mm (from_model=True)
2026-05-17 01:02:04 | INFO     | ss_crawler | [lens_scraper] Using TITLE ONLY for matching: 'sigma modelis: 28-135mm...'
2026-05-17 01:02:04 | INFO     | ss_crawler | [lens_scraper] BEST MATCH: Sony FE PZ 28-135mm F4 G OSS score=0.85
2026-05-17 01:02:04 | INFO     | ss_crawler | [lens_scraper] Matched [egicb]: Sony_Sony_FE_PZ_28-135mm_F4_G_OSS (85% confidence)
2026-05-17 01:02:04 | INFO     | ss_crawler | [crawler] Fetching : https://www.ss.com/msg/lv/electronics/photo-optics/objectives/mbcgc.html
2026-05-17 01:02:07 | INFO     | ss_crawler | [lens_scraper] Filtered [mbcgc]: filtered_nikon
2026-05-17 01:02:07 | INFO     | ss_crawler | [crawler] Fetching : https://www.ss.com/msg/lv/electronics/photo-optics/objectives/bhnnxk.html
2026-05-17 01:02:10 | INFO     | ss_crawler | [lens_scraper] MODEL EXTRACTED: 'ef 24 1, 4lii'
2026-05-17 01:02:10 | INFO     | ss_crawler | [lens_scraper] MOUNT DETECT: EF
2026-05-17 01:02:10 | INFO     | ss_crawler | [lens_scraper] Detected focal: 24mm (from_model=True)
2026-05-17 01:02:10 | INFO     | ss_crawler | [lens_scraper] Using TITLE ONLY for matching: 'canon modelis: ef 24 1, 4lii...'
2026-05-17 01:02:10 | INFO     | ss_crawler | [lens_scraper] BEST MATCH: 24mm F1.4L II USM score=1.60
2026-05-17 01:02:10 | INFO     | ss_crawler | [lens_scraper] Matched [bhnnxk]: Canon_24mm_F1.4L_II_USM (100% confidence)
2026-05-17 01:02:10 | INFO     | ss_crawler | [crawler] Fetching : https://www.ss.com/msg/lv/electronics/photo-optics/objectives/bigokg.html
2026-05-17 01:02:13 | INFO     | ss_crawler | [lens_scraper] MODEL EXTRACTED: 'ef 24-105 f4l'
2026-05-17 01:02:13 | INFO     | ss_crawler | [lens_scraper] MOUNT DETECT: EF
2026-05-17 01:02:13 | INFO     | ss_crawler | [lens_scraper] Detected focal: 24mm-105mm (from_model=True)
2026-05-17 01:02:13 | INFO     | ss_crawler | [lens_scraper] Using TITLE ONLY for matching: 'canon modelis: ef 24-105 f4l...'
2026-05-17 01:02:13 | INFO     | ss_crawler | [lens_scraper] BEST MATCH: 24-105mm F4L IS USM score=1.50
2026-05-17 01:02:13 | INFO     | ss_crawler | [lens_scraper] Matched [bigokg]: Canon_24-105mm_F4L_IS_USM (100% confidence)
2026-05-17 01:02:13 | INFO     | ss_crawler | [crawler] Fetching : https://www.ss.com/msg/lv/electronics/photo-optics/objectives/fgimf.html
2026-05-17 01:02:15 | INFO     | ss_crawler | [lens_scraper] MODEL EXTRACTED: '35mm f/2.8'
2026-05-17 01:02:15 | INFO     | ss_crawler | [lens_scraper] MOUNT DETECT: EF-S
2026-05-17 01:02:15 | INFO     | ss_crawler | [lens_scraper] Detected focal: 35mm (from_model=True)
2026-05-17 01:02:15 | INFO     | ss_crawler | [lens_scraper] Using TITLE ONLY for matching: 'canon modelis: 35mm f/2.8...'
2026-05-17 01:02:15 | INFO     | ss_crawler | [lens_scraper] BEST MATCH: 35mm F2.8 Macro IS STM score=1.50
2026-05-17 01:02:15 | INFO     | ss_crawler | [lens_scraper] Matched [fgimf]: Canon_35mm_F2.8_Macro_IS_STM (100% confidence)
2026-05-17 01:02:15 | INFO     | ss_crawler | [crawler] Fetching : https://www.ss.com/msg/lv/electronics/photo-optics/objectives/hcdof.html
2026-05-17 01:02:17 | INFO     | ss_crawler | [lens_scraper] MODEL EXTRACTED: '10-20 mm'
2026-05-17 01:02:17 | INFO     | ss_crawler | [lens_scraper] MOUNT DETECT: None
2026-05-17 01:02:17 | INFO     | ss_crawler | [lens_scraper] Detected focal: 10mm-20mm (from_model=True)
2026-05-17 01:02:17 | INFO     | ss_crawler | [lens_scraper] Using TITLE ONLY for matching: 'sigma modelis: 10-20 mm...'
2026-05-17 01:02:17 | INFO     | ss_crawler | [lens_scraper] BEST MATCH: 10-20mm F3.5 EX DC HSM score=1.25
2026-05-17 01:02:17 | INFO     | ss_crawler | [lens_scraper] Matched [hcdof]: Sigma_10-20mm_F3.5_EX_DC_HSM (100% confidence)
2026-05-17 01:02:17 | INFO     | ss_crawler | [crawler] Fetching : https://www.ss.com/msg/lv/electronics/photo-optics/objectives/mbddb.html
2026-05-17 01:02:19 | INFO     | ss_crawler | [lens_scraper] Filtered [mbddb]: filtered_nikon
2026-05-17 01:02:19 | INFO     | ss_crawler | [crawler] Fetching : https://www.ss.com/msg/lv/electronics/photo-optics/objectives/acfjg.html
2026-05-17 01:02:22 | INFO     | ss_crawler | [lens_scraper] MODEL EXTRACTED: 'canon продаю объектив eos canon 24-70 4t l серии, малопользованый'
2026-05-17 01:02:22 | INFO     | ss_crawler | [lens_scraper] MOUNT DETECT: None
2026-05-17 01:02:22 | INFO     | ss_crawler | [lens_scraper] Detected focal: 24mm-70mm (from_model=True)
2026-05-17 01:02:22 | INFO     | ss_crawler | [lens_scraper] Using TITLE ONLY for matching: 'eos modelis: canon продаю объектив eos canon 24-70 4t l сери...'
2026-05-17 01:02:22 | INFO     | ss_crawler | [lens_scraper] BEST MATCH: 24-70mm F4L IS USM score=1.35
2026-05-17 01:02:22 | INFO     | ss_crawler | [lens_scraper] Matched [acfjg]: Canon_24-70mm_F4L_IS_USM (100% confidence)
2026-05-17 01:02:22 | INFO     | ss_crawler | [crawler] Fetching : https://www.ss.com/msg/lv/electronics/photo-optics/objectives/fopom.html
2026-05-17 01:02:24 | INFO     | ss_crawler | [lens_scraper] Filtered [fopom]: filtered_jauns
2026-05-17 01:02:24 | INFO     | ss_crawler | [crawler] Fetching : https://www.ss.com/msg/lv/electronics/photo-optics/objectives/bgookb.html
2026-05-17 01:02:27 | INFO     | ss_crawler | [lens_scraper] Filtered [bgookb]: filtered_jauns
2026-05-17 01:02:27 | INFO     | ss_crawler | [crawler] Fetching : https://www.ss.com/msg/lv/electronics/photo-optics/objectives/pdnbl.html
2026-05-17 01:02:30 | INFO     | ss_crawler | [lens_scraper] Filtered [pdnbl]: filtered_jauns
2026-05-17 01:02:30 | INFO     | ss_crawler | [crawler] Fetching : https://www.ss.com/msg/lv/electronics/photo-optics/objectives/mcbcb.html
2026-05-17 01:02:32 | INFO     | ss_crawler | [lens_scraper] Filtered [mcbcb]: filtered_nikon
2026-05-17 01:02:32 | INFO     | ss_crawler | [crawler] Fetching : https://www.ss.com/msg/lv/electronics/photo-optics/objectives/fncgj.html
2026-05-17 01:02:34 | INFO     | ss_crawler | [lens_scraper] Filtered [fncgj]: filtered_nikon
2026-05-17 01:02:34 | INFO     | ss_crawler | [lens_scraper] No more pages to scrape
2026-05-17 01:02:34 | INFO     | ss_crawler | [lens_scraper] Category scrape complete. Total listings: 22
2026-05-17 01:02:34 | INFO     | ss_crawler | [repository] ✨ aalgl: New
2026-05-17 01:02:34 | INFO     | ss_crawler | [repository] ⏸️ aalgl: Unchanged
2026-05-17 01:02:34 | INFO     | ss_crawler | [repository] ⏸️ aalgl: Unchanged
2026-05-17 01:02:34 | INFO     | ss_crawler | [repository] ✨ loolb: New
2026-05-17 01:02:34 | INFO     | ss_crawler | [repository] ✨ bgpjfj: New
2026-05-17 01:02:34 | INFO     | ss_crawler | [repository] ✨ fljof: New
2026-05-17 01:02:34 | INFO     | ss_crawler | [repository] ✨ begohe: New
2026-05-17 01:02:34 | INFO     | ss_crawler | [repository] ✨ gobcn: New
2026-05-17 01:02:34 | INFO     | ss_crawler | [repository] ✨ gcxci: New
2026-05-17 01:02:34 | INFO     | ss_crawler | [repository] ✨ lphdk: New
2026-05-17 01:02:34 | INFO     | ss_crawler | [repository] ✨ lpcjf: New
2026-05-17 01:02:34 | INFO     | ss_crawler | [repository] ✨ jpdce: New
2026-05-17 01:02:34 | INFO     | ss_crawler | [repository] ✨ aabgf: New
2026-05-17 01:02:34 | INFO     | ss_crawler | [repository] ✨ abdpe: New
2026-05-17 01:02:34 | INFO     | ss_crawler | [repository] ✨ gcmeb: New
2026-05-17 01:02:34 | INFO     | ss_crawler | [repository] ✨ flxmi: New
2026-05-17 01:02:34 | INFO     | ss_crawler | [repository] ✨ egicb: New
2026-05-17 01:02:34 | INFO     | ss_crawler | [repository] ✨ bhnnxk: New
2026-05-17 01:02:34 | INFO     | ss_crawler | [repository] ✨ bigokg: New
2026-05-17 01:02:34 | INFO     | ss_crawler | [repository] ✨ fgimf: New
2026-05-17 01:02:34 | INFO     | ss_crawler | [repository] ✨ hcdof: New
2026-05-17 01:02:34 | INFO     | ss_crawler | [repository] ✨ acfjg: New
2026-05-17 01:02:41 | INFO     | ss_crawler | [database] Database connected: localhost:5433/ss_market
2026-05-17 01:03:03 | INFO     | ss_crawler | [database] Database connected: localhost:5433/ss_market
2026-05-17 01:03:03 | ERROR    | ss_crawler | [database] Database transaction failed: 'charmap' codec can't encode characters in position 71-76: character maps to <undefined>
2026-05-17 01:03:15 | INFO     | ss_crawler | [database] Database connected: localhost:5433/ss_market
2026-05-17 01:04:31 | INFO     | ss_crawler | [lens_scraper] Initializing Lens scraper...
2026-05-17 01:04:31 | INFO     | ss_crawler | [database] Database connected: localhost:5433/ss_market
2026-05-17 01:04:31 | INFO     | ss_crawler | [lens_scraper] Database: postgresql+psycopg2://crawler:crawler_pass@localhost:5433/ss_market
2026-05-17 01:04:31 | INFO     | ss_crawler | [lens_scraper] Loaded 481 lens references
2026-05-17 01:04:31 | INFO     | ss_crawler | [lens_scraper] Starting lens category scrape: https://www.ss.com/lv/electronics/photo-optics/objectives/
2026-05-17 01:04:31 | INFO     | ss_crawler | [lens_scraper] Fetching page 1: https://www.ss.com/lv/electronics/photo-optics/objectives/
2026-05-17 01:04:31 | INFO     | ss_crawler | [crawler] Fetching : https://www.ss.com/lv/electronics/photo-optics/objectives/
2026-05-17 01:04:34 | INFO     | ss_crawler | [lens_scraper] Found 32 listings on page 1
2026-05-17 01:04:34 | INFO     | ss_crawler | [crawler] Fetching : https://www.ss.com/msg/lv/electronics/photo-optics/objectives/aalgl.html
2026-05-17 01:04:36 | INFO     | ss_crawler | [lens_scraper] MODEL EXTRACTED: 'ef 85mm 1, 8f'
2026-05-17 01:04:36 | INFO     | ss_crawler | [lens_scraper] MOUNT DETECT: EF
2026-05-17 01:04:36 | INFO     | ss_crawler | [lens_scraper] Detected focal: 85mm (from_model=True)
2026-05-17 01:04:36 | INFO     | ss_crawler | [lens_scraper] Using TITLE ONLY for matching: 'canon modelis: ef 85mm 1, 8f...'
2026-05-17 01:04:36 | INFO     | ss_crawler | [lens_scraper] BEST MATCH: 85mm F1.4L IS USM score=1.35
2026-05-17 01:04:36 | INFO     | ss_crawler | [lens_scraper] Matched [aalgl]: Canon_85mm_F1.4L_IS_USM (100% confidence)
2026-05-17 01:04:36 | INFO     | ss_crawler | [crawler] Fetching : https://www.ss.com/msg/lv/electronics/photo-optics/objectives/aalgl.html
2026-05-17 01:04:39 | INFO     | ss_crawler | [lens_scraper] MODEL EXTRACTED: 'ef 85mm 1, 8f'
2026-05-17 01:04:39 | INFO     | ss_crawler | [lens_scraper] MOUNT DETECT: EF
2026-05-17 01:04:39 | INFO     | ss_crawler | [lens_scraper] Detected focal: 85mm (from_model=True)
2026-05-17 01:04:39 | INFO     | ss_crawler | [lens_scraper] Using TITLE ONLY for matching: 'canon modelis: ef 85mm 1, 8f...'
2026-05-17 01:04:39 | INFO     | ss_crawler | [lens_scraper] BEST MATCH: 85mm F1.4L IS USM score=1.35
2026-05-17 01:04:39 | INFO     | ss_crawler | [lens_scraper] Matched [aalgl]: Canon_85mm_F1.4L_IS_USM (100% confidence)
2026-05-17 01:04:39 | INFO     | ss_crawler | [crawler] Fetching : https://www.ss.com/msg/lv/electronics/photo-optics/objectives/aalgl.html
2026-05-17 01:04:42 | INFO     | ss_crawler | [lens_scraper] MODEL EXTRACTED: 'ef 85mm 1, 8f'
2026-05-17 01:04:42 | INFO     | ss_crawler | [lens_scraper] MOUNT DETECT: EF
2026-05-17 01:04:42 | INFO     | ss_crawler | [lens_scraper] Detected focal: 85mm (from_model=True)
2026-05-17 01:04:42 | INFO     | ss_crawler | [lens_scraper] Using TITLE ONLY for matching: 'canon modelis: ef 85mm 1, 8f...'
2026-05-17 01:04:42 | INFO     | ss_crawler | [lens_scraper] BEST MATCH: 85mm F1.4L IS USM score=1.35
2026-05-17 01:04:42 | INFO     | ss_crawler | [lens_scraper] Matched [aalgl]: Canon_85mm_F1.4L_IS_USM (100% confidence)
2026-05-17 01:04:42 | INFO     | ss_crawler | [crawler] Fetching : https://www.ss.com/msg/lv/electronics/photo-optics/objectives/loolb.html
2026-05-17 01:04:45 | INFO     | ss_crawler | [lens_scraper] MODEL EXTRACTED: 'ef 24-105/4'
2026-05-17 01:04:45 | INFO     | ss_crawler | [lens_scraper] MOUNT DETECT: EF
2026-05-17 01:04:45 | INFO     | ss_crawler | [lens_scraper] Detected focal: 24mm-105mm (from_model=True)
2026-05-17 01:04:45 | INFO     | ss_crawler | [lens_scraper] Using TITLE ONLY for matching: 'canon modelis: ef 24-105/4...'
2026-05-17 01:04:45 | INFO     | ss_crawler | [lens_scraper] BEST MATCH: 24-105mm F3.5-5.6 IS STM score=1.35
2026-05-17 01:04:45 | INFO     | ss_crawler | [lens_scraper] Matched [loolb]: Canon_24-105mm_F3.5-5.6_IS_STM (100% confidence)
2026-05-17 01:04:45 | INFO     | ss_crawler | [crawler] Fetching : https://www.ss.com/msg/lv/electronics/photo-optics/objectives/bgpjfj.html
2026-05-17 01:04:47 | INFO     | ss_crawler | [lens_scraper] MODEL EXTRACTED: '24-70mm f/2.8'
2026-05-17 01:04:47 | INFO     | ss_crawler | [lens_scraper] MOUNT DETECT: EF
2026-05-17 01:04:47 | INFO     | ss_crawler | [lens_scraper] Detected focal: 24mm-70mm (from_model=True)
2026-05-17 01:04:47 | INFO     | ss_crawler | [lens_scraper] Using TITLE ONLY for matching: 'sigma modelis: 24-70mm f/2.8...'
2026-05-17 01:04:47 | INFO     | ss_crawler | [lens_scraper] BEST MATCH: 24-70mm F2.8 DG OS HSM Art score=1.50
2026-05-17 01:04:47 | INFO     | ss_crawler | [lens_scraper] Matched [bgpjfj]: Sigma_24-70mm_F2.8_DG_OS_HSM_Art (100% confidence)
2026-05-17 01:04:47 | INFO     | ss_crawler | [crawler] Fetching : https://www.ss.com/msg/lv/electronics/photo-optics/objectives/fljof.html
2026-05-17 01:04:49 | INFO     | ss_crawler | [lens_scraper] MODEL EXTRACTED: '24-70 ll'
2026-05-17 01:04:49 | INFO     | ss_crawler | [lens_scraper] MOUNT DETECT: EF
2026-05-17 01:04:49 | INFO     | ss_crawler | [lens_scraper] Detected focal: 24mm-70mm (from_model=True)
2026-05-17 01:04:49 | INFO     | ss_crawler | [lens_scraper] Using TITLE ONLY for matching: 'canon modelis: 24-70 ll...'
2026-05-17 01:04:49 | INFO     | ss_crawler | [lens_scraper] BEST MATCH: 24-70mm F2.8L II USM score=1.45
2026-05-17 01:04:49 | INFO     | ss_crawler | [lens_scraper] Matched [fljof]: Canon_24-70mm_F2.8L_II_USM (100% confidence)
2026-05-17 01:04:49 | INFO     | ss_crawler | [crawler] Fetching : https://www.ss.com/msg/lv/electronics/photo-optics/objectives/begohe.html
2026-05-17 01:04:51 | INFO     | ss_crawler | [lens_scraper] MODEL EXTRACTED: '16-28 f2.8'
2026-05-17 01:04:51 | INFO     | ss_crawler | [lens_scraper] MOUNT DETECT: E
2026-05-17 01:04:51 | INFO     | ss_crawler | [lens_scraper] Detected focal: 16mm-28mm (from_model=True)
2026-05-17 01:04:51 | INFO     | ss_crawler | [lens_scraper] Using TITLE ONLY for matching: 'sigma modelis: 16-28 f2.8...'
2026-05-17 01:04:51 | INFO     | ss_crawler | [lens_scraper] BEST MATCH: Sigma 16-28mm F2.8 DG DN | Contemporary score=1.50
2026-05-17 01:04:51 | INFO     | ss_crawler | [lens_scraper] Matched [begohe]: Sigma_Sigma_16-28mm_F2.8_DG_DN_|_Contemporary (100% confidence)
2026-05-17 01:04:51 | INFO     | ss_crawler | [crawler] Fetching : https://www.ss.com/msg/lv/electronics/photo-optics/objectives/fmehe.html
2026-05-17 01:04:54 | INFO     | ss_crawler | [lens_scraper] Filtered [fmehe]: filtered_nikon
2026-05-17 01:04:54 | INFO     | ss_crawler | [crawler] Fetching : https://www.ss.com/msg/lv/electronics/photo-optics/objectives/gobcn.html
2026-05-17 01:04:56 | INFO     | ss_crawler | [lens_scraper] MODEL EXTRACTED: 'lumix 20mm'
2026-05-17 01:04:56 | INFO     | ss_crawler | [lens_scraper] MOUNT DETECT: None
2026-05-17 01:04:56 | INFO     | ss_crawler | [lens_scraper] Detected focal: 20mm (from_model=True)
2026-05-17 01:04:56 | INFO     | ss_crawler | [lens_scraper] Using TITLE ONLY for matching: 'panasonic modelis: lumix 20mm...'
2026-05-17 01:04:56 | INFO     | ss_crawler | [lens_scraper] BEST MATCH: 20mm F2.8 USM score=0.85
2026-05-17 01:04:56 | INFO     | ss_crawler | [lens_scraper] Matched [gobcn]: Canon_20mm_F2.8_USM (85% confidence)
2026-05-17 01:04:56 | INFO     | ss_crawler | [crawler] Fetching : https://www.ss.com/msg/lv/electronics/photo-optics/objectives/gcxci.html
2026-05-17 01:04:58 | INFO     | ss_crawler | [lens_scraper] MODEL EXTRACTED: '75mm 1.5'
2026-05-17 01:04:58 | INFO     | ss_crawler | [lens_scraper] MOUNT DETECT: E
2026-05-17 01:04:58 | INFO     | ss_crawler | [lens_scraper] Detected focal: 75mm (from_model=True)
2026-05-17 01:04:58 | INFO     | ss_crawler | [lens_scraper] Using TITLE ONLY for matching: 'ttartisan modelis: 75mm 1.5...'
2026-05-17 01:04:58 | INFO     | ss_crawler | [lens_scraper] BEST MATCH: Sony E 10-18mm F4 OSS score=0.70
2026-05-17 01:04:58 | INFO     | ss_crawler | [lens_scraper] Matched [gcxci]: Sony_Sony_E_10-18mm_F4_OSS (70% confidence)
2026-05-17 01:04:58 | INFO     | ss_crawler | [crawler] Fetching : https://www.ss.com/msg/lv/electronics/photo-optics/objectives/lphdk.html
2026-05-17 01:05:01 | INFO     | ss_crawler | [lens_scraper] MODEL EXTRACTED: '24 f/ 2, 8 stm'
2026-05-17 01:05:01 | INFO     | ss_crawler | [lens_scraper] MOUNT DETECT: EF-S
2026-05-17 01:05:01 | INFO     | ss_crawler | [lens_scraper] Detected focal: 24mm (from_model=True)
2026-05-17 01:05:01 | INFO     | ss_crawler | [lens_scraper] Using TITLE ONLY for matching: 'canon modelis: 24 f/ 2, 8 stm...'
2026-05-17 01:05:01 | INFO     | ss_crawler | [lens_scraper] BEST MATCH: 24mm F2.8 STM score=1.60
2026-05-17 01:05:01 | INFO     | ss_crawler | [lens_scraper] Matched [lphdk]: Canon_24mm_F2.8_STM (100% confidence)
2026-05-17 01:05:01 | INFO     | ss_crawler | [crawler] Fetching : https://www.ss.com/msg/lv/electronics/photo-optics/objectives/lpcjf.html
2026-05-17 01:05:04 | INFO     | ss_crawler | [lens_scraper] MODEL EXTRACTED: 'fe 24-70mm'
2026-05-17 01:05:04 | INFO     | ss_crawler | [lens_scraper] MOUNT DETECT: E
2026-05-17 01:05:04 | INFO     | ss_crawler | [lens_scraper] Detected focal: 24mm-70mm (from_model=True)
2026-05-17 01:05:04 | INFO     | ss_crawler | [lens_scraper] Using TITLE ONLY for matching: 'sony modelis: fe 24-70mm...'
2026-05-17 01:05:04 | INFO     | ss_crawler | [lens_scraper] BEST MATCH: Sony FE 24-70mm F2.8 GM II score=1.45
2026-05-17 01:05:04 | INFO     | ss_crawler | [lens_scraper] Matched [lpcjf]: Sony_Sony_FE_24-70mm_F2.8_GM_II (100% confidence)
2026-05-17 01:05:04 | INFO     | ss_crawler | [crawler] Fetching : https://www.ss.com/msg/lv/electronics/photo-optics/objectives/jpdce.html
2026-05-17 01:05:07 | INFO     | ss_crawler | [lens_scraper] MODEL EXTRACTED: 'fe 50mm f1.8'
2026-05-17 01:05:07 | INFO     | ss_crawler | [lens_scraper] MOUNT DETECT: E
2026-05-17 01:05:07 | INFO     | ss_crawler | [lens_scraper] Detected focal: 50mm (from_model=True)
2026-05-17 01:05:07 | INFO     | ss_crawler | [lens_scraper] Using TITLE ONLY for matching: 'sony modelis: fe 50mm f1.8...'
2026-05-17 01:05:07 | INFO     | ss_crawler | [lens_scraper] BEST MATCH: Sony E 50mm F1.8 OSS score=0.95
2026-05-17 01:05:07 | INFO     | ss_crawler | [lens_scraper] Matched [jpdce]: Sony_Sony_E_50mm_F1.8_OSS (95% confidence)
2026-05-17 01:05:07 | INFO     | ss_crawler | [crawler] Fetching : https://www.ss.com/msg/lv/electronics/photo-optics/objectives/eldbp.html
2026-05-17 01:05:09 | INFO     | ss_crawler | [lens_scraper] Filtered [eldbp]: filtered_jauns
2026-05-17 01:05:09 | INFO     | ss_crawler | [crawler] Fetching : https://www.ss.com/msg/lv/electronics/photo-optics/objectives/opxxp.html
2026-05-17 01:05:11 | INFO     | ss_crawler | [lens_scraper] Filtered [opxxp]: filtered_nikon
2026-05-17 01:05:11 | INFO     | ss_crawler | [crawler] Fetching : https://www.ss.com/msg/lv/electronics/photo-optics/objectives/aabgf.html
2026-05-17 01:05:13 | INFO     | ss_crawler | [lens_scraper] MODEL EXTRACTED: '24-105 mm, f4'
2026-05-17 01:05:13 | INFO     | ss_crawler | [lens_scraper] MOUNT DETECT: None
2026-05-17 01:05:13 | INFO     | ss_crawler | [lens_scraper] Detected focal: 24mm-105mm (from_model=True)
2026-05-17 01:05:13 | INFO     | ss_crawler | [lens_scraper] Using TITLE ONLY for matching: 'canon modelis: 24-105 mm, f4...'
2026-05-17 01:05:13 | INFO     | ss_crawler | [lens_scraper] BEST MATCH: 24-105mm F4L IS USM score=1.40
2026-05-17 01:05:13 | INFO     | ss_crawler | [lens_scraper] Matched [aabgf]: Canon_24-105mm_F4L_IS_USM (100% confidence)
2026-05-17 01:05:13 | INFO     | ss_crawler | [crawler] Fetching : https://www.ss.com/msg/lv/electronics/photo-optics/objectives/abdpe.html
2026-05-17 01:05:16 | INFO     | ss_crawler | [lens_scraper] MODEL EXTRACTED: '50 mm f1, 4, ef'
2026-05-17 01:05:16 | INFO     | ss_crawler | [lens_scraper] MOUNT DETECT: None
2026-05-17 01:05:16 | INFO     | ss_crawler | [lens_scraper] Detected focal: 50mm (from_model=True)
2026-05-17 01:05:16 | INFO     | ss_crawler | [lens_scraper] Using TITLE ONLY for matching: 'canon modelis: 50 mm f1, 4, ef...'
2026-05-17 01:05:16 | INFO     | ss_crawler | [lens_scraper] BEST MATCH: 50mm F1.4 USM score=1.40
2026-05-17 01:05:16 | INFO     | ss_crawler | [lens_scraper] Matched [abdpe]: Canon_50mm_F1.4_USM (100% confidence)
2026-05-17 01:05:16 | INFO     | ss_crawler | [crawler] Fetching : https://www.ss.com/msg/lv/electronics/photo-optics/objectives/gcmeb.html
2026-05-17 01:05:19 | INFO     | ss_crawler | [lens_scraper] MODEL EXTRACTED: '17-28'
2026-05-17 01:05:19 | INFO     | ss_crawler | [lens_scraper] MOUNT DETECT: E
2026-05-17 01:05:19 | INFO     | ss_crawler | [lens_scraper] Detected focal: 17mm-28mm (from_model=True)
2026-05-17 01:05:19 | INFO     | ss_crawler | [lens_scraper] Using TITLE ONLY for matching: 'tamron modelis: 17-28...'
2026-05-17 01:05:19 | INFO     | ss_crawler | [lens_scraper] BEST MATCH: Tamron 17-28mm F/2.8 Di III RXD score=0.80
2026-05-17 01:05:19 | INFO     | ss_crawler | [lens_scraper] Matched [gcmeb]: Tamron_Tamron_17-28mm_F_2.8_Di_III_RXD (80% confidence)
2026-05-17 01:05:19 | INFO     | ss_crawler | [crawler] Fetching : https://www.ss.com/msg/lv/electronics/photo-optics/objectives/flxmi.html
2026-05-17 01:05:20 | INFO     | ss_crawler | [lens_scraper] MODEL EXTRACTED: 'sel30m35'
2026-05-17 01:05:20 | INFO     | ss_crawler | [lens_scraper] MOUNT DETECT: E
2026-05-17 01:05:20 | INFO     | ss_crawler | [lens_scraper] BEST MATCH: Sony E 30mm F3.5 Macro score=1.05
2026-05-17 01:05:20 | INFO     | ss_crawler | [lens_scraper] Matched [flxmi]: Sony_Sony_E_30mm_F3.5_Macro (100% confidence)
2026-05-17 01:05:20 | INFO     | ss_crawler | [crawler] Fetching : https://www.ss.com/msg/lv/electronics/photo-optics/objectives/egicb.html
2026-05-17 01:05:22 | INFO     | ss_crawler | [lens_scraper] MODEL EXTRACTED: '28-135mm'
2026-05-17 01:05:22 | INFO     | ss_crawler | [lens_scraper] MOUNT DETECT: None
2026-05-17 01:05:22 | INFO     | ss_crawler | [lens_scraper] Detected focal: 28mm-135mm (from_model=True)
2026-05-17 01:05:22 | INFO     | ss_crawler | [lens_scraper] Using TITLE ONLY for matching: 'sigma modelis: 28-135mm...'
2026-05-17 01:05:22 | INFO     | ss_crawler | [lens_scraper] BEST MATCH: Sony FE PZ 28-135mm F4 G OSS score=0.85
2026-05-17 01:05:22 | INFO     | ss_crawler | [lens_scraper] Matched [egicb]: Sony_Sony_FE_PZ_28-135mm_F4_G_OSS (85% confidence)
2026-05-17 01:05:22 | INFO     | ss_crawler | [crawler] Fetching : https://www.ss.com/msg/lv/electronics/photo-optics/objectives/mbcgc.html
2026-05-17 01:05:24 | INFO     | ss_crawler | [lens_scraper] Filtered [mbcgc]: filtered_nikon
2026-05-17 01:05:24 | INFO     | ss_crawler | [crawler] Fetching : https://www.ss.com/msg/lv/electronics/photo-optics/objectives/bhnnxk.html
2026-05-17 01:05:27 | INFO     | ss_crawler | [lens_scraper] MODEL EXTRACTED: 'ef 24 1, 4lii'
2026-05-17 01:05:27 | INFO     | ss_crawler | [lens_scraper] MOUNT DETECT: EF
2026-05-17 01:05:27 | INFO     | ss_crawler | [lens_scraper] Detected focal: 24mm (from_model=True)
2026-05-17 01:05:27 | INFO     | ss_crawler | [lens_scraper] Using TITLE ONLY for matching: 'canon modelis: ef 24 1, 4lii...'
2026-05-17 01:05:27 | INFO     | ss_crawler | [lens_scraper] BEST MATCH: 24mm F1.4L II USM score=1.60
2026-05-17 01:05:27 | INFO     | ss_crawler | [lens_scraper] Matched [bhnnxk]: Canon_24mm_F1.4L_II_USM (100% confidence)
2026-05-17 01:05:27 | INFO     | ss_crawler | [crawler] Fetching : https://www.ss.com/msg/lv/electronics/photo-optics/objectives/bigokg.html
2026-05-17 01:05:30 | INFO     | ss_crawler | [lens_scraper] MODEL EXTRACTED: 'ef 24-105 f4l'
2026-05-17 01:05:30 | INFO     | ss_crawler | [lens_scraper] MOUNT DETECT: EF
2026-05-17 01:05:30 | INFO     | ss_crawler | [lens_scraper] Detected focal: 24mm-105mm (from_model=True)
2026-05-17 01:05:30 | INFO     | ss_crawler | [lens_scraper] Using TITLE ONLY for matching: 'canon modelis: ef 24-105 f4l...'
2026-05-17 01:05:30 | INFO     | ss_crawler | [lens_scraper] BEST MATCH: 24-105mm F4L IS USM score=1.50
2026-05-17 01:05:30 | INFO     | ss_crawler | [lens_scraper] Matched [bigokg]: Canon_24-105mm_F4L_IS_USM (100% confidence)
2026-05-17 01:05:30 | INFO     | ss_crawler | [crawler] Fetching : https://www.ss.com/msg/lv/electronics/photo-optics/objectives/fgimf.html
2026-05-17 01:05:33 | INFO     | ss_crawler | [lens_scraper] MODEL EXTRACTED: '35mm f/2.8'
2026-05-17 01:05:33 | INFO     | ss_crawler | [lens_scraper] MOUNT DETECT: EF-S
2026-05-17 01:05:33 | INFO     | ss_crawler | [lens_scraper] Detected focal: 35mm (from_model=True)
2026-05-17 01:05:33 | INFO     | ss_crawler | [lens_scraper] Using TITLE ONLY for matching: 'canon modelis: 35mm f/2.8...'
2026-05-17 01:05:33 | INFO     | ss_crawler | [lens_scraper] BEST MATCH: 35mm F2.8 Macro IS STM score=1.50
2026-05-17 01:05:33 | INFO     | ss_crawler | [lens_scraper] Matched [fgimf]: Canon_35mm_F2.8_Macro_IS_STM (100% confidence)
2026-05-17 01:05:33 | INFO     | ss_crawler | [crawler] Fetching : https://www.ss.com/msg/lv/electronics/photo-optics/objectives/hcdof.html
2026-05-17 01:05:36 | INFO     | ss_crawler | [lens_scraper] MODEL EXTRACTED: '10-20 mm'
2026-05-17 01:05:36 | INFO     | ss_crawler | [lens_scraper] MOUNT DETECT: None
2026-05-17 01:05:36 | INFO     | ss_crawler | [lens_scraper] Detected focal: 10mm-20mm (from_model=True)
2026-05-17 01:05:36 | INFO     | ss_crawler | [lens_scraper] Using TITLE ONLY for matching: 'sigma modelis: 10-20 mm...'
2026-05-17 01:05:36 | INFO     | ss_crawler | [lens_scraper] BEST MATCH: 10-20mm F3.5 EX DC HSM score=1.25
2026-05-17 01:05:36 | INFO     | ss_crawler | [lens_scraper] Matched [hcdof]: Sigma_10-20mm_F3.5_EX_DC_HSM (100% confidence)
2026-05-17 01:05:36 | INFO     | ss_crawler | [crawler] Fetching : https://www.ss.com/msg/lv/electronics/photo-optics/objectives/mbddb.html
2026-05-17 01:05:38 | INFO     | ss_crawler | [lens_scraper] Filtered [mbddb]: filtered_nikon
2026-05-17 01:05:38 | INFO     | ss_crawler | [crawler] Fetching : https://www.ss.com/msg/lv/electronics/photo-optics/objectives/acfjg.html
2026-05-17 01:05:41 | INFO     | ss_crawler | [lens_scraper] MODEL EXTRACTED: 'canon продаю объектив eos canon 24-70 4t l серии, малопользованый'
2026-05-17 01:05:41 | INFO     | ss_crawler | [lens_scraper] MOUNT DETECT: None
2026-05-17 01:05:41 | INFO     | ss_crawler | [lens_scraper] Detected focal: 24mm-70mm (from_model=True)
2026-05-17 01:05:41 | INFO     | ss_crawler | [lens_scraper] Using TITLE ONLY for matching: 'eos modelis: canon продаю объектив eos canon 24-70 4t l сери...'
2026-05-17 01:05:41 | INFO     | ss_crawler | [lens_scraper] BEST MATCH: 24-70mm F4L IS USM score=1.35
2026-05-17 01:05:41 | INFO     | ss_crawler | [lens_scraper] Matched [acfjg]: Canon_24-70mm_F4L_IS_USM (100% confidence)
2026-05-17 01:05:41 | INFO     | ss_crawler | [crawler] Fetching : https://www.ss.com/msg/lv/electronics/photo-optics/objectives/fopom.html
2026-05-17 01:05:43 | INFO     | ss_crawler | [lens_scraper] Filtered [fopom]: filtered_jauns
2026-05-17 01:05:43 | INFO     | ss_crawler | [crawler] Fetching : https://www.ss.com/msg/lv/electronics/photo-optics/objectives/bgookb.html
2026-05-17 01:05:45 | INFO     | ss_crawler | [lens_scraper] Filtered [bgookb]: filtered_jauns
2026-05-17 01:05:45 | INFO     | ss_crawler | [crawler] Fetching : https://www.ss.com/msg/lv/electronics/photo-optics/objectives/pdnbl.html
2026-05-17 01:05:48 | INFO     | ss_crawler | [lens_scraper] Filtered [pdnbl]: filtered_jauns
2026-05-17 01:05:48 | INFO     | ss_crawler | [crawler] Fetching : https://www.ss.com/msg/lv/electronics/photo-optics/objectives/mcbcb.html
2026-05-17 01:05:50 | INFO     | ss_crawler | [lens_scraper] Filtered [mcbcb]: filtered_nikon
2026-05-17 01:05:50 | INFO     | ss_crawler | [crawler] Fetching : https://www.ss.com/msg/lv/electronics/photo-optics/objectives/fncgj.html
2026-05-17 01:05:53 | INFO     | ss_crawler | [lens_scraper] Filtered [fncgj]: filtered_nikon
2026-05-17 01:05:53 | INFO     | ss_crawler | [lens_scraper] No more pages to scrape
2026-05-17 01:05:53 | INFO     | ss_crawler | [lens_scraper] Category scrape complete. Total listings: 22
2026-05-17 01:05:53 | INFO     | ss_crawler | [repository] ⏸️ aalgl: Unchanged
2026-05-17 01:05:53 | INFO     | ss_crawler | [repository] ⏸️ aalgl: Unchanged
2026-05-17 01:05:53 | INFO     | ss_crawler | [repository] ⏸️ aalgl: Unchanged
2026-05-17 01:05:53 | INFO     | ss_crawler | [repository] ⏸️ loolb: Unchanged
2026-05-17 01:05:53 | INFO     | ss_crawler | [repository] ⏸️ bgpjfj: Unchanged
2026-05-17 01:05:53 | INFO     | ss_crawler | [repository] ⏸️ fljof: Unchanged
2026-05-17 01:05:53 | INFO     | ss_crawler | [repository] ⏸️ begohe: Unchanged
2026-05-17 01:05:53 | INFO     | ss_crawler | [repository] ⏸️ gobcn: Unchanged
2026-05-17 01:05:53 | INFO     | ss_crawler | [repository] ⏸️ gcxci: Unchanged
2026-05-17 01:05:53 | INFO     | ss_crawler | [repository] ⏸️ lphdk: Unchanged
2026-05-17 01:05:53 | INFO     | ss_crawler | [repository] ⏸️ lpcjf: Unchanged
2026-05-17 01:05:53 | INFO     | ss_crawler | [repository] ⏸️ jpdce: Unchanged
2026-05-17 01:05:53 | INFO     | ss_crawler | [repository] ⏸️ aabgf: Unchanged
2026-05-17 01:05:53 | INFO     | ss_crawler | [repository] ⏸️ abdpe: Unchanged
2026-05-17 01:05:53 | INFO     | ss_crawler | [repository] ⏸️ gcmeb: Unchanged
2026-05-17 01:05:53 | INFO     | ss_crawler | [repository] ⏸️ flxmi: Unchanged
2026-05-17 01:05:53 | INFO     | ss_crawler | [repository] ⏸️ egicb: Unchanged
2026-05-17 01:05:53 | INFO     | ss_crawler | [repository] ⏸️ bhnnxk: Unchanged
2026-05-17 01:05:53 | INFO     | ss_crawler | [repository] ⏸️ bigokg: Unchanged
2026-05-17 01:05:53 | INFO     | ss_crawler | [repository] ⏸️ fgimf: Unchanged
2026-05-17 01:05:53 | INFO     | ss_crawler | [repository] ⏸️ hcdof: Unchanged
2026-05-17 01:05:53 | INFO     | ss_crawler | [repository] ⏸️ acfjg: Unchanged
2026-05-17 01:06:06 | INFO     | ss_crawler | [database] Database connected: localhost:5433/ss_market
2026-05-17 01:06:11 | INFO     | ss_crawler | [lens_scraper] Initializing Lens scraper...
2026-05-17 01:06:11 | INFO     | ss_crawler | [database] Database connected: localhost:5433/ss_market
2026-05-17 01:06:11 | INFO     | ss_crawler | [lens_scraper] Database: postgresql+psycopg2://crawler:crawler_pass@localhost:5433/ss_market
2026-05-17 01:06:11 | INFO     | ss_crawler | [lens_scraper] Loaded 481 lens references
2026-05-17 01:06:11 | INFO     | ss_crawler | [lens_scraper] Starting lens category scrape: https://www.ss.com/lv/electronics/photo-optics/objectives/
2026-05-17 01:06:11 | INFO     | ss_crawler | [lens_scraper] Fetching page 1: https://www.ss.com/lv/electronics/photo-optics/objectives/
2026-05-17 01:06:11 | INFO     | ss_crawler | [crawler] Fetching : https://www.ss.com/lv/electronics/photo-optics/objectives/
2026-05-17 01:06:13 | INFO     | ss_crawler | [lens_scraper] Found 32 listings on page 1
2026-05-17 01:06:13 | INFO     | ss_crawler | [crawler] Fetching : https://www.ss.com/msg/lv/electronics/photo-optics/objectives/aalgl.html
2026-05-17 01:06:15 | INFO     | ss_crawler | [lens_scraper] MODEL EXTRACTED: 'ef 85mm 1, 8f'
2026-05-17 01:06:15 | INFO     | ss_crawler | [lens_scraper] MOUNT DETECT: EF
2026-05-17 01:06:15 | INFO     | ss_crawler | [lens_scraper] Detected focal: 85mm (from_model=True)
2026-05-17 01:06:15 | INFO     | ss_crawler | [lens_scraper] Using TITLE ONLY for matching: 'canon modelis: ef 85mm 1, 8f...'
2026-05-17 01:06:15 | INFO     | ss_crawler | [lens_scraper] BEST MATCH: 85mm F1.4L IS USM score=1.35
2026-05-17 01:06:15 | INFO     | ss_crawler | [lens_scraper] Matched [aalgl]: Canon_85mm_F1.4L_IS_USM (100% confidence)
2026-05-17 01:06:15 | INFO     | ss_crawler | [crawler] Fetching : https://www.ss.com/msg/lv/electronics/photo-optics/objectives/aalgl.html
2026-05-17 01:06:17 | INFO     | ss_crawler | [lens_scraper] MODEL EXTRACTED: 'ef 85mm 1, 8f'
2026-05-17 01:06:17 | INFO     | ss_crawler | [lens_scraper] MOUNT DETECT: EF
2026-05-17 01:06:17 | INFO     | ss_crawler | [lens_scraper] Detected focal: 85mm (from_model=True)
2026-05-17 01:06:17 | INFO     | ss_crawler | [lens_scraper] Using TITLE ONLY for matching: 'canon modelis: ef 85mm 1, 8f...'
2026-05-17 01:06:17 | INFO     | ss_crawler | [lens_scraper] BEST MATCH: 85mm F1.4L IS USM score=1.35
2026-05-17 01:06:17 | INFO     | ss_crawler | [lens_scraper] Matched [aalgl]: Canon_85mm_F1.4L_IS_USM (100% confidence)
2026-05-17 01:06:17 | INFO     | ss_crawler | [crawler] Fetching : https://www.ss.com/msg/lv/electronics/photo-optics/objectives/aalgl.html
2026-05-17 01:06:19 | INFO     | ss_crawler | [lens_scraper] MODEL EXTRACTED: 'ef 85mm 1, 8f'
2026-05-17 01:06:19 | INFO     | ss_crawler | [lens_scraper] MOUNT DETECT: EF
2026-05-17 01:06:19 | INFO     | ss_crawler | [lens_scraper] Detected focal: 85mm (from_model=True)
2026-05-17 01:06:19 | INFO     | ss_crawler | [lens_scraper] Using TITLE ONLY for matching: 'canon modelis: ef 85mm 1, 8f...'
2026-05-17 01:06:19 | INFO     | ss_crawler | [lens_scraper] BEST MATCH: 85mm F1.4L IS USM score=1.35
2026-05-17 01:06:19 | INFO     | ss_crawler | [lens_scraper] Matched [aalgl]: Canon_85mm_F1.4L_IS_USM (100% confidence)
2026-05-17 01:06:19 | INFO     | ss_crawler | [crawler] Fetching : https://www.ss.com/msg/lv/electronics/photo-optics/objectives/loolb.html
2026-05-17 01:06:22 | INFO     | ss_crawler | [lens_scraper] MODEL EXTRACTED: 'ef 24-105/4'
2026-05-17 01:06:22 | INFO     | ss_crawler | [lens_scraper] MOUNT DETECT: EF
2026-05-17 01:06:22 | INFO     | ss_crawler | [lens_scraper] Detected focal: 24mm-105mm (from_model=True)
2026-05-17 01:06:22 | INFO     | ss_crawler | [lens_scraper] Using TITLE ONLY for matching: 'canon modelis: ef 24-105/4...'
2026-05-17 01:06:22 | INFO     | ss_crawler | [lens_scraper] BEST MATCH: 24-105mm F3.5-5.6 IS STM score=1.35
2026-05-17 01:06:22 | INFO     | ss_crawler | [lens_scraper] Matched [loolb]: Canon_24-105mm_F3.5-5.6_IS_STM (100% confidence)
2026-05-17 01:06:22 | INFO     | ss_crawler | [crawler] Fetching : https://www.ss.com/msg/lv/electronics/photo-optics/objectives/bgpjfj.html
2026-05-17 01:06:25 | INFO     | ss_crawler | [lens_scraper] MODEL EXTRACTED: '24-70mm f/2.8'
2026-05-17 01:06:25 | INFO     | ss_crawler | [lens_scraper] MOUNT DETECT: EF
2026-05-17 01:06:25 | INFO     | ss_crawler | [lens_scraper] Detected focal: 24mm-70mm (from_model=True)
2026-05-17 01:06:25 | INFO     | ss_crawler | [lens_scraper] Using TITLE ONLY for matching: 'sigma modelis: 24-70mm f/2.8...'
2026-05-17 01:06:25 | INFO     | ss_crawler | [lens_scraper] BEST MATCH: 24-70mm F2.8 DG OS HSM Art score=1.50
2026-05-17 01:06:25 | INFO     | ss_crawler | [lens_scraper] Matched [bgpjfj]: Sigma_24-70mm_F2.8_DG_OS_HSM_Art (100% confidence)
2026-05-17 01:06:25 | INFO     | ss_crawler | [crawler] Fetching : https://www.ss.com/msg/lv/electronics/photo-optics/objectives/fljof.html
2026-05-17 01:06:27 | INFO     | ss_crawler | [lens_scraper] MODEL EXTRACTED: '24-70 ll'
2026-05-17 01:06:27 | INFO     | ss_crawler | [lens_scraper] MOUNT DETECT: EF
2026-05-17 01:06:27 | INFO     | ss_crawler | [lens_scraper] Detected focal: 24mm-70mm (from_model=True)
2026-05-17 01:06:27 | INFO     | ss_crawler | [lens_scraper] Using TITLE ONLY for matching: 'canon modelis: 24-70 ll...'
2026-05-17 01:06:27 | INFO     | ss_crawler | [lens_scraper] BEST MATCH: 24-70mm F2.8L II USM score=1.45
2026-05-17 01:06:27 | INFO     | ss_crawler | [lens_scraper] Matched [fljof]: Canon_24-70mm_F2.8L_II_USM (100% confidence)
2026-05-17 01:06:27 | INFO     | ss_crawler | [crawler] Fetching : https://www.ss.com/msg/lv/electronics/photo-optics/objectives/begohe.html
2026-05-17 01:06:30 | INFO     | ss_crawler | [lens_scraper] MODEL EXTRACTED: '16-28 f2.8'
2026-05-17 01:06:30 | INFO     | ss_crawler | [lens_scraper] MOUNT DETECT: E
2026-05-17 01:06:30 | INFO     | ss_crawler | [lens_scraper] Detected focal: 16mm-28mm (from_model=True)
2026-05-17 01:06:30 | INFO     | ss_crawler | [lens_scraper] Using TITLE ONLY for matching: 'sigma modelis: 16-28 f2.8...'
2026-05-17 01:06:30 | INFO     | ss_crawler | [lens_scraper] BEST MATCH: Sigma 16-28mm F2.8 DG DN | Contemporary score=1.50
2026-05-17 01:06:30 | INFO     | ss_crawler | [lens_scraper] Matched [begohe]: Sigma_Sigma_16-28mm_F2.8_DG_DN_|_Contemporary (100% confidence)
2026-05-17 01:06:30 | INFO     | ss_crawler | [crawler] Fetching : https://www.ss.com/msg/lv/electronics/photo-optics/objectives/fmehe.html
2026-05-17 01:06:32 | INFO     | ss_crawler | [lens_scraper] Filtered [fmehe]: filtered_nikon
2026-05-17 01:06:32 | INFO     | ss_crawler | [crawler] Fetching : https://www.ss.com/msg/lv/electronics/photo-optics/objectives/gobcn.html
2026-05-17 01:06:36 | INFO     | ss_crawler | [lens_scraper] MODEL EXTRACTED: 'lumix 20mm'
2026-05-17 01:06:36 | INFO     | ss_crawler | [lens_scraper] MOUNT DETECT: None
2026-05-17 01:06:36 | INFO     | ss_crawler | [lens_scraper] Detected focal: 20mm (from_model=True)
2026-05-17 01:06:36 | INFO     | ss_crawler | [lens_scraper] Using TITLE ONLY for matching: 'panasonic modelis: lumix 20mm...'
2026-05-17 01:06:36 | INFO     | ss_crawler | [lens_scraper] BEST MATCH: 20mm F2.8 USM score=0.85
2026-05-17 01:06:36 | INFO     | ss_crawler | [lens_scraper] Matched [gobcn]: Canon_20mm_F2.8_USM (85% confidence)
2026-05-17 01:06:36 | INFO     | ss_crawler | [crawler] Fetching : https://www.ss.com/msg/lv/electronics/photo-optics/objectives/gcxci.html
2026-05-17 01:06:39 | INFO     | ss_crawler | [lens_scraper] MODEL EXTRACTED: '75mm 1.5'
2026-05-17 01:06:39 | INFO     | ss_crawler | [lens_scraper] MOUNT DETECT: E
2026-05-17 01:06:39 | INFO     | ss_crawler | [lens_scraper] Detected focal: 75mm (from_model=True)
2026-05-17 01:06:39 | INFO     | ss_crawler | [lens_scraper] Using TITLE ONLY for matching: 'ttartisan modelis: 75mm 1.5...'
2026-05-17 01:06:39 | INFO     | ss_crawler | [lens_scraper] BEST MATCH: Sony E 10-18mm F4 OSS score=0.70
2026-05-17 01:06:39 | INFO     | ss_crawler | [lens_scraper] Matched [gcxci]: Sony_Sony_E_10-18mm_F4_OSS (70% confidence)
2026-05-17 01:06:39 | INFO     | ss_crawler | [crawler] Fetching : https://www.ss.com/msg/lv/electronics/photo-optics/objectives/lphdk.html
2026-05-17 01:06:42 | INFO     | ss_crawler | [lens_scraper] MODEL EXTRACTED: '24 f/ 2, 8 stm'
2026-05-17 01:06:42 | INFO     | ss_crawler | [lens_scraper] MOUNT DETECT: EF-S
2026-05-17 01:06:42 | INFO     | ss_crawler | [lens_scraper] Detected focal: 24mm (from_model=True)
2026-05-17 01:06:42 | INFO     | ss_crawler | [lens_scraper] Using TITLE ONLY for matching: 'canon modelis: 24 f/ 2, 8 stm...'
2026-05-17 01:06:42 | INFO     | ss_crawler | [lens_scraper] BEST MATCH: 24mm F2.8 STM score=1.60
2026-05-17 01:06:42 | INFO     | ss_crawler | [lens_scraper] Matched [lphdk]: Canon_24mm_F2.8_STM (100% confidence)
2026-05-17 01:06:42 | INFO     | ss_crawler | [crawler] Fetching : https://www.ss.com/msg/lv/electronics/photo-optics/objectives/lpcjf.html
2026-05-17 01:06:45 | INFO     | ss_crawler | [lens_scraper] MODEL EXTRACTED: 'fe 24-70mm'
2026-05-17 01:06:45 | INFO     | ss_crawler | [lens_scraper] MOUNT DETECT: E
2026-05-17 01:06:45 | INFO     | ss_crawler | [lens_scraper] Detected focal: 24mm-70mm (from_model=True)
2026-05-17 01:06:45 | INFO     | ss_crawler | [lens_scraper] Using TITLE ONLY for matching: 'sony modelis: fe 24-70mm...'
2026-05-17 01:06:45 | INFO     | ss_crawler | [lens_scraper] BEST MATCH: Sony FE 24-70mm F2.8 GM II score=1.45
2026-05-17 01:06:45 | INFO     | ss_crawler | [lens_scraper] Matched [lpcjf]: Sony_Sony_FE_24-70mm_F2.8_GM_II (100% confidence)
2026-05-17 01:06:45 | INFO     | ss_crawler | [crawler] Fetching : https://www.ss.com/msg/lv/electronics/photo-optics/objectives/jpdce.html
2026-05-17 01:06:49 | INFO     | ss_crawler | [lens_scraper] MODEL EXTRACTED: 'fe 50mm f1.8'
2026-05-17 01:06:49 | INFO     | ss_crawler | [lens_scraper] MOUNT DETECT: E
2026-05-17 01:06:49 | INFO     | ss_crawler | [lens_scraper] Detected focal: 50mm (from_model=True)
2026-05-17 01:06:49 | INFO     | ss_crawler | [lens_scraper] Using TITLE ONLY for matching: 'sony modelis: fe 50mm f1.8...'
2026-05-17 01:06:49 | INFO     | ss_crawler | [lens_scraper] BEST MATCH: Sony E 50mm F1.8 OSS score=0.95
2026-05-17 01:06:49 | INFO     | ss_crawler | [lens_scraper] Matched [jpdce]: Sony_Sony_E_50mm_F1.8_OSS (95% confidence)
2026-05-17 01:06:49 | INFO     | ss_crawler | [crawler] Fetching : https://www.ss.com/msg/lv/electronics/photo-optics/objectives/eldbp.html
2026-05-17 01:06:52 | INFO     | ss_crawler | [lens_scraper] Filtered [eldbp]: filtered_jauns
2026-05-17 01:06:52 | INFO     | ss_crawler | [crawler] Fetching : https://www.ss.com/msg/lv/electronics/photo-optics/objectives/opxxp.html
2026-05-17 01:06:55 | INFO     | ss_crawler | [lens_scraper] Filtered [opxxp]: filtered_nikon
2026-05-17 01:06:55 | INFO     | ss_crawler | [crawler] Fetching : https://www.ss.com/msg/lv/electronics/photo-optics/objectives/aabgf.html
2026-05-17 01:06:57 | INFO     | ss_crawler | [lens_scraper] MODEL EXTRACTED: '24-105 mm, f4'
2026-05-17 01:06:57 | INFO     | ss_crawler | [lens_scraper] MOUNT DETECT: None
2026-05-17 01:06:57 | INFO     | ss_crawler | [lens_scraper] Detected focal: 24mm-105mm (from_model=True)
2026-05-17 01:06:57 | INFO     | ss_crawler | [lens_scraper] Using TITLE ONLY for matching: 'canon modelis: 24-105 mm, f4...'
2026-05-17 01:06:57 | INFO     | ss_crawler | [lens_scraper] BEST MATCH: 24-105mm F4L IS USM score=1.40
2026-05-17 01:06:57 | INFO     | ss_crawler | [lens_scraper] Matched [aabgf]: Canon_24-105mm_F4L_IS_USM (100% confidence)
2026-05-17 01:06:57 | INFO     | ss_crawler | [crawler] Fetching : https://www.ss.com/msg/lv/electronics/photo-optics/objectives/abdpe.html
2026-05-17 01:06:59 | INFO     | ss_crawler | [lens_scraper] MODEL EXTRACTED: '50 mm f1, 4, ef'
2026-05-17 01:06:59 | INFO     | ss_crawler | [lens_scraper] MOUNT DETECT: None
2026-05-17 01:06:59 | INFO     | ss_crawler | [lens_scraper] Detected focal: 50mm (from_model=True)
2026-05-17 01:06:59 | INFO     | ss_crawler | [lens_scraper] Using TITLE ONLY for matching: 'canon modelis: 50 mm f1, 4, ef...'
2026-05-17 01:06:59 | INFO     | ss_crawler | [lens_scraper] BEST MATCH: 50mm F1.4 USM score=1.40
2026-05-17 01:06:59 | INFO     | ss_crawler | [lens_scraper] Matched [abdpe]: Canon_50mm_F1.4_USM (100% confidence)
2026-05-17 01:06:59 | INFO     | ss_crawler | [crawler] Fetching : https://www.ss.com/msg/lv/electronics/photo-optics/objectives/gcmeb.html
2026-05-17 01:07:03 | INFO     | ss_crawler | [lens_scraper] MODEL EXTRACTED: '17-28'
2026-05-17 01:07:03 | INFO     | ss_crawler | [lens_scraper] MOUNT DETECT: E
2026-05-17 01:07:03 | INFO     | ss_crawler | [lens_scraper] Detected focal: 17mm-28mm (from_model=True)
2026-05-17 01:07:03 | INFO     | ss_crawler | [lens_scraper] Using TITLE ONLY for matching: 'tamron modelis: 17-28...'
2026-05-17 01:07:03 | INFO     | ss_crawler | [lens_scraper] BEST MATCH: Tamron 17-28mm F/2.8 Di III RXD score=0.80
2026-05-17 01:07:03 | INFO     | ss_crawler | [lens_scraper] Matched [gcmeb]: Tamron_Tamron_17-28mm_F_2.8_Di_III_RXD (80% confidence)
2026-05-17 01:07:03 | INFO     | ss_crawler | [crawler] Fetching : https://www.ss.com/msg/lv/electronics/photo-optics/objectives/flxmi.html
2026-05-17 01:07:06 | INFO     | ss_crawler | [lens_scraper] MODEL EXTRACTED: 'sel30m35'
2026-05-17 01:07:06 | INFO     | ss_crawler | [lens_scraper] MOUNT DETECT: E
2026-05-17 01:07:06 | INFO     | ss_crawler | [lens_scraper] BEST MATCH: Sony E 30mm F3.5 Macro score=1.05
2026-05-17 01:07:06 | INFO     | ss_crawler | [lens_scraper] Matched [flxmi]: Sony_Sony_E_30mm_F3.5_Macro (100% confidence)
2026-05-17 01:07:06 | INFO     | ss_crawler | [crawler] Fetching : https://www.ss.com/msg/lv/electronics/photo-optics/objectives/egicb.html
2026-05-17 01:07:10 | INFO     | ss_crawler | [lens_scraper] MODEL EXTRACTED: '28-135mm'
2026-05-17 01:07:10 | INFO     | ss_crawler | [lens_scraper] MOUNT DETECT: None
2026-05-17 01:07:10 | INFO     | ss_crawler | [lens_scraper] Detected focal: 28mm-135mm (from_model=True)
2026-05-17 01:07:10 | INFO     | ss_crawler | [lens_scraper] Using TITLE ONLY for matching: 'sigma modelis: 28-135mm...'
2026-05-17 01:07:10 | INFO     | ss_crawler | [lens_scraper] BEST MATCH: Sony FE PZ 28-135mm F4 G OSS score=0.85
2026-05-17 01:07:10 | INFO     | ss_crawler | [lens_scraper] Matched [egicb]: Sony_Sony_FE_PZ_28-135mm_F4_G_OSS (85% confidence)
2026-05-17 01:07:10 | INFO     | ss_crawler | [crawler] Fetching : https://www.ss.com/msg/lv/electronics/photo-optics/objectives/mbcgc.html
2026-05-17 01:07:13 | INFO     | ss_crawler | [lens_scraper] Filtered [mbcgc]: filtered_nikon
2026-05-17 01:07:13 | INFO     | ss_crawler | [crawler] Fetching : https://www.ss.com/msg/lv/electronics/photo-optics/objectives/bhnnxk.html
2026-05-17 01:07:16 | INFO     | ss_crawler | [lens_scraper] MODEL EXTRACTED: 'ef 24 1, 4lii'
2026-05-17 01:07:16 | INFO     | ss_crawler | [lens_scraper] MOUNT DETECT: EF
2026-05-17 01:07:16 | INFO     | ss_crawler | [lens_scraper] Detected focal: 24mm (from_model=True)
2026-05-17 01:07:16 | INFO     | ss_crawler | [lens_scraper] Using TITLE ONLY for matching: 'canon modelis: ef 24 1, 4lii...'
2026-05-17 01:07:16 | INFO     | ss_crawler | [lens_scraper] BEST MATCH: 24mm F1.4L II USM score=1.60
2026-05-17 01:07:16 | INFO     | ss_crawler | [lens_scraper] Matched [bhnnxk]: Canon_24mm_F1.4L_II_USM (100% confidence)
2026-05-17 01:07:16 | INFO     | ss_crawler | [crawler] Fetching : https://www.ss.com/msg/lv/electronics/photo-optics/objectives/bigokg.html
2026-05-17 01:07:19 | INFO     | ss_crawler | [lens_scraper] MODEL EXTRACTED: 'ef 24-105 f4l'
2026-05-17 01:07:19 | INFO     | ss_crawler | [lens_scraper] MOUNT DETECT: EF
2026-05-17 01:07:19 | INFO     | ss_crawler | [lens_scraper] Detected focal: 24mm-105mm (from_model=True)
2026-05-17 01:07:19 | INFO     | ss_crawler | [lens_scraper] Using TITLE ONLY for matching: 'canon modelis: ef 24-105 f4l...'
2026-05-17 01:07:19 | INFO     | ss_crawler | [lens_scraper] BEST MATCH: 24-105mm F4L IS USM score=1.50
2026-05-17 01:07:19 | INFO     | ss_crawler | [lens_scraper] Matched [bigokg]: Canon_24-105mm_F4L_IS_USM (100% confidence)
2026-05-17 01:07:19 | INFO     | ss_crawler | [crawler] Fetching : https://www.ss.com/msg/lv/electronics/photo-optics/objectives/fgimf.html
2026-05-17 01:07:22 | INFO     | ss_crawler | [lens_scraper] MODEL EXTRACTED: '35mm f/2.8'
2026-05-17 01:07:22 | INFO     | ss_crawler | [lens_scraper] MOUNT DETECT: EF-S
2026-05-17 01:07:22 | INFO     | ss_crawler | [lens_scraper] Detected focal: 35mm (from_model=True)
2026-05-17 01:07:22 | INFO     | ss_crawler | [lens_scraper] Using TITLE ONLY for matching: 'canon modelis: 35mm f/2.8...'
2026-05-17 01:07:22 | INFO     | ss_crawler | [lens_scraper] BEST MATCH: 35mm F2.8 Macro IS STM score=1.50
2026-05-17 01:07:22 | INFO     | ss_crawler | [lens_scraper] Matched [fgimf]: Canon_35mm_F2.8_Macro_IS_STM (100% confidence)
2026-05-17 01:07:22 | INFO     | ss_crawler | [crawler] Fetching : https://www.ss.com/msg/lv/electronics/photo-optics/objectives/hcdof.html
2026-05-17 01:07:25 | INFO     | ss_crawler | [lens_scraper] MODEL EXTRACTED: '10-20 mm'
2026-05-17 01:07:25 | INFO     | ss_crawler | [lens_scraper] MOUNT DETECT: None
2026-05-17 01:07:25 | INFO     | ss_crawler | [lens_scraper] Detected focal: 10mm-20mm (from_model=True)
2026-05-17 01:07:25 | INFO     | ss_crawler | [lens_scraper] Using TITLE ONLY for matching: 'sigma modelis: 10-20 mm...'
2026-05-17 01:07:25 | INFO     | ss_crawler | [lens_scraper] BEST MATCH: 10-20mm F3.5 EX DC HSM score=1.25
2026-05-17 01:07:25 | INFO     | ss_crawler | [lens_scraper] Matched [hcdof]: Sigma_10-20mm_F3.5_EX_DC_HSM (100% confidence)
2026-05-17 01:07:25 | INFO     | ss_crawler | [crawler] Fetching : https://www.ss.com/msg/lv/electronics/photo-optics/objectives/mbddb.html
2026-05-17 01:07:28 | INFO     | ss_crawler | [lens_scraper] Filtered [mbddb]: filtered_nikon
2026-05-17 01:07:28 | INFO     | ss_crawler | [crawler] Fetching : https://www.ss.com/msg/lv/electronics/photo-optics/objectives/acfjg.html
2026-05-17 01:07:29 | INFO     | ss_crawler | [lens_scraper] MODEL EXTRACTED: 'canon продаю объектив eos canon 24-70 4t l серии, малопользованый'
2026-05-17 01:07:29 | INFO     | ss_crawler | [lens_scraper] MOUNT DETECT: None
2026-05-17 01:07:29 | INFO     | ss_crawler | [lens_scraper] Detected focal: 24mm-70mm (from_model=True)
2026-05-17 01:07:29 | INFO     | ss_crawler | [lens_scraper] Using TITLE ONLY for matching: 'eos modelis: canon продаю объектив eos canon 24-70 4t l сери...'
2026-05-17 01:07:29 | INFO     | ss_crawler | [lens_scraper] BEST MATCH: 24-70mm F4L IS USM score=1.35
2026-05-17 01:07:29 | INFO     | ss_crawler | [lens_scraper] Matched [acfjg]: Canon_24-70mm_F4L_IS_USM (100% confidence)
2026-05-17 01:07:29 | INFO     | ss_crawler | [crawler] Fetching : https://www.ss.com/msg/lv/electronics/photo-optics/objectives/fopom.html
2026-05-17 01:07:31 | INFO     | ss_crawler | [lens_scraper] Filtered [fopom]: filtered_jauns
2026-05-17 01:07:31 | INFO     | ss_crawler | [crawler] Fetching : https://www.ss.com/msg/lv/electronics/photo-optics/objectives/bgookb.html
2026-05-17 01:07:34 | INFO     | ss_crawler | [lens_scraper] Filtered [bgookb]: filtered_jauns
2026-05-17 01:07:34 | INFO     | ss_crawler | [crawler] Fetching : https://www.ss.com/msg/lv/electronics/photo-optics/objectives/pdnbl.html
2026-05-17 01:07:38 | INFO     | ss_crawler | [lens_scraper] Filtered [pdnbl]: filtered_jauns
2026-05-17 01:07:38 | INFO     | ss_crawler | [crawler] Fetching : https://www.ss.com/msg/lv/electronics/photo-optics/objectives/mcbcb.html
2026-05-17 01:07:41 | INFO     | ss_crawler | [lens_scraper] Filtered [mcbcb]: filtered_nikon
2026-05-17 01:07:41 | INFO     | ss_crawler | [crawler] Fetching : https://www.ss.com/msg/lv/electronics/photo-optics/objectives/fncgj.html
2026-05-17 01:07:44 | INFO     | ss_crawler | [lens_scraper] Filtered [fncgj]: filtered_nikon
2026-05-17 01:07:44 | INFO     | ss_crawler | [lens_scraper] No more pages to scrape
2026-05-17 01:07:44 | INFO     | ss_crawler | [lens_scraper] Category scrape complete. Total listings: 22
2026-05-17 01:07:44 | INFO     | ss_crawler | [repository] ✨ aalgl: New
2026-05-17 01:07:44 | INFO     | ss_crawler | [repository] ⏸️ aalgl: Unchanged
2026-05-17 01:07:44 | INFO     | ss_crawler | [repository] ⏸️ aalgl: Unchanged
2026-05-17 01:07:44 | INFO     | ss_crawler | [repository] ✨ loolb: New
2026-05-17 01:07:44 | INFO     | ss_crawler | [repository] ✨ bgpjfj: New
2026-05-17 01:07:44 | INFO     | ss_crawler | [repository] ✨ fljof: New
2026-05-17 01:07:44 | INFO     | ss_crawler | [repository] ✨ begohe: New
2026-05-17 01:07:44 | INFO     | ss_crawler | [repository] ✨ gobcn: New
2026-05-17 01:07:44 | INFO     | ss_crawler | [repository] ✨ gcxci: New
2026-05-17 01:07:44 | INFO     | ss_crawler | [repository] ✨ lphdk: New
2026-05-17 01:07:44 | INFO     | ss_crawler | [repository] ✨ lpcjf: New
2026-05-17 01:07:44 | INFO     | ss_crawler | [repository] ✨ jpdce: New
2026-05-17 01:07:44 | INFO     | ss_crawler | [repository] ✨ aabgf: New
2026-05-17 01:07:44 | INFO     | ss_crawler | [repository] ✨ abdpe: New
2026-05-17 01:07:44 | INFO     | ss_crawler | [repository] ✨ gcmeb: New
2026-05-17 01:07:44 | INFO     | ss_crawler | [repository] ✨ flxmi: New
2026-05-17 01:07:44 | INFO     | ss_crawler | [repository] ✨ egicb: New
2026-05-17 01:07:44 | INFO     | ss_crawler | [repository] ✨ bhnnxk: New
2026-05-17 01:07:44 | INFO     | ss_crawler | [repository] ✨ bigokg: New
2026-05-17 01:07:44 | INFO     | ss_crawler | [repository] ✨ fgimf: New
2026-05-17 01:07:44 | INFO     | ss_crawler | [repository] ✨ hcdof: New
2026-05-17 01:07:44 | INFO     | ss_crawler | [repository] ✨ acfjg: New
2026-05-17 01:07:48 | INFO     | ss_crawler | [database] Database connected: localhost:5433/ss_market
2026-05-17 01:10:17 | INFO     | ss_crawler | [lens_scraper] Initializing Lens scraper...
2026-05-17 01:10:17 | INFO     | ss_crawler | [database] Database connected: localhost:5433/ss_market
2026-05-17 01:10:17 | INFO     | ss_crawler | [lens_scraper] Database: postgresql+psycopg2://crawler:crawler_pass@localhost:5433/ss_market
2026-05-17 01:10:18 | INFO     | ss_crawler | [lens_scraper] Loaded 481 lens references
2026-05-17 01:10:18 | INFO     | ss_crawler | [lens_scraper] Starting lens category scrape: https://www.ss.com/lv/electronics/photo-optics/objectives/
2026-05-17 01:10:18 | INFO     | ss_crawler | [lens_scraper] Fetching page 1: https://www.ss.com/lv/electronics/photo-optics/objectives/
2026-05-17 01:10:18 | INFO     | ss_crawler | [crawler] Fetching : https://www.ss.com/lv/electronics/photo-optics/objectives/
2026-05-17 01:10:21 | INFO     | ss_crawler | [lens_scraper] Found 32 listings on page 1
2026-05-17 01:10:21 | INFO     | ss_crawler | [crawler] Fetching : https://www.ss.com/msg/lv/electronics/photo-optics/objectives/aalgl.html
2026-05-17 01:10:23 | INFO     | ss_crawler | [lens_scraper] MODEL EXTRACTED: 'ef 85mm 1, 8f'
2026-05-17 01:10:23 | INFO     | ss_crawler | [lens_scraper] MOUNT DETECT: EF
2026-05-17 01:10:23 | INFO     | ss_crawler | [lens_scraper] Detected focal: 85mm (from_model=True)
2026-05-17 01:10:23 | INFO     | ss_crawler | [lens_scraper] Using TITLE ONLY for matching: 'canon modelis: ef 85mm 1, 8f...'
2026-05-17 01:10:23 | INFO     | ss_crawler | [lens_scraper] BEST MATCH: 85mm F1.4L IS USM score=1.35
2026-05-17 01:10:23 | INFO     | ss_crawler | [lens_scraper] Matched [aalgl]: Canon_85mm_F1.4L_IS_USM (100% confidence)
2026-05-17 01:10:23 | INFO     | ss_crawler | [crawler] Fetching : https://www.ss.com/msg/lv/electronics/photo-optics/objectives/aalgl.html
2026-05-17 01:10:27 | INFO     | ss_crawler | [lens_scraper] MODEL EXTRACTED: 'ef 85mm 1, 8f'
2026-05-17 01:10:27 | INFO     | ss_crawler | [lens_scraper] MOUNT DETECT: EF
2026-05-17 01:10:27 | INFO     | ss_crawler | [lens_scraper] Detected focal: 85mm (from_model=True)
2026-05-17 01:10:27 | INFO     | ss_crawler | [lens_scraper] Using TITLE ONLY for matching: 'canon modelis: ef 85mm 1, 8f...'
2026-05-17 01:10:27 | INFO     | ss_crawler | [lens_scraper] BEST MATCH: 85mm F1.4L IS USM score=1.35
2026-05-17 01:10:27 | INFO     | ss_crawler | [lens_scraper] Matched [aalgl]: Canon_85mm_F1.4L_IS_USM (100% confidence)
2026-05-17 01:10:27 | INFO     | ss_crawler | [crawler] Fetching : https://www.ss.com/msg/lv/electronics/photo-optics/objectives/aalgl.html
2026-05-17 01:10:29 | INFO     | ss_crawler | [lens_scraper] MODEL EXTRACTED: 'ef 85mm 1, 8f'
2026-05-17 01:10:29 | INFO     | ss_crawler | [lens_scraper] MOUNT DETECT: EF
2026-05-17 01:10:29 | INFO     | ss_crawler | [lens_scraper] Detected focal: 85mm (from_model=True)
2026-05-17 01:10:29 | INFO     | ss_crawler | [lens_scraper] Using TITLE ONLY for matching: 'canon modelis: ef 85mm 1, 8f...'
2026-05-17 01:10:29 | INFO     | ss_crawler | [lens_scraper] BEST MATCH: 85mm F1.4L IS USM score=1.35
2026-05-17 01:10:29 | INFO     | ss_crawler | [lens_scraper] Matched [aalgl]: Canon_85mm_F1.4L_IS_USM (100% confidence)
2026-05-17 01:10:29 | INFO     | ss_crawler | [crawler] Fetching : https://www.ss.com/msg/lv/electronics/photo-optics/objectives/loolb.html
2026-05-17 01:10:32 | INFO     | ss_crawler | [lens_scraper] MODEL EXTRACTED: 'ef 24-105/4'
2026-05-17 01:10:32 | INFO     | ss_crawler | [lens_scraper] MOUNT DETECT: EF
2026-05-17 01:10:32 | INFO     | ss_crawler | [lens_scraper] Detected focal: 24mm-105mm (from_model=True)
2026-05-17 01:10:32 | INFO     | ss_crawler | [lens_scraper] Using TITLE ONLY for matching: 'canon modelis: ef 24-105/4...'
2026-05-17 01:10:32 | INFO     | ss_crawler | [lens_scraper] BEST MATCH: 24-105mm F3.5-5.6 IS STM score=1.35
2026-05-17 01:10:32 | INFO     | ss_crawler | [lens_scraper] Matched [loolb]: Canon_24-105mm_F3.5-5.6_IS_STM (100% confidence)
2026-05-17 01:10:32 | INFO     | ss_crawler | [crawler] Fetching : https://www.ss.com/msg/lv/electronics/photo-optics/objectives/bgpjfj.html
2026-05-17 01:10:35 | INFO     | ss_crawler | [lens_scraper] MODEL EXTRACTED: '24-70mm f/2.8'
2026-05-17 01:10:35 | INFO     | ss_crawler | [lens_scraper] MOUNT DETECT: EF
2026-05-17 01:10:35 | INFO     | ss_crawler | [lens_scraper] Detected focal: 24mm-70mm (from_model=True)
2026-05-17 01:10:35 | INFO     | ss_crawler | [lens_scraper] Using TITLE ONLY for matching: 'sigma modelis: 24-70mm f/2.8...'
2026-05-17 01:10:35 | INFO     | ss_crawler | [lens_scraper] BEST MATCH: 24-70mm F2.8 DG OS HSM Art score=1.50
2026-05-17 01:10:35 | INFO     | ss_crawler | [lens_scraper] Matched [bgpjfj]: Sigma_24-70mm_F2.8_DG_OS_HSM_Art (100% confidence)
2026-05-17 01:10:35 | INFO     | ss_crawler | [crawler] Fetching : https://www.ss.com/msg/lv/electronics/photo-optics/objectives/fljof.html
2026-05-17 01:10:38 | INFO     | ss_crawler | [lens_scraper] MODEL EXTRACTED: '24-70 ll'
2026-05-17 01:10:38 | INFO     | ss_crawler | [lens_scraper] MOUNT DETECT: EF
2026-05-17 01:10:38 | INFO     | ss_crawler | [lens_scraper] Detected focal: 24mm-70mm (from_model=True)
2026-05-17 01:10:38 | INFO     | ss_crawler | [lens_scraper] Using TITLE ONLY for matching: 'canon modelis: 24-70 ll...'
2026-05-17 01:10:38 | INFO     | ss_crawler | [lens_scraper] BEST MATCH: 24-70mm F2.8L II USM score=1.45
2026-05-17 01:10:38 | INFO     | ss_crawler | [lens_scraper] Matched [fljof]: Canon_24-70mm_F2.8L_II_USM (100% confidence)
2026-05-17 01:10:38 | INFO     | ss_crawler | [crawler] Fetching : https://www.ss.com/msg/lv/electronics/photo-optics/objectives/begohe.html
2026-05-17 01:10:40 | INFO     | ss_crawler | [lens_scraper] MODEL EXTRACTED: '16-28 f2.8'
2026-05-17 01:10:40 | INFO     | ss_crawler | [lens_scraper] MOUNT DETECT: E
2026-05-17 01:10:40 | INFO     | ss_crawler | [lens_scraper] Detected focal: 16mm-28mm (from_model=True)
2026-05-17 01:10:40 | INFO     | ss_crawler | [lens_scraper] Using TITLE ONLY for matching: 'sigma modelis: 16-28 f2.8...'
2026-05-17 01:10:40 | INFO     | ss_crawler | [lens_scraper] BEST MATCH: Sigma 16-28mm F2.8 DG DN | Contemporary score=1.50
2026-05-17 01:10:40 | INFO     | ss_crawler | [lens_scraper] Matched [begohe]: Sigma_Sigma_16-28mm_F2.8_DG_DN_|_Contemporary (100% confidence)
2026-05-17 01:10:40 | INFO     | ss_crawler | [crawler] Fetching : https://www.ss.com/msg/lv/electronics/photo-optics/objectives/fmehe.html
2026-05-17 01:10:43 | INFO     | ss_crawler | [lens_scraper] Filtered [fmehe]: filtered_nikon
2026-05-17 01:10:43 | INFO     | ss_crawler | [crawler] Fetching : https://www.ss.com/msg/lv/electronics/photo-optics/objectives/gobcn.html
2026-05-17 01:10:45 | INFO     | ss_crawler | [lens_scraper] MODEL EXTRACTED: 'lumix 20mm'
2026-05-17 01:10:45 | INFO     | ss_crawler | [lens_scraper] MOUNT DETECT: None
2026-05-17 01:10:45 | INFO     | ss_crawler | [lens_scraper] Detected focal: 20mm (from_model=True)
2026-05-17 01:10:45 | INFO     | ss_crawler | [lens_scraper] Using TITLE ONLY for matching: 'panasonic modelis: lumix 20mm...'
2026-05-17 01:10:45 | INFO     | ss_crawler | [lens_scraper] BEST MATCH: 20mm F2.8 USM score=0.85
2026-05-17 01:10:45 | INFO     | ss_crawler | [lens_scraper] Matched [gobcn]: Canon_20mm_F2.8_USM (85% confidence)
2026-05-17 01:10:45 | INFO     | ss_crawler | [crawler] Fetching : https://www.ss.com/msg/lv/electronics/photo-optics/objectives/gcxci.html
2026-05-17 01:10:47 | INFO     | ss_crawler | [lens_scraper] MODEL EXTRACTED: '75mm 1.5'
2026-05-17 01:10:47 | INFO     | ss_crawler | [lens_scraper] MOUNT DETECT: E
2026-05-17 01:10:47 | INFO     | ss_crawler | [lens_scraper] Detected focal: 75mm (from_model=True)
2026-05-17 01:10:47 | INFO     | ss_crawler | [lens_scraper] Using TITLE ONLY for matching: 'ttartisan modelis: 75mm 1.5...'
2026-05-17 01:10:47 | INFO     | ss_crawler | [lens_scraper] BEST MATCH: Sony E 10-18mm F4 OSS score=0.70
2026-05-17 01:10:47 | INFO     | ss_crawler | [lens_scraper] Matched [gcxci]: Sony_Sony_E_10-18mm_F4_OSS (70% confidence)
2026-05-17 01:10:47 | INFO     | ss_crawler | [crawler] Fetching : https://www.ss.com/msg/lv/electronics/photo-optics/objectives/lphdk.html
2026-05-17 01:10:51 | INFO     | ss_crawler | [lens_scraper] MODEL EXTRACTED: '24 f/ 2, 8 stm'
2026-05-17 01:10:51 | INFO     | ss_crawler | [lens_scraper] MOUNT DETECT: EF-S
2026-05-17 01:10:51 | INFO     | ss_crawler | [lens_scraper] Detected focal: 24mm (from_model=True)
2026-05-17 01:10:51 | INFO     | ss_crawler | [lens_scraper] Using TITLE ONLY for matching: 'canon modelis: 24 f/ 2, 8 stm...'
2026-05-17 01:10:51 | INFO     | ss_crawler | [lens_scraper] BEST MATCH: 24mm F2.8 STM score=1.60
2026-05-17 01:10:51 | INFO     | ss_crawler | [lens_scraper] Matched [lphdk]: Canon_24mm_F2.8_STM (100% confidence)
2026-05-17 01:10:51 | INFO     | ss_crawler | [crawler] Fetching : https://www.ss.com/msg/lv/electronics/photo-optics/objectives/lpcjf.html
2026-05-17 01:10:54 | INFO     | ss_crawler | [lens_scraper] MODEL EXTRACTED: 'fe 24-70mm'
2026-05-17 01:10:54 | INFO     | ss_crawler | [lens_scraper] MOUNT DETECT: E
2026-05-17 01:10:54 | INFO     | ss_crawler | [lens_scraper] Detected focal: 24mm-70mm (from_model=True)
2026-05-17 01:10:54 | INFO     | ss_crawler | [lens_scraper] Using TITLE ONLY for matching: 'sony modelis: fe 24-70mm...'
2026-05-17 01:10:54 | INFO     | ss_crawler | [lens_scraper] BEST MATCH: Sony FE 24-70mm F2.8 GM II score=1.45
2026-05-17 01:10:54 | INFO     | ss_crawler | [lens_scraper] Matched [lpcjf]: Sony_Sony_FE_24-70mm_F2.8_GM_II (100% confidence)
2026-05-17 01:10:54 | INFO     | ss_crawler | [crawler] Fetching : https://www.ss.com/msg/lv/electronics/photo-optics/objectives/jpdce.html
2026-05-17 01:10:57 | INFO     | ss_crawler | [lens_scraper] MODEL EXTRACTED: 'fe 50mm f1.8'
2026-05-17 01:10:57 | INFO     | ss_crawler | [lens_scraper] MOUNT DETECT: E
2026-05-17 01:10:57 | INFO     | ss_crawler | [lens_scraper] Detected focal: 50mm (from_model=True)
2026-05-17 01:10:57 | INFO     | ss_crawler | [lens_scraper] Using TITLE ONLY for matching: 'sony modelis: fe 50mm f1.8...'
2026-05-17 01:10:57 | INFO     | ss_crawler | [lens_scraper] BEST MATCH: Sony E 50mm F1.8 OSS score=0.95
2026-05-17 01:10:57 | INFO     | ss_crawler | [lens_scraper] Matched [jpdce]: Sony_Sony_E_50mm_F1.8_OSS (95% confidence)
2026-05-17 01:10:57 | INFO     | ss_crawler | [crawler] Fetching : https://www.ss.com/msg/lv/electronics/photo-optics/objectives/eldbp.html
2026-05-17 01:11:00 | INFO     | ss_crawler | [lens_scraper] Filtered [eldbp]: filtered_jauns
2026-05-17 01:11:00 | INFO     | ss_crawler | [crawler] Fetching : https://www.ss.com/msg/lv/electronics/photo-optics/objectives/opxxp.html
2026-05-17 01:11:03 | INFO     | ss_crawler | [lens_scraper] Filtered [opxxp]: filtered_nikon
2026-05-17 01:11:03 | INFO     | ss_crawler | [crawler] Fetching : https://www.ss.com/msg/lv/electronics/photo-optics/objectives/aabgf.html
2026-05-17 01:11:05 | INFO     | ss_crawler | [lens_scraper] MODEL EXTRACTED: '24-105 mm, f4'
2026-05-17 01:11:05 | INFO     | ss_crawler | [lens_scraper] MOUNT DETECT: None
2026-05-17 01:11:05 | INFO     | ss_crawler | [lens_scraper] Detected focal: 24mm-105mm (from_model=True)
2026-05-17 01:11:05 | INFO     | ss_crawler | [lens_scraper] Using TITLE ONLY for matching: 'canon modelis: 24-105 mm, f4...'
2026-05-17 01:11:05 | INFO     | ss_crawler | [lens_scraper] BEST MATCH: 24-105mm F4L IS USM score=1.40
2026-05-17 01:11:05 | INFO     | ss_crawler | [lens_scraper] Matched [aabgf]: Canon_24-105mm_F4L_IS_USM (100% confidence)
2026-05-17 01:11:05 | INFO     | ss_crawler | [crawler] Fetching : https://www.ss.com/msg/lv/electronics/photo-optics/objectives/abdpe.html
2026-05-17 01:11:07 | INFO     | ss_crawler | [lens_scraper] MODEL EXTRACTED: '50 mm f1, 4, ef'
2026-05-17 01:11:07 | INFO     | ss_crawler | [lens_scraper] MOUNT DETECT: None
2026-05-17 01:11:07 | INFO     | ss_crawler | [lens_scraper] Detected focal: 50mm (from_model=True)
2026-05-17 01:11:07 | INFO     | ss_crawler | [lens_scraper] Using TITLE ONLY for matching: 'canon modelis: 50 mm f1, 4, ef...'
2026-05-17 01:11:07 | INFO     | ss_crawler | [lens_scraper] BEST MATCH: 50mm F1.4 USM score=1.40
2026-05-17 01:11:07 | INFO     | ss_crawler | [lens_scraper] Matched [abdpe]: Canon_50mm_F1.4_USM (100% confidence)
2026-05-17 01:11:07 | INFO     | ss_crawler | [crawler] Fetching : https://www.ss.com/msg/lv/electronics/photo-optics/objectives/gcmeb.html
2026-05-17 01:11:10 | INFO     | ss_crawler | [lens_scraper] MODEL EXTRACTED: '17-28'
2026-05-17 01:11:10 | INFO     | ss_crawler | [lens_scraper] MOUNT DETECT: E
2026-05-17 01:11:10 | INFO     | ss_crawler | [lens_scraper] Detected focal: 17mm-28mm (from_model=True)
2026-05-17 01:11:10 | INFO     | ss_crawler | [lens_scraper] Using TITLE ONLY for matching: 'tamron modelis: 17-28...'
2026-05-17 01:11:10 | INFO     | ss_crawler | [lens_scraper] BEST MATCH: Tamron 17-28mm F/2.8 Di III RXD score=0.80
2026-05-17 01:11:10 | INFO     | ss_crawler | [lens_scraper] Matched [gcmeb]: Tamron_Tamron_17-28mm_F_2.8_Di_III_RXD (80% confidence)
2026-05-17 01:11:10 | INFO     | ss_crawler | [crawler] Fetching : https://www.ss.com/msg/lv/electronics/photo-optics/objectives/flxmi.html
2026-05-17 01:11:13 | INFO     | ss_crawler | [lens_scraper] MODEL EXTRACTED: 'sel30m35'
2026-05-17 01:11:13 | INFO     | ss_crawler | [lens_scraper] MOUNT DETECT: E
2026-05-17 01:11:14 | INFO     | ss_crawler | [lens_scraper] BEST MATCH: Sony E 30mm F3.5 Macro score=1.05
2026-05-17 01:11:14 | INFO     | ss_crawler | [lens_scraper] Matched [flxmi]: Sony_Sony_E_30mm_F3.5_Macro (100% confidence)
2026-05-17 01:11:14 | INFO     | ss_crawler | [crawler] Fetching : https://www.ss.com/msg/lv/electronics/photo-optics/objectives/egicb.html
2026-05-17 01:11:16 | INFO     | ss_crawler | [lens_scraper] MODEL EXTRACTED: '28-135mm'
2026-05-17 01:11:16 | INFO     | ss_crawler | [lens_scraper] MOUNT DETECT: None
2026-05-17 01:11:16 | INFO     | ss_crawler | [lens_scraper] Detected focal: 28mm-135mm (from_model=True)
2026-05-17 01:11:16 | INFO     | ss_crawler | [lens_scraper] Using TITLE ONLY for matching: 'sigma modelis: 28-135mm...'
2026-05-17 01:11:16 | INFO     | ss_crawler | [lens_scraper] BEST MATCH: Sony FE PZ 28-135mm F4 G OSS score=0.85
2026-05-17 01:11:16 | INFO     | ss_crawler | [lens_scraper] Matched [egicb]: Sony_Sony_FE_PZ_28-135mm_F4_G_OSS (85% confidence)
2026-05-17 01:11:16 | INFO     | ss_crawler | [crawler] Fetching : https://www.ss.com/msg/lv/electronics/photo-optics/objectives/mbcgc.html
2026-05-17 01:11:19 | INFO     | ss_crawler | [lens_scraper] Filtered [mbcgc]: filtered_nikon
2026-05-17 01:11:19 | INFO     | ss_crawler | [crawler] Fetching : https://www.ss.com/msg/lv/electronics/photo-optics/objectives/bhnnxk.html
2026-05-17 01:11:21 | INFO     | ss_crawler | [lens_scraper] MODEL EXTRACTED: 'ef 24 1, 4lii'
2026-05-17 01:11:21 | INFO     | ss_crawler | [lens_scraper] MOUNT DETECT: EF
2026-05-17 01:11:21 | INFO     | ss_crawler | [lens_scraper] Detected focal: 24mm (from_model=True)
2026-05-17 01:11:21 | INFO     | ss_crawler | [lens_scraper] Using TITLE ONLY for matching: 'canon modelis: ef 24 1, 4lii...'
2026-05-17 01:11:21 | INFO     | ss_crawler | [lens_scraper] BEST MATCH: 24mm F1.4L II USM score=1.60
2026-05-17 01:11:21 | INFO     | ss_crawler | [lens_scraper] Matched [bhnnxk]: Canon_24mm_F1.4L_II_USM (100% confidence)
2026-05-17 01:11:21 | INFO     | ss_crawler | [crawler] Fetching : https://www.ss.com/msg/lv/electronics/photo-optics/objectives/bigokg.html
2026-05-17 01:11:23 | INFO     | ss_crawler | [lens_scraper] MODEL EXTRACTED: 'ef 24-105 f4l'
2026-05-17 01:11:23 | INFO     | ss_crawler | [lens_scraper] MOUNT DETECT: EF
2026-05-17 01:11:23 | INFO     | ss_crawler | [lens_scraper] Detected focal: 24mm-105mm (from_model=True)
2026-05-17 01:11:23 | INFO     | ss_crawler | [lens_scraper] Using TITLE ONLY for matching: 'canon modelis: ef 24-105 f4l...'
2026-05-17 01:11:23 | INFO     | ss_crawler | [lens_scraper] BEST MATCH: 24-105mm F4L IS USM score=1.50
2026-05-17 01:11:23 | INFO     | ss_crawler | [lens_scraper] Matched [bigokg]: Canon_24-105mm_F4L_IS_USM (100% confidence)
2026-05-17 01:11:23 | INFO     | ss_crawler | [crawler] Fetching : https://www.ss.com/msg/lv/electronics/photo-optics/objectives/fgimf.html
2026-05-17 01:11:26 | INFO     | ss_crawler | [lens_scraper] MODEL EXTRACTED: '35mm f/2.8'
2026-05-17 01:11:26 | INFO     | ss_crawler | [lens_scraper] MOUNT DETECT: EF-S
2026-05-17 01:11:26 | INFO     | ss_crawler | [lens_scraper] Detected focal: 35mm (from_model=True)
2026-05-17 01:11:26 | INFO     | ss_crawler | [lens_scraper] Using TITLE ONLY for matching: 'canon modelis: 35mm f/2.8...'
2026-05-17 01:11:26 | INFO     | ss_crawler | [lens_scraper] BEST MATCH: 35mm F2.8 Macro IS STM score=1.50
2026-05-17 01:11:26 | INFO     | ss_crawler | [lens_scraper] Matched [fgimf]: Canon_35mm_F2.8_Macro_IS_STM (100% confidence)
2026-05-17 01:11:26 | INFO     | ss_crawler | [crawler] Fetching : https://www.ss.com/msg/lv/electronics/photo-optics/objectives/hcdof.html
2026-05-17 01:11:29 | INFO     | ss_crawler | [lens_scraper] MODEL EXTRACTED: '10-20 mm'
2026-05-17 01:11:29 | INFO     | ss_crawler | [lens_scraper] MOUNT DETECT: None
2026-05-17 01:11:29 | INFO     | ss_crawler | [lens_scraper] Detected focal: 10mm-20mm (from_model=True)
2026-05-17 01:11:29 | INFO     | ss_crawler | [lens_scraper] Using TITLE ONLY for matching: 'sigma modelis: 10-20 mm...'
2026-05-17 01:11:29 | INFO     | ss_crawler | [lens_scraper] BEST MATCH: 10-20mm F3.5 EX DC HSM score=1.25
2026-05-17 01:11:29 | INFO     | ss_crawler | [lens_scraper] Matched [hcdof]: Sigma_10-20mm_F3.5_EX_DC_HSM (100% confidence)
2026-05-17 01:11:29 | INFO     | ss_crawler | [crawler] Fetching : https://www.ss.com/msg/lv/electronics/photo-optics/objectives/mbddb.html
2026-05-17 01:11:31 | INFO     | ss_crawler | [lens_scraper] Filtered [mbddb]: filtered_nikon
2026-05-17 01:11:31 | INFO     | ss_crawler | [crawler] Fetching : https://www.ss.com/msg/lv/electronics/photo-optics/objectives/acfjg.html
2026-05-17 01:11:33 | INFO     | ss_crawler | [lens_scraper] MODEL EXTRACTED: 'canon продаю объектив eos canon 24-70 4t l серии, малопользованый'
2026-05-17 01:11:33 | INFO     | ss_crawler | [lens_scraper] MOUNT DETECT: None
2026-05-17 01:11:33 | INFO     | ss_crawler | [lens_scraper] Detected focal: 24mm-70mm (from_model=True)
2026-05-17 01:11:33 | INFO     | ss_crawler | [lens_scraper] Using TITLE ONLY for matching: 'eos modelis: canon продаю объектив eos canon 24-70 4t l сери...'
2026-05-17 01:11:33 | INFO     | ss_crawler | [lens_scraper] BEST MATCH: 24-70mm F4L IS USM score=1.35
2026-05-17 01:11:33 | INFO     | ss_crawler | [lens_scraper] Matched [acfjg]: Canon_24-70mm_F4L_IS_USM (100% confidence)
2026-05-17 01:11:33 | INFO     | ss_crawler | [crawler] Fetching : https://www.ss.com/msg/lv/electronics/photo-optics/objectives/fopom.html
2026-05-17 01:11:35 | INFO     | ss_crawler | [lens_scraper] Filtered [fopom]: filtered_jauns
2026-05-17 01:11:35 | INFO     | ss_crawler | [crawler] Fetching : https://www.ss.com/msg/lv/electronics/photo-optics/objectives/bgookb.html
2026-05-17 01:11:38 | INFO     | ss_crawler | [lens_scraper] Filtered [bgookb]: filtered_jauns
2026-05-17 01:11:38 | INFO     | ss_crawler | [crawler] Fetching : https://www.ss.com/msg/lv/electronics/photo-optics/objectives/pdnbl.html
2026-05-17 01:11:40 | INFO     | ss_crawler | [lens_scraper] Filtered [pdnbl]: filtered_jauns
2026-05-17 01:11:40 | INFO     | ss_crawler | [crawler] Fetching : https://www.ss.com/msg/lv/electronics/photo-optics/objectives/mcbcb.html
2026-05-17 01:11:43 | INFO     | ss_crawler | [lens_scraper] Filtered [mcbcb]: filtered_nikon
2026-05-17 01:11:43 | INFO     | ss_crawler | [crawler] Fetching : https://www.ss.com/msg/lv/electronics/photo-optics/objectives/fncgj.html
2026-05-17 01:11:47 | INFO     | ss_crawler | [lens_scraper] Filtered [fncgj]: filtered_nikon
2026-05-17 01:11:47 | INFO     | ss_crawler | [lens_scraper] No more pages to scrape
2026-05-17 01:11:47 | INFO     | ss_crawler | [lens_scraper] Category scrape complete. Total listings: 22
2026-05-17 01:11:47 | INFO     | ss_crawler | [repository] ⏸️ aalgl: Unchanged
2026-05-17 01:11:47 | INFO     | ss_crawler | [repository] ⏸️ aalgl: Unchanged
2026-05-17 01:11:47 | INFO     | ss_crawler | [repository] ⏸️ aalgl: Unchanged
2026-05-17 01:11:47 | INFO     | ss_crawler | [repository] ⏸️ loolb: Unchanged
2026-05-17 01:11:47 | INFO     | ss_crawler | [repository] ⏸️ bgpjfj: Unchanged
2026-05-17 01:11:47 | INFO     | ss_crawler | [repository] ⏸️ fljof: Unchanged
2026-05-17 01:11:47 | INFO     | ss_crawler | [repository] ⏸️ begohe: Unchanged
2026-05-17 01:11:47 | INFO     | ss_crawler | [repository] ⏸️ gobcn: Unchanged
2026-05-17 01:11:47 | INFO     | ss_crawler | [repository] ⏸️ gcxci: Unchanged
2026-05-17 01:11:47 | INFO     | ss_crawler | [repository] ⏸️ lphdk: Unchanged
2026-05-17 01:11:47 | INFO     | ss_crawler | [repository] ⏸️ lpcjf: Unchanged
2026-05-17 01:11:47 | INFO     | ss_crawler | [repository] ⏸️ jpdce: Unchanged
2026-05-17 01:11:47 | INFO     | ss_crawler | [repository] ⏸️ aabgf: Unchanged
2026-05-17 01:11:47 | INFO     | ss_crawler | [repository] ⏸️ abdpe: Unchanged
2026-05-17 01:11:47 | INFO     | ss_crawler | [repository] ⏸️ gcmeb: Unchanged
2026-05-17 01:11:47 | INFO     | ss_crawler | [repository] ⏸️ flxmi: Unchanged
2026-05-17 01:11:47 | INFO     | ss_crawler | [repository] ⏸️ egicb: Unchanged
2026-05-17 01:11:47 | INFO     | ss_crawler | [repository] ⏸️ bhnnxk: Unchanged
2026-05-17 01:11:47 | INFO     | ss_crawler | [repository] ⏸️ bigokg: Unchanged
2026-05-17 01:11:47 | INFO     | ss_crawler | [repository] ⏸️ fgimf: Unchanged
2026-05-17 01:11:47 | INFO     | ss_crawler | [repository] ⏸️ hcdof: Unchanged
2026-05-17 01:11:47 | INFO     | ss_crawler | [repository] ⏸️ acfjg: Unchanged
2026-05-17 01:13:02 | INFO     | ss_crawler | [lens_scraper] Initializing Lens scraper...
2026-05-17 01:13:02 | INFO     | ss_crawler | [database] Database connected: localhost:5433/ss_market
2026-05-17 01:13:02 | INFO     | ss_crawler | [lens_scraper] Database: postgresql+psycopg2://crawler:crawler_pass@localhost:5433/ss_market
2026-05-17 01:13:02 | INFO     | ss_crawler | [lens_scraper] Loaded 481 lens references
2026-05-17 01:13:02 | INFO     | ss_crawler | [lens_scraper] Starting lens category scrape: https://www.ss.com/lv/electronics/photo-optics/objectives/
2026-05-17 01:13:02 | INFO     | ss_crawler | [lens_scraper] Fetching page 1: https://www.ss.com/lv/electronics/photo-optics/objectives/
2026-05-17 01:13:02 | INFO     | ss_crawler | [crawler] Fetching : https://www.ss.com/lv/electronics/photo-optics/objectives/
2026-05-17 01:13:04 | INFO     | ss_crawler | [lens_scraper] Found 32 listings on page 1
2026-05-17 01:13:04 | INFO     | ss_crawler | [crawler] Fetching : https://www.ss.com/msg/lv/electronics/photo-optics/objectives/aalgl.html
2026-05-17 01:13:07 | INFO     | ss_crawler | [lens_scraper] MODEL EXTRACTED: 'ef 85mm 1, 8f'
2026-05-17 01:13:07 | INFO     | ss_crawler | [lens_scraper] MOUNT DETECT: EF
2026-05-17 01:13:07 | INFO     | ss_crawler | [lens_scraper] Detected focal: 85mm (from_model=True)
2026-05-17 01:13:07 | INFO     | ss_crawler | [lens_scraper] Using TITLE ONLY for matching: 'canon modelis: ef 85mm 1, 8f...'
2026-05-17 01:13:07 | INFO     | ss_crawler | [lens_scraper] BEST MATCH: 85mm F1.4L IS USM score=1.35
2026-05-17 01:13:07 | INFO     | ss_crawler | [lens_scraper] Matched [aalgl]: Canon_85mm_F1.4L_IS_USM (100% confidence)
2026-05-17 01:13:07 | INFO     | ss_crawler | [crawler] Fetching : https://www.ss.com/msg/lv/electronics/photo-optics/objectives/aalgl.html
2026-05-17 01:13:09 | INFO     | ss_crawler | [lens_scraper] MODEL EXTRACTED: 'ef 85mm 1, 8f'
2026-05-17 01:13:09 | INFO     | ss_crawler | [lens_scraper] MOUNT DETECT: EF
2026-05-17 01:13:09 | INFO     | ss_crawler | [lens_scraper] Detected focal: 85mm (from_model=True)
2026-05-17 01:13:09 | INFO     | ss_crawler | [lens_scraper] Using TITLE ONLY for matching: 'canon modelis: ef 85mm 1, 8f...'
2026-05-17 01:13:09 | INFO     | ss_crawler | [lens_scraper] BEST MATCH: 85mm F1.4L IS USM score=1.35
2026-05-17 01:13:09 | INFO     | ss_crawler | [lens_scraper] Matched [aalgl]: Canon_85mm_F1.4L_IS_USM (100% confidence)
2026-05-17 01:13:09 | INFO     | ss_crawler | [crawler] Fetching : https://www.ss.com/msg/lv/electronics/photo-optics/objectives/aalgl.html
2026-05-17 01:13:12 | INFO     | ss_crawler | [lens_scraper] MODEL EXTRACTED: 'ef 85mm 1, 8f'
2026-05-17 01:13:12 | INFO     | ss_crawler | [lens_scraper] MOUNT DETECT: EF
2026-05-17 01:13:12 | INFO     | ss_crawler | [lens_scraper] Detected focal: 85mm (from_model=True)
2026-05-17 01:13:12 | INFO     | ss_crawler | [lens_scraper] Using TITLE ONLY for matching: 'canon modelis: ef 85mm 1, 8f...'
2026-05-17 01:13:12 | INFO     | ss_crawler | [lens_scraper] BEST MATCH: 85mm F1.4L IS USM score=1.35
2026-05-17 01:13:12 | INFO     | ss_crawler | [lens_scraper] Matched [aalgl]: Canon_85mm_F1.4L_IS_USM (100% confidence)
2026-05-17 01:13:12 | INFO     | ss_crawler | [crawler] Fetching : https://www.ss.com/msg/lv/electronics/photo-optics/objectives/loolb.html
2026-05-17 01:13:13 | INFO     | ss_crawler | [lens_scraper] MODEL EXTRACTED: 'ef 24-105/4'
2026-05-17 01:13:13 | INFO     | ss_crawler | [lens_scraper] MOUNT DETECT: EF
2026-05-17 01:13:13 | INFO     | ss_crawler | [lens_scraper] Detected focal: 24mm-105mm (from_model=True)
2026-05-17 01:13:13 | INFO     | ss_crawler | [lens_scraper] Using TITLE ONLY for matching: 'canon modelis: ef 24-105/4...'
2026-05-17 01:13:13 | INFO     | ss_crawler | [lens_scraper] BEST MATCH: 24-105mm F3.5-5.6 IS STM score=1.35
2026-05-17 01:13:13 | INFO     | ss_crawler | [lens_scraper] Matched [loolb]: Canon_24-105mm_F3.5-5.6_IS_STM (100% confidence)
2026-05-17 01:13:13 | INFO     | ss_crawler | [crawler] Fetching : https://www.ss.com/msg/lv/electronics/photo-optics/objectives/bgpjfj.html
2026-05-17 01:13:15 | INFO     | ss_crawler | [lens_scraper] MODEL EXTRACTED: '24-70mm f/2.8'
2026-05-17 01:13:15 | INFO     | ss_crawler | [lens_scraper] MOUNT DETECT: EF
2026-05-17 01:13:15 | INFO     | ss_crawler | [lens_scraper] Detected focal: 24mm-70mm (from_model=True)
2026-05-17 01:13:15 | INFO     | ss_crawler | [lens_scraper] Using TITLE ONLY for matching: 'sigma modelis: 24-70mm f/2.8...'
2026-05-17 01:13:15 | INFO     | ss_crawler | [lens_scraper] BEST MATCH: 24-70mm F2.8 DG OS HSM Art score=1.50
2026-05-17 01:13:15 | INFO     | ss_crawler | [lens_scraper] Matched [bgpjfj]: Sigma_24-70mm_F2.8_DG_OS_HSM_Art (100% confidence)
2026-05-17 01:13:15 | INFO     | ss_crawler | [crawler] Fetching : https://www.ss.com/msg/lv/electronics/photo-optics/objectives/fljof.html
2026-05-17 01:13:18 | INFO     | ss_crawler | [lens_scraper] MODEL EXTRACTED: '24-70 ll'
2026-05-17 01:13:18 | INFO     | ss_crawler | [lens_scraper] MOUNT DETECT: EF
2026-05-17 01:13:18 | INFO     | ss_crawler | [lens_scraper] Detected focal: 24mm-70mm (from_model=True)
2026-05-17 01:13:18 | INFO     | ss_crawler | [lens_scraper] Using TITLE ONLY for matching: 'canon modelis: 24-70 ll...'
2026-05-17 01:13:18 | INFO     | ss_crawler | [lens_scraper] BEST MATCH: 24-70mm F2.8L II USM score=1.45
2026-05-17 01:13:18 | INFO     | ss_crawler | [lens_scraper] Matched [fljof]: Canon_24-70mm_F2.8L_II_USM (100% confidence)
2026-05-17 01:13:18 | INFO     | ss_crawler | [crawler] Fetching : https://www.ss.com/msg/lv/electronics/photo-optics/objectives/begohe.html
2026-05-17 01:13:20 | INFO     | ss_crawler | [lens_scraper] MODEL EXTRACTED: '16-28 f2.8'
2026-05-17 01:13:20 | INFO     | ss_crawler | [lens_scraper] MOUNT DETECT: E
2026-05-17 01:13:20 | INFO     | ss_crawler | [lens_scraper] Detected focal: 16mm-28mm (from_model=True)
2026-05-17 01:13:20 | INFO     | ss_crawler | [lens_scraper] Using TITLE ONLY for matching: 'sigma modelis: 16-28 f2.8...'
2026-05-17 01:13:20 | INFO     | ss_crawler | [lens_scraper] BEST MATCH: Sigma 16-28mm F2.8 DG DN | Contemporary score=1.50
2026-05-17 01:13:20 | INFO     | ss_crawler | [lens_scraper] Matched [begohe]: Sigma_Sigma_16-28mm_F2.8_DG_DN_|_Contemporary (100% confidence)
2026-05-17 01:13:20 | INFO     | ss_crawler | [crawler] Fetching : https://www.ss.com/msg/lv/electronics/photo-optics/objectives/fmehe.html
2026-05-17 01:13:21 | INFO     | ss_crawler | [lens_scraper] Filtered [fmehe]: filtered_nikon
2026-05-17 01:13:21 | INFO     | ss_crawler | [crawler] Fetching : https://www.ss.com/msg/lv/electronics/photo-optics/objectives/gobcn.html
2026-05-17 01:13:24 | INFO     | ss_crawler | [lens_scraper] MODEL EXTRACTED: 'lumix 20mm'
2026-05-17 01:13:24 | INFO     | ss_crawler | [lens_scraper] MOUNT DETECT: None
2026-05-17 01:13:24 | INFO     | ss_crawler | [lens_scraper] Detected focal: 20mm (from_model=True)
2026-05-17 01:13:24 | INFO     | ss_crawler | [lens_scraper] Using TITLE ONLY for matching: 'panasonic modelis: lumix 20mm...'
2026-05-17 01:13:24 | INFO     | ss_crawler | [lens_scraper] BEST MATCH: 20mm F2.8 USM score=0.85
2026-05-17 01:13:24 | INFO     | ss_crawler | [lens_scraper] Matched [gobcn]: Canon_20mm_F2.8_USM (85% confidence)
2026-05-17 01:13:24 | INFO     | ss_crawler | [crawler] Fetching : https://www.ss.com/msg/lv/electronics/photo-optics/objectives/gcxci.html
2026-05-17 01:13:27 | INFO     | ss_crawler | [lens_scraper] MODEL EXTRACTED: '75mm 1.5'
2026-05-17 01:13:27 | INFO     | ss_crawler | [lens_scraper] MOUNT DETECT: E
2026-05-17 01:13:27 | INFO     | ss_crawler | [lens_scraper] Detected focal: 75mm (from_model=True)
2026-05-17 01:13:27 | INFO     | ss_crawler | [lens_scraper] Using TITLE ONLY for matching: 'ttartisan modelis: 75mm 1.5...'
2026-05-17 01:13:27 | INFO     | ss_crawler | [lens_scraper] BEST MATCH: Sony E 10-18mm F4 OSS score=0.70
2026-05-17 01:13:27 | INFO     | ss_crawler | [lens_scraper] Matched [gcxci]: Sony_Sony_E_10-18mm_F4_OSS (70% confidence)
2026-05-17 01:13:27 | INFO     | ss_crawler | [crawler] Fetching : https://www.ss.com/msg/lv/electronics/photo-optics/objectives/lphdk.html
2026-05-17 01:13:29 | INFO     | ss_crawler | [lens_scraper] MODEL EXTRACTED: '24 f/ 2, 8 stm'
2026-05-17 01:13:29 | INFO     | ss_crawler | [lens_scraper] MOUNT DETECT: EF-S
2026-05-17 01:13:29 | INFO     | ss_crawler | [lens_scraper] Detected focal: 24mm (from_model=True)
2026-05-17 01:13:29 | INFO     | ss_crawler | [lens_scraper] Using TITLE ONLY for matching: 'canon modelis: 24 f/ 2, 8 stm...'
2026-05-17 01:13:29 | INFO     | ss_crawler | [lens_scraper] BEST MATCH: 24mm F2.8 STM score=1.60
2026-05-17 01:13:29 | INFO     | ss_crawler | [lens_scraper] Matched [lphdk]: Canon_24mm_F2.8_STM (100% confidence)
2026-05-17 01:13:29 | INFO     | ss_crawler | [crawler] Fetching : https://www.ss.com/msg/lv/electronics/photo-optics/objectives/lpcjf.html
2026-05-17 01:13:31 | INFO     | ss_crawler | [lens_scraper] MODEL EXTRACTED: 'fe 24-70mm'
2026-05-17 01:13:31 | INFO     | ss_crawler | [lens_scraper] MOUNT DETECT: E
2026-05-17 01:13:31 | INFO     | ss_crawler | [lens_scraper] Detected focal: 24mm-70mm (from_model=True)
2026-05-17 01:13:31 | INFO     | ss_crawler | [lens_scraper] Using TITLE ONLY for matching: 'sony modelis: fe 24-70mm...'
2026-05-17 01:13:31 | INFO     | ss_crawler | [lens_scraper] BEST MATCH: Sony FE 24-70mm F2.8 GM II score=1.45
2026-05-17 01:13:31 | INFO     | ss_crawler | [lens_scraper] Matched [lpcjf]: Sony_Sony_FE_24-70mm_F2.8_GM_II (100% confidence)
2026-05-17 01:13:31 | INFO     | ss_crawler | [crawler] Fetching : https://www.ss.com/msg/lv/electronics/photo-optics/objectives/jpdce.html
2026-05-17 01:13:34 | INFO     | ss_crawler | [lens_scraper] MODEL EXTRACTED: 'fe 50mm f1.8'
2026-05-17 01:13:34 | INFO     | ss_crawler | [lens_scraper] MOUNT DETECT: E
2026-05-17 01:13:34 | INFO     | ss_crawler | [lens_scraper] Detected focal: 50mm (from_model=True)
2026-05-17 01:13:34 | INFO     | ss_crawler | [lens_scraper] Using TITLE ONLY for matching: 'sony modelis: fe 50mm f1.8...'
2026-05-17 01:13:34 | INFO     | ss_crawler | [lens_scraper] BEST MATCH: Sony E 50mm F1.8 OSS score=0.95
2026-05-17 01:13:34 | INFO     | ss_crawler | [lens_scraper] Matched [jpdce]: Sony_Sony_E_50mm_F1.8_OSS (95% confidence)
2026-05-17 01:13:34 | INFO     | ss_crawler | [crawler] Fetching : https://www.ss.com/msg/lv/electronics/photo-optics/objectives/eldbp.html
2026-05-17 01:13:37 | INFO     | ss_crawler | [lens_scraper] Filtered [eldbp]: filtered_jauns
2026-05-17 01:13:37 | INFO     | ss_crawler | [crawler] Fetching : https://www.ss.com/msg/lv/electronics/photo-optics/objectives/opxxp.html
2026-05-17 01:13:40 | INFO     | ss_crawler | [lens_scraper] Filtered [opxxp]: filtered_nikon
2026-05-17 01:13:40 | INFO     | ss_crawler | [crawler] Fetching : https://www.ss.com/msg/lv/electronics/photo-optics/objectives/aabgf.html
2026-05-17 01:13:43 | INFO     | ss_crawler | [lens_scraper] MODEL EXTRACTED: '24-105 mm, f4'
2026-05-17 01:13:43 | INFO     | ss_crawler | [lens_scraper] MOUNT DETECT: None
2026-05-17 01:13:43 | INFO     | ss_crawler | [lens_scraper] Detected focal: 24mm-105mm (from_model=True)
2026-05-17 01:13:43 | INFO     | ss_crawler | [lens_scraper] Using TITLE ONLY for matching: 'canon modelis: 24-105 mm, f4...'
2026-05-17 01:13:43 | INFO     | ss_crawler | [lens_scraper] BEST MATCH: 24-105mm F4L IS USM score=1.40
2026-05-17 01:13:43 | INFO     | ss_crawler | [lens_scraper] Matched [aabgf]: Canon_24-105mm_F4L_IS_USM (100% confidence)
2026-05-17 01:13:43 | INFO     | ss_crawler | [crawler] Fetching : https://www.ss.com/msg/lv/electronics/photo-optics/objectives/abdpe.html
2026-05-17 01:13:45 | INFO     | ss_crawler | [lens_scraper] MODEL EXTRACTED: '50 mm f1, 4, ef'
2026-05-17 01:13:45 | INFO     | ss_crawler | [lens_scraper] MOUNT DETECT: None
2026-05-17 01:13:45 | INFO     | ss_crawler | [lens_scraper] Detected focal: 50mm (from_model=True)
2026-05-17 01:13:45 | INFO     | ss_crawler | [lens_scraper] Using TITLE ONLY for matching: 'canon modelis: 50 mm f1, 4, ef...'
2026-05-17 01:13:45 | INFO     | ss_crawler | [lens_scraper] BEST MATCH: 50mm F1.4 USM score=1.40
2026-05-17 01:13:45 | INFO     | ss_crawler | [lens_scraper] Matched [abdpe]: Canon_50mm_F1.4_USM (100% confidence)
2026-05-17 01:13:45 | INFO     | ss_crawler | [crawler] Fetching : https://www.ss.com/msg/lv/electronics/photo-optics/objectives/gcmeb.html
2026-05-17 01:13:49 | INFO     | ss_crawler | [lens_scraper] MODEL EXTRACTED: '17-28'
2026-05-17 01:13:49 | INFO     | ss_crawler | [lens_scraper] MOUNT DETECT: E
2026-05-17 01:13:49 | INFO     | ss_crawler | [lens_scraper] Detected focal: 17mm-28mm (from_model=True)
2026-05-17 01:13:49 | INFO     | ss_crawler | [lens_scraper] Using TITLE ONLY for matching: 'tamron modelis: 17-28...'
2026-05-17 01:13:49 | INFO     | ss_crawler | [lens_scraper] BEST MATCH: Tamron 17-28mm F/2.8 Di III RXD score=0.80
2026-05-17 01:13:49 | INFO     | ss_crawler | [lens_scraper] Matched [gcmeb]: Tamron_Tamron_17-28mm_F_2.8_Di_III_RXD (80% confidence)
2026-05-17 01:13:49 | INFO     | ss_crawler | [crawler] Fetching : https://www.ss.com/msg/lv/electronics/photo-optics/objectives/flxmi.html
2026-05-17 01:13:52 | INFO     | ss_crawler | [lens_scraper] MODEL EXTRACTED: 'sel30m35'
2026-05-17 01:13:52 | INFO     | ss_crawler | [lens_scraper] MOUNT DETECT: E
2026-05-17 01:13:52 | INFO     | ss_crawler | [lens_scraper] BEST MATCH: Sony E 30mm F3.5 Macro score=1.05
2026-05-17 01:13:52 | INFO     | ss_crawler | [lens_scraper] Matched [flxmi]: Sony_Sony_E_30mm_F3.5_Macro (100% confidence)
2026-05-17 01:13:52 | INFO     | ss_crawler | [crawler] Fetching : https://www.ss.com/msg/lv/electronics/photo-optics/objectives/egicb.html
2026-05-17 01:13:55 | INFO     | ss_crawler | [lens_scraper] MODEL EXTRACTED: '28-135mm'
2026-05-17 01:13:55 | INFO     | ss_crawler | [lens_scraper] MOUNT DETECT: None
2026-05-17 01:13:55 | INFO     | ss_crawler | [lens_scraper] Detected focal: 28mm-135mm (from_model=True)
2026-05-17 01:13:55 | INFO     | ss_crawler | [lens_scraper] Using TITLE ONLY for matching: 'sigma modelis: 28-135mm...'
2026-05-17 01:13:55 | INFO     | ss_crawler | [lens_scraper] BEST MATCH: Sony FE PZ 28-135mm F4 G OSS score=0.85
2026-05-17 01:13:55 | INFO     | ss_crawler | [lens_scraper] Matched [egicb]: Sony_Sony_FE_PZ_28-135mm_F4_G_OSS (85% confidence)
2026-05-17 01:13:55 | INFO     | ss_crawler | [crawler] Fetching : https://www.ss.com/msg/lv/electronics/photo-optics/objectives/mbcgc.html
2026-05-17 01:13:57 | INFO     | ss_crawler | [lens_scraper] Filtered [mbcgc]: filtered_nikon
2026-05-17 01:13:57 | INFO     | ss_crawler | [crawler] Fetching : https://www.ss.com/msg/lv/electronics/photo-optics/objectives/bhnnxk.html
2026-05-17 01:13:58 | INFO     | ss_crawler | [lens_scraper] MODEL EXTRACTED: 'ef 24 1, 4lii'
2026-05-17 01:13:58 | INFO     | ss_crawler | [lens_scraper] MOUNT DETECT: EF
2026-05-17 01:13:58 | INFO     | ss_crawler | [lens_scraper] Detected focal: 24mm (from_model=True)
2026-05-17 01:13:58 | INFO     | ss_crawler | [lens_scraper] Using TITLE ONLY for matching: 'canon modelis: ef 24 1, 4lii...'
2026-05-17 01:13:58 | INFO     | ss_crawler | [lens_scraper] BEST MATCH: 24mm F1.4L II USM score=1.60
2026-05-17 01:13:58 | INFO     | ss_crawler | [lens_scraper] Matched [bhnnxk]: Canon_24mm_F1.4L_II_USM (100% confidence)
2026-05-17 01:13:58 | INFO     | ss_crawler | [crawler] Fetching : https://www.ss.com/msg/lv/electronics/photo-optics/objectives/bigokg.html
2026-05-17 01:14:01 | INFO     | ss_crawler | [lens_scraper] MODEL EXTRACTED: 'ef 24-105 f4l'
2026-05-17 01:14:01 | INFO     | ss_crawler | [lens_scraper] MOUNT DETECT: EF
2026-05-17 01:14:01 | INFO     | ss_crawler | [lens_scraper] Detected focal: 24mm-105mm (from_model=True)
2026-05-17 01:14:01 | INFO     | ss_crawler | [lens_scraper] Using TITLE ONLY for matching: 'canon modelis: ef 24-105 f4l...'
2026-05-17 01:14:01 | INFO     | ss_crawler | [lens_scraper] BEST MATCH: 24-105mm F4L IS USM score=1.50
2026-05-17 01:14:01 | INFO     | ss_crawler | [lens_scraper] Matched [bigokg]: Canon_24-105mm_F4L_IS_USM (100% confidence)
2026-05-17 01:14:01 | INFO     | ss_crawler | [crawler] Fetching : https://www.ss.com/msg/lv/electronics/photo-optics/objectives/fgimf.html
2026-05-17 01:14:04 | INFO     | ss_crawler | [lens_scraper] MODEL EXTRACTED: '35mm f/2.8'
2026-05-17 01:14:04 | INFO     | ss_crawler | [lens_scraper] MOUNT DETECT: EF-S
2026-05-17 01:14:04 | INFO     | ss_crawler | [lens_scraper] Detected focal: 35mm (from_model=True)
2026-05-17 01:14:04 | INFO     | ss_crawler | [lens_scraper] Using TITLE ONLY for matching: 'canon modelis: 35mm f/2.8...'
2026-05-17 01:14:04 | INFO     | ss_crawler | [lens_scraper] BEST MATCH: 35mm F2.8 Macro IS STM score=1.50
2026-05-17 01:14:04 | INFO     | ss_crawler | [lens_scraper] Matched [fgimf]: Canon_35mm_F2.8_Macro_IS_STM (100% confidence)
2026-05-17 01:14:04 | INFO     | ss_crawler | [crawler] Fetching : https://www.ss.com/msg/lv/electronics/photo-optics/objectives/hcdof.html
2026-05-17 01:14:07 | INFO     | ss_crawler | [lens_scraper] MODEL EXTRACTED: '10-20 mm'
2026-05-17 01:14:07 | INFO     | ss_crawler | [lens_scraper] MOUNT DETECT: None
2026-05-17 01:14:07 | INFO     | ss_crawler | [lens_scraper] Detected focal: 10mm-20mm (from_model=True)
2026-05-17 01:14:07 | INFO     | ss_crawler | [lens_scraper] Using TITLE ONLY for matching: 'sigma modelis: 10-20 mm...'
2026-05-17 01:14:07 | INFO     | ss_crawler | [lens_scraper] BEST MATCH: 10-20mm F3.5 EX DC HSM score=1.25
2026-05-17 01:14:07 | INFO     | ss_crawler | [lens_scraper] Matched [hcdof]: Sigma_10-20mm_F3.5_EX_DC_HSM (100% confidence)
2026-05-17 01:14:07 | INFO     | ss_crawler | [crawler] Fetching : https://www.ss.com/msg/lv/electronics/photo-optics/objectives/mbddb.html
2026-05-17 01:14:10 | INFO     | ss_crawler | [lens_scraper] Filtered [mbddb]: filtered_nikon
2026-05-17 01:14:10 | INFO     | ss_crawler | [crawler] Fetching : https://www.ss.com/msg/lv/electronics/photo-optics/objectives/acfjg.html
2026-05-17 01:14:13 | INFO     | ss_crawler | [lens_scraper] MODEL EXTRACTED: 'canon продаю объектив eos canon 24-70 4t l серии, малопользованый'
2026-05-17 01:14:13 | INFO     | ss_crawler | [lens_scraper] MOUNT DETECT: None
2026-05-17 01:14:13 | INFO     | ss_crawler | [lens_scraper] Detected focal: 24mm-70mm (from_model=True)
2026-05-17 01:14:13 | INFO     | ss_crawler | [lens_scraper] Using TITLE ONLY for matching: 'eos modelis: canon продаю объектив eos canon 24-70 4t l сери...'
2026-05-17 01:14:13 | INFO     | ss_crawler | [lens_scraper] BEST MATCH: 24-70mm F4L IS USM score=1.35
2026-05-17 01:14:13 | INFO     | ss_crawler | [lens_scraper] Matched [acfjg]: Canon_24-70mm_F4L_IS_USM (100% confidence)
2026-05-17 01:14:13 | INFO     | ss_crawler | [crawler] Fetching : https://www.ss.com/msg/lv/electronics/photo-optics/objectives/fopom.html
2026-05-17 01:14:16 | INFO     | ss_crawler | [lens_scraper] Filtered [fopom]: filtered_jauns
2026-05-17 01:14:16 | INFO     | ss_crawler | [crawler] Fetching : https://www.ss.com/msg/lv/electronics/photo-optics/objectives/bgookb.html
2026-05-17 01:14:19 | INFO     | ss_crawler | [lens_scraper] Filtered [bgookb]: filtered_jauns
2026-05-17 01:14:19 | INFO     | ss_crawler | [crawler] Fetching : https://www.ss.com/msg/lv/electronics/photo-optics/objectives/pdnbl.html
2026-05-17 01:14:20 | INFO     | ss_crawler | [lens_scraper] Filtered [pdnbl]: filtered_jauns
2026-05-17 01:14:20 | INFO     | ss_crawler | [crawler] Fetching : https://www.ss.com/msg/lv/electronics/photo-optics/objectives/mcbcb.html
2026-05-17 01:14:24 | INFO     | ss_crawler | [lens_scraper] Filtered [mcbcb]: filtered_nikon
2026-05-17 01:14:24 | INFO     | ss_crawler | [crawler] Fetching : https://www.ss.com/msg/lv/electronics/photo-optics/objectives/fncgj.html
2026-05-17 01:14:26 | INFO     | ss_crawler | [lens_scraper] Filtered [fncgj]: filtered_nikon
2026-05-17 01:14:26 | INFO     | ss_crawler | [lens_scraper] No more pages to scrape
2026-05-17 01:14:26 | INFO     | ss_crawler | [lens_scraper] Category scrape complete. Total listings: 22
2026-05-17 01:14:26 | INFO     | ss_crawler | [repository] ⏸️ aalgl: Unchanged
2026-05-17 01:14:26 | INFO     | ss_crawler | [repository] ⏸️ aalgl: Unchanged
2026-05-17 01:14:26 | INFO     | ss_crawler | [repository] ⏸️ aalgl: Unchanged
2026-05-17 01:14:26 | INFO     | ss_crawler | [repository] ⏸️ loolb: Unchanged
2026-05-17 01:14:26 | INFO     | ss_crawler | [repository] ⏸️ bgpjfj: Unchanged
2026-05-17 01:14:26 | INFO     | ss_crawler | [repository] ⏸️ fljof: Unchanged
2026-05-17 01:14:26 | INFO     | ss_crawler | [repository] ⏸️ begohe: Unchanged
2026-05-17 01:14:26 | INFO     | ss_crawler | [repository] ⏸️ gobcn: Unchanged
2026-05-17 01:14:26 | INFO     | ss_crawler | [repository] ⏸️ gcxci: Unchanged
2026-05-17 01:14:26 | INFO     | ss_crawler | [repository] ⏸️ lphdk: Unchanged
2026-05-17 01:14:26 | INFO     | ss_crawler | [repository] ⏸️ lpcjf: Unchanged
2026-05-17 01:14:26 | INFO     | ss_crawler | [repository] ⏸️ jpdce: Unchanged
2026-05-17 01:14:26 | INFO     | ss_crawler | [repository] ⏸️ aabgf: Unchanged
2026-05-17 01:14:26 | INFO     | ss_crawler | [repository] ⏸️ abdpe: Unchanged
2026-05-17 01:14:26 | INFO     | ss_crawler | [repository] ⏸️ gcmeb: Unchanged
2026-05-17 01:14:26 | INFO     | ss_crawler | [repository] ⏸️ flxmi: Unchanged
2026-05-17 01:14:26 | INFO     | ss_crawler | [repository] ⏸️ egicb: Unchanged
2026-05-17 01:14:26 | INFO     | ss_crawler | [repository] ⏸️ bhnnxk: Unchanged
2026-05-17 01:14:26 | INFO     | ss_crawler | [repository] ⏸️ bigokg: Unchanged
2026-05-17 01:14:26 | INFO     | ss_crawler | [repository] ⏸️ fgimf: Unchanged
2026-05-17 01:14:26 | INFO     | ss_crawler | [repository] ⏸️ hcdof: Unchanged
2026-05-17 01:14:26 | INFO     | ss_crawler | [repository] ⏸️ acfjg: Unchanged
2026-05-17 01:16:21 | INFO     | ss_crawler | [lens_scraper] Initializing Lens scraper...
2026-05-17 01:16:21 | INFO     | ss_crawler | [database] Database connected: localhost:5433/ss_market
2026-05-17 01:16:21 | INFO     | ss_crawler | [lens_scraper] Database: postgresql+psycopg2://crawler:crawler_pass@localhost:5433/ss_market
2026-05-17 01:16:21 | INFO     | ss_crawler | [lens_scraper] Loaded 481 lens references
2026-05-17 01:16:21 | INFO     | ss_crawler | [lens_scraper] Starting lens category scrape: https://www.ss.com/lv/electronics/photo-optics/objectives/
2026-05-17 01:16:21 | INFO     | ss_crawler | [lens_scraper] Fetching page 1: https://www.ss.com/lv/electronics/photo-optics/objectives/
2026-05-17 01:16:21 | INFO     | ss_crawler | [crawler] Fetching : https://www.ss.com/lv/electronics/photo-optics/objectives/
2026-05-17 01:16:23 | INFO     | ss_crawler | [lens_scraper] Found 32 listings on page 1
2026-05-17 01:16:23 | INFO     | ss_crawler | [crawler] Fetching : https://www.ss.com/msg/lv/electronics/photo-optics/objectives/aalgl.html
2026-05-17 01:16:25 | INFO     | ss_crawler | [lens_scraper] MODEL EXTRACTED: 'ef 85mm 1, 8f'
2026-05-17 01:16:25 | INFO     | ss_crawler | [lens_scraper] MOUNT DETECT: EF
2026-05-17 01:16:25 | INFO     | ss_crawler | [lens_scraper] Detected focal: 85mm (from_model=True)
2026-05-17 01:16:25 | INFO     | ss_crawler | [lens_scraper] Using TITLE ONLY for matching: 'canon modelis: ef 85mm 1, 8f...'
2026-05-17 01:16:25 | INFO     | ss_crawler | [lens_scraper] BEST MATCH: 85mm F1.4L IS USM score=1.35
2026-05-17 01:16:25 | INFO     | ss_crawler | [lens_scraper] Matched [aalgl]: Canon_85mm_F1.4L_IS_USM (100% confidence)
2026-05-17 01:16:25 | INFO     | ss_crawler | [crawler] Fetching : https://www.ss.com/msg/lv/electronics/photo-optics/objectives/aalgl.html
2026-05-17 01:16:28 | INFO     | ss_crawler | [lens_scraper] MODEL EXTRACTED: 'ef 85mm 1, 8f'
2026-05-17 01:16:28 | INFO     | ss_crawler | [lens_scraper] MOUNT DETECT: EF
2026-05-17 01:16:28 | INFO     | ss_crawler | [lens_scraper] Detected focal: 85mm (from_model=True)
2026-05-17 01:16:28 | INFO     | ss_crawler | [lens_scraper] Using TITLE ONLY for matching: 'canon modelis: ef 85mm 1, 8f...'
2026-05-17 01:16:28 | INFO     | ss_crawler | [lens_scraper] BEST MATCH: 85mm F1.4L IS USM score=1.35
2026-05-17 01:16:28 | INFO     | ss_crawler | [lens_scraper] Matched [aalgl]: Canon_85mm_F1.4L_IS_USM (100% confidence)
2026-05-17 01:16:28 | INFO     | ss_crawler | [crawler] Fetching : https://www.ss.com/msg/lv/electronics/photo-optics/objectives/aalgl.html
2026-05-17 01:16:30 | INFO     | ss_crawler | [lens_scraper] MODEL EXTRACTED: 'ef 85mm 1, 8f'
2026-05-17 01:16:30 | INFO     | ss_crawler | [lens_scraper] MOUNT DETECT: EF
2026-05-17 01:16:30 | INFO     | ss_crawler | [lens_scraper] Detected focal: 85mm (from_model=True)
2026-05-17 01:16:30 | INFO     | ss_crawler | [lens_scraper] Using TITLE ONLY for matching: 'canon modelis: ef 85mm 1, 8f...'
2026-05-17 01:16:30 | INFO     | ss_crawler | [lens_scraper] BEST MATCH: 85mm F1.4L IS USM score=1.35
2026-05-17 01:16:30 | INFO     | ss_crawler | [lens_scraper] Matched [aalgl]: Canon_85mm_F1.4L_IS_USM (100% confidence)
2026-05-17 01:16:30 | INFO     | ss_crawler | [crawler] Fetching : https://www.ss.com/msg/lv/electronics/photo-optics/objectives/loolb.html
2026-05-17 01:16:33 | INFO     | ss_crawler | [lens_scraper] MODEL EXTRACTED: 'ef 24-105/4'
2026-05-17 01:16:33 | INFO     | ss_crawler | [lens_scraper] MOUNT DETECT: EF
2026-05-17 01:16:33 | INFO     | ss_crawler | [lens_scraper] Detected focal: 24mm-105mm (from_model=True)
2026-05-17 01:16:33 | INFO     | ss_crawler | [lens_scraper] Using TITLE ONLY for matching: 'canon modelis: ef 24-105/4...'
2026-05-17 01:16:33 | INFO     | ss_crawler | [lens_scraper] BEST MATCH: 24-105mm F3.5-5.6 IS STM score=1.35
2026-05-17 01:16:33 | INFO     | ss_crawler | [lens_scraper] Matched [loolb]: Canon_24-105mm_F3.5-5.6_IS_STM (100% confidence)
2026-05-17 01:16:33 | INFO     | ss_crawler | [crawler] Fetching : https://www.ss.com/msg/lv/electronics/photo-optics/objectives/bgpjfj.html
2026-05-17 01:16:35 | INFO     | ss_crawler | [lens_scraper] MODEL EXTRACTED: '24-70mm f/2.8'
2026-05-17 01:16:35 | INFO     | ss_crawler | [lens_scraper] MOUNT DETECT: EF
2026-05-17 01:16:35 | INFO     | ss_crawler | [lens_scraper] Detected focal: 24mm-70mm (from_model=True)
2026-05-17 01:16:35 | INFO     | ss_crawler | [lens_scraper] Using TITLE ONLY for matching: 'sigma modelis: 24-70mm f/2.8...'
2026-05-17 01:16:35 | INFO     | ss_crawler | [lens_scraper] BEST MATCH: 24-70mm F2.8 DG OS HSM Art score=1.50
2026-05-17 01:16:35 | INFO     | ss_crawler | [lens_scraper] Matched [bgpjfj]: Sigma_24-70mm_F2.8_DG_OS_HSM_Art (100% confidence)
2026-05-17 01:16:35 | INFO     | ss_crawler | [crawler] Fetching : https://www.ss.com/msg/lv/electronics/photo-optics/objectives/fljof.html
2026-05-17 01:16:38 | INFO     | ss_crawler | [lens_scraper] MODEL EXTRACTED: '24-70 ll'
2026-05-17 01:16:38 | INFO     | ss_crawler | [lens_scraper] MOUNT DETECT: EF
2026-05-17 01:16:38 | INFO     | ss_crawler | [lens_scraper] Detected focal: 24mm-70mm (from_model=True)
2026-05-17 01:16:38 | INFO     | ss_crawler | [lens_scraper] Using TITLE ONLY for matching: 'canon modelis: 24-70 ll...'
2026-05-17 01:16:38 | INFO     | ss_crawler | [lens_scraper] BEST MATCH: 24-70mm F2.8L II USM score=1.45
2026-05-17 01:16:38 | INFO     | ss_crawler | [lens_scraper] Matched [fljof]: Canon_24-70mm_F2.8L_II_USM (100% confidence)
2026-05-17 01:16:38 | INFO     | ss_crawler | [crawler] Fetching : https://www.ss.com/msg/lv/electronics/photo-optics/objectives/begohe.html
2026-05-17 01:16:41 | INFO     | ss_crawler | [lens_scraper] MODEL EXTRACTED: '16-28 f2.8'
2026-05-17 01:16:41 | INFO     | ss_crawler | [lens_scraper] MOUNT DETECT: E
2026-05-17 01:16:41 | INFO     | ss_crawler | [lens_scraper] Detected focal: 16mm-28mm (from_model=True)
2026-05-17 01:16:41 | INFO     | ss_crawler | [lens_scraper] Using TITLE ONLY for matching: 'sigma modelis: 16-28 f2.8...'
2026-05-17 01:16:41 | INFO     | ss_crawler | [lens_scraper] BEST MATCH: Sigma 16-28mm F2.8 DG DN | Contemporary score=1.50
2026-05-17 01:16:41 | INFO     | ss_crawler | [lens_scraper] Matched [begohe]: Sigma_Sigma_16-28mm_F2.8_DG_DN_|_Contemporary (100% confidence)
2026-05-17 01:16:41 | INFO     | ss_crawler | [crawler] Fetching : https://www.ss.com/msg/lv/electronics/photo-optics/objectives/fmehe.html
2026-05-17 01:16:44 | INFO     | ss_crawler | [lens_scraper] Filtered [fmehe]: filtered_nikon
2026-05-17 01:16:44 | INFO     | ss_crawler | [crawler] Fetching : https://www.ss.com/msg/lv/electronics/photo-optics/objectives/gobcn.html
2026-05-17 01:16:46 | INFO     | ss_crawler | [lens_scraper] MODEL EXTRACTED: 'lumix 20mm'
2026-05-17 01:16:46 | INFO     | ss_crawler | [lens_scraper] MOUNT DETECT: None
2026-05-17 01:16:46 | INFO     | ss_crawler | [lens_scraper] Detected focal: 20mm (from_model=True)
2026-05-17 01:16:46 | INFO     | ss_crawler | [lens_scraper] Using TITLE ONLY for matching: 'panasonic modelis: lumix 20mm...'
2026-05-17 01:16:46 | INFO     | ss_crawler | [lens_scraper] BEST MATCH: 20mm F2.8 USM score=0.85
2026-05-17 01:16:46 | INFO     | ss_crawler | [lens_scraper] Matched [gobcn]: Canon_20mm_F2.8_USM (85% confidence)
2026-05-17 01:16:46 | INFO     | ss_crawler | [crawler] Fetching : https://www.ss.com/msg/lv/electronics/photo-optics/objectives/gcxci.html
2026-05-17 01:16:48 | INFO     | ss_crawler | [lens_scraper] MODEL EXTRACTED: '75mm 1.5'
2026-05-17 01:16:48 | INFO     | ss_crawler | [lens_scraper] MOUNT DETECT: E
2026-05-17 01:16:48 | INFO     | ss_crawler | [lens_scraper] Detected focal: 75mm (from_model=True)
2026-05-17 01:16:48 | INFO     | ss_crawler | [lens_scraper] Using TITLE ONLY for matching: 'ttartisan modelis: 75mm 1.5...'
2026-05-17 01:16:48 | INFO     | ss_crawler | [lens_scraper] BEST MATCH: Sony E 10-18mm F4 OSS score=0.70
2026-05-17 01:16:48 | INFO     | ss_crawler | [lens_scraper] Matched [gcxci]: Sony_Sony_E_10-18mm_F4_OSS (70% confidence)
2026-05-17 01:16:48 | INFO     | ss_crawler | [crawler] Fetching : https://www.ss.com/msg/lv/electronics/photo-optics/objectives/lphdk.html
2026-05-17 01:16:50 | INFO     | ss_crawler | [lens_scraper] MODEL EXTRACTED: '24 f/ 2, 8 stm'
2026-05-17 01:16:50 | INFO     | ss_crawler | [lens_scraper] MOUNT DETECT: EF-S
2026-05-17 01:16:50 | INFO     | ss_crawler | [lens_scraper] Detected focal: 24mm (from_model=True)
2026-05-17 01:16:50 | INFO     | ss_crawler | [lens_scraper] Using TITLE ONLY for matching: 'canon modelis: 24 f/ 2, 8 stm...'
2026-05-17 01:16:50 | INFO     | ss_crawler | [lens_scraper] BEST MATCH: 24mm F2.8 STM score=1.60
2026-05-17 01:16:50 | INFO     | ss_crawler | [lens_scraper] Matched [lphdk]: Canon_24mm_F2.8_STM (100% confidence)
2026-05-17 01:16:50 | INFO     | ss_crawler | [crawler] Fetching : https://www.ss.com/msg/lv/electronics/photo-optics/objectives/lpcjf.html
2026-05-17 01:16:54 | INFO     | ss_crawler | [lens_scraper] MODEL EXTRACTED: 'fe 24-70mm'
2026-05-17 01:16:54 | INFO     | ss_crawler | [lens_scraper] MOUNT DETECT: E
2026-05-17 01:16:54 | INFO     | ss_crawler | [lens_scraper] Detected focal: 24mm-70mm (from_model=True)
2026-05-17 01:16:54 | INFO     | ss_crawler | [lens_scraper] Using TITLE ONLY for matching: 'sony modelis: fe 24-70mm...'
2026-05-17 01:16:54 | INFO     | ss_crawler | [lens_scraper] BEST MATCH: Sony FE 24-70mm F2.8 GM II score=1.45
2026-05-17 01:16:54 | INFO     | ss_crawler | [lens_scraper] Matched [lpcjf]: Sony_Sony_FE_24-70mm_F2.8_GM_II (100% confidence)
2026-05-17 01:16:54 | INFO     | ss_crawler | [crawler] Fetching : https://www.ss.com/msg/lv/electronics/photo-optics/objectives/jpdce.html
2026-05-17 01:16:56 | INFO     | ss_crawler | [lens_scraper] MODEL EXTRACTED: 'fe 50mm f1.8'
2026-05-17 01:16:56 | INFO     | ss_crawler | [lens_scraper] MOUNT DETECT: E
2026-05-17 01:16:56 | INFO     | ss_crawler | [lens_scraper] Detected focal: 50mm (from_model=True)
2026-05-17 01:16:56 | INFO     | ss_crawler | [lens_scraper] Using TITLE ONLY for matching: 'sony modelis: fe 50mm f1.8...'
2026-05-17 01:16:56 | INFO     | ss_crawler | [lens_scraper] BEST MATCH: Sony E 50mm F1.8 OSS score=0.95
2026-05-17 01:16:56 | INFO     | ss_crawler | [lens_scraper] Matched [jpdce]: Sony_Sony_E_50mm_F1.8_OSS (95% confidence)
2026-05-17 01:16:56 | INFO     | ss_crawler | [crawler] Fetching : https://www.ss.com/msg/lv/electronics/photo-optics/objectives/eldbp.html
2026-05-17 01:16:58 | INFO     | ss_crawler | [lens_scraper] Filtered [eldbp]: filtered_jauns
2026-05-17 01:16:58 | INFO     | ss_crawler | [crawler] Fetching : https://www.ss.com/msg/lv/electronics/photo-optics/objectives/opxxp.html
2026-05-17 01:17:01 | INFO     | ss_crawler | [lens_scraper] Filtered [opxxp]: filtered_nikon
2026-05-17 01:17:01 | INFO     | ss_crawler | [crawler] Fetching : https://www.ss.com/msg/lv/electronics/photo-optics/objectives/aabgf.html
2026-05-17 01:17:04 | INFO     | ss_crawler | [lens_scraper] MODEL EXTRACTED: '24-105 mm, f4'
2026-05-17 01:17:04 | INFO     | ss_crawler | [lens_scraper] MOUNT DETECT: None
2026-05-17 01:17:04 | INFO     | ss_crawler | [lens_scraper] Detected focal: 24mm-105mm (from_model=True)
2026-05-17 01:17:04 | INFO     | ss_crawler | [lens_scraper] Using TITLE ONLY for matching: 'canon modelis: 24-105 mm, f4...'
2026-05-17 01:17:04 | INFO     | ss_crawler | [lens_scraper] BEST MATCH: 24-105mm F4L IS USM score=1.40
2026-05-17 01:17:04 | INFO     | ss_crawler | [lens_scraper] Matched [aabgf]: Canon_24-105mm_F4L_IS_USM (100% confidence)
2026-05-17 01:17:04 | INFO     | ss_crawler | [crawler] Fetching : https://www.ss.com/msg/lv/electronics/photo-optics/objectives/abdpe.html
2026-05-17 01:17:06 | INFO     | ss_crawler | [lens_scraper] MODEL EXTRACTED: '50 mm f1, 4, ef'
2026-05-17 01:17:06 | INFO     | ss_crawler | [lens_scraper] MOUNT DETECT: None
2026-05-17 01:17:06 | INFO     | ss_crawler | [lens_scraper] Detected focal: 50mm (from_model=True)
2026-05-17 01:17:06 | INFO     | ss_crawler | [lens_scraper] Using TITLE ONLY for matching: 'canon modelis: 50 mm f1, 4, ef...'
2026-05-17 01:17:06 | INFO     | ss_crawler | [lens_scraper] BEST MATCH: 50mm F1.4 USM score=1.40
2026-05-17 01:17:06 | INFO     | ss_crawler | [lens_scraper] Matched [abdpe]: Canon_50mm_F1.4_USM (100% confidence)
2026-05-17 01:17:06 | INFO     | ss_crawler | [crawler] Fetching : https://www.ss.com/msg/lv/electronics/photo-optics/objectives/gcmeb.html
2026-05-17 01:17:09 | INFO     | ss_crawler | [lens_scraper] MODEL EXTRACTED: '17-28'
2026-05-17 01:17:09 | INFO     | ss_crawler | [lens_scraper] MOUNT DETECT: E
2026-05-17 01:17:09 | INFO     | ss_crawler | [lens_scraper] Detected focal: 17mm-28mm (from_model=True)
2026-05-17 01:17:09 | INFO     | ss_crawler | [lens_scraper] Using TITLE ONLY for matching: 'tamron modelis: 17-28...'
2026-05-17 01:17:09 | INFO     | ss_crawler | [lens_scraper] BEST MATCH: Tamron 17-28mm F/2.8 Di III RXD score=0.80
2026-05-17 01:17:09 | INFO     | ss_crawler | [lens_scraper] Matched [gcmeb]: Tamron_Tamron_17-28mm_F_2.8_Di_III_RXD (80% confidence)
2026-05-17 01:17:09 | INFO     | ss_crawler | [crawler] Fetching : https://www.ss.com/msg/lv/electronics/photo-optics/objectives/flxmi.html
2026-05-17 01:17:12 | INFO     | ss_crawler | [lens_scraper] MODEL EXTRACTED: 'sel30m35'
2026-05-17 01:17:12 | INFO     | ss_crawler | [lens_scraper] MOUNT DETECT: E
2026-05-17 01:17:12 | INFO     | ss_crawler | [lens_scraper] BEST MATCH: Sony E 30mm F3.5 Macro score=1.05
2026-05-17 01:17:12 | INFO     | ss_crawler | [lens_scraper] Matched [flxmi]: Sony_Sony_E_30mm_F3.5_Macro (100% confidence)
2026-05-17 01:17:12 | INFO     | ss_crawler | [crawler] Fetching : https://www.ss.com/msg/lv/electronics/photo-optics/objectives/egicb.html
2026-05-17 01:17:14 | INFO     | ss_crawler | [lens_scraper] MODEL EXTRACTED: '28-135mm'
2026-05-17 01:17:14 | INFO     | ss_crawler | [lens_scraper] MOUNT DETECT: None
2026-05-17 01:17:14 | INFO     | ss_crawler | [lens_scraper] Detected focal: 28mm-135mm (from_model=True)
2026-05-17 01:17:14 | INFO     | ss_crawler | [lens_scraper] Using TITLE ONLY for matching: 'sigma modelis: 28-135mm...'
2026-05-17 01:17:14 | INFO     | ss_crawler | [lens_scraper] BEST MATCH: Sony FE PZ 28-135mm F4 G OSS score=0.85
2026-05-17 01:17:14 | INFO     | ss_crawler | [lens_scraper] Matched [egicb]: Sony_Sony_FE_PZ_28-135mm_F4_G_OSS (85% confidence)
2026-05-17 01:17:14 | INFO     | ss_crawler | [crawler] Fetching : https://www.ss.com/msg/lv/electronics/photo-optics/objectives/mbcgc.html
2026-05-17 01:17:17 | INFO     | ss_crawler | [lens_scraper] Filtered [mbcgc]: filtered_nikon
2026-05-17 01:17:17 | INFO     | ss_crawler | [crawler] Fetching : https://www.ss.com/msg/lv/electronics/photo-optics/objectives/bhnnxk.html
2026-05-17 01:17:20 | INFO     | ss_crawler | [lens_scraper] MODEL EXTRACTED: 'ef 24 1, 4lii'
2026-05-17 01:17:20 | INFO     | ss_crawler | [lens_scraper] MOUNT DETECT: EF
2026-05-17 01:17:20 | INFO     | ss_crawler | [lens_scraper] Detected focal: 24mm (from_model=True)
2026-05-17 01:17:20 | INFO     | ss_crawler | [lens_scraper] Using TITLE ONLY for matching: 'canon modelis: ef 24 1, 4lii...'
2026-05-17 01:17:20 | INFO     | ss_crawler | [lens_scraper] BEST MATCH: 24mm F1.4L II USM score=1.60
2026-05-17 01:17:20 | INFO     | ss_crawler | [lens_scraper] Matched [bhnnxk]: Canon_24mm_F1.4L_II_USM (100% confidence)
2026-05-17 01:17:20 | INFO     | ss_crawler | [crawler] Fetching : https://www.ss.com/msg/lv/electronics/photo-optics/objectives/bigokg.html
2026-05-17 01:17:23 | INFO     | ss_crawler | [lens_scraper] MODEL EXTRACTED: 'ef 24-105 f4l'
2026-05-17 01:17:23 | INFO     | ss_crawler | [lens_scraper] MOUNT DETECT: EF
2026-05-17 01:17:23 | INFO     | ss_crawler | [lens_scraper] Detected focal: 24mm-105mm (from_model=True)
2026-05-17 01:17:23 | INFO     | ss_crawler | [lens_scraper] Using TITLE ONLY for matching: 'canon modelis: ef 24-105 f4l...'
2026-05-17 01:17:23 | INFO     | ss_crawler | [lens_scraper] BEST MATCH: 24-105mm F4L IS USM score=1.50
2026-05-17 01:17:23 | INFO     | ss_crawler | [lens_scraper] Matched [bigokg]: Canon_24-105mm_F4L_IS_USM (100% confidence)
2026-05-17 01:17:23 | INFO     | ss_crawler | [crawler] Fetching : https://www.ss.com/msg/lv/electronics/photo-optics/objectives/fgimf.html
2026-05-17 01:17:26 | INFO     | ss_crawler | [lens_scraper] MODEL EXTRACTED: '35mm f/2.8'
2026-05-17 01:17:26 | INFO     | ss_crawler | [lens_scraper] MOUNT DETECT: EF-S
2026-05-17 01:17:26 | INFO     | ss_crawler | [lens_scraper] Detected focal: 35mm (from_model=True)
2026-05-17 01:17:26 | INFO     | ss_crawler | [lens_scraper] Using TITLE ONLY for matching: 'canon modelis: 35mm f/2.8...'
2026-05-17 01:17:26 | INFO     | ss_crawler | [lens_scraper] BEST MATCH: 35mm F2.8 Macro IS STM score=1.50
2026-05-17 01:17:26 | INFO     | ss_crawler | [lens_scraper] Matched [fgimf]: Canon_35mm_F2.8_Macro_IS_STM (100% confidence)
2026-05-17 01:17:26 | INFO     | ss_crawler | [crawler] Fetching : https://www.ss.com/msg/lv/electronics/photo-optics/objectives/hcdof.html
2026-05-17 01:17:29 | INFO     | ss_crawler | [lens_scraper] MODEL EXTRACTED: '10-20 mm'
2026-05-17 01:17:29 | INFO     | ss_crawler | [lens_scraper] MOUNT DETECT: None
2026-05-17 01:17:29 | INFO     | ss_crawler | [lens_scraper] Detected focal: 10mm-20mm (from_model=True)
2026-05-17 01:17:29 | INFO     | ss_crawler | [lens_scraper] Using TITLE ONLY for matching: 'sigma modelis: 10-20 mm...'
2026-05-17 01:17:29 | INFO     | ss_crawler | [lens_scraper] BEST MATCH: 10-20mm F3.5 EX DC HSM score=1.25
2026-05-17 01:17:29 | INFO     | ss_crawler | [lens_scraper] Matched [hcdof]: Sigma_10-20mm_F3.5_EX_DC_HSM (100% confidence)
2026-05-17 01:17:29 | INFO     | ss_crawler | [crawler] Fetching : https://www.ss.com/msg/lv/electronics/photo-optics/objectives/mbddb.html
2026-05-17 01:17:31 | INFO     | ss_crawler | [lens_scraper] Filtered [mbddb]: filtered_nikon
2026-05-17 01:17:31 | INFO     | ss_crawler | [crawler] Fetching : https://www.ss.com/msg/lv/electronics/photo-optics/objectives/acfjg.html
2026-05-17 01:17:32 | INFO     | ss_crawler | [lens_scraper] MODEL EXTRACTED: 'canon продаю объектив eos canon 24-70 4t l серии, малопользованый'
2026-05-17 01:17:32 | INFO     | ss_crawler | [lens_scraper] MOUNT DETECT: None
2026-05-17 01:17:32 | INFO     | ss_crawler | [lens_scraper] Detected focal: 24mm-70mm (from_model=True)
2026-05-17 01:17:32 | INFO     | ss_crawler | [lens_scraper] Using TITLE ONLY for matching: 'eos modelis: canon продаю объектив eos canon 24-70 4t l сери...'
2026-05-17 01:17:32 | INFO     | ss_crawler | [lens_scraper] BEST MATCH: 24-70mm F4L IS USM score=1.35
2026-05-17 01:17:32 | INFO     | ss_crawler | [lens_scraper] Matched [acfjg]: Canon_24-70mm_F4L_IS_USM (100% confidence)
2026-05-17 01:17:32 | INFO     | ss_crawler | [crawler] Fetching : https://www.ss.com/msg/lv/electronics/photo-optics/objectives/fopom.html
2026-05-17 01:17:34 | INFO     | ss_crawler | [lens_scraper] Filtered [fopom]: filtered_jauns
2026-05-17 01:17:34 | INFO     | ss_crawler | [crawler] Fetching : https://www.ss.com/msg/lv/electronics/photo-optics/objectives/bgookb.html
2026-05-17 01:17:37 | INFO     | ss_crawler | [lens_scraper] Filtered [bgookb]: filtered_jauns
2026-05-17 01:17:37 | INFO     | ss_crawler | [crawler] Fetching : https://www.ss.com/msg/lv/electronics/photo-optics/objectives/pdnbl.html
2026-05-17 01:17:40 | INFO     | ss_crawler | [lens_scraper] Filtered [pdnbl]: filtered_jauns
2026-05-17 01:17:40 | INFO     | ss_crawler | [crawler] Fetching : https://www.ss.com/msg/lv/electronics/photo-optics/objectives/mcbcb.html
2026-05-17 01:17:43 | INFO     | ss_crawler | [lens_scraper] Filtered [mcbcb]: filtered_nikon
2026-05-17 01:17:43 | INFO     | ss_crawler | [crawler] Fetching : https://www.ss.com/msg/lv/electronics/photo-optics/objectives/fncgj.html
2026-05-17 01:17:45 | INFO     | ss_crawler | [lens_scraper] Filtered [fncgj]: filtered_nikon
2026-05-17 01:18:05 | INFO     | ss_crawler | [lens_scraper] Initializing Lens scraper...
2026-05-17 01:18:05 | INFO     | ss_crawler | [database] Database connected: localhost:5433/ss_market
2026-05-17 01:18:05 | INFO     | ss_crawler | [lens_scraper] Database: postgresql+psycopg2://crawler:crawler_pass@localhost:5433/ss_market
2026-05-17 01:18:05 | INFO     | ss_crawler | [lens_scraper] Loaded 481 lens references
2026-05-17 01:18:05 | INFO     | ss_crawler | [lens_scraper] Starting lens category scrape: https://www.ss.com/lv/electronics/photo-optics/objectives/
2026-05-17 01:18:05 | INFO     | ss_crawler | [lens_scraper] Fetching page 1: https://www.ss.com/lv/electronics/photo-optics/objectives/
2026-05-17 01:18:05 | INFO     | ss_crawler | [crawler] Fetching : https://www.ss.com/lv/electronics/photo-optics/objectives/
2026-05-17 01:18:08 | INFO     | ss_crawler | [lens_scraper] Found 32 listings on page 1
2026-05-17 01:18:08 | INFO     | ss_crawler | [crawler] Fetching : https://www.ss.com/msg/lv/electronics/photo-optics/objectives/aalgl.html
2026-05-17 01:18:11 | INFO     | ss_crawler | [lens_scraper] MODEL EXTRACTED: 'ef 85mm 1, 8f'
2026-05-17 01:18:11 | INFO     | ss_crawler | [lens_scraper] MOUNT DETECT: EF
2026-05-17 01:18:11 | INFO     | ss_crawler | [lens_scraper] Detected focal: 85mm (from_model=True)
2026-05-17 01:18:11 | INFO     | ss_crawler | [lens_scraper] Using TITLE ONLY for matching: 'canon modelis: ef 85mm 1, 8f...'
2026-05-17 01:18:11 | INFO     | ss_crawler | [lens_scraper] BEST MATCH: 85mm F1.4L IS USM score=1.35
2026-05-17 01:18:11 | INFO     | ss_crawler | [lens_scraper] Matched [aalgl]: Canon_85mm_F1.4L_IS_USM (100% confidence)
2026-05-17 01:18:11 | INFO     | ss_crawler | [crawler] Fetching : https://www.ss.com/msg/lv/electronics/photo-optics/objectives/aalgl.html
2026-05-17 01:18:14 | INFO     | ss_crawler | [lens_scraper] MODEL EXTRACTED: 'ef 85mm 1, 8f'
2026-05-17 01:18:14 | INFO     | ss_crawler | [lens_scraper] MOUNT DETECT: EF
2026-05-17 01:18:14 | INFO     | ss_crawler | [lens_scraper] Detected focal: 85mm (from_model=True)
2026-05-17 01:18:14 | INFO     | ss_crawler | [lens_scraper] Using TITLE ONLY for matching: 'canon modelis: ef 85mm 1, 8f...'
2026-05-17 01:18:14 | INFO     | ss_crawler | [lens_scraper] BEST MATCH: 85mm F1.4L IS USM score=1.35
2026-05-17 01:18:14 | INFO     | ss_crawler | [lens_scraper] Matched [aalgl]: Canon_85mm_F1.4L_IS_USM (100% confidence)
2026-05-17 01:18:14 | INFO     | ss_crawler | [crawler] Fetching : https://www.ss.com/msg/lv/electronics/photo-optics/objectives/aalgl.html
2026-05-17 01:18:17 | INFO     | ss_crawler | [lens_scraper] MODEL EXTRACTED: 'ef 85mm 1, 8f'
2026-05-17 01:18:17 | INFO     | ss_crawler | [lens_scraper] MOUNT DETECT: EF
2026-05-17 01:18:17 | INFO     | ss_crawler | [lens_scraper] Detected focal: 85mm (from_model=True)
2026-05-17 01:18:17 | INFO     | ss_crawler | [lens_scraper] Using TITLE ONLY for matching: 'canon modelis: ef 85mm 1, 8f...'
2026-05-17 01:18:17 | INFO     | ss_crawler | [lens_scraper] BEST MATCH: 85mm F1.4L IS USM score=1.35
2026-05-17 01:18:17 | INFO     | ss_crawler | [lens_scraper] Matched [aalgl]: Canon_85mm_F1.4L_IS_USM (100% confidence)
2026-05-17 01:18:17 | INFO     | ss_crawler | [crawler] Fetching : https://www.ss.com/msg/lv/electronics/photo-optics/objectives/loolb.html
2026-05-17 01:18:20 | INFO     | ss_crawler | [lens_scraper] MODEL EXTRACTED: 'ef 24-105/4'
2026-05-17 01:18:20 | INFO     | ss_crawler | [lens_scraper] MOUNT DETECT: EF
2026-05-17 01:18:20 | INFO     | ss_crawler | [lens_scraper] Detected focal: 24mm-105mm (from_model=True)
2026-05-17 01:18:20 | INFO     | ss_crawler | [lens_scraper] Using TITLE ONLY for matching: 'canon modelis: ef 24-105/4...'
2026-05-17 01:18:20 | INFO     | ss_crawler | [lens_scraper] BEST MATCH: 24-105mm F3.5-5.6 IS STM score=1.35
2026-05-17 01:18:20 | INFO     | ss_crawler | [lens_scraper] Matched [loolb]: Canon_24-105mm_F3.5-5.6_IS_STM (100% confidence)
2026-05-17 01:18:20 | INFO     | ss_crawler | [crawler] Fetching : https://www.ss.com/msg/lv/electronics/photo-optics/objectives/bgpjfj.html
2026-05-17 01:18:22 | INFO     | ss_crawler | [lens_scraper] MODEL EXTRACTED: '24-70mm f/2.8'
2026-05-17 01:18:22 | INFO     | ss_crawler | [lens_scraper] MOUNT DETECT: EF
2026-05-17 01:18:22 | INFO     | ss_crawler | [lens_scraper] Detected focal: 24mm-70mm (from_model=True)
2026-05-17 01:18:22 | INFO     | ss_crawler | [lens_scraper] Using TITLE ONLY for matching: 'sigma modelis: 24-70mm f/2.8...'
2026-05-17 01:18:22 | INFO     | ss_crawler | [lens_scraper] BEST MATCH: 24-70mm F2.8 DG OS HSM Art score=1.50
2026-05-17 01:18:22 | INFO     | ss_crawler | [lens_scraper] Matched [bgpjfj]: Sigma_24-70mm_F2.8_DG_OS_HSM_Art (100% confidence)
2026-05-17 01:18:22 | INFO     | ss_crawler | [crawler] Fetching : https://www.ss.com/msg/lv/electronics/photo-optics/objectives/fljof.html
2026-05-17 01:18:24 | INFO     | ss_crawler | [lens_scraper] MODEL EXTRACTED: '24-70 ll'
2026-05-17 01:18:24 | INFO     | ss_crawler | [lens_scraper] MOUNT DETECT: EF
2026-05-17 01:18:24 | INFO     | ss_crawler | [lens_scraper] Detected focal: 24mm-70mm (from_model=True)
2026-05-17 01:18:24 | INFO     | ss_crawler | [lens_scraper] Using TITLE ONLY for matching: 'canon modelis: 24-70 ll...'
2026-05-17 01:18:24 | INFO     | ss_crawler | [lens_scraper] BEST MATCH: 24-70mm F2.8L II USM score=1.45
2026-05-17 01:18:24 | INFO     | ss_crawler | [lens_scraper] Matched [fljof]: Canon_24-70mm_F2.8L_II_USM (100% confidence)
2026-05-17 01:18:24 | INFO     | ss_crawler | [crawler] Fetching : https://www.ss.com/msg/lv/electronics/photo-optics/objectives/begohe.html
2026-05-17 01:18:27 | INFO     | ss_crawler | [lens_scraper] MODEL EXTRACTED: '16-28 f2.8'
2026-05-17 01:18:27 | INFO     | ss_crawler | [lens_scraper] MOUNT DETECT: E
2026-05-17 01:18:27 | INFO     | ss_crawler | [lens_scraper] Detected focal: 16mm-28mm (from_model=True)
2026-05-17 01:18:27 | INFO     | ss_crawler | [lens_scraper] Using TITLE ONLY for matching: 'sigma modelis: 16-28 f2.8...'
2026-05-17 01:18:27 | INFO     | ss_crawler | [lens_scraper] BEST MATCH: Sigma 16-28mm F2.8 DG DN | Contemporary score=1.50
2026-05-17 01:18:27 | INFO     | ss_crawler | [lens_scraper] Matched [begohe]: Sigma_Sigma_16-28mm_F2.8_DG_DN_|_Contemporary (100% confidence)
2026-05-17 01:18:27 | INFO     | ss_crawler | [crawler] Fetching : https://www.ss.com/msg/lv/electronics/photo-optics/objectives/fmehe.html
2026-05-17 01:18:29 | INFO     | ss_crawler | [lens_scraper] Filtered [fmehe]: filtered_nikon
2026-05-17 01:18:29 | INFO     | ss_crawler | [crawler] Fetching : https://www.ss.com/msg/lv/electronics/photo-optics/objectives/gobcn.html
2026-05-17 01:18:32 | INFO     | ss_crawler | [lens_scraper] MODEL EXTRACTED: 'lumix 20mm'
2026-05-17 01:18:32 | INFO     | ss_crawler | [lens_scraper] MOUNT DETECT: None
2026-05-17 01:18:32 | INFO     | ss_crawler | [lens_scraper] Detected focal: 20mm (from_model=True)
2026-05-17 01:18:32 | INFO     | ss_crawler | [lens_scraper] Using TITLE ONLY for matching: 'panasonic modelis: lumix 20mm...'
2026-05-17 01:18:32 | INFO     | ss_crawler | [lens_scraper] BEST MATCH: 20mm F2.8 USM score=0.85
2026-05-17 01:18:32 | INFO     | ss_crawler | [lens_scraper] Matched [gobcn]: Canon_20mm_F2.8_USM (85% confidence)
2026-05-17 01:18:32 | INFO     | ss_crawler | [crawler] Fetching : https://www.ss.com/msg/lv/electronics/photo-optics/objectives/gcxci.html
2026-05-17 01:18:34 | INFO     | ss_crawler | [lens_scraper] MODEL EXTRACTED: '75mm 1.5'
2026-05-17 01:18:34 | INFO     | ss_crawler | [lens_scraper] MOUNT DETECT: E
2026-05-17 01:18:34 | INFO     | ss_crawler | [lens_scraper] Detected focal: 75mm (from_model=True)
2026-05-17 01:18:34 | INFO     | ss_crawler | [lens_scraper] Using TITLE ONLY for matching: 'ttartisan modelis: 75mm 1.5...'
2026-05-17 01:18:34 | INFO     | ss_crawler | [lens_scraper] BEST MATCH: Sony E 10-18mm F4 OSS score=0.70
2026-05-17 01:18:34 | INFO     | ss_crawler | [lens_scraper] Matched [gcxci]: Sony_Sony_E_10-18mm_F4_OSS (70% confidence)
2026-05-17 01:18:34 | INFO     | ss_crawler | [crawler] Fetching : https://www.ss.com/msg/lv/electronics/photo-optics/objectives/lphdk.html
2026-05-17 01:18:37 | INFO     | ss_crawler | [lens_scraper] MODEL EXTRACTED: '24 f/ 2, 8 stm'
2026-05-17 01:18:37 | INFO     | ss_crawler | [lens_scraper] MOUNT DETECT: EF-S
2026-05-17 01:18:37 | INFO     | ss_crawler | [lens_scraper] Detected focal: 24mm (from_model=True)
2026-05-17 01:18:37 | INFO     | ss_crawler | [lens_scraper] Using TITLE ONLY for matching: 'canon modelis: 24 f/ 2, 8 stm...'
2026-05-17 01:18:37 | INFO     | ss_crawler | [lens_scraper] BEST MATCH: 24mm F2.8 STM score=1.60
2026-05-17 01:18:37 | INFO     | ss_crawler | [lens_scraper] Matched [lphdk]: Canon_24mm_F2.8_STM (100% confidence)
2026-05-17 01:18:37 | INFO     | ss_crawler | [crawler] Fetching : https://www.ss.com/msg/lv/electronics/photo-optics/objectives/lpcjf.html
2026-05-17 01:18:39 | INFO     | ss_crawler | [lens_scraper] MODEL EXTRACTED: 'fe 24-70mm'
2026-05-17 01:18:39 | INFO     | ss_crawler | [lens_scraper] MOUNT DETECT: E
2026-05-17 01:18:39 | INFO     | ss_crawler | [lens_scraper] Detected focal: 24mm-70mm (from_model=True)
2026-05-17 01:18:39 | INFO     | ss_crawler | [lens_scraper] Using TITLE ONLY for matching: 'sony modelis: fe 24-70mm...'
2026-05-17 01:18:39 | INFO     | ss_crawler | [lens_scraper] BEST MATCH: Sony FE 24-70mm F2.8 GM II score=1.45
2026-05-17 01:18:39 | INFO     | ss_crawler | [lens_scraper] Matched [lpcjf]: Sony_Sony_FE_24-70mm_F2.8_GM_II (100% confidence)
2026-05-17 01:18:39 | INFO     | ss_crawler | [crawler] Fetching : https://www.ss.com/msg/lv/electronics/photo-optics/objectives/jpdce.html
2026-05-17 01:18:41 | INFO     | ss_crawler | [lens_scraper] MODEL EXTRACTED: 'fe 50mm f1.8'
2026-05-17 01:18:41 | INFO     | ss_crawler | [lens_scraper] MOUNT DETECT: E
2026-05-17 01:18:41 | INFO     | ss_crawler | [lens_scraper] Detected focal: 50mm (from_model=True)
2026-05-17 01:18:41 | INFO     | ss_crawler | [lens_scraper] Using TITLE ONLY for matching: 'sony modelis: fe 50mm f1.8...'
2026-05-17 01:18:41 | INFO     | ss_crawler | [lens_scraper] BEST MATCH: Sony E 50mm F1.8 OSS score=0.95
2026-05-17 01:18:41 | INFO     | ss_crawler | [lens_scraper] Matched [jpdce]: Sony_Sony_E_50mm_F1.8_OSS (95% confidence)
2026-05-17 01:18:41 | INFO     | ss_crawler | [crawler] Fetching : https://www.ss.com/msg/lv/electronics/photo-optics/objectives/eldbp.html
2026-05-17 01:18:43 | INFO     | ss_crawler | [lens_scraper] Filtered [eldbp]: filtered_jauns
2026-05-17 01:18:43 | INFO     | ss_crawler | [crawler] Fetching : https://www.ss.com/msg/lv/electronics/photo-optics/objectives/opxxp.html
2026-05-17 01:18:45 | INFO     | ss_crawler | [lens_scraper] Filtered [opxxp]: filtered_nikon
2026-05-17 01:18:45 | INFO     | ss_crawler | [crawler] Fetching : https://www.ss.com/msg/lv/electronics/photo-optics/objectives/aabgf.html
2026-05-17 01:18:47 | INFO     | ss_crawler | [lens_scraper] MODEL EXTRACTED: '24-105 mm, f4'
2026-05-17 01:18:47 | INFO     | ss_crawler | [lens_scraper] MOUNT DETECT: None
2026-05-17 01:18:47 | INFO     | ss_crawler | [lens_scraper] Detected focal: 24mm-105mm (from_model=True)
2026-05-17 01:18:47 | INFO     | ss_crawler | [lens_scraper] Using TITLE ONLY for matching: 'canon modelis: 24-105 mm, f4...'
2026-05-17 01:18:47 | INFO     | ss_crawler | [lens_scraper] BEST MATCH: 24-105mm F4L IS USM score=1.40
2026-05-17 01:18:47 | INFO     | ss_crawler | [lens_scraper] Matched [aabgf]: Canon_24-105mm_F4L_IS_USM (100% confidence)
2026-05-17 01:18:47 | INFO     | ss_crawler | [crawler] Fetching : https://www.ss.com/msg/lv/electronics/photo-optics/objectives/abdpe.html
2026-05-17 01:18:49 | INFO     | ss_crawler | [lens_scraper] MODEL EXTRACTED: '50 mm f1, 4, ef'
2026-05-17 01:18:49 | INFO     | ss_crawler | [lens_scraper] MOUNT DETECT: None
2026-05-17 01:18:49 | INFO     | ss_crawler | [lens_scraper] Detected focal: 50mm (from_model=True)
2026-05-17 01:18:49 | INFO     | ss_crawler | [lens_scraper] Using TITLE ONLY for matching: 'canon modelis: 50 mm f1, 4, ef...'
2026-05-17 01:18:49 | INFO     | ss_crawler | [lens_scraper] BEST MATCH: 50mm F1.4 USM score=1.40
2026-05-17 01:18:49 | INFO     | ss_crawler | [lens_scraper] Matched [abdpe]: Canon_50mm_F1.4_USM (100% confidence)
2026-05-17 01:18:49 | INFO     | ss_crawler | [crawler] Fetching : https://www.ss.com/msg/lv/electronics/photo-optics/objectives/gcmeb.html
2026-05-17 01:18:52 | INFO     | ss_crawler | [lens_scraper] MODEL EXTRACTED: '17-28'
2026-05-17 01:18:52 | INFO     | ss_crawler | [lens_scraper] MOUNT DETECT: E
2026-05-17 01:18:52 | INFO     | ss_crawler | [lens_scraper] Detected focal: 17mm-28mm (from_model=True)
2026-05-17 01:18:52 | INFO     | ss_crawler | [lens_scraper] Using TITLE ONLY for matching: 'tamron modelis: 17-28...'
2026-05-17 01:18:52 | INFO     | ss_crawler | [lens_scraper] BEST MATCH: Tamron 17-28mm F/2.8 Di III RXD score=0.80
2026-05-17 01:18:52 | INFO     | ss_crawler | [lens_scraper] Matched [gcmeb]: Tamron_Tamron_17-28mm_F_2.8_Di_III_RXD (80% confidence)
2026-05-17 01:18:52 | INFO     | ss_crawler | [crawler] Fetching : https://www.ss.com/msg/lv/electronics/photo-optics/objectives/flxmi.html
2026-05-17 01:18:54 | INFO     | ss_crawler | [lens_scraper] MODEL EXTRACTED: 'sel30m35'
2026-05-17 01:18:54 | INFO     | ss_crawler | [lens_scraper] MOUNT DETECT: E
2026-05-17 01:18:54 | INFO     | ss_crawler | [lens_scraper] BEST MATCH: Sony E 30mm F3.5 Macro score=1.05
2026-05-17 01:18:54 | INFO     | ss_crawler | [lens_scraper] Matched [flxmi]: Sony_Sony_E_30mm_F3.5_Macro (100% confidence)
2026-05-17 01:18:54 | INFO     | ss_crawler | [crawler] Fetching : https://www.ss.com/msg/lv/electronics/photo-optics/objectives/egicb.html
2026-05-17 01:18:56 | INFO     | ss_crawler | [lens_scraper] MODEL EXTRACTED: '28-135mm'
2026-05-17 01:18:56 | INFO     | ss_crawler | [lens_scraper] MOUNT DETECT: None
2026-05-17 01:18:56 | INFO     | ss_crawler | [lens_scraper] Detected focal: 28mm-135mm (from_model=True)
2026-05-17 01:18:56 | INFO     | ss_crawler | [lens_scraper] Using TITLE ONLY for matching: 'sigma modelis: 28-135mm...'
2026-05-17 01:18:56 | INFO     | ss_crawler | [lens_scraper] BEST MATCH: Sony FE PZ 28-135mm F4 G OSS score=0.85
2026-05-17 01:18:56 | INFO     | ss_crawler | [lens_scraper] Matched [egicb]: Sony_Sony_FE_PZ_28-135mm_F4_G_OSS (85% confidence)
2026-05-17 01:18:56 | INFO     | ss_crawler | [crawler] Fetching : https://www.ss.com/msg/lv/electronics/photo-optics/objectives/mbcgc.html
2026-05-17 01:18:58 | INFO     | ss_crawler | [lens_scraper] Filtered [mbcgc]: filtered_nikon
2026-05-17 01:18:58 | INFO     | ss_crawler | [crawler] Fetching : https://www.ss.com/msg/lv/electronics/photo-optics/objectives/bhnnxk.html
2026-05-17 01:19:02 | INFO     | ss_crawler | [lens_scraper] MODEL EXTRACTED: 'ef 24 1, 4lii'
2026-05-17 01:19:02 | INFO     | ss_crawler | [lens_scraper] MOUNT DETECT: EF
2026-05-17 01:19:02 | INFO     | ss_crawler | [lens_scraper] Detected focal: 24mm (from_model=True)
2026-05-17 01:19:02 | INFO     | ss_crawler | [lens_scraper] Using TITLE ONLY for matching: 'canon modelis: ef 24 1, 4lii...'
2026-05-17 01:19:02 | INFO     | ss_crawler | [lens_scraper] BEST MATCH: 24mm F1.4L II USM score=1.60
2026-05-17 01:19:02 | INFO     | ss_crawler | [lens_scraper] Matched [bhnnxk]: Canon_24mm_F1.4L_II_USM (100% confidence)
2026-05-17 01:19:02 | INFO     | ss_crawler | [crawler] Fetching : https://www.ss.com/msg/lv/electronics/photo-optics/objectives/bigokg.html
2026-05-17 01:19:03 | INFO     | ss_crawler | [lens_scraper] MODEL EXTRACTED: 'ef 24-105 f4l'
2026-05-17 01:19:03 | INFO     | ss_crawler | [lens_scraper] MOUNT DETECT: EF
2026-05-17 01:19:03 | INFO     | ss_crawler | [lens_scraper] Detected focal: 24mm-105mm (from_model=True)
2026-05-17 01:19:03 | INFO     | ss_crawler | [lens_scraper] Using TITLE ONLY for matching: 'canon modelis: ef 24-105 f4l...'
2026-05-17 01:19:03 | INFO     | ss_crawler | [lens_scraper] BEST MATCH: 24-105mm F4L IS USM score=1.50
2026-05-17 01:19:03 | INFO     | ss_crawler | [lens_scraper] Matched [bigokg]: Canon_24-105mm_F4L_IS_USM (100% confidence)
2026-05-17 01:19:03 | INFO     | ss_crawler | [crawler] Fetching : https://www.ss.com/msg/lv/electronics/photo-optics/objectives/fgimf.html
2026-05-17 01:19:06 | INFO     | ss_crawler | [lens_scraper] MODEL EXTRACTED: '35mm f/2.8'
2026-05-17 01:19:06 | INFO     | ss_crawler | [lens_scraper] MOUNT DETECT: EF-S
2026-05-17 01:19:06 | INFO     | ss_crawler | [lens_scraper] Detected focal: 35mm (from_model=True)
2026-05-17 01:19:06 | INFO     | ss_crawler | [lens_scraper] Using TITLE ONLY for matching: 'canon modelis: 35mm f/2.8...'
2026-05-17 01:19:06 | INFO     | ss_crawler | [lens_scraper] BEST MATCH: 35mm F2.8 Macro IS STM score=1.50
2026-05-17 01:19:06 | INFO     | ss_crawler | [lens_scraper] Matched [fgimf]: Canon_35mm_F2.8_Macro_IS_STM (100% confidence)
2026-05-17 01:19:06 | INFO     | ss_crawler | [crawler] Fetching : https://www.ss.com/msg/lv/electronics/photo-optics/objectives/hcdof.html
2026-05-17 01:19:09 | INFO     | ss_crawler | [lens_scraper] MODEL EXTRACTED: '10-20 mm'
2026-05-17 01:19:09 | INFO     | ss_crawler | [lens_scraper] MOUNT DETECT: None
2026-05-17 01:19:09 | INFO     | ss_crawler | [lens_scraper] Detected focal: 10mm-20mm (from_model=True)
2026-05-17 01:19:09 | INFO     | ss_crawler | [lens_scraper] Using TITLE ONLY for matching: 'sigma modelis: 10-20 mm...'
2026-05-17 01:19:09 | INFO     | ss_crawler | [lens_scraper] BEST MATCH: 10-20mm F3.5 EX DC HSM score=1.25
2026-05-17 01:19:09 | INFO     | ss_crawler | [lens_scraper] Matched [hcdof]: Sigma_10-20mm_F3.5_EX_DC_HSM (100% confidence)
2026-05-17 01:19:09 | INFO     | ss_crawler | [crawler] Fetching : https://www.ss.com/msg/lv/electronics/photo-optics/objectives/mbddb.html
2026-05-17 01:19:12 | INFO     | ss_crawler | [lens_scraper] Filtered [mbddb]: filtered_nikon
2026-05-17 01:19:12 | INFO     | ss_crawler | [crawler] Fetching : https://www.ss.com/msg/lv/electronics/photo-optics/objectives/acfjg.html
2026-05-17 01:19:14 | INFO     | ss_crawler | [lens_scraper] MODEL EXTRACTED: 'canon продаю объектив eos canon 24-70 4t l серии, малопользованый'
2026-05-17 01:19:14 | INFO     | ss_crawler | [lens_scraper] MOUNT DETECT: None
2026-05-17 01:19:14 | INFO     | ss_crawler | [lens_scraper] Detected focal: 24mm-70mm (from_model=True)
2026-05-17 01:19:14 | INFO     | ss_crawler | [lens_scraper] Using TITLE ONLY for matching: 'eos modelis: canon продаю объектив eos canon 24-70 4t l сери...'
2026-05-17 01:19:14 | INFO     | ss_crawler | [lens_scraper] BEST MATCH: 24-70mm F4L IS USM score=1.35
2026-05-17 01:19:14 | INFO     | ss_crawler | [lens_scraper] Matched [acfjg]: Canon_24-70mm_F4L_IS_USM (100% confidence)
2026-05-17 01:19:14 | INFO     | ss_crawler | [crawler] Fetching : https://www.ss.com/msg/lv/electronics/photo-optics/objectives/fopom.html
2026-05-17 01:19:16 | INFO     | ss_crawler | [lens_scraper] Filtered [fopom]: filtered_jauns
2026-05-17 01:19:16 | INFO     | ss_crawler | [crawler] Fetching : https://www.ss.com/msg/lv/electronics/photo-optics/objectives/bgookb.html
2026-05-17 01:19:20 | INFO     | ss_crawler | [lens_scraper] Filtered [bgookb]: filtered_jauns
2026-05-17 01:19:20 | INFO     | ss_crawler | [crawler] Fetching : https://www.ss.com/msg/lv/electronics/photo-optics/objectives/pdnbl.html
2026-05-17 01:19:23 | INFO     | ss_crawler | [lens_scraper] Filtered [pdnbl]: filtered_jauns
2026-05-17 01:19:23 | INFO     | ss_crawler | [crawler] Fetching : https://www.ss.com/msg/lv/electronics/photo-optics/objectives/mcbcb.html
2026-05-17 01:19:25 | INFO     | ss_crawler | [lens_scraper] Filtered [mcbcb]: filtered_nikon
2026-05-17 01:19:25 | INFO     | ss_crawler | [crawler] Fetching : https://www.ss.com/msg/lv/electronics/photo-optics/objectives/fncgj.html
2026-05-17 01:19:26 | INFO     | ss_crawler | [lens_scraper] Filtered [fncgj]: filtered_nikon
2026-05-17 01:19:26 | INFO     | ss_crawler | [lens_scraper] Fetching page 2: https://www.ss.com/lv/electronics/photo-optics/objectives/page2.html
2026-05-17 01:19:26 | INFO     | ss_crawler | [crawler] Fetching : https://www.ss.com/lv/electronics/photo-optics/objectives/page2.html
2026-05-17 01:19:28 | INFO     | ss_crawler | [lens_scraper] Found 32 listings on page 2
2026-05-17 01:19:28 | INFO     | ss_crawler | [crawler] Fetching : https://www.ss.com/msg/lv/electronics/photo-optics/objectives/ghlhb.html
2026-05-17 01:19:31 | INFO     | ss_crawler | [lens_scraper] MODEL EXTRACTED: '18-200mm'
2026-05-17 01:19:31 | INFO     | ss_crawler | [lens_scraper] MOUNT DETECT: EF-S
2026-05-17 01:19:31 | INFO     | ss_crawler | [lens_scraper] Detected focal: 18mm-200mm (from_model=True)
2026-05-17 01:19:31 | INFO     | ss_crawler | [lens_scraper] Using TITLE ONLY for matching: 'canon modelis: 18-200mm...'
2026-05-17 01:19:31 | INFO     | ss_crawler | [lens_scraper] BEST MATCH: 18-200mm F3.5-5.6 IS score=1.35
2026-05-17 01:19:31 | INFO     | ss_crawler | [lens_scraper] Matched [ghlhb]: Canon_18-200mm_F3.5-5.6_IS (100% confidence)
2026-05-17 01:19:31 | INFO     | ss_crawler | [crawler] Fetching : https://www.ss.com/msg/lv/electronics/photo-optics/objectives/ghlhb.html
2026-05-17 01:19:33 | INFO     | ss_crawler | [lens_scraper] MODEL EXTRACTED: '18-200mm'
2026-05-17 01:19:33 | INFO     | ss_crawler | [lens_scraper] MOUNT DETECT: EF-S
2026-05-17 01:19:33 | INFO     | ss_crawler | [lens_scraper] Detected focal: 18mm-200mm (from_model=True)
2026-05-17 01:19:33 | INFO     | ss_crawler | [lens_scraper] Using TITLE ONLY for matching: 'canon modelis: 18-200mm...'
2026-05-17 01:19:33 | INFO     | ss_crawler | [lens_scraper] BEST MATCH: 18-200mm F3.5-5.6 IS score=1.35
2026-05-17 01:19:33 | INFO     | ss_crawler | [lens_scraper] Matched [ghlhb]: Canon_18-200mm_F3.5-5.6_IS (100% confidence)
2026-05-17 01:19:33 | INFO     | ss_crawler | [crawler] Fetching : https://www.ss.com/msg/lv/electronics/photo-optics/objectives/ghlhb.html
2026-05-17 01:19:35 | INFO     | ss_crawler | [lens_scraper] MODEL EXTRACTED: '18-200mm'
2026-05-17 01:19:35 | INFO     | ss_crawler | [lens_scraper] MOUNT DETECT: EF-S
2026-05-17 01:19:35 | INFO     | ss_crawler | [lens_scraper] Detected focal: 18mm-200mm (from_model=True)
2026-05-17 01:19:35 | INFO     | ss_crawler | [lens_scraper] Using TITLE ONLY for matching: 'canon modelis: 18-200mm...'
2026-05-17 01:19:35 | INFO     | ss_crawler | [lens_scraper] BEST MATCH: 18-200mm F3.5-5.6 IS score=1.35
2026-05-17 01:19:35 | INFO     | ss_crawler | [lens_scraper] Matched [ghlhb]: Canon_18-200mm_F3.5-5.6_IS (100% confidence)
2026-05-17 01:19:35 | INFO     | ss_crawler | [crawler] Fetching : https://www.ss.com/msg/lv/electronics/photo-optics/objectives/cbnkb.html
2026-05-17 01:19:39 | INFO     | ss_crawler | [lens_scraper] Filtered [cbnkb]: filtered_nikon
2026-05-17 01:19:39 | INFO     | ss_crawler | [crawler] Fetching : https://www.ss.com/msg/lv/electronics/photo-optics/objectives/mxpmc.html
2026-05-17 01:19:42 | INFO     | ss_crawler | [lens_scraper] Filtered [mxpmc]: filtered_jauns
2026-05-17 01:19:42 | INFO     | ss_crawler | [crawler] Fetching : https://www.ss.com/msg/lv/electronics/photo-optics/objectives/ahdbb.html
2026-05-17 01:19:44 | INFO     | ss_crawler | [lens_scraper] Filtered [ahdbb]: filtered_jauns
2026-05-17 01:19:44 | INFO     | ss_crawler | [crawler] Fetching : https://www.ss.com/msg/lv/electronics/photo-optics/objectives/eimlg.html
2026-05-17 01:19:46 | INFO     | ss_crawler | [lens_scraper] Filtered [eimlg]: filtered_jauns
2026-05-17 01:19:46 | INFO     | ss_crawler | [crawler] Fetching : https://www.ss.com/msg/lv/electronics/photo-optics/objectives/cdbnl.html
2026-05-17 01:19:50 | INFO     | ss_crawler | [lens_scraper] Filtered [cdbnl]: filtered_jauns
2026-05-17 01:19:50 | INFO     | ss_crawler | [crawler] Fetching : https://www.ss.com/msg/lv/electronics/photo-optics/objectives/bgmmod.html
2026-05-17 01:19:52 | INFO     | ss_crawler | [lens_scraper] Filtered [bgmmod]: filtered_nikon
2026-05-17 01:19:52 | INFO     | ss_crawler | [crawler] Fetching : https://www.ss.com/msg/lv/electronics/photo-optics/objectives/gfjin.html
2026-05-17 01:19:55 | INFO     | ss_crawler | [lens_scraper] MODEL EXTRACTED: '2, 8/28 mm'
2026-05-17 01:19:55 | INFO     | ss_crawler | [lens_scraper] MOUNT DETECT: None
2026-05-17 01:19:55 | INFO     | ss_crawler | [lens_scraper] Detected focal: 28mm (from_model=True)
2026-05-17 01:19:55 | INFO     | ss_crawler | [lens_scraper] Using TITLE ONLY for matching: 'pallas modelis: 2, 8/28 mm...'
2026-05-17 01:19:55 | INFO     | ss_crawler | [lens_scraper] BEST MATCH: 28mm F2.8 IS USM score=1.00
2026-05-17 01:19:55 | INFO     | ss_crawler | [lens_scraper] Matched [gfjin]: Canon_28mm_F2.8_IS_USM (100% confidence)
2026-05-17 01:19:55 | INFO     | ss_crawler | [crawler] Fetching : https://www.ss.com/msg/lv/electronics/photo-optics/objectives/fkmbj.html
2026-05-17 01:19:57 | INFO     | ss_crawler | [lens_scraper] Filtered [fkmbj]: filtered_nikon
2026-05-17 01:19:57 | INFO     | ss_crawler | [crawler] Fetching : https://www.ss.com/msg/lv/electronics/photo-optics/objectives/abxep.html
2026-05-17 01:19:59 | INFO     | ss_crawler | [lens_scraper] Filtered [abxep]: filtered_jauns
2026-05-17 01:19:59 | INFO     | ss_crawler | [crawler] Fetching : https://www.ss.com/msg/lv/electronics/photo-optics/objectives/bixcmk.html
2026-05-17 01:20:01 | INFO     | ss_crawler | [lens_scraper] MODEL EXTRACTED: '24-70mm dg ii'
2026-05-17 01:20:01 | INFO     | ss_crawler | [lens_scraper] MOUNT DETECT: E
2026-05-17 01:20:01 | INFO     | ss_crawler | [lens_scraper] Detected focal: 24mm-70mm (from_model=True)
2026-05-17 01:20:01 | INFO     | ss_crawler | [lens_scraper] Using TITLE ONLY for matching: 'sigma modelis: 24-70mm dg ii...'
2026-05-17 01:20:01 | INFO     | ss_crawler | [lens_scraper] BEST MATCH: Sony FE 24-70mm F2.8 GM II score=1.05
2026-05-17 01:20:01 | INFO     | ss_crawler | [lens_scraper] Matched [bixcmk]: Sony_Sony_FE_24-70mm_F2.8_GM_II (100% confidence)
2026-05-17 01:20:01 | INFO     | ss_crawler | [crawler] Fetching : https://www.ss.com/msg/lv/electronics/photo-optics/objectives/opihn.html
2026-05-17 01:20:04 | INFO     | ss_crawler | [lens_scraper] Filtered [opihn]: filtered_nikon
2026-05-17 01:20:04 | INFO     | ss_crawler | [crawler] Fetching : https://www.ss.com/msg/lv/electronics/photo-optics/objectives/bgncbe.html
2026-05-17 01:20:07 | INFO     | ss_crawler | [lens_scraper] MODEL EXTRACTED: 'fujinon pārdodu augstas klases platleņķa objektīvu – fujifilm xf 18mm f/1'
2026-05-17 01:20:07 | INFO     | ss_crawler | [lens_scraper] MOUNT DETECT: E
2026-05-17 01:20:07 | INFO     | ss_crawler | [lens_scraper] Detected focal: 18mm (from_model=True)
2026-05-17 01:20:07 | INFO     | ss_crawler | [lens_scraper] Using TITLE ONLY for matching: 'fujifilm modelis: fujinon pārdodu augstas klases platleņķa o...'
2026-05-17 01:20:07 | INFO     | ss_crawler | [lens_scraper] BEST MATCH: 18mm F3.5 Distagon T* ZE score=0.70
2026-05-17 01:20:07 | INFO     | ss_crawler | [lens_scraper] Matched [bgncbe]: Zeiss_18mm_F3.5_Distagon_T*_ZE (70% confidence)
2026-05-17 01:20:07 | INFO     | ss_crawler | [crawler] Fetching : https://www.ss.com/msg/lv/electronics/photo-optics/objectives/bicplh.html
2026-05-17 01:20:08 | INFO     | ss_crawler | [lens_scraper] MODEL EXTRACTED: 'fujinon pārdodu leģendāro portretu objektīvu no fujifilm – fujifilm xf 56mm f/1'
2026-05-17 01:20:08 | INFO     | ss_crawler | [lens_scraper] MOUNT DETECT: E
2026-05-17 01:20:08 | INFO     | ss_crawler | [lens_scraper] Detected focal: 56mm (from_model=True)
2026-05-17 01:20:08 | INFO     | ss_crawler | [lens_scraper] Using TITLE ONLY for matching: 'fujifilm modelis: fujinon pārdodu leģendāro portretu objektī...'
2026-05-17 01:20:08 | INFO     | ss_crawler | [lens_scraper] No match for [bicplh]
2026-05-17 01:20:08 | INFO     | ss_crawler | [crawler] Fetching : https://www.ss.com/msg/lv/electronics/photo-optics/objectives/bhbenx.html
2026-05-17 01:20:11 | INFO     | ss_crawler | [lens_scraper] MODEL EXTRACTED: 'fujinon pārdodu profesionālu makro objektīvu no fujifilm – fujifilm xf 80mm f/2'
2026-05-17 01:20:11 | INFO     | ss_crawler | [lens_scraper] MOUNT DETECT: E
2026-05-17 01:20:11 | INFO     | ss_crawler | [lens_scraper] Detected focal: 80mm (from_model=True)
2026-05-17 01:20:11 | INFO     | ss_crawler | [lens_scraper] Using TITLE ONLY for matching: 'fujifilm modelis: fujinon pārdodu profesionālu makro objektī...'
2026-05-17 01:20:11 | INFO     | ss_crawler | [lens_scraper] No match for [bhbenx]
2026-05-17 01:20:11 | INFO     | ss_crawler | [crawler] Fetching : https://www.ss.com/msg/lv/electronics/photo-optics/objectives/biexog.html
2026-05-17 01:20:14 | INFO     | ss_crawler | [lens_scraper] MODEL EXTRACTED: 'fujinon fujinon xf 35mm f/2 r wr objektīvs'
2026-05-17 01:20:14 | INFO     | ss_crawler | [lens_scraper] MOUNT DETECT: None
2026-05-17 01:20:14 | INFO     | ss_crawler | [lens_scraper] Detected focal: 35mm (from_model=True)
2026-05-17 01:20:14 | INFO     | ss_crawler | [lens_scraper] Using TITLE ONLY for matching: 'fujifilm modelis: fujinon fujinon xf 35mm f/2 r wr objektīvs...'
2026-05-17 01:20:14 | INFO     | ss_crawler | [lens_scraper] BEST MATCH: 35mm F2 IS USM score=1.00
2026-05-17 01:20:14 | INFO     | ss_crawler | [lens_scraper] Matched [biexog]: Canon_35mm_F2_IS_USM (100% confidence)
2026-05-17 01:20:14 | INFO     | ss_crawler | [crawler] Fetching : https://www.ss.com/msg/lv/electronics/photo-optics/objectives/dphjn.html
2026-05-17 01:20:17 | INFO     | ss_crawler | [lens_scraper] Filtered [dphjn]: filtered_nikon
2026-05-17 01:20:17 | INFO     | ss_crawler | [crawler] Fetching : https://www.ss.com/msg/lv/electronics/photo-optics/objectives/ddffo.html
2026-05-17 01:20:20 | INFO     | ss_crawler | [lens_scraper] MODEL EXTRACTED: 'ef 17-55 f2.8'
2026-05-17 01:20:20 | INFO     | ss_crawler | [lens_scraper] MOUNT DETECT: EF
2026-05-17 01:20:20 | INFO     | ss_crawler | [lens_scraper] Detected focal: 17mm-55mm (from_model=True)
2026-05-17 01:20:20 | INFO     | ss_crawler | [lens_scraper] Using TITLE ONLY for matching: 'canon modelis: ef 17-55 f2.8...'
2026-05-17 01:20:20 | INFO     | ss_crawler | [lens_scraper] BEST MATCH: 17-55mm F2.8 IS USM score=1.15
2026-05-17 01:20:20 | INFO     | ss_crawler | [lens_scraper] Matched [ddffo]: Canon_17-55mm_F2.8_IS_USM (100% confidence)
2026-05-17 01:20:20 | INFO     | ss_crawler | [crawler] Fetching : https://www.ss.com/msg/lv/electronics/photo-optics/objectives/mxjie.html
2026-05-17 01:20:23 | INFO     | ss_crawler | [lens_scraper] MODEL EXTRACTED: 'mc macro pārdodu mc vitacon auto zoom 75-200 mm 1:4'
2026-05-17 01:20:23 | INFO     | ss_crawler | [lens_scraper] MOUNT DETECT: None
2026-05-17 01:20:23 | INFO     | ss_crawler | [lens_scraper] Detected focal: 75mm-200mm (from_model=True)
2026-05-17 01:20:23 | INFO     | ss_crawler | [lens_scraper] Using TITLE ONLY for matching: 'vitacon modelis: mc macro pārdodu mc vitacon auto zoom 75-20...'
2026-05-17 01:20:23 | INFO     | ss_crawler | [lens_scraper] No match for [mxjie]
2026-05-17 01:20:23 | INFO     | ss_crawler | [crawler] Fetching : https://www.ss.com/msg/lv/electronics/photo-optics/objectives/ekolb.html
2026-05-17 01:20:26 | INFO     | ss_crawler | [lens_scraper] MODEL EXTRACTED: 'zoom master pārdodu sigma zoom master objektīvu'
2026-05-17 01:20:26 | INFO     | ss_crawler | [lens_scraper] MOUNT DETECT: None
2026-05-17 01:20:26 | INFO     | ss_crawler | [lens_scraper] Detected focal: 8mm-4mm (from_model=False)
2026-05-17 01:20:26 | INFO     | ss_crawler | [lens_scraper] BEST MATCH: 8mm F3.5 EX DG Circular Fisheye score=0.90
2026-05-17 01:20:26 | INFO     | ss_crawler | [lens_scraper] Matched [ekolb]: Sigma_8mm_F3.5_EX_DG_Circular_Fisheye (90% confidence)
2026-05-17 01:20:26 | INFO     | ss_crawler | [crawler] Fetching : https://www.ss.com/msg/lv/electronics/photo-optics/objectives/ddhci.html
2026-05-17 01:20:28 | INFO     | ss_crawler | [lens_scraper] MODEL EXTRACTED: 'macrofocusing pārdodu vivitar 1'
2026-05-17 01:20:28 | INFO     | ss_crawler | [lens_scraper] MOUNT DETECT: None
2026-05-17 01:20:28 | INFO     | ss_crawler | [lens_scraper] Detected focal: 70mm-210mm (from_model=False)
2026-05-17 01:20:28 | INFO     | ss_crawler | [lens_scraper] BEST MATCH: 70-210mm F4 Di VC USD score=0.55
2026-05-17 01:20:28 | INFO     | ss_crawler | [lens_scraper] Matched [ddhci]: Tamron_70-210mm_F4_Di_VC_USD (55% confidence)
2026-05-17 01:20:28 | INFO     | ss_crawler | [crawler] Fetching : https://www.ss.com/msg/lv/electronics/photo-optics/objectives/mckic.html
2026-05-17 01:20:31 | INFO     | ss_crawler | [lens_scraper] MODEL EXTRACTED: 'auto tele pārdodu panagor auto tele objektīvu'
2026-05-17 01:20:31 | INFO     | ss_crawler | [lens_scraper] MOUNT DETECT: None
2026-05-17 01:20:31 | INFO     | ss_crawler | [lens_scraper] BEST MATCH: 35mm F2.8 Macro IS STM score=0.95
2026-05-17 01:20:31 | INFO     | ss_crawler | [lens_scraper] Matched [mckic]: Canon_35mm_F2.8_Macro_IS_STM (95% confidence)
2026-05-17 01:20:31 | INFO     | ss_crawler | [crawler] Fetching : https://www.ss.com/msg/lv/electronics/photo-optics/objectives/mblbp.html
2026-05-17 01:20:33 | INFO     | ss_crawler | [lens_scraper] MODEL EXTRACTED: 'zoom pārdodu sigma zoom 1:4'
2026-05-17 01:20:33 | INFO     | ss_crawler | [lens_scraper] MOUNT DETECT: None
2026-05-17 01:20:33 | INFO     | ss_crawler | [lens_scraper] Detected focal: 5mm-5mm (from_model=False)
2026-05-17 01:20:33 | INFO     | ss_crawler | [lens_scraper] BEST MATCH: 500mm F4 DG OS HSM Sports score=0.75
2026-05-17 01:20:33 | INFO     | ss_crawler | [lens_scraper] Matched [mblbp]: Sigma_500mm_F4_DG_OS_HSM_Sports (75% confidence)
2026-05-17 01:20:33 | INFO     | ss_crawler | [crawler] Fetching : https://www.ss.com/msg/lv/electronics/photo-optics/objectives/bkmpjx.html
2026-05-17 01:20:35 | INFO     | ss_crawler | [lens_scraper] MODEL EXTRACTED: '35mm f1.4 dg d'
2026-05-17 01:20:35 | INFO     | ss_crawler | [lens_scraper] MOUNT DETECT: E
2026-05-17 01:20:35 | INFO     | ss_crawler | [lens_scraper] Detected focal: 35mm (from_model=True)
2026-05-17 01:20:35 | INFO     | ss_crawler | [lens_scraper] Using TITLE ONLY for matching: 'sigma modelis: 35mm f1.4 dg d...'
2026-05-17 01:20:36 | INFO     | ss_crawler | [lens_scraper] BEST MATCH: 35mm F1.4 DG HSM Art score=1.25
2026-05-17 01:20:36 | INFO     | ss_crawler | [lens_scraper] Matched [bkmpjx]: Sigma_35mm_F1.4_DG_HSM_Art (100% confidence)
2026-05-17 01:20:36 | INFO     | ss_crawler | [crawler] Fetching : https://www.ss.com/msg/lv/electronics/photo-optics/objectives/mbkfg.html
2026-05-17 01:20:38 | INFO     | ss_crawler | [lens_scraper] MODEL EXTRACTED: '60 x'
2026-05-17 01:20:38 | INFO     | ss_crawler | [lens_scraper] MOUNT DETECT: None
2026-05-17 01:20:38 | INFO     | ss_crawler | [lens_scraper] Detected focal: 60mm (from_model=True)
2026-05-17 01:20:38 | INFO     | ss_crawler | [lens_scraper] Using TITLE ONLY for matching: 'apexel modelis: 60 x...'
2026-05-17 01:20:38 | INFO     | ss_crawler | [lens_scraper] BEST MATCH: 60mm F2.8 Macro USM score=0.85
2026-05-17 01:20:38 | INFO     | ss_crawler | [lens_scraper] Matched [mbkfg]: Canon_60mm_F2.8_Macro_USM (85% confidence)
2026-05-17 01:20:38 | INFO     | ss_crawler | [crawler] Fetching : https://www.ss.com/msg/lv/electronics/photo-optics/objectives/kcklf.html
2026-05-17 01:20:40 | INFO     | ss_crawler | [lens_scraper] MODEL EXTRACTED: 'fe 70-200mm'
2026-05-17 01:20:40 | INFO     | ss_crawler | [lens_scraper] MOUNT DETECT: E
2026-05-17 01:20:40 | INFO     | ss_crawler | [lens_scraper] Detected focal: 70mm-200mm (from_model=True)
2026-05-17 01:20:40 | INFO     | ss_crawler | [lens_scraper] Using TITLE ONLY for matching: 'sony modelis: fe 70-200mm...'
2026-05-17 01:20:40 | INFO     | ss_crawler | [lens_scraper] BEST MATCH: Sony FE 70-200mm F4 G OSS score=1.35
2026-05-17 01:20:40 | INFO     | ss_crawler | [lens_scraper] Matched [kcklf]: Sony_Sony_FE_70-200mm_F4_G_OSS (100% confidence)
2026-05-17 01:20:40 | INFO     | ss_crawler | [crawler] Fetching : https://www.ss.com/msg/lv/electronics/photo-optics/objectives/jokle.html
2026-05-17 01:20:42 | INFO     | ss_crawler | [lens_scraper] MODEL EXTRACTED: '35mm 1.4 e'
2026-05-17 01:20:42 | INFO     | ss_crawler | [lens_scraper] MOUNT DETECT: E
2026-05-17 01:20:42 | INFO     | ss_crawler | [lens_scraper] Detected focal: 35mm (from_model=True)
2026-05-17 01:20:42 | INFO     | ss_crawler | [lens_scraper] Using TITLE ONLY for matching: 'sigma modelis: 35mm 1.4 e...'
2026-05-17 01:20:42 | INFO     | ss_crawler | [lens_scraper] BEST MATCH: 35mm F1.4 DG HSM Art score=1.25
2026-05-17 01:20:42 | INFO     | ss_crawler | [lens_scraper] Matched [jokle]: Sigma_35mm_F1.4_DG_HSM_Art (100% confidence)
2026-05-17 01:20:42 | INFO     | ss_crawler | [crawler] Fetching : https://www.ss.com/msg/lv/electronics/photo-optics/objectives/ajfjg.html
2026-05-17 01:20:45 | INFO     | ss_crawler | [lens_scraper] Filtered [ajfjg]: filtered_jauns
2026-05-17 01:20:45 | INFO     | ss_crawler | [crawler] Fetching : https://www.ss.com/msg/lv/electronics/photo-optics/objectives/aahig.html
2026-05-17 01:20:48 | INFO     | ss_crawler | [lens_scraper] Filtered [aahig]: filtered_nikon
2026-05-17 01:20:48 | INFO     | ss_crawler | [crawler] Fetching : https://www.ss.com/msg/lv/electronics/photo-optics/objectives/bgoiok.html
2026-05-17 01:20:51 | INFO     | ss_crawler | [lens_scraper] Filtered [bgoiok]: filtered_jauns
2026-05-17 01:20:51 | INFO     | ss_crawler | [lens_scraper] Fetching page 3: https://www.ss.com/lv/electronics/photo-optics/objectives/page3.html
2026-05-17 01:20:51 | INFO     | ss_crawler | [crawler] Fetching : https://www.ss.com/lv/electronics/photo-optics/objectives/page3.html
2026-05-17 01:20:54 | INFO     | ss_crawler | [lens_scraper] Found 32 listings on page 3
2026-05-17 01:20:54 | INFO     | ss_crawler | [crawler] Fetching : https://www.ss.com/msg/lv/electronics/photo-optics/objectives/jpkxo.html
2026-05-17 01:20:57 | INFO     | ss_crawler | [lens_scraper] Filtered [jpkxo]: filtered_jauns
2026-05-17 01:20:57 | INFO     | ss_crawler | [crawler] Fetching : https://www.ss.com/msg/lv/electronics/photo-optics/objectives/jpkxo.html
2026-05-17 01:21:00 | INFO     | ss_crawler | [lens_scraper] Filtered [jpkxo]: filtered_jauns
2026-05-17 01:21:00 | INFO     | ss_crawler | [crawler] Fetching : https://www.ss.com/msg/lv/electronics/photo-optics/objectives/jpkxo.html
2026-05-17 01:21:04 | INFO     | ss_crawler | [lens_scraper] Filtered [jpkxo]: filtered_jauns
2026-05-17 01:21:04 | INFO     | ss_crawler | [crawler] Fetching : https://www.ss.com/msg/lv/electronics/photo-optics/objectives/beggdi.html
2026-05-17 01:21:07 | INFO     | ss_crawler | [lens_scraper] Filtered [beggdi]: filtered_jauns
2026-05-17 01:21:07 | INFO     | ss_crawler | [crawler] Fetching : https://www.ss.com/msg/lv/electronics/photo-optics/objectives/eegjb.html
2026-05-17 01:21:10 | INFO     | ss_crawler | [lens_scraper] MODEL EXTRACTED: '18-200'
2026-05-17 01:21:10 | INFO     | ss_crawler | [lens_scraper] MOUNT DETECT: E
2026-05-17 01:21:10 | INFO     | ss_crawler | [lens_scraper] Detected focal: 18mm-200mm (from_model=True)
2026-05-17 01:21:10 | INFO     | ss_crawler | [lens_scraper] Using TITLE ONLY for matching: 'sony modelis: 18-200...'
2026-05-17 01:21:10 | INFO     | ss_crawler | [lens_scraper] BEST MATCH: Sony E 18-200mm F3.5-6.3 OSS score=1.35
2026-05-17 01:21:10 | INFO     | ss_crawler | [lens_scraper] Matched [eegjb]: Sony_Sony_E_18-200mm_F3.5-6.3_OSS (100% confidence)
2026-05-17 01:21:10 | INFO     | ss_crawler | [crawler] Fetching : https://www.ss.com/msg/lv/electronics/photo-optics/objectives/begmdo.html
2026-05-17 01:21:12 | INFO     | ss_crawler | [lens_scraper] MODEL EXTRACTED: '20-40 f2.8'
2026-05-17 01:21:12 | INFO     | ss_crawler | [lens_scraper] MOUNT DETECT: E
2026-05-17 01:21:12 | INFO     | ss_crawler | [lens_scraper] Detected focal: 20mm-40mm (from_model=True)
2026-05-17 01:21:12 | INFO     | ss_crawler | [lens_scraper] Using TITLE ONLY for matching: 'tamron modelis: 20-40 f2.8...'
2026-05-17 01:21:12 | INFO     | ss_crawler | [lens_scraper] BEST MATCH: Tamron 20-40mm F/2.8 Di III VXD score=0.95
2026-05-17 01:21:12 | INFO     | ss_crawler | [lens_scraper] Matched [begmdo]: Tamron_Tamron_20-40mm_F_2.8_Di_III_VXD (95% confidence)
2026-05-17 01:21:12 | INFO     | ss_crawler | [crawler] Fetching : https://www.ss.com/msg/lv/electronics/photo-optics/objectives/cdoge.html
2026-05-17 01:21:14 | INFO     | ss_crawler | [lens_scraper] Filtered [cdoge]: filtered_nikon
2026-05-17 01:21:14 | INFO     | ss_crawler | [crawler] Fetching : https://www.ss.com/msg/lv/electronics/photo-optics/objectives/cbjpb.html
2026-05-17 01:21:16 | INFO     | ss_crawler | [lens_scraper] Filtered [cbjpb]: filtered_nikon
2026-05-17 01:21:16 | INFO     | ss_crawler | [crawler] Fetching : https://www.ss.com/msg/lv/electronics/photo-optics/objectives/aafxg.html
2026-05-17 01:21:19 | INFO     | ss_crawler | [lens_scraper] MODEL EXTRACTED: 'ef 35 1.4l'
2026-05-17 01:21:19 | INFO     | ss_crawler | [lens_scraper] MOUNT DETECT: EF
2026-05-17 01:21:19 | INFO     | ss_crawler | [lens_scraper] Detected focal: 35mm (from_model=True)
2026-05-17 01:21:19 | INFO     | ss_crawler | [lens_scraper] Using TITLE ONLY for matching: 'canon modelis: ef 35 1.4l...'
2026-05-17 01:21:19 | INFO     | ss_crawler | [lens_scraper] BEST MATCH: 35mm F1.4L USM score=1.60
2026-05-17 01:21:19 | INFO     | ss_crawler | [lens_scraper] Matched [aafxg]: Canon_35mm_F1.4L_USM (100% confidence)
2026-05-17 01:21:19 | INFO     | ss_crawler | [crawler] Fetching : https://www.ss.com/msg/lv/electronics/photo-optics/objectives/bjdpgm.html
2026-05-17 01:21:22 | INFO     | ss_crawler | [lens_scraper] MODEL EXTRACTED: 'ef 24-70 f2.8'
2026-05-17 01:21:22 | INFO     | ss_crawler | [lens_scraper] MOUNT DETECT: EF
2026-05-17 01:21:22 | INFO     | ss_crawler | [lens_scraper] Detected focal: 24mm-70mm (from_model=True)
2026-05-17 01:21:22 | INFO     | ss_crawler | [lens_scraper] Using TITLE ONLY for matching: 'canon modelis: ef 24-70 f2.8...'
2026-05-17 01:21:22 | INFO     | ss_crawler | [lens_scraper] BEST MATCH: 24-70mm F2.8L II USM score=1.60
2026-05-17 01:21:22 | INFO     | ss_crawler | [lens_scraper] Matched [bjdpgm]: Canon_24-70mm_F2.8L_II_USM (100% confidence)
2026-05-17 01:21:22 | INFO     | ss_crawler | [crawler] Fetching : https://www.ss.com/msg/lv/electronics/photo-optics/objectives/kbicb.html
2026-05-17 01:21:25 | INFO     | ss_crawler | [lens_scraper] Filtered [kbicb]: filtered_jauns
2026-05-17 01:21:25 | INFO     | ss_crawler | [crawler] Fetching : https://www.ss.com/msg/lv/electronics/photo-optics/objectives/cheix.html
2026-05-17 01:21:27 | INFO     | ss_crawler | [lens_scraper] Filtered [cheix]: filtered_jauns
2026-05-17 01:21:27 | INFO     | ss_crawler | [crawler] Fetching : https://www.ss.com/msg/lv/electronics/photo-optics/objectives/pdmok.html
2026-05-17 01:21:29 | INFO     | ss_crawler | [lens_scraper] Filtered [pdmok]: filtered_nikon
2026-05-17 01:21:29 | INFO     | ss_crawler | [crawler] Fetching : https://www.ss.com/msg/lv/electronics/photo-optics/objectives/pehhc.html
2026-05-17 01:21:32 | INFO     | ss_crawler | [lens_scraper] Filtered [pehhc]: filtered_jauns
2026-05-17 01:21:32 | INFO     | ss_crawler | [crawler] Fetching : https://www.ss.com/msg/lv/electronics/photo-optics/objectives/ajfjm.html
2026-05-17 01:21:35 | INFO     | ss_crawler | [lens_scraper] Filtered [ajfjm]: filtered_nikon
2026-05-17 01:21:35 | INFO     | ss_crawler | [crawler] Fetching : https://www.ss.com/msg/lv/electronics/photo-optics/objectives/bhoehi.html
2026-05-17 01:21:39 | INFO     | ss_crawler | [lens_scraper] Filtered [bhoehi]: filtered_nikon
2026-05-17 01:21:39 | INFO     | ss_crawler | [crawler] Fetching : https://www.ss.com/msg/lv/electronics/photo-optics/objectives/cfjno.html
2026-05-17 01:21:41 | INFO     | ss_crawler | [lens_scraper] MODEL EXTRACTED: '56mm f1.7 sony'
2026-05-17 01:21:41 | INFO     | ss_crawler | [lens_scraper] MOUNT DETECT: E
2026-05-17 01:21:41 | INFO     | ss_crawler | [lens_scraper] Detected focal: 56mm (from_model=True)
2026-05-17 01:21:41 | INFO     | ss_crawler | [lens_scraper] Using TITLE ONLY for matching: 'viltrox modelis: 56mm f1.7 sony...'
2026-05-17 01:21:41 | INFO     | ss_crawler | [lens_scraper] BEST MATCH: Viltrox AF 56mm F1.7 Air score=0.95
2026-05-17 01:21:41 | INFO     | ss_crawler | [lens_scraper] Matched [cfjno]: Viltrox_Viltrox_AF_56mm_F1.7_Air (95% confidence)
2026-05-17 01:21:41 | INFO     | ss_crawler | [crawler] Fetching : https://www.ss.com/msg/lv/electronics/photo-optics/objectives/bgpdcn.html
2026-05-17 01:21:42 | INFO     | ss_crawler | [lens_scraper] MODEL EXTRACTED: 'xf 18mm 1.4 wr'
2026-05-17 01:21:42 | INFO     | ss_crawler | [lens_scraper] MOUNT DETECT: E
2026-05-17 01:21:42 | INFO     | ss_crawler | [lens_scraper] Detected focal: 18mm (from_model=True)
2026-05-17 01:21:42 | INFO     | ss_crawler | [lens_scraper] Using TITLE ONLY for matching: 'fujifilm modelis: xf 18mm 1.4 wr...'
2026-05-17 01:21:42 | INFO     | ss_crawler | [lens_scraper] BEST MATCH: 18mm F3.5 Distagon T* ZE score=0.70
2026-05-17 01:21:42 | INFO     | ss_crawler | [lens_scraper] Matched [bgpdcn]: Zeiss_18mm_F3.5_Distagon_T*_ZE (70% confidence)
2026-05-17 01:21:42 | INFO     | ss_crawler | [crawler] Fetching : https://www.ss.com/msg/lv/electronics/photo-optics/objectives/bigojb.html
2026-05-17 01:21:46 | INFO     | ss_crawler | [lens_scraper] MODEL EXTRACTED: '11 (m42)'
2026-05-17 01:21:46 | INFO     | ss_crawler | [lens_scraper] MOUNT DETECT: E
2026-05-17 01:21:46 | INFO     | ss_crawler | [lens_scraper] Detected focal: 11mm (from_model=True)
2026-05-17 01:21:46 | INFO     | ss_crawler | [lens_scraper] Using TITLE ONLY for matching: 'jupiter modelis: 11 (m42)...'
2026-05-17 01:21:46 | INFO     | ss_crawler | [lens_scraper] No match for [bigojb]
2026-05-17 01:21:46 | INFO     | ss_crawler | [crawler] Fetching : https://www.ss.com/msg/lv/electronics/photo-optics/objectives/cenfc.html
2026-05-17 01:21:49 | INFO     | ss_crawler | [lens_scraper] MODEL EXTRACTED: '85mm f5.6'
2026-05-17 01:21:49 | INFO     | ss_crawler | [lens_scraper] MOUNT DETECT: None
2026-05-17 01:21:49 | INFO     | ss_crawler | [lens_scraper] Detected focal: 85mm (from_model=True)
2026-05-17 01:21:49 | INFO     | ss_crawler | [lens_scraper] Using TITLE ONLY for matching: 'laowa modelis: 85mm f5.6...'
2026-05-17 01:21:49 | INFO     | ss_crawler | [lens_scraper] BEST MATCH: 85mm F1.4L IS USM score=1.25
2026-05-17 01:21:49 | INFO     | ss_crawler | [lens_scraper] Matched [cenfc]: Canon_85mm_F1.4L_IS_USM (100% confidence)
2026-05-17 01:21:49 | INFO     | ss_crawler | [crawler] Fetching : https://www.ss.com/msg/lv/electronics/photo-optics/objectives/bjjbbf.html
2026-05-17 01:21:52 | INFO     | ss_crawler | [lens_scraper] Filtered [bjjbbf]: filtered_jauns
2026-05-17 01:21:52 | INFO     | ss_crawler | [crawler] Fetching : https://www.ss.com/msg/lv/electronics/photo-optics/objectives/bfcogn.html
2026-05-17 01:21:54 | INFO     | ss_crawler | [lens_scraper] MODEL EXTRACTED: '28-105'
2026-05-17 01:21:54 | INFO     | ss_crawler | [lens_scraper] MOUNT DETECT: E
2026-05-17 01:21:54 | INFO     | ss_crawler | [lens_scraper] Detected focal: 28mm-105mm (from_model=True)
2026-05-17 01:21:54 | INFO     | ss_crawler | [lens_scraper] Using TITLE ONLY for matching: 'minolta modelis: 28-105...'
2026-05-17 01:21:54 | INFO     | ss_crawler | [lens_scraper] BEST MATCH: Sony E PZ 18-105mm F4 G OSS score=0.85
2026-05-17 01:21:54 | INFO     | ss_crawler | [lens_scraper] Matched [bfcogn]: Sony_Sony_E_PZ_18-105mm_F4_G_OSS (85% confidence)
2026-05-17 01:21:54 | INFO     | ss_crawler | [crawler] Fetching : https://www.ss.com/msg/lv/electronics/photo-optics/objectives/afgxp.html
2026-05-17 01:21:56 | INFO     | ss_crawler | [lens_scraper] MODEL EXTRACTED: '80-200mm'
2026-05-17 01:21:56 | INFO     | ss_crawler | [lens_scraper] MOUNT DETECT: E
2026-05-17 01:21:56 | INFO     | ss_crawler | [lens_scraper] Detected focal: 80mm-200mm (from_model=True)
2026-05-17 01:21:56 | INFO     | ss_crawler | [lens_scraper] Using TITLE ONLY for matching: 'minolta modelis: 80-200mm...'
2026-05-17 01:21:56 | INFO     | ss_crawler | [lens_scraper] BEST MATCH: Sony E 18-200mm F3.5-6.3 OSS score=0.85
2026-05-17 01:21:56 | INFO     | ss_crawler | [lens_scraper] Matched [afgxp]: Sony_Sony_E_18-200mm_F3.5-6.3_OSS (85% confidence)
2026-05-17 01:21:56 | INFO     | ss_crawler | [crawler] Fetching : https://www.ss.com/msg/lv/electronics/photo-optics/objectives/bgninh.html
2026-05-17 01:21:59 | INFO     | ss_crawler | [lens_scraper] MODEL EXTRACTED: '50 mm'
2026-05-17 01:21:59 | INFO     | ss_crawler | [lens_scraper] MOUNT DETECT: E
2026-05-17 01:21:59 | INFO     | ss_crawler | [lens_scraper] Detected focal: 50mm (from_model=True)
2026-05-17 01:21:59 | INFO     | ss_crawler | [lens_scraper] Using TITLE ONLY for matching: 'minolta modelis: 50 mm...'
2026-05-17 01:21:59 | INFO     | ss_crawler | [lens_scraper] BEST MATCH: Sony E PZ 16-50mm F3.5-5.6 OSS score=0.80
2026-05-17 01:21:59 | INFO     | ss_crawler | [lens_scraper] Matched [bgninh]: Sony_Sony_E_PZ_16-50mm_F3.5-5.6_OSS (80% confidence)
2026-05-17 01:21:59 | INFO     | ss_crawler | [crawler] Fetching : https://www.ss.com/msg/lv/electronics/photo-optics/objectives/bcfmdk.html
2026-05-17 01:22:02 | INFO     | ss_crawler | [lens_scraper] Filtered [bcfmdk]: filtered_jauns
2026-05-17 01:22:02 | INFO     | ss_crawler | [crawler] Fetching : https://www.ss.com/msg/lv/electronics/photo-optics/objectives/kckbe.html
2026-05-17 01:22:04 | INFO     | ss_crawler | [lens_scraper] Filtered [kckbe]: filtered_nikon
2026-05-17 01:22:04 | INFO     | ss_crawler | [crawler] Fetching : https://www.ss.com/msg/lv/electronics/photo-optics/objectives/bhbeic.html
2026-05-17 01:22:07 | INFO     | ss_crawler | [lens_scraper] MODEL EXTRACTED: '90mm'
2026-05-17 01:22:07 | INFO     | ss_crawler | [lens_scraper] MOUNT DETECT: E
2026-05-17 01:22:07 | INFO     | ss_crawler | [lens_scraper] Detected focal: 90mm (from_model=True)
2026-05-17 01:22:07 | INFO     | ss_crawler | [lens_scraper] Using TITLE ONLY for matching: 'sony modelis: 90mm...'
2026-05-17 01:22:07 | INFO     | ss_crawler | [lens_scraper] BEST MATCH: Sony FE 90mm F2.8 Macro G OSS score=0.80
2026-05-17 01:22:07 | INFO     | ss_crawler | [lens_scraper] Matched [bhbeic]: Sony_Sony_FE_90mm_F2.8_Macro_G_OSS (80% confidence)
2026-05-17 01:22:07 | INFO     | ss_crawler | [crawler] Fetching : https://www.ss.com/msg/lv/electronics/photo-optics/objectives/fnppl.html
2026-05-17 01:22:10 | INFO     | ss_crawler | [lens_scraper] Filtered [fnppl]: filtered_jauns
2026-05-17 01:22:10 | INFO     | ss_crawler | [crawler] Fetching : https://www.ss.com/msg/lv/electronics/photo-optics/objectives/opjkn.html
2026-05-17 01:22:14 | INFO     | ss_crawler | [lens_scraper] Filtered [opjkn]: filtered_jauns
2026-05-17 01:22:14 | INFO     | ss_crawler | [crawler] Fetching : https://www.ss.com/msg/lv/electronics/photo-optics/objectives/cdjkh.html
2026-05-17 01:22:17 | INFO     | ss_crawler | [lens_scraper] Filtered [cdjkh]: filtered_jauns
2026-05-17 01:22:17 | INFO     | ss_crawler | [crawler] Fetching : https://www.ss.com/msg/lv/electronics/photo-optics/objectives/aaeon.html
2026-05-17 01:22:20 | INFO     | ss_crawler | [lens_scraper] Filtered [aaeon]: filtered_nikon
2026-05-17 01:22:20 | INFO     | ss_crawler | [crawler] Fetching : https://www.ss.com/msg/lv/electronics/photo-optics/objectives/hcgfm.html
2026-05-17 01:22:23 | INFO     | ss_crawler | [lens_scraper] Filtered [hcgfm]: filtered_jauns
2026-05-17 01:22:23 | INFO     | ss_crawler | [lens_scraper] Reached max pages limit: 3
2026-05-17 01:22:23 | INFO     | ss_crawler | [lens_scraper] Category scrape complete. Total listings: 53
2026-05-17 01:22:23 | INFO     | ss_crawler | [repository] ⏸️ aalgl: Unchanged
2026-05-17 01:22:23 | INFO     | ss_crawler | [repository] ⏸️ aalgl: Unchanged
2026-05-17 01:22:23 | INFO     | ss_crawler | [repository] ⏸️ aalgl: Unchanged
2026-05-17 01:22:23 | INFO     | ss_crawler | [repository] ⏸️ loolb: Unchanged
2026-05-17 01:22:23 | INFO     | ss_crawler | [repository] ⏸️ bgpjfj: Unchanged
2026-05-17 01:22:23 | INFO     | ss_crawler | [repository] ⏸️ fljof: Unchanged
2026-05-17 01:22:23 | INFO     | ss_crawler | [repository] ⏸️ begohe: Unchanged
2026-05-17 01:22:23 | INFO     | ss_crawler | [repository] ⏸️ gobcn: Unchanged
2026-05-17 01:22:23 | INFO     | ss_crawler | [repository] ⏸️ gcxci: Unchanged
2026-05-17 01:22:23 | INFO     | ss_crawler | [repository] ⏸️ lphdk: Unchanged
2026-05-17 01:22:23 | INFO     | ss_crawler | [repository] ⏸️ lpcjf: Unchanged
2026-05-17 01:22:23 | INFO     | ss_crawler | [repository] ⏸️ jpdce: Unchanged
2026-05-17 01:22:23 | INFO     | ss_crawler | [repository] ⏸️ aabgf: Unchanged
2026-05-17 01:22:23 | INFO     | ss_crawler | [repository] ⏸️ abdpe: Unchanged
2026-05-17 01:22:23 | INFO     | ss_crawler | [repository] ⏸️ gcmeb: Unchanged
2026-05-17 01:22:23 | INFO     | ss_crawler | [repository] ⏸️ flxmi: Unchanged
2026-05-17 01:22:23 | INFO     | ss_crawler | [repository] ⏸️ egicb: Unchanged
2026-05-17 01:22:23 | INFO     | ss_crawler | [repository] ⏸️ bhnnxk: Unchanged
2026-05-17 01:22:23 | INFO     | ss_crawler | [repository] ⏸️ bigokg: Unchanged
2026-05-17 01:22:23 | INFO     | ss_crawler | [repository] ⏸️ fgimf: Unchanged
2026-05-17 01:22:23 | INFO     | ss_crawler | [repository] ⏸️ hcdof: Unchanged
2026-05-17 01:22:23 | INFO     | ss_crawler | [repository] ⏸️ acfjg: Unchanged
2026-05-17 01:22:23 | INFO     | ss_crawler | [repository] ✨ ghlhb: New
2026-05-17 01:22:23 | INFO     | ss_crawler | [repository] ⏸️ ghlhb: Unchanged
2026-05-17 01:22:23 | INFO     | ss_crawler | [repository] ⏸️ ghlhb: Unchanged
2026-05-17 01:22:23 | INFO     | ss_crawler | [repository] ✨ gfjin: New
2026-05-17 01:22:23 | INFO     | ss_crawler | [repository] ✨ bixcmk: New
2026-05-17 01:22:23 | INFO     | ss_crawler | [repository] ✨ bgncbe: New
2026-05-17 01:22:23 | INFO     | ss_crawler | [repository] ✨ bicplh: New
2026-05-17 01:22:23 | INFO     | ss_crawler | [repository] ✨ bhbenx: New
2026-05-17 01:22:23 | INFO     | ss_crawler | [repository] ✨ biexog: New
2026-05-17 01:22:23 | INFO     | ss_crawler | [repository] ✨ ddffo: New
2026-05-17 01:22:23 | INFO     | ss_crawler | [repository] ✨ mxjie: New
2026-05-17 01:22:23 | INFO     | ss_crawler | [repository] ✨ ekolb: New
2026-05-17 01:22:23 | INFO     | ss_crawler | [repository] ✨ ddhci: New
2026-05-17 01:22:23 | INFO     | ss_crawler | [repository] ✨ mckic: New
2026-05-17 01:22:23 | INFO     | ss_crawler | [repository] ✨ mblbp: New
2026-05-17 01:22:23 | INFO     | ss_crawler | [repository] ✨ bkmpjx: New
2026-05-17 01:22:23 | INFO     | ss_crawler | [repository] ✨ mbkfg: New
2026-05-17 01:22:23 | INFO     | ss_crawler | [repository] ✨ kcklf: New
2026-05-17 01:22:23 | INFO     | ss_crawler | [repository] ✨ jokle: New
2026-05-17 01:22:23 | INFO     | ss_crawler | [repository] ✨ eegjb: New
2026-05-17 01:22:23 | INFO     | ss_crawler | [repository] ✨ begmdo: New
2026-05-17 01:22:23 | INFO     | ss_crawler | [repository] ✨ aafxg: New
2026-05-17 01:22:23 | INFO     | ss_crawler | [repository] ✨ bjdpgm: New
2026-05-17 01:22:23 | INFO     | ss_crawler | [repository] ✨ cfjno: New
2026-05-17 01:22:23 | INFO     | ss_crawler | [repository] ✨ bgpdcn: New
2026-05-17 01:22:23 | INFO     | ss_crawler | [repository] ✨ bigojb: New
2026-05-17 01:22:23 | INFO     | ss_crawler | [repository] ✨ cenfc: New
2026-05-17 01:22:23 | INFO     | ss_crawler | [repository] ✨ bfcogn: New
2026-05-17 01:22:23 | INFO     | ss_crawler | [repository] ✨ afgxp: New
2026-05-17 01:22:23 | INFO     | ss_crawler | [repository] ✨ bgninh: New
2026-05-17 01:22:23 | INFO     | ss_crawler | [repository] ✨ bhbeic: New
2026-05-17 01:22:33 | INFO     | ss_crawler | [lens_scraper] Initializing Lens scraper...
2026-05-17 01:22:33 | INFO     | ss_crawler | [database] Database connected: localhost:5433/ss_market
2026-05-17 01:22:33 | INFO     | ss_crawler | [lens_scraper] Database: postgresql+psycopg2://crawler:crawler_pass@localhost:5433/ss_market
2026-05-17 01:22:33 | INFO     | ss_crawler | [lens_scraper] Loaded 481 lens references
2026-05-17 01:22:33 | INFO     | ss_crawler | [lens_scraper] Starting lens category scrape: https://www.ss.com/lv/electronics/photo-optics/objectives/
2026-05-17 01:22:33 | INFO     | ss_crawler | [lens_scraper] Fetching page 1: https://www.ss.com/lv/electronics/photo-optics/objectives/
2026-05-17 01:22:33 | INFO     | ss_crawler | [crawler] Fetching : https://www.ss.com/lv/electronics/photo-optics/objectives/
2026-05-17 01:22:36 | INFO     | ss_crawler | [lens_scraper] Found 32 listings on page 1
2026-05-17 01:22:36 | INFO     | ss_crawler | [crawler] Fetching : https://www.ss.com/msg/lv/electronics/photo-optics/objectives/aalgl.html
2026-05-17 01:22:39 | INFO     | ss_crawler | [lens_scraper] MODEL EXTRACTED: 'ef 85mm 1, 8f'
2026-05-17 01:22:39 | INFO     | ss_crawler | [lens_scraper] MOUNT DETECT: EF
2026-05-17 01:22:39 | INFO     | ss_crawler | [lens_scraper] Detected focal: 85mm (from_model=True)
2026-05-17 01:22:39 | INFO     | ss_crawler | [lens_scraper] Using TITLE ONLY for matching: 'canon modelis: ef 85mm 1, 8f...'
2026-05-17 01:22:39 | INFO     | ss_crawler | [lens_scraper] BEST MATCH: 85mm F1.4L IS USM score=1.35
2026-05-17 01:22:39 | INFO     | ss_crawler | [lens_scraper] Matched [aalgl]: Canon_85mm_F1.4L_IS_USM (100% confidence)
2026-05-17 01:22:39 | INFO     | ss_crawler | [crawler] Fetching : https://www.ss.com/msg/lv/electronics/photo-optics/objectives/aalgl.html
2026-05-17 01:22:42 | INFO     | ss_crawler | [lens_scraper] MODEL EXTRACTED: 'ef 85mm 1, 8f'
2026-05-17 01:22:42 | INFO     | ss_crawler | [lens_scraper] MOUNT DETECT: EF
2026-05-17 01:22:42 | INFO     | ss_crawler | [lens_scraper] Detected focal: 85mm (from_model=True)
2026-05-17 01:22:42 | INFO     | ss_crawler | [lens_scraper] Using TITLE ONLY for matching: 'canon modelis: ef 85mm 1, 8f...'
2026-05-17 01:22:42 | INFO     | ss_crawler | [lens_scraper] BEST MATCH: 85mm F1.4L IS USM score=1.35
2026-05-17 01:22:42 | INFO     | ss_crawler | [lens_scraper] Matched [aalgl]: Canon_85mm_F1.4L_IS_USM (100% confidence)
2026-05-17 01:22:42 | INFO     | ss_crawler | [crawler] Fetching : https://www.ss.com/msg/lv/electronics/photo-optics/objectives/aalgl.html
2026-05-17 01:22:44 | INFO     | ss_crawler | [lens_scraper] MODEL EXTRACTED: 'ef 85mm 1, 8f'
2026-05-17 01:22:44 | INFO     | ss_crawler | [lens_scraper] MOUNT DETECT: EF
2026-05-17 01:22:44 | INFO     | ss_crawler | [lens_scraper] Detected focal: 85mm (from_model=True)
2026-05-17 01:22:44 | INFO     | ss_crawler | [lens_scraper] Using TITLE ONLY for matching: 'canon modelis: ef 85mm 1, 8f...'
2026-05-17 01:22:44 | INFO     | ss_crawler | [lens_scraper] BEST MATCH: 85mm F1.4L IS USM score=1.35
2026-05-17 01:22:44 | INFO     | ss_crawler | [lens_scraper] Matched [aalgl]: Canon_85mm_F1.4L_IS_USM (100% confidence)
2026-05-17 01:22:44 | INFO     | ss_crawler | [crawler] Fetching : https://www.ss.com/msg/lv/electronics/photo-optics/objectives/loolb.html
2026-05-17 01:22:46 | INFO     | ss_crawler | [lens_scraper] MODEL EXTRACTED: 'ef 24-105/4'
2026-05-17 01:22:46 | INFO     | ss_crawler | [lens_scraper] MOUNT DETECT: EF
2026-05-17 01:22:46 | INFO     | ss_crawler | [lens_scraper] Detected focal: 24mm-105mm (from_model=True)
2026-05-17 01:22:46 | INFO     | ss_crawler | [lens_scraper] Using TITLE ONLY for matching: 'canon modelis: ef 24-105/4...'
2026-05-17 01:22:46 | INFO     | ss_crawler | [lens_scraper] BEST MATCH: 24-105mm F3.5-5.6 IS STM score=1.35
2026-05-17 01:22:46 | INFO     | ss_crawler | [lens_scraper] Matched [loolb]: Canon_24-105mm_F3.5-5.6_IS_STM (100% confidence)
2026-05-17 01:22:46 | INFO     | ss_crawler | [crawler] Fetching : https://www.ss.com/msg/lv/electronics/photo-optics/objectives/bgpjfj.html
2026-05-17 01:22:49 | INFO     | ss_crawler | [lens_scraper] MODEL EXTRACTED: '24-70mm f/2.8'
2026-05-17 01:22:49 | INFO     | ss_crawler | [lens_scraper] MOUNT DETECT: EF
2026-05-17 01:22:49 | INFO     | ss_crawler | [lens_scraper] Detected focal: 24mm-70mm (from_model=True)
2026-05-17 01:22:49 | INFO     | ss_crawler | [lens_scraper] Using TITLE ONLY for matching: 'sigma modelis: 24-70mm f/2.8...'
2026-05-17 01:22:49 | INFO     | ss_crawler | [lens_scraper] BEST MATCH: 24-70mm F2.8 DG OS HSM Art score=1.50
2026-05-17 01:22:49 | INFO     | ss_crawler | [lens_scraper] Matched [bgpjfj]: Sigma_24-70mm_F2.8_DG_OS_HSM_Art (100% confidence)
2026-05-17 01:22:49 | INFO     | ss_crawler | [crawler] Fetching : https://www.ss.com/msg/lv/electronics/photo-optics/objectives/fljof.html
2026-05-17 01:22:51 | INFO     | ss_crawler | [lens_scraper] MODEL EXTRACTED: '24-70 ll'
2026-05-17 01:22:51 | INFO     | ss_crawler | [lens_scraper] MOUNT DETECT: EF
2026-05-17 01:22:51 | INFO     | ss_crawler | [lens_scraper] Detected focal: 24mm-70mm (from_model=True)
2026-05-17 01:22:51 | INFO     | ss_crawler | [lens_scraper] Using TITLE ONLY for matching: 'canon modelis: 24-70 ll...'
2026-05-17 01:22:51 | INFO     | ss_crawler | [lens_scraper] BEST MATCH: 24-70mm F2.8L II USM score=1.45
2026-05-17 01:22:51 | INFO     | ss_crawler | [lens_scraper] Matched [fljof]: Canon_24-70mm_F2.8L_II_USM (100% confidence)
2026-05-17 01:22:51 | INFO     | ss_crawler | [crawler] Fetching : https://www.ss.com/msg/lv/electronics/photo-optics/objectives/begohe.html
2026-05-17 01:22:54 | INFO     | ss_crawler | [lens_scraper] MODEL EXTRACTED: '16-28 f2.8'
2026-05-17 01:22:54 | INFO     | ss_crawler | [lens_scraper] MOUNT DETECT: E
2026-05-17 01:22:54 | INFO     | ss_crawler | [lens_scraper] Detected focal: 16mm-28mm (from_model=True)
2026-05-17 01:22:54 | INFO     | ss_crawler | [lens_scraper] Using TITLE ONLY for matching: 'sigma modelis: 16-28 f2.8...'
2026-05-17 01:22:54 | INFO     | ss_crawler | [lens_scraper] BEST MATCH: Sigma 16-28mm F2.8 DG DN | Contemporary score=1.50
2026-05-17 01:22:54 | INFO     | ss_crawler | [lens_scraper] Matched [begohe]: Sigma_Sigma_16-28mm_F2.8_DG_DN_|_Contemporary (100% confidence)
2026-05-17 01:22:54 | INFO     | ss_crawler | [crawler] Fetching : https://www.ss.com/msg/lv/electronics/photo-optics/objectives/fmehe.html
2026-05-17 01:22:57 | INFO     | ss_crawler | [lens_scraper] Filtered [fmehe]: filtered_nikon
2026-05-17 01:22:57 | INFO     | ss_crawler | [crawler] Fetching : https://www.ss.com/msg/lv/electronics/photo-optics/objectives/gobcn.html
2026-05-17 01:22:59 | INFO     | ss_crawler | [lens_scraper] MODEL EXTRACTED: 'lumix 20mm'
2026-05-17 01:22:59 | INFO     | ss_crawler | [lens_scraper] MOUNT DETECT: None
2026-05-17 01:22:59 | INFO     | ss_crawler | [lens_scraper] Detected focal: 20mm (from_model=True)
2026-05-17 01:22:59 | INFO     | ss_crawler | [lens_scraper] Using TITLE ONLY for matching: 'panasonic modelis: lumix 20mm...'
2026-05-17 01:22:59 | INFO     | ss_crawler | [lens_scraper] BEST MATCH: 20mm F2.8 USM score=0.85
2026-05-17 01:22:59 | INFO     | ss_crawler | [lens_scraper] Matched [gobcn]: Canon_20mm_F2.8_USM (85% confidence)
2026-05-17 01:22:59 | INFO     | ss_crawler | [crawler] Fetching : https://www.ss.com/msg/lv/electronics/photo-optics/objectives/gcxci.html
2026-05-17 01:23:03 | INFO     | ss_crawler | [lens_scraper] MODEL EXTRACTED: '75mm 1.5'
2026-05-17 01:23:03 | INFO     | ss_crawler | [lens_scraper] MOUNT DETECT: E
2026-05-17 01:23:03 | INFO     | ss_crawler | [lens_scraper] Detected focal: 75mm (from_model=True)
2026-05-17 01:23:03 | INFO     | ss_crawler | [lens_scraper] Using TITLE ONLY for matching: 'ttartisan modelis: 75mm 1.5...'
2026-05-17 01:23:03 | INFO     | ss_crawler | [lens_scraper] BEST MATCH: Sony E 10-18mm F4 OSS score=0.70
2026-05-17 01:23:03 | INFO     | ss_crawler | [lens_scraper] Matched [gcxci]: Sony_Sony_E_10-18mm_F4_OSS (70% confidence)
2026-05-17 01:23:03 | INFO     | ss_crawler | [crawler] Fetching : https://www.ss.com/msg/lv/electronics/photo-optics/objectives/lphdk.html
2026-05-17 01:23:05 | INFO     | ss_crawler | [lens_scraper] MODEL EXTRACTED: '24 f/ 2, 8 stm'
2026-05-17 01:23:05 | INFO     | ss_crawler | [lens_scraper] MOUNT DETECT: EF-S
2026-05-17 01:23:05 | INFO     | ss_crawler | [lens_scraper] Detected focal: 24mm (from_model=True)
2026-05-17 01:23:05 | INFO     | ss_crawler | [lens_scraper] Using TITLE ONLY for matching: 'canon modelis: 24 f/ 2, 8 stm...'
2026-05-17 01:23:05 | INFO     | ss_crawler | [lens_scraper] BEST MATCH: 24mm F2.8 STM score=1.60
2026-05-17 01:23:05 | INFO     | ss_crawler | [lens_scraper] Matched [lphdk]: Canon_24mm_F2.8_STM (100% confidence)
2026-05-17 01:23:05 | INFO     | ss_crawler | [crawler] Fetching : https://www.ss.com/msg/lv/electronics/photo-optics/objectives/lpcjf.html
2026-05-17 01:23:08 | INFO     | ss_crawler | [lens_scraper] MODEL EXTRACTED: 'fe 24-70mm'
2026-05-17 01:23:08 | INFO     | ss_crawler | [lens_scraper] MOUNT DETECT: E
2026-05-17 01:23:08 | INFO     | ss_crawler | [lens_scraper] Detected focal: 24mm-70mm (from_model=True)
2026-05-17 01:23:08 | INFO     | ss_crawler | [lens_scraper] Using TITLE ONLY for matching: 'sony modelis: fe 24-70mm...'
2026-05-17 01:23:08 | INFO     | ss_crawler | [lens_scraper] BEST MATCH: Sony FE 24-70mm F2.8 GM II score=1.45
2026-05-17 01:23:08 | INFO     | ss_crawler | [lens_scraper] Matched [lpcjf]: Sony_Sony_FE_24-70mm_F2.8_GM_II (100% confidence)
2026-05-17 01:23:08 | INFO     | ss_crawler | [crawler] Fetching : https://www.ss.com/msg/lv/electronics/photo-optics/objectives/jpdce.html
2026-05-17 01:23:11 | INFO     | ss_crawler | [lens_scraper] MODEL EXTRACTED: 'fe 50mm f1.8'
2026-05-17 01:23:11 | INFO     | ss_crawler | [lens_scraper] MOUNT DETECT: E
2026-05-17 01:23:11 | INFO     | ss_crawler | [lens_scraper] Detected focal: 50mm (from_model=True)
2026-05-17 01:23:11 | INFO     | ss_crawler | [lens_scraper] Using TITLE ONLY for matching: 'sony modelis: fe 50mm f1.8...'
2026-05-17 01:23:11 | INFO     | ss_crawler | [lens_scraper] BEST MATCH: Sony E 50mm F1.8 OSS score=0.95
2026-05-17 01:23:11 | INFO     | ss_crawler | [lens_scraper] Matched [jpdce]: Sony_Sony_E_50mm_F1.8_OSS (95% confidence)
2026-05-17 01:23:11 | INFO     | ss_crawler | [crawler] Fetching : https://www.ss.com/msg/lv/electronics/photo-optics/objectives/eldbp.html
2026-05-17 01:23:13 | INFO     | ss_crawler | [lens_scraper] Filtered [eldbp]: filtered_jauns
2026-05-17 01:23:13 | INFO     | ss_crawler | [crawler] Fetching : https://www.ss.com/msg/lv/electronics/photo-optics/objectives/opxxp.html
2026-05-17 01:23:16 | INFO     | ss_crawler | [lens_scraper] Filtered [opxxp]: filtered_nikon
2026-05-17 01:23:16 | INFO     | ss_crawler | [crawler] Fetching : https://www.ss.com/msg/lv/electronics/photo-optics/objectives/aabgf.html
2026-05-17 01:23:18 | INFO     | ss_crawler | [lens_scraper] MODEL EXTRACTED: '24-105 mm, f4'
2026-05-17 01:23:18 | INFO     | ss_crawler | [lens_scraper] MOUNT DETECT: None
2026-05-17 01:23:18 | INFO     | ss_crawler | [lens_scraper] Detected focal: 24mm-105mm (from_model=True)
2026-05-17 01:23:18 | INFO     | ss_crawler | [lens_scraper] Using TITLE ONLY for matching: 'canon modelis: 24-105 mm, f4...'
2026-05-17 01:23:18 | INFO     | ss_crawler | [lens_scraper] BEST MATCH: 24-105mm F4L IS USM score=1.40
2026-05-17 01:23:18 | INFO     | ss_crawler | [lens_scraper] Matched [aabgf]: Canon_24-105mm_F4L_IS_USM (100% confidence)
2026-05-17 01:23:18 | INFO     | ss_crawler | [crawler] Fetching : https://www.ss.com/msg/lv/electronics/photo-optics/objectives/abdpe.html
2026-05-17 01:23:22 | INFO     | ss_crawler | [lens_scraper] MODEL EXTRACTED: '50 mm f1, 4, ef'
2026-05-17 01:23:22 | INFO     | ss_crawler | [lens_scraper] MOUNT DETECT: None
2026-05-17 01:23:22 | INFO     | ss_crawler | [lens_scraper] Detected focal: 50mm (from_model=True)
2026-05-17 01:23:22 | INFO     | ss_crawler | [lens_scraper] Using TITLE ONLY for matching: 'canon modelis: 50 mm f1, 4, ef...'
2026-05-17 01:23:22 | INFO     | ss_crawler | [lens_scraper] BEST MATCH: 50mm F1.4 USM score=1.40
2026-05-17 01:23:22 | INFO     | ss_crawler | [lens_scraper] Matched [abdpe]: Canon_50mm_F1.4_USM (100% confidence)
2026-05-17 01:23:22 | INFO     | ss_crawler | [crawler] Fetching : https://www.ss.com/msg/lv/electronics/photo-optics/objectives/gcmeb.html
2026-05-17 01:23:25 | INFO     | ss_crawler | [lens_scraper] MODEL EXTRACTED: '17-28'
2026-05-17 01:23:25 | INFO     | ss_crawler | [lens_scraper] MOUNT DETECT: E
2026-05-17 01:23:25 | INFO     | ss_crawler | [lens_scraper] Detected focal: 17mm-28mm (from_model=True)
2026-05-17 01:23:25 | INFO     | ss_crawler | [lens_scraper] Using TITLE ONLY for matching: 'tamron modelis: 17-28...'
2026-05-17 01:23:25 | INFO     | ss_crawler | [lens_scraper] BEST MATCH: Tamron 17-28mm F/2.8 Di III RXD score=0.80
2026-05-17 01:23:25 | INFO     | ss_crawler | [lens_scraper] Matched [gcmeb]: Tamron_Tamron_17-28mm_F_2.8_Di_III_RXD (80% confidence)
2026-05-17 01:23:25 | INFO     | ss_crawler | [crawler] Fetching : https://www.ss.com/msg/lv/electronics/photo-optics/objectives/flxmi.html
2026-05-17 01:23:27 | INFO     | ss_crawler | [lens_scraper] MODEL EXTRACTED: 'sel30m35'
2026-05-17 01:23:27 | INFO     | ss_crawler | [lens_scraper] MOUNT DETECT: E
2026-05-17 01:23:27 | INFO     | ss_crawler | [lens_scraper] BEST MATCH: Sony E 30mm F3.5 Macro score=1.05
2026-05-17 01:23:27 | INFO     | ss_crawler | [lens_scraper] Matched [flxmi]: Sony_Sony_E_30mm_F3.5_Macro (100% confidence)
2026-05-17 01:23:27 | INFO     | ss_crawler | [crawler] Fetching : https://www.ss.com/msg/lv/electronics/photo-optics/objectives/egicb.html
2026-05-17 01:23:30 | INFO     | ss_crawler | [lens_scraper] MODEL EXTRACTED: '28-135mm'
2026-05-17 01:23:30 | INFO     | ss_crawler | [lens_scraper] MOUNT DETECT: None
2026-05-17 01:23:30 | INFO     | ss_crawler | [lens_scraper] Detected focal: 28mm-135mm (from_model=True)
2026-05-17 01:23:30 | INFO     | ss_crawler | [lens_scraper] Using TITLE ONLY for matching: 'sigma modelis: 28-135mm...'
2026-05-17 01:23:30 | INFO     | ss_crawler | [lens_scraper] BEST MATCH: Sony FE PZ 28-135mm F4 G OSS score=0.85
2026-05-17 01:23:30 | INFO     | ss_crawler | [lens_scraper] Matched [egicb]: Sony_Sony_FE_PZ_28-135mm_F4_G_OSS (85% confidence)
2026-05-17 01:23:30 | INFO     | ss_crawler | [crawler] Fetching : https://www.ss.com/msg/lv/electronics/photo-optics/objectives/mbcgc.html
2026-05-17 01:23:33 | INFO     | ss_crawler | [lens_scraper] Filtered [mbcgc]: filtered_nikon
2026-05-17 01:23:33 | INFO     | ss_crawler | [crawler] Fetching : https://www.ss.com/msg/lv/electronics/photo-optics/objectives/bhnnxk.html
2026-05-17 01:23:36 | INFO     | ss_crawler | [lens_scraper] MODEL EXTRACTED: 'ef 24 1, 4lii'
2026-05-17 01:23:36 | INFO     | ss_crawler | [lens_scraper] MOUNT DETECT: EF
2026-05-17 01:23:36 | INFO     | ss_crawler | [lens_scraper] Detected focal: 24mm (from_model=True)
2026-05-17 01:23:36 | INFO     | ss_crawler | [lens_scraper] Using TITLE ONLY for matching: 'canon modelis: ef 24 1, 4lii...'
2026-05-17 01:23:36 | INFO     | ss_crawler | [lens_scraper] BEST MATCH: 24mm F1.4L II USM score=1.60
2026-05-17 01:23:36 | INFO     | ss_crawler | [lens_scraper] Matched [bhnnxk]: Canon_24mm_F1.4L_II_USM (100% confidence)
2026-05-17 01:23:36 | INFO     | ss_crawler | [crawler] Fetching : https://www.ss.com/msg/lv/electronics/photo-optics/objectives/bigokg.html
2026-05-17 01:23:39 | INFO     | ss_crawler | [lens_scraper] MODEL EXTRACTED: 'ef 24-105 f4l'
2026-05-17 01:23:39 | INFO     | ss_crawler | [lens_scraper] MOUNT DETECT: EF
2026-05-17 01:23:39 | INFO     | ss_crawler | [lens_scraper] Detected focal: 24mm-105mm (from_model=True)
2026-05-17 01:23:39 | INFO     | ss_crawler | [lens_scraper] Using TITLE ONLY for matching: 'canon modelis: ef 24-105 f4l...'
2026-05-17 01:23:39 | INFO     | ss_crawler | [lens_scraper] BEST MATCH: 24-105mm F4L IS USM score=1.50
2026-05-17 01:23:39 | INFO     | ss_crawler | [lens_scraper] Matched [bigokg]: Canon_24-105mm_F4L_IS_USM (100% confidence)
2026-05-17 01:23:39 | INFO     | ss_crawler | [crawler] Fetching : https://www.ss.com/msg/lv/electronics/photo-optics/objectives/fgimf.html
2026-05-17 01:23:41 | INFO     | ss_crawler | [lens_scraper] MODEL EXTRACTED: '35mm f/2.8'
2026-05-17 01:23:41 | INFO     | ss_crawler | [lens_scraper] MOUNT DETECT: EF-S
2026-05-17 01:23:41 | INFO     | ss_crawler | [lens_scraper] Detected focal: 35mm (from_model=True)
2026-05-17 01:23:41 | INFO     | ss_crawler | [lens_scraper] Using TITLE ONLY for matching: 'canon modelis: 35mm f/2.8...'
2026-05-17 01:23:41 | INFO     | ss_crawler | [lens_scraper] BEST MATCH: 35mm F2.8 Macro IS STM score=1.50
2026-05-17 01:23:41 | INFO     | ss_crawler | [lens_scraper] Matched [fgimf]: Canon_35mm_F2.8_Macro_IS_STM (100% confidence)
2026-05-17 01:23:41 | INFO     | ss_crawler | [crawler] Fetching : https://www.ss.com/msg/lv/electronics/photo-optics/objectives/hcdof.html
2026-05-17 01:23:45 | INFO     | ss_crawler | [lens_scraper] MODEL EXTRACTED: '10-20 mm'
2026-05-17 01:23:45 | INFO     | ss_crawler | [lens_scraper] MOUNT DETECT: None
2026-05-17 01:23:45 | INFO     | ss_crawler | [lens_scraper] Detected focal: 10mm-20mm (from_model=True)
2026-05-17 01:23:45 | INFO     | ss_crawler | [lens_scraper] Using TITLE ONLY for matching: 'sigma modelis: 10-20 mm...'
2026-05-17 01:23:45 | INFO     | ss_crawler | [lens_scraper] BEST MATCH: 10-20mm F3.5 EX DC HSM score=1.25
2026-05-17 01:23:45 | INFO     | ss_crawler | [lens_scraper] Matched [hcdof]: Sigma_10-20mm_F3.5_EX_DC_HSM (100% confidence)
2026-05-17 01:23:45 | INFO     | ss_crawler | [crawler] Fetching : https://www.ss.com/msg/lv/electronics/photo-optics/objectives/mbddb.html
2026-05-17 01:23:48 | INFO     | ss_crawler | [lens_scraper] Filtered [mbddb]: filtered_nikon
2026-05-17 01:23:48 | INFO     | ss_crawler | [crawler] Fetching : https://www.ss.com/msg/lv/electronics/photo-optics/objectives/acfjg.html
2026-05-17 01:23:50 | INFO     | ss_crawler | [lens_scraper] MODEL EXTRACTED: 'canon продаю объектив eos canon 24-70 4t l серии, малопользованый'
2026-05-17 01:23:50 | INFO     | ss_crawler | [lens_scraper] MOUNT DETECT: None
2026-05-17 01:23:50 | INFO     | ss_crawler | [lens_scraper] Detected focal: 24mm-70mm (from_model=True)
2026-05-17 01:23:50 | INFO     | ss_crawler | [lens_scraper] Using TITLE ONLY for matching: 'eos modelis: canon продаю объектив eos canon 24-70 4t l сери...'
2026-05-17 01:23:50 | INFO     | ss_crawler | [lens_scraper] BEST MATCH: 24-70mm F4L IS USM score=1.35
2026-05-17 01:23:50 | INFO     | ss_crawler | [lens_scraper] Matched [acfjg]: Canon_24-70mm_F4L_IS_USM (100% confidence)
2026-05-17 01:23:50 | INFO     | ss_crawler | [crawler] Fetching : https://www.ss.com/msg/lv/electronics/photo-optics/objectives/fopom.html
2026-05-17 01:23:52 | INFO     | ss_crawler | [lens_scraper] Filtered [fopom]: filtered_jauns
2026-05-17 01:23:52 | INFO     | ss_crawler | [crawler] Fetching : https://www.ss.com/msg/lv/electronics/photo-optics/objectives/bgookb.html
2026-05-17 01:23:54 | INFO     | ss_crawler | [lens_scraper] Filtered [bgookb]: filtered_jauns
2026-05-17 01:23:54 | INFO     | ss_crawler | [crawler] Fetching : https://www.ss.com/msg/lv/electronics/photo-optics/objectives/pdnbl.html
2026-05-17 01:23:56 | INFO     | ss_crawler | [lens_scraper] Filtered [pdnbl]: filtered_jauns
2026-05-17 01:23:56 | INFO     | ss_crawler | [crawler] Fetching : https://www.ss.com/msg/lv/electronics/photo-optics/objectives/mcbcb.html
2026-05-17 01:23:59 | INFO     | ss_crawler | [lens_scraper] Filtered [mcbcb]: filtered_nikon
2026-05-17 01:23:59 | INFO     | ss_crawler | [crawler] Fetching : https://www.ss.com/msg/lv/electronics/photo-optics/objectives/fncgj.html
2026-05-17 01:24:01 | INFO     | ss_crawler | [lens_scraper] Filtered [fncgj]: filtered_nikon
2026-05-17 01:24:01 | INFO     | ss_crawler | [lens_scraper] Fetching page 2: https://www.ss.com/lv/electronics/photo-optics/objectives/page2.html
2026-05-17 01:24:01 | INFO     | ss_crawler | [crawler] Fetching : https://www.ss.com/lv/electronics/photo-optics/objectives/page2.html
2026-05-17 01:24:04 | INFO     | ss_crawler | [lens_scraper] Found 32 listings on page 2
2026-05-17 01:24:04 | INFO     | ss_crawler | [crawler] Fetching : https://www.ss.com/msg/lv/electronics/photo-optics/objectives/ghlhb.html
2026-05-17 01:24:06 | INFO     | ss_crawler | [lens_scraper] MODEL EXTRACTED: '18-200mm'
2026-05-17 01:24:06 | INFO     | ss_crawler | [lens_scraper] MOUNT DETECT: EF-S
2026-05-17 01:24:06 | INFO     | ss_crawler | [lens_scraper] Detected focal: 18mm-200mm (from_model=True)
2026-05-17 01:24:06 | INFO     | ss_crawler | [lens_scraper] Using TITLE ONLY for matching: 'canon modelis: 18-200mm...'
2026-05-17 01:24:06 | INFO     | ss_crawler | [lens_scraper] BEST MATCH: 18-200mm F3.5-5.6 IS score=1.35
2026-05-17 01:24:06 | INFO     | ss_crawler | [lens_scraper] Matched [ghlhb]: Canon_18-200mm_F3.5-5.6_IS (100% confidence)
2026-05-17 01:24:06 | INFO     | ss_crawler | [crawler] Fetching : https://www.ss.com/msg/lv/electronics/photo-optics/objectives/ghlhb.html
2026-05-17 01:24:08 | INFO     | ss_crawler | [lens_scraper] MODEL EXTRACTED: '18-200mm'
2026-05-17 01:24:08 | INFO     | ss_crawler | [lens_scraper] MOUNT DETECT: EF-S
2026-05-17 01:24:08 | INFO     | ss_crawler | [lens_scraper] Detected focal: 18mm-200mm (from_model=True)
2026-05-17 01:24:08 | INFO     | ss_crawler | [lens_scraper] Using TITLE ONLY for matching: 'canon modelis: 18-200mm...'
2026-05-17 01:24:08 | INFO     | ss_crawler | [lens_scraper] BEST MATCH: 18-200mm F3.5-5.6 IS score=1.35
2026-05-17 01:24:08 | INFO     | ss_crawler | [lens_scraper] Matched [ghlhb]: Canon_18-200mm_F3.5-5.6_IS (100% confidence)
2026-05-17 01:24:08 | INFO     | ss_crawler | [crawler] Fetching : https://www.ss.com/msg/lv/electronics/photo-optics/objectives/ghlhb.html
2026-05-17 01:24:11 | INFO     | ss_crawler | [lens_scraper] MODEL EXTRACTED: '18-200mm'
2026-05-17 01:24:11 | INFO     | ss_crawler | [lens_scraper] MOUNT DETECT: EF-S
2026-05-17 01:24:11 | INFO     | ss_crawler | [lens_scraper] Detected focal: 18mm-200mm (from_model=True)
2026-05-17 01:24:11 | INFO     | ss_crawler | [lens_scraper] Using TITLE ONLY for matching: 'canon modelis: 18-200mm...'
2026-05-17 01:24:11 | INFO     | ss_crawler | [lens_scraper] BEST MATCH: 18-200mm F3.5-5.6 IS score=1.35
2026-05-17 01:24:11 | INFO     | ss_crawler | [lens_scraper] Matched [ghlhb]: Canon_18-200mm_F3.5-5.6_IS (100% confidence)
2026-05-17 01:24:11 | INFO     | ss_crawler | [crawler] Fetching : https://www.ss.com/msg/lv/electronics/photo-optics/objectives/cbnkb.html
2026-05-17 01:24:14 | INFO     | ss_crawler | [lens_scraper] Filtered [cbnkb]: filtered_nikon
2026-05-17 01:24:14 | INFO     | ss_crawler | [crawler] Fetching : https://www.ss.com/msg/lv/electronics/photo-optics/objectives/mxpmc.html
2026-05-17 01:24:18 | INFO     | ss_crawler | [lens_scraper] Filtered [mxpmc]: filtered_jauns
2026-05-17 01:24:18 | INFO     | ss_crawler | [crawler] Fetching : https://www.ss.com/msg/lv/electronics/photo-optics/objectives/ahdbb.html
2026-05-17 01:24:19 | INFO     | ss_crawler | [lens_scraper] Filtered [ahdbb]: filtered_jauns
2026-05-17 01:24:19 | INFO     | ss_crawler | [crawler] Fetching : https://www.ss.com/msg/lv/electronics/photo-optics/objectives/eimlg.html
2026-05-17 01:24:22 | INFO     | ss_crawler | [lens_scraper] Filtered [eimlg]: filtered_jauns
2026-05-17 01:24:22 | INFO     | ss_crawler | [crawler] Fetching : https://www.ss.com/msg/lv/electronics/photo-optics/objectives/cdbnl.html
2026-05-17 01:24:25 | INFO     | ss_crawler | [lens_scraper] Filtered [cdbnl]: filtered_jauns
2026-05-17 01:24:25 | INFO     | ss_crawler | [crawler] Fetching : https://www.ss.com/msg/lv/electronics/photo-optics/objectives/bgmmod.html
2026-05-17 01:24:27 | INFO     | ss_crawler | [lens_scraper] Filtered [bgmmod]: filtered_nikon
2026-05-17 01:24:27 | INFO     | ss_crawler | [crawler] Fetching : https://www.ss.com/msg/lv/electronics/photo-optics/objectives/gfjin.html
2026-05-17 01:24:30 | INFO     | ss_crawler | [lens_scraper] MODEL EXTRACTED: '2, 8/28 mm'
2026-05-17 01:24:30 | INFO     | ss_crawler | [lens_scraper] MOUNT DETECT: None
2026-05-17 01:24:30 | INFO     | ss_crawler | [lens_scraper] Detected focal: 28mm (from_model=True)
2026-05-17 01:24:30 | INFO     | ss_crawler | [lens_scraper] Using TITLE ONLY for matching: 'pallas modelis: 2, 8/28 mm...'
2026-05-17 01:24:30 | INFO     | ss_crawler | [lens_scraper] BEST MATCH: 28mm F2.8 IS USM score=1.00
2026-05-17 01:24:30 | INFO     | ss_crawler | [lens_scraper] Matched [gfjin]: Canon_28mm_F2.8_IS_USM (100% confidence)
2026-05-17 01:24:30 | INFO     | ss_crawler | [crawler] Fetching : https://www.ss.com/msg/lv/electronics/photo-optics/objectives/fkmbj.html
2026-05-17 01:24:33 | INFO     | ss_crawler | [lens_scraper] Filtered [fkmbj]: filtered_nikon
2026-05-17 01:24:33 | INFO     | ss_crawler | [crawler] Fetching : https://www.ss.com/msg/lv/electronics/photo-optics/objectives/abxep.html
2026-05-17 01:24:35 | INFO     | ss_crawler | [lens_scraper] Filtered [abxep]: filtered_jauns
2026-05-17 01:24:35 | INFO     | ss_crawler | [crawler] Fetching : https://www.ss.com/msg/lv/electronics/photo-optics/objectives/bixcmk.html
2026-05-17 01:24:37 | INFO     | ss_crawler | [lens_scraper] MODEL EXTRACTED: '24-70mm dg ii'
2026-05-17 01:24:37 | INFO     | ss_crawler | [lens_scraper] MOUNT DETECT: E
2026-05-17 01:24:37 | INFO     | ss_crawler | [lens_scraper] Detected focal: 24mm-70mm (from_model=True)
2026-05-17 01:24:37 | INFO     | ss_crawler | [lens_scraper] Using TITLE ONLY for matching: 'sigma modelis: 24-70mm dg ii...'
2026-05-17 01:24:37 | INFO     | ss_crawler | [lens_scraper] BEST MATCH: Sony FE 24-70mm F2.8 GM II score=1.05
2026-05-17 01:24:37 | INFO     | ss_crawler | [lens_scraper] Matched [bixcmk]: Sony_Sony_FE_24-70mm_F2.8_GM_II (100% confidence)
2026-05-17 01:24:37 | INFO     | ss_crawler | [crawler] Fetching : https://www.ss.com/msg/lv/electronics/photo-optics/objectives/opihn.html
2026-05-17 01:24:39 | INFO     | ss_crawler | [lens_scraper] Filtered [opihn]: filtered_nikon
2026-05-17 01:24:39 | INFO     | ss_crawler | [crawler] Fetching : https://www.ss.com/msg/lv/electronics/photo-optics/objectives/bgncbe.html
2026-05-17 01:24:41 | INFO     | ss_crawler | [lens_scraper] MODEL EXTRACTED: 'fujinon pārdodu augstas klases platleņķa objektīvu – fujifilm xf 18mm f/1'
2026-05-17 01:24:41 | INFO     | ss_crawler | [lens_scraper] MOUNT DETECT: E
2026-05-17 01:24:41 | INFO     | ss_crawler | [lens_scraper] Detected focal: 18mm (from_model=True)
2026-05-17 01:24:41 | INFO     | ss_crawler | [lens_scraper] Using TITLE ONLY for matching: 'fujifilm modelis: fujinon pārdodu augstas klases platleņķa o...'
2026-05-17 01:24:41 | INFO     | ss_crawler | [lens_scraper] BEST MATCH: 18mm F3.5 Distagon T* ZE score=0.70
2026-05-17 01:24:41 | INFO     | ss_crawler | [lens_scraper] Matched [bgncbe]: Zeiss_18mm_F3.5_Distagon_T*_ZE (70% confidence)
2026-05-17 01:24:41 | INFO     | ss_crawler | [crawler] Fetching : https://www.ss.com/msg/lv/electronics/photo-optics/objectives/bicplh.html
2026-05-17 01:24:44 | INFO     | ss_crawler | [lens_scraper] MODEL EXTRACTED: 'fujinon pārdodu leģendāro portretu objektīvu no fujifilm – fujifilm xf 56mm f/1'
2026-05-17 01:24:44 | INFO     | ss_crawler | [lens_scraper] MOUNT DETECT: E
2026-05-17 01:24:44 | INFO     | ss_crawler | [lens_scraper] Detected focal: 56mm (from_model=True)
2026-05-17 01:24:44 | INFO     | ss_crawler | [lens_scraper] Using TITLE ONLY for matching: 'fujifilm modelis: fujinon pārdodu leģendāro portretu objektī...'
2026-05-17 01:24:44 | INFO     | ss_crawler | [lens_scraper] No match for [bicplh]
2026-05-17 01:24:44 | INFO     | ss_crawler | [crawler] Fetching : https://www.ss.com/msg/lv/electronics/photo-optics/objectives/bhbenx.html
2026-05-17 01:24:46 | INFO     | ss_crawler | [lens_scraper] MODEL EXTRACTED: 'fujinon pārdodu profesionālu makro objektīvu no fujifilm – fujifilm xf 80mm f/2'
2026-05-17 01:24:46 | INFO     | ss_crawler | [lens_scraper] MOUNT DETECT: E
2026-05-17 01:24:46 | INFO     | ss_crawler | [lens_scraper] Detected focal: 80mm (from_model=True)
2026-05-17 01:24:46 | INFO     | ss_crawler | [lens_scraper] Using TITLE ONLY for matching: 'fujifilm modelis: fujinon pārdodu profesionālu makro objektī...'
2026-05-17 01:24:47 | INFO     | ss_crawler | [lens_scraper] No match for [bhbenx]
2026-05-17 01:24:47 | INFO     | ss_crawler | [crawler] Fetching : https://www.ss.com/msg/lv/electronics/photo-optics/objectives/biexog.html
2026-05-17 01:24:48 | INFO     | ss_crawler | [lens_scraper] MODEL EXTRACTED: 'fujinon fujinon xf 35mm f/2 r wr objektīvs'
2026-05-17 01:24:48 | INFO     | ss_crawler | [lens_scraper] MOUNT DETECT: None
2026-05-17 01:24:48 | INFO     | ss_crawler | [lens_scraper] Detected focal: 35mm (from_model=True)
2026-05-17 01:24:48 | INFO     | ss_crawler | [lens_scraper] Using TITLE ONLY for matching: 'fujifilm modelis: fujinon fujinon xf 35mm f/2 r wr objektīvs...'
2026-05-17 01:24:48 | INFO     | ss_crawler | [lens_scraper] BEST MATCH: 35mm F2 IS USM score=1.00
2026-05-17 01:24:48 | INFO     | ss_crawler | [lens_scraper] Matched [biexog]: Canon_35mm_F2_IS_USM (100% confidence)
2026-05-17 01:24:48 | INFO     | ss_crawler | [crawler] Fetching : https://www.ss.com/msg/lv/electronics/photo-optics/objectives/dphjn.html
2026-05-17 01:24:50 | INFO     | ss_crawler | [lens_scraper] Filtered [dphjn]: filtered_nikon
2026-05-17 01:24:50 | INFO     | ss_crawler | [crawler] Fetching : https://www.ss.com/msg/lv/electronics/photo-optics/objectives/ddffo.html
2026-05-17 01:24:53 | INFO     | ss_crawler | [lens_scraper] MODEL EXTRACTED: 'ef 17-55 f2.8'
2026-05-17 01:24:53 | INFO     | ss_crawler | [lens_scraper] MOUNT DETECT: EF
2026-05-17 01:24:53 | INFO     | ss_crawler | [lens_scraper] Detected focal: 17mm-55mm (from_model=True)
2026-05-17 01:24:53 | INFO     | ss_crawler | [lens_scraper] Using TITLE ONLY for matching: 'canon modelis: ef 17-55 f2.8...'
2026-05-17 01:24:53 | INFO     | ss_crawler | [lens_scraper] BEST MATCH: 17-55mm F2.8 IS USM score=1.15
2026-05-17 01:24:53 | INFO     | ss_crawler | [lens_scraper] Matched [ddffo]: Canon_17-55mm_F2.8_IS_USM (100% confidence)
2026-05-17 01:24:53 | INFO     | ss_crawler | [crawler] Fetching : https://www.ss.com/msg/lv/electronics/photo-optics/objectives/mxjie.html
2026-05-17 01:24:56 | INFO     | ss_crawler | [lens_scraper] MODEL EXTRACTED: 'mc macro pārdodu mc vitacon auto zoom 75-200 mm 1:4'
2026-05-17 01:24:56 | INFO     | ss_crawler | [lens_scraper] MOUNT DETECT: None
2026-05-17 01:24:56 | INFO     | ss_crawler | [lens_scraper] Detected focal: 75mm-200mm (from_model=True)
2026-05-17 01:24:56 | INFO     | ss_crawler | [lens_scraper] Using TITLE ONLY for matching: 'vitacon modelis: mc macro pārdodu mc vitacon auto zoom 75-20...'
2026-05-17 01:24:56 | INFO     | ss_crawler | [lens_scraper] No match for [mxjie]
2026-05-17 01:24:56 | INFO     | ss_crawler | [crawler] Fetching : https://www.ss.com/msg/lv/electronics/photo-optics/objectives/ekolb.html
2026-05-17 01:24:59 | INFO     | ss_crawler | [lens_scraper] MODEL EXTRACTED: 'zoom master pārdodu sigma zoom master objektīvu'
2026-05-17 01:24:59 | INFO     | ss_crawler | [lens_scraper] MOUNT DETECT: None
2026-05-17 01:24:59 | INFO     | ss_crawler | [lens_scraper] Detected focal: 8mm-4mm (from_model=False)
2026-05-17 01:24:59 | INFO     | ss_crawler | [lens_scraper] BEST MATCH: 8mm F3.5 EX DG Circular Fisheye score=0.90
2026-05-17 01:24:59 | INFO     | ss_crawler | [lens_scraper] Matched [ekolb]: Sigma_8mm_F3.5_EX_DG_Circular_Fisheye (90% confidence)
2026-05-17 01:24:59 | INFO     | ss_crawler | [crawler] Fetching : https://www.ss.com/msg/lv/electronics/photo-optics/objectives/ddhci.html
2026-05-17 01:25:01 | INFO     | ss_crawler | [lens_scraper] MODEL EXTRACTED: 'macrofocusing pārdodu vivitar 1'
2026-05-17 01:25:01 | INFO     | ss_crawler | [lens_scraper] MOUNT DETECT: None
2026-05-17 01:25:01 | INFO     | ss_crawler | [lens_scraper] Detected focal: 70mm-210mm (from_model=False)
2026-05-17 01:25:01 | INFO     | ss_crawler | [lens_scraper] BEST MATCH: 70-210mm F4 Di VC USD score=0.55
2026-05-17 01:25:01 | INFO     | ss_crawler | [lens_scraper] Matched [ddhci]: Tamron_70-210mm_F4_Di_VC_USD (55% confidence)
2026-05-17 01:25:01 | INFO     | ss_crawler | [crawler] Fetching : https://www.ss.com/msg/lv/electronics/photo-optics/objectives/mckic.html
2026-05-17 01:25:03 | INFO     | ss_crawler | [lens_scraper] MODEL EXTRACTED: 'auto tele pārdodu panagor auto tele objektīvu'
2026-05-17 01:25:03 | INFO     | ss_crawler | [lens_scraper] MOUNT DETECT: None
2026-05-17 01:25:03 | INFO     | ss_crawler | [lens_scraper] BEST MATCH: 35mm F2.8 Macro IS STM score=0.95
2026-05-17 01:25:03 | INFO     | ss_crawler | [lens_scraper] Matched [mckic]: Canon_35mm_F2.8_Macro_IS_STM (95% confidence)
2026-05-17 01:25:03 | INFO     | ss_crawler | [crawler] Fetching : https://www.ss.com/msg/lv/electronics/photo-optics/objectives/mblbp.html
2026-05-17 01:25:06 | INFO     | ss_crawler | [lens_scraper] MODEL EXTRACTED: 'zoom pārdodu sigma zoom 1:4'
2026-05-17 01:25:06 | INFO     | ss_crawler | [lens_scraper] MOUNT DETECT: None
2026-05-17 01:25:06 | INFO     | ss_crawler | [lens_scraper] Detected focal: 5mm-5mm (from_model=False)
2026-05-17 01:25:06 | INFO     | ss_crawler | [lens_scraper] BEST MATCH: 500mm F4 DG OS HSM Sports score=0.75
2026-05-17 01:25:06 | INFO     | ss_crawler | [lens_scraper] Matched [mblbp]: Sigma_500mm_F4_DG_OS_HSM_Sports (75% confidence)
2026-05-17 01:25:06 | INFO     | ss_crawler | [crawler] Fetching : https://www.ss.com/msg/lv/electronics/photo-optics/objectives/bkmpjx.html
2026-05-17 01:25:08 | INFO     | ss_crawler | [lens_scraper] MODEL EXTRACTED: '35mm f1.4 dg d'
2026-05-17 01:25:08 | INFO     | ss_crawler | [lens_scraper] MOUNT DETECT: E
2026-05-17 01:25:08 | INFO     | ss_crawler | [lens_scraper] Detected focal: 35mm (from_model=True)
2026-05-17 01:25:08 | INFO     | ss_crawler | [lens_scraper] Using TITLE ONLY for matching: 'sigma modelis: 35mm f1.4 dg d...'
2026-05-17 01:25:08 | INFO     | ss_crawler | [lens_scraper] BEST MATCH: 35mm F1.4 DG HSM Art score=1.25
2026-05-17 01:25:08 | INFO     | ss_crawler | [lens_scraper] Matched [bkmpjx]: Sigma_35mm_F1.4_DG_HSM_Art (100% confidence)
2026-05-17 01:25:08 | INFO     | ss_crawler | [crawler] Fetching : https://www.ss.com/msg/lv/electronics/photo-optics/objectives/mbkfg.html
2026-05-17 01:25:12 | INFO     | ss_crawler | [lens_scraper] MODEL EXTRACTED: '60 x'
2026-05-17 01:25:12 | INFO     | ss_crawler | [lens_scraper] MOUNT DETECT: None
2026-05-17 01:25:12 | INFO     | ss_crawler | [lens_scraper] Detected focal: 60mm (from_model=True)
2026-05-17 01:25:12 | INFO     | ss_crawler | [lens_scraper] Using TITLE ONLY for matching: 'apexel modelis: 60 x...'
2026-05-17 01:25:12 | INFO     | ss_crawler | [lens_scraper] BEST MATCH: 60mm F2.8 Macro USM score=0.85
2026-05-17 01:25:12 | INFO     | ss_crawler | [lens_scraper] Matched [mbkfg]: Canon_60mm_F2.8_Macro_USM (85% confidence)
2026-05-17 01:25:12 | INFO     | ss_crawler | [crawler] Fetching : https://www.ss.com/msg/lv/electronics/photo-optics/objectives/kcklf.html
2026-05-17 01:25:14 | INFO     | ss_crawler | [lens_scraper] MODEL EXTRACTED: 'fe 70-200mm'
2026-05-17 01:25:14 | INFO     | ss_crawler | [lens_scraper] MOUNT DETECT: E
2026-05-17 01:25:14 | INFO     | ss_crawler | [lens_scraper] Detected focal: 70mm-200mm (from_model=True)
2026-05-17 01:25:14 | INFO     | ss_crawler | [lens_scraper] Using TITLE ONLY for matching: 'sony modelis: fe 70-200mm...'
2026-05-17 01:25:14 | INFO     | ss_crawler | [lens_scraper] BEST MATCH: Sony FE 70-200mm F4 G OSS score=1.35
2026-05-17 01:25:14 | INFO     | ss_crawler | [lens_scraper] Matched [kcklf]: Sony_Sony_FE_70-200mm_F4_G_OSS (100% confidence)
2026-05-17 01:25:14 | INFO     | ss_crawler | [crawler] Fetching : https://www.ss.com/msg/lv/electronics/photo-optics/objectives/jokle.html
2026-05-17 01:25:17 | INFO     | ss_crawler | [lens_scraper] MODEL EXTRACTED: '35mm 1.4 e'
2026-05-17 01:25:17 | INFO     | ss_crawler | [lens_scraper] MOUNT DETECT: E
2026-05-17 01:25:17 | INFO     | ss_crawler | [lens_scraper] Detected focal: 35mm (from_model=True)
2026-05-17 01:25:17 | INFO     | ss_crawler | [lens_scraper] Using TITLE ONLY for matching: 'sigma modelis: 35mm 1.4 e...'
2026-05-17 01:25:17 | INFO     | ss_crawler | [lens_scraper] BEST MATCH: 35mm F1.4 DG HSM Art score=1.25
2026-05-17 01:25:17 | INFO     | ss_crawler | [lens_scraper] Matched [jokle]: Sigma_35mm_F1.4_DG_HSM_Art (100% confidence)
2026-05-17 01:25:17 | INFO     | ss_crawler | [crawler] Fetching : https://www.ss.com/msg/lv/electronics/photo-optics/objectives/ajfjg.html
2026-05-17 01:25:20 | INFO     | ss_crawler | [lens_scraper] Filtered [ajfjg]: filtered_jauns
2026-05-17 01:25:20 | INFO     | ss_crawler | [crawler] Fetching : https://www.ss.com/msg/lv/electronics/photo-optics/objectives/aahig.html
2026-05-17 01:25:22 | INFO     | ss_crawler | [lens_scraper] Filtered [aahig]: filtered_nikon
2026-05-17 01:25:22 | INFO     | ss_crawler | [crawler] Fetching : https://www.ss.com/msg/lv/electronics/photo-optics/objectives/bgoiok.html
2026-05-17 01:25:25 | INFO     | ss_crawler | [lens_scraper] Filtered [bgoiok]: filtered_jauns
2026-05-17 01:25:25 | INFO     | ss_crawler | [lens_scraper] Fetching page 3: https://www.ss.com/lv/electronics/photo-optics/objectives/page3.html
2026-05-17 01:25:25 | INFO     | ss_crawler | [crawler] Fetching : https://www.ss.com/lv/electronics/photo-optics/objectives/page3.html
2026-05-17 01:25:28 | INFO     | ss_crawler | [lens_scraper] Found 32 listings on page 3
2026-05-17 01:25:28 | INFO     | ss_crawler | [crawler] Fetching : https://www.ss.com/msg/lv/electronics/photo-optics/objectives/jpkxo.html
2026-05-17 01:25:30 | INFO     | ss_crawler | [lens_scraper] Filtered [jpkxo]: filtered_jauns
2026-05-17 01:25:30 | INFO     | ss_crawler | [crawler] Fetching : https://www.ss.com/msg/lv/electronics/photo-optics/objectives/jpkxo.html
2026-05-17 01:25:33 | INFO     | ss_crawler | [lens_scraper] Filtered [jpkxo]: filtered_jauns
2026-05-17 01:25:33 | INFO     | ss_crawler | [crawler] Fetching : https://www.ss.com/msg/lv/electronics/photo-optics/objectives/jpkxo.html
2026-05-17 01:25:36 | INFO     | ss_crawler | [lens_scraper] Filtered [jpkxo]: filtered_jauns
2026-05-17 01:25:36 | INFO     | ss_crawler | [crawler] Fetching : https://www.ss.com/msg/lv/electronics/photo-optics/objectives/beggdi.html
2026-05-17 01:25:40 | INFO     | ss_crawler | [lens_scraper] Filtered [beggdi]: filtered_jauns
2026-05-17 01:25:40 | INFO     | ss_crawler | [crawler] Fetching : https://www.ss.com/msg/lv/electronics/photo-optics/objectives/eegjb.html
2026-05-17 01:25:43 | INFO     | ss_crawler | [lens_scraper] MODEL EXTRACTED: '18-200'
2026-05-17 01:25:43 | INFO     | ss_crawler | [lens_scraper] MOUNT DETECT: E
2026-05-17 01:25:43 | INFO     | ss_crawler | [lens_scraper] Detected focal: 18mm-200mm (from_model=True)
2026-05-17 01:25:43 | INFO     | ss_crawler | [lens_scraper] Using TITLE ONLY for matching: 'sony modelis: 18-200...'
2026-05-17 01:25:43 | INFO     | ss_crawler | [lens_scraper] BEST MATCH: Sony E 18-200mm F3.5-6.3 OSS score=1.35
2026-05-17 01:25:43 | INFO     | ss_crawler | [lens_scraper] Matched [eegjb]: Sony_Sony_E_18-200mm_F3.5-6.3_OSS (100% confidence)
2026-05-17 01:25:43 | INFO     | ss_crawler | [crawler] Fetching : https://www.ss.com/msg/lv/electronics/photo-optics/objectives/begmdo.html
2026-05-17 01:25:46 | INFO     | ss_crawler | [lens_scraper] MODEL EXTRACTED: '20-40 f2.8'
2026-05-17 01:25:46 | INFO     | ss_crawler | [lens_scraper] MOUNT DETECT: E
2026-05-17 01:25:46 | INFO     | ss_crawler | [lens_scraper] Detected focal: 20mm-40mm (from_model=True)
2026-05-17 01:25:46 | INFO     | ss_crawler | [lens_scraper] Using TITLE ONLY for matching: 'tamron modelis: 20-40 f2.8...'
2026-05-17 01:25:46 | INFO     | ss_crawler | [lens_scraper] BEST MATCH: Tamron 20-40mm F/2.8 Di III VXD score=0.95
2026-05-17 01:25:46 | INFO     | ss_crawler | [lens_scraper] Matched [begmdo]: Tamron_Tamron_20-40mm_F_2.8_Di_III_VXD (95% confidence)
2026-05-17 01:25:46 | INFO     | ss_crawler | [crawler] Fetching : https://www.ss.com/msg/lv/electronics/photo-optics/objectives/cdoge.html
2026-05-17 01:25:48 | INFO     | ss_crawler | [lens_scraper] Filtered [cdoge]: filtered_nikon
2026-05-17 01:25:48 | INFO     | ss_crawler | [crawler] Fetching : https://www.ss.com/msg/lv/electronics/photo-optics/objectives/cbjpb.html
2026-05-17 01:25:50 | INFO     | ss_crawler | [lens_scraper] Filtered [cbjpb]: filtered_nikon
2026-05-17 01:25:50 | INFO     | ss_crawler | [crawler] Fetching : https://www.ss.com/msg/lv/electronics/photo-optics/objectives/aafxg.html
2026-05-17 01:25:53 | INFO     | ss_crawler | [lens_scraper] MODEL EXTRACTED: 'ef 35 1.4l'
2026-05-17 01:25:53 | INFO     | ss_crawler | [lens_scraper] MOUNT DETECT: EF
2026-05-17 01:25:53 | INFO     | ss_crawler | [lens_scraper] Detected focal: 35mm (from_model=True)
2026-05-17 01:25:53 | INFO     | ss_crawler | [lens_scraper] Using TITLE ONLY for matching: 'canon modelis: ef 35 1.4l...'
2026-05-17 01:25:54 | INFO     | ss_crawler | [lens_scraper] BEST MATCH: 35mm F1.4L USM score=1.60
2026-05-17 01:25:54 | INFO     | ss_crawler | [lens_scraper] Matched [aafxg]: Canon_35mm_F1.4L_USM (100% confidence)
2026-05-17 01:25:54 | INFO     | ss_crawler | [crawler] Fetching : https://www.ss.com/msg/lv/electronics/photo-optics/objectives/bjdpgm.html
2026-05-17 01:25:57 | INFO     | ss_crawler | [lens_scraper] MODEL EXTRACTED: 'ef 24-70 f2.8'
2026-05-17 01:25:57 | INFO     | ss_crawler | [lens_scraper] MOUNT DETECT: EF
2026-05-17 01:25:57 | INFO     | ss_crawler | [lens_scraper] Detected focal: 24mm-70mm (from_model=True)
2026-05-17 01:25:57 | INFO     | ss_crawler | [lens_scraper] Using TITLE ONLY for matching: 'canon modelis: ef 24-70 f2.8...'
2026-05-17 01:25:57 | INFO     | ss_crawler | [lens_scraper] BEST MATCH: 24-70mm F2.8L II USM score=1.60
2026-05-17 01:25:57 | INFO     | ss_crawler | [lens_scraper] Matched [bjdpgm]: Canon_24-70mm_F2.8L_II_USM (100% confidence)
2026-05-17 01:25:57 | INFO     | ss_crawler | [crawler] Fetching : https://www.ss.com/msg/lv/electronics/photo-optics/objectives/kbicb.html
2026-05-17 01:26:00 | INFO     | ss_crawler | [lens_scraper] Filtered [kbicb]: filtered_jauns
2026-05-17 01:26:00 | INFO     | ss_crawler | [crawler] Fetching : https://www.ss.com/msg/lv/electronics/photo-optics/objectives/cheix.html
2026-05-17 01:26:03 | INFO     | ss_crawler | [lens_scraper] Filtered [cheix]: filtered_jauns
2026-05-17 01:26:03 | INFO     | ss_crawler | [crawler] Fetching : https://www.ss.com/msg/lv/electronics/photo-optics/objectives/pdmok.html
2026-05-17 01:26:05 | INFO     | ss_crawler | [lens_scraper] Filtered [pdmok]: filtered_nikon
2026-05-17 01:26:05 | INFO     | ss_crawler | [crawler] Fetching : https://www.ss.com/msg/lv/electronics/photo-optics/objectives/pehhc.html
2026-05-17 01:26:08 | INFO     | ss_crawler | [lens_scraper] Filtered [pehhc]: filtered_jauns
2026-05-17 01:26:08 | INFO     | ss_crawler | [crawler] Fetching : https://www.ss.com/msg/lv/electronics/photo-optics/objectives/ajfjm.html
2026-05-17 01:26:10 | INFO     | ss_crawler | [lens_scraper] Filtered [ajfjm]: filtered_nikon
2026-05-17 01:26:10 | INFO     | ss_crawler | [crawler] Fetching : https://www.ss.com/msg/lv/electronics/photo-optics/objectives/bhoehi.html
2026-05-17 01:26:12 | INFO     | ss_crawler | [lens_scraper] Filtered [bhoehi]: filtered_nikon
2026-05-17 01:26:12 | INFO     | ss_crawler | [crawler] Fetching : https://www.ss.com/msg/lv/electronics/photo-optics/objectives/cfjno.html
2026-05-17 01:26:16 | INFO     | ss_crawler | [lens_scraper] MODEL EXTRACTED: '56mm f1.7 sony'
2026-05-17 01:26:16 | INFO     | ss_crawler | [lens_scraper] MOUNT DETECT: E
2026-05-17 01:26:16 | INFO     | ss_crawler | [lens_scraper] Detected focal: 56mm (from_model=True)
2026-05-17 01:26:16 | INFO     | ss_crawler | [lens_scraper] Using TITLE ONLY for matching: 'viltrox modelis: 56mm f1.7 sony...'
2026-05-17 01:26:16 | INFO     | ss_crawler | [lens_scraper] BEST MATCH: Viltrox AF 56mm F1.7 Air score=0.95
2026-05-17 01:26:16 | INFO     | ss_crawler | [lens_scraper] Matched [cfjno]: Viltrox_Viltrox_AF_56mm_F1.7_Air (95% confidence)
2026-05-17 01:26:16 | INFO     | ss_crawler | [crawler] Fetching : https://www.ss.com/msg/lv/electronics/photo-optics/objectives/bgpdcn.html
2026-05-17 01:26:19 | INFO     | ss_crawler | [lens_scraper] MODEL EXTRACTED: 'xf 18mm 1.4 wr'
2026-05-17 01:26:19 | INFO     | ss_crawler | [lens_scraper] MOUNT DETECT: E
2026-05-17 01:26:19 | INFO     | ss_crawler | [lens_scraper] Detected focal: 18mm (from_model=True)
2026-05-17 01:26:19 | INFO     | ss_crawler | [lens_scraper] Using TITLE ONLY for matching: 'fujifilm modelis: xf 18mm 1.4 wr...'
2026-05-17 01:26:19 | INFO     | ss_crawler | [lens_scraper] BEST MATCH: 18mm F3.5 Distagon T* ZE score=0.70
2026-05-17 01:26:19 | INFO     | ss_crawler | [lens_scraper] Matched [bgpdcn]: Zeiss_18mm_F3.5_Distagon_T*_ZE (70% confidence)
2026-05-17 01:26:19 | INFO     | ss_crawler | [crawler] Fetching : https://www.ss.com/msg/lv/electronics/photo-optics/objectives/bigojb.html
2026-05-17 01:26:21 | INFO     | ss_crawler | [lens_scraper] MODEL EXTRACTED: '11 (m42)'
2026-05-17 01:26:21 | INFO     | ss_crawler | [lens_scraper] MOUNT DETECT: E
2026-05-17 01:26:21 | INFO     | ss_crawler | [lens_scraper] Detected focal: 11mm (from_model=True)
2026-05-17 01:26:21 | INFO     | ss_crawler | [lens_scraper] Using TITLE ONLY for matching: 'jupiter modelis: 11 (m42)...'
2026-05-17 01:26:21 | INFO     | ss_crawler | [lens_scraper] No match for [bigojb]
2026-05-17 01:26:21 | INFO     | ss_crawler | [crawler] Fetching : https://www.ss.com/msg/lv/electronics/photo-optics/objectives/cenfc.html
2026-05-17 01:26:23 | INFO     | ss_crawler | [lens_scraper] MODEL EXTRACTED: '85mm f5.6'
2026-05-17 01:26:23 | INFO     | ss_crawler | [lens_scraper] MOUNT DETECT: None
2026-05-17 01:26:23 | INFO     | ss_crawler | [lens_scraper] Detected focal: 85mm (from_model=True)
2026-05-17 01:26:23 | INFO     | ss_crawler | [lens_scraper] Using TITLE ONLY for matching: 'laowa modelis: 85mm f5.6...'
2026-05-17 01:26:23 | INFO     | ss_crawler | [lens_scraper] BEST MATCH: 85mm F1.4L IS USM score=1.25
2026-05-17 01:26:23 | INFO     | ss_crawler | [lens_scraper] Matched [cenfc]: Canon_85mm_F1.4L_IS_USM (100% confidence)
2026-05-17 01:26:23 | INFO     | ss_crawler | [crawler] Fetching : https://www.ss.com/msg/lv/electronics/photo-optics/objectives/bjjbbf.html
2026-05-17 01:26:25 | INFO     | ss_crawler | [lens_scraper] Filtered [bjjbbf]: filtered_jauns
2026-05-17 01:26:25 | INFO     | ss_crawler | [crawler] Fetching : https://www.ss.com/msg/lv/electronics/photo-optics/objectives/bfcogn.html
2026-05-17 01:26:27 | INFO     | ss_crawler | [lens_scraper] MODEL EXTRACTED: '28-105'
2026-05-17 01:26:27 | INFO     | ss_crawler | [lens_scraper] MOUNT DETECT: E
2026-05-17 01:26:27 | INFO     | ss_crawler | [lens_scraper] Detected focal: 28mm-105mm (from_model=True)
2026-05-17 01:26:27 | INFO     | ss_crawler | [lens_scraper] Using TITLE ONLY for matching: 'minolta modelis: 28-105...'
2026-05-17 01:26:27 | INFO     | ss_crawler | [lens_scraper] BEST MATCH: Sony E PZ 18-105mm F4 G OSS score=0.85
2026-05-17 01:26:27 | INFO     | ss_crawler | [lens_scraper] Matched [bfcogn]: Sony_Sony_E_PZ_18-105mm_F4_G_OSS (85% confidence)
2026-05-17 01:26:27 | INFO     | ss_crawler | [crawler] Fetching : https://www.ss.com/msg/lv/electronics/photo-optics/objectives/afgxp.html
2026-05-17 01:26:30 | INFO     | ss_crawler | [lens_scraper] MODEL EXTRACTED: '80-200mm'
2026-05-17 01:26:30 | INFO     | ss_crawler | [lens_scraper] MOUNT DETECT: E
2026-05-17 01:26:30 | INFO     | ss_crawler | [lens_scraper] Detected focal: 80mm-200mm (from_model=True)
2026-05-17 01:26:30 | INFO     | ss_crawler | [lens_scraper] Using TITLE ONLY for matching: 'minolta modelis: 80-200mm...'
2026-05-17 01:26:30 | INFO     | ss_crawler | [lens_scraper] BEST MATCH: Sony E 18-200mm F3.5-6.3 OSS score=0.85
2026-05-17 01:26:30 | INFO     | ss_crawler | [lens_scraper] Matched [afgxp]: Sony_Sony_E_18-200mm_F3.5-6.3_OSS (85% confidence)
2026-05-17 01:26:30 | INFO     | ss_crawler | [crawler] Fetching : https://www.ss.com/msg/lv/electronics/photo-optics/objectives/bgninh.html
2026-05-17 01:26:32 | INFO     | ss_crawler | [lens_scraper] MODEL EXTRACTED: '50 mm'
2026-05-17 01:26:32 | INFO     | ss_crawler | [lens_scraper] MOUNT DETECT: E
2026-05-17 01:26:32 | INFO     | ss_crawler | [lens_scraper] Detected focal: 50mm (from_model=True)
2026-05-17 01:26:32 | INFO     | ss_crawler | [lens_scraper] Using TITLE ONLY for matching: 'minolta modelis: 50 mm...'
2026-05-17 01:26:32 | INFO     | ss_crawler | [lens_scraper] BEST MATCH: Sony E PZ 16-50mm F3.5-5.6 OSS score=0.80
2026-05-17 01:26:32 | INFO     | ss_crawler | [lens_scraper] Matched [bgninh]: Sony_Sony_E_PZ_16-50mm_F3.5-5.6_OSS (80% confidence)
2026-05-17 01:26:32 | INFO     | ss_crawler | [crawler] Fetching : https://www.ss.com/msg/lv/electronics/photo-optics/objectives/bcfmdk.html
2026-05-17 01:26:35 | INFO     | ss_crawler | [lens_scraper] Filtered [bcfmdk]: filtered_jauns
2026-05-17 01:26:35 | INFO     | ss_crawler | [crawler] Fetching : https://www.ss.com/msg/lv/electronics/photo-optics/objectives/kckbe.html
2026-05-17 01:26:38 | INFO     | ss_crawler | [lens_scraper] Filtered [kckbe]: filtered_nikon
2026-05-17 01:26:38 | INFO     | ss_crawler | [crawler] Fetching : https://www.ss.com/msg/lv/electronics/photo-optics/objectives/bhbeic.html
2026-05-17 01:26:40 | INFO     | ss_crawler | [lens_scraper] MODEL EXTRACTED: '90mm'
2026-05-17 01:26:40 | INFO     | ss_crawler | [lens_scraper] MOUNT DETECT: E
2026-05-17 01:26:40 | INFO     | ss_crawler | [lens_scraper] Detected focal: 90mm (from_model=True)
2026-05-17 01:26:40 | INFO     | ss_crawler | [lens_scraper] Using TITLE ONLY for matching: 'sony modelis: 90mm...'
2026-05-17 01:26:40 | INFO     | ss_crawler | [lens_scraper] BEST MATCH: Sony FE 90mm F2.8 Macro G OSS score=0.80
2026-05-17 01:26:40 | INFO     | ss_crawler | [lens_scraper] Matched [bhbeic]: Sony_Sony_FE_90mm_F2.8_Macro_G_OSS (80% confidence)
2026-05-17 01:26:40 | INFO     | ss_crawler | [crawler] Fetching : https://www.ss.com/msg/lv/electronics/photo-optics/objectives/fnppl.html
2026-05-17 01:26:43 | INFO     | ss_crawler | [lens_scraper] Filtered [fnppl]: filtered_jauns
2026-05-17 01:26:43 | INFO     | ss_crawler | [crawler] Fetching : https://www.ss.com/msg/lv/electronics/photo-optics/objectives/opjkn.html
2026-05-17 01:26:45 | INFO     | ss_crawler | [lens_scraper] Filtered [opjkn]: filtered_jauns
2026-05-17 01:26:45 | INFO     | ss_crawler | [crawler] Fetching : https://www.ss.com/msg/lv/electronics/photo-optics/objectives/cdjkh.html
2026-05-17 01:26:47 | INFO     | ss_crawler | [lens_scraper] Filtered [cdjkh]: filtered_jauns
2026-05-17 01:26:47 | INFO     | ss_crawler | [crawler] Fetching : https://www.ss.com/msg/lv/electronics/photo-optics/objectives/aaeon.html
2026-05-17 01:26:49 | INFO     | ss_crawler | [lens_scraper] Filtered [aaeon]: filtered_nikon
2026-05-17 01:26:49 | INFO     | ss_crawler | [crawler] Fetching : https://www.ss.com/msg/lv/electronics/photo-optics/objectives/hcgfm.html
2026-05-17 01:26:52 | INFO     | ss_crawler | [lens_scraper] Filtered [hcgfm]: filtered_jauns
2026-05-17 01:26:52 | INFO     | ss_crawler | [lens_scraper] Fetching page 4: https://www.ss.com/lv/electronics/photo-optics/objectives/page4.html
2026-05-17 01:26:52 | INFO     | ss_crawler | [crawler] Fetching : https://www.ss.com/lv/electronics/photo-optics/objectives/page4.html
2026-05-17 01:26:55 | INFO     | ss_crawler | [lens_scraper] Found 32 listings on page 4
2026-05-17 01:26:55 | INFO     | ss_crawler | [crawler] Fetching : https://www.ss.com/msg/lv/electronics/photo-optics/objectives/exhmn.html
2026-05-17 01:26:58 | INFO     | ss_crawler | [lens_scraper] Filtered [exhmn]: filtered_jauns
2026-05-17 01:26:58 | INFO     | ss_crawler | [crawler] Fetching : https://www.ss.com/msg/lv/electronics/photo-optics/objectives/exhmn.html
2026-05-17 01:27:01 | INFO     | ss_crawler | [lens_scraper] Filtered [exhmn]: filtered_jauns
2026-05-17 01:27:01 | INFO     | ss_crawler | [crawler] Fetching : https://www.ss.com/msg/lv/electronics/photo-optics/objectives/exhmn.html
2026-05-17 01:27:05 | INFO     | ss_crawler | [lens_scraper] Filtered [exhmn]: filtered_jauns
2026-05-17 01:27:05 | INFO     | ss_crawler | [crawler] Fetching : https://www.ss.com/msg/lv/electronics/photo-optics/objectives/hdxbf.html
2026-05-17 01:27:07 | INFO     | ss_crawler | [lens_scraper] Filtered [hdxbf]: filtered_nikon
2026-05-17 01:27:07 | INFO     | ss_crawler | [crawler] Fetching : https://www.ss.com/msg/lv/electronics/photo-optics/objectives/bhmcgn.html
2026-05-17 01:27:09 | INFO     | ss_crawler | [lens_scraper] Filtered [bhmcgn]: filtered_nikon
2026-05-17 01:27:09 | INFO     | ss_crawler | [crawler] Fetching : https://www.ss.com/msg/lv/electronics/photo-optics/objectives/kboep.html
2026-05-17 01:27:11 | INFO     | ss_crawler | [lens_scraper] Filtered [kboep]: filtered_jauns
2026-05-17 01:27:11 | INFO     | ss_crawler | [crawler] Fetching : https://www.ss.com/msg/lv/electronics/photo-optics/objectives/digbd.html
2026-05-17 01:27:14 | INFO     | ss_crawler | [lens_scraper] Filtered [digbd]: filtered_jauns
2026-05-17 01:27:14 | INFO     | ss_crawler | [crawler] Fetching : https://www.ss.com/msg/lv/electronics/photo-optics/objectives/kbhln.html
2026-05-17 01:27:16 | INFO     | ss_crawler | [lens_scraper] Filtered [kbhln]: filtered_jauns
2026-05-17 01:27:16 | INFO     | ss_crawler | [crawler] Fetching : https://www.ss.com/msg/lv/electronics/photo-optics/objectives/bioxfn.html
2026-05-17 01:27:20 | INFO     | ss_crawler | [lens_scraper] Filtered [bioxfn]: filtered_jauns
2026-05-17 01:27:20 | INFO     | ss_crawler | [crawler] Fetching : https://www.ss.com/msg/lv/electronics/photo-optics/objectives/kbfkf.html
2026-05-17 01:27:22 | INFO     | ss_crawler | [lens_scraper] Filtered [kbfkf]: filtered_nikon
2026-05-17 01:27:22 | INFO     | ss_crawler | [crawler] Fetching : https://www.ss.com/msg/lv/electronics/photo-optics/objectives/abcjm.html
2026-05-17 01:27:24 | INFO     | ss_crawler | [lens_scraper] Filtered [abcjm]: filtered_nikon
2026-05-17 01:27:24 | INFO     | ss_crawler | [crawler] Fetching : https://www.ss.com/msg/lv/electronics/photo-optics/objectives/edkbf.html
2026-05-17 01:27:27 | INFO     | ss_crawler | [lens_scraper] MODEL EXTRACTED: '18-50mm'
2026-05-17 01:27:27 | INFO     | ss_crawler | [lens_scraper] MOUNT DETECT: E
2026-05-17 01:27:27 | INFO     | ss_crawler | [lens_scraper] Detected focal: 18mm-50mm (from_model=True)
2026-05-17 01:27:27 | INFO     | ss_crawler | [lens_scraper] Using TITLE ONLY for matching: 'sigma modelis: 18-50mm...'
2026-05-17 01:27:27 | INFO     | ss_crawler | [lens_scraper] BEST MATCH: Sigma 18-50mm F2.8 DC DN | Contemporary score=1.35
2026-05-17 01:27:27 | INFO     | ss_crawler | [lens_scraper] Matched [edkbf]: Sigma_Sigma_18-50mm_F2.8_DC_DN_|_Contemporary (100% confidence)
2026-05-17 01:27:27 | INFO     | ss_crawler | [crawler] Fetching : https://www.ss.com/msg/lv/electronics/photo-optics/objectives/bkkxox.html
2026-05-17 01:27:30 | INFO     | ss_crawler | [lens_scraper] MODEL EXTRACTED: '44m-6'
2026-05-17 01:27:30 | INFO     | ss_crawler | [lens_scraper] MOUNT DETECT: None
2026-05-17 01:27:30 | INFO     | ss_crawler | [lens_scraper] No match for [bkkxox]
2026-05-17 01:27:30 | INFO     | ss_crawler | [crawler] Fetching : https://www.ss.com/msg/lv/electronics/photo-optics/objectives/fccjo.html
2026-05-17 01:27:33 | INFO     | ss_crawler | [lens_scraper] Filtered [fccjo]: filtered_nikon
2026-05-17 01:27:33 | INFO     | ss_crawler | [crawler] Fetching : https://www.ss.com/msg/lv/electronics/photo-optics/objectives/hfdkf.html
2026-05-17 01:27:36 | INFO     | ss_crawler | [lens_scraper] Filtered [hfdkf]: filtered_nikon
2026-05-17 01:27:36 | INFO     | ss_crawler | [crawler] Fetching : https://www.ss.com/msg/lv/electronics/photo-optics/objectives/bgooen.html
2026-05-17 01:27:38 | INFO     | ss_crawler | [lens_scraper] MODEL EXTRACTED: '16-70mm 4 zeis'
2026-05-17 01:27:38 | INFO     | ss_crawler | [lens_scraper] MOUNT DETECT: E
2026-05-17 01:27:38 | INFO     | ss_crawler | [lens_scraper] Detected focal: 16mm-70mm (from_model=True)
2026-05-17 01:27:38 | INFO     | ss_crawler | [lens_scraper] Using TITLE ONLY for matching: 'sony modelis: 16-70mm 4 zeis...'
2026-05-17 01:27:38 | INFO     | ss_crawler | [lens_scraper] BEST MATCH: Sony Zeiss Vario-Tessar T* E 16-70mm F4 ZA OSS score=1.35
2026-05-17 01:27:38 | INFO     | ss_crawler | [lens_scraper] Matched [bgooen]: Sony_Sony_Zeiss_Vario-Tessar_T*_E_16-70mm_F4_ZA_OSS (100% confidence)
2026-05-17 01:27:38 | INFO     | ss_crawler | [crawler] Fetching : https://www.ss.com/msg/lv/electronics/photo-optics/objectives/dbxee.html
2026-05-17 01:27:41 | INFO     | ss_crawler | [lens_scraper] MODEL EXTRACTED: 'ef 17-40mm f/4'
2026-05-17 01:27:41 | INFO     | ss_crawler | [lens_scraper] MOUNT DETECT: EF
2026-05-17 01:27:41 | INFO     | ss_crawler | [lens_scraper] Detected focal: 17mm-40mm (from_model=True)
2026-05-17 01:27:41 | INFO     | ss_crawler | [lens_scraper] Using TITLE ONLY for matching: 'canon modelis: ef 17-40mm f/4...'
2026-05-17 01:27:41 | INFO     | ss_crawler | [lens_scraper] BEST MATCH: 17-40mm F4L USM score=1.60
2026-05-17 01:27:41 | INFO     | ss_crawler | [lens_scraper] Matched [dbxee]: Canon_17-40mm_F4L_USM (100% confidence)
2026-05-17 01:27:41 | INFO     | ss_crawler | [crawler] Fetching : https://www.ss.com/msg/lv/electronics/photo-optics/objectives/dccch.html
2026-05-17 01:27:44 | INFO     | ss_crawler | [lens_scraper] MODEL EXTRACTED: '135mm'
2026-05-17 01:27:44 | INFO     | ss_crawler | [lens_scraper] MOUNT DETECT: None
2026-05-17 01:27:44 | INFO     | ss_crawler | [lens_scraper] Detected focal: 135mm (from_model=True)
2026-05-17 01:27:44 | INFO     | ss_crawler | [lens_scraper] Using TITLE ONLY for matching: 'vivtar modelis: 135mm...'
2026-05-17 01:27:44 | INFO     | ss_crawler | [lens_scraper] BEST MATCH: 135mm f/1.8 L IS USM score=0.85
2026-05-17 01:27:44 | INFO     | ss_crawler | [lens_scraper] Matched [dccch]: Canon_135mm_f_1.8_L_IS_USM (85% confidence)
2026-05-17 01:27:44 | INFO     | ss_crawler | [crawler] Fetching : https://www.ss.com/msg/lv/electronics/photo-optics/objectives/goxhg.html
2026-05-17 01:27:47 | INFO     | ss_crawler | [lens_scraper] MODEL EXTRACTED: 'ef 70-300 mm'
2026-05-17 01:27:47 | INFO     | ss_crawler | [lens_scraper] MOUNT DETECT: EF
2026-05-17 01:27:47 | INFO     | ss_crawler | [lens_scraper] Detected focal: 70mm-300mm (from_model=True)
2026-05-17 01:27:47 | INFO     | ss_crawler | [lens_scraper] Using TITLE ONLY for matching: 'canon modelis: ef 70-300 mm...'
2026-05-17 01:27:47 | INFO     | ss_crawler | [lens_scraper] BEST MATCH: 70-300mm F4-5.6L IS USM score=1.45
2026-05-17 01:27:47 | INFO     | ss_crawler | [lens_scraper] Matched [goxhg]: Canon_70-300mm_F4-5.6L_IS_USM (100% confidence)
2026-05-17 01:27:47 | INFO     | ss_crawler | [crawler] Fetching : https://www.ss.com/msg/lv/electronics/photo-optics/objectives/ffcdl.html
2026-05-17 01:27:50 | INFO     | ss_crawler | [lens_scraper] MODEL EXTRACTED: '24-105mm f/4 l'
2026-05-17 01:27:50 | INFO     | ss_crawler | [lens_scraper] MOUNT DETECT: EF
2026-05-17 01:27:50 | INFO     | ss_crawler | [lens_scraper] Detected focal: 24mm-105mm (from_model=True)
2026-05-17 01:27:50 | INFO     | ss_crawler | [lens_scraper] Using TITLE ONLY for matching: 'canon modelis: 24-105mm f/4 l...'
2026-05-17 01:27:50 | INFO     | ss_crawler | [lens_scraper] BEST MATCH: 24-105mm F4L IS USM score=1.60
2026-05-17 01:27:50 | INFO     | ss_crawler | [lens_scraper] Matched [ffcdl]: Canon_24-105mm_F4L_IS_USM (100% confidence)
2026-05-17 01:27:50 | INFO     | ss_crawler | [crawler] Fetching : https://www.ss.com/msg/lv/electronics/photo-optics/objectives/bfcmpj.html
2026-05-17 01:27:53 | INFO     | ss_crawler | [lens_scraper] Filtered [bfcmpj]: filtered_nikon
2026-05-17 01:27:53 | INFO     | ss_crawler | [crawler] Fetching : https://www.ss.com/msg/lv/electronics/photo-optics/objectives/aebcf.html
2026-05-17 01:27:57 | INFO     | ss_crawler | [lens_scraper] MODEL EXTRACTED: '24-105 f4'
2026-05-17 01:27:57 | INFO     | ss_crawler | [lens_scraper] MOUNT DETECT: EF
2026-05-17 01:27:57 | INFO     | ss_crawler | [lens_scraper] Detected focal: 24mm-105mm (from_model=True)
2026-05-17 01:27:57 | INFO     | ss_crawler | [lens_scraper] Using TITLE ONLY for matching: 'canon modelis: 24-105 f4...'
2026-05-17 01:27:57 | INFO     | ss_crawler | [lens_scraper] BEST MATCH: 24-105mm F4L IS USM score=1.50
2026-05-17 01:27:57 | INFO     | ss_crawler | [lens_scraper] Matched [aebcf]: Canon_24-105mm_F4L_IS_USM (100% confidence)
2026-05-17 01:27:57 | INFO     | ss_crawler | [crawler] Fetching : https://www.ss.com/msg/lv/electronics/photo-optics/objectives/gghne.html
2026-05-17 01:28:01 | INFO     | ss_crawler | [lens_scraper] MODEL EXTRACTED: 'ef 50mm 1:1.4'
2026-05-17 01:28:01 | INFO     | ss_crawler | [lens_scraper] MOUNT DETECT: EF
2026-05-17 01:28:01 | INFO     | ss_crawler | [lens_scraper] Detected focal: 50mm (from_model=True)
2026-05-17 01:28:01 | INFO     | ss_crawler | [lens_scraper] Using TITLE ONLY for matching: 'canon modelis: ef 50mm 1:1.4...'
2026-05-17 01:28:01 | INFO     | ss_crawler | [lens_scraper] BEST MATCH: 50mm F1.4 USM score=1.50
2026-05-17 01:28:01 | INFO     | ss_crawler | [lens_scraper] Matched [gghne]: Canon_50mm_F1.4_USM (100% confidence)
2026-05-17 01:28:01 | INFO     | ss_crawler | [crawler] Fetching : https://www.ss.com/msg/lv/electronics/photo-optics/objectives/bkkejl.html
2026-05-17 01:28:04 | INFO     | ss_crawler | [lens_scraper] MODEL EXTRACTED: '24-70 f2.8 g2'
2026-05-17 01:28:04 | INFO     | ss_crawler | [lens_scraper] MOUNT DETECT: EF
2026-05-17 01:28:04 | INFO     | ss_crawler | [lens_scraper] Detected focal: 24mm-70mm (from_model=True)
2026-05-17 01:28:04 | INFO     | ss_crawler | [lens_scraper] Using TITLE ONLY for matching: 'tamron canon modelis: 24-70 f2.8 g2...'
2026-05-17 01:28:04 | INFO     | ss_crawler | [lens_scraper] BEST MATCH: 24-70mm F2.8 Di VC USD G2 score=1.50
2026-05-17 01:28:04 | INFO     | ss_crawler | [lens_scraper] Matched [bkkejl]: Tamron_24-70mm_F2.8_Di_VC_USD_G2 (100% confidence)
2026-05-17 01:28:04 | INFO     | ss_crawler | [crawler] Fetching : https://www.ss.com/msg/lv/electronics/photo-optics/objectives/bgmoho.html
2026-05-17 01:28:06 | INFO     | ss_crawler | [lens_scraper] MODEL EXTRACTED: '40mm f/2.8 stm'
2026-05-17 01:28:06 | INFO     | ss_crawler | [lens_scraper] MOUNT DETECT: EF
2026-05-17 01:28:06 | INFO     | ss_crawler | [lens_scraper] Detected focal: 40mm (from_model=True)
2026-05-17 01:28:06 | INFO     | ss_crawler | [lens_scraper] Using TITLE ONLY for matching: 'canon modelis: 40mm f/2.8 stm...'
2026-05-17 01:28:06 | INFO     | ss_crawler | [lens_scraper] BEST MATCH: 40mm F2.8 STM score=1.60
2026-05-17 01:28:06 | INFO     | ss_crawler | [lens_scraper] Matched [bgmoho]: Canon_40mm_F2.8_STM (100% confidence)
2026-05-17 01:28:06 | INFO     | ss_crawler | [crawler] Fetching : https://www.ss.com/msg/lv/electronics/photo-optics/objectives/bhxnmk.html
2026-05-17 01:28:09 | INFO     | ss_crawler | [lens_scraper] MODEL EXTRACTED: '50mm f/1.2 l'
2026-05-17 01:28:09 | INFO     | ss_crawler | [lens_scraper] MOUNT DETECT: EF
2026-05-17 01:28:09 | INFO     | ss_crawler | [lens_scraper] Detected focal: 50mm (from_model=True)
2026-05-17 01:28:09 | INFO     | ss_crawler | [lens_scraper] Using TITLE ONLY for matching: 'canon modelis: 50mm f/1.2 l...'
2026-05-17 01:28:09 | INFO     | ss_crawler | [lens_scraper] BEST MATCH: 50mm F1.2L USM score=1.60
2026-05-17 01:28:09 | INFO     | ss_crawler | [lens_scraper] Matched [bhxnmk]: Canon_50mm_F1.2L_USM (100% confidence)
2026-05-17 01:28:09 | INFO     | ss_crawler | [crawler] Fetching : https://www.ss.com/msg/lv/electronics/photo-optics/objectives/bfkoon.html
2026-05-17 01:28:12 | INFO     | ss_crawler | [lens_scraper] MODEL EXTRACTED: 'ef 24-105 l'
2026-05-17 01:28:12 | INFO     | ss_crawler | [lens_scraper] MOUNT DETECT: EF
2026-05-17 01:28:12 | INFO     | ss_crawler | [lens_scraper] Detected focal: 24mm-105mm (from_model=True)
2026-05-17 01:28:12 | INFO     | ss_crawler | [lens_scraper] Using TITLE ONLY for matching: 'canon modelis: ef 24-105 l...'
2026-05-17 01:28:12 | INFO     | ss_crawler | [lens_scraper] BEST MATCH: 24-105mm F4L IS USM score=1.45
2026-05-17 01:28:12 | INFO     | ss_crawler | [lens_scraper] Matched [bfkoon]: Canon_24-105mm_F4L_IS_USM (100% confidence)
2026-05-17 01:28:12 | INFO     | ss_crawler | [crawler] Fetching : https://www.ss.com/msg/lv/electronics/photo-optics/objectives/lhlcp.html
2026-05-17 01:28:16 | INFO     | ss_crawler | [lens_scraper] MODEL EXTRACTED: '16-35 f/2.8 ii'
2026-05-17 01:28:16 | INFO     | ss_crawler | [lens_scraper] MOUNT DETECT: EF
2026-05-17 01:28:16 | INFO     | ss_crawler | [lens_scraper] Detected focal: 16mm-35mm (from_model=True)
2026-05-17 01:28:16 | INFO     | ss_crawler | [lens_scraper] Using TITLE ONLY for matching: 'canon modelis: 16-35 f/2.8 ii...'
2026-05-17 01:28:16 | INFO     | ss_crawler | [lens_scraper] BEST MATCH: 16-35mm F2.8L II USM score=1.70
2026-05-17 01:28:16 | INFO     | ss_crawler | [lens_scraper] Matched [lhlcp]: Canon_16-35mm_F2.8L_II_USM (100% confidence)
2026-05-17 01:28:16 | INFO     | ss_crawler | [crawler] Fetching : https://www.ss.com/msg/lv/electronics/photo-optics/objectives/dpido.html
2026-05-17 01:28:18 | INFO     | ss_crawler | [lens_scraper] Filtered [dpido]: filtered_nikon
2026-05-17 01:28:18 | INFO     | ss_crawler | [crawler] Fetching : https://www.ss.com/msg/lv/electronics/photo-optics/objectives/kxhkk.html
2026-05-17 01:28:20 | INFO     | ss_crawler | [lens_scraper] Filtered [kxhkk]: filtered_nikon
2026-05-17 01:28:20 | INFO     | ss_crawler | [crawler] Fetching : https://www.ss.com/msg/lv/electronics/photo-optics/objectives/cdjcl.html
2026-05-17 01:28:23 | INFO     | ss_crawler | [lens_scraper] Filtered [cdjcl]: filtered_jauns
2026-05-17 01:28:23 | INFO     | ss_crawler | [crawler] Fetching : https://www.ss.com/msg/lv/electronics/photo-optics/objectives/bgnnhf.html
2026-05-17 01:28:25 | INFO     | ss_crawler | [lens_scraper] Filtered [bgnnhf]: filtered_jauns
2026-05-17 01:28:25 | INFO     | ss_crawler | [lens_scraper] Fetching page 5: https://www.ss.com/lv/electronics/photo-optics/objectives/page5.html
2026-05-17 01:28:25 | INFO     | ss_crawler | [crawler] Fetching : https://www.ss.com/lv/electronics/photo-optics/objectives/page5.html
2026-05-17 01:28:28 | INFO     | ss_crawler | [lens_scraper] Found 32 listings on page 5
2026-05-17 01:28:28 | INFO     | ss_crawler | [crawler] Fetching : https://www.ss.com/msg/lv/electronics/photo-optics/objectives/clxxf.html
2026-05-17 01:28:31 | INFO     | ss_crawler | [lens_scraper] MODEL EXTRACTED: 'xf 16-55mm'
2026-05-17 01:28:31 | INFO     | ss_crawler | [lens_scraper] MOUNT DETECT: None
2026-05-17 01:28:31 | INFO     | ss_crawler | [lens_scraper] Detected focal: 16mm-55mm (from_model=True)
2026-05-17 01:28:31 | INFO     | ss_crawler | [lens_scraper] Using TITLE ONLY for matching: 'fujifilm modelis: xf 16-55mm...'
2026-05-17 01:28:31 | INFO     | ss_crawler | [lens_scraper] BEST MATCH: Sony E 16-55mm F2.8 G score=0.85
2026-05-17 01:28:31 | INFO     | ss_crawler | [lens_scraper] Matched [clxxf]: Sony_Sony_E_16-55mm_F2.8_G (85% confidence)
2026-05-17 01:28:31 | INFO     | ss_crawler | [crawler] Fetching : https://www.ss.com/msg/lv/electronics/photo-optics/objectives/clxxf.html
2026-05-17 01:28:33 | INFO     | ss_crawler | [lens_scraper] MODEL EXTRACTED: 'xf 16-55mm'
2026-05-17 01:28:33 | INFO     | ss_crawler | [lens_scraper] MOUNT DETECT: None
2026-05-17 01:28:33 | INFO     | ss_crawler | [lens_scraper] Detected focal: 16mm-55mm (from_model=True)
2026-05-17 01:28:33 | INFO     | ss_crawler | [lens_scraper] Using TITLE ONLY for matching: 'fujifilm modelis: xf 16-55mm...'
2026-05-17 01:28:33 | INFO     | ss_crawler | [lens_scraper] BEST MATCH: Sony E 16-55mm F2.8 G score=0.85
2026-05-17 01:28:33 | INFO     | ss_crawler | [lens_scraper] Matched [clxxf]: Sony_Sony_E_16-55mm_F2.8_G (85% confidence)
2026-05-17 01:28:33 | INFO     | ss_crawler | [crawler] Fetching : https://www.ss.com/msg/lv/electronics/photo-optics/objectives/clxxf.html
2026-05-17 01:28:36 | INFO     | ss_crawler | [lens_scraper] MODEL EXTRACTED: 'xf 16-55mm'
2026-05-17 01:28:36 | INFO     | ss_crawler | [lens_scraper] MOUNT DETECT: None
2026-05-17 01:28:36 | INFO     | ss_crawler | [lens_scraper] Detected focal: 16mm-55mm (from_model=True)
2026-05-17 01:28:36 | INFO     | ss_crawler | [lens_scraper] Using TITLE ONLY for matching: 'fujifilm modelis: xf 16-55mm...'
2026-05-17 01:28:36 | INFO     | ss_crawler | [lens_scraper] BEST MATCH: Sony E 16-55mm F2.8 G score=0.85
2026-05-17 01:28:36 | INFO     | ss_crawler | [lens_scraper] Matched [clxxf]: Sony_Sony_E_16-55mm_F2.8_G (85% confidence)
2026-05-17 01:28:36 | INFO     | ss_crawler | [crawler] Fetching : https://www.ss.com/msg/lv/electronics/photo-optics/objectives/egjbf.html
2026-05-17 01:28:39 | INFO     | ss_crawler | [lens_scraper] MODEL EXTRACTED: '35mm f/2.0 us'
2026-05-17 01:28:39 | INFO     | ss_crawler | [lens_scraper] MOUNT DETECT: EF
2026-05-17 01:28:39 | INFO     | ss_crawler | [lens_scraper] Detected focal: 35mm (from_model=True)
2026-05-17 01:28:39 | INFO     | ss_crawler | [lens_scraper] Using TITLE ONLY for matching: 'canon modelis: 35mm f/2.0 us...'
2026-05-17 01:28:39 | INFO     | ss_crawler | [lens_scraper] BEST MATCH: 35mm F2 IS USM score=1.50
2026-05-17 01:28:39 | INFO     | ss_crawler | [lens_scraper] Matched [egjbf]: Canon_35mm_F2_IS_USM (100% confidence)
2026-05-17 01:28:39 | INFO     | ss_crawler | [crawler] Fetching : https://www.ss.com/msg/lv/electronics/photo-optics/objectives/dbpoj.html
2026-05-17 01:28:43 | INFO     | ss_crawler | [lens_scraper] MODEL EXTRACTED: 'rf 50mm f1.8 s'
2026-05-17 01:28:43 | INFO     | ss_crawler | [lens_scraper] MOUNT DETECT: RF
2026-05-17 01:28:43 | INFO     | ss_crawler | [lens_scraper] Detected focal: 50mm (from_model=True)
2026-05-17 01:28:43 | INFO     | ss_crawler | [lens_scraper] Using TITLE ONLY for matching: 'canon modelis: rf 50mm f1.8 s...'
2026-05-17 01:28:43 | INFO     | ss_crawler | [lens_scraper] BEST MATCH: 50mm f/1.8 STM score=1.50
2026-05-17 01:28:43 | INFO     | ss_crawler | [lens_scraper] Matched [dbpoj]: Canon_50mm_f_1.8_STM (100% confidence)
2026-05-17 01:28:43 | INFO     | ss_crawler | [crawler] Fetching : https://www.ss.com/msg/lv/electronics/photo-optics/objectives/dikbk.html
2026-05-17 01:28:46 | INFO     | ss_crawler | [lens_scraper] MODEL EXTRACTED: 'pol новый поляризационный ориг'
2026-05-17 01:28:46 | INFO     | ss_crawler | [lens_scraper] MOUNT DETECT: E
2026-05-17 01:28:46 | INFO     | ss_crawler | [lens_scraper] BEST MATCH: Sony E 10-18mm F4 OSS score=0.70
2026-05-17 01:28:46 | INFO     | ss_crawler | [lens_scraper] Matched [dikbk]: Sony_Sony_E_10-18mm_F4_OSS (70% confidence)
2026-05-17 01:28:46 | INFO     | ss_crawler | [crawler] Fetching : https://www.ss.com/msg/lv/electronics/photo-optics/objectives/bfcpoh.html
2026-05-17 01:28:49 | INFO     | ss_crawler | [lens_scraper] Filtered [bfcpoh]: filtered_nikon
2026-05-17 01:28:49 | INFO     | ss_crawler | [crawler] Fetching : https://www.ss.com/msg/lv/electronics/photo-optics/objectives/fpkfp.html
2026-05-17 01:28:51 | INFO     | ss_crawler | [lens_scraper] Filtered [fpkfp]: filtered_nikon
2026-05-17 01:28:51 | INFO     | ss_crawler | [crawler] Fetching : https://www.ss.com/msg/lv/electronics/photo-optics/objectives/bgmlxe.html
2026-05-17 01:28:53 | INFO     | ss_crawler | [lens_scraper] MODEL EXTRACTED: 'efs 18-135mm'
2026-05-17 01:28:53 | INFO     | ss_crawler | [lens_scraper] MOUNT DETECT: EF-S
2026-05-17 01:28:53 | INFO     | ss_crawler | [lens_scraper] Detected focal: 18mm-135mm (from_model=True)
2026-05-17 01:28:53 | INFO     | ss_crawler | [lens_scraper] Using TITLE ONLY for matching: 'canon modelis: efs 18-135mm...'
2026-05-17 01:28:54 | INFO     | ss_crawler | [lens_scraper] BEST MATCH: 18-135mm F3.5-5.6 IS score=1.35
2026-05-17 01:28:54 | INFO     | ss_crawler | [lens_scraper] Matched [bgmlxe]: Canon_18-135mm_F3.5-5.6_IS (100% confidence)
2026-05-17 01:28:54 | INFO     | ss_crawler | [crawler] Fetching : https://www.ss.com/msg/lv/electronics/photo-optics/objectives/fjpdp.html
2026-05-17 01:28:57 | INFO     | ss_crawler | [lens_scraper] Filtered [fjpdp]: filtered_nikon
2026-05-17 01:28:57 | INFO     | ss_crawler | [crawler] Fetching : https://www.ss.com/msg/lv/electronics/photo-optics/objectives/pdldj.html
2026-05-17 01:29:00 | INFO     | ss_crawler | [lens_scraper] MODEL EXTRACTED: 'pz0'
2026-05-17 01:29:00 | INFO     | ss_crawler | [lens_scraper] MOUNT DETECT: None
2026-05-17 01:29:00 | INFO     | ss_crawler | [lens_scraper] No match for [pdldj]
2026-05-17 01:29:00 | INFO     | ss_crawler | [crawler] Fetching : https://www.ss.com/msg/lv/electronics/photo-optics/objectives/egnnn.html
2026-05-17 01:29:04 | INFO     | ss_crawler | [lens_scraper] MODEL EXTRACTED: 'wd-h72'
2026-05-17 01:29:04 | INFO     | ss_crawler | [lens_scraper] MOUNT DETECT: None
2026-05-17 01:29:04 | INFO     | ss_crawler | [lens_scraper] BEST MATCH: 40mm F2.8 STM score=0.80
2026-05-17 01:29:04 | INFO     | ss_crawler | [lens_scraper] Matched [egnnn]: Canon_40mm_F2.8_STM (80% confidence)
2026-05-17 01:29:04 | INFO     | ss_crawler | [crawler] Fetching : https://www.ss.com/msg/lv/electronics/photo-optics/objectives/blgkoo.html
2026-05-17 01:29:07 | INFO     | ss_crawler | [lens_scraper] MODEL EXTRACTED: '17mm'
2026-05-17 01:29:07 | INFO     | ss_crawler | [lens_scraper] MOUNT DETECT: None
2026-05-17 01:29:07 | INFO     | ss_crawler | [lens_scraper] Detected focal: 17mm (from_model=True)
2026-05-17 01:29:07 | INFO     | ss_crawler | [lens_scraper] Using TITLE ONLY for matching: 'olympus modelis: 17mm...'
2026-05-17 01:29:07 | INFO     | ss_crawler | [lens_scraper] BEST MATCH: 17mm F4L TS-E score=0.85
2026-05-17 01:29:07 | INFO     | ss_crawler | [lens_scraper] Matched [blgkoo]: Canon_17mm_F4L_TS-E (85% confidence)
2026-05-17 01:29:07 | INFO     | ss_crawler | [crawler] Fetching : https://www.ss.com/msg/lv/electronics/photo-optics/objectives/mxfce.html
2026-05-17 01:29:11 | INFO     | ss_crawler | [lens_scraper] MODEL EXTRACTED: 'gorlitz-35mm'
2026-05-17 01:29:11 | INFO     | ss_crawler | [lens_scraper] MOUNT DETECT: None
2026-05-17 01:29:11 | INFO     | ss_crawler | [lens_scraper] Detected focal: 35mm (from_model=True)
2026-05-17 01:29:11 | INFO     | ss_crawler | [lens_scraper] Using TITLE ONLY for matching: 'meyer-optik modelis: gorlitz-35mm...'
2026-05-17 01:29:11 | INFO     | ss_crawler | [lens_scraper] BEST MATCH: 35mm F1.4 AS UMC score=0.85
2026-05-17 01:29:11 | INFO     | ss_crawler | [lens_scraper] Matched [mxfce]: Rokinon_35mm_F1.4_AS_UMC (85% confidence)
2026-05-17 01:29:11 | INFO     | ss_crawler | [crawler] Fetching : https://www.ss.com/msg/lv/electronics/photo-optics/objectives/bghmon.html
2026-05-17 01:29:14 | INFO     | ss_crawler | [lens_scraper] Filtered [bghmon]: filtered_nikon
2026-05-17 01:29:14 | INFO     | ss_crawler | [crawler] Fetching : https://www.ss.com/msg/lv/electronics/photo-optics/objectives/bempoi.html
2026-05-17 01:29:18 | INFO     | ss_crawler | [lens_scraper] MODEL EXTRACTED: 'f=35 mm'
2026-05-17 01:29:18 | INFO     | ss_crawler | [lens_scraper] MOUNT DETECT: None
2026-05-17 01:29:18 | INFO     | ss_crawler | [lens_scraper] Detected focal: 35mm (from_model=True)
2026-05-17 01:29:18 | INFO     | ss_crawler | [lens_scraper] Using TITLE ONLY for matching: 'exaktar auto modelis: f=35 mm...'
2026-05-17 01:29:18 | INFO     | ss_crawler | [lens_scraper] BEST MATCH: 35mm F1.4 AS UMC score=0.85
2026-05-17 01:29:18 | INFO     | ss_crawler | [lens_scraper] Matched [bempoi]: Rokinon_35mm_F1.4_AS_UMC (85% confidence)
2026-05-17 01:29:18 | INFO     | ss_crawler | [crawler] Fetching : https://www.ss.com/msg/lv/electronics/photo-optics/objectives/lombb.html
2026-05-17 01:29:20 | INFO     | ss_crawler | [lens_scraper] MODEL EXTRACTED: '35nap2-3m'
2026-05-17 01:29:20 | INFO     | ss_crawler | [lens_scraper] MOUNT DETECT: None
2026-05-17 01:29:20 | INFO     | ss_crawler | [lens_scraper] Detected focal: 2mm-3mm (from_model=True)
2026-05-17 01:29:20 | INFO     | ss_crawler | [lens_scraper] Using TITLE ONLY for matching: 'lomo modelis: 35nap2-3m...'
2026-05-17 01:29:20 | INFO     | ss_crawler | [lens_scraper] No match for [lombb]
2026-05-17 01:29:20 | INFO     | ss_crawler | [crawler] Fetching : https://www.ss.com/msg/lv/electronics/photo-optics/objectives/bmebm.html
2026-05-17 01:29:23 | INFO     | ss_crawler | [lens_scraper] MODEL EXTRACTED: '50 мм 2.8'
2026-05-17 01:29:23 | INFO     | ss_crawler | [lens_scraper] MOUNT DETECT: None
2026-05-17 01:29:23 | INFO     | ss_crawler | [lens_scraper] Detected focal: 50mm (from_model=True)
2026-05-17 01:29:23 | INFO     | ss_crawler | [lens_scraper] Using TITLE ONLY for matching: 'индустар лз 61 modelis: 50 мм 2.8...'
2026-05-17 01:29:23 | INFO     | ss_crawler | [lens_scraper] BEST MATCH: 50mm F1.2L USM score=0.85
2026-05-17 01:29:23 | INFO     | ss_crawler | [lens_scraper] Matched [bmebm]: Canon_50mm_F1.2L_USM (85% confidence)
2026-05-17 01:29:23 | INFO     | ss_crawler | [crawler] Fetching : https://www.ss.com/msg/lv/electronics/photo-optics/objectives/pdfgg.html
2026-05-17 01:29:26 | INFO     | ss_crawler | [lens_scraper] Filtered [pdfgg]: filtered_nikon
2026-05-17 01:29:26 | INFO     | ss_crawler | [crawler] Fetching : https://www.ss.com/msg/lv/electronics/photo-optics/objectives/eljhg.html
2026-05-17 01:29:29 | INFO     | ss_crawler | [lens_scraper] Filtered [eljhg]: filtered_nikon
2026-05-17 01:29:29 | INFO     | ss_crawler | [crawler] Fetching : https://www.ss.com/msg/lv/electronics/photo-optics/objectives/ceocl.html
2026-05-17 01:29:32 | INFO     | ss_crawler | [lens_scraper] Filtered [ceocl]: filtered_jauns
2026-05-17 01:29:32 | INFO     | ss_crawler | [crawler] Fetching : https://www.ss.com/msg/lv/electronics/photo-optics/objectives/aabxo.html
2026-05-17 01:29:34 | INFO     | ss_crawler | [lens_scraper] Filtered [aabxo]: filtered_jauns
2026-05-17 01:29:34 | INFO     | ss_crawler | [crawler] Fetching : https://www.ss.com/msg/lv/electronics/photo-optics/objectives/bemlhb.html
2026-05-17 01:29:37 | INFO     | ss_crawler | [lens_scraper] Filtered [bemlhb]: filtered_jauns
2026-05-17 01:29:37 | INFO     | ss_crawler | [crawler] Fetching : https://www.ss.com/msg/lv/electronics/photo-optics/objectives/heeil.html
2026-05-17 01:29:39 | INFO     | ss_crawler | [lens_scraper] Filtered [heeil]: filtered_jauns
2026-05-17 01:29:39 | INFO     | ss_crawler | [crawler] Fetching : https://www.ss.com/msg/lv/electronics/photo-optics/objectives/cdbhd.html
2026-05-17 01:29:41 | INFO     | ss_crawler | [lens_scraper] Filtered [cdbhd]: filtered_jauns
2026-05-17 01:29:41 | INFO     | ss_crawler | [crawler] Fetching : https://www.ss.com/msg/lv/electronics/photo-optics/objectives/bldkkx.html
2026-05-17 01:29:43 | INFO     | ss_crawler | [lens_scraper] MODEL EXTRACTED: '2.8/35 mm'
2026-05-17 01:29:43 | INFO     | ss_crawler | [lens_scraper] MOUNT DETECT: None
2026-05-17 01:29:43 | INFO     | ss_crawler | [lens_scraper] Detected focal: 35mm (from_model=True)
2026-05-17 01:29:43 | INFO     | ss_crawler | [lens_scraper] Using TITLE ONLY for matching: 'rexagon modelis: 2.8/35 mm...'
2026-05-17 01:29:43 | INFO     | ss_crawler | [lens_scraper] BEST MATCH: 35mm F2.8 Macro IS STM score=1.00
2026-05-17 01:29:43 | INFO     | ss_crawler | [lens_scraper] Matched [bldkkx]: Canon_35mm_F2.8_Macro_IS_STM (100% confidence)
2026-05-17 01:29:43 | INFO     | ss_crawler | [crawler] Fetching : https://www.ss.com/msg/lv/electronics/photo-optics/objectives/blhejl.html
2026-05-17 01:29:45 | INFO     | ss_crawler | [lens_scraper] MODEL EXTRACTED: '18-135mm'
2026-05-17 01:29:45 | INFO     | ss_crawler | [lens_scraper] MOUNT DETECT: EF-S
2026-05-17 01:29:45 | INFO     | ss_crawler | [lens_scraper] Detected focal: 18mm-135mm (from_model=True)
2026-05-17 01:29:45 | INFO     | ss_crawler | [lens_scraper] Using TITLE ONLY for matching: 'canon modelis: 18-135mm...'
2026-05-17 01:29:45 | INFO     | ss_crawler | [lens_scraper] BEST MATCH: 18-135mm F3.5-5.6 IS score=1.35
2026-05-17 01:29:45 | INFO     | ss_crawler | [lens_scraper] Matched [blhejl]: Canon_18-135mm_F3.5-5.6_IS (100% confidence)
2026-05-17 01:29:45 | INFO     | ss_crawler | [crawler] Fetching : https://www.ss.com/msg/lv/electronics/photo-optics/objectives/dlhpd.html
2026-05-17 01:29:47 | INFO     | ss_crawler | [lens_scraper] MODEL EXTRACTED: 'ef17-40mm f/4l'
2026-05-17 01:29:47 | INFO     | ss_crawler | [lens_scraper] MOUNT DETECT: EF
2026-05-17 01:29:47 | INFO     | ss_crawler | [lens_scraper] Detected focal: 17mm-40mm (from_model=True)
2026-05-17 01:29:47 | INFO     | ss_crawler | [lens_scraper] Using TITLE ONLY for matching: 'canon modelis: ef17-40mm f/4l...'
2026-05-17 01:29:47 | INFO     | ss_crawler | [lens_scraper] BEST MATCH: 17-40mm F4L USM score=1.35
2026-05-17 01:29:47 | INFO     | ss_crawler | [lens_scraper] Matched [dlhpd]: Canon_17-40mm_F4L_USM (100% confidence)
2026-05-17 01:29:47 | INFO     | ss_crawler | [crawler] Fetching : https://www.ss.com/msg/lv/electronics/photo-optics/objectives/dxhhh.html
2026-05-17 01:29:50 | INFO     | ss_crawler | [lens_scraper] MODEL EXTRACTED: 'rf135 mm/1.8'
2026-05-17 01:29:50 | INFO     | ss_crawler | [lens_scraper] MOUNT DETECT: RF
2026-05-17 01:29:50 | INFO     | ss_crawler | [lens_scraper] BEST MATCH: 135mm f/1.8 L IS USM score=1.25
2026-05-17 01:29:50 | INFO     | ss_crawler | [lens_scraper] Matched [dxhhh]: Canon_135mm_f_1.8_L_IS_USM (100% confidence)
2026-05-17 01:29:50 | INFO     | ss_crawler | [crawler] Fetching : https://www.ss.com/msg/lv/electronics/photo-optics/objectives/dflkg.html
2026-05-17 01:29:53 | INFO     | ss_crawler | [lens_scraper] Filtered [dflkg]: filtered_jauns
2026-05-17 01:29:53 | INFO     | ss_crawler | [crawler] Fetching : https://www.ss.com/msg/lv/electronics/photo-optics/objectives/jphcx.html
2026-05-17 01:29:55 | INFO     | ss_crawler | [lens_scraper] MODEL EXTRACTED: '24mm tilt'
2026-05-17 01:29:55 | INFO     | ss_crawler | [lens_scraper] MOUNT DETECT: EF
2026-05-17 01:29:55 | INFO     | ss_crawler | [lens_scraper] Detected focal: 24mm (from_model=True)
2026-05-17 01:29:55 | INFO     | ss_crawler | [lens_scraper] Using TITLE ONLY for matching: 'samyang modelis: 24mm tilt...'
2026-05-17 01:29:55 | INFO     | ss_crawler | [lens_scraper] BEST MATCH: 24mm F2.8 IS USM score=1.35
2026-05-17 01:29:55 | INFO     | ss_crawler | [lens_scraper] Matched [jphcx]: Canon_24mm_F2.8_IS_USM (100% confidence)
2026-05-17 01:29:55 | INFO     | ss_crawler | [crawler] Fetching : https://www.ss.com/msg/lv/electronics/photo-optics/objectives/ajhxl.html
2026-05-17 01:29:58 | INFO     | ss_crawler | [lens_scraper] Filtered [ajhxl]: filtered_nikon
2026-05-17 01:29:58 | INFO     | ss_crawler | [lens_scraper] Fetching page 6: https://www.ss.com/lv/electronics/photo-optics/objectives/page6.html
2026-05-17 01:29:58 | INFO     | ss_crawler | [crawler] Fetching : https://www.ss.com/lv/electronics/photo-optics/objectives/page6.html
2026-05-17 01:30:00 | INFO     | ss_crawler | [lens_scraper] Found 32 listings on page 6
2026-05-17 01:30:00 | INFO     | ss_crawler | [crawler] Fetching : https://www.ss.com/msg/lv/electronics/photo-optics/objectives/aadhl.html
2026-05-17 01:30:02 | INFO     | ss_crawler | [lens_scraper] MODEL EXTRACTED: '1, 4/50 dg hsm'
2026-05-17 01:30:02 | INFO     | ss_crawler | [lens_scraper] MOUNT DETECT: EF
2026-05-17 01:30:02 | INFO     | ss_crawler | [lens_scraper] Detected focal: 50mm (from_model=True)
2026-05-17 01:30:02 | INFO     | ss_crawler | [lens_scraper] Using TITLE ONLY for matching: 'sigma artcanon modelis: 1, 4/50 dg hsm...'
2026-05-17 01:30:02 | INFO     | ss_crawler | [lens_scraper] BEST MATCH: 50mm F1.4 DG HSM Art score=1.50
2026-05-17 01:30:02 | INFO     | ss_crawler | [lens_scraper] Matched [aadhl]: Sigma_50mm_F1.4_DG_HSM_Art (100% confidence)
2026-05-17 01:30:02 | INFO     | ss_crawler | [crawler] Fetching : https://www.ss.com/msg/lv/electronics/photo-optics/objectives/aadhl.html
2026-05-17 01:30:04 | INFO     | ss_crawler | [lens_scraper] MODEL EXTRACTED: '1, 4/50 dg hsm'
2026-05-17 01:30:04 | INFO     | ss_crawler | [lens_scraper] MOUNT DETECT: EF
2026-05-17 01:30:04 | INFO     | ss_crawler | [lens_scraper] Detected focal: 50mm (from_model=True)
2026-05-17 01:30:04 | INFO     | ss_crawler | [lens_scraper] Using TITLE ONLY for matching: 'sigma artcanon modelis: 1, 4/50 dg hsm...'
2026-05-17 01:30:04 | INFO     | ss_crawler | [lens_scraper] BEST MATCH: 50mm F1.4 DG HSM Art score=1.50
2026-05-17 01:30:04 | INFO     | ss_crawler | [lens_scraper] Matched [aadhl]: Sigma_50mm_F1.4_DG_HSM_Art (100% confidence)
2026-05-17 01:30:04 | INFO     | ss_crawler | [crawler] Fetching : https://www.ss.com/msg/lv/electronics/photo-optics/objectives/aadhl.html
2026-05-17 01:30:06 | INFO     | ss_crawler | [lens_scraper] MODEL EXTRACTED: '1, 4/50 dg hsm'
2026-05-17 01:30:06 | INFO     | ss_crawler | [lens_scraper] MOUNT DETECT: EF
2026-05-17 01:30:06 | INFO     | ss_crawler | [lens_scraper] Detected focal: 50mm (from_model=True)
2026-05-17 01:30:06 | INFO     | ss_crawler | [lens_scraper] Using TITLE ONLY for matching: 'sigma artcanon modelis: 1, 4/50 dg hsm...'
2026-05-17 01:30:06 | INFO     | ss_crawler | [lens_scraper] BEST MATCH: 50mm F1.4 DG HSM Art score=1.50
2026-05-17 01:30:06 | INFO     | ss_crawler | [lens_scraper] Matched [aadhl]: Sigma_50mm_F1.4_DG_HSM_Art (100% confidence)
2026-05-17 01:30:06 | INFO     | ss_crawler | [crawler] Fetching : https://www.ss.com/msg/lv/electronics/photo-optics/objectives/fdgki.html
2026-05-17 01:30:08 | INFO     | ss_crawler | [lens_scraper] Filtered [fdgki]: filtered_nikon
2026-05-17 01:30:08 | INFO     | ss_crawler | [crawler] Fetching : https://www.ss.com/msg/lv/electronics/photo-optics/objectives/egfof.html
2026-05-17 01:30:12 | INFO     | ss_crawler | [lens_scraper] MODEL EXTRACTED: '18-35mm dc hsm'
2026-05-17 01:30:12 | INFO     | ss_crawler | [lens_scraper] MOUNT DETECT: EF
2026-05-17 01:30:12 | INFO     | ss_crawler | [lens_scraper] Detected focal: 18mm-35mm (from_model=True)
2026-05-17 01:30:12 | INFO     | ss_crawler | [lens_scraper] Using TITLE ONLY for matching: 'sigma modelis: 18-35mm dc hsm...'
2026-05-17 01:30:12 | INFO     | ss_crawler | [lens_scraper] BEST MATCH: 18-35mm F1.8 DC HSM Art score=1.00
2026-05-17 01:30:12 | INFO     | ss_crawler | [lens_scraper] Matched [egfof]: Sigma_18-35mm_F1.8_DC_HSM_Art (100% confidence)
2026-05-17 01:30:12 | INFO     | ss_crawler | [crawler] Fetching : https://www.ss.com/msg/lv/electronics/photo-optics/objectives/bgpcmh.html
2026-05-17 01:30:15 | INFO     | ss_crawler | [lens_scraper] MOUNT DETECT: None
2026-05-17 01:30:15 | INFO     | ss_crawler | [lens_scraper] No match for [bgpcmh]
2026-05-17 01:30:15 | INFO     | ss_crawler | [crawler] Fetching : https://www.ss.com/msg/lv/electronics/photo-optics/objectives/gllcd.html
2026-05-17 01:30:17 | INFO     | ss_crawler | [lens_scraper] Filtered [gllcd]: filtered_nikon
2026-05-17 01:30:17 | INFO     | ss_crawler | [crawler] Fetching : https://www.ss.com/msg/lv/electronics/photo-optics/objectives/enmom.html
2026-05-17 01:30:20 | INFO     | ss_crawler | [lens_scraper] Filtered [enmom]: filtered_nikon
2026-05-17 01:30:20 | INFO     | ss_crawler | [crawler] Fetching : https://www.ss.com/msg/lv/electronics/photo-optics/objectives/emnbd.html
2026-05-17 01:30:22 | INFO     | ss_crawler | [lens_scraper] MODEL EXTRACTED: 'ef 24-70mm 2.8'
2026-05-17 01:30:22 | INFO     | ss_crawler | [lens_scraper] MOUNT DETECT: EF
2026-05-17 01:30:22 | INFO     | ss_crawler | [lens_scraper] Detected focal: 24mm-70mm (from_model=True)
2026-05-17 01:30:22 | INFO     | ss_crawler | [lens_scraper] Using TITLE ONLY for matching: 'canon modelis: ef 24-70mm 2.8...'
2026-05-17 01:30:22 | INFO     | ss_crawler | [lens_scraper] BEST MATCH: 24-70mm F2.8L USM score=1.60
2026-05-17 01:30:22 | INFO     | ss_crawler | [lens_scraper] Matched [emnbd]: Canon_24-70mm_F2.8L_USM (100% confidence)
2026-05-17 01:30:22 | INFO     | ss_crawler | [crawler] Fetching : https://www.ss.com/msg/lv/electronics/photo-optics/objectives/dbjik.html
2026-05-17 01:30:26 | INFO     | ss_crawler | [lens_scraper] MODEL EXTRACTED: '20mm t1.8'
2026-05-17 01:30:26 | INFO     | ss_crawler | [lens_scraper] MOUNT DETECT: E
2026-05-17 01:30:26 | INFO     | ss_crawler | [lens_scraper] Detected focal: 20mm (from_model=True)
2026-05-17 01:30:26 | INFO     | ss_crawler | [lens_scraper] Using TITLE ONLY for matching: 'sirui sony e modelis: 20mm t1.8...'
2026-05-17 01:30:26 | INFO     | ss_crawler | [lens_scraper] BEST MATCH: Sony E PZ 10-20mm F4 G score=0.80
2026-05-17 01:30:26 | INFO     | ss_crawler | [lens_scraper] Matched [dbjik]: Sony_Sony_E_PZ_10-20mm_F4_G (80% confidence)
2026-05-17 01:30:26 | INFO     | ss_crawler | [crawler] Fetching : https://www.ss.com/msg/lv/electronics/photo-optics/objectives/comgc.html
2026-05-17 01:30:29 | INFO     | ss_crawler | [lens_scraper] MODEL EXTRACTED: '70-200mm f4 l'
2026-05-17 01:30:29 | INFO     | ss_crawler | [lens_scraper] MOUNT DETECT: E
2026-05-17 01:30:29 | INFO     | ss_crawler | [lens_scraper] Detected focal: 70mm-200mm (from_model=True)
2026-05-17 01:30:29 | INFO     | ss_crawler | [lens_scraper] Using TITLE ONLY for matching: 'canon modelis: 70-200mm f4 l...'
2026-05-17 01:30:29 | INFO     | ss_crawler | [lens_scraper] BEST MATCH: 70-200mm F4L USM score=1.35
2026-05-17 01:30:29 | INFO     | ss_crawler | [lens_scraper] Matched [comgc]: Canon_70-200mm_F4L_USM (100% confidence)
2026-05-17 01:30:29 | INFO     | ss_crawler | [crawler] Fetching : https://www.ss.com/msg/lv/electronics/photo-optics/objectives/bbmclj.html
2026-05-17 01:30:32 | INFO     | ss_crawler | [lens_scraper] MODEL EXTRACTED: 'zoom к 3'
2026-05-17 01:30:32 | INFO     | ss_crawler | [lens_scraper] MOUNT DETECT: None
2026-05-17 01:30:32 | INFO     | ss_crawler | [lens_scraper] Detected focal: 3mm-4mm (from_model=False)
2026-05-17 01:30:32 | INFO     | ss_crawler | [lens_scraper] BEST MATCH: 60-600mm F4.5-6.3 DG OS HSM Sports  score=0.75
2026-05-17 01:30:32 | INFO     | ss_crawler | [lens_scraper] Matched [bbmclj]: Sigma_60-600mm_F4.5-6.3_DG_OS_HSM_Sports_ (75% confidence)
2026-05-17 01:30:32 | INFO     | ss_crawler | [crawler] Fetching : https://www.ss.com/msg/lv/electronics/photo-optics/objectives/gnggb.html
2026-05-17 01:30:34 | INFO     | ss_crawler | [lens_scraper] MODEL EXTRACTED: 'macrofocusing pārdodu vivitar 75-205 1:3'
2026-05-17 01:30:34 | INFO     | ss_crawler | [lens_scraper] MOUNT DETECT: None
2026-05-17 01:30:34 | INFO     | ss_crawler | [lens_scraper] Detected focal: 75mm-205mm (from_model=True)
2026-05-17 01:30:34 | INFO     | ss_crawler | [lens_scraper] Using TITLE ONLY for matching: 'vivitar modelis: macrofocusing pārdodu vivitar 75-205 1:3...'
2026-05-17 01:30:34 | INFO     | ss_crawler | [lens_scraper] BEST MATCH: 17mm F4L TS-E score=0.60
2026-05-17 01:30:34 | INFO     | ss_crawler | [lens_scraper] Matched [gnggb]: Canon_17mm_F4L_TS-E (60% confidence)
2026-05-17 01:30:34 | INFO     | ss_crawler | [crawler] Fetching : https://www.ss.com/msg/lv/electronics/photo-optics/objectives/mxjig.html
2026-05-17 01:30:36 | INFO     | ss_crawler | [lens_scraper] MODEL EXTRACTED: 'md zoom macro pārdodu minolta md zoom macro objektīvu'
2026-05-17 01:30:36 | INFO     | ss_crawler | [lens_scraper] MOUNT DETECT: None
2026-05-17 01:30:36 | INFO     | ss_crawler | [lens_scraper] Detected focal: 70mm-210mm (from_model=False)
2026-05-17 01:30:36 | INFO     | ss_crawler | [lens_scraper] BEST MATCH: 70-210mm F4 Di VC USD score=0.70
2026-05-17 01:30:36 | INFO     | ss_crawler | [lens_scraper] Matched [mxjig]: Tamron_70-210mm_F4_Di_VC_USD (70% confidence)
2026-05-17 01:30:36 | INFO     | ss_crawler | [crawler] Fetching : https://www.ss.com/msg/lv/electronics/photo-optics/objectives/fepcn.html
2026-05-17 01:30:38 | INFO     | ss_crawler | [lens_scraper] Filtered [fepcn]: filtered_jauns
2026-05-17 01:30:38 | INFO     | ss_crawler | [crawler] Fetching : https://www.ss.com/msg/lv/electronics/photo-optics/objectives/cokkj.html
2026-05-17 01:30:41 | INFO     | ss_crawler | [lens_scraper] Filtered [cokkj]: filtered_jauns
2026-05-17 01:30:41 | INFO     | ss_crawler | [crawler] Fetching : https://www.ss.com/msg/lv/electronics/photo-optics/objectives/cmxho.html
2026-05-17 01:30:45 | INFO     | ss_crawler | [lens_scraper] MODEL EXTRACTED: 'sel30m35'
2026-05-17 01:30:45 | INFO     | ss_crawler | [lens_scraper] MOUNT DETECT: E
2026-05-17 01:30:45 | INFO     | ss_crawler | [lens_scraper] BEST MATCH: Sony E 30mm F3.5 Macro score=1.05
2026-05-17 01:30:45 | INFO     | ss_crawler | [lens_scraper] Matched [cmxho]: Sony_Sony_E_30mm_F3.5_Macro (100% confidence)
2026-05-17 01:30:45 | INFO     | ss_crawler | [crawler] Fetching : https://www.ss.com/msg/lv/electronics/photo-optics/objectives/blbpdh.html
2026-05-17 01:30:47 | INFO     | ss_crawler | [lens_scraper] MODEL EXTRACTED: 'ef-m 22mm stm'
2026-05-17 01:30:47 | INFO     | ss_crawler | [lens_scraper] MOUNT DETECT: EF
2026-05-17 01:30:47 | INFO     | ss_crawler | [lens_scraper] Detected focal: 22mm (from_model=True)
2026-05-17 01:30:47 | INFO     | ss_crawler | [lens_scraper] Using TITLE ONLY for matching: 'canon modelis: ef-m 22mm stm...'
2026-05-17 01:30:47 | INFO     | ss_crawler | [lens_scraper] BEST MATCH: 40mm F2.8 STM score=0.80
2026-05-17 01:30:47 | INFO     | ss_crawler | [lens_scraper] Matched [blbpdh]: Canon_40mm_F2.8_STM (80% confidence)
2026-05-17 01:30:47 | INFO     | ss_crawler | [crawler] Fetching : https://www.ss.com/msg/lv/electronics/photo-optics/objectives/dkxej.html
2026-05-17 01:30:49 | INFO     | ss_crawler | [lens_scraper] MODEL EXTRACTED: 'ef 300mm f4 l'
2026-05-17 01:30:49 | INFO     | ss_crawler | [lens_scraper] MOUNT DETECT: EF
2026-05-17 01:30:49 | INFO     | ss_crawler | [lens_scraper] Detected focal: 300mm (from_model=True)
2026-05-17 01:30:49 | INFO     | ss_crawler | [lens_scraper] Using TITLE ONLY for matching: 'canon modelis: ef 300mm f4 l...'
2026-05-17 01:30:49 | INFO     | ss_crawler | [lens_scraper] BEST MATCH: 300mm F4L IS USM score=1.60
2026-05-17 01:30:49 | INFO     | ss_crawler | [lens_scraper] Matched [dkxej]: Canon_300mm_F4L_IS_USM (100% confidence)
2026-05-17 01:30:49 | INFO     | ss_crawler | [crawler] Fetching : https://www.ss.com/msg/lv/electronics/photo-optics/objectives/bkplcl.html
2026-05-17 01:30:52 | INFO     | ss_crawler | [lens_scraper] MODEL EXTRACTED: 'rf-s 18-45 stm'
2026-05-17 01:30:52 | INFO     | ss_crawler | [lens_scraper] MOUNT DETECT: RF
2026-05-17 01:30:52 | INFO     | ss_crawler | [lens_scraper] Detected focal: 18mm-45mm (from_model=True)
2026-05-17 01:30:52 | INFO     | ss_crawler | [lens_scraper] Using TITLE ONLY for matching: 'canon modelis: rf-s 18-45 stm...'
2026-05-17 01:30:52 | INFO     | ss_crawler | [lens_scraper] BEST MATCH: 18-45mm f/4.5-6.3 IS STM score=1.20
2026-05-17 01:30:52 | INFO     | ss_crawler | [lens_scraper] Matched [bkplcl]: Canon_18-45mm_f_4.5-6.3_IS_STM (100% confidence)
2026-05-17 01:30:52 | INFO     | ss_crawler | [crawler] Fetching : https://www.ss.com/msg/lv/electronics/photo-optics/objectives/bgochc.html
2026-05-17 01:30:55 | INFO     | ss_crawler | [lens_scraper] MODEL EXTRACTED: '70-200 f4'
2026-05-17 01:30:55 | INFO     | ss_crawler | [lens_scraper] MOUNT DETECT: EF
2026-05-17 01:30:55 | INFO     | ss_crawler | [lens_scraper] Detected focal: 70mm-200mm (from_model=True)
2026-05-17 01:30:55 | INFO     | ss_crawler | [lens_scraper] Using TITLE ONLY for matching: 'canon modelis: 70-200 f4...'
2026-05-17 01:30:55 | INFO     | ss_crawler | [lens_scraper] BEST MATCH: 70-200mm F4L USM score=1.60
2026-05-17 01:30:55 | INFO     | ss_crawler | [lens_scraper] Matched [bgochc]: Canon_70-200mm_F4L_USM (100% confidence)
2026-05-17 01:30:55 | INFO     | ss_crawler | [crawler] Fetching : https://www.ss.com/msg/lv/electronics/photo-optics/objectives/bnglo.html
2026-05-17 01:30:57 | INFO     | ss_crawler | [lens_scraper] Filtered [bnglo]: filtered_jauns
2026-05-17 01:30:57 | INFO     | ss_crawler | [crawler] Fetching : https://www.ss.com/msg/lv/electronics/photo-optics/objectives/bknngl.html
2026-05-17 01:31:00 | INFO     | ss_crawler | [lens_scraper] Filtered [bknngl]: filtered_nikon
2026-05-17 01:31:00 | INFO     | ss_crawler | [crawler] Fetching : https://www.ss.com/msg/lv/electronics/photo-optics/objectives/eplej.html
2026-05-17 01:31:03 | INFO     | ss_crawler | [lens_scraper] MODEL EXTRACTED: 'af-p 18-55 vr'
2026-05-17 01:31:03 | INFO     | ss_crawler | [lens_scraper] MOUNT DETECT: None
2026-05-17 01:31:03 | INFO     | ss_crawler | [lens_scraper] Detected focal: 18mm-55mm (from_model=True)
2026-05-17 01:31:03 | INFO     | ss_crawler | [lens_scraper] Using TITLE ONLY for matching: 'nikkor modelis: af-p 18-55 vr...'
2026-05-17 01:31:03 | INFO     | ss_crawler | [lens_scraper] BEST MATCH: 18-55mm F3.5-5.6 IS STM score=0.85
2026-05-17 01:31:03 | INFO     | ss_crawler | [lens_scraper] Matched [eplej]: Canon_18-55mm_F3.5-5.6_IS_STM (85% confidence)
2026-05-17 01:31:03 | INFO     | ss_crawler | [crawler] Fetching : https://www.ss.com/msg/lv/electronics/photo-optics/objectives/hexnb.html
2026-05-17 01:31:05 | INFO     | ss_crawler | [lens_scraper] MODEL EXTRACTED: '16mm f/1.4'
2026-05-17 01:31:05 | INFO     | ss_crawler | [lens_scraper] MOUNT DETECT: None
2026-05-17 01:31:05 | INFO     | ss_crawler | [lens_scraper] Detected focal: 16mm (from_model=True)
2026-05-17 01:31:05 | INFO     | ss_crawler | [lens_scraper] Using TITLE ONLY for matching: 'sigma modelis: 16mm f/1.4...'
2026-05-17 01:31:05 | INFO     | ss_crawler | [lens_scraper] BEST MATCH: 16mm F2 ED AS UMC CS score=0.85
2026-05-17 01:31:05 | INFO     | ss_crawler | [lens_scraper] Matched [hexnb]: Rokinon_16mm_F2_ED_AS_UMC_CS (85% confidence)
2026-05-17 01:31:05 | INFO     | ss_crawler | [crawler] Fetching : https://www.ss.com/msg/lv/electronics/photo-optics/objectives/fndjo.html
2026-05-17 01:31:07 | INFO     | ss_crawler | [lens_scraper] Filtered [fndjo]: filtered_nikon
2026-05-17 01:31:07 | INFO     | ss_crawler | [crawler] Fetching : https://www.ss.com/msg/lv/electronics/photo-optics/objectives/kbhfn.html
2026-05-17 01:31:10 | INFO     | ss_crawler | [lens_scraper] Filtered [kbhfn]: filtered_nikon
2026-05-17 01:31:10 | INFO     | ss_crawler | [crawler] Fetching : https://www.ss.com/msg/lv/electronics/photo-optics/objectives/mxckn.html
2026-05-17 01:31:11 | INFO     | ss_crawler | [lens_scraper] Filtered [mxckn]: filtered_nikon
2026-05-17 01:31:11 | INFO     | ss_crawler | [crawler] Fetching : https://www.ss.com/msg/lv/electronics/photo-optics/objectives/gffdb.html
2026-05-17 01:31:13 | INFO     | ss_crawler | [lens_scraper] Filtered [gffdb]: filtered_jauns
2026-05-17 01:31:13 | INFO     | ss_crawler | [crawler] Fetching : https://www.ss.com/msg/lv/electronics/photo-optics/objectives/fobgc.html
2026-05-17 01:31:15 | INFO     | ss_crawler | [lens_scraper] Filtered [fobgc]: filtered_jauns
2026-05-17 01:31:15 | INFO     | ss_crawler | [crawler] Fetching : https://www.ss.com/msg/lv/electronics/photo-optics/objectives/bekbxk.html
2026-05-17 01:31:18 | INFO     | ss_crawler | [lens_scraper] Filtered [bekbxk]: filtered_jauns
2026-05-17 01:31:18 | INFO     | ss_crawler | [crawler] Fetching : https://www.ss.com/msg/lv/electronics/photo-optics/objectives/bkmxfn.html
2026-05-17 01:31:21 | INFO     | ss_crawler | [lens_scraper] Filtered [bkmxfn]: filtered_jauns
2026-05-17 01:31:21 | INFO     | ss_crawler | [lens_scraper] Fetching page 7: https://www.ss.com/lv/electronics/photo-optics/objectives/page7.html
2026-05-17 01:31:21 | INFO     | ss_crawler | [crawler] Fetching : https://www.ss.com/lv/electronics/photo-optics/objectives/page7.html
2026-05-17 01:31:23 | INFO     | ss_crawler | [lens_scraper] Found 32 listings on page 7
2026-05-17 01:31:23 | INFO     | ss_crawler | [crawler] Fetching : https://www.ss.com/msg/lv/electronics/photo-optics/objectives/behfjl.html
2026-05-17 01:31:27 | INFO     | ss_crawler | [lens_scraper] MODEL EXTRACTED: '2, 8/28 mm'
2026-05-17 01:31:27 | INFO     | ss_crawler | [lens_scraper] MOUNT DETECT: None
2026-05-17 01:31:27 | INFO     | ss_crawler | [lens_scraper] Detected focal: 28mm (from_model=True)
2026-05-17 01:31:27 | INFO     | ss_crawler | [lens_scraper] Using TITLE ONLY for matching: 'albinar modelis: 2, 8/28 mm...'
2026-05-17 01:31:27 | INFO     | ss_crawler | [lens_scraper] BEST MATCH: 28mm F2.8 IS USM score=1.00
2026-05-17 01:31:27 | INFO     | ss_crawler | [lens_scraper] Matched [behfjl]: Canon_28mm_F2.8_IS_USM (100% confidence)
2026-05-17 01:31:27 | INFO     | ss_crawler | [crawler] Fetching : https://www.ss.com/msg/lv/electronics/photo-optics/objectives/behfjl.html
2026-05-17 01:31:29 | INFO     | ss_crawler | [lens_scraper] MODEL EXTRACTED: '2, 8/28 mm'
2026-05-17 01:31:29 | INFO     | ss_crawler | [lens_scraper] MOUNT DETECT: None
2026-05-17 01:31:29 | INFO     | ss_crawler | [lens_scraper] Detected focal: 28mm (from_model=True)
2026-05-17 01:31:29 | INFO     | ss_crawler | [lens_scraper] Using TITLE ONLY for matching: 'albinar modelis: 2, 8/28 mm...'
2026-05-17 01:31:29 | INFO     | ss_crawler | [lens_scraper] BEST MATCH: 28mm F2.8 IS USM score=1.00
2026-05-17 01:31:29 | INFO     | ss_crawler | [lens_scraper] Matched [behfjl]: Canon_28mm_F2.8_IS_USM (100% confidence)
2026-05-17 01:31:29 | INFO     | ss_crawler | [crawler] Fetching : https://www.ss.com/msg/lv/electronics/photo-optics/objectives/behfjl.html
2026-05-17 01:31:31 | INFO     | ss_crawler | [lens_scraper] MODEL EXTRACTED: '2, 8/28 mm'
2026-05-17 01:31:31 | INFO     | ss_crawler | [lens_scraper] MOUNT DETECT: None
2026-05-17 01:31:31 | INFO     | ss_crawler | [lens_scraper] Detected focal: 28mm (from_model=True)
2026-05-17 01:31:31 | INFO     | ss_crawler | [lens_scraper] Using TITLE ONLY for matching: 'albinar modelis: 2, 8/28 mm...'
2026-05-17 01:31:31 | INFO     | ss_crawler | [lens_scraper] BEST MATCH: 28mm F2.8 IS USM score=1.00
2026-05-17 01:31:31 | INFO     | ss_crawler | [lens_scraper] Matched [behfjl]: Canon_28mm_F2.8_IS_USM (100% confidence)
2026-05-17 01:31:31 | INFO     | ss_crawler | [crawler] Fetching : https://www.ss.com/msg/lv/electronics/photo-optics/objectives/bgpxnn.html
2026-05-17 01:31:34 | INFO     | ss_crawler | [lens_scraper] MODEL EXTRACTED: 'vcl-0552'
2026-05-17 01:31:34 | INFO     | ss_crawler | [lens_scraper] MOUNT DETECT: E
2026-05-17 01:31:34 | INFO     | ss_crawler | [lens_scraper] BEST MATCH: Sony E 10-18mm F4 OSS score=0.90
2026-05-17 01:31:34 | INFO     | ss_crawler | [lens_scraper] Matched [bgpxnn]: Sony_Sony_E_10-18mm_F4_OSS (90% confidence)
2026-05-17 01:31:34 | INFO     | ss_crawler | [crawler] Fetching : https://www.ss.com/msg/lv/electronics/photo-optics/objectives/dkhmn.html
2026-05-17 01:31:36 | INFO     | ss_crawler | [lens_scraper] Filtered [dkhmn]: filtered_nikon
2026-05-17 01:31:36 | INFO     | ss_crawler | [crawler] Fetching : https://www.ss.com/msg/lv/electronics/photo-optics/objectives/dcgdh.html
2026-05-17 01:31:38 | INFO     | ss_crawler | [lens_scraper] MODEL EXTRACTED: '135mm f1.8 fe'
2026-05-17 01:31:38 | INFO     | ss_crawler | [lens_scraper] MOUNT DETECT: E
2026-05-17 01:31:38 | INFO     | ss_crawler | [lens_scraper] Detected focal: 135mm (from_model=True)
2026-05-17 01:31:38 | INFO     | ss_crawler | [lens_scraper] Using TITLE ONLY for matching: 'samyang modelis: 135mm f1.8 fe...'
2026-05-17 01:31:38 | INFO     | ss_crawler | [lens_scraper] BEST MATCH: Sony FE 135mm F1.8 GM score=0.95
2026-05-17 01:31:38 | INFO     | ss_crawler | [lens_scraper] Matched [dcgdh]: Sony_Sony_FE_135mm_F1.8_GM (95% confidence)
2026-05-17 01:31:38 | INFO     | ss_crawler | [crawler] Fetching : https://www.ss.com/msg/lv/electronics/photo-optics/objectives/feggx.html
2026-05-17 01:31:41 | INFO     | ss_crawler | [lens_scraper] Filtered [feggx]: filtered_nikon
2026-05-17 01:31:41 | INFO     | ss_crawler | [crawler] Fetching : https://www.ss.com/msg/lv/electronics/photo-optics/objectives/hfnfk.html
2026-05-17 01:31:44 | INFO     | ss_crawler | [lens_scraper] MODEL EXTRACTED: '55-300mm ed wr'
2026-05-17 01:31:44 | INFO     | ss_crawler | [lens_scraper] MOUNT DETECT: None
2026-05-17 01:31:44 | INFO     | ss_crawler | [lens_scraper] Detected focal: 55mm-300mm (from_model=True)
2026-05-17 01:31:44 | INFO     | ss_crawler | [lens_scraper] Using TITLE ONLY for matching: 'pentax modelis: 55-300mm ed wr...'
2026-05-17 01:31:44 | INFO     | ss_crawler | [lens_scraper] No match for [hfnfk]
2026-05-17 01:31:44 | INFO     | ss_crawler | [crawler] Fetching : https://www.ss.com/msg/lv/electronics/photo-optics/objectives/fkloj.html
2026-05-17 01:31:46 | INFO     | ss_crawler | [lens_scraper] MODEL EXTRACTED: '15mm t/2.8 ze'
2026-05-17 01:31:46 | INFO     | ss_crawler | [lens_scraper] MOUNT DETECT: None
2026-05-17 01:31:46 | INFO     | ss_crawler | [lens_scraper] Detected focal: 15mm (from_model=True)
2026-05-17 01:31:46 | INFO     | ss_crawler | [lens_scraper] Using TITLE ONLY for matching: 'zeiss modelis: 15mm t/2.8 ze...'
2026-05-17 01:31:46 | INFO     | ss_crawler | [lens_scraper] BEST MATCH: 15mm F2.8 Distagon T* ZE score=1.40
2026-05-17 01:31:46 | INFO     | ss_crawler | [lens_scraper] Matched [fkloj]: Zeiss_15mm_F2.8_Distagon_T*_ZE (100% confidence)
2026-05-17 01:31:46 | INFO     | ss_crawler | [crawler] Fetching : https://www.ss.com/msg/lv/electronics/photo-optics/objectives/eibbp.html
2026-05-17 01:31:50 | INFO     | ss_crawler | [lens_scraper] MODEL EXTRACTED: 'ef 25mm t/2.0'
2026-05-17 01:31:50 | INFO     | ss_crawler | [lens_scraper] MOUNT DETECT: EF
2026-05-17 01:31:50 | INFO     | ss_crawler | [lens_scraper] Detected focal: 25mm (from_model=True)
2026-05-17 01:31:50 | INFO     | ss_crawler | [lens_scraper] Using TITLE ONLY for matching: 'carl zeiss modelis: ef 25mm t/2.0...'
2026-05-17 01:31:50 | INFO     | ss_crawler | [lens_scraper] BEST MATCH: 25mm F2 Distagon T* ZE score=1.15
2026-05-17 01:31:50 | INFO     | ss_crawler | [lens_scraper] Matched [eibbp]: Zeiss_25mm_F2_Distagon_T*_ZE (100% confidence)
2026-05-17 01:31:50 | INFO     | ss_crawler | [crawler] Fetching : https://www.ss.com/msg/lv/electronics/photo-optics/objectives/bkhxlg.html
2026-05-17 01:31:53 | INFO     | ss_crawler | [lens_scraper] MODEL EXTRACTED: '11mm f1.8'
2026-05-17 01:31:53 | INFO     | ss_crawler | [lens_scraper] MOUNT DETECT: E
2026-05-17 01:31:53 | INFO     | ss_crawler | [lens_scraper] Detected focal: 11mm (from_model=True)
2026-05-17 01:31:53 | INFO     | ss_crawler | [lens_scraper] Using TITLE ONLY for matching: 'sony modelis: 11mm f1.8...'
2026-05-17 01:31:53 | INFO     | ss_crawler | [lens_scraper] BEST MATCH: Sony E 11mm F1.8 score=0.95
2026-05-17 01:31:53 | INFO     | ss_crawler | [lens_scraper] Matched [bkhxlg]: Sony_Sony_E_11mm_F1.8 (95% confidence)
2026-05-17 01:31:53 | INFO     | ss_crawler | [crawler] Fetching : https://www.ss.com/msg/lv/electronics/photo-optics/objectives/bgonpb.html
2026-05-17 01:31:55 | INFO     | ss_crawler | [lens_scraper] MODEL EXTRACTED: 'ef 40mmf2, 8 st'
2026-05-17 01:31:55 | INFO     | ss_crawler | [lens_scraper] MOUNT DETECT: EF
2026-05-17 01:31:55 | INFO     | ss_crawler | [lens_scraper] BEST MATCH: 50mm F1.2L USM score=0.90
2026-05-17 01:31:55 | INFO     | ss_crawler | [lens_scraper] Matched [bgonpb]: Canon_50mm_F1.2L_USM (90% confidence)
2026-05-17 01:31:55 | INFO     | ss_crawler | [crawler] Fetching : https://www.ss.com/msg/lv/electronics/photo-optics/objectives/bkhndn.html
2026-05-17 01:31:58 | INFO     | ss_crawler | [lens_scraper] MODEL EXTRACTED: 'ef 85 f1, 8'
2026-05-17 01:31:58 | INFO     | ss_crawler | [lens_scraper] MOUNT DETECT: EF
2026-05-17 01:31:58 | INFO     | ss_crawler | [lens_scraper] Detected focal: 85mm (from_model=True)
2026-05-17 01:31:58 | INFO     | ss_crawler | [lens_scraper] Using TITLE ONLY for matching: 'canon modelis: ef 85 f1, 8...'
2026-05-17 01:31:58 | INFO     | ss_crawler | [lens_scraper] BEST MATCH: 85mm F1.8 USM score=1.50
2026-05-17 01:31:58 | INFO     | ss_crawler | [lens_scraper] Matched [bkhndn]: Canon_85mm_F1.8_USM (100% confidence)
2026-05-17 01:31:58 | INFO     | ss_crawler | [crawler] Fetching : https://www.ss.com/msg/lv/electronics/photo-optics/objectives/ellxn.html
2026-05-17 01:32:00 | INFO     | ss_crawler | [lens_scraper] MODEL EXTRACTED: 'sel20f28'
2026-05-17 01:32:00 | INFO     | ss_crawler | [lens_scraper] MOUNT DETECT: E
2026-05-17 01:32:00 | INFO     | ss_crawler | [lens_scraper] BEST MATCH: Sony E 20mm F2.8 score=1.05
2026-05-17 01:32:00 | INFO     | ss_crawler | [lens_scraper] Matched [ellxn]: Sony_Sony_E_20mm_F2.8 (100% confidence)
2026-05-17 01:32:00 | INFO     | ss_crawler | [crawler] Fetching : https://www.ss.com/msg/lv/electronics/photo-optics/objectives/jpkbd.html
2026-05-17 01:32:03 | INFO     | ss_crawler | [lens_scraper] MODEL EXTRACTED: '14mm f2, 8 ed'
2026-05-17 01:32:03 | INFO     | ss_crawler | [lens_scraper] MOUNT DETECT: EF
2026-05-17 01:32:03 | INFO     | ss_crawler | [lens_scraper] Detected focal: 14mm (from_model=True)
2026-05-17 01:32:03 | INFO     | ss_crawler | [lens_scraper] Using TITLE ONLY for matching: 'samyang 14f2, 8 modelis: 14mm f2, 8 ed...'
2026-05-17 01:32:03 | INFO     | ss_crawler | [lens_scraper] BEST MATCH: 14mm F2.8 IF ED UMC score=1.10
2026-05-17 01:32:03 | INFO     | ss_crawler | [lens_scraper] Matched [jpkbd]: Rokinon_14mm_F2.8_IF_ED_UMC (100% confidence)
2026-05-17 01:32:03 | INFO     | ss_crawler | [crawler] Fetching : https://www.ss.com/msg/lv/electronics/photo-optics/objectives/mxjif.html
2026-05-17 01:32:06 | INFO     | ss_crawler | [lens_scraper] MODEL EXTRACTED: '18-50mm f/2.8'
2026-05-17 01:32:06 | INFO     | ss_crawler | [lens_scraper] MOUNT DETECT: None
2026-05-17 01:32:06 | INFO     | ss_crawler | [lens_scraper] Detected focal: 18mm-50mm (from_model=True)
2026-05-17 01:32:06 | INFO     | ss_crawler | [lens_scraper] Using TITLE ONLY for matching: 'sigma modelis: 18-50mm f/2.8...'
2026-05-17 01:32:06 | INFO     | ss_crawler | [lens_scraper] BEST MATCH: Sigma 18-50mm F2.8 DC DN | Contemporary score=1.40
2026-05-17 01:32:06 | INFO     | ss_crawler | [lens_scraper] Matched [mxjif]: Sigma_Sigma_18-50mm_F2.8_DC_DN_|_Contemporary (100% confidence)
2026-05-17 01:32:06 | INFO     | ss_crawler | [crawler] Fetching : https://www.ss.com/msg/lv/electronics/photo-optics/objectives/bgmlnk.html
2026-05-17 01:32:09 | INFO     | ss_crawler | [lens_scraper] MODEL EXTRACTED: 'sigma 16mm'
2026-05-17 01:32:09 | INFO     | ss_crawler | [lens_scraper] MOUNT DETECT: E
2026-05-17 01:32:09 | INFO     | ss_crawler | [lens_scraper] Detected focal: 16mm (from_model=True)
2026-05-17 01:32:09 | INFO     | ss_crawler | [lens_scraper] Using TITLE ONLY for matching: 'sigma modelis: sigma 16mm...'
2026-05-17 01:32:09 | INFO     | ss_crawler | [lens_scraper] BEST MATCH: Sigma 16mm F1.4 DC DN | Contemporary score=0.80
2026-05-17 01:32:09 | INFO     | ss_crawler | [lens_scraper] Matched [bgmlnk]: Sigma_Sigma_16mm_F1.4_DC_DN_|_Contemporary (80% confidence)
2026-05-17 01:32:09 | INFO     | ss_crawler | [crawler] Fetching : https://www.ss.com/msg/lv/electronics/photo-optics/objectives/ebimo.html
2026-05-17 01:32:11 | INFO     | ss_crawler | [lens_scraper] MODEL EXTRACTED: '200mm 1:3, 5'
2026-05-17 01:32:11 | INFO     | ss_crawler | [lens_scraper] MOUNT DETECT: E
2026-05-17 01:32:11 | INFO     | ss_crawler | [lens_scraper] Detected focal: 200mm (from_model=True)
2026-05-17 01:32:11 | INFO     | ss_crawler | [lens_scraper] Using TITLE ONLY for matching: 'vivitar modelis: 200mm 1:3, 5...'
2026-05-17 01:32:11 | INFO     | ss_crawler | [lens_scraper] BEST MATCH: Sony E 18-200mm F3.5-6.3 OSS score=0.80
2026-05-17 01:32:11 | INFO     | ss_crawler | [lens_scraper] Matched [ebimo]: Sony_Sony_E_18-200mm_F3.5-6.3_OSS (80% confidence)
2026-05-17 01:32:11 | INFO     | ss_crawler | [crawler] Fetching : https://www.ss.com/msg/lv/electronics/photo-optics/objectives/emogm.html
2026-05-17 01:32:14 | INFO     | ss_crawler | [lens_scraper] MODEL EXTRACTED: 'n50'
2026-05-17 01:32:14 | INFO     | ss_crawler | [lens_scraper] MOUNT DETECT: E
2026-05-17 01:32:14 | INFO     | ss_crawler | [lens_scraper] Detected focal: 75mm-300mm (from_model=False)
2026-05-17 01:32:14 | INFO     | ss_crawler | [lens_scraper] BEST MATCH: Sony FE 70-300mm F4.5-5.6 G OSS score=0.85
2026-05-17 01:32:14 | INFO     | ss_crawler | [lens_scraper] Matched [emogm]: Sony_Sony_FE_70-300mm_F4.5-5.6_G_OSS (85% confidence)
2026-05-17 01:32:14 | INFO     | ss_crawler | [crawler] Fetching : https://www.ss.com/msg/lv/electronics/photo-optics/objectives/bhbhnd.html
2026-05-17 01:32:16 | INFO     | ss_crawler | [lens_scraper] Filtered [bhbhnd]: filtered_jauns
2026-05-17 01:32:16 | INFO     | ss_crawler | [crawler] Fetching : https://www.ss.com/msg/lv/electronics/photo-optics/objectives/dphof.html
2026-05-17 01:32:19 | INFO     | ss_crawler | [lens_scraper] Filtered [dphof]: filtered_jauns
2026-05-17 01:32:19 | INFO     | ss_crawler | [crawler] Fetching : https://www.ss.com/msg/lv/electronics/photo-optics/objectives/bgookj.html
2026-05-17 01:32:21 | INFO     | ss_crawler | [lens_scraper] MODEL EXTRACTED: '16mm f1.4'
2026-05-17 01:32:21 | INFO     | ss_crawler | [lens_scraper] MOUNT DETECT: E
2026-05-17 01:32:21 | INFO     | ss_crawler | [lens_scraper] Detected focal: 16mm (from_model=True)
2026-05-17 01:32:21 | INFO     | ss_crawler | [lens_scraper] Using TITLE ONLY for matching: 'sigma modelis: 16mm f1.4...'
2026-05-17 01:32:21 | INFO     | ss_crawler | [lens_scraper] BEST MATCH: Sigma 16mm F1.4 DC DN | Contemporary score=0.95
2026-05-17 01:32:21 | INFO     | ss_crawler | [lens_scraper] Matched [bgookj]: Sigma_Sigma_16mm_F1.4_DC_DN_|_Contemporary (95% confidence)
2026-05-17 01:32:21 | INFO     | ss_crawler | [crawler] Fetching : https://www.ss.com/msg/lv/electronics/photo-optics/objectives/bmnod.html
2026-05-17 01:32:23 | INFO     | ss_crawler | [lens_scraper] Filtered [bmnod]: filtered_nikon
2026-05-17 01:32:23 | INFO     | ss_crawler | [crawler] Fetching : https://www.ss.com/msg/lv/electronics/photo-optics/objectives/opjkg.html
2026-05-17 01:32:25 | INFO     | ss_crawler | [lens_scraper] Filtered [opjkg]: filtered_jauns
2026-05-17 01:32:25 | INFO     | ss_crawler | [crawler] Fetching : https://www.ss.com/msg/lv/electronics/photo-optics/objectives/mxjpk.html
2026-05-17 01:32:28 | INFO     | ss_crawler | [lens_scraper] Filtered [mxjpk]: filtered_jauns
2026-05-17 01:32:28 | INFO     | ss_crawler | [crawler] Fetching : https://www.ss.com/msg/lv/electronics/photo-optics/objectives/bgpxpg.html
2026-05-17 01:32:30 | INFO     | ss_crawler | [lens_scraper] MODEL EXTRACTED: 'f=135mm'
2026-05-17 01:32:30 | INFO     | ss_crawler | [lens_scraper] MOUNT DETECT: None
2026-05-17 01:32:30 | INFO     | ss_crawler | [lens_scraper] Detected focal: 135mm (from_model=True)
2026-05-17 01:32:30 | INFO     | ss_crawler | [lens_scraper] Using TITLE ONLY for matching: 'fontron modelis: f=135mm...'
2026-05-17 01:32:30 | INFO     | ss_crawler | [lens_scraper] BEST MATCH: 135mm f/1.8 L IS USM score=0.85
2026-05-17 01:32:30 | INFO     | ss_crawler | [lens_scraper] Matched [bgpxpg]: Canon_135mm_f_1.8_L_IS_USM (85% confidence)
2026-05-17 01:32:30 | INFO     | ss_crawler | [crawler] Fetching : https://www.ss.com/msg/lv/electronics/photo-optics/objectives/lplen.html
2026-05-17 01:32:33 | INFO     | ss_crawler | [lens_scraper] Filtered [lplen]: filtered_jauns
2026-05-17 01:32:33 | INFO     | ss_crawler | [crawler] Fetching : https://www.ss.com/msg/lv/electronics/photo-optics/objectives/kcgdj.html
2026-05-17 01:32:35 | INFO     | ss_crawler | [lens_scraper] MODEL EXTRACTED: 'lens fd 300mm'
2026-05-17 01:32:35 | INFO     | ss_crawler | [lens_scraper] MOUNT DETECT: None
2026-05-17 01:32:35 | INFO     | ss_crawler | [lens_scraper] Detected focal: 300mm (from_model=True)
2026-05-17 01:32:35 | INFO     | ss_crawler | [lens_scraper] Using TITLE ONLY for matching: 'canon modelis: lens fd 300mm...'
2026-05-17 01:32:36 | INFO     | ss_crawler | [lens_scraper] BEST MATCH: 300mm F4L IS USM score=1.25
2026-05-17 01:32:36 | INFO     | ss_crawler | [lens_scraper] Matched [kcgdj]: Canon_300mm_F4L_IS_USM (100% confidence)
2026-05-17 01:32:36 | INFO     | ss_crawler | [crawler] Fetching : https://www.ss.com/msg/lv/electronics/photo-optics/objectives/bemhfi.html
2026-05-17 01:32:39 | INFO     | ss_crawler | [lens_scraper] Filtered [bemhfi]: filtered_jauns
2026-05-17 01:32:39 | INFO     | ss_crawler | [crawler] Fetching : https://www.ss.com/msg/lv/electronics/photo-optics/objectives/kcpmi.html
2026-05-17 01:32:42 | INFO     | ss_crawler | [lens_scraper] Filtered [kcpmi]: filtered_jauns
2026-05-17 01:32:42 | INFO     | ss_crawler | [crawler] Fetching : https://www.ss.com/msg/lv/electronics/photo-optics/objectives/fchpe.html
2026-05-17 01:32:44 | INFO     | ss_crawler | [lens_scraper] Filtered [fchpe]: filtered_jauns
2026-05-17 01:32:44 | INFO     | ss_crawler | [crawler] Fetching : https://www.ss.com/msg/lv/electronics/photo-optics/objectives/bjocif.html
2026-05-17 01:32:47 | INFO     | ss_crawler | [lens_scraper] Filtered [bjocif]: filtered_jauns
2026-05-17 01:32:47 | INFO     | ss_crawler | [lens_scraper] Fetching page 8: https://www.ss.com/lv/electronics/photo-optics/objectives/page8.html
2026-05-17 01:32:47 | INFO     | ss_crawler | [crawler] Fetching : https://www.ss.com/lv/electronics/photo-optics/objectives/page8.html
2026-05-17 01:32:48 | INFO     | ss_crawler | [lens_scraper] Found 32 listings on page 8
2026-05-17 01:32:48 | INFO     | ss_crawler | [crawler] Fetching : https://www.ss.com/msg/lv/electronics/photo-optics/objectives/abdpf.html
2026-05-17 01:32:51 | INFO     | ss_crawler | [lens_scraper] Filtered [abdpf]: filtered_jauns
2026-05-17 01:32:51 | INFO     | ss_crawler | [crawler] Fetching : https://www.ss.com/msg/lv/electronics/photo-optics/objectives/abdpf.html
2026-05-17 01:32:53 | INFO     | ss_crawler | [lens_scraper] Filtered [abdpf]: filtered_jauns
2026-05-17 01:32:53 | INFO     | ss_crawler | [crawler] Fetching : https://www.ss.com/msg/lv/electronics/photo-optics/objectives/abdpf.html
2026-05-17 01:32:55 | INFO     | ss_crawler | [lens_scraper] Filtered [abdpf]: filtered_jauns
2026-05-17 01:32:55 | INFO     | ss_crawler | [crawler] Fetching : https://www.ss.com/msg/lv/electronics/photo-optics/objectives/flnlj.html
2026-05-17 01:32:58 | INFO     | ss_crawler | [lens_scraper] Filtered [flnlj]: filtered_jauns
2026-05-17 01:32:58 | INFO     | ss_crawler | [crawler] Fetching : https://www.ss.com/msg/lv/electronics/photo-optics/objectives/cnxkp.html
2026-05-17 01:33:00 | INFO     | ss_crawler | [lens_scraper] MODEL EXTRACTED: '70-200 is f2.8'
2026-05-17 01:33:00 | INFO     | ss_crawler | [lens_scraper] MOUNT DETECT: None
2026-05-17 01:33:00 | INFO     | ss_crawler | [lens_scraper] Detected focal: 70mm-200mm (from_model=True)
2026-05-17 01:33:00 | INFO     | ss_crawler | [lens_scraper] Using TITLE ONLY for matching: 'canon modelis: 70-200 is f2.8...'
2026-05-17 01:33:00 | INFO     | ss_crawler | [lens_scraper] BEST MATCH: 70-200mm F2.8L USM score=1.40
2026-05-17 01:33:00 | INFO     | ss_crawler | [lens_scraper] Matched [cnxkp]: Canon_70-200mm_F2.8L_USM (100% confidence)
2026-05-17 01:33:00 | INFO     | ss_crawler | [crawler] Fetching : https://www.ss.com/msg/lv/electronics/photo-optics/objectives/bhxopb.html
2026-05-17 01:33:02 | INFO     | ss_crawler | [lens_scraper] MODEL EXTRACTED: 'lbv85x'
2026-05-17 01:33:02 | INFO     | ss_crawler | [lens_scraper] MOUNT DETECT: E
2026-05-17 01:33:02 | INFO     | ss_crawler | [lens_scraper] BEST MATCH: Sony FE 16mm F1.8 G score=1.05
2026-05-17 01:33:02 | INFO     | ss_crawler | [lens_scraper] Matched [bhxopb]: Sony_Sony_FE_16mm_F1.8_G (100% confidence)
2026-05-17 01:33:02 | INFO     | ss_crawler | [crawler] Fetching : https://www.ss.com/msg/lv/electronics/photo-optics/objectives/djdcx.html
2026-05-17 01:33:05 | INFO     | ss_crawler | [lens_scraper] MODEL EXTRACTED: 'pzo f 5, 6 1:80'
2026-05-17 01:33:05 | INFO     | ss_crawler | [lens_scraper] MOUNT DETECT: None
2026-05-17 01:33:05 | INFO     | ss_crawler | [lens_scraper] Detected focal: 80mm (from_model=True)
2026-05-17 01:33:05 | INFO     | ss_crawler | [lens_scraper] Using TITLE ONLY for matching: 'janpol modelis: pzo f 5, 6 1:80...'
2026-05-17 01:33:05 | INFO     | ss_crawler | [lens_scraper] No match for [djdcx]
2026-05-17 01:33:05 | INFO     | ss_crawler | [crawler] Fetching : https://www.ss.com/msg/lv/electronics/photo-optics/objectives/gimdn.html
2026-05-17 01:33:07 | INFO     | ss_crawler | [lens_scraper] Filtered [gimdn]: filtered_nikon
2026-05-17 01:33:07 | INFO     | ss_crawler | [crawler] Fetching : https://www.ss.com/msg/lv/electronics/photo-optics/objectives/aalgk.html
2026-05-17 01:33:10 | INFO     | ss_crawler | [lens_scraper] MODEL EXTRACTED: 'remus 50mm'
2026-05-17 01:33:10 | INFO     | ss_crawler | [lens_scraper] MOUNT DETECT: E
2026-05-17 01:33:10 | INFO     | ss_crawler | [lens_scraper] Detected focal: 50mm (from_model=True)
2026-05-17 01:33:10 | INFO     | ss_crawler | [lens_scraper] Using TITLE ONLY for matching: 'blazar modelis: remus 50mm...'
2026-05-17 01:33:10 | INFO     | ss_crawler | [lens_scraper] BEST MATCH: Sony E PZ 16-50mm F3.5-5.6 OSS score=0.80
2026-05-17 01:33:10 | INFO     | ss_crawler | [lens_scraper] Matched [aalgk]: Sony_Sony_E_PZ_16-50mm_F3.5-5.6_OSS (80% confidence)
2026-05-17 01:33:10 | INFO     | ss_crawler | [crawler] Fetching : https://www.ss.com/msg/lv/electronics/photo-optics/objectives/dbppg.html
2026-05-17 01:33:13 | INFO     | ss_crawler | [lens_scraper] MODEL EXTRACTED: 'ef 17-40 f/4l'
2026-05-17 01:33:13 | INFO     | ss_crawler | [lens_scraper] MOUNT DETECT: EF
2026-05-17 01:33:13 | INFO     | ss_crawler | [lens_scraper] Detected focal: 17mm-40mm (from_model=True)
2026-05-17 01:33:13 | INFO     | ss_crawler | [lens_scraper] Using TITLE ONLY for matching: 'canon modelis: ef 17-40 f/4l...'
2026-05-17 01:33:13 | INFO     | ss_crawler | [lens_scraper] BEST MATCH: 17-40mm F4L USM score=1.35
2026-05-17 01:33:13 | INFO     | ss_crawler | [lens_scraper] Matched [dbppg]: Canon_17-40mm_F4L_USM (100% confidence)
2026-05-17 01:33:13 | INFO     | ss_crawler | [crawler] Fetching : https://www.ss.com/msg/lv/electronics/photo-optics/objectives/ciiki.html
2026-05-17 01:33:16 | INFO     | ss_crawler | [lens_scraper] MODEL EXTRACTED: '100-400mm'
2026-05-17 01:33:16 | INFO     | ss_crawler | [lens_scraper] MOUNT DETECT: E
2026-05-17 01:33:16 | INFO     | ss_crawler | [lens_scraper] Detected focal: 100mm-400mm (from_model=True)
2026-05-17 01:33:16 | INFO     | ss_crawler | [lens_scraper] Using TITLE ONLY for matching: 'm. zuiko modelis: 100-400mm...'
2026-05-17 01:33:16 | INFO     | ss_crawler | [lens_scraper] BEST MATCH: 100-400mm F4.5-5.6L IS II USM score=0.80
2026-05-17 01:33:16 | INFO     | ss_crawler | [lens_scraper] Matched [ciiki]: Canon_100-400mm_F4.5-5.6L_IS_II_USM (80% confidence)
2026-05-17 01:33:16 | INFO     | ss_crawler | [crawler] Fetching : https://www.ss.com/msg/lv/electronics/photo-optics/objectives/cokxe.html
2026-05-17 01:33:18 | INFO     | ss_crawler | [lens_scraper] Filtered [cokxe]: filtered_nikon
2026-05-17 01:33:18 | INFO     | ss_crawler | [crawler] Fetching : https://www.ss.com/msg/lv/electronics/photo-optics/objectives/bgndec.html
2026-05-17 01:33:21 | INFO     | ss_crawler | [lens_scraper] Filtered [bgndec]: filtered_nikon
2026-05-17 01:33:21 | INFO     | ss_crawler | [crawler] Fetching : https://www.ss.com/msg/lv/electronics/photo-optics/objectives/cindh.html
2026-05-17 01:33:24 | INFO     | ss_crawler | [lens_scraper] Filtered [cindh]: filtered_jauns
2026-05-17 01:33:24 | INFO     | ss_crawler | [crawler] Fetching : https://www.ss.com/msg/lv/electronics/photo-optics/objectives/bemohb.html
2026-05-17 01:33:27 | INFO     | ss_crawler | [lens_scraper] Filtered [bemohb]: filtered_nikon
2026-05-17 01:33:27 | INFO     | ss_crawler | [crawler] Fetching : https://www.ss.com/msg/lv/electronics/photo-optics/objectives/jpcjx.html
2026-05-17 01:33:30 | INFO     | ss_crawler | [lens_scraper] Filtered [jpcjx]: filtered_jauns
2026-05-17 01:33:30 | INFO     | ss_crawler | [crawler] Fetching : https://www.ss.com/msg/lv/electronics/photo-optics/objectives/chbob.html
2026-05-17 01:33:32 | INFO     | ss_crawler | [lens_scraper] Filtered [chbob]: filtered_jauns
2026-05-17 01:33:32 | INFO     | ss_crawler | [crawler] Fetching : https://www.ss.com/msg/lv/electronics/photo-optics/objectives/gjekk.html
2026-05-17 01:33:34 | INFO     | ss_crawler | [lens_scraper] Filtered [gjekk]: filtered_jauns
2026-05-17 01:33:34 | INFO     | ss_crawler | [crawler] Fetching : https://www.ss.com/msg/lv/electronics/photo-optics/objectives/gmipm.html
2026-05-17 01:33:37 | INFO     | ss_crawler | [lens_scraper] Filtered [gmipm]: filtered_jauns
2026-05-17 01:33:37 | INFO     | ss_crawler | [crawler] Fetching : https://www.ss.com/msg/lv/electronics/photo-optics/objectives/bghmkh.html
2026-05-17 01:33:39 | INFO     | ss_crawler | [lens_scraper] Filtered [bghmkh]: filtered_jauns
2026-05-17 01:33:39 | INFO     | ss_crawler | [crawler] Fetching : https://www.ss.com/msg/lv/electronics/photo-optics/objectives/cblbn.html
2026-05-17 01:33:42 | INFO     | ss_crawler | [lens_scraper] MODEL EXTRACTED: 'l-mount pārdodu jaunu, nelietotu sigma 30mm f/1'
2026-05-17 01:33:42 | INFO     | ss_crawler | [lens_scraper] MOUNT DETECT: None
2026-05-17 01:33:42 | INFO     | ss_crawler | [lens_scraper] Detected focal: 30mm (from_model=True)
2026-05-17 01:33:42 | INFO     | ss_crawler | [lens_scraper] Using TITLE ONLY for matching: 'sigma modelis: l-mount pārdodu jaunu, nelietotu sigma 30mm f...'
2026-05-17 01:33:42 | INFO     | ss_crawler | [lens_scraper] BEST MATCH: 30mm F1.4 DC HSM Art score=1.25
2026-05-17 01:33:42 | INFO     | ss_crawler | [lens_scraper] Matched [cblbn]: Sigma_30mm_F1.4_DC_HSM_Art (100% confidence)
2026-05-17 01:33:42 | INFO     | ss_crawler | [crawler] Fetching : https://www.ss.com/msg/lv/electronics/photo-optics/objectives/enhmf.html
2026-05-17 01:33:45 | INFO     | ss_crawler | [lens_scraper] MODEL EXTRACTED: '40-150mm'
2026-05-17 01:33:45 | INFO     | ss_crawler | [lens_scraper] MOUNT DETECT: None
2026-05-17 01:33:45 | INFO     | ss_crawler | [lens_scraper] Detected focal: 40mm-150mm (from_model=True)
2026-05-17 01:33:45 | INFO     | ss_crawler | [lens_scraper] Using TITLE ONLY for matching: 'olympus modelis: 40-150mm...'
2026-05-17 01:33:45 | INFO     | ss_crawler | [lens_scraper] No match for [enhmf]
2026-05-17 01:33:45 | INFO     | ss_crawler | [crawler] Fetching : https://www.ss.com/msg/lv/electronics/photo-optics/objectives/dpihi.html
2026-05-17 01:33:48 | INFO     | ss_crawler | [lens_scraper] MODEL EXTRACTED: '14-150mm'
2026-05-17 01:33:48 | INFO     | ss_crawler | [lens_scraper] MOUNT DETECT: None
2026-05-17 01:33:48 | INFO     | ss_crawler | [lens_scraper] Detected focal: 14mm-150mm (from_model=True)
2026-05-17 01:33:48 | INFO     | ss_crawler | [lens_scraper] Using TITLE ONLY for matching: 'olympus modelis: 14-150mm...'
2026-05-17 01:33:48 | INFO     | ss_crawler | [lens_scraper] No match for [dpihi]
2026-05-17 01:33:48 | INFO     | ss_crawler | [crawler] Fetching : https://www.ss.com/msg/lv/electronics/photo-optics/objectives/bhxooc.html
2026-05-17 01:33:50 | INFO     | ss_crawler | [lens_scraper] MODEL EXTRACTED: 'tessar 2.8/50'
2026-05-17 01:33:50 | INFO     | ss_crawler | [lens_scraper] MOUNT DETECT: None
2026-05-17 01:33:50 | INFO     | ss_crawler | [lens_scraper] Detected focal: 50mm (from_model=True)
2026-05-17 01:33:50 | INFO     | ss_crawler | [lens_scraper] Using TITLE ONLY for matching: 'zeiss jena modelis: tessar 2.8/50...'
2026-05-17 01:33:50 | INFO     | ss_crawler | [lens_scraper] BEST MATCH: 50mm F1.4 ZE Milvus score=1.25
2026-05-17 01:33:50 | INFO     | ss_crawler | [lens_scraper] Matched [bhxooc]: Zeiss_50mm_F1.4_ZE_Milvus (100% confidence)
2026-05-17 01:33:50 | INFO     | ss_crawler | [crawler] Fetching : https://www.ss.com/msg/lv/electronics/photo-optics/objectives/bgpcjb.html
2026-05-17 01:33:52 | INFO     | ss_crawler | [lens_scraper] MODEL EXTRACTED: '3, 9/80-200 mm'
2026-05-17 01:33:52 | INFO     | ss_crawler | [lens_scraper] MOUNT DETECT: None
2026-05-17 01:33:52 | INFO     | ss_crawler | [lens_scraper] Detected focal: 80mm-200mm (from_model=True)
2026-05-17 01:33:52 | INFO     | ss_crawler | [lens_scraper] Using TITLE ONLY for matching: 'maginon modelis: 3, 9/80-200 mm...'
2026-05-17 01:33:52 | INFO     | ss_crawler | [lens_scraper] BEST MATCH: 70-200mm F2.8L USM score=0.75
2026-05-17 01:33:52 | INFO     | ss_crawler | [lens_scraper] Matched [bgpcjb]: Canon_70-200mm_F2.8L_USM (75% confidence)
2026-05-17 01:33:52 | INFO     | ss_crawler | [crawler] Fetching : https://www.ss.com/msg/lv/electronics/photo-optics/objectives/aafne.html
2026-05-17 01:33:55 | INFO     | ss_crawler | [lens_scraper] MODEL EXTRACTED: '35mm 1.8'
2026-05-17 01:33:55 | INFO     | ss_crawler | [lens_scraper] MOUNT DETECT: E
2026-05-17 01:33:55 | INFO     | ss_crawler | [lens_scraper] Detected focal: 35mm (from_model=True)
2026-05-17 01:33:55 | INFO     | ss_crawler | [lens_scraper] Using TITLE ONLY for matching: 'sony modelis: 35mm 1.8...'
2026-05-17 01:33:55 | INFO     | ss_crawler | [lens_scraper] BEST MATCH: Sony E 35mm F1.8 OSS score=0.95
2026-05-17 01:33:55 | INFO     | ss_crawler | [lens_scraper] Matched [aafne]: Sony_Sony_E_35mm_F1.8_OSS (95% confidence)
2026-05-17 01:33:55 | INFO     | ss_crawler | [crawler] Fetching : https://www.ss.com/msg/lv/electronics/photo-optics/objectives/fecmx.html
2026-05-17 01:33:57 | INFO     | ss_crawler | [lens_scraper] MODEL EXTRACTED: '75 - 300'
2026-05-17 01:33:57 | INFO     | ss_crawler | [lens_scraper] MOUNT DETECT: None
2026-05-17 01:33:57 | INFO     | ss_crawler | [lens_scraper] Detected focal: 75mm-300mm (from_model=True)
2026-05-17 01:33:57 | INFO     | ss_crawler | [lens_scraper] Using TITLE ONLY for matching: 'sigma modelis: 75 - 300...'
2026-05-17 01:33:57 | INFO     | ss_crawler | [lens_scraper] BEST MATCH: 70-300mm F4-5.6 DG Macro score=0.75
2026-05-17 01:33:57 | INFO     | ss_crawler | [lens_scraper] Matched [fecmx]: Sigma_70-300mm_F4-5.6_DG_Macro (75% confidence)
2026-05-17 01:33:57 | INFO     | ss_crawler | [crawler] Fetching : https://www.ss.com/msg/lv/electronics/photo-optics/objectives/kxdol.html
2026-05-17 01:34:01 | INFO     | ss_crawler | [lens_scraper] Filtered [kxdol]: filtered_jauns
2026-05-17 01:34:01 | INFO     | ss_crawler | [crawler] Fetching : https://www.ss.com/msg/lv/electronics/photo-optics/objectives/bfbigb.html
2026-05-17 01:34:03 | INFO     | ss_crawler | [lens_scraper] MODEL EXTRACTED: 'ef-s 17-85 is'
2026-05-17 01:34:03 | INFO     | ss_crawler | [lens_scraper] MOUNT DETECT: EF-S
2026-05-17 01:34:03 | INFO     | ss_crawler | [lens_scraper] Detected focal: 17mm-85mm (from_model=True)
2026-05-17 01:34:03 | INFO     | ss_crawler | [lens_scraper] Using TITLE ONLY for matching: 'canon modelis: ef-s 17-85 is...'
2026-05-17 01:34:03 | INFO     | ss_crawler | [lens_scraper] BEST MATCH: 17-85mm F4-5.6 IS USM score=1.35
2026-05-17 01:34:03 | INFO     | ss_crawler | [lens_scraper] Matched [bfbigb]: Canon_17-85mm_F4-5.6_IS_USM (100% confidence)
2026-05-17 01:34:03 | INFO     | ss_crawler | [crawler] Fetching : https://www.ss.com/msg/lv/electronics/photo-optics/objectives/acpei.html
2026-05-17 01:34:05 | INFO     | ss_crawler | [lens_scraper] MODEL EXTRACTED: '24-70 f/2, 8l'
2026-05-17 01:34:05 | INFO     | ss_crawler | [lens_scraper] MOUNT DETECT: None
2026-05-17 01:34:05 | INFO     | ss_crawler | [lens_scraper] Detected focal: 24mm-70mm (from_model=True)
2026-05-17 01:34:05 | INFO     | ss_crawler | [lens_scraper] Using TITLE ONLY for matching: 'canon modelis: 24-70 f/2, 8l...'
2026-05-17 01:34:05 | INFO     | ss_crawler | [lens_scraper] BEST MATCH: 24-70mm F4L IS USM score=1.25
2026-05-17 01:34:05 | INFO     | ss_crawler | [lens_scraper] Matched [acpei]: Canon_24-70mm_F4L_IS_USM (100% confidence)
2026-05-17 01:34:05 | INFO     | ss_crawler | [crawler] Fetching : https://www.ss.com/msg/lv/electronics/photo-optics/objectives/fokpm.html
2026-05-17 01:34:08 | INFO     | ss_crawler | [lens_scraper] Filtered [fokpm]: filtered_jauns
2026-05-17 01:34:08 | INFO     | ss_crawler | [crawler] Fetching : https://www.ss.com/msg/lv/electronics/photo-optics/objectives/bckxe.html
2026-05-17 01:34:12 | INFO     | ss_crawler | [lens_scraper] MODEL EXTRACTED: 'smc pentax da продаётся объектив pentax-da 18-135mm f3'
2026-05-17 01:34:12 | INFO     | ss_crawler | [lens_scraper] MOUNT DETECT: None
2026-05-17 01:34:12 | INFO     | ss_crawler | [lens_scraper] Detected focal: 18mm-135mm (from_model=True)
2026-05-17 01:34:12 | INFO     | ss_crawler | [lens_scraper] Using TITLE ONLY for matching: 'pentax modelis: smc pentax da продаётся объектив pentax-da 1...'
2026-05-17 01:34:12 | INFO     | ss_crawler | [lens_scraper] BEST MATCH: 18-135mm F3.5-5.6 IS score=0.85
2026-05-17 01:34:12 | INFO     | ss_crawler | [lens_scraper] Matched [bckxe]: Canon_18-135mm_F3.5-5.6_IS (85% confidence)
2026-05-17 01:34:12 | INFO     | ss_crawler | [lens_scraper] Fetching page 9: https://www.ss.com/lv/electronics/photo-optics/objectives/page9.html
2026-05-17 01:34:12 | INFO     | ss_crawler | [crawler] Fetching : https://www.ss.com/lv/electronics/photo-optics/objectives/page9.html
2026-05-17 01:34:14 | INFO     | ss_crawler | [lens_scraper] Found 4 listings on page 9
2026-05-17 01:34:14 | INFO     | ss_crawler | [crawler] Fetching : https://www.ss.com/msg/lv/electronics/photo-optics/objectives/mbcim.html
2026-05-17 01:34:16 | INFO     | ss_crawler | [lens_scraper] MODEL EXTRACTED: '70-200 f4'
2026-05-17 01:34:16 | INFO     | ss_crawler | [lens_scraper] MOUNT DETECT: RF
2026-05-17 01:34:16 | INFO     | ss_crawler | [lens_scraper] Detected focal: 70mm-200mm (from_model=True)
2026-05-17 01:34:16 | INFO     | ss_crawler | [lens_scraper] Using TITLE ONLY for matching: 'canon modelis: 70-200 f4...'
2026-05-17 01:34:16 | INFO     | ss_crawler | [lens_scraper] BEST MATCH: 70-200mm f/4 L IS USM score=1.50
2026-05-17 01:34:16 | INFO     | ss_crawler | [lens_scraper] Matched [mbcim]: Canon_70-200mm_f_4_L_IS_USM (100% confidence)
2026-05-17 01:34:16 | INFO     | ss_crawler | [crawler] Fetching : https://www.ss.com/msg/lv/electronics/photo-optics/objectives/mbcim.html
2026-05-17 01:34:18 | INFO     | ss_crawler | [lens_scraper] MODEL EXTRACTED: '70-200 f4'
2026-05-17 01:34:18 | INFO     | ss_crawler | [lens_scraper] MOUNT DETECT: RF
2026-05-17 01:34:18 | INFO     | ss_crawler | [lens_scraper] Detected focal: 70mm-200mm (from_model=True)
2026-05-17 01:34:18 | INFO     | ss_crawler | [lens_scraper] Using TITLE ONLY for matching: 'canon modelis: 70-200 f4...'
2026-05-17 01:34:18 | INFO     | ss_crawler | [lens_scraper] BEST MATCH: 70-200mm f/4 L IS USM score=1.50
2026-05-17 01:34:18 | INFO     | ss_crawler | [lens_scraper] Matched [mbcim]: Canon_70-200mm_f_4_L_IS_USM (100% confidence)
2026-05-17 01:34:18 | INFO     | ss_crawler | [crawler] Fetching : https://www.ss.com/msg/lv/electronics/photo-optics/objectives/mbcim.html
2026-05-17 01:34:21 | INFO     | ss_crawler | [lens_scraper] MODEL EXTRACTED: '70-200 f4'
2026-05-17 01:34:21 | INFO     | ss_crawler | [lens_scraper] MOUNT DETECT: RF
2026-05-17 01:34:21 | INFO     | ss_crawler | [lens_scraper] Detected focal: 70mm-200mm (from_model=True)
2026-05-17 01:34:21 | INFO     | ss_crawler | [lens_scraper] Using TITLE ONLY for matching: 'canon modelis: 70-200 f4...'
2026-05-17 01:34:21 | INFO     | ss_crawler | [lens_scraper] BEST MATCH: 70-200mm f/4 L IS USM score=1.50
2026-05-17 01:34:21 | INFO     | ss_crawler | [lens_scraper] Matched [mbcim]: Canon_70-200mm_f_4_L_IS_USM (100% confidence)
2026-05-17 01:34:21 | INFO     | ss_crawler | [crawler] Fetching : https://www.ss.com/msg/lv/electronics/photo-optics/objectives/liock.html
2026-05-17 01:34:24 | INFO     | ss_crawler | [lens_scraper] Filtered [liock]: filtered_nikon
2026-05-17 01:34:24 | INFO     | ss_crawler | [lens_scraper] No more pages to scrape
2026-05-17 01:34:24 | INFO     | ss_crawler | [lens_scraper] Category scrape complete. Total listings: 143
2026-05-17 01:34:24 | INFO     | ss_crawler | [repository] ⏸️ aalgl: Unchanged
2026-05-17 01:34:24 | INFO     | ss_crawler | [repository] ⏸️ aalgl: Unchanged
2026-05-17 01:34:24 | INFO     | ss_crawler | [repository] ⏸️ aalgl: Unchanged
2026-05-17 01:34:24 | INFO     | ss_crawler | [repository] ⏸️ loolb: Unchanged
2026-05-17 01:34:24 | INFO     | ss_crawler | [repository] ⏸️ bgpjfj: Unchanged
2026-05-17 01:34:24 | INFO     | ss_crawler | [repository] ⏸️ fljof: Unchanged
2026-05-17 01:34:24 | INFO     | ss_crawler | [repository] ⏸️ begohe: Unchanged
2026-05-17 01:34:24 | INFO     | ss_crawler | [repository] ⏸️ gobcn: Unchanged
2026-05-17 01:34:24 | INFO     | ss_crawler | [repository] ⏸️ gcxci: Unchanged
2026-05-17 01:34:24 | INFO     | ss_crawler | [repository] ⏸️ lphdk: Unchanged
2026-05-17 01:34:24 | INFO     | ss_crawler | [repository] ⏸️ lpcjf: Unchanged
2026-05-17 01:34:24 | INFO     | ss_crawler | [repository] ⏸️ jpdce: Unchanged
2026-05-17 01:34:24 | INFO     | ss_crawler | [repository] ⏸️ aabgf: Unchanged
2026-05-17 01:34:24 | INFO     | ss_crawler | [repository] ⏸️ abdpe: Unchanged
2026-05-17 01:34:24 | INFO     | ss_crawler | [repository] ⏸️ gcmeb: Unchanged
2026-05-17 01:34:24 | INFO     | ss_crawler | [repository] ⏸️ flxmi: Unchanged
2026-05-17 01:34:24 | INFO     | ss_crawler | [repository] ⏸️ egicb: Unchanged
2026-05-17 01:34:24 | INFO     | ss_crawler | [repository] ⏸️ bhnnxk: Unchanged
2026-05-17 01:34:24 | INFO     | ss_crawler | [repository] ⏸️ bigokg: Unchanged
2026-05-17 01:34:24 | INFO     | ss_crawler | [repository] ⏸️ fgimf: Unchanged
2026-05-17 01:34:24 | INFO     | ss_crawler | [repository] ⏸️ hcdof: Unchanged
2026-05-17 01:34:24 | INFO     | ss_crawler | [repository] ⏸️ acfjg: Unchanged
2026-05-17 01:34:24 | INFO     | ss_crawler | [repository] ⏸️ ghlhb: Unchanged
2026-05-17 01:34:24 | INFO     | ss_crawler | [repository] ⏸️ ghlhb: Unchanged
2026-05-17 01:34:24 | INFO     | ss_crawler | [repository] ⏸️ ghlhb: Unchanged
2026-05-17 01:34:24 | INFO     | ss_crawler | [repository] ⏸️ gfjin: Unchanged
2026-05-17 01:34:24 | INFO     | ss_crawler | [repository] ⏸️ bixcmk: Unchanged
2026-05-17 01:34:24 | INFO     | ss_crawler | [repository] ⏸️ bgncbe: Unchanged
2026-05-17 01:34:24 | INFO     | ss_crawler | [repository] ⏸️ bicplh: Unchanged
2026-05-17 01:34:24 | INFO     | ss_crawler | [repository] ⏸️ bhbenx: Unchanged
2026-05-17 01:34:24 | INFO     | ss_crawler | [repository] ⏸️ biexog: Unchanged
2026-05-17 01:34:24 | INFO     | ss_crawler | [repository] ⏸️ ddffo: Unchanged
2026-05-17 01:34:24 | INFO     | ss_crawler | [repository] ⏸️ mxjie: Unchanged
2026-05-17 01:34:24 | INFO     | ss_crawler | [repository] ⏸️ ekolb: Unchanged
2026-05-17 01:34:24 | INFO     | ss_crawler | [repository] ⏸️ ddhci: Unchanged
2026-05-17 01:34:24 | INFO     | ss_crawler | [repository] ⏸️ mckic: Unchanged
2026-05-17 01:34:24 | INFO     | ss_crawler | [repository] ⏸️ mblbp: Unchanged
2026-05-17 01:34:24 | INFO     | ss_crawler | [repository] ⏸️ bkmpjx: Unchanged
2026-05-17 01:34:24 | INFO     | ss_crawler | [repository] ⏸️ mbkfg: Unchanged
2026-05-17 01:34:24 | INFO     | ss_crawler | [repository] ⏸️ kcklf: Unchanged
2026-05-17 01:34:24 | INFO     | ss_crawler | [repository] ⏸️ jokle: Unchanged
2026-05-17 01:34:24 | INFO     | ss_crawler | [repository] ⏸️ eegjb: Unchanged
2026-05-17 01:34:24 | INFO     | ss_crawler | [repository] ⏸️ begmdo: Unchanged
2026-05-17 01:34:24 | INFO     | ss_crawler | [repository] ⏸️ aafxg: Unchanged
2026-05-17 01:34:24 | INFO     | ss_crawler | [repository] ⏸️ bjdpgm: Unchanged
2026-05-17 01:34:24 | INFO     | ss_crawler | [repository] ⏸️ cfjno: Unchanged
2026-05-17 01:34:24 | INFO     | ss_crawler | [repository] ⏸️ bgpdcn: Unchanged
2026-05-17 01:34:24 | INFO     | ss_crawler | [repository] ⏸️ bigojb: Unchanged
2026-05-17 01:34:24 | INFO     | ss_crawler | [repository] ⏸️ cenfc: Unchanged
2026-05-17 01:34:24 | INFO     | ss_crawler | [repository] ⏸️ bfcogn: Unchanged
2026-05-17 01:34:24 | INFO     | ss_crawler | [repository] ⏸️ afgxp: Unchanged
2026-05-17 01:34:24 | INFO     | ss_crawler | [repository] ⏸️ bgninh: Unchanged
2026-05-17 01:34:24 | INFO     | ss_crawler | [repository] ⏸️ bhbeic: Unchanged
2026-05-17 01:34:24 | INFO     | ss_crawler | [repository] ✨ edkbf: New
2026-05-17 01:34:24 | INFO     | ss_crawler | [repository] ✨ bkkxox: New
2026-05-17 01:34:24 | INFO     | ss_crawler | [repository] ✨ bgooen: New
2026-05-17 01:34:24 | INFO     | ss_crawler | [repository] ✨ dbxee: New
2026-05-17 01:34:24 | INFO     | ss_crawler | [repository] ✨ dccch: New
2026-05-17 01:34:24 | INFO     | ss_crawler | [repository] ✨ goxhg: New
2026-05-17 01:34:24 | INFO     | ss_crawler | [repository] ✨ ffcdl: New
2026-05-17 01:34:24 | INFO     | ss_crawler | [repository] ✨ aebcf: New
2026-05-17 01:34:24 | INFO     | ss_crawler | [repository] ✨ gghne: New
2026-05-17 01:34:24 | INFO     | ss_crawler | [repository] ✨ bkkejl: New
2026-05-17 01:34:24 | INFO     | ss_crawler | [repository] ✨ bgmoho: New
2026-05-17 01:34:24 | INFO     | ss_crawler | [repository] ✨ bhxnmk: New
2026-05-17 01:34:24 | INFO     | ss_crawler | [repository] ✨ bfkoon: New
2026-05-17 01:34:24 | INFO     | ss_crawler | [repository] ✨ lhlcp: New
2026-05-17 01:34:24 | INFO     | ss_crawler | [repository] ✨ clxxf: New
2026-05-17 01:34:24 | INFO     | ss_crawler | [repository] ⏸️ clxxf: Unchanged
2026-05-17 01:34:24 | INFO     | ss_crawler | [repository] ⏸️ clxxf: Unchanged
2026-05-17 01:34:24 | INFO     | ss_crawler | [repository] ✨ egjbf: New
2026-05-17 01:34:24 | INFO     | ss_crawler | [repository] ✨ dbpoj: New
2026-05-17 01:34:24 | INFO     | ss_crawler | [repository] ✨ dikbk: New
2026-05-17 01:34:24 | INFO     | ss_crawler | [repository] ✨ bgmlxe: New
2026-05-17 01:34:24 | INFO     | ss_crawler | [repository] ✨ pdldj: New
2026-05-17 01:34:24 | INFO     | ss_crawler | [repository] ✨ egnnn: New
2026-05-17 01:34:24 | INFO     | ss_crawler | [repository] ✨ blgkoo: New
2026-05-17 01:34:24 | INFO     | ss_crawler | [repository] ✨ mxfce: New
2026-05-17 01:34:24 | INFO     | ss_crawler | [repository] ✨ bempoi: New
2026-05-17 01:34:24 | INFO     | ss_crawler | [repository] ✨ lombb: New
2026-05-17 01:34:24 | INFO     | ss_crawler | [repository] ✨ bmebm: New
2026-05-17 01:34:24 | INFO     | ss_crawler | [repository] ✨ bldkkx: New
2026-05-17 01:34:24 | INFO     | ss_crawler | [repository] ✨ blhejl: New
2026-05-17 01:34:24 | INFO     | ss_crawler | [repository] ✨ dlhpd: New
2026-05-17 01:34:24 | INFO     | ss_crawler | [repository] ✨ dxhhh: New
2026-05-17 01:34:24 | INFO     | ss_crawler | [repository] ✨ jphcx: New
2026-05-17 01:34:24 | INFO     | ss_crawler | [repository] ✨ aadhl: New
2026-05-17 01:34:24 | INFO     | ss_crawler | [repository] ⏸️ aadhl: Unchanged
2026-05-17 01:34:24 | INFO     | ss_crawler | [repository] ⏸️ aadhl: Unchanged
2026-05-17 01:34:24 | INFO     | ss_crawler | [repository] ✨ egfof: New
2026-05-17 01:34:24 | INFO     | ss_crawler | [repository] ✨ bgpcmh: New
2026-05-17 01:34:24 | INFO     | ss_crawler | [repository] ✨ emnbd: New
2026-05-17 01:34:24 | INFO     | ss_crawler | [repository] ✨ dbjik: New
2026-05-17 01:34:24 | INFO     | ss_crawler | [repository] ✨ comgc: New
2026-05-17 01:34:24 | INFO     | ss_crawler | [repository] ✨ bbmclj: New
2026-05-17 01:34:24 | INFO     | ss_crawler | [repository] ✨ gnggb: New
2026-05-17 01:34:24 | INFO     | ss_crawler | [repository] ✨ mxjig: New
2026-05-17 01:34:24 | INFO     | ss_crawler | [repository] ✨ cmxho: New
2026-05-17 01:34:24 | INFO     | ss_crawler | [repository] ✨ blbpdh: New
2026-05-17 01:34:24 | INFO     | ss_crawler | [repository] ✨ dkxej: New
2026-05-17 01:34:24 | INFO     | ss_crawler | [repository] ✨ bkplcl: New
2026-05-17 01:34:24 | INFO     | ss_crawler | [repository] ✨ bgochc: New
2026-05-17 01:34:24 | INFO     | ss_crawler | [repository] ✨ eplej: New
2026-05-17 01:34:24 | INFO     | ss_crawler | [repository] ✨ hexnb: New
2026-05-17 01:34:24 | INFO     | ss_crawler | [repository] ✨ behfjl: New
2026-05-17 01:34:24 | INFO     | ss_crawler | [repository] ⏸️ behfjl: Unchanged
2026-05-17 01:34:24 | INFO     | ss_crawler | [repository] ⏸️ behfjl: Unchanged
2026-05-17 01:34:24 | INFO     | ss_crawler | [repository] ✨ bgpxnn: New
2026-05-17 01:34:24 | INFO     | ss_crawler | [repository] ✨ dcgdh: New
2026-05-17 01:34:24 | INFO     | ss_crawler | [repository] ✨ hfnfk: New
2026-05-17 01:34:24 | INFO     | ss_crawler | [repository] ✨ fkloj: New
2026-05-17 01:34:24 | INFO     | ss_crawler | [repository] ✨ eibbp: New
2026-05-17 01:34:24 | INFO     | ss_crawler | [repository] ✨ bkhxlg: New
2026-05-17 01:34:24 | INFO     | ss_crawler | [repository] ✨ bgonpb: New
2026-05-17 01:34:24 | INFO     | ss_crawler | [repository] ✨ bkhndn: New
2026-05-17 01:34:24 | INFO     | ss_crawler | [repository] ✨ ellxn: New
2026-05-17 01:34:24 | INFO     | ss_crawler | [repository] ✨ jpkbd: New
2026-05-17 01:34:24 | INFO     | ss_crawler | [repository] ✨ mxjif: New
2026-05-17 01:34:24 | INFO     | ss_crawler | [repository] ✨ bgmlnk: New
2026-05-17 01:34:24 | INFO     | ss_crawler | [repository] ✨ ebimo: New
2026-05-17 01:34:24 | INFO     | ss_crawler | [repository] ✨ emogm: New
2026-05-17 01:34:24 | INFO     | ss_crawler | [repository] Detected re-list: bgookj (was hexnb)
2026-05-17 01:34:24 | INFO     | ss_crawler | [repository] ✨ bgookj: New
2026-05-17 01:34:24 | INFO     | ss_crawler | [repository] ✨ bgpxpg: New
2026-05-17 01:34:24 | INFO     | ss_crawler | [repository] ✨ kcgdj: New
2026-05-17 01:34:24 | INFO     | ss_crawler | [repository] ✨ cnxkp: New
2026-05-17 01:34:24 | INFO     | ss_crawler | [repository] ✨ bhxopb: New
2026-05-17 01:34:24 | INFO     | ss_crawler | [repository] ✨ djdcx: New
2026-05-17 01:34:24 | INFO     | ss_crawler | [repository] ✨ aalgk: New
2026-05-17 01:34:24 | INFO     | ss_crawler | [repository] ✨ dbppg: New
2026-05-17 01:34:24 | INFO     | ss_crawler | [repository] ✨ ciiki: New
2026-05-17 01:34:24 | INFO     | ss_crawler | [repository] ✨ cblbn: New
2026-05-17 01:34:24 | INFO     | ss_crawler | [repository] ✨ enhmf: New
2026-05-17 01:34:24 | INFO     | ss_crawler | [repository] ✨ dpihi: New
2026-05-17 01:34:24 | INFO     | ss_crawler | [repository] ✨ bhxooc: New
2026-05-17 01:34:24 | INFO     | ss_crawler | [repository] ✨ bgpcjb: New
2026-05-17 01:34:24 | INFO     | ss_crawler | [repository] ✨ aafne: New
2026-05-17 01:34:24 | INFO     | ss_crawler | [repository] ✨ fecmx: New
2026-05-17 01:34:24 | INFO     | ss_crawler | [repository] ✨ bfbigb: New
2026-05-17 01:34:24 | INFO     | ss_crawler | [repository] ✨ acpei: New
2026-05-17 01:34:24 | INFO     | ss_crawler | [repository] ✨ bckxe: New
2026-05-17 01:34:24 | INFO     | ss_crawler | [repository] ✨ mbcim: New
2026-05-17 01:34:24 | INFO     | ss_crawler | [repository] ⏸️ mbcim: Unchanged
2026-05-17 01:34:24 | INFO     | ss_crawler | [repository] ⏸️ mbcim: Unchanged
2026-05-17 03:07:34 | INFO     | ss_crawler | [lens_scraper] Initializing Lens scraper...
2026-05-17 03:07:34 | INFO     | ss_crawler | [database] Database connected: localhost:5433/ss_market
2026-05-17 03:07:34 | INFO     | ss_crawler | [lens_scraper] Database: postgresql+psycopg2://crawler:crawler_pass@localhost:5433/ss_market
2026-05-17 03:07:34 | INFO     | ss_crawler | [lens_scraper] Loaded 481 lens references
2026-05-17 03:07:34 | INFO     | ss_crawler | [lens_scraper] Starting lens category scrape: https://www.ss.com/lv/electronics/photo-optics/objectives/
2026-05-17 03:07:34 | INFO     | ss_crawler | [lens_scraper] Fetching page 1: https://www.ss.com/lv/electronics/photo-optics/objectives/
2026-05-17 03:07:34 | INFO     | ss_crawler | [crawler] Fetching : https://www.ss.com/lv/electronics/photo-optics/objectives/
2026-05-17 03:07:38 | INFO     | ss_crawler | [lens_scraper] Found 32 listings on page 1
2026-05-17 03:07:38 | INFO     | ss_crawler | [crawler] Fetching : https://www.ss.com/msg/lv/electronics/photo-optics/objectives/aalgl.html
2026-05-17 03:07:40 | INFO     | ss_crawler | [lens_scraper] MODEL EXTRACTED: 'ef 85mm 1, 8f'
2026-05-17 03:07:40 | INFO     | ss_crawler | [lens_scraper] MOUNT DETECT: EF
2026-05-17 03:07:40 | INFO     | ss_crawler | [lens_scraper] Detected focal: 85mm (from_model=True)
2026-05-17 03:07:40 | INFO     | ss_crawler | [lens_scraper] Using TITLE ONLY for matching: 'canon modelis: ef 85mm 1, 8f...'
2026-05-17 03:07:40 | INFO     | ss_crawler | [lens_scraper] BEST MATCH: 85mm F1.4L IS USM score=1.35
2026-05-17 03:07:40 | INFO     | ss_crawler | [lens_scraper] Matched [aalgl]: Canon_85mm_F1.4L_IS_USM (100% confidence)
2026-05-17 03:07:40 | INFO     | ss_crawler | [crawler] Fetching : https://www.ss.com/msg/lv/electronics/photo-optics/objectives/aalgl.html
2026-05-17 03:07:43 | INFO     | ss_crawler | [lens_scraper] MODEL EXTRACTED: 'ef 85mm 1, 8f'
2026-05-17 03:07:43 | INFO     | ss_crawler | [lens_scraper] MOUNT DETECT: EF
2026-05-17 03:07:43 | INFO     | ss_crawler | [lens_scraper] Detected focal: 85mm (from_model=True)
2026-05-17 03:07:43 | INFO     | ss_crawler | [lens_scraper] Using TITLE ONLY for matching: 'canon modelis: ef 85mm 1, 8f...'
2026-05-17 03:07:43 | INFO     | ss_crawler | [lens_scraper] BEST MATCH: 85mm F1.4L IS USM score=1.35
2026-05-17 03:07:43 | INFO     | ss_crawler | [lens_scraper] Matched [aalgl]: Canon_85mm_F1.4L_IS_USM (100% confidence)
2026-05-17 03:07:43 | INFO     | ss_crawler | [crawler] Fetching : https://www.ss.com/msg/lv/electronics/photo-optics/objectives/aalgl.html
2026-05-17 03:07:45 | INFO     | ss_crawler | [lens_scraper] MODEL EXTRACTED: 'ef 85mm 1, 8f'
2026-05-17 03:07:45 | INFO     | ss_crawler | [lens_scraper] MOUNT DETECT: EF
2026-05-17 03:07:45 | INFO     | ss_crawler | [lens_scraper] Detected focal: 85mm (from_model=True)
2026-05-17 03:07:45 | INFO     | ss_crawler | [lens_scraper] Using TITLE ONLY for matching: 'canon modelis: ef 85mm 1, 8f...'
2026-05-17 03:07:45 | INFO     | ss_crawler | [lens_scraper] BEST MATCH: 85mm F1.4L IS USM score=1.35
2026-05-17 03:07:45 | INFO     | ss_crawler | [lens_scraper] Matched [aalgl]: Canon_85mm_F1.4L_IS_USM (100% confidence)
2026-05-17 03:07:45 | INFO     | ss_crawler | [crawler] Fetching : https://www.ss.com/msg/lv/electronics/photo-optics/objectives/loolb.html
2026-05-17 03:07:48 | INFO     | ss_crawler | [lens_scraper] MODEL EXTRACTED: 'ef 24-105/4'
2026-05-17 03:07:48 | INFO     | ss_crawler | [lens_scraper] MOUNT DETECT: EF
2026-05-17 03:07:48 | INFO     | ss_crawler | [lens_scraper] Detected focal: 24mm-105mm (from_model=True)
2026-05-17 03:07:48 | INFO     | ss_crawler | [lens_scraper] Using TITLE ONLY for matching: 'canon modelis: ef 24-105/4...'
2026-05-17 03:07:48 | INFO     | ss_crawler | [lens_scraper] BEST MATCH: 24-105mm F3.5-5.6 IS STM score=1.35
2026-05-17 03:07:48 | INFO     | ss_crawler | [lens_scraper] Matched [loolb]: Canon_24-105mm_F3.5-5.6_IS_STM (100% confidence)
2026-05-17 03:07:48 | INFO     | ss_crawler | [crawler] Fetching : https://www.ss.com/msg/lv/electronics/photo-optics/objectives/bgpjfj.html
2026-05-17 03:07:51 | INFO     | ss_crawler | [lens_scraper] MODEL EXTRACTED: '24-70mm f/2.8'
2026-05-17 03:07:51 | INFO     | ss_crawler | [lens_scraper] MOUNT DETECT: EF
2026-05-17 03:07:51 | INFO     | ss_crawler | [lens_scraper] Detected focal: 24mm-70mm (from_model=True)
2026-05-17 03:07:51 | INFO     | ss_crawler | [lens_scraper] Using TITLE ONLY for matching: 'sigma modelis: 24-70mm f/2.8...'
2026-05-17 03:07:51 | INFO     | ss_crawler | [lens_scraper] BEST MATCH: 24-70mm F2.8 DG OS HSM Art score=1.50
2026-05-17 03:07:51 | INFO     | ss_crawler | [lens_scraper] Matched [bgpjfj]: Sigma_24-70mm_F2.8_DG_OS_HSM_Art (100% confidence)
2026-05-17 03:07:52 | INFO     | ss_crawler | [crawler] Fetching : https://www.ss.com/msg/lv/electronics/photo-optics/objectives/fljof.html
2026-05-17 03:07:55 | INFO     | ss_crawler | [lens_scraper] MODEL EXTRACTED: '24-70 ll'
2026-05-17 03:07:55 | INFO     | ss_crawler | [lens_scraper] MOUNT DETECT: EF
2026-05-17 03:07:55 | INFO     | ss_crawler | [lens_scraper] Detected focal: 24mm-70mm (from_model=True)
2026-05-17 03:07:55 | INFO     | ss_crawler | [lens_scraper] Using TITLE ONLY for matching: 'canon modelis: 24-70 ll...'
2026-05-17 03:07:55 | INFO     | ss_crawler | [lens_scraper] BEST MATCH: 24-70mm F2.8L II USM score=1.45
2026-05-17 03:07:55 | INFO     | ss_crawler | [lens_scraper] Matched [fljof]: Canon_24-70mm_F2.8L_II_USM (100% confidence)
2026-05-17 03:07:55 | INFO     | ss_crawler | [crawler] Fetching : https://www.ss.com/msg/lv/electronics/photo-optics/objectives/begohe.html
2026-05-17 03:07:58 | INFO     | ss_crawler | [lens_scraper] MODEL EXTRACTED: '16-28 f2.8'
2026-05-17 03:07:58 | INFO     | ss_crawler | [lens_scraper] MOUNT DETECT: E
2026-05-17 03:07:58 | INFO     | ss_crawler | [lens_scraper] Detected focal: 16mm-28mm (from_model=True)
2026-05-17 03:07:58 | INFO     | ss_crawler | [lens_scraper] Using TITLE ONLY for matching: 'sigma modelis: 16-28 f2.8...'
2026-05-17 03:07:58 | INFO     | ss_crawler | [lens_scraper] BEST MATCH: Sigma 16-28mm F2.8 DG DN | Contemporary score=1.50
2026-05-17 03:07:58 | INFO     | ss_crawler | [lens_scraper] Matched [begohe]: Sigma_Sigma_16-28mm_F2.8_DG_DN_|_Contemporary (100% confidence)
2026-05-17 03:07:58 | INFO     | ss_crawler | [crawler] Fetching : https://www.ss.com/msg/lv/electronics/photo-optics/objectives/fmehe.html
2026-05-17 03:08:01 | INFO     | ss_crawler | [lens_scraper] Filtered [fmehe]: filtered_nikon
2026-05-17 03:08:01 | INFO     | ss_crawler | [crawler] Fetching : https://www.ss.com/msg/lv/electronics/photo-optics/objectives/gobcn.html
2026-05-17 03:08:03 | INFO     | ss_crawler | [lens_scraper] MODEL EXTRACTED: 'lumix 20mm'
2026-05-17 03:08:03 | INFO     | ss_crawler | [lens_scraper] MOUNT DETECT: None
2026-05-17 03:08:03 | INFO     | ss_crawler | [lens_scraper] Detected focal: 20mm (from_model=True)
2026-05-17 03:08:03 | INFO     | ss_crawler | [lens_scraper] Using TITLE ONLY for matching: 'panasonic modelis: lumix 20mm...'
2026-05-17 03:08:03 | INFO     | ss_crawler | [lens_scraper] BEST MATCH: 20mm F2.8 USM score=0.85
2026-05-17 03:08:03 | INFO     | ss_crawler | [lens_scraper] Matched [gobcn]: Canon_20mm_F2.8_USM (85% confidence)
2026-05-17 03:08:03 | INFO     | ss_crawler | [crawler] Fetching : https://www.ss.com/msg/lv/electronics/photo-optics/objectives/gcxci.html
2026-05-17 03:08:05 | INFO     | ss_crawler | [lens_scraper] MODEL EXTRACTED: '75mm 1.5'
2026-05-17 03:08:05 | INFO     | ss_crawler | [lens_scraper] MOUNT DETECT: E
2026-05-17 03:08:05 | INFO     | ss_crawler | [lens_scraper] Detected focal: 75mm (from_model=True)
2026-05-17 03:08:05 | INFO     | ss_crawler | [lens_scraper] Using TITLE ONLY for matching: 'ttartisan modelis: 75mm 1.5...'
2026-05-17 03:08:05 | INFO     | ss_crawler | [lens_scraper] BEST MATCH: Sony E 10-18mm F4 OSS score=0.70
2026-05-17 03:08:05 | INFO     | ss_crawler | [lens_scraper] Matched [gcxci]: Sony_Sony_E_10-18mm_F4_OSS (70% confidence)
2026-05-17 03:08:05 | INFO     | ss_crawler | [crawler] Fetching : https://www.ss.com/msg/lv/electronics/photo-optics/objectives/lphdk.html
2026-05-17 03:08:08 | INFO     | ss_crawler | [lens_scraper] MODEL EXTRACTED: '24 f/ 2, 8 stm'
2026-05-17 03:08:08 | INFO     | ss_crawler | [lens_scraper] MOUNT DETECT: EF-S
2026-05-17 03:08:08 | INFO     | ss_crawler | [lens_scraper] Detected focal: 24mm (from_model=True)
2026-05-17 03:08:08 | INFO     | ss_crawler | [lens_scraper] Using TITLE ONLY for matching: 'canon modelis: 24 f/ 2, 8 stm...'
2026-05-17 03:08:08 | INFO     | ss_crawler | [lens_scraper] BEST MATCH: 24mm F2.8 STM score=1.60
2026-05-17 03:08:08 | INFO     | ss_crawler | [lens_scraper] Matched [lphdk]: Canon_24mm_F2.8_STM (100% confidence)
2026-05-17 03:08:08 | INFO     | ss_crawler | [crawler] Fetching : https://www.ss.com/msg/lv/electronics/photo-optics/objectives/lpcjf.html
2026-05-17 03:08:12 | INFO     | ss_crawler | [lens_scraper] MODEL EXTRACTED: 'fe 24-70mm'
2026-05-17 03:08:12 | INFO     | ss_crawler | [lens_scraper] MOUNT DETECT: E
2026-05-17 03:08:12 | INFO     | ss_crawler | [lens_scraper] Detected focal: 24mm-70mm (from_model=True)
2026-05-17 03:08:12 | INFO     | ss_crawler | [lens_scraper] Using TITLE ONLY for matching: 'sony modelis: fe 24-70mm...'
2026-05-17 03:08:12 | INFO     | ss_crawler | [lens_scraper] BEST MATCH: Sony FE 24-70mm F2.8 GM II score=1.45
2026-05-17 03:08:12 | INFO     | ss_crawler | [lens_scraper] Matched [lpcjf]: Sony_Sony_FE_24-70mm_F2.8_GM_II (100% confidence)
2026-05-17 03:08:12 | INFO     | ss_crawler | [crawler] Fetching : https://www.ss.com/msg/lv/electronics/photo-optics/objectives/jpdce.html
2026-05-17 03:08:15 | INFO     | ss_crawler | [lens_scraper] MODEL EXTRACTED: 'fe 50mm f1.8'
2026-05-17 03:08:15 | INFO     | ss_crawler | [lens_scraper] MOUNT DETECT: E
2026-05-17 03:08:15 | INFO     | ss_crawler | [lens_scraper] Detected focal: 50mm (from_model=True)
2026-05-17 03:08:15 | INFO     | ss_crawler | [lens_scraper] Using TITLE ONLY for matching: 'sony modelis: fe 50mm f1.8...'
2026-05-17 03:08:15 | INFO     | ss_crawler | [lens_scraper] BEST MATCH: Sony E 50mm F1.8 OSS score=0.95
2026-05-17 03:08:15 | INFO     | ss_crawler | [lens_scraper] Matched [jpdce]: Sony_Sony_E_50mm_F1.8_OSS (95% confidence)
2026-05-17 03:08:15 | INFO     | ss_crawler | [crawler] Fetching : https://www.ss.com/msg/lv/electronics/photo-optics/objectives/eldbp.html
2026-05-17 03:08:18 | INFO     | ss_crawler | [lens_scraper] Filtered [eldbp]: filtered_jauns
2026-05-17 03:08:18 | INFO     | ss_crawler | [crawler] Fetching : https://www.ss.com/msg/lv/electronics/photo-optics/objectives/opxxp.html
2026-05-17 03:08:21 | INFO     | ss_crawler | [lens_scraper] Filtered [opxxp]: filtered_nikon
2026-05-17 03:08:21 | INFO     | ss_crawler | [crawler] Fetching : https://www.ss.com/msg/lv/electronics/photo-optics/objectives/aabgf.html
2026-05-17 03:08:23 | INFO     | ss_crawler | [lens_scraper] MODEL EXTRACTED: '24-105 mm, f4'
2026-05-17 03:08:23 | INFO     | ss_crawler | [lens_scraper] MOUNT DETECT: None
2026-05-17 03:08:23 | INFO     | ss_crawler | [lens_scraper] Detected focal: 24mm-105mm (from_model=True)
2026-05-17 03:08:23 | INFO     | ss_crawler | [lens_scraper] Using TITLE ONLY for matching: 'canon modelis: 24-105 mm, f4...'
2026-05-17 03:08:23 | INFO     | ss_crawler | [lens_scraper] BEST MATCH: 24-105mm F4L IS USM score=1.40
2026-05-17 03:08:23 | INFO     | ss_crawler | [lens_scraper] Matched [aabgf]: Canon_24-105mm_F4L_IS_USM (100% confidence)
2026-05-17 03:08:23 | INFO     | ss_crawler | [crawler] Fetching : https://www.ss.com/msg/lv/electronics/photo-optics/objectives/abdpe.html
2026-05-17 03:08:25 | INFO     | ss_crawler | [lens_scraper] MODEL EXTRACTED: '50 mm f1, 4, ef'
2026-05-17 03:08:25 | INFO     | ss_crawler | [lens_scraper] MOUNT DETECT: None
2026-05-17 03:08:25 | INFO     | ss_crawler | [lens_scraper] Detected focal: 50mm (from_model=True)
2026-05-17 03:08:25 | INFO     | ss_crawler | [lens_scraper] Using TITLE ONLY for matching: 'canon modelis: 50 mm f1, 4, ef...'
2026-05-17 03:08:25 | INFO     | ss_crawler | [lens_scraper] BEST MATCH: 50mm F1.4 USM score=1.40
2026-05-17 03:08:25 | INFO     | ss_crawler | [lens_scraper] Matched [abdpe]: Canon_50mm_F1.4_USM (100% confidence)
2026-05-17 03:08:25 | INFO     | ss_crawler | [crawler] Fetching : https://www.ss.com/msg/lv/electronics/photo-optics/objectives/gcmeb.html
2026-05-17 03:08:29 | INFO     | ss_crawler | [lens_scraper] MODEL EXTRACTED: '17-28'
2026-05-17 03:08:29 | INFO     | ss_crawler | [lens_scraper] MOUNT DETECT: E
2026-05-17 03:08:29 | INFO     | ss_crawler | [lens_scraper] Detected focal: 17mm-28mm (from_model=True)
2026-05-17 03:08:29 | INFO     | ss_crawler | [lens_scraper] Using TITLE ONLY for matching: 'tamron modelis: 17-28...'
2026-05-17 03:08:29 | INFO     | ss_crawler | [lens_scraper] BEST MATCH: Tamron 17-28mm F/2.8 Di III RXD score=0.80
2026-05-17 03:08:29 | INFO     | ss_crawler | [lens_scraper] Matched [gcmeb]: Tamron_Tamron_17-28mm_F_2.8_Di_III_RXD (80% confidence)
2026-05-17 03:08:29 | INFO     | ss_crawler | [crawler] Fetching : https://www.ss.com/msg/lv/electronics/photo-optics/objectives/flxmi.html
2026-05-17 03:08:31 | INFO     | ss_crawler | [lens_scraper] MODEL EXTRACTED: 'sel30m35'
2026-05-17 03:08:31 | INFO     | ss_crawler | [lens_scraper] MOUNT DETECT: E
2026-05-17 03:08:31 | INFO     | ss_crawler | [lens_scraper] BEST MATCH: Sony E 30mm F3.5 Macro score=1.05
2026-05-17 03:08:31 | INFO     | ss_crawler | [lens_scraper] Matched [flxmi]: Sony_Sony_E_30mm_F3.5_Macro (100% confidence)
2026-05-17 03:08:31 | INFO     | ss_crawler | [crawler] Fetching : https://www.ss.com/msg/lv/electronics/photo-optics/objectives/egicb.html
2026-05-17 03:08:35 | INFO     | ss_crawler | [lens_scraper] MODEL EXTRACTED: '28-135mm'
2026-05-17 03:08:35 | INFO     | ss_crawler | [lens_scraper] MOUNT DETECT: None
2026-05-17 03:08:35 | INFO     | ss_crawler | [lens_scraper] Detected focal: 28mm-135mm (from_model=True)
2026-05-17 03:08:35 | INFO     | ss_crawler | [lens_scraper] Using TITLE ONLY for matching: 'sigma modelis: 28-135mm...'
2026-05-17 03:08:35 | INFO     | ss_crawler | [lens_scraper] BEST MATCH: Sony FE PZ 28-135mm F4 G OSS score=0.85
2026-05-17 03:08:35 | INFO     | ss_crawler | [lens_scraper] Matched [egicb]: Sony_Sony_FE_PZ_28-135mm_F4_G_OSS (85% confidence)
2026-05-17 03:08:35 | INFO     | ss_crawler | [crawler] Fetching : https://www.ss.com/msg/lv/electronics/photo-optics/objectives/mbcgc.html
2026-05-17 03:08:37 | INFO     | ss_crawler | [lens_scraper] Filtered [mbcgc]: filtered_nikon
2026-05-17 03:08:37 | INFO     | ss_crawler | [crawler] Fetching : https://www.ss.com/msg/lv/electronics/photo-optics/objectives/bhnnxk.html
2026-05-17 03:08:40 | INFO     | ss_crawler | [lens_scraper] MODEL EXTRACTED: 'ef 24 1, 4lii'
2026-05-17 03:08:40 | INFO     | ss_crawler | [lens_scraper] MOUNT DETECT: EF
2026-05-17 03:08:40 | INFO     | ss_crawler | [lens_scraper] Detected focal: 24mm (from_model=True)
2026-05-17 03:08:40 | INFO     | ss_crawler | [lens_scraper] Using TITLE ONLY for matching: 'canon modelis: ef 24 1, 4lii...'
2026-05-17 03:08:40 | INFO     | ss_crawler | [lens_scraper] BEST MATCH: 24mm F1.4L II USM score=1.60
2026-05-17 03:08:40 | INFO     | ss_crawler | [lens_scraper] Matched [bhnnxk]: Canon_24mm_F1.4L_II_USM (100% confidence)
2026-05-17 03:08:40 | INFO     | ss_crawler | [crawler] Fetching : https://www.ss.com/msg/lv/electronics/photo-optics/objectives/bigokg.html
2026-05-17 03:08:43 | INFO     | ss_crawler | [lens_scraper] MODEL EXTRACTED: 'ef 24-105 f4l'
2026-05-17 03:08:43 | INFO     | ss_crawler | [lens_scraper] MOUNT DETECT: EF
2026-05-17 03:08:43 | INFO     | ss_crawler | [lens_scraper] Detected focal: 24mm-105mm (from_model=True)
2026-05-17 03:08:43 | INFO     | ss_crawler | [lens_scraper] Using TITLE ONLY for matching: 'canon modelis: ef 24-105 f4l...'
2026-05-17 03:08:43 | INFO     | ss_crawler | [lens_scraper] BEST MATCH: 24-105mm F4L IS USM score=1.50
2026-05-17 03:08:43 | INFO     | ss_crawler | [lens_scraper] Matched [bigokg]: Canon_24-105mm_F4L_IS_USM (100% confidence)
2026-05-17 03:08:43 | INFO     | ss_crawler | [crawler] Fetching : https://www.ss.com/msg/lv/electronics/photo-optics/objectives/fgimf.html
2026-05-17 03:08:45 | INFO     | ss_crawler | [lens_scraper] MODEL EXTRACTED: '35mm f/2.8'
2026-05-17 03:08:45 | INFO     | ss_crawler | [lens_scraper] MOUNT DETECT: EF-S
2026-05-17 03:08:45 | INFO     | ss_crawler | [lens_scraper] Detected focal: 35mm (from_model=True)
2026-05-17 03:08:45 | INFO     | ss_crawler | [lens_scraper] Using TITLE ONLY for matching: 'canon modelis: 35mm f/2.8...'
2026-05-17 03:08:45 | INFO     | ss_crawler | [lens_scraper] BEST MATCH: 35mm F2.8 Macro IS STM score=1.50
2026-05-17 03:08:45 | INFO     | ss_crawler | [lens_scraper] Matched [fgimf]: Canon_35mm_F2.8_Macro_IS_STM (100% confidence)
2026-05-17 03:08:45 | INFO     | ss_crawler | [crawler] Fetching : https://www.ss.com/msg/lv/electronics/photo-optics/objectives/hcdof.html
2026-05-17 03:08:46 | INFO     | ss_crawler | [lens_scraper] MODEL EXTRACTED: '10-20 mm'
2026-05-17 03:08:46 | INFO     | ss_crawler | [lens_scraper] MOUNT DETECT: None
2026-05-17 03:08:46 | INFO     | ss_crawler | [lens_scraper] Detected focal: 10mm-20mm (from_model=True)
2026-05-17 03:08:46 | INFO     | ss_crawler | [lens_scraper] Using TITLE ONLY for matching: 'sigma modelis: 10-20 mm...'
2026-05-17 03:08:46 | INFO     | ss_crawler | [lens_scraper] BEST MATCH: 10-20mm F3.5 EX DC HSM score=1.25
2026-05-17 03:08:46 | INFO     | ss_crawler | [lens_scraper] Matched [hcdof]: Sigma_10-20mm_F3.5_EX_DC_HSM (100% confidence)
2026-05-17 03:08:46 | INFO     | ss_crawler | [crawler] Fetching : https://www.ss.com/msg/lv/electronics/photo-optics/objectives/mbddb.html
2026-05-17 03:08:48 | INFO     | ss_crawler | [lens_scraper] Filtered [mbddb]: filtered_nikon
2026-05-17 03:08:48 | INFO     | ss_crawler | [crawler] Fetching : https://www.ss.com/msg/lv/electronics/photo-optics/objectives/acfjg.html
2026-05-17 03:08:50 | INFO     | ss_crawler | [lens_scraper] MODEL EXTRACTED: 'canon продаю объектив eos canon 24-70 4t l серии, малопользованый'
2026-05-17 03:08:50 | INFO     | ss_crawler | [lens_scraper] MOUNT DETECT: None
2026-05-17 03:08:50 | INFO     | ss_crawler | [lens_scraper] Detected focal: 24mm-70mm (from_model=True)
2026-05-17 03:08:50 | INFO     | ss_crawler | [lens_scraper] Using TITLE ONLY for matching: 'eos modelis: canon продаю объектив eos canon 24-70 4t l сери...'
2026-05-17 03:08:50 | INFO     | ss_crawler | [lens_scraper] BEST MATCH: 24-70mm F4L IS USM score=1.35
2026-05-17 03:08:50 | INFO     | ss_crawler | [lens_scraper] Matched [acfjg]: Canon_24-70mm_F4L_IS_USM (100% confidence)
2026-05-17 03:08:50 | INFO     | ss_crawler | [crawler] Fetching : https://www.ss.com/msg/lv/electronics/photo-optics/objectives/fopom.html
2026-05-17 03:08:54 | INFO     | ss_crawler | [lens_scraper] Filtered [fopom]: filtered_jauns
2026-05-17 03:08:54 | INFO     | ss_crawler | [crawler] Fetching : https://www.ss.com/msg/lv/electronics/photo-optics/objectives/bgookb.html
2026-05-17 03:08:57 | INFO     | ss_crawler | [lens_scraper] Filtered [bgookb]: filtered_jauns
2026-05-17 03:08:57 | INFO     | ss_crawler | [crawler] Fetching : https://www.ss.com/msg/lv/electronics/photo-optics/objectives/pdnbl.html
2026-05-17 03:08:59 | INFO     | ss_crawler | [lens_scraper] Filtered [pdnbl]: filtered_jauns
2026-05-17 03:08:59 | INFO     | ss_crawler | [crawler] Fetching : https://www.ss.com/msg/lv/electronics/photo-optics/objectives/mcbcb.html
2026-05-17 03:09:03 | INFO     | ss_crawler | [lens_scraper] Filtered [mcbcb]: filtered_nikon
2026-05-17 03:09:03 | INFO     | ss_crawler | [crawler] Fetching : https://www.ss.com/msg/lv/electronics/photo-optics/objectives/fncgj.html
2026-05-17 03:09:05 | INFO     | ss_crawler | [lens_scraper] Filtered [fncgj]: filtered_nikon
2026-05-17 03:09:05 | INFO     | ss_crawler | [lens_scraper] Fetching page 2: https://www.ss.com/lv/electronics/photo-optics/objectives/page2.html
2026-05-17 03:09:05 | INFO     | ss_crawler | [crawler] Fetching : https://www.ss.com/lv/electronics/photo-optics/objectives/page2.html
2026-05-17 03:09:08 | INFO     | ss_crawler | [lens_scraper] Found 32 listings on page 2
2026-05-17 03:09:08 | INFO     | ss_crawler | [crawler] Fetching : https://www.ss.com/msg/lv/electronics/photo-optics/objectives/ghlhb.html
2026-05-17 03:09:10 | INFO     | ss_crawler | [lens_scraper] MODEL EXTRACTED: '18-200mm'
2026-05-17 03:09:10 | INFO     | ss_crawler | [lens_scraper] MOUNT DETECT: EF-S
2026-05-17 03:09:10 | INFO     | ss_crawler | [lens_scraper] Detected focal: 18mm-200mm (from_model=True)
2026-05-17 03:09:10 | INFO     | ss_crawler | [lens_scraper] Using TITLE ONLY for matching: 'canon modelis: 18-200mm...'
2026-05-17 03:09:10 | INFO     | ss_crawler | [lens_scraper] BEST MATCH: 18-200mm F3.5-5.6 IS score=1.35
2026-05-17 03:09:10 | INFO     | ss_crawler | [lens_scraper] Matched [ghlhb]: Canon_18-200mm_F3.5-5.6_IS (100% confidence)
2026-05-17 03:09:10 | INFO     | ss_crawler | [crawler] Fetching : https://www.ss.com/msg/lv/electronics/photo-optics/objectives/ghlhb.html
2026-05-17 03:09:12 | INFO     | ss_crawler | [lens_scraper] MODEL EXTRACTED: '18-200mm'
2026-05-17 03:09:12 | INFO     | ss_crawler | [lens_scraper] MOUNT DETECT: EF-S
2026-05-17 03:09:12 | INFO     | ss_crawler | [lens_scraper] Detected focal: 18mm-200mm (from_model=True)
2026-05-17 03:09:12 | INFO     | ss_crawler | [lens_scraper] Using TITLE ONLY for matching: 'canon modelis: 18-200mm...'
2026-05-17 03:09:12 | INFO     | ss_crawler | [lens_scraper] BEST MATCH: 18-200mm F3.5-5.6 IS score=1.35
2026-05-17 03:09:12 | INFO     | ss_crawler | [lens_scraper] Matched [ghlhb]: Canon_18-200mm_F3.5-5.6_IS (100% confidence)
2026-05-17 03:09:12 | INFO     | ss_crawler | [crawler] Fetching : https://www.ss.com/msg/lv/electronics/photo-optics/objectives/ghlhb.html
2026-05-17 03:09:15 | INFO     | ss_crawler | [lens_scraper] MODEL EXTRACTED: '18-200mm'
2026-05-17 03:09:15 | INFO     | ss_crawler | [lens_scraper] MOUNT DETECT: EF-S
2026-05-17 03:09:15 | INFO     | ss_crawler | [lens_scraper] Detected focal: 18mm-200mm (from_model=True)
2026-05-17 03:09:15 | INFO     | ss_crawler | [lens_scraper] Using TITLE ONLY for matching: 'canon modelis: 18-200mm...'
2026-05-17 03:09:15 | INFO     | ss_crawler | [lens_scraper] BEST MATCH: 18-200mm F3.5-5.6 IS score=1.35
2026-05-17 03:09:15 | INFO     | ss_crawler | [lens_scraper] Matched [ghlhb]: Canon_18-200mm_F3.5-5.6_IS (100% confidence)
2026-05-17 03:09:15 | INFO     | ss_crawler | [crawler] Fetching : https://www.ss.com/msg/lv/electronics/photo-optics/objectives/cbnkb.html
2026-05-17 03:09:18 | INFO     | ss_crawler | [lens_scraper] Filtered [cbnkb]: filtered_nikon
2026-05-17 03:09:18 | INFO     | ss_crawler | [crawler] Fetching : https://www.ss.com/msg/lv/electronics/photo-optics/objectives/mxpmc.html
2026-05-17 03:09:20 | INFO     | ss_crawler | [lens_scraper] Filtered [mxpmc]: filtered_jauns
2026-05-17 03:09:20 | INFO     | ss_crawler | [crawler] Fetching : https://www.ss.com/msg/lv/electronics/photo-optics/objectives/ahdbb.html
2026-05-17 03:09:23 | INFO     | ss_crawler | [lens_scraper] Filtered [ahdbb]: filtered_jauns
2026-05-17 03:09:23 | INFO     | ss_crawler | [crawler] Fetching : https://www.ss.com/msg/lv/electronics/photo-optics/objectives/eimlg.html
2026-05-17 03:09:25 | INFO     | ss_crawler | [lens_scraper] Filtered [eimlg]: filtered_jauns
2026-05-17 03:09:25 | INFO     | ss_crawler | [crawler] Fetching : https://www.ss.com/msg/lv/electronics/photo-optics/objectives/cdbnl.html
2026-05-17 03:09:28 | INFO     | ss_crawler | [lens_scraper] Filtered [cdbnl]: filtered_jauns
2026-05-17 03:09:28 | INFO     | ss_crawler | [crawler] Fetching : https://www.ss.com/msg/lv/electronics/photo-optics/objectives/bgmmod.html
2026-05-17 03:09:32 | INFO     | ss_crawler | [lens_scraper] Filtered [bgmmod]: filtered_nikon
2026-05-17 03:09:32 | INFO     | ss_crawler | [crawler] Fetching : https://www.ss.com/msg/lv/electronics/photo-optics/objectives/gfjin.html
2026-05-17 03:09:35 | INFO     | ss_crawler | [lens_scraper] MODEL EXTRACTED: '2, 8/28 mm'
2026-05-17 03:09:35 | INFO     | ss_crawler | [lens_scraper] MOUNT DETECT: None
2026-05-17 03:09:35 | INFO     | ss_crawler | [lens_scraper] Detected focal: 28mm (from_model=True)
2026-05-17 03:09:35 | INFO     | ss_crawler | [lens_scraper] Using TITLE ONLY for matching: 'pallas modelis: 2, 8/28 mm...'
2026-05-17 03:09:35 | INFO     | ss_crawler | [lens_scraper] BEST MATCH: 28mm F2.8 IS USM score=1.00
2026-05-17 03:09:35 | INFO     | ss_crawler | [lens_scraper] Matched [gfjin]: Canon_28mm_F2.8_IS_USM (100% confidence)
2026-05-17 03:09:35 | INFO     | ss_crawler | [crawler] Fetching : https://www.ss.com/msg/lv/electronics/photo-optics/objectives/fkmbj.html
2026-05-17 03:09:39 | INFO     | ss_crawler | [lens_scraper] Filtered [fkmbj]: filtered_nikon
2026-05-17 03:09:39 | INFO     | ss_crawler | [crawler] Fetching : https://www.ss.com/msg/lv/electronics/photo-optics/objectives/abxep.html
2026-05-17 03:09:42 | INFO     | ss_crawler | [lens_scraper] Filtered [abxep]: filtered_jauns
2026-05-17 03:09:42 | INFO     | ss_crawler | [crawler] Fetching : https://www.ss.com/msg/lv/electronics/photo-optics/objectives/bixcmk.html
2026-05-17 03:09:44 | INFO     | ss_crawler | [lens_scraper] MODEL EXTRACTED: '24-70mm dg ii'
2026-05-17 03:09:44 | INFO     | ss_crawler | [lens_scraper] MOUNT DETECT: E
2026-05-17 03:09:44 | INFO     | ss_crawler | [lens_scraper] Detected focal: 24mm-70mm (from_model=True)
2026-05-17 03:09:44 | INFO     | ss_crawler | [lens_scraper] Using TITLE ONLY for matching: 'sigma modelis: 24-70mm dg ii...'
2026-05-17 03:09:44 | INFO     | ss_crawler | [lens_scraper] BEST MATCH: Sony FE 24-70mm F2.8 GM II score=1.05
2026-05-17 03:09:44 | INFO     | ss_crawler | [lens_scraper] Matched [bixcmk]: Sony_Sony_FE_24-70mm_F2.8_GM_II (100% confidence)
2026-05-17 03:09:44 | INFO     | ss_crawler | [crawler] Fetching : https://www.ss.com/msg/lv/electronics/photo-optics/objectives/opihn.html
2026-05-17 03:09:47 | INFO     | ss_crawler | [lens_scraper] Filtered [opihn]: filtered_nikon
2026-05-17 03:09:47 | INFO     | ss_crawler | [crawler] Fetching : https://www.ss.com/msg/lv/electronics/photo-optics/objectives/bgncbe.html
2026-05-17 03:09:49 | INFO     | ss_crawler | [lens_scraper] MODEL EXTRACTED: 'fujinon pārdodu augstas klases platleņķa objektīvu – fujifilm xf 18mm f/1'
2026-05-17 03:09:49 | INFO     | ss_crawler | [lens_scraper] MOUNT DETECT: E
2026-05-17 03:09:49 | INFO     | ss_crawler | [lens_scraper] Detected focal: 18mm (from_model=True)
2026-05-17 03:09:49 | INFO     | ss_crawler | [lens_scraper] Using TITLE ONLY for matching: 'fujifilm modelis: fujinon pārdodu augstas klases platleņķa o...'
2026-05-17 03:09:49 | INFO     | ss_crawler | [lens_scraper] BEST MATCH: 18mm F3.5 Distagon T* ZE score=0.70
2026-05-17 03:09:49 | INFO     | ss_crawler | [lens_scraper] Matched [bgncbe]: Zeiss_18mm_F3.5_Distagon_T*_ZE (70% confidence)
2026-05-17 03:09:49 | INFO     | ss_crawler | [crawler] Fetching : https://www.ss.com/msg/lv/electronics/photo-optics/objectives/bicplh.html
2026-05-17 03:09:52 | INFO     | ss_crawler | [lens_scraper] MODEL EXTRACTED: 'fujinon pārdodu leģendāro portretu objektīvu no fujifilm – fujifilm xf 56mm f/1'
2026-05-17 03:09:52 | INFO     | ss_crawler | [lens_scraper] MOUNT DETECT: E
2026-05-17 03:09:52 | INFO     | ss_crawler | [lens_scraper] Detected focal: 56mm (from_model=True)
2026-05-17 03:09:52 | INFO     | ss_crawler | [lens_scraper] Using TITLE ONLY for matching: 'fujifilm modelis: fujinon pārdodu leģendāro portretu objektī...'
2026-05-17 03:09:52 | INFO     | ss_crawler | [lens_scraper] No match for [bicplh]
2026-05-17 03:09:52 | INFO     | ss_crawler | [crawler] Fetching : https://www.ss.com/msg/lv/electronics/photo-optics/objectives/bhbenx.html
2026-05-17 03:09:55 | INFO     | ss_crawler | [lens_scraper] MODEL EXTRACTED: 'fujinon pārdodu profesionālu makro objektīvu no fujifilm – fujifilm xf 80mm f/2'
2026-05-17 03:09:55 | INFO     | ss_crawler | [lens_scraper] MOUNT DETECT: E
2026-05-17 03:09:55 | INFO     | ss_crawler | [lens_scraper] Detected focal: 80mm (from_model=True)
2026-05-17 03:09:55 | INFO     | ss_crawler | [lens_scraper] Using TITLE ONLY for matching: 'fujifilm modelis: fujinon pārdodu profesionālu makro objektī...'
2026-05-17 03:09:55 | INFO     | ss_crawler | [lens_scraper] No match for [bhbenx]
2026-05-17 03:09:55 | INFO     | ss_crawler | [crawler] Fetching : https://www.ss.com/msg/lv/electronics/photo-optics/objectives/biexog.html
2026-05-17 03:09:57 | INFO     | ss_crawler | [lens_scraper] MODEL EXTRACTED: 'fujinon fujinon xf 35mm f/2 r wr objektīvs'
2026-05-17 03:09:57 | INFO     | ss_crawler | [lens_scraper] MOUNT DETECT: None
2026-05-17 03:09:57 | INFO     | ss_crawler | [lens_scraper] Detected focal: 35mm (from_model=True)
2026-05-17 03:09:57 | INFO     | ss_crawler | [lens_scraper] Using TITLE ONLY for matching: 'fujifilm modelis: fujinon fujinon xf 35mm f/2 r wr objektīvs...'
2026-05-17 03:09:57 | INFO     | ss_crawler | [lens_scraper] BEST MATCH: 35mm F2 IS USM score=1.00
2026-05-17 03:09:57 | INFO     | ss_crawler | [lens_scraper] Matched [biexog]: Canon_35mm_F2_IS_USM (100% confidence)
2026-05-17 03:09:57 | INFO     | ss_crawler | [crawler] Fetching : https://www.ss.com/msg/lv/electronics/photo-optics/objectives/dphjn.html
2026-05-17 03:09:59 | INFO     | ss_crawler | [lens_scraper] Filtered [dphjn]: filtered_nikon
2026-05-17 03:09:59 | INFO     | ss_crawler | [crawler] Fetching : https://www.ss.com/msg/lv/electronics/photo-optics/objectives/ddffo.html
2026-05-17 03:10:01 | INFO     | ss_crawler | [lens_scraper] MODEL EXTRACTED: 'ef 17-55 f2.8'
2026-05-17 03:10:01 | INFO     | ss_crawler | [lens_scraper] MOUNT DETECT: EF
2026-05-17 03:10:01 | INFO     | ss_crawler | [lens_scraper] Detected focal: 17mm-55mm (from_model=True)
2026-05-17 03:10:01 | INFO     | ss_crawler | [lens_scraper] Using TITLE ONLY for matching: 'canon modelis: ef 17-55 f2.8...'
2026-05-17 03:10:01 | INFO     | ss_crawler | [lens_scraper] BEST MATCH: 17-55mm F2.8 IS USM score=1.15
2026-05-17 03:10:01 | INFO     | ss_crawler | [lens_scraper] Matched [ddffo]: Canon_17-55mm_F2.8_IS_USM (100% confidence)
2026-05-17 03:10:01 | INFO     | ss_crawler | [crawler] Fetching : https://www.ss.com/msg/lv/electronics/photo-optics/objectives/mxjie.html
2026-05-17 03:10:04 | INFO     | ss_crawler | [lens_scraper] MODEL EXTRACTED: 'mc macro pārdodu mc vitacon auto zoom 75-200 mm 1:4'
2026-05-17 03:10:04 | INFO     | ss_crawler | [lens_scraper] MOUNT DETECT: None
2026-05-17 03:10:04 | INFO     | ss_crawler | [lens_scraper] Detected focal: 75mm-200mm (from_model=True)
2026-05-17 03:10:04 | INFO     | ss_crawler | [lens_scraper] Using TITLE ONLY for matching: 'vitacon modelis: mc macro pārdodu mc vitacon auto zoom 75-20...'
2026-05-17 03:10:04 | INFO     | ss_crawler | [lens_scraper] No match for [mxjie]
2026-05-17 03:10:04 | INFO     | ss_crawler | [crawler] Fetching : https://www.ss.com/msg/lv/electronics/photo-optics/objectives/ekolb.html
2026-05-17 03:10:06 | INFO     | ss_crawler | [lens_scraper] MODEL EXTRACTED: 'zoom master pārdodu sigma zoom master objektīvu'
2026-05-17 03:10:06 | INFO     | ss_crawler | [lens_scraper] MOUNT DETECT: None
2026-05-17 03:10:06 | INFO     | ss_crawler | [lens_scraper] Detected focal: 8mm-4mm (from_model=False)
2026-05-17 03:10:07 | INFO     | ss_crawler | [lens_scraper] BEST MATCH: 8mm F3.5 EX DG Circular Fisheye score=0.90
2026-05-17 03:10:07 | INFO     | ss_crawler | [lens_scraper] Matched [ekolb]: Sigma_8mm_F3.5_EX_DG_Circular_Fisheye (90% confidence)
2026-05-17 03:10:07 | INFO     | ss_crawler | [crawler] Fetching : https://www.ss.com/msg/lv/electronics/photo-optics/objectives/ddhci.html
2026-05-17 03:10:09 | INFO     | ss_crawler | [lens_scraper] MODEL EXTRACTED: 'macrofocusing pārdodu vivitar 1'
2026-05-17 03:10:09 | INFO     | ss_crawler | [lens_scraper] MOUNT DETECT: None
2026-05-17 03:10:09 | INFO     | ss_crawler | [lens_scraper] Detected focal: 70mm-210mm (from_model=False)
2026-05-17 03:10:10 | INFO     | ss_crawler | [lens_scraper] BEST MATCH: 70-210mm F4 Di VC USD score=0.55
2026-05-17 03:10:10 | INFO     | ss_crawler | [lens_scraper] Matched [ddhci]: Tamron_70-210mm_F4_Di_VC_USD (55% confidence)
2026-05-17 03:10:10 | INFO     | ss_crawler | [crawler] Fetching : https://www.ss.com/msg/lv/electronics/photo-optics/objectives/mckic.html
2026-05-17 03:10:13 | INFO     | ss_crawler | [lens_scraper] MODEL EXTRACTED: 'auto tele pārdodu panagor auto tele objektīvu'
2026-05-17 03:10:13 | INFO     | ss_crawler | [lens_scraper] MOUNT DETECT: None
2026-05-17 03:10:13 | INFO     | ss_crawler | [lens_scraper] BEST MATCH: 35mm F2.8 Macro IS STM score=0.95
2026-05-17 03:10:13 | INFO     | ss_crawler | [lens_scraper] Matched [mckic]: Canon_35mm_F2.8_Macro_IS_STM (95% confidence)
2026-05-17 03:10:13 | INFO     | ss_crawler | [crawler] Fetching : https://www.ss.com/msg/lv/electronics/photo-optics/objectives/mblbp.html
2026-05-17 03:10:16 | INFO     | ss_crawler | [lens_scraper] MODEL EXTRACTED: 'zoom pārdodu sigma zoom 1:4'
2026-05-17 03:10:16 | INFO     | ss_crawler | [lens_scraper] MOUNT DETECT: None
2026-05-17 03:10:16 | INFO     | ss_crawler | [lens_scraper] Detected focal: 5mm-5mm (from_model=False)
2026-05-17 03:10:16 | INFO     | ss_crawler | [lens_scraper] BEST MATCH: 500mm F4 DG OS HSM Sports score=0.75
2026-05-17 03:10:16 | INFO     | ss_crawler | [lens_scraper] Matched [mblbp]: Sigma_500mm_F4_DG_OS_HSM_Sports (75% confidence)
2026-05-17 03:10:16 | INFO     | ss_crawler | [crawler] Fetching : https://www.ss.com/msg/lv/electronics/photo-optics/objectives/bkmpjx.html
2026-05-17 03:10:19 | INFO     | ss_crawler | [lens_scraper] MODEL EXTRACTED: '35mm f1.4 dg d'
2026-05-17 03:10:19 | INFO     | ss_crawler | [lens_scraper] MOUNT DETECT: E
2026-05-17 03:10:19 | INFO     | ss_crawler | [lens_scraper] Detected focal: 35mm (from_model=True)
2026-05-17 03:10:19 | INFO     | ss_crawler | [lens_scraper] Using TITLE ONLY for matching: 'sigma modelis: 35mm f1.4 dg d...'
2026-05-17 03:10:19 | INFO     | ss_crawler | [lens_scraper] BEST MATCH: 35mm F1.4 DG HSM Art score=1.25
2026-05-17 03:10:19 | INFO     | ss_crawler | [lens_scraper] Matched [bkmpjx]: Sigma_35mm_F1.4_DG_HSM_Art (100% confidence)
2026-05-17 03:10:19 | INFO     | ss_crawler | [crawler] Fetching : https://www.ss.com/msg/lv/electronics/photo-optics/objectives/mbkfg.html
2026-05-17 03:10:22 | INFO     | ss_crawler | [lens_scraper] MODEL EXTRACTED: '60 x'
2026-05-17 03:10:22 | INFO     | ss_crawler | [lens_scraper] MOUNT DETECT: None
2026-05-17 03:10:22 | INFO     | ss_crawler | [lens_scraper] Detected focal: 60mm (from_model=True)
2026-05-17 03:10:22 | INFO     | ss_crawler | [lens_scraper] Using TITLE ONLY for matching: 'apexel modelis: 60 x...'
2026-05-17 03:10:22 | INFO     | ss_crawler | [lens_scraper] BEST MATCH: 60mm F2.8 Macro USM score=0.85
2026-05-17 03:10:22 | INFO     | ss_crawler | [lens_scraper] Matched [mbkfg]: Canon_60mm_F2.8_Macro_USM (85% confidence)
2026-05-17 03:10:22 | INFO     | ss_crawler | [crawler] Fetching : https://www.ss.com/msg/lv/electronics/photo-optics/objectives/kcklf.html
2026-05-17 03:10:25 | INFO     | ss_crawler | [lens_scraper] MODEL EXTRACTED: 'fe 70-200mm'
2026-05-17 03:10:25 | INFO     | ss_crawler | [lens_scraper] MOUNT DETECT: E
2026-05-17 03:10:25 | INFO     | ss_crawler | [lens_scraper] Detected focal: 70mm-200mm (from_model=True)
2026-05-17 03:10:25 | INFO     | ss_crawler | [lens_scraper] Using TITLE ONLY for matching: 'sony modelis: fe 70-200mm...'
2026-05-17 03:10:25 | INFO     | ss_crawler | [lens_scraper] BEST MATCH: Sony FE 70-200mm F4 G OSS score=1.35
2026-05-17 03:10:25 | INFO     | ss_crawler | [lens_scraper] Matched [kcklf]: Sony_Sony_FE_70-200mm_F4_G_OSS (100% confidence)
2026-05-17 03:10:25 | INFO     | ss_crawler | [crawler] Fetching : https://www.ss.com/msg/lv/electronics/photo-optics/objectives/jokle.html
2026-05-17 03:10:27 | INFO     | ss_crawler | [lens_scraper] MODEL EXTRACTED: '35mm 1.4 e'
2026-05-17 03:10:27 | INFO     | ss_crawler | [lens_scraper] MOUNT DETECT: E
2026-05-17 03:10:27 | INFO     | ss_crawler | [lens_scraper] Detected focal: 35mm (from_model=True)
2026-05-17 03:10:27 | INFO     | ss_crawler | [lens_scraper] Using TITLE ONLY for matching: 'sigma modelis: 35mm 1.4 e...'
2026-05-17 03:10:27 | INFO     | ss_crawler | [lens_scraper] BEST MATCH: 35mm F1.4 DG HSM Art score=1.25
2026-05-17 03:10:27 | INFO     | ss_crawler | [lens_scraper] Matched [jokle]: Sigma_35mm_F1.4_DG_HSM_Art (100% confidence)
2026-05-17 03:10:27 | INFO     | ss_crawler | [crawler] Fetching : https://www.ss.com/msg/lv/electronics/photo-optics/objectives/ajfjg.html
2026-05-17 03:10:29 | INFO     | ss_crawler | [lens_scraper] Filtered [ajfjg]: filtered_jauns
2026-05-17 03:10:29 | INFO     | ss_crawler | [crawler] Fetching : https://www.ss.com/msg/lv/electronics/photo-optics/objectives/aahig.html
2026-05-17 03:10:32 | INFO     | ss_crawler | [lens_scraper] Filtered [aahig]: filtered_nikon
2026-05-17 03:10:32 | INFO     | ss_crawler | [crawler] Fetching : https://www.ss.com/msg/lv/electronics/photo-optics/objectives/bgoiok.html
2026-05-17 03:10:35 | INFO     | ss_crawler | [lens_scraper] Filtered [bgoiok]: filtered_jauns
2026-05-17 03:10:35 | INFO     | ss_crawler | [lens_scraper] Fetching page 3: https://www.ss.com/lv/electronics/photo-optics/objectives/page3.html
2026-05-17 03:10:35 | INFO     | ss_crawler | [crawler] Fetching : https://www.ss.com/lv/electronics/photo-optics/objectives/page3.html
2026-05-17 03:10:38 | INFO     | ss_crawler | [lens_scraper] Found 32 listings on page 3
2026-05-17 03:10:38 | INFO     | ss_crawler | [crawler] Fetching : https://www.ss.com/msg/lv/electronics/photo-optics/objectives/jpkxo.html
2026-05-17 03:10:40 | INFO     | ss_crawler | [lens_scraper] Filtered [jpkxo]: filtered_jauns
2026-05-17 03:10:40 | INFO     | ss_crawler | [crawler] Fetching : https://www.ss.com/msg/lv/electronics/photo-optics/objectives/jpkxo.html
2026-05-17 03:10:42 | INFO     | ss_crawler | [lens_scraper] Filtered [jpkxo]: filtered_jauns
2026-05-17 03:10:42 | INFO     | ss_crawler | [crawler] Fetching : https://www.ss.com/msg/lv/electronics/photo-optics/objectives/jpkxo.html
2026-05-17 03:10:44 | INFO     | ss_crawler | [lens_scraper] Filtered [jpkxo]: filtered_jauns
2026-05-17 03:10:44 | INFO     | ss_crawler | [crawler] Fetching : https://www.ss.com/msg/lv/electronics/photo-optics/objectives/beggdi.html
2026-05-17 03:10:47 | INFO     | ss_crawler | [lens_scraper] Filtered [beggdi]: filtered_jauns
2026-05-17 03:10:47 | INFO     | ss_crawler | [crawler] Fetching : https://www.ss.com/msg/lv/electronics/photo-optics/objectives/eegjb.html
2026-05-17 03:10:50 | INFO     | ss_crawler | [lens_scraper] MODEL EXTRACTED: '18-200'
2026-05-17 03:10:50 | INFO     | ss_crawler | [lens_scraper] MOUNT DETECT: E
2026-05-17 03:10:50 | INFO     | ss_crawler | [lens_scraper] Detected focal: 18mm-200mm (from_model=True)
2026-05-17 03:10:50 | INFO     | ss_crawler | [lens_scraper] Using TITLE ONLY for matching: 'sony modelis: 18-200...'
2026-05-17 03:10:50 | INFO     | ss_crawler | [lens_scraper] BEST MATCH: Sony E 18-200mm F3.5-6.3 OSS score=1.35
2026-05-17 03:10:50 | INFO     | ss_crawler | [lens_scraper] Matched [eegjb]: Sony_Sony_E_18-200mm_F3.5-6.3_OSS (100% confidence)
2026-05-17 03:10:50 | INFO     | ss_crawler | [crawler] Fetching : https://www.ss.com/msg/lv/electronics/photo-optics/objectives/begmdo.html
2026-05-17 03:10:53 | INFO     | ss_crawler | [lens_scraper] MODEL EXTRACTED: '20-40 f2.8'
2026-05-17 03:10:53 | INFO     | ss_crawler | [lens_scraper] MOUNT DETECT: E
2026-05-17 03:10:53 | INFO     | ss_crawler | [lens_scraper] Detected focal: 20mm-40mm (from_model=True)
2026-05-17 03:10:53 | INFO     | ss_crawler | [lens_scraper] Using TITLE ONLY for matching: 'tamron modelis: 20-40 f2.8...'
2026-05-17 03:10:53 | INFO     | ss_crawler | [lens_scraper] BEST MATCH: Tamron 20-40mm F/2.8 Di III VXD score=0.95
2026-05-17 03:10:53 | INFO     | ss_crawler | [lens_scraper] Matched [begmdo]: Tamron_Tamron_20-40mm_F_2.8_Di_III_VXD (95% confidence)
2026-05-17 03:10:53 | INFO     | ss_crawler | [crawler] Fetching : https://www.ss.com/msg/lv/electronics/photo-optics/objectives/cdoge.html
2026-05-17 03:10:55 | INFO     | ss_crawler | [lens_scraper] Filtered [cdoge]: filtered_nikon
2026-05-17 03:10:55 | INFO     | ss_crawler | [crawler] Fetching : https://www.ss.com/msg/lv/electronics/photo-optics/objectives/cbjpb.html
2026-05-17 03:10:57 | INFO     | ss_crawler | [lens_scraper] Filtered [cbjpb]: filtered_nikon
2026-05-17 03:10:57 | INFO     | ss_crawler | [crawler] Fetching : https://www.ss.com/msg/lv/electronics/photo-optics/objectives/aafxg.html
2026-05-17 03:11:00 | INFO     | ss_crawler | [lens_scraper] MODEL EXTRACTED: 'ef 35 1.4l'
2026-05-17 03:11:00 | INFO     | ss_crawler | [lens_scraper] MOUNT DETECT: EF
2026-05-17 03:11:00 | INFO     | ss_crawler | [lens_scraper] Detected focal: 35mm (from_model=True)
2026-05-17 03:11:00 | INFO     | ss_crawler | [lens_scraper] Using TITLE ONLY for matching: 'canon modelis: ef 35 1.4l...'
2026-05-17 03:11:00 | INFO     | ss_crawler | [lens_scraper] BEST MATCH: 35mm F1.4L USM score=1.60
2026-05-17 03:11:00 | INFO     | ss_crawler | [lens_scraper] Matched [aafxg]: Canon_35mm_F1.4L_USM (100% confidence)
2026-05-17 03:11:00 | INFO     | ss_crawler | [crawler] Fetching : https://www.ss.com/msg/lv/electronics/photo-optics/objectives/bjdpgm.html
2026-05-17 03:11:02 | INFO     | ss_crawler | [lens_scraper] MODEL EXTRACTED: 'ef 24-70 f2.8'
2026-05-17 03:11:02 | INFO     | ss_crawler | [lens_scraper] MOUNT DETECT: EF
2026-05-17 03:11:02 | INFO     | ss_crawler | [lens_scraper] Detected focal: 24mm-70mm (from_model=True)
2026-05-17 03:11:02 | INFO     | ss_crawler | [lens_scraper] Using TITLE ONLY for matching: 'canon modelis: ef 24-70 f2.8...'
2026-05-17 03:11:02 | INFO     | ss_crawler | [lens_scraper] BEST MATCH: 24-70mm F2.8L II USM score=1.60
2026-05-17 03:11:02 | INFO     | ss_crawler | [lens_scraper] Matched [bjdpgm]: Canon_24-70mm_F2.8L_II_USM (100% confidence)
2026-05-17 03:11:02 | INFO     | ss_crawler | [crawler] Fetching : https://www.ss.com/msg/lv/electronics/photo-optics/objectives/kbicb.html
2026-05-17 03:11:06 | INFO     | ss_crawler | [lens_scraper] Filtered [kbicb]: filtered_jauns
2026-05-17 03:11:06 | INFO     | ss_crawler | [crawler] Fetching : https://www.ss.com/msg/lv/electronics/photo-optics/objectives/cheix.html
2026-05-17 03:11:07 | INFO     | ss_crawler | [lens_scraper] Filtered [cheix]: filtered_jauns
2026-05-17 03:11:07 | INFO     | ss_crawler | [crawler] Fetching : https://www.ss.com/msg/lv/electronics/photo-optics/objectives/pdmok.html
2026-05-17 03:11:09 | INFO     | ss_crawler | [lens_scraper] Filtered [pdmok]: filtered_nikon
2026-05-17 03:11:09 | INFO     | ss_crawler | [crawler] Fetching : https://www.ss.com/msg/lv/electronics/photo-optics/objectives/pehhc.html
2026-05-17 03:11:11 | INFO     | ss_crawler | [lens_scraper] Filtered [pehhc]: filtered_jauns
2026-05-17 03:11:11 | INFO     | ss_crawler | [crawler] Fetching : https://www.ss.com/msg/lv/electronics/photo-optics/objectives/ajfjm.html
2026-05-17 03:11:14 | INFO     | ss_crawler | [lens_scraper] Filtered [ajfjm]: filtered_nikon
2026-05-17 03:11:14 | INFO     | ss_crawler | [crawler] Fetching : https://www.ss.com/msg/lv/electronics/photo-optics/objectives/bhoehi.html
2026-05-17 03:11:16 | INFO     | ss_crawler | [lens_scraper] Filtered [bhoehi]: filtered_nikon
2026-05-17 03:11:16 | INFO     | ss_crawler | [crawler] Fetching : https://www.ss.com/msg/lv/electronics/photo-optics/objectives/cfjno.html
2026-05-17 03:11:19 | INFO     | ss_crawler | [lens_scraper] MODEL EXTRACTED: '56mm f1.7 sony'
2026-05-17 03:11:19 | INFO     | ss_crawler | [lens_scraper] MOUNT DETECT: E
2026-05-17 03:11:19 | INFO     | ss_crawler | [lens_scraper] Detected focal: 56mm (from_model=True)
2026-05-17 03:11:19 | INFO     | ss_crawler | [lens_scraper] Using TITLE ONLY for matching: 'viltrox modelis: 56mm f1.7 sony...'
2026-05-17 03:11:19 | INFO     | ss_crawler | [lens_scraper] BEST MATCH: Viltrox AF 56mm F1.7 Air score=0.95
2026-05-17 03:11:19 | INFO     | ss_crawler | [lens_scraper] Matched [cfjno]: Viltrox_Viltrox_AF_56mm_F1.7_Air (95% confidence)
2026-05-17 03:11:19 | INFO     | ss_crawler | [crawler] Fetching : https://www.ss.com/msg/lv/electronics/photo-optics/objectives/bgpdcn.html
2026-05-17 03:11:22 | INFO     | ss_crawler | [lens_scraper] MODEL EXTRACTED: 'xf 18mm 1.4 wr'
2026-05-17 03:11:22 | INFO     | ss_crawler | [lens_scraper] MOUNT DETECT: E
2026-05-17 03:11:22 | INFO     | ss_crawler | [lens_scraper] Detected focal: 18mm (from_model=True)
2026-05-17 03:11:22 | INFO     | ss_crawler | [lens_scraper] Using TITLE ONLY for matching: 'fujifilm modelis: xf 18mm 1.4 wr...'
2026-05-17 03:11:23 | INFO     | ss_crawler | [lens_scraper] BEST MATCH: 18mm F3.5 Distagon T* ZE score=0.70
2026-05-17 03:11:23 | INFO     | ss_crawler | [lens_scraper] Matched [bgpdcn]: Zeiss_18mm_F3.5_Distagon_T*_ZE (70% confidence)
2026-05-17 03:11:23 | INFO     | ss_crawler | [crawler] Fetching : https://www.ss.com/msg/lv/electronics/photo-optics/objectives/bigojb.html
2026-05-17 03:11:25 | INFO     | ss_crawler | [lens_scraper] MODEL EXTRACTED: '11 (m42)'
2026-05-17 03:11:25 | INFO     | ss_crawler | [lens_scraper] MOUNT DETECT: E
2026-05-17 03:11:25 | INFO     | ss_crawler | [lens_scraper] Detected focal: 11mm (from_model=True)
2026-05-17 03:11:25 | INFO     | ss_crawler | [lens_scraper] Using TITLE ONLY for matching: 'jupiter modelis: 11 (m42)...'
2026-05-17 03:11:25 | INFO     | ss_crawler | [lens_scraper] No match for [bigojb]
2026-05-17 03:11:25 | INFO     | ss_crawler | [crawler] Fetching : https://www.ss.com/msg/lv/electronics/photo-optics/objectives/cenfc.html
2026-05-17 03:11:26 | INFO     | ss_crawler | [lens_scraper] MODEL EXTRACTED: '85mm f5.6'
2026-05-17 03:11:26 | INFO     | ss_crawler | [lens_scraper] MOUNT DETECT: None
2026-05-17 03:11:26 | INFO     | ss_crawler | [lens_scraper] Detected focal: 85mm (from_model=True)
2026-05-17 03:11:26 | INFO     | ss_crawler | [lens_scraper] Using TITLE ONLY for matching: 'laowa modelis: 85mm f5.6...'
2026-05-17 03:11:26 | INFO     | ss_crawler | [lens_scraper] BEST MATCH: 85mm F1.4L IS USM score=1.25
2026-05-17 03:11:26 | INFO     | ss_crawler | [lens_scraper] Matched [cenfc]: Canon_85mm_F1.4L_IS_USM (100% confidence)
2026-05-17 03:11:26 | INFO     | ss_crawler | [crawler] Fetching : https://www.ss.com/msg/lv/electronics/photo-optics/objectives/bjjbbf.html
2026-05-17 03:11:29 | INFO     | ss_crawler | [lens_scraper] Filtered [bjjbbf]: filtered_jauns
2026-05-17 03:11:29 | INFO     | ss_crawler | [crawler] Fetching : https://www.ss.com/msg/lv/electronics/photo-optics/objectives/bfcogn.html
2026-05-17 03:11:31 | INFO     | ss_crawler | [lens_scraper] MODEL EXTRACTED: '28-105'
2026-05-17 03:11:31 | INFO     | ss_crawler | [lens_scraper] MOUNT DETECT: E
2026-05-17 03:11:31 | INFO     | ss_crawler | [lens_scraper] Detected focal: 28mm-105mm (from_model=True)
2026-05-17 03:11:31 | INFO     | ss_crawler | [lens_scraper] Using TITLE ONLY for matching: 'minolta modelis: 28-105...'
2026-05-17 03:11:31 | INFO     | ss_crawler | [lens_scraper] BEST MATCH: Sony E PZ 18-105mm F4 G OSS score=0.85
2026-05-17 03:11:31 | INFO     | ss_crawler | [lens_scraper] Matched [bfcogn]: Sony_Sony_E_PZ_18-105mm_F4_G_OSS (85% confidence)
2026-05-17 03:11:31 | INFO     | ss_crawler | [crawler] Fetching : https://www.ss.com/msg/lv/electronics/photo-optics/objectives/afgxp.html
2026-05-17 03:11:33 | INFO     | ss_crawler | [lens_scraper] MODEL EXTRACTED: '80-200mm'
2026-05-17 03:11:33 | INFO     | ss_crawler | [lens_scraper] MOUNT DETECT: E
2026-05-17 03:11:33 | INFO     | ss_crawler | [lens_scraper] Detected focal: 80mm-200mm (from_model=True)
2026-05-17 03:11:33 | INFO     | ss_crawler | [lens_scraper] Using TITLE ONLY for matching: 'minolta modelis: 80-200mm...'
2026-05-17 03:11:33 | INFO     | ss_crawler | [lens_scraper] BEST MATCH: Sony E 18-200mm F3.5-6.3 OSS score=0.85
2026-05-17 03:11:33 | INFO     | ss_crawler | [lens_scraper] Matched [afgxp]: Sony_Sony_E_18-200mm_F3.5-6.3_OSS (85% confidence)
2026-05-17 03:11:33 | INFO     | ss_crawler | [crawler] Fetching : https://www.ss.com/msg/lv/electronics/photo-optics/objectives/bgninh.html
2026-05-17 03:11:36 | INFO     | ss_crawler | [lens_scraper] MODEL EXTRACTED: '50 mm'
2026-05-17 03:11:36 | INFO     | ss_crawler | [lens_scraper] MOUNT DETECT: E
2026-05-17 03:11:36 | INFO     | ss_crawler | [lens_scraper] Detected focal: 50mm (from_model=True)
2026-05-17 03:11:36 | INFO     | ss_crawler | [lens_scraper] Using TITLE ONLY for matching: 'minolta modelis: 50 mm...'
2026-05-17 03:11:36 | INFO     | ss_crawler | [lens_scraper] BEST MATCH: Sony E PZ 16-50mm F3.5-5.6 OSS score=0.80
2026-05-17 03:11:36 | INFO     | ss_crawler | [lens_scraper] Matched [bgninh]: Sony_Sony_E_PZ_16-50mm_F3.5-5.6_OSS (80% confidence)
2026-05-17 03:11:36 | INFO     | ss_crawler | [crawler] Fetching : https://www.ss.com/msg/lv/electronics/photo-optics/objectives/bcfmdk.html
2026-05-17 03:11:39 | INFO     | ss_crawler | [lens_scraper] Filtered [bcfmdk]: filtered_jauns
2026-05-17 03:11:39 | INFO     | ss_crawler | [crawler] Fetching : https://www.ss.com/msg/lv/electronics/photo-optics/objectives/kckbe.html
2026-05-17 03:11:43 | INFO     | ss_crawler | [lens_scraper] Filtered [kckbe]: filtered_nikon
2026-05-17 03:11:43 | INFO     | ss_crawler | [crawler] Fetching : https://www.ss.com/msg/lv/electronics/photo-optics/objectives/bhbeic.html
2026-05-17 03:11:46 | INFO     | ss_crawler | [lens_scraper] MODEL EXTRACTED: '90mm'
2026-05-17 03:11:46 | INFO     | ss_crawler | [lens_scraper] MOUNT DETECT: E
2026-05-17 03:11:46 | INFO     | ss_crawler | [lens_scraper] Detected focal: 90mm (from_model=True)
2026-05-17 03:11:46 | INFO     | ss_crawler | [lens_scraper] Using TITLE ONLY for matching: 'sony modelis: 90mm...'
2026-05-17 03:11:46 | INFO     | ss_crawler | [lens_scraper] BEST MATCH: Sony FE 90mm F2.8 Macro G OSS score=0.80
2026-05-17 03:11:46 | INFO     | ss_crawler | [lens_scraper] Matched [bhbeic]: Sony_Sony_FE_90mm_F2.8_Macro_G_OSS (80% confidence)
2026-05-17 03:11:46 | INFO     | ss_crawler | [crawler] Fetching : https://www.ss.com/msg/lv/electronics/photo-optics/objectives/fnppl.html
2026-05-17 03:11:48 | INFO     | ss_crawler | [lens_scraper] Filtered [fnppl]: filtered_jauns
2026-05-17 03:11:48 | INFO     | ss_crawler | [crawler] Fetching : https://www.ss.com/msg/lv/electronics/photo-optics/objectives/opjkn.html
2026-05-17 03:11:51 | INFO     | ss_crawler | [lens_scraper] Filtered [opjkn]: filtered_jauns
2026-05-17 03:11:51 | INFO     | ss_crawler | [crawler] Fetching : https://www.ss.com/msg/lv/electronics/photo-optics/objectives/cdjkh.html
2026-05-17 03:11:54 | INFO     | ss_crawler | [lens_scraper] Filtered [cdjkh]: filtered_jauns
2026-05-17 03:11:54 | INFO     | ss_crawler | [crawler] Fetching : https://www.ss.com/msg/lv/electronics/photo-optics/objectives/aaeon.html
2026-05-17 03:11:57 | INFO     | ss_crawler | [lens_scraper] Filtered [aaeon]: filtered_nikon
2026-05-17 03:11:57 | INFO     | ss_crawler | [crawler] Fetching : https://www.ss.com/msg/lv/electronics/photo-optics/objectives/hcgfm.html
2026-05-17 03:12:00 | INFO     | ss_crawler | [lens_scraper] Filtered [hcgfm]: filtered_jauns
2026-05-17 03:12:00 | INFO     | ss_crawler | [lens_scraper] Fetching page 4: https://www.ss.com/lv/electronics/photo-optics/objectives/page4.html
2026-05-17 03:12:00 | INFO     | ss_crawler | [crawler] Fetching : https://www.ss.com/lv/electronics/photo-optics/objectives/page4.html
2026-05-17 03:12:01 | INFO     | ss_crawler | [lens_scraper] Found 32 listings on page 4
2026-05-17 03:12:01 | INFO     | ss_crawler | [crawler] Fetching : https://www.ss.com/msg/lv/electronics/photo-optics/objectives/exhmn.html
2026-05-17 03:12:05 | INFO     | ss_crawler | [lens_scraper] Filtered [exhmn]: filtered_jauns
2026-05-17 03:12:05 | INFO     | ss_crawler | [crawler] Fetching : https://www.ss.com/msg/lv/electronics/photo-optics/objectives/exhmn.html
2026-05-17 03:12:07 | INFO     | ss_crawler | [lens_scraper] Filtered [exhmn]: filtered_jauns
2026-05-17 03:12:07 | INFO     | ss_crawler | [crawler] Fetching : https://www.ss.com/msg/lv/electronics/photo-optics/objectives/exhmn.html
2026-05-17 03:12:10 | INFO     | ss_crawler | [lens_scraper] Filtered [exhmn]: filtered_jauns
2026-05-17 03:12:10 | INFO     | ss_crawler | [crawler] Fetching : https://www.ss.com/msg/lv/electronics/photo-optics/objectives/hdxbf.html
2026-05-17 03:12:12 | INFO     | ss_crawler | [lens_scraper] Filtered [hdxbf]: filtered_nikon
2026-05-17 03:12:12 | INFO     | ss_crawler | [crawler] Fetching : https://www.ss.com/msg/lv/electronics/photo-optics/objectives/bhmcgn.html
2026-05-17 03:12:15 | INFO     | ss_crawler | [lens_scraper] Filtered [bhmcgn]: filtered_nikon
2026-05-17 03:12:15 | INFO     | ss_crawler | [crawler] Fetching : https://www.ss.com/msg/lv/electronics/photo-optics/objectives/kboep.html
2026-05-17 03:12:17 | INFO     | ss_crawler | [lens_scraper] Filtered [kboep]: filtered_jauns
2026-05-17 03:12:17 | INFO     | ss_crawler | [crawler] Fetching : https://www.ss.com/msg/lv/electronics/photo-optics/objectives/digbd.html
2026-05-17 03:12:20 | INFO     | ss_crawler | [lens_scraper] Filtered [digbd]: filtered_jauns
2026-05-17 03:12:20 | INFO     | ss_crawler | [crawler] Fetching : https://www.ss.com/msg/lv/electronics/photo-optics/objectives/kbhln.html
2026-05-17 03:12:23 | INFO     | ss_crawler | [lens_scraper] Filtered [kbhln]: filtered_jauns
2026-05-17 03:12:23 | INFO     | ss_crawler | [crawler] Fetching : https://www.ss.com/msg/lv/electronics/photo-optics/objectives/bioxfn.html
2026-05-17 03:12:25 | INFO     | ss_crawler | [lens_scraper] Filtered [bioxfn]: filtered_jauns
2026-05-17 03:12:25 | INFO     | ss_crawler | [crawler] Fetching : https://www.ss.com/msg/lv/electronics/photo-optics/objectives/kbfkf.html
2026-05-17 03:12:29 | INFO     | ss_crawler | [lens_scraper] Filtered [kbfkf]: filtered_nikon
2026-05-17 03:12:29 | INFO     | ss_crawler | [crawler] Fetching : https://www.ss.com/msg/lv/electronics/photo-optics/objectives/abcjm.html
2026-05-17 03:12:31 | INFO     | ss_crawler | [lens_scraper] Filtered [abcjm]: filtered_nikon
2026-05-17 03:12:31 | INFO     | ss_crawler | [crawler] Fetching : https://www.ss.com/msg/lv/electronics/photo-optics/objectives/edkbf.html
2026-05-17 03:12:34 | INFO     | ss_crawler | [lens_scraper] MODEL EXTRACTED: '18-50mm'
2026-05-17 03:12:34 | INFO     | ss_crawler | [lens_scraper] MOUNT DETECT: E
2026-05-17 03:12:34 | INFO     | ss_crawler | [lens_scraper] Detected focal: 18mm-50mm (from_model=True)
2026-05-17 03:12:34 | INFO     | ss_crawler | [lens_scraper] Using TITLE ONLY for matching: 'sigma modelis: 18-50mm...'
2026-05-17 03:12:34 | INFO     | ss_crawler | [lens_scraper] BEST MATCH: Sigma 18-50mm F2.8 DC DN | Contemporary score=1.35
2026-05-17 03:12:34 | INFO     | ss_crawler | [lens_scraper] Matched [edkbf]: Sigma_Sigma_18-50mm_F2.8_DC_DN_|_Contemporary (100% confidence)
2026-05-17 03:12:34 | INFO     | ss_crawler | [crawler] Fetching : https://www.ss.com/msg/lv/electronics/photo-optics/objectives/bkkxox.html
2026-05-17 03:12:37 | INFO     | ss_crawler | [lens_scraper] MODEL EXTRACTED: '44m-6'
2026-05-17 03:12:37 | INFO     | ss_crawler | [lens_scraper] MOUNT DETECT: None
2026-05-17 03:12:37 | INFO     | ss_crawler | [lens_scraper] No match for [bkkxox]
2026-05-17 03:12:37 | INFO     | ss_crawler | [crawler] Fetching : https://www.ss.com/msg/lv/electronics/photo-optics/objectives/fccjo.html
2026-05-17 03:12:39 | INFO     | ss_crawler | [lens_scraper] Filtered [fccjo]: filtered_nikon
2026-05-17 03:12:39 | INFO     | ss_crawler | [crawler] Fetching : https://www.ss.com/msg/lv/electronics/photo-optics/objectives/hfdkf.html
2026-05-17 03:12:42 | INFO     | ss_crawler | [lens_scraper] Filtered [hfdkf]: filtered_nikon
2026-05-17 03:12:42 | INFO     | ss_crawler | [crawler] Fetching : https://www.ss.com/msg/lv/electronics/photo-optics/objectives/bgooen.html
2026-05-17 03:12:44 | INFO     | ss_crawler | [lens_scraper] MODEL EXTRACTED: '16-70mm 4 zeis'
2026-05-17 03:12:44 | INFO     | ss_crawler | [lens_scraper] MOUNT DETECT: E
2026-05-17 03:12:44 | INFO     | ss_crawler | [lens_scraper] Detected focal: 16mm-70mm (from_model=True)
2026-05-17 03:12:44 | INFO     | ss_crawler | [lens_scraper] Using TITLE ONLY for matching: 'sony modelis: 16-70mm 4 zeis...'
2026-05-17 03:12:44 | INFO     | ss_crawler | [lens_scraper] BEST MATCH: Sony Zeiss Vario-Tessar T* E 16-70mm F4 ZA OSS score=1.35
2026-05-17 03:12:44 | INFO     | ss_crawler | [lens_scraper] Matched [bgooen]: Sony_Sony_Zeiss_Vario-Tessar_T*_E_16-70mm_F4_ZA_OSS (100% confidence)
2026-05-17 03:12:44 | INFO     | ss_crawler | [crawler] Fetching : https://www.ss.com/msg/lv/electronics/photo-optics/objectives/dbxee.html
2026-05-17 03:12:46 | INFO     | ss_crawler | [lens_scraper] MODEL EXTRACTED: 'ef 17-40mm f/4'
2026-05-17 03:12:46 | INFO     | ss_crawler | [lens_scraper] MOUNT DETECT: EF
2026-05-17 03:12:46 | INFO     | ss_crawler | [lens_scraper] Detected focal: 17mm-40mm (from_model=True)
2026-05-17 03:12:46 | INFO     | ss_crawler | [lens_scraper] Using TITLE ONLY for matching: 'canon modelis: ef 17-40mm f/4...'
2026-05-17 03:12:46 | INFO     | ss_crawler | [lens_scraper] BEST MATCH: 17-40mm F4L USM score=1.60
2026-05-17 03:12:46 | INFO     | ss_crawler | [lens_scraper] Matched [dbxee]: Canon_17-40mm_F4L_USM (100% confidence)
2026-05-17 03:12:46 | INFO     | ss_crawler | [crawler] Fetching : https://www.ss.com/msg/lv/electronics/photo-optics/objectives/dccch.html
2026-05-17 03:12:48 | INFO     | ss_crawler | [lens_scraper] MODEL EXTRACTED: '135mm'
2026-05-17 03:12:48 | INFO     | ss_crawler | [lens_scraper] MOUNT DETECT: None
2026-05-17 03:12:48 | INFO     | ss_crawler | [lens_scraper] Detected focal: 135mm (from_model=True)
2026-05-17 03:12:48 | INFO     | ss_crawler | [lens_scraper] Using TITLE ONLY for matching: 'vivtar modelis: 135mm...'
2026-05-17 03:12:48 | INFO     | ss_crawler | [lens_scraper] BEST MATCH: 135mm f/1.8 L IS USM score=0.85
2026-05-17 03:12:48 | INFO     | ss_crawler | [lens_scraper] Matched [dccch]: Canon_135mm_f_1.8_L_IS_USM (85% confidence)
2026-05-17 03:12:48 | INFO     | ss_crawler | [crawler] Fetching : https://www.ss.com/msg/lv/electronics/photo-optics/objectives/goxhg.html
2026-05-17 03:12:50 | INFO     | ss_crawler | [lens_scraper] MODEL EXTRACTED: 'ef 70-300 mm'
2026-05-17 03:12:50 | INFO     | ss_crawler | [lens_scraper] MOUNT DETECT: EF
2026-05-17 03:12:50 | INFO     | ss_crawler | [lens_scraper] Detected focal: 70mm-300mm (from_model=True)
2026-05-17 03:12:50 | INFO     | ss_crawler | [lens_scraper] Using TITLE ONLY for matching: 'canon modelis: ef 70-300 mm...'
2026-05-17 03:12:50 | INFO     | ss_crawler | [lens_scraper] BEST MATCH: 70-300mm F4-5.6L IS USM score=1.45
2026-05-17 03:12:50 | INFO     | ss_crawler | [lens_scraper] Matched [goxhg]: Canon_70-300mm_F4-5.6L_IS_USM (100% confidence)
2026-05-17 03:12:50 | INFO     | ss_crawler | [crawler] Fetching : https://www.ss.com/msg/lv/electronics/photo-optics/objectives/ffcdl.html
2026-05-17 03:12:52 | INFO     | ss_crawler | [lens_scraper] MODEL EXTRACTED: '24-105mm f/4 l'
2026-05-17 03:12:52 | INFO     | ss_crawler | [lens_scraper] MOUNT DETECT: EF
2026-05-17 03:12:52 | INFO     | ss_crawler | [lens_scraper] Detected focal: 24mm-105mm (from_model=True)
2026-05-17 03:12:52 | INFO     | ss_crawler | [lens_scraper] Using TITLE ONLY for matching: 'canon modelis: 24-105mm f/4 l...'
2026-05-17 03:12:52 | INFO     | ss_crawler | [lens_scraper] BEST MATCH: 24-105mm F4L IS USM score=1.60
2026-05-17 03:12:52 | INFO     | ss_crawler | [lens_scraper] Matched [ffcdl]: Canon_24-105mm_F4L_IS_USM (100% confidence)
2026-05-17 03:12:52 | INFO     | ss_crawler | [crawler] Fetching : https://www.ss.com/msg/lv/electronics/photo-optics/objectives/bfcmpj.html
2026-05-17 03:12:54 | INFO     | ss_crawler | [lens_scraper] Filtered [bfcmpj]: filtered_nikon
2026-05-17 03:12:54 | INFO     | ss_crawler | [crawler] Fetching : https://www.ss.com/msg/lv/electronics/photo-optics/objectives/aebcf.html
2026-05-17 03:12:58 | INFO     | ss_crawler | [lens_scraper] MODEL EXTRACTED: '24-105 f4'
2026-05-17 03:12:58 | INFO     | ss_crawler | [lens_scraper] MOUNT DETECT: EF
2026-05-17 03:12:58 | INFO     | ss_crawler | [lens_scraper] Detected focal: 24mm-105mm (from_model=True)
2026-05-17 03:12:58 | INFO     | ss_crawler | [lens_scraper] Using TITLE ONLY for matching: 'canon modelis: 24-105 f4...'
2026-05-17 03:12:58 | INFO     | ss_crawler | [lens_scraper] BEST MATCH: 24-105mm F4L IS USM score=1.50
2026-05-17 03:12:58 | INFO     | ss_crawler | [lens_scraper] Matched [aebcf]: Canon_24-105mm_F4L_IS_USM (100% confidence)
2026-05-17 03:12:58 | INFO     | ss_crawler | [crawler] Fetching : https://www.ss.com/msg/lv/electronics/photo-optics/objectives/gghne.html
2026-05-17 03:13:01 | INFO     | ss_crawler | [lens_scraper] MODEL EXTRACTED: 'ef 50mm 1:1.4'
2026-05-17 03:13:01 | INFO     | ss_crawler | [lens_scraper] MOUNT DETECT: EF
2026-05-17 03:13:01 | INFO     | ss_crawler | [lens_scraper] Detected focal: 50mm (from_model=True)
2026-05-17 03:13:01 | INFO     | ss_crawler | [lens_scraper] Using TITLE ONLY for matching: 'canon modelis: ef 50mm 1:1.4...'
2026-05-17 03:13:01 | INFO     | ss_crawler | [lens_scraper] BEST MATCH: 50mm F1.4 USM score=1.50
2026-05-17 03:13:01 | INFO     | ss_crawler | [lens_scraper] Matched [gghne]: Canon_50mm_F1.4_USM (100% confidence)
2026-05-17 03:13:01 | INFO     | ss_crawler | [crawler] Fetching : https://www.ss.com/msg/lv/electronics/photo-optics/objectives/bkkejl.html
2026-05-17 03:13:02 | INFO     | ss_crawler | [lens_scraper] MODEL EXTRACTED: '24-70 f2.8 g2'
2026-05-17 03:13:02 | INFO     | ss_crawler | [lens_scraper] MOUNT DETECT: EF
2026-05-17 03:13:02 | INFO     | ss_crawler | [lens_scraper] Detected focal: 24mm-70mm (from_model=True)
2026-05-17 03:13:02 | INFO     | ss_crawler | [lens_scraper] Using TITLE ONLY for matching: 'tamron canon modelis: 24-70 f2.8 g2...'
2026-05-17 03:13:02 | INFO     | ss_crawler | [lens_scraper] BEST MATCH: 24-70mm F2.8 Di VC USD G2 score=1.50
2026-05-17 03:13:02 | INFO     | ss_crawler | [lens_scraper] Matched [bkkejl]: Tamron_24-70mm_F2.8_Di_VC_USD_G2 (100% confidence)
2026-05-17 03:13:02 | INFO     | ss_crawler | [crawler] Fetching : https://www.ss.com/msg/lv/electronics/photo-optics/objectives/bgmoho.html
2026-05-17 03:13:05 | INFO     | ss_crawler | [lens_scraper] MODEL EXTRACTED: '40mm f/2.8 stm'
2026-05-17 03:13:05 | INFO     | ss_crawler | [lens_scraper] MOUNT DETECT: EF
2026-05-17 03:13:05 | INFO     | ss_crawler | [lens_scraper] Detected focal: 40mm (from_model=True)
2026-05-17 03:13:05 | INFO     | ss_crawler | [lens_scraper] Using TITLE ONLY for matching: 'canon modelis: 40mm f/2.8 stm...'
2026-05-17 03:13:06 | INFO     | ss_crawler | [lens_scraper] BEST MATCH: 40mm F2.8 STM score=1.60
2026-05-17 03:13:06 | INFO     | ss_crawler | [lens_scraper] Matched [bgmoho]: Canon_40mm_F2.8_STM (100% confidence)
2026-05-17 03:13:06 | INFO     | ss_crawler | [crawler] Fetching : https://www.ss.com/msg/lv/electronics/photo-optics/objectives/bhxnmk.html
2026-05-17 03:13:08 | INFO     | ss_crawler | [lens_scraper] MODEL EXTRACTED: '50mm f/1.2 l'
2026-05-17 03:13:08 | INFO     | ss_crawler | [lens_scraper] MOUNT DETECT: EF
2026-05-17 03:13:08 | INFO     | ss_crawler | [lens_scraper] Detected focal: 50mm (from_model=True)
2026-05-17 03:13:08 | INFO     | ss_crawler | [lens_scraper] Using TITLE ONLY for matching: 'canon modelis: 50mm f/1.2 l...'
2026-05-17 03:13:08 | INFO     | ss_crawler | [lens_scraper] BEST MATCH: 50mm F1.2L USM score=1.60
2026-05-17 03:13:08 | INFO     | ss_crawler | [lens_scraper] Matched [bhxnmk]: Canon_50mm_F1.2L_USM (100% confidence)
2026-05-17 03:13:08 | INFO     | ss_crawler | [crawler] Fetching : https://www.ss.com/msg/lv/electronics/photo-optics/objectives/bfkoon.html
2026-05-17 03:13:11 | INFO     | ss_crawler | [lens_scraper] MODEL EXTRACTED: 'ef 24-105 l'
2026-05-17 03:13:11 | INFO     | ss_crawler | [lens_scraper] MOUNT DETECT: EF
2026-05-17 03:13:11 | INFO     | ss_crawler | [lens_scraper] Detected focal: 24mm-105mm (from_model=True)
2026-05-17 03:13:11 | INFO     | ss_crawler | [lens_scraper] Using TITLE ONLY for matching: 'canon modelis: ef 24-105 l...'
2026-05-17 03:13:11 | INFO     | ss_crawler | [lens_scraper] BEST MATCH: 24-105mm F4L IS USM score=1.45
2026-05-17 03:13:11 | INFO     | ss_crawler | [lens_scraper] Matched [bfkoon]: Canon_24-105mm_F4L_IS_USM (100% confidence)
2026-05-17 03:13:11 | INFO     | ss_crawler | [crawler] Fetching : https://www.ss.com/msg/lv/electronics/photo-optics/objectives/lhlcp.html
2026-05-17 03:13:15 | INFO     | ss_crawler | [lens_scraper] MODEL EXTRACTED: '16-35 f/2.8 ii'
2026-05-17 03:13:15 | INFO     | ss_crawler | [lens_scraper] MOUNT DETECT: EF
2026-05-17 03:13:15 | INFO     | ss_crawler | [lens_scraper] Detected focal: 16mm-35mm (from_model=True)
2026-05-17 03:13:15 | INFO     | ss_crawler | [lens_scraper] Using TITLE ONLY for matching: 'canon modelis: 16-35 f/2.8 ii...'
2026-05-17 03:13:15 | INFO     | ss_crawler | [lens_scraper] BEST MATCH: 16-35mm F2.8L II USM score=1.70
2026-05-17 03:13:15 | INFO     | ss_crawler | [lens_scraper] Matched [lhlcp]: Canon_16-35mm_F2.8L_II_USM (100% confidence)
2026-05-17 03:13:15 | INFO     | ss_crawler | [crawler] Fetching : https://www.ss.com/msg/lv/electronics/photo-optics/objectives/dpido.html
2026-05-17 03:13:17 | INFO     | ss_crawler | [lens_scraper] Filtered [dpido]: filtered_nikon
2026-05-17 03:13:17 | INFO     | ss_crawler | [crawler] Fetching : https://www.ss.com/msg/lv/electronics/photo-optics/objectives/kxhkk.html
2026-05-17 03:13:18 | INFO     | ss_crawler | [lens_scraper] Filtered [kxhkk]: filtered_nikon
2026-05-17 03:13:18 | INFO     | ss_crawler | [crawler] Fetching : https://www.ss.com/msg/lv/electronics/photo-optics/objectives/cdjcl.html
2026-05-17 03:13:21 | INFO     | ss_crawler | [lens_scraper] Filtered [cdjcl]: filtered_jauns
2026-05-17 03:13:21 | INFO     | ss_crawler | [crawler] Fetching : https://www.ss.com/msg/lv/electronics/photo-optics/objectives/bgnnhf.html
2026-05-17 03:13:25 | INFO     | ss_crawler | [lens_scraper] Filtered [bgnnhf]: filtered_jauns
2026-05-17 03:13:25 | INFO     | ss_crawler | [lens_scraper] Fetching page 5: https://www.ss.com/lv/electronics/photo-optics/objectives/page5.html
2026-05-17 03:13:25 | INFO     | ss_crawler | [crawler] Fetching : https://www.ss.com/lv/electronics/photo-optics/objectives/page5.html
2026-05-17 03:13:27 | INFO     | ss_crawler | [lens_scraper] Found 32 listings on page 5
2026-05-17 03:13:27 | INFO     | ss_crawler | [crawler] Fetching : https://www.ss.com/msg/lv/electronics/photo-optics/objectives/clxxf.html
2026-05-17 03:13:31 | INFO     | ss_crawler | [lens_scraper] MODEL EXTRACTED: 'xf 16-55mm'
2026-05-17 03:13:31 | INFO     | ss_crawler | [lens_scraper] MOUNT DETECT: None
2026-05-17 03:13:31 | INFO     | ss_crawler | [lens_scraper] Detected focal: 16mm-55mm (from_model=True)
2026-05-17 03:13:31 | INFO     | ss_crawler | [lens_scraper] Using TITLE ONLY for matching: 'fujifilm modelis: xf 16-55mm...'
2026-05-17 03:13:31 | INFO     | ss_crawler | [lens_scraper] BEST MATCH: Sony E 16-55mm F2.8 G score=0.85
2026-05-17 03:13:31 | INFO     | ss_crawler | [lens_scraper] Matched [clxxf]: Sony_Sony_E_16-55mm_F2.8_G (85% confidence)
2026-05-17 03:13:31 | INFO     | ss_crawler | [crawler] Fetching : https://www.ss.com/msg/lv/electronics/photo-optics/objectives/clxxf.html
2026-05-17 03:13:33 | INFO     | ss_crawler | [lens_scraper] MODEL EXTRACTED: 'xf 16-55mm'
2026-05-17 03:13:33 | INFO     | ss_crawler | [lens_scraper] MOUNT DETECT: None
2026-05-17 03:13:33 | INFO     | ss_crawler | [lens_scraper] Detected focal: 16mm-55mm (from_model=True)
2026-05-17 03:13:33 | INFO     | ss_crawler | [lens_scraper] Using TITLE ONLY for matching: 'fujifilm modelis: xf 16-55mm...'
2026-05-17 03:13:33 | INFO     | ss_crawler | [lens_scraper] BEST MATCH: Sony E 16-55mm F2.8 G score=0.85
2026-05-17 03:13:33 | INFO     | ss_crawler | [lens_scraper] Matched [clxxf]: Sony_Sony_E_16-55mm_F2.8_G (85% confidence)
2026-05-17 03:13:33 | INFO     | ss_crawler | [crawler] Fetching : https://www.ss.com/msg/lv/electronics/photo-optics/objectives/clxxf.html
2026-05-17 03:13:36 | INFO     | ss_crawler | [lens_scraper] MODEL EXTRACTED: 'xf 16-55mm'
2026-05-17 03:13:36 | INFO     | ss_crawler | [lens_scraper] MOUNT DETECT: None
2026-05-17 03:13:36 | INFO     | ss_crawler | [lens_scraper] Detected focal: 16mm-55mm (from_model=True)
2026-05-17 03:13:36 | INFO     | ss_crawler | [lens_scraper] Using TITLE ONLY for matching: 'fujifilm modelis: xf 16-55mm...'
2026-05-17 03:13:36 | INFO     | ss_crawler | [lens_scraper] BEST MATCH: Sony E 16-55mm F2.8 G score=0.85
2026-05-17 03:13:36 | INFO     | ss_crawler | [lens_scraper] Matched [clxxf]: Sony_Sony_E_16-55mm_F2.8_G (85% confidence)
2026-05-17 03:13:36 | INFO     | ss_crawler | [crawler] Fetching : https://www.ss.com/msg/lv/electronics/photo-optics/objectives/egjbf.html
2026-05-17 03:13:38 | INFO     | ss_crawler | [lens_scraper] MODEL EXTRACTED: '35mm f/2.0 us'
2026-05-17 03:13:38 | INFO     | ss_crawler | [lens_scraper] MOUNT DETECT: EF
2026-05-17 03:13:38 | INFO     | ss_crawler | [lens_scraper] Detected focal: 35mm (from_model=True)
2026-05-17 03:13:38 | INFO     | ss_crawler | [lens_scraper] Using TITLE ONLY for matching: 'canon modelis: 35mm f/2.0 us...'
2026-05-17 03:13:38 | INFO     | ss_crawler | [lens_scraper] BEST MATCH: 35mm F2 IS USM score=1.50
2026-05-17 03:13:38 | INFO     | ss_crawler | [lens_scraper] Matched [egjbf]: Canon_35mm_F2_IS_USM (100% confidence)
2026-05-17 03:13:38 | INFO     | ss_crawler | [crawler] Fetching : https://www.ss.com/msg/lv/electronics/photo-optics/objectives/dbpoj.html
2026-05-17 03:13:41 | INFO     | ss_crawler | [lens_scraper] MODEL EXTRACTED: 'rf 50mm f1.8 s'
2026-05-17 03:13:41 | INFO     | ss_crawler | [lens_scraper] MOUNT DETECT: RF
2026-05-17 03:13:41 | INFO     | ss_crawler | [lens_scraper] Detected focal: 50mm (from_model=True)
2026-05-17 03:13:41 | INFO     | ss_crawler | [lens_scraper] Using TITLE ONLY for matching: 'canon modelis: rf 50mm f1.8 s...'
2026-05-17 03:13:41 | INFO     | ss_crawler | [lens_scraper] BEST MATCH: 50mm f/1.8 STM score=1.50
2026-05-17 03:13:41 | INFO     | ss_crawler | [lens_scraper] Matched [dbpoj]: Canon_50mm_f_1.8_STM (100% confidence)
2026-05-17 03:13:41 | INFO     | ss_crawler | [crawler] Fetching : https://www.ss.com/msg/lv/electronics/photo-optics/objectives/dikbk.html
2026-05-17 03:13:44 | INFO     | ss_crawler | [lens_scraper] MODEL EXTRACTED: 'pol новый поляризационный ориг'
2026-05-17 03:13:44 | INFO     | ss_crawler | [lens_scraper] MOUNT DETECT: E
2026-05-17 03:13:44 | INFO     | ss_crawler | [lens_scraper] BEST MATCH: Sony E 10-18mm F4 OSS score=0.70
2026-05-17 03:13:44 | INFO     | ss_crawler | [lens_scraper] Matched [dikbk]: Sony_Sony_E_10-18mm_F4_OSS (70% confidence)
2026-05-17 03:13:44 | INFO     | ss_crawler | [crawler] Fetching : https://www.ss.com/msg/lv/electronics/photo-optics/objectives/bfcpoh.html
2026-05-17 03:13:47 | INFO     | ss_crawler | [lens_scraper] Filtered [bfcpoh]: filtered_nikon
2026-05-17 03:13:47 | INFO     | ss_crawler | [crawler] Fetching : https://www.ss.com/msg/lv/electronics/photo-optics/objectives/fpkfp.html
2026-05-17 03:13:50 | INFO     | ss_crawler | [lens_scraper] Filtered [fpkfp]: filtered_nikon
2026-05-17 03:13:50 | INFO     | ss_crawler | [crawler] Fetching : https://www.ss.com/msg/lv/electronics/photo-optics/objectives/bgmlxe.html
2026-05-17 03:13:53 | INFO     | ss_crawler | [lens_scraper] MODEL EXTRACTED: 'efs 18-135mm'
2026-05-17 03:13:53 | INFO     | ss_crawler | [lens_scraper] MOUNT DETECT: EF-S
2026-05-17 03:13:53 | INFO     | ss_crawler | [lens_scraper] Detected focal: 18mm-135mm (from_model=True)
2026-05-17 03:13:53 | INFO     | ss_crawler | [lens_scraper] Using TITLE ONLY for matching: 'canon modelis: efs 18-135mm...'
2026-05-17 03:13:53 | INFO     | ss_crawler | [lens_scraper] BEST MATCH: 18-135mm F3.5-5.6 IS score=1.35
2026-05-17 03:13:53 | INFO     | ss_crawler | [lens_scraper] Matched [bgmlxe]: Canon_18-135mm_F3.5-5.6_IS (100% confidence)
2026-05-17 03:13:53 | INFO     | ss_crawler | [crawler] Fetching : https://www.ss.com/msg/lv/electronics/photo-optics/objectives/fjpdp.html
2026-05-17 03:13:56 | INFO     | ss_crawler | [lens_scraper] Filtered [fjpdp]: filtered_nikon
2026-05-17 03:13:56 | INFO     | ss_crawler | [crawler] Fetching : https://www.ss.com/msg/lv/electronics/photo-optics/objectives/pdldj.html
2026-05-17 03:13:58 | INFO     | ss_crawler | [lens_scraper] MODEL EXTRACTED: 'pz0'
2026-05-17 03:13:58 | INFO     | ss_crawler | [lens_scraper] MOUNT DETECT: None
2026-05-17 03:13:58 | INFO     | ss_crawler | [lens_scraper] No match for [pdldj]
2026-05-17 03:13:58 | INFO     | ss_crawler | [crawler] Fetching : https://www.ss.com/msg/lv/electronics/photo-optics/objectives/egnnn.html
2026-05-17 03:14:01 | INFO     | ss_crawler | [lens_scraper] MODEL EXTRACTED: 'wd-h72'
2026-05-17 03:14:01 | INFO     | ss_crawler | [lens_scraper] MOUNT DETECT: None
2026-05-17 03:14:01 | INFO     | ss_crawler | [lens_scraper] BEST MATCH: 40mm F2.8 STM score=0.80
2026-05-17 03:14:01 | INFO     | ss_crawler | [lens_scraper] Matched [egnnn]: Canon_40mm_F2.8_STM (80% confidence)
2026-05-17 03:14:01 | INFO     | ss_crawler | [crawler] Fetching : https://www.ss.com/msg/lv/electronics/photo-optics/objectives/blgkoo.html
2026-05-17 03:14:04 | INFO     | ss_crawler | [lens_scraper] MODEL EXTRACTED: '17mm'
2026-05-17 03:14:04 | INFO     | ss_crawler | [lens_scraper] MOUNT DETECT: None
2026-05-17 03:14:04 | INFO     | ss_crawler | [lens_scraper] Detected focal: 17mm (from_model=True)
2026-05-17 03:14:04 | INFO     | ss_crawler | [lens_scraper] Using TITLE ONLY for matching: 'olympus modelis: 17mm...'
2026-05-17 03:14:04 | INFO     | ss_crawler | [lens_scraper] BEST MATCH: 17mm F4L TS-E score=0.85
2026-05-17 03:14:04 | INFO     | ss_crawler | [lens_scraper] Matched [blgkoo]: Canon_17mm_F4L_TS-E (85% confidence)
2026-05-17 03:14:04 | INFO     | ss_crawler | [crawler] Fetching : https://www.ss.com/msg/lv/electronics/photo-optics/objectives/mxfce.html
2026-05-17 03:14:07 | INFO     | ss_crawler | [lens_scraper] MODEL EXTRACTED: 'gorlitz-35mm'
2026-05-17 03:14:07 | INFO     | ss_crawler | [lens_scraper] MOUNT DETECT: None
2026-05-17 03:14:07 | INFO     | ss_crawler | [lens_scraper] Detected focal: 35mm (from_model=True)
2026-05-17 03:14:07 | INFO     | ss_crawler | [lens_scraper] Using TITLE ONLY for matching: 'meyer-optik modelis: gorlitz-35mm...'
2026-05-17 03:14:07 | INFO     | ss_crawler | [lens_scraper] BEST MATCH: 35mm F1.4 AS UMC score=0.85
2026-05-17 03:14:07 | INFO     | ss_crawler | [lens_scraper] Matched [mxfce]: Rokinon_35mm_F1.4_AS_UMC (85% confidence)
2026-05-17 03:14:07 | INFO     | ss_crawler | [crawler] Fetching : https://www.ss.com/msg/lv/electronics/photo-optics/objectives/bghmon.html
2026-05-17 03:14:09 | INFO     | ss_crawler | [lens_scraper] Filtered [bghmon]: filtered_nikon
2026-05-17 03:14:09 | INFO     | ss_crawler | [crawler] Fetching : https://www.ss.com/msg/lv/electronics/photo-optics/objectives/bempoi.html
2026-05-17 03:14:12 | INFO     | ss_crawler | [lens_scraper] MODEL EXTRACTED: 'f=35 mm'
2026-05-17 03:14:12 | INFO     | ss_crawler | [lens_scraper] MOUNT DETECT: None
2026-05-17 03:14:12 | INFO     | ss_crawler | [lens_scraper] Detected focal: 35mm (from_model=True)
2026-05-17 03:14:12 | INFO     | ss_crawler | [lens_scraper] Using TITLE ONLY for matching: 'exaktar auto modelis: f=35 mm...'
2026-05-17 03:14:12 | INFO     | ss_crawler | [lens_scraper] BEST MATCH: 35mm F1.4 AS UMC score=0.85
2026-05-17 03:14:12 | INFO     | ss_crawler | [lens_scraper] Matched [bempoi]: Rokinon_35mm_F1.4_AS_UMC (85% confidence)
2026-05-17 03:14:12 | INFO     | ss_crawler | [crawler] Fetching : https://www.ss.com/msg/lv/electronics/photo-optics/objectives/lombb.html
2026-05-17 03:14:14 | INFO     | ss_crawler | [lens_scraper] MODEL EXTRACTED: '35nap2-3m'
2026-05-17 03:14:14 | INFO     | ss_crawler | [lens_scraper] MOUNT DETECT: None
2026-05-17 03:14:14 | INFO     | ss_crawler | [lens_scraper] Detected focal: 2mm-3mm (from_model=True)
2026-05-17 03:14:14 | INFO     | ss_crawler | [lens_scraper] Using TITLE ONLY for matching: 'lomo modelis: 35nap2-3m...'
2026-05-17 03:14:14 | INFO     | ss_crawler | [lens_scraper] No match for [lombb]
2026-05-17 03:14:14 | INFO     | ss_crawler | [crawler] Fetching : https://www.ss.com/msg/lv/electronics/photo-optics/objectives/bmebm.html
2026-05-17 03:14:17 | INFO     | ss_crawler | [lens_scraper] MODEL EXTRACTED: '50 мм 2.8'
2026-05-17 03:14:17 | INFO     | ss_crawler | [lens_scraper] MOUNT DETECT: None
2026-05-17 03:14:17 | INFO     | ss_crawler | [lens_scraper] Detected focal: 50mm (from_model=True)
2026-05-17 03:14:17 | INFO     | ss_crawler | [lens_scraper] Using TITLE ONLY for matching: 'индустар лз 61 modelis: 50 мм 2.8...'
2026-05-17 03:14:17 | INFO     | ss_crawler | [lens_scraper] BEST MATCH: 50mm F1.2L USM score=0.85
2026-05-17 03:14:17 | INFO     | ss_crawler | [lens_scraper] Matched [bmebm]: Canon_50mm_F1.2L_USM (85% confidence)
2026-05-17 03:14:17 | INFO     | ss_crawler | [crawler] Fetching : https://www.ss.com/msg/lv/electronics/photo-optics/objectives/pdfgg.html
2026-05-17 03:14:20 | INFO     | ss_crawler | [lens_scraper] Filtered [pdfgg]: filtered_nikon
2026-05-17 03:14:20 | INFO     | ss_crawler | [crawler] Fetching : https://www.ss.com/msg/lv/electronics/photo-optics/objectives/eljhg.html
2026-05-17 03:14:22 | INFO     | ss_crawler | [lens_scraper] Filtered [eljhg]: filtered_nikon
2026-05-17 03:14:22 | INFO     | ss_crawler | [crawler] Fetching : https://www.ss.com/msg/lv/electronics/photo-optics/objectives/ceocl.html
2026-05-17 03:14:25 | INFO     | ss_crawler | [lens_scraper] Filtered [ceocl]: filtered_jauns
2026-05-17 03:14:25 | INFO     | ss_crawler | [crawler] Fetching : https://www.ss.com/msg/lv/electronics/photo-optics/objectives/aabxo.html
2026-05-17 03:14:28 | INFO     | ss_crawler | [lens_scraper] Filtered [aabxo]: filtered_jauns
2026-05-17 03:14:28 | INFO     | ss_crawler | [crawler] Fetching : https://www.ss.com/msg/lv/electronics/photo-optics/objectives/bemlhb.html
2026-05-17 03:14:30 | INFO     | ss_crawler | [lens_scraper] Filtered [bemlhb]: filtered_jauns
2026-05-17 03:14:30 | INFO     | ss_crawler | [crawler] Fetching : https://www.ss.com/msg/lv/electronics/photo-optics/objectives/heeil.html
2026-05-17 03:14:32 | INFO     | ss_crawler | [lens_scraper] Filtered [heeil]: filtered_jauns
2026-05-17 03:14:32 | INFO     | ss_crawler | [crawler] Fetching : https://www.ss.com/msg/lv/electronics/photo-optics/objectives/cdbhd.html
2026-05-17 03:14:35 | INFO     | ss_crawler | [lens_scraper] Filtered [cdbhd]: filtered_jauns
2026-05-17 03:14:35 | INFO     | ss_crawler | [crawler] Fetching : https://www.ss.com/msg/lv/electronics/photo-optics/objectives/bldkkx.html
2026-05-17 03:14:37 | INFO     | ss_crawler | [lens_scraper] MODEL EXTRACTED: '2.8/35 mm'
2026-05-17 03:14:37 | INFO     | ss_crawler | [lens_scraper] MOUNT DETECT: None
2026-05-17 03:14:37 | INFO     | ss_crawler | [lens_scraper] Detected focal: 35mm (from_model=True)
2026-05-17 03:14:37 | INFO     | ss_crawler | [lens_scraper] Using TITLE ONLY for matching: 'rexagon modelis: 2.8/35 mm...'
2026-05-17 03:14:37 | INFO     | ss_crawler | [lens_scraper] BEST MATCH: 35mm F2.8 Macro IS STM score=1.00
2026-05-17 03:14:37 | INFO     | ss_crawler | [lens_scraper] Matched [bldkkx]: Canon_35mm_F2.8_Macro_IS_STM (100% confidence)
2026-05-17 03:14:37 | INFO     | ss_crawler | [crawler] Fetching : https://www.ss.com/msg/lv/electronics/photo-optics/objectives/blhejl.html
2026-05-17 03:14:40 | INFO     | ss_crawler | [lens_scraper] MODEL EXTRACTED: '18-135mm'
2026-05-17 03:14:40 | INFO     | ss_crawler | [lens_scraper] MOUNT DETECT: EF-S
2026-05-17 03:14:40 | INFO     | ss_crawler | [lens_scraper] Detected focal: 18mm-135mm (from_model=True)
2026-05-17 03:14:40 | INFO     | ss_crawler | [lens_scraper] Using TITLE ONLY for matching: 'canon modelis: 18-135mm...'
2026-05-17 03:14:40 | INFO     | ss_crawler | [lens_scraper] BEST MATCH: 18-135mm F3.5-5.6 IS score=1.35
2026-05-17 03:14:40 | INFO     | ss_crawler | [lens_scraper] Matched [blhejl]: Canon_18-135mm_F3.5-5.6_IS (100% confidence)
2026-05-17 03:14:40 | INFO     | ss_crawler | [crawler] Fetching : https://www.ss.com/msg/lv/electronics/photo-optics/objectives/dlhpd.html
2026-05-17 03:14:43 | INFO     | ss_crawler | [lens_scraper] MODEL EXTRACTED: 'ef17-40mm f/4l'
2026-05-17 03:14:43 | INFO     | ss_crawler | [lens_scraper] MOUNT DETECT: EF
2026-05-17 03:14:43 | INFO     | ss_crawler | [lens_scraper] Detected focal: 17mm-40mm (from_model=True)
2026-05-17 03:14:43 | INFO     | ss_crawler | [lens_scraper] Using TITLE ONLY for matching: 'canon modelis: ef17-40mm f/4l...'
2026-05-17 03:14:43 | INFO     | ss_crawler | [lens_scraper] BEST MATCH: 17-40mm F4L USM score=1.35
2026-05-17 03:14:43 | INFO     | ss_crawler | [lens_scraper] Matched [dlhpd]: Canon_17-40mm_F4L_USM (100% confidence)
2026-05-17 03:14:43 | INFO     | ss_crawler | [crawler] Fetching : https://www.ss.com/msg/lv/electronics/photo-optics/objectives/dxhhh.html
2026-05-17 03:14:45 | INFO     | ss_crawler | [lens_scraper] MODEL EXTRACTED: 'rf135 mm/1.8'
2026-05-17 03:14:45 | INFO     | ss_crawler | [lens_scraper] MOUNT DETECT: RF
2026-05-17 03:14:45 | INFO     | ss_crawler | [lens_scraper] BEST MATCH: 135mm f/1.8 L IS USM score=1.25
2026-05-17 03:14:45 | INFO     | ss_crawler | [lens_scraper] Matched [dxhhh]: Canon_135mm_f_1.8_L_IS_USM (100% confidence)
2026-05-17 03:14:45 | INFO     | ss_crawler | [crawler] Fetching : https://www.ss.com/msg/lv/electronics/photo-optics/objectives/dflkg.html
2026-05-17 03:14:47 | INFO     | ss_crawler | [lens_scraper] Filtered [dflkg]: filtered_jauns
2026-05-17 03:14:47 | INFO     | ss_crawler | [crawler] Fetching : https://www.ss.com/msg/lv/electronics/photo-optics/objectives/jphcx.html
2026-05-17 03:14:51 | INFO     | ss_crawler | [lens_scraper] MODEL EXTRACTED: '24mm tilt'
2026-05-17 03:14:51 | INFO     | ss_crawler | [lens_scraper] MOUNT DETECT: EF
2026-05-17 03:14:51 | INFO     | ss_crawler | [lens_scraper] Detected focal: 24mm (from_model=True)
2026-05-17 03:14:51 | INFO     | ss_crawler | [lens_scraper] Using TITLE ONLY for matching: 'samyang modelis: 24mm tilt...'
2026-05-17 03:14:51 | INFO     | ss_crawler | [lens_scraper] BEST MATCH: 24mm F2.8 IS USM score=1.35
2026-05-17 03:14:51 | INFO     | ss_crawler | [lens_scraper] Matched [jphcx]: Canon_24mm_F2.8_IS_USM (100% confidence)
2026-05-17 03:14:51 | INFO     | ss_crawler | [crawler] Fetching : https://www.ss.com/msg/lv/electronics/photo-optics/objectives/ajhxl.html
2026-05-17 03:14:54 | INFO     | ss_crawler | [lens_scraper] Filtered [ajhxl]: filtered_nikon
2026-05-17 03:14:54 | INFO     | ss_crawler | [lens_scraper] Fetching page 6: https://www.ss.com/lv/electronics/photo-optics/objectives/page6.html
2026-05-17 03:14:54 | INFO     | ss_crawler | [crawler] Fetching : https://www.ss.com/lv/electronics/photo-optics/objectives/page6.html
2026-05-17 03:14:56 | INFO     | ss_crawler | [lens_scraper] Found 32 listings on page 6
2026-05-17 03:14:56 | INFO     | ss_crawler | [crawler] Fetching : https://www.ss.com/msg/lv/electronics/photo-optics/objectives/aadhl.html
2026-05-17 03:14:59 | INFO     | ss_crawler | [lens_scraper] MODEL EXTRACTED: '1, 4/50 dg hsm'
2026-05-17 03:14:59 | INFO     | ss_crawler | [lens_scraper] MOUNT DETECT: EF
2026-05-17 03:14:59 | INFO     | ss_crawler | [lens_scraper] Detected focal: 50mm (from_model=True)
2026-05-17 03:14:59 | INFO     | ss_crawler | [lens_scraper] Using TITLE ONLY for matching: 'sigma artcanon modelis: 1, 4/50 dg hsm...'
2026-05-17 03:14:59 | INFO     | ss_crawler | [lens_scraper] BEST MATCH: 50mm F1.4 DG HSM Art score=1.50
2026-05-17 03:14:59 | INFO     | ss_crawler | [lens_scraper] Matched [aadhl]: Sigma_50mm_F1.4_DG_HSM_Art (100% confidence)
2026-05-17 03:14:59 | INFO     | ss_crawler | [crawler] Fetching : https://www.ss.com/msg/lv/electronics/photo-optics/objectives/aadhl.html
2026-05-17 03:15:03 | INFO     | ss_crawler | [lens_scraper] MODEL EXTRACTED: '1, 4/50 dg hsm'
2026-05-17 03:15:03 | INFO     | ss_crawler | [lens_scraper] MOUNT DETECT: EF
2026-05-17 03:15:03 | INFO     | ss_crawler | [lens_scraper] Detected focal: 50mm (from_model=True)
2026-05-17 03:15:03 | INFO     | ss_crawler | [lens_scraper] Using TITLE ONLY for matching: 'sigma artcanon modelis: 1, 4/50 dg hsm...'
2026-05-17 03:15:03 | INFO     | ss_crawler | [lens_scraper] BEST MATCH: 50mm F1.4 DG HSM Art score=1.50
2026-05-17 03:15:03 | INFO     | ss_crawler | [lens_scraper] Matched [aadhl]: Sigma_50mm_F1.4_DG_HSM_Art (100% confidence)
2026-05-17 03:15:03 | INFO     | ss_crawler | [crawler] Fetching : https://www.ss.com/msg/lv/electronics/photo-optics/objectives/aadhl.html
2026-05-17 03:15:04 | INFO     | ss_crawler | [lens_scraper] MODEL EXTRACTED: '1, 4/50 dg hsm'
2026-05-17 03:15:04 | INFO     | ss_crawler | [lens_scraper] MOUNT DETECT: EF
2026-05-17 03:15:04 | INFO     | ss_crawler | [lens_scraper] Detected focal: 50mm (from_model=True)
2026-05-17 03:15:04 | INFO     | ss_crawler | [lens_scraper] Using TITLE ONLY for matching: 'sigma artcanon modelis: 1, 4/50 dg hsm...'
2026-05-17 03:15:04 | INFO     | ss_crawler | [lens_scraper] BEST MATCH: 50mm F1.4 DG HSM Art score=1.50
2026-05-17 03:15:04 | INFO     | ss_crawler | [lens_scraper] Matched [aadhl]: Sigma_50mm_F1.4_DG_HSM_Art (100% confidence)
2026-05-17 03:15:04 | INFO     | ss_crawler | [crawler] Fetching : https://www.ss.com/msg/lv/electronics/photo-optics/objectives/fdgki.html
2026-05-17 03:15:07 | INFO     | ss_crawler | [lens_scraper] Filtered [fdgki]: filtered_nikon
2026-05-17 03:15:07 | INFO     | ss_crawler | [crawler] Fetching : https://www.ss.com/msg/lv/electronics/photo-optics/objectives/egfof.html
2026-05-17 03:15:09 | INFO     | ss_crawler | [lens_scraper] MODEL EXTRACTED: '18-35mm dc hsm'
2026-05-17 03:15:09 | INFO     | ss_crawler | [lens_scraper] MOUNT DETECT: EF
2026-05-17 03:15:09 | INFO     | ss_crawler | [lens_scraper] Detected focal: 18mm-35mm (from_model=True)
2026-05-17 03:15:09 | INFO     | ss_crawler | [lens_scraper] Using TITLE ONLY for matching: 'sigma modelis: 18-35mm dc hsm...'
2026-05-17 03:15:09 | INFO     | ss_crawler | [lens_scraper] BEST MATCH: 18-35mm F1.8 DC HSM Art score=1.00
2026-05-17 03:15:09 | INFO     | ss_crawler | [lens_scraper] Matched [egfof]: Sigma_18-35mm_F1.8_DC_HSM_Art (100% confidence)
2026-05-17 03:15:09 | INFO     | ss_crawler | [crawler] Fetching : https://www.ss.com/msg/lv/electronics/photo-optics/objectives/bgpcmh.html
2026-05-17 03:15:12 | INFO     | ss_crawler | [lens_scraper] MOUNT DETECT: None
2026-05-17 03:15:12 | INFO     | ss_crawler | [lens_scraper] No match for [bgpcmh]
2026-05-17 03:15:12 | INFO     | ss_crawler | [crawler] Fetching : https://www.ss.com/msg/lv/electronics/photo-optics/objectives/gllcd.html
2026-05-17 03:15:14 | INFO     | ss_crawler | [lens_scraper] Filtered [gllcd]: filtered_nikon
2026-05-17 03:15:14 | INFO     | ss_crawler | [crawler] Fetching : https://www.ss.com/msg/lv/electronics/photo-optics/objectives/enmom.html
2026-05-17 03:15:17 | INFO     | ss_crawler | [lens_scraper] Filtered [enmom]: filtered_nikon
2026-05-17 03:15:17 | INFO     | ss_crawler | [crawler] Fetching : https://www.ss.com/msg/lv/electronics/photo-optics/objectives/emnbd.html
2026-05-17 03:15:19 | INFO     | ss_crawler | [lens_scraper] MODEL EXTRACTED: 'ef 24-70mm 2.8'
2026-05-17 03:15:19 | INFO     | ss_crawler | [lens_scraper] MOUNT DETECT: EF
2026-05-17 03:15:19 | INFO     | ss_crawler | [lens_scraper] Detected focal: 24mm-70mm (from_model=True)
2026-05-17 03:15:19 | INFO     | ss_crawler | [lens_scraper] Using TITLE ONLY for matching: 'canon modelis: ef 24-70mm 2.8...'
2026-05-17 03:15:19 | INFO     | ss_crawler | [lens_scraper] BEST MATCH: 24-70mm F2.8L USM score=1.60
2026-05-17 03:15:19 | INFO     | ss_crawler | [lens_scraper] Matched [emnbd]: Canon_24-70mm_F2.8L_USM (100% confidence)
2026-05-17 03:15:19 | INFO     | ss_crawler | [crawler] Fetching : https://www.ss.com/msg/lv/electronics/photo-optics/objectives/dbjik.html
2026-05-17 03:15:21 | INFO     | ss_crawler | [lens_scraper] MODEL EXTRACTED: '20mm t1.8'
2026-05-17 03:15:21 | INFO     | ss_crawler | [lens_scraper] MOUNT DETECT: E
2026-05-17 03:15:21 | INFO     | ss_crawler | [lens_scraper] Detected focal: 20mm (from_model=True)
2026-05-17 03:15:21 | INFO     | ss_crawler | [lens_scraper] Using TITLE ONLY for matching: 'sirui sony e modelis: 20mm t1.8...'
2026-05-17 03:15:21 | INFO     | ss_crawler | [lens_scraper] BEST MATCH: Sony E PZ 10-20mm F4 G score=0.80
2026-05-17 03:15:21 | INFO     | ss_crawler | [lens_scraper] Matched [dbjik]: Sony_Sony_E_PZ_10-20mm_F4_G (80% confidence)
2026-05-17 03:15:21 | INFO     | ss_crawler | [crawler] Fetching : https://www.ss.com/msg/lv/electronics/photo-optics/objectives/comgc.html
2026-05-17 03:15:23 | INFO     | ss_crawler | [lens_scraper] MODEL EXTRACTED: '70-200mm f4 l'
2026-05-17 03:15:23 | INFO     | ss_crawler | [lens_scraper] MOUNT DETECT: E
2026-05-17 03:15:23 | INFO     | ss_crawler | [lens_scraper] Detected focal: 70mm-200mm (from_model=True)
2026-05-17 03:15:23 | INFO     | ss_crawler | [lens_scraper] Using TITLE ONLY for matching: 'canon modelis: 70-200mm f4 l...'
2026-05-17 03:15:23 | INFO     | ss_crawler | [lens_scraper] BEST MATCH: 70-200mm F4L USM score=1.35
2026-05-17 03:15:23 | INFO     | ss_crawler | [lens_scraper] Matched [comgc]: Canon_70-200mm_F4L_USM (100% confidence)
2026-05-17 03:15:23 | INFO     | ss_crawler | [crawler] Fetching : https://www.ss.com/msg/lv/electronics/photo-optics/objectives/bbmclj.html
2026-05-17 03:15:26 | INFO     | ss_crawler | [lens_scraper] MODEL EXTRACTED: 'zoom к 3'
2026-05-17 03:15:26 | INFO     | ss_crawler | [lens_scraper] MOUNT DETECT: None
2026-05-17 03:15:26 | INFO     | ss_crawler | [lens_scraper] Detected focal: 3mm-4mm (from_model=False)
2026-05-17 03:15:26 | INFO     | ss_crawler | [lens_scraper] BEST MATCH: 60-600mm F4.5-6.3 DG OS HSM Sports  score=0.75
2026-05-17 03:15:26 | INFO     | ss_crawler | [lens_scraper] Matched [bbmclj]: Sigma_60-600mm_F4.5-6.3_DG_OS_HSM_Sports_ (75% confidence)
2026-05-17 03:15:26 | INFO     | ss_crawler | [crawler] Fetching : https://www.ss.com/msg/lv/electronics/photo-optics/objectives/gnggb.html
2026-05-17 03:15:29 | INFO     | ss_crawler | [lens_scraper] MODEL EXTRACTED: 'macrofocusing pārdodu vivitar 75-205 1:3'
2026-05-17 03:15:29 | INFO     | ss_crawler | [lens_scraper] MOUNT DETECT: None
2026-05-17 03:15:29 | INFO     | ss_crawler | [lens_scraper] Detected focal: 75mm-205mm (from_model=True)
2026-05-17 03:15:29 | INFO     | ss_crawler | [lens_scraper] Using TITLE ONLY for matching: 'vivitar modelis: macrofocusing pārdodu vivitar 75-205 1:3...'
2026-05-17 03:15:29 | INFO     | ss_crawler | [lens_scraper] BEST MATCH: 17mm F4L TS-E score=0.60
2026-05-17 03:15:29 | INFO     | ss_crawler | [lens_scraper] Matched [gnggb]: Canon_17mm_F4L_TS-E (60% confidence)
2026-05-17 03:15:29 | INFO     | ss_crawler | [crawler] Fetching : https://www.ss.com/msg/lv/electronics/photo-optics/objectives/mxjig.html
2026-05-17 03:15:33 | INFO     | ss_crawler | [lens_scraper] MODEL EXTRACTED: 'md zoom macro pārdodu minolta md zoom macro objektīvu'
2026-05-17 03:15:33 | INFO     | ss_crawler | [lens_scraper] MOUNT DETECT: None
2026-05-17 03:15:33 | INFO     | ss_crawler | [lens_scraper] Detected focal: 70mm-210mm (from_model=False)
2026-05-17 03:15:33 | INFO     | ss_crawler | [lens_scraper] BEST MATCH: 70-210mm F4 Di VC USD score=0.70
2026-05-17 03:15:33 | INFO     | ss_crawler | [lens_scraper] Matched [mxjig]: Tamron_70-210mm_F4_Di_VC_USD (70% confidence)
2026-05-17 03:15:33 | INFO     | ss_crawler | [crawler] Fetching : https://www.ss.com/msg/lv/electronics/photo-optics/objectives/fepcn.html
2026-05-17 03:15:35 | INFO     | ss_crawler | [lens_scraper] Filtered [fepcn]: filtered_jauns
2026-05-17 03:15:35 | INFO     | ss_crawler | [crawler] Fetching : https://www.ss.com/msg/lv/electronics/photo-optics/objectives/cokkj.html
2026-05-17 03:15:38 | INFO     | ss_crawler | [lens_scraper] Filtered [cokkj]: filtered_jauns
2026-05-17 03:15:38 | INFO     | ss_crawler | [crawler] Fetching : https://www.ss.com/msg/lv/electronics/photo-optics/objectives/cmxho.html
2026-05-17 03:15:40 | INFO     | ss_crawler | [lens_scraper] MODEL EXTRACTED: 'sel30m35'
2026-05-17 03:15:40 | INFO     | ss_crawler | [lens_scraper] MOUNT DETECT: E
2026-05-17 03:15:40 | INFO     | ss_crawler | [lens_scraper] BEST MATCH: Sony E 30mm F3.5 Macro score=1.05
2026-05-17 03:15:40 | INFO     | ss_crawler | [lens_scraper] Matched [cmxho]: Sony_Sony_E_30mm_F3.5_Macro (100% confidence)
2026-05-17 03:15:40 | INFO     | ss_crawler | [crawler] Fetching : https://www.ss.com/msg/lv/electronics/photo-optics/objectives/blbpdh.html
2026-05-17 03:15:44 | INFO     | ss_crawler | [lens_scraper] MODEL EXTRACTED: 'ef-m 22mm stm'
2026-05-17 03:15:44 | INFO     | ss_crawler | [lens_scraper] MOUNT DETECT: EF
2026-05-17 03:15:44 | INFO     | ss_crawler | [lens_scraper] Detected focal: 22mm (from_model=True)
2026-05-17 03:15:44 | INFO     | ss_crawler | [lens_scraper] Using TITLE ONLY for matching: 'canon modelis: ef-m 22mm stm...'
2026-05-17 03:15:44 | INFO     | ss_crawler | [lens_scraper] BEST MATCH: 40mm F2.8 STM score=0.80
2026-05-17 03:15:44 | INFO     | ss_crawler | [lens_scraper] Matched [blbpdh]: Canon_40mm_F2.8_STM (80% confidence)
2026-05-17 03:15:44 | INFO     | ss_crawler | [crawler] Fetching : https://www.ss.com/msg/lv/electronics/photo-optics/objectives/dkxej.html
2026-05-17 03:15:46 | INFO     | ss_crawler | [lens_scraper] MODEL EXTRACTED: 'ef 300mm f4 l'
2026-05-17 03:15:46 | INFO     | ss_crawler | [lens_scraper] MOUNT DETECT: EF
2026-05-17 03:15:46 | INFO     | ss_crawler | [lens_scraper] Detected focal: 300mm (from_model=True)
2026-05-17 03:15:46 | INFO     | ss_crawler | [lens_scraper] Using TITLE ONLY for matching: 'canon modelis: ef 300mm f4 l...'
2026-05-17 03:15:46 | INFO     | ss_crawler | [lens_scraper] BEST MATCH: 300mm F4L IS USM score=1.60
2026-05-17 03:15:46 | INFO     | ss_crawler | [lens_scraper] Matched [dkxej]: Canon_300mm_F4L_IS_USM (100% confidence)
2026-05-17 03:15:46 | INFO     | ss_crawler | [crawler] Fetching : https://www.ss.com/msg/lv/electronics/photo-optics/objectives/bkplcl.html
2026-05-17 03:15:48 | INFO     | ss_crawler | [lens_scraper] MODEL EXTRACTED: 'rf-s 18-45 stm'
2026-05-17 03:15:48 | INFO     | ss_crawler | [lens_scraper] MOUNT DETECT: RF
2026-05-17 03:15:48 | INFO     | ss_crawler | [lens_scraper] Detected focal: 18mm-45mm (from_model=True)
2026-05-17 03:15:48 | INFO     | ss_crawler | [lens_scraper] Using TITLE ONLY for matching: 'canon modelis: rf-s 18-45 stm...'
2026-05-17 03:15:48 | INFO     | ss_crawler | [lens_scraper] BEST MATCH: 18-45mm f/4.5-6.3 IS STM score=1.20
2026-05-17 03:15:48 | INFO     | ss_crawler | [lens_scraper] Matched [bkplcl]: Canon_18-45mm_f_4.5-6.3_IS_STM (100% confidence)
2026-05-17 03:15:48 | INFO     | ss_crawler | [crawler] Fetching : https://www.ss.com/msg/lv/electronics/photo-optics/objectives/bgochc.html
2026-05-17 03:15:51 | INFO     | ss_crawler | [lens_scraper] MODEL EXTRACTED: '70-200 f4'
2026-05-17 03:15:51 | INFO     | ss_crawler | [lens_scraper] MOUNT DETECT: EF
2026-05-17 03:15:51 | INFO     | ss_crawler | [lens_scraper] Detected focal: 70mm-200mm (from_model=True)
2026-05-17 03:15:51 | INFO     | ss_crawler | [lens_scraper] Using TITLE ONLY for matching: 'canon modelis: 70-200 f4...'
2026-05-17 03:15:51 | INFO     | ss_crawler | [lens_scraper] BEST MATCH: 70-200mm F4L USM score=1.60
2026-05-17 03:15:51 | INFO     | ss_crawler | [lens_scraper] Matched [bgochc]: Canon_70-200mm_F4L_USM (100% confidence)
2026-05-17 03:15:51 | INFO     | ss_crawler | [crawler] Fetching : https://www.ss.com/msg/lv/electronics/photo-optics/objectives/bnglo.html
2026-05-17 03:15:53 | INFO     | ss_crawler | [lens_scraper] Filtered [bnglo]: filtered_jauns
2026-05-17 03:15:53 | INFO     | ss_crawler | [crawler] Fetching : https://www.ss.com/msg/lv/electronics/photo-optics/objectives/bknngl.html
2026-05-17 03:15:56 | INFO     | ss_crawler | [lens_scraper] Filtered [bknngl]: filtered_nikon
2026-05-17 03:15:56 | INFO     | ss_crawler | [crawler] Fetching : https://www.ss.com/msg/lv/electronics/photo-optics/objectives/eplej.html
2026-05-17 03:16:00 | INFO     | ss_crawler | [lens_scraper] MODEL EXTRACTED: 'af-p 18-55 vr'
2026-05-17 03:16:00 | INFO     | ss_crawler | [lens_scraper] MOUNT DETECT: None
2026-05-17 03:16:00 | INFO     | ss_crawler | [lens_scraper] Detected focal: 18mm-55mm (from_model=True)
2026-05-17 03:16:00 | INFO     | ss_crawler | [lens_scraper] Using TITLE ONLY for matching: 'nikkor modelis: af-p 18-55 vr...'
2026-05-17 03:16:00 | INFO     | ss_crawler | [lens_scraper] BEST MATCH: 18-55mm F3.5-5.6 IS STM score=0.85
2026-05-17 03:16:00 | INFO     | ss_crawler | [lens_scraper] Matched [eplej]: Canon_18-55mm_F3.5-5.6_IS_STM (85% confidence)
2026-05-17 03:16:00 | INFO     | ss_crawler | [crawler] Fetching : https://www.ss.com/msg/lv/electronics/photo-optics/objectives/hexnb.html
2026-05-17 03:16:02 | INFO     | ss_crawler | [lens_scraper] MODEL EXTRACTED: '16mm f/1.4'
2026-05-17 03:16:02 | INFO     | ss_crawler | [lens_scraper] MOUNT DETECT: None
2026-05-17 03:16:02 | INFO     | ss_crawler | [lens_scraper] Detected focal: 16mm (from_model=True)
2026-05-17 03:16:02 | INFO     | ss_crawler | [lens_scraper] Using TITLE ONLY for matching: 'sigma modelis: 16mm f/1.4...'
2026-05-17 03:16:02 | INFO     | ss_crawler | [lens_scraper] BEST MATCH: 16mm F2 ED AS UMC CS score=0.85
2026-05-17 03:16:02 | INFO     | ss_crawler | [lens_scraper] Matched [hexnb]: Rokinon_16mm_F2_ED_AS_UMC_CS (85% confidence)
2026-05-17 03:16:02 | INFO     | ss_crawler | [crawler] Fetching : https://www.ss.com/msg/lv/electronics/photo-optics/objectives/fndjo.html
2026-05-17 03:16:05 | INFO     | ss_crawler | [lens_scraper] Filtered [fndjo]: filtered_nikon
2026-05-17 03:16:05 | INFO     | ss_crawler | [crawler] Fetching : https://www.ss.com/msg/lv/electronics/photo-optics/objectives/kbhfn.html
2026-05-17 03:16:07 | INFO     | ss_crawler | [lens_scraper] Filtered [kbhfn]: filtered_nikon
2026-05-17 03:16:07 | INFO     | ss_crawler | [crawler] Fetching : https://www.ss.com/msg/lv/electronics/photo-optics/objectives/mxckn.html
2026-05-17 03:16:09 | INFO     | ss_crawler | [lens_scraper] Filtered [mxckn]: filtered_nikon
2026-05-17 03:16:09 | INFO     | ss_crawler | [crawler] Fetching : https://www.ss.com/msg/lv/electronics/photo-optics/objectives/gffdb.html
2026-05-17 03:16:12 | INFO     | ss_crawler | [lens_scraper] Filtered [gffdb]: filtered_jauns
2026-05-17 03:16:12 | INFO     | ss_crawler | [crawler] Fetching : https://www.ss.com/msg/lv/electronics/photo-optics/objectives/fobgc.html
2026-05-17 03:16:15 | INFO     | ss_crawler | [lens_scraper] Filtered [fobgc]: filtered_jauns
2026-05-17 03:16:15 | INFO     | ss_crawler | [crawler] Fetching : https://www.ss.com/msg/lv/electronics/photo-optics/objectives/bekbxk.html
2026-05-17 03:16:19 | INFO     | ss_crawler | [lens_scraper] Filtered [bekbxk]: filtered_jauns
2026-05-17 03:16:19 | INFO     | ss_crawler | [crawler] Fetching : https://www.ss.com/msg/lv/electronics/photo-optics/objectives/bkmxfn.html
2026-05-17 03:16:22 | INFO     | ss_crawler | [lens_scraper] Filtered [bkmxfn]: filtered_jauns
2026-05-17 03:16:22 | INFO     | ss_crawler | [lens_scraper] Fetching page 7: https://www.ss.com/lv/electronics/photo-optics/objectives/page7.html
2026-05-17 03:16:22 | INFO     | ss_crawler | [crawler] Fetching : https://www.ss.com/lv/electronics/photo-optics/objectives/page7.html
2026-05-17 03:16:24 | INFO     | ss_crawler | [lens_scraper] Found 32 listings on page 7
2026-05-17 03:16:24 | INFO     | ss_crawler | [crawler] Fetching : https://www.ss.com/msg/lv/electronics/photo-optics/objectives/behfjl.html
2026-05-17 03:16:27 | INFO     | ss_crawler | [lens_scraper] MODEL EXTRACTED: '2, 8/28 mm'
2026-05-17 03:16:27 | INFO     | ss_crawler | [lens_scraper] MOUNT DETECT: None
2026-05-17 03:16:27 | INFO     | ss_crawler | [lens_scraper] Detected focal: 28mm (from_model=True)
2026-05-17 03:16:27 | INFO     | ss_crawler | [lens_scraper] Using TITLE ONLY for matching: 'albinar modelis: 2, 8/28 mm...'
2026-05-17 03:16:27 | INFO     | ss_crawler | [lens_scraper] BEST MATCH: 28mm F2.8 IS USM score=1.00
2026-05-17 03:16:27 | INFO     | ss_crawler | [lens_scraper] Matched [behfjl]: Canon_28mm_F2.8_IS_USM (100% confidence)
2026-05-17 03:16:27 | INFO     | ss_crawler | [crawler] Fetching : https://www.ss.com/msg/lv/electronics/photo-optics/objectives/behfjl.html
2026-05-17 03:16:29 | INFO     | ss_crawler | [lens_scraper] MODEL EXTRACTED: '2, 8/28 mm'
2026-05-17 03:16:29 | INFO     | ss_crawler | [lens_scraper] MOUNT DETECT: None
2026-05-17 03:16:29 | INFO     | ss_crawler | [lens_scraper] Detected focal: 28mm (from_model=True)
2026-05-17 03:16:29 | INFO     | ss_crawler | [lens_scraper] Using TITLE ONLY for matching: 'albinar modelis: 2, 8/28 mm...'
2026-05-17 03:16:29 | INFO     | ss_crawler | [lens_scraper] BEST MATCH: 28mm F2.8 IS USM score=1.00
2026-05-17 03:16:29 | INFO     | ss_crawler | [lens_scraper] Matched [behfjl]: Canon_28mm_F2.8_IS_USM (100% confidence)
2026-05-17 03:16:29 | INFO     | ss_crawler | [crawler] Fetching : https://www.ss.com/msg/lv/electronics/photo-optics/objectives/behfjl.html
2026-05-17 03:16:31 | INFO     | ss_crawler | [lens_scraper] MODEL EXTRACTED: '2, 8/28 mm'
2026-05-17 03:16:31 | INFO     | ss_crawler | [lens_scraper] MOUNT DETECT: None
2026-05-17 03:16:31 | INFO     | ss_crawler | [lens_scraper] Detected focal: 28mm (from_model=True)
2026-05-17 03:16:31 | INFO     | ss_crawler | [lens_scraper] Using TITLE ONLY for matching: 'albinar modelis: 2, 8/28 mm...'
2026-05-17 03:16:31 | INFO     | ss_crawler | [lens_scraper] BEST MATCH: 28mm F2.8 IS USM score=1.00
2026-05-17 03:16:31 | INFO     | ss_crawler | [lens_scraper] Matched [behfjl]: Canon_28mm_F2.8_IS_USM (100% confidence)
2026-05-17 03:16:31 | INFO     | ss_crawler | [crawler] Fetching : https://www.ss.com/msg/lv/electronics/photo-optics/objectives/bgpxnn.html
2026-05-17 03:16:33 | INFO     | ss_crawler | [lens_scraper] MODEL EXTRACTED: 'vcl-0552'
2026-05-17 03:16:33 | INFO     | ss_crawler | [lens_scraper] MOUNT DETECT: E
2026-05-17 03:16:33 | INFO     | ss_crawler | [lens_scraper] BEST MATCH: Sony E 10-18mm F4 OSS score=0.90
2026-05-17 03:16:33 | INFO     | ss_crawler | [lens_scraper] Matched [bgpxnn]: Sony_Sony_E_10-18mm_F4_OSS (90% confidence)
2026-05-17 03:16:33 | INFO     | ss_crawler | [crawler] Fetching : https://www.ss.com/msg/lv/electronics/photo-optics/objectives/dkhmn.html
2026-05-17 03:16:36 | INFO     | ss_crawler | [lens_scraper] Filtered [dkhmn]: filtered_nikon
2026-05-17 03:16:36 | INFO     | ss_crawler | [crawler] Fetching : https://www.ss.com/msg/lv/electronics/photo-optics/objectives/dcgdh.html
2026-05-17 03:16:38 | INFO     | ss_crawler | [lens_scraper] MODEL EXTRACTED: '135mm f1.8 fe'
2026-05-17 03:16:38 | INFO     | ss_crawler | [lens_scraper] MOUNT DETECT: E
2026-05-17 03:16:38 | INFO     | ss_crawler | [lens_scraper] Detected focal: 135mm (from_model=True)
2026-05-17 03:16:38 | INFO     | ss_crawler | [lens_scraper] Using TITLE ONLY for matching: 'samyang modelis: 135mm f1.8 fe...'
2026-05-17 03:16:38 | INFO     | ss_crawler | [lens_scraper] BEST MATCH: Sony FE 135mm F1.8 GM score=0.95
2026-05-17 03:16:38 | INFO     | ss_crawler | [lens_scraper] Matched [dcgdh]: Sony_Sony_FE_135mm_F1.8_GM (95% confidence)
2026-05-17 03:16:38 | INFO     | ss_crawler | [crawler] Fetching : https://www.ss.com/msg/lv/electronics/photo-optics/objectives/feggx.html
2026-05-17 03:16:41 | INFO     | ss_crawler | [lens_scraper] Filtered [feggx]: filtered_nikon
2026-05-17 03:16:41 | INFO     | ss_crawler | [crawler] Fetching : https://www.ss.com/msg/lv/electronics/photo-optics/objectives/hfnfk.html
2026-05-17 03:16:43 | INFO     | ss_crawler | [lens_scraper] MODEL EXTRACTED: '55-300mm ed wr'
2026-05-17 03:16:43 | INFO     | ss_crawler | [lens_scraper] MOUNT DETECT: None
2026-05-17 03:16:43 | INFO     | ss_crawler | [lens_scraper] Detected focal: 55mm-300mm (from_model=True)
2026-05-17 03:16:43 | INFO     | ss_crawler | [lens_scraper] Using TITLE ONLY for matching: 'pentax modelis: 55-300mm ed wr...'
2026-05-17 03:16:43 | INFO     | ss_crawler | [lens_scraper] No match for [hfnfk]
2026-05-17 03:16:43 | INFO     | ss_crawler | [crawler] Fetching : https://www.ss.com/msg/lv/electronics/photo-optics/objectives/fkloj.html
2026-05-17 03:16:46 | INFO     | ss_crawler | [lens_scraper] MODEL EXTRACTED: '15mm t/2.8 ze'
2026-05-17 03:16:46 | INFO     | ss_crawler | [lens_scraper] MOUNT DETECT: None
2026-05-17 03:16:46 | INFO     | ss_crawler | [lens_scraper] Detected focal: 15mm (from_model=True)
2026-05-17 03:16:46 | INFO     | ss_crawler | [lens_scraper] Using TITLE ONLY for matching: 'zeiss modelis: 15mm t/2.8 ze...'
2026-05-17 03:16:46 | INFO     | ss_crawler | [lens_scraper] BEST MATCH: 15mm F2.8 Distagon T* ZE score=1.40
2026-05-17 03:16:46 | INFO     | ss_crawler | [lens_scraper] Matched [fkloj]: Zeiss_15mm_F2.8_Distagon_T*_ZE (100% confidence)
2026-05-17 03:16:46 | INFO     | ss_crawler | [crawler] Fetching : https://www.ss.com/msg/lv/electronics/photo-optics/objectives/eibbp.html
2026-05-17 03:16:48 | INFO     | ss_crawler | [lens_scraper] MODEL EXTRACTED: 'ef 25mm t/2.0'
2026-05-17 03:16:48 | INFO     | ss_crawler | [lens_scraper] MOUNT DETECT: EF
2026-05-17 03:16:48 | INFO     | ss_crawler | [lens_scraper] Detected focal: 25mm (from_model=True)
2026-05-17 03:16:48 | INFO     | ss_crawler | [lens_scraper] Using TITLE ONLY for matching: 'carl zeiss modelis: ef 25mm t/2.0...'
2026-05-17 03:16:48 | INFO     | ss_crawler | [lens_scraper] BEST MATCH: 25mm F2 Distagon T* ZE score=1.15
2026-05-17 03:16:48 | INFO     | ss_crawler | [lens_scraper] Matched [eibbp]: Zeiss_25mm_F2_Distagon_T*_ZE (100% confidence)
2026-05-17 03:16:48 | INFO     | ss_crawler | [crawler] Fetching : https://www.ss.com/msg/lv/electronics/photo-optics/objectives/bkhxlg.html
2026-05-17 03:16:51 | INFO     | ss_crawler | [lens_scraper] MODEL EXTRACTED: '11mm f1.8'
2026-05-17 03:16:51 | INFO     | ss_crawler | [lens_scraper] MOUNT DETECT: E
2026-05-17 03:16:51 | INFO     | ss_crawler | [lens_scraper] Detected focal: 11mm (from_model=True)
2026-05-17 03:16:51 | INFO     | ss_crawler | [lens_scraper] Using TITLE ONLY for matching: 'sony modelis: 11mm f1.8...'
2026-05-17 03:16:51 | INFO     | ss_crawler | [lens_scraper] BEST MATCH: Sony E 11mm F1.8 score=0.95
2026-05-17 03:16:51 | INFO     | ss_crawler | [lens_scraper] Matched [bkhxlg]: Sony_Sony_E_11mm_F1.8 (95% confidence)
2026-05-17 03:16:51 | INFO     | ss_crawler | [crawler] Fetching : https://www.ss.com/msg/lv/electronics/photo-optics/objectives/bgonpb.html
2026-05-17 03:16:53 | INFO     | ss_crawler | [lens_scraper] MODEL EXTRACTED: 'ef 40mmf2, 8 st'
2026-05-17 03:16:53 | INFO     | ss_crawler | [lens_scraper] MOUNT DETECT: EF
2026-05-17 03:16:53 | INFO     | ss_crawler | [lens_scraper] BEST MATCH: 50mm F1.2L USM score=0.90
2026-05-17 03:16:53 | INFO     | ss_crawler | [lens_scraper] Matched [bgonpb]: Canon_50mm_F1.2L_USM (90% confidence)
2026-05-17 03:16:53 | INFO     | ss_crawler | [crawler] Fetching : https://www.ss.com/msg/lv/electronics/photo-optics/objectives/bkhndn.html
2026-05-17 03:16:55 | INFO     | ss_crawler | [lens_scraper] MODEL EXTRACTED: 'ef 85 f1, 8'
2026-05-17 03:16:55 | INFO     | ss_crawler | [lens_scraper] MOUNT DETECT: EF
2026-05-17 03:16:55 | INFO     | ss_crawler | [lens_scraper] Detected focal: 85mm (from_model=True)
2026-05-17 03:16:55 | INFO     | ss_crawler | [lens_scraper] Using TITLE ONLY for matching: 'canon modelis: ef 85 f1, 8...'
2026-05-17 03:16:55 | INFO     | ss_crawler | [lens_scraper] BEST MATCH: 85mm F1.8 USM score=1.50
2026-05-17 03:16:55 | INFO     | ss_crawler | [lens_scraper] Matched [bkhndn]: Canon_85mm_F1.8_USM (100% confidence)
2026-05-17 03:16:55 | INFO     | ss_crawler | [crawler] Fetching : https://www.ss.com/msg/lv/electronics/photo-optics/objectives/ellxn.html
2026-05-17 03:16:58 | INFO     | ss_crawler | [lens_scraper] MODEL EXTRACTED: 'sel20f28'
2026-05-17 03:16:58 | INFO     | ss_crawler | [lens_scraper] MOUNT DETECT: E
2026-05-17 03:16:58 | INFO     | ss_crawler | [lens_scraper] BEST MATCH: Sony E 20mm F2.8 score=1.05
2026-05-17 03:16:58 | INFO     | ss_crawler | [lens_scraper] Matched [ellxn]: Sony_Sony_E_20mm_F2.8 (100% confidence)
2026-05-17 03:16:58 | INFO     | ss_crawler | [crawler] Fetching : https://www.ss.com/msg/lv/electronics/photo-optics/objectives/jpkbd.html
2026-05-17 03:17:01 | INFO     | ss_crawler | [lens_scraper] MODEL EXTRACTED: '14mm f2, 8 ed'
2026-05-17 03:17:01 | INFO     | ss_crawler | [lens_scraper] MOUNT DETECT: EF
2026-05-17 03:17:01 | INFO     | ss_crawler | [lens_scraper] Detected focal: 14mm (from_model=True)
2026-05-17 03:17:01 | INFO     | ss_crawler | [lens_scraper] Using TITLE ONLY for matching: 'samyang 14f2, 8 modelis: 14mm f2, 8 ed...'
2026-05-17 03:17:01 | INFO     | ss_crawler | [lens_scraper] BEST MATCH: 14mm F2.8 IF ED UMC score=1.10
2026-05-17 03:17:01 | INFO     | ss_crawler | [lens_scraper] Matched [jpkbd]: Rokinon_14mm_F2.8_IF_ED_UMC (100% confidence)
2026-05-17 03:17:01 | INFO     | ss_crawler | [crawler] Fetching : https://www.ss.com/msg/lv/electronics/photo-optics/objectives/mxjif.html
2026-05-17 03:17:04 | INFO     | ss_crawler | [lens_scraper] MODEL EXTRACTED: '18-50mm f/2.8'
2026-05-17 03:17:04 | INFO     | ss_crawler | [lens_scraper] MOUNT DETECT: None
2026-05-17 03:17:04 | INFO     | ss_crawler | [lens_scraper] Detected focal: 18mm-50mm (from_model=True)
2026-05-17 03:17:04 | INFO     | ss_crawler | [lens_scraper] Using TITLE ONLY for matching: 'sigma modelis: 18-50mm f/2.8...'
2026-05-17 03:17:04 | INFO     | ss_crawler | [lens_scraper] BEST MATCH: Sigma 18-50mm F2.8 DC DN | Contemporary score=1.40
2026-05-17 03:17:04 | INFO     | ss_crawler | [lens_scraper] Matched [mxjif]: Sigma_Sigma_18-50mm_F2.8_DC_DN_|_Contemporary (100% confidence)
2026-05-17 03:17:04 | INFO     | ss_crawler | [crawler] Fetching : https://www.ss.com/msg/lv/electronics/photo-optics/objectives/bgmlnk.html
2026-05-17 03:17:07 | INFO     | ss_crawler | [lens_scraper] MODEL EXTRACTED: 'sigma 16mm'
2026-05-17 03:17:07 | INFO     | ss_crawler | [lens_scraper] MOUNT DETECT: E
2026-05-17 03:17:07 | INFO     | ss_crawler | [lens_scraper] Detected focal: 16mm (from_model=True)
2026-05-17 03:17:07 | INFO     | ss_crawler | [lens_scraper] Using TITLE ONLY for matching: 'sigma modelis: sigma 16mm...'
2026-05-17 03:17:07 | INFO     | ss_crawler | [lens_scraper] BEST MATCH: Sigma 16mm F1.4 DC DN | Contemporary score=0.80
2026-05-17 03:17:07 | INFO     | ss_crawler | [lens_scraper] Matched [bgmlnk]: Sigma_Sigma_16mm_F1.4_DC_DN_|_Contemporary (80% confidence)
2026-05-17 03:17:07 | INFO     | ss_crawler | [crawler] Fetching : https://www.ss.com/msg/lv/electronics/photo-optics/objectives/ebimo.html
2026-05-17 03:17:09 | INFO     | ss_crawler | [lens_scraper] MODEL EXTRACTED: '200mm 1:3, 5'
2026-05-17 03:17:09 | INFO     | ss_crawler | [lens_scraper] MOUNT DETECT: E
2026-05-17 03:17:09 | INFO     | ss_crawler | [lens_scraper] Detected focal: 200mm (from_model=True)
2026-05-17 03:17:09 | INFO     | ss_crawler | [lens_scraper] Using TITLE ONLY for matching: 'vivitar modelis: 200mm 1:3, 5...'
2026-05-17 03:17:09 | INFO     | ss_crawler | [lens_scraper] BEST MATCH: Sony E 18-200mm F3.5-6.3 OSS score=0.80
2026-05-17 03:17:09 | INFO     | ss_crawler | [lens_scraper] Matched [ebimo]: Sony_Sony_E_18-200mm_F3.5-6.3_OSS (80% confidence)
2026-05-17 03:17:09 | INFO     | ss_crawler | [crawler] Fetching : https://www.ss.com/msg/lv/electronics/photo-optics/objectives/emogm.html
2026-05-17 03:17:12 | INFO     | ss_crawler | [lens_scraper] MODEL EXTRACTED: 'n50'
2026-05-17 03:17:12 | INFO     | ss_crawler | [lens_scraper] MOUNT DETECT: E
2026-05-17 03:17:12 | INFO     | ss_crawler | [lens_scraper] Detected focal: 75mm-300mm (from_model=False)
2026-05-17 03:17:12 | INFO     | ss_crawler | [lens_scraper] BEST MATCH: Sony FE 70-300mm F4.5-5.6 G OSS score=0.85
2026-05-17 03:17:12 | INFO     | ss_crawler | [lens_scraper] Matched [emogm]: Sony_Sony_FE_70-300mm_F4.5-5.6_G_OSS (85% confidence)
2026-05-17 03:17:12 | INFO     | ss_crawler | [crawler] Fetching : https://www.ss.com/msg/lv/electronics/photo-optics/objectives/bhbhnd.html
2026-05-17 03:17:15 | INFO     | ss_crawler | [lens_scraper] Filtered [bhbhnd]: filtered_jauns
2026-05-17 03:17:15 | INFO     | ss_crawler | [crawler] Fetching : https://www.ss.com/msg/lv/electronics/photo-optics/objectives/dphof.html
2026-05-17 03:17:17 | INFO     | ss_crawler | [lens_scraper] Filtered [dphof]: filtered_jauns
2026-05-17 03:17:17 | INFO     | ss_crawler | [crawler] Fetching : https://www.ss.com/msg/lv/electronics/photo-optics/objectives/bgookj.html
2026-05-17 03:17:19 | INFO     | ss_crawler | [lens_scraper] MODEL EXTRACTED: '16mm f1.4'
2026-05-17 03:17:19 | INFO     | ss_crawler | [lens_scraper] MOUNT DETECT: E
2026-05-17 03:17:19 | INFO     | ss_crawler | [lens_scraper] Detected focal: 16mm (from_model=True)
2026-05-17 03:17:19 | INFO     | ss_crawler | [lens_scraper] Using TITLE ONLY for matching: 'sigma modelis: 16mm f1.4...'
2026-05-17 03:17:19 | INFO     | ss_crawler | [lens_scraper] BEST MATCH: Sigma 16mm F1.4 DC DN | Contemporary score=0.95
2026-05-17 03:17:19 | INFO     | ss_crawler | [lens_scraper] Matched [bgookj]: Sigma_Sigma_16mm_F1.4_DC_DN_|_Contemporary (95% confidence)
2026-05-17 03:17:19 | INFO     | ss_crawler | [crawler] Fetching : https://www.ss.com/msg/lv/electronics/photo-optics/objectives/bmnod.html
2026-05-17 03:17:23 | INFO     | ss_crawler | [lens_scraper] Filtered [bmnod]: filtered_nikon
2026-05-17 03:17:23 | INFO     | ss_crawler | [crawler] Fetching : https://www.ss.com/msg/lv/electronics/photo-optics/objectives/opjkg.html
2026-05-17 03:17:25 | INFO     | ss_crawler | [lens_scraper] Filtered [opjkg]: filtered_jauns
2026-05-17 03:17:25 | INFO     | ss_crawler | [crawler] Fetching : https://www.ss.com/msg/lv/electronics/photo-optics/objectives/mxjpk.html
2026-05-17 03:17:29 | INFO     | ss_crawler | [lens_scraper] Filtered [mxjpk]: filtered_jauns
2026-05-17 03:17:29 | INFO     | ss_crawler | [crawler] Fetching : https://www.ss.com/msg/lv/electronics/photo-optics/objectives/bgpxpg.html
2026-05-17 03:17:31 | INFO     | ss_crawler | [lens_scraper] MODEL EXTRACTED: 'f=135mm'
2026-05-17 03:17:31 | INFO     | ss_crawler | [lens_scraper] MOUNT DETECT: None
2026-05-17 03:17:32 | INFO     | ss_crawler | [lens_scraper] Detected focal: 135mm (from_model=True)
2026-05-17 03:17:32 | INFO     | ss_crawler | [lens_scraper] Using TITLE ONLY for matching: 'fontron modelis: f=135mm...'
2026-05-17 03:17:32 | INFO     | ss_crawler | [lens_scraper] BEST MATCH: 135mm f/1.8 L IS USM score=0.85
2026-05-17 03:17:32 | INFO     | ss_crawler | [lens_scraper] Matched [bgpxpg]: Canon_135mm_f_1.8_L_IS_USM (85% confidence)
2026-05-17 03:17:32 | INFO     | ss_crawler | [crawler] Fetching : https://www.ss.com/msg/lv/electronics/photo-optics/objectives/lplen.html
2026-05-17 03:17:35 | INFO     | ss_crawler | [lens_scraper] Filtered [lplen]: filtered_jauns
2026-05-17 03:17:35 | INFO     | ss_crawler | [crawler] Fetching : https://www.ss.com/msg/lv/electronics/photo-optics/objectives/kcgdj.html
2026-05-17 03:17:37 | INFO     | ss_crawler | [lens_scraper] MODEL EXTRACTED: 'lens fd 300mm'
2026-05-17 03:17:37 | INFO     | ss_crawler | [lens_scraper] MOUNT DETECT: None
2026-05-17 03:17:37 | INFO     | ss_crawler | [lens_scraper] Detected focal: 300mm (from_model=True)
2026-05-17 03:17:37 | INFO     | ss_crawler | [lens_scraper] Using TITLE ONLY for matching: 'canon modelis: lens fd 300mm...'
2026-05-17 03:17:37 | INFO     | ss_crawler | [lens_scraper] BEST MATCH: 300mm F4L IS USM score=1.25
2026-05-17 03:17:37 | INFO     | ss_crawler | [lens_scraper] Matched [kcgdj]: Canon_300mm_F4L_IS_USM (100% confidence)
2026-05-17 03:17:37 | INFO     | ss_crawler | [crawler] Fetching : https://www.ss.com/msg/lv/electronics/photo-optics/objectives/bemhfi.html
2026-05-17 03:17:39 | INFO     | ss_crawler | [lens_scraper] Filtered [bemhfi]: filtered_jauns
2026-05-17 03:17:39 | INFO     | ss_crawler | [crawler] Fetching : https://www.ss.com/msg/lv/electronics/photo-optics/objectives/kcpmi.html
2026-05-17 03:17:43 | INFO     | ss_crawler | [lens_scraper] Filtered [kcpmi]: filtered_jauns
2026-05-17 03:17:43 | INFO     | ss_crawler | [crawler] Fetching : https://www.ss.com/msg/lv/electronics/photo-optics/objectives/fchpe.html
2026-05-17 03:17:44 | INFO     | ss_crawler | [lens_scraper] Filtered [fchpe]: filtered_jauns
2026-05-17 03:17:44 | INFO     | ss_crawler | [crawler] Fetching : https://www.ss.com/msg/lv/electronics/photo-optics/objectives/bjocif.html
2026-05-17 03:17:48 | INFO     | ss_crawler | [lens_scraper] Filtered [bjocif]: filtered_jauns
2026-05-17 03:17:48 | INFO     | ss_crawler | [lens_scraper] Fetching page 8: https://www.ss.com/lv/electronics/photo-optics/objectives/page8.html
2026-05-17 03:17:48 | INFO     | ss_crawler | [crawler] Fetching : https://www.ss.com/lv/electronics/photo-optics/objectives/page8.html
2026-05-17 03:17:51 | INFO     | ss_crawler | [lens_scraper] Found 32 listings on page 8
2026-05-17 03:17:51 | INFO     | ss_crawler | [crawler] Fetching : https://www.ss.com/msg/lv/electronics/photo-optics/objectives/abdpf.html
2026-05-17 03:17:54 | INFO     | ss_crawler | [lens_scraper] Filtered [abdpf]: filtered_jauns
2026-05-17 03:17:54 | INFO     | ss_crawler | [crawler] Fetching : https://www.ss.com/msg/lv/electronics/photo-optics/objectives/abdpf.html
2026-05-17 03:17:56 | INFO     | ss_crawler | [lens_scraper] Filtered [abdpf]: filtered_jauns
2026-05-17 03:17:56 | INFO     | ss_crawler | [crawler] Fetching : https://www.ss.com/msg/lv/electronics/photo-optics/objectives/abdpf.html
2026-05-17 03:17:59 | INFO     | ss_crawler | [lens_scraper] Filtered [abdpf]: filtered_jauns
2026-05-17 03:17:59 | INFO     | ss_crawler | [crawler] Fetching : https://www.ss.com/msg/lv/electronics/photo-optics/objectives/flnlj.html
2026-05-17 03:18:01 | INFO     | ss_crawler | [lens_scraper] Filtered [flnlj]: filtered_jauns
2026-05-17 03:18:01 | INFO     | ss_crawler | [crawler] Fetching : https://www.ss.com/msg/lv/electronics/photo-optics/objectives/cnxkp.html
2026-05-17 03:18:03 | INFO     | ss_crawler | [lens_scraper] MODEL EXTRACTED: '70-200 is f2.8'
2026-05-17 03:18:03 | INFO     | ss_crawler | [lens_scraper] MOUNT DETECT: None
2026-05-17 03:18:03 | INFO     | ss_crawler | [lens_scraper] Detected focal: 70mm-200mm (from_model=True)
2026-05-17 03:18:03 | INFO     | ss_crawler | [lens_scraper] Using TITLE ONLY for matching: 'canon modelis: 70-200 is f2.8...'
2026-05-17 03:18:03 | INFO     | ss_crawler | [lens_scraper] BEST MATCH: 70-200mm F2.8L USM score=1.40
2026-05-17 03:18:03 | INFO     | ss_crawler | [lens_scraper] Matched [cnxkp]: Canon_70-200mm_F2.8L_USM (100% confidence)
2026-05-17 03:18:03 | INFO     | ss_crawler | [crawler] Fetching : https://www.ss.com/msg/lv/electronics/photo-optics/objectives/bhxopb.html
2026-05-17 03:18:06 | INFO     | ss_crawler | [lens_scraper] MODEL EXTRACTED: 'lbv85x'
2026-05-17 03:18:06 | INFO     | ss_crawler | [lens_scraper] MOUNT DETECT: E
2026-05-17 03:18:06 | INFO     | ss_crawler | [lens_scraper] BEST MATCH: Sony FE 16mm F1.8 G score=1.05
2026-05-17 03:18:06 | INFO     | ss_crawler | [lens_scraper] Matched [bhxopb]: Sony_Sony_FE_16mm_F1.8_G (100% confidence)
2026-05-17 03:18:06 | INFO     | ss_crawler | [crawler] Fetching : https://www.ss.com/msg/lv/electronics/photo-optics/objectives/djdcx.html
2026-05-17 03:18:08 | INFO     | ss_crawler | [lens_scraper] MODEL EXTRACTED: 'pzo f 5, 6 1:80'
2026-05-17 03:18:08 | INFO     | ss_crawler | [lens_scraper] MOUNT DETECT: None
2026-05-17 03:18:08 | INFO     | ss_crawler | [lens_scraper] Detected focal: 80mm (from_model=True)
2026-05-17 03:18:08 | INFO     | ss_crawler | [lens_scraper] Using TITLE ONLY for matching: 'janpol modelis: pzo f 5, 6 1:80...'
2026-05-17 03:18:08 | INFO     | ss_crawler | [lens_scraper] No match for [djdcx]
2026-05-17 03:18:08 | INFO     | ss_crawler | [crawler] Fetching : https://www.ss.com/msg/lv/electronics/photo-optics/objectives/gimdn.html
2026-05-17 03:18:10 | INFO     | ss_crawler | [lens_scraper] Filtered [gimdn]: filtered_nikon
2026-05-17 03:18:10 | INFO     | ss_crawler | [crawler] Fetching : https://www.ss.com/msg/lv/electronics/photo-optics/objectives/aalgk.html
2026-05-17 03:18:12 | INFO     | ss_crawler | [lens_scraper] MODEL EXTRACTED: 'remus 50mm'
2026-05-17 03:18:12 | INFO     | ss_crawler | [lens_scraper] MOUNT DETECT: E
2026-05-17 03:18:12 | INFO     | ss_crawler | [lens_scraper] Detected focal: 50mm (from_model=True)
2026-05-17 03:18:12 | INFO     | ss_crawler | [lens_scraper] Using TITLE ONLY for matching: 'blazar modelis: remus 50mm...'
2026-05-17 03:18:12 | INFO     | ss_crawler | [lens_scraper] BEST MATCH: Sony E PZ 16-50mm F3.5-5.6 OSS score=0.80
2026-05-17 03:18:12 | INFO     | ss_crawler | [lens_scraper] Matched [aalgk]: Sony_Sony_E_PZ_16-50mm_F3.5-5.6_OSS (80% confidence)
2026-05-17 03:18:12 | INFO     | ss_crawler | [crawler] Fetching : https://www.ss.com/msg/lv/electronics/photo-optics/objectives/dbppg.html
2026-05-17 03:18:14 | INFO     | ss_crawler | [lens_scraper] MODEL EXTRACTED: 'ef 17-40 f/4l'
2026-05-17 03:18:14 | INFO     | ss_crawler | [lens_scraper] MOUNT DETECT: EF
2026-05-17 03:18:14 | INFO     | ss_crawler | [lens_scraper] Detected focal: 17mm-40mm (from_model=True)
2026-05-17 03:18:14 | INFO     | ss_crawler | [lens_scraper] Using TITLE ONLY for matching: 'canon modelis: ef 17-40 f/4l...'
2026-05-17 03:18:14 | INFO     | ss_crawler | [lens_scraper] BEST MATCH: 17-40mm F4L USM score=1.35
2026-05-17 03:18:14 | INFO     | ss_crawler | [lens_scraper] Matched [dbppg]: Canon_17-40mm_F4L_USM (100% confidence)
2026-05-17 03:18:14 | INFO     | ss_crawler | [crawler] Fetching : https://www.ss.com/msg/lv/electronics/photo-optics/objectives/ciiki.html
2026-05-17 03:18:16 | INFO     | ss_crawler | [lens_scraper] MODEL EXTRACTED: '100-400mm'
2026-05-17 03:18:16 | INFO     | ss_crawler | [lens_scraper] MOUNT DETECT: E
2026-05-17 03:18:16 | INFO     | ss_crawler | [lens_scraper] Detected focal: 100mm-400mm (from_model=True)
2026-05-17 03:18:16 | INFO     | ss_crawler | [lens_scraper] Using TITLE ONLY for matching: 'm. zuiko modelis: 100-400mm...'
2026-05-17 03:18:16 | INFO     | ss_crawler | [lens_scraper] BEST MATCH: 100-400mm F4.5-5.6L IS II USM score=0.80
2026-05-17 03:18:16 | INFO     | ss_crawler | [lens_scraper] Matched [ciiki]: Canon_100-400mm_F4.5-5.6L_IS_II_USM (80% confidence)
2026-05-17 03:18:16 | INFO     | ss_crawler | [crawler] Fetching : https://www.ss.com/msg/lv/electronics/photo-optics/objectives/cokxe.html
2026-05-17 03:18:18 | INFO     | ss_crawler | [lens_scraper] Filtered [cokxe]: filtered_nikon
2026-05-17 03:18:18 | INFO     | ss_crawler | [crawler] Fetching : https://www.ss.com/msg/lv/electronics/photo-optics/objectives/bgndec.html
2026-05-17 03:18:21 | INFO     | ss_crawler | [lens_scraper] Filtered [bgndec]: filtered_nikon
2026-05-17 03:18:21 | INFO     | ss_crawler | [crawler] Fetching : https://www.ss.com/msg/lv/electronics/photo-optics/objectives/cindh.html
2026-05-17 03:18:23 | INFO     | ss_crawler | [lens_scraper] Filtered [cindh]: filtered_jauns
2026-05-17 03:18:23 | INFO     | ss_crawler | [crawler] Fetching : https://www.ss.com/msg/lv/electronics/photo-optics/objectives/bemohb.html
2026-05-17 03:18:27 | INFO     | ss_crawler | [lens_scraper] Filtered [bemohb]: filtered_nikon
2026-05-17 03:18:27 | INFO     | ss_crawler | [crawler] Fetching : https://www.ss.com/msg/lv/electronics/photo-optics/objectives/jpcjx.html
2026-05-17 03:18:30 | INFO     | ss_crawler | [lens_scraper] Filtered [jpcjx]: filtered_jauns
2026-05-17 03:18:30 | INFO     | ss_crawler | [crawler] Fetching : https://www.ss.com/msg/lv/electronics/photo-optics/objectives/chbob.html
2026-05-17 03:18:32 | INFO     | ss_crawler | [lens_scraper] Filtered [chbob]: filtered_jauns
2026-05-17 03:18:32 | INFO     | ss_crawler | [crawler] Fetching : https://www.ss.com/msg/lv/electronics/photo-optics/objectives/gjekk.html
2026-05-17 03:18:34 | INFO     | ss_crawler | [lens_scraper] Filtered [gjekk]: filtered_jauns
2026-05-17 03:18:34 | INFO     | ss_crawler | [crawler] Fetching : https://www.ss.com/msg/lv/electronics/photo-optics/objectives/gmipm.html
2026-05-17 03:18:37 | INFO     | ss_crawler | [lens_scraper] Filtered [gmipm]: filtered_jauns
2026-05-17 03:18:37 | INFO     | ss_crawler | [crawler] Fetching : https://www.ss.com/msg/lv/electronics/photo-optics/objectives/bghmkh.html
2026-05-17 03:18:40 | INFO     | ss_crawler | [lens_scraper] Filtered [bghmkh]: filtered_jauns
2026-05-17 03:18:40 | INFO     | ss_crawler | [crawler] Fetching : https://www.ss.com/msg/lv/electronics/photo-optics/objectives/cblbn.html
2026-05-17 03:18:43 | INFO     | ss_crawler | [lens_scraper] MODEL EXTRACTED: 'l-mount pārdodu jaunu, nelietotu sigma 30mm f/1'
2026-05-17 03:18:43 | INFO     | ss_crawler | [lens_scraper] MOUNT DETECT: None
2026-05-17 03:18:43 | INFO     | ss_crawler | [lens_scraper] Detected focal: 30mm (from_model=True)
2026-05-17 03:18:43 | INFO     | ss_crawler | [lens_scraper] Using TITLE ONLY for matching: 'sigma modelis: l-mount pārdodu jaunu, nelietotu sigma 30mm f...'
2026-05-17 03:18:43 | INFO     | ss_crawler | [lens_scraper] BEST MATCH: 30mm F1.4 DC HSM Art score=1.25
2026-05-17 03:18:43 | INFO     | ss_crawler | [lens_scraper] Matched [cblbn]: Sigma_30mm_F1.4_DC_HSM_Art (100% confidence)
2026-05-17 03:18:43 | INFO     | ss_crawler | [crawler] Fetching : https://www.ss.com/msg/lv/electronics/photo-optics/objectives/enhmf.html
2026-05-17 03:18:45 | INFO     | ss_crawler | [lens_scraper] MODEL EXTRACTED: '40-150mm'
2026-05-17 03:18:45 | INFO     | ss_crawler | [lens_scraper] MOUNT DETECT: None
2026-05-17 03:18:45 | INFO     | ss_crawler | [lens_scraper] Detected focal: 40mm-150mm (from_model=True)
2026-05-17 03:18:45 | INFO     | ss_crawler | [lens_scraper] Using TITLE ONLY for matching: 'olympus modelis: 40-150mm...'
2026-05-17 03:18:45 | INFO     | ss_crawler | [lens_scraper] No match for [enhmf]
2026-05-17 03:18:45 | INFO     | ss_crawler | [crawler] Fetching : https://www.ss.com/msg/lv/electronics/photo-optics/objectives/dpihi.html
2026-05-17 03:18:47 | INFO     | ss_crawler | [lens_scraper] MODEL EXTRACTED: '14-150mm'
2026-05-17 03:18:47 | INFO     | ss_crawler | [lens_scraper] MOUNT DETECT: None
2026-05-17 03:18:47 | INFO     | ss_crawler | [lens_scraper] Detected focal: 14mm-150mm (from_model=True)
2026-05-17 03:18:47 | INFO     | ss_crawler | [lens_scraper] Using TITLE ONLY for matching: 'olympus modelis: 14-150mm...'
2026-05-17 03:18:47 | INFO     | ss_crawler | [lens_scraper] No match for [dpihi]
2026-05-17 03:18:47 | INFO     | ss_crawler | [crawler] Fetching : https://www.ss.com/msg/lv/electronics/photo-optics/objectives/bhxooc.html
2026-05-17 03:18:49 | INFO     | ss_crawler | [lens_scraper] MODEL EXTRACTED: 'tessar 2.8/50'
2026-05-17 03:18:49 | INFO     | ss_crawler | [lens_scraper] MOUNT DETECT: None
2026-05-17 03:18:49 | INFO     | ss_crawler | [lens_scraper] Detected focal: 50mm (from_model=True)
2026-05-17 03:18:49 | INFO     | ss_crawler | [lens_scraper] Using TITLE ONLY for matching: 'zeiss jena modelis: tessar 2.8/50...'
2026-05-17 03:18:49 | INFO     | ss_crawler | [lens_scraper] BEST MATCH: 50mm F1.4 ZE Milvus score=1.25
2026-05-17 03:18:49 | INFO     | ss_crawler | [lens_scraper] Matched [bhxooc]: Zeiss_50mm_F1.4_ZE_Milvus (100% confidence)
2026-05-17 03:18:49 | INFO     | ss_crawler | [crawler] Fetching : https://www.ss.com/msg/lv/electronics/photo-optics/objectives/bgpcjb.html
2026-05-17 03:18:52 | INFO     | ss_crawler | [lens_scraper] MODEL EXTRACTED: '3, 9/80-200 mm'
2026-05-17 03:18:52 | INFO     | ss_crawler | [lens_scraper] MOUNT DETECT: None
2026-05-17 03:18:52 | INFO     | ss_crawler | [lens_scraper] Detected focal: 80mm-200mm (from_model=True)
2026-05-17 03:18:52 | INFO     | ss_crawler | [lens_scraper] Using TITLE ONLY for matching: 'maginon modelis: 3, 9/80-200 mm...'
2026-05-17 03:18:52 | INFO     | ss_crawler | [lens_scraper] BEST MATCH: 70-200mm F2.8L USM score=0.75
2026-05-17 03:18:52 | INFO     | ss_crawler | [lens_scraper] Matched [bgpcjb]: Canon_70-200mm_F2.8L_USM (75% confidence)
2026-05-17 03:18:52 | INFO     | ss_crawler | [crawler] Fetching : https://www.ss.com/msg/lv/electronics/photo-optics/objectives/aafne.html
2026-05-17 03:18:54 | INFO     | ss_crawler | [lens_scraper] MODEL EXTRACTED: '35mm 1.8'
2026-05-17 03:18:54 | INFO     | ss_crawler | [lens_scraper] MOUNT DETECT: E
2026-05-17 03:18:54 | INFO     | ss_crawler | [lens_scraper] Detected focal: 35mm (from_model=True)
2026-05-17 03:18:54 | INFO     | ss_crawler | [lens_scraper] Using TITLE ONLY for matching: 'sony modelis: 35mm 1.8...'
2026-05-17 03:18:54 | INFO     | ss_crawler | [lens_scraper] BEST MATCH: Sony E 35mm F1.8 OSS score=0.95
2026-05-17 03:18:54 | INFO     | ss_crawler | [lens_scraper] Matched [aafne]: Sony_Sony_E_35mm_F1.8_OSS (95% confidence)
2026-05-17 03:18:54 | INFO     | ss_crawler | [crawler] Fetching : https://www.ss.com/msg/lv/electronics/photo-optics/objectives/fecmx.html
2026-05-17 03:18:57 | INFO     | ss_crawler | [lens_scraper] MODEL EXTRACTED: '75 - 300'
2026-05-17 03:18:57 | INFO     | ss_crawler | [lens_scraper] MOUNT DETECT: None
2026-05-17 03:18:57 | INFO     | ss_crawler | [lens_scraper] Detected focal: 75mm-300mm (from_model=True)
2026-05-17 03:18:57 | INFO     | ss_crawler | [lens_scraper] Using TITLE ONLY for matching: 'sigma modelis: 75 - 300...'
2026-05-17 03:18:57 | INFO     | ss_crawler | [lens_scraper] BEST MATCH: 70-300mm F4-5.6 DG Macro score=0.75
2026-05-17 03:18:57 | INFO     | ss_crawler | [lens_scraper] Matched [fecmx]: Sigma_70-300mm_F4-5.6_DG_Macro (75% confidence)
2026-05-17 03:18:57 | INFO     | ss_crawler | [crawler] Fetching : https://www.ss.com/msg/lv/electronics/photo-optics/objectives/kxdol.html
2026-05-17 03:19:00 | INFO     | ss_crawler | [lens_scraper] Filtered [kxdol]: filtered_jauns
2026-05-17 03:19:00 | INFO     | ss_crawler | [crawler] Fetching : https://www.ss.com/msg/lv/electronics/photo-optics/objectives/bfbigb.html
2026-05-17 03:19:02 | INFO     | ss_crawler | [lens_scraper] MODEL EXTRACTED: 'ef-s 17-85 is'
2026-05-17 03:19:02 | INFO     | ss_crawler | [lens_scraper] MOUNT DETECT: EF-S
2026-05-17 03:19:02 | INFO     | ss_crawler | [lens_scraper] Detected focal: 17mm-85mm (from_model=True)
2026-05-17 03:19:02 | INFO     | ss_crawler | [lens_scraper] Using TITLE ONLY for matching: 'canon modelis: ef-s 17-85 is...'
2026-05-17 03:19:02 | INFO     | ss_crawler | [lens_scraper] BEST MATCH: 17-85mm F4-5.6 IS USM score=1.35
2026-05-17 03:19:02 | INFO     | ss_crawler | [lens_scraper] Matched [bfbigb]: Canon_17-85mm_F4-5.6_IS_USM (100% confidence)
2026-05-17 03:19:02 | INFO     | ss_crawler | [crawler] Fetching : https://www.ss.com/msg/lv/electronics/photo-optics/objectives/acpei.html
2026-05-17 03:19:05 | INFO     | ss_crawler | [lens_scraper] MODEL EXTRACTED: '24-70 f/2, 8l'
2026-05-17 03:19:05 | INFO     | ss_crawler | [lens_scraper] MOUNT DETECT: None
2026-05-17 03:19:05 | INFO     | ss_crawler | [lens_scraper] Detected focal: 24mm-70mm (from_model=True)
2026-05-17 03:19:05 | INFO     | ss_crawler | [lens_scraper] Using TITLE ONLY for matching: 'canon modelis: 24-70 f/2, 8l...'
2026-05-17 03:19:05 | INFO     | ss_crawler | [lens_scraper] BEST MATCH: 24-70mm F4L IS USM score=1.25
2026-05-17 03:19:05 | INFO     | ss_crawler | [lens_scraper] Matched [acpei]: Canon_24-70mm_F4L_IS_USM (100% confidence)
2026-05-17 03:19:05 | INFO     | ss_crawler | [crawler] Fetching : https://www.ss.com/msg/lv/electronics/photo-optics/objectives/fokpm.html
2026-05-17 03:19:08 | INFO     | ss_crawler | [lens_scraper] Filtered [fokpm]: filtered_jauns
2026-05-17 03:19:08 | INFO     | ss_crawler | [crawler] Fetching : https://www.ss.com/msg/lv/electronics/photo-optics/objectives/bckxe.html
2026-05-17 03:19:11 | INFO     | ss_crawler | [lens_scraper] MODEL EXTRACTED: 'smc pentax da продаётся объектив pentax-da 18-135mm f3'
2026-05-17 03:19:11 | INFO     | ss_crawler | [lens_scraper] MOUNT DETECT: None
2026-05-17 03:19:11 | INFO     | ss_crawler | [lens_scraper] Detected focal: 18mm-135mm (from_model=True)
2026-05-17 03:19:11 | INFO     | ss_crawler | [lens_scraper] Using TITLE ONLY for matching: 'pentax modelis: smc pentax da продаётся объектив pentax-da 1...'
2026-05-17 03:19:11 | INFO     | ss_crawler | [lens_scraper] BEST MATCH: 18-135mm F3.5-5.6 IS score=0.85
2026-05-17 03:19:11 | INFO     | ss_crawler | [lens_scraper] Matched [bckxe]: Canon_18-135mm_F3.5-5.6_IS (85% confidence)
2026-05-17 03:19:11 | INFO     | ss_crawler | [lens_scraper] Fetching page 9: https://www.ss.com/lv/electronics/photo-optics/objectives/page9.html
2026-05-17 03:19:11 | INFO     | ss_crawler | [crawler] Fetching : https://www.ss.com/lv/electronics/photo-optics/objectives/page9.html
2026-05-17 03:19:14 | INFO     | ss_crawler | [lens_scraper] Found 4 listings on page 9
2026-05-17 03:19:14 | INFO     | ss_crawler | [crawler] Fetching : https://www.ss.com/msg/lv/electronics/photo-optics/objectives/mbcim.html
2026-05-17 03:19:17 | INFO     | ss_crawler | [lens_scraper] MODEL EXTRACTED: '70-200 f4'
2026-05-17 03:19:17 | INFO     | ss_crawler | [lens_scraper] MOUNT DETECT: RF
2026-05-17 03:19:17 | INFO     | ss_crawler | [lens_scraper] Detected focal: 70mm-200mm (from_model=True)
2026-05-17 03:19:17 | INFO     | ss_crawler | [lens_scraper] Using TITLE ONLY for matching: 'canon modelis: 70-200 f4...'
2026-05-17 03:19:17 | INFO     | ss_crawler | [lens_scraper] BEST MATCH: 70-200mm f/4 L IS USM score=1.50
2026-05-17 03:19:17 | INFO     | ss_crawler | [lens_scraper] Matched [mbcim]: Canon_70-200mm_f_4_L_IS_USM (100% confidence)
2026-05-17 03:19:17 | INFO     | ss_crawler | [crawler] Fetching : https://www.ss.com/msg/lv/electronics/photo-optics/objectives/mbcim.html
2026-05-17 03:19:19 | INFO     | ss_crawler | [lens_scraper] MODEL EXTRACTED: '70-200 f4'
2026-05-17 03:19:19 | INFO     | ss_crawler | [lens_scraper] MOUNT DETECT: RF
2026-05-17 03:19:19 | INFO     | ss_crawler | [lens_scraper] Detected focal: 70mm-200mm (from_model=True)
2026-05-17 03:19:19 | INFO     | ss_crawler | [lens_scraper] Using TITLE ONLY for matching: 'canon modelis: 70-200 f4...'
2026-05-17 03:19:19 | INFO     | ss_crawler | [lens_scraper] BEST MATCH: 70-200mm f/4 L IS USM score=1.50
2026-05-17 03:19:19 | INFO     | ss_crawler | [lens_scraper] Matched [mbcim]: Canon_70-200mm_f_4_L_IS_USM (100% confidence)
2026-05-17 03:19:19 | INFO     | ss_crawler | [crawler] Fetching : https://www.ss.com/msg/lv/electronics/photo-optics/objectives/mbcim.html
2026-05-17 03:19:21 | INFO     | ss_crawler | [lens_scraper] MODEL EXTRACTED: '70-200 f4'
2026-05-17 03:19:21 | INFO     | ss_crawler | [lens_scraper] MOUNT DETECT: RF
2026-05-17 03:19:21 | INFO     | ss_crawler | [lens_scraper] Detected focal: 70mm-200mm (from_model=True)
2026-05-17 03:19:21 | INFO     | ss_crawler | [lens_scraper] Using TITLE ONLY for matching: 'canon modelis: 70-200 f4...'
2026-05-17 03:19:21 | INFO     | ss_crawler | [lens_scraper] BEST MATCH: 70-200mm f/4 L IS USM score=1.50
2026-05-17 03:19:21 | INFO     | ss_crawler | [lens_scraper] Matched [mbcim]: Canon_70-200mm_f_4_L_IS_USM (100% confidence)
2026-05-17 03:19:21 | INFO     | ss_crawler | [crawler] Fetching : https://www.ss.com/msg/lv/electronics/photo-optics/objectives/liock.html
2026-05-17 03:19:24 | INFO     | ss_crawler | [lens_scraper] Filtered [liock]: filtered_nikon
2026-05-17 03:19:24 | INFO     | ss_crawler | [lens_scraper] No more pages to scrape
2026-05-17 03:19:24 | INFO     | ss_crawler | [lens_scraper] Category scrape complete. Total listings: 143
2026-05-17 03:19:24 | INFO     | ss_crawler | [repository] ⏸️ aalgl: Unchanged
2026-05-17 03:19:24 | INFO     | ss_crawler | [repository] ⏸️ aalgl: Unchanged
2026-05-17 03:19:24 | INFO     | ss_crawler | [repository] ⏸️ aalgl: Unchanged
2026-05-17 03:19:24 | INFO     | ss_crawler | [repository] ⏸️ loolb: Unchanged
2026-05-17 03:19:24 | INFO     | ss_crawler | [repository] ⏸️ bgpjfj: Unchanged
2026-05-17 03:19:24 | INFO     | ss_crawler | [repository] ⏸️ fljof: Unchanged
2026-05-17 03:19:24 | INFO     | ss_crawler | [repository] ⏸️ begohe: Unchanged
2026-05-17 03:19:24 | INFO     | ss_crawler | [repository] ⏸️ gobcn: Unchanged
2026-05-17 03:19:24 | INFO     | ss_crawler | [repository] ⏸️ gcxci: Unchanged
2026-05-17 03:19:24 | INFO     | ss_crawler | [repository] ⏸️ lphdk: Unchanged
2026-05-17 03:19:24 | INFO     | ss_crawler | [repository] ⏸️ lpcjf: Unchanged
2026-05-17 03:19:24 | INFO     | ss_crawler | [repository] ⏸️ jpdce: Unchanged
2026-05-17 03:19:24 | INFO     | ss_crawler | [repository] ⏸️ aabgf: Unchanged
2026-05-17 03:19:24 | INFO     | ss_crawler | [repository] ⏸️ abdpe: Unchanged
2026-05-17 03:19:24 | INFO     | ss_crawler | [repository] ⏸️ gcmeb: Unchanged
2026-05-17 03:19:24 | INFO     | ss_crawler | [repository] ⏸️ flxmi: Unchanged
2026-05-17 03:19:24 | INFO     | ss_crawler | [repository] ⏸️ egicb: Unchanged
2026-05-17 03:19:24 | INFO     | ss_crawler | [repository] ⏸️ bhnnxk: Unchanged
2026-05-17 03:19:24 | INFO     | ss_crawler | [repository] ⏸️ bigokg: Unchanged
2026-05-17 03:19:24 | INFO     | ss_crawler | [repository] ⏸️ fgimf: Unchanged
2026-05-17 03:19:24 | INFO     | ss_crawler | [repository] ⏸️ hcdof: Unchanged
2026-05-17 03:19:24 | INFO     | ss_crawler | [repository] ⏸️ acfjg: Unchanged
2026-05-17 03:19:24 | INFO     | ss_crawler | [repository] ⏸️ ghlhb: Unchanged
2026-05-17 03:19:24 | INFO     | ss_crawler | [repository] ⏸️ ghlhb: Unchanged
2026-05-17 03:19:24 | INFO     | ss_crawler | [repository] ⏸️ ghlhb: Unchanged
2026-05-17 03:19:24 | INFO     | ss_crawler | [repository] ⏸️ gfjin: Unchanged
2026-05-17 03:19:24 | INFO     | ss_crawler | [repository] ⏸️ bixcmk: Unchanged
2026-05-17 03:19:24 | INFO     | ss_crawler | [repository] ⏸️ bgncbe: Unchanged
2026-05-17 03:19:24 | INFO     | ss_crawler | [repository] ⏸️ bicplh: Unchanged
2026-05-17 03:19:24 | INFO     | ss_crawler | [repository] ⏸️ bhbenx: Unchanged
2026-05-17 03:19:24 | INFO     | ss_crawler | [repository] ⏸️ biexog: Unchanged
2026-05-17 03:19:24 | INFO     | ss_crawler | [repository] ⏸️ ddffo: Unchanged
2026-05-17 03:19:24 | INFO     | ss_crawler | [repository] ⏸️ mxjie: Unchanged
2026-05-17 03:19:24 | INFO     | ss_crawler | [repository] ⏸️ ekolb: Unchanged
2026-05-17 03:19:24 | INFO     | ss_crawler | [repository] ⏸️ ddhci: Unchanged
2026-05-17 03:19:24 | INFO     | ss_crawler | [repository] ⏸️ mckic: Unchanged
2026-05-17 03:19:24 | INFO     | ss_crawler | [repository] ⏸️ mblbp: Unchanged
2026-05-17 03:19:24 | INFO     | ss_crawler | [repository] ⏸️ bkmpjx: Unchanged
2026-05-17 03:19:24 | INFO     | ss_crawler | [repository] ⏸️ mbkfg: Unchanged
2026-05-17 03:19:24 | INFO     | ss_crawler | [repository] ⏸️ kcklf: Unchanged
2026-05-17 03:19:24 | INFO     | ss_crawler | [repository] ⏸️ jokle: Unchanged
2026-05-17 03:19:24 | INFO     | ss_crawler | [repository] ⏸️ eegjb: Unchanged
2026-05-17 03:19:24 | INFO     | ss_crawler | [repository] ⏸️ begmdo: Unchanged
2026-05-17 03:19:24 | INFO     | ss_crawler | [repository] ⏸️ aafxg: Unchanged
2026-05-17 03:19:24 | INFO     | ss_crawler | [repository] ⏸️ bjdpgm: Unchanged
2026-05-17 03:19:24 | INFO     | ss_crawler | [repository] ⏸️ cfjno: Unchanged
2026-05-17 03:19:24 | INFO     | ss_crawler | [repository] ⏸️ bgpdcn: Unchanged
2026-05-17 03:19:24 | INFO     | ss_crawler | [repository] ⏸️ bigojb: Unchanged
2026-05-17 03:19:24 | INFO     | ss_crawler | [repository] ⏸️ cenfc: Unchanged
2026-05-17 03:19:24 | INFO     | ss_crawler | [repository] ⏸️ bfcogn: Unchanged
2026-05-17 03:19:24 | INFO     | ss_crawler | [repository] ⏸️ afgxp: Unchanged
2026-05-17 03:19:24 | INFO     | ss_crawler | [repository] ⏸️ bgninh: Unchanged
2026-05-17 03:19:24 | INFO     | ss_crawler | [repository] ⏸️ bhbeic: Unchanged
2026-05-17 03:19:24 | INFO     | ss_crawler | [repository] ⏸️ edkbf: Unchanged
2026-05-17 03:19:24 | INFO     | ss_crawler | [repository] ⏸️ bkkxox: Unchanged
2026-05-17 03:19:24 | INFO     | ss_crawler | [repository] ⏸️ bgooen: Unchanged
2026-05-17 03:19:25 | INFO     | ss_crawler | [repository] ⏸️ dbxee: Unchanged
2026-05-17 03:19:25 | INFO     | ss_crawler | [repository] ⏸️ dccch: Unchanged
2026-05-17 03:19:25 | INFO     | ss_crawler | [repository] ⏸️ goxhg: Unchanged
2026-05-17 03:19:25 | INFO     | ss_crawler | [repository] ⏸️ ffcdl: Unchanged
2026-05-17 03:19:25 | INFO     | ss_crawler | [repository] ⏸️ aebcf: Unchanged
2026-05-17 03:19:25 | INFO     | ss_crawler | [repository] ⏸️ gghne: Unchanged
2026-05-17 03:19:25 | INFO     | ss_crawler | [repository] ⏸️ bkkejl: Unchanged
2026-05-17 03:19:25 | INFO     | ss_crawler | [repository] ⏸️ bgmoho: Unchanged
2026-05-17 03:19:25 | INFO     | ss_crawler | [repository] ⏸️ bhxnmk: Unchanged
2026-05-17 03:19:25 | INFO     | ss_crawler | [repository] ⏸️ bfkoon: Unchanged
2026-05-17 03:19:25 | INFO     | ss_crawler | [repository] ⏸️ lhlcp: Unchanged
2026-05-17 03:19:25 | INFO     | ss_crawler | [repository] ⏸️ clxxf: Unchanged
2026-05-17 03:19:25 | INFO     | ss_crawler | [repository] ⏸️ clxxf: Unchanged
2026-05-17 03:19:25 | INFO     | ss_crawler | [repository] ⏸️ clxxf: Unchanged
2026-05-17 03:19:25 | INFO     | ss_crawler | [repository] ⏸️ egjbf: Unchanged
2026-05-17 03:19:25 | INFO     | ss_crawler | [repository] ⏸️ dbpoj: Unchanged
2026-05-17 03:19:25 | INFO     | ss_crawler | [repository] ⏸️ dikbk: Unchanged
2026-05-17 03:19:25 | INFO     | ss_crawler | [repository] ⏸️ bgmlxe: Unchanged
2026-05-17 03:19:25 | INFO     | ss_crawler | [repository] ⏸️ pdldj: Unchanged
2026-05-17 03:19:25 | INFO     | ss_crawler | [repository] ⏸️ egnnn: Unchanged
2026-05-17 03:19:25 | INFO     | ss_crawler | [repository] ⏸️ blgkoo: Unchanged
2026-05-17 03:19:25 | INFO     | ss_crawler | [repository] ⏸️ mxfce: Unchanged
2026-05-17 03:19:25 | INFO     | ss_crawler | [repository] ⏸️ bempoi: Unchanged
2026-05-17 03:19:25 | INFO     | ss_crawler | [repository] ⏸️ lombb: Unchanged
2026-05-17 03:19:25 | INFO     | ss_crawler | [repository] ⏸️ bmebm: Unchanged
2026-05-17 03:19:25 | INFO     | ss_crawler | [repository] ⏸️ bldkkx: Unchanged
2026-05-17 03:19:25 | INFO     | ss_crawler | [repository] ⏸️ blhejl: Unchanged
2026-05-17 03:19:25 | INFO     | ss_crawler | [repository] ⏸️ dlhpd: Unchanged
2026-05-17 03:19:25 | INFO     | ss_crawler | [repository] ⏸️ dxhhh: Unchanged
2026-05-17 03:19:25 | INFO     | ss_crawler | [repository] ⏸️ jphcx: Unchanged
2026-05-17 03:19:25 | INFO     | ss_crawler | [repository] ⏸️ aadhl: Unchanged
2026-05-17 03:19:25 | INFO     | ss_crawler | [repository] ⏸️ aadhl: Unchanged
2026-05-17 03:19:25 | INFO     | ss_crawler | [repository] ⏸️ aadhl: Unchanged
2026-05-17 03:19:25 | INFO     | ss_crawler | [repository] ⏸️ egfof: Unchanged
2026-05-17 03:19:25 | INFO     | ss_crawler | [repository] ⏸️ bgpcmh: Unchanged
2026-05-17 03:19:25 | INFO     | ss_crawler | [repository] ⏸️ emnbd: Unchanged
2026-05-17 03:19:25 | INFO     | ss_crawler | [repository] ⏸️ dbjik: Unchanged
2026-05-17 03:19:25 | INFO     | ss_crawler | [repository] ⏸️ comgc: Unchanged
2026-05-17 03:19:25 | INFO     | ss_crawler | [repository] ⏸️ bbmclj: Unchanged
2026-05-17 03:19:25 | INFO     | ss_crawler | [repository] ⏸️ gnggb: Unchanged
2026-05-17 03:19:25 | INFO     | ss_crawler | [repository] ⏸️ mxjig: Unchanged
2026-05-17 03:19:25 | INFO     | ss_crawler | [repository] ⏸️ cmxho: Unchanged
2026-05-17 03:19:25 | INFO     | ss_crawler | [repository] ⏸️ blbpdh: Unchanged
2026-05-17 03:19:25 | INFO     | ss_crawler | [repository] ⏸️ dkxej: Unchanged
2026-05-17 03:19:25 | INFO     | ss_crawler | [repository] ⏸️ bkplcl: Unchanged
2026-05-17 03:19:25 | INFO     | ss_crawler | [repository] ⏸️ bgochc: Unchanged
2026-05-17 03:19:25 | INFO     | ss_crawler | [repository] ⏸️ eplej: Unchanged
2026-05-17 03:19:25 | INFO     | ss_crawler | [repository] ⏸️ hexnb: Unchanged
2026-05-17 03:19:25 | INFO     | ss_crawler | [repository] ⏸️ behfjl: Unchanged
2026-05-17 03:19:25 | INFO     | ss_crawler | [repository] ⏸️ behfjl: Unchanged
2026-05-17 03:19:25 | INFO     | ss_crawler | [repository] ⏸️ behfjl: Unchanged
2026-05-17 03:19:25 | INFO     | ss_crawler | [repository] ⏸️ bgpxnn: Unchanged
2026-05-17 03:19:25 | INFO     | ss_crawler | [repository] ⏸️ dcgdh: Unchanged
2026-05-17 03:19:25 | INFO     | ss_crawler | [repository] ⏸️ hfnfk: Unchanged
2026-05-17 03:19:25 | INFO     | ss_crawler | [repository] ⏸️ fkloj: Unchanged
2026-05-17 03:19:25 | INFO     | ss_crawler | [repository] ⏸️ eibbp: Unchanged
2026-05-17 03:19:25 | INFO     | ss_crawler | [repository] ⏸️ bkhxlg: Unchanged
2026-05-17 03:19:25 | INFO     | ss_crawler | [repository] ⏸️ bgonpb: Unchanged
2026-05-17 03:19:25 | INFO     | ss_crawler | [repository] ⏸️ bkhndn: Unchanged
2026-05-17 03:19:25 | INFO     | ss_crawler | [repository] ⏸️ ellxn: Unchanged
2026-05-17 03:19:25 | INFO     | ss_crawler | [repository] ⏸️ jpkbd: Unchanged
2026-05-17 03:19:25 | INFO     | ss_crawler | [repository] ⏸️ mxjif: Unchanged
2026-05-17 03:19:25 | INFO     | ss_crawler | [repository] ⏸️ bgmlnk: Unchanged
2026-05-17 03:19:25 | INFO     | ss_crawler | [repository] ⏸️ ebimo: Unchanged
2026-05-17 03:19:25 | INFO     | ss_crawler | [repository] ⏸️ emogm: Unchanged
2026-05-17 03:19:25 | INFO     | ss_crawler | [repository] ⏸️ bgookj: Unchanged
2026-05-17 03:19:25 | INFO     | ss_crawler | [repository] ⏸️ bgpxpg: Unchanged
2026-05-17 03:19:25 | INFO     | ss_crawler | [repository] ⏸️ kcgdj: Unchanged
2026-05-17 03:19:25 | INFO     | ss_crawler | [repository] ⏸️ cnxkp: Unchanged
2026-05-17 03:19:25 | INFO     | ss_crawler | [repository] ⏸️ bhxopb: Unchanged
2026-05-17 03:19:25 | INFO     | ss_crawler | [repository] ⏸️ djdcx: Unchanged
2026-05-17 03:19:25 | INFO     | ss_crawler | [repository] ⏸️ aalgk: Unchanged
2026-05-17 03:19:25 | INFO     | ss_crawler | [repository] ⏸️ dbppg: Unchanged
2026-05-17 03:19:25 | INFO     | ss_crawler | [repository] ⏸️ ciiki: Unchanged
2026-05-17 03:19:25 | INFO     | ss_crawler | [repository] ⏸️ cblbn: Unchanged
2026-05-17 03:19:25 | INFO     | ss_crawler | [repository] ⏸️ enhmf: Unchanged
2026-05-17 03:19:25 | INFO     | ss_crawler | [repository] ⏸️ dpihi: Unchanged
2026-05-17 03:19:25 | INFO     | ss_crawler | [repository] ⏸️ bhxooc: Unchanged
2026-05-17 03:19:25 | INFO     | ss_crawler | [repository] ⏸️ bgpcjb: Unchanged
2026-05-17 03:19:25 | INFO     | ss_crawler | [repository] ⏸️ aafne: Unchanged
2026-05-17 03:19:25 | INFO     | ss_crawler | [repository] ⏸️ fecmx: Unchanged
2026-05-17 03:19:25 | INFO     | ss_crawler | [repository] ⏸️ bfbigb: Unchanged
2026-05-17 03:19:25 | INFO     | ss_crawler | [repository] ⏸️ acpei: Unchanged
2026-05-17 03:19:25 | INFO     | ss_crawler | [repository] ⏸️ bckxe: Unchanged
2026-05-17 03:19:25 | INFO     | ss_crawler | [repository] ⏸️ mbcim: Unchanged
2026-05-17 03:19:25 | INFO     | ss_crawler | [repository] ⏸️ mbcim: Unchanged
2026-05-17 03:19:25 | INFO     | ss_crawler | [repository] ⏸️ mbcim: Unchanged
2026-05-17 15:00:36 | INFO     | ss_crawler | [database] Database connected: localhost:5433/ss_market
2026-05-17 15:01:32 | INFO     | ss_crawler | [database] Database connected: localhost:5433/ss_market
2026-05-17 15:01:44 | INFO     | ss_crawler | [computer_scraper] Initializing computer scraper...
2026-05-17 15:01:44 | INFO     | ss_crawler | [database] Database connected: localhost:5433/ss_market
2026-05-17 15:01:44 | INFO     | ss_crawler | [computer_scraper] Database: postgresql+psycopg2://crawler:crawler_pass@localhost:5433/ss_market
2026-05-17 15:01:45 | INFO     | ss_crawler | [cpu_matcher] CPUMatcher initialized with 5320 CPUs
2026-05-17 15:01:45 | INFO     | ss_crawler | [matcher] GPUMatcher initialized with 631 GPUs
2026-05-17 15:01:45 | INFO     | ss_crawler | [ram_matcher] RAMMatcher initialized with 5284 RAM references
2026-05-17 15:01:45 | INFO     | ss_crawler | [ssd_matcher] SSDMatcher initialized with 2450 SSDs
2026-05-17 15:01:45 | INFO     | ss_crawler | [psu_matcher] PSUMatcher initialized with 2895 PSU references
2026-05-17 15:01:46 | INFO     | ss_crawler | [case_matcher] CaseMatcher initialized with 5740 case references
2026-05-17 15:01:46 | INFO     | ss_crawler | [computer_matcher] ComputerMatcher initialized: 5320 CPUs, 631 GPUs, 5284 RAMs, 2450 SSDs, 2895 PSUs, 5740 Cases
2026-05-17 15:01:46 | INFO     | ss_crawler | [computer_scraper] Loaded references: 5320 CPUs, 631 GPUs, 5284 RAMs, 2450 SSDs, 2895 PSUs, 5740 Cases
2026-05-17 15:01:46 | INFO     | ss_crawler | [computer_scraper] Computer scrape run started: ID 21
2026-05-17 15:01:46 | INFO     | ss_crawler | [computer_scraper] Fetching computer category: https://www.ss.com/lv/electronics/computers/pc/
2026-05-17 15:01:46 | INFO     | ss_crawler | [crawler] Fetching Computer category page: https://www.ss.com/lv/electronics/computers/pc/
2026-05-17 15:01:49 | INFO     | ss_crawler | [computer_parser] Found 30 listings on page
2026-05-17 15:01:49 | INFO     | ss_crawler | [computer_scraper] Test mode: limiting to 5 listings
2026-05-17 15:01:49 | INFO     | ss_crawler | [computer_scraper] Found 5 computer listings to process
2026-05-17 15:01:49 | INFO     | ss_crawler | [crawler] Fetching Computer listing 1/5: https://www.ss.com/msg/lv/electronics/computers/pc/fghel.html
2026-05-17 15:01:51 | ERROR    | ss_crawler | [database] Database transaction failed: Textual SQL expression 'SELECT listing_id FROM co...' should be explicitly declared as text('SELECT listing_id FROM co...')
2026-05-17 15:01:51 | CRITICAL | ss_crawler | [computer_scraper] Computer scraping failed: Textual SQL expression 'SELECT listing_id FROM co...' should be explicitly declared as text('SELECT listing_id FROM co...')
2026-05-17 17:26:34 | INFO     | ss_crawler | [database] Database connected: localhost:5433/ss_market
2026-05-17 17:28:18 | INFO     | ss_crawler | [database] Database connected: localhost:5433/ss_market
2026-05-17 17:28:29 | INFO     | ss_crawler | [import_cameras] Importing cameras from G:\Github\SS-WEB-SCRAPPER\All_Cameras_Codecs_Fixed.xlsx
2026-05-17 17:28:29 | INFO     | ss_crawler | [import_cameras] Loaded 122 cameras from Excel
2026-05-17 17:28:29 | INFO     | ss_crawler | [database] Database connected: localhost:5433/ss_market
2026-05-17 17:28:29 | INFO     | ss_crawler | [import_cameras] Cleared existing camera references
2026-05-17 17:28:29 | INFO     | ss_crawler | [import_cameras] Imported 20 cameras...
2026-05-17 17:28:29 | INFO     | ss_crawler | [import_cameras] Imported 40 cameras...
2026-05-17 17:28:29 | INFO     | ss_crawler | [import_cameras] Imported 60 cameras...
2026-05-17 17:28:29 | INFO     | ss_crawler | [import_cameras] Imported 80 cameras...
2026-05-17 17:28:29 | INFO     | ss_crawler | [import_cameras] Imported 100 cameras...
2026-05-17 17:28:29 | INFO     | ss_crawler | [import_cameras] Imported 120 cameras...
2026-05-17 17:28:30 | INFO     | ss_crawler | [import_cameras] Import complete: 122 cameras imported, 0 failed
2026-05-17 17:30:02 | INFO     | ss_crawler | [database] Database connected: localhost:5433/ss_market
2026-05-17 17:32:40 | INFO     | ss_crawler | [camera_scraper] Initializing Camera scraper...
2026-05-17 17:32:40 | INFO     | ss_crawler | [database] Database connected: localhost:5433/ss_market
2026-05-17 17:32:40 | INFO     | ss_crawler | [camera_scraper] Loaded 122 camera references
2026-05-17 17:32:40 | INFO     | ss_crawler | [crawler] Fetching : https://www.ss.com/msg/lv/electronics/photo-optics/slr-cameras/canon/bfgbgp.html
2026-05-17 17:32:42 | INFO     | ss_crawler | [camera_matcher] Matched camera: Canon M (score: 1.37)
2026-05-17 17:32:42 | INFO     | ss_crawler | [camera_scraper] Matched camera: Canon M (100% confidence)
2026-05-17 17:32:42 | INFO     | ss_crawler | [camera_scraper] Matched [test]: Canon M (100% confidence)
2026-05-17 17:32:42 | INFO     | ss_crawler | [camera_scraper] Detected lenses in [test]: 18-55mm F4-5.6 IS STM, 8-15mm F4L Fisheye USM, 16-35mm F4L IS USM
2026-05-17 17:35:51 | INFO     | ss_crawler | [camera_scraper] Initializing Camera scraper...
2026-05-17 17:35:51 | INFO     | ss_crawler | [database] Database connected: localhost:5433/ss_market
2026-05-17 17:35:51 | INFO     | ss_crawler | [camera_scraper] Loaded 122 camera references
2026-05-17 17:35:51 | INFO     | ss_crawler | [crawler] Fetching : https://www.ss.com/msg/lv/electronics/photo-optics/slr-cameras/canon/bfgbgp.html
2026-05-17 17:35:53 | INFO     | ss_crawler | [camera_matcher] Matched camera: Canon M (score: 0.87)
2026-05-17 17:35:53 | INFO     | ss_crawler | [camera_scraper] Matched camera: Canon M (87% confidence)
2026-05-17 17:35:53 | INFO     | ss_crawler | [camera_scraper] Matched [test]: Canon M (87% confidence)
2026-05-17 17:35:53 | INFO     | ss_crawler | [camera_scraper] Detected lenses in [test]: 18-55mm F4-5.6 IS STM, 8-15mm F4L Fisheye USM, 16-35mm F4L IS USM
2026-05-17 17:38:36 | INFO     | ss_crawler | [database] Database connected: localhost:5433/ss_market
2026-05-17 17:44:19 | INFO     | ss_crawler | [database] Database connected: localhost:5433/ss_market
2026-05-17 17:44:20 | INFO     | ss_crawler | [database] Database connected: localhost:5433/ss_market
2026-05-17 17:44:20 | INFO     | ss_crawler | [database] Database connected: localhost:5433/ss_market
2026-05-17 17:44:20 | INFO     | ss_crawler | [database] Database connected: localhost:5433/ss_market
2026-05-17 17:46:10 | INFO     | ss_crawler | [database] Database connected: localhost:5433/ss_market
2026-05-17 17:46:11 | INFO     | ss_crawler | [database] Database connected: localhost:5433/ss_market
2026-05-17 17:46:11 | INFO     | ss_crawler | [database] Database connected: localhost:5433/ss_market
2026-05-17 17:46:11 | INFO     | ss_crawler | [database] Database connected: localhost:5433/ss_market
2026-05-17 17:46:52 | INFO     | ss_crawler | [database] Database connected: localhost:5433/ss_market
2026-05-17 17:46:54 | INFO     | ss_crawler | [database] Database connected: localhost:5433/ss_market
2026-05-17 17:46:54 | INFO     | ss_crawler | [database] Database connected: localhost:5433/ss_market
2026-05-17 17:46:54 | INFO     | ss_crawler | [database] Database connected: localhost:5433/ss_market
2026-05-17 17:48:51 | INFO     | ss_crawler | [database] Database connected: localhost:5433/ss_market
2026-05-17 17:48:53 | INFO     | ss_crawler | [database] Database connected: localhost:5433/ss_market
2026-05-17 17:48:53 | INFO     | ss_crawler | [database] Database connected: localhost:5433/ss_market
2026-05-17 17:48:53 | INFO     | ss_crawler | [database] Database connected: localhost:5433/ss_market
2026-05-17 17:48:58 | INFO     | ss_crawler | [database] Database connected: localhost:5433/ss_market
2026-05-17 17:49:00 | INFO     | ss_crawler | [database] Database connected: localhost:5433/ss_market
2026-05-17 17:49:00 | INFO     | ss_crawler | [database] Database connected: localhost:5433/ss_market
2026-05-17 17:49:00 | INFO     | ss_crawler | [database] Database connected: localhost:5433/ss_market
2026-05-17 17:49:37 | INFO     | ss_crawler | [database] Database connected: localhost:5433/ss_market
2026-05-17 18:23:53 | INFO     | ss_crawler | [database] Database connected: localhost:5433/ss_market
2026-05-17 18:35:56 | INFO     | ss_crawler | [camera_scraper] Initializing Camera scraper...
2026-05-17 18:35:56 | INFO     | ss_crawler | [database] Database connected: localhost:5433/ss_market
2026-05-17 18:35:56 | INFO     | ss_crawler | [camera_scraper] Loaded 122 camera references
2026-05-17 18:35:56 | INFO     | ss_crawler | [crawler] Fetching : https://www.ss.com/msg/lv/electronics/photo-optics/slr-cameras/canon/bfgbgp.html
2026-05-17 18:35:58 | INFO     | ss_crawler | [camera_matcher] Matched camera: Canon M (score: 1.27)
2026-05-17 18:35:58 | INFO     | ss_crawler | [camera_scraper] Matched camera: Canon M (100% confidence)
2026-05-17 18:35:58 | INFO     | ss_crawler | [camera_scraper] Matched [test]: Canon M (100% confidence)
2026-05-17 18:35:58 | INFO     | ss_crawler | [camera_scraper] Detected lenses in [test]: 18-55mm F4-5.6 IS STM, 100mm F2 USM, 8-15mm F4L Fisheye USM
2026-05-17 18:37:32 | INFO     | ss_crawler | [database] Database connected: localhost:5433/ss_market
2026-05-17 18:39:09 | INFO     | ss_crawler | [camera_scraper] Initializing Camera scraper...
2026-05-17 18:39:09 | INFO     | ss_crawler | [database] Database connected: localhost:5433/ss_market
2026-05-17 18:39:09 | INFO     | ss_crawler | [camera_scraper] Loaded 122 camera references
2026-05-17 18:39:09 | INFO     | ss_crawler | [crawler] Fetching : https://www.ss.com/msg/lv/electronics/photo-optics/slr-cameras/canon/bfgbgp.html
2026-05-17 18:39:11 | INFO     | ss_crawler | [camera_matcher] Matched camera: Canon R (score: 0.93)
2026-05-17 18:39:11 | INFO     | ss_crawler | [camera_scraper] Matched camera: Canon R (93% confidence)
2026-05-17 18:39:11 | INFO     | ss_crawler | [camera_scraper] Matched [test]: Canon R (93% confidence)
2026-05-17 18:39:11 | INFO     | ss_crawler | [camera_scraper] Detected lenses in [test]: 100mm F2 USM
2026-05-17 18:43:16 | INFO     | ss_crawler | [database] Database connected: localhost:5433/ss_market
2026-05-17 18:43:16 | INFO     | ss_crawler | [camera_matcher] Matched camera: Canon M (score: 0.83)
2026-05-17 18:44:39 | INFO     | ss_crawler | [database] Database connected: localhost:5433/ss_market
2026-05-17 18:44:39 | INFO     | ss_crawler | [camera_matcher] Matched camera: Canon 500D / T1i / X3 (score: 1.07)
2026-05-17 18:45:39 | INFO     | ss_crawler | [camera_scraper] Initializing Camera scraper...
2026-05-17 18:45:39 | INFO     | ss_crawler | [database] Database connected: localhost:5433/ss_market
2026-05-17 18:45:39 | INFO     | ss_crawler | [camera_scraper] Loaded 122 camera references
2026-05-17 18:45:39 | INFO     | ss_crawler | [crawler] Fetching : https://www.ss.com/msg/lv/electronics/photo-optics/slr-cameras/canon/bfgbgp.html
2026-05-17 18:45:41 | INFO     | ss_crawler | [camera_matcher] Matched camera: Canon 500D / T1i / X3 (score: 1.16)
2026-05-17 18:45:41 | INFO     | ss_crawler | [camera_scraper] Matched camera: Canon 500D / T1i / X3 (100% confidence)
2026-05-17 18:45:41 | INFO     | ss_crawler | [camera_scraper] Matched [test]: Canon 500D / T1i / X3 (100% confidence)
2026-05-17 18:45:41 | INFO     | ss_crawler | [camera_scraper] Detected lenses in [test]: 100mm F2 USM
2026-05-17 18:47:50 | INFO     | ss_crawler | [camera_scraper] Initializing Camera scraper...
2026-05-17 18:47:50 | INFO     | ss_crawler | [database] Database connected: localhost:5433/ss_market
2026-05-17 18:47:50 | INFO     | ss_crawler | [camera_scraper] Loaded 122 camera references
2026-05-17 18:47:50 | INFO     | ss_crawler | [crawler] Fetching : https://www.ss.com/msg/lv/electronics/photo-optics/slr-cameras/canon/bfgbgp.html
2026-05-17 18:48:53 | INFO     | ss_crawler | [camera_scraper] Initializing Camera scraper...
2026-05-17 18:48:53 | INFO     | ss_crawler | [database] Database connected: localhost:5433/ss_market
2026-05-17 18:48:53 | INFO     | ss_crawler | [camera_scraper] Loaded 122 camera references
2026-05-17 18:48:53 | INFO     | ss_crawler | [crawler] Fetching : https://www.ss.com/msg/lv/electronics/photo-optics/slr-cameras/canon/bfgbgp.html
2026-05-17 18:48:55 | INFO     | ss_crawler | [camera_matcher] Matched camera: Canon 500D / T1i / X3 (score: 1.16)
2026-05-17 18:48:55 | INFO     | ss_crawler | [camera_scraper] Matched camera: Canon 500D / T1i / X3 (100% confidence)
2026-05-17 18:48:55 | INFO     | ss_crawler | [camera_scraper] Matched [test]: Canon 500D / T1i / X3 (100% confidence)
2026-05-17 18:48:55 | INFO     | ss_crawler | [camera_scraper] Detected lenses in [test]: 18-55mm F4-5.6 IS STM, 18-55mm F3.5-5.6 IS II, 18-55mm F3.5-5.6 IS STM
2026-05-17 18:51:41 | INFO     | ss_crawler | [camera_scraper] Initializing Camera scraper...
2026-05-17 18:51:41 | INFO     | ss_crawler | [database] Database connected: localhost:5433/ss_market
2026-05-17 18:51:41 | INFO     | ss_crawler | [camera_scraper] Loaded 122 camera references
2026-05-17 18:51:41 | INFO     | ss_crawler | [crawler] Fetching : https://www.ss.com/msg/lv/electronics/photo-optics/slr-cameras/canon/bfgbgp.html
2026-05-17 18:51:45 | INFO     | ss_crawler | [camera_matcher] Matched camera: Canon 500D / T1i / X3 (score: 1.16)
2026-05-17 18:51:45 | INFO     | ss_crawler | [camera_scraper] Matched camera: Canon 500D / T1i / X3 (100% confidence)
2026-05-17 18:51:45 | INFO     | ss_crawler | [camera_scraper] Matched [test]: Canon 500D / T1i / X3 (100% confidence)
2026-05-17 18:51:45 | INFO     | ss_crawler | [camera_scraper] Detected lenses in [test]: 18-55mm F4-5.6 IS STM
2026-05-17 18:52:27 | INFO     | ss_crawler | [camera_scraper] Initializing Camera scraper...
2026-05-17 18:52:27 | INFO     | ss_crawler | [database] Database connected: localhost:5433/ss_market
2026-05-17 18:52:27 | INFO     | ss_crawler | [camera_scraper] Loaded 122 camera references
2026-05-17 18:52:27 | INFO     | ss_crawler | [crawler] Fetching : https://www.ss.com/msg/lv/electronics/photo-optics/slr-cameras/canon/bfdolo.html
2026-05-17 18:52:31 | INFO     | ss_crawler | [camera_matcher] Matched camera: Canon 5D (score: 1.08)
2026-05-17 18:52:31 | INFO     | ss_crawler | [camera_scraper] Matched camera: Canon 5D (100% confidence)
2026-05-17 18:52:31 | INFO     | ss_crawler | [camera_scraper] Matched [test]: Canon 5D (100% confidence)
2026-05-17 18:54:39 | INFO     | ss_crawler | [database] Database connected: localhost:5433/ss_market
2026-05-17 18:55:43 | INFO     | ss_crawler | [camera_scraper] Initializing Camera scraper...
2026-05-17 18:55:43 | INFO     | ss_crawler | [database] Database connected: localhost:5433/ss_market
2026-05-17 18:55:43 | INFO     | ss_crawler | [camera_scraper] Loaded 122 camera references
2026-05-17 18:55:43 | INFO     | ss_crawler | [crawler] Fetching : https://www.ss.com/msg/lv/electronics/photo-optics/slr-cameras/canon/bfdolo.html
2026-05-17 18:55:46 | INFO     | ss_crawler | [camera_matcher] Matched camera: Canon 5D (score: 1.08)
2026-05-17 18:55:46 | INFO     | ss_crawler | [camera_scraper] Matched camera: Canon 5D (100% confidence)
2026-05-17 18:55:46 | INFO     | ss_crawler | [camera_scraper] Matched [test]: Canon 5D (100% confidence)
2026-05-17 18:56:38 | INFO     | ss_crawler | [camera_scraper] Initializing Camera scraper...
2026-05-17 18:56:38 | INFO     | ss_crawler | [database] Database connected: localhost:5433/ss_market
2026-05-17 18:56:38 | INFO     | ss_crawler | [camera_scraper] Loaded 122 camera references
2026-05-17 18:56:38 | INFO     | ss_crawler | [crawler] Fetching : https://www.ss.com/msg/lv/electronics/photo-optics/slr-cameras/canon/bfdolo.html
2026-05-17 18:56:40 | INFO     | ss_crawler | [camera_matcher] Matched camera: Canon 5D (score: 1.08)
2026-05-17 18:56:40 | INFO     | ss_crawler | [camera_scraper] Matched camera: Canon 5D (100% confidence)
2026-05-17 18:56:40 | INFO     | ss_crawler | [camera_scraper] Matched [test]: Canon 5D (100% confidence)
2026-05-17 18:57:35 | INFO     | ss_crawler | [database] Database connected: localhost:5433/ss_market
2026-05-17 18:57:35 | INFO     | ss_crawler | [camera_matcher] Matched camera: Canon 5D (score: 0.99)
2026-05-17 18:57:35 | INFO     | ss_crawler | [camera_matcher] Matched camera: Canon 5D Mark III (score: 1.33)
2026-05-17 18:57:35 | INFO     | ss_crawler | [camera_matcher] Matched camera: Canon 5D Mark IV (score: 1.37)
2026-05-17 18:58:21 | INFO     | ss_crawler | [database] Database connected: localhost:5433/ss_market
2026-05-17 18:58:21 | INFO     | ss_crawler | [camera_matcher] Matched camera: Canon 5D Mark III (score: 1.15)
2026-05-17 18:58:21 | INFO     | ss_crawler | [camera_matcher] Matched camera: Canon 5D Mark III (score: 1.53)
2026-05-17 18:58:21 | INFO     | ss_crawler | [camera_matcher] Matched camera: Canon 5D Mark IV (score: 1.57)
2026-05-17 18:58:51 | INFO     | ss_crawler | [camera_scraper] Initializing Camera scraper...
2026-05-17 18:58:51 | INFO     | ss_crawler | [database] Database connected: localhost:5433/ss_market
2026-05-17 18:58:51 | INFO     | ss_crawler | [camera_scraper] Loaded 122 camera references
2026-05-17 18:58:51 | INFO     | ss_crawler | [crawler] Fetching : https://www.ss.com/msg/lv/electronics/photo-optics/slr-cameras/canon/bfdolo.html
2026-05-17 18:58:54 | INFO     | ss_crawler | [camera_matcher] Matched camera: Canon 5D Mark III (score: 1.24)
2026-05-17 18:58:54 | INFO     | ss_crawler | [camera_scraper] Matched camera: Canon 5D Mark III (100% confidence)
2026-05-17 18:58:54 | INFO     | ss_crawler | [camera_scraper] Matched [test]: Canon 5D Mark III (100% confidence)
2026-05-17 19:01:16 | INFO     | ss_crawler | [camera_scraper] Initializing Camera scraper...
2026-05-17 19:01:16 | INFO     | ss_crawler | [database] Database connected: localhost:5433/ss_market
2026-05-17 19:01:17 | INFO     | ss_crawler | [camera_scraper] Loaded 122 camera references
2026-05-17 19:01:17 | INFO     | ss_crawler | [crawler] Fetching : https://www.ss.com/msg/lv/electronics/photo-optics/slr-cameras/canon/bfcono.html
2026-05-17 19:01:19 | INFO     | ss_crawler | [camera_matcher] Matched camera: Canon 250D / SL3 / X10 (score: 1.21)
2026-05-17 19:01:19 | INFO     | ss_crawler | [camera_scraper] Matched camera: Canon 250D / SL3 / X10 (100% confidence)
2026-05-17 19:01:19 | INFO     | ss_crawler | [camera_scraper] Matched [test]: Canon 250D / SL3 / X10 (100% confidence)
2026-05-17 19:01:19 | INFO     | ss_crawler | [camera_scraper] Detected lenses in [test]: 18-55mm F4-5.6 IS STM, 50mm F1.8 STM
2026-05-17 19:01:42 | INFO     | ss_crawler | [camera_scraper] Initializing Camera scraper...
2026-05-17 19:01:42 | INFO     | ss_crawler | [database] Database connected: localhost:5433/ss_market
2026-05-17 19:01:42 | INFO     | ss_crawler | [camera_scraper] Loaded 122 camera references
2026-05-17 19:01:42 | INFO     | ss_crawler | [crawler] Fetching : https://www.ss.com/msg/lv/electronics/photo-optics/slr-cameras/canon/bfjxkc.html
2026-05-17 19:01:45 | INFO     | ss_crawler | [camera_matcher] Matched camera: Canon 700D / T5i / X7i (score: 1.21)
2026-05-17 19:01:45 | INFO     | ss_crawler | [camera_scraper] Matched camera: Canon 700D / T5i / X7i (100% confidence)
2026-05-17 19:01:45 | INFO     | ss_crawler | [camera_scraper] Matched [test]: Canon 700D / T5i / X7i (100% confidence)
2026-05-17 19:01:46 | INFO     | ss_crawler | [camera_scraper] Detected lenses in [test]: 18-55mm F4-5.6 IS STM
2026-05-17 19:02:07 | INFO     | ss_crawler | [camera_scraper] Initializing Camera scraper...
2026-05-17 19:02:07 | INFO     | ss_crawler | [database] Database connected: localhost:5433/ss_market
2026-05-17 19:02:07 | INFO     | ss_crawler | [camera_scraper] Loaded 122 camera references
2026-05-17 19:02:07 | INFO     | ss_crawler | [crawler] Fetching : https://www.ss.com/msg/lv/electronics/photo-optics/slr-cameras/canon/bfjcgo.html
2026-05-17 19:02:11 | INFO     | ss_crawler | [camera_matcher] Matched camera: Canon 1D Mark II / N (score: 0.69)
2026-05-17 19:02:11 | INFO     | ss_crawler | [camera_scraper] Matched camera: Canon 1D Mark II / N (69% confidence)
2026-05-17 19:02:11 | INFO     | ss_crawler | [camera_scraper] Matched [test]: Canon 1D Mark II / N (69% confidence)
2026-05-17 19:03:40 | INFO     | ss_crawler | [camera_scraper] Initializing Camera scraper...
2026-05-17 19:03:40 | INFO     | ss_crawler | [database] Database connected: localhost:5433/ss_market
2026-05-17 19:03:40 | INFO     | ss_crawler | [camera_scraper] Loaded 122 camera references
2026-05-17 19:03:40 | INFO     | ss_crawler | [crawler] Fetching : https://www.ss.com/msg/lv/electronics/photo-optics/slr-cameras/canon/bfjcgo.html
2026-05-17 19:03:42 | INFO     | ss_crawler | [camera_matcher] Matched camera: Canon 1D Mark II / N (score: 0.69)
2026-05-17 19:03:42 | INFO     | ss_crawler | [camera_scraper] Matched camera: Canon 1D Mark II / N (69% confidence)
2026-05-17 19:03:42 | INFO     | ss_crawler | [camera_scraper] Matched [test]: Canon 1D Mark II / N (69% confidence)
2026-05-17 19:04:10 | INFO     | ss_crawler | [camera_scraper] Initializing Camera scraper...
2026-05-17 19:04:10 | INFO     | ss_crawler | [database] Database connected: localhost:5433/ss_market
2026-05-17 19:04:10 | INFO     | ss_crawler | [camera_scraper] Loaded 122 camera references
2026-05-17 19:04:10 | INFO     | ss_crawler | [crawler] Fetching : https://www.ss.com/msg/lv/electronics/photo-optics/slr-cameras/nikon/bfhebc.html
2026-05-17 19:04:13 | INFO     | ss_crawler | [camera_scraper] Filtered [test]: filtered_nikon
2026-05-17 19:04:32 | INFO     | ss_crawler | [camera_scraper] Initializing Camera scraper...
2026-05-17 19:04:32 | INFO     | ss_crawler | [database] Database connected: localhost:5433/ss_market
2026-05-17 19:04:33 | INFO     | ss_crawler | [camera_scraper] Loaded 122 camera references
2026-05-17 19:04:33 | INFO     | ss_crawler | [crawler] Fetching : https://www.ss.com/msg/lv/electronics/photo-optics/slr-cameras/canon/bfhgdn.html
2026-05-17 19:04:35 | INFO     | ss_crawler | [camera_matcher] Matched camera: Canon 1200D / T5 / X70 (score: 1.03)
2026-05-17 19:04:35 | INFO     | ss_crawler | [camera_scraper] Matched camera: Canon 1200D / T5 / X70 (100% confidence)
2026-05-17 19:04:35 | INFO     | ss_crawler | [camera_scraper] Matched [test]: Canon 1200D / T5 / X70 (100% confidence)
2026-05-17 19:04:53 | INFO     | ss_crawler | [camera_scraper] Initializing Camera scraper...
2026-05-17 19:04:53 | INFO     | ss_crawler | [database] Database connected: localhost:5433/ss_market
2026-05-17 19:04:53 | INFO     | ss_crawler | [camera_scraper] Loaded 122 camera references
2026-05-17 19:04:53 | INFO     | ss_crawler | [crawler] Fetching : https://www.ss.com/msg/lv/electronics/photo-optics/slr-cameras/canon/bfjmde.html
2026-05-17 19:04:55 | INFO     | ss_crawler | [camera_matcher] Matched camera: Canon 800D/77D / Rebel T7i / Kiss X9i (score: 1.07)
2026-05-17 19:04:55 | INFO     | ss_crawler | [camera_scraper] Matched camera: Canon 800D/77D / Rebel T7i / Kiss X9i (100% confidence)
2026-05-17 19:04:55 | INFO     | ss_crawler | [camera_scraper] Matched [test]: Canon 800D/77D / Rebel T7i / Kiss X9i (100% confidence)
2026-05-17 19:05:28 | INFO     | ss_crawler | [camera_scraper] Initializing Camera scraper...
2026-05-17 19:05:28 | INFO     | ss_crawler | [database] Database connected: localhost:5433/ss_market
2026-05-17 19:05:28 | INFO     | ss_crawler | [camera_scraper] Loaded 122 camera references
2026-05-17 19:05:28 | INFO     | ss_crawler | [crawler] Fetching : https://www.ss.com/msg/lv/electronics/photo-optics/slr-cameras/canon/bfhcdg.html
2026-05-17 19:05:31 | INFO     | ss_crawler | [camera_matcher] Matched camera: Canon R100 (score: 1.17)
2026-05-17 19:05:31 | INFO     | ss_crawler | [camera_scraper] Matched camera: Canon R100 (100% confidence)
2026-05-17 19:05:31 | INFO     | ss_crawler | [camera_scraper] Matched [test]: Canon R100 (100% confidence)
2026-05-17 19:05:31 | INFO     | ss_crawler | [camera_scraper] Detected lenses in [test]: 18-45mm f/4.5-6.3 IS STM, 45mm F2.8 TS-E, 10-18mm f/4.5-6.3 IS STM
2026-05-17 19:07:20 | INFO     | ss_crawler | [camera_scraper] Initializing Camera scraper...
2026-05-17 19:07:20 | INFO     | ss_crawler | [database] Database connected: localhost:5433/ss_market
2026-05-17 19:07:20 | INFO     | ss_crawler | [camera_scraper] Loaded 122 camera references
2026-05-17 19:07:20 | INFO     | ss_crawler | [crawler] Fetching : https://www.ss.com/msg/lv/electronics/photo-optics/slr-cameras/canon/bfhcdg.html
2026-05-17 19:07:24 | INFO     | ss_crawler | [camera_matcher] Matched camera: Canon R100 (score: 1.17)
2026-05-17 19:07:24 | INFO     | ss_crawler | [camera_scraper] Matched camera: Canon R100 (100% confidence)
2026-05-17 19:07:24 | INFO     | ss_crawler | [camera_scraper] Matched [test]: Canon R100 (100% confidence)
2026-05-17 19:07:24 | INFO     | ss_crawler | [camera_scraper] Detected lenses in [test]: 18-45mm f/4.5-6.3 IS STM, 10-18mm f/4.5-6.3 IS STM, 15-30mm f/4.5-6.3 IS STM
2026-05-17 19:08:01 | INFO     | ss_crawler | [camera_scraper] Initializing Camera scraper...
2026-05-17 19:08:01 | INFO     | ss_crawler | [database] Database connected: localhost:5433/ss_market
2026-05-17 19:08:01 | INFO     | ss_crawler | [camera_scraper] Loaded 122 camera references
2026-05-17 19:08:01 | INFO     | ss_crawler | [crawler] Fetching : https://www.ss.com/msg/lv/electronics/photo-optics/slr-cameras/canon/bfhcdg.html
2026-05-17 19:08:59 | INFO     | ss_crawler | [camera_scraper] Initializing Camera scraper...
2026-05-17 19:08:59 | INFO     | ss_crawler | [database] Database connected: localhost:5433/ss_market
2026-05-17 19:08:59 | INFO     | ss_crawler | [camera_scraper] Loaded 122 camera references
2026-05-17 19:08:59 | INFO     | ss_crawler | [crawler] Fetching : https://www.ss.com/msg/lv/electronics/photo-optics/slr-cameras/canon/bfhcdg.html
2026-05-17 19:09:02 | INFO     | ss_crawler | [camera_matcher] Matched camera: Canon R100 (score: 1.17)
2026-05-17 19:09:02 | INFO     | ss_crawler | [camera_scraper] Matched camera: Canon R100 (100% confidence)
2026-05-17 19:09:02 | INFO     | ss_crawler | [camera_scraper] Matched [test]: Canon R100 (100% confidence)
2026-05-17 19:09:02 | INFO     | ss_crawler | [camera_scraper] Detected lenses in [test]: 18-45mm f/4.5-6.3 IS STM
2026-05-17 19:09:46 | INFO     | ss_crawler | [camera_scraper] Initializing Camera scraper...
2026-05-17 19:09:46 | INFO     | ss_crawler | [database] Database connected: localhost:5433/ss_market
2026-05-17 19:09:46 | INFO     | ss_crawler | [camera_scraper] Loaded 122 camera references
2026-05-17 19:09:46 | INFO     | ss_crawler | [crawler] Fetching : https://www.ss.com/msg/lv/electronics/photo-optics/slr-cameras/sony/bfdjgl.html
2026-05-17 19:09:49 | INFO     | ss_crawler | [camera_matcher] Matched camera: Sony A1 (score: 0.60)
2026-05-17 19:09:49 | INFO     | ss_crawler | [camera_scraper] Matched camera: Sony A1 (60% confidence)
2026-05-17 19:09:49 | INFO     | ss_crawler | [camera_scraper] Matched [test]: Sony A1 (60% confidence)
2026-05-17 19:10:42 | INFO     | ss_crawler | [camera_scraper] Initializing Camera scraper...
2026-05-17 19:10:42 | INFO     | ss_crawler | [database] Database connected: localhost:5433/ss_market
2026-05-17 19:10:42 | INFO     | ss_crawler | [camera_scraper] Loaded 122 camera references
2026-05-17 19:10:42 | INFO     | ss_crawler | [crawler] Fetching : https://www.ss.com/msg/lv/electronics/photo-optics/slr-cameras/canon/bfioei.html
2026-05-17 19:10:44 | INFO     | ss_crawler | [camera_matcher] Matched camera: Canon 80D (score: 1.21)
2026-05-17 19:10:44 | INFO     | ss_crawler | [camera_scraper] Matched camera: Canon 80D (100% confidence)
2026-05-17 19:10:44 | INFO     | ss_crawler | [camera_scraper] Matched [test]: Canon 80D (100% confidence)
2026-05-17 19:10:44 | INFO     | ss_crawler | [camera_scraper] Detected lenses in [test]: 50mm F1.8 STM, 18-135mm F3.5-5.6 IS
2026-05-17 19:11:10 | INFO     | ss_crawler | [camera_scraper] Initializing Camera scraper...
2026-05-17 19:11:10 | INFO     | ss_crawler | [database] Database connected: localhost:5433/ss_market
2026-05-17 19:11:10 | INFO     | ss_crawler | [camera_scraper] Loaded 122 camera references
2026-05-17 19:11:10 | INFO     | ss_crawler | [crawler] Fetching : https://www.ss.com/msg/lv/electronics/photo-optics/slr-cameras/canon/bfehol.html
2026-05-17 19:11:13 | INFO     | ss_crawler | [camera_matcher] Matched camera: Canon 800D/77D / Rebel T7i / Kiss X9i (score: 1.03)
2026-05-17 19:11:13 | INFO     | ss_crawler | [camera_scraper] Matched camera: Canon 800D/77D / Rebel T7i / Kiss X9i (100% confidence)
2026-05-17 19:11:13 | INFO     | ss_crawler | [camera_scraper] Matched [test]: Canon 800D/77D / Rebel T7i / Kiss X9i (100% confidence)
2026-05-17 19:11:39 | INFO     | ss_crawler | [camera_scraper] Initializing Camera scraper...
2026-05-17 19:11:39 | INFO     | ss_crawler | [database] Database connected: localhost:5433/ss_market
2026-05-17 19:11:39 | INFO     | ss_crawler | [camera_scraper] Loaded 122 camera references
2026-05-17 19:11:39 | INFO     | ss_crawler | [crawler] Fetching : https://www.ss.com/msg/lv/electronics/photo-optics/slr-cameras/canon/bfjxkf.html
2026-05-17 19:11:42 | INFO     | ss_crawler | [camera_matcher] Matched camera: Canon 650D / T4i / X6i (score: 1.07)
2026-05-17 19:11:42 | INFO     | ss_crawler | [camera_scraper] Matched camera: Canon 650D / T4i / X6i (100% confidence)
2026-05-17 19:11:42 | INFO     | ss_crawler | [camera_scraper] Matched [test]: Canon 650D / T4i / X6i (100% confidence)
2026-05-17 19:11:42 | INFO     | ss_crawler | [camera_scraper] Detected lenses in [test]: 18-55mm F3.5-5.6 IS II
2026-05-17 19:12:07 | INFO     | ss_crawler | [camera_scraper] Initializing Camera scraper...
2026-05-17 19:12:07 | INFO     | ss_crawler | [database] Database connected: localhost:5433/ss_market
2026-05-17 19:12:07 | INFO     | ss_crawler | [camera_scraper] Loaded 122 camera references
2026-05-17 19:12:07 | INFO     | ss_crawler | [crawler] Fetching : https://www.ss.com/msg/lv/electronics/photo-optics/slr-cameras/canon/bfkbhp.html
2026-05-17 19:12:10 | INFO     | ss_crawler | [camera_matcher] Matched camera: Canon 90D (score: 1.03)
2026-05-17 19:12:10 | INFO     | ss_crawler | [camera_scraper] Matched camera: Canon 90D (100% confidence)
2026-05-17 19:12:10 | INFO     | ss_crawler | [camera_scraper] Matched [test]: Canon 90D (100% confidence)
2026-05-17 19:12:27 | INFO     | ss_crawler | [camera_scraper] Initializing Camera scraper...
2026-05-17 19:12:27 | INFO     | ss_crawler | [database] Database connected: localhost:5433/ss_market
2026-05-17 19:12:27 | INFO     | ss_crawler | [camera_scraper] Loaded 122 camera references
2026-05-17 19:12:27 | INFO     | ss_crawler | [crawler] Fetching : https://www.ss.com/msg/lv/electronics/photo-optics/slr-cameras/canon/bfghig.html
2026-05-17 19:12:30 | INFO     | ss_crawler | [camera_matcher] Matched camera: Canon 1D Mark II / N (score: 0.83)
2026-05-17 19:12:30 | INFO     | ss_crawler | [camera_scraper] Matched camera: Canon 1D Mark II / N (83% confidence)
2026-05-17 19:12:30 | INFO     | ss_crawler | [camera_scraper] Matched [test]: Canon 1D Mark II / N (83% confidence)
2026-05-17 19:12:30 | INFO     | ss_crawler | [camera_scraper] Detected lenses in [test]: 18-55mm F4-5.6 IS STM
2026-05-17 19:14:16 | INFO     | ss_crawler | [database] Database connected: localhost:5433/ss_market
2026-05-17 19:14:38 | INFO     | ss_crawler | [camera_scraper] Initializing Camera scraper...
2026-05-17 19:14:38 | INFO     | ss_crawler | [database] Database connected: localhost:5433/ss_market
2026-05-17 19:14:38 | INFO     | ss_crawler | [camera_scraper] Loaded 122 camera references
2026-05-17 19:14:38 | INFO     | ss_crawler | [crawler] Fetching : https://www.ss.com/msg/lv/electronics/photo-optics/slr-cameras/canon/bfghig.html
2026-05-17 19:14:41 | INFO     | ss_crawler | [camera_matcher] Matched camera: Canon 700D / T5i / X7i (score: 1.07)
2026-05-17 19:14:41 | INFO     | ss_crawler | [camera_scraper] Matched camera: Canon 700D / T5i / X7i (100% confidence)
2026-05-17 19:14:41 | INFO     | ss_crawler | [camera_scraper] Matched [test]: Canon 700D / T5i / X7i (100% confidence)
2026-05-17 19:14:41 | INFO     | ss_crawler | [camera_scraper] Detected lenses in [test]: 18-55mm F4-5.6 IS STM
2026-05-17 19:14:58 | INFO     | ss_crawler | [camera_scraper] Initializing Camera scraper...
2026-05-17 19:14:58 | INFO     | ss_crawler | [database] Database connected: localhost:5433/ss_market
2026-05-17 19:14:58 | INFO     | ss_crawler | [camera_scraper] Loaded 122 camera references
2026-05-17 19:14:58 | INFO     | ss_crawler | [crawler] Fetching : https://www.ss.com/msg/lv/electronics/photo-optics/slr-cameras/canon/bfedmd.html
2026-05-17 19:15:00 | INFO     | ss_crawler | [camera_matcher] Matched camera: Canon 2000D / T7 / X90 (score: 1.07)
2026-05-17 19:15:00 | INFO     | ss_crawler | [camera_scraper] Matched camera: Canon 2000D / T7 / X90 (100% confidence)
2026-05-17 19:15:00 | INFO     | ss_crawler | [camera_scraper] Matched [test]: Canon 2000D / T7 / X90 (100% confidence)
2026-05-17 19:15:00 | INFO     | ss_crawler | [camera_scraper] Detected lenses in [test]: 18-55mm F4-5.6 IS STM
2026-05-17 19:15:17 | INFO     | ss_crawler | [camera_scraper] Initializing Camera scraper...
2026-05-17 19:15:17 | INFO     | ss_crawler | [database] Database connected: localhost:5433/ss_market
2026-05-17 19:15:17 | INFO     | ss_crawler | [camera_scraper] Loaded 122 camera references
2026-05-17 19:15:17 | INFO     | ss_crawler | [crawler] Fetching : https://www.ss.com/msg/lv/electronics/photo-optics/slr-cameras/canon/bfimkm.html
2026-05-17 19:15:19 | INFO     | ss_crawler | [camera_matcher] Matched camera: Canon 6D (score: 0.99)
2026-05-17 19:15:19 | INFO     | ss_crawler | [camera_scraper] Matched camera: Canon 6D (99% confidence)
2026-05-17 19:15:19 | INFO     | ss_crawler | [camera_scraper] Matched [test]: Canon 6D (99% confidence)
2026-05-17 19:15:41 | INFO     | ss_crawler | [camera_scraper] Initializing Camera scraper...
2026-05-17 19:15:41 | INFO     | ss_crawler | [database] Database connected: localhost:5433/ss_market
2026-05-17 19:15:41 | INFO     | ss_crawler | [camera_scraper] Loaded 122 camera references
2026-05-17 19:15:41 | INFO     | ss_crawler | [crawler] Fetching : https://www.ss.com/msg/lv/electronics/photo-optics/slr-cameras/canon/bfjpjh.html
2026-05-17 19:15:44 | INFO     | ss_crawler | [camera_matcher] Matched camera: Canon 700D / T5i / X7i (score: 1.07)
2026-05-17 19:15:44 | INFO     | ss_crawler | [camera_scraper] Matched camera: Canon 700D / T5i / X7i (100% confidence)
2026-05-17 19:15:44 | INFO     | ss_crawler | [camera_scraper] Matched [test]: Canon 700D / T5i / X7i (100% confidence)
2026-05-17 19:15:44 | INFO     | ss_crawler | [camera_scraper] Detected lenses in [test]: 18-55mm F4-5.6 IS STM
2026-05-17 19:16:04 | INFO     | ss_crawler | [camera_scraper] Initializing Camera scraper...
2026-05-17 19:16:04 | INFO     | ss_crawler | [database] Database connected: localhost:5433/ss_market
2026-05-17 19:16:04 | INFO     | ss_crawler | [camera_scraper] Loaded 122 camera references
2026-05-17 19:16:04 | INFO     | ss_crawler | [crawler] Fetching : https://www.ss.com/msg/lv/electronics/photo-optics/slr-cameras/canon/bfjoji.html
2026-05-17 19:16:07 | INFO     | ss_crawler | [camera_matcher] Matched camera: Canon 450D / XSi / X2 (score: 1.07)
2026-05-17 19:16:07 | INFO     | ss_crawler | [camera_scraper] Matched camera: Canon 450D / XSi / X2 (100% confidence)
2026-05-17 19:16:07 | INFO     | ss_crawler | [camera_scraper] Matched [test]: Canon 450D / XSi / X2 (100% confidence)
2026-05-17 19:16:24 | INFO     | ss_crawler | [camera_scraper] Initializing Camera scraper...
2026-05-17 19:16:24 | INFO     | ss_crawler | [database] Database connected: localhost:5433/ss_market
2026-05-17 19:16:24 | INFO     | ss_crawler | [camera_scraper] Loaded 122 camera references
2026-05-17 19:16:24 | INFO     | ss_crawler | [crawler] Fetching : https://www.ss.com/msg/lv/electronics/photo-optics/slr-cameras/canon/bfcjlo.html
2026-05-17 19:16:26 | INFO     | ss_crawler | [camera_matcher] Matched camera: Canon 1200D / T5 / X70 (score: 1.07)
2026-05-17 19:16:26 | INFO     | ss_crawler | [camera_scraper] Matched camera: Canon 1200D / T5 / X70 (100% confidence)
2026-05-17 19:16:26 | INFO     | ss_crawler | [camera_scraper] Matched [test]: Canon 1200D / T5 / X70 (100% confidence)
2026-05-17 19:16:26 | INFO     | ss_crawler | [camera_scraper] Detected lenses in [test]: 18-55mm F3.5-5.6 IS II
2026-05-17 19:16:51 | INFO     | ss_crawler | [camera_scraper] Initializing Camera scraper...
2026-05-17 19:16:51 | INFO     | ss_crawler | [database] Database connected: localhost:5433/ss_market
2026-05-17 19:16:51 | INFO     | ss_crawler | [camera_scraper] Loaded 122 camera references
2026-05-17 19:16:51 | INFO     | ss_crawler | [crawler] Fetching : https://www.ss.com/msg/lv/electronics/photo-optics/slr-cameras/canon/bfgojj.html
2026-05-17 19:16:53 | INFO     | ss_crawler | [camera_matcher] Matched camera: Canon 1D X Mark II (score: 1.28)
2026-05-17 19:16:53 | INFO     | ss_crawler | [camera_scraper] Matched camera: Canon 1D X Mark II (100% confidence)
2026-05-17 19:16:53 | INFO     | ss_crawler | [camera_scraper] Matched [test]: Canon 1D X Mark II (100% confidence)
2026-05-17 19:17:06 | INFO     | ss_crawler | [camera_scraper] Initializing Camera scraper...
2026-05-17 19:17:06 | INFO     | ss_crawler | [database] Database connected: localhost:5433/ss_market
2026-05-17 19:17:07 | INFO     | ss_crawler | [camera_scraper] Loaded 122 camera references
2026-05-17 19:17:07 | INFO     | ss_crawler | [crawler] Fetching : https://www.ss.com/msg/lv/electronics/photo-optics/slr-cameras/sony/bfhefh.html
2026-05-17 19:17:09 | INFO     | ss_crawler | [camera_matcher] Matched camera: Sony A6500 (score: 1.03)
2026-05-17 19:17:09 | INFO     | ss_crawler | [camera_scraper] Matched camera: Sony A6500 (100% confidence)
2026-05-17 19:17:09 | INFO     | ss_crawler | [camera_scraper] Matched [test]: Sony A6500 (100% confidence)
2026-05-17 19:23:39 | INFO     | ss_crawler | [camera_scraper] Initializing Camera scraper...
2026-05-17 19:23:39 | INFO     | ss_crawler | [database] Database connected: localhost:5433/ss_market
2026-05-17 19:23:40 | INFO     | ss_crawler | [camera_scraper] Loaded 122 camera references
2026-05-17 19:23:40 | INFO     | ss_crawler | [crawler] Fetching : https://www.ss.com/msg/lv/electronics/photo-optics/digital-cameras/sony/ccxcb.html
2026-05-17 19:23:41 | INFO     | ss_crawler | [camera_matcher] Matched camera: Sony A7R (score: 0.73)
2026-05-17 19:23:41 | INFO     | ss_crawler | [camera_scraper] Matched camera: Sony A7R (73% confidence)
2026-05-17 19:23:41 | INFO     | ss_crawler | [camera_scraper] Matched [test]: Sony A7R (73% confidence)
2026-05-17 19:23:59 | INFO     | ss_crawler | [camera_scraper] Initializing Camera scraper...
2026-05-17 19:23:59 | INFO     | ss_crawler | [database] Database connected: localhost:5433/ss_market
2026-05-17 19:23:59 | INFO     | ss_crawler | [camera_scraper] Loaded 122 camera references
2026-05-17 19:23:59 | INFO     | ss_crawler | [crawler] Fetching : https://www.ss.com/msg/lv/electronics/photo-optics/digital-cameras/sony/bjjbn.html
2026-05-17 19:24:01 | INFO     | ss_crawler | [camera_matcher] Matched camera: Sony A1 (score: 0.56)
2026-05-17 19:24:01 | INFO     | ss_crawler | [camera_scraper] Matched camera: Sony A1 (56% confidence)
2026-05-17 19:24:01 | INFO     | ss_crawler | [camera_scraper] Matched [test]: Sony A1 (56% confidence)
2026-05-17 19:24:19 | INFO     | ss_crawler | [camera_scraper] Initializing Camera scraper...
2026-05-17 19:24:19 | INFO     | ss_crawler | [database] Database connected: localhost:5433/ss_market
2026-05-17 19:24:19 | INFO     | ss_crawler | [camera_scraper] Loaded 122 camera references
2026-05-17 19:24:19 | INFO     | ss_crawler | [crawler] Fetching : https://www.ss.com/msg/lv/electronics/photo-optics/digital-cameras/canon/gohdd.html
2026-05-17 19:24:23 | INFO     | ss_crawler | [camera_matcher] Matched camera: Canon 1D Mark II / N (score: 0.69)
2026-05-17 19:24:23 | INFO     | ss_crawler | [camera_scraper] Matched camera: Canon 1D Mark II / N (69% confidence)
2026-05-17 19:24:23 | INFO     | ss_crawler | [camera_scraper] Matched [test]: Canon 1D Mark II / N (69% confidence)
2026-05-17 19:25:25 | INFO     | ss_crawler | [camera_scraper] Initializing Camera scraper...
2026-05-17 19:25:25 | INFO     | ss_crawler | [database] Database connected: localhost:5433/ss_market
2026-05-17 19:25:25 | INFO     | ss_crawler | [camera_scraper] Loaded 122 camera references
2026-05-17 19:25:25 | INFO     | ss_crawler | [crawler] Fetching : https://www.ss.com/msg/lv/electronics/photo-optics/digital-cameras/sony/bkemfb.html
2026-05-17 19:25:27 | INFO     | ss_crawler | [camera_matcher] Matched camera: Sony A6500 (score: 1.03)
2026-05-17 19:25:27 | INFO     | ss_crawler | [camera_scraper] Matched camera: Sony A6500 (100% confidence)
2026-05-17 19:25:27 | INFO     | ss_crawler | [camera_scraper] Matched [test]: Sony A6500 (100% confidence)
2026-05-17 19:27:45 | INFO     | ss_crawler | [database] Database connected: localhost:5433/ss_market
2026-05-17 19:28:20 | INFO     | ss_crawler | [camera_scraper] Initializing Camera scraper...
2026-05-17 19:28:20 | INFO     | ss_crawler | [database] Database connected: localhost:5433/ss_market
2026-05-17 19:28:21 | INFO     | ss_crawler | [camera_scraper] Loaded 122 camera references
2026-05-17 19:28:21 | INFO     | ss_crawler | [crawler] Fetching : https://www.ss.com/msg/lv/electronics/photo-optics/digital-cameras/sony/bkemfb.html
2026-05-17 19:29:04 | INFO     | ss_crawler | [camera_scraper] Initializing Camera scraper...
2026-05-17 19:29:04 | INFO     | ss_crawler | [database] Database connected: localhost:5433/ss_market
2026-05-17 19:29:04 | INFO     | ss_crawler | [camera_scraper] Loaded 122 camera references
2026-05-17 19:29:04 | INFO     | ss_crawler | [crawler] Fetching : https://www.ss.com/msg/lv/electronics/photo-optics/digital-cameras/sony/bkemfb.html
2026-05-17 19:29:06 | INFO     | ss_crawler | [camera_matcher] Matched camera: Sony A6500 (score: 1.03)
2026-05-17 19:29:06 | INFO     | ss_crawler | [camera_scraper] Matched camera: Sony A6500 (100% confidence)
2026-05-17 19:29:06 | INFO     | ss_crawler | [camera_scraper] Matched [test]: Sony A6500 (100% confidence)
2026-05-17 19:29:17 | INFO     | ss_crawler | [camera_scraper] Initializing Camera scraper...
2026-05-17 19:29:17 | INFO     | ss_crawler | [database] Database connected: localhost:5433/ss_market
2026-05-17 19:29:17 | INFO     | ss_crawler | [camera_scraper] Loaded 122 camera references
2026-05-17 19:29:17 | INFO     | ss_crawler | [crawler] Fetching : https://www.ss.com/msg/lv/electronics/photo-optics/digital-cameras/sony/bkemfb.html
2026-05-17 19:31:14 | INFO     | ss_crawler | [camera_scraper] Initializing Camera scraper...
2026-05-17 19:31:15 | INFO     | ss_crawler | [database] Database connected: localhost:5433/ss_market
2026-05-17 19:31:15 | INFO     | ss_crawler | [camera_scraper] Loaded 122 camera references
2026-05-17 19:31:15 | INFO     | ss_crawler | [crawler] Fetching : https://www.ss.com/msg/lv/electronics/photo-optics/digital-cameras/sony/acgmk.html
2026-05-17 19:31:18 | INFO     | ss_crawler | [camera_matcher] Matched camera: Sony A7R (score: 0.73)
2026-05-17 19:31:18 | INFO     | ss_crawler | [camera_scraper] Matched camera: Sony A7R (73% confidence)
2026-05-17 19:31:18 | INFO     | ss_crawler | [camera_scraper] Matched [test]: Sony A7R (73% confidence)
2026-05-17 19:31:18 | INFO     | ss_crawler | [camera_scraper] Detected lenses in [test]: 85mm F1.4 DG HSM Art
2026-05-17 19:32:03 | INFO     | ss_crawler | [camera_scraper] Initializing Camera scraper...
2026-05-17 19:32:03 | INFO     | ss_crawler | [database] Database connected: localhost:5433/ss_market
2026-05-17 19:32:03 | INFO     | ss_crawler | [camera_scraper] Loaded 122 camera references
2026-05-17 19:32:03 | INFO     | ss_crawler | [crawler] Fetching : https://www.ss.com/msg/lv/electronics/photo-optics/digital-cameras/sony/eeepk.html
2026-05-17 19:32:06 | INFO     | ss_crawler | [camera_matcher] Matched camera: Sony A7 (score: 0.69)
2026-05-17 19:32:06 | INFO     | ss_crawler | [camera_scraper] Matched camera: Sony A7 (69% confidence)
2026-05-17 19:32:06 | INFO     | ss_crawler | [camera_scraper] Matched [test]: Sony A7 (69% confidence)
2026-05-17 19:34:38 | INFO     | ss_crawler | [camera_scraper] Initializing Camera scraper...
2026-05-17 19:34:38 | INFO     | ss_crawler | [database] Database connected: localhost:5433/ss_market
2026-05-17 19:34:38 | INFO     | ss_crawler | [camera_scraper] Loaded 122 camera references
2026-05-17 19:34:38 | INFO     | ss_crawler | [crawler] Fetching : https://www.ss.com/msg/lv/electronics/photo-optics/digital-cameras/sony/eeepk.html
2026-05-17 19:34:40 | INFO     | ss_crawler | [camera_matcher] Matched camera: Sony A7 (score: 0.69)
2026-05-17 19:34:40 | INFO     | ss_crawler | [camera_scraper] Matched camera: Sony A7 (69% confidence)
2026-05-17 19:34:40 | INFO     | ss_crawler | [camera_scraper] Matched [test]: Sony A7 (69% confidence)
2026-05-17 19:35:17 | INFO     | ss_crawler | [database] Database connected: localhost:5433/ss_market
2026-05-17 19:36:30 | INFO     | ss_crawler | [camera_scraper] Initializing Camera scraper...
2026-05-17 19:36:30 | INFO     | ss_crawler | [database] Database connected: localhost:5433/ss_market
2026-05-17 19:36:30 | INFO     | ss_crawler | [camera_scraper] Loaded 122 camera references
2026-05-17 19:36:30 | INFO     | ss_crawler | [crawler] Fetching : https://www.ss.com/msg/lv/electronics/photo-optics/digital-cameras/sony/eeepk.html
2026-05-17 19:36:33 | INFO     | ss_crawler | [camera_matcher] Matched camera: Sony A7 (score: 1.19)
2026-05-17 19:36:33 | INFO     | ss_crawler | [camera_scraper] Matched camera: Sony A7 (100% confidence)
2026-05-17 19:36:33 | INFO     | ss_crawler | [camera_scraper] Matched [test]: Sony A7 (100% confidence)
2026-05-17 19:38:21 | INFO     | ss_crawler | [camera_scraper] Initializing Camera scraper...
2026-05-17 19:38:21 | INFO     | ss_crawler | [database] Database connected: localhost:5433/ss_market
2026-05-17 19:38:21 | INFO     | ss_crawler | [camera_scraper] Loaded 122 camera references
2026-05-17 19:38:21 | INFO     | ss_crawler | [crawler] Fetching : https://www.ss.com/msg/lv/electronics/photo-optics/digital-cameras/sony/eeepk.html
2026-05-17 19:38:24 | INFO     | ss_crawler | [camera_matcher] Matched camera: Sony A7 II (score: 1.19)
2026-05-17 19:38:24 | INFO     | ss_crawler | [camera_scraper] Matched camera: Sony A7 II (100% confidence)
2026-05-17 19:38:24 | INFO     | ss_crawler | [camera_scraper] Matched [test]: Sony A7 II (100% confidence)
2026-05-17 19:38:42 | INFO     | ss_crawler | [camera_scraper] Initializing Camera scraper...
2026-05-17 19:38:42 | INFO     | ss_crawler | [database] Database connected: localhost:5433/ss_market
2026-05-17 19:38:43 | INFO     | ss_crawler | [camera_scraper] Loaded 122 camera references
2026-05-17 19:38:43 | INFO     | ss_crawler | [crawler] Fetching : https://www.ss.com/msg/lv/electronics/photo-optics/digital-cameras/canon/llggj.html
2026-05-17 19:38:45 | INFO     | ss_crawler | [camera_matcher] Matched camera: Canon 1D Mark II / N (score: 1.29)
2026-05-17 19:38:45 | INFO     | ss_crawler | [camera_scraper] Matched camera: Canon 1D Mark II / N (100% confidence)
2026-05-17 19:38:45 | INFO     | ss_crawler | [camera_scraper] Matched [test]: Canon 1D Mark II / N (100% confidence)
2026-05-17 19:39:35 | INFO     | ss_crawler | [database] Database connected: localhost:5433/ss_market
2026-05-17 19:42:53 | INFO     | ss_crawler | [database] Database connected: localhost:5433/ss_market
2026-05-17 19:42:53 | INFO     | ss_crawler | [camera_matcher] Matched camera: Canon R6 II (score: 1.23)
2026-05-17 19:43:17 | INFO     | ss_crawler | [camera_scraper] Initializing Camera scraper...
2026-05-17 19:43:17 | INFO     | ss_crawler | [database] Database connected: localhost:5433/ss_market
2026-05-17 19:43:17 | INFO     | ss_crawler | [camera_scraper] Loaded 122 camera references
2026-05-17 19:43:17 | INFO     | ss_crawler | [crawler] Fetching : https://www.ss.com/msg/lv/electronics/photo-optics/digital-cameras/canon/llggj.html
2026-05-17 19:43:19 | INFO     | ss_crawler | [camera_matcher] Matched camera: Canon R6 II (score: 1.33)
2026-05-17 19:43:19 | INFO     | ss_crawler | [camera_scraper] Matched camera: Canon R6 II (100% confidence)
2026-05-17 19:43:19 | INFO     | ss_crawler | [camera_scraper] Matched [test]: Canon R6 II (100% confidence)
2026-05-17 19:43:36 | INFO     | ss_crawler | [camera_scraper] Initializing Camera scraper...
2026-05-17 19:43:36 | INFO     | ss_crawler | [database] Database connected: localhost:5433/ss_market
2026-05-17 19:43:36 | INFO     | ss_crawler | [camera_scraper] Loaded 122 camera references
2026-05-17 19:43:36 | INFO     | ss_crawler | [crawler] Fetching : https://www.ss.com/msg/lv/electronics/photo-optics/digital-cameras/sony/fdkfe.html
2026-05-17 19:43:39 | INFO     | ss_crawler | [camera_matcher] Matched camera: Sony A7R (score: 0.73)
2026-05-17 19:43:39 | INFO     | ss_crawler | [camera_scraper] Matched camera: Sony A7R (73% confidence)
2026-05-17 19:43:39 | INFO     | ss_crawler | [camera_scraper] Matched [test]: Sony A7R (73% confidence)
2026-05-17 19:44:53 | INFO     | ss_crawler | [database] Database connected: localhost:5433/ss_market
2026-05-17 19:44:53 | INFO     | ss_crawler | [camera_matcher] Matched camera: Sony A7R (score: 0.73)
2026-05-17 19:45:46 | INFO     | ss_crawler | [camera_scraper] Initializing Camera scraper...
2026-05-17 19:45:47 | INFO     | ss_crawler | [database] Database connected: localhost:5433/ss_market
2026-05-17 19:45:47 | INFO     | ss_crawler | [camera_scraper] Loaded 122 camera references
2026-05-17 19:45:47 | INFO     | ss_crawler | [crawler] Fetching : https://www.ss.com/msg/lv/electronics/photo-optics/digital-cameras/sony/fdkfe.html
2026-05-17 19:45:50 | INFO     | ss_crawler | [camera_matcher] Matched camera: Sony A7R (score: 0.73)
2026-05-17 19:45:50 | INFO     | ss_crawler | [camera_scraper] Matched camera: Sony A7R (73% confidence)
2026-05-17 19:45:50 | INFO     | ss_crawler | [camera_scraper] Matched [test]: Sony A7R (73% confidence)
2026-05-17 19:48:03 | INFO     | ss_crawler | [camera_scraper] Initializing Camera scraper...
2026-05-17 19:48:03 | INFO     | ss_crawler | [database] Database connected: localhost:5433/ss_market
2026-05-17 19:48:03 | INFO     | ss_crawler | [camera_scraper] Loaded 122 camera references
2026-05-17 19:48:03 | INFO     | ss_crawler | [crawler] Fetching : https://www.ss.com/msg/lv/electronics/photo-optics/digital-cameras/sony/fdkfe.html
2026-05-17 19:48:06 | INFO     | ss_crawler | [camera_matcher] Matched camera: Sony A7R (score: 0.73)
2026-05-17 19:48:06 | INFO     | ss_crawler | [camera_scraper] Matched camera: Sony A7R (73% confidence)
2026-05-17 19:48:06 | INFO     | ss_crawler | [camera_scraper] Matched [test]: Sony A7R (73% confidence)
2026-05-17 19:48:51 | INFO     | ss_crawler | [database] Database connected: localhost:5433/ss_market
2026-05-17 19:51:50 | INFO     | ss_crawler | [camera_scraper] Initializing Camera scraper...
2026-05-17 19:51:50 | INFO     | ss_crawler | [database] Database connected: localhost:5433/ss_market
2026-05-17 19:51:50 | INFO     | ss_crawler | [camera_scraper] Loaded 122 camera references
2026-05-17 19:51:50 | INFO     | ss_crawler | [crawler] Fetching : https://www.ss.com/msg/lv/electronics/photo-optics/digital-cameras/sony/fdkfe.html
2026-05-17 19:51:53 | INFO     | ss_crawler | [camera_matcher] Matched camera: Sony A7R (score: 0.73)
2026-05-17 19:51:53 | INFO     | ss_crawler | [camera_scraper] Matched camera: Sony A7R (73% confidence)
2026-05-17 19:51:53 | INFO     | ss_crawler | [camera_scraper] Matched [test]: Sony A7R (73% confidence)
2026-05-17 19:54:46 | INFO     | ss_crawler | [camera_scraper] Initializing Camera scraper...
2026-05-17 19:54:46 | INFO     | ss_crawler | [database] Database connected: localhost:5433/ss_market
2026-05-17 19:54:46 | INFO     | ss_crawler | [camera_scraper] Loaded 122 camera references
2026-05-17 19:54:46 | INFO     | ss_crawler | [crawler] Fetching : https://www.ss.com/msg/lv/electronics/photo-optics/digital-cameras/sony/fdkfe.html
2026-05-17 19:54:50 | INFO     | ss_crawler | [camera_matcher] Matched camera: Sony A7R III (score: 1.93)
2026-05-17 19:54:50 | INFO     | ss_crawler | [camera_scraper] Matched camera: Sony A7R III (100% confidence)
2026-05-17 19:54:50 | INFO     | ss_crawler | [camera_scraper] Matched [test]: Sony A7R III (100% confidence)
2026-05-17 19:55:08 | INFO     | ss_crawler | [camera_scraper] Initializing Camera scraper...
2026-05-17 19:55:08 | INFO     | ss_crawler | [database] Database connected: localhost:5433/ss_market
2026-05-17 19:55:08 | INFO     | ss_crawler | [camera_scraper] Loaded 122 camera references
2026-05-17 19:55:08 | INFO     | ss_crawler | [crawler] Fetching : https://www.ss.com/msg/lv/electronics/photo-optics/digital-cameras/sony/cnidj.html
2026-05-17 19:55:11 | INFO     | ss_crawler | [camera_matcher] Matched camera: Sony A7 III (score: 1.89)
2026-05-17 19:55:11 | INFO     | ss_crawler | [camera_scraper] Matched camera: Sony A7 III (100% confidence)
2026-05-17 19:55:11 | INFO     | ss_crawler | [camera_scraper] Matched [test]: Sony A7 III (100% confidence)
2026-05-17 19:55:30 | INFO     | ss_crawler | [camera_scraper] Initializing Camera scraper...
2026-05-17 19:55:30 | INFO     | ss_crawler | [database] Database connected: localhost:5433/ss_market
2026-05-17 19:55:30 | INFO     | ss_crawler | [camera_scraper] Loaded 122 camera references
2026-05-17 19:55:30 | INFO     | ss_crawler | [crawler] Fetching : https://www.ss.com/msg/lv/electronics/photo-optics/digital-cameras/canon/fpmph.html
2026-05-17 19:55:33 | INFO     | ss_crawler | [camera_matcher] Matched camera: Canon R (score: 1.12)
2026-05-17 19:55:33 | INFO     | ss_crawler | [camera_scraper] Matched camera: Canon R (100% confidence)
2026-05-17 19:55:33 | INFO     | ss_crawler | [camera_scraper] Matched [test]: Canon R (100% confidence)
2026-05-17 19:57:31 | INFO     | ss_crawler | [camera_scraper] Initializing Camera scraper...
2026-05-17 19:57:31 | INFO     | ss_crawler | [database] Database connected: localhost:5433/ss_market
2026-05-17 19:57:31 | INFO     | ss_crawler | [camera_scraper] Loaded 122 camera references
2026-05-17 19:57:31 | INFO     | ss_crawler | [crawler] Fetching : https://www.ss.com/msg/lv/electronics/photo-optics/digital-cameras/canon/dlxdf.html
2026-05-17 19:57:35 | INFO     | ss_crawler | [camera_matcher] Matched camera: Canon R5 (score: 1.33)
2026-05-17 19:57:35 | INFO     | ss_crawler | [camera_scraper] Matched camera: Canon R5 (100% confidence)
2026-05-17 19:57:35 | INFO     | ss_crawler | [camera_scraper] Matched [test]: Canon R5 (100% confidence)
2026-05-17 19:57:35 | INFO     | ss_crawler | [camera_scraper] Detected lenses in [test]: 10-18mm F4.5-5.6 IS STM, 18-150mm f/3.5-6.3 IS STM
2026-05-17 20:00:28 | INFO     | ss_crawler | [database] Database connected: localhost:5433/ss_market
2026-05-17 20:02:04 | INFO     | ss_crawler | [camera_scraper] Initializing Camera scraper...
2026-05-17 20:02:04 | INFO     | ss_crawler | [database] Database connected: localhost:5433/ss_market
2026-05-17 20:02:04 | INFO     | ss_crawler | [camera_scraper] Loaded 122 camera references
2026-05-17 20:02:04 | INFO     | ss_crawler | [crawler] Fetching : https://www.ss.com/msg/lv/electronics/photo-optics/digital-cameras/canon/dlxdf.html
2026-05-17 20:02:07 | INFO     | ss_crawler | [camera_matcher] Matched camera: Canon R50 (score: 1.26)
2026-05-17 20:02:07 | INFO     | ss_crawler | [camera_scraper] Matched camera: Canon R50 (100% confidence)
2026-05-17 20:02:07 | INFO     | ss_crawler | [camera_scraper] Matched [test]: Canon R50 (100% confidence)
2026-05-17 20:02:07 | INFO     | ss_crawler | [camera_scraper] Detected lenses in [test]: 10-18mm F4.5-5.6 IS STM, 18-150mm f/3.5-6.3 IS STM
2026-05-17 20:04:16 | INFO     | ss_crawler | [computer_scraper] Initializing computer scraper...
2026-05-17 20:04:16 | INFO     | ss_crawler | [database] Database connected: localhost:5433/ss_market
2026-05-17 20:04:16 | INFO     | ss_crawler | [computer_scraper] Database: postgresql+psycopg2://crawler:crawler_pass@localhost:5433/ss_market
2026-05-17 20:04:16 | INFO     | ss_crawler | [cpu_matcher] CPUMatcher initialized with 5320 CPUs
2026-05-17 20:04:16 | INFO     | ss_crawler | [matcher] GPUMatcher initialized with 631 GPUs
2026-05-17 20:04:16 | INFO     | ss_crawler | [ram_matcher] RAMMatcher initialized with 5284 RAM references
2026-05-17 20:04:17 | INFO     | ss_crawler | [ssd_matcher] SSDMatcher initialized with 2450 SSDs
2026-05-17 20:04:17 | INFO     | ss_crawler | [psu_matcher] PSUMatcher initialized with 2895 PSU references
2026-05-17 20:04:17 | INFO     | ss_crawler | [case_matcher] CaseMatcher initialized with 5740 case references
2026-05-17 20:04:17 | INFO     | ss_crawler | [computer_matcher] ComputerMatcher initialized: 5320 CPUs, 631 GPUs, 5284 RAMs, 2450 SSDs, 2895 PSUs, 5740 Cases
2026-05-17 20:04:17 | INFO     | ss_crawler | [computer_scraper] Loaded references: 5320 CPUs, 631 GPUs, 5284 RAMs, 2450 SSDs, 2895 PSUs, 5740 Cases
2026-05-17 20:04:17 | INFO     | ss_crawler | [computer_scraper] Initializing computer scraper...
2026-05-17 20:04:17 | INFO     | ss_crawler | [database] Database connected: localhost:5433/ss_market
2026-05-17 20:04:17 | INFO     | ss_crawler | [computer_scraper] Database: postgresql+psycopg2://crawler:crawler_pass@localhost:5433/ss_market
2026-05-17 20:04:18 | INFO     | ss_crawler | [cpu_matcher] CPUMatcher initialized with 5320 CPUs
2026-05-17 20:04:18 | INFO     | ss_crawler | [matcher] GPUMatcher initialized with 631 GPUs
2026-05-17 20:04:18 | INFO     | ss_crawler | [ram_matcher] RAMMatcher initialized with 5284 RAM references
2026-05-17 20:04:18 | INFO     | ss_crawler | [ssd_matcher] SSDMatcher initialized with 2450 SSDs
2026-05-17 20:04:18 | INFO     | ss_crawler | [psu_matcher] PSUMatcher initialized with 2895 PSU references
2026-05-17 20:04:18 | INFO     | ss_crawler | [case_matcher] CaseMatcher initialized with 5740 case references
2026-05-17 20:04:18 | INFO     | ss_crawler | [computer_matcher] ComputerMatcher initialized: 5320 CPUs, 631 GPUs, 5284 RAMs, 2450 SSDs, 2895 PSUs, 5740 Cases
2026-05-17 20:04:18 | INFO     | ss_crawler | [computer_scraper] Loaded references: 5320 CPUs, 631 GPUs, 5284 RAMs, 2450 SSDs, 2895 PSUs, 5740 Cases
2026-05-17 20:04:18 | INFO     | ss_crawler | [crawler] Fetching single computer listing: https://www.ss.com/msg/lv/electronics/computers/pc/lnpbh.html
2026-05-17 20:04:26 | INFO     | ss_crawler | [computer_scraper] Initializing computer scraper...
2026-05-17 20:04:26 | INFO     | ss_crawler | [database] Database connected: localhost:5433/ss_market
2026-05-17 20:04:26 | INFO     | ss_crawler | [computer_scraper] Database: postgresql+psycopg2://crawler:crawler_pass@localhost:5433/ss_market
2026-05-17 20:04:27 | INFO     | ss_crawler | [cpu_matcher] CPUMatcher initialized with 5320 CPUs
2026-05-17 20:04:27 | INFO     | ss_crawler | [matcher] GPUMatcher initialized with 631 GPUs
2026-05-17 20:04:27 | INFO     | ss_crawler | [ram_matcher] RAMMatcher initialized with 5284 RAM references
2026-05-17 20:04:27 | INFO     | ss_crawler | [ssd_matcher] SSDMatcher initialized with 2450 SSDs
2026-05-17 20:04:27 | INFO     | ss_crawler | [psu_matcher] PSUMatcher initialized with 2895 PSU references
2026-05-17 20:04:28 | INFO     | ss_crawler | [case_matcher] CaseMatcher initialized with 5740 case references
2026-05-17 20:04:28 | INFO     | ss_crawler | [computer_matcher] ComputerMatcher initialized: 5320 CPUs, 631 GPUs, 5284 RAMs, 2450 SSDs, 2895 PSUs, 5740 Cases
2026-05-17 20:04:28 | INFO     | ss_crawler | [computer_scraper] Loaded references: 5320 CPUs, 631 GPUs, 5284 RAMs, 2450 SSDs, 2895 PSUs, 5740 Cases
2026-05-17 20:04:28 | INFO     | ss_crawler | [computer_scraper] Initializing computer scraper...
2026-05-17 20:04:28 | INFO     | ss_crawler | [database] Database connected: localhost:5433/ss_market
2026-05-17 20:04:28 | INFO     | ss_crawler | [computer_scraper] Database: postgresql+psycopg2://crawler:crawler_pass@localhost:5433/ss_market
2026-05-17 20:04:28 | INFO     | ss_crawler | [cpu_matcher] CPUMatcher initialized with 5320 CPUs
2026-05-17 20:04:28 | INFO     | ss_crawler | [matcher] GPUMatcher initialized with 631 GPUs
2026-05-17 20:04:28 | INFO     | ss_crawler | [ram_matcher] RAMMatcher initialized with 5284 RAM references
2026-05-17 20:04:29 | INFO     | ss_crawler | [ssd_matcher] SSDMatcher initialized with 2450 SSDs
2026-05-17 20:04:29 | INFO     | ss_crawler | [psu_matcher] PSUMatcher initialized with 2895 PSU references
2026-05-17 20:04:29 | INFO     | ss_crawler | [case_matcher] CaseMatcher initialized with 5740 case references
2026-05-17 20:04:29 | INFO     | ss_crawler | [computer_matcher] ComputerMatcher initialized: 5320 CPUs, 631 GPUs, 5284 RAMs, 2450 SSDs, 2895 PSUs, 5740 Cases
2026-05-17 20:04:29 | INFO     | ss_crawler | [computer_scraper] Loaded references: 5320 CPUs, 631 GPUs, 5284 RAMs, 2450 SSDs, 2895 PSUs, 5740 Cases
2026-05-17 20:04:29 | INFO     | ss_crawler | [crawler] Fetching single computer listing: https://www.ss.com/msg/lv/electronics/computers/pc/lnpbh.html
2026-05-17 20:04:44 | INFO     | ss_crawler | [computer_scraper] Initializing computer scraper...
2026-05-17 20:04:44 | INFO     | ss_crawler | [database] Database connected: localhost:5433/ss_market
2026-05-17 20:04:44 | INFO     | ss_crawler | [computer_scraper] Database: postgresql+psycopg2://crawler:crawler_pass@localhost:5433/ss_market
2026-05-17 20:04:44 | INFO     | ss_crawler | [cpu_matcher] CPUMatcher initialized with 5320 CPUs
2026-05-17 20:04:44 | INFO     | ss_crawler | [matcher] GPUMatcher initialized with 631 GPUs
2026-05-17 20:04:44 | INFO     | ss_crawler | [ram_matcher] RAMMatcher initialized with 5284 RAM references
2026-05-17 20:04:45 | INFO     | ss_crawler | [ssd_matcher] SSDMatcher initialized with 2450 SSDs
2026-05-17 20:04:45 | INFO     | ss_crawler | [psu_matcher] PSUMatcher initialized with 2895 PSU references
2026-05-17 20:04:45 | INFO     | ss_crawler | [case_matcher] CaseMatcher initialized with 5740 case references
2026-05-17 20:04:45 | INFO     | ss_crawler | [computer_matcher] ComputerMatcher initialized: 5320 CPUs, 631 GPUs, 5284 RAMs, 2450 SSDs, 2895 PSUs, 5740 Cases
2026-05-17 20:04:45 | INFO     | ss_crawler | [computer_scraper] Loaded references: 5320 CPUs, 631 GPUs, 5284 RAMs, 2450 SSDs, 2895 PSUs, 5740 Cases
2026-05-17 20:04:45 | INFO     | ss_crawler | [computer_scraper] Initializing computer scraper...
2026-05-17 20:04:45 | INFO     | ss_crawler | [database] Database connected: localhost:5433/ss_market
2026-05-17 20:04:45 | INFO     | ss_crawler | [computer_scraper] Database: postgresql+psycopg2://crawler:crawler_pass@localhost:5433/ss_market
2026-05-17 20:04:45 | INFO     | ss_crawler | [cpu_matcher] CPUMatcher initialized with 5320 CPUs
2026-05-17 20:04:45 | INFO     | ss_crawler | [matcher] GPUMatcher initialized with 631 GPUs
2026-05-17 20:04:46 | INFO     | ss_crawler | [ram_matcher] RAMMatcher initialized with 5284 RAM references
2026-05-17 20:04:46 | INFO     | ss_crawler | [ssd_matcher] SSDMatcher initialized with 2450 SSDs
2026-05-17 20:04:46 | INFO     | ss_crawler | [psu_matcher] PSUMatcher initialized with 2895 PSU references
2026-05-17 20:04:46 | INFO     | ss_crawler | [case_matcher] CaseMatcher initialized with 5740 case references
2026-05-17 20:04:46 | INFO     | ss_crawler | [computer_matcher] ComputerMatcher initialized: 5320 CPUs, 631 GPUs, 5284 RAMs, 2450 SSDs, 2895 PSUs, 5740 Cases
2026-05-17 20:04:46 | INFO     | ss_crawler | [computer_scraper] Loaded references: 5320 CPUs, 631 GPUs, 5284 RAMs, 2450 SSDs, 2895 PSUs, 5740 Cases
2026-05-17 20:04:46 | INFO     | ss_crawler | [crawler] Fetching single computer listing: https://www.ss.com/msg/lv/electronics/computers/pc/lnpbh.html
2026-05-17 20:05:06 | INFO     | ss_crawler | [computer_scraper] Initializing computer scraper...
2026-05-17 20:05:07 | INFO     | ss_crawler | [database] Database connected: localhost:5433/ss_market
2026-05-17 20:05:07 | INFO     | ss_crawler | [computer_scraper] Database: postgresql+psycopg2://crawler:crawler_pass@localhost:5433/ss_market
2026-05-17 20:05:07 | INFO     | ss_crawler | [cpu_matcher] CPUMatcher initialized with 5320 CPUs
2026-05-17 20:05:07 | INFO     | ss_crawler | [matcher] GPUMatcher initialized with 631 GPUs
2026-05-17 20:05:07 | INFO     | ss_crawler | [ram_matcher] RAMMatcher initialized with 5284 RAM references
2026-05-17 20:05:07 | INFO     | ss_crawler | [ssd_matcher] SSDMatcher initialized with 2450 SSDs
2026-05-17 20:05:08 | INFO     | ss_crawler | [psu_matcher] PSUMatcher initialized with 2895 PSU references
2026-05-17 20:05:08 | INFO     | ss_crawler | [case_matcher] CaseMatcher initialized with 5740 case references
2026-05-17 20:05:08 | INFO     | ss_crawler | [computer_matcher] ComputerMatcher initialized: 5320 CPUs, 631 GPUs, 5284 RAMs, 2450 SSDs, 2895 PSUs, 5740 Cases
2026-05-17 20:05:08 | INFO     | ss_crawler | [computer_scraper] Loaded references: 5320 CPUs, 631 GPUs, 5284 RAMs, 2450 SSDs, 2895 PSUs, 5740 Cases
2026-05-17 20:05:08 | INFO     | ss_crawler | [computer_scraper] Initializing computer scraper...
2026-05-17 20:05:08 | INFO     | ss_crawler | [database] Database connected: localhost:5433/ss_market
2026-05-17 20:05:08 | INFO     | ss_crawler | [computer_scraper] Database: postgresql+psycopg2://crawler:crawler_pass@localhost:5433/ss_market
2026-05-17 20:05:08 | INFO     | ss_crawler | [cpu_matcher] CPUMatcher initialized with 5320 CPUs
2026-05-17 20:05:08 | INFO     | ss_crawler | [matcher] GPUMatcher initialized with 631 GPUs
2026-05-17 20:05:09 | INFO     | ss_crawler | [ram_matcher] RAMMatcher initialized with 5284 RAM references
2026-05-17 20:05:09 | INFO     | ss_crawler | [ssd_matcher] SSDMatcher initialized with 2450 SSDs
2026-05-17 20:05:09 | INFO     | ss_crawler | [psu_matcher] PSUMatcher initialized with 2895 PSU references
2026-05-17 20:05:09 | INFO     | ss_crawler | [case_matcher] CaseMatcher initialized with 5740 case references
2026-05-17 20:05:09 | INFO     | ss_crawler | [computer_matcher] ComputerMatcher initialized: 5320 CPUs, 631 GPUs, 5284 RAMs, 2450 SSDs, 2895 PSUs, 5740 Cases
2026-05-17 20:05:09 | INFO     | ss_crawler | [computer_scraper] Loaded references: 5320 CPUs, 631 GPUs, 5284 RAMs, 2450 SSDs, 2895 PSUs, 5740 Cases
2026-05-17 20:05:09 | INFO     | ss_crawler | [crawler] Fetching single computer listing: https://www.ss.com/msg/lv/electronics/computers/pc/lnpbh.html
2026-05-17 20:06:07 | INFO     | ss_crawler | [computer_scraper] Initializing computer scraper...
2026-05-17 20:06:08 | INFO     | ss_crawler | [database] Database connected: localhost:5433/ss_market
2026-05-17 20:06:08 | INFO     | ss_crawler | [computer_scraper] Database: postgresql+psycopg2://crawler:crawler_pass@localhost:5433/ss_market
2026-05-17 20:06:08 | INFO     | ss_crawler | [cpu_matcher] CPUMatcher initialized with 5320 CPUs
2026-05-17 20:06:08 | INFO     | ss_crawler | [matcher] GPUMatcher initialized with 631 GPUs
2026-05-17 20:06:08 | INFO     | ss_crawler | [ram_matcher] RAMMatcher initialized with 5284 RAM references
2026-05-17 20:06:08 | INFO     | ss_crawler | [ssd_matcher] SSDMatcher initialized with 2450 SSDs
2026-05-17 20:06:09 | INFO     | ss_crawler | [psu_matcher] PSUMatcher initialized with 2895 PSU references
2026-05-17 20:06:09 | INFO     | ss_crawler | [case_matcher] CaseMatcher initialized with 5740 case references
2026-05-17 20:06:09 | INFO     | ss_crawler | [computer_matcher] ComputerMatcher initialized: 5320 CPUs, 631 GPUs, 5284 RAMs, 2450 SSDs, 2895 PSUs, 5740 Cases
2026-05-17 20:06:09 | INFO     | ss_crawler | [computer_scraper] Loaded references: 5320 CPUs, 631 GPUs, 5284 RAMs, 2450 SSDs, 2895 PSUs, 5740 Cases
2026-05-17 20:06:09 | INFO     | ss_crawler | [computer_scraper] Initializing computer scraper...
2026-05-17 20:06:09 | INFO     | ss_crawler | [database] Database connected: localhost:5433/ss_market
2026-05-17 20:06:09 | INFO     | ss_crawler | [computer_scraper] Database: postgresql+psycopg2://crawler:crawler_pass@localhost:5433/ss_market
2026-05-17 20:06:09 | INFO     | ss_crawler | [cpu_matcher] CPUMatcher initialized with 5320 CPUs
2026-05-17 20:06:09 | INFO     | ss_crawler | [matcher] GPUMatcher initialized with 631 GPUs
2026-05-17 20:06:10 | INFO     | ss_crawler | [ram_matcher] RAMMatcher initialized with 5284 RAM references
2026-05-17 20:06:10 | INFO     | ss_crawler | [ssd_matcher] SSDMatcher initialized with 2450 SSDs
2026-05-17 20:06:10 | INFO     | ss_crawler | [psu_matcher] PSUMatcher initialized with 2895 PSU references
2026-05-17 20:06:10 | INFO     | ss_crawler | [case_matcher] CaseMatcher initialized with 5740 case references
2026-05-17 20:06:10 | INFO     | ss_crawler | [computer_matcher] ComputerMatcher initialized: 5320 CPUs, 631 GPUs, 5284 RAMs, 2450 SSDs, 2895 PSUs, 5740 Cases
2026-05-17 20:06:10 | INFO     | ss_crawler | [computer_scraper] Loaded references: 5320 CPUs, 631 GPUs, 5284 RAMs, 2450 SSDs, 2895 PSUs, 5740 Cases
2026-05-17 20:06:10 | INFO     | ss_crawler | [crawler] Fetching single computer listing: https://www.ss.com/msg/lv/electronics/computers/pc/lnpbh.html
2026-05-17 20:06:12 | ERROR    | ss_crawler | [database] Database transaction failed: Textual SQL expression 'SELECT listing_id FROM co...' should be explicitly declared as text('SELECT listing_id FROM co...')
2026-05-17 20:08:24 | INFO     | ss_crawler | [computer_scraper] Initializing computer scraper...
2026-05-17 20:08:24 | INFO     | ss_crawler | [database] Database connected: localhost:5433/ss_market
2026-05-17 20:08:24 | INFO     | ss_crawler | [computer_scraper] Database: postgresql+psycopg2://crawler:crawler_pass@localhost:5433/ss_market
2026-05-17 20:08:24 | INFO     | ss_crawler | [cpu_matcher] CPUMatcher initialized with 5320 CPUs
2026-05-17 20:08:24 | INFO     | ss_crawler | [matcher] GPUMatcher initialized with 631 GPUs
2026-05-17 20:08:25 | INFO     | ss_crawler | [ram_matcher] RAMMatcher initialized with 5284 RAM references
2026-05-17 20:08:25 | INFO     | ss_crawler | [ssd_matcher] SSDMatcher initialized with 2450 SSDs
2026-05-17 20:08:25 | INFO     | ss_crawler | [psu_matcher] PSUMatcher initialized with 2895 PSU references
2026-05-17 20:08:25 | INFO     | ss_crawler | [case_matcher] CaseMatcher initialized with 5740 case references
2026-05-17 20:08:25 | INFO     | ss_crawler | [computer_matcher] ComputerMatcher initialized: 5320 CPUs, 631 GPUs, 5284 RAMs, 2450 SSDs, 2895 PSUs, 5740 Cases
2026-05-17 20:08:25 | INFO     | ss_crawler | [computer_scraper] Loaded references: 5320 CPUs, 631 GPUs, 5284 RAMs, 2450 SSDs, 2895 PSUs, 5740 Cases
2026-05-17 20:08:25 | INFO     | ss_crawler | [computer_scraper] Initializing computer scraper...
2026-05-17 20:08:25 | INFO     | ss_crawler | [database] Database connected: localhost:5433/ss_market
2026-05-17 20:08:25 | INFO     | ss_crawler | [computer_scraper] Database: postgresql+psycopg2://crawler:crawler_pass@localhost:5433/ss_market
2026-05-17 20:08:26 | INFO     | ss_crawler | [cpu_matcher] CPUMatcher initialized with 5320 CPUs
2026-05-17 20:08:26 | INFO     | ss_crawler | [matcher] GPUMatcher initialized with 631 GPUs
2026-05-17 20:08:26 | INFO     | ss_crawler | [ram_matcher] RAMMatcher initialized with 5284 RAM references
2026-05-17 20:08:26 | INFO     | ss_crawler | [ssd_matcher] SSDMatcher initialized with 2450 SSDs
2026-05-17 20:08:26 | INFO     | ss_crawler | [psu_matcher] PSUMatcher initialized with 2895 PSU references
2026-05-17 20:08:26 | INFO     | ss_crawler | [case_matcher] CaseMatcher initialized with 5740 case references
2026-05-17 20:08:26 | INFO     | ss_crawler | [computer_matcher] ComputerMatcher initialized: 5320 CPUs, 631 GPUs, 5284 RAMs, 2450 SSDs, 2895 PSUs, 5740 Cases
2026-05-17 20:08:26 | INFO     | ss_crawler | [computer_scraper] Loaded references: 5320 CPUs, 631 GPUs, 5284 RAMs, 2450 SSDs, 2895 PSUs, 5740 Cases
2026-05-17 20:08:26 | INFO     | ss_crawler | [crawler] Fetching single computer listing: https://www.ss.com/msg/lv/electronics/computers/pc/lnpbh.html
2026-05-17 20:08:31 | INFO     | ss_crawler | [computer_scraper] Single scrape result: new - New: Datori un orgtehnika/Datori/ Pārdod...
2026-05-17 20:11:08 | INFO     | ss_crawler | [computer_scraper] Initializing computer scraper...
2026-05-17 20:11:08 | INFO     | ss_crawler | [database] Database connected: localhost:5433/ss_market
2026-05-17 20:11:08 | INFO     | ss_crawler | [computer_scraper] Database: postgresql+psycopg2://crawler:crawler_pass@localhost:5433/ss_market
2026-05-17 20:11:09 | INFO     | ss_crawler | [cpu_matcher] CPUMatcher initialized with 5320 CPUs
2026-05-17 20:11:09 | INFO     | ss_crawler | [matcher] GPUMatcher initialized with 631 GPUs
2026-05-17 20:11:09 | INFO     | ss_crawler | [ram_matcher] RAMMatcher initialized with 5284 RAM references
2026-05-17 20:11:09 | INFO     | ss_crawler | [ssd_matcher] SSDMatcher initialized with 2450 SSDs
2026-05-17 20:11:09 | INFO     | ss_crawler | [psu_matcher] PSUMatcher initialized with 2895 PSU references
2026-05-17 20:11:09 | INFO     | ss_crawler | [case_matcher] CaseMatcher initialized with 5740 case references
2026-05-17 20:11:09 | INFO     | ss_crawler | [computer_matcher] ComputerMatcher initialized: 5320 CPUs, 631 GPUs, 5284 RAMs, 2450 SSDs, 2895 PSUs, 5740 Cases
2026-05-17 20:11:09 | INFO     | ss_crawler | [computer_scraper] Loaded references: 5320 CPUs, 631 GPUs, 5284 RAMs, 2450 SSDs, 2895 PSUs, 5740 Cases
2026-05-17 20:11:09 | ERROR    | ss_crawler | [database] Database transaction failed: (psycopg2.errors.UniqueViolation) duplicate key value violates unique constraint "scrape_runs_pkey"
DETAIL:  Key (id)=(21) already exists.

[SQL: 
                INSERT INTO scrape_runs (category, config_snapshot)
                VALUES (%(category)s, %(config)s)
                RETURNING id
            ]
[parameters: {'category': 'computer', 'config': '{"test_mode": true, "max_listings": 5}'}]
(Background on this error at: https://sqlalche.me/e/20/gkpj)
2026-05-17 20:13:45 | INFO     | ss_crawler | [computer_scraper] Initializing computer scraper...
2026-05-17 20:13:45 | INFO     | ss_crawler | [database] Database connected: localhost:5433/ss_market
2026-05-17 20:13:45 | INFO     | ss_crawler | [computer_scraper] Database: postgresql+psycopg2://crawler:crawler_pass@localhost:5433/ss_market
2026-05-17 20:13:45 | INFO     | ss_crawler | [cpu_matcher] CPUMatcher initialized with 5320 CPUs
2026-05-17 20:13:45 | INFO     | ss_crawler | [matcher] GPUMatcher initialized with 631 GPUs
2026-05-17 20:13:46 | INFO     | ss_crawler | [ram_matcher] RAMMatcher initialized with 5284 RAM references
2026-05-17 20:13:46 | INFO     | ss_crawler | [ssd_matcher] SSDMatcher initialized with 2450 SSDs
2026-05-17 20:13:46 | INFO     | ss_crawler | [psu_matcher] PSUMatcher initialized with 2895 PSU references
2026-05-17 20:13:46 | INFO     | ss_crawler | [case_matcher] CaseMatcher initialized with 5740 case references
2026-05-17 20:13:46 | INFO     | ss_crawler | [computer_matcher] ComputerMatcher initialized: 5320 CPUs, 631 GPUs, 5284 RAMs, 2450 SSDs, 2895 PSUs, 5740 Cases
2026-05-17 20:13:46 | INFO     | ss_crawler | [computer_scraper] Loaded references: 5320 CPUs, 631 GPUs, 5284 RAMs, 2450 SSDs, 2895 PSUs, 5740 Cases
2026-05-17 20:13:46 | INFO     | ss_crawler | [computer_scraper] Initializing computer scraper...
2026-05-17 20:13:46 | INFO     | ss_crawler | [database] Database connected: localhost:5433/ss_market
2026-05-17 20:13:46 | INFO     | ss_crawler | [computer_scraper] Database: postgresql+psycopg2://crawler:crawler_pass@localhost:5433/ss_market
2026-05-17 20:13:47 | INFO     | ss_crawler | [cpu_matcher] CPUMatcher initialized with 5320 CPUs
2026-05-17 20:13:47 | INFO     | ss_crawler | [matcher] GPUMatcher initialized with 631 GPUs
2026-05-17 20:13:47 | INFO     | ss_crawler | [ram_matcher] RAMMatcher initialized with 5284 RAM references
2026-05-17 20:13:47 | INFO     | ss_crawler | [ssd_matcher] SSDMatcher initialized with 2450 SSDs
2026-05-17 20:13:47 | INFO     | ss_crawler | [psu_matcher] PSUMatcher initialized with 2895 PSU references
2026-05-17 20:13:47 | INFO     | ss_crawler | [case_matcher] CaseMatcher initialized with 5740 case references
2026-05-17 20:13:47 | INFO     | ss_crawler | [computer_matcher] ComputerMatcher initialized: 5320 CPUs, 631 GPUs, 5284 RAMs, 2450 SSDs, 2895 PSUs, 5740 Cases
2026-05-17 20:13:47 | INFO     | ss_crawler | [computer_scraper] Loaded references: 5320 CPUs, 631 GPUs, 5284 RAMs, 2450 SSDs, 2895 PSUs, 5740 Cases
2026-05-17 20:13:47 | INFO     | ss_crawler | [crawler] Fetching single computer listing: https://www.ss.com/msg/lv/electronics/computers/pc/lnpbh.html
2026-05-17 20:13:51 | INFO     | ss_crawler | [computer_scraper] Single scrape result: unchanged - Unchanged: Datori un orgtehnika/Datori/ Pārdod...
2026-05-17 20:14:20 | INFO     | ss_crawler | [computer_scraper] Initializing computer scraper...
2026-05-17 20:14:20 | INFO     | ss_crawler | [database] Database connected: localhost:5433/ss_market
2026-05-17 20:14:20 | INFO     | ss_crawler | [computer_scraper] Database: postgresql+psycopg2://crawler:crawler_pass@localhost:5433/ss_market
2026-05-17 20:14:20 | INFO     | ss_crawler | [cpu_matcher] CPUMatcher initialized with 5320 CPUs
2026-05-17 20:14:20 | INFO     | ss_crawler | [matcher] GPUMatcher initialized with 631 GPUs
2026-05-17 20:14:20 | INFO     | ss_crawler | [ram_matcher] RAMMatcher initialized with 5284 RAM references
2026-05-17 20:14:21 | INFO     | ss_crawler | [ssd_matcher] SSDMatcher initialized with 2450 SSDs
2026-05-17 20:14:21 | INFO     | ss_crawler | [psu_matcher] PSUMatcher initialized with 2895 PSU references
2026-05-17 20:14:21 | INFO     | ss_crawler | [case_matcher] CaseMatcher initialized with 5740 case references
2026-05-17 20:14:21 | INFO     | ss_crawler | [computer_matcher] ComputerMatcher initialized: 5320 CPUs, 631 GPUs, 5284 RAMs, 2450 SSDs, 2895 PSUs, 5740 Cases
2026-05-17 20:14:21 | INFO     | ss_crawler | [computer_scraper] Loaded references: 5320 CPUs, 631 GPUs, 5284 RAMs, 2450 SSDs, 2895 PSUs, 5740 Cases
2026-05-17 20:14:21 | INFO     | ss_crawler | [computer_scraper] Initializing computer scraper...
2026-05-17 20:14:21 | INFO     | ss_crawler | [database] Database connected: localhost:5433/ss_market
2026-05-17 20:14:21 | INFO     | ss_crawler | [computer_scraper] Database: postgresql+psycopg2://crawler:crawler_pass@localhost:5433/ss_market
2026-05-17 20:14:21 | INFO     | ss_crawler | [cpu_matcher] CPUMatcher initialized with 5320 CPUs
2026-05-17 20:14:21 | INFO     | ss_crawler | [matcher] GPUMatcher initialized with 631 GPUs
2026-05-17 20:14:22 | INFO     | ss_crawler | [ram_matcher] RAMMatcher initialized with 5284 RAM references
2026-05-17 20:14:22 | INFO     | ss_crawler | [ssd_matcher] SSDMatcher initialized with 2450 SSDs
2026-05-17 20:14:22 | INFO     | ss_crawler | [psu_matcher] PSUMatcher initialized with 2895 PSU references
2026-05-17 20:14:22 | INFO     | ss_crawler | [case_matcher] CaseMatcher initialized with 5740 case references
2026-05-17 20:14:22 | INFO     | ss_crawler | [computer_matcher] ComputerMatcher initialized: 5320 CPUs, 631 GPUs, 5284 RAMs, 2450 SSDs, 2895 PSUs, 5740 Cases
2026-05-17 20:14:22 | INFO     | ss_crawler | [computer_scraper] Loaded references: 5320 CPUs, 631 GPUs, 5284 RAMs, 2450 SSDs, 2895 PSUs, 5740 Cases
2026-05-17 20:14:22 | INFO     | ss_crawler | [crawler] Fetching single computer listing: https://www.ss.com/msg/lv/electronics/computers/pc/lnpbh.html
2026-05-17 20:14:24 | INFO     | ss_crawler | [computer_scraper] Single scrape result: unchanged - Unchanged: Datori un orgtehnika/Datori/ Pārdod...
2026-05-17 20:15:49 | INFO     | ss_crawler | [computer_scraper] Initializing computer scraper...
2026-05-17 20:15:50 | INFO     | ss_crawler | [database] Database connected: localhost:5433/ss_market
2026-05-17 20:15:50 | INFO     | ss_crawler | [computer_scraper] Database: postgresql+psycopg2://crawler:crawler_pass@localhost:5433/ss_market
2026-05-17 20:15:50 | INFO     | ss_crawler | [cpu_matcher] CPUMatcher initialized with 5320 CPUs
2026-05-17 20:15:50 | INFO     | ss_crawler | [matcher] GPUMatcher initialized with 631 GPUs
2026-05-17 20:15:50 | INFO     | ss_crawler | [ram_matcher] RAMMatcher initialized with 5284 RAM references
2026-05-17 20:15:50 | INFO     | ss_crawler | [ssd_matcher] SSDMatcher initialized with 2450 SSDs
2026-05-17 20:15:51 | INFO     | ss_crawler | [psu_matcher] PSUMatcher initialized with 2895 PSU references
2026-05-17 20:15:51 | INFO     | ss_crawler | [case_matcher] CaseMatcher initialized with 5740 case references
2026-05-17 20:15:51 | INFO     | ss_crawler | [computer_matcher] ComputerMatcher initialized: 5320 CPUs, 631 GPUs, 5284 RAMs, 2450 SSDs, 2895 PSUs, 5740 Cases
2026-05-17 20:15:51 | INFO     | ss_crawler | [computer_scraper] Loaded references: 5320 CPUs, 631 GPUs, 5284 RAMs, 2450 SSDs, 2895 PSUs, 5740 Cases
2026-05-17 20:15:51 | INFO     | ss_crawler | [computer_scraper] Initializing computer scraper...
2026-05-17 20:15:51 | INFO     | ss_crawler | [database] Database connected: localhost:5433/ss_market
2026-05-17 20:15:51 | INFO     | ss_crawler | [computer_scraper] Database: postgresql+psycopg2://crawler:crawler_pass@localhost:5433/ss_market
2026-05-17 20:15:51 | INFO     | ss_crawler | [cpu_matcher] CPUMatcher initialized with 5320 CPUs
2026-05-17 20:15:51 | INFO     | ss_crawler | [matcher] GPUMatcher initialized with 631 GPUs
2026-05-17 20:15:52 | INFO     | ss_crawler | [ram_matcher] RAMMatcher initialized with 5284 RAM references
2026-05-17 20:15:52 | INFO     | ss_crawler | [ssd_matcher] SSDMatcher initialized with 2450 SSDs
2026-05-17 20:15:52 | INFO     | ss_crawler | [psu_matcher] PSUMatcher initialized with 2895 PSU references
2026-05-17 20:15:52 | INFO     | ss_crawler | [case_matcher] CaseMatcher initialized with 5740 case references
2026-05-17 20:15:52 | INFO     | ss_crawler | [computer_matcher] ComputerMatcher initialized: 5320 CPUs, 631 GPUs, 5284 RAMs, 2450 SSDs, 2895 PSUs, 5740 Cases
2026-05-17 20:15:52 | INFO     | ss_crawler | [computer_scraper] Loaded references: 5320 CPUs, 631 GPUs, 5284 RAMs, 2450 SSDs, 2895 PSUs, 5740 Cases
2026-05-17 20:15:52 | INFO     | ss_crawler | [crawler] Fetching single computer listing: https://www.ss.com/msg/lv/electronics/computers/pc/lnpbh.html
2026-05-17 20:15:56 | INFO     | ss_crawler | [computer_scraper] Single scrape result: unchanged - Unchanged: Datori un orgtehnika/Datori/ Pārdod...
2026-05-17 20:16:42 | INFO     | ss_crawler | [computer_scraper] Initializing computer scraper...
2026-05-17 20:16:42 | INFO     | ss_crawler | [database] Database connected: localhost:5433/ss_market
2026-05-17 20:16:42 | INFO     | ss_crawler | [computer_scraper] Database: postgresql+psycopg2://crawler:crawler_pass@localhost:5433/ss_market
2026-05-17 20:16:43 | INFO     | ss_crawler | [cpu_matcher] CPUMatcher initialized with 5320 CPUs
2026-05-17 20:16:43 | INFO     | ss_crawler | [matcher] GPUMatcher initialized with 631 GPUs
2026-05-17 20:16:43 | INFO     | ss_crawler | [ram_matcher] RAMMatcher initialized with 5284 RAM references
2026-05-17 20:16:43 | INFO     | ss_crawler | [ssd_matcher] SSDMatcher initialized with 2450 SSDs
2026-05-17 20:16:43 | INFO     | ss_crawler | [psu_matcher] PSUMatcher initialized with 2895 PSU references
2026-05-17 20:16:43 | INFO     | ss_crawler | [case_matcher] CaseMatcher initialized with 5740 case references
2026-05-17 20:16:43 | INFO     | ss_crawler | [computer_matcher] ComputerMatcher initialized: 5320 CPUs, 631 GPUs, 5284 RAMs, 2450 SSDs, 2895 PSUs, 5740 Cases
2026-05-17 20:16:43 | INFO     | ss_crawler | [computer_scraper] Loaded references: 5320 CPUs, 631 GPUs, 5284 RAMs, 2450 SSDs, 2895 PSUs, 5740 Cases
2026-05-17 20:16:43 | INFO     | ss_crawler | [computer_scraper] Initializing computer scraper...
2026-05-17 20:16:43 | INFO     | ss_crawler | [database] Database connected: localhost:5433/ss_market
2026-05-17 20:16:43 | INFO     | ss_crawler | [computer_scraper] Database: postgresql+psycopg2://crawler:crawler_pass@localhost:5433/ss_market
2026-05-17 20:16:44 | INFO     | ss_crawler | [cpu_matcher] CPUMatcher initialized with 5320 CPUs
2026-05-17 20:16:44 | INFO     | ss_crawler | [matcher] GPUMatcher initialized with 631 GPUs
2026-05-17 20:16:44 | INFO     | ss_crawler | [ram_matcher] RAMMatcher initialized with 5284 RAM references
2026-05-17 20:16:44 | INFO     | ss_crawler | [ssd_matcher] SSDMatcher initialized with 2450 SSDs
2026-05-17 20:16:44 | INFO     | ss_crawler | [psu_matcher] PSUMatcher initialized with 2895 PSU references
2026-05-17 20:16:45 | INFO     | ss_crawler | [case_matcher] CaseMatcher initialized with 5740 case references
2026-05-17 20:16:45 | INFO     | ss_crawler | [computer_matcher] ComputerMatcher initialized: 5320 CPUs, 631 GPUs, 5284 RAMs, 2450 SSDs, 2895 PSUs, 5740 Cases
2026-05-17 20:16:45 | INFO     | ss_crawler | [computer_scraper] Loaded references: 5320 CPUs, 631 GPUs, 5284 RAMs, 2450 SSDs, 2895 PSUs, 5740 Cases
2026-05-17 20:16:45 | INFO     | ss_crawler | [crawler] Fetching single computer listing: https://www.ss.com/msg/lv/electronics/computers/pc/lnpbh.html
2026-05-17 20:16:48 | INFO     | ss_crawler | [computer_scraper] Single scrape result: unchanged - Unchanged: Datori un orgtehnika/Datori/ Pārdod...
2026-05-17 20:16:59 | INFO     | ss_crawler | [computer_scraper] Initializing computer scraper...
2026-05-17 20:16:59 | INFO     | ss_crawler | [database] Database connected: localhost:5433/ss_market
2026-05-17 20:16:59 | INFO     | ss_crawler | [computer_scraper] Database: postgresql+psycopg2://crawler:crawler_pass@localhost:5433/ss_market
2026-05-17 20:17:00 | INFO     | ss_crawler | [cpu_matcher] CPUMatcher initialized with 5320 CPUs
2026-05-17 20:17:00 | INFO     | ss_crawler | [matcher] GPUMatcher initialized with 631 GPUs
2026-05-17 20:17:00 | INFO     | ss_crawler | [ram_matcher] RAMMatcher initialized with 5284 RAM references
2026-05-17 20:17:00 | INFO     | ss_crawler | [ssd_matcher] SSDMatcher initialized with 2450 SSDs
2026-05-17 20:17:00 | INFO     | ss_crawler | [psu_matcher] PSUMatcher initialized with 2895 PSU references
2026-05-17 20:17:01 | INFO     | ss_crawler | [case_matcher] CaseMatcher initialized with 5740 case references
2026-05-17 20:17:01 | INFO     | ss_crawler | [computer_matcher] ComputerMatcher initialized: 5320 CPUs, 631 GPUs, 5284 RAMs, 2450 SSDs, 2895 PSUs, 5740 Cases
2026-05-17 20:17:01 | INFO     | ss_crawler | [computer_scraper] Loaded references: 5320 CPUs, 631 GPUs, 5284 RAMs, 2450 SSDs, 2895 PSUs, 5740 Cases
2026-05-17 20:17:01 | INFO     | ss_crawler | [computer_scraper] Initializing computer scraper...
2026-05-17 20:17:01 | INFO     | ss_crawler | [database] Database connected: localhost:5433/ss_market
2026-05-17 20:17:01 | INFO     | ss_crawler | [computer_scraper] Database: postgresql+psycopg2://crawler:crawler_pass@localhost:5433/ss_market
2026-05-17 20:17:01 | INFO     | ss_crawler | [cpu_matcher] CPUMatcher initialized with 5320 CPUs
2026-05-17 20:17:01 | INFO     | ss_crawler | [matcher] GPUMatcher initialized with 631 GPUs
2026-05-17 20:17:01 | INFO     | ss_crawler | [ram_matcher] RAMMatcher initialized with 5284 RAM references
2026-05-17 20:17:02 | INFO     | ss_crawler | [ssd_matcher] SSDMatcher initialized with 2450 SSDs
2026-05-17 20:17:02 | INFO     | ss_crawler | [psu_matcher] PSUMatcher initialized with 2895 PSU references
2026-05-17 20:17:02 | INFO     | ss_crawler | [case_matcher] CaseMatcher initialized with 5740 case references
2026-05-17 20:17:02 | INFO     | ss_crawler | [computer_matcher] ComputerMatcher initialized: 5320 CPUs, 631 GPUs, 5284 RAMs, 2450 SSDs, 2895 PSUs, 5740 Cases
2026-05-17 20:17:02 | INFO     | ss_crawler | [computer_scraper] Loaded references: 5320 CPUs, 631 GPUs, 5284 RAMs, 2450 SSDs, 2895 PSUs, 5740 Cases
2026-05-17 20:17:02 | INFO     | ss_crawler | [crawler] Fetching single computer listing: https://www.ss.com/msg/lv/electronics/computers/pc/lnpbh.html
2026-05-17 20:17:05 | INFO     | ss_crawler | [computer_scraper] Single scrape result: unchanged - Unchanged: Datori un orgtehnika/Datori/ Pārdod...
2026-05-17 20:26:17 | INFO     | ss_crawler | [computer_scraper] Initializing computer scraper...
2026-05-17 20:26:17 | INFO     | ss_crawler | [database] Database connected: localhost:5433/ss_market
2026-05-17 20:26:17 | INFO     | ss_crawler | [computer_scraper] Database: postgresql+psycopg2://crawler:crawler_pass@localhost:5433/ss_market
2026-05-17 20:26:18 | INFO     | ss_crawler | [cpu_matcher] CPUMatcher initialized with 5320 CPUs
2026-05-17 20:26:18 | INFO     | ss_crawler | [matcher] GPUMatcher initialized with 631 GPUs
2026-05-17 20:26:18 | INFO     | ss_crawler | [ram_matcher] RAMMatcher initialized with 5284 RAM references
2026-05-17 20:26:18 | INFO     | ss_crawler | [ssd_matcher] SSDMatcher initialized with 2450 SSDs
2026-05-17 20:26:18 | INFO     | ss_crawler | [psu_matcher] PSUMatcher initialized with 2895 PSU references
2026-05-17 20:26:18 | INFO     | ss_crawler | [case_matcher] CaseMatcher initialized with 5740 case references
2026-05-17 20:26:18 | INFO     | ss_crawler | [computer_matcher] ComputerMatcher initialized: 5320 CPUs, 631 GPUs, 5284 RAMs, 2450 SSDs, 2895 PSUs, 5740 Cases
2026-05-17 20:26:18 | INFO     | ss_crawler | [computer_scraper] Loaded references: 5320 CPUs, 631 GPUs, 5284 RAMs, 2450 SSDs, 2895 PSUs, 5740 Cases
2026-05-17 20:26:18 | INFO     | ss_crawler | [computer_scraper] Initializing computer scraper...
2026-05-17 20:26:18 | INFO     | ss_crawler | [database] Database connected: localhost:5433/ss_market
2026-05-17 20:26:18 | INFO     | ss_crawler | [computer_scraper] Database: postgresql+psycopg2://crawler:crawler_pass@localhost:5433/ss_market
2026-05-17 20:26:19 | INFO     | ss_crawler | [cpu_matcher] CPUMatcher initialized with 5320 CPUs
2026-05-17 20:26:19 | INFO     | ss_crawler | [matcher] GPUMatcher initialized with 631 GPUs
2026-05-17 20:26:19 | INFO     | ss_crawler | [ram_matcher] RAMMatcher initialized with 5284 RAM references
2026-05-17 20:26:19 | INFO     | ss_crawler | [ssd_matcher] SSDMatcher initialized with 2450 SSDs
2026-05-17 20:26:20 | INFO     | ss_crawler | [psu_matcher] PSUMatcher initialized with 2895 PSU references
2026-05-17 20:26:20 | INFO     | ss_crawler | [case_matcher] CaseMatcher initialized with 5740 case references
2026-05-17 20:26:20 | INFO     | ss_crawler | [computer_matcher] ComputerMatcher initialized: 5320 CPUs, 631 GPUs, 5284 RAMs, 2450 SSDs, 2895 PSUs, 5740 Cases
2026-05-17 20:26:20 | INFO     | ss_crawler | [computer_scraper] Loaded references: 5320 CPUs, 631 GPUs, 5284 RAMs, 2450 SSDs, 2895 PSUs, 5740 Cases
2026-05-17 20:26:20 | INFO     | ss_crawler | [crawler] Fetching single computer listing: https://www.ss.com/msg/lv/electronics/computers/pc/lnpbh.html
2026-05-17 20:26:22 | INFO     | ss_crawler | [computer_scraper] Single scrape result: unchanged - Unchanged: Datori un orgtehnika/Datori/ Pārdod...
2026-05-17 20:32:42 | INFO     | ss_crawler | [crawler] Fetching : https://www.ss.com/msg/lv/electronics/computers/pc/lnpbh.html
2026-05-17 20:33:18 | INFO     | ss_crawler | [database] Database connected: localhost:5433/ss_market
2026-05-17 20:33:19 | INFO     | ss_crawler | [ram_matcher] RAMMatcher initialized with 5284 RAM references
2026-05-17 20:33:43 | INFO     | ss_crawler | [database] Database connected: localhost:5433/ss_market
2026-05-17 20:34:20 | INFO     | ss_crawler | [computer_scraper] Initializing computer scraper...
2026-05-17 20:34:20 | INFO     | ss_crawler | [database] Database connected: localhost:5433/ss_market
2026-05-17 20:34:20 | INFO     | ss_crawler | [computer_scraper] Database: postgresql+psycopg2://crawler:crawler_pass@localhost:5433/ss_market
2026-05-17 20:34:21 | INFO     | ss_crawler | [cpu_matcher] CPUMatcher initialized with 5320 CPUs
2026-05-17 20:34:21 | INFO     | ss_crawler | [matcher] GPUMatcher initialized with 631 GPUs
2026-05-17 20:34:21 | INFO     | ss_crawler | [ram_matcher] RAMMatcher initialized with 5284 RAM references
2026-05-17 20:34:21 | INFO     | ss_crawler | [ssd_matcher] SSDMatcher initialized with 2450 SSDs
2026-05-17 20:34:21 | INFO     | ss_crawler | [psu_matcher] PSUMatcher initialized with 2895 PSU references
2026-05-17 20:34:22 | INFO     | ss_crawler | [case_matcher] CaseMatcher initialized with 5740 case references
2026-05-17 20:34:22 | INFO     | ss_crawler | [computer_matcher] ComputerMatcher initialized: 5320 CPUs, 631 GPUs, 5284 RAMs, 2450 SSDs, 2895 PSUs, 5740 Cases
2026-05-17 20:34:22 | INFO     | ss_crawler | [computer_scraper] Loaded references: 5320 CPUs, 631 GPUs, 5284 RAMs, 2450 SSDs, 2895 PSUs, 5740 Cases
2026-05-17 20:34:22 | INFO     | ss_crawler | [computer_scraper] Initializing computer scraper...
2026-05-17 20:34:22 | INFO     | ss_crawler | [database] Database connected: localhost:5433/ss_market
2026-05-17 20:34:22 | INFO     | ss_crawler | [computer_scraper] Database: postgresql+psycopg2://crawler:crawler_pass@localhost:5433/ss_market
2026-05-17 20:34:22 | INFO     | ss_crawler | [cpu_matcher] CPUMatcher initialized with 5320 CPUs
2026-05-17 20:34:22 | INFO     | ss_crawler | [matcher] GPUMatcher initialized with 631 GPUs
2026-05-17 20:34:22 | INFO     | ss_crawler | [ram_matcher] RAMMatcher initialized with 5284 RAM references
2026-05-17 20:34:23 | INFO     | ss_crawler | [ssd_matcher] SSDMatcher initialized with 2450 SSDs
2026-05-17 20:34:23 | INFO     | ss_crawler | [psu_matcher] PSUMatcher initialized with 2895 PSU references
2026-05-17 20:34:23 | INFO     | ss_crawler | [case_matcher] CaseMatcher initialized with 5740 case references
2026-05-17 20:34:23 | INFO     | ss_crawler | [computer_matcher] ComputerMatcher initialized: 5320 CPUs, 631 GPUs, 5284 RAMs, 2450 SSDs, 2895 PSUs, 5740 Cases
2026-05-17 20:34:23 | INFO     | ss_crawler | [computer_scraper] Loaded references: 5320 CPUs, 631 GPUs, 5284 RAMs, 2450 SSDs, 2895 PSUs, 5740 Cases
2026-05-17 20:34:23 | INFO     | ss_crawler | [crawler] Fetching single computer listing: https://www.ss.com/msg/lv/electronics/computers/pc/lnpbh.html
2026-05-17 20:34:26 | INFO     | ss_crawler | [computer_scraper] Single scrape result: unchanged - Unchanged: Datori un orgtehnika/Datori/ Pārdod...
2026-05-17 20:35:02 | INFO     | ss_crawler | [database] Database connected: localhost:5433/ss_market
2026-05-17 20:35:02 | ERROR    | ss_crawler | [database] Database transaction failed: 'charmap' codec can't encode character '\u0101' in position 37: character maps to <undefined>
2026-05-17 20:35:28 | INFO     | ss_crawler | [computer_scraper] Initializing computer scraper...
2026-05-17 20:35:29 | INFO     | ss_crawler | [database] Database connected: localhost:5433/ss_market
2026-05-17 20:35:29 | INFO     | ss_crawler | [computer_scraper] Database: postgresql+psycopg2://crawler:crawler_pass@localhost:5433/ss_market
2026-05-17 20:35:29 | INFO     | ss_crawler | [cpu_matcher] CPUMatcher initialized with 5320 CPUs
2026-05-17 20:35:29 | INFO     | ss_crawler | [matcher] GPUMatcher initialized with 631 GPUs
2026-05-17 20:35:29 | INFO     | ss_crawler | [ram_matcher] RAMMatcher initialized with 5284 RAM references
2026-05-17 20:35:29 | INFO     | ss_crawler | [ssd_matcher] SSDMatcher initialized with 2450 SSDs
2026-05-17 20:35:30 | INFO     | ss_crawler | [psu_matcher] PSUMatcher initialized with 2895 PSU references
2026-05-17 20:35:30 | INFO     | ss_crawler | [case_matcher] CaseMatcher initialized with 5740 case references
2026-05-17 20:35:30 | INFO     | ss_crawler | [computer_matcher] ComputerMatcher initialized: 5320 CPUs, 631 GPUs, 5284 RAMs, 2450 SSDs, 2895 PSUs, 5740 Cases
2026-05-17 20:35:30 | INFO     | ss_crawler | [computer_scraper] Loaded references: 5320 CPUs, 631 GPUs, 5284 RAMs, 2450 SSDs, 2895 PSUs, 5740 Cases
2026-05-17 20:35:30 | INFO     | ss_crawler | [computer_scraper] Initializing computer scraper...
2026-05-17 20:35:30 | INFO     | ss_crawler | [database] Database connected: localhost:5433/ss_market
2026-05-17 20:35:30 | INFO     | ss_crawler | [computer_scraper] Database: postgresql+psycopg2://crawler:crawler_pass@localhost:5433/ss_market
2026-05-17 20:35:30 | INFO     | ss_crawler | [cpu_matcher] CPUMatcher initialized with 5320 CPUs
2026-05-17 20:35:30 | INFO     | ss_crawler | [matcher] GPUMatcher initialized with 631 GPUs
2026-05-17 20:35:31 | INFO     | ss_crawler | [ram_matcher] RAMMatcher initialized with 5284 RAM references
2026-05-17 20:35:31 | INFO     | ss_crawler | [ssd_matcher] SSDMatcher initialized with 2450 SSDs
2026-05-17 20:35:31 | INFO     | ss_crawler | [psu_matcher] PSUMatcher initialized with 2895 PSU references
2026-05-17 20:35:31 | INFO     | ss_crawler | [case_matcher] CaseMatcher initialized with 5740 case references
2026-05-17 20:35:31 | INFO     | ss_crawler | [computer_matcher] ComputerMatcher initialized: 5320 CPUs, 631 GPUs, 5284 RAMs, 2450 SSDs, 2895 PSUs, 5740 Cases
2026-05-17 20:35:31 | INFO     | ss_crawler | [computer_scraper] Loaded references: 5320 CPUs, 631 GPUs, 5284 RAMs, 2450 SSDs, 2895 PSUs, 5740 Cases
2026-05-17 20:35:31 | INFO     | ss_crawler | [crawler] Fetching single computer listing: https://www.ss.com/msg/lv/electronics/computers/pc/lnpbh.html
2026-05-17 20:35:34 | INFO     | ss_crawler | [computer_scraper] Single scrape result: new - New: Datori un orgtehnika/Datori/ Pārdod...
2026-05-17 20:36:04 | INFO     | ss_crawler | [crawler] Fetching : https://www.ss.com/msg/lv/electronics/computers/pc/lnpbh.html
2026-05-17 20:49:10 | INFO     | ss_crawler | [crawler] Fetching : https://www.ss.com/msg/lv/electronics/computers/pc/lnpbh.html
2026-05-17 20:49:39 | INFO     | ss_crawler | [database] Database connected: localhost:5433/ss_market
2026-05-17 20:49:39 | ERROR    | ss_crawler | [database] Database transaction failed: cannot import name 'get_engine' from 'src.database.connection' (G:\\Github\\SS-WEB-SCRAPPER\\SS-CRAWLER\src\database\connection.py)
2026-05-17 20:50:03 | INFO     | ss_crawler | [database] Database connected: localhost:5433/ss_market
2026-05-17 20:50:03 | INFO     | ss_crawler | [cpu_matcher] CPUMatcher initialized with 5320 CPUs
2026-05-17 20:50:03 | INFO     | ss_crawler | [matcher] GPUMatcher initialized with 631 GPUs
2026-05-17 20:50:03 | INFO     | ss_crawler | [ram_matcher] RAMMatcher initialized with 5284 RAM references
2026-05-17 20:50:03 | INFO     | ss_crawler | [ssd_matcher] SSDMatcher initialized with 2450 SSDs
2026-05-17 20:50:03 | ERROR    | ss_crawler | [database] Database transaction failed: 'dict' object has no attribute 'name'
2026-05-17 20:50:36 | INFO     | ss_crawler | [database] Database connected: localhost:5433/ss_market
2026-05-17 20:50:36 | INFO     | ss_crawler | [cpu_matcher] CPUMatcher initialized with 5320 CPUs
2026-05-17 20:50:36 | INFO     | ss_crawler | [matcher] GPUMatcher initialized with 631 GPUs
2026-05-17 20:50:36 | INFO     | ss_crawler | [ram_matcher] RAMMatcher initialized with 5284 RAM references
2026-05-17 20:50:36 | INFO     | ss_crawler | [ssd_matcher] SSDMatcher initialized with 2450 SSDs
2026-05-17 20:50:37 | INFO     | ss_crawler | [psu_matcher] PSUMatcher initialized with 2895 PSU references
2026-05-17 20:50:37 | INFO     | ss_crawler | [case_matcher] CaseMatcher initialized with 5740 case references
2026-05-17 20:50:37 | INFO     | ss_crawler | [computer_matcher] ComputerMatcher initialized: 5320 CPUs, 631 GPUs, 5284 RAMs, 2450 SSDs, 2895 PSUs, 5740 Cases
2026-05-17 20:50:37 | ERROR    | ss_crawler | [database] Database transaction failed: 'NoneType' object has no attribute 'get'
2026-05-17 20:51:52 | INFO     | ss_crawler | [database] Database connected: localhost:5433/ss_market
2026-05-17 20:51:52 | INFO     | ss_crawler | [matcher] GPUMatcher initialized with 631 GPUs
2026-05-17 20:51:52 | ERROR    | ss_crawler | [database] Database transaction failed: 'MatchResult' object has no attribute 'best_match'
2026-05-17 20:52:10 | INFO     | ss_crawler | [database] Database connected: localhost:5433/ss_market
2026-05-17 20:52:10 | INFO     | ss_crawler | [matcher] GPUMatcher initialized with 631 GPUs
2026-05-17 20:52:46 | INFO     | ss_crawler | [database] Database connected: localhost:5433/ss_market
2026-05-17 20:52:46 | INFO     | ss_crawler | [cpu_matcher] CPUMatcher initialized with 5320 CPUs
2026-05-17 20:52:46 | INFO     | ss_crawler | [matcher] GPUMatcher initialized with 631 GPUs
2026-05-17 20:52:47 | INFO     | ss_crawler | [ram_matcher] RAMMatcher initialized with 5284 RAM references
2026-05-17 20:52:47 | INFO     | ss_crawler | [ssd_matcher] SSDMatcher initialized with 2450 SSDs
2026-05-17 20:52:47 | INFO     | ss_crawler | [psu_matcher] PSUMatcher initialized with 2895 PSU references
2026-05-17 20:52:47 | INFO     | ss_crawler | [case_matcher] CaseMatcher initialized with 5740 case references
2026-05-17 20:52:47 | INFO     | ss_crawler | [computer_matcher] ComputerMatcher initialized: 5320 CPUs, 631 GPUs, 5284 RAMs, 2450 SSDs, 2895 PSUs, 5740 Cases
2026-05-17 20:52:48 | INFO     | ss_crawler | [matcher] GPUMatcher initialized with 631 GPUs
2026-05-17 20:53:23 | INFO     | ss_crawler | [database] Database connected: localhost:5433/ss_market
2026-05-17 20:53:23 | INFO     | ss_crawler | [cpu_matcher] CPUMatcher initialized with 5320 CPUs
2026-05-17 20:53:23 | INFO     | ss_crawler | [matcher] GPUMatcher initialized with 631 GPUs
2026-05-17 20:53:24 | INFO     | ss_crawler | [ram_matcher] RAMMatcher initialized with 5284 RAM references
2026-05-17 20:53:24 | INFO     | ss_crawler | [ssd_matcher] SSDMatcher initialized with 2450 SSDs
2026-05-17 20:53:24 | INFO     | ss_crawler | [psu_matcher] PSUMatcher initialized with 2895 PSU references
2026-05-17 20:53:24 | INFO     | ss_crawler | [case_matcher] CaseMatcher initialized with 5740 case references
2026-05-17 20:53:24 | INFO     | ss_crawler | [computer_matcher] ComputerMatcher initialized: 5320 CPUs, 631 GPUs, 5284 RAMs, 2450 SSDs, 2895 PSUs, 5740 Cases
2026-05-17 20:53:25 | INFO     | ss_crawler | [matcher] GPUMatcher initialized with 631 GPUs
2026-05-17 20:53:41 | INFO     | ss_crawler | [computer_scraper] Initializing computer scraper...
2026-05-17 20:53:41 | INFO     | ss_crawler | [database] Database connected: localhost:5433/ss_market
2026-05-17 20:53:41 | INFO     | ss_crawler | [computer_scraper] Database: postgresql+psycopg2://crawler:crawler_pass@localhost:5433/ss_market
2026-05-17 20:53:41 | INFO     | ss_crawler | [cpu_matcher] CPUMatcher initialized with 5320 CPUs
2026-05-17 20:53:41 | INFO     | ss_crawler | [matcher] GPUMatcher initialized with 631 GPUs
2026-05-17 20:53:42 | INFO     | ss_crawler | [ram_matcher] RAMMatcher initialized with 5284 RAM references
2026-05-17 20:53:42 | INFO     | ss_crawler | [ssd_matcher] SSDMatcher initialized with 2450 SSDs
2026-05-17 20:53:42 | INFO     | ss_crawler | [psu_matcher] PSUMatcher initialized with 2895 PSU references
2026-05-17 20:53:42 | INFO     | ss_crawler | [case_matcher] CaseMatcher initialized with 5740 case references
2026-05-17 20:53:42 | INFO     | ss_crawler | [computer_matcher] ComputerMatcher initialized: 5320 CPUs, 631 GPUs, 5284 RAMs, 2450 SSDs, 2895 PSUs, 5740 Cases
2026-05-17 20:53:42 | INFO     | ss_crawler | [computer_scraper] Loaded references: 5320 CPUs, 631 GPUs, 5284 RAMs, 2450 SSDs, 2895 PSUs, 5740 Cases
2026-05-17 20:53:42 | INFO     | ss_crawler | [computer_scraper] Initializing computer scraper...
2026-05-17 20:53:42 | INFO     | ss_crawler | [database] Database connected: localhost:5433/ss_market
2026-05-17 20:53:42 | INFO     | ss_crawler | [computer_scraper] Database: postgresql+psycopg2://crawler:crawler_pass@localhost:5433/ss_market
2026-05-17 20:53:43 | INFO     | ss_crawler | [cpu_matcher] CPUMatcher initialized with 5320 CPUs
2026-05-17 20:53:43 | INFO     | ss_crawler | [matcher] GPUMatcher initialized with 631 GPUs
2026-05-17 20:53:43 | INFO     | ss_crawler | [ram_matcher] RAMMatcher initialized with 5284 RAM references
2026-05-17 20:53:43 | INFO     | ss_crawler | [ssd_matcher] SSDMatcher initialized with 2450 SSDs
2026-05-17 20:53:43 | INFO     | ss_crawler | [psu_matcher] PSUMatcher initialized with 2895 PSU references
2026-05-17 20:53:43 | INFO     | ss_crawler | [case_matcher] CaseMatcher initialized with 5740 case references
2026-05-17 20:53:43 | INFO     | ss_crawler | [computer_matcher] ComputerMatcher initialized: 5320 CPUs, 631 GPUs, 5284 RAMs, 2450 SSDs, 2895 PSUs, 5740 Cases
2026-05-17 20:53:43 | INFO     | ss_crawler | [computer_scraper] Loaded references: 5320 CPUs, 631 GPUs, 5284 RAMs, 2450 SSDs, 2895 PSUs, 5740 Cases
2026-05-17 20:53:43 | INFO     | ss_crawler | [crawler] Fetching single computer listing: https://www.ss.com/msg/lv/electronics/computers/pc/lnpbh.html
2026-05-17 20:53:47 | INFO     | ss_crawler | [computer_scraper] Single scrape result: unchanged - Unchanged: Datori un orgtehnika/Datori/ Pārdod...
2026-05-17 20:53:59 | INFO     | ss_crawler | [computer_scraper] Initializing computer scraper...
2026-05-17 20:53:59 | INFO     | ss_crawler | [database] Database connected: localhost:5433/ss_market
2026-05-17 20:53:59 | INFO     | ss_crawler | [computer_scraper] Database: postgresql+psycopg2://crawler:crawler_pass@localhost:5433/ss_market
2026-05-17 20:53:59 | INFO     | ss_crawler | [cpu_matcher] CPUMatcher initialized with 5320 CPUs
2026-05-17 20:53:59 | INFO     | ss_crawler | [matcher] GPUMatcher initialized with 631 GPUs
2026-05-17 20:53:59 | INFO     | ss_crawler | [ram_matcher] RAMMatcher initialized with 5284 RAM references
2026-05-17 20:54:00 | INFO     | ss_crawler | [ssd_matcher] SSDMatcher initialized with 2450 SSDs
2026-05-17 20:54:00 | INFO     | ss_crawler | [psu_matcher] PSUMatcher initialized with 2895 PSU references
2026-05-17 20:54:00 | INFO     | ss_crawler | [case_matcher] CaseMatcher initialized with 5740 case references
2026-05-17 20:54:00 | INFO     | ss_crawler | [computer_matcher] ComputerMatcher initialized: 5320 CPUs, 631 GPUs, 5284 RAMs, 2450 SSDs, 2895 PSUs, 5740 Cases
2026-05-17 20:54:00 | INFO     | ss_crawler | [computer_scraper] Loaded references: 5320 CPUs, 631 GPUs, 5284 RAMs, 2450 SSDs, 2895 PSUs, 5740 Cases
2026-05-17 20:54:00 | INFO     | ss_crawler | [computer_scraper] Initializing computer scraper...
2026-05-17 20:54:00 | INFO     | ss_crawler | [database] Database connected: localhost:5433/ss_market
2026-05-17 20:54:00 | INFO     | ss_crawler | [computer_scraper] Database: postgresql+psycopg2://crawler:crawler_pass@localhost:5433/ss_market
2026-05-17 20:54:00 | INFO     | ss_crawler | [cpu_matcher] CPUMatcher initialized with 5320 CPUs
2026-05-17 20:54:00 | INFO     | ss_crawler | [matcher] GPUMatcher initialized with 631 GPUs
2026-05-17 20:54:01 | INFO     | ss_crawler | [ram_matcher] RAMMatcher initialized with 5284 RAM references
2026-05-17 20:54:01 | INFO     | ss_crawler | [ssd_matcher] SSDMatcher initialized with 2450 SSDs
2026-05-17 20:54:01 | INFO     | ss_crawler | [psu_matcher] PSUMatcher initialized with 2895 PSU references
2026-05-17 20:54:01 | INFO     | ss_crawler | [case_matcher] CaseMatcher initialized with 5740 case references
2026-05-17 20:54:01 | INFO     | ss_crawler | [computer_matcher] ComputerMatcher initialized: 5320 CPUs, 631 GPUs, 5284 RAMs, 2450 SSDs, 2895 PSUs, 5740 Cases
2026-05-17 20:54:01 | INFO     | ss_crawler | [computer_scraper] Loaded references: 5320 CPUs, 631 GPUs, 5284 RAMs, 2450 SSDs, 2895 PSUs, 5740 Cases
2026-05-17 20:54:01 | INFO     | ss_crawler | [crawler] Fetching single computer listing: https://www.ss.com/msg/lv/electronics/computers/pc/lnpbh.html
2026-05-17 20:54:04 | INFO     | ss_crawler | [computer_scraper] Single scrape result: new - New: Datori un orgtehnika/Datori/ Pārdod...
2026-05-17 20:54:34 | INFO     | ss_crawler | [database] Database connected: localhost:5433/ss_market
2026-05-17 20:54:57 | INFO     | ss_crawler | [database] Database connected: localhost:5433/ss_market
2026-05-17 20:54:57 | INFO     | ss_crawler | [matcher] GPUMatcher initialized with 631 GPUs
2026-05-17 20:55:05 | INFO     | ss_crawler | [database] Database connected: localhost:5433/ss_market
2026-05-17 20:55:05 | INFO     | ss_crawler | [cpu_matcher] CPUMatcher initialized with 5320 CPUs
2026-05-17 20:55:05 | INFO     | ss_crawler | [matcher] GPUMatcher initialized with 631 GPUs
2026-05-17 20:55:06 | INFO     | ss_crawler | [ram_matcher] RAMMatcher initialized with 5284 RAM references
2026-05-17 20:55:06 | INFO     | ss_crawler | [ssd_matcher] SSDMatcher initialized with 2450 SSDs
2026-05-17 20:55:06 | INFO     | ss_crawler | [psu_matcher] PSUMatcher initialized with 2895 PSU references
2026-05-17 20:55:06 | INFO     | ss_crawler | [case_matcher] CaseMatcher initialized with 5740 case references
2026-05-17 20:55:06 | INFO     | ss_crawler | [computer_matcher] ComputerMatcher initialized: 5320 CPUs, 631 GPUs, 5284 RAMs, 2450 SSDs, 2895 PSUs, 5740 Cases
2026-05-17 20:55:07 | INFO     | ss_crawler | [matcher] GPUMatcher initialized with 631 GPUs
2026-05-17 20:55:59 | INFO     | ss_crawler | [database] Database connected: localhost:5433/ss_market
2026-05-17 20:55:59 | INFO     | ss_crawler | [cpu_matcher] CPUMatcher initialized with 5320 CPUs
2026-05-17 20:55:59 | INFO     | ss_crawler | [matcher] GPUMatcher initialized with 631 GPUs
2026-05-17 20:56:00 | INFO     | ss_crawler | [ram_matcher] RAMMatcher initialized with 5284 RAM references
2026-05-17 20:56:00 | INFO     | ss_crawler | [ssd_matcher] SSDMatcher initialized with 2450 SSDs
2026-05-17 20:56:00 | INFO     | ss_crawler | [psu_matcher] PSUMatcher initialized with 2895 PSU references
2026-05-17 20:56:00 | INFO     | ss_crawler | [case_matcher] CaseMatcher initialized with 5740 case references
2026-05-17 20:56:00 | INFO     | ss_crawler | [computer_matcher] ComputerMatcher initialized: 5320 CPUs, 631 GPUs, 5284 RAMs, 2450 SSDs, 2895 PSUs, 5740 Cases
2026-05-17 20:56:01 | INFO     | ss_crawler | [matcher] GPUMatcher initialized with 631 GPUs
2026-05-17 20:57:04 | INFO     | ss_crawler | [database] Database connected: localhost:5433/ss_market
2026-05-17 20:57:04 | INFO     | ss_crawler | [cpu_matcher] CPUMatcher initialized with 5320 CPUs
2026-05-17 20:57:04 | INFO     | ss_crawler | [matcher] GPUMatcher initialized with 631 GPUs
2026-05-17 20:57:05 | INFO     | ss_crawler | [ram_matcher] RAMMatcher initialized with 5284 RAM references
2026-05-17 20:57:05 | INFO     | ss_crawler | [ssd_matcher] SSDMatcher initialized with 2450 SSDs
2026-05-17 20:57:05 | INFO     | ss_crawler | [psu_matcher] PSUMatcher initialized with 2895 PSU references
2026-05-17 20:57:05 | INFO     | ss_crawler | [case_matcher] CaseMatcher initialized with 5740 case references
2026-05-17 20:57:05 | INFO     | ss_crawler | [computer_matcher] ComputerMatcher initialized: 5320 CPUs, 631 GPUs, 5284 RAMs, 2450 SSDs, 2895 PSUs, 5740 Cases
2026-05-17 20:57:05 | INFO     | ss_crawler | [matcher] GPUMatcher initialized with 631 GPUs
2026-05-17 20:57:28 | INFO     | ss_crawler | [database] Database connected: localhost:5433/ss_market
2026-05-17 20:57:28 | INFO     | ss_crawler | [case_matcher] CaseMatcher initialized with 5740 case references
2026-05-17 20:58:19 | INFO     | ss_crawler | [database] Database connected: localhost:5433/ss_market
2026-05-17 20:58:20 | INFO     | ss_crawler | [case_matcher] CaseMatcher initialized with 5740 case references
2026-05-17 20:58:32 | INFO     | ss_crawler | [computer_scraper] Initializing computer scraper...
2026-05-17 20:58:32 | INFO     | ss_crawler | [database] Database connected: localhost:5433/ss_market
2026-05-17 20:58:32 | INFO     | ss_crawler | [computer_scraper] Database: postgresql+psycopg2://crawler:crawler_pass@localhost:5433/ss_market
2026-05-17 20:58:32 | INFO     | ss_crawler | [cpu_matcher] CPUMatcher initialized with 5320 CPUs
2026-05-17 20:58:32 | INFO     | ss_crawler | [matcher] GPUMatcher initialized with 631 GPUs
2026-05-17 20:58:32 | INFO     | ss_crawler | [ram_matcher] RAMMatcher initialized with 5284 RAM references
2026-05-17 20:58:33 | INFO     | ss_crawler | [ssd_matcher] SSDMatcher initialized with 2450 SSDs
2026-05-17 20:58:33 | INFO     | ss_crawler | [psu_matcher] PSUMatcher initialized with 2895 PSU references
2026-05-17 20:58:33 | INFO     | ss_crawler | [case_matcher] CaseMatcher initialized with 5740 case references
2026-05-17 20:58:33 | INFO     | ss_crawler | [computer_matcher] ComputerMatcher initialized: 5320 CPUs, 631 GPUs, 5284 RAMs, 2450 SSDs, 2895 PSUs, 5740 Cases
2026-05-17 20:58:33 | INFO     | ss_crawler | [computer_scraper] Loaded references: 5320 CPUs, 631 GPUs, 5284 RAMs, 2450 SSDs, 2895 PSUs, 5740 Cases
2026-05-17 20:58:33 | INFO     | ss_crawler | [computer_scraper] Initializing computer scraper...
2026-05-17 20:58:33 | INFO     | ss_crawler | [database] Database connected: localhost:5433/ss_market
2026-05-17 20:58:33 | INFO     | ss_crawler | [computer_scraper] Database: postgresql+psycopg2://crawler:crawler_pass@localhost:5433/ss_market
2026-05-17 20:58:33 | INFO     | ss_crawler | [cpu_matcher] CPUMatcher initialized with 5320 CPUs
2026-05-17 20:58:33 | INFO     | ss_crawler | [matcher] GPUMatcher initialized with 631 GPUs
2026-05-17 20:58:34 | INFO     | ss_crawler | [ram_matcher] RAMMatcher initialized with 5284 RAM references
2026-05-17 20:58:34 | INFO     | ss_crawler | [ssd_matcher] SSDMatcher initialized with 2450 SSDs
2026-05-17 20:58:34 | INFO     | ss_crawler | [psu_matcher] PSUMatcher initialized with 2895 PSU references
2026-05-17 20:58:34 | INFO     | ss_crawler | [case_matcher] CaseMatcher initialized with 5740 case references
2026-05-17 20:58:34 | INFO     | ss_crawler | [computer_matcher] ComputerMatcher initialized: 5320 CPUs, 631 GPUs, 5284 RAMs, 2450 SSDs, 2895 PSUs, 5740 Cases
2026-05-17 20:58:34 | INFO     | ss_crawler | [computer_scraper] Loaded references: 5320 CPUs, 631 GPUs, 5284 RAMs, 2450 SSDs, 2895 PSUs, 5740 Cases
2026-05-17 20:58:34 | INFO     | ss_crawler | [crawler] Fetching single computer listing: https://www.ss.com/msg/lv/electronics/computers/pc/lnpbh.html
2026-05-17 20:58:36 | INFO     | ss_crawler | [computer_scraper] Single scrape result: new - New: Datori un orgtehnika/Datori/ Pārdod...
2026-05-17 21:01:36 | INFO     | ss_crawler | [computer_scraper] Initializing computer scraper...
2026-05-17 21:01:36 | INFO     | ss_crawler | [database] Database connected: localhost:5433/ss_market
2026-05-17 21:01:36 | INFO     | ss_crawler | [computer_scraper] Database: postgresql+psycopg2://crawler:crawler_pass@localhost:5433/ss_market
2026-05-17 21:01:36 | INFO     | ss_crawler | [cpu_matcher] CPUMatcher initialized with 5320 CPUs
2026-05-17 21:01:36 | INFO     | ss_crawler | [matcher] GPUMatcher initialized with 631 GPUs
2026-05-17 21:01:37 | INFO     | ss_crawler | [ram_matcher] RAMMatcher initialized with 5284 RAM references
2026-05-17 21:01:37 | INFO     | ss_crawler | [ssd_matcher] SSDMatcher initialized with 2450 SSDs
2026-05-17 21:01:37 | INFO     | ss_crawler | [psu_matcher] PSUMatcher initialized with 2895 PSU references
2026-05-17 21:01:37 | INFO     | ss_crawler | [case_matcher] CaseMatcher initialized with 5740 case references
2026-05-17 21:01:37 | INFO     | ss_crawler | [computer_matcher] ComputerMatcher initialized: 5320 CPUs, 631 GPUs, 5284 RAMs, 2450 SSDs, 2895 PSUs, 5740 Cases
2026-05-17 21:01:37 | INFO     | ss_crawler | [computer_scraper] Loaded references: 5320 CPUs, 631 GPUs, 5284 RAMs, 2450 SSDs, 2895 PSUs, 5740 Cases
2026-05-17 21:01:37 | INFO     | ss_crawler | [computer_scraper] Initializing computer scraper...
2026-05-17 21:01:37 | INFO     | ss_crawler | [database] Database connected: localhost:5433/ss_market
2026-05-17 21:01:37 | INFO     | ss_crawler | [computer_scraper] Database: postgresql+psycopg2://crawler:crawler_pass@localhost:5433/ss_market
2026-05-17 21:01:38 | INFO     | ss_crawler | [cpu_matcher] CPUMatcher initialized with 5320 CPUs
2026-05-17 21:01:38 | INFO     | ss_crawler | [matcher] GPUMatcher initialized with 631 GPUs
2026-05-17 21:01:38 | INFO     | ss_crawler | [ram_matcher] RAMMatcher initialized with 5284 RAM references
2026-05-17 21:01:38 | INFO     | ss_crawler | [ssd_matcher] SSDMatcher initialized with 2450 SSDs
2026-05-17 21:01:38 | INFO     | ss_crawler | [psu_matcher] PSUMatcher initialized with 2895 PSU references
2026-05-17 21:01:39 | INFO     | ss_crawler | [case_matcher] CaseMatcher initialized with 5740 case references
2026-05-17 21:01:39 | INFO     | ss_crawler | [computer_matcher] ComputerMatcher initialized: 5320 CPUs, 631 GPUs, 5284 RAMs, 2450 SSDs, 2895 PSUs, 5740 Cases
2026-05-17 21:01:39 | INFO     | ss_crawler | [computer_scraper] Loaded references: 5320 CPUs, 631 GPUs, 5284 RAMs, 2450 SSDs, 2895 PSUs, 5740 Cases
2026-05-17 21:01:39 | INFO     | ss_crawler | [crawler] Fetching single computer listing: https://www.ss.com/msg/lv/electronics/computers/pc/lnpbh.html
2026-05-17 21:01:41 | INFO     | ss_crawler | [computer_scraper] Single scrape result: unchanged - Unchanged: Datori un orgtehnika/Datori/ Pārdod...
2026-05-17 21:05:56 | INFO     | ss_crawler | [computer_scraper] Initializing computer scraper...
2026-05-17 21:05:56 | INFO     | ss_crawler | [database] Database connected: localhost:5433/ss_market
2026-05-17 21:05:56 | INFO     | ss_crawler | [computer_scraper] Database: postgresql+psycopg2://crawler:crawler_pass@localhost:5433/ss_market
2026-05-17 21:05:56 | INFO     | ss_crawler | [cpu_matcher] CPUMatcher initialized with 5320 CPUs
2026-05-17 21:05:56 | INFO     | ss_crawler | [matcher] GPUMatcher initialized with 631 GPUs
2026-05-17 21:05:57 | INFO     | ss_crawler | [ram_matcher] RAMMatcher initialized with 5284 RAM references
2026-05-17 21:05:57 | INFO     | ss_crawler | [ssd_matcher] SSDMatcher initialized with 2450 SSDs
2026-05-17 21:05:57 | INFO     | ss_crawler | [psu_matcher] PSUMatcher initialized with 2895 PSU references
2026-05-17 21:05:57 | INFO     | ss_crawler | [case_matcher] CaseMatcher initialized with 5740 case references
2026-05-17 21:05:57 | INFO     | ss_crawler | [computer_matcher] ComputerMatcher initialized: 5320 CPUs, 631 GPUs, 5284 RAMs, 2450 SSDs, 2895 PSUs, 5740 Cases
2026-05-17 21:05:57 | INFO     | ss_crawler | [computer_scraper] Loaded references: 5320 CPUs, 631 GPUs, 5284 RAMs, 2450 SSDs, 2895 PSUs, 5740 Cases
2026-05-17 21:05:57 | INFO     | ss_crawler | [computer_scraper] Initializing computer scraper...
2026-05-17 21:05:57 | INFO     | ss_crawler | [database] Database connected: localhost:5433/ss_market
2026-05-17 21:05:57 | INFO     | ss_crawler | [computer_scraper] Database: postgresql+psycopg2://crawler:crawler_pass@localhost:5433/ss_market
2026-05-17 21:05:58 | INFO     | ss_crawler | [cpu_matcher] CPUMatcher initialized with 5320 CPUs
2026-05-17 21:05:58 | INFO     | ss_crawler | [matcher] GPUMatcher initialized with 631 GPUs
2026-05-17 21:05:58 | INFO     | ss_crawler | [ram_matcher] RAMMatcher initialized with 5284 RAM references
2026-05-17 21:05:58 | INFO     | ss_crawler | [ssd_matcher] SSDMatcher initialized with 2450 SSDs
2026-05-17 21:05:58 | INFO     | ss_crawler | [psu_matcher] PSUMatcher initialized with 2895 PSU references
2026-05-17 21:05:59 | INFO     | ss_crawler | [case_matcher] CaseMatcher initialized with 5740 case references
2026-05-17 21:05:59 | INFO     | ss_crawler | [computer_matcher] ComputerMatcher initialized: 5320 CPUs, 631 GPUs, 5284 RAMs, 2450 SSDs, 2895 PSUs, 5740 Cases
2026-05-17 21:05:59 | INFO     | ss_crawler | [computer_scraper] Loaded references: 5320 CPUs, 631 GPUs, 5284 RAMs, 2450 SSDs, 2895 PSUs, 5740 Cases
2026-05-17 21:05:59 | INFO     | ss_crawler | [crawler] Fetching single computer listing: https://www.ss.com/msg/lv/electronics/computers/pc/lnpbh.html
2026-05-17 21:06:03 | ERROR    | ss_crawler | [database] Database transaction failed: (psycopg2.errors.StringDataRightTruncation) value too long for type character varying(50)

[SQL: INSERT INTO computer_listings (
                    listing_id, title, description, price_eur, seller_location,
                    listing_url, image_url, date_posted, content_hash,
                    matched_cpu_id, matched_gpu_id, matched_ram_id,
                    matched_ssd_id, matched_psu_id, matched_case_id,
                    cpu_confidence, gpu_confidence, ram_confidence,
                    ssd_confidence, psu_confidence, case_confidence,
                    cpu_match_method, gpu_match_method, ram_match_method,
                    ssd_match_method, psu_match_method, case_match_method,
                    fallback_psu_wattage, fallback_case_price, fallback_motherboard_price,
                    components_total_eur, price_difference_eur
                ) VALUES (
                    %(id)s, %(title)s, %(description)s, %(price)s, %(location)s, %(url)s, %(image_url)s,
                    %(date_posted)s, %(content_hash)s,
                    %(cpu_id)s, %(gpu_id)s, %(ram_id)s, %(ssd_id)s, %(psu_id)s, %(case_id)s,
                    %(cpu_conf)s, %(gpu_conf)s, %(ram_conf)s, %(ssd_conf)s, %(psu_conf)s, %(case_conf)s,
                    %(cpu_method)s, %(gpu_method)s, %(ram_method)s, %(ssd_method)s, %(psu_method)s, %(case_method)s,
                    %(psu_wattage)s, %(case_price)s, %(mb_price)s, %(components_total)s, %(price_diff)s
                )]
[parameters: {'id': 'lnpbh', 'title': 'Datori un orgtehnika/Datori/ Pārdod', 'description': 'Gaming dators ar Rgb gaismām priekš spēlēm, skolai un ikdienas lietošanai. Strādā, ir ieinstalēts Windows 11. Gaismas krāsu un režīmu var nomainīt.\n ... (376 characters truncated) ... ta 2 gadus.\nVideokarte bijusi lietota pirms dators tika uzbūvēts, termālā pasta nav mainīta. Nezinu kā un kur tikusi izmantota pirmstam.\nCena:599 €', 'price': 599.0, 'location': 'Liepāja un raj.', 'url': 'https://www.ss.com/msg/lv/electronics/computers/pc/lnpbh.html', 'image_url': 'https://i.ss.com/gallery/8/1468/366868/electronics-computers-pc-73373438.t.jpg', 'date_posted': datetime.datetime(2026, 5, 17, 19, 12), 'content_hash': 'ef9ed93d7933fa698085cc16470c5776d476fe33cb0c8a854ee568f645fb8756', 'cpu_id': 295, 'gpu_id': 287, 'ram_id': 5, 'ssd_id': 1684, 'psu_id': 5994, 'case_id': 479, 'cpu_conf': 1.0, 'gpu_conf': 0.75, 'ram_conf': 1.0, 'ssd_conf': 1.0, 'psu_conf': 1.0, 'case_conf': 1.0, 'cpu_method': 'name_match', 'gpu_method': 'name+vram_verified', 'ram_method': 'model_core_match+model_part+capacity_exact+modules_exact', 'ssd_method': 'fuzzy+variant_exact', 'psu_method': 'exact+model_part', 'case_method': 'exact+model_part', 'psu_wattage': 650, 'case_price': 15.0, 'mb_price': 75.0, 'components_total': 653.64, 'price_diff': -54.639999999999986}]
(Background on this error at: https://sqlalche.me/e/20/9h9h)
2026-05-17 21:06:55 | INFO     | ss_crawler | [computer_scraper] Initializing computer scraper...
2026-05-17 21:06:55 | INFO     | ss_crawler | [database] Database connected: localhost:5433/ss_market
2026-05-17 21:06:55 | INFO     | ss_crawler | [computer_scraper] Database: postgresql+psycopg2://crawler:crawler_pass@localhost:5433/ss_market
2026-05-17 21:06:55 | INFO     | ss_crawler | [cpu_matcher] CPUMatcher initialized with 5320 CPUs
2026-05-17 21:06:55 | INFO     | ss_crawler | [matcher] GPUMatcher initialized with 631 GPUs
2026-05-17 21:06:55 | INFO     | ss_crawler | [ram_matcher] RAMMatcher initialized with 5284 RAM references
2026-05-17 21:06:55 | INFO     | ss_crawler | [ssd_matcher] SSDMatcher initialized with 2450 SSDs
2026-05-17 21:06:56 | INFO     | ss_crawler | [psu_matcher] PSUMatcher initialized with 2895 PSU references
2026-05-17 21:06:56 | INFO     | ss_crawler | [case_matcher] CaseMatcher initialized with 5740 case references
2026-05-17 21:06:56 | INFO     | ss_crawler | [computer_matcher] ComputerMatcher initialized: 5320 CPUs, 631 GPUs, 5284 RAMs, 2450 SSDs, 2895 PSUs, 5740 Cases
2026-05-17 21:06:56 | INFO     | ss_crawler | [computer_scraper] Loaded references: 5320 CPUs, 631 GPUs, 5284 RAMs, 2450 SSDs, 2895 PSUs, 5740 Cases
2026-05-17 21:06:56 | INFO     | ss_crawler | [computer_scraper] Initializing computer scraper...
2026-05-17 21:06:56 | INFO     | ss_crawler | [database] Database connected: localhost:5433/ss_market
2026-05-17 21:06:56 | INFO     | ss_crawler | [computer_scraper] Database: postgresql+psycopg2://crawler:crawler_pass@localhost:5433/ss_market
2026-05-17 21:06:56 | INFO     | ss_crawler | [cpu_matcher] CPUMatcher initialized with 5320 CPUs
2026-05-17 21:06:56 | INFO     | ss_crawler | [matcher] GPUMatcher initialized with 631 GPUs
2026-05-17 21:06:57 | INFO     | ss_crawler | [ram_matcher] RAMMatcher initialized with 5284 RAM references
2026-05-17 21:06:57 | INFO     | ss_crawler | [ssd_matcher] SSDMatcher initialized with 2450 SSDs
2026-05-17 21:06:57 | INFO     | ss_crawler | [psu_matcher] PSUMatcher initialized with 2895 PSU references
2026-05-17 21:06:57 | INFO     | ss_crawler | [case_matcher] CaseMatcher initialized with 5740 case references
2026-05-17 21:06:57 | INFO     | ss_crawler | [computer_matcher] ComputerMatcher initialized: 5320 CPUs, 631 GPUs, 5284 RAMs, 2450 SSDs, 2895 PSUs, 5740 Cases
2026-05-17 21:06:57 | INFO     | ss_crawler | [computer_scraper] Loaded references: 5320 CPUs, 631 GPUs, 5284 RAMs, 2450 SSDs, 2895 PSUs, 5740 Cases
2026-05-17 21:06:57 | INFO     | ss_crawler | [crawler] Fetching single computer listing: https://www.ss.com/msg/lv/electronics/computers/pc/lnpbh.html
2026-05-17 21:07:00 | INFO     | ss_crawler | [computer_scraper] Single scrape result: new - New: Datori un orgtehnika/Datori/ Pārdod...
2026-05-17 21:23:59 | INFO     | ss_crawler | [computer_scraper] Initializing computer scraper...
2026-05-17 21:23:59 | INFO     | ss_crawler | [database] Database connected: localhost:5433/ss_market
2026-05-17 21:23:59 | INFO     | ss_crawler | [computer_scraper] Database: postgresql+psycopg2://crawler:crawler_pass@localhost:5433/ss_market
2026-05-17 21:23:59 | INFO     | ss_crawler | [cpu_matcher] CPUMatcher initialized with 5320 CPUs
2026-05-17 21:23:59 | INFO     | ss_crawler | [matcher] GPUMatcher initialized with 631 GPUs
2026-05-17 21:24:00 | INFO     | ss_crawler | [ram_matcher] RAMMatcher initialized with 5284 RAM references
2026-05-17 21:24:00 | INFO     | ss_crawler | [ssd_matcher] SSDMatcher initialized with 2450 SSDs
2026-05-17 21:24:00 | INFO     | ss_crawler | [psu_matcher] PSUMatcher initialized with 2895 PSU references
2026-05-17 21:24:00 | INFO     | ss_crawler | [case_matcher] CaseMatcher initialized with 5740 case references
2026-05-17 21:24:00 | INFO     | ss_crawler | [computer_matcher] ComputerMatcher initialized: 5320 CPUs, 631 GPUs, 5284 RAMs, 2450 SSDs, 2895 PSUs, 5740 Cases
2026-05-17 21:24:00 | INFO     | ss_crawler | [computer_scraper] Loaded references: 5320 CPUs, 631 GPUs, 5284 RAMs, 2450 SSDs, 2895 PSUs, 5740 Cases
2026-05-17 21:24:00 | INFO     | ss_crawler | [computer_scraper] Initializing computer scraper...
2026-05-17 21:24:00 | INFO     | ss_crawler | [database] Database connected: localhost:5433/ss_market
2026-05-17 21:24:00 | INFO     | ss_crawler | [computer_scraper] Database: postgresql+psycopg2://crawler:crawler_pass@localhost:5433/ss_market
2026-05-17 21:24:01 | INFO     | ss_crawler | [cpu_matcher] CPUMatcher initialized with 5320 CPUs
2026-05-17 21:24:01 | INFO     | ss_crawler | [matcher] GPUMatcher initialized with 631 GPUs
2026-05-17 21:24:01 | INFO     | ss_crawler | [ram_matcher] RAMMatcher initialized with 5284 RAM references
2026-05-17 21:24:01 | INFO     | ss_crawler | [ssd_matcher] SSDMatcher initialized with 2450 SSDs
2026-05-17 21:24:01 | INFO     | ss_crawler | [psu_matcher] PSUMatcher initialized with 2895 PSU references
2026-05-17 21:24:01 | INFO     | ss_crawler | [case_matcher] CaseMatcher initialized with 5740 case references
2026-05-17 21:24:01 | INFO     | ss_crawler | [computer_matcher] ComputerMatcher initialized: 5320 CPUs, 631 GPUs, 5284 RAMs, 2450 SSDs, 2895 PSUs, 5740 Cases
2026-05-17 21:24:01 | INFO     | ss_crawler | [computer_scraper] Loaded references: 5320 CPUs, 631 GPUs, 5284 RAMs, 2450 SSDs, 2895 PSUs, 5740 Cases
2026-05-17 21:24:01 | INFO     | ss_crawler | [crawler] Fetching single computer listing: https://www.ss.com/msg/lv/electronics/computers/pc/lnpbh.html
2026-05-17 21:24:04 | INFO     | ss_crawler | [computer_scraper] Single scrape result: unchanged - Unchanged: Datori un orgtehnika/Datori/ Pārdod...
2026-05-17 21:30:53 | INFO     | ss_crawler | [computer_scraper] Initializing computer scraper...
2026-05-17 21:30:53 | INFO     | ss_crawler | [database] Database connected: localhost:5433/ss_market
2026-05-17 21:30:53 | INFO     | ss_crawler | [computer_scraper] Database: postgresql+psycopg2://crawler:crawler_pass@localhost:5433/ss_market
2026-05-17 21:30:53 | INFO     | ss_crawler | [cpu_matcher] CPUMatcher initialized with 5320 CPUs
2026-05-17 21:30:53 | INFO     | ss_crawler | [matcher] GPUMatcher initialized with 631 GPUs
2026-05-17 21:30:53 | INFO     | ss_crawler | [ram_matcher] RAMMatcher initialized with 5284 RAM references
2026-05-17 21:30:53 | INFO     | ss_crawler | [ssd_matcher] SSDMatcher initialized with 2450 SSDs
2026-05-17 21:30:54 | INFO     | ss_crawler | [psu_matcher] PSUMatcher initialized with 2895 PSU references
2026-05-17 21:30:54 | INFO     | ss_crawler | [case_matcher] CaseMatcher initialized with 5740 case references
2026-05-17 21:30:54 | INFO     | ss_crawler | [computer_matcher] ComputerMatcher initialized: 5320 CPUs, 631 GPUs, 5284 RAMs, 2450 SSDs, 2895 PSUs, 5740 Cases
2026-05-17 21:30:54 | INFO     | ss_crawler | [computer_scraper] Loaded references: 5320 CPUs, 631 GPUs, 5284 RAMs, 2450 SSDs, 2895 PSUs, 5740 Cases
2026-05-17 21:30:54 | INFO     | ss_crawler | [computer_scraper] Initializing computer scraper...
2026-05-17 21:30:54 | INFO     | ss_crawler | [database] Database connected: localhost:5433/ss_market
2026-05-17 21:30:54 | INFO     | ss_crawler | [computer_scraper] Database: postgresql+psycopg2://crawler:crawler_pass@localhost:5433/ss_market
2026-05-17 21:30:54 | INFO     | ss_crawler | [cpu_matcher] CPUMatcher initialized with 5320 CPUs
2026-05-17 21:30:54 | INFO     | ss_crawler | [matcher] GPUMatcher initialized with 631 GPUs
2026-05-17 21:30:55 | INFO     | ss_crawler | [ram_matcher] RAMMatcher initialized with 5284 RAM references
2026-05-17 21:30:55 | INFO     | ss_crawler | [ssd_matcher] SSDMatcher initialized with 2450 SSDs
2026-05-17 21:30:55 | INFO     | ss_crawler | [psu_matcher] PSUMatcher initialized with 2895 PSU references
2026-05-17 21:30:55 | INFO     | ss_crawler | [case_matcher] CaseMatcher initialized with 5740 case references
2026-05-17 21:30:55 | INFO     | ss_crawler | [computer_matcher] ComputerMatcher initialized: 5320 CPUs, 631 GPUs, 5284 RAMs, 2450 SSDs, 2895 PSUs, 5740 Cases
2026-05-17 21:30:55 | INFO     | ss_crawler | [computer_scraper] Loaded references: 5320 CPUs, 631 GPUs, 5284 RAMs, 2450 SSDs, 2895 PSUs, 5740 Cases
2026-05-17 21:30:55 | INFO     | ss_crawler | [crawler] Fetching single computer listing: https://www.ss.com/msg/lv/electronics/computers/pc/lnpbh.html
2026-05-17 21:30:58 | INFO     | ss_crawler | [computer_scraper] Single scrape result: new - New: Datori un orgtehnika/Datori/ Pārdod...
2026-05-17 21:39:15 | INFO     | ss_crawler | [computer_scraper] Initializing computer scraper...
2026-05-17 21:39:15 | INFO     | ss_crawler | [database] Database connected: localhost:5433/ss_market
2026-05-17 21:39:15 | INFO     | ss_crawler | [computer_scraper] Database: postgresql+psycopg2://crawler:crawler_pass@localhost:5433/ss_market
2026-05-17 21:39:15 | INFO     | ss_crawler | [cpu_matcher] CPUMatcher initialized with 5320 CPUs
2026-05-17 21:39:15 | INFO     | ss_crawler | [matcher] GPUMatcher initialized with 631 GPUs
2026-05-17 21:39:16 | INFO     | ss_crawler | [ram_matcher] RAMMatcher initialized with 5284 RAM references
2026-05-17 21:39:16 | INFO     | ss_crawler | [ssd_matcher] SSDMatcher initialized with 2450 SSDs
2026-05-17 21:39:16 | INFO     | ss_crawler | [psu_matcher] PSUMatcher initialized with 2895 PSU references
2026-05-17 21:39:16 | INFO     | ss_crawler | [case_matcher] CaseMatcher initialized with 5740 case references
2026-05-17 21:39:17 | INFO     | ss_crawler | [motherboard_matcher] MotherboardMatcher initialized with 5729 motherboards
2026-05-17 21:39:17 | INFO     | ss_crawler | [computer_matcher] ComputerMatcher initialized: 5320 CPUs, 631 GPUs, 5284 RAMs, 2450 SSDs, 2895 PSUs, 5740 Cases, 5729 Motherboards
2026-05-17 21:39:17 | INFO     | ss_crawler | [computer_scraper] Loaded references: 5320 CPUs, 631 GPUs, 5284 RAMs, 2450 SSDs, 2895 PSUs, 5740 Cases, 5729 Motherboards
2026-05-17 21:39:17 | INFO     | ss_crawler | [computer_scraper] Initializing computer scraper...
2026-05-17 21:39:17 | INFO     | ss_crawler | [database] Database connected: localhost:5433/ss_market
2026-05-17 21:39:17 | INFO     | ss_crawler | [computer_scraper] Database: postgresql+psycopg2://crawler:crawler_pass@localhost:5433/ss_market
2026-05-17 21:39:17 | INFO     | ss_crawler | [cpu_matcher] CPUMatcher initialized with 5320 CPUs
2026-05-17 21:39:17 | INFO     | ss_crawler | [matcher] GPUMatcher initialized with 631 GPUs
2026-05-17 21:39:18 | INFO     | ss_crawler | [ram_matcher] RAMMatcher initialized with 5284 RAM references
2026-05-17 21:39:18 | INFO     | ss_crawler | [ssd_matcher] SSDMatcher initialized with 2450 SSDs
2026-05-17 21:39:18 | INFO     | ss_crawler | [psu_matcher] PSUMatcher initialized with 2895 PSU references
2026-05-17 21:39:18 | INFO     | ss_crawler | [case_matcher] CaseMatcher initialized with 5740 case references
2026-05-17 21:39:19 | INFO     | ss_crawler | [motherboard_matcher] MotherboardMatcher initialized with 5729 motherboards
2026-05-17 21:39:19 | INFO     | ss_crawler | [computer_matcher] ComputerMatcher initialized: 5320 CPUs, 631 GPUs, 5284 RAMs, 2450 SSDs, 2895 PSUs, 5740 Cases, 5729 Motherboards
2026-05-17 21:39:19 | INFO     | ss_crawler | [computer_scraper] Loaded references: 5320 CPUs, 631 GPUs, 5284 RAMs, 2450 SSDs, 2895 PSUs, 5740 Cases, 5729 Motherboards
2026-05-17 21:39:19 | INFO     | ss_crawler | [crawler] Fetching single computer listing: https://www.ss.com/msg/lv/electronics/computers/pc/lnpbh.html
2026-05-17 21:39:22 | INFO     | ss_crawler | [computer_scraper] Single scrape result: new - New: Datori un orgtehnika/Datori/ Pārdod...
2026-05-17 21:39:43 | INFO     | ss_crawler | [motherboard_matcher] MotherboardMatcher initialized with 5729 motherboards
2026-05-17 21:39:54 | INFO     | ss_crawler | [motherboard_matcher] MotherboardMatcher initialized with 5729 motherboards
2026-05-17 21:40:05 | INFO     | ss_crawler | [motherboard_matcher] MotherboardMatcher initialized with 5729 motherboards
2026-05-17 21:40:48 | INFO     | ss_crawler | [motherboard_matcher] MotherboardMatcher initialized with 5729 motherboards
2026-05-17 21:41:11 | INFO     | ss_crawler | [motherboard_matcher] MotherboardMatcher initialized with 5729 motherboards
2026-05-17 21:41:26 | INFO     | ss_crawler | [motherboard_matcher] MotherboardMatcher initialized with 5729 motherboards
2026-05-17 21:41:50 | INFO     | ss_crawler | [motherboard_matcher] MotherboardMatcher initialized with 5729 motherboards
2026-05-17 21:42:33 | INFO     | ss_crawler | [computer_scraper] Initializing computer scraper...
2026-05-17 21:42:33 | INFO     | ss_crawler | [database] Database connected: localhost:5433/ss_market
2026-05-17 21:42:33 | INFO     | ss_crawler | [computer_scraper] Database: postgresql+psycopg2://crawler:crawler_pass@localhost:5433/ss_market
2026-05-17 21:42:34 | INFO     | ss_crawler | [cpu_matcher] CPUMatcher initialized with 5320 CPUs
2026-05-17 21:42:34 | INFO     | ss_crawler | [matcher] GPUMatcher initialized with 631 GPUs
2026-05-17 21:42:34 | INFO     | ss_crawler | [ram_matcher] RAMMatcher initialized with 5284 RAM references
2026-05-17 21:42:34 | INFO     | ss_crawler | [ssd_matcher] SSDMatcher initialized with 2450 SSDs
2026-05-17 21:42:34 | INFO     | ss_crawler | [psu_matcher] PSUMatcher initialized with 2895 PSU references
2026-05-17 21:42:34 | INFO     | ss_crawler | [case_matcher] CaseMatcher initialized with 5740 case references
2026-05-17 21:42:36 | INFO     | ss_crawler | [motherboard_matcher] MotherboardMatcher initialized with 5729 motherboards
2026-05-17 21:42:36 | INFO     | ss_crawler | [computer_matcher] ComputerMatcher initialized: 5320 CPUs, 631 GPUs, 5284 RAMs, 2450 SSDs, 2895 PSUs, 5740 Cases, 5729 Motherboards
2026-05-17 21:42:36 | INFO     | ss_crawler | [computer_scraper] Loaded references: 5320 CPUs, 631 GPUs, 5284 RAMs, 2450 SSDs, 2895 PSUs, 5740 Cases, 5729 Motherboards
2026-05-17 21:42:36 | INFO     | ss_crawler | [computer_scraper] Initializing computer scraper...
2026-05-17 21:42:36 | INFO     | ss_crawler | [database] Database connected: localhost:5433/ss_market
2026-05-17 21:42:36 | INFO     | ss_crawler | [computer_scraper] Database: postgresql+psycopg2://crawler:crawler_pass@localhost:5433/ss_market
2026-05-17 21:42:36 | INFO     | ss_crawler | [cpu_matcher] CPUMatcher initialized with 5320 CPUs
2026-05-17 21:42:36 | INFO     | ss_crawler | [matcher] GPUMatcher initialized with 631 GPUs
2026-05-17 21:42:36 | INFO     | ss_crawler | [ram_matcher] RAMMatcher initialized with 5284 RAM references
2026-05-17 21:42:37 | INFO     | ss_crawler | [ssd_matcher] SSDMatcher initialized with 2450 SSDs
2026-05-17 21:42:37 | INFO     | ss_crawler | [psu_matcher] PSUMatcher initialized with 2895 PSU references
2026-05-17 21:42:37 | INFO     | ss_crawler | [case_matcher] CaseMatcher initialized with 5740 case references
2026-05-17 21:42:38 | INFO     | ss_crawler | [motherboard_matcher] MotherboardMatcher initialized with 5729 motherboards
2026-05-17 21:42:38 | INFO     | ss_crawler | [computer_matcher] ComputerMatcher initialized: 5320 CPUs, 631 GPUs, 5284 RAMs, 2450 SSDs, 2895 PSUs, 5740 Cases, 5729 Motherboards
2026-05-17 21:42:38 | INFO     | ss_crawler | [computer_scraper] Loaded references: 5320 CPUs, 631 GPUs, 5284 RAMs, 2450 SSDs, 2895 PSUs, 5740 Cases, 5729 Motherboards
2026-05-17 21:42:38 | INFO     | ss_crawler | [crawler] Fetching single computer listing: https://www.ss.com/msg/lv/electronics/computers/pc/lnpbh.html
2026-05-17 21:42:40 | INFO     | ss_crawler | [computer_scraper] Single scrape result: new - New: Datori un orgtehnika/Datori/ Pārdod...
2026-05-17 21:43:50 | INFO     | ss_crawler | [computer_scraper] Initializing computer scraper...
2026-05-17 21:43:50 | INFO     | ss_crawler | [database] Database connected: localhost:5433/ss_market
2026-05-17 21:43:50 | INFO     | ss_crawler | [computer_scraper] Database: postgresql+psycopg2://crawler:crawler_pass@localhost:5433/ss_market
2026-05-17 21:43:51 | INFO     | ss_crawler | [cpu_matcher] CPUMatcher initialized with 5320 CPUs
2026-05-17 21:43:51 | INFO     | ss_crawler | [matcher] GPUMatcher initialized with 631 GPUs
2026-05-17 21:43:51 | INFO     | ss_crawler | [ram_matcher] RAMMatcher initialized with 5284 RAM references
2026-05-17 21:43:52 | INFO     | ss_crawler | [ssd_matcher] SSDMatcher initialized with 2450 SSDs
2026-05-17 21:43:52 | INFO     | ss_crawler | [psu_matcher] PSUMatcher initialized with 2895 PSU references
2026-05-17 21:43:52 | INFO     | ss_crawler | [case_matcher] CaseMatcher initialized with 5740 case references
2026-05-17 21:43:53 | INFO     | ss_crawler | [motherboard_matcher] MotherboardMatcher initialized with 5729 motherboards
2026-05-17 21:43:53 | INFO     | ss_crawler | [computer_matcher] ComputerMatcher initialized: 5320 CPUs, 631 GPUs, 5284 RAMs, 2450 SSDs, 2895 PSUs, 5740 Cases, 5729 Motherboards
2026-05-17 21:43:53 | INFO     | ss_crawler | [computer_scraper] Loaded references: 5320 CPUs, 631 GPUs, 5284 RAMs, 2450 SSDs, 2895 PSUs, 5740 Cases, 5729 Motherboards
2026-05-17 21:43:53 | INFO     | ss_crawler | [computer_scraper] Initializing computer scraper...
2026-05-17 21:43:53 | INFO     | ss_crawler | [database] Database connected: localhost:5433/ss_market
2026-05-17 21:43:53 | INFO     | ss_crawler | [computer_scraper] Database: postgresql+psycopg2://crawler:crawler_pass@localhost:5433/ss_market
2026-05-17 21:43:54 | INFO     | ss_crawler | [cpu_matcher] CPUMatcher initialized with 5320 CPUs
2026-05-17 21:43:54 | INFO     | ss_crawler | [matcher] GPUMatcher initialized with 631 GPUs
2026-05-17 21:43:54 | INFO     | ss_crawler | [ram_matcher] RAMMatcher initialized with 5284 RAM references
2026-05-17 21:43:54 | INFO     | ss_crawler | [ssd_matcher] SSDMatcher initialized with 2450 SSDs
2026-05-17 21:43:54 | INFO     | ss_crawler | [psu_matcher] PSUMatcher initialized with 2895 PSU references
2026-05-17 21:43:55 | INFO     | ss_crawler | [case_matcher] CaseMatcher initialized with 5740 case references
2026-05-17 21:43:56 | INFO     | ss_crawler | [motherboard_matcher] MotherboardMatcher initialized with 5729 motherboards
2026-05-17 21:43:56 | INFO     | ss_crawler | [computer_matcher] ComputerMatcher initialized: 5320 CPUs, 631 GPUs, 5284 RAMs, 2450 SSDs, 2895 PSUs, 5740 Cases, 5729 Motherboards
2026-05-17 21:43:56 | INFO     | ss_crawler | [computer_scraper] Loaded references: 5320 CPUs, 631 GPUs, 5284 RAMs, 2450 SSDs, 2895 PSUs, 5740 Cases, 5729 Motherboards
2026-05-17 21:43:56 | INFO     | ss_crawler | [crawler] Fetching single computer listing: https://www.ss.com/msg/lv/electronics/computers/pc/lnpbh.html
2026-05-17 21:43:59 | INFO     | ss_crawler | [computer_scraper] Single scrape result: new - New: Datori un orgtehnika/Datori/ Pārdod...
2026-05-17 21:46:03 | INFO     | ss_crawler | [computer_scraper] Initializing computer scraper...
2026-05-17 21:46:03 | INFO     | ss_crawler | [database] Database connected: localhost:5433/ss_market
2026-05-17 21:46:03 | INFO     | ss_crawler | [computer_scraper] Database: postgresql+psycopg2://crawler:crawler_pass@localhost:5433/ss_market
2026-05-17 21:46:03 | INFO     | ss_crawler | [cpu_matcher] CPUMatcher initialized with 5320 CPUs
2026-05-17 21:46:03 | INFO     | ss_crawler | [matcher] GPUMatcher initialized with 631 GPUs
2026-05-17 21:46:04 | INFO     | ss_crawler | [ram_matcher] RAMMatcher initialized with 5284 RAM references
2026-05-17 21:46:04 | INFO     | ss_crawler | [ssd_matcher] SSDMatcher initialized with 2450 SSDs
2026-05-17 21:46:04 | INFO     | ss_crawler | [psu_matcher] PSUMatcher initialized with 2895 PSU references
2026-05-17 21:46:04 | INFO     | ss_crawler | [case_matcher] CaseMatcher initialized with 5740 case references
2026-05-17 21:46:05 | INFO     | ss_crawler | [motherboard_matcher] MotherboardMatcher initialized with 5729 motherboards
2026-05-17 21:46:05 | INFO     | ss_crawler | [computer_matcher] ComputerMatcher initialized: 5320 CPUs, 631 GPUs, 5284 RAMs, 2450 SSDs, 2895 PSUs, 5740 Cases, 5729 Motherboards
2026-05-17 21:46:05 | INFO     | ss_crawler | [computer_scraper] Loaded references: 5320 CPUs, 631 GPUs, 5284 RAMs, 2450 SSDs, 2895 PSUs, 5740 Cases, 5729 Motherboards
2026-05-17 21:46:05 | INFO     | ss_crawler | [computer_scraper] Initializing computer scraper...
2026-05-17 21:46:05 | INFO     | ss_crawler | [database] Database connected: localhost:5433/ss_market
2026-05-17 21:46:05 | INFO     | ss_crawler | [computer_scraper] Database: postgresql+psycopg2://crawler:crawler_pass@localhost:5433/ss_market
2026-05-17 21:46:06 | INFO     | ss_crawler | [cpu_matcher] CPUMatcher initialized with 5320 CPUs
2026-05-17 21:46:06 | INFO     | ss_crawler | [matcher] GPUMatcher initialized with 631 GPUs
2026-05-17 21:46:06 | INFO     | ss_crawler | [ram_matcher] RAMMatcher initialized with 5284 RAM references
2026-05-17 21:46:07 | INFO     | ss_crawler | [ssd_matcher] SSDMatcher initialized with 2450 SSDs
2026-05-17 21:46:07 | INFO     | ss_crawler | [psu_matcher] PSUMatcher initialized with 2895 PSU references
2026-05-17 21:46:07 | INFO     | ss_crawler | [case_matcher] CaseMatcher initialized with 5740 case references
2026-05-17 21:46:08 | INFO     | ss_crawler | [motherboard_matcher] MotherboardMatcher initialized with 5729 motherboards
2026-05-17 21:46:08 | INFO     | ss_crawler | [computer_matcher] ComputerMatcher initialized: 5320 CPUs, 631 GPUs, 5284 RAMs, 2450 SSDs, 2895 PSUs, 5740 Cases, 5729 Motherboards
2026-05-17 21:46:08 | INFO     | ss_crawler | [computer_scraper] Loaded references: 5320 CPUs, 631 GPUs, 5284 RAMs, 2450 SSDs, 2895 PSUs, 5740 Cases, 5729 Motherboards
2026-05-17 21:46:08 | INFO     | ss_crawler | [crawler] Fetching single computer listing: https://www.ss.com/msg/lv/electronics/computers/pc/lnpbh.html
2026-05-17 21:46:11 | INFO     | ss_crawler | [computer_scraper] Single scrape result: new - New: Datori un orgtehnika/Datori/ Pārdod...
2026-05-17 21:47:05 | INFO     | ss_crawler | [computer_scraper] Initializing computer scraper...
2026-05-17 21:47:05 | INFO     | ss_crawler | [database] Database connected: localhost:5433/ss_market
2026-05-17 21:47:05 | INFO     | ss_crawler | [computer_scraper] Database: postgresql+psycopg2://crawler:crawler_pass@localhost:5433/ss_market
2026-05-17 21:47:05 | INFO     | ss_crawler | [cpu_matcher] CPUMatcher initialized with 5320 CPUs
2026-05-17 21:47:05 | INFO     | ss_crawler | [matcher] GPUMatcher initialized with 631 GPUs
2026-05-17 21:47:06 | INFO     | ss_crawler | [ram_matcher] RAMMatcher initialized with 5284 RAM references
2026-05-17 21:47:06 | INFO     | ss_crawler | [ssd_matcher] SSDMatcher initialized with 2450 SSDs
2026-05-17 21:47:06 | INFO     | ss_crawler | [psu_matcher] PSUMatcher initialized with 2895 PSU references
2026-05-17 21:47:06 | INFO     | ss_crawler | [case_matcher] CaseMatcher initialized with 5740 case references
2026-05-17 21:47:07 | INFO     | ss_crawler | [motherboard_matcher] MotherboardMatcher initialized with 5729 motherboards
2026-05-17 21:47:07 | INFO     | ss_crawler | [computer_matcher] ComputerMatcher initialized: 5320 CPUs, 631 GPUs, 5284 RAMs, 2450 SSDs, 2895 PSUs, 5740 Cases, 5729 Motherboards
2026-05-17 21:47:07 | INFO     | ss_crawler | [computer_scraper] Loaded references: 5320 CPUs, 631 GPUs, 5284 RAMs, 2450 SSDs, 2895 PSUs, 5740 Cases, 5729 Motherboards
2026-05-17 21:47:07 | INFO     | ss_crawler | [computer_scraper] Initializing computer scraper...
2026-05-17 21:47:07 | INFO     | ss_crawler | [database] Database connected: localhost:5433/ss_market
2026-05-17 21:47:07 | INFO     | ss_crawler | [computer_scraper] Database: postgresql+psycopg2://crawler:crawler_pass@localhost:5433/ss_market
2026-05-17 21:47:08 | INFO     | ss_crawler | [cpu_matcher] CPUMatcher initialized with 5320 CPUs
2026-05-17 21:47:08 | INFO     | ss_crawler | [matcher] GPUMatcher initialized with 631 GPUs
2026-05-17 21:47:08 | INFO     | ss_crawler | [ram_matcher] RAMMatcher initialized with 5284 RAM references
2026-05-17 21:47:08 | INFO     | ss_crawler | [ssd_matcher] SSDMatcher initialized with 2450 SSDs
2026-05-17 21:47:09 | INFO     | ss_crawler | [psu_matcher] PSUMatcher initialized with 2895 PSU references
2026-05-17 21:47:09 | INFO     | ss_crawler | [case_matcher] CaseMatcher initialized with 5740 case references
2026-05-17 21:47:10 | INFO     | ss_crawler | [motherboard_matcher] MotherboardMatcher initialized with 5729 motherboards
2026-05-17 21:47:10 | INFO     | ss_crawler | [computer_matcher] ComputerMatcher initialized: 5320 CPUs, 631 GPUs, 5284 RAMs, 2450 SSDs, 2895 PSUs, 5740 Cases, 5729 Motherboards
2026-05-17 21:47:10 | INFO     | ss_crawler | [computer_scraper] Loaded references: 5320 CPUs, 631 GPUs, 5284 RAMs, 2450 SSDs, 2895 PSUs, 5740 Cases, 5729 Motherboards
2026-05-17 21:47:10 | INFO     | ss_crawler | [crawler] Fetching single computer listing: https://www.ss.com/msg/lv/electronics/computers/pc/lnpbh.html
2026-05-17 21:47:14 | INFO     | ss_crawler | [computer_scraper] Single scrape result: unchanged - Unchanged: Datori un orgtehnika/Datori/ Pārdod...
2026-05-17 21:48:28 | INFO     | ss_crawler | [computer_scraper] Initializing computer scraper...
2026-05-17 21:48:28 | INFO     | ss_crawler | [database] Database connected: localhost:5433/ss_market
2026-05-17 21:48:28 | INFO     | ss_crawler | [computer_scraper] Database: postgresql+psycopg2://crawler:crawler_pass@localhost:5433/ss_market
2026-05-17 21:48:28 | INFO     | ss_crawler | [cpu_matcher] CPUMatcher initialized with 5320 CPUs
2026-05-17 21:48:28 | INFO     | ss_crawler | [matcher] GPUMatcher initialized with 631 GPUs
2026-05-17 21:48:28 | INFO     | ss_crawler | [ram_matcher] RAMMatcher initialized with 5284 RAM references
2026-05-17 21:48:29 | INFO     | ss_crawler | [ssd_matcher] SSDMatcher initialized with 2450 SSDs
2026-05-17 21:48:29 | INFO     | ss_crawler | [psu_matcher] PSUMatcher initialized with 2895 PSU references
2026-05-17 21:48:29 | INFO     | ss_crawler | [case_matcher] CaseMatcher initialized with 5740 case references
2026-05-17 21:48:30 | INFO     | ss_crawler | [motherboard_matcher] MotherboardMatcher initialized with 5729 motherboards
2026-05-17 21:48:30 | INFO     | ss_crawler | [computer_matcher] ComputerMatcher initialized: 5320 CPUs, 631 GPUs, 5284 RAMs, 2450 SSDs, 2895 PSUs, 5740 Cases, 5729 Motherboards
2026-05-17 21:48:30 | INFO     | ss_crawler | [computer_scraper] Loaded references: 5320 CPUs, 631 GPUs, 5284 RAMs, 2450 SSDs, 2895 PSUs, 5740 Cases, 5729 Motherboards
2026-05-17 21:48:30 | INFO     | ss_crawler | [computer_scraper] Initializing computer scraper...
2026-05-17 21:48:30 | INFO     | ss_crawler | [database] Database connected: localhost:5433/ss_market
2026-05-17 21:48:30 | INFO     | ss_crawler | [computer_scraper] Database: postgresql+psycopg2://crawler:crawler_pass@localhost:5433/ss_market
2026-05-17 21:48:31 | INFO     | ss_crawler | [cpu_matcher] CPUMatcher initialized with 5320 CPUs
2026-05-17 21:48:31 | INFO     | ss_crawler | [matcher] GPUMatcher initialized with 631 GPUs
2026-05-17 21:48:31 | INFO     | ss_crawler | [ram_matcher] RAMMatcher initialized with 5284 RAM references
2026-05-17 21:48:31 | INFO     | ss_crawler | [ssd_matcher] SSDMatcher initialized with 2450 SSDs
2026-05-17 21:48:31 | INFO     | ss_crawler | [psu_matcher] PSUMatcher initialized with 2895 PSU references
2026-05-17 21:48:31 | INFO     | ss_crawler | [case_matcher] CaseMatcher initialized with 5740 case references
2026-05-17 21:48:33 | INFO     | ss_crawler | [motherboard_matcher] MotherboardMatcher initialized with 5729 motherboards
2026-05-17 21:48:33 | INFO     | ss_crawler | [computer_matcher] ComputerMatcher initialized: 5320 CPUs, 631 GPUs, 5284 RAMs, 2450 SSDs, 2895 PSUs, 5740 Cases, 5729 Motherboards
2026-05-17 21:48:33 | INFO     | ss_crawler | [computer_scraper] Loaded references: 5320 CPUs, 631 GPUs, 5284 RAMs, 2450 SSDs, 2895 PSUs, 5740 Cases, 5729 Motherboards
2026-05-17 21:48:33 | INFO     | ss_crawler | [crawler] Fetching single computer listing: https://www.ss.com/msg/lv/electronics/computers/pc/kffjp.html
2026-05-17 21:48:36 | INFO     | ss_crawler | [computer_scraper] Single scrape result: new - New: Datori un orgtehnika/Datori/ Pārdod...
2026-05-17 21:55:06 | INFO     | ss_crawler | [crawler] Fetching test: https://www.ss.com/msg/lv/electronics/computers/pc/kffjp.html
2026-05-17 21:55:49 | INFO     | ss_crawler | [crawler] Fetching test: https://www.ss.com/msg/lv/electronics/computers/pc/kffjp.html
2026-05-17 21:56:00 | INFO     | ss_crawler | [crawler] Fetching test: https://www.ss.com/msg/lv/electronics/computers/pc/kffjp.html
2026-05-17 21:56:25 | INFO     | ss_crawler | [motherboard_matcher] MotherboardMatcher initialized with 5729 motherboards
2026-05-17 21:56:55 | INFO     | ss_crawler | [crawler] Fetching test: https://www.ss.com/msg/lv/electronics/computers/pc/kffjp.html
2026-05-17 21:57:13 | INFO     | ss_crawler | [crawler] Fetching test: https://www.ss.com/msg/lv/electronics/computers/pc/kffjp.html
2026-05-17 21:58:18 | INFO     | ss_crawler | [database] Database connected: localhost:5433/ss_market
2026-05-17 21:58:18 | INFO     | ss_crawler | [crawler] Fetching test: https://www.ss.com/msg/lv/electronics/computers/pc/kffjp.html
2026-05-17 21:58:31 | INFO     | ss_crawler | [database] Database connected: localhost:5433/ss_market
2026-05-17 21:58:31 | INFO     | ss_crawler | [crawler] Fetching test: https://www.ss.com/msg/lv/electronics/computers/pc/kffjp.html
2026-05-17 21:58:35 | INFO     | ss_crawler | [cpu_matcher] CPUMatcher initialized with 5320 CPUs
2026-05-17 21:58:35 | INFO     | ss_crawler | [matcher] GPUMatcher initialized with 631 GPUs
2026-05-17 21:58:36 | INFO     | ss_crawler | [ram_matcher] RAMMatcher initialized with 5284 RAM references
2026-05-17 21:58:36 | INFO     | ss_crawler | [ssd_matcher] SSDMatcher initialized with 2450 SSDs
2026-05-17 21:58:36 | INFO     | ss_crawler | [psu_matcher] PSUMatcher initialized with 2895 PSU references
2026-05-17 21:58:36 | INFO     | ss_crawler | [case_matcher] CaseMatcher initialized with 5740 case references
2026-05-17 21:58:37 | INFO     | ss_crawler | [motherboard_matcher] MotherboardMatcher initialized with 5729 motherboards
2026-05-17 21:58:37 | INFO     | ss_crawler | [computer_matcher] ComputerMatcher initialized: 5320 CPUs, 631 GPUs, 5284 RAMs, 2450 SSDs, 2895 PSUs, 5740 Cases, 5729 Motherboards
2026-05-17 21:59:25 | INFO     | ss_crawler | [psu_matcher] PSUMatcher initialized with 2895 PSU references
2026-05-17 21:59:59 | INFO     | ss_crawler | [database] Database connected: localhost:5433/ss_market
2026-05-17 21:59:59 | INFO     | ss_crawler | [crawler] Fetching test: https://www.ss.com/msg/lv/electronics/computers/pc/kffjp.html
2026-05-17 22:00:19 | INFO     | ss_crawler | [database] Database connected: localhost:5433/ss_market
2026-05-17 22:00:19 | INFO     | ss_crawler | [crawler] Fetching test: https://www.ss.com/msg/lv/electronics/computers/pc/kffjp.html
2026-05-17 22:00:23 | INFO     | ss_crawler | [cpu_matcher] CPUMatcher initialized with 5320 CPUs
2026-05-17 22:00:23 | INFO     | ss_crawler | [matcher] GPUMatcher initialized with 631 GPUs
2026-05-17 22:00:23 | INFO     | ss_crawler | [ram_matcher] RAMMatcher initialized with 5284 RAM references
2026-05-17 22:00:23 | INFO     | ss_crawler | [ssd_matcher] SSDMatcher initialized with 2450 SSDs
2026-05-17 22:00:24 | INFO     | ss_crawler | [psu_matcher] PSUMatcher initialized with 2895 PSU references
2026-05-17 22:00:24 | INFO     | ss_crawler | [case_matcher] CaseMatcher initialized with 5740 case references
2026-05-17 22:00:25 | INFO     | ss_crawler | [motherboard_matcher] MotherboardMatcher initialized with 5729 motherboards
2026-05-17 22:00:25 | INFO     | ss_crawler | [computer_matcher] ComputerMatcher initialized: 5320 CPUs, 631 GPUs, 5284 RAMs, 2450 SSDs, 2895 PSUs, 5740 Cases, 5729 Motherboards
2026-05-17 22:02:40 | INFO     | ss_crawler | [database] Database connected: localhost:5433/ss_market
2026-05-17 22:02:40 | INFO     | ss_crawler | [crawler] Fetching test: https://www.ss.com/msg/lv/electronics/computers/pc/kffjp.html
2026-05-17 22:02:44 | INFO     | ss_crawler | [cpu_matcher] CPUMatcher initialized with 5320 CPUs
2026-05-17 22:02:44 | INFO     | ss_crawler | [matcher] GPUMatcher initialized with 631 GPUs
2026-05-17 22:02:45 | INFO     | ss_crawler | [ram_matcher] RAMMatcher initialized with 5284 RAM references
2026-05-17 22:02:45 | INFO     | ss_crawler | [ssd_matcher] SSDMatcher initialized with 2450 SSDs
2026-05-17 22:02:46 | INFO     | ss_crawler | [psu_matcher] PSUMatcher initialized with 2895 PSU references
2026-05-17 22:02:46 | INFO     | ss_crawler | [case_matcher] CaseMatcher initialized with 5740 case references
2026-05-17 22:02:48 | INFO     | ss_crawler | [motherboard_matcher] MotherboardMatcher initialized with 5729 motherboards
2026-05-17 22:02:48 | INFO     | ss_crawler | [computer_matcher] ComputerMatcher initialized: 5320 CPUs, 631 GPUs, 5284 RAMs, 2450 SSDs, 2895 PSUs, 5740 Cases, 5729 Motherboards
2026-05-17 22:03:00 | INFO     | ss_crawler | [database] Database connected: localhost:5433/ss_market
2026-05-17 22:03:00 | INFO     | ss_crawler | [crawler] Fetching test: https://www.ss.com/msg/lv/electronics/computers/pc/kffjp.html
2026-05-17 22:03:04 | INFO     | ss_crawler | [cpu_matcher] CPUMatcher initialized with 5320 CPUs
2026-05-17 22:03:04 | INFO     | ss_crawler | [matcher] GPUMatcher initialized with 631 GPUs
2026-05-17 22:03:05 | INFO     | ss_crawler | [ram_matcher] RAMMatcher initialized with 5284 RAM references
2026-05-17 22:03:05 | INFO     | ss_crawler | [ssd_matcher] SSDMatcher initialized with 2450 SSDs
2026-05-17 22:03:05 | INFO     | ss_crawler | [psu_matcher] PSUMatcher initialized with 2895 PSU references
2026-05-17 22:03:05 | INFO     | ss_crawler | [case_matcher] CaseMatcher initialized with 5740 case references
2026-05-17 22:03:08 | INFO     | ss_crawler | [motherboard_matcher] MotherboardMatcher initialized with 5729 motherboards
2026-05-17 22:03:08 | INFO     | ss_crawler | [computer_matcher] ComputerMatcher initialized: 5320 CPUs, 631 GPUs, 5284 RAMs, 2450 SSDs, 2895 PSUs, 5740 Cases, 5729 Motherboards
2026-05-17 22:03:43 | INFO     | ss_crawler | [matcher] GPUMatcher initialized with 631 GPUs
2026-05-17 22:04:08 | INFO     | ss_crawler | [matcher] GPUMatcher initialized with 631 GPUs
2026-05-17 22:04:55 | INFO     | ss_crawler | [database] Database connected: localhost:5433/ss_market
2026-05-17 22:04:55 | INFO     | ss_crawler | [crawler] Fetching test: https://www.ss.com/msg/lv/electronics/computers/pc/kffjp.html
2026-05-17 22:04:57 | INFO     | ss_crawler | [cpu_matcher] CPUMatcher initialized with 5320 CPUs
2026-05-17 22:04:57 | INFO     | ss_crawler | [matcher] GPUMatcher initialized with 631 GPUs
2026-05-17 22:04:58 | INFO     | ss_crawler | [ram_matcher] RAMMatcher initialized with 5284 RAM references
2026-05-17 22:04:58 | INFO     | ss_crawler | [ssd_matcher] SSDMatcher initialized with 2450 SSDs
2026-05-17 22:04:58 | INFO     | ss_crawler | [psu_matcher] PSUMatcher initialized with 2895 PSU references
2026-05-17 22:04:59 | INFO     | ss_crawler | [case_matcher] CaseMatcher initialized with 5740 case references
2026-05-17 22:05:01 | INFO     | ss_crawler | [motherboard_matcher] MotherboardMatcher initialized with 5729 motherboards
2026-05-17 22:05:01 | INFO     | ss_crawler | [computer_matcher] ComputerMatcher initialized: 5320 CPUs, 631 GPUs, 5284 RAMs, 2450 SSDs, 2895 PSUs, 5740 Cases, 5729 Motherboards
2026-05-17 22:05:38 | INFO     | ss_crawler | [database] Database connected: localhost:5433/ss_market
2026-05-17 22:05:38 | INFO     | ss_crawler | [crawler] Fetching test: https://www.ss.com/msg/lv/electronics/computers/pc/kffjp.html
2026-05-17 22:05:43 | INFO     | ss_crawler | [cpu_matcher] CPUMatcher initialized with 5320 CPUs
2026-05-17 22:05:43 | INFO     | ss_crawler | [matcher] GPUMatcher initialized with 631 GPUs
2026-05-17 22:05:43 | INFO     | ss_crawler | [ram_matcher] RAMMatcher initialized with 5284 RAM references
2026-05-17 22:05:44 | INFO     | ss_crawler | [ssd_matcher] SSDMatcher initialized with 2450 SSDs
2026-05-17 22:05:44 | INFO     | ss_crawler | [psu_matcher] PSUMatcher initialized with 2895 PSU references
2026-05-17 22:05:44 | INFO     | ss_crawler | [case_matcher] CaseMatcher initialized with 5740 case references
2026-05-17 22:05:46 | INFO     | ss_crawler | [motherboard_matcher] MotherboardMatcher initialized with 5729 motherboards
2026-05-17 22:05:46 | INFO     | ss_crawler | [computer_matcher] ComputerMatcher initialized: 5320 CPUs, 631 GPUs, 5284 RAMs, 2450 SSDs, 2895 PSUs, 5740 Cases, 5729 Motherboards
2026-05-17 22:06:09 | INFO     | ss_crawler | [matcher] GPUMatcher initialized with 631 GPUs
2026-05-17 22:06:36 | INFO     | ss_crawler | [database] Database connected: localhost:5433/ss_market
2026-05-17 22:06:36 | INFO     | ss_crawler | [crawler] Fetching test: https://www.ss.com/msg/lv/electronics/computers/pc/kffjp.html
2026-05-17 22:06:40 | INFO     | ss_crawler | [cpu_matcher] CPUMatcher initialized with 5320 CPUs
2026-05-17 22:06:40 | INFO     | ss_crawler | [matcher] GPUMatcher initialized with 631 GPUs
2026-05-17 22:06:41 | INFO     | ss_crawler | [ram_matcher] RAMMatcher initialized with 5284 RAM references
2026-05-17 22:06:41 | INFO     | ss_crawler | [ssd_matcher] SSDMatcher initialized with 2450 SSDs
2026-05-17 22:06:41 | INFO     | ss_crawler | [psu_matcher] PSUMatcher initialized with 2895 PSU references
2026-05-17 22:06:41 | INFO     | ss_crawler | [case_matcher] CaseMatcher initialized with 5740 case references
2026-05-17 22:06:45 | INFO     | ss_crawler | [motherboard_matcher] MotherboardMatcher initialized with 5729 motherboards
2026-05-17 22:06:45 | INFO     | ss_crawler | [computer_matcher] ComputerMatcher initialized: 5320 CPUs, 631 GPUs, 5284 RAMs, 2450 SSDs, 2895 PSUs, 5740 Cases, 5729 Motherboards
2026-05-17 22:07:24 | INFO     | ss_crawler | [database] Database connected: localhost:5433/ss_market
2026-05-17 22:07:24 | INFO     | ss_crawler | [crawler] Fetching test: https://www.ss.com/msg/lv/electronics/computers/pc/kffjp.html
2026-05-17 22:07:27 | INFO     | ss_crawler | [cpu_matcher] CPUMatcher initialized with 5320 CPUs
2026-05-17 22:07:28 | INFO     | ss_crawler | [matcher] GPUMatcher initialized with 631 GPUs
2026-05-17 22:07:28 | INFO     | ss_crawler | [ram_matcher] RAMMatcher initialized with 5284 RAM references
2026-05-17 22:07:28 | INFO     | ss_crawler | [ssd_matcher] SSDMatcher initialized with 2450 SSDs
2026-05-17 22:07:29 | INFO     | ss_crawler | [psu_matcher] PSUMatcher initialized with 2895 PSU references
2026-05-17 22:07:29 | INFO     | ss_crawler | [case_matcher] CaseMatcher initialized with 5740 case references
2026-05-17 22:07:31 | INFO     | ss_crawler | [motherboard_matcher] MotherboardMatcher initialized with 5729 motherboards
2026-05-17 22:07:31 | INFO     | ss_crawler | [computer_matcher] ComputerMatcher initialized: 5320 CPUs, 631 GPUs, 5284 RAMs, 2450 SSDs, 2895 PSUs, 5740 Cases, 5729 Motherboards
2026-05-17 22:08:16 | INFO     | ss_crawler | [computer_scraper] Initializing computer scraper...
2026-05-17 22:08:16 | INFO     | ss_crawler | [database] Database connected: localhost:5433/ss_market
2026-05-17 22:08:16 | INFO     | ss_crawler | [computer_scraper] Database: postgresql+psycopg2://crawler:crawler_pass@localhost:5433/ss_market
2026-05-17 22:08:17 | INFO     | ss_crawler | [cpu_matcher] CPUMatcher initialized with 5320 CPUs
2026-05-17 22:08:17 | INFO     | ss_crawler | [matcher] GPUMatcher initialized with 631 GPUs
2026-05-17 22:08:18 | INFO     | ss_crawler | [ram_matcher] RAMMatcher initialized with 5284 RAM references
2026-05-17 22:08:18 | INFO     | ss_crawler | [ssd_matcher] SSDMatcher initialized with 2450 SSDs
2026-05-17 22:08:18 | INFO     | ss_crawler | [psu_matcher] PSUMatcher initialized with 2895 PSU references
2026-05-17 22:08:19 | INFO     | ss_crawler | [case_matcher] CaseMatcher initialized with 5740 case references
2026-05-17 22:08:23 | INFO     | ss_crawler | [motherboard_matcher] MotherboardMatcher initialized with 5729 motherboards
2026-05-17 22:08:23 | INFO     | ss_crawler | [computer_matcher] ComputerMatcher initialized: 5320 CPUs, 631 GPUs, 5284 RAMs, 2450 SSDs, 2895 PSUs, 5740 Cases, 5729 Motherboards
2026-05-17 22:08:23 | INFO     | ss_crawler | [computer_scraper] Loaded references: 5320 CPUs, 631 GPUs, 5284 RAMs, 2450 SSDs, 2895 PSUs, 5740 Cases, 5729 Motherboards
2026-05-17 22:08:23 | INFO     | ss_crawler | [computer_scraper] Initializing computer scraper...
2026-05-17 22:08:23 | INFO     | ss_crawler | [database] Database connected: localhost:5433/ss_market
2026-05-17 22:08:23 | INFO     | ss_crawler | [computer_scraper] Database: postgresql+psycopg2://crawler:crawler_pass@localhost:5433/ss_market
2026-05-17 22:08:24 | INFO     | ss_crawler | [cpu_matcher] CPUMatcher initialized with 5320 CPUs
2026-05-17 22:08:24 | INFO     | ss_crawler | [matcher] GPUMatcher initialized with 631 GPUs
2026-05-17 22:08:25 | INFO     | ss_crawler | [ram_matcher] RAMMatcher initialized with 5284 RAM references
2026-05-17 22:08:25 | INFO     | ss_crawler | [ssd_matcher] SSDMatcher initialized with 2450 SSDs
2026-05-17 22:08:25 | INFO     | ss_crawler | [psu_matcher] PSUMatcher initialized with 2895 PSU references
2026-05-17 22:08:26 | INFO     | ss_crawler | [case_matcher] CaseMatcher initialized with 5740 case references
2026-05-17 22:08:29 | INFO     | ss_crawler | [motherboard_matcher] MotherboardMatcher initialized with 5729 motherboards
2026-05-17 22:08:29 | INFO     | ss_crawler | [computer_matcher] ComputerMatcher initialized: 5320 CPUs, 631 GPUs, 5284 RAMs, 2450 SSDs, 2895 PSUs, 5740 Cases, 5729 Motherboards
2026-05-17 22:08:29 | INFO     | ss_crawler | [computer_scraper] Loaded references: 5320 CPUs, 631 GPUs, 5284 RAMs, 2450 SSDs, 2895 PSUs, 5740 Cases, 5729 Motherboards
2026-05-17 22:08:29 | INFO     | ss_crawler | [crawler] Fetching single computer listing: https://www.ss.com/msg/lv/electronics/computers/pc/kffjp.html
2026-05-17 22:08:31 | INFO     | ss_crawler | [computer_scraper] Single scrape result: new - New: Datori un orgtehnika/Datori/ Pārdod...
2026-05-17 22:08:58 | INFO     | ss_crawler | [psu_matcher] PSUMatcher initialized with 2895 PSU references
2026-05-17 22:11:06 | INFO     | ss_crawler | [psu_matcher] PSUMatcher initialized with 2895 PSU references
2026-05-17 22:11:37 | INFO     | ss_crawler | [computer_scraper] Initializing computer scraper...
2026-05-17 22:11:37 | INFO     | ss_crawler | [database] Database connected: localhost:5433/ss_market
2026-05-17 22:11:37 | INFO     | ss_crawler | [computer_scraper] Database: postgresql+psycopg2://crawler:crawler_pass@localhost:5433/ss_market
2026-05-17 22:11:38 | INFO     | ss_crawler | [cpu_matcher] CPUMatcher initialized with 5320 CPUs
2026-05-17 22:11:38 | INFO     | ss_crawler | [matcher] GPUMatcher initialized with 631 GPUs
2026-05-17 22:11:38 | INFO     | ss_crawler | [ram_matcher] RAMMatcher initialized with 5284 RAM references
2026-05-17 22:11:38 | INFO     | ss_crawler | [ssd_matcher] SSDMatcher initialized with 2450 SSDs
2026-05-17 22:11:39 | INFO     | ss_crawler | [psu_matcher] PSUMatcher initialized with 2895 PSU references
2026-05-17 22:11:39 | INFO     | ss_crawler | [case_matcher] CaseMatcher initialized with 5740 case references
2026-05-17 22:11:41 | INFO     | ss_crawler | [motherboard_matcher] MotherboardMatcher initialized with 5729 motherboards
2026-05-17 22:11:41 | INFO     | ss_crawler | [computer_matcher] ComputerMatcher initialized: 5320 CPUs, 631 GPUs, 5284 RAMs, 2450 SSDs, 2895 PSUs, 5740 Cases, 5729 Motherboards
2026-05-17 22:11:41 | INFO     | ss_crawler | [computer_scraper] Loaded references: 5320 CPUs, 631 GPUs, 5284 RAMs, 2450 SSDs, 2895 PSUs, 5740 Cases, 5729 Motherboards
2026-05-17 22:11:41 | INFO     | ss_crawler | [computer_scraper] Initializing computer scraper...
2026-05-17 22:11:41 | INFO     | ss_crawler | [database] Database connected: localhost:5433/ss_market
2026-05-17 22:11:41 | INFO     | ss_crawler | [computer_scraper] Database: postgresql+psycopg2://crawler:crawler_pass@localhost:5433/ss_market
2026-05-17 22:11:42 | INFO     | ss_crawler | [cpu_matcher] CPUMatcher initialized with 5320 CPUs
2026-05-17 22:11:42 | INFO     | ss_crawler | [matcher] GPUMatcher initialized with 631 GPUs
2026-05-17 22:11:43 | INFO     | ss_crawler | [ram_matcher] RAMMatcher initialized with 5284 RAM references
2026-05-17 22:11:43 | INFO     | ss_crawler | [ssd_matcher] SSDMatcher initialized with 2450 SSDs
2026-05-17 22:11:43 | INFO     | ss_crawler | [psu_matcher] PSUMatcher initialized with 2895 PSU references
2026-05-17 22:11:44 | INFO     | ss_crawler | [case_matcher] CaseMatcher initialized with 5740 case references
2026-05-17 22:11:46 | INFO     | ss_crawler | [motherboard_matcher] MotherboardMatcher initialized with 5729 motherboards
2026-05-17 22:11:46 | INFO     | ss_crawler | [computer_matcher] ComputerMatcher initialized: 5320 CPUs, 631 GPUs, 5284 RAMs, 2450 SSDs, 2895 PSUs, 5740 Cases, 5729 Motherboards
2026-05-17 22:11:46 | INFO     | ss_crawler | [computer_scraper] Loaded references: 5320 CPUs, 631 GPUs, 5284 RAMs, 2450 SSDs, 2895 PSUs, 5740 Cases, 5729 Motherboards
2026-05-17 22:11:46 | INFO     | ss_crawler | [crawler] Fetching single computer listing: https://www.ss.com/msg/lv/electronics/computers/pc/kffjp.html
2026-05-17 22:11:49 | INFO     | ss_crawler | [computer_scraper] Single scrape result: new - New: Datori un orgtehnika/Datori/ Pārdod...
2026-05-17 22:12:10 | INFO     | ss_crawler | [psu_matcher] PSUMatcher initialized with 2895 PSU references
2026-05-17 22:16:16 | INFO     | ss_crawler | [computer_scraper] Initializing computer scraper...
2026-05-17 22:16:17 | INFO     | ss_crawler | [database] Database connected: localhost:5433/ss_market
2026-05-17 22:16:17 | INFO     | ss_crawler | [computer_scraper] Database: postgresql+psycopg2://crawler:crawler_pass@localhost:5433/ss_market
2026-05-17 22:16:18 | INFO     | ss_crawler | [cpu_matcher] CPUMatcher initialized with 5320 CPUs
2026-05-17 22:16:18 | INFO     | ss_crawler | [matcher] GPUMatcher initialized with 631 GPUs
2026-05-17 22:16:19 | INFO     | ss_crawler | [ram_matcher] RAMMatcher initialized with 5284 RAM references
2026-05-17 22:16:19 | INFO     | ss_crawler | [ssd_matcher] SSDMatcher initialized with 2450 SSDs
2026-05-17 22:16:19 | INFO     | ss_crawler | [psu_matcher] PSUMatcher initialized with 2895 PSU references
2026-05-17 22:16:20 | INFO     | ss_crawler | [case_matcher] CaseMatcher initialized with 5740 case references
2026-05-17 22:16:22 | INFO     | ss_crawler | [motherboard_matcher] MotherboardMatcher initialized with 5729 motherboards
2026-05-17 22:16:22 | INFO     | ss_crawler | [computer_matcher] ComputerMatcher initialized: 5320 CPUs, 631 GPUs, 5284 RAMs, 2450 SSDs, 2895 PSUs, 5740 Cases, 5729 Motherboards
2026-05-17 22:16:22 | INFO     | ss_crawler | [computer_scraper] Loaded references: 5320 CPUs, 631 GPUs, 5284 RAMs, 2450 SSDs, 2895 PSUs, 5740 Cases, 5729 Motherboards
2026-05-17 22:16:22 | INFO     | ss_crawler | [computer_scraper] Initializing computer scraper...
2026-05-17 22:16:22 | INFO     | ss_crawler | [database] Database connected: localhost:5433/ss_market
2026-05-17 22:16:22 | INFO     | ss_crawler | [computer_scraper] Database: postgresql+psycopg2://crawler:crawler_pass@localhost:5433/ss_market
2026-05-17 22:16:24 | INFO     | ss_crawler | [cpu_matcher] CPUMatcher initialized with 5320 CPUs
2026-05-17 22:16:24 | INFO     | ss_crawler | [matcher] GPUMatcher initialized with 631 GPUs
2026-05-17 22:16:24 | INFO     | ss_crawler | [ram_matcher] RAMMatcher initialized with 5284 RAM references
2026-05-17 22:16:25 | INFO     | ss_crawler | [ssd_matcher] SSDMatcher initialized with 2450 SSDs
2026-05-17 22:16:25 | INFO     | ss_crawler | [psu_matcher] PSUMatcher initialized with 2895 PSU references
2026-05-17 22:16:25 | INFO     | ss_crawler | [case_matcher] CaseMatcher initialized with 5740 case references
2026-05-17 22:16:28 | INFO     | ss_crawler | [motherboard_matcher] MotherboardMatcher initialized with 5729 motherboards
2026-05-17 22:16:28 | INFO     | ss_crawler | [computer_matcher] ComputerMatcher initialized: 5320 CPUs, 631 GPUs, 5284 RAMs, 2450 SSDs, 2895 PSUs, 5740 Cases, 5729 Motherboards
2026-05-17 22:16:28 | INFO     | ss_crawler | [computer_scraper] Loaded references: 5320 CPUs, 631 GPUs, 5284 RAMs, 2450 SSDs, 2895 PSUs, 5740 Cases, 5729 Motherboards
2026-05-17 22:16:28 | INFO     | ss_crawler | [crawler] Fetching single computer listing: https://www.ss.com/msg/lv/electronics/computers/pc/kffjp.html
2026-05-17 22:17:04 | INFO     | ss_crawler | [computer_scraper] Initializing computer scraper...
2026-05-17 22:17:04 | INFO     | ss_crawler | [database] Database connected: localhost:5433/ss_market
2026-05-17 22:17:04 | INFO     | ss_crawler | [computer_scraper] Database: postgresql+psycopg2://crawler:crawler_pass@localhost:5433/ss_market
2026-05-17 22:17:05 | INFO     | ss_crawler | [cpu_matcher] CPUMatcher initialized with 5320 CPUs
2026-05-17 22:17:05 | INFO     | ss_crawler | [matcher] GPUMatcher initialized with 631 GPUs
2026-05-17 22:17:06 | INFO     | ss_crawler | [ram_matcher] RAMMatcher initialized with 5284 RAM references
2026-05-17 22:17:06 | INFO     | ss_crawler | [ssd_matcher] SSDMatcher initialized with 2450 SSDs
2026-05-17 22:17:07 | INFO     | ss_crawler | [psu_matcher] PSUMatcher initialized with 2895 PSU references
2026-05-17 22:17:07 | INFO     | ss_crawler | [case_matcher] CaseMatcher initialized with 5740 case references
2026-05-17 22:17:10 | INFO     | ss_crawler | [motherboard_matcher] MotherboardMatcher initialized with 5729 motherboards
2026-05-17 22:17:10 | INFO     | ss_crawler | [computer_matcher] ComputerMatcher initialized: 5320 CPUs, 631 GPUs, 5284 RAMs, 2450 SSDs, 2895 PSUs, 5740 Cases, 5729 Motherboards
2026-05-17 22:17:10 | INFO     | ss_crawler | [computer_scraper] Loaded references: 5320 CPUs, 631 GPUs, 5284 RAMs, 2450 SSDs, 2895 PSUs, 5740 Cases, 5729 Motherboards
2026-05-17 22:17:10 | INFO     | ss_crawler | [computer_scraper] Initializing computer scraper...
2026-05-17 22:17:10 | INFO     | ss_crawler | [database] Database connected: localhost:5433/ss_market
2026-05-17 22:17:10 | INFO     | ss_crawler | [computer_scraper] Database: postgresql+psycopg2://crawler:crawler_pass@localhost:5433/ss_market
2026-05-17 22:17:11 | INFO     | ss_crawler | [cpu_matcher] CPUMatcher initialized with 5320 CPUs
2026-05-17 22:17:11 | INFO     | ss_crawler | [matcher] GPUMatcher initialized with 631 GPUs
2026-05-17 22:17:11 | INFO     | ss_crawler | [ram_matcher] RAMMatcher initialized with 5284 RAM references
2026-05-17 22:17:11 | INFO     | ss_crawler | [ssd_matcher] SSDMatcher initialized with 2450 SSDs
2026-05-17 22:17:12 | INFO     | ss_crawler | [psu_matcher] PSUMatcher initialized with 2895 PSU references
2026-05-17 22:17:12 | INFO     | ss_crawler | [case_matcher] CaseMatcher initialized with 5740 case references
2026-05-17 22:17:14 | INFO     | ss_crawler | [motherboard_matcher] MotherboardMatcher initialized with 5729 motherboards
2026-05-17 22:17:14 | INFO     | ss_crawler | [computer_matcher] ComputerMatcher initialized: 5320 CPUs, 631 GPUs, 5284 RAMs, 2450 SSDs, 2895 PSUs, 5740 Cases, 5729 Motherboards
2026-05-17 22:17:14 | INFO     | ss_crawler | [computer_scraper] Loaded references: 5320 CPUs, 631 GPUs, 5284 RAMs, 2450 SSDs, 2895 PSUs, 5740 Cases, 5729 Motherboards
2026-05-17 22:17:14 | INFO     | ss_crawler | [crawler] Fetching single computer listing: https://www.ss.com/msg/lv/electronics/computers/pc/kffjp.html
2026-05-17 22:17:18 | INFO     | ss_crawler | [computer_scraper] Single scrape result: new - New: Datori un orgtehnika/Datori/ Pārdod...
2026-05-17 22:17:58 | INFO     | ss_crawler | [psu_matcher] PSUMatcher initialized with 2 PSU references
2026-05-17 22:18:22 | INFO     | ss_crawler | [computer_scraper] Initializing computer scraper...
2026-05-17 22:18:22 | INFO     | ss_crawler | [database] Database connected: localhost:5433/ss_market
2026-05-17 22:18:22 | INFO     | ss_crawler | [computer_scraper] Database: postgresql+psycopg2://crawler:crawler_pass@localhost:5433/ss_market
2026-05-17 22:18:23 | INFO     | ss_crawler | [cpu_matcher] CPUMatcher initialized with 5320 CPUs
2026-05-17 22:18:23 | INFO     | ss_crawler | [matcher] GPUMatcher initialized with 631 GPUs
2026-05-17 22:18:24 | INFO     | ss_crawler | [ram_matcher] RAMMatcher initialized with 5284 RAM references
2026-05-17 22:18:24 | INFO     | ss_crawler | [ssd_matcher] SSDMatcher initialized with 2450 SSDs
2026-05-17 22:18:24 | INFO     | ss_crawler | [psu_matcher] PSUMatcher initialized with 2895 PSU references
2026-05-17 22:18:25 | INFO     | ss_crawler | [case_matcher] CaseMatcher initialized with 5740 case references
2026-05-17 22:18:27 | INFO     | ss_crawler | [motherboard_matcher] MotherboardMatcher initialized with 5729 motherboards
2026-05-17 22:18:27 | INFO     | ss_crawler | [computer_matcher] ComputerMatcher initialized: 5320 CPUs, 631 GPUs, 5284 RAMs, 2450 SSDs, 2895 PSUs, 5740 Cases, 5729 Motherboards
2026-05-17 22:18:27 | INFO     | ss_crawler | [computer_scraper] Loaded references: 5320 CPUs, 631 GPUs, 5284 RAMs, 2450 SSDs, 2895 PSUs, 5740 Cases, 5729 Motherboards
2026-05-17 22:18:27 | INFO     | ss_crawler | [computer_scraper] Initializing computer scraper...
2026-05-17 22:18:27 | INFO     | ss_crawler | [database] Database connected: localhost:5433/ss_market
2026-05-17 22:18:27 | INFO     | ss_crawler | [computer_scraper] Database: postgresql+psycopg2://crawler:crawler_pass@localhost:5433/ss_market
2026-05-17 22:18:28 | INFO     | ss_crawler | [cpu_matcher] CPUMatcher initialized with 5320 CPUs
2026-05-17 22:18:28 | INFO     | ss_crawler | [matcher] GPUMatcher initialized with 631 GPUs
2026-05-17 22:18:28 | INFO     | ss_crawler | [ram_matcher] RAMMatcher initialized with 5284 RAM references
2026-05-17 22:18:28 | INFO     | ss_crawler | [ssd_matcher] SSDMatcher initialized with 2450 SSDs
2026-05-17 22:18:28 | INFO     | ss_crawler | [psu_matcher] PSUMatcher initialized with 2895 PSU references
2026-05-17 22:18:29 | INFO     | ss_crawler | [case_matcher] CaseMatcher initialized with 5740 case references
2026-05-17 22:18:30 | INFO     | ss_crawler | [motherboard_matcher] MotherboardMatcher initialized with 5729 motherboards
2026-05-17 22:18:30 | INFO     | ss_crawler | [computer_matcher] ComputerMatcher initialized: 5320 CPUs, 631 GPUs, 5284 RAMs, 2450 SSDs, 2895 PSUs, 5740 Cases, 5729 Motherboards
2026-05-17 22:18:31 | INFO     | ss_crawler | [computer_scraper] Loaded references: 5320 CPUs, 631 GPUs, 5284 RAMs, 2450 SSDs, 2895 PSUs, 5740 Cases, 5729 Motherboards
2026-05-17 22:18:31 | INFO     | ss_crawler | [crawler] Fetching single computer listing: https://www.ss.com/msg/lv/electronics/computers/pc/kffjp.html
2026-05-17 22:18:34 | INFO     | ss_crawler | [computer_scraper] Single scrape result: new - New: Datori un orgtehnika/Datori/ Pārdod...
2026-05-17 22:18:58 | INFO     | ss_crawler | [psu_matcher] PSUMatcher initialized with 2895 PSU references
2026-05-17 22:19:40 | INFO     | ss_crawler | [computer_scraper] Initializing computer scraper...
2026-05-17 22:19:40 | INFO     | ss_crawler | [database] Database connected: localhost:5433/ss_market
2026-05-17 22:19:40 | INFO     | ss_crawler | [computer_scraper] Database: postgresql+psycopg2://crawler:crawler_pass@localhost:5433/ss_market
2026-05-17 22:19:41 | INFO     | ss_crawler | [cpu_matcher] CPUMatcher initialized with 5320 CPUs
2026-05-17 22:19:41 | INFO     | ss_crawler | [matcher] GPUMatcher initialized with 631 GPUs
2026-05-17 22:19:41 | INFO     | ss_crawler | [ram_matcher] RAMMatcher initialized with 5284 RAM references
2026-05-17 22:19:42 | INFO     | ss_crawler | [ssd_matcher] SSDMatcher initialized with 2450 SSDs
2026-05-17 22:19:42 | INFO     | ss_crawler | [psu_matcher] PSUMatcher initialized with 2895 PSU references
2026-05-17 22:19:42 | INFO     | ss_crawler | [case_matcher] CaseMatcher initialized with 5740 case references
2026-05-17 22:19:45 | INFO     | ss_crawler | [motherboard_matcher] MotherboardMatcher initialized with 5729 motherboards
2026-05-17 22:19:45 | INFO     | ss_crawler | [computer_matcher] ComputerMatcher initialized: 5320 CPUs, 631 GPUs, 5284 RAMs, 2450 SSDs, 2895 PSUs, 5740 Cases, 5729 Motherboards
2026-05-17 22:19:45 | INFO     | ss_crawler | [computer_scraper] Loaded references: 5320 CPUs, 631 GPUs, 5284 RAMs, 2450 SSDs, 2895 PSUs, 5740 Cases, 5729 Motherboards
2026-05-17 22:19:45 | INFO     | ss_crawler | [computer_scraper] Initializing computer scraper...
2026-05-17 22:19:45 | INFO     | ss_crawler | [database] Database connected: localhost:5433/ss_market
2026-05-17 22:19:45 | INFO     | ss_crawler | [computer_scraper] Database: postgresql+psycopg2://crawler:crawler_pass@localhost:5433/ss_market
2026-05-17 22:19:46 | INFO     | ss_crawler | [cpu_matcher] CPUMatcher initialized with 5320 CPUs
2026-05-17 22:19:46 | INFO     | ss_crawler | [matcher] GPUMatcher initialized with 631 GPUs
2026-05-17 22:19:46 | INFO     | ss_crawler | [ram_matcher] RAMMatcher initialized with 5284 RAM references
2026-05-17 22:19:47 | INFO     | ss_crawler | [ssd_matcher] SSDMatcher initialized with 2450 SSDs
2026-05-17 22:19:47 | INFO     | ss_crawler | [psu_matcher] PSUMatcher initialized with 2895 PSU references
2026-05-17 22:19:47 | INFO     | ss_crawler | [case_matcher] CaseMatcher initialized with 5740 case references
2026-05-17 22:19:49 | INFO     | ss_crawler | [motherboard_matcher] MotherboardMatcher initialized with 5729 motherboards
2026-05-17 22:19:49 | INFO     | ss_crawler | [computer_matcher] ComputerMatcher initialized: 5320 CPUs, 631 GPUs, 5284 RAMs, 2450 SSDs, 2895 PSUs, 5740 Cases, 5729 Motherboards
2026-05-17 22:19:49 | INFO     | ss_crawler | [computer_scraper] Loaded references: 5320 CPUs, 631 GPUs, 5284 RAMs, 2450 SSDs, 2895 PSUs, 5740 Cases, 5729 Motherboards
2026-05-17 22:19:49 | INFO     | ss_crawler | [crawler] Fetching single computer listing: https://www.ss.com/msg/lv/electronics/computers/pc/kffjp.html
2026-05-17 22:19:53 | INFO     | ss_crawler | [computer_scraper] Single scrape result: new - New: Datori un orgtehnika/Datori/ Pārdod...
2026-05-17 22:20:26 | INFO     | ss_crawler | [psu_matcher] PSUMatcher initialized with 2895 PSU references
2026-05-17 22:21:01 | INFO     | ss_crawler | [psu_matcher] PSUMatcher initialized with 2895 PSU references
2026-05-17 22:21:36 | INFO     | ss_crawler | [psu_matcher] PSUMatcher initialized with 2895 PSU references
2026-05-17 22:21:57 | INFO     | ss_crawler | [psu_matcher] PSUMatcher initialized with 2895 PSU references
2026-05-17 22:22:27 | INFO     | ss_crawler | [computer_scraper] Initializing computer scraper...
2026-05-17 22:22:27 | INFO     | ss_crawler | [database] Database connected: localhost:5433/ss_market
2026-05-17 22:22:27 | INFO     | ss_crawler | [computer_scraper] Database: postgresql+psycopg2://crawler:crawler_pass@localhost:5433/ss_market
2026-05-17 22:22:28 | INFO     | ss_crawler | [cpu_matcher] CPUMatcher initialized with 5320 CPUs
2026-05-17 22:22:28 | INFO     | ss_crawler | [matcher] GPUMatcher initialized with 631 GPUs
2026-05-17 22:22:29 | INFO     | ss_crawler | [ram_matcher] RAMMatcher initialized with 5284 RAM references
2026-05-17 22:22:29 | INFO     | ss_crawler | [ssd_matcher] SSDMatcher initialized with 2450 SSDs
2026-05-17 22:22:29 | INFO     | ss_crawler | [psu_matcher] PSUMatcher initialized with 2895 PSU references
2026-05-17 22:22:30 | INFO     | ss_crawler | [case_matcher] CaseMatcher initialized with 5740 case references
2026-05-17 22:22:32 | INFO     | ss_crawler | [motherboard_matcher] MotherboardMatcher initialized with 5729 motherboards
2026-05-17 22:22:32 | INFO     | ss_crawler | [computer_matcher] ComputerMatcher initialized: 5320 CPUs, 631 GPUs, 5284 RAMs, 2450 SSDs, 2895 PSUs, 5740 Cases, 5729 Motherboards
2026-05-17 22:22:32 | INFO     | ss_crawler | [computer_scraper] Loaded references: 5320 CPUs, 631 GPUs, 5284 RAMs, 2450 SSDs, 2895 PSUs, 5740 Cases, 5729 Motherboards
2026-05-17 22:22:32 | INFO     | ss_crawler | [computer_scraper] Initializing computer scraper...
2026-05-17 22:22:32 | INFO     | ss_crawler | [database] Database connected: localhost:5433/ss_market
2026-05-17 22:22:32 | INFO     | ss_crawler | [computer_scraper] Database: postgresql+psycopg2://crawler:crawler_pass@localhost:5433/ss_market
2026-05-17 22:22:35 | INFO     | ss_crawler | [cpu_matcher] CPUMatcher initialized with 5320 CPUs
2026-05-17 22:22:35 | INFO     | ss_crawler | [matcher] GPUMatcher initialized with 631 GPUs
2026-05-17 22:22:35 | INFO     | ss_crawler | [ram_matcher] RAMMatcher initialized with 5284 RAM references
2026-05-17 22:22:35 | INFO     | ss_crawler | [ssd_matcher] SSDMatcher initialized with 2450 SSDs
2026-05-17 22:22:36 | INFO     | ss_crawler | [psu_matcher] PSUMatcher initialized with 2895 PSU references
2026-05-17 22:22:36 | INFO     | ss_crawler | [case_matcher] CaseMatcher initialized with 5740 case references
2026-05-17 22:22:39 | INFO     | ss_crawler | [motherboard_matcher] MotherboardMatcher initialized with 5729 motherboards
2026-05-17 22:22:39 | INFO     | ss_crawler | [computer_matcher] ComputerMatcher initialized: 5320 CPUs, 631 GPUs, 5284 RAMs, 2450 SSDs, 2895 PSUs, 5740 Cases, 5729 Motherboards
2026-05-17 22:22:39 | INFO     | ss_crawler | [computer_scraper] Loaded references: 5320 CPUs, 631 GPUs, 5284 RAMs, 2450 SSDs, 2895 PSUs, 5740 Cases, 5729 Motherboards
2026-05-17 22:22:39 | INFO     | ss_crawler | [crawler] Fetching single computer listing: https://www.ss.com/msg/lv/electronics/computers/pc/kffjp.html
2026-05-17 22:22:41 | INFO     | ss_crawler | [computer_scraper] Single scrape result: new - New: Datori un orgtehnika/Datori/ Pārdod...
2026-05-17 22:39:34 | INFO     | ss_crawler | [computer_scraper] Initializing computer scraper...
2026-05-17 22:39:34 | INFO     | ss_crawler | [database] Database connected: localhost:5433/ss_market
2026-05-17 22:39:34 | INFO     | ss_crawler | [computer_scraper] Database: postgresql+psycopg2://crawler:crawler_pass@localhost:5433/ss_market
2026-05-17 22:39:35 | INFO     | ss_crawler | [cpu_matcher] CPUMatcher initialized with 5320 CPUs
2026-05-17 22:39:35 | INFO     | ss_crawler | [matcher] GPUMatcher initialized with 631 GPUs
2026-05-17 22:39:36 | INFO     | ss_crawler | [ram_matcher] RAMMatcher initialized with 5284 RAM references
2026-05-17 22:39:36 | INFO     | ss_crawler | [ssd_matcher] SSDMatcher initialized with 2450 SSDs
2026-05-17 22:39:36 | INFO     | ss_crawler | [psu_matcher] PSUMatcher initialized with 2895 PSU references
2026-05-17 22:39:36 | INFO     | ss_crawler | [case_matcher] CaseMatcher initialized with 5740 case references
2026-05-17 22:39:38 | INFO     | ss_crawler | [motherboard_matcher] MotherboardMatcher initialized with 5729 motherboards
2026-05-17 22:39:38 | INFO     | ss_crawler | [computer_matcher] ComputerMatcher initialized: 5320 CPUs, 631 GPUs, 5284 RAMs, 2450 SSDs, 2895 PSUs, 5740 Cases, 5729 Motherboards
2026-05-17 22:39:38 | INFO     | ss_crawler | [computer_scraper] Loaded references: 5320 CPUs, 631 GPUs, 5284 RAMs, 2450 SSDs, 2895 PSUs, 5740 Cases, 5729 Motherboards
2026-05-17 22:39:38 | INFO     | ss_crawler | [computer_scraper] Initializing computer scraper...
2026-05-17 22:39:38 | INFO     | ss_crawler | [database] Database connected: localhost:5433/ss_market
2026-05-17 22:39:38 | INFO     | ss_crawler | [computer_scraper] Database: postgresql+psycopg2://crawler:crawler_pass@localhost:5433/ss_market
2026-05-17 22:39:40 | INFO     | ss_crawler | [cpu_matcher] CPUMatcher initialized with 5320 CPUs
2026-05-17 22:39:40 | INFO     | ss_crawler | [matcher] GPUMatcher initialized with 631 GPUs
2026-05-17 22:39:40 | INFO     | ss_crawler | [ram_matcher] RAMMatcher initialized with 5284 RAM references
2026-05-17 22:39:41 | INFO     | ss_crawler | [ssd_matcher] SSDMatcher initialized with 2450 SSDs
2026-05-17 22:39:41 | INFO     | ss_crawler | [psu_matcher] PSUMatcher initialized with 2895 PSU references
2026-05-17 22:39:41 | INFO     | ss_crawler | [case_matcher] CaseMatcher initialized with 5740 case references
2026-05-17 22:39:43 | INFO     | ss_crawler | [motherboard_matcher] MotherboardMatcher initialized with 5729 motherboards
2026-05-17 22:39:43 | INFO     | ss_crawler | [computer_matcher] ComputerMatcher initialized: 5320 CPUs, 631 GPUs, 5284 RAMs, 2450 SSDs, 2895 PSUs, 5740 Cases, 5729 Motherboards
2026-05-17 22:39:43 | INFO     | ss_crawler | [computer_scraper] Loaded references: 5320 CPUs, 631 GPUs, 5284 RAMs, 2450 SSDs, 2895 PSUs, 5740 Cases, 5729 Motherboards
2026-05-17 22:39:43 | INFO     | ss_crawler | [crawler] Fetching single computer listing: https://www.ss.com/msg/lv/electronics/computers/pc/kffjp.html
2026-05-17 22:39:46 | INFO     | ss_crawler | [computer_scraper] Single scrape result: unchanged - Unchanged: Datori un orgtehnika/Datori/ Pārdod...
2026-05-17 22:40:41 | INFO     | ss_crawler | [computer_scraper] Initializing computer scraper...
2026-05-17 22:40:41 | INFO     | ss_crawler | [database] Database connected: localhost:5433/ss_market
2026-05-17 22:40:41 | INFO     | ss_crawler | [computer_scraper] Database: postgresql+psycopg2://crawler:crawler_pass@localhost:5433/ss_market
2026-05-17 22:40:42 | INFO     | ss_crawler | [cpu_matcher] CPUMatcher initialized with 5320 CPUs
2026-05-17 22:40:42 | INFO     | ss_crawler | [matcher] GPUMatcher initialized with 631 GPUs
2026-05-17 22:40:43 | INFO     | ss_crawler | [ram_matcher] RAMMatcher initialized with 5284 RAM references
2026-05-17 22:40:43 | INFO     | ss_crawler | [ssd_matcher] SSDMatcher initialized with 2450 SSDs
2026-05-17 22:40:43 | INFO     | ss_crawler | [psu_matcher] PSUMatcher initialized with 2895 PSU references
2026-05-17 22:40:44 | INFO     | ss_crawler | [case_matcher] CaseMatcher initialized with 5740 case references
2026-05-17 22:40:46 | INFO     | ss_crawler | [motherboard_matcher] MotherboardMatcher initialized with 5729 motherboards
2026-05-17 22:40:46 | INFO     | ss_crawler | [computer_matcher] ComputerMatcher initialized: 5320 CPUs, 631 GPUs, 5284 RAMs, 2450 SSDs, 2895 PSUs, 5740 Cases, 5729 Motherboards
2026-05-17 22:40:46 | INFO     | ss_crawler | [computer_scraper] Loaded references: 5320 CPUs, 631 GPUs, 5284 RAMs, 2450 SSDs, 2895 PSUs, 5740 Cases, 5729 Motherboards
2026-05-17 22:40:46 | INFO     | ss_crawler | [computer_scraper] Initializing computer scraper...
2026-05-17 22:40:46 | INFO     | ss_crawler | [database] Database connected: localhost:5433/ss_market
2026-05-17 22:40:46 | INFO     | ss_crawler | [computer_scraper] Database: postgresql+psycopg2://crawler:crawler_pass@localhost:5433/ss_market
2026-05-17 22:40:47 | INFO     | ss_crawler | [cpu_matcher] CPUMatcher initialized with 5320 CPUs
2026-05-17 22:40:47 | INFO     | ss_crawler | [matcher] GPUMatcher initialized with 631 GPUs
2026-05-17 22:40:48 | INFO     | ss_crawler | [ram_matcher] RAMMatcher initialized with 5284 RAM references
2026-05-17 22:40:48 | INFO     | ss_crawler | [ssd_matcher] SSDMatcher initialized with 2450 SSDs
2026-05-17 22:40:48 | INFO     | ss_crawler | [psu_matcher] PSUMatcher initialized with 2895 PSU references
2026-05-17 22:40:49 | INFO     | ss_crawler | [case_matcher] CaseMatcher initialized with 5740 case references
2026-05-17 22:40:51 | INFO     | ss_crawler | [motherboard_matcher] MotherboardMatcher initialized with 5729 motherboards
2026-05-17 22:40:51 | INFO     | ss_crawler | [computer_matcher] ComputerMatcher initialized: 5320 CPUs, 631 GPUs, 5284 RAMs, 2450 SSDs, 2895 PSUs, 5740 Cases, 5729 Motherboards
2026-05-17 22:40:51 | INFO     | ss_crawler | [computer_scraper] Loaded references: 5320 CPUs, 631 GPUs, 5284 RAMs, 2450 SSDs, 2895 PSUs, 5740 Cases, 5729 Motherboards
2026-05-17 22:40:51 | INFO     | ss_crawler | [crawler] Fetching single computer listing: https://www.ss.com/msg/lv/electronics/computers/pc/gpbhl.html
2026-05-17 22:40:56 | INFO     | ss_crawler | [computer_scraper] Single scrape result: new - New: Datori un orgtehnika/Datori/ Pārdod...
2026-05-17 22:41:39 | INFO     | ss_crawler | [computer_scraper] Initializing computer scraper...
2026-05-17 22:41:39 | INFO     | ss_crawler | [database] Database connected: localhost:5433/ss_market
2026-05-17 22:41:39 | INFO     | ss_crawler | [computer_scraper] Database: postgresql+psycopg2://crawler:crawler_pass@localhost:5433/ss_market
2026-05-17 22:41:40 | INFO     | ss_crawler | [cpu_matcher] CPUMatcher initialized with 5320 CPUs
2026-05-17 22:41:40 | INFO     | ss_crawler | [matcher] GPUMatcher initialized with 631 GPUs
2026-05-17 22:41:40 | INFO     | ss_crawler | [ram_matcher] RAMMatcher initialized with 5284 RAM references
2026-05-17 22:41:41 | INFO     | ss_crawler | [ssd_matcher] SSDMatcher initialized with 2450 SSDs
2026-05-17 22:41:41 | INFO     | ss_crawler | [psu_matcher] PSUMatcher initialized with 2895 PSU references
2026-05-17 22:41:41 | INFO     | ss_crawler | [case_matcher] CaseMatcher initialized with 5740 case references
2026-05-17 22:41:44 | INFO     | ss_crawler | [motherboard_matcher] MotherboardMatcher initialized with 5729 motherboards
2026-05-17 22:41:44 | INFO     | ss_crawler | [computer_matcher] ComputerMatcher initialized: 5320 CPUs, 631 GPUs, 5284 RAMs, 2450 SSDs, 2895 PSUs, 5740 Cases, 5729 Motherboards
2026-05-17 22:41:44 | INFO     | ss_crawler | [computer_scraper] Loaded references: 5320 CPUs, 631 GPUs, 5284 RAMs, 2450 SSDs, 2895 PSUs, 5740 Cases, 5729 Motherboards
2026-05-17 22:41:44 | INFO     | ss_crawler | [computer_scraper] Initializing computer scraper...
2026-05-17 22:41:44 | INFO     | ss_crawler | [database] Database connected: localhost:5433/ss_market
2026-05-17 22:41:44 | INFO     | ss_crawler | [computer_scraper] Database: postgresql+psycopg2://crawler:crawler_pass@localhost:5433/ss_market
2026-05-17 22:41:45 | INFO     | ss_crawler | [cpu_matcher] CPUMatcher initialized with 5320 CPUs
2026-05-17 22:41:45 | INFO     | ss_crawler | [matcher] GPUMatcher initialized with 631 GPUs
2026-05-17 22:41:46 | INFO     | ss_crawler | [ram_matcher] RAMMatcher initialized with 5284 RAM references
2026-05-17 22:41:46 | INFO     | ss_crawler | [ssd_matcher] SSDMatcher initialized with 2450 SSDs
2026-05-17 22:41:46 | INFO     | ss_crawler | [psu_matcher] PSUMatcher initialized with 2895 PSU references
2026-05-17 22:41:47 | INFO     | ss_crawler | [case_matcher] CaseMatcher initialized with 5740 case references
2026-05-17 22:41:49 | INFO     | ss_crawler | [motherboard_matcher] MotherboardMatcher initialized with 5729 motherboards
2026-05-17 22:41:49 | INFO     | ss_crawler | [computer_matcher] ComputerMatcher initialized: 5320 CPUs, 631 GPUs, 5284 RAMs, 2450 SSDs, 2895 PSUs, 5740 Cases, 5729 Motherboards
2026-05-17 22:41:49 | INFO     | ss_crawler | [computer_scraper] Loaded references: 5320 CPUs, 631 GPUs, 5284 RAMs, 2450 SSDs, 2895 PSUs, 5740 Cases, 5729 Motherboards
2026-05-17 22:41:49 | INFO     | ss_crawler | [crawler] Fetching single computer listing: https://www.ss.com/msg/lv/electronics/computers/pc/hplnd.html
2026-05-17 22:41:54 | INFO     | ss_crawler | [computer_scraper] Single scrape result: new - New: Datori un orgtehnika/Datori/ Pārdod...
2026-05-17 22:48:15 | INFO     | ss_crawler | [computer_scraper] Initializing computer scraper...
2026-05-17 22:48:15 | INFO     | ss_crawler | [database] Database connected: localhost:5433/ss_market
2026-05-17 22:48:15 | INFO     | ss_crawler | [computer_scraper] Database: postgresql+psycopg2://crawler:crawler_pass@localhost:5433/ss_market
2026-05-17 22:48:16 | INFO     | ss_crawler | [cpu_matcher] CPUMatcher initialized with 5320 CPUs
2026-05-17 22:48:16 | INFO     | ss_crawler | [matcher] GPUMatcher initialized with 631 GPUs
2026-05-17 22:48:16 | INFO     | ss_crawler | [ram_matcher] RAMMatcher initialized with 5284 RAM references
2026-05-17 22:48:17 | INFO     | ss_crawler | [ssd_matcher] SSDMatcher initialized with 2450 SSDs
2026-05-17 22:48:17 | INFO     | ss_crawler | [psu_matcher] PSUMatcher initialized with 2895 PSU references
2026-05-17 22:48:17 | INFO     | ss_crawler | [case_matcher] CaseMatcher initialized with 5740 case references
2026-05-17 22:48:20 | INFO     | ss_crawler | [motherboard_matcher] MotherboardMatcher initialized with 5729 motherboards
2026-05-17 22:48:20 | INFO     | ss_crawler | [computer_matcher] ComputerMatcher initialized: 5320 CPUs, 631 GPUs, 5284 RAMs, 2450 SSDs, 2895 PSUs, 5740 Cases, 5729 Motherboards
2026-05-17 22:48:20 | INFO     | ss_crawler | [computer_scraper] Loaded references: 5320 CPUs, 631 GPUs, 5284 RAMs, 2450 SSDs, 2895 PSUs, 5740 Cases, 5729 Motherboards
2026-05-17 22:48:20 | INFO     | ss_crawler | [computer_scraper] Initializing computer scraper...
2026-05-17 22:48:20 | INFO     | ss_crawler | [database] Database connected: localhost:5433/ss_market
2026-05-17 22:48:20 | INFO     | ss_crawler | [computer_scraper] Database: postgresql+psycopg2://crawler:crawler_pass@localhost:5433/ss_market
2026-05-17 22:48:21 | INFO     | ss_crawler | [cpu_matcher] CPUMatcher initialized with 5320 CPUs
2026-05-17 22:48:21 | INFO     | ss_crawler | [matcher] GPUMatcher initialized with 631 GPUs
2026-05-17 22:48:21 | INFO     | ss_crawler | [ram_matcher] RAMMatcher initialized with 5284 RAM references
2026-05-17 22:48:22 | INFO     | ss_crawler | [ssd_matcher] SSDMatcher initialized with 2450 SSDs
2026-05-17 22:48:22 | INFO     | ss_crawler | [psu_matcher] PSUMatcher initialized with 2895 PSU references
2026-05-17 22:48:22 | INFO     | ss_crawler | [case_matcher] CaseMatcher initialized with 5740 case references
2026-05-17 22:48:24 | INFO     | ss_crawler | [motherboard_matcher] MotherboardMatcher initialized with 5729 motherboards
2026-05-17 22:48:24 | INFO     | ss_crawler | [computer_matcher] ComputerMatcher initialized: 5320 CPUs, 631 GPUs, 5284 RAMs, 2450 SSDs, 2895 PSUs, 5740 Cases, 5729 Motherboards
2026-05-17 22:48:24 | INFO     | ss_crawler | [computer_scraper] Loaded references: 5320 CPUs, 631 GPUs, 5284 RAMs, 2450 SSDs, 2895 PSUs, 5740 Cases, 5729 Motherboards
2026-05-17 22:48:24 | INFO     | ss_crawler | [crawler] Fetching single computer listing: https://www.ss.com/msg/lv/electronics/computers/pc/kffjp.html
2026-05-17 22:48:27 | INFO     | ss_crawler | [computer_scraper] Single scrape result: new - New: Datori un orgtehnika/Datori/ Pārdod...
2026-05-17 22:49:33 | INFO     | ss_crawler | [computer_scraper] Initializing computer scraper...
2026-05-17 22:49:33 | INFO     | ss_crawler | [database] Database connected: localhost:5433/ss_market
2026-05-17 22:49:33 | INFO     | ss_crawler | [computer_scraper] Database: postgresql+psycopg2://crawler:crawler_pass@localhost:5433/ss_market
2026-05-17 22:49:33 | INFO     | ss_crawler | [cpu_matcher] CPUMatcher initialized with 5320 CPUs
2026-05-17 22:49:33 | INFO     | ss_crawler | [matcher] GPUMatcher initialized with 631 GPUs
2026-05-17 22:49:34 | INFO     | ss_crawler | [ram_matcher] RAMMatcher initialized with 5284 RAM references
2026-05-17 22:49:34 | INFO     | ss_crawler | [ssd_matcher] SSDMatcher initialized with 2450 SSDs
2026-05-17 22:49:35 | INFO     | ss_crawler | [psu_matcher] PSUMatcher initialized with 2895 PSU references
2026-05-17 22:49:35 | INFO     | ss_crawler | [case_matcher] CaseMatcher initialized with 5740 case references
2026-05-17 22:49:37 | INFO     | ss_crawler | [motherboard_matcher] MotherboardMatcher initialized with 5729 motherboards
2026-05-17 22:49:37 | INFO     | ss_crawler | [computer_matcher] ComputerMatcher initialized: 5320 CPUs, 631 GPUs, 5284 RAMs, 2450 SSDs, 2895 PSUs, 5740 Cases, 5729 Motherboards
2026-05-17 22:49:37 | INFO     | ss_crawler | [computer_scraper] Loaded references: 5320 CPUs, 631 GPUs, 5284 RAMs, 2450 SSDs, 2895 PSUs, 5740 Cases, 5729 Motherboards
2026-05-17 22:49:37 | INFO     | ss_crawler | [computer_scraper] Initializing computer scraper...
2026-05-17 22:49:37 | INFO     | ss_crawler | [database] Database connected: localhost:5433/ss_market
2026-05-17 22:49:37 | INFO     | ss_crawler | [computer_scraper] Database: postgresql+psycopg2://crawler:crawler_pass@localhost:5433/ss_market
2026-05-17 22:49:39 | INFO     | ss_crawler | [cpu_matcher] CPUMatcher initialized with 5320 CPUs
2026-05-17 22:49:39 | INFO     | ss_crawler | [matcher] GPUMatcher initialized with 631 GPUs
2026-05-17 22:49:39 | INFO     | ss_crawler | [ram_matcher] RAMMatcher initialized with 5284 RAM references
2026-05-17 22:49:39 | INFO     | ss_crawler | [ssd_matcher] SSDMatcher initialized with 2450 SSDs
2026-05-17 22:49:39 | INFO     | ss_crawler | [psu_matcher] PSUMatcher initialized with 2895 PSU references
2026-05-17 22:49:40 | INFO     | ss_crawler | [case_matcher] CaseMatcher initialized with 5740 case references
2026-05-17 22:49:42 | INFO     | ss_crawler | [motherboard_matcher] MotherboardMatcher initialized with 5729 motherboards
2026-05-17 22:49:42 | INFO     | ss_crawler | [computer_matcher] ComputerMatcher initialized: 5320 CPUs, 631 GPUs, 5284 RAMs, 2450 SSDs, 2895 PSUs, 5740 Cases, 5729 Motherboards
2026-05-17 22:49:42 | INFO     | ss_crawler | [computer_scraper] Loaded references: 5320 CPUs, 631 GPUs, 5284 RAMs, 2450 SSDs, 2895 PSUs, 5740 Cases, 5729 Motherboards
2026-05-17 22:49:42 | INFO     | ss_crawler | [crawler] Fetching single computer listing: https://www.ss.com/msg/lv/electronics/computers/pc/kffjp.html
2026-05-17 22:49:44 | INFO     | ss_crawler | [computer_scraper] Single scrape result: new - New: Datori un orgtehnika/Datori/ Pārdod...
2026-05-17 22:51:46 | INFO     | ss_crawler | [computer_scraper] Initializing computer scraper...
2026-05-17 22:51:47 | INFO     | ss_crawler | [database] Database connected: localhost:5433/ss_market
2026-05-17 22:51:47 | INFO     | ss_crawler | [computer_scraper] Database: postgresql+psycopg2://crawler:crawler_pass@localhost:5433/ss_market
2026-05-17 22:51:48 | INFO     | ss_crawler | [cpu_matcher] CPUMatcher initialized with 5320 CPUs
2026-05-17 22:51:48 | INFO     | ss_crawler | [matcher] GPUMatcher initialized with 631 GPUs
2026-05-17 22:51:48 | INFO     | ss_crawler | [ram_matcher] RAMMatcher initialized with 5284 RAM references
2026-05-17 22:51:49 | INFO     | ss_crawler | [ssd_matcher] SSDMatcher initialized with 2450 SSDs
2026-05-17 22:51:49 | INFO     | ss_crawler | [psu_matcher] PSUMatcher initialized with 2895 PSU references
2026-05-17 22:51:49 | INFO     | ss_crawler | [case_matcher] CaseMatcher initialized with 5740 case references
2026-05-17 22:51:51 | INFO     | ss_crawler | [motherboard_matcher] MotherboardMatcher initialized with 5729 motherboards
2026-05-17 22:51:51 | INFO     | ss_crawler | [computer_matcher] ComputerMatcher initialized: 5320 CPUs, 631 GPUs, 5284 RAMs, 2450 SSDs, 2895 PSUs, 5740 Cases, 5729 Motherboards
2026-05-17 22:51:51 | INFO     | ss_crawler | [computer_scraper] Loaded references: 5320 CPUs, 631 GPUs, 5284 RAMs, 2450 SSDs, 2895 PSUs, 5740 Cases, 5729 Motherboards
2026-05-17 22:51:51 | INFO     | ss_crawler | [computer_scraper] Initializing computer scraper...
2026-05-17 22:51:51 | INFO     | ss_crawler | [database] Database connected: localhost:5433/ss_market
2026-05-17 22:51:51 | INFO     | ss_crawler | [computer_scraper] Database: postgresql+psycopg2://crawler:crawler_pass@localhost:5433/ss_market
2026-05-17 22:51:53 | INFO     | ss_crawler | [cpu_matcher] CPUMatcher initialized with 5320 CPUs
2026-05-17 22:51:53 | INFO     | ss_crawler | [matcher] GPUMatcher initialized with 631 GPUs
2026-05-17 22:51:53 | INFO     | ss_crawler | [ram_matcher] RAMMatcher initialized with 5284 RAM references
2026-05-17 22:51:53 | INFO     | ss_crawler | [ssd_matcher] SSDMatcher initialized with 2450 SSDs
2026-05-17 22:51:53 | INFO     | ss_crawler | [psu_matcher] PSUMatcher initialized with 2895 PSU references
2026-05-17 22:51:54 | INFO     | ss_crawler | [case_matcher] CaseMatcher initialized with 5740 case references
2026-05-17 22:51:56 | INFO     | ss_crawler | [motherboard_matcher] MotherboardMatcher initialized with 5729 motherboards
2026-05-17 22:51:56 | INFO     | ss_crawler | [computer_matcher] ComputerMatcher initialized: 5320 CPUs, 631 GPUs, 5284 RAMs, 2450 SSDs, 2895 PSUs, 5740 Cases, 5729 Motherboards
2026-05-17 22:51:56 | INFO     | ss_crawler | [computer_scraper] Loaded references: 5320 CPUs, 631 GPUs, 5284 RAMs, 2450 SSDs, 2895 PSUs, 5740 Cases, 5729 Motherboards
2026-05-17 22:51:56 | INFO     | ss_crawler | [crawler] Fetching single computer listing: https://www.ss.com/msg/lv/electronics/computers/pc/kffjp.html
2026-05-17 22:52:47 | INFO     | ss_crawler | [computer_scraper] Initializing computer scraper...
2026-05-17 22:52:47 | INFO     | ss_crawler | [database] Database connected: localhost:5433/ss_market
2026-05-17 22:52:47 | INFO     | ss_crawler | [computer_scraper] Database: postgresql+psycopg2://crawler:crawler_pass@localhost:5433/ss_market
2026-05-17 22:52:48 | INFO     | ss_crawler | [cpu_matcher] CPUMatcher initialized with 5320 CPUs
2026-05-17 22:52:48 | INFO     | ss_crawler | [matcher] GPUMatcher initialized with 631 GPUs
2026-05-17 22:52:49 | INFO     | ss_crawler | [ram_matcher] RAMMatcher initialized with 5284 RAM references
2026-05-17 22:52:49 | INFO     | ss_crawler | [ssd_matcher] SSDMatcher initialized with 2450 SSDs
2026-05-17 22:52:49 | INFO     | ss_crawler | [psu_matcher] PSUMatcher initialized with 2895 PSU references
2026-05-17 22:52:50 | INFO     | ss_crawler | [case_matcher] CaseMatcher initialized with 5740 case references
2026-05-17 22:52:52 | INFO     | ss_crawler | [motherboard_matcher] MotherboardMatcher initialized with 5729 motherboards
2026-05-17 22:52:52 | INFO     | ss_crawler | [computer_matcher] ComputerMatcher initialized: 5320 CPUs, 631 GPUs, 5284 RAMs, 2450 SSDs, 2895 PSUs, 5740 Cases, 5729 Motherboards
2026-05-17 22:52:52 | INFO     | ss_crawler | [computer_scraper] Loaded references: 5320 CPUs, 631 GPUs, 5284 RAMs, 2450 SSDs, 2895 PSUs, 5740 Cases, 5729 Motherboards
2026-05-17 22:52:52 | INFO     | ss_crawler | [computer_scraper] Initializing computer scraper...
2026-05-17 22:52:52 | INFO     | ss_crawler | [database] Database connected: localhost:5433/ss_market
2026-05-17 22:52:52 | INFO     | ss_crawler | [computer_scraper] Database: postgresql+psycopg2://crawler:crawler_pass@localhost:5433/ss_market
2026-05-17 22:52:53 | INFO     | ss_crawler | [cpu_matcher] CPUMatcher initialized with 5320 CPUs
2026-05-17 22:52:53 | INFO     | ss_crawler | [matcher] GPUMatcher initialized with 631 GPUs
2026-05-17 22:52:54 | INFO     | ss_crawler | [ram_matcher] RAMMatcher initialized with 5284 RAM references
2026-05-17 22:52:54 | INFO     | ss_crawler | [ssd_matcher] SSDMatcher initialized with 2450 SSDs
2026-05-17 22:52:54 | INFO     | ss_crawler | [psu_matcher] PSUMatcher initialized with 2895 PSU references
2026-05-17 22:52:54 | INFO     | ss_crawler | [case_matcher] CaseMatcher initialized with 5740 case references
2026-05-17 22:52:56 | INFO     | ss_crawler | [motherboard_matcher] MotherboardMatcher initialized with 5729 motherboards
2026-05-17 22:52:56 | INFO     | ss_crawler | [computer_matcher] ComputerMatcher initialized: 5320 CPUs, 631 GPUs, 5284 RAMs, 2450 SSDs, 2895 PSUs, 5740 Cases, 5729 Motherboards
2026-05-17 22:52:56 | INFO     | ss_crawler | [computer_scraper] Loaded references: 5320 CPUs, 631 GPUs, 5284 RAMs, 2450 SSDs, 2895 PSUs, 5740 Cases, 5729 Motherboards
2026-05-17 22:52:56 | INFO     | ss_crawler | [crawler] Fetching single computer listing: https://www.ss.com/msg/lv/electronics/computers/pc/kffjp.html
2026-05-17 22:53:00 | INFO     | ss_crawler | [computer_scraper] Single scrape result: new - New: Datori un orgtehnika/Datori/ Pārdod...
2026-05-17 22:53:35 | INFO     | ss_crawler | [computer_scraper] Initializing computer scraper...
2026-05-17 22:53:35 | INFO     | ss_crawler | [database] Database connected: localhost:5433/ss_market
2026-05-17 22:53:35 | INFO     | ss_crawler | [computer_scraper] Database: postgresql+psycopg2://crawler:crawler_pass@localhost:5433/ss_market
2026-05-17 22:53:36 | INFO     | ss_crawler | [cpu_matcher] CPUMatcher initialized with 5320 CPUs
2026-05-17 22:53:36 | INFO     | ss_crawler | [matcher] GPUMatcher initialized with 631 GPUs
2026-05-17 22:53:36 | INFO     | ss_crawler | [ram_matcher] RAMMatcher initialized with 5284 RAM references
2026-05-17 22:53:37 | INFO     | ss_crawler | [ssd_matcher] SSDMatcher initialized with 2450 SSDs
2026-05-17 22:53:37 | INFO     | ss_crawler | [psu_matcher] PSUMatcher initialized with 2895 PSU references
2026-05-17 22:53:37 | INFO     | ss_crawler | [case_matcher] CaseMatcher initialized with 5740 case references
2026-05-17 22:53:40 | INFO     | ss_crawler | [motherboard_matcher] MotherboardMatcher initialized with 5729 motherboards
2026-05-17 22:53:40 | INFO     | ss_crawler | [computer_matcher] ComputerMatcher initialized: 5320 CPUs, 631 GPUs, 5284 RAMs, 2450 SSDs, 2895 PSUs, 5740 Cases, 5729 Motherboards
2026-05-17 22:53:40 | INFO     | ss_crawler | [computer_scraper] Loaded references: 5320 CPUs, 631 GPUs, 5284 RAMs, 2450 SSDs, 2895 PSUs, 5740 Cases, 5729 Motherboards
2026-05-17 22:53:40 | INFO     | ss_crawler | [computer_scraper] Initializing computer scraper...
2026-05-17 22:53:40 | INFO     | ss_crawler | [database] Database connected: localhost:5433/ss_market
2026-05-17 22:53:40 | INFO     | ss_crawler | [computer_scraper] Database: postgresql+psycopg2://crawler:crawler_pass@localhost:5433/ss_market
2026-05-17 22:53:41 | INFO     | ss_crawler | [cpu_matcher] CPUMatcher initialized with 5320 CPUs
2026-05-17 22:53:41 | INFO     | ss_crawler | [matcher] GPUMatcher initialized with 631 GPUs
2026-05-17 22:53:41 | INFO     | ss_crawler | [ram_matcher] RAMMatcher initialized with 5284 RAM references
2026-05-17 22:53:42 | INFO     | ss_crawler | [ssd_matcher] SSDMatcher initialized with 2450 SSDs
2026-05-17 22:53:42 | INFO     | ss_crawler | [psu_matcher] PSUMatcher initialized with 2895 PSU references
2026-05-17 22:53:42 | INFO     | ss_crawler | [case_matcher] CaseMatcher initialized with 5740 case references
2026-05-17 22:53:44 | INFO     | ss_crawler | [motherboard_matcher] MotherboardMatcher initialized with 5729 motherboards
2026-05-17 22:53:44 | INFO     | ss_crawler | [computer_matcher] ComputerMatcher initialized: 5320 CPUs, 631 GPUs, 5284 RAMs, 2450 SSDs, 2895 PSUs, 5740 Cases, 5729 Motherboards
2026-05-17 22:53:45 | INFO     | ss_crawler | [computer_scraper] Loaded references: 5320 CPUs, 631 GPUs, 5284 RAMs, 2450 SSDs, 2895 PSUs, 5740 Cases, 5729 Motherboards
2026-05-17 22:53:45 | INFO     | ss_crawler | [crawler] Fetching single computer listing: https://www.ss.com/msg/lv/electronics/computers/pc/kffjp.html
2026-05-17 22:54:27 | INFO     | ss_crawler | [computer_scraper] Initializing computer scraper...
2026-05-17 22:54:27 | INFO     | ss_crawler | [database] Database connected: localhost:5433/ss_market
2026-05-17 22:54:27 | INFO     | ss_crawler | [computer_scraper] Database: postgresql+psycopg2://crawler:crawler_pass@localhost:5433/ss_market
2026-05-17 22:54:28 | INFO     | ss_crawler | [cpu_matcher] CPUMatcher initialized with 5320 CPUs
2026-05-17 22:54:28 | INFO     | ss_crawler | [matcher] GPUMatcher initialized with 631 GPUs
2026-05-17 22:54:28 | INFO     | ss_crawler | [ram_matcher] RAMMatcher initialized with 5284 RAM references
2026-05-17 22:54:28 | INFO     | ss_crawler | [ssd_matcher] SSDMatcher initialized with 2450 SSDs
2026-05-17 22:54:29 | INFO     | ss_crawler | [psu_matcher] PSUMatcher initialized with 2895 PSU references
2026-05-17 22:54:29 | INFO     | ss_crawler | [case_matcher] CaseMatcher initialized with 5740 case references
2026-05-17 22:54:31 | INFO     | ss_crawler | [motherboard_matcher] MotherboardMatcher initialized with 5729 motherboards
2026-05-17 22:54:31 | INFO     | ss_crawler | [computer_matcher] ComputerMatcher initialized: 5320 CPUs, 631 GPUs, 5284 RAMs, 2450 SSDs, 2895 PSUs, 5740 Cases, 5729 Motherboards
2026-05-17 22:54:31 | INFO     | ss_crawler | [computer_scraper] Loaded references: 5320 CPUs, 631 GPUs, 5284 RAMs, 2450 SSDs, 2895 PSUs, 5740 Cases, 5729 Motherboards
2026-05-17 22:54:31 | INFO     | ss_crawler | [computer_scraper] Initializing computer scraper...
2026-05-17 22:54:31 | INFO     | ss_crawler | [database] Database connected: localhost:5433/ss_market
2026-05-17 22:54:31 | INFO     | ss_crawler | [computer_scraper] Database: postgresql+psycopg2://crawler:crawler_pass@localhost:5433/ss_market
2026-05-17 22:54:33 | INFO     | ss_crawler | [cpu_matcher] CPUMatcher initialized with 5320 CPUs
2026-05-17 22:54:33 | INFO     | ss_crawler | [matcher] GPUMatcher initialized with 631 GPUs
2026-05-17 22:54:35 | INFO     | ss_crawler | [ram_matcher] RAMMatcher initialized with 5284 RAM references
2026-05-17 22:54:36 | INFO     | ss_crawler | [ssd_matcher] SSDMatcher initialized with 2450 SSDs
2026-05-17 22:54:36 | INFO     | ss_crawler | [psu_matcher] PSUMatcher initialized with 2895 PSU references
2026-05-17 22:54:37 | INFO     | ss_crawler | [case_matcher] CaseMatcher initialized with 5740 case references
2026-05-17 22:54:41 | INFO     | ss_crawler | [motherboard_matcher] MotherboardMatcher initialized with 5729 motherboards
2026-05-17 22:54:41 | INFO     | ss_crawler | [computer_matcher] ComputerMatcher initialized: 5320 CPUs, 631 GPUs, 5284 RAMs, 2450 SSDs, 2895 PSUs, 5740 Cases, 5729 Motherboards
2026-05-17 22:54:41 | INFO     | ss_crawler | [computer_scraper] Loaded references: 5320 CPUs, 631 GPUs, 5284 RAMs, 2450 SSDs, 2895 PSUs, 5740 Cases, 5729 Motherboards
2026-05-17 22:54:41 | INFO     | ss_crawler | [crawler] Fetching single computer listing: https://www.ss.com/msg/lv/electronics/computers/pc/kffjp.html
2026-05-17 22:54:49 | INFO     | ss_crawler | [computer_scraper] Single scrape result: new - New: Datori un orgtehnika/Datori/ Pārdod...
2026-05-17 22:55:29 | INFO     | ss_crawler | [computer_scraper] Initializing computer scraper...
2026-05-17 22:55:29 | INFO     | ss_crawler | [database] Database connected: localhost:5433/ss_market
2026-05-17 22:55:29 | INFO     | ss_crawler | [computer_scraper] Database: postgresql+psycopg2://crawler:crawler_pass@localhost:5433/ss_market
2026-05-17 22:55:30 | INFO     | ss_crawler | [cpu_matcher] CPUMatcher initialized with 5320 CPUs
2026-05-17 22:55:30 | INFO     | ss_crawler | [matcher] GPUMatcher initialized with 631 GPUs
2026-05-17 22:55:31 | INFO     | ss_crawler | [ram_matcher] RAMMatcher initialized with 5284 RAM references
2026-05-17 22:55:31 | INFO     | ss_crawler | [ssd_matcher] SSDMatcher initialized with 2450 SSDs
2026-05-17 22:55:31 | INFO     | ss_crawler | [psu_matcher] PSUMatcher initialized with 2895 PSU references
2026-05-17 22:55:32 | INFO     | ss_crawler | [case_matcher] CaseMatcher initialized with 5740 case references
2026-05-17 22:55:34 | INFO     | ss_crawler | [motherboard_matcher] MotherboardMatcher initialized with 5729 motherboards
2026-05-17 22:55:34 | INFO     | ss_crawler | [computer_matcher] ComputerMatcher initialized: 5320 CPUs, 631 GPUs, 5284 RAMs, 2450 SSDs, 2895 PSUs, 5740 Cases, 5729 Motherboards
2026-05-17 22:55:34 | INFO     | ss_crawler | [computer_scraper] Loaded references: 5320 CPUs, 631 GPUs, 5284 RAMs, 2450 SSDs, 2895 PSUs, 5740 Cases, 5729 Motherboards
2026-05-17 22:55:34 | INFO     | ss_crawler | [computer_scraper] Initializing computer scraper...
2026-05-17 22:55:34 | INFO     | ss_crawler | [database] Database connected: localhost:5433/ss_market
2026-05-17 22:55:34 | INFO     | ss_crawler | [computer_scraper] Database: postgresql+psycopg2://crawler:crawler_pass@localhost:5433/ss_market
2026-05-17 22:55:36 | INFO     | ss_crawler | [cpu_matcher] CPUMatcher initialized with 5320 CPUs
2026-05-17 22:55:36 | INFO     | ss_crawler | [matcher] GPUMatcher initialized with 631 GPUs
2026-05-17 22:55:36 | INFO     | ss_crawler | [ram_matcher] RAMMatcher initialized with 5284 RAM references
2026-05-17 22:55:36 | INFO     | ss_crawler | [ssd_matcher] SSDMatcher initialized with 2450 SSDs
2026-05-17 22:55:37 | INFO     | ss_crawler | [psu_matcher] PSUMatcher initialized with 2895 PSU references
2026-05-17 22:55:37 | INFO     | ss_crawler | [case_matcher] CaseMatcher initialized with 5740 case references
2026-05-17 22:55:39 | INFO     | ss_crawler | [motherboard_matcher] MotherboardMatcher initialized with 5729 motherboards
2026-05-17 22:55:39 | INFO     | ss_crawler | [computer_matcher] ComputerMatcher initialized: 5320 CPUs, 631 GPUs, 5284 RAMs, 2450 SSDs, 2895 PSUs, 5740 Cases, 5729 Motherboards
2026-05-17 22:55:39 | INFO     | ss_crawler | [computer_scraper] Loaded references: 5320 CPUs, 631 GPUs, 5284 RAMs, 2450 SSDs, 2895 PSUs, 5740 Cases, 5729 Motherboards
2026-05-17 22:55:39 | INFO     | ss_crawler | [crawler] Fetching single computer listing: https://www.ss.com/msg/lv/electronics/computers/pc/kffjp.html
2026-05-17 22:55:41 | INFO     | ss_crawler | [computer_scraper] Single scrape result: new - New: Datori un orgtehnika/Datori/ Pārdod...
2026-05-17 23:02:58 | INFO     | ss_crawler | [computer_scraper] Initializing computer scraper...
2026-05-17 23:02:58 | INFO     | ss_crawler | [database] Database connected: localhost:5433/ss_market
2026-05-17 23:02:58 | INFO     | ss_crawler | [computer_scraper] Database: postgresql+psycopg2://crawler:crawler_pass@localhost:5433/ss_market
2026-05-17 23:02:59 | INFO     | ss_crawler | [cpu_matcher] CPUMatcher initialized with 5320 CPUs
2026-05-17 23:02:59 | INFO     | ss_crawler | [matcher] GPUMatcher initialized with 631 GPUs
2026-05-17 23:02:59 | INFO     | ss_crawler | [ram_matcher] RAMMatcher initialized with 5284 RAM references
2026-05-17 23:02:59 | INFO     | ss_crawler | [ssd_matcher] SSDMatcher initialized with 2450 SSDs
2026-05-17 23:02:59 | INFO     | ss_crawler | [psu_matcher] PSUMatcher initialized with 2895 PSU references
2026-05-17 23:03:00 | INFO     | ss_crawler | [case_matcher] CaseMatcher initialized with 5740 case references
2026-05-17 23:03:01 | INFO     | ss_crawler | [motherboard_matcher] MotherboardMatcher initialized with 5729 motherboards
2026-05-17 23:03:01 | INFO     | ss_crawler | [computer_matcher] ComputerMatcher initialized: 5320 CPUs, 631 GPUs, 5284 RAMs, 2450 SSDs, 2895 PSUs, 5740 Cases, 5729 Motherboards
2026-05-17 23:03:01 | INFO     | ss_crawler | [computer_scraper] Loaded references: 5320 CPUs, 631 GPUs, 5284 RAMs, 2450 SSDs, 2895 PSUs, 5740 Cases, 5729 Motherboards
2026-05-17 23:03:01 | INFO     | ss_crawler | [computer_scraper] Initializing computer scraper...
2026-05-17 23:03:01 | INFO     | ss_crawler | [database] Database connected: localhost:5433/ss_market
2026-05-17 23:03:01 | INFO     | ss_crawler | [computer_scraper] Database: postgresql+psycopg2://crawler:crawler_pass@localhost:5433/ss_market
2026-05-17 23:03:01 | INFO     | ss_crawler | [cpu_matcher] CPUMatcher initialized with 5320 CPUs
2026-05-17 23:03:01 | INFO     | ss_crawler | [matcher] GPUMatcher initialized with 631 GPUs
2026-05-17 23:03:02 | INFO     | ss_crawler | [ram_matcher] RAMMatcher initialized with 5284 RAM references
2026-05-17 23:03:02 | INFO     | ss_crawler | [ssd_matcher] SSDMatcher initialized with 2450 SSDs
2026-05-17 23:03:02 | INFO     | ss_crawler | [psu_matcher] PSUMatcher initialized with 2895 PSU references
2026-05-17 23:03:02 | INFO     | ss_crawler | [case_matcher] CaseMatcher initialized with 5740 case references
2026-05-17 23:03:03 | INFO     | ss_crawler | [motherboard_matcher] MotherboardMatcher initialized with 5729 motherboards
2026-05-17 23:03:03 | INFO     | ss_crawler | [computer_matcher] ComputerMatcher initialized: 5320 CPUs, 631 GPUs, 5284 RAMs, 2450 SSDs, 2895 PSUs, 5740 Cases, 5729 Motherboards
2026-05-17 23:03:03 | INFO     | ss_crawler | [computer_scraper] Loaded references: 5320 CPUs, 631 GPUs, 5284 RAMs, 2450 SSDs, 2895 PSUs, 5740 Cases, 5729 Motherboards
2026-05-17 23:03:03 | INFO     | ss_crawler | [crawler] Fetching single computer listing: https://www.ss.com/msg/lv/electronics/computers/pc/hplnd.html
2026-05-17 23:03:07 | INFO     | ss_crawler | [computer_scraper] Single scrape result: unchanged - Unchanged: Datori un orgtehnika/Datori/ Pārdod...
2026-05-17 23:06:08 | INFO     | ss_crawler | [computer_scraper] Initializing computer scraper...
2026-05-17 23:06:08 | INFO     | ss_crawler | [database] Database connected: localhost:5433/ss_market
2026-05-17 23:06:08 | INFO     | ss_crawler | [computer_scraper] Database: postgresql+psycopg2://crawler:crawler_pass@localhost:5433/ss_market
2026-05-17 23:06:08 | INFO     | ss_crawler | [cpu_matcher] CPUMatcher initialized with 5320 CPUs
2026-05-17 23:06:08 | INFO     | ss_crawler | [matcher] GPUMatcher initialized with 631 GPUs
2026-05-17 23:06:09 | INFO     | ss_crawler | [ram_matcher] RAMMatcher initialized with 5284 RAM references
2026-05-17 23:06:09 | INFO     | ss_crawler | [ssd_matcher] SSDMatcher initialized with 2450 SSDs
2026-05-17 23:06:09 | INFO     | ss_crawler | [psu_matcher] PSUMatcher initialized with 2895 PSU references
2026-05-17 23:06:09 | INFO     | ss_crawler | [case_matcher] CaseMatcher initialized with 5740 case references
2026-05-17 23:06:11 | INFO     | ss_crawler | [motherboard_matcher] MotherboardMatcher initialized with 5729 motherboards
2026-05-17 23:06:11 | INFO     | ss_crawler | [computer_matcher] ComputerMatcher initialized: 5320 CPUs, 631 GPUs, 5284 RAMs, 2450 SSDs, 2895 PSUs, 5740 Cases, 5729 Motherboards
2026-05-17 23:06:11 | INFO     | ss_crawler | [computer_scraper] Loaded references: 5320 CPUs, 631 GPUs, 5284 RAMs, 2450 SSDs, 2895 PSUs, 5740 Cases, 5729 Motherboards
2026-05-17 23:06:11 | INFO     | ss_crawler | [computer_scraper] Initializing computer scraper...
2026-05-17 23:06:11 | INFO     | ss_crawler | [database] Database connected: localhost:5433/ss_market
2026-05-17 23:06:11 | INFO     | ss_crawler | [computer_scraper] Database: postgresql+psycopg2://crawler:crawler_pass@localhost:5433/ss_market
2026-05-17 23:06:11 | INFO     | ss_crawler | [cpu_matcher] CPUMatcher initialized with 5320 CPUs
2026-05-17 23:06:11 | INFO     | ss_crawler | [matcher] GPUMatcher initialized with 631 GPUs
2026-05-17 23:06:11 | INFO     | ss_crawler | [ram_matcher] RAMMatcher initialized with 5284 RAM references
2026-05-17 23:06:12 | INFO     | ss_crawler | [ssd_matcher] SSDMatcher initialized with 2450 SSDs
2026-05-17 23:06:12 | INFO     | ss_crawler | [psu_matcher] PSUMatcher initialized with 2895 PSU references
2026-05-17 23:06:12 | INFO     | ss_crawler | [case_matcher] CaseMatcher initialized with 5740 case references
2026-05-17 23:06:13 | INFO     | ss_crawler | [motherboard_matcher] MotherboardMatcher initialized with 5729 motherboards
2026-05-17 23:06:13 | INFO     | ss_crawler | [computer_matcher] ComputerMatcher initialized: 5320 CPUs, 631 GPUs, 5284 RAMs, 2450 SSDs, 2895 PSUs, 5740 Cases, 5729 Motherboards
2026-05-17 23:06:13 | INFO     | ss_crawler | [computer_scraper] Loaded references: 5320 CPUs, 631 GPUs, 5284 RAMs, 2450 SSDs, 2895 PSUs, 5740 Cases, 5729 Motherboards
2026-05-17 23:06:13 | INFO     | ss_crawler | [crawler] Fetching single computer listing: https://www.ss.com/msg/lv/electronics/computers/pc/hplnd.html
2026-05-17 23:06:16 | INFO     | ss_crawler | [computer_scraper] Single scrape result: new - New: Datori un orgtehnika/Datori/ Pārdod...
2026-05-17 23:08:58 | INFO     | ss_crawler | [computer_scraper] Initializing computer scraper...
2026-05-17 23:08:58 | INFO     | ss_crawler | [database] Database connected: localhost:5433/ss_market
2026-05-17 23:08:58 | INFO     | ss_crawler | [computer_scraper] Database: postgresql+psycopg2://crawler:crawler_pass@localhost:5433/ss_market
2026-05-17 23:08:58 | INFO     | ss_crawler | [cpu_matcher] CPUMatcher initialized with 5320 CPUs
2026-05-17 23:08:58 | INFO     | ss_crawler | [matcher] GPUMatcher initialized with 631 GPUs
2026-05-17 23:08:58 | INFO     | ss_crawler | [ram_matcher] RAMMatcher initialized with 5284 RAM references
2026-05-17 23:08:59 | INFO     | ss_crawler | [ssd_matcher] SSDMatcher initialized with 2450 SSDs
2026-05-17 23:08:59 | INFO     | ss_crawler | [psu_matcher] PSUMatcher initialized with 2895 PSU references
2026-05-17 23:08:59 | INFO     | ss_crawler | [case_matcher] CaseMatcher initialized with 5740 case references
2026-05-17 23:09:00 | INFO     | ss_crawler | [motherboard_matcher] MotherboardMatcher initialized with 5729 motherboards
2026-05-17 23:09:00 | INFO     | ss_crawler | [computer_matcher] ComputerMatcher initialized: 5320 CPUs, 631 GPUs, 5284 RAMs, 2450 SSDs, 2895 PSUs, 5740 Cases, 5729 Motherboards
2026-05-17 23:09:00 | INFO     | ss_crawler | [computer_scraper] Loaded references: 5320 CPUs, 631 GPUs, 5284 RAMs, 2450 SSDs, 2895 PSUs, 5740 Cases, 5729 Motherboards
2026-05-17 23:09:00 | INFO     | ss_crawler | [computer_scraper] Initializing computer scraper...
2026-05-17 23:09:00 | INFO     | ss_crawler | [database] Database connected: localhost:5433/ss_market
2026-05-17 23:09:00 | INFO     | ss_crawler | [computer_scraper] Database: postgresql+psycopg2://crawler:crawler_pass@localhost:5433/ss_market
2026-05-17 23:09:01 | INFO     | ss_crawler | [cpu_matcher] CPUMatcher initialized with 5320 CPUs
2026-05-17 23:09:01 | INFO     | ss_crawler | [matcher] GPUMatcher initialized with 631 GPUs
2026-05-17 23:09:01 | INFO     | ss_crawler | [ram_matcher] RAMMatcher initialized with 5284 RAM references
2026-05-17 23:09:01 | INFO     | ss_crawler | [ssd_matcher] SSDMatcher initialized with 2450 SSDs
2026-05-17 23:09:01 | INFO     | ss_crawler | [psu_matcher] PSUMatcher initialized with 2895 PSU references
2026-05-17 23:09:02 | INFO     | ss_crawler | [case_matcher] CaseMatcher initialized with 5740 case references
2026-05-17 23:09:03 | INFO     | ss_crawler | [motherboard_matcher] MotherboardMatcher initialized with 5729 motherboards
2026-05-17 23:09:03 | INFO     | ss_crawler | [computer_matcher] ComputerMatcher initialized: 5320 CPUs, 631 GPUs, 5284 RAMs, 2450 SSDs, 2895 PSUs, 5740 Cases, 5729 Motherboards
2026-05-17 23:09:03 | INFO     | ss_crawler | [computer_scraper] Loaded references: 5320 CPUs, 631 GPUs, 5284 RAMs, 2450 SSDs, 2895 PSUs, 5740 Cases, 5729 Motherboards
2026-05-17 23:09:03 | INFO     | ss_crawler | [crawler] Fetching single computer listing: https://www.ss.com/msg/lv/electronics/computers/pc/pxcmi.html
2026-05-17 23:09:06 | INFO     | ss_crawler | [computer_scraper] Single scrape result: new - New: Datori un orgtehnika/Datori/ Pārdod...
2026-05-17 23:15:57 | INFO     | ss_crawler | [computer_scraper] Initializing computer scraper...
2026-05-17 23:15:57 | INFO     | ss_crawler | [database] Database connected: localhost:5433/ss_market
2026-05-17 23:15:57 | INFO     | ss_crawler | [computer_scraper] Database: postgresql+psycopg2://crawler:crawler_pass@localhost:5433/ss_market
2026-05-17 23:15:58 | INFO     | ss_crawler | [cpu_matcher] CPUMatcher initialized with 5320 CPUs
2026-05-17 23:15:58 | INFO     | ss_crawler | [matcher] GPUMatcher initialized with 631 GPUs
2026-05-17 23:15:58 | INFO     | ss_crawler | [ram_matcher] RAMMatcher initialized with 5284 RAM references
2026-05-17 23:15:58 | INFO     | ss_crawler | [ssd_matcher] SSDMatcher initialized with 2450 SSDs
2026-05-17 23:15:58 | INFO     | ss_crawler | [psu_matcher] PSUMatcher initialized with 2895 PSU references
2026-05-17 23:15:59 | INFO     | ss_crawler | [case_matcher] CaseMatcher initialized with 5740 case references
2026-05-17 23:16:00 | INFO     | ss_crawler | [motherboard_matcher] MotherboardMatcher initialized with 5729 motherboards
2026-05-17 23:16:00 | INFO     | ss_crawler | [computer_matcher] ComputerMatcher initialized: 5320 CPUs, 631 GPUs, 5284 RAMs, 2450 SSDs, 2895 PSUs, 5740 Cases, 5729 Motherboards
2026-05-17 23:16:00 | INFO     | ss_crawler | [computer_scraper] Loaded references: 5320 CPUs, 631 GPUs, 5284 RAMs, 2450 SSDs, 2895 PSUs, 5740 Cases, 5729 Motherboards
2026-05-17 23:16:00 | INFO     | ss_crawler | [computer_scraper] Initializing computer scraper...
2026-05-17 23:16:00 | INFO     | ss_crawler | [database] Database connected: localhost:5433/ss_market
2026-05-17 23:16:00 | INFO     | ss_crawler | [computer_scraper] Database: postgresql+psycopg2://crawler:crawler_pass@localhost:5433/ss_market
2026-05-17 23:16:01 | INFO     | ss_crawler | [cpu_matcher] CPUMatcher initialized with 5320 CPUs
2026-05-17 23:16:01 | INFO     | ss_crawler | [matcher] GPUMatcher initialized with 631 GPUs
2026-05-17 23:16:01 | INFO     | ss_crawler | [ram_matcher] RAMMatcher initialized with 5284 RAM references
2026-05-17 23:16:01 | INFO     | ss_crawler | [ssd_matcher] SSDMatcher initialized with 2450 SSDs
2026-05-17 23:16:01 | INFO     | ss_crawler | [psu_matcher] PSUMatcher initialized with 2895 PSU references
2026-05-17 23:16:01 | INFO     | ss_crawler | [case_matcher] CaseMatcher initialized with 5740 case references
2026-05-17 23:16:03 | INFO     | ss_crawler | [motherboard_matcher] MotherboardMatcher initialized with 5729 motherboards
2026-05-17 23:16:03 | INFO     | ss_crawler | [computer_matcher] ComputerMatcher initialized: 5320 CPUs, 631 GPUs, 5284 RAMs, 2450 SSDs, 2895 PSUs, 5740 Cases, 5729 Motherboards
2026-05-17 23:16:03 | INFO     | ss_crawler | [computer_scraper] Loaded references: 5320 CPUs, 631 GPUs, 5284 RAMs, 2450 SSDs, 2895 PSUs, 5740 Cases, 5729 Motherboards
2026-05-17 23:16:03 | INFO     | ss_crawler | [crawler] Fetching single computer listing: https://www.ss.com/msg/lv/electronics/computers/pc/pxcmi.html
2026-05-17 23:16:06 | INFO     | ss_crawler | [computer_scraper] Single scrape result: new - New: Datori un orgtehnika/Datori/ Pārdod...
2026-05-17 23:16:30 | INFO     | ss_crawler | [crawler] Fetching test: https://www.ss.com/msg/lv/electronics/computers/pc/pxcmi.html
2026-05-17 23:16:43 | INFO     | ss_crawler | [crawler] Fetching test: https://www.ss.com/msg/lv/electronics/computers/pc/pxcmi.html
2026-05-17 23:17:06 | INFO     | ss_crawler | [database] Database connected: localhost:5433/ss_market
2026-05-17 23:17:06 | INFO     | ss_crawler | [crawler] Fetching test: https://www.ss.com/msg/lv/electronics/computers/pc/pxcmi.html
2026-05-17 23:17:33 | INFO     | ss_crawler | [database] Database connected: localhost:5433/ss_market
2026-05-17 23:17:33 | INFO     | ss_crawler | [crawler] Fetching test: https://www.ss.com/msg/lv/electronics/computers/pc/pxcmi.html
2026-05-17 23:17:36 | ERROR    | ss_crawler | [database] Database transaction failed: name 'MotherboardReference' is not defined
2026-05-17 23:17:59 | INFO     | ss_crawler | [database] Database connected: localhost:5433/ss_market
2026-05-17 23:17:59 | INFO     | ss_crawler | [crawler] Fetching test: https://www.ss.com/msg/lv/electronics/computers/pc/pxcmi.html
2026-05-17 23:18:02 | INFO     | ss_crawler | [ram_matcher] RAMMatcher initialized with 5284 RAM references
2026-05-17 23:18:23 | INFO     | ss_crawler | [database] Database connected: localhost:5433/ss_market
2026-05-17 23:18:35 | INFO     | ss_crawler | [database] Database connected: localhost:5433/ss_market
2026-05-17 23:18:52 | INFO     | ss_crawler | [database] Database connected: localhost:5433/ss_market
2026-05-17 23:18:52 | INFO     | ss_crawler | [crawler] Fetching test: https://www.ss.com/msg/lv/electronics/computers/pc/pxcmi.html
2026-05-17 23:18:55 | INFO     | ss_crawler | [ssd_matcher] SSDMatcher initialized with 2450 SSDs
2026-05-17 23:19:48 | INFO     | ss_crawler | [database] Database connected: localhost:5433/ss_market
2026-05-17 23:19:48 | INFO     | ss_crawler | [crawler] Fetching test: https://www.ss.com/msg/lv/electronics/computers/pc/pxcmi.html
2026-05-17 23:19:51 | INFO     | ss_crawler | [psu_matcher] PSUMatcher initialized with 2895 PSU references
2026-05-17 23:20:01 | INFO     | ss_crawler | [computer_scraper] Initializing computer scraper...
2026-05-17 23:20:01 | INFO     | ss_crawler | [database] Database connected: localhost:5433/ss_market
2026-05-17 23:20:01 | INFO     | ss_crawler | [computer_scraper] Database: postgresql+psycopg2://crawler:crawler_pass@localhost:5433/ss_market
2026-05-17 23:20:01 | INFO     | ss_crawler | [cpu_matcher] CPUMatcher initialized with 5320 CPUs
2026-05-17 23:20:01 | INFO     | ss_crawler | [matcher] GPUMatcher initialized with 631 GPUs
2026-05-17 23:20:02 | INFO     | ss_crawler | [ram_matcher] RAMMatcher initialized with 5284 RAM references
2026-05-17 23:20:02 | INFO     | ss_crawler | [ssd_matcher] SSDMatcher initialized with 2450 SSDs
2026-05-17 23:20:02 | INFO     | ss_crawler | [psu_matcher] PSUMatcher initialized with 2895 PSU references
2026-05-17 23:20:02 | INFO     | ss_crawler | [case_matcher] CaseMatcher initialized with 5740 case references
2026-05-17 23:20:03 | INFO     | ss_crawler | [motherboard_matcher] MotherboardMatcher initialized with 5729 motherboards
2026-05-17 23:20:03 | INFO     | ss_crawler | [computer_matcher] ComputerMatcher initialized: 5320 CPUs, 631 GPUs, 5284 RAMs, 2450 SSDs, 2895 PSUs, 5740 Cases, 5729 Motherboards
2026-05-17 23:20:03 | INFO     | ss_crawler | [computer_scraper] Loaded references: 5320 CPUs, 631 GPUs, 5284 RAMs, 2450 SSDs, 2895 PSUs, 5740 Cases, 5729 Motherboards
2026-05-17 23:20:03 | INFO     | ss_crawler | [computer_scraper] Initializing computer scraper...
2026-05-17 23:20:03 | INFO     | ss_crawler | [database] Database connected: localhost:5433/ss_market
2026-05-17 23:20:03 | INFO     | ss_crawler | [computer_scraper] Database: postgresql+psycopg2://crawler:crawler_pass@localhost:5433/ss_market
2026-05-17 23:20:04 | INFO     | ss_crawler | [cpu_matcher] CPUMatcher initialized with 5320 CPUs
2026-05-17 23:20:04 | INFO     | ss_crawler | [matcher] GPUMatcher initialized with 631 GPUs
2026-05-17 23:20:04 | INFO     | ss_crawler | [ram_matcher] RAMMatcher initialized with 5284 RAM references
2026-05-17 23:20:05 | INFO     | ss_crawler | [ssd_matcher] SSDMatcher initialized with 2450 SSDs
2026-05-17 23:20:05 | INFO     | ss_crawler | [psu_matcher] PSUMatcher initialized with 2895 PSU references
2026-05-17 23:20:05 | INFO     | ss_crawler | [case_matcher] CaseMatcher initialized with 5740 case references
2026-05-17 23:20:06 | INFO     | ss_crawler | [motherboard_matcher] MotherboardMatcher initialized with 5729 motherboards
2026-05-17 23:20:06 | INFO     | ss_crawler | [computer_matcher] ComputerMatcher initialized: 5320 CPUs, 631 GPUs, 5284 RAMs, 2450 SSDs, 2895 PSUs, 5740 Cases, 5729 Motherboards
2026-05-17 23:20:06 | INFO     | ss_crawler | [computer_scraper] Loaded references: 5320 CPUs, 631 GPUs, 5284 RAMs, 2450 SSDs, 2895 PSUs, 5740 Cases, 5729 Motherboards
2026-05-17 23:20:06 | INFO     | ss_crawler | [crawler] Fetching single computer listing: https://www.ss.com/msg/lv/electronics/computers/pc/pxcmi.html
2026-05-17 23:20:35 | INFO     | ss_crawler | [computer_scraper] Initializing computer scraper...
2026-05-17 23:20:35 | INFO     | ss_crawler | [database] Database connected: localhost:5433/ss_market
2026-05-17 23:20:35 | INFO     | ss_crawler | [computer_scraper] Database: postgresql+psycopg2://crawler:crawler_pass@localhost:5433/ss_market
2026-05-17 23:20:36 | INFO     | ss_crawler | [cpu_matcher] CPUMatcher initialized with 5320 CPUs
2026-05-17 23:20:36 | INFO     | ss_crawler | [matcher] GPUMatcher initialized with 631 GPUs
2026-05-17 23:20:36 | INFO     | ss_crawler | [ram_matcher] RAMMatcher initialized with 5284 RAM references
2026-05-17 23:20:36 | INFO     | ss_crawler | [ssd_matcher] SSDMatcher initialized with 2450 SSDs
2026-05-17 23:20:36 | INFO     | ss_crawler | [psu_matcher] PSUMatcher initialized with 2895 PSU references
2026-05-17 23:20:36 | INFO     | ss_crawler | [case_matcher] CaseMatcher initialized with 5740 case references
2026-05-17 23:20:38 | INFO     | ss_crawler | [motherboard_matcher] MotherboardMatcher initialized with 5729 motherboards
2026-05-17 23:20:38 | INFO     | ss_crawler | [computer_matcher] ComputerMatcher initialized: 5320 CPUs, 631 GPUs, 5284 RAMs, 2450 SSDs, 2895 PSUs, 5740 Cases, 5729 Motherboards
2026-05-17 23:20:38 | INFO     | ss_crawler | [computer_scraper] Loaded references: 5320 CPUs, 631 GPUs, 5284 RAMs, 2450 SSDs, 2895 PSUs, 5740 Cases, 5729 Motherboards
2026-05-17 23:20:38 | INFO     | ss_crawler | [computer_scraper] Initializing computer scraper...
2026-05-17 23:20:38 | INFO     | ss_crawler | [database] Database connected: localhost:5433/ss_market
2026-05-17 23:20:38 | INFO     | ss_crawler | [computer_scraper] Database: postgresql+psycopg2://crawler:crawler_pass@localhost:5433/ss_market
2026-05-17 23:20:38 | INFO     | ss_crawler | [cpu_matcher] CPUMatcher initialized with 5320 CPUs
2026-05-17 23:20:38 | INFO     | ss_crawler | [matcher] GPUMatcher initialized with 631 GPUs
2026-05-17 23:20:39 | INFO     | ss_crawler | [ram_matcher] RAMMatcher initialized with 5284 RAM references
2026-05-17 23:20:39 | INFO     | ss_crawler | [ssd_matcher] SSDMatcher initialized with 2450 SSDs
2026-05-17 23:20:39 | INFO     | ss_crawler | [psu_matcher] PSUMatcher initialized with 2895 PSU references
2026-05-17 23:20:39 | INFO     | ss_crawler | [case_matcher] CaseMatcher initialized with 5740 case references
2026-05-17 23:20:40 | INFO     | ss_crawler | [motherboard_matcher] MotherboardMatcher initialized with 5729 motherboards
2026-05-17 23:20:40 | INFO     | ss_crawler | [computer_matcher] ComputerMatcher initialized: 5320 CPUs, 631 GPUs, 5284 RAMs, 2450 SSDs, 2895 PSUs, 5740 Cases, 5729 Motherboards
2026-05-17 23:20:41 | INFO     | ss_crawler | [computer_scraper] Loaded references: 5320 CPUs, 631 GPUs, 5284 RAMs, 2450 SSDs, 2895 PSUs, 5740 Cases, 5729 Motherboards
2026-05-17 23:20:41 | INFO     | ss_crawler | [crawler] Fetching single computer listing: https://www.ss.com/msg/lv/electronics/computers/pc/pxcmi.html
2026-05-17 23:20:44 | INFO     | ss_crawler | [computer_scraper] Single scrape result: new - New: Datori un orgtehnika/Datori/ Pārdod...
2026-05-17 23:21:47 | INFO     | ss_crawler | [database] Database connected: localhost:5433/ss_market
2026-05-17 23:21:47 | INFO     | ss_crawler | [crawler] Fetching test: https://www.ss.com/msg/lv/electronics/computers/pc/pxcmi.html
2026-05-17 23:22:23 | INFO     | ss_crawler | [computer_scraper] Initializing computer scraper...
2026-05-17 23:22:23 | INFO     | ss_crawler | [database] Database connected: localhost:5433/ss_market
2026-05-17 23:22:23 | INFO     | ss_crawler | [computer_scraper] Database: postgresql+psycopg2://crawler:crawler_pass@localhost:5433/ss_market
2026-05-17 23:22:24 | INFO     | ss_crawler | [cpu_matcher] CPUMatcher initialized with 5320 CPUs
2026-05-17 23:22:24 | INFO     | ss_crawler | [matcher] GPUMatcher initialized with 631 GPUs
2026-05-17 23:22:24 | INFO     | ss_crawler | [ram_matcher] RAMMatcher initialized with 5284 RAM references
2026-05-17 23:22:24 | INFO     | ss_crawler | [ssd_matcher] SSDMatcher initialized with 2450 SSDs
2026-05-17 23:22:24 | INFO     | ss_crawler | [psu_matcher] PSUMatcher initialized with 2895 PSU references
2026-05-17 23:22:24 | INFO     | ss_crawler | [case_matcher] CaseMatcher initialized with 5740 case references
2026-05-17 23:22:26 | INFO     | ss_crawler | [motherboard_matcher] MotherboardMatcher initialized with 5729 motherboards
2026-05-17 23:22:26 | INFO     | ss_crawler | [computer_matcher] ComputerMatcher initialized: 5320 CPUs, 631 GPUs, 5284 RAMs, 2450 SSDs, 2895 PSUs, 5740 Cases, 5729 Motherboards
2026-05-17 23:22:26 | INFO     | ss_crawler | [computer_scraper] Loaded references: 5320 CPUs, 631 GPUs, 5284 RAMs, 2450 SSDs, 2895 PSUs, 5740 Cases, 5729 Motherboards
2026-05-17 23:22:26 | INFO     | ss_crawler | [computer_scraper] Initializing computer scraper...
2026-05-17 23:22:26 | INFO     | ss_crawler | [database] Database connected: localhost:5433/ss_market
2026-05-17 23:22:26 | INFO     | ss_crawler | [computer_scraper] Database: postgresql+psycopg2://crawler:crawler_pass@localhost:5433/ss_market
2026-05-17 23:22:26 | INFO     | ss_crawler | [cpu_matcher] CPUMatcher initialized with 5320 CPUs
2026-05-17 23:22:26 | INFO     | ss_crawler | [matcher] GPUMatcher initialized with 631 GPUs
2026-05-17 23:22:27 | INFO     | ss_crawler | [ram_matcher] RAMMatcher initialized with 5284 RAM references
2026-05-17 23:22:27 | INFO     | ss_crawler | [ssd_matcher] SSDMatcher initialized with 2450 SSDs
2026-05-17 23:22:27 | INFO     | ss_crawler | [psu_matcher] PSUMatcher initialized with 2895 PSU references
2026-05-17 23:22:27 | INFO     | ss_crawler | [case_matcher] CaseMatcher initialized with 5740 case references
2026-05-17 23:22:28 | INFO     | ss_crawler | [motherboard_matcher] MotherboardMatcher initialized with 5729 motherboards
2026-05-17 23:22:28 | INFO     | ss_crawler | [computer_matcher] ComputerMatcher initialized: 5320 CPUs, 631 GPUs, 5284 RAMs, 2450 SSDs, 2895 PSUs, 5740 Cases, 5729 Motherboards
2026-05-17 23:22:28 | INFO     | ss_crawler | [computer_scraper] Loaded references: 5320 CPUs, 631 GPUs, 5284 RAMs, 2450 SSDs, 2895 PSUs, 5740 Cases, 5729 Motherboards
2026-05-17 23:22:28 | INFO     | ss_crawler | [crawler] Fetching single computer listing: https://www.ss.com/msg/lv/electronics/computers/pc/pxcmi.html
2026-05-17 23:22:31 | INFO     | ss_crawler | [computer_scraper] Single scrape result: new - New: Datori un orgtehnika/Datori/ Pārdod...
2026-05-17 23:22:57 | INFO     | ss_crawler | [computer_scraper] Initializing computer scraper...
2026-05-17 23:22:57 | INFO     | ss_crawler | [database] Database connected: localhost:5433/ss_market
2026-05-17 23:22:57 | INFO     | ss_crawler | [computer_scraper] Database: postgresql+psycopg2://crawler:crawler_pass@localhost:5433/ss_market
2026-05-17 23:22:57 | INFO     | ss_crawler | [cpu_matcher] CPUMatcher initialized with 5320 CPUs
2026-05-17 23:22:57 | INFO     | ss_crawler | [matcher] GPUMatcher initialized with 631 GPUs
2026-05-17 23:22:58 | INFO     | ss_crawler | [ram_matcher] RAMMatcher initialized with 5284 RAM references
2026-05-17 23:22:58 | INFO     | ss_crawler | [ssd_matcher] SSDMatcher initialized with 2450 SSDs
2026-05-17 23:22:58 | INFO     | ss_crawler | [psu_matcher] PSUMatcher initialized with 2895 PSU references
2026-05-17 23:22:58 | INFO     | ss_crawler | [case_matcher] CaseMatcher initialized with 5740 case references
2026-05-17 23:22:59 | INFO     | ss_crawler | [motherboard_matcher] MotherboardMatcher initialized with 5729 motherboards
2026-05-17 23:22:59 | INFO     | ss_crawler | [computer_matcher] ComputerMatcher initialized: 5320 CPUs, 631 GPUs, 5284 RAMs, 2450 SSDs, 2895 PSUs, 5740 Cases, 5729 Motherboards
2026-05-17 23:22:59 | INFO     | ss_crawler | [computer_scraper] Loaded references: 5320 CPUs, 631 GPUs, 5284 RAMs, 2450 SSDs, 2895 PSUs, 5740 Cases, 5729 Motherboards
2026-05-17 23:22:59 | INFO     | ss_crawler | [computer_scraper] Initializing computer scraper...
2026-05-17 23:22:59 | INFO     | ss_crawler | [database] Database connected: localhost:5433/ss_market
2026-05-17 23:22:59 | INFO     | ss_crawler | [computer_scraper] Database: postgresql+psycopg2://crawler:crawler_pass@localhost:5433/ss_market
2026-05-17 23:23:00 | INFO     | ss_crawler | [cpu_matcher] CPUMatcher initialized with 5320 CPUs
2026-05-17 23:23:00 | INFO     | ss_crawler | [matcher] GPUMatcher initialized with 631 GPUs
2026-05-17 23:23:00 | INFO     | ss_crawler | [ram_matcher] RAMMatcher initialized with 5284 RAM references
2026-05-17 23:23:00 | INFO     | ss_crawler | [ssd_matcher] SSDMatcher initialized with 2450 SSDs
2026-05-17 23:23:00 | INFO     | ss_crawler | [psu_matcher] PSUMatcher initialized with 2895 PSU references
2026-05-17 23:23:01 | INFO     | ss_crawler | [case_matcher] CaseMatcher initialized with 5740 case references
2026-05-17 23:23:02 | INFO     | ss_crawler | [motherboard_matcher] MotherboardMatcher initialized with 5729 motherboards
2026-05-17 23:23:02 | INFO     | ss_crawler | [computer_matcher] ComputerMatcher initialized: 5320 CPUs, 631 GPUs, 5284 RAMs, 2450 SSDs, 2895 PSUs, 5740 Cases, 5729 Motherboards
2026-05-17 23:23:02 | INFO     | ss_crawler | [computer_scraper] Loaded references: 5320 CPUs, 631 GPUs, 5284 RAMs, 2450 SSDs, 2895 PSUs, 5740 Cases, 5729 Motherboards
2026-05-17 23:23:02 | INFO     | ss_crawler | [crawler] Fetching single computer listing: https://www.ss.com/msg/lv/electronics/computers/pc/pxcmi.html
2026-05-17 23:23:06 | INFO     | ss_crawler | [computer_scraper] Single scrape result: new - New: Datori un orgtehnika/Datori/ Pārdod...
2026-05-17 23:23:31 | INFO     | ss_crawler | [database] Database connected: localhost:5433/ss_market
2026-05-17 23:23:31 | INFO     | ss_crawler | [crawler] Fetching test: https://www.ss.com/msg/lv/electronics/computers/pc/pxcmi.html
2026-05-17 23:23:33 | INFO     | ss_crawler | [ram_matcher] RAMMatcher initialized with 5284 RAM references
2026-05-17 23:23:33 | INFO     | ss_crawler | [ssd_matcher] SSDMatcher initialized with 2450 SSDs
2026-05-17 23:23:53 | INFO     | ss_crawler | [database] Database connected: localhost:5433/ss_market
2026-05-17 23:24:26 | INFO     | ss_crawler | [computer_scraper] Initializing computer scraper...
2026-05-17 23:24:26 | INFO     | ss_crawler | [database] Database connected: localhost:5433/ss_market
2026-05-17 23:24:26 | INFO     | ss_crawler | [computer_scraper] Database: postgresql+psycopg2://crawler:crawler_pass@localhost:5433/ss_market
2026-05-17 23:24:26 | INFO     | ss_crawler | [cpu_matcher] CPUMatcher initialized with 5320 CPUs
2026-05-17 23:24:26 | INFO     | ss_crawler | [matcher] GPUMatcher initialized with 631 GPUs
2026-05-17 23:24:27 | INFO     | ss_crawler | [ram_matcher] RAMMatcher initialized with 5284 RAM references
2026-05-17 23:24:27 | INFO     | ss_crawler | [ssd_matcher] SSDMatcher initialized with 2450 SSDs
2026-05-17 23:24:27 | INFO     | ss_crawler | [psu_matcher] PSUMatcher initialized with 2895 PSU references
2026-05-17 23:24:27 | INFO     | ss_crawler | [case_matcher] CaseMatcher initialized with 5740 case references
2026-05-17 23:24:28 | INFO     | ss_crawler | [motherboard_matcher] MotherboardMatcher initialized with 5729 motherboards
2026-05-17 23:24:28 | INFO     | ss_crawler | [computer_matcher] ComputerMatcher initialized: 5320 CPUs, 631 GPUs, 5284 RAMs, 2450 SSDs, 2895 PSUs, 5740 Cases, 5729 Motherboards
2026-05-17 23:24:28 | INFO     | ss_crawler | [computer_scraper] Loaded references: 5320 CPUs, 631 GPUs, 5284 RAMs, 2450 SSDs, 2895 PSUs, 5740 Cases, 5729 Motherboards
2026-05-17 23:24:28 | INFO     | ss_crawler | [computer_scraper] Initializing computer scraper...
2026-05-17 23:24:28 | INFO     | ss_crawler | [database] Database connected: localhost:5433/ss_market
2026-05-17 23:24:28 | INFO     | ss_crawler | [computer_scraper] Database: postgresql+psycopg2://crawler:crawler_pass@localhost:5433/ss_market
2026-05-17 23:24:29 | INFO     | ss_crawler | [cpu_matcher] CPUMatcher initialized with 5320 CPUs
2026-05-17 23:24:29 | INFO     | ss_crawler | [matcher] GPUMatcher initialized with 631 GPUs
2026-05-17 23:24:29 | INFO     | ss_crawler | [ram_matcher] RAMMatcher initialized with 5284 RAM references
2026-05-17 23:24:29 | INFO     | ss_crawler | [ssd_matcher] SSDMatcher initialized with 2450 SSDs
2026-05-17 23:24:30 | INFO     | ss_crawler | [psu_matcher] PSUMatcher initialized with 2895 PSU references
2026-05-17 23:24:30 | INFO     | ss_crawler | [case_matcher] CaseMatcher initialized with 5740 case references
2026-05-17 23:24:31 | INFO     | ss_crawler | [motherboard_matcher] MotherboardMatcher initialized with 5729 motherboards
2026-05-17 23:24:31 | INFO     | ss_crawler | [computer_matcher] ComputerMatcher initialized: 5320 CPUs, 631 GPUs, 5284 RAMs, 2450 SSDs, 2895 PSUs, 5740 Cases, 5729 Motherboards
2026-05-17 23:24:31 | INFO     | ss_crawler | [computer_scraper] Loaded references: 5320 CPUs, 631 GPUs, 5284 RAMs, 2450 SSDs, 2895 PSUs, 5740 Cases, 5729 Motherboards
2026-05-17 23:24:31 | INFO     | ss_crawler | [crawler] Fetching single computer listing: https://www.ss.com/msg/lv/electronics/computers/pc/pxcmi.html
2026-05-17 23:24:34 | INFO     | ss_crawler | [computer_scraper] Single scrape result: new - New: Datori un orgtehnika/Datori/ Pārdod...
2026-05-17 23:25:01 | INFO     | ss_crawler | [database] Database connected: localhost:5433/ss_market
2026-05-17 23:25:01 | INFO     | ss_crawler | [crawler] Fetching test: https://www.ss.com/msg/lv/electronics/computers/pc/pxcmi.html
2026-05-17 23:25:04 | INFO     | ss_crawler | [ram_matcher] RAMMatcher initialized with 5284 RAM references
2026-05-17 23:25:40 | INFO     | ss_crawler | [computer_scraper] Initializing computer scraper...
2026-05-17 23:25:40 | INFO     | ss_crawler | [database] Database connected: localhost:5433/ss_market
2026-05-17 23:25:40 | INFO     | ss_crawler | [computer_scraper] Database: postgresql+psycopg2://crawler:crawler_pass@localhost:5433/ss_market
2026-05-17 23:25:40 | INFO     | ss_crawler | [cpu_matcher] CPUMatcher initialized with 5320 CPUs
2026-05-17 23:25:40 | INFO     | ss_crawler | [matcher] GPUMatcher initialized with 631 GPUs
2026-05-17 23:25:40 | INFO     | ss_crawler | [ram_matcher] RAMMatcher initialized with 5284 RAM references
2026-05-17 23:25:41 | INFO     | ss_crawler | [ssd_matcher] SSDMatcher initialized with 2450 SSDs
2026-05-17 23:25:41 | INFO     | ss_crawler | [psu_matcher] PSUMatcher initialized with 2895 PSU references
2026-05-17 23:25:41 | INFO     | ss_crawler | [case_matcher] CaseMatcher initialized with 5740 case references
2026-05-17 23:25:42 | INFO     | ss_crawler | [motherboard_matcher] MotherboardMatcher initialized with 5729 motherboards
2026-05-17 23:25:42 | INFO     | ss_crawler | [computer_matcher] ComputerMatcher initialized: 5320 CPUs, 631 GPUs, 5284 RAMs, 2450 SSDs, 2895 PSUs, 5740 Cases, 5729 Motherboards
2026-05-17 23:25:42 | INFO     | ss_crawler | [computer_scraper] Loaded references: 5320 CPUs, 631 GPUs, 5284 RAMs, 2450 SSDs, 2895 PSUs, 5740 Cases, 5729 Motherboards
2026-05-17 23:25:42 | INFO     | ss_crawler | [computer_scraper] Initializing computer scraper...
2026-05-17 23:25:42 | INFO     | ss_crawler | [database] Database connected: localhost:5433/ss_market
2026-05-17 23:25:42 | INFO     | ss_crawler | [computer_scraper] Database: postgresql+psycopg2://crawler:crawler_pass@localhost:5433/ss_market
2026-05-17 23:25:43 | INFO     | ss_crawler | [cpu_matcher] CPUMatcher initialized with 5320 CPUs
2026-05-17 23:25:43 | INFO     | ss_crawler | [matcher] GPUMatcher initialized with 631 GPUs
2026-05-17 23:25:43 | INFO     | ss_crawler | [ram_matcher] RAMMatcher initialized with 5284 RAM references
2026-05-17 23:25:43 | INFO     | ss_crawler | [ssd_matcher] SSDMatcher initialized with 2450 SSDs
2026-05-17 23:25:43 | INFO     | ss_crawler | [psu_matcher] PSUMatcher initialized with 2895 PSU references
2026-05-17 23:25:44 | INFO     | ss_crawler | [case_matcher] CaseMatcher initialized with 5740 case references
2026-05-17 23:25:45 | INFO     | ss_crawler | [motherboard_matcher] MotherboardMatcher initialized with 5729 motherboards
2026-05-17 23:25:45 | INFO     | ss_crawler | [computer_matcher] ComputerMatcher initialized: 5320 CPUs, 631 GPUs, 5284 RAMs, 2450 SSDs, 2895 PSUs, 5740 Cases, 5729 Motherboards
2026-05-17 23:25:45 | INFO     | ss_crawler | [computer_scraper] Loaded references: 5320 CPUs, 631 GPUs, 5284 RAMs, 2450 SSDs, 2895 PSUs, 5740 Cases, 5729 Motherboards
2026-05-17 23:25:45 | INFO     | ss_crawler | [crawler] Fetching single computer listing: https://www.ss.com/msg/lv/electronics/computers/pc/pxcmi.html
2026-05-17 23:25:49 | INFO     | ss_crawler | [computer_scraper] Single scrape result: new - New: Datori un orgtehnika/Datori/ Pārdod...
2026-05-17 23:26:30 | INFO     | ss_crawler | [database] Database connected: localhost:5433/ss_market
2026-05-17 23:26:30 | INFO     | ss_crawler | [crawler] Fetching test: https://www.ss.com/msg/lv/electronics/computers/pc/pxcmi.html
2026-05-17 23:26:33 | INFO     | ss_crawler | [cpu_matcher] CPUMatcher initialized with 5320 CPUs
2026-05-17 23:26:33 | INFO     | ss_crawler | [matcher] GPUMatcher initialized with 631 GPUs
2026-05-17 23:26:33 | INFO     | ss_crawler | [ram_matcher] RAMMatcher initialized with 5284 RAM references
2026-05-17 23:26:33 | INFO     | ss_crawler | [ssd_matcher] SSDMatcher initialized with 2450 SSDs
2026-05-17 23:26:33 | INFO     | ss_crawler | [psu_matcher] PSUMatcher initialized with 2895 PSU references
2026-05-17 23:26:34 | INFO     | ss_crawler | [case_matcher] CaseMatcher initialized with 5740 case references
2026-05-17 23:26:35 | INFO     | ss_crawler | [motherboard_matcher] MotherboardMatcher initialized with 5729 motherboards
2026-05-17 23:26:35 | INFO     | ss_crawler | [computer_matcher] ComputerMatcher initialized: 5320 CPUs, 631 GPUs, 5284 RAMs, 2450 SSDs, 2895 PSUs, 5740 Cases, 5729 Motherboards
2026-05-17 23:28:02 | INFO     | ss_crawler | [computer_scraper] Initializing computer scraper...
2026-05-17 23:28:02 | INFO     | ss_crawler | [database] Database connected: localhost:5433/ss_market
2026-05-17 23:28:02 | INFO     | ss_crawler | [computer_scraper] Database: postgresql+psycopg2://crawler:crawler_pass@localhost:5433/ss_market
2026-05-17 23:28:03 | INFO     | ss_crawler | [cpu_matcher] CPUMatcher initialized with 5320 CPUs
2026-05-17 23:28:03 | INFO     | ss_crawler | [matcher] GPUMatcher initialized with 631 GPUs
2026-05-17 23:28:03 | INFO     | ss_crawler | [ram_matcher] RAMMatcher initialized with 5284 RAM references
2026-05-17 23:28:03 | INFO     | ss_crawler | [ssd_matcher] SSDMatcher initialized with 2450 SSDs
2026-05-17 23:28:03 | INFO     | ss_crawler | [psu_matcher] PSUMatcher initialized with 2895 PSU references
2026-05-17 23:28:03 | INFO     | ss_crawler | [case_matcher] CaseMatcher initialized with 5740 case references
2026-05-17 23:28:05 | INFO     | ss_crawler | [motherboard_matcher] MotherboardMatcher initialized with 5729 motherboards
2026-05-17 23:28:05 | INFO     | ss_crawler | [computer_matcher] ComputerMatcher initialized: 5320 CPUs, 631 GPUs, 5284 RAMs, 2450 SSDs, 2895 PSUs, 5740 Cases, 5729 Motherboards
2026-05-17 23:28:05 | INFO     | ss_crawler | [computer_scraper] Loaded references: 5320 CPUs, 631 GPUs, 5284 RAMs, 2450 SSDs, 2895 PSUs, 5740 Cases, 5729 Motherboards
2026-05-17 23:28:05 | INFO     | ss_crawler | [computer_scraper] Initializing computer scraper...
2026-05-17 23:28:05 | INFO     | ss_crawler | [database] Database connected: localhost:5433/ss_market
2026-05-17 23:28:05 | INFO     | ss_crawler | [computer_scraper] Database: postgresql+psycopg2://crawler:crawler_pass@localhost:5433/ss_market
2026-05-17 23:28:05 | INFO     | ss_crawler | [cpu_matcher] CPUMatcher initialized with 5320 CPUs
2026-05-17 23:28:05 | INFO     | ss_crawler | [matcher] GPUMatcher initialized with 631 GPUs
2026-05-17 23:28:06 | INFO     | ss_crawler | [ram_matcher] RAMMatcher initialized with 5284 RAM references
2026-05-17 23:28:06 | INFO     | ss_crawler | [ssd_matcher] SSDMatcher initialized with 2450 SSDs
2026-05-17 23:28:06 | INFO     | ss_crawler | [psu_matcher] PSUMatcher initialized with 2895 PSU references
2026-05-17 23:28:06 | INFO     | ss_crawler | [case_matcher] CaseMatcher initialized with 5740 case references
2026-05-17 23:28:07 | INFO     | ss_crawler | [motherboard_matcher] MotherboardMatcher initialized with 5729 motherboards
2026-05-17 23:28:07 | INFO     | ss_crawler | [computer_matcher] ComputerMatcher initialized: 5320 CPUs, 631 GPUs, 5284 RAMs, 2450 SSDs, 2895 PSUs, 5740 Cases, 5729 Motherboards
2026-05-17 23:28:07 | INFO     | ss_crawler | [computer_scraper] Loaded references: 5320 CPUs, 631 GPUs, 5284 RAMs, 2450 SSDs, 2895 PSUs, 5740 Cases, 5729 Motherboards
2026-05-17 23:28:07 | INFO     | ss_crawler | [crawler] Fetching single computer listing: https://www.ss.com/msg/lv/electronics/computers/pc/pxcmi.html
2026-05-17 23:28:11 | INFO     | ss_crawler | [computer_scraper] Single scrape result: new - New: Datori un orgtehnika/Datori/ Pārdod...
2026-05-17 23:28:35 | INFO     | ss_crawler | [database] Database connected: localhost:5433/ss_market
2026-05-17 23:28:35 | INFO     | ss_crawler | [crawler] Fetching test: https://www.ss.com/msg/lv/electronics/computers/pc/pxcmi.html
2026-05-17 23:29:05 | INFO     | ss_crawler | [computer_scraper] Initializing computer scraper...
2026-05-17 23:29:05 | INFO     | ss_crawler | [database] Database connected: localhost:5433/ss_market
2026-05-17 23:29:05 | INFO     | ss_crawler | [computer_scraper] Database: postgresql+psycopg2://crawler:crawler_pass@localhost:5433/ss_market
2026-05-17 23:29:06 | INFO     | ss_crawler | [cpu_matcher] CPUMatcher initialized with 5320 CPUs
2026-05-17 23:29:06 | INFO     | ss_crawler | [matcher] GPUMatcher initialized with 631 GPUs
2026-05-17 23:29:06 | INFO     | ss_crawler | [ram_matcher] RAMMatcher initialized with 5284 RAM references
2026-05-17 23:29:06 | INFO     | ss_crawler | [ssd_matcher] SSDMatcher initialized with 2450 SSDs
2026-05-17 23:29:07 | INFO     | ss_crawler | [psu_matcher] PSUMatcher initialized with 2895 PSU references
2026-05-17 23:29:07 | INFO     | ss_crawler | [case_matcher] CaseMatcher initialized with 5740 case references
2026-05-17 23:29:08 | INFO     | ss_crawler | [motherboard_matcher] MotherboardMatcher initialized with 5729 motherboards
2026-05-17 23:29:08 | INFO     | ss_crawler | [computer_matcher] ComputerMatcher initialized: 5320 CPUs, 631 GPUs, 5284 RAMs, 2450 SSDs, 2895 PSUs, 5740 Cases, 5729 Motherboards
2026-05-17 23:29:08 | INFO     | ss_crawler | [computer_scraper] Loaded references: 5320 CPUs, 631 GPUs, 5284 RAMs, 2450 SSDs, 2895 PSUs, 5740 Cases, 5729 Motherboards
2026-05-17 23:29:08 | INFO     | ss_crawler | [computer_scraper] Initializing computer scraper...
2026-05-17 23:29:08 | INFO     | ss_crawler | [database] Database connected: localhost:5433/ss_market
2026-05-17 23:29:08 | INFO     | ss_crawler | [computer_scraper] Database: postgresql+psycopg2://crawler:crawler_pass@localhost:5433/ss_market
2026-05-17 23:29:09 | INFO     | ss_crawler | [cpu_matcher] CPUMatcher initialized with 5320 CPUs
2026-05-17 23:29:09 | INFO     | ss_crawler | [matcher] GPUMatcher initialized with 631 GPUs
2026-05-17 23:29:09 | INFO     | ss_crawler | [ram_matcher] RAMMatcher initialized with 5284 RAM references
2026-05-17 23:29:09 | INFO     | ss_crawler | [ssd_matcher] SSDMatcher initialized with 2450 SSDs
2026-05-17 23:29:09 | INFO     | ss_crawler | [psu_matcher] PSUMatcher initialized with 2895 PSU references
2026-05-17 23:29:09 | INFO     | ss_crawler | [case_matcher] CaseMatcher initialized with 5740 case references
2026-05-17 23:29:11 | INFO     | ss_crawler | [motherboard_matcher] MotherboardMatcher initialized with 5729 motherboards
2026-05-17 23:29:11 | INFO     | ss_crawler | [computer_matcher] ComputerMatcher initialized: 5320 CPUs, 631 GPUs, 5284 RAMs, 2450 SSDs, 2895 PSUs, 5740 Cases, 5729 Motherboards
2026-05-17 23:29:11 | INFO     | ss_crawler | [computer_scraper] Loaded references: 5320 CPUs, 631 GPUs, 5284 RAMs, 2450 SSDs, 2895 PSUs, 5740 Cases, 5729 Motherboards
2026-05-17 23:29:11 | INFO     | ss_crawler | [crawler] Fetching single computer listing: https://www.ss.com/msg/lv/electronics/computers/pc/pxcmi.html
2026-05-17 23:29:14 | INFO     | ss_crawler | [computer_scraper] Single scrape result: new - New: Datori un orgtehnika/Datori/ Pārdod...
2026-05-17 23:29:40 | INFO     | ss_crawler | [database] Database connected: localhost:5433/ss_market
2026-05-17 23:29:40 | INFO     | ss_crawler | [crawler] Fetching test: https://www.ss.com/msg/lv/electronics/computers/pc/pxcmi.html
2026-05-17 23:29:42 | INFO     | ss_crawler | [psu_matcher] PSUMatcher initialized with 2895 PSU references
2026-05-17 23:30:53 | INFO     | ss_crawler | [computer_scraper] Initializing computer scraper...
2026-05-17 23:30:53 | INFO     | ss_crawler | [database] Database connected: localhost:5433/ss_market
2026-05-17 23:30:53 | INFO     | ss_crawler | [computer_scraper] Database: postgresql+psycopg2://crawler:crawler_pass@localhost:5433/ss_market
2026-05-17 23:30:54 | INFO     | ss_crawler | [cpu_matcher] CPUMatcher initialized with 5320 CPUs
2026-05-17 23:30:54 | INFO     | ss_crawler | [matcher] GPUMatcher initialized with 631 GPUs
2026-05-17 23:30:54 | INFO     | ss_crawler | [ram_matcher] RAMMatcher initialized with 5284 RAM references
2026-05-17 23:30:54 | INFO     | ss_crawler | [ssd_matcher] SSDMatcher initialized with 2450 SSDs
2026-05-17 23:30:54 | INFO     | ss_crawler | [psu_matcher] PSUMatcher initialized with 2895 PSU references
2026-05-17 23:30:54 | INFO     | ss_crawler | [case_matcher] CaseMatcher initialized with 5740 case references
2026-05-17 23:30:56 | INFO     | ss_crawler | [motherboard_matcher] MotherboardMatcher initialized with 5729 motherboards
2026-05-17 23:30:56 | INFO     | ss_crawler | [computer_matcher] ComputerMatcher initialized: 5320 CPUs, 631 GPUs, 5284 RAMs, 2450 SSDs, 2895 PSUs, 5740 Cases, 5729 Motherboards
2026-05-17 23:30:56 | INFO     | ss_crawler | [computer_scraper] Loaded references: 5320 CPUs, 631 GPUs, 5284 RAMs, 2450 SSDs, 2895 PSUs, 5740 Cases, 5729 Motherboards
2026-05-17 23:30:56 | INFO     | ss_crawler | [computer_scraper] Initializing computer scraper...
2026-05-17 23:30:56 | INFO     | ss_crawler | [database] Database connected: localhost:5433/ss_market
2026-05-17 23:30:56 | INFO     | ss_crawler | [computer_scraper] Database: postgresql+psycopg2://crawler:crawler_pass@localhost:5433/ss_market
2026-05-17 23:30:56 | INFO     | ss_crawler | [cpu_matcher] CPUMatcher initialized with 5320 CPUs
2026-05-17 23:30:56 | INFO     | ss_crawler | [matcher] GPUMatcher initialized with 631 GPUs
2026-05-17 23:30:57 | INFO     | ss_crawler | [ram_matcher] RAMMatcher initialized with 5284 RAM references
2026-05-17 23:30:57 | INFO     | ss_crawler | [ssd_matcher] SSDMatcher initialized with 2450 SSDs
2026-05-17 23:30:57 | INFO     | ss_crawler | [psu_matcher] PSUMatcher initialized with 2895 PSU references
2026-05-17 23:30:57 | INFO     | ss_crawler | [case_matcher] CaseMatcher initialized with 5740 case references
2026-05-17 23:30:58 | INFO     | ss_crawler | [motherboard_matcher] MotherboardMatcher initialized with 5729 motherboards
2026-05-17 23:30:58 | INFO     | ss_crawler | [computer_matcher] ComputerMatcher initialized: 5320 CPUs, 631 GPUs, 5284 RAMs, 2450 SSDs, 2895 PSUs, 5740 Cases, 5729 Motherboards
2026-05-17 23:30:58 | INFO     | ss_crawler | [computer_scraper] Loaded references: 5320 CPUs, 631 GPUs, 5284 RAMs, 2450 SSDs, 2895 PSUs, 5740 Cases, 5729 Motherboards
2026-05-17 23:30:58 | INFO     | ss_crawler | [crawler] Fetching single computer listing: https://www.ss.com/msg/lv/electronics/computers/pc/pxcmi.html
2026-05-17 23:31:00 | INFO     | ss_crawler | [computer_scraper] Single scrape result: new - New: Datori un orgtehnika/Datori/ Pārdod...
2026-05-17 23:31:36 | INFO     | ss_crawler | [database] Database connected: localhost:5433/ss_market
2026-05-17 23:32:54 | INFO     | ss_crawler | [computer_scraper] Initializing computer scraper...
2026-05-17 23:32:54 | INFO     | ss_crawler | [database] Database connected: localhost:5433/ss_market
2026-05-17 23:32:54 | INFO     | ss_crawler | [computer_scraper] Database: postgresql+psycopg2://crawler:crawler_pass@localhost:5433/ss_market
2026-05-17 23:32:55 | INFO     | ss_crawler | [cpu_matcher] CPUMatcher initialized with 5320 CPUs
2026-05-17 23:32:55 | INFO     | ss_crawler | [matcher] GPUMatcher initialized with 631 GPUs
2026-05-17 23:32:55 | INFO     | ss_crawler | [ram_matcher] RAMMatcher initialized with 5284 RAM references
2026-05-17 23:32:55 | INFO     | ss_crawler | [ssd_matcher] SSDMatcher initialized with 2450 SSDs
2026-05-17 23:32:55 | INFO     | ss_crawler | [psu_matcher] PSUMatcher initialized with 2895 PSU references
2026-05-17 23:32:55 | INFO     | ss_crawler | [case_matcher] CaseMatcher initialized with 5740 case references
2026-05-17 23:32:57 | INFO     | ss_crawler | [motherboard_matcher] MotherboardMatcher initialized with 5729 motherboards
2026-05-17 23:32:57 | INFO     | ss_crawler | [computer_matcher] ComputerMatcher initialized: 5320 CPUs, 631 GPUs, 5284 RAMs, 2450 SSDs, 2895 PSUs, 5740 Cases, 5729 Motherboards
2026-05-17 23:32:57 | INFO     | ss_crawler | [computer_scraper] Loaded references: 5320 CPUs, 631 GPUs, 5284 RAMs, 2450 SSDs, 2895 PSUs, 5740 Cases, 5729 Motherboards
2026-05-17 23:32:57 | INFO     | ss_crawler | [computer_scraper] Initializing computer scraper...
2026-05-17 23:32:57 | INFO     | ss_crawler | [database] Database connected: localhost:5433/ss_market
2026-05-17 23:32:57 | INFO     | ss_crawler | [computer_scraper] Database: postgresql+psycopg2://crawler:crawler_pass@localhost:5433/ss_market
2026-05-17 23:32:57 | INFO     | ss_crawler | [cpu_matcher] CPUMatcher initialized with 5320 CPUs
2026-05-17 23:32:57 | INFO     | ss_crawler | [matcher] GPUMatcher initialized with 631 GPUs
2026-05-17 23:32:58 | INFO     | ss_crawler | [ram_matcher] RAMMatcher initialized with 5284 RAM references
2026-05-17 23:32:58 | INFO     | ss_crawler | [ssd_matcher] SSDMatcher initialized with 2450 SSDs
2026-05-17 23:32:58 | INFO     | ss_crawler | [psu_matcher] PSUMatcher initialized with 2895 PSU references
2026-05-17 23:32:58 | INFO     | ss_crawler | [case_matcher] CaseMatcher initialized with 5740 case references
2026-05-17 23:32:59 | INFO     | ss_crawler | [motherboard_matcher] MotherboardMatcher initialized with 5729 motherboards
2026-05-17 23:32:59 | INFO     | ss_crawler | [computer_matcher] ComputerMatcher initialized: 5320 CPUs, 631 GPUs, 5284 RAMs, 2450 SSDs, 2895 PSUs, 5740 Cases, 5729 Motherboards
2026-05-17 23:32:59 | INFO     | ss_crawler | [computer_scraper] Loaded references: 5320 CPUs, 631 GPUs, 5284 RAMs, 2450 SSDs, 2895 PSUs, 5740 Cases, 5729 Motherboards
2026-05-17 23:32:59 | INFO     | ss_crawler | [crawler] Fetching single computer listing: https://www.ss.com/msg/lv/electronics/computers/pc/pxcmi.html
2026-05-17 23:33:02 | INFO     | ss_crawler | [computer_scraper] Single scrape result: new - New: Datori un orgtehnika/Datori/ Pārdod...
2026-05-17 23:33:42 | INFO     | ss_crawler | [database] Database connected: localhost:5433/ss_market
2026-05-17 23:34:24 | INFO     | ss_crawler | [computer_scraper] Initializing computer scraper...
2026-05-17 23:34:24 | INFO     | ss_crawler | [database] Database connected: localhost:5433/ss_market
2026-05-17 23:34:24 | INFO     | ss_crawler | [computer_scraper] Database: postgresql+psycopg2://crawler:crawler_pass@localhost:5433/ss_market
2026-05-17 23:34:25 | INFO     | ss_crawler | [cpu_matcher] CPUMatcher initialized with 5320 CPUs
2026-05-17 23:34:25 | INFO     | ss_crawler | [matcher] GPUMatcher initialized with 631 GPUs
2026-05-17 23:34:25 | INFO     | ss_crawler | [ram_matcher] RAMMatcher initialized with 5284 RAM references
2026-05-17 23:34:25 | INFO     | ss_crawler | [ssd_matcher] SSDMatcher initialized with 2450 SSDs
2026-05-17 23:34:25 | INFO     | ss_crawler | [psu_matcher] PSUMatcher initialized with 2895 PSU references
2026-05-17 23:34:25 | INFO     | ss_crawler | [case_matcher] CaseMatcher initialized with 5740 case references
2026-05-17 23:34:27 | INFO     | ss_crawler | [motherboard_matcher] MotherboardMatcher initialized with 5729 motherboards
2026-05-17 23:34:27 | INFO     | ss_crawler | [computer_matcher] ComputerMatcher initialized: 5320 CPUs, 631 GPUs, 5284 RAMs, 2450 SSDs, 2895 PSUs, 5740 Cases, 5729 Motherboards
2026-05-17 23:34:27 | INFO     | ss_crawler | [computer_scraper] Loaded references: 5320 CPUs, 631 GPUs, 5284 RAMs, 2450 SSDs, 2895 PSUs, 5740 Cases, 5729 Motherboards
2026-05-17 23:34:27 | INFO     | ss_crawler | [computer_scraper] Initializing computer scraper...
2026-05-17 23:34:27 | INFO     | ss_crawler | [database] Database connected: localhost:5433/ss_market
2026-05-17 23:34:27 | INFO     | ss_crawler | [computer_scraper] Database: postgresql+psycopg2://crawler:crawler_pass@localhost:5433/ss_market
2026-05-17 23:34:27 | INFO     | ss_crawler | [cpu_matcher] CPUMatcher initialized with 5320 CPUs
2026-05-17 23:34:27 | INFO     | ss_crawler | [matcher] GPUMatcher initialized with 631 GPUs
2026-05-17 23:34:27 | INFO     | ss_crawler | [ram_matcher] RAMMatcher initialized with 5284 RAM references
2026-05-17 23:34:28 | INFO     | ss_crawler | [ssd_matcher] SSDMatcher initialized with 2450 SSDs
2026-05-17 23:34:28 | INFO     | ss_crawler | [psu_matcher] PSUMatcher initialized with 2895 PSU references
2026-05-17 23:34:28 | INFO     | ss_crawler | [case_matcher] CaseMatcher initialized with 5740 case references
2026-05-17 23:34:29 | INFO     | ss_crawler | [motherboard_matcher] MotherboardMatcher initialized with 5729 motherboards
2026-05-17 23:34:29 | INFO     | ss_crawler | [computer_matcher] ComputerMatcher initialized: 5320 CPUs, 631 GPUs, 5284 RAMs, 2450 SSDs, 2895 PSUs, 5740 Cases, 5729 Motherboards
2026-05-17 23:34:29 | INFO     | ss_crawler | [computer_scraper] Loaded references: 5320 CPUs, 631 GPUs, 5284 RAMs, 2450 SSDs, 2895 PSUs, 5740 Cases, 5729 Motherboards
2026-05-17 23:34:29 | INFO     | ss_crawler | [crawler] Fetching single computer listing: https://www.ss.com/msg/lv/electronics/computers/pc/pxcmi.html
2026-05-17 23:34:33 | INFO     | ss_crawler | [computer_scraper] Single scrape result: new - New: Datori un orgtehnika/Datori/ Pārdod...
2026-05-17 23:36:04 | INFO     | ss_crawler | [computer_scraper] Initializing computer scraper...
2026-05-17 23:36:04 | INFO     | ss_crawler | [database] Database connected: localhost:5433/ss_market
2026-05-17 23:36:04 | INFO     | ss_crawler | [computer_scraper] Database: postgresql+psycopg2://crawler:crawler_pass@localhost:5433/ss_market
2026-05-17 23:36:05 | INFO     | ss_crawler | [cpu_matcher] CPUMatcher initialized with 5320 CPUs
2026-05-17 23:36:05 | INFO     | ss_crawler | [matcher] GPUMatcher initialized with 631 GPUs
2026-05-17 23:36:05 | INFO     | ss_crawler | [ram_matcher] RAMMatcher initialized with 5284 RAM references
2026-05-17 23:36:05 | INFO     | ss_crawler | [ssd_matcher] SSDMatcher initialized with 2450 SSDs
2026-05-17 23:36:05 | INFO     | ss_crawler | [psu_matcher] PSUMatcher initialized with 2895 PSU references
2026-05-17 23:36:05 | INFO     | ss_crawler | [case_matcher] CaseMatcher initialized with 5740 case references
2026-05-17 23:36:07 | INFO     | ss_crawler | [motherboard_matcher] MotherboardMatcher initialized with 5729 motherboards
2026-05-17 23:36:07 | INFO     | ss_crawler | [computer_matcher] ComputerMatcher initialized: 5320 CPUs, 631 GPUs, 5284 RAMs, 2450 SSDs, 2895 PSUs, 5740 Cases, 5729 Motherboards
2026-05-17 23:36:07 | INFO     | ss_crawler | [computer_scraper] Loaded references: 5320 CPUs, 631 GPUs, 5284 RAMs, 2450 SSDs, 2895 PSUs, 5740 Cases, 5729 Motherboards
2026-05-17 23:36:07 | INFO     | ss_crawler | [computer_scraper] Initializing computer scraper...
2026-05-17 23:36:07 | INFO     | ss_crawler | [database] Database connected: localhost:5433/ss_market
2026-05-17 23:36:07 | INFO     | ss_crawler | [computer_scraper] Database: postgresql+psycopg2://crawler:crawler_pass@localhost:5433/ss_market
2026-05-17 23:36:07 | INFO     | ss_crawler | [cpu_matcher] CPUMatcher initialized with 5320 CPUs
2026-05-17 23:36:07 | INFO     | ss_crawler | [matcher] GPUMatcher initialized with 631 GPUs
2026-05-17 23:36:08 | INFO     | ss_crawler | [ram_matcher] RAMMatcher initialized with 5284 RAM references
2026-05-17 23:36:08 | INFO     | ss_crawler | [ssd_matcher] SSDMatcher initialized with 2450 SSDs
2026-05-17 23:36:08 | INFO     | ss_crawler | [psu_matcher] PSUMatcher initialized with 2895 PSU references
2026-05-17 23:36:08 | INFO     | ss_crawler | [case_matcher] CaseMatcher initialized with 5740 case references
2026-05-17 23:36:09 | INFO     | ss_crawler | [motherboard_matcher] MotherboardMatcher initialized with 5729 motherboards
2026-05-17 23:36:09 | INFO     | ss_crawler | [computer_matcher] ComputerMatcher initialized: 5320 CPUs, 631 GPUs, 5284 RAMs, 2450 SSDs, 2895 PSUs, 5740 Cases, 5729 Motherboards
2026-05-17 23:36:09 | INFO     | ss_crawler | [computer_scraper] Loaded references: 5320 CPUs, 631 GPUs, 5284 RAMs, 2450 SSDs, 2895 PSUs, 5740 Cases, 5729 Motherboards
2026-05-17 23:36:09 | INFO     | ss_crawler | [crawler] Fetching single computer listing: https://www.ss.com/msg/lv/electronics/computers/pc/pxcmi.html
2026-05-17 23:36:12 | INFO     | ss_crawler | [computer_scraper] Single scrape result: unchanged - Unchanged: Datori un orgtehnika/Datori/ Pārdod...
2026-05-17 23:38:51 | INFO     | ss_crawler | [computer_scraper] Initializing computer scraper...
2026-05-17 23:38:51 | INFO     | ss_crawler | [database] Database connected: localhost:5433/ss_market
2026-05-17 23:38:51 | INFO     | ss_crawler | [computer_scraper] Database: postgresql+psycopg2://crawler:crawler_pass@localhost:5433/ss_market
2026-05-17 23:38:52 | INFO     | ss_crawler | [cpu_matcher] CPUMatcher initialized with 5320 CPUs
2026-05-17 23:38:52 | INFO     | ss_crawler | [matcher] GPUMatcher initialized with 631 GPUs
2026-05-17 23:38:52 | INFO     | ss_crawler | [ram_matcher] RAMMatcher initialized with 5284 RAM references
2026-05-17 23:38:52 | INFO     | ss_crawler | [ssd_matcher] SSDMatcher initialized with 2450 SSDs
2026-05-17 23:38:52 | INFO     | ss_crawler | [psu_matcher] PSUMatcher initialized with 2895 PSU references
2026-05-17 23:38:53 | INFO     | ss_crawler | [case_matcher] CaseMatcher initialized with 5740 case references
2026-05-17 23:38:54 | INFO     | ss_crawler | [motherboard_matcher] MotherboardMatcher initialized with 5729 motherboards
2026-05-17 23:38:54 | INFO     | ss_crawler | [computer_matcher] ComputerMatcher initialized: 5320 CPUs, 631 GPUs, 5284 RAMs, 2450 SSDs, 2895 PSUs, 5740 Cases, 5729 Motherboards
2026-05-17 23:38:54 | INFO     | ss_crawler | [computer_scraper] Loaded references: 5320 CPUs, 631 GPUs, 5284 RAMs, 2450 SSDs, 2895 PSUs, 5740 Cases, 5729 Motherboards
2026-05-17 23:38:54 | INFO     | ss_crawler | [computer_scraper] Initializing computer scraper...
2026-05-17 23:38:54 | INFO     | ss_crawler | [database] Database connected: localhost:5433/ss_market
2026-05-17 23:38:54 | INFO     | ss_crawler | [computer_scraper] Database: postgresql+psycopg2://crawler:crawler_pass@localhost:5433/ss_market
2026-05-17 23:38:54 | INFO     | ss_crawler | [cpu_matcher] CPUMatcher initialized with 5320 CPUs
2026-05-17 23:38:54 | INFO     | ss_crawler | [matcher] GPUMatcher initialized with 631 GPUs
2026-05-17 23:38:55 | INFO     | ss_crawler | [ram_matcher] RAMMatcher initialized with 5284 RAM references
2026-05-17 23:38:55 | INFO     | ss_crawler | [ssd_matcher] SSDMatcher initialized with 2450 SSDs
2026-05-17 23:38:55 | INFO     | ss_crawler | [psu_matcher] PSUMatcher initialized with 2895 PSU references
2026-05-17 23:38:55 | INFO     | ss_crawler | [case_matcher] CaseMatcher initialized with 5740 case references
2026-05-17 23:38:56 | INFO     | ss_crawler | [motherboard_matcher] MotherboardMatcher initialized with 5729 motherboards
2026-05-17 23:38:56 | INFO     | ss_crawler | [computer_matcher] ComputerMatcher initialized: 5320 CPUs, 631 GPUs, 5284 RAMs, 2450 SSDs, 2895 PSUs, 5740 Cases, 5729 Motherboards
2026-05-17 23:38:56 | INFO     | ss_crawler | [computer_scraper] Loaded references: 5320 CPUs, 631 GPUs, 5284 RAMs, 2450 SSDs, 2895 PSUs, 5740 Cases, 5729 Motherboards
2026-05-17 23:38:56 | INFO     | ss_crawler | [crawler] Fetching single computer listing: https://www.ss.com/msg/lv/electronics/computers/pc/jnolo.html
2026-05-17 23:39:01 | INFO     | ss_crawler | [computer_scraper] Single scrape result: new - New: Datori un orgtehnika/Datori/ Pārdod...
2026-05-17 23:45:17 | INFO     | ss_crawler | [computer_scraper] Initializing computer scraper...
2026-05-17 23:45:17 | INFO     | ss_crawler | [database] Database connected: localhost:5433/ss_market
2026-05-17 23:45:17 | INFO     | ss_crawler | [computer_scraper] Database: postgresql+psycopg2://crawler:crawler_pass@localhost:5433/ss_market
2026-05-17 23:45:17 | INFO     | ss_crawler | [cpu_matcher] CPUMatcher initialized with 5320 CPUs
2026-05-17 23:45:17 | INFO     | ss_crawler | [matcher] GPUMatcher initialized with 631 GPUs
2026-05-17 23:45:17 | INFO     | ss_crawler | [ram_matcher] RAMMatcher initialized with 5284 RAM references
2026-05-17 23:45:18 | INFO     | ss_crawler | [ssd_matcher] SSDMatcher initialized with 2450 SSDs
2026-05-17 23:45:18 | INFO     | ss_crawler | [psu_matcher] PSUMatcher initialized with 2895 PSU references
2026-05-17 23:45:18 | INFO     | ss_crawler | [case_matcher] CaseMatcher initialized with 5740 case references
2026-05-17 23:45:19 | INFO     | ss_crawler | [motherboard_matcher] MotherboardMatcher initialized with 5729 motherboards
2026-05-17 23:45:19 | INFO     | ss_crawler | [computer_matcher] ComputerMatcher initialized: 5320 CPUs, 631 GPUs, 5284 RAMs, 2450 SSDs, 2895 PSUs, 5740 Cases, 5729 Motherboards
2026-05-17 23:45:19 | INFO     | ss_crawler | [computer_scraper] Loaded references: 5320 CPUs, 631 GPUs, 5284 RAMs, 2450 SSDs, 2895 PSUs, 5740 Cases, 5729 Motherboards
2026-05-17 23:45:19 | INFO     | ss_crawler | [computer_scraper] Initializing computer scraper...
2026-05-17 23:45:19 | INFO     | ss_crawler | [database] Database connected: localhost:5433/ss_market
2026-05-17 23:45:19 | INFO     | ss_crawler | [computer_scraper] Database: postgresql+psycopg2://crawler:crawler_pass@localhost:5433/ss_market
2026-05-17 23:45:20 | INFO     | ss_crawler | [cpu_matcher] CPUMatcher initialized with 5320 CPUs
2026-05-17 23:45:20 | INFO     | ss_crawler | [matcher] GPUMatcher initialized with 631 GPUs
2026-05-17 23:45:20 | INFO     | ss_crawler | [ram_matcher] RAMMatcher initialized with 5284 RAM references
2026-05-17 23:45:20 | INFO     | ss_crawler | [ssd_matcher] SSDMatcher initialized with 2450 SSDs
2026-05-17 23:45:20 | INFO     | ss_crawler | [psu_matcher] PSUMatcher initialized with 2895 PSU references
2026-05-17 23:45:21 | INFO     | ss_crawler | [case_matcher] CaseMatcher initialized with 5740 case references
2026-05-17 23:45:22 | INFO     | ss_crawler | [motherboard_matcher] MotherboardMatcher initialized with 5729 motherboards
2026-05-17 23:45:22 | INFO     | ss_crawler | [computer_matcher] ComputerMatcher initialized: 5320 CPUs, 631 GPUs, 5284 RAMs, 2450 SSDs, 2895 PSUs, 5740 Cases, 5729 Motherboards
2026-05-17 23:45:22 | INFO     | ss_crawler | [computer_scraper] Loaded references: 5320 CPUs, 631 GPUs, 5284 RAMs, 2450 SSDs, 2895 PSUs, 5740 Cases, 5729 Motherboards
2026-05-17 23:45:22 | INFO     | ss_crawler | [crawler] Fetching single computer listing: https://www.ss.com/msg/lv/electronics/computers/pc/lpgxh.html
2026-05-17 23:45:25 | INFO     | ss_crawler | [computer_scraper] Single scrape result: new - New: Datori un orgtehnika/Datori/ Pārdod...
2026-05-17 23:45:31 | INFO     | ss_crawler | [crawler] Fetching test: https://www.ss.com/msg/lv/electronics/computers/pc/jnolo.html
2026-05-17 23:45:51 | INFO     | ss_crawler | [crawler] Fetching test: https://www.ss.com/msg/lv/electronics/computers/pc/jnolo.html
2026-05-17 23:47:11 | INFO     | ss_crawler | [computer_scraper] Initializing computer scraper...
2026-05-17 23:47:11 | INFO     | ss_crawler | [database] Database connected: localhost:5433/ss_market
2026-05-17 23:47:11 | INFO     | ss_crawler | [computer_scraper] Database: postgresql+psycopg2://crawler:crawler_pass@localhost:5433/ss_market
2026-05-17 23:47:12 | INFO     | ss_crawler | [cpu_matcher] CPUMatcher initialized with 5320 CPUs
2026-05-17 23:47:12 | INFO     | ss_crawler | [matcher] GPUMatcher initialized with 631 GPUs
2026-05-17 23:47:12 | INFO     | ss_crawler | [ram_matcher] RAMMatcher initialized with 5284 RAM references
2026-05-17 23:47:12 | INFO     | ss_crawler | [ssd_matcher] SSDMatcher initialized with 2450 SSDs
2026-05-17 23:47:12 | INFO     | ss_crawler | [psu_matcher] PSUMatcher initialized with 2895 PSU references
2026-05-17 23:47:12 | INFO     | ss_crawler | [case_matcher] CaseMatcher initialized with 5740 case references
2026-05-17 23:47:14 | INFO     | ss_crawler | [motherboard_matcher] MotherboardMatcher initialized with 5729 motherboards
2026-05-17 23:47:14 | INFO     | ss_crawler | [computer_matcher] ComputerMatcher initialized: 5320 CPUs, 631 GPUs, 5284 RAMs, 2450 SSDs, 2895 PSUs, 5740 Cases, 5729 Motherboards
2026-05-17 23:47:14 | INFO     | ss_crawler | [computer_scraper] Loaded references: 5320 CPUs, 631 GPUs, 5284 RAMs, 2450 SSDs, 2895 PSUs, 5740 Cases, 5729 Motherboards
2026-05-17 23:47:14 | INFO     | ss_crawler | [computer_scraper] Initializing computer scraper...
2026-05-17 23:47:14 | INFO     | ss_crawler | [database] Database connected: localhost:5433/ss_market
2026-05-17 23:47:14 | INFO     | ss_crawler | [computer_scraper] Database: postgresql+psycopg2://crawler:crawler_pass@localhost:5433/ss_market
2026-05-17 23:47:14 | INFO     | ss_crawler | [cpu_matcher] CPUMatcher initialized with 5320 CPUs
2026-05-17 23:47:14 | INFO     | ss_crawler | [matcher] GPUMatcher initialized with 631 GPUs
2026-05-17 23:47:14 | INFO     | ss_crawler | [ram_matcher] RAMMatcher initialized with 5284 RAM references
2026-05-17 23:47:15 | INFO     | ss_crawler | [ssd_matcher] SSDMatcher initialized with 2450 SSDs
2026-05-17 23:47:15 | INFO     | ss_crawler | [psu_matcher] PSUMatcher initialized with 2895 PSU references
2026-05-17 23:47:15 | INFO     | ss_crawler | [case_matcher] CaseMatcher initialized with 5740 case references
2026-05-17 23:47:16 | INFO     | ss_crawler | [motherboard_matcher] MotherboardMatcher initialized with 5729 motherboards
2026-05-17 23:47:16 | INFO     | ss_crawler | [computer_matcher] ComputerMatcher initialized: 5320 CPUs, 631 GPUs, 5284 RAMs, 2450 SSDs, 2895 PSUs, 5740 Cases, 5729 Motherboards
2026-05-17 23:47:16 | INFO     | ss_crawler | [computer_scraper] Loaded references: 5320 CPUs, 631 GPUs, 5284 RAMs, 2450 SSDs, 2895 PSUs, 5740 Cases, 5729 Motherboards
2026-05-17 23:47:16 | INFO     | ss_crawler | [crawler] Fetching single computer listing: https://www.ss.com/msg/lv/electronics/computers/pc/jnolo.html
2026-05-17 23:47:21 | INFO     | ss_crawler | [computer_scraper] Single scrape result: new - New: Datori un orgtehnika/Datori/ Pārdod...
2026-05-17 23:48:31 | INFO     | ss_crawler | [computer_scraper] Initializing computer scraper...
2026-05-17 23:48:31 | INFO     | ss_crawler | [database] Database connected: localhost:5433/ss_market
2026-05-17 23:48:31 | INFO     | ss_crawler | [computer_scraper] Database: postgresql+psycopg2://crawler:crawler_pass@localhost:5433/ss_market
2026-05-17 23:48:31 | INFO     | ss_crawler | [cpu_matcher] CPUMatcher initialized with 5320 CPUs
2026-05-17 23:48:31 | INFO     | ss_crawler | [matcher] GPUMatcher initialized with 631 GPUs
2026-05-17 23:48:31 | INFO     | ss_crawler | [ram_matcher] RAMMatcher initialized with 5284 RAM references
2026-05-17 23:48:31 | INFO     | ss_crawler | [ssd_matcher] SSDMatcher initialized with 2450 SSDs
2026-05-17 23:48:32 | INFO     | ss_crawler | [psu_matcher] PSUMatcher initialized with 2895 PSU references
2026-05-17 23:48:32 | INFO     | ss_crawler | [case_matcher] CaseMatcher initialized with 5740 case references
2026-05-17 23:48:33 | INFO     | ss_crawler | [motherboard_matcher] MotherboardMatcher initialized with 5729 motherboards
2026-05-17 23:48:33 | INFO     | ss_crawler | [computer_matcher] ComputerMatcher initialized: 5320 CPUs, 631 GPUs, 5284 RAMs, 2450 SSDs, 2895 PSUs, 5740 Cases, 5729 Motherboards
2026-05-17 23:48:33 | INFO     | ss_crawler | [computer_scraper] Loaded references: 5320 CPUs, 631 GPUs, 5284 RAMs, 2450 SSDs, 2895 PSUs, 5740 Cases, 5729 Motherboards
2026-05-17 23:48:33 | INFO     | ss_crawler | [computer_scraper] Initializing computer scraper...
2026-05-17 23:48:33 | INFO     | ss_crawler | [database] Database connected: localhost:5433/ss_market
2026-05-17 23:48:33 | INFO     | ss_crawler | [computer_scraper] Database: postgresql+psycopg2://crawler:crawler_pass@localhost:5433/ss_market
2026-05-17 23:48:34 | INFO     | ss_crawler | [cpu_matcher] CPUMatcher initialized with 5320 CPUs
2026-05-17 23:48:34 | INFO     | ss_crawler | [matcher] GPUMatcher initialized with 631 GPUs
2026-05-17 23:48:34 | INFO     | ss_crawler | [ram_matcher] RAMMatcher initialized with 5284 RAM references
2026-05-17 23:48:34 | INFO     | ss_crawler | [ssd_matcher] SSDMatcher initialized with 2450 SSDs
2026-05-17 23:48:34 | INFO     | ss_crawler | [psu_matcher] PSUMatcher initialized with 2895 PSU references
2026-05-17 23:48:34 | INFO     | ss_crawler | [case_matcher] CaseMatcher initialized with 5740 case references
2026-05-17 23:48:36 | INFO     | ss_crawler | [motherboard_matcher] MotherboardMatcher initialized with 5729 motherboards
2026-05-17 23:48:36 | INFO     | ss_crawler | [computer_matcher] ComputerMatcher initialized: 5320 CPUs, 631 GPUs, 5284 RAMs, 2450 SSDs, 2895 PSUs, 5740 Cases, 5729 Motherboards
2026-05-17 23:48:36 | INFO     | ss_crawler | [computer_scraper] Loaded references: 5320 CPUs, 631 GPUs, 5284 RAMs, 2450 SSDs, 2895 PSUs, 5740 Cases, 5729 Motherboards
2026-05-17 23:48:36 | INFO     | ss_crawler | [crawler] Fetching single computer listing: https://www.ss.com/msg/lv/electronics/computers/pc/jnolo.html
2026-05-17 23:48:40 | INFO     | ss_crawler | [computer_scraper] Single scrape result: new - New: Datori un orgtehnika/Datori/ Pārdod...
2026-05-17 23:49:45 | INFO     | ss_crawler | [crawler] Fetching test: https://www.ss.com/msg/lv/electronics/computers/pc/jnolo.html
2026-05-17 23:50:06 | INFO     | ss_crawler | [crawler] Fetching test: https://www.ss.com/msg/lv/electronics/computers/pc/jnolo.html
2026-05-17 23:50:54 | INFO     | ss_crawler | [computer_scraper] Initializing computer scraper...
2026-05-17 23:50:54 | INFO     | ss_crawler | [database] Database connected: localhost:5433/ss_market
2026-05-17 23:50:54 | INFO     | ss_crawler | [computer_scraper] Database: postgresql+psycopg2://crawler:crawler_pass@localhost:5433/ss_market
2026-05-17 23:50:54 | INFO     | ss_crawler | [cpu_matcher] CPUMatcher initialized with 5320 CPUs
2026-05-17 23:50:54 | INFO     | ss_crawler | [matcher] GPUMatcher initialized with 631 GPUs
2026-05-17 23:50:55 | INFO     | ss_crawler | [ram_matcher] RAMMatcher initialized with 5284 RAM references
2026-05-17 23:50:55 | INFO     | ss_crawler | [ssd_matcher] SSDMatcher initialized with 2450 SSDs
2026-05-17 23:50:55 | INFO     | ss_crawler | [psu_matcher] PSUMatcher initialized with 2895 PSU references
2026-05-17 23:50:55 | INFO     | ss_crawler | [case_matcher] CaseMatcher initialized with 5740 case references
2026-05-17 23:50:57 | INFO     | ss_crawler | [motherboard_matcher] MotherboardMatcher initialized with 5729 motherboards
2026-05-17 23:50:57 | INFO     | ss_crawler | [computer_matcher] ComputerMatcher initialized: 5320 CPUs, 631 GPUs, 5284 RAMs, 2450 SSDs, 2895 PSUs, 5740 Cases, 5729 Motherboards
2026-05-17 23:50:57 | INFO     | ss_crawler | [computer_scraper] Loaded references: 5320 CPUs, 631 GPUs, 5284 RAMs, 2450 SSDs, 2895 PSUs, 5740 Cases, 5729 Motherboards
2026-05-17 23:50:57 | INFO     | ss_crawler | [computer_scraper] Initializing computer scraper...
2026-05-17 23:50:57 | INFO     | ss_crawler | [database] Database connected: localhost:5433/ss_market
2026-05-17 23:50:57 | INFO     | ss_crawler | [computer_scraper] Database: postgresql+psycopg2://crawler:crawler_pass@localhost:5433/ss_market
2026-05-17 23:50:57 | INFO     | ss_crawler | [cpu_matcher] CPUMatcher initialized with 5320 CPUs
2026-05-17 23:50:57 | INFO     | ss_crawler | [matcher] GPUMatcher initialized with 631 GPUs
2026-05-17 23:50:57 | INFO     | ss_crawler | [ram_matcher] RAMMatcher initialized with 5284 RAM references
2026-05-17 23:50:58 | INFO     | ss_crawler | [ssd_matcher] SSDMatcher initialized with 2450 SSDs
2026-05-17 23:50:58 | INFO     | ss_crawler | [psu_matcher] PSUMatcher initialized with 2895 PSU references
2026-05-17 23:50:58 | INFO     | ss_crawler | [case_matcher] CaseMatcher initialized with 5740 case references
2026-05-17 23:50:59 | INFO     | ss_crawler | [motherboard_matcher] MotherboardMatcher initialized with 5729 motherboards
2026-05-17 23:50:59 | INFO     | ss_crawler | [computer_matcher] ComputerMatcher initialized: 5320 CPUs, 631 GPUs, 5284 RAMs, 2450 SSDs, 2895 PSUs, 5740 Cases, 5729 Motherboards
2026-05-17 23:50:59 | INFO     | ss_crawler | [computer_scraper] Loaded references: 5320 CPUs, 631 GPUs, 5284 RAMs, 2450 SSDs, 2895 PSUs, 5740 Cases, 5729 Motherboards
2026-05-17 23:50:59 | INFO     | ss_crawler | [crawler] Fetching single computer listing: https://www.ss.com/msg/lv/electronics/computers/pc/jnolo.html
2026-05-17 23:51:02 | INFO     | ss_crawler | [computer_scraper] Single scrape result: new - New: Datori un orgtehnika/Datori/ Pārdod...
2026-05-17 23:51:42 | INFO     | ss_crawler | [database] Database connected: localhost:5433/ss_market
2026-05-17 23:51:55 | INFO     | ss_crawler | [database] Database connected: localhost:5433/ss_market
2026-05-17 23:52:12 | INFO     | ss_crawler | [database] Database connected: localhost:5433/ss_market
2026-05-17 23:52:12 | ERROR    | ss_crawler | [database] Database transaction failed: 'GPUReference' object has no attribute 'avg_price'
2026-05-17 23:53:23 | INFO     | ss_crawler | [database] Database connected: localhost:5433/ss_market
2026-05-17 23:53:40 | INFO     | ss_crawler | [database] Database connected: localhost:5433/ss_market
