2026-04-25 13:30:43 | INFO     | ss_crawler | [ram_scraper] [ram_scraper] Initializing RAM scraper...
2026-04-25 13:30:43 | INFO     | ss_crawler | [database] [database] Database connected: localhost:5433/ss_market
2026-04-25 13:30:43 | INFO     | ss_crawler | [ram_scraper] [ram_scraper] Database: postgresql+psycopg2://crawler:crawler_pass@localhost:5433/ss_market
2026-04-25 13:30:43 | ERROR    | ss_crawler | [database] [database] Database transaction failed: (psycopg2.errors.UndefinedTable) relation "ram_reference" does not exist
LINE 1: SELECT * FROM ram_reference
                      ^

[SQL: SELECT * FROM ram_reference]
(Background on this error at: https://sqlalche.me/e/20/f405)
2026-04-25 13:44:30 | INFO     | ss_crawler | [ram_scraper] [ram_scraper] Initializing RAM scraper...
2026-04-25 13:44:30 | INFO     | ss_crawler | [database] [database] Database connected: localhost:5433/ss_market
2026-04-25 13:44:30 | INFO     | ss_crawler | [ram_scraper] [ram_scraper] Database: postgresql+psycopg2://crawler:crawler_pass@localhost:5433/ss_market
2026-04-25 13:44:30 | INFO     | ss_crawler | [ram_matcher] [ram_matcher] RAMMatcher initialized with 5290 RAM references
2026-04-25 13:44:30 | INFO     | ss_crawler | [ram_scraper] [ram_scraper] Loaded 5290 RAM references
2026-04-25 13:44:30 | INFO     | ss_crawler | [ram_scraper] [ram_scraper] Initializing RAM scraper...
2026-04-25 13:44:30 | INFO     | ss_crawler | [ram_scraper] [ram_scraper] Database: postgresql+psycopg2://crawler:crawler_pass@localhost:5433/ss_market
2026-04-25 13:44:30 | INFO     | ss_crawler | [ram_matcher] [ram_matcher] RAMMatcher initialized with 5290 RAM references
2026-04-25 13:44:30 | INFO     | ss_crawler | [ram_scraper] [ram_scraper] Loaded 5290 RAM references
2026-04-25 13:44:30 | INFO     | ss_crawler | [crawler] [crawler] Fetching : https://www.ss.com/msg/lv/electronics/computers/completing-pc/ram/cglblb.html
2026-04-25 13:44:34 | INFO     | ss_crawler | [ram_scraper] [ram_scraper] Matched cglblb: Kingston FURY 64 GB (100% confidence)
2026-04-25 13:50:45 | INFO     | ss_crawler | [ram_scraper] [ram_scraper] Initializing RAM scraper...
2026-04-25 13:50:45 | INFO     | ss_crawler | [database] [database] Database connected: localhost:5433/ss_market
2026-04-25 13:50:45 | INFO     | ss_crawler | [ram_scraper] [ram_scraper] Database: postgresql+psycopg2://crawler:crawler_pass@localhost:5433/ss_market
2026-04-25 13:50:45 | INFO     | ss_crawler | [ram_matcher] [ram_matcher] RAMMatcher initialized with 5290 RAM references
2026-04-25 13:50:45 | INFO     | ss_crawler | [ram_scraper] [ram_scraper] Loaded 5290 RAM references
2026-04-25 13:50:45 | INFO     | ss_crawler | [ram_scraper] [ram_scraper] Initializing RAM scraper...
2026-04-25 13:50:45 | INFO     | ss_crawler | [ram_scraper] [ram_scraper] Database: postgresql+psycopg2://crawler:crawler_pass@localhost:5433/ss_market
2026-04-25 13:50:46 | INFO     | ss_crawler | [ram_matcher] [ram_matcher] RAMMatcher initialized with 5290 RAM references
2026-04-25 13:50:46 | INFO     | ss_crawler | [ram_scraper] [ram_scraper] Loaded 5290 RAM references
2026-04-25 13:50:46 | INFO     | ss_crawler | [crawler] [crawler] Fetching : https://www.ss.com/msg/lv/electronics/computers/completing-pc/ram/cglblb.html
2026-04-25 13:50:48 | INFO     | ss_crawler | [ram_scraper] [ram_scraper] Matched cglblb: Kingston FURY 64 GB (100% confidence)
2026-04-25 14:05:39 | INFO     | ss_crawler | [ram_scraper] [ram_scraper] Initializing RAM scraper...
2026-04-25 14:05:39 | INFO     | ss_crawler | [database] [database] Database connected: localhost:5433/ss_market
2026-04-25 14:05:39 | INFO     | ss_crawler | [ram_scraper] [ram_scraper] Database: postgresql+psycopg2://crawler:crawler_pass@localhost:5433/ss_market
2026-04-25 14:05:39 | INFO     | ss_crawler | [ram_matcher] [ram_matcher] RAMMatcher initialized with 5290 RAM references
2026-04-25 14:05:39 | INFO     | ss_crawler | [ram_scraper] [ram_scraper] Loaded 5290 RAM references
2026-04-25 14:05:39 | INFO     | ss_crawler | [ram_scraper] [ram_scraper] Initializing RAM scraper...
2026-04-25 14:05:39 | INFO     | ss_crawler | [ram_scraper] [ram_scraper] Database: postgresql+psycopg2://crawler:crawler_pass@localhost:5433/ss_market
2026-04-25 14:05:40 | INFO     | ss_crawler | [ram_matcher] [ram_matcher] RAMMatcher initialized with 5290 RAM references
2026-04-25 14:05:40 | INFO     | ss_crawler | [ram_scraper] [ram_scraper] Loaded 5290 RAM references
2026-04-25 14:05:40 | INFO     | ss_crawler | [crawler] [crawler] Fetching : https://www.ss.com/msg/lv/electronics/computers/completing-pc/ram/cglblb.html
2026-04-25 14:05:42 | INFO     | ss_crawler | [ram_scraper] [ram_scraper] Matched cglblb: Kingston FURY 64 GB (100% confidence)
2026-04-25 14:05:42 | ERROR    | ss_crawler | [database] [database] Database transaction failed: (psycopg2.errors.StringDataRightTruncation) value too long for type character varying(50)

[SQL: 
                        INSERT INTO listings (
                            listing_id, title, description, price_eur, seller_location,
                            listing_url, image_url, date_posted, category,
                            matched_ram_id, ram_confidence_score, ram_match_method,
                            capacity_gb, content_hash, is_active
                        ) VALUES (
                            %(id)s, %(title)s, %(desc)s, %(price)s, %(location)s,
                            %(url)s, %(image)s, %(date)s, 'ram',
                            %(ram_id)s, %(confidence)s, %(method)s,
                            %(capacity)s, %(hash)s, true
                        )
                        ]
[parameters: {'id': 'cglblb', 'title': 'SS.COM Komplektējošie datoriem - RAM, Cena 520 €. Pārdodu Kingston Fury 64Gb (2X32Gb) 40Cl 6000Mhz просьба Ddr5 - Sludinājumi', 'desc': 'Manufacturer: Kingston\nRAM Type: DDR\nFrequency: 6000 MHz\nCondition: lietota', 'price': 520.0, 'location': 'Rīga', 'url': 'https://www.ss.com/msg/lv/electronics/computers/completing-pc/ram/cglblb.html', 'image': None, 'date': None, 'ram_id': 519, 'confidence': 1.0, 'method': 'fuzzy+model_part+capacity_exact+manufacturer_exact+modules_exact', 'capacity': 64, 'hash': '58e17aab89b05147cbe590bbf28467dd1e0e056bc16a0cb510e5b013fc9f02fd'}]
(Background on this error at: https://sqlalche.me/e/20/9h9h)
2026-04-25 14:05:42 | ERROR    | ss_crawler | [ram_scraper] [ram_scraper] Error saving listing cglblb: (psycopg2.errors.StringDataRightTruncation) value too long for type character varying(50)

[SQL: 
                        INSERT INTO listings (
                            listing_id, title, description, price_eur, seller_location,
                            listing_url, image_url, date_posted, category,
                            matched_ram_id, ram_confidence_score, ram_match_method,
                            capacity_gb, content_hash, is_active
                        ) VALUES (
                            %(id)s, %(title)s, %(desc)s, %(price)s, %(location)s,
                            %(url)s, %(image)s, %(date)s, 'ram',
                            %(ram_id)s, %(confidence)s, %(method)s,
                            %(capacity)s, %(hash)s, true
                        )
                        ]
[parameters: {'id': 'cglblb', 'title': 'SS.COM Komplektējošie datoriem - RAM, Cena 520 €. Pārdodu Kingston Fury 64Gb (2X32Gb) 40Cl 6000Mhz просьба Ddr5 - Sludinājumi', 'desc': 'Manufacturer: Kingston\nRAM Type: DDR\nFrequency: 6000 MHz\nCondition: lietota', 'price': 520.0, 'location': 'Rīga', 'url': 'https://www.ss.com/msg/lv/electronics/computers/completing-pc/ram/cglblb.html', 'image': None, 'date': None, 'ram_id': 519, 'confidence': 1.0, 'method': 'fuzzy+model_part+capacity_exact+manufacturer_exact+modules_exact', 'capacity': 64, 'hash': '58e17aab89b05147cbe590bbf28467dd1e0e056bc16a0cb510e5b013fc9f02fd'}]
(Background on this error at: https://sqlalche.me/e/20/9h9h)
2026-04-25 14:10:40 | INFO     | ss_crawler | [ram_scraper] [ram_scraper] Initializing RAM scraper...
2026-04-25 14:10:40 | INFO     | ss_crawler | [database] [database] Database connected: localhost:5433/ss_market
2026-04-25 14:10:40 | INFO     | ss_crawler | [ram_scraper] [ram_scraper] Database: postgresql+psycopg2://crawler:crawler_pass@localhost:5433/ss_market
2026-04-25 14:10:40 | INFO     | ss_crawler | [ram_matcher] [ram_matcher] RAMMatcher initialized with 5290 RAM references
2026-04-25 14:10:40 | INFO     | ss_crawler | [ram_scraper] [ram_scraper] Loaded 5290 RAM references
2026-04-25 14:10:40 | INFO     | ss_crawler | [ram_scraper] [ram_scraper] Initializing RAM scraper...
2026-04-25 14:10:40 | INFO     | ss_crawler | [database] [database] Database connected: localhost:5433/ss_market
2026-04-25 14:10:40 | INFO     | ss_crawler | [ram_scraper] [ram_scraper] Database: postgresql+psycopg2://crawler:crawler_pass@localhost:5433/ss_market
2026-04-25 14:10:41 | INFO     | ss_crawler | [ram_matcher] [ram_matcher] RAMMatcher initialized with 5290 RAM references
2026-04-25 14:10:41 | INFO     | ss_crawler | [ram_scraper] [ram_scraper] Loaded 5290 RAM references
2026-04-25 14:10:41 | INFO     | ss_crawler | [crawler] [crawler] Fetching : https://www.ss.com/msg/lv/electronics/computers/completing-pc/ram/cglblb.html
2026-04-25 14:10:44 | INFO     | ss_crawler | [ram_scraper] [ram_scraper] Matched cglblb: Kingston FURY 64 GB (100% confidence)
2026-04-25 14:10:44 | ERROR    | ss_crawler | [database] [database] Database transaction failed: (psycopg2.errors.StringDataRightTruncation) value too long for type character varying(50)

[SQL: 
                        INSERT INTO listings (
                            listing_id, title, description, price_eur, seller_location,
                            listing_url, image_url, date_posted, category,
                            matched_ram_id, ram_confidence_score, ram_match_method,
                            capacity_gb, content_hash, is_active
                        ) VALUES (
                            %(id)s, %(title)s, %(desc)s, %(price)s, %(location)s,
                            %(url)s, %(image)s, %(date)s, 'ram',
                            %(ram_id)s, %(confidence)s, %(method)s,
                            %(capacity)s, %(hash)s, true
                        )
                        ]
[parameters: {'id': 'cglblb', 'title': 'SS.COM Komplektējošie datoriem - RAM, Cena 520 €. Pārdodu Kingston Fury 64Gb (2X32Gb) 40Cl 6000Mhz просьба Ddr5 - Sludinājumi', 'desc': 'Manufacturer: Kingston\nRAM Type: DDR\nFrequency: 6000 MHz\nCondition: lietota', 'price': 520.0, 'location': 'Rīga', 'url': 'https://www.ss.com/msg/lv/electronics/computers/completing-pc/ram/cglblb.html', 'image': None, 'date': None, 'ram_id': 519, 'confidence': 1.0, 'method': 'fuzzy+model_part+capacity_exact+manufacturer_exact+modules_exact', 'capacity': 64, 'hash': '58e17aab89b05147cbe590bbf28467dd1e0e056bc16a0cb510e5b013fc9f02fd'}]
(Background on this error at: https://sqlalche.me/e/20/9h9h)
2026-04-25 14:10:44 | ERROR    | ss_crawler | [ram_scraper] [ram_scraper] Error saving listing cglblb: (psycopg2.errors.StringDataRightTruncation) value too long for type character varying(50)

[SQL: 
                        INSERT INTO listings (
                            listing_id, title, description, price_eur, seller_location,
                            listing_url, image_url, date_posted, category,
                            matched_ram_id, ram_confidence_score, ram_match_method,
                            capacity_gb, content_hash, is_active
                        ) VALUES (
                            %(id)s, %(title)s, %(desc)s, %(price)s, %(location)s,
                            %(url)s, %(image)s, %(date)s, 'ram',
                            %(ram_id)s, %(confidence)s, %(method)s,
                            %(capacity)s, %(hash)s, true
                        )
                        ]
[parameters: {'id': 'cglblb', 'title': 'SS.COM Komplektējošie datoriem - RAM, Cena 520 €. Pārdodu Kingston Fury 64Gb (2X32Gb) 40Cl 6000Mhz просьба Ddr5 - Sludinājumi', 'desc': 'Manufacturer: Kingston\nRAM Type: DDR\nFrequency: 6000 MHz\nCondition: lietota', 'price': 520.0, 'location': 'Rīga', 'url': 'https://www.ss.com/msg/lv/electronics/computers/completing-pc/ram/cglblb.html', 'image': None, 'date': None, 'ram_id': 519, 'confidence': 1.0, 'method': 'fuzzy+model_part+capacity_exact+manufacturer_exact+modules_exact', 'capacity': 64, 'hash': '58e17aab89b05147cbe590bbf28467dd1e0e056bc16a0cb510e5b013fc9f02fd'}]
(Background on this error at: https://sqlalche.me/e/20/9h9h)
2026-04-25 14:11:31 | INFO     | ss_crawler | [ram_scraper] [ram_scraper] Initializing RAM scraper...
2026-04-25 14:11:32 | INFO     | ss_crawler | [database] [database] Database connected: localhost:5433/ss_market
2026-04-25 14:11:32 | INFO     | ss_crawler | [ram_scraper] [ram_scraper] Database: postgresql+psycopg2://crawler:crawler_pass@localhost:5433/ss_market
2026-04-25 14:11:32 | INFO     | ss_crawler | [ram_matcher] [ram_matcher] RAMMatcher initialized with 5290 RAM references
2026-04-25 14:11:32 | INFO     | ss_crawler | [ram_scraper] [ram_scraper] Loaded 5290 RAM references
2026-04-25 14:11:32 | INFO     | ss_crawler | [ram_scraper] [ram_scraper] Initializing RAM scraper...
2026-04-25 14:11:32 | INFO     | ss_crawler | [database] [database] Database connected: localhost:5433/ss_market
2026-04-25 14:11:32 | INFO     | ss_crawler | [ram_scraper] [ram_scraper] Database: postgresql+psycopg2://crawler:crawler_pass@localhost:5433/ss_market
2026-04-25 14:11:32 | INFO     | ss_crawler | [ram_matcher] [ram_matcher] RAMMatcher initialized with 5290 RAM references
2026-04-25 14:11:32 | INFO     | ss_crawler | [ram_scraper] [ram_scraper] Loaded 5290 RAM references
2026-04-25 14:11:32 | INFO     | ss_crawler | [crawler] [crawler] Fetching : https://www.ss.com/msg/lv/electronics/computers/completing-pc/ram/cglblb.html
2026-04-25 14:11:36 | INFO     | ss_crawler | [ram_scraper] [ram_scraper] Matched cglblb: Kingston FURY 64 GB (100% confidence)
2026-04-25 14:11:36 | ERROR    | ss_crawler | [database] [database] Database transaction failed: (psycopg2.errors.StringDataRightTruncation) value too long for type character varying(50)

[SQL: 
                        INSERT INTO listings (
                            listing_id, title, description, price_eur, seller_location,
                            listing_url, image_url, date_posted, category,
                            matched_ram_id, ram_confidence_score, ram_match_method,
                            capacity_gb, content_hash, is_active
                        ) VALUES (
                            %(id)s, %(title)s, %(desc)s, %(price)s, %(location)s,
                            %(url)s, %(image)s, %(date)s, 'ram',
                            %(ram_id)s, %(confidence)s, %(method)s,
                            %(capacity)s, %(hash)s, true
                        )
                        ]
[parameters: {'id': 'cglblb', 'title': 'SS.COM Komplektējošie datoriem - RAM, Cena 520 €. Pārdodu Kingston Fury 64Gb (2X32Gb) 40Cl 6000Mhz просьба Ddr5 - Sludinājumi', 'desc': 'Manufacturer: Kingston\nRAM Type: DDR\nFrequency: 6000 MHz\nCondition: lietota', 'price': 520.0, 'location': 'Rīga', 'url': 'https://www.ss.com/msg/lv/electronics/computers/completing-pc/ram/cglblb.html', 'image': None, 'date': None, 'ram_id': 519, 'confidence': 1.0, 'method': 'fuzzy+model_part+capacity_exact+manufacturer_exact+modules_exact', 'capacity': 64, 'hash': '58e17aab89b05147cbe590bbf28467dd1e0e056bc16a0cb510e5b013fc9f02fd'}]
(Background on this error at: https://sqlalche.me/e/20/9h9h)
2026-04-25 14:11:36 | ERROR    | ss_crawler | [ram_scraper] [ram_scraper] Error saving listing cglblb: (psycopg2.errors.StringDataRightTruncation) value too long for type character varying(50)

[SQL: 
                        INSERT INTO listings (
                            listing_id, title, description, price_eur, seller_location,
                            listing_url, image_url, date_posted, category,
                            matched_ram_id, ram_confidence_score, ram_match_method,
                            capacity_gb, content_hash, is_active
                        ) VALUES (
                            %(id)s, %(title)s, %(desc)s, %(price)s, %(location)s,
                            %(url)s, %(image)s, %(date)s, 'ram',
                            %(ram_id)s, %(confidence)s, %(method)s,
                            %(capacity)s, %(hash)s, true
                        )
                        ]
[parameters: {'id': 'cglblb', 'title': 'SS.COM Komplektējošie datoriem - RAM, Cena 520 €. Pārdodu Kingston Fury 64Gb (2X32Gb) 40Cl 6000Mhz просьба Ddr5 - Sludinājumi', 'desc': 'Manufacturer: Kingston\nRAM Type: DDR\nFrequency: 6000 MHz\nCondition: lietota', 'price': 520.0, 'location': 'Rīga', 'url': 'https://www.ss.com/msg/lv/electronics/computers/completing-pc/ram/cglblb.html', 'image': None, 'date': None, 'ram_id': 519, 'confidence': 1.0, 'method': 'fuzzy+model_part+capacity_exact+manufacturer_exact+modules_exact', 'capacity': 64, 'hash': '58e17aab89b05147cbe590bbf28467dd1e0e056bc16a0cb510e5b013fc9f02fd'}]
(Background on this error at: https://sqlalche.me/e/20/9h9h)
2026-04-25 14:11:50 | INFO     | ss_crawler | [ram_scraper] [ram_scraper] Initializing RAM scraper...
2026-04-25 14:11:50 | INFO     | ss_crawler | [database] [database] Database connected: localhost:5433/ss_market
2026-04-25 14:11:50 | INFO     | ss_crawler | [ram_scraper] [ram_scraper] Database: postgresql+psycopg2://crawler:crawler_pass@localhost:5433/ss_market
2026-04-25 14:11:50 | INFO     | ss_crawler | [ram_matcher] [ram_matcher] RAMMatcher initialized with 5290 RAM references
2026-04-25 14:11:50 | INFO     | ss_crawler | [ram_scraper] [ram_scraper] Loaded 5290 RAM references
2026-04-25 14:11:50 | INFO     | ss_crawler | [ram_scraper] [ram_scraper] Initializing RAM scraper...
2026-04-25 14:11:50 | INFO     | ss_crawler | [database] [database] Database connected: localhost:5433/ss_market
2026-04-25 14:11:50 | INFO     | ss_crawler | [ram_scraper] [ram_scraper] Database: postgresql+psycopg2://crawler:crawler_pass@localhost:5433/ss_market
2026-04-25 14:11:51 | INFO     | ss_crawler | [ram_matcher] [ram_matcher] RAMMatcher initialized with 5290 RAM references
2026-04-25 14:11:51 | INFO     | ss_crawler | [ram_scraper] [ram_scraper] Loaded 5290 RAM references
2026-04-25 14:11:51 | INFO     | ss_crawler | [crawler] [crawler] Fetching : https://www.ss.com/msg/lv/electronics/computers/completing-pc/ram/cglblb.html
2026-04-25 14:11:53 | INFO     | ss_crawler | [ram_scraper] [ram_scraper] Matched cglblb: Kingston FURY 64 GB (100% confidence)
2026-04-25 14:14:59 | INFO     | ss_crawler | [ram_scraper] [ram_scraper] Initializing RAM scraper...
2026-04-25 14:14:59 | INFO     | ss_crawler | [database] [database] Database connected: localhost:5433/ss_market
2026-04-25 14:14:59 | INFO     | ss_crawler | [ram_scraper] [ram_scraper] Database: postgresql+psycopg2://crawler:crawler_pass@localhost:5433/ss_market
2026-04-25 14:15:00 | INFO     | ss_crawler | [ram_matcher] [ram_matcher] RAMMatcher initialized with 5290 RAM references
2026-04-25 14:15:00 | INFO     | ss_crawler | [ram_scraper] [ram_scraper] Loaded 5290 RAM references
2026-04-25 14:15:00 | INFO     | ss_crawler | [ram_scraper] [ram_scraper] Initializing RAM scraper...
2026-04-25 14:15:00 | INFO     | ss_crawler | [database] [database] Database connected: localhost:5433/ss_market
2026-04-25 14:15:00 | INFO     | ss_crawler | [ram_scraper] [ram_scraper] Database: postgresql+psycopg2://crawler:crawler_pass@localhost:5433/ss_market
2026-04-25 14:15:00 | INFO     | ss_crawler | [ram_matcher] [ram_matcher] RAMMatcher initialized with 5290 RAM references
2026-04-25 14:15:00 | INFO     | ss_crawler | [ram_scraper] [ram_scraper] Loaded 5290 RAM references
2026-04-25 14:15:00 | INFO     | ss_crawler | [crawler] [crawler] Fetching : https://www.ss.com/msg/lv/electronics/computers/completing-pc/ram/cglbjx.html
2026-04-25 14:15:03 | INFO     | ss_crawler | [ram_scraper] [ram_scraper] Matched cglbjx: Kingston T1 8 GB (100% confidence)
2026-04-25 14:16:14 | INFO     | ss_crawler | [ram_scraper] [ram_scraper] Initializing RAM scraper...
2026-04-25 14:16:14 | INFO     | ss_crawler | [database] [database] Database connected: localhost:5433/ss_market
2026-04-25 14:16:14 | INFO     | ss_crawler | [ram_scraper] [ram_scraper] Database: postgresql+psycopg2://crawler:crawler_pass@localhost:5433/ss_market
2026-04-25 14:16:15 | INFO     | ss_crawler | [ram_matcher] [ram_matcher] RAMMatcher initialized with 5290 RAM references
2026-04-25 14:16:15 | INFO     | ss_crawler | [ram_scraper] [ram_scraper] Loaded 5290 RAM references
2026-04-25 14:16:15 | INFO     | ss_crawler | [ram_scraper] [ram_scraper] Initializing RAM scraper...
2026-04-25 14:16:15 | INFO     | ss_crawler | [database] [database] Database connected: localhost:5433/ss_market
2026-04-25 14:16:15 | INFO     | ss_crawler | [ram_scraper] [ram_scraper] Database: postgresql+psycopg2://crawler:crawler_pass@localhost:5433/ss_market
2026-04-25 14:16:15 | INFO     | ss_crawler | [ram_matcher] [ram_matcher] RAMMatcher initialized with 5290 RAM references
2026-04-25 14:16:15 | INFO     | ss_crawler | [ram_scraper] [ram_scraper] Loaded 5290 RAM references
2026-04-25 14:16:15 | INFO     | ss_crawler | [crawler] [crawler] Fetching : https://www.ss.com/msg/lv/electronics/computers/completing-pc/ram/gmkge.html
2026-04-25 14:16:18 | INFO     | ss_crawler | [ram_scraper] [ram_scraper] Matched gmkge: Corsair XMS2 2 GB (100% confidence)
2026-04-25 14:19:42 | INFO     | ss_crawler | [ram_scraper] [ram_scraper] Initializing RAM scraper...
2026-04-25 14:19:42 | INFO     | ss_crawler | [database] [database] Database connected: localhost:5433/ss_market
2026-04-25 14:19:42 | INFO     | ss_crawler | [ram_scraper] [ram_scraper] Database: postgresql+psycopg2://crawler:crawler_pass@localhost:5433/ss_market
2026-04-25 14:19:42 | INFO     | ss_crawler | [ram_matcher] [ram_matcher] RAMMatcher initialized with 5290 RAM references
2026-04-25 14:19:42 | INFO     | ss_crawler | [ram_scraper] [ram_scraper] Loaded 5290 RAM references
2026-04-25 14:19:42 | INFO     | ss_crawler | [ram_scraper] [ram_scraper] Initializing RAM scraper...
2026-04-25 14:19:42 | INFO     | ss_crawler | [database] [database] Database connected: localhost:5433/ss_market
2026-04-25 14:19:42 | INFO     | ss_crawler | [ram_scraper] [ram_scraper] Database: postgresql+psycopg2://crawler:crawler_pass@localhost:5433/ss_market
2026-04-25 14:19:42 | INFO     | ss_crawler | [ram_matcher] [ram_matcher] RAMMatcher initialized with 5290 RAM references
2026-04-25 14:19:42 | INFO     | ss_crawler | [ram_scraper] [ram_scraper] Loaded 5290 RAM references
2026-04-25 14:19:42 | INFO     | ss_crawler | [crawler] [crawler] Fetching : https://www.ss.com/msg/lv/electronics/computers/completing-pc/ram/cglblb.html
2026-04-25 14:19:44 | INFO     | ss_crawler | [ram_scraper] [ram_scraper] Matched cglblb: Kingston FURY 64 GB (100% confidence)
2026-04-25 14:19:57 | INFO     | ss_crawler | [ram_scraper] [ram_scraper] Initializing RAM scraper...
2026-04-25 14:19:57 | INFO     | ss_crawler | [database] [database] Database connected: localhost:5433/ss_market
2026-04-25 14:19:57 | INFO     | ss_crawler | [ram_scraper] [ram_scraper] Database: postgresql+psycopg2://crawler:crawler_pass@localhost:5433/ss_market
2026-04-25 14:19:58 | INFO     | ss_crawler | [ram_matcher] [ram_matcher] RAMMatcher initialized with 5290 RAM references
2026-04-25 14:19:58 | INFO     | ss_crawler | [ram_scraper] [ram_scraper] Loaded 5290 RAM references
2026-04-25 14:19:58 | INFO     | ss_crawler | [ram_scraper] [ram_scraper] Initializing RAM scraper...
2026-04-25 14:19:58 | INFO     | ss_crawler | [database] [database] Database connected: localhost:5433/ss_market
2026-04-25 14:19:58 | INFO     | ss_crawler | [ram_scraper] [ram_scraper] Database: postgresql+psycopg2://crawler:crawler_pass@localhost:5433/ss_market
2026-04-25 14:19:58 | INFO     | ss_crawler | [ram_matcher] [ram_matcher] RAMMatcher initialized with 5290 RAM references
2026-04-25 14:19:58 | INFO     | ss_crawler | [ram_scraper] [ram_scraper] Loaded 5290 RAM references
2026-04-25 14:19:58 | INFO     | ss_crawler | [crawler] [crawler] Fetching : https://www.ss.com/msg/lv/electronics/computers/completing-pc/ram/gmkge.html
2026-04-25 14:20:00 | INFO     | ss_crawler | [ram_scraper] [ram_scraper] Matched gmkge: Corsair XMS2 2 GB (100% confidence)
2026-04-25 14:20:42 | INFO     | ss_crawler | [crawler] [crawler] Fetching : https://www.ss.com/msg/lv/electronics/computers/completing-pc/ram/gmkge.html
2026-04-25 14:21:03 | INFO     | ss_crawler | [crawler] [crawler] Fetching : https://www.ss.com/msg/lv/electronics/computers/completing-pc/ram/gmkge.html
2026-04-25 14:21:40 | INFO     | ss_crawler | [crawler] [crawler] Fetching : https://www.ss.com/msg/lv/electronics/computers/completing-pc/ram/gmkge.html
2026-04-25 14:22:17 | INFO     | ss_crawler | [crawler] [crawler] Fetching : https://www.ss.com/msg/lv/electronics/computers/completing-pc/ram/gmkge.html
2026-04-25 14:22:31 | INFO     | ss_crawler | [ram_scraper] [ram_scraper] Initializing RAM scraper...
2026-04-25 14:22:31 | INFO     | ss_crawler | [database] [database] Database connected: localhost:5433/ss_market
2026-04-25 14:22:31 | INFO     | ss_crawler | [ram_scraper] [ram_scraper] Database: postgresql+psycopg2://crawler:crawler_pass@localhost:5433/ss_market
2026-04-25 14:22:31 | INFO     | ss_crawler | [ram_matcher] [ram_matcher] RAMMatcher initialized with 5290 RAM references
2026-04-25 14:22:31 | INFO     | ss_crawler | [ram_scraper] [ram_scraper] Loaded 5290 RAM references
2026-04-25 14:22:31 | INFO     | ss_crawler | [ram_scraper] [ram_scraper] Initializing RAM scraper...
2026-04-25 14:22:31 | INFO     | ss_crawler | [database] [database] Database connected: localhost:5433/ss_market
2026-04-25 14:22:31 | INFO     | ss_crawler | [ram_scraper] [ram_scraper] Database: postgresql+psycopg2://crawler:crawler_pass@localhost:5433/ss_market
2026-04-25 14:22:32 | INFO     | ss_crawler | [ram_matcher] [ram_matcher] RAMMatcher initialized with 5290 RAM references
2026-04-25 14:22:32 | INFO     | ss_crawler | [ram_scraper] [ram_scraper] Loaded 5290 RAM references
2026-04-25 14:22:32 | INFO     | ss_crawler | [crawler] [crawler] Fetching : https://www.ss.com/msg/lv/electronics/computers/completing-pc/ram/gmkge.html
2026-04-25 14:22:35 | INFO     | ss_crawler | [ram_scraper] [ram_scraper] Matched gmkge: Corsair XMS3 4 GB (100% confidence)
2026-04-25 14:24:26 | INFO     | ss_crawler | [ram_scraper] [ram_scraper] Initializing RAM scraper...
2026-04-25 14:24:26 | INFO     | ss_crawler | [database] [database] Database connected: localhost:5433/ss_market
2026-04-25 14:24:26 | INFO     | ss_crawler | [ram_scraper] [ram_scraper] Database: postgresql+psycopg2://crawler:crawler_pass@localhost:5433/ss_market
2026-04-25 14:24:26 | INFO     | ss_crawler | [ram_matcher] [ram_matcher] RAMMatcher initialized with 5290 RAM references
2026-04-25 14:24:26 | INFO     | ss_crawler | [ram_scraper] [ram_scraper] Loaded 5290 RAM references
2026-04-25 14:24:26 | INFO     | ss_crawler | [ram_scraper] [ram_scraper] Initializing RAM scraper...
2026-04-25 14:24:26 | INFO     | ss_crawler | [database] [database] Database connected: localhost:5433/ss_market
2026-04-25 14:24:26 | INFO     | ss_crawler | [ram_scraper] [ram_scraper] Database: postgresql+psycopg2://crawler:crawler_pass@localhost:5433/ss_market
2026-04-25 14:24:27 | INFO     | ss_crawler | [ram_matcher] [ram_matcher] RAMMatcher initialized with 5290 RAM references
2026-04-25 14:24:27 | INFO     | ss_crawler | [ram_scraper] [ram_scraper] Loaded 5290 RAM references
2026-04-25 14:24:27 | INFO     | ss_crawler | [crawler] [crawler] Fetching : https://www.ss.com/msg/lv/electronics/computers/completing-pc/ram/gmkge.html
2026-04-25 14:24:30 | INFO     | ss_crawler | [ram_scraper] [ram_scraper] Matched gmkge: Corsair XMS3 2 GB (100% confidence)
2026-04-25 14:26:48 | INFO     | ss_crawler | [ram_scraper] [ram_scraper] Initializing RAM scraper...
2026-04-25 14:26:48 | INFO     | ss_crawler | [database] [database] Database connected: localhost:5433/ss_market
2026-04-25 14:26:48 | INFO     | ss_crawler | [ram_scraper] [ram_scraper] Database: postgresql+psycopg2://crawler:crawler_pass@localhost:5433/ss_market
2026-04-25 14:26:48 | INFO     | ss_crawler | [ram_matcher] [ram_matcher] RAMMatcher initialized with 5290 RAM references
2026-04-25 14:26:48 | INFO     | ss_crawler | [ram_scraper] [ram_scraper] Loaded 5290 RAM references
2026-04-25 14:26:48 | INFO     | ss_crawler | [ram_scraper] [ram_scraper] Initializing RAM scraper...
2026-04-25 14:26:48 | INFO     | ss_crawler | [database] [database] Database connected: localhost:5433/ss_market
2026-04-25 14:26:48 | INFO     | ss_crawler | [ram_scraper] [ram_scraper] Database: postgresql+psycopg2://crawler:crawler_pass@localhost:5433/ss_market
2026-04-25 14:26:49 | INFO     | ss_crawler | [ram_matcher] [ram_matcher] RAMMatcher initialized with 5290 RAM references
2026-04-25 14:26:49 | INFO     | ss_crawler | [ram_scraper] [ram_scraper] Loaded 5290 RAM references
2026-04-25 14:26:49 | INFO     | ss_crawler | [crawler] [crawler] Fetching : https://www.ss.com/msg/lv/electronics/computers/completing-pc/ram/gmkge.html
2026-04-25 14:26:52 | INFO     | ss_crawler | [ram_scraper] [ram_scraper] Matched gmkge: Corsair XMS3 2 GB (100% confidence)
2026-04-25 14:27:35 | INFO     | ss_crawler | [ram_scraper] [ram_scraper] Initializing RAM scraper...
2026-04-25 14:27:35 | INFO     | ss_crawler | [database] [database] Database connected: localhost:5433/ss_market
2026-04-25 14:27:35 | INFO     | ss_crawler | [ram_scraper] [ram_scraper] Database: postgresql+psycopg2://crawler:crawler_pass@localhost:5433/ss_market
2026-04-25 14:27:35 | INFO     | ss_crawler | [ram_matcher] [ram_matcher] RAMMatcher initialized with 5290 RAM references
2026-04-25 14:27:35 | INFO     | ss_crawler | [ram_scraper] [ram_scraper] Loaded 5290 RAM references
2026-04-25 14:27:35 | INFO     | ss_crawler | [ram_scraper] [ram_scraper] Initializing RAM scraper...
2026-04-25 14:27:35 | INFO     | ss_crawler | [database] [database] Database connected: localhost:5433/ss_market
2026-04-25 14:27:35 | INFO     | ss_crawler | [ram_scraper] [ram_scraper] Database: postgresql+psycopg2://crawler:crawler_pass@localhost:5433/ss_market
2026-04-25 14:27:36 | INFO     | ss_crawler | [ram_matcher] [ram_matcher] RAMMatcher initialized with 5290 RAM references
2026-04-25 14:27:36 | INFO     | ss_crawler | [ram_scraper] [ram_scraper] Loaded 5290 RAM references
2026-04-25 14:27:36 | INFO     | ss_crawler | [crawler] [crawler] Fetching : https://www.ss.com/msg/lv/electronics/computers/completing-pc/ram/fbgef.html
2026-04-25 14:27:39 | INFO     | ss_crawler | [ram_scraper] [ram_scraper] Matched fbgef: Crucial Pro Overclocking 48 GB (86% confidence)
2026-04-25 14:30:21 | INFO     | ss_crawler | [crawler] [crawler] Fetching : https://www.ss.com/msg/lv/electronics/computers/completing-pc/ram/fbgef.html
2026-04-25 14:32:01 | INFO     | ss_crawler | [ram_scraper] [ram_scraper] Initializing RAM scraper...
2026-04-25 14:32:01 | INFO     | ss_crawler | [database] [database] Database connected: localhost:5433/ss_market
2026-04-25 14:32:01 | INFO     | ss_crawler | [ram_scraper] [ram_scraper] Database: postgresql+psycopg2://crawler:crawler_pass@localhost:5433/ss_market
2026-04-25 14:32:02 | INFO     | ss_crawler | [ram_matcher] [ram_matcher] RAMMatcher initialized with 5290 RAM references
2026-04-25 14:32:02 | INFO     | ss_crawler | [ram_scraper] [ram_scraper] Loaded 5290 RAM references
2026-04-25 14:32:02 | INFO     | ss_crawler | [ram_scraper] [ram_scraper] Initializing RAM scraper...
2026-04-25 14:32:02 | INFO     | ss_crawler | [database] [database] Database connected: localhost:5433/ss_market
2026-04-25 14:32:02 | INFO     | ss_crawler | [ram_scraper] [ram_scraper] Database: postgresql+psycopg2://crawler:crawler_pass@localhost:5433/ss_market
2026-04-25 14:32:02 | INFO     | ss_crawler | [ram_matcher] [ram_matcher] RAMMatcher initialized with 5290 RAM references
2026-04-25 14:32:02 | INFO     | ss_crawler | [ram_scraper] [ram_scraper] Loaded 5290 RAM references
2026-04-25 14:32:02 | INFO     | ss_crawler | [crawler] [crawler] Fetching : https://www.ss.com/msg/lv/electronics/computers/completing-pc/ram/fbgef.html
2026-04-25 14:32:06 | INFO     | ss_crawler | [ram_scraper] [ram_scraper] Matched fbgef: G.Skill Trident Z5 Royal Neo RGB 48 GB (100% confidence)
2026-04-25 14:44:50 | INFO     | ss_crawler | [ram_scraper] [ram_scraper] Initializing RAM scraper...
2026-04-25 14:44:50 | INFO     | ss_crawler | [database] [database] Database connected: localhost:5433/ss_market
2026-04-25 14:44:50 | INFO     | ss_crawler | [ram_scraper] [ram_scraper] Database: postgresql+psycopg2://crawler:crawler_pass@localhost:5433/ss_market
2026-04-25 14:44:50 | INFO     | ss_crawler | [ram_matcher] [ram_matcher] RAMMatcher initialized with 5290 RAM references
2026-04-25 14:44:50 | INFO     | ss_crawler | [ram_scraper] [ram_scraper] Loaded 5290 RAM references
2026-04-25 14:44:50 | INFO     | ss_crawler | [ram_scraper] [ram_scraper] Initializing RAM scraper...
2026-04-25 14:44:50 | INFO     | ss_crawler | [database] [database] Database connected: localhost:5433/ss_market
2026-04-25 14:44:50 | INFO     | ss_crawler | [ram_scraper] [ram_scraper] Database: postgresql+psycopg2://crawler:crawler_pass@localhost:5433/ss_market
2026-04-25 14:44:51 | INFO     | ss_crawler | [ram_matcher] [ram_matcher] RAMMatcher initialized with 5290 RAM references
2026-04-25 14:44:51 | INFO     | ss_crawler | [ram_scraper] [ram_scraper] Loaded 5290 RAM references
2026-04-25 14:44:51 | INFO     | ss_crawler | [crawler] [crawler] Fetching : https://www.ss.com/msg/lv/electronics/computers/completing-pc/ram/fbgef.html
2026-04-25 14:44:54 | INFO     | ss_crawler | [ram_scraper] [ram_scraper] Matched fbgef: G.Skill Trident Z5 Neo 48 GB (100% confidence)
2026-04-25 14:47:49 | INFO     | ss_crawler | [ram_scraper] [ram_scraper] Initializing RAM scraper...
2026-04-25 14:47:49 | INFO     | ss_crawler | [database] [database] Database connected: localhost:5433/ss_market
2026-04-25 14:47:49 | INFO     | ss_crawler | [ram_scraper] [ram_scraper] Database: postgresql+psycopg2://crawler:crawler_pass@localhost:5433/ss_market
2026-04-25 14:47:49 | INFO     | ss_crawler | [ram_matcher] [ram_matcher] RAMMatcher initialized with 5290 RAM references
2026-04-25 14:47:49 | INFO     | ss_crawler | [ram_scraper] [ram_scraper] Loaded 5290 RAM references
2026-04-25 14:47:49 | INFO     | ss_crawler | [ram_scraper] [ram_scraper] Initializing RAM scraper...
2026-04-25 14:47:49 | INFO     | ss_crawler | [database] [database] Database connected: localhost:5433/ss_market
2026-04-25 14:47:49 | INFO     | ss_crawler | [ram_scraper] [ram_scraper] Database: postgresql+psycopg2://crawler:crawler_pass@localhost:5433/ss_market
2026-04-25 14:47:50 | INFO     | ss_crawler | [ram_matcher] [ram_matcher] RAMMatcher initialized with 5290 RAM references
2026-04-25 14:47:50 | INFO     | ss_crawler | [ram_scraper] [ram_scraper] Loaded 5290 RAM references
2026-04-25 14:47:50 | INFO     | ss_crawler | [crawler] [crawler] Fetching : https://www.ss.com/msg/lv/electronics/computers/completing-pc/ram/fbgef.html
2026-04-25 14:47:53 | INFO     | ss_crawler | [ram_scraper] [ram_scraper] Matched fbgef: Acer Predator Hera RGB 48 GB (100% confidence)
2026-04-25 14:48:54 | INFO     | ss_crawler | [ram_scraper] [ram_scraper] Initializing RAM scraper...
2026-04-25 14:48:54 | INFO     | ss_crawler | [database] [database] Database connected: localhost:5433/ss_market
2026-04-25 14:48:54 | INFO     | ss_crawler | [ram_scraper] [ram_scraper] Database: postgresql+psycopg2://crawler:crawler_pass@localhost:5433/ss_market
2026-04-25 14:48:54 | INFO     | ss_crawler | [ram_matcher] [ram_matcher] RAMMatcher initialized with 5290 RAM references
2026-04-25 14:48:54 | INFO     | ss_crawler | [ram_scraper] [ram_scraper] Loaded 5290 RAM references
2026-04-25 14:48:54 | INFO     | ss_crawler | [ram_scraper] [ram_scraper] Initializing RAM scraper...
2026-04-25 14:48:54 | INFO     | ss_crawler | [database] [database] Database connected: localhost:5433/ss_market
2026-04-25 14:48:54 | INFO     | ss_crawler | [ram_scraper] [ram_scraper] Database: postgresql+psycopg2://crawler:crawler_pass@localhost:5433/ss_market
2026-04-25 14:48:54 | INFO     | ss_crawler | [ram_matcher] [ram_matcher] RAMMatcher initialized with 5290 RAM references
2026-04-25 14:48:54 | INFO     | ss_crawler | [ram_scraper] [ram_scraper] Loaded 5290 RAM references
2026-04-25 14:48:54 | INFO     | ss_crawler | [crawler] [crawler] Fetching : https://www.ss.com/msg/lv/electronics/computers/completing-pc/ram/fbgef.html
2026-04-25 14:48:57 | INFO     | ss_crawler | [ram_scraper] [ram_scraper] Matched fbgef: G.Skill Trident Z5 Neo 48 GB (100% confidence)
2026-04-25 14:50:32 | INFO     | ss_crawler | [ram_scraper] [ram_scraper] Initializing RAM scraper...
2026-04-25 14:50:32 | INFO     | ss_crawler | [database] [database] Database connected: localhost:5433/ss_market
2026-04-25 14:50:32 | INFO     | ss_crawler | [ram_scraper] [ram_scraper] Database: postgresql+psycopg2://crawler:crawler_pass@localhost:5433/ss_market
2026-04-25 14:50:33 | INFO     | ss_crawler | [ram_matcher] [ram_matcher] RAMMatcher initialized with 5290 RAM references
2026-04-25 14:50:33 | INFO     | ss_crawler | [ram_scraper] [ram_scraper] Loaded 5290 RAM references
2026-04-25 14:50:33 | INFO     | ss_crawler | [ram_scraper] [ram_scraper] Initializing RAM scraper...
2026-04-25 14:50:33 | INFO     | ss_crawler | [database] [database] Database connected: localhost:5433/ss_market
2026-04-25 14:50:33 | INFO     | ss_crawler | [ram_scraper] [ram_scraper] Database: postgresql+psycopg2://crawler:crawler_pass@localhost:5433/ss_market
2026-04-25 14:50:33 | INFO     | ss_crawler | [ram_matcher] [ram_matcher] RAMMatcher initialized with 5290 RAM references
2026-04-25 14:50:33 | INFO     | ss_crawler | [ram_scraper] [ram_scraper] Loaded 5290 RAM references
2026-04-25 14:50:33 | INFO     | ss_crawler | [crawler] [crawler] Fetching : https://www.ss.com/msg/lv/electronics/computers/completing-pc/ram/fbgef.html
2026-04-25 14:50:36 | INFO     | ss_crawler | [ram_scraper] [ram_scraper] Matched fbgef: G.Skill Trident Z5 Royal Neo RGB 48 GB (100% confidence)
2026-04-25 14:50:52 | INFO     | ss_crawler | [crawler] [crawler] Fetching : https://www.ss.com/msg/lv/electronics/computers/completing-pc/ram/fbgef.html
2026-04-25 14:51:32 | INFO     | ss_crawler | [crawler] [crawler] Fetching : https://www.ss.com/msg/lv/electronics/computers/completing-pc/ram/fbgef.html
2026-04-25 14:51:54 | INFO     | ss_crawler | [ram_scraper] [ram_scraper] Initializing RAM scraper...
2026-04-25 14:51:54 | INFO     | ss_crawler | [database] [database] Database connected: localhost:5433/ss_market
2026-04-25 14:51:54 | INFO     | ss_crawler | [ram_scraper] [ram_scraper] Database: postgresql+psycopg2://crawler:crawler_pass@localhost:5433/ss_market
2026-04-25 14:51:54 | INFO     | ss_crawler | [ram_matcher] [ram_matcher] RAMMatcher initialized with 5290 RAM references
2026-04-25 14:51:54 | INFO     | ss_crawler | [ram_scraper] [ram_scraper] Loaded 5290 RAM references
2026-04-25 14:51:54 | INFO     | ss_crawler | [ram_scraper] [ram_scraper] Initializing RAM scraper...
2026-04-25 14:51:54 | INFO     | ss_crawler | [database] [database] Database connected: localhost:5433/ss_market
2026-04-25 14:51:54 | INFO     | ss_crawler | [ram_scraper] [ram_scraper] Database: postgresql+psycopg2://crawler:crawler_pass@localhost:5433/ss_market
2026-04-25 14:51:54 | INFO     | ss_crawler | [ram_matcher] [ram_matcher] RAMMatcher initialized with 5290 RAM references
2026-04-25 14:51:54 | INFO     | ss_crawler | [ram_scraper] [ram_scraper] Loaded 5290 RAM references
2026-04-25 14:51:54 | INFO     | ss_crawler | [crawler] [crawler] Fetching : https://www.ss.com/msg/lv/electronics/computers/completing-pc/ram/fbgef.html
2026-04-25 14:51:58 | INFO     | ss_crawler | [ram_scraper] [ram_scraper] Matched fbgef: G.Skill Trident Z5 RGB 48 GB (100% confidence)
2026-04-25 15:09:23 | INFO     | ss_crawler | [ram_scraper] [ram_scraper] Initializing RAM scraper...
2026-04-25 15:09:23 | INFO     | ss_crawler | [database] [database] Database connected: localhost:5433/ss_market
2026-04-25 15:09:23 | INFO     | ss_crawler | [ram_scraper] [ram_scraper] Database: postgresql+psycopg2://crawler:crawler_pass@localhost:5433/ss_market
2026-04-25 15:09:23 | INFO     | ss_crawler | [ram_matcher] [ram_matcher] RAMMatcher initialized with 5290 RAM references
2026-04-25 15:09:23 | INFO     | ss_crawler | [ram_scraper] [ram_scraper] Loaded 5290 RAM references
2026-04-25 15:09:23 | INFO     | ss_crawler | [ram_scraper] [ram_scraper] Initializing RAM scraper...
2026-04-25 15:09:23 | INFO     | ss_crawler | [database] [database] Database connected: localhost:5433/ss_market
2026-04-25 15:09:23 | INFO     | ss_crawler | [ram_scraper] [ram_scraper] Database: postgresql+psycopg2://crawler:crawler_pass@localhost:5433/ss_market
2026-04-25 15:09:24 | INFO     | ss_crawler | [ram_matcher] [ram_matcher] RAMMatcher initialized with 5290 RAM references
2026-04-25 15:09:24 | INFO     | ss_crawler | [ram_scraper] [ram_scraper] Loaded 5290 RAM references
2026-04-25 15:09:24 | INFO     | ss_crawler | [crawler] [crawler] Fetching : https://www.ss.com/msg/lv/electronics/computers/completing-pc/ram/pimki.html
2026-04-25 15:09:26 | ERROR    | ss_crawler | [ram_scraper] [ram_scraper] Error scraping listing pimki: 'tuple' object has no attribute 'lower'
2026-04-25 15:09:46 | INFO     | ss_crawler | [ram_scraper] [ram_scraper] Initializing RAM scraper...
2026-04-25 15:09:46 | INFO     | ss_crawler | [database] [database] Database connected: localhost:5433/ss_market
2026-04-25 15:09:46 | INFO     | ss_crawler | [ram_scraper] [ram_scraper] Database: postgresql+psycopg2://crawler:crawler_pass@localhost:5433/ss_market
2026-04-25 15:09:47 | INFO     | ss_crawler | [ram_matcher] [ram_matcher] RAMMatcher initialized with 5290 RAM references
2026-04-25 15:09:47 | INFO     | ss_crawler | [ram_scraper] [ram_scraper] Loaded 5290 RAM references
2026-04-25 15:09:47 | INFO     | ss_crawler | [ram_scraper] [ram_scraper] Initializing RAM scraper...
2026-04-25 15:09:47 | INFO     | ss_crawler | [database] [database] Database connected: localhost:5433/ss_market
2026-04-25 15:09:47 | INFO     | ss_crawler | [ram_scraper] [ram_scraper] Database: postgresql+psycopg2://crawler:crawler_pass@localhost:5433/ss_market
2026-04-25 15:09:47 | INFO     | ss_crawler | [ram_matcher] [ram_matcher] RAMMatcher initialized with 5290 RAM references
2026-04-25 15:09:47 | INFO     | ss_crawler | [ram_scraper] [ram_scraper] Loaded 5290 RAM references
2026-04-25 15:09:47 | INFO     | ss_crawler | [crawler] [crawler] Fetching : https://www.ss.com/msg/lv/electronics/computers/completing-pc/ram/fbgef.html
2026-04-25 15:09:50 | INFO     | ss_crawler | [ram_scraper] [ram_scraper] Matched fbgef: G.Skill Trident Z5 RGB 48 GB (100% confidence)
2026-04-25 15:09:57 | INFO     | ss_crawler | [ram_scraper] [ram_scraper] Initializing RAM scraper...
2026-04-25 15:09:57 | INFO     | ss_crawler | [database] [database] Database connected: localhost:5433/ss_market
2026-04-25 15:09:57 | INFO     | ss_crawler | [ram_scraper] [ram_scraper] Database: postgresql+psycopg2://crawler:crawler_pass@localhost:5433/ss_market
2026-04-25 15:09:57 | INFO     | ss_crawler | [ram_matcher] [ram_matcher] RAMMatcher initialized with 5290 RAM references
2026-04-25 15:09:57 | INFO     | ss_crawler | [ram_scraper] [ram_scraper] Loaded 5290 RAM references
2026-04-25 15:09:57 | INFO     | ss_crawler | [ram_scraper] [ram_scraper] Initializing RAM scraper...
2026-04-25 15:09:57 | INFO     | ss_crawler | [database] [database] Database connected: localhost:5433/ss_market
2026-04-25 15:09:57 | INFO     | ss_crawler | [ram_scraper] [ram_scraper] Database: postgresql+psycopg2://crawler:crawler_pass@localhost:5433/ss_market
2026-04-25 15:09:58 | INFO     | ss_crawler | [ram_matcher] [ram_matcher] RAMMatcher initialized with 5290 RAM references
2026-04-25 15:09:58 | INFO     | ss_crawler | [ram_scraper] [ram_scraper] Loaded 5290 RAM references
2026-04-25 15:09:58 | INFO     | ss_crawler | [crawler] [crawler] Fetching : https://www.ss.com/msg/lv/electronics/computers/completing-pc/ram/pimki.html
2026-04-25 15:10:00 | ERROR    | ss_crawler | [ram_scraper] [ram_scraper] Error scraping listing pimki: 'tuple' object has no attribute 'lower'
2026-04-25 15:10:48 | INFO     | ss_crawler | [crawler] [crawler] Fetching : https://www.ss.com/msg/lv/electronics/computers/completing-pc/ram/pimki.html
2026-04-25 15:11:10 | INFO     | ss_crawler | [crawler] [crawler] Fetching : https://www.ss.com/msg/lv/electronics/computers/completing-pc/ram/pimki.html
2026-04-25 15:17:27 | INFO     | ss_crawler | [ram_scraper] [ram_scraper] Initializing RAM scraper...
2026-04-25 15:17:27 | INFO     | ss_crawler | [database] [database] Database connected: localhost:5433/ss_market
2026-04-25 15:17:27 | INFO     | ss_crawler | [ram_scraper] [ram_scraper] Database: postgresql+psycopg2://crawler:crawler_pass@localhost:5433/ss_market
2026-04-25 15:17:27 | INFO     | ss_crawler | [ram_matcher] [ram_matcher] RAMMatcher initialized with 5290 RAM references
2026-04-25 15:17:27 | INFO     | ss_crawler | [ram_scraper] [ram_scraper] Loaded 5290 RAM references
2026-04-25 15:17:27 | INFO     | ss_crawler | [ram_scraper] [ram_scraper] Initializing RAM scraper...
2026-04-25 15:17:27 | INFO     | ss_crawler | [database] [database] Database connected: localhost:5433/ss_market
2026-04-25 15:17:27 | INFO     | ss_crawler | [ram_scraper] [ram_scraper] Database: postgresql+psycopg2://crawler:crawler_pass@localhost:5433/ss_market
2026-04-25 15:17:28 | INFO     | ss_crawler | [ram_matcher] [ram_matcher] RAMMatcher initialized with 5290 RAM references
2026-04-25 15:17:28 | INFO     | ss_crawler | [ram_scraper] [ram_scraper] Loaded 5290 RAM references
2026-04-25 15:17:28 | INFO     | ss_crawler | [crawler] [crawler] Fetching : https://www.ss.com/msg/lv/electronics/computers/completing-pc/ram/fbgef.html
2026-04-25 15:17:32 | INFO     | ss_crawler | [ram_scraper] [ram_scraper] Matched fbgef: G.Skill Trident Z5 RGB 48 GB (100% confidence)
2026-04-25 15:17:44 | INFO     | ss_crawler | [ram_scraper] [ram_scraper] Initializing RAM scraper...
2026-04-25 15:17:45 | INFO     | ss_crawler | [database] [database] Database connected: localhost:5433/ss_market
2026-04-25 15:17:45 | INFO     | ss_crawler | [ram_scraper] [ram_scraper] Database: postgresql+psycopg2://crawler:crawler_pass@localhost:5433/ss_market
2026-04-25 15:17:45 | INFO     | ss_crawler | [ram_matcher] [ram_matcher] RAMMatcher initialized with 5290 RAM references
2026-04-25 15:17:45 | INFO     | ss_crawler | [ram_scraper] [ram_scraper] Loaded 5290 RAM references
2026-04-25 15:17:45 | INFO     | ss_crawler | [ram_scraper] [ram_scraper] Initializing RAM scraper...
2026-04-25 15:17:45 | INFO     | ss_crawler | [database] [database] Database connected: localhost:5433/ss_market
2026-04-25 15:17:45 | INFO     | ss_crawler | [ram_scraper] [ram_scraper] Database: postgresql+psycopg2://crawler:crawler_pass@localhost:5433/ss_market
2026-04-25 15:17:45 | INFO     | ss_crawler | [ram_matcher] [ram_matcher] RAMMatcher initialized with 5290 RAM references
2026-04-25 15:17:45 | INFO     | ss_crawler | [ram_scraper] [ram_scraper] Loaded 5290 RAM references
2026-04-25 15:17:45 | INFO     | ss_crawler | [crawler] [crawler] Fetching : https://www.ss.com/msg/lv/electronics/computers/completing-pc/ram/pimki.html
2026-04-25 15:17:47 | ERROR    | ss_crawler | [ram_scraper] [ram_scraper] Error scraping listing pimki: 'tuple' object has no attribute 'lower'
2026-04-25 15:19:15 | INFO     | ss_crawler | [crawler] [crawler] Fetching : https://www.ss.com/msg/lv/electronics/computers/completing-pc/ram/pimki.html
2026-04-25 15:20:13 | INFO     | ss_crawler | [ram_scraper] [ram_scraper] Initializing RAM scraper...
2026-04-25 15:20:13 | INFO     | ss_crawler | [database] [database] Database connected: localhost:5433/ss_market
2026-04-25 15:20:13 | INFO     | ss_crawler | [ram_scraper] [ram_scraper] Database: postgresql+psycopg2://crawler:crawler_pass@localhost:5433/ss_market
2026-04-25 15:20:14 | INFO     | ss_crawler | [ram_matcher] [ram_matcher] RAMMatcher initialized with 5290 RAM references
2026-04-25 15:20:14 | INFO     | ss_crawler | [ram_scraper] [ram_scraper] Loaded 5290 RAM references
2026-04-25 15:20:14 | INFO     | ss_crawler | [ram_scraper] [ram_scraper] Initializing RAM scraper...
2026-04-25 15:20:14 | INFO     | ss_crawler | [database] [database] Database connected: localhost:5433/ss_market
2026-04-25 15:20:14 | INFO     | ss_crawler | [ram_scraper] [ram_scraper] Database: postgresql+psycopg2://crawler:crawler_pass@localhost:5433/ss_market
2026-04-25 15:20:14 | INFO     | ss_crawler | [ram_matcher] [ram_matcher] RAMMatcher initialized with 5290 RAM references
2026-04-25 15:20:14 | INFO     | ss_crawler | [ram_scraper] [ram_scraper] Loaded 5290 RAM references
2026-04-25 15:20:14 | INFO     | ss_crawler | [crawler] [crawler] Fetching : https://www.ss.com/msg/lv/electronics/computers/completing-pc/ram/pimki.html
2026-04-25 15:20:17 | ERROR    | ss_crawler | [ram_scraper] [ram_scraper] Error scraping listing pimki: 'tuple' object has no attribute 'lower'
2026-04-25 15:20:47 | INFO     | ss_crawler | [ram_matcher] [ram_matcher] RAMMatcher initialized with 5290 RAM references
2026-04-25 15:20:47 | INFO     | ss_crawler | [crawler] [crawler] Fetching : https://www.ss.com/msg/lv/electronics/computers/completing-pc/ram/pimki.html
2026-04-25 15:21:22 | INFO     | ss_crawler | [ram_matcher] [ram_matcher] RAMMatcher initialized with 5290 RAM references
2026-04-25 15:21:22 | INFO     | ss_crawler | [crawler] [crawler] Fetching : https://www.ss.com/msg/lv/electronics/computers/completing-pc/ram/pimki.html
2026-04-25 15:22:31 | INFO     | ss_crawler | [ram_matcher] [ram_matcher] RAMMatcher initialized with 5290 RAM references
2026-04-25 15:22:31 | INFO     | ss_crawler | [crawler] [crawler] Fetching : https://www.ss.com/msg/lv/electronics/computers/completing-pc/ram/pimki.html
2026-04-25 15:24:12 | INFO     | ss_crawler | [ram_scraper] [ram_scraper] Initializing RAM scraper...
2026-04-25 15:24:12 | INFO     | ss_crawler | [database] [database] Database connected: localhost:5433/ss_market
2026-04-25 15:24:12 | INFO     | ss_crawler | [ram_scraper] [ram_scraper] Database: postgresql+psycopg2://crawler:crawler_pass@localhost:5433/ss_market
2026-04-25 15:24:13 | INFO     | ss_crawler | [ram_matcher] [ram_matcher] RAMMatcher initialized with 5290 RAM references
2026-04-25 15:24:13 | INFO     | ss_crawler | [ram_scraper] [ram_scraper] Loaded 5290 RAM references
2026-04-25 15:24:13 | INFO     | ss_crawler | [ram_scraper] [ram_scraper] Initializing RAM scraper...
2026-04-25 15:24:13 | INFO     | ss_crawler | [database] [database] Database connected: localhost:5433/ss_market
2026-04-25 15:24:13 | INFO     | ss_crawler | [ram_scraper] [ram_scraper] Database: postgresql+psycopg2://crawler:crawler_pass@localhost:5433/ss_market
2026-04-25 15:24:13 | INFO     | ss_crawler | [ram_matcher] [ram_matcher] RAMMatcher initialized with 5290 RAM references
2026-04-25 15:24:13 | INFO     | ss_crawler | [ram_scraper] [ram_scraper] Loaded 5290 RAM references
2026-04-25 15:24:13 | INFO     | ss_crawler | [crawler] [crawler] Fetching : https://www.ss.com/msg/lv/electronics/computers/completing-pc/ram/pimki.html
2026-04-25 15:24:15 | ERROR    | ss_crawler | [ram_scraper] [ram_scraper] Error scraping listing pimki: 'tuple' object has no attribute 'lower'
2026-04-25 15:24:35 | INFO     | ss_crawler | [ram_matcher] [ram_matcher] RAMMatcher initialized with 5290 RAM references
2026-04-25 15:24:35 | INFO     | ss_crawler | [crawler] [crawler] Fetching : https://www.ss.com/msg/lv/electronics/computers/completing-pc/ram/pimki.html
2026-04-25 15:24:43 | INFO     | ss_crawler | [ram_matcher] [ram_matcher] RAMMatcher initialized with 5290 RAM references
2026-04-25 15:24:43 | INFO     | ss_crawler | [crawler] [crawler] Fetching : https://www.ss.com/msg/lv/electronics/computers/completing-pc/ram/pimki.html
2026-04-25 15:25:24 | INFO     | ss_crawler | [ram_scraper] [ram_scraper] Initializing RAM scraper...
2026-04-25 15:25:24 | INFO     | ss_crawler | [database] [database] Database connected: localhost:5433/ss_market
2026-04-25 15:25:24 | INFO     | ss_crawler | [ram_scraper] [ram_scraper] Database: postgresql+psycopg2://crawler:crawler_pass@localhost:5433/ss_market
2026-04-25 15:25:25 | INFO     | ss_crawler | [ram_matcher] [ram_matcher] RAMMatcher initialized with 5290 RAM references
2026-04-25 15:25:25 | INFO     | ss_crawler | [ram_scraper] [ram_scraper] Loaded 5290 RAM references
2026-04-25 15:25:25 | INFO     | ss_crawler | [ram_scraper] [ram_scraper] Initializing RAM scraper...
2026-04-25 15:25:25 | INFO     | ss_crawler | [database] [database] Database connected: localhost:5433/ss_market
2026-04-25 15:25:25 | INFO     | ss_crawler | [ram_scraper] [ram_scraper] Database: postgresql+psycopg2://crawler:crawler_pass@localhost:5433/ss_market
2026-04-25 15:25:25 | INFO     | ss_crawler | [ram_matcher] [ram_matcher] RAMMatcher initialized with 5290 RAM references
2026-04-25 15:25:25 | INFO     | ss_crawler | [ram_scraper] [ram_scraper] Loaded 5290 RAM references
2026-04-25 15:25:25 | INFO     | ss_crawler | [crawler] [crawler] Fetching : https://www.ss.com/msg/lv/electronics/computers/completing-pc/ram/pimki.html
2026-04-25 15:25:28 | INFO     | ss_crawler | [ram_scraper] [ram_scraper] Matched pimki: Crucial CT8G48C40U5 8 GB (100% confidence)
2026-04-25 15:26:15 | INFO     | ss_crawler | [ram_scraper] [ram_scraper] Initializing RAM scraper...
2026-04-25 15:26:15 | INFO     | ss_crawler | [database] [database] Database connected: localhost:5433/ss_market
2026-04-25 15:26:15 | INFO     | ss_crawler | [ram_scraper] [ram_scraper] Database: postgresql+psycopg2://crawler:crawler_pass@localhost:5433/ss_market
2026-04-25 15:26:15 | INFO     | ss_crawler | [ram_matcher] [ram_matcher] RAMMatcher initialized with 5290 RAM references
2026-04-25 15:26:15 | INFO     | ss_crawler | [ram_scraper] [ram_scraper] Loaded 5290 RAM references
2026-04-25 15:26:15 | INFO     | ss_crawler | [ram_scraper] [ram_scraper] Initializing RAM scraper...
2026-04-25 15:26:15 | INFO     | ss_crawler | [database] [database] Database connected: localhost:5433/ss_market
2026-04-25 15:26:15 | INFO     | ss_crawler | [ram_scraper] [ram_scraper] Database: postgresql+psycopg2://crawler:crawler_pass@localhost:5433/ss_market
2026-04-25 15:26:15 | INFO     | ss_crawler | [ram_matcher] [ram_matcher] RAMMatcher initialized with 5290 RAM references
2026-04-25 15:26:15 | INFO     | ss_crawler | [ram_scraper] [ram_scraper] Loaded 5290 RAM references
2026-04-25 15:26:15 | INFO     | ss_crawler | [crawler] [crawler] Fetching : https://www.ss.com/msg/lv/electronics/computers/completing-pc/ram/pimki.html
2026-04-25 15:26:17 | INFO     | ss_crawler | [ram_scraper] [ram_scraper] Matched pimki: Crucial CT8G48C40U5 8 GB (100% confidence)
2026-04-25 15:27:03 | INFO     | ss_crawler | [ram_scraper] [ram_scraper] Initializing RAM scraper...
2026-04-25 15:27:03 | INFO     | ss_crawler | [database] [database] Database connected: localhost:5433/ss_market
2026-04-25 15:27:03 | INFO     | ss_crawler | [ram_scraper] [ram_scraper] Database: postgresql+psycopg2://crawler:crawler_pass@localhost:5433/ss_market
2026-04-25 15:27:03 | INFO     | ss_crawler | [ram_matcher] [ram_matcher] RAMMatcher initialized with 5290 RAM references
2026-04-25 15:27:03 | INFO     | ss_crawler | [ram_scraper] [ram_scraper] Loaded 5290 RAM references
2026-04-25 15:27:03 | INFO     | ss_crawler | [ram_scraper] [ram_scraper] Initializing RAM scraper...
2026-04-25 15:27:03 | INFO     | ss_crawler | [database] [database] Database connected: localhost:5433/ss_market
2026-04-25 15:27:03 | INFO     | ss_crawler | [ram_scraper] [ram_scraper] Database: postgresql+psycopg2://crawler:crawler_pass@localhost:5433/ss_market
2026-04-25 15:27:04 | INFO     | ss_crawler | [ram_matcher] [ram_matcher] RAMMatcher initialized with 5290 RAM references
2026-04-25 15:27:04 | INFO     | ss_crawler | [ram_scraper] [ram_scraper] Loaded 5290 RAM references
2026-04-25 15:27:04 | INFO     | ss_crawler | [crawler] [crawler] Fetching : https://www.ss.com/msg/lv/electronics/computers/completing-pc/ram/pimki.html
2026-04-25 15:27:07 | INFO     | ss_crawler | [ram_scraper] [ram_scraper] Matched pimki: Crucial CT8G48C40U5 8 GB (100% confidence)
2026-04-25 15:30:04 | INFO     | ss_crawler | [ram_scraper] [ram_scraper] Initializing RAM scraper...
2026-04-25 15:30:04 | INFO     | ss_crawler | [database] [database] Database connected: localhost:5433/ss_market
2026-04-25 15:30:04 | INFO     | ss_crawler | [ram_scraper] [ram_scraper] Database: postgresql+psycopg2://crawler:crawler_pass@localhost:5433/ss_market
2026-04-25 15:30:05 | INFO     | ss_crawler | [ram_matcher] [ram_matcher] RAMMatcher initialized with 5290 RAM references
2026-04-25 15:30:05 | INFO     | ss_crawler | [ram_scraper] [ram_scraper] Loaded 5290 RAM references
2026-04-25 15:30:05 | INFO     | ss_crawler | [ram_scraper] [ram_scraper] Initializing RAM scraper...
2026-04-25 15:30:05 | INFO     | ss_crawler | [database] [database] Database connected: localhost:5433/ss_market
2026-04-25 15:30:05 | INFO     | ss_crawler | [ram_scraper] [ram_scraper] Database: postgresql+psycopg2://crawler:crawler_pass@localhost:5433/ss_market
2026-04-25 15:30:05 | INFO     | ss_crawler | [ram_matcher] [ram_matcher] RAMMatcher initialized with 5290 RAM references
2026-04-25 15:30:05 | INFO     | ss_crawler | [ram_scraper] [ram_scraper] Loaded 5290 RAM references
2026-04-25 15:30:05 | INFO     | ss_crawler | [crawler] [crawler] Fetching : https://www.ss.com/msg/lv/electronics/computers/completing-pc/ram/cgkcbp.html
2026-04-25 15:30:08 | INFO     | ss_crawler | [ram_scraper] [ram_scraper] Matched cgkcbp: Corsair Vengeance 32 GB (100% confidence)
2026-04-25 15:32:06 | INFO     | ss_crawler | [ram_scraper] [ram_scraper] Initializing RAM scraper...
2026-04-25 15:32:06 | INFO     | ss_crawler | [database] [database] Database connected: localhost:5433/ss_market
2026-04-25 15:32:06 | INFO     | ss_crawler | [ram_scraper] [ram_scraper] Database: postgresql+psycopg2://crawler:crawler_pass@localhost:5433/ss_market
2026-04-25 15:32:06 | INFO     | ss_crawler | [ram_matcher] [ram_matcher] RAMMatcher initialized with 5290 RAM references
2026-04-25 15:32:06 | INFO     | ss_crawler | [ram_scraper] [ram_scraper] Loaded 5290 RAM references
2026-04-25 15:32:06 | INFO     | ss_crawler | [ram_scraper] [ram_scraper] Initializing RAM scraper...
2026-04-25 15:32:06 | INFO     | ss_crawler | [database] [database] Database connected: localhost:5433/ss_market
2026-04-25 15:32:06 | INFO     | ss_crawler | [ram_scraper] [ram_scraper] Database: postgresql+psycopg2://crawler:crawler_pass@localhost:5433/ss_market
2026-04-25 15:32:07 | INFO     | ss_crawler | [ram_matcher] [ram_matcher] RAMMatcher initialized with 5290 RAM references
2026-04-25 15:32:07 | INFO     | ss_crawler | [ram_scraper] [ram_scraper] Loaded 5290 RAM references
2026-04-25 15:32:07 | INFO     | ss_crawler | [crawler] [crawler] Fetching : https://www.ss.com/msg/lv/electronics/computers/completing-pc/ram/hhfok.html
2026-04-25 15:32:09 | INFO     | ss_crawler | [ram_scraper] [ram_scraper] Matched hhfok: Crucial CT2K32G52C42S5 64 GB (100% confidence)
2026-04-25 15:33:21 | INFO     | ss_crawler | [ram_scraper] [ram_scraper] Initializing RAM scraper...
2026-04-25 15:33:21 | INFO     | ss_crawler | [database] [database] Database connected: localhost:5433/ss_market
2026-04-25 15:33:21 | INFO     | ss_crawler | [ram_scraper] [ram_scraper] Database: postgresql+psycopg2://crawler:crawler_pass@localhost:5433/ss_market
2026-04-25 15:33:21 | INFO     | ss_crawler | [ram_matcher] [ram_matcher] RAMMatcher initialized with 5290 RAM references
2026-04-25 15:33:21 | INFO     | ss_crawler | [ram_scraper] [ram_scraper] Loaded 5290 RAM references
2026-04-25 15:33:21 | INFO     | ss_crawler | [ram_scraper] [ram_scraper] Initializing RAM scraper...
2026-04-25 15:33:21 | INFO     | ss_crawler | [database] [database] Database connected: localhost:5433/ss_market
2026-04-25 15:33:21 | INFO     | ss_crawler | [ram_scraper] [ram_scraper] Database: postgresql+psycopg2://crawler:crawler_pass@localhost:5433/ss_market
2026-04-25 15:33:22 | INFO     | ss_crawler | [ram_matcher] [ram_matcher] RAMMatcher initialized with 5290 RAM references
2026-04-25 15:33:22 | INFO     | ss_crawler | [ram_scraper] [ram_scraper] Loaded 5290 RAM references
2026-04-25 15:33:22 | INFO     | ss_crawler | [crawler] [crawler] Fetching : https://www.ss.com/msg/lv/electronics/computers/completing-pc/ram/cgklfp.html
2026-04-25 15:33:25 | INFO     | ss_crawler | [ram_scraper] [ram_scraper] Matched cgklfp: Micron MTA18ADF2G72AZ-3G2E1 16 GB (77% confidence)
2026-04-25 15:37:49 | INFO     | ss_crawler | [crawler] [crawler] Fetching : https://www.ss.com/msg/lv/electronics/computers/completing-pc/ram/cgklfp.html
2026-04-25 15:39:02 | INFO     | ss_crawler | [ram_scraper] [ram_scraper] Initializing RAM scraper...
2026-04-25 15:39:02 | INFO     | ss_crawler | [database] [database] Database connected: localhost:5433/ss_market
2026-04-25 15:39:02 | INFO     | ss_crawler | [ram_scraper] [ram_scraper] Database: postgresql+psycopg2://crawler:crawler_pass@localhost:5433/ss_market
2026-04-25 15:39:02 | INFO     | ss_crawler | [ram_matcher] [ram_matcher] RAMMatcher initialized with 5290 RAM references
2026-04-25 15:39:02 | INFO     | ss_crawler | [ram_scraper] [ram_scraper] Loaded 5290 RAM references
2026-04-25 15:39:02 | INFO     | ss_crawler | [ram_scraper] [ram_scraper] Initializing RAM scraper...
2026-04-25 15:39:02 | INFO     | ss_crawler | [database] [database] Database connected: localhost:5433/ss_market
2026-04-25 15:39:02 | INFO     | ss_crawler | [ram_scraper] [ram_scraper] Database: postgresql+psycopg2://crawler:crawler_pass@localhost:5433/ss_market
2026-04-25 15:39:03 | INFO     | ss_crawler | [ram_matcher] [ram_matcher] RAMMatcher initialized with 5290 RAM references
2026-04-25 15:39:03 | INFO     | ss_crawler | [ram_scraper] [ram_scraper] Loaded 5290 RAM references
2026-04-25 15:39:03 | INFO     | ss_crawler | [crawler] [crawler] Fetching : https://www.ss.com/msg/lv/electronics/computers/completing-pc/ram/cgklfp.html
2026-04-25 15:39:06 | INFO     | ss_crawler | [ram_scraper] [ram_scraper] Matched cgklfp: Crucial Ballistix Sport LT 8 GB (100% confidence)
2026-04-25 15:52:14 | INFO     | ss_crawler | [ram_scraper] [ram_scraper] Initializing RAM scraper...
2026-04-25 15:52:14 | INFO     | ss_crawler | [database] [database] Database connected: localhost:5433/ss_market
2026-04-25 15:52:14 | INFO     | ss_crawler | [ram_scraper] [ram_scraper] Database: postgresql+psycopg2://crawler:crawler_pass@localhost:5433/ss_market
2026-04-25 15:52:14 | INFO     | ss_crawler | [ram_matcher] [ram_matcher] RAMMatcher initialized with 5290 RAM references
2026-04-25 15:52:14 | INFO     | ss_crawler | [ram_scraper] [ram_scraper] Loaded 5290 RAM references
2026-04-25 15:52:14 | INFO     | ss_crawler | [ram_scraper] [ram_scraper] Initializing RAM scraper...
2026-04-25 15:52:14 | INFO     | ss_crawler | [database] [database] Database connected: localhost:5433/ss_market
2026-04-25 15:52:14 | INFO     | ss_crawler | [ram_scraper] [ram_scraper] Database: postgresql+psycopg2://crawler:crawler_pass@localhost:5433/ss_market
2026-04-25 15:52:15 | INFO     | ss_crawler | [ram_matcher] [ram_matcher] RAMMatcher initialized with 5290 RAM references
2026-04-25 15:52:15 | INFO     | ss_crawler | [ram_scraper] [ram_scraper] Loaded 5290 RAM references
2026-04-25 15:52:15 | INFO     | ss_crawler | [crawler] [crawler] Fetching : https://www.ss.com/msg/lv/electronics/computers/completing-pc/ram/pnlox.html
2026-04-25 15:52:18 | INFO     | ss_crawler | [ram_scraper] [ram_scraper] No match for pnlox: SS.COM Komplektējošie datoriem - RAM, Cena 30 €. S
2026-04-25 16:01:45 | INFO     | ss_crawler | [ram_scraper] [ram_scraper] Initializing RAM scraper...
2026-04-25 16:01:45 | INFO     | ss_crawler | [database] [database] Database connected: localhost:5433/ss_market
2026-04-25 16:01:45 | INFO     | ss_crawler | [ram_scraper] [ram_scraper] Database: postgresql+psycopg2://crawler:crawler_pass@localhost:5433/ss_market
2026-04-25 16:01:45 | INFO     | ss_crawler | [ram_matcher] [ram_matcher] RAMMatcher initialized with 5291 RAM references
2026-04-25 16:01:45 | INFO     | ss_crawler | [ram_scraper] [ram_scraper] Loaded 5291 RAM references
2026-04-25 16:01:45 | INFO     | ss_crawler | [ram_scraper] [ram_scraper] Initializing RAM scraper...
2026-04-25 16:01:45 | INFO     | ss_crawler | [database] [database] Database connected: localhost:5433/ss_market
2026-04-25 16:01:45 | INFO     | ss_crawler | [ram_scraper] [ram_scraper] Database: postgresql+psycopg2://crawler:crawler_pass@localhost:5433/ss_market
2026-04-25 16:01:46 | INFO     | ss_crawler | [ram_matcher] [ram_matcher] RAMMatcher initialized with 5291 RAM references
2026-04-25 16:01:46 | INFO     | ss_crawler | [ram_scraper] [ram_scraper] Loaded 5291 RAM references
2026-04-25 16:01:46 | INFO     | ss_crawler | [crawler] [crawler] Fetching : https://www.ss.com/msg/lv/electronics/computers/completing-pc/ram/pnlox.html
2026-04-25 16:01:48 | INFO     | ss_crawler | [ram_scraper] [ram_scraper] No match for pnlox: SS.COM Komplektējošie datoriem - RAM, Cena 30 €. S
2026-04-25 16:03:17 | INFO     | ss_crawler | [crawler] [crawler] Fetching : https://www.ss.com/msg/lv/electronics/computers/completing-pc/ram/pnlox.html
2026-04-25 16:04:03 | INFO     | ss_crawler | [ram_matcher] [ram_matcher] RAMMatcher initialized with 5291 RAM references
2026-04-25 16:04:18 | INFO     | ss_crawler | [ram_matcher] [ram_matcher] RAMMatcher initialized with 5291 RAM references
2026-04-25 16:05:22 | INFO     | ss_crawler | [ram_scraper] [ram_scraper] Initializing RAM scraper...
2026-04-25 16:05:22 | INFO     | ss_crawler | [database] [database] Database connected: localhost:5433/ss_market
2026-04-25 16:05:22 | INFO     | ss_crawler | [ram_scraper] [ram_scraper] Database: postgresql+psycopg2://crawler:crawler_pass@localhost:5433/ss_market
2026-04-25 16:05:23 | INFO     | ss_crawler | [ram_matcher] [ram_matcher] RAMMatcher initialized with 5291 RAM references
2026-04-25 16:05:23 | INFO     | ss_crawler | [ram_scraper] [ram_scraper] Loaded 5291 RAM references
2026-04-25 16:05:23 | INFO     | ss_crawler | [ram_scraper] [ram_scraper] Initializing RAM scraper...
2026-04-25 16:05:23 | INFO     | ss_crawler | [database] [database] Database connected: localhost:5433/ss_market
2026-04-25 16:05:23 | INFO     | ss_crawler | [ram_scraper] [ram_scraper] Database: postgresql+psycopg2://crawler:crawler_pass@localhost:5433/ss_market
2026-04-25 16:05:23 | INFO     | ss_crawler | [ram_matcher] [ram_matcher] RAMMatcher initialized with 5291 RAM references
2026-04-25 16:05:23 | INFO     | ss_crawler | [ram_scraper] [ram_scraper] Loaded 5291 RAM references
2026-04-25 16:05:23 | INFO     | ss_crawler | [crawler] [crawler] Fetching : https://www.ss.com/msg/lv/electronics/computers/completing-pc/ram/pnlox.html
2026-04-25 16:05:26 | INFO     | ss_crawler | [ram_scraper] [ram_scraper] No match for pnlox: SS.COM Komplektējošie datoriem - RAM, Cena 30 €. S
2026-04-25 16:07:19 | INFO     | ss_crawler | [ram_scraper] [ram_scraper] Initializing RAM scraper...
2026-04-25 16:07:19 | INFO     | ss_crawler | [database] [database] Database connected: localhost:5433/ss_market
2026-04-25 16:07:19 | INFO     | ss_crawler | [ram_scraper] [ram_scraper] Database: postgresql+psycopg2://crawler:crawler_pass@localhost:5433/ss_market
2026-04-25 16:07:20 | INFO     | ss_crawler | [ram_matcher] [ram_matcher] RAMMatcher initialized with 5291 RAM references
2026-04-25 16:07:20 | INFO     | ss_crawler | [ram_scraper] [ram_scraper] Loaded 5291 RAM references
2026-04-25 16:07:20 | INFO     | ss_crawler | [ram_scraper] [ram_scraper] Initializing RAM scraper...
2026-04-25 16:07:20 | INFO     | ss_crawler | [database] [database] Database connected: localhost:5433/ss_market
2026-04-25 16:07:20 | INFO     | ss_crawler | [ram_scraper] [ram_scraper] Database: postgresql+psycopg2://crawler:crawler_pass@localhost:5433/ss_market
2026-04-25 16:07:20 | INFO     | ss_crawler | [ram_matcher] [ram_matcher] RAMMatcher initialized with 5291 RAM references
2026-04-25 16:07:20 | INFO     | ss_crawler | [ram_scraper] [ram_scraper] Loaded 5291 RAM references
2026-04-25 16:07:20 | INFO     | ss_crawler | [crawler] [crawler] Fetching : https://www.ss.com/msg/lv/electronics/computers/completing-pc/ram/pnlox.html
2026-04-25 16:07:22 | INFO     | ss_crawler | [ram_scraper] [ram_scraper] No match for pnlox: SS.COM Komplektējošie datoriem - RAM, Cena 30 €. S
2026-04-25 16:08:04 | INFO     | ss_crawler | [ram_scraper] [ram_scraper] Initializing RAM scraper...
2026-04-25 16:08:04 | INFO     | ss_crawler | [database] [database] Database connected: localhost:5433/ss_market
2026-04-25 16:08:04 | INFO     | ss_crawler | [ram_scraper] [ram_scraper] Database: postgresql+psycopg2://crawler:crawler_pass@localhost:5433/ss_market
2026-04-25 16:08:04 | INFO     | ss_crawler | [ram_matcher] [ram_matcher] RAMMatcher initialized with 5291 RAM references
2026-04-25 16:08:04 | INFO     | ss_crawler | [ram_scraper] [ram_scraper] Loaded 5291 RAM references
2026-04-25 16:08:04 | INFO     | ss_crawler | [ram_scraper] [ram_scraper] Initializing RAM scraper...
2026-04-25 16:08:04 | INFO     | ss_crawler | [database] [database] Database connected: localhost:5433/ss_market
2026-04-25 16:08:04 | INFO     | ss_crawler | [ram_scraper] [ram_scraper] Database: postgresql+psycopg2://crawler:crawler_pass@localhost:5433/ss_market
2026-04-25 16:08:04 | INFO     | ss_crawler | [ram_matcher] [ram_matcher] RAMMatcher initialized with 5291 RAM references
2026-04-25 16:08:04 | INFO     | ss_crawler | [ram_scraper] [ram_scraper] Loaded 5291 RAM references
2026-04-25 16:08:04 | INFO     | ss_crawler | [crawler] [crawler] Fetching : https://www.ss.com/msg/lv/electronics/computers/completing-pc/ram/pnlox.html
2026-04-25 16:08:07 | INFO     | ss_crawler | [ram_scraper] [ram_scraper] No match for pnlox: SS.COM Komplektējošie datoriem - RAM, Cena 30 €. S
2026-04-25 16:08:50 | INFO     | ss_crawler | [ram_matcher] [ram_matcher] RAMMatcher initialized with 5291 RAM references
2026-04-25 16:16:18 | INFO     | ss_crawler | [ram_scraper] [ram_scraper] Initializing RAM scraper...
2026-04-25 16:16:18 | INFO     | ss_crawler | [database] [database] Database connected: localhost:5433/ss_market
2026-04-25 16:16:18 | INFO     | ss_crawler | [ram_scraper] [ram_scraper] Database: postgresql+psycopg2://crawler:crawler_pass@localhost:5433/ss_market
2026-04-25 16:16:19 | INFO     | ss_crawler | [ram_matcher] [ram_matcher] RAMMatcher initialized with 5291 RAM references
2026-04-25 16:16:19 | INFO     | ss_crawler | [ram_scraper] [ram_scraper] Loaded 5291 RAM references
2026-04-25 16:16:19 | INFO     | ss_crawler | [ram_scraper] [ram_scraper] Initializing RAM scraper...
2026-04-25 16:16:19 | INFO     | ss_crawler | [database] [database] Database connected: localhost:5433/ss_market
2026-04-25 16:16:19 | INFO     | ss_crawler | [ram_scraper] [ram_scraper] Database: postgresql+psycopg2://crawler:crawler_pass@localhost:5433/ss_market
2026-04-25 16:16:19 | INFO     | ss_crawler | [ram_matcher] [ram_matcher] RAMMatcher initialized with 5291 RAM references
2026-04-25 16:16:19 | INFO     | ss_crawler | [ram_scraper] [ram_scraper] Loaded 5291 RAM references
2026-04-25 16:16:19 | INFO     | ss_crawler | [crawler] [crawler] Fetching : https://www.ss.com/msg/lv/electronics/computers/completing-pc/ram/pnlox.html
2026-04-25 16:16:23 | INFO     | ss_crawler | [ram_scraper] [ram_scraper] No match for pnlox: SS.COM Komplektējošie datoriem - RAM, Cena 30 €. S
2026-04-25 16:17:37 | INFO     | ss_crawler | [ram_scraper] [ram_scraper] Initializing RAM scraper...
2026-04-25 16:17:37 | INFO     | ss_crawler | [database] [database] Database connected: localhost:5433/ss_market
2026-04-25 16:17:37 | INFO     | ss_crawler | [ram_scraper] [ram_scraper] Database: postgresql+psycopg2://crawler:crawler_pass@localhost:5433/ss_market
2026-04-25 16:17:37 | INFO     | ss_crawler | [ram_matcher] [ram_matcher] RAMMatcher initialized with 5291 RAM references
2026-04-25 16:17:37 | INFO     | ss_crawler | [ram_scraper] [ram_scraper] Loaded 5291 RAM references
2026-04-25 16:17:37 | INFO     | ss_crawler | [ram_scraper] [ram_scraper] Initializing RAM scraper...
2026-04-25 16:17:37 | INFO     | ss_crawler | [database] [database] Database connected: localhost:5433/ss_market
2026-04-25 16:17:37 | INFO     | ss_crawler | [ram_scraper] [ram_scraper] Database: postgresql+psycopg2://crawler:crawler_pass@localhost:5433/ss_market
2026-04-25 16:17:38 | INFO     | ss_crawler | [ram_matcher] [ram_matcher] RAMMatcher initialized with 5291 RAM references
2026-04-25 16:17:38 | INFO     | ss_crawler | [ram_scraper] [ram_scraper] Loaded 5291 RAM references
2026-04-25 16:17:38 | INFO     | ss_crawler | [crawler] [crawler] Fetching : https://www.ss.com/msg/lv/electronics/computers/completing-pc/ram/pnlox.html
2026-04-25 16:17:40 | INFO     | ss_crawler | [ram_scraper] [ram_scraper] No match for pnlox: SS.COM Komplektējošie datoriem - RAM, Cena 30 €. S
2026-04-25 16:18:02 | INFO     | ss_crawler | [ram_matcher] [ram_matcher] RAMMatcher initialized with 5291 RAM references
2026-04-25 16:18:21 | INFO     | ss_crawler | [ram_matcher] [ram_matcher] RAMMatcher initialized with 5291 RAM references
2026-04-25 16:19:03 | INFO     | ss_crawler | [ram_matcher] [ram_matcher] RAMMatcher initialized with 5291 RAM references
2026-04-25 16:20:02 | INFO     | ss_crawler | [ram_matcher] [ram_matcher] RAMMatcher initialized with 5291 RAM references
2026-04-25 16:20:08 | INFO     | ss_crawler | [ram_scraper] [ram_scraper] Initializing RAM scraper...
2026-04-25 16:20:08 | INFO     | ss_crawler | [database] [database] Database connected: localhost:5433/ss_market
2026-04-25 16:20:08 | INFO     | ss_crawler | [ram_scraper] [ram_scraper] Database: postgresql+psycopg2://crawler:crawler_pass@localhost:5433/ss_market
2026-04-25 16:20:09 | INFO     | ss_crawler | [ram_matcher] [ram_matcher] RAMMatcher initialized with 5291 RAM references
2026-04-25 16:20:09 | INFO     | ss_crawler | [ram_scraper] [ram_scraper] Loaded 5291 RAM references
2026-04-25 16:20:09 | INFO     | ss_crawler | [ram_scraper] [ram_scraper] Initializing RAM scraper...
2026-04-25 16:20:09 | INFO     | ss_crawler | [database] [database] Database connected: localhost:5433/ss_market
2026-04-25 16:20:09 | INFO     | ss_crawler | [ram_scraper] [ram_scraper] Database: postgresql+psycopg2://crawler:crawler_pass@localhost:5433/ss_market
2026-04-25 16:20:09 | INFO     | ss_crawler | [ram_matcher] [ram_matcher] RAMMatcher initialized with 5291 RAM references
2026-04-25 16:20:09 | INFO     | ss_crawler | [ram_scraper] [ram_scraper] Loaded 5291 RAM references
2026-04-25 16:20:09 | INFO     | ss_crawler | [crawler] [crawler] Fetching : https://www.ss.com/msg/lv/electronics/computers/completing-pc/ram/pnlox.html
2026-04-25 16:20:13 | INFO     | ss_crawler | [ram_scraper] [ram_scraper] Matched pnlox: SK Hynix hma81gu6cjr8n-vk 8 GB (100% confidence)
2026-04-25 17:06:39 | INFO     | ss_crawler | [database] [database] Database connected: localhost:5433/ss_market
2026-04-25 17:06:39 | ERROR    | ss_crawler | [database] [database] Database transaction failed: (psycopg2.errors.UndefinedTable) relation "case_reference" does not exist
LINE 1: SELECT COUNT(*) FROM case_reference
                             ^

[SQL: SELECT COUNT(*) FROM case_reference]
(Background on this error at: https://sqlalche.me/e/20/f405)
2026-04-25 20:02:15 | INFO     | ss_crawler | [ram_scraper] [ram_scraper] Initializing RAM scraper...
2026-04-25 20:02:15 | INFO     | ss_crawler | [database] [database] Database connected: localhost:5433/ss_market
2026-04-25 20:02:15 | INFO     | ss_crawler | [ram_scraper] [ram_scraper] Database: postgresql+psycopg2://crawler:crawler_pass@localhost:5433/ss_market
2026-04-25 20:02:16 | INFO     | ss_crawler | [ram_matcher] [ram_matcher] RAMMatcher initialized with 5291 RAM references
2026-04-25 20:02:16 | INFO     | ss_crawler | [ram_scraper] [ram_scraper] Loaded 5291 RAM references
2026-04-25 20:02:16 | INFO     | ss_crawler | [ram_scraper] [ram_scraper] Starting RAM scraper from https://www.ss.com/lv/electronics/computers/completing-pc/ram/
2026-04-25 20:02:16 | INFO     | ss_crawler | [ram_scraper] [ram_scraper] Fetching page 1: https://www.ss.com/lv/electronics/computers/completing-pc/ram/
2026-04-25 20:02:16 | INFO     | ss_crawler | [crawler] [crawler] Fetching : https://www.ss.com/lv/electronics/computers/completing-pc/ram/
2026-04-25 20:02:18 | INFO     | ss_crawler | [ram_scraper] [ram_scraper] Found 32 listings on page 1, 32 new
2026-04-25 20:02:18 | INFO     | ss_crawler | [crawler] [crawler] Fetching : https://www.ss.com/msg/lv/electronics/computers/completing-pc/ram/lckcx.html
2026-04-25 20:02:22 | INFO     | ss_crawler | [ram_scraper] [ram_scraper] Matched lckcx: Samsung MV-3V4G3D/US 8 GB (100% confidence)
2026-04-25 20:02:22 | INFO     | ss_crawler | [crawler] [crawler] Fetching : https://www.ss.com/msg/lv/electronics/computers/completing-pc/ram/lckcx.html
2026-04-25 20:02:24 | INFO     | ss_crawler | [ram_scraper] [ram_scraper] Matched lckcx: Samsung MV-3V4G3D/US 8 GB (100% confidence)
2026-04-25 20:02:24 | INFO     | ss_crawler | [crawler] [crawler] Fetching : https://www.ss.com/msg/lv/electronics/computers/completing-pc/ram/lckcx.html
2026-04-25 20:02:26 | INFO     | ss_crawler | [ram_scraper] [ram_scraper] Matched lckcx: Samsung MV-3V4G3D/US 8 GB (100% confidence)
2026-04-25 20:02:26 | INFO     | ss_crawler | [crawler] [crawler] Fetching : https://www.ss.com/msg/lv/electronics/computers/completing-pc/ram/lpfck.html
2026-04-25 20:02:28 | INFO     | ss_crawler | [ram_scraper] [ram_scraper] Matched lpfck: Corsair Vengeance RGB RS 32 GB (100% confidence)
2026-04-25 20:02:28 | INFO     | ss_crawler | [crawler] [crawler] Fetching : https://www.ss.com/msg/lv/electronics/computers/completing-pc/ram/lghlf.html
2026-04-25 20:02:31 | INFO     | ss_crawler | [ram_scraper] [ram_scraper] Matched lghlf: Crucial Ballistix Sport AT 8 GB (100% confidence)
2026-04-25 20:02:31 | INFO     | ss_crawler | [crawler] [crawler] Fetching : https://www.ss.com/msg/lv/electronics/computers/completing-pc/ram/enbbh.html
2026-04-25 20:02:34 | INFO     | ss_crawler | [ram_scraper] [ram_scraper] Matched enbbh: Corsair Vengeance LPX 16 GB (100% confidence)
2026-04-25 20:02:34 | INFO     | ss_crawler | [crawler] [crawler] Fetching : https://www.ss.com/msg/lv/electronics/computers/completing-pc/ram/edhxj.html
2026-04-25 20:02:37 | INFO     | ss_crawler | [ram_scraper] [ram_scraper] Matched edhxj: Kingston FURY 128 GB (100% confidence)
2026-04-25 20:02:37 | INFO     | ss_crawler | [crawler] [crawler] Fetching : https://www.ss.com/msg/lv/electronics/computers/completing-pc/ram/cglckx.html
2026-04-25 20:02:40 | INFO     | ss_crawler | [ram_scraper] [ram_scraper] Matched cglckx: Samsung M391A2K43BB1-CRC 16 GB (100% confidence)
2026-04-25 20:02:40 | INFO     | ss_crawler | [crawler] [crawler] Fetching : https://www.ss.com/msg/lv/electronics/computers/completing-pc/ram/mbckn.html
2026-04-25 20:02:42 | INFO     | ss_crawler | [ram_scraper] [ram_scraper] Matched mbckn: Patriot Viper Elite 5 RGB 32 GB (100% confidence)
2026-04-25 20:02:42 | INFO     | ss_crawler | [crawler] [crawler] Fetching : https://www.ss.com/msg/lv/electronics/computers/completing-pc/ram/cgjooo.html
2026-04-25 20:02:45 | INFO     | ss_crawler | [ram_scraper] [ram_scraper] Matched cgjooo: Samsung M393A4K40CB1-CRC 32 GB (100% confidence)
2026-04-25 20:02:45 | INFO     | ss_crawler | [crawler] [crawler] Fetching : https://www.ss.com/msg/lv/electronics/computers/completing-pc/ram/phmeb.html
2026-04-25 20:02:47 | INFO     | ss_crawler | [ram_scraper] [ram_scraper] Matched phmeb: Kingston FURY Beast 32 GB (100% confidence)
2026-04-25 20:02:47 | INFO     | ss_crawler | [crawler] [crawler] Fetching : https://www.ss.com/msg/lv/electronics/computers/completing-pc/ram/mxfeg.html
2026-04-25 20:02:50 | INFO     | ss_crawler | [ram_scraper] [ram_scraper] No match for mxfeg: SS.COM Komplektējošie datoriem - RAM, Cena 70 €. D
2026-04-25 20:02:50 | INFO     | ss_crawler | [crawler] [crawler] Fetching : https://www.ss.com/msg/lv/electronics/computers/completing-pc/ram/aaojd.html
2026-04-25 20:02:52 | INFO     | ss_crawler | [ram_scraper] [ram_scraper] Matched aaojd: Corsair Vengeance LPX 16 GB (100% confidence)
2026-04-25 20:02:52 | INFO     | ss_crawler | [crawler] [crawler] Fetching : https://www.ss.com/msg/lv/electronics/computers/completing-pc/ram/ppjod.html
2026-04-25 20:02:55 | INFO     | ss_crawler | [ram_scraper] [ram_scraper] Matched ppjod: OCZ Gold 2 GB (100% confidence)
2026-04-25 20:02:55 | INFO     | ss_crawler | [crawler] [crawler] Fetching : https://www.ss.com/msg/lv/electronics/computers/completing-pc/ram/bxcblm.html
2026-04-25 20:02:58 | INFO     | ss_crawler | [ram_scraper] [ram_scraper] Matched bxcblm: Kingston 1500 4 GB (70% confidence)
2026-04-25 20:02:58 | INFO     | ss_crawler | [crawler] [crawler] Fetching : https://www.ss.com/msg/lv/electronics/computers/completing-pc/ram/fgjni.html
2026-04-25 20:03:00 | INFO     | ss_crawler | [ram_scraper] [ram_scraper] Matched fgjni: Patriot Viper II ‘Sector 7’ Edition 12 GB (75% confidence)
2026-04-25 20:03:00 | INFO     | ss_crawler | [crawler] [crawler] Fetching : https://www.ss.com/msg/lv/electronics/computers/completing-pc/ram/pnpko.html
2026-04-25 20:03:03 | INFO     | ss_crawler | [ram_scraper] [ram_scraper] Matched pnpko: Kingston FURY Beast RGB 8 GB (85% confidence)
2026-04-25 20:03:03 | INFO     | ss_crawler | [crawler] [crawler] Fetching : https://www.ss.com/msg/lv/electronics/computers/completing-pc/ram/gmdbh.html
2026-04-25 20:03:06 | INFO     | ss_crawler | [ram_scraper] [ram_scraper] Matched gmdbh: Kingston HyperX Fury RGB 16 GB (100% confidence)
2026-04-25 20:03:06 | INFO     | ss_crawler | [crawler] [crawler] Fetching : https://www.ss.com/msg/lv/electronics/computers/completing-pc/ram/cglcdf.html
2026-04-25 20:03:09 | INFO     | ss_crawler | [ram_scraper] [ram_scraper] Matched cglcdf: G.Skill Ripjaws V 16 GB (100% confidence)
2026-04-25 20:03:09 | INFO     | ss_crawler | [crawler] [crawler] Fetching : https://www.ss.com/msg/lv/electronics/computers/completing-pc/ram/opipo.html
2026-04-25 20:03:11 | INFO     | ss_crawler | [ram_scraper] [ram_scraper] Matched opipo: Kingston KVR800D2S5/1G 1 GB (100% confidence)
2026-04-25 20:03:11 | INFO     | ss_crawler | [crawler] [crawler] Fetching : https://www.ss.com/msg/lv/electronics/computers/completing-pc/ram/cglcde.html
2026-04-25 20:03:14 | INFO     | ss_crawler | [ram_scraper] [ram_scraper] Matched cglcde: G.Skill Ripjaws 4 8 GB (100% confidence)
2026-04-25 20:03:14 | INFO     | ss_crawler | [crawler] [crawler] Fetching : https://www.ss.com/msg/lv/electronics/computers/completing-pc/ram/cgkfpx.html
2026-04-25 20:03:18 | INFO     | ss_crawler | [ram_scraper] [ram_scraper] Matched cgkfpx: G.Skill Trident Z Royal 32 GB (100% confidence)
2026-04-25 20:03:18 | INFO     | ss_crawler | [crawler] [crawler] Fetching : https://www.ss.com/msg/lv/electronics/computers/completing-pc/ram/dixnm.html
2026-04-25 20:03:20 | INFO     | ss_crawler | [ram_scraper] [ram_scraper] Matched dixnm: Corsair Vengeance LPX 32 GB (100% confidence)
2026-04-25 20:03:20 | INFO     | ss_crawler | [crawler] [crawler] Fetching : https://www.ss.com/msg/lv/electronics/computers/completing-pc/ram/cglblk.html
2026-04-25 20:03:22 | INFO     | ss_crawler | [ram_scraper] [ram_scraper] Matched cglblk: GeIL GeIL 16GB (62% confidence)
2026-04-25 20:03:22 | INFO     | ss_crawler | [crawler] [crawler] Fetching : https://www.ss.com/msg/lv/electronics/computers/completing-pc/ram/cglblb.html
2026-04-25 20:03:25 | INFO     | ss_crawler | [ram_scraper] [ram_scraper] Matched cglblb: Kingston FURY 64 GB (100% confidence)
2026-04-25 20:03:25 | INFO     | ss_crawler | [crawler] [crawler] Fetching : https://www.ss.com/msg/lv/electronics/computers/completing-pc/ram/onfnf.html
2026-04-25 20:03:28 | INFO     | ss_crawler | [ram_scraper] [ram_scraper] Matched onfnf: Corsair Vengeance 16 GB (100% confidence)
2026-04-25 20:03:28 | INFO     | ss_crawler | [crawler] [crawler] Fetching : https://www.ss.com/msg/lv/electronics/computers/completing-pc/ram/bxcbjc.html
2026-04-25 20:03:31 | INFO     | ss_crawler | [ram_scraper] [ram_scraper] Matched bxcbjc: SK Hynix HMAA2GU6CJR8N-XN 16 GB (100% confidence)
2026-04-25 20:03:31 | INFO     | ss_crawler | [crawler] [crawler] Fetching : https://www.ss.com/msg/lv/electronics/computers/completing-pc/ram/opjll.html
2026-04-25 20:03:34 | INFO     | ss_crawler | [ram_scraper] [ram_scraper] Matched opjll: Corsair Vengeance 32 GB (100% confidence)
2026-04-25 20:03:34 | INFO     | ss_crawler | [crawler] [crawler] Fetching : https://www.ss.com/msg/lv/electronics/computers/completing-pc/ram/cglbjx.html
2026-04-25 20:03:37 | INFO     | ss_crawler | [ram_scraper] [ram_scraper] Matched cglbjx: Kingston T1 8 GB (100% confidence)
2026-04-25 20:03:37 | INFO     | ss_crawler | [crawler] [crawler] Fetching : https://www.ss.com/msg/lv/electronics/computers/completing-pc/ram/pkjcd.html
2026-04-25 20:03:39 | INFO     | ss_crawler | [ram_scraper] [ram_scraper] No match for pkjcd: SS.COM Komplektējošie datoriem - RAM, Cena 150 €. 
2026-04-25 20:03:39 | INFO     | ss_crawler | [crawler] [crawler] Fetching : https://www.ss.com/msg/lv/electronics/computers/completing-pc/ram/mbjkg.html
2026-04-25 20:03:42 | INFO     | ss_crawler | [ram_scraper] [ram_scraper] Matched mbjkg: Kingston Kingston Fury Red 16GB (100% confidence)
2026-04-25 20:03:42 | INFO     | ss_crawler | [crawler] [crawler] Fetching : https://www.ss.com/msg/lv/electronics/computers/completing-pc/ram/cgkphe.html
2026-04-25 20:03:45 | INFO     | ss_crawler | [ram_scraper] [ram_scraper] Matched cgkphe: SK Hynix hma81gu6cjr8n-vk 8 GB (100% confidence)
2026-04-25 20:03:45 | INFO     | ss_crawler | [ram_scraper] [ram_scraper] Next page URL: https://www.ss.com/lv/electronics/computers/completing-pc/ram/page5.html
2026-04-25 20:03:45 | INFO     | ss_crawler | [ram_scraper] [ram_scraper] Fetching page 2: https://www.ss.com/lv/electronics/computers/completing-pc/ram/page5.html
2026-04-25 20:03:45 | INFO     | ss_crawler | [crawler] [crawler] Fetching : https://www.ss.com/lv/electronics/computers/completing-pc/ram/page5.html
2026-04-25 20:03:48 | INFO     | ss_crawler | [ram_scraper] [ram_scraper] Found 31 listings on page 2, 31 new
2026-04-25 20:03:48 | INFO     | ss_crawler | [crawler] [crawler] Fetching : https://www.ss.com/msg/lv/electronics/computers/completing-pc/ram/eelde.html
2026-04-25 20:03:50 | INFO     | ss_crawler | [ram_scraper] [ram_scraper] Matched eelde: Kingston FURY Beast 32 GB (100% confidence)
2026-04-25 20:03:50 | INFO     | ss_crawler | [crawler] [crawler] Fetching : https://www.ss.com/msg/lv/electronics/computers/completing-pc/ram/eelde.html
2026-04-25 20:03:52 | INFO     | ss_crawler | [ram_scraper] [ram_scraper] Matched eelde: Kingston FURY Beast 32 GB (100% confidence)
2026-04-25 20:03:52 | INFO     | ss_crawler | [crawler] [crawler] Fetching : https://www.ss.com/msg/lv/electronics/computers/completing-pc/ram/eelde.html
2026-04-25 20:03:54 | INFO     | ss_crawler | [ram_scraper] [ram_scraper] Matched eelde: Kingston FURY Beast 32 GB (100% confidence)
2026-04-25 20:03:54 | INFO     | ss_crawler | [crawler] [crawler] Fetching : https://www.ss.com/msg/lv/electronics/computers/completing-pc/ram/opiic.html
2026-04-25 20:03:57 | INFO     | ss_crawler | [ram_scraper] [ram_scraper] Matched opiic: Kingston FURY Beast RGB 64 GB (100% confidence)
2026-04-25 20:03:57 | INFO     | ss_crawler | [crawler] [crawler] Fetching : https://www.ss.com/msg/lv/electronics/computers/completing-pc/ram/onnbn.html
2026-04-25 20:04:00 | INFO     | ss_crawler | [ram_scraper] [ram_scraper] Matched onnbn: Kingston FURY Beast 64 GB (100% confidence)
2026-04-25 20:04:00 | INFO     | ss_crawler | [crawler] [crawler] Fetching : https://www.ss.com/msg/lv/electronics/computers/completing-pc/ram/bxxxxd.html
2026-04-25 20:04:02 | INFO     | ss_crawler | [ram_scraper] [ram_scraper] Matched bxxxxd: Kingston FURY Beast 64 GB (100% confidence)
2026-04-25 20:04:02 | INFO     | ss_crawler | [crawler] [crawler] Fetching : https://www.ss.com/msg/lv/electronics/computers/completing-pc/ram/hfggm.html
2026-04-25 20:04:05 | INFO     | ss_crawler | [ram_scraper] [ram_scraper] Matched hfggm: Corsair Vengeance RGB 192 GB (100% confidence)
2026-04-25 20:04:05 | INFO     | ss_crawler | [crawler] [crawler] Fetching : https://www.ss.com/msg/lv/electronics/computers/completing-pc/ram/fifie.html
2026-04-25 20:04:08 | INFO     | ss_crawler | [ram_scraper] [ram_scraper] No match for fifie: SS.COM Komplektējošie datoriem - RAM, Cena 2 €. Ra
2026-04-25 20:04:08 | INFO     | ss_crawler | [crawler] [crawler] Fetching : https://www.ss.com/msg/lv/electronics/computers/completing-pc/ram/opkep.html
2026-04-25 20:04:12 | INFO     | ss_crawler | [ram_scraper] [ram_scraper] Matched opkep: SK Hynix HMT41GU6MFR8C-PB 8 GB (88% confidence)
2026-04-25 20:04:12 | INFO     | ss_crawler | [crawler] [crawler] Fetching : https://www.ss.com/msg/lv/electronics/computers/completing-pc/ram/mpkxc.html
2026-04-25 20:04:13 | INFO     | ss_crawler | [ram_scraper] [ram_scraper] Matched mpkxc: Kingston HyperX 12 GB (100% confidence)
2026-04-25 20:04:13 | INFO     | ss_crawler | [crawler] [crawler] Fetching : https://www.ss.com/msg/lv/electronics/computers/completing-pc/ram/olgpn.html
2026-04-25 20:04:16 | INFO     | ss_crawler | [ram_scraper] [ram_scraper] Matched olgpn: Crucial Ballistix Sport LT 16 GB (100% confidence)
2026-04-25 20:04:16 | INFO     | ss_crawler | [crawler] [crawler] Fetching : https://www.ss.com/msg/lv/electronics/computers/completing-pc/ram/mffch.html
2026-04-25 20:04:19 | INFO     | ss_crawler | [ram_scraper] [ram_scraper] No match for mffch: SS.COM Komplektējošie datoriem - RAM, Cena 5 €. Pā
2026-04-25 20:04:19 | INFO     | ss_crawler | [crawler] [crawler] Fetching : https://www.ss.com/msg/lv/electronics/computers/completing-pc/ram/bkppx.html
2026-04-25 20:04:22 | INFO     | ss_crawler | [ram_scraper] [ram_scraper] Matched bkppx: Crucial Pro 32 GB (100% confidence)
2026-04-25 20:04:22 | INFO     | ss_crawler | [crawler] [crawler] Fetching : https://www.ss.com/msg/lv/electronics/computers/completing-pc/ram/lnnnp.html
2026-04-25 20:04:25 | INFO     | ss_crawler | [ram_scraper] [ram_scraper] Matched lnnnp: G.Skill Trident Z RGB 16 GB (100% confidence)
2026-04-25 20:04:25 | INFO     | ss_crawler | [crawler] [crawler] Fetching : https://www.ss.com/msg/lv/electronics/computers/completing-pc/ram/bcnpkm.html
2026-04-25 20:04:27 | INFO     | ss_crawler | [ram_scraper] [ram_scraper] Matched bcnpkm: Kingston ValueRAM 16 GB (100% confidence)
2026-04-25 20:04:27 | INFO     | ss_crawler | [crawler] [crawler] Fetching : https://www.ss.com/msg/lv/electronics/computers/completing-pc/ram/opfli.html
2026-04-25 20:04:30 | INFO     | ss_crawler | [ram_scraper] [ram_scraper] Matched opfli: G.Skill Trident Z5 32 GB (100% confidence)
2026-04-25 20:04:30 | INFO     | ss_crawler | [crawler] [crawler] Fetching : https://www.ss.com/msg/lv/electronics/computers/completing-pc/ram/cgking.html
2026-04-25 20:04:34 | INFO     | ss_crawler | [ram_scraper] [ram_scraper] Matched cgking: G.Skill Trident X 32 GB (100% confidence)
2026-04-25 20:04:34 | INFO     | ss_crawler | [crawler] [crawler] Fetching : https://www.ss.com/msg/lv/electronics/computers/completing-pc/ram/cgkine.html
2026-04-25 20:04:36 | INFO     | ss_crawler | [ram_scraper] [ram_scraper] Matched cgkine: Kingston HyperX 32 GB (100% confidence)
2026-04-25 20:04:36 | INFO     | ss_crawler | [crawler] [crawler] Fetching : https://www.ss.com/msg/lv/electronics/computers/completing-pc/ram/cgkiji.html
2026-04-25 20:04:39 | INFO     | ss_crawler | [ram_scraper] [ram_scraper] Matched cgkiji: Kingston HyperX Fury 16 GB (100% confidence)
2026-04-25 20:04:39 | INFO     | ss_crawler | [crawler] [crawler] Fetching : https://www.ss.com/msg/lv/electronics/computers/completing-pc/ram/bcnnxk.html
2026-04-25 20:04:41 | INFO     | ss_crawler | [ram_scraper] [ram_scraper] Matched bcnnxk: ADATA ADATA 32GB (57% confidence)
2026-04-25 20:04:41 | INFO     | ss_crawler | [crawler] [crawler] Fetching : https://www.ss.com/msg/lv/electronics/computers/completing-pc/ram/pimel.html
2026-04-25 20:04:43 | INFO     | ss_crawler | [ram_scraper] [ram_scraper] No match for pimel: SS.COM Komplektējošie datoriem - RAM, Cena 40 €. P
2026-04-25 20:04:43 | INFO     | ss_crawler | [crawler] [crawler] Fetching : https://www.ss.com/msg/lv/electronics/computers/completing-pc/ram/pixmi.html
2026-04-25 20:04:46 | INFO     | ss_crawler | [ram_scraper] [ram_scraper] Matched pixmi: G.Skill Ripjaws 32 GB (79% confidence)
2026-04-25 20:04:46 | INFO     | ss_crawler | [crawler] [crawler] Fetching : https://www.ss.com/msg/lv/electronics/computers/completing-pc/ram/cgkifb.html
2026-04-25 20:04:48 | INFO     | ss_crawler | [ram_scraper] [ram_scraper] Matched cgkifb: G.Skill Trident Z5 RGB 32 GB (100% confidence)
2026-04-25 20:04:48 | INFO     | ss_crawler | [crawler] [crawler] Fetching : https://www.ss.com/msg/lv/electronics/computers/completing-pc/ram/loljd.html
2026-04-25 20:04:51 | INFO     | ss_crawler | [ram_scraper] [ram_scraper] Matched loljd: Crucial Ballistix 32 GB (100% confidence)
2026-04-25 20:04:51 | INFO     | ss_crawler | [crawler] [crawler] Fetching : https://www.ss.com/msg/lv/electronics/computers/completing-pc/ram/gokin.html
2026-04-25 20:04:55 | INFO     | ss_crawler | [ram_scraper] [ram_scraper] Matched gokin: Crucial Ballistix Sport 4 GB (100% confidence)
2026-04-25 20:04:55 | INFO     | ss_crawler | [crawler] [crawler] Fetching : https://www.ss.com/msg/lv/electronics/computers/completing-pc/ram/onfif.html
2026-04-25 20:04:58 | INFO     | ss_crawler | [ram_scraper] [ram_scraper] Matched onfif: Kingston FURY Beast 8 GB (100% confidence)
2026-04-25 20:04:58 | INFO     | ss_crawler | [crawler] [crawler] Fetching : https://www.ss.com/msg/lv/electronics/computers/completing-pc/ram/opkeb.html
2026-04-25 20:05:02 | INFO     | ss_crawler | [ram_scraper] [ram_scraper] Matched opkeb: Samsung M391A2K43BB1-CPB 16 GB (100% confidence)
2026-04-25 20:05:02 | INFO     | ss_crawler | [crawler] [crawler] Fetching : https://www.ss.com/msg/lv/electronics/computers/completing-pc/ram/pmlcg.html
2026-04-25 20:05:06 | INFO     | ss_crawler | [ram_scraper] [ram_scraper] Matched pmlcg: Crucial CT4G4DFS8213 4 GB (100% confidence)
2026-04-25 20:05:06 | INFO     | ss_crawler | [crawler] [crawler] Fetching : https://www.ss.com/msg/lv/electronics/computers/completing-pc/ram/pnlox.html
2026-04-25 20:05:08 | INFO     | ss_crawler | [ram_scraper] [ram_scraper] Matched pnlox: SK Hynix hma81gu6cjr8n-vk 8 GB (100% confidence)
2026-04-25 20:05:08 | INFO     | ss_crawler | [crawler] [crawler] Fetching : https://www.ss.com/msg/lv/electronics/computers/completing-pc/ram/egfpd.html
2026-04-25 20:05:12 | INFO     | ss_crawler | [ram_scraper] [ram_scraper] Matched egfpd: Samsung M378A2K43CB1-CTD 16 GB (100% confidence)
2026-04-25 20:05:12 | INFO     | ss_crawler | [crawler] [crawler] Fetching : https://www.ss.com/msg/lv/electronics/computers/completing-pc/ram/bexjxh.html
2026-04-25 20:05:14 | INFO     | ss_crawler | [ram_scraper] [ram_scraper] Matched bexjxh: SK Hynix HMT41GU6MFR8C-PB 8 GB (74% confidence)
2026-04-25 20:05:14 | INFO     | ss_crawler | [ram_scraper] [ram_scraper] Next page URL: https://www.ss.com/ru/electronics/computers/completing-pc/ram/page5.html
2026-04-25 20:05:14 | INFO     | ss_crawler | [ram_scraper] [ram_scraper] Fetching page 3: https://www.ss.com/ru/electronics/computers/completing-pc/ram/page5.html
2026-04-25 20:05:14 | INFO     | ss_crawler | [crawler] [crawler] Fetching : https://www.ss.com/ru/electronics/computers/completing-pc/ram/page5.html
2026-04-25 20:05:16 | INFO     | ss_crawler | [ram_scraper] [ram_scraper] Found 31 listings on page 3, 31 new
2026-04-25 20:05:16 | INFO     | ss_crawler | [crawler] [crawler] Fetching : https://www.ss.com/msg/ru/electronics/computers/completing-pc/ram/eelde.html
2026-04-25 20:05:19 | INFO     | ss_crawler | [ram_scraper] [ram_scraper] Matched eelde: Kingston FURY Beast 32 GB (100% confidence)
2026-04-25 20:05:19 | INFO     | ss_crawler | [crawler] [crawler] Fetching : https://www.ss.com/msg/ru/electronics/computers/completing-pc/ram/eelde.html
2026-04-25 20:05:21 | INFO     | ss_crawler | [ram_scraper] [ram_scraper] Matched eelde: Kingston FURY Beast 32 GB (100% confidence)
2026-04-25 20:05:21 | INFO     | ss_crawler | [crawler] [crawler] Fetching : https://www.ss.com/msg/ru/electronics/computers/completing-pc/ram/eelde.html
2026-04-25 20:05:23 | INFO     | ss_crawler | [ram_scraper] [ram_scraper] Matched eelde: Kingston FURY Beast 32 GB (100% confidence)
2026-04-25 20:05:23 | INFO     | ss_crawler | [crawler] [crawler] Fetching : https://www.ss.com/msg/ru/electronics/computers/completing-pc/ram/opiic.html
2026-04-25 20:05:26 | INFO     | ss_crawler | [ram_scraper] [ram_scraper] Matched opiic: Kingston T1 8 GB (100% confidence)
2026-04-25 20:05:26 | INFO     | ss_crawler | [crawler] [crawler] Fetching : https://www.ss.com/msg/ru/electronics/computers/completing-pc/ram/onnbn.html
2026-04-25 20:05:28 | INFO     | ss_crawler | [ram_scraper] [ram_scraper] Matched onnbn: Kingston FURY Beast 128 GB (100% confidence)
2026-04-25 20:05:28 | INFO     | ss_crawler | [crawler] [crawler] Fetching : https://www.ss.com/msg/ru/electronics/computers/completing-pc/ram/bxxxxd.html
2026-04-25 20:05:31 | INFO     | ss_crawler | [ram_scraper] [ram_scraper] Matched bxxxxd: Kingston FURY Beast 128 GB (100% confidence)
2026-04-25 20:05:31 | INFO     | ss_crawler | [crawler] [crawler] Fetching : https://www.ss.com/msg/ru/electronics/computers/completing-pc/ram/hfggm.html
2026-04-25 20:05:34 | INFO     | ss_crawler | [ram_scraper] [ram_scraper] Matched hfggm: Avexir Server 8 GB (65% confidence)
2026-04-25 20:05:34 | INFO     | ss_crawler | [crawler] [crawler] Fetching : https://www.ss.com/msg/ru/electronics/computers/completing-pc/ram/fifie.html
2026-04-25 20:05:36 | INFO     | ss_crawler | [ram_scraper] [ram_scraper] Matched fifie: SK Hynix HMA81GU6MFR8N-UH 8 GB (58% confidence)
2026-04-25 20:05:36 | INFO     | ss_crawler | [crawler] [crawler] Fetching : https://www.ss.com/msg/ru/electronics/computers/completing-pc/ram/opkep.html
2026-04-25 20:05:39 | INFO     | ss_crawler | [ram_scraper] [ram_scraper] Matched opkep: SK Hynix HMAA2GU6CJR8N-XN 16 GB (69% confidence)
2026-04-25 20:05:39 | INFO     | ss_crawler | [crawler] [crawler] Fetching : https://www.ss.com/msg/ru/electronics/computers/completing-pc/ram/mpkxc.html
2026-04-25 20:05:41 | INFO     | ss_crawler | [ram_scraper] [ram_scraper] Matched mpkxc: Kingston 1500 4 GB (100% confidence)
2026-04-25 20:05:41 | INFO     | ss_crawler | [crawler] [crawler] Fetching : https://www.ss.com/msg/ru/electronics/computers/completing-pc/ram/olgpn.html
2026-04-25 20:05:43 | INFO     | ss_crawler | [ram_scraper] [ram_scraper] Matched olgpn: Crucial Ballistix Sport LT 16 GB (100% confidence)
2026-04-25 20:05:43 | INFO     | ss_crawler | [crawler] [crawler] Fetching : https://www.ss.com/msg/ru/electronics/computers/completing-pc/ram/mffch.html
2026-04-25 20:05:46 | INFO     | ss_crawler | [ram_scraper] [ram_scraper] No match for mffch: SS.COM Комплектующие к компьютерам - RAM, Цена 5 €
2026-04-25 20:05:46 | INFO     | ss_crawler | [crawler] [crawler] Fetching : https://www.ss.com/msg/ru/electronics/computers/completing-pc/ram/bkppx.html
2026-04-25 20:05:48 | INFO     | ss_crawler | [ram_scraper] [ram_scraper] Matched bkppx: Crucial Pro 32 GB (100% confidence)
2026-04-25 20:05:48 | INFO     | ss_crawler | [crawler] [crawler] Fetching : https://www.ss.com/msg/ru/electronics/computers/completing-pc/ram/lnnnp.html
2026-04-25 20:05:51 | INFO     | ss_crawler | [ram_scraper] [ram_scraper] Matched lnnnp: GeIL GeIL 16GB (100% confidence)
2026-04-25 20:05:51 | INFO     | ss_crawler | [crawler] [crawler] Fetching : https://www.ss.com/msg/ru/electronics/computers/completing-pc/ram/bcnpkm.html
2026-04-25 20:05:53 | INFO     | ss_crawler | [ram_scraper] [ram_scraper] No match for bcnpkm: SS.COM Комплектующие к компьютерам - RAM, Цена 80 
2026-04-25 20:05:53 | INFO     | ss_crawler | [crawler] [crawler] Fetching : https://www.ss.com/msg/ru/electronics/computers/completing-pc/ram/opfli.html
2026-04-25 20:05:56 | INFO     | ss_crawler | [ram_scraper] [ram_scraper] Matched opfli: G.Skill Trident Z 128 GB (100% confidence)
2026-04-25 20:05:56 | INFO     | ss_crawler | [crawler] [crawler] Fetching : https://www.ss.com/msg/ru/electronics/computers/completing-pc/ram/cgking.html
2026-04-25 20:06:00 | INFO     | ss_crawler | [ram_scraper] [ram_scraper] Matched cgking: G.Skill Trident X 32 GB (100% confidence)
2026-04-25 20:06:00 | INFO     | ss_crawler | [crawler] [crawler] Fetching : https://www.ss.com/msg/ru/electronics/computers/completing-pc/ram/cgkine.html
2026-04-25 20:06:04 | INFO     | ss_crawler | [ram_scraper] [ram_scraper] Matched cgkine: Kingston HyperX Beast 32 GB (100% confidence)
2026-04-25 20:06:04 | INFO     | ss_crawler | [crawler] [crawler] Fetching : https://www.ss.com/msg/ru/electronics/computers/completing-pc/ram/cgkiji.html
2026-04-25 20:06:07 | INFO     | ss_crawler | [ram_scraper] [ram_scraper] Matched cgkiji: Kingston HyperX Fury 16 GB (100% confidence)
2026-04-25 20:06:07 | INFO     | ss_crawler | [crawler] [crawler] Fetching : https://www.ss.com/msg/ru/electronics/computers/completing-pc/ram/bcnnxk.html
2026-04-25 20:06:10 | INFO     | ss_crawler | [ram_scraper] [ram_scraper] Matched bcnnxk: ADATA ADATA 32GB (97% confidence)
2026-04-25 20:06:10 | INFO     | ss_crawler | [crawler] [crawler] Fetching : https://www.ss.com/msg/ru/electronics/computers/completing-pc/ram/pimel.html
2026-04-25 20:06:14 | INFO     | ss_crawler | [ram_scraper] [ram_scraper] Matched pimel: GeIL Dragon RAM 8 GB (72% confidence)
2026-04-25 20:06:14 | INFO     | ss_crawler | [crawler] [crawler] Fetching : https://www.ss.com/msg/ru/electronics/computers/completing-pc/ram/pixmi.html
2026-04-25 20:06:17 | INFO     | ss_crawler | [ram_scraper] [ram_scraper] Matched pixmi: G.Skill Ripjaws 32 GB (100% confidence)
2026-04-25 20:06:17 | INFO     | ss_crawler | [crawler] [crawler] Fetching : https://www.ss.com/msg/ru/electronics/computers/completing-pc/ram/cgkifb.html
2026-04-25 20:06:19 | INFO     | ss_crawler | [ram_scraper] [ram_scraper] Matched cgkifb: G.Skill Trident Z5 RGB 32 GB (100% confidence)
2026-04-25 20:06:19 | INFO     | ss_crawler | [crawler] [crawler] Fetching : https://www.ss.com/msg/ru/electronics/computers/completing-pc/ram/loljd.html
2026-04-25 20:06:21 | INFO     | ss_crawler | [ram_scraper] [ram_scraper] Matched loljd: Crucial Ballistix 32 GB (100% confidence)
2026-04-25 20:06:21 | INFO     | ss_crawler | [crawler] [crawler] Fetching : https://www.ss.com/msg/ru/electronics/computers/completing-pc/ram/gokin.html
2026-04-25 20:06:25 | INFO     | ss_crawler | [ram_scraper] [ram_scraper] Matched gokin: Crucial Ballistix Sport 8 GB (100% confidence)
2026-04-25 20:06:25 | INFO     | ss_crawler | [crawler] [crawler] Fetching : https://www.ss.com/msg/ru/electronics/computers/completing-pc/ram/onfif.html
2026-04-25 20:06:27 | INFO     | ss_crawler | [ram_scraper] [ram_scraper] Matched onfif: Kingston FURY Beast 8 GB (100% confidence)
2026-04-25 20:06:27 | INFO     | ss_crawler | [crawler] [crawler] Fetching : https://www.ss.com/msg/ru/electronics/computers/completing-pc/ram/opkeb.html
2026-04-25 20:06:30 | INFO     | ss_crawler | [ram_scraper] [ram_scraper] Matched opkeb: EVGA SSC 16 GB (93% confidence)
2026-04-25 20:06:30 | INFO     | ss_crawler | [crawler] [crawler] Fetching : https://www.ss.com/msg/ru/electronics/computers/completing-pc/ram/pmlcg.html
2026-04-25 20:06:32 | INFO     | ss_crawler | [ram_scraper] [ram_scraper] Matched pmlcg: Avexir Server 8 GB (65% confidence)
2026-04-25 20:06:32 | INFO     | ss_crawler | [crawler] [crawler] Fetching : https://www.ss.com/msg/ru/electronics/computers/completing-pc/ram/pnlox.html
2026-04-25 20:06:35 | INFO     | ss_crawler | [ram_scraper] [ram_scraper] Matched pnlox: SK Hynix hma81gu6cjr8n-vk 8 GB (100% confidence)
2026-04-25 20:06:35 | INFO     | ss_crawler | [crawler] [crawler] Fetching : https://www.ss.com/msg/ru/electronics/computers/completing-pc/ram/egfpd.html
2026-04-25 20:06:38 | INFO     | ss_crawler | [ram_scraper] [ram_scraper] Matched egfpd: TEAMGROUP Team T-Force Night Hawk RGB 16GB (74% confidence)
2026-04-25 20:06:38 | INFO     | ss_crawler | [crawler] [crawler] Fetching : https://www.ss.com/msg/ru/electronics/computers/completing-pc/ram/bexjxh.html
2026-04-25 20:06:41 | INFO     | ss_crawler | [ram_scraper] [ram_scraper] Matched bexjxh: GeIL GeIL 16GB (100% confidence)
2026-04-25 20:06:41 | INFO     | ss_crawler | [ram_scraper] [ram_scraper] Next page URL: https://www.ss.com/lv/electronics/computers/completing-pc/ram/page5.html
2026-04-25 20:06:41 | INFO     | ss_crawler | [ram_scraper] [ram_scraper] Fetching page 4: https://www.ss.com/lv/electronics/computers/completing-pc/ram/page5.html
2026-04-25 20:06:41 | INFO     | ss_crawler | [crawler] [crawler] Fetching : https://www.ss.com/lv/electronics/computers/completing-pc/ram/page5.html
2026-04-25 20:06:45 | INFO     | ss_crawler | [ram_scraper] [ram_scraper] Found 31 listings on page 4, 0 new
2026-04-25 20:06:45 | INFO     | ss_crawler | [ram_scraper] [ram_scraper] Next page URL: https://www.ss.com/ru/electronics/computers/completing-pc/ram/page5.html
2026-04-25 20:06:45 | INFO     | ss_crawler | [ram_scraper] [ram_scraper] Fetching page 5: https://www.ss.com/ru/electronics/computers/completing-pc/ram/page5.html
2026-04-25 20:06:45 | INFO     | ss_crawler | [crawler] [crawler] Fetching : https://www.ss.com/ru/electronics/computers/completing-pc/ram/page5.html
2026-04-25 20:06:48 | INFO     | ss_crawler | [ram_scraper] [ram_scraper] Found 31 listings on page 5, 0 new
2026-04-25 20:06:48 | INFO     | ss_crawler | [ram_scraper] [ram_scraper] Next page URL: https://www.ss.com/lv/electronics/computers/completing-pc/ram/page5.html
2026-04-25 20:06:48 | INFO     | ss_crawler | [ram_scraper] [ram_scraper] Reached max pages limit (5)
2026-04-25 20:06:48 | INFO     | ss_crawler | [ram_scraper] [ram_scraper] RAM scraping complete. Stats: {'processed': 94, 'new': 56, 'updated': 33, 'unchanged': 5, 'failed': 0, 'matched': 87}
2026-04-25 21:53:42 | INFO     | ss_crawler | [ram_scraper] [ram_scraper] Initializing RAM scraper...
2026-04-25 21:53:42 | INFO     | ss_crawler | [database] [database] Database connected: localhost:5433/ss_market
2026-04-25 21:53:42 | INFO     | ss_crawler | [ram_scraper] [ram_scraper] Database: postgresql+psycopg2://crawler:crawler_pass@localhost:5433/ss_market
2026-04-25 21:53:42 | INFO     | ss_crawler | [ram_matcher] [ram_matcher] RAMMatcher initialized with 5291 RAM references
2026-04-25 21:53:42 | INFO     | ss_crawler | [ram_scraper] [ram_scraper] Loaded 5291 RAM references
2026-04-25 21:53:42 | INFO     | ss_crawler | [ram_scraper] [ram_scraper] Initializing RAM scraper...
2026-04-25 21:53:42 | INFO     | ss_crawler | [database] [database] Database connected: localhost:5433/ss_market
2026-04-25 21:53:42 | INFO     | ss_crawler | [ram_scraper] [ram_scraper] Database: postgresql+psycopg2://crawler:crawler_pass@localhost:5433/ss_market
2026-04-25 21:53:43 | INFO     | ss_crawler | [ram_matcher] [ram_matcher] RAMMatcher initialized with 5291 RAM references
2026-04-25 21:53:43 | INFO     | ss_crawler | [ram_scraper] [ram_scraper] Loaded 5291 RAM references
2026-04-25 21:53:43 | INFO     | ss_crawler | [crawler] [crawler] Fetching : https://www.ss.com/msg/lv/electronics/computers/completing-pc/ram/loljd.html
2026-04-25 21:53:46 | INFO     | ss_crawler | [ram_scraper] [ram_scraper] Matched loljd: Crucial Ballistix 32 GB (100% confidence)
2026-04-25 22:01:58 | INFO     | ss_crawler | [ram_scraper] [ram_scraper] Initializing RAM scraper...
2026-04-25 22:01:58 | INFO     | ss_crawler | [database] [database] Database connected: localhost:5433/ss_market
2026-04-25 22:01:58 | INFO     | ss_crawler | [ram_scraper] [ram_scraper] Database: postgresql+psycopg2://crawler:crawler_pass@localhost:5433/ss_market
2026-04-25 22:01:58 | INFO     | ss_crawler | [ram_matcher] [ram_matcher] RAMMatcher initialized with 5291 RAM references
2026-04-25 22:01:58 | INFO     | ss_crawler | [ram_scraper] [ram_scraper] Loaded 5291 RAM references
2026-04-25 22:01:58 | INFO     | ss_crawler | [ram_scraper] [ram_scraper] Initializing RAM scraper...
2026-04-25 22:01:58 | INFO     | ss_crawler | [database] [database] Database connected: localhost:5433/ss_market
2026-04-25 22:01:58 | INFO     | ss_crawler | [ram_scraper] [ram_scraper] Database: postgresql+psycopg2://crawler:crawler_pass@localhost:5433/ss_market
2026-04-25 22:01:59 | INFO     | ss_crawler | [ram_matcher] [ram_matcher] RAMMatcher initialized with 5291 RAM references
2026-04-25 22:01:59 | INFO     | ss_crawler | [ram_scraper] [ram_scraper] Loaded 5291 RAM references
2026-04-25 22:01:59 | INFO     | ss_crawler | [crawler] [crawler] Fetching : https://www.ss.com/msg/lv/electronics/computers/completing-pc/ram/opfli.html
2026-04-25 22:02:02 | INFO     | ss_crawler | [ram_scraper] [ram_scraper] Matched opfli: G.Skill Trident Z5 32 GB (100% confidence)
2026-04-25 22:08:59 | INFO     | ss_crawler | [ram_scraper] [ram_scraper] Initializing RAM scraper...
2026-04-25 22:08:59 | INFO     | ss_crawler | [database] [database] Database connected: localhost:5433/ss_market
2026-04-25 22:08:59 | INFO     | ss_crawler | [ram_scraper] [ram_scraper] Database: postgresql+psycopg2://crawler:crawler_pass@localhost:5433/ss_market
2026-04-25 22:09:00 | INFO     | ss_crawler | [ram_matcher] [ram_matcher] RAMMatcher initialized with 5291 RAM references
2026-04-25 22:09:00 | INFO     | ss_crawler | [ram_scraper] [ram_scraper] Loaded 5291 RAM references
2026-04-25 22:09:00 | INFO     | ss_crawler | [ram_scraper] [ram_scraper] Initializing RAM scraper...
2026-04-25 22:09:00 | INFO     | ss_crawler | [database] [database] Database connected: localhost:5433/ss_market
2026-04-25 22:09:00 | INFO     | ss_crawler | [ram_scraper] [ram_scraper] Database: postgresql+psycopg2://crawler:crawler_pass@localhost:5433/ss_market
2026-04-25 22:09:00 | INFO     | ss_crawler | [ram_matcher] [ram_matcher] RAMMatcher initialized with 5291 RAM references
2026-04-25 22:09:00 | INFO     | ss_crawler | [ram_scraper] [ram_scraper] Loaded 5291 RAM references
2026-04-25 22:09:00 | INFO     | ss_crawler | [crawler] [crawler] Fetching : https://www.ss.com/msg/lv/electronics/computers/completing-pc/ram/bxcblm.html
2026-04-25 22:09:04 | INFO     | ss_crawler | [ram_scraper] [ram_scraper] Matched bxcblm: Kingston 1500 4 GB (70% confidence)
2026-04-25 22:13:32 | INFO     | ss_crawler | [ram_scraper] [ram_scraper] Initializing RAM scraper...
2026-04-25 22:13:32 | INFO     | ss_crawler | [database] [database] Database connected: localhost:5433/ss_market
2026-04-25 22:13:32 | INFO     | ss_crawler | [ram_scraper] [ram_scraper] Database: postgresql+psycopg2://crawler:crawler_pass@localhost:5433/ss_market
2026-04-25 22:13:33 | INFO     | ss_crawler | [ram_matcher] [ram_matcher] RAMMatcher initialized with 5291 RAM references
2026-04-25 22:13:33 | INFO     | ss_crawler | [ram_scraper] [ram_scraper] Loaded 5291 RAM references
2026-04-25 22:13:33 | INFO     | ss_crawler | [ram_scraper] [ram_scraper] Initializing RAM scraper...
2026-04-25 22:13:33 | INFO     | ss_crawler | [database] [database] Database connected: localhost:5433/ss_market
2026-04-25 22:13:33 | INFO     | ss_crawler | [ram_scraper] [ram_scraper] Database: postgresql+psycopg2://crawler:crawler_pass@localhost:5433/ss_market
2026-04-25 22:13:33 | INFO     | ss_crawler | [ram_matcher] [ram_matcher] RAMMatcher initialized with 5291 RAM references
2026-04-25 22:13:33 | INFO     | ss_crawler | [ram_scraper] [ram_scraper] Loaded 5291 RAM references
2026-04-25 22:13:33 | INFO     | ss_crawler | [crawler] [crawler] Fetching : https://www.ss.com/msg/lv/electronics/computers/completing-pc/ram/bxcblm.html
2026-04-25 22:13:36 | INFO     | ss_crawler | [ram_scraper] [ram_scraper] Matched bxcblm: Kingston 1500 4 GB (70% confidence)
2026-04-25 22:13:45 | INFO     | ss_crawler | [ram_scraper] [ram_scraper] Initializing RAM scraper...
2026-04-25 22:13:45 | INFO     | ss_crawler | [database] [database] Database connected: localhost:5433/ss_market
2026-04-25 22:13:45 | INFO     | ss_crawler | [ram_scraper] [ram_scraper] Database: postgresql+psycopg2://crawler:crawler_pass@localhost:5433/ss_market
2026-04-25 22:13:46 | INFO     | ss_crawler | [ram_matcher] [ram_matcher] RAMMatcher initialized with 5291 RAM references
2026-04-25 22:13:46 | INFO     | ss_crawler | [ram_scraper] [ram_scraper] Loaded 5291 RAM references
2026-04-25 22:13:46 | INFO     | ss_crawler | [ram_scraper] [ram_scraper] Initializing RAM scraper...
2026-04-25 22:13:46 | INFO     | ss_crawler | [database] [database] Database connected: localhost:5433/ss_market
2026-04-25 22:13:46 | INFO     | ss_crawler | [ram_scraper] [ram_scraper] Database: postgresql+psycopg2://crawler:crawler_pass@localhost:5433/ss_market
2026-04-25 22:13:46 | INFO     | ss_crawler | [ram_matcher] [ram_matcher] RAMMatcher initialized with 5291 RAM references
2026-04-25 22:13:46 | INFO     | ss_crawler | [ram_scraper] [ram_scraper] Loaded 5291 RAM references
2026-04-25 22:13:46 | INFO     | ss_crawler | [crawler] [crawler] Fetching : https://www.ss.com/msg/lv/electronics/computers/completing-pc/ram/loljd.html
2026-04-25 22:13:49 | INFO     | ss_crawler | [ram_scraper] [ram_scraper] Matched loljd: Crucial Ballistix 32 GB (100% confidence)
2026-04-25 22:14:14 | INFO     | ss_crawler | [ram_scraper] [ram_scraper] Initializing RAM scraper...
2026-04-25 22:14:14 | INFO     | ss_crawler | [database] [database] Database connected: localhost:5433/ss_market
2026-04-25 22:14:14 | INFO     | ss_crawler | [ram_scraper] [ram_scraper] Database: postgresql+psycopg2://crawler:crawler_pass@localhost:5433/ss_market
2026-04-25 22:14:14 | INFO     | ss_crawler | [ram_matcher] [ram_matcher] RAMMatcher initialized with 5291 RAM references
2026-04-25 22:14:14 | INFO     | ss_crawler | [ram_scraper] [ram_scraper] Loaded 5291 RAM references
2026-04-25 22:14:14 | INFO     | ss_crawler | [ram_scraper] [ram_scraper] Initializing RAM scraper...
2026-04-25 22:14:14 | INFO     | ss_crawler | [database] [database] Database connected: localhost:5433/ss_market
2026-04-25 22:14:14 | INFO     | ss_crawler | [ram_scraper] [ram_scraper] Database: postgresql+psycopg2://crawler:crawler_pass@localhost:5433/ss_market
2026-04-25 22:14:15 | INFO     | ss_crawler | [ram_matcher] [ram_matcher] RAMMatcher initialized with 5291 RAM references
2026-04-25 22:14:15 | INFO     | ss_crawler | [ram_scraper] [ram_scraper] Loaded 5291 RAM references
2026-04-25 22:14:15 | INFO     | ss_crawler | [crawler] [crawler] Fetching : https://www.ss.com/msg/lv/electronics/computers/completing-pc/ram/opfli.html
2026-04-25 22:14:18 | INFO     | ss_crawler | [ram_scraper] [ram_scraper] Matched opfli: G.Skill Trident Z5 32 GB (100% confidence)
2026-04-25 22:19:43 | INFO     | ss_crawler | [ram_scraper] [ram_scraper] Initializing RAM scraper...
2026-04-25 22:19:43 | INFO     | ss_crawler | [database] [database] Database connected: localhost:5433/ss_market
2026-04-25 22:19:43 | INFO     | ss_crawler | [ram_scraper] [ram_scraper] Database: postgresql+psycopg2://crawler:crawler_pass@localhost:5433/ss_market
2026-04-25 22:19:44 | INFO     | ss_crawler | [ram_matcher] [ram_matcher] RAMMatcher initialized with 5291 RAM references
2026-04-25 22:19:44 | INFO     | ss_crawler | [ram_scraper] [ram_scraper] Loaded 5291 RAM references
2026-04-25 22:19:44 | INFO     | ss_crawler | [ram_scraper] [ram_scraper] Initializing RAM scraper...
2026-04-25 22:19:44 | INFO     | ss_crawler | [database] [database] Database connected: localhost:5433/ss_market
2026-04-25 22:19:44 | INFO     | ss_crawler | [ram_scraper] [ram_scraper] Database: postgresql+psycopg2://crawler:crawler_pass@localhost:5433/ss_market
2026-04-25 22:19:44 | INFO     | ss_crawler | [ram_matcher] [ram_matcher] RAMMatcher initialized with 5291 RAM references
2026-04-25 22:19:44 | INFO     | ss_crawler | [ram_scraper] [ram_scraper] Loaded 5291 RAM references
2026-04-25 22:19:44 | INFO     | ss_crawler | [crawler] [crawler] Fetching : https://www.ss.com/msg/lv/electronics/computers/completing-pc/ram/opfli.html
2026-04-25 22:19:48 | INFO     | ss_crawler | [ram_scraper] [ram_scraper] Matched opfli: G.Skill Trident Z5 32 GB (100% confidence)
2026-04-25 22:21:07 | INFO     | ss_crawler | [ram_matcher] [ram_matcher] RAMMatcher initialized with 5291 RAM references
2026-04-25 22:21:33 | INFO     | ss_crawler | [ram_matcher] [ram_matcher] RAMMatcher initialized with 5291 RAM references
2026-04-25 22:22:55 | INFO     | ss_crawler | [ram_matcher] [ram_matcher] RAMMatcher initialized with 5291 RAM references
2026-04-25 22:23:18 | INFO     | ss_crawler | [ram_scraper] [ram_scraper] Initializing RAM scraper...
2026-04-25 22:23:18 | INFO     | ss_crawler | [database] [database] Database connected: localhost:5433/ss_market
2026-04-25 22:23:18 | INFO     | ss_crawler | [ram_scraper] [ram_scraper] Database: postgresql+psycopg2://crawler:crawler_pass@localhost:5433/ss_market
2026-04-25 22:23:18 | INFO     | ss_crawler | [ram_matcher] [ram_matcher] RAMMatcher initialized with 5291 RAM references
2026-04-25 22:23:18 | INFO     | ss_crawler | [ram_scraper] [ram_scraper] Loaded 5291 RAM references
2026-04-25 22:23:18 | INFO     | ss_crawler | [ram_scraper] [ram_scraper] Initializing RAM scraper...
2026-04-25 22:23:18 | INFO     | ss_crawler | [database] [database] Database connected: localhost:5433/ss_market
2026-04-25 22:23:18 | INFO     | ss_crawler | [ram_scraper] [ram_scraper] Database: postgresql+psycopg2://crawler:crawler_pass@localhost:5433/ss_market
2026-04-25 22:23:18 | INFO     | ss_crawler | [ram_matcher] [ram_matcher] RAMMatcher initialized with 5291 RAM references
2026-04-25 22:23:18 | INFO     | ss_crawler | [ram_scraper] [ram_scraper] Loaded 5291 RAM references
2026-04-25 22:23:18 | INFO     | ss_crawler | [crawler] [crawler] Fetching : https://www.ss.com/msg/lv/electronics/computers/completing-pc/ram/opfli.html
2026-04-25 22:23:21 | INFO     | ss_crawler | [ram_scraper] [ram_scraper] Matched opfli: G.Skill Trident Z5 RGB 32 GB (100% confidence)
2026-04-25 22:25:45 | INFO     | ss_crawler | [ram_scraper] [ram_scraper] Initializing RAM scraper...
2026-04-25 22:25:45 | INFO     | ss_crawler | [database] [database] Database connected: localhost:5433/ss_market
2026-04-25 22:25:45 | INFO     | ss_crawler | [ram_scraper] [ram_scraper] Database: postgresql+psycopg2://crawler:crawler_pass@localhost:5433/ss_market
2026-04-25 22:25:45 | INFO     | ss_crawler | [ram_matcher] [ram_matcher] RAMMatcher initialized with 5291 RAM references
2026-04-25 22:25:45 | INFO     | ss_crawler | [ram_scraper] [ram_scraper] Loaded 5291 RAM references
2026-04-25 22:25:45 | INFO     | ss_crawler | [ram_scraper] [ram_scraper] Initializing RAM scraper...
2026-04-25 22:25:45 | INFO     | ss_crawler | [database] [database] Database connected: localhost:5433/ss_market
2026-04-25 22:25:45 | INFO     | ss_crawler | [ram_scraper] [ram_scraper] Database: postgresql+psycopg2://crawler:crawler_pass@localhost:5433/ss_market
2026-04-25 22:25:45 | INFO     | ss_crawler | [ram_matcher] [ram_matcher] RAMMatcher initialized with 5291 RAM references
2026-04-25 22:25:45 | INFO     | ss_crawler | [ram_scraper] [ram_scraper] Loaded 5291 RAM references
2026-04-25 22:25:45 | INFO     | ss_crawler | [crawler] [crawler] Fetching : https://www.ss.com/msg/lv/electronics/computers/completing-pc/ram/opfli.html
2026-04-25 22:25:49 | INFO     | ss_crawler | [ram_scraper] [ram_scraper] Matched opfli: G.Skill Trident Z5 RGB 32 GB (100% confidence)
2026-04-25 22:35:07 | INFO     | ss_crawler | [ram_scraper] [ram_scraper] Initializing RAM scraper...
2026-04-25 22:35:07 | INFO     | ss_crawler | [database] [database] Database connected: localhost:5433/ss_market
2026-04-25 22:35:07 | INFO     | ss_crawler | [ram_scraper] [ram_scraper] Database: postgresql+psycopg2://crawler:crawler_pass@localhost:5433/ss_market
2026-04-25 22:35:07 | INFO     | ss_crawler | [ram_matcher] [ram_matcher] RAMMatcher initialized with 5284 RAM references
2026-04-25 22:35:07 | INFO     | ss_crawler | [ram_scraper] [ram_scraper] Loaded 5284 RAM references
2026-04-25 22:35:07 | INFO     | ss_crawler | [ram_scraper] [ram_scraper] Initializing RAM scraper...
2026-04-25 22:35:07 | INFO     | ss_crawler | [database] [database] Database connected: localhost:5433/ss_market
2026-04-25 22:35:07 | INFO     | ss_crawler | [ram_scraper] [ram_scraper] Database: postgresql+psycopg2://crawler:crawler_pass@localhost:5433/ss_market
2026-04-25 22:35:08 | INFO     | ss_crawler | [ram_matcher] [ram_matcher] RAMMatcher initialized with 5284 RAM references
2026-04-25 22:35:08 | INFO     | ss_crawler | [ram_scraper] [ram_scraper] Loaded 5284 RAM references
2026-04-25 22:35:08 | INFO     | ss_crawler | [crawler] [crawler] Fetching : https://www.ss.com/msg/lv/electronics/computers/completing-pc/ram/cglblk.html
2026-04-25 22:35:10 | INFO     | ss_crawler | [ram_scraper] [ram_scraper] No match for cglblk: SS.COM Komplektējošie datoriem - RAM, Cena 65 €. P
2026-04-25 22:41:36 | INFO     | ss_crawler | [ram_scraper] [ram_scraper] Initializing RAM scraper...
2026-04-25 22:41:36 | INFO     | ss_crawler | [database] [database] Database connected: localhost:5433/ss_market
2026-04-25 22:41:36 | INFO     | ss_crawler | [ram_scraper] [ram_scraper] Database: postgresql+psycopg2://crawler:crawler_pass@localhost:5433/ss_market
2026-04-25 22:41:36 | INFO     | ss_crawler | [ram_matcher] [ram_matcher] RAMMatcher initialized with 5284 RAM references
2026-04-25 22:41:36 | INFO     | ss_crawler | [ram_scraper] [ram_scraper] Loaded 5284 RAM references
2026-04-25 22:41:36 | INFO     | ss_crawler | [ram_scraper] [ram_scraper] Initializing RAM scraper...
2026-04-25 22:41:36 | INFO     | ss_crawler | [database] [database] Database connected: localhost:5433/ss_market
2026-04-25 22:41:36 | INFO     | ss_crawler | [ram_scraper] [ram_scraper] Database: postgresql+psycopg2://crawler:crawler_pass@localhost:5433/ss_market
2026-04-25 22:41:37 | INFO     | ss_crawler | [ram_matcher] [ram_matcher] RAMMatcher initialized with 5284 RAM references
2026-04-25 22:41:37 | INFO     | ss_crawler | [ram_scraper] [ram_scraper] Loaded 5284 RAM references
2026-04-25 22:41:37 | INFO     | ss_crawler | [crawler] [crawler] Fetching : https://www.ss.com/msg/lv/electronics/computers/completing-pc/ram/cglblk.html
2026-04-25 22:41:40 | INFO     | ss_crawler | [ram_scraper] [ram_scraper] Matched cglblk: ADATA XPG SPECTRIX D41 16 GB (100% confidence)
2026-04-25 22:42:52 | INFO     | ss_crawler | [ram_scraper] [ram_scraper] Initializing RAM scraper...
2026-04-25 22:42:52 | INFO     | ss_crawler | [database] [database] Database connected: localhost:5433/ss_market
2026-04-25 22:42:52 | INFO     | ss_crawler | [ram_scraper] [ram_scraper] Database: postgresql+psycopg2://crawler:crawler_pass@localhost:5433/ss_market
2026-04-25 22:42:53 | INFO     | ss_crawler | [ram_matcher] [ram_matcher] RAMMatcher initialized with 5284 RAM references
2026-04-25 22:42:53 | INFO     | ss_crawler | [ram_scraper] [ram_scraper] Loaded 5284 RAM references
2026-04-25 22:42:53 | INFO     | ss_crawler | [ram_scraper] [ram_scraper] Initializing RAM scraper...
2026-04-25 22:42:53 | INFO     | ss_crawler | [database] [database] Database connected: localhost:5433/ss_market
2026-04-25 22:42:53 | INFO     | ss_crawler | [ram_scraper] [ram_scraper] Database: postgresql+psycopg2://crawler:crawler_pass@localhost:5433/ss_market
2026-04-25 22:42:53 | INFO     | ss_crawler | [ram_matcher] [ram_matcher] RAMMatcher initialized with 5284 RAM references
2026-04-25 22:42:53 | INFO     | ss_crawler | [ram_scraper] [ram_scraper] Loaded 5284 RAM references
2026-04-25 22:42:53 | INFO     | ss_crawler | [crawler] [crawler] Fetching : https://www.ss.com/msg/lv/electronics/computers/completing-pc/ram/bxcblm.html
2026-04-25 22:42:56 | INFO     | ss_crawler | [ram_scraper] [ram_scraper] No match for bxcblm: SS.COM Komplektējošie datoriem - RAM, Cena 5 €. Пр
2026-04-25 22:45:38 | INFO     | ss_crawler | [crawler] [crawler] Fetching : https://www.ss.com/msg/lv/electronics/computers/completing-pc/ram/bxcblm.html
2026-04-25 22:51:26 | INFO     | ss_crawler | [cpu_scraper] [cpu_scraper] Initializing CPU scraper...
2026-04-25 22:51:26 | INFO     | ss_crawler | [database] [database] Database connected: localhost:5433/ss_market
2026-04-25 22:51:26 | INFO     | ss_crawler | [cpu_scraper] [cpu_scraper] Database: postgresql+psycopg2://crawler:crawler_pass@localhost:5433/ss_market
2026-04-25 22:51:27 | INFO     | ss_crawler | [cpu_matcher] [cpu_matcher] CPUMatcher initialized with 5320 CPUs
2026-04-25 22:51:27 | INFO     | ss_crawler | [cpu_scraper] [cpu_scraper] Loaded 5320 CPU references
2026-04-25 22:51:27 | INFO     | ss_crawler | [cpu_scraper] [cpu_scraper] CPU scrape run started: ID 9
2026-04-25 22:51:27 | INFO     | ss_crawler | [cpu_scraper] [cpu_scraper] Fetching CPU category: https://www.ss.com/lv/electronics/computers/completing-pc/cpu/
2026-04-25 22:51:27 | INFO     | ss_crawler | [crawler] [crawler] Fetching CPU category page: https://www.ss.com/lv/electronics/computers/completing-pc/cpu/
2026-04-25 22:51:30 | INFO     | ss_crawler | [cpu_parser] [cpu_parser] Found 30 listings on page
2026-04-25 22:51:30 | INFO     | ss_crawler | [cpu_scraper] [cpu_scraper] Found 30 CPU listings to process
2026-04-25 22:51:30 | INFO     | ss_crawler | [crawler] [crawler] Fetching CPU listing 1/30: https://www.ss.com/msg/lv/electronics/computers/completing-pc/cpu/lodgk.html
2026-04-25 22:51:33 | INFO     | ss_crawler | [cpu_scraper] [cpu_scraper] UNCHANGED: Processed: unchanged
2026-04-25 22:51:33 | INFO     | ss_crawler | [crawler] [crawler] Fetching CPU listing 2/30: https://www.ss.com/msg/lv/electronics/computers/completing-pc/cpu/pinee.html
2026-04-25 22:51:36 | INFO     | ss_crawler | [repository] [repository] New listing created: pinee
2026-04-25 22:51:36 | INFO     | ss_crawler | [cpu_scraper] [cpu_scraper] NEW: Processed: new
2026-04-25 22:51:36 | INFO     | ss_crawler | [crawler] [crawler] Fetching CPU listing 3/30: https://www.ss.com/msg/lv/electronics/computers/completing-pc/cpu/lcdnn.html
2026-04-25 22:51:39 | INFO     | ss_crawler | [cpu_scraper] [cpu_scraper] UNCHANGED: Processed: unchanged
2026-04-25 22:51:39 | INFO     | ss_crawler | [crawler] [crawler] Fetching CPU listing 4/30: https://www.ss.com/msg/lv/electronics/computers/completing-pc/cpu/lpfgm.html
2026-04-25 22:51:41 | INFO     | ss_crawler | [repository] [repository] New listing created: lpfgm
2026-04-25 22:51:41 | INFO     | ss_crawler | [cpu_scraper] [cpu_scraper] NEW: Processed: new
2026-04-25 22:51:41 | INFO     | ss_crawler | [crawler] [crawler] Fetching CPU listing 5/30: https://www.ss.com/msg/lv/electronics/computers/completing-pc/cpu/eggjp.html
2026-04-25 22:51:44 | INFO     | ss_crawler | [repository] [repository] New listing created: eggjp
2026-04-25 22:51:44 | INFO     | ss_crawler | [cpu_scraper] [cpu_scraper] UNMATCHED: No CPU match found
2026-04-25 22:51:44 | INFO     | ss_crawler | [crawler] [crawler] Fetching CPU listing 6/30: https://www.ss.com/msg/lv/electronics/computers/completing-pc/cpu/pmfbx.html
2026-04-25 22:51:46 | INFO     | ss_crawler | [repository] [repository] Price updated for pmfbx: 55.0 → 50.0
2026-04-25 22:51:46 | INFO     | ss_crawler | [cpu_scraper] [cpu_scraper] UPDATED: Processed: updated
2026-04-25 22:51:46 | INFO     | ss_crawler | [crawler] [crawler] Fetching CPU listing 7/30: https://www.ss.com/msg/lv/electronics/computers/completing-pc/cpu/loghc.html
2026-04-25 22:51:48 | INFO     | ss_crawler | [cpu_scraper] [cpu_scraper] UNCHANGED: Processed: unchanged
2026-04-25 22:51:48 | INFO     | ss_crawler | [crawler] [crawler] Fetching CPU listing 8/30: https://www.ss.com/msg/lv/electronics/computers/completing-pc/cpu/fncdp.html
2026-04-25 22:51:50 | INFO     | ss_crawler | [repository] [repository] New listing created: fncdp
2026-04-25 22:51:50 | INFO     | ss_crawler | [cpu_scraper] [cpu_scraper] NEW: Processed: new
2026-04-25 22:51:50 | INFO     | ss_crawler | [crawler] [crawler] Fetching CPU listing 9/30: https://www.ss.com/msg/lv/electronics/computers/completing-pc/cpu/khfbk.html
2026-04-25 22:51:52 | INFO     | ss_crawler | [repository] [repository] New listing created: khfbk
2026-04-25 22:51:52 | INFO     | ss_crawler | [cpu_scraper] [cpu_scraper] NEW: Processed: new
2026-04-25 22:51:52 | INFO     | ss_crawler | [crawler] [crawler] Fetching CPU listing 10/30: https://www.ss.com/msg/lv/electronics/computers/completing-pc/cpu/dckem.html
2026-04-25 22:51:56 | INFO     | ss_crawler | [repository] [repository] New listing created: dckem
2026-04-25 22:51:56 | INFO     | ss_crawler | [cpu_scraper] [cpu_scraper] NEW: Processed: new
2026-04-25 22:51:56 | INFO     | ss_crawler | [crawler] [crawler] Fetching CPU listing 11/30: https://www.ss.com/msg/lv/electronics/computers/completing-pc/cpu/pmbgm.html
2026-04-25 22:51:58 | INFO     | ss_crawler | [repository] [repository] Price updated for pmbgm: 100.0 → 90.0
2026-04-25 22:51:58 | INFO     | ss_crawler | [cpu_scraper] [cpu_scraper] UPDATED: Processed: updated
2026-04-25 22:51:58 | INFO     | ss_crawler | [crawler] [crawler] Fetching CPU listing 12/30: https://www.ss.com/msg/lv/electronics/computers/completing-pc/cpu/fbkdj.html
2026-04-25 22:52:01 | INFO     | ss_crawler | [repository] [repository] New listing created: fbkdj
2026-04-25 22:52:01 | INFO     | ss_crawler | [cpu_scraper] [cpu_scraper] NEW: Processed: new
2026-04-25 22:52:01 | INFO     | ss_crawler | [crawler] [crawler] Fetching CPU listing 13/30: https://www.ss.com/msg/lv/electronics/computers/completing-pc/cpu/hjxif.html
2026-04-25 22:52:05 | INFO     | ss_crawler | [cpu_scraper] [cpu_scraper] UNCHANGED: Processed: unchanged
2026-04-25 22:52:05 | INFO     | ss_crawler | [crawler] [crawler] Fetching CPU listing 14/30: https://www.ss.com/msg/lv/electronics/computers/completing-pc/cpu/bmxhf.html
2026-04-25 22:52:07 | INFO     | ss_crawler | [cpu_scraper] [cpu_scraper] UNCHANGED: Processed: unchanged
2026-04-25 22:52:07 | INFO     | ss_crawler | [crawler] [crawler] Fetching CPU listing 15/30: https://www.ss.com/msg/lv/electronics/computers/completing-pc/cpu/ghfoj.html
2026-04-25 22:52:10 | INFO     | ss_crawler | [repository] [repository] New listing created: ghfoj
2026-04-25 22:52:10 | INFO     | ss_crawler | [cpu_scraper] [cpu_scraper] NEW: Processed: new
2026-04-25 22:52:10 | INFO     | ss_crawler | [crawler] [crawler] Fetching CPU listing 16/30: https://www.ss.com/msg/lv/electronics/computers/completing-pc/cpu/hjfbj.html
2026-04-25 22:52:13 | INFO     | ss_crawler | [repository] [repository] New listing created: hjfbj
2026-04-25 22:52:13 | INFO     | ss_crawler | [cpu_scraper] [cpu_scraper] NEW: Processed: new
2026-04-25 22:52:13 | INFO     | ss_crawler | [crawler] [crawler] Fetching CPU listing 17/30: https://www.ss.com/msg/lv/electronics/computers/completing-pc/cpu/fklkk.html
2026-04-25 22:52:15 | INFO     | ss_crawler | [repository] [repository] New listing created: fklkk
2026-04-25 22:52:15 | INFO     | ss_crawler | [cpu_scraper] [cpu_scraper] NEW: Processed: new
2026-04-25 22:52:15 | INFO     | ss_crawler | [crawler] [crawler] Fetching CPU listing 18/30: https://www.ss.com/msg/lv/electronics/computers/completing-pc/cpu/bopgjx.html
2026-04-25 22:52:18 | INFO     | ss_crawler | [repository] [repository] New listing created: bopgjx
2026-04-25 22:52:18 | INFO     | ss_crawler | [cpu_scraper] [cpu_scraper] NEW: Processed: new
2026-04-25 22:52:18 | INFO     | ss_crawler | [crawler] [crawler] Fetching CPU listing 19/30: https://www.ss.com/msg/lv/electronics/computers/completing-pc/cpu/klcci.html
2026-04-25 22:52:21 | INFO     | ss_crawler | [cpu_scraper] [cpu_scraper] UNCHANGED: Processed: unchanged
2026-04-25 22:52:21 | INFO     | ss_crawler | [crawler] [crawler] Fetching CPU listing 20/30: https://www.ss.com/msg/lv/electronics/computers/completing-pc/cpu/boonbo.html
2026-04-25 22:52:24 | INFO     | ss_crawler | [cpu_scraper] [cpu_scraper] UNCHANGED: Processed: unchanged
2026-04-25 22:52:24 | INFO     | ss_crawler | [crawler] [crawler] Fetching CPU listing 21/30: https://www.ss.com/msg/lv/electronics/computers/completing-pc/cpu/fekmo.html
2026-04-25 22:52:27 | INFO     | ss_crawler | [cpu_scraper] [cpu_scraper] UNCHANGED: Processed: unchanged
2026-04-25 22:52:27 | INFO     | ss_crawler | [crawler] [crawler] Fetching CPU listing 22/30: https://www.ss.com/msg/lv/electronics/computers/completing-pc/cpu/mcjfd.html
2026-04-25 22:52:29 | INFO     | ss_crawler | [cpu_scraper] [cpu_scraper] UNCHANGED: Processed: unchanged
2026-04-25 22:52:29 | INFO     | ss_crawler | [crawler] [crawler] Fetching CPU listing 23/30: https://www.ss.com/msg/lv/electronics/computers/completing-pc/cpu/mjflp.html
2026-04-25 22:52:33 | INFO     | ss_crawler | [cpu_scraper] [cpu_scraper] UNCHANGED: Processed: unchanged
2026-04-25 22:52:33 | INFO     | ss_crawler | [crawler] [crawler] Fetching CPU listing 24/30: https://www.ss.com/msg/lv/electronics/computers/completing-pc/cpu/dclij.html
2026-04-25 22:52:36 | INFO     | ss_crawler | [cpu_scraper] [cpu_scraper] UNCHANGED: Processed: unchanged
2026-04-25 22:52:36 | INFO     | ss_crawler | [crawler] [crawler] Fetching CPU listing 25/30: https://www.ss.com/msg/lv/electronics/computers/completing-pc/cpu/lnmin.html
2026-04-25 22:52:39 | INFO     | ss_crawler | [cpu_scraper] [cpu_scraper] UNCHANGED: Processed: unchanged
2026-04-25 22:52:39 | INFO     | ss_crawler | [crawler] [crawler] Fetching CPU listing 26/30: https://www.ss.com/msg/lv/electronics/computers/completing-pc/cpu/pmoec.html
2026-04-25 22:52:41 | INFO     | ss_crawler | [cpu_scraper] [cpu_scraper] UNCHANGED: Processed: unchanged
2026-04-25 22:52:41 | INFO     | ss_crawler | [crawler] [crawler] Fetching CPU listing 27/30: https://www.ss.com/msg/lv/electronics/computers/completing-pc/cpu/fiome.html
2026-04-25 22:52:44 | INFO     | ss_crawler | [cpu_scraper] [cpu_scraper] UNCHANGED: Processed: unchanged
2026-04-25 22:52:44 | INFO     | ss_crawler | [crawler] [crawler] Fetching CPU listing 28/30: https://www.ss.com/msg/lv/electronics/computers/completing-pc/cpu/bopdgg.html
2026-04-25 22:52:48 | INFO     | ss_crawler | [cpu_scraper] [cpu_scraper] UNCHANGED: Processed: unchanged
2026-04-25 22:52:48 | INFO     | ss_crawler | [crawler] [crawler] Fetching CPU listing 29/30: https://www.ss.com/msg/lv/electronics/computers/completing-pc/cpu/boonbn.html
2026-04-25 22:52:51 | INFO     | ss_crawler | [cpu_scraper] [cpu_scraper] UNCHANGED: Processed: unchanged
2026-04-25 22:52:51 | INFO     | ss_crawler | [crawler] [crawler] Fetching CPU listing 30/30: https://www.ss.com/msg/lv/electronics/computers/completing-pc/cpu/bopfio.html
2026-04-25 22:52:55 | INFO     | ss_crawler | [cpu_scraper] [cpu_scraper] UNCHANGED: Processed: unchanged
2026-04-25 22:52:55 | INFO     | ss_crawler | [cpu_scraper] [cpu_scraper] Fetching CPU category: https://www.ss.com/lv/electronics/computers/completing-pc/cpu/page2.html
2026-04-25 22:52:55 | INFO     | ss_crawler | [crawler] [crawler] Fetching CPU category page: https://www.ss.com/lv/electronics/computers/completing-pc/cpu/page2.html
2026-04-25 22:52:57 | INFO     | ss_crawler | [cpu_parser] [cpu_parser] Found 30 listings on page
2026-04-25 22:52:57 | INFO     | ss_crawler | [cpu_scraper] [cpu_scraper] Found 30 CPU listings to process
2026-04-25 22:52:57 | INFO     | ss_crawler | [crawler] [crawler] Fetching CPU listing 1/30: https://www.ss.com/msg/lv/electronics/computers/completing-pc/cpu/fkdem.html
2026-04-25 22:53:00 | INFO     | ss_crawler | [cpu_scraper] [cpu_scraper] UNCHANGED: Processed: unchanged
2026-04-25 22:53:00 | INFO     | ss_crawler | [crawler] [crawler] Fetching CPU listing 2/30: https://www.ss.com/msg/lv/electronics/computers/completing-pc/cpu/hifej.html
2026-04-25 22:53:03 | INFO     | ss_crawler | [cpu_scraper] [cpu_scraper] UNCHANGED: Processed: unchanged
2026-04-25 22:53:03 | INFO     | ss_crawler | [crawler] [crawler] Fetching CPU listing 3/30: https://www.ss.com/msg/lv/electronics/computers/completing-pc/cpu/bjkek.html
2026-04-25 22:53:04 | INFO     | ss_crawler | [cpu_scraper] [cpu_scraper] UNCHANGED: Processed: unchanged
2026-04-25 22:53:04 | INFO     | ss_crawler | [crawler] [crawler] Fetching CPU listing 4/30: https://www.ss.com/msg/lv/electronics/computers/completing-pc/cpu/lpidm.html
2026-04-25 22:53:08 | INFO     | ss_crawler | [cpu_scraper] [cpu_scraper] UNCHANGED: Processed: unchanged
2026-04-25 22:53:08 | INFO     | ss_crawler | [crawler] [crawler] Fetching CPU listing 5/30: https://www.ss.com/msg/lv/electronics/computers/completing-pc/cpu/boofpk.html
2026-04-25 22:53:11 | INFO     | ss_crawler | [cpu_scraper] [cpu_scraper] UNCHANGED: Processed: unchanged
2026-04-25 22:53:11 | INFO     | ss_crawler | [crawler] [crawler] Fetching CPU listing 6/30: https://www.ss.com/msg/lv/electronics/computers/completing-pc/cpu/boopef.html
2026-04-25 22:53:13 | INFO     | ss_crawler | [cpu_scraper] [cpu_scraper] UNCHANGED: Processed: unchanged
2026-04-25 22:53:13 | INFO     | ss_crawler | [crawler] [crawler] Fetching CPU listing 7/30: https://www.ss.com/msg/lv/electronics/computers/completing-pc/cpu/boopej.html
2026-04-25 22:53:15 | INFO     | ss_crawler | [cpu_scraper] [cpu_scraper] UNCHANGED: Processed: unchanged
2026-04-25 22:53:15 | INFO     | ss_crawler | [crawler] [crawler] Fetching CPU listing 8/30: https://www.ss.com/msg/lv/electronics/computers/completing-pc/cpu/hjlpn.html
2026-04-25 22:53:17 | INFO     | ss_crawler | [cpu_scraper] [cpu_scraper] UNCHANGED: Processed: unchanged
2026-04-25 22:53:17 | INFO     | ss_crawler | [crawler] [crawler] Fetching CPU listing 9/30: https://www.ss.com/msg/lv/electronics/computers/completing-pc/cpu/mjgde.html
2026-04-25 22:53:19 | INFO     | ss_crawler | [cpu_scraper] [cpu_scraper] UNCHANGED: Processed: unchanged
2026-04-25 22:53:19 | INFO     | ss_crawler | [crawler] [crawler] Fetching CPU listing 10/30: https://www.ss.com/msg/lv/electronics/computers/completing-pc/cpu/kojep.html
2026-04-25 22:53:22 | INFO     | ss_crawler | [cpu_scraper] [cpu_scraper] UNCHANGED: Processed: unchanged
2026-04-25 22:53:22 | INFO     | ss_crawler | [crawler] [crawler] Fetching CPU listing 11/30: https://www.ss.com/msg/lv/electronics/computers/completing-pc/cpu/gfgom.html
2026-04-25 22:53:25 | INFO     | ss_crawler | [cpu_scraper] [cpu_scraper] UNCHANGED: Processed: unchanged
2026-04-25 22:53:25 | INFO     | ss_crawler | [crawler] [crawler] Fetching CPU listing 12/30: https://www.ss.com/msg/lv/electronics/computers/completing-pc/cpu/lomkj.html
2026-04-25 22:53:28 | INFO     | ss_crawler | [cpu_scraper] [cpu_scraper] UNCHANGED: Processed: unchanged
2026-04-25 22:53:28 | INFO     | ss_crawler | [crawler] [crawler] Fetching CPU listing 13/30: https://www.ss.com/msg/lv/electronics/computers/completing-pc/cpu/fdbgn.html
2026-04-25 22:53:32 | INFO     | ss_crawler | [cpu_scraper] [cpu_scraper] UNCHANGED: Processed: unchanged
2026-04-25 22:53:32 | INFO     | ss_crawler | [crawler] [crawler] Fetching CPU listing 14/30: https://www.ss.com/msg/lv/electronics/computers/completing-pc/cpu/gbeji.html
2026-04-25 22:53:34 | WARNING  | ss_crawler | [cpu_parser] [cpu_parser] No price found for https://www.ss.com/msg/lv/electronics/computers/completing-pc/cpu/gbeji.html
2026-04-25 22:53:34 | INFO     | ss_crawler | [cpu_scraper] [cpu_scraper] UNCHANGED: Processed: unchanged
2026-04-25 22:53:34 | INFO     | ss_crawler | [crawler] [crawler] Fetching CPU listing 15/30: https://www.ss.com/msg/lv/electronics/computers/completing-pc/cpu/epjix.html
2026-04-25 22:53:37 | INFO     | ss_crawler | [cpu_scraper] [cpu_scraper] UNCHANGED: Processed: unchanged
2026-04-25 22:53:37 | INFO     | ss_crawler | [crawler] [crawler] Fetching CPU listing 16/30: https://www.ss.com/msg/lv/electronics/computers/completing-pc/cpu/bxxipb.html
2026-04-25 22:53:39 | INFO     | ss_crawler | [cpu_scraper] [cpu_scraper] UNCHANGED: Processed: unchanged
2026-04-25 22:53:39 | INFO     | ss_crawler | [crawler] [crawler] Fetching CPU listing 17/30: https://www.ss.com/msg/lv/electronics/computers/completing-pc/cpu/bdxbjx.html
2026-04-25 22:53:42 | INFO     | ss_crawler | [cpu_scraper] [cpu_scraper] UNCHANGED: Processed: unchanged
2026-04-25 22:53:42 | INFO     | ss_crawler | [crawler] [crawler] Fetching CPU listing 18/30: https://www.ss.com/msg/lv/electronics/computers/completing-pc/cpu/pkpxk.html
2026-04-25 22:53:45 | INFO     | ss_crawler | [cpu_scraper] [cpu_scraper] UNCHANGED: Processed: unchanged
2026-04-25 22:53:45 | INFO     | ss_crawler | [crawler] [crawler] Fetching CPU listing 19/30: https://www.ss.com/msg/lv/electronics/computers/completing-pc/cpu/fkbix.html
2026-04-25 22:53:47 | INFO     | ss_crawler | [cpu_scraper] [cpu_scraper] UNCHANGED: Processed: unchanged
2026-04-25 22:53:47 | INFO     | ss_crawler | [crawler] [crawler] Fetching CPU listing 20/30: https://www.ss.com/msg/lv/electronics/computers/completing-pc/cpu/pindo.html
2026-04-25 22:53:50 | INFO     | ss_crawler | [cpu_scraper] [cpu_scraper] UNCHANGED: Processed: unchanged
2026-04-25 22:53:50 | INFO     | ss_crawler | [crawler] [crawler] Fetching CPU listing 21/30: https://www.ss.com/msg/lv/electronics/computers/completing-pc/cpu/pjlnl.html
2026-04-25 22:53:53 | INFO     | ss_crawler | [cpu_scraper] [cpu_scraper] UNCHANGED: Processed: unchanged
2026-04-25 22:53:53 | INFO     | ss_crawler | [crawler] [crawler] Fetching CPU listing 22/30: https://www.ss.com/msg/lv/electronics/computers/completing-pc/cpu/dgkgf.html
2026-04-25 22:53:56 | INFO     | ss_crawler | [cpu_scraper] [cpu_scraper] UNCHANGED: Processed: unchanged
2026-04-25 22:53:56 | INFO     | ss_crawler | [crawler] [crawler] Fetching CPU listing 23/30: https://www.ss.com/msg/lv/electronics/computers/completing-pc/cpu/logcg.html
2026-04-25 22:53:59 | INFO     | ss_crawler | [cpu_scraper] [cpu_scraper] UNMATCHED: No CPU match found
2026-04-25 22:53:59 | INFO     | ss_crawler | [crawler] [crawler] Fetching CPU listing 24/30: https://www.ss.com/msg/lv/electronics/computers/completing-pc/cpu/pileb.html
2026-04-25 22:54:02 | INFO     | ss_crawler | [cpu_scraper] [cpu_scraper] UNCHANGED: Processed: unchanged
2026-04-25 22:54:02 | INFO     | ss_crawler | [crawler] [crawler] Fetching CPU listing 25/30: https://www.ss.com/msg/lv/electronics/computers/completing-pc/cpu/plnkm.html
2026-04-25 22:54:04 | INFO     | ss_crawler | [cpu_scraper] [cpu_scraper] UNCHANGED: Processed: unchanged
2026-04-25 22:54:04 | INFO     | ss_crawler | [crawler] [crawler] Fetching CPU listing 26/30: https://www.ss.com/msg/lv/electronics/computers/completing-pc/cpu/blhdg.html
2026-04-25 22:54:07 | INFO     | ss_crawler | [cpu_scraper] [cpu_scraper] UNCHANGED: Processed: unchanged
2026-04-25 22:54:07 | INFO     | ss_crawler | [crawler] [crawler] Fetching CPU listing 27/30: https://www.ss.com/msg/lv/electronics/computers/completing-pc/cpu/hgbnd.html
2026-04-25 22:54:09 | INFO     | ss_crawler | [cpu_scraper] [cpu_scraper] UNCHANGED: Processed: unchanged
2026-04-25 22:54:09 | INFO     | ss_crawler | [crawler] [crawler] Fetching CPU listing 28/30: https://www.ss.com/msg/lv/electronics/computers/completing-pc/cpu/mlhee.html
2026-04-25 22:54:11 | INFO     | ss_crawler | [cpu_scraper] [cpu_scraper] UNCHANGED: Processed: unchanged
2026-04-25 22:54:11 | INFO     | ss_crawler | [crawler] [crawler] Fetching CPU listing 29/30: https://www.ss.com/msg/lv/electronics/computers/completing-pc/cpu/fcgbf.html
2026-04-25 22:54:14 | INFO     | ss_crawler | [cpu_scraper] [cpu_scraper] UNCHANGED: Processed: unchanged
2026-04-25 22:54:14 | INFO     | ss_crawler | [crawler] [crawler] Fetching CPU listing 30/30: https://www.ss.com/msg/lv/electronics/computers/completing-pc/cpu/nbbkn.html
2026-04-25 22:54:17 | INFO     | ss_crawler | [cpu_scraper] [cpu_scraper] UNCHANGED: Processed: unchanged
2026-04-25 22:54:17 | INFO     | ss_crawler | [cpu_scraper] [cpu_scraper] Fetching CPU category: https://www.ss.com/lv/electronics/computers/completing-pc/cpu/page3.html
2026-04-25 22:54:17 | INFO     | ss_crawler | [crawler] [crawler] Fetching CPU category page: https://www.ss.com/lv/electronics/computers/completing-pc/cpu/page3.html
2026-04-25 22:54:20 | INFO     | ss_crawler | [cpu_parser] [cpu_parser] Found 20 listings on page
2026-04-25 22:54:20 | INFO     | ss_crawler | [cpu_scraper] [cpu_scraper] Found 20 CPU listings to process
2026-04-25 22:54:20 | INFO     | ss_crawler | [crawler] [crawler] Fetching CPU listing 1/20: https://www.ss.com/msg/lv/electronics/computers/completing-pc/cpu/bopgmk.html
2026-04-25 22:54:21 | INFO     | ss_crawler | [cpu_scraper] [cpu_scraper] UNCHANGED: Processed: unchanged
2026-04-25 22:54:21 | INFO     | ss_crawler | [crawler] [crawler] Fetching CPU listing 2/20: https://www.ss.com/msg/lv/electronics/computers/completing-pc/cpu/ppkkp.html
2026-04-25 22:54:24 | INFO     | ss_crawler | [cpu_scraper] [cpu_scraper] UNCHANGED: Processed: unchanged
2026-04-25 22:54:24 | INFO     | ss_crawler | [crawler] [crawler] Fetching CPU listing 3/20: https://www.ss.com/msg/lv/electronics/computers/completing-pc/cpu/fnfhp.html
2026-04-25 22:54:25 | INFO     | ss_crawler | [cpu_scraper] [cpu_scraper] UNCHANGED: Processed: unchanged
2026-04-25 22:54:25 | INFO     | ss_crawler | [crawler] [crawler] Fetching CPU listing 4/20: https://www.ss.com/msg/lv/electronics/computers/completing-pc/cpu/ddodf.html
2026-04-25 22:54:28 | INFO     | ss_crawler | [cpu_scraper] [cpu_scraper] UNMATCHED: No CPU match found
2026-04-25 22:54:28 | INFO     | ss_crawler | [crawler] [crawler] Fetching CPU listing 5/20: https://www.ss.com/msg/lv/electronics/computers/completing-pc/cpu/pjjjf.html
2026-04-25 22:54:32 | INFO     | ss_crawler | [cpu_scraper] [cpu_scraper] UNCHANGED: Processed: unchanged
2026-04-25 22:54:32 | INFO     | ss_crawler | [crawler] [crawler] Fetching CPU listing 6/20: https://www.ss.com/msg/lv/electronics/computers/completing-pc/cpu/hjclf.html
2026-04-25 22:54:35 | INFO     | ss_crawler | [cpu_scraper] [cpu_scraper] UNCHANGED: Processed: unchanged
2026-04-25 22:54:35 | INFO     | ss_crawler | [crawler] [crawler] Fetching CPU listing 7/20: https://www.ss.com/msg/lv/electronics/computers/completing-pc/cpu/mxdbf.html
2026-04-25 22:54:38 | INFO     | ss_crawler | [cpu_scraper] [cpu_scraper] UNCHANGED: Processed: unchanged
2026-04-25 22:54:38 | INFO     | ss_crawler | [crawler] [crawler] Fetching CPU listing 8/20: https://www.ss.com/msg/lv/electronics/computers/completing-pc/cpu/plcbd.html
2026-04-25 22:54:41 | INFO     | ss_crawler | [cpu_scraper] [cpu_scraper] UNCHANGED: Processed: unchanged
2026-04-25 22:54:41 | INFO     | ss_crawler | [crawler] [crawler] Fetching CPU listing 9/20: https://www.ss.com/msg/lv/electronics/computers/completing-pc/cpu/plmlk.html
2026-04-25 22:54:43 | INFO     | ss_crawler | [cpu_scraper] [cpu_scraper] UNCHANGED: Processed: unchanged
2026-04-25 22:54:43 | INFO     | ss_crawler | [crawler] [crawler] Fetching CPU listing 10/20: https://www.ss.com/msg/lv/electronics/computers/completing-pc/cpu/plpgi.html
2026-04-25 22:54:46 | INFO     | ss_crawler | [cpu_scraper] [cpu_scraper] UNCHANGED: Processed: unchanged
2026-04-25 22:54:46 | INFO     | ss_crawler | [crawler] [crawler] Fetching CPU listing 11/20: https://www.ss.com/msg/lv/electronics/computers/completing-pc/cpu/hhoej.html
2026-04-25 22:54:48 | INFO     | ss_crawler | [cpu_scraper] [cpu_scraper] UNCHANGED: Processed: unchanged
2026-04-25 22:54:48 | INFO     | ss_crawler | [crawler] [crawler] Fetching CPU listing 12/20: https://www.ss.com/msg/lv/electronics/computers/completing-pc/cpu/mkcnc.html
2026-04-25 22:54:50 | INFO     | ss_crawler | [cpu_scraper] [cpu_scraper] UNCHANGED: Processed: unchanged
2026-04-25 22:54:50 | INFO     | ss_crawler | [crawler] [crawler] Fetching CPU listing 13/20: https://www.ss.com/msg/lv/electronics/computers/completing-pc/cpu/edfcm.html
2026-04-25 22:54:53 | INFO     | ss_crawler | [cpu_scraper] [cpu_scraper] UNCHANGED: Processed: unchanged
2026-04-25 22:54:53 | INFO     | ss_crawler | [crawler] [crawler] Fetching CPU listing 14/20: https://www.ss.com/msg/lv/electronics/computers/completing-pc/cpu/hcflh.html
2026-04-25 22:54:56 | INFO     | ss_crawler | [cpu_scraper] [cpu_scraper] UNCHANGED: Processed: unchanged
2026-04-25 22:54:56 | INFO     | ss_crawler | [crawler] [crawler] Fetching CPU listing 15/20: https://www.ss.com/msg/lv/electronics/computers/completing-pc/cpu/hxnom.html
2026-04-25 22:54:59 | INFO     | ss_crawler | [cpu_scraper] [cpu_scraper] UNCHANGED: Processed: unchanged
2026-04-25 22:54:59 | INFO     | ss_crawler | [crawler] [crawler] Fetching CPU listing 16/20: https://www.ss.com/msg/lv/electronics/computers/completing-pc/cpu/mlhin.html
2026-04-25 22:55:02 | INFO     | ss_crawler | [cpu_scraper] [cpu_scraper] UNCHANGED: Processed: unchanged
2026-04-25 22:55:02 | INFO     | ss_crawler | [crawler] [crawler] Fetching CPU listing 17/20: https://www.ss.com/msg/lv/electronics/computers/completing-pc/cpu/bclpxm.html
2026-04-25 22:55:06 | INFO     | ss_crawler | [cpu_scraper] [cpu_scraper] UNCHANGED: Processed: unchanged
2026-04-25 22:55:06 | INFO     | ss_crawler | [crawler] [crawler] Fetching CPU listing 18/20: https://www.ss.com/msg/lv/electronics/computers/completing-pc/cpu/mfkod.html
2026-04-25 22:55:08 | INFO     | ss_crawler | [cpu_scraper] [cpu_scraper] UNCHANGED: Processed: unchanged
2026-04-25 22:55:08 | INFO     | ss_crawler | [crawler] [crawler] Fetching CPU listing 19/20: https://www.ss.com/msg/lv/electronics/computers/completing-pc/cpu/lcdnm.html
2026-04-25 22:55:09 | INFO     | ss_crawler | [cpu_scraper] [cpu_scraper] UNCHANGED: Processed: unchanged
2026-04-25 22:55:09 | INFO     | ss_crawler | [crawler] [crawler] Fetching CPU listing 20/20: https://www.ss.com/msg/lv/electronics/computers/completing-pc/cpu/pmklp.html
2026-04-25 22:55:11 | INFO     | ss_crawler | [cpu_scraper] [cpu_scraper] UNCHANGED: Processed: unchanged
2026-04-25 22:55:11 | INFO     | ss_crawler | [cpu_scraper] [cpu_scraper] Fetching CPU category: https://www.ss.com/lv/electronics/computers/completing-pc/cpu/page4.html
2026-04-25 22:55:11 | INFO     | ss_crawler | [crawler] [crawler] Fetching CPU category page: https://www.ss.com/lv/electronics/computers/completing-pc/cpu/page4.html
2026-04-25 22:55:14 | INFO     | ss_crawler | [cpu_parser] [cpu_parser] Found 30 listings on page
2026-04-25 22:55:14 | INFO     | ss_crawler | [cpu_scraper] [cpu_scraper] Found 30 CPU listings to process
2026-04-25 22:55:14 | INFO     | ss_crawler | [crawler] [crawler] Fetching CPU listing 1/30: https://www.ss.com/msg/lv/electronics/computers/completing-pc/cpu/lodgk.html
2026-04-25 22:55:16 | INFO     | ss_crawler | [cpu_scraper] [cpu_scraper] UNCHANGED: Processed: unchanged
2026-04-25 22:55:16 | INFO     | ss_crawler | [crawler] [crawler] Fetching CPU listing 2/30: https://www.ss.com/msg/lv/electronics/computers/completing-pc/cpu/pinee.html
2026-04-25 22:55:20 | INFO     | ss_crawler | [cpu_scraper] [cpu_scraper] UNCHANGED: Processed: unchanged
2026-04-25 22:55:20 | INFO     | ss_crawler | [crawler] [crawler] Fetching CPU listing 3/30: https://www.ss.com/msg/lv/electronics/computers/completing-pc/cpu/lcdnn.html
2026-04-25 22:55:23 | INFO     | ss_crawler | [cpu_scraper] [cpu_scraper] UNCHANGED: Processed: unchanged
2026-04-25 22:55:23 | INFO     | ss_crawler | [crawler] [crawler] Fetching CPU listing 4/30: https://www.ss.com/msg/lv/electronics/computers/completing-pc/cpu/lpfgm.html
2026-04-25 22:55:25 | INFO     | ss_crawler | [cpu_scraper] [cpu_scraper] UNCHANGED: Processed: unchanged
2026-04-25 22:55:25 | INFO     | ss_crawler | [crawler] [crawler] Fetching CPU listing 5/30: https://www.ss.com/msg/lv/electronics/computers/completing-pc/cpu/eggjp.html
2026-04-25 22:55:28 | INFO     | ss_crawler | [cpu_scraper] [cpu_scraper] UNMATCHED: No CPU match found
2026-04-25 22:55:28 | INFO     | ss_crawler | [crawler] [crawler] Fetching CPU listing 6/30: https://www.ss.com/msg/lv/electronics/computers/completing-pc/cpu/pmfbx.html
2026-04-25 22:55:31 | INFO     | ss_crawler | [cpu_scraper] [cpu_scraper] UNCHANGED: Processed: unchanged
2026-04-25 22:55:31 | INFO     | ss_crawler | [crawler] [crawler] Fetching CPU listing 7/30: https://www.ss.com/msg/lv/electronics/computers/completing-pc/cpu/loghc.html
2026-04-25 22:55:35 | INFO     | ss_crawler | [cpu_scraper] [cpu_scraper] UNCHANGED: Processed: unchanged
2026-04-25 22:55:35 | INFO     | ss_crawler | [crawler] [crawler] Fetching CPU listing 8/30: https://www.ss.com/msg/lv/electronics/computers/completing-pc/cpu/fncdp.html
2026-04-25 22:55:37 | INFO     | ss_crawler | [cpu_scraper] [cpu_scraper] UNCHANGED: Processed: unchanged
2026-04-25 22:55:37 | INFO     | ss_crawler | [crawler] [crawler] Fetching CPU listing 9/30: https://www.ss.com/msg/lv/electronics/computers/completing-pc/cpu/khfbk.html
2026-04-25 22:55:40 | INFO     | ss_crawler | [cpu_scraper] [cpu_scraper] UNCHANGED: Processed: unchanged
2026-04-25 22:55:40 | INFO     | ss_crawler | [crawler] [crawler] Fetching CPU listing 10/30: https://www.ss.com/msg/lv/electronics/computers/completing-pc/cpu/dckem.html
2026-04-25 22:55:43 | INFO     | ss_crawler | [cpu_scraper] [cpu_scraper] UNCHANGED: Processed: unchanged
2026-04-25 22:55:43 | INFO     | ss_crawler | [crawler] [crawler] Fetching CPU listing 11/30: https://www.ss.com/msg/lv/electronics/computers/completing-pc/cpu/pmbgm.html
2026-04-25 22:55:45 | INFO     | ss_crawler | [cpu_scraper] [cpu_scraper] UNCHANGED: Processed: unchanged
2026-04-25 22:55:45 | INFO     | ss_crawler | [crawler] [crawler] Fetching CPU listing 12/30: https://www.ss.com/msg/lv/electronics/computers/completing-pc/cpu/fbkdj.html
2026-04-25 22:55:49 | INFO     | ss_crawler | [cpu_scraper] [cpu_scraper] UNCHANGED: Processed: unchanged
2026-04-25 22:55:49 | INFO     | ss_crawler | [crawler] [crawler] Fetching CPU listing 13/30: https://www.ss.com/msg/lv/electronics/computers/completing-pc/cpu/hjxif.html
2026-04-25 22:55:51 | INFO     | ss_crawler | [cpu_scraper] [cpu_scraper] UNCHANGED: Processed: unchanged
2026-04-25 22:55:51 | INFO     | ss_crawler | [crawler] [crawler] Fetching CPU listing 14/30: https://www.ss.com/msg/lv/electronics/computers/completing-pc/cpu/bmxhf.html
2026-04-25 22:55:56 | INFO     | ss_crawler | [cpu_scraper] [cpu_scraper] UNCHANGED: Processed: unchanged
2026-04-25 22:55:56 | INFO     | ss_crawler | [crawler] [crawler] Fetching CPU listing 15/30: https://www.ss.com/msg/lv/electronics/computers/completing-pc/cpu/ghfoj.html
2026-04-25 22:55:58 | INFO     | ss_crawler | [cpu_scraper] [cpu_scraper] UNCHANGED: Processed: unchanged
2026-04-25 22:55:58 | INFO     | ss_crawler | [crawler] [crawler] Fetching CPU listing 16/30: https://www.ss.com/msg/lv/electronics/computers/completing-pc/cpu/hjfbj.html
2026-04-25 22:56:01 | INFO     | ss_crawler | [cpu_scraper] [cpu_scraper] UNCHANGED: Processed: unchanged
2026-04-25 22:56:01 | INFO     | ss_crawler | [crawler] [crawler] Fetching CPU listing 17/30: https://www.ss.com/msg/lv/electronics/computers/completing-pc/cpu/fklkk.html
2026-04-25 22:56:03 | INFO     | ss_crawler | [cpu_scraper] [cpu_scraper] UNCHANGED: Processed: unchanged
2026-04-25 22:56:03 | INFO     | ss_crawler | [crawler] [crawler] Fetching CPU listing 18/30: https://www.ss.com/msg/lv/electronics/computers/completing-pc/cpu/bopgjx.html
2026-04-25 22:56:05 | INFO     | ss_crawler | [cpu_scraper] [cpu_scraper] UNCHANGED: Processed: unchanged
2026-04-25 22:56:05 | INFO     | ss_crawler | [crawler] [crawler] Fetching CPU listing 19/30: https://www.ss.com/msg/lv/electronics/computers/completing-pc/cpu/klcci.html
2026-04-25 22:56:08 | INFO     | ss_crawler | [cpu_scraper] [cpu_scraper] UNCHANGED: Processed: unchanged
2026-04-25 22:56:08 | INFO     | ss_crawler | [crawler] [crawler] Fetching CPU listing 20/30: https://www.ss.com/msg/lv/electronics/computers/completing-pc/cpu/boonbo.html
2026-04-25 22:56:10 | INFO     | ss_crawler | [cpu_scraper] [cpu_scraper] UNCHANGED: Processed: unchanged
2026-04-25 22:56:10 | INFO     | ss_crawler | [crawler] [crawler] Fetching CPU listing 21/30: https://www.ss.com/msg/lv/electronics/computers/completing-pc/cpu/fekmo.html
2026-04-25 22:56:13 | INFO     | ss_crawler | [cpu_scraper] [cpu_scraper] UNCHANGED: Processed: unchanged
2026-04-25 22:56:13 | INFO     | ss_crawler | [crawler] [crawler] Fetching CPU listing 22/30: https://www.ss.com/msg/lv/electronics/computers/completing-pc/cpu/mcjfd.html
2026-04-25 22:56:16 | INFO     | ss_crawler | [cpu_scraper] [cpu_scraper] UNCHANGED: Processed: unchanged
2026-04-25 22:56:16 | INFO     | ss_crawler | [crawler] [crawler] Fetching CPU listing 23/30: https://www.ss.com/msg/lv/electronics/computers/completing-pc/cpu/mjflp.html
2026-04-25 22:56:19 | INFO     | ss_crawler | [cpu_scraper] [cpu_scraper] UNCHANGED: Processed: unchanged
2026-04-25 22:56:19 | INFO     | ss_crawler | [crawler] [crawler] Fetching CPU listing 24/30: https://www.ss.com/msg/lv/electronics/computers/completing-pc/cpu/dclij.html
2026-04-25 22:56:22 | INFO     | ss_crawler | [cpu_scraper] [cpu_scraper] UNCHANGED: Processed: unchanged
2026-04-25 22:56:22 | INFO     | ss_crawler | [crawler] [crawler] Fetching CPU listing 25/30: https://www.ss.com/msg/lv/electronics/computers/completing-pc/cpu/lnmin.html
2026-04-25 22:56:24 | INFO     | ss_crawler | [cpu_scraper] [cpu_scraper] UNCHANGED: Processed: unchanged
2026-04-25 22:56:24 | INFO     | ss_crawler | [crawler] [crawler] Fetching CPU listing 26/30: https://www.ss.com/msg/lv/electronics/computers/completing-pc/cpu/pmoec.html
2026-04-25 22:56:27 | INFO     | ss_crawler | [cpu_scraper] [cpu_scraper] UNCHANGED: Processed: unchanged
2026-04-25 22:56:27 | INFO     | ss_crawler | [crawler] [crawler] Fetching CPU listing 27/30: https://www.ss.com/msg/lv/electronics/computers/completing-pc/cpu/fiome.html
2026-04-25 22:56:29 | INFO     | ss_crawler | [cpu_scraper] [cpu_scraper] UNCHANGED: Processed: unchanged
2026-04-25 22:56:29 | INFO     | ss_crawler | [crawler] [crawler] Fetching CPU listing 28/30: https://www.ss.com/msg/lv/electronics/computers/completing-pc/cpu/bopdgg.html
2026-04-25 22:56:32 | INFO     | ss_crawler | [cpu_scraper] [cpu_scraper] UNCHANGED: Processed: unchanged
2026-04-25 22:56:32 | INFO     | ss_crawler | [crawler] [crawler] Fetching CPU listing 29/30: https://www.ss.com/msg/lv/electronics/computers/completing-pc/cpu/boonbn.html
2026-04-25 22:56:34 | INFO     | ss_crawler | [cpu_scraper] [cpu_scraper] UNCHANGED: Processed: unchanged
2026-04-25 22:56:34 | INFO     | ss_crawler | [crawler] [crawler] Fetching CPU listing 30/30: https://www.ss.com/msg/lv/electronics/computers/completing-pc/cpu/bopfio.html
2026-04-25 22:56:37 | INFO     | ss_crawler | [cpu_scraper] [cpu_scraper] UNCHANGED: Processed: unchanged
2026-04-25 22:56:37 | INFO     | ss_crawler | [cpu_scraper] [cpu_scraper] Fetching CPU category: https://www.ss.com/lv/electronics/computers/completing-pc/cpu/page5.html
2026-04-25 22:56:37 | INFO     | ss_crawler | [crawler] [crawler] Fetching CPU category page: https://www.ss.com/lv/electronics/computers/completing-pc/cpu/page5.html
2026-04-25 22:56:40 | INFO     | ss_crawler | [cpu_parser] [cpu_parser] Found 30 listings on page
2026-04-25 22:56:40 | INFO     | ss_crawler | [cpu_scraper] [cpu_scraper] Found 30 CPU listings to process
2026-04-25 22:56:40 | INFO     | ss_crawler | [crawler] [crawler] Fetching CPU listing 1/30: https://www.ss.com/msg/lv/electronics/computers/completing-pc/cpu/lodgk.html
2026-04-25 22:56:43 | INFO     | ss_crawler | [cpu_scraper] [cpu_scraper] UNCHANGED: Processed: unchanged
2026-04-25 22:56:43 | INFO     | ss_crawler | [crawler] [crawler] Fetching CPU listing 2/30: https://www.ss.com/msg/lv/electronics/computers/completing-pc/cpu/pinee.html
2026-04-25 22:56:45 | INFO     | ss_crawler | [cpu_scraper] [cpu_scraper] UNCHANGED: Processed: unchanged
2026-04-25 22:56:45 | INFO     | ss_crawler | [crawler] [crawler] Fetching CPU listing 3/30: https://www.ss.com/msg/lv/electronics/computers/completing-pc/cpu/lcdnn.html
2026-04-25 22:56:48 | INFO     | ss_crawler | [cpu_scraper] [cpu_scraper] UNCHANGED: Processed: unchanged
2026-04-25 22:56:48 | INFO     | ss_crawler | [crawler] [crawler] Fetching CPU listing 4/30: https://www.ss.com/msg/lv/electronics/computers/completing-pc/cpu/lpfgm.html
2026-04-25 22:56:50 | INFO     | ss_crawler | [cpu_scraper] [cpu_scraper] UNCHANGED: Processed: unchanged
2026-04-25 22:56:50 | INFO     | ss_crawler | [crawler] [crawler] Fetching CPU listing 5/30: https://www.ss.com/msg/lv/electronics/computers/completing-pc/cpu/eggjp.html
2026-04-25 22:56:53 | INFO     | ss_crawler | [cpu_scraper] [cpu_scraper] UNMATCHED: No CPU match found
2026-04-25 22:56:53 | INFO     | ss_crawler | [crawler] [crawler] Fetching CPU listing 6/30: https://www.ss.com/msg/lv/electronics/computers/completing-pc/cpu/pmfbx.html
2026-04-25 22:56:55 | INFO     | ss_crawler | [cpu_scraper] [cpu_scraper] UNCHANGED: Processed: unchanged
2026-04-25 22:56:55 | INFO     | ss_crawler | [crawler] [crawler] Fetching CPU listing 7/30: https://www.ss.com/msg/lv/electronics/computers/completing-pc/cpu/loghc.html
2026-04-25 22:56:58 | INFO     | ss_crawler | [cpu_scraper] [cpu_scraper] UNCHANGED: Processed: unchanged
2026-04-25 22:56:58 | INFO     | ss_crawler | [crawler] [crawler] Fetching CPU listing 8/30: https://www.ss.com/msg/lv/electronics/computers/completing-pc/cpu/fncdp.html
2026-04-25 22:57:02 | INFO     | ss_crawler | [cpu_scraper] [cpu_scraper] UNCHANGED: Processed: unchanged
2026-04-25 22:57:02 | INFO     | ss_crawler | [crawler] [crawler] Fetching CPU listing 9/30: https://www.ss.com/msg/lv/electronics/computers/completing-pc/cpu/khfbk.html
2026-04-25 22:57:04 | INFO     | ss_crawler | [cpu_scraper] [cpu_scraper] UNCHANGED: Processed: unchanged
2026-04-25 22:57:04 | INFO     | ss_crawler | [crawler] [crawler] Fetching CPU listing 10/30: https://www.ss.com/msg/lv/electronics/computers/completing-pc/cpu/dckem.html
2026-04-25 22:57:07 | INFO     | ss_crawler | [cpu_scraper] [cpu_scraper] UNCHANGED: Processed: unchanged
2026-04-25 22:57:07 | INFO     | ss_crawler | [crawler] [crawler] Fetching CPU listing 11/30: https://www.ss.com/msg/lv/electronics/computers/completing-pc/cpu/pmbgm.html
2026-04-25 22:57:09 | INFO     | ss_crawler | [cpu_scraper] [cpu_scraper] UNCHANGED: Processed: unchanged
2026-04-25 22:57:09 | INFO     | ss_crawler | [crawler] [crawler] Fetching CPU listing 12/30: https://www.ss.com/msg/lv/electronics/computers/completing-pc/cpu/fbkdj.html
2026-04-25 22:57:12 | INFO     | ss_crawler | [cpu_scraper] [cpu_scraper] UNCHANGED: Processed: unchanged
2026-04-25 22:57:12 | INFO     | ss_crawler | [crawler] [crawler] Fetching CPU listing 13/30: https://www.ss.com/msg/lv/electronics/computers/completing-pc/cpu/hjxif.html
2026-04-25 22:57:14 | INFO     | ss_crawler | [cpu_scraper] [cpu_scraper] UNCHANGED: Processed: unchanged
2026-04-25 22:57:14 | INFO     | ss_crawler | [crawler] [crawler] Fetching CPU listing 14/30: https://www.ss.com/msg/lv/electronics/computers/completing-pc/cpu/bmxhf.html
2026-04-25 22:57:17 | INFO     | ss_crawler | [cpu_scraper] [cpu_scraper] UNCHANGED: Processed: unchanged
2026-04-25 22:57:17 | INFO     | ss_crawler | [crawler] [crawler] Fetching CPU listing 15/30: https://www.ss.com/msg/lv/electronics/computers/completing-pc/cpu/ghfoj.html
2026-04-25 22:57:19 | INFO     | ss_crawler | [cpu_scraper] [cpu_scraper] UNCHANGED: Processed: unchanged
2026-04-25 22:57:19 | INFO     | ss_crawler | [crawler] [crawler] Fetching CPU listing 16/30: https://www.ss.com/msg/lv/electronics/computers/completing-pc/cpu/hjfbj.html
2026-04-25 22:57:21 | INFO     | ss_crawler | [cpu_scraper] [cpu_scraper] UNCHANGED: Processed: unchanged
2026-04-25 22:57:21 | INFO     | ss_crawler | [crawler] [crawler] Fetching CPU listing 17/30: https://www.ss.com/msg/lv/electronics/computers/completing-pc/cpu/fklkk.html
2026-04-25 22:57:23 | INFO     | ss_crawler | [cpu_scraper] [cpu_scraper] UNCHANGED: Processed: unchanged
2026-04-25 22:57:23 | INFO     | ss_crawler | [crawler] [crawler] Fetching CPU listing 18/30: https://www.ss.com/msg/lv/electronics/computers/completing-pc/cpu/bopgjx.html
2026-04-25 22:57:26 | INFO     | ss_crawler | [cpu_scraper] [cpu_scraper] UNCHANGED: Processed: unchanged
2026-04-25 22:57:26 | INFO     | ss_crawler | [crawler] [crawler] Fetching CPU listing 19/30: https://www.ss.com/msg/lv/electronics/computers/completing-pc/cpu/klcci.html
2026-04-25 22:57:29 | INFO     | ss_crawler | [cpu_scraper] [cpu_scraper] UNCHANGED: Processed: unchanged
2026-04-25 22:57:29 | INFO     | ss_crawler | [crawler] [crawler] Fetching CPU listing 20/30: https://www.ss.com/msg/lv/electronics/computers/completing-pc/cpu/boonbo.html
2026-04-25 22:57:32 | INFO     | ss_crawler | [cpu_scraper] [cpu_scraper] UNCHANGED: Processed: unchanged
2026-04-25 22:57:32 | INFO     | ss_crawler | [crawler] [crawler] Fetching CPU listing 21/30: https://www.ss.com/msg/lv/electronics/computers/completing-pc/cpu/fekmo.html
2026-04-25 22:57:35 | INFO     | ss_crawler | [cpu_scraper] [cpu_scraper] UNCHANGED: Processed: unchanged
2026-04-25 22:57:35 | INFO     | ss_crawler | [crawler] [crawler] Fetching CPU listing 22/30: https://www.ss.com/msg/lv/electronics/computers/completing-pc/cpu/mcjfd.html
2026-04-25 22:57:37 | INFO     | ss_crawler | [cpu_scraper] [cpu_scraper] UNCHANGED: Processed: unchanged
2026-04-25 22:57:37 | INFO     | ss_crawler | [crawler] [crawler] Fetching CPU listing 23/30: https://www.ss.com/msg/lv/electronics/computers/completing-pc/cpu/mjflp.html
2026-04-25 22:57:39 | INFO     | ss_crawler | [cpu_scraper] [cpu_scraper] UNCHANGED: Processed: unchanged
2026-04-25 22:57:39 | INFO     | ss_crawler | [crawler] [crawler] Fetching CPU listing 24/30: https://www.ss.com/msg/lv/electronics/computers/completing-pc/cpu/dclij.html
2026-04-25 22:57:41 | INFO     | ss_crawler | [cpu_scraper] [cpu_scraper] UNCHANGED: Processed: unchanged
2026-04-25 22:57:41 | INFO     | ss_crawler | [crawler] [crawler] Fetching CPU listing 25/30: https://www.ss.com/msg/lv/electronics/computers/completing-pc/cpu/lnmin.html
2026-04-25 22:57:44 | INFO     | ss_crawler | [cpu_scraper] [cpu_scraper] UNCHANGED: Processed: unchanged
2026-04-25 22:57:44 | INFO     | ss_crawler | [crawler] [crawler] Fetching CPU listing 26/30: https://www.ss.com/msg/lv/electronics/computers/completing-pc/cpu/pmoec.html
2026-04-25 22:57:47 | INFO     | ss_crawler | [cpu_scraper] [cpu_scraper] UNCHANGED: Processed: unchanged
2026-04-25 22:57:47 | INFO     | ss_crawler | [crawler] [crawler] Fetching CPU listing 27/30: https://www.ss.com/msg/lv/electronics/computers/completing-pc/cpu/fiome.html
2026-04-25 22:57:49 | INFO     | ss_crawler | [cpu_scraper] [cpu_scraper] UNCHANGED: Processed: unchanged
2026-04-25 22:57:49 | INFO     | ss_crawler | [crawler] [crawler] Fetching CPU listing 28/30: https://www.ss.com/msg/lv/electronics/computers/completing-pc/cpu/bopdgg.html
2026-04-25 22:57:51 | INFO     | ss_crawler | [cpu_scraper] [cpu_scraper] UNCHANGED: Processed: unchanged
2026-04-25 22:57:51 | INFO     | ss_crawler | [crawler] [crawler] Fetching CPU listing 29/30: https://www.ss.com/msg/lv/electronics/computers/completing-pc/cpu/boonbn.html
2026-04-25 22:57:55 | INFO     | ss_crawler | [cpu_scraper] [cpu_scraper] UNCHANGED: Processed: unchanged
2026-04-25 22:57:55 | INFO     | ss_crawler | [crawler] [crawler] Fetching CPU listing 30/30: https://www.ss.com/msg/lv/electronics/computers/completing-pc/cpu/bopfio.html
2026-04-25 22:57:58 | INFO     | ss_crawler | [cpu_scraper] [cpu_scraper] UNCHANGED: Processed: unchanged
2026-04-25 22:57:58 | INFO     | ss_crawler | [cpu_scraper] [cpu_scraper] Page limit reached (5), stopping
2026-04-25 22:57:58 | INFO     | ss_crawler | [repository] [repository] Marked 171 listings as stale (not seen since 2026-04-18)
2026-04-25 22:57:58 | INFO     | ss_crawler | [cpu_scraper] [cpu_scraper] Marked 171 listings as stale
2026-04-25 22:57:58 | INFO     | ss_crawler | [cpu_scraper] [cpu_scraper] CPU scraping completed successfully
2026-04-25 23:00:45 | INFO     | ss_crawler | [scraper] [scraper] 🚀 Initializing scraper...
2026-04-25 23:00:45 | INFO     | ss_crawler | [database] [database] Database connected: localhost:5433/ss_market
2026-04-25 23:00:45 | INFO     | ss_crawler | [scraper] [scraper] 📦 Database: postgresql+psycopg2://crawler:crawler_pass@localhost:5433/ss_market
2026-04-25 23:00:45 | INFO     | ss_crawler | [matcher] [matcher] GPUMatcher initialized with 631 GPUs
2026-04-25 23:00:45 | INFO     | ss_crawler | [scraper] [scraper] 🎮 Loaded 631 GPU references
2026-04-25 23:00:45 | INFO     | ss_crawler | [scraper] [scraper] 📊 Scrape run started: ID 10
2026-04-25 23:00:45 | INFO     | ss_crawler | [scraper] [scraper] 📄 Fetching category: https://www.ss.com/lv/electronics/computers/completing-pc/video/
2026-04-25 23:00:45 | INFO     | ss_crawler | [crawler] [crawler] Fetching category page: https://www.ss.com/lv/electronics/computers/completing-pc/video/
2026-04-25 23:00:48 | INFO     | ss_crawler | [parser] [parser] Found 30 listings on page
2026-04-25 23:00:48 | INFO     | ss_crawler | [scraper] [scraper] 🔍 Found 30 listings to process
2026-04-25 23:00:48 | INFO     | ss_crawler | [crawler] [crawler] Fetching listing 1/30: https://www.ss.com/msg/lv/electronics/computers/completing-pc/video/bkbjpm.html
2026-04-25 23:00:51 | INFO     | ss_crawler | [repository] [repository] Price updated for bkbjpm: 60.0 → 50.0
2026-04-25 23:00:51 | INFO     | ss_crawler | [scraper] [scraper] 💰 UPDATED: Processed: updated
2026-04-25 23:00:51 | INFO     | ss_crawler | [crawler] [crawler] Fetching listing 2/30: https://www.ss.com/msg/lv/electronics/computers/completing-pc/video/biddmf.html
2026-04-25 23:00:53 | INFO     | ss_crawler | [repository] [repository] Price updated for biddmf: 280.0 → 330.0
2026-04-25 23:00:53 | INFO     | ss_crawler | [scraper] [scraper] 💰 UPDATED: Processed: updated
2026-04-25 23:00:53 | INFO     | ss_crawler | [crawler] [crawler] Fetching listing 3/30: https://www.ss.com/msg/lv/electronics/computers/completing-pc/video/fmflm.html
2026-04-25 23:00:55 | WARNING  | ss_crawler | [parser] [parser] No price found for https://www.ss.com/msg/lv/electronics/computers/completing-pc/video/fmflm.html
2026-04-25 23:00:55 | INFO     | ss_crawler | [scraper] [scraper] ❓ UNMATCHED: No GPU match found
2026-04-25 23:00:55 | INFO     | ss_crawler | [crawler] [crawler] Fetching listing 4/30: https://www.ss.com/msg/lv/electronics/computers/completing-pc/video/pplej.html
2026-04-25 23:00:57 | INFO     | ss_crawler | [repository] [repository] New listing created: pplej
2026-04-25 23:00:57 | INFO     | ss_crawler | [scraper] [scraper] ✨ NEW: Processed: new
2026-04-25 23:00:57 | INFO     | ss_crawler | [crawler] [crawler] Fetching listing 5/30: https://www.ss.com/msg/lv/electronics/computers/completing-pc/video/hbfnm.html
2026-04-25 23:01:00 | INFO     | ss_crawler | [repository] [repository] New listing created: hbfnm
2026-04-25 23:01:00 | INFO     | ss_crawler | [scraper] [scraper] ✨ NEW: Processed: new
2026-04-25 23:01:00 | INFO     | ss_crawler | [crawler] [crawler] Fetching listing 6/30: https://www.ss.com/msg/lv/electronics/computers/completing-pc/video/bknlje.html
2026-04-25 23:01:03 | INFO     | ss_crawler | [repository] [repository] Price updated for bknlje: 90.0 → 80.0
2026-04-25 23:01:03 | INFO     | ss_crawler | [scraper] [scraper] 💰 UPDATED: Processed: updated
2026-04-25 23:01:03 | INFO     | ss_crawler | [crawler] [crawler] Fetching listing 7/30: https://www.ss.com/msg/lv/electronics/computers/completing-pc/video/ecknb.html
2026-04-25 23:01:06 | INFO     | ss_crawler | [repository] [repository] New listing created: ecknb
2026-04-25 23:01:06 | INFO     | ss_crawler | [scraper] [scraper] ✨ NEW: Processed: new
2026-04-25 23:01:06 | INFO     | ss_crawler | [crawler] [crawler] Fetching listing 8/30: https://www.ss.com/msg/lv/electronics/computers/completing-pc/video/biedkx.html
2026-04-25 23:01:08 | INFO     | ss_crawler | [repository] [repository] Price updated for biedkx: 200.0 → 170.0
2026-04-25 23:01:08 | INFO     | ss_crawler | [scraper] [scraper] 💰 UPDATED: Processed: updated
2026-04-25 23:01:08 | INFO     | ss_crawler | [crawler] [crawler] Fetching listing 9/30: https://www.ss.com/msg/lv/electronics/computers/completing-pc/video/nhdnf.html
2026-04-25 23:01:10 | INFO     | ss_crawler | [scraper] [scraper] ⏭️ UNCHANGED: Processed: unchanged
2026-04-25 23:01:10 | INFO     | ss_crawler | [crawler] [crawler] Fetching listing 10/30: https://www.ss.com/msg/lv/electronics/computers/completing-pc/video/dfgnd.html
2026-04-25 23:01:13 | INFO     | ss_crawler | [repository] [repository] New listing created: dfgnd
2026-04-25 23:01:13 | INFO     | ss_crawler | [scraper] [scraper] ✨ NEW: Processed: new
2026-04-25 23:01:13 | INFO     | ss_crawler | [crawler] [crawler] Fetching listing 11/30: https://www.ss.com/msg/lv/electronics/computers/completing-pc/video/glgfb.html
2026-04-25 23:01:15 | INFO     | ss_crawler | [scraper] [scraper] ⏭️ UNCHANGED: Processed: unchanged
2026-04-25 23:01:15 | INFO     | ss_crawler | [crawler] [crawler] Fetching listing 12/30: https://www.ss.com/msg/lv/electronics/computers/completing-pc/video/gminm.html
2026-04-25 23:01:18 | INFO     | ss_crawler | [repository] [repository] New listing created: gminm
2026-04-25 23:01:18 | INFO     | ss_crawler | [scraper] [scraper] ✨ NEW: Processed: new
2026-04-25 23:01:18 | INFO     | ss_crawler | [crawler] [crawler] Fetching listing 13/30: https://www.ss.com/msg/lv/electronics/computers/completing-pc/video/ppdbl.html
2026-04-25 23:01:21 | INFO     | ss_crawler | [repository] [repository] New listing created: ppdbl
2026-04-25 23:01:21 | INFO     | ss_crawler | [scraper] [scraper] ✨ NEW: Processed: new
2026-04-25 23:01:21 | INFO     | ss_crawler | [crawler] [crawler] Fetching listing 14/30: https://www.ss.com/msg/lv/electronics/computers/completing-pc/video/bopjpd.html
2026-04-25 23:01:23 | INFO     | ss_crawler | [scraper] [scraper] ⏭️ UNCHANGED: Processed: unchanged
2026-04-25 23:01:23 | INFO     | ss_crawler | [crawler] [crawler] Fetching listing 15/30: https://www.ss.com/msg/lv/electronics/computers/completing-pc/video/pdgbh.html
2026-04-25 23:01:25 | INFO     | ss_crawler | [scraper] [scraper] ⏭️ UNCHANGED: Processed: unchanged
2026-04-25 23:01:25 | INFO     | ss_crawler | [crawler] [crawler] Fetching listing 16/30: https://www.ss.com/msg/lv/electronics/computers/completing-pc/video/dkfio.html
2026-04-25 23:01:28 | INFO     | ss_crawler | [scraper] [scraper] ⏭️ UNCHANGED: Processed: unchanged
2026-04-25 23:01:28 | INFO     | ss_crawler | [crawler] [crawler] Fetching listing 17/30: https://www.ss.com/msg/lv/electronics/computers/completing-pc/video/bxxfhm.html
2026-04-25 23:01:30 | INFO     | ss_crawler | [repository] [repository] New listing created: bxxfhm
2026-04-25 23:01:30 | INFO     | ss_crawler | [scraper] [scraper] ✨ NEW: Processed: new
2026-04-25 23:01:30 | INFO     | ss_crawler | [crawler] [crawler] Fetching listing 18/30: https://www.ss.com/msg/lv/electronics/computers/completing-pc/video/bjxkco.html
2026-04-25 23:01:34 | INFO     | ss_crawler | [repository] [repository] New listing created: bjxkco
2026-04-25 23:01:34 | INFO     | ss_crawler | [scraper] [scraper] ✨ NEW: Processed: new
2026-04-25 23:01:34 | INFO     | ss_crawler | [crawler] [crawler] Fetching listing 19/30: https://www.ss.com/msg/lv/electronics/computers/completing-pc/video/fdjpc.html
2026-04-25 23:01:37 | INFO     | ss_crawler | [scraper] [scraper] ⏭️ UNCHANGED: Processed: unchanged
2026-04-25 23:01:37 | INFO     | ss_crawler | [crawler] [crawler] Fetching listing 20/30: https://www.ss.com/msg/lv/electronics/computers/completing-pc/video/afbjl.html
2026-04-25 23:01:40 | INFO     | ss_crawler | [repository] [repository] Detected re-list: afbjl (was fdjpc)
2026-04-25 23:01:40 | INFO     | ss_crawler | [repository] [repository] New listing created: afbjl
2026-04-25 23:01:40 | INFO     | ss_crawler | [scraper] [scraper] ✨ NEW: Processed: new
2026-04-25 23:01:40 | INFO     | ss_crawler | [crawler] [crawler] Fetching listing 21/30: https://www.ss.com/msg/lv/electronics/computers/completing-pc/video/fbjhf.html
2026-04-25 23:01:43 | INFO     | ss_crawler | [repository] [repository] New listing created: fbjhf
2026-04-25 23:01:43 | INFO     | ss_crawler | [scraper] [scraper] ✨ NEW: Processed: new
2026-04-25 23:01:43 | INFO     | ss_crawler | [crawler] [crawler] Fetching listing 22/30: https://www.ss.com/msg/lv/electronics/computers/completing-pc/video/bolopi.html
2026-04-25 23:01:45 | INFO     | ss_crawler | [repository] [repository] Price updated for bolopi: 200.0 → 180.0
2026-04-25 23:01:45 | INFO     | ss_crawler | [scraper] [scraper] 💰 UPDATED: Processed: updated
2026-04-25 23:01:45 | INFO     | ss_crawler | [crawler] [crawler] Fetching listing 23/30: https://www.ss.com/msg/lv/electronics/computers/completing-pc/video/bkhdnd.html
2026-04-25 23:01:48 | INFO     | ss_crawler | [scraper] [scraper] ⏭️ UNCHANGED: Processed: unchanged
2026-04-25 23:01:48 | INFO     | ss_crawler | [crawler] [crawler] Fetching listing 24/30: https://www.ss.com/msg/lv/electronics/computers/completing-pc/video/bjxcgx.html
2026-04-25 23:01:51 | INFO     | ss_crawler | [scraper] [scraper] ⏭️ UNCHANGED: Processed: unchanged
2026-04-25 23:01:51 | INFO     | ss_crawler | [crawler] [crawler] Fetching listing 25/30: https://www.ss.com/msg/lv/electronics/computers/completing-pc/video/ppnen.html
2026-04-25 23:01:54 | INFO     | ss_crawler | [repository] [repository] New listing created: ppnen
2026-04-25 23:01:54 | INFO     | ss_crawler | [scraper] [scraper] ⚠️ LOW_CONFIDENCE: Match confidence 0.63 below threshold
2026-04-25 23:01:54 | INFO     | ss_crawler | [crawler] [crawler] Fetching listing 26/30: https://www.ss.com/msg/lv/electronics/computers/completing-pc/video/ppmpx.html
2026-04-25 23:01:56 | INFO     | ss_crawler | [repository] [repository] New listing created: ppmpx
2026-04-25 23:01:56 | INFO     | ss_crawler | [scraper] [scraper] ✨ NEW: Processed: new
2026-04-25 23:01:56 | INFO     | ss_crawler | [crawler] [crawler] Fetching listing 27/30: https://www.ss.com/msg/lv/electronics/computers/completing-pc/video/fglnb.html
2026-04-25 23:01:58 | INFO     | ss_crawler | [repository] [repository] New listing created: fglnb
2026-04-25 23:01:58 | INFO     | ss_crawler | [scraper] [scraper] ✨ NEW: Processed: new
2026-04-25 23:01:58 | INFO     | ss_crawler | [crawler] [crawler] Fetching listing 28/30: https://www.ss.com/msg/lv/electronics/computers/completing-pc/video/pdnij.html
2026-04-25 23:02:00 | INFO     | ss_crawler | [scraper] [scraper] ⏭️ UNCHANGED: Processed: unchanged
2026-04-25 23:02:00 | INFO     | ss_crawler | [crawler] [crawler] Fetching listing 29/30: https://www.ss.com/msg/lv/electronics/computers/completing-pc/video/bjpiid.html
2026-04-25 23:02:03 | INFO     | ss_crawler | [repository] [repository] New listing created: bjpiid
2026-04-25 23:02:03 | INFO     | ss_crawler | [scraper] [scraper] ✨ NEW: Processed: new
2026-04-25 23:02:03 | INFO     | ss_crawler | [crawler] [crawler] Fetching listing 30/30: https://www.ss.com/msg/lv/electronics/computers/completing-pc/video/fpjhf.html
2026-04-25 23:02:05 | INFO     | ss_crawler | [repository] [repository] Price updated for fpjhf: 390.0 → 370.0
2026-04-25 23:02:05 | INFO     | ss_crawler | [scraper] [scraper] ⚠️ LOW_CONFIDENCE: Match confidence 0.63 below threshold
2026-04-25 23:02:05 | INFO     | ss_crawler | [scraper] [scraper] 📄 Fetching category: https://www.ss.com/lv/electronics/computers/completing-pc/video/page2.html
2026-04-25 23:02:05 | INFO     | ss_crawler | [crawler] [crawler] Fetching category page: https://www.ss.com/lv/electronics/computers/completing-pc/video/page2.html
2026-04-25 23:02:08 | INFO     | ss_crawler | [parser] [parser] Found 30 listings on page
2026-04-25 23:02:08 | INFO     | ss_crawler | [scraper] [scraper] 🔍 Found 30 listings to process
2026-04-25 23:02:08 | INFO     | ss_crawler | [crawler] [crawler] Fetching listing 1/30: https://www.ss.com/msg/lv/electronics/computers/completing-pc/video/bolpdd.html
2026-04-25 23:02:10 | INFO     | ss_crawler | [repository] [repository] New listing created: bolpdd
2026-04-25 23:02:10 | INFO     | ss_crawler | [scraper] [scraper] ✨ NEW: Processed: new
2026-04-25 23:02:10 | INFO     | ss_crawler | [crawler] [crawler] Fetching listing 2/30: https://www.ss.com/msg/lv/electronics/computers/completing-pc/video/bxxinp.html
2026-04-25 23:02:12 | INFO     | ss_crawler | [repository] [repository] New listing created: bxxinp
2026-04-25 23:02:12 | INFO     | ss_crawler | [scraper] [scraper] ✨ NEW: Processed: new
2026-04-25 23:02:12 | INFO     | ss_crawler | [crawler] [crawler] Fetching listing 3/30: https://www.ss.com/msg/lv/electronics/computers/completing-pc/video/ppdme.html
2026-04-25 23:02:14 | INFO     | ss_crawler | [repository] [repository] New listing created: ppdme
2026-04-25 23:02:14 | INFO     | ss_crawler | [scraper] [scraper] ✨ NEW: Processed: new
2026-04-25 23:02:14 | INFO     | ss_crawler | [crawler] [crawler] Fetching listing 4/30: https://www.ss.com/msg/lv/electronics/computers/completing-pc/video/pcoep.html
2026-04-25 23:02:17 | INFO     | ss_crawler | [repository] [repository] New listing created: pcoep
2026-04-25 23:02:17 | INFO     | ss_crawler | [scraper] [scraper] ✨ NEW: Processed: new
2026-04-25 23:02:17 | INFO     | ss_crawler | [crawler] [crawler] Fetching listing 5/30: https://www.ss.com/msg/lv/electronics/computers/completing-pc/video/bolnip.html
2026-04-25 23:02:20 | INFO     | ss_crawler | [repository] [repository] New listing created: bolnip
2026-04-25 23:02:20 | INFO     | ss_crawler | [scraper] [scraper] ✨ NEW: Processed: new
2026-04-25 23:02:20 | INFO     | ss_crawler | [crawler] [crawler] Fetching listing 6/30: https://www.ss.com/msg/lv/electronics/computers/completing-pc/video/mxdbo.html
2026-04-25 23:02:24 | INFO     | ss_crawler | [repository] [repository] New listing created: mxdbo
2026-04-25 23:02:24 | INFO     | ss_crawler | [scraper] [scraper] ❓ UNMATCHED: No GPU match found
2026-04-25 23:02:24 | INFO     | ss_crawler | [crawler] [crawler] Fetching listing 7/30: https://www.ss.com/msg/lv/electronics/computers/completing-pc/video/bigjln.html
2026-04-25 23:02:27 | INFO     | ss_crawler | [repository] [repository] Price updated for bigjln: 330.0 → 280.0
2026-04-25 23:02:27 | INFO     | ss_crawler | [scraper] [scraper] 💰 UPDATED: Processed: updated
2026-04-25 23:02:27 | INFO     | ss_crawler | [crawler] [crawler] Fetching listing 8/30: https://www.ss.com/msg/lv/electronics/computers/completing-pc/video/bihehf.html
2026-04-25 23:02:29 | INFO     | ss_crawler | [repository] [repository] New listing created: bihehf
2026-04-25 23:02:29 | INFO     | ss_crawler | [scraper] [scraper] ✨ NEW: Processed: new
2026-04-25 23:02:29 | INFO     | ss_crawler | [crawler] [crawler] Fetching listing 9/30: https://www.ss.com/msg/lv/electronics/computers/completing-pc/video/ppfoj.html
2026-04-25 23:02:31 | INFO     | ss_crawler | [scraper] [scraper] ⏭️ UNCHANGED: Processed: unchanged
2026-04-25 23:02:31 | INFO     | ss_crawler | [crawler] [crawler] Fetching listing 10/30: https://www.ss.com/msg/lv/electronics/computers/completing-pc/video/bjlxfx.html
2026-04-25 23:02:34 | INFO     | ss_crawler | [repository] [repository] New listing created: bjlxfx
2026-04-25 23:02:34 | INFO     | ss_crawler | [scraper] [scraper] ✨ NEW: Processed: new
2026-04-25 23:02:34 | INFO     | ss_crawler | [crawler] [crawler] Fetching listing 11/30: https://www.ss.com/msg/lv/electronics/computers/completing-pc/video/plcfb.html
2026-04-25 23:02:37 | INFO     | ss_crawler | [repository] [repository] Price updated for plcfb: 679.0 → 669.0
2026-04-25 23:02:37 | INFO     | ss_crawler | [scraper] [scraper] 💰 UPDATED: Processed: updated
2026-04-25 23:02:37 | INFO     | ss_crawler | [crawler] [crawler] Fetching listing 12/30: https://www.ss.com/msg/lv/electronics/computers/completing-pc/video/lphik.html
2026-04-25 23:02:40 | INFO     | ss_crawler | [scraper] [scraper] ⏭️ UNCHANGED: Processed: unchanged
2026-04-25 23:02:40 | INFO     | ss_crawler | [crawler] [crawler] Fetching listing 13/30: https://www.ss.com/msg/lv/electronics/computers/completing-pc/video/bpxkmp.html
2026-04-25 23:02:42 | INFO     | ss_crawler | [scraper] [scraper] ⏭️ UNCHANGED: Processed: unchanged
2026-04-25 23:02:42 | INFO     | ss_crawler | [crawler] [crawler] Fetching listing 14/30: https://www.ss.com/msg/lv/electronics/computers/completing-pc/video/mookn.html
2026-04-25 23:02:45 | INFO     | ss_crawler | [scraper] [scraper] ⏭️ UNCHANGED: Processed: unchanged
2026-04-25 23:02:45 | INFO     | ss_crawler | [crawler] [crawler] Fetching listing 15/30: https://www.ss.com/msg/lv/electronics/computers/completing-pc/video/bpbecm.html
2026-04-25 23:02:47 | INFO     | ss_crawler | [scraper] [scraper] ⏭️ UNCHANGED: Processed: unchanged
2026-04-25 23:02:47 | INFO     | ss_crawler | [crawler] [crawler] Fetching listing 16/30: https://www.ss.com/msg/lv/electronics/computers/completing-pc/video/pbgln.html
2026-04-25 23:02:50 | INFO     | ss_crawler | [scraper] [scraper] ⏭️ UNCHANGED: Processed: unchanged
2026-04-25 23:02:50 | INFO     | ss_crawler | [crawler] [crawler] Fetching listing 17/30: https://www.ss.com/msg/lv/electronics/computers/completing-pc/video/ppmjm.html
2026-04-25 23:02:52 | INFO     | ss_crawler | [scraper] [scraper] ⏭️ UNCHANGED: Processed: unchanged
2026-04-25 23:02:52 | INFO     | ss_crawler | [crawler] [crawler] Fetching listing 18/30: https://www.ss.com/msg/lv/electronics/computers/completing-pc/video/bkmdoe.html
2026-04-25 23:02:54 | INFO     | ss_crawler | [scraper] [scraper] ⏭️ UNCHANGED: Processed: unchanged
2026-04-25 23:02:54 | INFO     | ss_crawler | [crawler] [crawler] Fetching listing 19/30: https://www.ss.com/msg/lv/electronics/computers/completing-pc/video/bomxbe.html
2026-04-25 23:02:58 | INFO     | ss_crawler | [scraper] [scraper] ⏭️ UNCHANGED: Processed: unchanged
2026-04-25 23:02:58 | INFO     | ss_crawler | [crawler] [crawler] Fetching listing 20/30: https://www.ss.com/msg/lv/electronics/computers/completing-pc/video/nfhdf.html
2026-04-25 23:03:02 | INFO     | ss_crawler | [scraper] [scraper] ⏭️ UNCHANGED: Processed: unchanged
2026-04-25 23:03:02 | INFO     | ss_crawler | [crawler] [crawler] Fetching listing 21/30: https://www.ss.com/msg/lv/electronics/computers/completing-pc/video/lnhjd.html
2026-04-25 23:03:03 | INFO     | ss_crawler | [scraper] [scraper] ⏭️ UNCHANGED: Processed: unchanged
2026-04-25 23:03:03 | INFO     | ss_crawler | [crawler] [crawler] Fetching listing 22/30: https://www.ss.com/msg/lv/electronics/computers/completing-pc/video/pdnbi.html
2026-04-25 23:03:06 | INFO     | ss_crawler | [scraper] [scraper] ⏭️ UNCHANGED: Processed: unchanged
2026-04-25 23:03:06 | INFO     | ss_crawler | [crawler] [crawler] Fetching listing 23/30: https://www.ss.com/msg/lv/electronics/computers/completing-pc/video/fmeph.html
2026-04-25 23:03:09 | INFO     | ss_crawler | [scraper] [scraper] ⏭️ UNCHANGED: Processed: unchanged
2026-04-25 23:03:09 | INFO     | ss_crawler | [crawler] [crawler] Fetching listing 24/30: https://www.ss.com/msg/lv/electronics/computers/completing-pc/video/bopmbp.html
2026-04-25 23:03:12 | INFO     | ss_crawler | [scraper] [scraper] ⏭️ UNCHANGED: Processed: unchanged
2026-04-25 23:03:12 | INFO     | ss_crawler | [crawler] [crawler] Fetching listing 25/30: https://www.ss.com/msg/lv/electronics/computers/completing-pc/video/cbxhnp.html
2026-04-25 23:03:14 | INFO     | ss_crawler | [scraper] [scraper] ⏭️ UNCHANGED: Processed: unchanged
2026-04-25 23:03:14 | INFO     | ss_crawler | [crawler] [crawler] Fetching listing 26/30: https://www.ss.com/msg/lv/electronics/computers/completing-pc/video/fpxll.html
2026-04-25 23:03:17 | INFO     | ss_crawler | [scraper] [scraper] ⚠️ LOW_CONFIDENCE: Match confidence 0.60 below threshold
2026-04-25 23:03:17 | INFO     | ss_crawler | [crawler] [crawler] Fetching listing 27/30: https://www.ss.com/msg/lv/electronics/computers/completing-pc/video/ehnlp.html
2026-04-25 23:03:20 | INFO     | ss_crawler | [scraper] [scraper] ⏭️ UNCHANGED: Processed: unchanged
2026-04-25 23:03:20 | INFO     | ss_crawler | [crawler] [crawler] Fetching listing 28/30: https://www.ss.com/msg/lv/electronics/computers/completing-pc/video/bkfokg.html
2026-04-25 23:03:24 | INFO     | ss_crawler | [scraper] [scraper] ⏭️ UNCHANGED: Processed: unchanged
2026-04-25 23:03:24 | INFO     | ss_crawler | [crawler] [crawler] Fetching listing 29/30: https://www.ss.com/msg/lv/electronics/computers/completing-pc/video/pcodp.html
2026-04-25 23:03:26 | INFO     | ss_crawler | [scraper] [scraper] ⏭️ UNCHANGED: Processed: unchanged
2026-04-25 23:03:26 | INFO     | ss_crawler | [crawler] [crawler] Fetching listing 30/30: https://www.ss.com/msg/lv/electronics/computers/completing-pc/video/loifj.html
2026-04-25 23:03:28 | INFO     | ss_crawler | [scraper] [scraper] ⏭️ UNCHANGED: Processed: unchanged
2026-04-25 23:03:28 | INFO     | ss_crawler | [scraper] [scraper] 📄 Fetching category: https://www.ss.com/lv/electronics/computers/completing-pc/video/page3.html
2026-04-25 23:03:28 | INFO     | ss_crawler | [crawler] [crawler] Fetching category page: https://www.ss.com/lv/electronics/computers/completing-pc/video/page3.html
2026-04-25 23:03:31 | INFO     | ss_crawler | [parser] [parser] Found 30 listings on page
2026-04-25 23:03:31 | INFO     | ss_crawler | [scraper] [scraper] 🔍 Found 30 listings to process
2026-04-25 23:03:31 | INFO     | ss_crawler | [crawler] [crawler] Fetching listing 1/30: https://www.ss.com/msg/lv/electronics/computers/completing-pc/video/mniox.html
2026-04-25 23:03:33 | INFO     | ss_crawler | [scraper] [scraper] ⏭️ UNCHANGED: Processed: unchanged
2026-04-25 23:03:33 | INFO     | ss_crawler | [crawler] [crawler] Fetching listing 2/30: https://www.ss.com/msg/lv/electronics/computers/completing-pc/video/biloio.html
2026-04-25 23:03:35 | INFO     | ss_crawler | [scraper] [scraper] ⏭️ UNCHANGED: Processed: unchanged
2026-04-25 23:03:35 | INFO     | ss_crawler | [crawler] [crawler] Fetching listing 3/30: https://www.ss.com/msg/lv/electronics/computers/completing-pc/video/bkghek.html
2026-04-25 23:03:39 | INFO     | ss_crawler | [scraper] [scraper] ⏭️ UNCHANGED: Processed: unchanged
2026-04-25 23:03:39 | INFO     | ss_crawler | [crawler] [crawler] Fetching listing 4/30: https://www.ss.com/msg/lv/electronics/computers/completing-pc/video/bopnkk.html
2026-04-25 23:03:41 | INFO     | ss_crawler | [scraper] [scraper] ⏭️ UNCHANGED: Processed: unchanged
2026-04-25 23:03:41 | INFO     | ss_crawler | [crawler] [crawler] Fetching listing 5/30: https://www.ss.com/msg/lv/electronics/computers/completing-pc/video/nfhdj.html
2026-04-25 23:03:43 | INFO     | ss_crawler | [scraper] [scraper] ⏭️ UNCHANGED: Processed: unchanged
2026-04-25 23:03:43 | INFO     | ss_crawler | [crawler] [crawler] Fetching listing 6/30: https://www.ss.com/msg/lv/electronics/computers/completing-pc/video/bpxpie.html
2026-04-25 23:03:46 | INFO     | ss_crawler | [scraper] [scraper] ⏭️ UNCHANGED: Processed: unchanged
2026-04-25 23:03:46 | INFO     | ss_crawler | [crawler] [crawler] Fetching listing 7/30: https://www.ss.com/msg/lv/electronics/computers/completing-pc/video/biigbm.html
2026-04-25 23:03:48 | INFO     | ss_crawler | [scraper] [scraper] ⏭️ UNCHANGED: Processed: unchanged
2026-04-25 23:03:48 | INFO     | ss_crawler | [crawler] [crawler] Fetching listing 8/30: https://www.ss.com/msg/lv/electronics/computers/completing-pc/video/fneho.html
2026-04-25 23:03:51 | INFO     | ss_crawler | [scraper] [scraper] ⏭️ UNCHANGED: Processed: unchanged
2026-04-25 23:03:51 | INFO     | ss_crawler | [crawler] [crawler] Fetching listing 9/30: https://www.ss.com/msg/lv/electronics/computers/completing-pc/video/niick.html
2026-04-25 23:03:54 | INFO     | ss_crawler | [scraper] [scraper] ❓ UNMATCHED: No GPU match found
2026-04-25 23:03:54 | INFO     | ss_crawler | [crawler] [crawler] Fetching listing 10/30: https://www.ss.com/msg/lv/electronics/computers/completing-pc/video/bjdxmb.html
2026-04-25 23:03:56 | INFO     | ss_crawler | [scraper] [scraper] ⏭️ UNCHANGED: Processed: unchanged
2026-04-25 23:03:56 | INFO     | ss_crawler | [crawler] [crawler] Fetching listing 11/30: https://www.ss.com/msg/lv/electronics/computers/completing-pc/video/bigmde.html
2026-04-25 23:03:57 | INFO     | ss_crawler | [scraper] [scraper] ⏭️ UNCHANGED: Processed: unchanged
2026-04-25 23:03:57 | INFO     | ss_crawler | [crawler] [crawler] Fetching listing 12/30: https://www.ss.com/msg/lv/electronics/computers/completing-pc/video/bijmep.html
2026-04-25 23:04:00 | INFO     | ss_crawler | [scraper] [scraper] ⏭️ UNCHANGED: Processed: unchanged
2026-04-25 23:04:00 | INFO     | ss_crawler | [crawler] [crawler] Fetching listing 13/30: https://www.ss.com/msg/lv/electronics/computers/completing-pc/video/pdjhk.html
2026-04-25 23:04:03 | INFO     | ss_crawler | [scraper] [scraper] ⏭️ UNCHANGED: Processed: unchanged
2026-04-25 23:04:03 | INFO     | ss_crawler | [crawler] [crawler] Fetching listing 14/30: https://www.ss.com/msg/lv/electronics/computers/completing-pc/video/fdfml.html
2026-04-25 23:04:06 | INFO     | ss_crawler | [scraper] [scraper] ⏭️ UNCHANGED: Processed: unchanged
2026-04-25 23:04:06 | INFO     | ss_crawler | [crawler] [crawler] Fetching listing 15/30: https://www.ss.com/msg/lv/electronics/computers/completing-pc/video/fjdej.html
2026-04-25 23:04:09 | INFO     | ss_crawler | [scraper] [scraper] ⚠️ LOW_CONFIDENCE: Match confidence 0.63 below threshold
2026-04-25 23:04:09 | INFO     | ss_crawler | [crawler] [crawler] Fetching listing 16/30: https://www.ss.com/msg/lv/electronics/computers/completing-pc/video/bkmnlc.html
2026-04-25 23:04:12 | INFO     | ss_crawler | [scraper] [scraper] ⏭️ UNCHANGED: Processed: unchanged
2026-04-25 23:04:12 | INFO     | ss_crawler | [crawler] [crawler] Fetching listing 17/30: https://www.ss.com/msg/lv/electronics/computers/completing-pc/video/fjdox.html
2026-04-25 23:04:14 | INFO     | ss_crawler | [scraper] [scraper] ⏭️ UNCHANGED: Processed: unchanged
2026-04-25 23:04:14 | INFO     | ss_crawler | [crawler] [crawler] Fetching listing 18/30: https://www.ss.com/msg/lv/electronics/computers/completing-pc/video/blgiel.html
2026-04-25 23:04:17 | INFO     | ss_crawler | [scraper] [scraper] ⏭️ UNCHANGED: Processed: unchanged
2026-04-25 23:04:17 | INFO     | ss_crawler | [crawler] [crawler] Fetching listing 19/30: https://www.ss.com/msg/lv/electronics/computers/completing-pc/video/ebcgn.html
2026-04-25 23:04:21 | INFO     | ss_crawler | [scraper] [scraper] ⚠️ LOW_CONFIDENCE: Match confidence 0.42 below threshold
2026-04-25 23:04:21 | INFO     | ss_crawler | [crawler] [crawler] Fetching listing 20/30: https://www.ss.com/msg/lv/electronics/computers/completing-pc/video/ppmhc.html
2026-04-25 23:04:24 | INFO     | ss_crawler | [scraper] [scraper] ⏭️ UNCHANGED: Processed: unchanged
2026-04-25 23:04:24 | INFO     | ss_crawler | [crawler] [crawler] Fetching listing 21/30: https://www.ss.com/msg/lv/electronics/computers/completing-pc/video/nhefi.html
2026-04-25 23:04:26 | INFO     | ss_crawler | [scraper] [scraper] ⚠️ LOW_CONFIDENCE: Match confidence 0.55 below threshold
2026-04-25 23:04:26 | INFO     | ss_crawler | [crawler] [crawler] Fetching listing 22/30: https://www.ss.com/msg/lv/electronics/computers/completing-pc/video/bkfomx.html
2026-04-25 23:04:29 | INFO     | ss_crawler | [scraper] [scraper] ⏭️ UNCHANGED: Processed: unchanged
2026-04-25 23:04:29 | INFO     | ss_crawler | [crawler] [crawler] Fetching listing 23/30: https://www.ss.com/msg/lv/electronics/computers/completing-pc/video/lpjic.html
2026-04-25 23:04:33 | INFO     | ss_crawler | [scraper] [scraper] ⏭️ UNCHANGED: Processed: unchanged
2026-04-25 23:04:33 | INFO     | ss_crawler | [crawler] [crawler] Fetching listing 24/30: https://www.ss.com/msg/lv/electronics/computers/completing-pc/video/bihlfm.html
2026-04-25 23:04:35 | INFO     | ss_crawler | [scraper] [scraper] ⏭️ UNCHANGED: Processed: unchanged
2026-04-25 23:04:35 | INFO     | ss_crawler | [crawler] [crawler] Fetching listing 25/30: https://www.ss.com/msg/lv/electronics/computers/completing-pc/video/blbeol.html
2026-04-25 23:04:38 | INFO     | ss_crawler | [scraper] [scraper] ⏭️ UNCHANGED: Processed: unchanged
2026-04-25 23:04:38 | INFO     | ss_crawler | [crawler] [crawler] Fetching listing 26/30: https://www.ss.com/msg/lv/electronics/computers/completing-pc/video/fenki.html
2026-04-25 23:04:40 | INFO     | ss_crawler | [scraper] [scraper] ⏭️ UNCHANGED: Processed: unchanged
2026-04-25 23:04:40 | INFO     | ss_crawler | [crawler] [crawler] Fetching listing 27/30: https://www.ss.com/msg/lv/electronics/computers/completing-pc/video/lnkjl.html
2026-04-25 23:04:44 | INFO     | ss_crawler | [scraper] [scraper] ⏭️ UNCHANGED: Processed: unchanged
2026-04-25 23:04:44 | INFO     | ss_crawler | [crawler] [crawler] Fetching listing 28/30: https://www.ss.com/msg/lv/electronics/computers/completing-pc/video/adggp.html
2026-04-25 23:04:47 | INFO     | ss_crawler | [scraper] [scraper] ⏭️ UNCHANGED: Processed: unchanged
2026-04-25 23:04:47 | INFO     | ss_crawler | [crawler] [crawler] Fetching listing 29/30: https://www.ss.com/msg/lv/electronics/computers/completing-pc/video/ndokf.html
2026-04-25 23:04:50 | INFO     | ss_crawler | [scraper] [scraper] ⏭️ UNCHANGED: Processed: unchanged
2026-04-25 23:04:50 | INFO     | ss_crawler | [crawler] [crawler] Fetching listing 30/30: https://www.ss.com/msg/lv/electronics/computers/completing-pc/video/bkejlk.html
2026-04-25 23:04:52 | INFO     | ss_crawler | [scraper] [scraper] ⏭️ UNCHANGED: Processed: unchanged
2026-04-25 23:04:52 | INFO     | ss_crawler | [scraper] [scraper] 📄 Fetching category: https://www.ss.com/lv/electronics/computers/completing-pc/video/page4.html
2026-04-25 23:04:52 | INFO     | ss_crawler | [crawler] [crawler] Fetching category page: https://www.ss.com/lv/electronics/computers/completing-pc/video/page4.html
2026-04-25 23:04:56 | INFO     | ss_crawler | [parser] [parser] Found 30 listings on page
2026-04-25 23:04:56 | INFO     | ss_crawler | [scraper] [scraper] 🔍 Found 30 listings to process
2026-04-25 23:04:56 | INFO     | ss_crawler | [crawler] [crawler] Fetching listing 1/30: https://www.ss.com/msg/lv/electronics/computers/completing-pc/video/fcjgn.html
2026-04-25 23:04:58 | INFO     | ss_crawler | [scraper] [scraper] ⏭️ UNCHANGED: Processed: unchanged
2026-04-25 23:04:58 | INFO     | ss_crawler | [crawler] [crawler] Fetching listing 2/30: https://www.ss.com/msg/lv/electronics/computers/completing-pc/video/biohcc.html
2026-04-25 23:05:00 | INFO     | ss_crawler | [scraper] [scraper] ⏭️ UNCHANGED: Processed: unchanged
2026-04-25 23:05:00 | INFO     | ss_crawler | [crawler] [crawler] Fetching listing 3/30: https://www.ss.com/msg/lv/electronics/computers/completing-pc/video/boploi.html
2026-04-25 23:05:03 | INFO     | ss_crawler | [scraper] [scraper] ⏭️ UNCHANGED: Processed: unchanged
2026-04-25 23:05:03 | INFO     | ss_crawler | [crawler] [crawler] Fetching listing 4/30: https://www.ss.com/msg/lv/electronics/computers/completing-pc/video/plodn.html
2026-04-25 23:05:06 | INFO     | ss_crawler | [scraper] [scraper] ⏭️ UNCHANGED: Processed: unchanged
2026-04-25 23:05:06 | INFO     | ss_crawler | [crawler] [crawler] Fetching listing 5/30: https://www.ss.com/msg/lv/electronics/computers/completing-pc/video/ppnec.html
2026-04-25 23:05:10 | INFO     | ss_crawler | [scraper] [scraper] ⏭️ UNCHANGED: Processed: unchanged
2026-04-25 23:05:10 | INFO     | ss_crawler | [crawler] [crawler] Fetching listing 6/30: https://www.ss.com/msg/lv/electronics/computers/completing-pc/video/lmkjk.html
2026-04-25 23:05:13 | INFO     | ss_crawler | [scraper] [scraper] ⏭️ UNCHANGED: Processed: unchanged
2026-04-25 23:05:13 | INFO     | ss_crawler | [crawler] [crawler] Fetching listing 7/30: https://www.ss.com/msg/lv/electronics/computers/completing-pc/video/bpxxmd.html
2026-04-25 23:05:15 | INFO     | ss_crawler | [scraper] [scraper] ⏭️ UNCHANGED: Processed: unchanged
2026-04-25 23:05:15 | INFO     | ss_crawler | [crawler] [crawler] Fetching listing 8/30: https://www.ss.com/msg/lv/electronics/computers/completing-pc/video/bkbied.html
2026-04-25 23:05:18 | INFO     | ss_crawler | [scraper] [scraper] ⏭️ UNCHANGED: Processed: unchanged
2026-04-25 23:05:18 | INFO     | ss_crawler | [crawler] [crawler] Fetching listing 9/30: https://www.ss.com/msg/lv/electronics/computers/completing-pc/video/bjckoi.html
2026-04-25 23:05:21 | INFO     | ss_crawler | [scraper] [scraper] ⏭️ UNCHANGED: Processed: unchanged
2026-04-25 23:05:21 | INFO     | ss_crawler | [crawler] [crawler] Fetching listing 10/30: https://www.ss.com/msg/lv/electronics/computers/completing-pc/video/bolpxf.html
2026-04-25 23:05:23 | INFO     | ss_crawler | [scraper] [scraper] ⏭️ UNCHANGED: Processed: unchanged
2026-04-25 23:05:23 | INFO     | ss_crawler | [crawler] [crawler] Fetching listing 11/30: https://www.ss.com/msg/lv/electronics/computers/completing-pc/video/bkpnei.html
2026-04-25 23:05:27 | INFO     | ss_crawler | [scraper] [scraper] ⏭️ UNCHANGED: Processed: unchanged
2026-04-25 23:05:27 | INFO     | ss_crawler | [crawler] [crawler] Fetching listing 12/30: https://www.ss.com/msg/lv/electronics/computers/completing-pc/video/blijm.html
2026-04-25 23:05:30 | INFO     | ss_crawler | [scraper] [scraper] ⏭️ UNCHANGED: Processed: unchanged
2026-04-25 23:05:30 | INFO     | ss_crawler | [crawler] [crawler] Fetching listing 13/30: https://www.ss.com/msg/lv/electronics/computers/completing-pc/video/pxein.html
2026-04-25 23:05:32 | INFO     | ss_crawler | [scraper] [scraper] ⏭️ UNCHANGED: Processed: unchanged
2026-04-25 23:05:32 | INFO     | ss_crawler | [crawler] [crawler] Fetching listing 14/30: https://www.ss.com/msg/lv/electronics/computers/completing-pc/video/eodxl.html
2026-04-25 23:05:36 | INFO     | ss_crawler | [scraper] [scraper] ⏭️ UNCHANGED: Processed: unchanged
2026-04-25 23:05:36 | INFO     | ss_crawler | [crawler] [crawler] Fetching listing 15/30: https://www.ss.com/msg/lv/electronics/computers/completing-pc/video/bxxkfh.html
2026-04-25 23:05:38 | INFO     | ss_crawler | [scraper] [scraper] ⏭️ UNCHANGED: Processed: unchanged
2026-04-25 23:05:38 | INFO     | ss_crawler | [crawler] [crawler] Fetching listing 16/30: https://www.ss.com/msg/lv/electronics/computers/completing-pc/video/bopdxn.html
2026-04-25 23:05:41 | INFO     | ss_crawler | [scraper] [scraper] ⏭️ UNCHANGED: Processed: unchanged
2026-04-25 23:05:41 | INFO     | ss_crawler | [crawler] [crawler] Fetching listing 17/30: https://www.ss.com/msg/lv/electronics/computers/completing-pc/video/nhcjo.html
2026-04-25 23:05:44 | INFO     | ss_crawler | [scraper] [scraper] ⏭️ UNCHANGED: Processed: unchanged
2026-04-25 23:05:44 | INFO     | ss_crawler | [crawler] [crawler] Fetching listing 18/30: https://www.ss.com/msg/lv/electronics/computers/completing-pc/video/bpxffk.html
2026-04-25 23:05:47 | INFO     | ss_crawler | [scraper] [scraper] ⏭️ UNCHANGED: Processed: unchanged
2026-04-25 23:05:47 | INFO     | ss_crawler | [crawler] [crawler] Fetching listing 19/30: https://www.ss.com/msg/lv/electronics/computers/completing-pc/video/fjhjd.html
2026-04-25 23:05:50 | INFO     | ss_crawler | [scraper] [scraper] ⏭️ UNCHANGED: Processed: unchanged
2026-04-25 23:05:50 | INFO     | ss_crawler | [crawler] [crawler] Fetching listing 20/30: https://www.ss.com/msg/lv/electronics/computers/completing-pc/video/demjh.html
2026-04-25 23:05:54 | INFO     | ss_crawler | [scraper] [scraper] ⏭️ UNCHANGED: Processed: unchanged
2026-04-25 23:05:54 | INFO     | ss_crawler | [crawler] [crawler] Fetching listing 21/30: https://www.ss.com/msg/lv/electronics/computers/completing-pc/video/bigcpo.html
2026-04-25 23:05:56 | INFO     | ss_crawler | [scraper] [scraper] ⏭️ UNCHANGED: Processed: unchanged
2026-04-25 23:05:56 | INFO     | ss_crawler | [crawler] [crawler] Fetching listing 22/30: https://www.ss.com/msg/lv/electronics/computers/completing-pc/video/bkngle.html
2026-04-25 23:05:59 | INFO     | ss_crawler | [scraper] [scraper] ⏭️ UNCHANGED: Processed: unchanged
2026-04-25 23:05:59 | INFO     | ss_crawler | [crawler] [crawler] Fetching listing 23/30: https://www.ss.com/msg/lv/electronics/computers/completing-pc/video/bjnehj.html
2026-04-25 23:06:01 | INFO     | ss_crawler | [scraper] [scraper] ⏭️ UNCHANGED: Processed: unchanged
2026-04-25 23:06:01 | INFO     | ss_crawler | [crawler] [crawler] Fetching listing 24/30: https://www.ss.com/msg/lv/electronics/computers/completing-pc/video/bpxffj.html
2026-04-25 23:06:04 | INFO     | ss_crawler | [scraper] [scraper] ⏭️ UNCHANGED: Processed: unchanged
2026-04-25 23:06:04 | INFO     | ss_crawler | [crawler] [crawler] Fetching listing 25/30: https://www.ss.com/msg/lv/electronics/computers/completing-pc/video/bpxcli.html
2026-04-25 23:06:08 | INFO     | ss_crawler | [scraper] [scraper] ⏭️ UNCHANGED: Processed: unchanged
2026-04-25 23:06:08 | INFO     | ss_crawler | [crawler] [crawler] Fetching listing 26/30: https://www.ss.com/msg/lv/electronics/computers/completing-pc/video/kiomc.html
2026-04-25 23:06:11 | INFO     | ss_crawler | [scraper] [scraper] ⏭️ UNCHANGED: Processed: unchanged
2026-04-25 23:06:11 | INFO     | ss_crawler | [crawler] [crawler] Fetching listing 27/30: https://www.ss.com/msg/lv/electronics/computers/completing-pc/video/moghh.html
2026-04-25 23:06:15 | INFO     | ss_crawler | [scraper] [scraper] ⏭️ UNCHANGED: Processed: unchanged
2026-04-25 23:06:15 | INFO     | ss_crawler | [crawler] [crawler] Fetching listing 28/30: https://www.ss.com/msg/lv/electronics/computers/completing-pc/video/nexei.html
2026-04-25 23:06:18 | INFO     | ss_crawler | [scraper] [scraper] ⏭️ UNCHANGED: Processed: unchanged
2026-04-25 23:06:18 | INFO     | ss_crawler | [crawler] [crawler] Fetching listing 29/30: https://www.ss.com/msg/lv/electronics/computers/completing-pc/video/pdmno.html
2026-04-25 23:06:22 | INFO     | ss_crawler | [scraper] [scraper] ⏭️ UNCHANGED: Processed: unchanged
2026-04-25 23:06:22 | INFO     | ss_crawler | [crawler] [crawler] Fetching listing 30/30: https://www.ss.com/msg/lv/electronics/computers/completing-pc/video/mbfxe.html
2026-04-25 23:06:25 | INFO     | ss_crawler | [scraper] [scraper] ⏭️ UNCHANGED: Processed: unchanged
2026-04-25 23:06:25 | INFO     | ss_crawler | [scraper] [scraper] 📄 Fetching category: https://www.ss.com/lv/electronics/computers/completing-pc/video/page5.html
2026-04-25 23:06:25 | INFO     | ss_crawler | [crawler] [crawler] Fetching category page: https://www.ss.com/lv/electronics/computers/completing-pc/video/page5.html
2026-04-25 23:06:27 | INFO     | ss_crawler | [parser] [parser] Found 23 listings on page
2026-04-25 23:06:27 | INFO     | ss_crawler | [scraper] [scraper] 🔍 Found 23 listings to process
2026-04-25 23:06:27 | INFO     | ss_crawler | [crawler] [crawler] Fetching listing 1/23: https://www.ss.com/msg/lv/electronics/computers/completing-pc/video/bolmid.html
2026-04-25 23:06:29 | INFO     | ss_crawler | [scraper] [scraper] ⏭️ UNCHANGED: Processed: unchanged
2026-04-25 23:06:29 | INFO     | ss_crawler | [crawler] [crawler] Fetching listing 2/23: https://www.ss.com/msg/lv/electronics/computers/completing-pc/video/niijo.html
2026-04-25 23:06:32 | INFO     | ss_crawler | [scraper] [scraper] ⏭️ UNCHANGED: Processed: unchanged
2026-04-25 23:06:32 | INFO     | ss_crawler | [crawler] [crawler] Fetching listing 3/23: https://www.ss.com/msg/lv/electronics/computers/completing-pc/video/lipjd.html
2026-04-25 23:06:34 | INFO     | ss_crawler | [scraper] [scraper] ⏭️ UNCHANGED: Processed: unchanged
2026-04-25 23:06:34 | INFO     | ss_crawler | [crawler] [crawler] Fetching listing 4/23: https://www.ss.com/msg/lv/electronics/computers/completing-pc/video/fcbbx.html
2026-04-25 23:06:37 | WARNING  | ss_crawler | [parser] [parser] No price found for https://www.ss.com/msg/lv/electronics/computers/completing-pc/video/fcbbx.html
2026-04-25 23:06:37 | INFO     | ss_crawler | [scraper] [scraper] ⏭️ UNCHANGED: Processed: unchanged
2026-04-25 23:06:37 | INFO     | ss_crawler | [crawler] [crawler] Fetching listing 5/23: https://www.ss.com/msg/lv/electronics/computers/completing-pc/video/lofxl.html
2026-04-25 23:06:41 | INFO     | ss_crawler | [scraper] [scraper] ⏭️ UNCHANGED: Processed: unchanged
2026-04-25 23:06:41 | INFO     | ss_crawler | [crawler] [crawler] Fetching listing 6/23: https://www.ss.com/msg/lv/electronics/computers/completing-pc/video/ghocn.html
2026-04-25 23:06:44 | INFO     | ss_crawler | [scraper] [scraper] ⚠️ LOW_CONFIDENCE: Match confidence 0.45 below threshold
2026-04-25 23:06:44 | INFO     | ss_crawler | [crawler] [crawler] Fetching listing 7/23: https://www.ss.com/msg/lv/electronics/computers/completing-pc/video/bolmcl.html
2026-04-25 23:06:47 | INFO     | ss_crawler | [scraper] [scraper] ⏭️ UNCHANGED: Processed: unchanged
2026-04-25 23:06:47 | INFO     | ss_crawler | [crawler] [crawler] Fetching listing 8/23: https://www.ss.com/msg/lv/electronics/computers/completing-pc/video/pccxl.html
2026-04-25 23:06:51 | INFO     | ss_crawler | [scraper] [scraper] ⏭️ UNCHANGED: Processed: unchanged
2026-04-25 23:06:51 | INFO     | ss_crawler | [crawler] [crawler] Fetching listing 9/23: https://www.ss.com/msg/lv/electronics/computers/completing-pc/video/pdmcp.html
2026-04-25 23:06:54 | INFO     | ss_crawler | [scraper] [scraper] ⏭️ UNCHANGED: Processed: unchanged
2026-04-25 23:06:54 | INFO     | ss_crawler | [crawler] [crawler] Fetching listing 10/23: https://www.ss.com/msg/lv/electronics/computers/completing-pc/video/mnjij.html
2026-04-25 23:06:56 | INFO     | ss_crawler | [scraper] [scraper] ⏭️ UNCHANGED: Processed: unchanged
2026-04-25 23:06:56 | INFO     | ss_crawler | [crawler] [crawler] Fetching listing 11/23: https://www.ss.com/msg/lv/electronics/computers/completing-pc/video/bilnng.html
2026-04-25 23:07:00 | INFO     | ss_crawler | [scraper] [scraper] ⏭️ UNCHANGED: Processed: unchanged
2026-04-25 23:07:00 | INFO     | ss_crawler | [crawler] [crawler] Fetching listing 12/23: https://www.ss.com/msg/lv/electronics/computers/completing-pc/video/pchlg.html
2026-04-25 23:07:03 | INFO     | ss_crawler | [scraper] [scraper] ⏭️ UNCHANGED: Processed: unchanged
2026-04-25 23:07:03 | INFO     | ss_crawler | [crawler] [crawler] Fetching listing 13/23: https://www.ss.com/msg/lv/electronics/computers/completing-pc/video/bopjoo.html
2026-04-25 23:07:06 | INFO     | ss_crawler | [scraper] [scraper] ⏭️ UNCHANGED: Processed: unchanged
2026-04-25 23:07:06 | INFO     | ss_crawler | [crawler] [crawler] Fetching listing 14/23: https://www.ss.com/msg/lv/electronics/computers/completing-pc/video/bpxxio.html
2026-04-25 23:07:08 | INFO     | ss_crawler | [scraper] [scraper] ⏭️ UNCHANGED: Processed: unchanged
2026-04-25 23:07:08 | INFO     | ss_crawler | [crawler] [crawler] Fetching listing 15/23: https://www.ss.com/msg/lv/electronics/computers/completing-pc/video/bjbfmk.html
2026-04-25 23:07:11 | INFO     | ss_crawler | [scraper] [scraper] ⏭️ UNCHANGED: Processed: unchanged
2026-04-25 23:07:11 | INFO     | ss_crawler | [crawler] [crawler] Fetching listing 16/23: https://www.ss.com/msg/lv/electronics/computers/completing-pc/video/bihngk.html
2026-04-25 23:07:13 | INFO     | ss_crawler | [scraper] [scraper] ⏭️ UNCHANGED: Processed: unchanged
2026-04-25 23:07:13 | INFO     | ss_crawler | [crawler] [crawler] Fetching listing 17/23: https://www.ss.com/msg/lv/electronics/computers/completing-pc/video/nieie.html
2026-04-25 23:07:17 | INFO     | ss_crawler | [scraper] [scraper] ⏭️ UNCHANGED: Processed: unchanged
2026-04-25 23:07:17 | INFO     | ss_crawler | [crawler] [crawler] Fetching listing 18/23: https://www.ss.com/msg/lv/electronics/computers/completing-pc/video/bpbbfg.html
2026-04-25 23:07:20 | INFO     | ss_crawler | [scraper] [scraper] ⏭️ UNCHANGED: Processed: unchanged
2026-04-25 23:07:20 | INFO     | ss_crawler | [crawler] [crawler] Fetching listing 19/23: https://www.ss.com/msg/lv/electronics/computers/completing-pc/video/bindxm.html
2026-04-25 23:07:23 | INFO     | ss_crawler | [scraper] [scraper] ⏭️ UNCHANGED: Processed: unchanged
2026-04-25 23:07:23 | INFO     | ss_crawler | [crawler] [crawler] Fetching listing 20/23: https://www.ss.com/msg/lv/electronics/computers/completing-pc/video/pccif.html
2026-04-25 23:07:25 | INFO     | ss_crawler | [scraper] [scraper] ⏭️ UNCHANGED: Processed: unchanged
2026-04-25 23:07:25 | INFO     | ss_crawler | [crawler] [crawler] Fetching listing 21/23: https://www.ss.com/msg/lv/electronics/computers/completing-pc/video/bjjonm.html
2026-04-25 23:07:28 | INFO     | ss_crawler | [scraper] [scraper] ⏭️ UNCHANGED: Processed: unchanged
2026-04-25 23:07:28 | INFO     | ss_crawler | [crawler] [crawler] Fetching listing 22/23: https://www.ss.com/msg/lv/electronics/computers/completing-pc/video/pcegi.html
2026-04-25 23:07:32 | INFO     | ss_crawler | [scraper] [scraper] ⏭️ UNCHANGED: Processed: unchanged
2026-04-25 23:07:32 | INFO     | ss_crawler | [crawler] [crawler] Fetching listing 23/23: https://www.ss.com/msg/lv/electronics/computers/completing-pc/video/ggjbx.html
2026-04-25 23:07:36 | INFO     | ss_crawler | [scraper] [scraper] ⏭️ UNCHANGED: Processed: unchanged
2026-04-25 23:07:36 | INFO     | ss_crawler | [scraper] [scraper] 📄 Page limit reached (5), stopping
2026-04-25 23:07:36 | INFO     | ss_crawler | [scraper] [scraper] ✅ Scraping completed successfully
2026-04-25 23:24:25 | INFO     | ss_crawler | [ssd_scraper] [ssd_scraper] Initializing SSD scraper...
2026-04-25 23:24:25 | INFO     | ss_crawler | [database] [database] Database connected: localhost:5433/ss_market
2026-04-25 23:24:25 | INFO     | ss_crawler | [ssd_scraper] [ssd_scraper] Database: postgresql+psycopg2://crawler:crawler_pass@localhost:5433/ss_market
2026-04-25 23:24:25 | INFO     | ss_crawler | [ssd_matcher] [ssd_matcher] SSDMatcher initialized with 2450 SSDs
2026-04-25 23:24:25 | INFO     | ss_crawler | [ssd_scraper] [ssd_scraper] Loaded 2450 SSD references
2026-04-25 23:24:25 | INFO     | ss_crawler | [ssd_scraper] [ssd_scraper] Starting SSD scraper from https://www.ss.com/lv/electronics/computers/completing-pc/ssd/
2026-04-25 23:24:25 | INFO     | ss_crawler | [ssd_scraper] [ssd_scraper] Fetching page 1: https://www.ss.com/lv/electronics/computers/completing-pc/ssd/
2026-04-25 23:24:25 | INFO     | ss_crawler | [crawler] [crawler] Fetching : https://www.ss.com/lv/electronics/computers/completing-pc/ssd/
2026-04-25 23:24:28 | INFO     | ss_crawler | [ssd_scraper] [ssd_scraper] Found 32 listings on page 1, 32 new
2026-04-25 23:24:28 | INFO     | ss_crawler | [crawler] [crawler] Fetching : https://www.ss.com/msg/lv/electronics/computers/completing-pc/ssd/bomngi.html
2026-04-25 23:24:31 | INFO     | ss_crawler | [ssd_scraper] [ssd_scraper] Matched bomngi: Kingston A400 (100% confidence)
2026-04-25 23:24:31 | INFO     | ss_crawler | [crawler] [crawler] Fetching : https://www.ss.com/msg/lv/electronics/computers/completing-pc/ssd/bomngi.html
2026-04-25 23:24:33 | INFO     | ss_crawler | [ssd_scraper] [ssd_scraper] Matched bomngi: Kingston A400 (100% confidence)
2026-04-25 23:24:33 | INFO     | ss_crawler | [crawler] [crawler] Fetching : https://www.ss.com/msg/lv/electronics/computers/completing-pc/ssd/bomngi.html
2026-04-25 23:24:36 | INFO     | ss_crawler | [ssd_scraper] [ssd_scraper] Matched bomngi: Kingston A400 (100% confidence)
2026-04-25 23:24:36 | INFO     | ss_crawler | [crawler] [crawler] Fetching : https://www.ss.com/msg/lv/electronics/computers/completing-pc/ssd/bopogj.html
2026-04-25 23:24:38 | INFO     | ss_crawler | [ssd_scraper] [ssd_scraper] Matched bopogj: ADATA SU800/SX850 (100% confidence)
2026-04-25 23:24:38 | INFO     | ss_crawler | [crawler] [crawler] Fetching : https://www.ss.com/msg/lv/electronics/computers/completing-pc/ssd/bojpof.html
2026-04-25 23:24:41 | INFO     | ss_crawler | [ssd_scraper] [ssd_scraper] Matched bojpof: Kingston A400 (100% confidence)
2026-04-25 23:24:41 | INFO     | ss_crawler | [crawler] [crawler] Fetching : https://www.ss.com/msg/lv/electronics/computers/completing-pc/ssd/bbbffd.html
2026-04-25 23:24:44 | INFO     | ss_crawler | [ssd_scraper] [ssd_scraper] Matched bbbffd: Kingston A400 (94% confidence)
2026-04-25 23:24:44 | INFO     | ss_crawler | [crawler] [crawler] Fetching : https://www.ss.com/msg/lv/electronics/computers/completing-pc/ssd/bomnbl.html
2026-04-25 23:24:47 | INFO     | ss_crawler | [ssd_scraper] [ssd_scraper] Matched bomnbl: Samsung 980 (100% confidence)
2026-04-25 23:24:47 | INFO     | ss_crawler | [crawler] [crawler] Fetching : https://www.ss.com/msg/lv/electronics/computers/completing-pc/ssd/cglcmb.html
2026-04-25 23:24:50 | INFO     | ss_crawler | [ssd_scraper] [ssd_scraper] Matched cglcmb: Samsung 860 Pro (100% confidence)
2026-04-25 23:24:50 | INFO     | ss_crawler | [crawler] [crawler] Fetching : https://www.ss.com/msg/lv/electronics/computers/completing-pc/ssd/bdniph.html
2026-04-25 23:24:54 | INFO     | ss_crawler | [ssd_scraper] [ssd_scraper] Matched bdniph: Samsung 870 QVO (100% confidence)
2026-04-25 23:24:54 | INFO     | ss_crawler | [crawler] [crawler] Fetching : https://www.ss.com/msg/lv/electronics/computers/completing-pc/ssd/ccgbox.html
2026-04-25 23:24:57 | INFO     | ss_crawler | [ssd_scraper] [ssd_scraper] Matched ccgbox: Samsung 870 QVO (100% confidence)
2026-04-25 23:24:57 | INFO     | ss_crawler | [crawler] [crawler] Fetching : https://www.ss.com/msg/lv/electronics/computers/completing-pc/ssd/cdpnkm.html
2026-04-25 23:24:59 | INFO     | ss_crawler | [ssd_scraper] [ssd_scraper] Matched cdpnkm: Kingston NV2 (100% confidence)
2026-04-25 23:24:59 | INFO     | ss_crawler | [crawler] [crawler] Fetching : https://www.ss.com/msg/lv/electronics/computers/completing-pc/ssd/cgknmp.html
2026-04-25 23:25:01 | INFO     | ss_crawler | [ssd_scraper] [ssd_scraper] Matched cgknmp: Kingston NV1 (100% confidence)
2026-04-25 23:25:01 | INFO     | ss_crawler | [crawler] [crawler] Fetching : https://www.ss.com/msg/lv/electronics/computers/completing-pc/ssd/cglxno.html
2026-04-25 23:25:04 | INFO     | ss_crawler | [ssd_scraper] [ssd_scraper] Matched cglxno: Samsung 860 Pro (100% confidence)
2026-04-25 23:25:04 | INFO     | ss_crawler | [crawler] [crawler] Fetching : https://www.ss.com/msg/lv/electronics/computers/completing-pc/ssd/bompdg.html
2026-04-25 23:25:07 | INFO     | ss_crawler | [ssd_scraper] [ssd_scraper] Matched bompdg: Kingston A400 (100% confidence)
2026-04-25 23:25:07 | INFO     | ss_crawler | [crawler] [crawler] Fetching : https://www.ss.com/msg/lv/electronics/computers/completing-pc/ssd/boncfe.html
2026-04-25 23:25:10 | INFO     | ss_crawler | [ssd_scraper] [ssd_scraper] Matched boncfe: Kingston A400 (100% confidence)
2026-04-25 23:25:10 | INFO     | ss_crawler | [crawler] [crawler] Fetching : https://www.ss.com/msg/lv/electronics/computers/completing-pc/ssd/bfhxex.html
2026-04-25 23:25:12 | INFO     | ss_crawler | [ssd_scraper] [ssd_scraper] Matched bfhxex: Gigabyte NVMe (100% confidence)
2026-04-25 23:25:12 | INFO     | ss_crawler | [crawler] [crawler] Fetching : https://www.ss.com/msg/lv/electronics/computers/completing-pc/ssd/cdejcp.html
2026-04-25 23:25:14 | INFO     | ss_crawler | [ssd_scraper] [ssd_scraper] Matched cdejcp: Kingston A400 (100% confidence)
2026-04-25 23:25:14 | INFO     | ss_crawler | [crawler] [crawler] Fetching : https://www.ss.com/msg/lv/electronics/computers/completing-pc/ssd/cglbhb.html
2026-04-25 23:25:17 | INFO     | ss_crawler | [ssd_scraper] [ssd_scraper] Matched cglbhb: Samsung 860 Pro (100% confidence)
2026-04-25 23:25:17 | INFO     | ss_crawler | [crawler] [crawler] Fetching : https://www.ss.com/msg/lv/electronics/computers/completing-pc/ssd/beexml.html
2026-04-25 23:25:19 | INFO     | ss_crawler | [ssd_scraper] [ssd_scraper] Matched beexml: WD SN850X (100% confidence)
2026-04-25 23:25:19 | INFO     | ss_crawler | [crawler] [crawler] Fetching : https://www.ss.com/msg/lv/electronics/computers/completing-pc/ssd/ccgbnf.html
2026-04-25 23:25:22 | INFO     | ss_crawler | [ssd_scraper] [ssd_scraper] Matched ccgbnf: Samsung 860 Pro (100% confidence)
2026-04-25 23:25:22 | INFO     | ss_crawler | [crawler] [crawler] Fetching : https://www.ss.com/msg/lv/electronics/computers/completing-pc/ssd/bogfhk.html
2026-04-25 23:25:24 | INFO     | ss_crawler | [ssd_scraper] [ssd_scraper] Matched bogfhk: Samsung 870 EVO (100% confidence)
2026-04-25 23:25:24 | INFO     | ss_crawler | [crawler] [crawler] Fetching : https://www.ss.com/msg/lv/electronics/computers/completing-pc/ssd/cgkcie.html
2026-04-25 23:25:26 | INFO     | ss_crawler | [ssd_scraper] [ssd_scraper] Matched cgkcie: Samsung 990 EVO (100% confidence)
2026-04-25 23:25:26 | INFO     | ss_crawler | [crawler] [crawler] Fetching : https://www.ss.com/msg/lv/electronics/computers/completing-pc/ssd/cglxfd.html
2026-04-25 23:25:30 | INFO     | ss_crawler | [ssd_scraper] [ssd_scraper] Matched cglxfd: Kingston NV3 (100% confidence)
2026-04-25 23:25:30 | INFO     | ss_crawler | [crawler] [crawler] Fetching : https://www.ss.com/msg/lv/electronics/computers/completing-pc/ssd/bigkxn.html
2026-04-25 23:25:32 | INFO     | ss_crawler | [ssd_scraper] [ssd_scraper] Matched bigkxn: Lexar NM790 (100% confidence)
2026-04-25 23:25:32 | INFO     | ss_crawler | [crawler] [crawler] Fetching : https://www.ss.com/msg/lv/electronics/computers/completing-pc/ssd/bommhn.html
2026-04-25 23:25:36 | INFO     | ss_crawler | [ssd_scraper] [ssd_scraper] Matched bommhn: Crucial MX500 (100% confidence)
2026-04-25 23:25:36 | INFO     | ss_crawler | [crawler] [crawler] Fetching : https://www.ss.com/msg/lv/electronics/computers/completing-pc/ssd/ccilhn.html
2026-04-25 23:25:39 | INFO     | ss_crawler | [ssd_scraper] [ssd_scraper] Matched ccilhn: Kingston A400 (100% confidence)
2026-04-25 23:25:39 | INFO     | ss_crawler | [crawler] [crawler] Fetching : https://www.ss.com/msg/lv/electronics/computers/completing-pc/ssd/cgkddo.html
2026-04-25 23:25:42 | INFO     | ss_crawler | [ssd_scraper] [ssd_scraper] Matched cgkddo: Patriot Viper VP4300 (100% confidence)
2026-04-25 23:25:42 | INFO     | ss_crawler | [crawler] [crawler] Fetching : https://www.ss.com/msg/lv/electronics/computers/completing-pc/ssd/bpmkdj.html
2026-04-25 23:25:45 | INFO     | ss_crawler | [ssd_scraper] [ssd_scraper] Matched bpmkdj: Patriot PXD (100% confidence)
2026-04-25 23:25:45 | INFO     | ss_crawler | [crawler] [crawler] Fetching : https://www.ss.com/msg/lv/electronics/computers/completing-pc/ssd/cegcbp.html
2026-04-25 23:25:47 | INFO     | ss_crawler | [ssd_scraper] [ssd_scraper] Matched cegcbp: ADATA SU650/SU655 (100% confidence)
2026-04-25 23:25:47 | INFO     | ss_crawler | [crawler] [crawler] Fetching : https://www.ss.com/msg/lv/electronics/computers/completing-pc/ssd/cdxijg.html
2026-04-25 23:25:50 | INFO     | ss_crawler | [ssd_scraper] [ssd_scraper] No match for cdxijg: SS.COM Komplektējošie datoriem - SSD, Cena 20 €. S
2026-04-25 23:25:50 | INFO     | ss_crawler | [crawler] [crawler] Fetching : https://www.ss.com/msg/lv/electronics/computers/completing-pc/ssd/bdocnc.html
2026-04-25 23:25:53 | INFO     | ss_crawler | [ssd_scraper] [ssd_scraper] No match for bdocnc: SS.COM Komplektējošie datoriem - SSD, Cena 5 €. Ss
2026-04-25 23:25:53 | INFO     | ss_crawler | [crawler] [crawler] Fetching : https://www.ss.com/msg/lv/electronics/computers/completing-pc/ssd/cdegcg.html
2026-04-25 23:25:55 | INFO     | ss_crawler | [ssd_scraper] [ssd_scraper] Matched cdegcg: Seagate FireCuda 540 (100% confidence)
2026-04-25 23:25:55 | INFO     | ss_crawler | [ssd_scraper] [ssd_scraper] Next page URL: https://www.ss.com/lv/electronics/computers/completing-pc/ssd/page2.html
2026-04-25 23:25:55 | INFO     | ss_crawler | [ssd_scraper] [ssd_scraper] Fetching page 2: https://www.ss.com/lv/electronics/computers/completing-pc/ssd/page2.html
2026-04-25 23:25:55 | INFO     | ss_crawler | [crawler] [crawler] Fetching : https://www.ss.com/lv/electronics/computers/completing-pc/ssd/page2.html
2026-04-25 23:25:57 | INFO     | ss_crawler | [ssd_scraper] [ssd_scraper] Found 32 listings on page 2, 32 new
2026-04-25 23:25:57 | INFO     | ss_crawler | [crawler] [crawler] Fetching : https://www.ss.com/msg/lv/electronics/computers/completing-pc/ssd/cgkpie.html
2026-04-25 23:25:59 | INFO     | ss_crawler | [ssd_scraper] [ssd_scraper] Matched cgkpie: Samsung 870 EVO (100% confidence)
2026-04-25 23:25:59 | INFO     | ss_crawler | [crawler] [crawler] Fetching : https://www.ss.com/msg/lv/electronics/computers/completing-pc/ssd/cgkpie.html
2026-04-25 23:26:02 | INFO     | ss_crawler | [ssd_scraper] [ssd_scraper] Matched cgkpie: Samsung 870 EVO (100% confidence)
2026-04-25 23:26:02 | INFO     | ss_crawler | [crawler] [crawler] Fetching : https://www.ss.com/msg/lv/electronics/computers/completing-pc/ssd/cgkpie.html
2026-04-25 23:26:05 | INFO     | ss_crawler | [ssd_scraper] [ssd_scraper] Matched cgkpie: Samsung 870 EVO (100% confidence)
2026-04-25 23:26:05 | INFO     | ss_crawler | [crawler] [crawler] Fetching : https://www.ss.com/msg/lv/electronics/computers/completing-pc/ssd/mhngk.html
2026-04-25 23:26:08 | INFO     | ss_crawler | [ssd_scraper] [ssd_scraper] Matched mhngk: Samsung T5 (82% confidence)
2026-04-25 23:26:08 | INFO     | ss_crawler | [crawler] [crawler] Fetching : https://www.ss.com/msg/lv/electronics/computers/completing-pc/ssd/bxpkbg.html
2026-04-25 23:26:11 | INFO     | ss_crawler | [ssd_scraper] [ssd_scraper] No match for bxpkbg: SS.COM Komplektējošie datoriem - SSD, Cena 9 €. Ss
2026-04-25 23:26:11 | INFO     | ss_crawler | [crawler] [crawler] Fetching : https://www.ss.com/msg/lv/electronics/computers/completing-pc/ssd/bohhkd.html
2026-04-25 23:26:14 | INFO     | ss_crawler | [ssd_scraper] [ssd_scraper] No match for bohhkd: SS.COM Komplektējošie datoriem - SSD, Cena 5 €. Ss
2026-04-25 23:26:14 | INFO     | ss_crawler | [crawler] [crawler] Fetching : https://www.ss.com/msg/lv/electronics/computers/completing-pc/ssd/bommeh.html
2026-04-25 23:26:16 | INFO     | ss_crawler | [ssd_scraper] [ssd_scraper] Matched bommeh: Kingston NV2 (100% confidence)
2026-04-25 23:26:16 | INFO     | ss_crawler | [crawler] [crawler] Fetching : https://www.ss.com/msg/lv/electronics/computers/completing-pc/ssd/boeccm.html
2026-04-25 23:26:19 | INFO     | ss_crawler | [ssd_scraper] [ssd_scraper] Matched boeccm: Kingston NV1 (100% confidence)
2026-04-25 23:26:19 | INFO     | ss_crawler | [crawler] [crawler] Fetching : https://www.ss.com/msg/lv/electronics/computers/completing-pc/ssd/bolkkf.html
2026-04-25 23:26:21 | INFO     | ss_crawler | [ssd_scraper] [ssd_scraper] No match for bolkkf: SS.COM Komplektējošie datoriem - SSD, Cena 15 €. C
2026-04-25 23:26:21 | INFO     | ss_crawler | [crawler] [crawler] Fetching : https://www.ss.com/msg/lv/electronics/computers/completing-pc/ssd/beexod.html
2026-04-25 23:26:24 | INFO     | ss_crawler | [ssd_scraper] [ssd_scraper] No match for beexod: SS.COM Komplektējošie datoriem - SSD, Cena 15 €. S
2026-04-25 23:26:24 | INFO     | ss_crawler | [crawler] [crawler] Fetching : https://www.ss.com/msg/lv/electronics/computers/completing-pc/ssd/bdccbl.html
2026-04-25 23:26:27 | INFO     | ss_crawler | [ssd_scraper] [ssd_scraper] Matched bdccbl: Kingston A400 (100% confidence)
2026-04-25 23:26:27 | INFO     | ss_crawler | [crawler] [crawler] Fetching : https://www.ss.com/msg/lv/electronics/computers/completing-pc/ssd/bdhgeg.html
2026-04-25 23:26:29 | INFO     | ss_crawler | [ssd_scraper] [ssd_scraper] Matched bdhgeg: Crucial P3 (100% confidence)
2026-04-25 23:26:29 | INFO     | ss_crawler | [crawler] [crawler] Fetching : https://www.ss.com/msg/lv/electronics/computers/completing-pc/ssd/bedcbg.html
2026-04-25 23:26:31 | INFO     | ss_crawler | [ssd_scraper] [ssd_scraper] Matched bedcbg: Intel 545s (77% confidence)
2026-04-25 23:26:31 | INFO     | ss_crawler | [crawler] [crawler] Fetching : https://www.ss.com/msg/lv/electronics/computers/completing-pc/ssd/bomnhg.html
2026-04-25 23:26:33 | INFO     | ss_crawler | [ssd_scraper] [ssd_scraper] Matched bomnhg: Gigabyte SSD (78% confidence)
2026-04-25 23:26:33 | INFO     | ss_crawler | [crawler] [crawler] Fetching : https://www.ss.com/msg/lv/electronics/computers/completing-pc/ssd/ccipee.html
2026-04-25 23:26:35 | INFO     | ss_crawler | [ssd_scraper] [ssd_scraper] Matched ccipee: Crucial T705 (100% confidence)
2026-04-25 23:26:35 | INFO     | ss_crawler | [crawler] [crawler] Fetching : https://www.ss.com/msg/lv/electronics/computers/completing-pc/ssd/cclgpp.html
2026-04-25 23:26:38 | INFO     | ss_crawler | [ssd_scraper] [ssd_scraper] Matched cclgpp: Samsung 860 EVO (100% confidence)
2026-04-25 23:26:38 | INFO     | ss_crawler | [crawler] [crawler] Fetching : https://www.ss.com/msg/lv/electronics/computers/completing-pc/ssd/ccimol.html
2026-04-25 23:26:40 | INFO     | ss_crawler | [ssd_scraper] [ssd_scraper] Matched ccimol: Crucial T710 (100% confidence)
2026-04-25 23:26:40 | INFO     | ss_crawler | [crawler] [crawler] Fetching : https://www.ss.com/msg/lv/electronics/computers/completing-pc/ssd/cdlbkj.html
2026-04-25 23:26:42 | INFO     | ss_crawler | [ssd_scraper] [ssd_scraper] Matched cdlbkj: WD My Passport SSD (NVMe) (100% confidence)
2026-04-25 23:26:42 | INFO     | ss_crawler | [crawler] [crawler] Fetching : https://www.ss.com/msg/lv/electronics/computers/completing-pc/ssd/cdxmpx.html
2026-04-25 23:26:45 | INFO     | ss_crawler | [ssd_scraper] [ssd_scraper] Matched cdxmpx: Samsung 9100 Pro (100% confidence)
2026-04-25 23:26:45 | INFO     | ss_crawler | [crawler] [crawler] Fetching : https://www.ss.com/msg/lv/electronics/computers/completing-pc/ssd/bpnidc.html
2026-04-25 23:26:48 | INFO     | ss_crawler | [ssd_scraper] [ssd_scraper] Matched bpnidc: Samsung 990 EVO (100% confidence)
2026-04-25 23:26:48 | INFO     | ss_crawler | [crawler] [crawler] Fetching : https://www.ss.com/msg/lv/electronics/computers/completing-pc/ssd/pxbnf.html
2026-04-25 23:26:50 | INFO     | ss_crawler | [ssd_scraper] [ssd_scraper] Matched pxbnf: Samsung 990 Pro (100% confidence)
2026-04-25 23:26:50 | INFO     | ss_crawler | [crawler] [crawler] Fetching : https://www.ss.com/msg/lv/electronics/computers/completing-pc/ssd/mdchk.html
2026-04-25 23:26:54 | INFO     | ss_crawler | [ssd_scraper] [ssd_scraper] Matched mdchk: Samsung 9100 Pro (100% confidence)
2026-04-25 23:26:54 | INFO     | ss_crawler | [crawler] [crawler] Fetching : https://www.ss.com/msg/lv/electronics/computers/completing-pc/ssd/bikpbd.html
2026-04-25 23:26:57 | INFO     | ss_crawler | [ssd_scraper] [ssd_scraper] Matched bikpbd: Samsung 970 EVO (100% confidence)
2026-04-25 23:26:57 | INFO     | ss_crawler | [crawler] [crawler] Fetching : https://www.ss.com/msg/lv/electronics/computers/completing-pc/ssd/bebobc.html
2026-04-25 23:26:59 | INFO     | ss_crawler | [ssd_scraper] [ssd_scraper] No match for bebobc: SS.COM Komplektējošie datoriem - SSD, Cena 18 €. П
2026-04-25 23:26:59 | INFO     | ss_crawler | [crawler] [crawler] Fetching : https://www.ss.com/msg/lv/electronics/computers/completing-pc/ssd/bommeg.html
2026-04-25 23:27:01 | INFO     | ss_crawler | [ssd_scraper] [ssd_scraper] Matched bommeg: Kingston NV2 (90% confidence)
2026-04-25 23:27:01 | INFO     | ss_crawler | [crawler] [crawler] Fetching : https://www.ss.com/msg/lv/electronics/computers/completing-pc/ssd/ccgbnd.html
2026-04-25 23:27:03 | INFO     | ss_crawler | [ssd_scraper] [ssd_scraper] Matched ccgbnd: Kingston A400 (100% confidence)
2026-04-25 23:27:03 | INFO     | ss_crawler | [crawler] [crawler] Fetching : https://www.ss.com/msg/lv/electronics/computers/completing-pc/ssd/ccjmpg.html
2026-04-25 23:27:05 | INFO     | ss_crawler | [ssd_scraper] [ssd_scraper] Matched ccjmpg: Samsung 860 EVO (100% confidence)
2026-04-25 23:27:05 | INFO     | ss_crawler | [crawler] [crawler] Fetching : https://www.ss.com/msg/lv/electronics/computers/completing-pc/ssd/ccnpef.html
2026-04-25 23:27:07 | INFO     | ss_crawler | [ssd_scraper] [ssd_scraper] Matched ccnpef: Kingston NV2 (100% confidence)
2026-04-25 23:27:07 | INFO     | ss_crawler | [crawler] [crawler] Fetching : https://www.ss.com/msg/lv/electronics/computers/completing-pc/ssd/odkpc.html
2026-04-25 23:27:10 | INFO     | ss_crawler | [ssd_scraper] [ssd_scraper] Matched odkpc: Samsung 970 EVO (100% confidence)
2026-04-25 23:27:10 | INFO     | ss_crawler | [crawler] [crawler] Fetching : https://www.ss.com/msg/lv/electronics/computers/completing-pc/ssd/ccpjxj.html
2026-04-25 23:27:13 | INFO     | ss_crawler | [ssd_scraper] [ssd_scraper] Matched ccpjxj: Crucial P310 (100% confidence)
2026-04-25 23:27:13 | INFO     | ss_crawler | [crawler] [crawler] Fetching : https://www.ss.com/msg/lv/electronics/computers/completing-pc/ssd/bedcbh.html
2026-04-25 23:27:16 | INFO     | ss_crawler | [ssd_scraper] [ssd_scraper] Matched bedcbh: Samsung 990 EVO (100% confidence)
2026-04-25 23:27:16 | INFO     | ss_crawler | [crawler] [crawler] Fetching : https://www.ss.com/msg/lv/electronics/computers/completing-pc/ssd/bdkkjl.html
2026-04-25 23:27:19 | INFO     | ss_crawler | [ssd_scraper] [ssd_scraper] Matched bdkkjl: Samsung 860 Pro (100% confidence)
2026-04-25 23:27:19 | INFO     | ss_crawler | [ssd_scraper] [ssd_scraper] Next page URL: https://www.ss.com/ru/electronics/computers/completing-pc/ssd/page2.html
2026-04-25 23:27:19 | INFO     | ss_crawler | [ssd_scraper] [ssd_scraper] Fetching page 3: https://www.ss.com/ru/electronics/computers/completing-pc/ssd/page2.html
2026-04-25 23:27:19 | INFO     | ss_crawler | [crawler] [crawler] Fetching : https://www.ss.com/ru/electronics/computers/completing-pc/ssd/page2.html
2026-04-25 23:27:21 | INFO     | ss_crawler | [ssd_scraper] [ssd_scraper] Found 32 listings on page 3, 32 new
2026-04-25 23:27:21 | INFO     | ss_crawler | [crawler] [crawler] Fetching : https://www.ss.com/msg/ru/electronics/computers/completing-pc/ssd/cgkpie.html
2026-04-25 23:27:23 | INFO     | ss_crawler | [ssd_scraper] [ssd_scraper] Matched cgkpie: Gigabyte SSD (60% confidence)
2026-04-25 23:27:23 | INFO     | ss_crawler | [crawler] [crawler] Fetching : https://www.ss.com/msg/ru/electronics/computers/completing-pc/ssd/cgkpie.html
2026-04-25 23:27:26 | INFO     | ss_crawler | [ssd_scraper] [ssd_scraper] Matched cgkpie: Gigabyte SSD (60% confidence)
2026-04-25 23:27:26 | INFO     | ss_crawler | [crawler] [crawler] Fetching : https://www.ss.com/msg/ru/electronics/computers/completing-pc/ssd/cgkpie.html
2026-04-25 23:27:29 | INFO     | ss_crawler | [ssd_scraper] [ssd_scraper] Matched cgkpie: Gigabyte SSD (60% confidence)
2026-04-25 23:27:29 | INFO     | ss_crawler | [crawler] [crawler] Fetching : https://www.ss.com/msg/ru/electronics/computers/completing-pc/ssd/mhngk.html
2026-04-25 23:27:31 | INFO     | ss_crawler | [ssd_scraper] [ssd_scraper] Matched mhngk: Gigabyte SSD (60% confidence)
2026-04-25 23:27:31 | INFO     | ss_crawler | [crawler] [crawler] Fetching : https://www.ss.com/msg/ru/electronics/computers/completing-pc/ssd/bxpkbg.html
2026-04-25 23:27:34 | INFO     | ss_crawler | [ssd_scraper] [ssd_scraper] Matched bxpkbg: Gigabyte SSD (60% confidence)
2026-04-25 23:27:34 | INFO     | ss_crawler | [crawler] [crawler] Fetching : https://www.ss.com/msg/ru/electronics/computers/completing-pc/ssd/bohhkd.html
2026-04-25 23:27:37 | INFO     | ss_crawler | [ssd_scraper] [ssd_scraper] Matched bohhkd: Gigabyte SSD (60% confidence)
2026-04-25 23:27:37 | INFO     | ss_crawler | [crawler] [crawler] Fetching : https://www.ss.com/msg/ru/electronics/computers/completing-pc/ssd/bommeh.html
2026-04-25 23:27:39 | INFO     | ss_crawler | [ssd_scraper] [ssd_scraper] Matched bommeh: Kingston NV2 (100% confidence)
2026-04-25 23:27:39 | INFO     | ss_crawler | [crawler] [crawler] Fetching : https://www.ss.com/msg/ru/electronics/computers/completing-pc/ssd/boeccm.html
2026-04-25 23:27:42 | INFO     | ss_crawler | [ssd_scraper] [ssd_scraper] Matched boeccm: Kingston NV1 (80% confidence)
2026-04-25 23:27:42 | INFO     | ss_crawler | [crawler] [crawler] Fetching : https://www.ss.com/msg/ru/electronics/computers/completing-pc/ssd/bolkkf.html
2026-04-25 23:27:44 | INFO     | ss_crawler | [ssd_scraper] [ssd_scraper] Matched bolkkf: Kingston NV1 (80% confidence)
2026-04-25 23:27:44 | INFO     | ss_crawler | [crawler] [crawler] Fetching : https://www.ss.com/msg/ru/electronics/computers/completing-pc/ssd/beexod.html
2026-04-25 23:27:46 | INFO     | ss_crawler | [ssd_scraper] [ssd_scraper] Matched beexod: Samsung T5 (82% confidence)
2026-04-25 23:27:46 | INFO     | ss_crawler | [crawler] [crawler] Fetching : https://www.ss.com/msg/ru/electronics/computers/completing-pc/ssd/bdccbl.html
2026-04-25 23:27:48 | INFO     | ss_crawler | [ssd_scraper] [ssd_scraper] Matched bdccbl: Kingston A400 (100% confidence)
2026-04-25 23:27:48 | INFO     | ss_crawler | [crawler] [crawler] Fetching : https://www.ss.com/msg/ru/electronics/computers/completing-pc/ssd/bdhgeg.html
2026-04-25 23:27:50 | INFO     | ss_crawler | [ssd_scraper] [ssd_scraper] Matched bdhgeg: Crucial P3 (100% confidence)
2026-04-25 23:27:50 | INFO     | ss_crawler | [crawler] [crawler] Fetching : https://www.ss.com/msg/ru/electronics/computers/completing-pc/ssd/bedcbg.html
2026-04-25 23:27:53 | INFO     | ss_crawler | [ssd_scraper] [ssd_scraper] Matched bedcbg: Intel 545s (67% confidence)
2026-04-25 23:27:53 | INFO     | ss_crawler | [crawler] [crawler] Fetching : https://www.ss.com/msg/ru/electronics/computers/completing-pc/ssd/bomnhg.html
2026-04-25 23:27:57 | INFO     | ss_crawler | [ssd_scraper] [ssd_scraper] Matched bomnhg: Gigabyte SSD (60% confidence)
2026-04-25 23:27:57 | INFO     | ss_crawler | [crawler] [crawler] Fetching : https://www.ss.com/msg/ru/electronics/computers/completing-pc/ssd/ccipee.html
2026-04-25 23:28:00 | INFO     | ss_crawler | [ssd_scraper] [ssd_scraper] Matched ccipee: Crucial T705 (100% confidence)
2026-04-25 23:28:00 | INFO     | ss_crawler | [crawler] [crawler] Fetching : https://www.ss.com/msg/ru/electronics/computers/completing-pc/ssd/cclgpp.html
2026-04-25 23:28:03 | INFO     | ss_crawler | [ssd_scraper] [ssd_scraper] Matched cclgpp: Samsung T5 EVO (100% confidence)
2026-04-25 23:28:03 | INFO     | ss_crawler | [crawler] [crawler] Fetching : https://www.ss.com/msg/ru/electronics/computers/completing-pc/ssd/ccimol.html
2026-04-25 23:28:06 | INFO     | ss_crawler | [ssd_scraper] [ssd_scraper] Matched ccimol: Crucial T710 (100% confidence)
2026-04-25 23:28:06 | INFO     | ss_crawler | [crawler] [crawler] Fetching : https://www.ss.com/msg/ru/electronics/computers/completing-pc/ssd/cdlbkj.html
2026-04-25 23:28:08 | INFO     | ss_crawler | [ssd_scraper] [ssd_scraper] Matched cdlbkj: WD SN7100 (100% confidence)
2026-04-25 23:28:08 | INFO     | ss_crawler | [crawler] [crawler] Fetching : https://www.ss.com/msg/ru/electronics/computers/completing-pc/ssd/cdxmpx.html
2026-04-25 23:28:12 | INFO     | ss_crawler | [ssd_scraper] [ssd_scraper] Matched cdxmpx: Samsung 9100 Pro (100% confidence)
2026-04-25 23:28:12 | INFO     | ss_crawler | [crawler] [crawler] Fetching : https://www.ss.com/msg/ru/electronics/computers/completing-pc/ssd/bpnidc.html
2026-04-25 23:28:14 | INFO     | ss_crawler | [ssd_scraper] [ssd_scraper] Matched bpnidc: Samsung 990 EVO (100% confidence)
2026-04-25 23:28:14 | INFO     | ss_crawler | [crawler] [crawler] Fetching : https://www.ss.com/msg/ru/electronics/computers/completing-pc/ssd/pxbnf.html
2026-04-25 23:28:17 | INFO     | ss_crawler | [ssd_scraper] [ssd_scraper] Matched pxbnf: Samsung 990 Pro (100% confidence)
2026-04-25 23:28:17 | INFO     | ss_crawler | [crawler] [crawler] Fetching : https://www.ss.com/msg/ru/electronics/computers/completing-pc/ssd/mdchk.html
2026-04-25 23:28:19 | INFO     | ss_crawler | [ssd_scraper] [ssd_scraper] Matched mdchk: Samsung 9100 Pro (100% confidence)
2026-04-25 23:28:19 | INFO     | ss_crawler | [crawler] [crawler] Fetching : https://www.ss.com/msg/ru/electronics/computers/completing-pc/ssd/bikpbd.html
2026-04-25 23:28:22 | INFO     | ss_crawler | [ssd_scraper] [ssd_scraper] Matched bikpbd: Samsung T5 (82% confidence)
2026-04-25 23:28:22 | INFO     | ss_crawler | [crawler] [crawler] Fetching : https://www.ss.com/msg/ru/electronics/computers/completing-pc/ssd/bebobc.html
2026-04-25 23:28:25 | INFO     | ss_crawler | [ssd_scraper] [ssd_scraper] Matched bebobc: Intel 545s (67% confidence)
2026-04-25 23:28:25 | INFO     | ss_crawler | [crawler] [crawler] Fetching : https://www.ss.com/msg/ru/electronics/computers/completing-pc/ssd/bommeg.html
2026-04-25 23:28:28 | INFO     | ss_crawler | [ssd_scraper] [ssd_scraper] Matched bommeg: Kingston NV1 (80% confidence)
2026-04-25 23:28:28 | INFO     | ss_crawler | [crawler] [crawler] Fetching : https://www.ss.com/msg/ru/electronics/computers/completing-pc/ssd/ccgbnd.html
2026-04-25 23:28:30 | INFO     | ss_crawler | [ssd_scraper] [ssd_scraper] Matched ccgbnd: Kingston A400 (100% confidence)
2026-04-25 23:28:30 | INFO     | ss_crawler | [crawler] [crawler] Fetching : https://www.ss.com/msg/ru/electronics/computers/completing-pc/ssd/ccjmpg.html
2026-04-25 23:28:33 | INFO     | ss_crawler | [ssd_scraper] [ssd_scraper] Matched ccjmpg: Samsung T5 EVO (100% confidence)
2026-04-25 23:28:33 | INFO     | ss_crawler | [crawler] [crawler] Fetching : https://www.ss.com/msg/ru/electronics/computers/completing-pc/ssd/ccnpef.html
2026-04-25 23:28:35 | INFO     | ss_crawler | [ssd_scraper] [ssd_scraper] Matched ccnpef: Kingston NV2 (100% confidence)
2026-04-25 23:28:35 | INFO     | ss_crawler | [crawler] [crawler] Fetching : https://www.ss.com/msg/ru/electronics/computers/completing-pc/ssd/odkpc.html
2026-04-25 23:28:38 | INFO     | ss_crawler | [ssd_scraper] [ssd_scraper] Matched odkpc: Gigabyte SSD (60% confidence)
2026-04-25 23:28:38 | INFO     | ss_crawler | [crawler] [crawler] Fetching : https://www.ss.com/msg/ru/electronics/computers/completing-pc/ssd/ccpjxj.html
2026-04-25 23:28:41 | INFO     | ss_crawler | [ssd_scraper] [ssd_scraper] Matched ccpjxj: Crucial P310 (100% confidence)
2026-04-25 23:28:41 | INFO     | ss_crawler | [crawler] [crawler] Fetching : https://www.ss.com/msg/ru/electronics/computers/completing-pc/ssd/bedcbh.html
2026-04-25 23:28:45 | INFO     | ss_crawler | [ssd_scraper] [ssd_scraper] Matched bedcbh: Samsung 990 EVO (100% confidence)
2026-04-25 23:28:45 | INFO     | ss_crawler | [crawler] [crawler] Fetching : https://www.ss.com/msg/ru/electronics/computers/completing-pc/ssd/bdkkjl.html
2026-04-25 23:28:47 | INFO     | ss_crawler | [ssd_scraper] [ssd_scraper] Matched bdkkjl: Samsung T5 (82% confidence)
2026-04-25 23:28:47 | INFO     | ss_crawler | [ssd_scraper] [ssd_scraper] Next page URL: https://www.ss.com/lv/electronics/computers/completing-pc/ssd/page2.html
2026-04-25 23:28:47 | INFO     | ss_crawler | [ssd_scraper] [ssd_scraper] Fetching page 4: https://www.ss.com/lv/electronics/computers/completing-pc/ssd/page2.html
2026-04-25 23:28:47 | INFO     | ss_crawler | [crawler] [crawler] Fetching : https://www.ss.com/lv/electronics/computers/completing-pc/ssd/page2.html
2026-04-25 23:28:49 | INFO     | ss_crawler | [ssd_scraper] [ssd_scraper] Found 32 listings on page 4, 0 new
2026-04-25 23:28:49 | INFO     | ss_crawler | [ssd_scraper] [ssd_scraper] Next page URL: https://www.ss.com/ru/electronics/computers/completing-pc/ssd/page2.html
2026-04-25 23:28:49 | INFO     | ss_crawler | [ssd_scraper] [ssd_scraper] Fetching page 5: https://www.ss.com/ru/electronics/computers/completing-pc/ssd/page2.html
2026-04-25 23:28:49 | INFO     | ss_crawler | [crawler] [crawler] Fetching : https://www.ss.com/ru/electronics/computers/completing-pc/ssd/page2.html
2026-04-25 23:28:52 | INFO     | ss_crawler | [ssd_scraper] [ssd_scraper] Found 32 listings on page 5, 0 new
2026-04-25 23:28:52 | INFO     | ss_crawler | [ssd_scraper] [ssd_scraper] Next page URL: https://www.ss.com/lv/electronics/computers/completing-pc/ssd/page2.html
2026-04-25 23:28:52 | INFO     | ss_crawler | [ssd_scraper] [ssd_scraper] Reached max pages limit (5)
2026-04-25 23:28:52 | INFO     | ss_crawler | [ssd_scraper] [ssd_scraper] SSD scraping complete. Stats: {'processed': 96, 'new': 34, 'updated': 58, 'unchanged': 4, 'failed': 0, 'matched': 89}
2026-04-25 23:53:01 | INFO     | ss_crawler | [ssd_scraper] [ssd_scraper] Initializing SSD scraper...
2026-04-25 23:53:01 | INFO     | ss_crawler | [database] [database] Database connected: localhost:5433/ss_market
2026-04-25 23:53:01 | INFO     | ss_crawler | [ssd_scraper] [ssd_scraper] Database: postgresql+psycopg2://crawler:crawler_pass@localhost:5433/ss_market
2026-04-25 23:53:01 | INFO     | ss_crawler | [ssd_matcher] [ssd_matcher] SSDMatcher initialized with 2450 SSDs
2026-04-25 23:53:01 | INFO     | ss_crawler | [ssd_scraper] [ssd_scraper] Loaded 2450 SSD references
2026-04-25 23:55:25 | INFO     | ss_crawler | [ssd_scraper] [ssd_scraper] Initializing SSD scraper...
2026-04-25 23:55:25 | INFO     | ss_crawler | [database] [database] Database connected: localhost:5433/ss_market
2026-04-25 23:55:25 | INFO     | ss_crawler | [ssd_scraper] [ssd_scraper] Database: postgresql+psycopg2://crawler:crawler_pass@localhost:5433/ss_market
2026-04-25 23:55:25 | INFO     | ss_crawler | [ssd_matcher] [ssd_matcher] SSDMatcher initialized with 2450 SSDs
2026-04-25 23:55:25 | INFO     | ss_crawler | [ssd_scraper] [ssd_scraper] Loaded 2450 SSD references
2026-04-25 23:55:25 | INFO     | ss_crawler | [ssd_scraper] [ssd_scraper] Starting SSD scraper from https://www.ss.com/lv/electronics/computers/completing-pc/ssd/
2026-04-25 23:55:25 | INFO     | ss_crawler | [ssd_scraper] [ssd_scraper] Fetching page 1: https://www.ss.com/lv/electronics/computers/completing-pc/ssd/
2026-04-25 23:55:25 | INFO     | ss_crawler | [crawler] [crawler] Fetching : https://www.ss.com/lv/electronics/computers/completing-pc/ssd/
2026-04-25 23:55:28 | INFO     | ss_crawler | [ssd_scraper] [ssd_scraper] Found 32 listings on page 1, 32 new
2026-04-25 23:55:28 | INFO     | ss_crawler | [crawler] [crawler] Fetching : https://www.ss.com/msg/lv/electronics/computers/completing-pc/ssd/bomngi.html
2026-04-25 23:55:30 | INFO     | ss_crawler | [ssd_scraper] [ssd_scraper] Matched bomngi: Kingston A400 (100% confidence)
2026-04-25 23:55:30 | INFO     | ss_crawler | [ssd_scraper] [ssd_scraper] 🔄 bomngi: Updated
2026-04-25 23:55:30 | INFO     | ss_crawler | [crawler] [crawler] Fetching : https://www.ss.com/msg/lv/electronics/computers/completing-pc/ssd/bomngi.html
2026-04-25 23:55:32 | INFO     | ss_crawler | [ssd_scraper] [ssd_scraper] Matched bomngi: Kingston A400 (100% confidence)
2026-04-25 23:55:32 | INFO     | ss_crawler | [ssd_scraper] [ssd_scraper] 🔄 bomngi: Updated
2026-04-25 23:55:32 | INFO     | ss_crawler | [crawler] [crawler] Fetching : https://www.ss.com/msg/lv/electronics/computers/completing-pc/ssd/bomngi.html
2026-04-25 23:55:36 | INFO     | ss_crawler | [ssd_scraper] [ssd_scraper] Matched bomngi: Kingston A400 (100% confidence)
2026-04-25 23:55:36 | INFO     | ss_crawler | [ssd_scraper] [ssd_scraper] 🔄 bomngi: Updated
2026-04-25 23:55:36 | INFO     | ss_crawler | [crawler] [crawler] Fetching : https://www.ss.com/msg/lv/electronics/computers/completing-pc/ssd/bopogj.html
2026-04-25 23:55:39 | INFO     | ss_crawler | [ssd_scraper] [ssd_scraper] Matched bopogj: ADATA SU800/SX850 (100% confidence)
2026-04-25 23:55:39 | INFO     | ss_crawler | [ssd_scraper] [ssd_scraper] 🔄 bopogj: Updated
2026-04-25 23:55:39 | INFO     | ss_crawler | [crawler] [crawler] Fetching : https://www.ss.com/msg/lv/electronics/computers/completing-pc/ssd/bojpof.html
2026-04-25 23:55:42 | INFO     | ss_crawler | [ssd_scraper] [ssd_scraper] Matched bojpof: Kingston A400 (100% confidence)
2026-04-25 23:55:42 | INFO     | ss_crawler | [ssd_scraper] [ssd_scraper] 🔄 bojpof: Updated
2026-04-25 23:55:42 | INFO     | ss_crawler | [crawler] [crawler] Fetching : https://www.ss.com/msg/lv/electronics/computers/completing-pc/ssd/bbbffd.html
2026-04-25 23:55:44 | INFO     | ss_crawler | [ssd_scraper] [ssd_scraper] Matched bbbffd: Kingston A400 (94% confidence)
2026-04-25 23:55:44 | INFO     | ss_crawler | [ssd_scraper] [ssd_scraper] ⏸️ bbbffd: Unchanged
2026-04-25 23:55:44 | INFO     | ss_crawler | [crawler] [crawler] Fetching : https://www.ss.com/msg/lv/electronics/computers/completing-pc/ssd/bomnbl.html
2026-04-25 23:55:45 | INFO     | ss_crawler | [ssd_scraper] [ssd_scraper] Matched bomnbl: Samsung 980 (100% confidence)
2026-04-25 23:55:45 | INFO     | ss_crawler | [ssd_scraper] [ssd_scraper] 🔄 bomnbl: Updated
2026-04-25 23:55:45 | INFO     | ss_crawler | [crawler] [crawler] Fetching : https://www.ss.com/msg/lv/electronics/computers/completing-pc/ssd/cglcmb.html
2026-04-25 23:55:48 | INFO     | ss_crawler | [ssd_scraper] [ssd_scraper] Matched cglcmb: Samsung 860 Pro (100% confidence)
2026-04-25 23:55:48 | INFO     | ss_crawler | [ssd_scraper] [ssd_scraper] 🔄 cglcmb: Updated
2026-04-25 23:55:48 | INFO     | ss_crawler | [crawler] [crawler] Fetching : https://www.ss.com/msg/lv/electronics/computers/completing-pc/ssd/bdniph.html
2026-04-25 23:55:50 | INFO     | ss_crawler | [ssd_scraper] [ssd_scraper] Matched bdniph: Samsung 870 QVO (100% confidence)
2026-04-25 23:55:50 | INFO     | ss_crawler | [ssd_scraper] [ssd_scraper] 🔄 bdniph: Updated
2026-04-25 23:55:50 | INFO     | ss_crawler | [crawler] [crawler] Fetching : https://www.ss.com/msg/lv/electronics/computers/completing-pc/ssd/ccgbox.html
2026-04-25 23:55:54 | INFO     | ss_crawler | [ssd_scraper] [ssd_scraper] Matched ccgbox: Samsung 870 QVO (100% confidence)
2026-04-25 23:55:54 | INFO     | ss_crawler | [ssd_scraper] [ssd_scraper] 🔄 ccgbox: Updated
2026-04-25 23:55:54 | INFO     | ss_crawler | [crawler] [crawler] Fetching : https://www.ss.com/msg/lv/electronics/computers/completing-pc/ssd/cdpnkm.html
2026-04-25 23:55:56 | INFO     | ss_crawler | [ssd_scraper] [ssd_scraper] Matched cdpnkm: Kingston NV2 (100% confidence)
2026-04-25 23:55:56 | INFO     | ss_crawler | [ssd_scraper] [ssd_scraper] 🔄 cdpnkm: Updated
2026-04-25 23:55:56 | INFO     | ss_crawler | [crawler] [crawler] Fetching : https://www.ss.com/msg/lv/electronics/computers/completing-pc/ssd/cgknmp.html
2026-04-25 23:56:00 | INFO     | ss_crawler | [ssd_scraper] [ssd_scraper] Matched cgknmp: Kingston NV3 (100% confidence)
2026-04-25 23:56:00 | INFO     | ss_crawler | [ssd_scraper] [ssd_scraper] 🔄 cgknmp: Updated
2026-04-25 23:56:00 | INFO     | ss_crawler | [crawler] [crawler] Fetching : https://www.ss.com/msg/lv/electronics/computers/completing-pc/ssd/cglxno.html
2026-04-25 23:56:02 | INFO     | ss_crawler | [ssd_scraper] [ssd_scraper] Matched cglxno: Crucial MX500 (100% confidence)
2026-04-25 23:56:02 | INFO     | ss_crawler | [ssd_scraper] [ssd_scraper] 🔄 cglxno: Updated
2026-04-25 23:56:02 | INFO     | ss_crawler | [crawler] [crawler] Fetching : https://www.ss.com/msg/lv/electronics/computers/completing-pc/ssd/bompdg.html
2026-04-25 23:56:04 | INFO     | ss_crawler | [ssd_scraper] [ssd_scraper] Matched bompdg: Kingston A400 (100% confidence)
2026-04-25 23:56:04 | INFO     | ss_crawler | [ssd_scraper] [ssd_scraper] ⏸️ bompdg: Unchanged
2026-04-25 23:56:04 | INFO     | ss_crawler | [crawler] [crawler] Fetching : https://www.ss.com/msg/lv/electronics/computers/completing-pc/ssd/boncfe.html
2026-04-25 23:56:07 | INFO     | ss_crawler | [ssd_scraper] [ssd_scraper] Matched boncfe: Kingston A400 (100% confidence)
2026-04-25 23:56:07 | INFO     | ss_crawler | [ssd_scraper] [ssd_scraper] ⏸️ boncfe: Unchanged
2026-04-25 23:56:07 | INFO     | ss_crawler | [crawler] [crawler] Fetching : https://www.ss.com/msg/lv/electronics/computers/completing-pc/ssd/bfhxex.html
2026-04-25 23:56:11 | INFO     | ss_crawler | [ssd_scraper] [ssd_scraper] Matched bfhxex: Gigabyte NVMe (100% confidence)
2026-04-25 23:56:11 | INFO     | ss_crawler | [ssd_scraper] [ssd_scraper] ⏸️ bfhxex: Unchanged
2026-04-25 23:56:11 | INFO     | ss_crawler | [crawler] [crawler] Fetching : https://www.ss.com/msg/lv/electronics/computers/completing-pc/ssd/cdejcp.html
2026-04-25 23:56:14 | INFO     | ss_crawler | [ssd_scraper] [ssd_scraper] Matched cdejcp: Kingston A400 (100% confidence)
2026-04-25 23:56:14 | INFO     | ss_crawler | [ssd_scraper] [ssd_scraper] ⏸️ cdejcp: Unchanged
2026-04-25 23:56:14 | INFO     | ss_crawler | [crawler] [crawler] Fetching : https://www.ss.com/msg/lv/electronics/computers/completing-pc/ssd/cglbhb.html
2026-04-25 23:56:16 | INFO     | ss_crawler | [ssd_scraper] [ssd_scraper] Matched cglbhb: Samsung 860 Pro (100% confidence)
2026-04-25 23:56:16 | INFO     | ss_crawler | [ssd_scraper] [ssd_scraper] ⏸️ cglbhb: Unchanged
2026-04-25 23:56:16 | INFO     | ss_crawler | [crawler] [crawler] Fetching : https://www.ss.com/msg/lv/electronics/computers/completing-pc/ssd/beexml.html
2026-04-25 23:56:18 | INFO     | ss_crawler | [ssd_scraper] [ssd_scraper] Matched beexml: WD SN850X (100% confidence)
2026-04-25 23:56:18 | INFO     | ss_crawler | [ssd_scraper] [ssd_scraper] 🔄 beexml: Updated
2026-04-25 23:56:18 | INFO     | ss_crawler | [crawler] [crawler] Fetching : https://www.ss.com/msg/lv/electronics/computers/completing-pc/ssd/ccgbnf.html
2026-04-25 23:56:20 | INFO     | ss_crawler | [ssd_scraper] [ssd_scraper] Matched ccgbnf: Samsung 860 Pro (100% confidence)
2026-04-25 23:56:20 | INFO     | ss_crawler | [ssd_scraper] [ssd_scraper] ⏸️ ccgbnf: Unchanged
2026-04-25 23:56:20 | INFO     | ss_crawler | [crawler] [crawler] Fetching : https://www.ss.com/msg/lv/electronics/computers/completing-pc/ssd/bogfhk.html
2026-04-25 23:56:22 | INFO     | ss_crawler | [ssd_scraper] [ssd_scraper] Matched bogfhk: Samsung 870 EVO (100% confidence)
2026-04-25 23:56:22 | INFO     | ss_crawler | [ssd_scraper] [ssd_scraper] ⏸️ bogfhk: Unchanged
2026-04-25 23:56:22 | INFO     | ss_crawler | [crawler] [crawler] Fetching : https://www.ss.com/msg/lv/electronics/computers/completing-pc/ssd/cgkcie.html
2026-04-25 23:56:25 | INFO     | ss_crawler | [ssd_scraper] [ssd_scraper] Matched cgkcie: Samsung 990 EVO (100% confidence)
2026-04-25 23:56:25 | INFO     | ss_crawler | [ssd_scraper] [ssd_scraper] 🔄 cgkcie: Updated
2026-04-25 23:56:25 | INFO     | ss_crawler | [crawler] [crawler] Fetching : https://www.ss.com/msg/lv/electronics/computers/completing-pc/ssd/cglxfd.html
2026-04-25 23:56:29 | INFO     | ss_crawler | [ssd_scraper] [ssd_scraper] Matched cglxfd: Kingston NV3 (100% confidence)
2026-04-25 23:56:29 | INFO     | ss_crawler | [ssd_scraper] [ssd_scraper] 🔄 cglxfd: Updated
2026-04-25 23:56:29 | INFO     | ss_crawler | [crawler] [crawler] Fetching : https://www.ss.com/msg/lv/electronics/computers/completing-pc/ssd/bigkxn.html
2026-04-25 23:56:31 | INFO     | ss_crawler | [ssd_scraper] [ssd_scraper] Matched bigkxn: Lexar NM790 (100% confidence)
2026-04-25 23:56:31 | INFO     | ss_crawler | [ssd_scraper] [ssd_scraper] 🔄 bigkxn: Updated
2026-04-25 23:56:31 | INFO     | ss_crawler | [crawler] [crawler] Fetching : https://www.ss.com/msg/lv/electronics/computers/completing-pc/ssd/bommhn.html
2026-04-25 23:56:32 | INFO     | ss_crawler | [ssd_scraper] [ssd_scraper] Matched bommhn: Crucial MX500 (100% confidence)
2026-04-25 23:56:32 | INFO     | ss_crawler | [ssd_scraper] [ssd_scraper] 🔄 bommhn: Updated
2026-04-25 23:56:32 | INFO     | ss_crawler | [crawler] [crawler] Fetching : https://www.ss.com/msg/lv/electronics/computers/completing-pc/ssd/ccilhn.html
2026-04-25 23:56:34 | INFO     | ss_crawler | [ssd_scraper] [ssd_scraper] Matched ccilhn: Kingston A400 (100% confidence)
2026-04-25 23:56:34 | INFO     | ss_crawler | [ssd_scraper] [ssd_scraper] ⏸️ ccilhn: Unchanged
2026-04-25 23:56:34 | INFO     | ss_crawler | [crawler] [crawler] Fetching : https://www.ss.com/msg/lv/electronics/computers/completing-pc/ssd/cgkddo.html
2026-04-25 23:58:30 | INFO     | ss_crawler | [ssd_scraper] [ssd_scraper] Initializing SSD scraper...
2026-04-25 23:58:30 | INFO     | ss_crawler | [database] [database] Database connected: localhost:5433/ss_market
2026-04-25 23:58:30 | INFO     | ss_crawler | [ssd_scraper] [ssd_scraper] Database: postgresql+psycopg2://crawler:crawler_pass@localhost:5433/ss_market
2026-04-25 23:58:30 | INFO     | ss_crawler | [ssd_matcher] [ssd_matcher] SSDMatcher initialized with 2450 SSDs
2026-04-25 23:58:30 | INFO     | ss_crawler | [ssd_scraper] [ssd_scraper] Loaded 2450 SSD references
2026-04-25 23:58:30 | INFO     | ss_crawler | [ssd_scraper] [ssd_scraper] Starting SSD scraper from https://www.ss.com/lv/electronics/computers/completing-pc/ssd/
2026-04-25 23:58:30 | INFO     | ss_crawler | [ssd_scraper] [ssd_scraper] Fetching page 1: https://www.ss.com/lv/electronics/computers/completing-pc/ssd/
2026-04-25 23:58:30 | INFO     | ss_crawler | [crawler] [crawler] Fetching : https://www.ss.com/lv/electronics/computers/completing-pc/ssd/
2026-04-25 23:58:33 | INFO     | ss_crawler | [ssd_scraper] [ssd_scraper] Found 32 listings on page 1, 32 new
2026-04-25 23:58:33 | INFO     | ss_crawler | [crawler] [crawler] Fetching : https://www.ss.com/msg/lv/electronics/computers/completing-pc/ssd/bomngi.html
2026-04-25 23:58:36 | INFO     | ss_crawler | [ssd_scraper] [ssd_scraper] Matched bomngi: Kingston A400 (100% confidence)
2026-04-25 23:58:36 | INFO     | ss_crawler | [ssd_scraper] [ssd_scraper] 🔄 bomngi: Updated
2026-04-25 23:58:36 | INFO     | ss_crawler | [crawler] [crawler] Fetching : https://www.ss.com/msg/lv/electronics/computers/completing-pc/ssd/bomngi.html
2026-04-25 23:58:39 | INFO     | ss_crawler | [ssd_scraper] [ssd_scraper] Matched bomngi: Kingston A400 (100% confidence)
2026-04-25 23:58:39 | INFO     | ss_crawler | [ssd_scraper] [ssd_scraper] 🔄 bomngi: Updated
2026-04-25 23:58:39 | INFO     | ss_crawler | [crawler] [crawler] Fetching : https://www.ss.com/msg/lv/electronics/computers/completing-pc/ssd/bomngi.html
2026-04-25 23:58:41 | INFO     | ss_crawler | [ssd_scraper] [ssd_scraper] Matched bomngi: Kingston A400 (100% confidence)
2026-04-25 23:58:41 | INFO     | ss_crawler | [ssd_scraper] [ssd_scraper] 🔄 bomngi: Updated
2026-04-25 23:58:41 | INFO     | ss_crawler | [crawler] [crawler] Fetching : https://www.ss.com/msg/lv/electronics/computers/completing-pc/ssd/bopogj.html
2026-04-25 23:58:44 | INFO     | ss_crawler | [ssd_scraper] [ssd_scraper] Matched bopogj: ADATA SU800/SX850 (100% confidence)
2026-04-25 23:58:44 | INFO     | ss_crawler | [ssd_scraper] [ssd_scraper] 🔄 bopogj: Updated
2026-04-25 23:58:44 | INFO     | ss_crawler | [crawler] [crawler] Fetching : https://www.ss.com/msg/lv/electronics/computers/completing-pc/ssd/bojpof.html
