Name,Type,Color,Power Supply,Side Panel,External volume,"Internal 3.5"" bays",Rating,Price
Montech XR,ATX Mid Tower,Black,None,Tempered Glass,45,2,81,69.9
Phanteks XT PRO,ATX Mid Tower,Black,None,Tempered Glass,51.8,2,15,52.98
Lian Li Vector V100R,ATX Mid Tower,Black,None,Tempered Glass,53.2,1,19,74.99
Corsair 3500X ARGB,ATX Mid Tower,White,None,Tempered Glass,55.9,2,11,119.99
NZXT H5 Flow ,ATX Mid Tower,Black,None,Tempered Glass,45,1,17,84.99
Lian Li O11 VISION COMPACT,ATX Mid Tower,Black,None,Tempered Glass,57.4,2,30,114.99
Lian Li O11 VISION COMPACT,ATX Mid Tower,White,None,Tempered Glass,57.4,2,31,124.99
HYTE Y70 Touch Infinite,ATX Mid Tower,White,None,Tempered Glass,70.7,2,6,379.99
Fractal Design North,ATX Mid Tower,Black,None,Tempered Glass,45.1,2,79,154.99
Cooler Master MasterBox Q300L,MicroATX Mini Tower,Black,None,Acrylic,33.6,1,185,39.99
Lian Li O11 Dynamic Mini V2,ATX Mid Tower,Black,None,Tempered Glass,45.4,2,16,89.99
Corsair FRAME 4000D RS ARGB,ATX Mid Tower,Black,None,Tempered Glass,56.7,2,21,89.99
Phanteks Eclipse G370A,ATX Mid Tower,Black,None,Tempered Glass,48.7,0,3,46.98
Lian Li A3-mATX,MicroATX Mini Tower,Black,None,Mesh,26.3,1,28,67.99
HYTE Y70 Touch Infinite,ATX Mid Tower,Black,None,Tempered Glass,70.7,2,9,379.99
Fractal Design North XL,ATX Full Tower,Black,None,Tinted Tempered Glass,61.4,2,22,194.99
Lian Li O11 Dynamic Mini V2,ATX Mid Tower,White,None,Tempered Glass,45.4,2,5,89.99
Lian Li O11D EVO RGB,ATX Mid Tower,Black,None,Tempered Glass,65.3,4,27,149.99
Phanteks XT PRO ULTRA,ATX Mid Tower,Black,None,Tempered Glass,51.8,2,25,69.99
NZXT H3 Flow,MicroATX Mid Tower,Black,None,Tinted Tempered Glass,35,1,16,59.99
Lian Li A3-mATX,MicroATX Mini Tower,Black / Brown,None,Mesh,26.3,1,41,89.99
NZXT H9 Flow ,ATX Mid Tower,Black,None,Tinted Tempered Glass,76.7,2,5,119.99
Lian Li VECTOR V100R MINI,MicroATX Mid Tower,Black,None,Tempered Glass,42.9,1,3,64.98
Corsair 4000D Airflow,ATX Mid Tower,Black,None,Tinted Tempered Glass,48.6,2,377,
Lian Li Lancool 207,ATX Mid Tower,Blue,None,Tempered Glass,45.5,2,32,72.99
MUSETEX Y6,ATX Mid Tower,White,None,Tempered Glass,40.9,2,4,69.98
Lian Li LANCOOL 217,ATX Mid Tower,Black / Brown,None,Tempered Glass,57.7,1,16,119.99
Fractal Design Terra,Mini ITX Desktop,Black / Brown,None,Mesh,11.4,0,26,199.99
Lian Li O11 Dynamic EVO XL,ATX Full Tower,Black,None,Tempered Glass,84.4,4,19,234.99
NZXT H6 Flow,ATX Mid Tower,Black,None,Tempered Glass,51.8,1,39,89.99
Corsair 9000D RGB AIRFLOW,ATX Full Tower,Black,None,Tempered Glass,149.6,5,1,519.99
HYTE Y70,ATX Mid Tower,White,None,Tempered Glass,70.7,2,8,193.99
Lian Li O11 Dynamic Mini V2 Flow,ATX Mid Tower,Black,None,Tempered Glass,45.4,2,9,89.99
Thermaltake Level 20,ATX Full Tower,Black / Silver,None,Tempered Glass,141,8,0,999.99
Zalman T6 Mini,MicroATX Mini Tower,Black,None,None,18.6,2,0,29.99
Lian Li Vector V100R,ATX Mid Tower,White,None,Tempered Glass,53.2,1,0,79.98
NZXT H5 Flow ,ATX Mid Tower,White,None,Tempered Glass,45,1,6,69.98
Fractal Design Pop XL Air,ATX Full Tower,Black,None,Tempered Glass,62.4,3,13,119.99
Montech AIR 903 MAX,ATX Mid Tower,Black,None,Tempered Glass,54.2,2,65,79.97
HYTE Y70,ATX Mid Tower,Black,None,Tempered Glass,70.7,2,4,199.99
NZXT H3 Flow,MicroATX Mid Tower,White,None,Tempered Glass,35,1,1,49.99
Corsair 3500X,ATX Mid Tower,Black,None,Tempered Glass,55.9,2,11,69.69
Cooler Master MasterBox NR200,Mini ITX Desktop,Black,None,None,20.3,2,50,83.99
Lian Li LANCOOL 216 RGB,ATX Mid Tower,Black,None,Tempered Glass,55.6,2,59,92.99
Jonsbo D32 PRO,MicroATX Desktop,Black,None,Tempered Glass,25.7,2,12,69.98
Corsair FRAME 4000D,ATX Mid Tower,Black,None,Tempered Glass,56.7,2,17,102.3
NZXT H6 Flow,ATX Mid Tower,White,None,Tempered Glass,51.8,1,49,79.98
Lian Li A3-mATX,MicroATX Mini Tower,Black / Brown,None,Tempered Glass,26.3,1,4,89.99
Fractal Design Terra,Mini ITX Desktop,Green / Brown,None,Mesh,11.4,0,27,199.99
Montech AIR 100 ARGB,MicroATX Mid Tower,Black,None,Tempered Glass,36.1,2,50,69.9
Silverstone ALTA F2,ATX Full Tower,Black,None,Tempered Glass,98.9,8,0,
MSI MAG FORGE 321R AIRFLOW,ATX Mid Tower,Black,None,Tempered Glass,49.4,2,2,69.98
Lian Li O11 Dynamic EVO XL,ATX Full Tower,White,None,Tempered Glass,84.4,4,4,249.99
Montech AIR 903 BASE,ATX Mid Tower,Black,None,Tempered Glass,54.2,2,16,65
Phanteks XT M3 M25,MicroATX Mid Tower,Black,None,Tempered Glass,40,1,0,50.98
BGears b-Pellucid,MicroATX Mini Tower,Black,None,Tinted Tempered Glass,36.6,1,1,52.99
Lian Li A4-H20 X4,Mini ITX Desktop,Black,None,Mesh,11.1,0,21,155.99
Fractal Design Meshify C,ATX Mid Tower,Black,None,Tinted Tempered Glass,40.6,2,301,109.99
Montech XR,ATX Mid Tower,White,None,Tempered Glass,45,2,13,71.98
Corsair 3500X RS-R ARGB,ATX Mid Tower,Black,None,Tempered Glass,55.9,2,0,79.98
NZXT H2 Flow,Mini ITX Tower,Black,None,Tempered Glass,20.7,0,1,149.99
Fractal Design Ridge PCIe 4.0,Mini ITX Tower,Black,None,Mesh,16.3,0,3,144.99
NZXT H7 Flow ,ATX Mid Tower,Black,None,Tempered Glass,62.1,2,8,99.99
Lian Li Vector V100,ATX Mid Tower,Black,None,Tempered Glass,53.2,1,1,59.99
Asus ROG Strix Helios,ATX Full Tower,Black,None,Tempered Glass,83.5,2,15,249.97
Lian Li O11D EVO RGB,ATX Mid Tower,White,None,Tempered Glass,65.3,4,13,158.99
Thermaltake View 170 ARGB,MicroATX Mini Tower,Black,None,Tempered Glass,35,1,8,64.98
Corsair 3500X ARGB,ATX Mid Tower,Black,None,Tempered Glass,55.9,2,20,119.99
Corsair 7000D AIRFLOW,ATX Full Tower,Black,None,Tempered Glass,81.8,6,19,269.99
Asus Prime AP201,MicroATX Mini Tower,Black,None,Mesh,33,3,60,89.99
Silverstone FLP02,ATX Mid Tower,White,None,None,54.1,4,0,229.99
Antec C8,ATX Full Tower,Black,None,Tempered Glass,66.9,2,14,99.99
Cooler Master Elite 302,MicroATX Mini Tower,Black,None,Tempered Glass,34.1,1,1,
Antec C5 ARGB,ATX Mid Tower,Black,None,Tempered Glass,,1,36,109.97
NZXT H9 Flow RGB+ ,ATX Mid Tower,White,None,Tempered Glass,76.7,2,2,229.99
Jonsbo C6-ITX,Mini ITX Desktop,Black,None,Mesh,15.9,1,0,65
Fractal Design North,ATX Mid Tower,White,None,Tempered Glass,45.1,2,49,154.99
Montech KING 95 PRO,ATX Mid Tower,Black,None,Tempered Glass,63,5,39,129.9
NZXT H9 Flow RGB+ ,ATX Mid Tower,Black,None,Tinted Tempered Glass,76.7,2,5,249.99
Jonsbo NV10,Mini ITX Desktop,Black / Brown,None,Mesh,4.5,0,0,
Antec FLUX PRO,ATX Full Tower,Black / Brown,None,Tempered Glass,70.8,4,8,154.99
Fractal Design Terra,Mini ITX Desktop,Silver / Brown,None,Mesh,11.4,0,13,172.99
Lian Li A3-mATX,MicroATX Mini Tower,White / Brown,None,Tempered Glass,26.3,1,8,89.99
Lian Li LANCOOL 217 INF,ATX Mid Tower,Black,None,Tempered Glass,57.7,4,5,124.99
Deepcool CG530 4F,ATX Mid Tower,Black,None,Tinted Acrylic,50,2,7,
Lian Li LANCOOL 216,ATX Mid Tower,Black,None,Tempered Glass,55.6,2,30,98.99
Jonsbo Jonsplus Z20,MicroATX Desktop,Black,None,Tempered Glass,25.3,1,19,99
Antec NX200M,MicroATX Mid Tower,Black,None,Tempered Glass,,2,7,49.99
NZXT H9 Flow ,ATX Mid Tower,White,None,Tempered Glass,76.7,2,1,119.99
Fractal Design North,ATX Mid Tower,Black,None,Mesh,45.1,2,37,154.99
Phanteks EVOLV X2,ATX Mid Tower,Black,None,Tempered Glass,60.9,2,8,119.99
Silverstone ALTA D1,ATX Full Tower,Black,None,Mesh,78.8,4,0,804.22
Lian Li O11 Dynamic Mini V2 Flow,ATX Mid Tower,White,None,Tempered Glass,45.4,2,3,99.99
HAVN BF 360 Flow,ATX Mid Tower,Black,None,Tempered Glass,68.4,2,4,229.99
Corsair FRAME 4000D RS,ATX Mid Tower,Black,None,Tempered Glass,56.7,2,5,84.99
Fractal Design Pop Air,ATX Mid Tower,Black,None,Tempered Glass,46.2,2,23,89.99
Montech X3 Mesh,ATX Mid Tower,Black,None,Tempered Glass,,2,15,69.98
HYTE Y70 Touch Infinite,ATX Mid Tower,White / Black,None,Tempered Glass,70.7,2,2,379.99
NZXT H6 Flow RGB,ATX Mid Tower,Black,None,Tempered Glass,51.8,1,17,99
Fractal Design North XL,ATX Full Tower,Black,None,Mesh,61.4,2,5,194.99
Lian Li A3-mATX,MicroATX Mini Tower,White,None,Mesh,26.3,1,10,72.98
NZXT H6 Flow RGB,ATX Mid Tower,White,None,Tempered Glass,51.8,1,18,89.99
Fractal Design Define R5,ATX Mid Tower,Black,None,None,54.2,8,63,134.99
Jonsbo N4,MicroATX Desktop,Black / Brown,None,Mesh,19.6,6,0,127.99
Deepcool CH160 PLUS,MicroATX Mini Tower,Black,None,Tempered Glass,23.7,1,0,
Lian Li O11 Vision,ATX Mid Tower,Black,None,Tempered Glass,67.8,2,19,129.99
Noctua Antec Flux Pro Noctua Edition,ATX Full Tower,Brown / Black,None,Tempered Glass,70.8,4,0,399.95
Okinos Cypress 3 Wood,MicroATX Mini Tower,Black / Brown,None,Tempered Glass,31.4,2,8,59.99
Lian Li VECTOR V100 MINI,MicroATX Mid Tower,Black,None,Tempered Glass,42.9,1,0,49.99
Jonsbo N5,ATX Full Tower,Black / Brown,None,Mesh,50.1,12,1,249.99
NZXT H510,ATX Mid Tower,White,None,Tempered Glass,41.3,2,167,
Corsair 3000D AIRFLOW,ATX Mid Tower,Black,None,Tempered Glass,49.5,2,9,
HYTE Y70,ATX Mid Tower,Pink,None,Tempered Glass,70.7,2,2,199.99
KOLINK Unity Meshbay Performance,ATX Mid Tower,Black,None,None,41,2,0,
Fractal Design Pop Air,ATX Mid Tower,Black,None,None,46.2,2,5,84.99
BGears b-Vortex-RGB,ATX Mid Tower,Black,None,Tempered Glass,38.3,2,0,46.99
Corsair FRAME 4000D RS ARGB,ATX Mid Tower,White,None,Tempered Glass,56.7,2,2,89.99
NZXT H7 Flow ,ATX Mid Tower,White,None,Tempered Glass,62.1,2,2,69.98
Phanteks XT V3,MicroATX Mini Tower,Black,None,Tempered Glass,40,1,3,56.98
Fractal Design Meshify 3,ATX Mid Tower,Black,None,Tinted Tempered Glass,50.3,2,5,154.99
Antec FLUX,ATX Mid Tower,Black / Brown,None,Tempered Glass,58.1,2,9,94.99
Fractal Design Pop Mini Air,MicroATX Mid Tower,Black,None,Tempered Glass,36.5,2,39,99.99
Fractal Design Focus G,ATX Mid Tower,Black,None,Acrylic,42.2,2,69,59.99
Fractal Design Meshify 2,ATX Mid Tower,Black,None,None,61.7,6,6,164.99
Thermaltake View 270 Plus TG ARGB,ATX Mid Tower,Black,None,Tempered Glass,47.6,2,7,69.98
Okinos Aqua 3 ARGB,MicroATX Mini Tower,Black,None,Tempered Glass,28.8,2,10,56.99
Antec FLUX M,MicroATX Mini Tower,Black,None,Tempered Glass,41.4,2,0,64.99
Deepcool CH260,MicroATX Desktop,Black,None,Tempered Glass,30.8,1,3,
Corsair 5000D AIRFLOW,ATX Mid Tower,Black,None,Tempered Glass,66.2,2,56,
Corsair AIR 5400 LX-R RGB iCUE LINK,ATX Mid Tower,Black,None,Tempered Glass,74.6,1,1,279.99
Thermaltake View 170 ARGB,MicroATX Mini Tower,White,None,Tempered Glass,35,1,6,54.99
Cooler Master MasterBox NR200P V2,Mini ITX Desktop,Black,None,Mesh,20.1,1,4,125.99
Deepcool CH160,Mini ITX Desktop,Black,None,Tempered Glass,19.1,1,10,
Montech X5,ATX Mid Tower,Black,None,Tempered Glass,51.6,2,2,64.9
GAMDIAS TALOS E3 MESH,ATX Mid Tower,White,None,Tempered Glass,34.1,2,1,49.99
MSI MAG FORGE 120A AIRFLOW,ATX Mid Tower,Black,None,Tempered Glass,43,3,2,
Fractal Design Node 804,MicroATX Mid Tower,Black,None,Acrylic,41.1,10,35,134.99
Antec C8 Wood,ATX Full Tower,Black / Brown,None,Tempered Glass,66.9,2,5,109.99
Corsair 9000D RGB AIRFLOW,ATX Full Tower,White,None,Tempered Glass,149.6,5,0,519.99
Antec C5 ARGB,ATX Mid Tower,White,None,Tempered Glass,,1,9,99.99
Fractal Design North XL,ATX Full Tower,White,None,Tempered Glass,61.4,2,7,194.99
Montech AIR 100 ARGB,MicroATX Mid Tower,White,None,Tempered Glass,36.1,2,20,59.99
HYTE Y70 Touch Infinite,ATX Mid Tower,Red / Black,None,Tempered Glass,70.7,2,0,378.99
Montech X5M,MicroATX Mini Tower,Black,None,Tempered Glass,45.3,2,6,54.9
Jonsbo NV10,Mini ITX Desktop,Silver / Brown,None,Mesh,4.5,0,1,86
Zalman CUBIX,MicroATX Mini Tower,Black,None,None,,1,0,37.99
Fractal Design Node 304,Mini ITX Tower,Black / White,None,None,19.5,6,56,109.99
NZXT H5 Flow RGB ,ATX Mid Tower,Black,None,Tempered Glass,45,1,5,99.99
Corsair FRAME 5000D RS ARGB,ATX Mid Tower,Black,None,Tempered Glass,75.3,2,1,169.99
Phanteks XT M3,MicroATX Mid Tower,Black,None,Tempered Glass,40,1,7,
Antec AX61 ELITE,ATX Mid Tower,Black,None,Tempered Glass,36.4,2,5,99.64
Fractal Design Define 7,ATX Mid Tower,Black,None,None,62.4,6,16,194.99
be quiet! Light Base 600 DX,ATX Mid Tower,Black,None,Tempered Glass,59.7,1,2,114.9
BitFenix Nova Mesh M ARGB,MicroATX Mini Tower,Black,None,Tempered Glass,31.6,2,10,49.9
MSI MAG PANO 100R PZ,ATX Mid Tower,Black,None,Tempered Glass,72.5,2,0,92.98
Fractal Design Torrent,ATX Mid Tower,Black,None,Tinted Tempered Glass,69.8,2,11,204.99
Jonsbo TK-0,Mini ITX Desktop,Black,None,Tempered Glass,16.4,1,2,133
Lian Li LANCOOL III RGB,ATX Mid Tower,Black,None,Tempered Glass,65.5,4,18,189.99
Fractal Design Ridge PCIe 4.0,Mini ITX Tower,White,None,Mesh,16.3,0,10,144.99
Corsair 3500X RS-R ARGB,ATX Mid Tower,White,None,Tempered Glass,55.9,2,1,79.98
DARKROCK EC2,ATX Mid Tower,Black,None,Tempered Glass,37.5,2,4,54.99
Phanteks NV5 MKII,ATX Mid Tower,Black,None,Tempered Glass,60.2,3,5,89.99
Asus A31,ATX Mid Tower,Black,None,Tempered Glass,52.9,2,3,62.99
Azza Fighter,ATX Mid Tower,Black,None,Tempered Glass,34.2,2,3,
Lian Li Lancool 207,ATX Mid Tower,White,None,Tempered Glass,45.5,2,12,89.99
Fractal Design Core 1100,MicroATX Mini Tower,Black,None,None,25.7,2,18,49.99
Fractal Design Define 7 XL,ATX Full Tower,Black,None,None,82,6,6,239.99
Jonsbo C6 MAX,MicroATX Desktop,Black,None,Tempered Glass,20.8,1,2,83
DIYPC DIY-mATX06-Wood,MicroATX Mini Tower,Black / Brown,None,Tempered Glass,40.4,2,1,65.91
Jonsbo N10,Mini ITX Tower,Black,None,Mesh,4.5,0,0,65
Thermaltake V100 Perforated,ATX Mid Tower,Black,None,None,36.6,2,3,49.99
be quiet! Pure Base 501 Airflow,ATX Mid Tower,Black,None,None,48.1,2,1,95.93
HAVN HS420 VGPU,ATX Mid Tower,Black,None,Tempered Glass,76.8,5,0,329.99
darkFlash DB330M,MicroATX Mini Tower,Black,None,Tempered Glass,29,1,1,66.98
Corsair 4000D Airflow,ATX Mid Tower,White,None,Tinted Tempered Glass,48.6,2,118,
Montech XR Wood,ATX Mid Tower,Black / Brown,None,Tempered Glass,49.8,2,1,69.9
NZXT H510,ATX Mid Tower,Black,None,Tempered Glass,41.3,2,143,
Antec P30 AIR,ATX Mid Tower,Black,None,Tempered Glass,49.3,2,0,67.99
Thermaltake View 380 ARGB,ATX Mid Tower,Black,None,Tinted Tempered Glass,51.6,1,2,74.99
Lian Li A4-H20 A4,Mini ITX Desktop,Silver / Black,None,Mesh,11.1,0,35,
Lian Li PC-O11 Dynamic,ATX Full Tower,White,None,Tempered Glass,54,3,140,
KOLINK STRONGHOLD,ATX Mid Tower,White / Black,None,Tempered Glass,,3,1,
Jonsbo D32 PRO MESH,MicroATX Desktop,,None,Mesh,25.7,2,3,74.98
Fractal Design Meshify 2 XL,ATX Full Tower,Black,None,Tinted Tempered Glass,81.5,6,5,219.99
Zalman T3 PLUS,MicroATX Mid Tower,Black,None,Tempered Glass,30.9,1,2,39.99
Antec C8 Curve Wood,ATX Full Tower,Black / Brown,None,Tempered Glass,66.9,1,5,149.99
Thermaltake TR100,Mini ITX Desktop,Black,None,Mesh,20.6,0,0,109.99
Fractal Design Pop Air RGB,ATX Mid Tower,Black,None,Tempered Glass,46.2,2,35,99.99
Fractal Design Focus 2,ATX Mid Tower,Black,None,Tempered Glass,45.8,2,7,74.98
MSI MAG FORGE 320R AIRFLOW,ATX Mid Tower,Black,None,Tempered Glass,49.4,2,2,
Cooler Master HAF 700 EVO,ATX Full Tower,Gray / Black,None,Tempered Glass,,12,2,482.99
Corsair 3500X CALL OF DUTY BLACK OPS 6 EDITION,ATX Mid Tower,Black / Orange,None,Tempered Glass,55.9,2,0,
MSI MAG FORGE 100R,ATX Mid Tower,Black,None,Tempered Glass,,2,26,330.51
Thermaltake S100 Snow Edition,MicroATX Mini Tower,White / Black,None,Tempered Glass,,2,19,39.64
Fractal Design North,ATX Mid Tower,White,None,Mesh,45.1,2,18,151.06
DIYPC ARGB-N5,ATX Mid Tower,Black,None,Tempered Glass,,2,0,58.97
SAMA 3509,ATX Mid Tower,White,None,Tempered Glass,41.4,2,1,54.99
Asus ProArt PA602,ATX Mid Tower,Black,None,Tempered Glass,81.4,4,6,299.99
Montech KING 95 PRO,ATX Mid Tower,White,None,Tempered Glass,63,5,20,169
Fractal Design Pop XL Silent,ATX Full Tower,Black,None,None,62.4,3,1,109.99
Asus ROG Strix Helios II Hatsune Miku Edition,ATX Mid Tower,Teal / Pink,None,Tempered Glass,83.5,2,1,429.99
DIYPC ARGB-M1,MicroATX Mini Tower,Black,None,Tempered Glass,40.8,2,2,54.94
Okinos Air Cross,ATX Mid Tower,Black / Brown,None,Tempered Glass,51.5,1,2,85.99
Fractal Design Meshify 3 XL Ambience Pro RGB,ATX Full Tower,Black,None,Tinted Tempered Glass,72.6,2,3,274.99
Thermaltake The Tower 600,ATX Mid Tower,Black,None,Tempered Glass,66.2,1,2,159.99
HYTE Y60,ATX Mid Tower,Black,None,Tempered Glass,60,2,28,159.99
Phanteks EVOLV X2,ATX Mid Tower,White,None,Tempered Glass,60.9,2,3,109.99
HAVN HS420,ATX Mid Tower,Black,None,Tempered Glass,76.8,5,4,249.99
Cooler Master MasterBox NR200,Mini ITX Desktop,White / Black,None,None,20.3,2,44,80.76
MSI MAG FORGE M100R,MicroATX Mini Tower,Black,None,Tempered Glass,32.8,2,7,
Lian Li O11 Dynamic EVO,ATX Mid Tower,Black,None,Tinted Tempered Glass,60.8,6,52,
Fractal Design Meshify 3 XL,ATX Full Tower,Black,None,None,72.6,2,1,184.99
Aerocool Prism V3 ARGB,ATX Mid Tower,Black,None,Tempered Glass,41.7,2,1,
Phanteks ECLIPSE G500A DRGB,ATX Mid Tower,White,None,Tempered Glass,61.8,2,4,59.99
Corsair FRAME 5000D RS,ATX Mid Tower,Black,None,Tempered Glass,75.3,2,0,159.99
Cooler Master Elite 301 Lite,MicroATX Mini Tower,Black,None,Tempered Glass,34.1,1,0,56.06
Asus ProArt PA602 Wood Edition,ATX Mid Tower,Black / Brown,None,Tempered Glass,81.4,4,0,289.99
HYTE Gundam Wing Y70 Touch Infinite,ATX Mid Tower,White / Gold,None,Tempered Glass,70.7,2,0,499.99
MSI MAG FORGE M100A,MicroATX Mid Tower,Black,None,Tempered Glass,32.8,2,1,
Thermaltake The Tower 300,MicroATX Mini Tower,Black,None,Tempered Glass,53,3,4,129.99
NZXT H7 Flow RGB ,ATX Mid Tower,Black,None,Tempered Glass,62.1,2,3,149.99
FormD T1 V2.1 CNC Anodized,Mini ITX Desktop,Black,None,Mesh,,0,2,
Corsair 2500X,MicroATX Mini Tower,Black,None,Tempered Glass,54.8,2,2,159.99
NZXT H9 Flow ,ATX Mid Tower,White,None,Tempered Glass,66.9,2,55,
Corsair iCUE 7000X RGB,ATX Full Tower,Black,None,Tempered Glass,81.8,6,8,359.99
Cooler Master N200,MicroATX Mini Tower,Black,None,None,33.8,2,141,59.99
Corsair iCUE 5000D RGB AIRFLOW,ATX Mid Tower,Black,None,Tempered Glass,66.2,2,8,99.99
be quiet! Light Base 900 FX,ATX Full Tower,Black,None,Tempered Glass,84.2,1,1,229.5
Corsair FRAME 4500X RS-R ARGB,ATX Mid Tower,Black,None,Tempered Glass,58.7,1,0,119
MSI MAG PANO 110R PZ,ATX Mid Tower,Black,None,Tempered Glass,45.8,4,1,79.99
NZXT H9 Flow ,ATX Mid Tower,Black,None,Tempered Glass,66.9,2,36,
Fractal Design Focus 2,ATX Mid Tower,Black,None,None,45.8,2,8,74.98
DARKROCK Classico Storage Master,ATX Mid Tower,Black,None,Mesh,,10,1,89.99
NZXT H5 Flow RGB ,ATX Mid Tower,White,None,Tempered Glass,45,1,2,95.99
MUSETEX NN8,ATX Mid Tower,Black,None,Tempered Glass,39.5,2,4,66.98
Deepcool CC560 V2,ATX Mid Tower,Black,None,Tempered Glass,44.9,2,5,
Fractal Design Meshify 3 Ambience Pro RGB,ATX Mid Tower,Black,None,Tinted Tempered Glass,50.3,2,4,191.99
Montech X3 Mesh,ATX Mid Tower,White,None,Tempered Glass,,2,4,59.99
Jonsbo C6,MicroATX Mini Tower,Black,None,Mesh,15.9,1,2,60
be quiet! Pure Base 500DX,ATX Mid Tower,Black,None,Tempered Glass,48.3,2,92,
Lian Li LANCOOL 217 INF,ATX Mid Tower,White,None,Tempered Glass,57.7,4,2,129.99
Zalman S4,ATX Mid Tower,Black,None,Tinted Acrylic,,2,1,49.98
SAMA SV01,ATX Mid Tower,Black,None,Tempered Glass,43.5,2,5,74.99
Antec C3 ARGB,ATX Mid Tower,Black,None,Tempered Glass,47.9,1,2,
Phanteks Enthoo Pro Tempered Glass,ATX Full Tower,Black,None,Tinted Tempered Glass,69.1,6,14,129.99
Corsair FRAME 4500X LX-R RGB iCUE LINK,ATX Mid Tower,Black,None,Tempered Glass,58.7,1,1,159.99
Asus TUF Gaming GT502,ATX Mid Tower,Black,None,Tempered Glass,57.2,4,4,174.99
Fractal Design North Momentum Edition,ATX Mid Tower,Black,None,Tempered Glass,45.1,2,0,179.99
Fractal Design Core 1000 USB 3.0,MicroATX Mid Tower,Black,None,None,25.8,2,38,49.99
Lian Li LANCOOL 216 RGB,ATX Mid Tower,White,None,Tempered Glass,55.6,2,26,112.99
Phanteks Enthoo Elite,ATX Full Tower,Black,None,Tinted Tempered Glass,124.5,6,3,
HYTE Y70,ATX Mid Tower,White / Black,None,Tempered Glass,70.7,2,5,199.99
Fractal Design Pop Mini Silent,MicroATX Mid Tower,Black,None,None,36.5,2,4,84.99
Mars Gaming MC-S2,MicroATX Mini Tower,White,None,Acrylic,19.5,1,0,35.99
NZXT H9 Elite,ATX Mid Tower,White,None,Tempered Glass,66.9,2,16,
Deepcool CC360 ARGB,MicroATX Mini Tower,Black,None,Tinted Tempered Glass,38.7,2,12,
Fractal Design North XL Momentum Edition,ATX Full Tower,Black,None,Tempered Glass,61.4,2,0,209.99
SAMA 3509,ATX Mid Tower,Black,None,Tempered Glass,41.4,2,2,64.98
MSI MAG PANO M100R PZ,MicroATX Mid Tower,White,None,Tempered Glass,41.9,1,5,81.99
Jonsbo N6,MicroATX Mid Tower,Black,None,Mesh,34.2,0,0,175.99
Lian Li TU150,Mini ITX Desktop,Silver,None,Tempered Glass,23.8,1,17,
Asus Prime AP201,MicroATX Mini Tower,Black,None,Tempered Glass,33,3,15,79.98
Asus TUF Gaming GT302 ARGB,ATX Mid Tower,Black,None,Tempered Glass,59.3,2,3,164.99
KOLINK Observatory MX Glass ARGB,ATX Mid Tower,Black,None,Tempered Glass,30.8,2,1,
Corsair 3000D RGB AIRFLOW,ATX Mid Tower,Black,None,Tempered Glass,49.5,2,4,124.99
Thermaltake Core P7,ATX Full Tower,Black,None,Tempered Glass,281.9,3,2,
DIYPC ARGB-G5,MicroATX Mid Tower,Black,None,Tempered Glass,,1,0,52.96
GAMDIAS ATHENA M4M,MicroATX Desktop,Black,None,Tempered Glass,36.4,1,1,79.98
Cooler Master Elite 502,ATX Mid Tower,Black,None,Tempered Glass,52.4,2,0,88.99
Montech X5M,MicroATX Mini Tower,White,None,Tempered Glass,45.3,2,0,54.9
be quiet! Light Base 600 LX,ATX Mid Tower,Black,None,Tempered Glass,59.7,1,7,133.99
HYTE REVOLT 3,Mini ITX Tower,Black,None,Mesh,18.4,1,3,99.99
Thermaltake View 270 Plus TG ARGB,ATX Mid Tower,White,None,Tempered Glass,47.6,2,4,69.98
Lian Li LANCOOL 217,ATX Mid Tower,White / Brown,None,Tempered Glass,57.7,1,3,119.99
Lian Li LANCOOL 205M MESH,MicroATX Mini Tower,Black,None,Tempered Glass,33.8,2,15,96.99
Corsair AIR 5400 RS-R ARGB,ATX Mid Tower,Black,None,Tempered Glass,74.6,1,2,204.99
be quiet! Silent Base 802,ATX Mid Tower,Black,None,None,83.8,3,2,179.78
Asus ROG Strix Helios II,ATX Mid Tower,White,None,Tempered Glass,83.5,2,0,399.99
MSI MAG FORGE 112R,ATX Mid Tower,Black,None,Tempered Glass,42.5,2,7,99.99
Corsair FRAME 4000D,ATX Mid Tower,White,None,Tempered Glass,56.7,2,1,92.75
Deepcool CH270 DIGITAL,MicroATX Mini Tower,Black,None,Tempered Glass,32.4,1,1,
HYTE Y40,ATX Mid Tower,Black,None,Tempered Glass,49.7,1,14,109.99
HAVN HS420 VGPU,ATX Mid Tower,White,None,Tempered Glass,76.8,5,3,329.99
Phanteks XT View,ATX Mid Tower,Black,None,Tempered Glass,50.6,2,7,
Cooler Master NR200P V3,Mini ITX Desktop,Black,None,Acrylic,20.4,1,0,130.99
NZXT H7 Flow RGB ,ATX Mid Tower,White,None,Tempered Glass,62.1,2,0,79.98
Cooler Master QUBE 540,ATX Mid Tower,Black,None,Tempered Glass,48.6,1,1,69.98
Jonsbo D32 PRO,MicroATX Desktop,White,None,Tempered Glass,25.7,2,3,78.98
Jonsbo N3,Mini ITX Desktop,Black,None,None,18.2,0,3,159.59
DIYPC DIY-ATX08-Wood,ATX Mid Tower,Black / Brown,None,Tempered Glass,49.3,2,0,68.91
Lian Li PC-O11 Dynamic,ATX Full Tower,Black,None,Tempered Glass,54,3,118,
Deepcool MATREXX 30,MicroATX Mini Tower,Black,None,Tempered Glass,29.6,3,24,
Lian Li O11 Dynamic EVO,ATX Mid Tower,White / Gray,None,Tempered Glass,60.8,6,42,
Corsair iCUE LINK 3500X RGB,ATX Mid Tower,Black,None,Tempered Glass,55.9,2,4,112.99
Thermaltake Versa H21,ATX Mid Tower,Black,None,None,42.8,3,18,59.98
Lian Li TU150,Mini ITX Desktop,Black,None,None,23.8,1,1,74.99
Jonsbo N2,Mini ITX Desktop,Black,None,None,11.1,5,3,
Asus Prime AP303,ATX Mid Tower,Black,None,Mesh,44.3,1,0,96.99
Montech AIR 100 LITE,MicroATX Mid Tower,Black,None,Tempered Glass,36.1,2,10,
HYTE Y40,ATX Mid Tower,White / Black,None,Tempered Glass,49.7,1,10,109.99
Deepcool CG530 4F,ATX Mid Tower,White,None,Tinted Acrylic,50,2,1,
Corsair Obsidian Series 1000D,ATX Full Tower,Black,None,Tempered Glass,149.1,5,9,
Corsair 2500X,MicroATX Mini Tower,White,None,Tempered Glass,54.8,2,5,159.99
HYTE Y60 Snow White,ATX Mid Tower,White,None,Tempered Glass,60,2,7,159.99
NZXT H9 Flow RGB ,ATX Mid Tower,White,None,Tempered Glass,76.7,2,1,139.99
Montech X5,ATX Mid Tower,White,None,Tempered Glass,51.6,2,0,64.9
Rosewill FBM-X3,MicroATX Mid Tower,Black,650 W,Tempered Glass,37,2,3,
Cooler Master Cosmos C700M,ATX Full Tower,Silver / Black,None,Tempered Glass,,4,3,577.99
Montech KING 65 PRO,ATX Mid Tower,Black,None,Tempered Glass,63,2,3,94.99
Montech AIR 903 MAX,ATX Mid Tower,White,None,Tempered Glass,54.2,2,15,79.98
Thermaltake Core W200,ATX Full Tower,Black,None,Acrylic,,4,0,499.99
Silverstone RM52,Rackmount 5U,Black,None,None,58.6,4,0,525.29
Cooler Master MasterBox TD500 Mesh V2,ATX Mid Tower,,None,Tempered Glass,52.4,2,4,102.99
Zalman T8,ATX Mid Tower,Black,None,None,33.4,2,0,48.99
Fractal Design Mood,Mini ITX Tower,Black,None,Mesh,20.4,1,1,164.99
Fractal Design Pop XL Air,ATX Full Tower,White,None,Tempered Glass,62.4,3,3,119.99
Okinos Aqua 9 ARGB,ATX Mid Tower,Black,None,Tempered Glass,54.4,1,0,116.43
Silverstone SG13,Mini ITX Tower,Black,None,None,11.5,1,45,72.73
Deepcool CH160,Mini ITX Desktop,White,None,Tempered Glass,19.1,1,2,
CyberPowerPC MASTERBOX NR640,ATX Mid Tower,Black,None,Tempered Glass,47.3,4,0,
Lian Li O11 Vision,ATX Mid Tower,White,None,Tempered Glass,67.8,2,17,
Thermaltake AX700,ATX Full Tower,Black,None,Mesh,141.4,18,0,399.99
APNX Creator C1,ATX Mid Tower,White,None,Tempered Glass,53.6,3,1,
Phanteks Enthoo Pro Closed Panel,ATX Full Tower,Black,None,None,69.1,6,9,110.99
Lian Li O11 Dynamic Mini Snow Edition,ATX Mid Tower,White,None,Tempered Glass,43,2,54,
Phanteks XT PRO ULTRA,ATX Mid Tower,White,None,Tempered Glass,51.8,2,6,79.99
Jonsbo T9,Mini ITX Desktop,Black / Brown,None,Mesh,11.3,0,0,
Aerocool P500C,ATX Mid Tower,Black,None,Tempered Glass,54,2,2,
Corsair iCUE 4000X RGB,ATX Mid Tower,Black,None,Tempered Glass,48.6,2,60,
Thermaltake Versa H18,MicroATX Mini Tower,Black,None,Tempered Glass,30.4,2,66,54.99
Thermaltake TR100,Mini ITX Desktop,Green / Black,None,Mesh,20.6,0,1,129.99
Fractal Design Torrent RGB,ATX Mid Tower,Black,None,Tinted Tempered Glass,69.8,2,13,199.99
Corsair 2000D AIRFLOW,Mini ITX Tower,Black,None,Mesh,24.8,0,4,
Thermaltake Versa H17,MicroATX Mini Tower,Black,None,None,30.4,2,27,49.99
Lian Li O11 Dynamic Mini,ATX Mid Tower,Black,None,Tempered Glass,43,2,44,
Cooler Master Q300L V2,MicroATX Mini Tower,Black,None,Tempered Glass,34.1,1,3,61.99
Montech AIR 903 BASE,ATX Mid Tower,White,None,Tempered Glass,54.2,2,8,64.9
Jonsbo Jonsplus Z20,MicroATX Desktop,Orange / Black,None,Tempered Glass,25.3,1,5,104
Silverstone FLP01,HTPC,White,None,None,27.1,1,0,
Asus Prime AP201,MicroATX Mini Tower,White,None,Mesh,33,3,17,78.98
Thermaltake The Tower 250,Mini ITX Tower,Black,None,Tempered Glass,42.7,1,3,119.99
Cooler Master MasterBox NR200P V2,Mini ITX Desktop,White,None,Mesh,20.1,1,2,131.52
Jonsbo C6-ITX,Mini ITX Desktop,White,None,Mesh,15.9,1,1,63
HYTE X50 Air,ATX Mid Tower,Black,None,Mesh,63.1,1,0,99.99
Lian Li Lancool 207 Digital,ATX Mid Tower,Black,None,Tempered Glass,45.5,2,4,
MSI MAG PANO 100R PZ,ATX Mid Tower,White,None,Tempered Glass,72.5,2,3,129.95
darkFlash DB330M,MicroATX Mini Tower,White,None,Tempered Glass,29,1,2,69.98
Antec VSK3000E U3,MicroATX Mini Tower,Black,None,None,24.8,2,0,
Fractal Design Era 2,Mini ITX Tower,Black / Brown,None,Mesh,19,0,2,212.92
Jonsbo D41 MESH,ATX Mid Tower,Black,None,Tempered Glass,35.4,2,0,99
Phanteks Enthoo Pro 2 Server Edition,ATX Full Tower,Black,None,Tempered Glass,78,4,1,186.98
Jonsbo C6 Handle,MicroATX Mini Tower,Black,None,Mesh,15.9,1,4,64
SAMA SV01,ATX Mid Tower,White,None,Tempered Glass,43.5,2,2,74.99
Corsair 3500X,ATX Mid Tower,White,None,Tempered Glass,55.9,2,1,99.99
Aerocool Skribble,ATX Mid Tower,Black,None,Tempered Glass,42,2,0,
darkFlash DY470,ATX Mid Tower,Black,None,Tempered Glass,70.1,2,1,
Thermaltake Versa H16 ARGB,MicroATX Mini Tower,White,None,Tempered Glass,33,2,2,69.99
be quiet! Light Base 500,ATX Mid Tower,Black,None,Tempered Glass,57.4,2,0,99.9
Fractal Design Define 7 XL Dark,ATX Full Tower,Black,None,Tinted Tempered Glass,82,6,5,254.99
Corsair 3200D RS,ATX Mid Tower,Black,None,Tempered Glass,49.6,1,0,69.98
Jonsbo Jonsplus Z20,MicroATX Desktop,White,None,Tempered Glass,25.3,1,0,99
Zalman P10,MicroATX Mini Tower,White,None,Tempered Glass,,2,1,52.28
Cooler Master N400,ATX Mid Tower,Black,None,None,40.2,7,14,79.99
HYTE X50,ATX Mid Tower,Pink,None,Tempered Glass,63.1,1,0,129.99
Deepcool CG530,ATX Mid Tower,Black,None,Tinted Acrylic,50,2,0,
NZXT H5 Flow ,ATX Mid Tower,Black,None,Tempered Glass,47,1,52,
Corsair FRAME 4000D Vault Series,ATX Mid Tower,Black / Purple,None,Tempered Glass,56.7,1,0,139.99
NZXT H9 Flow RGB ,ATX Mid Tower,Black,None,Tinted Tempered Glass,76.7,2,0,139.99
MUSETEX K2,ATX Mid Tower,Black,None,Tempered Glass,44.4,2,0,74.98
Asus A31 PLUS,ATX Mid Tower,Black,None,Tempered Glass,52.9,2,0,179.58
NZXT H9 Elite,ATX Mid Tower,Black,None,Tempered Glass,66.9,2,6,
HYTE X50,ATX Mid Tower,Black,None,Tempered Glass,63.1,1,1,129.99
Asus TUF Gaming GT501,ATX Mid Tower,Black / Gray,None,Tempered Glass,75.5,4,12,169.99
NZXT H510 Elite,ATX Mid Tower,White / Black,None,Tempered Glass,41.3,2,81,125.97
SAMA V40,ATX Mid Tower,White,None,Tempered Glass,47.9,3,0,59.99
Lian Li O11 Air Mini,ATX Mid Tower,Black,None,Tempered Glass,44.2,4,41,
be quiet! Dark Base Pro 901,ATX Full Tower,Black,None,Tempered Glass,94.5,2,5,
Deepcool MACUBE 110,MicroATX Mini Tower,Black,None,Tempered Glass,38.8,2,14,
Gigabyte C201 PANORAMIC,MicroATX Mid Tower,Black,None,Tempered Glass,82.5,2,1,136.66
Fractal Design North XL RC,ATX Full Tower,Black,None,Tinted Tempered Glass,61.4,2,0,194.99
Fractal Design North XL,ATX Full Tower,White,None,Mesh,61.4,2,3,194.99
Okinos Mirage 4,MicroATX Mini Tower,Black,None,Tempered Glass,33.9,1,0,59.99
Cooler Master Elite 681,ATX Mid Tower,Black,None,Tempered Glass,48.5,1,1,
KOLINK STRONGHOLD,ATX Mid Tower,Black,None,Tinted Tempered Glass,,3,4,
Cooler Master Elite 301,MicroATX Mid Tower,Black,None,Tempered Glass,34.1,1,8,
be quiet! Light Base 900 DX,ATX Full Tower,Black,None,Tempered Glass,84.2,1,2,159.9
Aerocool CS-107 RGB,MicroATX Mini Tower,Black,None,Tempered Glass,23.7,1,0,
CiT F3 ARGB,MicroATX Mid Tower,Black,None,Tempered Glass,25.5,2,1,
Phanteks Eclipse G400A,ATX Mid Tower,Black,None,Tempered Glass,59.4,2,2,179.99
Phanteks NV7,ATX Full Tower,Black,None,Tempered Glass,78.9,2,6,
iBuypower Element 9,ATX Mid Tower,Black,None,Tempered Glass,49.2,2,1,94.99
Jonsbo V12,MicroATX Desktop,Black / Brown,None,Tempered Glass,23.2,2,0,138.99
Fractal Design Torrent,ATX Mid Tower,Black,None,None,69.8,2,8,204.99
Deepcool MATREXX 40 3FS,MicroATX Mini Tower,Black,None,Tempered Glass,,2,7,
MSI MAG PANO 110R PZ,ATX Mid Tower,White,None,Tempered Glass,45.8,4,0,92.99
Vetroo AL900,ATX Mid Tower,Pink,None,Tempered Glass,48.1,0,2,79.98
Fractal Design Meshify 3,ATX Mid Tower,Black,None,None,50.3,2,0,154.99
HYTE Y40,ATX Mid Tower,White,None,Tempered Glass,49.7,1,4,109.99
HYTE Y60,ATX Mid Tower,White / Black,None,Tempered Glass,60,2,39,159.99
Asus GX601,ATX Full Tower,White / Black,None,Tempered Glass,83.5,2,2,289.99
Okinos Aqua 3 Air,MicroATX Mini Tower,Black,None,Tempered Glass,28.8,2,0,52.99
HYTE Y70,ATX Mid Tower,Black / Red,None,Tempered Glass,70.7,2,1,199.99
Montech SKY TWO,ATX Mid Tower,Black,None,Tempered Glass,45.3,2,18,89.9
ZZEW A1 Plus,Mini ITX Tower,Silver,None,Mesh,5.8,0,2,
be quiet! Pure Base 600,ATX Mid Tower,Black,None,None,50.9,3,3,104.9
Sliger CX4713,Rackmount 4U,Black,None,None,54.4,10,0,459
SAMA V40,ATX Mid Tower,Black,None,Tempered Glass,47.9,3,1,64.98
Asus Prime AP201,MicroATX Mini Tower,White,None,Tempered Glass,33,3,11,84.99
KOLINK VOID RGB,ATX Mid Tower,Black,None,Tempered Glass,,2,2,
Lian Li LANCOOL 205 Mesh C,ATX Mid Tower,Black,None,Tempered Glass,41.3,2,4,114.99
Deepcool CH260,MicroATX Desktop,White,None,Tempered Glass,30.8,1,1,
Fractal Design Pop Silent,ATX Mid Tower,Black,None,None,46.2,2,2,84.99
Jonsbo D31 MESH,MicroATX Mini Tower,Black,None,Tempered Glass,31.3,1,7,87.99
NCASE M1,Mini ITX Tower,Black,None,None,13.9,2,31,
Antec AX20,ATX Mid Tower,Black,None,Tempered Glass,33.4,2,1,
Aerocool CS-103,MicroATX Mini Tower,Black,None,None,26.4,2,0,
Deepcool CH370,MicroATX Mid Tower,Black,None,Tempered Glass,38.3,2,21,
Xigmatek Master X,ATX Mid Tower,Black,None,Tempered Glass,,2,0,
Fractal Design Define 7 Compact,ATX Mid Tower,Black,None,None,42.5,2,5,124.99
Fractal Design Pop Mini Air,MicroATX Mid Tower,White,None,Tempered Glass,36.5,2,31,99.99
Jonsbo TK-0,Mini ITX Desktop,White,None,Tempered Glass,16.4,1,1,133
Vetroo AL800,ATX Mid Tower,Pink,None,Tempered Glass,46.4,2,0,59.99
Fractal Design Epoch,ATX Mid Tower,Black,None,Tinted Tempered Glass,45.1,2,0,109.99
Okinos Cypress 3 ARGB,MicroATX Mini Tower,Black,None,Tempered Glass,31.4,2,0,59.99
Silverstone SG05-LITE,Mini ITX Desktop,Black,None,None,10.7,1,5,74.14
Jonsbo Jonsplus Z20,MicroATX Desktop,Pink / White,None,Tempered Glass,25.3,1,6,104
Corsair 4000D Airflow,ATX Mid Tower,Black,750 W,Tempered Glass,48.6,2,1,
Okinos Aqua 7 ARGB,ATX Mid Tower,Black,None,Tempered Glass,44.5,2,0,79.98
Cooler Master MasterBox NR200P,Mini ITX Desktop,Black,None,Tempered Glass,20.3,2,64,
KOLINK Citadel Mesh,MicroATX Mini Tower,Black,None,Tempered Glass,34.5,2,8,
Rosewill FBM-X3,MicroATX Mid Tower,Black,650 W,Mesh,37,2,1,89.99
Corsair 3500X LX-R RGB iCUE LINK,ATX Mid Tower,Black,None,Tempered Glass,55.9,2,0,159.99
HAVN BF 360 Flow,ATX Mid Tower,White,None,Tempered Glass,68.4,2,0,229.99
Corsair iCUE LINK 6500X RGB,ATX Mid Tower,White,None,Tempered Glass,78.3,2,0,269.99
Corsair iCUE 4000X RGB,ATX Mid Tower,White,None,Tempered Glass,48.6,2,41,
Fractal Design Meshify 2 Compact TG Light Tint,ATX Mid Tower,Black,None,Tempered Glass,42.3,2,36,134.99
Phanteks NV9,ATX Full Tower,Black,None,Tempered Glass,99,3,0,
darkFlash DK352,ATX Mid Tower,Black,None,Tempered Glass,43.1,2,0,
Thermaltake S100,MicroATX Mini Tower,Black,None,Tempered Glass,,2,6,
be quiet! Light Base 900 DX,ATX Full Tower,White,None,Tempered Glass,84.2,1,1,126.95
Asus ProArt PA401 Wood Edition,ATX Mid Tower,Black,None,Tempered Glass,46.6,2,3,125.99
Corsair FRAME 4500X LX-R RGB iCUE LINK,ATX Mid Tower,White,None,Tempered Glass,58.7,1,0,159.99
Rosewill Helium NAS,ATX Mid Tower,Black,None,Mesh,,10,0,89.99
Silverstone SUGO 14,Mini ITX Desktop,Black / Yellow,None,None,19.5,0,2,98.18
Thermaltake Core V1,Mini ITX Desktop,Black,None,None,22.4,2,113,
Lian Li LANCOOL III,ATX Mid Tower,Black,None,Tempered Glass,65.5,4,9,
darkFlash DS900,ATX Mid Tower,Black,None,Tempered Glass,43,2,0,
Fractal Design Meshify 2,ATX Mid Tower,Black,None,Tinted Tempered Glass,61.7,6,9,174.99
Deepcool CH170 DIGITAL,Mini ITX Tower,Black,None,Mesh,19,1,1,
Corsair iCUE 5000T LX RGB,ATX Mid Tower,Black,None,Tempered Glass,74.5,2,1,364.99
Jonsbo T6,Mini ITX Tower,Black / Brown,None,None,13.7,0,3,
HAVN BF 360,ATX Mid Tower,Black,None,Tempered Glass,68.4,2,0,179.99
Corsair iCUE 4000D RGB AIRFLOW,ATX Mid Tower,White,None,Tempered Glass,48.6,2,5,149.99
Zalman T6,ATX Mid Tower,Black,None,None,32.4,2,3,49.99
ARCTIC Xtender,ATX Mid Tower,Black,None,Tinted Tempered Glass,64.6,1,0,119.99
APNX V1,ATX Mid Tower,Black,None,Tempered Glass,70.4,2,1,89.99
KOLINK Observatory HF Mesh ARGB,ATX Mid Tower,Black,None,Tempered Glass,35,4,2,
SSUPD Meshroom S V2 w/PCIe 4.0 Riser,MicroATX Mini Tower,Black,None,Mesh,14.9,2,1,
GAMDIAS TALOS E3,ATX Mid Tower,Black,None,Tempered Glass,,2,2,
Antec Performance 1 FT,ATX Full Tower,Black,None,Tempered Glass,62.7,2,4,129.99
Phanteks NV7,ATX Full Tower,White,None,Tempered Glass,78.9,2,1,212.99
Corsair iCUE 220T RGB Airflow,ATX Mid Tower,Black,None,Tempered Glass,37.3,2,62,179.99
Cooler Master MasterBox TD500 Mesh V2,ATX Mid Tower,White,None,Tempered Glass,52.4,2,0,117.99
Corsair iCUE 7000X RGB,ATX Full Tower,White,None,Tempered Glass,81.8,6,2,359.99
MSI MPG GUNGNIR 110R,ATX Mid Tower,Black,None,Tempered Glass,,2,19,
Fractal Design Define 7 Mini,MicroATX Mini Tower,Black,None,None,33.2,2,3,119.99
TRYX FLOVA F50,ATX Mid Tower,Black,None,Tempered Glass,57.8,4,0,149.99
Fractal Design Pop 2 Air,ATX Mid Tower,Black,None,None,47.8,1,0,89.99
Lian Li SUP01,ATX Mid Tower,White,None,Tempered Glass,45.7,2,4,69.99
Lian Li O11 Vision Chrome,ATX Mid Tower,Black,None,Tinted Tempered Glass,67.8,2,4,
Antec FLUX SE,ATX Mid Tower,Black / Brown,None,None,58.1,2,1,94.99
Fractal Design Mood,Mini ITX Tower,Gray,None,Mesh,20.4,1,0,164.99
Thermaltake A500,ATX Mid Tower,Silver / Black,None,Tempered Glass,67.4,6,0,
In Win CE685.FH300TB3,MicroATX Slim,Black,300 W,None,11.8,1,2,117.99
TRYX FLOVA F50,ATX Mid Tower,Pink,None,Tempered Glass,57.8,4,2,149.99
Phanteks XT M3 M25,MicroATX Mid Tower,White,None,Tempered Glass,40,1,4,
Razer Tomahawk Mini-ITX,Mini ITX Tower,Black / Green,None,Tinted Tempered Glass,,0,1,99.99
Asus Prime AP202,MicroATX Mid Tower,Black,None,Tempered Glass,47.9,2,1,
ENDORFY Ventum 200 ARGB,ATX Mid Tower,Black,None,Tempered Glass,35.4,1,1,
Asus A31,ATX Mid Tower,White,None,Tempered Glass,52.9,2,0,79.98
Fractal Design Meshify 3 XL,ATX Full Tower,Black,None,Tinted Tempered Glass,72.6,2,0,184.99
be quiet! Light Base 500 LX,ATX Mid Tower,Black,None,Tempered Glass,57.4,2,1,117.5
Asus TUF Gaming GT502 Horizon,ATX Mid Tower,Black,None,Tempered Glass,57.2,4,1,176.99
Nanoxia NXDS4B,MicroATX Mini Tower,Black,None,None,,6,6,
iBuypower Trace 7 Mesh Pro ARGB,ATX Mid Tower,Black,None,Tempered Glass,51.8,2,3,94.99
Antec C8,ATX Full Tower,White,None,Tempered Glass,66.9,2,9,
Corsair 2500D Airflow,MicroATX Mini Tower,Black,None,Tempered Glass,54.8,2,0,159.99
Thermaltake View 380 XL TG ARGB,ATX Mid Tower,Black,None,Tempered Glass,63.6,1,1,119.99
Corsair 2000D RGB AIRFLOW,Mini ITX Tower,Black,None,Mesh,24.8,0,1,
MSI MPG VELOX 300R AIRFLOW PZ,ATX Mid Tower,Black,None,Tempered Glass,59,2,0,129.99
Thermaltake View 270 Plus TG ARGB,ATX Mid Tower,Blue,None,Tempered Glass,47.6,2,0,79.98
Cooler Master Elite 490,MicroATX Mini Tower,Black,None,Tempered Glass,39.2,1,0,
Corsair 7000D AIRFLOW,ATX Full Tower,White / Black,None,Tempered Glass,81.8,6,7,289.99
MSI MPG GUNGNIR 300R AIRFLOW,ATX Mid Tower,Black,None,Tempered Glass,60.5,2,0,169.99
Antec CX600M ARGB,MicroATX Mini Tower,Black,None,Tempered Glass,46.8,1,2,
Geometric Future Model 5,ATX Mid Tower,Black / Gray,None,Tempered Glass,51.1,2,5,129.9
Corsair iCUE LINK 3500X RGB,ATX Mid Tower,White,None,Tempered Glass,55.9,2,3,133.83
Corsair 5000D AIRFLOW,ATX Mid Tower,White / Gray,None,Tempered Glass,66.2,2,24,
Silverstone FARA H1M,MicroATX Mini Tower,Black,None,Tempered Glass,30.1,2,2,69.98
Phanteks NV5 MKII,ATX Mid Tower,White,None,Tempered Glass,60.2,3,3,99.99
HP OMEN 45L,ATX Mid Tower,Black,None,Tempered Glass,53.2,2,0,
Zalman S3,ATX Mid Tower,Black,None,Acrylic,38.4,2,5,52.98
Fractal Design Pop 2 Air RGB,ATX Mid Tower,Black,None,Tempered Glass,47.8,1,0,89.99
Thermaltake The Tower 300,MicroATX Mini Tower,White,None,Tempered Glass,53,3,7,149.99
Lian Li PC-O11 Dynamic Razer,ATX Full Tower,Black,None,Tempered Glass,54,3,38,
KOLINK Observatory MX Mesh ARGB,ATX Mid Tower,Black / White,None,Tempered Glass,30.8,2,1,
Fractal Design Meshify 2 Nano,Mini ITX Tower,White,None,Tempered Glass,29.3,1,1,299.2
Corsair 6500X,ATX Mid Tower,Black,None,Tempered Glass,78.3,2,0,
GAMDIAS AURA GC1 ELITE,ATX Mid Tower,Black,None,Tempered Glass,34.7,2,3,
Antec VSK4000E U3,ATX Mid Tower,Black,None,None,,5,4,
Sliger CX3152a,Rackmount 3U,Black,None,None,21.8,0,0,219
Lian Li LANCOOL 205M MESH,MicroATX Mini Tower,White,None,Tempered Glass,33.8,2,9,98.79
be quiet! Pure Base 501 DX,ATX Mid Tower,Black,None,Tempered Glass,48.1,2,0,110.27
Sliger CX2130a,Rackmount 2U,Black,None,None,12.5,0,0,199
GAMDIAS ATLAS M1,ATX Mid Tower,Black,None,Tempered Glass,41,1,1,83.75
MSI MPG GUNGNIR 100,ATX Mid Tower,Black,None,Tempered Glass,60.8,2,5,
Fractal Design Pop Air,ATX Mid Tower,White,None,Tempered Glass,46.2,2,12,99.99
GameMax Storm 2 AB,ATX Mid Tower,Black,None,Tempered Glass,34.7,3,0,59.87
Phanteks Enthoo Pro 2 Server Edition,ATX Full Tower,Black,None,None,78,4,0,181.98
Montech SKY TWO GX,ATX Mid Tower,White,None,Tempered Glass,49.5,2,1,95
Phanteks Eclipse P300A Mesh,ATX Mid Tower,Black,None,Tempered Glass,36.4,2,59,
Lian Li Lancool II Mesh,ATX Mid Tower,Black,None,Tempered Glass,54.1,3,63,
NZXT H7 Flow ,ATX Mid Tower,Black,None,Tempered Glass,55.8,2,33,
Fractal Design Era 2,Mini ITX Tower,Silver / Brown,None,Mesh,19,0,0,219.99
Corsair 3000D RGB AIRFLOW,ATX Mid Tower,White,None,Tempered Glass,49.5,2,1,99.99
Antec FLUX PRO,ATX Full Tower,White / Brown,None,Tempered Glass,70.8,4,1,183.99
Aerocool Trinity Mini V2,MicroATX Mini Tower,Black,None,Tempered Glass,28.1,2,3,106.89
Lian Li SUP01,ATX Mid Tower,Black,None,Tempered Glass,45.7,2,3,79.99
Corsair AIR 5400 RS-R ARGB,ATX Mid Tower,White,None,Tempered Glass,74.6,1,1,204.99
Corsair 2500D Airflow,MicroATX Mini Tower,White,None,Tempered Glass,54.8,2,1,105.64
Gigabyte C500 PANORAMIC STEALTH,ATX Mid Tower,Black,None,Tempered Glass,50.6,2,0,185.4
NZXT H5 Flow ,ATX Mid Tower,White,None,Tempered Glass,47,1,30,
NZXT H510i,ATX Mid Tower,White,None,Tempered Glass,41.3,2,67,
Cooler Master MasterBox 600,ATX Mid Tower,Black,None,Tempered Glass,52.4,2,0,
Cooler Master Elite 690 Wood,ATX Mid Tower,Black / Brown,None,Tempered Glass,43,1,0,94.99
Montech Heritage PRO,MicroATX Mid Tower,Black,None,Tempered Glass,41.5,1,3,
Thermaltake Core V21,MicroATX Mini Tower,Black,None,Acrylic,45.6,3,129,
Corsair iCUE 5000X RGB,ATX Mid Tower,Black,None,Tempered Glass,66.2,2,24,
Corsair Carbide Series SPEC-DELTA RGB,ATX Mid Tower,Black,None,Tempered Glass,41.6,2,46,
Deepcool MATREXX 50 ADD-RGB 4F,ATX Mid Tower,Black,None,Tempered Glass,44.5,2,16,
Montech SKY TWO GX,ATX Mid Tower,Black,None,Tempered Glass,49.5,2,7,89
HYTE Y70,ATX Mid Tower,Blue,None,Tempered Glass,70.7,2,0,199.99
be quiet! Silent Base 802,ATX Mid Tower,Black,None,Tempered Glass,83.8,3,7,199.9
Jonsbo D32 STD,MicroATX Desktop,Black,None,Tempered Glass,25.7,1,0,
Silverstone RM51,Rackmount 5U,Black,None,None,51.3,2,0,452.63
GameMax Defender MB,MicroATX Mini Tower,Black,None,Tempered Glass,43.6,2,0,55.98
Fractal Design Torrent Compact RGB,ATX Mid Tower,Black,None,Tinted Tempered Glass,46.7,1,11,184.99
Thermaltake TR100,Mini ITX Desktop,White,None,Mesh,20.6,0,3,129.99
Jonsbo BO400,ATX Mid Tower,Gray / Black,None,Tempered Glass,72.1,4,0,296.99
Fractal Design Meshify C,ATX Mid Tower,Black,None,None,40.6,2,22,99.99
Antec AX67 ARGB,ATX Mid Tower,,None,Tempered Glass,36.4,2,0,
Corsair 3000D AIRFLOW,ATX Mid Tower,White,None,Tempered Glass,49.5,2,1,72.59
Jonsbo TK-3,ATX Mid Tower,Black,None,Tempered Glass,52.3,2,4,119.99
Lian Li LANCOOL III,ATX Mid Tower,White,None,Tempered Glass,65.5,4,3,
Fractal Design Epoch XL,ATX Full Tower,Black,None,None,61.4,2,0,129.99
Lian Li LANCOOL III RGB,ATX Mid Tower,White,None,Tempered Glass,65.5,4,4,194.99
Cougar Duoface Pro RGB,ATX Mid Tower,Black,None,Tempered Glass,55.4,2,1,101.98
Corsair 6500D Airflow,ATX Mid Tower,Black,None,Tempered Glass,78.3,2,0,
Sliger CX4170a,Rackmount 4U,Black,None,None,33.1,3,0,249
Corsair iCUE 4000D RGB AIRFLOW,ATX Mid Tower,Black,None,Tempered Glass,48.6,2,13,149.99
Cooler Master QUBE 540,ATX Mid Tower,Gray,None,Tempered Glass,48.6,1,0,69.98
Silverstone SG13 V2,Mini ITX Tower,Black,None,None,11.5,1,8,73.45
Asus A21,MicroATX Mini Tower,Black,None,Tempered Glass,44,2,7,75.98
be quiet! Light Base 900 FX,ATX Full Tower,White,None,Tempered Glass,84.2,1,0,189.9
Corsair FRAME 4000D RS,ATX Mid Tower,White,None,Tempered Glass,56.7,2,0,84.99
Thermaltake Versa H16 ARGB,MicroATX Mini Tower,Black,None,Tempered Glass,33,2,4,65.98
Asus TUF Gaming GT502 Horizon ARGB,ATX Mid Tower,Black,None,Tempered Glass,57.2,4,0,292.64
Thermaltake The Tower 250,Mini ITX Tower,Green / Black,None,Tempered Glass,42.7,1,0,89.99
Silverstone GD09 Type-C,HTPC,Black,None,Mesh,26.5,2,1,121.2
GAMDIAS ATLAS E1,ATX Mid Tower,Black,None,Tempered Glass,36.3,1,0,49.99
MSI MAG FORGE 100M,ATX Mid Tower,Black,None,Tempered Glass,44.1,2,0,
Antec CX200M RGB ELITE,MicroATX Mini Tower,Black,None,Tempered Glass,28.8,2,5,
PC Cooler I100 PRO MESH,Mini ITX Desktop,Gray,None,Mesh,7.5,1,0,
PC Cooler K101 MESH,Mini ITX Desktop,Black,None,Mesh,12,0,0,
Corsair 3200D RS ARGB,ATX Mid Tower,Black,None,Tempered Glass,49.6,1,0,79.98
Cooler Master Elite 481 Wood,MicroATX Mini Tower,Black / Brown,None,Tempered Glass,44.3,1,0,
ENDORFY Ventum 200 Air,ATX Mid Tower,Black,None,Tempered Glass,35.4,1,1,
GAMDIAS ATHENA M3,ATX Mid Tower,Black,None,Tempered Glass,45.1,2,2,
Montech HS02 Pro,ATX Mid Tower,Black,None,Tempered Glass,55.3,2,2,99.9
NZXT H5 Flow RGB ,ATX Mid Tower,White,None,Tempered Glass,47,1,6,119.99
Deepcool CC560 ARGB V2,ATX Mid Tower,,None,Tempered Glass,44.9,2,1,
Thermaltake View 91,ATX Full Tower,Black,None,Tempered Glass,153.3,12,2,
GameMax M60,MicroATX Mid Tower,Black,None,Mesh,29.4,2,1,44.97
be quiet! Shadow Base 800 FX,ATX Mid Tower,Black,None,Tempered Glass,70.9,2,6,
MSI MAG FORGE 130A AIRFLOW,ATX Mid Tower,Black,None,Tempered Glass,43,2,0,
iBuypower Slate 9 Mesh,ATX Mid Tower,Black,None,Tempered Glass,53.4,1,0,104.99
GAMDIAS ATHENA M3,ATX Mid Tower,White,None,Tempered Glass,45.1,2,0,76.22
Fractal Design Meshify 2 Compact,ATX Mid Tower,Black,None,None,42.3,2,5,
Antec C5 CURVE ARGB,ATX Mid Tower,Black,None,Tempered Glass,53,2,0,109.99
Zalman P10 NAMU,MicroATX Mini Tower,Black,None,Tempered Glass,38.6,2,1,74.98
Cooler Master HAF 700,ATX Full Tower,Black,None,Tempered Glass,83.6,9,1,309.99
Phanteks NV9,ATX Full Tower,White,None,Tempered Glass,99,3,1,
NZXT S340,ATX Mid Tower,Black,None,Acrylic,38.4,3,119,
Antec C8 ARGB,ATX Full Tower,White,None,Tempered Glass,66.9,2,0,101.98
be quiet! Pure Base 501 LX,ATX Mid Tower,Black,None,Tempered Glass,48.1,2,3,119.9
teenage engineering Computer-1,Mini ITX Desktop,Orange / Silver,None,None,10.4,0,7,
KOLINK Unity Solar Mesh ARGB,ATX Mid Tower,White,None,Tempered Glass,42.3,2,0,
Rosewill FBM-X2-400-HELIX,MicroATX Mini Tower,Black,400 W,None,25.3,1,0,65.99
Aerocool Geoflow V2,ATX Mid Tower,Black,None,Tempered Glass,49.1,2,0,
Corsair Carbide Series 200R,ATX Mid Tower,Black,None,None,44.8,4,193,
Corsair 3500X LX-R RGB iCUE LINK,ATX Mid Tower,White,None,Tempered Glass,55.9,2,1,159.99
Silverstone MILO 11,MicroATX Desktop,Black / Silver,None,None,10.3,1,0,85.53
Sliger CX4150a,Rackmount 4U,Black,None,None,29.2,0,0,239
ADATA XPG VALOR MESH,ATX Mid Tower,Black,None,Tempered Glass,35.8,2,0,
Montech KING 45 PRO,ATX Mid Tower,Black,None,Tempered Glass,50.9,2,0,119.9
Phanteks XT M3,MicroATX Mid Tower,White,None,Tempered Glass,40,1,1,
Phanteks XT V3,MicroATX Mini Tower,White,None,Tempered Glass,40,1,0,
Fractal Design Meshify 3 XL Ambience Pro RGB,ATX Full Tower,White,None,Tempered Glass,72.6,2,0,274.99
Deepcool MATREXX 55 MESH ADD-RGB 4F,ATX Mid Tower,Black,None,Tempered Glass,44.4,2,3,
Xigmatek Aquarius Plus,ATX Mid Tower,Black,None,Tempered Glass,49.6,2,0,
DARKROCK Classico Max Storage Master,ATX Mid Tower,Black,None,Mesh,51.1,10,0,99.99
Zalman S2,ATX Mid Tower,Black,None,Acrylic,38.4,2,18,
Fractal Design Meshify C,ATX Mid Tower,White / Black,None,Tempered Glass,40.6,2,179,
APNX V2,ATX Mid Tower,Black,None,Tempered Glass,72,1,0,
Silverstone Sugo 16,Mini ITX Tower,Black,None,None,13,1,1,95.99
Asus TUF Gaming GT301,ATX Mid Tower,Black,None,Tempered Glass,43.9,2,9,
Antec C7 ARGB,ATX Mid Tower,Black,None,Tempered Glass,58.9,2,2,79.99
Fractal Design Pop Air,ATX Mid Tower,Pink / Black,None,Tempered Glass,46.2,2,1,99.99
Thermaltake Versa H15,MicroATX Mid Tower,Black,None,None,,3,45,
Fractal Design Focus 2 RGB,ATX Mid Tower,Black,None,Tempered Glass,45.8,2,6,89.99
Corsair Obsidian Series 750D,ATX Full Tower,Black,None,Acrylic,71.3,6,128,
Okinos MiniArt 4,MicroATX Mini Tower,Black,None,Mesh,27.1,1,0,
Fractal Design Meshify 3 XL RGB,ATX Full Tower,Black,None,Tinted Tempered Glass,72.6,2,1,209.99
SHARKOON Rebel C20 ITX,Mini ITX Desktop,Black,None,Mesh,29.5,1,0,
NZXT H5 Elite,ATX Mid Tower,Black,None,Tempered Glass,47,1,12,
Zalman CHRONIX,ATX Mid Tower,Black,None,Tempered Glass,45.7,2,0,69.95
Corsair Carbide Series 275R,ATX Mid Tower,Black,None,Tempered Glass,44.2,2,22,
Cooler Master MasterCase H500,ATX Mid Tower,Black,None,Tinted Tempered Glass,,2,42,
Phanteks Eclipse P400A,ATX Mid Tower,Black,None,Tempered Glass,45.9,2,42,
Zalman P30,MicroATX Mini Tower,White,None,Tempered Glass,45.7,2,6,84.99
be quiet! Dark Base Pro 901,ATX Full Tower,White,None,Tempered Glass,94.5,2,0,199.88
1STPLAYER Mi2-A,MicroATX Mid Tower,Black,None,Tempered Glass,26.8,1,1,
Cooler Master QUBE 500 Flatpack,ATX Mid Tower,Black,None,Tempered Glass,38.9,4,2,
Lian Li Lancool II Mesh,ATX Mid Tower,Black,None,Tempered Glass,54.1,3,36,
Lian Li LANCOOL 215,ATX Mid Tower,Black,None,Tempered Glass,,2,40,
DIYPC DIY-S07,ATX Mid Tower,Black,None,Acrylic,27.5,2,0,
Asus Prime AP202,MicroATX Mid Tower,White,None,Tempered Glass,47.9,2,0,
Lian Li Q58 ,Mini ITX Desktop,Black,None,Tempered Glass,14.5,0,11,
Phanteks Enthoo Pro 2,ATX Full Tower,Black,None,Tempered Glass,,12,4,
DAN Cases A4-SFXv4.1,Mini ITX Desktop,Black,None,None,7.5,0,6,
SAMA NEVIEW 4503,ATX Mid Tower,Black,None,Tempered Glass,54.7,0,1,84.99
Azza Sanctum,ATX Desktop,Silver / Black,None,Tempered Glass,76.9,2,0,349.99
Lian Li V3000 PLUS,ATX Full Tower,Black,None,Tempered Glass,127.6,8,2,
Corsair 275R Airflow,ATX Mid Tower,Black,None,Tempered Glass,,2,55,
Aerocool P500C,ATX Mid Tower,White,None,Tempered Glass,54,2,4,
NZXT H510 Flow,ATX Mid Tower,Black,None,Tempered Glass,41.3,3,30,
Corsair Crystal 570X RGB,ATX Mid Tower,Black,None,Tempered Glass,57.5,2,52,
FSP Group S380,MicroATX Mini Tower,Black,None,Tempered Glass,48.2,2,0,
MSI MAG VAMPIRIC 100L,ATX Mid Tower,Black,None,Tempered Glass,36.5,2,1,
SAMA IM01,MicroATX Mini Tower,Black,None,None,21.9,5,22,
FormD T1 V2.1 Steel Coated,Mini ITX Desktop,Black,None,Mesh,,0,2,
Corsair 6500D Airflow,ATX Mid Tower,White,None,Tempered Glass,78.3,2,1,199.99
Zalman Z1 Iceberg,MicroATX Mid Tower,Black,None,Tempered Glass,38.5,2,2,
be quiet! Light Base 600 LX,ATX Mid Tower,White,None,Tempered Glass,59.7,1,2,134.99
Phanteks Eclipse G360A,ATX Mid Tower,Black,None,Tempered Glass,42.3,2,16,
be quiet! Pure Base 501,ATX Mid Tower,Black,None,None,48.1,2,1,94.9
Montech KING 65 PRO,ATX Mid Tower,White,None,Tempered Glass,63,2,1,99.9
Silverstone Lucid 04,MicroATX Mid Tower,Black,None,Tempered Glass,38.2,2,0,88
NZXT H500,ATX Mid Tower,Black,None,Tempered Glass,41.3,3,50,
Aerocool D302A,MicroATX Mini Tower,White,None,Tempered Glass,46.3,0,0,59.99
Aerocool Cylon,ATX Mid Tower,Black,None,Acrylic,37.5,2,17,59.19
Zalman i3 NEO,ATX Mid Tower,Black / Silver,None,Tempered Glass,44.7,2,1,
Jonsbo X400,ATX Mid Tower,Black,None,Tempered Glass,68,1,0,138.9
Asus TUF Gaming GT502,ATX Mid Tower,White,None,Tempered Glass,57.2,4,2,151.99
iBuypower Slate 8 Mesh Pro ARGB,ATX Mid Tower,Black,None,Tempered Glass,54.2,1,0,99.99
NZXT H510,ATX Mid Tower,Black / Red,None,Tempered Glass,41.3,2,20,
Fractal Design Define Nano S,Mini ITX Desktop,Black,None,Acrylic,28.8,2,66,
Aerocool Delta,ATX Mid Tower,Black,None,Acrylic,30.3,2,0,
Aerocool D302A,MicroATX Mini Tower,Black,None,Tempered Glass,46.3,0,1,59.99
Phanteks XT PRO,ATX Mid Tower,,None,None,51.8,2,0,64.99
Silverstone GD11,HTPC,Black,None,None,30.9,3,3,178.24
Corsair iCUE 5000D RGB AIRFLOW,ATX Mid Tower,White,None,Tempered Glass,66.2,2,3,219.99
Cooler Master MasterBox MB520 ARGB,ATX Mid Tower,Black,None,Tempered Glass,,2,5,
Jonsbo T7,ATX Mid Tower,Black,None,Tempered Glass,25.8,1,0,169
Thermaltake View 380 XL TG ARGB,ATX Mid Tower,White,None,Tempered Glass,63.6,1,2,119.99
Fractal Design Torrent,ATX Mid Tower,White,None,Tempered Glass,69.8,2,5,204.99
Cougar FV150 RGB,ATX Mid Tower,White,None,Tempered Glass,49.8,2,0,
FSP Group S380,MicroATX Mini Tower,White,None,Tempered Glass,48.2,2,1,
MSI MAG PANO 120R PZ,ATX Mid Tower,Black,None,Tempered Glass,70.2,2,0,199.99
Thermalright TL-M10 VISION,MicroATX Mid Tower,Black,None,Tempered Glass,49.3,2,0,
CiT F3 ARGB,MicroATX Mid Tower,White,None,Tempered Glass,25.5,2,2,
In Win Chopin MAX,Mini ITX Desktop,Gray,200 W,Mesh,4.4,0,2,
Montech HS01 PRO,ATX Mid Tower,Black,None,Tempered Glass,55.3,2,0,93.9
Montech KING 15 PRO,MicroATX Mid Tower,Black,None,Tempered Glass,46.6,2,0,79.9
Fractal Design Meshify 2 Nano,Mini ITX Tower,Black,None,Tempered Glass,29.3,1,0,
Fractal Design Epoch,ATX Mid Tower,Black,None,None,45.1,2,1,109.99
Antec CX700 RGB ELITE,ATX Mid Tower,White,None,Tempered Glass,44.5,2,0,484.44
Cooler Master NCORE 100 AIR,Mini ITX Tower,Black,None,Mesh,16.4,0,0,139.99
Corsair 2000D AIRFLOW,Mini ITX Tower,White,None,Mesh,24.8,0,2,
Thermaltake The Tower 600,ATX Mid Tower,Yellow,None,Tempered Glass,66.2,1,0,169.99
Corsair iCUE 220T RGB Airflow,ATX Mid Tower,White,None,Tempered Glass,37.3,2,37,169.99
Fractal Design Pop Air,ATX Mid Tower,Orange / Black,None,Tempered Glass,46.2,2,2,99.99
KOLINK KLM-003,MicroATX Mini Tower,Black,None,None,23.2,0,0,
Cooler Master TD300 Mesh,MicroATX Mini Tower,Black,None,Tempered Glass,,2,4,83.99
Sliger CX2177x,Rackmount 2U,Black,None,None,16.4,4,0,239
Antec C8 ARGB,ATX Full Tower,Black,None,Tempered Glass,66.9,2,1,129.99
Silverstone CS383,ATX Full Tower,Black,None,None,77,1,0,379.99
Gigabyte C200 Glass,ATX Mid Tower,Black,None,Tempered Glass,43.8,2,6,63.38
Cooler Master MasterFrame 600,ATX Mid Tower,Black,None,Tempered Glass,61.2,2,0,199.99
ENDORFY Arx 700 Air,ATX Mid Tower,Black,None,Tempered Glass,54.2,1,2,
RAIJINTEK Enyo,ATX Full Tower,Black,None,Tempered Glass,185.4,4,0,
Cooler Master Elite 600,ATX Mid Tower,Black,None,Tempered Glass,52,2,0,
In Win CJ712,MicroATX Desktop,Black,265 W,None,8,1,0,108.71
Zalman S2,ATX Mid Tower,Black,None,Tempered Glass,38.4,2,3,54.98
Thermaltake View 200 TG ARGB,ATX Mid Tower,Black,None,Tempered Glass,38.2,2,0,
Aerocool CS-1103,ATX Mid Tower,Black,None,None,29.9,2,1,
Gigabyte C201 PANORAMIC,MicroATX Mid Tower,White,None,Tempered Glass,82.5,2,0,137.53
Silverstone SETA H2,ATX Full Tower,Black,None,Mesh,70.3,12,0,209.99
Antec P30 ARGB,ATX Mid Tower,Black,None,Tempered Glass,49.3,2,0,69.99
be quiet! Dark Base 701,ATX Mid Tower,Black,None,Tempered Glass,73.6,2,2,179.88
Corsair Crystal Series 680X RGB,ATX Mid Tower,Black,None,Tempered Glass,73.5,3,23,274.99
Deepcool CC560,ATX Mid Tower,Black,None,Tempered Glass,41.7,2,8,
Phanteks NV5,ATX Mid Tower,Black,None,Tempered Glass,60.2,3,18,
NZXT H510 Elite,ATX Mid Tower,Black,None,Tempered Glass,41.3,2,45,
SSUPD Meshlicious ,Mini ITX Tower,Black,None,Mesh,14.7,0,16,
Okinos Aqua 3 ARGB,MicroATX Mini Tower,White,None,Tempered Glass,28.8,2,3,59.99
Cooler Master Force 500,ATX Mid Tower,Black,None,None,39.8,7,2,
KOLINK Stronghold M,MicroATX Mini Tower,Black,None,Tempered Glass,28.5,2,0,
Geometric Future Model 5,ATX Mid Tower,Black / Green,None,Tempered Glass,51.1,2,0,139.9
Deepcool CH560 DIGITAL,ATX Mid Tower,Black,None,Tempered Glass,49.6,2,8,
Silverstone GD09B,HTPC,Black,None,None,26.5,2,21,117
Aerocool Cronus,ATX Mid Tower,Black,None,Tempered Glass,54,3,1,
Corsair 6500X,ATX Mid Tower,White,None,Tempered Glass,78.3,2,3,
be quiet! Pure Base 500DX,ATX Mid Tower,White,None,Tempered Glass,48.3,2,32,
Fractal Design Node 202,HTPC,Black,None,None,11,0,59,
GAMDIAS AURA GC2 ELITE,ATX Mid Tower,White,None,Tempered Glass,34.7,2,0,
Thermaltake The Tower 300 Bubble Pink,MicroATX Mini Tower,Pink / White,None,Tempered Glass,53,3,2,154.98
Silverstone CS382,ATX Mid Tower,Black,None,None,39.6,1,1,236.89
Thermaltake The Tower 300 Hydrangea,MicroATX Mini Tower,Blue,None,Tempered Glass,53,3,2,144.99
Cooler Master HAF 500,ATX Mid Tower,White,None,Tempered Glass,,2,1,99.99
Phanteks EVOLV X2,ATX Mid Tower,Black / Gold,None,Tempered Glass,60.9,2,0,
Thermaltake Core P3,ATX Mid Tower,Black,None,Tempered Glass,80.1,2,10,
Cooler Master MasterBox NR200P,Mini ITX Desktop,White / Black,None,Tempered Glass,20.3,2,39,
NZXT H510 Flow,ATX Mid Tower,White,None,Tempered Glass,41.3,3,31,
KRUX Vako RGB,ATX Mid Tower,Black,None,Tempered Glass,35.4,2,0,
Apex MI-008,Mini ITX Tower,Black,250 W,None,8.5,1,3,71.23
MSI MAG FORGE M100R,MicroATX Mini Tower,White,None,Tempered Glass,32.8,2,0,
Lian Li O11 Air Mini,ATX Mid Tower,White,None,Tempered Glass,44.2,4,19,
Thermaltake View 380 ARGB,ATX Mid Tower,Blue,None,Tinted Tempered Glass,51.6,1,0,99.99
Montech SKY TWO,ATX Mid Tower,White,None,Tempered Glass,45.3,2,5,89.99
HYTE Y60,ATX Mid Tower,Red / Black,None,Tempered Glass,60,2,3,159.99
NZXT H710i,ATX Mid Tower,White,None,Tempered Glass,58.6,4,17,
Deepcool MATREXX 40,MicroATX Mini Tower,Black,None,Tempered Glass,,2,22,
darkFlash L280,ATX Mid Tower,Black,None,Tempered Glass,54.6,2,0,111.99
KOLINK Stronghold Barricade,ATX Mid Tower,Black,None,Tempered Glass,37.6,2,0,
Deepcool CH370,MicroATX Mid Tower,White,None,Tempered Glass,38.3,2,19,
Asus A21 PLUS,MicroATX Mini Tower,Black,None,Tempered Glass,44,2,1,
Lian Li O11D EVO RGB Automobili Lamborghini,ATX Mid Tower,Black / Gold,None,Tempered Glass,65.3,4,5,
Fractal Design Pop Air,ATX Mid Tower,Cyan / Black,None,Tempered Glass,46.2,2,6,
KOLINK OBSERVATORY RGB,ATX Mid Tower,Black,None,Tinted Tempered Glass,,3,4,
MSI MEG MAESTRO 700L PZ,ATX Mid Tower,Black,None,Tempered Glass,66.8,0,2,
Cooler Master MasterBox MB311L ARGB,MicroATX Mid Tower,Black,None,Tempered Glass,,2,51,
Deepcool CG580 4F,ATX Mid Tower,Black,None,Tempered Glass,51.5,2,0,
Apevia Prism Elite,ATX Mid Tower,Pink,None,Tempered Glass,47.9,2,0,102.99
Sliger CX4712,Rackmount 4U,Black,None,None,48.6,10,0,439
Fractal Design Meshify 2 XL,ATX Full Tower,Black,None,Tinted Tempered Glass,81.5,6,2,
Fractal Design Meshify 3 Ambience Pro RGB,ATX Mid Tower,White,None,Tempered Glass,50.3,2,0,239
Jonsbo N1,Mini ITX Desktop,Silver,None,None,12.7,5,2,
Montech HS01,ATX Mid Tower,Black,None,Tempered Glass,55.3,2,0,76.9
GAMDIAS ATHENA M4M WOOD,MicroATX Desktop,Black / Brown,None,Tempered Glass,36.4,1,0,69.98
MSI MPG VELOX 100R,ATX Mid Tower,Black,None,Tempered Glass,53.7,2,3,139.99
Ocypus Gamma C50,MicroATX Mini Tower,Black,None,Tempered Glass,34.6,2,0,
GAMDIAS TALOS E3 MESH,ATX Mid Tower,Black,None,Tempered Glass,34.1,2,4,69.23
Sliger CX3702,Rackmount 3U,Black,None,None,26.2,10,0,369
be quiet! Pure Base 500,ATX Mid Tower,Black,None,None,46,2,6,
GAMDIAS NESO P1,ATX Full Tower,Black / Red,None,Tempered Glass,75.2,5,1,125.77
Asus TUF Gaming GT501,ATX Mid Tower,White / Black,None,Tempered Glass,75.5,4,3,159.99
NZXT H500,ATX Mid Tower,White,None,Tempered Glass,41.3,3,66,
Silverstone ML03B,HTPC,Black,None,None,15.5,2,13,98.99
Jonsbo TK-3,ATX Mid Tower,White,None,Tempered Glass,52.3,2,3,129.99
Cougar MX330,ATX Mid Tower,Black,None,Acrylic,39.4,2,60,
Phanteks Eclipse P400,ATX Mid Tower,Black,None,Tinted Tempered Glass,45.9,2,33,
Jonsbo D41 MESH,ATX Mid Tower,White,None,Tempered Glass,35.4,2,3,
Antec AX26 RGB ELITE,ATX Mid Tower,,None,Tempered Glass,32.2,2,0,
Fractal Design Meshify 3 RGB,ATX Mid Tower,Black,None,Tinted Tempered Glass,50.3,2,1,174.99
Mars Gaming MC-WOOD,ATX Mid Tower,Black / Brown,None,Tempered Glass,41.2,2,0,172.77
Thermaltake The Tower 100,Mini ITX Tower,Black,None,Tempered Glass,32.7,2,6,
MSI MPG VELOX 100R,ATX Mid Tower,White,None,Tempered Glass,53.7,2,0,
Razer Tomahawk ATX,ATX Mid Tower,Black,None,Tinted Tempered Glass,,3,3,219.98
KOLINK VOID X ARGB,ATX Mid Tower,Black,None,Tempered Glass,,2,1,
Jonsbo D41 MESH SCREEN,ATX Mid Tower,Black,None,Tempered Glass,35.4,2,2,
KOLINK Void,ATX Mid Tower,White / Black,None,Tempered Glass,,2,0,
Lian Li LANCOOL 205 Mesh C,ATX Mid Tower,White,None,Tempered Glass,41.3,2,2,93.99
Antec CX500M ARGB,MicroATX Mini Tower,Black,None,Tempered Glass,40.8,2,1,
Corsair iCUE LINK 6500X RGB,ATX Mid Tower,Black,None,Tempered Glass,78.3,2,1,
NZXT H5 Elite,ATX Mid Tower,White,None,Tempered Glass,47,1,8,
Cooler Master MasterBox NR600 ,ATX Mid Tower,Black,None,Tempered Glass,47.3,4,34,
Corsair iCUE 5000X RGB,ATX Mid Tower,Black,850 W,Tempered Glass,66.2,2,0,
ENDORFY Ventum 200,ATX Mid Tower,Black,None,None,34.6,1,0,93.24
Silverstone SETA D1,ATX Mid Tower,Black,None,None,56.5,8,0,159.76
Thermaltake View 170 ARGB,MicroATX Mini Tower,Pink / Blue,None,Tempered Glass,35,1,0,69.98
Segotep T3 Aeolus,ATX Mid Tower,White,None,Tempered Glass,54.4,3,1,69.98
Apevia Phantom Mesh,MicroATX Mid Tower,Pink,None,Tempered Glass,32.1,1,0,69.98
Thermaltake The Tower 300 Matcha,MicroATX Mini Tower,Green,None,Tempered Glass,53,3,1,149.95
Asus ProArt PA401 Wood Edition,ATX Mid Tower,Beige,None,Mesh,46.6,2,0,142.49
KOLINK Refine,ATX Mid Tower,Black,None,Tempered Glass,40.6,2,0,
Thermaltake CTE C750 ARGB,ATX Full Tower,Black,None,Tempered Glass,110.7,7,0,184.98
Aerocool Bolt,ATX Mid Tower,Black,None,Acrylic,35.3,2,2,
Deepcool CC360 ARGB,MicroATX Mini Tower,White,None,Tinted Tempered Glass,38.7,2,3,
Asus TUF Gaming GT302 ARGB,ATX Mid Tower,White,None,Tempered Glass,59.3,2,0,152.99
Lian Li O11D XL-W,ATX Full Tower,White / Black,None,Tempered Glass,68.9,4,27,
Jonsbo C6,MicroATX Mini Tower,White,None,Mesh,15.9,1,1,60
Cooler Master Elite 681,ATX Mid Tower,White,None,Tempered Glass,48.5,1,0,
iBuypower Scale Mesh ARGB,ATX Mid Tower,Black,None,Tempered Glass,50.9,1,0,84.99
Montech AIR 1000 LITE,ATX Mid Tower,Black,None,Tempered Glass,45.3,2,2,
Silverstone FARA 515XR,ATX Mid Tower,Black,None,Tempered Glass,39.9,2,0,69.98
Chieftec CI-02B-OP,MicroATX Desktop,Black,None,Mesh,32.8,2,0,
MSI MAG PANO 130R PZ,ATX Mid Tower,Black,None,Tempered Glass,52.3,2,0,
HYTE Hoshimachi Suisei Y70,ATX Mid Tower,Blue / Black,None,Tempered Glass,70.7,2,2,299.99
Silverstone Crown 04,HTPC,Black,None,Mesh,48.2,2,0,499.36
Deepcool MACUBE 110,MicroATX Mini Tower,White,None,Tempered Glass,38.8,2,13,
Corsair iCUE 465X RGB,ATX Mid Tower,Black,None,Tempered Glass,,2,33,
Antec P7 S,ATX Mid Tower,Black,None,None,49.3,2,0,74.99
APNX V1,ATX Mid Tower,Black / Brown,None,Tempered Glass,70.4,2,2,99.99
Fractal Design Epoch RGB,ATX Mid Tower,Black,None,Tinted Tempered Glass,45.1,2,0,129.99
Deepcool CH170 DIGITAL,Mini ITX Tower,White,None,Mesh,19,1,0,
Antec CX800 Wood ARGB,ATX Mid Tower,Black / Brown,None,Tempered Glass,51.2,2,1,
APNX Creator C1,ATX Mid Tower,Black,None,Tempered Glass,53.6,3,0,
Cooler Master MasterBox Q500L,ATX Mid Tower,Black,None,Acrylic,33.8,1,11,
Phanteks Eclipse P500A D-RGB,ATX Mid Tower,Black,None,Tempered Glass,,2,40,
Cooler Master Elite 500 ODD,ATX Mid Tower,Black,None,None,43.1,2,0,128.09
ARCTIC Xtender Mirror,ATX Mid Tower,Black,None,Tempered Glass,64.6,1,0,119.99
In Win BL040.300TB3LF,HTPC,Black,300 W,None,11.6,2,1,100.12
Mars Gaming MCV4,ATX Mid Tower,Black,None,Tempered Glass,50.9,2,0,
Aerocool Interstellar,ATX Mid Tower,,None,Tempered Glass,43.5,2,0,
Asus ROG Strix Helios Gundam Edition,ATX Full Tower,Silver / Multicolor,None,Tempered Glass,83.5,2,0,
Lian Li Lancool II Mesh C RGB,ATX Mid Tower,White,None,Tempered Glass,54.1,3,5,
Asus A32 Plus,ATX Mid Tower,Black,None,Tempered Glass,48.4,2,0,
GAMDIAS ATLAS M1,ATX Mid Tower,White,None,Tempered Glass,41,1,0,49.99
Jonsbo D400,ATX Mid Tower,Black,None,Tempered Glass,59.9,2,1,119.99
Fractal Design Define 7 Dark,ATX Mid Tower,Black,None,Tinted Tempered Glass,62.4,6,4,204.99
Thermaltake The Tower 300,MicroATX Mini Tower,Green / Black,None,Tempered Glass,53,3,2,149.95
KOLINK Inspire K10 ARGB,ATX Mid Tower,Black,None,Tempered Glass,32.1,1,0,
Antec FLUX,ATX Mid Tower,White / Brown,None,Tempered Glass,58.1,2,0,99.99
MSI MAG VAMPIRIC 100R,ATX Mid Tower,Black,None,Tempered Glass,36.5,2,2,75.48
Montech KING 95 PRO,ATX Mid Tower,Blue / Black,None,Tempered Glass,63,5,1,139.9
DIYPC DIY-CUBE01,MicroATX Mini Tower,Black,None,Tempered Glass,40,0,1,
Phanteks Eclipse P300,ATX Mid Tower,Black,None,Tinted Tempered Glass,36,2,68,
Antec P20C,ATX Mid Tower,Black,None,Tempered Glass,50.6,2,5,79.99
Lian Li LL01 CG237 RGB,ATX Mid Tower,White,None,Tempered Glass,49.5,2,0,103.99
Phanteks XT View,ATX Mid Tower,White,None,Tempered Glass,50.6,2,2,
Corsair 2500X Walnut,MicroATX Mini Tower,Black / Brown,None,Tempered Glass,54.8,2,1,
ENDORFY Arx 700 ARGB,ATX Mid Tower,Black,None,Tempered Glass,54.2,1,2,
Phanteks Eclipse P360A,ATX Mid Tower,Black,None,Tempered Glass,42.3,2,36,
Silverstone FARA H1M,MicroATX Mini Tower,Black,None,None,30.1,2,0,75.56
KOLINK Satellite,MicroATX Desktop,Black,None,Mesh,13.8,3,0,
Deepcool CH690 DIGITAL,ATX Mid Tower,Black,None,Tempered Glass,107.9,1,0,
Fractal Design Meshify 2 Mini,MicroATX Mid Tower,White / Black,None,Tempered Glass,33,2,4,149.19
KOLINK Observatory Y AMD SE,ATX Mid Tower,Black,None,Tempered Glass,53.1,2,0,
NZXT H5 Flow RGB ,ATX Mid Tower,Black,None,Tempered Glass,47,1,18,
Cooler Master HAF XB EVO,ATX Desktop,Black,None,Mesh,61.7,2,46,
Lian Li O11D XL-X,ATX Full Tower,Black,None,Tempered Glass,68.9,4,40,
SSUPD Meshroom S w/PCIe 4.0 Riser,ATX Mini Tower,Black,None,Mesh,14.9,0,0,
Antec AX27 RGB ELITE,ATX Mid Tower,,None,Tempered Glass,32.2,2,0,
CiT Flash,MicroATX Mid Tower,Black,None,Tempered Glass,,2,2,
GameMax Vista A,ATX Mid Tower,Black,None,Tempered Glass,44.1,2,1,79.99
Corsair iCUE 5000X RGB,ATX Mid Tower,White / Gray,None,Tempered Glass,66.2,2,11,
be quiet! Shadow Base 800 DX,ATX Mid Tower,Black,None,Tempered Glass,70.9,2,1,
HYTE Persona 3 Reload Y70,ATX Mid Tower,Black / Multicolor,None,Tempered Glass,70.7,2,0,269.99
Lian Li LANCOOL 206,ATX Mid Tower,White,None,Tempered Glass,49.6,3,0,164.7
GAMDIAS TALOS E2 ELITE,ATX Mid Tower,Black,None,Tempered Glass,,2,2,69.98
Silverstone SUGO 15,Mini ITX Desktop,Black,None,None,19.1,0,2,184.98
Jonsbo D32 STD MESH,MicroATX Desktop,,None,Tempered Glass,25.7,1,0,
Thermaltake S200 TG ARGB,ATX Mid Tower,Black,None,Tempered Glass,38.2,2,2,
Corsair Obsidian Series 900D,ATX Full Tower,Black,None,Acrylic,112.6,9,26,
Corsair Crystal Series 680X RGB,ATX Mid Tower,White / Black,None,Tempered Glass,73.5,3,12,164.99
Phanteks Eclipse G300A ,ATX Mid Tower,Black,None,Tempered Glass,37.2,1,6,
Mars Gaming MC-3TCORE,ATX Mid Tower,White,None,Tempered Glass,50.5,1,0,
ADATA XPG INVADER X,ATX Mid Tower,Black,None,Tempered Glass,52.1,3,0,
Fractal Design Define R4,ATX Mid Tower,Black,None,Acrylic,56,8,156,
NZXT H510i,ATX Mid Tower,Black,None,Tempered Glass,41.3,2,28,
Lian Li O11 Dynamic EVO,ATX Mid Tower,Gray / Black,None,Tinted Tempered Glass,60.8,6,7,
be quiet! Pure Base 501 Airflow,ATX Mid Tower,White,None,None,48.1,2,0,99.89
Antec CX600M Trio ARGB,MicroATX Mini Tower,White,None,Tempered Glass,46.8,1,0,
Lian Li O11 Dynamic Mini,ATX Mid Tower,White / Black,None,Tempered Glass,43,2,22,
Cooler Master MasterBox Lite 5,ATX Mid Tower,Black,None,Acrylic,42.7,2,22,
Lian Li LANCOOL 205M,MicroATX Mid Tower,Black,None,Tempered Glass,,2,24,
Anidees AI Crystal XL AR 3,ATX Full Tower,Black,None,Tempered Glass,86.7,15,0,
NZXT H7 Flow ,ATX Mid Tower,White,None,Tempered Glass,55.8,2,10,
MSI MPG Sekira 100P,ATX Mid Tower,Black,None,Tempered Glass,42.9,2,0,
Jonsbo TK-2 2.0,ATX Mid Tower,Black,None,Tempered Glass,53.2,1,0,180
ADATA XPG VALOR AIR,ATX Mid Tower,Black,None,Tempered Glass,35.8,3,0,
HYTE Y70 Touch,ATX Mid Tower,Black,None,Tempered Glass,70.7,2,2,
NZXT H440,ATX Mid Tower,Black / Red,None,Acrylic,53.3,8,103,
HYTE Y70 Touch,ATX Mid Tower,White,None,Tempered Glass,70.7,2,0,
darkFlash DY470,ATX Mid Tower,White,None,Tempered Glass,70.1,2,0,
Silverstone PS16B,MicroATX Mini Tower,Black,None,None,,3,4,77.36
Lian Li V3000 PLUS White GGF Edition,ATX Full Tower,White,None,Tempered Glass,127.6,8,3,
Corsair Vengeance C70,ATX Mid Tower,Green,None,Acrylic,61.4,6,41,
Corsair Carbide Series Air 540,ATX Mid Tower,Black,None,Acrylic,62.6,2,109,
Cooler Master TD300 Mesh,MicroATX Mini Tower,White / Black,None,Tempered Glass,,2,2,99.99
darkFlash DB330M Mesh,MicroATX Mini Tower,Black,None,Mesh,29,1,1,
Fractal Design Epoch XL RGB,ATX Full Tower,Black,None,Tinted Tempered Glass,61.4,2,0,149.99
Antec CX200M RGB ELITE,MicroATX Mini Tower,White,None,Tempered Glass,28.8,2,3,
NZXT S340 Elite,ATX Mid Tower,Black,None,Tempered Glass,41.6,2,107,
Jonsbo TK-4,ATX Mid Tower,Black,None,Tempered Glass,73.2,4,0,199
Silverstone GD08B,HTPC,Black,None,None,33.4,8,4,219.51
KOLINK Observatory HF Glass ARGB,ATX Mid Tower,White,None,Tempered Glass,35,2,0,
Gigabyte C102 GLASS,MicroATX Mid Tower,Black,None,Tempered Glass,42.5,2,0,
KOLINK Observatory Lite,ATX Mid Tower,White / Black,None,Tempered Glass,33.4,2,1,
Mars Gaming MC-3TCORE,ATX Mid Tower,Black,None,Tempered Glass,50.5,1,1,
Thermaltake Tower 900,ATX Full Tower,Black,None,Tempered Glass,153.6,6,4,
Corsair Obsidian 500D RGB SE,ATX Mid Tower,Black,None,Tinted Tempered Glass,59.4,2,32,
Phanteks Eclipse P400A Digital,ATX Mid Tower,Black,None,Tempered Glass,45.9,2,84,
be quiet! Pure Base 500 FX,ATX Mid Tower,Black,None,Tempered Glass,48.3,2,24,
Fractal Design Meshify 2 Mini,MicroATX Mid Tower,Black,None,Tinted Tempered Glass,33,2,14,
Anidees AI CRYSTAL XL PRO LITE,ATX Full Tower,Black,None,Tempered Glass,,0,0,289.9
Thermaltake CTE C700 Air,ATX Mid Tower,Black,None,Tempered Glass,93.8,7,1,129.99
Linkworld 920-01C2121U,HTPC,Black,150 W,None,5.3,0,0,45
Zalman S3,ATX Mid Tower,Black,None,Tempered Glass,38.4,2,0,54.98
Antec CX300 RGB ELITE,ATX Mid Tower,Black,None,Tempered Glass,44.9,2,1,
Montech HS02,ATX Mid Tower,Black,None,Tempered Glass,55.3,2,0,84.9
Silverstone SUGO 14,Mini ITX Desktop,White,None,None,19.5,0,0,144.72
Thermaltake View 600,ATX Mid Tower,Black,None,Tempered Glass,81.4,3,0,169.99
Antec AX81 ELITE,ATX Mid Tower,Black,None,Tempered Glass,42.9,2,0,
Corsair Carbide Series 275R,ATX Mid Tower,White,None,Tempered Glass,44.2,2,25,
Gigabyte C102 GLASS,MicroATX Mid Tower,White,None,Tempered Glass,42.5,2,1,79.98
Thermaltake View 71 TG RGB,ATX Full Tower,Black,None,Acrylic,,4,18,219.99
SSUPD Xhuttle,ATX Mid Tower,Black,None,Tempered Glass,50.2,2,0,139.99
Jonsbo D300,MicroATX Mid Tower,Black,None,Tempered Glass,45.8,2,2,
Fractal Design Torrent Nano RGB,Mini ITX Tower,Black,None,Tinted Tempered Glass,34.6,1,10,
Tecware Forge M2,MicroATX Mid Tower,Black,None,Tempered Glass,27.3,2,1,
GameMax Infinity,ATX Mid Tower,Black,None,Tempered Glass,45.7,1,0,
YEYIAN Hussar,MicroATX Mini Tower,Black,None,Tempered Glass,26.6,1,0,
Apevia PRISM,MicroATX Mid Tower,Pink,None,Tempered Glass,35.4,2,0,71.98
Thermaltake Versa H18,MicroATX Mini Tower,Black,None,Acrylic,30.4,2,17,
Chieftec APEX AIR,ATX Mid Tower,Black,None,Tempered Glass,52.9,2,0,191.5
be quiet! Shadow Base 800,ATX Mid Tower,Black,None,Tempered Glass,70.9,2,1,
Deepcool CG580,ATX Mid Tower,Black,None,Tempered Glass,51.5,2,0,
Cooler Master MasterBox MB320L ARGB,MicroATX Mini Tower,Black,None,Tempered Glass,38.8,2,15,
NZXT H7 Elite ,ATX Mid Tower,White,None,Tempered Glass,55.8,2,2,
Cooler Master Storm Stryker,ATX Full Tower,White / Black,None,Acrylic,86.7,8,68,
Corsair Carbide Series SPEC-02,ATX Mid Tower,Black / Red,None,Acrylic,,3,100,
NZXT S340,ATX Mid Tower,White,None,Acrylic,38.4,3,153,
KOLINK Unity Lateral ARGB,ATX Mid Tower,Black,None,Tempered Glass,53.4,2,0,
Phanteks Enthoo Pro 2,ATX Full Tower,Black,None,None,,12,3,
Raidmax INFINITA i802 AIR,ATX Mid Tower,Black,None,Tempered Glass,38,2,0,59.99
Asus A23 PLUS,MicroATX Mid Tower,Black,None,Tempered Glass,47.4,2,0,
HYTE REVOLT 3,Mini ITX Tower,White,None,Mesh,18.4,1,6,109.99
Fractal Design Torrent Nano RGB,Mini ITX Tower,White,None,Tempered Glass,34.6,1,1,
Fractal Design Meshify C,ATX Mid Tower,Black,None,Tempered Glass,40.6,2,95,
Cougar Airface Pure Pro,ATX Mid Tower,Black,None,Tempered Glass,38,2,0,
Antec DF600 FLUX,ATX Mid Tower,Black,None,Tempered Glass,,3,6,
be quiet! Pure Base 600,ATX Mid Tower,Black,None,Tempered Glass,50.9,3,2,
SHARKOON AK6 RGB,ATX Mid Tower,Black,None,Tempered Glass,47.5,2,2,
MSI MAG FORGE 320R AIRFLOW,ATX Mid Tower,White,None,Tempered Glass,49.4,2,0,
Cooler Master HAF X,ATX Full Tower,Black,None,Acrylic,75,5,45,
MSI MAG PANO 100L PZ,ATX Mid Tower,White,None,Tempered Glass,72.5,2,0,129.99
be quiet! Silent Base 802,ATX Mid Tower,White,None,Tempered Glass,83.8,3,6,229.99
Antec VSK2000-U3,HTPC,Black,None,None,,1,1,
Gigabyte AORUS C400,ATX Mid Tower,Black,None,Tempered Glass,42.8,2,0,207.66
Thermaltake AH T600,ATX Full Tower,Black,None,Tempered Glass,161.6,2,1,
FSP Group CUT593A,ATX Full Tower,Black,None,Tempered Glass,62.6,3,1,
iBuypower Element 9 PRO,ATX Mid Tower,Black,None,Tempered Glass,49.2,2,1,109.99
Antec Flux Rear,ATX Mid Tower,Black,None,Tempered Glass,50.8,1,0,79.99
MSI PANO 130R MLG EDITION,ATX Mid Tower,Red / Black,None,Tempered Glass,52.3,2,0,164.99
Corsair iCUE 5000T RGB,ATX Mid Tower,Black,None,Tempered Glass,74.5,2,3,239.99
SHARKOON VK2 RGB,ATX Mid Tower,Black,None,Tempered Glass,40.5,1,0,
Aerocool P300C,MicroATX Mini Tower,Black,None,Tempered Glass,49.8,2,0,
Cooler Master HAF 700 EVO,ATX Full Tower,White,None,Tempered Glass,,12,0,
Corsair 4000D,ATX Mid Tower,Black,None,Tempered Glass,48.6,2,14,
Fractal Design Meshify C Mini,MicroATX Mini Tower,Black,None,Tinted Tempered Glass,36.6,2,83,
Asus ROG Strix Helios EVA Edition,ATX Full Tower,Black / Multicolor,None,Tinted Tempered Glass,83.5,2,1,
NCASE M1,Mini ITX Tower,Silver / Black,None,None,13.9,2,0,
ARCTIC Xtender VG,ATX Mid Tower,Black,None,Tinted Tempered Glass,64.6,1,0,142.49
CiT DS240,MicroATX Mini Tower,White,None,Tempered Glass,36.7,1,0,
Cooler Master MasterCase H500M,ATX Mid Tower,Black,None,Tempered Glass,73.7,2,25,
Antec NX410,ATX Mid Tower,Black,None,Tempered Glass,39.7,2,9,
Corsair Obsidian Series 750D,ATX Full Tower,Black,None,Acrylic,71.3,6,29,
FormD T1 V2.1 CNC Anodized,Mini ITX Desktop,Silver,None,Mesh,,0,1,
Vetroo AL800,ATX Mid Tower,White,None,Tempered Glass,46.4,2,1,59.99
KOLINK Stronghold Prism,ATX Mid Tower,Black,None,Tempered Glass,37.6,2,0,
GAMDIAS NESO P1,ATX Full Tower,Black,None,Tempered Glass,75.2,5,0,139.99
DIYPC DIY-CUBE01,MicroATX Mini Tower,White,None,Tempered Glass,40,0,0,
SHARKOON Rebel C20 ITX RGB,Mini ITX Desktop,Black,None,Mesh,29.5,1,0,
Antec DF700 FLUX,ATX Mid Tower,Black,None,Tempered Glass,49.9,3,17,
NZXT H210i,Mini ITX Tower,White,None,Tempered Glass,27.3,1,34,
SAMA ARGB-Q5,MicroATX Mini Tower,Black,None,Tempered Glass,31.5,2,9,
SHARKOON VK2,ATX Mid Tower,Black,None,None,40.5,2,0,
Thermaltake S200 TG ARGB,ATX Mid Tower,White,None,Tempered Glass,38.2,2,0,
HYTE Metaphor: ReFantazio Y70,ATX Mid Tower,Brown / Gold,None,Tempered Glass,70.7,2,0,299.99
Lian Li TU150,Mini ITX Desktop,Black,None,Tempered Glass,23.8,1,22,
NZXT H7 Flow ,ATX Mid Tower,White / Black,None,Tempered Glass,55.8,2,19,
Phanteks ECLIPSE G500A DRGB,ATX Mid Tower,Black,None,Tempered Glass,61.8,2,13,
Rosewill ACA502B,ATX Mid Tower,Black,None,Tempered Glass,51.7,2,0,
BGears b-Voguish,ATX Mid Tower,Black,None,Tempered Glass,,2,0,54.99
Lian Li PC-V3000,ATX Full Tower,Black,None,Tinted Tempered Glass,,9,0,250
KOLINK KLM-002,MicroATX Mini Tower,Black,None,None,9.6,0,0,
SSUPD Meshlicious,Mini ITX Tower,White,None,Mesh,14.7,0,7,
Montech KING 45 PRO,ATX Mid Tower,White,None,Tempered Glass,50.9,2,1,119.9
Jonsbo D31 MESH Screen,MicroATX Mini Tower,White,None,Tempered Glass,31.3,1,5,
Thermaltake Core V1,Mini ITX Desktop,White,None,Acrylic,22.4,2,39,
Jonsbo T6,Mini ITX Tower,,None,None,13.7,0,1,
Cooler Master HAF 912,ATX Mid Tower,Black,None,None,54.9,6,94,
Phanteks Eclipse P350X,ATX Mid Tower,Black,None,Tinted Tempered Glass,41,2,67,
Silverstone CS351,MicroATX Desktop,Black,None,None,22.8,2,0,213.99
MSI MPG GUNGNIR 300P AIRFLOW,ATX Mid Tower,Black,None,Tempered Glass,60.5,2,1,
Thermaltake V200 RGB,ATX Mid Tower,Black,None,Tempered Glass,,2,15,
darkFlash DLM 21,MicroATX Mid Tower,Black,None,Tempered Glass,,2,11,
Corsair 275R Airflow,ATX Mid Tower,White / Black,None,Tempered Glass,,2,39,
SSUPD Meshroom S V2 w/PCIe 4.0 Riser,MicroATX Mini Tower,White,None,Mesh,14.9,2,0,
Silverstone FARA 313 Type-C,MicroATX Mid Tower,Black,None,None,26.7,3,0,76.64
KOLINK UNITY PEAK ARGB,ATX Mid Tower,Black,None,Tempered Glass,41,2,0,
Jonsbo C6 MAX,MicroATX Desktop,White,None,Tempered Glass,20.8,1,0,
Asus TUF Gaming GT502 Plus,ATX Mid Tower,Black,None,Tempered Glass,57.2,4,1,
MSI MEG PROSPECT 700R,ATX Mid Tower,Black,None,Tempered Glass,80.7,2,0,
ENDORFY ARX 500 ARGB,ATX Mid Tower,Black,None,Tempered Glass,47.5,1,0,
Lian Li PC-D8000,ATX Full Tower,Black,None,None,144.9,20,0,
In Win H-Frame 2.0,ATX Full Tower,,1065 W,Tempered Glass,,6,0,
Corsair Carbide Series 175R RGB,ATX Mid Tower,Black,None,Tempered Glass,,2,15,
KOLINK KLA-003,ATX Mid Tower,Black,None,None,26.2,0,0,
Corsair iCUE 5000T LX RGB,ATX Mid Tower,White,None,Tempered Glass,74.5,2,0,364.99
Montech Heritage PRO,MicroATX Mid Tower,White,None,Tempered Glass,41.5,1,0,109.9
be quiet! Light Base 500 LX,ATX Mid Tower,White,None,Tempered Glass,57.4,2,0,124.9
Sliger CX2130x,Rackmount 2U,Black,None,None,12.5,2,0,209
Corsair iCUE 5000X RGB QL Edition,ATX Mid Tower,White,None,Tempered Glass,66.2,2,3,
Gigabyte AORUS C500 GLASS,ATX Mid Tower,Black,None,Tempered Glass,116.6,2,0,
Asus A23 Hatsune Miku Edition,MicroATX Mini Tower,White / Teal,None,Tempered Glass,47.4,2,0,
GameMax Vista M,MicroATX Mini Tower,Black,None,Tempered Glass,40.9,2,3,61.99
NZXT H210,Mini ITX Tower,Black,None,Tempered Glass,27.3,1,30,
MSI MPG GUNGNIR 111R,ATX Mid Tower,Black,None,Tempered Glass,44.4,2,2,
Cooler Master Cosmos II,ATX Full Tower,Black,None,None,160.8,13,14,
Deepcool MATREXX 55 V3 ADD-RGB 3F,ATX Mid Tower,Black,None,Tempered Glass,,2,9,
Mars Gaming MC-CURV,ATX Mid Tower,Black,None,Tempered Glass,34.6,2,0,
KOLINK UNITY CODE X,ATX Mid Tower,Black,None,Tempered Glass,,2,0,
Silverstone SG13 V2,Mini ITX Tower,Pink,None,None,11.5,1,2,71.33
KOLINK Observatory MX Glass ARGB,ATX Mid Tower,White,None,Tempered Glass,30.8,2,0,
Fractal Design Meshify 3 XL RGB,ATX Full Tower,White,None,Tempered Glass,72.6,2,0,209.99
Cougar MX360 RGB,ATX Mid Tower,Black,None,Tempered Glass,36.5,2,0,
Antec CX600M Trio ARGB,MicroATX Mini Tower,Black,None,Tempered Glass,46.8,1,1,
be quiet! Pure Base 600,ATX Mid Tower,Black / Orange,None,Tempered Glass,50.9,3,9,
Fractal Design Torrent RGB,ATX Mid Tower,White,None,Tempered Glass,69.8,2,2,265.98
Antec VSK3000B U3,MicroATX Mini Tower,Black,None,None,,2,2,
Montech SKY TWO,ATX Mid Tower,Blue,None,Tempered Glass,45.3,2,1,
NZXT H630,ATX Full Tower,Black,None,None,,8,3,
"BitFenix BitFenix Neos Window Side Panel Computer Case, White/Red BFC-NEO-100-WWWKR-RP, ATX/Micro ATX/Mini-ITX Form Factor, Compatible with ATX PSU",ATX Mid Tower,White / Red,None,Acrylic,37,3,0,
NZXT H710,ATX Mid Tower,White,None,Tempered Glass,58.6,4,16,
ENDORFY Signum 300 ARGB,ATX Mid Tower,Black,None,Tempered Glass,39.9,2,0,
ADATA XPG VALOR AIR PLUS ARGB,ATX Mid Tower,White,None,Tempered Glass,38.6,2,0,94.78
Jonsbo N2,Mini ITX Desktop,White,None,None,11.1,5,0,
Corsair Crystal 280X RGB,MicroATX Mid Tower,White,None,Tempered Glass,,2,12,239.99
GameMax MeshBox Pro,ATX Mid Tower,Black,None,Mesh,33.5,1,1,
Deepcool CH780,ATX Full Tower,Black,None,Tempered Glass,72.7,2,1,
Montech AIR 1000 PREMIUM,ATX Mid Tower,Black,None,Tempered Glass,45.3,2,5,
Corsair 6500X,ATX Mid Tower,Black / Brown,None,Tempered Glass,78.3,2,1,
Cooler Master MasterBox TD500 Mesh White w/ Controller,ATX Mid Tower,White,None,Tempered Glass,,2,31,
NZXT H440,ATX Mid Tower,Black / White,None,Acrylic,53.3,8,121,
Fractal Design Core 500,Mini ITX Desktop,Black,None,None,18.6,3,30,
Cooler Master MasterBox TD500 ARGB,ATX Mid Tower,Black,None,Tempered Glass,50.1,2,1,
DAN Cases C4-SFXv1,Mini ITX Desktop,Black,None,Mesh,15.9,0,1,
Thermaltake S370 WS,ATX Mid Tower,Black,None,Tempered Glass,57.9,4,0,119.99
Thermaltake View 380 XL WS ARGB,ATX Mid Tower,Green / Brown,None,Tempered Glass,64.2,1,0,149.99
Silverstone SUGO 17,MicroATX Desktop,Black,None,Mesh,26.1,1,0,227.58
be quiet! Shadow Base 800 FX,ATX Mid Tower,White,None,Tempered Glass,70.9,2,1,119.9
Corsair 5000T,ATX Mid Tower,Black,None,Tempered Glass,74.5,2,1,244.99
Cooler Master MasterBox 600 Lite,ATX Mid Tower,Black,None,Tempered Glass,52.4,2,0,116.37
Fractal Design Define 7 Nano,Mini ITX Tower,Black,None,Tinted Tempered Glass,29.5,1,2,
GAMDIAS AURA GC1,ATX Mid Tower,Black,None,Tempered Glass,31.1,2,0,
Montech Heritage,MicroATX Mid Tower,White,None,Tempered Glass,41.5,1,0,89.9
Apevia PRISM,MicroATX Mid Tower,Black,None,Tempered Glass,35.4,2,1,69.98
Thermaltake View 390 Air,ATX Mid Tower,Black,None,Tempered Glass,70,2,0,144.98
Gigabyte AORUS C700,ATX Full Tower,Black,None,Tempered Glass,144.2,4,0,
Lian Li LANCOOL 215,ATX Mid Tower,White,None,Tempered Glass,,2,6,
Cougar MX600 RGB,ATX Full Tower,Black,None,Tempered Glass,57.8,1,0,
Cooler Master Elite 130,Mini ITX Tower,Black,None,None,19.8,3,72,
Fractal Design Define R6,ATX Mid Tower,Black / White,None,None,56.7,6,6,
Apex MW-107V,Mini ITX Tower,Black / White,60 W,None,2.9,0,0,
Cooler Master Storm Trooper,ATX Full Tower,Black,None,None,87.7,8,27,
Corsair Carbide Series SPEC-05,ATX Mid Tower,Black,None,Acrylic,41.6,3,12,
Fractal Design Define 7 XL Light,ATX Full Tower,Black,None,Tempered Glass,82,6,4,
Tecware Forge M,MicroATX Mini Tower,Black,None,Tempered Glass,34.4,1,5,
Silverstone ML06B,HTPC,Black,None,None,7.1,0,1,92.07
Antec Performance 1 M,Mini ITX Desktop,Black,None,Mesh,19.3,0,0,248.99
Zalman S4 Plus,ATX Mid Tower,Black,None,Tinted Acrylic,,2,2,
be quiet! Pure Base 500,ATX Mid Tower,White,None,None,46,2,5,119.99
Cooler Master MasterBox MB600L V2,ATX Mid Tower,Black,None,Tempered Glass,37.7,2,0,
Azza Neptune,ATX Mid Tower,Black / Brown,None,Tempered Glass,43.1,1,1,79.99
Thermalright TL-M10,MicroATX Mid Tower,Black,None,Tempered Glass,49.3,2,0,
In Win BQS656.DD120BL,Mini ITX Desktop,Black,120 W,None,3.3,0,2,
Corsair Graphite Series 760T,ATX Full Tower,Black,None,Acrylic,78.8,6,33,
Fractal Design Define C,ATX Mid Tower,Black,None,None,39.3,2,29,
Lian Li LANCOOL II-X,ATX Mid Tower,Black,None,Tempered Glass,,3,48,
Cooler Master MasterBox TD500 Mesh w/ Controller,ATX Mid Tower,Black,None,Tempered Glass,,2,53,
Rosewill Helium Flow,ATX Mid Tower,White,None,None,50.5,3,1,79.98
SHARKOON VS9,ATX Mid Tower,Black,None,None,42.1,2,0,
KOLINK Observatory Duo ARGB,ATX Mid Tower,Black,None,Tempered Glass,38.9,2,0,
Thermaltake The Tower 300,MicroATX Mini Tower,Turquoise / Black,None,Tempered Glass,53,3,0,149.99
Corsair 2500X Bamboo,MicroATX Mini Tower,White / Brown,None,Tempered Glass,54.8,2,0,
SHARKOON MS-Y1000,MicroATX Mid Tower,White,None,Tempered Glass,26.2,1,0,
Lian Li Q58 ,Mini ITX Desktop,White,None,Tempered Glass,14.5,0,4,
Thermaltake Core P3 TG Snow Edition,ATX Mid Tower,White,None,Tempered Glass,80.1,2,15,
Corsair Vengeance C70,ATX Mid Tower,Black,None,Acrylic,61.4,6,47,
Fractal Design Node 202,HTPC,Black,450 W,None,11,0,25,
Thermaltake View 71 ARGB,ATX Full Tower,Black,None,Tempered Glass,,4,0,
Lian Li Lancool II Mesh,ATX Mid Tower,White,None,Tempered Glass,54.1,3,37,
Lian Li O11 Dynamic Mini,ATX Mid Tower,Black,750 W,Tempered Glass,43,2,4,
FormD T1 V2.1 Aluminum Coated,Mini ITX Desktop,Black,None,Mesh,,0,0,
DIYPC Vanguard-F2,ATX Full Tower,Black,None,Tempered Glass,61.9,3,0,
GAMDIAS TALOS E3 WH,ATX Mid Tower,White / Black,None,Tempered Glass,,2,2,57.75
CiT SO14B,MicroATX Desktop,Black,300 W,None,12.3,2,0,
Cooler Master Silencio S400,MicroATX Mini Tower,Black,None,None,,4,11,
Okinos Mirage 6,ATX Mid Tower,Black / Brown,None,Tempered Glass,51.2,2,0,145.19
Montech KING 15,MicroATX Mid Tower,Black,None,Tempered Glass,46.6,2,0,89
Sliger CX4200a,Rackmount 4U,Black,None,None,38.9,3,0,289
KOLINK Observatory MX Mesh ARGB,ATX Mid Tower,Black,None,Tempered Glass,30.8,2,0,
KOLINK OBSERVATORY LITE MESH RGB,ATX Mid Tower,Black,None,Tempered Glass,,2,8,
SAMA NEVIEW 2851A,ATX Mid Tower,Black,None,Tempered Glass,53.9,1,0,
Fractal Design Define S,ATX Mid Tower,Black,None,None,57.7,3,21,
Corsair Carbide Series SPEC-04,ATX Mid Tower,Black / Red,None,Acrylic,42.8,3,15,
MSI MAG VAMPIRIC 010,ATX Mid Tower,Black,None,Tempered Glass,41.9,2,5,
NZXT H710i,ATX Mid Tower,Black / Red,None,Tempered Glass,58.6,4,4,
Fractal Design Meshify 3 RGB,ATX Mid Tower,White,None,Tempered Glass,50.3,2,0,166.24
Thermaltake View 290 TG ARGB,ATX Mid Tower,Black,None,Tempered Glass,57.4,2,1,109.45
Jonsbo D400,ATX Mid Tower,White,None,Tempered Glass,59.9,2,0,
SHARKOON QB ONE,Mini ITX Desktop,Black,None,Mesh,14.9,2,0,
Montech KING 95,ATX Mid Tower,Black,None,Tempered Glass,63,5,5,
Silverstone Milo 12,HTPC,Black,None,Mesh,15.6,0,0,187.86
Montech Heritage,MicroATX Mid Tower,Black,None,Tempered Glass,41.5,1,2,
Deepcool CH560,ATX Mid Tower,Black,None,Tempered Glass,49.6,2,8,
Corsair 4000D,ATX Mid Tower,White,None,Tempered Glass,48.6,2,9,
Corsair Crystal 280X RGB,MicroATX Mid Tower,Black,None,Tempered Glass,,2,20,
Antec CX500M RGB,MicroATX Mini Tower,White,None,Tempered Glass,40.8,2,1,
Aerocool Zauron V1,ATX Mid Tower,Black,None,Tempered Glass,39.6,2,0,
HYTE Y70 Touch,ATX Mid Tower,Black / White,None,Tempered Glass,70.7,2,3,
Corsair Carbide Series 500R,ATX Mid Tower,Black,None,None,54.2,6,43,
NZXT Phantom 410,ATX Mid Tower,White / Black,None,Acrylic,58.5,6,74,
Corsair Carbide Series 100R,ATX Mid Tower,Black,None,Acrylic,,4,52,
Lian Li LANCOOL II-W,ATX Mid Tower,White / Black,None,Tempered Glass,,3,23,
SSUPD Xhuttle,ATX Mid Tower,White,None,Tempered Glass,50.2,2,1,139.99
Fractal Design Pop Silent,ATX Mid Tower,Black,None,Tempered Glass,46.2,2,0,318.24
Sliger CX3150a,Rackmount 3U,Black,None,None,21.8,0,0,219
Jonsbo D31 MESH,MicroATX Mini Tower,White,None,Tempered Glass,31.3,1,4,
Deepcool CH690 DIGITAL,ATX Mid Tower,White,None,Tempered Glass,107.9,1,1,
Antec Dark Phantom DP301M,MicroATX Mid Tower,Black,None,Acrylic,,2,12,
CiT DS360,ATX Mid Tower,White,None,Tempered Glass,52.1,0,0,
Okinos Cypress 7,ATX Mid Tower,Black / Brown,None,Tempered Glass,50.9,2,0,
Thermaltake V250 TG ARGB,ATX Mid Tower,Black,None,Tempered Glass,,2,7,
Cooler Master HAF 500,ATX Mid Tower,Black,None,Tempered Glass,,2,3,
Fractal Design Define R5,ATX Mid Tower,Black,None,Acrylic,54.2,8,49,
HYTE Y70 Silver Wolf,ATX Mid Tower,Black / Purple,None,Tempered Glass,70.7,2,0,
Aerocool D501A V2,ATX Mid Tower,White,None,Tempered Glass,46.5,2,0,79.98
Silverstone SG13,Mini ITX Tower,White / Black,None,None,11.5,1,10,
MSI PRO FORGE M050A,MicroATX Mini Tower,Black,None,Tempered Glass,32.8,2,0,
Corsair 4000D Airflow Teak,ATX Mid Tower,Black / Brown,None,Tempered Glass,48.6,2,0,
Vetroo AL900,ATX Mid Tower,Black,None,Tempered Glass,48.1,0,1,79.98
Jonsbo D31 MESH Screen,MicroATX Mini Tower,Black,None,Tempered Glass,31.3,1,1,
MSI MAG PANO 100L PZ,ATX Mid Tower,Black,None,Tempered Glass,72.5,2,1,129.99
darkFlash DLM 21,MicroATX Mid Tower,White,None,Tempered Glass,,2,15,
Cooler Master QUBE 500 Flatpack,ATX Mid Tower,White,None,Tempered Glass,38.9,4,5,
BitFenix Nova Mesh SE,ATX Mid Tower,Black,None,Tempered Glass,36.1,2,8,
Fractal Design Focus G Mini,MicroATX Mini Tower,Black,None,Acrylic,36.4,2,27,
Fractal Design Torrent Nano,Mini ITX Tower,Black,None,None,34.6,1,0,
Zalman P30,MicroATX Mini Tower,Black,None,Tempered Glass,45.7,2,9,
Corsair Crystal 460X RGB,ATX Mid Tower,Black,None,Tempered Glass,44.9,2,51,
Thermaltake Ceres 300 TG ARGB,ATX Mid Tower,Green,None,Tempered Glass,53.9,1,1,119.98
CiT MTX-007B,Mini ITX Desktop,Black,180 W,None,5.1,0,0,
Montech HS02 Pro,ATX Mid Tower,White,None,Tempered Glass,55.3,2,0,99.9
Fractal Design Meshify 2 Compact TG Dark Tint,ATX Mid Tower,Black,None,Tinted Tempered Glass,42.3,2,13,
Corsair SPEC-OMEGA RGB,ATX Mid Tower,Black,None,Tempered Glass,,3,6,
Thermaltake The Tower 300 Bumblebee,MicroATX Mini Tower,Yellow / Black,None,Tempered Glass,53,3,1,149.99
Montech KING 45,ATX Mid Tower,Black,None,Tempered Glass,50.9,2,1,87.11
Streacom BC1,ATX Test Bench,Black,None,None,,2,3,
Cooler Master MasterBox MB511 ARGB,ATX Mid Tower,Black,None,Tempered Glass,,2,6,149.99
NZXT H7 Elite ,ATX Mid Tower,Black,None,Tempered Glass,55.8,2,0,
Fractal Design Focus G,ATX Mid Tower,White,None,Acrylic,42.2,2,43,
Fractal Design Meshify 2,ATX Mid Tower,White / Black,None,Tempered Glass,61.7,6,13,
MSI MAG FORGE 112R,ATX Mid Tower,Black,750 W,Tempered Glass,42.5,2,0,
Jonsbo T8 PLUS,Mini ITX Desktop,Black,None,Tempered Glass,12.5,0,1,
Corsair 480T RGB,ATX Mid Tower,Black,None,Tempered Glass,45.4,0,0,
Geometric Future M4 King Arthur,ATX Mid Tower,Black / Yellow,None,Tempered Glass,37.9,2,0,79.9
Apevia Prodigy,MicroATX Mini Tower,Black,None,Tempered Glass,32.5,2,1,54.99
GameMax HYPE,ATX Mid Tower,Black,None,Tempered Glass,113.8,2,0,
Antec CX500M RGB,MicroATX Mini Tower,Black,None,Tempered Glass,40.8,2,0,
Thermaltake Core P3 TG Pro,ATX Mid Tower,,None,Tempered Glass,71.7,4,4,
NOX Hummer ASTRA,ATX Mid Tower,White,None,Tempered Glass,54.7,2,0,
Cooler Master MasterBox 600,ATX Mid Tower,White,None,Tempered Glass,52.4,2,1,
In Win BK623,MicroATX Desktop,Black,300 W,None,12.3,1,0,
Cooler Master MasterCase Pro 5,ATX Mid Tower,Black,None,Acrylic,,5,41,
Corsair iCUE 220T RGB,ATX Mid Tower,Black,None,Tempered Glass,37.3,2,4,
Phanteks Eclipse P500A,ATX Mid Tower,Black,None,Tempered Glass,,2,13,
MOROVOL TW7-S2-BL,MicroATX Mid Tower,Black,None,Tempered Glass,27.1,2,0,
MUSETEX G06MN6-B,ATX Mid Tower,Black,None,Tempered Glass,39.7,2,1,
Deepcool CC560,ATX Mid Tower,White,None,Tempered Glass,41.7,2,4,
AQIRYS Sargas,ATX Mid Tower,Black / Blue,None,Tempered Glass,50.1,2,0,
Xigmatek Cubi ARGB,ATX Mid Tower,Black,None,Tempered Glass,62.8,2,0,
Geometric Future Model 5 Vent Fanless,ATX Mid Tower,Black,None,Tempered Glass,53.8,2,0,99.9
Cooler Master Elite 302,MicroATX Mini Tower,White / Black,None,Tempered Glass,34.1,1,0,
Thermaltake View 370 TG ARGB,ATX Mid Tower,Black,None,Tempered Glass,55.4,0,0,104.98
Antec C8,ATX Full Tower,White / Silver,None,Tempered Glass,66.9,2,1,
Vetroo AL900,ATX Mid Tower,White,None,Tempered Glass,48.1,0,4,79.98
NZXT H7 Flow RGB ,ATX Mid Tower,Black,None,Tempered Glass,55.8,2,11,129.98
KOLINK Stronghold Prime,ATX Mid Tower,Black,None,Tempered Glass,50.8,2,0,
Thermaltake The Tower 200,Mini ITX Tower,Black,None,Tempered Glass,45.1,2,4,
Phanteks Evolv X,ATX Mid Tower,Black,None,Tinted Tempered Glass,64.9,4,10,
BitFenix FLOW,ATX Mid Tower,Black,None,Tempered Glass,42.3,2,3,
Asus A21,MicroATX Mini Tower,White,None,Tempered Glass,44,2,1,
Lian Li LANCOOL 205 Mesh,ATX Mid Tower,Black,None,Tempered Glass,41.3,2,5,195
Sliger CX3701,Rackmount 3U,Black,None,None,21.8,10,0,339
Cooler Master Elite 100,MicroATX Slim,Black,150 W,None,5.6,2,0,
Corsair Carbide Series SPEC-01,ATX Mid Tower,Black,None,Acrylic,38.3,4,100,
Anidees AI Crystal XL AR,ATX Full Tower,Black,None,Tempered Glass,86.7,0,1,
Phanteks Eclipse P600S,ATX Mid Tower,Black,None,Tinted Tempered Glass,,4,13,
MUSETEX G07-S6,ATX Mid Tower,Black,None,Tempered Glass,40.9,1,0,
Aerocool P500A,ATX Mid Tower,Black,None,Tempered Glass,51.9,1,0,
Mechanic Master C24 Sweet Cube Air,Mini ITX Tower,Black,None,Tempered Glass,9.9,1,0,
Apevia Genesis Pro,ATX Mid Tower,Black,None,Tempered Glass,35.7,3,0,69.98
Genesis Irid 503,ATX Mini Tower,Black,None,Tempered Glass,38.8,2,0,
Deepcool CH360,MicroATX Mid Tower,White,None,Tempered Glass,39.7,2,0,
HYTE Persona 3 Reload Y60,ATX Mid Tower,Black / Blue,None,Tempered Glass,60,2,0,229.99
HYTE Mori Calliope Y40,ATX Mid Tower,Black / Red,None,Tempered Glass,49.7,1,1,349.99
Silverstone SUGO 15,Mini ITX Desktop,Silver,None,None,19.1,0,0,162.99
Corsair 2000D RGB AIRFLOW,Mini ITX Tower,White,None,Mesh,24.8,0,0,
be quiet! Dark Base 700,ATX Mid Tower,Black,None,Tempered Glass,,7,18,
Deepcool CH360 DIGITAL,MicroATX Mid Tower,Black,None,Tempered Glass,39.7,2,0,
Cooler Master MasterBox Q300L,MicroATX Mini Tower,White,None,Acrylic,33.6,1,1,
Phanteks Enthoo 719,ATX Full Tower,Black,None,Tempered Glass,81.4,4,5,
Montech KING 95,ATX Mid Tower,White,None,Tempered Glass,63,5,1,
Cooler Master HAF 932 Advanced,ATX Full Tower,Black,None,Acrylic,71.7,5,20,
Corsair Obsidian Series 450D,ATX Mid Tower,Black,None,Acrylic,51.6,3,56,
Fractal Design Torrent Nano,Mini ITX Tower,Black,None,Tinted Tempered Glass,34.6,1,5,
Raidmax X921 MESHIAN,ATX Mid Tower,Black,None,Tempered Glass,36.8,2,0,59.99
Geometric Future M4 King Arthur,ATX Mid Tower,White,None,Tempered Glass,37.9,2,2,79.9
YEYIAN Mirage X,ATX Full Tower,Black,None,Tempered Glass,60.4,1,1,
KOLINK Observatory HF Mesh Core,ATX Mid Tower,Black,None,Tempered Glass,35,4,0,
Jonsbo D32 PRO MESH,MicroATX Desktop,,None,Mesh,25.7,2,0,
Thermaltake AX500,ATX Full Tower,Black,None,Tempered Glass,74.7,5,0,182.99
Phanteks Eclipse G360A,ATX Mid Tower,White,None,Tempered Glass,42.3,2,8,
ENDORFY Signum 300 Air,ATX Mid Tower,Black,None,Tempered Glass,39.9,2,1,134.87
Cougar MX110 RGB,ATX Mid Tower,Black,None,Tempered Glass,32.5,2,1,
be quiet! Silent Base 601,ATX Mid Tower,Black,None,None,,3,0,
Fractal Design Torrent Compact,ATX Mid Tower,Black,None,None,46.7,1,8,
DIYPC V3Plus,Mini ITX Tower,Black,None,None,10.5,1,0,
SHARKOON T9 Value,MicroATX Mid Tower,Black / Red,None,Acrylic,,0,1,
NZXT S340 Elite,ATX Mid Tower,White,None,Tempered Glass,41.6,2,86,
Cougar MX330-G,ATX Mid Tower,Black,None,Tempered Glass,39.4,2,35,
NZXT H500i,ATX Mid Tower,White,None,Tempered Glass,41.3,3,34,
NZXT H710i,ATX Mid Tower,Black,None,Tempered Glass,58.6,4,11,
Silverstone SETA A2,ATX Mid Tower,Black,None,Tempered Glass,68.7,11,0,235.36
Silverstone RM42-502,ATX Mid Tower,Black,None,None,35.4,0,2,392.13
Aerocool Bolt Mini,MicroATX Mini Tower,Black,None,Acrylic,,2,1,
Cougar MX330-G Pro,ATX Mid Tower,Black,None,Tempered Glass,49.1,2,1,
Sliger CX2137a,Rackmount 2U,Black,None,None,12.5,2,0,209
Lian Li LANCOOL 216 RGB w/Controller,ATX Mid Tower,Black,None,Tinted Tempered Glass,55.6,2,2,
Gigabyte C301 GLASS,ATX Mid Tower,Black,None,Tempered Glass,50.6,2,2,
PC Cooler C3 T500 ARGB,ATX Mid Tower,Black,None,Tempered Glass,45.1,2,3,
Thermaltake Core X9,ATX Desktop,Black,None,Acrylic,,7,6,
Raidmax ATX-818WB,MicroATX Mid Tower,Black,None,Acrylic,,4,1,
Corsair Carbide Series 270R,ATX Mid Tower,Black,None,Acrylic,,2,11,
GameMax White Diamond ARGB,ATX Mid Tower,White / Black,None,Tempered Glass,,2,0,
Asus ROG Z11,Mini ITX Tower,Black,None,Tinted Tempered Glass,,1,0,
Fractal Design Meshify 2 RGB,ATX Mid Tower,Black,None,Tempered Glass,61.7,6,8,
APNX V1,ATX Mid Tower,White,None,Tempered Glass,70.4,2,0,99.99
Thermaltake CTE E550,ATX Mid Tower,Orange,None,Tempered Glass,77.4,3,1,159.99
Antec 900,ATX Full Tower,Black,None,Tempered Glass,85.1,4,0,219.99
Cooler Master Masterbox 520,ATX Mid Tower,White,None,Tempered Glass,52.5,2,1,
In Win F5,ATX Full Tower,Black,None,Tempered Glass,65.1,2,0,149
Fractal Design Meshify 2 Compact RGB,ATX Mid Tower,White,None,Tempered Glass,42.3,2,3,341.29
Thermaltake The Tower 300,MicroATX Mini Tower,Brown / Gold,None,Tempered Glass,53,3,1,149.99
Fractal Design Era ITX,Mini ITX Desktop,Silver,None,Tinted Tempered Glass,16.7,1,4,
Phanteks Eclipse G400A,ATX Mid Tower,White,None,Tempered Glass,59.4,2,0,
Cooler Master MasterFrame 500 Mesh ARGB,ATX Mid Tower,Black,None,Tempered Glass,66.9,1,0,173.4
Sliger CX3150x,Rackmount 3U,Black,None,None,21.8,3,0,229
Fractal Design Define Mini C,MicroATX Mid Tower,Black,None,None,35.7,2,37,
Cooler Master HAF 932,ATX Full Tower,Black,None,Acrylic,76.7,5,9,
Topower TP-3030BB-450,MicroATX Mini Tower,Black,450 W,None,25.3,4,0,
Corsair Carbide Series 400C,ATX Mid Tower,Black,None,Acrylic,42.4,2,59,
Thermaltake H200 TG Snow RGB Light Strip,ATX Mid Tower,White,None,Tempered Glass,39.7,2,1,
be quiet! Pure Base 500,ATX Mid Tower,Black,None,Tempered Glass,46,2,13,
Antec NX292,ATX Mid Tower,Black,None,Tempered Glass,37.6,2,1,
Aerocool Hexform RGB,MicroATX Mid Tower,Black,None,Tempered Glass,28,2,0,
Thermaltake CTE T500 Air,ATX Full Tower,White,None,Tempered Glass,87.3,4,0,129.99
Cooler Master Silencio S600,ATX Mid Tower,Black,None,None,47,4,1,
HYTE Watson Amelia Y40,ATX Mid Tower,Gold / Black,None,Tempered Glass,49.7,1,1,279.99
Antec C7 ARGB,ATX Mid Tower,White,None,Tempered Glass,58.9,2,0,150.47
1STPLAYER UV6,MicroATX Mid Tower,Black,None,Tempered Glass,47.8,2,0,
Phanteks Eclipse P360A,ATX Mid Tower,White,None,Tempered Glass,42.3,2,33,
Lian Li PC-A05N,ATX Mini Tower,Black,None,None,39.1,3,1,
Fractal Design Define R4 Blackout,ATX Mid Tower,Black,None,None,56,8,10,
Cooler Master Elite 110,Mini ITX Tower,Black,None,None,15.3,3,39,
Corsair Carbide Series Air 240,MicroATX Mid Tower,Black,None,Acrylic,32.8,3,35,
Corsair Graphite Series 780T,ATX Full Tower,Black,None,Acrylic,109.9,6,16,
Corsair Crystal 570X RGB,ATX Mid Tower,White,None,Acrylic,57.5,2,23,
darkFlash DLM 22,MicroATX Mid Tower,White,None,Tempered Glass,,2,9,
Mars Gaming MC-S1,MicroATX Mini Tower,Black,None,Acrylic,18.6,1,0,
Antec P20CE,ATX Mid Tower,Black,None,None,50.6,2,0,
Thermaltake Ceres 300 TG ARGB,ATX Mid Tower,White,None,Tempered Glass,53.9,1,2,104.98
Deepcool MATREXX 55 MESH,ATX Mid Tower,Black,None,Tempered Glass,44.4,2,11,
Mars Gaming MCZ,MicroATX Mid Tower,Black,None,Tempered Glass,,1,0,
Cooler Master MasterBox 520 Mesh,ATX Mid Tower,Black / White,None,Tempered Glass,52.5,2,1,
Corsair iCUE 4000D RGB Airflow QL Edition,ATX Mid Tower,White,None,Tempered Glass,48.6,2,3,
Chieftec Night Hunter,ATX Mid Tower,,None,Tempered Glass,47.1,2,0,
Corsair Obsidian Series 250D,Mini ITX Tower,Black,None,Acrylic,28.1,2,76,
Antec Nine Hundred,ATX Mid Tower,Black,None,Acrylic,47.1,6,21,
Lian Li PC-V650,ATX Mini Tower,Black,None,None,38.2,7,1,
Tempest Umbra,ATX Mid Tower,Black,None,Tempered Glass,,2,0,
Apevia Genesis Pro,ATX Mid Tower,White,None,Tempered Glass,35.7,3,1,69.98
Silverstone SETA H2M,MicroATX Mid Tower,Black,None,Mesh,46.8,4,0,119.99
Silverstone Sugo 16,Mini ITX Tower,White,None,None,13,1,0,102.54
Zalman M2 Mini Silver,Mini ITX Desktop,Silver / Black,None,Tempered Glass,11.6,0,1,235.96
Thermaltake CTE E600,ATX Mid Tower,Black,None,Tempered Glass,77.4,2,0,134.98
Sliger CX3152i,Rackmount 3U,Black,None,None,21.8,0,0,229
Jonsbo D31 STD,MicroATX Mini Tower,Black,None,Tempered Glass,31.3,1,0,
Aerocool CS-106,MicroATX Mini Tower,Black,None,None,23.9,1,1,
SHARKOON REV300,ATX Full Tower,Black,None,Tempered Glass,65.6,4,0,
Phanteks Evolv S2,ATX Mid Tower,Black,None,Tempered Glass,54.9,1,0,
KOLINK Citadel Mesh RGB,MicroATX Mini Tower,Black,None,Tempered Glass,34.5,2,3,
Phanteks EVOLV SHIFT XT,Mini ITX Desktop,Black,None,Tempered Glass,17.5,0,2,
Cooler Master MasterBox NR400 ,MicroATX Mid Tower,Black,None,Tempered Glass,35.5,4,39,
Montech AIR 100 LITE,MicroATX Mid Tower,White,None,Tempered Glass,36.1,2,1,
GameMax Vista A,ATX Mid Tower,White,None,Tempered Glass,44.1,2,2,
Corsair Graphite Series 780T,ATX Full Tower,Black / White,None,Acrylic,109.9,6,18,
be quiet! Dark Base Pro 900 Rev. 2,ATX Full Tower,Black / Orange,None,Tempered Glass,,7,4,
Thermaltake Level 20 XT,ATX Desktop,Black / Silver,None,Tempered Glass,126.4,6,0,
aigo AZ300,ATX Mid Tower,Black,None,Tempered Glass,49.6,2,0,
Silverstone ML05B,HTPC,Black,None,None,,0,6,72.99
Silverstone Sugo SG11,MicroATX Mini Tower,Black,None,None,,3,3,120.59
KOLINK Rocket Complex,Mini ITX Tower,Black,None,Mesh,20.4,0,0,
Chieftec CN-01B-OP,Mini ITX Desktop,Black,None,Mesh,18,3,0,121.36
Geometric Future Model 5 Fanless,ATX Mid Tower,Black / Gray,None,Tempered Glass,51.1,2,0,99.9
Cougar Archon 2 Mesh RGB,ATX Mid Tower,White,None,Tempered Glass,37.5,2,1,
be quiet! Dark Base 701,ATX Mid Tower,White,None,Tempered Glass,73.6,2,0,119.9
Cooler Master MasterCase H500 ARGB,ATX Mid Tower,Black,None,Tempered Glass,,2,12,
ADATA XPG STARKER AIR,ATX Mid Tower,Black,None,Tempered Glass,40,2,0,
Deepcool CH560 DIGITAL,ATX Mid Tower,White,None,Tempered Glass,49.6,2,1,
NZXT H210i,Mini ITX Tower,Black,None,Tempered Glass,27.3,1,10,
Cooler Master QUBE 500 Flatpack Macaron Edition,ATX Mid Tower,Multicolor,None,Tempered Glass,38.9,4,4,
Lian Li Lancool II Mesh C RGB,ATX Mid Tower,Black,None,Tempered Glass,54.1,3,3,
Rosewill THOR V2,ATX Full Tower,Black,None,None,74.8,6,20,
Corsair Carbide Series 300R,ATX Mid Tower,Black,None,None,45.7,4,66,
Deepcool TESSERACT BF,ATX Mid Tower,Black / Blue,None,Acrylic,36.4,4,72,
Phanteks Enthoo EVOLV ATX,ATX Mid Tower,Black,None,Acrylic,,5,17,
SHARKOON TG5,ATX Mid Tower,Black / Red,None,Acrylic,,3,2,
Rosewill SPECTRA D100,ATX Mid Tower,Black,None,Tempered Glass,,2,5,
NZXT H710,ATX Mid Tower,Black,None,Tempered Glass,58.6,4,14,
Corsair Carbide Series 110R,ATX Mid Tower,Black,None,Tempered Glass,42.1,2,9,
BitFenix Nova Mesh M ARGB,MicroATX Mini Tower,White,None,Tempered Glass,31.6,2,11,
Okinos Cypress 5 Air,ATX Mid Tower,Black / Brown,None,Tempered Glass,,2,0,
Streacom DA6,Mini ITX Test Bench,Silver,None,None,19.9,4,0,199.99
Thermaltake CTE C700 TG ARGB,ATX Mid Tower,Black,None,Tempered Glass,93.8,7,0,151.99
MSI MAG VAMPIRIC 300R,ATX Mid Tower,Black,None,Tempered Glass,54.1,2,2,
Thermaltake View 380 XL WS ARGB,ATX Mid Tower,Black / Brown,None,Tempered Glass,64.2,1,1,152.54
Enermax MarbleShell MS31 RGB,ATX Mid Tower,White,None,Tempered Glass,41,2,0,
Azza Aero,ATX Mid Tower,Black,None,Mesh,47.3,2,0,109.99
Cougar Uniface RGB,ATX Mid Tower,Black,None,Tempered Glass,53.9,2,0,
SSUPD Meshlicious ,Mini ITX Tower,White,None,Mesh,14.7,0,7,
Cooler Master CMP 510,ATX Mid Tower,Black,None,Tempered Glass,42,2,0,
GAMDIAS NESO P1 PRO,ATX Full Tower,White,None,Tempered Glass,75.2,2,0,219.99
darkFlash LEO,ATX Mid Tower,Black,None,Tempered Glass,30.9,2,0,
Thermaltake Core P6,ATX Mid Tower,Green / Black,None,Tempered Glass,76.4,4,4,
Deepcool MATREXX 55,ATX Mid Tower,Black,None,Tempered Glass,,2,15,
Antec AX90,ATX Mid Tower,Black,None,Tempered Glass,48.3,2,1,
ENDORFY Regnum 400 ARGB,ATX Mid Tower,Black,None,Tempered Glass,45.9,2,1,
Corsair Carbide Series 100R,ATX Mid Tower,Black,None,None,,4,7,
HP Omen X,MicroATX Desktop,Black / Red,None,None,,0,1,
MUSETEX Phantom,ATX Mid Tower,Black,None,Tempered Glass,,3,11,
Lian Li LANCOOL 205,ATX Mid Tower,Black,None,Tempered Glass,,2,15,
Antec NX410,ATX Mid Tower,White,None,Tempered Glass,39.7,2,8,
DAN Cases C4-SFXv1,Mini ITX Desktop,Silver,None,Mesh,15.9,0,3,
Phanteks NV5,ATX Mid Tower,White,None,Tempered Glass,60.2,3,6,
Antec CX800 RGB ELITE,ATX Mid Tower,Black,None,Tempered Glass,51.2,2,0,
PC Cooler C3 T500 ARGB,ATX Mid Tower,White,None,Tempered Glass,45.1,2,0,
Cooler Master Elite 301,MicroATX Mid Tower,White,None,Tempered Glass,34.1,1,0,
Silverstone PS15,MicroATX Mid Tower,Black,None,Tempered Glass,25.7,1,4,69.29
Montech KING 45,ATX Mid Tower,White,None,Tempered Glass,50.9,2,0,97.8
ARCTIC Xtender VG,ATX Mid Tower,White,None,Tempered Glass,64.6,1,1,247.99
Thermaltake The Tower 100 Snow,Mini ITX Tower,White,None,Tempered Glass,32.7,2,4,
Silverstone FTZ01,Mini ITX Desktop,Black,None,None,,1,5,188.79
Cougar OmnyX,ATX Mid Tower,Black,None,Tempered Glass,73.3,2,0,
MSI MAG FORGE 110R,ATX Mid Tower,Black,None,Tempered Glass,42.5,2,0,
Thermaltake Versa H25,ATX Mid Tower,Black,None,None,42.6,3,3,
Antec P101 Silent,ATX Mid Tower,Black,None,None,,8,6,
iBuypower Element 9,ATX Mid Tower,White,None,Tempered Glass,49.2,2,0,94.99
Silverstone Lucid 05,ATX Mid Tower,Black,None,Tempered Glass,46.2,2,0,
Cougar Airface Pure RGB,ATX Mid Tower,Black,None,Tempered Glass,38,2,0,
Chieftec Hunter 3,ATX Mid Tower,Black,None,Tempered Glass,47.1,2,0,
In Win BL631.300TBL,MicroATX Slim,Black,300 W,None,11.6,2,1,
Thermaltake Core P1,Mini ITX Tower,Black,None,Tempered Glass,53.2,1,4,
Fractal Design Define R6,ATX Mid Tower,Black / White,None,Tempered Glass,56.7,6,11,
Cooler Master MasterCase H500P Mesh ARGB,ATX Mid Tower,White,None,Tempered Glass,71.4,2,2,
NZXT H210,Mini ITX Tower,White,None,Tempered Glass,27.3,1,22,
Lian Li LANCOOL 205,ATX Mid Tower,White,None,Tempered Glass,,2,6,
Corsair 480T,ATX Mid Tower,Black,None,Tempered Glass,45.4,0,0,
Ocypus Gamma C70 ARGB,ATX Mid Tower,Black,None,Tempered Glass,40.3,2,0,
Vetroo M06,MicroATX Mini Tower,Pink,None,Acrylic,25.8,1,0,
Aerocool Cipher,ATX Mid Tower,Black,None,None,48.2,12,0,
Silverstone FARA 513 Type-C,ATX Mid Tower,Black,None,None,44.6,2,0,93
SHARKOON MK6 RGB,MicroATX Mid Tower,White,None,Tempered Glass,43.6,2,0,
Streacom DA2 V2,Mini ITX Desktop,Silver,None,None,17.5,0,1,259.99
APNX Creator C1 ChromaFlair,ATX Mid Tower,Purple / Blue,None,Tempered Glass,53.6,3,0,
Aerocool Shard,ATX Mid Tower,Black,None,Acrylic,36.5,2,1,
Fractal Design Focus G,ATX Mid Tower,Black / Blue,None,Acrylic,42.2,2,16,
NZXT H7,ATX Mid Tower,White,None,Tempered Glass,55.8,2,1,
Deepcool CG560,ATX Mid Tower,Black,None,Tempered Glass,48.9,2,5,
Fractal Design Define R4,ATX Mid Tower,Black,None,None,56,8,112,
Lazer3D LZ7-v1,Mini ITX Desktop,Black,None,None,7.1,0,2,
NZXT H700i,ATX Mid Tower,Black / White,None,Tempered Glass,58.6,2,12,
NZXT H210i,Mini ITX Tower,Black / Red,None,Tempered Glass,27.3,1,4,
Montech X1,ATX Mid Tower,White,None,Tempered Glass,32.3,1,4,
Thermaltake Core P3 TG Pro Snow,ATX Mid Tower,,None,Tempered Glass,71.7,4,4,
Zalman P10 NAMU,MicroATX Mini Tower,White,None,Tempered Glass,38.6,2,0,79.98
Cooler Master MasterBox MB400L with ODD,MicroATX Mini Tower,Black,None,None,35.4,2,0,76.23
iBuypower Snowblind S,ATX Mid Tower,White,None,Tempered Glass,43,2,0,149.99
Thermaltake View 51 ARGB Edition,ATX Full Tower,Black,None,Tempered Glass,91,2,2,
MSI MPG Sekira 500G,ATX Mid Tower,Black,None,Tempered Glass,67.1,6,0,
Thermaltake AH T600 Snow,ATX Full Tower,White / Black,None,Tempered Glass,161.6,2,0,
KOLINK Horizon,ATX Mid Tower,Black,None,Tempered Glass,42.9,2,0,
ALPHAGEAR Adept,ATX Mid Tower,Black,None,Tempered Glass,34.7,2,0,
Cooler Master Cosmos C700P,ATX Full Tower,Black / Silver,None,Tempered Glass,127.3,2,2,
GAMDIAS APOLLO E2 ELITE,ATX Mid Tower,Black,None,Tempered Glass,,2,3,74.98
Corsair Obsidian Series 800D,ATX Full Tower,Black,None,Acrylic,84.6,2,14,
NZXT Phantom 530,ATX Full Tower,White,None,Acrylic,72.7,6,29,
Corsair Obsidian Series 500D Premium,ATX Mid Tower,Black,None,Tinted Tempered Glass,59.4,2,3,
Thermaltake Level 20 VT,MicroATX Desktop,Black / Silver,None,Tempered Glass,49.4,3,3,
Tecware Nexus M,MicroATX Mid Tower,Black,None,Tempered Glass,,2,3,
Phanteks Eclipse P400S,ATX Mid Tower,White,None,Tinted Tempered Glass,45.9,2,38,
Cooler Master MasterBox NR200P,Mini ITX Desktop,Orange,None,Tempered Glass,20.3,2,1,
GALAX REV-05,ATX Full Tower,White,None,Tempered Glass,39.5,2,0,
Armoury C802,ATX Mid Tower,Black,None,Tempered Glass,51.4,2,1,
Chieftec Visio AIR,ATX Mid Tower,Black,None,Tempered Glass,50.7,2,1,135.19
Sliger CX4200i,Rackmount 4U,Black,None,None,38.9,3,0,299
GameMax Silent Hill,MicroATX Mini Tower,Black,None,None,25,2,0,
PC Cooler CPS C3D310 ARGB,MicroATX Mid Tower,Black,None,Tempered Glass,36.6,2,0,
Antec Performance 1 FT,ATX Full Tower,White,None,Tempered Glass,62.7,2,1,
Phanteks Eclipse P200A Performance,Mini ITX Tower,Black,None,None,29.9,0,0,
Antec CX500M ARGB,MicroATX Mini Tower,White,None,Tempered Glass,40.8,2,0,
Cougar MX330-X,ATX Mid Tower,Black,None,None,39.4,2,11,
Antec NX260,ATX Mid Tower,Black,None,Tempered Glass,,2,2,
Jonsbo D41 MESH SCREEN,ATX Mid Tower,White,None,Tempered Glass,35.4,2,1,
Jonsbo MOD5,ATX Mid Tower,White / Black,None,Tempered Glass,97.2,1,0,
Thermaltake Core W100,ATX Full Tower,Black,None,Acrylic,,10,2,
Zalman i4,ATX Mid Tower,Black,None,Mesh,43.1,2,0,
Corsair iCUE 465X RGB,ATX Mid Tower,White / Black,None,Tempered Glass,,2,35,
MSI MPG Sekira 100R,ATX Mid Tower,Black,None,Tinted Tempered Glass,42.9,2,6,
SHARKOON S1000,MicroATX Mini Tower,Black,None,None,35.5,2,1,
Jonsbo D300,MicroATX Mid Tower,White,None,Tempered Glass,45.8,2,3,
Thermaltake H200 TG RGB,ATX Mid Tower,Black,None,Tempered Glass,39.7,2,4,
Corsair 5000D,ATX Mid Tower,Black,None,Tempered Glass,66.2,2,5,
Xigmatek Aquarius Plus Arctic,ATX Mid Tower,White,None,Tempered Glass,49.6,2,0,
DIYPC DIY-S08,ATX Mid Tower,Green / Black,None,Tempered Glass,33.2,2,0,
BitFenix CETO300,ATX Mid Tower,Black,None,Tempered Glass,47.9,1,0,
RAIJINTEK Ponos Ultra MS4,ATX Mid Tower,Black,None,Tempered Glass,46.3,2,0,79.98
Cooler Master MasterFrame 500 Mesh,ATX Mid Tower,Silver,None,Tempered Glass,66.9,1,0,203.99
Geometric Future Model 5 Vent,ATX Mid Tower,Black,None,Tempered Glass,53.8,2,0,129.9
Thermaltake Versa J25 RGB,ATX Mid Tower,Black,None,Tempered Glass,,3,1,
Cougar Archon 2 RGB,ATX Mid Tower,Black,None,Tempered Glass,37.5,2,0,
Silverstone ML09,HTPC,Black,None,None,,0,4,100.15
Mars Gaming MCV4,ATX Mid Tower,White,None,Tempered Glass,50.9,2,1,
Chieftec The Cube,MicroATX Desktop,Black,None,None,36.2,2,0,
Montech Fighter 500,ATX Mid Tower,Black,None,Tempered Glass,38.6,2,0,
DIYPC ARGB Q10,ATX Mid Tower,Black,None,Tempered Glass,50.4,1,0,
KOLINK Unity Arena ARGB,ATX Mid Tower,Black,None,Tempered Glass,51.2,2,0,
Phanteks Eclipse P200A DRGB,Mini ITX Tower,Black,None,Tempered Glass,29.9,0,9,
Genesis Diaxid 605F,ATX Mid Tower,Black,None,Tempered Glass,42.5,2,0,
Corsair Graphite Series 760T,ATX Full Tower,Black / Red,None,Acrylic,78.8,6,10,
ENDORFY ARX 500 Air,ATX Mid Tower,Black,None,Tempered Glass,47.5,1,0,
Fractal Design Node 605,HTPC,Black,None,None,25.5,4,4,
NZXT H440,ATX Mid Tower,Black / Green,None,Acrylic,53.3,8,16,
Phanteks Enthoo Pro,ATX Full Tower,White,None,Acrylic,68.6,6,11,
NZXT H500i,ATX Mid Tower,Black,None,Tempered Glass,41.3,3,28,
NZXT H710,ATX Mid Tower,Black / Red,None,Tempered Glass,58.6,4,7,
Montech X2 Mesh,ATX Mid Tower,Black,None,Tempered Glass,32.3,2,2,
Fractal Design Torrent Nano,Mini ITX Tower,White / Black,None,Tempered Glass,34.6,1,7,
Zalman Z10 DUO,ATX Mid Tower,Black,None,Tempered Glass,51.6,2,0,99.99
SSUPD Meshroom S,ATX Mini Tower,Green,None,Mesh,14.9,0,1,
DIYPC ARGB-Q3 V2,MicroATX Mini Tower,Black,None,Tempered Glass,38.6,2,4,
1STPLAYER T3,MicroATX Mid Tower,Black,None,Tempered Glass,32.4,2,0,
Antec C6 Curve Air,ATX Mid Tower,Black,None,Tempered Glass,53,1,0,
In Win Chopin MAX,Mini ITX Desktop,Silver,200 W,Mesh,4.4,0,0,
Mars Gaming MC-MPRO,MicroATX Mini Tower,,None,Tempered Glass,29.9,2,0,
Antec NX200M RGB,MicroATX Mini Tower,Black,None,Tempered Glass,30.6,2,2,
NOX LITE030,MicroATX Mid Tower,Black,500 W,None,19.6,3,0,
Cooler Master MasterBox MB400L,MicroATX Mini Tower,Black,None,None,35.4,2,0,
Fractal Design Torrent Compact,ATX Mid Tower,Black,None,Tinted Tempered Glass,46.7,1,4,
HYTE REVOLT 3,Mini ITX Tower,Black,700 W,Mesh,18.4,1,4,229.99
Phanteks Eclipse P400A Digital,ATX Mid Tower,White,None,Tempered Glass,45.9,2,30,
MSI MPG GUNGNIR 110R,ATX Mid Tower,White,None,Tempered Glass,,2,1,
Fractal Design Torrent Compact,ATX Mid Tower,White,None,Tempered Glass,46.7,1,3,
Thermaltake The Tower 500,ATX Mid Tower,Black,None,Tempered Glass,93.9,8,1,
Cooler Master N300,ATX Mid Tower,Black,None,None,39.5,7,3,
Cooler Master MasterBox Lite 3.1,MicroATX Mid Tower,Black / Red,None,Tempered Glass,36.1,2,11,
Cooler Master MasterBox MB511,ATX Mid Tower,Black / Red,None,Acrylic,,2,4,
Corsair Carbide Series SPEC-06,ATX Mid Tower,Black / Red,None,Tempered Glass,,2,2,
Deepcool MATREXX 50,ATX Mid Tower,Black,None,Tempered Glass,44.5,2,9,
SSUPD Meshlicious,Mini ITX Tower,Black,None,Tempered Glass,14.7,0,3,
Fractal Design Define 7 Nano,Mini ITX Tower,Black,None,None,29.5,1,1,
SAMA IM01 Pro,MicroATX Mini Tower,Black,None,Tempered Glass,26.1,4,0,
Genesis Irid 505 ARGB V2,ATX Mid Tower,Black,None,Tempered Glass,50.2,2,0,
Enermax K8 RGB,ATX Mid Tower,White,None,Tempered Glass,50.4,2,0,
Deepcool CH560,ATX Mid Tower,White,None,Tempered Glass,49.6,2,0,
Thermaltake View 270,ATX Mid Tower,White,None,Tempered Glass,47.6,2,0,135.12
TRYX LUCA L70,ATX Mid Tower,White,None,Tempered Glass,80.9,0,0,
SHARKOON VG7-W RGB,ATX Mid Tower,Black,None,Acrylic,,3,0,
Cougar MX220 RGB,ATX Mid Tower,Black,None,Tempered Glass,39.1,2,0,
Lian Li TU150,Mini ITX Desktop,Silver,None,None,23.8,1,5,
Antec ISK 110 VESA,Mini ITX Desktop,Black / Silver,90 W,None,3.7,0,12,
KOLINK Citadel Mesh ARGB,ATX Mid Tower,Black,None,Tempered Glass,51.4,2,0,
Asus TUF Gaming GT502 Horizon,ATX Mid Tower,White,None,Tempered Glass,57.2,4,0,181.99
NOX Hummer ELEMENT,ATX Mid Tower,White / Beige,None,Tempered Glass,48.2,3,0,
eBlaztr eBlaztr,Mini ITX Desktop,Black,None,Mesh,19.4,0,0,
Thermaltake View 51 Snow ARGB Edition,ATX Full Tower,White,None,Tempered Glass,91,2,5,
Streacom DA6 XL,Mini ITX Test Bench,Black / Silver,None,None,21.5,4,3,
BGears b-Voguish RGB,ATX Mid Tower,Black,None,Tempered Glass,40.8,2,0,77.99
CiT Range,MicroATX Mini Tower,Black,None,Tempered Glass,26.8,1,0,
Chieftec Visio,ATX Mid Tower,Black,None,Tempered Glass,50.7,2,0,200.1
Sliger CX2151a,Rackmount 2U,Black,None,None,14.5,0,0,259
Fractal Design Define Mini,MicroATX Mini Tower,Black,None,None,40.5,6,25,
Deepcool CC560 ARGB,ATX Mid Tower,Black,None,Tempered Glass,41.7,2,4,
Phanteks Enthoo Pro M,ATX Mid Tower,Black,None,Acrylic,56.4,2,28,
Thermaltake Level 20 MT,ATX Mid Tower,Black,None,Tempered Glass,43.7,2,8,
Deepcool MATREXX 70 ADD-RGB 3F,ATX Mid Tower,Black,None,Tempered Glass,54.2,2,9,
Lian Li LANCOOL 205M,MicroATX Mid Tower,White / Black,None,Tempered Glass,,2,3,
Fractal Design Meshify 2,ATX Mid Tower,Black,None,Tinted Tempered Glass,61.7,6,17,
MUSETEX ‎TW8-S6 Mesh,ATX Mid Tower,Black,None,Tempered Glass,39.5,2,4,
Fractal Design Ridge PCIe 3.0,Mini ITX Tower,Black,None,Mesh,16.3,0,4,
Chieftec UK-02B-OP,ATX Mid Tower,Black,None,None,29.6,2,0,
Silverstone SG13,Mini ITX Tower,Black,None,None,11.5,1,13,73.48
Jonsbo D41 STD,ATX Mid Tower,Black,None,Tempered Glass,35.4,2,0,
Deepcool CH510,ATX Mid Tower,Black,None,Tempered Glass,47.1,2,2,
MSI MPG VELOX 100P AIRFLOW,ATX Mid Tower,Black,None,Tempered Glass,53.7,2,2,
Silverstone ML04 Type-C,HTPC,Black,None,Mesh,16,2,0,131.31
Asus TUF Gaming GT301,ATX Mid Tower,Pink / Black,None,Tempered Glass,43.9,2,1,249.99
GAMDIAS ARGUS E4 ELITE,ATX Mid Tower,Black,None,Tempered Glass,,2,1,
In Win ModFree Deluxe,ATX Full Tower,Black,None,Tempered Glass,84.5,1,0,230
Thermaltake Core P3,ATX Mid Tower,Red,None,Tempered Glass,80.1,2,2,
Thermaltake CTE T500,ATX Full Tower,Black,None,Tempered Glass,87.3,4,0,186.37
KOLINK Inspire K7 ARGB,ATX Mid Tower,Black,None,Tempered Glass,33.4,2,0,
BGears b-Optillusion,ATX Mid Tower,Black,None,Tempered Glass,38.7,1,0,59.99
Silverstone FARA 514X,ATX Mid Tower,Black,None,Tempered Glass,49.7,2,0,108.17
Silverstone ML04B,HTPC,Black,None,None,16,2,10,125.29
Chieftec APEX,ATX Mid Tower,Black,None,Tempered Glass,52.9,2,1,
Cooler Master MasterBox K501L,ATX Mid Tower,Black,None,Tempered Glass,,2,0,
be quiet! Silent Base 802,ATX Mid Tower,White,None,None,83.8,3,1,
Thermaltake Ceres 500,ATX Mid Tower,Black,None,Tempered Glass,65.3,2,5,
Cougar Airface Pro RGB,ATX Mid Tower,Black,None,Tempered Glass,55.4,2,0,
ADATA XPG Battlecruiser,ATX Mid Tower,Black,None,Tempered Glass,55.2,2,0,99.99
Fractal Design Meshify 2 RGB,ATX Mid Tower,White / Black,None,Tempered Glass,61.7,6,1,
Phanteks Eclipse P600S,ATX Mid Tower,Gray / Black,None,Tinted Tempered Glass,,4,14,
Corsair 5000D CORE AIRFLOW,ATX Mid Tower,White,None,Tempered Glass,66.2,2,0,
Cougar FV270 RGB,ATX Mid Tower,Black,None,Tempered Glass,72.7,2,0,
Antec Three Hundred Two,ATX Mid Tower,Black,None,None,54.9,6,16,
Corsair Carbide Series SPEC-03,ATX Mid Tower,Black / Red,None,Acrylic,36.1,3,42,
NZXT S340 Razer,ATX Mid Tower,Black / Green,None,Acrylic,38.4,3,25,
Corsair Carbide Series 270R,ATX Mid Tower,Black,None,None,,2,7,
Cooler Master MasterBox Pro 5 RGB,ATX Mid Tower,Black,None,Tempered Glass,53,2,19,
Cooler Master MasterBox Q300L TUF Gaming Edition,MicroATX Mini Tower,Black / Gold,None,Acrylic,33.6,1,4,
Fractal Design Meshify S2,ATX Mid Tower,Black,None,Tinted Tempered Glass,58.3,3,13,
NZXT H700,ATX Mid Tower,Black,None,Tempered Glass,58.6,2,5,
Phanteks Eclipse P500A D-RGB,ATX Mid Tower,White / Black,None,Tempered Glass,,2,20,
Azza Pyramid L,ATX Mid Tower,Gray / Black,None,Tempered Glass,,1,0,
Deepcool CK560,ATX Mid Tower,Black,None,Tempered Glass,,2,4,
NZXT H7,ATX Mid Tower,White / Black,None,Tempered Glass,55.8,2,3,
Zalman Z7 NEO,ATX Mid Tower,Black,None,Tempered Glass,41.2,2,2,
Asus A21 PLUS,MicroATX Mini Tower,White,None,Tempered Glass,44,2,0,
SilentiumPC Brutus M10,MicroATX Mid Tower,Black,None,None,29.7,2,0,
Antec P10C,ATX Mid Tower,Black,None,None,51,3,0,161.52
Thermaltake Ceres 350 MX,ATX Mid Tower,Blue,None,Tempered Glass,52.5,1,0,128.99
Silverstone FARA R1 PRO,ATX Mid Tower,Black,None,Tempered Glass,36,1,1,92.93
Silverstone GD07B,HTPC,Black,None,None,33.4,5,5,207.8
ARCTIC Xtender VG Mirror,ATX Mid Tower,Black,None,Tempered Glass,64.6,1,0,
Chieftec BU-12B-300,Mini ITX Tower,Black,300 W,None,7.5,1,0,
Silverstone ML08,HTPC,Black,None,Acrylic,,0,16,136.44
TRYX LUCA L70,ATX Mid Tower,Black,None,Tempered Glass,80.9,0,1,
Antec NX416L,ATX Mid Tower,Black,None,Tempered Glass,49.9,2,1,
BitFenix CETO Premium,ATX Mid Tower,Black,None,Tempered Glass,49,3,0,
Fractal Design Meshify 2 Compact White TG Clear Tint,ATX Mid Tower,White / Black,None,Tempered Glass,42.3,2,9,
Zalman T7,ATX Mid Tower,Black,None,Tinted Acrylic,34,2,1,
Cooler Master CMP 520,ATX Mid Tower,Black,None,Tempered Glass,41.5,2,0,
Thermaltake Ceres 350 MX,ATX Mid Tower,Black,None,Tempered Glass,52.5,1,1,134.99
Phanteks Enthoo Series Primo Aluminum,ATX Full Tower,Black,None,Acrylic,96.8,6,8,
Thermaltake Versa H22,ATX Mid Tower,Black,None,None,42.8,0,12,
Fractal Design Define Nano S,Mini ITX Desktop,Black,None,None,28.8,2,19,
Lian Li O11D XL-A,ATX Full Tower,Silver / Black,None,Tempered Glass,68.9,4,3,
Cougar Conquer 2,ATX Mid Tower,Black / Orange,None,Tempered Glass,172.8,2,0,
CiT MTX-008B,Mini ITX Desktop,Black,300 W,None,8.6,1,0,
Apex MW-100,Mini ITX Tower,Black / White,60 W,None,2.9,0,0,
Corsair Carbide Series 88R,MicroATX Mid Tower,Black,None,Acrylic,,2,37,
Corsair Carbide Series 400C,ATX Mid Tower,White,None,Acrylic,42.4,2,18,
Cooler Master HAF 912 New,ATX Mid Tower,Black,None,None,,6,5,
Corsair Crystal 570X RGB,ATX Mid Tower,Black / Red,None,Tempered Glass,57.5,2,4,
EVGA DG-86,ATX Full Tower,Gray,None,Acrylic,,8,4,
Rosewill FBM-06,MicroATX Mini Tower,Black,None,None,23.7,2,0,
Zalman Z3 Iceberg,ATX Mid Tower,White,None,Tempered Glass,41.3,2,0,
OCPC MINI,Mini ITX Test Bench,White,None,None,7.2,0,0,
Mars Gaming MC-CORE,MicroATX Mid Tower,Black,None,Tempered Glass,14.6,3,0,
Jonsbo RM2,ATX Mid Tower,Silver,None,None,21.5,1,0,
Corsair 2500X Satin,MicroATX Mini Tower,White / Gray,None,Tempered Glass,54.8,2,0,
Lian Li ODYSSEY X,ATX Full Tower,Black,None,Tempered Glass,,3,0,315.69
Corsair 2500X Obsidian,MicroATX Mini Tower,Black,None,Tempered Glass,54.8,2,0,
Thermaltake Tower 900 Snow Edition,ATX Full Tower,White,None,Tempered Glass,153.6,6,2,
Fractal Design Pop Mini Silent,MicroATX Mid Tower,Black,None,Tempered Glass,36.5,2,1,
Cougar Duoface RGB,ATX Mid Tower,White,None,Tempered Glass,43.6,2,1,
Thermaltake Core P8 TG,ATX Full Tower,Black,None,Tempered Glass,107.4,3,4,
Thermaltake View 380 XL TG ARGB,ATX Mid Tower,Yellow / Black,None,Tempered Glass,63.6,1,0,
GAMDIAS Talos M3 Mesh,ATX Mid Tower,White,None,Tempered Glass,48.6,2,0,71.97
Cooler Master MasterBox NR400 ,MicroATX Mid Tower,Black,None,Tempered Glass,35.5,3,16,
Fractal Design Meshify 2 Lite,ATX Mid Tower,White / Black,None,Tempered Glass,61.7,2,2,
NZXT H7 Flow RGB ,ATX Mid Tower,White,None,Tempered Glass,55.8,2,7,
Gigabyte C301 GLASS V2,ATX Mid Tower,Black,None,Tempered Glass,50.6,2,0,
Deepcool TESSERACT BF,ATX Mid Tower,Black / Blue,None,None,36.4,4,15,
Cooler Master Cosmos Infinity 30th Anniversary,ATX Full Tower,Black / Silver,None,Tempered Glass,129.5,2,0,
KRUX Leda,ATX Mid Tower,Black,None,Tempered Glass,43.5,2,0,
Phanteks Enthoo Pro M TG,ATX Mid Tower,Black,None,Tinted Tempered Glass,56.4,2,55,
NOX Hummer MC,ATX Mid Tower,Black / Red,None,Acrylic,43.6,2,0,
NZXT H700i,ATX Mid Tower,Black / Red,None,Tempered Glass,58.6,2,2,
Raidmax Alpha Prime,ATX Mid Tower,Black,None,Tempered Glass,44.8,2,3,
In Win D-Frame 2.0,ATX Full Tower,Black / Gold,1065 W,Tempered Glass,,4,0,
NZXT H510i,ATX Mid Tower,Black / Red,None,Tempered Glass,41.3,2,9,
SilentiumPC Signum SG1X TG RGB,ATX Mid Tower,Black,None,Tempered Glass,39.9,2,2,
Montech X1,ATX Mid Tower,Black,None,Tempered Glass,32.3,1,7,
NZXT H7 Elite ,ATX Mid Tower,,None,Tempered Glass,55.8,2,1,
MSI MPG GUNGNIR 120R,ATX Mid Tower,Black,None,Tempered Glass,45.5,2,0,
Vetroo AL600,ATX Mid Tower,Pink,None,Tempered Glass,41.7,3,1,
MSI MPG GUNGNIR 110M,ATX Mid Tower,Black,None,Tempered Glass,41.6,2,0,
Antec NX500M,MicroATX Mini Tower,Black,None,Tempered Glass,34.6,2,0,
Segotep T3 Aeolus,ATX Mid Tower,Black,None,Tempered Glass,54.4,3,0,
Cooler Master Elite 302 Lite,MicroATX Mini Tower,Black,None,Tempered Glass,34.1,1,0,
Chieftec BS-10B-300,MicroATX Mini Tower,Black,300 W,None,14.4,1,0,
GAMDIAS MARS M2,MicroATX Mid Tower,Black,None,Tempered Glass,,2,0,51.99
Azza Pyramid Mesh,ATX Mid Tower,Silver / Black,None,Mesh,140.5,1,0,419.99
Azza Pyramid Mini 806,Mini ITX Tower,Silver / Black,None,Tempered Glass,,0,0,339.99
Rosewill Helium Flow,ATX Mid Tower,Black,None,None,50.5,3,0,
ENDORFY Signum 300 Solid,ATX Mid Tower,Black,None,None,37.8,2,0,
Silverstone FARA 313,MicroATX Mid Tower,Black,None,None,26.7,3,0,
Apevia Destiny Pro,ATX Mid Tower,White / Black,None,Tempered Glass,42,2,0,79.98
GameMax Storm 2 AW,ATX Mid Tower,White,None,Tempered Glass,34.7,3,0,
MagniumGear Neo-G Mini V2,Mini ITX Tower,Black,None,Tempered Glass,,1,3,
Lazer3D LZX-8 Stealth,Mini ITX Desktop,Black,None,None,8.6,1,0,
Cougar Duoface RGB,ATX Mid Tower,Black,None,Tempered Glass,43.6,2,3,
Fractal Design Core 2300,ATX Mid Tower,Black,None,None,37.8,3,8,
Cougar PANZER MAX-G,ATX Full Tower,Black,None,Tempered Glass,90.5,2,1,
Azza Legionaire 470,ATX Mid Tower,Black,None,Mesh,46.8,2,0,109.99
SHARKOON VK3 RGB,ATX Mid Tower,Black,None,Tempered Glass,40.5,2,1,
Sliger CX3171a XL,Rackmount 3U,Black,None,None,24.7,3,0,329
iTek Dark Cave DS,ATX Mid Tower,Black,None,Tempered Glass,49.6,2,0,
Thermaltake View 71 TG Snow,ATX Full Tower,White,None,Acrylic,,4,6,
Cougar MX410 MESH-G RGB,ATX Mid Tower,Black,None,Tempered Glass,36.3,2,5,240.06
Jonsbo MOD-3,ATX Mid Tower,White,None,Tempered Glass,93.1,1,0,
In Win A1 Plus,Mini ITX Tower,White,650 W,Tempered Glass,21.8,0,7,
Fractal Design Pop XL Silent,ATX Full Tower,Black,None,Tempered Glass,62.4,3,0,
NOX HUMMER HORUS,ATX Mid Tower,Black,None,Tempered Glass,42.5,2,0,
Cooler Master HAF 932 AMD Limited Edition,ATX Full Tower,Black / Red,None,Acrylic,76.5,5,0,
Linkworld 617-03-c2228U,MicroATX Slim,Black / Silver,400 W,None,16.2,1,0,
Fractal Design Node 304,Mini ITX Tower,White,None,None,19.5,6,10,
In Win BQ656T.AD120TBL,Mini ITX Desktop,Black,120 W,None,3.3,0,0,
Corsair Graphite Series 760T,ATX Full Tower,White,None,Acrylic,78.8,6,13,
Zalman Z3 Plus,ATX Mid Tower,Black,None,Acrylic,38.4,4,12,
NZXT S340,ATX Mid Tower,Black / Blue,None,Acrylic,38.4,3,53,
NZXT S340,ATX Mid Tower,Black / Red,None,Acrylic,38.4,3,90,
Rosewill NAUTILUS,ATX Mid Tower,Black / Blue,None,Acrylic,,3,13,
Cooler Master MasterBox MB500,ATX Mid Tower,Black,None,Tempered Glass,49.5,2,5,
Rosewill PRISM S500,ATX Mid Tower,Black,None,Tempered Glass,,3,7,
Antec TORQUE,ATX Mid Tower,Black / Red,None,Tempered Glass,114,1,0,
Cooler Master MasterCase H500P Mesh,ATX Mid Tower,White,None,Acrylic,71.4,2,11,
Jonsbo V9,MicroATX Mini Tower,Black,None,Tempered Glass,17.6,1,1,
Deepcool CK560,ATX Mid Tower,White / Black,None,Tempered Glass,,2,3,
MUSETEX Y4,ATX Mid Tower,Black,None,Tempered Glass,32.9,2,0,
DIYPC ARGB-Q3,MicroATX Mini Tower,White,None,Tempered Glass,38.6,2,5,
Antec NX360,ATX Mid Tower,Black,None,Tempered Glass,37.5,1,0,
GameMax Infinity,ATX Mid Tower,White,None,Tempered Glass,45.7,1,1,
Sliger CX4200f,Rackmount 4U,Black,None,None,38.9,0,0,309
Chieftec BT-02B-U3-250VS ,Mini ITX Tower,,250 W,None,9.6,1,0,159.47
SHARKOON VS8,ATX Mid Tower,Black,None,None,42.1,2,0,
Mars Gaming MC-VIEW,MicroATX Mid Tower,Pink,None,Tempered Glass,32.1,1,0,
Silverstone CS381B,MicroATX Desktop,Black,None,None,,0,0,385.99
FSP Group CMT380,ATX Mid Tower,Black,None,Tempered Glass,45.5,2,0,
NOX Hummer ZX,ATX Mid Tower,Black,None,Acrylic,48.8,2,1,
BGears ‎b-BlackWidow-RGB,ATX Mid Tower,Black,None,Tinted Tempered Glass,41.2,2,0,86.13
SHARKOON Rebel C50,ATX Mid Tower,Black,None,Mesh,52.4,3,0,124.29
Mars Gaming MC-400,MicroATX Mini Tower,Black,None,Tempered Glass,29.9,2,1,
Cougar Duoface Pro RGB,ATX Mid Tower,White,None,Tempered Glass,55.4,2,0,104.52
Jonsbo D31 STD Screen,MicroATX Mini Tower,Black,None,Tempered Glass,31.3,1,0,
Fractal Design Pop Air,ATX Mid Tower,White,None,Tempered Glass,46.2,2,3,
Gigabyte AORUS C300,ATX Mid Tower,Black,None,Tinted Tempered Glass,,2,1,
DAN Cases A4-SFXv4.1,Mini ITX Desktop,Silver,None,None,7.5,0,2,
Cooler Master MasterBox NR200P,Mini ITX Desktop,Pink,None,Tempered Glass,20.3,2,2,
SSUPD Meshlicious,Mini ITX Tower,Black,None,Mesh,14.7,0,11,
Thermaltake Divider 170 TG Snow ARGB,MicroATX Mid Tower,White / Black,None,Tempered Glass,36.5,2,1,
MagniumGear NEO QUBE 2 Infinity Mirror,ATX Mid Tower,Black,None,Tempered Glass,55.9,2,5,
Antec Performance 1 FT ARGB,ATX Full Tower,Black / Gray,None,Tempered Glass,62.7,2,1,
Thermaltake V3 Black Edition,ATX Mid Tower,Black,None,Acrylic,38.5,4,21,
Enermax ECA892BG-1350,ATX Mid Tower,Black,1350 W,None,57.5,6,0,
NZXT Noctis 450,ATX Mid Tower,Black / Red,None,Acrylic,,6,23,
Deepcool Wave V2,MicroATX Mini Tower,Black,None,None,24,2,0,
Corsair Carbide Series 678C,ATX Mid Tower,Black,None,Tempered Glass,65.2,6,1,
NZXT H200,Mini ITX Tower,White,None,Tempered Glass,27.3,1,20,
Phanteks Eclipse P400S,ATX Mid Tower,Black / White,None,Tinted Tempered Glass,45.9,2,29,
Cooler Master MasterBox MB520 RGB,ATX Mid Tower,Black,None,Tempered Glass,,2,18,
darkFlash DLM 22,MicroATX Mid Tower,Black,None,Tempered Glass,,2,6,
Antec P120 Crystal,ATX Mid Tower,Black,None,Tempered Glass,,2,5,
Fractal Design Define 7,ATX Mid Tower,White,None,Tempered Glass,62.4,6,9,
Xigmatek Nemesis M,MicroATX Mini Tower,Black,None,Tempered Glass,26.7,2,0,
Ocelot OGEC02,ATX Mid Tower,Black,None,Tempered Glass,35,2,0,
CiT RAIDER RGB,ATX Mid Tower,Black,None,Tempered Glass,37.8,2,1,
Chieftec CI-01B-OP,MicroATX Desktop,Black,None,None,33.6,2,0,100.15
RAIJINTEK PONOS MS,ATX Mid Tower,Black,None,Tempered Glass,45,3,0,
Thermaltake The Tower 500,ATX Mid Tower,White,None,Tempered Glass,93.9,8,2,
Silverstone DS380B,Mini ITX Tower,Black,None,None,,0,4,224.25
GameMax Mini Abyss H608,MicroATX Mid Tower,Black,None,Tempered Glass,32.3,2,0,
KOLINK Observatory HF Mesh ARGB,ATX Mid Tower,White,None,Tempered Glass,35,4,0,
be quiet! Pure Base 501 LX,ATX Mid Tower,White,None,Tempered Glass,48.1,2,0,99.99
Thermaltake View 290 TG ARGB,ATX Mid Tower,White,None,Tempered Glass,57.4,2,0,109.99
Antec Dark League DF800 FLUX,ATX Mid Tower,Black,None,Tempered Glass,,3,5,
In Win 503,ATX Mid Tower,Black / Red,None,Acrylic,,4,3,
GameMax Silent,ATX Mid Tower,Black,None,None,51.1,2,1,
KOLINK Big Chungus UNIT,ATX Full Tower,Black,None,Tempered Glass,146.1,2,0,
ENDORFY Regnum 400 Air,ATX Mid Tower,Black,None,Tempered Glass,45.9,2,0,158.97
Sliger CX2151x,Rackmount 2U,Black,None,None,14.5,2,0,269
SHARKOON PURE STEEL RGB,ATX Mid Tower,Black,None,Tempered Glass,,3,2,
Cougar Uniface Mini,MicroATX Mini Tower,Black,None,Tempered Glass,34.6,2,1,
Corsair Carbide Series 500R,ATX Mid Tower,White / Black,None,None,54.2,6,58,
Phanteks Eclipse P600S,ATX Mid Tower,White,None,Tempered Glass,,4,0,
Thermaltake CTE T500 Air,ATX Full Tower,Black,None,Tempered Glass,87.3,4,1,
Thermalright TL-M10,MicroATX Mid Tower,White,None,Tempered Glass,49.3,2,2,
Sliger CX3171a,Rackmount 3U,Black,None,None,24.7,0,0,319
Antec Three Hundred,ATX Mid Tower,Black,None,None,43.5,6,12,
Rosewill CHALLENGER,ATX Mid Tower,Black,None,None,38.4,5,32,
Cooler Master HAF 922,ATX Mid Tower,Black,None,None,71.5,5,24,
Thermaltake Chaser MK-I,ATX Full Tower,Black,None,Acrylic,77.9,6,29,
Cooler Master Cosmos II,ATX Full Tower,Black / Silver,None,Tinted Tempered Glass,160.8,13,1,
Corsair Carbide Series 300R Windowed,ATX Mid Tower,Black,None,Acrylic,45.7,4,45,
NZXT Phantom 530,ATX Full Tower,Red,None,Acrylic,72.7,6,9,
Phanteks Enthoo Pro,ATX Full Tower,Black,None,None,68.6,6,0,
Zalman Z1 NEO,ATX Mid Tower,Black,None,Acrylic,,4,4,
NZXT S340 Elite,ATX Mid Tower,Black / Red,None,Tempered Glass,41.6,2,37,
Fractal Design Focus G,ATX Mid Tower,Black / Red,None,Acrylic,42.2,2,9,
In Win 101,ATX Mid Tower,White,None,Tempered Glass,48.3,2,10,
NZXT H400i,MicroATX Mini Tower,Black,None,Tempered Glass,36.9,1,11,
Lian Li O11D-PCMR,ATX Full Tower,Black,None,Tinted Tempered Glass,54,3,7,
In Win A1 Plus,Mini ITX Tower,Black,650 W,Tempered Glass,21.8,0,17,
Fractal Design Define R6 USB-C,ATX Mid Tower,Black / White,None,Tempered Glass,56.7,6,12,
GameMax Centauri,MicroATX Mid Tower,Black / Gray,None,Acrylic,34.7,2,0,
Thermaltake Level 20 HT,ATX Full Tower,Black,None,Tempered Glass,144.3,4,0,
SHARKOON TG6 RGB,ATX Mid Tower,Black,None,Tempered Glass,,3,1,
Anidees AI CRYSTAL XL PRO,ATX Full Tower,Black,None,Tempered Glass,,0,0,
darkFlash DLX21 Mesh,ATX Mid Tower,White,None,Tempered Glass,,2,2,
Thermaltake The Tower 100,Mini ITX Tower,Green / Black,None,Tempered Glass,32.7,2,1,
Cooler Master MasterBox K501L RGB,ATX Mid Tower,Black,None,Tempered Glass,,2,1,
Aerocool Trinity Mini V3,MicroATX Mini Tower,White,None,Tempered Glass,28.1,2,0,
Deepcool MATREXX 50 MESH 4FS,ATX Mid Tower,Black,None,Tempered Glass,44.5,2,0,
NZXT H7,ATX Mid Tower,Black,None,Tempered Glass,55.8,2,2,
Lian Li Lancool II Mesh C Performance,ATX Mid Tower,Black,None,Tempered Glass,54.1,3,8,
Lian Li A4-H20 X3,Mini ITX Desktop,Black,None,Mesh,11.1,0,0,
Azza Spectra,ATX Mid Tower,Black,None,Tempered Glass,33.4,2,0,
CiT S8i,MicroATX Desktop,Black,None,None,8.6,1,0,
Thermaltake Core P5 V2,ATX Mid Tower,Black,None,Tempered Glass,115.4,6,1,
Raidmax Infinita i600,MicroATX Mini Tower,Black,None,Tempered Glass,43.8,2,0,
ALPHAGEAR Monarch RGB,MicroATX Mid Tower,Black,None,Tempered Glass,32.6,1,0,
Thermaltake Ceres 330 ARGB,ATX Mid Tower,Black,None,Tempered Glass,53.9,1,0,
KOLINK Citadel Mesh RGB,MicroATX Mini Tower,White,None,Tempered Glass,34.5,2,4,
Sliger CX4170i,Rackmount 4U,Black,None,None,33.1,3,0,269
NOX Hummer TGM,ATX Mid Tower,,None,Tempered Glass,36.6,2,0,
Thermaltake Versa H17,MicroATX Mini Tower,Black,None,Acrylic,30.4,2,3,
Fractal Design Define 7,ATX Mid Tower,White,None,None,62.4,6,2,
NOX Hummer Quantum,ATX Mid Tower,Black,None,Tempered Glass,47.9,2,0,
Sliger CX4150i,Rackmount 4U,Black,None,None,29.2,0,0,259
Cougar Panzer Max,ATX Full Tower,Black,None,Acrylic,90.5,2,4,
Lian Li LANCOOL 205 Mesh,ATX Mid Tower,White / Black,None,Tempered Glass,41.3,2,3,239.95
iBuypower Element 9 PRO,ATX Mid Tower,White,None,Tempered Glass,49.2,2,0,109.99
In Win 101,ATX Mid Tower,Black,None,Tempered Glass,48.3,2,9,
Cougar Conquer,ATX Mid Tower,Black / Orange,None,Tempered Glass,101.3,3,2,
Cooler Master MasterBox MB511 RGB,ATX Mid Tower,Black,None,Tempered Glass,,2,22,149.99
BitFenix Nova Mesh SE,ATX Mid Tower,White,None,Tempered Glass,36.1,2,4,
Antec P280,ATX Mid Tower,Black / Gray,None,None,68,6,7,
NZXT Phantom 820,ATX Full Tower,Black,None,Acrylic,92.8,6,18,
NZXT H630,ATX Full Tower,White,None,None,,8,1,
NZXT Phantom,ATX Full Tower,White / Black,None,None,74.3,7,52,
Cooler Master MasterCase Maker 5,ATX Mid Tower,Black,None,Acrylic,,5,10,
Cooler Master MasterBox 5,ATX Mid Tower,Black,None,Acrylic,52.2,2,10,
Cougar Panzer,ATX Mid Tower,Black,None,Tempered Glass,61.1,2,7,
Deepcool Gamer Storm Quadstellar,ATX Desktop,Black,None,None,,8,0,
Corsair Carbide Series 275Q,ATX Mid Tower,Black,None,None,44.1,2,3,
In Win BQ656T.AD150TB3,Mini ITX Tower,Black,150 W,None,,0,1,
NZXT Cyberpunk 2077 H710i,ATX Mid Tower,Red / Black,None,Tempered Glass,58.6,4,0,
Antec NX400,ATX Mid Tower,Black,None,Tempered Glass,45.5,2,7,
Aerocool Rift,ATX Mid Tower,Black,None,Acrylic,36.9,2,2,
MSI MPG GUNGNIR 100D,ATX Mid Tower,Black / Red,None,Tempered Glass,60.8,2,1,
Rosewill Zircon I,ATX Mid Tower,Black,None,Tempered Glass,43.4,2,2,
Tecware Forge M ARGB,MicroATX Mini Tower,Black,None,Tempered Glass,34.4,1,3,
Cooler Master MasterFrame 700,ATX Full Tower,Black,None,Tempered Glass,,4,1,
Deepcool MACUBE 310P,ATX Mid Tower,White,None,Tempered Glass,45.2,2,0,
Zalman Z10 PLUS,ATX Mid Tower,Black,None,Tempered Glass,51.6,2,1,
Fractal Design Torrent Compact RGB,ATX Mid Tower,White,None,Tempered Glass,46.7,1,0,
Apevia Destiny Flow,ATX Mid Tower,White,None,Tempered Glass,,2,0,
KOLINK Unity Cascade ARGB,ATX Mid Tower,Black,None,Tempered Glass,41.9,2,0,
YEYIAN Armageddon 2200,ATX Mid Tower,Black,None,Tempered Glass,44,2,0,
GAMDIAS TALOS E3 MESH ELITE,ATX Mid Tower,White,None,Tempered Glass,48.6,2,0,
Ocypus Iota C70 ARGB,ATX Mid Tower,Black,None,Tempered Glass,48.6,2,0,
Genesis Irid 505F,ATX Mid Tower,Black,None,Tempered Glass,50.2,2,0,160.38
GAMDIAS ATLAS P2 CG,ATX Mid Tower,Black,None,Tempered Glass,56.5,3,0,
Fractal Design Core 1000,MicroATX Mini Tower,Black,None,None,26.1,2,8,
Mars Gaming MC-400,MicroATX Mini Tower,White,None,Tempered Glass,29.9,2,0,
Antec P10 FLUX,ATX Mid Tower,Black,None,None,,3,1,116.99
Silverstone ALTA G1M,MicroATX Mid Tower,,None,None,,4,2,178.34
Azza Celesta 340F,ATX Mid Tower,Black,None,Tempered Glass,40.2,2,0,67.98
In Win A3,MicroATX Mini Tower,Black,None,Tempered Glass,29.9,2,1,133.33
Inter-Tech IM-2 Expander,MicroATX Mid Tower,Black,None,Mesh,30.7,6,1,
KOLINK Unity Adapt ARGB,ATX Mid Tower,Black,None,Tempered Glass,51.3,2,0,
Silverstone GD10B,HTPC,Black,None,None,27.4,2,0,163.58
Zalman Z1 Iceberg,MicroATX Mid Tower,White,None,Tempered Glass,38.5,2,0,
Tempest Shade RGB,ATX Mid Tower,Black,None,Acrylic,,2,0,
Silverstone FARA 512Z,ATX Mid Tower,Black,None,Tempered Glass,43.3,2,0,99.99
Xilence Xilent Breeze,ATX Mid Tower,Black,None,Tempered Glass,44.5,2,1,262.62
HYTE Y60 Hakos Baelz,ATX Mid Tower,Black / Red,None,Tempered Glass,60,2,0,280
Deepcool MORPHEUS,ATX Full Tower,Black,None,Tempered Glass,72.7,2,0,
Sliger CX3170a XL,Rackmount 3U,Black,None,None,24.7,3,0,259
Thermaltake The Tower 100,Mini ITX Tower,Turquoise / Black,None,Tempered Glass,32.7,2,0,
In Win 303,ATX Mid Tower,White,None,Tempered Glass,,2,13,
Fractal Design Define Mini C TG,MicroATX Mid Tower,Black,None,Tempered Glass,36.9,2,40,
Deepcool E-Shield,ATX Mid Tower,Black,None,Tempered Glass,43.9,2,4,
Phanteks Evolv Shift 2,Mini ITX Tower,Black,None,Tempered Glass,22.8,1,1,
Aerocool Falcon V2,ATX Mid Tower,Black,None,Tempered Glass,33.6,1,1,
Deepcool Quadstellar Infinity,ATX Mid Tower,Black,None,Tempered Glass,129.9,3,0,
Chieftec SCORPION 3,ATX Mid Tower,Black,None,Tempered Glass,43.3,2,0,
Apevia X-FIT-100,Mini ITX Tower,Black,250 W,None,4.7,0,1,
Raidmax Simplex ATX-618B,MicroATX Mid Tower,Black,None,None,43.4,5,0,
Corsair Obsidian Series 650D,ATX Mid Tower,Black,None,Acrylic,64.7,5,7,
Thermaltake Level 10 GT,ATX Full Tower,Black,None,Acrylic,97.2,5,7,
Asus VENTO 3600 RED,ATX Mid Tower,Red,None,None,101.8,3,0,
Fractal Design Arc Mini R2,MicroATX Mini Tower,Black,None,Acrylic,41.1,6,20,
MSI Blitz,ATX Mid Tower,Black / Blue,650 W,Acrylic,76.1,5,0,
SHARKOON VS4-W,ATX Mid Tower,Black / Blue,None,Acrylic,,3,2,
Corsair Carbide Series SPEC-ALPHA,ATX Mid Tower,Black / Red,None,Acrylic,,3,18,
Thermaltake View 31 TG,ATX Mid Tower,Black,None,Acrylic,63.5,3,8,
Cooler Master Cosmos C700P Black Edition,ATX Full Tower,Black,None,Tempered Glass,127.3,2,0,
EVGA DG-77,ATX Mid Tower,Black,None,Tempered Glass,,2,4,
Corsair SPEC-OMEGA RGB,ATX Mid Tower,White / Black,None,Tempered Glass,,3,11,
Corsair Carbide Series SPEC-06,ATX Mid Tower,Black,None,Tempered Glass,,2,7,
Fractal Design Define S2,ATX Mid Tower,Black / White,None,Tinted Tempered Glass,58.8,3,2,
Tecware Nexus,ATX Mid Tower,Black,None,Tempered Glass,,2,0,
Aerocool Cylon Mini,MicroATX Mini Tower,Black,None,Acrylic,,2,2,
NZXT H210,Mini ITX Tower,Black / Red,None,Tempered Glass,27.3,1,3,
Cooler Master MasterBox NR600P,ATX Mid Tower,Black,None,None,,3,0,
ABKONCORE C750,ATX Mid Tower,Black,None,Tempered Glass,32.3,2,0,
Fractal Design Torrent,ATX Mid Tower,Gray,None,Tinted Tempered Glass,69.8,2,4,
Montech AIR 1000 PREMIUM,ATX Mid Tower,White,None,Tempered Glass,45.3,2,4,
Cougar Cratus,ATX Mid Tower,Black,None,Tempered Glass,114.3,2,0,
Fractal Design Ridge PCIe 3.0,Mini ITX Tower,White,None,Mesh,16.3,0,2,
Phanteks Eclipse G300A ,ATX Mid Tower,Black,None,Tempered Glass,37.2,1,5,
Antec AX20 Elite,ATX Mid Tower,Black,None,Tempered Glass,33.4,2,0,
SAMA ARGB-Q5,MicroATX Mini Tower,White,None,Tempered Glass,31.5,2,6,
Aerocool Viewport Mini V2,MicroATX Mini Tower,Black,None,Tempered Glass,35,1,0,
darkFlash DPW90M,MicroATX Mid Tower,Black,None,Tempered Glass,48.5,2,0,
darkFlash DY460 4F,ATX Mid Tower,Black,None,Tempered Glass,58.2,2,0,
In Win A5,ATX Mid Tower,Black,None,Tempered Glass,34.9,2,0,120
Thermaltake TR200,MicroATX Mid Tower,Black / Brown,None,Mesh,39.6,1,0,89.99
KOLINK Void Rift,ATX Mid Tower,Black,None,Tempered Glass,38.8,2,0,
Cougar Gemini S,ATX Mid Tower,Gray / Black,None,Tempered Glass,,2,0,89.99
Jonsbo UMX6,ATX Full Tower,Black,None,None,54.1,2,0,
Silverstone ML07B,HTPC,Black,None,None,13.9,1,11,
Silverstone FTZ01-E,Mini ITX Desktop,Black,None,None,,0,0,188.79
Silverstone Precision PS15 RGB,MicroATX Mid Tower,Black,None,Tempered Glass,25.7,1,3,76.38
KOLINK Unity Lateral Performance,ATX Mid Tower,Black,None,Tempered Glass,53.4,2,1,
Cougar Uniface Mini RGB,MicroATX Mini Tower,Black,None,Tempered Glass,34.6,2,0,
Jonsbo D30,MicroATX Mini Tower,Black,None,Tempered Glass,26.6,1,4,
KOLINK Inspire K6,MicroATX Mini Tower,Black,None,Tempered Glass,32.7,2,0,
ADATA XPG DEFENDER PRO,ATX Mid Tower,Black,None,Tempered Glass,47.7,2,0,
ALPHAGEAR Tempest Mesh ARGB,ATX Mid Tower,Black,None,Tempered Glass,42.1,1,0,
Deepcool TESSERACT BF,ATX Mid Tower,Black / Red,None,Acrylic,36.4,4,17,
Phanteks Eclipse P600S,ATX Mid Tower,White / Black,None,Tinted Tempered Glass,,4,22,
Jonsbo Jonsplus i100 Pro,Mini ITX Desktop,Black,None,Tempered Glass,25.9,1,0,
MagniumGear NEO QUBE 2,ATX Mid Tower,Black,None,Tempered Glass,55.9,2,1,
Cooler Master HAF 700,ATX Full Tower,White,None,Tempered Glass,83.6,9,0,
Silverstone FARA R1 PRO V2,ATX Mid Tower,Black,None,Tempered Glass,40.1,2,0,
Cougar MX600 RGB,ATX Full Tower,White,None,Tempered Glass,57.8,1,1,
Antec Sonata III,ATX Mid Tower,Black,500 W,None,40.2,4,1,
Cooler Master Elite 431 Plus,ATX Mid Tower,Black,None,Acrylic,40.4,5,23,
NZXT Phantom 410,ATX Mid Tower,Black,None,Acrylic,58.5,6,57,
Cooler Master CM 690 II,ATX Mid Tower,Black,None,None,57.4,6,5,
Cooler Master Elite 342,MicroATX Mini Tower,Black,400 W,None,27.9,5,2,
NZXT Phantom 820,ATX Full Tower,Gunmetal,None,Acrylic,92.8,6,8,
Cooler Master CM Storm Scout 2 Advanced,ATX Mid Tower,Black,None,Acrylic,61.6,7,2,
Corsair Carbide Series Air 240,MicroATX Mid Tower,White,None,Acrylic,32.8,3,38,
Corsair Graphite Series 380T,Mini ITX Tower,Black / White,None,None,41,2,7,
Fractal Design Define S,ATX Mid Tower,Black,None,Acrylic,57.7,3,44,
Rosewill NIGHTHAWK 117,ATX Full Tower,Black,None,Acrylic,,8,4,
Zalman Z9 NEO,ATX Mid Tower,White,None,Acrylic,,4,4,
Corsair Carbide Series SPEC-ALPHA,ATX Mid Tower,White / Red,None,Acrylic,,3,8,
Thermaltake Core X5,ATX Desktop,Black,None,Acrylic,92.8,4,3,
Deepcool SMARTER,MicroATX Mini Tower,Black,None,None,30.8,2,0,
Phanteks Enthoo EVOLV ITX TG,Mini ITX Desktop,Black,None,Tinted Tempered Glass,34.1,2,13,
Asus TUF Gaming GT501 Demon Slayer Edition,ATX Mid Tower,Yellow / Black,None,Tempered Glass,75.5,4,0,
Golden Field Z3,ATX Mid Tower,Black,None,Tempered Glass,,2,0,
Fractal Design Era ITX,Mini ITX Desktop,Silver / Black,None,None,16.7,1,0,
ADATA XPG INVADER,ATX Mid Tower,Black,None,Tempered Glass,,2,2,
Nanoxia Rexgear 2 Limited Edition,MicroATX Mini Tower,Black,None,Acrylic,,3,0,
Montech AIR X Black,ATX Mid Tower,Black,None,Tempered Glass,,2,8,
SilentiumPC Signum SG1 TG,ATX Mid Tower,Black,None,Tempered Glass,,2,0,
Jonsbo Jonsplus i100 Pro,Mini ITX Desktop,Silver / Black,None,Tempered Glass,25.9,1,1,
In Win Chopin Pro,HTPC,Black,200 W,Mesh,4.4,0,0,
Empire Gaming Diamond,ATX Mid Tower,Black,None,Tempered Glass,48.5,2,1,
darkFlash Space,ATX Desktop,Black,None,Tempered Glass,48.6,2,1,
DIYPC ARGB-R1,ATX Mid Tower,Black,None,Tempered Glass,,0,0,
Mechanic Master C24 Sweet Cube Classic,Mini ITX Tower,White,None,Tempered Glass,9.9,1,0,
In Win 904,ATX Mid Tower,Black,None,Tempered Glass,,3,0,59.99
Thermaltake Versa C22 RGB,ATX Mid Tower,Black,None,Acrylic,52.2,2,0,59.99
Silverstone TJ04B-E,ATX Mid Tower,Black,None,None,51,9,0,250.46
G.Skill Z5i,Mini ITX Tower,Black,None,Tempered Glass,24.4,1,0,
Geometric Future Model 5 Vent,ATX Mid Tower,Black / Yellow,None,Tempered Glass,53.8,2,1,99.9
Silverstone FARA H1M,MicroATX Mini Tower,White,None,Tempered Glass,30.1,2,1,70.06
Thermaltake Divider 200 TG Air Snow,MicroATX Mini Tower,White,None,Tempered Glass,51.6,3,0,149.99
Thermaltake S250 TG ARGB,ATX Mid Tower,Black,None,Tempered Glass,49.4,2,0,
In Win BK623.BH300TB3,MicroATX Mini Tower,Black / Silver,300 W,None,12.3,1,0,
Corsair 5000T,ATX Mid Tower,White,None,Tempered Glass,74.5,2,0,244.99
Thermaltake CTE E550,ATX Mid Tower,White,None,Tempered Glass,77.4,3,0,159.99
HYTE Y60 Ouro Kronii,ATX Mid Tower,White / Gold,None,Tempered Glass,60,2,1,280
SHARKOON VS9 RGB,ATX Mid Tower,White,None,Tempered Glass,42.1,2,0,
SHARKOON VK3,ATX Mid Tower,Black,None,None,40.5,2,0,
Zalman S5,ATX Mid Tower,Black,None,Tempered Glass,,2,1,
Jonsbo TB01,ATX Test Bench,Black,None,None,50.5,4,0,
GameMax Spark,MicroATX Mid Tower,Black,None,Tempered Glass,26.5,1,0,
Sliger CX2177c,Rackmount 2U,Black,None,None,16.4,2,0,239
Thermaltake Core G3,ATX Mid Tower,Black,None,Acrylic,23.6,2,4,
Inter-Tech X-908 Infini2,ATX Mid Tower,Black,None,Tempered Glass,,3,0,
EVGA Hadron,Mini ITX Tower,Black,500 W,Acrylic,14.2,2,20,
Cougar DarkBlader X5 RGB,ATX Mid Tower,Black,None,Tempered Glass,50,2,1,271.86
GAMDIAS MARS E2,MicroATX Mid Tower,Black,None,Tempered Glass,,2,1,69.99
Zalman Z10,ATX Mid Tower,Black,None,Tempered Glass,51.6,2,0,
Cooler Master Elite 300 Steel,MicroATX Mid Tower,Black,None,None,35.8,2,0,
Fractal Design Define R5 Blackout Edition,ATX Mid Tower,Black,None,Acrylic,54.2,8,16,
Lian Li PC-O11 Air,ATX Full Tower,Black,None,Tempered Glass,60.2,3,6,
RAIJINTEK OPHION EVO,Mini ITX Desktop,Black,None,Acrylic,,1,4,
Inter-Tech IM-1 POCKET,MicroATX Mini Tower,Black,None,Mesh,21.9,4,0,
Acer Predator MI900,Mini ITX Tower,White / Black,None,Mesh,15.5,0,0,
ADATA XPG VALOR AIR NANO,MicroATX Mini Tower,Black,None,Mesh,34.2,1,0,
Rosewill THOR V2,ATX Full Tower,White / Black,None,None,74.8,6,15,
Xigmatek Elysium,ATX Full Tower,Black,None,Acrylic,93.9,8,1,
Cooler Master Silencio 550,ATX Mid Tower,Black,None,None,47.9,7,5,
Thermaltake Commander MS/I Snow Edition,ATX Mid Tower,White / Black,None,Acrylic,41.9,5,39,
Zalman Z11,ATX Mid Tower,Black,None,Acrylic,68,5,8,
Zalman Z11 Plus,ATX Mid Tower,Black,None,Acrylic,68,5,43,
Fractal Design Arc Midi R2,ATX Mid Tower,Black,None,Acrylic,55.6,8,50,
NZXT Phantom 240,ATX Mid Tower,Black / White,None,Acrylic,,6,26,
be quiet! Silent Base 800,ATX Mid Tower,Black,None,None,,7,2,
Thermaltake Versa N21,ATX Mid Tower,Black,None,Acrylic,51.5,3,12,
Antec P380,ATX Full Tower,Black,None,Acrylic,,8,0,
Corsair Carbide Series 600C,ATX Full Tower,Black,None,Acrylic,63.2,2,9,
Phanteks Eclipse P400,ATX Mid Tower,Black,None,Tinted Acrylic,45.9,2,34,
Antec Sonata II,ATX Mid Tower,Black,450 W,None,,4,1,
Cooler Master MasterBox Lite 5 RGB,ATX Mid Tower,Black,None,Tempered Glass,42.7,2,15,
Deepcool Frame,MicroATX Mid Tower,Black,None,None,,3,2,
Phanteks Eclipse P300,ATX Mid Tower,,None,Tinted Tempered Glass,36,2,14,
Lian Li LANCOOL ONE Digital,ATX Mid Tower,Gold / White,None,Tempered Glass,46.7,2,3,
PrimoChill Praxis WetBench,ATX Test Bench,Black,None,None,,4,1,
MagniumGear Neo Air ATX,ATX Mid Tower,White / Black,None,Tempered Glass,41.4,2,6,
GAMDIAS TALOS E1,MicroATX Mini Tower,Black,None,Tempered Glass,25.3,1,3,
SilentiumPC Regnum RG4T,ATX Mid Tower,Black,None,Tempered Glass,46.8,3,0,
GameMax F15M Mesh,ATX Mid Tower,Black,None,Tempered Glass,,4,4,
Phanteks ECLIPSE P500A,ATX Mid Tower,White,None,Tempered Glass,,2,0,
darkFlash DLX21 Mesh,ATX Mid Tower,Black,None,Tempered Glass,,2,0,
Jonsbo T8,Mini ITX Desktop,Black,None,Tempered Glass,8.4,1,1,
Tecware Forge S,ATX Mid Tower,Black,None,Tempered Glass,,2,0,
MUSETEX MK7-GN5,MicroATX Mini Tower,Black,None,Tempered Glass,37.7,2,1,
Thermaltake Core P6,ATX Mid Tower,White / Black,None,Tempered Glass,76.4,4,1,179.95
Fractal Design Pop Air,ATX Mid Tower,Green / Black,None,Tempered Glass,46.2,2,0,
Jonsbo VR3,Mini ITX Tower,Black,None,Mesh,19.9,0,0,
MagniumGear Neo Air 2,ATX Mid Tower,Black / Brown,None,Tempered Glass,41.9,2,2,
SHARKOON Rebel C70G RGB,ATX Mid Tower,Brown / Black,None,Tempered Glass,54.5,3,1,
GameMax N80,ATX Mid Tower,Black,None,Tempered Glass,56,1,0,
Armoury D60,ATX Mid Tower,White,None,Tempered Glass,59.3,1,0,
LC-Power Gaming 8001B Pro-Storm,ATX Mid Tower,White,None,Tempered Glass,53.6,2,0,
Cooler Master MasterBox 5T,ATX Mid Tower,Black / Red,None,Acrylic,,2,2,
Apex DM-387,HTPC,Black,275 W,None,12.8,1,3,117.41
Apevia Phantom,MicroATX Mid Tower,Pink,None,Tempered Glass,32.1,1,0,74.98
Silverstone FARA H1M PRO,MicroATX Mini Tower,Black,None,Tempered Glass,30.1,2,2,91.45
Sliger CX2151c,Rackmount 2U,Black,None,None,14.5,0,0,269
SHARKOON Rebel C50 RGB,ATX Mid Tower,White,None,Tempered Glass,52.4,3,0,
be quiet! Dark Base 900,ATX Full Tower,Black / Orange,None,None,82,7,0,
Corsair 5000D,ATX Mid Tower,White / Gray,None,Tempered Glass,66.2,2,1,
Cougar Purity,MicroATX Mini Tower,Black,None,None,28.2,2,0,
Mars Gaming MCM,MicroATX Mini Tower,Black,None,Tempered Glass,20.5,2,0,
Fractal Design Define XL R2,ATX Full Tower,Black,None,None,72.1,8,13,
Inter-Tech C-501 Aspect,MicroATX Mid Tower,Black,None,Tempered Glass,41.1,2,1,
Sliger CX4150e,Rackmount 4U,Black,None,None,29.2,0,0,269
Sliger CX2130c,Rackmount 2U,Black,None,None,12.5,0,0,209
Sliger CX3151x,Rackmount 3U,Black,None,None,21.8,3,0,299
BitFenix Prodigy M,MicroATX Mini Tower,Black,None,None,35.9,4,4,
Antec P5,MicroATX Mini Tower,Black,None,None,,2,0,
Antec ISK 110 VESA U3,Mini ITX Desktop,Black,90 W,None,4.1,0,0,
Thermaltake View 270,ATX Mid Tower,Black,None,Tempered Glass,47.6,2,1,
KOLINK Citadel,MicroATX Mini Tower,Black,None,Tempered Glass,32.7,2,1,
Aerocool Bolt Mini Glass,MicroATX Mini Tower,Black,None,Tempered Glass,,2,0,
Montech SKY ONE LITE,ATX Mid Tower,Black,None,Tempered Glass,44.8,2,2,
Montech SKY ONE LITE,ATX Mid Tower,White,None,Tempered Glass,44.8,2,0,
Thermaltake V4 Black Edition,ATX Mid Tower,Black,None,Acrylic,38.6,4,6,
Apevia X-Master,HTPC,Black,500 W,None,22,1,2,
BitFenix Prodigy,Mini ITX Tower,Black,None,None,36,5,43,
Enermax OSTROG,ATX Mid Tower,Black / Red,None,Acrylic,43.8,5,15,
In Win 303,ATX Mid Tower,Black,None,Tempered Glass,,2,16,
Corsair Crystal 460X RGB,ATX Mid Tower,White,None,Tempered Glass,44.9,2,8,
Fractal Design Define Mini C,MicroATX Mid Tower,Black,None,Acrylic,35.7,2,32,
RAIJINTEK Metis Plus,Mini ITX Tower,Silver,None,Acrylic,13.4,2,4,
Azza Inferno 310,ATX Mid Tower,Black / Red,None,Acrylic,46.7,2,1,
SHARKOON TG5,ATX Mid Tower,Black / Blue,None,Acrylic,,3,0,
Phanteks Enthoo Pro Tempered Glass,ATX Full Tower,Black / White,None,Tinted Tempered Glass,69.1,6,2,
Corsair Carbide Series 275R,ATX Mid Tower,Black,None,Acrylic,44.2,2,10,
Corsair Crystal Series 280X,MicroATX Mid Tower,Black,None,Tempered Glass,,2,16,
Phanteks Evolv X,ATX Mid Tower,White,None,Tempered Glass,64.9,4,0,
Antec TORQUE,ATX Mid Tower,White,None,Tempered Glass,114,1,1,
Thermaltake Versa J21,ATX Mid Tower,Black,None,Tempered Glass,,2,3,
In Win A1 Plus,Mini ITX Tower,Pink,650 W,Tempered Glass,21.8,0,3,
NZXT H700,ATX Mid Tower,White,None,Tempered Glass,58.6,2,10,
Rosewill PRISM S,ATX Mid Tower,Black,None,Tempered Glass,46.9,3,2,
Phanteks Enthoo 719,ATX Full Tower,Gray,None,Tempered Glass,81.4,4,7,
Phanteks Eclipse P360X,ATX Mid Tower,Black,None,Tempered Glass,42.3,2,8,
Thermaltake S300 Tempered Glass Edition,ATX Mid Tower,Black,None,Tempered Glass,,2,1,
Deepcool CL500,ATX Mid Tower,Black / Silver,None,Tempered Glass,55.5,2,0,
Svive Halo S650,ATX Mid Tower,Black,None,Tempered Glass,,2,0,
Vetroo M01,MicroATX Mid Tower,Pink / Black,None,Tempered Glass,36.6,2,1,
Fractal Design Meshify 2 Compact RGB,ATX Mid Tower,Black,None,Tinted Tempered Glass,42.3,2,8,
Xigmatek Aquarius Plus Queen,ATX Mid Tower,Pink,None,Tempered Glass,49.6,2,0,
Jonsbo D40,ATX Mid Tower,Black,None,Tempered Glass,31.6,3,0,
Thermaltake The Tower 200,Mini ITX Tower,Pink,None,Tempered Glass,45.1,2,0,
Montech KING 95 PRO,ATX Mid Tower,Pink,None,Tempered Glass,63,5,0,
SeaSonic ARCH Q5,ATX Mid Tower,Black,650 W,Tempered Glass,46.4,3,0,
DIYPC ARGB-Q3 V2,MicroATX Mini Tower,White,None,Tempered Glass,38.6,2,2,
Antec CX300M RGB,MicroATX Mini Tower,Black,None,Tempered Glass,41.1,2,0,
Antec CX600M Wood ARGB,MicroATX Mini Tower,Black / Brown,None,Tempered Glass,46.8,1,0,
Cougar Uniface,ATX Mid Tower,Black,None,Tempered Glass,53.9,2,0,
GAMDIAS ATLAS P1,ATX Mid Tower,Black,None,Tempered Glass,58.8,2,0,
Sliger CX4170e,Rackmount 4U,Black,None,None,33.1,0,0,279
Thermaltake Divider 300 ARGB Snow Triangular,ATX Mid Tower,White,None,Tempered Glass,48.2,2,0,
Jonsbo D31 STD,MicroATX Mini Tower,White,None,Tempered Glass,31.3,1,1,
Azza Regis,ATX Mid Tower,Black,None,Tempered Glass,,1,0,399.99
Thermaltake Divider 370 TG Snow ARGB,ATX Mid Tower,White / Black,None,Tempered Glass,50.7,2,3,
SHARKOON VS8 RGB,ATX Mid Tower,White,None,Tempered Glass,42.1,2,0,
Jonsbo U4 Mini,MicroATX Desktop,Black,None,Tempered Glass,37.6,1,0,
Silverstone ML06B-E,HTPC,Black,None,None,,0,0,129.99
Thermaltake The Tower 200,Mini ITX Tower,White,None,Tempered Glass,45.1,2,2,
CiT Alpha,MicroATX Mid Tower,Black,None,Tempered Glass,27.1,2,0,
Cougar Spike,MicroATX Mini Tower,Black,None,None,28.2,2,15,
Lian Li ODYSSEY X,ATX Full Tower,Silver / Black,None,Tempered Glass,,3,1,
MagniumGear NEO QUBE 2 Infinity Mirror,ATX Mid Tower,White,None,Tempered Glass,55.9,2,4,
KOLINK INSPIRE K5 RGB,ATX Mid Tower,Black,None,Tempered Glass,37,2,0,
Silverstone SETA H1,ATX Mid Tower,Black,None,Tempered Glass,55,2,0,188.79
Raidmax Vortex,ATX Mid Tower,Black,None,Acrylic,42.4,3,5,
be quiet! Silent Base 600,ATX Mid Tower,Black / Orange,None,None,,3,3,
Thermaltake V100,ATX Mid Tower,Black,500 W,None,36.6,2,0,
Rosewill RANGER-M,MicroATX Mini Tower,Black,None,None,21.6,2,28,
Rosewill Line-M,MicroATX Mini Tower,Black,None,None,26.9,2,23,
Cooler Master Storm Scout 2,ATX Mid Tower,Black,None,Acrylic,61.6,7,22,
Cooler Master N200,MicroATX Mini Tower,Black,500 W,None,33.8,2,0,
Cooler Master HAF Stacker 935,ATX Full Tower,Black,None,Acrylic,96.9,9,3,
NZXT Phantom,ATX Full Tower,Black / Red,None,None,74.3,7,3,
Corsair Carbide Series Air 540,ATX Mid Tower,White / Black,None,Acrylic,62.6,2,36,
Phanteks Enthoo Luxe,ATX Full Tower,White / Black,None,Acrylic,72.4,6,15,
NZXT S340,ATX Mid Tower,White / Purple,None,Acrylic,38.4,3,14,
In Win IW-BQ656T.AD120TB3,Mini ITX Tower,Black,120 W,None,3.3,0,0,
Phanteks Enthoo EVOLV ATX TG,ATX Mid Tower,Black,None,Tinted Tempered Glass,,5,30,
Lian Li PC-O7S,HTPC,Black,None,Tempered Glass,,7,2,
NZXT Manta,Mini ITX Desktop,Black,None,Acrylic,,2,7,
NZXT Manta,Mini ITX Desktop,White / Black,None,Acrylic,,2,13,
Phanteks Eclipse P400,ATX Mid Tower,Black / Red,None,Tinted Tempered Glass,45.9,2,13,
BitFenix Nova,ATX Mid Tower,Black,None,None,,4,3,
DIYPC F2,MicroATX Mini Tower,Black / Purple,None,Acrylic,,2,5,
Thermaltake Core P3 SE,ATX Mid Tower,Black,None,Acrylic,80.1,2,10,
NZXT S340 Elite,ATX Mid Tower,Black / Blue,None,Tempered Glass,41.6,2,10,
FSP Group CMT210,ATX Mid Tower,Black / Blue,None,Acrylic,39.7,3,1,
Silverstone RVZ03B-ARGB,Mini ITX Desktop,Black,None,None,,0,0,
EVGA DG-85,ATX Full Tower,Black,None,Acrylic,119.1,2,0,
Phanteks Enthoo EVOLV SHIFT,Mini ITX Tower,Black,None,Tinted Tempered Glass,24,1,12,
Segotep SG-K8,ATX Mid Tower,Black,None,Acrylic,53.5,2,0,
Corsair Carbide Series SPEC-06,ATX Mid Tower,White,None,Tempered Glass,,2,6,
Cooler Master MasterBox TD500,ATX Mid Tower,Black,None,Acrylic,50.1,2,8,
Cougar PANZER EVO RGB,ATX Full Tower,Black,None,Tempered Glass,,2,8,
Cooler Master MasterBox MB530P,ATX Mid Tower,Black,None,Tempered Glass,,2,17,
Enermax StarryFort SF30,ATX Mid Tower,Black,None,Tempered Glass,,2,6,
Antec NX600,ATX Mid Tower,Black,None,Tempered Glass,46.8,2,2,
Antec VSK10,MicroATX Mid Tower,Black,None,None,,2,4,
Empire Gaming Warfare,ATX Mid Tower,Black,None,Acrylic,49.3,2,0,
Thermaltake S300 Tempered Glass Snow Edition,ATX Mid Tower,White,None,Tempered Glass,,2,1,
Deepcool Matrexx 55 V3,ATX Mid Tower,Black,None,Tempered Glass,,2,4,
darkFlash DLM 21 Mesh,MicroATX Mini Tower,Black,None,Tempered Glass,32.1,2,3,
BitFenix NOVA MESH SE TG,ATX Mid Tower,Black,None,Tempered Glass,36.1,2,1,
SilentiumPC Ventum VT4V EVO TG ARGB,ATX Mid Tower,Black,None,Tempered Glass,,3,2,
Corsair iCUE 5000T RGB,ATX Mid Tower,White / Gray,None,Tempered Glass,74.5,2,2,
NZXT H7 Elite ,ATX Mid Tower,,None,Tempered Glass,55.8,2,5,
Antec NX210,ATX Mid Tower,Black,None,Tempered Glass,36.9,1,0,
Streacom DA6,Mini ITX Test Bench,Black / Silver,None,None,19.9,4,2,
Fractal Design Meshify 2 Compact Lite,ATX Mid Tower,White,None,Tempered Glass,42.3,2,0,
Cougar Airface RGB,ATX Mid Tower,Black,None,Tempered Glass,43.6,2,0,
Jonsbo V8,Mini ITX Desktop,Gray,None,Mesh,25.3,2,0,
Segotep Phoenix T1,ATX Mid Tower,Black,None,Tempered Glass,65.5,2,0,
Deepcool CH510,ATX Mid Tower,White / Black,None,Tempered Glass,47.1,2,1,
GALAX REV-06 ARGB,ATX Mid Tower,Black,None,Tempered Glass,39.5,2,0,
DIYPC ARGB-N1,MicroATX Mid Tower,Black,None,Tempered Glass,44.7,2,0,
Genesis Diaxid 605 ARGB,ATX Mid Tower,Black,None,Tempered Glass,42.5,2,0,
Rosewill Helium Air,ATX Mid Tower,Black,None,Mesh,57.9,3,1,
Aerocool D520A,ATX Mid Tower,Black,None,Tempered Glass,51.9,2,0,
iBuypower Element Pulse X,ATX Mid Tower,Black,None,Tempered Glass,57.9,1,0,114.99
Jonsbo C5,ATX Mid Tower,Black,None,Tempered Glass,34.5,4,0,
Silverstone RVZ03W-ARGB,Mini ITX Desktop,White,None,None,,0,1,157.37
ENDORFY Signum 300 Core,ATX Mid Tower,Black,None,Tempered Glass,39.9,2,0,
Cooler Master MasterBox 520 Mesh,ATX Mid Tower,White,None,Tempered Glass,52.5,2,0,
Chieftec BX-10B-M-OP,MicroATX Mid Tower,Black,None,Mesh,28.8,1,0,
Cooler Master Silencio S400,MicroATX Mini Tower,Black,None,Tempered Glass,,4,1,
Deepcool MACUBE 110,MicroATX Mini Tower,Pink,None,Tempered Glass,38.8,2,0,
Zalman i3 Edge,ATX Mid Tower,Black,None,Tempered Glass,39.8,2,0,
Cougar Purity RGB,MicroATX Mini Tower,Black,None,Tempered Glass,28.2,2,2,
NZXT H510i Rivals,ATX Mid Tower,Yellow / Black,None,Tempered Glass,41.3,2,0,
Cooler Master MasterBox MB600L V2 w/ODD,ATX Mid Tower,Black,None,None,42.7,2,0,
Xigmatek Overtake,ATX Full Tower,Black,None,Tempered Glass,67.8,2,0,
MSI MPG SEKIRA 500X,ATX Mid Tower,Black,None,Tempered Glass,67.1,4,1,
HYTE REVOLT 3,Mini ITX Tower,White,700 W,Mesh,18.4,1,1,229.99
Antec NX200M,MicroATX Mid Tower,White,None,Tempered Glass,,2,1,
Lian Li Q58 ,Mini ITX Desktop,Black,None,Tempered Glass,14.5,0,1,
KOLINK Citadel Glass SE ARGB,MicroATX Mid Tower,Black,None,Tempered Glass,53.4,2,0,
Fractal Design Focus 2,ATX Mid Tower,White / Black,None,Tempered Glass,45.8,2,2,
Thermaltake Divider 170 TG ARGB,MicroATX Mid Tower,Black,None,Tempered Glass,36.5,2,3,
MagniumGear NEO QUBE 2,ATX Mid Tower,White,None,Tempered Glass,55.9,2,2,
GAMDIAS ATHENA P1,ATX Mid Tower,Black,None,Tempered Glass,49.6,2,0,
Sliger CX3151a,Rackmount 3U,Black,None,None,21.8,0,0,289
Corsair Graphite Series 600T,ATX Mid Tower,White / Black,None,Acrylic,79.3,6,37,
Antec Skeleton,ATX Mini Tower,Silver / Black,None,None,51.9,2,0,
Cooler Master HAF X,ATX Full Tower,Black,1000 W,Acrylic,75,5,0,
Cooler Master ATCS 840,ATX Full Tower,Black,None,None,88.5,6,1,
Cooler Master Elite 430,ATX Mid Tower,Black,None,Acrylic,39.5,5,22,
Rosewill Thor,ATX Full Tower,Black,None,None,74.8,6,0,
Corsair Carbide Series 400R,ATX Mid Tower,Black,None,None,53.5,6,52,
Rosewill FBM-01,MicroATX Mini Tower,Black,None,None,21.6,2,37,
Corsair Vengeance C70,ATX Mid Tower,White / Black,None,Acrylic,61.4,6,21,
Fractal Design Define R4,ATX Mid Tower,Black / Gray,None,Acrylic,56,8,28,
DIYPC Alpha-DB6,ATX Test Bench,Black,None,None,21.8,0,1,
NZXT Phantom 630,ATX Full Tower,Black,None,Acrylic,92,6,8,
Corsair Obsidian Series 350D Window,MicroATX Mid Tower,Black,None,Acrylic,41.4,2,65,
NZXT Source 530,ATX Full Tower,Black,None,Acrylic,60.4,6,32,
Cooler Master K380,ATX Mid Tower,Black / Red,None,Acrylic,,5,10,
Antec GX500,ATX Mid Tower,Black,None,None,44.4,4,10,
Cooler Master HAF Stacker 915R,Mini ITX Tower,Black,None,None,32.4,3,1,
Cooler Master Storm Trooper,ATX Full Tower,Black / Silver,None,Acrylic,87.7,8,19,
Corsair Carbide Series Air 540,ATX Mid Tower,Black,None,Acrylic,62.6,2,4,
Thermaltake Core V71,ATX Full Tower,Black,None,Acrylic,75.3,8,19,
Rosewill RISE Glow,ATX Full Tower,Black,None,Acrylic,55.9,5,3,
Phanteks Enthoo EVOLV ATX TG,ATX Mid Tower,Silver,None,Tinted Tempered Glass,,5,24,
Deepcool KENDOMEN,ATX Mid Tower,Black,None,Acrylic,,3,10,
Aerocool CS-101,MicroATX Slim,Black,None,None,,1,0,
Thermaltake Core X71,ATX Full Tower,Black,None,Acrylic,,3,2,
iBuypower ARC 647 CASE,ATX Mid Tower,Black / Red,None,Acrylic,,3,2,
be quiet! Dark Base 900,ATX Full Tower,Black,None,Acrylic,82,7,4,
In Win 301,MicroATX Mini Tower,White / Blue,None,Tempered Glass,28.1,1,6,
In Win 101,ATX Mid Tower,White / Pink,None,Tempered Glass,48.3,2,0,
Phanteks Enthoo EVOLV SHIFT X,Mini ITX Tower,Gray,None,Tinted Tempered Glass,,2,5,
Cooler Master MasterCase H500P,ATX Mid Tower,Black,None,Tempered Glass,,2,11,
Cooler Master MasterBox Pro 5 ARGB,ATX Mid Tower,Black,None,Tempered Glass,53,2,0,
Corsair Carbide Series SPEC OMEGA,ATX Mid Tower,Red / Black,None,Tempered Glass,,3,1,
Streacom BC1,ATX Test Bench,Silver,None,None,,2,1,
Cooler Master Trooper SE,ATX Full Tower,Black / Red,None,Tempered Glass,87.7,2,3,
Thermaltake V200,ATX Mid Tower,Black,None,Tempered Glass,,2,1,
Phanteks Eclipse P600S,ATX Mid Tower,Black,None,None,,4,5,
Zalman K1,ATX Mid Tower,Black,None,Acrylic,43.3,2,0,
Phanteks Eclipse P400S,ATX Mid Tower,Black / Red,None,Tinted Tempered Glass,45.9,2,16,
Cooler Master Silencio S600,ATX Mid Tower,Black,None,Tempered Glass,47,4,2,
Rosewill CULLINAN V500 RGB,ATX Mid Tower,Black,None,Tempered Glass,,2,2,
Antec P120 Crystal,ATX Mid Tower,White,None,Tempered Glass,,2,0,
RAIJINTEK Eris Evo,ATX Full Tower,Black,None,Tempered Glass,137.6,5,0,
Fractal Design Define 7 Compact,ATX Mid Tower,White,None,None,42.5,2,0,
Aerocool Atomic V1,MicroATX Mini Tower,Black,None,Tempered Glass,36.2,2,0,
Zalman i3,ATX Mid Tower,Black,None,Tempered Glass,39.8,2,0,
darkFlash DLC29,ATX Mid Tower,Black,None,None,38.6,2,0,
Antec DP503,ATX Mid Tower,Black,None,Tempered Glass,52.3,2,2,
In Win Explorer,Mini ITX Desktop,White,None,Tempered Glass,34.3,1,0,
Lian Li A4-H20 A3,Mini ITX Desktop,Silver / Black,None,Mesh,11.1,0,0,
MSI MAG SHIELD M301,MicroATX Mini Tower,Black,None,None,25,1,1,
Cooler Master Masterbox 520,ATX Mid Tower,Black,None,Tempered Glass,52.5,2,0,
Jonsbo T8 PLUS,Mini ITX Desktop,Silver / Black,None,Tempered Glass,12.5,0,0,
Cooler Master CMP 320,MicroATX Mid Tower,Black,None,Tempered Glass,38.6,2,2,
Deepcool CG540,ATX Mid Tower,Black,None,Tempered Glass,49.2,2,1,
Lian Li Lancool 170M,MicroATX Mini Tower,Black,None,Tempered Glass,22.2,1,1,
Tecware Forge M2,MicroATX Mid Tower,Black / White,None,Tempered Glass,27.3,2,0,
Vetroo M05,MicroATX Mid Tower,Green,None,Tempered Glass,36.3,2,0,
GameMax Dragon Knight,ATX Mid Tower,Black,None,Acrylic,59.1,8,0,
YEYIAN Hollow 2500,ATX Mid Tower,Black,None,Tempered Glass,37.7,2,0,
YEYIAN Lancer,ATX Mid Tower,Black,None,Tempered Glass,35.1,2,0,
GameMax Spark Mini,Mini ITX Desktop,White,None,Tempered Glass,15.1,1,0,
Ocypus Gamma C72,ATX Mid Tower,White,None,Tempered Glass,43,2,1,
Aerocool P500B DIGI,ATX Mid Tower,Black,None,Tempered Glass,54,2,0,
Asus A32,ATX Mid Tower,Black,None,Tempered Glass,48.4,2,0,
Cougar Archon 2 RGB,ATX Mid Tower,White,None,Tempered Glass,37.5,2,1,
Azza Elise,MicroATX Mid Tower,Black / Pink,None,Tempered Glass,34.4,2,2,69.99
Chieftec CS-12B-300,MicroATX Mini Tower,Black,300 W,None,12.3,1,0,157.5
Aerocool Graphite,ATX Mid Tower,,None,Tempered Glass,43,2,0,
Mars Gaming MCZW,MicroATX Mid Tower,White / Black,None,Tempered Glass,,1,1,
Okinos Cypress 5 Air ARGB,ATX Mid Tower,Black / Brown,None,Tempered Glass,,2,0,
YEYIAN Hussar Plus,ATX Mid Tower,Black,None,Tempered Glass,33.5,1,0,
Aerocool Prism V1,ATX Mid Tower,Black,None,Tempered Glass,41.7,2,0,89.73
APNX C1-R,ATX Mid Tower,Black,None,Tempered Glass,53.6,3,0,
Silverstone SETA A1,ATX Mid Tower,Silver / Black,None,Tempered Glass,45.7,2,1,121.64
Cougar DarkBlader X5,ATX Mid Tower,White,None,Tempered Glass,50,2,0,154.3
Thermaltake Divider 500 TG ARGB Snow,ATX Mid Tower,White,None,Tempered Glass,56.8,2,0,68.08
Chieftec BE-10B-300,MicroATX Mini Tower,Black,300 W,None,8.8,1,0,
Silverstone CS380,ATX Mid Tower,Black,None,None,45,8,1,
RAIJINTEK OPHION,Mini ITX Desktop,Black,None,Acrylic,,1,1,
Jonsbo D41 STD SCREEN,ATX Mid Tower,Black,None,Tempered Glass,35.4,2,1,
KOLINK OBSERVATORY RGB,ATX Mid Tower,White / Black,None,Tempered Glass,,3,0,
Thermaltake View 300 MX Snow TG ARGB,ATX Mid Tower,White,None,Tempered Glass,58.8,2,1,
Antec NX416L,ATX Mid Tower,White,None,Tempered Glass,49.9,2,0,
Zalman M4,MicroATX Mini Tower,White,None,Tempered Glass,34,2,0,
Silverstone FARA 312X,MicroATX Mini Tower,Black,None,Tempered Glass,37.2,2,0,
Aerocool Aero One Eclipse,ATX Mid Tower,White / Black,None,Tempered Glass,,2,1,
Cougar MG140 Air RGB,MicroATX Mini Tower,Black / Gray,None,Tempered Glass,35.3,2,1,
Fractal Design Meshify 2 Compact Lite RGB,ATX Mid Tower,Black,None,Tinted Tempered Glass,42.3,2,5,
Thermaltake CTE C750 Air ARGB,ATX Full Tower,White,None,Tempered Glass,110.7,7,0,
Geometric Future M4 Caliburn,ATX Mid Tower,Black / Silver,None,Tempered Glass,37.9,2,0,
iBuypower Trace X,ATX Mid Tower,Black,None,Tempered Glass,57.9,1,0,114.99
Fractal Design Define R5 Blackout Edition,ATX Mid Tower,Black,None,None,54.2,8,7,
Cougar MX340,ATX Mid Tower,Black,None,Tempered Glass,,2,6,
ADATA XPG Battlecruiser II,ATX Mid Tower,Black,None,Tempered Glass,62.6,5,0,
Chieftec APEX Q,ATX Mid Tower,Black,None,None,52.9,2,0,
AQIRYS Draco ARGB,ATX Mid Tower,Black,None,Tempered Glass,52,1,0,
Cooler Master Cosmos S,ATX Full Tower,Black / Gray,None,None,99.2,4,2,
Apex MJ-16,MicroATX Mini Tower,Black,250 W,None,16.9,3,0,
Corsair Obsidian Series 700D,ATX Full Tower,Black,None,None,84.6,6,0,
Foxconn DH-045,MicroATX Slim,Black,300 W,None,13,1,0,
Cooler Master CM 690 II Nvidia Edition,ATX Mid Tower,Black,None,Acrylic,55.7,6,1,
Cooler Master Storm Enforcer,ATX Mid Tower,Black,None,Acrylic,57.5,6,63,
NZXT H2,ATX Mid Tower,Black,None,None,51.8,8,1,
In Win BM639.AD160TBL,Mini ITX Tower,Black,None,None,6.8,1,0,
Fractal Design Arc Midi,ATX Mid Tower,Black,None,None,54.4,8,6,
Cooler Master K280,ATX Mid Tower,Black,None,None,,6,11,
Nanoxia NXDS6B,ATX Full Tower,Black,None,None,,13,0,
Corsair Carbide Series SPEC-03,ATX Mid Tower,Black / White,None,Acrylic,36.1,3,21,
Thermaltake Commander G42,ATX Mid Tower,Black,None,Acrylic,58.2,6,14,
Cooler Master Silencio 352,MicroATX Mini Tower,Black,None,None,,2,10,
Fractal Design Define R5,ATX Mid Tower,White,None,None,54.2,8,5,
Thermaltake Core X9 Snow Edition,ATX Desktop,White,None,Acrylic,,7,2,
Zalman Z11 NEO,ATX Mid Tower,Black,None,Acrylic,,6,6,
Thermaltake Core X1,Mini ITX Tower,Black / Blue,None,Acrylic,,3,0,
Rosewill CHALLENGER S,ATX Mid Tower,Black,None,None,,3,7,
ABS R206-ITX,MicroATX Mini Tower,Black,None,None,39.1,1,0,
DIYPC Zondda,ATX Mid Tower,Black / Orange,None,Acrylic,,4,5,
In Win 303 ROG RGB Edition,ATX Mid Tower,Black / Red,None,Tempered Glass,,2,0,
Corsair Carbide Series Air 740,ATX Full Tower,Black,None,Acrylic,73.9,3,10,
In Win 301,MicroATX Mini Tower,Black / Red,None,Tempered Glass,28.1,1,18,
Silverstone RVZ03,Mini ITX Desktop,Black,None,None,,0,12,
Thermaltake View 21 Tempered Glass Edition,ATX Mid Tower,Black,None,Acrylic,48.2,2,5,
Fractal Design Define R6 Blackout,ATX Mid Tower,Black,None,None,56.7,6,1,
In Win X-Frame 2.0,ATX Test Bench,Black / Red,None,None,102,6,0,
GamerChief HYVE,ATX Full Tower,Black,None,Acrylic,,4,0,
RAIJINTEK ARCADIA,ATX Mid Tower,,None,None,39.1,4,0,
GAMDIAS Talos P1,ATX Mid Tower,Black,None,Tempered Glass,,2,0,
Fractal Design Define S2 Vision Blackout,ATX Mid Tower,Black,None,Tinted Tempered Glass,58.8,3,1,
Phanteks Eclipse P400S,ATX Mid Tower,Black,None,Tinted Tempered Glass,45.9,2,26,
Raidmax Alpha,ATX Mid Tower,Black,None,Acrylic,44.2,2,0,
Cougar Gemini S,ATX Mid Tower,Silver / Black,None,Tempered Glass,,2,2,
Deepcool Gamer Storm MACUBE 550,ATX Mid Tower,Black,None,Tempered Glass,65.9,4,0,
Segotep Phoenix,ATX Mid Tower,Black,None,Tempered Glass,52.9,2,3,
SHARKOON RGB LIT 100,ATX Mid Tower,Black,None,Tempered Glass,,2,0,
CiT Seven,MicroATX Mid Tower,Black,None,Acrylic,,1,1,
GameMax Black Diamond ARGB,ATX Mid Tower,Black,None,Tempered Glass,,2,1,
Deepcool MATREXX 55 V3 ADD-RGB WH 3F,ATX Mid Tower,White / Black,None,Tempered Glass,,2,2,
darkFlash DLM 21 Mesh,MicroATX Mini Tower,White,None,Tempered Glass,32.1,2,6,
Asus TUF Gaming GT301 ZAKU II EDITION,ATX Mid Tower,Red / Black,None,Tempered Glass,43.9,2,0,
Silverstone FARA R1,ATX Mid Tower,Black,None,Tempered Glass,,1,1,
SilentiumPC Regnum RG6V TG,ATX Mid Tower,Black,None,Tempered Glass,,2,0,
SilentiumPC Signum SG1V EVO TG ARGB,ATX Mid Tower,Black,None,Tempered Glass,,2,0,
SAMA SAMA-Z4,ATX Mid Tower,White / Black,None,Tempered Glass,39.2,2,2,
MSI MAG VAMPIRIC 011C,ATX Mid Tower,Black,None,Tempered Glass,41.9,2,0,
SSUPD Meshroom S w/PCIe 4.0 Riser,ATX Mini Tower,Gray,None,Mesh,14.9,0,1,
CiT S8,MicroATX Desktop,Black / Silver,None,None,8.6,1,0,
Antec P20C,ATX Mid Tower,White,None,Tempered Glass,50.6,2,0,
In Win DUBILI,ATX Full Tower,Gray / Orange,None,Tempered Glass,72.4,2,0,
GameMax Infinity Mini,MicroATX Mini Tower,Black,None,Tempered Glass,36.7,1,1,
RAIJINTEK PAN Slim,Mini ITX Desktop,Silver,None,None,38.7,2,0,
SAMA AR01-RGB,MicroATX Mini Tower,Black,None,Tempered Glass,46.2,2,2,
Lian Li LANCOOL 216 RGB w/Controller,ATX Mid Tower,White,None,Tinted Tempered Glass,55.6,2,0,
SilentiumPC Gladius M35,ATX Mid Tower,Black,None,None,49.4,2,0,
FormD T1 V2.1 Steel Coated,Mini ITX Desktop,Silver,None,Mesh,,0,0,
Aerocool Dryft V2,ATX Mid Tower,Black,None,Tempered Glass,51,1,0,
Zalman P30 AIR,MicroATX Mini Tower,Black,None,Tempered Glass,44.6,2,0,
Silverstone Lucid LD03,Mini ITX Tower,,None,Tinted Tempered Glass,25.2,1,3,114.66
Azza Hive 450,ATX Mid Tower,Black,None,Tempered Glass,41.9,2,0,79.98
Silverstone PS15,MicroATX Mid Tower,White,None,Tempered Glass,25.7,1,5,69.98
KOLINK Rocket Heavy Vented,Mini ITX Desktop,Black,None,Mesh,16.7,1,0,
Thermaltake Versa H24,ATX Mid Tower,Black,None,None,42.6,3,2,
Thermaltake AH T200,MicroATX Mid Tower,Black,None,Tempered Glass,69.1,2,0,
Inter-Tech SC-4100,Mini ITX Desktop,Black,None,None,10.6,0,0,
GameMax Spark Pro,ATX Mid Tower,White,None,Tempered Glass,33.5,1,0,
ALPHAGEAR Artisan ARGB,ATX Mid Tower,Black,None,Tempered Glass,46.2,3,0,
Thermaltake Level 20 RS ARGB,ATX Mid Tower,Black,None,Tempered Glass,,3,1,
Jonsbo MOD5,ATX Mid Tower,Gray,None,Tempered Glass,97.2,1,2,
Sliger CX2137b,Rackmount 2U,Black,None,None,12.5,2,0,209
Cooler Master MasterCase H500P Mesh ARGB,ATX Mid Tower,Gray,None,Tempered Glass,71.4,2,0,
Mars Gaming MC-LCD,MicroATX Mini Tower,Black,None,Tempered Glass,33.2,1,0,
Cooler Master MasterBox Pro 5,ATX Mid Tower,Black,None,Tempered Glass,53,2,0,
Cougar MX331 MESH-G,ATX Mid Tower,Black,None,Tempered Glass,43.5,2,0,
Geometric Future Model 8,ATX Mid Tower,Black / Silver,None,Tinted Tempered Glass,57.5,3,0,
Phanteks ECLIPSE G500A Performance,ATX Mid Tower,Black,None,Tempered Glass,61.8,2,5,
Deepcool CH510 MESH DIGITAL,ATX Mid Tower,Black,None,Tempered Glass,49.2,2,0,
Antec NX500M ARGB,MicroATX Mini Tower,Black,None,Tempered Glass,34.6,2,0,
be quiet! Shadow Base 800 DX,ATX Mid Tower,White,None,Tempered Glass,70.9,2,0,
Antec Performance 1 SILENT,ATX Full Tower,Black / Silver,None,None,62.7,2,0,
Cooler Master Elite 430,ATX Mid Tower,Black,None,Acrylic,39.5,5,4,
Cooler Master Cosmos,ATX Full Tower,Silver / Black,None,None,99.2,6,1,
Lian Li PC-V2120,ATX Full Tower,Silver,None,None,93.5,10,0,
In Win Wavy,Mini ITX Tower,Black,120 W,None,6.8,0,0,
Silverstone GD06B,HTPC,Black,None,None,22.4,4,3,
NZXT Source 210 Elite,ATX Mid Tower,Black,None,None,42.4,8,22,
Xigmatek Elysium Black Server Edition,ATX Full Tower,Black,None,None,93.9,8,0,
Thermaltake Overseer RX-I,ATX Full Tower,Black,None,Acrylic,68.1,5,10,
Cooler Master Elite 120 Advanced,Mini ITX Tower,Black / Silver,None,None,19.7,3,16,
Lian Li PC-Q02,Mini ITX Tower,Black,300 W,None,6.8,1,0,
Thermaltake ARMOR REVO,ATX Full Tower,Black,None,Acrylic,82,6,1,
NZXT Phantom 630,ATX Full Tower,White,None,Acrylic,92,6,5,
Silverstone Black Grandia GD01B-MXR-USB3.0,HTPC,Black,None,None,31.2,6,0,
Ultra Rogue M925,ATX Full Tower,Black,None,None,61.9,8,1,
Aerocool XPredator X3,ATX Mid Tower,Black / Red,None,Acrylic,62.5,8,1,
Cooler Master HAF XB EVO,ATX Desktop,Black,None,Acrylic,61.7,2,0,
NZXT H440,ATX Mid Tower,Black / Orange,None,Acrylic,53.3,8,9,
NZXT H440,ATX Mid Tower,Black / Red,None,Acrylic,53.3,8,17,
Silverstone RVZ01B,Mini ITX Desktop,Black,None,None,,1,25,
Corsair Graphite Series 760T,ATX Full Tower,Black / White,None,Acrylic,78.8,6,34,
Corsair Carbide Series 200R,ATX Mid Tower,Black,None,Acrylic,44.8,4,7,
BitFenix Neos,ATX Mid Tower,Black,None,None,37,3,7,
Nanoxia Deep Silence 3,ATX Mid Tower,Black,None,None,,5,0,
Rosewill Neutron,Mini ITX Desktop,Black,None,Acrylic,38.9,3,8,
Raidmax Hyperion,MicroATX Mid Tower,Black / Blue,None,Acrylic,,5,2,
Zalman Z1,ATX Mid Tower,Black,None,None,,4,4,
Thermaltake Versa N21,ATX Mid Tower,White / Black,None,Acrylic,51.5,3,4,
Silverstone RVZ02B,HTPC,Black,None,None,,1,14,
Phanteks Mini XL,MicroATX Desktop,Black,None,Acrylic,,6,1,
Thermaltake Core P3 Snow Edition,ATX Mid Tower,White,None,Acrylic,80.1,2,2,
Rosewill TYRFING,ATX Mid Tower,Black,None,Acrylic,44,3,10,
Fractal Design Define C,ATX Mid Tower,Black,None,Acrylic,39.3,2,12,
Corsair Crystal 570X RGB Mirror Black,ATX Mid Tower,Black,None,Tempered Glass,57.5,2,10,
Cooltek JB C2,MicroATX Mini Tower,Silver,None,None,12.1,1,1,
Fractal Design Define C TG,ATX Mid Tower,Black,None,Tempered Glass,40.6,2,11,
Phanteks Enthoo EVOLV SHIFT X,Mini ITX Tower,Black,None,Tinted Tempered Glass,,2,0,
Phanteks Eclipse P300,ATX Mid Tower,,None,Tinted Tempered Glass,36,2,9,
NZXT H700i,ATX Mid Tower,Black / Blue,None,Tempered Glass,58.6,2,1,
NZXT H200i,Mini ITX Tower,White / Black,None,Tempered Glass,27.3,1,20,
Thermaltake Versa H26,ATX Mid Tower,Black,None,Tempered Glass,,2,2,
Antec Dark Phantom DP501,ATX Mid Tower,Black,None,Tempered Glass,64,2,3,
Thermaltake Core V71 TG,ATX Full Tower,Black,None,Tempered Glass,,8,3,
Cooler Master MasterBox MB510L,ATX Mid Tower,Black / Red,None,Acrylic,,2,6,
Cooler Master MasterBox Q300P,MicroATX Mini Tower,Black,None,Acrylic,46.6,1,2,
Corsair Carbide Series Quiet 400Q,ATX Mid Tower,Black,None,None,,2,7,
Cooler Master MasterCase H100 ARGB,Mini ITX Desktop,Black,None,None,,1,1,
NZXT H510 Alliance,ATX Mid Tower,Blue,None,Tempered Glass,41.3,2,0,
GameMax Spectrum,ATX Mid Tower,Black,None,Tempered Glass,57.1,2,0,
Cougar MG130-G,MicroATX Mini Tower,Black,None,Tempered Glass,,2,8,
Fractal Design Define 7 Light,ATX Mid Tower,Black,None,Tempered Glass,62.4,6,5,
Thermaltake Level 20 HT Snow Edition,ATX Full Tower,,None,Tempered Glass,144.3,4,0,
Fractal Design Era ITX,Mini ITX Desktop,Gray,None,None,16.7,1,1,
SAMA Sama-3D,ATX Mid Tower,Black,None,Tempered Glass,,2,3,
Fractal Design Define 7 Compact,ATX Mid Tower,Black,None,Tinted Tempered Glass,42.5,2,4,
Cooler Master MasterBox NR200P,Mini ITX Desktop,Blue,None,Tempered Glass,20.3,2,0,
Zalman S5,ATX Mid Tower,White / Black,None,Tempered Glass,,2,0,
SilentiumPC Signum SG1,ATX Mid Tower,Black,None,None,,2,0,
Thermaltake V150 Tempered Glass ARGB Breeze,MicroATX Mid Tower,Black,None,Tempered Glass,,2,4,
Azza Overdrive,ATX Full Tower,Black,None,Tempered Glass,,2,0,
SeaSonic SYNCRO Q704,ATX Mid Tower,Black,None,Tempered Glass,61.9,2,1,
Antec DF800 FLUX,ATX Mid Tower,White,None,Tempered Glass,,3,0,
Vetroo A03,ATX Mid Tower,Pink / Black,None,Tempered Glass,,2,0,
Cougar MX430 Air RGB,ATX Mid Tower,Black,None,Tempered Glass,37.6,2,0,
CiT S8i-300,MicroATX Desktop,Black,300 W,None,8.6,1,0,
Jonsbo C6 Handle,MicroATX Mini Tower,White,None,Mesh,15.9,1,0,
GameMax MeshBox,ATX Mid Tower,Black,None,Mesh,33.5,1,2,
Lian Li O11 Air Mini Glass,ATX Mid Tower,White,None,Tempered Glass,44.2,4,1,
MSI MPG GUNGNIR 300 MONSTER HUNTER EDITION,ATX Mid Tower,Black / Red,None,Tempered Glass,60.5,2,0,
RAIJINTEK OPHION 7L,Mini ITX Desktop,Black,None,Mesh,7.1,0,0,
Jonsbo BO 100,Mini ITX Desktop,Silver,None,Tempered Glass,15.7,1,0,
Aerocool Dryft Mini V2,MicroATX Mid Tower,Black,None,Tempered Glass,47,1,1,
DIYPC Dragon-R-4LED,ATX Mid Tower,Black / Red,None,Tempered Glass,33.2,2,0,
Asus TUF Gaming GT502 Plus,ATX Mid Tower,White,None,Tempered Glass,57.2,4,0,
MSI MAG PANO M100L PZ,MicroATX Mid Tower,White,None,Tempered Glass,41.9,1,0,
Fractal Design Meshify 2 Lite RGB,ATX Mid Tower,Black,None,Tempered Glass,61.7,2,1,
Asiahorse Perseus,ATX Mid Tower,White,None,Tempered Glass,73.9,2,1,
Ocypus Gamma C72,ATX Mid Tower,Black,None,Tempered Glass,43,2,0,
AQIRYS Titan,ATX Mid Tower,Black,None,Tempered Glass,51.9,1,0,
Sliger CX2177a,Rackmount 2U,Black,None,None,16.4,2,0,
Jonsbo X400 PRO,ATX Mid Tower,Black,None,Tempered Glass,68.3,1,0,
Aerocool Hive ARGB,ATX Mid Tower,Black,None,Tempered Glass,35.8,2,0,
Silverstone FTZ01,Mini ITX Desktop,Silver,None,None,,1,0,181.25
Chieftec UE-02B,MicroATX Mini Tower,,None,None,12.9,1,0,
RAIJINTEK METIS EVO TGS,Mini ITX Desktop,Black,None,Tempered Glass,22.3,2,0,
Thermaltake Suppressor F31 TG,ATX Mid Tower,Black,None,Tempered Glass,64,3,1,
FSP Group CUT593P,ATX Full Tower,White,None,Tempered Glass,62.6,3,0,139.99
SHARKOON MS-Z1000,MicroATX Mid Tower,White,None,Tempered Glass,26.2,1,0,
Silverstone FARA R1 PRO,ATX Mid Tower,Black,None,Tempered Glass,36,1,0,94.99
Thermaltake Core P90,ATX Mid Tower,Black,None,Tinted Tempered Glass,135.9,3,5,
Thermaltake H700 TG,ATX Mid Tower,Black,None,Tempered Glass,53.5,2,0,
Silverstone PM02-G,ATX Mid Tower,Black / Red,None,Tempered Glass,49.3,3,1,140.11
KOLINK Observatory Z,ATX Mid Tower,Black,None,Tempered Glass,56.4,2,0,
Sliger CX3172a,Rackmount 3U,Black,None,None,24.7,0,0,239
Thermaltake CTE E660 MX,ATX Mid Tower,Blue / White,None,Tempered Glass,77.4,3,0,184.98
In Win B1,Mini ITX Desktop,Black,200 W,None,,0,3,
Thermaltake H570 TG ARGB,ATX Mid Tower,White,None,Tempered Glass,48.8,2,0,89.99
Thermaltake Divider 500 TG ARGB,ATX Mid Tower,Black,None,Tempered Glass,56.8,2,0,199.99
Azza Octane A,ATX Mid Tower,Black,None,Tempered Glass,44.8,2,0,99.99
KOLINK Unity Meshbay ARGB,ATX Mid Tower,Black,None,Tempered Glass,41,2,0,
Sliger CX4200e,Rackmount 4U,Black,None,None,38.9,0,0,299
BitFenix Nova,ATX Mid Tower,White,None,None,,4,2,
Corsair Crystal Series 280X,MicroATX Mid Tower,White,None,Tempered Glass,,2,15,
Aerocool Aero One Mini Eclipse,MicroATX Mini Tower,Black,None,Tempered Glass,,2,3,
Thermaltake H550 TG ARGB,ATX Mid Tower,Black,None,Tempered Glass,,2,0,154.29
Jonsbo TR03-G,ATX Mid Tower,Black,None,Tempered Glass,95.3,3,0,
MSI MAG FORGE 111R,ATX Mid Tower,Black,None,Tempered Glass,42.5,2,0,
MSI MAG VAMPIRIC 010X,ATX Mid Tower,Black,None,Tempered Glass,41.9,2,0,
KOLINK Inspire K12 ARGB,ATX Mid Tower,Black,None,Tempered Glass,35,2,0,
KOLINK Observatory Z Mesh,ATX Mid Tower,Black,None,Tempered Glass,56.4,2,0,
KOLINK Rocket V2,Mini ITX Tower,Silver,None,Mesh,14.2,0,0,
Cooler Master Storm Scout,ATX Mid Tower,Black,None,Acrylic,52.6,5,12,
Apevia X-FIT-200,Mini ITX Tower,Black,250 W,None,6.4,1,0,
HEC 7106WW,ATX Desktop,White,None,None,28.7,2,0,
Fractal Design Arc Mini,MicroATX Mini Tower,Black,None,None,40.9,6,6,
Thermaltake Level 10 GT,ATX Full Tower,White / Black,None,Acrylic,97.2,5,12,
Fractal Design Array R2,Mini ITX Desktop,Black,300 W,None,17.3,6,0,
Lian Li PC-Q25B,Mini ITX Tower,Black,None,None,20.2,7,2,
Sentey SS1-2420,MicroATX Slim,Black,250 W,None,13.3,1,0,
NZXT Switch 810,ATX Full Tower,White / Black,None,Acrylic,81.3,6,15,
Lian Li PC-Q12,Mini ITX Tower,Black,300 W,None,6.6,0,0,
BitFenix Prodigy,Mini ITX Tower,Orange,None,None,36,5,9,
Thermaltake V3 Black AMD Edition,ATX Mid Tower,Black / Red,None,Acrylic,38.5,4,15,
Cougar Volant,ATX Mid Tower,Black,None,None,40.6,6,1,
Zalman ZM-Z9 U3,ATX Mid Tower,Black,None,Acrylic,48.3,5,11,
BitFenix Ghost,ATX Mid Tower,Black,None,None,55.8,4,5,
Thermaltake Chaser A31 Thunder Edition,ATX Mid Tower,Black,None,Acrylic,63.4,5,1,
Corsair Obsidian Series 350D,MicroATX Mid Tower,Black,None,None,41.4,2,17,
Thermaltake VP300A5W2N,ATX Mid Tower,Blue,None,Acrylic,52.7,6,1,
Thermaltake Chaser A71,ATX Full Tower,Black,None,Acrylic,66.3,5,9,
Cooler Master Cosmos SE,ATX Mid Tower,Black,None,Acrylic,78.4,8,9,
NZXT H440,ATX Mid Tower,Black / Blue,None,Acrylic,53.3,8,21,
LC-Power PRO-923B,ATX Mid Tower,Black,None,None,,4,1,
Phanteks Enthoo Luxe TG,ATX Full Tower,Black,None,Tinted Tempered Glass,72.4,6,8,
Thermaltake Core X2,MicroATX Mini Tower,Black,None,Acrylic,,4,1,
Rosewill SRM-01,MicroATX Mini Tower,Black,None,None,,2,23,
be quiet! Silent Base 600,ATX Mid Tower,Black,None,None,,3,0,
Zalman Z9 NEO,ATX Mid Tower,Black,None,Acrylic,,4,9,
In Win Chopin,HTPC,Black,150 W,None,,0,20,
Thermaltake Core X5 TG,ATX Desktop,Black,None,Tempered Glass,92.8,4,0,
be quiet! Dark Base 900,ATX Full Tower,Black / Orange,None,Acrylic,82,7,7,
Cooler Master MasterBox 5,ATX Mid Tower,White,None,Acrylic,52.2,2,14,
Thermaltake Core P3,ATX Mid Tower,Red,None,Acrylic,80.1,2,1,
Aerocool P7-C1,ATX Mid Tower,Black,None,Acrylic,60.2,2,1,
Rosewill CULLINAN,ATX Mid Tower,Black,None,Tempered Glass,,3,4,
DAN Cases A4 SFX,Mini ITX Desktop,Black,None,None,,0,4,
Corsair Carbide Series SPEC-04,ATX Mid Tower,Black / Red,None,Acrylic,42.8,3,5,
Thermaltake Versa N24,ATX Mid Tower,Black,None,Acrylic,,2,4,
Thermaltake Core G21 Tempered Glass Edition,ATX Mid Tower,Black,None,Tinted Tempered Glass,46.6,2,11,
Phanteks Evolv Shift Air,Mini ITX Tower,Black,None,Mesh,24,1,4,
SAMA Maxcool-W-15,MicroATX Mid Tower,White / Red,None,Acrylic,,3,1,
Cooler Master MasterBox Q300L Retro,MicroATX Mini Tower,White / Green,None,Acrylic,33.6,1,0,
Corsair Carbide Series 275R,ATX Mid Tower,White,None,Acrylic,44.2,2,4,
be quiet! Dark Base Pro 900 Rev. 2,ATX Full Tower,Silver / Black,None,Tempered Glass,,7,5,
Cooler Master MasterBox K500,ATX Mid Tower,Black,None,Tempered Glass,46.9,2,1,
Xigmatek Scorpio,MicroATX Mid Tower,Black,None,Tempered Glass,30.1,2,2,
Mars Gaming MC7,ATX Mid Tower,Black,None,Tempered Glass,,2,0,
Deepcool D-Shield V2,ATX Mid Tower,Black,None,Acrylic,44,2,3,
Rosewill SPECTRA C100,ATX Mid Tower,Black,None,Tempered Glass,,2,5,
Antec P7 Silent,ATX Mid Tower,Black / Silver,None,None,,2,2,
Cooler Master MasterBox NR600 ,ATX Mid Tower,Black,None,Tempered Glass,47.3,4,5,
Deepcool MATREXX 70,ATX Mid Tower,Black,None,Tempered Glass,54.2,2,2,
Cooler Master MasterCase H500P Mesh,ATX Mid Tower,Black,None,Tempered Glass,71.4,2,3,
Fractal Design Define R6 USB-C Blackout,ATX Mid Tower,Black,None,Tempered Glass,56.7,6,6,
Azza Cube 802 RGB,ATX Mid Tower,Black,None,Tempered Glass,,1,1,
Cooler Master Silencio S400 Sakura Limited Edition,MicroATX Mini Tower,White / Pink,None,Tempered Glass,,4,0,
GameMax ONYX,ATX Mid Tower,Black,None,Tempered Glass,42.1,3,0,
GameMax GMX-PRECISION,ATX Full Tower,Black,None,Tempered Glass,82.9,10,0,
Antec NX310,ATX Mid Tower,Black,None,Tempered Glass,42.5,2,1,
Corsair 110Q,ATX Mid Tower,Black,None,None,,2,4,
In Win Z-Tower,ATX Full Tower,Silver,None,None,,2,0,
Cougar MX330-G Air,ATX Mid Tower,Black,None,Tempered Glass,,2,11,
Montech AIR X White,ATX Mid Tower,White,None,Tempered Glass,,2,5,
GAMDIAS ARGUS M1,ATX Mid Tower,Black,None,Tempered Glass,43.5,2,2,
Phanteks EVOLV SHIFT 2 AIR,Mini ITX Tower,Black,None,None,,1,1,
Apevia Genesis-PK,ATX Mid Tower,Pink / Black,None,Tempered Glass,,3,0,
MSI MPG GUNGNIR 111M,ATX Mid Tower,Black,None,Tempered Glass,,2,4,
Antec Dark Phantom DP502 Flux,ATX Mid Tower,Black,None,Tempered Glass,49.5,3,1,
DIYPC Rainbow-Flash-F4,ATX Mid Tower,Black,None,Tempered Glass,33.2,2,1,
Montech X3 Glass,ATX Mid Tower,Black,None,Tempered Glass,,2,0,
Thermaltake Core P6,ATX Mid Tower,Blue / Black,None,Tempered Glass,76.4,4,0,
GameMax Contac Turbo COC,ATX Mid Tower,Pink / White,None,Tempered Glass,43,2,0,
Thermaltake V250 TG ARGB Air,ATX Mid Tower,Black,None,Tempered Glass,44.4,2,1,
Silverstone SETA Q1,ATX Mid Tower,Black,None,None,56.2,2,1,
Cougar MX410,ATX Mid Tower,Black,None,Acrylic,36.3,2,0,
Deepcool CK500 WH,ATX Mid Tower,White / Black,None,Tempered Glass,49.4,2,1,
Jonsbo VR4,ATX Mid Tower,Black,None,Mesh,37.8,2,0,
Jonsbo V10,Mini ITX Desktop,Black,None,Tempered Glass,18.2,0,0,
Aerocool Tor Pro,ATX Full Tower,Black,None,Tempered Glass,66.8,2,0,
CiT Dark Star,ATX Mid Tower,Black,None,Acrylic,41.3,2,0,
SAMA AM07GG,MicroATX Mid Tower,White,None,Tempered Glass,38.7,2,0,
Thermaltake Versa T27 TG ARGB,ATX Mid Tower,Black,None,Tempered Glass,50.7,2,0,
Antec P20C ARGB,ATX Mid Tower,Black,None,Tempered Glass,50.6,2,2,
Vetroo AL700,ATX Mid Tower,White,None,Tempered Glass,48.1,1,1,
NOX Hummer Fusion S,MicroATX Mini Tower,Black,None,Tempered Glass,36.1,2,0,
SHARKOON Rebel C70G RGB,ATX Mid Tower,Brown / White,None,Tempered Glass,54.5,3,0,
KOLINK Inspire K8,ATX Mid Tower,Black,None,Tempered Glass,30.8,2,0,
KOLINK Quantum,ATX Mid Tower,Black,None,Tempered Glass,39.5,2,0,
Enermax MAKASHI MKII ARGB,ATX Full Tower,Black,None,Tempered Glass,,2,0,
GameMax Titan Silent,ATX Full Tower,Black,None,None,53.8,8,0,
Frontier Technology Trendsonic Amalthea AM20A-1,ATX Mid Tower,Black,None,Tempered Glass,33.7,2,0,
Xigmatek Cubi,ATX Mid Tower,Black,None,Tempered Glass,62.8,2,0,
SAMA IM01 Pro,MicroATX Mini Tower,White,None,Tempered Glass,26.1,4,2,
Asiahorse Perseus,ATX Mid Tower,Black,None,Tempered Glass,73.9,2,0,
DIYPC ARGB-N1,MicroATX Mid Tower,White,None,Tempered Glass,44.7,2,1,
CiT DS240,MicroATX Mini Tower,Black,None,Tempered Glass,36.7,1,1,
Cooler Master Elite 502 Lite,ATX Mid Tower,Black,None,Tempered Glass,52.4,2,0,
GAMDIAS ATLAS M4,ATX Mid Tower,Black,None,Tempered Glass,43.9,1,0,
Silverstone PS15 PRO,MicroATX Mid Tower,Black,None,Tempered Glass,25.7,1,0,73.43
Silverstone SG12B-V2,MicroATX Mini Tower,Black / Blue,None,None,,3,0,164.29
Silverstone ALTA G1M,MicroATX Mid Tower,White,None,None,,4,0,177.29
RAIJINTEK Ponos Ultra TG4,ATX Mid Tower,White,None,Tempered Glass,46.3,2,0,88.99
Silverstone SG02B-F-USB3.0,MicroATX Desktop,Black,None,None,22.4,2,1,
Aerocool Menace Saturn RGB,ATX Mid Tower,Black,None,Tempered Glass,36.7,2,0,
RAIJINTEK Metis Plus,Mini ITX Tower,Red,None,Acrylic,13.4,2,2,
Thermaltake Armor Revo Gene Snow Edition,ATX Mid Tower,White,None,Acrylic,69.9,5,2,
GameMax Vengeance,ATX Mid Tower,Black,None,Tempered Glass,43.9,2,1,
RAIJINTEK PAEAN MINI,Mini ITX Tower,Black,None,Tempered Glass,26,1,0,
be quiet! Silent Base 601,ATX Mid Tower,Black / Silver,None,Tempered Glass,,3,1,
Thermaltake Divider 200 TG Air,MicroATX Mini Tower,White,None,Tempered Glass,51.6,3,0,
Cooler Master MasterBox TD500 Mesh V2 Chun-Li,ATX Mid Tower,White / Blue,None,Tempered Glass,52.4,2,0,
Thermaltake The Tower 200,Mini ITX Tower,Beige,None,Tempered Glass,45.1,2,1,
KOLINK Observatory Y Mesh,ATX Mid Tower,Black,None,Tempered Glass,53.1,2,0,
Thermaltake Suppressor F1,Mini ITX Desktop,Black,None,Acrylic,,2,9,
SSUPD Meshlicious,Mini ITX Tower,White,None,Tempered Glass,14.7,0,2,
Streacom DA6 XL,Mini ITX Test Bench,Silver,None,None,21.5,4,0,
KOLINK Inspire K9,ATX Mid Tower,Black,None,Tempered Glass,30.8,2,0,
Sliger CX3172a XL,Rackmount 3U,Black,None,None,24.7,0,0,269
Sliger CX3150i,Rackmount 3U,Black,None,None,21.8,0,0,229
Antec ISK 310-150,Mini ITX Desktop,Black / Silver,150 W,None,6.9,0,4,
Cooler Master Centurion 5,ATX Mid Tower,Black / Silver,None,None,42,4,3,
Cooler Master HAF X nVidia Edition,ATX Full Tower,Green / Black,None,Acrylic,76.2,5,0,
Cooler Master Elite 310,ATX Mid Tower,Black / Blue,None,Acrylic,39.1,6,0,
Cooler Master CM 690,ATX Mid Tower,Black,None,None,53.8,5,5,
Lian Li PC-K62,ATX Mid Tower,Black,None,Acrylic,52.9,4,0,
Lian Li PC-A05N,ATX Mini Tower,Silver,None,None,39.1,3,0,
Lian Li PC-V351,MicroATX Desktop,Black,None,None,27.1,2,2,
Silverstone FT03,MicroATX Mini Tower,Black,None,None,32.2,3,3,
Cooler Master HAF 912 Plus,ATX Mid Tower,Black,None,None,54.9,6,5,
Antec One,ATX Mid Tower,Black,None,None,44.2,5,7,
Corsair Obsidian Series 550D,ATX Mid Tower,Black,None,None,57.7,6,16,
Cooler Master CM 690 II,ATX Mid Tower,Black,None,None,57.4,6,12,
Silverstone GD05B-USB3.0,HTPC,Black,None,None,21.4,2,7,
Silverstone SG05-LITE,Mini ITX Desktop,White,None,None,10.7,1,2,
Thermaltake Chaser A31 Thunder Edition,ATX Mid Tower,White,None,Acrylic,63.4,5,0,
Thermaltake Level 10 GT Battle Edition,ATX Full Tower,Green / Black,None,None,96.7,5,2,
In Win BL040.300TB3LF,HTPC,Black,None,None,11.6,2,0,
In Win K1 BASIC,MicroATX Mini Tower,Black,120 W,None,4.7,0,0,
Apevia X-Sniper2,ATX Mid Tower,Black / Blue,None,Acrylic,,4,5,
Fractal Design Arc XL,ATX Full Tower,Black,None,Acrylic,72.8,8,6,
Corsair Graphite Series 230T,ATX Mid Tower,Black / Orange,None,Acrylic,,4,20,
Rosewill BLACKHAWK,ATX Mid Tower,Black,None,Acrylic,55.1,6,38,
Cubitek MagicCube-AIO,ATX Mid Tower,Black,None,None,,5,0,
NZXT Phantom,ATX Full Tower,Black / Green,None,None,74.3,7,11,
NZXT H440,ATX Mid Tower,Black / Green,None,Acrylic,53.3,8,7,
Zalman Z3 Plus White,ATX Mid Tower,Black / White,None,Acrylic,38.4,4,3,
Zalman ZM-T3,MicroATX Mini Tower,Black,None,None,,2,3,
Zalman ZM-T4,MicroATX Mini Tower,Black,None,None,,2,6,
Xigmatek Nebula,Mini ITX Tower,Black,None,None,22.3,2,2,
Fractal Design Core 1500,MicroATX Mini Tower,Black,None,None,32.5,4,3,
Raidmax Viper GX,ATX Mid Tower,Black / Green,None,None,65.3,7,7,
Phanteks Enthoo EVOLV ATX,ATX Mid Tower,Silver,None,Acrylic,,5,9,
Cougar Solution 2,ATX Mid Tower,Black,None,Acrylic,,3,1,
Phanteks Eclipse P400,ATX Mid Tower,Black / White,None,Tinted Tempered Glass,45.9,2,23,
Deepcool Dukase,ATX Mid Tower,White,None,Acrylic,,3,11,
DIYPC J180,ATX Mid Tower,Black,None,Acrylic,,2,5,
Zalman Z3,ATX Mid Tower,Black,None,None,,4,0,
Antec P182,ATX Mid Tower,Black,None,None,55.7,6,0,
Cooler Master MasterCase Pro 3,MicroATX Mini Tower,Black,None,Acrylic,55.4,2,7,
Corsair Crystal Series 460X RGB,ATX Mid Tower,Black,None,Tempered Glass,44.9,2,9,
Thermaltake View 27,ATX Mid Tower,Black,None,Acrylic,,2,7,
Lian Li PC-Q20,Mini ITX Tower,Black,None,None,7.2,0,0,
Cooler Master MasterBox Lite 3,MicroATX Mini Tower,Black,None,None,26.9,1,2,
Silverstone RL06,ATX Mid Tower,White / Black,None,Tempered Glass,43.4,3,0,
Phanteks Enthoo Elite,ATX Full Tower,Gray,None,Tinted Tempered Glass,124.5,6,0,
Cooler Master MasterBox LITE 5 ARGB,ATX Mid Tower,Black,None,Tempered Glass,42.7,2,1,
SHARKOON VG4-W,ATX Mid Tower,Black,None,Acrylic,38.3,3,0,
Deepcool EARLKASE RGB,ATX Mid Tower,Black,None,Tempered Glass,,2,6,
NZXT H400i,MicroATX Mini Tower,Black / Red,None,Tempered Glass,36.9,1,2,
NZXT H700i,ATX Mid Tower,Black,None,Tempered Glass,58.6,2,3,
Cooler Master MB600L,ATX Mid Tower,Black / Red,None,Acrylic,,2,0,
Cooler Master Stryker SE,ATX Full Tower,White / Black,None,Tempered Glass,87.7,2,0,
Thermaltake View 37,ATX Mid Tower,Black,None,Acrylic,73.7,3,6,
Thermaltake View 22,ATX Mid Tower,Black,None,Acrylic,51.1,2,2,
NZXT H500,ATX Mid Tower,Black / Red,None,Tempered Glass,41.3,3,16,
CiT F3,MicroATX Mini Tower,Black / Red,None,Acrylic,,2,1,
Thermaltake Level 20 GT,ATX Full Tower,Black / Silver,None,Tempered Glass,100.9,7,0,
Thermaltake Level 20 GT ARGB Black Edition,ATX Full Tower,Black,None,Tempered Glass,100.9,7,0,
be quiet! Silent Base 801,ATX Mid Tower,Black,None,Tempered Glass,,5,2,
Cooler Master Cosmos C700M,ATX Full Tower,Silver / White,None,Tempered Glass,,4,1,
SaharaGaming P35,ATX Mid Tower,Black,None,Tempered Glass,,2,2,
Fractal Design Meshify S2,ATX Mid Tower,White / Black,None,Tempered Glass,58.3,3,8,
NOX Hummer TG RGB,ATX Mid Tower,Black,None,Tempered Glass,,3,0,
Antec P110 Silent,ATX Mid Tower,Black,None,None,,6,1,
Antec Dark Fleet DF500 RGB,ATX Mid Tower,Black,None,Tempered Glass,,2,0,
Antec Dark Avenger DA601,ATX Mid Tower,Black,None,Tempered Glass,,2,0,
GameMax Expedition,MicroATX Mini Tower,Black,None,Acrylic,29.4,2,1,
Antec VSK10 Window,MicroATX Mid Tower,Black,None,Acrylic,,2,1,
Thermaltake A700 TG,ATX Full Tower,Silver,None,Tempered Glass,102,4,0,
Fractal Design Vector RS,ATX Mid Tower,Black,None,Tempered Glass,64.1,6,0,
MagniumGear Neo Silent,ATX Mid Tower,Black,None,Tempered Glass,41.4,2,5,
Corsair iCUE 220T RGB,ATX Mid Tower,White / Black,None,Tempered Glass,37.3,2,1,
Antec NX800,ATX Mid Tower,,None,Tempered Glass,54,3,0,
Montech Air 900 ARGB,ATX Mid Tower,Black,None,Tempered Glass,44,2,1,
Rosewill Zircon M,ATX Mid Tower,Black,None,Tempered Glass,49.2,2,1,
Cooler Master MasterBox TD500 Mesh White w/o Controller,ATX Mid Tower,White,None,Tempered Glass,,2,0,
Azza PYRAMID 804,ATX Mid Tower,Silver / Black,None,Tempered Glass,,1,1,
Golden Field MUT1,ATX Mid Tower,Black,None,None,47.5,2,0,
Fractal Design Define 7,ATX Mid Tower,Black / White,None,Tempered Glass,62.4,6,6,
Cooler Master CMP 501,ATX Mid Tower,Black,None,Acrylic,,2,1,
Zalman M3 Plus,MicroATX Mini Tower,Black,None,Tempered Glass,39.1,2,0,
Apevia Enzo,ATX Mid Tower,Black,None,Tempered Glass,35.7,3,0,
Xigmatek Athena,ATX Mid Tower,Black,None,Tempered Glass,35.7,2,0,
Apevia Genesis-WH,ATX Mid Tower,White / Black,None,Tempered Glass,,3,0,
Fractal Design Meshify 2 Compact TG Light Tint,ATX Mid Tower,Gray / Black,None,Tempered Glass,42.3,2,6,
Cooler Master MasterBox 540,ATX Mid Tower,Black,None,Tempered Glass,,2,0,
Tempest Spectra RGB,ATX Mid Tower,Black,None,Acrylic,,2,0,
Corsair iCUE 5000X RGB Neon Night,ATX Mid Tower,Black / Purple,None,Tempered Glass,66.2,2,0,
Thermaltake Commander G33,ATX Mid Tower,Black,None,Tempered Glass,46.9,2,0,
Fractal Design Torrent,ATX Mid Tower,Black,None,Tinted Tempered Glass,69.8,2,0,
Lian Li Q58 ,Mini ITX Desktop,White,None,Tempered Glass,14.5,0,0,
darkFlash DLH21,Mini ITX Tower,Black,None,None,17.2,1,0,
ADATA XPG CRUISER,ATX Mid Tower,Black,None,Tempered Glass,53.8,4,0,
SilentiumPC Ventum VT2 EVO TG ARGB,ATX Mid Tower,Black,None,Tempered Glass,35.5,1,0,
Phanteks ECLIPSE G500A DRGB ,ATX Mid Tower,Black,None,Tempered Glass,61.8,2,4,
Antec NX320,ATX Mid Tower,Black,None,Tempered Glass,40.5,2,1,
Cooler Master MasterBox TD500 Mesh V2 Ryu,ATX Mid Tower,White / Red,None,Tempered Glass,52.4,2,0,
CiT Raider AIR,ATX Mid Tower,Black,None,Tempered Glass,35.3,2,0,
Corsair iCUE 5000D RGB AIRFLOW iCUE Lighting Node PRO,ATX Mid Tower,Black,None,Tempered Glass,66.2,2,0,
Chieftec Hunter,ATX Mid Tower,Black,None,Tempered Glass,39.8,2,0,
Aerocool Playa,ATX Mid Tower,Black,None,Tempered Glass,43.8,2,0,
GameMax Master M905,ATX Full Tower,Black,None,Tempered Glass,53.8,8,0,
KOLINK Inspire K1,ATX Mid Tower,Black,None,Tempered Glass,25.1,3,0,
DIYPC IDX2-ARGB,ATX Mid Tower,Gray / Black,None,Tempered Glass,46.9,4,1,
GameMax Abyss TR,ATX Mid Tower,Black,None,Tempered Glass,57.1,3,0,
GameMax Edge,ATX Mid Tower,Black,None,Tempered Glass,34.2,2,0,
GameMax Nova N5,ATX Mid Tower,Black,None,Tempered Glass,37.6,2,0,
YEYIAN Abyss 2500,ATX Mid Tower,White / Black,None,Tempered Glass,40.7,2,0,
Cougar FV270,ATX Mid Tower,Black,None,Tempered Glass,72.7,2,0,
Antec CX300 RGB ELITE,ATX Mid Tower,White,None,Tempered Glass,44.9,2,0,
darkFlash DK415P,MicroATX Mini Tower,Black,None,Tempered Glass,39.7,2,0,
Xigmatek ZEUS 5PCS CY120,ATX Full Tower,Black,None,Tempered Glass,98.8,2,0,
Zalman Z10 DS,ATX Mid Tower,Black,None,Tempered Glass,50.9,2,0,
BitFenix Grafi,ATX Mid Tower,Black,None,Tempered Glass,39.8,2,1,
AQIRYS Wezen,MicroATX Mini Tower,Black,None,Tempered Glass,34.8,2,0,
Sliger CX3171i XL,Rackmount 3U,Black,None,None,24.7,0,0,339
Inter-Tech SC-4004,Mini ITX Desktop,Black,None,None,10.9,0,0,
Silverstone KL07B-E,ATX Mid Tower,Black,None,None,52.9,3,0,142.37
GameMax View,ATX Mid Tower,Black,None,Tempered Glass,50.7,2,2,
Azza Eclipse 440,ATX Mid Tower,Black,None,Tempered Glass,45.5,2,0,79.98
Antec NX100,ATX Mid Tower,Black / Yellow,None,Acrylic,37.7,2,0,
Thermaltake CTE C700 Air,ATX Mid Tower,White,None,Tempered Glass,93.8,7,0,
darkFlash DB330M,MicroATX Mini Tower,Pink,None,Tempered Glass,29,1,0,
Aerocool CS-109-G,ATX Mid Tower,Black,None,Tempered Glass,23.7,2,0,
KOLINK Big Chungus Shredded,ATX Mid Tower,Black,None,Tempered Glass,66.4,1,0,
Jonsbo U5S,ATX Mid Tower,Silver,None,Tempered Glass,40.3,2,0,
Silverstone FARA 312Z,MicroATX Mini Tower,Black,None,Tempered Glass,37.2,2,2,79
Silverstone FARA 511Z,ATX Mid Tower,Black,None,Tempered Glass,42.9,2,0,101.34
Thermaltake DH102,HTPC,Black / Silver,None,None,28.1,3,0,
Thermaltake Versa N26,ATX Mid Tower,Black,None,Acrylic,44.7,3,0,
BitFenix Apollo,ATX Mid Tower,Black,None,Tempered Glass,40.2,2,0,
Fractal Design Define XL R2,ATX Full Tower,Gray,None,None,72.1,8,2,
NZXT H400i,MicroATX Mini Tower,Black / White,None,Tempered Glass,36.9,1,7,
Streacom DA2,Mini ITX Desktop,Silver,None,None,,3,2,
In Win 101C,ATX Mid Tower,White / Black,None,Tempered Glass,,2,0,
Antec VSK 3000 Elite,MicroATX Mini Tower,Black,None,None,27.5,4,1,
Thermaltake Core P6,ATX Mid Tower,Black,None,Tempered Glass,76.4,4,2,
Thermaltake Divider 370 TG ARGB,ATX Mid Tower,Black,None,Tempered Glass,50.7,2,1,
Fractal Design Meshify 2 Compact Lite,ATX Mid Tower,Black,None,Tinted Tempered Glass,42.3,2,1,
Cougar Dust 2,Mini ITX Tower,Black / Gold,None,Mesh,23.6,0,1,
Jonsbo V4,MicroATX Mini Tower,,None,None,19.2,2,0,
Thermaltake The Tower 200 Bumblebee,Mini ITX Tower,Yellow / Black,None,Tempered Glass,45.1,2,0,
Azza CUBE MINI 805,Mini ITX Tower,Silver / Black,None,Tempered Glass,17.6,0,0,
SHARKOON TG7M RGB,ATX Mid Tower,Black,None,Tempered Glass,52.1,2,0,
Xilence Xilent X,ATX Mid Tower,,None,Tempered Glass,51.3,2,0,
Cougar MX600 Mini RGB,MicroATX Mini Tower,Black,None,Tempered Glass,47.1,2,0,
Aerocool Designer V2,ATX Mid Tower,Black,None,Tempered Glass,34.9,2,0,
Sliger CX3170a,Rackmount 3U,Black,None,None,24.7,0,0,239
Antec Twelve Hundred,ATX Full Tower,Black,750 W,Acrylic,63.5,9,0,
Cooler Master Elite 330,ATX Mid Tower,Black / Silver,None,None,38.2,5,1,
Cooler Master HAF 932,ATX Full Tower,Black,None,Acrylic,76.7,5,1,
Antec Twelve Hundred V3,ATX Full Tower,Black,None,Acrylic,63.5,9,10,
Apex PC-375,ATX Mid Tower,Black,300 W,None,33.2,4,2,
Athenatech A1019HG.150,Mini ITX Desktop,Gray / Black,150 W,None,5.2,1,0,
Gigabyte GZ-KF03B,ATX Mid Tower,Black,None,None,26.5,5,0,
In Win BL647.300TBL,MicroATX Slim,Black,300 W,None,11.6,2,0,
Raidmax Thunder ATX-315WB,ATX Mid Tower,Black / Silver,None,Acrylic,36.2,5,0,
Zalman Z9,ATX Mid Tower,Black,None,None,,5,6,
Zalman Z9 Plus,ATX Mid Tower,Black,None,Acrylic,48.3,5,11,
Silverstone LC10B-E,HTPC,Black,None,None,30.9,7,0,
Corsair Graphite Series 600T Mesh,ATX Mid Tower,Black,None,Acrylic,79.3,6,10,
Logisys CS888CL,ATX Mid Tower,Clear,None,None,43.3,6,1,
Thermaltake Commander MS-I ID,ATX Mid Tower,Black,None,Acrylic,41.1,5,9,
Silverstone PS07B,MicroATX Mini Tower,Black,None,None,31.4,5,3,
NZXT Phantom 410,ATX Mid Tower,Red / Black,None,Acrylic,58.5,6,14,
NZXT Phantom 410,ATX Mid Tower,Black / White,None,Acrylic,58.5,6,5,
Zalman Z11 Plus HF1,ATX Mid Tower,Black,None,Acrylic,68,5,7,
BitFenix Prodigy,Mini ITX Tower,White,None,None,36,5,29,
Silverstone SG05-LITE,Mini ITX Desktop,Black,450 W,None,10.7,1,4,
In Win BL641S.300TBL,MicroATX Slim,Black,300 W,None,11.6,2,0,
Sentey GS-6700 SPIDER,ATX Full Tower,Black,None,None,60.7,5,0,
Silverstone SG07B-USB3.0,Mini ITX Desktop,Black / Gray,600 W,None,14.6,1,0,
Cooler Master Elite 311,ATX Mid Tower,Black / Blue,None,Acrylic,40.8,5,3,
CiT Vantage,ATX Mid Tower,Black / Yellow,None,None,37.5,5,4,
NZXT Phantom 630,ATX Full Tower,Gunmetal,None,Acrylic,92,6,1,
Silverstone SG10B,MicroATX Mini Tower,Black,None,None,,2,0,
Cooler Master Elite 344,ATX Mini Tower,Silver,350 W,None,28.2,5,0,
Rosewill Galaxy-03,ATX Mid Tower,Black,None,None,29.9,4,12,
NZXT Phantom 530,ATX Full Tower,Black,None,Acrylic,72.7,6,24,
Aerocool GT-S,ATX Full Tower,Black / Red,None,Acrylic,,7,0,
Cooler Master HAF Stacker 915F,Mini ITX Tower,Black,None,None,32.4,3,0,
NZXT H440,ATX Mid Tower,White / Purple,None,Acrylic,53.3,8,2,
Antec P100,ATX Mid Tower,Black / Silver,None,None,,7,4,
Rosewill Legacy V3 Plus-B,Mini ITX Tower,Black,None,None,10,1,2,
Cooler Master 690 III,ATX Mid Tower,Black,None,Acrylic,58.5,7,4,
Antec Eleven Hundred V2,ATX Mid Tower,Black,None,Acrylic,67.6,6,4,
Lian Li PC-A51,ATX Mini Tower,Black,None,Acrylic,,5,0,
Thermaltake Versa H21,ATX Mid Tower,Black,None,Acrylic,42.8,3,3,
Thermaltake Versa H22,ATX Mid Tower,Black,500 W,None,42.8,0,1,
Cooler Master HAF 912 Advanced,ATX Mid Tower,Black / Red,None,Acrylic,,6,2,
Aerocool Mechatron-Black Steel Edition,ATX Mid Tower,Black,None,Acrylic,60.3,4,1,
Corsair Graphite Series 380T,Mini ITX Tower,Black / Red,None,None,41,2,10,
Corsair Graphite Series 780T,ATX Full Tower,Black / Yellow,None,Acrylic,109.9,6,0,
DIYPC MA08,MicroATX Mini Tower,Black,None,None,20.5,1,3,
In Win BK644.BH300TB3,MicroATX Mini Tower,Black / Silver,300 W,None,12.3,0,0,
DIYPC MA01,MicroATX Mini Tower,Black / Red,None,None,20.5,1,7,
Fractal Design Core 1300,MicroATX Mini Tower,Black,None,None,32.5,2,3,
Fractal Design Define R5,ATX Mid Tower,White,None,Acrylic,54.2,8,17,
Raidmax Vortex,ATX Mid Tower,Black,None,Acrylic,42.4,3,2,
Lian Li PC-T80,ATX Test Bench,Black,None,None,,6,0,
Phanteks Enthoo Primo,ATX Full Tower,Black / Red,None,Acrylic,,6,7,
Phanteks Enthoo EVOLV ITX,Mini ITX Tower,Black,None,None,,2,10,
NZXT Noctis 450,ATX Mid Tower,White / Blue,None,Acrylic,,6,14,
Phanteks Enthoo EVOLV ATX TG,ATX Mid Tower,Gray,None,Tinted Tempered Glass,,5,15,
Azza CSAZ-105,Mini ITX Desktop,Black,None,None,,1,0,
Lian Li PC-O8X,ATX Mid Tower,Blue,None,Tempered Glass,,6,0,
Lian Li PC-O8X,ATX Mid Tower,Gold,None,Tempered Glass,,6,1,
Aerocool Aero-500,ATX Mid Tower,White / Black,None,Acrylic,45.1,4,0,
In Win 805,ATX Mid Tower,Black / Red,None,Tempered Glass,,2,6,
Silverstone ML08,HTPC,Black,None,None,,0,3,
SHARKOON BD28,ATX Mid Tower,Black / Blue,None,None,,3,1,
DIYPC Silence,ATX Mid Tower,Black,None,Acrylic,,2,9,
DIYPC D480,ATX Mid Tower,White,None,Acrylic,,2,5,
Antec VSP-5000,ATX Mid Tower,Black,None,None,,4,0,
DIYPC F2,MicroATX Mini Tower,Black / Orange,None,Acrylic,,2,15,
Zalman R1,ATX Mid Tower,Black,None,Acrylic,,4,2,
Cooler Master Silencio 452,ATX Mid Tower,Black,None,None,,6,3,
be quiet! Dark Base 900,ATX Full Tower,White,None,Acrylic,82,7,1,
Silverstone RL05,ATX Mid Tower,Black / Red,None,Acrylic,43.9,2,1,
Lian Li PC-Q37,Mini ITX Tower,Black,None,Tempered Glass,28.3,2,0,
DAN Cases A4 SFX,Mini ITX Desktop,Silver,None,None,,0,2,
Lian Li PC-O11,ATX Full Tower,Black,None,Tempered Glass,64.1,4,0,
Corsair Carbide Series SPEC-04,ATX Mid Tower,Black / Yellow,None,Acrylic,42.8,3,1,
BitFenix Nova TG,ATX Mid Tower,Black / Red,None,Tempered Glass,40.8,3,6,
EVGA DG-84,ATX Full Tower,Black,None,None,119.1,2,0,
NZXT H700i Ninja,ATX Mid Tower,Blue / Yellow,None,Tempered Glass,58.6,2,0,
Corsair Carbide Series SPEC OMEGA,ATX Mid Tower,White / Black,None,Tempered Glass,,3,5,
Cooler Master MasterCase MC500P,ATX Mid Tower,Black,None,Tempered Glass,65.9,4,4,
Cooler Master MasterCase MC500,ATX Mid Tower,Black,None,Tempered Glass,65.9,2,2,
NZXT H500,ATX Mid Tower,Black / Blue,None,Tempered Glass,41.3,3,5,
Phanteks Eclipse P350X,ATX Mid Tower,Black / White,None,Tinted Tempered Glass,41,2,13,
Cooler Master MasterBox MB511,ATX Mid Tower,Black,None,Acrylic,,2,0,
SHARKOON VG5,ATX Mid Tower,Black,None,Acrylic,38.3,3,0,
Lian Li LANCOOL ONE Digital,ATX Mid Tower,Black,None,Acrylic,46.7,2,5,
Thermaltake Level 20 GT RGB Plus,ATX Full Tower,Black / Silver,None,Tempered Glass,100.9,7,1,
Phanteks Evolv X,ATX Mid Tower,Gray,None,Tinted Tempered Glass,64.9,4,6,
Thermaltake Versa J24 RGB,ATX Mid Tower,Black,None,Tempered Glass,,3,5,
darkFlash Phantom,ATX Mid Tower,Black,None,Tempered Glass,,2,1,
Deepcool MATREXX 55 ADD-RGB,ATX Mid Tower,Black,None,Tempered Glass,,2,9,
Corsair Carbide Series 678C,ATX Mid Tower,White / Black,None,Tempered Glass,65.2,6,0,
NZXT H200,Mini ITX Tower,Black,None,Tempered Glass,27.3,1,11,
NZXT H200,Mini ITX Tower,Black / Red,None,Tempered Glass,27.3,1,2,
Deepcool MATREXX 50 ADD-RGB 3F,ATX Mid Tower,Black,None,Tempered Glass,44.5,2,0,
BitFenix Nova Mesh TG,ATX Mid Tower,Black,None,Tempered Glass,41.4,2,0,
GameMax Titan RGB,ATX Mid Tower,Black,None,Acrylic,54.6,2,0,
be quiet! Pure Base 500,ATX Mid Tower,Gray,None,None,46,2,1,
In Win 309,ATX Mid Tower,Black,None,Tempered Glass,,2,0,
Deepcool MACUBE 310,ATX Mid Tower,Black,None,Tempered Glass,45.2,2,3,
Rosewill Prism M,ATX Mid Tower,Black,None,Tempered Glass,36.9,2,1,
Apevia CRUSADER-F-BK,ATX Mid Tower,Black,None,Tempered Glass,,2,0,
Circle CC830,ATX Mid Tower,Black / Red,None,Acrylic,,3,0,
MagniumGear NEO Qube,ATX Mid Tower,Black,None,Tempered Glass,,2,4,
Cougar MX410 Mesh,ATX Mid Tower,Black / Black,None,Tempered Glass,36.3,2,0,
Cougar MG120 G,MicroATX Mini Tower,Black,None,Tempered Glass,,2,6,
Cougar DarkBlader-S,ATX Full Tower,Black / Red,None,Tempered Glass,,4,0,
Fractal Design Define 7 Compact,ATX Mid Tower,Black,None,Tempered Glass,42.5,2,8,
Azza Pyramid 804V,ATX Mid Tower,Silver / Black,None,Tempered Glass,,1,0,
MSI MPG GUNGNIR 110R EVA e-PROJECT,ATX Mid Tower,Black / Purple,None,Tempered Glass,,2,1,
Cougar MX331 MESH,ATX Mid Tower,Black,None,Acrylic,43.5,2,2,
Apevia Enzo,ATX Mid Tower,White,None,Tempered Glass,35.7,3,1,
Azza Luminous 110,MicroATX Mini Tower,Black,None,Tempered Glass,36.1,2,0,
SilentiumPC Signum SG1M,ATX Mid Tower,Black,None,None,,2,0,
Aerocool Mecha,ATX Mid Tower,Black,None,Tempered Glass,33.5,2,0,
Zalman R2,ATX Mid Tower,Black,None,Tempered Glass,,2,0,
ADATA XPG STARKER AIR,ATX Mid Tower,Pink,None,Tempered Glass,40,2,2,
SAMA Sama-S88-BK,ATX Mid Tower,Black / Red,None,Tempered Glass,37.7,2,2,
KOLINK Castle,ATX Mid Tower,Black,None,Tempered Glass,35.4,2,0,
MSI MPG Quietude 100S,ATX Mid Tower,Black,None,Tempered Glass,53.8,2,0,
G.Skill LT1,MicroATX Mini Tower,Black,None,Tempered Glass,35,1,1,
ADATA XPG STARKER,ATX Mid Tower,White,None,Tempered Glass,40,2,0,
MSI MEG PROSPECT 700RL,ATX Mid Tower,Black,None,Tempered Glass,80.7,2,0,
Cougar Purity RGB,MicroATX Mini Tower,White,None,Tempered Glass,28.2,2,0,
Vetroo AL-MESH-7C,ATX Mid Tower,Black,None,Tempered Glass,40.9,2,1,
HYTE Y40 Songque,ATX Mid Tower,Black / Yellow,None,Tempered Glass,49.7,1,0,
iTek DARK CAVE,ATX Mid Tower,Black,None,Tempered Glass,54.7,2,0,
Deepcool CYCLOPS,ATX Mid Tower,White,None,Tempered Glass,51.5,2,0,
Cooler Master MasterBox MB520,ATX Mid Tower,Black / Red,None,Acrylic,50.4,2,0,
Tecware Nexus Evo RGB,ATX Mid Tower,White,None,Tempered Glass,35.4,2,0,
Vetroo M03,MicroATX Mini Tower,Green,None,Tempered Glass,36.1,2,0,
GameMax Black Hole,ATX Mid Tower,Black,None,Tempered Glass,40.7,2,1,
BGears b-Draco5907-RGB,ATX Mid Tower,Black,None,Tempered Glass,43.2,3,0,
DIYPC Rainbow-Flash-G1,ATX Mid Tower,Black,None,Tempered Glass,35.9,2,0,
GameMax Nova N6,ATX Mid Tower,Black,None,Tempered Glass,37.6,2,0,
EVOLVEO Nate 2,ATX Mid Tower,,None,Acrylic,36.6,2,0,
Mars Gaming MC9,ATX Mid Tower,Black,None,Tempered Glass,55.7,2,0,
SaharaGaming M808W,MicroATX Mid Tower,White,None,Tempered Glass,41.9,2,0,
GameMax Vista M,MicroATX Mini Tower,White,None,Tempered Glass,40.9,2,0,
Aerocool Viewport Mini V1,MicroATX Mini Tower,Black,None,Tempered Glass,35,1,0,
ADATA XPG VALOR AIR PLUS,ATX Mid Tower,Black,None,Tempered Glass,38.6,2,0,
1STPLAYER Mi2-A,MicroATX Mid Tower,White,None,Tempered Glass,26.8,1,0,
ALPHAGEAR Dervish mark 1 ARGB,ATX Mid Tower,Black,None,Tempered Glass,46.3,1,0,
ALPHAGEAR Atlas,ATX Mid Tower,Black,None,None,36,2,0,
In Win ModFree Base,ATX Full Tower,Black,None,Tempered Glass,57.2,1,0,165
Silverstone PS13,ATX Mid Tower,Black,None,None,,3,0,
GameMax Destroyer Mesh,MicroATX Mini Tower,Black,None,Tempered Glass,43.6,2,0,
Aerocool CS-109-S,ATX Mid Tower,Black,None,None,23.7,2,0,
Thermaltake Divider 300 TG,ATX Mid Tower,Black,None,Tempered Glass,48.2,2,1,91.77
Xilence Xilent Blade II,ATX Mid Tower,,None,Tempered Glass,33.7,2,0,
Silverstone SG13,Mini ITX Tower,White / Black,None,None,11.5,1,2,
NZXT H510i All Might,ATX Mid Tower,Blue / Red,None,Tempered Glass,41.3,2,1,
Thermaltake Divider 300 ARGB Triangular,ATX Mid Tower,Black,None,Tempered Glass,48.2,2,0,89.99
NZXT Source 210 Elite,ATX Mid Tower,White / Black,None,None,42.4,8,32,
Cooler Master Elite 500,ATX Mid Tower,Black,None,None,38,2,0,
Aerocool Menace Saturn FRGB,ATX Mid Tower,Black,None,Tempered Glass,36.7,2,0,
Thermaltake Suppressor F31,ATX Mid Tower,Black,None,None,,3,2,
In Win IW-MS04,Mini ITX Desktop,Black,None,None,,4,0,174.99
BitFenix Prodigy M 2022,MicroATX Mini Tower,Black / White,None,Tempered Glass,,2,0,
Antec DP505,ATX Mid Tower,White,None,Tempered Glass,51.9,2,0,
iBuypower Trace X RGB,ATX Mid Tower,Black,None,Tempered Glass,57.9,1,0,129.99
Cooler Master K350,ATX Mid Tower,Black / Red,None,Acrylic,,6,1,
Nanoxia Deep Silence 5,ATX Full Tower,Black,None,None,,11,0,
Fractal Design Define R5,ATX Mid Tower,Silver,None,None,54.2,8,6,
Fractal Design Focus G,ATX Mid Tower,Black / Gray,None,Acrylic,42.2,2,7,
Antec GX202,ATX Mid Tower,Black,None,Acrylic,40.1,3,3,
Aerocool Aero One Mini Eclipse,MicroATX Mini Tower,White / Black,None,Tempered Glass,,2,2,
Streacom DA2 V2,Mini ITX Desktop,Black,None,None,17.5,0,2,
SHARKOON VS7,ATX Mid Tower,Black,None,None,47,2,0,
Montech AIR 1000 LITE,ATX Mid Tower,White,None,Tempered Glass,45.3,2,0,
In Win B1 Pure,Mini ITX Desktop,White / Brown,200 W,None,7.8,0,0,
Thermaltake Divider 500 TG ARGB Air,ATX Mid Tower,Black,None,Tempered Glass,56.8,2,0,119.99
Thermaltake Divider 550 TG Ultra,ATX Mid Tower,Black,None,Tempered Glass,56.8,2,0,199.99
Thermaltake Ceres 500,ATX Mid Tower,White,None,Tempered Glass,65.3,2,0,
SHARKOON Rebel C60 RGB,ATX Mid Tower,Black,None,Tempered Glass,52,3,0,
Antec Dark Fleet DF-85,ATX Full Tower,Black,None,Acrylic,64.1,9,6,
Antec ISK-100,Mini ITX Tower,Black / Silver,80 W,None,4.4,0,0,
Antec Three Hundred Illusion,ATX Mid Tower,Black,None,None,43.5,6,4,
Cooler Master CM690 II Basic,ATX Mid Tower,Black,None,None,57.4,6,0,
Cooler Master HAF X,ATX Full Tower,Black,None,Acrylic,75,5,2,
Cooler Master Storm Sniper,ATX Mid Tower,Black,None,Acrylic,79.2,5,0,
Thermaltake Element Q,Mini ITX Desktop,Black,200 W,None,9.4,1,0,
Rosewill R101-P,MicroATX Mid Tower,Black,450 W,None,25.3,4,1,
Rosewill R379-M,MicroATX Slim,Black / Silver,300 W,None,12.9,1,5,
Antec Solo,ATX Mid Tower,Black / White,None,None,41.4,4,2,
Lian Li PC-Q09F,Mini ITX Desktop,Black,150 W,None,6.3,0,0,
Lian Li PC-Q09,Mini ITX Desktop,White,110 W,None,5.5,0,0,
Lian Li PC-T60,ATX Test Bench,Red,None,None,45.6,3,0,
Lian Li PC-T7,Mini ITX Test Bench,Silver,None,None,18.6,1,0,
Apevia X-Master,HTPC,Black / Silver,500 W,None,22,1,0,
NZXT Alpha,ATX Mid Tower,Black / Gray,None,Acrylic,43.6,5,0,
Apex TM366BK,MicroATX Mid Tower,Black,300 W,None,25,1,1,
Athenatech A6605BS.450,ATX Mini Tower,Black / Silver,450 W,None,33.3,2,0,
Silverstone SG05-B,Mini ITX Desktop,Black,300 W,None,10.7,1,0,
Cooler Master HAF 922,ATX Mid Tower,Black,None,None,71.5,5,23,
Fractal Design Define XL,ATX Full Tower,Black,None,None,72.6,10,0,
Azza Solano 1000,ATX Full Tower,Black,None,Acrylic,56,8,0,
Apex SK-386,ATX Mid Tower,Black,300 W,None,29.2,5,1,
NZXT Source 220,ATX Mid Tower,Black,None,None,43.4,8,19,
Sentey CS1-1398,ATX Mid Tower,Black,250 W,None,27.8,2,1,
Rosewill BLACKHAWK-ULTRA,ATX Full Tower,Black,None,None,100.6,10,9,
Xigmatek Midgard II,ATX Mid Tower,Black,None,None,45.4,6,0,
Cooler Master HAF XM,ATX Mid Tower,Black,None,None,76,6,13,
NZXT Phantom 410,ATX Mid Tower,Black,None,Acrylic,58.5,6,37,
BitFenix Shinobi Window XL,ATX Full Tower,Black,None,Acrylic,77.6,7,1,
Fractal Design Define R4,ATX Mid Tower,White,None,None,56,8,14,
Antec LanBoy Air,ATX Mid Tower,Black / Yellow,None,None,58.5,6,0,
Lian Li PC-V650,ATX Mini Tower,Silver,None,None,38.2,7,0,
Cooler Master HAF XB,ATX Desktop,Black,None,None,61.7,0,11,
Silverstone RV02B-W-USB3.0,ATX Full Tower,Black,None,Acrylic,68.3,3,0,
Thermaltake Chaser A31,ATX Mid Tower,Black,None,Acrylic,52.7,6,24,
Xigmatek CCC-AD38BT-U03,ATX Mid Tower,Black,None,None,43.6,8,1,
Lian Li PC-TU100,Mini ITX Tower,Black,None,None,10.6,0,8,
Silverstone SG06BB-LITE,Mini ITX Desktop,Black,None,Acrylic,,1,4,
Xion XON-720P,MicroATX Slim,Red / Black,300 W,None,10.4,1,0,
CFI Pharaoh Evo,ATX Full Tower,Black,None,Acrylic,109.4,10,0,
Topower TP-1687BS-400,MicroATX Desktop,Black / Silver,400 W,None,15.4,1,0,
NZXT H230,ATX Mid Tower,White,None,None,43.7,6,11,
Aerocool Strike-X Air,ATX Test Bench,Black / Red,None,None,,3,4,
Aerocool Strike-X One,ATX Mid Tower,Black / Red,None,None,,6,1,
Gigabyte Sumo Alpha,ATX Mid Tower,Black,None,Acrylic,53.1,4,0,
Rosewill R536,ATX Mid Tower,Black,500 W,None,35.6,5,2,
Corsair Graphite Series 230T,ATX Mid Tower,Black / Orange,None,Acrylic,,4,13,
Cubitek HPTX ICE,ATX Full Tower,Black,None,None,,8,0,
NZXT Phantom,ATX Full Tower,White / Black,None,None,74.3,7,10,
NZXT H440,ATX Mid Tower,White / Black,None,Acrylic,53.3,8,20,
NZXT H440 Hyper Beast,ATX Mid Tower,Blue,None,Acrylic,53.3,8,0,
Rosewill Legacy U3-B,MicroATX Mini Tower,Black,None,None,20.1,2,2,
EVGA Hadron Hydro,Mini ITX Tower,Black,500 W,Acrylic,18.4,2,1,
Corsair Graphite Series 730T,ATX Full Tower,Black,None,Acrylic,78.7,6,5,
Corsair Carbide Series SPEC-03,ATX Mid Tower,Black / Blue,None,Acrylic,36.1,3,1,
nMEDIAPC HTPC 1800B,HTPC,Black,None,None,5.8,0,0,
Raidmax Cobra Z,ATX Mid Tower,Black / Red,None,None,59.5,3,4,
Fractal Design Core 3500,ATX Mid Tower,Black,None,None,56,4,2,
Parvum Systems S2.0,MicroATX Mini Tower,White / Purple,None,Acrylic,,2,0,
Phanteks Enthoo Luxe TG,ATX Full Tower,Gray,None,Tinted Tempered Glass,72.4,6,0,
SHARKOON T9 Value,MicroATX Mid Tower,Black / White,None,Acrylic,,0,0,
Lian Li PC-V1000L,ATX Full Tower,Black,None,None,73.6,0,1,
Thermaltake Core V51,ATX Mid Tower,Black,None,Acrylic,71.2,5,9,
In Win BP655.FH300TB3,Mini ITX Tower,Black / Blue,300 W,None,8.1,2,3,
Phanteks Enthoo EVOLV,MicroATX Mini Tower,Black,None,Acrylic,41.7,3,11,
BitFenix Prodigy M,MicroATX Mini Tower,White,None,None,35.9,4,8,
Lian Li PC-Q26,Mini ITX Tower,Black,None,None,33.8,10,0,
DIYPC Gamemax,ATX Full Tower,White,None,Acrylic,61.7,4,4,
DIYPC Ranger-R4,ATX Mid Tower,Black / Red,None,Acrylic,41.6,4,11,
Phanteks Enthoo Primo,ATX Full Tower,Black / White,None,Acrylic,,6,1,
Phanteks Enthoo EVOLV ITX,Mini ITX Tower,Black,None,Acrylic,,2,33,
DIYPC Cuboid,MicroATX Mini Tower,Black / Red,None,Acrylic,,3,9,
BitFenix Aegis Core,MicroATX Mid Tower,Blue,None,Acrylic,46.2,4,0,
BitFenix Aegis,MicroATX Mid Tower,Black,None,Acrylic,46.2,4,1,
Thermaltake Suppressor F51,ATX Mid Tower,Black,None,Acrylic,69.7,6,1,
Phanteks Enthoo Pro M TG,ATX Mid Tower,Black / White,None,Tinted Tempered Glass,56.4,2,19,
Aerocool Aero-1000,ATX Mid Tower,White,None,Acrylic,,5,0,
Aerocool Aero-500,ATX Mid Tower,Black,None,Acrylic,45.1,4,2,
In Win 805 Infinity,ATX Mid Tower,Black,None,Tempered Glass,,2,1,
Thermaltake Core P5 TG Snow Edition,ATX Mid Tower,White / Black,None,Tinted Tempered Glass,115.4,3,0,
Corsair Carbide Series SPEC-M2,MicroATX Mid Tower,Black,None,Acrylic,,2,8,
Silverstone RVX01 Window,ATX Mid Tower,Black / Red,None,Acrylic,,4,1,
Raidmax Viper II,ATX Mid Tower,Black / Green,None,Acrylic,,3,1,
NZXT Manta,Mini ITX Desktop,Black / Red,None,Acrylic,,2,12,
Phanteks Eclipse P400,ATX Mid Tower,White,None,Tinted Tempered Glass,45.9,2,10,
BitFenix Nova,ATX Mid Tower,Black,None,Acrylic,,4,5,
Deepcool Dukase,ATX Mid Tower,Black,None,Acrylic,,3,20,
Silverstone LC18,HTPC,Black,None,None,30.6,5,0,
Corsair Carbide Series SPEC-ALPHA,ATX Mid Tower,White / Blue,None,Acrylic,,3,2,
Thermaltake Core X5 Riing Edition,ATX Desktop,Green / Black,None,Acrylic,92.8,4,0,
NZXT S340 Elite Hyper Beast,ATX Mid Tower,Multicolor,None,Tempered Glass,41.6,2,2,
Aerocool XPredator II,ATX Full Tower,Black / Red,None,Acrylic,77.2,8,0,
EVGA DG-86,ATX Full Tower,Gray,None,Acrylic,,8,2,
Cooler Master CM 590 III,ATX Mid Tower,Black,None,Acrylic,45.1,4,1,
Azza Photios 250,ATX Mid Tower,Black,None,Tempered Glass,,3,1,
Lian Li PC-O11ROG,ATX Full Tower,Silver,None,Tempered Glass,65.3,4,6,
Rosewill SCM-01,MicroATX Mini Tower,Black,None,None,,3,6,
Thermaltake Versa N27,ATX Mid Tower,White,None,Acrylic,,4,1,
In Win EM048,MicroATX Mini Tower,Black,None,None,,2,0,
SHARKOON S25-V,ATX Mid Tower,Blue,None,Acrylic,43.9,3,2,
Fractal Design Define R6 Blackout,ATX Mid Tower,Black,None,Tempered Glass,56.7,6,6,
Rosewill CULLINAN MX,ATX Mid Tower,Black,None,Tempered Glass,47.2,4,3,
FSP Group CMT520,ATX Mid Tower,Black,None,Tempered Glass,,2,0,
DIYPC Model X,ATX Mid Tower,White,None,Tempered Glass,,2,2,
Rosewill METEOR XR,ATX Mid Tower,Black,None,Tempered Glass,,2,0,
CiT F3,MicroATX Mini Tower,Black / Blue,None,Acrylic,,2,0,
Zalman Z9 NEO Plus,ATX Mid Tower,White / Black,None,Acrylic,,2,1,
Cooler Master MasterBox E500L,ATX Mid Tower,Black,None,None,,2,0,
Lian Li LANCOOL ONE,ATX Mid Tower,Black,None,Tempered Glass,46.7,2,0,
Deepcool MATREXX 55 A-RGB 3F,ATX Mid Tower,Black,None,Tempered Glass,,2,5,
MagniumGear NEO G MINI,Mini ITX Tower,Black,None,Tempered Glass,,1,1,
FSP Group CMT330,ATX Mid Tower,Black / Blue,None,Acrylic,,2,0,
Fractal Design Meshify S2,ATX Mid Tower,Black,None,None,58.3,3,4,
MSI MPG GUNGNIR 100,ATX Mid Tower,Black,None,Tempered Glass,60.8,2,0,
Thermaltake Commander C31 TG ARGB,ATX Mid Tower,Black,None,Tempered Glass,,3,0,
NZXT H500i,ATX Mid Tower,Black / Blue,None,Tempered Glass,41.3,3,2,
NZXT H500i,ATX Mid Tower,Black / Red,None,Tempered Glass,41.3,3,4,
Phanteks Eclipse P400S,ATX Mid Tower,Black,None,None,45.9,2,7,
Phanteks Eclipse P400S,ATX Mid Tower,White,None,Tinted Acrylic,45.9,2,12,
NZXT H400,MicroATX Mini Tower,White,None,Tempered Glass,36.9,1,8,
NZXT H400,MicroATX Mini Tower,Black,None,Tempered Glass,36.9,1,4,
Fractal Design Define R6 USB-C,ATX Mid Tower,White / Black,None,Tempered Glass,56.7,6,5,
Fractal Design Define R6 USB-C,ATX Mid Tower,White / Black,None,None,56.7,6,0,
Thermaltake H200 TG Snow RGB,ATX Mid Tower,White,None,Tempered Glass,39.7,2,7,
Cooler Master MasterCase H100,Mini ITX Desktop,Black,None,None,,1,3,
ABKONCORE Cronos 350M,MicroATX Mini Tower,Black,None,Tempered Glass,,2,0,
NZXT H510 Horde,ATX Mid Tower,Red,None,Tempered Glass,41.3,2,0,
BitFenix Nova Mesh TG 4ARGB,ATX Mid Tower,White,None,Tempered Glass,41.4,2,5,
iTek LUNAR 19R2,ATX Mid Tower,Black,None,Tempered Glass,39.9,3,0,
GameMax Fortress,ATX Full Tower,Black,None,Tempered Glass,54.7,2,0,
GameMax Starlight RGB,ATX Mid Tower,Black,None,Tempered Glass,45.3,2,0,
Cougar Gemini M,MicroATX Mini Tower,Black,None,Tempered Glass,35.7,2,2,
MagniumGear Neo Mini V2,Mini ITX Desktop,Silver,None,Tempered Glass,,1,5,
AvP Galaxy III,ATX Mid Tower,Black / Blue,None,Acrylic,39.4,6,0,
Montech Air 900 MESH,ATX Mid Tower,Black,None,Tempered Glass,44,2,2,
In Win EFS052,ATX Mini Tower,Black,None,None,25.4,0,1,
In Win 905-SILADD,ATX Mid Tower,Silver / Black,None,Tinted Tempered Glass,,1,1,
Apevia CRUSADER-F-PK,ATX Mid Tower,Pink,None,Tempered Glass,,2,1,
BitFenix Dawn TG,ATX Mid Tower,Black,None,Tempered Glass,,2,1,
Circle CG830,ATX Mid Tower,White / Black,None,Tempered Glass,,3,0,
FSP Group CMT230,ATX Mid Tower,Black,None,Acrylic,36.9,2,0,
DIYPC Shadow-H3-ARGB,ATX Mid Tower,Black,None,Tempered Glass,,3,1,
Aerocool Sentinel,ATX Mid Tower,Black,None,Tempered Glass,,1,0,
GAMDIAS ATHENA M1,ATX Mid Tower,Black,None,Tempered Glass,43.5,2,0,
Segotep Argus,ATX Mid Tower,Black,None,Tempered Glass,,2,1,
Aerocool CS-1102,ATX Mid Tower,Black,None,None,33.8,3,0,
Cougar Blazer Essence,ATX Mid Tower,Black / Orange,None,Tempered Glass,,2,0,
SHARKOON REV 200,ATX Mid Tower,Black,None,Tempered Glass,50.5,2,0,
Apevia Predator,ATX Mid Tower,Black,None,Tempered Glass,35.7,3,0,
Apevia Predator,ATX Mid Tower,Pink,None,Tempered Glass,35.7,3,1,
Cougar MX331 MESH-X,ATX Mid Tower,Black,None,None,43.5,2,0,
Deco Gear DGPCS20X,ATX Mid Tower,Black,None,Tinted Tempered Glass,53.3,2,1,
BitFenix Nova Mesh SE,ATX Mid Tower,White / Purple,None,Tempered Glass,36.1,2,1,
Phanteks Evolv Shift 2,Mini ITX Tower,Gray,None,Tempered Glass,22.8,1,4,
Antec DF700 FLUX,ATX Mid Tower,White,None,Tempered Glass,49.9,3,0,
CiT Home RGB,MicroATX Mid Tower,Black,None,None,,3,0,
MS Cyclops V,ATX Mid Tower,Black,None,Acrylic,,3,0,
Montech X2 Mesh,ATX Mid Tower,White,None,Tempered Glass,32.3,2,0,
GAMDIAS ARGUS E2 ELITE,ATX Mid Tower,Black,None,Tempered Glass,,2,0,
GAMDIAS ATHENA E1 ELITE,ATX Mid Tower,Black,None,Tempered Glass,,2,2,
GAMDIAS TALOS E2,ATX Mid Tower,Black,None,Tempered Glass,,2,0,
GAMDIAS TALOS P1A,ATX Mid Tower,Black,None,Tempered Glass,,2,0,
ADATA XPG DEFENDER,ATX Mid Tower,Black,None,Tempered Glass,47.7,2,0,
ADATA XPG DEFENDER,ATX Mid Tower,White / Black,None,Tempered Glass,47.7,2,1,
Cougar MG140 Air RGB,MicroATX Mini Tower,White / Black,None,Tempered Glass,35.3,2,0,
Raidmax X616,ATX Mid Tower,Black,None,Tempered Glass,42.9,2,0,
Montech SKY ONE MINI,MicroATX Mini Tower,Black,None,Tempered Glass,21.9,1,0,
MSI MAG SHIELD 110R,ATX Mid Tower,Black,None,Tempered Glass,36.5,2,0,
Azza Zircon 7000B,ATX Full Tower,Black,None,Tempered Glass,61.8,5,0,
Inter-Tech C-702 DIORAMA,ATX Mid Tower,Black,None,Tempered Glass,44.1,2,0,
Lazer3D LZX-8 Tek,Mini ITX Desktop,Black / Gray,None,None,8.6,1,0,
DIYPC S3-BK-ARGB,ATX Mid Tower,Black,None,Tempered Glass,36.8,2,0,
Rosewill SPECTRA C201,ATX Mid Tower,Black,None,Tempered Glass,37.6,2,0,
GAMDIAS ATHENA M6,ATX Mid Tower,White,None,Tempered Glass,45,2,1,
DIYPC ARGB-Q3,MicroATX Mini Tower,Black,None,Tempered Glass,38.6,2,1,
Antec NX292,ATX Mid Tower,White,None,Tempered Glass,37.6,2,0,
BitFenix Tracery,ATX Mid Tower,White,None,Tempered Glass,52.8,4,0,
CiT Blaze,ATX Mid Tower,Black / Blue,None,Tempered Glass,31.4,2,0,
CiT Dark Star ARGB,ATX Mid Tower,Black,None,Acrylic,41.3,2,0,
Jonsbo V11,Mini ITX Tower,Black,None,Mesh,13,0,0,
OCPC MICRO,MicroATX Mid Tower,Black,None,None,12.7,0,0,
Noua Ne-o F18,ATX Mid Tower,Black,None,Tempered Glass,43.8,2,0,
Apevia Guardian-M,ATX Mid Tower,Black,None,Tempered Glass,39.5,2,2,
Jonsbo Jonsplus i400,ATX Mid Tower,Silver,None,None,55.7,6,0,
FSP Group CMT260,ATX Mid Tower,Black,None,Tempered Glass,36.1,2,0,
GALAX REV-06 RGB,ATX Mid Tower,Black,None,Tempered Glass,39.5,2,0,
BGears ‎b-BlackWidow-RGB,ATX Mid Tower,White,None,Tinted Tempered Glass,41.2,2,1,
KOLINK KLA-002,ATX Mid Tower,Black,None,None,25.1,3,0,
KOLINK Observatory Y ARGB,ATX Mid Tower,Black,None,Tempered Glass,53.1,2,0,
Cougar MX350 MESH-X,ATX Mid Tower,Black,None,None,39.4,2,0,
DIYPC IDX3-ARGB,ATX Mid Tower,Black,None,Tempered Glass,53.9,2,0,
GameMax Aero Mini,MicroATX Mini Tower,Black / White,None,Tempered Glass,31.5,2,0,
GameMax Destroyer,MicroATX Mini Tower,Black,None,Tempered Glass,43.6,2,0,
GameMax Draco XD,ATX Mid Tower,Black,None,Tempered Glass,40.7,2,0,
GameMax G563,ATX Mid Tower,Black,None,Acrylic,37.8,2,0,
GameMax Silent Max,ATX Mid Tower,Black,None,None,98.5,8,0,
YEYIAN Phoenix,ATX Mid Tower,Black,None,Tempered Glass,47.3,2,0,
YEYIAN Haizen 2500,MicroATX Mid Tower,White,None,Tempered Glass,24.7,2,0,
Cooler Master Elite 300 TG,MicroATX Mid Tower,Black,None,Tempered Glass,35.8,2,0,
GameMax Spark Mini,Mini ITX Desktop,Black,None,Tempered Glass,15.1,1,1,
GameMax F46,ATX Mid Tower,Black,None,Tempered Glass,40.6,2,1,
Aerocool Prism V2 RGB,ATX Mid Tower,Black,None,Tempered Glass,41.7,2,0,
AQIRYS Bellatrix Pro,MicroATX Mini Tower,Black,None,Acrylic,20.4,2,0,
ALPHAGEAR Purifier V2 mesh ARGB,ATX Mid Tower,Black,None,Tempered Glass,52.9,2,0,
ALPHAGEAR Trickster RGB,ATX Mid Tower,White,None,Tempered Glass,39.5,2,0,
Sliger CX3170i XL,Rackmount 3U,Black,None,None,24.7,0,0,269
Sliger CX3151i,Rackmount 3U,Black,None,None,21.8,0,0,299
Sliger CX3172i XL,Rackmount 3U,Black,None,None,24.7,0,0,269
darkFlash DY460 NF,ATX Mid Tower,Black,None,Tempered Glass,58.2,2,0,
In Win EFS712,MicroATX Mini Tower,Black,None,None,25.5,3,0,114.4
KOLINK Unity Nexus ARGB,ATX Mid Tower,Black,None,Tempered Glass,51.3,2,0,
RAIJINTEK Metis Plus,Mini ITX Tower,Blue,None,Acrylic,13.4,2,1,
Supermicro SuperChassis 721TQ-350B2,Mini ITX Tower,Black,350 W,None,14.1,0,0,314.99
Thermaltake AH T200 Snow,MicroATX Mid Tower,White,None,Tempered Glass,69.1,2,0,
Zalman M1,Mini ITX Tower,Black,None,None,,3,0,
Silverstone ALTA F1,ATX Mid Tower,Black,None,Tempered Glass,56.8,2,0,279.99
iStarUSA S-917,Mini ITX Tower,Black,None,None,28.2,0,0,299.99
Thermaltake View 71 TG,ATX Full Tower,Black,None,Acrylic,,4,2,199.99
KOLINK Big Chungus Hench,ATX Mid Tower,Black,None,Tempered Glass,77.3,1,0,
Silverstone FARA 513,ATX Mid Tower,Black,None,None,44.6,2,0,
Aerocool CS-107,MicroATX Mini Tower,Black,None,Tempered Glass,23.7,1,0,
Antec NSK1380,MicroATX Mini Tower,Silver / Black,350 W,None,18,3,0,
Antec Sonata Elite,ATX Mid Tower,Black,None,None,43.2,4,0,
Cooler Master MasterBox CM694 TG,ATX Mid Tower,Black,None,Tempered Glass,,6,0,
Fractal Design Define 7 Compact,ATX Mid Tower,White,None,Tempered Glass,42.5,2,3,
Silverstone Lucid LD03-AF,Mini ITX Tower,Black,None,Tempered Glass,25.2,1,0,141.93
Jonsbo D31 STD Screen,MicroATX Mini Tower,White,None,Tempered Glass,31.3,1,1,
RAIJINTEK PAEAN C7,ATX Mid Tower,Black,None,Tempered Glass,45.5,2,0,
SHARKOON Rebel C70M RGB,ATX Mid Tower,Brown / Black,None,Mesh,54.5,3,0,
Silverstone SG02-BF,MicroATX Desktop,Black / Silver,None,None,22.4,2,0,
Corsair Carbide Series 330R,ATX Mid Tower,Black,None,None,49.9,4,0,
Corsair Carbide 600Q,ATX Full Tower,Black,None,None,63.2,2,1,
Antec VSK3-500,MicroATX Mini Tower,Black,500 W,None,,2,0,
In Win Chopin,HTPC,Silver,150 W,None,,0,2,
In Win 301C,MicroATX Mini Tower,Black,None,Tempered Glass,26,1,4,
In Win 301C,MicroATX Mini Tower,White,None,Tempered Glass,26,1,1,
Cooler Master MasterBox K500 ARGB,ATX Mid Tower,Black,None,Tempered Glass,46.9,2,0,
Thermaltake Level 20 GT ARGB,ATX Full Tower,Silver / Black,None,Tempered Glass,100.9,7,0,
SHARKOON Elite Shark CA200G,ATX Mid Tower,Black,None,Tempered Glass,62.8,4,0,
KOLINK BIG CHUNGUS,ATX Mid Tower,Black,None,Tempered Glass,146.1,2,0,
Cooler Master MasterBox MB400L,MicroATX Mini Tower,Black,None,Tempered Glass,36.7,2,3,
Antec Dark Phantom DP502 Flux,ATX Mid Tower,White / Black,None,Tempered Glass,49.5,3,0,
Geometric Future Model 6,ATX Mid Tower,Black / Yellow,None,Tinted Tempered Glass,43.5,4,1,
Jonsbo D30,MicroATX Mini Tower,Silver / Black,None,Tempered Glass,26.6,1,0,
Thermaltake View 300 MX,ATX Mid Tower,Black,None,Tempered Glass,58.8,2,0,
NZXT H5 Flow Starfield,ATX Mid Tower,White / Blue,None,Tempered Glass,47,1,0,
Deepcool CK500,ATX Mid Tower,Black,None,Tempered Glass,49.4,2,0,
GameMax Spark,MicroATX Mid Tower,White,None,Tempered Glass,26.5,1,1,
RAIJINTEK PAN Slim,Mini ITX Desktop,White,None,None,38.7,2,1,
Aerocool Graphite v2,ATX Mid Tower,,None,Tempered Glass,43,2,0,128.27
Mars Gaming MCB,ATX Mid Tower,White,None,Tempered Glass,61.7,2,0,
Antec Dark Fleet DF-30,ATX Mid Tower,Black,None,Acrylic,46.6,6,2,
Antec Mini P180,MicroATX Mini Tower,White,None,None,39.7,5,1,
Antec Nine Hundred Two,ATX Mid Tower,Black,None,Acrylic,50.6,6,0,
Corsair Graphite Series 600T,ATX Mid Tower,Black,None,None,79.3,6,4,
Antec Twelve Hundred,ATX Full Tower,Black,None,Acrylic,63.5,9,2,
Thermaltake Element G,ATX Mid Tower,Black,None,None,57.5,7,2,
Lian Li PC-Q07,Mini ITX Tower,Black,None,None,11.2,1,1,
Lian Li PC-Q11,Mini ITX Tower,Black,None,None,16.8,2,1,
Antec P183 V3,ATX Mid Tower,Black,None,None,53.8,6,1,
NZXT Guardian 921 RB,ATX Mid Tower,Black,None,Acrylic,,4,6,
Apex DM-317-A,MicroATX Slim,Black / Silver,275 W,None,12.9,1,0,
Apex Vortex 3620,ATX Mid Tower,Black,None,None,33.2,5,3,
Athena Power CA-601YW95,ATX Full Tower,Yellow,950 W,Acrylic,50.6,4,0,
Athenatech A3712BB.450,ATX Mid Tower,Black,450 W,None,23.2,2,0,
Athenatech A412WW.400,ATX Mid Tower,White,400 W,None,35,5,0,
Foxconn G-007,MicroATX Mid Tower,Black,None,None,45.4,4,0,
In Win BP655.200BL,Mini ITX Desktop,Black,200 W,None,8.1,0,1,
Raidmax Atlas ATX-295WB,ATX Mid Tower,Black,None,Acrylic,42.9,4,2,
Silverstone TJ07-BW,ATX Full Tower,Black,None,Acrylic,69.2,6,0,
Sunbeam AC-9B-HUVB,ATX Mid Tower,Clear,None,None,49.5,4,0,
Xigmatek Asgard II,ATX Mid Tower,Black,None,None,35.5,5,1,
Xigmatek Asgard II,ATX Mid Tower,Black / Silver,None,None,35.5,5,0,
Xigmatek Utgard Window,ATX Mid Tower,Black,None,Acrylic,51.7,4,0,
Athenatech A100SC.270,HTPC,Gray / Silver,270 W,None,18.5,2,0,
Silverstone GD05B,HTPC,Black,None,None,21.3,2,4,
Silverstone LC17-B,HTPC,Silver,None,None,30.9,6,0,
Antec P193 V3,ATX Full Tower,Black,None,None,65.5,6,1,
NZXT H2,ATX Mid Tower,White,None,None,51.8,8,4,
Apevia X-Trooper-Jr,ATX Mid Tower,Black,None,Acrylic,29.8,3,2,
Thermaltake Soprano DX,ATX Mid Tower,Black,None,None,49.8,5,0,
NZXT Source 210,ATX Mid Tower,White / Black,None,None,42.4,8,30,
NZXT Source 210,ATX Mid Tower,Black,None,Acrylic,42.4,8,22,
Rosewill Challenger-U3,ATX Mid Tower,Black,None,None,38.4,5,18,
Fractal Design Define R3,ATX Mid Tower,Black,None,None,47.5,8,1,
Lian Li PC-TU200,Mini ITX Tower,Black,None,None,21.6,4,4,
Antec P180,ATX Mid Tower,White / Black,None,None,56,6,2,
NZXT Tempest 210,ATX Mid Tower,Black,None,None,43.6,8,8,
NZXT Tempest 410,ATX Mid Tower,Black,None,None,51.1,8,6,
Diablotek DIAMOND,ATX Mid Tower,Black,400 W,None,27.9,2,5,
Azza Orion 202 EVO,ATX Mid Tower,Black / Red,None,Acrylic,43.5,4,2,
In Win BK623.BN300TBL,MicroATX Mini Tower,Black,300 W,None,12.3,1,0,
Antec P280,ATX Mid Tower,Black,None,Acrylic,68,6,0,
In Win Dragon Rider,ATX Full Tower,White / Black,None,None,76.6,6,0,
NZXT Switch 810,ATX Full Tower,Black,None,Acrylic,81.3,6,8,
In Win IW-BQ656T.AD80TBL,HTPC,Black,80 W,None,3.3,0,0,
Raidmax Super Hurricane,ATX Mid Tower,Black,None,Acrylic,36.7,4,4,
Xigmatek Asgard Pro,ATX Mid Tower,Black,None,None,41.5,7,1,
Raidmax Viper,ATX Mid Tower,Red / Black,None,Acrylic,42.6,4,2,
Cougar Solution,ATX Mid Tower,Black,None,None,40.7,6,13,
NZXT Phantom 410,ATX Mid Tower,White / Black,None,Acrylic,58.5,6,6,
BitFenix Prodigy,Mini ITX Tower,Green,None,Acrylic,36,5,4,
Cougar Challenger,ATX Mid Tower,Black / Orange,None,Acrylic,71.6,7,2,
In Win Z583T.CQ350TB3L,MicroATX Mini Tower,Black / Silver,350 W,None,24.2,1,0,
Cougar Solution AF-2,ATX Mid Tower,Black / Green,None,None,40.7,6,2,
Azza Genesis 9000W,ATX Full Tower,White / Black,None,Acrylic,93,5,4,
DIYPC DIY-5823,ATX Mid Tower,Black / Silver,None,None,28.3,6,1,
Silverstone SG01B-F-USB3.0,MicroATX Desktop,Silver,None,None,21.7,2,0,
Lian Li PC-A76,ATX Full Tower,Black,None,None,75.5,12,0,
Silverstone PS08B,MicroATX Mid Tower,Black,None,None,23.7,4,18,
Silverstone PS08B,MicroATX Mid Tower,White,None,None,23.7,4,1,
Fractal Design Arc Midi R2,ATX Mid Tower,Black,None,None,55.6,8,3,
Antec VSK-4000,ATX Mid Tower,Black,None,None,33.4,2,0,
Thermaltake Soprano,ATX Mid Tower,Black,None,None,51.1,5,3,
Enermax ECA3253,ATX Mid Tower,Black / White,None,Acrylic,43.8,5,16,
In Win C583T.CQ350TB3L,ATX Mid Tower,Black,350 W,None,35,3,0,
In Win H-Frame,ATX Mid Tower,Blue / Silver,None,None,62.8,3,0,
Xion XON-710P,MicroATX Slim,Black,300 W,None,9.5,1,0,
Xion XON-720P,MicroATX Slim,Black,300 W,None,10.4,1,1,
Apevia X-Dreamer4,ATX Mid Tower,Pink,None,Acrylic,43.1,4,1,
Raidmax ATX-502WBG,ATX Mid Tower,Red / Black,None,Acrylic,59.5,3,1,
HEC Enterprise,ATX Mid Tower,Black,None,None,,2,1,
Rosewill Galaxy-02,ATX Mid Tower,Black,None,None,26.4,4,14,
Corsair Carbide Series 330R,ATX Mid Tower,Black,None,None,49.9,4,2,
BitFenix Ronin,ATX Mid Tower,Black,None,Acrylic,,6,7,
Lian Li PC-A79,ATX Full Tower,Silver,None,None,,6,0,
Aerocool XPredator Devil,ATX Full Tower,Black / Red,None,Acrylic,,6,0,
In Win H-Frame Mini,Mini ITX Tower,Blue / Silver,180 W,None,,0,0,
Corsair Graphite Series 230T Windowed,ATX Mid Tower,Black / Gray,None,Acrylic,,4,8,
Antec GX500,ATX Mid Tower,Black,None,Acrylic,44.4,4,1,
Streacom ST-F1CB-EVO,HTPC,Black,None,None,,0,0,
Streacom ST-F1CS-EVO,HTPC,Silver,None,None,,0,0,
Rosewill Legacy U2-S,Mini ITX Tower,Silver,None,Acrylic,15.4,2,3,
Rosewill Legacy V6-B,Mini ITX Tower,Black,None,None,12.5,4,0,
Thermaltake Chaser A21,ATX Mid Tower,Black / Blue,None,Acrylic,41.3,6,2,
Thermaltake Urban S71,ATX Full Tower,Black,None,None,66.3,5,0,
Xigmatek Assassin,ATX Mid Tower,Black / Gray,None,Acrylic,52.5,8,0,
NZXT H440,ATX Mid Tower,Red,None,Acrylic,53.3,8,0,
NZXT H440 EnVyUs,ATX Mid Tower,Black / Blue,None,Acrylic,53.3,8,0,
Supermicro CSE-732G-903B,ATX Mid Tower,Black / Blue,900 W,Acrylic,64.7,3,0,
Corsair Carbide Series Air 540,ATX Mid Tower,Black / Silver,None,Acrylic,62.6,2,8,
Xigmatek Aquila,MicroATX Mini Tower,Black,None,Acrylic,,2,3,
Cooler Master K350,ATX Mid Tower,Black,None,Acrylic,,6,3,
Rosewill RISE,ATX Full Tower,Black,None,Acrylic,55.9,2,3,
Phanteks Enthoo Luxe TG,ATX Full Tower,Black,None,Tinted Tempered Glass,72.4,6,25,
Nanoxia Deep Silence 3,ATX Mid Tower,Black / Silver,None,None,,5,1,
Deepcool TESSERACT BF,ATX Mid Tower,Black / White,None,None,36.4,4,8,
In Win GR One,ATX Full Tower,White / Black,None,Acrylic,81,8,5,
Lian Li PC-Q35A,Mini ITX Tower,Silver,None,None,18.1,5,0,
Thermaltake Commander G41,ATX Mid Tower,Black,None,Acrylic,57,6,7,
Thermaltake Core V51 Riing Edition,ATX Mid Tower,Black / Green,None,Acrylic,71.2,5,0,
Enermax Thorex,ATX Mid Tower,Black,None,None,,3,3,
Thermaltake Versa H35,ATX Mid Tower,Black,None,Acrylic,49.3,3,1,
Cooler Master Silencio 652S,ATX Mid Tower,Black,None,None,,9,3,
Phanteks Enthoo EVOLV,MicroATX Mini Tower,Silver,None,Acrylic,41.7,3,1,
BitFenix Prodigy M,MicroATX Mini Tower,Black / Orange,None,Acrylic,35.9,4,1,
Cooler Master N400,ATX Mid Tower,Black,None,Acrylic,40.2,7,0,
Thermaltake Core V31,ATX Mid Tower,Black,None,Acrylic,72,3,10,
Xigmatek Spirit M,MicroATX Mini Tower,Black,None,Acrylic,,2,2,
Phanteks Enthoo Primo,ATX Full Tower,White,None,Acrylic,,6,6,
Aerocool XPredator Cube,MicroATX Mid Tower,Black / Red,None,Acrylic,,3,0,
Element Gaming Hyperion,MicroATX Mid Tower,Black / Blue,None,Acrylic,,5,0,
Antec ISK600M,MicroATX Mini Tower,Black,None,None,,3,1,
Xigmatek Mach II,ATX Mid Tower,Black,None,None,,3,0,
Deepcool KENDOMEN,ATX Mid Tower,Black / Red,None,Acrylic,,3,12,
Apevia X-QPack3,MicroATX Mini Tower,White,None,Acrylic,,2,2,
Sentey GS-6011,ATX Mid Tower,Black / Blue,None,Acrylic,,3,2,
Phanteks Enthoo Pro M,ATX Mid Tower,Black,None,Acrylic,56.4,2,23,
Phanteks Enthoo Pro M TG,ATX Mid Tower,Green / Black,None,Tinted Tempered Glass,56.4,2,0,
Cooler Master MasterCase 5,ATX Mid Tower,Black,None,None,,2,1,
Raidmax Element,Mini ITX Desktop,Black / Gray,None,None,,2,2,
Thermaltake Versa H15,MicroATX Mid Tower,Black,None,Acrylic,,3,2,
VIVO CASE-V01,ATX Mid Tower,Black / Blue,None,None,,3,4,
Aerocool Aero-800,ATX Mid Tower,Black,None,Acrylic,,2,4,
Aerocool Aero-800,ATX Mid Tower,Black / White,None,Acrylic,,2,3,
In Win 805,ATX Mid Tower,Black,None,Tempered Glass,,2,1,
DIYPC Alnitak,ATX Mid Tower,Black / Blue,None,Acrylic,,4,3,
Rosewill VIPER Z,ATX Mid Tower,Black,None,Acrylic,,7,0,
In Win 909,ATX Full Tower,Silver,None,Tempered Glass,,4,0,
VIVO Titan,ATX Mid Tower,Black,None,Acrylic,,2,0,
Phanteks Eclipse P400,ATX Mid Tower,White,None,Tinted Acrylic,45.9,2,7,
SHARKOON BW9000,ATX Mid Tower,Black,None,Acrylic,,5,1,
Antec VSK4-500,ATX Mid Tower,Black,500 W,None,,5,0,
Zalman T5,MicroATX Mini Tower,Black,None,None,,2,0,
Silverstone PM01,ATX Mid Tower,White,None,Acrylic,70.3,4,1,
Anidees Crystal,ATX Mid Tower,Black,None,Tempered Glass,,3,3,
Azza Taurus 5000B,ATX Full Tower,Black,None,Acrylic,,8,0,
In Win 509 ROG,ATX Full Tower,Black / Red,None,Tempered Glass,71.6,5,1,
NOX Hummer ZN,ATX Mid Tower,Black,None,None,52.2,2,0,
Thermaltake Versa C21,ATX Mid Tower,Black,None,Acrylic,52.8,3,1,
RAIJINTEK Thetis,ATX Mid Tower,Black,None,None,27.7,2,1,
BitFenix Portal,Mini ITX Tower,White,None,Acrylic,,2,0,
DIYPC DIY-BG01,ATX Mid Tower,Black,None,Acrylic,,2,7,
BitFenix Neos Window,ATX Mid Tower,White / Purple,None,Acrylic,37,3,2,
SHARKOON VG4-W,ATX Mid Tower,Black / Blue,None,Acrylic,38.3,3,1,
Cooler Master MasterBox Lite 3.1,MicroATX Mid Tower,Black,None,Acrylic,36.1,2,12,
Anidees AI Crystal Cube,ATX Mid Tower,White / Black,None,Tempered Glass,50.5,3,3,
Anidees AI Crystal Cube MAR 3,ATX Mid Tower,Black,None,Tinted Tempered Glass,50.5,3,0,
Cooltek TG-01 RGB,ATX Mid Tower,Black,None,Tempered Glass,37.6,2,0,
mean:it 5PM,ATX Mid Tower,Black / Red,None,Tempered Glass,51.5,3,0,
Rosewill FBM-X1,MicroATX Mini Tower,Black,None,Acrylic,22.2,1,28,
BitFenix Nova TG,ATX Mid Tower,White,None,Tempered Glass,40.8,3,5,
Cooler Master Elite 343,MicroATX Mini Tower,Black,420 W,None,29.1,5,1,
DIYPC Skyline-06,ATX Full Tower,Black / Blue,None,Acrylic,,3,0,
DIYPC Vanguard RGB,ATX Mid Tower,Black,None,Tempered Glass,,3,2,
Thermaltake View 71 TG RGB Plus,ATX Full Tower,Black / Silver,None,Acrylic,,4,2,
Lian Li PC-M25,MicroATX Mini Tower,Black,None,None,,8,0,
NZXT H200i,Mini ITX Tower,Black,None,Tempered Glass,27.3,1,9,
Enermax OSTROG Lite,ATX Mid Tower,Black,None,Acrylic,,2,1,
SHARKOON AM5,ATX Mid Tower,Silver / Black,None,Acrylic,,3,0,
SHARKOON S25-V,ATX Mid Tower,Black,None,None,43.9,3,0,
Cooltek UMX3,MicroATX Mini Tower,Black,None,Acrylic,24.6,1,0,
Gigabyte AC300W,ATX Mid Tower,Black,None,Acrylic,,2,3,
RIOTORO CR500,ATX Mid Tower,Black,None,Tempered Glass,41,4,1,
Fractal Design Define R6,ATX Mid Tower,White / Black,None,Tempered Glass,56.7,6,1,
EVGA DG-77,ATX Mid Tower,White / Black,None,Tempered Glass,,2,1,
Enermax GraceMESH,ATX Mid Tower,Black,None,Tempered Glass,,2,1,
EVGA DG-75,ATX Mid Tower,Black,None,Tempered Glass,47.3,2,1,
Streacom BC1 Mini,Mini ITX Test Bench,Black,None,None,,0,0,
Streacom BC1,ATX Test Bench,Red,None,None,,2,0,
Rosewill CULLINAN MX-Red,ATX Mid Tower,Black / Red,None,Tempered Glass,47.2,4,1,
Aerocool DS 230,ATX Mid Tower,Black,None,Acrylic,,2,1,
NZXT H500 Vault Boy,ATX Mid Tower,Blue / Yellow,None,Tempered Glass,41.3,3,0,
In Win A1,Mini ITX Tower,Black,600 W,Tempered Glass,20.4,0,7,
Raidmax Alpha Prime,ATX Mid Tower,White,None,Tempered Glass,44.8,2,2,
SAMA ARK,ATX Full Tower,Black / Blue,None,Tempered Glass,,4,0,
Lian Li PC-Q50,Mini ITX Desktop,Silver,None,None,,2,0,
RAIJINTEK ASTERION PLUS,ATX Full Tower,Black,None,Acrylic,59.3,3,0,
DAN Cases A4-SFXv3,Mini ITX Desktop,Silver,None,None,,0,0,
DAN Cases A4-SFXv3,Mini ITX Desktop,Black,None,None,,0,2,
KOLINK ROCKET,Mini ITX Desktop,Black,None,None,,0,0,
Lian Li LANCOOL ONE Digital,ATX Mid Tower,White / Silver,None,Tempered Glass,46.7,2,0,
be quiet! Silent Base 601,ATX Mid Tower,Black / Orange,None,Tempered Glass,,3,2,
be quiet! Silent Base 801,ATX Mid Tower,Black / Silver,None,Tempered Glass,,5,0,
Spartex Osmi,Mini ITX Tower,Black,None,None,,1,0,
Deepcool MATREXX 55 ADD-RGB WH,ATX Mid Tower,White / Black,None,Tempered Glass,,2,1,
Cooler Master MasterCase SL600M,ATX Mid Tower,Silver / Black,None,Tempered Glass,,4,1,
BitFenix Enso Mesh,ATX Mid Tower,White,None,Tempered Glass,46.4,2,0,
Antec P7 Window,ATX Mid Tower,Black / Red,None,Acrylic,,2,0,
Cougar Puritas RGB,ATX Mid Tower,Black,None,Tempered Glass,,2,0,
Tecware Nexus M,MicroATX Mid Tower,Black / White,None,Tempered Glass,,2,1,
Fractal Design Define S2 Vision RGB,ATX Mid Tower,Black,None,Tinted Tempered Glass,58.8,3,0,
NZXT H200,Mini ITX Tower,Black / Blue,None,Tempered Glass,27.3,1,1,
NZXT H700 Nuka-Cola,ATX Mid Tower,Red / Black,None,Tempered Glass,58.6,2,0,
Silverstone SST-PS15B,MicroATX Mid Tower,Black,None,None,25.7,1,0,
Cooler Master MasterBox CM694 Steel,ATX Mid Tower,Black,None,None,,6,0,
Cooler Master MasterCase Maker 5t,ATX Mid Tower,Black,None,Tempered Glass,75.6,2,2,
Fractal Design Define R6 USB-C,ATX Mid Tower,Silver,None,Tempered Glass,56.7,6,3,
Fractal Design Define R6 USB-C Blackout,ATX Mid Tower,Black,None,None,56.7,6,3,
Raidmax Alpha,ATX Mid Tower,White,None,Acrylic,44.2,2,1,
SaharaGaming P75,ATX Full Tower,,None,Tempered Glass,,2,0,
Raidmax Magnus,ATX Mid Tower,Black,None,Tempered Glass,85.7,2,0,
Thermaltake H100 TG,ATX Mid Tower,Black,None,Tempered Glass,39.7,2,0,
Azza Apollo 430,ATX Mid Tower,Black,None,Tempered Glass,41.3,4,0,
NZXT CRFT 08 H510 Valhalla,ATX Mid Tower,Black / Gray,None,Tempered Glass,41.3,2,0,
NZXT H510 Siege,ATX Mid Tower,Red / Black,None,Tempered Glass,41.3,2,0,
Rosewill PRISM S,ATX Mid Tower,White / Black,None,Tempered Glass,46.9,3,3,
Antec NX500,ATX Mid Tower,Black,None,Tempered Glass,47.4,2,0,
darkFlash DLM 22,MicroATX Mid Tower,Pink,None,Tempered Glass,,2,1,
GameMax Kage,ATX Mid Tower,Black,None,Tempered Glass,42,2,0,
GameMax Kamikaze PRO,MicroATX Mini Tower,Black,None,Tempered Glass,39.6,2,0,
GameMax Polaris,ATX Mid Tower,Black,None,Tempered Glass,44,3,0,
Antec Striker,Mini ITX Tower,White,None,Tempered Glass,39.6,0,3,
Deepcool Earlkase RGB V2,ATX Mid Tower,Black,None,Tempered Glass,51.9,2,0,
Thermaltake S500 Tempered Glass Snow Edition,ATX Mid Tower,White,None,Tempered Glass,67.8,2,0,
Maingear Vybe Mk. V,ATX Mid Tower,Black,None,Tempered Glass,38.4,2,0,
Montech Air 900 MESH,ATX Mid Tower,White,None,Tempered Glass,44,2,1,
Cougar MG120,MicroATX Mini Tower,Black,None,None,,2,1,
Cooler Master MasterBox TD500 Mesh w/o Controller,ATX Mid Tower,Black,None,Tempered Glass,,2,0,
In Win 905-SILOLED,ATX Mid Tower,Silver / Black,None,Tinted Tempered Glass,,1,0,
SHARKOON RGB LIT 200,ATX Mid Tower,Black,None,Tempered Glass,,2,0,
KOLINK INSPIRE K2 RGB,MicroATX Mini Tower,Black,None,Tempered Glass,28.2,2,0,
DIYPC Solo-T2-BK Black USB 3.0,ATX Mid Tower,Black / Blue,None,None,39.1,3,3,
Fractal Design Define 7,ATX Mid Tower,Black / White,None,None,62.4,6,1,
MagniumGear NEO Qube,ATX Mid Tower,White / Black,None,Tempered Glass,,2,5,
Aerocool AirHawk Duo,ATX Mid Tower,Black,None,Tempered Glass,,2,5,
DIYPC Vanguard-V6-RGB,ATX Mid Tower,Black,None,Tempered Glass,,3,1,
KOLINK BALANCE ARGB,ATX Mid Tower,Black,None,Tempered Glass,,2,0,
Antec P82 Flow,ATX Mid Tower,Black,None,Tempered Glass,,2,0,
darkFlash J11,ATX Mid Tower,Black,None,Tempered Glass,38.7,2,0,
SilentiumPC Regnum RG4,ATX Mid Tower,Black,None,None,46.1,3,0,
Aerocool NightHawk Duo,ATX Mid Tower,Black,None,Tempered Glass,,2,1,
darkFlash DLM 21 Mesh,MicroATX Mini Tower,Pink,None,Tempered Glass,32.1,2,1,
Enermax MarbleShell MS30,ATX Mid Tower,White / Black,None,Tempered Glass,,2,1,
Silverstone FARA R1,ATX Mid Tower,White / Black,None,Tempered Glass,,1,2,
Silverstone FARA R1,ATX Mid Tower,White,None,None,,1,0,
SHARKOON REV 100,ATX Mid Tower,Black,None,Tempered Glass,43.1,3,0,
Jonsbo A4 Ver1.1,ATX Mini Tower,Silver,None,Tempered Glass,15.7,1,0,
BitFenix NOVA MESH SE TG,ATX Mid Tower,White / Black,None,Tempered Glass,36.1,2,3,
Cougar Gemini T Pro,ATX Mid Tower,Black,None,Tempered Glass,64,2,0,
SilentiumPC Armis AR1,ATX Mid Tower,Black,None,None,29.2,2,0,
SilentiumPC Armis AR7 RGB,ATX Mid Tower,Black,None,Tempered Glass,63.9,3,0,
Azza Luminous 110F,MicroATX Mini Tower,Black,None,Tempered Glass,36.1,2,1,
SilentiumPC Regnum RG6V EVO TG ARGB,ATX Mid Tower,Black,None,Tempered Glass,,2,0,
SilentiumPC Signum SG7V TG,ATX Mid Tower,Black,None,None,,3,0,
HYTE REVOLT 3 EU,Mini ITX Tower,Black,700 W,Mesh,18.4,1,0,
GAMDIAS APOLLO E2,ATX Mid Tower,Black,None,Tempered Glass,,2,0,
GAMDIAS ARGUS E3,ATX Mid Tower,Black,None,Tempered Glass,,2,0,
GAMDIAS ARGUS E4,ATX Mid Tower,Black,None,Tempered Glass,,2,0,
GAMDIAS TALOS M1 LITE,ATX Mid Tower,Black,None,Tempered Glass,,2,0,
Golden Field N-1,Mini ITX Desktop,Black,None,None,17.2,1,0,
Raidmax P805,ATX Mid Tower,Black,None,Tempered Glass,,2,0,
Silverstone CS330B,MicroATX Mini Tower,Black,None,None,30.2,4,0,
MOROVOL TW7-S2-WT,MicroATX Mid Tower,White / Black,None,Tempered Glass,27.1,2,0,
MSI MAG VAMPIRIC 300R PACIFIC BLUE,ATX Mid Tower,Blue,None,Tempered Glass,54.1,2,0,
Thermaltake Divider 300 TG Air Snow,ATX Mid Tower,White,None,Tempered Glass,48.2,2,0,119.99
MSI MPG Sekira 500P,ATX Mid Tower,Black,None,Tempered Glass,67.1,6,1,
MSI MAG PYLON,ATX Mid Tower,Black,None,Tempered Glass,45.1,2,0,
ADATA XPG CRUISER,ATX Mid Tower,Black,None,Tempered Glass,53.8,4,1,
Azza Celesta 340,ATX Mid Tower,Black,None,Tempered Glass,40.2,2,0,
Azza Iris 330,ATX Mid Tower,Black,None,Tempered Glass,42.5,2,0,
Azza Crimson 211,ATX Mid Tower,Black,None,Acrylic,40.4,3,0,
Golden Field MAGE,ATX Mid Tower,Pink / Black,None,Tempered Glass,47.6,2,0,
Cougar MX410-T,ATX Mid Tower,Black,None,Tempered Glass,36.3,2,0,
Cougar DarkBlader X7,ATX Mid Tower,Black / Green,None,Tempered Glass,50,2,0,
Cougar MX440-G RGB,ATX Mid Tower,Black,None,Tempered Glass,46,2,0,
SSUPD Meshroom S w/PCIe 4.0 Riser,ATX Mini Tower,Green,None,Mesh,14.9,0,2,
SSUPD Meshroom S,ATX Mini Tower,Blue,None,Mesh,14.9,0,0,
Jonsbo UMX1 Plus,Mini ITX Desktop,Silver / Black,None,Tempered Glass,16.6,1,0,
Antec P7 NEO,ATX Mid Tower,Black,None,None,46.3,2,1,
DIYPC ARGB-Q8-W,MicroATX Mid Tower,Silver / Black,None,Tempered Glass,28.4,2,1,
GAMDIAS ATHENA M6,ATX Mid Tower,Black,None,Tempered Glass,45,2,0,
CiT S015B LED,MicroATX Desktop,Black,300 W,None,11.9,2,0,
CiT Raider RGB,ATX Mid Tower,White / Black,None,Tempered Glass,37.8,2,0,
Ocelot OC-Purple Katana,MicroATX Mini Tower,Purple / Black,None,Tempered Glass,30,2,0,
Horizon Exo,MicroATX Mid Tower,Black,None,Tempered Glass,33.6,2,1,
Noua Iron V6,ATX Mid Tower,Black,None,Tempered Glass,53.9,2,0,
Noua Smash S10,ATX Mid Tower,White,None,Tempered Glass,35.7,2,0,
Noua Utopia F15,ATX Mid Tower,Black,None,Tempered Glass,41.1,2,0,
Noua Utopia F4,ATX Mid Tower,Black,None,Tempered Glass,40.9,2,0,
Enermax StarryKnight SK30 RGB,ATX Mid Tower,Black,None,Tempered Glass,,2,0,
Deepcool CC560 FS,ATX Mid Tower,Black,None,Tempered Glass,41.7,2,0,
GALAX REV-03,MicroATX Mini Tower,White,None,Mesh,21.9,1,0,
Geometric Future Model 2 The ARK,MicroATX Mini Tower,Black / Gold,None,Mesh,40.7,1,1,
LC-Power Gaming 807W Stormwatch_X,ATX Mid Tower,White,None,Tempered Glass,54.2,1,0,
LC-Power Gaming 808B Skylla_X,ATX Mid Tower,Black,None,Tempered Glass,50.7,2,0,
Azza Mesa,ATX Desktop,Silver / Black,None,Tempered Glass,130.2,2,0,
Xigmatek Overtake,ATX Full Tower,Black,None,Tempered Glass,67.8,2,1,
BitFenix FLOW,ATX Mid Tower,White,None,Tempered Glass,42.3,2,0,
KOLINK Observatory Lite Mesh ARGB,ATX Mid Tower,White / Black,None,Tempered Glass,33.4,2,0,
KOLINK Stronghold Overseer,ATX Mid Tower,Black,None,Tempered Glass,41,2,0,
GameMax Aero,ATX Mid Tower,Black / White,None,Tempered Glass,40.7,2,0,
GameMax Aero Mini Eco,MicroATX Mini Tower,Black / White,None,Tempered Glass,31.5,2,1,
GameMax Infinity Mini,MicroATX Mini Tower,White,None,Tempered Glass,36.7,1,0,
MSI MAG FORGE 100M Lite,ATX Mid Tower,Black,None,Tempered Glass,44.1,2,0,
YEYIAN Dragoon,ATX Mid Tower,Black,None,Tempered Glass,35.1,2,0,
DARKROCK A8-M,ATX Mid Tower,White,None,Tempered Glass,,2,0,
DIYPC ARGB-Q3 V2,MicroATX Mini Tower,Green,None,Tempered Glass,38.6,2,0,
Antec CX600M RGB,MicroATX Mini Tower,Black,None,Tempered Glass,46.8,1,0,
Aerocool Hexform,MicroATX Mid Tower,Black,None,Tempered Glass,28,2,0,
FSP Group CMT120,ATX Mid Tower,Black,None,Acrylic,34.5,2,0,
Armoury C802,ATX Mid Tower,White,None,Tempered Glass,51.4,2,0,
SAMA V Nature,ATX Mid Tower,White,None,Tempered Glass,,2,0,
Rosewill Helium Flow RGB,ATX Mid Tower,Black,None,Tempered Glass,50.5,3,0,
Aerocool Tern Mini V1,MicroATX Mini Tower,Black,None,Tempered Glass,43.8,2,0,
Rosewill Helium Air RGB,ATX Mid Tower,White,None,Mesh,57.9,3,0,
AQIRYS Europa,ATX Mid Tower,Black,None,Tempered Glass,54.5,1,0,
RAIJINTEK Thetis,ATX Mid Tower,Silver,None,Acrylic,27.7,2,0,
Cougar Dust 2,Mini ITX Tower,Black / Gray,None,Mesh,23.6,0,0,
Phanteks Enthoo EVOLV TG,MicroATX Mini Tower,Black,None,Tinted Tempered Glass,41.7,2,8,
Jonsbo TR03-A,ATX Mid Tower,Silver,None,Tempered Glass,95.3,3,0,
Thermaltake Divider 300 TG Snow,ATX Mid Tower,White,None,Tempered Glass,48.2,2,0,
Chieftec BT-06B-250VS ,Mini ITX Tower,,250 W,None,10.5,1,0,
Thermaltake Versa H21,ATX Mid Tower,Black,500 W,None,42.8,3,0,
Fractal Design Core 2500,ATX Mid Tower,Black,None,None,37.8,4,3,
RAIJINTEK METIS EVO ALS,Mini ITX Desktop,Silver,None,None,22.3,2,0,
Silverstone SETA A1,ATX Mid Tower,Black,None,Tempered Glass,45.7,2,0,124.85
In Win B1 Mesh,Mini ITX Desktop,Black,200 W,None,7.8,0,0,
Thermaltake Divider 500 TG ARGB Air Snow,ATX Mid Tower,White,None,Tempered Glass,56.8,2,0,159.99
Jonsbo D500,ATX Full Tower,Black,None,Tempered Glass,90.8,10,0,
KOLINK Observatory Lite,ATX Mid Tower,Black,None,Tempered Glass,33.4,2,0,
ALPHAGEAR Primalist RGB,ATX Mid Tower,Black,None,Tempered Glass,34.3,1,0,
Supermicro S5,ATX Mid Tower,Black / Red,None,None,,6,1,
Thermaltake Versa N27,ATX Mid Tower,Black,None,Acrylic,,4,2,117.28
Streacom BC1 Mini,Mini ITX Test Bench,Silver,None,None,,0,1,
RAIJINTEK METIS EVO TGS,Mini ITX Desktop,White,None,Tempered Glass,22.3,2,1,
Cougar Blazer,ATX Mid Tower,Black / Orange,None,Tempered Glass,,3,0,
MagniumGear Neo V2,ATX Mid Tower,Black,None,Tempered Glass,38.3,2,2,
Enermax LIBLLUSSION LL30,ATX Mid Tower,Black,None,Tempered Glass,,2,0,
Thermaltake Versa T26 TG ARGB,ATX Mid Tower,Black,None,Tempered Glass,50.6,2,0,
Cooler Master MasterBox 500,ATX Mid Tower,Black,None,Tempered Glass,52.4,2,0,
KOLINK Nimbus,ATX Mid Tower,Black,None,Tempered Glass,34.2,2,0,
GameMax F36,MicroATX Mini Tower,Black,None,Tempered Glass,35.1,2,0,
Antec Three Hundred,ATX Mid Tower,Black,430 W,None,43.5,6,0,
Antec Minuet,MicroATX Slim,Black / White,350 W,None,13.3,1,0,
Corsair Graphite Series 600T,ATX Mid Tower,Silver / Black,None,Acrylic,79.3,6,9,
Antec Six Hundred,ATX Mid Tower,Black / Silver,None,Acrylic,50.6,6,1,
Antec VSK2450,ATX Mid Tower,Black,450 W,None,42.1,6,0,
Cooler Master Cosmos Pure,ATX Full Tower,Black,None,None,99.2,6,0,
Cooler Master Elite 360,ATX Mini Tower,Black,None,None,23.2,1,1,
Cooler Master Elite 360,ATX Mini Tower,Black,350 W,None,23.2,1,0,
Cooler Master Elite 370,ATX Mid Tower,Black,None,None,38.7,5,1,
Cooler Master Centurion 534,ATX Mid Tower,Black,None,None,42,4,0,
Cooler Master Centurion 541,MicroATX Mini Tower,Black / Silver,None,None,29.4,2,0,
Cooler Master HAF 912,ATX Mid Tower,Black,None,None,54.9,6,0,
Cooler Master USP 100,ATX Mid Tower,Black / Red,550 W,None,52.5,6,0,
Cooler Master Storm Scout,ATX Mid Tower,Black,700 W,Acrylic,52.6,5,0,
Antec Fusion Remote,HTPC,Black,None,None,25.6,2,0,
Antec M FusionRemote,HTPC,Black / Silver,350 W,None,17.8,1,0,
Thermaltake Xaser VI,ATX Full Tower,Silver / Black,None,None,98.9,7,0,
Thermaltake WingRS 201,ATX Mid Tower,Black,None,None,37.9,4,0,
Thermaltake ARMOR A90,ATX Mid Tower,Black / Silver,850 W,Acrylic,54.3,6,0,
Rosewill R519,ATX Mid Tower,Black,500 W,None,35.6,5,2,
NZXT Lexa S,ATX Mid Tower,Black,None,Acrylic,49.6,7,0,
Cooler Master Centurion 590,ATX Mid Tower,Black,None,None,46.9,0,1,
Antec One Hundred,ATX Mid Tower,Black,None,None,45.2,6,1,
Cooler Master ATCS 840,ATX Full Tower,Silver,None,None,88.5,6,0,
Thermaltake Armor A30,ATX Mini Tower,Black,None,Acrylic,35.5,2,0,
Lian Li PC-Q06,Mini ITX Test Bench,Silver,None,None,10.7,1,0,
Lian Li PC-8N,ATX Mid Tower,Black,None,Acrylic,80,3,1,
Lian Li PC-C36B,HTPC,Black,300 W,None,15.3,2,0,
Lian Li PC-T1,Mini ITX Test Bench,Red,None,None,21.1,1,0,
Lian Li PC-V1020,ATX Mid Tower,Red,None,None,55.5,7,0,
Lian Li PC-V354,MicroATX Mini Tower,Black,None,None,32.9,7,0,
Apevia X-Infinity,ATX Mid Tower,Black / Gray,420 W,Acrylic,42.7,5,0,
Apevia X-Cruiser,ATX Mid Tower,Black / Silver,None,Acrylic,41.2,5,1,
Apevia X-Cruiser2,ATX Mid Tower,Blue / Silver,None,Acrylic,40.1,5,0,
Apevia X-QPack2,MicroATX Desktop,Black / Red,500 W,Acrylic,24.2,2,0,
Antec Nine Hundred Two V3,ATX Mid Tower,Black,None,Acrylic,50.6,6,6,
HEC 6T18BB,MicroATX Mini Tower,Black,None,None,21.6,1,0,
NZXT Vulcan,MicroATX Mid Tower,Black,None,Acrylic,30.3,2,1,
Apex TU150,ATX Mid Tower,Black,400 W,None,38.3,3,0,
Apex TX-381,MicroATX Mid Tower,Black,300 W,None,30,4,2,
Apex Vortex 3620mini,MicroATX Mid Tower,Black,None,None,25,2,0,
Athenatech A100SC.200,MicroATX Desktop,Black / Silver,200 W,None,18.4,2,0,
Dynapower C05.N63.M158,ATX Mini Tower,Black,430 W,None,23.1,1,0,
In Win Android,ATX Mid Tower,Black / Silver,None,None,51.6,3,0,
In Win BL631.300TBL,MicroATX Slim,Black,300 W,None,11.6,2,0,
In Win C589T.CQ350TBL,ATX Mid Tower,Black,350 W,None,35,3,0,
In Win Dragon Slayer,MicroATX Mini Tower,Black,None,None,35.6,0,1,
In Win Maelstrom,ATX Full Tower,Black,None,None,74.1,6,0,
Raidmax Tornado,ATX Mid Tower,Black / Blue,None,Acrylic,42.1,5,1,
Raidmax Blackstorm ATX-615WU,ATX Mid Tower,Black / Blue,None,None,47.7,4,1,
Rosewill RS-MI-01,Mini ITX Tower,Black,250 W,None,9.4,1,1,
Silverstone FT03,MicroATX Mini Tower,Silver,None,None,32.2,3,0,
Silverstone SG03B-F,MicroATX Mini Tower,Black,None,None,22.2,0,0,
Silverstone TJ09-B,ATX Full Tower,Black,None,None,66.6,6,0,
XClio Coolbox Advanced,ATX Mid Tower,Black,None,None,34,5,0,
Xion XON-160PCB,ATX Mid Tower,Black / Silver,500 W,None,,5,0,
Lian Li LanCool PC-K57,ATX Mid Tower,Black,None,None,47.1,3,1,
Cooler Master Elite 371,ATX Mid Tower,Black / White,None,None,38.7,5,1,
HEC 6T10LITE,MicroATX Mini Tower,Black,None,None,24,2,0,
In Win BP671.200BL,Mini ITX Tower,Black,200 W,None,8.1,1,0,
Logisys Area 51,ATX Mid Tower,Black,480 W,Acrylic,65.3,5,0,
Raidmax ATX-298WW,ATX Mid Tower,Black / White,None,Acrylic,42.9,4,2,
nMEDIAPC HTPC 1000B,HTPC,Black,None,None,24.4,4,1,
nMEDIAPC HTPC 8000,HTPC,Brown,None,None,49.6,4,1,
Fractal Design Core 3000,ATX Mid Tower,Black,None,None,41.1,6,2,
Diablotek LEGEND,ATX Mid Tower,Black,None,None,,2,0,
Sentey DS1-4246,ATX Mid Tower,Black,600 W,None,36,4,0,
Sentey Arvina Extreme Division,ATX Full Tower,Black,None,None,60.7,5,0,
Cougar Evolution,ATX Mid Tower,Black,None,Acrylic,59.8,4,0,
Silverstone TJ08B-E,MicroATX Mini Tower,Black,None,None,30.2,4,13,
BitFenix Shinobi,ATX Mid Tower,Black,None,None,45.8,7,5,
Cooler Master Elite 330 Upgraded,ATX Mid Tower,Black / Silver,None,None,40.5,5,1,
nMEDIAPC HTPC 5000S,HTPC,Black,None,None,24.4,4,0,
Antec Solo II,ATX Mid Tower,Black,None,None,42.2,3,2,
NZXT Source 220,ATX Mid Tower,Black,None,Acrylic,43.4,8,5,
Apevia ATXB2KL,ATX Mid Tower,Beige / Gray,420 W,None,40.2,4,0,
Azza Solano 1000R,ATX Full Tower,Black,None,Acrylic,56,8,6,
Azza Triton 401,ATX Mid Tower,Black,None,None,47.6,4,0,
In Win MANA136 WHITE,ATX Mid Tower,White / Black,300 W,Acrylic,40.5,0,0,
Sentey GS-6000R,ATX Mid Tower,Black,None,None,42.5,4,0,
Silverstone SG08B,Mini ITX Desktop,Black,600 W,None,14.8,1,2,
NZXT Switch 810,ATX Full Tower,Black,None,Acrylic,81.3,6,3,
Cougar Solution RSB400,ATX Mid Tower,Black,400 W,None,40.7,6,0,
Rosewill R5,ATX Mid Tower,Black,None,None,55.4,6,8,
Cooler Master CM 690 II Advanced NVIDIA Edition,ATX Mid Tower,Black,None,Acrylic,55.7,4,1,
BitFenix Shinobi XL Window,ATX Full Tower,White,None,Acrylic,77.6,7,2,
Fractal Design Define R4,ATX Mid Tower,White,None,Acrylic,56,8,24,
DIYPC Alpha-DB6,ATX Test Bench,White,None,None,21.8,0,0,
Silverstone TJ07B-W-USB3.0,ATX Full Tower,Black,None,Acrylic,69.2,6,0,
Antec LanBoy Air,ATX Mid Tower,Black,None,None,58.5,6,1,
MSI Stealth,ATX Mid Tower,Black,None,None,40.3,4,0,
Zalman MS1000-HS2,ATX Mid Tower,Black,None,None,55.7,6,0,
Sentey GS-6070 II Abaddom,ATX Mid Tower,Black,None,Acrylic,42.5,4,3,
MSI TC,ATX Mid Tower,Black,None,Acrylic,,2,1,
Silverstone SG05B-USB3.0,Mini ITX Desktop,Black,300 W,None,10.7,1,0,
Silverstone FT03-MINI,Mini ITX Tower,Black,None,None,17.5,1,3,
Silverstone GD04B-USB3.0,HTPC,Black,None,None,21.3,2,1,
Lian Li PC-A55,ATX Mid Tower,Silver,None,None,31.8,2,0,
Lian Li PC-Q16,Mini ITX Tower,Black,300 W,None,9.2,1,0,
Diablotek CYCLOPS,ATX Mid Tower,Black,None,None,41.4,5,0,
Azza Genesis 9000B,ATX Full Tower,Black,None,Acrylic,93,5,7,
Cooler Master Elite 311,ATX Mid Tower,Black / Red,None,Acrylic,40.8,5,0,
Rosewill FBM-02,MicroATX Mini Tower,Black / Gray,None,None,21.6,2,9,
Lian Li PC-CK101,Mini ITX Tower,Black,300 W,None,24.4,1,0,
Cooler Master Storm Scout 2 Advanced,ATX Mid Tower,Black,None,Acrylic,61.6,7,13,
Lian Li PC-7H,ATX Mid Tower,Silver,None,None,55.5,4,1,
Zalman Z5 Plus,ATX Mid Tower,Black,None,Acrylic,45.8,3,7,
Antec VSK-3000,MicroATX Mid Tower,Black,None,None,,2,1,
Fractal Design Core 3000 USB 3.0,ATX Mid Tower,Black,None,None,71.4,6,6,
Cooler Master Elite 350,ATX Mid Tower,Black,500 W,None,33,6,1,
Silverstone RL04B,ATX Mid Tower,Black,None,None,54.9,5,1,
Silverstone PS05B-USB3.0,ATX Mid Tower,Black,None,None,42.6,4,0,
Lian Li PC-Q07B USB3.0,Mini ITX Tower,Black,None,None,11.6,1,0,
Thermaltake Armor Revo Gene,ATX Mid Tower,Black,None,Acrylic,69.9,5,1,
Enermax ECA3280A,ATX Mid Tower,Black / Blue,None,Acrylic,58.2,8,8,
Lian Li PC-C37B USB3.0,HTPC,Black,None,None,15.3,2,1,
Lian Li PC-TU100,Mini ITX Tower,Silver,None,None,10.6,0,3,
Cougar Solution C400SL,ATX Mid Tower,Black,400 W,None,,6,0,
In Win BL672.300TB3LF,HTPC,Black,None,None,11.6,2,0,
In Win GT1,ATX Mid Tower,White,None,Acrylic,48.8,6,2,
Zalman Z12 Plus,ATX Mid Tower,Black,None,Acrylic,47.7,5,9,
Apex TX-606-U3,MicroATX Mid Tower,Black,300 W,None,27.9,5,4,
HEC EnterpriseH585,MicroATX Mid Tower,Black,None,None,,2,0,
Apevia X-Cruiser3,ATX Mid Tower,Blue / Silver,None,Acrylic,44.7,4,0,
Apevia X-Cruiser3,ATX Mid Tower,Pink,None,Acrylic,44.7,4,2,
Logisys CS368BB,ATX Mid Tower,Black / Blue,480 W,None,34,6,3,
Xigmatek Aeos,MicroATX Mid Tower,Black,None,None,,2,0,
Cooler Master N500,ATX Mid Tower,Black,None,None,44.1,4,0,
Cougar MG100,MicroATX Mini Tower,Black,None,None,,2,0,
In Win D-FRAME,ATX Desktop,Orange,None,Acrylic,97.5,3,1,
Aerocool XPredator X1,ATX Mid Tower,Black,None,None,43.2,6,0,
BitFenix Phenom M,MicroATX Mini Tower,Black,None,None,30.6,5,4,
Antec 1100 Illusion,ATX Full Tower,Black,None,Acrylic,67.6,6,1,
Corsair Graphite Series 230T,ATX Mid Tower,Black / Gray,None,Acrylic,,4,10,
Cooler Master Silencio 650,ATX Mid Tower,Black,None,None,,7,0,
Thermaltake Versa II,ATX Mid Tower,Black,None,None,,5,1,
Rosewill LINE-M-A,MicroATX Mini Tower,Black,None,None,26.9,0,0,
Cooltek Antiphon,ATX Mid Tower,Black,None,None,,4,0,
Aerocool DS Cube,MicroATX Mini Tower,Black,None,None,41.5,2,1,
Nanoxia NXDS4B,MicroATX Mini Tower,White,None,None,,6,5,
SHARKOON MA-M1000,MicroATX Mid Tower,Black / Blue,None,None,,2,1,
NZXT Phantom,ATX Full Tower,Black,None,None,74.3,7,22,
Silverstone TJ08B-EW,MicroATX Mid Tower,Black,None,Acrylic,30.2,4,1,
Raidmax Vampire,ATX Full Tower,Black,None,Acrylic,80.5,7,2,
Rosewill Legacy U2-B,Mini ITX Tower,Black,None,Acrylic,15.4,2,0,
Antec ISK600,Mini ITX Tower,Black / Blue,None,None,18.7,3,7,
Silverstone RV01B-W-USB3.0,ATX Full Tower,Black,None,Acrylic,113.1,6,1,
Supermicro CSE-732G-500B,ATX Mid Tower,Black / Blue,500 W,Acrylic,64.7,3,0,
Thermaltake Armor Series,ATX Full Tower,Black,None,Acrylic,65,6,1,
Cooler Master 690 III,ATX Mid Tower,Black / Green,None,None,58.5,7,1,
Antec VSK-4350E-N,ATX Mid Tower,Black,350 W,None,33.4,5,0,
Corsair Carbide Series SPEC-01,ATX Mid Tower,Black / Blue,None,Acrylic,38.3,4,7,
DIYPC HTPC-MiniCube,Mini ITX Tower,Gold,None,None,9.8,1,0,
Nanoxia Deep Silence 2 White,ATX Mid Tower,Black,None,None,57,7,2,
Thermaltake Versa H23,ATX Mid Tower,Black,None,Acrylic,43.7,3,6,
BitFenix Neos,ATX Mid Tower,Black / Gold,None,Acrylic,37,3,3,
Apex TX-388,MicroATX Mid Tower,Black,300 W,None,25.8,4,0,
Azza GT1,ATX Full Tower,Black,None,Acrylic,90.4,7,1,
DIYPC Skyline-07,ATX Full Tower,Black,None,None,69.2,3,2,
Aerocool DS 200,ATX Mid Tower,Black,None,None,,5,0,
Deepcool TESSERACT BF,ATX Mid Tower,White / Black,None,Acrylic,36.4,4,1,
Deepcool STEAM CASTLE,MicroATX Mid Tower,Yellow,None,Acrylic,47.1,3,0,
Antec GX500 ILLUSION,ATX Mid Tower,Black,None,Acrylic,44.4,4,3,
Lian Li PC-Q33,Mini ITX Tower,Black,None,Acrylic,18.1,2,0,
Lian Li PC-B16,ATX Mid Tower,Black,None,None,57.4,6,0,
Lian Li PC-V359W,MicroATX Mid Tower,Gold,None,None,36.6,3,0,
BitFenix Comrade,ATX Mid Tower,Black,None,Acrylic,37,3,5,
Silverstone RV05B,ATX Mid Tower,White / Black,None,Acrylic,63.8,2,0,
In Win D-FRAME MINI,Mini ITX Tower,Green,None,Tempered Glass,46.3,3,0,
In Win EC046.CQ450TB3K,ATX Mid Tower,Black,None,None,43.6,4,0,
Rosewill STEALTH,ATX Mid Tower,Black,None,Acrylic,52,8,7,
Rosewill I5-397,ATX Mini Tower,Black,450 W,None,37,6,0,
Thermaltake Versa H34,ATX Mid Tower,Black,None,Acrylic,49.3,3,0,
Phanteks Enthoo EVOLV,MicroATX Mini Tower,White,None,Acrylic,41.7,3,5,
be quiet! Silent Base 800,ATX Mid Tower,Black / Silver,None,Acrylic,,7,1,
Aerocool Strike-X Xtreme,ATX Mid Tower,Red,None,Acrylic,,6,0,
Aerocool Strike-X Advance,ATX Mid Tower,Black / Red,None,Acrylic,,0,0,
Cooler Master N400,ATX Mid Tower,Black,None,Acrylic,40.2,7,1,
DIYPC Solo-T1,ATX Mid Tower,Black / Blue,None,None,38.9,3,6,
Corsair Carbide Series 330R Titanium Edition,ATX Mid Tower,Black / Silver,None,None,49.9,4,2,
Raidmax Scorpio V,ATX Mid Tower,Black,None,Acrylic,54.6,8,1,
Silverstone KL05B,ATX Mid Tower,Black,None,Acrylic,,6,0,
NOX Coolbay VX,ATX Mid Tower,Black / Blue,None,None,34.3,7,0,
Raidmax Horus,ATX Mid Tower,Black,None,Acrylic,,3,1,
CiT Vanquish,ATX Mid Tower,Black / Red,None,Acrylic,,5,2,
NZXT Noctis 450,ATX Mid Tower,Black / Red,None,Acrylic,,6,2,
Silverstone PS11B,ATX Mid Tower,Black,None,Acrylic,,3,1,
Phanteks Enthoo EVOLV ATX,ATX Mid Tower,Gray,None,Acrylic,,5,8,
Deepcool Tristellar,Mini ITX Desktop,Black,None,None,,2,0,
Rosewill Stryker M,ATX Mid Tower,Black,None,Acrylic,,3,6,
Aerocool XPredator,ATX Full Tower,White,None,Acrylic,,6,0,
Lian Li PC-O5S,HTPC,White,None,Tempered Glass,,5,0,
Rosewill R521-M,MicroATX Mini Tower,Black,400 W,None,,5,0,
Apevia X-QPack3,MicroATX Mini Tower,Black / Red,None,Acrylic,,2,3,
Lian Li PC-O6S,HTPC,Black,None,Tempered Glass,,6,0,
Lian Li PC-O7S,HTPC,Black,None,Tempered Glass,,7,0,
Antec P70,ATX Mid Tower,Black,None,None,,4,0,
Phanteks Enthoo Pro M,ATX Mid Tower,Green,None,Acrylic,56.4,2,1,
Cooler Master MasterCase 5,ATX Mid Tower,Black,None,Acrylic,,2,3,
Silverstone RVZ02B,HTPC,Black / Clear,None,Acrylic,,1,8,
Aerocool Aero-800,ATX Mid Tower,Black / Blue,None,Acrylic,,2,0,
be quiet! Silent Base 600,ATX Mid Tower,Black,None,Acrylic,,3,2,
Phanteks Mini XL,MicroATX Desktop,Black,None,Acrylic,,6,0,
Thermaltake Core P5,ATX Mid Tower,Black,None,Acrylic,115.4,3,7,
Thermaltake Core P5 TG,ATX Mid Tower,Black / Silver,None,Tinted Tempered Glass,115.4,3,0,
Lian Li PC-Q10,Mini ITX Desktop,Black,None,Acrylic,,2,2,
Lian Li PC-Q21,Mini ITX Tower,Black,None,None,,2,2,
DIYPC Silence,ATX Mid Tower,Black,None,None,,2,1,
DIYPC Zondda,ATX Mid Tower,Black / Blue,None,Acrylic,,4,3,
Raidmax Ninja II,ATX Mid Tower,Black / Orange,None,Acrylic,,3,5,
Phanteks Eclipse P400,ATX Mid Tower,Gray,None,Tinted Acrylic,45.9,2,6,
Phanteks Eclipse P400,ATX Mid Tower,Gray,None,Tinted Tempered Glass,45.9,2,4,
Zodiac Aries A-100,MicroATX Mid Tower,Black,None,None,,1,0,
Apevia X-Qtis,MicroATX Mid Tower,White / Blue,None,Acrylic,,4,0,
In Win H-Tower,ATX Full Tower,Silver,None,None,,1,0,
Thermaltake Core X71,ATX Full Tower,Black,None,Acrylic,,3,3,
Antec NSK3100,MicroATX Mini Tower,Black,None,None,,2,0,
DIYPC F2,MicroATX Mini Tower,White,None,Acrylic,,2,22,
RIOTORO CR1080,ATX Mid Tower,Black,None,Acrylic,,2,3,
Apevia X-Qber,MicroATX Desktop,Black / Green,None,Acrylic,,2,0,
Anidees AI7,ATX Desktop,Black,None,Acrylic,,4,0,
NOX Coolbay CX,MicroATX Desktop,Black,None,Acrylic,,3,0,
VIVO CASE-V06,MicroATX Mid Tower,Black,None,Acrylic,,2,3,
Silverstone FT01B-USB3.0,ATX Mid Tower,Black,None,Acrylic,,7,0,
Xion Xon-350,ATX Mid Tower,Black,None,None,23.7,2,2,
Antec Super Lanboy,ATX Mid Tower,Silver,None,Acrylic,,4,2,
Rosewill B2-SPIRIT,ATX Full Tower,Black,None,Acrylic,,13,2,
Cougar MX200,ATX Mid Tower,Black,None,None,,6,2,
Antec P9,ATX Full Tower,Black,None,Acrylic,97.3,8,1,
SHARKOON T3-W,ATX Mid Tower,Black / Green,None,Acrylic,38.3,6,0,
Thermaltake View 27,ATX Mid Tower,White / Black,None,Acrylic,,2,0,
X2 Nextyde,ATX Mid Tower,Black,None,Acrylic,34.2,2,0,
NOX Coolbay SX,ATX Mid Tower,Black / Blue,None,None,37.9,4,0,
Thermaltake Versa C22 RGB Snow Edition,ATX Mid Tower,White,None,Acrylic,52.2,2,1,
Raidmax Sigma,ATX Mid Tower,Black,None,Tempered Glass,,2,0,
Raidmax Sigma,ATX Mid Tower,White,None,Tempered Glass,,2,1,
Cooler Master MasterCase Pro 6,ATX Mid Tower,Black / Blue,None,Acrylic,70.1,5,1,
Lian Li Odyssey,Mini ITX Desktop,White,None,None,,2,0,
Apevia X-Mirage,ATX Mid Tower,Pink,None,Acrylic,41.8,2,1,
SHARKOON DG7000-G,ATX Mid Tower,Black / Red,None,Tempered Glass,,3,0,
GameMax FALCON WHITE RGB,ATX Mid Tower,White / Black,None,Acrylic,,2,0,
Azza Titan 240,ATX Mid Tower,Black,None,Tempered Glass,,3,0,
Aerocool Aero-300,ATX Mid Tower,Black,None,Acrylic,37.8,2,0,
Rosewill BRADLEY M,ATX Mid Tower,Black,None,Acrylic,36.6,3,1,
VIVO CASE-V08,ATX Mid Tower,Black / Blue,None,Tempered Glass,,3,1,
Anidees AI Crystal Cube,ATX Mid Tower,Black,None,Tempered Glass,50.5,3,1,
Enermax Ostrog ADV,ATX Mid Tower,Black / Green,None,Acrylic,54.7,6,0,
Aerocool V3X Advance,ATX Mid Tower,Black,None,None,30.4,3,0,
Thermaltake Versa C23 RGB,ATX Mid Tower,Black,None,Tempered Glass,,2,3,
Phanteks Enthoo EVOLV ITX TG,Mini ITX Desktop,Black / Red,None,Tinted Tempered Glass,34.1,2,4,
Thermaltake Versa N27,ATX Mid Tower,Black,None,Acrylic,,4,0,
Cooler Master MasterCase H500P ARGB,ATX Mid Tower,Black,None,Tempered Glass,,2,0,
Lian Li PC-A41,MicroATX Mini Tower,Black,None,None,,5,0,
Lian Li PC-D600,ATX Full Tower,Black,None,Acrylic,,6,0,
Cougar MX330-STE500,ATX Mid Tower,Black,500 W,Acrylic,39.4,2,0,
NZXT H200i,Mini ITX Tower,Black / Red,None,Tempered Glass,27.3,1,4,
DIYPC TG8,ATX Mid Tower,White / Black,None,Tempered Glass,,2,0,
DIYPC TG8,ATX Mid Tower,Red / Black,None,Tempered Glass,,2,3,
Lian Li ALPHA 550X,ATX Mid Tower,Black,None,Tempered Glass,56.5,4,0,
BitFenix Enso,ATX Mid Tower,Black,None,Tempered Glass,,2,0,
LC-Power 991B Lighthouse,ATX Mid Tower,Black,None,Tempered Glass,51.6,3,1,
be quiet! Dark Base 700,ATX Mid Tower,White / Black,None,Tempered Glass,,7,2,
Lian Li ALPHA 330X,ATX Mid Tower,Black,None,Tempered Glass,,2,0,
Cougar MG110,MicroATX Mini Tower,Black,None,Acrylic,30.8,2,1,
Antec P8,ATX Mid Tower,Black,None,Tempered Glass,43.7,2,2,
Cooler Master MB600L ODD,ATX Mid Tower,Black / Red,None,Acrylic,,2,9,
Rosewill Orbit-Z1,ATX Mid Tower,Black,None,Acrylic,41.6,2,0,
In Win 303C,ATX Mid Tower,Black,None,Tempered Glass,51.6,2,2,
Corsair SPEC-OMEGA RGB Newegg Edition,ATX Mid Tower,Black / Multicolor,None,Tempered Glass,,3,1,
DIYPC Vision II,ATX Mid Tower,Black / Green,None,Tempered Glass,46.9,3,4,
In Win Tou 2.0,ATX Full Tower,,1065 W,Tempered Glass,,5,0,
EVGA DG-75,ATX Mid Tower,White,None,None,47.3,2,0,
Corsair Carbide Series 275R,ATX Mid Tower,Black / Red,None,Acrylic,44.2,2,1,
Cooler Master MasterCase MC500M,ATX Mid Tower,Black,None,Tempered Glass,75.6,4,2,
Silverstone PM02-G,ATX Mid Tower,,None,Tempered Glass,49.3,3,0,144.62
Cougar PANZER EVO,ATX Full Tower,Black / Red,None,Acrylic,,2,1,
Cooler Master MasterBox MB500 TUF Edition,ATX Mid Tower,Black,None,Tempered Glass,49.5,2,1,
Raidmax Zeta B04,ATX Mid Tower,Black,None,Tempered Glass,48.3,2,4,
Cooler Master MasterBox MB511,ATX Mid Tower,Black / White,None,Acrylic,,2,1,
RAIJINTEK PAEAN M,MicroATX Mini Tower,Black,None,Tempered Glass,40.9,1,1,
Cooler Master MasterBox E300L,MicroATX Mini Tower,Black / Silver,None,None,,2,2,
Corsair Carbide Series SPEC-06,ATX Mid Tower,White,None,Tempered Glass,,2,3,
Cooler Master MasterBox K500 Phantom Gaming Edition,ATX Mid Tower,Black,None,Tempered Glass,46.9,2,0,
Xigmatek Frontliner,ATX Mid Tower,Black,None,Acrylic,45.1,2,0,
Xigmatek Hawthorn,ATX Mid Tower,Black / Blue,None,Acrylic,36.1,2,1,
Thermaltake Versa J25,ATX Mid Tower,Black,None,Tempered Glass,,3,0,
be quiet! Silent Base 801,ATX Mid Tower,Black,None,None,,5,1,
Fractal Design Define S2 Blackout,ATX Mid Tower,Black,None,Tinted Tempered Glass,58.8,3,3,
Fractal Design Define S2,ATX Mid Tower,White,None,Tempered Glass,58.8,3,0,
HG Computers Osmi,Mini ITX Tower,Black,None,None,,1,0,
Aerocool Quartz RGB,ATX Mid Tower,Black,None,Tempered Glass,38.3,2,0,
Aerocool Quartz Blue,ATX Mid Tower,Black / Blue,None,Tempered Glass,38.3,2,0,
Streacom DA2,Mini ITX Desktop,Black,None,None,,3,3,
AvP Mamba,ATX Mid Tower,Black,None,Acrylic,,3,0,
In Win A1 Plus Phantom Gaming Edition,Mini ITX Tower,Black / Red,650 W,Tempered Glass,21.8,0,0,
Deepcool MATREXX 70,ATX Mid Tower,Black,None,Tempered Glass,54.2,2,0,
Raidmax NEON RGB,ATX Mid Tower,Black,None,Acrylic,,2,0,
Cooler Master MasterCase H500P Mesh Phantom Gaming Edition,ATX Mid Tower,Black / Red,None,Acrylic,71.4,2,0,
Aerocool Playa Slim,MicroATX Mini Tower,Black,None,None,,1,1,
Rosewill SPECTRA X,ATX Mid Tower,Black,None,Tempered Glass,,5,4,
Silverstone RL08BR-RGB,MicroATX Mini Tower,Black / Red,None,Tempered Glass,,3,2,
HEC HX210,MicroATX Mini Tower,Black,None,Acrylic,35.5,2,3,
Deepcool Gamer Storm NEW ARK 90SE,ATX Mid Tower,Black,None,Tempered Glass,,3,0,
BitFenix Nova Mesh,ATX Mid Tower,,None,Acrylic,41.4,2,0,
BitFenix Nova Mesh TG 4ARGB,ATX Mid Tower,Black,None,Tempered Glass,41.4,2,0,
GameMax Aurora,ATX Mid Tower,Black,None,Tempered Glass,50,2,0,
GameMax Crusader,ATX Mid Tower,Black,None,Tempered Glass,34.8,3,0,
GameMax Draco,ATX Mid Tower,Black,None,Tempered Glass,45,3,0,
GameMax Expedition,MicroATX Mini Tower,Blue,None,Acrylic,29.4,2,0,
GameMax Ghost,ATX Mid Tower,Black,None,None,38.1,1,0,
GameMax Predator,ATX Mid Tower,Black,None,Tinted Tempered Glass,49.8,2,0,
GameMax Vega,ATX Mid Tower,Gray / Black,None,Tempered Glass,53.2,3,0,
BitFenix Saber,ATX Mid Tower,Black,None,Tempered Glass,,2,1,
Aerocool Aero-500G RGB,ATX Mid Tower,Black,None,Tempered Glass,43.1,4,1,
Aerocool Bolt,ATX Mid Tower,,None,Tempered Glass,35.3,2,3,
Fractal Design Vector RS Blackout,ATX Mid Tower,Black,None,Tinted Tempered Glass,64.1,6,1,
MagniumGear Neo Air,ATX Mid Tower,,None,Tempered Glass,41.4,2,6,
MagniumGear Neo G,ATX Mid Tower,Black,None,Tempered Glass,41.4,2,0,
Deepcool MACUBE 310,ATX Mid Tower,White,None,Tempered Glass,45.2,2,7,
KOLINK Levante,ATX Mid Tower,Black,None,Tempered Glass,43.2,3,0,
DIYPC Jax11,ATX Mid Tower,White,None,Acrylic,,2,3,
Jonsbo C3 Plus,MicroATX Mini Tower,Black,None,Tempered Glass,31.2,4,0,
Jonsbo C3 Plus,MicroATX Mini Tower,Silver,None,Tempered Glass,31.2,4,1,
Maingear Vybe Mk. V,ATX Mid Tower,Red / Black,None,Tempered Glass,38.4,2,3,
In Win 925,ATX Full Tower,Black,None,Tempered Glass,,4,0,
Apevia CRUSADER-F-WH,ATX Mid Tower,White,None,Tempered Glass,,2,1,
DIYPC Solo-T2-R Black USB 3.0,ATX Mid Tower,Black / Red,None,None,39.1,3,1,
Azza Optima 803,ATX Mid Tower,Black,None,Tempered Glass,71.1,2,0,
Golden Field Z2,ATX Mid Tower,Black / Red,None,Tempered Glass,,2,0,
Rosewill Prism T,ATX Mid Tower,Black,None,Tempered Glass,58.2,2,1,
Cougar DarkBlader-G,ATX Full Tower,Black / Silver,None,Tempered Glass,,4,0,
Silverstone PS14-E,ATX Mid Tower,Black,None,Tempered Glass,43.1,2,2,
Aerocool Scar,ATX Mid Tower,Black,None,Tempered Glass,,2,0,
NOX Hummer TGF,ATX Mid Tower,Black,None,Tempered Glass,,2,0,
FSP Group CST 110,MicroATX Mini Tower,Black,None,None,15.4,3,0,
Jonsbo U4,ATX Mid Tower,Black,None,Tempered Glass,29.8,2,0,
Enermax MarbleShell M MS20 ARGB,MicroATX Mini Tower,White / Black,None,Tempered Glass,,2,1,
darkFlash DLX22,ATX Mid Tower,Black,None,Tempered Glass,,2,1,
Phanteks EVOLV SHIFT 2 AIR,Mini ITX Tower,Gray / Black,None,None,,1,0,
SHARKOON M25 Silent PCGH Edition,ATX Mid Tower,Black,None,None,,3,0,
Deepcool CL500 4F,ATX Mid Tower,Black / Gray,None,Tempered Glass,55.5,2,1,
SilentiumPC Armis AR6X TG RGB,ATX Mid Tower,Black,None,Tempered Glass,46,2,0,
SilentiumPC Armis AR7,ATX Mid Tower,Black,None,Tempered Glass,63.9,3,1,
SilentiumPC Armis AR7X EVO ARGB,ATX Mid Tower,Black,None,Tempered Glass,63.9,3,0,
SilentiumPC Signum SG7V EVO TG ARGB,ATX Mid Tower,Black,None,Tempered Glass,,3,0,
Apevia Genesis-BK,ATX Mid Tower,Black,None,Tempered Glass,,3,1,
Azza Cast 808W,ATX Mid Tower,White / Black,None,None,,1,0,
Aerocool Atomic V2,MicroATX Mini Tower,Black,None,Tempered Glass,36.2,2,0,
Tempest Vapor RGB,ATX Mid Tower,Black,None,Acrylic,,2,0,
Corsair iCUE 5000X RGB Triptych,ATX Mid Tower,Black / Green,None,Tempered Glass,66.2,2,0,
Corsair iCUE 5000X RGB Shift,ATX Mid Tower,Black / Blue,None,Tempered Glass,66.2,2,0,
Aerocool Trinity Mini V1,MicroATX Mini Tower,Black,None,Tempered Glass,28.1,2,1,
Mars Gaming MCZP,MicroATX Mid Tower,Pink / Black,None,Tempered Glass,,1,0,
SHARKOON VS7 Window,ATX Mid Tower,Black,None,Acrylic,47,2,0,
GAMDIAS APOLLO M1 ELITE,ATX Mid Tower,Black,None,Tempered Glass,,2,0,
GAMDIAS ARGUS E4 ELITE WH,ATX Mid Tower,White / Black,None,Tempered Glass,,2,0,
GAMDIAS ATHENA M2,ATX Mid Tower,Black,None,Tempered Glass,,2,1,
GAMDIAS ATHENA M2 LITE,MicroATX Mid Tower,Black,None,Tempered Glass,,2,1,
GAMDIAS MARS E1,ATX Mid Tower,Black,None,Tempered Glass,,2,0,
GAMDIAS MARS M1,ATX Mid Tower,Black,None,Tempered Glass,,2,0,
GAMDIAS TALOS M1,ATX Mid Tower,Black,None,Tempered Glass,,2,0,
Antec NX700,ATX Mid Tower,Black,None,Tempered Glass,,2,1,
Vetroo M01,MicroATX Mid Tower,Black,None,Tempered Glass,36.6,2,0,
MSI MAG VAMPIRIC 300R MIDNIGHT GREEN,ATX Mid Tower,Green,None,Tempered Glass,54.1,2,0,
Cougar MX430 Mesh RGB,ATX Mid Tower,Black,None,Tempered Glass,37.6,2,0,
Rosewill SPECTRA C101,MicroATX Mini Tower,Black,None,Tempered Glass,37,2,1,
Vetroo K1,ATX Mid Tower,Silver,None,Tempered Glass,37.4,2,0,
darkFlash DLC29,ATX Mid Tower,White,None,None,38.6,2,1,
MSI Creator 400M,ATX Mid Tower,Black,None,Tempered Glass,65.4,2,0,
Fractal Design Define 7 Mini,MicroATX Mini Tower,Black,None,Tinted Tempered Glass,33.2,2,4,
Lazer3D LZX-8 Storm,Mini ITX Desktop,Black / White,None,None,8.6,1,0,
Cougar Turret RGB,ATX Mid Tower,Black,None,Tempered Glass,39.9,2,1,
Cougar MX330-F,ATX Mid Tower,Black,None,Acrylic,39.4,2,0,
Cougar MX440 Mesh RGB,ATX Mid Tower,Black,None,Tempered Glass,46,2,0,
Cougar Airface,ATX Mid Tower,Black,None,Tempered Glass,43.6,2,0,
GameMax Revolt,ATX Mid Tower,Black,None,Tempered Glass,40.7,2,0,
Antec NX420,ATX Mid Tower,Black,None,Tempered Glass,42.6,2,0,
Antec Dark Phantom DP31,MicroATX Mid Tower,Black,None,Tempered Glass,31.9,2,1,
Chieftec BX-10B-OP,MicroATX Mid Tower,Black,None,Tempered Glass,28.8,1,0,
DIYPC ARGB-Q3,MicroATX Mini Tower,Pink,None,Tempered Glass,38.6,2,2,
CiT Blade ARGB,ATX Mid Tower,Black,None,Tempered Glass,38.9,2,0,
CiT Blaze Red,ATX Mid Tower,Black / Red,None,Tempered Glass,31.4,2,0,
CiT Mirage F6,ATX Mid Tower,Black,None,Tempered Glass,29.9,2,0,
CiT Slammer,MicroATX Mid Tower,Black,None,Tempered Glass,31.7,2,1,
GameMax Typhoon COC,ATX Mid Tower,Black,None,Tempered Glass,40.7,2,0,
RAIJINTEK PAEAN C7,ATX Mid Tower,White,None,Tempered Glass,45.5,2,1,
Ocelot OC-HANAMI 1,MicroATX Mini Tower,White / Pink,None,Tempered Glass,30,2,0,
Noua Ego Z5,ATX Full Tower,Black,None,Tempered Glass,104.6,2,0,
Noua Fobia L10,MicroATX Mid Tower,Pink,None,Tempered Glass,32.3,2,0,
Noua Iron V7,ATX Mid Tower,Black,None,Tempered Glass,51.5,2,0,
Noua Utopia F2,ATX Mid Tower,Black,None,Tempered Glass,40.4,3,0,
UNYKAch UK3002,MicroATX Desktop,Black,None,None,21.2,0,0,
Thermaltake H590 TG ARGB,ATX Mid Tower,Black,None,Tempered Glass,49.1,2,0,
Deepcool CC560 Limited,ATX Mid Tower,Black,None,Tempered Glass,41.7,2,0,
Apevia Guardian-M,ATX Mid Tower,Pink,None,Tempered Glass,39.5,2,0,
Jonsbo UMX4-PLUS,ATX Full Tower,Black,None,Tempered Glass,54.1,2,0,
GALAX REV-01,ATX Mid Tower,White,None,Tempered Glass,41.9,2,0,
GALAX REV-02,ATX Mid Tower,White,None,Tempered Glass,43,2,0,
ADATA XPG VALOR MESH ARGB,ATX Mid Tower,Black,None,Tempered Glass,35.8,2,0,
Enermax StarryKnight SK30 V2,ATX Mid Tower,Black,None,Tempered Glass,49.7,2,1,
MagniumGear Neo Air 2,ATX Mid Tower,White / Brown,None,Tempered Glass,41.9,2,0,
GAMDIAS ATHENA P1 LITE,ATX Mid Tower,Black,None,Tempered Glass,49.6,2,0,
KOLINK INSPIRE K20,ATX Mid Tower,Black,None,Tempered Glass,30.6,2,0,
KOLINK Inspire K4,ATX Mid Tower,Black,None,Tempered Glass,33.4,2,0,
Aerocool Dryft Mini V1,MicroATX Mid Tower,Black,None,Tempered Glass,47,1,0,
KOLINK Tranquility,ATX Mid Tower,Black,None,None,40.6,2,0,
In Win AIRFORCE,ATX Full Tower,White / Multicolor,None,Tempered Glass,76.6,2,0,
SilentiumPC Regnum RG1W,ATX Mid Tower,Black,None,Acrylic,39.4,2,0,
DIYPC Rainbow-Flash-S1,ATX Mid Tower,Pink,None,Tempered Glass,39.2,2,0,
GameMax AutoBot II,ATX Mid Tower,White / Orange,None,Tempered Glass,106.4,1,0,
GameMax RockStar 2,ATX Mid Tower,Black,None,Tempered Glass,40.7,2,0,
Jonsbo D300 4PCS,MicroATX Mid Tower,Black,None,Tempered Glass,45.8,2,0,
YEYIAN Blade 2101,ATX Mid Tower,Black,None,Tempered Glass,35.8,2,0,
YEYIAN Kalt 1101,MicroATX Mid Tower,Black,None,Tempered Glass,26.3,2,0,
YEYIAN Vortex 1200,ATX Mid Tower,Black / Red,None,Tempered Glass,27.5,2,0,
Cooler Master CMP 520L,ATX Mid Tower,Black,None,Tempered Glass,41.5,2,0,
Inter-Tech C-703 Vision,ATX Mid Tower,Black,None,Tempered Glass,56.4,2,0,
DIYPC ARGB-Q3 V2,MicroATX Mini Tower,Pink,None,Tempered Glass,38.6,2,1,
GameMax F45,ATX Mid Tower,Black / Brown,None,Tempered Glass,40.6,2,1,
SHARKOON Skiller SGC1,ATX Mid Tower,Black,None,None,47.5,2,0,
Aerocool Graphite v3 ARGB,ATX Mid Tower,,None,Tempered Glass,43,2,0,
Cooler Master CMP 500,ATX Mid Tower,Black,None,Acrylic,46.5,2,0,
Axiom Nova C013,ATX Mid Tower,Black,None,Tempered Glass,38.5,1,0,
Xigmatek ZEUS,ATX Full Tower,Black,None,Tempered Glass,98.8,2,0,
Cougar Uniface Mini,MicroATX Mini Tower,White,None,Tempered Glass,34.6,2,0,
Cougar Airface ECO RGB,ATX Mid Tower,White,None,Tempered Glass,58.6,2,0,
Chieftec Hunter 2,ATX Mid Tower,Black,None,Tempered Glass,39.8,2,0,
ALPHAGEAR Mirage mark 3 ARGB,ATX Mid Tower,Black,None,Tempered Glass,52.6,1,0,
Jonsbo D41 STD SCREEN,ATX Mid Tower,White,None,Tempered Glass,35.4,2,0,
Silverstone SG04B-F,MicroATX Mini Tower,Black,None,None,24.7,2,0,80.83
Chieftec BT-04B-U3-250VS ,Mini ITX Tower,Black,250 W,None,10.5,1,0,
Silverstone CS01,Mini ITX Tower,Silver,None,None,,2,0,143.76
Jonsbo U4 Pro MESH,ATX Mid Tower,White,None,Mesh,34.5,1,0,
Jonsbo MOD-3 Mini,MicroATX Mid Tower,Gray,None,Tempered Glass,76.4,1,0,
In Win F3,MicroATX Mini Tower,White,None,Tempered Glass,35.5,2,0,
Thermaltake View 27,ATX Mid Tower,Black,None,Acrylic,,2,1,
Cougar MX310,ATX Mid Tower,Black / Orange,None,Acrylic,49.6,3,0,
Cooler Master MasterBox Lite 3,MicroATX Mini Tower,Black,None,Acrylic,26.9,1,0,
XFX Type-01 Series Bravo Edition,ATX Mid Tower,Black,None,Acrylic,68,3,0,
NZXT H500 Overwatch,ATX Mid Tower,Black / Orange,None,Tempered Glass,41.3,3,0,
Thermaltake Commander C34 TG ARGB,ATX Mid Tower,Black,None,Tempered Glass,,3,0,
Silverstone RL08BW-RGB,MicroATX Mini Tower,Black / White,None,Tempered Glass,,3,4,
RIOTORO CR400,ATX Mid Tower,Black,None,Acrylic,43,2,0,
Thermaltake Divider 300 TG Air,ATX Mid Tower,Black,None,Tempered Glass,48.2,2,0,119.99
Geometric Future Model 2 The ARK,MicroATX Mini Tower,White,None,Mesh,40.7,1,0,
BitFenix Garen,ATX Mid Tower,Black,None,Tempered Glass,42.3,2,0,
SHARKOON Rebel C80M RGB,ATX Mid Tower,Black,None,Mesh,55.7,3,0,
Montech KING 95 ULTRA,ATX Mid Tower,Silver / Black,None,Tempered Glass,63,5,1,
Antec ISK 300-65,Mini ITX Desktop,Black,65 W,None,6.9,0,0,
Antec ISK 300-150,Mini ITX Desktop,Black,150 W,None,6.9,0,3,
Antec NSK 6582B,ATX Mid Tower,Black,430 W,None,45.8,5,0,
Antec NSK1480,MicroATX Desktop,Black / Silver,350 W,None,17.8,2,0,
Antec Sonata Proto,ATX Mid Tower,Black,None,None,40.2,4,0,
Cooler Master Centurion 5,ATX Mid Tower,Black / Blue,None,None,42,4,0,
Cooler Master Elite 335,ATX Mid Tower,Black,None,None,36.9,6,1,
Cooler Master Elite 370,ATX Mid Tower,Black,400 W,None,38.7,5,0,
Cooler Master Centurion 5 II,ATX Mid Tower,Black,None,Acrylic,43.2,5,0,
Cooler Master Gladiator 600,ATX Mid Tower,Black / Gray,None,None,41.8,5,0,
Gigabyte GZ-KF01B,ATX Mid Tower,Black,None,None,26.5,5,0,
Thermaltake V9 Black Edition,ATX Mid Tower,Black,None,None,46.6,5,0,
Thermaltake Element T,ATX Mid Tower,Black,None,None,52.9,6,0,
Thermaltake Element G,ATX Mid Tower,Black,850 W,None,57.5,7,0,
Thermaltake Level 10,ATX Full Tower,Black,None,None,129.6,6,1,
Thermaltake V5 Black Edition,ATX Mid Tower,Black,None,Acrylic,56.3,3,0,
Thermaltake V3 Black Edition,ATX Mid Tower,Black,430 W,Acrylic,38.5,4,1,
Thermaltake ARMOR A90,ATX Mid Tower,Black,None,Acrylic,54.3,6,2,
Thermaltake ARMOR A60,ATX Mid Tower,Black,None,Acrylic,50.4,5,0,
Thermaltake ARMOR A60 AMD Edition,ATX Mid Tower,Black / Red,None,Acrylic,50.4,5,0,
Rosewill FB-01,ATX Mid Tower,Black,None,None,,7,0,
Rosewill R101-P,MicroATX Mid Tower,Black,None,None,25.3,4,0,
Rosewill Smart One,ATX Mid Tower,Black,None,None,44.1,5,0,
NZXT Gamma Classic,ATX Mid Tower,Black,None,None,43.1,7,6,
Lian Li PC-K58,ATX Mid Tower,Black,None,None,52.9,4,0,
Antec Sonata IV,ATX Mid Tower,Black,620 W,None,43.1,4,0,
Cooler Master Elite 334 nVidia,ATX Mid Tower,Black,None,Acrylic,38.2,6,1,
Lian Li PC-Q08,Mini ITX Tower,Black,None,None,21.2,6,4,
Lian Li PC-60FN,ATX Mid Tower,Black,None,None,47.9,4,1,
Lian Li PC-60FNWX,ATX Mid Tower,Black,None,Acrylic,48,4,0,
Lian Li PC-7FNWX,ATX Mid Tower,Black,None,Acrylic,47.9,4,0,
Lian Li PC-9F,ATX Mid Tower,Black,None,None,49.4,6,1,
Lian Li PC-B70,ATX Full Tower,Black,None,None,76.9,10,0,
Lian Li PC-A77F,ATX Full Tower,Black,None,None,76.9,9,1,
Lian Li PC-P50,ATX Mid Tower,Black / White,None,Acrylic,50.8,3,0,
Lian Li PC-C50,HTPC,Silver,None,None,24.2,3,0,
Aerocool Qx-2000,MicroATX Mini Tower,Black,None,None,28,2,0,
Apevia X-Plorer,ATX Mid Tower,Black,None,Acrylic,40.3,4,1,
Apevia X-Cruiser Silver,ATX Mid Tower,Silver,None,Acrylic,40.1,5,1,
Apevia X-Dreamer3,ATX Mid Tower,Black,None,Acrylic,37.1,6,0,
Apevia X-Jupiter G-Type,ATX Full Tower,Blue,None,Acrylic,64.5,6,0,
Apevia X-Plorer2,ATX Mid Tower,Black / Red,None,Acrylic,39.2,5,1,
Apevia X-QBOII,MicroATX Mini Tower,Black / Blue,500 W,Acrylic,28.4,2,0,
Apex TX-381-C,MicroATX Mid Tower,Black,None,None,30,4,3,
HEC 6K28BBX585,MicroATX Mini Tower,Black,585 W,None,29.1,2,1,
HEC ITX200A,HTPC,Black,200 W,None,5.8,1,0,
Broadway Com Corp 1244MA,ATX Mini Tower,Black,500 W,None,20.8,2,0,
Broadway Com Corp 939PL,ATX Mid Tower,Black,550 W,None,34.4,4,1,
NZXT Apollo,ATX Mid Tower,Blue / Black,None,Acrylic,61.8,4,0,
NZXT Duet,HTPC,Black / Silver,None,None,30.3,1,0,
NZXT Hush,ATX Mid Tower,Black,None,None,41.4,5,1,
NZXT Tempest EVO,ATX Mid Tower,Black,None,Acrylic,61.8,8,1,
Apex DM-318,HTPC,Black,275 W,None,12.8,1,0,
Apex MI-100,Mini ITX Tower,Black / Silver,250 W,None,8.5,1,0,
Apex PC-389-C,ATX Mid Tower,Black,None,None,33.2,4,2,
Apex TM-302-3,MicroATX Mid Tower,Black / Silver,300 W,None,25.7,1,1,
Apex TM-524,MicroATX Mid Tower,Black,None,None,25,3,0,
Aerocool AeroEngine Plus,ATX Mid Tower,Black,None,None,38,5,0,
Athena Power CA-601YW60,ATX Full Tower,Yellow,600 W,Acrylic,50.6,4,0,
Diablotek CPA-6170,ATX Mid Tower,Black,None,None,38.4,5,3,
Athenatech A5730BB.450,ATX Mid Tower,Black,450 W,None,41,5,0,
Dynapower C05.N17.M158,ATX Mini Tower,Silver / Black,430 W,None,23.1,1,0,
Foxconn TLA+436,ATX Mid Tower,Black / Silver,300 W,None,33.2,4,0,
Foxconn TLA+566,ATX Mid Tower,Black / Silver,300 W,None,33.2,4,0,
Gigabyte Setto 1020,ATX Mid Tower,Black,None,None,36.1,6,0,
Gigabyte Luxo M1000,ATX Mid Tower,Black,None,None,37.1,4,0,
In Win BK623.BN300BL,MicroATX Desktop,Black,300 W,None,12.3,1,0,
In Win BK644.BN300TBL,MicroATX Mini Tower,Black,300 W,None,12.3,1,1,
In Win BM650.AD160TBL,Mini ITX Tower,Black,160 W,None,6.8,0,0,
In Win Diva,Mini ITX Tower,Black / Pink,160 W,None,9.3,0,0,
In Win EA013.T350SL,ATX Mid Tower,Black / Silver,None,None,34.9,2,1,
In Win IW-BP655.300TBL,Mini ITX Desktop,Black,300 W,None,8.1,0,1,
In Win Z589T.CQ350TBL,MicroATX Mini Tower,Black,350 W,None,24.2,1,0,
Raidmax Iceberg,ATX Mid Tower,Black,None,Acrylic,55.2,4,0,
Raidmax Icecube,MicroATX Desktop,Black,None,None,33.1,4,0,
Raidmax Smilodon ATX-612WB,ATX Mid Tower,Black / White,None,Acrylic,47.5,4,2,
Raidmax Smilodon ATX-612WB,ATX Mid Tower,Black / White,500 W,Acrylic,47.5,4,0,
Raidmax Smilodon ATX-612WB,ATX Mid Tower,Black,500 W,Acrylic,47.5,4,1,
Raidmax Blackstorm ATX-615WW,ATX Mid Tower,White / Blue,None,None,47.7,1,0,
Silverstone FT01-B,ATX Mid Tower,Black,None,Acrylic,51.7,7,0,
Silverstone RV02B-EW,ATX Full Tower,Black,None,Acrylic,68.3,5,0,
Silverstone SG01-BF,MicroATX Desktop,Black,None,None,21.8,2,1,
Silverstone TJ09-BW,ATX Full Tower,Black,None,Acrylic,66.7,6,0,
Silverstone TJ10-B,ATX Full Tower,Black,None,None,69.8,6,0,
Sunbeam ACUF-HUVB,ATX Mid Tower,Clear,None,None,33.3,2,0,
XClio Blackhawk,ATX Full Tower,Black,None,None,59.7,8,0,
Xigmatek Utgard Mesh,ATX Mid Tower,Black,None,None,51.7,4,0,
Zalman MS1000-HS1,ATX Mid Tower,Black,None,None,55.7,3,0,
Zalman Z7,ATX Mid Tower,Black,None,None,48.4,5,1,
Athenatech A100BB.270,HTPC,Black / Silver,270 W,None,18.5,2,0,
Silverstone GD04B,HTPC,Black,None,None,21.3,2,0,
Silverstone LC13B-E,HTPC,Black,None,None,32.4,4,0,
Xion AXP970-001BK,ATX Mid Tower,Black,None,Acrylic,40,3,0,
Zalman HD160,HTPC,Silver / Black,None,None,29.4,4,0,
Zalman HD503,HTPC,Black,None,None,34.5,3,0,
Silverstone SG05BB-450,Mini ITX Desktop,Black,450 W,None,10.7,1,1,
Silverstone SG06BB-450,Mini ITX Desktop,Black,450 W,None,11,1,0,
Dynapower EN-7255,MicroATX Mid Tower,White,None,None,38.7,2,0,
Dynapower EN-4102,MicroATX Mid Tower,Silver / Black,None,None,38.8,4,0,
Raidmax ATX-298WBP,ATX Mid Tower,Black / Blue,None,None,42.9,4,0,
Raidmax Reiter,ATX Mid Tower,Black,None,None,49.5,4,0,
Raidmax Cyclone,ATX Mid Tower,Black / Red,None,None,34.1,5,0,
Rosewill Future,ATX Mid Tower,Black,None,None,39.7,6,0,
Silverstone RV03B-W,ATX Full Tower,Black / White,None,Acrylic,69.4,4,4,
Thermaltake V9 BlacX,ATX Mid Tower,Black,None,Acrylic,50.6,5,0,
Xigmatek Pantheon,ATX Mid Tower,Black,None,Acrylic,,4,0,
Apevia X-Trooper,ATX Mid Tower,Black,None,Acrylic,44.8,6,1,
Lian Li PC-A05FNA,ATX Mid Tower,Silver,None,None,40.4,3,0,
Lian Li PC-A05FNB,ATX Mid Tower,Black,None,None,40.4,3,0,
Lian Li PC-C60,HTPC,Silver,None,None,33.1,6,0,
Lian Li PC-X900,ATX Mid Tower,Black,None,Acrylic,53.3,7,0,
Zalman GS1200,ATX Full Tower,Black,None,None,93.7,6,0,
nMEDIAPC HTPC 1000B,HTPC,Silver / Black,None,None,24.4,4,0,
nMEDIAPC HTPC 1080P,HTPC,Black,None,None,17.7,3,0,
nMEDIAPC HTPC 2000B,HTPC,Black,None,None,29.9,6,0,
Sentey PS2-3268,ATX Mid Tower,Black / Silver,None,None,38.8,4,0,
Diablotek ELITE,ATX Mid Tower,Black,450 W,None,27.9,2,1,
Raidmax ATX-305WBP,ATX Mid Tower,Black,450 W,None,49.5,4,0,
Diablotek CPA-3570,ATX Mid Tower,Black,None,None,38.4,4,0,
Linkworld 43706-228FU+P04,MicroATX Mid Tower,Black,430 W,None,23.2,2,0,
Sigma ORCA-B,ATX Mid Tower,Black / Silver,None,None,38.9,4,0,
Sentey PS1-3213,ATX Mid Tower,Black,None,None,29.8,2,0,
Sigma Venom-WB,ATX Mid Tower,Black,None,Acrylic,42.2,5,0,
Sentey BX1-4237 v2.1,ATX Mid Tower,Black,None,None,40.2,4,0,
BitFenix Colossus,ATX Full Tower,Black,None,None,79,7,1,
Cooler Master Elite 335 Upgraded,ATX Mid Tower,Black,None,None,40.5,5,3,
In Win BM639.AD160TSL,Mini ITX Tower,Black / Silver,160 W,None,6.8,1,0,
Thermaltake Level 10 GT LCS,ATX Full Tower,Black,None,Acrylic,96.7,5,3,
Cooler Master Silencio 450,ATX Mid Tower,Black,None,None,43,5,0,
Lian Li PC-V353,HTPC,Black,None,None,32.7,2,0,
NZXT Tempest 410 Elite,ATX Mid Tower,Black,None,Acrylic,51.1,8,10,
HEC 6BRBBB,ATX Mid Tower,Black,None,None,38.3,4,0,
HEC 6K11BB,MicroATX Mini Tower,Black,None,None,26.4,1,0,
Silverstone Fortress Series FT02S,ATX Full Tower,Silver,None,None,64.8,5,0,
Azza Spartan CSAZ-102E,ATX Mid Tower,Black,None,Acrylic,52.1,4,1,
Azza Helios 910,ATX Mid Tower,Black,None,None,47,4,1,
Azza Hurrican 2000R,ATX Full Tower,Black,None,Acrylic,82,6,1,
Foxconn RM233+DSI250P,Mini ITX Tower,Black / Silver,250 W,None,9.1,1,0,
In Win PE663T2.D450TBL,ATX Mid Tower,Black,450 W,None,39.4,5,0,
In Win IW-V508T2X.L+,MicroATX Mini Tower,White,None,None,22.9,1,0,
Antec P280,ATX Mid Tower,White,None,None,68,6,1,
Sentey SS1-2421,MicroATX Slim,Black,250 W,None,13.3,1,0,
In Win Dragon Rider,ATX Full Tower,Black,None,None,76.6,6,1,
Sentey GS-6500,ATX Full Tower,Black,None,None,61,5,1,
Enermax Fulmo Basic,ATX Mid Tower,Black,None,None,57.5,6,0,
Rosewill REDBONE U3,ATX Mid Tower,Black / Red,None,None,37.4,6,14,
Sentey BX1-4237 V2.2,ATX Mid Tower,Black,None,None,40.2,4,0,
Rosewill REDBONE,ATX Mid Tower,Black / Red,None,None,37.4,6,9,
Rosewill RZLS142A-P YE,ATX Mid Tower,Black / Yellow,None,None,35.7,4,0,
Sigma ATLANTIS,ATX Mid Tower,Black,None,None,74.1,4,1,
Sigma ZEN-WAR,ATX Mid Tower,Blue / Silver,None,Acrylic,74.1,3,1,
Rosewill FBM-01,MicroATX Mini Tower,White,None,None,21.6,2,0,
Silverstone PS07B,MicroATX Mini Tower,White,None,None,31.4,5,0,
Azza Fusion 4000,ATX Full Tower,Black,None,None,122.9,8,0,
In Win MANA134,ATX Mid Tower,Black,None,None,39.9,6,0,
Antec One Hundred USM,ATX Mid Tower,Black,None,None,45.3,6,0,
Lian Li PC-100,ATX Mid Tower,Black,None,None,52.4,6,0,
Lian Li PC-K65,ATX Mid Tower,Black,None,None,50.1,6,1,
Raidmax Seiran,ATX Mid Tower,Black,None,None,45.3,6,2,
Lian Li PC-Q09FN,HTPC,Black,300 W,None,7.5,1,0,
Lian Li PC-V700,ATX Mid Tower,Black,None,Acrylic,41.7,6,0,
Lian Li PC-Q18,HTPC,Silver,None,None,20.9,6,0,
BitFenix Shinobi XL,ATX Full Tower,White,None,None,77.2,7,2,
BitFenix Prodigy,Mini ITX Tower,Red,None,None,36,5,8,
Fractal Design Define R4 Blackout,ATX Mid Tower,Black,None,Acrylic,56,8,23,
Cooler Master Elite 361,ATX Mid Tower,Black,None,None,25.1,4,1,
Zalman GS1000 SE,ATX Full Tower,Black,None,None,94.7,6,0,
Raidmax Sting Ray ATX-249B,ATX Mid Tower,Black,None,None,43.4,3,5,
Gigabyte GZ-M3BPD-700,MicroATX Mid Tower,Black,None,None,25.3,2,0,
Gigabyte GZ-ZIF138R,ATX Mid Tower,Black,None,None,33.3,4,0,
In Win K1 STANDARD,Mini ITX Desktop,Black,120 W,None,4.7,0,0,
Silverstone RV02B-EW-USB3.0,ATX Full Tower,Black,None,Acrylic,69.6,5,2,
MSI Ravager,ATX Mid Tower,Black,None,None,40.3,6,1,
Zalman GS1000-T,ATX Full Tower,Black / Silver,None,None,94.7,6,0,
Silverstone FT02B-USB3.0,ATX Mid Tower,Black,None,None,64.8,5,1,
Silverstone FT02B-USB3.0,ATX Mid Tower,Black,None,Acrylic,64.8,5,5,
Silverstone FT02B-USB3.0,ATX Mid Tower,White / Silver,None,None,64.8,5,0,
Silverstone LC13B-E-USB3.0,HTPC,Black,None,None,32.3,4,0,
Silverstone SG06B-USB3.0,Mini ITX Desktop,Black,300 W,None,11.1,1,1,
Sentey GS-6050 II Halcon,ATX Mid Tower,Black,None,Acrylic,42.5,4,1,
Sentey GS-6000 II Optimus,ATX Mid Tower,Black,None,Acrylic,42.5,4,0,
Sentey CS3-3340 TAC2.0,ATX Mid Tower,Black,None,None,36.9,5,0,
Athena Power CA-GSB01DA,ATX Mid Tower,Black,None,Acrylic,41.1,4,1,
Topower TP-1687BS-300,MicroATX Desktop,Black / Silver,300 W,None,15.4,1,0,
Topower TP-1687BB-300,MicroATX Desktop,Black / White,300 W,None,15.4,1,0,
Lian Li PC-Q03,Mini ITX Tower,Black,None,None,10.2,1,1,
Lian Li PC-V750,ATX Full Tower,Black,None,None,99.4,9,0,
Lian Li PC-X2000FNB,ATX Full Tower,Black,None,None,75.4,9,0,
Apevia X-Jupiter-Jr G-Type,ATX Mid Tower,Black,None,Acrylic,42.3,3,2,
Apevia X-Jupiter-Jr G-Type,ATX Mid Tower,Silver,None,Acrylic,42.3,3,0,
DIYPC DIY-6811,MicroATX Mid Tower,Black,None,None,23,2,0,
Cooler Master Elite 342,MicroATX Mini Tower,Black,None,None,27.9,5,1,
Silverstone TJ04B-EW,ATX Mid Tower,Black,None,Acrylic,51,9,0,
Lian Li PC-A75,ATX Full Tower,Black,None,None,75.5,12,0,
Silverstone SG09B,MicroATX Mini Tower,Black,None,None,22.8,2,3,
BitFenix Merc Alpha,ATX Mid Tower,Black,None,None,40.5,6,2,
Rosewill Line Glow,ATX Mid Tower,Black,None,None,35.5,8,5,
Rosewill ARMOR-EVO,ATX Mid Tower,Black,None,None,58.3,7,2,
Chieftec BL-01B-OP,ATX Mid Tower,Black,None,None,,3,0,
Parvum Systems S1.0,MicroATX Mid Tower,Black,None,Acrylic,,2,0,
Zalman Z5,ATX Mid Tower,Black,None,None,45.8,3,3,
NZXT Phantom 630,ATX Full Tower,Gunmetal,None,Acrylic,92,6,2,
NZXT Phantom 630,ATX Full Tower,Black,None,Acrylic,92,6,7,
Cooler Master Elite 330U,ATX Mid Tower,Black,350 W,None,40.7,5,0,
Antec GX700,ATX Mid Tower,Black,None,None,44.9,5,8,
Xion XON-560,MicroATX Mini Tower,Black,None,None,28.3,3,6,
Silverstone TJ10B-W,ATX Full Tower,Black,None,Acrylic,69.2,6,0,
CFI Pharaoh,ATX Full Tower,Black,None,Acrylic,89.6,8,0,
CFI Diablo LT,ATX Mid Tower,Black,None,Acrylic,48,4,0,
CFI CFI-A7007,ATX Full Tower,Black,None,Acrylic,69.1,6,0,
Lian Li PC-9N,ATX Mid Tower,Silver,None,None,46.5,3,0,
Ultra Etorque X10,ATX Full Tower,Black,None,None,107.3,8,0,
Ultra XBlaster V2,ATX Mid Tower,Black,None,None,36,6,2,
Ultra XBlaster V2,ATX Mid Tower,Black,450 W,None,36,6,0,
Thermaltake Level 10 GTS Snow Edition,ATX Mid Tower,White / Black,None,None,54.9,5,2,
Thermaltake Overseer RX-I Snow Edition,ATX Full Tower,White,None,Acrylic,68.1,5,2,
Nanoxia Deep Silence 1,ATX Mid Tower,Black,None,None,57,7,1,
Enermax Hoplite ST,ATX Mid Tower,Black,None,Acrylic,48,6,0,
Thermaltake Urban S41,ATX Mid Tower,Black,None,None,58.9,5,0,
Thermaltake Urban S31,ATX Mid Tower,Black,None,None,53.3,6,3,
Thermaltake Urban S31 Window,ATX Mid Tower,White,None,Acrylic,53.6,6,0,
Thermaltake Urban S21,ATX Mid Tower,Black,None,None,40.1,5,0,
Xigmatek CCC-AD38BV-U03,ATX Mid Tower,Black / Orange,None,None,43.6,8,0,
Enermax ECA3253,ATX Mid Tower,Black,None,Acrylic,43.8,5,0,
Enermax ECA3253,ATX Mid Tower,Black / Blue,None,Acrylic,43.8,5,4,
Enermax ECA3253,ATX Mid Tower,Pink,None,Acrylic,43.8,5,3,
Enermax ECA3280A,ATX Mid Tower,Black / Red,None,Acrylic,58.2,8,7,
Lian Li PC-Q27,Mini ITX Tower,Silver,None,None,14.3,3,0,
Lian Li PC-K7B USB3.0,ATX Mid Tower,Black,None,None,47,5,0,
Gigabyte GZ-ZA1,ATX Mid Tower,Black,None,None,30.9,5,0,
Cougar Archon,ATX Mid Tower,Black / Orange,None,Acrylic,,3,1,
Rosewill THRONE,ATX Full Tower,White,None,None,74.8,10,0,
Cooler Master RC-912-KKN4,ATX Mid Tower,Black,None,None,54.9,6,3,
In Win C653T.CQ350TB3L,ATX Mid Tower,Black,None,None,35,3,0,
In Win GT1,ATX Mid Tower,Black,None,Acrylic,48.8,6,11,
In Win Z653T.CQ350TB3L,MicroATX Mini Tower,Black,None,None,24.2,1,0,
Zalman MS800 Plus,ATX Mid Tower,Black,None,Acrylic,,1,3,
Zalman ZM-T1,MicroATX Mini Tower,Black,None,None,24.7,2,3,
Zalman ZM-T2,MicroATX Mini Tower,Black,None,None,24.7,2,1,
Apevia X-Dreamer4,ATX Mid Tower,Black,None,Acrylic,43.1,4,2,
Apex DM-532-U3,HTPC,Black,275 W,None,13.8,1,0,
Apex MI-110,Mini ITX Tower,Black / Silver,250 W,Acrylic,9.7,1,0,
DIYPC HTPC-KT28B,HTPC,Black,None,None,18.8,2,0,
DIYPC MiniQ1,MicroATX Mini Tower,White,None,None,24.7,2,0,
DIYPC MiniQ7,ATX Mini Tower,Black,None,None,24.8,2,0,
DIYPC Skyline,ATX Mid Tower,Black,None,None,28.3,6,0,
Thermaltake V2 Plus,ATX Mid Tower,Black,450 W,None,52.7,6,0,
Thermaltake Chaser A31 Snow White,ATX Mid Tower,White,None,Acrylic,52.7,6,8,
Raidmax ATX-502WBG,ATX Mid Tower,Black / Silver,None,None,59.5,3,0,
Rosewill FB-04,ATX Mid Tower,Black,None,None,26.5,4,0,
Sentey CS1-1398 PLUS,ATX Mid Tower,Black,None,None,30.3,5,3,
Sentey CS1-1399 PLUS,ATX Mid Tower,Black / Red,None,None,30.3,5,0,
Sentey CS1-1410 PLUS,ATX Mid Tower,Black,None,None,30.3,5,0,
Sentey GS-6020,ATX Mid Tower,Black,None,None,40.2,4,1,
Topower TP-1687BB-400,MicroATX Desktop,Black,400 W,None,15.4,1,0,
Xion XON-160P,ATX Mid Tower,Black / Silver,500 W,None,56.9,5,0,
HEC Vigilance,MicroATX Mini Tower,Black,400 W,None,27.5,2,0,
Thermaltake Versa G2,ATX Mid Tower,Black,None,Acrylic,40.1,5,0,
Apevia X-Cruiser3,ATX Mid Tower,Black / Red,None,Acrylic,44.7,4,1,
Rosewill Galaxy-01,ATX Mid Tower,Black,None,None,45.9,4,7,
Lian Li PC-A76WX,ATX Full Tower,Black,None,Acrylic,,12,0,
Apevia X-Sniper2,ATX Mid Tower,White / Blue,None,Acrylic,,4,0,
Cougar Pioneer-X,ATX Mid Tower,Black,None,None,,6,1,
NZXT H230,ATX Mid Tower,Black,None,None,43.7,6,10,
Cooler Master N300,ATX Mid Tower,Black,None,Acrylic,39.5,7,0,
In Win D-FRAME,ATX Desktop,Red,None,Acrylic,97.5,3,0,
In Win IW-Z589T.CQ350TB3U2L,ATX Mid Tower,Black,350 W,None,,1,0,
CHENBRO ES34069-BK-180,Mini ITX Tower,Black,180 W,None,9.4,0,0,
Aerocool Syclone2,ATX Mid Tower,Black / Blue,None,None,,6,0,
Aerocool Strike-X GT,ATX Mid Tower,Black,None,None,42.9,6,0,
BitFenix Phenom,Mini ITX Tower,Black,None,None,30.6,6,3,
BitFenix Phenom M,MicroATX Mini Tower,White,None,None,30.6,5,5,
BitFenix Shadow,ATX Mid Tower,Black,None,None,,7,1,
Gigabyte Luxo M30,ATX Mid Tower,Black / Blue,None,Acrylic,63.8,8,1,
Rosewill R536,ATX Mid Tower,Black,500 W,None,35.6,5,0,
Cooler Master N600 Windowed,ATX Mid Tower,Black,None,Acrylic,,7,6,
Corsair Graphite Series 230T,ATX Mid Tower,Black / Red,None,None,,4,11,
Cubitek Tattoo Beta 2,ATX Mid Tower,Black,None,None,,5,0,
Aerocool DS Cube,MicroATX Mini Tower,Black / Red,None,Acrylic,41.5,2,2,
Aerocool DS Cube,MicroATX Mini Tower,Black / Orange,None,None,41.5,2,0,
Nanoxia NXDS5B,ATX Full Tower,White / Black,None,None,,11,0,
NZXT Phantom,ATX Full Tower,Black / Orange,None,None,74.3,7,4,
Antec NSK4100,ATX Mid Tower,Black,None,None,35.6,6,0,
Antec Nineteen Hundred,ATX Full Tower,Black / Green,None,Acrylic,,12,0,
Antec P183 V3 + 850,ATX Mid Tower,Black,850 W,None,53.2,6,0,
Xigmatek Assassin II,ATX Mid Tower,Black / White,None,Acrylic,55.1,5,0,
Cooler Master Elite 241,ATX Mini Tower,Black,400 W,None,,2,0,
NZXT H440,ATX Mid Tower,Black / Blue,None,Acrylic,53.3,8,1,
Antec NSK3180,MicroATX Mid Tower,Black,380 W,None,26.6,2,0,
Azza XT-1,ATX Full Tower,Black / Red,None,Acrylic,59.8,6,1,
CFI Prime 211,ATX Mid Tower,Black / Red,None,None,32.4,2,0,
Rosewill Legacy U3-B,MicroATX Mini Tower,Black,None,Acrylic,20.1,2,1,
Rosewill Legacy U3-S,MicroATX Mini Tower,Silver,None,None,20.1,2,2,
Rosewill Legacy V4-B,MicroATX Mini Tower,Silver,None,None,18.3,3,2,
Silverstone SG08B-LITE,Mini ITX Desktop,Black,None,None,,1,5,
Raidmax ATX-402WB,ATX Mid Tower,Black,None,Acrylic,42.4,3,6,
Xigmatek Aquila,MicroATX Mini Tower,Black / White,None,Acrylic,,2,6,
Xigmatek Aquila,MicroATX Mini Tower,Black / White,None,Acrylic,,2,0,
Corsair Carbide Series SPEC-02,ATX Mid Tower,Black,None,Acrylic,,3,0,
Cooler Master 690 III,ATX Mid Tower,Black,None,None,58.5,7,6,
Cooler Master 690 III,ATX Mid Tower,White / Black,None,Acrylic,58.5,7,0,
Corsair Carbide Series SPEC-03,ATX Mid Tower,Black / Orange,None,Acrylic,36.1,3,5,
In Win BP655.FH200B,Mini ITX Desktop,Black,200 W,None,8.1,1,3,
Nanoxia Deep Silence 2 White,ATX Mid Tower,White,None,None,57,7,0,
Silverstone PS10B,ATX Mid Tower,Black,None,None,54.8,0,0,
Thermaltake Urban S1,MicroATX Mini Tower,Black,None,None,32.9,5,4,
Thermaltake Urban T81,ATX Full Tower,Black,None,Acrylic,82.8,8,0,
Fractal Design Core 3300,ATX Mid Tower,Black,None,None,54.3,3,2,
Cougar MX300,ATX Mid Tower,Black,None,Acrylic,42.9,3,1,
Parvum Systems S2.0,MicroATX Mini Tower,White / Black,None,Acrylic,,2,1,
BitFenix Outlaw,ATX Mid Tower,Black,None,None,37.3,4,3,
BitFenix Outlaw USB3.0,ATX Mid Tower,Black,None,None,37.6,4,0,
BitFenix Neos,ATX Mid Tower,Black / Red,None,None,37,3,1,
BitFenix Phenom M Nvidia Edition,MicroATX Mini Tower,Black / Green,None,None,30.6,5,3,
Cooler Master K550,ATX Mid Tower,Black,None,Acrylic,58.3,7,0,
HEC Voyager,ATX Mid Tower,Black,None,None,29.5,1,0,
Rosewill Legacy W1-B,Mini ITX Tower,Black,None,None,31.1,4,0,
Aerocool DS 200,ATX Mid Tower,Black / White,None,None,,5,2,
Deepcool PANGU SW,ATX Mid Tower,Black,None,Acrylic,40.8,6,0,
Zalman T1U3,MicroATX Mini Tower,Black,None,None,24.7,2,0,
In Win GR One,ATX Full Tower,Gray / Black,None,Acrylic,81,8,1,
BitFenix Pandora,MicroATX Mid Tower,Black,None,Acrylic,31.2,2,2,
BitFenix Pandora Core,MicroATX Mid Tower,Black,None,Acrylic,31.2,2,0,
Lian Li PC-A61,ATX Mid Tower,Silver,None,None,57.4,6,1,
Lian Li PC-A61,ATX Mid Tower,Black,None,None,57.4,6,0,
Lian Li PC-10N,ATX Mid Tower,Silver,None,None,,6,0,
Lian Li PC-Q01,Mini ITX Tower,Black,None,None,13.2,2,0,
Lian Li PC-V2130,ATX Full Tower,Black,None,None,94.4,8,0,
Lian Li PC-V358,MicroATX Mid Tower,Black,None,None,36.6,6,0,
Lian Li PC-Q36W,Mini ITX Tower,Black,None,None,25.4,2,0,
BitFenix Comrade,ATX Mid Tower,White,None,Acrylic,37,3,3,
DIYPC M88,MicroATX Mini Tower,Black,None,None,21.1,3,1,
In Win BL672.FH300TB3F,HTPC,Black / Silver,None,None,11.6,2,0,
In Win D-FRAME MINI,Mini ITX Tower,Black / Red,None,Tempered Glass,46.3,3,3,
In Win G7,ATX Mid Tower,Gray,None,None,43.6,4,0,
In Win S-FRAME,ATX Full Tower,Black,None,Tempered Glass,131.3,4,1,
Silverstone FT05,ATX Mid Tower,Silver,None,None,45.3,2,0,
Silverstone SG05BB-450-USB3,Mini ITX Desktop,White,300 W,None,10.7,1,1,
BitFenix Prodigy M,MicroATX Mini Tower,Black / Blue,None,Acrylic,35.9,4,0,
BitFenix Prodigy M,MicroATX Mini Tower,Black / Orange,None,None,35.9,4,2,
BitFenix Prodigy M,MicroATX Mini Tower,Black / Red,None,Acrylic,35.9,4,6,
Cooltek W1,Mini ITX Tower,Silver,None,Acrylic,,4,0,
Cooler Master K281,ATX Mid Tower,Black / Red,None,None,,7,0,
DIYPC Gamemax,ATX Full Tower,Black,None,Acrylic,61.7,4,2,
Raidmax Viper GX,ATX Mid Tower,Black / Red,None,Acrylic,65.3,7,2,
Cooler Master Elite 334U,ATX Mid Tower,Black / Silver,None,None,,5,0,
Enermax ECA5030A,ATX Full Tower,Black / Blue,None,None,,5,1,
Gigabyte GZ-X7B-U3NP,ATX Mid Tower,Black / Red,None,None,,6,0,
RAIJINTEK Metis,Mini ITX Tower,Red,None,Acrylic,13.4,1,1,
RAIJINTEK Metis,Mini ITX Tower,Silver,None,None,13.4,1,0,
Xion XON 310,MicroATX Mid Tower,Black,None,None,,1,9,
Phanteks Enthoo EVOLV ITX,Mini ITX Tower,Black / Red,None,Acrylic,,2,9,
Phanteks Enthoo EVOLV ITX,Mini ITX Tower,Black / White,None,Acrylic,,2,11,
Raidmax HYBODUS,MicroATX Mini Tower,Black / Red,None,None,,2,0,
Cooltek UMX1,Mini ITX Tower,Silver,None,None,,2,0,
Azza Nova 8000,ATX Full Tower,Black / Orange,None,Acrylic,,6,1,
Azza Nova 8000,ATX Full Tower,Gunmetal,None,Acrylic,,6,0,
Azza Nova 8000,ATX Full Tower,White,None,Acrylic,,6,2,
BitFenix Aegis,MicroATX Mid Tower,Red,None,Acrylic,46.2,4,0,
In Win 901,Mini ITX Tower,Black / Silver,None,Tempered Glass,,2,5,
In Win 901,Mini ITX Tower,Black / Gold,None,Tempered Glass,,2,0,
Azza Draco 207,ATX Mid Tower,Black / Red,None,Acrylic,,5,0,
Logisys CS6801BK,MicroATX Mini Tower,Black,350 W,None,12,1,4,
Antec P50,MicroATX Mini Tower,Black,None,Acrylic,,3,0,
Rosewill STAR PREDATOR,ATX Mid Tower,Black,None,None,,6,1,
Thermaltake Suppressor F51,ATX Mid Tower,Black,None,Tempered Glass,69.7,6,0,
Lian Li PC-O5S,HTPC,Black,None,Tempered Glass,,5,2,
Apevia X-QPack3,MicroATX Mini Tower,Black / Orange,None,Acrylic,,2,0,
Raidmax ATX-404WU,ATX Mid Tower,Black / Green,450 W,Acrylic,,3,0,
Sentey Ss1-2429,MicroATX Mid Tower,Black,None,None,,0,0,
Cooltek W2,ATX Mid Tower,Black,None,None,,3,0,
Aerocool QS-102,HTPC,Black,400 W,None,,0,0,
Lian Li PC-O8X,ATX Mid Tower,Black,None,Tempered Glass,,6,2,
Fractal Design Node 202,HTPC,Black,450 W,None,11,0,0,
Aerocool Aero-500 - C,ATX Mid Tower,Black,None,Acrylic,45.1,4,0,
Aerocool Aero-500 - B,ATX Mid Tower,Black,None,None,45.1,4,0,
In Win 805,ATX Mid Tower,Black / Gold,None,Tempered Glass,,2,0,
In Win 703,ATX Mid Tower,Black / Red,None,Acrylic,,4,1,
Logisys CS136BK,ATX Mid Tower,Black / Silver,480 W,None,23.7,3,0,
Zalman ZM-T1 PLUS,MicroATX Mini Tower,Black,None,None,,2,3,
Thermaltake Suppressor F31,ATX Mid Tower,Black,None,Acrylic,,3,0,
SHARKOON CA-I,Mini ITX Desktop,Black,None,None,,1,0,
SHARKOON CA-M,MicroATX Mini Tower,Silver,None,None,,2,0,
In Win 909,ATX Full Tower,Black,None,Tempered Glass,,4,2,
RAIJINTEK STYX,MicroATX Mini Tower,Black,None,Acrylic,,3,3,
CiT Spectre,ATX Mid Tower,Black,None,Acrylic,,4,0,
SHARKOON BD28,ATX Mid Tower,Black / Red,None,Acrylic,,3,0,
SHARKOON T28,ATX Mid Tower,Black / Green,None,Acrylic,,6,0,
VIVO CASE-V03B,ATX Mid Tower,Black / Blue,None,Acrylic,,4,1,
Apevia X-Pioneer,ATX Mid Tower,Black / Blue,None,Acrylic,,4,0,
RAIJINTEK R206-ITX,MicroATX Mini Tower,White,None,None,39.1,1,0,
BitFenix Pandora ATX,ATX Mid Tower,Black,None,Acrylic,,4,0,
Sentey BX1-4284 Plus,ATX Mid Tower,Black / Blue,None,Acrylic,,4,0,
Raidmax Ninja II,ATX Mid Tower,Black / Orange,None,Acrylic,,3,0,
Diablotek CPA-8818,ATX Mid Tower,Black,None,Acrylic,,5,0,
Rosewill GUNGNIR,ATX Mid Tower,Black / Red,None,Acrylic,,3,2,
Thermaltake Core X31,ATX Mid Tower,Black,None,Acrylic,,6,1,
SHARKOON BW9000,ATX Mid Tower,White,None,Acrylic,,5,0,
Silverstone CS01-HS,Mini ITX Tower,Silver,None,None,,0,0,
DIYPC DIY-N8,MicroATX Mini Tower,White,None,Acrylic,,2,1,
Lian Li PC-TU300,ATX Mid Tower,Black,None,None,,2,0,
Corsair Carbide Series SPEC-ALPHA,ATX Mid Tower,Black / Silver,None,Acrylic,,3,7,
Corsair Carbide Series SPEC-ALPHA,ATX Mid Tower,Black / Yellow,None,Acrylic,,3,1,
Antec GX900,ATX Mid Tower,Black / Green,None,None,,3,0,
DIYPC J180,ATX Mid Tower,White,None,Acrylic,,2,6,
DIYPC M89,MicroATX Mini Tower,Black / Red,None,None,20.9,2,1,
DIYPC P48,ATX Mid Tower,Black,None,None,,3,0,
DIYPC Ranger-R5,ATX Mid Tower,Black / Blue,None,Acrylic,,4,1,
DIYPC DIY-M6,MicroATX Mid Tower,White / Blue,None,Acrylic,,2,0,
Apevia X-EnerQ,MicroATX Mid Tower,Black / Red,None,Acrylic,,2,0,
Zalman R1,ATX Mid Tower,White / Gold,None,Acrylic,,4,1,
Nanoxia CoolForce 2,ATX Full Tower,Black,None,Acrylic,,4,0,
Silverstone RVZ01-E,HTPC,Black,None,None,,0,0,
Xigmatek Octans,Mini ITX Desktop,Black,None,None,,2,0,
In Win 303 MSI Dragon,ATX Mid Tower,White / Silver,None,Tempered Glass,,2,1,
VIVO CASE-V00,ATX Mini Tower,Black,None,None,,2,1,
VIVO CASE-V06,MicroATX Mid Tower,White / Black,None,Acrylic,,2,0,
Silverstone PM01,ATX Mid Tower,Black / Red,None,Acrylic,70.3,4,2,
Raidmax Narwhal,ATX Full Tower,Black,None,Acrylic,,6,1,
Silverstone PS13,ATX Mid Tower,Black,None,Acrylic,,3,1,
Logisys CS380BK,ATX Mid Tower,Black,480 W,Acrylic,,3,0,
Thermaltake Core P3,ATX Mid Tower,Black / Silver,None,Acrylic,80.1,2,5,
VIVO CASE-V07,ATX Mid Tower,Black,None,Acrylic,,2,0,
DIYPC Gamestorm,ATX Mid Tower,Black,None,Acrylic,,5,0,
DIYPC Gamestorm,ATX Mid Tower,White,None,Acrylic,,5,4,
RIOTORO CR280,Mini ITX Desktop,Black / Red,None,Acrylic,,1,0,
Jonsbo UMX4 Zone,ATX Mid Tower,Silver,None,None,38,2,0,
Aerocool VS-1,ATX Mid Tower,Black,None,None,30.7,2,0,
SHARKOON T3-W,ATX Mid Tower,Black / Blue,None,Acrylic,38.3,6,1,
MS-Tech X3 Crow,ATX Full Tower,Black / Red,None,Acrylic,59.5,4,0,
BitFenix Aurora,ATX Mid Tower,Black,None,Tempered Glass,54.8,4,2,
BitFenix Aurora,ATX Mid Tower,White,None,Tempered Glass,54.8,4,0,
DIYPC DIY-G3,ATX Mid Tower,Black / Red,None,Acrylic,43.8,2,0,
NOX Hummer ZS,ATX Mid Tower,Black,None,Acrylic,43.6,2,0,
NOX Coolbay TX,ATX Mid Tower,Black / Blue,None,Acrylic,57.3,8,0,
NOX Coolbay ZX,ATX Mid Tower,Black / Blue,None,Acrylic,48.7,3,0,
Deepcool LANDKING V2,ATX Mid Tower,Gray,None,Acrylic,57.5,5,0,
SHARKOON DG7000,ATX Mid Tower,Black / Green,None,Acrylic,46.4,3,0,
Raidmax Viper GX II,ATX Mid Tower,Black / Blue,None,Acrylic,65.6,3,0,
Lian Li PC-O9,ATX Mid Tower,Black,None,Tempered Glass,79.3,6,0,
Silverstone RL05,ATX Mid Tower,White / Red,None,Acrylic,43.9,2,0,
Lian Li PC-O10,ATX Mid Tower,Black,None,Tempered Glass,44.9,4,0,
DAN Cases A4 SFX,Mini ITX Desktop,Silver,None,None,,0,1,
BitFenix Shogun,ATX Mid Tower,Black,None,Acrylic,74.2,6,0,
Silverstone RL06,ATX Mid Tower,Black / Red,None,Acrylic,43.4,3,1,
Azza Photios 250X,ATX Mid Tower,Black,None,Tempered Glass,,3,0,
Azza Onyx 260,ATX Mid Tower,Black,None,Acrylic,,3,0,
Phanteks Enthoo EVOLV TG,MicroATX Mini Tower,Gray,None,Tinted Tempered Glass,41.7,2,4,
Rosewill GUNGNIR X,ATX Mid Tower,Black / Red,None,Acrylic,,2,0,
Apevia X-Mirage,ATX Mid Tower,Black / Blue,None,Acrylic,41.8,2,0,
mean:it 4PM,ATX Desktop,Black / Red,None,Tempered Glass,48,3,1,
Aerocool Aero-300 FAW,ATX Mid Tower,Black,None,Acrylic,36.3,2,1,
"BitFenix BitFenix Neos Window Side Panel Computer Case, Black/Red, BFC-NEO-100-KKWSR-RP, ATX/Micro ATX/Mini-ITX Form Factor, Compatible with ATX PSU",ATX Mid Tower,Black / Red,None,Acrylic,37,3,0,
SHARKOON M25-V,ATX Mid Tower,Black,None,None,43.9,3,1,
Azza Storm 6000B,ATX Full Tower,Black,None,Tempered Glass,63.6,4,0,
Azza Storm 6000W,ATX Full Tower,White,None,Tempered Glass,63.6,4,0,
In Win 101 PRGB1,ATX Mid Tower,Black / Red,None,Tempered Glass,48.3,2,0,
DIYPC Skyline-06-RGB,ATX Full Tower,Black,None,Acrylic,,3,1,
Phanteks Enthoo EVOLV ITX TG,Mini ITX Desktop,White,None,Tinted Tempered Glass,34.1,2,2,
Phanteks Enthoo EVOLV SHIFT,Mini ITX Tower,Gray / Black,None,Mesh,24,1,0,
Apevia X-Harmony,ATX Mid Tower,Black / Red,None,Acrylic,39.3,2,0,
Xigmatek Prosper,ATX Mid Tower,Black,None,Tempered Glass,45.3,2,0,
Xigmatek Shockwave,ATX Mid Tower,Black,None,None,,4,0,
Cougar MX330-X-STE500,ATX Mid Tower,Black,500 W,None,39.4,2,0,
NZXT H200i,Mini ITX Tower,Black / Blue,None,Tempered Glass,27.3,1,2,
DIYPC TG8,ATX Mid Tower,Green / Black,None,Tempered Glass,,2,2,
Lian Li ALPHA 550W,ATX Mid Tower,White / Black,None,Tempered Glass,56.5,4,3,
Cooler Master MB600L ODD,ATX Mid Tower,Black / Silver,None,Acrylic,,2,2,
VIVO CASE-V10G,ATX Mid Tower,Black / Blue,None,Acrylic,34.8,2,0,
Fractal Design Define R6,ATX Mid Tower,Silver,None,None,56.7,6,2,
Fractal Design Define R6,ATX Mid Tower,White / Black,None,None,56.7,6,0,
In Win 305,ATX Mid Tower,Black,None,Tempered Glass,,2,0,
Antec P110 Luce,ATX Mid Tower,Black,None,Tempered Glass,,6,0,
CRYORIG TAKU,Mini ITX Desktop,Silver,None,None,,1,1,
EVGA DG-76,ATX Mid Tower,Black,None,Tempered Glass,48.6,2,3,
EVGA DG-76,ATX Mid Tower,,None,Tempered Glass,48.6,2,0,
LDLC MX-1,ATX Mid Tower,Black,None,None,,3,0,
Deepcool Gamer Storm Quadstellar Electro Limited Edition,ATX Desktop,Silver / Orange,None,None,,8,0,
Nanoxia Rexgear 1,MicroATX Desktop,Black,None,Acrylic,,3,0,
Nanoxia Rexgear 1,MicroATX Desktop,Black / Orange,None,Acrylic,,3,1,
Cooler Master MasterCase MC500Mt,ATX Mid Tower,Black / Red,None,Acrylic,75.6,4,1,
Antec P6,MicroATX Mid Tower,Black,None,Tempered Glass,38.1,2,3,
Nanoxia Deep Silence 4,MicroATX Mini Tower,Black / Gray,None,None,,6,2,
Cooler Master MasterBox MB500 ARGB,ATX Mid Tower,Black,None,Tempered Glass,49.5,2,0,
Chieftec FI-01B-U3,Mini ITX Desktop,Black / Silver,250 W,None,,1,0,
Azza Thor 320,ATX Mid Tower,Black,None,Tempered Glass,51.3,2,0,
Azza Thor 320DH,ATX Mid Tower,Black,None,Tempered Glass,51.3,2,0,
RIOTORO CR1088,ATX Mid Tower,Black / Red,None,Acrylic,32.6,2,0,
Cougar Turret,ATX Mid Tower,Black / Red,None,Tempered Glass,,2,6,
RAIJINTEK ASTERION CLASSIC,ATX Full Tower,Black,None,Tempered Glass,56,3,0,
Silverstone FTZ01-E,Mini ITX Desktop,Silver,None,None,,0,1,
Lian Li PC-O11AIR RGB,ATX Full Tower,Black,None,Tempered Glass,60.2,3,0,
Rosewill CULLINAN PX,ATX Mid Tower,Black / Blue,None,Tempered Glass,,2,0,
Thermaltake Versa J24,ATX Mid Tower,Black,None,Tempered Glass,,3,1,
Thermaltake Versa J24 ARGB,ATX Mid Tower,Black,None,Tempered Glass,,3,1,
Thermaltake Versa J22,ATX Mid Tower,Black,None,Tempered Glass,,2,1,
Thermaltake Versa J22 RGB,ATX Mid Tower,Black,None,Tempered Glass,,2,2,
Fractal Design Define S2,ATX Mid Tower,Silver,None,Tinted Tempered Glass,58.8,3,3,
MagniumGear NEO MINI,Mini ITX Tower,Black,None,Acrylic,,1,0,
MagniumGear NEO MICRO,MicroATX Mid Tower,Black,None,Tempered Glass,,2,2,
Aerocool CruiseStar Advance,ATX Mid Tower,Black,None,None,,3,0,
In Win 915,ATX Full Tower,Silver,None,Tempered Glass,,4,0,
Cooler Master MasterCase SL600M Black Edition,ATX Mid Tower,Black,None,Tempered Glass,,4,2,
Deepcool D-Shield V2,ATX Mid Tower,Black,None,Acrylic,44,2,0,
Zalman X7,ATX Full Tower,Black,None,Acrylic,,6,0,
Antec Dark Fleet DF500,ATX Mid Tower,Black,None,Tempered Glass,,2,0,
Cougar GEMINI X,ATX Full Tower,Black,None,Tempered Glass,,4,0,
Azza Chroma 410,ATX Mid Tower,Black,None,Tempered Glass,,2,1,
Cougar Puritas,ATX Mid Tower,Black,None,Tempered Glass,,2,0,
Tecware Nexus M,MicroATX Mid Tower,White,None,Tempered Glass,,2,0,
Thermaltake Commander C32 TG ARGB,ATX Mid Tower,Black,None,Tempered Glass,,3,0,
Antec Dark Phantom DP501,ATX Mid Tower,White,None,Tempered Glass,64,2,0,
Rosewill FBM-X2,MicroATX Mini Tower,Black,None,None,25.3,1,9,
NZXT H700,ATX Mid Tower,Black / Blue,None,Tempered Glass,58.6,2,1,
Phanteks Eclipse P400S,ATX Mid Tower,Gray,None,None,45.9,2,3,
Phanteks Eclipse P400S,ATX Mid Tower,White,None,None,45.9,2,1,
Phanteks Eclipse P400S,ATX Mid Tower,Gray,None,Tinted Tempered Glass,45.9,2,6,
NZXT H400,MicroATX Mini Tower,Black / Red,None,Tempered Glass,36.9,1,2,
Silverstone CS280B,Mini ITX Tower,Black / Silver,None,None,,0,0,
Cooler Master MasterBox MB510L,ATX Mid Tower,Black / Blue,None,Acrylic,,2,0,
In Win 101C,ATX Mid Tower,Blue,None,Tempered Glass,,2,1,
RAIJINTEK OPHION M EVO TGS,MicroATX Mid Tower,Black,None,Tempered Glass,,3,0,
Cougar Gemini T,ATX Mid Tower,Black,None,Tempered Glass,64,2,2,
Rosewill PRISM S LITE,ATX Mid Tower,Black,None,Tempered Glass,46.9,3,2,
Rosewill PRISM S LITE,ATX Mid Tower,White / Black,None,Tempered Glass,46.9,3,0,
HEC HX310,ATX Mid Tower,Black,None,Acrylic,35.4,2,1,
BitFenix Nova Mesh TG,ATX Mid Tower,White,None,Tempered Glass,41.4,2,1,
GameMax California,ATX Mid Tower,Black,None,Acrylic,52.5,3,0,
darkFlash DLM 22,MicroATX Mid Tower,Green,None,Tempered Glass,,2,2,
GameMax Cobalt,ATX Mid Tower,Black,None,Tempered Glass,52.3,2,1,
GameMax Demolition,ATX Mid Tower,Black,None,Tempered Glass,36.2,2,0,
GameMax Mini Kallis,MicroATX Mini Tower,Black,None,Acrylic,29.9,2,0,
GameMax Phantom,ATX Mid Tower,Black,None,Tempered Glass,39.7,1,0,
GameMax Saber,ATX Mid Tower,Black,None,Tempered Glass,41.8,2,0,
GameMax Shadow,ATX Mid Tower,Black,None,Tempered Glass,38.8,1,0,
GameMax Solar,ATX Mid Tower,White,None,Tempered Glass,40.1,1,0,
GameMax Whisper,MicroATX Mini Tower,Black,None,Acrylic,36.7,2,0,
Aerocool Quartz REVO,ATX Mid Tower,Black,None,Tempered Glass,38.3,2,1,
MagniumGear Neo Micro V2,MicroATX Mid Tower,Silver / Black,None,Tempered Glass,,2,1,
Rosewill Cullinan V-Silent,ATX Mid Tower,Black,None,None,51.8,2,0,
Thermaltake S500,ATX Mid Tower,Black,None,Tempered Glass,67.8,2,0,
Montech Flyer Black,MicroATX Mid Tower,Black,None,Tempered Glass,,2,3,
Rosewill Tyrfing V2,ATX Mid Tower,Black,None,Acrylic,44.6,3,1,
Rosewill Zircon T,ATX Mid Tower,Black,None,Acrylic,44.6,3,0,
EG EGX211,ATX Mid Tower,Black,None,Tempered Glass,,2,0,
Thermaltake Core P3 TG Curved,ATX Mid Tower,Black,None,Tempered Glass,80.1,2,0,
Tecware Vega L,ATX Mid Tower,Black,None,Tempered Glass,,1,1,
In Win 216,ATX Mid Tower,Black,None,Tempered Glass,47.1,2,0,
Cooler Master MasterBox E500 ,ATX Mid Tower,Black,None,Tempered Glass,,2,0,
Silverstone PS14-E,ATX Mid Tower,Black,None,None,43.1,2,0,
AvP Arion RGB,ATX Mid Tower,Black,None,Tempered Glass,34.6,2,1,
Deepcool MATREXX 55 V3 ADD-RGB WH,ATX Mid Tower,White / Black,None,Tempered Glass,,2,1,
Zalman X3,ATX Mid Tower,Black,None,Tinted Tempered Glass,,2,0,
RAIJINTEK PONOS TG,ATX Mid Tower,Black,None,Tempered Glass,45,3,0,
Antec Striker Phantom Gaming Edition,Mini ITX Desktop,White / Black,None,Tempered Glass,,0,0,
Enermax MarbleShell MS30,ATX Mid Tower,Black,None,Tempered Glass,,2,0,
GameMax Shine G517,ATX Mid Tower,Black,None,Tempered Glass,,2,0,
darkFlash V22,ATX Mid Tower,Green,None,Tempered Glass,41.7,1,0,
BitFenix Nova Mesh SE,ATX Mid Tower,Black / Red,None,Tempered Glass,36.1,2,0,
Enermax MarbleShell M MS20 ARGB,MicroATX Mini Tower,Black,None,Tempered Glass,,2,3,
darkFlash DLX22,ATX Mid Tower,White,None,Tempered Glass,,2,0,
darkFlash DLS 480,ATX Mid Tower,White,None,Tempered Glass,53.7,2,0,
SilentiumPC Armis AR5,ATX Mid Tower,Black,None,Tempered Glass,45.8,2,0,
SilentiumPC Armis AR6X EVO ARGB,ATX Mid Tower,Black,None,Tempered Glass,46,2,1,
SilentiumPC Armis AR7X RGB,ATX Mid Tower,Black,None,Tempered Glass,63.9,3,0,
SilentiumPC Astrum AT6V EVO,ATX Mid Tower,Black,None,Tempered Glass,46,2,0,
Thermaltake Versa T25,ATX Mid Tower,Black,None,Tempered Glass,41.9,2,0,
SilentiumPC Signum SG1M TG,ATX Mid Tower,Black,None,Tempered Glass,,2,0,
SilentiumPC Signum SG1Q EVO TG ARGB,ATX Mid Tower,Black,None,Tempered Glass,,2,0,
DIYPC AVVU-BK-ARGB,ATX Mid Tower,Black,None,Tempered Glass,,3,0,
Thermaltake V150,MicroATX Mid Tower,Black,None,Tempered Glass,,2,2,
DIYPC Vanguard-V8-RGB,ATX Mid Tower,Black,None,Tempered Glass,,3,0,
Azza Cast 808,ATX Mid Tower,Black,None,None,,1,0,
Raidmax EVOL H07,ATX Mid Tower,Black,None,Tempered Glass,,2,0,
RAIJINTEK Silenos,ATX Mid Tower,Black,None,Tempered Glass,39.8,2,0,
RAIJINTEK Silenos Pro,ATX Mid Tower,Black,None,Tempered Glass,39.8,2,0,
Tempest Aura ARGB,ATX Mid Tower,Black,None,Acrylic,,2,0,
Tempest Spook RGB,ATX Mid Tower,Black,None,Acrylic,,2,1,
Tempest Vision RGB,ATX Mid Tower,Black,None,Tempered Glass,,0,0,
Tempest Ghost,ATX Mid Tower,Black,None,Tempered Glass,,3,0,
Corsair iCUE 5000X RGB Planetary,ATX Mid Tower,Black / Orange,None,Tempered Glass,66.2,2,0,
BitFenix Enso Mesh 4ARGB,ATX Mid Tower,Black,None,Tempered Glass,,2,0,
Aerocool Trinity Mini V2,MicroATX Mini Tower,White,None,Tempered Glass,28.1,2,0,
DIYPC DIY D2 RGB,ATX Mid Tower,White / Black,None,Tempered Glass,38.4,2,0,
DIYPC Rainbow-Flash-F4,ATX Mid Tower,White,None,Tempered Glass,33.2,2,0,
BitFenix Prodigy M 2022 ARGB,MicroATX Mini Tower,White / Black,None,Tempered Glass,,2,0,
GAMDIAS ARGUS E1,ATX Mid Tower,Black,None,Tempered Glass,,2,0,
GAMDIAS ARGUS E2,ATX Mid Tower,Black,None,Tempered Glass,,2,0,
GAMDIAS ARGUS M3,ATX Mid Tower,Black,None,Tempered Glass,,2,0,
GAMDIAS ATHENA M1 ELITE,ATX Mid Tower,Black,None,Tempered Glass,,2,0,
GAMDIAS TALOS M1 ELITE,ATX Mid Tower,Black,None,Tempered Glass,,2,0,
GAMDIAS ATHENA M2 ELITE,ATX Mid Tower,Black,None,Tempered Glass,,2,1,
GAMDIAS TALOS M1B,ATX Mid Tower,Black,None,Tempered Glass,,2,0,
Montech AIR 1000 SILENT,ATX Mid Tower,Black,None,None,,2,0,
SilentiumPC Ventum VT4V EVO TG ARGB,ATX Mid Tower,White,None,Tempered Glass,,2,0,
SilentiumPC Ventum VT4V TG,ATX Mid Tower,Black,None,Tempered Glass,,2,0,
Thermaltake Core P5 TG Ti,ATX Mid Tower,Black,None,Tempered Glass,115.4,6,1,
MOROVOL TW7-S2-PK,MicroATX Mid Tower,Pink / Black,None,Tempered Glass,27.1,2,0,
DIYPC IDX6,ATX Mid Tower,Black,None,Tempered Glass,52.9,2,0,
GameMax Contac Turbo COC,ATX Mid Tower,Black / Gray,None,Tempered Glass,43,2,1,
Azza Blaze 231,ATX Mid Tower,Black,None,Tempered Glass,40.4,3,0,
Azza Raven 420,ATX Mid Tower,Black,None,Tempered Glass,41.8,6,0,
Aerocool Falcon V1,ATX Mid Tower,Black,None,Tempered Glass,33.6,1,0,
Ocelot OGEC01,ATX Mid Tower,Black,None,Tempered Glass,31.7,2,0,
Cougar MG120-G RGB,ATX Mid Tower,Black,None,Tempered Glass,34.9,2,0,
Cougar DarkBlader X7,ATX Mid Tower,Black,None,Tempered Glass,50,2,1,
Cougar MX660-T RGB,ATX Mid Tower,Black,None,Tempered Glass,50,2,0,214.63
Cougar MX660 Mesh RGB,ATX Mid Tower,Black,None,Tempered Glass,50,2,0,
Cougar MX670 RGB,ATX Mid Tower,,None,Tempered Glass,50.3,2,0,
DIYPC ARGB-Q3,MicroATX Mini Tower,Green,None,Tempered Glass,38.6,2,0,
CiT Blaze ARGB,ATX Mid Tower,Black,None,Tempered Glass,31.4,2,0,
CiT S015B,MicroATX Desktop,Black,300 W,None,11.9,2,0,
KOLINK Rocket Heavy,Mini ITX Desktop,Black,None,Tempered Glass,16.7,1,0,
Jonsbo U4 Plus,ATX Mid Tower,Black,None,Tempered Glass,31.7,1,0,
MagniumGear NEO AIR ,ATX Mid Tower,Black,None,Tempered Glass,41.4,2,0,
MagniumGear NEO AIR ,ATX Mid Tower,White / Black,None,Tempered Glass,41.4,2,2,
Noua Demon T7,ATX Mid Tower,White / Black,None,Tempered Glass,33.7,2,0,
Noua Demon T8,ATX Mid Tower,Black,None,Tempered Glass,36.1,2,0,
Noua Icaris M5,ATX Mid Tower,Black,None,Tempered Glass,55.1,2,0,
Noua Iron V1,ATX Mid Tower,Black,None,Tempered Glass,63,3,0,
Noua Iron V8,ATX Mid Tower,Black,None,Tempered Glass,47.8,2,0,
Noua Iron V9,ATX Mid Tower,White,None,Tempered Glass,47.8,3,0,
Noua Mesh M9,ATX Mid Tower,Black,None,Mesh,38.6,2,0,
Noua Meta S16,ATX Mid Tower,Black,None,Tempered Glass,36.9,2,0,
Noua Noob X13,ATX Mid Tower,White,None,Tempered Glass,34,2,0,
Noua Noob X5,ATX Mid Tower,Black,None,Tempered Glass,35.8,2,0,
Noua Orizon M3,ATX Mid Tower,Black,None,Tempered Glass,40.1,2,0,
Noua Smash S1,ATX Mid Tower,Black,None,Tempered Glass,32.5,2,0,
Noua Utopia F12,ATX Mid Tower,Black,None,Tempered Glass,40.4,3,0,
GameMax Commando TG,MicroATX Mid Tower,,None,Tempered Glass,31.9,2,1,
Cooler Master CMP 320L,MicroATX Mid Tower,Black,None,Tempered Glass,38.6,2,0,
LC-Power Gaming 900W - Lumaxx Light,ATX Mid Tower,White,None,Tempered Glass,57,2,0,
Azza Opus 809 ,ATX Mid Tower,Silver / Black,None,Tinted Tempered Glass,,1,0,
Chieftec STALLION II,ATX Mid Tower,Black,None,Tempered Glass,62.5,2,0,
Chieftec Chieftronic M2,MicroATX Mid Tower,,None,Tempered Glass,37.5,2,0,
Antec AX51 Elite,ATX Mid Tower,Black,None,Tempered Glass,40.2,2,0,
Antec AX51,ATX Mid Tower,Black,None,Tempered Glass,40.2,2,0,
Cooler Master MasterBox 520 Mesh Blackout Edition,ATX Mid Tower,Black,None,Tempered Glass,50.4,2,0,
Vetroo AL700,ATX Mid Tower,Black,None,Tempered Glass,48.1,1,0,
DIYPC ARGB-Q01,MicroATX Mini Tower,Black,None,Tempered Glass,40,2,1,
FSP Group CMT380 ARGB,ATX Mid Tower,Black,None,Tempered Glass,45.5,2,0,
FSP Group CUT593,ATX Full Tower,White,None,Tempered Glass,62.6,3,0,
Silverstone FARA V1M PRO,MicroATX Mid Tower,Black,None,Tempered Glass,36,2,0,
MagniumGear NEO Silent ,ATX Mid Tower,Black,None,Tempered Glass,41.4,2,0,
KOLINK INSPIRE K3 ARGB,MicroATX Mini Tower,Black,None,Tempered Glass,28.2,2,0,
KOLINK Inspire X2,ATX Mid Tower,Black,None,Tempered Glass,30.1,2,0,
KOLINK Outline,ATX Mid Tower,Black,None,Tempered Glass,38.3,2,0,
KOLINK Phalanx V2,ATX Mid Tower,Black,None,Tempered Glass,47.7,2,0,
Antec Draco 10,MicroATX Mini Tower,Black,None,Tempered Glass,40,2,0,
BGears b-Masstige,MicroATX Mini Tower,Black,None,Tempered Glass,28.2,2,1,
BGears b-Voguish Plus,ATX Mid Tower,Black,None,Tempered Glass,40.8,2,0,
DIYPC DIY-A5,MicroATX Mini Tower,Black,None,Tempered Glass,28.4,2,0,
DIYPC Gamemax-III-ARGB,ATX Mid Tower,Black,None,Tempered Glass,36.3,2,0,
DIYPC IDX2-ARGB,ATX Mid Tower,Orange / Black,None,Tempered Glass,46.9,4,0,
DIYPC IDX7-ARGB,ATX Mid Tower,Black,None,Tempered Glass,49.8,4,0,
DIYPC S2-RGB,ATX Mid Tower,White / Black,None,Tempered Glass,44.9,2,0,
DIYPC S2-RGB,ATX Mid Tower,Black,None,Tempered Glass,44.9,2,3,
DIYPC S3-LED,ATX Mid Tower,White,None,Acrylic,36.8,2,0,
GameMax Brufen C3,ATX Mid Tower,Black / Blue,None,Tempered Glass,42.2,2,0,
YEYIAN Blade 2100,ATX Mid Tower,Black,None,Tempered Glass,36.6,2,0,
BitFenix Saber Mesh,ATX Mid Tower,Black,None,Tempered Glass,42.3,2,0,
Enermax ENERPAZO EP237 RGB,ATX Mid Tower,White,None,Tempered Glass,40,2,0,
CherryTree Borg Cube,ATX Desktop,Black,None,None,55.3,0,0,
CherryTree Borg Cube w/Lights,ATX Desktop,Black,None,Tempered Glass,55.3,0,0,
DARKROCK A8-M,ATX Mid Tower,Black,None,Tempered Glass,,2,1,
DARKROCK A8-X,ATX Mid Tower,Black,None,Tempered Glass,42.5,2,0,
Aerocool Zauron V2,ATX Mid Tower,Black,None,Tempered Glass,39.6,2,0,
Aerocool GT,ATX Mid Tower,Black,None,Mesh,34.4,3,0,
Aerocool GT Advance,ATX Mid Tower,White,None,Mesh,34.4,3,0,
GameMax F45,ATX Mid Tower,White / Yellow,None,Tempered Glass,40.6,2,0,
DIYPC ARGB-Q1.V2,MicroATX Mini Tower,Black,None,Tempered Glass,,1,2,
DIYPC ARGB-Q1.V2,MicroATX Mini Tower,White,None,Tempered Glass,,1,0,
SHARKOON Skiller SGC1 Window,ATX Mid Tower,Black,None,Acrylic,47.5,2,0,
SilentiumPC Aquarius X70W,ATX Mid Tower,Black,None,Acrylic,59.1,2,0,
FSP Group CMT120A,ATX Mid Tower,Black,None,Acrylic,34.5,2,0,
1STPLAYER T3-G,MicroATX Mid Tower,Black,None,Tempered Glass,32.4,2,0,
BitFenix TRITON,ATX Mid Tower,Black,None,Tempered Glass,45.1,2,0,
Jonsbo U4 Pro,ATX Mid Tower,White,None,Tempered Glass,34.5,1,0,
Aerocool Tern Mini V2,MicroATX Mini Tower,Black,None,Tempered Glass,43.8,2,0,
Aerocool Dryft V1,ATX Mid Tower,Black,None,Tempered Glass,51,1,0,
BitFenix Graph,ATX Mid Tower,Black,None,Tempered Glass,42.3,2,2,
BitFenix Graph,ATX Mid Tower,White,None,Tempered Glass,42.3,2,0,
ALPHAGEAR Mirage mark 1 V2 ARGB,ATX Mid Tower,Black,None,Tempered Glass,47.2,3,0,
ALPHAGEAR Dominator ARGB,ATX Mid Tower,Black,None,Tempered Glass,58.2,2,0,
Thermaltake Divider 200 TG Snow,MicroATX Mini Tower,Black,None,Tempered Glass,51.6,3,0,
MagniumGear NEO,ATX Mid Tower,Black,None,Tempered Glass,37.8,2,0,
Antec DARK CUBE,MicroATX Mini Tower,Black,None,Tempered Glass,,1,0,
Geometric Future Model 8,ATX Mid Tower,Black,None,Tinted Tempered Glass,57.5,3,1,
Cooler Master HAF 932,ATX Full Tower,Black,None,Acrylic,76.7,5,4,
RAIJINTEK OPHION M EVO ALS,MicroATX Mid Tower,Black,None,None,,3,0,
Chieftec UK-02W-OP,ATX Mid Tower,White,None,None,29.6,2,0,
Antec NSK3480,MicroATX Mid Tower,Black / Silver,380 W,None,24.3,1,0,
In Win D-FRAME MINI,Mini ITX Tower,Red,None,Tempered Glass,46.3,3,1,
Silverstone SG12B,MicroATX Mini Tower,Black,None,None,,3,0,
Antec NX1000,ATX Mid Tower,Black,None,Tempered Glass,57.6,2,0,
Thermaltake Divider 200 TG,MicroATX Mini Tower,Black,None,Tempered Glass,51.6,3,0,
LC-Power Gaming 806W Crosswind_X,ATX Mid Tower,White,None,Tempered Glass,45.8,1,0,
Antec P82 Silent,ATX Mid Tower,Black,None,None,46.9,2,0,
SHARKOON Rebel C80G RGB,ATX Mid Tower,Black,None,Tempered Glass,55.7,3,0,
Rosewill Blackbone,ATX Mid Tower,Black,None,None,35.1,5,3,
Antec Dark Fleet DF-10,ATX Mid Tower,Black,None,Acrylic,47.7,6,0,
Antec Dark Fleet DF-35,ATX Mid Tower,Black,None,Acrylic,46.6,2,0,
Antec NSK4482,ATX Mid Tower,Black / Silver,380 W,None,34.9,3,0,
Antec NSK4482B,ATX Mid Tower,Black,380 W,None,34.9,3,1,
Antec P183,ATX Mid Tower,Gray / Black,None,None,53.8,6,0,
Antec Six Hundred,ATX Mid Tower,Black,None,Acrylic,50.6,6,0,
Antec P193,ATX Mid Tower,Black,None,None,62.2,6,0,
Antec VSK-2000,ATX Mid Tower,Black,None,None,42.1,6,0,
Antec Two Hundred V2,ATX Mid Tower,Black,None,None,42.1,0,0,
Cooler Master Elite 330,ATX Mid Tower,Black / Silver,350 W,None,38.2,5,0,
Cooler Master Elite 341,MicroATX Mid Tower,Black,None,None,26.8,2,1,
Cooler Master Sileo 500,ATX Mid Tower,Black,500 W,None,41.3,4,0,
Cooler Master CM690 II Advanced,ATX Mid Tower,Black,None,None,56.3,6,4,
Cooler Master CM690 II Advanced,ATX Mid Tower,Black / White,None,None,56.3,6,0,
Gigabyte GZ-AABC61-CNB,ATX Mid Tower,Black,None,None,47.4,4,0,
Gigabyte GZ-X7BMDX-400,ATX Mid Tower,Black,None,None,36.4,6,0,
Gigabyte Luxo X142,ATX Mid Tower,Black,None,None,38.5,4,0,
Gigabyte GZ-KXA,ATX Mid Tower,Black,None,None,32.8,5,0,
Gigabyte GZ-PH2A3,ATX Mid Tower,Black,None,None,26.5,5,0,
Thermaltake LANBOX Lite,MicroATX Mini Tower,Black,None,None,29.6,2,0,
Thermaltake SopranoRS 101,ATX Mid Tower,Black,None,Acrylic,43.7,5,0,
Thermaltake ArmorPlus,ATX Full Tower,Black,None,Acrylic,90.8,7,0,
Thermaltake Armor+ MX,ATX Mid Tower,Black,None,Acrylic,62.8,4,0,
Thermaltake Spedo Advance Package,ATX Full Tower,Black / Silver,None,Acrylic,75.4,6,0,
Thermaltake Element V,ATX Full Tower,Black,None,Acrylic,62.4,6,1,
Thermaltake Element V NVIDIA Edition,ATX Full Tower,Black,None,Acrylic,62.4,6,0,
Thermaltake V6 BlacX Edition,ATX Mid Tower,Black,None,Acrylic,49.8,3,0,
Thermaltake V9 BlacX Edition,ATX Mid Tower,Black,None,Acrylic,50.6,5,0,
Thermaltake Dokker,ATX Mid Tower,Black,None,Acrylic,45.5,5,3,
Rosewill ARMOR,ATX Mid Tower,Black,None,None,41.1,5,0,
Rosewill Cruiser,ATX Mid Tower,Black,None,Acrylic,47.7,4,0,
Rosewill DESTROYER,ATX Mid Tower,Black,None,None,37.4,3,0,
Rosewill FB-02,ATX Mid Tower,Black,None,None,30.2,7,0,
Rosewill R102-P,MicroATX Mid Tower,Black,None,None,25.3,4,0,
Rosewill R103A,ATX Mid Tower,Black,350 W,None,35.8,4,4,
Rosewill R218-P,ATX Mid Tower,Black,None,None,34.9,4,1,
Rosewill R218-P,ATX Mid Tower,Black,450 W,None,34.9,4,0,
Rosewill R363-M,MicroATX Mid Tower,Black,400 W,None,25.8,2,1,
Rosewill TU-155 II 500,ATX Mid Tower,Black,500 W,Acrylic,42.4,3,0,
Rosewill Wind Knight,ATX Mid Tower,Black,None,None,46.6,5,0,
HEC 63RABB,ATX Mid Tower,Black,None,None,35.2,4,0,
HEC Blitz,ATX Mid Tower,Black,None,None,38.4,3,0,
HEC 6C11BBX585,ATX Mid Tower,Black,585 W,None,38.4,3,0,
HEC 6C28BB8S,ATX Mid Tower,Black,None,None,34.8,5,0,
HEC 6C28BBOH48D,ATX Mid Tower,Black,485 W,None,38.4,5,0,
Lian Li PC-K62R1,ATX Mid Tower,Black,None,Acrylic,50.7,4,0,
Antec Two Hundred S,ATX Mid Tower,Black,None,None,42.1,6,0,
Lian Li K60B,ATX Mid Tower,Black,None,None,52.9,4,1,
Thermaltake WingMA,MicroATX Mid Tower,Black / Silver,None,None,28,4,0,
Lian Li PC-Q07R,Mini ITX Tower,Red,None,None,11.2,1,0,
Lian Li PC-Q08,Mini ITX Tower,Silver,None,None,21.2,6,0,
Lian Li PC-Q11,Mini ITX Tower,Red,None,None,16.8,2,0,
Lian Li PC-7B PLUS II,ATX Mid Tower,Black,None,None,46.2,3,3,
Lian Li PC-7FN,ATX Mid Tower,Black,None,None,47.9,4,0,
Lian Li PC-8NWX,ATX Mid Tower,Black,None,Acrylic,48,3,0,
Lian Li PC-K56,ATX Mid Tower,Black,None,None,47.1,4,0,
Lian Li PC-K56W,ATX Mid Tower,Black,None,Acrylic,47.1,4,0,
Lian Li PC-A04,MicroATX Mini Tower,Silver,None,None,,7,0,
Lian Li PC-A04,MicroATX Mini Tower,Black,None,None,,7,1,
Lian Li PC-A06FB,ATX Mid Tower,Black,None,None,34,3,0,
Lian Li PC-A70F,ATX Full Tower,Black,None,None,75.5,10,0,
Lian Li PC-X500FX,ATX Mid Tower,Black,None,Acrylic,58.9,6,0,
Lian Li PC-X1000,ATX Mid Tower,Black,None,None,67.2,6,0,
Lian Li PC-B10,ATX Mid Tower,Black,None,None,47.5,4,0,
Lian Li PC-P80,ATX Full Tower,Black,None,None,88.7,6,0,
Lian Li PC-A71F,ATX Full Tower,Black,None,None,79.3,10,0,
Lian Li PC-B25F,ATX Mid Tower,Black,None,None,50.5,6,0,
Lian Li PC-B25FWB,ATX Mid Tower,Black,None,Acrylic,50.8,6,0,
Lian Li PC-P50WB,ATX Mid Tower,Black,None,Acrylic,50.6,3,0,
Lian Li PC-C39,HTPC,Black,None,None,16.6,2,0,
Lian Li PC-C37B,HTPC,Black,None,None,15.3,2,0,
Lian Li PC-C32B,HTPC,Black,None,None,37.4,4,0,
Lian Li PC-C33B,HTPC,Black,None,None,32.5,4,0,
Lian Li PC-C34F,HTPC,Black,None,None,30.7,4,0,
Lian Li PC-V1200Bplus II,ATX Mid Tower,Black,None,None,64.2,6,0,
Lian Li PC-V351,MicroATX Desktop,Silver,None,None,27.1,2,0,
Lian Li PC-V352,MicroATX Desktop,Silver,None,None,30.4,3,0,
Aerocool AeroRacer Pro-Red,ATX Mid Tower,Black / Red,None,None,34.8,4,0,
Aerocool Vx-e,ATX Mid Tower,Black,None,None,47.7,0,0,
Aerocool M40,MicroATX Mini Tower,Black,None,None,25.9,2,0,
Apevia X-Dreamer2,ATX Mid Tower,Black,420 W,Acrylic,40,5,0,
Apevia X-Gear,ATX Mid Tower,Silver,420 W,Acrylic,40.1,4,0,
Apevia X-Plorer,ATX Mid Tower,Black / Blue,None,Acrylic,40.3,4,0,
Apevia X-Alien,ATX Full Tower,Black,500 W,None,50.9,5,0,
Apevia MX-Pleasure,ATX Full Tower,Black,500 W,Acrylic,52.7,7,0,
Apevia X-Cruiser,ATX Mid Tower,Blue,None,Acrylic,41.2,5,0,
Apevia X-Cruiser2,ATX Mid Tower,Black / Silver,None,Acrylic,40.1,5,1,
Apevia X-Discovery,ATX Mid Tower,Black,None,Acrylic,41.2,4,1,
Apevia X-Jupiter G-Type,ATX Full Tower,Gray,None,None,66.3,6,1,
Apevia X-Plorer2,ATX Mid Tower,Black,450 W,None,39.2,5,0,
Apevia X-QPack,MicroATX Desktop,Black / Silver,420 W,Acrylic,22.7,2,0,
Apevia X-QPack,MicroATX Desktop,Black,420 W,None,22.7,2,1,
Apevia X-QPack2,MicroATX Desktop,Black / Blue,500 W,Acrylic,24.2,2,1,
Apevia X-Sniper G-Type,ATX Mid Tower,Black,None,Acrylic,44.4,3,0,
Apevia X-Telstar-Jr G-Type,ATX Mid Tower,Silver,None,Acrylic,42.3,3,0,
Apevia X-Telstar-Jr G-Type,ATX Mid Tower,Black,None,Acrylic,42.3,3,1,
Apevia X-Telstar-Jr S-Type,ATX Mid Tower,Silver,None,None,42.3,3,0,
NZXT M59 - 001BK,ATX Mid Tower,Black,None,Acrylic,43.1,7,5,
NZXT Guardian 921 RB,ATX Mid Tower,Black,None,Acrylic,,4,4,
NZXT Whisper,ATX Full Tower,Black,None,None,61.8,9,0,
HEC 6K28BB8F,MicroATX Mini Tower,Black,None,None,29.1,2,2,
Apex PC-373-C,ATX Mid Tower,Black,None,None,33.2,5,0,
HEC 6C28BS,ATX Mid Tower,Black / Silver,None,None,38.4,4,0,
HEC 7106BB,ATX Desktop,Black,None,None,28.7,2,0,
HEC 7K09BBA30FNRX,HTPC,Black,300 W,None,12.8,1,0,
HEC 7KJ9BBA30FNRX,HTPC,Black,300 W,None,12.8,1,0,
HEC 7KJ9,HTPC,Black,270 W,None,12.8,1,0,
HEC 6C28BB8SOH58,ATX Mid Tower,Black,585 W,None,,5,0,
HEC 6C28BBX585,ATX Mid Tower,Black,585 W,None,,5,1,
HEC 6C28BSX585,ATX Mid Tower,Black / Silver,585 W,None,38.4,4,0,
HEC 6C60BS,ATX Mid Tower,Black / Silver,None,None,38.4,4,0,
HEC 6K11BBOH48D,MicroATX Mini Tower,Black,485 W,None,29.1,1,0,
HEC 6K11BBX585,MicroATX Mini Tower,Black,585 W,None,29.1,1,0,
HEC 6K28BBOH48D,MicroATX Mini Tower,Black,485 W,None,29.1,2,0,
HEC 6K28BS,MicroATX Mini Tower,Black / Silver,None,None,29.1,2,0,
HEC 6K28BSOH48D,MicroATX Mini Tower,Black / Silver,485 W,None,29.1,2,0,
HEC 6K28BSX585,MicroATX Mini Tower,Black / Silver,585 W,None,29.1,2,0,
HEC 6K60BS,MicroATX Mini Tower,Black / Silver,None,None,29.1,1,0,
HEC 6K60BSX585,MicroATX Mini Tower,Black / Silver,585 W,None,29.1,1,0,
HEC 6T10BB,MicroATX Mini Tower,Black,None,None,24,1,0,
HEC 6T10BBHP485D,MicroATX Mini Tower,Black,485 W,None,24,1,0,
HEC 6T10BBHP585D,MicroATX Mini Tower,Black,585 W,None,24,1,0,
HEC 6T18BBHP485D,MicroATX Mini Tower,Black,485 W,None,21.6,1,0,
HEC 6XR8,ATX Mid Tower,Black,None,None,41.4,4,0,
HEC ITX200B,HTPC,Black / Silver,200 W,None,5.8,1,0,
Broadway Com Corp 1243MA,ATX Mini Tower,Black,500 W,None,20.8,2,0,
Broadway Com Corp 943PK,MicroATX Mid Tower,Black,500 W,None,25.5,4,0,
Broadway Com Corp FX,ATX Mid Tower,Black / Red,None,Acrylic,34.8,5,0,
Broadway Com Corp R-800,ATX Full Tower,Black,None,None,60.2,5,0,
Broadway Com Corp R-810,ATX Full Tower,Black,None,None,60.2,5,0,
Broadway Com Corp Runner,ATX Mid Tower,Black,None,Acrylic,38.1,6,0,
NZXT Apollo,ATX Mid Tower,Black,None,Acrylic,61.8,4,2,
NZXT Apollo,ATX Mid Tower,Silver / Black,None,Acrylic,61.8,4,1,
NZXT Beta Evo,ATX Mid Tower,Black,None,None,48.9,5,0,
NZXT Lexa Blackline,ATX Mid Tower,Black,None,Acrylic,65.4,5,0,
NZXT Hush,ATX Mid Tower,Silver,None,None,41.4,5,0,
NZXT Tempest EVO,ATX Mid Tower,White / Black,None,Acrylic,61.8,8,0,
Apex PC-302-C,ATX Mid Tower,Black / Silver,None,None,33.2,4,0,
Apex TX-518,MicroATX Mid Tower,Black,300 W,None,30,4,0,
Apex TX-373,MicroATX Mid Tower,Black,300 W,None,26.7,4,0,
Apex TX-519-35,MicroATX Mid Tower,Black,350 W,None,26.7,4,0,
Raidmax ATX-802BP,ATX Mid Tower,Black,450 W,None,42.1,4,0,
Athena Power CA-601B60,ATX Full Tower,Black,600 W,None,50.6,4,0,
Athena Power CA-1015CR25,MicroATX Slim,Black / Red,250 W,None,18.1,1,0,
Athena Power CA-1015CR30,MicroATX Slim,Black / Red,300 W,None,18.1,1,0,
Athena Power CA-1015CR40,MicroATX Slim,Black / Red,400 W,None,18.1,1,0,
Athena Power CA-1015CR47,MicroATX Slim,Black / Red,470 W,None,18.1,1,0,
Athena Power CA-1015IS25,MicroATX Slim,Black / Silver,250 W,None,18.1,1,0,
Athena Power CA-1015IS30,MicroATX Slim,Black / Silver,300 W,None,18.1,1,0,
Athena Power CA-1015IS40,MicroATX Slim,Black / Silver,400 W,None,18.1,1,0,
Athena Power CA-1015IS47,MicroATX Slim,Black / Silver,470 W,None,18.1,1,0,
Athena Power CA-601B80,ATX Full Tower,Black,800 W,None,50.6,4,0,
Athena Power CA-601B95,ATX Full Tower,Black,950 W,None,50.6,4,0,
Athena Power CA-601Y60,ATX Full Tower,Yellow,600 W,None,50.6,4,0,
Athena Power CA-601Y80,ATX Full Tower,Yellow,800 W,None,50.6,4,0,
Athena Power CA-601Y95,ATX Full Tower,Yellow,950 W,None,50.6,4,0,
Athena Power CA-601YW80,ATX Full Tower,Yellow,800 W,Acrylic,50.6,4,0,
Athenatech A100BB.350,MicroATX Desktop,Black / Silver,350 W,None,18.4,2,0,
Athenatech A1089BB.150,Mini ITX Tower,Black,150 W,None,9.9,1,0,
Athenatech A1089BR.150,Mini ITX Tower,Black / Red,150 W,None,9.9,1,0,
Athenatech A1089BW.150,Mini ITX Tower,Black / White,150 W,None,9.9,1,0,
Athenatech A1089HG.150,Mini ITX Tower,Black,150 W,None,9.9,1,0,
Athenatech A301BS.400,MicroATX Mini Tower,Black / Silver,400 W,None,27.8,1,0,
Athenatech A301BS.450,MicroATX Mini Tower,Black / Silver,450 W,None,27.8,1,0,
Athenatech A3603BB.400,MicroATX Mini Tower,Black,400 W,None,26.9,4,0,
Athenatech A4224BB.400,ATX Mid Tower,Black,400 W,None,35,4,0,
Athenatech A43K5BL.400,ATX Mid Tower,Black / Blue,400 W,None,33.9,4,0,
Athenatech A601BS.450,ATX Mid Tower,Black,430 W,None,26.2,3,0,
Athenatech A602BS450,ATX Mid Tower,Black / Silver,450 W,None,26.2,3,0,
Athenatech A605BL.450,ATX Mid Tower,Black / Blue,430 W,None,26.2,3,0,
Athenatech A605BR.450,ATX Mid Tower,Black / Red,430 W,None,35.2,3,0,
Dynapower CS-HM41602.1266,ATX Mid Tower,Black / Red,450 W,None,42.7,4,0,
Dynapower CS-NH3A-C760,ATX Mid Tower,White,430 W,None,,4,0,
Dynapower Prestige,ATX Mid Tower,Black / White,430 W,None,40.5,5,0,
Enermax ECA2020,MicroATX Mid Tower,Black,350 W,None,29.3,4,0,
Enermax ECA3170,ATX Mid Tower,Black,None,None,33.9,6,1,
Enermax ECA3180,ATX Mid Tower,Black,None,None,42.2,5,0,
Enermax ECA3192,ATX Mid Tower,Black,None,None,41.5,5,0,
Enermax ECA3220,ATX Mid Tower,Black,None,None,49.9,4,0,
Foxconn KS136-ISO450,MicroATX Mini Tower,Black,350 W,None,24,4,0,
Foxconn KS188-ISO450,MicroATX Mini Tower,Black / Silver,350 W,None,24,4,0,
Foxconn RS-233,Mini ITX Tower,Black / Silver,150 W,None,8.4,1,0,
Foxconn RS-233+FSP150-50GLT-4SS,Mini ITX Tower,Black / Silver,150 W,None,8.4,1,0,
Foxconn TLM-436,MicroATX Mini Tower,Black / Silver,300 W,None,25.7,4,0,
Foxconn TLM-566,MicroATX Mid Tower,Black / Silver,300 W,None,25.7,4,0,
Foxconn TLM-720+ISO-400,MicroATX Mini Tower,Black,None,None,25.7,4,0,
Foxconn TLM-776,MicroATX Mini Tower,Black / Silver,300 W,None,25.7,4,0,
Foxconn TLM-C01+ISO-400,MicroATX Mini Tower,Black / Silver,None,None,25.7,4,0,
Foxconn TLM-C03+ISO-400,MicroATX Mini Tower,Black / Silver,None,None,25.7,4,0,
Foxconn TS-001,ATX Mid Tower,Black / Silver,300 W,None,36.4,2,0,
Foxconn TS-689 ,ATX Mid Tower,Black / Silver,350 W,None,36.4,2,0,
Foxconn TSAA725-ISO450,ATX Mid Tower,Black / Silver,350 W,None,29.7,4,0,
Foxconn TW-001,MicroATX Mini Tower,Black / Silver,300 W,None,25.1,1,0,
Foxconn TW-689 ,MicroATX Mini Tower,Black / Silver,350 W,None,25.1,2,0,
Gigabyte Sumo 4112,ATX Full Tower,Black,None,None,53.1,5,0,
Gigabyte GZ-AA2CB-SNS,ATX Mid Tower,Black,None,None,44.1,3,0,
Gigabyte Setto 1000,ATX Mid Tower,Black,None,None,36.1,6,0,
Gigabyte Sumo 5115,ATX Full Tower,Black,None,None,60.5,5,0,
Gigabyte Sumo 4192,ATX Full Tower,Black,None,None,54.2,5,0,
Gigabyte GZ-P5HA3W,ATX Mid Tower,Black,None,None,26.5,5,0,
Gigabyte GZ-X2BPD-500,ATX Mid Tower,Black,None,None,36,3,0,
Gigabyte GZ-X5BPD-500,ATX Mid Tower,Black,None,None,36.1,3,0,
Gigabyte GZ-X6BPD-500,ATX Mid Tower,Black,None,None,36.1,3,0,
Gigabyte GZ-PH1A3,ATX Mid Tower,Black / Gray,None,None,26.5,5,0,
In Win B2,ATX Mid Tower,Black,None,None,53.8,5,0,
In Win BL641.300TBL,MicroATX Slim,Black,300 W,None,11.6,2,0,
In Win BQ656.AD80TBL,Mini ITX Tower,Black,80 W,None,3.3,0,0,
In Win C583T.CQ350TBL,ATX Mid Tower,Black / Silver,350 W,None,35,3,0,
In Win C638T.CQ350TBL,ATX Mid Tower,Black,350 W,None,35,3,0,
In Win EM006.T350SL+,MicroATX Mini Tower,Black / Silver,350 W,None,48,2,0,
In Win EM013.T350SL,MicroATX Mini Tower,Black / White,None,None,25.3,2,0,
In Win EM023.T350SL,MicroATX Mini Tower,Black,None,None,25.3,2,0,
In Win EM033.T350BL,ATX Mini Tower,Black,None,None,25.3,2,0,
In Win Griffin,ATX Mid Tower,Black,None,None,37.1,5,0,
In Win IW-BP655.200BL,Mini ITX Tower,Black,200 W,None,8.1,0,0,
In Win IW-BQ656,Mini ITX Tower,Black,80 W,None,3.3,0,0,
In Win IW-C589T.CQ350TBL,ATX Mid Tower,Black,350 W,None,35,3,0,
In Win IW-F430.RL,ATX Mid Tower,Red / White,None,None,43.8,3,0,
In Win IW-V605T2.CQ350TBL,MicroATX Mini Tower,Black,350 W,None,22.9,1,0,
In Win IW-Z583T.CQ350TBL,MicroATX Mini Tower,Black / Gray,350 W,None,24.2,1,0,
In Win IW-Z589T.CQ350TBL,MicroATX Mini Tower,Black,350 W,None,24.2,1,0,
In Win IW-Z638T.CQ350TBL,MicroATX Mini Tower,Black,350 W,None,24.2,1,0,
In Win Ironclad,ATX Full Tower,Black / White,None,None,70.5,6,0,
In Win Matrix,MicroATX Mini Tower,White,300 W,None,17.8,1,0,
In Win S605T2.CQ350TBL,ATX Mid Tower,Black,350 W,None,35.8,2,0,
In Win Track,ATX Mid Tower,Black / Silver,None,None,45.7,3,0,
In Win V564T2.CQ350TBL,MicroATX Mini Tower,Black / Silver,350 W,None,22.9,1,0,
In Win V605T2.CQ350TBL,MicroATX Mini Tower,Black,350 W,None,22.9,1,0,
In Win V627T2.CQ350TBL,MicroATX Mini Tower,Black,350 W,None,22.9,1,0,
In Win Z583T.CQ350TBL,MicroATX Mini Tower,Black / Silver,350 W,None,24.2,1,0,
In Win Z638T.CQ350TBL,MicroATX Mini Tower,Black,350 W,None,24.2,1,0,
Raidmax Tornado,ATX Mid Tower,Black,None,None,42.1,5,0,
Raidmax Hurricane,ATX Mid Tower,Black,None,Acrylic,36.2,5,0,
Raidmax Atlas ATX-298WB,ATX Mid Tower,Black,None,Acrylic,42.9,4,0,
Raidmax Enzo ATX-617WR,ATX Mid Tower,Black / Red,None,Acrylic,47.7,4,0,
Raidmax Quantum ATX-798WB,ATX Mid Tower,Black,None,Acrylic,58.6,6,0,
Raidmax Fusion ATX-806WB,ATX Mid Tower,Gray / Black,None,Acrylic,41,5,0,
Raidmax Helios ATX-819WB,ATX Mid Tower,Black,None,Acrylic,51,4,3,
Raidmax Aura ATX-927WB,ATX Mid Tower,Black,None,Acrylic,40,3,0,
Raidmax Sagitta ATX-928WB,ATX Mid Tower,Black,None,Acrylic,44.6,3,0,
Raidmax Skyline ATX-948WB,ATX Mid Tower,Black,None,Acrylic,47.1,4,0,
Raidmax Eclipse ATX-989WBBL,ATX Mid Tower,Black,None,Acrylic,42.1,3,0,
Rosewill RC-CIX-01,Mini ITX Tower,Black,150 W,None,8.6,1,0,
Silverstone FT02B,ATX Mid Tower,Black,None,None,64.8,5,1,
Silverstone FT03,MicroATX Mini Tower,Silver / Black,None,None,32.2,3,1,
Silverstone GD01B-MXR,HTPC,Black,None,None,31.3,6,0,
Silverstone KL02-B,ATX Mid Tower,Black,None,None,41.7,4,0,
Silverstone KL03-B,ATX Full Tower,Black,None,None,68.2,4,0,
Silverstone PS05-B,ATX Mid Tower,Black,None,None,43,4,0,
Silverstone RV01-BW,ATX Full Tower,Black,None,Acrylic,113.1,6,0,
Silverstone RV02B-EW,ATX Full Tower,Black,None,Acrylic,68.3,5,1,
Silverstone SG06-B,Mini ITX Desktop,Black,300 W,None,11.1,1,0,
Silverstone SG07-B,Mini ITX Desktop,Black / Gray,600 W,None,14.6,1,0,
Silverstone TJ08-B,MicroATX Mid Tower,Black,None,None,28,2,0,
Sunbeam AC9B-T,ATX Mid Tower,Clear,None,None,49.5,4,0,
Sunbeam ACMI-P-HUVB,Mini ITX Tower,Clear,150 W,Acrylic,10.3,1,0,
Sunbeam ACMI-P-T,Mini ITX Tower,Clear,150 W,Acrylic,,1,0,
Sunbeam ACUF-T,ATX Mid Tower,Clear,None,None,33.8,2,0,
Sunbeam IC-AUT,ATX Mid Tower,Black,None,None,,3,0,
Sunbeam IC-FS,ATX Mid Tower,Black,None,Acrylic,38.6,3,0,
Sunbeam IC-TR-US-BA-WOPSU,ATX Full Tower,Black / Silver,None,Acrylic,47.8,6,0,
Sunbeam IC-VM,ATX Mid Tower,Black,None,None,31,5,0,
XClio A380BK,ATX Full Tower,Black,None,Acrylic,60.2,7,0,
XClio A380COLOR,ATX Full Tower,Black,None,Acrylic,60.2,6,0,
XClio A380COLOR-PLUS,ATX Full Tower,Black,None,Acrylic,65.4,6,0,
XClio A380PLUS,ATX Full Tower,Black,None,Acrylic,65.4,7,0,
XClio Color I,ATX Mid Tower,Black,None,None,41.6,5,0,
XClio Godspeed 737,ATX Mid Tower,Black,None,None,39.8,5,0,
XClio Godspeed 747,ATX Mid Tower,Black,None,None,39.8,5,0,
XClio Godspeed One Advanced,ATX Mid Tower,Black,None,Acrylic,44.3,5,0,
XClio Godspeed Two Advanced,ATX Mid Tower,Black,None,Acrylic,44.3,5,0,
XClio Nighthawk,ATX Mid Tower,Black,None,Acrylic,37.6,4,0,
XClio Nighthawk Color,ATX Mid Tower,Black,None,Acrylic,39.8,4,0,
XClio WTBK,ATX Full Tower,Black,None,None,69.8,6,1,
XClio WTBK ADVANCED,ATX Full Tower,Black,None,None,75.7,6,0,
XClio XCLIO 2000,ATX Full Tower,Black,None,None,93.3,12,0,
Xion AXP-ARM001-BL,ATX Mid Tower,Black,None,Acrylic,38.3,5,0,
Xion AXP100-001BK,ATX Mid Tower,Black,None,Acrylic,37.2,5,0,
Xion AXP120-001BK,ATX Mid Tower,Black,None,Acrylic,40.3,5,0,
Xion AXP300-001BK,ATX Mid Tower,Black,None,None,43.7,5,0,
Xion AXP600-001BK,ATX Mid Tower,Black,None,None,40,4,0,
Xion XON-CBX01,ATX Mid Tower,Black,None,Acrylic,38.3,5,0,
Xion XON-EC001,ATX Mid Tower,Black,None,None,43.7,5,0,
Zalman LQ1000,ATX Mid Tower,Black,None,None,47.4,4,0,
Athenatech A100SC.350,HTPC,Gray / Silver,350 W,None,18.5,2,0,
Athenatech A3701BB,HTPC,Black,None,None,23.2,1,0,
Athenatech A3708BS.450,HTPC,Black,450 W,None,,3,0,
Foxconn DH-153C,HTPC,Black,300 W,None,13,1,0,
Silverstone LC20-B,HTPC,Black,None,None,31.3,6,0,
Silverstone ML02B-MXR,HTPC,Black / Silver,120 W,None,12.4,1,0,
XClio XCLIO 777Color,ATX Full Tower,Black,None,None,93.2,8,0,
Zalman HD160XT-S,HTPC,Silver / Gray,None,None,32.2,5,0,
In Win BQ669.AD80TBL,Mini ITX Tower,Black,80 W,None,3.3,0,0,
Lian Li PC-K63,ATX Mid Tower,Black,None,Acrylic,60.1,6,0,
Lian Li PC-K59,ATX Mid Tower,Black,None,None,60.1,6,0,
In Win Fanqua,ATX Mid Tower,Black,None,None,49.1,3,0,
In Win BK644,MicroATX Mini Tower,Black,300 W,None,12.3,1,0,
HEC 6C11BB,ATX Mid Tower,Black,None,None,34.8,3,0,
Broadway Com Corp 937PK,MicroATX Mid Tower,Black / Gray,420 W,None,25.5,4,0,
Broadway Com Corp 101PA,ATX Mid Tower,Black,500 W,None,32.8,6,0,
NZXT Zero 2,ATX Full Tower,Black,None,None,59.7,6,0,
Apex Vortex 3610,ATX Mid Tower,Black,None,None,36.7,5,0,
Apevia ATX998KL,ATX Mid Tower,Gray,420 W,None,39.6,4,0,
Apex SK-393-C,ATX Mid Tower,Black,None,None,31,5,2,
Cooler Master Elite 371,ATX Mid Tower,Black / Silver,400 W,None,38.7,5,0,
Cooler Master HAF 922,ATX Mid Tower,Black,None,Acrylic,71.5,5,0,
Enermax Spinerex,ATX Full Tower,Black,None,None,68.5,8,0,
Foxconn RM233+FSP150-50GLT,Mini ITX Tower,Black / Silver,150 W,None,9.4,1,0,
Gigabyte GZ-X8BPDX-400,ATX Mid Tower,Black / Silver,None,None,36.1,6,0,
Gigabyte Triton 180,ATX Mid Tower,Black,None,None,41.9,3,0,
Gigabyte GZ-KX9,ATX Mid Tower,Black / Silver,None,None,32.8,5,0,
HEC 63R3BB,ATX Mid Tower,Black,None,None,35.2,4,0,
In Win BUC,ATX Mid Tower,Black,None,None,51.4,5,0,
In Win C583T.D400TBL,ATX Mid Tower,Black / Silver,400 W,None,35,3,0,
In Win EA035.CQ350SL,ATX Mid Tower,Black / Silver,350 W,None,34.9,2,0,
In Win EM035.CQ350SL,MicroATX Mini Tower,Black,350 W,None,25.3,1,0,
In Win IW-Z589T.D400TBL,MicroATX Mini Tower,Black,400 W,None,,1,0,
In Win Z583T.D400TBL,MicroATX Mini Tower,Black / Silver,400 W,None,24.2,1,0,
Lian Li PC-K57W,ATX Mid Tower,Black,None,Acrylic,49.9,3,1,
Raidmax Atlas,ATX Mid Tower,Black,500 W,Acrylic,44.7,4,2,
Raidmax Atlas,ATX Mid Tower,Blue / Black,None,Acrylic,44.7,4,0,
Raidmax ATX-298WBP,ATX Mid Tower,Black,500 W,Acrylic,42.9,4,1,
Raidmax Typhoon,ATX Mid Tower,Black,None,Acrylic,36.2,5,0,
Raidmax Aztec,ATX Mid Tower,Black / Orange,None,Acrylic,47.5,4,0,
Rosewill GEAR X3,ATX Mid Tower,Black,None,None,44.6,6,1,
Silverstone RV03B-W,ATX Full Tower,Black / Silver,None,Acrylic,69.4,4,3,
Sunbeam IC-QB-SVBK,ATX Mid Tower,Black / Silver,None,Acrylic,38.6,3,0,
Xigmatek Utgard,ATX Mid Tower,Black,None,None,51.7,4,0,
Apevia X-Trooper,ATX Mid Tower,Black,None,Acrylic,44.8,6,0,
Apevia X-Trooper,ATX Mid Tower,Black,None,Acrylic,44.8,6,3,
Apevia X-Trooper-Jr,ATX Mid Tower,Black,None,Acrylic,29.8,3,0,
NZXT Beta,ATX Mid Tower,Black,None,None,42.8,5,0,
Broadway Com Corp A3728,ATX Mid Tower,Black,None,None,34.7,4,0,
Broadway Com Corp A5938,ATX Mid Tower,Black,None,None,40.4,5,0,
HEC 6T10LOH400,MicroATX Mini Tower,Black,400 W,None,24,2,0,
HEC 98R9BB,ATX Full Tower,Black,None,None,78.6,5,1,
In Win EM020.T350SL,MicroATX Mini Tower,Black / Silver,None,None,25.3,2,0,
In Win BL672,MicroATX Desktop,Black / Silver,None,None,11.6,2,0,
Lian Li PC-A70F USB3.0,ATX Mid Tower,Black,None,None,76.3,10,0,
Lian Li PC-A71F USB3.0,ATX Mid Tower,Black,None,None,79.5,10,0,
Lian Li PC-P80NB,ATX Full Tower,Black,None,None,84.4,10,0,
Lian Li PC-U6B,MicroATX Mid Tower,Black,None,None,44.6,3,0,
Lian Li PC-V600F,MicroATX Mini Tower,Silver,None,None,34.5,5,0,
Lian Li PC-X2000F,ATX Full Tower,Black,None,None,73.5,7,0,
Lian Li PC-Z60B,ATX Mid Tower,Black,None,None,47.5,6,0,
Lian Li PC-Z70B,ATX Full Tower,Black,None,None,77.7,9,0,
Logisys CS1200BK,ATX Mid Tower,Black,None,None,47.9,5,0,
Logisys CS2006BK,ATX Mid Tower,Black,480 W,None,38.5,5,0,
Logisys CS206BK,ATX Mid Tower,Black,480 W,None,28.8,5,6,
Logisys CS301BK,ATX Mid Tower,Black,480 W,None,34.5,5,3,
Logisys CS305BK,ATX Mid Tower,Black,480 W,None,31.8,5,0,
Logisys CS308BK,ATX Mid Tower,Black / Silver,480 W,Acrylic,31.8,5,0,
Logisys CS308RD,ATX Mid Tower,Black / Red,480 W,Acrylic,31.8,5,2,
Raidmax ATX-298WY,ATX Mid Tower,Black / Yellow,None,Acrylic,42.9,4,3,
Silverstone TJ11B-W,ATX Full Tower,Black,None,Acrylic,94.5,6,1,
Sunbeam IC-EVO,ATX Mid Tower,Black,None,Acrylic,38.5,5,0,
TUNIQ IC-TQ3-US,ATX Mid Tower,Black,None,Acrylic,,3,0,
XClio Blue I,ATX Mid Tower,Black,None,None,41.6,5,0,
Xion XON-180,ATX Mid Tower,Black,None,None,29.5,4,0,
nMEDIAPC HTPC 3000B,HTPC,Black,None,None,28.9,6,0,
nMEDIAPC HTPC 6000B,HTPC,Black,None,None,29.9,5,2,
nMEDIAPC HTPC 6000B,HTPC,Silver / Black,None,None,29.9,5,0,
Raidmax ATX-948WBP,ATX Mid Tower,Black,450 W,Acrylic,47.1,4,0,
Raidmax ATX-948WSP,ATX Mid Tower,Black / Silver,450 W,Acrylic,47.1,4,0,
Sentey DS1-4237,ATX Mid Tower,Black,None,None,38.8,4,0,
Raidmax ATX-615WUP,ATX Mid Tower,White / Blue,500 W,None,47.7,4,0,
Sentey DS1-4234,ATX Mid Tower,Black,None,None,38.8,4,0,
NZXT Source 210,ATX Mid Tower,Black,None,None,42.4,8,45,
Sentey CS2-1333,ATX Mid Tower,Black,None,None,25.9,2,0,
Sentey CS1-1396,ATX Mid Tower,Black,None,None,27.8,5,0,
Sentey BX2-4260 v2.3,ATX Mid Tower,Black,None,Acrylic,39.1,5,0,
Sentey BX1-4246 v2.1,ATX Mid Tower,Black,None,None,40.2,4,0,
Linkworld 313-06-C2228,ATX Mid Tower,Black / Silver,None,None,35.2,5,1,
Sentey BX1-4243 v2.1,ATX Mid Tower,Black,None,None,40.2,4,0,
Sentey CS2-1332,ATX Mid Tower,Black,None,None,25.9,2,0,
Linkworld 43716-128FU+P04,MicroATX Mini Tower,Black / Silver,430 W,None,23.2,1,0,
Sentey CS2-1331,ATX Mid Tower,Black,None,None,25.9,2,0,
Linkworld 431-06 C.2222,ATX Mid Tower,Black,500 W,None,31.2,5,0,
Linkworld 313-11,ATX Mid Tower,Black / Silver,500 W,None,63.2,6,0,
Sentey GS-6400 - ARVINA,ATX Full Tower,Black,None,None,60.7,5,0,
Sentey BX1-4283 v2.3,ATX Mid Tower,Black,None,Acrylic,40.2,4,0,
Sentey BX1-4284 v2.3,ATX Mid Tower,Black,None,Acrylic,40.2,4,0,
Sigma PHANTOM-WB,ATX Mid Tower,Black,None,Acrylic,47.7,4,0,
Sigma UNICORN-ST,ATX Mid Tower,Black / Gray,None,None,47.7,4,0,
Sentey BX1-4234 v2.1,ATX Mid Tower,Black,None,None,40.2,4,0,
Sigma BLITZ-WB,ATX Mid Tower,Black,None,Acrylic,46.6,4,0,
Sentey BX2-4291 v2.3,ATX Mid Tower,Black,None,Acrylic,39.1,5,0,
Sigma Pluto-WB,ATX Mid Tower,Black,None,Acrylic,41.5,5,0,
Sentey CS1-1399,ATX Mid Tower,Black,250 W,None,27.8,2,0,
Sentey PS2-3270,ATX Mid Tower,Black / Silver,250 W,None,38.8,4,0,
Sentey PS2-3271,ATX Mid Tower,Black,250 W,None,38.8,4,0,
Linkworld Q319-C8888-P4,ATX Mid Tower,Silver,500 W,None,42.4,6,0,
Sentey PS2-3272,ATX Mid Tower,Black,250 W,None,38.8,4,0,
Cougar Evolution,ATX Mid Tower,White,None,Acrylic,59.8,4,1,
Sentey GS-6400R - ARVINA,ATX Full Tower,Red / Black,None,None,60.7,5,0,
Azza Toledo 301,ATX Mid Tower,Black,None,None,57.1,4,2,
Silverstone TJ08B-E,MicroATX Mini Tower,Silver,None,None,30.2,4,1,
Sentey BX1-4284 v2.1,ATX Mid Tower,Black,None,None,40.2,4,1,
BitFenix Colossus,ATX Full Tower,White,None,None,79,7,0,
BitFenix Colossus Venom Edition,ATX Full Tower,Black,None,None,79,7,0,
BitFenix Colossus Window,ATX Full Tower,Black,None,Acrylic,79,7,0,
BitFenix Colossus Window,ATX Full Tower,White,None,Acrylic,79,7,1,
BitFenix Merc Beta,ATX Mid Tower,Black,None,None,40.5,6,0,
BitFenix Merc Beta,ATX Mid Tower,Black,None,None,40.5,6,1,
BitFenix Shinobi Window,ATX Mid Tower,Black,None,Acrylic,46.2,7,32,
BitFenix Shinobi Window,ATX Mid Tower,White,None,Acrylic,46.2,7,2,
BitFenix Survivor Core,ATX Mid Tower,Black,None,None,45.8,6,0,
BitFenix Survivor,ATX Mid Tower,Black,None,None,45.8,6,3,
Silverstone PS06B-W,ATX Mid Tower,Black / Blue,None,Acrylic,57.2,4,0,
Fractal Design Define R3,ATX Mid Tower,Black,None,None,47.5,8,0,
Fractal Design Define R3,ATX Mid Tower,Black / Gray,None,None,47.5,8,2,
Lian Li PC-K9B,ATX Mid Tower,Black,None,None,49.9,6,0,
Lian Li PC-8NW USB3.0,ATX Mid Tower,Black,None,Acrylic,46.2,3,0,
Lian Li PC-K9WX,ATX Mid Tower,Black,None,Acrylic,49.9,6,0,
Lian Li PC-60FN USB3.0,ATX Mid Tower,Black,None,None,48,4,0,
Lian Li PC-90,ATX Full Tower,Black,None,None,57.5,7,0,
Lian Li PC-TU200,Mini ITX Tower,Silver,None,None,21.6,4,1,
Lian Li PC-7FN USB 3.0,ATX Mid Tower,Black,None,None,,4,0,
NZXT Hades,ATX Mid Tower,Black,None,None,42.7,4,0,
Apevia X-Telstar,ATX Full Tower,Silver,None,Acrylic,52.7,5,0,
Apevia X-Dreamer,ATX Mid Tower,White / Blue,None,None,36,5,0,
Diablotek FLY,ATX Mid Tower,Gray / Black,None,None,37.1,3,0,
Cougar 6XR9,ATX Mid Tower,Black / White,None,None,51.4,4,0,
Linkworld 431-06 C.2828,ATX Mid Tower,Silver,500 W,None,31.2,5,0,
Gigabyte GZ-F5HEB,ATX Mid Tower,Black,None,None,28.7,5,0,
Gigabyte GZ-X2SPD-500,ATX Mid Tower,White,None,None,36.5,3,0,
Linkworld 6280-01,HTPC,Black / Silver,400 W,None,21.1,1,0,
Gigabyte GZ-F2HEB,ATX Mid Tower,Black,None,None,28.7,5,0,
Linkworld 3210-04-C2628,ATX Mid Tower,Black / Silver,None,Acrylic,36.8,5,0,
Linkworld 43715-128FU+P04,MicroATX Mini Tower,Black,430 W,None,23.2,1,0,
Linkworld CA-IP-W-WOP,ATX Mid Tower,Silver,None,None,,3,0,
XClio Touch 320,ATX Mid Tower,Black,None,None,56.5,8,0,
Xion XON-403,ATX Mid Tower,Black / Silver,None,Acrylic,33.4,5,0,
Xion XON-570,ATX Mid Tower,Black,None,None,31.7,5,0,
XClio Touch 767,ATX Full Tower,Black,None,None,56.5,6,1,
XClio Touch 787,ATX Full Tower,Black,None,None,56.5,6,0,
Azza Hurrican 2000,ATX Full Tower,Black,None,Acrylic,82,6,4,
Enermax Fulmo Advance,ATX Mid Tower,Black,None,None,57.5,6,1,
Foxconn RM338+FSP150-50GL,Mini ITX Tower,Black / Silver,150 W,None,9.1,1,0,
Lian Li PC-C37U,HTPC,Black,300 W,None,18.4,2,0,
Sentey GS-6000,ATX Mid Tower,Black,None,None,42.5,4,0,
Sentey BX2-4260 v2.1,ATX Mid Tower,Black,None,None,39.1,5,0,
Sentey GS-6070 Abaddom,ATX Mid Tower,Black,None,None,42.5,4,0,
Sentey CS1-1397,ATX Mid Tower,Black,None,None,27.8,2,0,
Sentey BX1-4285 v2.1,ATX Mid Tower,Black,None,None,40.2,4,0,
Thermaltake VN10006W2N-B,ATX Full Tower,White / Black,None,Acrylic,96.7,5,0,
Sigma ATLANTIS,ATX Mid Tower,Blue,None,None,74.1,4,0,
Sentey GS-6050 Halcon,ATX Mid Tower,Black,None,None,42.5,4,1,
Sentey GS-6600 Wolf,ATX Full Tower,Black,None,None,60.7,5,1,
Sigma ZEN-WAR,ATX Mid Tower,Black / Silver,None,Acrylic,74.1,3,0,
Logisys CS309Bk,ATX Mid Tower,Black,480 W,Acrylic,31.8,1,0,
Rosewill RANGER,ATX Mid Tower,Black,None,Acrylic,44.6,4,1,
Sentey GS-6500B,ATX Full Tower,Black / Blue,None,None,61,5,0,
Sentey GS-6500R,ATX Full Tower,Black / Red,None,None,61,5,0,
Sentey GS-6400W - ARVINA,ATX Full Tower,White / Black,None,None,60.7,5,0,
Rosewill FBM-01,MicroATX Mini Tower,Black,450 W,None,21.6,2,2,
Raidmax ATX-298WR,ATX Mid Tower,Black / Red,None,Acrylic,42.9,4,0,
NZXT Switch 810,ATX Full Tower,Black,None,Acrylic,81.3,6,6,
BitFenix Raider,ATX Mid Tower,Black,None,None,,6,1,
Lian Li PC-6,ATX Mid Tower,Black,None,None,,3,0,
Lian Li PC-C32B USB3.0,HTPC,Black,None,None,37.4,4,0,
Lian Li PC-B10 USB3.0,ATX Mid Tower,Black,None,None,46.4,4,0,
Lian Li PC-K56 N,ATX Mid Tower,Black,None,None,50.1,3,0,
In Win MANA136,ATX Mid Tower,Black,None,None,40.5,6,1,
In Win BUC 101,ATX Mid Tower,Black,None,None,50.3,5,0,
Raidmax Super Hurricane,ATX Mid Tower,Black / Blue,None,Acrylic,36.7,4,1,
Raidmax Super Hurricane,ATX Mid Tower,Black / Silver,None,Acrylic,36.7,4,0,
Enermax Fulmo GT,ATX Full Tower,Black,None,None,101.4,10,0,
Raidmax ATX-321WB,ATX Mid Tower,Black / Orange,None,Acrylic,42.6,4,2,
Thermaltake Commander MS-I Epic Edition,ATX Mid Tower,Black / Red,None,Acrylic,41.9,5,6,
Raidmax Seiran,ATX Mid Tower,White / Black,None,None,45.3,6,0,
Logisys CS2008XBK,ATX Mid Tower,Black,None,None,38.6,5,1,
In Win IW-BW138.CQ450TBL,ATX Mid Tower,Black,None,None,34.9,4,0,
Logisys CS1202BK,ATX Mid Tower,Black,None,None,38.6,5,0,
Xion XON-990,ATX Mid Tower,Black,None,None,53,5,0,
Raidmax Viper,ATX Mid Tower,White / Red,None,Acrylic,42.6,4,1,
nMEDIAPC HTPC 7000B,HTPC,Black,None,None,18.3,3,0,
Azza Fusion 3000,ATX Full Tower,Black,None,None,100.9,2,0,
HEC 6T10LOH585,MicroATX Mini Tower,Black,585 W,None,24,2,0,
In Win MANA137,ATX Mid Tower,Black,None,None,40.3,6,1,
Antec One Illusion,ATX Mid Tower,Black,None,None,44.2,5,0,
Cooler Master HAF XM,ATX Mid Tower,Black / Red,None,Acrylic,76,6,0,
Lian Li PC-Q15,HTPC,Silver,300 W,None,14.6,1,0,
Lian Li PC-Q25A,Mini ITX Tower,Silver,None,None,20.2,7,0,
BitFenix Shinobi XL,ATX Full Tower,Black,None,None,77.2,7,1,
BitFenix Colossus Venom Window,ATX Full Tower,Black,None,Acrylic,79.4,7,0,
Fractal Design Define R4,ATX Mid Tower,Black / Gray,None,None,56,8,12,
XClio 320,ATX Mid Tower,Black,None,None,43.7,8,1,
Cooler Master Elite 120 Advanced,Mini ITX Tower,White,None,None,19.7,3,0,
DIYPC SW-713,ATX Mid Tower,Black,None,None,41.2,2,0,
DIYPC SW-9001,ATX Mid Tower,Black,None,None,41.2,2,0,
DIYPC Alpha-GT3,ATX Test Bench,Black,None,None,35.6,0,0,
Thermaltake Armor Revo Snow Edition,ATX Full Tower,White / Black,None,Acrylic,82,6,4,
Zalman GS-1000,ATX Full Tower,Black,None,None,94.7,6,1,
Silverstone KL04B,ATX Mid Tower,Black,None,None,52.1,9,0,
HEC 6T16BB,ATX Mini Tower,Black,None,None,24,2,0,
Cooler Master Elite 361,ATX Mid Tower,Black,None,None,25.1,4,0,
Raidmax Sting Ray ATX-249B,ATX Mid Tower,White,None,None,43.4,3,1,
Rosewill RPS-01,ATX Mid Tower,Black / Silver,None,Acrylic,45.7,6,0,
Azza Armour 203,ATX Mid Tower,Black,None,Acrylic,43.5,6,1,
Cougar Challenger,ATX Mid Tower,Black,None,Acrylic,71.6,7,3,
Cougar Challenger,ATX Mid Tower,Black / White,None,Acrylic,71.6,7,0,
Gigabyte GZ-AXBS11-CNB,ATX Mid Tower,Black,None,None,42.9,6,0,
Silverstone LC10B-E-USB3.0,HTPC,Black,None,None,31.1,7,0,
Diablotek PREDATOR,ATX Mid Tower,Black,None,None,39.7,5,0,
Diablotek CITADEL,ATX Mid Tower,Black,None,None,31.6,5,0,
In Win C583T.CQ450TBL,ATX Mid Tower,Black / Silver,450 W,None,35,3,1,
In Win C589T.CQ450TBL,ATX Mid Tower,Black,450 W,None,35,3,0,
Silverstone SG06BB-450-USB3.0,Mini ITX Desktop,Black,450 W,None,11.1,1,1,
Sentey CS1-1420 TAC2.0,ATX Mid Tower,Black,None,None,30.3,5,0,
In Win Z670T.CQ350TBL,MicroATX Mini Tower,Black,350 W,None,24.2,2,0,
Xion XON-980,ATX Mid Tower,Black,None,None,60.4,7,0,
Silverstone FT03-MINI,Mini ITX Tower,Silver,None,None,17.5,1,2,
Gigabyte GZ-ZIF338R,ATX Mid Tower,Black,None,None,33.3,4,0,
Topower TP-6208BB-450,ATX Mid Tower,Black / Silver,450 W,None,33.4,6,0,
Topower TP-4107BB-400,ATX Mid Tower,Black,400 W,None,30.6,5,0,
Lian Li PC-V355,MicroATX Mini Tower,Silver,None,None,28.5,3,0,
Raidmax ATX-605BW,ATX Mid Tower,Black / White,None,None,75.6,6,2,
Lian Li PC-Q03,Mini ITX Tower,Silver,None,None,10.2,1,0,
Apex PCV-588,ATX Mid Tower,Black,None,Acrylic,39.9,6,1,
Xion XON-910PCB,MicroATX Mid Tower,White / Red,450 W,None,18.6,1,0,
Silverstone RL01B-USB 3.0,ATX Mid Tower,Gray / Black,None,Acrylic,40.9,5,0,
Sentey GS-6410 ARVINA PLUS,ATX Full Tower,Black,None,Acrylic,60.7,5,0,
Raidmax ATX-809B,ATX Mid Tower,Black,None,None,55.5,5,1,
Sentey GS-6510 BURTON PLUS,ATX Full Tower,Black,None,Acrylic,60.7,5,0,
Raidmax ATX-823BR,ATX Mid Tower,Black,None,None,58.2,5,1,
Thermaltake Commander MS-II,ATX Mid Tower,Black,None,Acrylic,39.7,5,1,
Lian Li PC-K56N USB 3.0,ATX Mid Tower,Black,None,None,50.1,3,0,
Xigmatek GIGAS,MicroATX Desktop,Black,None,None,35.2,6,0,
Silverstone LC20B-M-USB3.0,HTPC,Black,None,None,31.2,6,0,
Lian Li PC-B12,ATX Mid Tower,Black,None,None,49.3,3,0,
Topower TP-4106BB,ATX Mid Tower,Black,None,None,,5,0,
In Win IW-BQ656T.AD80TBLR,Mini ITX Desktop,Black,80 W,None,3.3,0,0,
DIYPC Adventurer-9601R,ATX Full Tower,Black,None,Acrylic,49.7,7,1,
DIYPC Adventurer-9601R,ATX Full Tower,Black,None,Acrylic,49.7,7,2,
Gigabyte GZ-P5HB5C,ATX Mid Tower,Black,None,None,,4,1,
Cooler Master Elite 311,ATX Mid Tower,Black / Orange,None,Acrylic,40.8,5,2,
Enermax ECA3175,ATX Mid Tower,Black,None,Acrylic,33.9,6,0,
Cooler Master Storm Scout 2 Advanced,ATX Mid Tower,Gray / Black,None,Acrylic,61.6,7,2,
Lian Li PC-7H,ATX Mid Tower,Black,None,None,55.5,4,0,
Gigabyte GZ-G2SGB,ATX Mid Tower,Black,None,None,33.8,6,2,
Gigabyte GZ-ZLM10BS,ATX Mid Tower,Black,None,None,36.2,8,0,
Gigabyte GZ-ZLM10RS,ATX Mid Tower,Black / Red,None,None,36.2,8,0,
NZXT Phantom 820,ATX Full Tower,White,None,Acrylic,92.8,6,7,
BitFenix Merc Alpha,ATX Mid Tower,Black,None,None,40.5,6,1,
BitFenix Raider Window,ATX Mid Tower,Black,None,Acrylic,,6,0,
DIYPC SW-711,ATX Mid Tower,Black,None,None,41.2,2,0,
Rosewill Line,ATX Mid Tower,Black,None,None,35.5,8,1,
Cooler Master Force 500,ATX Mid Tower,Black,500 W,None,39.8,7,0,
Cooler Master Storm Scout 2,ATX Mid Tower,White,None,Acrylic,61.6,7,7,
Cooler Master Storm Scout 2,ATX Mid Tower,Gunmetal,None,Acrylic,61.6,7,1,
Xion XON-560,MicroATX Mini Tower,White,None,None,28.3,3,8,
Silverstone TJ10B-USB3.0,ATX Full Tower,Black,None,None,69.2,6,0,
Silverstone TJ10B-W-USB3.0,ATX Full Tower,Black,None,Acrylic,69.2,6,0,
Silverstone TJ10B-WNV,ATX Full Tower,Black,None,Acrylic,69.2,6,0,
Silverstone TJ10S,ATX Full Tower,Silver,None,None,69.2,6,0,
Silverstone TJ10S-W,ATX Full Tower,Silver,None,Acrylic,69.2,6,0,
Silverstone TJ10B-WNV-USB3.0,ATX Full Tower,Black,None,Acrylic,69.2,6,0,
Silverstone RL03B-W-USB 3.0,ATX Mid Tower,Black,None,Acrylic,40.4,7,1,
CFI Prime 311,ATX Mid Tower,Black,None,None,42.7,4,0,
CFI Prime 223,ATX Mid Tower,Black,None,None,32.4,4,0,
CFI Prime 101,ATX Mid Tower,Black,None,None,27.5,2,0,
CFI Bastet,ATX Mid Tower,Black,None,Acrylic,48,2,1,
Lian Li PC-9N,ATX Mid Tower,Black,None,None,46.5,3,1,
Ultra XBlaster Pro,ATX Mid Tower,Black,None,None,36,7,2,
Ultra Gladiator,ATX Mid Tower,Black,None,None,39.5,5,1,
Ultra Rogue M950,ATX Full Tower,Black,None,None,61.9,8,1,
Thermaltake Level 10 Limited Edition,ATX Full Tower,Silver,None,None,129.6,6,1,
Thermaltake Level 10 GTS,ATX Mid Tower,Black,None,None,54.9,5,5,
Thermaltake Level 10 GTS,ATX Mid Tower,Black,None,Acrylic,54.9,5,0,
Thermaltake Level 10 GTS Snow Edition,ATX Mid Tower,White,None,Acrylic,54.9,5,1,
Thermaltake Versa I,ATX Mid Tower,Black,None,None,42.2,5,0,
Enermax Hoplite ST,ATX Mid Tower,White,None,Acrylic,48,6,1,
Rosewill R5601,ATX Mid Tower,Black,None,None,43.2,5,0,
Thermaltake Urban S31 Window,ATX Mid Tower,Black,None,Acrylic,53.6,6,2,
Xigmatek CCC-AD38BX-U03,ATX Mid Tower,Black / Silver,None,None,43.6,8,0,
Enermax ECA3290A,ATX Mid Tower,Gunmetal,None,Acrylic,,7,14,
Lian Li PC-Q28,Mini ITX Tower,Silver,None,None,23.8,4,0,
Lian Li PC-Q30,Mini ITX Tower,Silver,None,None,23.4,0,0,
Gigabyte GZ-G1SGS,ATX Mid Tower,Black,None,None,33.8,6,0,
Gigabyte GZ-X5,ATX Mid Tower,Black,None,None,36.1,5,0,
Gigabyte GZ-X7,ATX Mid Tower,Black,None,None,36.6,6,1,
Gigabyte GZ-ZA2,ATX Mid Tower,Black,None,None,30.9,5,1,
Gigabyte Luxo X10,ATX Mid Tower,Black,None,None,34,4,0,
Apevia X-DMR4,ATX Mid Tower,Black,None,Acrylic,43.1,4,0,
Azza Silentium 920B,ATX Mid Tower,Black,None,None,,5,0,
In Win BP655.300TB3L,Mini ITX Tower,Black,200 W,None,8.1,0,0,
In Win EM013.CQ350TS3L,MicroATX Mini Tower,Black,350 W,None,25.3,2,0,
In Win IW-Z611T.CQ350TSL,MicroATX Mini Tower,Black / Silver,350 W,None,24.2,1,0,
In Win PE689T2.CQ450TBL,ATX Mid Tower,Black,None,None,39.4,0,0,
Silverstone GD01B-R-USB3.0,HTPC,Black,None,None,,6,0,
Silverstone LC16BM-USB3.0,HTPC,Black,None,None,,6,0,
Silverstone RL02B-W-USB 3.0,ATX Mid Tower,Black,None,Acrylic,40.4,7,0,
Silverstone RL04W,ATX Mid Tower,White,None,Acrylic,,5,1,
Silverstone SG06BB-LITE,Mini ITX Desktop,Silver,None,Acrylic,,1,0,
Xion XON-566TB,ATX Mid Tower,Black,None,Acrylic,,4,0,
Xion XON-791B,ATX Mid Tower,Black,None,None,,3,0,
Zalman MS800,ATX Mid Tower,Black,None,None,59.6,3,1,
Zalman Z12,ATX Mid Tower,Black,None,None,47.7,5,0,
Apevia 837344000652,ATX Mid Tower,Silver,350 W,Acrylic,39.5,4,0,
Apevia ATXB8KLW-SS,ATX Mid Tower,Silver,None,Acrylic,40.3,4,0,
Apevia MX-Pider,ATX Full Tower,Black,500 W,None,50.9,4,0,
Apevia X-DMR3,ATX Mid Tower,Silver,450 W,None,37.1,6,0,
Apevia X-Dreamer4,ATX Mid Tower,Black / Green,None,Acrylic,43.1,4,3,
Apevia X-Dreamer4,ATX Mid Tower,Black / Red,None,Acrylic,43.1,4,0,
Apex DS-539,HTPC,Black,275 W,None,14.3,2,0,
Raidmax ATX-502WBG,ATX Mid Tower,Black,None,Acrylic,59.5,3,5,
Raidmax ATX-605BT,ATX Full Tower,Black,None,Acrylic,75.6,6,0,
Rosewill FB-03,ATX Mid Tower,Black,None,None,26.5,4,0,
Rosewill PATRIOT,ATX Mid Tower,Black,None,Acrylic,51.7,6,2,
Sentey CS1-1410,ATX Mid Tower,Black,400 W,None,30.3,5,0,
Sentey CS1-1420 PLUS,ATX Mid Tower,Black,None,None,30.3,5,2,
Sentey GS-6010,ATX Mid Tower,Black,None,None,36.9,5,0,
Sentey GS-6010 Plus,ATX Mid Tower,Black / Blue,None,Acrylic,36.9,5,0,
Sentey GS-6020 Plus,ATX Mid Tower,Black / Blue,None,Acrylic,40.2,4,0,
Sentey GS-6060 Plus,ATX Mid Tower,Black / Blue,None,Acrylic,40.2,4,0,
Topower TP-6208BB,ATX Mid Tower,Black,None,Acrylic,,5,0,
Xion XON-301,ATX Mid Tower,Black / Silver,None,Acrylic,,5,1,
HEC Vigilance,MicroATX Mini Tower,Black,None,None,27.5,2,2,
Thermaltake Versa G1,ATX Mid Tower,Black,None,Acrylic,40.1,5,0,
Thermaltake New Soprano Snow Edition,ATX Mid Tower,White,None,None,51.2,5,0,
Cooler Master N600,ATX Mid Tower,Black,None,None,48.5,7,3,
Logisys CS368BB,ATX Mid Tower,Black / Red,480 W,None,34,6,0,
Rosewill Galaxy-01,ATX Mid Tower,Black,None,None,45.9,4,2,
Rosewill Galaxy-02,ATX Mid Tower,Black,None,None,26.4,4,0,
Silverstone FT04,ATX Full Tower,Black,None,Acrylic,,7,0,
Enermax ECA3212,ATX Mid Tower,Black / Blue,None,None,,5,4,
Apevia X-Sniper2,ATX Mid Tower,Black / Red,None,Acrylic,,4,3,
Cougar Pioneer,ATX Mid Tower,Black,None,Acrylic,,6,1,
Silverstone RV04B-W,ATX Full Tower,Black,None,Acrylic,,7,2,
Xigmatek Recon,ATX Mid Tower,Black,None,None,,4,3,
Gigabyte GZ-PD Plus,ATX Mid Tower,Black,None,None,30.7,4,0,
Nanoxia DS1WIB,ATX Mid Tower,Black,None,Acrylic,60,8,0,
Nanoxia NXDS1W,ATX Mid Tower,White,None,Acrylic,60,8,0,
Aerocool Strike-X GT,ATX Mid Tower,Black / Red,None,None,42.9,6,1,
Aerocool XPredator X3,ATX Mid Tower,Black / Red,None,Acrylic,62.5,8,3,
BitFenix Phenom,Mini ITX Tower,White,None,None,30.6,6,1,
Cooler Master K280,ATX Mid Tower,Black,500 W,None,,6,0,
Apevia X-Hermes,ATX Mid Tower,Black / Blue,None,Acrylic,44.7,4,3,
Apevia X-Hermes,ATX Mid Tower,Black / Green,None,Acrylic,44.7,4,2,
Gigabyte Luxo M30 White,ATX Mid Tower,White / Black,None,Acrylic,63.8,8,0,
Rosewill THRONE-G-Window,ATX Full Tower,Gunmetal,None,Acrylic,74.8,10,1,
Rosewill THRONE-G-Window,ATX Full Tower,Black,None,Acrylic,74.8,10,2,
Rosewill THRONE-G-Window,ATX Full Tower,Black / Red,None,Acrylic,74.8,10,0,
Thermaltake Urban 21 BOM,ATX Mid Tower,Black,None,Acrylic,40.1,5,0,
Gigabyte Sumo Omega,ATX Mid Tower,Black,None,None,61.6,8,0,
Gigabyte GZ-ZSUCWP,ATX Mid Tower,Black,None,None,61.6,8,0,
Cougar MX500,ATX Mid Tower,Black,None,None,,7,0,
Enermax ECA3310A,ATX Mid Tower,Black,None,Acrylic,58.6,7,2,
Enermax ECA3310A,ATX Mid Tower,White,None,Acrylic,58.6,7,0,
Enermax ECA3310B,ATX Mid Tower,Red,None,Acrylic,58.6,7,0,
Rosewill BLACKHAWK,ATX Mid Tower,Black / Blue,None,Acrylic,55.1,6,7,
Xigmatek CCM-38BBW-U01,ATX Mid Tower,Black,None,Acrylic,67.8,8,1,
Cubitek ATX ICE,ATX Mid Tower,Black,None,None,,7,0,
Cubitek Mini Cube,Mini ITX Tower,Black,None,None,,3,0,
Cubitek Tattoo Pro 2,ATX Mid Tower,Black / Red,None,Acrylic,,5,0,
Cubitek Tattoo White,ATX Mid Tower,Black / White,None,Acrylic,,5,0,
Aerocool DS Cube,MicroATX Mini Tower,Black / Blue,None,None,41.5,2,3,
Nanoxia NXDS5B,ATX Full Tower,Black,None,None,,11,2,
NZXT Phantom,ATX Full Tower,Pink / Black,None,None,74.3,7,0,
Thermaltake ARMOR A30i,MicroATX Mini Tower,Black,None,Acrylic,35.5,3,1,
Thermaltake ARMOR A30i Speedy,MicroATX Mini Tower,Black / Red,None,Acrylic,35.5,3,0,
Diablotek CPA-7630,ATX Mid Tower,Black / Blue,None,Acrylic,31.6,5,0,
In Win 904,ATX Mid Tower,Black,None,Tempered Glass,,3,3,
Raidmax Vampire,ATX Full Tower,White / Blue,None,Acrylic,80.5,7,1,
Rosewill Legacy MX2-B,ATX Mid Tower,Black,None,None,37.2,3,0,
Rosewill Legacy QT01-B,ATX Mid Tower,Black,None,None,43.4,4,0,
Rosewill Legacy QT01-S,ATX Mid Tower,Black / Silver,None,None,43.4,4,0,
Rosewill Legacy U2-S,Mini ITX Tower,Silver,None,None,15.4,2,0,
Rosewill Legacy V6-S,Mini ITX Tower,Black / Silver,None,None,12.5,4,1,
Azza XT-1,ATX Full Tower,White / Blue,None,Acrylic,59.8,6,0,
BitFenix Colossus Mini,Mini ITX Tower,Black / White,None,None,57.9,5,4,
BitFenix Colossus Micro,MicroATX Mid Tower,Black,None,None,30.6,4,3,
HEC 63R3BR,ATX Mid Tower,Black / Red,None,None,35.2,4,0,
Logisys CS369BK,ATX Mid Tower,Black,480 W,None,,4,6,
Rosewill Legacy V3 Plus-B,Mini ITX Tower,Silver,None,None,10,1,0,
Rosewill Legacy V4-B,MicroATX Mini Tower,Black,None,None,18.3,3,0,
Silverstone PS09B,MicroATX Mid Tower,Black,None,None,24.6,4,0,
Supermicro CSE-732G-000B,ATX Mid Tower,Black / Blue,None,Acrylic,64.7,3,0,
Raygo R12-42403,MicroATX Mid Tower,Black / Silver,None,None,,2,1,
Thermaltake Urban T31 Window,ATX Mid Tower,Black,None,Acrylic,,6,3,
Xigmatek Aquila,MicroATX Mini Tower,Black / Green,None,Acrylic,,2,1,
Apex EL-660,ATX Mid Tower,Black,None,None,55.4,6,0,
Azza Sirius 206,ATX Mid Tower,Black / Blue,None,Acrylic,38.3,3,8,
NZXT Phantom 240,ATX Mid Tower,Black / Gray,None,Acrylic,,6,1,
Wesena HTPC-e4-v3-B,HTPC,Black,None,None,,2,0,
Gigabyte GZ-G3 PLUS,ATX Mid Tower,Black / Red,None,None,33.6,6,0,
In Win BP671.FH200B,Mini ITX Tower,Black,200 W,None,9.1,2,0,
nMEDIAPC HTPC 2800B,HTPC,Black,None,None,25,4,0,
Raidmax Cobra Z,ATX Mid Tower,Black / Blue,None,None,59.5,3,1,
Rosewill QN100,ATX Mid Tower,Black,None,None,29.7,2,0,
Thermaltake Urban R21,ATX Mid Tower,Black,None,None,39.8,5,1,
Thermaltake Urban R31,ATX Mid Tower,Black,None,Acrylic,51.2,6,1,
Thermaltake Urban SD1,MicroATX Mini Tower,Black,None,None,30.4,2,0,
Cooler Master TC102,ATX Mid Tower,Black,500 W,None,,2,3,
Cooler Master K350,ATX Mid Tower,Black / Red,500 W,Acrylic,,6,0,
Cooler Master K280 USB3.0,ATX Mid Tower,Black,None,None,,6,0,
Thermaltake SD101,Mini ITX Tower,Black,180 W,Acrylic,8.2,1,0,
SHARKOON Mask,ATX Mid Tower,Black,None,None,,3,0,
BitFenix Outlaw,ATX Mid Tower,Black,None,None,37.3,4,0,
BitFenix Neos,ATX Mid Tower,Black / Silver,None,None,37,3,2,
BitFenix Neos,ATX Mid Tower,White / Blue,None,None,37,3,0,
BitFenix Phenom M Nvidia Edition,MicroATX Mini Tower,Green / White,None,None,30.6,5,0,
Azza Z,Mini ITX Tower,Black,None,Acrylic,16.7,0,3,
DIYPC FM08,ATX Mid Tower,Black,None,None,33.8,2,0,
DIYPC FM08,ATX Mid Tower,Black,None,None,33.8,2,1,
DIYPC Gamemax08,ATX Mid Tower,Black / Green,None,None,33.8,2,0,
Rosewill Legacy W1-B-Window,Mini ITX Tower,Black,None,Acrylic,31.1,4,0,
Rosewill Legacy W1-S,Mini ITX Tower,Silver,None,None,31.1,4,0,
Rosewill Legacy W1-S-Window,Mini ITX Tower,Silver,None,Acrylic,31.1,4,0,
CiT MTX-005B,Mini ITX Tower,Black,300 W,None,,1,0,
DIYPC Skyline-07,ATX Full Tower,Black / Blue,None,None,69.2,3,1,
Aerocool DS 200,ATX Mid Tower,Black / Red,None,None,,5,1,
Xigmatek Nebula,Mini ITX Tower,White,None,None,22.3,2,0,
Deepcool STEAM CASTLE,MicroATX Mid Tower,Black,None,Acrylic,47.1,3,1,
Corsair Graphite Series 380T,Mini ITX Tower,Black / Yellow,None,None,41,2,6,
In Win GR One,ATX Full Tower,Gray,None,Acrylic,81,8,0,
In Win GR One,ATX Full Tower,Black / Red,None,Acrylic,81,8,3,
Antec ASK4000E-U3,ATX Mid Tower,Black,None,None,33.4,5,0,
Athenatech SS-PS08,MicroATX Mid Tower,Black,None,None,23.7,4,0,
BitFenix Pandora,MicroATX Mid Tower,Black,None,None,31.2,2,1,
BitFenix Pandora,MicroATX Mid Tower,Silver,None,None,31.2,2,0,
Lian Li PC-Q01,Mini ITX Tower,Silver,None,None,13.2,2,1,
Lian Li PC-Q19,Mini ITX Tower,Silver,None,None,22.4,1,0,
Lian Li PC-V1000L,ATX Full Tower,Silver,None,None,73.6,0,0,
Lian Li PC-V2130,ATX Full Tower,Silver,None,None,94.4,8,1,
Lian Li PC-V359W,MicroATX Mid Tower,Silver,None,None,36.6,3,1,
Lian Li PC-V359W,MicroATX Mid Tower,Black,None,None,36.6,3,2,
BitFenix Comrade,ATX Mid Tower,Black / White,None,None,37,3,4,
BitFenix Comrade,ATX Mid Tower,White,None,None,37,3,9,
Silverstone RV05B-W,ATX Mid Tower,Black,None,Acrylic,63.8,2,0,
Azza SIRIUS,ATX Mid Tower,Black,None,Acrylic,38.3,3,10,
DIYPC Mirage-D1,ATX Mid Tower,Black / White,None,Acrylic,37.2,4,0,
DIYPC Mirage-D1,ATX Mid Tower,Black / Yellow,None,Acrylic,37.2,4,1,
In Win BK644.BH300TB,MicroATX Mini Tower,Black,300 W,None,12.3,1,0,
In Win BL641.FH300TB3F,HTPC,Black,300 W,None,11.6,2,0,
In Win G7,ATX Mid Tower,Black,None,None,43.6,4,1,
In Win S-FRAME,ATX Full Tower,Black / Gold,None,Acrylic,131.3,4,0,
Aerocool GT-A,ATX Mid Tower,Black / Red,None,Acrylic,,3,1,
Aerocool GT-A,ATX Mid Tower,White,None,Acrylic,,3,0,
DIYPC MA01,MicroATX Mini Tower,Black / Green,None,None,20.5,1,0,
DIYPC Shadow-H01,ATX Mid Tower,Black,None,Acrylic,47.8,4,1,
Zalman H1,ATX Full Tower,Black,None,Acrylic,74.3,7,0,
Rosewill I3-397,MicroATX Mini Tower,Black,400 W,None,27.9,4,0,
Silverstone FT05,ATX Mid Tower,Black / Silver,None,None,45.3,2,1,
Thermaltake Versa H24,ATX Mid Tower,Black,None,Acrylic,42.6,3,0,
Thermaltake Versa H25,ATX Mid Tower,Black,None,Acrylic,42.6,3,5,
Thermaltake Level 10 Titanium,ATX Full Tower,Black / Silver,None,None,129.6,6,1,
be quiet! Silent Base 800,ATX Mid Tower,Black,None,Acrylic,,7,3,
Nanoxia Deep Silence 5,ATX Full Tower,White,None,None,,11,1,
BitFenix Prodigy M,MicroATX Mini Tower,Black,None,Acrylic,35.9,4,5,
Ultra Defender II,ATX Mid Tower,Black,None,Acrylic,,4,0,
Cooler Master Silencio 652,ATX Mid Tower,Black,None,None,,9,0,
DIYPC FM18,ATX Mid Tower,Black,None,Acrylic,33.8,2,0,
DIYPC HTPC-Cube,Mini ITX Tower,Black,None,None,,1,0,
DIYPC Ranger-R4,ATX Mid Tower,Black / Blue,None,Acrylic,41.6,4,0,
DIYPC Solar-M1,ATX Mid Tower,Black / Green,None,Acrylic,38,5,1,
DIYPC Solar-M1,ATX Mid Tower,Black / Red,None,Acrylic,38,5,5,
DIYPC Solar-M1,ATX Mid Tower,Black / Blue,None,Acrylic,38,5,0,
Thermaltake Core V41,ATX Mid Tower,Black,None,Acrylic,59.4,6,0,
Raidmax Vortex,ATX Mid Tower,Black,None,Acrylic,42.4,3,0,
Streacom F1CWS Evo,HTPC,Black,None,None,,1,1,
Enermax Fulmo ST,ATX Full Tower,Black / Red,None,Acrylic,,8,0,
Gigabyte GZ-ZGS4B5,ATX Mid Tower,Black,None,None,,5,0,
Gigabyte GZ-ZGS5B5,ATX Mid Tower,Black,None,None,,5,0,
Gigabyte GZ-ZHSGWJ,ATX Mid Tower,Black / Blue,None,Acrylic,,8,0,
Gigabyte GZ-ZHSHWW,ATX Mid Tower,Black,None,None,,8,0,
Gigabyte GZ-ZHSMW8,MicroATX Mini Tower,Black,None,None,,3,0,
Lian Li PC-K69,ATX Mid Tower,Black,None,Acrylic,,3,0,
Aerocool XPredator Cube,MicroATX Mid Tower,Black / Red,None,Acrylic,,3,1,
Raidmax Atomic,Mini ITX Tower,Black,None,Acrylic,,1,0,
Raidmax Scorpio V,ATX Mid Tower,Pink,None,Acrylic,54.6,8,0,
Sentey Ss6-2441,MicroATX Mini Tower,White,None,None,,2,0,
Sentey GS-6008,ATX Mid Tower,Black,None,None,,2,0,
Azza ZEN 8100,ATX Full Tower,Black,None,Acrylic,,6,0,
DIYPC Cuboid,MicroATX Mini Tower,Black / Green,None,Acrylic,,3,3,
DIYPC Cuboid,MicroATX Mini Tower,Black / Blue,None,Acrylic,,3,0,
DIYPC DIY-BJ05,ATX Mid Tower,Black,None,None,,3,0,
Raidmax Troy,Mini ITX Desktop,Black / Red,None,None,,1,0,
Silverstone KL06B,MicroATX Mini Tower,Black,None,None,,1,4,
Silverstone KL06B,MicroATX Mini Tower,Black,None,Acrylic,,1,0,
Sentey GS-6090,ATX Mid Tower,Black,None,Acrylic,,4,0,
RAIJINTEK Aeneas,MicroATX Mini Tower,Black,None,Acrylic,,4,1,
RAIJINTEK Aeneas,MicroATX Mini Tower,White,None,Acrylic,,4,0,
Antec P50,MicroATX Mini Tower,Black,None,None,,3,1,
Lian Li PC-O5,HTPC,Black,None,Tempered Glass,,2,0,
Sentey SS1-2423,HTPC,Black / Silver,None,None,,1,0,
Cooltek CoolCube,HTPC,Black,None,None,,1,1,
Silverstone MM01,ATX Full Tower,Black,None,None,,7,0,
Apevia X-QPack3,MicroATX Mini Tower,Black / Blue,None,Acrylic,,2,4,
Apevia X-QPack3,MicroATX Mini Tower,Black / Green,None,Acrylic,,2,1,
Azza Cosmas 208S,ATX Mid Tower,Black,None,Acrylic,,3,4,
Raidmax ATX-404WU,ATX Mid Tower,Black / Blue,None,Acrylic,,3,5,
Cooltek W2,ATX Mid Tower,Silver,None,Acrylic,,3,1,
Sentey GS-6009,ATX Mid Tower,Black / Red,None,Acrylic,,3,0,
DIYPC Adventurer-I8,ATX Mid Tower,Black / Blue,None,Acrylic,,2,1,
DIYPC Adventurer-I8,ATX Mid Tower,Black / Green,None,Acrylic,,2,0,
JMAX JX-FM500B,MicroATX Mini Tower,Black,None,None,,0,0,
Raidmax Element,Mini ITX Desktop,Black / Green,None,None,,2,0,
CHENBRO SR30169,Mini ITX Tower,Black / Silver,None,None,,4,1,
VIVO CASE-V02,ATX Mid Tower,Black / Blue,None,None,,3,1,
VIVO CASE-V03,ATX Mid Tower,Black / Red,None,None,,4,0,
Aerocool Aero-500 - BC,ATX Mid Tower,Black,None,None,45.1,4,0,
In Win 707,ATX Full Tower,Black / Red,None,Acrylic,,8,0,
Chieftec DX-02B,ATX Mid Tower,Black / Blue,None,Acrylic,,6,0,
Silverstone ML08,HTPC,Black,None,Acrylic,,0,0,
DIYPC Ranger-R8,ATX Mid Tower,Black / Green,None,Acrylic,41.6,4,1,
DIYPC Ranger-R8,ATX Mid Tower,Black / Yellow,None,Acrylic,41.6,4,0,
Rosewill WolfStone,ATX Mid Tower,Black,None,None,,8,1,
Rosewill WolfStone,ATX Mid Tower,Black,None,Acrylic,,8,3,
Thermaltake Core P5,ATX Mid Tower,Green,None,Acrylic,115.4,3,0,
Raidmax EXO,ATX Mid Tower,Black / Blue,None,None,,2,2,
Thermaltake Suppressor F31,ATX Mid Tower,Black,None,Acrylic,,3,1,
DIYPC Futurus,MicroATX Mid Tower,Black / Blue,None,Acrylic,,2,0,
SHARKOON CA-M,MicroATX Mini Tower,Black,None,None,,2,1,
RAIJINTEK STYX,MicroATX Mini Tower,Red,None,Acrylic,,3,0,
RAIJINTEK STYX,MicroATX Mini Tower,Silver,None,Acrylic,,3,1,
Aerocool GT-RS,ATX Mid Tower,Black,None,Acrylic,,2,2,
Silverstone RVX01,ATX Mid Tower,Black,None,None,,4,0,
Silverstone RVX01 Window,ATX Mid Tower,Black / Blue,None,Acrylic,,4,0,
Rosewill FBM-05,MicroATX Mini Tower,Black,None,None,,2,5,
Lian Li PC-Q21,Mini ITX Tower,Silver,None,None,,2,0,
Raidmax Viper II,ATX Mid Tower,Black / Red,None,Acrylic,,3,0,
VIVO Athena,ATX Mid Tower,Black,None,Acrylic,,2,0,
RAIJINTEK AGOS,ATX Mid Tower,Black,None,None,,6,0,
RAIJINTEK AGOS,ATX Mid Tower,White,None,None,,6,1,
Apevia X-Pioneer,ATX Mid Tower,Black / Pink,None,Acrylic,,4,1,
NZXT Manta,Mini ITX Desktop,Black,None,None,,2,0,
Lian Li PC-V33,ATX Mid Tower,Black,None,None,,4,0,
DIYPC Zondda,ATX Mid Tower,Black / Silver,None,Acrylic,,4,0,
DIYPC D480,ATX Mid Tower,Black,None,None,,2,2,
DIYPC D480,ATX Mid Tower,Black,None,Acrylic,,2,1,
LEPA LPC501,ATX Mid Tower,Black / Blue,None,Acrylic,,6,0,
BitFenix Nova,ATX Mid Tower,White,None,Acrylic,,4,4,
Lian Li PC-Q04,Mini ITX Tower,Silver,None,None,,2,0,
Thermaltake Core X31,ATX Mid Tower,Black,None,Acrylic,,6,0,
Deepcool Dukase,ATX Mid Tower,Black,None,Acrylic,,3,0,
DIYPC VT380,ATX Mid Tower,White,None,Acrylic,,3,0,
Silverstone PS12B,MicroATX Mid Tower,Black,None,None,,4,0,
Apevia X-Qtis,MicroATX Mid Tower,Black / Blue,None,Acrylic,,4,4,
Antec S10,ATX Full Tower,Black,None,None,,6,1,
DIYPC DIY-N8,MicroATX Mini Tower,Black / Blue,None,Acrylic,,2,4,
Antec GX1000,ATX Mid Tower,Black,None,None,,6,0,
Antec Three Hundred U3,ATX Mid Tower,Black,None,None,,0,0,
DIYPC D780,ATX Full Tower,Black,None,Acrylic,,8,0,
DIYPC DIY-BJ03,ATX Mid Tower,Black,None,None,,3,0,
DIYPC DIY-E68,ATX Mid Tower,Black,None,None,,3,0,
DIYPC F1,MicroATX Mini Tower,White,None,Acrylic,,2,0,
DIYPC G580,ATX Mid Tower,Black,None,Acrylic,,3,2,
DIYPC P28,ATX Mid Tower,Black,None,None,,3,0,
DIYPC P48,ATX Mid Tower,White,None,None,,3,2,
DIYPC S280,ATX Mid Tower,Black,None,Acrylic,,4,0,
DIYPC S280,ATX Mid Tower,White,None,Acrylic,,4,1,
DIYPC Skyline-08,ATX Full Tower,White,None,Acrylic,,3,0,
DIYPC Zetta,ATX Mid Tower,Black,None,Acrylic,,2,0,
Antec X1-T,ATX Mid Tower,Black,None,Acrylic,,8,0,
Zalman T2 Plus,MicroATX Mini Tower,Black,None,Acrylic,,2,5,
LEPA LPC309,ATX Mid Tower,Black,None,Acrylic,,3,0,
Enermax ECA3291A,ATX Mid Tower,Black,None,Acrylic,,7,1,
Apevia X-Qber,MicroATX Desktop,Black / Red,None,Acrylic,,2,1,
Anidees AI8,ATX Full Tower,Black,None,None,,4,0,
Powertek PT-eviltek-case100,ATX Mid Tower,Black,None,Acrylic,,6,0,
Silverstone PM01,ATX Mid Tower,White / Blue,None,Acrylic,70.3,4,0,
Xigmatek Eris,Mini ITX Desktop,Black,None,None,,1,0,
Anidees Crystal,ATX Mid Tower,Black / White,None,Tempered Glass,,3,0,
Azza Taurus 5000W,ATX Full Tower,White,None,Acrylic,,8,0,
Jonsbo UMX4 Zone,ATX Mid Tower,Black,None,Tempered Glass,38,2,1,
DIYPC DIY-G5,ATX Mid Tower,Black / Red,None,Tempered Glass,43.2,2,0,
In Win 509,ATX Full Tower,Black,None,Tempered Glass,71.6,5,0,
Anidees AI6V2,ATX Mid Tower,Black,None,None,,7,0,
NOX Hummer TX,ATX Mid Tower,Black,None,Acrylic,45.9,8,0,
NOX Hummer ZX,ATX Mid Tower,White / Black,None,Acrylic,48.8,2,0,
Deepcool LANDKING,ATX Mid Tower,Gray,None,Acrylic,57.5,5,0,
Deepcool SMARTER,MicroATX Mini Tower,Black / Blue,None,None,30.8,2,3,
RIOTORO CR1280 PRISM RGB,ATX Full Tower,Black,None,Acrylic,70.6,4,0,
RAIJINTEK Metis Plus,Mini ITX Tower,Green,None,Acrylic,13.4,2,0,
RAIJINTEK 0R20B00158,Mini ITX Tower,Pink,None,Acrylic,13.4,2,0,
Rosewill GRAM,ATX Mid Tower,Black,None,Acrylic,,2,1,
DIYPC DIY-J21,ATX Mid Tower,Black,None,Acrylic,,3,1,
DIYPC DIY-J21,ATX Mid Tower,White,None,Acrylic,,3,0,
Silverstone KL07,ATX Mid Tower,Black,None,None,52.9,3,1,
Cooler Master MasterCase Pro 6,ATX Mid Tower,Black / Red,None,Acrylic,70.1,5,0,
Phanteks Enthoo EVOLV TG,MicroATX Mini Tower,Silver,None,Tinted Tempered Glass,41.7,2,2,
Anidees AI Crystal Cube Lite,ATX Desktop,Black,None,Tempered Glass,50.5,3,0,
Anidees AI Crystal Lite,ATX Mid Tower,Black,None,Tempered Glass,50.5,3,1,
mean:it 4PM,ATX Desktop,Black,None,Tempered Glass,48,3,0,
RIOTORO CR480,ATX Mid Tower,Black / Red,None,Acrylic,,3,0,
BitFenix BitFenix Neos Window BFC-NEO-100-WWWKS-RP White Steel / Plastic ATX Mid Tower Computer Case,ATX Mid Tower,White / Silver,None,Acrylic,37,3,0,
BitFenix BitFenix Neos Window BFC-NEO-100-WWWKB-RP White / Blue Steel / Plastic ATX Mid Tower Computer Case,ATX Mid Tower,White / Blue,None,Acrylic,37,3,0,
Anidees AI Crystal Cube,ATX Mid Tower,Black,None,Tempered Glass,50.5,3,2,
Anidees AI Crystal Cube,ATX Mid Tower,White / Black,None,Tempered Glass,50.5,3,0,
Azza Solaris 402S,ATX Mid Tower,Black,None,Acrylic,,6,0,
Rosewill HIMARS,ATX Mid Tower,Black,None,Acrylic,52.3,0,0,
Deepcool D-Shield,ATX Mid Tower,Black,None,Acrylic,,3,0,
Cooltek JB C2,MicroATX Mini Tower,Black,None,None,12.1,1,0,
Silverstone RVZ03,Mini ITX Desktop,White,None,None,,0,1,
Nanoxia CoolForce 1,ATX Mid Tower,Black,None,None,,3,0,
NZXT SCM-01,MicroATX Mini Tower,Black / Red,None,None,,3,0,
DIYPC Illusion I,ATX Mid Tower,Black / Blue,None,Tempered Glass,,2,3,
DIYPC Illusion I,ATX Mid Tower,Black / Red,None,Tempered Glass,,2,0,
Apex 21N,ATX Mid Tower,Black,None,Acrylic,44.4,2,1,
LEPA LPC306,ATX Mid Tower,Black,None,Acrylic,,3,0,
Azza Inferno 310DF,ATX Mid Tower,Black,None,Tempered Glass,46.7,2,0,
Azza Inferno 310DH,ATX Mid Tower,Black,None,Tempered Glass,46.7,2,0,
In Win 301C PRGB2,MicroATX Mini Tower,Black,None,Tempered Glass,26,1,0,
Apevia X-Harmony,ATX Mid Tower,Black / Blue,None,Acrylic,39.3,2,2,
Apevia X-Harmony,ATX Mid Tower,White,None,Acrylic,39.3,2,1,
DIYPC Illusion II,ATX Mid Tower,Black / Red,None,Tempered Glass,,3,2,
Lian Li PC-7N,ATX Mid Tower,Black,None,None,,4,0,
Lian Li PC-X510,ATX Mid Tower,Black,None,Acrylic,,6,0,
Raidmax Monster II,ATX Mid Tower,Black,None,Acrylic,,2,0,
Enermax OSTROG Lite,ATX Mid Tower,Gray,None,Acrylic,,2,0,
Cooltek G3,HTPC,Black / Silver,None,None,23.3,2,0,
SHARKOON S25-S,ATX Mid Tower,Black,None,Acrylic,43.9,3,1,
BitFenix Enso,ATX Mid Tower,White,None,Tempered Glass,,2,3,
Aerocool P7-C0,ATX Mid Tower,Black,None,Tempered Glass,,2,2,
Antec Cube,Mini ITX Tower,Black / Green,None,Acrylic,42,1,1,
Lian Li ALPHA 330W,ATX Mid Tower,White,None,Tempered Glass,,2,1,
Aerocool QS-240,MicroATX Mid Tower,Black,None,Acrylic,,2,0,
Cougar MG110,MicroATX Mini Tower,Black,None,None,30.8,2,2,
Cooler Master MB600L ODD,ATX Mid Tower,Black / Blue,None,Acrylic,,2,0,
In Win EN028.TH350B,MicroATX Mini Tower,,350 W,None,,2,0,
Fractal Design Define R6,ATX Mid Tower,Silver,None,Tempered Glass,56.7,6,3,
Thermaltake Versa N25,ATX Mid Tower,Black,None,Acrylic,,3,2,
Enermax GraceMESH,ATX Mid Tower,Black / Red,None,Tempered Glass,,2,0,
SAMA Maxcool-W-15,MicroATX Mid Tower,Black / Red,None,Acrylic,,3,2,
DIYPC Vision II,ATX Mid Tower,Black / Blue,None,Tempered Glass,46.9,3,0,
EVGA DG-73,ATX Mid Tower,Black,None,Acrylic,45.9,2,2,
Cooler Master MasterCase MC600P,ATX Mid Tower,Black,None,Tempered Glass,70.1,4,0,
Thermaltake View 37,ATX Mid Tower,Black,None,Acrylic,73.7,3,0,
Thermaltake View 37,ATX Mid Tower,Black,None,Acrylic,73.7,3,2,
Lian Li PC-Q39GWX,Mini ITX Desktop,Black,None,Tempered Glass,,2,0,
Azza Thor 320DF,ATX Mid Tower,Black,None,Tempered Glass,51.3,2,0,
Raidmax X08,ATX Mid Tower,Black / Silver,None,Tempered Glass,,3,0,
Thermaltake Versa H26,ATX Mid Tower,White / Black,None,Tempered Glass,,2,0,
Lian Li PC-Q38,Mini ITX Tower,Black / Silver,None,Acrylic,,1,0,
DIYPC Model X,ATX Mid Tower,Black,None,Tempered Glass,,2,0,
Thermaltake View 32  TG,ATX Mid Tower,Black,None,Acrylic,,2,2,
RAIJINTEK PAEAN,ATX Mid Tower,Black,None,Tempered Glass,,3,0,
RAIJINTEK COEUS ELITE TC,MicroATX Mini Tower,Black,None,Tempered Glass,50.5,0,0,
RAIJINTEK COEUS ELITE,MicroATX Mini Tower,Black,None,Tempered Glass,50.5,3,0,
RAIJINTEK COEUS EVO TC,ATX Full Tower,Black,None,Tempered Glass,56.8,0,0,
RAIJINTEK COEUS EVO,ATX Full Tower,Black,None,Acrylic,56.8,4,1,
Cooler Master MasterBox E300L,MicroATX Mini Tower,Black / Red,None,None,,2,1,
Silverstone LD01,MicroATX Mini Tower,Black,None,Tempered Glass,,3,1,
Rosewill CULLINAN PX,ATX Mid Tower,Black / Red,None,Tempered Glass,,2,3,
RIOTORO CR488,ATX Mid Tower,Black / Red,None,Acrylic,,2,0,
darkFlash T20,ATX Mid Tower,Black,None,Tempered Glass,,2,1,
Thermaltake Versa J23,ATX Mid Tower,Black,None,Tempered Glass,,2,0,
Thermaltake Versa J23 RGB,ATX Mid Tower,Black,None,Tempered Glass,,2,1,
MagniumGear NEO MINI,Mini ITX Tower,Silver,None,Tempered Glass,,1,1,
MagniumGear NEO MICRO,MicroATX Mid Tower,Silver,None,Acrylic,,2,5,
DIYPC Crystal-P3,ATX Mid Tower,Black,None,Tempered Glass,,2,1,
Rosewill MAGNETAR,ATX Mid Tower,Black / Blue,None,Acrylic,,2,0,
Rosewill PRISM T500,ATX Mid Tower,Black,None,Tempered Glass,,2,1,
DIYPC Rainbow-Flash-R1,ATX Mid Tower,Black,None,Tempered Glass,,2,0,
Enermax SABERAY RGB,ATX Mid Tower,Black,None,Tempered Glass,60.3,2,0,
Enermax EQUILENCE,ATX Mid Tower,Black,None,Tempered Glass,,2,0,
AvP Hyperion EV33,MicroATX Mini Tower,Black,None,None,,1,1,
AvP Hyperion EV33,MicroATX Mini Tower,White,None,None,,1,0,
Antec GX202,ATX Mid Tower,White,None,Acrylic,40.1,3,0,
Azza Obsidian 270,ATX Mid Tower,Black / Red,None,Acrylic,,3,0,
Azza Chroma 410,ATX Mid Tower,Black,None,Acrylic,,2,0,
DIYPC DIY-SD1-RGB,ATX Mid Tower,Black,None,Tempered Glass,,2,0,
DIYPC Trio-GT-RGB,ATX Mid Tower,Black,None,Tempered Glass,,2,4,
DIYPC Trio-VX-RGB,ATX Mid Tower,Black,None,Tempered Glass,,2,0,
DIYPC DIY-Line-RGB,ATX Mid Tower,Black,None,Tempered Glass,,2,0,
Cooltek MT-03,MicroATX Mini Tower,Black,None,None,,2,0,
SAMA Proxima-RGB,ATX Mid Tower,Black,None,Tempered Glass,,2,0,
Thermaltake Commander C35 TG ARGB,ATX Mid Tower,Black,None,Tempered Glass,,3,1,
Thermaltake Commander C33 TG ARGB,ATX Mid Tower,Black,None,Tempered Glass,,3,0,
Thermaltake Commander C36 TG ARGB,ATX Mid Tower,Black,None,Tempered Glass,,3,1,
Thermaltake Commander C31 TG Snow ARGB,ATX Mid Tower,White / Black,None,Tempered Glass,,3,0,
Thermaltake Commander C34 TG Snow ARGB,ATX Mid Tower,White / Black,None,Tempered Glass,,3,0,
Rosewill FBM-X2,MicroATX Mini Tower,Black,400 W,None,25.3,1,1,
Silverstone RL07,ATX Mid Tower,White / Blue,None,Tempered Glass,,3,0,
NZXT H700 PUBG,ATX Mid Tower,Red / Blue,None,Tempered Glass,58.6,2,0,
Phanteks Eclipse P400S,ATX Mid Tower,Gray,None,Tinted Acrylic,45.9,2,2,
BitFenix Pandora ATX Core,ATX Mid Tower,Black,None,Acrylic,,3,0,
GameMax ABYSS,ATX Mid Tower,Black,None,Tempered Glass,,3,0,
NZXT H400,MicroATX Mini Tower,Black / Blue,None,Tempered Glass,36.9,1,0,
Thermaltake Core X31 TG,ATX Mid Tower,Black,None,Tempered Glass,,6,0,
Fractal Design Define R6 USB-C,ATX Mid Tower,Silver,None,None,56.7,6,1,
In Win 101C PRGB2,ATX Mid Tower,Black / Red,None,Tempered Glass,,2,0,
Azza Cube 802,ATX Mid Tower,Black,None,Tempered Glass,,1,0,
Raidmax Magnus,ATX Mid Tower,White / Black,None,Tempered Glass,85.7,2,1,
Azza APOLLO 430 ,ATX Mid Tower,Black,None,Tempered Glass,41.3,4,0,
Antec GX330,ATX Mid Tower,Black,None,Acrylic,,2,0,
HEC HX200,MicroATX Mini Tower,Black,None,None,,2,0,
HEC HX300,ATX Mid Tower,Black,None,Acrylic,,2,0,
HEC HX320,ATX Mid Tower,Black,None,Acrylic,35.4,2,0,
GameMax Crusader Mirage,ATX Mid Tower,Black,None,Tempered Glass,34.8,3,0,
GameMax Eclipse,ATX Mid Tower,Black,None,Tempered Glass,48,2,0,
GameMax Explorer,MicroATX Mini Tower,Black,None,Tinted Acrylic,33.7,2,0,
GameMax Fortress Air,ATX Full Tower,Black,None,Tempered Glass,54.7,2,0,
GameMax Gamboge,ATX Mid Tower,Black / Orange,None,Acrylic,46.4,2,0,
GameMax Graphite,ATX Mid Tower,Black,None,Acrylic,47.7,2,0,
GameMax Gravity,ATX Mid Tower,Black,None,Tempered Glass,49.6,2,0,
GameMax Hush,ATX Mid Tower,Black,None,Tempered Glass,50.8,3,0,
GameMax Knight,ATX Mid Tower,Black,None,Tempered Glass,41.3,3,1,
GameMax Moonstone RGB,ATX Mid Tower,Black,None,Tempered Glass,66.9,1,1,
GameMax Muted,ATX Mid Tower,Black,None,Acrylic,58.3,2,0,
GameMax Osmium,ATX Mid Tower,Black,None,Tempered Glass,46.7,2,0,
GameMax Proteus,ATX Mid Tower,Black,None,None,34.3,4,0,
GameMax Sapphire RGB,ATX Mid Tower,Black,None,Tempered Glass,52.3,2,0,
GameMax Vanguard VR2,ATX Mid Tower,Black,None,Tinted Acrylic,57.6,2,0,
GameMax Zircon RGB,ATX Mid Tower,Black,None,Acrylic,53.4,3,0,
DIYPC DIY-D3-RGB,ATX Mid Tower,Black,None,Tempered Glass,46.1,2,0,
Aerocool Shard-G,ATX Mid Tower,,None,Tempered Glass,36.5,2,0,
DIYPC DIY-A1-BK,ATX Mid Tower,Black,None,Tempered Glass,,2,2,
DIYPC DIY-A1-W,ATX Mid Tower,White / Black,None,Tempered Glass,,2,5,
DIYPC Mirage-ARGB,ATX Mid Tower,Black,None,Tempered Glass,38.9,2,0,
DIYPC VII-BK-ARGB,ATX Mid Tower,Black,None,Tempered Glass,38.9,2,0,
In Win 307,ATX Mid Tower,White,None,Tinted Tempered Glass,,2,0,
MagniumGear Neo Micro V2,MicroATX Mid Tower,Black,None,Tempered Glass,,2,2,
Cougar Gemini M,MicroATX Mini Tower,Silver,None,Tempered Glass,35.7,2,0,
Rosewill Cullinan V,ATX Mid Tower,Black,None,Tempered Glass,51.8,2,1,
NZXT H510i Phantom Gaming,ATX Mid Tower,Black / Red,None,Tempered Glass,41.3,2,0,
Montech Flyer White,MicroATX Mid Tower,White,None,Tempered Glass,,2,1,
Rosewill SRM-01B,MicroATX Mini Tower,Black,None,None,,2,5,
Rosewill SRM-01B,MicroATX Mini Tower,Black,450 W,None,,2,0,
Cooler Master MasterBox MB320L ARGB,MicroATX Mini Tower,Black,None,Tempered Glass,38.8,2,0,
GameMax RockStar G515,ATX Mid Tower,Black,None,Acrylic,,2,0,
Silverstone SG13 V2,Mini ITX Tower,Black,None,None,11.5,1,0,
Fractal Design Define 7 Light,ATX Mid Tower,Gray,None,Tempered Glass,62.4,6,1,
Cooler Master MASTERBOX E501L,ATX Mid Tower,Black / Blue,None,None,,2,0,
Lazer3D LZ7 XTD,Mini ITX Desktop,Black,None,Tempered Glass,,0,0,
Raidmax Monster II SE,ATX Mid Tower,Black,None,Tempered Glass,,2,0,
SilentiumPC Regnum RG4T RGB,ATX Mid Tower,Black,None,Tempered Glass,46.8,3,0,
Cougar TROFEO,ATX Mid Tower,Silver / Black,None,Tempered Glass,,2,0,
Azza ARC 241,ATX Mid Tower,Black,None,Tempered Glass,,3,0,
Chieftronic M1,MicroATX Mid Tower,Black,None,Tempered Glass,,2,0,
MagniumGear Neo V2,ATX Mid Tower,Silver,None,Tempered Glass,38.3,2,0,
GAMDIAS APOLLO M1,ATX Mid Tower,Black,None,Tempered Glass,,2,0,
Deco Gear DGPCS01,ATX Mid Tower,Black,None,Tempered Glass,,2,2,
EG ST-ARGB,ATX Mid Tower,Black,None,Tempered Glass,56.9,5,0,
In Win Alice,ATX Mid Tower,Gray / Black,None,None,,1,0,
Silverstone FARA R1 Rainbow,ATX Mid Tower,Black,None,Tempered Glass,,1,0,
Aerocool Flo Saturn FRGB,ATX Mid Tower,Black,None,Tempered Glass,48.8,2,0,
darkFlash V22,ATX Mid Tower,Black,None,Tempered Glass,41.7,1,2,
darkFlash V22,ATX Mid Tower,White / Black,None,Tempered Glass,41.7,1,1,
Cougar MX331-T,ATX Mid Tower,Black,None,Tempered Glass,43.5,2,0,
Apevia Matrix,ATX Mid Tower,Black,None,Tempered Glass,37.8,3,0,
DIYPC DIY-A9-BK,ATX Mid Tower,Black,None,Tempered Glass,33.2,2,4,
Casecom RSM-91,ATX Mid Tower,Black,None,Tempered Glass,,3,0,
SilentiumPC Armis AR5 RGB,ATX Mid Tower,Black,None,Tempered Glass,45.8,2,0,
SilentiumPC Armis AR5X RGB,ATX Full Tower,Black,None,Tempered Glass,45.8,2,0,
SilentiumPC Armis AR6,ATX Mid Tower,Black,None,None,46,2,0,
SilentiumPC Armis AR6Q EVO ARGB,ATX Mid Tower,Black,None,Tempered Glass,46,2,0,
SilentiumPC Armis AR7,ATX Mid Tower,Black,None,None,61.3,3,0,
SilentiumPC Astrum AT6V,ATX Mid Tower,Black,None,Tempered Glass,46,2,0,
Azza Luminous 110RF1,MicroATX Mini Tower,Black,None,Tempered Glass,36.1,2,0,
Azza Luminous 110ADF,MicroATX Mini Tower,Black,None,Tempered Glass,36.1,2,0,
SilentiumPC Signum SG1X EVO TG ARGB,ATX Mid Tower,Black,None,Tempered Glass,,2,0,
DIYPC AVVU-W-ARGB,ATX Mid Tower,White / Black,None,Tempered Glass,,3,0,
AQIRYS Bellatrix,MicroATX Mid Tower,Black,None,Tempered Glass,,0,0,
Tempest Spook RGB,ATX Mid Tower,White / Black,None,Acrylic,,2,0,
Tempest Phantom,ATX Mid Tower,Black,None,Acrylic,,2,0,
Apevia Prodigy,MicroATX Mini Tower,Pink,None,Tempered Glass,32.5,2,0,
Corsair iCUE 5000X RGB Glitch,ATX Mid Tower,Black / Blue,None,Tempered Glass,66.2,2,0,
Aerocool Mecha v3,ATX Mid Tower,Black,None,Tempered Glass,33.5,2,0,
Aerocool Trinity Mini V1,MicroATX Mini Tower,White,None,Tempered Glass,28.1,2,0,
GAMDIAS APOLLO M2,ATX Mid Tower,Black,None,Tempered Glass,,2,0,
GAMDIAS APOLLO M2 ELITE,ATX Mid Tower,Black,None,Tempered Glass,,2,0,
GAMDIAS ARGUS E5,ATX Mid Tower,Black,None,Tempered Glass,,2,0,
GAMDIAS ARGUS M2,ATX Mid Tower,Black,None,Tempered Glass,,2,0,
GAMDIAS ATHENA E1,ATX Mid Tower,Black,None,Tempered Glass,,2,0,
GAMDIAS TALOS M1A,ATX Mid Tower,Black,None,Tempered Glass,,2,0,
Azza Opus 809,ATX Mid Tower,Silver / Black,None,Tinted Tempered Glass,,1,0,
SilentiumPC Ventum VT4 TG,ATX Mid Tower,Black,None,Tempered Glass,,2,0,
Raidmax P805 ARGB,ATX Mid Tower,Black,None,Tempered Glass,,2,0,
Geometric Future Model 6,ATX Mid Tower,Black,None,Tinted Tempered Glass,43.5,4,0,
MUSETEX T2,Mini ITX Desktop,Black,None,Tempered Glass,16.6,2,0,
Cougar MG140 RGB,MicroATX Mini Tower,Black,None,Tempered Glass,35.3,2,0,
Vetroo K2,Mini ITX Desktop,Black,None,Tempered Glass,,0,0,
Vetroo MESH6,ATX Mid Tower,Black,None,Tempered Glass,51,2,0,
Jonsbo U5,ATX Mid Tower,Black,None,Tempered Glass,40.3,2,0,
MSI MAG SHIELD 110A,ATX Mid Tower,Black,None,Tempered Glass,36.5,2,0,
MSI MAG BUNKER,ATX Mid Tower,Black,None,Tempered Glass,45.1,2,0,
Azza Octane B,ATX Mid Tower,Black,None,Tempered Glass,44.8,2,0,
Azza Iris 330S,ATX Mid Tower,Black,None,Tempered Glass,38.8,2,0,
Azza Raven 420F,ATX Mid Tower,Black,None,Tempered Glass,41.8,6,0,
Azza Raven 420LF,ATX Mid Tower,Black,None,Tempered Glass,41.8,6,0,
Azza Raven 420DF1,ATX Mid Tower,Black,None,Tempered Glass,41.8,6,0,
Azza Crimson 211G,ATX Mid Tower,Black,None,Tempered Glass,40.4,3,0,
Azza Golem 221,ATX Mid Tower,Black,None,Acrylic,40.4,3,0,
Azza Golem 221G,ATX Mid Tower,Black,None,Tempered Glass,40.4,3,0,
Azza Zircon 7000W,ATX Full Tower,White,None,Tempered Glass,61.8,5,0,
Azza Bastion 120,MicroATX Mid Tower,Black,None,Tempered Glass,35.9,2,0,
Aerocool Falcon V2,ATX Mid Tower,Black,None,Acrylic,33.6,1,0,
Golden Field MAGE,ATX Mid Tower,Green / Black,None,Tempered Glass,47.6,2,2,
Lian Li PC-8FI,ATX Mid Tower,Black / Silver,None,None,80.4,6,0,
Cougar Turret Mesh,ATX Mid Tower,Black,None,Tempered Glass,39.9,2,0,
Cougar MX660-T,ATX Mid Tower,Black,None,Tempered Glass,50,2,0,
Cougar MX660 Mesh,ATX Mid Tower,Black,None,Tempered Glass,50,2,0,
Cougar MX660 Iron RGB,ATX Mid Tower,Black,None,Tempered Glass,50,2,0,
Cougar MX660-T RGB-L,ATX Mid Tower,Black,None,Tempered Glass,50,2,0,
Cougar MX660 Mesh RGB-L,ATX Mid Tower,Black,None,Tempered Glass,50,2,0,
CiT Master,ATX Mid Tower,Black,None,Tempered Glass,37.6,2,0,
LC-Power 987B Silent Slinger,ATX Mid Tower,Black / White,None,Acrylic,44.1,2,0,
RAIJINTEK OPHION ELITE TITAN,Mini ITX Tower,Black,None,Mesh,24.9,3,0,
RAIJINTEK OPHION ELITE WHITE,Mini ITX Tower,White,None,Mesh,24.9,3,0,
Anidees AI Atomic,ATX Mid Tower,Black,None,Mesh,19.5,1,0,
DIYPC ARGB-Q8-BK,MicroATX Mid Tower,Black,None,Tempered Glass,28.4,2,3,
Raidmax I328,ATX Mid Tower,Black,None,Tempered Glass,34.8,2,0,
Aerocool Raider Mini,MicroATX Mini Tower,Black,None,Tempered Glass,23.8,2,1,
CiT S003B,MicroATX Desktop,Black / Silver,300 W,None,12.1,2,0,
CiT S012B,MicroATX Desktop,Black,300 W,None,12.2,2,0,
Chieftec Chieftronic G1,ATX Mid Tower,Black,None,Tempered Glass,50.2,2,0,
Chieftec Chieftronic M1,MicroATX Mini Tower,Black,None,Tempered Glass,37.3,0,0,
RAIJINTEK PAEAN PREMIUM,ATX Mid Tower,Black,None,Tempered Glass,90.6,2,0,
darkFlash BLADE-X,ATX Mid Tower,Black,None,None,82.6,2,0,
OCPC MINI2,Mini ITX Test Bench,Black,None,None,7.2,0,0,
Noua Demon T4,ATX Mid Tower,Black,None,Tempered Glass,32.4,2,0,
Noua Demon T6,ATX Mid Tower,Black,None,Tempered Glass,38.4,3,0,
Noua Diamond C101,ATX Mid Tower,Black,None,Tempered Glass,40.7,2,0,
Noua Diamond C11,ATX Mid Tower,Black,None,Tempered Glass,40.3,3,0,
Noua Diamond C112,ATX Mid Tower,White,None,Tempered Glass,39.8,2,0,
Noua Diamond C9,ATX Mid Tower,Red / Black,None,Tempered Glass,41,2,0,
Noua Fobia L5,MicroATX Mid Tower,Black,None,Tempered Glass,37.2,2,0,
Noua Fobia L7,MicroATX Mid Tower,Black,None,Tempered Glass,32.7,2,0,
Noua Fobia L8,MicroATX Mid Tower,White,None,Tempered Glass,32.7,2,0,
Noua Oryx M4,ATX Mid Tower,Black,None,Tempered Glass,35.5,2,0,
Noua Smash S2,ATX Mid Tower,Black,None,Tempered Glass,32.5,2,1,
Noua Thor S15,ATX Mid Tower,Black,None,Tempered Glass,33.1,3,0,
LC-Power Gaming 900B - Lumaxx Gloom,ATX Mid Tower,Black,None,Tempered Glass,57,2,0,
Antec NX360 Elite,ATX Mid Tower,Black,None,Tempered Glass,37.5,1,0,
In Win DUBILI DIY,ATX Full Tower,Gold / Black,None,Tempered Glass,72.4,2,0,
Cougar MX330-G Pro,ATX Mid Tower,White,None,Tempered Glass,49.1,2,0,
FSP Group CUT593A,ATX Full Tower,White,None,Tempered Glass,62.6,3,0,
Enermax MarbleShell MS21 RGB,MicroATX Mid Tower,Black,None,Tempered Glass,33.8,2,0,
KOLINK BASTION RGB,ATX Mid Tower,Black,None,Tempered Glass,39.1,2,0,
KOLINK Ethereal,ATX Mid Tower,Black,None,Tempered Glass,40.6,2,0,
KOLINK Inspire K11 ARGB,ATX Mid Tower,,None,Tempered Glass,32.1,2,0,
KOLINK Inspire X1,ATX Mid Tower,,None,Tempered Glass,31.1,2,0,
KOLINK Inspire X3,ATX Mid Tower,Black,None,Tempered Glass,30.1,2,0,
KOLINK Levante V2 ARGB,ATX Mid Tower,Black,None,Tempered Glass,40.6,3,0,
Aerocool Menace Saturn FRGB V2,ATX Mid Tower,,None,Tempered Glass,36.7,2,0,
DIYPC DIY-Mesh,ATX Mid Tower,Black,None,Tempered Glass,31.3,2,0,
DIYPC G1-ARGB,ATX Mid Tower,Black,None,Tempered Glass,43.3,2,0,
DIYPC G3-ARGB,ATX Mid Tower,Black,None,Tempered Glass,43.3,2,0,
DIYPC S1-ARGB,ATX Mid Tower,Black,None,Tempered Glass,36.8,2,0,
DIYPC Zetta-ARGB,ATX Mid Tower,Black,None,Tempered Glass,37.5,3,0,
GameMax AutoBot,ATX Mid Tower,Silver / Black,None,Tempered Glass,76.8,3,0,
GameMax Kreator,ATX Mid Tower,Black,None,Tempered Glass,40.7,2,0,
Rosewill CULLINAN PX RGB-ST,ATX Mid Tower,,None,Tempered Glass,,2,0,
YEYIAN Stahl 900,ATX Mid Tower,Black,None,None,27.6,2,0,
YEYIAN Shadow 2200,ATX Mid Tower,Black,None,Tempered Glass,44.9,2,0,
BitFenix Hades,ATX Mid Tower,Black,None,Tempered Glass,42.3,2,0,
Sentey Stealth II,ATX Mid Tower,Black,None,Acrylic,30.6,2,0,
Xigmatek SS04,MicroATX Mid Tower,Black,None,None,22.1,2,0,
SAMA M2,ATX Mid Tower,,None,Tempered Glass,39.2,2,0,
GameMax F36,MicroATX Mini Tower,White,None,Tempered Glass,35.1,2,1,
GameMax F46,ATX Mid Tower,Black,None,None,40.6,2,0,
SHARKOON Skiller SGC1 RGB,ATX Mid Tower,Black,None,Tempered Glass,47.3,3,0,
PC Cooler IE200,ATX Mid Tower,Black,None,Tempered Glass,48.1,2,0,
GameMax Violin,Mini ITX Desktop,Black,180 W,Mesh,5.2,0,0,
Aerocool Designer V1,ATX Mid Tower,Black,None,Tempered Glass,34.9,2,0,
Aerocool D501A V1,ATX Mid Tower,Black,None,Tempered Glass,46.5,2,0,
Aerocool Geoflow V1,ATX Mid Tower,Black,None,Tempered Glass,49.1,2,0,
Rosewill Helium Air,ATX Mid Tower,White,None,Mesh,57.9,3,0,
ALPHAGEAR Shifter RGB,ATX Mid Tower,Black,None,Tempered Glass,37.9,2,0,
Inter-Tech K1,ATX Mid Tower,Black,None,None,,0,0,53.99
Gembird fornax mk200,MicroATX Mid Tower,Black,None,Tempered Glass,,0,0,41.51
alienware�,MicroATX Mid Tower,Black,None,None,,0,0,
Signum Sg1,ATX Mid Tower,Black,None,None,,0,0,
