Producer,CPU Name,Processor Number,Brand Modifier,"Intel® Core™ 
Gen",# of Cores,# of P-cores,# of E-cores,# of Threads,Max Turbo Frequency (GHz),Performance-core Base Frequency (GHz),Efficient-core Base Frequency (GHz),Processor Base Frequency (GHz),Cache (MB),"Processor Base Power (previously Thermal Design Power (TDP)) 
(W)",Max Memory Size (dependent on memory type) GB,Memory Types (MT/s),Max # of PCI Express Lanes,Supported Socket,Processor Graphics,Graphics Max Dynamic Frequency (GHz),Intel® Optane™ Memory Supported,Intel® Turbo Boost Technology 2.0,Intel® Turbo Boost Max Technology 3.0,Intel® vPro™ Platform Eligibility,"Max Resolution for HDMI,
 Max Resolution for DP, 
Max Resolution for (eDP - Integrated Flat Panel)",Price
Intel,Intel Core i9-14900KS,i9-14900KS,i9,14th,24,8,16,32,6.20,3.20,2.40,N/A,36,150,192,Up to DDR5 5600 MT/s Up to DDR4 3200 MT/s,20,LGA1700,UHD 770,1.65,No,Yes,Yes,Yes,"HDMI: 4096 x 2160 @ 60Hz
DP: 7680 x 4320 @ 60Hz
eDP: 5120 x 3200 @ 120Hz",689.99
Intel,Intel Core i9-14900F,i9-14900F,i9,14th,24,8,16,32,5.80,2.00,1.50,N/A,36,65,192,Up to DDR5 5600 MT/s Up to DDR4 3200 MT/s,20,LGA1700,No,N/A,No,Yes,Yes,No,N/A,
Intel,Intel Core i9-14900,i9-14900,i9,14th,24,8,16,32,5.80,2.00,1.50,N/A,36,65,192,Up to DDR5 5600 MT/s Up to DDR4 3200 MT/s,20,LGA1700,UHD 770,1.65,No,Yes,Yes,Yes,"HDMI: 4096 x 2160 @ 60Hz
DP: 7680 x 4320 @ 60Hz
eDP: 5120 x 3200 @ 120Hz",
Intel,Intel Core i9-14900T,i9-14900T,i9,14th,24,8,16,32,5.50,1.10,0.80,N/A,36,35,192,Up to DDR5 5600 MT/s Up to DDR4 3200 MT/s,20,LGA1700,UHD 770,1.65,No,Yes,Yes,Yes,"HDMI: 4096 x 2160 @ 60Hz
DP: 7680 x 4320 @ 60Hz
eDP: 5120 x 3200 @ 120Hz",
Intel,Intel Core i7-14700F,i7-14700F,i7,14th,20,8,12,28,5.40,2.10,1.50,N/A,33,65,192,Up to DDR5 5600 MT/s Up to DDR4 3200 MT/s,20,LGA1700,No,N/A,No,Yes,Yes,No,N/A,329.97
Intel,Intel Core i7-14700T,i7-14700T,i7,14th,20,8,12,28,5.20,1.30,0.90,N/A,33,35,192,Up to DDR5 5600 MT/s Up to DDR4 3200 MT/s,20,LGA1700,UHD 770,1.60,No,Yes,Yes,Yes,"HDMI: 4096 x 2160 @ 60Hz
DP: 7680 x 4320 @ 60Hz
eDP: 5120 x 3200 @ 120Hz",
Intel,Intel Core i7-14700,i7-14700,i7,14th,20,8,12,28,5.40,2.10,1.50,N/A,33,65,192,Up to DDR5 5600 MT/s Up to DDR4 3200 MT/s,20,LGA1700,UHD 770,1.60,No,Yes,Yes,Yes,"HDMI: 4096 x 2160 @ 60Hz
DP: 7680 x 4320 @ 60Hz
eDP: 5120 x 3200 @ 120Hz",480.09
Intel,Intel Core i5-14600,i5-14600,i5,14th,14,6,8,20,5.20,2.70,2.00,N/A,24,65,192,Up to DDR5 4800 MT/s Up to DDR4 3200 MT/s,20,LGA1700,UHD 770,1.55,No,Yes,No,Yes,"HDMI: 4096 x 2160 @ 60Hz
DP: 7680 x 4320 @ 60Hz
eDP: 5120 x 3200 @ 120Hz",
Intel,Intel Core i5-14400T,i5-14400T,i5,14th,10,6,4,16,4.50,1.50,1.10,N/A,20,35,192,Up to DDR5 4800 MT/s Up to DDR4 3200 MT/s,20,LGA1700,UHD 730,1.55,No,Yes,No,No,"HDMI: 4096 x 2160 @ 60Hz
DP: 7680 x 4320 @ 60Hz
eDP: 5120 x 3200 @ 120Hz",
Intel,Intel Core i5-14400,i5-14400,i5,14th,10,6,4,16,4.70,2.50,1.80,N/A,20,65,192,Up to DDR5 4800 MT/s Up to DDR4 3200 MT/s,20,LGA1700,UHD 730,1.55,No,Yes,No,No,"HDMI: 4096 x 2160 @ 60Hz
DP: 7680 x 4320 @ 60Hz
eDP: 5120 x 3200 @ 120Hz",261.72
Intel,Intel Core i5-14500,i5-14500,i5,14th,14,6,8,20,5.00,2.60,1.90,N/A,24,65,192,Up to DDR5 4800 MT/s Up to DDR4 3200 MT/s,20,LGA1700,UHD 770,1.55,No,Yes,No,Yes,"HDMI: 4096 x 2160 @ 60Hz
DP: 7680 x 4320 @ 60Hz
eDP: 5120 x 3200 @ 120Hz",478.95
Intel,Intel Core i5-14600T,i5-14600T,i5,14th,14,6,8,20,5.10,1.80,1.30,N/A,24,35,192,Up to DDR5 5600 MT/s Up to DDR4 3200 MT/s,20,LGA1700,UHD 770,1.55,No,Yes,No,Yes,"HDMI: 4096 x 2160 @ 60Hz
DP: 7680 x 4320 @ 60Hz
eDP: 5120 x 3200 @ 120Hz",
Intel,Intel Core i5-14500T,i5-14500T,i5,14th,14,6,8,20,4.80,1.70,1.20,N/A,24,35,192,Up to DDR5 4800 MT/s Up to DDR4 3200 MT/s,20,LGA1700,UHD 770,1.55,No,Yes,No,Yes,"HDMI: 4096 x 2160 @ 60Hz
DP: 7680 x 4320 @ 60Hz
eDP: 5120 x 3200 @ 120Hz",0
Intel,Intel Core i5-14400F,i5-14400F,i5,14th,10,6,4,16,4.70,2.50,1.80,N/A,20,65,192,Up to DDR5 4800 MT/s Up to DDR4 3200 MT/s,20,LGA1700,No,N/A,No,Yes,No,No,N/A,234.99
Intel,Intel Core i3-14100F,i3-14100F,i3,14th,4,4,0,8,4.70,3.50,N/A,N/A,12,58,192,Up to DDR5 4800 MT/s Up to DDR4 3200 MT/s,20,LGA1700,No,N/A,No,Yes,No,No,N/A,99
Intel,Intel Core i3-14100T,i3-14100T,i3,14th,4,4,0,8,4.40,2.70,N/A,N/A,12,35,192,Up to DDR5 4800 MT/s Up to DDR4 3200 MT/s,20,LGA1700,UHD 730,1.50,No,Yes,No,No,"HDMI: 4096 x 2160 @ 60Hz
DP: 7680 x 4320 @ 60Hz
eDP: 5120 x 3200 @ 120Hz",
Intel,Intel Core i3-14100,i3-14100,i3,14th,4,4,0,8,4.70,3.50,N/A,N/A,12,60,192,Up to DDR5 4800 MT/s Up to DDR4 3200 MT/s,20,LGA1700,UHD 730,1.50,No,Yes,No,No,"HDMI: 4096 x 2160 @ 60Hz
DP: 7680 x 4320 @ 60Hz
eDP: 5120 x 3200 @ 120Hz",204.99
Intel,Intel Core i9-14900K,i9-14900K,i9,14th,24,8,16,32,6.00,3.20,2.40,N/A,36,125,192,"Up to DDR5 5600, 
Up to DDR4 3200",20,LGA1700,UHD 770,1.65,No,Yes,Yes,Yes,"HDMI: 4096 x 2160 @ 60Hz
DP: 7680 x 4320 @ 60Hz
eDP: 5120 x 3200 @ 120Hz",468.99
Intel,Intel Core i9-14900KF,i9-14900KF,i9,14th,24,8,16,32,6.00,3.20,2.40,N/A,36,125,192,"Up to DDR5 5600, 
Up to DDR4 3200",20,LGA1700,No,N/A,No,Yes,Yes,No,N/A,439.79
Intel,Intel Core i7-14700K,i7-14700K,i7,14th,20,8,12,28,5.60,3.40,2.50,N/A,33,125,192,"Up to DDR5 5600, 
Up to DDR4 3200",20,LGA1700,UHD 770,1.60,No,Yes,Yes,Yes,"HDMI: 4096 x 2160 @ 60Hz
DP: 7680 x 4320 @ 60Hz
eDP: 5120 x 3200 @ 120Hz",339.79
Intel,Intel Core i7-14700KF ,i7-14700KF ,i7,14th,20,8,12,28,5.60,3.40,2.50,N/A,33,125,192,"Up to DDR5 5600, 
Up to DDR4 3200",20,LGA1700,No,N/A,No,Yes,Yes,No,N/A,
Intel,Intel Core i5-14600K ,i5-14600K ,i5,14th,14,6,8,20,5.30,3.50,2.60,N/A,24,125,192,"Up to DDR5 5600, 
Up to DDR4 3200",20,LGA1700,UHD 770,1.55,No,Yes,No,Yes,"HDMI: 4096 x 2160 @ 60Hz
DP: 7680 x 4320 @ 60Hz
eDP: 5120 x 3200 @ 120Hz",
Intel,Intel Core  i5-14600KF , i5-14600KF ,i5,14th,14,6,8,20,5.30,3.50,2.60,N/A,24,125,192,"Up to DDR5 5600, 
Up to DDR4 3200",20,LGA1700,No,N/A,No,Yes,No,No,N/A,
Intel,Intel Core i9-13900KS,i9-13900KS,i9,13th,24,8,16,32,6.00,3.20,2.40,N/A,36,150,128,"Up to DDR5 5600
Up to DDR4 3200",20,LGA1700,UHD 770,1.65,No,Yes,Yes,Yes,"HDMI: 4096 x 2160 @ 60Hz
DP: 7680 x 4320 @ 60Hz
eDP: 5120 x 3200 @ 120Hz",707
Intel,Intel Core i9-13900F,i9-13900F,i9,13th,24,8,16,32,5.60,2.00,1.50,N/A,36,65,128,"Up to DDR5 5600, 
Up to DDR4 3200",20,LGA1700,No,N/A,No,Yes,Yes,No,N/A,0
Intel,Intel Core i9-13900,i9-13900,i9,13th,24,8,16,32,5.60,2.00,1.50,N/A,36,65,128,"Up to DDR5 5600, 
Up to DDR4 3200",20,LGA1700,UHD 770,1.65,No,Yes,Yes,Yes,"HDMI: 4096 x 2160 @ 60Hz
DP: 7680 x 4320 @ 60Hz
eDP: 5120 x 3200 @ 120Hz",
Intel,Intel Core i9-13900T,i9-13900T,i9,13th,24,8,16,32,5.30,1.10,0.80,N/A,36,35,128,"Up to DDR5 5600, 
Up to DDR4 3200",20,LGA1700,UHD 770,1.65,No,Yes,Yes,Yes,"HDMI: 4096 x 2160 @ 60Hz
DP: 7680 x 4320 @ 60Hz
eDP: 5120 x 3200 @ 120Hz",0
Intel,Intel Core i7-13700F,i7-13700F,i7,13th,16,8,8,24,5.20,2.10,1.50,N/A,30,65,128,"Up to DDR5 5600, 
Up to DDR4 3200",20,LGA1700,No,N/A,No,Yes,Yes,No,N/A,0
Intel,Intel Core i7-13700,i7-13700,i7,13th,16,8,8,24,5.20,2.10,1.50,N/A,30,65,128,"Up to DDR5 5600, 
Up to DDR4 3200",20,LGA1700,UHD 770,1.60,No,Yes,Yes,Yes,"HDMI: 4096 x 2160 @ 60Hz
DP: 7680 x 4320 @ 60Hz
eDP: 5120 x 3200 @ 120Hz",
Intel,Intel Core i7-13700T,i7-13700T,i7,13th,16,8,8,24,4.90,1.40,1.00,N/A,30,35,128,"Up to DDR5 5600, 
Up to DDR4 3200",20,LGA1700,UHD 770,1.60,No,Yes,Yes,Yes,"HDMI: 4096 x 2160 @ 60Hz
DP: 7680 x 4320 @ 60Hz
eDP: 5120 x 3200 @ 120Hz",0
Intel,Intel Core i5-13600,i5-13600,i5,13th,14,6,8,20,5.00,2.70,2.00,N/A,24,65,128,"Up to DDR5 4800
Up to DDR4 3200",20,LGA1700,UHD 770,1.55,No,Yes,No,Yes,"HDMI: 4096 x 2160 @ 60Hz
DP: 7680 x 4320 @ 60Hz
eDP: 5120 x 3200 @ 120Hz",0
Intel,Intel Core i5-13600T,i5-13600T,i5,13th,14,6,8,20,4.80,1.80,1.30,N/A,24,35,128,"Up to DDR5 4800
Up to DDR4 3200",20,LGA1700,UHD 770,1.55,No,Yes,No,Yes,"HDMI: 4096 x 2160 @ 60Hz
DP: 7680 x 4320 @ 60Hz
eDP: 5120 x 3200 @ 120Hz",
Intel,Intel Core i5-13500,i5-13500,i5,13th,14,6,8,20,4.80,2.50,1.80,N/A,24,65,128,"Up to DDR5 4800
Up to DDR4 3200",20,LGA1700,UHD 770,1.55,No,Yes,No,Yes,"HDMI: 4096 x 2160 @ 60Hz
DP: 7680 x 4320 @ 60Hz
eDP: 5120 x 3200 @ 120Hz",0
Intel,Intel Core i5-13500T,i5-13500T,i5,13th,14,6,8,20,4.60,1.60,1.20,N/A,24,35,128,"Up to DDR5 4800
Up to DDR4 3200",20,LGA1700,UHD 770,1.55,No,Yes,No,Yes,"HDMI: 4096 x 2160 @ 60Hz
DP: 7680 x 4320 @ 60Hz
eDP: 5120 x 3200 @ 120Hz",
Intel,Intel Core i5-13400F,i5-13400F,i5,13th,10,6,4,16,4.60,2.50,1.80,N/A,20,65,128,"Up to DDR5 4800
Up to DDR4 3200",20,LGA1700,No,N/A,No,Yes,No,No,N/A,234.29
Intel,Intel Core i5-13400,i5-13400,i5,13th,10,6,4,16,4.60,2.50,1.80,N/A,20,65,128,"Up to DDR5 4800
Up to DDR4 3200",20,LGA1700,UHD 730,1.55,No,Yes,No,No,"HDMI: 4096 x 2160 @ 60Hz
DP: 7680 x 4320 @ 60Hz
eDP: 5120 x 3200 @ 120Hz",370.57
Intel,Intel Core i5-13400T ,i5-13400T ,i5,13th,10,6,4,16,4.40,1.30,1.00,N/A,20,35,128,"Up to DDR5 4800
Up to DDR4 3200",20,LGA1700,UHD 730,1.55,No,Yes,No,No,"HDMI: 4096 x 2160 @ 60Hz
DP: 7680 x 4320 @ 60Hz
eDP: 5120 x 3200 @ 120Hz",
Intel,Intel Core i9-13900K,i9-13900K,i9,13th,24,8,16,32,5.80,3.00,2.20,N/A,36,125,128,"Up to DDR5 5600, 
Up to DDR4 3200",20,LGA1700,UHD 770,1.65,No,Yes,Yes,Yes,"HDMI: 4096 x 2160 @ 60Hz
DP: 7680 x 4320 @ 60Hz
eDP: 5120 x 3200 @ 120Hz",599.95
Intel,Intel Core i9-13900KF,i9-13900KF,i9,13th,24,8,16,32,5.80,3.00,2.20,N/A,36,125,128,"Up to DDR5 5600, 
Up to DDR4 3200",20,LGA1700,No,N/A,No,Yes,Yes,No,N/A,606.78
Intel,Intel Core i7-13700K,i7-13700K,i7,13th,16,8,8,24,5.40,3.40,2.50,N/A,30,125,128,"Up to DDR5 5600, 
Up to DDR4 3200",20,LGA1700,UHD 770,1.60,No,Yes,Yes,Yes,"HDMI: 4096 x 2160 @ 60Hz
DP: 7680 x 4320 @ 60Hz
eDP: 5120 x 3200 @ 120Hz",457.29
Intel,Intel Core i7-13700KF ,i7-13700KF ,i7,13th,16,8,8,24,5.40,3.40,2.50,N/A,30,125,128,"Up to DDR5 5600, 
Up to DDR4 3200",20,LGA1700,No,N/A,No,Yes,Yes,No,N/A,
Intel,Intel Core i5-13600K ,i5-13600K ,i5,13th,14,6,8,20,5.10,3.50,2.60,N/A,24,125,128,"Up to DDR5 5600, 
Up to DDR4 3200",20,LGA1700,UHD 770,1.50,No,Yes,No,Yes,"HDMI: 4096 x 2160 @ 60Hz
DP: 7680 x 4320 @ 60Hz
eDP: 5120 x 3200 @ 120Hz",
Intel,Intel Core  i5-13600KF , i5-13600KF ,i5,13th,14,6,8,20,5.10,3.50,2.60,N/A,24,125,128,"Up to DDR5 5600, 
Up to DDR4 3200",20,LGA1700,No,N/A,No,Yes,No,No,N/A,
Intel,Intel Core i3-13100,i3-13100,i3,13th,4,4,0,8,4.50,3.40,N/A,N/A,12,60,128,"Up to DDR5 4800
Up to DDR4 3200",20,LGA1700,UHD 730,1.50,No,Yes,No,No,"HDMI: 4096 x 2160 @ 60Hz
DP: 7680 x 4320 @ 60Hz
eDP: 5120 x 3200 @ 120Hz",
Intel,Intel Core i3-13100F,i3-13100F,i3,13th,4,4,0,8,4.50,3.40,N/A,N/A,12,58,128,"Up to DDR5 4800
Up to DDR4 3200",20,LGA1700,No,N/A,No,Yes,No,No,N/A,141.87
Intel,Intel Core i3-13100T,i3-13100T,i3,13th,4,4,0,8,4.20,2.50,N/A,N/A,12,35,128,"Up to DDR5 4800
Up to DDR4 3200",20,LGA1700,UHD 730,1.50,No,Yes,No,No,"HDMI: 4096 x 2160 @ 60Hz
DP: 7680 x 4320 @ 60Hz
eDP: 5120 x 3200 @ 120Hz",0
Intel,Intel Core i9-12900KS,i9-12900KS,i9,12th,16,8,8,24,5.50,3.40,2.50,N/A,30,150,128,"Up to DDR5-4800, 
Up to DDR4-3200",20,LGA1700,UHD 770,1.55,Yes,Yes,Yes,Yes,"HDMI: 4096 x 2160 @ 60Hz
DP: 7680 x 4320 @ 60Hz
eDP: 5120 x 3200 @ 120Hz",479.99
Intel,Intel Core i9-12900K,i9-12900K,i9,12th,16,8,8,24,5.20,3.20,2.40,N/A,30,125,128,"Up to DDR5-4800, 
Up to DDR4-3200",20,LGA1700,UHD 770,1.55,Yes,Yes,Yes,Yes,"HDMI: 4096 x 2160 @ 60Hz
DP: 7680 x 4320 @ 60Hz
eDP: 5120 x 3200 @ 120Hz",329.99
Intel,Intel Core i9-12900KF,i9-12900KF,i9,12th,16,8,8,24,5.20,3.20,2.40,N/A,30,125,128,"Up to DDR5-4800, 
Up to DDR4-3200",20,LGA1700,No,N/A,Yes,Yes,Yes,No,N/A,309.99
Intel,Intel Core i9-12900F,i9-12900F,i9,12th,16,8,8,24,5.10,2.40,1.80,N/A,30,65,128,"Up to DDR5-4800, 
Up to DDR4-3200",20,LGA1700,No,N/A,Yes,Yes,Yes,No,N/A,
Intel,Intel Core i9-12900,i9-12900,i9,12th,16,8,8,24,5.10,2.40,1.80,N/A,30,65,128,"Up to DDR5-4800, 
Up to DDR4-3200",20,LGA1700,UHD 770,1.55,Yes,Yes,Yes,Yes,"HDMI: 4096 x 2160 @ 60Hz
DP: 7680 x 4320 @ 60Hz
eDP: 5120 x 3200 @ 120Hz",
Intel,Intel Core i7-12700,i7-12700,i7,12th,12,8,4,20,4.90,2.10,1.60,N/A,25,65,128,"Up to DDR5-4800, 
Up to DDR4-3200",20,LGA1700,UHD 770,1.50,Yes,Yes,yes,Yes,"HDMI: 4096 x 2160 @ 60Hz
DP: 7680 x 4320 @ 60Hz
eDP: 5120 x 3200 @ 120Hz",449.99
Intel,Intel Core i7-12700F,i7-12700F,i7,12th,12,8,4,20,4.90,2.10,1.60,N/A,25,65,128,"Up to DDR5-4800, 
Up to DDR4-3200",20,LGA1700,No,N/A,Yes,Yes,Yes,No,N/A,284.99
Intel,Intel Core i9-12900T,i9-12900T,i9,12th,16,8,8,24,4.90,1.40,1.00,N/A,30,35,128,"Up to DDR5-4800, 
Up to DDR4-3200",20,LGA1700,UHD 770,1.55,Yes,Yes,Yes,Yes,"HDMI: 4096 x 2160 @ 60Hz
DP: 7680 x 4320 @ 60Hz
eDP: 5120 x 3200 @ 120Hz",
Intel,Intel Core i7-12700K,i7-12700K,i7,12th,12,8,4,20,5.00,3.60,2.70,N/A,25,125,128,"Up to DDR5-4800, 
Up to DDR4-3200",20,LGA1700,UHD 770,1.50,Yes,Yes,yes,yes,"HDMI: 4096 x 2160 @ 60Hz
DP: 7680 x 4320 @ 60Hz
eDP: 5120 x 3200 @ 120Hz
",284.58
Intel,Intel Core i7-12700KF,i7-12700KF,i7,12th,12,8,4,20,5.00,3.60,2.70,N/A,25,125,128,"Up to DDR5-4800, 
Up to DDR4-3200",20,LGA1700,No,N/A,Yes,Yes,Yes,No,N/A,268.95
Intel,Intel Core i5-12600,i5-12600,i5,12th,6,6,0,12,4.80,3.30,N/A,N/A,18,65,128,"Up to DDR5-4800, 
Up to DDR4-3200",20,LGA1700,UHD 770,1.45,Yes,Yes,No,Yes,"HDMI: 4096 x 2160 @ 60Hz
DP: 7680 x 4320 @ 60Hz
eDP: 5120 x 3200 @ 120Hz",
Intel,Intel Core i5-12400,i5-12400,i5,12th,6,6,0,12,4.40,2.50,N/A,N/A,18,65,128,"Up to DDR5-4800, 
Up to DDR4-3200",20,LGA1700,UHD 730,1.45,Yes,Yes,No,No,"HDMI: 4096 x 2160 @ 60Hz
DP: 7680 x 4320 @ 60Hz
eDP: 5120 x 3200 @ 120Hz",215.99
Intel,Intel Core i5-12400F,i5-12400F,i5,12th,6,6,0,12,4.40,2.50,N/A,N/A,18,65,128,"Up to DDR5-4800, 
Up to DDR4-3200",20,LGA1700,No,N/A,Yes,Yes,No,No,N/A,148.86
Intel,Intel Core i7-12700T,i7-12700T,i7,12th,12,8,4,20,4.70,1.40,1.00,N/A,25,35,128,"Up to DDR5-4800, 
Up to DDR4-3200",20,LGA1700,UHD 770,1.50,Yes,Yes,yes,Yes,"HDMI: 4096 x 2160 @ 60Hz
DP: 7680 x 4320 @ 60Hz
eDP: 5120 x 3200 @ 120Hz",
Intel,Intel Core i5-12400T,i5-12400T,i5,12th,6,6,0,12,4.20,1.80,N/A,N/A,18,35,128,"Up to DDR5-4800, 
Up to DDR4-3200",20,LGA1700,UHD 730,1.45,Yes,Yes,No,No,"HDMI: 4096 x 2160 @ 60Hz
DP: 7680 x 4320 @ 60Hz
eDP: 5120 x 3200 @ 120Hz",
Intel,Intel Core i5-12500,i5-12500,i5,12th,6,6,0,12,4.60,3.00,N/A,N/A,18,65,128,"Up to DDR5-4800, 
Up to DDR4-3200",20,LGA1700,UHD 770,1.45,Yes,Yes,No,Yes,"HDMI: 4096 x 2160 @ 60Hz
DP: 7680 x 4320 @ 60Hz
eDP: 5120 x 3200 @ 120Hz",219.99
Intel,Intel Core i5-12500T,i5-12500T,i5,12th,6,6,0,12,4.40,2.00,N/A,N/A,18,35,128,"Up to DDR5-4800, 
Up to DDR4-3200",20,LGA1700,UHD 770,1.45,Yes,Yes,No,Yes,"HDMI: 4096 x 2160 @ 60Hz
DP: 7680 x 4320 @ 60Hz
eDP: 5120 x 3200 @ 120Hz",
Intel,Intel Core i5-12600K,i5-12600K,i5,12th,10,6,4,16,4.90,3.70,2.80,N/A,20,125,128,"Up to DDR5-4800, 
Up to DDR4-3200",20,LGA1700,UHD 770,1.45,Yes,Yes,No,Yes,"HDMI: 4096 x 2160 @ 60Hz
DP: 7680 x 4320 @ 60Hz
eDP: 5120 x 3200 @ 120Hz",184.99
Intel,Intel Core i5-12600KF,i5-12600KF,i5,12th,10,6,4,16,4.90,3.70,2.80,N/A,20,125,128,"Up to DDR5-4800, 
Up to DDR4-3200",20,LGA1700,No,N/A,Yes,Yes,No,No,N/A,159.99
Intel,Intel Core i3-12300,i3-12300,i3,12th,4,4,0,8,4.40,3.50,N/A,N/A,12,60,128,"Up to DDR5-4800, 
Up to DDR4-3200",20,LGA1700,UHD 730,1.45,Yes,Yes,No,No,"HDMI: 4096 x 2160 @ 60Hz
DP: 7680 x 4320 @ 60Hz
eDP: 5120 x 3200 @ 120Hz",
Intel,Intel Core i3-12100,i3-12100,i3,12th,4,4,0,8,4.30,3.30,N/A,N/A,12,60,128,"Up to DDR5-4800, 
Up to DDR4-3200",20,LGA1700,UHD 730,1.40,Yes,Yes,No,No,"HDMI: 4096 x 2160 @ 60Hz
DP: 7680 x 4320 @ 60Hz
eDP: 5120 x 3200 @ 120Hz",224.87
Intel,Intel Core i3-12100F,i3-12100F,i3,12th,4,4,0,8,4.30,3.30,N/A,N/A,12,58,128,"Up to DDR5-4800, 
Up to DDR4-3200",20,LGA1700,No,N/A,Yes,Yes,No,No,N/A,94.27
Intel,Intel Core i5-12600T,i5-12600T,i5,12th,6,6,0,12,4.60,2.10,N/A,N/A,18,35,128,"Up to DDR5-4800, 
Up to DDR4-3200",20,LGA1700,UHD 770,1.45,Yes,Yes,No,Yes,"HDMI: 4096 x 2160 @ 60Hz
DP: 7680 x 4320 @ 60Hz
eDP: 5120 x 3200 @ 120Hz",
Intel,Intel Core i3-12300T,i3-12300T,i3,12th,4,4,0,8,4.20,2.30,N/A,N/A,12,35,128,"Up to DDR5-4800, 
Up to DDR4-3200",20,LGA1700,UHD 730,1.45,Yes,Yes,No,No,"HDMI: 4096 x 2160 @ 60Hz
DP: 7680 x 4320 @ 60Hz
eDP: 5120 x 3200 @ 120Hz",
Intel,Intel Core i3-12100T,i3-12100T,i3,12th,4,4,0,8,4.10,2.20,N/A,N/A,12,35,128,"Up to DDR5-4800, 
Up to DDR4-3200",20,LGA1700,UHD 730,1.40,Yes,Yes,No,No,"HDMI: 4096 x 2160 @ 60Hz
DP: 7680 x 4320 @ 60Hz
eDP: 5120 x 3200 @ 120Hz",0
Intel,Intel Core i7-11700,i7-11700,i7,11th,8,N/A,N/A,16,4.90,N/A,N/A,2.50,16,65,128,DDR4-3200,20,LGA1200,UHD 750,1.30,Yes,Yes,Yes,Yes,"HDMI: 4096 x 2304 @ 24Hz
DP: 3840 x 2160 @ 60Hz
eDP: 3840x 2160 @ 60Hz",0
Intel,Intel Core i9-11900T,i9-11900T,i9,11th,8,N/A,N/A,16,4.90,N/A,N/A,1.50,16,35,128,DDR4-3200,20,LGA1200,UHD 750,1.30,Yes,Yes,Yes,Yes,"HDMI: 4096 x 2160 @ 60Hz
DP: 5120 x 3200 @ 60Hz
eDP: 5120 x 3200 @60Hz",
Intel,Intel Core i9-11900KF,i9-11900KF,i9,11th,8,N/A,N/A,16,5.20,N/A,N/A,3.50,16,125,128,DDR4-3200,20,LGA1200,No ,N/A,Yes,Yes,Yes,No,N/A,
Intel,Intel Core i9-11900K,i9-11900K,i9,11th,8,N/A,N/A,16,5.30,N/A,N/A,3.50,16,125,128,DDR4-3200,20,LGA1200,UHD 750,1.30,Yes,Yes,Yes,Yes,"HDMI: 4096 x 2160 @ 60Hz
DP: 5120 x 3200 @ 60Hz
eDP: 5120 x 3200 @60Hz",429
Intel,Intel Core i9-11900F,i9-11900F,i9,11th,8,N/A,N/A,16,5.20,N/A,N/A,2.50,16,65,128,DDR4-3200,20,LGA1200,No ,N/A,Yes,Yes,Yes,No,N/A,0
Intel,Intel Core i9-11900,i9-11900,i9,11th,8,N/A,N/A,16,5.20,N/A,N/A,2.50,16,65,128,DDR4-3200,20,LGA1200,UHD 750,1.30,Yes,Yes,Yes,Yes,"HDMI: 4096 x 2160 @ 60Hz
DP: 5120 x 3200 @ 60Hz
eDP: 5120 x 3200 @60Hz",0
Intel,Intel Core i7-11700T,i7-11700T,i7,11th,8,N/A,N/A,16,4.60,N/A,N/A,1.40,16,35,128,DDR4-3200,20,LGA1200,UHD 750,1.30,Yes,Yes,Yes,Yes,"HDMI: 4096 x 2160 @ 60Hz
DP: 5120 x 3200 @ 60Hz
eDP: 5120 x 3200 @60Hz",
Intel,Intel Core i7-11700KF,i7-11700KF,i7,11th,8,N/A,N/A,16,5.00,N/A,N/A,3.60,16,125,128,DDR4-3200,20,LGA1200,No ,N/A,Yes,Yes,Yes,No,N/A,439.99
Intel,Intel Core i7-11700K,i7-11700K,i7,11th,8,N/A,N/A,16,5.00,N/A,N/A,3.60,16,125,128,DDR4-3200,20,LGA1200,UHD 750,1.30,Yes,Yes,Yes,Yes,"HDMI: 4096 x 2160 @ 60Hz
DP: 5120 x 3200 @ 60Hz
eDP: 5120 x 3200 @60Hz",0
Intel,Intel Core i7-11700F,i7-11700F,i7,11th,8,N/A,N/A,16,4.90,N/A,N/A,2.50,16,65,128,DDR4-3200,20,LGA1200,No ,N/A,Yes,Yes,Yes,No,N/A,0
Intel,Intel Core i5-11600T,i5-11600T,i5,11th,6,N/A,N/A,12,4.10,N/A,N/A,1.70,12,35,128,DDR4-3200,20,LGA1200,UHD 750,1.30,Yes,Yes,No,Yes,"HDMI: 4096 x 2160 @ 60Hz
DP: 5120 x 3200 @ 60Hz
eDP: 5120 x 3200 @60Hz",
Intel,Intel Core i5-11600KF,i5-11600KF,i5,11th,6,N/A,N/A,12,4.90,N/A,N/A,3.90,12,125,128,DDR4-3200,20,LGA1200,No ,N/A,Yes,Yes,No,No,N/A,
Intel,Intel Core i5-11600K,i5-11600K,i5,11th,6,N/A,N/A,12,4.90,N/A,N/A,3.90,12,125,128,DDR4-3200,20,LGA1200,UHD 750,1.30,Yes,Yes,No,Yes,"HDMI: 4096 x 2160 @ 60Hz
DP: 5120 x 3200 @ 60Hz
eDP: 5120 x 3200 @60Hz",199
Intel,Intel Core i5-11600,i5-11600,i5,11th,6,N/A,N/A,12,4.80,N/A,N/A,2.80,12,65,128,DDR4-3200,20,LGA1200,UHD 750,1.30,Yes,Yes,No,Yes,"HDMI: 4096 x 2160 @ 60Hz
DP: 5120 x 3200 @ 60Hz
eDP: 5120 x 3200 @60Hz",0
Intel,Intel Core i5-11500T,i5-11500T,i5,11th,6,N/A,N/A,12,3.90,N/A,N/A,1.50,12,35,128,DDR4-3200,20,LGA1200,UHD 750,1.20,Yes,Yes,No,Yes,"HDMI: 4096 x 2160 @ 60Hz
DP: 5120 x 3200 @ 60Hz
eDP: 5120 x 3200 @60Hz",
Intel,Intel Core i5-11500,i5-11500,i5,11th,6,N/A,N/A,12,4.60,N/A,N/A,2.70,12,65,128,DDR4-3200,20,LGA1200,UHD 750,1.30,Yes,Yes,No,Yes,"HDMI: 4096 x 2160 @ 60Hz
DP: 5120 x 3200 @ 60Hz
eDP: 5120 x 3200 @ 60Hz",
Intel,Intel Core i5-11400F,i5-11400F,i5,11th,6,N/A,N/A,12,4.40,N/A,N/A,2.60,12,65,128,DDR4-3200,20,LGA1200,No ,N/A,Yes,Yes,No,No,N/A,0
Intel,Intel Core i3-10325,i3-10325,i3,10th,4,N/A,N/A,8,4.70,N/A,N/A,3.90,8,65,128,DDR4-2666,16,LGA1200,UHD 630,1.15,Yes,Yes,No,No,"HDMI: 4096 x 2160 @ 30Hz
DP: 4096 x 2304 @ 60Hz
eDP: 4096 x 2304 @ 60Hz",0
Intel,Intel Core i3-10305T,i3-10305T,i3,10th,4,N/A,N/A,8,4.00,N/A,N/A,3.00,8,35,128,DDR4-2666,16,LGA1200,UHD 630,1.10,Yes,Yes,No,No,"HDMI: 4096 x 2160 @ 30Hz
DP: 4096 x 2304 @ 60Hz
eDP: 4096 x 2304 @ 60Hz",
Intel,Intel Core i3-10305,i3-10305,i3,10th,4,N/A,N/A,8,4.50,N/A,N/A,3.80,8,65,128,DDR4-2666,16,LGA1200,UHD 630,1.15,Yes,Yes,No,No,"HDMI: 4096 x 2160 @ 30Hz
DP: 4096 x 2304 @ 60Hz
eDP: 4096 x 2304 @ 60Hz",0
Intel,Intel Core i3-10105T,i3-10105T,i3,10th,4,N/A,N/A,8,3.90,N/A,N/A,3.00,6,35,128,DDR4-2666,16,LGA1200,UHD 630,1.10,Yes,Yes,No,No,"HDMI: 4096 x 2160 @ 30Hz
DP: 4096 x 2304 @ 60Hz
eDP: 4096 x 2304 @ 60Hz",
Intel,Intel Core i3-10105,i3-10105,i3,10th,4,N/A,N/A,8,4.40,N/A,N/A,3.70,6,65,128,DDR4-2666,16,LGA1200,UHD 630,1.10,Yes,Yes,No,No,"HDMI: 4096 x 2160 @ 30Hz
DP: 4096 x 2304 @ 60Hz
eDP: 4096 x 2304 @ 60Hz",
Intel,Intel Core i3-10105F,i3-10105F,i3,10th,4,N/A,N/A,8,4.40,N/A,N/A,3.70,6,65,128,DDR4-2666,16,LGA1200,No ,N/A,Yes,Yes,No,No,N/A,
Intel,Intel Core i3-10100F,i3-10100F,i3,10th,4,N/A,N/A,8,4.30,N/A,N/A,3.60,6,65,128,DDR4-2666,16,LGA1200,No ,N/A,Yes,Yes,No,No,N/A,0
Intel,Intel Core i9-10850K,i9-10850K,i9,10th,10,N/A,N/A,20,5.20,N/A,N/A,3.60,20,125,128,DDR4-2933,16,LGA1200,UHD 630,1.20,Yes,Yes,Yes,No,"HDMI: 4096 x 2160 @ 30Hz
DP: 4096 x 2304 @ 60Hz
eDP: 4096 x 2304 @ 60Hz",0
Intel,Intel Core i9-10900T,i9-10900T,i9,10th,10,N/A,N/A,20,4.60,N/A,N/A,1.90,20,35,128,DDR4-2933,16,LGA1200,UHD 630,1.20,Yes,Yes,Yes,Yes,"HDMI: 4096 x 2160 @ 30Hz
DP: 4096 x 2304 @ 60Hz
eDP: 4096 x 2304 @ 60Hz",
Intel,Intel Core i9-10900KF,i9-10900KF,i9,10th,10,N/A,N/A,20,5.30,N/A,N/A,3.70,20,125,128,DDR4-2933,16,LGA1200,No ,N/A,Yes,Yes,Yes,No,N/A,
Intel,Intel Core i9-10900K,i9-10900K,i9,10th,10,N/A,N/A,20,5.30,N/A,N/A,3.70,20,125,128,DDR4-2933,16,LGA1200,UHD 630,1.20,Yes,Yes,Yes,Yes,"HDMI: 4096 x 2160 @ 30Hz
DP: 4096 x 2304 @ 60Hz
eDP: 4096 x 2304 @ 60Hz",0
Intel,Intel Core i9-10900F,i9-10900F,i9,10th,10,N/A,N/A,20,5.20,N/A,N/A,2.80,20,65,128,DDR4-2933,16,LGA1200,No ,N/A,Yes,Yes,Yes,No,N/A,0
Intel,Intel Core i9-10900,i9-10900,i9,10th,10,N/A,N/A,20,5.20,N/A,N/A,2.80,20,65,128,DDR4-2933,16,LGA1200,UHD 630,1.20,Yes,Yes,Yes,Yes,"HDMI: 4096 x 2160 @ 30Hz
DP: 4096 x 2304 @ 60Hz
eDP: 4096 x 2304 @ 60Hz",582
Intel,Intel Core i7-10700T,i7-10700T,i7,10th,8,N/A,N/A,16,4.50,N/A,N/A,2.00,16,35,128,DDR4-2933,16,LGA1200,UHD 630,1.20,Yes,Yes,Yes,yes,"HDMI: 4096 x 2304 @ 24Hz
DP: 3840 x 2160 @ 60Hz
eDP: 3840x 2160 @ 60Hz",
Intel,Intel Core i7-10700KF,i7-10700KF,i7,10th,8,N/A,N/A,16,5.10,N/A,N/A,3.80,16,125,128,DDR4-2933,16,LGA1200,No ,N/A,Yes,Yes,Yes,No,N/A,
Intel,Intel Core i7-10700K,i7-10700K,i7,10th,8,N/A,N/A,16,5.10,N/A,N/A,3.80,16,125,128,DDR4-2933,16,LGA1200,UHD 630,1.20,Yes,Yes,Yes,Yes,"HDMI: 4096 x 2160 @ 30Hz
DP: 4096 x 2304 @ 60Hz
eDP: 4096 x 2304 @ 60Hz",380.99
Intel,Intel Core i7-10700F,i7-10700F,i7,10th,8,N/A,N/A,16,4.80,N/A,N/A,2.90,16,65,128,DDR4-2933,16,LGA1200,No ,N/A,Yes,Yes,Yes,No,N/A,299
Intel,Intel Core i7-10700,i7-10700,i7,10th,8,N/A,N/A,16,4.80,N/A,N/A,2.90,16,65,128,DDR4-2933,16,LGA1200,UHD 630,1.20,Yes,Yes,Yes,yes,"HDMI: 4096 x 2160 @ 30Hz
DP: 4096 x 2304 @ 60Hz
eDP: 4096 x 2304 @ 60Hz",0
Intel,Intel Core i5-10600T,i5-10600T,i5,10th,6,N/A,N/A,12,4.00,N/A,N/A,2.40,12,35,128,DDR4-2666,16,LGA1200,UHD 630,1.20,Yes,Yes,No,Yes,"HDMI: 4096 x 2160 @ 30Hz
DP: 4096 x 2304 @ 60Hz
eDP: 4096 x 2304 @ 60Hz",
Intel,Intel Core i5-10600KF,i5-10600KF,i5,10th,6,N/A,N/A,12,4.80,N/A,N/A,4.10,12,125,128,DDR4-2666,16,LGA1200,No ,N/A,Yes,Yes,No,No,N/A,
Intel,Intel Core i5-10600K,i5-10600K,i5,10th,6,N/A,N/A,12,4.80,N/A,N/A,4.10,12,125,128,DDR4-2666,16,LGA1200,UHD 630,1.20,Yes,Yes,No,Yes,"HDMI: 4096 x 2160 @ 30Hz
DP: 4096 x 2304 @ 60Hz
eDP: 4096 x 2304 @ 60Hz",249
Intel,Intel Core i5-10600,i5-10600,i5,10th,6,N/A,N/A,12,4.80,N/A,N/A,3.30,12,65,128,DDR4-2666,16,LGA1200,UHD 630,1.20,Yes,Yes,No,Yes,"HDMI: 4096 x 2160 @ 30Hz
DP: 4096 x 2304 @ 60Hz
eDP: 4096 x 2304 @ 60Hz",529.95
Intel,Intel Core i5-10500T,i5-10500T,i5,10th,6,N/A,N/A,12,3.80,N/A,N/A,2.30,12,35,128,DDR4-2666,16,LGA1200,UHD 630,1.15,Yes,Yes,No,Yes,"HDMI: 4096 x 2160 @ 30Hz
DP: 4096 x 2304 @ 60Hz
eDP: 4096 x 2304 @ 60Hz",
Intel,Intel Core i5-10500,i5-10500,i5,10th,6,N/A,N/A,12,4.50,N/A,N/A,3.10,12,65,128,DDR4-2666,16,LGA1200,UHD 630,1.15,Yes,Yes,No,Yes,"HDMI: 4096 x 2160 @ 30Hz
DP: 4096 x 2304 @ 60Hz
eDP: 4096 x 2304 @ 60Hz",229.95
Intel,Intel Core i5-10400T,i5-10400T,i5,10th,6,N/A,N/A,12,3.60,N/A,N/A,2.00,12,35,128,DDR4-2666,16,LGA1200,UHD 630,1.10,Yes,Yes,No,No,"HDMI: 4096 x 2160 @ 30Hz
DP: 4096 x 2304 @ 60Hz
eDP: 4096 x 2304 @ 60Hz",
Intel,Intel Core i5-10400F,i5-10400F,i5,10th,6,N/A,N/A,12,4.30,N/A,N/A,2.90,12,65,128,DDR4-2666,16,LGA1200,No ,N/A,Yes,Yes,No,No,N/A,177.89
Intel,Intel Core i5-10400,i5-10400,i5,10th,6,N/A,N/A,12,4.30,N/A,N/A,2.90,12,65,128,DDR4-2666,16,LGA1200,UHD 630,1.10,Yes,Yes,No,No,"HDMI: 4096 x 2160 @ 30Hz
DP: 4096 x 2304 @ 60Hz
eDP: 4096 x 2304 @ 60Hz",179.99
Intel,Intel Core i3-10320,i3-10320,i3,10th,4,N/A,N/A,8,4.60,N/A,N/A,3.80,8,65,128,DDR4-2666,16,LGA1200,UHD 630,1.15,Yes,Yes,No,No,"HDMI: 4096 x 2160 @ 30Hz
DP: 4096 x 2304 @ 60Hz
eDP: 4096 x 2304 @ 60Hz",120
Intel,Intel Core i3-10300T,i3-10300T,i3,10th,4,N/A,N/A,8,3.90,N/A,N/A,3.00,8,35,128,DDR4-2666,16,LGA1200,UHD 630,1.10,Yes,Yes,No,No,"HDMI: 4096 x 2160 @ 30Hz
DP: 4096 x 2304 @ 60Hz
eDP: 4096 x 2304 @ 60Hz",
Intel,Intel Core i3-10300,i3-10300,i3,10th,4,N/A,N/A,8,4.40,N/A,N/A,3.70,8,65,128,DDR4-2666,16,LGA1200,UHD 630,1.15,Yes,Yes,No,No,"HDMI: 4096 x 2160 @ 30Hz
DP: 4096 x 2304 @ 60Hz
eDP: 4096 x 2304 @ 60Hz",0
Intel,Intel Core i3-10100T,i3-10100T,i3,10th,4,N/A,N/A,8,3.80,N/A,N/A,3.00,6,35,128,DDR4-2666,16,LGA1200,UHD 630,1.10,Yes,Yes,No,No,"HDMI: 4096 x 2160 @ 30Hz
DP: 4096 x 2304 @ 60Hz
eDP: 4096 x 2304 @ 60Hz",0
Intel,Intel Core i3-10100,i3-10100,i3,10th,4,N/A,N/A,8,4.30,N/A,N/A,3.60,6,65,128,DDR4-2666,16,LGA1200,UHD 630,1.10,Yes,Yes,No,No,"HDMI: 4096 x 2160 @ 30Hz
DP: 4096 x 2304 @ 60Hz
eDP: 4096 x 2304 @ 60Hz",149.99
Intel,Intel Core i9-9900KS,i9-9900KS,i9,9th ,8,N/A,N/A,16,5.00,N/A,N/A,4.00,16,127,128,DDR4-2666,16,LGA1151,UHD 630,1.20,Yes,Yes,No,No,"HDMI: 4096 x 2304 @ 24Hz
DP: 4096 x 2304 @ 60Hz
eDP: 4096 x 2304 @ 60Hz",
Intel,Intel Core i9-10980XE,i9-10980XE,i9, X-series ,18,N/A,N/A,36,4.80,N/A,N/A,3.00,24.75,165,256,DDR4-2933,48,LGA2066,No ,N/A,Yes,Yes,Yes,No,N/A,
Intel,Intel Core i9-10940X,i9-10940X,i9, X-series ,14,N/A,N/A,28,4.80,N/A,N/A,3.30,19.25,165,256,DDR4-2933,48,LGA2066,No ,N/A,Yes,Yes,Yes,No,N/A,847.16
Intel,Intel Core i9-10920X,i9-10920X,i9, X-series ,12,N/A,N/A,24,4.80,N/A,N/A,3.50,19.25,165,256,DDR4-2933,48,LGA2066,No ,N/A,Yes,Yes,Yes,No,N/A,869.95
Intel,Intel Core i9-10900X,i9-10900X,i9, X-series ,10,N/A,N/A,20,4.70,N/A,N/A,3.70,19.25,165,256,DDR4-2933,48,LGA2066,No ,N/A,Yes,Yes,Yes,No,N/A,
Intel,Intel Core i9-9900T,i9-9900T,i9,9th ,8,N/A,N/A,16,4.40,N/A,N/A,2.10,16,35,128,DDR4-2666,16,LGA1151,UHD 630,1.20,Yes,Yes,No,Yes,"HDMI: 4096 x 2304 @ 24Hz
DP: 4096 x 2304 @ 60Hz
eDP: 4096 x 2304 @ 60Hz",0
Intel,Intel Core i9-9900,i9-9900,i9,9th ,8,N/A,N/A,16,5.00,N/A,N/A,3.10,16,65,128,DDR4-2666,16,LGA1151,UHD 630,1.20,Yes,Yes,No,Yes,"HDMI: 4096 x 2304 @ 24Hz
DP: 4096 x 2304 @ 60Hz
eDP: 4096 x 2304 @ 60Hz",0
Intel,Intel Core i7-9700T,i7-9700T,i7,9th ,8,N/A,N/A,8,4.30,N/A,N/A,2.00,12,35,128,DDR4-2666,16,LGA1151,UHD 630,1.20,Yes,Yes,No,Yes,"HDMI: 4096 x 2304 @ 24Hz
DP: 4096 x 2304 @ 60Hz
eDP: 4096 x 2304 @ 60Hz",0
Intel,Intel Core i7-9700F,i7-9700F,i7,9th ,8,N/A,N/A,8,4.70,N/A,N/A,3.00,12,65,128,DDR4-2666,16,LGA1151,No ,N/A,Yes,Yes,No,No,N/A,247.3
Intel,Intel Core i7-9700,i7-9700,i7,9th ,8,N/A,N/A,8,4.70,N/A,N/A,3.00,12,65,128,DDR4-2666,16,LGA1151,UHD 630,1.20,Yes,Yes,No,Yes,"HDMI: 4096 x 2304 @ 24Hz
DP: 4096 x 2304 @ 60Hz
eDP: 4096 x 2304 @ 60Hz",283.47
Intel,Intel Core i5-9600T,i5-9600T,i5,9th ,6,N/A,N/A,6,3.90,N/A,N/A,2.30,9,35,128,DDR4-2666,16,LGA1151,UHD 630,1.15,Yes,Yes,No,Yes,"HDMI: 4096 x 2304 @ 24Hz
DP: 4096 x 2304 @ 60Hz
eDP: 4096 x 2304 @ 60Hz",0
Intel,Intel Core i5-9600,i5-9600,i5,9th ,6,N/A,N/A,6,4.60,N/A,N/A,3.10,9,65,128,DDR4-2666,16,LGA1151,UHD 630,1.15,Yes,Yes,No,Yes,"HDMI: 4096 x 2304 @ 24Hz
DP: 4096 x 2304 @ 60Hz
eDP: 4096 x 2304 @ 60Hz",304.35
Intel,Intel Core i5-9500T,i5-9500T,i5,9th ,6,N/A,N/A,6,3.70,N/A,N/A,2.20,9,35,128,DDR4-2666,16,LGA1151,UHD 630,1.10,Yes,Yes,No,Yes,"HDMI: 4096 x 2304 @ 24Hz
DP: 4096 x 2304 @ 60Hz
eDP: 4096 x 2304 @ 60Hz",0
Intel,Intel Core i5-9500F,i5-9500F,i5,9th ,6,N/A,N/A,6,4.40,N/A,N/A,3.00,9,65,128,DDR4-2666,16,LGA1151,No ,N/A,Yes,Yes,No,No,N/A,0
Intel,Intel Core i5-9500,i5-9500,i5,9th ,6,N/A,N/A,6,4.40,N/A,N/A,3.00,9,65,128,DDR4-2666,16,LGA1151,UHD 630,1.10,Yes,Yes,No,Yes,"HDMI: 4096 x 2304 @ 24Hz
DP: 4096 x 2304 @ 60Hz
eDP: 4096 x 2304 @ 60Hz",0
Intel,Intel Core i5-9400T,i5-9400T,i5,9th ,6,N/A,N/A,6,3.40,N/A,N/A,1.80,9,35,128,DDR4-2666,16,LGA1151,UHD 630,1.05,Yes,Yes,No,No,"HDMI: 4096 x 2304 @ 24Hz
DP: 4096 x 2304 @ 60Hz
eDP: 4096 x 2304 @ 60Hz",0
Intel,Intel Core i3-9350K,i3-9350K,i3,9th ,4,N/A,N/A,4,4.60,N/A,N/A,4.00,8,91,64,DDR4-2400,16,LGA1151,UHD 630,1.15,Yes,Yes,No,No,"HDMI: 4096 x 2304 @ 24Hz
DP: 4096 x 2304 @ 60Hz
eDP: 4096 x 2304 @ 60Hz",0
Intel,Intel Core i3-9320,i3-9320,i3,9th ,4,N/A,N/A,4,4.40,N/A,N/A,3.70,8,62,64,DDR4-2400,16,LGA1151,UHD 630,1.15,Yes,Yes,No,No,"HDMI: 4096 x 2304 @ 24Hz
DP: 4096 x 2304 @ 60Hz
eDP: 4096 x 2304 @ 60Hz",0
Intel,Intel Core i3-9300T,i3-9300T,i3,9th ,4,N/A,N/A,4,3.80,N/A,N/A,3.20,8,35,64,DDR4-2400,16,LGA1151,UHD 630,1.10,Yes,Yes,No,No,"HDMI: 4096 x 2304 @ 24Hz
DP: 4096 x 2304 @ 60Hz
eDP: 4096 x 2304 @ 60Hz",
Intel,Intel Core i3-9300,i3-9300,i3,9th ,4,N/A,N/A,4,4.30,N/A,N/A,3.70,8,62,64,DDR4-2400,16,LGA1151,UHD 630,1.15,Yes,Yes,No,No,"HDMI: 4096 x 2304 @ 24Hz
DP: 4096 x 2304 @ 60Hz
eDP: 4096 x 2304 @ 60Hz",0
Intel,Intel Core i3-9100T,i3-9100T,i3,9th ,4,N/A,N/A,4,3.70,N/A,N/A,3.10,6,35,64,DDR4-2400,16,LGA1151,UHD 630,1.10,Yes,Yes,No,No,"HDMI: 4096 x 2304 @ 24Hz
DP: 4096 x 2304 @ 60Hz
eDP: 4096 x 2304 @ 60Hz",0
Intel,Intel Core i3-9100F,i3-9100F,i3,9th ,4,N/A,N/A,4,4.20,N/A,N/A,3.60,6,65,64,DDR4-2400,16,LGA1151,No ,N/A,Yes,Yes,No,No,N/A,96
Intel,Intel Core i3-9100,i3-9100,i3,9th ,4,N/A,N/A,4,4.20,N/A,N/A,3.60,6,65,64,DDR4-2400,16,LGA1151,UHD 630,1.10,Yes,Yes,No,No,"HDMI: 4096 x 2304 @ 24Hz
DP: 4096 x 2304 @ 60Hz
eDP: 4096 x 2304 @ 60Hz",
Intel,Intel Core i9-9900KF,i9-9900KF,i9,9th ,8,N/A,N/A,16,5.00,N/A,N/A,3.60,16,95,128,DDR4-2666,16,LGA1151,No ,N/A,Yes,Yes,No,No,N/A,399
Intel,Intel Core i7-9700KF,i7-9700KF,i7,9th ,8,N/A,N/A,8,4.90,N/A,N/A,3.60,12,95,128,DDR4-2666,16,LGA1151,No ,N/A,Yes,Yes,No,No,N/A,
Intel,Intel Core i5-9600KF,i5-9600KF,i5,9th ,6,N/A,N/A,6,4.60,N/A,N/A,3.70,9,95,128,DDR4-2666,16,LGA1151,No ,N/A,Yes,Yes,No,No,N/A,269.95
Intel,Intel Core i5-9400F,i5-9400F,i5,9th ,6,N/A,N/A,6,4.10,N/A,N/A,2.90,9,65,128,DDR4-2666,16,LGA1151,No ,N/A,Yes,Yes,No,No,N/A,0
Intel,Intel Core i5-9400,i5-9400,i5,9th ,6,N/A,N/A,6,4.10,N/A,N/A,2.90,9,65,128,DDR4-2666,16,LGA1151,UHD 630,1.10,Yes,Yes,No,No,"HDMI: 4096 x 2304 @ 24Hz
DP: 4096 x 2304 @ 60Hz
eDP: 4096 x 2304 @ 60Hz",144
Intel,Intel Core i3-9350KF,i3-9350KF,i3,9th ,4,N/A,N/A,4,4.60,N/A,N/A,4.00,8,91,64,DDR4-2400,16,LGA1151,No ,N/A,Yes,Yes,No,No,N/A,0
Intel,Intel Core i9-9980XE,i9-9980XE,i9, X-series ,18,N/A,N/A,36,4.50,N/A,N/A,3.00,24.75,165,128,DDR4-2666,44,LGA2066,No ,N/A,Yes,Yes,Yes,No,N/A,
Intel,Intel Core i9-9960X,i9-9960X,i9, X-series ,16,N/A,N/A,32,4.50,N/A,N/A,3.10,22,165,128,DDR4-2666,44,LGA2066,No ,N/A,Yes,Yes,Yes,No,N/A,999.99
Intel,Intel Core i9-9940X,i9-9940X,i9, X-series ,14,N/A,N/A,28,4.50,N/A,N/A,3.30,19.25,165,128,DDR4-2666,44,LGA2066,No ,N/A,Yes,Yes,Yes,No,N/A,1498.95
Intel,Intel Core i9-9920X,i9-9920X,i9, X-series ,12,N/A,N/A,24,4.50,N/A,N/A,3.50,19.25,165,128,DDR4-2666,44,LGA2066,No ,N/A,Yes,Yes,Yes,No,N/A,0
Intel,Intel Core i9-9900X,i9-9900X,i9, X-series ,10,N/A,N/A,20,4.50,N/A,N/A,3.50,19.25,165,128,DDR4-2666,44,LGA2066,No ,N/A,Yes,Yes,Yes,No,N/A,499.99
Intel,Intel Core i9-9900K,i9-9900K,i9,9th ,8,N/A,N/A,16,5.00,N/A,N/A,3.60,16,95,128,DDR4-2666,16,LGA1151,UHD 630,1.20,Yes,Yes,No,Yes,"HDMI: 4096 x 2304 @ 24Hz
DP: 4096 x 2304 @ 60Hz
eDP: 4096 x 2304 @ 60Hz",447
Intel,Intel Core i9-9820X,i9-9820X,i9, X-series ,10,N/A,N/A,20,4.20,N/A,N/A,3.30,16.5,165,128,DDR4-2666,44,LGA2066,No ,N/A,Yes,Yes,Yes,No,N/A,0
Intel,Intel Core i7-9800X,i7-9800X,i7, X-series ,8,N/A,N/A,16,4.50,N/A,N/A,3.80,16.5,165,128,DDR4-2666,44,LGA2066,No ,N/A,Yes,Yes,Yes,No,N/A,0
Intel,Intel Core i7-9700K,i7-9700K,i7,9th ,8,N/A,N/A,8,4.90,N/A,N/A,3.60,12,95,128,DDR4-2666,16,LGA1151,UHD 630,1.20,Yes,Yes,No,Yes,"HDMI: 4096 x 2304 @ 24Hz
DP: 4096 x 2304 @ 60Hz
eDP: 4096 x 2304 @ 60Hz",277.23
Intel,Intel Core i5-9600k,i5-9600k,i5,9th ,6,N/A,N/A,6,4.60,N/A,N/A,3.70,9,95,128,DDR4-2666,16,LGA1151,UHD 630,1.15,Yes,Yes,No,Yes,"HDMI: 4096 x 2304 @ 24Hz
DP: 4096 x 2304 @ 60Hz
eDP: 4096 x 2304 @ 60Hz",139.74
Intel,Intel Core i7-8700T,i7-8700T,i7,8th ,6,N/A,N/A,12,4.00,N/A,N/A,2.40,12,35,128,DDR4-2666,16,LGA1151,UHD 630,1.20,Yes,Yes,No,Yes,"HDMI: 4096 x 2304 @ 24Hz
DP: 4096 x 2304 @ 60Hz
eDP: 4096 x 2304 @ 60Hz",269.18
Intel,Intel Core i7+8700,i7+8700,i7,8th ,6,N/A,N/A,12,4.60,N/A,N/A,3.20,12,65,64,DDR4-2666,16,LGA1151,UHD 630,1.20,Yes,Yes,No,Yes,"HDMI: 4096 x 2304 @ 24Hz
DP: 4096 x 2304 @ 60Hz
eDP: 4096 x 2304 @ 60Hz",
Intel,Intel Core i7-8086K,i7-8086K,i7,8th ,6,N/A,N/A,12,5.00,N/A,N/A,4.00,12,95,128,DDR4-2666,16,LGA1151,UHD 630,1.20,Yes,Yes,No,No,"HDMI: 4096 x 2304 @ 24Hz
DP: 4096 x 2304 @ 60Hz
eDP: 4096 x 2304 @ 60Hz",0
Intel,Intel Core i5-8600T,i5-8600T,i5,8th ,6,N/A,N/A,6,3.70,N/A,N/A,2.30,9,35,128,DDR4-2666,16,LGA1151,UHD 630,1.15,Yes,Yes,No,Yes,"HDMI: 4096 x 2304 @ 24Hz
DP: 4096 x 2304 @ 60Hz
eDP: 4096 x 2304 @ 60Hz",0
Intel,Intel Core i5-8600,i5-8600,i5,8th ,6,N/A,N/A,6,4.30,N/A,N/A,3.10,9,65,128,DDR4-2666,16,LGA1151,UHD 630,1.15,Yes,Yes,No,Yes,"HDMI: 4096 x 2304 @ 24Hz
DP: 4096 x 2304 @ 60Hz
eDP: 4096 x 2304 @ 60Hz",164.85
Intel,Intel Core i5-8500T,i5-8500T,i5,8th ,6,N/A,N/A,6,3.50,N/A,N/A,2.10,9,35,128,DDR4-2666,16,LGA1151,UHD 630,1.10,Yes,Yes,No,Yes,"HDMI: 4096 x 2304 @ 24Hz
DP: 4096 x 2304 @ 60Hz
eDP: 4096 x 2304 @ 60Hz",
Intel,Intel Core i5-8500,i5-8500,i5,8th ,6,N/A,N/A,6,4.10,N/A,N/A,3.00,9,65,128,DDR4-2666,16,LGA1151,UHD 630,1.10,Yes,Yes,No,Yes,"HDMI: 4096 x 2304 @ 24Hz
DP: 4096 x 2304 @ 60Hz
eDP: 4096 x 2304 @ 60Hz",118.91
Intel,Intel Core i5-8400T,i5-8400T,i5,8th ,6,N/A,N/A,6,3.30,N/A,N/A,1.70,9,35,128,DDR4-2666,16,LGA1151,UHD 630,1.05,Yes,Yes,No,No,"HDMI: 4096 x 2304 @ 24Hz
DP: 4096 x 2304 @ 60Hz
eDP: 4096 x 2304 @ 60Hz",107.37
Intel,Intel Core i5-8400,i5-8400,i5,8th ,6,N/A,N/A,6,4.00,N/A,N/A,2.80,9,65,128,DDR4-2666,16,LGA1151,UHD 630,1.05,Yes,Yes,No,No,"HDMI: 4096 x 2304 @ 24Hz
DP: 4096 x 2304 @ 60Hz
eDP: 4096 x 2304 @ 60Hz",139
Intel,Intel Core i3-8300T,i3-8300T,i3,8th ,4,N/A,N/A,4,N/A,N/A,N/A,3.20,8,35,64,DDR4-2400,16,LGA1151,UHD 630,1.10,Yes,No,No,No,"HDMI: 4096 x 2304 @ 24Hz
DP: 4096 x 2304 @ 60Hz
eDP: 4096 x 2304 @ 60Hz",
Intel,Intel Core i3-8300,i3-8300,i3,8th ,4,N/A,N/A,4,N/A,N/A,N/A,3.70,8,62,64,DDR4-2400,16,LGA1151,UHD 630,1.15,Yes,No,No,No,"HDMI: 4096 x 2304 @ 24Hz
DP: 4096 x 2304 @ 60Hz
eDP: 4096 x 2304 @ 60Hz",0
Intel,Intel Core i3-8100T,i3-8100T,i3,8th ,4,N/A,N/A,4,N/A,N/A,N/A,3.10,6,35,64,DDR4-2400,16,LGA1151,UHD 630,1.10,Yes,No,No,No,"HDMI: 4096 x 2304 @ 24Hz
DP: 4096 x 2304 @ 60Hz
eDP: 4096 x 2304 @ 60Hz",59
Intel,Intel Core i7-8700K,i7-8700K,i7,8th ,6,N/A,N/A,12,4.70,N/A,N/A,3.70,12,95,128,DDR4-2666,16,LGA1151,UHD 630,1.20,Yes,Yes,No,Yes,"HDMI: 4096 x 2304 @ 24Hz
DP: 4096 x 2304 @ 60Hz
eDP: 4096 x 2304 @ 60Hz",196
Intel,Intel Core i7-8700,i7-8700,i7,8th ,6,N/A,N/A,12,4.60,N/A,N/A,3.20,12,65,128,DDR4-2666,16,LGA1151,UHD 630,1.20,Yes,Yes,No,Yes,"HDMI: 4096 x 2304 @ 24Hz
DP: 4096 x 2304 @ 60Hz
eDP: 4096 x 2304 @ 60Hz",137.66
Intel,Intel Core i5-8600K,i5-8600K,i5,8th ,6,N/A,N/A,6,4.30,N/A,N/A,3.60,9,95,128,DDR4-2666,16,LGA1151,UHD 630,1.15,Yes,Yes,No,Yes,"HDMI: 4096 x 2304 @ 24Hz
DP: 4096 x 2304 @ 60Hz
eDP: 4096 x 2304 @ 60Hz",0
Intel,Intel Core i5+8400,i5+8400,i5,8th ,6,N/A,N/A,6,4.00,N/A,N/A,2.80,9,65,64,DDR4-2666,16,LGA1151,UHD 630,1.05,Yes,Yes,No,No,"HDMI: 4096 x 2304 @ 24Hz
DP: 4096 x 2304 @ 60Hz
eDP: 4096 x 2304 @ 60Hz",
Intel,Intel Core i3-8350K,i3-8350K,i3,8th ,4,N/A,N/A,4,N/A,N/A,N/A,4.00,8,91,64,DDR4-2400,16,LGA1151,UHD 630,1.15,Yes,No,No,No,"HDMI: 4096 x 2304 @ 24Hz
DP: 4096 x 2304 @ 60Hz
eDP: 4096 x 2304 @ 60Hz",0
Intel,Intel Core i3-8100,i3-8100,i3,8th ,4,N/A,N/A,4,N/A,N/A,N/A,3.60,6,65,64,DDR4-2400,16,LGA1151,UHD 630,1.10,Yes,No,No,No,"HDMI: 4096 x 2304 @ 24Hz
DP: 4096 x 2304 @ 60Hz
eDP: 4096 x 2304 @ 60Hz",91.66
Intel,Intel Core i9-7980XE,i9-7980XE,i9, X-series ,18,N/A,N/A,36,4.20,N/A,N/A,2.60,24.75,165,128,DDR4-2666,44,LGA2066,No ,N/A,Yes,Yes,Yes,No,N/A,1489.95
Intel,Intel Core i9-7960X,i9-7960X,i9, X-series ,16,N/A,N/A,32,4.20,N/A,N/A,2.80,22,165,128,DDR4-2666,44,LGA2066,No ,N/A,Yes,Yes,Yes,No,N/A,0
Intel,Intel Core i9-7940X,i9-7940X,i9, X-series ,14,N/A,N/A,28,4.30,N/A,N/A,3.10,19.25,165,128,DDR4-2666,44,LGA2066,No ,N/A,Yes,Yes,Yes,No,N/A,0
Intel,Intel Core i9-7920X,i9-7920X,i9, X-series ,12,N/A,N/A,24,4.30,N/A,N/A,2.90,16.5,140,128,DDR4-2666,44,LGA2066,No ,N/A,Yes,Yes,Yes,No,N/A,394.99
Intel,Intel Core i9-7900X,i9-7900X,i9, X-series ,10,N/A,N/A,20,4.30,N/A,N/A,3.30,13.75,140,128,DDR4-2666,44,LGA2066,No ,N/A,Yes,Yes,Yes,No,N/A,0
Intel,Intel Core i7-7820X,i7-7820X,i7, X-series ,8,N/A,N/A,16,4.50,N/A,N/A,3.60,11,140,128,DDR4-2666,28,LGA2066,No ,N/A,Yes,Yes,Yes,No,N/A,349.99
Intel,Intel Core i7-7800X,i7-7800X,i7, X-series ,6,N/A,N/A,12,4.00,N/A,N/A,3.50,8.25,140,128,DDR4-2400,28,LGA2066,No ,N/A,Yes,Yes,No,No,N/A,88.85
Intel,Intel Core i7-7740X,i7-7740X,i7, X-series ,4,N/A,N/A,8,4.50,N/A,N/A,4.30,8,112,64,DDR4-2666,16,LGA2066,No ,N/A,Yes,Yes,No,No,N/A,209.95
Intel,Intel Core i5-7640X,i5-7640X,i5, X-series ,4,N/A,N/A,4,4.20,N/A,N/A,4.00,6,112,64,DDR4-2666,16,LGA2066,No ,N/A,Yes,Yes,No,No,N/A,288.06
Intel,Intel Core i7-7700T,i7-7700T,i7,7th ,4,N/A,N/A,8,3.80,N/A,N/A,2.90,8,35,64,"DDR4-2133/2400,
DDR3L-1333/1600 ",16,LGA1151,HD 630,1.15,Yes,Yes,No,Yes,"HDMI: 4096 x 2304 @ 24Hz
DP: 4096 x 2304 @ 60Hz
eDP: 4096 x 2304 @ 60Hz",0
Intel,Intel Core i7-7700K,i7-7700K,i7,7th ,4,N/A,N/A,8,4.50,N/A,N/A,4.20,8,91,64,"DDR4-2133/2400, 
DDR3L-1333/1600 ",16,LGA1151,HD 630,1.15,Yes,Yes,No,No,"HDMI: 4096 x 2304 @ 24Hz
DP: 4096 x 2304 @ 60Hz
eDP: 4096 x 2304 @ 60Hz",188.06
Intel,Intel Core i7-7700,i7-7700,i7,7th ,4,N/A,N/A,8,4.20,N/A,N/A,3.60,8,65,64,"DDR4-2133/2400, 
DDR3L-1333/1600 ",16,LGA1151,HD 630,1.15,Yes,Yes,No,Yes,"HDMI: 4096 x 2304 @ 24Hz
DP: 4096 x 2304 @ 60Hz
eDP: 4096 x 2304 @ 60Hz",300.62
Intel,Intel Core i5-7600T,i5-7600T,i5,7th ,4,N/A,N/A,4,3.70,N/A,N/A,2.80,6,35,64,"DDR4-2133/2400, 
DDR3L-1333/1600 ",16,LGA1151,HD 630,1.10,Yes,Yes,No,Yes,"HDMI: 4096 x 2304 @ 24Hz
DP: 4096 x 2304 @ 60Hz
eDP: 4096 x 2304 @ 60Hz",0
Intel,Intel Core i5-7600K,i5-7600K,i5,7th ,4,N/A,N/A,4,4.20,N/A,N/A,3.80,6,91,64,"DDR4-2133/2400, 
DDR3L-1333/1600 ",16,LGA1151,HD 630,1.15,Yes,Yes,No,No,"HDMI: 4096 x 2304 @ 24Hz
DP: 4096 x 2304 @ 60Hz
eDP: 4096 x 2304 @ 60Hz",121.17
Intel,Intel Core i5-7600,i5-7600,i5,7th ,4,N/A,N/A,4,4.10,N/A,N/A,3.50,6,65,64,"DDR4-2133/2400,
DDR3L-1333/1600 ",16,LGA1151,HD 630,1.15,Yes,Yes,No,Yes,"HDMI: 4096 x 2304 @ 24Hz
DP: 4096 x 2304 @ 60Hz
eDP: 4096 x 2304 @ 60Hz",124.95
Intel,Intel Core i5-7500T,i5-7500T,i5,7th ,4,N/A,N/A,4,3.30,N/A,N/A,2.70,6,35,64,"DDR4-2133/2400, 
DDR3L-1333/1600 ",16,LGA1151,HD 630,1.15,Yes,Yes,No,Yes,"HDMI: 4096 x 2304 @ 24Hz
DP: 4096 x 2304 @ 60Hz
eDP: 4096 x 2304 @ 60Hz",130.43
Intel,Intel Core i5-7500,i5-7500,i5,7th ,4,N/A,N/A,4,3.80,N/A,N/A,3.40,6,65,64,"DDR4-2133/2400, 
DDR3L-1333/1600 ",16,LGA1151,HD 630,1.10,Yes,Yes,No,Yes,"HDMI: 4096 x 2304 @ 24Hz
DP: 4096 x 2304 @ 60Hz
eDP: 4096 x 2304 @ 60Hz",73.8
Intel,Intel Core i5-7400T,i5-7400T,i5,7th ,4,N/A,N/A,4,3.00,N/A,N/A,2.40,6,35,64,"DDR4-2133/2400, 
DDR3L-1333/1600 ",16,LGA1151,HD 630,1.00,Yes,Yes,No,No,"HDMI: 4096 x 2304 @ 24Hz
DP: 4096 x 2304 @ 60Hz
eDP: 4096 x 2304 @ 60Hz",78.02
Intel,Intel Core i5-7400,i5-7400,i5,7th ,4,N/A,N/A,4,3.50,N/A,N/A,3.00,6,65,64,"DDR4-2133/2400, 
DDR3L-1333/1600 ",16,LGA1151,HD 630,1.00,Yes,Yes,No,No,"HDMI: 4096 x 2304 @ 24Hz
DP: 4096 x 2304 @ 60Hz
eDP: 4096 x 2304 @ 60Hz",105.5
Intel,Intel Core i3-7350K,i3-7350K,i3,7th ,2,N/A,N/A,4,N/A,N/A,N/A,4.20,4,60,64,"DDR4-2133/2400, 
DDR3L-1333/1600",16,LGA1151,HD 630,1.15,Yes,No,No,No,"HDMI: 4096 x 2304 @ 24Hz
DP: 4096 x 2304 @ 60Hz
eDP: 4096 x 2304 @ 60Hz",0
Intel,Intel Core i3-7320,i3-7320,i3,7th ,2,N/A,N/A,4,N/A,N/A,N/A,4.10,4,51,64,"DDR4-2133/2400, 
DDR3L-1333/1600",16,LGA1151,HD 630,1.15,Yes,No,No,No,"HDMI: 4096 x 2304 @ 24Hz
DP: 4096 x 2304 @ 60Hz
eDP: 4096 x 2304 @ 60Hz",99
Intel,Intel Core i3-7300T,i3-7300T,i3,7th ,2,N/A,N/A,4,N/A,N/A,N/A,3.50,4,35,64,"DDR4-2133/2400, 
DDR3L-1333/1600",16,LGA1151,HD 630,1.10,Yes,No,No,No,"HDMI: 4096 x 2304 @ 24Hz
DP: 4096 x 2304 @ 60Hz
eDP: 4096 x 2304 @ 60Hz",0
Intel,Intel Core i3-7300,i3-7300,i3,7th ,2,N/A,N/A,4,N/A,N/A,N/A,4.00,4,51,64,"DDR4-2133/2400, 
DDR3L-1333/1600",16,LGA1151,HD 630,1.15,Yes,No,No,No,"HDMI: 4096 x 2304 @ 24Hz
DP: 4096 x 2304 @ 60Hz
eDP: 4096 x 2304 @ 60Hz",0
Intel,Intel Core i3-7101TE,i3-7101TE,i3,7th ,2,N/A,N/A,4,N/A,N/A,N/A,3.40,3,35,64,"DDR3L-1600,
 DDR4-2400",16,LGA1151,HD 630,1.10,Yes,No,No,No,"HDMI: 4096 x 2304 @ 30Hz
DP: 4096 x 2304 @ 60Hz
eDP: 4096 x 2304 @ 60Hz",0
Intel,Intel Core i3-7101E,i3-7101E,i3,7th ,2,N/A,N/A,4,N/A,N/A,N/A,3.90,3,54,64,"DDR3L-1600, 
DDR4-2400",16,LGA1151,HD 630,1.10,Yes,No,No,No,"HDMI: 4096 x 2304 @ 30Hz
DP: 4096 x 2304 @ 60Hz
eDP: 4096 x 2304 @ 60Hz",
Intel,Intel Core i3-7100T,i3-7100T,i3,7th ,2,N/A,N/A,4,N/A,N/A,N/A,3.40,3,35,64,"DDR4-2133/2400, 
DDR3L-1333/1600 ",16,LGA1151,HD 630,1.10,Yes,No,No,No,"HDMI: 4096 x 2304 @ 24Hz
DP: 4096 x 2304 @ 60Hz
eDP: 4096 x 2304 @ 60Hz",0
Intel,Intel Core i3-7100,i3-7100,i3,7th ,2,N/A,N/A,4,N/A,N/A,N/A,3.90,3,51,64,"DDR4-2133/2400, 
DDR3L-1333/1600 ",16,LGA1151,HD 630,1.10,Yes,No,No,No,"HDMI: 4096 x 2304 @ 24Hz
DP: 4096 x 2304 @ 60Hz
eDP: 4096 x 2304 @ 60Hz",52.02
Intel,Intel Core i7-6950X,i7-6950X,i7, X-series ,10,N/A,N/A,20,4.00,N/A,N/A,3.00,25,140,128,DDR4 2400/2133,40,LGA2011-3,No ,N/A,No,Yes,Yes,No,N/A,0
Intel,Intel Core i7-6900K,i7-6900K,i7, X-series ,8,N/A,N/A,16,4.00,N/A,N/A,3.20,20,140,128,DDR4 2400/2133,40,LGA2011-3,No ,N/A,No,Yes,Yes,No,N/A,329.95
Intel,Intel Core i7-6850K,i7-6850K,i7, X-series ,6,N/A,N/A,12,4.00,N/A,N/A,3.60,15,140,128,DDR4 2400/2133,40,LGA2011-3,No ,N/A,No,Yes,Yes,No,N/A,0
Intel,Intel Core i7-6800K,i7-6800K,i7, X-series ,6,N/A,N/A,12,3.80,N/A,N/A,3.40,15,140,128,DDR4 2400/2133,28,LGA2011-3,No ,N/A,No,Yes,Yes,No,N/A,72.98
Intel,Intel Core i5-6685R,i5-6685R,i5,6th ,4,N/A,N/A,4,3.80,N/A,N/A,3.20,6,65,64,"DDR4-1866/2133, 
DDR3L-1333/1600 ",16,FCLGA1151,Iris® Pro 580,1.15,No,Yes,No,No,"HDMI: 4096 x 2304 @ 24Hz
DP: 4096 x 2304 @ 60Hz
eDP: 4096 x 2304 @ 60Hz",
Intel,Intel Core i5-6585R,i5-6585R,i5,6th ,4,N/A,N/A,4,3.60,N/A,N/A,2.80,6,65,64,"DDR4-1866/2133, 
DDR3L-1333/1600 ",16,FCLGA1151,Iris® Pro 580,1.10,No,Yes,No,No,"HDMI: 4096 x 2304 @ 24Hz
DP: 4096 x 2304 @ 60Hz
eDP: 4096 x 2304 @ 60Hz",
Intel,Intel Core i5-6402P,i5-6402P,i5,6th ,4,N/A,N/A,4,3.40,N/A,N/A,2.80,6,65,64,"DDR4-1866/2133, 
DDR3L-1333/1600 ",16,FCLGA1151,HD 510,0.95,No,Yes,No,No,"HDMI: 4096 x 2304 @ 24Hz
DP: 4096 x 2304 @ 60Hz
eDP: 4096 x 2304 @ 60Hz",0
Intel,Intel Core i3-6098P,i3-6098P,i3,6th ,2,N/A,N/A,4,N/A,N/A,N/A,3.60,3,54,64,"DDR4-1866/2133, 
DDR3L-1333/1600 ",16,FCLGA1151,HD 510,1.05,No,No,No,No,"HDMI: 4096 x 2304 @ 24Hz
DP: 4096 x 2304 @ 60Hz
eDP: 4096 x 2304 @ 60Hz",59
Intel,Intel Core i7-6700T,i7-6700T,i7,6th ,4,N/A,N/A,8,3.60,N/A,N/A,2.80,8,35,64,"DDR4-1866/2133, 
DDR3L-1333/1600 ",16,FCLGA1151,HD 530 ,1.15,No,Yes,No,Yes,"HDMI: 4096 x 2304 @ 24Hz
DP: 4096 x 2304 @ 60Hz
eDP: 4096 x 2304 @ 60Hz",0
Intel,Intel Core i7-6700K,i7-6700K,i7,6th ,4,N/A,N/A,8,4.20,N/A,N/A,4.00,8,91,64,"DDR4-1866/2133, 
DDR3L-1333/1600 ",16,FCLGA1151,HD 530 ,1.15,No,Yes,No,No,"HDMI: 4096 x 2304 @ 24Hz
DP: 4096 x 2304 @ 60Hz
eDP: 4096 x 2304 @ 60Hz",207.8
Intel,Intel Core i7-6700,i7-6700,i7,6th ,4,N/A,N/A,8,4.00,N/A,N/A,3.40,8,65,64,"DDR4-1866/2133, 
DDR3L-1333/1600 ",16,FCLGA1151,HD 530 ,1.15,No,Yes,No,Yes,"HDMI: 4096 x 2304 @ 24Hz
DP: 4096 x 2304 @ 60Hz
eDP: 4096 x 2304 @ 60Hz",99.99
Intel,Intel Core i5-6600T,i5-6600T,i5,6th ,4,N/A,N/A,4,3.50,N/A,N/A,2.70,6,35,64,"DDR4-1866/2133, 
DDR3L-1333/1600 ",16,FCLGA1151,HD 530 ,1.10,No,Yes,No,Yes,"HDMI: 4096 x 2304 @ 24Hz
DP: 4096 x 2304 @ 60Hz
eDP: 4096 x 2304 @ 60Hz",0
Intel,Intel Core i5-6600K,i5-6600K,i5,6th ,4,N/A,N/A,4,3.90,N/A,N/A,3.50,6,91,64,"DDR4-1866/2133, 
DDR3L-1333/1600 ",16,FCLGA1151,HD 530 ,1.15,No,Yes,No,No,"HDMI: 4096 x 2304 @ 24Hz
DP: 4096 x 2304 @ 60Hz
eDP: 4096 x 2304 @ 60Hz",195.97
Intel,Intel Core i5-6600,i5-6600,i5,6th ,4,N/A,N/A,4,3.90,N/A,N/A,3.30,6,65,64,"DDR4-1866/2133, 
DDR3L-1333/1600 ",16,FCLGA1151,HD 530 ,1.15,No,Yes,No,Yes,"HDMI: 4096 x 2304 @ 24Hz
DP: 4096 x 2304 @ 60Hz
eDP: 4096 x 2304 @ 60Hz",0
Intel,Intel Core i5-6500T,i5-6500T,i5,6th ,4,N/A,N/A,4,3.10,N/A,N/A,2.50,6,35,64,"DDR4-1866/2133, 
DDR3L-1333/1600 ",16,FCLGA1151,HD 530 ,1.10,No,Yes,No,Yes,"HDMI: 4096 x 2304 @ 24Hz
DP: 4096 x 2304 @ 60Hz
eDP: 4096 x 2304 @ 60Hz",0
Intel,Intel Core i5-6500,i5-6500,i5,6th ,4,N/A,N/A,4,3.60,N/A,N/A,3.20,6,65,64,"DDR4-1866/2133, 
DDR3L-1333/1600 ",16,FCLGA1151,HD 530 ,1.05,No,Yes,No,Yes,"HDMI: 4096 x 2304 @ 24Hz
DP: 4096 x 2304 @ 60Hz
eDP: 4096 x 2304 @ 60Hz",60
Intel,Intel Core i5-6400T,i5-6400T,i5,6th ,4,N/A,N/A,4,2.80,N/A,N/A,2.20,6,35,64,"DDR4-1866/2133, 
DDR3L-1333/1600 ",16,FCLGA1151,HD 530,0.95,No,Yes,No,No,"HDMI: 4096 x 2304 @ 24Hz
DP: 4096 x 2304 @ 60Hz
eDP: 4096 x 2304 @ 60Hz",0
Intel,Intel Core i5-6400,i5-6400,i5,6th ,4,N/A,N/A,4,3.30,N/A,N/A,2.70,6,65,64,"DDR4-1866/2133, 
DDR3L-1333/1600 ",16,FCLGA1151,HD 530,0.95,No,Yes,No,No,"HDMI: 4096 x 2304 @ 24Hz
DP: 4096 x 2304 @ 60Hz
eDP: 4096 x 2304 @ 60Hz",0
Intel,Intel Core i3-6320,i3-6320,i3,6th ,2,N/A,N/A,4,N/A,N/A,N/A,3.90,4,51,64,"DDR4-1866/2133, 
DDR3L-1333/1600 ",16,FCLGA1151,HD 530,1.05,No,No,No,No,"HDMI: 4096 x 2304 @ 24Hz
DP: 4096 x 2304 @ 60Hz
eDP: 4096 x 2304 @ 60Hz",0
Intel,Intel Core i3-6300T,i3-6300T,i3,6th ,2,N/A,N/A,4,N/A,N/A,N/A,3.30,4,35,64,"DDR4-1866/2133, 
DDR3L-1333/1600 ",16,FCLGA1151,HD 530,0.95,No,No,No,No,"HDMI: 4096 x 2304 @ 24Hz
DP: 4096 x 2304 @ 60Hz
eDP: 4096 x 2304 @ 60Hz",0
Intel,Intel Core i3-6300,i3-6300,i3,6th ,2,N/A,N/A,4,N/A,N/A,N/A,3.80,4,51,64,"DDR4-1866/2133, 
DDR3L-1333/1600 ",16,FCLGA1151,HD 530,1.15,No,No,No,No,"HDMI: 4096 x 2304 @ 24Hz
DP: 4096 x 2304 @ 60Hz
eDP: 4096 x 2304 @ 60Hz",85.81
Intel,Intel Core i3-6100T,i3-6100T,i3,6th ,2,N/A,N/A,4,N/A,N/A,N/A,3.20,3,35,64,"DDR4-1866/2133, 
DDR3L-1333/1600 ",16,FCLGA1151,HD 530,0.95,No,No,No,No,"HDMI: 4096 x 2304 @ 24Hz
DP: 4096 x 2304 @ 60Hz
eDP: 4096 x 2304 @ 60Hz",149.94
Intel,Intel Core i3-6100,i3-6100,i3,6th ,2,N/A,N/A,4,N/A,N/A,N/A,3.70,3,51,64,"DDR4-1866/2133, 
DDR3L-1333/1600 ",16,FCLGA1151,HD 530,1.05,No,No,No,No,"HDMI: 4096 x 2304 @ 24Hz
DP: 4096 x 2304 @ 60Hz
eDP: 4096 x 2304 @ 60Hz",70.65
Intel,Intel Core i5-5675R,i5-5675R,i5,5th ,4,N/A,N/A,4,3.60,N/A,N/A,3.10,4,65,32,"DDR3 
L1333/1600/1866 ",16,FCBGA1364,Iris® Pro 6200,1.10,No,Yes,No,No,"HDMI: 4096 x 2304 @ 24Hz
DP: 3840 x 2160 @ 60Hz
eDP: 3840x 2160 @ 60Hz",
Intel,Intel Core i5-5675C,i5-5675C,i5,5th ,4,N/A,N/A,4,3.60,N/A,N/A,3.10,4,65,32,DDR3L-1333/1600 ,16,FCLGA1150,Iris® Pro 6200,1.10,No,Yes,No,No,"HDMI: 4096 x 2304 @ 24Hz
DP: 3840 x 2160 @ 60Hz
eDP: 3840x 2160 @ 60Hz",0
Intel,Intel Core i5-5575R,i5-5575R,i5,5th ,4,N/A,N/A,4,3.30,N/A,N/A,2.80,4,65,32,"DDR3L 
1333/1600/1866 ",16,FCBGA1364,Iris® Pro 6200,1.05,No,Yes,No,No,"HDMI: 4096 x 2304 @ 24Hz
DP: 3840 x 2160 @ 60Hz
eDP: 3840x 2160 @ 60Hz",
Intel,Intel Core i3-4170,i3-4170,i3,4th ,2,N/A,N/A,4,N/A,N/A,N/A,3.70,3,54,32,"DDR3-1333/1600, 
DDR3L-1333/1600 ",16,LGA1150,HD 4400,1.15,No,No,No,No,"HDMI: 4096 x 2304 @ 24Hz
DP: 3840 x 2160 @ 60Hz
eDP: 3840x 2160 @ 60Hz",0
Intel,Intel Core i3-4170T,i3-4170T,i3,4th ,2,N/A,N/A,4,N/A,N/A,N/A,3.20,3,35,32,"DDR3-1333/1600, 
DDR3L-1333/1600 ",16,LGA1150,HD 4400,1.15,No,No,No,No,"HDMI: 4096 x 2304 @ 24Hz
DP: 3840 x 2160 @ 60Hz
eDP: 3840x 2160 @ 60Hz",
Intel,Intel Core i3-4370T,i3-4370T,i3,4th ,2,N/A,N/A,4,N/A,N/A,N/A,3.30,4,35,32,"DDR3-1333/1600, 
DDR3L-1333/1600 ",16,LGA1150,HD 4600,1.15,No,No,No,No,"HDMI: 4096 x 2304 @ 24Hz
DP: 3840 x 2160 @ 60Hz
eDP: 3840x 2160 @ 60Hz",
Intel,Intel Core i7-5960X,i7-5960X,i7, X-series ,8,N/A,N/A,16,3.50,N/A,N/A,3.00,20,140,64,"DDR4
1600/1866/2133",40,LGA2011-3,No ,N/A,No,Yes,No,No,N/A,0
Intel,Intel Core i7-5930K,i7-5930K,i7, X-series ,6,N/A,N/A,12,3.70,N/A,N/A,3.50,15,140,64,"DDR4
1600/1866/2133",40,LGA2011-3,No ,N/A,No,Yes,No,No,N/A,0
Intel,Intel Core i7-5820K,i7-5820K,i7, X-series ,6,N/A,N/A,12,3.60,N/A,N/A,3.30,15,140,64,"DDR4
1600/1866/2133",28,LGA2011-3,No ,N/A,No,Yes,No,No,N/A,329.95
Intel,Intel Core i3-4160,i3-4160,i3,4th ,2,N/A,N/A,4,N/A,N/A,N/A,3.60,3,54,32,"DDR3-1333/1600, 
DDR3L-1333/1600 ",16,LGA1150,HD 4400,1.15,No,No,No,No,"HDMI: 4096 x 2304 @ 24Hz
DP: 3840 x 2160 @ 60Hz
eDP: 3840x 2160 @ 60Hz",0
Intel,Intel Core i3-4160T,i3-4160T,i3,4th ,2,N/A,N/A,4,N/A,N/A,N/A,3.10,3,35,32,"DDR3-1333/1600, 
DDR3L-1333/1600 ",16,LGA1150,HD 4400,1.15,No,No,No,No,"HDMI: 4096 x 2304 @ 24Hz
DP: 3840 x 2160 @ 60Hz
eDP: 3840x 2160 @ 60Hz",0
Intel,Intel Core i3-4360T,i3-4360T,i3,4th ,2,N/A,N/A,4,N/A,N/A,N/A,3.20,4,35,32,"DDR3-1333/1600, 
DDR3L-1333/1600 ",16,LGA1150,HD 4600,1.15,No,No,No,No,"HDMI: 4096 x 2304 @ 24Hz
DP: 3840 x 2160 @ 60Hz
eDP: 3840x 2160 @ 60Hz",0
Intel,Intel Core i3-4370,i3-4370,i3,4th ,2,N/A,N/A,4,N/A,N/A,N/A,3.80,4,54,32,"DDR3-1333/1600, 
DDR3L-1333/1600 ",16,LGA1150,HD 4600,1.15,No,No,No,No,"HDMI: 4096 x 2304 @ 24Hz
DP: 3840 x 2160 @ 60Hz
eDP: 3840x 2160 @ 60Hz",0
Intel,Intel Core i3-4150,i3-4150,i3,4th ,2,N/A,N/A,4,N/A,N/A,N/A,3.50,3,54,32,"DDR3-1333/1600, 
DDR3L-1333/1600 ",16,LGA1150,HD 4400,1.15,No,No,No,No,"HDMI: 4096 x 2304 @ 24Hz
DP: 3840 x 2160 @ 60Hz
eDP: 3840x 2160 @ 60Hz",32.29
Intel,Intel Core i3-4150T,i3-4150T,i3,4th ,2,N/A,N/A,4,N/A,N/A,N/A,3.00,3,35,32,"DDR3-1333/1600, 
DDR3L-1333/1600 ",16,LGA1150,HD 4400,1.15,No,No,No,No,"HDMI: 4096 x 2304 @ 24Hz
DP: 3840 x 2160 @ 60Hz
eDP: 3840x 2160 @ 60Hz",
Intel,Intel Core i3-4350,i3-4350,i3,4th ,2,N/A,N/A,4,N/A,N/A,N/A,3.60,4,54,32,"DDR3-1333/1600, 
DDR3L-1333/1600 ",16,LGA1150,HD 4600,1.15,No,No,No,No,"HDMI: 4096 x 2304 @ 24Hz
DP: 3840 x 2160 @ 60Hz
eDP: 3840x 2160 @ 60Hz",0
Intel,Intel Core i3-4350T,i3-4350T,i3,4th ,2,N/A,N/A,4,N/A,N/A,N/A,3.10,4,35,32,"DDR3-1333/1600, 
DDR3L-1333/1600 ",16,LGA1150,HD 4600,1.15,No,No,No,No,"HDMI: 4096 x 2304 @ 24Hz
DP: 3840 x 2160 @ 60Hz
eDP: 3840x 2160 @ 60Hz",
Intel,Intel Core i3-4360,i3-4360,i3,4th ,2,N/A,N/A,4,N/A,N/A,N/A,3.70,4,54,32,"DDR3-1333/1600, 
DDR3L-1333/1600 ",16,LGA1150,HD 4600,1.15,No,No,No,No,"HDMI: 4096 x 2304 @ 24Hz
DP: 3840 x 2160 @ 60Hz
eDP: 3840x 2160 @ 60Hz",0
Intel,Intel Core i5-4460,i5-4460,i5,4th ,4,N/A,N/A,4,3.40,N/A,N/A,3.20,6,84,32,"DDR3-1333/1600, 
DDR3L-1333/1600 ",16,LGA1150,HD 4600,1.10,No,Yes,No,No,"HDMI: 4096 x 2304 @ 24Hz
DP: 3840 x 2160 @ 60Hz
eDP: 3840x 2160 @ 60Hz",64.04
Intel,Intel Core i5-4460S,i5-4460S,i5,4th ,4,N/A,N/A,4,3.40,N/A,N/A,2.90,6,65,32,"DDR3-1333/1600, 
DDR3L-1333/1600 ",16,LGA1150,HD 4600,1.10,No,Yes,No,No,"HDMI: 4096 x 2304 @ 24Hz
DP: 3840 x 2160 @ 60Hz
eDP: 3840x 2160 @ 60Hz",0
Intel,Intel Core i5-4460T,i5-4460T,i5,4th ,4,N/A,N/A,4,2.70,N/A,N/A,1.90,6,35,32,"DDR3-1333/1600, 
DDR3L-1333/1600 ",16,LGA1150,HD 4600,1.10,No,Yes,No,No,"HDMI: 4096 x 2304 @ 24Hz
DP: 3840 x 2160 @ 60Hz
eDP: 3840x 2160 @ 60Hz",
Intel,Intel Core i5-4590,i5-4590,i5,4th ,4,N/A,N/A,4,3.70,N/A,N/A,3.30,6,84,32,"DDR3-1333/1600, 
DDR3L-1333/1600 ",16,LGA1150,HD 4600,1.15,No,Yes,No,Yes,"HDMI: 4096 x 2304 @ 24Hz
DP: 3840 x 2160 @ 60Hz
eDP: 3840x 2160 @ 60Hz",0
Intel,Intel Core i5-4590S,i5-4590S,i5,4th ,4,N/A,N/A,4,3.70,N/A,N/A,3.00,6,65,32,"DDR3-1333/1600, 
DDR3L-1333/1600 ",16,LGA1150,HD 4600,1.15,No,Yes,No,Yes,"HDMI: 4096 x 2304 @ 24Hz
DP: 3840 x 2160 @ 60Hz
eDP: 3840x 2160 @ 60Hz",0
Intel,Intel Core i5-4590T,i5-4590T,i5,4th ,4,N/A,N/A,4,3.00,N/A,N/A,2.00,6,35,32,"DDR3-1333/1600, 
DDR3L-1333/1600 ",16,LGA1150,HD 4600,1.15,No,Yes,No,Yes,"HDMI: 4096 x 2304 @ 24Hz
DP: 3840 x 2160 @ 60Hz
eDP: 3840x 2160 @ 60Hz",0
Intel,Intel Core i5-4690,i5-4690,i5,4th ,4,N/A,N/A,4,3.90,N/A,N/A,3.50,6,84,32,"DDR3-1333/1600, 
DDR3L-1333/1600 ",16,LGA1150,HD 4600,1.20,No,Yes,No,Yes,"HDMI: 4096 x 2304 @ 24Hz
DP: 3840 x 2160 @ 60Hz
eDP: 3840x 2160 @ 60Hz",49.67
Intel,Intel Core i5-4690K,i5-4690K,i5,4th ,4,N/A,N/A,4,3.90,N/A,N/A,3.50,6,88,32,"DDR3-1333/1600, 
DDR3L-1333/1600 ",16,LGA1150,HD 4600,1.20,No,Yes,No,No,"HDMI: 3840 x 2160 @ 24Hz
DP: 3840 x 2160 @ 60Hz
eDP: 3840 x 2160 @ 60Hz",0
Intel,Intel Core i5-4690S,i5-4690S,i5,4th ,4,N/A,N/A,4,3.90,N/A,N/A,3.20,6,65,32,"DDR3-1333/1600, 
DDR3L-1333/1600 ",16,LGA1150,HD 4600,1.20,No,Yes,No,Yes,"HDMI: 4096 x 2304 @ 24Hz
DP: 3840 x 2160 @ 60Hz
eDP: 3840x 2160 @ 60Hz",0
Intel,Intel Core i5-4690T,i5-4690T,i5,4th ,4,N/A,N/A,4,3.50,N/A,N/A,2.50,6,45,32,"DDR3-1333/1600, 
DDR3L-1333/1600 ",16,LGA1150,HD 4600,1.20,No,Yes,No,Yes,"HDMI: 4096 x 2304 @ 24Hz
DP: 3840 x 2160 @ 60Hz
eDP: 3840x 2160 @ 60Hz",
Intel,Intel Core i7-4785T,i7-4785T,i7,4th ,4,N/A,N/A,8,3.20,N/A,N/A,2.20,8,35,32,"DDR3-1333/1600, 
DDR3L-1333/1600 ",16,LGA1150,HD 4600,1.20,No,Yes,No,Yes,"HDMI: 4096 x 2304 @ 24Hz
DP: 3840 x 2160 @ 60Hz
eDP: 3840x 2160 @ 60Hz",
Intel,Intel Core i7-4790,i7-4790,i7,4th ,4,N/A,N/A,8,4.00,N/A,N/A,3.60,8,84,32,"DDR3-1333/1600, 
DDR3L-1333/1600 ",16,LGA1150,HD 4600,1.20,No,Yes,No,Yes,"HDMI: 4096 x 2304 @ 24Hz
DP: 3840 x 2160 @ 60Hz
eDP: 3840x 2160 @ 60Hz",143.77
Intel,Intel Core i7-4790K,i7-4790K,i7,4th ,4,N/A,N/A,8,4.40,N/A,N/A,4.00,8,88,32,"DDR3-1333/1600, 
DDR3L-1333/1600 ",16,LGA1150,HD 4600,1.25,No,Yes,No,No,"HDMI: 3840 x 2160 @ 24Hz
DP: 3840 x 2160 @ 60Hz
eDP: 3840 x 2160 @ 60Hz",0
Intel,Intel Core i7-4790S,i7-4790S,i7,4th ,4,N/A,N/A,8,4.00,N/A,N/A,3.20,8,65,32,"DDR3-1333/1600, 
DDR3L-1333/1600 ",16,LGA1150,HD 4600,1.20,No,Yes,No,Yes,"HDMI: 4096 x 2304 @ 24Hz
DP: 3840 x 2160 @ 60Hz
eDP: 3840x 2160 @ 60Hz",0
Intel,Intel Core i7-4790T,i7-4790T,i7,4th ,4,N/A,N/A,8,3.90,N/A,N/A,2.70,8,45,32,"DDR3-1333/1600, 
DDR3L-1333/1600 ",16,LGA1150,HD 4600,1.20,No,Yes,No,Yes,"HDMI: 4096 x 2304 @ 24Hz
DP: 3840 x 2160 @ 60Hz
eDP: 3840x 2160 @ 60Hz",0
Intel,Intel Core i3-4130,i3-4130,i3,4th ,2,N/A,N/A,4,N/A,N/A,N/A,3.40,3,54,32,"DDR3-1333/1600, 
DDR3L-1333/1600",16,LGA1150,HD 4400,1.15,No,No,No,No,"HDMI: 4096 x 2304 @ 24Hz
DP: 3840 x 2160 @ 60Hz
eDP: 3840x 2160 @ 60Hz",41
Intel,Intel Core i3-4130T,i3-4130T,i3,4th ,2,N/A,N/A,4,N/A,N/A,N/A,2.90,3,35,32,"DDR3-1333/1600, 
DDR3L-1333/1600",16,LGA1150,HD 4400,1.15,No,No,No,No,"HDMI: 4096 x 2304 @ 24Hz
DP: 3840 x 2160 @ 60Hz
eDP: 3840x 2160 @ 60Hz",0
Intel,Intel Core i3-4330,i3-4330,i3,4th ,2,N/A,N/A,4,N/A,N/A,N/A,3.50,4,54,32,"DDR3-1333/1600, 
DDR3L-1333/1600",16,LGA1150,HD 4600,1.15,No,No,No,No,"HDMI: 4096 x 2304 @ 24Hz
DP: 3840 x 2160 @ 60Hz
eDP: 3840x 2160 @ 60Hz",0
Intel,Intel Core i3-4330T,i3-4330T,i3,4th ,2,N/A,N/A,4,N/A,N/A,N/A,3.00,4,35,32,"DDR3-1333/1600, 
DDR3L-1333/1600",16,LGA1150,HD 4600,1.15,No,No,No,No,"HDMI: 4096 x 2304 @ 24Hz
DP: 3840 x 2160 @ 60Hz
eDP: 3840x 2160 @ 60Hz",
Intel,Intel Core i3-4340,i3-4340,i3,4th ,2,N/A,N/A,4,N/A,N/A,N/A,3.60,4,54,32,"DDR3-1333/1600, 
DDR3L-1333/1600",16,LGA1150,HD 4600,1.15,No,No,No,No,"HDMI: 4096 x 2304 @ 24Hz
DP: 3840 x 2160 @ 60Hz
eDP: 3840x 2160 @ 60Hz",92.35
Intel,Intel Core i5-4440,i5-4440,i5,4th ,4,N/A,N/A,4,3.30,N/A,N/A,3.10,6,84,32,"DDR3-1333/1600, 
DDR3L-1333/1600",16,LGA1150,HD 4600,1.10,No,Yes,No,No,"HDMI: 4096 x 2304 @ 24Hz
DP: 3840 x 2160 @ 60Hz
eDP: 3840x 2160 @ 60Hz",0
Intel,Intel Core i5-4440S,i5-4440S,i5,4th ,4,N/A,N/A,4,3.30,N/A,N/A,2.80,6,65,32,"DDR3-1333/1600,
DDR3L-1333/1600",16,LGA1150,HD 4600,1.10,No,Yes,No,No,"HDMI: 4096 x 2304 @ 24Hz
DP: 3840 x 2160 @ 60Hz
eDP: 3840x 2160 @ 60Hz",0
Intel,Intel Core i7-4771,i7-4771,i7,4th ,4,N/A,N/A,8,3.90,N/A,N/A,3.50,8,84,32,"DDR3-1333/1600, 
DDR3L-1333/1600",16,LGA1150,HD 4600,1.10,No,Yes,No,Yes,"HDMI: 4096 x 2304 @ 24Hz
DP: 3840 x 2160 @ 60Hz
eDP: 3840x 2160 @ 60Hz",0
Intel,Intel Core i7-4820K,i7-4820K,i7,4th ,4,N/A,N/A,8,3.90,N/A,N/A,3.70,10,130,64,DDR3 1333/1600/1866,40,LGA2011,No ,N/A,No,Yes,No,No,N/A,185.99
Intel,Intel Core i7-4930K,i7-4930K,i7,4th ,6,N/A,N/A,12,3.90,N/A,N/A,3.40,12,130,64,"DDR3
1333/1600/1866",40,LGA2011,No ,N/A,No,Yes,No,No,N/A,
Intel,Intel Core i7-4960X,i7-4960X,i7, X-series ,6,N/A,N/A,12,4.00,N/A,N/A,3.60,15,130,64,"DDR3
1333/1600/1866",40,LGA2011,No ,N/A,No,Yes,No,No,N/A,
Intel,Intel Core i5-4430,i5-4430,i5,4th ,4,N/A,N/A,4,3.20,N/A,N/A,3.00,6,84,32,"DDR3-1333/1600, 
DDR3L-1333/1600",16,LGA1150,HD 4600,1.10,No,Yes,No,No,"HDMI: 4096 x 2304 @ 24Hz
DP: 3840 x 2160 @ 60Hz
eDP: 3840x 2160 @ 60Hz",0
Intel,Intel Core i5-4430S,i5-4430S,i5,4th ,4,N/A,N/A,4,3.20,N/A,N/A,2.70,6,65,32,"DDR3-1333/1600, 
DDR3L-1333/1600",16,LGA1150,HD 4600,1.10,No,Yes,No,No,"HDMI: 4096 x 2304 @ 24Hz
DP: 3840 x 2160 @ 60Hz
eDP: 3840x 2160 @ 60Hz",
Intel,Intel Core i5-4570,i5-4570,i5,4th ,4,N/A,N/A,4,3.60,N/A,N/A,3.20,6,84,32,"DDR3-1333/1600, 
DDR3L-1333/1600",16,LGA1150,HD 4600,1.15,No,Yes,No,Yes,"HDMI: 4096 x 2304 @ 24Hz
DP: 3840 x 2160 @ 60Hz
eDP: 3840x 2160 @ 60Hz",
Intel,Intel Core i5-4570R,i5-4570R,i5,4th ,4,N/A,N/A,4,3.20,N/A,N/A,2.70,4,65,32,"DDR3 & DDR3L
 1333/1600",16,FCBGA1364,Iris® Pro 5200,1.15,No,Yes,No,No,"HDMI: 3840 x 2160 @ 60Hz
DP: 3840 x 2160 @ 60Hz
eDP: 3840 x 2160@ 60Hz",
Intel,Intel Core i5-4570S,i5-4570S,i5,4th ,4,N/A,N/A,4,3.60,N/A,N/A,2.90,6,65,32,"DDR3-1333/1600, 
DDR3L-1333/1600",16,LGA1150,HD 4600,1.15,No,Yes,No,Yes,"HDMI: 4096 x 2304 @ 24Hz
DP: 3840 x 2160 @ 60Hz
eDP: 3840x 2160 @ 60Hz",0
Intel,Intel Core i5-4570T,i5-4570T,i5,4th ,2,N/A,N/A,4,3.60,N/A,N/A,2.90,4,35,32,"DDR3-1333/1600, 
DDR3L-1333/1600",16,LGA1150,HD 4600,1.15,No,Yes,No,Yes,"HDMI: 4096 x 2304 @ 24Hz
DP: 3840 x 2160 @ 60Hz
eDP: 3840x 2160 @ 60Hz",74.98
Intel,Intel Core i5-4670,i5-4670,i5,4th ,4,N/A,N/A,4,3.80,N/A,N/A,3.40,6,84,32,"DDR3-1333/1600, 
DDR3L-1333/1600",16,LGA1150,HD 4600,1.20,No,Yes,No,yes,"HDMI: 4096 x 2304 @ 24Hz
DP: 3840 x 2160 @ 60Hz
eDP: 3840x 2160 @ 60Hz",99
Intel,Intel Core i5-4670K,i5-4670K,i5,4th ,4,N/A,N/A,4,3.80,N/A,N/A,3.40,6,84,32,"DDR3-1333/1600, 
DDR3L-1333/1600",16,LGA1150,HD 4600,1.20,No,Yes,No,No,"HDMI: 4096 x 2304 @ 24Hz
DP: 3840 x 2160 @ 60Hz
eDP: 3840x 2160 @ 60Hz",
Intel,Intel Core i5-4670R,i5-4670R,i5,4th ,4,N/A,N/A,4,3.70,N/A,N/A,3.00,4,65,32,"DDR3 &DDR3L
1333/1600",16,FCBGA1364,HD 5200,1.30,No,Yes,No,No,"HDMI: 3840 x 2160@ 60Hz
DP: 3840 x 2160 @ 60Hz
eDP: 3840 x 2160 @ 60Hz",
Intel,Intel Core i5-4670S,i5-4670S,i5,4th ,4,N/A,N/A,4,3.80,N/A,N/A,3.10,6,65,32,"DDR3-1333/1600, 
DDR3L-1333/1600",16,LGA1150,HD 4600,1.20,No,Yes,No,yes,"HDMI: 4096 x 2304 @ 24Hz
DP: 3840 x 2160 @ 60Hz
eDP: 3840x 2160 @ 60Hz",0
Intel,Intel Core i5-4670T,i5-4670T,i5,4th ,4,N/A,N/A,4,3.30,N/A,N/A,2.30,6,45,32,"DDR3-1333/1600, 
DDR3L-1333/1600",16,LGA1150,HD 4600,1.20,No,Yes,No,yes,"HDMI: 4096 x 2304 @ 24Hz
DP: 3840 x 2160 @ 60Hz
eDP: 3840x 2160 @ 60Hz",0
Intel,Intel Core i7-4765T,i7-4765T,i7,4th ,4,N/A,N/A,8,3.00,N/A,N/A,2.00,8,35,32,"DDR3-1333/1600, 
DDR3L-1333/1600",16,LGA1150,HD 4600,1.20,No,Yes,No,No,"HDMI: 4096 x 2304 @ 24Hz
DP: 3840 x 2160 @ 60Hz
eDP: 3840x 2160 @ 60Hz",
Intel,Intel Core i7-4770,i7-4770,i7,4th ,4,N/A,N/A,8,3.90,N/A,N/A,3.40,8,84,32,"DDR3-1333/1600, 
DDR3L-1333/1600",16,LGA1150,HD4600,1.20,No,Yes,No,Yes,"HDMI: 4096 x 2304 @ 24Hz
DP: 3840 x 2160 @ 60Hz
eDP: 3840x 2160 @ 60Hz",116.85
Intel,Intel Core i7-4770K,i7-4770K,i7,4th ,4,N/A,N/A,8,3.90,N/A,N/A,3.50,8,84,32,"DDR3-1333/1600, 
DDR3L-1333/1600",16,LGA1150,HD 4600,1.25,No,Yes,No,No,"HDMI: 4096 x 2304 @ 24Hz
DP: 3840 x 2160 @ 60Hz
eDP: 3840x 2160 @ 60Hz",97.17
Intel,Intel Core i7-4770R,i7-4770R,i7,4th ,4,N/A,N/A,8,3.90,N/A,N/A,3.20,6,65,32,"DDR3 & DDR3L
1333/1600",16,FCBGA1364,HD 5200,1.30,No,Yes,No,No,"HDMI: 3840 x 2160 @ 30Hz
DP: 3840 x 2160 @ 60Hz",
Intel,Intel Core i7-4770S,i7-4770S,i7,4th ,4,N/A,N/A,8,3.90,N/A,N/A,3.10,8,65,32,"DDR3-1333/1600, 
DDR3L-1333/1600",16,LGA1150,HD 4600,1.20,No,Yes,No,Yes,"HDMI: 4096 x 2304 @ 24Hz
DP: 3840 x 2160 @ 60Hz
eDP: 3840x 2160 @ 60Hz",231.66
Intel,Intel Core i7-4770T,i7-4770T,i7,4th ,4,N/A,N/A,8,3.70,N/A,N/A,2.50,8,45,32,"DDR3-1333/1600, 
DDR3L-1333/1600",16,LGA1150,HD 4600,1.20,No,Yes,No,Yes,"HDMI: 4096 x 2304 @ 24Hz
DP: 3840 x 2160 @ 60Hz
eDP: 3840x 2160 @ 60Hz",0
AMD,AMD Ryzen 7 9800X3D,Ryzen 7 9800X3D,,Zen 5,8,,,,4.7 ,,,5.2 ,,120,,,,,Radeon,,,,,,,409.95
AMD,AMD Ryzen 7 7800X3D,Ryzen 7 7800X3D,,Zen 4,8,,,,4.2 ,,,5 ,,120,,,,,Radeon,,,,,,,368.99
AMD,AMD Ryzen 5 9600X,Ryzen 5 9600X,,Zen 5,6,,,,3.9 ,,,5.4 ,,65,,,,,Radeon,,,,,,,184
AMD,AMD Ryzen 5 5500,Ryzen 5 5500,,Zen 3,6,,,,3.6 ,,,4.2 ,,65,,,,,No,,,,,,,84
AMD,AMD Ryzen 9 9950X3D,Ryzen 9 9950X3D,,Zen 5,16,,,,4.3 ,,,5.7 ,,170,,,,,Radeon,,,,,,,655.59
AMD,AMD Ryzen 5 7600X,Ryzen 5 7600X,,Zen 4,6,,,,4.7 ,,,5.3 ,,105,,,,,Radeon,,,,,,,177.99
AMD,AMD Ryzen 5 5600,Ryzen 5 5600,,Zen 3,6,,,,3.5 ,,,4.4 ,,65,,,,,No,,,,,,,148
AMD,AMD Ryzen 7 7700X,Ryzen 7 7700X,,Zen 4,8,,,,4.5 ,,,5.4 ,,105,,,,,Radeon,,,,,,,246
AMD,AMD Ryzen 5 5600X,Ryzen 5 5600X,,Zen 3,6,,,,3.7 ,,,4.6 ,,65,,,,,No,,,,,,,178.9
AMD,AMD Ryzen 7 9700X,Ryzen 7 9700X,,Zen 5,8,,,,3.8 ,,,5.5 ,,65,,,,,Radeon,,,,,,,307.27
AMD,AMD Ryzen 7 9850X3D,Ryzen 7 9850X3D,,Zen 5,8,,,,4.7 ,,,5.6 ,,120,,,,,Radeon,,,,,,,489
AMD,AMD Ryzen 7 5800X,Ryzen 7 5800X,,Zen 3,8,,,,3.8 ,,,4.7 ,,105,,,,,No,,,,,,,227.95
AMD,AMD Ryzen 7 5700X,Ryzen 7 5700X,,Zen 3,8,,,,3.4 ,,,4.6 ,,65,,,,,No,,,,,,,205
AMD,AMD Ryzen 9 9900X,Ryzen 9 9900X,,Zen 5,12,,,,4.4 ,,,5.6 ,,120,,,,,Radeon,,,,,,,364.95
AMD,AMD Ryzen 5 3600,Ryzen 5 3600,,Zen 2,6,,,,3.6 ,,,4.2 ,,65,,,,,No,,,,,,,0
AMD,AMD Ryzen 7 5800XT,Ryzen 7 5800XT,,Zen 3,8,,,,3.8 ,,,4.8 ,,105,,,,,No,,,,,,,244
AMD,AMD Ryzen 5 7500F,Ryzen 5 7500F,,Zen 4,6,,,,3.7 ,,,5 ,,65,,,,,No,,,,,,,156.37
AMD,AMD Threadripper 3990X,Threadripper 3990X,,Zen 2,64,,,,2.9 ,,,4.3 ,,280,,,,,No,,,,,,,2500
AMD,AMD Ryzen 5 7600,Ryzen 5 7600,,Zen 4,6,,,,3.8 ,,,5.1 ,,65,,,,,Radeon,,,,,,,218.83
AMD,AMD Ryzen 7 5800X3D,Ryzen 7 5800X3D,,Zen 3,8,,,,3.4 ,,,4.5 ,,105,,,,,No,,,,,,,"Out of stock
199.97"
AMD,AMD Ryzen 9 7900X,Ryzen 9 7900X,,Zen 4,12,,,,4.7 ,,,5.6 ,,170,,,,,Radeon,,,,,,,309.95
AMD,AMD Ryzen 5 7500X3D,Ryzen 5 7500X3D,,Zen 4,6,,,,4 ,,,4.5 ,,65,,,,,Radeon,,,,,,,299.99
AMD,AMD Ryzen 9 9950X,Ryzen 9 9950X,,Zen 5,16,,,,4.3 ,,,5.7 ,,170,,,,,Radeon,,,,,,,519.99
AMD,AMD Ryzen 9 5950X,Ryzen 9 5950X,,Zen 3,16,,,,3.4 ,,,4.9 ,,105,,,,,No,,,,,,,349
AMD,AMD Ryzen 5 5600G,Ryzen 5 5600G,,Zen 3,6,,,,3.9 ,,,4.4 ,,65,,,,,Radeon Vega 7,,,,,,,169.9
AMD,AMD Ryzen 5 7600X3D,Ryzen 5 7600X3D,,Zen 4,6,,,,4.1 ,,,4.7 ,,65,,,,,Radeon,,,,,,,0
AMD,AMD Ryzen 7 5700G,Ryzen 7 5700G,,Zen 3,8,,,,3.8 ,,,4.6 ,,65,,,,,Radeon Vega 8,,,,,,,198.01
AMD,AMD Ryzen 5 8500G,Ryzen 5 8500G,,Zen 4,6,,,,4.1 ,,,5 ,,65,,,,,Radeon 740M,,,,,,,140
AMD,AMD Ryzen 7 3700X,Ryzen 7 3700X,,Zen 2,8,,,,3.6 ,,,4.4 ,,65,,,,,No,,,,,,,299
AMD,AMD Ryzen 7 5700X3D,Ryzen 7 5700X3D,,Zen 3,8,,,,3 ,,,4.1 ,,105,,,,,No,,,,,,,0
AMD,AMD Ryzen 9 9900X3D,Ryzen 9 9900X3D,,Zen 5,12,,,,4.4 ,,,5.5 ,,120,,,,,Radeon,,,,,,,539.99
AMD,AMD Ryzen 5 8400F,Ryzen 5 8400F,,Zen 4,6,,,,4.2 ,,,4.7 ,,65,,,,,No,,,,,,,145
AMD,AMD Ryzen 9 5900X,Ryzen 9 5900X,,Zen 3,12,,,,3.7 ,,,4.8 ,,105,,,,,No,,,,,,,0
AMD,AMD Ryzen 3 3200G,Ryzen 3 3200G,,Zen+,4,,,,3.6 ,,,4 ,,65,,,,,Radeon Vega 8,,,,,,,103.23
AMD,AMD Ryzen 7 5700,Ryzen 7 5700,,Zen 3,8,,,,3.7 ,,,4.6 ,,65,,,,,No,,,,,,,178
AMD,AMD Ryzen 5 5600GT,Ryzen 5 5600GT,,Zen 3,6,,,,3.6 ,,,4.6 ,,65,,,,,Radeon Vega 7,,,,,,,159.99
AMD,AMD Ryzen 5 5600XT,Ryzen 5 5600XT,,Zen 3,6,,,,3.7 ,,,4.7 ,,65,,,,,No,,,,,,,179
AMD,AMD Ryzen 7 7700,Ryzen 7 7700,,Zen 4,8,,,,3.6 ,,,5.3 ,,65,,,,,Radeon,,,,,,,329.99
AMD,AMD Ryzen 9 5900XT,Ryzen 9 5900XT,,Zen 3,16,,,,3.3 ,,,4.8 ,,105,,,,,No,,,,,,,310.5
AMD,AMD Ryzen 7 8700G,Ryzen 7 8700G,,Zen 4,8,,,,4.2 ,,,5.1 ,,65,,,,,Radeon 780M,,,,,,,267
AMD,AMD Ryzen 5 4500,Ryzen 5 4500,,Zen 2,6,,,,3.6 ,,,4.1 ,,65,,,,,No,,,,,,,112.99
AMD,AMD Ryzen 9 7950X3D,Ryzen 9 7950X3D,,Zen 4,16,,,,4.2 ,,,5.7 ,,120,,,,,Radeon,,,,,,,699.99
AMD,AMD Ryzen 7 8700F,Ryzen 7 8700F,,Zen 4,8,,,,4.1 ,,,5 ,,65,,,,,No,,,,,,,269.57
AMD,AMD Ryzen 5 2600,Ryzen 5 2600,,Zen+,6,,,,3.4 ,,,3.9 ,,65,,,,,No,,,,,,,0
AMD,AMD Ryzen 5 8600G,Ryzen 5 8600G,,Zen 4,6,,,,4.3 ,,,5 ,,65,,,,,Radeon 760M,,,,,,,179.45
AMD,AMD Ryzen 5 5500GT,Ryzen 5 5500GT,,Zen 3,6,,,,3.6 ,,,4.4 ,,65,,,,,Radeon Vega 7,,,,,,,129.99
AMD,AMD Ryzen 3 4100,Ryzen 3 4100,,Zen 2,4,,,,3.8 ,,,4 ,,65,,,,,No,,,,,,,81.47
AMD,AMD Ryzen 9 7900X3D,Ryzen 9 7900X3D,,Zen 4,12,,,,4.4 ,,,5.6 ,,120,,,,,Radeon,,,,,,,759.99
AMD,AMD Ryzen 5 3600X,Ryzen 5 3600X,,Zen 2,6,,,,3.8 ,,,4.4 ,,95,,,,,No,,,,,,,0
AMD,AMD Threadripper 3970X,Threadripper 3970X,,Zen 2,32,,,,3.7 ,,,4.5 ,,280,,,,,No,,,,,,,1399.99
AMD,AMD Ryzen 7 2700X,Ryzen 7 2700X,,Zen+,8,,,,3.7 ,,,4.3 ,,105,,,,,No,,,,,,,0
AMD,AMD Ryzen 9 3900X,Ryzen 9 3900X,,Zen 2,12,,,,3.8 ,,,4.6 ,,105,,,,,No,,,,,,,0
AMD,AMD Ryzen 9 7950X,Ryzen 9 7950X,,Zen 4,16,,,,4.5 ,,,5.7 ,,170,,,,,Radeon,,,,,,,499.99
AMD,AMD Ryzen 5 9600,Ryzen 5 9600,,Zen 5,6,,,,3.8 ,,,5.2 ,,65,,,,,Radeon,,,,,,,249.99
AMD,AMD Ryzen 9 7900,Ryzen 9 7900,,Zen 4,12,,,,3.7 ,,,5.4 ,,65,,,,,Radeon,,,,,,,343.95
AMD,AMD Ryzen 5 3400G,Ryzen 5 3400G,,Zen+,4,,,,3.7 ,,,4.2 ,,65,,,,,Radeon Vega 11,,,,,,,0
AMD,AMD Ryzen 7 3800X,Ryzen 7 3800X,,Zen 2,8,,,,3.9 ,,,4.5 ,,105,,,,,No,,,,,,,0
AMD,AMD Ryzen 5 1600 (14nm),Ryzen 5 1600 (14nm),,Zen,6,,,,3.2 ,,,3.6 ,,65,,,,,No,,,,,,,82.44
AMD,AMD Ryzen 5 2600X,Ryzen 5 2600X,,Zen+,6,,,,3.6 ,,,4.2 ,,95,,,,,No,,,,,,,0
AMD,AMD Ryzen 5 4600G,Ryzen 5 4600G,,Zen 2,6,,,,3.7 ,,,4.2 ,,65,,,,,Radeon Vega 7,,,,,,,0
AMD,AMD Ryzen 5 5500X3D,Ryzen 5 5500X3D,,Zen 3,6,,,,3 ,,,4 ,,105,,,,,No,,,,,,,0
AMD,AMD Athlon 3000G (14nm),Athlon 3000G (14nm),,Zen,2,,,,3.5 ,,,,,35,,,,,Radeon Vega 3,,,,,,,68.79
AMD,AMD Threadripper 3960X,Threadripper 3960X,,Zen 2,24,,,,3.8 ,,,4.5 ,,280,,,,,No,,,,,,,0
AMD,AMD Athlon X2 340,Athlon X2 340,,Piledriver,2,,,,3.2 ,,,,,65,,,,,No,,,,,,,0
AMD,AMD Ryzen 5 3500X,Ryzen 5 3500X,,Zen 2,6,,,,3.6 ,,,4.1 ,,65,,,,,No,,,,,,,0
AMD,AMD EPYC 4585PX,EPYC 4585PX,,Zen 5,16,,,,4.3 ,,,5.7 ,,170,,,,,Radeon,,,,,,,698.01
AMD,AMD Ryzen 9 3950X,Ryzen 9 3950X,,Zen 2,16,,,,3.5 ,,,4.7 ,,105,,,,,No,,,,,,,0
AMD,AMD Ryzen 5 1400,Ryzen 5 1400,,Zen,4,,,,3.2 ,,,3.4 ,,65,,,,,No,,,,,,,0
AMD,AMD Ryzen 3 3100,Ryzen 3 3100,,Zen 2,4,,,,3.6 ,,,3.9 ,,65,,,,,No,,,,,,,0
AMD,AMD Ryzen 7 2700,Ryzen 7 2700,,Zen+,8,,,,3.2 ,,,4.1 ,,65,,,,,No,,,,,,,0
AMD,AMD Ryzen 5 1600 (12nm),Ryzen 5 1600 (12nm),,Zen+,6,,,,3.2 ,,,3.6 ,,65,,,,,No,,,,,,,109
AMD,AMD Ryzen 5 5600X3D,Ryzen 5 5600X3D,,Zen 3,6,,,,3.3 ,,,4.4 ,,105,,,,,No,,,,,,,0
AMD,AMD Ryzen 3 2200G,Ryzen 3 2200G,,Zen,4,,,,3.5 ,,,3.7 ,,65,,,,,Radeon Vega 8,,,,,,,99.99
AMD,AMD Ryzen 7 1700X,Ryzen 7 1700X,,Zen,8,,,,3.4 ,,,3.8 ,,95,,,,,No,,,,,,,0
AMD,AMD Ryzen 5 1500X,Ryzen 5 1500X,,Zen,4,,,,3.5 ,,,3.7 ,,65,,,,,No,,,,,,,65.98
AMD,AMD Ryzen 5 2400G,Ryzen 5 2400G,,Zen,4,,,,3.6 ,,,3.9 ,,65,,,,,Radeon Vega 11,,,,,,,163
AMD,AMD FX-6300,FX-6300,,Piledriver,6,,,,3.5 ,,,,,95,,,,,No,,,,,,,78.02
AMD,AMD A8-9600,A8-9600,,Excavator,4,,,,3.1 ,,,3.4 ,,65,,,,,Radeon R7 (on-die),,,,,,,0
AMD,AMD Ryzen 3 1200 (12nm),Ryzen 3 1200 (12nm),,Zen+,4,,,,3.1 ,,,3.4 ,,65,,,,,No,,,,,,,60.99
AMD,AMD FX-8320,FX-8320,,Piledriver,8,,,,3.5 ,,,,,125,,,,,No,,,,,,,0
AMD,AMD Phenom II X4 820,Phenom II X4 820,,K10,4,,,,2.8 ,,,,,95,,,,,No,,,,,,,48.02
AMD,AMD Phenom II X4 940 Black,Phenom II X4 940 Black,,K10,4,,,,3 ,,,,,125,,,,,No,,,,,,,0
AMD,AMD Threadripper 2990WX,Threadripper 2990WX,,Zen+,32,,,,3 ,,,4.2 ,,250,,,,,No,,,,,,,0
AMD,AMD Ryzen 5 7400,Ryzen 5 7400,,Zen 4,6,,,,3.3 ,,,4.3 ,,65,,,,,Radeon,,,,,,,0
AMD,AMD Ryzen 9 3900,Ryzen 9 3900,,Zen 2,12,,,,3.1 ,,,,,65,,,,,No,,,,,,,0
AMD,AMD Ryzen 3 1300X,Ryzen 3 1300X,,Zen,4,,,,3.5 ,,,3.7 ,,65,,,,,No,,,,,,,0
AMD,AMD FX-4350,FX-4350,,Piledriver,4,,,,4.2 ,,,,,125,,,,,No,,,,,,,90
AMD,AMD FX-6350,FX-6350,,Piledriver,6,,,,3.9 ,,,,,125,,,,,No,,,,,,,0
AMD,AMD FX-8320E,FX-8320E,,Piledriver,8,,,,3.2 ,,,4 ,,95,,,,,No,,,,,,,148.02
AMD,AMD Athlon II 160u,Athlon II 160u,,K10,1,,,,1.8 ,,,,,20,,,,,No,,,,,,,0
AMD,AMD Phenom II X6 1100T Black,Phenom II X6 1100T Black,,K10,6,,,,3.3 ,,,,,125,,,,,No,,,,,,,198.02
AMD,AMD Ryzen 5 5600T,Ryzen 5 5600T,,Zen 3,6,,,,3.5 ,,,4.5 ,,65,,,,,No,,,,,,,0
AMD,AMD FX-6100,FX-6100,,Bulldozer,6,,,,3.3 ,,,,,95,,,,,No,,,,,,,68
AMD,AMD A10-7850K,A10-7850K,,Steamroller,4,,,,3.7 ,,,4 ,,95,,,,,Radeon R7 (on-die),,,,,,,128.02
AMD,AMD Ryzen 5 PRO 7645,Ryzen 5 PRO 7645,,Zen 4,6,,,,3.8 ,,,5.1 ,,65,,,,,Radeon,,,,,,,438
AMD,AMD FX-8350,FX-8350,,Piledriver,8,,,,4 ,,,,,125,,,,,No,,,,,,,248.02
AMD,AMD 5350,5350,,Jaguar,4,,,,2.05 ,,,,,25,,,,,Radeon HD 8400,,,,,,,0
AMD,AMD FX-8370,FX-8370,,Piledriver,8,,,,4 ,,,4.3 ,,125,,,,,No,,,,,,,0
AMD,AMD Phenom II X6 1090T Black,Phenom II X6 1090T Black,,K10,6,,,,3.2 ,,,,,125,,,,,No,,,,,,,0
AMD,AMD Ryzen 7 PRO 7745,Ryzen 7 PRO 7745,,Zen 4,8,,,,3.8 ,,,5.3 ,,65,,,,,Radeon,,,,,,,0
AMD,AMD A10-6700,A10-6700,,Piledriver,4,,,,3.7 ,,,,,65,,,,,Radeon HD 8670D,,,,,,,98.02
AMD,AMD Ryzen 5 5600F,Ryzen 5 5600F,,Zen 3,6,,,,3 ,,,4 ,,65,,,,,No,,,,,,,0
AMD,AMD A4-6300B,A4-6300B,,Piledriver,2,,,,3.7 ,,,3.9 ,,65,,,,,Radeon HD 8370D,,,,,,,49.95
AMD,AMD A10-7700K,A10-7700K,,Steamroller,4,,,,3.4 ,,,3.8 ,,95,,,,,Radeon R7 (on-die),,,,,,,118.02
AMD,AMD Athlon X4 860K,Athlon X4 860K,,Steamroller,4,,,,3.7 ,,,4 ,,95,,,,,No,,,,,,,0
AMD,AMD Phenom II X6 1055T,Phenom II X6 1055T,,K10,6,,,,2.8 ,,,,,125,,,,,No,,,,,,,108.02
AMD,AMD 3850,3850,,Jaguar,4,,,,1.3 ,,,,,25,,,,,Radeon HD 8280,,,,,,,0
AMD,AMD A8-7600,A8-7600,,Steamroller,4,,,,3.1 ,,,3.8 ,,65,,,,,Radeon R7 (on-die),,,,,,,0
AMD,AMD EPYC 4345P,EPYC 4345P,,Zen 5,8,,,,3.8 ,,,5.5 ,,65,,,,,Radeon,,,,,,,"Out of stock
349.99"
AMD,AMD A8-6600K,A8-6600K,,Piledriver,4,,,,3.9 ,,,,,100,,,,,Radeon HD 8570D,,,,,,,88.02
AMD,AMD FX-9370,FX-9370,,Piledriver,8,,,,4.4 ,,,4.7 ,,220,,,,,No,,,,,,,198.02
AMD,AMD A4-3300,A4-3300,,Lynx,2,,,,2.5 ,,,,,65,,,,,Radeon HD 6410D,,,,,,,87
AMD,AMD FX-8150,FX-8150,,Bulldozer,8,,,,3.6 ,,,,,125,,,,,No,,,,,,,0
AMD,AMD FX-4300,FX-4300,,Piledriver,4,,,,3.8 ,,,,,95,,,,,No,,,,,,,0
AMD,AMD Opteron 6378,Opteron 6378,,Piledriver,16,,,,2.4 ,,,3.3 ,,115,,,,,No,,,,,,,0
AMD,AMD Athlon II X4 640,Athlon II X4 640,,K10,4,,,,3 ,,,,,95,,,,,No,,,,,,,68.02
AMD,AMD A10-5800K,A10-5800K,,Piledriver,4,,,,3.8 ,,,,,100,,,,,Radeon HD 7660D,,,,,,,0
AMD,AMD EPYC 4244P,EPYC 4244P,,Zen 4,6,,,,3.8 ,,,5.1 ,,65,,,,,Radeon,,,,,,,"Out of stock
249.99"
AMD,AMD Phenom II X4 965 Black,Phenom II X4 965 Black,,K10,4,,,,3.4 ,,,,,125,,,,,No,,,,,,,0
AMD,AMD FX-9590,FX-9590,,Piledriver,8,,,,4.7 ,,,5 ,,220,,,,,No,,,,,,,0
AMD,AMD A10-7890K,A10-7890K,,Steamroller,4,,,,4.1 ,,,4.3 ,,95,,,,,Radeon R7 (on-die),,,,,,,0
AMD,AMD EPYC 4245P,EPYC 4245P,,Zen 5,6,,,,3.9 ,,,5.4 ,,65,,,,,Radeon,,,,,,,"Out of stock
349.99"
AMD,AMD 2650,2650,,Jaguar,2,,,,1.45 ,,,,,25,,,,,Radeon HD 8240,,,,,,,0
AMD,AMD Athlon X4 880K,Athlon X4 880K,,Steamroller,4,,,,4 ,,,4.2 ,,95,,,,,No,,,,,,,0
AMD,AMD A10-6800K,A10-6800K,,Piledriver,4,,,,4.1 ,,,,,100,,,,,Radeon HD 8670D,,,,,,,0
AMD,AMD A10-7800,A10-7800,,Steamroller,4,,,,3.5 ,,,3.9 ,,65,,,,,Radeon R7 (on-die),,,,,,,0
AMD,AMD Ryzen 7 PRO 9745,Ryzen 7 PRO 9745,,Zen 5,8,,,,3.8 ,,,5.4 ,,65,,,,,Radeon,,,,,,,0
AMD,AMD A6-7400K,A6-7400K,,Steamroller,2,,,,3.5 ,,,3.9 ,,65,,,,,Radeon R5 (on die),,,,,,,0
AMD,AMD Athlon X4 950,Athlon X4 950,,Excavator,4,,,,3.5 ,,,3.8 ,,65,,,,,No,,,,,,,0
AMD,AMD Opteron 6344,Opteron 6344,,Piledriver,12,,,,2.6 ,,,3.2 ,,115,,,,,No,,,,,,,0
AMD,AMD A10-9700,A10-9700,,Excavator,4,,,,3.5 ,,,3.8 ,,65,,,,,Radeon R7 (on-die),,,,,,,160.99
AMD,AMD A8-7680,A8-7680,,Puma+,4,,,,3.5 ,,,3.8 ,,65,,,,,Radeon R7 (on-die),,,,,,,0
AMD,AMD Phenom II X4 955 Black,Phenom II X4 955 Black,,K10,4,,,,3.2 ,,,,,125,,,,,No,,,,,,,0
AMD,AMD Ryzen 5 PRO 9645,Ryzen 5 PRO 9645,,Zen 5,6,,,,3.9 ,,,5.4 ,,65,,,,,Radeon,,,,,,,0
AMD,AMD A10-9700E,A10-9700E,,Excavator,4,,,,3 ,,,3.5 ,,35,,,,,Radeon R7 (on-die),,,,,,,128.02
AMD,AMD EPYC 4464P,EPYC 4464P,,Zen 4,12,,,,3.7 ,,,5.4 ,,65,,,,,Radeon,,,,,,,"Out of stock
699.99"
AMD,AMD A6-6400K,A6-6400K,,Piledriver,2,,,,3.9 ,,,,,65,,,,,Radeon HD 8470D,,,,,,,0
AMD,AMD Sempron 140,Sempron 140,,K10,1,,,,2.7 ,,,,,45,,,,,No,,,,,,,0
AMD,AMD A6-9500,A6-9500,,Excavator,2,,,,3.5 ,,,3.8 ,,65,,,,,Radeon R5 (on die),,,,,,,0
AMD,AMD A12-9800E,A12-9800E,,Excavator,4,,,,3.1 ,,,3.8 ,,35,,,,,Radeon R7 (on-die),,,,,,,138.02
AMD,AMD Athlon 220GE,Athlon 220GE,,Zen,2,,,,3.4 ,,,,,35,,,,,Radeon Vega 3,,,,,,,0
AMD,AMD Athlon II X2 270,Athlon II X2 270,,K10,2,,,,3.4 ,,,,,65,,,,,No,,,,,,,59.95
AMD,AMD A8-3870K,A8-3870K,,Lynx,4,,,,3 ,,,,,100,,,,,Radeon HD 6550D,,,,,,,0
AMD,AMD A8-5600K,A8-5600K,,Piledriver,4,,,,3.6 ,,,,,100,,,,,Radeon HD 7560D,,,,,,,0
AMD,AMD Opteron 6320,Opteron 6320,,Piledriver,8,,,,2.8 ,,,3.3 ,,115,,,,,No,,,,,,,0
AMD,AMD A6-9500E,A6-9500E,,Excavator,2,,,,3 ,,,3.4 ,,35,,,,,Radeon R5 (on die),,,,,,,0
AMD,AMD Ryzen 5 PRO 7445,Ryzen 5 PRO 7445,,Zen 4,6,,,,3.3 ,,,4.3 ,,65,,,,,Radeon,,,,,,,0
AMD,AMD A8-5500,A8-5500,,Piledriver,4,,,,3.2 ,,,,,65,,,,,Radeon HD 7560D,,,,,,,0
AMD,AMD EPYC 4344P,EPYC 4344P,,Zen 4,8,,,,3.8 ,,,5.3 ,,65,,,,,Radeon,,,,,,,"Out of stock
349.99"
AMD,AMD A8-6500,A8-6500,,Piledriver,4,,,,3.5 ,,,,,65,,,,,Radeon HD 8570D,,,,,,,0
AMD,AMD A8-7650K,A8-7650K,,Steamroller,4,,,,3.3 ,,,3.7 ,,95,,,,,Radeon R7 (on-die),,,,,,,0
AMD,AMD FX-8120,FX-8120,,Bulldozer,8,,,,3.1 ,,,,,125,,,,,No,,,,,,,0
AMD,AMD FX-4100,FX-4100,,Bulldozer,4,,,,3.6 ,,,,,95,,,,,No,,,,,,,0
AMD,AMD A4-5300,A4-5300,,Piledriver,2,,,,3.4 ,,,,,65,,,,,Radeon HD 7480D,,,,,,,0
AMD,AMD A6-5400K,A6-5400K,,Piledriver,2,,,,3.6 ,,,,,65,,,,,Radeon HD 7540D,,,,,,,0
AMD,AMD A12-9800,A12-9800,,Excavator,4,,,,3.8 ,,,4.2 ,,65,,,,,Radeon R7 (on-die),,,,,,,0
AMD,AMD Threadripper 2970WX,Threadripper 2970WX,,Zen+,24,,,,3 ,,,4.2 ,,250,,,,,No,,,,,,,0
AMD,AMD A8-3850,A8-3850,,Lynx,4,,,,2.9 ,,,,,100,,,,,Radeon HD 6550D,,,,,,,0
AMD,AMD Athlon 5370,Athlon 5370,,Jaguar,4,,,,2.2 ,,,,,25,,,,,Radeon R3 (on die),,,,,,,0
AMD,AMD Ryzen 7 1800X,Ryzen 7 1800X,,Zen,8,,,,3.6 ,,,4 ,,95,,,,,No,,,,,,,0
AMD,AMD Threadripper 2920X,Threadripper 2920X,,Zen+,12,,,,3.5 ,,,4.3 ,,180,,,,,No,,,,,,,0
AMD,AMD Threadripper 2950X,Threadripper 2950X,,Zen+,16,,,,3.5 ,,,4.4 ,,180,,,,,No,,,,,,,0
AMD,AMD Athlon 200GE,Athlon 200GE,,Zen,2,,,,3.2 ,,,,,35,,,,,Radeon Vega 3,,,,,,,0
AMD,AMD Athlon II X2 250,Athlon II X2 250,,K10,2,,,,3 ,,,,,65,,,,,No,,,,,,,0
AMD,AMD Athlon II X4 645,Athlon II X4 645,,K10,4,,,,3.1 ,,,,,95,,,,,No,,,,,,,0
AMD,AMD 5150,5150,,Jaguar,4,,,,1.6 ,,,,,25,,,,,Radeon HD 8400,,,,,,,0
AMD,AMD EPYC 4584PX,EPYC 4584PX,,Zen 4,16,,,,4.2 ,,,5.7 ,,120,,,,,Radeon,,,,,,,0
AMD,AMD EPYC 4364P,EPYC 4364P,,Zen 4,8,,,,4.5 ,,,5.4 ,,105,,,,,Radeon,,,,,,,"Out of stock
328.18"
AMD,AMD Athlon II X4 620,Athlon II X4 620,,K10,4,,,,2.6 ,,,,,95,,,,,No,,,,,,,0
AMD,AMD Athlon II X3 450,Athlon II X3 450,,K10,3,,,,3.2 ,,,,,95,,,,,No,,,,,,,0
AMD,AMD Phenom II X6 1035T,Phenom II X6 1035T,,K10,6,,,,2.6 ,,,,,95,,,,,No,,,,,,,0
AMD,AMD A10-5700,A10-5700,,Piledriver,4,,,,3.4 ,,,,,65,,,,,Radeon HD 7660D,,,,,,,0
AMD,AMD FX-4130,FX-4130,,Bulldozer,4,,,,3.8 ,,,,,125,,,,,No,,,,,,,0
AMD,AMD Athlon X4 750K,Athlon X4 750K,,Piledriver,4,,,,3.4 ,,,,,100,,,,,No,,,,,,,0
AMD,AMD A10-6790K,A10-6790K,,Piledriver,4,,,,4 ,,,4.3 ,,100,,,,,Radeon HD 8670D,,,,,,,0
AMD,AMD Sempron 150,Sempron 150,,K10,1,,,,2.9 ,,,,,45,,,,,No,,,,,,,0
AMD,AMD A10-7870K,A10-7870K,,Steamroller,4,,,,3.9 ,,,4.1 ,,95,,,,,Radeon R7 (on-die),,,,,,,0
AMD,AMD A6-7480,A6-7480,,Puma+,2,,,,3.5 ,,,3.8 ,,65,,,,,Radeon R5 (on die),,,,,,,0
AMD,AMD Phenom II X4 955,Phenom II X4 955,,K10,4,,,,3.2 ,,,,,125,,,,,No,,,,,,,0
AMD,AMD Phenom II X2 550 Black,Phenom II X2 550 Black,,K10,2,,,,3.1 ,,,,,80,,,,,No,,,,,,,0
AMD,AMD Phenom II X4 945,Phenom II X4 945,,K10,4,,,,3 ,,,,,125,,,,,No,,,,,,,0
AMD,AMD Athlon II X3 400e,Athlon II X3 400e,,K10,3,,,,2.2 ,,,,,45,,,,,No,,,,,,,0
AMD,AMD Phenom II X6 1075T,Phenom II X6 1075T,,K10,6,,,,3 ,,,,,95,,,,,No,,,,,,,0
AMD,AMD Phenom II X4 840,Phenom II X4 840,,K10,4,,,,3.2 ,,,,,95,,,,,No,,,,,,,0
AMD,AMD Phenom II X4 965,Phenom II X4 965,,K10,4,,,,3.4 ,,,,,125,,,,,No,,,,,,,0
AMD,AMD Athlon II X2 245,Athlon II X2 245,,K10,2,,,,2.9 ,,,,,65,,,,,No,,,,,,,0
AMD,AMD Phenom II X4 980 Black,Phenom II X4 980 Black,,K10,4,,,,3.7 ,,,,,125,,,,,No,,,,,,,0
AMD,AMD FX-6200,FX-6200,,Bulldozer,6,,,,3.8 ,,,,,125,,,,,No,,,,,,,0
AMD,AMD Athlon X4 760K,Athlon X4 760K,,Piledriver,4,,,,3.8 ,,,4.1 ,,100,,,,,No,,,,,,,0
AMD,AMD Athlon 240GE,Athlon 240GE,,Zen,2,,,,3.5 ,,,,,35,,,,,Radeon Vega 3,,,,,,,0
AMD,AMD EPYC 4484PX,EPYC 4484PX,,Zen 4,12,,,,4.4 ,,,5.6 ,,120,,,,,Radeon,,,,,,,0
AMD,AMD Athlon II X2 240e,Athlon II X2 240e,,K10,2,,,,2.8 ,,,,,45,,,,,No,,,,,,,0
AMD,AMD Phenom II X2 550,Phenom II X2 550,,K10,2,,,,3.1 ,,,,,80,,,,,No,,,,,,,0
AMD,AMD Athlon X4 845,Athlon X4 845,,Puma+,4,,,,3.5 ,,,3.8 ,,65,,,,,No,,,,,,,0
AMD,AMD A6-7470K,A6-7470K,,Steamroller,2,,,,3.7 ,,,4 ,,65,,,,,Radeon R5 (on die),,,,,,,0
AMD,AMD Athlon X4 970,Athlon X4 970,,Excavator,4,,,,3.8 ,,,4 ,,65,,,,,No,,,,,,,0
AMD,AMD Athlon II X2 215,Athlon II X2 215,,K10,2,,,,2.7 ,,,,,65,,,,,No,,,,,,,0
AMD,AMD Athlon II X2 255,Athlon II X2 255,,K10,2,,,,3.1 ,,,,,65,,,,,No,,,,,,,0
AMD,AMD Athlon II X3 425,Athlon II X3 425,,K10,3,,,,2.7 ,,,,,95,,,,,No,,,,,,,0
AMD,AMD Athlon II X3 445,Athlon II X3 445,,K10,3,,,,3.1 ,,,,,95,,,,,No,,,,,,,0
AMD,AMD Phenom II X2 555 Black,Phenom II X2 555 Black,,K10,2,,,,3.2 ,,,,,80,,,,,No,,,,,,,0
AMD,AMD Athlon II X4 635,Athlon II X4 635,,K10,4,,,,2.9 ,,,,,95,,,,,No,,,,,,,0
AMD,AMD Phenom II X3 720,Phenom II X3 720,,K10,3,,,,2.8 ,,,,,95,,,,,No,,,,,,,0
AMD,AMD Phenom II X2 560 Black,Phenom II X2 560 Black,,K10,2,,,,3.3 ,,,,,80,,,,,No,,,,,,,0
AMD,AMD A6-3670K,A6-3670K,,Lynx,4,,,,2.7 ,,,,,100,,,,,Radeon HD 6530D,,,,,,,0
AMD,AMD A4-4000,A4-4000,,Piledriver,2,,,,3 ,,,,,65,,,,,Radeon HD 7480D,,,,,,,0
AMD,AMD A4-6320,A4-6320,,Piledriver,2,,,,3.8 ,,,4 ,,65,,,,,Radeon HD 8370D,,,,,,,0
AMD,AMD FX-6120,FX-6120,,Bulldozer,6,,,,3.5 ,,,4.1 ,,95,,,,,No,,,,,,,0
AMD,AMD Athlon II X4 638,Athlon II X4 638,,Lynx,4,,,,2.7 ,,,,,65,,,,,No,,,,,,,0
AMD,AMD Athlon X4 530,Athlon X4 530,,Jaguar,4,,,,2 ,,,,,25,,,,,No,,,,,,,0
AMD,AMD Pro A8-7600B,Pro A8-7600B,,Steamroller,4,,,,3.1 ,,,3.8 ,,65,,,,,Radeon R7 (on-die),,,,,,,0
AMD,AMD Pro A10-7800B,Pro A10-7800B,,Steamroller,4,,,,3.5 ,,,3.9 ,,65,,,,,Radeon R7 (on-die),,,,,,,0
AMD,AMD Pro A10-7850B,Pro A10-7850B,,Steamroller,4,,,,3.7 ,,,4 ,,95,,,,,Radeon R7 (on-die),,,,,,,0
AMD,AMD Sempron X2 250,Sempron X2 250,,Piledriver,2,,,,3.2 ,,,3.6 ,,65,,,,,No,,,,,,,0
AMD,AMD Athlon X4 870K,Athlon X4 870K,,Steamroller,4,,,,3.9 ,,,4.1 ,,95,,,,,No,,,,,,,0
AMD,AMD Athlon X4 940,Athlon X4 940,,Excavator,4,,,,3.2 ,,,3.6 ,,65,,,,,No,,,,,,,0
AMD,AMD A8-7670K,A8-7670K,,Steamroller,4,,,,3.6 ,,,3.9 ,,95,,,,,Radeon R7 (on-die),,,,,,,0
AMD,AMD Athlon II X2 260,Athlon II X2 260,,K10,2,,,,3.2 ,,,,,65,,,,,No,,,,,,,0
AMD,AMD Athlon II X3 435,Athlon II X3 435,,K10,3,,,,2.9 ,,,,,95,,,,,No,,,,,,,0
AMD,AMD Phenom II X2 545,Phenom II X2 545,,K10,2,,,,3 ,,,,,80,,,,,No,,,,,,,0
AMD,AMD Phenom II X4 810,Phenom II X4 810,,K10,4,,,,2.6 ,,,,,95,,,,,No,,,,,,,0
AMD,AMD Phenom II X4 910,Phenom II X4 910,,K10,4,,,,2.6 ,,,,,95,,,,,No,,,,,,,0
AMD,AMD Phenom II X4 925,Phenom II X4 925,,K10,4,,,,2.8 ,,,,,95,,,,,No,,,,,,,0
AMD,AMD Athlon II X2 235e,Athlon II X2 235e,,K10,2,,,,2.7 ,,,,,45,,,,,No,,,,,,,0
AMD,AMD Athlon II X4 600e,Athlon II X4 600e,,K10,4,,,,2.2 ,,,,,45,,,,,No,,,,,,,0
AMD,AMD Phenom II X4 965 Black (140W),Phenom II X4 965 Black (140W),,K10,4,,,,3.4 ,,,,,140,,,,,No,,,,,,,0
AMD,AMD Athlon II X2 265,Athlon II X2 265,,K10,2,,,,3.2 ,,,,,65,,,,,No,,,,,,,0
AMD,AMD Phenom II X3 715 Black,Phenom II X3 715 Black,,K10,3,,,,2.8 ,,,,,95,,,,,No,,,,,,,0
AMD,AMD Phenom II X4 970 Black,Phenom II X4 970 Black,,K10,4,,,,3.5 ,,,,,125,,,,,No,,,,,,,0
AMD,AMD Phenom II X2 565 Black,Phenom II X2 565 Black,,K10,2,,,,3.4 ,,,,,80,,,,,No,,,,,,,0
AMD,AMD Phenom II X4 975,Phenom II X4 975,,K10,4,,,,3.6 ,,,,,125,,,,,No,,,,,,,0
AMD,AMD Phenom II X4 960T Black,Phenom II X4 960T Black,,K10,4,,,,3 ,,,,,95,,,,,No,,,,,,,0
AMD,AMD Athlon II X4 630,Athlon II X4 630,,K10,4,,,,2.8 ,,,,,95,,,,,No,,,,,,,0
AMD,AMD Phenom II X3 720 Black,Phenom II X3 720 Black,,K10,3,,,,2.8 ,,,,,95,,,,,No,,,,,,,0
AMD,AMD Sempron 130,Sempron 130,,K10,1,,,,2.6 ,,,,,45,,,,,No,,,,,,,0
AMD,AMD Athlon II X4 631,Athlon II X4 631,,Lynx,4,,,,2.6 ,,,,,100,,,,,No,,,,,,,0
AMD,AMD A6-3500,A6-3500,,Lynx,3,,,,2.1 ,,,,,65,,,,,Radeon HD 6530D,,,,,,,0
AMD,AMD A4-3400,A4-3400,,Lynx,2,,,,2.7 ,,,,,65,,,,,Radeon HD 6410D,,,,,,,0
AMD,AMD FX-8300,FX-8300,,Piledriver,8,,,,3.3 ,,,,,95,,,,,No,,,,,,,0
AMD,AMD Sempron X2 190,Sempron X2 190,,K10,2,,,,2.5 ,,,,,45,,,,,No,,,,,,,0
AMD,AMD A10-6700T,A10-6700T,,Piledriver,4,,,,2.5 ,,,3.5 ,,45,,,,,Radeon HD 8650D,,,,,,,0
AMD,AMD A4-3450,A4-3450,,Lynx,2,,,,2.9 ,,,,,65,,,,,No,,,,,,,0
AMD,AMD FX-4200,FX-4200,,Bulldozer,4,,,,3.3 ,,,,,125,,,,,No,,,,,,,0
AMD,AMD FX-8140,FX-8140,,Bulldozer,8,,,,3.2 ,,,4.1 ,,95,,,,,No,,,,,,,0
AMD,AMD Athlon II X2 221,Athlon II X2 221,,Lynx,2,,,,2.8 ,,,,,65,,,,,No,,,,,,,0
AMD,AMD Athlon II X4 651,Athlon II X4 651,,Lynx,4,,,,3 ,,,,,100,,,,,No,,,,,,,0
AMD,AMD Athlon X2 370K,Athlon X2 370K,,Piledriver,2,,,,4.2 ,,,,,65,,,,,No,,,,,,,0
AMD,AMD Athlon X4 550,Athlon X4 550,,Jaguar,4,,,,2.2 ,,,,,25,,,,,No,,,,,,,0
AMD,AMD Pro A4-7300B,Pro A4-7300B,,Piledriver,2,,,,3.8 ,,,4 ,,65,,,,,Radeon HD 8470D,,,,,,,0
AMD,AMD Athlon X2 450,Athlon X2 450,,Steamroller,2,,,,3.5 ,,,3.9 ,,65,,,,,No,,,,,,,0
AMD,AMD Phenom II X2 B59,Phenom II X2 B59,,K10,2,,,,3.4 ,,,,,80,,,,,No,,,,,,,0
AMD,AMD Opteron 6328,Opteron 6328,,Piledriver,8,,,,3.2 ,,,3.8 ,,115,,,,,No,,,,,,,0
AMD,AMD A10-7860k,A10-7860k,,Steamroller,4,,,,3.6 ,,,4 ,,65,,,,,Radeon R7 (on-die),,,,,,,0
AMD,AMD A6-9550,A6-9550,,Excavator,2,,,,3.8 ,,,4 ,,65,,,,,Radeon R5 (on die),,,,,,,0
AMD,AMD Athlon II X2 240,Athlon II X2 240,,K10,2,,,,2.8 ,,,,,65,,,,,No,,,,,,,0
AMD,AMD Athlon II X3 440,Athlon II X3 440,,K10,3,,,,3 ,,,,,95,,,,,No,,,,,,,0
AMD,AMD Phenom II X3 710,Phenom II X3 710,,K10,3,,,,2.6 ,,,,,95,,,,,No,,,,,,,0
AMD,AMD Phenom II X4 805,Phenom II X4 805,,K10,4,,,,2.5 ,,,,,95,,,,,No,,,,,,,0
AMD,AMD Athlon II X2 245e,Athlon II X2 245e,,K10,2,,,,2.9 ,,,,,45,,,,,No,,,,,,,0
AMD,AMD Athlon II X2 260u,Athlon II X2 260u,,K10,2,,,,1.8 ,,,,,25,,,,,No,,,,,,,0
AMD,AMD Athlon II X3 405e,Athlon II X3 405e,,K10,3,,,,2.3 ,,,,,45,,,,,No,,,,,,,0
AMD,AMD Athlon II X3 415e,Athlon II X3 415e,,K10,3,,,,2.5 ,,,,,45,,,,,No,,,,,,,0
AMD,AMD Athlon II X4 605e,Athlon II X4 605e,,K10,4,,,,2.3 ,,,,,45,,,,,No,,,,,,,0
AMD,AMD Athlon II X4 610e,Athlon II X4 610e,,K10,4,,,,2.4 ,,,,,45,,,,,No,,,,,,,0
AMD,AMD Phenom II X3 705e,Phenom II X3 705e,,K10,3,,,,2.5 ,,,,,65,,,,,No,,,,,,,0
AMD,AMD Phenom II X3 740 Black,Phenom II X3 740 Black,,K10,3,,,,3 ,,,,,95,,,,,No,,,,,,,0
AMD,AMD Phenom II X4 905e,Phenom II X4 905e,,K10,4,,,,2.5 ,,,,,65,,,,,No,,,,,,,0
AMD,AMD Phenom II X4 910e,Phenom II X4 910e,,K10,4,,,,2.6 ,,,,,65,,,,,No,,,,,,,0
AMD,AMD E2-3200,E2-3200,,Lynx,2,,,,2.4 ,,,,,65,,,,,Radeon HD 6370D,,,,,,,0
AMD,AMD FX-8370E,FX-8370E,,Piledriver,8,,,,3.3 ,,,4.3 ,,95,,,,,No,,,,,,,0
AMD,AMD Pro A6-7400B,Pro A6-7400B,,Steamroller,2,,,,3.5 ,,,3.9 ,,65,,,,,Radeon R5 (on die),,,,,,,0
AMD,AMD Athlon X2 350,Athlon X2 350,,Piledriver,2,,,,3.5 ,,,3.9 ,,65,,,,,No,,,,,,,0
AMD,AMD Phenom II X4 B99,Phenom II X4 B99,,K10,4,,,,3.3 ,,,,,95,,,,,No,,,,,,,0
AMD,AMD Phenom II X6 1065T,Phenom II X6 1065T,,K10,6,,,,2.7 ,,,,,95,,,,,No,,,,,,,0
AMD,AMD FX-8310,FX-8310,,Piledriver,8,,,,3.4 ,,,4.3 ,,95,,,,,No,,,,,,,0
AMD,AMD Athlon II X3 455,Athlon II X3 455,,K10,3,,,,3.3 ,,,,,95,,,,,No,,,,,,,0
AMD,AMD Phenom II X4 830,Phenom II X4 830,,K10,4,,,,2.8 ,,,,,95,,,,,No,,,,,,,0
AMD,AMD Phenom II X4 970,Phenom II X4 970,,K10,4,,,,3.5 ,,,,,125,,,,,No,,,,,,,0
AMD,AMD A6-3650,A6-3650,,Lynx,4,,,,2.6 ,,,,,100,,,,,Radeon HD 6530D,,,,,,,0
AMD,AMD A6-6420K,A6-6420K,,Piledriver,2,,,,4 ,,,4.2 ,,65,,,,,Radeon HD 8000 Series,,,,,,,0
AMD,AMD A4-4020,A4-4020,,Piledriver,2,,,,3.2 ,,,3.4 ,,65,,,,,Radeon HD 7480D,,,,,,,0
AMD,AMD Sempron X2 198,Sempron X2 198,,Lynx,2,,,,2.5 ,,,,,65,,,,,No,,,,,,,0
AMD,AMD Sempron 145,Sempron 145,,K10,1,,,,2.8 ,,,,,45,,,,,No,,,,,,,0
AMD,AMD A10-6790B,A10-6790B,,Piledriver,4,,,,4 ,,,,,100,,,,,Radeon HD 8670D,,,,,,,0
AMD,AMD A10-6800B,A10-6800B,,Piledriver,4,,,,4.1 ,,,4.4 ,,100,,,,,Radeon HD 8670D,,,,,,,0
AMD,AMD A4-6300,A4-6300,,Piledriver,2,,,,3.7 ,,,3.9 ,,65,,,,,Radeon HD 8370D,,,,,,,0
AMD,AMD A4-3420,A4-3420,,Lynx,2,,,,2.8 ,,,,,65,,,,,Radeon HD 6410D,,,,,,,0
AMD,AMD FX-4150,FX-4150,,Bulldozer,4,,,,4 ,,,4.1 ,,125,,,,,No,,,,,,,0
AMD,AMD FX-4170,FX-4170,,Bulldozer,4,,,,4.2 ,,,,,125,,,,,No,,,,,,,0
AMD,AMD FX-4320,FX-4320,,Piledriver,4,,,,4 ,,,4.2 ,,95,,,,,No,,,,,,,0
AMD,AMD FX-6130,FX-6130,,Bulldozer,6,,,,3.6 ,,,3.9 ,,125,,,,,No,,,,,,,0
AMD,AMD 3015Ce,3015Ce,,,2,,,4,2.3,,,1.2,,6,,,,FT5,,,,,,,,0
AMD,6,3015e,,,2,,,4,2.3,,,1.2,,6,,,,,,,,,,,,
AMD,AMD 3020e,3020e,,,2,,,2,2.6,,,1.2,,6,,,,,,,,,,,,
AMD,AMD 4700S,4700S,,,8,,,16,4.0,,,3.6,,,,,,,,,,,,,,
AMD,AMD A10 Micro-6700T,A10 Micro-6700T,,,4,,,4,2.2,,,1.2,,5,,,,FT3b,,,,,,,,
AMD,AMD A10 PRO-7350B,A10 PRO-7350B,,,4,,,,3.3,,,2.1,,19,,,,FP3,,,,,,,,
AMD,AMD A10 PRO-7800B,A10 PRO-7800B,,,4,,,,3.9,,,3.5,,65,,,,FM2+,,,,,,,,
AMD,AMD A10 PRO-7850B,A10 PRO-7850B,,,4,,,,4.0,,,3.7,,95,,,,FM2+,,,,,,,,
AMD,AMD A10-4600M,A10-4600M,,,4,,,,3.2,,,2.3,,35,,,,FS1r2,,,,,,,,
AMD,AMD A10-4655M,A10-4655M,,,4,,,,2.8,,,2.0,,25,,,,FP2,,,,,,,,
AMD,AMD A10-4657M,A10-4657M,,,4,,,,3.2,,,2.3,,35,,,,FP2,,,,,,,,
AMD,AMD A10-5745M,A10-5745M,,,4,,,,2.9,,,2.1,,25,,,,FP2,,,,,,,,
AMD,AMD A10-5750M,A10-5750M,,,4,,,,3.5,,,2.5,,35,,,,FS1r2,,,,,,,,
AMD,AMD A10-5757M,A10-5757M,,,4,,,,3.5,,,2.5,,35,,,,FP2,,,,,,,,
AMD,AMD A10-5800B,A10-5800B,,,4,,,,4.2,,,3.8,,100,,,,FM2,,,,,,,,
AMD,AMD A10-7300,A10-7300,,,4,,,,3.2,,,1.9,,19,,,,FP3,,,,,,,,
AMD,AMD A10-7400P,A10-7400P,,,4,,,,3.4,,,2.5,,35,,,,FP3,,,,,,,,
AMD,AMD A10-8700P,A10-8700P,,,4,,,,3.2,,,1.8,,35,,,,FP4,,,,,,,,
AMD,AMD A10-8750,A10-8750,,,4,,,,4.0,,,3.6,,65,,,,FM2+,,,,,,,,
AMD,AMD A10-8780P,A10-8780P,,,4,,,,3.3,,,2.0,,15,,,,BGA (FP4),,,,,,,,
AMD,AMD A10-8850,A10-8850,,,4,,,,4.1,,,3.9,,,,,,,,,,,,,,
AMD,AMD A10-9600P,A10-9600P,,,4,,,,3.2,,,2.3,,15,,,,FP4,,,,,,,,
AMD,AMD A10-9620P,A10-9620P,,,4,,,,3.4,,,2.5,,15,,,,,,,,,,,,
AMD,AMD A10-9630P,A10-9630P,,,4,,,,3.3,,,2.6,,35,,,,FP4,,,,,,,,
AMD,AMD A12-9700P,A12-9700P,,,4,,,,3.4,,,2.5,,15,,,,FP4,,,,,,,,
AMD,AMD A12-9720P,A12-9720P,,,4,,,,3.6,,,2.7,,15,,,,FP4,,,,,,,,
AMD,AMD A12-9730P,A12-9730P,,,4,,,,3.5,,,2.8,,35,,,,FP4,,,,,,,,
AMD,AMD A4 Micro-6400T,A4 Micro-6400T,,,4,,,4,1.6,,,1.0,,4.5,,,,FT3b,,,,,,,,
AMD,AMD A4 PRO-3340B,A4 PRO-3340B,,,4,,,4,,,,2.2,,25,,,,BGA769 (FT3),,,,,,,,
AMD,AMD A4 PRO-7300B,A4 PRO-7300B,,,2,,,,4.0,,,3.8,,65,,,,,,,,,,,,
AMD,AMD A4 PRO-7350B,A4 PRO-7350B,,,2,,,,3.8,,,3.4,,65,,,,FM2+,,,,,,,,
AMD,AMD A4-1200,A4-1200,,,2,,,2,,,,1.0,,3.9,,,,FT3,,,,,,,,
AMD,AMD A4-1250,A4-1250,,,2,,,2,,,,1.0,,8,,,,FT3,,,,,,,,
AMD,AMD A4-1350,A4-1350,,,4,,,4,,,,1.0,,8,,,,FT3,,,,,,,,
AMD,AMD A4-3300M,A4-3300M,,,2,,,2,2.5,,,1.9,,65,,,,FM1,,,,,,,,
AMD,AMD A4-3305M,A4-3305M,,,2,,,2,2.5,,,1.9,,35,,,,FS1,,,,,,,,
AMD,AMD A4-3310MX,A4-3310MX,,,2,,,2,2.3,,,2.1,,45,,,,FS1,,,,,,,,
AMD,AMD A4-3320M,A4-3320M,,,2,,,2,2.6,,,2.0,,35,,,,FS1,,,,,,,,
AMD,AMD A4-3330MX,A4-3330MX,,,2,,,2,2.6,,,2.2,,45,,,,FS1 uPGA,,,,,,,,
AMD,AMD A4-4300M,A4-4300M,,,2,,,,3.0,,,2.5,,35,,,,FS1,,,,,,,,
AMD,AMD A4-4355M,A4-4355M,,,2,,,,2.4,,,1.9,,17,,,,FP2,,,,,,,,
AMD,AMD A4-5000,A4-5000,,,4,,,4,,,,1.5,,15,,,,FT3,,,,,,,,
AMD,AMD A4-5050,A4-5050,,,4,,,4,,,,1.6,,13.5,,,,FT3,,,,,,,,
AMD,AMD A4-5100,A4-5100,,,4,,,4,,,,1.6,,15,,,,FT3,,,,,,,,
AMD,AMD A4-5150M,A4-5150M,,,2,,,,3.3,,,2.7,,35,,,,FS1r2,,,,,,,,
AMD,AMD A4-5300B,A4-5300B,,,2,,,,3.7,,,3.4,,65,,,,FM2,,,,,,,,
AMD,AMD A4-6210,A4-6210,,,4,,,4,,,,1.8,,15,,,,FT3b,,,,,,,,
AMD,AMD A4-6250J,A4-6250J,,,4,,,4,,,,2.0,,25,,,,,,,,,,,,
AMD,AMD A4-7210,A4-7210,,,4,,,4,2.2,,,1.8,,25,,,,BGA,,,,,,,,
AMD,AMD A4-7300,A4-7300,,,2,,,,4.0,,,3.8,,65,,,,FM2,,,,,,,,
AMD,AMD A4-9120,A4-9120,,,2,,,,2.5,,,2.2,,15,,,,BGA,,,,,,,,
AMD,AMD A4-9120C,A4-9120C,,,2,,,,2.4,,,1.6,,6,,,,FT4,,,,,,,,
AMD,AMD A4-9120e,A4-9120e,,,2,,,,2.2,,,1.5,,,,,,FT4,,,,,,,,
AMD,AMD A4-9125,A4-9125,,,2,,,,2.6,,,2.3,,15,,,,BGA (FT4),,,,,,,,
AMD,AMD A6 Micro-6500T,A6 Micro-6500T,,,4,,,4,,,,1.2,,,,,,,,,,,,,,
AMD,AMD A6 PRO-7050B,A6 PRO-7050B,,,2,,,,3.0,,,2.2,,17,,,,FP3,,,,,,,,
AMD,AMD A6 PRO-7400B,A6 PRO-7400B,,,2,,,,3.9,,,3.5,,65,,,,FM2+,,,,,,,,
AMD,AMD A6-1450,A6-1450,,,4,,,4,1.4,,,1.0,,8,,,,FT3,,,,,,,,
AMD,AMD A6-3400M,A6-3400M,,,4,,,4,2.3,,,1.4,,35,,,,FS1,,,,,,,,
AMD,AMD A6-3410MX,A6-3410MX,,,4,,,4,2.3,,,1.6,,45,,,,FS1,,,,,,,,
AMD,AMD A6-3420M,A6-3420M,,,4,,,4,2.4,,,1.5,,35,,,,FS1,,,,,,,,
AMD,AMD A6-3430MX,A6-3430MX,,,4,,,4,2.4,,,1.7,,45,,,,FS1,,,,,,,,
AMD,AMD A6-3600,A6-3600,,,4,,,4,2.4,,,2.1,,65,,,,FM1,,,,,,,,
AMD,AMD A6-3620,A6-3620,,,4,,,4,2.5,,,2.2,,65,,,,FM1,,,,,,,,
AMD,AMD A6-3670,A6-3670,,,4,,,4,,,,2.7,,100,,,,FM1,,,,,,,,
AMD,AMD A6-4400M,A6-4400M,,,2,,,,3.2,,,2.7,,35,,,,FS1r2,,,,,,,,
AMD,AMD A6-4455M,A6-4455M,,,2,,,,2.6,,,2.1,,17,,,,FP2,,,,,,,,
AMD,AMD A6-5200,A6-5200,,,4,,,4,,,,2.0,,25,,,,FT3,,,,,,,,
AMD,AMD A6-5345M,A6-5345M,,,2,,,,2.8,,,2.2,,17,,,,FP2,,,,,,,,
AMD,AMD A6-5350M,A6-5350M,,,2,,,,3.5,,,2.9,,35,,,,FS1r2,,,,,,,,
AMD,AMD A6-5357M,A6-5357M,,,2,,,,3.5,,,2.9,,35,,,,FP2,,,,,,,,
AMD,AMD A6-5400B,A6-5400B,,,2,,,,3.8,,,3.6,,65,,,,FM2,,,,,,,,
AMD,AMD A6-6310,A6-6310,,,4,,,4,2.4,,,1.8,,15,,,,FT3,,,,,,,,
AMD,AMD A6-6400B,A6-6400B,,,2,,,,4.1,,,3.9,,65,,,,FM2,,,,,,,,
AMD,AMD A6-6420B,A6-6420B,,,2,,,,4.2,,,4.0,,65,,,,FM2,,,,,,,,
AMD,AMD A6-7000,A6-7000,,,2,,,,3.0,,,2.2,,17,,,,FP3,,,,,,,,
AMD,AMD A6-7310,A6-7310,,,4,,,4,2.4,,,2.0,,25,,,,,,,,,,,,
AMD,AMD A6-8500P,A6-8500P,,,2,,,,3.0,,,1.6,,15,,,,BGA (FP4),,,,,,,,
AMD,AMD A6-8550,A6-8550,,,2,,,,4.0,,,3.7,,65,,,,FM2+,,,,,,,,
AMD,AMD A6-9200,A6-9200,,,2,,,,2.8,,,2.0,,10,,,,BGA,,,,,,,,
AMD,AMD A6-9210,A6-9210,,,2,,,,2.8,,,2.4,,15,,,,FP4,,,,,,,,
AMD,AMD A6-9220,A6-9220,,,2,,,,2.9,,,2.5,,15,,,,,,,,,,,,
AMD,AMD A6-9220C,A6-9220C,,,2,,,,2.7,,,1.8,,6,,,,FT4,,,,,,,,
AMD,AMD A6-9220e,A6-9220e,,,2,,,,2.4,,,1.6,,,,,,,,,,,,,,
AMD,AMD A6-9225,A6-9225,,,2,,,,3.0,,,2.6,,15,,,,BGA (FT4),,,,,,,,
AMD,AMD A6-9230,A6-9230,,,2,,,,3.5,,,2.6,,15,,,,,,,,,,,,
AMD,AMD A6-9400,A6-9400,,,2,,,,3.2,,,2.4,,10,,,,FT4,,,,,,,,
AMD,AMD A8 PRO-7150B,A8 PRO-7150B,,,4,,,,3.2,,,1.9,,19,,,,FP3,,,,,,,,
AMD,AMD A8 PRO-7600B,A8 PRO-7600B,,,4,,,,3.8,,,3.1,,65,,,,FM2+,,,,,,,,
AMD,AMD A8-3500M,A8-3500M,,,4,,,4,2.4,,,1.5,,35,,,,FS1,,,,,,,,
AMD,AMD A8-3510MX,A8-3510MX,,,4,,,4,2.5,,,1.8,,45,,,,FS1,,,,,,,,
AMD,AMD A8-3520M,A8-3520M,,,4,,,4,2.5,,,1.6,,35,,,,FS1,,,,,,,,
AMD,AMD A8-3530MX,A8-3530MX,,,4,,,4,2.6,,,1.9,,45,,,,FS1,,,,,,,,
AMD,AMD A8-3550MX,A8-3550MX,,,4,,,4,2.7,,,2.0,,45,,,,FS1,,,,,,,,
AMD,AMD A8-3800,A8-3800,,,4,,,4,2.7,,,2.4,,65,,,,FM1,,,,,,,,
AMD,AMD A8-3820,A8-3820,,,4,,,4,2.8,,,2.5,,65,,,,FM1,,,,,,,,
AMD,AMD A8-4500M,A8-4500M,,,4,,,,2.8,,,1.9,,35,,,,FS1r2,,,,,,,,
AMD,AMD A8-4555M,A8-4555M,,,4,,,,2.4,,,1.6,,19,,,,FP2,,,,,,,,
AMD,AMD A8-5500B,A8-5500B,,,4,,,,3.7,,,3.2,,65,,,,FM2,,,,,,,,
AMD,AMD A8-5545M,A8-5545M,,,4,,,,2.7,,,1.7,,19,,,,FP2,,,,,,,,
AMD,AMD A8-5550M,A8-5550M,,,4,,,,3.1,,,2.1,,35,,,,FS1r2,,,,,,,,
AMD,AMD A8-5557M,A8-5557M,,,4,,,,3.1,,,2.1,,35,,,,FP2,,,,,,,,
AMD,AMD A8-6410,A8-6410,,,4,,,4,2.4,,,2.0,,15,,,,BGA769 (FT3b),,,,,,,,
AMD,AMD A8-6500B,A8-6500B,,,4,,,,4.1,,,3.5,,65,,,,FM2,,,,,,,,
AMD,AMD A8-6500T,A8-6500T,,,4,,,,3.1,,,2.1,,45,,,,FM2,,,,,,,,
AMD,AMD A8-7050,A8-7050,,,2,,,,3.0,,,1.8,,15,,,,,,,,,,,,
AMD,AMD A8-7100,A8-7100,,,4,,,,3.0,,,1.8,,19,,,,FP3,,,,,,,,
AMD,AMD A8-7200P,A8-7200P,,,4,,,,3.3,,,2.4,,35,,,,FP3,,,,,,,,
AMD,AMD A8-7410,A8-7410,,,4,,,4,2.5,,,2.2,,25,,,,,,,,,,,,
AMD,AMD A8-7500,A8-7500,,,4,,,,,,,3.0,,65,,,,FM2+,,,,,,,,
AMD,AMD A8-7690K,A8-7690K,,,4,,,,,,,3.7,,95,,,,FM2+,,,,,,,,
AMD,AMD A8-8600P,A8-8600P,,,4,,,,3.0,,,1.6,,15,,,,FP4,,,,,,,,
AMD,AMD A8-8650,A8-8650,,,4,,,,3.8,,,3.2,,65,,,,FM2+,,,,,,,,
AMD,AMD A9-9400,A9-9400,,,2,,,,3.2,,,2.4,,10,,,,FP4,,,,,,,,
AMD,AMD A9-9410,A9-9410,,,2,,,,3.5,,,2.9,,25,,,,FP4,,,,,,,,
AMD,AMD A9-9420,A9-9420,,,2,,,,3.4,,,3.0,,15,,,,,,,,,,,,
AMD,AMD A9-9420e,A9-9420e,,,2,,,,,,,2.6,,,,,,,,,,,,,,
AMD,AMD A9-9425,A9-9425,,,2,,,,3.7,,,3.1,,15,,,,BGA (FT4),,,,,,,,
AMD,AMD A9-9430,A9-9430,,,2,,,,3.5,,,3.2,,,,,,,,,,,,,,
AMD,AMD A9-9820,A9-9820,,,8,,,8,2.4,,,2.3,,,,,,,,,,,,,,
AMD,AMD Athlon 1500+,Athlon 1500+,,,1,,,1,,,,1.3,,,,,,,,,,,,,,
AMD,AMD Athlon 1640B,Athlon 1640B,,,1,,,1,,,,2.7,,45,,,,AM2,,,,,,,,
AMD,AMD Athlon 2000+,Athlon 2000+,,,1,,,1,,,,1.7,,,,,,,,,,,,,,
AMD,AMD Athlon 2100+,Athlon 2100+,,,1,,,1,,,,1.7,,,,,,,,,,,,,,
AMD,AMD Athlon 2200+,Athlon 2200+,,,1,,,1,,,,1.8,,,,,,,,,,,,,,
AMD,AMD Athlon 2400+,Athlon 2400+,,,1,,,1,,,,2.0,,,,,,,,,,,,,,
AMD,AMD Athlon 2500+,Athlon 2500+,,,1,,,1,,,,1.8,,,,,,,,,,,,,,
AMD,AMD Athlon 2600+,Athlon 2600+,,,1,,,1,,,,2.1,,,,,,,,,,,,,,
AMD,AMD Athlon 2650e,Athlon 2650e,,,1,,,1,,,,1.6,,15,,,,AM2,,,,,,,,
AMD,AMD Athlon 2800+,Athlon 2800+,,,1,,,1,,,,2.1,,89,,,,754,,,,,,,,
AMD,AMD Athlon 2850e,Athlon 2850e,,,1,,,1,,,,1.8,,22,,,,AM2,,,,,,,,
AMD,AMD Athlon 3000G,Athlon 3000G,,,2,,,4,,,,3.5,,35,,,,AM4,,,,,,,,
AMD,AMD Athlon 300GE,Athlon 300GE,,,2,,,4,,,,3.4,,35,,,,AM4,,,,,,,,
AMD,AMD Athlon 300U,Athlon 300U,,,2,,,4,3.3,,,2.4,,15,,,,FP5,,,,,,,,
AMD,AMD Athlon 3100+,Athlon 3100+,,,1,,,1,,,,2.2,,,,,,,,,,,,,,
AMD,AMD Athlon 3200+,Athlon 3200+,,,1,,,1,,,,2.0,,62,,,,AM2,,,,,,,,
AMD,AMD Athlon 320GE,Athlon 320GE,,,2,,,4,,,,3.5,,35,,,,AM4,,,,,,,,
AMD,AMD Athlon 4,Athlon 4,,,1,,,1,,,,,,-1,,,,,,,,,,,,
AMD,AMD Athlon 5000,Athlon 5000,,,2,,,2,,,,2.2,,65,,,,AM2.AM2+,,,,,,,,
AMD,AMD Athlon 5150,Athlon 5150,,,4,,,4,,,,1.6,,25,,,,AM1.FS1b,,,,,,,,
AMD,AMD Athlon 5200,Athlon 5200,,,2,,,2,,,,2.7,,75,,,,AM2,,,,,,,,
AMD,AMD Athlon 5350,Athlon 5350,,,4,,,4,,,,2.1,,25,,,,AM1.FS1B,,,,,,,,
AMD,AMD Athlon 64 2000+,Athlon 64 2000+,,,1,,,1,,,,1.0,,8,,,,,,,,,,,,
AMD,AMD Athlon 64 2200+,Athlon 64 2200+,,,1,,,1,,,,1.8,,,,,,,,,,,,,,
AMD,AMD Athlon 64 2600+,Athlon 64 2600+,,,1,,,1,,,,1.6,,15,,,,,,,,,,,,
AMD,AMD Athlon 64 2800+,Athlon 64 2800+,,,1,,,1,,,,1.8,,89,,,,754,,,,,,,,
AMD,AMD Athlon 64 3000+,Athlon 64 3000+,,,1,,,1,,,,2.0,,89,,,,Socket 754,,,,,,,,
AMD,AMD Athlon 64 3100+,Athlon 64 3100+,,,1,,,1,,,,1.8,,89,,,,754,,,,,,,,
AMD,AMD Athlon 64 3200+,Athlon 64 3200+,,,1,,,1,,,,2.2,,62,,,,AM2,,,,,,,,
AMD,AMD Athlon 64 3300+,Athlon 64 3300+,,,1,,,1,,,,2.4,,,,,,,,,,,,,,
AMD,AMD Athlon 64 3400+,Athlon 64 3400+,,,1,,,1,,,,2.4,,89,,,,754,,,,,,,,
AMD,AMD Athlon 64 3500+,Athlon 64 3500+,,,1,,,1,,,,2.2,,45,,,,AM2,,,,,,,,
AMD,AMD Athlon 64 3600+,Athlon 64 3600+,,,1,,,1,,,,2.4,,-1,,,,Socket 754,,,,,,,,
AMD,AMD Athlon 64 3700+,Athlon 64 3700+,,,1,,,1,,,,2.2,,89,,,,939,,,,,,,,
AMD,AMD Athlon 64 3800+,Athlon 64 3800+,,,1,,,1,,,,2.4,,45,,,,AM2,,,,,,,,
AMD,AMD Athlon 64 4000+,Athlon 64 4000+,,,1,,,1,,,,2.6,,62,,,,AM2,,,,,,,,
AMD,AMD Athlon 64 FX-25,Athlon 64 FX-25,,,1,,,1,,,,2.7,,95,,,,AM2+,,,,,,,,
AMD,AMD Athlon 64 FX-34,Athlon 64 FX-34,,,1,,,1,,,,,,,,,,,,,,,,,,
AMD,AMD Athlon 64 FX-51,Athlon 64 FX-51,,,1,,,1,,,,2.2,,89,,,,940,,,,,,,,
AMD,AMD Athlon 64 FX-53,Athlon 64 FX-53,,,1,,,1,,,,2.4,,89,,,,940,,,,,,,,
AMD,AMD Athlon 64 FX-55,Athlon 64 FX-55,,,1,,,1,,,,2.6,,104,,,,939,,,,,,,,
AMD,AMD Athlon 64 FX-57,Athlon 64 FX-57,,,1,,,1,,,,2.8,,104,,,,939,,,,,,,,
AMD,AMD Athlon 64 FX-59,Athlon 64 FX-59,,,1,,,1,,,,3.0,,,,,,939,,,,,,,,
AMD,AMD Athlon 64 FX-60,Athlon 64 FX-60,,,2,,,2,,,,2.6,,110,,,,939,,,,,,,,
AMD,AMD Athlon 64 FX-62,Athlon 64 FX-62,,,2,,,2,,,,2.8,,125,,,,AM2,,,,,,,,
AMD,AMD Athlon 64 FX-72,Athlon 64 FX-72,,,2,,,2,,,,2.8,,125,,,,F (1207),,,,,,,,
AMD,AMD Athlon 64 FX-74,Athlon 64 FX-74,,,2,,,2,,,,3.0,,125,,,,F (1207),,,,,,,,
AMD,AMD Athlon 64 X2 4200+,Athlon 64 X2 4200+,,,2,,,2,,,,2.2,,89,,,,939,,,,,,,,
AMD,AMD Athlon 64 X2 3400+,Athlon 64 X2 3400+,,,2,,,2,,,,2.2,,89,,,,754,,,,,,,,
AMD,AMD Athlon 64 X2 3600+,Athlon 64 X2 3600+,,,2,,,2,,,,2.0,,65,,,,AM2,,,,,,,,
AMD,AMD Athlon 64 X2 3800+,Athlon 64 X2 3800+,,,2,,,2,,,,2.0,,89,,,,AM2,,,,,,,,
AMD,AMD Athlon 64 X2 4000+,Athlon 64 X2 4000+,,,2,,,2,,,,2.1,,65,,,,AM2,,,,,,,,
AMD,AMD Athlon 64 X2 4200+,Athlon 64 X2 4200+,,,2,,,2,,,,2.2,,89,,,,AM2,,,,,,,,
AMD,AMD Athlon 64 X2 4400+,Athlon 64 X2 4400+,,,2,,,2,,,,2.3,,65,,,,AM2,,,,,,,,
AMD,AMD Athlon 64 X2 4600+,Athlon 64 X2 4600+,,,2,,,2,,,,2.4,,65,,,,AM2,,,,,,,,
AMD,AMD Athlon 64 X2 4800+,Athlon 64 X2 4800+,,,2,,,2,,,,2.5,,65,,,,AM2,,,,,,,,
AMD,AMD Athlon 64 X2 5000+,Athlon 64 X2 5000+,,,2,,,2,,,,2.6,,65,,,,AM2,,,,,,,,
AMD,AMD Athlon 64 X2 5200+,Athlon 64 X2 5200+,,,2,,,2,,,,2.7,,65,,,,AM2,,,,,,,,
AMD,AMD Athlon 64 X2 5400+,Athlon 64 X2 5400+,,,2,,,2,,,,2.8,,65,,,,AM2,,,,,,,,
AMD,AMD Athlon 64 X2 5600+,Athlon 64 X2 5600+,,,2,,,2,,,,2.8,,89,,,,AM2,,,,,,,,
AMD,AMD Athlon 64 X2 5800+,Athlon 64 X2 5800+,,,2,,,2,,,,3.0,,89,,,,,,,,,,,,
AMD,AMD Athlon 64 X2 6000+,Athlon 64 X2 6000+,,,2,,,2,,,,3.0,,89,,,,AM2,,,,,,,,
AMD,AMD Athlon 64 X2 6400+,Athlon 64 X2 6400+,,,2,,,2,,,,3.2,,125,,,,AM2,,,,,,,,
AMD,AMD Athlon 64 X2 BE-230,Athlon 64 X2 BE-230,,,2,,,2,,,,1.9,,45,,,,,,,,,,,,
AMD,AMD Athlon 64 X2 BE-2300,Athlon 64 X2 BE-2300,,,2,,,2,,,,1.9,,45,,,,AM2,,,,,,,,
AMD,AMD Athlon 64 X2 BE-2350,Athlon 64 X2 BE-2350,,,2,,,2,,,,2.1,,45,,,,AM2,,,,,,,,
AMD,AMD Athlon 64 X2 TK-42,Athlon 64 X2 TK-42,,,2,,,2,,,,1.6,,20,,,,S1,,,,,,,,
AMD,AMD Athlon 64 X2 TK-53,Athlon 64 X2 TK-53,,,2,,,2,,,,1.7,,31,,,,,,,,,,,,
AMD,AMD Athlon 64 X2 TK-55,Athlon 64 X2 TK-55,,,2,,,2,,,,1.8,,35,,,,,,,,,,,,
AMD,AMD Athlon 64 X2 TK-57,Athlon 64 X2 TK-57,,,2,,,2,,,,1.9,,31,,,,,,,,,,,,
AMD,AMD Athlon 64 X2 QL-60,Athlon 64 X2 QL-60,,,2,,,2,,,,1.9,,35,,,,S1,,,,,,,,
AMD,AMD Athlon 64 X2 QL-62,Athlon 64 X2 QL-62,,,2,,,2,,,,2.0,,35,,,,S1,,,,,,,,
AMD,AMD Athlon 64 X2 QL-64,Athlon 64 X2 QL-64,,,2,,,2,,,,2.1,,35,,,,S1,,,,,,,,
AMD,AMD Athlon 64 X2 QL-65,Athlon 64 X2 QL-65,,,2,,,2,,,,2.1,,35,,,,S1,,,,,,,,
AMD,AMD Athlon 64 X2 QL-66,Athlon 64 X2 QL-66,,,2,,,2,,,,2.2,,35,,,,S1,,,,,,,,
AMD,AMD Athlon 64 X2 QL-67,Athlon 64 X2 QL-67,,,2,,,2,,,,2.2,,35,,,,S1,,,,,,,,
AMD,AMD Athlon 7450,Athlon 7450,,,2,,,2,,,,2.4,,95,,,,AM2+,,,,,,,,
AMD,AMD Athlon 7550,Athlon 7550,,,2,,,2,,,,2.5,,95,,,,AM2+,,,,,,,,
AMD,AMD Athlon 7750,Athlon 7750,,,2,,,2,,,,2.7,,95,,,,AM2+,,,,,,,,
AMD,AMD Athlon 7850,Athlon 7850,,,2,,,2,,,,2.8,,95,,,,AM2+,,,,,,,,
AMD,AMD Athlon 7850 2.8G,Athlon 7850 2.8G,,,1,,,1,,,,2.8,,95,,,,AM2+,,,,,,,,
AMD,AMD Athlon 4050e,Athlon 4050e,,,2,,,2,,,,2.1,,45,,,,AM2,,,,,,,,
AMD,AMD Athlon 4450B,Athlon 4450B,,,2,,,2,,,,2.3,,45,,,,AM2+,,,,,,,,
AMD,AMD Athlon 4450e,Athlon 4450e,,,2,,,2,,,,2.3,,45,,,,AM2,,,,,,,,
AMD,AMD Athlon 4850B,Athlon 4850B,,,2,,,2,,,,2.5,,45,,,,AM2+,,,,,,,,
AMD,AMD Athlon 4850e,Athlon 4850e,,,2,,,2,,,,2.5,,45,,,,AM2,,,,,,,,
AMD,AMD Athlon 5000B,Athlon 5000B,,,2,,,2,,,,2.6,,65,,,,AM2,,,,,,,,
AMD,AMD Athlon 5050e,Athlon 5050e,,,2,,,2,,,,2.6,,45,,,,AM2,,,,,,,,
AMD,AMD Athlon 5200B,Athlon 5200B,,,2,,,2,,,,2.7,,65,,,,AM2,,,,,,,,
AMD,AMD Athlon 5400B,Athlon 5400B,,,2,,,2,,,,2.8,,65,,,,AM2,,,,,,,,
AMD,AMD Athlon 5600B,Athlon 5600B,,,2,,,2,,,,2.9,,65,,,,AM2+,,,,,,,,
AMD,AMD Athlon Gold 3150C,Athlon Gold 3150C,,,2,,,4,3.3,,,2.4,,15,,,,FP5,,,,,,,,
AMD,AMD Athlon Gold 3150G,Athlon Gold 3150G,,,4,,,4,3.9,,,3.5,,65,,,,AM4,,,,,,,,
AMD,AMD Athlon Gold 3150U,Athlon Gold 3150U,,,2,,,4,3.3,,,2.4,,15,,,,FP5,,,,,,,,
AMD,AMD Athlon Gold 7220U,Athlon Gold 7220U,,,2,,,4,3.7,,,2.4,,15,,,,FP6,,,,,,,,
AMD,AMD Athlon Gold PRO 3150G,Athlon Gold PRO 3150G,,,4,,,4,3.9,,,3.5,,65,,,,AM4,,,,,,,,
AMD,AMD Athlon Gold PRO 3150GE,Athlon Gold PRO 3150GE,,,4,,,4,3.8,,,3.3,,35,,,,AM4,,,,,,,,
AMD,AMD Athlon Gold PRO 4150GE,Athlon Gold PRO 4150GE,,,4,,,4,3.8,,,3.3,,35,,,,FP6,,,,,,,,
AMD,AMD Athlon II 170u,Athlon II 170u,,,1,,,1,,,,2.0,,20,,,,AM2+.AM3,,,,,,,,
AMD,AMD Athlon II M300,Athlon II M300,,,2,,,2,,,,2.0,,35,,,,,,,,,,,,
AMD,AMD Athlon II M320,Athlon II M320,,,2,,,2,,,,2.1,,35,,,,,,,,,,,,
AMD,AMD Athlon II M340,Athlon II M340,,,2,,,2,,,,2.2,,35,,,,,,,,,,,,
AMD,AMD Athlon II N330,Athlon II N330,,,2,,,2,,,,2.3,,35,,,,,,,,,,,,
AMD,AMD Athlon II N350,Athlon II N350,,,2,,,2,,,,2.4,,35,,,,,,,,,,,,
AMD,AMD Athlon II N370,Athlon II N370,,,2,,,2,,,,2.5,,35,,,,S1g4,,,,,,,,
AMD,AMD Athlon II Neo K125,Athlon II Neo K125,,,1,,,1,,,,1.7,,12,,,,S1,,,,,,,,
AMD,AMD Athlon II Neo K145,Athlon II Neo K145,,,1,,,1,,,,1.8,,12,,,,S1,,,,,,,,
AMD,AMD Athlon II Neo K325,Athlon II Neo K325,,,2,,,2,,,,1.3,,12,,,,,,,,,,,,
AMD,AMD Athlon II Neo K345,Athlon II Neo K345,,,2,,,2,,,,1.4,,12,,,,,,,,,,,,
AMD,AMD Athlon II Neo N36L,Athlon II Neo N36L,,,2,,,2,,,,1.3,,12,,,,,,,,,,,,
AMD,AMD Athlon II P320,Athlon II P320,,,2,,,2,,,,2.1,,25,,,,,,,,,,,,
AMD,AMD Athlon II P340,Athlon II P340,,,2,,,2,,,,2.2,,25,,,,S1g4,,,,,,,,
AMD,AMD Athlon II P360,Athlon II P360,,,2,,,2,,,,2.3,,25,,,,S1g4,,,,,,,,
AMD,AMD Athlon II X2 210e,Athlon II X2 210e,,,2,,,2,,,,2.6,,45,,,,AM3,,,,,,,,
AMD,AMD Athlon II X2 220,Athlon II X2 220,,,2,,,2,,,,2.8,,65,,,,AM3,,,,,,,,
AMD,AMD Athlon II X2 225,Athlon II X2 225,,,2,,,2,,,,2.9,,65,,,,AM2+/AM3,,,,,,,,
AMD,AMD Athlon II X2 250e,Athlon II X2 250e,,,2,,,2,,,,3.0,,45,,,,AM3,,,,,,,,
AMD,AMD Athlon II X2 250u,Athlon II X2 250u,,,2,,,2,,,,1.6,,25,,,,AM3,,,,,,,,
AMD,AMD Athlon II X2 270u,Athlon II X2 270u,,,2,,,2,,,,2.0,,25,,,,AM3,,,,,,,,
AMD,AMD Athlon II X2 280,Athlon II X2 280,,,2,,,2,,,,3.6,,65,,,,AM3,,,,,,,,
AMD,AMD Athlon II X2 4300e,Athlon II X2 4300e,,,2,,,2,,,,2.6,,13,,,,,,,,,,,,
AMD,AMD Athlon II X2 4400e,Athlon II X2 4400e,,,2,,,2,,,,2.7,,37,,,,,,,,,,,,
AMD,AMD Athlon II X2 4450e,Athlon II X2 4450e,,,2,,,2,,,,2.3,,45,,,,AM2,,,,,,,,
AMD,AMD Athlon II X2 B22,Athlon II X2 B22,,,2,,,2,,,,2.8,,65,,,,AM3,,,,,,,,
AMD,AMD Athlon II X2 B24,Athlon II X2 B24,,,2,,,2,,,,3.0,,65,,,,AM3,,,,,,,,
AMD,AMD Athlon II X2 B26,Athlon II X2 B26,,,2,,,2,,,,3.2,,65,,,,,,,,,,,,
AMD,AMD Athlon II X2 B28,Athlon II X2 B28,,,2,,,2,,,,3.4,,65,,,,AM3,,,,,,,,
AMD,AMD Athlon II X3 420e,Athlon II X3 420e,,,3,,,3,,,,2.6,,45,,,,AM3,,,,,,,,
AMD,AMD Athlon II X3 425e,Athlon II X3 425e,,,3,,,3,,,,2.7,,45,,,,AM3,,,,,,,,
AMD,AMD Athlon II X3 460,Athlon II X3 460,,,3,,,3,,,,3.4,,95,,,,AM3,,,,,,,,
AMD,AMD Athlon II X4 553,Athlon II X4 553,,,4,,,4,,,,3.0,,,,,,,,,,,,,,
AMD,AMD Athlon II X4 555,Athlon II X4 555,,,4,,,4,,,,3.2,,,,,,,,,,,,,,
AMD,AMD Athlon II X4 557,Athlon II X4 557,,,4,,,4,3.7,,,3.2,,160,,,,AM3,,,,,,,,
AMD,AMD Athlon II X4 559,Athlon II X4 559,,,4,,,4,,,,3.4,,,,,,,,,,,,,,
AMD,AMD Athlon II X4 615e,Athlon II X4 615e,,,4,,,4,,,,2.5,,45,,,,AM3,,,,,,,,
AMD,AMD Athlon II X4 620e,Athlon II X4 620e,,,4,,,4,,,,2.6,,45,,,,AM3,,,,,,,,
AMD,AMD Athlon II X4 6400e,Athlon II X4 6400e,,,4,,,4,,,,,,,,,,,,,,,,,,
AMD,AMD Athlon II X4 641,Athlon II X4 641,,,4,,,4,,,,2.8,,100,,,,FM1,,,,,,,,
AMD,AMD Athlon II X4 650,Athlon II X4 650,,,4,,,4,,,,3.2,,95,,,,,,,,,,,,
AMD,AMD Athlon II X4 655,Athlon II X4 655,,,4,,,4,,,,3.3,,95,,,,AM2+ (940-pin),,,,,,,,
AMD,AMD Athlon L110,Athlon L110,,,1,,,1,,,,1.2,,13,,,,,,,,,,,,
AMD,AMD Athlon LE-1600,Athlon LE-1600,,,1,,,1,,,,2.2,,45,,,,AM2,,,,,,,,
AMD,AMD Athlon LE-1620,Athlon LE-1620,,,1,,,1,,,,2.4,,45,,,,AM2,,,,,,,,
AMD,AMD Athlon LE-1640,Athlon LE-1640,,,1,,,1,,,,2.7,,45,,,,AM2,,,,,,,,
AMD,AMD Athlon LE-1660,Athlon LE-1660,,,1,,,1,,,,2.8,,45,,,,AM2,,,,,,,,
AMD,AMD Athlon MP,Athlon MP,,,1,,,1,,,,,,,,,,,,,,,,,,
AMD,AMD Athlon MP 1700+,Athlon MP 1700+,,,1,,,1,,,,,,,,,,,,,,,,,,
AMD,AMD Athlon MP 2400+,Athlon MP 2400+,,,1,,,1,,,,2.0,,,,,,,,,,,,,,
AMD,AMD Athlon MP 2800+,Athlon MP 2800+,,,1,,,1,,,,2.1,,,,,,,,,,,,,,
AMD,AMD Athlon Neo MV-40,Athlon Neo MV-40,,,1,,,1,,,,1.6,,15,,,,,,,,,,,,
AMD,AMD Athlon Neo X2 6850e,Athlon Neo X2 6850e,,,2,,,2,,,,1.8,,22,,,,,,,,,,,,
AMD,AMD Athlon Neo X2 L325,Athlon Neo X2 L325,,,2,,,2,,,,1.5,,18,,,,,,,,,,,,
AMD,AMD Athlon Neo X2 L335,Athlon Neo X2 L335,,,2,,,2,,,,1.6,,18,,,,,,,,,,,,
AMD,AMD Athlon PRO 200GE,Athlon PRO 200GE,,,2,,,4,,,,3.2,,35,,,,AM4,,,,,,,,
AMD,AMD Athlon PRO 300GE,Athlon PRO 300GE,,,2,,,4,,,,3.4,,35,,,,AM4,,,,,,,,
AMD,AMD Athlon PRO 300U,Athlon PRO 300U,,,2,,,4,3.3,,,2.4,,15,,,,FP5,,,,,,,,
AMD,AMD Athlon PRO 3045B,Athlon PRO 3045B,,,2,,,2,3.2,,,2.3,,15,,,,FP5,,,,,,,,
AMD,AMD Athlon QI-46,Athlon QI-46,,,1,,,1,,,,,,-1,,,,,,,,,,,,
AMD,AMD Athlon Silver 10,Athlon Silver 10,,,2,,,2,3.5,,,2.4,,15,,,,FT6,,,,,,,,
AMD,AMD Athlon Silver 3050C,Athlon Silver 3050C,,,2,,,2,3.2,,,2.3,,15,,,,FP5,,,,,,,,
AMD,AMD Athlon Silver 3050e,Athlon Silver 3050e,,,2,,,4,2.8,,,1.4,,6,,,,,,,,,,,,
AMD,AMD Athlon Silver 3050GE,Athlon Silver 3050GE,,,2,,,4,3.4,,,3.4,,35,,,,AM4,,,,,,,,
AMD,AMD Athlon Silver 3050U,Athlon Silver 3050U,,,2,,,2,3.2,,,2.3,,15,,,,FP5,,,,,,,,
AMD,AMD Athlon Silver 7120e,Athlon Silver 7120e,,,2,,,2,,,,,,,,,,,,,,,,,,
AMD,AMD Athlon Silver 7120U,Athlon Silver 7120U,,,2,,,2,3.5,,,2.4,,15,,,,FP6,,,,,,,,
AMD,AMD Athlon Silver PRO 3125GE,Athlon Silver PRO 3125GE,,,2,,,4,,,,3.4,,35,,,,AM4,,,,,,,,
AMD,AMD Athlon TF-20,Athlon TF-20,,,1,,,1,,,,1.6,,15,,,,,,,,,,,,
AMD,AMD Athlon TF-36,Athlon TF-36,,,1,,,1,,,,2.0,,25,,,,,,,,,,,,
AMD,AMD Athlon X2 215,Athlon X2 215,,,2,,,2,,,,2.7,,65,,,,,,,,,,,,
AMD,AMD Athlon X2 235e,Athlon X2 235e,,,2,,,2,,,,2.7,,45,,,,,,,,,,,,
AMD,AMD Athlon X2 240,Athlon X2 240,,,2,,,2,,,,2.8,,65,,,,,,,,,,,,
AMD,AMD Athlon X2 240e,Athlon X2 240e,,,2,,,2,,,,2.8,,45,,,,,,,,,,,,
AMD,AMD Athlon X2 250,Athlon X2 250,,,2,,,2,,,,3.0,,65,,,,,,,,,,,,
AMD,AMD Athlon X2 255,Athlon X2 255,,,2,,,2,,,,3.1,,65,,,,AM2+/AM3,,,,,,,,
AMD,AMD Athlon X2 280,Athlon X2 280,,,2,,,2,,,,3.6,,65,,,,AM3,,,,,,,,
AMD,AMD Athlon X2 440,Athlon X2 440,,,2,,,2,,,,2.3,,,,,,,,,,,,,,
AMD,AMD Athlon X2 3250e,Athlon X2 3250e,,,2,,,2,,,,1.5,,22,,,,,,,,,,,,
AMD,AMD Athlon X2 6850e,Athlon X2 6850e,,,2,,,2,,,,1.8,,22,,,,,,,,,,,,
AMD,AMD Athlon X2 BE-2300,Athlon X2 BE-2300,,,2,,,2,,,,1.9,,45,,,,AM2,,,,,,,,
AMD,AMD Athlon X2 BE-2350,Athlon X2 BE-2350,,,2,,,2,,,,2.1,,45,,,,AM2,,,,,,,,
AMD,AMD Athlon X2 BE-2400,Athlon X2 BE-2400,,,2,,,2,,,,2.3,,18,,,,FT1,,,,,,,,
AMD,AMD Athlon X2 BE-2450,Athlon X2 BE-2450,,,2,,,2,,,,2.5,,45,,,,,,,,,,,,
AMD,AMD Athlon X2 L310,Athlon X2 L310,,,2,,,2,,,,1.2,,13,,,,S1,,,,,,,,
AMD,AMD Athlon X2 LS-5800,Athlon X2 LS-5800,,,2,,,2,,,,,,,,,,,,,,,,,,
AMD,AMD Athlon X3 425,Athlon X3 425,,,3,,,3,,,,2.7,,95,,,,,,,,,,,,
AMD,AMD Athlon X3 435,Athlon X3 435,,,3,,,3,,,,2.9,,95,,,,,,,,,,,,
AMD,AMD Athlon X3 440,Athlon X3 440,,,3,,,3,,,,3.0,,95,,,,,,,,,,,,
AMD,AMD Athlon X3 445,Athlon X3 445,,,3,,,3,,,,3.1,,95,,,,,,,,,,,,
AMD,AMD Athlon X3 455,Athlon X3 455,,,3,,,3,,,,3.3,,95,,,,AM2+/AM3,,,,,,,,
AMD,AMD Athlon X4 605e,Athlon X4 605e,,,4,,,4,,,,2.3,,45,,,,,,,,,,,,
AMD,AMD Athlon X4 620,Athlon X4 620,,,4,,,4,,,,2.6,,95,,,,,,,,,,,,
AMD,AMD Athlon X4 635,Athlon X4 635,,,4,,,4,,,,2.9,,95,,,,,,,,,,,,
AMD,AMD Athlon X4 640,Athlon X4 640,,,4,,,4,,,,3.0,,95,,,,,,,,,,,,
AMD,AMD Athlon X4 730,Athlon X4 730,,,4,,,,3.2,,,2.8,,65,,,,FM2,,,,,,,,
AMD,AMD Athlon X4 740,Athlon X4 740,,,4,,,,3.7,,,3.2,,65,,,,FM2,,,,,,,,
AMD,AMD Athlon X4 750,Athlon X4 750,,,4,,,,3.9,,,3.4,,65,,,,FM2,,,,,,,,
AMD,AMD Athlon X4 830,Athlon X4 830,,,4,,,,34.0,,,3.0,,65,,,,FM2+,,,,,,,,
AMD,AMD Athlon X4 840,Athlon X4 840,,,4,,,,3.8,,,3.1,,65,,,,FM2+,,,,,,,,
AMD,AMD Athlon X4 850,Athlon X4 850,,,4,,,,3.9,,,3.2,,65,,,,FM2+,,,,,,,,
AMD,AMD Athlon XP 1500,Athlon XP 1500,,,1,,,1,,,,,,,,,,,,,,,,,,
AMD,AMD Athlon XP 1500+,Athlon XP 1500+,,,1,,,1,,,,1.3,,,,,,,,,,,,,,
AMD,AMD Athlon XP 1600+,Athlon XP 1600+,,,1,,,1,,,,1.4,,,,,,,,,,,,,,
AMD,AMD Athlon XP 1700,Athlon XP 1700,,,1,,,1,,,,,,,,,,,,,,,,,,
AMD,AMD Athlon XP 1700+,Athlon XP 1700+,,,1,,,1,,,,1.5,,64,,,,Socket A (462),,,,,,,,
AMD,AMD Athlon XP 1800+,Athlon XP 1800+,,,1,,,1,,,,1.5,,66,,,,Socket A,,,,,,,,
AMD,AMD Athlon XP 1900+,Athlon XP 1900+,,,1,,,1,,,,1.6,,,,,,,,,,,,,,
AMD,AMD Athlon XP 2000+,Athlon XP 2000+,,,1,,,1,,,,1.7,,70,,,,Socket A,,,,,,,,
AMD,AMD Athlon XP 2100+,Athlon XP 2100+,,,1,,,1,,,,1.7,,,,,,,,,,,,,,
AMD,AMD Athlon XP 2200+,Athlon XP 2200+,,,1,,,1,,,,1.8,,,,,,,,,,,,,,
AMD,AMD Athlon XP 2300+,Athlon XP 2300+,,,1,,,1,,,,,,,,,,,,,,,,,,
AMD,AMD Athlon XP 2400+,Athlon XP 2400+,,,1,,,1,,,,2.0,,,,,,,,,,,,,,
AMD,AMD Athlon XP 2500+,Athlon XP 2500+,,,1,,,1,,,,1.9,,,,,,,,,,,,,,
AMD,AMD Athlon XP 2600+,Athlon XP 2600+,,,1,,,1,,,,2.1,,,,,,,,,,,,,,
AMD,AMD Athlon XP 2700+,Athlon XP 2700+,,,1,,,1,,,,2.2,,,,,,,,,,,,,,
AMD,AMD Athlon XP 2800+,Athlon XP 2800+,,,1,,,1,,,,2.3,,89,,,,754,,,,,,,,
AMD,AMD Athlon XP 2900+,Athlon XP 2900+,,,1,,,1,,,,2.0,,,,,,,,,,,,,,
AMD,AMD Athlon XP 3000+,Athlon XP 3000+,,,1,,,1,,,,2.2,,62,,,,Socket A,,,,,,,,
AMD,AMD Athlon XP 3100+,Athlon XP 3100+,,,1,,,1,,,,2.2,,,,,,,,,,,,,,
AMD,AMD Athlon XP 3200+,Athlon XP 3200+,,,1,,,1,,,,2.2,,62,,,,AM2,,,,,,,,
AMD,AMD Athlon XP 3400+,Athlon XP 3400+,,,1,,,1,,,,3.4,,,,,,,,,,,,,,
AMD,AMD Athlon XP Pro3+,Athlon XP Pro3+,,,1,,,1,,,,,,,,,,,,,,,,,,
AMD,AMD Athlon XP-M,Athlon XP-M,,,1,,,1,,,,,,-1,,,,,,,,,,,,
AMD,AMD Athlon XP1600+,Athlon XP1600+,,,1,,,1,,,,1.4,,,,,,,,,,,,,,
AMD,AMD Athlon XP1900+,Athlon XP1900+,,,1,,,1,,,,1.6,,,,,,,,,,,,,,
AMD,AMD Athlon XP2100+,Athlon XP2100+,,,1,,,1,,,,1.7,,,,,,,,,,,,,,
AMD,AMD Athlon XP2200+,Athlon XP2200+,,,1,,,1,,,,1.8,,,,,,,,,,,,,,
AMD,AMD Athlon XP2400+,Athlon XP2400+,,,1,,,1,,,,2.0,,,,,,,,,,,,,,
AMD,AMD Athlon64 X2 4600+,Athlon64 X2 4600+,,,2,,,2,,,,2.4,,110,,,,AM2,,,,,,,,
AMD,AMD BC-250,BC-250,,,6,,,12,3.5,,,1.4,,220,,,,,,,,,,,,
AMD,AMD C-30,C-30,,,1,,,1,,,,1.2,,9,,,,FT1,,,,,,,,
AMD,AMD C-50,C-50,,,2,,,2,,,,1.0,,9,,,,FT1,,,,,,,,
AMD,AMD C-60,C-60,,,2,,,2,1.3,,,1.0,,9,,,,,,,,,,,,
AMD,AMD C-60,C-60,,,2,,,2,1.3,,,1.0,,9,,,,,,,,,,,,
AMD,AMD C-70,C-70,,,2,,,2,1.3,,,1.0,,9,,,,,,,,,,,,
AMD,AMD Custom 0932,Custom 0932,,,4,,,8,3.5,,,2.4,,15,,,,,,,,,,,,
AMD,AMD E-240,E-240,,,1,,,1,,,,1.5,,18,,,,FT1,,,,,,,,
AMD,AMD E-300,E-300,,,2,,,2,,,,1.3,,18,,,,FT1,,,,,,,,
AMD,AMD E-350,E-350,,,2,,,2,,,,1.6,,18,,,,FT1,,,,,,,,
AMD,AMD E-350,E-350,,,2,,,2,,,,1.6,,18,,,,FT1 BGA,,,,,,,,
AMD,AMD E-350D,E-350D,,,2,,,2,,,,1.6,,18,,,,,,,,,,,,
AMD,AMD E-450,E-450,,,2,,,2,,,,1.7,,18,,,,FT1,,,,,,,,
AMD,AMD E1 Micro-6200T,E1 Micro-6200T,,,2,,,2,1.4,,,1.0,,3.95,,,,FT3b,,,,,,,,
AMD,AMD E1-1200,E1-1200,,,2,,,2,,,,1.4,,18,,,,FT1,,,,,,,,
AMD,AMD E1-1500,E1-1500,,,2,,,2,,,,1.5,,18,,,,FT1,,,,,,,,
AMD,AMD E1-2100,E1-2100,,,2,,,2,,,,1.0,,9,,,,FT3,,,,,,,,
AMD,AMD E1-2200,E1-2200,,,2,,,2,,,,1.1,,9,,,,FT3,,,,,,,,
AMD,AMD E1-2500,E1-2500,,,2,,,2,,,,1.4,,15,,,,FT3,,,,,,,,
AMD,AMD E1-6010,E1-6010,,,2,,,2,,,,1.4,,10,,,,FT3b,,,,,,,,
AMD,AMD E1-6015,E1-6015,,,2,,,2,,,,1.4,,,,,,BGA769 (FT3b),,,,,,,,
AMD,AMD E1-6050J,E1-6050J,,,2,,,2,,,,1.4,,10,,,,,,,,,,,,
AMD,AMD E1-7010,E1-7010,,,2,,,2,,,,1.5,,10,,,,BGA769 (FT3b),,,,,,,,
AMD,AMD E2-1800,E2-1800,,,2,,,2,,,,1.7,,18,,,,FT1,,,,,,,,
AMD,AMD E2-2000,E2-2000,,,2,,,2,,,,1.8,,18,,,,BGA413.FT1,,,,,,,,
AMD,AMD E2-3000,E2-3000,,,2,,,2,,,,1.7,,15,,,,FT3,,,,,,,,
AMD,AMD E2-3000M,E2-3000M,,,2,,,2,2.4,,,1.8,,35,,,,FS1,,,,,,,,
AMD,AMD E2-3800,E2-3800,,,4,,,4,,,,1.3,,15,,,,FT3,,,,,,,,
AMD,AMD E2-6110,E2-6110,,,4,,,4,,,,1.5,,15,,,,AM1.FT3b,,,,,,,,
AMD,AMD E2-7015,E2-7015,,,2,,,2,,,,1.5,,,,,,,,,,,,,,
AMD,AMD E2-7015,E2-7015,,,2,,,2,,,,1.5,,,,,,,,,,,,,,
AMD,AMD E2-7110,E2-7110,,,4,,,4,,,,1.8,,15,,,,FP4 BGA,,,,,,,,
AMD,AMD E2-9000,E2-9000,,,2,,,,2.2,,,1.8,,10,,,,,,,,,,,,
AMD,AMD E2-9000e,E2-9000e,,,2,,,,2.0,,,1.5,,6,,,,,,,,,,,,
AMD,AMD E2-9010,E2-9010,,,2,,,,2.2,,,2.0,,15,,,,FP4,,,,,,,,
AMD,AMD E2-9030,E2-9030,,,2,,,,2.2,,,2.0,,,,,,BGA (FT4),,,,,,,,
AMD,AMD Embedded G-Series GX-215JJ Radeon R2E,Embedded G-Series GX-215JJ Radeon R2E,,,2,,,,2.0,,,1.5,,10,,,,FP4,,,,,,,,
AMD,AMD Embedded G-Series GX-224IJ Radeon R4E,Embedded G-Series GX-224IJ Radeon R4E,,,2,,,,2.8,,,2.4,,15,,,,FP4,,,,,,,,
AMD,AMD Embedded G-Series GX-420GI Radeon R7E,Embedded G-Series GX-420GI Radeon R7E,,,4,,,,2.2,,,2.0,,16.1,,,,FP4,,,,,,,,
AMD,AMD Embedded R-Series RX-216GD,Embedded R-Series RX-216GD,,,2,,,,3.0,,,1.6,,15,,,,BGA (FP4),,,,,,,,
AMD,AMD Embedded R-Series RX-418GD Radeon R6,Embedded R-Series RX-418GD Radeon R6,,,4,,,,3.2,,,1.8,,35,,,,FP4,,,,,,,,
AMD,AMD Embedded R-Series RX-421BD,Embedded R-Series RX-421BD,,,4,,,,3.4,,,2.1,,35,,,,BGA (FP4),,,,,,,,
AMD,AMD Embedded R-Series RX-421ND,Embedded R-Series RX-421ND,,,4,,,4,3.4,,,2.1,,35,,,,FP4,,,,,,,,
AMD,AMD EPYC 3101 4-Core,EPYC 3101 4-,,,4,,,4,,,,2.1,,,,,,,,,,,,,,
AMD,AMD EPYC 3151,EPYC 3151,,,4,,,8,2.9,,,2.7,,45,,,,SP4r2,,,,,,,,
AMD,AMD EPYC 3201,EPYC 3201,,,8,,,8,3.1,,,1.5,,30,,,,SP4r2,,,,,,,,
AMD,AMD EPYC 3251,EPYC 3251,,,8,,,16,3.1,,,2.5,,50,,,,SP4r2,,,,,,,,
AMD,AMD EPYC 3451,EPYC 3451,,,16,,,32,3.0,,,2.1,,,,,,,,,,,,,,
AMD,AMD EPYC 4124P,EPYC 4124P,,,4,,,8,5.1,,,3.8,,65,,,,AM5,,,,,,,,
AMD,AMD EPYC 4465P,EPYC 4465P,,,12,,,24,5.4,,,3.4,,65,,,,AM5,,,,,,,,
AMD,AMD EPYC 4545P,EPYC 4545P,,,16,,,32,5.4,,,3.0,,65,,,,AM5,,,,,,,,
AMD,AMD EPYC 4564P,EPYC 4564P,,,16,,,32,5.7,,,4.5,,170,,,,AM5,,,,,,,,
AMD,AMD EPYC 4565P,EPYC 4565P,,,16,,,32,5.7,,,4.3,,170,,,,AM5,,,,,,,,
AMD,AMD EPYC 7203,EPYC 7203,,,8,,,16,3.4,,,2.8,,120,,,,SP3,,,,,,,,
AMD,AMD EPYC 7203P,EPYC 7203P,,,8,,,16,3.4,,,2.8,,120,,,,SP3,,,,,,,,
AMD,AMD EPYC 7232P,EPYC 7232P,,,8,,,16,3.2,,,3.1,,120,,,,SP3,,,,,,,,
AMD,AMD EPYC 7251,EPYC 7251,,,8,,,16,2.9,,,2.1,,120,,,,SP3,,,,,,,,
AMD,AMD EPYC 7252,EPYC 7252,,,8,,,16,3.2,,,3.1,,120,,,,SP3,,,,,,,,
AMD,AMD EPYC 7261,EPYC 7261,,,8,,,16,2.9,,,2.5,,155,,,,SP3,,,,,,,,
AMD,AMD EPYC 7262,EPYC 7262,,,8,,,16,3.4,,,3.2,,155,,,,SP3,,,,,,,,
AMD,AMD EPYC 7272,EPYC 7272,,,12,,,24,3.2,,,2.9,,120,,,,SP3,,,,,,,,
AMD,AMD EPYC 7281,EPYC 7281,,,16,,,32,2.7,,,2.1,,155,,,,SP3,,,,,,,,
AMD,AMD EPYC 7282,EPYC 7282,,,16,,,32,3.2,,,2.8,,120,,,,SP3,,,,,,,,
AMD,AMD EPYC 72F3,EPYC 72F3,,,8,,,16,4.1,,,3.7,,180,,,,SP3,,,,,,,,
AMD,AMD EPYC 7301,EPYC 7301,,,16,,,32,2.7,,,2.2,,155,,,,SP3,,,,,,,,
AMD,AMD EPYC 7302,EPYC 7302,,,16,,,32,3.3,,,3.0,,155,,,,SP3,,,,,,,,
AMD,AMD EPYC 7302P,EPYC 7302P,,,16,,,32,3.3,,,3.0,,155,,,,SP3,,,,,,,,
AMD,AMD EPYC 7303,EPYC 7303,,,16,,,32,3.4,,,2.4,,130,,,,SP3,,,,,,,,
AMD,AMD EPYC 7303P,EPYC 7303P,,,16,,,32,3.4,,,2.4,,130,,,,SP3,,,,,,,,
AMD,AMD EPYC 7313,EPYC 7313,,,16,,,32,3.7,,,3.0,,155,,,,SP3,,,,,,,,
AMD,AMD EPYC 7313P,EPYC 7313P,,,16,,,32,3.7,,,3.0,,155,,,,SP3,,,,,,,,
AMD,AMD EPYC 7343,EPYC 7343,,,16,,,32,3.9,,,3.2,,190,,,,SP3,,,,,,,,
AMD,AMD EPYC 7351,EPYC 7351,,,16,,,32,2.9,,,2.4,,155,,,,SP3,,,,,,,,
AMD,AMD EPYC 7351P,EPYC 7351P,,,16,,,32,2.9,,,2.4,,155,,,,SP3,,,,,,,,
AMD,AMD EPYC 7352,EPYC 7352,,,24,,,48,3.2,,,2.3,,155,,,,SP3,,,,,,,,
AMD,AMD EPYC 7371,EPYC 7371,,,16,,,32,3.8,,,3.1,,,,,,SP3,,,,,,,,
AMD,AMD EPYC 73F3,EPYC 73F3,,,16,,,32,4.0,,,3.5,,240,,,,SP3,,,,,,,,
AMD,AMD EPYC 7401P,EPYC 7401P,,,24,,,48,3.0,,,2.0,,155,,,,SP3,,,,,,,,
AMD,AMD EPYC 7402,EPYC 7402,,,24,,,48,3.4,,,2.8,,180,,,,SP3,,,,,,,,
AMD,AMD EPYC 7402P,EPYC 7402P,,,24,,,48,3.4,,,2.8,,180,,,,SP3,,,,,,,,
AMD,AMD EPYC 7413,EPYC 7413,,,24,,,48,3.6,,,2.7,,180,,,,SP3,,,,,,,,
AMD,AMD EPYC 7443,EPYC 7443,,,24,,,48,4.0,,,2.9,,200,,,,SP3,,,,,,,,
AMD,AMD EPYC 7443P,EPYC 7443P,,,24,,,48,4.0,,,2.9,,200,,,,SP3,,,,,,,,
AMD,AMD EPYC 7451,EPYC 7451,,,24,,,48,3.2,,,2.3,,180,,,,SP3,,,,,,,,
AMD,AMD EPYC 7452,EPYC 7452,,,32,,,64,3.4,,,2.4,,155,,,,SP3,,,,,,,,
AMD,AMD EPYC 7453,EPYC 7453,,,28,,,56,3.5,,,2.8,,225,,,,SP3,,,,,,,,
AMD,AMD EPYC 7473X,EPYC 7473X,,,24,,,48,3.7,,,2.8,,240,,,,SP3,,,,,,,,
AMD,AMD EPYC 74F3,EPYC 74F3,,,24,,,48,4.0,,,3.2,,240,,,,SP3,,,,,,,,
AMD,AMD EPYC 7501,EPYC 7501,,,32,,,64,3.0,,,2.0,,155,,,,SP3,,,,,,,,
AMD,AMD EPYC 7502,EPYC 7502,,,32,,,64,3.4,,,2.5,,180,,,,SP3,,,,,,,,
AMD,AMD EPYC 7502P,EPYC 7502P,,,32,,,64,3.4,,,2.5,,180,,,,SP3,,,,,,,,
AMD,AMD EPYC 7513,EPYC 7513,,,32,,,64,3.7,,,2.6,,200,,,,SP3,,,,,,,,
AMD,AMD EPYC 7532,EPYC 7532,,,32,,,64,3.3,,,2.4,,200,,,,SP3,,,,,,,,
AMD,AMD EPYC 7542,EPYC 7542,,,32,,,64,3.4,,,2.9,,225,,,,SP3,,,,,,,,
AMD,AMD EPYC 7543,EPYC 7543,,,32,,,64,3.7,,,2.8,,240,,,,SP3,,,,,,,,
AMD,AMD EPYC 7543P,EPYC 7543P,,,32,,,64,3.7,,,2.8,,225,,,,SP3,,,,,,,,
AMD,AMD EPYC 7551,EPYC 7551,,,32,,,64,3.0,,,2.0,,180,,,,SP3,,,,,,,,
AMD,AMD EPYC 7551P,EPYC 7551P,,,32,,,64,3.0,,,2.0,,180,,,,SP3,,,,,,,,
AMD,AMD EPYC 7552,EPYC 7552,,,48,,,96,3.3,,,2.2,,200,,,,SP3,,,,,,,,
AMD,AMD EPYC 7571,EPYC 7571,,,32,,,64,2.9,,,2.1,,120,,,,SP3,,,,,,,,
AMD,AMD EPYC 7573X,EPYC 7573X,,,32,,,64,3.6,,,2.8,,280,,,,SP3,,,,,,,,
AMD,AMD EPYC 75F3,EPYC 75F3,,,32,,,64,4.0,,,3.0,,280,,,,SP3,,,,,,,,
AMD,AMD EPYC 7601,EPYC 7601,,,32,,,64,2.7,,,2.2,,180,,,,SP3,,,,,,,,
AMD,AMD EPYC 7642,EPYC 7642,,,48,,,96,3.3,,,2.3,,225,,,,SP3,,,,,,,,
AMD,AMD EPYC 7643,EPYC 7643,,,48,,,96,3.6,,,2.3,,225,,,,SP3,,,,,,,,
AMD,AMD EPYC 7643P,EPYC 7643P,,,48,,,96,3.6,,,2.3,,225,,,,SP3,,,,,,,,
AMD,AMD EPYC 7662,EPYC 7662,,,64,,,128,3.3,,,2.0,,225,,,,SP3,,,,,,,,
AMD,AMD EPYC 7663,EPYC 7663,,,56,,,112,3.5,,,2.0,,240,,,,SP3,,,,,,,,
AMD,AMD EPYC 7663P,EPYC 7663P,,,56,,,112,3.5,,,2.0,,225,,,,SP3,,,,,,,,
AMD,AMD EPYC 7702,EPYC 7702,,,64,,,128,3.4,,,2.0,,200,,,,SP3,,,,,,,,
AMD,AMD EPYC 7702P,EPYC 7702P,,,64,,,128,3.4,,,2.0,,200,,,,SP3,,,,,,,,
AMD,AMD EPYC 7713,EPYC 7713,,,64,,,128,3.7,,,2.0,,225,,,,SP3,,,,,,,,
AMD,AMD EPYC 7713P,EPYC 7713P,,,64,,,128,3.7,,,2.0,,225,,,,SP3,,,,,,,,
AMD,AMD EPYC 7742,EPYC 7742,,,64,,,128,3.4,,,2.3,,225,,,,SP3,,,,,,,,
AMD,AMD EPYC 7763,EPYC 7763,,,64,,,128,3.5,,,2.5,,280,,,,SP3,,,,,,,,
AMD,AMD EPYC 7773X,EPYC 7773X,,,64,,,128,3.5,,,2.2,,280,,,,SP3,,,,,,,,
AMD,AMD EPYC 7A23,EPYC 7A23,,,48,,,96,3.7,,,2.7,,,,,,SP3,,,,,,,,
AMD,AMD EPYC 7B12,EPYC 7B12,,,64,,,128,3.3,,,2.2,,240,,,,SP3,,,,,,,,
AMD,AMD EPYC 7B13,EPYC 7B13,,,64,,,128,3.5,,,2.2,,240,,,,,,,,,,,,
AMD,AMD EPYC 7C13,EPYC 7C13,,,64,,,128,3.7,,,2.0,,,,,,,,,,,,,,
AMD,AMD EPYC 7D12,EPYC 7D12,,,32,,,64,3.0,,,1.1,,85,,,,,,,,,,,,
AMD,AMD EPYC 7F32,EPYC 7F32,,,8,,,16,3.9,,,3.7,,180,,,,SP3,,,,,,,,
AMD,AMD EPYC 7F52,EPYC 7F52,,,16,,,32,3.9,,,3.5,,240,,,,SP3,,,,,,,,
AMD,AMD EPYC 7F72,EPYC 7F72,,,24,,,48,3.7,,,3.2,,240,,,,SP3,,,,,,,,
AMD,AMD EPYC 7H12,EPYC 7H12,,,64,,,128,3.3,,,2.6,,280,,,,SP3,,,,,,,,
AMD,AMD EPYC 7J13,EPYC 7J13,,,64,,,128,3.5,,,2.6,,,,,,,,,,,,,,
AMD,AMD EPYC 7K23,EPYC 7K23,,,48,,,96,,,,2.7,,,,,,,,,,,,,,
AMD,AMD EPYC 7K62,EPYC 7K62,,,48,,,96,3.3,,,2.6,,,,,,SP3,,,,,,,,
AMD,AMD EPYC 7R12,EPYC 7R12,,,48,,,96,3.3,,,2.2,,200,,,,SP3,,,,,,,,
AMD,AMD EPYC 7R13,EPYC 7R13,,,48,,,96,,,,2.6,,,,,,,,,,,,,,
AMD,AMD EPYC 7R32,EPYC 7R32,,,48,,,96,3.3,,,2.8,,,,,,,,,,,,,,
AMD,AMD EPYC 7R43,EPYC 7R43,,,64,,,128,,,,2.3,,280,,,,SP3,,,,,,,,
AMD,AMD EPYC 7T83,EPYC 7T83,,,64,,,128,3.5,,,2.5,,280,,,,SP3,,,,,,,,
AMD,AMD EPYC 7V12,EPYC 7V12,,,64,,,128,,,,2.5,,240,,,,SP3,,,,,,,,
AMD,AMD EPYC 7V13,EPYC 7V13,,,64,,,128,3.7,,,2.5,,240,,,,SP3,,,,,,,,
AMD,AMD EPYC 7V73X,EPYC 7V73X,,,64,,,128,3.5,,,2.2,,280,,,,,,,,,,,,
AMD,AMD EPYC 8024P,EPYC 8024P,,,8,,,16,3.0,,,2.4,,90,,,,SP6,,,,,,,,
AMD,AMD EPYC 8124P,EPYC 8124P,,,16,,,32,3.0,,,2.5,,125,,,,SP6,,,,,,,,
AMD,AMD EPYC 8224P,EPYC 8224P,,,24,,,48,3.0,,,2.6,,160,,,,SP6,,,,,,,,
AMD,AMD EPYC 8324P,EPYC 8324P,,,32,,,64,3.0,,,2.7,,180,,,,SP6,,,,,,,,
AMD,AMD EPYC 8324PN,EPYC 8324PN,,,8,,,8,3.0,,,2.1,,130,,,,,,,,,,,,
AMD,AMD EPYC 8434P,EPYC 8434P,,,48,,,96,3.1,,,2.5,,200,,,,SP6,,,,,,,,
AMD,AMD EPYC 8534P,EPYC 8534P,,,64,,,128,3.1,,,2.3,,200,,,,SP6,,,,,,,,
AMD,AMD EPYC 9015,EPYC 9015,,,8,,,16,4.1,,,3.6,,125,,,,SP5,,,,,,,,
AMD,AMD EPYC 9115,EPYC 9115,,,16,,,32,4.1,,,2.6,,125,,,,SP5,,,,,,,,
AMD,AMD EPYC 9124,EPYC 9124,,,16,,,32,3.7,,,3.0,,200,,,,SP5,,,,,,,,
AMD,AMD EPYC 9135,EPYC 9135,,,16,,,32,4.3,,,3.7,,200,,,,SP5,,,,,,,,
AMD,AMD EPYC 9174F,EPYC 9174F,,,16,,,32,4.4,,,4.1,,320,,,,SP5,,,,,,,,
AMD,AMD EPYC 9175F,EPYC 9175F,,,16,,,32,5.0,,,4.2,,320,,,,SP5,,,,,,,,
AMD,AMD EPYC 9184X,EPYC 9184X,,,16,,,32,4.2,,,3.6,,320,,,,SP5,,,,,,,,
AMD,AMD EPYC 9224,EPYC 9224,,,24,,,48,3.7,,,2.5,,200,,,,SP5,,,,,,,,
AMD,AMD EPYC 9254,EPYC 9254,,,24,,,48,4.2,,,2.9,,200,,,,SP5,,,,,,,,
AMD,AMD EPYC 9255,EPYC 9255,,,24,,,48,4.3,,,4.0,,200,,,,SP5,,,,,,,,
AMD,AMD EPYC 9274F,EPYC 9274F,,,24,,,48,4.3,,,4.1,,,,,,SP5,,,,,,,,
AMD,AMD EPYC 9275F,EPYC 9275F,,,24,,,48,4.5,,,4.1,,320,,,,SP5,,,,,,,,
AMD,AMD EPYC 9334,EPYC 9334,,,32,,,64,3.9,,,2.7,,,,,,SP5,,,,,,,,
AMD,AMD EPYC 9335,EPYC 9335,,,32,,,64,4.4,,,3.0,,210,,,,SP5,,,,,,,,
AMD,AMD EPYC 9354,EPYC 9354,,,32,,,64,3.8,,,3.3,,280,,,,SP5,,,,,,,,
AMD,AMD EPYC 9354P,EPYC 9354P,,,32,,,64,3.8,,,3.3,,280,,,,SP5,,,,,,,,
AMD,AMD EPYC 9355P,EPYC 9355P,,,32,,,64,4.4,,,3.6,,280,,,,SP5,,,,,,,,
AMD,AMD EPYC 9374F,EPYC 9374F,,,32,,,64,4.3,,,3.9,,320,,,,SP5,,,,,,,,
AMD,AMD EPYC 9375F,EPYC 9375F,,,32,,,64,4.4,,,3.8,,320,,,,SP5,,,,,,,,
AMD,AMD EPYC 9384X,EPYC 9384X,,,32,,,64,3.9,,,3.1,,320,,,,SP5,,,,,,,,
AMD,AMD EPYC 9454,EPYC 9454,,,48,,,96,3.8,,,2.8,,290,,,,SP5,,,,,,,,
AMD,AMD EPYC 9454P,EPYC 9454P,,,48,,,96,3.8,,,2.8,,290,,,,SP5,,,,,,,,
AMD,AMD EPYC 9455 Emb,EPYC 9455 Emb,,,48,,,96,4.1,,,3.2,,,,,,SP5,,,,,,,,
AMD,AMD EPYC 9455P,EPYC 9455P,,,48,,,96,4.4,,,3.2,,300,,,,SP5,,,,,,,,
AMD,AMD EPYC 9474F,EPYC 9474F,,,48,,,96,4.1,,,3.6,,360,,,,SP5,,,,,,,,
AMD,AMD EPYC 9475F,EPYC 9475F,,,48,,,96,4.8,,,3.7,,400,,,,SP5,,,,,,,,
AMD,AMD EPYC 9534,EPYC 9534,,,64,,,128,3.7,,,2.5,,280,,,,SP5,,,,,,,,
AMD,AMD EPYC 9535,EPYC 9535,,,64,,,128,4.3,,,2.4,,300,,,,SP5,,,,,,,,
AMD,AMD EPYC 9554,EPYC 9554,,,64,,,128,3.8,,,3.1,,360,,,,SP5,,,,,,,,
AMD,AMD EPYC 9554P,EPYC 9554P,,,64,,,128,3.8,,,3.1,,360,,,,SP5,,,,,,,,
AMD,AMD EPYC 9555 Emb,EPYC 9555 Emb,,,64,,,128,4.4,,,3.2,,360,,,,SP5,,,,,,,,
AMD,AMD EPYC 9555P,EPYC 9555P,,,64,,,128,4.2,,,3.2,,360,,,,SP5,,,,,,,,
AMD,AMD EPYC 9565,EPYC 9565,,,72,,,144,4.3,,,3.2,,400,,,,SP5,,,,,,,,
AMD,AMD EPYC 9575F,EPYC 9575F,,,64,,,128,5.0,,,3.3,,400,,,,SP5,,,,,,,,
AMD,AMD EPYC 9634,EPYC 9634,,,84,,,168,3.7,,,3.1,,290,,,,SP5,,,,,,,,
AMD,AMD EPYC 9654,EPYC 9654,,,96,,,192,3.7,,,2.4,,360,,,,SP5,,,,,,,,
AMD,AMD EPYC 9654P,EPYC 9654P,,,96,,,192,3.7,,,2.4,,360,,,,SP5,,,,,,,,
AMD,AMD EPYC 9655,EPYC 9655,,,96,,,192,4.5,,,2.6,,400,,,,SP5,,,,,,,,
AMD,AMD EPYC 9655P,EPYC 9655P,,,96,,,192,4.5,,,2.6,,400,,,,SP5,,,,,,,,
AMD,AMD EPYC 9684X,EPYC 9684X,,,96,,,192,3.7,,,2.6,,400,,,,SP5,,,,,,,,
AMD,AMD EPYC 9734,EPYC 9734,,,112,,,224,3.0,,,2.2,,340,,,,SP5,,,,,,,,
AMD,AMD EPYC 9745,EPYC 9745,,,128,,,256,3.7,,,2.4,,400,,,,SP5,,,,,,,,
AMD,AMD EPYC 9754,EPYC 9754,,,128,,,256,3.1,,,2.3,,360,,,,SP5,,,,,,,,
AMD,AMD EPYC 9754,EPYC 9754,,,128,,,256,3.1,,,2.3,,360,,,,SP5,,,,,,,,
AMD,AMD EPYC 9755,EPYC 9755,,,128,,,256,4.1,,,2.7,,500,,,,SP5,,,,,,,,
AMD,AMD EPYC 9845,EPYC 9845,,,160,,,320,3.7,,,2.1,,390,,,,SP5,,,,,,,,
AMD,AMD EPYC 9965,EPYC 9965,,,192,,,384,3.7,,,2.3,,500,,,,SP5,,,,,,,,
AMD,AMD EPYC 9B14,EPYC 9B14,,,96,,,192,3.7,,,2.6,,,,,,,,,,,,,,
AMD,AMD EPYC 9B45,EPYC 9B45,,,32,,,256,3.7,,,2.1,,390,,,,SP5,,,,,,,,
AMD,AMD EPYC 9D25,EPYC 9D25,,,126,,,252,,,,,,,,,,,,,,,,,,
AMD,AMD EPYC 9J14,EPYC 9J14,,,96,,,192,3.7,,,2.6,,,,,,SP5,,,,,,,,
AMD,AMD EPYC 9R14,EPYC 9R14,,,96,,,192,,,,3.7,,,,,,,,,,,,,,
AMD,AMD EPYC 9R45,EPYC 9R45,,,2,,,2,,,,,,,,,,,,,,,,,,
AMD,AMD EPYC 9V74,EPYC 9V74,,,80,,,160,3.7,,,2.6,,400,,,,SP5,,,,,,,,
AMD,AMD EPYC Embedded 7292P,EPYC Embedded 7292P,,,16,,,32,,,,2.0,,,,,,,,,,,,,,
AMD,AMD EPYC Embedded 8224P,EPYC Embedded 8224P,,,24,,,48,3.0,,,2.6,,160,,,,SP6,,,,,,,,
AMD,AMD EPYC Embedded 9654P,EPYC Embedded 9654P,,,96,,,192,,,,,,,,,,,,,,,,,,
AMD,AMD EPYC Embedded 9755,EPYC Embedded 9755,,,128,,,256,4.1,,,2.7,,500,,,,,,,,,,,,
AMD,AMD FirePro A320,FirePro A320,,,4,,,,4.2,,,3.8,,100,,,,FM2,,,,,,,,
AMD,AMD FX-4330,FX-4330,,,4,,,,4.1,,,4.0,,95,,,,AM3+,,,,,,,,
AMD,AMD FX-6100 Six-Core,FX-6100 Six-,,,6,,,,3.9,,,3.3,,95,,,,AM3+,,,,,,,,
AMD,AMD FX-6120 Six-Core,FX-6120 Six-,,,6,,,,4.1,,,3.5,,95,,,,AM3+,,,,,,,,
AMD,AMD FX-6130 Six-Core,FX-6130 Six-,,,6,,,,3.9,,,3.6,,125,,,,AM3+,,,,,,,,
AMD,AMD FX-6200 Six-Core,FX-6200 Six-,,,6,,,,4.1,,,3.8,,125,,,,AM3+,,,,,,,,
AMD,AMD FX-6300 Six-Core,FX-6300 Six-,,,6,,,,4.1,,,3.5,,95,,,,AM3+,,,,,,,,
AMD,AMD FX-6330 Six-Core,FX-6330 Six-,,,6,,,,4.2,,,3.6,,95,,,,AM3+,,,,,,,,
AMD,AMD FX-6350 Six-Core,FX-6350 Six-,,,6,,,,4.2,,,3.9,,125,,,,AM3+,,,,,,,,
AMD,AMD FX-670K,FX-670K,,,4,,,,4.3,,,3.7,,65,,,,FM2,,,,,,,,
AMD,AMD FX-7500,FX-7500,,,4,,,,3.3,,,2.1,,19,,,,FP3,,,,,,,,
AMD,AMD FX-7600P,FX-7600P,,,4,,,,3.6,,,2.7,,35,,,,FP3,,,,,,,,
AMD,AMD FX-7600P,FX-7600P,,,4,,,,3.6,,,2.7,,35,,,,FP3,,,,,,,,
AMD,AMD FX-770K,FX-770K,,,4,,,,3.9,,,3.5,,65,,,,FM2+,,,,,,,,
AMD,AMD FX-8100 Eight-Core,FX-8100 Eight-,,,8,,,,3.7,,,2.8,,95,,,,AM3+,,,,,,,,
AMD,AMD FX-8120 Eight-Core,FX-8120 Eight-,,,8,,,,4.0,,,3.1,,125,,,,AM3+,,,,,,,,
AMD,AMD FX-8140 Eight-Core,FX-8140 Eight-,,,8,,,,4.1,,,3.2,,95,,,,AM3+,,,,,,,,
AMD,AMD FX-8150 Eight-Core,FX-8150 Eight-,,,8,,,,4.2,,,3.6,,125,,,,AM3+,,,,,,,,
AMD,AMD FX-8300 Eight-Core,FX-8300 Eight-,,,8,,,,4.2,,,3.3,,95,,,,AM3+,,,,,,,,
AMD,AMD FX-8310 Eight-Core,FX-8310 Eight-,,,8,,,,4.3,,,3.4,,95,,,,AM3+,,,,,,,,
AMD,AMD FX-8320 Eight-Core,FX-8320 Eight-,,,8,,,,4.0,,,3.5,,125,,,,AM3+,,,,,,,,
AMD,AMD FX-8320E Eight-Core,FX-8320E Eight-,,,8,,,,4.0,,,3.2,,95,,,,AM3+,,,,,,,,
AMD,AMD FX-8350 Eight-Core,FX-8350 Eight-,,,8,,,,4.2,,,4.0,,125,,,,AM3+,,,,,,,,
AMD,AMD FX-8370 Eight-Core,FX-8370 Eight-,,,8,,,,4.3,,,4.0,,125,,,,AM3+,,,,,,,,
AMD,AMD FX-8370E Eight-Core,FX-8370E Eight-,,,8,,,,4.3,,,3.3,,95,,,,AM3+,,,,,,,,
AMD,AMD FX-870K,FX-870K,,,4,,,,4.0,,,3.6,,,,,,,,,,,,,,
AMD,AMD FX-8800P,FX-8800P,,,4,,,,3.4,,,2.1,,35,,,,FP4,,,,,,,,
AMD,AMD FX-9370 Eight-Core,FX-9370 Eight-,,,8,,,,4.7,,,4.4,,220,,,,AM3+,,,,,,,,
AMD,AMD FX-9590 Eight-Core,FX-9590 Eight-,,,8,,,,5.0,,,4.7,,220,,,,AM3+,,,,,,,,
AMD,AMD FX-9800P,FX-9800P,,,4,,,,3.6,,,2.7,,15,,,,,,,,,,,,
AMD,AMD FX-9830P,FX-9830P,,,4,,,,3.7,,,3.0,,35,,,,FP4,,,,,,,,
AMD,AMD FX-B4150,FX-B4150,,,4,,,,4.0,,,3.8,,95,,,,AM3+,,,,,,,,
AMD,AMD G-T40E,G-T40E,,,2,,,2,,,,1.0,,6.4,,,,FT1,,,,,,,,
AMD,AMD G-T40N,G-T40N,,,2,,,2,,,,1.0,,9,,,,FT1,,,,,,,,
AMD,AMD G-T40R,G-T40R,,,1,,,1,,,,1.0,,5.5,,,,FT1,,,,,,,,
AMD,AMD G-T44R,G-T44R,,,1,,,1,,,,1.2,,9,,,,FT1,,,,,,,,
AMD,AMD G-T48E,G-T48E,,,2,,,2,,,,1.4,,18,,,,FT1,,,,,,,,
AMD,AMD G-T52R,G-T52R,,,1,,,1,,,,1.5,,18,,,,FT1,,,,,,,,
AMD,AMD G-T56E,G-T56E,,,2,,,2,,,,1.7,,18,,,,FT1,,,,,,,,
AMD,AMD G-T56N,G-T56N,,,2,,,2,,,,1.7,,18,,,,FT1,,,,,,,,
AMD,AMD Geode NX,Geode NX,,,1,,,1,,,,,,-1,,,,,,,,,,,,
AMD,AMD Geode NX 1750,Geode NX 1750,,,1,,,1,,,,1.4,,25,,,,,,,,,,,,
AMD,AMD Geode NX 2400+,Geode NX 2400+,,,1,,,1,,,,,,,,,,,,,,,,,,
AMD,AMD GX-210JA SOC,GX-210JA SOC,,,2,,,2,,,,1.0,,6,,,,FT3 (769-BGA),,,,,,,,
AMD,AMD GX-212JC SOC,GX-212JC SOC,,,2,,,2,,,,1.2,,6,,,,FT3b,,,,,,,,
AMD,AMD GX-217GA SOC,GX-217GA SOC,,,2,,,2,,,,1.7,,15,,,,FT3 (769-BGA),,,,,,,,
AMD,AMD GX-218GL SOC,GX-218GL SOC,,,2,,,2,,,,1.8,,15,,,,BGA769 (FT3b),,,,,,,,
AMD,AMD GX-222GC SOC,GX-222GC SOC,,,2,,,2,2.4,,,2.2,,15,,,,BGA769 (FT3b),,,,,,,,
AMD,AMD GX-412HC,GX-412HC,,,4,,,4,,,,1.2,,7,,,,FT3b,,,,,,,,
AMD,AMD GX-412TC SOC,GX-412TC SOC,,,4,,,4,1.4,,,1.0,,6,,,,FT3b,,,,,,,,
AMD,AMD GX-415GA SOC,GX-415GA SOC,,,4,,,4,,,,1.5,,15,,,,FT3 (769-BGA),,,,,,,,
AMD,AMD GX-416RA SOC,GX-416RA SOC,,,4,,,4,,,,1.6,,,,,,FT3,,,,,,,,
AMD,AMD GX-420CA SOC,GX-420CA SOC,,,4,,,4,,,,2.0,,25,,,,FT3 (769-BGA),,,,,,,,
AMD,AMD GX-420MC SOC,GX-420MC SOC,,,4,,,4,,,,2.0,,17.5,,,,FTB3b,,,,,,,,
AMD,AMD GX-424CC SOC,GX-424CC SOC,,,4,,,4,,,,2.4,,25,,,,FT3b,,,,,,,,
AMD,AMD K7,K7,,,1,,,1,,,,,,-1,,,,,,,,,,,,
AMD,AMD Opteron 1210,Opteron 1210,,,2,,,2,,,,1.8,,103,,,,AM2,,,,,,,,
AMD,AMD Opteron 1210 HE,Opteron 1210 HE,,,2,,,2,,,,1.8,,65,,,,AM2,,,,,,,,
AMD,AMD Opteron 1212,Opteron 1212,,,2,,,2,,,,2.0,,103,,,,AM2,,,,,,,,
AMD,AMD Opteron 1212 HE,Opteron 1212 HE,,,2,,,2,,,,2.0,,65,,,,AM2,,,,,,,,
AMD,AMD Opteron 1214,Opteron 1214,,,2,,,2,,,,2.2,,103,,,,AM2,,,,,,,,
AMD,AMD Opteron 1214 HE,Opteron 1214 HE,,,2,,,2,,,,2.2,,65,,,,AM2,,,,,,,,
AMD,AMD Opteron 1216,Opteron 1216,,,2,,,2,,,,2.4,,103,,,,AM2,,,,,,,,
AMD,AMD Opteron 1216 HE,Opteron 1216 HE,,,2,,,2,,,,2.4,,65,,,,AM2,,,,,,,,
AMD,AMD Opteron 1218,Opteron 1218,,,2,,,2,,,,2.6,,103,,,,AM2,,,,,,,,
AMD,AMD Opteron 1218 HE,Opteron 1218 HE,,,2,,,2,,,,2.6,,65,,,,AM2,,,,,,,,
AMD,AMD Opteron 1220,Opteron 1220,,,2,,,2,,,,2.8,,103,,,,AM2,,,,,,,,
AMD,AMD Opteron 1222,Opteron 1222,,,2,,,2,,,,3.0,,103,,,,AM2,,,,,,,,
AMD,AMD Opteron 1352,Opteron 1352,,,4,,,4,,,,2.1,,75,,,,AM2,,,,,,,,
AMD,AMD Opteron 1354,Opteron 1354,,,4,,,4,,,,2.2,,75,,,,AM2,,,,,,,,
AMD,AMD Opteron 1356,Opteron 1356,,,4,,,4,,,,2.3,,75,,,,AM2,,,,,,,,
AMD,AMD Opteron 1381,Opteron 1381,,,4,,,4,,,,2.5,,75,,,,AM3,,,,,,,,
AMD,AMD Opteron 1385,Opteron 1385,,,4,,,4,,,,2.7,,115,,,,AM2+.AM3,,,,,,,,
AMD,AMD Opteron 1389,Opteron 1389,,,4,,,4,,,,2.9,,75,,,,AM2,,,,,,,,
AMD,AMD Opteron 140,Opteron 140,,,1,,,1,,,,1.4,,84.7,,,,940,,,,,,,,
AMD,AMD Opteron 142,Opteron 142,,,1,,,1,,,,1.6,,84.7,,,,940,,,,,,,,
AMD,AMD Opteron 144,Opteron 144,,,1,,,1,,,,1.8,,67,,,,939,,,,,,,,
AMD,AMD Opteron 146,Opteron 146,,,1,,,1,,,,2.0,,67,,,,939,,,,,,,,
AMD,AMD Opteron 148,Opteron 148,,,1,,,1,,,,2.2,,85.3,,,,939,,,,,,,,
AMD,AMD Opteron 150,Opteron 150,,,1,,,1,,,,2.4,,85.3,,,,939,,,,,,,,
AMD,AMD Opteron 152,Opteron 152,,,1,,,1,,,,2.6,,104,,,,939,,,,,,,,
AMD,AMD Opteron 154,Opteron 154,,,1,,,1,,,,2.8,,104,,,,939,,,,,,,,
AMD,AMD Opteron 165,Opteron 165,,,2,,,2,,,,1.8,,110,,,,939,,,,,,,,
AMD,AMD Opteron 170,Opteron 170,,,2,,,2,,,,2.0,,110,,,,939,,,,,,,,
AMD,AMD Opteron 175,Opteron 175,,,2,,,2,,,,2.2,,110,,,,939,,,,,,,,
AMD,AMD Opteron 180,Opteron 180,,,2,,,2,,,,2.4,,110,,,,939,,,,,,,,
AMD,AMD Opteron 185,Opteron 185,,,2,,,2,,,,2.6,,110,,,,939,,,,,,,,
AMD,AMD Opteron 2212,Opteron 2212,,,2,,,2,,,,2.0,,95,,,,F (1207),,,,,,,,
AMD,AMD Opteron 2214,Opteron 2214,,,2,,,2,,,,2.2,,95,,,,F (1207),,,,,,,,
AMD,AMD Opteron 2214 HE,Opteron 2214 HE,,,2,,,2,,,,2.2,,68,,,,F (1207),,,,,,,,
AMD,AMD Opteron 2216,Opteron 2216,,,2,,,2,,,,2.4,,95,,,,F (1207),,,,,,,,
AMD,AMD Opteron 2218,Opteron 2218,,,2,,,2,,,,2.6,,95,,,,F (1207),,,,,,,,
AMD,AMD Opteron 2220,Opteron 2220,,,2,,,2,,,,2.8,,95,,,,F (1207),,,,,,,,
AMD,AMD Opteron 2220 SE,Opteron 2220 SE,,,2,,,2,,,,2.8,,119,,,,F (1207),,,,,,,,
AMD,AMD Opteron 2222,Opteron 2222,,,2,,,2,,,,3.0,,95,,,,F (1207),,,,,,,,
AMD,AMD Opteron 2224 SE,Opteron 2224 SE,,,2,,,2,,,,3.2,,119,,,,F (1207),,,,,,,,
AMD,AMD Opteron 2350,Opteron 2350,,,4,,,4,,,,2.0,,75,,,,F (1207),,,,,,,,
AMD,AMD Opteron 2354,Opteron 2354,,,4,,,4,,,,2.2,,115,,,,F (1207),,,,,,,,
AMD,AMD Opteron 2356,Opteron 2356,,,4,,,4,,,,2.3,,75,,,,F (1207),,,,,,,,
AMD,AMD Opteron 2373 EE,Opteron 2373 EE,,,4,,,4,,,,2.1,,60,,,,F (1207),,,,,,,,
AMD,AMD Opteron 2374 HE,Opteron 2374 HE,,,4,,,4,,,,2.2,,55,,,,F (1207),,,,,,,,
AMD,AMD Opteron 2376,Opteron 2376,,,4,,,4,,,,2.3,,75,,,,F (1207),,,,,,,,
AMD,AMD Opteron 2378,Opteron 2378,,,4,,,4,,,,2.4,,75,,,,F (1207),,,,,,,,
AMD,AMD Opteron 2380,Opteron 2380,,,4,,,4,,,,2.5,,75,,,,F (1207),,,,,,,,
AMD,AMD Opteron 2384,Opteron 2384,,,4,,,4,,,,2.7,,75,,,,F (1207),,,,,,,,
AMD,AMD Opteron 2386 SE,Opteron 2386 SE,,,4,,,4,,,,2.8,,105,,,,F (1207),,,,,,,,
AMD,AMD Opteron 2393 SE,Opteron 2393 SE,,,2,,,2,,,,3.1,,105,,,,F (1207),,,,,,,,
AMD,AMD Opteron 2419 EE,Opteron 2419 EE,,,6,,,6,,,,1.8,,60,,,,F (1207),,,,,,,,
AMD,AMD Opteron 2427,Opteron 2427,,,6,,,6,,,,2.2,,75,,,,F (1207),,,,,,,,
AMD,AMD Opteron 2431,Opteron 2431,,,6,,,6,,,,2.4,,75,,,,F (1207),,,,,,,,
AMD,AMD Opteron 2435,Opteron 2435,,,6,,,6,,,,2.6,,75,,,,F (1207),,,,,,,,
AMD,AMD Opteron 246,Opteron 246,,,1,,,1,,,,2.0,,89,,,,940,,,,,,,,
AMD,AMD Opteron 248,Opteron 248,,,1,,,1,,,,2.2,,89,,,,940,,,,,,,,
AMD,AMD Opteron 250,Opteron 250,,,1,,,1,,,,2.4,,85.3,,,,940,,,,,,,,
AMD,AMD Opteron 252,Opteron 252,,,1,,,1,,,,2.6,,68,,,,940,,,,,,,,
AMD,AMD Opteron 254,Opteron 254,,,1,,,1,,,,2.8,,68,,,,940,,,,,,,,
AMD,AMD Opteron 256,Opteron 256,,,1,,,1,,,,3.0,,92.6,,,,940,,,,,,,,
AMD,AMD Opteron 265,Opteron 265,,,2,,,2,,,,1.8,,95,,,,940,,,,,,,,
AMD,AMD Opteron 270,Opteron 270,,,2,,,2,,,,2.0,,95,,,,940,,,,,,,,
AMD,AMD Opteron 275,Opteron 275,,,2,,,2,,,,2.2,,95,,,,940,,,,,,,,
AMD,AMD Opteron 280,Opteron 280,,,2,,,2,,,,2.4,,95,,,,940,,,,,,,,
AMD,AMD Opteron 285,Opteron 285,,,2,,,2,,,,2.6,,95,,,,940,,,,,,,,
AMD,AMD Opteron 290,Opteron 290,,,2,,,2,,,,2.8,,95,,,,940,,,,,,,,
AMD,AMD Opteron 3250 HE,Opteron 3250 HE,,,4,,,,3.5,,,2.5,,45,,,,AM3+,,,,,,,,
AMD,AMD Opteron 3260 HE,Opteron 3260 HE,,,4,,,,3.0,,,2.7,,45,,,,AM3+,,,,,,,,
AMD,AMD Opteron 3280,Opteron 3280,,,8,,,,2.7,,,2.4,,65,,,,AM3+,,,,,,,,
AMD,AMD Opteron 3320 EE,Opteron 3320 EE,,,4,,,,2.5,,,1.9,,25,,,,AM3+,,,,,,,,
AMD,AMD Opteron 3350 HE,Opteron 3350 HE,,,4,,,,3.8,,,2.8,,45,,,,,,,,,,,,
AMD,AMD Opteron 3365,Opteron 3365,,,8,,,,3.3,,,2.3,,65,,,,AM3+,,,,,,,,
AMD,AMD Opteron 3380,Opteron 3380,,,8,,,,2.9,,,2.6,,65,,,,,,,,,,,,
AMD,AMD Opteron 4122,Opteron 4122,,,4,,,4,,,,2.2,,95,,,,C32,,,,,,,,
AMD,AMD Opteron 4130,Opteron 4130,,,4,,,4,3.2,,,2.6,,95,,,,F (1207),,,,,,,,
AMD,AMD Opteron 4162 EE,Opteron 4162 EE,,,6,,,6,,,,1.7,,35,,,,F (1207),,,,,,,,
AMD,AMD Opteron 4170 HE,Opteron 4170 HE,,,6,,,6,,,,2.1,,65,,,,C32,,,,,,,,
AMD,AMD Opteron 4174 HE,Opteron 4174 HE,,,6,,,6,,,,2.3,,65,,,,C32,,,,,,,,
AMD,AMD Opteron 4184,Opteron 4184,,,6,,,6,,,,2.8,,95,,,,C32,,,,,,,,
AMD,AMD Opteron 4226,Opteron 4226,,,6,,,,2.9,,,2.7,,95,,,,Socket C32,,,,,,,,
AMD,AMD Opteron 4274 HE,Opteron 4274 HE,,,8,,,,2.8,,,2.5,,65,,,,C32,,,,,,,,
AMD,AMD Opteron 4280,Opteron 4280,,,8,,,,3.1,,,2.8,,95,,,,Socket C32,,,,,,,,
AMD,AMD Opteron 4284,Opteron 4284,,,8,,,,3.3,,,3.0,,95,,,,Socket C32,,,,,,,,
AMD,AMD Opteron 4332 HE,Opteron 4332 HE,,,6,,,,3.7,,,3.0,,65,,,,Socket C32,,,,,,,,
AMD,AMD Opteron 4334,Opteron 4334,,,6,,,,3.5,,,3.1,,95,,,,Socket C32,,,,,,,,
AMD,AMD Opteron 4365 EE,Opteron 4365 EE,,,8,,,,2.8,,,2.0,,40,,,,Socket C32,,,,,,,,
AMD,AMD Opteron 4376 HE,Opteron 4376 HE,,,8,,,,3.6,,,2.6,,65,,,,Socket C32,,,,,,,,
AMD,AMD Opteron 4386,Opteron 4386,,,8,,,,3.8,,,3.1,,95,,,,C32,,,,,,,,
AMD,AMD Opteron 6128,Opteron 6128,,,8,,,8,,,,2.0,,115,,,,G34,,,,,,,,
AMD,AMD Opteron 6128 HE,Opteron 6128 HE,,,8,,,8,,,,2.0,,85,,,,Socket G34,,,,,,,,
AMD,AMD Opteron 6134,Opteron 6134,,,8,,,8,,,,2.3,,115,,,,G34,,,,,,,,
AMD,AMD Opteron 6136,Opteron 6136,,,8,,,8,,,,2.4,,115,,,,Socket G34,,,,,,,,
AMD,AMD Opteron 6164 HE,Opteron 6164 HE,,,12,,,12,,,,1.7,,85,,,,Socket G34,,,,,,,,
AMD,AMD Opteron 6172,Opteron 6172,,,12,,,12,,,,2.1,,115,,,,G34,,,,,,,,
AMD,AMD Opteron 6174,Opteron 6174,,,12,,,12,3.2,,,2.2,,115,,,,Socket G34,,,,,,,,
AMD,AMD Opteron 6176 SE,Opteron 6176 SE,,,12,,,12,,,,2.3,,140,,,,G34,,,,,,,,
AMD,AMD Opteron 6212,Opteron 6212,,,8,,,,2.9,,,2.6,,115,,,,Socket G34,,,,,,,,
AMD,AMD Opteron 6220,Opteron 6220,,,8,,,,3.6,,,3.0,,115,,,,Socket G34,,,,,,,,
AMD,AMD Opteron 6234,Opteron 6234,,,12,,,,3.0,,,2.4,,115,,,,G34,,,,,,,,
AMD,AMD Opteron 6238,Opteron 6238,,,12,,,,3.2,,,2.6,,115,,,,Socket G34,,,,,,,,
AMD,AMD Opteron 6272,Opteron 6272,,,16,,,,3.0,,,2.1,,115,,,,G34,,,,,,,,
AMD,AMD Opteron 6274,Opteron 6274,,,16,,,,3.1,,,2.2,,115,,,,G34,,,,,,,,
AMD,AMD Opteron 6276,Opteron 6276,,,16,,,,2.6,,,2.3,,115,,,,Socket G34,,,,,,,,
AMD,AMD Opteron 6281,Opteron 6281,,,16,,,,,,,2.5,,,,,,Socket G34,,,,,,,,
AMD,AMD Opteron 6282 SE,Opteron 6282 SE,,,16,,,,3.0,,,2.6,,140,,,,,,,,,,,,
AMD,AMD Opteron 6287 SE,Opteron 6287 SE,,,16,,,,3.5,,,2.8,,,,,,G34,,,,,,,,
AMD,AMD Opteron 6348,Opteron 6348,,,12,,,,3.1,,,2.8,,115,,,,,,,,,,,,
AMD,AMD Opteron 6366 HE,Opteron 6366 HE,,,16,,,,2.3,,,1.8,,85,,,,,,,,,,,,
AMD,AMD Opteron 6376,Opteron 6376,,,16,,,,3.2,,,2.3,,115,,,,Socket G34,,,,,,,,
AMD,AMD Opteron 6380,Opteron 6380,,,16,,,,3.4,,,2.5,,115,,,,G34,,,,,,,,
AMD,AMD Opteron 6386 SE,Opteron 6386 SE,,,16,,,,3.5,,,2.8,,140,,,,Socket G34,,,,,,,,
AMD,AMD Opteron 8354,Opteron 8354,,,4,,,4,,,,2.2,,75,,,,F (1207),,,,,,,,
AMD,AMD Opteron 8439 SE,Opteron 8439 SE,,,6,,,6,,,,2.8,,105,,,,F (1207),,,,,,,,
AMD,AMD Opteron X2170,Opteron X2170,,,4,,,4,,,,2.4,,25,,,,FT3,,,,,,,,
AMD,AMD Opteron X3216,Opteron X3216,,,2,,,,3.0,,,1.6,,15,,,,,,,,,,,,
AMD,AMD Opteron X3418,Opteron X3418,,,4,,,,3.2,,,1.8,,25,,,,,,,,,,,,
AMD,AMD Opteron X3421,Opteron X3421,,,4,,,,3.4,,,2.1,,35,,,,,,,,,,,,
AMD,AMD Phenom 2 X4 12000,Phenom 2 X4 12000,,,4,,,4,,,,,,,,,,,,,,,,,,
AMD,AMD Phenom 7950,Phenom 7950,,,4,,,4,,,,,,-1,,,,,,,,,,,,
AMD,AMD Phenom 8250 Triple-Core,Phenom 8250 Triple-,,,3,,,3,,,,1.9,,65,,,,,,,,,,,,
AMD,AMD Phenom 8250e Triple-Core,Phenom 8250e Triple-,,,3,,,3,,,,1.9,,65,,,,940,,,,,,,,
AMD,AMD Phenom 8400 Triple-Core,Phenom 8400 Triple-,,,3,,,3,,,,2.1,,95,,,,AM2+,,,,,,,,
AMD,AMD Phenom 8450 Triple-Core,Phenom 8450 Triple-,,,3,,,3,,,,2.1,,95,,,,AM2+,,,,,,,,
AMD,AMD Phenom 8450e Triple-Core,Phenom 8450e Triple-,,,3,,,3,,,,2.1,,65,,,,AM2+,,,,,,,,
AMD,AMD Phenom 8600 Triple-Core,Phenom 8600 Triple-,,,3,,,3,,,,2.3,,95,,,,AM2+,,,,,,,,
AMD,AMD Phenom 8600B Triple-Core,Phenom 8600B Triple-,,,3,,,3,,,,2.3,,95,,,,AM2+,,,,,,,,
AMD,AMD Phenom 8650 Triple-Core,Phenom 8650 Triple-,,,3,,,3,,,,2.3,,95,,,,AM2+,,,,,,,,
AMD,AMD Phenom 8750 Triple-Core,Phenom 8750 Triple-,,,3,,,3,,,,2.4,,95,,,,AM2+,,,,,,,,
AMD,AMD Phenom 8750B Triple-Core,Phenom 8750B Triple-,,,3,,,3,,,,2.4,,95,,,,AM2+,,,,,,,,
AMD,AMD Phenom 8850 Triple-Core,Phenom 8850 Triple-,,,3,,,3,,,,2.5,,95,,,,AM2+,,,,,,,,
AMD,AMD Phenom 8850B Triple-Core,Phenom 8850B Triple-,,,3,,,3,,,,2.5,,95,,,,,,,,,,,,
AMD,AMD Phenom 9100e,Phenom 9100e,,,4,,,4,,,,1.8,,65,,,,AM2+,,,,,,,,
AMD,AMD Phenom 9150e,Phenom 9150e,,,4,,,4,,,,1.8,,65,,,,AM2+,,,,,,,,
AMD,AMD Phenom 9350e,Phenom 9350e,,,4,,,4,,,,2.0,,65,,,,AM2+,,,,,,,,
AMD,AMD Phenom 9450e,Phenom 9450e,,,4,,,4,,,,2.1,,65,,,,AM2+,,,,,,,,
AMD,AMD Phenom 9500,Phenom 9500,,,4,,,4,,,,2.2,,95,,,,AM2+,,,,,,,,
AMD,AMD Phenom 9550,Phenom 9550,,,4,,,4,,,,2.2,,95,,,,AM2+,,,,,,,,
AMD,AMD Phenom 9600,Phenom 9600,,,4,,,4,,,,2.3,,95,,,,AM2+,,,,,,,,
AMD,AMD Phenom 9600B,Phenom 9600B,,,4,,,4,,,,2.3,,95,,,,AM2+,,,,,,,,
AMD,AMD Phenom 9650,Phenom 9650,,,4,,,4,,,,2.3,,95,,,,AM2+,,,,,,,,
AMD,AMD Phenom 9750,Phenom 9750,,,4,,,4,,,,2.4,,125,,,,AM2+,,,,,,,,
AMD,AMD Phenom 9750B,Phenom 9750B,,,4,,,4,,,,2.4,,95,,,,AM2+,,,,,,,,
AMD,AMD Phenom 9850,Phenom 9850,,,4,,,4,,,,2.5,,125,,,,AM2+,,,,,,,,
AMD,AMD Phenom 9850B,Phenom 9850B,,,4,,,4,,,,2.5,,95,,,,,,,,,,,,
AMD,AMD Phenom 9950,Phenom 9950,,,4,,,4,,,,2.6,,125,,,,AM2+,,,,,,,,
AMD,AMD Phenom FX-5000,Phenom FX-5000,,,4,,,4,,,,2.2,,65,,,,AM2+,,,,,,,,
AMD,AMD Phenom FX-5200,Phenom FX-5200,,,4,,,4,,,,2.3,,65,,,,AM3,,,,,,,,
AMD,AMD Phenom FX-7750,Phenom FX-7750,,,4,,,4,,,,2.7,,95,,,,AM2+,,,,,,,,
AMD,AMD Phenom II 42 TWKR Black Edition,Phenom II 42 TWKR Black Edition,,,4,,,4,,,,2.0,,,,,,,,,,,,,,
AMD,AMD Phenom II N620,Phenom II N620,,,2,,,2,,,,2.8,,35,,,,S1,,,,,,,,
AMD,AMD Phenom II N640,Phenom II N640,,,2,,,2,,,,2.9,,35,,,,S1,,,,,,,,
AMD,AMD Phenom II N660,Phenom II N660,,,2,,,2,,,,3.0,,35,,,,S1,,,,,,,,
AMD,AMD Phenom II N830 3+1,Phenom II N830 3+1,,,4,,,4,,,,2.1,,35,,,,S1,,,,,,,,
AMD,AMD Phenom II N830 Triple-Core,Phenom II N830 Triple-,,,3,,,3,,,,2.8,,35,,,,S1,,,,,,,,
AMD,AMD Phenom II N850 Triple-Core,Phenom II N850 Triple-,,,3,,,3,,,,2.2,,35,,,,S1,,,,,,,,
AMD,AMD Phenom II N870 Triple-Core,Phenom II N870 Triple-,,,3,,,3,,,,2.3,,35,,,,S1,,,,,,,,
AMD,AMD Phenom II N930,Phenom II N930,,,4,,,4,,,,2.0,,35,,,,S1,,,,,,,,
AMD,AMD Phenom II N950,Phenom II N950,,,4,,,4,,,,2.1,,35,,,,S1,,,,,,,,
AMD,AMD Phenom II N970,Phenom II N970,,,4,,,4,,,,2.2,,35,,,,S1,,,,,,,,
AMD,AMD Phenom II P650,Phenom II P650,,,2,,,2,,,,2.6,,35,,,,S1,,,,,,,,
AMD,AMD Phenom II P820 Triple-Core,Phenom II P820 Triple-,,,3,,,3,,,,1.8,,25,,,,S1,,,,,,,,
AMD,AMD Phenom II P840 Triple-Core,Phenom II P840 Triple-,,,3,,,3,,,,1.9,,35,,,,S1,,,,,,,,
AMD,AMD Phenom II P860 Triple-Core,Phenom II P860 Triple-,,,3,,,3,,,,2.0,,35,,,,S1,,,,,,,,
AMD,AMD Phenom II P920,Phenom II P920,,,4,,,4,,,,1.6,,25,,,,S1,,,,,,,,
AMD,AMD Phenom II P940,Phenom II P940,,,4,,,4,,,,1.7,,35,,,,S1,,,,,,,,
AMD,AMD Phenom II P960,Phenom II P960,,,4,,,4,,,,1.8,,35,,,,S1,,,,,,,,
AMD,AMD Phenom II X2 511,Phenom II X2 511,,,2,,,2,,,,3.4,,65,,,,AM2+/AM3,,,,,,,,
AMD,AMD Phenom II X2 521,Phenom II X2 521,,,2,,,2,,,,3.5,,65,,,,AM2+/AM3,,,,,,,,
AMD,AMD Phenom II X2 555,Phenom II X2 555,,,2,,,2,,,,3.2,,80,,,,AM2+/AM3,,,,,,,,
AMD,AMD Phenom II X2 560,Phenom II X2 560,,,2,,,2,,,,3.3,,80,,,,AM2+/AM3,,,,,,,,
AMD,AMD Phenom II X2 565,Phenom II X2 565,,,2,,,2,,,,3.4,,80,,,,AM2+/AM3,,,,,,,,
AMD,AMD Phenom II X2 570,Phenom II X2 570,,,2,,,2,,,,3.5,,80,,,,AM3,,,,,,,,
AMD,AMD Phenom II X2 B53,Phenom II X2 B53,,,2,,,2,,,,2.8,,80,,,,AM3,,,,,,,,
AMD,AMD Phenom II X2 B55,Phenom II X2 B55,,,2,,,2,,,,3.0,,80,,,,AM3,,,,,,,,
AMD,AMD Phenom II X2 B57,Phenom II X2 B57,,,2,,,2,,,,3.2,,80,,,,,,,,,,,,
AMD,AMD Phenom II X3 700e,Phenom II X3 700e,,,3,,,3,,,,2.4,,65,,,,AM3,,,,,,,,
AMD,AMD Phenom II X3 715,Phenom II X3 715,,,3,,,3,,,,2.8,,95,,,,AM2+,,,,,,,,
AMD,AMD Phenom II X3 740,Phenom II X3 740,,,3,,,3,,,,3.0,,95,,,,,,,,,,,,
AMD,AMD Phenom II X3 B73,Phenom II X3 B73,,,3,,,3,,,,2.8,,95,,,,AM3,,,,,,,,
AMD,AMD Phenom II X3 B75,Phenom II X3 B75,,,3,,,3,,,,3.0,,95,,,,AM3,,,,,,,,
AMD,AMD Phenom II X3 B77,Phenom II X3 B77,,,3,,,3,,,,3.2,,95,,,,AM2+/AM3,,,,,,,,
AMD,AMD Phenom II X4 840T,Phenom II X4 840T,,,4,,,4,3.2,,,2.9,,95,,,,AM2+/AM3,,,,,,,,
AMD,AMD Phenom II X4 850,Phenom II X4 850,,,4,,,4,,,,3.3,,95,,,,AM2+/AM3,,,,,,,,
AMD,AMD Phenom II X4 8700e,Phenom II X4 8700e,,,4,,,4,,,,,,,,,,,,,,,,,,
AMD,AMD Phenom II X4 900e,Phenom II X4 900e,,,4,,,4,,,,2.4,,65,,,,AM3,,,,,,,,
AMD,AMD Phenom II X4 920,Phenom II X4 920,,,4,,,4,,,,2.8,,125,,,,AM2+,,,,,,,,
AMD,AMD Phenom II X4 940,Phenom II X4 940,,,4,,,4,,,,3.0,,125,,,,AM2+,,,,,,,,
AMD,AMD Phenom II X4 960T,Phenom II X4 960T,,,4,,,4,3.4,,,3.0,,95,,,,AM3,,,,,,,,
AMD,AMD Phenom II X4 973,Phenom II X4 973,,,4,,,4,,,,3.2,,,,,,,,,,,,,,
AMD,AMD Phenom II X4 977,Phenom II X4 977,,,4,,,4,,,,3.2,,95,,,,,,,,,,,,
AMD,AMD Phenom II X4 980,Phenom II X4 980,,,4,,,4,,,,3.7,,125,,,,AM3,,,,,,,,
AMD,AMD Phenom II X4 B05e,Phenom II X4 B05e,,,4,,,4,,,,2.3,,,,,,,,,,,,,,
AMD,AMD Phenom II X4 B15e,Phenom II X4 B15e,,,4,,,4,,,,2.5,,,,,,AM2+/AM3,,,,,,,,
AMD,AMD Phenom II X4 B25,Phenom II X4 B25,,,4,,,4,,,,2.7,,,,,,AM2+/AM3,,,,,,,,
AMD,AMD Phenom II X4 B35,Phenom II X4 B35,,,4,,,4,,,,2.9,,,,,,AM2+/AM3,,,,,,,,
AMD,AMD Phenom II X4 B40,Phenom II X4 B40,,,4,,,4,,,,3.0,,,,,,,,,,,,,,
AMD,AMD Phenom II X4 B45,Phenom II X4 B45,,,4,,,4,,,,3.1,,,,,,,,,,,,,,
AMD,AMD Phenom II X4 B50,Phenom II X4 B50,,,4,,,4,,,,3.2,,,,,,AM2+/AM3,,,,,,,,
AMD,AMD Phenom II X4 B55,Phenom II X4 B55,,,4,,,4,,,,3.3,,,,,,AM2+/AM3,,,,,,,,
AMD,AMD Phenom II X4 B60,Phenom II X4 B60,,,4,,,4,,,,3.3,,,,,,,,,,,,,,
AMD,AMD Phenom II X4 B65,Phenom II X4 B65,,,4,,,4,,,,3.4,,,,,,AM2+/AM3,,,,,,,,
AMD,AMD Phenom II X4 B70,Phenom II X4 B70,,,4,,,4,,,,3.5,,65,,,,AM2+ (938-pin),,,,,,,,
AMD,AMD Phenom II X4 B93,Phenom II X4 B93,,,4,,,4,,,,2.8,,95,,,,AM3,,,,,,,,
AMD,AMD Phenom II X4 B95,Phenom II X4 B95,,,4,,,4,,,,3.0,,95,,,,AM3,,,,,,,,
AMD,AMD Phenom II X4 B97,Phenom II X4 B97,,,4,,,4,,,,3.2,,95,,,,AM2+/AM3,,,,,,,,
AMD,AMD Phenom II X6 1045T,Phenom II X6 1045T,,,6,,,6,3.2,,,2.7,,95,,,,AM3,,,,,,,,
AMD,AMD Phenom II X6 1090T,Phenom II X6 1090T,,,6,,,6,3.6,,,3.2,,125,,,,AM3,,,,,,,,
AMD,AMD Phenom II X6 1100T,Phenom II X6 1100T,,,6,,,6,3.7,,,3.3,,125,,,,AM3,,,,,,,,
AMD,AMD Phenom II X6 1405T,Phenom II X6 1405T,,,6,,,6,,,,3.0,,95,,,,AM2+.AM3,,,,,,,,
AMD,AMD Phenom II X620,Phenom II X620,,,2,,,2,,,,3.1,,45,,,,S1,,,,,,,,
AMD,AMD Phenom II X640,Phenom II X640,,,2,,,2,,,,3.2,,45,,,,S1,,,,,,,,
AMD,AMD Phenom II X920,Phenom II X920,,,4,,,4,,,,2.8,,45,,,,S1,,,,,,,,
AMD,AMD Phenom II X940,Phenom II X940,,,4,,,4,,,,2.4,,45,,,,S1,,,,,,,,
AMD,AMD Phenom Ultra X4 24500,Phenom Ultra X4 24500,,,4,,,4,,,,,,,,,,,,,,,,,,
AMD,AMD Phenom X2 GE-4060,Phenom X2 GE-4060,,,2,,,2,,,,,,,,,,,,,,,,,,
AMD,AMD Phenom X2 GE-5060,Phenom X2 GE-5060,,,2,,,2,,,,,,,,,,,,,,,,,,
AMD,AMD Phenom X2 GE-5560,Phenom X2 GE-5560,,,2,,,2,,,,,,,,,,,,,,,,,,
AMD,AMD Phenom X2 GE-6060,Phenom X2 GE-6060,,,2,,,2,,,,,,,,,,,,,,,,,,
AMD,AMD Phenom X2 GE-7060,Phenom X2 GE-7060,,,2,,,2,,,,3.4,,,,,,,,,,,,,,
AMD,AMD Phenom X2 GP-5000,Phenom X2 GP-5000,,,2,,,2,,,,,,,,,,,,,,,,,,
AMD,AMD Phenom X2 GP-7730,Phenom X2 GP-7730,,,2,,,2,,,,2.7,,,,,,,,,,,,,,
AMD,AMD Phenom X3 8550,Phenom X3 8550,,,3,,,3,,,,2.2,,95,,,,AM2/AM2+,,,,,,,,
AMD,AMD Phenom X4 GP-9500,Phenom X4 GP-9500,,,4,,,4,,,,2.2,,95,,,,AM2+,,,,,,,,
AMD,AMD Phenom X4 GP-9530,Phenom X4 GP-9530,,,4,,,4,,,,2.2,,,,,,AM2+ (940-pin),,,,,,,,
AMD,AMD Phenom X4 GP-9600,Phenom X4 GP-9600,,,4,,,4,,,,2.3,,95,,,,AM2+,,,,,,,,
AMD,AMD Phenom X4 GP-9730,Phenom X4 GP-9730,,,4,,,4,,,,2.4,,,,,,AM2+ (940-pin),,,,,,,,
AMD,AMD Phenom X4 GP-9830,Phenom X4 GP-9830,,,4,,,4,,,,,,-1,,,,,,,,,,,,
AMD,AMD Phenom X4 GP-9930,Phenom X4 GP-9930,,,4,,,4,,,,,,-1,,,,,,,,,,,,
AMD,AMD Phenom X4 GS-5560,Phenom X4 GS-5560,,,4,,,4,,,,,,-1,,,,,,,,,,,,
AMD,AMD Phenom X4 GS-6560,Phenom X4 GS-6560,,,4,,,4,,,,,,,,,,,,,,,,,,
AMD,AMD PRO A10-8700B,PRO A10-8700B,,,4,,,,3.2,,,1.8,,15,,,,BGA (FP4),,,,,,,,
AMD,AMD PRO A10-8730B,PRO A10-8730B,,,4,,,,3.3,,,2.4,,15,,,,FP4,,,,,,,,
AMD,AMD PRO A10-8750B,PRO A10-8750B,,,4,,,,4.0,,,3.6,,65,,,,FM2+,,,,,,,,
AMD,AMD PRO A10-8770,PRO A10-8770,,,4,,,,3.8,,,3.5,,65,,,,AM4,,,,,,,,
AMD,AMD PRO A10-8770E,PRO A10-8770E,,,4,,,,3.5,,,2.8,,35,,,,AM4,,,,,,,,
AMD,AMD PRO A10-8850B,PRO A10-8850B,,,4,,,,4.1,,,3.9,,95,,,,FM2+,,,,,,,,
AMD,AMD PRO A10-9700,PRO A10-9700,,,4,,,,3.8,,,3.5,,65,,,,AM4,,,,,,,,
AMD,AMD PRO A10-9700B,PRO A10-9700B,,,4,,,,3.4,,,2.5,,15,,,,FP4,,,,,,,,
AMD,AMD PRO A10-9700E,PRO A10-9700E,,,4,,,,3.5,,,3.0,,35,,,,AM4,,,,,,,,
AMD,AMD PRO A12-8800B,PRO A12-8800B,,,4,,,,3.4,,,2.1,,15,,,,FP4,,,,,,,,
AMD,AMD PRO A12-8830B,PRO A12-8830B,,,4,,,,3.4,,,2.5,,15,,,,BGA (FP4),,,,,,,,
AMD,AMD PRO A12-8870,PRO A12-8870,,,4,,,,4.2,,,3.7,,65,,,,AM4,,,,,,,,
AMD,AMD PRO A12-8870E,PRO A12-8870E,,,4,,,,3.8,,,2.9,,35,,,,AM4,,,,,,,,
AMD,AMD PRO A12-9800,PRO A12-9800,,,4,,,,4.2,,,3.8,,65,,,,AM4,,,,,,,,
AMD,AMD PRO A12-9800B,PRO A12-9800B,,,4,,,,3.6,,,2.7,,15,,,,FP4,,,,,,,,
AMD,AMD PRO A12-9800E,PRO A12-9800E,,,4,,,,3.8,,,3.1,,35,,,,AM4,,,,,,,,
AMD,AMD PRO A4-3350B,PRO A4-3350B,,,4,,,4,2.4,,,2.0,,15,,,,FT3b,,,,,,,,
AMD,AMD PRO A4-4350B,PRO A4-4350B,,,2,,,,2.9,,,2.5,,15,,,,FT4,,,,,,,,
AMD,AMD PRO A4-8350B,PRO A4-8350B,,,2,,,,3.9,,,3.5,,65,,,,FM2+,,,,,,,,
AMD,AMD PRO A6-7350B,PRO A6-7350B,,,2,,,,3.6,,,3.0,,15,,,,FMA4,,,,,,,,
AMD,AMD PRO A6-8500B,PRO A6-8500B,,,2,,,,3.0,,,1.6,,15,,,,FP4,,,,,,,,
AMD,AMD PRO A6-8530B,PRO A6-8530B,,,2,,,,3.2,,,2.3,,15,,,,FP4,,,,,,,,
AMD,AMD PRO A6-8550B,PRO A6-8550B,,,2,,,,4.0,,,3.7,,65,,,,FM2+,,,,,,,,
AMD,AMD PRO A6-8570,PRO A6-8570,,,2,,,,3.8,,,3.5,,65,,,,AM4,,,,,,,,
AMD,AMD PRO A6-8570E,PRO A6-8570E,,,2,,,,3.4,,,3.0,,35,,,,,,,,,,,,
AMD,AMD PRO A6-9500,PRO A6-9500,,,2,,,,3.8,,,3.5,,65,,,,AM4,,,,,,,,
AMD,AMD PRO A6-9500B,PRO A6-9500B,,,2,,,,3.2,,,2.3,,15,,,,FP4,,,,,,,,
AMD,AMD PRO A6-9500E,PRO A6-9500E,,,2,,,,3.4,,,3.0,,35,,,,AM4,,,,,,,,
AMD,AMD PRO A8-8600B,PRO A8-8600B,,,4,,,,3.0,,,1.6,,15,,,,BGA (FP4),,,,,,,,
AMD,AMD PRO A8-8650B,PRO A8-8650B,,,4,,,,3.9,,,3.2,,65,,,,FM2+,,,,,,,,
AMD,AMD PRO A8-8670E,PRO A8-8670E,,,4,,,,3.3,,,2.8,,35,,,,AM4,,,,,,,,
AMD,AMD PRO A8-9600,PRO A8-9600,,,4,,,,3.4,,,3.1,,65,,,,AM4,,,,,,,,
AMD,AMD PRO A8-9600B,PRO A8-9600B,,,4,,,,3.3,,,2.4,,15,,,,FP4,,,,,,,,
AMD,AMD QC-4000,QC-4000,,,4,,,4,,,,1.3,,15,,,,FT3,,,,,,,,
AMD,AMD R-260H,R-260H,,,2,,,,2.6,,,2.1,,17,,,,BGA827 (FP2),,,,,,,,
AMD,AMD R-272F,R-272F,,,2,,,,3.2,,,2.7,,35,,,,FS1,,,,,,,,
AMD,AMD R-460L,R-460L,,,4,,,,2.8,,,2.0,,25,,,,BGA827 (FP2),,,,,,,,
AMD,AMD R-464L,R-464L,,,4,,,,3.2,,,2.3,,35,,,,FS1r2,,,,,,,,
AMD,AMD RX-225FB,RX-225FB,,,2,,,,3.0,,,2.2,,,,,,FP3,,,,,,,,
AMD,AMD RX-425BB,RX-425BB,,,4,,,,3.4,,,2.5,,35,,,,FP3,,,,,,,,
AMD,AMD RX-427BB,RX-427BB,,,4,,,,3.6,,,2.7,,35,,,,FP3,,,,,,,,
AMD,AMD Ryzen 3 1200,Ryzen 3 1200,,,4,,,4,3.4,,,3.1,,65,,,,AM4,,,,,,,,
AMD,AMD Ryzen 3 210,Ryzen 3 210,,,4,,,8,4.7,,,3.0,,28,,,,FP8,,,,,,,,
AMD,AMD Ryzen 3 2200GE,Ryzen 3 2200GE,,,4,,,4,3.6,,,3.2,,35,,,,AM4,,,,,,,,
AMD,AMD Ryzen 3 2200U,Ryzen 3 2200U,,,2,,,4,3.4,,,2.5,,15,,,,FP5,,,,,,,,
AMD,AMD Ryzen 3 2300U,Ryzen 3 2300U,,,4,,,4,3.4,,,2.0,,15,,,,FP5,,,,,,,,
AMD,AMD Ryzen 3 2300X,Ryzen 3 2300X,,,4,,,4,4.0,,,3.5,,65,,,,AM4,,,,,,,,
AMD,AMD Ryzen 3 30,Ryzen 3 30,,,4,,,8,4.1,,,2.4,,15,,,,FT6,,,,,,,,
AMD,AMD Ryzen 3 3200GE,Ryzen 3 3200GE,,,4,,,4,3.8,,,3.3,,35,,,,AM4,,,,,,,,
AMD,AMD Ryzen 3 3200U,Ryzen 3 3200U,,,2,,,4,3.5,,,2.6,,15,,,,FP5,,,,,,,,
AMD,AMD Ryzen 3 3250C,Ryzen 3 3250C,,,2,,,4,3.5,,,2.6,,15,,,,FP5,,,,,,,,
AMD,AMD Ryzen 3 3250U,Ryzen 3 3250U,,,2,,,4,3.5,,,2.6,,15,,,,FP5,,,,,,,,
AMD,AMD Ryzen 3 3300U,Ryzen 3 3300U,,,4,,,4,3.5,,,2.1,,15,,,,FP5,,,,,,,,
AMD,AMD Ryzen 3 3300X,Ryzen 3 3300X,,,4,,,8,4.3,,,3.8,,65,,,,AM4,,,,,,,,
AMD,AMD Ryzen 3 3350U,Ryzen 3 3350U,,,4,,,4,3.5,,,2.1,,15,,,,,,,,,,,,
AMD,AMD Ryzen 3 3500U,Ryzen 3 3500U,,,4,,,8,3.7,,,2.1,,15,,,,FP5,,,,,,,,
AMD,AMD Ryzen 3 4300G,Ryzen 3 4300G,,,4,,,8,4.0,,,3.8,,65,,,,AM4,,,,,,,,
AMD,AMD Ryzen 3 4300GE,Ryzen 3 4300GE,,,4,,,8,4.0,,,3.5,,35,,,,AM4,,,,,,,,
AMD,AMD Ryzen 3 4300U,Ryzen 3 4300U,,,4,,,4,3.7,,,2.7,,15,,,,FP6,,,,,,,,
AMD,AMD Ryzen 3 5300G,Ryzen 3 5300G,,,4,,,8,4.2,,,4.0,,65,,,,AM4,,,,,,,,
AMD,AMD Ryzen 3 5300GE,Ryzen 3 5300GE,,,4,,,8,4.2,,,3.6,,35,,,,AM4,,,,,,,,
AMD,AMD Ryzen 3 5300U,Ryzen 3 5300U,,,4,,,8,3.8,,,2.6,,15,,,,FP6,,,,,,,,
AMD,AMD Ryzen 3 5400U,Ryzen 3 5400U,,,4,,,8,4.0,,,2.6,,15,,,,FP6,,,,,,,,
AMD,AMD Ryzen 3 5425U,Ryzen 3 5425U,,,4,,,8,4.1,,,2.7,,15,,,,FP6,,,,,,,,
AMD,AMD Ryzen 3 7320C,Ryzen 3 7320C,,,4,,,8,4.1,,,2.4,,15,,,,FT6,,,,,,,,
AMD,AMD Ryzen 3 7320U,Ryzen 3 7320U,,,4,,,8,4.1,,,2.4,,15,,,,FP7,,,,,,,,
AMD,AMD Ryzen 3 7330U,Ryzen 3 7330U,,,4,,,8,4.3,,,2.3,,15,,,,FP6,,,,,,,,
AMD,AMD Ryzen 3 7335U,Ryzen 3 7335U,,,4,,,8,4.3,,,3.0,,28,,,,FP7,,,,,,,,
AMD,AMD Ryzen 3 7440U,Ryzen 3 7440U,,,4,,,8,4.7,,,3.0,,28,,,,FP7 FP7r2,,,,,,,,
AMD,AMD Ryzen 3 8300G,Ryzen 3 8300G,,,4,,,8,4.9,,,4.0,,65,,,,AM5,,,,,,,,
AMD,AMD Ryzen 3 8300GE,Ryzen 3 8300GE,,,4,,,8,4.9,,,3.5,,35,,,,,,,,,,,,
AMD,AMD Ryzen 3 8440U,Ryzen 3 8440U,,,4,,,8,4.7,,,3.0,,28,,,,FP7. FP7r2,,,,,,,,
AMD,AMD Ryzen 3 PRO 1200,Ryzen 3 PRO 1200,,,4,,,4,3.4,,,3.1,,65,,,,AM4,,,,,,,,
AMD,AMD Ryzen 3 PRO 1300,Ryzen 3 PRO 1300,,,4,,,4,3.7,,,3.5,,65,,,,AM4,,,,,,,,
AMD,AMD Ryzen 3 PRO 210,Ryzen 3 PRO 210,,,,,,,,,,,,28,,,,FP8,,,,,,,,
AMD,AMD Ryzen 3 PRO 2100GE,Ryzen 3 PRO 2100GE,,,2,,,4,,,,3.2,,35,,,,AM4,,,,,,,,
AMD,AMD Ryzen 3 PRO 2200G,Ryzen 3 PRO 2200G,,,4,,,4,3.7,,,3.5,,65,,,,AM4,,,,,,,,
AMD,AMD Ryzen 3 PRO 2200GE,Ryzen 3 PRO 2200GE,,,4,,,4,3.6,,,3.2,,35,,,,AM4,,,,,,,,
AMD,AMD Ryzen 3 PRO 2300U,Ryzen 3 PRO 2300U,,,4,,,4,3.4,,,2.0,,15,,,,FP5,,,,,,,,
AMD,AMD Ryzen 3 PRO 3200G,Ryzen 3 PRO 3200G,,,4,,,4,4.0,,,3.6,,65,,,,AM4,,,,,,,,
AMD,AMD Ryzen 3 PRO 3200GE,Ryzen 3 PRO 3200GE,,,4,,,4,,,,3.3,,35,,,,AM4,,,,,,,,
AMD,AMD Ryzen 3 PRO 3300U,Ryzen 3 PRO 3300U,,,4,,,4,3.5,,,2.1,,15,,,,FP5,,,,,,,,
AMD,AMD Ryzen 3 PRO 4200G,Ryzen 3 PRO 4200G,,,4,,,8,4.1,,,3.8,,65,,,,FP6,,,,,,,,
AMD,AMD Ryzen 3 PRO 4200GE,Ryzen 3 PRO 4200GE,,,4,,,8,3.5,,,1.7,,35,,,,,,,,,,,,
AMD,AMD Ryzen 3 PRO 4350G,Ryzen 3 PRO 4350G,,,4,,,8,4.0,,,3.8,,65,,,,AM4,,,,,,,,
AMD,AMD Ryzen 3 PRO 4350GE,Ryzen 3 PRO 4350GE,,,4,,,8,4.0,,,3.5,,35,,,,AM4,,,,,,,,
AMD,AMD Ryzen 3 PRO 4355GE,Ryzen 3 PRO 4355GE,,,4,,,8,4.0,,,3.5,,35,,,,AM4,,,,,,,,
AMD,AMD Ryzen 3 PRO 4450U,Ryzen 3 PRO 4450U,,,4,,,8,3.7,,,2.5,,15,,,,FP6,,,,,,,,
AMD,AMD Ryzen 3 PRO 5350G,Ryzen 3 PRO 5350G,,,4,,,8,4.2,,,4.0,,65,,,,AM4,,,,,,,,
AMD,AMD Ryzen 3 PRO 5350GE,Ryzen 3 PRO 5350GE,,,4,,,8,4.2,,,3.6,,35,,,,AM4,,,,,,,,
AMD,AMD Ryzen 3 PRO 5355G,Ryzen 3 PRO 5355G,,,4,,,8,4.2,,,4.0,,65,,,,AM4,,,,,,,,
AMD,AMD Ryzen 3 PRO 5355GE,Ryzen 3 PRO 5355GE,,,4,,,8,4.2,,,3.6,,35,,,,AM4,,,,,,,,
AMD,AMD Ryzen 3 PRO 5450U,Ryzen 3 PRO 5450U,,,4,,,8,4.0,,,2.6,,15,,,,FP6,,,,,,,,
AMD,AMD Ryzen 3 PRO 5475U,Ryzen 3 PRO 5475U,,,4,,,8,4.1,,,2.7,,15,,,,FP6,,,,,,,,
AMD,AMD Ryzen 3 PRO 7330U,Ryzen 3 PRO 7330U,,,4,,,8,4.3,,,2.3,,15,,,,FP6,,,,,,,,
AMD,AMD Ryzen 3 PRO 7335U,Ryzen 3 PRO 7335U,,,4,,,8,4.3,,,3.0,,30,,,,FP7r2,,,,,,,,
AMD,AMD Ryzen 3 PRO 8300G,Ryzen 3 PRO 8300G,,,4,,,8,4.9,,,3.6,,65,,,,AM5,,,,,,,,
AMD,AMD Ryzen 3 PRO 8300GE,Ryzen 3 PRO 8300GE,,,4,,,8,4.9,,,3.5,,35,,,,AM5,,,,,,,,
AMD,AMD Ryzen 5 150,Ryzen 5 150,,,6,,,12,4.6,,,3.3,,45,,,,FP7 . FP7r2,,,,,,,,
AMD,AMD Ryzen 5 1600,Ryzen 5 1600,,,6,,,12,3.6,,,3.2,,65,,,,AM4,,,,,,,,
AMD,AMD Ryzen 5 1600X,Ryzen 5 1600X,,,6,,,12,4.0,,,3.6,,95,,,,AM4,,,,,,,,
AMD,AMD Ryzen 5 220,Ryzen 5 220,,,6,,,12,4.9,,,3.2,,28,,,,FP8,,,,,,,,
AMD,AMD Ryzen 5 230,Ryzen 5 230,,,6,,,12,4.9,,,3.5,,28,,,,FP8,,,,,,,,
AMD,AMD Ryzen 5 240,Ryzen 5 240,,,6,,,12,5.0,,,4.3,,45,,,,FP8,,,,,,,,
AMD,AMD Ryzen 5 2400GE,Ryzen 5 2400GE,,,4,,,8,3.8,,,3.2,,35,,,,AM4,,,,,,,,
AMD,AMD Ryzen 5 2500U,Ryzen 5 2500U,,,4,,,8,3.6,,,2.0,,15,,,,FP5,,,,,,,,
AMD,AMD Ryzen 5 2500X,Ryzen 5 2500X,,,4,,,8,4.0,,,3.6,,65,,,,AM4,,,,,,,,
AMD,AMD Ryzen 5 2600E,Ryzen 5 2600E,,,6,,,12,4.0,,,3.1,,65,,,,AM4,,,,,,,,
AMD,AMD Ryzen 5 2600H,Ryzen 5 2600H,,,4,,,8,3.6,,,3.2,,45,,,,FP5,,,,,,,,
AMD,AMD Ryzen 5 3350G,Ryzen 5 3350G,,,4,,,8,4.0,,,3.6,,65,,,,AM4,,,,,,,,
AMD,AMD Ryzen 5 3350GE,Ryzen 5 3350GE,,,4,,,8,3.9,,,3.3,,35,,,,,,,,,,,,
AMD,AMD Ryzen 5 3400GE,Ryzen 5 3400GE,,,4,,,8,4.0,,,3.3,,35,,,,AM4,,,,,,,,
AMD,AMD Ryzen 5 3450U,Ryzen 5 3450U,,,4,,,8,3.5,,,2.1,,15,,,,FP5,,,,,,,,
AMD,AMD Ryzen 5 3500,Ryzen 5 3500,,,6,,,6,4.1,,,3.6,,65,,,,AM4,,,,,,,,
AMD,AMD Ryzen 5 3500C,Ryzen 5 3500C,,,4,,,8,3.7,,,2.1,,15,,,,FP5,,,,,,,,
AMD,AMD Ryzen 5 3500U,Ryzen 5 3500U,,,4,,,8,3.7,,,2.1,,15,,,,FP5,,,,,,,,
AMD,AMD Ryzen 5 3550H,Ryzen 5 3550H,,,4,,,8,3.7,,,2.1,,35,,,,FP5,,,,,,,,
AMD,AMD Ryzen 5 3550U,Ryzen 5 3550U,,,4,,,8,3.7,,,2.1,,15,,,,,,,,,,,,
AMD,AMD Ryzen 5 3580U,Ryzen 5 3580U,,,4,,,8,3.7,,,2.1,,15,,,,FP5,,,,,,,,
AMD,AMD Ryzen 5 3580U with Radeon Vega Mobile Gfx,Ryzen 5 3580U with Radeon Vega Mobile Gfx,,,4,,,8,3.8,,,2.2,,,,,,,,,,,,,,
AMD,AMD Ryzen 5 3600XT,Ryzen 5 3600XT,,,6,,,12,4.5,,,3.8,,95,,,,AM4,,,,,,,,
AMD,AMD Ryzen 5 40,Ryzen 5 40,,,4,,,8,4.3,,,2.8,,15,,,,FT6,,,,,,,,
AMD,AMD Ryzen 5 4400G,Ryzen 5 4400G,,,6,,,12,4.3,,,3.7,,65,,,,AM4,,,,,,,,
AMD,AMD Ryzen 5 4500U,Ryzen 5 4500U,,,6,,,6,4.0,,,2.3,,15,,,,FP6,,,,,,,,
AMD,AMD Ryzen 5 4600GE,Ryzen 5 4600GE,,,6,,,12,4.2,,,3.3,,35,,,,AM4,,,,,,,,
AMD,AMD Ryzen 5 4600H,Ryzen 5 4600H,,,6,,,12,4.0,,,3.0,,45,,,,FP6,,,,,,,,
AMD,AMD Ryzen 5 4600HS,Ryzen 5 4600HS,,,6,,,12,4.0,,,3.0,,35,,,,FP6,,,,,,,,
AMD,AMD Ryzen 5 4600U,Ryzen 5 4600U,,,6,,,12,4.0,,,2.1,,15,,,,FP6,,,,,,,,
AMD,AMD Ryzen 5 5500H,Ryzen 5 5500H,,,4,,,8,4.2,,,3.3,,45,,,,FP6,,,,,,,,
AMD,AMD Ryzen 5 5500U,Ryzen 5 5500U,,,6,,,12,4.0,,,2.1,,15,,,,FP6,,,,,,,,
AMD,AMD Ryzen 5 5560U,Ryzen 5 5560U,,,6,,,12,4.0,,,2.3,,15,,,,AM4,,,,,,,,
AMD,AMD Ryzen 5 5600GE,Ryzen 5 5600GE,,,6,,,12,4.4,,,3.4,,35,,,,AM4,,,,,,,,
AMD,AMD Ryzen 5 5600H,Ryzen 5 5600H,,,6,,,12,4.2,,,3.3,,45,,,,FP6,,,,,,,,
AMD,AMD Ryzen 5 5600U,Ryzen 5 5600U,,,6,,,12,4.2,,,2.3,,15,,,,FP6,,,,,,,,
AMD,AMD Ryzen 5 5625U,Ryzen 5 5625U,,,6,,,12,4.3,,,2.3,,15,,,,FP6,,,,,,,,
AMD,AMD Ryzen 5 6600H,Ryzen 5 6600H,,,6,,,12,4.5,,,3.3,,45,,,,FP7,,,,,,,,
AMD,AMD Ryzen 5 6600HS Creator Edition,Ryzen 5 6600HS Creator Edition,,,6,,,12,4.5,,,3.3,,35,,,,FP7,,,,,,,,
AMD,AMD Ryzen 5 6600U,Ryzen 5 6600U,,,6,,,12,4.5,,,2.9,,25,,,,FP7,,,,,,,,
AMD,AMD Ryzen 5 7235HS,Ryzen 5 7235HS,,,4,,,8,4.2,,,3.2,,45,,,,FP7r2,,,,,,,,
AMD,AMD Ryzen 5 7400F,Ryzen 5 7400F,,,6,,,12,4.7,,,3.7,,65,,,,AM5 (LGA 1718),,,,,,,,
AMD,AMD Ryzen 5 7430U,Ryzen 5 7430U,,,6,,,12,4.3,,,2.3,,15,,,,AM4,,,,,,,,
AMD,AMD Ryzen 5 7520C,Ryzen 5 7520C,,,8,,,8,,,,,,,,,,,,,,,,,,
AMD,AMD Ryzen 5 7520U,Ryzen 5 7520U,,,4,,,8,4.3,,,2.8,,15,,,,FP6,,,,,,,,
AMD,AMD Ryzen 5 7530U,Ryzen 5 7530U,,,6,,,12,4.5,,,2.0,,15,,,,FP6,,,,,,,,
AMD,AMD Ryzen 5 7533HS,Ryzen 5 7533HS,,,6,,,12,4.4,,,3.3,,54,,,,FP7,,,,,,,,
AMD,AMD Ryzen 5 7535H,Ryzen 5 7535H,,,6,,,12,4.6,,,3.3,,35,,,,FP7,,,,,,,,
AMD,AMD Ryzen 5 7535HS,Ryzen 5 7535HS,,,6,,,12,4.6,,,3.3,,35,,,,FP7,,,,,,,,
AMD,AMD Ryzen 5 7535U,Ryzen 5 7535U,,,6,,,12,4.6,,,2.9,,28,,,,FP7,,,,,,,,
AMD,AMD Ryzen 5 7540U,Ryzen 5 7540U,,,6,,,12,4.9,,,3.2,,28,,,,FP7 FP7r2,,,,,,,,
AMD,AMD Ryzen 5 7545U,Ryzen 5 7545U,,,6,,,12,4.9,,,3.2,,28,,,,FP7. FP7r2,,,,,,,,
AMD,AMD Ryzen 5 7640HS,Ryzen 5 7640HS,,,6,,,12,5.0,,,4.3,,54,,,,FP7 FP7r2 FP8,,,,,,,,
AMD,AMD Ryzen 5 7640S,Ryzen 5 7640S,,,6,,,12,4.9,,,3.5,,18,,,,FP8,,,,,,,,
AMD,AMD Ryzen 5 7640U,Ryzen 5 7640U,,,6,,,12,4.9,,,3.5,,28,,,,FP7 FP7r2 FP8,,,,,,,,
AMD,AMD Ryzen 5 7645HX,Ryzen 5 7645HX,,,6,,,12,5.0,,,4.0,,55,,,,AM5 (LGA 1718),,,,,,,,
AMD,AMD Ryzen 5 8500GE,Ryzen 5 8500GE,,,6,,,12,5.0,,,3.4,,35,,,,AM5,,,,,,,,
AMD,AMD Ryzen 5 8540U,Ryzen 5 8540U,,,6,,,12,4.9,,,3.2,,28,,,,FP7 FP7r2,,,,,,,,
AMD,AMD Ryzen 5 8640HS,Ryzen 5 8640HS,,,6,,,12,4.9,,,3.5,,28,,,,FP7 . FP7r2 . FP,,,,,,,,
AMD,AMD Ryzen 5 8640U,Ryzen 5 8640U,,,6,,,12,4.9,,,3.5,,28,,,,FP7 FP7r2 FP8,,,,,,,,
AMD,AMD Ryzen 5 8645HS,Ryzen 5 8645HS,,,6,,,12,5.0,,,4.3,,45,,,,FP7 . FP7r2 . FP,,,,,,,,
AMD,AMD Ryzen 5 9500F,Ryzen 5 9500F,,,6,,,12,5.0,,,3.8,,65,,,,AM5,,,,,,,,
AMD,AMD Ryzen 5 Microsoft Surface Edition,Ryzen 5 Microsoft Surface Edition,,,4,,,8,3.7,,,2.1,,15,,,,FP5,,,,,,,,
AMD,AMD Ryzen 5 PRO 1500,Ryzen 5 PRO 1500,,,4,,,8,3.7,,,3.5,,65,,,,AM4,,,,,,,,
AMD,AMD Ryzen 5 PRO 1600,Ryzen 5 PRO 1600,,,6,,,12,3.6,,,3.2,,65,,,,AM4,,,,,,,,
AMD,AMD Ryzen 5 PRO 215,Ryzen 5 PRO 215,,,6,,,12,4.7,,,3.2,,28,,,,FP8,,,,,,,,
AMD,AMD Ryzen 5 PRO 220,Ryzen 5 PRO 220,,,6,,,12,4.9,,,3.2,,28,,,,FP8,,,,,,,,
AMD,AMD Ryzen 5 PRO 230,Ryzen 5 PRO 230,,,6,,,12,4.9,,,3.5,,28,,,,FP8,,,,,,,,
AMD,AMD Ryzen 5 PRO 2400G,Ryzen 5 PRO 2400G,,,4,,,8,3.9,,,3.6,,65,,,,AM4,,,,,,,,
AMD,AMD Ryzen 5 PRO 2400GE,Ryzen 5 PRO 2400GE,,,4,,,8,3.8,,,3.2,,35,,,,AM4,,,,,,,,
AMD,AMD Ryzen 5 PRO 2500U,Ryzen 5 PRO 2500U,,,4,,,8,3.6,,,2.0,,15,,,,FP5,,,,,,,,
AMD,AMD Ryzen 5 PRO 2600,Ryzen 5 PRO 2600,,,6,,,12,3.9,,,3.4,,65,,,,AM4,,,,,,,,
AMD,AMD Ryzen 5 PRO 3350G,Ryzen 5 PRO 3350G,,,4,,,8,4.0,,,3.6,,65,,,,AM4,,,,,,,,
AMD,AMD Ryzen 5 PRO 3350GE,Ryzen 5 PRO 3350GE,,,4,,,4,3.9,,,3.3,,35,,,,,,,,,,,,
AMD,AMD Ryzen 5 PRO 3400G,Ryzen 5 PRO 3400G,,,4,,,8,4.2,,,3.7,,65,,,,AM4,,,,,,,,
AMD,AMD Ryzen 5 PRO 3400GE,Ryzen 5 PRO 3400GE,,,4,,,8,4.0,,,3.3,,35,,,,AM4,,,,,,,,
AMD,AMD Ryzen 5 PRO 3500U,Ryzen 5 PRO 3500U,,,4,,,8,3.7,,,2.1,,15,,,,FP5,,,,,,,,
AMD,AMD Ryzen 5 PRO 3600,Ryzen 5 PRO 3600,,,6,,,12,,,,3.6,,65,,,,AM4,,,,,,,,
AMD,AMD Ryzen 5 PRO 4400G,Ryzen 5 PRO 4400G,,,6,,,12,4.3,,,3.7,,,,,,,,,,,,,,
AMD,AMD Ryzen 5 PRO 4400GE,Ryzen 5 PRO 4400GE,,,6,,,12,4.2,,,3.3,,35,,,,,,,,,,,,
AMD,AMD Ryzen 5 PRO 4500U,Ryzen 5 PRO 4500U,,,6,,,12,4.0,,,2.3,,15,,,,FP6,,,,,,,,
AMD,AMD Ryzen 5 PRO 4650G,Ryzen 5 PRO 4650G,,,6,,,12,4.2,,,3.7,,65,,,,AM4,,,,,,,,
AMD,AMD Ryzen 5 PRO 4650GE,Ryzen 5 PRO 4650GE,,,6,,,12,4.2,,,3.3,,35,,,,AM4,,,,,,,,
AMD,AMD Ryzen 5 PRO 4650U,Ryzen 5 PRO 4650U,,,6,,,12,4.0,,,2.1,,15,,,,FP6,,,,,,,,
AMD,AMD Ryzen 5 PRO 4655G,Ryzen 5 PRO 4655G,,,6,,,12,4.2,,,3.7,,65,,,,AM4,,,,,,,,
AMD,AMD Ryzen 5 PRO 4655GE,Ryzen 5 PRO 4655GE,,,6,,,12,4.2,,,3.3,,35,,,,AM4,,,,,,,,
AMD,AMD Ryzen 5 PRO 5645,Ryzen 5 PRO 5645,,,6,,,12,4.6,,,3.7,,,,,,AM4,,,,,,,,
AMD,AMD Ryzen 5 PRO 5650G,Ryzen 5 PRO 5650G,,,6,,,12,4.4,,,3.9,,65,,,,AM4,,,,,,,,
AMD,AMD Ryzen 5 PRO 5650GE,Ryzen 5 PRO 5650GE,,,6,,,12,4.4,,,3.4,,35,,,,AM4,,,,,,,,
AMD,AMD Ryzen 5 PRO 5650U,Ryzen 5 PRO 5650U,,,6,,,12,4.2,,,2.3,,15,,,,FP6,,,,,,,,
AMD,AMD Ryzen 5 PRO 5655G,Ryzen 5 PRO 5655G,,,6,,,12,4.4,,,3.9,,65,,,,AM4,,,,,,,,
AMD,AMD Ryzen 5 PRO 5655GE,Ryzen 5 PRO 5655GE,,,6,,,12,4.4,,,3.4,,35,,,,AM4,,,,,,,,
AMD,AMD Ryzen 5 PRO 5675U,Ryzen 5 PRO 5675U,,,6,,,12,4.3,,,2.3,,15,,,,FP6,,,,,,,,
AMD,AMD Ryzen 5 PRO 6650H,Ryzen 5 PRO 6650H,,,6,,,12,4.5,,,3.3,,45,,,,FP7,,,,,,,,
AMD,AMD Ryzen 5 PRO 6650U,Ryzen 5 PRO 6650U,,,6,,,12,4.5,,,2.9,,28,,,,FP7,,,,,,,,
AMD,AMD Ryzen 5 PRO 7530U,Ryzen 5 PRO 7530U,,,6,,,12,4.5,,,2.0,,15,,,,FP6,,,,,,,,
AMD,AMD Ryzen 5 Pro 7535U,Ryzen 5 Pro 7535U,,,6,,,12,4.6,,,2.9,,28,,,,FP7,,,,,,,,
AMD,AMD Ryzen 5 PRO 7540U,Ryzen 5 PRO 7540U,,,6,,,12,4.9,,,3.2,,30,,,,FP7 FP7r2,,,,,,,,
AMD,AMD Ryzen 5 PRO 7545U,Ryzen 5 PRO 7545U,,,6,,,12,4.9,,,3.7,,,,,,FP7 FP7r2,,,,,,,,
AMD,AMD Ryzen 5 PRO 7640HS,Ryzen 5 PRO 7640HS,,,6,,,12,5.0,,,4.3,,54,,,,FP7 FP7r2,,,,,,,,
AMD,AMD Ryzen 5 PRO 7640U,Ryzen 5 PRO 7640U,,,6,,,12,4.9,,,3.5,,28,,,,FP7 FP7r2 FP8,,,,,,,,
AMD,AMD Ryzen 5 PRO 8500G,Ryzen 5 PRO 8500G,,,6,,,12,5.0,,,3.5,,65,,,,AM5,,,,,,,,
AMD,AMD Ryzen 5 PRO 8500GE,Ryzen 5 PRO 8500GE,,,6,,,12,5.0,,,3.4,,35,,,,AM5,,,,,,,,
AMD,AMD Ryzen 5 PRO 8540U,Ryzen 5 PRO 8540U,,,6,,,12,3.2,,,4.9,,28,,,,FP7 FP7r2,,,,,,,,
AMD,AMD Ryzen 5 PRO 8600G,Ryzen 5 PRO 8600G,,,6,,,12,5.0,,,4.3,,65,,,,AM5,,,,,,,,
AMD,AMD Ryzen 5 PRO 8600GE,Ryzen 5 PRO 8600GE,,,6,,,12,5.0,,,3.9,,35,,,,AM5,,,,,,,,
AMD,AMD Ryzen 5 PRO 8640HS,Ryzen 5 PRO 8640HS,,,6,,,12,4.9,,,3.5,,28,,,,FP7 FP7r2,,,,,,,,
AMD,AMD Ryzen 5 PRO 8640U,Ryzen 5 PRO 8640U,,,6,,,12,4.9,,,3.5,,28,,,,FP7 FP7r2,,,,,,,,
AMD,AMD Ryzen 5 PRO 8645HS,Ryzen 5 PRO 8645HS,,,6,,,12,5.0,,,4.3,,45,,,,FP7. FP7r2,,,,,,,,
AMD,AMD Ryzen 7 170,Ryzen 7 170,,,8,,,16,4.8,,,3.2,,45,,,,FP7r2,,,,,,,,
AMD,AMD Ryzen 7 1700,Ryzen 7 1700,,,8,,,16,3.7,,,3.0,,65,,,,AM4,,,,,,,,
AMD,AMD Ryzen 7 250,Ryzen 7 250,,,8,,,16,5.1,,,3.3,,28,,,,FP8,,,,,,,,
AMD,AMD Ryzen 7 255,Ryzen 7 255,,,8,,,16,5.1,,,3.3,,28,,,,,,,,,,,,
AMD,AMD Ryzen 7 260,Ryzen 7 260,,,8,,,16,5.1,,,3.8,,45,,,,,,,,,,,,
AMD,AMD Ryzen 7 2700E,Ryzen 7 2700E,,,8,,,16,4.0,,,2.8,,45,,,,AM4,,,,,,,,
AMD,AMD Ryzen 7 2700U,Ryzen 7 2700U,,,4,,,8,3.8,,,2.2,,15,,,,FP5,,,,,,,,
AMD,AMD Ryzen 7 2800H,Ryzen 7 2800H,,,4,,,8,3.8,,,3.3,,45,,,,FP5,,,,,,,,
AMD,AMD Ryzen 7 3700C,Ryzen 7 3700C,,,4,,,8,4.0,,,2.3,,15,,,,FP5,,,,,,,,
AMD,AMD Ryzen 7 3700U,Ryzen 7 3700U,,,4,,,8,4.0,,,2.3,,15,,,,FP5,,,,,,,,
AMD,AMD Ryzen 7 3750H,Ryzen 7 3750H,,,4,,,8,4.0,,,2.3,,35,,,,FP5,,,,,,,,
AMD,AMD Ryzen 7 3780U,Ryzen 7 3780U,,,4,,,8,4.0,,,2.3,,15,,,,FP5,,,,,,,,
AMD,AMD Ryzen 7 3800XT,Ryzen 7 3800XT,,,8,,,16,4.7,,,3.9,,105,,,,AM4,,,,,,,,
AMD,AMD Ryzen 7 4700G,Ryzen 7 4700G,,,8,,,16,4.4,,,3.6,,65,,,,AM4,,,,,,,,
AMD,AMD Ryzen 7 4700GE,Ryzen 7 4700GE,,,8,,,16,4.3,,,3.1,,35,,,,AM4,,,,,,,,
AMD,AMD Ryzen 7 4700U,Ryzen 7 4700U,,,8,,,8,4.1,,,2.0,,15,,,,FP6,,,,,,,,
AMD,AMD Ryzen 7 4800H,Ryzen 7 4800H,,,8,,,16,4.2,,,2.9,,45,,,,FP6,,,,,,,,
AMD,AMD Ryzen 7 4800HS,Ryzen 7 4800HS,,,8,,,16,4.2,,,2.9,,45,,,,FP6,,,,,,,,
AMD,AMD Ryzen 7 4800U,Ryzen 7 4800U,,,8,,,16,4.2,,,1.8,,15,,,,FP6,,,,,,,,
AMD,AMD Ryzen 7 4850U Mobile,Ryzen 7 4850U Mobile,,,8,,,16,4.1,,,1.7,,15,,,,FP6,,,,,,,,
AMD,AMD Ryzen 7 4980U Microsoft Surface Edition,Ryzen 7 4980U Microsoft Surface Edition,,,8,,,16,4.4,,,2.0,,15,,,,FP6,,,,,,,,
AMD,AMD Ryzen 7 5700GE,Ryzen 7 5700GE,,,8,,,16,4.6,,,3.2,,35,,,,AM4,,,,,,,,
AMD,AMD Ryzen 7 5700U,Ryzen 7 5700U,,,8,,,16,4.3,,,1.8,,15,,,,FP6,,,,,,,,
AMD,AMD Ryzen 7 5800,Ryzen 7 5800,,,8,,,16,4.6,,,3.4,,65,,,,AM4,,,,,,,,
AMD,AMD Ryzen 7 5800H,Ryzen 7 5800H,,,8,,,16,4.4,,,3.2,,45,,,,FP6,,,,,,,,
AMD,AMD Ryzen 7 5800HS,Ryzen 7 5800HS,,,8,,,16,4.4,,,2.8,,35,,,,FP6,,,,,,,,
AMD,AMD Ryzen 7 5800HS Creator Edition,Ryzen 7 5800HS Creator Edition,,,8,,,16,4.4,,,3.2,,,,,,,,,,,,,,
AMD,AMD Ryzen 7 5800U,Ryzen 7 5800U,,,8,,,16,4.4,,,1.9,,15,,,,FP6,,,,,,,,
AMD,AMD Ryzen 7 5825C,Ryzen 7 5825C,,,8,,,16,4.5,,,2.0,,15,,,,FP6,,,,,,,,
AMD,AMD Ryzen 7 5825U,Ryzen 7 5825U,,,8,,,16,4.5,,,2.0,,15,,,,FP6,,,,,,,,
AMD,AMD Ryzen 7 6800H,Ryzen 7 6800H,,,8,,,16,4.7,,,3.2,,45,,,,FP7,,,,,,,,
AMD,AMD Ryzen 7 6800HS,Ryzen 7 6800HS,,,8,,,16,4.7,,,3.2,,35,,,,FP7,,,,,,,,
AMD,AMD Ryzen 7 6800HS Creator Edition,Ryzen 7 6800HS Creator Edition,,,8,,,16,4.7,,,3.2,,35,,,,FP7,,,,,,,,
AMD,AMD Ryzen 7 6800U,Ryzen 7 6800U,,,8,,,16,4.7,,,2.7,,28,,,,,,,,,,,,
AMD,AMD Ryzen 7 6810U,Ryzen 7 6810U,,,8,,,16,3.7,,,2.7,,15,,,,FP7,,,,,,,,
AMD,AMD Ryzen 7 7435H,Ryzen 7 7435H,,,8,,,16,4.5,,,3.1,,45,,,,FP7r2,,,,,,,,
AMD,AMD Ryzen 7 7435HS,Ryzen 7 7435HS,,,8,,,16,4.5,,,3.1,,45,,,,FP7r2,,,,,,,,
AMD,AMD Ryzen 7 7445HS,Ryzen 7 7445HS,,,6,,,12,4.7,,,3.6,,35,,,,,,,,,,,,
AMD,AMD Ryzen 7 7700G,Ryzen 7 7700G,,,8,,,16,,,,,,,,,,AM5,,,,,,,,
AMD,AMD Ryzen 7 7730U,Ryzen 7 7730U,,,8,,,16,4.5,,,2.0,,15,,,,FP6,,,,,,,,
AMD,AMD Ryzen 7 7735H,Ryzen 7 7735H,,,8,,,16,4.8,,,3.2,,54,,,,FP7,,,,,,,,
AMD,AMD Ryzen 7 7735HS,Ryzen 7 7735HS,,,8,,,16,4.8,,,3.2,,54,,,,FP7,,,,,,,,
AMD,AMD Ryzen 7 7735U,Ryzen 7 7735U,,,8,,,16,4.8,,,2.7,,28,,,,FP7,,,,,,,,
AMD,AMD Ryzen 7 7736U,Ryzen 7 7736U,,,8,,,16,4.7,,,2.7,,28,,,,FP7,,,,,,,,
AMD,AMD Ryzen 7 7745HX,Ryzen 7 7745HX,,,8,,,16,5.1,,,3.6,,55,,,,AM5 (LGA 1718),,,,,,,,
AMD,AMD Ryzen 7 7840H,Ryzen 7 7840H,,,8,,,16,5.1,,,3.8,,54,,,,FP7 FP7r2 FP8,,,,,,,,
AMD,AMD Ryzen 7 7840HS,Ryzen 7 7840HS,,,8,,,16,5.1,,,3.8,,54,,,,FP7 FP7r2 FP8,,,,,,,,
AMD,AMD Ryzen 7 7840HX,Ryzen 7 7840HX,,,12,,,24,5.1,,,2.9,,55,,,,FL1,,,,,,,,
AMD,AMD Ryzen 7 7840S,Ryzen 7 7840S,,,8,,,16,5.1,,,3.8,,54,,,,FP7 FP7r2 FP8,,,,,,,,
AMD,AMD Ryzen 7 7840U,Ryzen 7 7840U,,,8,,,16,5.1,,,3.3,,30,,,,,,,,,,,,
AMD,AMD Ryzen 7 8745H,Ryzen 7 8745H,,,8,,,16,4.9,,,3.8,,45,,,,,,,,,,,,
AMD,AMD Ryzen 7 8745HS,Ryzen 7 8745HS,,,8,,,16,5.1,,,3.8,,45,,,,FP7 FP7r2 FP8,,,,,,,,
AMD,AMD Ryzen 7 8745HX,Ryzen 7 8745HX,,,8,,,16,5.1,,,3.6,,55,,,,FL1,,,,,,,,
AMD,AMD Ryzen 7 8840HS,Ryzen 7 8840HS,,,8,,,16,5.1,,,3.3,,28,,,,FP7 FP7r2 FP8,,,,,,,,
AMD,AMD Ryzen 7 8840HX,Ryzen 7 8840HX,,,12,,,24,5.1,,,2.9,,55,,,,FL1,,,,,,,,
AMD,AMD Ryzen 7 8840U,Ryzen 7 8840U,,,8,,,16,5.1,,,3.3,,28,,,,FP7 FP7r2 FP8,,,,,,,,
AMD,AMD Ryzen 7 8845H,Ryzen 7 8845H,,,8,,,16,5.1,,,3.8,,45,,,,FP7 FP7r2 FP8,,,,,,,,
AMD,AMD Ryzen 7 8845HS,Ryzen 7 8845HS,,,8,,,16,5.1,,,3.8,,45,,,,FP7 FP7r2 FP8,,,,,,,,
AMD,AMD Ryzen 7 9700F,Ryzen 7 9700F,,,8,,,16,5.5,,,3.8,,65,,,,AM5,,,,,,,,
AMD,AMD Ryzen 7 Extreme Edition,Ryzen 7 Extreme Edition,,,8,,,16,4.2,,,1.8,,,,,,FP6,,,,,,,,
AMD,AMD Ryzen 7 H 250,Ryzen 7 H 250,,,8,,,16,5.1,,,3.6,,45,,,,FP8,,,,,,,,
AMD,AMD Ryzen 7 H 255,Ryzen 7 H 255,,,8,,,16,4.9,,,3.8,,45,,,,FP8,,,,,,,,
AMD,AMD Ryzen 7 H 260,Ryzen 7 H 260,,,8,,,16,,,,,,,,,,FP8,,,,,,,,
AMD,AMD Ryzen 7 PRO 1700,Ryzen 7 PRO 1700,,,8,,,16,3.7,,,3.0,,65,,,,AM4,,,,,,,,
AMD,AMD Ryzen 7 PRO 1700X,Ryzen 7 PRO 1700X,,,8,,,16,3.8,,,3.4,,95,,,,AM4,,,,,,,,
AMD,AMD Ryzen 7 PRO 250,Ryzen 7 PRO 250,,,8,,,16,5.1,,,3.3,,28,,,,FP8,,,,,,,,
AMD,AMD Ryzen 7 PRO 2700,Ryzen 7 PRO 2700,,,8,,,16,4.1,,,3.2,,65,,,,AM4,,,,,,,,
AMD,AMD Ryzen 7 PRO 2700U,Ryzen 7 PRO 2700U,,,4,,,8,3.8,,,2.2,,15,,,,FP5,,,,,,,,
AMD,AMD Ryzen 7 PRO 2700X,Ryzen 7 PRO 2700X,,,8,,,16,4.3,,,3.7,,105,,,,AM4,,,,,,,,
AMD,AMD Ryzen 7 PRO 3700,Ryzen 7 PRO 3700,,,8,,,16,4.4,,,3.6,,65,,,,AM4,,,,,,,,
AMD,AMD Ryzen 7 PRO 3700U,Ryzen 7 PRO 3700U,,,4,,,8,4.0,,,2.3,,15,,,,FP5,,,,,,,,
AMD,AMD Ryzen 7 PRO 4700G,Ryzen 7 PRO 4700G,,,8,,,16,4.4,,,3.6,,65,,,,AM4,,,,,,,,
AMD,AMD Ryzen 7 PRO 4750G,Ryzen 7 PRO 4750G,,,8,,,16,4.4,,,3.6,,65,,,,AM4,,,,,,,,
AMD,AMD Ryzen 7 PRO 4750GE,Ryzen 7 PRO 4750GE,,,8,,,16,4.3,,,3.1,,35,,,,AM4,,,,,,,,
AMD,AMD Ryzen 7 PRO 4750U,Ryzen 7 PRO 4750U,,,8,,,16,4.1,,,1.7,,15,,,,FP6,,,,,,,,
AMD,AMD Ryzen 7 PRO 5750G,Ryzen 7 PRO 5750G,,,8,,,16,4.6,,,3.8,,65,,,,AM4,,,,,,,,
AMD,AMD Ryzen 7 PRO 5750GE,Ryzen 7 PRO 5750GE,,,8,,,16,4.6,,,3.2,,35,,,,AM4,,,,,,,,
AMD,AMD Ryzen 7 PRO 5755G,Ryzen 7 PRO 5755G,,,8,,,16,4.6,,,3.8,,65,,,,AM4,,,,,,,,
AMD,AMD Ryzen 7 PRO 5755GE,Ryzen 7 PRO 5755GE,,,8,,,16,4.6,,,3.2,,35,,,,AM4,,,,,,,,
AMD,AMD Ryzen 7 PRO 5800H,Ryzen 7 PRO 5800H,,,8,,,16,4.4,,,3.2,,,,,,AM4,,,,,,,,
AMD,AMD Ryzen 7 PRO 5845,Ryzen 7 PRO 5845,,,8,,,16,4.6,,,3.4,,65,,,,AM4,,,,,,,,
AMD,AMD Ryzen 7 PRO 5850U,Ryzen 7 PRO 5850U,,,8,,,16,4.4,,,1.9,,15,,,,FP6,,,,,,,,
AMD,AMD Ryzen 7 PRO 5875U,Ryzen 7 PRO 5875U,,,8,,,16,4.5,,,2.0,,15,,,,FP6,,,,,,,,
AMD,AMD Ryzen 7 PRO 6850H,Ryzen 7 PRO 6850H,,,8,,,16,4.7,,,3.2,,45,,,,FP7,,,,,,,,
AMD,AMD Ryzen 7 PRO 6850HS,Ryzen 7 PRO 6850HS,,,8,,,16,4.7,,,3.2,,35,,,,FP7,,,,,,,,
AMD,AMD Ryzen 7 PRO 6850U,Ryzen 7 PRO 6850U,,,8,,,16,4.7,,,2.7,,28,,,,FP7,,,,,,,,
AMD,AMD Ryzen 7 PRO 6860Z,Ryzen 7 PRO 6860Z,,,8,,,16,4.8,,,2.7,,28,,,,,,,,,,,,
AMD,AMD Ryzen 7 PRO 7730U,Ryzen 7 PRO 7730U,,,8,,,16,4.5,,,2.0,,15,,,,,,,,,,,,
AMD,AMD Ryzen 7 Pro 7735U,Ryzen 7 Pro 7735U,,,8,,,16,4.8,,,2.7,,28,,,,FP7,,,,,,,,
AMD,AMD Ryzen 7 PRO 7840HS,Ryzen 7 PRO 7840HS,,,8,,,16,5.1,,,3.8,,54,,,,FP7 FP7r2 FP8,,,,,,,,
AMD,AMD Ryzen 7 PRO 7840U,Ryzen 7 PRO 7840U,,,8,,,16,5.1,,,3.3,,30,,,,,,,,,,,,
AMD,AMD Ryzen 7 PRO 8700G,Ryzen 7 PRO 8700G,,,8,,,16,5.1,,,4.2,,65,,,,AM5,,,,,,,,
AMD,AMD Ryzen 7 PRO 8700GE,Ryzen 7 PRO 8700GE,,,8,,,16,5.1,,,3.6,,35,,,,AM5,,,,,,,,
AMD,AMD Ryzen 7 PRO 8840H,Ryzen 7 PRO 8840H,,,8,,,16,5.1,,,3.3,,,,,,FP8,,,,,,,,
AMD,AMD Ryzen 7 PRO 8840HS,Ryzen 7 PRO 8840HS,,,8,,,16,5.1,,,3.3,,28,,,,FP7 FP7r2 FP8,,,,,,,,
AMD,AMD Ryzen 7 PRO 8840U,Ryzen 7 PRO 8840U,,,8,,,16,5.1,,,3.3,,28,,,,FP7 FP7r2,,,,,,,,
AMD,AMD Ryzen 7 PRO 8845HS,Ryzen 7 PRO 8845HS,,,8,,,16,5.1,,,3.8,,45,,,,FP7 FP7r2,,,,,,,,
AMD,AMD Ryzen 9 270,Ryzen 9 270,,,8,,,16,5.2,,,4.0,,45,,,,FP8,,,,,,,,
AMD,AMD Ryzen 9 3900XT,Ryzen 9 3900XT,,,12,,,24,4.7,,,3.8,,105,,,,AM4,,,,,,,,
AMD,AMD Ryzen 9 4900H,Ryzen 9 4900H,,,8,,,16,4.4,,,3.3,,45,,,,FP6,,,,,,,,
AMD,AMD Ryzen 9 4900HS,Ryzen 9 4900HS,,,8,,,16,4.3,,,3.0,,35,,,,FP6,,,,,,,,
AMD,AMD Ryzen 9 4950U Mobile,Ryzen 9 4950U Mobile,,,8,,,16,,,,,,,,,,,,,,,,,,
AMD,AMD Ryzen 9 5900,Ryzen 9 5900,,,12,,,24,4.7,,,3.0,,65,,,,AM4,,,,,,,,
AMD,AMD Ryzen 9 5900H,Ryzen 9 5900H,,,8,,,16,4.6,,,3.1,,,,,,AM4,,,,,,,,
AMD,AMD Ryzen 9 5900HS,Ryzen 9 5900HS,,,8,,,16,4.6,,,3.0,,35,,,,FP6,,,,,,,,
AMD,AMD Ryzen 9 5900HS Creator Edition,Ryzen 9 5900HS Creator Edition,,,8,,,16,4.6,,,3.3,,35,,,,,,,,,,,,
AMD,AMD Ryzen 9 5900HX,Ryzen 9 5900HX,,,8,,,16,4.6,,,3.3,,45,,,,FP6,,,,,,,,
AMD,[5-Way] AMD Ryzen 9 5950X,[5-Way] Ryzen 9 5950X,,,16,,,32,4.9,,,3.4,,105,,,,AM4,,,,,,,,
AMD,AMD Ryzen 9 5980HS,Ryzen 9 5980HS,,,8,,,16,4.8,,,3.0,,35,,,,FP6,,,,,,,,
AMD,AMD Ryzen 9 5980HX,Ryzen 9 5980HX,,,8,,,16,4.8,,,3.3,,45,,,,FP6,,,,,,,,
AMD,AMD Ryzen 9 6900HS,Ryzen 9 6900HS,,,8,,,16,4.7,,,3.2,,35,,,,FP7,,,,,,,,
AMD,AMD Ryzen 9 6900HS Creator Edition,Ryzen 9 6900HS Creator Edition,,,8,,,16,4.9,,,3.3,,35,,,,FP7,,,,,,,,
AMD,AMD Ryzen 9 6900HX,Ryzen 9 6900HX,,,8,,,16,4.9,,,3.3,,45,,,,FP7,,,,,,,,
AMD,AMD Ryzen 9 6980HX,Ryzen 9 6980HX,,,8,,,16,5.0,,,3.3,,45,,,,FP7,,,,,,,,
AMD,AMD Ryzen 9 7845HX,Ryzen 9 7845HX,,,12,,,24,5.2,,,3.0,,55,,,,FL1,,,,,,,,
AMD,AMD Ryzen 9 7940H,Ryzen 9 7940H,,,8,,,16,5.2,,,4.0,,54,,,,FP7 FP7r2 FP8,,,,,,,,
AMD,AMD Ryzen 9 7940HS,Ryzen 9 7940HS,,,8,,,16,5.2,,,4.0,,54,,,,FP7 FP7r2 FP8,,,,,,,,
AMD,AMD Ryzen 9 7940HX,Ryzen 9 7940HX,,,16,,,32,5.2,,,2.4,,55,,,,AM5 (LGA 1718),,,,,,,,
AMD,AMD Ryzen 9 7945HX,Ryzen 9 7945HX,,,16,,,32,5.4,,,2.5,,55,,,,FL1,,,,,,,,
AMD,AMD Ryzen 9 7945HX3D,Ryzen 9 7945HX3D,,,16,,,32,5.4,,,2.3,,55,,,,FL1,,,,,,,,
AMD,AMD Ryzen 9 8940HX,Ryzen 9 8940HX,,,16,,,32,5.3,,,2.4,,55,,,,FL1,,,,,,,,
AMD,AMD Ryzen 9 8945H,Ryzen 9 8945H,,,8,,,16,5.2,,,4.0,,45,,,,FP7 FP7r2 FP8,,,,,,,,
AMD,AMD Ryzen 9 8945HS,Ryzen 9 8945HS,,,8,,,16,5.2,,,4.0,,45,,,,FP7 FP7r2 FP8,,,,,,,,
AMD,AMD Ryzen 9 8945HX,Ryzen 9 8945HX,,,16,,,32,5.4,,,2.5,,55,,,,FL1,,,,,,,,
AMD,AMD Ryzen 9 9850HX,Ryzen 9 9850HX,,,12,,,24,5.2,,,3.0,,55,,,,FL1,,,,,,,,
AMD,AMD Ryzen 9 9955HX,Ryzen 9 9955HX,,,16,,,32,5.4,,,2.5,,55,,,,FL1,,,,,,,,
AMD,AMD Ryzen 9 9955HX3D,Ryzen 9 9955HX3D,,,16,,,32,5.4,,,2.5,,55,,,,FL1,,,,,,,,
AMD,AMD Ryzen 9 PRO 3900,Ryzen 9 PRO 3900,,,12,,,24,4.3,,,3.1,,65,,,,AM4,,,,,,,,
AMD,AMD Ryzen 9 PRO 5945,Ryzen 9 PRO 5945,,,12,,,24,4.7,,,3.0,,65,,,,AM4,,,,,,,,
AMD,AMD Ryzen 9 PRO 6950H,Ryzen 9 PRO 6950H,,,8,,,16,4.9,,,3.3,,45,,,,FP7,,,,,,,,
AMD,AMD Ryzen 9 PRO 6950HS,Ryzen 9 PRO 6950HS,,,8,,,16,4.9,,,3.3,,35,,,,FP7,,,,,,,,
AMD,AMD Ryzen 9 PRO 7940HS,Ryzen 9 PRO 7940HS,,,8,,,16,5.2,,,4.0,,45,,,,FP7 FP7r2,,,,,,,,
AMD,AMD Ryzen 9 PRO 7945,Ryzen 9 PRO 7945,,,12,,,24,5.4,,,3.7,,65,,,,AM5 (LGA 1718),,,,,,,,
AMD,AMD Ryzen 9 PRO 8945HS,Ryzen 9 PRO 8945HS,,,8,,,16,5.2,,,4.0,,45,,,,FP7 FP7r2,,,,,,,,
AMD,AMD Ryzen 9 PRO 9945,Ryzen 9 PRO 9945,,,12,,,24,5.4,,,3.4,,65,,,,AM5,,,,,,,,
AMD,AMD Ryzen AI 5 330,Ryzen AI 5 330,,,,,,,,,,,,28,,,,FP8,,,,,,,,
AMD,AMD Ryzen AI 5 330 with Radeon 890M,Ryzen AI 5 330 with Radeon 890M,,,,,,,,,,,,: 28,,,,FP8,,,,,,,,
AMD,AMD Ryzen AI 5 340,Ryzen AI 5 340,,,,,,,,,,,,28,,,,FP8,,,,,,,,
AMD,AMD Ryzen AI 5 430,Ryzen AI 5 430,,,,,,,,,,,,,,,,,,,,,,,,
AMD,AMD Ryzen AI 5 435,Ryzen AI 5 435,,,,,,,,,,,,28,,,,FP8,,,,,,,,
AMD,AMD Ryzen AI 5 PRO 340,Ryzen AI 5 PRO 340,,,,,,,,,,,,28,,,,FP8,,,,,,,,
AMD,AMD Ryzen AI 5 PRO 435,Ryzen AI 5 PRO 435,,,,,,,,,,,,28,,,,FP8,,,,,,,,
AMD,AMD Ryzen AI 7 350,Ryzen AI 7 350,,,,,,,,,,,,45,,,,,,,,,,,,
AMD,AMD Ryzen AI 7 445,Ryzen AI 7 445,,,,,,,,,,,,28,,,,FP8,,,,,,,,
AMD,AMD Ryzen AI 7 450,Ryzen AI 7 450,,,,,,,,,,,,28,,,,FP8,,,,,,,,
AMD,AMD Ryzen AI 7 H 350,Ryzen AI 7 H 350,,,,,,,,,,,,28,,,,,,,,,,,,
AMD,AMD Ryzen AI 7 PRO 350,Ryzen AI 7 PRO 350,,,,,,,,,,,,28,,,,FP8,,,,,,,,
AMD,AMD Ryzen AI 7 PRO 360,Ryzen AI 7 PRO 360,,,,,,,,,,,,28,,,,FP8,,,,,,,,
AMD,AMD Ryzen AI 7 PRO 450,Ryzen AI 7 PRO 450,,,,,,,,,,,,,,,,,,,,,,,,
AMD,AMD Ryzen AI 9 365,Ryzen AI 9 365,,,,,,,,,,,,28,,,,FP8,,,,,,,,
AMD,AMD Ryzen AI 9 465,Ryzen AI 9 465,,,,,,,,,,,,28,,,,FP8,,,,,,,,
AMD,AMD Ryzen AI 9 H 365,Ryzen AI 9 H 365,,,,,,,,,,,,54,,,,,,,,,,,,
AMD,AMD Ryzen AI 9 H 465,Ryzen AI 9 H 465,,,,,,,,,,,,28,,,,FP8,,,,,,,,
AMD,AMD Ryzen AI 9 HX 370,Ryzen AI 9 HX 370,,,,,,,,,,,,28,,,,FP8,,,,,,,,
AMD,AMD Ryzen AI 9 HX 375,Ryzen AI 9 HX 375,,,,,,,,,,,,28,,,,FP8,,,,,,,,
AMD,AMD Ryzen AI 9 HX 470,Ryzen AI 9 HX 470,,,,,,,,,,,,28,,,,,,,,,,,,
AMD,AMD Ryzen AI 9 HX PRO 370,Ryzen AI 9 HX PRO 370,,,,,,,,,,,,28,,,,FP8,,,,,,,,
AMD,AMD Ryzen AI 9 HX PRO 375,Ryzen AI 9 HX PRO 375,,,,,,,,,,,,28,,,,FP8,,,,,,,,
AMD,AMD Ryzen AI 9 HX PRO 470,Ryzen AI 9 HX PRO 470,,,,,,,,,,,,28,,,,FP8,,,,,,,,
AMD,AMD Ryzen AI Max 385,Ryzen AI Max 385,,,8,,,16,5.0,,,3.6,,55,,,,FP11,,,,,,,,
AMD,AMD Ryzen AI Max 390,Ryzen AI Max 390,,,12,,,24,5.0,,,3.2,,55,,,,FP11,,,,,,,,
AMD,AMD Ryzen AI Max Pro 380,Ryzen AI Max Pro 380,,,6,,,12,4.9,,,3.6,,55,,,,FP11,,,,,,,,
AMD,AMD Ryzen AI Max Pro 385,Ryzen AI Max Pro 385,,,8,,,16,5.0,,,3.6,,55,,,,FP11,,,,,,,,
AMD,AMD Ryzen AI Max Pro 390,Ryzen AI Max Pro 390,,,12,,,24,5.0,,,3.2,,55,,,,,,,,,,,,
AMD,AMD RYZEN AI MAX+ 388,RYZEN AI MAX+ 388,,,8,,,16,5.0,,,3.6,,55,,,,,,,,,,,,
AMD,AMD RYZEN AI MAX+ 392,RYZEN AI MAX+ 392,,,12,,,24,5.0,,,3.2,,55,,,,FP11,,,,,,,,
AMD,AMD Ryzen AI Max+ 395,Ryzen AI Max+ 395,,,16,,,32,5.1,,,3.0,,55,,,,FP11,,,,,,,,
AMD,AMD Ryzen AI Max+ Pro 395,Ryzen AI Max+ Pro 395,,,16,,,32,5.1,,,3.0,,55,,,,FP11,,,,,,,,
AMD,AMD Ryzen AI Z2 Extreme,Ryzen AI Z2 Extreme,,,,,,,,,,,,28,,,,,,,,,,,,
AMD,AMD Ryzen Embedded R1102G,Ryzen Embedded R1102G,,,2,,,2,2.6,,,1.2,,6,,,,FP5,,,,,,,,
AMD,AMD Ryzen Embedded R1305G,Ryzen Embedded R1305G,,,2,,,4,2.8,,,1.5,,8,,,,FP5,,,,,,,,
AMD,AMD Ryzen Embedded R1505G,Ryzen Embedded R1505G,,,2,,,4,3.3,,,2.4,,15,,,,FP5,,,,,,,,
AMD,AMD Ryzen Embedded R1600,Ryzen Embedded R1600,,,2,,,4,3.1,,,2.6,,25,,,,FC-BGA1140,,,,,,,,
AMD,AMD Ryzen Embedded R1606G,Ryzen Embedded R1606G,,,2,,,4,3.5,,,2.6,,15,,,,FP5,,,,,,,,
AMD,AMD Ryzen Embedded R2312,Ryzen Embedded R2312,,,2,,,4,3.5,,,2.7,,25,,,,FP5,,,,,,,,
AMD,AMD Ryzen Embedded R2314,Ryzen Embedded R2314,,,4,,,4,,,,2.1,,,,,,,,,,,,,,
AMD,AMD Ryzen Embedded R2514,Ryzen Embedded R2514,,,4,,,8,3.7,,,2.1,,15,,,,FP5,,,,,,,,
AMD,AMD Ryzen Embedded R2544,Ryzen Embedded R2544,,,4,,,8,3.7,,,3.4,,45,,,,FP5,,,,,,,,
AMD,AMD Ryzen Embedded V1202B,Ryzen Embedded V1202B,,,2,,,4,3.2,,,2.3,,15,,,,FP5,,,,,,,,
AMD,AMD Ryzen Embedded V1404I,Ryzen Embedded V1404I,,,4,,,8,3.6,,,2.0,,15,,,,,,,,,,,,
AMD,AMD Ryzen Embedded V1500B,Ryzen Embedded V1500B,,,4,,,8,,,,2.2,,16,,,,BGA1140,,,,,,,,
AMD,AMD Ryzen Embedded V1605B,Ryzen Embedded V1605B,,,4,,,8,3.2,,,2.0,,15,,,,FP5,,,,,,,,
AMD,AMD Ryzen Embedded V1756B,Ryzen Embedded V1756B,,,4,,,8,3.6,,,3.3,,45,,,,FP5,,,,,,,,
AMD,AMD Ryzen Embedded V1780B,Ryzen Embedded V1780B,,,4,,,8,3.6,,,3.4,,45,,,,,,,,,,,,
AMD,AMD Ryzen Embedded V1807B,Ryzen Embedded V1807B,,,4,,,8,3.8,,,3.4,,45,,,,FP5,,,,,,,,
AMD,AMD Ryzen Embedded V1807F,Ryzen Embedded V1807F,,,4,,,8,,,,2.4,,,,,,,,,,,,,,
AMD,AMD Ryzen Embedded V2516,Ryzen Embedded V2516,,,6,,,12,4.0,,,2.1,,15,,,,FP6,,,,,,,,
AMD,AMD Ryzen Embedded V2546,Ryzen Embedded V2546,,,6,,,12,3.9,,,3.0,,,,,,FP6,,,,,,,,
AMD,AMD Ryzen Embedded V2718,Ryzen Embedded V2718,,,8,,,16,4.2,,,1.7,,15,,,,FP6,,,,,,,,
AMD,AMD Ryzen Embedded V2748,Ryzen Embedded V2748,,,8,,,16,4.3,,,2.9,,54,,,,FP6,,,,,,,,
AMD,AMD Ryzen Embedded V2A46,Ryzen Embedded V2A46,,,4,,,4,3.2,,,3.0,,35,,,,,,,,,,,,
AMD,AMD Ryzen Embedded V3C14,Ryzen Embedded V3C14,,,4,,,8,3.8,,,2.3,,15,,,,FP7,,,,,,,,
AMD,AMD Ryzen Embedded V3C18I,Ryzen Embedded V3C18I,,,8,,,16,3.8,,,1.9,,15,,,,,,,,,,,,
AMD,AMD Ryzen Embedded V3C48,Ryzen Embedded V3C48,,,8,,,16,3.8,,,3.3,,45,,,,,,,,,,,,
AMD,AMD Ryzen Threadripper 1900X,Ryzen Threadripper 1900X,,,8,,,16,4.0,,,3.8,,180,,,,sTR4,,,,,,,,
AMD,AMD Ryzen Threadripper 1920,Ryzen Threadripper 1920,,,12,,,24,3.8,,,3.2,,140,,,,sTR4,,,,,,,,
AMD,AMD Ryzen Threadripper 1920X,Ryzen Threadripper 1920X,,,12,,,24,4.0,,,3.5,,180,,,,sTR4,,,,,,,,
AMD,AMD Ryzen Threadripper 1950X,Ryzen Threadripper 1950X,,,16,,,32,4.0,,,3.4,,180,,,,sTR4,,,,,,,,
AMD,AMD Ryzen Threadripper 2920X,Ryzen Threadripper 2920X,,,12,,,24,4.3,,,3.5,,180,,,,sTR4,,,,,,,,
AMD,AMD Ryzen Threadripper 2950X,Ryzen Threadripper 2950X,,,16,,,32,4.4,,,3.5,,180,,,,sTR4,,,,,,,,
AMD,AMD Ryzen Threadripper 2970WX,Ryzen Threadripper 2970WX,,,24,,,48,4.2,,,3.0,,250,,,,sTR4,,,,,,,,
AMD,AMD Ryzen Threadripper 2990WX,Ryzen Threadripper 2990WX,,,32,,,64,4.2,,,3.0,,250,,,,sTR4,,,,,,,,
AMD,AMD Ryzen Threadripper 2990X,Ryzen Threadripper 2990X,,,32,,,64,4.2,,,3.4,,250,,,,TR4,,,,,,,,
AMD,AMD Ryzen Threadripper 3960X,Ryzen Threadripper 3960X,,,24,,,48,4.5,,,3.8,,280,,,,sTRX4,,,,,,,,
AMD,AMD Ryzen Threadripper 3970X,Ryzen Threadripper 3970X,,,32,,,64,4.5,,,3.7,,280,,,,sTRX4,,,,,,,,
AMD,AMD Ryzen Threadripper 3990X,Ryzen Threadripper 3990X,,,64,,,128,4.3,,,2.9,,280,,,,sTRX4,,,,,,,,
AMD,AMD Ryzen Threadripper 7960X,Ryzen Threadripper 7960X,,,24,,,48,5.3,,,4.2,,350,,,,sTR5,,,,,,,,
AMD,AMD Ryzen Threadripper 7970X,Ryzen Threadripper 7970X,,,32,,,64,5.3,,,4.0,,350,,,,sTR5,,,,,,,,
AMD,AMD Ryzen Threadripper 7980X,Ryzen Threadripper 7980X,,,64,,,128,5.1,,,3.2,,350,,,,sTR5,,,,,,,,
AMD,AMD Ryzen Threadripper 9960X 24-Cores,Ryzen Threadripper 9960X 24-s,,,24,,,48,5.3,,,4.2,,350,,,,sTR5,,,,,,,,
AMD,AMD Ryzen Threadripper 9970X,Ryzen Threadripper 9970X,,,32,,,64,5.4,,,4.0,,350,,,,sTR5,,,,,,,,
AMD,AMD Ryzen Threadripper 9980X,Ryzen Threadripper 9980X,,,64,,,128,5.4,,,3.2,,350,,,,sTR5,,,,,,,,
AMD,AMD Ryzen Threadripper PRO 3945WX,Ryzen Threadripper PRO 3945WX,,,12,,,24,4.3,,,4.0,,280,,,,sWRX8,,,,,,,,
AMD,AMD Ryzen Threadripper PRO 3955WX,Ryzen Threadripper PRO 3955WX,,,16,,,32,4.3,,,3.9,,280,,,,sWRX8,,,,,,,,
AMD,AMD Ryzen Threadripper PRO 3975WX,Ryzen Threadripper PRO 3975WX,,,32,,,64,4.2,,,3.5,,280,,,,sWRX8,,,,,,,,
AMD,AMD Ryzen Threadripper PRO 3995WX,Ryzen Threadripper PRO 3995WX,,,64,,,128,4.2,,,2.7,,280,,,,sWRX8,,,,,,,,
AMD,AMD Ryzen Threadripper PRO 5945WX,Ryzen Threadripper PRO 5945WX,,,12,,,24,4.5,,,4.1,,280,,,,sWRX8,,,,,,,,
AMD,AMD Ryzen Threadripper PRO 5955WX,Ryzen Threadripper PRO 5955WX,,,16,,,32,4.5,,,4.0,,280,,,,sWRX8,,,,,,,,
AMD,AMD Ryzen Threadripper PRO 5965WX,Ryzen Threadripper PRO 5965WX,,,24,,,48,4.5,,,3.8,,280,,,,sWRX8,,,,,,,,
AMD,AMD Ryzen Threadripper PRO 5975WX,Ryzen Threadripper PRO 5975WX,,,32,,,64,4.5,,,3.6,,280,,,,sWRX8,,,,,,,,
AMD,AMD Ryzen Threadripper PRO 5995WX,Ryzen Threadripper PRO 5995WX,,,64,,,128,4.5,,,2.7,,280,,,,sWRX8,,,,,,,,
AMD,AMD Ryzen Threadripper PRO 7945WX,Ryzen Threadripper PRO 7945WX,,,12,,,24,5.3,,,4.7,,350,,,,sTR5,,,,,,,,
AMD,AMD Ryzen Threadripper PRO 7955WX,Ryzen Threadripper PRO 7955WX,,,16,,,32,5.3,,,4.5,,350,,,,sTR5,,,,,,,,
AMD,AMD Ryzen Threadripper PRO 7965WX,Ryzen Threadripper PRO 7965WX,,,24,,,48,5.3,,,4.2,,350,,,,sTR5,,,,,,,,
AMD,AMD Ryzen Threadripper PRO 7975WX,Ryzen Threadripper PRO 7975WX,,,32,,,64,5.3,,,4.0,,350,,,,sTR5,,,,,,,,
AMD,AMD Ryzen Threadripper PRO 7985WX,Ryzen Threadripper PRO 7985WX,,,64,,,128,5.1,,,3.2,,350,,,,sTR5,,,,,,,,
AMD,AMD Ryzen Threadripper PRO 7995WX,Ryzen Threadripper PRO 7995WX,,,96,,,192,5.1,,,2.5,,350,,,,sTR5,,,,,,,,
AMD,AMD Ryzen Threadripper PRO 9945WX,Ryzen Threadripper PRO 9945WX,,,12,,,24,5.4,,,4.7,,350,,,,sTR5,,,,,,,,
AMD,AMD Ryzen Threadripper PRO 9955WX,Ryzen Threadripper PRO 9955WX,,,16,,,32,5.4,,,4.5,,350,,,,sTR5,,,,,,,,
AMD,AMD Ryzen Threadripper PRO 9965WX,Ryzen Threadripper PRO 9965WX,,,24,,,48,5.4,,,4.2,,350,,,,sTR5,,,,,,,,
AMD,AMD Ryzen Threadripper PRO 9975WX,Ryzen Threadripper PRO 9975WX,,,32,,,64,5.4,,,4.0,,350,,,,sTR5,,,,,,,,
AMD,AMD Ryzen Threadripper PRO 9985WX,Ryzen Threadripper PRO 9985WX,,,64,,,128,5.4,,,3.2,,350,,,,sTR5,,,,,,,,
AMD,AMD Ryzen Threadripper PRO 9995WX,Ryzen Threadripper PRO 9995WX,,,96,,,192,5.4,,,2.5,,350,,,,sTR5,,,,,,,,
AMD,AMD Ryzen Z1,Ryzen Z1,,,6,,,12,4.9,,,3.2,,30,,,,,,,,,,,,
AMD,AMD Ryzen Z1 Extreme,Ryzen Z1 Extreme,,,8,,,16,5.1,,,3.3,,15,,,,,,,,,,,,
AMD,AMD Ryzen Z2,Ryzen Z2,,,8,,,16,5.1,,,3.3,,28,,,,,,,,,,,,
AMD,AMD Ryzen Z2 A,Ryzen Z2 A,,,4,,,8,3.8,,,2.8,,15,,,,,,,,,,,,
AMD,AMD Ryzen Z2 Extreme,Ryzen Z2 Extreme,,,,,,,,,,,,28,,,,,,,,,,,,
AMD,AMD Ryzen Z2 Go,Ryzen Z2 Go,,,4,,,8,4.3,,,3.0,,28,,,,,,,,,,,,
AMD,AMD Sempron 200U,Sempron 200U,,,1,,,1,,,,1.0,,8,,,,,,,,,,,,
AMD,AMD Sempron 2100+,Sempron 2100+,,,1,,,1,,,,1.0,,8,,,,,,,,,,,,
AMD,AMD Sempron 210U,Sempron 210U,,,1,,,1,,,,1.5,,15,,,,,,,,,,,,
AMD,AMD Sempron 2200+,Sempron 2200+,,,1,,,1,,,,1.5,,,,,,Socket A,,,,,,,,
AMD,AMD Sempron 2300+,Sempron 2300+,,,1,,,1,,,,1.6,,,,,,Socket A,,,,,,,,
AMD,AMD Sempron 240,Sempron 240,,,2,,,,3.3,,,2.9,,65,,,,FM2,,,,,,,,
AMD,AMD Sempron 2400+,Sempron 2400+,,,1,,,1,,,,1.7,,,,,,Socket A,,,,,,,,
AMD,AMD Sempron 2500+,Sempron 2500+,,,1,,,1,,,,1.8,,,,,,Socket A,,,,,,,,
AMD,AMD Sempron 2600+,Sempron 2600+,,,1,,,1,,,,1.8,,,,,,Socket A,,,,,,,,
AMD,AMD Sempron 2650,Sempron 2650,,,2,,,2,,,,1.5,,25,,,,AM1.FSB1,,,,,,,,
AMD,AMD Sempron 2800+,Sempron 2800+,,,1,,,1,,,,2.0,,62,,,,AM2,,,,,,,,
AMD,AMD Sempron 3000+,Sempron 3000+,,,1,,,1,,,,2.0,,62,,,,AM2,,,,,,,,
AMD,AMD Sempron 3100+,Sempron 3100+,,,1,,,1,,,,1.8,,62,,,,754,,,,,,,,
AMD,AMD Sempron 3200+,Sempron 3200+,,,1,,,1,,,,1.8,,62,,,,AM2,,,,,,,,
AMD,AMD Sempron 3300+,Sempron 3300+,,,1,,,1,,,,2.2,,62,,,,754,,,,,,,,
AMD,AMD Sempron 3400+,Sempron 3400+,,,1,,,1,,,,2.0,,62,,,,AM2,,,,,,,,
AMD,AMD Sempron 3500+,Sempron 3500+,,,1,,,1,,,,2.0,,62,,,,AM2,,,,,,,,
AMD,AMD Sempron 3600+,Sempron 3600+,,,1,,,1,,,,2.0,,62,,,,AM2,,,,,,,,
AMD,AMD Sempron 3800+,Sempron 3800+,,,1,,,1,,,,2.2,,62,,,,AM2,,,,,,,,
AMD,AMD Sempron 3850,Sempron 3850,,,4,,,4,,,,1.3,,25,,,,AM1.FS1b,,,,,,,,
AMD,AMD Sempron 2100,Sempron 2100,,,2,,,2,,,,1.8,,65,,,,,,,,,,,,
AMD,AMD Sempron 2200,Sempron 2200,,,2,,,2,,,,2.0,,65,,,,,,,,,,,,
AMD,AMD Sempron 2300,Sempron 2300,,,2,,,2,,,,2.2,,65,,,,,,,,,,,,
AMD,AMD Sempron 4700,Sempron 4700,,,2,,,2,,,,,,-1,,,,,,,,,,,,
AMD,AMD Sempron 4900,Sempron 4900,,,2,,,2,,,,,,,,,,,,,,,,,,
AMD,AMD Sempron LE-1100,Sempron LE-1100,,,1,,,1,,,,1.9,,45,,,,AM2,,,,,,,,
AMD,AMD Sempron LE-1150,Sempron LE-1150,,,1,,,1,,,,2.0,,45,,,,AM2,,,,,,,,
AMD,AMD Sempron LE-1200,Sempron LE-1200,,,1,,,1,,,,2.1,,45,,,,AM2,,,,,,,,
AMD,AMD Sempron LE-1250,Sempron LE-1250,,,1,,,1,,,,2.2,,45,,,,AM2,,,,,,,,
AMD,AMD Sempron LE-1300,Sempron LE-1300,,,1,,,1,,,,2.3,,45,,,,AM2,,,,,,,,
AMD,AMD Sempron LE-1600,Sempron LE-1600,,,1,,,1,,,,2.2,,,,,,,,,,,,,,
AMD,AMD Sempron LE-1620,Sempron LE-1620,,,1,,,1,,,,,,,,,,,,,,,,,,
AMD,AMD Sempron LE-1640,Sempron LE-1640,,,1,,,1,,,,2.6,,45,,,,AM2,,,,,,,,
AMD,AMD Sempron LE-250,Sempron LE-250,,,1,,,1,,,,,,,,,,,,,,,,,,
AMD,AMD Sempron M100,Sempron M100,,,1,,,1,,,,2.0,,,,,,,,,,,,,,
AMD,AMD Sempron M120,Sempron M120,,,1,,,1,,,,2.1,,25,,,,S1,,,,,,,,
AMD,AMD Sempron SI-40,Sempron SI-40,,,1,,,1,,,,2.0,,25,,,,S1,,,,,,,,
AMD,AMD Sempron SI-42,Sempron SI-42,,,1,,,1,,,,2.1,,25,,,,S1,,,,,,,,
AMD,AMD Sempron X2 180,Sempron X2 180,,,2,,,2,,,,2.4,,45,,,,,,,,,,,,
AMD,AMD Turion 64 Mobile MK-36,Turion 64 Mobile MK-36,,,1,,,1,,,,2.0,,31,,,,S1,,,,,,,,
AMD,AMD Turion 64 Mobile MK-38,Turion 64 Mobile MK-38,,,1,,,1,,,,2.2,,31,,,,S1,,,,,,,,
AMD,AMD Turion 64 Mobile ML-28,Turion 64 Mobile ML-28,,,1,,,1,,,,1.6,,25,,,,754,,,,,,,,
AMD,AMD Turion 64 Mobile ML-30,Turion 64 Mobile ML-30,,,1,,,1,,,,1.6,,35,,,,754,,,,,,,,
AMD,AMD Turion 64 Mobile ML-32,Turion 64 Mobile ML-32,,,1,,,1,,,,1.8,,35,,,,754,,,,,,,,
AMD,AMD Turion 64 Mobile ML-34,Turion 64 Mobile ML-34,,,1,,,1,,,,1.8,,35,,,,754,,,,,,,,
AMD,AMD Turion 64 Mobile ML-37,Turion 64 Mobile ML-37,,,1,,,1,,,,2.0,,35,,,,754,,,,,,,,
AMD,AMD Turion 64 Mobile ML-40,Turion 64 Mobile ML-40,,,1,,,1,,,,2.2,,35,,,,754,,,,,,,,
AMD,AMD Turion 64 Mobile ML-42,Turion 64 Mobile ML-42,,,1,,,1,,,,2.4,,35,,,,754,,,,,,,,
AMD,AMD Turion 64 Mobile ML-44,Turion 64 Mobile ML-44,,,1,,,1,,,,2.4,,35,,,,754,,,,,,,,
AMD,AMD Turion 64 Mobile MT-28,Turion 64 Mobile MT-28,,,1,,,1,,,,1.6,,25,,,,754,,,,,,,,
AMD,AMD Turion 64 Mobile MT-30,Turion 64 Mobile MT-30,,,1,,,1,,,,1.6,,25,,,,754,,,,,,,,
AMD,AMD Turion 64 Mobile MT-32,Turion 64 Mobile MT-32,,,1,,,1,,,,1.8,,24,,,,754,,,,,,,,
AMD,AMD Turion 64 Mobile MT-34,Turion 64 Mobile MT-34,,,1,,,1,,,,1.8,,24,,,,754,,,,,,,,
AMD,AMD Turion 64 Mobile MT-37,Turion 64 Mobile MT-37,,,1,,,1,,,,2.0,,25,,,,754,,,,,,,,
AMD,AMD Turion 64 Mobile MT-40,Turion 64 Mobile MT-40,,,1,,,1,,,,2.2,,25,,,,754,,,,,,,,
AMD,AMD Turion 64 X2 Mobile TL-50,Turion 64 X2 Mobile TL-50,,,2,,,2,,,,1.6,,31,,,,S1,,,,,,,,
AMD,AMD Turion 64 X2 Mobile TL-52,Turion 64 X2 Mobile TL-52,,,2,,,2,,,,1.6,,31,,,,S1,,,,,,,,
AMD,AMD Turion 64 X2 Mobile TL-56,Turion 64 X2 Mobile TL-56,,,2,,,2,,,,1.8,,31,,,,S1,,,,,,,,
AMD,AMD Turion 64 X2 Mobile TL-58,Turion 64 X2 Mobile TL-58,,,2,,,2,,,,1.9,,31,,,,S1,,,,,,,,
AMD,AMD Turion 64 X2 Mobile TL-60,Turion 64 X2 Mobile TL-60,,,2,,,2,,,,2.0,,31,,,,S1,,,,,,,,
AMD,AMD Turion 64 X2 Mobile TL-62,Turion 64 X2 Mobile TL-62,,,2,,,2,,,,2.1,,35,,,,S1,,,,,,,,
AMD,AMD Turion 64 X2 Mobile TL-64,Turion 64 X2 Mobile TL-64,,,2,,,2,,,,2.2,,35,,,,S1,,,,,,,,
AMD,AMD Turion 64 X2 Mobile TL-66,Turion 64 X2 Mobile TL-66,,,2,,,2,,,,2.3,,35,,,,S1,,,,,,,,
AMD,AMD Turion 64 X2 Mobile TL-68,Turion 64 X2 Mobile TL-68,,,2,,,2,,,,2.4,,35,,,,S1,,,,,,,,
AMD,AMD Turion RM-70,Turion RM-70,,,2,,,2,,,,2.0,,31,,,,S1,,,,,,,,
AMD,AMD Turion RM-72,Turion RM-72,,,2,,,2,,,,2.1,,35,,,,S1,,,,,,,,
AMD,AMD Turion RM-74,Turion RM-74,,,2,,,2,,,,2.2,,35,,,,S1,,,,,,,,
AMD,AMD Turion RM-75,Turion RM-75,,,2,,,2,,,,2.2,,35,,,,S1,,,,,,,,
AMD,AMD Turion II Mobile M500,Turion II Mobile M500,,,2,,,2,,,,2.2,,35,,,,S1,,,,,,,,
AMD,AMD Turion II Mobile M520,Turion II Mobile M520,,,2,,,2,,,,2.3,,35,,,,S1,,,,,,,,
AMD,AMD Turion II Mobile M540,Turion II Mobile M540,,,2,,,2,,,,2.4,,35,,,,S1,,,,,,,,
AMD,AMD Turion II N530,Turion II N530,,,2,,,2,,,,2.5,,35,,,,S1,,,,,,,,
AMD,AMD Turion II N550,Turion II N550,,,2,,,2,,,,2.6,,35,,,,S1,,,,,,,,
AMD,AMD Turion II Neo K625,Turion II Neo K625,,,2,,,2,,,,1.5,,15,,,,S1,,,,,,,,
AMD,AMD Turion II Neo K685,Turion II Neo K685,,,2,,,2,,,,1.8,,15,,,,BGA812,,,,,,,,
AMD,AMD Turion II Neo N40L,Turion II Neo N40L,,,2,,,2,,,,1.5,,15,,,,BGA812,,,,,,,,
AMD,AMD Turion II Neo N54L,Turion II Neo N54L,,,2,,,2,,,,2.2,,25,,,,BGA812,,,,,,,,
AMD,AMD Turion II P520,Turion II P520,,,2,,,2,,,,2.3,,25,,,,S1,,,,,,,,
AMD,AMD Turion II P540,Turion II P540,,,2,,,2,,,,2.4,,35,,,,S1,,,,,,,,
AMD,AMD Turion II P560,Turion II P560,,,2,,,2,,,,2.5,,25,,,,S1,,,,,,,,
AMD,AMD Turion II Ultra Mobile M600,Turion II Ultra Mobile M600,,,2,,,2,,,,2.4,,35,,,,S1,,,,,,,,
AMD,AMD Turion II Ultra Mobile M620,Turion II Ultra Mobile M620,,,2,,,2,,,,2.5,,35,,,,S1,,,,,,,,
AMD,AMD Turion II Ultra Mobile M640,Turion II Ultra Mobile M640,,,2,,,2,,,,2.6,,35,,,,S1,,,,,,,,
AMD,AMD Turion II Ultra Mobile M660,Turion II Ultra Mobile M660,,,2,,,2,,,,2.7,,35,,,,S1,,,,,,,,
AMD,AMD Turion Neo X2 L625,Turion Neo X2 L625,,,2,,,2,,,,1.6,,18,,,,ASB1,,,,,,,,
AMD,AMD Turion X2 L510,Turion X2 L510,,,2,,,2,,,,1.6,,20,,,,ASB1,,,,,,,,
AMD,AMD Turion X2 Mobile RM-70,Turion X2 Mobile RM-70,,,2,,,2,,,,2.0,,31,,,,S1,,,,,,,,
AMD,AMD Turion X2 Mobile RM-76,Turion X2 Mobile RM-76,,,2,,,2,,,,2.3,,35,,,,S1,,,,,,,,
AMD,AMD Turion X2 Mobile RM-70,Turion X2 Mobile RM-70,,,2,,,2,,,,2.0,,31,,,,S1,,,,,,,,
AMD,AMD Turion X2 Mobile RM-72,Turion X2 Mobile RM-72,,,2,,,2,,,,2.1,,35,,,,S1,,,,,,,,
AMD,AMD Turion X2 Mobile RM-74,Turion X2 Mobile RM-74,,,2,,,2,,,,2.2,,35,,,,S1,,,,,,,,
AMD,AMD Turion X2 Mobile RM-75,Turion X2 Mobile RM-75,,,2,,,2,,,,2.2,,35,,,,S1,,,,,,,,
AMD,AMD Turion X2 Mobile RM-76,Turion X2 Mobile RM-76,,,2,,,2,,,,2.3,,35,,,,S1,,,,,,,,
AMD,AMD Turion X2 Mobile RM-77,Turion X2 Mobile RM-77,,,2,,,2,,,,2.3,,35,,,,S1,,,,,,,,
AMD,AMD Turion X2 Ultra Mobile ZM-80,Turion X2 Ultra Mobile ZM-80,,,2,,,2,,,,2.1,,32,,,,S1,,,,,,,,
AMD,AMD Turion X2 Ultra Mobile ZM-82,Turion X2 Ultra Mobile ZM-82,,,2,,,2,,,,2.2,,35,,,,S1,,,,,,,,
AMD,AMD Turion X2 Ultra Mobile ZM-84,Turion X2 Ultra Mobile ZM-84,,,2,,,2,,,,2.3,,35,,,,S1,,,,,,,,
AMD,AMD Turion X2 Ultra Mobile ZM-85,Turion X2 Ultra Mobile ZM-85,,,2,,,2,,,,2.3,,35,,,,S1,,,,,,,,
AMD,AMD Turion X2 Ultra Mobile ZM-86,Turion X2 Ultra Mobile ZM-86,,,2,,,2,,,,2.4,,35,,,,S1,,,,,,,,
AMD,AMD Turion X2 Ultra Mobile ZM-87,Turion X2 Ultra Mobile ZM-87,,,2,,,2,,,,2.4,,35,,,,S1,,,,,,,,
AMD,AMD TurionX2 Mobile RM-70,TurionX2 Mobile RM-70,,,2,,,2,,,,2.0,,31,,,,S1,,,,,,,,
AMD,AMD TurionX2 Mobile RM-72,TurionX2 Mobile RM-72,,,2,,,2,,,,2.1,,35,,,,S1,,,,,,,,
AMD,AMD TurionX2 Ultra DualCore Mobile ZM-85,TurionX2 Ultra Dual Mobile ZM-85,,,2,,,2,,,,2.3,,35,,,,S1,,,,,,,,
AMD,AMD TurionX2 Ultra DualCore Mobile ZM-87,TurionX2 Ultra Dual Mobile ZM-87,,,2,,,2,,,,2.4,,35,,,,S1,,,,,,,,
AMD,AMD V105,V105,,,1,,,1,,,,1.2,,9,,,,BGA812,,,,,,,,
AMD,AMD V120,V120,,,1,,,1,,,,2.2,,25,,,,S1,,,,,,,,
AMD,AMD V140,V140,,,1,,,1,,,,2.3,,25,,,,S1,,,,,,,,
AMD,AMD V160,V160,,,1,,,1,,,,2.4,,25,,,,S1,,,,,,,,
AMD,AMD Z-01,Z-01,,,2,,,2,,,,1.0,,,,,,,,,,,,,,
AMD,AMD Z-60,Z-60,,,2,,,2,,,,1.0,,4.5,,,,FT1,,,,,,,,
AMD,AMD-K6 3D,-K6 3D,,,1,,,1,,,,,,-1,,,,,,,,,,,,
AMD,AMD-K6-III,-K6-III,,,1,,,1,,,,,,-1,,,,,,,,,,,,
AMD,AMD-K7,-K7,,,1,,,1,,,,,,-1,,,,,,,,,,,,
Apple,Apple A11 Bionic,A11 Bionic,,,6,,,6,,,,2.4,,,,,,,,,,,,,,
Apple,Apple A12 Bionic,A12 Bionic,,,6,,,6,,,,2.5,,,,,,,,,,,,,,
Apple,Apple A12X Bionic,A12X Bionic,,,8,,,8,,,,2.5,,,,,,,,,,,,,,
Apple,Apple A12Z Bionic,A12Z Bionic,,,8,,,8,,,,2.5,,,,,,,,,,,,,,
Apple,Apple A13 Bionic,A13 Bionic,,,6,,,6,,,,2.7,,,,,,,,,,,,,,
Apple,Apple A14 Bionic,A14 Bionic,,,6,,,6,,,,3.0,,,,,,,,,,,,,,
Apple,Apple A15 Bionic,A15 Bionic,,,,,,,,,,,,,,,,,,,,,,,,
Apple,Apple A16,A16,,,5,,,5,3.5,,,2.0,,,,,,,,,,,,,,
Apple,Apple A16 Bionic,A16 Bionic,,,,,,,,,,,,,,,,,,,,,,,,
Apple,Apple A17 Pro,A17 Pro,,,,,,,,,,,,,,,,,,,,,,,,
Apple,Apple A18,A18,,,,,,,,,,,,,,,,,,,,,,,,
Apple,Apple A18 Pro,A18 Pro,,,,,,,,,,,,8,,,,,,,,,,,,
Apple,Apple A18 Pro (MacBook Neo),A18 Pro (MacBook Neo),,,,,,,,,,,,,,,,,,,,,,,,
Apple,Apple A19,A19,,,,,,,,,,,,,,,,,,,,,,,,
Apple,Apple A19 Pro,A19 Pro,,,,,,,,,,,,,,,,,,,,,,,,
Apple,Apple A8,A8,,,2,,,2,1.5,,,1.1,,,,,,,,,,,,,,
Apple,Apple A8X,A8X,,,3,,,3,,,,1.5,,,,,,,,,,,,,,
Apple,Apple A9,A9,,,2,,,2,,,,1.9,,,,,,,,,,,,,,
Apple,Apple A9X,A9X,,,2,,,2,2.3,,,2.2,,,,,,,,,,,,,,
Apple,Apple M1 8 Core 3200 MHz,M1 8 3200 MHz,,,,,,,,,,,,15.1,,,,,,,,,,,,
Apple,Apple M1 Max 10 Core 3200 MHz,M1 Max 10 3200 MHz,,,,,,,,,,,,,,,,,,,,,,,,
Apple,Apple M1 Pro 10 Core 3200 MHz,M1 Pro 10 3200 MHz,,,,,,,,,,,,,,,,,,,,,,,,
Apple,Apple M1 Pro 8 Core 3200 MHz,M1 Pro 8 3200 MHz,,,,,,,,,,,,,,,,,,,,,,,,
Apple,Apple M1 Ultra 20 Core,M1 Ultra 20,,,,,,,,,,,,60,,,,,,,,,,,,
Apple,Apple M2 8 Core 3500 MHz,M2 8 3500 MHz,,,,,,,,,,,,,,,,,,,,,,,,
Apple,Apple M2 Max 12 Core 3680 MHz,M2 Max 12 3680 MHz,,,12,,,12,,,,3.7,,,,,,,,,,,,,,
Apple,Apple M2 Pro 10 Core 3480 MHz,M2 Pro 10 3480 MHz,,,10,,,10,,,,3.5,,,,,,,,,,,,,,
Apple,Apple M2 Pro 12 Core 3480 MHz,M2 Pro 12 3480 MHz,,,12,,,12,,,,3.5,,,,,,,,,,,,,,
Apple,Apple M2 Ultra 24 Core,M2 Ultra 24,,,,,,,,,,,,,,,,,,,,,,,,
Apple,Apple M3 8 Core,M3 8,,,,,,,,,,,,20,,,,,,,,,,,,
Apple,Apple M3 Max 14 Core,M3 Max 14,,,,,,,,,,,,78,,,,,,,,,,,,
Apple,Apple M3 Max 16 Core,M3 Max 16,,,,,,,,,,,,78,,,,,,,,,,,,
Apple,Apple M3 Pro 11 Core,M3 Pro 11,,,,,,,,,,,,27,,,,,,,,,,,,
Apple,Apple M3 Pro 12 Core,M3 Pro 12,,,,,,,,,,,,27,,,,,,,,,,,,
Apple,Apple M3 Ultra 28 Core,M3 Ultra 28,,,,,,,,,,,,,,,,,,,,,,,,
Apple,Apple M3 Ultra 32 Core,M3 Ultra 32,,,,,,,,,,,,,,,,,,,,,,,,
Apple,Apple M4 10 Core,M4 10,,,,,,,,,,,,22,,,,,,,,,,,,
Apple,Apple M4 8 Core,M4 8,,,,,,,,,,,,22,,,,,,,,,,,,
Apple,Apple M4 9 Core,M4 9,,,,,,,,,,,,22,,,,,,,,,,,,
Apple,Apple M4 Max 14 Core,M4 Max 14,,,,,,,,,,,,,,,,,,,,,,,,
Apple,Apple M4 Max 16 Core,M4 Max 16,,,,,,,,,,,,,,,,,,,,,,,,
Apple,Apple M4 Pro 12 Core,M4 Pro 12,,,,,,,,,,,,,,,,,,,,,,,,
Apple,Apple M4 Pro 14 Core,M4 Pro 14,,,,,,,,,,,,,,,,,,,,,,,,
Apple,Apple M5 10 Core,M5 10,,,,,,,,,,,,28,,,,,,,,,,,,
Apple,Apple M5 Max 18 Core,M5 Max 18,,,,,,,,,,,,,,,,,,,,,,,,
Apple,Apple M5 Pro 15 Core,M5 Pro 15,,,,,,,,,,,,,,,,,,,,,,,,
Apple,Apple M5 Pro 18 Core,M5 Pro 18,,,,,,,,,,,,,,,,,,,,,,,,
ARM,ARM - 10 Core 0 MHz,- 10 0 MHz,,,10,,,10,,,,,,,,,,,,,,,,,,
ARM,ARM - 10 Core 2000 MHz,- 10 2000 MHz,,,10,,,10,,,,2.0,,,,,,,,,,,,,,
ARM,ARM - 12 Core 0 MHz,- 12 0 MHz,,,12,,,12,,,,,,,,,,,,,,,,,,
ARM,ARM - 12 Core 2000 MHz,- 12 2000 MHz,,,12,,,12,,,,2.0,,,,,,,,,,,,,,
ARM,ARM - 14 Core 2601 MHz,- 14 2601 MHz,,,14,,,14,,,,2.6,,,,,,,,,,,,,,
ARM,ARM - 16 Core 0 MHz,- 16 0 MHz,,,16,,,16,,,,,,,,,,,,,,,,,,
ARM,ARM - 2 Core 0 MHz,- 2 0 MHz,,,2,,,2,,,,,,,,,,,,,,,,,,
ARM,ARM - 20 Core 0 MHz,- 20 0 MHz,,,20,,,20,,,,,,,,,,,,,,,,,,
ARM,ARM - 32 Core 2911 MHz,- 32 2911 MHz,,,32,,,32,,,,2.9,,,,,,,,,,,,,,
ARM,ARM - 32 Core 3000 MHz,- 32 3000 MHz,,,32,,,32,,,,3.0,,,,,,,,,,,,,,
ARM,ARM - 32 Core 3300 MHz,- 32 3300 MHz,,,32,,,32,,,,3.3,,,,,,,,,,,,,,
ARM,ARM - 4 Core 0 MHz,- 4 0 MHz,,,4,,,4,,,,,,,,,,,,,,,,,,
ARM,ARM - 4 Core 1800 MHz,- 4 1800 MHz,,,4,,,8,,,,1.8,,,,,,,,,,,,,,
ARM,ARM - 4 Core 1804 MHz,- 4 1804 MHz,,,4,,,8,,,,1.8,,,,,,,,,,,,,,
ARM,ARM - 4 Core 2016 MHz,- 4 2016 MHz,,,4,,,8,,,,2.0,,,,,,,,,,,,,,
ARM,ARM - 5 Core 2808 MHz,- 5 2808 MHz,,,5,,,20,,,,2.8,,,,,,,,,,,,,,
ARM,ARM - 6 Core 0 MHz,- 6 0 MHz,,,6,,,6,,,,,,,,,,,,,,,,,,
ARM,ARM - 6 Core 1800 MHz,- 6 1800 MHz,,,6,,,6,,,,1.8,,,,,,,,,,,,,,
ARM,ARM - 8 Core 0 MHz,- 8 0 MHz,,,8,,,8,,,,,,,,,,,,,,,,,,
ARM,ARM - 8 Core 1766 MHz,- 8 1766 MHz,,,8,,,8,,,,1.8,,,,,,,,,,,,,,
ARM,ARM - 8 Core 1800 MHz,- 8 1800 MHz,,,8,,,8,,,,1.8,,,,,,,,,,,,,,
ARM,ARM - 8 Core 2208 MHz,- 8 2208 MHz,,,8,,,8,,,,2.2,,,,,,,,,,,,,,
ARM,ARM - 8 Core 2424 MHz,- 8 2424 MHz,,,8,,,8,,,,2.4,,,,,,,,,,,,,,
ARM,ARM - 8 Core 3628 MHz,- 8 3628 MHz,,,8,,,8,,,,3.6,,,,,,,,,,,,,,
ARM,ARM Ampere-1 4 Core 0 MHz,Ampere-1 4 0 MHz,,,4,,,4,,,,,,,,,,,,,,,,,,
ARM,ARM Ampere-1a 192 Core 2600 MHz,Ampere-1a 192 2600 MHz,,,192,,,192,,,,2.6,,,,,,,,,,,,,,
Apple,ARM Apple M1 (Virtual) 4 Core 0 MHz,M1 (Virtual) 4 0 MHz,,,4,,,4,,,,,,,,,,,,,,,,,,
Apple,ARM Apple M1 Max (Virtual) 10 Core 0 MHz,M1 Max (Virtual) 10 0 MHz,,,10,,,10,,,,,,,,,,,,,,,,,,
ARM,ARM ARMv7 rev 0 (v7l) 4 Core 0 MHz,v7 rev 0 (v7l) 4 0 MHz,,,4,,,4,,,,,,,,,,,,,,,,,,
ARM,ARM ARMv7 rev 1 (v7l) 4 Core 1608 MHz,v7 rev 1 (v7l) 4 1608 MHz,,,4,,,4,,,,1.6,,,,,,,,,,,,,,
ARM,ARM ARMv7 rev 1 (v7l) 4 Core 1800 MHz,v7 rev 1 (v7l) 4 1800 MHz,,,4,,,4,,,,1.8,,,,,,,,,,,,,,
ARM,ARM ARMv7 rev 3 (v7l) 4 Core 2065 MHz,v7 rev 3 (v7l) 4 2065 MHz,,,4,,,4,,,,2.1,,,,,,,,,,,,,,
ARM,ARM ARMv7 rev 3 (v7l) 4 Core 2116 MHz,v7 rev 3 (v7l) 4 2116 MHz,,,4,,,4,,,,2.1,,,,,,,,,,,,,,
ARM,ARM ARMv7 rev 4 (v7l) 2 Core 960 MHz,v7 rev 4 (v7l) 2 960 MHz,,,2,,,2,,,,1.0,,,,,,,,,,,,,,
ARM,ARM ARMv7 rev 4 (v7l) 4 Core 1200 MHz,v7 rev 4 (v7l) 4 1200 MHz,,,4,,,4,,,,1.2,,,,,,,,,,,,,,
ARM,ARM ARMv7 rev 4 (v7l) 4 Core 1400 MHz,v7 rev 4 (v7l) 4 1400 MHz,,,4,,,4,,,,1.4,,,,,,,,,,,,,,
ARM,ARM ARMv7 rev 5 (v7l) 2 Core 0 MHz,v7 rev 5 (v7l) 2 0 MHz,,,2,,,2,,,,,,,,,,,,,,,,,,
ARM,ARM ARMv7 rev 5 (v7l) 4 Core 1200 MHz,v7 rev 5 (v7l) 4 1200 MHz,,,4,,,4,,,,1.2,,,,,,,,,,,,,,
ARM,ARM ARMv8 6 Core 0 MHz,v8 6 0 MHz,,,6,,,6,,,,,,,,,,,,,,,,,,
ARM,ARM ARMv8 8 Core 2500 MHz,v8 8 2500 MHz,,,8,,,8,,,,2.5,,,,,,,,,,,,,,
ARM,[3-Way] ARM ARMv8 rev 0 (v8l) 6 Core 1907 MHz,[3-Way] v8 rev 0 (v8l) 6 1907 MHz,,,6,,,6,,,,1.9,,,,,,,,,,,,,,
ARM,[3-Way] ARM ARMv8 rev 1 (v8l) 12 Core 2201 MHz,[3-Way] v8 rev 1 (v8l) 12 2201 MHz,,,12,,,12,,,,2.2,,,,,,,,,,,,,,
ARM,ARM ARMv8 rev 1 (v8l) 4 Core 1510 MHz,v8 rev 1 (v8l) 4 1510 MHz,,,4,,,4,,,,1.5,,,,,,,,,,,,,,
ARM,ARM ARMv8 rev 1 (v8l) 4 Core 1984 MHz,v8 rev 1 (v8l) 4 1984 MHz,,,4,,,4,,,,2.0,,,,,,,,,,,,,,
ARM,ARM ARMv8 rev 1 (v8l) 6 Core 1510 MHz,v8 rev 1 (v8l) 6 1510 MHz,,,6,,,6,,,,1.5,,,,,,,,,,,,,,
ARM,ARM ARMv8 rev 1 (v8l) 6 Core 1971 MHz,v8 rev 1 (v8l) 6 1971 MHz,,,6,,,6,,,,2.0,,,,,,,,,,,,,,
ARM,ARM ARMv8 rev 1 (v8l) 6 Core 1984 MHz,v8 rev 1 (v8l) 6 1984 MHz,,,6,,,6,,,,2.0,,,,,,,,,,,,,,
ARM,ARM Avalanche-M2 4 Core 2424 MHz,Avalanche-M2 4 2424 MHz,,,4,,,8,,,,2.4,,,,,,,,,,,,,,
ARM,ARM CIX P1 CD8180 7 Core 2500 MHz,CIX P1 CD8180 7 2500 MHz,,,7,,,7,,,,2.5,,,,,,,,,,,,,,
ARM,ARM Cortex-A15 4 Core 1400 MHz,Cortex-A15 4 1400 MHz,,,4,,,8,,,,1.4,,,,,,,,,,,,,,
ARM,ARM Cortex-A15 4 Core 1500 MHz,Cortex-A15 4 1500 MHz,,,4,,,8,,,,1.5,,,,,,,,,,,,,,
ARM,ARM Cortex-A15 4 Core 2000 MHz,Cortex-A15 4 2000 MHz,,,4,,,4,,,,2.0,,,,,,,,,,,,,,
ARM,ARM Cortex-A15 8 Core 1400 MHz,Cortex-A15 8 1400 MHz,,,8,,,8,,,,1.4,,,,,,,,,,,,,,
ARM,ARM Cortex-A17 3 Core 0 MHz,Cortex-A17 3 0 MHz,,,3,,,3,,,,,,,,,,,,,,,,,,
ARM,ARM Cortex-A17 4 Core 1800 MHz,Cortex-A17 4 1800 MHz,,,4,,,4,,,,1.8,,,,,,,,,,,,,,
ARM,ARM Cortex-A35 4 Core 0 MHz,Cortex-A35 4 0 MHz,,,4,,,4,,,,,,,,,,,,,,,,,,
ARM,ARM Cortex-A35 4 Core 1200 MHz,Cortex-A35 4 1200 MHz,,,4,,,4,,,,1.2,,,,,,,,,,,,,,
ARM,ARM Cortex-A35 4 Core 1296 MHz,Cortex-A35 4 1296 MHz,,,4,,,4,,,,1.3,,,,,,,,,,,,,,
ARM,ARM Cortex-A35 4 Core 1512 MHz,Cortex-A35 4 1512 MHz,,,4,,,4,,,,1.5,,,,,,,,,,,,,,
ARM,ARM Cortex-A35 4 Core 2004 MHz,Cortex-A35 4 2004 MHz,,,4,,,4,,,,2.0,,,,,,,,,,,,,,
ARM,ARM Cortex-A53 1 Core 0 MHz,Cortex-A53 1 0 MHz,,,1,,,1,,,,,,,,,,,,,,,,,,
ARM,ARM Cortex-A53 2 Core 0 MHz,Cortex-A53 2 0 MHz,,,2,,,2,,,,,,,,,,,,,,,,,,
ARM,ARM Cortex-A53 4 Core 0 MHz,Cortex-A53 4 0 MHz,,,4,,,4,,,,,,,,,,,,,,,,,,
ARM,ARM Cortex-A53 4 Core 1000 MHz,Cortex-A53 4 1000 MHz,,,4,,,4,,,,1.0,,,,,,,,,,,,,,
ARM,ARM Cortex-A53 4 Core 1008 MHz,Cortex-A53 4 1008 MHz,,,4,,,4,,,,1.0,,,,,,,,,,,,,,
ARM,ARM Cortex-A53 4 Core 1152 MHz,Cortex-A53 4 1152 MHz,,,4,,,4,,,,1.2,,,,,,,,,,,,,,
ARM,ARM Cortex-A53 4 Core 1199 MHz,Cortex-A53 4 1199 MHz,,,4,,,4,,,,1.2,,,,,,,,,,,,,,
ARM,ARM Cortex-A53 4 Core 1200 MHz,Cortex-A53 4 1200 MHz,,,4,,,4,,,,1.2,,,,,,,,,,,,,,
ARM,ARM Cortex-A53 4 Core 1296 MHz,Cortex-A53 4 1296 MHz,,,4,,,4,,,,1.3,,,,,,,,,,,,,,
ARM,ARM Cortex-A53 4 Core 1300 MHz,Cortex-A53 4 1300 MHz,,,4,,,4,,,,1.3,,,,,,,,,,,,,,
ARM,ARM Cortex-A53 4 Core 1333 MHz,Cortex-A53 4 1333 MHz,,,4,,,4,,,,1.3,,,,,,,,,,,,,,
ARM,ARM Cortex-A53 4 Core 1368 MHz,Cortex-A53 4 1368 MHz,,,4,,,4,,,,1.4,,,,,,,,,,,,,,
ARM,ARM Cortex-A53 4 Core 1392 MHz,Cortex-A53 4 1392 MHz,,,4,,,4,,,,1.4,,,,,,,,,,,,,,
ARM,ARM Cortex-A53 4 Core 1400 MHz,Cortex-A53 4 1400 MHz,,,4,,,4,,,,1.4,,,,,,,,,,,,,,
ARM,ARM Cortex-A53 4 Core 1416 MHz,Cortex-A53 4 1416 MHz,,,4,,,4,,,,1.4,,,,,,,,,,,,,,
ARM,ARM Cortex-A53 4 Core 1500 MHz,Cortex-A53 4 1500 MHz,,,4,,,4,,,,1.5,,,,,,,,,,,,,,
ARM,ARM Cortex-A53 4 Core 1512 MHz,Cortex-A53 4 1512 MHz,,,4,,,4,,,,1.5,,,,,,,,,,,,,,
ARM,ARM Cortex-A53 4 Core 1536 MHz,Cortex-A53 4 1536 MHz,,,4,,,4,,,,1.5,,,,,,,,,,,,,,
ARM,ARM Cortex-A53 4 Core 1600 MHz,Cortex-A53 4 1600 MHz,,,4,,,4,,,,1.6,,,,,,,,,,,,,,
ARM,ARM Cortex-A53 4 Core 1608 MHz,Cortex-A53 4 1608 MHz,,,4,,,4,,,,1.6,,,,,,,,,,,,,,
ARM,ARM Cortex-A53 4 Core 1704 MHz,Cortex-A53 4 1704 MHz,,,4,,,4,,,,1.7,,,,,,,,,,,,,,
ARM,ARM Cortex-A53 4 Core 1800 MHz,Cortex-A53 4 1800 MHz,,,4,,,4,,,,1.8,,,,,,,,,,,,,,
ARM,ARM Cortex-A53 4 Core 1908 MHz,Cortex-A53 4 1908 MHz,,,4,,,4,,,,1.9,,,,,,,,,,,,,,
ARM,ARM Cortex-A53 4 Core 1968 MHz,Cortex-A53 4 1968 MHz,,,4,,,4,,,,2.0,,,,,,,,,,,,,,
ARM,ARM Cortex-A53 4 Core 2016 MHz,Cortex-A53 4 2016 MHz,,,4,,,4,,,,2.0,,,,,,,,,,,,,,
ARM,ARM Cortex-A53 4 Core 2040 MHz,Cortex-A53 4 2040 MHz,,,4,,,4,,,,2.0,,,,,,,,,,,,,,
ARM,ARM Cortex-A53 4 Core 600 MHz,Cortex-A53 4 600 MHz,,,4,,,4,,,,0.6,,,,,,,,,,,,,,
ARM,ARM Cortex-A53 6 Core 1896 MHz,Cortex-A53 6 1896 MHz,,,6,,,6,,,,1.9,,,,,,,,,,,,,,
ARM,ARM Cortex-A53 8 Core 1512 MHz,Cortex-A53 8 1512 MHz,,,8,,,8,,,,1.5,,,,,,,,,,,,,,
ARM,ARM Cortex-A55 2 Core 0 MHz,Cortex-A55 2 0 MHz,,,2,,,2,,,,,,,,,,,,,,,,,,
ARM,ARM Cortex-A55 4 Core 0 MHz,Cortex-A55 4 0 MHz,,,4,,,4,,,,,,,,,,,,,,,,,,
ARM,ARM Cortex-A55 4 Core 1416 MHz,Cortex-A55 4 1416 MHz,,,4,,,4,,,,1.4,,,,,,,,,,,,,,
ARM,ARM Cortex-A55 4 Core 1800 MHz,Cortex-A55 4 1800 MHz,,,4,,,4,,,,1.8,,,,,,,,,,,,,,
ARM,ARM Cortex-A55 4 Core 1908 MHz,Cortex-A55 4 1908 MHz,,,4,,,4,,,,1.9,,,,,,,,,,,,,,
ARM,ARM Cortex-A55 4 Core 1992 MHz,Cortex-A55 4 1992 MHz,,,4,,,4,,,,2.0,,,,,,,,,,,,,,
ARM,ARM Cortex-A55 4 Core 2000 MHz,Cortex-A55 4 2000 MHz,,,4,,,4,,,,2.0,,,,,,,,,,,,,,
ARM,ARM Cortex-A55 4 Core 2016 MHz,Cortex-A55 4 2016 MHz,,,4,,,4,,,,2.0,,,,,,,,,,,,,,
ARM,ARM Cortex-A55 4 Core 2100 MHz,Cortex-A55 4 2100 MHz,,,4,,,4,,,,2.1,,,,,,,,,,,,,,
ARM,ARM Cortex-A55 4 Core 2124 MHz,Cortex-A55 4 2124 MHz,,,4,,,4,,,,2.1,,,,,,,,,,,,,,
ARM,ARM Cortex-A55 4 Core 2208 MHz,Cortex-A55 4 2208 MHz,,,4,,,4,,,,2.2,,,,,,,,,,,,,,
ARM,ARM Cortex-A55 4 Core 2508 MHz,Cortex-A55 4 2508 MHz,,,4,,,4,,,,2.5,,,,,,,,,,,,,,
ARM,ARM Cortex-A55 6 Core 1800 MHz,Cortex-A55 6 1800 MHz,,,6,,,6,,,,1.8,,,,,,,,,,,,,,
ARM,ARM Cortex-A55 8 Core 1416 MHz,Cortex-A55 8 1416 MHz,,,8,,,8,,,,1.4,,,,,,,,,,,,,,
ARM,ARM Cortex-A55 8 Core 1500 MHz,Cortex-A55 8 1500 MHz,,,8,,,8,,,,1.5,,,,,,,,,,,,,,
ARM,ARM Cortex-A55 8 Core 1800 MHz,Cortex-A55 8 1800 MHz,,,8,,,8,,,,1.8,,,,,,,,,,,,,,
ARM,ARM Cortex-A57 2 Core 1479 MHz,Cortex-A57 2 1479 MHz,,,2,,,2,,,,1.5,,,,,,,,,,,,,,
ARM,ARM Cortex-A57 4 Core 0 MHz,Cortex-A57 4 0 MHz,,,4,,,4,,,,,,,,,,,,,,,,,,
ARM,ARM Cortex-A57 4 Core 1479 MHz,Cortex-A57 4 1479 MHz,,,4,,,4,,,,1.5,,,,,,,,,,,,,,
ARM,ARM Cortex-A57 4 Core 1734 MHz,Cortex-A57 4 1734 MHz,,,4,,,4,,,,1.7,,,,,,,,,,,,,,
ARM,ARM Cortex-A57 4 Core 1912 MHz,Cortex-A57 4 1912 MHz,,,4,,,4,,,,1.9,,,,,,,,,,,,,,
ARM,ARM Cortex-A57 4 Core 2014 MHz,Cortex-A57 4 2014 MHz,,,4,,,4,,,,2.0,,,,,,,,,,,,,,
ARM,ARM Cortex-A57 4 Core 2035 MHz,Cortex-A57 4 2035 MHz,,,4,,,4,,,,2.0,,,,,,,,,,,,,,
ARM,ARM Cortex-A57 4 Core 2091 MHz,Cortex-A57 4 2091 MHz,,,4,,,4,,,,2.1,,,,,,,,,,,,,,
ARM,ARM Cortex-A57 4 Core 2295 MHz,Cortex-A57 4 2295 MHz,,,4,,,4,,,,2.3,,,,,,,,,,,,,,
ARM,ARM Cortex-A57 8 Core 1500 MHz,Cortex-A57 8 1500 MHz,,,8,,,8,,,,1.5,,,,,,,,,,,,,,
ARM,ARM Cortex-A57 8 Core 1766 MHz,Cortex-A57 8 1766 MHz,,,8,,,8,,,,1.8,,,,,,,,,,,,,,
ARM,ARM Cortex-A7 2 Core 1000 MHz,Cortex-A7 2 1000 MHz,,,2,,,2,,,,1.0,,,,,,,,,,,,,,
ARM,ARM Cortex-A7 2 Core 1080 MHz,Cortex-A7 2 1080 MHz,,,2,,,2,,,,1.1,,,,,,,,,,,,,,
ARM,ARM Cortex-A7 2 Core 960 MHz,Cortex-A7 2 960 MHz,,,2,,,2,,,,1.0,,,,,,,,,,,,,,
ARM,ARM Cortex-A7 2 Core 996 MHz,Cortex-A7 2 996 MHz,,,2,,,2,,,,1.0,,,,,,,,,,,,,,
ARM,ARM Cortex-A7 4 Core 1000 MHz,Cortex-A7 4 1000 MHz,,,4,,,4,,,,1.0,,,,,,,,,,,,,,
ARM,ARM Cortex-A7 4 Core 1008 MHz,Cortex-A7 4 1008 MHz,,,4,,,4,,,,1.0,,,,,,,,,,,,,,
ARM,ARM Cortex-A7 4 Core 1200 MHz,Cortex-A7 4 1200 MHz,,,4,,,4,,,,1.2,,,,,,,,,,,,,,
ARM,ARM Cortex-A7 4 Core 1296 MHz,Cortex-A7 4 1296 MHz,,,4,,,4,,,,1.3,,,,,,,,,,,,,,
ARM,ARM Cortex-A7 4 Core 1300 MHz,Cortex-A7 4 1300 MHz,,,4,,,4,,,,1.3,,,,,,,,,,,,,,
ARM,ARM Cortex-A7 4 Core 1368 MHz,Cortex-A7 4 1368 MHz,,,4,,,4,,,,1.4,,,,,,,,,,,,,,
ARM,ARM Cortex-A7 4 Core 1392 MHz,Cortex-A7 4 1392 MHz,,,4,,,4,,,,1.4,,,,,,,,,,,,,,
ARM,ARM Cortex-A7 4 Core 900 MHz,Cortex-A7 4 900 MHz,,,4,,,4,,,,0.9,,,,,,,,,,,,,,
ARM,ARM Cortex-A715 4 Core 2200 MHz,Cortex-A715 4 2200 MHz,,,4,,,8,,,,2.2,,,,,,,,,,,,,,
ARM,ARM Cortex-A72 1 Core 0 MHz,Cortex-A72 1 0 MHz,,,1,,,1,,,,,,,,,,,,,,,,,,
ARM,ARM Cortex-A72 16 Core 0 MHz,Cortex-A72 16 0 MHz,,,16,,,16,,,,,,,,,,,,,,,,,,
ARM,ARM Cortex-A72 16 Core 2000 MHz,Cortex-A72 16 2000 MHz,,,16,,,16,,,,2.0,,,,,,,,,,,,,,
ARM,ARM Cortex-A72 16 Core 2200 MHz,Cortex-A72 16 2200 MHz,,,16,,,16,,,,2.2,,,,,,,,,,,,,,
ARM,ARM Cortex-A72 2 Core 0 MHz,Cortex-A72 2 0 MHz,,,2,,,2,,,,,,,,,,,,,,,,,,
ARM,ARM Cortex-A72 2 Core 1199 MHz,Cortex-A72 2 1199 MHz,,,2,,,2,,,,1.2,,,,,,,,,,,,,,
ARM,ARM Cortex-A72 2 Core 1703 MHz,Cortex-A72 2 1703 MHz,,,2,,,4,,,,1.7,,,,,,,,,,,,,,
ARM,ARM Cortex-A72 4 Core 0 MHz,Cortex-A72 4 0 MHz,,,4,,,4,,,,,,,,,,,,,,,,,,
ARM,ARM Cortex-A72 4 Core 1000 MHz,Cortex-A72 4 1000 MHz,,,4,,,4,,,,1.0,,,,,,,,,,,,,,
ARM,ARM Cortex-A72 4 Core 1200 MHz,Cortex-A72 4 1200 MHz,,,4,,,4,,,,1.2,,,,,,,,,,,,,,
ARM,ARM Cortex-A72 4 Core 1416 MHz,Cortex-A72 4 1416 MHz,,,4,,,4,,,,1.4,,,,,,,,,,,,,,
ARM,ARM Cortex-A72 4 Core 1500 MHz,Cortex-A72 4 1500 MHz,,,4,,,4,,,,1.5,,,,,,,,,,,,,,
ARM,ARM Cortex-A72 4 Core 1600 MHz,Cortex-A72 4 1600 MHz,,,4,,,4,,,,1.6,,,,,,,,,,,,,,
ARM,ARM Cortex-A72 4 Core 1700 MHz,Cortex-A72 4 1700 MHz,,,4,,,4,,,,1.7,,,,,,,,,,,,,,
ARM,ARM Cortex-A72 4 Core 1750 MHz,Cortex-A72 4 1750 MHz,,,4,,,4,,,,1.8,,,,,,,,,,,,,,
ARM,ARM Cortex-A72 4 Core 1800 MHz,Cortex-A72 4 1800 MHz,,,4,,,4,,,,1.8,,,,,,,,,,,,,,
ARM,ARM Cortex-A72 4 Core 1850 MHz,Cortex-A72 4 1850 MHz,,,4,,,4,,,,1.9,,,,,,,,,,,,,,
ARM,ARM Cortex-A72 4 Core 1900 MHz,Cortex-A72 4 1900 MHz,,,4,,,4,,,,1.9,,,,,,,,,,,,,,
ARM,ARM Cortex-A72 4 Core 2000 MHz,Cortex-A72 4 2000 MHz,,,4,,,4,,,,2.0,,,,,,,,,,,,,,
ARM,ARM Cortex-A72 4 Core 2016 MHz,Cortex-A72 4 2016 MHz,,,4,,,8,,,,2.0,,,,,,,,,,,,,,
ARM,ARM Cortex-A72 4 Core 2100 MHz,Cortex-A72 4 2100 MHz,,,4,,,4,,,,2.1,,,,,,,,,,,,,,
ARM,ARM Cortex-A72 4 Core 2200 MHz,Cortex-A72 4 2200 MHz,,,4,,,4,,,,2.2,,,,,,,,,,,,,,
ARM,ARM Cortex-A72 4 Core 2208 MHz,Cortex-A72 4 2208 MHz,,,4,,,8,,,,2.2,,,,,,,,,,,,,,
ARM,ARM Cortex-A72 4 Core 2300 MHz,Cortex-A72 4 2300 MHz,,,4,,,4,,,,2.3,,,,,,,,,,,,,,
ARM,ARM Cortex-A72 4 Core 2394 MHz,Cortex-A72 4 2394 MHz,,,4,,,4,,,,2.4,,,,,,,,,,,,,,
ARM,ARM Cortex-A72 4 Core 2400 MHz,Cortex-A72 4 2400 MHz,,,4,,,4,,,,2.4,,,,,,,,,,,,,,
ARM,ARM Cortex-A72 4 Core 2800 MHz,Cortex-A72 4 2800 MHz,,,4,,,4,,,,2.8,,,,,,,,,,,,,,
ARM,ARM Cortex-A72 4 Core 800 MHz,Cortex-A72 4 800 MHz,,,4,,,4,,,,0.8,,,,,,,,,,,,,,
ARM,ARM Cortex-A72 6 Core 1008 MHz,Cortex-A72 6 1008 MHz,,,6,,,6,,,,1.0,,,,,,,,,,,,,,
ARM,ARM Cortex-A72 6 Core 1416 MHz,Cortex-A72 6 1416 MHz,,,6,,,6,,,,1.4,,,,,,,,,,,,,,
ARM,ARM Cortex-A72 6 Core 1512 MHz,Cortex-A72 6 1512 MHz,,,6,,,6,,,,1.5,,,,,,,,,,,,,,
ARM,ARM Cortex-A72 8 Core 0 MHz,Cortex-A72 8 0 MHz,,,8,,,8,,,,,,,,,,,,,,,,,,
ARM,ARM Cortex-A72 8 Core 2016 MHz,Cortex-A72 8 2016 MHz,,,8,,,8,,,,2.0,,,,,,,,,,,,,,
ARM,ARM Cortex-A720 12 Core 2600 MHz,Cortex-A720 12 2600 MHz,,,12,,,12,,,,2.6,,,,,,,,,,,,,,
ARM,ARM Cortex-A720 6 Core 2600 MHz,Cortex-A720 6 2600 MHz,,,6,,,12,,,,2.6,,,,,,,,,,,,,,
ARM,ARM Cortex-A720 8 Core 2600 MHz,Cortex-A720 8 2600 MHz,,,8,,,8,,,,2.6,,,,,,,,,,,,,,
ARM,ARM Cortex-A725 10 Core 2808 MHz,Cortex-A725 10 2808 MHz,,,10,,,20,,,,2.8,,,,,,,,,,,,,,
ARM,ARM Cortex-A73 4 Core 0 MHz,Cortex-A73 4 0 MHz,,,4,,,4,,,,,,,,,,,,,,,,,,
ARM,ARM Cortex-A73 4 Core 1800 MHz,Cortex-A73 4 1800 MHz,,,4,,,4,,,,1.8,,,,,,,,,,,,,,
ARM,ARM Cortex-A73 4 Core 1844 MHz,Cortex-A73 4 1844 MHz,,,4,,,8,,,,1.8,,,,,,,,,,,,,,
ARM,ARM Cortex-A73 4 Core 1900 MHz,Cortex-A73 4 1900 MHz,,,4,,,8,,,,1.9,,,,,,,,,,,,,,
ARM,ARM Cortex-A73 4 Core 1989 MHz,Cortex-A73 4 1989 MHz,,,4,,,8,,,,2.0,,,,,,,,,,,,,,
ARM,ARM Cortex-A73 4 Core 2100 MHz,Cortex-A73 4 2100 MHz,,,4,,,4,,,,2.1,,,,,,,,,,,,,,
ARM,ARM Cortex-A73 4 Core 2208 MHz,Cortex-A73 4 2208 MHz,,,4,,,4,,,,2.2,,,,,,,,,,,,,,
ARM,ARM Cortex-A73 6 Core 1896 MHz,Cortex-A73 6 1896 MHz,,,6,,,6,,,,1.9,,,,,,,,,,,,,,
ARM,ARM Cortex-A73 6 Core 1992 MHz,Cortex-A73 6 1992 MHz,,,6,,,6,,,,2.0,,,,,,,,,,,,,,
ARM,ARM Cortex-A73 6 Core 2016 MHz,Cortex-A73 6 2016 MHz,,,6,,,6,,,,2.0,,,,,,,,,,,,,,
ARM,ARM Cortex-A73 8 Core 1989 MHz,Cortex-A73 8 1989 MHz,,,8,,,8,,,,2.0,,,,,,,,,,,,,,
ARM,ARM Cortex-A76 2 Core 0 MHz,Cortex-A76 2 0 MHz,,,2,,,8,,,,,,,,,,,,,,,,,,
ARM,ARM Cortex-A76 4 Core 1500 MHz,Cortex-A76 4 1500 MHz,,,4,,,4,,,,1.5,,,,,,,,,,,,,,
ARM,ARM Cortex-A76 4 Core 1608 MHz,Cortex-A76 4 1608 MHz,,,4,,,8,,,,1.6,,,,,,,,,,,,,,
ARM,ARM Cortex-A76 4 Core 1800 MHz,Cortex-A76 4 1800 MHz,,,4,,,8,,,,1.8,,,,,,,,,,,,,,
ARM,ARM Cortex-A76 4 Core 2000 MHz,Cortex-A76 4 2000 MHz,,,4,,,4,,,,2.0,,,,,,,,,,,,,,
ARM,ARM Cortex-A76 4 Core 2400 MHz,Cortex-A76 4 2400 MHz,,,4,,,4,,,,2.4,,,,,,,,,,,,,,
ARM,ARM Cortex-A76 4 Core 2500 MHz,Cortex-A76 4 2500 MHz,,,4,,,4,,,,2.5,,,,,,,,,,,,,,
ARM,ARM Cortex-A76 4 Core 2600 MHz,Cortex-A76 4 2600 MHz,,,4,,,4,,,,2.6,,,,,,,,,,,,,,
ARM,ARM Cortex-A76 4 Core 2700 MHz,Cortex-A76 4 2700 MHz,,,4,,,4,,,,2.7,,,,,,,,,,,,,,
ARM,ARM Cortex-A76 4 Core 2800 MHz,Cortex-A76 4 2800 MHz,,,4,,,4,,,,2.8,,,,,,,,,,,,,,
ARM,ARM Cortex-A76 4 Core 2900 MHz,Cortex-A76 4 2900 MHz,,,4,,,4,,,,2.9,,,,,,,,,,,,,,
ARM,ARM Cortex-A76 4 Core 3000 MHz,Cortex-A76 4 3000 MHz,,,4,,,4,,,,3.0,,,,,,,,,,,,,,
ARM,ARM Cortex-A76 4 Core 3100 MHz,Cortex-A76 4 3100 MHz,,,4,,,4,,,,3.1,,,,,,,,,,,,,,
ARM,ARM Cortex-A76 4 Core 3200 MHz,Cortex-A76 4 3200 MHz,,,4,,,4,,,,3.2,,,,,,,,,,,,,,
ARM,ARM Cortex-A76 4 Core 3300 MHz,Cortex-A76 4 3300 MHz,,,4,,,4,,,,3.3,,,,,,,,,,,,,,
ARM,ARM Cortex-A76 4 Core 3400 MHz,Cortex-A76 4 3400 MHz,,,4,,,4,,,,3.4,,,,,,,,,,,,,,
ARM,ARM Cortex-A76 8 Core 0 MHz,Cortex-A76 8 0 MHz,,,8,,,8,,,,,,,,,,,,,,,,,,
ARM,ARM Cortex-A76 8 Core 1800 MHz,Cortex-A76 8 1800 MHz,,,8,,,8,,,,1.8,,,,,,,,,,,,,,
ARM,ARM Cortex-A78 4 Core 1958 MHz,Cortex-A78 4 1958 MHz,,,4,,,8,,,,2.0,,,,,,,,,,,,,,
ARM,ARM Cortex-A78 4 Core 2000 MHz,Cortex-A78 4 2000 MHz,,,4,,,8,,,,2.0,,,,,,,,,,,,,,
ARM,ARM Cortex-A78 8 Core,Cortex-A78 8,,,8,,,8,,,,,,,,,,,,,,,,,,
ARM,ARM Cortex-A78AE 10 Core 2112 MHz,Cortex-A78AE 10 2112 MHz,,,10,,,10,,,,2.1,,,,,,,,,,,,,,
ARM,ARM Cortex-A78AE 12 Core 2201 MHz,Cortex-A78AE 12 2201 MHz,,,12,,,12,,,,2.2,,,,,,,,,,,,,,
ARM,ARM Cortex-A78AE 16 Core 0 MHz,Cortex-A78AE 16 0 MHz,,,16,,,16,,,,,,,,,,,,,,,,,,
ARM,ARM Cortex-A78AE 6 Core 1510 MHz,Cortex-A78AE 6 1510 MHz,,,6,,,6,,,,1.5,,,,,,,,,,,,,,
ARM,ARM Cortex-A78AE 6 Core 1728 MHz,Cortex-A78AE 6 1728 MHz,,,6,,,6,,,,1.7,,,,,,,,,,,,,,
ARM,ARM Cortex-A78AE 8 Core 1984 MHz,Cortex-A78AE 8 1984 MHz,,,8,,,8,,,,2.0,,,,,,,,,,,,,,
ARM,ARM Cortex-A78AE 8 Core 2201 MHz,Cortex-A78AE 8 2201 MHz,,,8,,,8,,,,2.2,,,,,,,,,,,,,,
ARM,ARM Cortex-X1 4 Core 0 MHz,Cortex-X1 4 0 MHz,,,4,,,8,,,,,,,,,,,,,,,,,,
ARM,ARM Cortex-X1 4 Core 1803 MHz,Cortex-X1 4 1803 MHz,,,4,,,8,,,,1.8,,,,,,,,,,,,,,
ARM,ARM Cortex-X1C 4 Core 2438 MHz,Cortex-X1C 4 2438 MHz,,,4,,,8,,,,2.4,,,,,,,,,,,,,,
ARM,ARM D2000-8 8 Core 2300 MHz,D2000-8 8 2300 MHz,,,8,,,8,,,,2.3,,,,,,,,,,,,,,
ARM,ARM Falkor V1-Kryo 4 Core 1612 MHz,Falkor V1-Kryo 4 1612 MHz,,,4,,,8,,,,1.6,,,,,,,,,,,,,,
ARM,ARM Falkor V1-Kryo 8 Core 1900 MHz,Falkor V1-Kryo 8 1900 MHz,,,8,,,8,,,,1.9,,,,,,,,,,,,,,
ARM,ARM Falkor-V1-Kryo 4 Core 1900 MHz,Falkor-V1-Kryo 4 1900 MHz,,,4,,,8,,,,1.9,,,,,,,,,,,,,,
ARM,ARM Firestorm 4 Core 2064 MHz,Firestorm 4 2064 MHz,,,4,,,8,,,,2.1,,,,,,,,,,,,,,
ARM,ARM Firestorm 8 Core 2064 MHz,Firestorm 8 2064 MHz,,,8,,,8,,,,2.1,,,,,,,,,,,,,,
ARM,ARM Firestorm-M1 4 Core 2064 MHz,Firestorm-M1 4 2064 MHz,,,4,,,8,,,,2.1,,,,,,,,,,,,,,
ARM,ARM Firestorm-M1-Pro 8 Core 2064 MHz,Firestorm-M1-Pro 8 2064 MHz,,,8,,,8,,,,2.1,,,,,,,,,,,,,,
ARM,ARM FT-2000+-64 64 Core 0 MHz,FT-2000+-64 64 0 MHz,,,64,,,64,,,,,,,,,,,,,,,,,,
ARM,ARM FT-2000-4 4 Core 2200 MHz,FT-2000-4 4 2200 MHz,,,4,,,4,,,,2.2,,,,,,,,,,,,,,
ARM,ARM FTC662 64 Core 0 MHz,FTC662 64 0 MHz,,,64,,,64,,,,,,,,,,,,,,,,,,
ARM,ARM FTC663 8 Core 0 MHz,FTC663 8 0 MHz,,,8,,,8,,,,,,,,,,,,,,,,,,
ARM,ARM HUAWEI.Kunpeng 920 24 Core 2600 MHz,HUAWEI.Kunpeng 920 24 2600 MHz,,,24,,,24,,,,2.6,,,,,,,,,,,,,,
ARM,ARM Krait 4 Core 0 MHz,Krait 4 0 MHz,,,4,,,4,,,,,,,,,,,,,,,,,,
ARM,ARM Kryo V2 4 Core 2016 MHz,Kryo V2 4 2016 MHz,,,4,,,4,,,,2.0,,,,,,,,,,,,,,
ARM,ARM Kryo-3XX-Gold 4 Core 1766 MHz,Kryo-3XX-Gold 4 1766 MHz,,,4,,,8,,,,1.8,,,,,,,,,,,,,,
ARM,ARM Kryo-3XX-Gold 8 Core 1766 MHz,Kryo-3XX-Gold 8 1766 MHz,,,8,,,8,,,,1.8,,,,,,,,,,,,,,
ARM,ARM Kryo-4XX-Gold 1 Core 0 MHz,Kryo-4XX-Gold 1 0 MHz,,,1,,,1,,,,,,,,,,,,,,,,,,
ARM,ARM Kryo-4XX-Gold 8 Core 0 MHz,Kryo-4XX-Gold 8 0 MHz,,,8,,,8,,,,,,,,,,,,,,,,,,
ARM,ARM Kryo-4XX-Gold 8 Core 1804 MHz,Kryo-4XX-Gold 8 1804 MHz,,,8,,,8,,,,1.8,,,,,,,,,,,,,,
ARM,ARM Kryo-4XX-Silver 4 Core 1766 MHz,Kryo-4XX-Silver 4 1766 MHz,,,4,,,8,,,,1.8,,,,,,,,,,,,,,
ARM,ARM Kryo-4XX-Silver 4 Core 1785 MHz,Kryo-4XX-Silver 4 1785 MHz,,,4,,,8,,,,1.8,,,,,,,,,,,,,,
ARM,ARM Kryo-4XX-Silver 4 Core 1804 MHz,Kryo-4XX-Silver 4 1804 MHz,,,4,,,8,,,,1.8,,,,,,,,,,,,,,
ARM,ARM Kunpeng-920 16 Core 0 MHz,Kunpeng-920 16 0 MHz,,,16,,,16,,,,,,,,,,,,,,,,,,
ARM,ARM Kunpeng-920 24 Core 0 MHz,Kunpeng-920 24 0 MHz,,,24,,,24,,,,,,,,,,,,,,,,,,
ARM,ARM Kunpeng-920 24 Core 2600 MHz,Kunpeng-920 24 2600 MHz,,,24,,,24,,,,2.6,,,,,,,,,,,,,,
ARM,ARM Kunpeng-920 8 Core 0 MHz,Kunpeng-920 8 0 MHz,,,8,,,8,,,,,,,,,,,,,,,,,,
ARM,ARM Kunpeng-920 8 Core 2600 MHz,Kunpeng-920 8 2600 MHz,,,8,,,8,,,,2.6,,,,,,,,,,,,,,
ARM,ARM Neoverse-N1 1 Core 0 MHz,Neoverse-N1 1 0 MHz,,,1,,,1,,,,,,,,,,,,,,,,,,
ARM,ARM Neoverse-N1 10 Core 0 MHz,Neoverse-N1 10 0 MHz,,,10,,,10,,,,,,,,,,,,,,,,,,
ARM,ARM Neoverse-N1 12 Core 0 MHz,Neoverse-N1 12 0 MHz,,,12,,,12,,,,,,,,,,,,,,,,,,
ARM,ARM Neoverse-N1 128 Core 2600 MHz,Neoverse-N1 128 2600 MHz,,,128,,,128,,,,2.6,,,,,,,,,,,,,,
ARM,ARM Neoverse-N1 128 Core 2800 MHz,Neoverse-N1 128 2800 MHz,,,128,,,128,,,,2.8,,,,,,,,,,,,,,
ARM,ARM Neoverse-N1 128 Core 3000 MHz,Neoverse-N1 128 3000 MHz,,,128,,,128,,,,3.0,,,,,,,,,,,,,,
ARM,ARM Neoverse-N1 16 Core 0 MHz,Neoverse-N1 16 0 MHz,,,16,,,16,,,,,,,,,,,,,,,,,,
ARM,ARM Neoverse-N1 2 Core 0 MHz,Neoverse-N1 2 0 MHz,,,2,,,2,,,,,,,,,,,,,,,,,,
ARM,ARM Neoverse-N1 3 Core 0 MHz,Neoverse-N1 3 0 MHz,,,3,,,3,,,,,,,,,,,,,,,,,,
ARM,ARM Neoverse-N1 32 Core 0 MHz,Neoverse-N1 32 0 MHz,,,32,,,32,,,,,,,,,,,,,,,,,,
ARM,ARM Neoverse-N1 32 Core 1700 MHz,Neoverse-N1 32 1700 MHz,,,32,,,32,,,,1.7,,,,,,,,,,,,,,
ARM,ARM Neoverse-N1 4 Core 0 MHz,Neoverse-N1 4 0 MHz,,,4,,,4,,,,,,,,,,,,,,,,,,
ARM,ARM Neoverse-N1 48 Core 0 MHz,Neoverse-N1 48 0 MHz,,,48,,,48,,,,,,,,,,,,,,,,,,
ARM,ARM Neoverse-N1 5 Core 0 MHz,Neoverse-N1 5 0 MHz,,,5,,,5,,,,,,,,,,,,,,,,,,
ARM,ARM Neoverse-N1 6 Core 0 MHz,Neoverse-N1 6 0 MHz,,,6,,,6,,,,,,,,,,,,,,,,,,
ARM,ARM Neoverse-N1 60 Core 0 MHz,Neoverse-N1 60 0 MHz,,,60,,,60,,,,,,,,,,,,,,,,,,
ARM,ARM Neoverse-N1 64 Core 0 MHz,Neoverse-N1 64 0 MHz,,,64,,,64,,,,2.5,,,,,,,,,,,,,,
ARM,ARM Neoverse-N1 64 Core 2200 MHz,Neoverse-N1 64 2200 MHz,,,64,,,64,,,,2.2,,,,,,,,,,,,,,
ARM,ARM Neoverse-N1 64 Core 3000 MHz,Neoverse-N1 64 3000 MHz,,,64,,,64,,,,3.0,,,,,,,,,,,,,,
ARM,ARM Neoverse-N1 8 Core 0 MHz,Neoverse-N1 8 0 MHz,,,8,,,8,,,,,,,,,,,,,,,,,,
ARM,ARM Neoverse-N1 80 Core 0 MHz,Neoverse-N1 80 0 MHz,,,80,,,80,,,,,,,,,,,,,,,,,,
ARM,ARM Neoverse-N1 80 Core 2600 MHz,Neoverse-N1 80 2600 MHz,,,80,,,80,,,,2.6,,,,,,,,,,,,,,
ARM,ARM Neoverse-N1 80 Core 2800 MHz,Neoverse-N1 80 2800 MHz,,,80,,,80,,,,2.8,,,,,,,,,,,,,,
ARM,ARM Neoverse-N1 80 Core 3000 MHz,Neoverse-N1 80 3000 MHz,,,80,,,80,,,,3.0,,,,,,,,,,,,,,
ARM,ARM Neoverse-N1 96 Core 2800 MHz,Neoverse-N1 96 2800 MHz,,,96,,,96,,,,2.8,,,,,,,,,,,,,,
ARM,ARM Neoverse-N2 16 Core 0 MHz,Neoverse-N2 16 0 MHz,,,16,,,16,,,,,,,,,,,,,,,,,,
ARM,ARM Neoverse-N2 2 Core 0 MHz,Neoverse-N2 2 0 MHz,,,2,,,2,,,,,,,,,,,,,,,,,,
ARM,ARM Neoverse-N2 4 Core 0 MHz,Neoverse-N2 4 0 MHz,,,4,,,4,,,,,,,,,,,,,,,,,,
ARM,ARM Neoverse-N2 8 Core 2500 MHz,Neoverse-N2 8 2500 MHz,,,8,,,8,,,,2.5,,,,,,,,,,,,,,
ARM,ARM Neoverse-N3 8 Core 0 MHz,Neoverse-N3 8 0 MHz,,,8,,,8,,,,,,,,,,,,,,,,,,
ARM,ARM Neoverse-V1 1 Core 0 MHz,Neoverse-V1 1 0 MHz,,,1,,,1,,,,,,,,,,,,,,,,,,
ARM,ARM Neoverse-V1 16 Core 0 MHz,Neoverse-V1 16 0 MHz,,,16,,,16,,,,,,,,,,,,,,,,,,
ARM,ARM Neoverse-V1 2 Core 0 MHz,Neoverse-V1 2 0 MHz,,,2,,,2,,,,,,,,,,,,,,,,,,
ARM,ARM Neoverse-V1 4 Core 0 MHz,Neoverse-V1 4 0 MHz,,,4,,,4,,,,,,,,,,,,,,,,,,
ARM,ARM Neoverse-V2 1 Core 0 MHz,Neoverse-V2 1 0 MHz,,,1,,,1,,,,,,,,,,,,,,,,,,
ARM,ARM Neoverse-V2 2 Core 0 MHz,Neoverse-V2 2 0 MHz,,,2,,,2,,,,,,,,,,,,,,,,,,
ARM,ARM Neoverse-V2 4 Core 0 MHz,Neoverse-V2 4 0 MHz,,,4,,,4,,,,,,,,,,,,,,,,,,
ARM,ARM Neoverse-V2 72 Core 3411 MHz,Neoverse-V2 72 3411 MHz,,,72,,,72,,,,3.4,,,,,,,,,,,,,,
ARM,ARM Neoverse-V2 72 Core 3447 MHz,Neoverse-V2 72 3447 MHz,,,72,,,72,,,,3.4,,,,,,,,,,,,,,
ARM,ARM Neoverse-V2 72 Core 3465 MHz,Neoverse-V2 72 3465 MHz,,,72,,,72,,,,3.5,,,,,,,,,,,,,,
ARM,ARM Neoverse-V2 72 Core 3519 MHz,Neoverse-V2 72 3519 MHz,,,72,,,72,,,,3.5,,,,,,,,,,,,,,
ARM,ARM Neoverse-V2 96 Core 0 MHz,Neoverse-V2 96 0 MHz,,,96,,,96,,,,,,,,,,,,,,,,,,
ARM,ARM Oryon 12 Core 3417 MHz,Oryon 12 3417 MHz,,,12,,,12,,,,3.4,,,,,,,,,,,,,,
ARM,ARM Oryon 8 Core 0 MHz,Oryon 8 0 MHz,,,8,,,8,,,,,,,,,,,,,,,,,,
ARM,ARM Phytium D3000 8 Core 2500 MHz,Phytium D3000 8 2500 MHz,,,8,,,8,,,,2.5,,,,,,,,,,,,,,
ARM,ARM phytium FT1500a 4 Core 2000 MHz,phytium FT1500a 4 2000 MHz,,,4,,,4,,,,2.0,,,,,,,,,,,,,,
ARM,ARM Phytium FTC303 2 Core 1800 MHz,Phytium FTC303 2 1800 MHz,,,2,,,4,,,,1.8,,,,,,,,,,,,,,
ARM,ARM Phytium.D2000-8 8 Core 2000 MHz,Phytium.D2000-8 8 2000 MHz,,,8,,,8,,,,2.0,,,,,,,,,,,,,,
ARM,ARM Phytium.D2000-8 8 Core 2300 MHz,Phytium.D2000-8 8 2300 MHz,,,8,,,8,,,,2.3,,,,,,,,,,,,,,
ARM,ARM Phytium.D2000-8 E8C 8 Core 2300 MHz,Phytium.D2000-8 E8C 8 2300 MHz,,,8,,,8,,,,2.3,,,,,,,,,,,,,,
ARM,ARM Phytium.FT-2000-4 4 Core 0 MHz,Phytium.FT-2000-4 4 0 MHz,,,4,,,4,,,,,,,,,,,,,,,,,,
ARM,ARM Phytium.FT-2000-4 8 Core 2300 MHz,Phytium.FT-2000-4 8 2300 MHz,,,8,,,8,,,,2.3,,,,,,,,,,,,,,
ARM,ARM Phytium.FT-D3000 8 Core 2500 MHz,Phytium.FT-D3000 8 2500 MHz,,,8,,,8,,,,2.5,,,,,,,,,,,,,,
ARM,ARM Phytium-D3000M 8-C 8 Core 1800 MHz,Phytium-D3000M 8-C 8 1800 MHz,,,8,,,8,,,,1.8,,,,,,,,,,,,,,
ARM,ARM X-Gene 32 Core 3000 MHz,X-Gene 32 3000 MHz,,,32,,,32,,,,3.0,,,,,,,,,,,,,,
ARM,ARM X-Gene 32 Core 3300 MHz,X-Gene 32 3300 MHz,,,32,,,32,,,,3.3,,,,,,,,,,,,,,
ARM,ARM X-Gene 8 Core 0 MHz,X-Gene 8 0 MHz,,,8,,,8,,,,,,,,,,,,,,,,,,
Qualcomm,Dragonwing - IQX7181 - Qualcomm Oryon,Dragonwing - IQX7181 - Oryon,,,12,,,12,,,,,,,,,,,,,,,,,,
AMD,Dual-Core AMD Opteron 1220 SE,Dual- Opteron 1220 SE,,,2,,,2,,,,2.8,,103,,,,AM2,,,,,,,,
Google,Google GS201,GS201,,,8,,,8,,,,2.9,,,,,,,,,,,,,,
Google,Google R11 BtWifi Evt1.1,R11 BtWifi Evt1.1,,,2,,,2,,,,1.1,,,,,,,,,,,,,,
Google,Google Tensor,Tensor,,,8,,,8,,,,2.8,,,,,,,,,,,,,,
Google,Google Tensor G3,Tensor G3,,,9,,,9,,,,2.9,,,,,,,,,,,,,,
Google,Google Tensor G4,Tensor G4,,,8,,,8,,,,3.1,,,,,,,,,,,,,,
Google,Google Tensor G5,Tensor G5,,,8,,,8,,,,3.8,,,,,,,,,,,,,,
Qualcomm,Haydn based on Qualcomm Technologies. Inc SM8350,Haydn based on Technologies. Inc SM8350,,,8,,,8,,,,2.8,,,,,,,,,,,,,,
Intel,Intel 1300 @ 1.66GHz,1300,,,2,,,2,,,,1.7,,-1,,,,,,,,,,,,
Intel,Intel 1400 @ 1.83GHz,1400,,,2,,,2,,,,1.8,,-1,,,,,,,,,,,,
Intel,Intel 1500 @ 2.00GHz,1500,,,2,,,2,,,,2.0,,-1,,,,,,,,,,,,
Intel,Intel 2.80GHz,2.80GHz,,,2,,,2,,,,2.8,,,,,,,,,,,,,,
Intel,Intel 300,300,,,2,,,4,,,,3.9,,46,,,,FCLGA1700,,,,,,,,
Intel,Intel 300T,300T,,,2,,,4,,,,3.4,,35,,,,FCLGA1700,,,,,,,,0
Intel,Intel Atom 230 @ 1.60GHz,Atom 230,,,1,,,2,,,,1.6,,4,,,,BGA437,,,,,,,,
Intel,Intel Atom 330 @ 1.60GHz,Atom 330,,,2,,,4,,,,1.6,,8,,,,BGA437,,,,,,,,
Intel,Intel Atom C1110,Atom C1110,,,4,,,4,,,,2.1,,13,,,,,,,,,,,,
Intel,Intel Atom C2338 @ 1.74GHz,Atom C2338,,,2,,,2,2.0,,,1.7,,7,,,,FCBGA1283,,,,,,,,
Intel,Intel Atom C2350 @ 1.74GHz,Atom C2350,,,2,,,2,2.0,,,1.7,,6,,,,FCBGA1283,,,,,,,,
Intel,Intel Atom C2358 @ 1.74GHz,Atom C2358,,,2,,,2,2.0,,,1.7,,7,,,,FCBGA1283,,,,,,,,
Intel,Intel Atom C2538 @ 2.40GHz,Atom C2538,,,4,,,4,,,,2.4,,15,,,,FCBGA1283,,,,,,,,
Intel,Intel Atom C2550 @ 2.40GHz,Atom C2550,,,4,,,4,2.6,,,2.4,,14,,,,FCBGA1283,,,,,,,,
Intel,Intel Atom C2558 @ 2.40GHz,Atom C2558,,,4,,,4,,,,2.4,,15,,,,BGA 1283,,,,,,,,
Intel,Intel Atom C2750 @ 2.40GHz,Atom C2750,,,8,,,8,2.6,,,2.4,,20,,,,FCBGA1283,,,,,,,,
Intel,Intel Atom C2750 @ 2.41GHz,Atom C2750,,,8,,,8,2.6,,,2.4,,20,,,,BGA 1283,,,,,,,,
Intel,Intel Atom C2758 @ 2.40GHz,Atom C2758,,,8,,,8,,,,2.4,,20,,,,BGA 1283,,,,,,,,
Intel,Intel Atom C3338 @ 1.50GHz,Atom C3338,,,2,,,2,2.2,,,1.5,,8.5,,,,FCBGA1310,,,,,,,,
Intel,Intel Atom C3508 @ 1.60GHz,Atom C3508,,,4,,,4,,,,1.6,,11.5,,,,FCBGA1310,,,,,,,,
Intel,Intel Atom C3538 @ 2.10GHz,Atom C3538,,,4,,,4,,,,2.1,,15,,,,FCBGA1310,,,,,,,,
Intel,Intel Atom C3558 @ 2.20GHz,Atom C3558,,,4,,,4,,,,2.2,,16,,,,FCBGA1310,,,,,,,,
Intel,Intel Atom C3708 @ 1.70GHz,Atom C3708,,,8,,,8,,,,1.7,,17,,,,FCBGA1310,,,,,,,,
Intel,Intel Atom C3758 @ 2.20GHz,Atom C3758,,,8,,,8,,,,2.2,,25,,,,FCBGA1310,,,,,,,,
Intel,Intel Atom C3758R @ 2.40GHz,Atom C3758R,,,8,,,8,,,,2.4,,26,,,,FCBGA1310,,,,,,,,
Intel,Intel Atom C3808 @ 2.00GHz,Atom C3808,,,12,,,12,,,,2.0,,25,,,,FCBGA1310,,,,,,,,
Intel,Intel Atom C3858 @ 2.00GHz,Atom C3858,,,12,,,12,,,,2.0,,25,,,,FCBGA1310,,,,,,,,
Intel,Intel Atom C3958 @ 2.00GHz,Atom C3958,,,16,,,16,,,,2.0,,31,,,,FCBGA1310,,,,,,,,
Intel,Intel Atom C5125,Atom C5125,,,8,,,8,,,,2.8,,50,,,,FCBGA2106,,,,,,,,
Intel,Intel Atom C5315,Atom C5315,,,4,,,4,,,,2.4,,38,,,,FCBGA2106,,,,,,,,
Intel,Intel Atom D2500 @ 1.86GHz,Atom D2500,,,2,,,2,,,,1.9,,10,,,,BGA559,,,,,,,,
Intel,Intel Atom D2550 @ 1.86GHz,Atom D2550,,,2,,,4,,,,1.9,,10,,,,BGA559,,,,,,,,
Intel,Intel Atom D2560 @ 2.00GHz,Atom D2560,,,2,,,4,,,,2.0,,10,,,,,,,,,,,,
Intel,Intel Atom D2700 @ 2.13GHz,Atom D2700,,,2,,,4,,,,2.1,,10,,,,BGA559,,,,,,,,
Intel,Intel Atom D2701 @ 2.13GHz,Atom D2701,,,2,,,4,,,,2.1,,10,,,,BGA559,,,,,,,,
Intel,Intel Atom D410 @ 1.66GHz,Atom D410,,,1,,,2,,,,1.7,,10,,,,BGA559,,,,,,,,
Intel,Intel Atom D425 @ 1.80GHz,Atom D425,,,1,,,2,,,,1.8,,10,,,,BGA559,,,,,,,,
Intel,Intel Atom D510 @ 1.66GHz,Atom D510,,,2,,,4,,,,1.7,,13,,,,BGA559,,,,,,,,
Intel,Intel Atom D525 @ 1.80GHz,Atom D525,,,2,,,4,,,,1.8,,13,,,,BGA559,,,,,,,,
Intel,Intel Atom E3805 @ 1.33GHz,Atom E3805,,,2,,,2,,,,1.3,,3,,,,FCBGA1170,,,,,,,,
Intel,Intel Atom E3815 @ 1.46GHz,Atom E3815,,,1,,,1,,,,1.5,,5,,,,FCBGA1170,,,,,,,,
Intel,Intel Atom E3825 @ 1.33GHz,Atom E3825,,,2,,,2,,,,1.3,,6,,,,FCBGA1170,,,,,,,,
Intel,Intel Atom E3826 @ 1.46GHz,Atom E3826,,,2,,,2,,,,1.5,,7,,,,FCBGA1170,,,,,,,,
Intel,Intel Atom E3827 @ 1.74GHz,Atom E3827,,,2,,,2,,,,1.7,,8,,,,FCBGA1170,,,,,,,,
Intel,Intel Atom E3840 @ 1.91GHz,Atom E3840,,,4,,,4,,,,1.9,,,,,,,,,,,,,,
Intel,Intel Atom E3845 @ 1.91GHz,Atom E3845,,,4,,,4,,,,1.9,,10,,,,FCBGA1170,,,,,,,,
Intel,Intel Atom E3900 @ 1.60GHz,Atom E3900,,,4,,,4,,,,1.6,,,,,,,,,,,,,,
Intel,Intel Atom E660 @ 1.30GHz,Atom E660,,,1,,,2,,,,1.3,,3.3,,,,FCBGA676,,,,,,,,
Intel,Intel Atom E680 @ 1.60GHz,Atom E680,,,1,,,2,,,,1.6,,4.5,,,,BGA676,,,,,,,,
Intel,Intel Atom K510 @ 1.66GHz,Atom K510,,,2,,,4,,,,1.7,,,,,,,,,,,,,,
Intel,Intel Atom N2100 @ 1.60GHz,Atom N2100,,,1,,,2,,,,1.6,,,,,,BGA559,,,,,,,,
Intel,Intel Atom N2600 @ 1.60GHz,Atom N2600,,,2,,,4,,,,1.6,,3.5,,,,BGA559,,,,,,,,
Intel,Intel Atom N270 @ 1.60GHz,Atom N270,,,1,,,2,,,,1.6,,2.5,,,,BGA437,,,,,,,,
Intel,Intel Atom N280 @ 1.66GHz,Atom N280,,,1,,,2,,,,1.7,,2.5,,,,BGA437,,,,,,,,
Intel,Intel Atom N2800 @ 1.86GHz,Atom N2800,,,2,,,4,,,,1.9,,6.5,,,,BGA559,,,,,,,,
Intel,Intel Atom N435 @ 1.33GHz,Atom N435,,,1,,,2,,,,1.3,,,,,,,,,,,,,,
Intel,Intel Atom N450 @ 1.66GHz,Atom N450,,,1,,,2,,,,1.7,,5.5,,,,BGA559,,,,,,,,
Intel,Intel Atom N455 @ 1.66GHz,Atom N455,,,1,,,2,,,,1.7,,6.5,,,,BGA559,,,,,,,,
Intel,Intel Atom N470 @ 1.83GHz,Atom N470,,,1,,,2,,,,1.8,,6.5,,,,BGA559,,,,,,,,
Intel,Intel Atom N475 @ 1.83GHz,Atom N475,,,1,,,2,,,,1.8,,6.5,,,,BGA559,,,,,,,,
Intel,Intel Atom N550 @ 1.50GHz,Atom N550,,,2,,,4,,,,1.5,,8.5,,,,BGA559,,,,,,,,
Intel,Intel Atom N570 @ 1.66GHz,Atom N570,,,2,,,4,,,,1.7,,8.5,,,,BGA559,,,,,,,,
Intel,Intel Atom P5322,Atom P5322,,,8,,,8,,,,2.2,,55,,,,FCBGA2106,,,,,,,,
Intel,Intel Atom P5342,Atom P5342,,,16,,,16,,,,2.2,,71,,,,FCBGA2106,,,,,,,,
Intel,Intel Atom P5362,Atom P5362,,,24,,,24,,,,2.2,,83,,,,FCBGA2106,,,,,,,,
Intel,Intel Atom S1260 @ 2.00GHz,Atom S1260,,,2,,,4,,,,2.0,,8.5,,,,FCBGA1283,,,,,,,,
Intel,Intel Atom T5700 @ 1.70GHz,Atom T5700,,,4,,,4,2.4,,,1.7,,,,,,,,,,,,,,
Intel,Intel Atom x5-E3930 @ 1.30GHz,Atom x5-E3930,,,2,,,2,1.8,,,1.3,,6.5,,,,BGA1296,,,,,,,,
Intel,Intel Atom x5-E3940 @ 1.60GHz,Atom x5-E3940,,,4,,,4,1.8,,,1.6,,9.5,,,,BGA1296,,,,,,,,
Intel,Intel Atom x5-E8000 @ 1.04GHz,Atom x5-E8000,,,4,,,4,2.0,,,1.0,,5,,,,FCBGA1170,,,,,,,,
Intel,Intel Atom x5-Z8300 @ 1.44GHz,Atom x5-Z8300,,,4,,,4,1.8,,,1.4,,4,,,,UTFCBGA592,,,,,,,,
Intel,Intel Atom x5-Z8330 @ 1.44GHz,Atom x5-Z8330,,,4,,,4,1.9,,,1.4,,4,,,,,,,,,,,,
Intel,Intel Atom x5-Z8350 @ 1.44GHz,Atom x5-Z8350,,,4,,,4,1.9,,,1.4,,4,,,,UTFCBGA592,,,,,,,,
Intel,Intel Atom x5-Z8500 @ 1.44GHz,Atom x5-Z8500,,,4,,,4,2.2,,,1.4,,4,,,,UTFCBGA1380,,,,,,,,
Intel,Intel Atom x5-Z8550 @ 1.44GHz,Atom x5-Z8550,,,4,,,4,2.4,,,1.4,,4,,,,UTFCBGA1380,,,,,,,,
Intel,Intel Atom x6211E @ 1.20GHz,Atom x6211E,,,2,,,2,3.0,,,1.2,,6,,,,FCBGA1493,,,,,,,,
Intel,Intel Atom x6211E @ 1.30GHz,Atom x6211E,,,2,,,2,3.0,,,1.3,,6,,,,FCBGA1493,,,,,,,,
Intel,Intel Atom x6214RE @ 1.40GHz,Atom x6214RE,,,2,,,2,,,,1.4,,6,,,,FCBGA1493,,,,,,,,
Intel,Intel Atom x6413E @ 1.50GHz,Atom x6413E,,,4,,,4,3.0,,,1.5,,9,,,,FCBGA1493,,,,,,,,
Intel,Intel Atom x6414RE @ 1.50GHz,Atom x6414RE,,,4,,,4,,,,1.5,,9,,,,FCBGA1493,,,,,,,,
Intel,Intel Atom x6425E @ 2.00GHz,Atom x6425E,,,4,,,4,3.0,,,2.0,,12,,,,FCBGA1493,,,,,,,,
Intel,Intel Atom x6425RE @ 1.90GHz,Atom x6425RE,,,4,,,4,,,,1.9,,12,,,,FCBGA1493,,,,,,,,
Intel,Intel Atom x6427FE @ 1.90GHz,Atom x6427FE,,,4,,,4,,,,1.9,,12,,,,FCBGA1493,,,,,,,,
Intel,Intel Atom x7-E3950 @ 1.60GHz,Atom x7-E3950,,,4,,,4,2.0,,,1.6,,12,,,,BGA1296,,,,,,,,
Intel,Intel Atom x7-Z8700 @ 1.60GHz,Atom x7-Z8700,,,4,,,4,2.4,,,1.6,,4,,,,BGA1380,,,,,,,,
Intel,Intel Atom x7-Z8750 @ 1.60GHz,Atom x7-Z8750,,,4,,,4,2.6,,,1.6,,4,,,,UTFCBGA1380,,,,,,,,
Intel,Intel Atom x7211E,Atom x7211E,,,2,,,2,,,,3.2,,6,,,,FCBGA1264,,,,,,,,
Intel,Intel Atom x7211RE,Atom x7211RE,,,2,,,2,3.2,,,1.0,,6,,,,FCBGA1264,,,,,,,,
Intel,Intel Atom x7213RE,Atom x7213RE,,,2,,,2,3.4,,,2.0,,9,,,,FCBGA1264,,,,,,,,
Intel,Intel Atom x7405C,Atom x7405C,,,4,,,4,3.4,,,,,12,,,,FCBGA1264,,,,,,,,
Intel,Intel Atom x7425E,Atom x7425E,,,4,,,4,,,,3.4,,12,,,,FCBGA1264,,,,,,,,
Intel,Intel Atom x7433RE,Atom x7433RE,,,4,,,4,3.4,,,1.5,,9,,,,FCBGA1264,,,,,,,,
Intel,Intel Atom x7809C,Atom x7809C,,,8,,,8,3.6,,,2.0,,25,,,,FCBGA1264,,,,,,,,
Intel,Intel Atom x7835RE,Atom x7835RE,,,8,,,8,3.6,,,1.3,,12,,,,FCBGA1264,,,,,,,,
Intel,Intel Atom Z2760 @ 1.80GHz,Atom Z2760,,,2,,,4,,,,1.8,,,,,,FC-MB4760,,,,,,,,
Intel,Intel Atom Z3530 @ 1.33GHz,Atom Z3530,,,4,,,4,,,,1.3,,,,,,FC-MB5T1064,,,,,,,,
Intel,Intel Atom Z3560 @ 1.00GHz,Atom Z3560,,,4,,,4,1.8,,,1.0,,,,,,,,,,,,,,
Intel,Intel Atom Z3560 @ 1.83GHz,Atom Z3560,,,4,,,4,,,,1.8,,,,,,,,,,,,,,
Intel,Intel Atom Z3580 @ 1.33GHz,Atom Z3580,,,4,,,4,2.3,,,1.3,,,,,,,,,,,,,,
Intel,Intel Atom Z3735D @ 1.33GHz,Atom Z3735D,,,4,,,4,1.8,,,1.3,,4.4,,,,,,,,,,,,
Intel,Intel Atom Z3735E @ 1.33GHz,Atom Z3735E,,,4,,,4,1.8,,,1.3,,4.4,,,,UTFCBGA1380,,,,,,,,
Intel,Intel Atom Z3735F @ 1.33GHz,Atom Z3735F,,,4,,,4,1.8,,,1.3,,4.4,,,,UTFCBGA592,,,,,,,,
Intel,Intel Atom Z3735G @ 1.33GHz,Atom Z3735G,,,4,,,4,1.8,,,1.3,,4.4,,,,,,,,,,,,
Intel,Intel Atom Z3736F @ 1.33GHz,Atom Z3736F,,,4,,,4,2.2,,,1.3,,4.4,,,,UTFCBGA592,,,,,,,,
Intel,Intel Atom Z3740 @ 1.33GHz,Atom Z3740,,,4,,,4,1.9,,,1.3,,4,,,,UTFCBGA1380,,,,,,,,
Intel,Intel Atom Z3740D @ 1.33GHz,Atom Z3740D,,,4,,,4,1.9,,,1.3,,4.4,,,,UTFCBGA1380,,,,,,,,
Intel,Intel Atom Z3745 @ 1.33GHz,Atom Z3745,,,4,,,4,1.9,,,1.3,,4,,,,UTFCBGA1380,,,,,,,,
Intel,Intel Atom Z3745D @ 1.33GHz,Atom Z3745D,,,4,,,4,1.8,,,1.3,,4.4,,,,,,,,,,,,
Intel,Intel Atom Z3770 @ 1.46GHz,Atom Z3770,,,4,,,4,2.4,,,1.5,,4,,,,UTFCBGA1380,,,,,,,,
Intel,Intel Atom Z3770D @ 1.49GHz,Atom Z3770D,,,4,,,4,2.4,,,1.5,,4.4,,,,BGA1380,,,,,,,,
Intel,Intel Atom Z3775 @ 1.46GHz,Atom Z3775,,,4,,,4,2.4,,,1.5,,4,,,,UTFCBGA1380,,,,,,,,
Intel,Intel Atom Z3775D @ 1.49GHz,Atom Z3775D,,,4,,,4,2.4,,,1.5,,4.4,,,,UTFCBGA1380,,,,,,,,
Intel,Intel Atom Z3795 @ 1.60GHz,Atom Z3795,,,4,,,4,2.4,,,1.6,,4,,,,UTFCBGA1380,,,,,,,,
Intel,Intel Atom Z510 @ 1.10GHz,Atom Z510,,,1,,,2,,,,1.1,,2,,,,BGA441,,,,,,,,
Intel,Intel Atom Z515 @ 1.20GHz,Atom Z515,,,1,,,2,,,,1.2,,1.4,,,,BGA441,,,,,,,,
Intel,Intel Atom Z520 @ 1.33GHz,Atom Z520,,,1,,,2,,,,1.3,,2,,,,BGA441,,,,,,,,
Intel,Intel Atom Z530 @ 1.60GHz,Atom Z530,,,1,,,2,,,,1.6,,2,,,,BGA441,,,,,,,,
Intel,Intel Atom Z540 @ 1.86GHz,Atom Z540,,,1,,,2,,,,1.9,,2.4,,,,BGA441,,,,,,,,
Intel,Intel Atom Z550 @ 2.00GHz,Atom Z550,,,1,,,2,,,,2.0,,2.4,,,,BGA441,,,,,,,,
Intel,Intel Atom Z670 @ 1.50GHz,Atom Z670,,,1,,,2,,,,1.5,,3,,,,BGA518,,,,,,,,
Intel,Intel CC150 @ 3.50GHz,CC150,,,8,,,16,,,,3.5,,,,,,FCLGA1151,,,,,,,,
Intel,Intel Celeron 1.70GHz,Celeron 1.70GHz,,,1,,,1,,,,1.7,,,,,,,,,,,,,,
Intel,Intel Celeron 1.80GHz,Celeron 1.80GHz,,,1,,,1,,,,1.8,,66.1,,,,PPGA478,,,,,,,,
Intel,Intel Celeron 1000M @ 1.80GHz,Celeron 1000M,,,2,,,2,,,,1.8,,35,,,,FCPGA988,,,,,,,,
Intel,Intel Celeron 1000MHz,Celeron 1000MHz,,,1,,,1,,,,1.0,,,,,,,,,,,,,,
Intel,Intel Celeron 1005M @ 1.90GHz,Celeron 1005M,,,2,,,2,,,,1.9,,35,,,,FCPGA988,,,,,,,,
Intel,Intel Celeron 1007U @ 1.50GHz,Celeron 1007U,,,2,,,2,,,,1.5,,17,,,,FCBGA1023,,,,,,,,
Intel,Intel Celeron 1017U @ 1.60GHz,Celeron 1017U,,,2,,,2,,,,1.6,,17,,,,FCBGA1023,,,,,,,,
Intel,Intel Celeron 1019Y @ 1.00GHz,Celeron 1019Y,,,2,,,2,,,,1.0,,10,,,,FCBGA1023,,,,,,,,
Intel,Intel Celeron 1020E @ 2.20GHz,Celeron 1020E,,,2,,,2,,,,2.2,,35,,,,FCBGA1023. FCP,,,,,,,,
Intel,Intel Celeron 1020M @ 2.10GHz,Celeron 1020M,,,2,,,2,,,,2.1,,35,,,,FCPGA988,,,,,,,,
Intel,Intel Celeron 1037U @ 1.80GHz,Celeron 1037U,,,2,,,2,,,,1.8,,17,,,,FCBGA1023,,,,,,,,
Intel,Intel Celeron 1047UE @ 1.40GHz,Celeron 1047UE,,,2,,,2,,,,1.4,,17,,,,FCBGA1023,,,,,,,,
Intel,Intel Celeron 1066MHz,Celeron 1066MHz,,,1,,,1,,,,1.1,,,,,,,,,,,,,,
Intel,Intel Celeron 1100MHz,Celeron 1100MHz,,,1,,,1,,,,1.1,,,,,,,,,,,,,,
Intel,Intel Celeron 1133MHz,Celeron 1133MHz,,,1,,,1,,,,1.1,,,,,,,,,,,,,,
Intel,Intel Celeron 1200MHz,Celeron 1200MHz,,,1,,,1,,,,1.2,,,,,,,,,,,,,,
Intel,Intel Celeron 1300MHz,Celeron 1300MHz,,,1,,,1,,,,1.3,,,,,,,,,,,,,,
Intel,Intel Celeron 1333MHz,Celeron 1333MHz,,,1,,,1,,,,1.3,,,,,,,,,,,,,,
Intel,Intel Celeron 1400MHz,Celeron 1400MHz,,,1,,,1,,,,1.4,,,,,,,,,,,,,,
Intel,Intel Celeron 2.00GHz,Celeron 2.00GHz,,,1,,,1,,,,2.0,,52.8,,,,PPGA478,,,,,,,,
Intel,Intel Celeron 2.10GHz,Celeron 2.10GHz,,,1,,,1,,,,2.1,,,,,,,,,,,,,,
Intel,Intel Celeron 2.13GHz,Celeron 2.13GHz,,,1,,,1,,,,2.1,,,,,,,,,,,,,,
Intel,Intel Celeron 2.20GHz,Celeron 2.20GHz,,,1,,,1,,,,2.2,,,,,,,,,,,,,,
Intel,Intel Celeron 2.26GHz,Celeron 2.26GHz,,,1,,,1,,,,2.3,,,,,,,,,,,,,,
Intel,Intel Celeron 2.30GHz,Celeron 2.30GHz,,,1,,,1,,,,2.3,,,,,,,,,,,,,,
Intel,Intel Celeron 2.40GHz,Celeron 2.40GHz,,,1,,,1,,,,2.4,,,,,,,,,,,,,,
Intel,Intel Celeron 2.50GHz,Celeron 2.50GHz,,,1,,,1,,,,2.5,,,,,,,,,,,,,,
Intel,Intel Celeron 2.53GHz,Celeron 2.53GHz,,,1,,,1,,,,2.5,,,,,,,,,,,,,,
Intel,Intel Celeron 2.60GHz,Celeron 2.60GHz,,,1,,,1,,,,2.6,,,,,,,,,,,,,,
Intel,Intel Celeron 2.66GHz,Celeron 2.66GHz,,,1,,,1,,,,2.7,,,,,,,,,,,,,,
Intel,Intel Celeron 2.70GHz,Celeron 2.70GHz,,,1,,,1,,,,2.7,,,,,,,,,,,,,,
Intel,Intel Celeron 2.80GHz,Celeron 2.80GHz,,,1,,,1,,,,2.8,,68.4,,,,PPGA478,,,,,,,,
Intel,Intel Celeron 2.93GHz,Celeron 2.93GHz,,,1,,,1,,,,2.9,,,,,,,,,,,,,,
Intel,Intel Celeron 2000E @ 2.20GHz,Celeron 2000E,,,2,,,2,,,,2.2,,37,,,,FCBGA1364,,,,,,,,
Intel,Intel Celeron 2002E @ 1.50GHz,Celeron 2002E,,,2,,,2,,,,1.5,,25,,,,FCBGA1364,,,,,,,,
Intel,Intel Celeron 215 @ 1.33GHz,Celeron 215,,,1,,,1,,,,1.3,,27,,,,BGA479,,,,,,,,
Intel,Intel Celeron 220 @ 1.20GHz,Celeron 220,,,1,,,1,,,,1.2,,19,,,,BGA479,,,,,,,,
Intel,Intel Celeron 2950M @ 2.00GHz,Celeron 2950M,,,2,,,2,,,,2.0,,37,,,,FCPGA946,,,,,,,,
Intel,Intel Celeron 2955U @ 1.40GHz,Celeron 2955U,,,2,,,2,,,,1.4,,15,,,,FCBGA1168,,,,,,,,
Intel,Intel Celeron 2957U @ 1.40GHz,Celeron 2957U,,,2,,,2,,,,1.4,,15,,,,FCBGA1168,,,,,,,,
Intel,Intel Celeron 2961Y @ 1.10GHz,Celeron 2961Y,,,2,,,2,,,,1.1,,11.5,,,,,,,,,,,,
Intel,Intel Celeron 2970M @ 2.20GHz,Celeron 2970M,,,2,,,2,,,,2.2,,37,,,,FCPGA946,,,,,,,,
Intel,Intel Celeron 2980U @ 1.60GHz,Celeron 2980U,,,2,,,2,,,,1.6,,15,,,,FCBGA1168,,,,,,,,
Intel,Intel Celeron 2981U @ 1.60GHz,Celeron 2981U,,,2,,,2,,,,1.6,,15,,,,BGA1168,,,,,,,,
Intel,Intel Celeron 3.06GHz,Celeron 3.06GHz,,,1,,,1,,,,3.1,,,,,,,,,,,,,,
Intel,Intel Celeron 3.20GHz,Celeron 3.20GHz,,,1,,,1,,,,3.2,,,,,,,,,,,,,,
Intel,Intel Celeron 3.33GHz,Celeron 3.33GHz,,,1,,,1,,,,3.3,,,,,,,,,,,,,,
Intel,Intel Celeron 3205U @ 1.50GHz,Celeron 3205U,,,2,,,2,,,,1.5,,15,,,,FCBGA1168,,,,,,,,
Intel,Intel Celeron 3215U @ 1.70GHz,Celeron 3215U,,,2,,,2,,,,1.7,,15,,,,FCBGA1168,,,,,,,,
Intel,Intel Celeron 3755U @ 1.70GHz,Celeron 3755U,,,2,,,2,,,,1.7,,15,,,,FCBGA1168,,,,,,,,
Intel,Intel Celeron 3765U @ 1.90GHz,Celeron 3765U,,,2,,,2,,,,1.9,,15,,,,FCBGA1168,,,,,,,,
Intel,Intel Celeron 3855U @ 1.60GHz,Celeron 3855U,,,2,,,2,,,,1.6,,15,,,,FCBGA1356,,,,,,,,
Intel,Intel Celeron 3865U @ 1.80GHz,Celeron 3865U,,,2,,,2,,,,1.8,,15,,,,BGA1356,,,,,,,,
Intel,Intel Celeron 3867U @ 1.80GHz,Celeron 3867U,,,2,,,2,,,,1.8,,15,,,,FCBGA1356,,,,,,,,
Intel,Intel Celeron 3955U @ 2.00GHz,Celeron 3955U,,,2,,,2,,,,2.0,,15,,,,FCBGA1356,,,,,,,,
Intel,Intel Celeron 3965U @ 2.20GHz,Celeron 3965U,,,2,,,2,,,,2.2,,15,,,,FCBGA1356,,,,,,,,
Intel,Intel Celeron 3965Y @ 1.50GHz,Celeron 3965Y,,,2,,,2,,,,1.5,,6,,,,FCBGA1515,,,,,,,,
Intel,Intel Celeron 420 @ 1.60GHz,Celeron 420,,,1,,,1,,,,1.6,,35,,,,LGA775,,,,,,,,
Intel,Intel Celeron 4205U @ 1.80GHz,Celeron 4205U,,,2,,,2,,,,1.8,,15,,,,FCBGA1528,,,,,,,,
Intel,Intel Celeron 430 @ 1.80GHz,Celeron 430,,,1,,,1,,,,1.8,,35,,,,LGA775,,,,,,,,
Intel,Intel Celeron 4305U @ 2.20GHz,Celeron 4305U,,,2,,,2,,,,2.2,,15,,,,FCBGA1528,,,,,,,,
Intel,Intel Celeron 4305UE @ 2.00GHz,Celeron 4305UE,,,2,,,2,,,,2.0,,15,,,,FCBGA1528,,,,,,,,
Intel,Intel Celeron 4305UT @ 2.00GHz,Celeron 4305UT,,,2,,,2,,,,2.0,,,,,,,,,,,,,,
Intel,Intel Celeron 440 @ 2.00GHz,Celeron 440,,,1,,,1,,,,2.0,,35,,,,LGA775,,,,,,,,
Intel,Intel Celeron 450 @ 2.20GHz,Celeron 450,,,1,,,1,,,,2.2,,35,,,,LGA775,,,,,,,,
Intel,Intel Celeron 5205U @ 1.90GHz,Celeron 5205U,,,2,,,2,,,,1.9,,15,,,,FCBGA1528,,,,,,,,
Intel,Intel Celeron 530 @ 1.73GHz,Celeron 530,,,1,,,1,,,,1.7,,27,,,,PGA478,,,,,,,,
Intel,Intel Celeron 5305U @ 2.30GHz,Celeron 5305U,,,2,,,2,,,,2.3,,15,,,,FCBGA1528,,,,,,,,
Intel,Intel Celeron 540 @ 1.86GHz,Celeron 540,,,1,,,1,,,,1.9,,30,,,,PGA478,,,,,,,,
Intel,Intel Celeron 550 @ 2.00GHz,Celeron 550,,,1,,,1,,,,2.0,,31,,,,BGA479,,,,,,,,
Intel,Intel Celeron 560 @ 2.13GHz,Celeron 560,,,1,,,1,,,,2.1,,31,,,,PGA478,,,,,,,,
Intel,Intel Celeron 570 @ 2.26GHz,Celeron 570,,,1,,,1,,,,2.3,,31,,,,PGA478,,,,,,,,
Intel,Intel Celeron 600MHz,Celeron 600MHz,,,1,,,1,,,,0.6,,,,,,,,,,,,,,
Intel,Intel Celeron 6305 @ 1.80GHz,Celeron 6305,,,2,,,2,,,,1.8,,: 15,,,,FCBGA1449,,,,,,,,
Intel,Intel Celeron 6305E @ 1.80GHz,Celeron 6305E,,,2,,,2,,,,1.8,,15,,,,FCBGA1449,,,,,,,,
Intel,Intel Celeron 6600HE @ 2.60GHz,Celeron 6600HE,,,2,,,2,,,,2.6,,35,,,,FCBGA1787,,,,,,,,
Intel,Intel Celeron 6600HLE @ 2.10GHz,Celeron 6600HLE,,,2,,,2,,,,2.1,,,,,,FCBGA1787,,,,,,,,
Intel,Intel Celeron 6600HLE @ 2.60GHz,Celeron 6600HLE,,,2,,,2,,,,2.6,,35,,,,,,,,,,,,
Intel,Intel Celeron 723 @ 1.20GHz,Celeron 723,,,1,,,1,,,,1.2,,10,,,,BGA956,,,,,,,,
Intel,Intel Celeron 7305,Celeron 7305,,,,,,,,,,,,15,,,,FCBGA1744,,,,,,,,
Intel,Intel Celeron 7305E,Celeron 7305E,,,,,,,,,,,,15,,,,FCBGA1744,,,,,,,,
Intel,Intel Celeron 743 @ 1.30GHz,Celeron 743,,,1,,,1,,,,1.3,,10,,,,BGA956,,,,,,,,
Intel,Intel Celeron 807 @ 1.50GHz,Celeron 807,,,1,,,2,,,,1.5,,17,,,,BGA-1023,,,,,,,,
Intel,Intel Celeron 807UE @ 1.00GHz,Celeron 807UE,,,1,,,1,,,,1.0,,10,,,,BGA-1023,,,,,,,,
Intel,Intel Celeron 827E @ 1.40GHz,Celeron 827E,,,1,,,1,,,,1.4,,17,,,,FCBGA1023,,,,,,,,
Intel,Intel Celeron 847 @ 1.10GHz,Celeron 847,,,2,,,2,,,,1.1,,17,,,,BGA1023,,,,,,,,
Intel,Intel Celeron 847E @ 1.10GHz,Celeron 847E,,,2,,,2,,,,1.1,,17,,,,FCBGA1023,,,,,,,,
Intel,Intel Celeron 857 @ 1.20GHz,Celeron 857,,,2,,,2,,,,1.2,,17,,,,BGA1023,,,,,,,,
Intel,Intel Celeron 867 @ 1.30GHz,Celeron 867,,,2,,,2,,,,1.3,,17,,,,BGA1023,,,,,,,,
Intel,Intel Celeron 877 @ 1.40GHz,Celeron 877,,,2,,,2,,,,1.4,,17,,,,BGA1023,,,,,,,,
Intel,Intel Celeron 887 @ 1.50GHz,Celeron 887,,,2,,,2,,,,1.5,,17,,,,BGA1023,,,,,,,,
Intel,Intel Celeron 900 @ 2.20GHz,Celeron 900,,,1,,,1,,,,2.2,,34.8,,,,PGA478,,,,,,,,
Intel,Intel Celeron 925 @ 2.30GHz,Celeron 925,,,1,,,1,,,,2.3,,35,,,,,,,,,,,,
Intel,Intel Celeron @ 1.30GHz,Celeron,,,1,,,2,,,,1.3,,,,,,,,,,,,,,
Intel,Intel Celeron B710 @ 1.60GHz,Celeron B710,,,1,,,1,,,,1.6,,35,,,,rPGA988B,,,,,,,,
Intel,Intel Celeron B720 @ 1.70GHz,Celeron B720,,,1,,,1,,,,1.7,,35,,,,,,,,,,,,
Intel,Intel Celeron B800 @ 1.50GHz,Celeron B800,,,2,,,2,,,,1.5,,35,,,,PGA988B,,,,,,,,
Intel,Intel Celeron B810 @ 1.60GHz,Celeron B810,,,2,,,2,,,,1.6,,35,,,,PGA988B,,,,,,,,
Intel,Intel Celeron B815 @ 1.60GHz,Celeron B815,,,2,,,2,,,,1.6,,35,,,,PGA988B,,,,,,,,
Intel,Intel Celeron B820 @ 1.70GHz,Celeron B820,,,2,,,2,,,,1.7,,35,,,,PGA988B,,,,,,,,
Intel,Intel Celeron B830 @ 1.80GHz,Celeron B830,,,2,,,2,,,,1.8,,35,,,,rPGA988B,,,,,,,,
Intel,Intel Celeron B840 @ 1.90GHz,Celeron B840,,,2,,,2,,,,1.9,,35,,,,PGA988B,,,,,,,,
Intel,Intel Celeron D 347 @ 3.06GHz,Celeron D 347,,,1,,,1,,,,3.1,,86,,,,PLGA775,,,,,,,,
Intel,Intel Celeron D 352 @ 3.20GHz,Celeron D 352,,,1,,,1,,,,3.2,,86,,,,PLGA775,,,,,,,,
Intel,Intel Celeron D 356 @ 3.33GHz,Celeron D 356,,,1,,,1,,,,3.3,,86,,,,PLGA775,,,,,,,,
Intel,Intel Celeron D 360 @ 3.46GHz,Celeron D 360,,,1,,,1,,,,3.5,,65,,,,PLGA775,,,,,,,,
Intel,Intel Celeron D 365 @ 3.60GHz,Celeron D 365,,,1,,,1,,,,3.6,,65,,,,LGA775,,,,,,,,
Intel,Intel Celeron D 420 @ 1.60GHz,Celeron D 420,,,1,,,1,,,,1.6,,35,,,,LGA775,,,,,,,,
Intel,Intel Celeron D 430 @ 1.80GHz,Celeron D 430,,,1,,,1,,,,1.8,,35,,,,LGA775,,,,,,,,
Intel,Intel Celeron E1200 @ 1.60GHz,Celeron E1200,,,2,,,2,,,,1.6,,65,,,,LGA775,,,,,,,,
Intel,Intel Celeron E1400 @ 2.00GHz,Celeron E1400,,,2,,,2,,,,2.0,,65,,,,LGA775,,,,,,,,
Intel,Intel Celeron E1500 @ 2.20GHz,Celeron E1500,,,2,,,2,,,,2.2,,65,,,,LGA775,,,,,,,,
Intel,Intel Celeron E1600 @ 2.40GHz,Celeron E1600,,,2,,,2,,,,2.4,,65,,,,LGA775,,,,,,,,
Intel,Intel Celeron E3200 @ 2.40GHz,Celeron E3200,,,2,,,2,,,,2.4,,65,,,,LGA775,,,,,,,,
Intel,Intel Celeron E3300 @ 2.50GHz,Celeron E3300,,,2,,,2,,,,2.5,,65,,,,LGA775,,,,,,,,
Intel,Intel Celeron E3400 @ 2.60GHz,Celeron E3400,,,2,,,2,,,,2.6,,65,,,,LGA775,,,,,,,,
Intel,Intel Celeron E3500 @ 2.70GHz,Celeron E3500,,,2,,,2,,,,2.7,,65,,,,LGA775,,,,,,,,
Intel,Intel Celeron G1101 @ 2.27GHz,Celeron G1101,,,2,,,2,,,,2.3,,73,,,,FCLGA1156,,,,,,,,
Intel,Intel Celeron G1610 @ 2.60GHz,Celeron G1610,,,2,,,2,,,,2.6,,55,,,,FCLGA1155,,,,,,,,
Intel,Intel Celeron G1610T @ 2.30GHz,Celeron G1610T,,,2,,,2,,,,2.3,,35,,,,LGA1155,,,,,,,,
Intel,Intel Celeron G1620 @ 2.70GHz,Celeron G1620,,,2,,,2,,,,2.7,,55,,,,FCLGA1155,,,,,,,,
Intel,Intel Celeron G1620T @ 2.40GHz,Celeron G1620T,,,2,,,2,,,,2.4,,35,,,,LGA1155,,,,,,,,
Intel,Intel Celeron G1630 @ 2.80GHz,Celeron G1630,,,2,,,2,,,,2.8,,55,,,,FCLGA1155,,,,,,,,
Intel,Intel Celeron G1820 @ 2.70GHz,Celeron G1820,,,2,,,2,,,,2.7,,53,,,,FCLGA1150,,,,,,,,
Intel,Intel Celeron G1820T @ 2.40GHz,Celeron G1820T,,,2,,,2,,,,2.4,,35,,,,LGA1150,,,,,,,,
Intel,Intel Celeron G1820TE @ 2.20GHz,Celeron G1820TE,,,2,,,2,,,,2.2,,35,,,,LGA1150,,,,,,,,
Intel,Intel Celeron G1830 @ 2.80GHz,Celeron G1830,,,2,,,2,,,,2.8,,53,,,,LGA1150,,,,,,,,
Intel,Intel Celeron G1840 @ 2.80GHz,Celeron G1840,,,2,,,2,,,,2.8,,53,,,,FCLGA1150,,,,,,,,
Intel,Intel Celeron G1840T @ 2.50GHz,Celeron G1840T,,,2,,,2,,,,2.5,,35,,,,LGA1150,,,,,,,,
Intel,Intel Celeron G1850 @ 2.90GHz,Celeron G1850,,,2,,,2,,,,2.9,,54,,,,FCLGA1150,,,,,,,,
Intel,Intel Celeron G3900 @ 2.80GHz,Celeron G3900,,,2,,,2,,,,2.8,,51,,,,FCLGA1151,,,,,,,,
Intel,Intel Celeron G3900E @ 2.40GHz,Celeron G3900E,,,2,,,2,,,,2.4,,35,,,,FCBGA1440,,,,,,,,
Intel,Intel Celeron G3900T @ 2.60GHz,Celeron G3900T,,,2,,,2,,,,2.6,,35,,,,,,,,,,,,
Intel,Intel Celeron G3900TE @ 2.30GHz,Celeron G3900TE,,,2,,,2,,,,2.3,,35,,,,FCLGA1151,,,,,,,,
Intel,Intel Celeron G3920 @ 2.90GHz,Celeron G3920,,,2,,,2,,,,2.9,,51,,,,FCLGA1151,,,,,,,,
Intel,Intel Celeron G3930 @ 2.90GHz,Celeron G3930,,,2,,,2,,,,2.9,,51,,,,FCLGA1151,,,,,,,,
Intel,Intel Celeron G3930T @ 2.70GHz,Celeron G3930T,,,2,,,2,,,,2.7,,35,,,,FCLGA1151,,,,,,,,
Intel,Intel Celeron G3930TE @ 2.70GHz,Celeron G3930TE,,,2,,,2,,,,2.7,,35,,,,FCLGA1151,,,,,,,,
Intel,Intel Celeron G3950 @ 3.00GHz,Celeron G3950,,,2,,,2,,,,3.0,,51,,,,FCLGA1151,,,,,,,,
Intel,Intel Celeron G440 @ 1.60GHz,Celeron G440,,,1,,,1,,,,1.6,,35,,,,LGA1155,,,,,,,,
Intel,Intel Celeron G460 @ 1.80GHz,Celeron G460,,,1,,,2,,,,1.8,,35,,,,LGA1155,,,,,,,,
Intel,Intel Celeron G465 @ 1.90GHz,Celeron G465,,,1,,,2,,,,1.9,,35,,,,LGA1155,,,,,,,,
Intel,Intel Celeron G470 @ 2.00GHz,Celeron G470,,,1,,,2,,,,2.0,,35,,,,LGA1155,,,,,,,,
Intel,Intel Celeron G4900 @ 3.10GHz,Celeron G4900,,,2,,,2,,,,3.1,,54,,,,FCLGA1151-2,,,,,,,,
Intel,Intel Celeron G4900T @ 2.90GHz,Celeron G4900T,,,2,,,2,,,,2.9,,35,,,,FCLGA1151-2,,,,,,,,
Intel,Intel Celeron G4920 @ 3.20GHz,Celeron G4920,,,2,,,2,,,,3.2,,54,,,,FCLGA1151-2,,,,,,,,
Intel,Intel Celeron G4930 @ 3.20GHz,Celeron G4930,,,2,,,2,,,,3.2,,54,,,,FCLGA1151-2,,,,,,,,
Intel,Intel Celeron G4930T @ 3.00GHz,Celeron G4930T,,,2,,,2,,,,3.0,,35,,,,FCLGA1151,,,,,,,,
Intel,Intel Celeron G4950 @ 3.30GHz,Celeron G4950,,,2,,,2,,,,3.3,,54,,,,FCLGA1151,,,,,,,,
Intel,Intel Celeron G530 @ 2.40GHz,Celeron G530,,,2,,,2,,,,2.4,,65,,,,LGA1155,,,,,,,,
Intel,Intel Celeron G530T @ 2.00GHz,Celeron G530T,,,2,,,2,,,,2.0,,35,,,,LGA1155,,,,,,,,
Intel,Intel Celeron G540 @ 2.50GHz,Celeron G540,,,2,,,2,,,,2.5,,65,,,,LGA1155,,,,,,,,
Intel,Intel Celeron G540T @ 2.10GHz,Celeron G540T,,,2,,,2,,,,2.1,,35,,,,LGA1155,,,,,,,,
Intel,Intel Celeron G550 @ 2.60GHz,Celeron G550,,,2,,,2,,,,2.6,,65,,,,LGA1155,,,,,,,,
Intel,Intel Celeron G550T @ 2.20GHz,Celeron G550T,,,2,,,2,,,,2.2,,35,,,,LGA1155,,,,,,,,
Intel,Intel Celeron G555 @ 2.70GHz,Celeron G555,,,2,,,2,,,,2.7,,65,,,,LGA1155,,,,,,,,
Intel,Intel Celeron G5900 @ 3.40GHz,Celeron G5900,,,2,,,2,,,,3.4,,58,,,,FCLGA1200,,,,,,,,
Intel,Intel Celeron G5900E @ 3.20GHz,Celeron G5900E,,,2,,,2,,,,3.2,,58,,,,LGA 1200,,,,,,,,
Intel,Intel Celeron G5900T @ 3.20GHz,Celeron G5900T,,,2,,,2,,,,3.2,,35,,,,FCLGA1200,,,,,,,,
Intel,Intel Celeron G5905 @ 3.50GHz,Celeron G5905,,,2,,,2,,,,3.5,,58,,,,FCLGA1200,,,,,,,,
Intel,Intel Celeron G5905T @ 3.30GHz,Celeron G5905T,,,2,,,2,,,,3.3,,35,,,,FCLGA1200,,,,,,,,
Intel,Intel Celeron G5920 @ 3.50GHz,Celeron G5920,,,2,,,2,,,,3.5,,58,,,,FCLGA1200,,,,,,,,
Intel,Intel Celeron G5925 @ 3.60GHz,Celeron G5925,,,2,,,2,,,,3.6,,58,,,,FCLGA1200,,,,,,,,
Intel,Intel Celeron G6900,Celeron G6900,,,2,,,2,,,,3.4,,46,,,,LGA1700.BGA1700,,,,,,,,
Intel,Intel Celeron G6900E,Celeron G6900E,,,2,,,2,,,,3.0,,46,,,,FCLGA1700,,,,,,,,
Intel,Intel Celeron G6900T,Celeron G6900T,,,2,,,2,,,,2.8,,35,,,,FCLGA1700,,,,,,,,
Intel,Intel Celeron G6900TE,Celeron G6900TE,,,2,,,2,,,,2.4,,35,,,,FCLGA1700,,,,,,,,
Intel,Intel Celeron J1750 @ 2.41GHz,Celeron J1750,,,2,,,2,,,,2.4,,10,,,,FCBGA1170,,,,,,,,
Intel,Intel Celeron J1800 @ 2.41GHz,Celeron J1800,,,2,,,2,2.6,,,2.4,,10,,,,FCBGA1170,,,,,,,,
Intel,Intel Celeron J1850 @ 1.99GHz,Celeron J1850,,,4,,,4,,,,2.0,,10,,,,FCBGA1170,,,,,,,,
Intel,Intel Celeron J1900 @ 1.99GHz,Celeron J1900,,,4,,,4,2.4,,,2.0,,10,,,,FCBGA1170,,,,,,,,
Intel,Intel Celeron J3060 @ 1.60GHz,Celeron J3060,,,2,,,2,2.5,,,1.6,,6,,,,BGA1170,,,,,,,,
Intel,Intel Celeron J3160 @ 1.60GHz,Celeron J3160,,,4,,,4,2.2,,,1.6,,6,,,,BGA1170,,,,,,,,
Intel,Intel Celeron J3355 @ 2.00GHz,Celeron J3355,,,2,,,2,2.5,,,2.0,,10,,,,FCBGA1296,,,,,,,,
Intel,Intel Celeron J3455 @ 1.50GHz,Celeron J3455,,,4,,,4,2.3,,,1.5,,10,,,,FCBGA1296,,,,,,,,
Intel,Intel Celeron J3455E @ 1.50GHz,Celeron J3455E,,,4,,,4,2.3,,,1.5,,10,,,,FCBGA1296,,,,,,,,
Intel,Intel Celeron J4005 @ 2.00GHz,Celeron J4005,,,2,,,2,2.7,,,2.0,,10,,,,FCBGA1090,,,,,,,,
Intel,Intel Celeron J4025 @ 2.00GHz,Celeron J4025,,,2,,,2,2.9,,,2.0,,10,,,,FCBGA1090,,,,,,,,
Intel,Intel Celeron J4105 @ 1.50GHz,Celeron J4105,,,4,,,4,2.5,,,1.5,,10,,,,FCBGA1090,,,,,,,,
Intel,Intel Celeron J4115 @ 1.80GHz,Celeron J4115,,,4,,,4,2.5,,,1.8,,,,,,,,,,,,,,
Intel,Intel Celeron J4125 @ 2.00GHz,Celeron J4125,,,4,,,4,2.7,,,2.0,,10,,,,FCBGA1090,,,,,,,,
Intel,Intel Celeron J6412 @ 2.00GHz,Celeron J6412,,,4,,,4,2.6,,,2.0,,10,,,,FCBGA1493,,,,,,,,
Intel,Intel Celeron J6413 @ 1.80GHz,Celeron J6413,,,4,,,4,3.0,,,1.8,,10,,,,FCBGA1296,,,,,,,,
Intel,Intel Celeron M 1.00GHz,Celeron M 1.00GHz,,,1,,,1,,,,1.0,,,,,,,,,,,,,,
Intel,Intel Celeron M 1.30GHz,Celeron M 1.30GHz,,,1,,,1,,,,1.3,,,,,,,,,,,,,,
Intel,Intel Celeron M 1.50GHz,Celeron M 1.50GHz,,,1,,,1,,,,1.5,,21,,,,PPGA478. H-PBGA4,,,,,,,,
Intel,Intel Celeron M 1.60GHz,Celeron M 1.60GHz,,,1,,,1,,,,1.6,,,,,,,,,,,,,,
Intel,Intel Celeron M 1.70GHz,Celeron M 1.70GHz,,,1,,,1,,,,1.7,,,,,,,,,,,,,,
Intel,Intel Celeron M 1200MHz,Celeron M 1200MHz,,,1,,,1,,,,1.2,,,,,,,,,,,,,,
Intel,Intel Celeron M 1300MHz,Celeron M 1300MHz,,,1,,,1,,,,1.3,,,,,,,,,,,,,,
Intel,Intel Celeron M 1500MHz,Celeron M 1500MHz,,,1,,,1,,,,1.5,,,,,,,,,,,,,,
Intel,Intel Celeron M 360 1.40GHz,Celeron M 360 1.40GHz,,,1,,,1,,,,1.4,,21,,,,H-PBGA479. PPGA4,,,,,,,,
Intel,Intel Celeron M 410 @ 1.46GHz,Celeron M 410,,,1,,,1,,,,1.5,,27,,,,PPGA478,,,,,,,,
Intel,Intel Celeron M 420 @ 1.60GHz,Celeron M 420,,,1,,,1,,,,1.6,,27,,,,PPGA478,,,,,,,,
Intel,Intel Celeron M 430 @ 1.73GHz,Celeron M 430,,,1,,,1,,,,1.7,,27,,,,PPGA478,,,,,,,,
Intel,Intel Celeron M 440 @ 1.86GHz,Celeron M 440,,,1,,,1,,,,1.9,,27,,,,PBGA479. PPGA478,,,,,,,,
Intel,Intel Celeron M 443 @ 1.20GHz,Celeron M 443,,,1,,,1,,,,1.2,,5.5,,,,PBGA479,,,,,,,,
Intel,Intel Celeron M 450 @ 2.00GHz,Celeron M 450,,,1,,,1,,,,2.0,,27,,,,PPGA478,,,,,,,,
Intel,Intel Celeron M 520 @ 1.60GHz,Celeron M 520,,,1,,,1,,,,1.6,,30,,,,PPGA478,,,,,,,,
Intel,Intel Celeron M 530 @ 1.73GHz,Celeron M 530,,,1,,,1,,,,1.7,,30,,,,PBGA479. PPGA478,,,,,,,,
Intel,Intel Celeron M 540 @ 1.86GHz,Celeron M 540,,,1,,,1,,,,1.9,,30,,,,Î¼FCPGA-478,,,,,,,,
Intel,Intel Celeron M 600MHz,Celeron M 600MHz,,,1,,,1,,,,0.6,,7,,,,H-PBGA479,,,,,,,,
Intel,Intel Celeron M 723 @ 1.20GHz,Celeron M 723,,,1,,,1,,,,1.2,,10,,,,BGA956,,,,,,,,
Intel,Intel Celeron M 900MHz,Celeron M 900MHz,,,1,,,1,,,,0.9,,,,,,,,,,,,,,
Intel,Intel Celeron M ULV 800MHz,Celeron M ULV 800MHz,,,1,,,1,,,,0.8,,7,,,,,,,,,,,,
Intel,Intel Celeron N2805 @ 1.46GHz,Celeron N2805,,,2,,,2,,,,1.5,,4.3,,,,FCBGA1170,,,,,,,,
Intel,Intel Celeron N2806 @ 1.60GHz,Celeron N2806,,,2,,,2,2.0,,,1.6,,4.5,,,,FCBGA1170,,,,,,,,
Intel,Intel Celeron N2807 @ 1.58GHz,Celeron N2807,,,2,,,2,2.2,,,1.6,,4.3,,,,FCBGA1170,,,,,,,,
Intel,Intel Celeron N2808 @ 1.58GHz,Celeron N2808,,,2,,,2,2.3,,,1.6,,4.5,,,,FCBGA1170,,,,,,,,
Intel,Intel Celeron N2810 @ 2.00GHz,Celeron N2810,,,2,,,2,,,,2.0,,7.5,,,,FCBGA1170,,,,,,,,
Intel,Intel Celeron N2815 @ 1.86GHz,Celeron N2815,,,2,,,2,2.1,,,1.9,,7.5,,,,FCBGA1170,,,,,,,,
Intel,Intel Celeron N2820 @ 2.13GHz,Celeron N2820,,,2,,,2,2.4,,,2.1,,7.5,,,,FCBGA1170,,,,,,,,
Intel,Intel Celeron N2830 @ 2.16GHz,Celeron N2830,,,2,,,2,2.4,,,2.2,,7.5,,,,FCBGA1170,,,,,,,,
Intel,Intel Celeron N2840 @ 2.16GHz,Celeron N2840,,,2,,,2,2.6,,,2.2,,7,,,,FCBGA1170,,,,,,,,
Intel,Intel Celeron N2910 @ 1.60GHz,Celeron N2910,,,4,,,4,,,,1.6,,7.5,,,,FCBGA1170,,,,,,,,
Intel,Intel Celeron N2920 @ 1.86GHz,Celeron N2920,,,4,,,4,2.0,,,1.9,,7.5,,,,FCBGA1170,,,,,,,,
Intel,Intel Celeron N2930 @ 1.83GHz,Celeron N2930,,,4,,,4,2.2,,,1.8,,7.5,,,,FCBGA1170,,,,,,,,
Intel,Intel Celeron N2940 @ 1.83GHz,Celeron N2940,,,4,,,4,2.3,,,1.8,,7.5,,,,FCBGA1170,,,,,,,,
Intel,Intel Celeron N3000 @ 1.04GHz,Celeron N3000,,,2,,,2,2.1,,,1.0,,4,,,,FCBGA1170,,,,,,,,
Intel,Intel Celeron N3010 @ 1.04GHz,Celeron N3010,,,2,,,2,2.2,,,1.0,,4,,,,FCBGA1170,,,,,,,,
Intel,Intel Celeron N3050 @ 1.60GHz,Celeron N3050,,,2,,,2,2.2,,,1.6,,6,,,,FCBGA1170,,,,,,,,
Intel,Intel Celeron N3060 @ 1.60GHz,Celeron N3060,,,2,,,2,2.5,,,1.6,,6,,,,,,,,,,,,
Intel,Intel Celeron N3150 @ 1.60GHz,Celeron N3150,,,4,,,4,2.1,,,1.6,,6,,,,FCBGA1170,,,,,,,,
Intel,Intel Celeron N3160 @ 1.60GHz,Celeron N3160,,,4,,,4,2.2,,,1.6,,6,,,,FCBGA1170,,,,,,,,
Intel,Intel Celeron N3350 @ 1.10GHz,Celeron N3350,,,2,,,2,2.4,,,1.1,,6,,,,FCBGA1296,,,,,,,,
Intel,Intel Celeron N3450 @ 1.10GHz,Celeron N3450,,,4,,,4,2.2,,,1.1,,6,,,,FCBGA1296,,,,,,,,
Intel,Intel Celeron N4000 @ 1.10GHz,Celeron N4000,,,2,,,2,2.6,,,1.1,,6,,,,FCBGA1090,,,,,,,,
Intel,Intel Celeron N4000C @ 1.10GHz,Celeron N4000C,,,2,,,2,2.6,,,1.1,,6,,,,FCBGA1090,,,,,,,,
Intel,Intel Celeron N4020 @ 1.10GHz,Celeron N4020,,,2,,,2,2.8,,,1.1,,6,,,,FCBGA1090,,,,,,,,
Intel,Intel Celeron N4020C @ 1.10GHz,Celeron N4020C,,,2,,,2,2.8,,,1.1,,6,,,,FCBGA1090,,,,,,,,
Intel,Intel Celeron N4100 @ 1.10GHz,Celeron N4100,,,4,,,4,2.4,,,1.1,,6,,,,FCBGA1090,,,,,,,,
Intel,Intel Celeron N4120 @ 1.10GHz,Celeron N4120,,,4,,,4,2.6,,,1.1,,6,,,,FCBGA1090,,,,,,,,
Intel,Intel Celeron N4500 @ 1.10GHz,Celeron N4500,,,2,,,2,2.8,,,1.1,,6,,,,FCBGA1338,,,,,,,,
Intel,Intel Celeron N4505 @ 2.00GHz,Celeron N4505,,,2,,,2,2.9,,,2.0,,10,,,,FCBGA1338,,,,,,,,
Intel,Intel Celeron N5095 @ 2.00GHz,Celeron N5095,,,4,,,4,2.9,,,2.0,,15,,,,FCBGA1338,,,,,,,,
Intel,Intel Celeron N5095A @ 2.00GHz,Celeron N5095A,,,4,,,4,2.9,,,2.0,,15,,,,FCBGA1338,,,,,,,,
Intel,Intel Celeron N5100 @ 1.10GHz,Celeron N5100,,,4,,,4,2.8,,,1.1,,6,,,,FCBGA1338,,,,,,,,
Intel,Intel Celeron N5105 @ 2.00GHz,Celeron N5105,,,4,,,4,2.9,,,2.0,,10,,,,FCBGA1338,,,,,,,,
Intel,Intel Celeron N6210 @ 1.20GHz,Celeron N6210,,,2,,,2,2.6,,,1.2,,6.5,,,,,,,,,,,,
Intel,Intel Celeron N6211 @ 1.20GHz,Celeron N6211,,,2,,,2,3.0,,,1.2,,6.5,,,,FCBGA1493,,,,,,,,
Intel,Intel Celeron P4500 @ 1.87GHz,Celeron P4500,,,2,,,2,,,,1.9,,35,,,,PGA988A,,,,,,,,
Intel,Intel Celeron P4505 @ 1.87GHz,Celeron P4505,,,2,,,2,,,,1.9,,35,,,,BGA1288,,,,,,,,
Intel,Intel Celeron P4600 @ 2.00GHz,Celeron P4600,,,2,,,2,,,,2.0,,35,,,,PGA988A,,,,,,,,
Intel,Intel Celeron SU2300 @ 1.20GHz,Celeron SU2300,,,2,,,2,,,,1.2,,10,,,,BGA956,,,,,,,,
Intel,Intel Celeron T1600 @ 1.66GHz,Celeron T1600,,,2,,,2,,,,1.7,,35,,,,,,,,,,,,
Intel,Intel Celeron T1700 @ 1.83GHz,Celeron T1700,,,2,,,2,,,,1.8,,35,,,,PPGA478,,,,,,,,
Intel,Intel Celeron U1900 @ 1.99GHz,Celeron U1900,,,4,,,4,,,,2.0,,,,,,,,,,,,,,
Intel,Intel Celeron U3400 @ 1.07GHz,Celeron U3400,,,2,,,2,,,,1.1,,18,,,,BGA1288,,,,,,,,
Intel,Intel Celeron U3405 @ 1.07GHz,Celeron U3405,,,2,,,2,,,,1.1,,18,,,,BGA1288,,,,,,,,
Intel,Intel Celeron U3600 @ 1.20GHz,Celeron U3600,,,2,,,2,,,,1.2,,18,,,,BGA1288,,,,,,,,
Intel,Intel Core 3 100HL,3 100HL,,,,,,,,,,,,45,,,,FCLGA1700,,,,,,,,
Intel,Intel Core 3 100U,3 100U,,,,,,,,,,,,15,,,,FCBGA1744,,,,,,,,
Intel,Intel Core 3 201E,3 201E,,,4,,,8,4.8,,,3.6,,60,,,,FCLGA1700,,,,,,,,
Intel,Intel Core 3 N350,3 N350,,,8,,,8,3.9,,,0.1,,7,,,,FCBGA1264,,,,,,,,
Intel,Intel Core 3 N355,3 N355,,,8,,,8,3.9,,,0.1,,15,,,,FCBGA1264,,,,,,,,
Intel,Intel Core 330 @ 1.60GHz,330,,,2,,,4,,,,1.6,,,,,,,,,,,,,,
Intel,Intel Core 5 120,5 120,,,6,,,12,4.5,,,2.5,,65,,,,FCLGA1700,,,,,,,,
Intel,Intel Core 5 120F,5 120F,,,6,,,12,4.5,,,2.5,,65,,,,FCLGA1700,,,,,,,,
Intel,Intel Core 5 120U,5 120U,,,,,,,,,,,,15,,,,FCBGA1744,,,,,,,,
Intel,Intel Core 5 120UL,5 120UL,,,,,,,,,,,,15,,,,FCLGA1700,,,,,,,,
Intel,Intel Core 5 210H,5 210H,,,,,,,,,,,,45,,,,FCBGA1744,,,,,,,,
Intel,Intel Core 5 211EF,5 211EF,,,,,,,,,,,,65,,,,FCLGA1700,,,,,,,,
Intel,Intel Core 5 211TE,5 211TE,,,,,,,,,,,,45,,,,FCLGA1700,,,,,,,,
Intel,Intel Core 5 213PE,5 213PE,,,8,,,16,5.2,,,2.7,,65,,,,FCLGA1700,,,,,,,,
Intel,Intel Core 5 213PTE,5 213PTE,,,8,,,16,5.2,,,2.1,,45,,,,FCLGA1700,,,,,,,,
Intel,Intel Core 5 220H,5 220H,,,,,,,,,,,,45,,,,FCBGA1744,,,,,,,,
Intel,Intel Core 5 220U,5 220U,,,,,,,,,,,,,,,,FCBGA1744,,,,,,,,
Intel,Intel Core 5 221E,5 221E,,,,,,,,,,,,65,,,,FCLGA1700,,,,,,,,
Intel,Intel Core 5 221TE,5 221TE,,,,,,,,,,,,45,,,,FCLGA1700,,,,,,,,
Intel,Intel Core 5 223PE,5 223PE,,,8,,,16,5.4,,,2.9,,65,,,,FCLGA1700,,,,,,,,
Intel,Intel Core 7 150U,7 150U,,,,,,,,,,,,15,,,,FCBGA1744,,,,,,,,
Intel,Intel Core 7 160UL,7 160UL,,,,,,,,,,,,15,,,,FCLGA1700,,,,,,,,
Intel,Intel Core 7 240H,7 240H,,,,,,,,,,,,45,,,,FCBGA1744,,,,,,,,
Intel,Intel Core 7 250H,7 250H,,,,,,,,,,,,45,,,,FCBGA1744,,,,,,,,
Intel,Intel Core 7 250U,7 250U,,,,,,,,,,,,15,,,,,,,,,,,,
Intel,Intel Core 7 251TE,7 251TE,,,,,,,,,,,,45,,,,FCLGA1700,,,,,,,,
Intel,Intel Core 7 253PE,7 253PE,,,10,,,20,,,,,,,,,,,,,,,,,,
Intel,Intel Core 860 @ 2.80GHz,860,,,4,,,8,,,,2.8,,,,,,,,,,,,,,
Intel,Intel Core 9 270H,9 270H,,,,,,,,,,,,45,,,,FCBGA1744,,,,,,,,
Intel,Intel Core 9 273PE,9 273PE,,,12,,,24,5.7,,,2.3,,65,,,,FCLGA1700,,,,,,,,
Intel,Intel Core 9 273PQE,9 273PQE,,,12,,,24,5.9,,,3.4,,125,,,,FCLGA1700,,,,,,,,
Intel,Intel Core 9 273PTE,9 273PTE,,,12,,,24,5.5,,,1.4,,45,,,,FCLGA1700,,,,,,,,
Intel,Intel Core Duo L2300 @ 1.50GHz,Duo L2300,,,2,,,2,,,,1.5,,15,,,,BGA479,,,,,,,,
Intel,Intel Core Duo L2400 @ 1.66GHz,Duo L2400,,,2,,,2,,,,1.7,,15,,,,BGA479,,,,,,,,
Intel,Intel Core Duo L2500 @ 1.83GHz,Duo L2500,,,2,,,2,,,,1.8,,15,,,,BGA479,,,,,,,,
Intel,Intel Core Duo T2050 @ 1.60GHz,Duo T2050,,,2,,,2,,,,1.6,,31,,,,PGA478,,,,,,,,
Intel,Intel Core Duo T2250 @ 1.73GHz,Duo T2250,,,2,,,2,,,,1.7,,31,,,,PGA478,,,,,,,,
Intel,Intel Core Duo T2300 @ 1.66GHz,Duo T2300,,,2,,,2,,,,1.7,,31,,,,BGA479,,,,,,,,
Intel,Intel Core Duo T2350 @ 1.86GHz,Duo T2350,,,2,,,2,,,,1.9,,31,,,,PGA478,,,,,,,,
Intel,Intel Core Duo T2400 @ 1.83GHz,Duo T2400,,,2,,,2,,,,1.8,,31,,,,BGA479,,,,,,,,
Intel,Intel Core Duo T2450 @ 2.00GHz,Duo T2450,,,2,,,2,,,,2.0,,31,,,,PGA478,,,,,,,,
Intel,Intel Core Duo T2500 @ 2.00GHz,Duo T2500,,,2,,,2,,,,2.0,,31,,,,BGA479,,,,,,,,
Intel,Intel Core Duo T2600 @ 2.16GHz,Duo T2600,,,2,,,2,,,,2.2,,31,,,,BGA479,,,,,,,,
Intel,Intel Core Duo T2700 @ 2.33GHz,Duo T2700,,,2,,,2,,,,2.3,,31,,,,BGA479,,,,,,,,
Intel,Intel Core Duo U2400 @ 1.06GHz,Duo U2400,,,2,,,2,,,,1.1,,9,,,,BGA479,,,,,,,,
Intel,Intel Core Duo U2500 @ 1.20GHz,Duo U2500,,,2,,,2,,,,1.2,,9,,,,BGA479,,,,,,,,
Intel,Intel Core i3-1000NG4 @ 1.10GHz,i3-1000NG4,,,2,,,4,3.2,,,1.1,,9,,,,BGA1526,,,,,,,,
Intel,Intel Core i3-1005G1 @ 1.20GHz,i3-1005G1,,,2,,,4,3.4,,,1.2,,15,,,,FCBGA1526,,,,,,,,
Intel,Intel Core i3-10100E @ 3.20GHz,i3-10100E,,,4,,,8,3.8,,,3.2,,65,,,,FCLGA1200,,,,,,,,
Intel,Intel Core i3-10100TE @ 2.30GHz,i3-10100TE,,,4,,,8,3.6,,,2.3,,35,,,,LGA 1200,,,,,,,,
Intel,Intel Core i3-10100Y @ 1.30GHz,i3-10100Y,,,2,,,4,3.9,,,1.3,,5,,,,BGA 1528,,,,,,,,
Intel,Intel Core i3-10110U @ 2.10GHz,i3-10110U,,,2,,,4,4.1,,,2.1,,15,,,,FCBGA1528,,,,,,,,
Intel,Intel Core i3-10110Y @ 1.00GHz,i3-10110Y,,,2,,,4,4.0,,,1.0,,7,,,,UTFCBGA1377,,,,,,,,
Intel,Intel Core i3-1025G1 @ 1.20GHz,i3-1025G1,,,4,,,4,3.6,,,1.2,,,,,,BGA 1526,,,,,,,,
Intel,Intel Core i3-11100B @ 3.60GHz,i3-11100B,,,4,,,8,4.4,,,3.6,,65,,,,,,,,,,,,
Intel,Intel Core i3-11100HE @ 2.40GHz,i3-11100HE,,,4,,,8,4.4,,,2.4,,45,,,,FCBGA1787,,,,,,,,
Intel,Intel Core i3-1110G4 @ 1.80GHz,i3-1110G4,,,2,,,4,3.9,,,1.8,,7,,,,FCBGA1598,,,,,,,,
Intel,Intel Core i3-1115G4 @ 3.00GHz,i3-1115G4,,,2,,,4,4.1,,,3.0,,15,,,,FCBGA1449,,,,,,,,
Intel,Intel Core i3-1115G4E @ 3.00GHz,i3-1115G4E,,,2,,,4,3.9,,,2.2,,15,,,,BGA 1449,,,,,,,,
Intel,Intel Core i3-1115GRE @ 3.00GHz,i3-1115GRE,,,2,,,4,3.9,,,3.0,,15,,,,FCBGA1449,,,,,,,,
Intel,Intel Core i3-1125G4 @ 2.00GHz,i3-1125G4,,,4,,,8,3.7,,,2.0,,28,,,,FCBGA1449,,,,,,,,
Intel,Intel Core i3-12100E,i3-12100E,,,4,,,8,4.2,,,3.2,,60,,,,FCLGA1700,,,,,,,,
Intel,Intel Core i3-12100TE,i3-12100TE,,,4,,,8,4.0,,,2.1,,35,,,,FCLGA1700,,,,,,,,
Intel,Intel Core i3-1210U,i3-1210U,,,,,,,,,,,,9,,,,BGA1781,,,,,,,,
Intel,Intel Core i3-1215U,i3-1215U,,,,,,,,,,,,15,,,,FCBGA1744,,,,,,,,
Intel,Intel Core i3-1215UE,i3-1215UE,,,,,,,,,,,,28,,,,FCBGA1744,,,,,,,,
Intel,Intel Core i3-1215UL,i3-1215UL,,,,,,,,,,,,15,,,,FCLGA1700,,,,,,,,
Intel,Intel Core i3-1220P,i3-1220P,,,,,,,,,,,,28,,,,FCBGA1744,,,,,,,,
Intel,Intel Core i3-1220PE,i3-1220PE,,,,,,,,,,,,35,,,,FCBGA1744,,,,,,,,
Intel,Intel Core i3-12300HL,i3-12300HL,,,,,,,,,,,,45,,,,FCLGA1700,,,,,,,,
Intel,Intel Core i3-1305U,i3-1305U,,,,,,,,,,,,15,,,,FCBGA1744,,,,,,,,
Intel,Intel Core i3-13100E,i3-13100E,,,4,,,8,4.4,,,3.3,,65,,,,FCLGA1700,,,,,,,,
Intel,Intel Core i3-13100TE,i3-13100TE,,,4,,,8,4.1,,,2.4,,35,,,,FCLGA1700,,,,,,,,
Intel,Intel Core i3-1315U,i3-1315U,,,,,,,,,,,,15,,,,FCBGA1744,,,,,,,,
Intel,Intel Core i3-1315UE,i3-1315UE,,,,,,,,,,,,15,,,,FCBGA1744,,,,,,,,
Intel,Intel Core i3-1315URE,i3-1315URE,,,,,,,,,,,,15,,,,FCBGA1744,,,,,,,,
Intel,Intel Core i3-1320PE,i3-1320PE,,,,,,,,,,,,28,,,,FCBGA1744,,,,,,,,
Intel,Intel Core i3-1320PRE,i3-1320PRE,,,,,,,,,,,,28,,,,FCBGA1744,,,,,,,,
Intel,Intel Core i3-13300HE,i3-13300HE,,,,,,,,,,,,45,,,,FCBGA1744,,,,,,,,
Intel,Intel Core i3-2100 @ 3.10GHz,i3-2100,,,2,,,4,,,,3.1,,65,,,,LGA1155,,,,,,,,
Intel,Intel Core i3-2100T @ 2.50GHz,i3-2100T,,,2,,,4,,,,2.5,,35,,,,LGA1155,,,,,,,,
Intel,Intel Core i3-2102 @ 3.10GHz,i3-2102,,,2,,,4,,,,3.1,,65,,,,FCLGA1155,,,,,,,,
Intel,Intel Core i3-2105 @ 3.10GHz,i3-2105,,,2,,,4,,,,3.1,,65,,,,LGA1155,,,,,,,,
Intel,Intel Core i3-21050 @ 3.10GHz,i3-21050,,,2,,,4,,,,3.1,,,,,,,,,,,,,,
Intel,Intel Core i3-2120 @ 3.30GHz,i3-2120,,,2,,,4,,,,3.3,,65,,,,LGA1155,,,,,,,,
Intel,Intel Core i3-2120T @ 2.60GHz,i3-2120T,,,2,,,4,,,,2.6,,35,,,,LGA1155,,,,,,,,
Intel,Intel Core i3-2125 @ 3.30GHz,i3-2125,,,2,,,4,,,,3.3,,65,,,,LGA1155,,,,,,,,
Intel,Intel Core i3-2130 @ 3.40GHz,i3-2130,,,2,,,4,,,,3.4,,65,,,,LGA1155,,,,,,,,
Intel,Intel Core i3-2140 @ 3.50GHz,i3-2140,,,2,,,4,,,,3.5,,65,,,,,,,,,,,,
Intel,Intel Core i3-2310E @ 2.10GHz,i3-2310E,,,2,,,4,,,,2.1,,35,,,,FCBGA1023,,,,,,,,
Intel,Intel Core i3-2310M @ 2.10GHz,i3-2310M,,,2,,,4,,,,2.1,,35,,,,BGA1023,,,,,,,,
Intel,Intel Core i3-2312M @ 2.10GHz,i3-2312M,,,2,,,4,,,,2.1,,35,,,,PGA988B,,,,,,,,
Intel,Intel Core i3-2328M @ 2.20GHz,i3-2328M,,,2,,,4,,,,2.2,,35,,,,PGA988,,,,,,,,
Intel,Intel Core i3-2330E @ 2.20GHz,i3-2330E,,,2,,,4,,,,2.2,,35,,,,rPGA988,,,,,,,,
Intel,Intel Core i3-2330M @ 2.20GHz,i3-2330M,,,2,,,4,,,,2.2,,35,,,,BGA1023,,,,,,,,
Intel,Intel Core i3-2332M @ 2.20GHz,i3-2332M,,,2,,,4,,,,2.2,,35,,,,rPGA988B,,,,,,,,
Intel,Intel Core i3-2340UE @ 1.30GHz,i3-2340UE,,,2,,,4,,,,1.3,,17,,,,BGA-1023,,,,,,,,
Intel,Intel Core i3-2348M @ 2.30GHz,i3-2348M,,,2,,,4,,,,2.3,,35,,,,rPGA988B,,,,,,,,
Intel,Intel Core i3-2350M @ 2.30GHz,i3-2350M,,,2,,,4,,,,2.3,,35,,,,PGA988B,,,,,,,,
Intel,Intel Core i3-2357M @ 1.30GHz,i3-2357M,,,2,,,4,,,,1.3,,17,,,,,,,,,,,,
Intel,Intel Core i3-2365M @ 1.40GHz,i3-2365M,,,2,,,4,,,,1.4,,17,,,,BGA1023,,,,,,,,
Intel,Intel Core i3-2367M @ 1.40GHz,i3-2367M,,,2,,,4,,,,1.4,,17,,,,BGA1023,,,,,,,,
Intel,Intel Core i3-2370M @ 2.40GHz,i3-2370M,,,2,,,4,,,,2.4,,35,,,,PGA988B,,,,,,,,
Intel,Intel Core i3-2375M @ 1.50GHz,i3-2375M,,,2,,,4,,,,1.5,,17,,,,BGA1023,,,,,,,,
Intel,Intel Core i3-2377M @ 1.50GHz,i3-2377M,,,2,,,4,,,,1.5,,17,,,,BGA1023,,,,,,,,
Intel,Intel Core i3-3110M @ 2.40GHz,i3-3110M,,,2,,,4,,,,2.4,,35,,,,BGA1023,,,,,,,,
Intel,Intel Core i3-3120M @ 2.50GHz,i3-3120M,,,2,,,4,,,,2.5,,35,,,,PGA988,,,,,,,,
Intel,Intel Core i3-3130M @ 2.60GHz,i3-3130M,,,2,,,4,,,,2.6,,35,,,,BGA1023,,,,,,,,
Intel,Intel Core i3-3210 @ 3.20GHz,i3-3210,,,2,,,4,,,,3.2,,55,,,,LGA1155,,,,,,,,
Intel,Intel Core i3-3217U @ 1.80GHz,i3-3217U,,,2,,,4,,,,1.8,,17,,,,BGA1023,,,,,,,,
Intel,Intel Core i3-3217UE @ 1.60GHz,i3-3217UE,,,2,,,4,,,,1.6,,17,,,,BGA1023,,,,,,,,
Intel,Intel Core i3-3220 @ 3.30GHz,i3-3220,,,2,,,4,,,,3.3,,55,,,,LGA1155,,,,,,,,
Intel,Intel Core i3-3220T @ 2.80GHz,i3-3220T,,,2,,,4,,,,2.8,,35,,,,LGA1155,,,,,,,,
Intel,Intel Core i3-3225 @ 3.30GHz,i3-3225,,,2,,,4,,,,3.3,,55,,,,LGA1155,,,,,,,,
Intel,Intel Core i3-3227U @ 1.90GHz,i3-3227U,,,2,,,4,,,,1.9,,17,,,,BGA1023,,,,,,,,
Intel,Intel Core i3-3229Y @ 1.40GHz,i3-3229Y,,,2,,,4,,,,1.4,,13,,,,BGA1023,,,,,,,,
Intel,Intel Core i3-3240 @ 3.40GHz,i3-3240,,,2,,,4,,,,3.4,,55,,,,LGA1155,,,,,,,,
Intel,Intel Core i3-3240T @ 2.90GHz,i3-3240T,,,2,,,4,,,,2.9,,35,,,,LGA1155,,,,,,,,
Intel,Intel Core i3-3245 @ 3.40GHz,i3-3245,,,2,,,4,,,,3.4,,55,,,,LGA1155,,,,,,,,
Intel,Intel Core i3-3250 @ 3.50GHz,i3-3250,,,2,,,4,,,,3.5,,55,,,,LGA1155,,,,,,,,
Intel,Intel Core i3-3250T @ 3.00GHz,i3-3250T,,,2,,,4,,,,3.0,,35,,,,FCLGA1155,,,,,,,,
Intel,Intel Core i3-330E @ 2.13GHz,i3-330E,,,2,,,4,,,,2.1,,35,,,,BGA1288,,,,,,,,
Intel,Intel Core i3-330M @ 2.13GHz,i3-330M,,,2,,,4,,,,2.1,,35,,,,BGA1288,,,,,,,,
Intel,Intel Core i3-330UM @ 1.20GHz,i3-330UM,,,2,,,4,,,,1.2,,18,,,,BGA1288,,,,,,,,
Intel,Intel Core i3-350M @ 2.27GHz,i3-350M,,,2,,,4,,,,2.3,,35,,,,BGA1288,,,,,,,,
Intel,Intel Core i3-370M @ 2.40GHz,i3-370M,,,2,,,4,,,,2.4,,35,,,,PGA988A,,,,,,,,
Intel,Intel Core i3-380M @ 2.53GHz,i3-380M,,,2,,,4,,,,2.5,,35,,,,PGA988A,,,,,,,,
Intel,Intel Core i3-380UM @ 1.33GHz,i3-380UM,,,2,,,4,,,,1.3,,18,,,,BGA1288,,,,,,,,
Intel,Intel Core i3-390M @ 2.67GHz,i3-390M,,,2,,,4,,,,2.7,,35,,,,BGA1288,,,,,,,,
Intel,Intel Core i3-4000M @ 2.40GHz,i3-4000M,,,2,,,4,,,,2.4,,37,,,,FCPGA946,,,,,,,,
Intel,Intel Core i3-4005U @ 1.70GHz,i3-4005U,,,2,,,4,,,,1.7,,15,,,,FCBGA1168,,,,,,,,
Intel,Intel Core i3-4010U @ 1.70GHz,i3-4010U,,,2,,,4,,,,1.7,,15,,,,BGA1168,,,,,,,,
Intel,Intel Core i3-4010Y @ 1.30GHz,i3-4010Y,,,2,,,4,,,,1.3,,11.5,,,,BGA1168,,,,,,,,
Intel,Intel Core i3-4012Y @ 1.50GHz,i3-4012Y,,,2,,,4,,,,1.5,,11.5,,,,FCBGA1168,,,,,,,,
Intel,Intel Core i3-4020Y @ 1.50GHz,i3-4020Y,,,2,,,4,,,,1.5,,11.5,,,,BGA1168,,,,,,,,
Intel,Intel Core i3-4025U @ 1.90GHz,i3-4025U,,,2,,,4,,,,1.9,,15,,,,FCBGA1168,,,,,,,,
Intel,Intel Core i3-4030U @ 1.90GHz,i3-4030U,,,2,,,4,,,,1.9,,15,,,,FCBGA1168,,,,,,,,
Intel,Intel Core i3-4030Y @ 1.60GHz,i3-4030Y,,,2,,,4,,,,1.6,,11.5,,,,FCBGA1168,,,,,,,,
Intel,Intel Core i3-4100E @ 2.40GHz,i3-4100E,,,2,,,4,,,,2.4,,37,,,,FCBGA1364,,,,,,,,
Intel,Intel Core i3-4100M @ 2.50GHz,i3-4100M,,,2,,,4,,,,2.5,,37,,,,FCPGA946,,,,,,,,
Intel,Intel Core i3-4100U @ 1.80GHz,i3-4100U,,,2,,,4,,,,1.8,,15,,,,FCBGA1168,,,,,,,,
Intel,Intel Core i3-4110M @ 2.60GHz,i3-4110M,,,2,,,4,,,,2.6,,37,,,,FCPGA946,,,,,,,,
Intel,Intel Core i3-4110U @ 1.90GHz,i3-4110U,,,2,,,4,,,,1.9,,,,,,,,,,,,,,
Intel,Intel Core i3-4120U @ 2.00GHz,i3-4120U,,,2,,,4,,,,2.0,,15,,,,FCBGA1168,,,,,,,,
Intel,Intel Core i3-4158U @ 2.00GHz,i3-4158U,,,2,,,4,,,,2.0,,28,,,,FCBGA1168,,,,,,,,
Intel,Intel Core i3-4330TE @ 2.40GHz,i3-4330TE,,,2,,,4,,,,2.4,,35,,,,LGA1150,,,,,,,,
Intel,Intel Core i3-4570T @ 2.90GHz,i3-4570T,,,2,,,4,3.6,,,2.9,,35,,,,FCLGA1150,,,,,,,,
Intel,Intel Core i3-5005U @ 2.00GHz,i3-5005U,,,2,,,4,,,,2.0,,15,,,,FCBGA1168,,,,,,,,
Intel,Intel Core i3-5010U @ 2.10GHz,i3-5010U,,,2,,,4,,,,2.1,,15,,,,FCBGA1168,,,,,,,,
Intel,Intel Core i3-5015U @ 2.10GHz,i3-5015U,,,2,,,4,,,,2.1,,15,,,,FCBGA1168,,,,,,,,
Intel,Intel Core i3-5020U @ 2.20GHz,i3-5020U,,,2,,,4,,,,2.2,,15,,,,FCBGA1168,,,,,,,,
Intel,Intel Core i3-5157U @ 2.50GHz,i3-5157U,,,2,,,4,,,,2.5,,28,,,,FCBGA1168,,,,,,,,
Intel,Intel Core i3-530 @ 2.93GHz,i3-530,,,2,,,4,,,,2.9,,73,,,,LGA1156,,,,,,,,
Intel,Intel Core i3-540 @ 3.07GHz,i3-540,,,2,,,4,,,,3.1,,73,,,,LGA1156,,,,,,,,
Intel,Intel Core i3-550 @ 3.20GHz,i3-550,,,2,,,4,,,,3.2,,73,,,,LGA1156,,,,,,,,
Intel,Intel Core i3-560 @ 3.33GHz,i3-560,,,2,,,4,,,,3.3,,73,,,,LGA1156,,,,,,,,
Intel,Intel Core i3-6006U @ 2.00GHz,i3-6006U,,,2,,,4,,,,2.0,,15,,,,FCBGA1356,,,,,,,,
Intel,Intel Core i3-6100E @ 2.70GHz,i3-6100E,,,2,,,4,,,,2.7,,35,,,,LGA 1151,,,,,,,,
Intel,Intel Core i3-6100H @ 2.70GHz,i3-6100H,,,2,,,4,,,,2.7,,35,,,,LGA 1151,,,,,,,,
Intel,Intel Core i3-6100TE @ 2.70GHz,i3-6100TE,,,2,,,4,,,,2.7,,35,,,,LGA 1151,,,,,,,,
Intel,Intel Core i3-6100U @ 2.30GHz,i3-6100U,,,2,,,4,,,,2.3,,15,,,,FCBGA1356,,,,,,,,
Intel,Intel Core i3-6102E @ 1.90GHz,i3-6102E,,,2,,,4,,,,1.9,,25,,,,FCBGA1440,,,,,,,,
Intel,Intel Core i3-6157U @ 2.40GHz,i3-6157U,,,2,,,4,,,,2.4,,28,,,,BGA1356,,,,,,,,
Intel,Intel Core i3-6167U @ 2.70GHz,i3-6167U,,,2,,,4,,,,2.7,,28,,,,FCBGA1356,,,,,,,,
Intel,Intel Core i3-7020U @ 2.30GHz,i3-7020U,,,2,,,4,,,,2.3,,15,,,,FCBGA1356,,,,,,,,
Intel,Intel Core i3-7100H @ 3.00GHz,i3-7100H,,,2,,,4,,,,3.0,,35,,,,FCBGA1440,,,,,,,,
Intel,Intel Core i3-7100U @ 2.40GHz,i3-7100U,,,2,,,4,,,,2.4,,15,,,,FCBGA1356,,,,,,,,
Intel,Intel Core i3-7102E @ 2.10GHz,i3-7102E,,,2,,,4,,,,2.1,,25,,,,FCBGA1440,,,,,,,,
Intel,Intel Core i3-7130U @ 2.70GHz,i3-7130U,,,2,,,4,,,,2.7,,15,,,,FCBGA1356,,,,,,,,
Intel,Intel Core i3-7167U @ 2.80GHz,i3-7167U,,,2,,,4,,,,2.8,,28,,,,,,,,,,,,
Intel,Intel Core i3-8100B @ 3.60GHz,i3-8100B,,,4,,,4,,,,3.6,,65,,,,FCBGA1440,,,,,,,,
Intel,Intel Core i3-8100H @ 3.00GHz,i3-8100H,,,4,,,4,,,,3.0,,45,,,,FCBGA1440,,,,,,,,
Intel,Intel Core i3-8109U @ 3.00GHz,i3-8109U,,,2,,,4,3.6,,,3.0,,28,,,,FCBGA1528,,,,,,,,
Intel,Intel Core i3-8121U @ 2.20GHz,i3-8121U,,,2,,,4,3.2,,,2.2,,15,,,,,,,,,,,,
Intel,Intel Core i3-8130U @ 2.20GHz,i3-8130U,,,2,,,4,3.4,,,2.2,,15,,,,FCBGA1356,,,,,,,,
Intel,Intel Core i3-8140U @ 2.10GHz,i3-8140U,,,2,,,4,3.9,,,2.1,,15,,,,FCBGA1528,,,,,,,,
Intel,Intel Core i3-8145U @ 2.10GHz,i3-8145U,,,2,,,4,3.9,,,2.1,,15,,,,FCBGA1528,,,,,,,,
Intel,Intel Core i3-8145UE @ 2.20GHz,i3-8145UE,,,2,,,4,3.9,,,2.2,,15,,,,FCBGA1528,,,,,,,,
Intel,Intel Core i3-9100E @ 3.10GHz,i3-9100E,,,4,,,4,3.7,,,3.1,,65,,,,FCLGA1151,,,,,,,,
Intel,Intel Core i3-9100HL @ 1.60GHz,i3-9100HL,,,4,,,4,2.9,,,1.6,,25,,,,FCBGA1440,,,,,,,,
Intel,Intel Core i3-9100TE @ 2.20GHz,i3-9100TE,,,4,,,4,3.2,,,2.2,,35,,,,FCLGA1151-2,,,,,,,,
Intel,Intel Core i3-N300,i3-N300,,,8,,,8,3.8,,,,,7,,,,FCBGA1264,,,,,,,,
Intel,Intel Core i3-N305,i3-N305,,,8,,,8,3.8,,,0.8,,15,,,,FCBGA1264,,,,,,,,
Intel,Intel Core i5 750S @ 2.40GHz,i5 750S,,,4,,,4,3.2,,,2.4,,82,,,,LGA1156,,,,,,,,
Intel,Intel Core i5 E 520 @ 2.40GHz,i5 E 520,,,2,,,4,,,,2.4,,35,,,,BGA1288,,,,,,,,
Intel,Intel Core i5-10200H @ 2.40GHz,i5-10200H,,,4,,,8,4.1,,,2.4,,45,,,,FCBGA1440,,,,,,,,
Intel,Intel Core i5-10210U @ 1.60GHz,i5-10210U,,,4,,,8,4.2,,,1.6,,15,,,,FCBGA1528,,,,,,,,
Intel,Intel Core i5-10210Y @ 1.00GHz,i5-10210Y,,,4,,,8,4.0,,,1.0,,7,,,,UTFCBGA1377,,,,,,,,
Intel,Intel Core i5-10300H @ 2.50GHz,i5-10300H,,,4,,,8,4.5,,,2.5,,45,,,,FCBGA1440,,,,,,,,
Intel,Intel Core i5-1030NG7 @ 1.10GHz,i5-1030NG7,,,4,,,8,3.5,,,1.1,,10,,,,BGA1526,,,,,,,,
Intel,Intel Core i5-10310U @ 1.70GHz,i5-10310U,,,4,,,8,4.4,,,1.7,,15,,,,FCBGA1528,,,,,,,,
Intel,Intel Core i5-1035G1 @ 1.00GHz,i5-1035G1,,,4,,,8,3.6,,,1.0,,15,,,,FCBGA1526,,,,,,,,
Intel,Intel Core i5-1035G4 @ 1.10GHz,i5-1035G4,,,4,,,8,3.7,,,1.1,,15,,,,FCBGA1526,,,,,,,,
Intel,Intel Core i5-1035G7 @ 1.20GHz,i5-1035G7,,,4,,,8,3.7,,,1.2,,15,,,,FCBGA1526,,,,,,,,
Intel,Intel Core i5-1038NG7 @ 2.00GHz,i5-1038NG7,,,4,,,8,3.8,,,2.0,,28,,,,FCBGA1344,,,,,,,,
Intel,Intel Core i5-10400H @ 2.60GHz,i5-10400H,,,4,,,8,4.6,,,2.6,,45,,,,FCBGA1440,,,,,,,,
Intel,Intel Core i5-10500E @ 3.10GHz,i5-10500E,,,6,,,12,4.2,,,3.1,,65,,,,FCLGA1200,,,,,,,,
Intel,Intel Core i5-10500H @ 2.50GHz,i5-10500H,,,6,,,12,4.5,,,2.5,,45,,,,FCBGA1440,,,,,,,,
Intel,Intel Core i5-10500TE @ 2.30GHz,i5-10500TE,,,6,,,12,3.7,,,2.3,,35,,,,FCLGA1200,,,,,,,,
Intel,Intel Core i5-10505 @ 3.20GHz,i5-10505,,,6,,,12,4.6,,,3.2,,65,,,,FCLGA1200,,,,,,,,
Intel,Intel Core i5-11260H @ 2.60GHz,i5-11260H,,,6,,,12,4.4,,,2.6,,45,,,,FCBGA1787,,,,,,,,
Intel,Intel Core i5-11300H @ 3.10GHz,i5-11300H,,,4,,,8,4.4,,,3.1,,35,,,,FCBGA1449,,,,,,,,
Intel,Intel Core i5-1130G7 @ 1.10GHz,i5-1130G7,,,4,,,8,4.0,,,1.1,,15,,,,BGA 1449,,,,,,,,
Intel,Intel Core i5-11320H @ 3.20GHz,i5-11320H,,,4,,,8,4.5,,,3.2,,35,,,,FCBGA1449,,,,,,,,
Intel,Intel Core i5-1135G7 @ 2.40GHz,i5-1135G7,,,4,,,8,4.2,,,2.4,,15,,,,BGA1526,,,,,,,,
Intel,Intel Core i5-11400 @ 2.60GHz,i5-11400,,,6,,,12,4.4,,,2.6,,65,,,,FCLGA1200,,,,,,,,
Intel,Intel Core i5-11400H @ 2.70GHz,i5-11400H,,,6,,,12,4.5,,,2.7,,45,,,,FCBGA1787,,,,,,,,
Intel,Intel Core i5-11400T @ 1.30GHz,i5-11400T,,,6,,,12,3.7,,,1.3,,35,,,,FCLGA1200,,,,,,,,
Intel,Intel Core i5-1140G7 @ 1.10GHz,i5-1140G7,,,4,,,8,4.2,,,1.1,,15,,,,FCBGA1598,,,,,,,,
Intel,Intel Core i5-1145G7 @ 2.60GHz,i5-1145G7,,,4,,,8,4.4,,,2.6,,28,,,,FCBGA1449,,,,,,,,
Intel,Intel Core i5-1145G7E @ 2.60GHz,i5-1145G7E,,,4,,,8,4.1,,,2.6,,15,,,,FCBGA1449,,,,,,,,
Intel,Intel Core i5-1145GRE @ 2.60GHz,i5-1145GRE,,,4,,,8,4.1,,,1.5,,15,,,,FCBGA1449,,,,,,,,
Intel,Intel Core i5-11500B @ 3.30GHz,i5-11500B,,,6,,,12,4.6,,,3.3,,65,,,,,,,,,,,,
Intel,Intel Core i5-11500H @ 2.90GHz,i5-11500H,,,6,,,12,4.6,,,2.9,,45,,,,FCBGA1787,,,,,,,,
Intel,Intel Core i5-1155G7 @ 2.50GHz,i5-1155G7,,,4,,,8,4.5,,,2.5,,28,,,,FCBGA1449,,,,,,,,
Intel,Intel Core i5-1230U,i5-1230U,,,,,,,,,,,,9,,,,FCBGA1781,,,,,,,,
Intel,Intel Core i5-1235U,i5-1235U,,,,,,,,,,,,15,,,,FCBGA1744,,,,,,,,
Intel,Intel Core i5-1240P,i5-1240P,,,,,,,,,,,,28,,,,FCBGA1744,,,,,,,,
Intel,Intel Core i5-1240U,i5-1240U,,,,,,,,,,,,29,,,,FCBGA1744,,,,,,,,
Intel,Intel Core i5-12450H,i5-12450H,,,,,,,,,,,,45,,,,FCBGA1744,,,,,,,,
Intel,Intel Core i5-12450HX,i5-12450HX,,,,,,,,,,,,148,,,,FCBGA1964,,,,,,,,
Intel,Intel Core i5-1245U,i5-1245U,,,,,,,,,,,,15,,,,FCBGA1744,,,,,,,,
Intel,Intel Core i5-1245UE,i5-1245UE,,,,,,,,,,,,15,,,,FCBGA1744,,,,,,,,
Intel,Intel Core i5-1245UL,i5-1245UL,,,,,,,,,,,,15,,,,FCLGA1700,,,,,,,,
Intel,Intel Core i5-12490F,i5-12490F,,,6,,,12,4.6,,,3.0,,65,,,,LGA1700,,,,,,,,
Intel,Intel Core i5-12500E,i5-12500E,,,6,,,12,4.5,,,2.9,,65,,,,FCLGA1700,,,,,,,,
Intel,Intel Core i5-12500H,i5-12500H,,,,,,,,,,,,45,,,,FCBGA1744,,,,,,,,
Intel,Intel Core i5-12500HL,i5-12500HL,,,,,,,,,,,,45,,,,FCLGA1700,,,,,,,,
Intel,Intel Core i5-12500TE,i5-12500TE,,,6,,,12,4.3,,,1.9,,35,,,,FCLGA1700,,,,,,,,
Intel,Intel Core i5-1250P,i5-1250P,,,,,,,,,,,,28,,,,BGA1700,,,,,,,,
Intel,Intel Core i5-1250PE,i5-1250PE,,,,,,,,,,,,28,,,,FCBGA1744,,,,,,,,
Intel,Intel Core i5-12600H,i5-12600H,,,,,,,,,,,,45,,,,FCBGA1744,,,,,,,,
Intel,Intel Core i5-12600HE,i5-12600HE,,,,,,,,,,,,65,,,,BGA 1744,,,,,,,,
Intel,Intel Core i5-12600HL,i5-12600HL,,,,,,,,,,,,45,,,,FCLGA1700,,,,,,,,
Intel,Intel Core i5-12600HX,i5-12600HX,,,,,,,,,,,,55,,,,FCBGA1964,,,,,,,,
Intel,Intel Core i5-1334U,i5-1334U,,,,,,,,,,,,15,,,,FCBGA1744,,,,,,,,
Intel,Intel Core i5-1335U,i5-1335U,,,,,,,,,,,,15,,,,FCBGA1744,,,,,,,,
Intel,Intel Core i5-1335UE,i5-1335UE,,,,,,,,,,,,28,,,,FCBGA1744,,,,,,,,
Intel,Intel Core i5-13400E,i5-13400E,,,,,,,,,,,,65,,,,FCLGA1700,,,,,,,,
Intel,Intel Core i5-13400EF,i5-13400EF,,,,,,,,,,,,65,,,,FCLGA1700,,,,,,,,
Intel,Intel Core i5-13400T,i5-13400T,,,,,,,,,,,,82,,,,FCLGA1700,,,,,,,,
Intel,Intel Core i5-1340P,i5-1340P,,,,,,,,,,,,28,,,,FCBGA1744,,,,,,,,
Intel,Intel Core i5-1340PE,i5-1340PE,,,,,,,,,,,,28,,,,FCBGA1744,,,,,,,,
Intel,Intel Core i5-13420H,i5-13420H,,,,,,,,,,,,45,,,,FCBGA1744,,,,,,,,
Intel,Intel Core i5-13450HX,i5-13450HX,,,,,,,,,,,,55,,,,FCBGA1964,,,,,,,,
Intel,Intel Core i5-1345U,i5-1345U,,,,,,,,,,,,15,,,,FCBGA1744,,,,,,,,
Intel,Intel Core i5-1345UE,i5-1345UE,,,,,,,,,,,,15,,,,FCBGA1744,,,,,,,,
Intel,Intel Core i5-1345URE,i5-1345URE,,,,,,,,,,,,15,,,,FCBGA1744,,,,,,,,
Intel,Intel Core i5-13490F,i5-13490F,,,,,,,,,,,,65,,,,FCLGA1700,,,,,,,,
Intel,Intel Core i5-13500E,i5-13500E,,,,,,,,,,,,65,,,,FCLGA1700,,,,,,,,
Intel,Intel Core i5-13500H,i5-13500H,,,,,,,,,,,,45,,,,,,,,,,,,
Intel,Intel Core i5-13500HX,i5-13500HX,,,,,,,,,,,,55,,,,FCBGA1964,,,,,,,,
Intel,Intel Core i5-13500TE,i5-13500TE,,,,,,,,,,,,35,,,,FCLGA1700,,,,,,,,
Intel,Intel Core i5-1350P,i5-1350P,,,,,,,,,,,,28,,,,FCBGA1744,,,,,,,,
Intel,Intel Core i5-1350PRE,i5-1350PRE,,,,,,,,,,,,28,,,,FCBGA1744,,,,,,,,
Intel,Intel Core i5-13600H,i5-13600H,,,,,,,,,,,,45,,,,FCBGA1744,,,,,,,,
Intel,Intel Core i5-13600HE,i5-13600HE,,,,,,,,,,,,45,,,,FCBGA1744,,,,,,,,
Intel,Intel Core i5-13600HRE,i5-13600HRE,,,,,,,,,,,,45,,,,FCBGA1744,,,,,,,,
Intel,Intel Core i5-13600HX,i5-13600HX,,,,,,,,,,,,55,,,,FCBGA1964,,,,,,,,
Intel,Intel Core i5-13600K,i5-13600K,,,,,,,,,,,,125,,,,FCLGA1700,,,,,,,,
Intel,Intel Core i5-13600KF,i5-13600KF,,,,,,,,,,,,125,,,,FCLGA1700,,,,,,,,319
Intel,Intel Core i5-14450HX,i5-14450HX,,,,,,,,,,,,55,,,,FCBGA1964,,,,,,,,0
Intel,Intel Core i5-14490F,i5-14490F,,,,,,,,,,,,65,,,,FCLGA1700,,,,,,,,
Intel,Intel Core i5-14500HX,i5-14500HX,,,,,,,,,,,,55,,,,FCBGA1964,,,,,,,,
Intel,Intel Core i5-14600K,i5-14600K,,,,,,,,,,,,125,,,,FCLGA1700,,,,,,,,
Intel,Intel Core i5-14600KF,i5-14600KF,,,,,,,,,,,,125,,,,FCLGA1700,,,,,,,,239.99
Intel,Intel Core i5-2300 @ 2.80GHz,i5-2300,,,4,,,4,3.1,,,2.8,,95,,,,LGA1155,,,,,,,,239.99
Intel,Intel Core i5-2310 @ 2.90GHz,i5-2310,,,4,,,4,3.2,,,2.9,,95,,,,LGA1155,,,,,,,,
Intel,Intel Core i5-2320 @ 3.00GHz,i5-2320,,,4,,,4,3.3,,,3.0,,95,,,,LGA1155,,,,,,,,
Intel,Intel Core i5-2380P @ 3.10GHz,i5-2380P,,,4,,,4,3.4,,,3.1,,95,,,,LGA1155,,,,,,,,
Intel,Intel Core i5-2390T @ 2.70GHz,i5-2390T,,,2,,,4,3.5,,,2.7,,35,,,,LGA1155,,,,,,,,
Intel,Intel Core i5-2400 @ 3.10GHz,i5-2400,,,4,,,4,3.4,,,3.1,,95,,,,LGA1155,,,,,,,,
Intel,Intel Core i5-2400S @ 2.50GHz,i5-2400S,,,4,,,4,3.3,,,2.5,,65,,,,LGA1155,,,,,,,,
Intel,Intel Core i5-24050S @ 2.50GHz,i5-24050S,,,4,,,4,3.3,,,2.5,,65,,,,LGA1155. FCLGA11,,,,,,,,
Intel,Intel Core i5-2405S @ 2.50GHz,i5-2405S,,,4,,,4,3.3,,,2.5,,65,,,,LGA1155,,,,,,,,
Intel,Intel Core i5-2410M @ 2.30GHz,i5-2410M,,,2,,,4,2.9,,,2.3,,35,,,,FCBGA1023. PPG,,,,,,,,
Intel,Intel Core i5-2415M @ 2.30GHz,i5-2415M,,,2,,,4,2.9,,,2.3,,35,,,,BGA1023,,,,,,,,
Intel,Intel Core i5-2430M @ 2.40GHz,i5-2430M,,,2,,,4,3.0,,,2.4,,35,,,,PGA988B,,,,,,,,
Intel,Intel Core i5-2435M @ 2.40GHz,i5-2435M,,,2,,,4,3.0,,,2.4,,35,,,,BGA1023,,,,,,,,
Intel,Intel Core i5-2450M @ 2.50GHz,i5-2450M,,,2,,,4,3.1,,,2.5,,35,,,,BGA1023,,,,,,,,
Intel,Intel Core i5-2450P @ 3.20GHz,i5-2450P,,,4,,,4,3.5,,,3.2,,95,,,,LGA1155,,,,,,,,
Intel,Intel Core i5-2467M @ 1.60GHz,i5-2467M,,,2,,,4,2.3,,,1.6,,17,,,,BGA1023,,,,,,,,
Intel,Intel Core i5-2500 @ 3.30GHz,i5-2500,,,4,,,4,3.7,,,3.3,,95,,,,LGA1155,,,,,,,,
Intel,Intel Core i5-2500K @ 3.30GHz,i5-2500K,,,4,,,4,3.7,,,3.3,,95,,,,LGA1155,,,,,,,,
Intel,Intel Core i5-2500S @ 2.70GHz,i5-2500S,,,4,,,4,3.7,,,2.7,,65,,,,LGA1155,,,,,,,,
Intel,Intel Core i5-2500T @ 2.30GHz,i5-2500T,,,4,,,4,3.3,,,2.3,,45,,,,LGA1155,,,,,,,,
Intel,Intel Core i5-2510E @ 2.50GHz,i5-2510E,,,2,,,4,3.1,,,2.5,,35,,,,PGA988B,,,,,,,,
Intel,Intel Core i5-2515E @ 2.50GHz,i5-2515E,,,2,,,4,3.1,,,2.5,,35,,,,BGA1023,,,,,,,,
Intel,Intel Core i5-2520M @ 2.50GHz,i5-2520M,,,2,,,4,3.2,,,2.5,,35,,,,PGA988B,,,,,,,,
Intel,Intel Core i5-2537M @ 1.40GHz,i5-2537M,,,2,,,4,2.3,,,1.4,,17,,,,BGA1023,,,,,,,,
Intel,Intel Core i5-2540M @ 2.60GHz,i5-2540M,,,2,,,4,3.3,,,2.6,,35,,,,BGA1023,,,,,,,,
Intel,Intel Core i5-2550K @ 3.40GHz,i5-2550K,,,4,,,4,3.8,,,3.4,,95,,,,LGA1155,,,,,,,,
Intel,Intel Core i5-2557M @ 1.70GHz,i5-2557M,,,2,,,4,2.7,,,1.7,,17,,,,BGA1023,,,,,,,,
Intel,Intel Core i5-2560M @ 2.70GHz,i5-2560M,,,2,,,4,3.4,,,2.7,,,,,,,,,,,,,,
Intel,Intel Core i5-3170K @ 3.20GHz,i5-3170K,,,4,,,4,3.6,,,3.2,,,,,,,,,,,,,,
Intel,Intel Core i5-3210M @ 2.50GHz,i5-3210M,,,2,,,4,3.1,,,2.5,,35,,,,PGA988B,,,,,,,,
Intel,Intel Core i5-3230M @ 2.60GHz,i5-3230M,,,2,,,4,3.2,,,2.6,,35,,,,PGA988,,,,,,,,
Intel,Intel Core i5-3317U @ 1.70GHz,i5-3317U,,,2,,,4,2.6,,,1.7,,17,,,,BGA1023,,,,,,,,
Intel,Intel Core i5-3320M @ 2.60GHz,i5-3320M,,,2,,,4,3.3,,,2.6,,35,,,,BGA1023,,,,,,,,
Intel,Intel Core i5-3330 @ 3.00GHz,i5-3330,,,4,,,4,3.2,,,3.0,,77,,,,LGA1155,,,,,,,,
Intel,Intel Core i5-3330S @ 2.70GHz,i5-3330S,,,4,,,4,3.2,,,2.7,,65,,,,LGA1155,,,,,,,,
Intel,Intel Core i5-3335S @ 2.70GHz,i5-3335S,,,4,,,4,3.2,,,2.7,,65,,,,LGA1155,,,,,,,,
Intel,Intel Core i5-3337U @ 1.80GHz,i5-3337U,,,2,,,4,2.7,,,1.8,,17,,,,BGA1023,,,,,,,,
Intel,Intel Core i5-3339Y @ 1.50GHz,i5-3339Y,,,2,,,4,2.0,,,1.5,,13,,,,BGA1023,,,,,,,,
Intel,Intel Core i5-3340 @ 3.10GHz,i5-3340,,,4,,,4,3.3,,,3.1,,77,,,,LGA1155,,,,,,,,
Intel,Intel Core i5-3340M @ 2.70GHz,i5-3340M,,,2,,,4,3.4,,,2.7,,35,,,,BGA1023,,,,,,,,
Intel,Intel Core i5-3340S @ 2.80GHz,i5-3340S,,,4,,,4,3.3,,,2.8,,65,,,,LGA1155,,,,,,,,
Intel,Intel Core i5-3350P @ 3.10GHz,i5-3350P,,,4,,,4,3.3,,,3.1,,69,,,,LGA1155,,,,,,,,
Intel,Intel Core i5-3360M @ 2.80GHz,i5-3360M,,,2,,,4,3.5,,,2.8,,35,,,,BGA1023,,,,,,,,
Intel,Intel Core i5-3380M @ 2.90GHz,i5-3380M,,,2,,,4,3.6,,,2.9,,35,,,,FCPGA988. FCBGA1,,,,,,,,
Intel,Intel Core i5-3427U @ 1.80GHz,i5-3427U,,,2,,,4,2.8,,,1.8,,17,,,,BGA1023,,,,,,,,
Intel,Intel Core i5-3437U @ 1.90GHz,i5-3437U,,,2,,,4,2.9,,,1.9,,17,,,,BGA1023,,,,,,,,
Intel,Intel Core i5-3439Y @ 1.50GHz,i5-3439Y,,,2,,,4,2.3,,,1.5,,13,,,,BGA1023,,,,,,,,
Intel,Intel Core i5-3450 @ 3.10GHz,i5-3450,,,4,,,4,3.5,,,3.1,,77,,,,LGA1155,,,,,,,,
Intel,Intel Core i5-3450S @ 2.80GHz,i5-3450S,,,4,,,4,3.5,,,2.8,,65,,,,LGA1155,,,,,,,,
Intel,Intel Core i5-3470 @ 3.20GHz,i5-3470,,,4,,,4,3.6,,,3.2,,77,,,,LGA1155,,,,,,,,
Intel,Intel Core i5-3470S @ 2.90GHz,i5-3470S,,,4,,,4,3.6,,,2.9,,65,,,,LGA1155,,,,,,,,
Intel,Intel Core i5-3470T @ 2.90GHz,i5-3470T,,,2,,,4,3.6,,,2.9,,35,,,,LGA1155,,,,,,,,
Intel,Intel Core i5-3475S @ 2.90GHz,i5-3475S,,,4,,,4,3.6,,,2.9,,65,,,,LGA1155,,,,,,,,
Intel,Intel Core i5-3550 @ 3.30GHz,i5-3550,,,4,,,4,3.7,,,3.3,,77,,,,LGA1155,,,,,,,,
Intel,Intel Core i5-3550S @ 3.00GHz,i5-3550S,,,4,,,4,3.7,,,3.0,,65,,,,LGA1155,,,,,,,,
Intel,Intel Core i5-3570 @ 3.40GHz,i5-3570,,,4,,,4,3.8,,,3.4,,77,,,,LGA1155,,,,,,,,
Intel,Intel Core i5-3570K @ 3.40GHz,i5-3570K,,,4,,,4,3.8,,,3.4,,77,,,,LGA1155,,,,,,,,
Intel,Intel Core i5-3570S @ 3.10GHz,i5-3570S,,,4,,,4,3.8,,,3.1,,65,,,,LGA1155,,,,,,,,
Intel,Intel Core i5-3570T @ 2.30GHz,i5-3570T,,,4,,,4,3.3,,,2.3,,45,,,,LGA1155,,,,,,,,
Intel,Intel Core i5-3610ME @ 2.70GHz,i5-3610ME,,,2,,,4,3.3,,,2.7,,35,,,,BGA1023,,,,,,,,
Intel,Intel Core i5-4200H @ 2.80GHz,i5-4200H,,,2,,,4,3.4,,,2.8,,47,,,,BGA1364,,,,,,,,
Intel,Intel Core i5-4200M @ 2.50GHz,i5-4200M,,,2,,,4,3.1,,,2.5,,37,,,,PGA946,,,,,,,,
Intel,Intel Core i5-4200U @ 1.60GHz,i5-4200U,,,2,,,4,2.6,,,1.6,,15,,,,BGA1168,,,,,,,,
Intel,Intel Core i5-4200Y @ 1.40GHz,i5-4200Y,,,2,,,4,1.9,,,1.4,,11.5,,,,BGA1168,,,,,,,,
Intel,Intel Core i5-4202Y @ 1.60GHz,i5-4202Y,,,2,,,4,2.0,,,1.6,,11.5,,,,FCBGA1168,,,,,,,,
Intel,Intel Core i5-4210H @ 2.90GHz,i5-4210H,,,2,,,4,3.5,,,2.9,,47,,,,FCBGA1364,,,,,,,,
Intel,Intel Core i5-4210M @ 2.60GHz,i5-4210M,,,2,,,4,3.2,,,2.6,,37,,,,FCPGA946,,,,,,,,
Intel,Intel Core i5-4210U @ 1.70GHz,i5-4210U,,,2,,,4,2.7,,,1.7,,15,,,,FCBGA1168,,,,,,,,
Intel,Intel Core i5-4210Y @ 1.50GHz,i5-4210Y,,,2,,,4,1.9,,,1.5,,11,,,,BGA1168,,,,,,,,
Intel,Intel Core i5-4220Y @ 1.60GHz,i5-4220Y,,,2,,,4,2.0,,,1.6,,11.5,,,,FCBGA1364,,,,,,,,
Intel,Intel Core i5-4230U @ 1.90GHz,i5-4230U,,,2,,,4,2.9,,,1.9,,15,,,,FCBGA1364,,,,,,,,
Intel,Intel Core i5-4250U @ 1.30GHz,i5-4250U,,,2,,,4,2.6,,,1.3,,15,,,,BGA1168,,,,,,,,
Intel,Intel Core i5-4258U @ 2.40GHz,i5-4258U,,,2,,,4,2.9,,,2.4,,28,,,,FCBGA1168,,,,,,,,
Intel,Intel Core i5-4260U @ 1.40GHz,i5-4260U,,,2,,,4,2.7,,,1.4,,15,,,,FCBGA1168,,,,,,,,
Intel,Intel Core i5-4278U @ 2.60GHz,i5-4278U,,,2,,,4,3.1,,,2.6,,28,,,,FCBGA1168,,,,,,,,
Intel,Intel Core i5-4288U @ 2.60GHz,i5-4288U,,,2,,,4,3.1,,,2.6,,28,,,,FCBGA1168,,,,,,,,
Intel,Intel Core i5-4300M @ 2.60GHz,i5-4300M,,,2,,,4,3.3,,,2.6,,37,,,,PGA946,,,,,,,,
Intel,Intel Core i5-4300U @ 1.90GHz,i5-4300U,,,2,,,4,2.9,,,1.9,,15,,,,FCBGA1168,,,,,,,,
Intel,Intel Core i5-4300Y @ 1.60GHz,i5-4300Y,,,2,,,4,2.3,,,1.6,,11.5,,,,BGA1168,,,,,,,,
Intel,Intel Core i5-4302Y @ 1.60GHz,i5-4302Y,,,2,,,4,2.3,,,1.6,,11.5,,,,FCBGA1168,,,,,,,,
Intel,Intel Core i5-4308U @ 2.80GHz,i5-4308U,,,2,,,4,3.3,,,2.8,,28,,,,FCBGA1364,,,,,,,,
Intel,Intel Core i5-430M @ 2.27GHz,i5-430M,,,2,,,4,2.5,,,2.3,,35,,,,BGA1288,,,,,,,,
Intel,Intel Core i5-430UM @ 1.20GHz,i5-430UM,,,2,,,4,1.7,,,1.2,,18,,,,BGA1288,,,,,,,,
Intel,Intel Core i5-4310M @ 2.70GHz,i5-4310M,,,2,,,4,3.4,,,2.7,,37,,,,,,,,,,,,
Intel,Intel Core i5-4310U @ 2.00GHz,i5-4310U,,,2,,,4,3.0,,,2.0,,15,,,,FCBGA1168,,,,,,,,
Intel,Intel Core i5-4330M @ 2.80GHz,i5-4330M,,,2,,,4,3.5,,,2.8,,37,,,,,,,,,,,,
Intel,Intel Core i5-4340M @ 2.90GHz,i5-4340M,,,2,,,4,3.6,,,2.9,,37,,,,,,,,,,,,
Intel,Intel Core i5-4350U @ 1.40GHz,i5-4350U,,,2,,,4,2.9,,,1.4,,15,,,,BGA1168,,,,,,,,
Intel,Intel Core i5-4400E @ 2.70GHz,i5-4400E,,,2,,,4,3.3,,,2.7,,37,,,,BGA1364,,,,,,,,
Intel,Intel Core i5-4402E @ 1.60GHz,i5-4402E,,,2,,,4,2.7,,,1.6,,25,,,,FCBGA1364,,,,,,,,
Intel,Intel Core i5-4422E @ 1.80GHz,i5-4422E,,,2,,,4,2.9,,,1.8,,25,,,,FCBGA1364,,,,,,,,
Intel,Intel Core i5-4470 @ 3.30GHz,i5-4470,,,4,,,4,3.5,,,3.3,,84,,,,LGA1150,,,,,,,,
Intel,Intel Core i5-4470S @ 3.00GHz,i5-4470S,,,4,,,4,,,,3.0,,65,,,,LGA1150,,,,,,,,
Intel,Intel Core i5-450M @ 2.40GHz,i5-450M,,,2,,,4,2.7,,,2.4,,35,,,,PGA988A,,,,,,,,
Intel,Intel Core i5-4570TE @ 2.70GHz,i5-4570TE,,,2,,,4,3.3,,,2.7,,35,,,,LGA1150,,,,,,,,
Intel,Intel Core i5-460M @ 2.53GHz,i5-460M,,,2,,,4,2.8,,,2.5,,35,,,,BGA1288,,,,,,,,
Intel,Intel Core i5-4670K CPT @ 3.40GHz,i5-4670K CPT,,,4,,,4,3.8,,,3.4,,84,,,,LGA1150,,,,,,,,
Intel,Intel Core i5-470UM @ 1.33GHz,i5-470UM,,,2,,,4,1.9,,,1.3,,18,,,,BGA1288,,,,,,,,
Intel,Intel Core i5-480M @ 2.67GHz,i5-480M,,,2,,,4,2.9,,,2.7,,35,,,,BGA1288,,,,,,,,
Intel,Intel Core i5-520 @ 2.40GHz,i5-520,,,2,,,4,2.9,,,2.4,,35,,,,,,,,,,,,
Intel,Intel Core i5-5200U @ 2.20GHz,i5-5200U,,,2,,,4,2.7,,,2.2,,15,,,,FCBGA1168,,,,,,,,
Intel,Intel Core i5-520M @ 2.40GHz,i5-520M,,,2,,,4,2.9,,,2.4,,35,,,,BGA1288,,,,,,,,
Intel,Intel Core i5-520UM @ 1.07GHz,i5-520UM,,,2,,,4,1.9,,,1.1,,18,,,,BGA1288,,,,,,,,
Intel,Intel Core i5-5250U @ 1.60GHz,i5-5250U,,,2,,,4,2.7,,,1.6,,15,,,,FCBGA1168,,,,,,,,
Intel,Intel Core i5-5257U @ 2.70GHz,i5-5257U,,,2,,,4,3.1,,,2.7,,23,,,,FCBGA1168,,,,,,,,
Intel,Intel Core i5-5287U @ 2.90GHz,i5-5287U,,,2,,,4,3.3,,,2.9,,28,,,,FCBGA1168,,,,,,,,
Intel,Intel Core i5-5300U @ 2.30GHz,i5-5300U,,,2,,,4,2.9,,,2.3,,15,,,,FCBGA1168,,,,,,,,
Intel,Intel Core i5-5350U @ 1.80GHz,i5-5350U,,,2,,,4,2.9,,,1.8,,15,,,,FCBGA1168,,,,,,,,
Intel,Intel Core i5-540M @ 2.53GHz,i5-540M,,,2,,,4,3.1,,,2.5,,35,,,,BGA1288,,,,,,,,
Intel,Intel Core i5-540UM @ 1.20GHz,i5-540UM,,,2,,,4,2.0,,,1.2,,18,,,,BGA1288,,,,,,,,
Intel,Intel Core i5-560M @ 2.67GHz,i5-560M,,,2,,,4,3.2,,,2.7,,35,,,,BGA1288,,,,,,,,
Intel,Intel Core i5-560UM @ 1.33GHz,i5-560UM,,,2,,,4,2.1,,,1.3,,18,,,,BGA1288,,,,,,,,
Intel,Intel Core i5-580M @ 2.67GHz,i5-580M,,,2,,,4,3.3,,,2.7,,35,,,,BGA1288,,,,,,,,
Intel,Intel Core i5-6198DU @ 2.30GHz,i5-6198DU,,,2,,,4,2.8,,,2.3,,15,,,,BGA1356,,,,,,,,
Intel,Intel Core i5-6200U @ 2.30GHz,i5-6200U,,,2,,,4,2.8,,,2.3,,15,,,,FCBGA1356,,,,,,,,
Intel,Intel Core i5-6260U @ 1.80GHz,i5-6260U,,,2,,,4,2.9,,,1.8,,15,,,,FCBGA1356,,,,,,,,
Intel,Intel Core i5-6267U @ 2.90GHz,i5-6267U,,,2,,,4,3.3,,,2.9,,28,,,,FCBGA1356,,,,,,,,
Intel,Intel Core i5-6287U @ 3.10GHz,i5-6287U,,,2,,,4,3.5,,,3.1,,28,,,,FCBGA1356,,,,,,,,
Intel,Intel Core i5-6300HQ @ 2.30GHz,i5-6300HQ,,,4,,,4,3.2,,,2.3,,45,,,,LGA 1151,,,,,,,,
Intel,Intel Core i5-6300U @ 2.40GHz,i5-6300U,,,2,,,4,3.0,,,2.4,,15,,,,FCBGA1356,,,,,,,,
Intel,Intel Core i5-6350HQ @ 2.30GHz,i5-6350HQ,,,4,,,4,3.2,,,2.3,,45,,,,LGA 1151,,,,,,,,
Intel,Intel Core i5-6360U @ 2.00GHz,i5-6360U,,,2,,,4,3.1,,,2.0,,15,,,,FCBGA1356,,,,,,,,
Intel,Intel Core i5-6440EQ @ 2.70GHz,i5-6440EQ,,,4,,,4,3.4,,,2.7,,45,,,,FCBGA1440,,,,,,,,
Intel,Intel Core i5-6440HQ @ 2.60GHz,i5-6440HQ,,,4,,,4,3.5,,,2.6,,45,,,,LGA 1151,,,,,,,,
Intel,Intel Core i5-6442EQ @ 1.90GHz,i5-6442EQ,,,4,,,4,2.7,,,1.9,,25,,,,FCBGA1440,,,,,,,,
Intel,Intel Core i5-650 @ 3.20GHz,i5-650,,,2,,,4,3.5,,,3.2,,73,,,,LGA1156,,,,,,,,
Intel,Intel Core i5-6500TE @ 2.30GHz,i5-6500TE,,,4,,,4,3.3,,,2.3,,35,,,,LGA 1151,,,,,,,,
Intel,Intel Core i5-655K @ 3.20GHz,i5-655K,,,2,,,4,3.5,,,3.2,,73,,,,LGA1156,,,,,,,,
Intel,Intel Core i5-660 @ 3.33GHz,i5-660,,,2,,,4,3.6,,,3.3,,73,,,,LGA1156,,,,,,,,
Intel,Intel Core i5-661 @ 3.33GHz,i5-661,,,2,,,4,3.6,,,3.3,,87,,,,LGA1156,,,,,,,,
Intel,Intel Core i5-670 @ 3.47GHz,i5-670,,,2,,,4,3.7,,,3.5,,73,,,,LGA1156,,,,,,,,
Intel,Intel Core i5-680 @ 3.60GHz,i5-680,,,2,,,4,3.9,,,3.6,,73,,,,LGA1156,,,,,,,,
Intel,Intel Core i5-7200U @ 2.50GHz,i5-7200U,,,2,,,4,3.1,,,2.5,,15,,,,FCBGA1356,,,,,,,,
Intel,Intel Core i5-7260U @ 2.20GHz,i5-7260U,,,2,,,4,3.4,,,2.2,,15,,,,BGA1356,,,,,,,,
Intel,Intel Core i5-7267U @ 3.10GHz,i5-7267U,,,2,,,4,3.5,,,3.1,,28,,,,BGA1356,,,,,,,,
Intel,Intel Core i5-7287U @ 3.30GHz,i5-7287U,,,2,,,4,3.7,,,3.3,,28,,,,,,,,,,,,
Intel,Intel Core i5-7300HQ @ 2.50GHz,i5-7300HQ,,,4,,,4,3.5,,,2.5,,45,,,,,,,,,,,,
Intel,Intel Core i5-7300U @ 2.60GHz,i5-7300U,,,2,,,4,3.5,,,2.6,,15,,,,FCBGA1356,,,,,,,,
Intel,Intel Core i5-7360U @ 2.30GHz,i5-7360U,,,2,,,4,3.6,,,2.3,,15,,,,FCBGA1356,,,,,,,,
Intel,Intel Core i5-7440EQ @ 2.90GHz,i5-7440EQ,,,4,,,4,3.6,,,2.9,,45,,,,FCBGA1440,,,,,,,,
Intel,Intel Core i5-7440HQ @ 2.80GHz,i5-7440HQ,,,4,,,4,3.8,,,2.8,,45,,,,BGA1440,,,,,,,,
Intel,Intel Core i5-7442EQ @ 2.10GHz,i5-7442EQ,,,4,,,4,2.9,,,2.1,,25,,,,FCBGA1440,,,,,,,,
Intel,Intel Core i5-750 @ 2.67GHz,i5-750,,,4,,,4,3.2,,,2.7,,95,,,,LGA1156,,,,,,,,
Intel,Intel Core i5-760 @ 2.80GHz,i5-760,,,4,,,4,3.3,,,2.8,,95,,,,LGA1156,,,,,,,,
Intel,Intel Core i5-760S @ 2.53GHz,i5-760S,,,4,,,4,3.3,,,2.5,,,,,,,,,,,,,,
Intel,Intel Core i5-7Y54 @ 1.20GHz,i5-7Y54,,,2,,,4,3.2,,,1.2,,4.5,,,,FCBGA1515,,,,,,,,
Intel,Intel Core i5-7Y57 @ 1.20GHz,i5-7Y57,,,2,,,4,3.3,,,1.2,,4.5,,,,FCBGA1515,,,,,,,,
Intel,Intel Core i5-8200Y @ 1.30GHz,i5-8200Y,,,2,,,4,3.9,,,1.3,,5,,,,FCBGA1515,,,,,,,,
Intel,Intel Core i5-8210Y @ 1.60GHz,i5-8210Y,,,2,,,4,3.6,,,1.6,,7,,,,FCBGA1515,,,,,,,,
Intel,Intel Core i5-8250U @ 1.60GHz,i5-8250U,,,4,,,8,3.4,,,1.6,,15,,,,FC-BGA1356,,,,,,,,
Intel,Intel Core i5-8257U @ 1.40GHz,i5-8257U,,,4,,,8,3.9,,,1.4,,15,,,,FCBGA1528,,,,,,,,
Intel,Intel Core i5-8259U @ 2.30GHz,i5-8259U,,,4,,,8,3.8,,,2.3,,28,,,,FCBGA1528,,,,,,,,
Intel,Intel Core i5-8260U @ 1.60GHz,i5-8260U,,,4,,,8,3.9,,,1.6,,15,,,,FCBGA1528,,,,,,,,
Intel,Intel Core i5-8265U @ 1.60GHz,i5-8265U,,,4,,,8,3.9,,,1.6,,15,,,,FCBGA1528,,,,,,,,
Intel,Intel Core i5-8265UC @ 1.60GHz,i5-8265UC,,,4,,,8,3.9,,,1.6,,,,,,FCBGA1528,,,,,,,,
Intel,Intel Core i5-8269U @ 2.60GHz,i5-8269U,,,4,,,8,4.2,,,2.6,,28,,,,FCBGA1528,,,,,,,,
Intel,Intel Core i5-8279U @ 2.40GHz,i5-8279U,,,4,,,8,4.1,,,2.4,,28,,,,FCBGA1528,,,,,,,,
Intel,Intel Core i5-8300H @ 2.30GHz,i5-8300H,,,4,,,8,4.0,,,2.3,,45,,,,FCLGA1151-2,,,,,,,,
Intel,Intel Core i5-8305G @ 2.80GHz,i5-8305G,,,4,,,8,3.8,,,2.8,,65,,,,BGA2270,,,,,,,,
Intel,Intel Core i5-8350U @ 1.70GHz,i5-8350U,,,4,,,8,3.6,,,1.7,,15,,,,FC-BGA1356,,,,,,,,
Intel,Intel Core i5-8365U @ 1.60GHz,i5-8365U,,,4,,,8,4.1,,,1.6,,15,,,,FCBGA1528,,,,,,,,
Intel,Intel Core i5-8365UE @ 1.60GHz,i5-8365UE,,,4,,,8,4.1,,,1.6,,15,,,,FCBGA1528,,,,,,,,
Intel,Intel Core i5-8400H @ 2.50GHz,i5-8400H,,,4,,,8,4.2,,,2.5,,45,,,,FCBGA1440,,,,,,,,
Intel,Intel Core i5-8500B @ 3.00GHz,i5-8500B,,,6,,,6,4.1,,,3.0,,65,,,,FCBGA1440,,,,,,,,
Intel,Intel Core i5-9300H @ 2.40GHz,i5-9300H,,,4,,,8,4.1,,,2.4,,45,,,,FCBGA1440,,,,,,,,
Intel,Intel Core i5-9300HF @ 2.40GHz,i5-9300HF,,,4,,,8,4.1,,,2.4,,45,,,,FCBGA1440,,,,,,,,
Intel,Intel Core i5-9400H @ 2.50GHz,i5-9400H,,,4,,,8,4.3,,,2.5,,45,,,,FCBGA1440,,,,,,,,
Intel,Intel Core i5-9500E @ 3.00GHz,i5-9500E,,,6,,,6,4.2,,,3.0,,65,,,,FCLGA1151,,,,,,,,
Intel,Intel Core i5-9500TE @ 2.20GHz,i5-9500TE,,,6,,,6,3.6,,,2.2,,35,,,,FCLGA1151-2,,,,,,,,
Intel,Intel Core i5-L16G7 @ 1.40GHz,i5-L16G7,,,5,,,5,3.0,,,1.4,,7,,,,FC-CSP1016,,,,,,,,
Intel,Intel Core i7-10510U @ 1.80GHz,i7-10510U,,,4,,,8,4.9,,,1.8,,15,,,,FCBGA1528,,,,,,,,
Intel,Intel Core i7-10510Y @ 1.20GHz,i7-10510Y,,,4,,,8,4.5,,,1.2,,7,,,,UTFCBGA1377,,,,,,,,
Intel,Intel Core i7-1060NG7 @ 1.20GHz,i7-1060NG7,,,4,,,8,3.8,,,1.2,,10,,,,FCBGA1526,,,,,,,,
Intel,Intel Core i7-10610U @ 1.80GHz,i7-10610U,,,4,,,8,4.9,,,1.8,,15,,,,FCBGA1528,,,,,,,,
Intel,Intel Core i7-1065G7 @ 1.30GHz,i7-1065G7,,,4,,,8,3.9,,,1.3,,15,,,,FCBGA-1526,,,,,,,,
Intel,Intel Core i7-1068NG7 @ 2.30GHz,i7-1068NG7,,,4,,,8,4.1,,,2.3,,28,,,,FCBGA1344,,,,,,,,
Intel,Intel Core i7-10700E @ 2.90GHz,i7-10700E,,,8,,,16,4.5,,,2.9,,65,,,,FCLGA1200,,,,,,,,
Intel,Intel Core i7-10700TE @ 2.00GHz,i7-10700TE,,,8,,,16,4.4,,,2.0,,35,,,,FCLGA1200,,,,,,,,
Intel,Intel Core i7-10710U @ 1.10GHz,i7-10710U,,,6,,,12,4.7,,,1.1,,15,,,,FCBGA1528,,,,,,,,
Intel,Intel Core i7-10750H @ 2.60GHz,i7-10750H,,,6,,,12,5.0,,,2.6,,45,,,,FCBGA1440,,,,,,,,
Intel,Intel Core i7-10810U @ 1.10GHz,i7-10810U,,,6,,,12,4.9,,,1.1,,15,,,,FCBGA1528,,,,,,,,
Intel,Intel Core i7-10850H @ 2.70GHz,i7-10850H,,,6,,,12,5.1,,,2.7,,45,,,,FCBGA1440,,,,,,,,
Intel,Intel Core i7-10870H @ 2.20GHz,i7-10870H,,,8,,,16,5.0,,,2.2,,45,,,,FCBGA1440,,,,,,,,
Intel,Intel Core i7-10875H @ 2.30GHz,i7-10875H,,,8,,,16,5.1,,,2.3,,45,,,,FCBGA1440,,,,,,,,
Intel,Intel Core i7-11370H @ 3.30GHz,i7-11370H,,,4,,,8,4.8,,,3.3,,35,,,,FCBGA1449,,,,,,,,
Intel,Intel Core i7-11375H @ 3.30GHz,i7-11375H,,,4,,,8,5.0,,,3.3,,35,,,,FCBGA1449,,,,,,,,
Intel,Intel Core i7-11390H @ 3.40GHz,i7-11390H,,,4,,,8,5.0,,,3.4,,35,,,,FCBGA1449,,,,,,,,
Intel,Intel Core i7-11600H @ 2.90GHz,i7-11600H,,,6,,,12,4.6,,,2.9,,45,,,,FCBGA1787,,,,,,,,
Intel,Intel Core i7-1160G7 @ 1.20GHz,i7-1160G7,,,4,,,8,4.4,,,1.2,,,,,,FCBGA1598,,,,,,,,
Intel,Intel Core i7-1165G7 @ 2.80GHz,i7-1165G7,,,4,,,8,4.7,,,2.8,,15,,,,BGA1526,,,,,,,,
Intel,Intel Core i7-11700B @ 3.20GHz,i7-11700B,,,8,,,16,4.8,,,3.2,,65,,,,FCBGA1787,,,,,,,,
Intel,Intel Core i7-11800H @ 2.30GHz,i7-11800H,,,8,,,16,4.6,,,2.3,,45,,,,FCBGA1787,,,,,,,,
Intel,Intel Core i7-1180G7 @ 1.30GHz,i7-1180G7,,,4,,,8,4.6,,,1.3,,15,,,,FCBGA1598,,,,,,,,
Intel,Intel Core i7-11850H @ 2.50GHz,i7-11850H,,,8,,,16,4.8,,,2.5,,45,,,,FCBGA1787,,,,,,,,
Intel,Intel Core i7-11850HE @ 2.60GHz,i7-11850HE,,,8,,,16,4.7,,,2.1,,35,,,,FCBGA1787,,,,,,,,
Intel,Intel Core i7-1185G7 @ 3.00GHz,i7-1185G7,,,4,,,8,4.8,,,3.0,,15,,,,BGA1526,,,,,,,,
Intel,Intel Core i7-1185G7E @ 2.80GHz,i7-1185G7E,,,4,,,8,4.4,,,2.8,,15,,,,FCBGA1449,,,,,,,,
Intel,Intel Core i7-1185GRE @ 2.80GHz,i7-1185GRE,,,4,,,8,4.4,,,2.8,,15,,,,FCBGA1449,,,,,,,,
Intel,Intel Core i7-1195G7 @ 2.90GHz,i7-1195G7,,,4,,,8,5.0,,,2.9,,28,,,,FCBGA1449,,,,,,,,
Intel,Intel Core i7-1250U,i7-1250U,,,,,,,,,,,,9,,,,FCBGA1781,,,,,,,,
Intel,Intel Core i7-1255U,i7-1255U,,,,,,,,,,,,15,,,,FCBGA1744,,,,,,,,
Intel,Intel Core i7-1260P,i7-1260P,,,,,,,,,,,,28,,,,FCBGA1744,,,,,,,,
Intel,Intel Core i7-1260U,i7-1260U,,,,,,,,,,,,9,,,,FCBGA1781,,,,,,,,
Intel,Intel Core i7-12650H,i7-12650H,,,,,,,,,,,,45,,,,FCBGA1744,,,,,,,,
Intel,Intel Core i7-12650HX,i7-12650HX,,,,,,,,,,,,55,,,,FCBGA1964,,,,,,,,
Intel,Intel Core i7-1265U,i7-1265U,,,,,,,,,,,,15,,,,FCBGA1744,,,,,,,,
Intel,Intel Core i7-1265UE,i7-1265UE,,,,,,,,,,,,28,,,,FCBGA1744,,,,,,,,
Intel,Intel Core i7-1265UL,i7-1265UL,,,,,,,,,,,,15,,,,FCLGA1700,,,,,,,,
Intel,Intel Core i7-12700E,i7-12700E,,,,,,,,,,,,65,,,,FCLGA1700,,,,,,,,
Intel,Intel Core i7-12700H,i7-12700H,,,,,,,,,,,,45,,,,FCBGA1744,,,,,,,,
Intel,Intel Core i7-12700TE,i7-12700TE,,,,,,,,,,,,35,,,,FCLGA1700,,,,,,,,
Intel,Intel Core i7-1270P,i7-1270P,,,,,,,,,,,,28,,,,BGA1700,,,,,,,,
Intel,Intel Core i7-1270PE,i7-1270PE,,,,,,,,,,,,28,,,,FCBGA1744,,,,,,,,
Intel,Intel Core i7-12800H,i7-12800H,,,,,,,,,,,,45,,,,FCBGA1744,,,,,,,,
Intel,Intel Core i7-12800HE,i7-12800HE,,,,,,,,,,,,45,,,,FCBGA1744,,,,,,,,
Intel,Intel Core i7-12800HX,i7-12800HX,,,,,,,,,,,,55,,,,FCBGA1964,,,,,,,,
Intel,Intel Core i7-1280P,i7-1280P,,,,,,,,,,,,28,,,,FCBGA1744,,,,,,,,
Intel,Intel Core i7-12850HX,i7-12850HX,,,,,,,,,,,,55,,,,FCBGA1964,,,,,,,,
Intel,Intel Core i7-1355U,i7-1355U,,,,,,,,,,,,15,,,,FCBGA1744,,,,,,,,
Intel,Intel Core i7-1360P,i7-1360P,,,,,,,,,,,,28,,,,FCBGA1744,,,,,,,,
Intel,Intel Core i7-13620H,i7-13620H,,,,,,,,,,,,45,,,,FCBGA1744,,,,,,,,
Intel,Intel Core i7-13650HX,i7-13650HX,,,,,,,,,,,,55,,,,FCBGA1964,,,,,,,,
Intel,Intel Core i7-1365U,i7-1365U,,,,,,,,,,,,15,,,,FCBGA1744,,,,,,,,
Intel,Intel Core i7-1365UE,i7-1365UE,,,,,,,,,,,,28,,,,FCBGA1744,,,,,,,,
Intel,Intel Core i7-1365URE,i7-1365URE,,,,,,,,,,,,15,,,,FCBGA1744,,,,,,,,
Intel,Intel Core i7-13700E,i7-13700E,,,,,,,,,,,,65,,,,FCLGA1700,,,,,,,,
Intel,Intel Core i7-13700H,i7-13700H,,,,,,,,,,,,45,,,,FCBGA1744,,,,,,,,
Intel,Intel Core i7-13700HX,i7-13700HX,,,,,,,,,,,,55,,,,FCBGA1964,,,,,,,,
Intel,Intel Core i7-13700KF,i7-13700KF,,,,,,,,,,,,125,,,,FCLGA1700,,,,,,,,
Intel,Intel Core i7-13700TE,i7-13700TE,,,,,,,,,,,,35,,,,FCLGA1700,,,,,,,,505.26
Intel,Intel Core i7-13705H,i7-13705H,,,,,,,,,,,,45,,,,FCBGA1792,,,,,,,,
Intel,Intel Core i7-1370P,i7-1370P,,,,,,,,,,,,28,,,,FCBGA1744,,,,,,,,
Intel,Intel Core i7-1370PE,i7-1370PE,,,,,,,,,,,,28,,,,FCBGA1744,,,,,,,,
Intel,Intel Core i7-1370PRE,i7-1370PRE,,,,,,,,,,,,28,,,,FCBGA1744,,,,,,,,
Intel,Intel Core i7-13790F,i7-13790F,,,,,,,,,,,,65,,,,FCLGA1700,,,,,,,,
Intel,Intel Core i7-13800H,i7-13800H,,,,,,,,,,,,45,,,,FCBGA1744,,,,,,,,
Intel,Intel Core i7-13800HRE,i7-13800HRE,,,,,,,,,,,,45,,,,FCBGA1744,,,,,,,,
Intel,Intel Core i7-13850HX,i7-13850HX,,,,,,,,,,,,55,,,,FCBGA1964,,,,,,,,
Intel,Intel Core i7-14650HX,i7-14650HX,,,,,,,,,,,,55,,,,FCBGA1964,,,,,,,,
Intel,Intel Core i7-14700HX,i7-14700HX,,,,,,,,,,,,55,,,,FCBGA1964,,,,,,,,
Intel,Intel Core i7-14700KF,i7-14700KF,,,,,,,,,,,,125,,,,FCLGA1700,,,,,,,,
Intel,Intel Core i7-14701E,i7-14701E,,,8,,,16,5.4,,,2.6,,65,,,,FCLGA1700,,,,,,,,346.97
Intel,Intel Core i7-14701TE,i7-14701TE,,,8,,,16,5.2,,,2.1,,45,,,,FCLGA1700,,,,,,,,
Intel,Intel Core i7-14790F,i7-14790F,,,,,,,,,,,,65,,,,,,,,,,,,
Intel,Intel Core i7-2600 @ 3.40GHz,i7-2600,,,4,,,8,3.8,,,3.4,,95,,,,LGA1155,,,,,,,,
Intel,Intel Core i7-2600K @ 3.40GHz,i7-2600K,,,4,,,8,3.8,,,3.4,,95,,,,LGA1155,,,,,,,,
Intel,Intel Core i7-2600S @ 2.80GHz,i7-2600S,,,4,,,8,3.8,,,2.8,,65,,,,LGA1155,,,,,,,,
Intel,Intel Core i7-2610UE @ 1.50GHz,i7-2610UE,,,2,,,4,2.4,,,1.5,,17,,,,BGA1023,,,,,,,,
Intel,Intel Core i7-2617M @ 1.50GHz,i7-2617M,,,2,,,4,2.6,,,1.5,,17,,,,BGA1023,,,,,,,,
Intel,Intel Core i7-2620M @ 2.70GHz,i7-2620M,,,2,,,4,3.4,,,2.7,,35,,,,BGA1023,,,,,,,,
Intel,Intel Core i7-2630QM @ 2.00GHz,i7-2630QM,,,4,,,8,2.9,,,2.0,,45,,,,PGA988B,,,,,,,,
Intel,Intel Core i7-2630UM @ 1.60GHz,i7-2630UM,,,2,,,4,2.7,,,1.6,,,,,,,,,,,,,,
Intel,Intel Core i7-2635QM @ 2.00GHz,i7-2635QM,,,4,,,8,2.9,,,2.0,,45,,,,BGA1224,,,,,,,,
Intel,Intel Core i7-2637M @ 1.70GHz,i7-2637M,,,2,,,4,2.8,,,1.7,,17,,,,BGA1023,,,,,,,,
Intel,Intel Core i7-2640M @ 2.80GHz,i7-2640M,,,2,,,4,3.5,,,2.8,,35,,,,BGA1023,,,,,,,,
Intel,Intel Core i7-2655LE @ 2.20GHz,i7-2655LE,,,2,,,4,2.9,,,2.2,,25,,,,BGA1023,,,,,,,,
Intel,Intel Core i7-2670QM @ 2.20GHz,i7-2670QM,,,4,,,8,3.1,,,2.2,,45,,,,PGA988B,,,,,,,,
Intel,Intel Core i7-2675QM @ 2.20GHz,i7-2675QM,,,4,,,8,3.1,,,2.2,,45,,,,BGA1224,,,,,,,,
Intel,Intel Core i7-2677M @ 1.80GHz,i7-2677M,,,2,,,4,2.9,,,1.8,,17,,,,BGA1023,,,,,,,,
Intel,Intel Core i7-2700K @ 3.50GHz,i7-2700K,,,4,,,8,3.9,,,3.5,,95,,,,LGA1155,,,,,,,,
Intel,Intel Core i7-2710QE @ 2.10GHz,i7-2710QE,,,4,,,8,3.0,,,2.1,,45,,,,PGA988B,,,,,,,,
Intel,Intel Core i7-2715QE @ 2.10GHz,i7-2715QE,,,4,,,8,3.0,,,2.1,,45,,,,BGA1023,,,,,,,,
Intel,Intel Core i7-2720QM @ 2.20GHz,i7-2720QM,,,4,,,8,3.3,,,2.2,,45,,,,BGA1224,,,,,,,,
Intel,Intel Core i7-2760QM @ 2.40GHz,i7-2760QM,,,4,,,8,3.5,,,2.4,,45,,,,BGA1224,,,,,,,,
Intel,Intel Core i7-2820QM @ 2.30GHz,i7-2820QM,,,4,,,8,3.4,,,2.3,,45,,,,BGA1224,,,,,,,,
Intel,Intel Core i7-2840QM @ 2.40GHz,i7-2840QM,,,4,,,8,3.5,,,2.4,,,,,,rPGA988B,,,,,,,,
Intel,Intel Core i7-2860QM @ 2.50GHz,i7-2860QM,,,4,,,8,3.6,,,2.5,,45,,,,BGA1224,,,,,,,,
Intel,Intel Core i7-2920XM @ 2.50GHz,i7-2920XM,,,4,,,8,3.5,,,2.5,,55,,,,FCPGA988,,,,,,,,
Intel,Intel Core i7-2960XM @ 2.70GHz,i7-2960XM,,,4,,,8,3.7,,,2.7,,55,,,,PGA988B,,,,,,,,
Intel,Intel Core i7-3517U @ 1.90GHz,i7-3517U,,,2,,,4,3.0,,,1.9,,17,,,,BGA1023,,,,,,,,
Intel,Intel Core i7-3517UE @ 1.70GHz,i7-3517UE,,,2,,,4,2.8,,,1.7,,17,,,,BGA1023,,,,,,,,
Intel,Intel Core i7-3520M @ 2.90GHz,i7-3520M,,,2,,,4,3.6,,,2.9,,35,,,,BGA1023,,,,,,,,
Intel,Intel Core i7-3537U @ 2.00GHz,i7-3537U,,,2,,,4,3.1,,,2.0,,17,,,,BGA1023,,,,,,,,
Intel,Intel Core i7-3540M @ 3.00GHz,i7-3540M,,,2,,,4,3.7,,,3.0,,35,,,,rPGA988B,,,,,,,,
Intel,Intel Core i7-3555LE @ 2.50GHz,i7-3555LE,,,2,,,4,3.2,,,2.5,,25,,,,BGA1023,,,,,,,,
Intel,Intel Core i7-3610QE @ 2.30GHz,i7-3610QE,,,4,,,8,3.3,,,2.3,,45,,,,rPGA988B,,,,,,,,
Intel,Intel Core i7-3610QM @ 2.30GHz,i7-3610QM,,,4,,,8,3.3,,,2.3,,45,,,,PGA988B,,,,,,,,
Intel,Intel Core i7-3612QE @ 2.10GHz,i7-3612QE,,,4,,,8,3.1,,,2.1,,35,,,,BGA1224,,,,,,,,
Intel,Intel Core i7-3612QM @ 2.10GHz,i7-3612QM,,,4,,,8,3.1,,,2.1,,35,,,,PGA988B. FCBGA12,,,,,,,,
Intel,Intel Core i7-3615QE @ 2.30GHz,i7-3615QE,,,4,,,8,3.3,,,2.3,,45,,,,BGA1224,,,,,,,,
Intel,Intel Core i7-3615QM @ 2.30GHz,i7-3615QM,,,4,,,8,3.3,,,2.3,,45,,,,BGA1224,,,,,,,,
Intel,Intel Core i7-3630QM @ 2.40GHz,i7-3630QM,,,4,,,8,3.4,,,2.4,,45,,,,rPGA988B,,,,,,,,
Intel,Intel Core i7-3632QM @ 2.20GHz,i7-3632QM,,,4,,,8,3.2,,,2.2,,35,,,,rPGA988B,,,,,,,,
Intel,Intel Core i7-3635QM @ 2.40GHz,i7-3635QM,,,4,,,8,3.4,,,2.4,,45,,,,,,,,,,,,
Intel,Intel Core i7-3667U @ 2.00GHz,i7-3667U,,,2,,,4,3.2,,,2.0,,17,,,,BGA1023,,,,,,,,
Intel,Intel Core i7-3687U @ 2.10GHz,i7-3687U,,,2,,,4,3.3,,,2.1,,17,,,,BGA1023,,,,,,,,
Intel,Intel Core i7-3689Y @ 1.50GHz,i7-3689Y,,,2,,,4,2.6,,,1.5,,13,,,,FCBGA1023,,,,,,,,
Intel,Intel Core i7-3720QM @ 2.60GHz,i7-3720QM,,,4,,,8,3.6,,,2.6,,45,,,,BGA1224,,,,,,,,
Intel,Intel Core i7-3740QM @ 2.70GHz,i7-3740QM,,,4,,,8,3.7,,,2.7,,45,,,,rPGA988B,,,,,,,,
Intel,Intel Core i7-3770 @ 3.40GHz,i7-3770,,,4,,,8,3.9,,,3.4,,77,,,,LGA1155,,,,,,,,
Intel,Intel Core i7-3770K @ 3.50GHz,i7-3770K,,,4,,,8,3.9,,,3.5,,77,,,,LGA1155,,,,,,,,
Intel,Intel Core i7-3770S @ 3.10GHz,i7-3770S,,,4,,,8,3.9,,,3.1,,65,,,,LGA1155,,,,,,,,
Intel,Intel Core i7-3770T @ 2.50GHz,i7-3770T,,,4,,,8,3.7,,,2.5,,45,,,,LGA1155,,,,,,,,
Intel,Intel Core i7-3820 @ 3.60GHz,i7-3820,,,4,,,8,3.8,,,3.6,,130,,,,LGA2011,,,,,,,,
Intel,Intel Core i7-3820QM @ 2.70GHz,i7-3820QM,,,4,,,8,3.7,,,2.7,,45,,,,BGA1224,,,,,,,,
Intel,Intel Core i7-3840QM @ 2.80GHz,i7-3840QM,,,4,,,8,3.8,,,2.8,,45,,,,rPGA988B,,,,,,,,
Intel,Intel Core i7-3920XM @ 2.90GHz,i7-3920XM,,,4,,,8,3.8,,,2.9,,55,,,,FCPGA988,,,,,,,,
Intel,Intel Core i7-3930K @ 3.20GHz,i7-3930K,,,6,,,12,3.8,,,3.2,,130,,,,LGA2011,,,,,,,,
Intel,Intel Core i7-3940XM @ 3.00GHz,i7-3940XM,,,4,,,8,3.9,,,3.0,,55,,,,rPGA988B,,,,,,,,
Intel,Intel Core i7-3960X @ 3.30GHz,i7-3960X,,,6,,,12,3.9,,,3.3,,130,,,,LGA2011,,,,,,,,
Intel,Intel Core i7-3970X @ 3.50GHz,i7-3970X,,,6,,,12,4.0,,,3.5,,150,,,,LGA2011,,,,,,,,
Intel,Intel Core i7-4500U @ 1.80GHz,i7-4500U,,,2,,,4,3.0,,,1.8,,15,,,,BGA1168,,,,,,,,
Intel,Intel Core i7-4510U @ 2.00GHz,i7-4510U,,,2,,,4,3.1,,,2.0,,15,,,,FCBGA1168,,,,,,,,
Intel,Intel Core i7-4550U @ 1.50GHz,i7-4550U,,,2,,,4,3.0,,,1.5,,15,,,,BGA1168,,,,,,,,
Intel,Intel Core i7-4558U @ 2.80GHz,i7-4558U,,,2,,,4,3.3,,,2.8,,28,,,,BGA1168,,,,,,,,
Intel,Intel Core i7-4560U @ 1.60GHz,i7-4560U,,,2,,,4,3.0,,,1.6,,,,,,,,,,,,,,
Intel,Intel Core i7-4578U @ 3.00GHz,i7-4578U,,,2,,,4,3.5,,,3.0,,28,,,,FCBGA1168,,,,,,,,
Intel,Intel Core i7-4600M @ 2.90GHz,i7-4600M,,,2,,,4,3.6,,,2.9,,37,,,,PGA946,,,,,,,,
Intel,Intel Core i7-4600U @ 2.10GHz,i7-4600U,,,2,,,4,3.3,,,2.1,,15,,,,FCBGA1168,,,,,,,,
Intel,Intel Core i7-4610M @ 3.00GHz,i7-4610M,,,2,,,4,3.7,,,3.0,,37,,,,FPGA946.FPGA947,,,,,,,,
Intel,Intel Core i7-4610Y @ 1.70GHz,i7-4610Y,,,2,,,4,2.9,,,1.7,,11.5,,,,BGA1168,,,,,,,,
Intel,Intel Core i7-4650U @ 1.70GHz,i7-4650U,,,2,,,4,3.3,,,1.7,,15,,,,BGA1168,,,,,,,,
Intel,Intel Core i7-4700EQ @ 2.40GHz,i7-4700EQ,,,4,,,8,3.4,,,2.4,,47,,,,FCBGA1364,,,,,,,,
Intel,Intel Core i7-4700HQ @ 2.40GHz,i7-4700HQ,,,4,,,8,3.4,,,2.4,,47,,,,FCBGA1364,,,,,,,,
Intel,Intel Core i7-4700MQ @ 2.40GHz,i7-4700MQ,,,4,,,8,3.4,,,2.4,,47,,,,rPGA946B,,,,,,,,
Intel,Intel Core i7-4702HQ @ 2.20GHz,i7-4702HQ,,,4,,,8,3.2,,,2.2,,37,,,,FCBGA1364,,,,,,,,
Intel,Intel Core i7-4702MQ @ 2.20GHz,i7-4702MQ,,,4,,,8,3.2,,,2.2,,37,,,,FCPGA946,,,,,,,,
Intel,Intel Core i7-4710HQ @ 2.50GHz,i7-4710HQ,,,4,,,8,3.5,,,2.5,,47,,,,FCBGA1364,,,,,,,,
Intel,Intel Core i7-4710MQ @ 2.50GHz,i7-4710MQ,,,4,,,8,3.5,,,2.5,,47,,,,FCPGA946,,,,,,,,
Intel,Intel Core i7-4712HQ @ 2.30GHz,i7-4712HQ,,,4,,,8,3.3,,,2.3,,37,,,,FCBGA1364,,,,,,,,
Intel,Intel Core i7-4712MQ @ 2.30GHz,i7-4712MQ,,,4,,,8,3.3,,,2.3,,37,,,,FCPGA946,,,,,,,,
Intel,Intel Core i7-4720HQ @ 2.60GHz,i7-4720HQ,,,4,,,8,3.6,,,2.6,,47,,,,BGA1364,,,,,,,,
Intel,Intel Core i7-4722HQ @ 2.40GHz,i7-4722HQ,,,4,,,8,3.4,,,2.4,,37,,,,FCBGA1364,,,,,,,,
Intel,Intel Core i7-4750HQ @ 2.00GHz,i7-4750HQ,,,4,,,8,3.2,,,2.0,,47,,,,FCBGA1364,,,,,,,,
Intel,Intel Core i7-4760HQ @ 2.10GHz,i7-4760HQ,,,4,,,8,3.3,,,2.1,,47,,,,FCBGA1364,,,,,,,,
Intel,Intel Core i7-4770HQ @ 2.20GHz,i7-4770HQ,,,4,,,8,3.4,,,2.2,,47,,,,FCBGA1364,,,,,,,,
Intel,Intel Core i7-4770TE @ 2.30GHz,i7-4770TE,,,4,,,8,3.3,,,2.3,,45,,,,LGA1150,,,,,,,,
Intel,Intel Core i7-4800MQ @ 2.70GHz,i7-4800MQ,,,4,,,8,3.7,,,2.7,,47,,,,rPGA946B,,,,,,,,
Intel,Intel Core i7-4810MQ @ 2.80GHz,i7-4810MQ,,,4,,,8,3.8,,,2.8,,47,,,,FCPGA946,,,,,,,,
Intel,Intel Core i7-4850HQ @ 2.30GHz,i7-4850HQ,,,4,,,8,3.5,,,2.3,,47,,,,FCBGA1364,,,,,,,,
Intel,Intel Core i7-4860EQ @ 1.80GHz,i7-4860EQ,,,4,,,8,3.2,,,1.8,,47,,,,FCBGA1364,,,,,,,,
Intel,Intel Core i7-4860HQ @ 2.40GHz,i7-4860HQ,,,4,,,8,3.6,,,2.4,,47,,,,FCBGA1364,,,,,,,,
Intel,Intel Core i7-4870HQ @ 2.50GHz,i7-4870HQ,,,4,,,8,3.7,,,2.5,,47,,,,FCBGA1364,,,,,,,,
Intel,Intel Core i7-4900MQ @ 2.80GHz,i7-4900MQ,,,4,,,8,3.8,,,2.8,,47,,,,FCPGA946,,,,,,,,
Intel,Intel Core i7-4910MQ @ 2.90GHz,i7-4910MQ,,,4,,,8,3.9,,,2.9,,47,,,,FCPGA946,,,,,,,,
Intel,Intel Core i7-4930MX @ 3.00GHz,i7-4930MX,,,4,,,8,3.9,,,3.0,,57,,,,FCPGA946,,,,,,,,
Intel,Intel Core i7-4940MX @ 3.10GHz,i7-4940MX,,,4,,,8,4.0,,,3.1,,57,,,,FPGA946.FPGA947,,,,,,,,
Intel,Intel Core i7-4960HQ @ 2.60GHz,i7-4960HQ,,,4,,,8,3.8,,,2.6,,47,,,,FCBGA1364,,,,,,,,
Intel,Intel Core i7-4980HQ @ 2.80GHz,i7-4980HQ,,,4,,,8,4.0,,,2.8,,47,,,,FCBGA1364,,,,,,,,
Intel,Intel Core i7-5500U @ 2.40GHz,i7-5500U,,,2,,,4,3.0,,,2.4,,15,,,,FCBGA1168,,,,,,,,
Intel,Intel Core i7-5550U @ 2.00GHz,i7-5550U,,,2,,,4,3.0,,,2.0,,15,,,,FCBGA1168,,,,,,,,
Intel,Intel Core i7-5557U @ 3.10GHz,i7-5557U,,,2,,,4,3.4,,,3.1,,28,,,,FCBGA1168,,,,,,,,
Intel,Intel Core i7-5600U @ 2.60GHz,i7-5600U,,,2,,,4,3.2,,,2.6,,15,,,,FCBGA1168,,,,,,,,
Intel,Intel Core i7-5650U @ 2.20GHz,i7-5650U,,,2,,,4,3.1,,,2.2,,15,,,,FCBGA1168,,,,,,,,
Intel,Intel Core i7-5675C @ 3.10GHz,i7-5675C,,,4,,,4,3.6,,,3.1,,65,,,,LGA1150,,,,,,,,
Intel,Intel Core i7-5700EQ @ 2.60GHz,i7-5700EQ,,,4,,,8,3.4,,,2.6,,47,,,,FCBGA1364,,,,,,,,
Intel,Intel Core i7-5700HQ @ 2.70GHz,i7-5700HQ,,,4,,,8,3.5,,,2.7,,47,,,,FCBGA1364,,,,,,,,
Intel,Intel Core i7-5775C @ 3.30GHz,i7-5775C,,,4,,,8,3.7,,,3.3,,65,,,,FCLGA1150,,,,,,,,
Intel,Intel Core i7-5775R @ 3.30GHz,i7-5775R,,,4,,,8,3.8,,,3.3,,65,,,,LGA1150,,,,,,,,
Intel,Intel Core i7-5850EQ @ 2.70GHz,i7-5850EQ,,,4,,,8,3.4,,,2.7,,47,,,,FCBGA1364,,,,,,,,
Intel,Intel Core i7-5850HQ @ 2.70GHz,i7-5850HQ,,,4,,,8,3.6,,,2.7,,47,,,,FCBGA1364,,,,,,,,
Intel,Intel Core i7-5950HQ @ 2.90GHz,i7-5950HQ,,,4,,,8,3.7,,,2.9,,47,,,,FCBGA1364,,,,,,,,
Intel,Intel Core i7-610 @ 2.53GHz,i7-610,,,2,,,4,3.2,,,2.5,,35,,,,BGA1288,,,,,,,,
Intel,Intel Core i7-610E @ 2.53GHz,i7-610E,,,2,,,4,3.2,,,2.5,,35,,,,BGA1288,,,,,,,,
Intel,Intel Core i7-620LM @ 2.00GHz,i7-620LM,,,2,,,4,2.8,,,2.0,,25,,,,rPGA988A,,,,,,,,
Intel,Intel Core i7-620M @ 2.67GHz,i7-620M,,,2,,,4,3.3,,,2.7,,35,,,,BGA1288,,,,,,,,
Intel,Intel Core i7-620UM @ 1.07GHz,i7-620UM,,,2,,,4,2.1,,,1.1,,18,,,,BGA1288,,,,,,,,
Intel,Intel Core i7-640LM @ 2.13GHz,i7-640LM,,,2,,,4,2.9,,,2.1,,25,,,,BGA1288,,,,,,,,
Intel,Intel Core i7-640M @ 2.80GHz,i7-640M,,,2,,,4,3.5,,,2.8,,35,,,,BGA1288,,,,,,,,
Intel,Intel Core i7-640UM @ 1.20GHz,i7-640UM,,,2,,,4,2.3,,,1.2,,18,,,,BGA1288,,,,,,,,
Intel,Intel Core i7-6498DU @ 2.50GHz,i7-6498DU,,,2,,,4,3.1,,,2.5,,15,,,,BGA1356,,,,,,,,
Intel,Intel Core i7-6500U @ 2.50GHz,i7-6500U,,,2,,,4,3.1,,,2.5,,15,,,,FCBGA1356,,,,,,,,
Intel,Intel Core i7-6560U @ 2.20GHz,i7-6560U,,,2,,,4,3.2,,,2.2,,15,,,,,,,,,,,,
Intel,Intel Core i7-6567U @ 3.30GHz,i7-6567U,,,2,,,4,3.6,,,3.3,,28,,,,FCBGA1356,,,,,,,,
Intel,Intel Core i7-6600U @ 2.60GHz,i7-6600U,,,2,,,4,3.4,,,2.6,,15,,,,FCBGA1356,,,,,,,,
Intel,Intel Core i7-660UM @ 1.33GHz,i7-660UM,,,2,,,4,2.4,,,1.3,,18,,,,BGA1288,,,,,,,,
Intel,Intel Core i7-6650U @ 2.20GHz,i7-6650U,,,2,,,4,3.4,,,2.2,,15,,,,FCBGA1356,,,,,,,,
Intel,Intel Core i7-6660U @ 2.40GHz,i7-6660U,,,2,,,4,3.4,,,2.4,,15,,,,FCBGA1356,,,,,,,,
Intel,Intel Core i7-6700HQ @ 2.60GHz,i7-6700HQ,,,4,,,8,3.5,,,2.6,,45,,,,FCBGA1440,,,,,,,,
Intel,Intel Core i7-6700TE @ 2.40GHz,i7-6700TE,,,4,,,8,3.4,,,2.4,,35,,,,LGA 1151,,,,,,,,
Intel,Intel Core i7-6770HQ @ 2.60GHz,i7-6770HQ,,,4,,,8,3.5,,,2.6,,45,,,,FCBGA1440,,,,,,,,
Intel,Intel Core i7-680UM @ 1.47GHz,i7-680UM,,,2,,,4,2.5,,,1.5,,18,,,,BGA1288,,,,,,,,
Intel,Intel Core i7-6820EQ @ 2.80GHz,i7-6820EQ,,,4,,,8,3.5,,,2.8,,45,,,,FCBGA1440,,,,,,,,
Intel,Intel Core i7-6820HK @ 2.70GHz,i7-6820HK,,,4,,,8,3.6,,,2.7,,45,,,,FCBGA1440,,,,,,,,
Intel,Intel Core i7-6820HQ @ 2.70GHz,i7-6820HQ,,,4,,,8,3.6,,,2.7,,45,,,,FCBGA1440,,,,,,,,
Intel,Intel Core i7-6822EQ @ 2.00GHz,i7-6822EQ,,,4,,,8,2.8,,,2.0,,25,,,,LGA 1151,,,,,,,,
Intel,Intel Core i7-6920HQ @ 2.90GHz,i7-6920HQ,,,4,,,8,3.8,,,2.9,,45,,,,FCBGA1440,,,,,,,,
Intel,Intel Core i7-6970HQ @ 2.80GHz,i7-6970HQ,,,4,,,8,3.7,,,2.8,,45,,,,FCBGA1440,,,,,,,,
Intel,Intel Core i7-720QM @ 1.60GHz,i7-720QM,,,4,,,8,2.8,,,1.6,,45,,,,PGA988A,,,,,,,,
Intel,Intel Core i7-740QM @ 1.73GHz,i7-740QM,,,4,,,8,2.9,,,1.7,,45,,,,PGA988A,,,,,,,,
Intel,Intel Core i7-7500U @ 2.70GHz,i7-7500U,,,2,,,4,3.5,,,2.7,,15,,,,FCBGA1356,,,,,,,,
Intel,Intel Core i7-7560U @ 2.40GHz,i7-7560U,,,2,,,4,3.8,,,2.4,,15,,,,BGA1356,,,,,,,,
Intel,Intel Core i7-7567U @ 3.50GHz,i7-7567U,,,2,,,4,4.0,,,3.5,,28,,,,BGA1356,,,,,,,,
Intel,Intel Core i7-7600U @ 2.80GHz,i7-7600U,,,2,,,4,3.9,,,2.8,,15,,,,FCBGA1356,,,,,,,,
Intel,Intel Core i7-7660U @ 2.50GHz,i7-7660U,,,2,,,4,4.0,,,2.5,,15,,,,BGA1356,,,,,,,,
Intel,Intel Core i7-7700HQ @ 2.80GHz,i7-7700HQ,,,4,,,8,3.8,,,2.8,,45,,,,FCBGA1440,,,,,,,,
Intel,Intel Core i7-7820EQ @ 3.00GHz,i7-7820EQ,,,4,,,8,3.7,,,3.0,,45,,,,FCBGA1440,,,,,,,,
Intel,Intel Core i7-7820HK @ 2.90GHz,i7-7820HK,,,4,,,8,3.9,,,2.9,,45,,,,FCBGA1440,,,,,,,,
Intel,Intel Core i7-7820HQ @ 2.90GHz,i7-7820HQ,,,4,,,8,3.9,,,2.9,,45,,,,FCBGA1440,,,,,,,,
Intel,Intel Core i7-7900X @ 3.30GHz,i7-7900X,,,10,,,20,4.3,,,3.3,,140,,,,FCLGA2066,,,,,,,,
Intel,Intel Core i7-7920HQ @ 3.10GHz,i7-7920HQ,,,4,,,8,4.1,,,3.1,,45,,,,FCBGA1440,,,,,,,,
Intel,Intel Core i7-7Y75 @ 1.30GHz,i7-7Y75,,,2,,,4,3.6,,,1.3,,4.5,,,,FCBGA1515,,,,,,,,
Intel,Intel Core i7-820QM @ 1.73GHz,i7-820QM,,,4,,,8,3.1,,,1.7,,45,,,,PGA988A,,,,,,,,
Intel,Intel Core i7-840QM @ 1.87GHz,i7-840QM,,,4,,,8,3.2,,,1.9,,45,,,,PGA988A,,,,,,,,
Intel,Intel Core i7-8500Y @ 1.50GHz,i7-8500Y,,,2,,,4,4.2,,,1.5,,5,,,,FCBGA1515,,,,,,,,
Intel,Intel Core i7-8550U @ 1.80GHz,i7-8550U,,,4,,,8,4.0,,,1.8,,15,,,,FC-BGA1356,,,,,,,,
Intel,Intel Core i7-8557U @ 1.70GHz,i7-8557U,,,4,,,8,4.5,,,1.7,,15,,,,FCBGA1528,,,,,,,,
Intel,Intel Core i7-8559U @ 2.70GHz,i7-8559U,,,4,,,8,4.5,,,2.7,,28,,,,FCBGA1528,,,,,,,,
Intel,Intel Core i7-8565U @ 1.80GHz,i7-8565U,,,4,,,8,4.6,,,1.8,,15,,,,FCBGA1356,,,,,,,,
Intel,Intel Core i7-8565UC @ 1.80GHz,i7-8565UC,,,4,,,8,4.6,,,1.8,,15,,,,FCBGA1528,,,,,,,,
Intel,Intel Core i7-8569U @ 2.80GHz,i7-8569U,,,4,,,8,4.7,,,2.8,,28,,,,FCBGA1528,,,,,,,,
Intel,Intel Core i7-860 @ 2.80GHz,i7-860,,,4,,,8,3.5,,,2.8,,95,,,,LGA1156,,,,,,,,
Intel,Intel Core i7-860S @ 2.53GHz,i7-860S,,,4,,,8,3.5,,,2.5,,82,,,,LGA1156,,,,,,,,
Intel,Intel Core i7-8650U @ 1.90GHz,i7-8650U,,,4,,,8,4.2,,,1.9,,15,,,,FC-BGA1356,,,,,,,,
Intel,Intel Core i7-8665U @ 1.90GHz,i7-8665U,,,4,,,8,4.8,,,1.9,,15,,,,FCBGA1528,,,,,,,,
Intel,Intel Core i7-8665UE @ 1.70GHz,i7-8665UE,,,4,,,8,4.4,,,1.7,,15,,,,FCBGA1528,,,,,,,,
Intel,Intel Core i7-870 @ 2.93GHz,i7-870,,,4,,,8,3.6,,,2.9,,95,,,,LGA1156,,,,,,,,
Intel,Intel Core i7-8700B @ 3.20GHz,i7-8700B,,,6,,,12,4.6,,,3.2,,65,,,,FCBGA1440,,,,,,,,
Intel,Intel Core i7-8705G @ 3.10GHz,i7-8705G,,,4,,,8,4.1,,,3.1,,65,,,,BGA2270,,,,,,,,
Intel,Intel Core i7-8706G @ 3.10GHz,i7-8706G,,,4,,,8,4.1,,,3.1,,65,,,,BGA2270,,,,,,,,
Intel,Intel Core i7-8709G @ 3.10GHz,i7-8709G,,,4,,,8,4.1,,,3.1,,100,,,,BGA2270,,,,,,,,
Intel,Intel Core i7-870S @ 2.67GHz,i7-870S,,,4,,,8,3.6,,,2.7,,82,,,,LGA1156,,,,,,,,
Intel,Intel Core i7-8750H @ 2.20GHz,i7-8750H,,,6,,,12,4.1,,,2.2,,45,,,,FCBGA1440,,,,,,,,
Intel,Intel Core i7-875K @ 2.93GHz,i7-875K,,,4,,,8,3.6,,,2.9,,95,,,,LGA1156,,,,,,,,
Intel,Intel Core i7-880 @ 3.07GHz,i7-880,,,4,,,8,3.7,,,3.1,,95,,,,LGA1156,,,,,,,,
Intel,Intel Core i7-8809G @ 3.10GHz,i7-8809G,,,4,,,8,4.2,,,3.1,,100,,,,BGA2270,,,,,,,,
Intel,Intel Core i7-8850H @ 2.60GHz,i7-8850H,,,6,,,12,4.3,,,2.6,,45,,,,FCBGA1440,,,,,,,,
Intel,Intel Core i7-920 @ 2.67GHz,i7-920,,,4,,,8,2.9,,,2.7,,130,,,,LGA1366,,,,,,,,
Intel,Intel Core i7-920XM @ 2.00GHz,i7-920XM,,,4,,,8,3.2,,,2.0,,55,,,,PGA988B,,,,,,,,
Intel,Intel Core i7-930 @ 2.80GHz,i7-930,,,4,,,8,3.1,,,2.8,,130,,,,LGA1366,,,,,,,,
Intel,Intel Core i7-940 @ 2.93GHz,i7-940,,,4,,,8,3.2,,,2.9,,130,,,,LGA1366,,,,,,,,
Intel,Intel Core i7-940XM @ 2.13GHz,i7-940XM,,,4,,,8,3.3,,,2.1,,55,,,,PGA988,,,,,,,,
Intel,Intel Core i7-950 @ 3.07GHz,i7-950,,,4,,,8,3.3,,,3.1,,130,,,,LGA1366,,,,,,,,
Intel,Intel Core i7-960 @ 3.20GHz,i7-960,,,4,,,8,3.5,,,3.2,,130,,,,LGA1366,,,,,,,,
Intel,Intel Core i7-965 @ 3.20GHz,i7-965,,,4,,,8,3.5,,,3.2,,130,,,,LGA1366,,,,,,,,
Intel,Intel Core i7-970 @ 3.20GHz,i7-970,,,6,,,12,3.5,,,3.2,,130,,,,LGA1366,,,,,,,,
Intel,Intel Core i7-9700E @ 2.60GHz,i7-9700E,,,8,,,8,4.4,,,2.6,,65,,,,FCLGA1151-2,,,,,,,,
Intel,Intel Core i7-9700TE @ 1.80GHz,i7-9700TE,,,8,,,8,3.8,,,1.8,,35,,,,FCLGA1151-2,,,,,,,,
Intel,Intel Core i7-975 @ 3.33GHz,i7-975,,,4,,,8,3.6,,,3.3,,130,,,,LGA1366,,,,,,,,
Intel,Intel Core i7-9750H @ 2.60GHz,i7-9750H,,,6,,,12,4.5,,,2.6,,45,,,,FCBGA1440,,,,,,,,
Intel,Intel Core i7-9750HF @ 2.60GHz,i7-9750HF,,,6,,,12,4.5,,,2.6,,45,,,,FCBGA1440,,,,,,,,
Intel,Intel Core i7-980 @ 3.33GHz,i7-980,,,6,,,12,3.6,,,3.3,,130,,,,LGA1366,,,,,,,,
Intel,Intel Core i7-980X @ 3.33GHz,i7-980X,,,6,,,12,3.6,,,3.3,,130,,,,LGA1366,,,,,,,,
Intel,Intel Core i7-985 @ 3.47GHz,i7-985,,,4,,,8,,,,3.5,,,,,,LGA1366,,,,,,,,
Intel,Intel Core i7-9850H @ 2.60GHz,i7-9850H,,,6,,,12,4.6,,,2.6,,45,,,,,,,,,,,,
Intel,Intel Core i7-9850HE @ 2.70GHz,i7-9850HE,,,6,,,12,4.4,,,2.7,,45,,,,FCBGA1440,,,,,,,,
Intel,Intel Core i7-9850HL @ 1.90GHz,i7-9850HL,,,6,,,12,4.1,,,1.9,,25,,,,FCBGA1440,,,,,,,,
Intel,Intel Core i7-990X @ 3.47GHz,i7-990X,,,6,,,12,3.7,,,3.5,,130,,,,LGA1366,,,,,,,,
Intel,Intel Core i7-995X @ 3.60GHz,i7-995X,,,6,,,12,4.3,,,3.6,,,,,,,,,,,,,,
Intel,Intel Core i9-10880H @ 2.30GHz,i9-10880H,,,8,,,16,5.1,,,2.3,,45,,,,FCBGA1440,,,,,,,,
Intel,Intel Core i9-10885H @ 2.40GHz,i9-10885H,,,8,,,16,5.3,,,2.4,,45,,,,FCBGA1440,,,,,,,,
Intel,Intel Core i9-10900E @ 2.80GHz,i9-10900E,,,10,,,20,4.7,,,2.8,,65,,,,FCLGA1200,,,,,,,,
Intel,Intel Core i9-10900TE @ 1.80GHz,i9-10900TE,,,10,,,20,4.5,,,1.8,,35,,,,FCLGA1200,,,,,,,,
Intel,Intel Core i9-10910 @ 3.60GHz,i9-10910,,,10,,,20,5.0,,,3.6,,125,,,,FCLGA1200,,,,,,,,
Intel,Intel Core i9-10980HK @ 2.40GHz,i9-10980HK,,,8,,,16,5.3,,,2.4,,45,,,,FCBGA1440,,,,,,,,
Intel,Intel Core i9-11900H @ 2.50GHz,i9-11900H,,,8,,,16,4.9,,,2.5,,45,,,,FCBGA1787,,,,,,,,
Intel,Intel Core i9-11900KB @ 3.30GHz,i9-11900KB,,,8,,,16,4.9,,,3.3,,65,,,,FCBGA1787,,,,,,,,
Intel,Intel Core i9-11950H @ 2.60GHz,i9-11950H,,,8,,,16,5.0,,,2.6,,45,,,,FCBGA1787,,,,,,,,
Intel,Intel Core i9-11980HK @ 2.60GHz,i9-11980HK,,,8,,,16,5.0,,,2.6,,45,,,,FCBGA1787,,,,,,,,
Intel,Intel Core i9-12900E,i9-12900E,,,,,,,,,,,,65,,,,FCLGA1700,,,,,,,,
Intel,Intel Core i9-12900H,i9-12900H,,,,,,,,,,,,45,,,,FCBGA1744,,,,,,,,
Intel,Intel Core i9-12900HK,i9-12900HK,,,,,,,,,,,,45,,,,FCBGA1744,,,,,,,,
Intel,Intel Core i9-12900HX,i9-12900HX,,,,,,,,,,,,55,,,,FCBGA1964,,,,,,,,
Intel,Intel Core i9-12900TE,i9-12900TE,,,,,,,,,,,,35,,,,FCLGA1700,,,,,,,,
Intel,Intel Core i9-12950HX,i9-12950HX,,,,,,,,,,,,55,,,,FCBGA1964,,,,,,,,
Intel,Intel Core i9-13900E,i9-13900E,,,,,,,,,,,,65,,,,FCLGA1700,,,,,,,,
Intel,Intel Core i9-13900H,i9-13900H,,,,,,,,,,,,45,,,,FCBGA1744,,,,,,,,
Intel,Intel Core i9-13900HK,i9-13900HK,,,,,,,,,,,,45,,,,FCBGA1744,,,,,,,,
Intel,Intel Core i9-13900HX,i9-13900HX,,,,,,,,,,,,55,,,,FCBGA1964,,,,,,,,
Intel,Intel Core i9-13900TE,i9-13900TE,,,,,,,,,,,,35,,,,FCLGA1700,,,,,,,,
Intel,Intel Core i9-13905H,i9-13905H,,,,,,,,,,,,45,,,,FCBGA1792,,,,,,,,
Intel,Intel Core i9-13950HX,i9-13950HX,,,,,,,,,,,,55,,,,FCBGA1964,,,,,,,,
Intel,Intel Core i9-13980HX,i9-13980HX,,,,,,,,,,,,55,,,,FCBGA1964,,,,,,,,
Intel,Intel Core i9-14900HX,i9-14900HX,,,,,,,,,,,,55,,,,FCBGA1964,,,,,,,,
Intel,Intel Core i9-14901E,i9-14901E,,,8,,,16,2.8,,,2.8,,65,,,,FCLGA1700,,,,,,,,
Intel,Intel Core i9-8950HK @ 2.90GHz,i9-8950HK,,,6,,,12,4.8,,,2.9,,45,,,,FCBGA1440,,,,,,,,
Intel,Intel Core i9-9880H @ 2.30GHz,i9-9880H,,,8,,,16,4.8,,,2.3,,45,,,,FCBGA1440,,,,,,,,
Intel,Intel Core i9-9900B @ 3.10GHz,i9-9900B,,,8,,,16,5.0,,,3.1,,65,,,,FCLGA1151,,,,,,,,
Intel,Intel Core i9-9980HK @ 2.40GHz,i9-9980HK,,,8,,,16,5.0,,,2.4,,45,,,,FCBGA1440,,,,,,,,
Intel,Intel Core i9-9990XE @ 4.00GHz,i9-9990XE,,,14,,,28,5.0,,,4.0,,255,,,,LGA2066,,,,,,,,
Intel,Intel Core M-5Y10 @ 0.80GHz,M-5Y10,,,2,,,4,2.0,,,0.8,,4.5,,,,,,,,,,,,
Intel,Intel Core M-5Y10a @ 0.80GHz,M-5Y10a,,,2,,,4,2.0,,,0.8,,4.5,,,,FCBGA1234,,,,,,,,
Intel,Intel Core M-5Y10c @ 0.80GHz,M-5Y10c,,,2,,,4,2.0,,,0.8,,4.5,,,,FCBGA1234,,,,,,,,
Intel,Intel Core M-5Y31 @ 0.90GHz,M-5Y31,,,2,,,4,2.4,,,0.9,,4.5,,,,FCBGA1234,,,,,,,,
Intel,Intel Core M-5Y51 @ 1.10GHz,M-5Y51,,,2,,,4,2.6,,,1.1,,4.5,,,,FCBGA1234,,,,,,,,
Intel,Intel Core M-5Y70 @ 1.10GHz,M-5Y70,,,2,,,4,2.6,,,1.1,,4.5,,,,BGA1234,,,,,,,,
Intel,Intel Core M-5Y71 @ 1.20GHz,M-5Y71,,,2,,,4,2.9,,,1.2,,4.5,,,,FCBGA1234,,,,,,,,
Intel,Intel Core m3-6Y30 @ 0.90GHz,m3-6Y30,,,2,,,4,2.2,,,0.9,,4.5,,,,FCBGA1515,,,,,,,,
Intel,Intel Core m3-7Y30 @ 1.00GHz,m3-7Y30,,,2,,,4,2.6,,,1.0,,4.5,,,,FCBGA1515,,,,,,,,
Intel,Intel Core m3-7Y32 @ 1.10GHz,m3-7Y32,,,2,,,4,3.0,,,1.1,,4.5,,,,FCBGA1515,,,,,,,,
Intel,Intel Core m3-8100Y @ 1.10GHz,m3-8100Y,,,2,,,4,3.4,,,1.1,,5,,,,FCBGA1515,,,,,,,,
Intel,Intel Core m5-6Y54 @ 1.10GHz,m5-6Y54,,,2,,,4,2.7,,,1.1,,7,,,,FCBGA1515,,,,,,,,
Intel,Intel Core m5-6Y57 @ 1.10GHz,m5-6Y57,,,2,,,4,2.8,,,1.1,,7,,,,FCBGA1515,,,,,,,,
Intel,Intel Core m5-7Y54 @ 1.20GHz,m5-7Y54,,,2,,,4,,,,1.2,,,,,,,,,,,,,,
Intel,Intel Core m7-6Y75 @ 1.20GHz,m7-6Y75,,,2,,,4,3.1,,,1.2,,7,,,,FCBGA1515,,,,,,,,
Intel,Intel Core Solo T1300 @ 1.66GHz,Solo T1300,,,1,,,1,,,,1.7,,27,,,,PGA478,,,,,,,,
Intel,Intel Core Solo T1350 @ 1.86GHz,Solo T1350,,,1,,,1,,,,1.9,,31,,,,,,,,,,,,
Intel,Intel Core Solo T1400 @ 1.83GHz,Solo T1400,,,1,,,1,,,,1.8,,27,,,,PGA478,,,,,,,,
Intel,Intel Core Solo U1300 @ 1.06GHz,Solo U1300,,,1,,,1,,,,1.1,,6,,,,PBGA479,,,,,,,,
Intel,Intel Core Solo U1400 @ 1.20GHz,Solo U1400,,,1,,,1,,,,1.2,,5.5,,,,PBGA479,,,,,,,,
Intel,Intel Core Solo U1500 @ 1.33GHz,Solo U1500,,,1,,,1,,,,1.3,,5.5,,,,,,,,,,,,
Intel,Intel Core Ultra 3 105UL,Ultra 3 105UL,,,,,,,,,,,,15,,,,FCLGA1851,,,,,,,,
Intel,Intel Core Ultra 3 205,Ultra 3 205,,,,,,,,,,,,57,,,,FCLGA1851,,,,,,,,
Intel,Intel Core Ultra 3 205T,Ultra 3 205T,,,,,,,,,,,,,,,,,,,,,,,,
Intel,Intel Core Ultra 5 115U,Ultra 5 115U,,,,,,,,,,,,15,,,,FCBGA2049,,,,,,,,
Intel,Intel Core Ultra 5 125H,Ultra 5 125H,,,,,,,,,,,,28,,,,FCBGA2049,,,,,,,,
Intel,Intel Core Ultra 5 125U,Ultra 5 125U,,,,,,,,,,,,15,,,,FCBGA2049,,,,,,,,
Intel,Intel Core Ultra 5 134U,Ultra 5 134U,,,,,,,,,,,,30,,,,FCBGA2551,,,,,,,,
Intel,Intel Core Ultra 5 135H,Ultra 5 135H,,,,,,,,,,,,28,,,,FCBGA2049,,,,,,,,
Intel,Intel Core Ultra 5 135U,Ultra 5 135U,,,,,,,,,,,,15,,,,FCBGA2049,,,,,,,,
Intel,Intel Core Ultra 5 225,Ultra 5 225,,,,,,,,,,,,65,,,,FCLGA1851,,,,,,,,
Intel,Intel Core Ultra 5 225F,Ultra 5 225F,,,,,,,,,,,,65,,,,FCLGA1851,,,,,,,,179.98
Intel,Intel Core Ultra 5 225H,Ultra 5 225H,,,,,,,,,,,,28,,,,FCBGA2049,,,,,,,,157.96
Intel,Intel Core Ultra 5 225T,Ultra 5 225T,,,,,,,,,,,,35,,,,FCLGA1851,,,,,,,,
Intel,Intel Core Ultra 5 225U,Ultra 5 225U,,,,,,,,,,,,15,,,,FCBGA2049,,,,,,,,
Intel,Intel Core Ultra 5 226V,Ultra 5 226V,,,,,,,,,,,,17,,,,FCBGA2833,,,,,,,,
Intel,Intel Core Ultra 5 228V,Ultra 5 228V,,,,,,,,,,,,17,,,,FCBGA2833,,,,,,,,
Intel,Intel Core Ultra 5 230F,Ultra 5 230F,,,,,,,,,,,,121,,,,FCLGA1851,,,,,,,,
Intel,Intel Core Ultra 5 235,Ultra 5 235,,,,,,,,,,,,65,,,,FCLGA1851,,,,,,,,
Intel,Intel Core Ultra 5 235H,Ultra 5 235H,,,,,,,,,,,,28,,,,FCBGA2049,,,,,,,,224.95
Intel,Intel Core Ultra 5 235HX,Ultra 5 235HX,,,,,,,,,,,,55,,,,FCBGA2114,,,,,,,,
Intel,Intel Core Ultra 5 235T,Ultra 5 235T,,,,,,,,,,,,35,,,,FCLGA1851,,,,,,,,
Intel,Intel Core Ultra 5 235U,Ultra 5 235U,,,,,,,,,,,,15,,,,FCBGA2049,,,,,,,,
Intel,Intel Core Ultra 5 236V,Ultra 5 236V,,,,,,,,,,,,17,,,,FCBGA2833,,,,,,,,
Intel,Intel Core Ultra 5 238V,Ultra 5 238V,,,,,,,,,,,,17,,,,FCBGA2833,,,,,,,,
Intel,Intel Core Ultra 5 245,Ultra 5 245,,,,,,,,,,,,65,,,,FCLGA1851,,,,,,,,
Intel,Intel Core Ultra 5 245HX,Ultra 5 245HX,,,,,,,,,,,,55,,,,FCBGA2114,,,,,,,,0
Intel,Intel Core Ultra 5 245K,Ultra 5 245K,,,,,,,,,,,,125,,,,FCLGA1851,,,,,,,,
Intel,Intel Core Ultra 5 245KF,Ultra 5 245KF,,,,,,,,,,,,125,,,,FCLGA1851,,,,,,,,200.28
Intel,Intel Core Ultra 5 245T,Ultra 5 245T,,,,,,,,,,,,35,,,,FCLGA1851,,,,,,,,189
Intel,Intel Core Ultra 5 250K Plus,Ultra 5 250K Plus,,,,,,,,,,,,125,,,,FCLGA1851,,,,,,,,
Intel,Intel Core Ultra 5 250KF Plus,Ultra 5 250KF Plus,,,,,,,,,,,,125,,,,FCLGA1851,,,,,,,,219.99
Intel,Intel Core Ultra 5 325,Ultra 5 325,,,,,,,,,,,,25,,,,FCBGA2540,,,,,,,,199.99
Intel,Intel Core Ultra 5 332,Ultra 5 332,,,,,,,,,,,,25,,,,FCBGA2540,,,,,,,,
Intel,Intel Core Ultra 5 335,Ultra 5 335,,,,,,,,,,,,15,,,,FCBGA2540,,,,,,,,
Intel,Intel Core Ultra 5 336H,Ultra 5 336H,,,,,,,,,,,,25,,,,FCBGA2540,,,,,,,,
Intel,Intel Core Ultra 5 338H,Ultra 5 338H,,,,,,,,,,,,25,,,,FCBGA2540,,,,,,,,
Intel,Intel Core Ultra 7 155H,Ultra 7 155H,,,,,,,,,,,,28,,,,FCBGA2049,,,,,,,,
Intel,Intel Core Ultra 7 155U,Ultra 7 155U,,,,,,,,,,,,15,,,,FCBGA2049,,,,,,,,
Intel,Intel Core Ultra 7 164U,Ultra 7 164U,,,,,,,,,,,,9,,,,FCBGA2551,,,,,,,,
Intel,Intel Core Ultra 7 165H,Ultra 7 165H,,,,,,,,,,,,28,,,,FCBGA2049,,,,,,,,
Intel,Intel Core Ultra 7 165U,Ultra 7 165U,,,,,,,,,,,,15,,,,FCBGA2049,,,,,,,,
Intel,Intel Core Ultra 7 255H,Ultra 7 255H,,,,,,,,,,,,28,,,,FCBGA2049,,,,,,,,
Intel,Intel Core Ultra 7 255HX,Ultra 7 255HX,,,,,,,,,,,,55,,,,FCBGA2114,,,,,,,,
Intel,Intel Core Ultra 7 255U,Ultra 7 255U,,,,,,,,,,,,15,,,,FCBGA2049,,,,,,,,
Intel,Intel Core Ultra 7 256V,Ultra 7 256V,,,,,,,,,,,,17,,,,FCBGA2833,,,,,,,,
Intel,Intel Core Ultra 7 258V,Ultra 7 258V,,,,,,,,,,,,17,,,,FCBGA2833,,,,,,,,
Intel,Intel Core Ultra 7 265,Ultra 7 265,,,,,,,,,,,,65,,,,FCLGA1851,,,,,,,,
Intel,Intel Core Ultra 7 265F,Ultra 7 265F,,,,,,,,,,,,65,,,,FCLGA1851,,,,,,,,326.81
Intel,Intel Core Ultra 7 265H,Ultra 7 265H,,,,,,,,,,,,28,,,,FCBGA2049,,,,,,,,329.99
Intel,Intel Core Ultra 7 265HX,Ultra 7 265HX,,,,,,,,,,,,55,,,,FCBGA2114,,,,,,,,
Intel,Intel Core Ultra 7 265K,Ultra 7 265K,,,,,,,,,,,,125,,,,FCLGA1851,,,,,,,,
Intel,Intel Core Ultra 7 265KF,Ultra 7 265KF,,,,,,,,,,,,125,,,,FCLGA1851,,,,,,,,282.98
Intel,Intel Core Ultra 7 265T,Ultra 7 265T,,,,,,,,,,,,35,,,,FCLGA1851,,,,,,,,239.99
Intel,Intel Core Ultra 7 265U,Ultra 7 265U,,,,,,,,,,,,15,,,,FCBGA2049,,,,,,,,
Intel,Intel Core Ultra 7 266V,Ultra 7 266V,,,,,,,,,,,,17,,,,FCBGA2833,,,,,,,,
Intel,Intel Core Ultra 7 268V,Ultra 7 268V,,,,,,,,,,,,17,,,,FCBGA2833,,,,,,,,
Intel,Intel Core Ultra 7 270K Plus,Ultra 7 270K Plus,,,,,,,,,,,,,,,,,,,,,,,,
Intel,Intel Core Ultra 7 355,Ultra 7 355,,,,,,,,,,,,25,,,,FCBGA2540,,,,,,,,"Out of stock
329.99"
Intel,Intel Core Ultra 7 356H,Ultra 7 356H,,,,,,,,,,,,25,,,,FCBGA2540,,,,,,,,
Intel,Intel Core Ultra 7 365,Ultra 7 365,,,,,,,,,,,,,,,,FCBGA2540,,,,,,,,
Intel,Intel Core Ultra 7 366H,Ultra 7 366H,,,,,,,,,,,,25,,,,FCBGA2540,,,,,,,,
Intel,Intel Core Ultra 9 185H,Ultra 9 185H,,,,,,,,,,,,45,,,,FCBGA2049,,,,,,,,
Intel,Intel Core Ultra 9 275HX,Ultra 9 275HX,,,,,,,,,,,,55,,,,FCBGA2114,,,,,,,,
Intel,Intel Core Ultra 9 285,Ultra 9 285,,,,,,,,,,,,65,,,,FCLGA1851,,,,,,,,
Intel,Intel Core Ultra 9 285H,Ultra 9 285H,,,,,,,,,,,,45,,,,FCBGA2049,,,,,,,,549.99
Intel,Intel Core Ultra 9 285HX,Ultra 9 285HX,,,,,,,,,,,,55,,,,FCBGA2114,,,,,,,,
Intel,Intel Core Ultra 9 285K,Ultra 9 285K,,,,,,,,,,,,125,,,,FCLGA1851,,,,,,,,
Intel,Intel Core Ultra 9 285T,Ultra 9 285T,,,,,,,,,,,,35,,,,FCLGA1851,,,,,,,,549.99
Intel,Intel Core Ultra 9 288V,Ultra 9 288V,,,,,,,,,,,,30,,,,FCBGA2833,,,,,,,,
Intel,Intel Core Ultra 9 290HX Plus,Ultra 9 290HX Plus,,,,,,,,,,,,,,,,,,,,,,,,
Intel,Intel Core Ultra 9 290K Plus,Ultra 9 290K Plus,,,,,,,,,,,,,,,,,,,,,,,,
Intel,Intel Core Ultra 9 386H,Ultra 9 386H,,,,,,,,,,,,25,,,,FCBGA2540,,,,,,,,
Intel,Intel Core Ultra X7 358H,Ultra X7 358H,,,,,,,,,,,,25,,,,FCBGA2540,,,,,,,,
Intel,Intel Core Ultra X7 368H,Ultra X7 368H,,,,,,,,,,,,25,,,,FCBGA2540,,,,,,,,
Intel,Intel Core Ultra X9 388H,Ultra X9 388H,,,,,,,,,,,,25,,,,FCBGA2540,,,,,,,,
Intel,Intel Core2 6320 @ 1.86GHz,2 6320,,,2,,,2,,,,1.9,,,,,,,,,,,,,,
Intel,Intel Core2 Duo E4300 @ 1.80GHz,E4300,,,2,,,2,,,,1.8,,65,,,,LGA775,,,,,,,,
Intel,Intel Core2 Duo E4400 @ 2.00GHz,E4400,,,2,,,2,,,,2.0,,65,,,,LGA775,,,,,,,,
Intel,Intel Core2 Duo E4500 @ 2.20GHz,E4500,,,2,,,2,,,,2.2,,65,,,,LGA775,,,,,,,,
Intel,Intel Core2 Duo E4600 @ 2.40GHz,E4600,,,2,,,2,,,,2.4,,65,,,,LGA775,,,,,,,,
Intel,Intel Core2 Duo E4700 @ 2.60GHz,E4700,,,2,,,2,,,,2.6,,65,,,,LGA775,,,,,,,,
Intel,Intel Core2 Duo E6300 @ 1.86GHz,E6300,,,2,,,2,,,,1.9,,65,,,,LGA775. PLGA775,,,,,,,,
Intel,Intel Core2 Duo E6320 @ 1.86GHz,E6320,,,2,,,2,,,,1.9,,65,,,,PLGA775,,,,,,,,
Intel,Intel Core2 Duo E6400 @ 2.13GHz,E6400,,,2,,,2,,,,2.1,,65,,,,LGA775,,,,,,,,
Intel,Intel Core2 Duo E6420 @ 2.13GHz,E6420,,,2,,,2,,,,2.1,,65,,,,PLGA775,,,,,,,,
Intel,Intel Core2 Duo E6540 @ 2.33GHz,E6540,,,2,,,2,,,,2.3,,65,,,,LGA775,,,,,,,,
Intel,Intel Core2 Duo E6550 @ 2.33GHz,E6550,,,2,,,2,,,,2.3,,65,,,,LGA775,,,,,,,,
Intel,Intel Core2 Duo E6600 @ 2.40GHz,E6600,,,2,,,2,,,,2.4,,65,,,,PLGA775,,,,,,,,
Intel,Intel Core2 Duo E6700 @ 2.66GHz,E6700,,,2,,,2,,,,2.7,,65,,,,LGA775,,,,,,,,
Intel,Intel Core2 Duo E6750 @ 2.66GHz,E6750,,,2,,,2,,,,2.7,,65,,,,LGA775,,,,,,,,
Intel,Intel Core2 Duo E6850 @ 3.00GHz,E6850,,,2,,,2,,,,3.0,,65,,,,LGA775,,,,,,,,
Intel,Intel Core2 Duo E7200 @ 2.53GHz,E7200,,,2,,,2,,,,2.5,,65,,,,LGA775,,,,,,,,
Intel,Intel Core2 Duo E7300 @ 2.66GHz,E7300,,,2,,,2,,,,2.7,,65,,,,LGA775,,,,,,,,
Intel,Intel Core2 Duo E7400 @ 2.80GHz,E7400,,,2,,,2,,,,2.8,,65,,,,LGA775,,,,,,,,
Intel,Intel Core2 Duo E7500 @ 2.93GHz,E7500,,,2,,,2,,,,2.9,,65,,,,LGA775,,,,,,,,
Intel,Intel Core2 Duo E7600 @ 3.06GHz,E7600,,,2,,,2,,,,3.1,,65,,,,LGA775,,,,,,,,
Intel,Intel Core2 Duo E8135 @ 2.40GHz,E8135,,,2,,,2,,,,2.4,,-1,,,,,,,,,,,,
Intel,Intel Core2 Duo E8135 @ 2.66GHz,E8135,,,2,,,2,,,,2.7,,-1,,,,Socket P,,,,,,,,
Intel,Intel Core2 Duo E8200 @ 2.66GHz,E8200,,,2,,,2,,,,2.7,,65,,,,LGA775,,,,,,,,
Intel,Intel Core2 Duo E8235 @ 2.80GHz,E8235,,,2,,,2,,,,2.8,,-1,,,,Socket P,,,,,,,,
Intel,Intel Core2 Duo E8290 @ 2.83GHz,E8290,,,2,,,2,,,,2.8,,65,,,,LGA775,,,,,,,,
Intel,Intel Core2 Duo E8300 @ 2.83GHz,E8300,,,2,,,2,,,,2.8,,65,,,,LGA775,,,,,,,,
Intel,Intel Core2 Duo E8335 @ 2.66GHz,E8335,,,2,,,2,,,,2.7,,-1,,,,Socket P,,,,,,,,
Intel,Intel Core2 Duo E8335 @ 2.93GHz,E8335,,,2,,,2,,,,2.9,,-1,,,,Socket P,,,,,,,,
Intel,Intel Core2 Duo E8400 @ 3.00GHz,E8400,,,2,,,2,,,,3.0,,65,,,,LGA775,,,,,,,,
Intel,Intel Core2 Duo E8435 @ 3.06GHz,E8435,,,2,,,2,,,,3.1,,-1,,,,Socket P,,,,,,,,
Intel,Intel Core2 Duo E8500 @ 3.16GHz,E8500,,,2,,,2,,,,3.2,,65,,,,LGA775,,,,,,,,
Intel,Intel Core2 Duo E8600 @ 3.33GHz,E8600,,,2,,,2,,,,3.3,,65,,,,LGA775,,,,,,,,
Intel,Intel Core2 Duo E8700 @ 3.50GHz,E8700,,,2,,,2,,,,3.5,,-1,,,,,,,,,,,,
Intel,Intel Core2 Duo L7100 @ 1.20GHz,L7100,,,2,,,2,,,,1.2,,-1,,,,BGA956,,,,,,,,
Intel,Intel Core2 Duo L7200 @ 1.33GHz,L7200,,,2,,,2,,,,1.3,,17,,,,PBGA479,,,,,,,,
Intel,Intel Core2 Duo L7300 @ 1.40GHz,L7300,,,2,,,2,,,,1.4,,17,,,,BGA479,,,,,,,,
Intel,Intel Core2 Duo L7400 @ 1.50GHz,L7400,,,2,,,2,,,,1.5,,17,,,,BGA479,,,,,,,,
Intel,Intel Core2 Duo L7500 @ 1.60GHz,L7500,,,2,,,2,,,,1.6,,17,,,,BGA479,,,,,,,,
Intel,Intel Core2 Duo L7700 @ 1.80GHz,L7700,,,2,,,2,,,,1.8,,17,,,,,,,,,,,,
Intel,Intel Core2 Duo L7800 @ 2.00GHz,L7800,,,2,,,2,,,,2.0,,-1,,,,,,,,,,,,
Intel,Intel Core2 Duo L9300 @ 1.60GHz,L9300,,,2,,,2,,,,1.6,,17,,,,BGA956,,,,,,,,
Intel,Intel Core2 Duo L9600 @ 2.13GHz,L9600,,,2,,,2,,,,2.1,,17,,,,BGA956,,,,,,,,
Intel,Intel Core2 Duo P7350 @ 2.00GHz,P7350,,,2,,,2,,,,2.0,,25,,,,BGA479,,,,,,,,
Intel,Intel Core2 Duo P7370 @ 2.00GHz,P7370,,,2,,,2,,,,2.0,,25,,,,PGA478,,,,,,,,
Intel,Intel Core2 Duo P7450 @ 2.13GHz,P7450,,,2,,,2,,,,2.1,,25,,,,PGA478,,,,,,,,
Intel,Intel Core2 Duo P7500 @ 1.60GHz,P7500,,,2,,,2,,,,1.6,,-1,,,,,,,,,,,,
Intel,Intel Core2 Duo P7550 @ 2.26GHz,P7550,,,2,,,2,,,,2.3,,25,,,,PGA478,,,,,,,,
Intel,Intel Core2 Duo P7570 @ 2.26GHz,P7570,,,2,,,2,,,,2.3,,25,,,,PGA478,,,,,,,,
Intel,Intel Core2 Duo P7700 @ 1.80GHz,P7700,,,2,,,2,,,,1.8,,-1,,,,,,,,,,,,
Intel,Intel Core2 Duo P8400 @ 2.26GHz,P8400,,,2,,,2,,,,2.3,,25,,,,BGA479,,,,,,,,
Intel,Intel Core2 Duo P8600 @ 2.40GHz,P8600,,,2,,,2,,,,2.4,,25,,,,BGA479,,,,,,,,
Intel,Intel Core2 Duo P8700 @ 2.53GHz,P8700,,,2,,,2,,,,2.5,,25,,,,BGA479,,,,,,,,
Intel,Intel Core2 Duo P8800 @ 2.66GHz,P8800,,,2,,,2,,,,2.7,,25,,,,BGA479,,,,,,,,
Intel,Intel Core2 Duo P9300 @ 2.26GHz,P9300,,,2,,,2,,,,2.3,,-1,,,,,,,,,,,,
Intel,Intel Core2 Duo P9500 @ 2.53GHz,P9500,,,2,,,2,,,,2.5,,25,,,,BGA479,,,,,,,,
Intel,Intel Core2 Duo P9600 @ 2.53GHz,P9600,,,2,,,2,,,,2.5,,25,,,,PGA478,,,,,,,,
Intel,Intel Core2 Duo P9600 @ 2.66GHz,P9600,,,2,,,2,,,,2.7,,25,,,,PGA478,,,,,,,,
Intel,Intel Core2 Duo P9700 @ 2.80GHz,P9700,,,2,,,2,,,,2.8,,28,,,,PGA478,,,,,,,,
Intel,Intel Core2 Duo Q6867 @ 3.00GHz,Q6867,,,2,,,2,,,,3.0,,-1,,,,,,,,,,,,
Intel,Intel Core2 Duo SL9400 @ 1.86GHz,SL9400,,,2,,,2,,,,1.9,,17,,,,BGA956,,,,,,,,
Intel,Intel Core2 Duo SP9400 @ 2.40GHz,SP9400,,,2,,,2,,,,2.4,,25,,,,BGA956,,,,,,,,
Intel,Intel Core2 Duo SU9400 @ 1.40GHz,SU9400,,,2,,,2,,,,1.4,,10,,,,BGA956,,,,,,,,
Intel,Intel Core2 Duo T5200 @ 1.60GHz,T5200,,,2,,,2,,,,1.6,,34,,,,Socket M,,,,,,,,
Intel,Intel Core2 Duo T5250 @ 1.50GHz,T5250,,,2,,,2,,,,1.5,,35,,,,PGA478,,,,,,,,
Intel,Intel Core2 Duo T5270 @ 1.40GHz,T5270,,,2,,,2,,,,1.4,,35,,,,PGA478,,,,,,,,
Intel,Intel Core2 Duo T5300 @ 1.73GHz,T5300,,,2,,,2,,,,1.7,,34,,,,PGA478,,,,,,,,
Intel,Intel Core2 Duo T5450 @ 1.66GHz,T5450,,,2,,,2,,,,1.7,,35,,,,PGA478,,,,,,,,
Intel,Intel Core2 Duo T5470 @ 1.60GHz,T5470,,,2,,,2,,,,1.6,,35,,,,PGA478,,,,,,,,
Intel,Intel Core2 Duo T5500 @ 1.66GHz,T5500,,,2,,,2,,,,1.7,,34,,,,PGA478,,,,,,,,
Intel,Intel Core2 Duo T5550 @ 1.83GHz,T5550,,,2,,,2,,,,1.8,,35,,,,PGA478,,,,,,,,
Intel,Intel Core2 Duo T5600 @ 1.83GHz,T5600,,,2,,,2,,,,1.8,,34,,,,PGA478,,,,,,,,
Intel,Intel Core2 Duo T5670 @ 1.80GHz,T5670,,,2,,,2,,,,1.8,,35,,,,Socket P,,,,,,,,
Intel,Intel Core2 Duo T5750 @ 2.00GHz,T5750,,,2,,,2,,,,2.0,,35,,,,Socket P,,,,,,,,
Intel,Intel Core2 Duo T5800 @ 2.00GHz,T5800,,,2,,,2,,,,2.0,,35,,,,PGA478,,,,,,,,
Intel,Intel Core2 Duo T5850 @ 2.16GHz,T5850,,,2,,,2,,,,2.2,,,,,,Socket P,,,,,,,,
Intel,Intel Core2 Duo T5870 @ 2.00GHz,T5870,,,2,,,2,,,,2.0,,35,,,,PPGA478. Socket,,,,,,,,
Intel,Intel Core2 Duo T5900 @ 2.20GHz,T5900,,,2,,,2,,,,2.2,,,,,,Socket P,,,,,,,,
Intel,Intel Core2 Duo T6400 @ 2.00GHz,T6400,,,2,,,2,,,,2.0,,35,,,,PGA478,,,,,,,,
Intel,Intel Core2 Duo T6500 @ 2.10GHz,T6500,,,2,,,2,,,,2.1,,35,,,,PGA478,,,,,,,,
Intel,Intel Core2 Duo T6570 @ 2.10GHz,T6570,,,2,,,2,,,,2.1,,35,,,,PGA478,,,,,,,,
Intel,Intel Core2 Duo T6600 @ 2.20GHz,T6600,,,2,,,2,,,,2.2,,35,,,,PGA478,,,,,,,,
Intel,Intel Core2 Duo T6670 @ 2.20GHz,T6670,,,2,,,2,,,,2.2,,35,,,,PGA478,,,,,,,,
Intel,Intel Core2 Duo T7100 @ 1.80GHz,T7100,,,2,,,2,,,,1.8,,35,,,,BGA479,,,,,,,,
Intel,Intel Core2 Duo T7200 @ 2.00GHz,T7200,,,2,,,2,,,,2.0,,34,,,,PBGA479. PPGA478,,,,,,,,
Intel,Intel Core2 Duo T7250 @ 2.00GHz,T7250,,,2,,,2,,,,2.0,,35,,,,BGA479,,,,,,,,
Intel,Intel Core2 Duo T7300 @ 2.00GHz,T7300,,,2,,,2,,,,2.0,,35,,,,BGA479,,,,,,,,
Intel,Intel Core2 Duo T7400 @ 2.16GHz,T7400,,,2,,,2,,,,2.2,,34,,,,BGA479,,,,,,,,
Intel,Intel Core2 Duo T7500 @ 2.20GHz,T7500,,,2,,,2,,,,2.2,,35,,,,BGA479,,,,,,,,
Intel,Intel Core2 Duo T7600 @ 2.33GHz,T7600,,,2,,,2,,,,2.3,,34,,,,PBGA479. PPGA478,,,,,,,,
Intel,Intel Core2 Duo T7700 @ 2.40GHz,T7700,,,2,,,2,,,,2.4,,35,,,,BGA479,,,,,,,,
Intel,Intel Core2 Duo T7800 @ 2.60GHz,T7800,,,2,,,2,,,,2.6,,35,,,,BGA479,,,,,,,,
Intel,Intel Core2 Duo T8100 @ 2.10GHz,T8100,,,2,,,2,,,,2.1,,35,,,,BGA479,,,,,,,,
Intel,Intel Core2 Duo T8300 @ 2.40GHz,T8300,,,2,,,2,,,,2.4,,35,,,,BGA479,,,,,,,,
Intel,Intel Core2 Duo T9300 @ 2.50GHz,T9300,,,2,,,2,,,,2.5,,35,,,,BGA479,,,,,,,,
Intel,Intel Core2 Duo T9400 @ 2.53GHz,T9400,,,2,,,2,,,,2.5,,35,,,,BGA479,,,,,,,,
Intel,Intel Core2 Duo T9500 @ 2.60GHz,T9500,,,2,,,2,,,,2.6,,35,,,,BGA479,,,,,,,,
Intel,Intel Core2 Duo T9550 @ 2.66GHz,T9550,,,2,,,2,,,,2.7,,35,,,,BGA479,,,,,,,,
Intel,Intel Core2 Duo T9600 @ 2.80GHz,T9600,,,2,,,2,,,,2.8,,35,,,,BGA479,,,,,,,,
Intel,Intel Core2 Duo T9800 @ 2.93GHz,T9800,,,2,,,2,,,,2.9,,35,,,,BGA479,,,,,,,,
Intel,Intel Core2 Duo T9900 @ 3.06GHz,T9900,,,2,,,2,,,,3.1,,35,,,,BGA479.PGA478,,,,,,,,
Intel,Intel Core2 Duo U7300 @ 1.30GHz,U7300,,,2,,,2,,,,1.3,,10,,,,BGA956,,,,,,,,
Intel,Intel Core2 Duo U7500 @ 1.06GHz,U7500,,,2,,,2,,,,1.1,,10,,,,BGA479,,,,,,,,
Intel,Intel Core2 Duo U7600 @ 1.20GHz,U7600,,,2,,,2,,,,1.2,,10,,,,BGA479,,,,,,,,
Intel,Intel Core2 Duo U7700 @ 1.33GHz,U7700,,,2,,,2,,,,1.3,,10,,,,,,,,,,,,
Intel,Intel Core2 Duo U9300 @ 1.20GHz,U9300,,,2,,,2,,,,1.2,,10,,,,BGA956,,,,,,,,
Intel,Intel Core2 Duo U9600 @ 1.60GHz,U9600,,,2,,,2,,,,1.6,,10,,,,BGA956,,,,,,,,
Intel,Intel Core2 Duo X7360 @ 2.53GHz,X7360,,,2,,,2,,,,2.5,,,,,,,,,,,,,,
Intel,Intel Core2 Extreme Q6800 @ 2.93GHz,Q6800,,,4,,,4,,,,2.9,,75,,,,LGA775,,,,,,,,
Intel,Intel Core2 Extreme Q6850 @ 3.00GHz,Q6850,,,4,,,4,,,,3.0,,130,,,,LGA775,,,,,,,,
Intel,Intel Core2 Extreme Q9200 @ 2.40GHz,Q9200,,,4,,,4,,,,2.4,,,,,,,,,,,,,,
Intel,Intel Core2 Extreme Q9300 @ 2.53GHz,Q9300,,,4,,,4,,,,2.5,,45,,,,PGA478,,,,,,,,
Intel,Intel Core2 Extreme X6800 @ 2.93GHz,X6800,,,2,,,2,,,,2.9,,75,,,,PLGA775,,,,,,,,
Intel,Intel Core2 Extreme X7800 @ 2.60GHz,X7800,,,2,,,2,,,,2.6,,44,,,,PGA478,,,,,,,,
Intel,Intel Core2 Extreme X7850 @ 2.80GHz,X7850,,,2,,,2,,,,2.8,,,,,,,,,,,,,,
Intel,Intel Core2 Extreme X7900 @ 2.80GHz,X7900,,,2,,,2,,,,2.8,,44,,,,PGA478,,,,,,,,
Intel,Intel Core2 Extreme X9000 @ 2.80GHz,X9000,,,2,,,2,,,,2.8,,44,,,,PGA478,,,,,,,,
Intel,Intel Core2 Extreme X9100 @ 3.06GHz,X9100,,,2,,,2,,,,3.1,,44,,,,PGA478,,,,,,,,
Intel,Intel Core2 Extreme X9650 @ 3.00GHz,X9650,,,4,,,4,,,,3.0,,130,,,,LGA775,,,,,,,,
Intel,Intel Core2 Extreme X9750 @ 3.16GHz,X9750,,,4,,,4,,,,3.2,,,,,,,,,,,,,,
Intel,Intel Core2 Extreme X9770 @ 3.20GHz,X9770,,,4,,,4,,,,3.2,,136,,,,LGA775,,,,,,,,
Intel,Intel Core2 Extreme X9775 @ 3.20GHz,X9775,,,4,,,4,,,,3.2,,150,,,,LGA771,,,,,,,,
Intel,Intel Core2 Quad Q6600 @ 2.40GHz,Q6600,,,4,,,4,,,,2.4,,105,,,,LGA775,,,,,,,,
Intel,Intel Core2 Quad Q6700 @ 2.66GHz,Q6700,,,4,,,4,,,,2.7,,105,,,,LGA775,,,,,,,,
Intel,Intel Core2 Quad Q8200 @ 2.33GHz,Q8200,,,4,,,4,,,,2.3,,95,,,,LGA775,,,,,,,,
Intel,Intel Core2 Quad Q8300 @ 2.50GHz,Q8300,,,4,,,4,,,,2.5,,95,,,,LGA775,,,,,,,,
Intel,Intel Core2 Quad Q8400 @ 2.66GHz,Q8400,,,4,,,4,,,,2.7,,95,,,,LGA775,,,,,,,,
Intel,Intel Core2 Quad Q9000 @ 2.00GHz,Q9000,,,4,,,4,,,,2.0,,45,,,,PGA478,,,,,,,,
Intel,Intel Core2 Quad Q9100 @ 2.26GHz,Q9100,,,4,,,4,,,,2.3,,45,,,,PGA478,,,,,,,,
Intel,Intel Core2 Quad Q9300 @ 2.50GHz,Q9300,,,4,,,4,,,,2.5,,95,,,,LGA775,,,,,,,,
Intel,Intel Core2 Quad Q9400 @ 2.66GHz,Q9400,,,4,,,4,,,,2.7,,95,,,,LGA775,,,,,,,,
Intel,Intel Core2 Quad Q9450 @ 2.66GHz,Q9450,,,4,,,4,,,,2.7,,95,,,,LGA775,,,,,,,,
Intel,Intel Core2 Quad Q9500 @ 2.83GHz,Q9500,,,4,,,4,,,,2.8,,95,,,,LGA775,,,,,,,,
Intel,Intel Core2 Quad Q9505 @ 2.83GHz,Q9505,,,4,,,4,,,,2.8,,95,,,,LGA775,,,,,,,,
Intel,Intel Core2 Quad Q9550 @ 2.83GHz,Q9550,,,4,,,4,,,,2.8,,95,,,,LGA775,,,,,,,,
Intel,Intel Core2 Quad Q9650 @ 3.00GHz,Q9650,,,4,,,4,,,,3.0,,95,,,,LGA775,,,,,,,,
Intel,Intel Core2 Quad Q9705 @ 3.16GHz,Q9705,,,4,,,4,,,,3.2,,95,,,,LGA775,,,,,,,,
Intel,Intel Core2 Solo U2100 @ 1.06GHz,2 Solo U2100,,,1,,,1,,,,1.1,,5.5,,,,,,,,,,,,
Intel,Intel Core2 Solo U2200 @ 1.20GHz,2 Solo U2200,,,1,,,1,,,,1.2,,5.5,,,,,,,,,,,,
Intel,Intel Core2 Solo U3300 @ 1.20GHz,2 Solo U3300,,,1,,,1,,,,1.2,,5.5,,,,,,,,,,,,
Intel,Intel Core2 Solo U3500 @ 1.40GHz,2 Solo U3500,,,1,,,1,,,,1.4,,5.5,,,,BGA956,,,,,,,,
Intel,Intel CoreT i5-1350P,T i5-1350P,,,,,,,,,,,,28,,,,FCBGA1744,,,,,,,,
Intel,Intel CoreTM Ultra 5 115U,TM Ultra 5 115U,,,,,,,,,,,,15,,,,FCBGA2049,,,,,,,,
Intel,Intel E3000 @ 3.40GHz,E3000,,,2,,,2,,,,3.4,,,,,,,,,,,,,,
Intel,Intel N100,N100,,,4,,,4,3.4,,,0.7,,6,,,,FCBGA1264,,,,,,,,
Intel,Intel N150,N150,,,4,,,4,3.6,,,0.8,,6,,,,FCBGA1264,,,,,,,,
Intel,Intel N200,N200,,,4,,,4,3.7,,,3.2,,6,,,,FCBGA1264,,,,,,,,
Intel,Intel N250,N250,,,4,,,4,3.8,,,1.3,,6,,,,FCBGA1264,,,,,,,,
Intel,Intel N50,N50,,,2,,,2,3.4,,,1.0,,6,,,,FCBGA1264,,,,,,,,
Intel,Intel N95,N95,,,4,,,4,3.4,,,1.7,,15,,,,,,,,,,,,
Intel,Intel N97,N97,,,4,,,4,3.6,,,3.6,,12,,,,FCBGA1264,,,,,,,,
Intel,Intel Pentium 1403 @ 2.60GHz,1403,,,2,,,2,,,,2.6,,80,,,,LGA1356,,,,,,,,
Intel,Intel Pentium 1403 v2 @ 2.60GHz,1403 v2,,,2,,,2,,,,2.6,,80,,,,,,,,,,,,
Intel,Intel Pentium 2020M @ 2.40GHz,2020M,,,2,,,2,,,,2.4,,35,,,,FCPGA988,,,,,,,,
Intel,Intel Pentium 2030M @ 2.50GHz,2030M,,,2,,,2,,,,2.5,,35,,,,FCPGA988,,,,,,,,
Intel,Intel Pentium 2117U @ 1.80GHz,2117U,,,2,,,2,,,,1.8,,17,,,,FCBGA1023,,,,,,,,
Intel,Intel Pentium 2127U @ 1.90GHz,2127U,,,2,,,2,,,,1.9,,17,,,,FCBGA1023,,,,,,,,
Intel,Intel Pentium 2129Y @ 1.10GHz,2129Y,,,2,,,2,,,,1.1,,10,,,,FCBGA1023,,,,,,,,
Intel,Intel Pentium 3550M @ 2.30GHz,3550M,,,2,,,2,,,,2.3,,37,,,,FCPGA946,,,,,,,,
Intel,Intel Pentium 3556U @ 1.70GHz,3556U,,,2,,,2,,,,1.7,,15,,,,BGA1168,,,,,,,,
Intel,Intel Pentium 3558U @ 1.70GHz,3558U,,,2,,,2,,,,1.7,,15,,,,FCBGA1168,,,,,,,,
Intel,Intel Pentium 3560M @ 2.40GHz,3560M,,,2,,,2,,,,2.4,,37,,,,FCPGA946,,,,,,,,
Intel,Intel Pentium 3560Y @ 1.20GHz,3560Y,,,2,,,2,,,,1.2,,11.5,,,,BGA1168,,,,,,,,
Intel,Intel Pentium 3805U @ 1.90GHz,3805U,,,2,,,2,,,,1.9,,15,,,,FCBGA1168,,,,,,,,
Intel,Intel Pentium 3825U @ 1.90GHz,3825U,,,2,,,4,,,,1.9,,15,,,,FCBGA1168,,,,,,,,
Intel,Intel Pentium 4 1.40GHz,4 1.40GHz,,,1,,,1,,,,1.4,,54.7,,,,PGA423,,,,,,,,
Intel,Intel Pentium 4 1.50GHz,4 1.50GHz,,,1,,,1,,,,1.5,,57.8,,,,PGA423,,,,,,,,
Intel,Intel Pentium 4 1.60GHz,4 1.60GHz,,,1,,,1,,,,1.6,,38,,,,PGA478,,,,,,,,
Intel,Intel Pentium 4 1.70GHz,4 1.70GHz,,,1,,,1,,,,1.7,,64,,,,PGA423,,,,,,,,
Intel,Intel Pentium 4 1.80GHz,4 1.80GHz,,,1,,,1,,,,1.8,,68.1,,,,PGA478,,,,,,,,
Intel,Intel Pentium 4 1.90GHz,4 1.90GHz,,,1,,,1,,,,1.9,,69.2,,,,PGA423,,,,,,,,
Intel,Intel Pentium 4 1300MHz,4 1300MHz,,,1,,,1,,,,1.3,,51.6,,,,PGA423,,,,,,,,
Intel,Intel Pentium 4 1400MHz,4 1400MHz,,,1,,,1,,,,1.4,,54.7,,,,PGA423,,,,,,,,
Intel,Intel Pentium 4 1500MHz,4 1500MHz,,,1,,,1,,,,1.5,,57.8,,,,PGA423,,,,,,,,
Intel,Intel Pentium 4 1600MHz,4 1600MHz,,,1,,,1,,,,1.6,,38,,,,PGA478,,,,,,,,
Intel,Intel Pentium 4 1700MHz,4 1700MHz,,,1,,,1,,,,1.7,,64,,,,PGA423,,,,,,,,
Intel,Intel Pentium 4 1800MHz,4 1800MHz,,,1,,,1,,,,1.8,,68.1,,,,PGA478,,,,,,,,
Intel,Intel Pentium 4 2.00GHz,4 2.00GHz,,,1,,,1,,,,2.0,,54.3,,,,PGA478,,,,,,,,
Intel,Intel Pentium 4 2.20GHz,4 2.20GHz,,,1,,,1,,,,2.2,,57.1,,,,PGA478,,,,,,,,
Intel,Intel Pentium 4 2.26GHz,4 2.26GHz,,,1,,,1,,,,2.3,,58,,,,PGA478,,,,,,,,
Intel,Intel Pentium 4 2.40GHz,4 2.40GHz,,,1,,,1,,,,2.4,,59.8,,,,PGA478,,,,,,,,
Intel,Intel Pentium 4 2.50GHz,4 2.50GHz,,,1,,,1,,,,2.5,,61,,,,PGA478,,,,,,,,
Intel,Intel Pentium 4 2.53GHz,4 2.53GHz,,,1,,,1,,,,2.5,,61.5,,,,PGA478,,,,,,,,
Intel,Intel Pentium 4 2.60GHz,4 2.60GHz,,,1,,,2,,,,2.6,,69,,,,PGA478,,,,,,,,
Intel,Intel Pentium 4 2.66GHz,4 2.66GHz,,,1,,,1,,,,2.7,,66.1,,,,PGA478,,,,,,,,
Intel,Intel Pentium 4 2.80GHz,4 2.80GHz,,,1,,,2,,,,2.8,,69.7,,,,PGA478,,,,,,,,
Intel,Intel Pentium 4 2.93GHz,4 2.93GHz,,,1,,,1,,,,2.9,,,,,,,,,,,,,,
Intel,Intel Pentium 4 3.00GHz,4 3.00GHz,,,1,,,2,,,,3.0,,81.9,,,,PGA478,,,,,,,,
Intel,Intel Pentium 4 3.06GHz,4 3.06GHz,,,1,,,2,,,,3.1,,81.8,,,,PGA478,,,,,,,,
Intel,Intel Pentium 4 3.20GHz,4 3.20GHz,,,1,,,2,,,,3.2,,82,,,,PGA478,,,,,,,,
Intel,Intel Pentium 4 3.40GHz,4 3.40GHz,,,1,,,2,,,,3.4,,89,,,,PGA478,,,,,,,,
Intel,Intel Pentium 4 3.46GHz,4 3.46GHz,,,1,,,2,,,,3.5,,110.7,,,,,,,,,,,,
Intel,Intel Pentium 4 3.60GHz,4 3.60GHz,,,1,,,2,,,,3.6,,115,,,,,,,,,,,,
Intel,Intel Pentium 4 3.73GHz,4 3.73GHz,,,1,,,2,,,,3.7,,115,,,,,,,,,,,,
Intel,Intel Pentium 4 3.80GHz,4 3.80GHz,,,1,,,2,,,,3.8,,65,,,,,,,,,,,,
Intel,Intel Pentium 4 3.83GHz,4 3.83GHz,,,1,,,2,,,,3.8,,,,,,,,,,,,,,
Intel,Intel Pentium 4 4.00GHz,4 4.00GHz,,,1,,,1,,,,4.0,,,,,,,,,,,,,,
Intel,Intel Pentium 4 Mobile 1.40GHz,4 Mobile 1.40GHz,,,1,,,1,,,,1.4,,,,,,,,,,,,,,
Intel,Intel Pentium 4 Mobile 1.50GHz,4 Mobile 1.50GHz,,,1,,,1,,,,1.5,,,,,,,,,,,,,,
Intel,Intel Pentium 4 Mobile 1.60GHz,4 Mobile 1.60GHz,,,1,,,1,,,,1.6,,,,,,,,,,,,,,
Intel,Intel Pentium 4 Mobile 1.70GHz,4 Mobile 1.70GHz,,,1,,,1,,,,1.7,,,,,,,,,,,,,,
Intel,Intel Pentium 4 Mobile 1.80GHz,4 Mobile 1.80GHz,,,1,,,1,,,,1.8,,,,,,,,,,,,,,
Intel,Intel Pentium 4 Mobile 1.90GHz,4 Mobile 1.90GHz,,,1,,,1,,,,1.9,,,,,,,,,,,,,,
Intel,Intel Pentium 4 Mobile 2.00GHz,4 Mobile 2.00GHz,,,1,,,1,,,,2.0,,,,,,,,,,,,,,
Intel,Intel Pentium 4405U @ 2.10GHz,4405U,,,2,,,4,,,,2.1,,15,,,,FCBGA1356,,,,,,,,
Intel,Intel Pentium 4405Y @ 1.50GHz,4405Y,,,2,,,4,,,,1.5,,6,,,,FCBGA1515,,,,,,,,
Intel,Intel Pentium 4410Y @ 1.50GHz,4410Y,,,2,,,4,,,,1.5,,6,,,,FCBGA1515,,,,,,,,
Intel,Intel Pentium 4415U @ 2.30GHz,4415U,,,2,,,4,,,,2.3,,15,,,,BGA1356,,,,,,,,
Intel,Intel Pentium 4415Y @ 1.60GHz,4415Y,,,2,,,4,,,,1.6,,6,,,,FCBGA1515,,,,,,,,
Intel,Intel Pentium 4417U @ 2.30GHz,4417U,,,2,,,4,,,,2.3,,15,,,,FCBGA1356,,,,,,,,
Intel,Intel Pentium 4425Y @ 1.70GHz,4425Y,,,2,,,4,,,,1.7,,6,,,,FCBGA1515,,,,,,,,
Intel,Intel Pentium 5 2.66GHz,5 2.66GHz,,,2,,,2,,,,2.7,,,,,,,,,,,,,,
Intel,Intel Pentium 5405U @ 2.30GHz,5405U,,,2,,,4,,,,2.3,,15,,,,FCBGA1528,,,,,,,,
Intel,Intel Pentium 6405U @ 2.40GHz,6405U,,,2,,,4,,,,2.4,,15,,,,FCBGA1528,,,,,,,,
Intel,Intel Pentium 6805 @ 1.10GHz,6805,,,2,,,4,3.0,,,1.1,,15,,,,FCBGA1526,,,,,,,,
Intel,Intel Pentium 957 @ 1.20GHz,957,,,2,,,2,,,,1.2,,17,,,,FCBGA1023,,,,,,,,
Intel,Intel Pentium 967 @ 1.30GHz,967,,,2,,,2,,,,1.3,,17,,,,FCBGA1023,,,,,,,,
Intel,Intel Pentium 977 @ 1.40GHz,977,,,2,,,2,,,,1.4,,17,,,,FCBGA1023,,,,,,,,
Intel,Intel Pentium 987 @ 1.50GHz,987,,,2,,,2,,,,1.5,,17,,,,FCBGA1023,,,,,,,,
Intel,Intel Pentium 997 @ 1.60GHz,997,,,2,,,2,,,,1.6,,17,,,,BGA-1023,,,,,,,,
Intel,Intel Pentium A1018 @ 2.10GHz,A1018,,,2,,,2,,,,2.1,,35,,,,FCPGA988,,,,,,,,
Intel,Intel Pentium A1020 @ 2.41GHz,A1020,,,4,,,4,2.7,,,2.4,,10,,,,FCBGA1170,,,,,,,,
Intel,Intel Pentium B940 @ 2.00GHz,B940,,,2,,,2,,,,2.0,,35,,,,PGA988,,,,,,,,
Intel,Intel Pentium B950 @ 2.10GHz,B950,,,2,,,2,,,,2.1,,35,,,,PGA988,,,,,,,,
Intel,Intel Pentium B960 @ 2.20GHz,B960,,,2,,,2,,,,2.2,,35,,,,PGA988,,,,,,,,
Intel,Intel Pentium B970 @ 2.30GHz,B970,,,2,,,2,,,,2.3,,35,,,,PGA988,,,,,,,,
Intel,Intel Pentium B980 @ 2.40GHz,B980,,,2,,,2,,,,2.4,,35,,,,FCPGA988,,,,,,,,
Intel,Intel Pentium D 3.40GHz,D 3.40GHz,,,2,,,2,,,,3.4,,,,,,,,,,,,,,
Intel,Intel Pentium D 805 @ 2.66GHz,D 805,,,2,,,2,,,,2.7,,95,,,,PLGA775,,,,,,,,
Intel,Intel Pentium D 830 @ 3.00GHz,D 830,,,2,,,2,,,,3.0,,95,,,,PLGA775,,,,,,,,
Intel,Intel Pentium D 915 @ 2.80GHz,D 915,,,2,,,2,,,,2.8,,95,,,,PLGA775,,,,,,,,
Intel,Intel Pentium D 940 @ 3.20GHz,D 940,,,2,,,2,,,,3.2,,130,,,,PLGA775,,,,,,,,
Intel,Intel Pentium D 950 @ 3.40GHz,D 950,,,2,,,2,,,,3.4,,130,,,,PLGA775,,,,,,,,
Intel,Intel Pentium D 960 @ 3.60GHz,D 960,,,2,,,2,,,,3.6,,130,,,,PLGA775,,,,,,,,
Intel,Intel Pentium D1508 @ 2.20GHz,D1508,,,2,,,4,2.6,,,2.2,,25,,,,FCBGA1667,,,,,,,,
Intel,Intel Pentium Dual T2390 @ 1.86GHz,Dual T2390,,,2,,,2,,,,1.9,,35,,,,PPGA478,,,,,,,,
Intel,Intel Pentium E2140 @ 1.60GHz,E2140,,,2,,,2,,,,1.6,,65,,,,LGA775. PLGA775,,,,,,,,
Intel,Intel Pentium E2160 @ 1.80GHz,E2160,,,2,,,2,,,,1.8,,65,,,,LGA775,,,,,,,,
Intel,Intel Pentium E2180 @ 2.00GHz,E2180,,,2,,,2,,,,2.0,,65,,,,LGA775,,,,,,,,
Intel,Intel Pentium E2200 @ 2.20GHz,E2200,,,2,,,2,,,,2.2,,65,,,,LGA775,,,,,,,,
Intel,Intel Pentium E2210 @ 2.20GHz,E2210,,,2,,,2,,,,2.2,,65,,,,LGA775,,,,,,,,
Intel,Intel Pentium E2220 @ 2.40GHz,E2220,,,2,,,2,,,,2.4,,65,,,,LGA775,,,,,,,,
Intel,Intel Pentium E5200 @ 2.50GHz,E5200,,,2,,,2,,,,2.5,,65,,,,LGA775,,,,,,,,
Intel,Intel Pentium E5300 @ 2.60GHz,E5300,,,2,,,2,,,,2.6,,65,,,,LGA775,,,,,,,,
Intel,Intel Pentium E5400 @ 2.70GHz,E5400,,,2,,,2,,,,2.7,,65,,,,LGA775,,,,,,,,
Intel,Intel Pentium E5500 @ 2.80GHz,E5500,,,2,,,2,,,,2.8,,65,,,,LGA775,,,,,,,,
Intel,Intel Pentium E5700 @ 3.00GHz,E5700,,,2,,,2,,,,3.0,,65,,,,LGA775,,,,,,,,
Intel,Intel Pentium E5800 @ 3.20GHz,E5800,,,2,,,2,,,,3.2,,65,,,,LGA775,,,,,,,,
Intel,Intel Pentium E6300 @ 2.80GHz,E6300,,,2,,,2,,,,2.8,,65,,,,LGA775,,,,,,,,
Intel,Intel Pentium E6500 @ 2.93GHz,E6500,,,2,,,2,,,,2.9,,65,,,,LGA775,,,,,,,,
Intel,Intel Pentium E6600 @ 3.06GHz,E6600,,,2,,,2,,,,3.1,,65,,,,LGA775,,,,,,,,
Intel,Intel Pentium E6700 @ 3.20GHz,E6700,,,2,,,2,,,,3.2,,65,,,,LGA775,,,,,,,,
Intel,Intel Pentium E6800 @ 3.33GHz,E6800,,,2,,,2,,,,3.3,,65,,,,LGA775,,,,,,,,
Intel,Intel Pentium Extreme Edition 955 @ 3.46GHz,Extreme Edition 955,,,2,,,4,,,,3.5,,130,,,,PLGA775,,,,,,,,
Intel,Intel Pentium Extreme Edition 965 @ 3.73GHz,Extreme Edition 965,,,2,,,4,,,,3.7,,130,,,,PLGA775,,,,,,,,
Intel,Intel Pentium G2010 @ 2.80GHz,G2010,,,2,,,2,,,,2.8,,55,,,,FCLGA1155,,,,,,,,
Intel,Intel Pentium G2020 @ 2.90GHz,G2020,,,2,,,2,,,,2.9,,55,,,,FCLGA1155,,,,,,,,
Intel,Intel Pentium G2020T @ 2.50GHz,G2020T,,,2,,,2,,,,2.5,,35,,,,FCLGA1155,,,,,,,,
Intel,Intel Pentium G2030 @ 3.00GHz,G2030,,,2,,,2,,,,3.0,,55,,,,FCLGA1155,,,,,,,,
Intel,Intel Pentium G2030T @ 2.60GHz,G2030T,,,2,,,2,,,,2.6,,35,,,,LGA1155,,,,,,,,
Intel,Intel Pentium G2100T @ 2.60GHz,G2100T,,,2,,,2,,,,2.6,,35,,,,LGA1155,,,,,,,,
Intel,Intel Pentium G2120 @ 3.10GHz,G2120,,,2,,,2,,,,3.1,,55,,,,FCLGA1155,,,,,,,,
Intel,Intel Pentium G2120T @ 2.70GHz,G2120T,,,2,,,2,,,,2.7,,35,,,,FCLGA1155,,,,,,,,
Intel,Intel Pentium G2130 @ 3.20GHz,G2130,,,2,,,2,,,,3.2,,55,,,,FCLGA1155,,,,,,,,
Intel,Intel Pentium G2140 @ 3.30GHz,G2140,,,2,,,2,,,,3.3,,55,,,,LGA1155,,,,,,,,
Intel,Intel Pentium G3220 @ 3.00GHz,G3220,,,2,,,2,,,,3.0,,54,,,,FCLGA1150,,,,,,,,
Intel,Intel Pentium G3220T @ 2.60GHz,G3220T,,,2,,,2,,,,2.6,,35,,,,LGA1150,,,,,,,,
Intel,Intel Pentium G3240 @ 3.10GHz,G3240,,,2,,,2,,,,3.1,,53,,,,FCLGA1150,,,,,,,,
Intel,Intel Pentium G3240T @ 2.70GHz,G3240T,,,2,,,2,,,,2.7,,35,,,,LGA1150,,,,,,,,
Intel,Intel Pentium G3250 @ 3.20GHz,G3250,,,2,,,2,,,,3.2,,53,,,,LGA1150,,,,,,,,
Intel,Intel Pentium G3250T @ 2.80GHz,G3250T,,,2,,,2,,,,2.8,,35,,,,LGA1150,,,,,,,,
Intel,Intel Pentium G3258 @ 3.20GHz,G3258,,,2,,,2,,,,3.2,,53,,,,FCLGA1150,,,,,,,,
Intel,Intel Pentium G3260 @ 3.30GHz,G3260,,,2,,,2,,,,3.3,,53,,,,LGA1150,,,,,,,,
Intel,Intel Pentium G3260T @ 2.90GHz,G3260T,,,2,,,2,,,,2.9,,35,,,,LGA1150,,,,,,,,
Intel,Intel Pentium G3320TE @ 2.30GHz,G3320TE,,,2,,,2,,,,2.3,,35,,,,FCLGA1150,,,,,,,,
Intel,Intel Pentium G3420 @ 3.20GHz,G3420,,,2,,,2,,,,3.2,,54,,,,FCLGA1150,,,,,,,,
Intel,Intel Pentium G3420T @ 2.70GHz,G3420T,,,2,,,2,,,,2.7,,35,,,,LGA1150,,,,,,,,
Intel,Intel Pentium G3430 @ 3.30GHz,G3430,,,2,,,2,,,,3.3,,54,,,,FCLGA1150,,,,,,,,
Intel,Intel Pentium G3440 @ 3.30GHz,G3440,,,2,,,2,,,,3.3,,53,,,,LGA1150,,,,,,,,
Intel,Intel Pentium G3440T @ 2.80GHz,G3440T,,,2,,,2,,,,2.8,,35,,,,LGA1150,,,,,,,,
Intel,Intel Pentium G3450 @ 3.40GHz,G3450,,,2,,,2,,,,3.4,,53,,,,FCLGA1150,,,,,,,,
Intel,Intel Pentium G3450T @ 2.90GHz,G3450T,,,2,,,2,,,,2.9,,35,,,,LGA1150,,,,,,,,
Intel,Intel Pentium G3460 @ 3.50GHz,G3460,,,2,,,2,,,,3.5,,53,,,,LGA1150,,,,,,,,
Intel,Intel Pentium G3460T @ 3.00GHz,G3460T,,,2,,,2,,,,3.0,,35,,,,FCLGA1150,,,,,,,,
Intel,Intel Pentium G3470 @ 3.60GHz,G3470,,,2,,,2,,,,3.6,,53,,,,LGA1150,,,,,,,,
Intel,Intel Pentium G4400 @ 3.30GHz,G4400,,,2,,,2,,,,3.3,,54,,,,FCLGA1151,,,,,,,,
Intel,Intel Pentium G4400T @ 2.90GHz,G4400T,,,2,,,2,,,,2.9,,35,,,,FCLGA1151,,,,,,,,
Intel,Intel Pentium G4400TE @ 2.40GHz,G4400TE,,,2,,,2,,,,2.4,,35,,,,FCLGA1151,,,,,,,,
Intel,Intel Pentium G4500 @ 3.50GHz,G4500,,,2,,,2,,,,3.5,,51,,,,FCLGA1151,,,,,,,,
Intel,Intel Pentium G4500T @ 3.00GHz,G4500T,,,2,,,2,,,,3.0,,35,,,,FCLGA1151,,,,,,,,
Intel,Intel Pentium G4520 @ 3.60GHz,G4520,,,2,,,2,,,,3.6,,51,,,,FCLGA1151,,,,,,,,
Intel,Intel Pentium G4560 @ 3.50GHz,G4560,,,2,,,4,,,,3.5,,54,,,,FCLGA1151,,,,,,,,
Intel,Intel Pentium G4560T @ 2.90GHz,G4560T,,,2,,,4,,,,2.9,,35,,,,FCLGA1151,,,,,,,,
Intel,Intel Pentium G4600 @ 3.60GHz,G4600,,,2,,,4,,,,3.6,,51,,,,FCLGA1151,,,,,,,,
Intel,Intel Pentium G4600T @ 3.00GHz,G4600T,,,2,,,4,,,,3.0,,35,,,,FCLGA1151,,,,,,,,
Intel,Intel Pentium G4620 @ 3.70GHz,G4620,,,2,,,4,,,,3.7,,51,,,,FCLGA1151,,,,,,,,
Intel,Intel Pentium G620 @ 2.60GHz,G620,,,2,,,2,,,,2.6,,65,,,,LGA1155,,,,,,,,
Intel,Intel Pentium G620T @ 2.20GHz,G620T,,,2,,,2,,,,2.2,,35,,,,LGA1155,,,,,,,,
Intel,Intel Pentium G630 @ 2.70GHz,G630,,,2,,,2,,,,2.7,,65,,,,LGA1155,,,,,,,,
Intel,Intel Pentium G630T @ 2.30GHz,G630T,,,2,,,2,,,,2.3,,35,,,,LGA1155,,,,,,,,
Intel,Intel Pentium G640 @ 2.80GHz,G640,,,2,,,2,,,,2.8,,65,,,,LGA1155,,,,,,,,
Intel,Intel Pentium G640T @ 2.40GHz,G640T,,,2,,,2,,,,2.4,,35,,,,LGA1155,,,,,,,,
Intel,Intel Pentium G645 @ 2.90GHz,G645,,,2,,,2,,,,2.9,,65,,,,LGA1155,,,,,,,,
Intel,Intel Pentium G645T @ 2.50GHz,G645T,,,2,,,2,,,,2.5,,35,,,,LGA1155,,,,,,,,
Intel,Intel Pentium G6950 @ 2.80GHz,G6950,,,2,,,2,,,,2.8,,73,,,,LGA1156,,,,,,,,
Intel,Intel Pentium G6951 @ 2.80GHz,G6951,,,2,,,2,,,,2.8,,73,,,,LGA1156,,,,,,,,
Intel,Intel Pentium G6952 @ 2.80GHz,G6952,,,2,,,4,,,,2.8,,,,,,LGA1156,,,,,,,,
Intel,Intel Pentium G6960 @ 2.93GHz,G6960,,,2,,,2,,,,2.9,,73,,,,LGA1156,,,,,,,,
Intel,Intel Pentium G840 @ 2.80GHz,G840,,,2,,,2,,,,2.8,,65,,,,FCLGA1155,,,,,,,,
Intel,Intel Pentium G850 @ 2.90GHz,G850,,,2,,,2,,,,2.9,,65,,,,FCLGA1155,,,,,,,,
Intel,Intel Pentium G860 @ 3.00GHz,G860,,,2,,,2,,,,3.0,,65,,,,FCLGA1155,,,,,,,,
Intel,Intel Pentium G870 @ 3.10GHz,G870,,,2,,,2,,,,3.1,,65,,,,FCLGA1155,,,,,,,,
Intel,Intel Pentium GOLD 6500Y @ 1.10GHz,GOLD 6500Y,,,2,,,4,3.4,,,1.1,,5,,,,,,,,,,,,
Intel,Intel Pentium Gold 7505 @ 2.00GHz,7505,,,2,,,4,3.5,,,2.0,,15,,,,FCBGA1449,,,,,,,,
Intel,Intel Pentium Gold 8500,8500,,,,,,,,,,,,9,,,,FCBGA1781,,,,,,,,
Intel,Intel Pentium Gold 8505,8505,,,,,,,,,,,,15,,,,BGA1700,,,,,,,,
Intel,Intel Pentium Gold G5400 @ 3.70GHz,G5400,,,2,,,4,,,,3.7,,54,,,,FCLGA1151-2,,,,,,,,
Intel,Intel Pentium Gold G5400T @ 3.10GHz,G5400T,,,2,,,4,,,,3.1,,35,,,,FCLGA1151-2,,,,,,,,
Intel,Intel Pentium Gold G5420 @ 3.80GHz,G5420,,,2,,,4,,,,3.8,,54,,,,FCLGA1151-2,,,,,,,,
Intel,Intel Pentium Gold G5420T @ 3.20GHz,G5420T,,,2,,,4,,,,3.2,,35,,,,FCLGA1151-2,,,,,,,,
Intel,Intel Pentium Gold G5500 @ 3.80GHz,G5500,,,2,,,4,,,,3.8,,54,,,,FCLGA1151-2,,,,,,,,
Intel,Intel Pentium Gold G5500T @ 3.20GHz,G5500T,,,2,,,4,,,,3.2,,35,,,,FCLGA1151-2,,,,,,,,
Intel,Intel Pentium Gold G5600 @ 3.90GHz,G5600,,,2,,,4,,,,3.9,,54,,,,FCLGA1151-2,,,,,,,,
Intel,Intel Pentium Gold G5600F @ 3.90GHz,G5600F,,,2,,,4,,,,3.9,,54,,,,FCLGA1151-2,,,,,,,,
Intel,Intel Pentium Gold G5600T @ 3.30GHz,G5600T,,,2,,,4,,,,3.3,,35,,,,FCLGA1151,,,,,,,,
Intel,Intel Pentium Gold G5620 @ 4.00GHz,G5620,,,2,,,4,,,,4.0,,54,,,,FCLGA1151-2,,,,,,,,
Intel,Intel Pentium Gold G6400 @ 4.00GHz,G6400,,,2,,,4,,,,4.0,,58,,,,FCLGA1200,,,,,,,,
Intel,Intel Pentium Gold G6400E @ 3.80GHz,G6400E,,,2,,,4,,,,3.8,,58,,,,FCLGA1200,,,,,,,,
Intel,Intel Pentium Gold G6400T @ 3.40GHz,G6400T,,,2,,,4,,,,3.4,,35,,,,FCLGA1200,,,,,,,,
Intel,Intel Pentium Gold G6405 @ 4.10GHz,G6405,,,2,,,4,,,,4.1,,58,,,,FCLGA1200,,,,,,,,
Intel,Intel Pentium Gold G6405T @ 3.50GHz,G6405T,,,2,,,4,,,,3.5,,35,,,,FCLGA1200,,,,,,,,
Intel,Intel Pentium Gold G6500 @ 4.10GHz,G6500,,,2,,,4,,,,4.1,,58,,,,FCLGA1200,,,,,,,,
Intel,Intel Pentium Gold G6500T @ 3.50GHz,G6500T,,,2,,,4,,,,3.5,,35,,,,FCLGA1200,,,,,,,,
Intel,Intel Pentium Gold G6505 @ 4.20GHz,G6505,,,2,,,4,,,,4.2,,58,,,,FCLGA1200,,,,,,,,
Intel,Intel Pentium Gold G6505T @ 3.60GHz,G6505T,,,2,,,4,,,,3.6,,35,,,,FCLGA1200,,,,,,,,
Intel,Intel Pentium Gold G6600 @ 4.20GHz,G6600,,,2,,,4,,,,4.2,,58,,,,FCLGA1200,,,,,,,,
Intel,Intel Pentium Gold G6605 @ 4.30GHz,G6605,,,2,,,4,,,,4.3,,58,,,,FCLGA1200,,,,,,,,
Intel,Intel Pentium Gold G7400,G7400,,,2,,,4,,,,3.7,,46,,,,LGA1700.BGA1700,,,,,,,,
Intel,Intel Pentium Gold G7400E,G7400E,,,2,,,4,,,,3.6,,46,,,,FCLGA1700,,,,,,,,180.45
Intel,Intel Pentium Gold G7400T,G7400T,,,2,,,4,,,,3.1,,35,,,,,,,,,,,,
Intel,Intel Pentium Gold G7400TE,G7400TE,,,2,,,4,,,,3.0,,35,,,,FCLGA1700,,,,,,,,
Intel,Intel Pentium III 1133 @ 1133MHz,III 1133,,,1,,,1,,,,1.1,,29.1,,,,Socket 370,,,,,,,,
Intel,Intel Pentium III 1200 @ 1200MHz,III 1200,,,1,,,1,,,,1.2,,29.9,,,,Socket 370,,,,,,,,
Intel,Intel Pentium III 1266S @ 1266MHz,III 1266S,,,1,,,1,,,,1.3,,30.4,,,,Socket 370,,,,,,,,
Intel,Intel Pentium III 1400 @ 1400MHz,III 1400,,,1,,,1,,,,1.4,,31.2,,,,Socket 370,,,,,,,,
Intel,Intel Pentium III 1400S @ 1400MHz,III 1400S,,,1,,,1,,,,1.4,,32.2,,,,Socket 370,,,,,,,,
Intel,Intel Pentium III 933S @ 933MHz,III 933S,,,1,,,1,,,,0.9,,27.3,,,,Socket 370,,,,,,,,
Intel,Intel Pentium III Mobile 1000MHz,III Mobile 1000MHz,,,1,,,1,,,,1.0,,,,,,,,,,,,,,
Intel,Intel Pentium III Mobile 1066MHz,III Mobile 1066MHz,,,1,,,1,,,,1.1,,,,,,,,,,,,,,
Intel,Intel Pentium III Mobile 1133MHz,III Mobile 1133MHz,,,1,,,1,,,,1.1,,,,,,,,,,,,,,
Intel,Intel Pentium III Mobile 1200MHz,III Mobile 1200MHz,,,1,,,1,,,,1.2,,,,,,,,,,,,,,
Intel,Intel Pentium III Mobile 750MHz,III Mobile 750MHz,,,1,,,1,,,,0.8,,,,,,,,,,,,,,
Intel,Intel Pentium III Mobile 800MHz,III Mobile 800MHz,,,1,,,1,,,,0.8,,,,,,,,,,,,,,
Intel,Intel Pentium III Mobile 866MHz,III Mobile 866MHz,,,1,,,1,,,,0.9,,,,,,,,,,,,,,
Intel,Intel Pentium III Mobile 933MHz,III Mobile 933MHz,,,1,,,1,,,,0.9,,,,,,,,,,,,,,
Intel,Intel Pentium J2850 @ 2.41GHz,J2850,,,4,,,4,,,,2.4,,10,,,,FCBGA1170,,,,,,,,
Intel,Intel Pentium J2900 @ 2.41GHz,J2900,,,4,,,4,2.7,,,2.4,,10,,,,FCBGA1170,,,,,,,,
Intel,Intel Pentium J3710 @ 1.60GHz,J3710,,,4,,,4,2.6,,,1.6,,6.5,,,,FCBGA1170,,,,,,,,
Intel,Intel Pentium J4205 @ 1.50GHz,J4205,,,4,,,4,2.6,,,1.5,,10,,,,FCBGA1296,,,,,,,,
Intel,Intel Pentium J6426 @ 2.00GHz,J6426,,,4,,,4,3.0,,,2.0,,10,,,,FCBGA1493,,,,,,,,
Intel,Intel Pentium M 1.10GHz,M 1.10GHz,,,1,,,1,,,,1.1,,,,,,,,,,,,,,
Intel,Intel Pentium M 1.20GHz,M 1.20GHz,,,1,,,1,,,,1.2,,,,,,,,,,,,,,
Intel,Intel Pentium M 1.30GHz,M 1.30GHz,,,1,,,1,,,,1.3,,22,,,,H-PBGA479. PPG,,,,,,,,
Intel,Intel Pentium M 1.40GHz,M 1.40GHz,,,1,,,1,,,,1.4,,22,,,,H-PBGA479. PPG,,,,,,,,
Intel,Intel Pentium M 1.50GHz,M 1.50GHz,,,1,,,1,,,,1.5,,24.5,,,,H-PBGA479. PPG,,,,,,,,
Intel,Intel Pentium M 1.60GHz,M 1.60GHz,,,1,,,1,,,,1.6,,24.5,,,,H-PBGA479. PPG,,,,,,,,
Intel,Intel Pentium M 1.70GHz,M 1.70GHz,,,1,,,1,,,,1.7,,24.5,,,,H-PBGA479. PPG,,,,,,,,
Intel,Intel Pentium M 1.73GHz,M 1.73GHz,,,1,,,1,,,,1.7,,27,,,,H-PBGA479. PPGA4,,,,,,,,
Intel,Intel Pentium M 1.80GHz,M 1.80GHz,,,1,,,1,,,,1.8,,21,,,,H-PBGA479. PPGA4,,,,,,,,
Intel,Intel Pentium M 1.86GHz,M 1.86GHz,,,1,,,1,,,,1.9,,27,,,,H-PBGA479. PPGA4,,,,,,,,
Intel,Intel Pentium M 1000MHz,M 1000MHz,,,1,,,1,,,,1.0,,7,,,,,,,,,,,,
Intel,Intel Pentium M 1100MHz,M 1100MHz,,,1,,,1,,,,1.1,,12,,,,H-PBGA479,,,,,,,,
Intel,Intel Pentium M 1200MHz,M 1200MHz,,,1,,,1,,,,1.2,,12,,,,,,,,,,,,
Intel,Intel Pentium M 1300MHz,M 1300MHz,,,1,,,1,,,,1.3,,22,,,,H-PBGA479. PPGA4,,,,,,,,
Intel,Intel Pentium M 1400MHz,M 1400MHz,,,1,,,1,,,,1.4,,22,,,,H-PBGA479. PPGA4,,,,,,,,
Intel,Intel Pentium M 1500MHz,M 1500MHz,,,1,,,1,,,,1.5,,24.5,,,,H-PBGA479. PPGA4,,,,,,,,
Intel,Intel Pentium M 1600MHz,M 1600MHz,,,1,,,1,,,,1.6,,24.5,,,,H-PBGA479. PPGA4,,,,,,,,
Intel,Intel Pentium M 1700MHz,M 1700MHz,,,1,,,1,,,,1.7,,24.5,,,,H-PBGA479. PPGA4,,,,,,,,
Intel,Intel Pentium M 2.00GHz,M 2.00GHz,,,1,,,1,,,,2.0,,21,,,,H-PBGA479. PPGA4,,,,,,,,
Intel,Intel Pentium M 2.10GHz,M 2.10GHz,,,1,,,1,,,,2.1,,21,,,,H-PBGA479. PPGA4,,,,,,,,
Intel,Intel Pentium M 2.13GHz,M 2.13GHz,,,1,,,1,,,,2.1,,27,,,,H-PBGA479. PPGA4,,,,,,,,
Intel,Intel Pentium M 2.26GHz,M 2.26GHz,,,1,,,1,,,,2.3,,27,,,,H-PBGA479. PPGA4,,,,,,,,
Intel,Intel Pentium M 756 @ 1.66GHz,M 756,,,1,,,1,,,,1.7,,,,,,,,,,,,,,
Intel,Intel Pentium M 900MHz,M 900MHz,,,1,,,1,,,,0.9,,7,,,,,,,,,,,,
Intel,Intel Pentium N3510 @ 1.99GHz,N3510,,,4,,,4,,,,2.0,,7.5,,,,FCBGA1170,,,,,,,,
Intel,Intel Pentium N3520 @ 2.16GHz,N3520,,,4,,,4,2.4,,,2.2,,7.5,,,,FCBGA1170,,,,,,,,
Intel,Intel Pentium N3530 @ 2.16GHz,N3530,,,4,,,4,2.6,,,2.2,,7.5,,,,FCBGA1170,,,,,,,,
Intel,Intel Pentium N3540 @ 2.16GHz,N3540,,,4,,,4,2.7,,,2.2,,7.5,,,,FCBGA1170,,,,,,,,
Intel,Intel Pentium N3700 @ 1.60GHz,N3700,,,4,,,4,2.4,,,1.6,,6,,,,FCBGA1170,,,,,,,,
Intel,Intel Pentium N3710 @ 1.60GHz,N3710,,,4,,,4,2.6,,,1.6,,6,,,,FCBGA1170,,,,,,,,
Intel,Intel Pentium N4200 @ 1.10GHz,N4200,,,4,,,4,2.5,,,1.1,,6,,,,FCBGA1296,,,,,,,,
Intel,Intel Pentium N6415 @ 1.20GHz,N6415,,,4,,,4,3.0,,,1.2,,6.5,,,,FCBGA1493,,,,,,,,
Intel,Intel Pentium P6000 @ 1.87GHz,P6000,,,2,,,2,,,,1.9,,35,,,,PGA988,,,,,,,,
Intel,Intel Pentium P6100 @ 2.00GHz,P6100,,,2,,,2,,,,2.0,,35,,,,PGA988,,,,,,,,
Intel,Intel Pentium P6200 @ 2.13GHz,P6200,,,2,,,2,,,,2.1,,35,,,,PGA988,,,,,,,,
Intel,Intel Pentium P6300 @ 2.27GHz,P6300,,,2,,,2,,,,2.3,,35,,,,PGA988,,,,,,,,
Intel,Intel Pentium Silver A1030 @ 2.00GHz,Silver A1030,,,2,,,2,2.7,,,2.0,,15,,,,FCBGA1090,,,,,,,,
Intel,Intel Pentium Silver J5005 @ 1.50GHz,Silver J5005,,,4,,,4,2.8,,,1.5,,10,,,,FCBGA1090,,,,,,,,
Intel,Intel Pentium Silver J5040 @ 2.00GHz,Silver J5040,,,4,,,4,3.2,,,2.0,,10,,,,FCBGA1090,,,,,,,,
Intel,Intel Pentium Silver N5000 @ 1.10GHz,Silver N5000,,,4,,,4,2.7,,,1.1,,6,,,,FCBGA1090,,,,,,,,
Intel,Intel Pentium Silver N5020 @ 1.10GHz,Silver N5020,,,4,,,4,,,,1.1,,6,,,,FCBGA1090,,,,,,,,
Intel,Intel Pentium Silver N5030 @ 1.10GHz,Silver N5030,,,4,,,4,3.1,,,1.1,,6,,,,FCBGA1090,,,,,,,,
Intel,Intel Pentium Silver N6000 @ 1.10GHz,Silver N6000,,,4,,,4,3.0,,,1.1,,6,,,,FCBGA1338,,,,,,,,
Intel,Intel Pentium Silver N6005 @ 2.00GHz,Silver N6005,,,4,,,4,3.3,,,2.0,,10,,,,FCBGA1338,,,,,,,,
Intel,Intel Pentium SU2700 @ 1.30GHz,SU2700,,,1,,,1,,,,1.3,,10,,,,,,,,,,,,
Intel,Intel Pentium SU4100 @ 1.30GHz,SU4100,,,2,,,2,,,,1.3,,10,,,,BGA956,,,,,,,,
Intel,Intel Pentium T1080 @ 1.73GHz,T1080,,,2,,,2,,,,1.7,,,,,,,,,,,,,,
Intel,Intel Pentium T2060 @ 1.60GHz,T2060,,,2,,,2,,,,1.6,,31,,,,PGA478,,,,,,,,
Intel,Intel Pentium T2080 @ 1.73GHz,T2080,,,2,,,2,,,,1.7,,31,,,,PGA478,,,,,,,,
Intel,Intel Pentium T2130 @ 1.86GHz,T2130,,,2,,,2,,,,1.9,,31,,,,PGA478,,,,,,,,
Intel,Intel Pentium T2310 @ 1.46GHz,T2310,,,2,,,2,,,,1.5,,35,,,,PPGA478,,,,,,,,
Intel,Intel Pentium T2330 @ 1.60GHz,T2330,,,2,,,2,,,,1.6,,35,,,,PPGA478,,,,,,,,
Intel,Intel Pentium T2370 @ 1.73GHz,T2370,,,2,,,2,,,,1.7,,35,,,,PPGA478,,,,,,,,
Intel,Intel Pentium T2390 @ 1.86GHz,T2390,,,2,,,2,,,,1.9,,35,,,,PPGA478,,,,,,,,
Intel,Intel Pentium T2410 @ 2.00GHz,T2410,,,2,,,2,,,,2.0,,,,,,,,,,,,,,
Intel,Intel Pentium T3200 @ 2.00GHz,T3200,,,2,,,2,,,,2.0,,35,,,,PPGA478,,,,,,,,
Intel,Intel Pentium T3400 @ 2.16GHz,T3400,,,2,,,2,,,,2.2,,35,,,,PPGA478,,,,,,,,
Intel,Intel Pentium T4200 @ 2.00GHz,T4200,,,2,,,2,,,,2.0,,35,,,,PGA478,,,,,,,,
Intel,Intel Pentium T4300 @ 2.10GHz,T4300,,,2,,,2,,,,2.1,,35,,,,PGA478,,,,,,,,
Intel,Intel Pentium T4400 @ 2.20GHz,T4400,,,2,,,2,,,,2.2,,35,,,,PGA478,,,,,,,,
Intel,Intel Pentium T4500 @ 2.30GHz,T4500,,,2,,,2,,,,2.3,,35,,,,PGA478,,,,,,,,
Intel,Intel Pentium U5400 @ 1.20GHz,U5400,,,2,,,2,,,,1.2,,18,,,,BGA1288,,,,,,,,
Intel,Intel Pentium U5600 @ 1.33GHz,U5600,,,2,,,2,,,,1.3,,18,,,,BGA1288,,,,,,,,
Intel,Intel T1200 @ 1.50GHz,T1200,,,1,,,1,,,,1.5,,,,,,,,,,,,,,
Intel,Intel T1400 @ 1.73GHz,T1400,,,2,,,2,,,,1.7,,,,,,,,,,,,,,
Intel,Intel T1500 @ 1.86GHz,T1500,,,2,,,2,,,,1.9,,,,,,,,,,,,,,
Intel,Intel T2050 @ 2.00GHz,T2050,,,2,,,2,,,,2.0,,31,,,,PPGA478,,,,,,,,
Intel,Intel U300,U300,,,,,,,,,,,,15,,,,FCBGA1744,,,,,,,,
Intel,Intel U300E,U300E,,,,,,,,,,,,15,,,,FCBGA1744,,,,,,,,
Intel,Intel U300L,U300L,,,,,,,,,,,,15,,,,FCLGA1700,,,,,,,,
Intel,Intel U4100 @ 1.30GHz,U4100,,,2,,,2,,,,1.3,,,,,,,,,,,,,,
Intel,Intel Ultra 5 115U,Ultra 5 115U,,,,,,,,,,,,15,,,,FCBGA2049,,,,,,,,
Intel,Intel Xeon 1500MHz,1500MHz,,,1,,,1,,,,1.5,,,,,,,,,,,,,,
Intel,Intel Xeon 2.00GHz,2.00GHz,,,1,,,2,,,,2.0,,,,,,,,,,,,,,
Intel,Intel XEON 2.20GHz,XEON 2.20GHz,,,1,,,1,,,,2.2,,,,,,,,,,,,,,
Intel,Intel Xeon 2.40GHz,2.40GHz,,,1,,,2,,,,2.4,,,,,,,,,,,,,,
Intel,Intel Xeon 2.66GHz,2.66GHz,,,1,,,2,,,,2.7,,,,,,,,,,,,,,
Intel,Intel Xeon 2.80GHz,2.80GHz,,,1,,,2,,,,2.8,,103,,,,PPGA604,,,,,,,,
Intel,Intel Xeon 3.00GHz,3.00GHz,,,1,,,2,,,,3.0,,103,,,,PPGA604,,,,,,,,
Intel,Intel Xeon 3.06GHz,3.06GHz,,,1,,,2,,,,3.1,,,,,,,,,,,,,,
Intel,Intel Xeon 3.20GHz,3.20GHz,,,1,,,2,,,,3.2,,103,,,,PPGA604,,,,,,,,
Intel,Intel Xeon 3.40GHz,3.40GHz,,,1,,,2,,,,3.4,,103,,,,PPGA604,,,,,,,,
Intel,Intel Xeon 3.60GHz,3.60GHz,,,1,,,2,,,,3.6,,110,,,,PPGA604,,,,,,,,
Intel,Intel Xeon 3.73GHz,3.73GHz,,,2,,,4,,,,3.7,,,,,,,,,,,,,,
Intel,Intel Xeon 3.80GHz,3.80GHz,,,1,,,2,,,,3.8,,110,,,,PPGA604,,,,,,,,
Intel,Intel Xeon 3040 @ 1.86GHz,3040,,,2,,,2,,,,1.9,,65,,,,LGA775,,,,,,,,
Intel,Intel Xeon 3050 @ 2.13GHz,3050,,,2,,,2,,,,2.1,,65,,,,LGA775,,,,,,,,
Intel,Intel Xeon 3060 @ 2.40GHz,3060,,,2,,,2,,,,2.4,,65,,,,LGA775,,,,,,,,
Intel,Intel Xeon 3065 @ 2.33GHz,3065,,,2,,,2,,,,2.3,,65,,,,LGA775,,,,,,,,
Intel,Intel Xeon 3070 @ 2.66GHz,3070,,,2,,,2,,,,2.7,,65,,,,LGA775,,,,,,,,
Intel,Intel Xeon 3075 @ 2.66GHz,3075,,,2,,,2,,,,2.7,,,,,,,,,,,,,,
Intel,Intel Xeon 3085 @ 3.00GHz,3085,,,2,,,2,,,,3.0,,65,,,,LGA775,,,,,,,,
Intel,Intel Xeon 5110 @ 1.60GHz,5110,,,2,,,2,,,,1.6,,65,,,,LGA771,,,,,,,,
Intel,Intel Xeon 5120 @ 1.86GHz,5120,,,2,,,2,,,,1.9,,65,,,,LGA771,,,,,,,,
Intel,Intel Xeon 5130 @ 2.00GHz,5130,,,2,,,2,,,,2.0,,65,,,,LGA771,,,,,,,,
Intel,Intel Xeon 5133 @ 2.20GHz,5133,,,2,,,2,,,,2.2,,40,,,,LGA771,,,,,,,,
Intel,Intel Xeon 5140 @ 2.33GHz,5140,,,2,,,2,,,,2.3,,65,,,,LGA771,,,,,,,,
Intel,Intel Xeon 5148 @ 2.33GHz,5148,,,2,,,2,,,,2.3,,40,,,,LGA771,,,,,,,,
Intel,Intel Xeon 5160 @ 3.00GHz,5160,,,2,,,2,,,,3.0,,80,,,,LGA771,,,,,,,,
Intel,Intel Xeon 6315P,6315P,,,4,,,4,5.2,,,2.8,,55,,,,FCLGA1700,,,,,,,,
Intel,Intel Xeon 6325P,6325P,,,4,,,8,5.2,,,3.5,,55,,,,FCLGA1700,,,,,,,,
Intel,Intel Xeon 6333P,6333P,,,6,,,12,5.2,,,3.1,,65,,,,FCLGA1700,,,,,,,,
Intel,Intel Xeon 6337P,6337P,,,6,,,12,5.3,,,3.5,,80,,,,FCLGA1700,,,,,,,,
Intel,Intel Xeon 6349P,6349P,,,6,,,12,5.7,,,3.6,,95,,,,FCLGA1700,,,,,,,,
Intel,Intel Xeon 6353P,6353P,,,8,,,16,5.4,,,2.7,,65,,,,FCLGA1700,,,,,,,,
Intel,Intel Xeon 6357P,6357P,,,8,,,16,5.4,,,3.0,,80,,,,FCLGA1700,,,,,,,,
Intel,Intel Xeon 6369P,6369P,,,8,,,16,5.7,,,3.3,,95,,,,FCLGA1700,,,,,,,,
Intel,Intel Xeon 6505P,6505P,,,12,,,24,4.1,,,2.2,,150,,,,FCLGA4710,,,,,,,,
Intel,Intel Xeon 6507P,6507P,,,8,,,16,4.3,,,3.5,,150,,,,FCLGA4710,,,,,,,,
Intel,Intel Xeon 6511P,6511P,,,16,,,32,4.2,,,2.3,,150,,,,FCLGA4710,,,,,,,,
Intel,Intel Xeon 6515P,6515P,,,16,,,32,3.8,,,2.3,,150,,,,FCLGA4710,,,,,,,,
Intel,Intel Xeon 6517P,6517P,,,16,,,32,4.2,,,3.2,,190,,,,FCLGA4710,,,,,,,,
Intel,Intel Xeon 6520P,6520P,,,24,,,48,4.0,,,2.4,,210,,,,FCLGA4710,,,,,,,,
Intel,Intel Xeon 6521P,6521P,,,24,,,48,4.1,,,2.6,,225,,,,FCLGA4710,,,,,,,,
Intel,Intel Xeon 654,654,,,18,,,36,4.8,,,3.1,,200,,,,FCLGA4710,,,,,,,,
Intel,Intel Xeon 658X,658X,,,24,,,48,4.9,,,3.0,,250,,,,FCLGA4710,,,,,,,,
Intel,Intel Xeon 6710E,6710E,,,64,,,64,3.2,,,2.4,,205,,,,FCLGA4710,,,,,,,,
Intel,Intel Xeon 6724P,6724P,,,16,,,32,4.3,,,3.6,,210,,,,FCLGA4710,,,,,,,,
Intel,Intel Xeon 6730P,6730P,,,32,,,64,3.8,,,2.5,,250,,,,FCLGA4710,,,,,,,,
Intel,Intel Xeon 6732P,6732P,,,32,,,64,4.3,,,3.8,,350,,,,FCLGA4710,,,,,,,,
Intel,Intel Xeon 6736P,6736P,,,36,,,72,4.1,,,3.4,,205,,,,FCLGA4710,,,,,,,,
Intel,Intel Xeon 6737P,6737P,,,32,,,64,4.0,,,2.9,,270,,,,FCLGA4710,,,,,,,,
Intel,Intel Xeon 6740E,6740E,,,96,,,96,3.2,,,2.4,,250,,,,FCLGA4710,,,,,,,,
Intel,Intel Xeon 6740P,6740P,,,48,,,96,3.8,,,2.1,,270,,,,FCLGA4710,,,,,,,,
Intel,Intel Xeon 6741P,6741P,,,48,,,96,3.8,,,2.5,,300,,,,FCLGA4710,,,,,,,,
Intel,Intel Xeon 6745P,6745P,,,32,,,64,4.3,,,3.1,,300,,,,FCLGA4710,,,,,,,,
Intel,Intel Xeon 6747P,6747P,,,48,,,96,3.9,,,2.7,,330,,,,FCLGA4710,,,,,,,,
Intel,Intel Xeon 674X,674X,,,28,,,56,4.9,,,3.0,,270,,,,FCLGA4710,,,,,,,,
Intel,Intel Xeon 676X,676X,,,32,,,64,4.9,,,2.8,,275,,,,FCLGA4710,,,,,,,,
Intel,Intel Xeon 6780E,6780E,,,144,,,144,3.0,,,2.2,,330,,,,FCLGA4710,,,,,,,,
Intel,Intel Xeon 6781P,6781P,,,80,,,160,3.8,,,2.0,,350,,,,FCLGA4710,,,,,,,,
Intel,Intel Xeon 678X,678X,,,48,,,96,4.9,,,2.4,,300,,,,FCLGA4710,,,,,,,,
Intel,Intel Xeon 6960P,6960P,,,72,,,144,3.9,,,2.7,,500,,,,FCLGA7529,,,,,,,,
Intel,Intel Xeon 696X,696X,,,64,,,128,4.6,,,2.2,,350,,,,FCLGA4710,,,,,,,,
Intel,Intel Xeon 6973P-C,6973P-C,,,1,,,2,,,,,,,,,,FCLGA7529,,,,,,,,
Intel,Intel Xeon 6975P-C,6975P-C,,,8,,,16,3.9,,,2.7,,,,,,,,,,,,,,
Intel,Intel Xeon Bronze 3104 @ 1.70GHz,Bronze 3104,,,6,,,6,,,,1.7,,85,,,,FCLGA3647,,,,,,,,
Intel,Intel Xeon Bronze 3106 @ 1.70GHz,Bronze 3106,,,8,,,8,,,,1.7,,85,,,,FCLGA3647,,,,,,,,
Intel,Intel Xeon Bronze 3204 @ 1.90GHz,Bronze 3204,,,6,,,6,,,,1.9,,85,,,,FCLGA3647,,,,,,,,
Intel,Intel Xeon Bronze 3206R @ 1.90GHz,Bronze 3206R,,,8,,,8,,,,1.9,,85,,,,FCLGA3647,,,,,,,,
Intel,Intel Xeon Bronze 3408U,Bronze 3408U,,,8,,,8,1.9,,,1.8,,125,,,,FCLGA4677,,,,,,,,
Intel,Intel Xeon Bronze 3508U,Bronze 3508U,,,8,,,8,2.2,,,2.1,,125,,,,FCLGA4677,,,,,,,,
Intel,Intel Xeon D-1513N @ 1.60GHz,D-1513N,,,4,,,8,2.2,,,1.6,,35,,,,FCBGA1667,,,,,,,,
Intel,Intel Xeon D-1518 @ 2.20GHz,D-1518,,,4,,,8,,,,2.2,,35,,,,FCBGA1667,,,,,,,,
Intel,Intel Xeon D-1520 @ 2.20GHz,D-1520,,,4,,,8,2.6,,,2.2,,45,,,,BGA 1667,,,,,,,,
Intel,Intel Xeon D-1521 @ 2.40GHz,D-1521,,,4,,,8,2.7,,,2.4,,45,,,,FCBGA1667,,,,,,,,
Intel,Intel Xeon D-1527 @ 2.20GHz,D-1527,,,4,,,8,2.7,,,2.2,,35,,,,FCBGA1667,,,,,,,,
Intel,Intel Xeon D-1528 @ 1.90GHz,D-1528,,,6,,,12,2.5,,,1.9,,35,,,,FCBGA1667,,,,,,,,
Intel,Intel Xeon D-1531 @ 2.20GHz,D-1531,,,6,,,12,2.7,,,2.2,,45,,,,FCBGA1667,,,,,,,,
Intel,Intel Xeon D-1537 @ 1.70GHz,D-1537,,,8,,,16,2.3,,,1.7,,35,,,,FCBGA1667,,,,,,,,
Intel,Intel Xeon D-1539 @ 1.60GHz,D-1539,,,8,,,16,2.2,,,1.6,,35,,,,FCBGA1667,,,,,,,,
Intel,Intel Xeon D-1540 @ 2.00GHz,D-1540,,,8,,,16,2.6,,,2.0,,45,,,,FCBGA1667,,,,,,,,
Intel,Intel Xeon D-1541 @ 2.10GHz,D-1541,,,8,,,16,2.7,,,2.1,,45,,,,FCBGA1667,,,,,,,,
Intel,Intel Xeon D-1548 @ 2.00GHz,D-1548,,,8,,,16,2.6,,,2.0,,45,,,,FCBGA1667,,,,,,,,
Intel,Intel Xeon D-1557 @ 1.50GHz,D-1557,,,12,,,24,2.1,,,1.5,,45,,,,FCBGA1667,,,,,,,,
Intel,Intel Xeon D-1559 @ 1.50GHz,D-1559,,,12,,,24,2.1,,,1.5,,45,,,,FCBGA1667,,,,,,,,
Intel,Intel Xeon D-1567 @ 2.10GHz,D-1567,,,12,,,24,2.7,,,2.1,,65,,,,FCBGA1667,,,,,,,,
Intel,Intel Xeon D-1577 @ 1.30GHz,D-1577,,,16,,,32,2.1,,,1.3,,45,,,,FCBGA1667,,,,,,,,
Intel,Intel Xeon D-1581 @ 1.80GHz,D-1581,,,16,,,32,2.4,,,1.8,,65,,,,FCBGA1667,,,,,,,,
Intel,Intel Xeon D-1587 @ 1.70GHz,D-1587,,,16,,,32,2.3,,,1.7,,65,,,,FCBGA1667,,,,,,,,
Intel,Intel Xeon D-1602 @ 2.50GHz,D-1602,,,2,,,4,3.2,,,2.5,,27,,,,FCBGA1667,,,,,,,,
Intel,Intel Xeon D-1622 @ 2.60GHz,D-1622,,,4,,,8,3.2,,,2.6,,40,,,,FCBGA1667,,,,,,,,
Intel,Intel Xeon D-1712TR @ 2.00GHz,D-1712TR,,,4,,,8,3.1,,,2.0,,40,,,,FCBGA2227,,,,,,,,
Intel,Intel Xeon D-1715TER @ 2.40GHz,D-1715TER,,,4,,,8,3.5,,,2.4,,50,,,,FCBGA2227,,,,,,,,
Intel,Intel Xeon D-1718T @ 2.60GHz,D-1718T,,,4,,,8,3.5,,,2.6,,46,,,,FCBGA2227,,,,,,,,
Intel,Intel Xeon D-1726 @ 2.90GHz,D-1726,,,6,,,12,3.5,,,2.9,,70,,,,FCBGA2227,,,,,,,,
Intel,Intel Xeon D-1732TE @ 1.90GHz,D-1732TE,,,8,,,16,3.0,,,1.9,,52,,,,FCBGA2227,,,,,,,,
Intel,Intel Xeon D-1733NT @ 2.00GHz,D-1733NT,,,8,,,16,3.1,,,2.0,,53,,,,FCBGA2227,,,,,,,,
Intel,Intel Xeon D-1736NT @ 2.70GHz,D-1736NT,,,8,,,16,3.5,,,2.7,,67,,,,FCBGA2227,,,,,,,,
Intel,Intel Xeon D-1746TER @ 2.00GHz,D-1746TER,,,10,,,20,3.1,,,2.0,,67,,,,FCBGA2227,,,,,,,,
Intel,Intel Xeon D-1747NTE @ 2.50GHz,D-1747NTE,,,10,,,20,3.5,,,2.5,,80,,,,FCBGA2227,,,,,,,,
Intel,Intel Xeon D-1813NT @ 2.20GHz,D-1813NT,,,4,,,8,2.4,,,2.2,,42,,,,FCBGA2227,,,,,,,,
Intel,Intel Xeon D-1823NT @ 2.80GHz,D-1823NT,,,6,,,12,3.5,,,2.8,,55,,,,FCBGA2227,,,,,,,,
Intel,Intel Xeon D-1848TER @ 2.00GHz,D-1848TER,,,10,,,20,3.1,,,2.0,,57,,,,FCBGA2227,,,,,,,,
Intel,Intel Xeon D-2123IT @ 2.20GHz,D-2123IT,,,4,,,8,3.0,,,2.2,,60,,,,FCBGA2518,,,,,,,,
Intel,Intel Xeon D-2141I @ 2.20GHz,D-2141I,,,8,,,16,3.0,,,2.2,,65,,,,FCBGA2518,,,,,,,,
Intel,Intel Xeon D-2143IT @ 2.20GHz,D-2143IT,,,8,,,16,3.0,,,2.2,,65,,,,FCBGA2518,,,,,,,,
Intel,Intel Xeon D-2146NT @ 2.30GHz,D-2146NT,,,8,,,16,3.0,,,2.3,,80,,,,FCBGA2518,,,,,,,,
Intel,Intel Xeon D-2166NT @ 2.00GHz,D-2166NT,,,12,,,24,3.0,,,2.0,,85,,,,FCBGA2518,,,,,,,,
Intel,Intel Xeon D-2183IT @ 2.20GHz,D-2183IT,,,16,,,32,3.0,,,2.2,,100,,,,FCBGA2518,,,,,,,,
Intel,Intel Xeon D-2187NT @ 2.00GHz,D-2187NT,,,16,,,32,3.0,,,2.0,,110,,,,FCBGA2518,,,,,,,,
Intel,Intel Xeon D-2712T @ 1.90GHz,D-2712T,,,4,,,8,3.0,,,1.9,,65,,,,FCBGA2579,,,,,,,,
Intel,Intel Xeon D-2733NT @ 2.10GHz,D-2733NT,,,8,,,16,3.2,,,2.1,,80,,,,FCBGA2579,,,,,,,,
Intel,Intel Xeon D-2752TER @ 1.80GHz,D-2752TER,,,12,,,24,2.8,,,1.8,,77,,,,FCBGA2579,,,,,,,,
Intel,Intel Xeon D-2753NT @ 2.00GHz,D-2753NT,,,12,,,24,3.1,,,2.0,,87,,,,FCBGA2579,,,,,,,,
Intel,Intel Xeon D-2766NT @ 2.00GHz,D-2766NT,,,14,,,28,3.1,,,2.0,,97,,,,FCBGA2579,,,,,,,,
Intel,Intel Xeon D-2775TE @ 2.00GHz,D-2775TE,,,16,,,32,3.1,,,2.0,,100,,,,FCBGA2579,,,,,,,,
Intel,Intel Xeon D-2795NT @ 2.00GHz,D-2795NT,,,20,,,40,3.1,,,2.0,,110,,,,FCBGA2579,,,,,,,,
Intel,Intel Xeon D-2796TE @ 2.00GHz,D-2796TE,,,20,,,40,3.1,,,2.0,,118,,,,FCBGA2579,,,,,,,,
Intel,Intel Xeon D-2799 @ 2.40GHz,D-2799,,,20,,,40,3.4,,,2.4,,129,,,,FCBGA2579,,,,,,,,
Intel,Intel Xeon E E-2414,E E-2414,,,4,,,4,4.5,,,2.6,,55,,,,FCLGA1700,,,,,,,,
Intel,Intel Xeon E E-2434,E E-2434,,,4,,,8,5.0,,,3.4,,55,,,,FCLGA1700,,,,,,,,
Intel,Intel Xeon E E-2486,E E-2486,,,6,,,12,5.6,,,3.5,,95,,,,FCLGA1700,,,,,,,,
Intel,Intel Xeon E-2104G @ 3.20GHz,E-2104G,,,4,,,4,,,,3.2,,65,,,,FCLGA1151-2,,,,,,,,
Intel,Intel Xeon E-2124 @ 3.30GHz,E-2124,,,4,,,4,4.3,,,3.3,,71,,,,FCLGA1151-2,,,,,,,,
Intel,Intel Xeon E-2124G @ 3.40GHz,E-2124G,,,4,,,4,4.5,,,3.4,,71,,,,FCLGA1151-2,,,,,,,,
Intel,Intel Xeon E-2126G @ 3.30GHz,E-2126G,,,6,,,6,4.5,,,3.3,,80,,,,FCLGA1151-2,,,,,,,,
Intel,Intel Xeon E-2134 @ 3.50GHz,E-2134,,,4,,,8,4.5,,,3.5,,71,,,,FCLGA1151-2,,,,,,,,
Intel,Intel Xeon E-2136 @ 3.30GHz,E-2136,,,6,,,12,4.5,,,3.3,,80,,,,FCLGA1151-2,,,,,,,,
Intel,Intel Xeon E-2144G @ 3.60GHz,E-2144G,,,4,,,8,4.5,,,3.6,,71,,,,FCLGA1151-2,,,,,,,,
Intel,Intel Xeon E-2146G @ 3.50GHz,E-2146G,,,6,,,12,4.5,,,3.5,,80,,,,FCLGA1151-2,,,,,,,,
Intel,Intel Xeon E-2174G @ 3.80GHz,E-2174G,,,4,,,8,4.7,,,3.8,,71,,,,FCLGA1151-2,,,,,,,,
Intel,Intel Xeon E-2176G @ 3.70GHz,E-2176G,,,6,,,12,4.7,,,3.7,,80,,,,FCLGA1151-2,,,,,,,,
Intel,Intel Xeon E-2176M @ 2.70GHz,E-2176M,,,6,,,12,4.4,,,2.7,,45,,,,FCBGA1440,,,,,,,,
Intel,Intel Xeon E-2186G @ 3.80GHz,E-2186G,,,6,,,12,4.7,,,3.8,,95,,,,FCLGA1151-2,,,,,,,,
Intel,Intel Xeon E-2186M @ 2.90GHz,E-2186M,,,6,,,12,4.8,,,2.9,,45,,,,FCBGA1440,,,,,,,,
Intel,Intel Xeon E-2224 @ 3.40GHz,E-2224,,,4,,,4,4.6,,,3.4,,71,,,,FCLGA1151-2,,,,,,,,
Intel,Intel Xeon E-2224G @ 3.50GHz,E-2224G,,,4,,,4,4.7,,,3.5,,71,,,,FCLGA1151-2,,,,,,,,
Intel,Intel Xeon E-2226G @ 3.40GHz,E-2226G,,,6,,,6,4.7,,,3.4,,80,,,,FCLGA1151-2,,,,,,,,
Intel,Intel Xeon E-2226GE @ 3.40GHz,E-2226GE,,,6,,,6,4.6,,,3.4,,80,,,,FCLGA1151,,,,,,,,
Intel,Intel Xeon E-2234 @ 3.60GHz,E-2234,,,4,,,8,4.8,,,3.6,,71,,,,FCLGA1151-2,,,,,,,,
Intel,Intel Xeon E-2236 @ 3.40GHz,E-2236,,,6,,,12,4.8,,,3.4,,80,,,,FCLGA1151-2,,,,,,,,
Intel,Intel Xeon E-2244G @ 3.80GHz,E-2244G,,,4,,,8,4.8,,,3.8,,71,,,,FCLGA1151-2,,,,,,,,
Intel,Intel Xeon E-2246G @ 3.60GHz,E-2246G,,,6,,,12,4.8,,,3.6,,80,,,,FCLGA1151-2,,,,,,,,
Intel,Intel Xeon E-2254ML @ 1.70GHz,E-2254ML,,,4,,,8,3.5,,,1.7,,25,,,,FCBGA1440,,,,,,,,
Intel,Intel Xeon E-2274G @ 4.00GHz,E-2274G,,,4,,,8,4.9,,,4.0,,83,,,,FCLGA1151-2,,,,,,,,
Intel,Intel Xeon E-2276G @ 3.80GHz,E-2276G,,,6,,,12,4.9,,,3.8,,80,,,,FCLGA1151-2,,,,,,,,
Intel,Intel Xeon E-2276M @ 2.80GHz,E-2276M,,,6,,,12,4.7,,,2.8,,45,,,,FCBGA1440,,,,,,,,
Intel,Intel Xeon E-2276ME @ 2.80GHz,E-2276ME,,,6,,,12,4.5,,,2.8,,45,,,,FCBGA1440,,,,,,,,
Intel,Intel Xeon E-2276ML @ 2.00GHz,E-2276ML,,,6,,,12,4.2,,,0.2,,25,,,,FCBGA1440,,,,,,,,
Intel,Intel Xeon E-2278G @ 3.40GHz,E-2278G,,,8,,,16,5.0,,,3.4,,80,,,,FCLGA1151-2,,,,,,,,
Intel,Intel Xeon E-2278GE @ 3.30GHz,E-2278GE,,,8,,,16,4.7,,,3.3,,80,,,,FCLGA1151-2,,,,,,,,
Intel,Intel Xeon E-2278GEL @ 2.00GHz,E-2278GEL,,,8,,,16,3.9,,,2.0,,35,,,,FCLGA1151-2,,,,,,,,
Intel,Intel Xeon E-2286G @ 4.00GHz,E-2286G,,,6,,,12,4.9,,,4.0,,95,,,,FCLGA1151-2,,,,,,,,
Intel,Intel Xeon E-2286M @ 2.40GHz,E-2286M,,,8,,,16,5.0,,,2.4,,45,,,,FCBGA1440,,,,,,,,
Intel,Intel Xeon E-2288G @ 3.70GHz,E-2288G,,,8,,,16,5.0,,,3.7,,95,,,,FCLGA1151-2,,,,,,,,
Intel,Intel Xeon E-2314 @ 2.80GHz,E-2314,,,4,,,4,4.5,,,2.8,,65,,,,FCLGA1200,,,,,,,,
Intel,Intel Xeon E-2324G @ 3.10GHz,E-2324G,,,4,,,4,4.6,,,3.1,,65,,,,FCLGA1200,,,,,,,,
Intel,Intel Xeon E-2334 @ 3.40GHz,E-2334,,,4,,,8,4.8,,,3.4,,65,,,,FCLGA1200,,,,,,,,
Intel,Intel Xeon E-2336 @ 2.90GHz,E-2336,,,6,,,12,4.8,,,2.9,,65,,,,FCLGA1200,,,,,,,,
Intel,Intel Xeon E-2356G @ 3.20GHz,E-2356G,,,6,,,12,5.0,,,3.2,,80,,,,FCLGA1200,,,,,,,,
Intel,Intel Xeon E-2374G @ 3.70GHz,E-2374G,,,4,,,8,5.0,,,3.7,,80,,,,FCLGA1200,,,,,,,,
Intel,Intel Xeon E-2378 @ 2.60GHz,E-2378,,,8,,,16,4.8,,,2.6,,65,,,,FCLGA1200,,,,,,,,
Intel,Intel Xeon E-2378G @ 2.80GHz,E-2378G,,,8,,,16,5.1,,,2.8,,80,,,,FCLGA1200,,,,,,,,
Intel,Intel Xeon E-2386G @ 3.50GHz,E-2386G,,,6,,,12,5.1,,,3.5,,95,,,,FCLGA1200,,,,,,,,
Intel,Intel Xeon E-2388G @ 3.20GHz,E-2388G,,,8,,,16,5.1,,,3.2,,95,,,,FCLGA1200,,,,,,,,
Intel,Intel Xeon E-2436,E-2436,,,6,,,12,5.0,,,2.9,,65,,,,FCLGA1700,,,,,,,,
Intel,Intel Xeon E-2456,E-2456,,,6,,,12,5.1,,,3.3,,80,,,,FCLGA1700,,,,,,,,
Intel,Intel Xeon E-2468,E-2468,,,8,,,16,5.2,,,2.6,,65,,,,FCLGA1700,,,,,,,,
Intel,Intel Xeon E-2478,E-2478,,,8,,,16,5.2,,,2.8,,80,,,,FCLGA1700,,,,,,,,
Intel,Intel Xeon E-2488,E-2488,,,8,,,16,5.6,,,3.2,,95,,,,FCLGA1700,,,,,,,,
Intel,Intel Xeon E3-1205 v6 @ 3.00GHz,E3-1205 v6,,,4,,,4,,,,3.0,,65,,,,FCLGA1151,,,,,,,,
Intel,Intel Xeon E3-1220 @ 3.10GHz,E3-1220,,,4,,,4,3.4,,,3.1,,80,,,,LGA1155,,,,,,,,
Intel,Intel Xeon E3-1220 V2 @ 3.10GHz,E3-1220 V2,,,4,,,4,3.5,,,3.1,,69,,,,LGA1155,,,,,,,,
Intel,Intel Xeon E3-1220 v3 @ 3.10GHz,E3-1220 v3,,,4,,,4,3.4,,,3.1,,80,,,,LGA1150,,,,,,,,
Intel,Intel Xeon E3-1220 v5 @ 3.00GHz,E3-1220 v5,,,4,,,4,3.5,,,3.0,,80,,,,FCLGA1151,,,,,,,,
Intel,Intel Xeon E3-1220 v6 @ 3.00GHz,E3-1220 v6,,,4,,,4,3.5,,,3.0,,72,,,,FCLGA1151,,,,,,,,
Intel,Intel Xeon E3-1220L @ 2.20GHz,E3-1220L,,,2,,,4,3.4,,,2.2,,20,,,,LGA1155,,,,,,,,
Intel,Intel Xeon E3-1220L V2 @ 2.30GHz,E3-1220L V2,,,2,,,4,3.5,,,2.3,,17,,,,LGA1155,,,,,,,,
Intel,Intel Xeon E3-1220L v3 @ 1.10GHz,E3-1220L v3,,,2,,,4,1.5,,,1.1,,13,,,,LGA1150,,,,,,,,
Intel,Intel Xeon E3-1225 @ 3.10GHz,E3-1225,,,4,,,4,3.4,,,3.1,,95,,,,LGA1155,,,,,,,,
Intel,Intel Xeon E3-1225 V2 @ 3.20GHz,E3-1225 V2,,,4,,,4,3.6,,,3.2,,77,,,,LGA1155,,,,,,,,
Intel,Intel Xeon E3-1225 v3 @ 3.20GHz,E3-1225 v3,,,4,,,4,3.6,,,3.2,,84,,,,LGA1150,,,,,,,,
Intel,Intel Xeon E3-1225 v5 @ 3.30GHz,E3-1225 v5,,,4,,,4,3.7,,,3.3,,80,,,,FCLGA1151,,,,,,,,
Intel,Intel Xeon E3-1225 v6 @ 3.30GHz,E3-1225 v6,,,4,,,4,3.7,,,3.3,,73,,,,FCLGA1151,,,,,,,,
Intel,Intel Xeon E3-1226 v3 @ 3.30GHz,E3-1226 v3,,,4,,,4,3.7,,,3.3,,84,,,,FCLGA1150,,,,,,,,
Intel,Intel Xeon E3-1230 @ 3.20GHz,E3-1230,,,4,,,8,3.6,,,3.2,,80,,,,LGA1155,,,,,,,,
Intel,Intel Xeon E3-1230 V2 @ 3.30GHz,E3-1230 V2,,,4,,,8,3.7,,,3.3,,69,,,,LGA1155,,,,,,,,
Intel,Intel Xeon E3-1230 v3 @ 3.30GHz,E3-1230 v3,,,4,,,8,3.7,,,3.3,,80,,,,LGA1150,,,,,,,,
Intel,Intel Xeon E3-1230 v5 @ 3.40GHz,E3-1230 v5,,,4,,,8,3.8,,,3.4,,80,,,,FCLGA1151,,,,,,,,
Intel,Intel Xeon E3-1230 v6 @ 3.50GHz,E3-1230 v6,,,4,,,8,3.9,,,3.5,,72,,,,FCLGA1151,,,,,,,,
Intel,Intel Xeon E3-1230L v3 @ 1.80GHz,E3-1230L v3,,,4,,,8,2.8,,,1.8,,25,,,,LGA1150,,,,,,,,
Intel,Intel Xeon E3-1231 v3 @ 3.40GHz,E3-1231 v3,,,4,,,8,3.8,,,3.4,,80,,,,FCLGA1150,,,,,,,,
Intel,Intel Xeon E3-1235 @ 3.20GHz,E3-1235,,,4,,,8,3.6,,,3.2,,95,,,,LGA1155,,,,,,,,
Intel,Intel Xeon E3-1235L v5 @ 2.00GHz,E3-1235L v5,,,4,,,4,3.0,,,2.0,,25,,,,FCLGA1151,,,,,,,,
Intel,Intel Xeon E3-1240 @ 3.30GHz,E3-1240,,,4,,,8,3.7,,,3.3,,80,,,,LGA1155,,,,,,,,
Intel,Intel Xeon E3-1240 V2 @ 3.40GHz,E3-1240 V2,,,4,,,8,3.8,,,3.4,,69,,,,LGA1155,,,,,,,,
Intel,Intel Xeon E3-1240 v3 @ 3.40GHz,E3-1240 v3,,,4,,,8,3.8,,,3.4,,80,,,,LGA1150,,,,,,,,
Intel,Intel Xeon E3-1240 v5 @ 3.50GHz,E3-1240 v5,,,4,,,8,3.9,,,3.5,,80,,,,FCLGA1151,,,,,,,,
Intel,Intel Xeon E3-1240 v6 @ 3.70GHz,E3-1240 v6,,,4,,,8,4.1,,,3.7,,72,,,,FCLGA1151,,,,,,,,
Intel,Intel Xeon E3-1240L v3 @ 2.00GHz,E3-1240L v3,,,4,,,8,3.0,,,2.0,,25,,,,FCLGA1150,,,,,,,,
Intel,Intel Xeon E3-1240L v5 @ 2.10GHz,E3-1240L v5,,,4,,,8,3.2,,,2.1,,25,,,,FCLGA1151,,,,,,,,
Intel,Intel Xeon E3-1241 v3 @ 3.50GHz,E3-1241 v3,,,4,,,8,3.9,,,3.5,,80,,,,LGA1150,,,,,,,,
Intel,Intel Xeon E3-1245 @ 3.30GHz,E3-1245,,,4,,,8,3.7,,,3.3,,95,,,,LGA1155,,,,,,,,
Intel,Intel Xeon E3-1245 V2 @ 3.40GHz,E3-1245 V2,,,4,,,8,3.8,,,3.4,,77,,,,LGA1155,,,,,,,,
Intel,Intel Xeon E3-1245 v3 @ 3.40GHz,E3-1245 v3,,,4,,,8,3.8,,,3.4,,84,,,,LGA1150,,,,,,,,
Intel,Intel Xeon E3-1245 v5 @ 3.50GHz,E3-1245 v5,,,4,,,8,3.9,,,3.5,,80,,,,FCLGA1151,,,,,,,,
Intel,Intel Xeon E3-1245 v6 @ 3.70GHz,E3-1245 v6,,,4,,,8,4.1,,,3.7,,73,,,,FCLGA1151,,,,,,,,
Intel,Intel Xeon E3-1246 v3 @ 3.50GHz,E3-1246 v3,,,4,,,8,3.9,,,3.5,,84,,,,FCLGA1150,,,,,,,,
Intel,Intel Xeon E3-1260L @ 2.40GHz,E3-1260L,,,4,,,8,3.3,,,2.4,,45,,,,LGA1155,,,,,,,,
Intel,Intel Xeon E3-1260L v5 @ 2.90GHz,E3-1260L v5,,,4,,,8,3.9,,,2.9,,45,,,,FCLGA1151,,,,,,,,
Intel,Intel Xeon E3-1265L @ 2.40GHz,E3-1265L,,,4,,,8,3.3,,,2.4,,45,,,,LGA1155,,,,,,,,
Intel,Intel Xeon E3-1265L V2 @ 2.50GHz,E3-1265L V2,,,4,,,8,3.5,,,2.5,,45,,,,LGA1155,,,,,,,,
Intel,Intel Xeon E3-1265L v3 @ 2.50GHz,E3-1265L v3,,,4,,,8,3.7,,,2.5,,45,,,,FCLGA1150,,,,,,,,
Intel,Intel Xeon E3-1265L v4 @ 2.30GHz,E3-1265L v4,,,4,,,8,3.3,,,2.3,,35,,,,FCLGA1150,,,,,,,,
Intel,Intel Xeon E3-1268L v3 @ 2.30GHz,E3-1268L v3,,,4,,,8,3.3,,,2.3,,45,,,,LGA1150,,,,,,,,
Intel,Intel Xeon E3-1268L v5 @ 2.40GHz,E3-1268L v5,,,4,,,8,3.4,,,2.4,,35,,,,FCLGA1151,,,,,,,,
Intel,Intel Xeon E3-1270 @ 3.40GHz,E3-1270,,,4,,,8,3.8,,,3.4,,80,,,,LGA1155,,,,,,,,
Intel,Intel Xeon E3-1270 V2 @ 3.50GHz,E3-1270 V2,,,4,,,8,3.9,,,3.5,,69,,,,LGA1155,,,,,,,,
Intel,Intel Xeon E3-1270 v3 @ 3.50GHz,E3-1270 v3,,,4,,,8,3.9,,,3.5,,80,,,,LGA1150,,,,,,,,
Intel,Intel Xeon E3-1270 v5 @ 3.60GHz,E3-1270 v5,,,4,,,8,4.0,,,3.6,,80,,,,FCLGA1151,,,,,,,,
Intel,Intel Xeon E3-1270 v6 @ 3.80GHz,E3-1270 v6,,,4,,,8,4.2,,,3.8,,72,,,,FCLGA1151,,,,,,,,
Intel,Intel Xeon E3-1270L v4 @ 3.00GHz,E3-1270L v4,,,4,,,8,3.6,,,3.0,,45,,,,LGA1150,,,,,,,,
Intel,Intel Xeon E3-1271 v3 @ 3.60GHz,E3-1271 v3,,,4,,,8,4.0,,,3.6,,80,,,,FCLGA1150,,,,,,,,
Intel,Intel Xeon E3-1275 @ 3.40GHz,E3-1275,,,4,,,8,3.8,,,3.4,,95,,,,LGA1155,,,,,,,,
Intel,Intel Xeon E3-1275 V2 @ 3.50GHz,E3-1275 V2,,,4,,,8,3.9,,,3.5,,77,,,,LGA1155,,,,,,,,
Intel,Intel Xeon E3-1275 v3 @ 3.50GHz,E3-1275 v3,,,4,,,8,3.9,,,3.5,,95,,,,LGA1150,,,,,,,,
Intel,Intel Xeon E3-1275 v5 @ 3.60GHz,E3-1275 v5,,,4,,,8,4.0,,,3.6,,80,,,,FCLGA1151,,,,,,,,
Intel,Intel Xeon E3-1275 v6 @ 3.80GHz,E3-1275 v6,,,4,,,8,4.2,,,3.8,,73,,,,FCLGA1151,,,,,,,,
Intel,Intel Xeon E3-1275L v3 @ 2.70GHz,E3-1275L v3,,,4,,,8,3.9,,,2.7,,45,,,,LGA1150,,,,,,,,
Intel,Intel Xeon E3-1276 v3 @ 3.60GHz,E3-1276 v3,,,4,,,8,4.0,,,3.6,,84,,,,FCLGA1150,,,,,,,,
Intel,Intel Xeon E3-1280 @ 3.50GHz,E3-1280,,,4,,,8,3.9,,,3.5,,95,,,,LGA1155,,,,,,,,
Intel,Intel Xeon E3-1280 V2 @ 3.60GHz,E3-1280 V2,,,4,,,8,4.0,,,3.6,,69,,,,LGA1155,,,,,,,,
Intel,Intel Xeon E3-1280 v3 @ 3.60GHz,E3-1280 v3,,,4,,,8,4.0,,,3.6,,82,,,,LGA1150,,,,,,,,
Intel,Intel Xeon E3-1280 v5 @ 3.70GHz,E3-1280 v5,,,4,,,8,4.0,,,3.7,,80,,,,FCLGA1151,,,,,,,,
Intel,Intel Xeon E3-1280 v6 @ 3.90GHz,E3-1280 v6,,,4,,,8,4.2,,,3.9,,72,,,,FCLGA1151,,,,,,,,
Intel,Intel Xeon E3-1281 v3 @ 3.70GHz,E3-1281 v3,,,4,,,8,4.1,,,3.7,,82,,,,LGA1150,,,,,,,,
Intel,Intel Xeon E3-1285 v3 @ 3.60GHz,E3-1285 v3,,,4,,,8,4.0,,,3.6,,84,,,,LGA1150,,,,,,,,
Intel,Intel Xeon E3-1285 v4 @ 3.50GHz,E3-1285 v4,,,4,,,8,3.8,,,3.5,,95,,,,FCLGA1150,,,,,,,,
Intel,Intel Xeon E3-1285 v6 @ 4.10GHz,E3-1285 v6,,,4,,,8,4.5,,,4.1,,79,,,,FCLGA1151,,,,,,,,
Intel,Intel Xeon E3-1285L v3 @ 3.10GHz,E3-1285L v3,,,4,,,8,3.9,,,3.1,,65,,,,LGA1150,,,,,,,,
Intel,Intel Xeon E3-1285L v4 @ 3.40GHz,E3-1285L v4,,,4,,,8,3.8,,,3.4,,65,,,,LGA1150,,,,,,,,
Intel,Intel Xeon E3-1286 v3 @ 3.70GHz,E3-1286 v3,,,4,,,8,4.1,,,3.7,,84,,,,LGA1150,,,,,,,,
Intel,Intel Xeon E3-1286L v3 @ 3.20GHz,E3-1286L v3,,,4,,,8,4.0,,,3.2,,65,,,,LGA1150,,,,,,,,
Intel,Intel Xeon E3-1290 @ 3.60GHz,E3-1290,,,4,,,8,4.0,,,3.6,,95,,,,LGA1155,,,,,,,,
Intel,Intel Xeon E3-1290 V2 @ 3.70GHz,E3-1290 V2,,,4,,,8,4.1,,,3.7,,87,,,,LGA1155,,,,,,,,
Intel,Intel Xeon E3-1505L v5 @ 2.00GHz,E3-1505L v5,,,4,,,8,2.8,,,2.0,,25,,,,FCBGA1440,,,,,,,,
Intel,Intel Xeon E3-1505L v6 @ 2.20GHz,E3-1505L v6,,,4,,,8,3.0,,,2.2,,25,,,,FCBGA1440,,,,,,,,
Intel,Intel Xeon E3-1505M v5 @ 2.80GHz,E3-1505M v5,,,4,,,8,3.7,,,2.8,,45,,,,FCBGA1440,,,,,,,,
Intel,Intel Xeon E3-1505M v6 @ 3.00GHz,E3-1505M v6,,,4,,,8,4.0,,,3.0,,45,,,,,,,,,,,,
Intel,Intel Xeon E3-1515M v5 @ 2.80GHz,E3-1515M v5,,,4,,,8,3.7,,,2.8,,45,,,,FCBGA1440,,,,,,,,
Intel,Intel Xeon E3-1535M v5 @ 2.90GHz,E3-1535M v5,,,4,,,8,3.8,,,2.9,,45,,,,FCBGA1440,,,,,,,,
Intel,Intel Xeon E3-1535M v6 @ 3.10GHz,E3-1535M v6,,,4,,,8,4.2,,,3.1,,35,,,,FCBGA1440,,,,,,,,
Intel,Intel Xeon E3-1545M v5 @ 2.90GHz,E3-1545M v5,,,4,,,8,3.8,,,2.9,,45,,,,FCBGA1440,,,,,,,,
Intel,Intel Xeon E3-1558L v5 @ 1.90GHz,E3-1558L v5,,,4,,,8,3.3,,,1.9,,45,,,,FCBGA1440,,,,,,,,
Intel,Intel Xeon E3-1565L v5 @ 2.50GHz,E3-1565L v5,,,4,,,8,3.5,,,2.5,,35,,,,FCBGA1440,,,,,,,,
Intel,Intel Xeon E3-1575M v5 @ 3.00GHz,E3-1575M v5,,,4,,,8,3.9,,,3.0,,45,,,,FCBGA1440,,,,,,,,
Intel,Intel Xeon E3-1585 v5 @ 3.50GHz,E3-1585 v5,,,4,,,8,3.9,,,3.5,,65,,,,FCBGA1440,,,,,,,,
Intel,Intel Xeon E3-1585L v5 @ 3.00GHz,E3-1585L v5,,,4,,,8,3.7,,,3.0,,45,,,,FCBGA1440,,,,,,,,
Intel,Intel Xeon E3110 @ 3.00GHz,E3110,,,2,,,2,,,,3.0,,65,,,,LGA775,,,,,,,,
Intel,Intel Xeon E3113 @ 3.00GHz,E3113,,,2,,,2,,,,3.0,,65,,,,LGA775,,,,,,,,
Intel,Intel Xeon E3120 @ 3.16GHz,E3120,,,2,,,2,,,,3.2,,65,,,,LGA775,,,,,,,,
Intel,Intel Xeon E5-1410 @ 2.80GHz,E5-1410,,,4,,,8,3.2,,,2.8,,80,,,,LGA1356,,,,,,,,
Intel,Intel Xeon E5-1410 v2 @ 2.80GHz,E5-1410 v2,,,4,,,8,3.2,,,2.8,,80,,,,LGA 1356,,,,,,,,
Intel,Intel Xeon E5-1428L v2 @ 2.20GHz,E5-1428L v2,,,6,,,12,2.7,,,2.2,,60,,,,FCLGA1356,,,,,,,,
Intel,Intel Xeon E5-1603 @ 2.80GHz,E5-1603,,,4,,,4,,,,2.8,,130,,,,LGA2011,,,,,,,,
Intel,Intel Xeon E5-1603 v3 @ 2.80GHz,E5-1603 v3,,,4,,,4,,,,2.8,,140,,,,LGA2011-v3,,,,,,,,
Intel,Intel Xeon E5-1603 v4 @ 2.80GHz,E5-1603 v4,,,4,,,4,,,,2.8,,140,,,,FCLGA2011-3,,,,,,,,
Intel,Intel Xeon E5-1607 @ 3.00GHz,E5-1607,,,4,,,4,,,,3.0,,130,,,,LGA2011,,,,,,,,
Intel,Intel Xeon E5-1607 v2 @ 3.00GHz,E5-1607 v2,,,4,,,4,,,,3.0,,130,,,,LGA 2011,,,,,,,,
Intel,Intel Xeon E5-1607 v3 @ 3.10GHz,E5-1607 v3,,,4,,,4,,,,3.1,,140,,,,LGA2011-v3,,,,,,,,
Intel,Intel Xeon E5-1607 v4 @ 3.10GHz,E5-1607 v4,,,4,,,4,,,,3.1,,140,,,,FCLGA2011-3,,,,,,,,
Intel,Intel Xeon E5-1620 @ 3.60GHz,E5-1620,,,4,,,8,3.8,,,3.6,,130,,,,LGA2011,,,,,,,,
Intel,Intel Xeon E5-1620 v2 @ 3.70GHz,E5-1620 v2,,,4,,,8,3.9,,,3.7,,130,,,,FCLGA2011,,,,,,,,
Intel,Intel Xeon E5-1620 v3 @ 3.50GHz,E5-1620 v3,,,4,,,8,3.6,,,3.5,,140,,,,LGA2011-v3,,,,,,,,
Intel,Intel Xeon E5-1620 v4 @ 3.50GHz,E5-1620 v4,,,4,,,8,3.8,,,3.5,,140,,,,FCLGA2011-3,,,,,,,,
Intel,Intel Xeon E5-1630 v3 @ 3.70GHz,E5-1630 v3,,,4,,,8,3.8,,,3.7,,140,,,,LGA2011-v3,,,,,,,,
Intel,Intel Xeon E5-1630 v4 @ 3.70GHz,E5-1630 v4,,,4,,,8,4.0,,,3.7,,140,,,,FCLGA2011-3,,,,,,,,
Intel,Intel Xeon E5-1650 @ 3.20GHz,E5-1650,,,6,,,12,3.8,,,3.2,,130,,,,LGA2011,,,,,,,,
Intel,Intel Xeon E5-1650 v2 @ 3.50GHz,E5-1650 v2,,,6,,,12,3.9,,,3.5,,130,,,,FCLGA2011,,,,,,,,
Intel,Intel Xeon E5-1650 v3 @ 3.50GHz,E5-1650 v3,,,6,,,12,3.8,,,3.5,,140,,,,LGA2011-v3,,,,,,,,
Intel,Intel Xeon E5-1650 v4 @ 3.60GHz,E5-1650 v4,,,6,,,12,4.0,,,3.6,,140,,,,FCLGA2011-3,,,,,,,,
Intel,Intel Xeon E5-1660 @ 3.30GHz,E5-1660,,,6,,,12,3.9,,,3.3,,130,,,,LGA2011,,,,,,,,
Intel,Intel Xeon E5-1660 v2 @ 3.70GHz,E5-1660 v2,,,6,,,12,4.0,,,3.7,,130,,,,LGA 2011,,,,,,,,
Intel,Intel Xeon E5-1660 v3 @ 3.00GHz,E5-1660 v3,,,8,,,16,3.5,,,3.0,,140,,,,LGA2011-v3,,,,,,,,
Intel,Intel Xeon E5-1660 v4 @ 3.20GHz,E5-1660 v4,,,8,,,16,3.8,,,3.2,,140,,,,FCLGA2011-3,,,,,,,,
Intel,Intel Xeon E5-1680 v2 @ 3.00GHz,E5-1680 v2,,,8,,,16,3.9,,,3.0,,130,,,,LGA 2011,,,,,,,,
Intel,Intel Xeon E5-1680 v3 @ 3.20GHz,E5-1680 v3,,,8,,,16,3.8,,,3.2,,140,,,,LGA2011-v3,,,,,,,,
Intel,Intel Xeon E5-1680 v4 @ 3.40GHz,E5-1680 v4,,,8,,,16,4.0,,,3.4,,140,,,,FCLGA2011-3,,,,,,,,
Intel,Intel Xeon E5-1681 v3 @ 2.90GHz,E5-1681 v3,,,10,,,20,3.5,,,2.9,,135,,,,LGA2011-v3,,,,,,,,
Intel,Intel Xeon E5-2403 @ 1.80GHz,E5-2403,,,4,,,4,,,,1.8,,80,,,,LGA 1356,,,,,,,,
Intel,Intel Xeon E5-2403 v2 @ 1.80GHz,E5-2403 v2,,,4,,,4,,,,1.8,,80,,,,FCLGA1356,,,,,,,,
Intel,Intel Xeon E5-2407 @ 2.20GHz,E5-2407,,,4,,,4,,,,2.2,,80,,,,LGA 1356,,,,,,,,
Intel,Intel Xeon E5-2407 v2 @ 2.40GHz,E5-2407 v2,,,4,,,4,,,,2.4,,80,,,,FCLGA1356,,,,,,,,
Intel,Intel Xeon E5-2418L @ 2.00GHz,E5-2418L,,,4,,,8,2.1,,,2.0,,50,,,,LGA 1356,,,,,,,,
Intel,Intel Xeon E5-2418L v2 @ 2.00GHz,E5-2418L v2,,,6,,,12,,,,2.0,,50,,,,FCLGA1356,,,,,,,,
Intel,Intel Xeon E5-2420 @ 1.90GHz,E5-2420,,,6,,,12,2.4,,,1.9,,95,,,,LGA1356,,,,,,,,
Intel,Intel Xeon E5-2420 v2 @ 2.20GHz,E5-2420 v2,,,6,,,12,2.7,,,2.2,,80,,,,FCLGA1356,,,,,,,,
Intel,Intel Xeon E5-2428L v2 @ 1.80GHz,E5-2428L v2,,,8,,,16,2.3,,,1.8,,60,,,,FCLGA1356,,,,,,,,
Intel,Intel Xeon E5-2430 @ 2.20GHz,E5-2430,,,6,,,12,2.7,,,2.2,,95,,,,LGA 1356,,,,,,,,
Intel,Intel Xeon E5-2430 v2 @ 2.50GHz,E5-2430 v2,,,6,,,12,3.0,,,2.5,,80,,,,LGA 1356,,,,,,,,
Intel,Intel Xeon E5-2430L @ 2.00GHz,E5-2430L,,,6,,,12,2.5,,,2.0,,60,,,,FCLGA1356,,,,,,,,
Intel,Intel Xeon E5-2430L v2 @ 2.40GHz,E5-2430L v2,,,6,,,12,2.8,,,2.4,,60,,,,LGA 1356,,,,,,,,
Intel,Intel Xeon E5-2440 @ 2.40GHz,E5-2440,,,6,,,12,2.7,,,2.4,,95,,,,LGA 1356,,,,,,,,
Intel,Intel Xeon E5-2440 v2 @ 1.90GHz,E5-2440 v2,,,8,,,16,2.4,,,1.9,,95,,,,LGA 1356,,,,,,,,
Intel,Intel Xeon E5-2448L v2 @ 1.80GHz,E5-2448L v2,,,10,,,20,2.4,,,1.8,,70,,,,LGA 1356,,,,,,,,
Intel,Intel Xeon E5-2450 @ 2.10GHz,E5-2450,,,8,,,16,2.9,,,2.1,,95,,,,LGA 1356,,,,,,,,
Intel,Intel Xeon E5-2450 v2 @ 2.50GHz,E5-2450 v2,,,8,,,16,3.3,,,2.5,,95,,,,LGA 1356,,,,,,,,
Intel,Intel Xeon E5-2450L @ 1.80GHz,E5-2450L,,,8,,,16,2.3,,,1.8,,70,,,,LGA 1356,,,,,,,,
Intel,Intel Xeon E5-2470 @ 2.30GHz,E5-2470,,,8,,,16,3.1,,,2.3,,95,,,,LGA 1356,,,,,,,,
Intel,Intel Xeon E5-2470 v2 @ 2.40GHz,E5-2470 v2,,,10,,,20,3.2,,,2.4,,95,,,,LGA 1356,,,,,,,,
Intel,Intel Xeon E5-2603 @ 1.80GHz,E5-2603,,,4,,,4,,,,1.8,,80,,,,LGA 2011,,,,,,,,
Intel,Intel Xeon E5-2603 v2 @ 1.80GHz,E5-2603 v2,,,4,,,4,,,,1.8,,80,,,,LGA 2011,,,,,,,,
Intel,Intel Xeon E5-2603 v3 @ 1.60GHz,E5-2603 v3,,,6,,,6,,,,1.6,,85,,,,LGA2011-v3,,,,,,,,
Intel,Intel Xeon E5-2603 v4 @ 1.70GHz,E5-2603 v4,,,6,,,6,,,,1.7,,85,,,,FCLGA2011-3,,,,,,,,
Intel,Intel Xeon E5-2608L v3 @ 2.00GHz,E5-2608L v3,,,6,,,12,,,,2.0,,52,,,,LGA2011-v3,,,,,,,,
Intel,Intel Xeon E5-2608L v4 @ 1.60GHz,E5-2608L v4,,,8,,,16,1.7,,,1.6,,50,,,,FCLGA2011-3,,,,,,,,
Intel,Intel Xeon E5-2609 @ 2.40GHz,E5-2609,,,4,,,4,,,,2.4,,80,,,,LGA2011,,,,,,,,
Intel,Intel Xeon E5-2609 v2 @ 2.50GHz,E5-2609 v2,,,4,,,4,,,,2.5,,80,,,,LGA 2011,,,,,,,,
Intel,Intel Xeon E5-2609 v3 @ 1.90GHz,E5-2609 v3,,,6,,,6,,,,1.9,,80,,,,LGA2011-v3,,,,,,,,
Intel,Intel Xeon E5-2609 v4 @ 1.70GHz,E5-2609 v4,,,8,,,8,,,,1.7,,85,,,,FCLGA2011-3,,,,,,,,
Intel,Intel Xeon E5-2618L v3 @ 2.30GHz,E5-2618L v3,,,8,,,16,3.4,,,2.3,,75,,,,LGA2011-v3,,,,,,,,
Intel,Intel Xeon E5-2618L v4 @ 2.20GHz,E5-2618L v4,,,10,,,20,3.2,,,2.2,,75,,,,FCLGA2011-3,,,,,,,,
Intel,Intel Xeon E5-2620 @ 2.00GHz,E5-2620,,,6,,,12,2.5,,,2.0,,95,,,,LGA2011,,,,,,,,
Intel,Intel Xeon E5-2620 v2 @ 2.10GHz,E5-2620 v2,,,6,,,12,2.6,,,2.1,,80,,,,FCLGA2011,,,,,,,,
Intel,Intel Xeon E5-2620 v3 @ 2.40GHz,E5-2620 v3,,,6,,,12,3.2,,,2.4,,85,,,,LGA2011-v3,,,,,,,,
Intel,Intel Xeon E5-2620 v4 @ 2.10GHz,E5-2620 v4,,,8,,,16,3.0,,,2.1,,85,,,,FCLGA2011-3,,,,,,,,
Intel,Intel Xeon E5-2623 v3 @ 3.00GHz,E5-2623 v3,,,4,,,8,3.5,,,3.0,,105,,,,LGA2011-v3,,,,,,,,
Intel,Intel Xeon E5-2623 v4 @ 2.60GHz,E5-2623 v4,,,4,,,8,3.2,,,2.6,,85,,,,FCLGA2011-3,,,,,,,,
Intel,Intel Xeon E5-2628 v3 @ 2.50GHz,E5-2628 v3,,,8,,,8,3.0,,,2.5,,85,,,,LGA2011-v3,,,,,,,,
Intel,Intel Xeon E5-2628L v2 @ 1.90GHz,E5-2628L v2,,,8,,,16,2.4,,,1.9,,70,,,,LGA 2011,,,,,,,,
Intel,Intel Xeon E5-2628L v3 @ 2.00GHz,E5-2628L v3,,,10,,,20,2.5,,,2.0,,75,,,,LGA2011-v3,,,,,,,,
Intel,Intel Xeon E5-2628L v4 @ 1.90GHz,E5-2628L v4,,,12,,,24,2.4,,,1.9,,75,,,,FCLGA2011-3,,,,,,,,
Intel,Intel Xeon E5-2629 v3 @ 2.40GHz,E5-2629 v3,,,8,,,16,2.6,,,2.4,,85,,,,LGA2011-v3,,,,,,,,
Intel,Intel Xeon E5-2630 @ 2.30GHz,E5-2630,,,6,,,12,2.8,,,2.3,,95,,,,LGA2011,,,,,,,,
Intel,Intel Xeon E5-2630 v2 @ 2.60GHz,E5-2630 v2,,,6,,,12,3.1,,,2.6,,80,,,,FCLGA2011,,,,,,,,
Intel,Intel Xeon E5-2630 v3 @ 2.40GHz,E5-2630 v3,,,8,,,16,3.2,,,2.4,,85,,,,LGA2011-v3,,,,,,,,
Intel,Intel Xeon E5-2630 v4 @ 2.20GHz,E5-2630 v4,,,10,,,20,3.1,,,2.2,,85,,,,FCLGA2011-3,,,,,,,,
Intel,Intel Xeon E5-2630L @ 2.00GHz,E5-2630L,,,6,,,12,2.5,,,2.0,,60,,,,LGA 2011,,,,,,,,
Intel,Intel Xeon E5-2630L v2 @ 2.40GHz,E5-2630L v2,,,6,,,12,2.8,,,2.4,,60,,,,LGA 2011,,,,,,,,
Intel,Intel Xeon E5-2630L v3 @ 1.80GHz,E5-2630L v3,,,8,,,16,2.9,,,1.8,,55,,,,LGA2011-v3,,,,,,,,
Intel,Intel Xeon E5-2630L v4 @ 1.80GHz,E5-2630L v4,,,10,,,20,2.9,,,1.8,,55,,,,FCLGA2011-3,,,,,,,,
Intel,Intel Xeon E5-2637 @ 3.00GHz,E5-2637,,,2,,,4,3.5,,,3.0,,80,,,,FCLGA2011,,,,,,,,
Intel,Intel Xeon E5-2637 v2 @ 3.50GHz,E5-2637 v2,,,4,,,8,3.8,,,3.5,,130,,,,LGA 2011,,,,,,,,
Intel,Intel Xeon E5-2637 v3 @ 3.50GHz,E5-2637 v3,,,4,,,8,3.7,,,3.5,,135,,,,LGA2011-v3,,,,,,,,
Intel,Intel Xeon E5-2637 v4 @ 3.50GHz,E5-2637 v4,,,4,,,8,3.7,,,3.5,,135,,,,FCLGA2011-3,,,,,,,,
Intel,Intel Xeon E5-2640 @ 2.50GHz,E5-2640,,,6,,,12,3.0,,,2.5,,95,,,,LGA2011,,,,,,,,
Intel,Intel Xeon E5-2640 v2 @ 2.00GHz,E5-2640 v2,,,8,,,16,2.5,,,2.0,,95,,,,LGA 2011,,,,,,,,
Intel,Intel Xeon E5-2640 v3 @ 2.60GHz,E5-2640 v3,,,8,,,16,3.4,,,2.6,,90,,,,LGA2011-v3,,,,,,,,
Intel,Intel Xeon E5-2640 v4 @ 2.40GHz,E5-2640 v4,,,10,,,20,3.4,,,2.4,,90,,,,FCLGA2011-3,,,,,,,,
Intel,Intel Xeon E5-2643 @ 3.30GHz,E5-2643,,,4,,,8,3.5,,,3.3,,130,,,,LGA2011,,,,,,,,
Intel,Intel Xeon E5-2643 v2 @ 3.50GHz,E5-2643 v2,,,6,,,12,3.8,,,3.5,,130,,,,FCLGA2011,,,,,,,,
Intel,Intel Xeon E5-2643 v3 @ 3.40GHz,E5-2643 v3,,,6,,,12,3.7,,,3.4,,135,,,,LGA2011-v3,,,,,,,,
Intel,Intel Xeon E5-2643 v4 @ 3.40GHz,E5-2643 v4,,,6,,,12,3.7,,,3.4,,135,,,,FCLGA2011-3,,,,,,,,
Intel,Intel Xeon E5-2648L @ 1.80GHz,E5-2648L,,,8,,,16,2.1,,,1.8,,70,,,,LGA 2011,,,,,,,,
Intel,Intel Xeon E5-2648L v2 @ 1.90GHz,E5-2648L v2,,,10,,,20,2.5,,,1.9,,70,,,,FCLGA2011,,,,,,,,
Intel,Intel Xeon E5-2648L v3 @ 1.80GHz,E5-2648L v3,,,12,,,24,2.5,,,1.8,,75,,,,LGA2011-v3,,,,,,,,
Intel,Intel Xeon E5-2648L v4 @ 1.80GHz,E5-2648L v4,,,14,,,28,2.5,,,1.8,,75,,,,FCLGA2011-3,,,,,,,,
Intel,Intel Xeon E5-2649 v3 @ 2.30GHz,E5-2649 v3,,,10,,,20,3.0,,,2.3,,105,,,,LGA2011-v3,,,,,,,,
Intel,Intel Xeon E5-2650 @ 2.00GHz,E5-2650,,,8,,,16,2.8,,,2.0,,95,,,,LGA2011,,,,,,,,
Intel,Intel Xeon E5-2650 v2 @ 2.60GHz,E5-2650 v2,,,8,,,16,3.4,,,2.6,,95,,,,FCLGA2011,,,,,,,,
Intel,Intel Xeon E5-2650 v3 @ 2.30GHz,E5-2650 v3,,,10,,,20,3.0,,,2.3,,105,,,,LGA2011-v3,,,,,,,,
Intel,Intel Xeon E5-2650 v4 @ 2.20GHz,E5-2650 v4,,,12,,,24,2.9,,,2.2,,105,,,,FCLGA2011-3,,,,,,,,
Intel,Intel Xeon E5-2650L @ 1.80GHz,E5-2650L,,,8,,,16,2.3,,,1.8,,70,,,,LGA 2011,,,,,,,,
Intel,Intel Xeon E5-2650L v2 @ 1.70GHz,E5-2650L v2,,,10,,,20,2.1,,,1.7,,70,,,,FCLGA2011,,,,,,,,
Intel,Intel Xeon E5-2650L v3 @ 1.80GHz,E5-2650L v3,,,12,,,24,2.5,,,1.8,,65,,,,LGA2011-v3,,,,,,,,
Intel,Intel Xeon E5-2650L v4 @ 1.70GHz,E5-2650L v4,,,14,,,28,2.5,,,1.7,,65,,,,FCLGA2011-3,,,,,,,,
Intel,Intel Xeon E5-2651 v2 @ 1.80GHz,E5-2651 v2,,,12,,,24,2.2,,,1.8,,,,,,LGA 2011,,,,,,,,
Intel,Intel Xeon E5-2658 @ 2.10GHz,E5-2658,,,8,,,16,2.4,,,2.1,,95,,,,LGA2011,,,,,,,,
Intel,Intel Xeon E5-2658 v2 @ 2.40GHz,E5-2658 v2,,,10,,,20,3.0,,,2.4,,95,,,,LGA 2011,,,,,,,,
Intel,Intel Xeon E5-2658 v3 @ 2.20GHz,E5-2658 v3,,,12,,,24,2.9,,,2.2,,105,,,,LGA2011-v3,,,,,,,,
Intel,Intel Xeon E5-2658 v4 @ 2.30GHz,E5-2658 v4,,,14,,,28,2.8,,,2.3,,105,,,,FCLGA2011-3,,,,,,,,
Intel,Intel Xeon E5-2658A v3 @ 2.20GHz,E5-2658A v3,,,12,,,24,2.9,,,2.2,,105,,,,FCLGA2011-3,,,,,,,,
Intel,Intel Xeon E5-2660 @ 2.20GHz,E5-2660,,,8,,,16,3.0,,,2.2,,95,,,,LGA2011,,,,,,,,
Intel,Intel Xeon E5-2660 v2 @ 2.20GHz,E5-2660 v2,,,10,,,20,3.0,,,2.2,,95,,,,LGA 2011,,,,,,,,
Intel,Intel Xeon E5-2660 v3 @ 2.60GHz,E5-2660 v3,,,10,,,20,3.3,,,2.6,,105,,,,LGA2011-v3,,,,,,,,
Intel,Intel Xeon E5-2660 v4 @ 2.00GHz,E5-2660 v4,,,14,,,28,3.2,,,2.0,,105,,,,FCLGA2011-3,,,,,,,,
Intel,Intel Xeon E5-2663 v3 @ 2.80GHz,E5-2663 v3,,,10,,,10,3.5,,,2.8,,120,,,,LGA2011-v3,,,,,,,,
Intel,Intel Xeon E5-2665 @ 2.40GHz,E5-2665,,,8,,,16,3.1,,,2.4,,115,,,,LGA2011,,,,,,,,
Intel,Intel Xeon E5-2666 v3 @ 2.90GHz,E5-2666 v3,,,10,,,20,3.5,,,2.9,,135,,,,LGA2011-v3,,,,,,,,
Intel,Intel Xeon E5-2666 v4 @ 2.80GHz,E5-2666 v4,,,12,,,24,3.4,,,2.8,,145,,,,FCLGA2011-v3,,,,,,,,
Intel,Intel Xeon E5-2667 @ 2.90GHz,E5-2667,,,6,,,12,3.5,,,2.9,,130,,,,LGA2011,,,,,,,,
Intel,Intel Xeon E5-2667 v2 @ 3.30GHz,E5-2667 v2,,,8,,,16,4.0,,,3.3,,130,,,,LGA 2011,,,,,,,,
Intel,Intel Xeon E5-2667 v3 @ 3.20GHz,E5-2667 v3,,,8,,,16,3.6,,,3.2,,135,,,,LGA2011-v3,,,,,,,,
Intel,Intel Xeon E5-2667 v4 @ 3.20GHz,E5-2667 v4,,,8,,,16,3.6,,,3.2,,135,,,,FCLGA2011-3,,,,,,,,
Intel,Intel Xeon E5-2669 v3 @ 2.30GHz,E5-2669 v3,,,12,,,24,2.6,,,2.3,,120,,,,LGA2011-v3,,,,,,,,
Intel,Intel Xeon E5-2670 @ 2.60GHz,E5-2670,,,8,,,16,3.3,,,2.6,,115,,,,LGA2011,,,,,,,,
Intel,Intel Xeon E5-2670 v2 @ 2.50GHz,E5-2670 v2,,,10,,,20,3.3,,,2.5,,115,,,,FCLGA2011,,,,,,,,
Intel,Intel Xeon E5-2670 v3 @ 2.30GHz,E5-2670 v3,,,12,,,24,3.1,,,2.3,,120,,,,LGA2011-v3,,,,,,,,
Intel,Intel Xeon E5-2673 v2 @ 3.30GHz,E5-2673 v2,,,8,,,16,4.0,,,3.3,,110,,,,LGA 2011,,,,,,,,
Intel,Intel Xeon E5-2673 v3 @ 2.40GHz,E5-2673 v3,,,12,,,24,3.1,,,2.4,,110,,,,LGA2011-v3,,,,,,,,
Intel,Intel Xeon E5-2673 v4 @ 2.30GHz,E5-2673 v4,,,20,,,40,3.3,,,2.3,,135,,,,FCLGA2011-3,,,,,,,,
Intel,Intel Xeon E5-2675 v3 @ 1.80GHz,E5-2675 v3,,,16,,,32,2.3,,,1.8,,,,,,LGA2011-v3,,,,,,,,
Intel,Intel Xeon E5-2676 v3 @ 2.40GHz,E5-2676 v3,,,12,,,24,3.0,,,2.4,,120,,,,LGA2011-v3,,,,,,,,
Intel,Intel Xeon E5-2676 v4 @ 2.40GHz,E5-2676 v4,,,16,,,32,3.0,,,2.4,,145,,,,FCLGA2011-3,,,,,,,,
Intel,Intel Xeon E5-2678 v3 @ 2.50GHz,E5-2678 v3,,,12,,,24,3.1,,,2.5,,120,,,,LGA2011-v3,,,,,,,,
Intel,Intel Xeon E5-2679 v4 @ 2.50GHz,E5-2679 v4,,,20,,,40,3.3,,,2.5,,200,,,,FCLGA2011-3,,,,,,,,
Intel,Intel Xeon E5-2680 @ 2.70GHz,E5-2680,,,8,,,16,3.5,,,2.7,,130,,,,LGA2011,,,,,,,,
Intel,Intel Xeon E5-2680 v2 @ 2.80GHz,E5-2680 v2,,,10,,,20,3.6,,,2.8,,115,,,,FCLGA2011,,,,,,,,
Intel,Intel Xeon E5-2680 v3 @ 2.50GHz,E5-2680 v3,,,12,,,24,3.3,,,2.5,,120,,,,LGA2011-v3,,,,,,,,
Intel,Intel Xeon E5-2680 v4 @ 2.40GHz,E5-2680 v4,,,14,,,28,3.3,,,2.4,,120,,,,FCLGA2011-3,,,,,,,,
Intel,Intel Xeon E5-2680R v4 @ 2.40GHz,E5-2680R v4,,,14,,,28,3.3,,,2.4,,120,,,,FCLGA2011-3,,,,,,,,
Intel,Intel Xeon E5-2682 v4 @ 2.50GHz,E5-2682 v4,,,16,,,32,3.0,,,2.5,,120,,,,FCLGA2011-3,,,,,,,,
Intel,Intel Xeon E5-2683 v3 @ 2.00GHz,E5-2683 v3,,,14,,,28,3.0,,,2.0,,120,,,,LGA2011-v3,,,,,,,,
Intel,Intel Xeon E5-2683 v4 @ 2.10GHz,E5-2683 v4,,,16,,,32,3.0,,,2.1,,120,,,,FCLGA2011-3,,,,,,,,
Intel,Intel Xeon E5-2685 v3 @ 2.60GHz,E5-2685 v3,,,12,,,12,3.3,,,2.6,,120,,,,LGA2011-v3,,,,,,,,
Intel,Intel Xeon E5-2686 v3 @ 2.00GHz,E5-2686 v3,,,18,,,36,3.5,,,2.0,,120,,,,LGA2011-v3,,,,,,,,
Intel,Intel Xeon E5-2686 v4 @ 2.30GHz,E5-2686 v4,,,18,,,36,3.0,,,2.3,,145,,,,FCLGA2011-3,,,,,,,,
Intel,Intel Xeon E5-2687W @ 3.10GHz,E5-2687W,,,8,,,16,3.8,,,3.1,,150,,,,LGA2011,,,,,,,,
Intel,Intel Xeon E5-2687W v2 @ 3.40GHz,E5-2687W v2,,,8,,,16,4.0,,,3.4,,150,,,,FCLGA2011,,,,,,,,
Intel,Intel Xeon E5-2687W v3 @ 3.10GHz,E5-2687W v3,,,10,,,20,3.5,,,3.1,,160,,,,LGA2011-v3,,,,,,,,
Intel,Intel Xeon E5-2687W v4 @ 3.00GHz,E5-2687W v4,,,12,,,24,3.5,,,3.0,,160,,,,FCLGA2011-3,,,,,,,,
Intel,Intel Xeon E5-2689 @ 2.60GHz,E5-2689,,,8,,,16,3.6,,,2.6,,115,,,,LGA 2011,,,,,,,,
Intel,Intel Xeon E5-2689 v4 @ 3.10GHz,E5-2689 v4,,,10,,,20,3.8,,,3.1,,165,,,,FCLGA2011-3,,,,,,,,
Intel,Intel Xeon E5-2690 @ 2.90GHz,E5-2690,,,8,,,16,3.8,,,2.9,,135,,,,LGA2011,,,,,,,,
Intel,Intel Xeon E5-2690 v2 @ 3.00GHz,E5-2690 v2,,,10,,,20,3.6,,,3.0,,130,,,,FCLGA2011,,,,,,,,
Intel,Intel Xeon E5-2690 v3 @ 2.60GHz,E5-2690 v3,,,12,,,24,3.5,,,2.6,,135,,,,LGA2011-v3,,,,,,,,
Intel,Intel Xeon E5-2690 v4 @ 2.60GHz,E5-2690 v4,,,14,,,28,3.5,,,2.6,,135,,,,FCLGA2011-3,,,,,,,,
Intel,Intel Xeon E5-2692 v2 @ 2.20GHz,E5-2692 v2,,,12,,,24,,,,2.2,,115,,,,LGA 2011,,,,,,,,
Intel,Intel Xeon E5-2695 v2 @ 2.40GHz,E5-2695 v2,,,12,,,24,3.2,,,2.4,,115,,,,LGA 2011,,,,,,,,
Intel,Intel Xeon E5-2695 v3 @ 2.30GHz,E5-2695 v3,,,14,,,28,3.3,,,2.3,,120,,,,LGA2011-v3,,,,,,,,
Intel,Intel Xeon E5-2695 v4 @ 2.10GHz,E5-2695 v4,,,18,,,36,3.3,,,2.1,,120,,,,FCLGA2011-3,,,,,,,,
Intel,Intel Xeon E5-2696 v2 @ 2.50GHz,E5-2696 v2,,,12,,,24,3.3,,,2.5,,120,,,,LGA2011,,,,,,,,
Intel,Intel Xeon E5-2696 v3 @ 2.30GHz,E5-2696 v3,,,18,,,36,3.6,,,2.3,,145,,,,LGA2011-v3,,,,,,,,
Intel,Intel Xeon E5-2696 v4 @ 2.20GHz,E5-2696 v4,,,22,,,44,3.6,,,2.2,,150,,,,FCLGA2011-3,,,,,,,,
Intel,Intel Xeon E5-2697 v2 @ 2.70GHz,E5-2697 v2,,,12,,,24,3.5,,,2.7,,130,,,,FCLGA2011,,,,,,,,
Intel,Intel Xeon E5-2697 v3 @ 2.60GHz,E5-2697 v3,,,14,,,28,3.6,,,2.6,,145,,,,LGA2011-v3,,,,,,,,
Intel,Intel Xeon E5-2697 v4 @ 2.30GHz,E5-2697 v4,,,18,,,36,3.6,,,2.3,,145,,,,FCLGA2011-3,,,,,,,,
Intel,Intel Xeon E5-2697A v4 @ 2.60GHz,E5-2697A v4,,,16,,,32,3.6,,,2.6,,145,,,,FCLGA2011-3,,,,,,,,
Intel,Intel Xeon E5-2697R v4 @ 2.30GHz,E5-2697R v4,,,18,,,36,3.6,,,2.3,,145,,,,FCLGA2011-3,,,,,,,,
Intel,Intel Xeon E5-2698 v3 @ 2.30GHz,E5-2698 v3,,,16,,,32,3.6,,,2.3,,135,,,,LGA2011-v3,,,,,,,,
Intel,Intel Xeon E5-2698 v4 @ 2.20GHz,E5-2698 v4,,,20,,,40,3.6,,,2.2,,135,,,,FCLGA2011-3,,,,,,,,
Intel,Intel Xeon E5-2698B v3 @ 2.00GHz,E5-2698B v3,,,16,,,32,,,,2.0,,,,,,LGA2011-v3,,,,,,,,
Intel,Intel Xeon E5-2698R v4 @ 2.20GHz,E5-2698R v4,,,20,,,40,,,,2.2,,,,,,FCLGA2011-3,,,,,,,,
Intel,Intel Xeon E5-2699 v3 @ 2.30GHz,E5-2699 v3,,,18,,,36,3.6,,,2.3,,145,,,,LGA2011-v3,,,,,,,,
Intel,Intel Xeon E5-2699 v4 @ 2.20GHz,E5-2699 v4,,,22,,,44,3.6,,,2.2,,145,,,,FCLGA2011-3,,,,,,,,
Intel,Intel Xeon E5-2699A v4 @ 2.40GHz,E5-2699A v4,,,22,,,44,3.6,,,2.4,,145,,,,FCLGA2011-3,,,,,,,,
Intel,Intel Xeon E5-2699C v4 @ 2.20GHz,E5-2699C v4,,,22,,,44,3.6,,,2.2,,145,,,,FCLGA2011-3,,,,,,,,
Intel,Intel Xeon E5-4603 @ 2.00GHz,E5-4603,,,4,,,8,,,,2.0,,95,,,,LGA 2011,,,,,,,,
Intel,Intel Xeon E5-4607 v2 @ 2.60GHz,E5-4607 v2,,,6,,,12,,,,2.6,,95,,,,FCLGA2011,,,,,,,,
Intel,Intel Xeon E5-4610 @ 2.40GHz,E5-4610,,,6,,,12,2.9,,,2.4,,95,,,,FCLGA2011,,,,,,,,
Intel,Intel Xeon E5-4610 v3 @ 1.70GHz,E5-4610 v3,,,10,,,20,,,,1.7,,105,,,,FCLGA2011-3,,,,,,,,
Intel,Intel Xeon E5-4617 @ 2.90GHz,E5-4617,,,6,,,6,3.4,,,2.9,,130,,,,LGA 2011,,,,,,,,
Intel,Intel Xeon E5-4620 @ 2.20GHz,E5-4620,,,8,,,16,2.6,,,2.2,,95,,,,LGA 2011,,,,,,,,
Intel,Intel Xeon E5-4620 v2 @ 2.60GHz,E5-4620 v2,,,8,,,16,3.0,,,2.6,,95,,,,FCLGA2011,,,,,,,,
Intel,Intel Xeon E5-4620 v3 @ 2.00GHz,E5-4620 v3,,,10,,,20,2.6,,,2.0,,105,,,,FCLGA2011-3,,,,,,,,
Intel,Intel Xeon E5-4627 v2 @ 3.30GHz,E5-4627 v2,,,8,,,8,3.6,,,3.3,,130,,,,FCLGA2011,,,,,,,,
Intel,Intel Xeon E5-4627 v3 @ 2.60GHz,E5-4627 v3,,,10,,,10,3.2,,,2.6,,135,,,,FCLGA2011-3,,,,,,,,
Intel,Intel Xeon E5-4627 v4 @ 2.60GHz,E5-4627 v4,,,10,,,10,3.2,,,2.6,,135,,,,FCLGA2011-3,,,,,,,,
Intel,Intel Xeon E5-4628L v4 @ 1.80GHz,E5-4628L v4,,,14,,,28,2.2,,,1.8,,75,,,,FCLGA2011,,,,,,,,
Intel,Intel Xeon E5-4640 @ 2.40GHz,E5-4640,,,8,,,16,2.8,,,2.4,,95,,,,LGA2011,,,,,,,,
Intel,Intel Xeon E5-4640 v3 @ 1.90GHz,E5-4640 v3,,,12,,,24,2.6,,,1.9,,105,,,,FCLGA2011-3,,,,,,,,
Intel,Intel Xeon E5-4648 v3 @ 1.70GHz,E5-4648 v3,,,12,,,24,2.2,,,1.7,,105,,,,FCLGA2011-3,,,,,,,,
Intel,Intel Xeon E5-4650 @ 2.70GHz,E5-4650,,,8,,,16,3.3,,,2.7,,130,,,,LGA2011,,,,,,,,
Intel,Intel Xeon E5-4650 v2 @ 2.40GHz,E5-4650 v2,,,10,,,20,2.9,,,2.4,,95,,,,FCLGA2011,,,,,,,,
Intel,Intel Xeon E5-4650 v3 @ 2.10GHz,E5-4650 v3,,,12,,,24,2.8,,,2.1,,105,,,,FCLGA2011-3,,,,,,,,
Intel,Intel Xeon E5-4650 v4 @ 2.20GHz,E5-4650 v4,,,14,,,28,2.8,,,2.2,,105,,,,FCLGA2011-3,,,,,,,,
Intel,Intel Xeon E5-4650L @ 2.60GHz,E5-4650L,,,8,,,16,3.1,,,2.6,,115,,,,LGA 2011,,,,,,,,
Intel,Intel Xeon E5-4655 v3 @ 2.90GHz,E5-4655 v3,,,6,,,12,3.2,,,2.9,,135,,,,FCLGA2011-3,,,,,,,,
Intel,Intel Xeon E5-4655 v4 @ 2.50GHz,E5-4655 v4,,,8,,,16,3.2,,,2.5,,135,,,,FCLGA2011,,,,,,,,
Intel,Intel Xeon E5-4657L v2 @ 2.40GHz,E5-4657L v2,,,12,,,24,2.9,,,2.4,,115,,,,FCLGA2011,,,,,,,,
Intel,Intel Xeon E5-4660 v3 @ 2.10GHz,E5-4660 v3,,,14,,,28,2.9,,,2.1,,120,,,,FCLGA2011-3,,,,,,,,
Intel,Intel Xeon E5-4660 v4 @ 2.20GHz,E5-4660 v4,,,16,,,32,3.0,,,2.2,,120,,,,FCLGA2011-3,,,,,,,,
Intel,Intel Xeon E5-4667 v3 @ 2.00GHz,E5-4667 v3,,,16,,,32,2.9,,,2.0,,135,,,,FCLGA2011-3,,,,,,,,
Intel,Intel Xeon E5-4667 v4 @ 2.20GHz,E5-4667 v4,,,18,,,36,2.9,,,2.2,,135,,,,FCLGA2011-3,,,,,,,,
Intel,Intel Xeon E5-4669 v3 @ 2.10GHz,E5-4669 v3,,,18,,,36,2.9,,,2.1,,135,,,,FCLGA2011-3,,,,,,,,
Intel,Intel Xeon E5-4669 v4 @ 2.20GHz,E5-4669 v4,,,22,,,44,3.0,,,2.2,,135,,,,FCLGA2011-3,,,,,,,,
Intel,Intel Xeon E5205 @ 1.86GHz,E5205,,,2,,,2,,,,1.9,,65,,,,LGA771,,,,,,,,
Intel,Intel Xeon E5240 @ 3.00GHz,E5240,,,2,,,2,,,,3.0,,65,,,,LGA771,,,,,,,,
Intel,Intel Xeon E5310 @ 1.60GHz,E5310,,,4,,,4,,,,1.6,,80,,,,LGA771,,,,,,,,
Intel,Intel Xeon E5320 @ 1.86GHz,E5320,,,4,,,4,,,,1.9,,80,,,,LGA771,,,,,,,,
Intel,Intel Xeon E5335 @ 2.00GHz,E5335,,,4,,,4,,,,2.0,,80,,,,LGA771,,,,,,,,
Intel,Intel Xeon E5345 @ 2.33GHz,E5345,,,4,,,4,,,,2.3,,80,,,,LGA771,,,,,,,,
Intel,Intel Xeon E5405 @ 2.00GHz,E5405,,,4,,,4,,,,2.0,,80,,,,LGA771,,,,,,,,
Intel,Intel Xeon E5410 @ 2.33GHz,E5410,,,4,,,4,,,,2.3,,80,,,,LGA771,,,,,,,,
Intel,Intel Xeon E5420 @ 2.50GHz,E5420,,,4,,,4,,,,2.5,,80,,,,LGA771,,,,,,,,
Intel,Intel Xeon E5430 @ 2.66GHz,E5430,,,4,,,4,,,,2.7,,80,,,,LGA771,,,,,,,,
Intel,Intel Xeon E5440 @ 2.83GHz,E5440,,,4,,,4,,,,2.8,,80,,,,LGA771,,,,,,,,
Intel,Intel Xeon E5450 @ 3.00GHz,E5450,,,4,,,4,,,,3.0,,80,,,,LGA771,,,,,,,,
Intel,Intel Xeon E5462 @ 2.80GHz,E5462,,,4,,,4,,,,2.8,,80,,,,LGA771,,,,,,,,
Intel,Intel Xeon E5472 @ 3.00GHz,E5472,,,4,,,4,,,,3.0,,80,,,,LGA771,,,,,,,,
Intel,Intel Xeon E5502 @ 1.87GHz,E5502,,,2,,,2,,,,1.9,,80,,,,LGA1366,,,,,,,,
Intel,Intel Xeon E5503 @ 2.00GHz,E5503,,,2,,,2,,,,2.0,,80,,,,LGA1366,,,,,,,,
Intel,Intel Xeon E5504 @ 2.00GHz,E5504,,,4,,,4,,,,2.0,,80,,,,LGA1366,,,,,,,,
Intel,Intel Xeon E5506 @ 2.13GHz,E5506,,,4,,,4,,,,2.1,,80,,,,LGA1366,,,,,,,,
Intel,Intel Xeon E5507 @ 2.27GHz,E5507,,,4,,,4,,,,2.3,,80,,,,LGA1366,,,,,,,,
Intel,Intel Xeon E5520 @ 2.27GHz,E5520,,,4,,,8,2.5,,,2.3,,80,,,,LGA1366,,,,,,,,
Intel,Intel Xeon E5530 @ 2.40GHz,E5530,,,4,,,8,2.7,,,2.4,,80,,,,LGA1366,,,,,,,,
Intel,Intel Xeon E5540 @ 2.53GHz,E5540,,,4,,,8,2.8,,,2.5,,80,,,,LGA1366,,,,,,,,
Intel,Intel Xeon E5603 @ 1.60GHz,E5603,,,4,,,4,,,,1.6,,80,,,,LGA1366,,,,,,,,
Intel,Intel Xeon E5606 @ 2.13GHz,E5606,,,4,,,4,,,,2.1,,80,,,,LGA1366,,,,,,,,
Intel,Intel Xeon E5607 @ 2.27GHz,E5607,,,4,,,4,,,,2.3,,80,,,,LGA1366,,,,,,,,
Intel,Intel Xeon E5620 @ 2.40GHz,E5620,,,4,,,8,2.7,,,2.4,,80,,,,LGA1366,,,,,,,,
Intel,Intel Xeon E5630 @ 2.53GHz,E5630,,,4,,,8,2.8,,,2.5,,80,,,,LGA1366,,,,,,,,
Intel,Intel Xeon E5640 @ 2.67GHz,E5640,,,4,,,8,2.9,,,2.7,,80,,,,LGA1366,,,,,,,,
Intel,Intel Xeon E5645 @ 2.40GHz,E5645,,,6,,,12,2.7,,,2.4,,80,,,,LGA1366,,,,,,,,
Intel,Intel Xeon E5649 @ 2.53GHz,E5649,,,6,,,12,2.9,,,2.5,,80,,,,LGA1366,,,,,,,,
Intel,Intel Xeon E7- 2830 @ 2.13GHz,E7- 2830,,,4,,,4,2.4,,,2.1,,105,,,,LGA1567,,,,,,,,
Intel,Intel Xeon E7-4809 v2 @ 1.90GHz,E7-4809 v2,,,6,,,12,,,,1.9,,105,,,,FCLGA2011,,,,,,,,
Intel,Intel Xeon E7-8880 v3 @ 2.30GHz,E7-8880 v3,,,18,,,36,3.1,,,2.3,,150,,,,LGA2011-1,,,,,,,,
Intel,Intel Xeon E7-8891 v3 @ 2.80GHz,E7-8891 v3,,,10,,,20,3.5,,,2.8,,165,,,,LGA2011-v3,,,,,,,,
Intel,Intel Xeon E7320 @ 2.13GHz,E7320,,,4,,,4,,,,2.1,,80,,,,604,,,,,,,,
Intel,Intel Xeon Gold 5115 @ 2.40GHz,5115,,,10,,,20,3.2,,,2.4,,85,,,,FCLGA3647,,,,,,,,
Intel,Intel Xeon Gold 5117 @ 2.00GHz,5117,,,14,,,28,2.8,,,2.0,,105,,,,,,,,,,,,
Intel,Intel Xeon Gold 5118 @ 2.30GHz,5118,,,12,,,24,3.2,,,2.3,,105,,,,FCLGA3647,,,,,,,,
Intel,Intel Xeon Gold 5120 @ 2.20GHz,5120,,,14,,,28,3.2,,,2.2,,105,,,,FCLGA3647,,,,,,,,
Intel,Intel Xeon Gold 5120T @ 2.20GHz,5120T,,,14,,,28,3.2,,,2.2,,105,,,,FCLGA3647,,,,,,,,
Intel,Intel Xeon Gold 5122 @ 3.60GHz,5122,,,4,,,8,3.7,,,3.6,,105,,,,FCLGA3647,,,,,,,,
Intel,Intel Xeon Gold 5215 @ 2.20GHz,5215,,,10,,,20,3.4,,,2.5,,85,,,,FCLGA3647,,,,,,,,
Intel,Intel Xeon Gold 5215 @ 2.50GHz,5215,,,10,,,20,3.4,,,2.5,,85,,,,FCLGA3647,,,,,,,,
Intel,Intel Xeon Gold 5217 @ 3.00GHz,5217,,,8,,,16,3.7,,,3.0,,115,,,,FCLGA3647,,,,,,,,
Intel,Intel Xeon Gold 5218 @ 2.30GHz,5218,,,16,,,32,3.9,,,2.3,,125,,,,FCLGA3647,,,,,,,,
Intel,Intel Xeon Gold 5218R @ 2.10GHz,5218R,,,20,,,40,4.0,,,2.1,,125,,,,FCLGA3647,,,,,,,,
Intel,Intel Xeon Gold 5218T @ 2.10GHz,5218T,,,16,,,32,3.8,,,2.1,,105,,,,,,,,,,,,
Intel,Intel Xeon Gold 5220 @ 2.20GHz,5220,,,18,,,36,3.9,,,2.2,,125,,,,FCLGA3647,,,,,,,,
Intel,Intel Xeon Gold 5220R @ 2.20GHz,5220R,,,24,,,48,4.0,,,2.2,,150,,,,FCLGA3647,,,,,,,,
Intel,Intel Xeon Gold 5222 @ 3.80GHz,5222,,,4,,,8,3.9,,,3.8,,105,,,,FCLGA3647,,,,,,,,
Intel,Intel Xeon Gold 5315Y @ 3.20GHz,5315Y,,,8,,,16,3.6,,,3.2,,140,,,,FCLGA4189,,,,,,,,
Intel,Intel Xeon Gold 5317 @ 3.00GHz,5317,,,12,,,24,3.6,,,3.0,,150,,,,FCLGA4189,,,,,,,,
Intel,Intel Xeon Gold 5318H @ 2.50GHz,5318H,,,18,,,36,3.8,,,2.5,,150,,,,FCLGA4189,,,,,,,,
Intel,Intel Xeon Gold 5318Y @ 2.10GHz,5318Y,,,24,,,48,3.4,,,2.1,,165,,,,FCLGA4189,,,,,,,,
Intel,Intel Xeon Gold 5320 @ 2.20GHz,5320,,,26,,,52,3.4,,,2.2,,185,,,,FCLGA4189,,,,,,,,
Intel,Intel Xeon Gold 5320H @ 2.40GHz,5320H,,,20,,,40,4.2,,,2.4,,150,,,,FCLGA4189,,,,,,,,
Intel,Intel Xeon Gold 5320T @ 2.30GHz,5320T,,,20,,,40,3.5,,,2.3,,150,,,,FCLGA4189,,,,,,,,
Intel,Intel Xeon Gold 5412U,5412U,,,24,,,48,3.9,,,2.1,,185,,,,FCLGA4677,,,,,,,,
Intel,Intel Xeon Gold 5415+,5415+,,,8,,,16,4.1,,,2.9,,150,,,,FCLGA4677,,,,,,,,
Intel,Intel Xeon Gold 5416S,5416S,,,16,,,32,4.0,,,2.0,,150,,,,FCLGA4677,,,,,,,,
Intel,Intel Xeon Gold 5418Y,5418Y,,,24,,,48,3.8,,,2.0,,185,,,,FCLGA4677,,,,,,,,
Intel,Intel Xeon Gold 5420+,5420+,,,28,,,56,4.1,,,2.0,,205,,,,FCLGA4677,,,,,,,,
Intel,Intel Xeon Gold 5512U,5512U,,,28,,,56,3.7,,,2.1,,185,,,,FCLGA4677,,,,,,,,
Intel,Intel Xeon Gold 5515+,5515+,,,8,,,16,4.1,,,3.2,,165,,,,FCLGA4677,,,,,,,,
Intel,Intel Xeon Gold 5520+,5520+,,,28,,,56,0.4,,,2.2,,205,,,,FCLGA4677,,,,,,,,
Intel,Intel Xeon Gold 6122 @ 1.80GHz,6122,,,20,,,40,3.7,,,1.8,,120,,,,FCLGA3647,,,,,,,,
Intel,Intel Xeon Gold 6126 @ 2.60GHz,6126,,,12,,,24,3.7,,,2.6,,125,,,,FCLGA3647,,,,,,,,
Intel,Intel Xeon Gold 6126T @ 2.60GHz,6126T,,,12,,,24,3.7,,,2.6,,125,,,,FCLGA3647,,,,,,,,
Intel,Intel Xeon Gold 6128 @ 3.40GHz,6128,,,6,,,12,3.7,,,3.4,,115,,,,FCLGA3647,,,,,,,,
Intel,Intel Xeon Gold 6130 @ 2.10GHz,6130,,,16,,,32,3.7,,,2.1,,125,,,,FCLGA3647,,,,,,,,
Intel,Intel Xeon Gold 6130T @ 2.10GHz,6130T,,,16,,,32,3.7,,,2.1,,125,,,,FCLGA3647,,,,,,,,
Intel,Intel Xeon Gold 6132 @ 2.60GHz,6132,,,14,,,28,3.7,,,2.6,,140,,,,FCLGA3647,,,,,,,,
Intel,Intel Xeon Gold 6134 @ 3.20GHz,6134,,,8,,,16,3.7,,,3.2,,130,,,,FCLGA3647,,,,,,,,
Intel,Intel Xeon Gold 6136 @ 3.00GHz,6136,,,12,,,24,3.7,,,3.0,,150,,,,FCLGA3647,,,,,,,,
Intel,Intel Xeon Gold 6137 @ 3.90GHz,6137,,,8,,,16,4.1,,,3.9,,205,,,,FCLGA-3647,,,,,,,,
Intel,Intel Xeon Gold 6138 @ 2.00GHz,6138,,,20,,,40,3.7,,,2.0,,125,,,,FCLGA3647,,,,,,,,
Intel,Intel Xeon Gold 6138T @ 2.00GHz,6138T,,,20,,,40,3.7,,,2.0,,125,,,,FCLGA3647,,,,,,,,
Intel,Intel Xeon Gold 6140 @ 2.30GHz,6140,,,18,,,36,3.7,,,2.3,,140,,,,FCLGA3647,,,,,,,,
Intel,Intel Xeon Gold 6142 @ 2.60GHz,6142,,,16,,,32,3.7,,,2.6,,150,,,,FCLGA3647,,,,,,,,
Intel,Intel Xeon Gold 6142M @ 2.60GHz,6142M,,,16,,,32,3.7,,,2.6,,150,,,,FCLGA3647,,,,,,,,
Intel,Intel Xeon Gold 6143 @ 2.80GHz,6143,,,16,,,32,4.0,,,2.8,,205,,,,FCLGA3647,,,,,,,,
Intel,Intel Xeon Gold 6144 @ 3.50GHz,6144,,,8,,,16,4.2,,,3.5,,150,,,,FCLGA3647,,,,,,,,
Intel,Intel Xeon Gold 6146 @ 3.20GHz,6146,,,12,,,24,4.2,,,3.2,,165,,,,FCLGA3647,,,,,,,,
Intel,Intel Xeon Gold 6148 @ 2.40GHz,6148,,,20,,,40,3.7,,,2.4,,150,,,,FCLGA3647,,,,,,,,
Intel,Intel Xeon Gold 6150 @ 2.70GHz,6150,,,18,,,36,3.7,,,2.7,,165,,,,FCLGA3647,,,,,,,,
Intel,Intel Xeon Gold 6152 @ 2.10GHz,6152,,,22,,,44,3.7,,,2.1,,140,,,,FCLGA3647,,,,,,,,
Intel,Intel Xeon Gold 6154 @ 3.00GHz,6154,,,18,,,36,3.7,,,3.0,,200,,,,FCLGA3647,,,,,,,,
Intel,Intel Xeon Gold 6208U @ 2.90GHz,6208U,,,16,,,32,3.9,,,2.9,,150,,,,FCLGA3647,,,,,,,,
Intel,Intel Xeon Gold 6210U @ 2.50GHz,6210U,,,20,,,40,3.9,,,2.5,,150,,,,FCLGA3647,,,,,,,,
Intel,Intel Xeon Gold 6212U @ 2.40GHz,6212U,,,24,,,48,3.9,,,2.4,,165,,,,FCLGA3647,,,,,,,,
Intel,Intel Xeon Gold 6222V @ 1.80GHz,6222V,,,20,,,40,3.6,,,1.8,,115,,,,FCLGA3647,,,,,,,,
Intel,Intel Xeon Gold 6226 @ 2.70GHz,6226,,,12,,,24,3.7,,,2.7,,125,,,,FCLGA3647,,,,,,,,
Intel,Intel Xeon Gold 6226R @ 2.90GHz,6226R,,,16,,,32,3.9,,,2.9,,150,,,,FCLGA3647,,,,,,,,
Intel,Intel Xeon Gold 6230 @ 2.10GHz,6230,,,20,,,40,3.9,,,2.1,,125,,,,FCLGA3647,,,,,,,,
Intel,Intel Xeon Gold 6230R @ 2.10GHz,6230R,,,26,,,52,4.0,,,2.1,,150,,,,FCLGA3647,,,,,,,,
Intel,Intel Xeon Gold 6230T @ 2.10GHz,6230T,,,20,,,40,3.9,,,2.1,,125,,,,FCLGA3647,,,,,,,,
Intel,Intel Xeon Gold 6234 @ 3.30GHz,6234,,,8,,,16,4.0,,,3.3,,130,,,,FCLGA3647,,,,,,,,
Intel,Intel Xeon Gold 6238 @ 2.10GHz,6238,,,22,,,44,3.7,,,2.1,,140,,,,FCLGA3647,,,,,,,,
Intel,Intel Xeon Gold 6238R @ 2.20GHz,6238R,,,28,,,56,4.0,,,2.2,,165,,,,FCLGA3647,,,,,,,,
Intel,Intel Xeon Gold 6240 @ 2.60GHz,6240,,,18,,,36,3.9,,,2.6,,150,,,,FCLGA3647,,,,,,,,
Intel,Intel Xeon Gold 6240R @ 2.40GHz,6240R,,,24,,,48,4.0,,,2.4,,165,,,,FCLGA3647,,,,,,,,
Intel,Intel Xeon Gold 6242 @ 2.80GHz,6242,,,16,,,32,3.9,,,2.8,,150,,,,FCLGA3647,,,,,,,,
Intel,Intel Xeon Gold 6242R @ 3.10GHz,6242R,,,20,,,40,4.1,,,3.1,,205,,,,FCLGA3647,,,,,,,,
Intel,Intel Xeon Gold 6244 @ 3.60GHz,6244,,,8,,,16,4.4,,,3.6,,150,,,,FCLGA3647,,,,,,,,
Intel,Intel Xeon Gold 6246 @ 3.30GHz,6246,,,12,,,24,4.2,,,3.3,,165,,,,FCLGA3647,,,,,,,,
Intel,Intel Xeon Gold 6246R @ 3.40GHz,6246R,,,16,,,32,4.1,,,3.4,,205,,,,FCLGA3647,,,,,,,,
Intel,Intel Xeon Gold 6248 @ 2.50GHz,6248,,,20,,,40,3.9,,,2.5,,150,,,,FCLGA3647,,,,,,,,
Intel,Intel Xeon Gold 6248R @ 3.00GHz,6248R,,,24,,,48,4.0,,,3.0,,205,,,,FCLGA3647,,,,,,,,
Intel,Intel Xeon Gold 6250 @ 3.90GHz,6250,,,8,,,16,4.5,,,3.9,,185,,,,FCLGA3647,,,,,,,,
Intel,Intel Xeon Gold 6252 @ 2.10GHz,6252,,,24,,,48,3.7,,,2.1,,150,,,,FCLGA3647,,,,,,,,
Intel,Intel Xeon Gold 6253CL @ 3.10GHz,6253CL,,,18,,,36,3.9,,,3.1,,205,,,,FCLGA3647,,,,,,,,
Intel,Intel Xeon Gold 6254 @ 3.10GHz,6254,,,18,,,36,4.0,,,3.1,,200,,,,FCLGA3647,,,,,,,,
Intel,Intel Xeon Gold 6256 @ 3.60GHz,6256,,,12,,,24,4.5,,,3.6,,205,,,,FCLGA3647,,,,,,,,
Intel,Intel Xeon Gold 6258R @ 2.70GHz,6258R,,,28,,,56,4.0,,,2.7,,205,,,,FCLGA3647,,,,,,,,
Intel,Intel Xeon Gold 6262 @ 1.90GHz,6262,,,24,,,48,3.6,,,1.9,,135,,,,,,,,,,,,
Intel,Intel Xeon Gold 6262V @ 1.90GHz,6262V,,,24,,,48,3.6,,,1.9,,135,,,,FCLGA3647,,,,,,,,
Intel,Intel Xeon Gold 6266C @ 3.00GHz,6266C,,,22,,,44,3.4,,,3.0,,205,,,,FCLGA3647,,,,,,,,
Intel,Intel Xeon Gold 6268CL @ 2.80GHz,6268CL,,,24,,,48,3.9,,,2.8,,205,,,,FCLGA3647,,,,,,,,
Intel,Intel Xeon Gold 6278C @ 2.60GHz,6278C,,,26,,,52,3.5,,,2.6,,185,,,,FCLGA3647,,,,,,,,
Intel,Intel Xeon Gold 6312U @ 2.40GHz,6312U,,,24,,,48,3.6,,,2.4,,185,,,,FCLGA4189,,,,,,,,
Intel,Intel Xeon Gold 6314U @ 2.30GHz,6314U,,,32,,,64,3.4,,,2.3,,205,,,,FCLGA4189,,,,,,,,
Intel,Intel Xeon Gold 6326 @ 2.90GHz,6326,,,16,,,32,3.5,,,2.9,,185,,,,FCLGA4189,,,,,,,,
Intel,Intel Xeon Gold 6330 @ 2.00GHz,6330,,,28,,,56,3.1,,,2.0,,205,,,,FCLGA4189,,,,,,,,
Intel,Intel Xeon Gold 6330N @ 2.20GHz,6330N,,,28,,,56,3.4,,,2.2,,165,,,,FCLGA4189,,,,,,,,
Intel,Intel Xeon Gold 6334 @ 3.60GHz,6334,,,8,,,16,3.7,,,3.6,,165,,,,FCLGA4189,,,,,,,,
Intel,Intel Xeon Gold 6336Y @ 2.40GHz,6336Y,,,24,,,48,3.6,,,2.4,,185,,,,FCLGA4189,,,,,,,,
Intel,Intel Xeon Gold 6338 @ 2.00GHz,6338,,,32,,,64,3.2,,,2.0,,205,,,,FCLGA4189,,,,,,,,
Intel,Intel Xeon Gold 6338N @ 2.20GHz,6338N,,,32,,,64,3.5,,,2.2,,185,,,,FCLGA4189,,,,,,,,
Intel,Intel Xeon Gold 6338T @ 2.10GHz,6338T,,,24,,,48,3.4,,,2.1,,165,,,,FCLGA4189,,,,,,,,
Intel,Intel Xeon Gold 6342 @ 2.80GHz,6342,,,24,,,48,3.5,,,2.8,,230,,,,FCLGA4189,,,,,,,,
Intel,Intel Xeon Gold 6346 @ 3.10GHz,6346,,,16,,,32,3.6,,,3.1,,205,,,,FCLGA4189,,,,,,,,
Intel,Intel Xeon Gold 6348 @ 2.60GHz,6348,,,28,,,56,3.5,,,2.6,,235,,,,FCLGA4189,,,,,,,,
Intel,Intel Xeon Gold 6354 @ 3.00GHz,6354,,,18,,,36,3.6,,,3.0,,205,,,,FCLGA4189,,,,,,,,
Intel,Intel Xeon Gold 6414U,6414U,,,32,,,64,3.4,,,2.0,,250,,,,FCLGA4677,,,,,,,,
Intel,Intel Xeon Gold 6416H,6416H,,,18,,,36,4.2,,,2.2,,165,,,,FCLGA4677,,,,,,,,
Intel,Intel Xeon Gold 6418H,6418H,,,24,,,48,4.0,,,2.1,,185,,,,FCLGA4677,,,,,,,,
Intel,Intel Xeon Gold 6421N,6421N,,,32,,,64,3.6,,,1.8,,185,,,,FCLGA4677,,,,,,,,
Intel,Intel Xeon Gold 6423N,6423N,,,28,,,56,3.6,,,2.0,,195,,,,FCLGA4677,,,,,,,,
Intel,Intel Xeon Gold 6426Y,6426Y,,,16,,,32,4.1,,,2.5,,185,,,,FCLGA4677,,,,,,,,
Intel,Intel Xeon Gold 6430,6430,,,32,,,64,3.4,,,1.9,,,,,,,,,,,,,,
Intel,Intel Xeon Gold 6434,6434,,,8,,,16,4.1,,,3.7,,195,,,,FCLGA4677,,,,,,,,
Intel,Intel Xeon Gold 6438N,6438N,,,32,,,64,3.6,,,2.0,,205,,,,FCLGA4677,,,,,,,,
Intel,Intel Xeon Gold 6438Y+,6438Y+,,,32,,,64,4.0,,,2.0,,205,,,,FCLGA4677,,,,,,,,
Intel,Intel Xeon Gold 6442Y,6442Y,,,24,,,48,4.0,,,2.6,,225,,,,FCLGA4677,,,,,,,,
Intel,Intel Xeon Gold 6444Y,6444Y,,,16,,,32,4.0,,,3.6,,270,,,,FCLGA4677,,,,,,,,
Intel,Intel Xeon Gold 6448H,6448H,,,32,,,64,4.1,,,3.4,,250,,,,FCLGA4677,,,,,,,,
Intel,Intel Xeon Gold 6448Y,6448Y,,,32,,,64,4.1,,,2.1,,225,,,,FCLGA4677,,,,,,,,
Intel,Intel Xeon Gold 6450C,6450C,,,30,,,60,2.3,,,1.0,,122,,,,FCLGA4677,,,,,,,,
Intel,Intel Xeon Gold 6526Y,6526Y,,,16,,,32,3.9,,,2.8,,195,,,,FCLGA4677,,,,,,,,
Intel,Intel Xeon Gold 6530,6530,,,32,,,64,4.0,,,2.1,,270,,,,FCLGA4677,,,,,,,,
Intel,Intel Xeon Gold 6534,6534,,,8,,,16,4.2,,,3.9,,195,,,,FCLGA4677,,,,,,,,
Intel,Intel Xeon Gold 6538N,6538N,,,32,,,64,4.1,,,2.1,,205,,,,FCLGA4677,,,,,,,,
Intel,Intel Xeon Gold 6542Y,6542Y,,,24,,,48,4.1,,,2.9,,250,,,,FCLGA4677,,,,,,,,
Intel,Intel Xeon Gold 6544Y,6544Y,,,16,,,32,4.1,,,3.6,,270,,,,FCLGA4677,,,,,,,,
Intel,Intel Xeon Gold 6548N,6548N,,,32,,,64,4.1,,,2.8,,250,,,,FCLGA4677,,,,,,,,
Intel,Intel Xeon Gold 6548Y+,6548Y+,,,32,,,64,4.1,,,2.5,,205,,,,FCLGA4677,,,,,,,,
Intel,Intel Xeon Gold 6554S,6554S,,,36,,,72,4.0,,,2.2,,270,,,,FCLGA4677,,,,,,,,
Intel,Intel Xeon L3110 @ 3.00GHz,L3110,,,2,,,2,,,,3.0,,45,,,,LGA775,,,,,,,,
Intel,Intel Xeon L3360 @ 2.83GHz,L3360,,,4,,,4,,,,2.8,,65,,,,LGA775,,,,,,,,
Intel,Intel Xeon L3406 @ 2.27GHz,L3406,,,2,,,4,2.5,,,2.3,,30,,,,LGA1156,,,,,,,,
Intel,Intel Xeon L3426 @ 1.87GHz,L3426,,,4,,,8,3.2,,,1.9,,45,,,,LGA1156,,,,,,,,
Intel,Intel Xeon L5238 @ 2.66GHz,L5238,,,2,,,2,,,,2.7,,35,,,,LGA771,,,,,,,,
Intel,Intel Xeon L5240 @ 3.00GHz,L5240,,,2,,,2,,,,3.0,,40,,,,LGA771,,,,,,,,
Intel,Intel Xeon L5310 @ 1.60GHz,L5310,,,4,,,4,,,,1.6,,50,,,,LGA771,,,,,,,,
Intel,Intel Xeon L5320 @ 1.86GHz,L5320,,,4,,,4,,,,1.9,,50,,,,LGA771,,,,,,,,
Intel,Intel Xeon L5335 @ 2.00GHz,L5335,,,4,,,4,,,,2.0,,50,,,,LGA771,,,,,,,,
Intel,Intel Xeon L5408 @ 2.13GHz,L5408,,,4,,,4,,,,2.1,,40,,,,LGA771,,,,,,,,
Intel,Intel Xeon L5410 @ 2.33GHz,L5410,,,4,,,4,,,,2.3,,50,,,,LGA771,,,,,,,,
Intel,Intel Xeon L5420 @ 2.50GHz,L5420,,,4,,,4,,,,2.5,,50,,,,LGA771,,,,,,,,
Intel,Intel Xeon L5430 @ 2.66GHz,L5430,,,4,,,4,,,,2.7,,50,,,,LGA771,,,,,,,,
Intel,Intel Xeon L5506 @ 2.13GHz,L5506,,,4,,,4,,,,2.1,,60,,,,LGA1366,,,,,,,,
Intel,Intel Xeon L5520 @ 2.27GHz,L5520,,,4,,,8,2.5,,,2.3,,60,,,,LGA1366,,,,,,,,
Intel,Intel Xeon L5530 @ 2.40GHz,L5530,,,4,,,8,2.7,,,2.4,,60,,,,LGA1366,,,,,,,,
Intel,Intel Xeon L5609 @ 1.87GHz,L5609,,,4,,,4,1.9,,,1.9,,40,,,,LGA1366,,,,,,,,
Intel,Intel Xeon L5630 @ 2.13GHz,L5630,,,4,,,8,2.4,,,2.1,,40,,,,LGA1366,,,,,,,,
Intel,Intel Xeon L5638 @ 2.00GHz,L5638,,,6,,,12,2.4,,,2.0,,60,,,,LGA1366,,,,,,,,
Intel,Intel Xeon L5639 @ 2.13GHz,L5639,,,6,,,12,2.7,,,2.1,,60,,,,LGA1366,,,,,,,,
Intel,Intel Xeon L5640 @ 2.27GHz,L5640,,,6,,,12,2.8,,,2.3,,60,,,,LGA1366,,,,,,,,
Intel,Intel Xeon L7455 @ 2.13GHz,L7455,,,6,,,6,,,,2.1,,65,,,,PGA604,,,,,,,,
Intel,Intel Xeon Max 9462,Max 9462,,,32,,,64,3.5,,,2.7,,350,,,,FCLGA4677,,,,,,,,
Intel,Intel Xeon Max 9480,Max 9480,,,56,,,112,3.5,,,1.9,,350,,,,FCLGA4677,,,,,,,,
Intel,Intel Xeon MV 3.20GHz,MV 3.20GHz,,,2,,,4,,,,3.2,,90,,,,mPGA604,,,,,,,,
Intel,Intel Xeon Phi 7210 @ 1.30GHz,Phi 7210,,,64,,,64,1.5,,,1.3,,215,,,,SVLCLGA3647,,,,,,,,
Intel,Intel Xeon Phi 7290 @ 1.50GHz,Phi 7290,,,72,,,288,1.7,,,1.5,,245,,,,SVLCLGA3647,,,,,,,,
Intel,Intel Xeon Platinum 8124M @ 3.00GHz,8124M,,,18,,,36,3.5,,,3.0,,,,,,FCLGA3647,,,,,,,,
Intel,Intel Xeon Platinum 8151 @ 3.40GHz,8151,,,12,,,24,,,,3.4,,,,,,,,,,,,,,
Intel,Intel Xeon Platinum 8160 @ 2.10GHz,8160,,,24,,,48,3.7,,,2.1,,150,,,,FCLGA3647,,,,,,,,
Intel,Intel Xeon Platinum 8167M @ 2.00GHz,8167M,,,26,,,52,2.4,,,2.0,,,,,,FCLGA3647,,,,,,,,
Intel,Intel Xeon Platinum 8168 @ 2.70GHz,8168,,,24,,,48,3.7,,,2.7,,205,,,,FCLGA3647,,,,,,,,
Intel,Intel Xeon Platinum 8171M @ 2.60GHz,8171M,,,26,,,52,3.7,,,2.6,,165,,,,FCLGA3647,,,,,,,,
Intel,Intel Xeon Platinum 8173M @ 2.00GHz,8173M,,,28,,,56,3.5,,,2.0,,165,,,,FCLGA3647,,,,,,,,
Intel,Intel Xeon Platinum 8174 @ 3.10GHz,8174,,,24,,,48,3.9,,,3.1,,240,,,,FCLGA3647,,,,,,,,
Intel,Intel Xeon Platinum 8175M @ 2.50GHz,8175M,,,24,,,48,,,,2.5,,,,,,FCLGA3647,,,,,,,,
Intel,Intel Xeon Platinum 8176 @ 2.10GHz,8176,,,28,,,56,3.8,,,2.1,,165,,,,FCLGA3647,,,,,,,,
Intel,Intel Xeon Platinum 8180 @ 2.50GHz,8180,,,28,,,56,3.8,,,2.5,,205,,,,FCLGA3647,,,,,,,,
Intel,Intel Xeon Platinum 8180M @ 2.50GHz,8180M,,,28,,,56,3.8,,,2.5,,205,,,,FCLGA3647,,,,,,,,
Intel,Intel Xeon Platinum 8252C @ 3.80GHz,8252C,,,12,,,24,4.5,,,3.8,,,,,,,,,,,,,,
Intel,Intel Xeon Platinum 8259CL @ 2.50GHz,8259CL,,,24,,,48,3.5,,,2.5,,210,,,,LGA 3647,,,,,,,,
Intel,Intel Xeon Platinum 8260 @ 2.40GHz,8260,,,24,,,48,3.9,,,2.4,,165,,,,FCLGA3647,,,,,,,,
Intel,Intel Xeon Platinum 8260C @ 2.40GHz,8260C,,,24,,,48,3.9,,,2.6,,,,,,FCLGA3647,,,,,,,,
Intel,Intel Xeon Platinum 8260M @ 2.30GHz,8260M,,,24,,,48,3.9,,,2.3,,165,,,,LGA3647,,,,,,,,
Intel,Intel Xeon Platinum 8260M @ 2.40GHz,8260M,,,24,,,48,3.9,,,2.4,,165,,,,FCLGA3647,,,,,,,,
Intel,Intel Xeon Platinum 8268 @ 2.90GHz,8268,,,24,,,48,3.9,,,2.9,,205,,,,FCLGA3647,,,,,,,,
Intel,Intel Xeon Platinum 8270 @ 2.70GHz,8270,,,26,,,52,4.0,,,2.7,,205,,,,FCLGA3647,,,,,,,,
Intel,Intel Xeon Platinum 8273CL @ 2.20GHz,8273CL,,,28,,,56,3.7,,,2.2,,165,,,,FCLGA3647,,,,,,,,
Intel,Intel Xeon Platinum 8275CL @ 3.00GHz,8275CL,,,24,,,48,,,,3.0,,,,,,,,,,,,,,
Intel,Intel Xeon Platinum 8280 @ 2.70GHz,8280,,,28,,,56,4.0,,,2.7,,205,,,,FCLGA3647,,,,,,,,
Intel,Intel Xeon Platinum 8280M @ 2.70GHz,8280M,,,28,,,56,4.0,,,2.7,,205,,,,FCLGA3647,,,,,,,,
Intel,Intel Xeon Platinum 8347C @ 2.10GHz,8347C,,,36,,,72,3.5,,,2.1,,210,,,,LGA4189,,,,,,,,
Intel,Intel Xeon Platinum 8351N @ 2.40GHz,8351N,,,36,,,72,3.5,,,2.4,,225,,,,FCLGA4189,,,,,,,,
Intel,Intel Xeon Platinum 8358 @ 2.60GHz,8358,,,32,,,64,3.4,,,2.6,,250,,,,FCLGA4189,,,,,,,,
Intel,Intel Xeon Platinum 8360Y @ 2.40GHz,8360Y,,,36,,,72,3.5,,,2.4,,250,,,,FCLGA4189,,,,,,,,
Intel,Intel Xeon Platinum 8362 @ 2.80GHz,8362,,,32,,,64,3.6,,,2.8,,265,,,,FCLGA4189,,,,,,,,
Intel,Intel Xeon Platinum 8368Q @ 2.60GHz,8368Q,,,38,,,76,3.7,,,2.6,,270,,,,FCLGA4189,,,,,,,,
Intel,Intel Xeon Platinum 8375C @ 2.90GHz,8375C,,,32,,,64,3.5,,,2.9,,300,,,,FCLGA4189,,,,,,,,
Intel,Intel Xeon Platinum 8380 @ 2.30GHz,8380,,,40,,,80,3.4,,,2.3,,270,,,,FCLGA4189,,,,,,,,
Intel,Intel Xeon Platinum 8454H,8454H,,,32,,,64,3.4,,,2.1,,270,,,,FCLGA4677,,,,,,,,
Intel,Intel Xeon Platinum 8461V,8461V,,,48,,,96,3.7,,,2.2,,300,,,,FCLGA4677,,,,,,,,
Intel,Intel Xeon Platinum 8469C,8469C,,,48,,,96,3.8,,,2.5,,350,,,,FCLGA4677,,,,,,,,
Intel,Intel Xeon Platinum 8470 @2.00GHz,8470,,,52,,,104,3.8,,,2.0,,350,,,,FCLGA4677,,,,,,,,
Intel,Intel Xeon Platinum 8475B,8475B,,,1,,,2,,,,3.8,,,,,,,,,,,,,,
Intel,Intel Xeon Platinum 8480C,8480C,,,56,,,112,3.8,,,2.0,,350,,,,FCLGA4677,,,,,,,,
Intel,Intel Xeon Platinum 8481C @ 2.70GHz,8481C,,,4,,,8,3.8,,,2.7,,350,,,,,,,,,,,,
Intel,Intel Xeon Platinum 8488C,8488C,,,48,,,96,3.8,,,2.4,,385,,,,,,,,,,,,
Intel,Intel Xeon Platinum 8562Y+,8562Y+,,,32,,,64,4.1,,,2.8,,300,,,,FCLGA4677,,,,,,,,
Intel,Intel Xeon Platinum 8568Y+,8568Y+,,,48,,,96,4.0,,,2.3,,350,,,,FCLGA4677,,,,,,,,
Intel,Intel Xeon Platinum 8570,8570,,,56,,,112,4.0,,,2.1,,350,,,,FCLGA4677,,,,,,,,
Intel,Intel Xeon Platinum 8571N,8571N,,,52,,,104,4.0,,,2.4,,300,,,,FCLGA4677,,,,,,,,
Intel,Intel Xeon Platinum 8575C,8575C,,,1,,,2,,,,4.0,,,,,,,,,,,,,,
Intel,Intel Xeon Platinum 8581C @ 2.30GHz,8581C,,,2,,,4,4.0,,,2.3,,,,,,,,,,,,,,
Intel,Intel Xeon Platinum 8592+,8592+,,,64,,,128,3.9,,,1.9,,350,,,,FCLGA4677,,,,,,,,
Intel,Intel Xeon Platinum P-8124 @ 3.00GHz,P-8124,,,18,,,36,3.5,,,3.0,,240,,,,FCLGA3647,,,,,,,,
Intel,Intel Xeon Silver 4108 @ 1.80GHz,4108,,,8,,,16,3.0,,,1.8,,85,,,,FCLGA3647,,,,,,,,
Intel,Intel Xeon Silver 4109T @ 2.00GHz,4109T,,,8,,,16,3.0,,,2.0,,70,,,,FCLGA3647,,,,,,,,
Intel,Intel Xeon Silver 4110 @ 2.10GHz,4110,,,8,,,16,3.0,,,2.1,,85,,,,FCLGA3647,,,,,,,,
Intel,Intel Xeon Silver 4112 @ 2.60GHz,4112,,,4,,,8,3.0,,,2.6,,85,,,,FCLGA3647,,,,,,,,
Intel,Intel Xeon Silver 4114 @ 2.20GHz,4114,,,10,,,20,3.0,,,2.2,,85,,,,FCLGA3647,,,,,,,,
Intel,Intel Xeon Silver 4116 @ 2.10GHz,4116,,,12,,,24,3.0,,,2.1,,85,,,,FCLGA3647,,,,,,,,
Intel,Intel Xeon Silver 4116T @ 2.10GHz,4116T,,,12,,,24,3.0,,,2.1,,85,,,,FCLGA3647,,,,,,,,
Intel,Intel Xeon Silver 4123 @ 3.00GHz,4123,,,8,,,16,3.2,,,3.0,,105,,,,,,,,,,,,
Intel,Intel Xeon Silver 4208 @ 2.10GHz,4208,,,8,,,16,3.2,,,2.1,,85,,,,FCLGA3647,,,,,,,,
Intel,Intel Xeon Silver 4209T @ 2.20GHz,4209T,,,8,,,16,3.2,,,2.2,,70,,,,FCLGA3647,,,,,,,,
Intel,Intel Xeon Silver 4210 @ 2.20GHz,4210,,,10,,,20,3.2,,,2.2,,85,,,,FCLGA3647,,,,,,,,
Intel,Intel Xeon Silver 4210R @ 2.40GHz,4210R,,,10,,,20,3.2,,,2.4,,100,,,,FCLGA3647,,,,,,,,
Intel,Intel Xeon Silver 4214 @ 2.20GHz,4214,,,12,,,24,3.2,,,2.2,,85,,,,FCLGA3647,,,,,,,,
Intel,Intel Xeon Silver 4214R @ 2.40GHz,4214R,,,12,,,24,3.5,,,2.4,,100,,,,FCLGA3647,,,,,,,,
Intel,Intel Xeon Silver 4214Y @ 2.20GHz,4214Y,,,12,,,24,3.2,,,2.2,,85,,,,FCLGA3647,,,,,,,,
Intel,Intel Xeon Silver 4215 @ 2.50GHz,4215,,,8,,,16,3.5,,,2.5,,85,,,,FCLGA3647,,,,,,,,
Intel,Intel Xeon Silver 4215R @ 3.20GHz,4215R,,,8,,,16,4.0,,,3.2,,130,,,,FCLGA3647,,,,,,,,
Intel,Intel Xeon Silver 4216 @ 2.10GHz,4216,,,16,,,32,3.2,,,2.1,,100,,,,FCLGA3647,,,,,,,,
Intel,Intel Xeon Silver 4216R @ 2.20GHz,4216R,,,16,,,32,,,,2.2,,,,,,FCLGA3647,,,,,,,,
Intel,Intel Xeon Silver 4309Y @ 2.80GHz,4309Y,,,8,,,16,3.6,,,2.8,,105,,,,FCLGA4189,,,,,,,,
Intel,Intel Xeon Silver 4310 @ 2.10GHz,4310,,,12,,,24,3.3,,,2.1,,120,,,,FCLGA4189,,,,,,,,
Intel,Intel Xeon Silver 4310T @ 2.30GHz,4310T,,,10,,,20,3.4,,,2.3,,105,,,,FCLGA4189,,,,,,,,
Intel,Intel Xeon Silver 4314 @ 2.40GHz,4314,,,16,,,32,3.4,,,2.4,,135,,,,FCLGA4189,,,,,,,,
Intel,Intel Xeon Silver 4316 @ 2.30GHz,4316,,,20,,,40,3.4,,,2.3,,150,,,,FCLGA4189,,,,,,,,
Intel,Intel Xeon Silver 4410T,4410T,,,10,,,20,4.0,,,2.7,,150,,,,FCLGA4677,,,,,,,,
Intel,Intel Xeon Silver 4410Y,4410Y,,,12,,,24,3.9,,,2.0,,150,,,,FCLGA4677,,,,,,,,
Intel,Intel Xeon Silver 4416+,4416+,,,20,,,40,3.9,,,2.0,,165,,,,FCLGA4677,,,,,,,,
Intel,Intel Xeon Silver 4509Y,4509Y,,,8,,,16,4.1,,,2.6,,125,,,,FCLGA4677,,,,,,,,
Intel,Intel Xeon Silver 4510,4510,,,12,,,24,4.1,,,2.4,,150,,,,FCLGA4677,,,,,,,,
Intel,Intel Xeon Silver 4510T,4510T,,,12,,,24,3.7,,,2.0,,115,,,,FCLGA4677,,,,,,,,
Intel,Intel Xeon Silver 4514Y,4514Y,,,16,,,32,3.4,,,2.0,,150,,,,FCLGA4677,,,,,,,,
Intel,Intel Xeon W-10855M @ 2.80GHz,W-10855M,,,6,,,12,5.1,,,2.8,,45,,,,FCBGA1440,,,,,,,,
Intel,Intel Xeon W-10885M @ 2.40GHz,W-10885M,,,8,,,16,5.3,,,2.4,,45,,,,FCBGA1440,,,,,,,,
Intel,Intel Xeon W-11155MLE @ 1.80GHz,W-11155MLE,,,4,,,8,3.1,,,1.8,,25,,,,FCBGA1787,,,,,,,,
Intel,Intel Xeon W-11555MLE @ 1.90GHz,W-11555MLE,,,6,,,12,4.4,,,1.9,,25,,,,FCBGA1787,,,,,,,,
Intel,Intel Xeon W-11555MRE @ 2.60GHz,W-11555MRE,,,6,,,12,4.5,,,2.6,,45,,,,FCBGA1787,,,,,,,,
Intel,Intel Xeon W-11855M @ 3.20GHz,W-11855M,,,6,,,12,4.9,,,3.2,,45,,,,FCBGA1787,,,,,,,,
Intel,Intel Xeon W-11865MLE @ 1.50GHz,W-11865MLE,,,8,,,16,4.5,,,1.5,,25,,,,FCBGA1787,,,,,,,,
Intel,Intel Xeon W-11865MRE @ 2.60GHz,W-11865MRE,,,8,,,16,4.7,,,2.6,,45,,,,FCBGA1787,,,,,,,,
Intel,Intel Xeon W-11955M @ 2.60GHz,W-11955M,,,8,,,16,5.0,,,2.6,,45,,,,FCBGA1787,,,,,,,,
Intel,Intel Xeon W-1250 @ 3.30GHz,W-1250,,,6,,,12,4.7,,,3.3,,80,,,,FCLGA1200,,,,,,,,
Intel,Intel Xeon W-1250E @ 3.50GHz,W-1250E,,,6,,,12,4.7,,,3.5,,80,,,,FCLGA1200,,,,,,,,
Intel,Intel Xeon W-1250P @ 4.10GHz,W-1250P,,,6,,,12,4.8,,,4.1,,125,,,,FCLGA1200,,,,,,,,
Intel,Intel Xeon W-1250TE @ 2.40GHz,W-1250TE,,,6,,,12,3.8,,,2.4,,35,,,,FCLGA1200,,,,,,,,
Intel,Intel Xeon W-1270 @ 3.40GHz,W-1270,,,8,,,16,5.0,,,3.4,,80,,,,FCLGA1200,,,,,,,,
Intel,Intel Xeon W-1270E @ 3.40GHz,W-1270E,,,8,,,16,4.8,,,3.4,,80,,,,FCLGA1200,,,,,,,,
Intel,Intel Xeon W-1270P @ 3.80GHz,W-1270P,,,8,,,16,5.1,,,3.8,,95,,,,FCLGA1200,,,,,,,,
Intel,Intel Xeon W-1270TE @ 2.00GHz,W-1270TE,,,8,,,16,4.4,,,2.0,,35,,,,FCLGA1200,,,,,,,,
Intel,Intel Xeon W-1290 @ 3.20GHz,W-1290,,,10,,,20,5.2,,,3.2,,80,,,,FCLGA1200,,,,,,,,
Intel,Intel Xeon W-1290E @ 3.50GHz,W-1290E,,,10,,,20,4.8,,,3.5,,95,,,,FCLGA1200,,,,,,,,
Intel,Intel Xeon W-1290P @ 3.70GHz,W-1290P,,,10,,,20,5.3,,,3.7,,125,,,,FCLGA1200,,,,,,,,
Intel,Intel Xeon W-1290T @ 1.90GHz,W-1290T,,,10,,,20,4.7,,,1.9,,35,,,,FCLGA1200,,,,,,,,
Intel,Intel Xeon W-1290TE @ 1.80GHz,W-1290TE,,,10,,,20,4.5,,,1.8,,35,,,,FCLGA1200,,,,,,,,
Intel,Intel Xeon W-1350 @ 3.30GHz,W-1350,,,6,,,12,5.0,,,3.3,,80,,,,FCLGA1200,,,,,,,,
Intel,Intel Xeon W-1350P @ 4.00GHz,W-1350P,,,6,,,12,5.1,,,4.0,,65,,,,FCLGA1200,,,,,,,,
Intel,Intel Xeon W-1370 @ 2.90GHz,W-1370,,,8,,,16,5.1,,,2.9,,80,,,,FCLGA1200,,,,,,,,
Intel,Intel Xeon W-1370P @ 3.60GHz,W-1370P,,,8,,,16,5.2,,,3.6,,125,,,,FCLGA1200,,,,,,,,
Intel,Intel Xeon W-1390 @ 2.80GHz,W-1390,,,8,,,16,5.2,,,2.8,,80,,,,FCLGA1200,,,,,,,,
Intel,Intel Xeon W-1390P @ 3.50GHz,W-1390P,,,8,,,16,5.3,,,5.1,,125,,,,FCLGA1200,,,,,,,,
Intel,Intel Xeon W-2102 @ 2.90GHz,W-2102,,,4,,,4,,,,2.9,,120,,,,FCLGA2066,,,,,,,,
Intel,Intel Xeon W-2104 @ 3.20GHz,W-2104,,,4,,,4,,,,3.2,,120,,,,FCLGA2066,,,,,,,,
Intel,Intel Xeon W-2123 @ 3.60GHz,W-2123,,,4,,,8,3.9,,,3.6,,120,,,,FCLGA2066,,,,,,,,
Intel,Intel Xeon W-2125 @ 4.00GHz,W-2125,,,4,,,8,4.5,,,4.0,,120,,,,FCLGA2066,,,,,,,,
Intel,Intel Xeon W-2133 @ 3.60GHz,W-2133,,,6,,,12,3.9,,,3.6,,140,,,,FCLGA2066,,,,,,,,
Intel,Intel Xeon W-2135 @ 3.70GHz,W-2135,,,6,,,12,4.5,,,3.7,,140,,,,FCLGA2066,,,,,,,,
Intel,Intel Xeon W-2140B @ 3.20GHz,W-2140B,,,8,,,16,4.2,,,3.2,,,,,,FCLGA2066,,,,,,,,
Intel,Intel Xeon W-2145 @ 3.70GHz,W-2145,,,8,,,16,4.5,,,3.7,,140,,,,FCLGA2066,,,,,,,,
Intel,Intel Xeon W-2150B @ 3.00GHz,W-2150B,,,10,,,20,4.5,,,3.0,,,,,,FCLGA2066,,,,,,,,
Intel,Intel Xeon W-2155 @ 3.30GHz,W-2155,,,10,,,20,4.5,,,3.3,,140,,,,FCLGA2066,,,,,,,,
Intel,Intel Xeon W-2170B @ 2.50GHz,W-2170B,,,14,,,28,4.3,,,2.5,,,,,,FCLGA-2066,,,,,,,,
Intel,Intel Xeon W-2175 @ 2.50GHz,W-2175,,,14,,,28,4.3,,,2.5,,140,,,,FCLGA2066,,,,,,,,
Intel,Intel Xeon W-2191B @ 2.30GHz,W-2191B,,,18,,,36,4.3,,,2.3,,140,,,,FCLGA2066,,,,,,,,
Intel,Intel Xeon W-2195 @ 2.30GHz,W-2195,,,18,,,36,4.3,,,2.3,,140,,,,FCLGA2066,,,,,,,,
Intel,Intel Xeon W-2223 @ 3.60GHz,W-2223,,,4,,,8,3.9,,,3.6,,120,,,,FCLGA2066,,,,,,,,
Intel,Intel Xeon W-2225 @ 4.10GHz,W-2225,,,4,,,8,4.6,,,4.1,,105,,,,FCLGA2066,,,,,,,,
Intel,Intel Xeon W-2235 @ 3.80GHz,W-2235,,,6,,,12,4.6,,,3.8,,130,,,,FCLGA2066,,,,,,,,
Intel,Intel Xeon W-2245 @ 3.90GHz,W-2245,,,8,,,16,4.7,,,3.9,,155,,,,FCLGA2066,,,,,,,,
Intel,Intel Xeon W-2255 @ 3.70GHz,W-2255,,,10,,,20,4.7,,,3.7,,165,,,,FCLGA2066,,,,,,,,
Intel,Intel Xeon W-2265 @ 3.50GHz,W-2265,,,12,,,24,4.6,,,3.5,,165,,,,FCLGA2066,,,,,,,,
Intel,Intel Xeon W-2275 @ 3.30GHz,W-2275,,,14,,,28,4.8,,,3.3,,165,,,,FCLGA2066,,,,,,,,
Intel,Intel Xeon W-2295 @ 3.00GHz,W-2295,,,18,,,36,4.8,,,3.0,,165,,,,FCLGA2066,,,,,,,,
Intel,Intel Xeon W-3175X @ 3.10GHz,W-3175X,,,28,,,56,3.8,,,3.1,,255,,,,FCLGA3647,,,,,,,,
Intel,Intel Xeon W-3223 @ 3.50GHz,W-3223,,,8,,,16,4.0,,,3.5,,160,,,,FCLGA3647,,,,,,,,
Intel,Intel Xeon W-3225 @ 3.70GHz,W-3225,,,8,,,16,4.4,,,3.7,,160,,,,FCLGA3647,,,,,,,,
Intel,Intel Xeon W-3235 @ 3.30GHz,W-3235,,,12,,,24,4.5,,,3.3,,180,,,,FCLGA3647,,,,,,,,
Intel,Intel Xeon W-3245 @ 3.20GHz,W-3245,,,16,,,32,4.4,,,3.2,,205,,,,FCLGA3647,,,,,,,,
Intel,Intel Xeon W-3245M @ 3.20GHz,W-3245M,,,16,,,32,4.6,,,3.2,,205,,,,FCLGA3647,,,,,,,,
Intel,Intel Xeon W-3265 @ 2.70GHz,W-3265,,,24,,,48,4.4,,,2.7,,205,,,,FCLGA3647,,,,,,,,
Intel,Intel Xeon W-3265M @ 2.70GHz,W-3265M,,,24,,,48,4.4,,,2.7,,205,,,,FCLGA3647,,,,,,,,
Intel,Intel Xeon W-3275 @ 2.50GHz,W-3275,,,28,,,56,4.6,,,2.5,,205,,,,FCLGA3647,,,,,,,,
Intel,Intel Xeon W-3275M @ 2.50GHz,W-3275M,,,28,,,56,4.4,,,2.5,,205,,,,FCLGA3647,,,,,,,,
Intel,Intel Xeon W-3323 @ 3.50GHz,W-3323,,,12,,,24,3.9,,,3.5,,220,,,,FCLGA4189,,,,,,,,
Intel,Intel Xeon W-3335 @ 3.40GHz,W-3335,,,16,,,32,4.0,,,3.4,,250,,,,FCLGA4189,,,,,,,,
Intel,Intel Xeon W-3345 @ 3.00GHz,W-3345,,,24,,,48,4.0,,,3.0,,250,,,,FCLGA4189,,,,,,,,
Intel,Intel Xeon W-3365 @ 2.70GHz,W-3365,,,32,,,64,4.0,,,2.7,,270,,,,FCLGA4189,,,,,,,,
Intel,Intel Xeon W-3375 @ 2.50GHz,W-3375,,,38,,,76,4.0,,,2.5,,270,,,,FCLGA4189,,,,,,,,
Intel,Intel Xeon w3-2423,w3-2423,,,6,,,12,4.2,,,2.1,,120,,,,FCLGA4677,,,,,,,,
Intel,Intel Xeon w3-2425,w3-2425,,,6,,,12,4.0,,,3.0,,130,,,,FCLGA4677,,,,,,,,
Intel,Intel Xeon w3-2435,w3-2435,,,8,,,16,4.5,,,3.1,,165,,,,FCLGA4677,,,,,,,,
Intel,Intel Xeon w3-2525,w3-2525,,,8,,,16,4.5,,,3.5,,175,,,,FCLGA4677,,,,,,,,
Intel,Intel Xeon w3-2535,w3-2535,,,10,,,20,4.6,,,3.5,,185,,,,,,,,,,,,
Intel,Intel Xeon W3503 @ 2.40GHz,W3503,,,2,,,2,,,,2.4,,130,,,,LGA1366,,,,,,,,
Intel,Intel Xeon W3505 @ 2.53GHz,W3505,,,2,,,2,,,,2.5,,130,,,,LGA1366,,,,,,,,
Intel,Intel Xeon W3520 @ 2.67GHz,W3520,,,4,,,8,2.9,,,2.7,,130,,,,LGA1366,,,,,,,,
Intel,Intel Xeon W3530 @ 2.80GHz,W3530,,,4,,,8,3.1,,,2.8,,130,,,,LGA1366,,,,,,,,
Intel,Intel Xeon W3540 @ 2.93GHz,W3540,,,4,,,8,3.2,,,2.9,,130,,,,LGA1366,,,,,,,,
Intel,Intel Xeon W3550 @ 3.07GHz,W3550,,,4,,,8,3.3,,,3.1,,130,,,,LGA1366,,,,,,,,
Intel,Intel Xeon W3565 @ 3.20GHz,W3565,,,4,,,8,3.5,,,3.2,,130,,,,LGA1366,,,,,,,,
Intel,Intel Xeon W3570 @ 3.20GHz,W3570,,,4,,,8,3.5,,,3.2,,130,,,,LGA1366,,,,,,,,
Intel,Intel Xeon W3580 @ 3.33GHz,W3580,,,4,,,8,3.6,,,3.3,,130,,,,LGA1366,,,,,,,,
Intel,Intel Xeon W3670 @ 3.20GHz,W3670,,,6,,,12,3.5,,,3.2,,130,,,,LGA1366,,,,,,,,
Intel,Intel Xeon W3680 @ 3.33GHz,W3680,,,6,,,12,3.6,,,3.3,,130,,,,LGA1366,,,,,,,,
Intel,Intel Xeon W3690 @ 3.47GHz,W3690,,,6,,,12,3.7,,,3.5,,130,,,,LGA1366,,,,,,,,
Intel,Intel Xeon w5-2445,w5-2445,,,10,,,20,4.6,,,3.1,,175,,,,FCLGA4677,,,,,,,,
Intel,Intel Xeon w5-2455X,w5-2455X,,,12,,,24,4.6,,,3.2,,200,,,,FCLGA4677,,,,,,,,
Intel,Intel Xeon w5-2465X,w5-2465X,,,16,,,32,4.7,,,3.1,,200,,,,FCLGA4677,,,,,,,,
Intel,Intel Xeon w5-2545,w5-2545,,,12,,,24,4.7,,,3.5,,210,,,,FCLGA4677,,,,,,,,
Intel,Intel Xeon w5-2555X,w5-2555X,,,14,,,28,4.8,,,3.3,,210,,,,FCLGA4677,,,,,,,,
Intel,Intel Xeon w5-2565X,w5-2565X,,,18,,,36,4.8,,,3.2,,240,,,,FCLGA4677,,,,,,,,
Intel,Intel Xeon w5-3423,w5-3423,,,12,,,24,4.6,,,3.2,,270,,,,FCLGA4677,,,,,,,,
Intel,Intel Xeon w5-3425,w5-3425,,,12,,,24,4.6,,,3.2,,270,,,,FCLGA4677,,,,,,,,
Intel,Intel Xeon w5-3433,w5-3433,,,16,,,32,4.2,,,2.0,,220,,,,FCLGA4677,,,,,,,,
Intel,Intel Xeon w5-3435X,w5-3435X,,,16,,,32,4.7,,,3.1,,324,,,,FCLGA4677,,,,,,,,
Intel,Intel Xeon w5-3525,w5-3525,,,16,,,32,4.8,,,3.2,,290,,,,FCLGA4677,,,,,,,,
Intel,Intel Xeon w5-3535X,w5-3535X,,,20,,,40,4.8,,,2.9,,300,,,,FCLGA4677,,,,,,,,
Intel,Intel Xeon W5580 @ 3.20GHz,W5580,,,4,,,8,3.5,,,3.2,,130,,,,LGA1366,,,,,,,,
Intel,Intel Xeon W5590 @ 3.33GHz,W5590,,,4,,,8,3.6,,,3.3,,130,,,,LGA1366,,,,,,,,
Intel,Intel Xeon w7-2475X,w7-2475X,,,20,,,40,4.8,,,2.6,,225,,,,FCLGA4677,,,,,,,,
Intel,Intel Xeon w7-2495X,w7-2495X,,,24,,,48,4.8,,,2.5,,225,,,,FCLGA4677,,,,,,,,
Intel,Intel Xeon w7-2575X,w7-2575X,,,22,,,44,4.8,,,3.0,,250,,,,FCLGA4677,,,,,,,,
Intel,Intel Xeon w7-2595X,w7-2595X,,,26,,,52,4.8,,,2.8,,250,,,,FCLGA4677,,,,,,,,
Intel,Intel Xeon w7-3445,w7-3445,,,20,,,40,4.8,,,2.6,,270,,,,FCLGA4677,,,,,,,,
Intel,Intel Xeon w7-3455,w7-3455,,,24,,,48,4.8,,,2.5,,270,,,,FCLGA4677,,,,,,,,
Intel,Intel Xeon w7-3465X,w7-3465X,,,28,,,56,4.8,,,2.5,,300,,,,FCLGA4677,,,,,,,,
Intel,Intel Xeon w7-3545,w7-3545,,,24,,,48,4.8,,,2.7,,310,,,,FCLGA4677,,,,,,,,
Intel,Intel Xeon w7-3555,w7-3555,,,28,,,56,4.8,,,2.7,,325,,,,FCLGA4677,,,,,,,,
Intel,Intel Xeon w7-3565X,w7-3565X,,,32,,,64,4.8,,,2.5,,335,,,,FCLGA4677,,,,,,,,
Intel,Intel Xeon w9-3475X,w9-3475X,,,36,,,72,4.8,,,2.2,,300,,,,FCLGA4677,,,,,,,,
Intel,Intel Xeon w9-3495X,w9-3495X,,,56,,,112,4.8,,,1.9,,350,,,,FCLGA4677,,,,,,,,
Intel,Intel Xeon w9-3575X,w9-3575X,,,44,,,88,4.8,,,2.2,,340,,,,FCLGA4677,,,,,,,,
Intel,Intel Xeon w9-3595X,w9-3595X,,,60,,,120,4.8,,,2.0,,385,,,,FCLGA4677,,,,,,,,
Intel,Intel Xeon X3210 @ 2.13GHz,X3210,,,4,,,4,,,,2.1,,105,,,,LGA775,,,,,,,,
Intel,Intel Xeon X3220 @ 2.40GHz,X3220,,,4,,,4,,,,2.4,,105,,,,LGA775,,,,,,,,
Intel,Intel Xeon X3230 @ 2.66GHz,X3230,,,4,,,4,,,,2.7,,95,,,,LGA775,,,,,,,,
Intel,Intel Xeon X3320 @ 2.50GHz,X3320,,,4,,,4,,,,2.5,,95,,,,LGA775,,,,,,,,
Intel,Intel Xeon X3323 @ 2.50GHz,X3323,,,4,,,4,,,,2.5,,80,,,,LGA775,,,,,,,,
Intel,Intel Xeon X3330 @ 2.66GHz,X3330,,,4,,,4,,,,2.7,,95,,,,LGA775,,,,,,,,
Intel,Intel Xeon X3350 @ 2.66GHz,X3350,,,4,,,4,,,,2.7,,95,,,,LGA775,,,,,,,,
Intel,Intel Xeon X3353 @ 2.66GHz,X3353,,,4,,,4,,,,2.7,,80,,,,LGA775,,,,,,,,
Intel,Intel Xeon X3360 @ 2.83GHz,X3360,,,4,,,4,,,,2.8,,95,,,,LGA775,,,,,,,,
Intel,Intel Xeon X3363 @ 2.83GHz,X3363,,,4,,,4,,,,2.8,,80,,,,LGA771,,,,,,,,
Intel,Intel Xeon X3370 @ 3.00GHz,X3370,,,4,,,4,,,,3.0,,95,,,,LGA775,,,,,,,,
Intel,Intel Xeon X3380 @ 3.16GHz,X3380,,,4,,,4,,,,3.2,,95,,,,LGA775,,,,,,,,
Intel,Intel Xeon X3430 @ 2.40GHz,X3430,,,4,,,4,2.8,,,2.4,,95,,,,LGA1156,,,,,,,,
Intel,Intel Xeon X3440 @ 2.53GHz,X3440,,,4,,,8,2.9,,,2.5,,95,,,,LGA1156,,,,,,,,
Intel,Intel Xeon X3450 @ 2.67GHz,X3450,,,4,,,8,3.2,,,2.7,,95,,,,LGA1156,,,,,,,,
Intel,Intel Xeon X3460 @ 2.80GHz,X3460,,,4,,,8,3.5,,,2.8,,95,,,,LGA1156,,,,,,,,
Intel,Intel Xeon X3470 @ 2.93GHz,X3470,,,4,,,8,3.6,,,2.9,,95,,,,LGA1156,,,,,,,,
Intel,Intel Xeon X3480 @ 3.07GHz,X3480,,,4,,,8,3.7,,,3.1,,95,,,,LGA1156,,,,,,,,
Intel,Intel Xeon X5260 @ 3.33GHz,X5260,,,2,,,2,,,,3.3,,80,,,,LGA771,,,,,,,,
Intel,Intel Xeon X5270 @ 3.50GHz,X5270,,,2,,,2,,,,3.5,,80,,,,LGA771,,,,,,,,
Intel,Intel Xeon X5272 @ 3.40GHz,X5272,,,2,,,2,,,,3.4,,80,,,,LGA771,,,,,,,,
Intel,Intel Xeon X5355 @ 2.66GHz,X5355,,,4,,,4,,,,2.7,,120,,,,LGA771,,,,,,,,
Intel,Intel Xeon X5365 @ 3.00GHz,X5365,,,4,,,4,,,,3.0,,150,,,,LGA771,,,,,,,,
Intel,Intel Xeon X5450 @ 3.00GHz,X5450,,,4,,,4,,,,3.0,,120,,,,LGA771,,,,,,,,
Intel,Intel Xeon X5460 @ 3.16GHz,X5460,,,4,,,4,,,,3.2,,120,,,,LGA771,,,,,,,,
Intel,Intel Xeon X5470 @ 3.33GHz,X5470,,,4,,,4,,,,3.3,,120,,,,LGA771,,,,,,,,
Intel,Intel Xeon X5472 @ 3.00GHz,X5472,,,4,,,4,,,,3.0,,120,,,,LGA771,,,,,,,,
Intel,Intel Xeon X5482 @ 3.20GHz,X5482,,,4,,,4,,,,3.2,,150,,,,LGA771,,,,,,,,
Intel,Intel Xeon X5492 @ 3.40GHz,X5492,,,4,,,4,,,,3.4,,150,,,,LGA771,,,,,,,,
Intel,Intel Xeon X5550 @ 2.67GHz,X5550,,,4,,,8,3.1,,,2.7,,95,,,,LGA1366,,,,,,,,
Intel,Intel Xeon X5560 @ 2.80GHz,X5560,,,4,,,8,3.2,,,2.8,,95,,,,LGA1366,,,,,,,,
Intel,Intel Xeon X5570 @ 2.93GHz,X5570,,,4,,,8,3.3,,,2.9,,95,,,,LGA1366,,,,,,,,
Intel,Intel Xeon X5647 @ 2.93GHz,X5647,,,4,,,8,3.2,,,2.9,,130,,,,LGA1366,,,,,,,,
Intel,Intel Xeon X5650 @ 2.67GHz,X5650,,,6,,,12,3.1,,,2.7,,95,,,,LGA1366,,,,,,,,
Intel,Intel Xeon X5660 @ 2.80GHz,X5660,,,6,,,12,3.2,,,2.8,,95,,,,LGA1366,,,,,,,,
Intel,Intel Xeon X5667 @ 3.07GHz,X5667,,,4,,,8,3.5,,,3.1,,95,,,,LGA1366,,,,,,,,
Intel,Intel Xeon X5670 @ 2.93GHz,X5670,,,6,,,12,3.3,,,2.9,,95,,,,LGA1366,,,,,,,,
Intel,Intel Xeon X5672 @ 3.20GHz,X5672,,,4,,,8,3.6,,,3.2,,95,,,,LGA1366,,,,,,,,
Intel,Intel Xeon X5675 @ 3.07GHz,X5675,,,6,,,12,3.5,,,3.1,,95,,,,LGA1366,,,,,,,,
Intel,Intel Xeon X5677 @ 3.47GHz,X5677,,,4,,,8,3.7,,,3.5,,130,,,,LGA1366,,,,,,,,
Intel,Intel Xeon X5679 @ 3.20GHz,X5679,,,6,,,12,3.6,,,3.2,,115,,,,LGA1366,,,,,,,,
Intel,Intel Xeon X5680 @ 3.33GHz,X5680,,,6,,,12,3.6,,,3.3,,130,,,,LGA1366,,,,,,,,
Intel,Intel Xeon X5687 @ 3.60GHz,X5687,,,4,,,8,3.9,,,3.6,,130,,,,LGA1366,,,,,,,,
Intel,Intel Xeon X5690 @ 3.47GHz,X5690,,,6,,,12,3.7,,,3.5,,130,,,,LGA1366,,,,,,,,
Intel,Intel Xeon X5698 @ 4.40GHz,X5698,,,2,,,4,,,,4.4,,130,,,,LGA1366,,,,,,,,
Intel,Intel Xeon X6550 @ 2.00GHz,X6550,,,4,,,4,2.4,,,2.0,,130,,,,LGA1567,,,,,,,,
Qualcomm,lisa based Qualcomm Technologies. Inc. SM7325,lisa based Technologies. Inc. SM7325,,,8,,,8,,,,2.4,,,,,,,,,,,,,,
Qualcomm,Mars based on Qualcomm Technologies. Inc SM8350,Mars based on Technologies. Inc SM8350,,,8,,,8,,,,2.8,,,,,,,,,,,,,,
MediaTek,MediaTek Dimensity 1000+ (MT6889),Dimensity 1000+ (MT6889),,,8,,,8,,,,2.6,,,,,,,,,,,,,,
MediaTek,Mediatek Dimensity 7025 (MT6855),Mediatek Dimensity 7025 (MT6855),,,8,,,8,,,,2.2,,,,,,,,,,,,,,
MediaTek,Mediatek Dimensity 7200-Pro (MT6886),Mediatek Dimensity 7200-Pro (MT6886),,,8,,,8,,,,2.8,,,,,,,,,,,,,,
MediaTek,Mediatek Dimensity 7300-Ultra (MT6878),Mediatek Dimensity 7300-Ultra (MT6878),,,8,,,8,,,,2.5,,,,,,,,,,,,,,
MediaTek,Mediatek Dimensity 8200-Ultimate (MT6896),Mediatek Dimensity 8200-Ultimate (MT6896),,,8,,,8,,,,3.1,,,,,,,,,,,,,,
MediaTek,Mediatek Dimensity 8350 (MT6897),Mediatek Dimensity 8350 (MT6897),,,8,,,8,,,,3.4,,,,,,,,,,,,,,
MediaTek,Mediatek Dimensity 8400-Turbo (MT6899),Mediatek Dimensity 8400-Turbo (MT6899),,,8,,,8,,,,3.3,,,,,,,,,,,,,,
MediaTek,MediaTek Dimensity 900 (MT6877),Dimensity 900 (MT6877),,,8,,,8,,,,2.4,,,,,,,,,,,,,,
MediaTek,Mediatek Dimensity 9200 (MT6985),Mediatek Dimensity 9200 (MT6985),,,8,,,8,,,,3.4,,,,,,,,,,,,,,
MediaTek,Mediatek Dimensity 9400 (MT6991),Mediatek Dimensity 9400 (MT6991),,,8,,,8,,,,3.6,,,,,,,,,,,,,,
MediaTek,Mediatek DM700,Mediatek DM700,,,8,,,8,,,,2.2,,,,,,,,,,,,,,
MediaTek,MediaTek G70 (MT6769V-CB),G70 (MT6769V-CB),,,8,,,8,,,,2.0,,,,,,,,,,,,,,
MediaTek,MediaTek G70 (MT6769V-WB),G70 (MT6769V-WB),,,8,,,8,,,,2.0,,,,,,,,,,,,,,
MediaTek,MediaTek G80 (MT6769T),G80 (MT6769T),,,8,,,8,,,,2.0,,,,,,,,,,,,,,
MediaTek,MediaTek G80 (MT6769V-CT),G80 (MT6769V-CT),,,8,,,8,,,,2.0,,,,,,,,,,,,,,
MediaTek,MediaTek G80 (MT6769V-CU),G80 (MT6769V-CU),,,8,,,8,,,,2.0,,,,,,,,,,,,,,
MediaTek,MediaTek G85 (MT6769Z),G85 (MT6769Z),,,8,,,8,,,,2.0,,,,,,,,,,,,,,
MediaTek,MediaTek G88 (MT6769H),G88 (MT6769H),,,8,,,8,,,,2.0,,,,,,,,,,,,,,
MediaTek,MediaTek G99 Ultimate (MT6789),G99 Ultimate (MT6789),,,8,,,8,,,,2.2,,,,,,,,,,,,,,
Google,Mediatek Google Hylia unprovisioned design and sku,Mediatek Hylia unprovisioned design and sku,,,8,,,8,,,,3.6,,,,,,,,,,,,,,
MediaTek,Mediatek Kompanio 1380,Mediatek Kompanio 1380,,,8,,,8,,,,3.0,,,,,,,,,,,,,,
MediaTek,Mediatek Kompanio 500,Mediatek Kompanio 500,,,8,,,8,,,,2.0,,,,,,,,,,,,,,
MediaTek,MediaTek Kompanio 520-528 (MT8186-MT8186T),Kompanio 520-528 (MT8186-MT8186T),,,,,,,,,,,,4,,,,,,,,,,,,
MediaTek,Mediatek Kompanio 540,Mediatek Kompanio 540,,,8,,,8,,,,2.6,,,,,,,,,,,,,,
MediaTek,Mediatek Kompanio 838 MT8188,Mediatek Kompanio 838 MT8188,,,8,,,8,,,,2.6,,,,,,,,,,,,,,
MediaTek,Mediatek Kompanio Ultra 910,Mediatek Kompanio Ultra 910,,,8,,,8,,,,3.6,,,,,,,,,,,,,,
MediaTek,MediaTek MT6735,MT6735,,,4,,,4,,,,1.3,,,,,,,,,,,,,,
MediaTek,MediaTek MT6737,MT6737,,,4,,,4,,,,1.2,,,,,,,,,,,,,,
MediaTek,MediaTek MT6737M,MT6737M,,,4,,,4,,,,1.1,,,,,,,,,,,,,,
MediaTek,MediaTek MT6737T,MT6737T,,,4,,,4,,,,1.4,,,,,,,,,,,,,,
MediaTek,Mediatek MT6739,Mediatek MT6739,,,4,,,4,,,,1.5,,,,,,,,,,,,,,
MediaTek,Mediatek MT6739W,Mediatek MT6739W,,,4,,,4,,,,1.3,,,,,,,,,,,,,,
MediaTek,MediaTek MT6739WA,MT6739WA,,,4,,,4,,,,1.3,,,,,,,,,,,,,,
MediaTek,MediaTek MT6739WW,MT6739WW,,,4,,,4,,,,1.5,,,,,,,,,,,,,,
MediaTek,MediaTek MT6750,MT6750,,,8,,,8,,,,1.5,,,,,,,,,,,,,,
MediaTek,MediaTek MT6750T,MT6750T,,,8,,,8,,,,1.5,,,,,,,,,,,,,,
MediaTek,MediaTek MT6750V-WT,MT6750V-WT,,,8,,,8,,,,1.5,,,,,,,,,,,,,,
MediaTek,MediaTek MT6753,MT6753,,,8,,,8,,,,1.3,,,,,,,,,,,,,,
MediaTek,MediaTek MT6753T,MT6753T,,,8,,,8,,,,1.5,,,,,,,,,,,,,,
MediaTek,MediaTek MT6757CD,MT6757CD,,,8,,,8,,,,2.4,,,,,,,,,,,,,,
MediaTek,MediaTek MT6757V,MT6757V,,,8,,,8,,,,2.3,,,,,,,,,,,,,,
MediaTek,Mediatek MT6761,Mediatek MT6761,,,4,,,4,,,,2.0,,,,,,,,,,,,,,
MediaTek,Mediatek MT6761V-CAB,Mediatek MT6761V-CAB,,,4,,,4,,,,2.0,,,,,,,,,,,,,,
MediaTek,MediaTek MT6761V-WBB,MT6761V-WBB,,,4,,,4,,,,2.0,,,,,,,,,,,,,,
MediaTek,Mediatek MT6761V-WD,Mediatek MT6761V-WD,,,4,,,4,,,,1.8,,,,,,,,,,,,,,
MediaTek,MediaTek MT6761V-WE,MT6761V-WE,,,4,,,4,,,,1.8,,,,,,,,,,,,,,
MediaTek,Mediatek MT6762,Mediatek MT6762,,,8,,,8,,,,2.0,,,,,,,,,,,,,,
MediaTek,MediaTek MT6762G,MT6762G,,,8,,,8,,,,2.0,,,,,,,,,,,,,,
MediaTek,MediaTek MT6762V-CA,MT6762V-CA,,,8,,,8,,,,2.0,,,,,,,,,,,,,,
MediaTek,MediaTek MT6762V-CB,MT6762V-CB,,,8,,,8,,,,2.0,,,,,,,,,,,,,,
MediaTek,MediaTek MT6762V-CN,MT6762V-CN,,,4,,,4,,,,2.0,,,,,,,,,,,,,,
MediaTek,MediaTek MT6762V-WA,MT6762V-WA,,,8,,,8,,,,2.0,,,,,,,,,,,,,,
MediaTek,MediaTek MT6762V-WB,MT6762V-WB,,,8,,,8,,,,2.0,,,,,,,,,,,,,,
MediaTek,MediaTek MT6762V-WD,MT6762V-WD,,,8,,,8,,,,1.8,,,,,,,,,,,,,,
MediaTek,MediaTek MT6762V-WR,MT6762V-WR,,,8,,,8,,,,2.0,,,,,,,,,,,,,,
MediaTek,MediaTek MT6763V-CE,MT6763V-CE,,,8,,,8,,,,2.0,,,,,,,,,,,,,,
MediaTek,MediaTek MT6763V-V,MT6763V-V,,,8,,,8,,,,2.0,,,,,,,,,,,,,,
MediaTek,Mediatek MT6765,Mediatek MT6765,,,8,,,8,,,,2.3,,,,,,,,,,,,,,
MediaTek,MediaTek MT6765G,MT6765G,,,8,,,8,,,,2.3,,,,,,,,,,,,,,
MediaTek,Mediatek MT6765H,Mediatek MT6765H,,,8,,,8,,,,2.3,,,,,,,,,,,,,,
MediaTek,MediaTek MT6765V-CA,MT6765V-CA,,,8,,,8,,,,2.3,,,,,,,,,,,,,,
MediaTek,MediaTek MT6765V-CB,MT6765V-CB,,,8,,,8,,,,2.3,,,,,,,,,,,,,,
MediaTek,Mediatek MT6765V-WA,Mediatek MT6765V-WA,,,8,,,8,,,,2.3,,,,,,,,,,,,,,
MediaTek,Mediatek MT6765V-WB,Mediatek MT6765V-WB,,,8,,,8,,,,2.3,,,,,,,,,,,,,,
MediaTek,Mediatek MT6765V-XBA,Mediatek MT6765V-XBA,,,8,,,8,,,,2.2,,,,,,,,,,,,,,
MediaTek,Mediatek MT6768,Mediatek MT6768,,,8,,,8,,,,2.0,,,,,,,,,,,,,,
MediaTek,Mediatek MT6768G,Mediatek MT6768G,,,8,,,8,,,,2.0,,,,,,,,,,,,,,
MediaTek,MediaTek MT6768V-CA,MT6768V-CA,,,8,,,8,,,,2.0,,,,,,,,,,,,,,
MediaTek,Mediatek MT6769,Mediatek MT6769,,,8,,,8,,,,2.0,,,,,,,,,,,,,,
MediaTek,Mediatek MT6769V-CB,Mediatek MT6769V-CB,,,8,,,8,,,,2.0,,,,,,,,,,,,,,
MediaTek,MediaTek MT6771V-C,MT6771V-C,,,8,,,8,,,,2.0,,,,,,,,,,,,,,
MediaTek,MediaTek MT6771V-CT,MT6771V-CT,,,8,,,8,,,,2.1,,,,,,,,,,,,,,
MediaTek,MediaTek MT6771V-W,MT6771V-W,,,8,,,8,,,,2.0,,,,,,,,,,,,,,
MediaTek,MediaTek MT6771V-WM,MT6771V-WM,,,8,,,8,,,,1.8,,,,,,,,,,,,,,
MediaTek,MediaTek MT6771V-WT,MT6771V-WT,,,8,,,8,,,,2.1,,,,,,,,,,,,,,
MediaTek,Mediatek MT6779,Mediatek MT6779,,,8,,,8,,,,2.2,,,,,,,,,,,,,,
MediaTek,MediaTek MT6779V-CE,MT6779V-CE,,,8,,,8,,,,2.2,,,,,,,,,,,,,,
MediaTek,MediaTek MT6779V-CU,MT6779V-CU,,,8,,,8,,,,2.2,,,,,,,,,,,,,,
MediaTek,MediaTek MT6779V-CV,MT6779V-CV,,,8,,,8,,,,2.2,,,,,,,,,,,,,,
MediaTek,Mediatek MT6781,Mediatek MT6781,,,8,,,8,,,,2.1,,,,,,,,,,,,,,
MediaTek,Mediatek MT6781V-CD,Mediatek MT6781V-CD,,,8,,,8,,,,2.1,,,,,,,,,,,,,,
MediaTek,Mediatek MT6781V-CDZAMB-H,Mediatek MT6781V-CDZAMB-H,,,8,,,8,,,,2.1,,,,,,,,,,,,,,
MediaTek,Mediatek MT6785,Mediatek MT6785,,,8,,,8,,,,2.1,,,,,,,,,,,,,,
MediaTek,MediaTek MT6785V-CC,MT6785V-CC,,,8,,,8,,,,2.1,,,,,,,,,,,,,,
MediaTek,MediaTek MT6785V-CD,MT6785V-CD,,,8,,,8,,,,2.1,,,,,,,,,,,,,,
MediaTek,Mediatek MT6789V-CD,Mediatek MT6789V-CD,,,8,,,8,,,,2.2,,,,,,,,,,,,,,
MediaTek,MediaTek MT6797,MT6797,,,10,,,10,,,,1.8,,,,,,,,,,,,,,
MediaTek,MediaTek MT6797T,MT6797T,,,10,,,10,,,,2.5,,,,,,,,,,,,,,
MediaTek,MediaTek MT6797X,MT6797X,,,10,,,10,,,,1.5,,,,,,,,,,,,,,
MediaTek,Mediatek MT6833,Mediatek MT6833,,,8,,,8,,,,2.2,,,,,,,,,,,,,,
MediaTek,Mediatek MT6833G,Mediatek MT6833G,,,8,,,8,,,,2.2,,,,,,,,,,,,,,
MediaTek,Mediatek MT6833GP,Mediatek MT6833GP,,,8,,,8,,,,2.4,,,,,,,,,,,,,,
MediaTek,Mediatek MT6833P,Mediatek MT6833P,,,8,,,8,,,,2.4,,,,,,,,,,,,,,
MediaTek,Mediatek MT6833V-NZA,Mediatek MT6833V-NZA,,,8,,,8,,,,2.2,,,,,,,,,,,,,,
MediaTek,Mediatek MT6833V-PNZA,Mediatek MT6833V-PNZA,,,8,,,8,,,,2.4,,,,,,,,,,,,,,
MediaTek,Mediatek MT6833V-ZA,Mediatek MT6833V-ZA,,,8,,,8,,,,2.2,,,,,,,,,,,,,,
MediaTek,Mediatek MT6853,Mediatek MT6853,,,8,,,8,,,,2.4,,,,,,,,,,,,,,
MediaTek,MediaTek MT6853T,MT6853T,,,8,,,8,,,,2.4,,,,,,,,,,,,,,
MediaTek,Mediatek MT6853V-NZA,Mediatek MT6853V-NZA,,,8,,,8,,,,2.0,,,,,,,,,,,,,,
MediaTek,Mediatek MT6853V-TNZA,Mediatek MT6853V-TNZA,,,8,,,8,,,,2.4,,,,,,,,,,,,,,
MediaTek,MediaTek MT6873,MT6873,,,8,,,8,,,,2.0,,,,,,,,,,,,,,
MediaTek,Mediatek MT6875,Mediatek MT6875,,,8,,,8,,,,2.6,,,,,,,,,,,,,,
MediaTek,Mediatek MT6877V-TTZA,Mediatek MT6877V-TTZA,,,8,,,8,,,,2.6,,,,,,,,,,,,,,
MediaTek,Mediatek MT6877V-TZA,Mediatek MT6877V-TZA,,,8,,,8,,,,2.5,,,,,,,,,,,,,,
MediaTek,MediaTek MT6879,MT6879,,,8,,,8,,,,2.5,,,,,,,,,,,,,,
MediaTek,Mediatek MT6879V-ZA,Mediatek MT6879V-ZA,,,8,,,8,,,,2.5,,,,,,,,,,,,,,
MediaTek,Mediatek MT6879V_T-ZA,Mediatek MT6879V_T-ZA,,,8,,,8,,,,2.5,,,,,,,,,,,,,,
MediaTek,Mediatek MT6883Z-CZA,Mediatek MT6883Z-CZA,,,8,,,8,,,,2.0,,,,,,,,,,,,,,
MediaTek,Mediatek MT6891,Mediatek MT6891,,,8,,,8,,,,2.6,,,,,,,,,,,,,,
MediaTek,Mediatek MT6891Z-CZA,Mediatek MT6891Z-CZA,,,8,,,8,,,,2.6,,,,,,,,,,,,,,
MediaTek,Mediatek MT6891Z_T-CZA,Mediatek MT6891Z_T-CZA,,,8,,,8,,,,2.6,,,,,,,,,,,,,,
MediaTek,Mediatek MT6891Z_Z-CZA,Mediatek MT6891Z_Z-CZA,,,8,,,8,,,,2.6,,,,,,,,,,,,,,
MediaTek,Mediatek MT6893,Mediatek MT6893,,,8,,,8,,,,3.0,,,,,,,,,,,,,,
MediaTek,Mediatek MT6893Z_T-CZA,Mediatek MT6893Z_T-CZA,,,8,,,8,,,,3.0,,,,,,,,,,,,,,
MediaTek,MediaTek MT6895,MT6895,,,8,,,8,,,,2.9,,,,,,,,,,,,,,
MediaTek,Mediatek MT6895Z-TCZA,Mediatek MT6895Z-TCZA,,,8,,,8,,,,2.9,,,,,,,,,,,,,,
MediaTek,Mediatek MT6895Z_A-TCZA,Mediatek MT6895Z_A-TCZA,,,8,,,8,,,,2.9,,,,,,,,,,,,,,
MediaTek,Mediatek MT6895Z_B-TCZA,Mediatek MT6895Z_B-TCZA,,,8,,,8,,,,2.9,,,,,,,,,,,,,,
MediaTek,MediaTek MT6983,MT6983,,,8,,,8,,,,3.1,,,,,,,,,,,,,,
MediaTek,Mediatek MT6983W-CZA,Mediatek MT6983W-CZA,,,8,,,8,,,,3.4,,,,,,,,,,,,,,
MediaTek,Mediatek MT6983Z-CZA,Mediatek MT6983Z-CZA,,,8,,,8,,,,3.1,,,,,,,,,,,,,,
MediaTek,Mediatek MT6989,Mediatek MT6989,,,8,,,8,,,,3.3,,,,,,,,,,,,,,
MediaTek,MediaTek MT6993,MT6993,,,8,,,8,,,,4.2,,,,,,,,,,,,,,
MediaTek,MediaTek MT8163,MT8163,,,4,,,4,,,,1.3,,,,,,,,,,,,,,
MediaTek,MediaTek MT8166B,MT8166B,,,4,,,4,,,,2.0,,,,,,,,,,,,,,
MediaTek,MediaTek MT8167B,MT8167B,,,4,,,4,,,,1.3,,,,,,,,,,,,,,
MediaTek,MediaTek MT8168,MT8168,,,4,,,4,,,,2.0,,,,,,,,,,,,,,
MediaTek,MediaTek MT8168A,MT8168A,,,4,,,4,,,,2.0,,,,,,,,,,,,,,
MediaTek,Mediatek MT8168B,Mediatek MT8168B,,,4,,,4,,,,2.0,,,,,,,,,,,,,,
MediaTek,Mediatek MT8173,Mediatek MT8173,,,4,,,4,,,,2.1,,,,,,,,,,,,,,
MediaTek,Mediatek MT8175B,Mediatek MT8175B,,,4,,,4,,,,2.0,,,,,,,,,,,,,,
MediaTek,MediaTek MT8183,MT8183,,,8,,,8,,,,2.0,,,,,,,,,,,,,,
MediaTek,MediaTek MT8188,MT8188,,,8,,,8,,,,2.2,,,,,,,,,,,,,,
MediaTek,Mediatek MT8192,Mediatek MT8192,,,8,,,8,,,,2.2,,,,,,,,,,,,,,
MediaTek,Mediatek MT8195,Mediatek MT8195,,,8,,,8,,,,3.0,,,,,,,,,,,,,,
MediaTek,Mediatek MT8195AV,Mediatek MT8195AV,,,8,,,8,,,,2.2,,,,,,,,,,,,,,
MediaTek,Mediatek MT8365,Mediatek MT8365,,,4,,,4,,,,2.0,,,,,,,,,,,,,,
MediaTek,Mediatek MT8370AV-A,Mediatek MT8370AV-A,,,6,,,6,,,,2.0,,,,,,,,,,,,,,
MediaTek,Mediatek MT8390AV-A,Mediatek MT8390AV-A,,,8,,,8,,,,2.2,,,,,,,,,,,,,,
MediaTek,Mediatek MT8696,Mediatek MT8696,,,4,,,4,,,,1.8,,,,,,,,,,,,,,
MediaTek,MediaTek MT8735B,MT8735B,,,4,,,4,,,,1.2,,,,,,,,,,,,,,
MediaTek,Mediatek MT8755,Mediatek MT8755,,,8,,,8,,,,2.6,,,,,,,,,,,,,,
MediaTek,Mediatek MT8765WA,Mediatek MT8765WA,,,4,,,4,,,,1.5,,,,,,,,,,,,,,
MediaTek,Mediatek MT8766A,Mediatek MT8766A,,,4,,,4,,,,2.0,,,,,,,,,,,,,,
MediaTek,Mediatek MT8766B,Mediatek MT8766B,,,4,,,4,,,,2.0,,,,,,,,,,,,,,
MediaTek,Mediatek MT8768,Mediatek MT8768,,,8,,,8,,,,2.3,,,,,,,,,,,,,,
MediaTek,Mediatek MT8768A,Mediatek MT8768A,,,8,,,8,,,,2.0,,,,,,,,,,,,,,
MediaTek,Mediatek MT8768CA,Mediatek MT8768CA,,,8,,,8,,,,2.0,,,,,,,,,,,,,,
MediaTek,MediaTek MT8768CT,MT8768CT,,,8,,,8,,,,2.3,,,,,,,,,,,,,,
MediaTek,Mediatek MT8768CX,Mediatek MT8768CX,,,8,,,8,,,,2.2,,,,,,,,,,,,,,
MediaTek,Mediatek MT8768N,Mediatek MT8768N,,,8,,,8,,,,2.2,,,,,,,,,,,,,,
MediaTek,MediaTek MT8768WA,MT8768WA,,,8,,,8,,,,2.0,,,,,,,,,,,,,,
MediaTek,Mediatek MT8768WE,Mediatek MT8768WE,,,8,,,8,,,,2.0,,,,,,,,,,,,,,
MediaTek,MediaTek MT8768WT,MT8768WT,,,8,,,8,,,,2.3,,,,,,,,,,,,,,
MediaTek,Mediatek MT8771V-PZA,Mediatek MT8771V-PZA,,,8,,,8,,,,2.0,,,,,,,,,,,,,,
MediaTek,Mediatek MT8775,Mediatek MT8775,,,8,,,8,,,,2.5,,,,,,,,,,,,,,
MediaTek,MediaTek MT8781,MT8781,,,8,,,8,,,,2.2,,,,,,,,,,,,,,
MediaTek,Mediatek MT8781V-CA,Mediatek MT8781V-CA,,,8,,,8,,,,2.2,,,,,,,,,,,,,,
MediaTek,Mediatek MT8781V-NA,Mediatek MT8781V-NA,,,8,,,8,,,,2.2,,,,,,,,,,,,,,
MediaTek,Mediatek MT8786,Mediatek MT8786,,,8,,,8,,,,2.0,,,,,,,,,,,,,,
MediaTek,Mediatek MT8786V-CT,Mediatek MT8786V-CT,,,8,,,8,,,,2.0,,,,,,,,,,,,,,
MediaTek,Mediatek MT8786V-N,Mediatek MT8786V-N,,,8,,,8,,,,2.0,,,,,,,,,,,,,,
MediaTek,Mediatek MT8788,Mediatek MT8788,,,8,,,8,,,,2.0,,,,,,,,,,,,,,
MediaTek,Mediatek MT8789,Mediatek MT8789,,,8,,,8,,,,2.6,,,,,,,,,,,,,,
MediaTek,Mediatek MT8789V-CT,Mediatek MT8789V-CT,,,8,,,8,,,,2.1,,,,,,,,,,,,,,
MediaTek,Mediatek MT8789V-T,Mediatek MT8789V-T,,,8,,,8,,,,2.1,,,,,,,,,,,,,,
MediaTek,Mediatek MT8791,Mediatek MT8791,,,8,,,8,,,,2.4,,,,,,,,,,,,,,
MediaTek,Mediatek MT8791V-HZA,Mediatek MT8791V-HZA,,,8,,,8,,,,2.6,,,,,,,,,,,,,,
MediaTek,Mediatek MT8791V-TN,Mediatek MT8791V-TN,,,8,,,8,,,,2.6,,,,,,,,,,,,,,
MediaTek,Mediatek MT8791V-TZA,Mediatek MT8791V-TZA,,,8,,,8,,,,2.6,,,,,,,,,,,,,,
MediaTek,Mediatek MT8792,Mediatek MT8792,,,8,,,8,,,,3.4,,,,,,,,,,,,,,
MediaTek,Mediatek MT8797Z-CNZA,Mediatek MT8797Z-CNZA,,,8,,,8,,,,2.6,,,,,,,,,,,,,,
MediaTek,Mediatek MT8798Z-CNZA,Mediatek MT8798Z-CNZA,,,8,,,8,,,,3.1,,,,,,,,,,,,,,
MediaTek,Mediatek MT9676,Mediatek MT9676,,,4,,,4,,,,1.7,,,,,,,,,,,,,,
MediaTek,Mediatek t50,Mediatek t50,,,4,,,4,,,,2.0,,,,,,,,,,,,,,
AMD,Mobile AMD Athlon 1400+,Mobile Athlon 1400+,,,1,,,1,,,,,,,,,,,,,,,,,,
AMD,Mobile AMD Athlon 2500+,Mobile Athlon 2500+,,,1,,,1,,,,1.9,,,,,,,,,,,,,,
AMD,Mobile AMD Athlon 4,Mobile Athlon 4,,,1,,,1,,,,,,,,,,,,,,,,,,
AMD,Mobile AMD Athlon 4 2400+,Mobile Athlon 4 2400+,,,1,,,1,,,,1.8,,,,,,,,,,,,,,
AMD,Mobile AMD Athlon 64 2700+,Mobile Athlon 64 2700+,,,1,,,1,,,,1.6,,,,,,,,,,,,,,
AMD,Mobile AMD Athlon 64 2800+,Mobile Athlon 64 2800+,,,1,,,1,,,,1.8,,35,,,,,,,,,,,,
AMD,Mobile AMD Athlon 64 3000+,Mobile Athlon 64 3000+,,,1,,,1,,,,2.0,,81.5,,,,,,,,,,,,
AMD,Mobile AMD Athlon 64 3200+,Mobile Athlon 64 3200+,,,1,,,1,,,,2.2,,81.5,,,,,,,,,,,,
AMD,Mobile AMD Athlon 64 3400+,Mobile Athlon 64 3400+,,,1,,,1,,,,2.2,,81.5,,,,,,,,,,,,
AMD,Mobile AMD Athlon 64 3700+,Mobile Athlon 64 3700+,,,1,,,1,,,,2.4,,81.5,,,,,,,,,,,,
AMD,Mobile AMD Athlon 64 4000+,Mobile Athlon 64 4000+,,,1,,,1,,,,2.6,,62,,,,,,,,,,,,
AMD,Mobile AMD Athlon MP-M 1800+,Mobile Athlon MP-M 1800+,,,1,,,1,,,,1.8,,35,,,,,,,,,,,,
AMD,Mobile AMD Athlon MP-M 2000+,Mobile Athlon MP-M 2000+,,,1,,,1,,,,1.7,,,,,,,,,,,,,,
AMD,Mobile AMD Athlon MP-M 2400+,Mobile Athlon MP-M 2400+,,,1,,,1,,,,2.0,,-1,,,,,,,,,,,,
AMD,Mobile AMD Athlon MP-M 2800+,Mobile Athlon MP-M 2800+,,,1,,,1,,,,,,,,,,,,,,,,,,
AMD,Mobile AMD Athlon XP,Mobile Athlon XP,,,1,,,1,,,,,,,,,,,,,,,,,,
AMD,Mobile AMD Athlon XP-M,Mobile Athlon XP-M,,,1,,,1,,,,,,,,,,,,,,,,,,
AMD,Mobile AMD Athlon XP-M (LV),Mobile Athlon XP-M (LV),,,1,,,1,,,,,,,,,,,,,,,,,,
AMD,Mobile AMD Athlon XP-M (LV) 1500+,Mobile Athlon XP-M (LV) 1500+,,,1,,,1,,,,1.3,,,,,,,,,,,,,,
AMD,Mobile AMD Athlon XP-M (LV) 1600+,Mobile Athlon XP-M (LV) 1600+,,,1,,,1,,,,,,,,,,,,,,,,,,
AMD,Mobile AMD Athlon XP-M (LV) 2000+,Mobile Athlon XP-M (LV) 2000+,,,1,,,1,,,,1.7,,,,,,,,,,,,,,
AMD,Mobile AMD Athlon XP-M (LV) 2200+,Mobile Athlon XP-M (LV) 2200+,,,1,,,1,,,,1.7,,,,,,,,,,,,,,
AMD,Mobile AMD Athlon XP-M (LV) 2800+,Mobile Athlon XP-M (LV) 2800+,,,1,,,1,,,,2.1,,,,,,,,,,,,,,
AMD,Mobile AMD Athlon XP-M (LV) 3200+,Mobile Athlon XP-M (LV) 3200+,,,1,,,1,,,,,,,,,,,,,,,,,,
AMD,Mobile AMD Athlon XP-M 1400+,Mobile Athlon XP-M 1400+,,,1,,,1,,,,1.2,,25,,,,,,,,,,,,
AMD,Mobile AMD Athlon XP-M 1500+,Mobile Athlon XP-M 1500+,,,1,,,1,,,,1.3,,,,,,,,,,,,,,
AMD,Mobile AMD Athlon XP-M 1600+,Mobile Athlon XP-M 1600+,,,1,,,1,,,,1.4,,,,,,,,,,,,,,
AMD,Mobile AMD Athlon XP-M 1700+,Mobile Athlon XP-M 1700+,,,1,,,1,,,,1.5,,,,,,,,,,,,,,
AMD,Mobile AMD Athlon XP-M 1800+,Mobile Athlon XP-M 1800+,,,1,,,1,,,,1.5,,45,,,,Socket A,,,,,,,,
AMD,Mobile AMD Athlon XP-M 1900+,Mobile Athlon XP-M 1900+,,,1,,,1,,,,1.6,,,,,,,,,,,,,,
AMD,Mobile AMD Athlon XP-M 2000+,Mobile Athlon XP-M 2000+,,,1,,,1,,,,1.7,,,,,,,,,,,,,,
AMD,Mobile AMD Athlon XP-M 2200+,Mobile Athlon XP-M 2200+,,,1,,,1,,,,1.8,,,,,,,,,,,,,,
AMD,Mobile AMD Athlon XP-M 2400+,Mobile Athlon XP-M 2400+,,,1,,,1,,,,2.0,,,,,,,,,,,,,,
AMD,Mobile AMD Athlon XP-M 2500+,Mobile Athlon XP-M 2500+,,,1,,,1,,,,1.9,,,,,,,,,,,,,,
AMD,Mobile AMD Athlon XP-M 2600+,Mobile Athlon XP-M 2600+,,,1,,,1,,,,2.1,,,,,,,,,,,,,,
AMD,Mobile AMD Athlon XP-M 2800+,Mobile Athlon XP-M 2800+,,,1,,,1,,,,2.1,,,,,,,,,,,,,,
AMD,Mobile AMD Athlon XP-M 3000+,Mobile Athlon XP-M 3000+,,,1,,,1,,,,2.2,,,,,,,,,,,,,,
AMD,Mobile AMD Athlon XP-M 3100+,Mobile Athlon XP-M 3100+,,,1,,,1,,,,,,,,,,,,,,,,,,
AMD,Mobile AMD Athlon XP-M 3200+,Mobile Athlon XP-M 3200+,,,1,,,1,,,,2.2,,,,,,,,,,,,,,
AMD,Mobile AMD Sempron 2100+,Mobile Sempron 2100+,,,1,,,1,,,,1.0,,8,,,,S1,,,,,,,,
AMD,Mobile AMD Sempron 2600+,Mobile Sempron 2600+,,,1,,,1,,,,1.6,,,,,,Socket 754,,,,,,,,
AMD,Mobile AMD Sempron 2800+,Mobile Sempron 2800+,,,1,,,1,,,,1.6,,,,,,Socket 754,,,,,,,,
AMD,Mobile AMD Sempron 3000+,Mobile Sempron 3000+,,,1,,,1,,,,1.8,,,,,,Socket 754,,,,,,,,
AMD,Mobile AMD Sempron 3100+,Mobile Sempron 3100+,,,1,,,1,,,,1.8,,,,,,Socket 754,,,,,,,,
AMD,Mobile AMD Sempron 3200+,Mobile Sempron 3200+,,,1,,,1,,,,1.8,,,,,,S1,,,,,,,,
AMD,Mobile AMD Sempron 3300+,Mobile Sempron 3300+,,,1,,,1,,,,2.0,,,,,,Socket 754,,,,,,,,
AMD,Mobile AMD Sempron 3400+,Mobile Sempron 3400+,,,1,,,1,,,,2.0,,25,,,,Socket S1 (S1g1),,,,,,,,
AMD,Mobile AMD Sempron 3500+,Mobile Sempron 3500+,,,1,,,1,,,,1.8,,,,,,S1,,,,,,,,
AMD,Mobile AMD Sempron 3600+,Mobile Sempron 3600+,,,1,,,1,,,,2.2,,25,,,,S1,,,,,,,,
AMD,Mobile AMD Sempron 3800+,Mobile Sempron 3800+,,,1,,,1,,,,2.2,,,,,,S1,,,,,,,,
Intel,Mobile Intel Celeron 1.20GHz,Mobile Celeron 1.20GHz,,,1,,,1,,,,1.2,,24.4,,,,PPGA478,,,,,,,,
Intel,Mobile Intel Celeron 1.50GHz,Mobile Celeron 1.50GHz,,,1,,,1,,,,1.5,,30,,,,PPGA478,,,,,,,,
Intel,Mobile Intel Celeron 1.60GHz,Mobile Celeron 1.60GHz,,,1,,,1,,,,1.6,,,,,,,,,,,,,,
Intel,Mobile Intel Celeron 1.70GHz,Mobile Celeron 1.70GHz,,,1,,,1,,,,1.7,,,,,,,,,,,,,,
Intel,Mobile Intel Celeron 1.80GHz,Mobile Celeron 1.80GHz,,,1,,,1,,,,1.8,,66.1,,,,PPGA478,,,,,,,,
Intel,Mobile Intel Celeron 1200MHz,Mobile Celeron 1200MHz,,,1,,,1,,,,1.2,,,,,,,,,,,,,,
Intel,Mobile Intel Celeron 1333MHz,Mobile Celeron 1333MHz,,,1,,,1,,,,1.3,,,,,,,,,,,,,,
Intel,Mobile Intel Celeron 2.00GHz,Mobile Celeron 2.00GHz,,,1,,,1,,,,2.0,,,,,,,,,,,,,,
Intel,Mobile Intel Celeron 2.20GHz,Mobile Celeron 2.20GHz,,,1,,,1,,,,2.2,,,,,,,,,,,,,,
Intel,Mobile Intel Celeron 2.40GHz,Mobile Celeron 2.40GHz,,,1,,,1,,,,2.4,,,,,,,,,,,,,,
Intel,Mobile Intel Celeron 2.50GHz,Mobile Celeron 2.50GHz,,,1,,,1,,,,2.5,,,,,,,,,,,,,,
Intel,Mobile Intel Pentium 4 - M 1.60GHz,Mobile 4 - M 1.60GHz,,,1,,,1,,,,1.6,,,,,,,,,,,,,,
Intel,Mobile Intel Pentium 4 - M 1.70GHz,Mobile 4 - M 1.70GHz,,,1,,,1,,,,1.7,,,,,,,,,,,,,,
Intel,Mobile Intel Pentium 4 - M 1.80GHz,Mobile 4 - M 1.80GHz,,,1,,,1,,,,1.8,,,,,,,,,,,,,,
Intel,Mobile Intel Pentium 4 - M 1.90GHz,Mobile 4 - M 1.90GHz,,,1,,,1,,,,1.9,,,,,,,,,,,,,,
Intel,Mobile Intel Pentium 4 - M 2.00GHz,Mobile 4 - M 2.00GHz,,,1,,,1,,,,2.0,,,,,,,,,,,,,,
Intel,Mobile Intel Pentium 4 - M 2.20GHz,Mobile 4 - M 2.20GHz,,,1,,,1,,,,2.2,,,,,,,,,,,,,,
Intel,Mobile Intel Pentium 4 - M 2.40GHz,Mobile 4 - M 2.40GHz,,,1,,,1,,,,2.4,,,,,,,,,,,,,,
Intel,Mobile Intel Pentium 4 - M 2.50GHz,Mobile 4 - M 2.50GHz,,,1,,,1,,,,2.5,,,,,,,,,,,,,,
Intel,Mobile Intel Pentium 4 - M 2.60GHz,Mobile 4 - M 2.60GHz,,,1,,,1,,,,2.6,,,,,,,,,,,,,,
Intel,Mobile Intel Pentium 4 2.30GHz,Mobile 4 2.30GHz,,,1,,,1,,,,2.3,,,,,,,,,,,,,,
Intel,Mobile Intel Pentium 4 2.40GHz,Mobile 4 2.40GHz,,,1,,,1,,,,2.4,,59.8,,,,PGA478,,,,,,,,
Intel,Mobile Intel Pentium 4 2.66GHz,Mobile 4 2.66GHz,,,1,,,1,,,,2.7,,66.1,,,,PGA478,,,,,,,,
Intel,Mobile Intel Pentium 4 2.80GHz,Mobile 4 2.80GHz,,,1,,,2,,,,2.8,,69.7,,,,PGA478,,,,,,,,
Intel,Mobile Intel Pentium 4 3.06GHz,Mobile 4 3.06GHz,,,1,,,2,,,,3.1,,81.8,,,,PGA478,,,,,,,,
Intel,Mobile Intel Pentium 4 3.20GHz,Mobile 4 3.20GHz,,,1,,,2,,,,3.2,,82,,,,PGA478,,,,,,,,
Intel,Mobile Intel Pentium 4 3.33GHz,Mobile 4 3.33GHz,,,1,,,2,,,,3.3,,,,,,,,,,,,,,
Intel,Mobile Intel Pentium 4 3.46GHz,Mobile 4 3.46GHz,,,1,,,2,,,,3.5,,,,,,,,,,,,,,
Intel,Mobile Intel Pentium III - M 1000MHz,Mobile III - M 1000MHz,,,1,,,1,,,,1.0,,20.5,,,,BGA2. microPGA2,,,,,,,,
Intel,Mobile Intel Pentium III - M 1133MHz,Mobile III - M 1133MHz,,,1,,,1,,,,1.1,,21.8,,,,BGA2. microPGA2,,,,,,,,
Intel,Mobile Intel Pentium III - M 1200MHz,Mobile III - M 1200MHz,,,1,,,1,,,,1.2,,22,,,,BGA2. microPGA2,,,,,,,,
Intel,Mobile Intel Pentium III - M 1333MHz,Mobile III - M 1333MHz,,,1,,,1,,,,1.3,,22,,,,BGA2. microPGA2,,,,,,,,
Intel,Mobile Intel Pentium III - M 866MHz,Mobile III - M 866MHz,,,1,,,1,,,,0.9,,19.5,,,,BGA2. microPGA2,,,,,,,,
Intel,Mobile Intel Pentium III - M 933MHz,Mobile III - M 933MHz,,,1,,,1,,,,0.9,,20.1,,,,BGA2. microPGA2,,,,,,,,
Qualcomm,Odin based on Qualcomm Technologies. Inc SM8350,Odin based on Technologies. Inc SM8350,,,8,,,8,,,,3.0,,,,,,,,,,,,,,
Qualcomm,Qualcomm APQ 8084 (Flattened Device Tree),APQ 8084 (Flattened Device Tree),,,4,,,4,,,,2.7,,,,,,,,,,,,,,
Qualcomm,Qualcomm APQ8026,APQ8026,,,4,,,4,,,,1.2,,,,,,,,,,,,,,
Qualcomm,Qualcomm APQ8084,APQ8084,,,4,,,4,,,,2.6,,,,,,,,,,,,,,
Qualcomm,Qualcomm MSM 8939 HUAWEI KIW-L21,MSM 8939 HUAWEI KIW-L21,,,8,,,8,,,,1.5,,,,,,,,,,,,,,
Qualcomm,Qualcomm MSM 8939 HUAWEI KIW-L24,MSM 8939 HUAWEI KIW-L24,,,8,,,8,,,,1.5,,,,,,,,,,,,,,
Qualcomm,Qualcomm MSM 8939 HUAWEI TEXAS-A1,MSM 8939 HUAWEI TEXAS-A1,,,8,,,8,,,,1.5,,,,,,,,,,,,,,
Qualcomm,Qualcomm MSM 8974 HAMMERHEAD (Flattened Device Tre,MSM 8974 HAMMERHEAD (Flattened Device Tre,,,4,,,4,,,,2.3,,,,,,,,,,,,,,
Qualcomm,Qualcomm MSM8212,MSM8212,,,4,,,4,,,,1.2,,,,,,,,,,,,,,
Qualcomm,Qualcomm MSM8226,MSM8226,,,4,,,4,,,,1.2,,,,,,,,,,,,,,
Qualcomm,Qualcomm MSM8228,MSM8228,,,4,,,4,,,,1.4,,,,,,,,,,,,,,
Qualcomm,Qualcomm MSM8626,MSM8626,,,4,,,4,,,,1.2,,,,,,,,,,,,,,
Qualcomm,Qualcomm MSM8916,MSM8916,,,4,,,4,,,,1.2,,,,,,,,,,,,,,
Qualcomm,Qualcomm MSM8917,MSM8917,,,4,,,4,,,,1.4,,,,,,,,,,,,,,
Qualcomm,Qualcomm MSM8926,MSM8926,,,4,,,4,,,,1.2,,,,,,,,,,,,,,
Qualcomm,Qualcomm MSM8928,MSM8928,,,4,,,4,,,,1.4,,,,,,,,,,,,,,
Qualcomm,Qualcomm MSM8937,MSM8937,,,8,,,8,,,,1.4,,,,,,,,,,,,,,
Qualcomm,Qualcomm MSM8939,MSM8939,,,8,,,8,,,,1.7,,,,,,,,,,,,,,
Qualcomm,Qualcomm MSM8953,MSM8953,,,8,,,8,,,,1.8,,,,,,,,,,,,,,
Qualcomm,Qualcomm MSM8956,MSM8956,,,6,,,6,,,,1.8,,,,,,,,,,,,,,
Qualcomm,Qualcomm MSM8974,MSM8974,,,4,,,4,,,,2.3,,,,,,,,,,,,,,
Qualcomm,Qualcomm MSM8974PRO-AA,MSM8974PRO-AA,,,4,,,4,,,,2.3,,,,,,,,,,,,,,
Qualcomm,Qualcomm MSM8974PRO-AB,MSM8974PRO-AB,,,4,,,4,,,,2.3,,,,,,,,,,,,,,
Qualcomm,Qualcomm MSM8974PRO-AC,MSM8974PRO-AC,,,4,,,4,,,,2.5,,,,,,,,,,,,,,
Qualcomm,Qualcomm MSM8976,MSM8976,,,8,,,8,,,,1.8,,,,,,,,,,,,,,
Qualcomm,Qualcomm MSM8992,MSM8992,,,6,,,6,,,,1.8,,,,,,,,,,,,,,
Qualcomm,Qualcomm MSM8994,MSM8994,,,8,,,8,,,,2.0,,,,,,,,,,,,,,
Qualcomm,Qualcomm MSM8996,MSM8996,,,4,,,4,,,,2.2,,,,,,,,,,,,,,
Qualcomm,Qualcomm MSM8996PRO-AB,MSM8996PRO-AB,,,4,,,4,,,,2.2,,,,,,,,,,,,,,
Qualcomm,Qualcomm MSM8998,MSM8998,,,8,,,8,,,,2.5,,,,,,,,,,,,,,
Qualcomm,Qualcomm QCM6490,QCM6490,,,8,,,8,,,,2.4,,,,,,,,,,,,,,
Qualcomm,Qualcomm QCS5430,QCS5430,,,8,,,8,2.1,,,1.8,,,,,,,,,,,,,,
Qualcomm,Qualcomm QCS6490,QCS6490,,,8,,,8,2.1,,,1.9,,,,,,,,,,,,,,
Qualcomm,Qualcomm SA8155P,SA8155P,,,8,,,8,,,,2.1,,,,,,,,,,,,,,
Qualcomm,Qualcomm SA8195P,SA8195P,,,8,,,8,,,,2.5,,,,,,,,,,,,,,
Qualcomm,Qualcomm SA8255P,SA8255P,,,8,,,8,,,,,,,,,,,,,,,,,,
Qualcomm,Qualcomm SC7180,SC7180,,,8,,,8,,,,2.1,,,,,,,,,,,,,,
Qualcomm,Qualcomm SC7180P,SC7180P,,,8,,,8,,,,2.6,,,,,,,,,,,,,,
Qualcomm,Qualcomm SDM439,SDM439,,,8,,,8,,,,2.0,,,,,,,,,,,,,,
Qualcomm,Qualcomm SDM450,SDM450,,,8,,,8,,,,1.8,,,,,,,,,,,,,,
Qualcomm,Qualcomm SDM630,SDM630,,,8,,,8,,,,2.2,,,,,,,,,,,,,,
Qualcomm,Qualcomm SDM660,SDM660,,,8,,,8,,,,2.2,,,,,,,,,,,,,,
Qualcomm,Qualcomm SDM670,SDM670,,,8,,,8,,,,2.0,,,,,,,,,,,,,,
Qualcomm,Qualcomm SDM845,SDM845,,,8,,,8,,,,2.8,,,,,,,,,,,,,,
Qualcomm,Qualcomm SM4250,SM4250,,,8,,,8,,,,1.8,,,,,,,,,,,,,,
Qualcomm,Qualcomm SM4350,SM4350,,,8,,,8,,,,2.0,,,,,,,,,,,,,,
Qualcomm,Qualcomm SM6115,SM6115,,,8,,,8,,,,2.0,,,,,,,,,,,,,,
Qualcomm,Qualcomm SM6125,SM6125,,,8,,,8,,,,2.0,,,,,,,,,,,,,,
Qualcomm,Qualcomm SM6150,SM6150,,,8,,,8,,,,2.0,,,,,,,,,,,,,,
Qualcomm,Qualcomm SM6225,SM6225,,,8,,,8,,,,2.4,,,,,,,,,,,,,,
Qualcomm,Qualcomm SM6375,SM6375,,,8,,,8,,,,2.2,,,,,,,,,,,,,,
Qualcomm,Qualcomm SM7125,SM7125,,,8,,,8,,,,2.3,,,,,,,,,,,,,,
Qualcomm,Qualcomm SM7150,SM7150,,,8,,,8,,,,2.2,,,,,,,,,,,,,,
Qualcomm,Qualcomm SM7250,SM7250,,,8,,,8,,,,2.4,,,,,,,,,,,,,,
Qualcomm,Qualcomm SM7325,SM7325,,,8,,,8,,,,2.4,,,,,,,,,,,,,,
Qualcomm,Qualcomm SM8150,SM8150,,,8,,,8,,,,2.8,,,,,,,,,,,,,,
Qualcomm,Qualcomm SM8250,SM8250,,,8,,,8,,,,2.8,,,,,,,,,,,,,,
Qualcomm,Qualcomm SM8350,SM8350,,,8,,,8,,,,2.8,,,,,,,,,,,,,,
Qualcomm,Qualcomm Snapdragon 808 (8992),808 (8992),,,6,,,6,,,,1.8,,,,,,,,,,,,,,
Qualcomm,Qualcomm Snapdragon 810,810,,,,,,,,,,,,,,,,,,,,,,,,
Qualcomm,Qualcomm Snapdragon X Elite - X1E-78-100,X Elite - X1E-78-100,,,12,,,12,3.4,,,3.4,,23,,,,,,,,,,,,
Qualcomm,Qualcomm Snapdragon X Elite - X1E-80-100,X Elite - X1E-80-100,,,12,,,12,4.0,,,3.4,,,,,,,,,,,,,,
Qualcomm,Qualcomm Snapdragon X Elite - X1E-84-100,X Elite - X1E-84-100,,,12,,,12,4.2,,,3.8,,,,,,,,,,,,,,
Qualcomm,Qualcomm Snapdragon X Elite - X1E001DE,X Elite - X1E001DE,,,12,,,12,4.3,,,3.8,,,,,,,,,,,,,,
Qualcomm,Qualcomm Snapdragon X Plus X1P-64-100,X Plus X1P-64-100,,,10,,,10,3.4,,,3.4,,,,,,,,,,,,,,
Qualcomm,Qualcomm SXR2230P,SXR2230P,,,6,,,6,,,,2.4,,,,,,,,,,,,,,
Qualcomm,Qualcomm Technologies. Inc,Technologies. Inc,,,8,,,8,,,,2.0,,,,,,,,,,,,,,
Qualcomm,Qualcomm Technologies. Inc 450,Technologies. Inc 450,,,8,,,8,,,,1.8,,,,,,,,,,,,,,
Qualcomm,Qualcomm Technologies. Inc APQ8009,Technologies. Inc APQ8009,,,4,,,4,,,,1.3,,,,,,,,,,,,,,
Qualcomm,Qualcomm Technologies. Inc APQ8016,Technologies. Inc APQ8016,,,4,,,4,,,,1.2,,,,,,,,,,,,,,
Qualcomm,Qualcomm Technologies. Inc APQ8017,Technologies. Inc APQ8017,,,4,,,4,,,,1.4,,,,,,,,,,,,,,
Qualcomm,Qualcomm Technologies. Inc APQ8053,Technologies. Inc APQ8053,,,8,,,8,,,,2.0,,,,,,,,,,,,,,
Qualcomm,Qualcomm Technologies. Inc APQ8076,Technologies. Inc APQ8076,,,8,,,8,,,,1.4,,,,,,,,,,,,,,
Qualcomm,Qualcomm Technologies. Inc APQ8094,Technologies. Inc APQ8094,,,8,,,8,,,,2.0,,,,,,,,,,,,,,
Qualcomm,Qualcomm Technologies. Inc APQ8096,Technologies. Inc APQ8096,,,4,,,4,,,,2.2,,,,,,,,,,,,,,
Qualcomm,Qualcomm Technologies. Inc APQ8096pro,Technologies. Inc APQ8096pro,,,4,,,4,,,,2.3,,,,,,,,,,,,,,
Qualcomm,Qualcomm Technologies. Inc ATOLL-AB,Technologies. Inc ATOLL-AB,,,8,,,8,,,,2.3,,,,,,,,,,,,,,
Qualcomm,Qualcomm Technologies. Inc BENGAL,Technologies. Inc BENGAL,,,8,,,8,,,,2.0,,,,,,,,,,,,,,
Qualcomm,Qualcomm Technologies. Inc BENGAL-IOT,Technologies. Inc BENGAL-IOT,,,8,,,8,,,,2.0,,,,,,,,,,,,,,
Qualcomm,Qualcomm Technologies. Inc BENGALP,Technologies. Inc BENGALP,,,8,,,8,,,,2.0,,,,,,,,,,,,,,
Qualcomm,Qualcomm Technologies. Inc BENGALP-IOT,Technologies. Inc BENGALP-IOT,,,8,,,8,,,,2.0,,,,,,,,,,,,,,
Qualcomm,Qualcomm Technologies. Inc KHAJE,Technologies. Inc KHAJE,,,8,,,8,,,,2.4,,,,,,,,,,,,,,
Qualcomm,Qualcomm Technologies. Inc KONA,Technologies. Inc KONA,,,8,,,8,,,,2.8,,,,,,,,,,,,,,
Qualcomm,Qualcomm Technologies. Inc KONA-IOT,Technologies. Inc KONA-IOT,,,8,,,8,,,,2.8,,,,,,,,,,,,,,
Qualcomm,Qualcomm Technologies. Inc LAGOON,Technologies. Inc LAGOON,,,8,,,8,,,,2.1,,,,,,,,,,,,,,
Qualcomm,Qualcomm Technologies. Inc LITO,Technologies. Inc LITO,,,8,,,8,,,,2.4,,,,,,,,,,,,,,
Qualcomm,Qualcomm Technologies. Inc MSM8216,Technologies. Inc MSM8216,,,4,,,4,,,,1.2,,,,,,,,,,,,,,
Qualcomm,Qualcomm Technologies. Inc MSM8909,Technologies. Inc MSM8909,,,4,,,4,,,,1.3,,,,,,,,,,,,,,
Qualcomm,Qualcomm Technologies. Inc MSM8916,Technologies. Inc MSM8916,,,4,,,4,,,,1.2,,,,,,,,,,,,,,
Qualcomm,Qualcomm Technologies. Inc MSM8917,Technologies. Inc MSM8917,,,4,,,4,,,,1.4,,,,,,,,,,,,,,
Qualcomm,Qualcomm Technologies. Inc MSM8920,Technologies. Inc MSM8920,,,4,,,4,,,,1.4,,,,,,,,,,,,,,
Qualcomm,Qualcomm Technologies. Inc MSM8929,Technologies. Inc MSM8929,,,8,,,8,,,,1.4,,,,,,,,,,,,,,
Qualcomm,Qualcomm Technologies. Inc MSM8937,Technologies. Inc MSM8937,,,8,,,8,,,,1.4,,,,,,,,,,,,,,
Qualcomm,Qualcomm Technologies. Inc MSM8939,Technologies. Inc MSM8939,,,8,,,8,,,,1.5,,,,,,,,,,,,,,
Qualcomm,Qualcomm Technologies. Inc MSM8952,Technologies. Inc MSM8952,,,8,,,8,,,,1.5,,,,,,,,,,,,,,
Qualcomm,Qualcomm Technologies. Inc MSM8953,Technologies. Inc MSM8953,,,8,,,8,,,,2.0,,,,,,,,,,,,,,
Qualcomm,Qualcomm Technologies. Inc MSM8956,Technologies. Inc MSM8956,,,6,,,6,,,,1.8,,,,,,,,,,,,,,
Qualcomm,Qualcomm Technologies. Inc MSM8976,Technologies. Inc MSM8976,,,8,,,8,,,,1.8,,,,,,,,,,,,,,
Qualcomm,Qualcomm Technologies. Inc MSM8976SG,Technologies. Inc MSM8976SG,,,8,,,8,,,,2.0,,,,,,,,,,,,,,
Qualcomm,Qualcomm Technologies. Inc MSM8992,Technologies. Inc MSM8992,,,6,,,6,,,,1.4,,,,,,,,,,,,,,
Qualcomm,Qualcomm Technologies. Inc MSM8994,Technologies. Inc MSM8994,,,8,,,8,,,,1.6,,,,,,,,,,,,,,
Qualcomm,Qualcomm Technologies. Inc MSM8996,Technologies. Inc MSM8996,,,4,,,4,,,,2.2,,,,,,,,,,,,,,
Qualcomm,Qualcomm Technologies. Inc MSM8996pro,Technologies. Inc MSM8996pro,,,4,,,4,,,,2.3,,,,,,,,,,,,,,
Qualcomm,Qualcomm Technologies. Inc MSM8998,Technologies. Inc MSM8998,,,8,,,8,,,,2.5,,,,,,,,,,,,,,
Qualcomm,Qualcomm Technologies. Inc QCM2150,Technologies. Inc QCM2150,,,4,,,4,,,,1.3,,,,,,,,,,,,,,
Qualcomm,Qualcomm Technologies. Inc QCM6125,Technologies. Inc QCM6125,,,8,,,8,,,,2.0,,,,,,,,,,,,,,
Qualcomm,Qualcomm Technologies. Inc QCS610,Technologies. Inc QCS610,,,8,,,8,,,,2.2,,,,,,,,,,,,,,
Qualcomm,Qualcomm Technologies. Inc QM215,Technologies. Inc QM215,,,4,,,4,,,,1.3,,,,,,,,,,,,,,
Qualcomm,Qualcomm Technologies. Inc SA8195P,Technologies. Inc SA8195P,,,8,,,8,,,,2.5,,,,,,,,,,,,,,
Qualcomm,Qualcomm Technologies. Inc SCUBAIIOT,Technologies. Inc SCUBAIIOT,,,4,,,4,,,,2.0,,,,,,,,,,,,,,
Qualcomm,Qualcomm Technologies. Inc SCUBAPIIOT,Technologies. Inc SCUBAPIIOT,,,4,,,4,,,,2.0,,,,,,,,,,,,,,
Qualcomm,Qualcomm Technologies. Inc SDA429W,Technologies. Inc SDA429W,,,4,,,4,,,,2.0,,,,,,,,,,,,,,
Qualcomm,Qualcomm Technologies. Inc SDA450,Technologies. Inc SDA450,,,8,,,8,,,,1.8,,,,,,,,,,,,,,
Qualcomm,Qualcomm Technologies. Inc SDA660,Technologies. Inc SDA660,,,8,,,8,,,,2.2,,,,,,,,,,,,,,
Qualcomm,Qualcomm Technologies. Inc SDM429,Technologies. Inc SDM429,,,4,,,4,,,,2.0,,,,,,,,,,,,,,
Qualcomm,Qualcomm Technologies. Inc SDM439,Technologies. Inc SDM439,,,8,,,8,,,,2.0,,,,,,,,,,,,,,
Qualcomm,Qualcomm Technologies. Inc SDM450,Technologies. Inc SDM450,,,8,,,8,,,,1.8,,,,,,,,,,,,,,
Qualcomm,Qualcomm Technologies. Inc SDM460,Technologies. Inc SDM460,,,8,,,8,,,,1.8,,,,,,,,,,,,,,
Qualcomm,Qualcomm Technologies. Inc SDM630,Technologies. Inc SDM630,,,8,,,8,,,,2.2,,,,,,,,,,,,,,
Qualcomm,Qualcomm Technologies. Inc SDM632,Technologies. Inc SDM632,,,8,,,8,,,,1.8,,,,,,,,,,,,,,
Qualcomm,Qualcomm Technologies. Inc SDM636,Technologies. Inc SDM636,,,8,,,8,,,,1.8,,,,,,,,,,,,,,
Qualcomm,Qualcomm Technologies. Inc SDM660,Technologies. Inc SDM660,,,8,,,8,,,,2.2,,,,,,,,,,,,,,
Qualcomm,Qualcomm Technologies. Inc SDM662,Technologies. Inc SDM662,,,8,,,8,,,,2.0,,,,,,,,,,,,,,
Qualcomm,Qualcomm Technologies. Inc SDM665,Technologies. Inc SDM665,,,8,,,8,,,,2.0,,,,,,,,,,,,,,
Qualcomm,Qualcomm Technologies. Inc SDM670,Technologies. Inc SDM670,,,8,,,8,,,,2.0,,,,,,,,,,,,,,
Qualcomm,Qualcomm Technologies. Inc SDM710,Technologies. Inc SDM710,,,8,,,8,,,,2.2,,,,,,,,,,,,,,
Qualcomm,Qualcomm Technologies. Inc SDM712,Technologies. Inc SDM712,,,,,,,,,,,,,,,,,,,,,,,,
Qualcomm,Qualcomm Technologies. Inc SDM720G,Technologies. Inc SDM720G,,,8,,,8,,,,2.3,,,,,,,,,,,,,,
Qualcomm,Qualcomm Technologies. Inc SDM730G AIE,Technologies. Inc SDM730G AIE,,,8,,,8,,,,2.2,,,,,,,,,,,,,,
Qualcomm,Qualcomm Technologies. Inc SDM750G,Technologies. Inc SDM750G,,,8,,,8,,,,2.2,,,,,,,,,,,,,,
Qualcomm,Qualcomm Technologies. Inc SDM765G 5G,Technologies. Inc SDM765G 5G,,,8,,,8,,,,2.4,,,,,,,,,,,,,,
Qualcomm,Qualcomm Technologies. Inc SDM778G,Technologies. Inc SDM778G,,,8,,,8,,,,2.4,,,,,,,,,,,,,,
Qualcomm,Qualcomm Technologies. Inc SDM782G,Technologies. Inc SDM782G,,,8,,,8,,,,2.7,,,,,,,,,,,,,,
Qualcomm,Qualcomm Technologies. Inc SDM845,Technologies. Inc SDM845,,,8,,,8,,,,2.8,,,,,,,,,,,,,,
Qualcomm,Qualcomm Technologies. Inc SDMMAGPIE,Technologies. Inc SDMMAGPIE,,,8,,,8,,,,2.2,,,,,,,,,,,,,,
Qualcomm,Qualcomm Technologies. Inc SDMMAGPIEP,Technologies. Inc SDMMAGPIEP,,,8,,,8,,,,2.2,,,,,,,,,,,,,,
Qualcomm,Qualcomm Technologies. Inc SM4250,Technologies. Inc SM4250,,,8,,,8,,,,1.8,,,,,,,,,,,,,,
Qualcomm,Qualcomm Technologies. Inc SM4350,Technologies. Inc SM4350,,,8,,,8,,,,2.0,,,,,,,,,,,,,,
Qualcomm,Qualcomm Technologies. Inc SM6125,Technologies. Inc SM6125,,,8,,,8,,,,2.0,,,,,,,,,,,,,,
Qualcomm,Qualcomm Technologies. Inc SM6150,Technologies. Inc SM6150,,,8,,,8,,,,2.0,,,,,,,,,,,,,,
Qualcomm,Qualcomm Technologies. Inc SM6225,Technologies. Inc SM6225,,,8,,,8,,,,2.4,,,,,,,,,,,,,,
Qualcomm,Qualcomm Technologies. Inc SM6375,Technologies. Inc SM6375,,,8,,,8,,,,2.2,,,,,,,,,,,,,,
Qualcomm,Qualcomm Technologies. Inc SM7125,Technologies. Inc SM7125,,,8,,,8,,,,2.3,,,,,,,,,,,,,,
Qualcomm,Qualcomm Technologies. Inc SM7150,Technologies. Inc SM7150,,,8,,,8,,,,2.2,,,,,,,,,,,,,,
Qualcomm,Qualcomm Technologies. Inc SM7225,Technologies. Inc SM7225,,,8,,,8,,,,2.2,,,,,,,,,,,,,,
Qualcomm,Qualcomm Technologies. Inc SM7250,Technologies. Inc SM7250,,,8,,,8,,,,2.4,,,,,,,,,,,,,,
Qualcomm,Qualcomm Technologies. Inc SM7325,Technologies. Inc SM7325,,,8,,,8,,,,2.4,,,,,,,,,,,,,,
Qualcomm,Qualcomm Technologies. Inc SM8150,Technologies. Inc SM8150,,,8,,,8,,,,2.8,,,,,,,,,,,,,,
Qualcomm,Qualcomm Technologies. Inc SM8150_Plus,Technologies. Inc SM8150_Plus,,,8,,,8,,,,3.0,,,,,,,,,,,,,,
Qualcomm,Qualcomm Technologies. Inc SM8150P,Technologies. Inc SM8150P,,,8,,,8,,,,2.8,,,,,,,,,,,,,,
Qualcomm,Qualcomm Technologies. Inc SM8250,Technologies. Inc SM8250,,,8,,,8,,,,2.8,,,,,,,,,,,,,,
Qualcomm,Qualcomm Technologies. Inc SM8250_AC,Technologies. Inc SM8250_AC,,,8,,,8,,,,3.2,,,,,,,,,,,,,,
Qualcomm,Qualcomm Technologies. Inc SM8350,Technologies. Inc SM8350,,,8,,,8,,,,2.8,,,,,,,,,,,,,,
Qualcomm,Qualcomm Technologies. Inc SM8350AC,Technologies. Inc SM8350AC,,,8,,,8,,,,3.0,,,,,,,,,,,,,,
Qualcomm,Qualcomm Technologies. Inc TRINKET,Technologies. Inc TRINKET,,,8,,,8,,,,2.0,,,,,,,,,,,,,,
Qualcomm,Qualcomm Technologies. Inc TRINKET-IOT,Technologies. Inc TRINKET-IOT,,,8,,,8,,,,2.0,,,,,,,,,,,,,,
Qualcomm,Qualcomm Technologies. Inc. MSM8940-PMI8940 MTP,Technologies. Inc. MSM8940-PMI8940 MTP,,,8,,,8,,,,1.4,,,,,,,,,,,,,,
Qualcomm,Qualcomm Technologies. Inc. MSM8952 QRD SKUM,Technologies. Inc. MSM8952 QRD SKUM,,,8,,,8,,,,1.5,,,,,,,,,,,,,,
Qualcomm,redwood based Qualcomm Technologies. Inc. SM7325,redwood based Technologies. Inc. SM7325,,,8,,,8,,,,2.4,,,,,,,,,,,,,,
Qualcomm,Renoir based on Qualcomm Technologies. Inc SM7350,Renoir based on Technologies. Inc SM7350,,,8,,,8,,,,2.4,,,,,,,,,,,,,,
Samsung,"Samsung ""Exynos 9610""","""Exynos 9610""",,,8,,,8,,,,2.2,,,,,,,,,,,,,,
Samsung,Samsung A04S EUR OPEN REV03C board based on EXYNOS,A04S EUR OPEN REV03C board based on EXYNOS,,,8,,,8,,,,2.0,,,,,,,,,,,,,,
Samsung,Samsung A13 EUR OPEN REV02B board based on EXYNOS8,A13 EUR OPEN REV02B board based on EXYNOS8,,,8,,,8,,,,2.0,,,,,,,,,,,,,,
Samsung,Samsung A13 USA SINGLE REV02B board based on EXYNO,A13 USA SINGLE REV02B board based on EXYNO,,,8,,,8,,,,2.0,,,,,,,,,,,,,,
Samsung,SAMSUNG EXPRESS2,SAMSUNG EXPRESS2,,,2,,,2,,,,1.2,,,,,,,,,,,,,,
Samsung,Samsung Exynos,Exynos,,,8,,,8,,,,2.1,,,,,,,,,,,,,,
Samsung,Samsung Exynos 2100,Exynos 2100,,,8,,,8,,,,2.9,,,,,,,,,,,,,,
Samsung,Samsung Exynos 7420,Exynos 7420,,,8,,,8,,,,2.4,,,,,,,,,,,,,,
Samsung,Samsung Exynos 7570,Exynos 7570,,,4,,,4,,,,1.4,,,,,,,,,,,,,,
Samsung,Samsung Exynos 7580,Exynos 7580,,,8,,,8,,,,1.6,,,,,,,,,,,,,,
Samsung,Samsung Exynos 7870,Exynos 7870,,,8,,,8,,,,1.6,,,,,,,,,,,,,,
Samsung,Samsung Exynos 7880,Exynos 7880,,,8,,,8,,,,1.9,,,,,,,,,,,,,,
Samsung,Samsung Exynos 7884,Exynos 7884,,,8,,,8,,,,1.6,,,,,,,,,,,,,,
Samsung,Samsung Exynos 7885,Exynos 7885,,,8,,,8,,,,2.2,,,,,,,,,,,,,,
Samsung,Samsung Exynos 7904,Exynos 7904,,,8,,,8,,,,1.8,,,,,,,,,,,,,,
Samsung,Samsung Exynos 850,Exynos 850,,,8,,,8,,,,2.0,,,,,,,,,,,,,,
Samsung,Samsung Exynos 8890,Exynos 8890,,,8,,,8,,,,2.6,,,,,,,,,,,,,,
Samsung,Samsung Exynos 8895,Exynos 8895,,,8,,,8,,,,2.3,,,,,,,,,,,,,,
Samsung,Samsung Exynos 9610,Exynos 9610,,,8,,,8,,,,2.3,,,,,,,,,,,,,,
Samsung,Samsung Exynos 9611,Exynos 9611,,,8,,,8,,,,2.3,,,,,,,,,,,,,,
Samsung,Samsung Exynos 980,Exynos 980,,,8,,,8,,,,2.2,,,,,,,,,,,,,,
Samsung,Samsung Exynos 9810,Exynos 9810,,,8,,,8,,,,2.7,,,,,,,,,,,,,,
Samsung,Samsung Exynos 9820,Exynos 9820,,,8,,,8,,,,2.7,,,,,,,,,,,,,,
Samsung,Samsung Exynos 9825,Exynos 9825,,,8,,,8,,,,2.7,,,,,,,,,,,,,,
Samsung,Samsung Exynos 990,Exynos 990,,,8,,,8,,,,2.7,,,,,,,,,,,,,,
Samsung,Samsung EXYNOS5420,EXYNOS5420,,,4,,,4,,,,2.1,,,,,,,,,,,,,,
Samsung,Samsung EXYNOS5430,EXYNOS5430,,,8,,,8,,,,1.8,,,,,,,,,,,,,,
Samsung,Samsung EXYNOS5433,EXYNOS5433,,,8,,,8,,,,1.9,,,,,,,,,,,,,,
Samsung,SAMSUNG Exynos7420,SAMSUNG Exynos7420,,,8,,,8,,,,2.1,,,,,,,,,,,,,,
Samsung,SAMSUNG Exynos7580,SAMSUNG Exynos7580,,,8,,,8,,,,1.6,,,,,,,,,,,,,,
Samsung,Samsung Exynos7870,Exynos7870,,,8,,,8,,,,1.7,,,,,,,,,,,,,,
Samsung,samsung exynos7885,samsung exynos7885,,,8,,,8,,,,2.1,,,,,,,,,,,,,,
Samsung,Samsung GrandPrimePlus LTE CIS rev04 board based o,GrandPrimePlus LTE CIS rev04 board based o,,,4,,,4,,,,1.4,,,,,,,,,,,,,,
Samsung,Samsung GrandPrimePlus LTE LTN DTV rev04 board bas,GrandPrimePlus LTE LTN DTV rev04 board bas,,,4,,,4,,,,1.4,,,,,,,,,,,,,,
Samsung,Samsung GrandPrimePlus LTE LTN OPEN rev04 board ba,GrandPrimePlus LTE LTN OPEN rev04 board ba,,,4,,,4,,,,1.4,,,,,,,,,,,,,,
Samsung,Samsung J7 Max LTE SWA board based on MT6757V-WL,J7 Max LTE SWA board based on MT6757V-WL,,,8,,,8,,,,2.4,,,,,,,,,,,,,,
Samsung,SAMSUNG JF,SAMSUNG JF,,,4,,,4,,,,1.9,,,,,,,,,,,,,,
Samsung,Samsung M13 EUR OPEN REV02 board based on EXYNOS85,M13 EUR OPEN REV02 board based on EXYNOS85,,,8,,,8,,,,2.0,,,,,,,,,,,,,,
Samsung,Samsung M13 SWA INS 00 board based on EXYNOS850,M13 SWA INS 00 board based on EXYNOS850,,,8,,,8,,,,2.0,,,,,,,,,,,,,,
Samsung,Samsung s5e8535,s5e8535,,,8,,,8,,,,2.4,,,,,,,,,,,,,,
Samsung,Samsung s5e8825,s5e8825,,,8,,,8,,,,2.4,,,,,,,,,,,,,,
Samsung,Samsung s5e8835,s5e8835,,,8,,,8,,,,2.4,,,,,,,,,,,,,,
Samsung,Samsung s5e8845,s5e8845,,,8,,,8,,,,2.8,,,,,,,,,,,,,,
Samsung,Samsung s5e8855,s5e8855,,,8,,,8,,,,2.9,,,,,,,,,,,,,,
Samsung,Samsung s5e8865,s5e8865,,,8,,,8,,,,2.9,,,,,,,,,,,,,,
Samsung,Samsung s5e9925,s5e9925,,,8,,,8,,,,2.8,,,,,,,,,,,,,,
Samsung,Samsung s5e9945,s5e9945,,,10,,,10,,,,3.2,,,,,,,,,,,,,,
Samsung,Samsung s5e9955,s5e9955,,,10,,,10,,,,3.3,,,,,,,,,,,,,,
Samsung,Samsung s5e9965,s5e9965,,,10,,,10,,,,3.8,,,,,,,,,,,,,,
Samsung,SAMSUNG SERRANO,SAMSUNG SERRANO,,,2,,,2,,,,1.7,,,,,,,,,,,,,,
Samsung,Samsung Technologies. Inc Exynos E1080,Technologies. Inc Exynos E1080,,,8,,,8,,,,2.8,,,,,,,,,,,,,,
Samsung,Samsung X1S EUR OPEN 21 based on EXYNOS990,X1S EUR OPEN 21 based on EXYNOS990,,,8,,,8,,,,2.7,,,,,,,,,,,,,,
Snapdragon,Snapdragon 435,435,,,8,,,8,,,,1.4,,,,,,,,,,,,,,
Snapdragon,Snapdragon 662,662,,,,,,,,,,,,,,,,,,,,,,,,
Snapdragon,Snapdragon 7325,7325,,,,,,,,,,,,,,,,,,,,,,,,
Snapdragon,Snapdragon 7c @ 1.96 GHz,7c,,,,,,,,,,,,,,,,,,,,,,,,
Snapdragon,Snapdragon 7c @ 2.40 GHz,7c,,,,,,,,,,,,9,,,,,,,,,,,,
Snapdragon,Snapdragon 7c Gen 2 @ 2.55 GHz,7c Gen 2,,,,,,,,,,,,7,,,,,,,,,,,,
Snapdragon,Snapdragon 7cPlus Gen 3 @ 2.40 GHz,7cPlus Gen 3,,,8,,,8,,,,2.4,,,,,,,,,,,,,,
Snapdragon,Snapdragon 8 Gen2 Mobile Platform for Galaxy,8 Gen2 Mobile Platform for Galaxy,,,8,,,8,,,,3.4,,,,,,,,,,,,,,
Snapdragon,Snapdragon 835,835,,,8,,,8,,,,2.6,,9,,,,,,,,,,,,
Snapdragon,Snapdragon 835 @ 2.45 GHz,835,,,8,,,8,,,,2.5,,,,,,,,,,,,,,
Snapdragon,Snapdragon 8350,8350,,,,,,,,,,,,,,,,,,,,,,,,
Snapdragon,Snapdragon 845 @ 2.8 GHz,845,,,,,,,,,,,,,,,,,,,,,,,,
Snapdragon,Snapdragon 850 @ 2.40 GHz,850,,,,,,,,,,,,,,,,,,,,,,,,
Snapdragon,Snapdragon 850 @ 2.96 GHz,850,,,,,,,,,,,,5,,,,,,,,,,,,
Snapdragon,Snapdragon 855 @ 2.84 GHz,855,,,,,,,,,,,,,,,,,,,,,,,,
Snapdragon,Snapdragon 860 @ 2.96 GHz,860,,,8,,,8,,,,3.0,,,,,,,,,,,,,,
Snapdragon,Snapdragon 8c @ 2.46 GHz,8c,,,,,,,,,,,,,,,,,,,,,,,,
Snapdragon,Snapdragon 8cx @ 2.84 GHz,8cx,,,,,,,,,,,,,,,,,,,,,,,,
Snapdragon,Snapdragon 8cx Gen 2 @ 3.0 GHz,8cx Gen 2,,,,,,,,,,,,,,,,,,,,,,,,
Snapdragon,Snapdragon 8cx Gen 2 @ 3.15 GHz,8cx Gen 2,,,,,,,,,,,,7,,,,,,,,,,,,
Snapdragon,Snapdragon 8cx Gen 3 @ 2.69 GHz,8cx Gen 3,,,8,,,8,,,,2.7,,,,,,,,,,,,,,
Snapdragon,Snapdragon 8cx Gen 3 @ 3.0,8cx Gen 3,,,1,,,1,,,,3.0,,,,,,,,,,,,,,
Snapdragon,Snapdragon 8cx Gen 3 @ 3.0 GHz,8cx Gen 3,,,,,,,,,,,,,,,,,,,,,,,,
Qualcomm,Snapdragon X - X126100 - Qualcomm Oryon,X - X126100 - Oryon,,,8,,,8,,,,3.0,,30,,,,,,,,,,,,
Qualcomm,Snapdragon X Elite - X1E78100 - Qualcomm Or,X Elite - X1E78100 - Or,,,12,,,12,,,,,,,,,,,,,,,,,,
Qualcomm,Snapdragon X Elite - X1E80100 - Qualcomm Or,X Elite - X1E80100 - Or,,,12,,,12,,,,,,,,,,,,,,,,,,
Snapdragon,Snapdragon X Plus (8-core) @ 3.30 GHz,X Plus (8-core),,,8,,,8,,,,3.3,,,,,,,,,,,,,,
Qualcomm,Snapdragon X Plus - X1P42100 - Qualcomm Oryon,X Plus - X1P42100 - Oryon,,,8,,,8,,,,3.4,,30,,,,,,,,,,,,
Qualcomm,Snapdragon X2 Elite - X2E88100 - Qualcomm Oryo,X2 Elite - X2E88100 - Oryo,,,18,,,18,,,,,,,,,,,,,,,,,,
Qualcomm,Snapdragon X2 Elite - X2E90100 - Qualcomm Oryo,X2 Elite - X2E90100 - Oryo,,,18,,,18,,,,,,,,,,,,,,,,,,
Snapdragon,Snapdragon X2 Elite Extreme - X2E94100 - Qualc,X2 Elite Extreme - X2E94100 - Qualc,,,18,,,18,,,,,,,,,,,,,,,,,,
Snapdragon,Snapdragon888,888,,,10,,,10,,,,2.8,,,,,,,,,,,,,,
Qualcomm,Star based on Qualcomm Technologies. Inc SM8350,Star based on Technologies. Inc SM8350,,,8,,,8,,,,2.8,,,,,,,,,,,,,,
Qualcomm,taoyao based Qualcomm Technologies. Inc. Yupik IDP,taoyao based Technologies. Inc. Yupik IDP,,,8,,,8,,,,2.4,,,,,,,,,,,,,,
Qualcomm,Venus based on Qualcomm Technologies. Inc SM8350,Venus based on Technologies. Inc SM8350,,,8,,,8,,,,2.8,,,,,,,,,,,,,,
Intel,Intel Core Ultra 9 285K,285K,9,2,24,8,16,24,5.7,3.7,3.2,3.7,36,125,192,DDR5-6400,20,LGA1851,Intel Xe-LPG,2,No,Yes,Yes,Yes,HDMI 2.1 / DP 2.1 / eDP 1.4,
Intel,Intel Core Ultra 9 285KF,285KF,9,2,24,8,16,24,5.7,3.7,3.2,3.7,36,125,192,DDR5-6400,20,LGA1851,None,0,No,Yes,Yes,Yes,N/A,
Intel,Intel Core Ultra 7 265K,265K,7,2,20,8,12,20,5.5,3.5,3,3.5,30,125,192,DDR5-6400,20,LGA1851,Intel Xe-LPG,2,No,Yes,Yes,Yes,HDMI 2.1 / DP 2.1 / eDP 1.4,
Intel,Intel Core Ultra 7 265KF,265KF,7,2,20,8,12,20,5.5,3.5,3,3.5,30,125,192,DDR5-6400,20,LGA1851,None,0,No,Yes,Yes,Yes,N/A,
Intel,Intel Core Ultra 5 245K,245K,5,2,14,6,8,14,5.2,3.3,2.9,3.3,24,125,192,DDR5-6400,20,LGA1851,Intel Xe-LPG,1.9,No,Yes,No,No,HDMI 2.1 / DP 2.1 / eDP 1.4,
Intel,Intel Core Ultra 5 245KF,245KF,5,2,14,6,8,14,5.2,3.3,2.9,3.3,24,125,192,DDR5-6400,20,LGA1851,None,0,No,Yes,No,No,N/A,
Intel,Intel Core Ultra 5 235,235,5,2,14,6,8,14,4.9,3.2,2.8,3.2,24,65,192,DDR5-5600,20,LGA1851,Intel Xe-LPG,1.8,No,Yes,No,No,HDMI 2.1 / DP 2.1 / eDP 1.4,
Intel,Intel Core Ultra 5 235F,235F,5,2,14,6,8,14,4.9,3.2,2.8,3.2,24,65,192,DDR5-5600,20,LGA1851,None,0,No,Yes,No,No,N/A,
Qualcomm,Vili based on Qualcomm Technologies. Inc SM8350,Vili based on Technologies. Inc SM8350,,,8,,,8,8,,,,,,,,,,,,,,,,,
