passmark_id,name,category,vram_mb,g3d_mark,samples
4487,EIZO MED-X5000,Unknown,,3038,1
5947,Eng Sample: 100-000000562-40_Y,Unknown,,2370,1
6183,EPSON Projector Support Driver for UD,Desktop,,7579,1
3929,extension Adapter,Unknown,,6726,1
3958,Extreme AX850 PRO,Unknown,,120,1
387,FireGL T2-128,Workstation,128,31,3
388,FireGL V3100,Workstation,128,53,49
389,FireGL V3200,Workstation,128,85,2
391,FireGL V3300,Workstation,128,71,11
392,FireGL V3350,Workstation,256,69,15
393,FireGL V3400,Workstation,128,103,23
394,FireGL V3600,Workstation,256,180,25
396,FireGL V5100,Workstation,128,93,6
397,FireGL V5200,Workstation,256,115,23
398,FireGL V5600,Workstation,512,341,34
399,FireGL V7100,Workstation,256,72,1
400,FireGL V7200,Workstation,256,116,28
401,FireGL V7300,Workstation,512,128,2
402,FireGL V7350,Workstation,1024,111,8
403,FireGL V7600,Workstation,512,616,11
404,FireGL V7700,Workstation,512,660,18
405,FireGL V8600,Workstation,1024,839,1
406,FireGL V8650,Workstation,2048,550,4
407,FireGL X1,Unknown,,59,4
415,FireMV 2200 PCI,Workstation,64,1,1
414,FireMV 2200 PCIe,Workstation,128,36,2
416,FireMV 2250,Unknown,,46,17
417,FireMV 2260,Workstation,256,117,9
418,FireMV 2400 PCIe,Workstation,256,11,4
420,FireMV 2450,Unknown,,74,1
422,FirePro 2260,Unknown,,113,80
115,FirePro 2270,Workstation,1024,142,81
423,FirePro 2450,Workstation,512,51,8
237,FirePro 2460,Workstation,512,170,17
429,FirePro 3D V3700,Workstation,256,179,41
430,FirePro 3D V3750,Workstation,256,341,45
431,FirePro 3D V3800,Workstation,512,472,47
433,FirePro 3D V4800,Workstation,1024,854,438
435,FirePro 3D V5700,Workstation,512,547,30
436,FirePro 3D V5800,Workstation,1024,1232,165
437,FirePro 3D V7750,Workstation,1024,545,23
438,FirePro 3D V7800,Workstation,2048,1867,18
440,FirePro 3D V8700,Workstation,1024,1206,35
441,FirePro 3D V8750,Workstation,2048,1272,4
2314,7900 MOD - Radeon HD 6520G,Unknown,,610,4
442,FirePro 3D V8800,Workstation,2048,2438,34
443,FirePro 3D V9800,Workstation,4096,2812,3
2268,FirePro M2000,Workstation,1024,428,124
238,FirePro M4000,Workstation,2048,1592,200
3360,FirePro M4000 Mobility Pro,Unknown,,1625,42
2194,FirePro M40003,Unknown,,1364,44
3016,Firepro M4100,Workstation,2048,1059,25
3224,FirePro M4150,Unknown,,1036,70
3145,FirePro M4170,Unknown,,1182,26
2818,FirePro M5100,Workstation,2048,1874,12
3125,FirePro M5100 FireGL V,Unknown,,1839,1
233,FirePro M5950,Workstation,1024,1314,2
2231,FirePro M6000,Workstation,2048,1820,1
2437,FirePro M6000 Mobility Pro,Unknown,,1740,83
2657,FirePro M6100,Workstation,2048,2515,159
3695,FirePro M6100 FireGL V,Unknown,,2885,58
425,FirePro M7740,Workstation,1024,665,50
3444,FirePro R5000,Unknown,,2647,1
427,FirePro RG220,Workstation,512,335,1
3330,FirePro S10000,Unknown,,4537,8
2804,FirePro S7000,Workstation,4096,4732,11
3604,FirePro S7150,Unknown,,3770,7
3209,FirePro S9000,Unknown,,5059,6
4287,FirePro S9050,Unknown,,4901,2
3518,FirePro V3800,Unknown,,321,24
240,FirePro V3900,Workstation,1024,628,174
241,FirePro V4900,Workstation,1024,1013,263
3111,FirePro V5700,Unknown,,465,2
3427,FirePro V5800,Unknown,,1184,17
243,FirePro V5900,Workstation,2048,1182,153
2675,FirePro V7000,Unknown,,3162,2
3907,FirePro V7800,Unknown,,2028,5
245,FirePro V7900,Workstation,2048,2261,80
3105,FirePro V8700,Unknown,,1539,1
3344,FirePro V8800,Unknown,,2281,4
3423,FirePro V9800,Unknown,,2727,18
2940,FirePro W2100,Workstation,2048,849,259
3019,FirePro W4100,Workstation,2048,1487,245
3070,FirePro W4170M,Unknown,,1071,443
3491,Firepro W4190M,Unknown,,1164,107
3425,FirePro W4300,Workstation,4096,2675,68
2227,FirePro W5000,Workstation,2048,2972,259
3044,FirePro W5100,Workstation,4096,2977,412
3440,FirePro W5130M,Unknown,,1454,56
3470,Firepro W5170M,"Mobile, Workstation",2048,1816,120
2390,7900 MOD - Radeon HD 6550D,Unknown,,893,1
3886,Barco MXRT 2600,Unknown,,900,1
7285,DisplayLink USB Device Ryzen 7 3750H,Desktop,,1605,1
2371,FirePro W600,Workstation,2048,1695,47
4341,FirePro W6150M,Unknown,,2358,4
2232,FirePro W7000,Workstation,4096,4319,294
2647,FirePro W7000 Adapter,Unknown,,4360,45
3130,FirePro W7100,Workstation,8192,5025,223
3412,FirePro W7170M,Unknown,,3694,29
2427,FirePro W8000,Workstation,4096,4092,48
2937,FirePro W8100,Workstation,8192,6594,60
2281,FirePro W9000,Workstation,6144,6098,18
3028,FirePro W9100,Workstation,16384,7748,39
3357,FireStream 9170,Unknown,,647,1
2652,FireStream 9250,Workstation,1024,1165,2
2960,FireStream 9270,Workstation,2048,1341,4
247,FireStream 9370,Workstation,4096,2528,1
3796,Fresco Logic IDDCX Adapter,Unknown,,1276,1
699,GeCube RADEON 7000,Unknown,,9,1
1168,GeForce 205,Desktop,512,126,5
4035,GeForce 240M GT,Mobile,,320,1
1171,GeForce 305M,Mobile,,151,3
1172,GeForce 310,Desktop,512,144,387
102,GeForce 310M,Mobile,,129,1352
1173,GeForce 315,Desktop,512,196,177
1174,GeForce 315M,Mobile,,120,354
1175,GeForce 320M,Mobile,,190,126
1177,GeForce 405,Unknown,,118,182
1178,GeForce 410M,Mobile,,272,498
2604,GeForce 505,Unknown,,144,22
1179,GeForce 510,Desktop,2048,292,31
1182,GeForce 6100 nForce 400,Unknown,,25,12
1183,GeForce 6100 nForce 405,Unknown,,27,196
1185,GeForce 6100 nForce 420,Unknown,,25,4
2125,GeForce 610M,Mobile,,291,1546
2361,GeForce 615,Unknown,,505,37
1187,GeForce 6150,Unknown,,22,72
1188,GeForce 6150 LE,Unknown,,33,377
1189,GeForce 6150SE,Unknown,,25,20
74,GeForce 6150SE nForce 430,Unknown,,31,1505
1181,GeForce 6100,Unknown,,27,136
1192,GeForce 6200 A-LE,Desktop,256,32,11
125,GeForce 6200 LE,Desktop,256,33,136
3063,GeForce 6200A,Desktop,128,4,1
1195,GeForce 6200SE TurboCache,Unknown,,37,34
1201,GeForce 6600 LE,Desktop,256,51,45
1203,GeForce 6610 XL,Unknown,,89,11
1204,GeForce 6700 XL,Unknown,,95,33
1213,GeForce 6800 LE,Desktop,128,110,7
1216,GeForce 6800 XT,Desktop,256,121,34
1217,GeForce 7000M,Mobile,,13,2
1218,GeForce 7000M / nForce 610M,Mobile,,13,119
1220,GeForce 7025 / nForce 630a,Unknown,,33,923
1221,GeForce 7050 / nForce 610i,Unknown,,26,110
1222,GeForce 7050 / nForce 620i,Unknown,,40,72
1223,GeForce 7050 / nForce 630i,Unknown,,38,12
1224,GeForce 7050 PV / nForce 630a,Unknown,,30,91
2781,GeForce 705M,Mobile,,456,21
1225,GeForce 7100 / nForce 620i,Unknown,,26,1
1226,GeForce 7100 / nForce 630i,Desktop,0,44,241
1227,GeForce 7100 GS,Desktop,256,51,116
2622,GeForce 710A,Desktop,2048,427,39
2399,GeForce 710M,Mobile,,439,1048
1228,GeForce 7150 / nForce 630i,Unknown,,33,6
1229,GeForce 7150M / nForce 630M,Mobile,,18,149
3977,GeForce 720A,Unknown,,577,7
1236,GeForce 7300 SE,Desktop,128,39,14
1238,GeForce 7300 SE/7200 GS,Workstation,512,49,441
5065,A10-12Q,Desktop,,9192,13
5814,EIZO MED-XN44,Desktop,,5049,1
1241,GeForce 7350 LE,Unknown,,74,7
39,GeForce 7500 LE,Desktop,256,91,79
1247,GeForce 7650 GS,Unknown,,134,30
3519,GeForce 770M,Mobile,,3246,1
1256,GeForce 7950 GX2,Desktop,1024,267,37
3389,GeForce 7950 Xtreme,Unknown,,288,1
3356,GeForce 800A,Unknown,,435,8
3015,GeForce 800M,Mobile,,491,29
1257,GeForce 8100 / nForce 720a,Unknown,,79,16
3099,GeForce 810A,Unknown,,612,14
3005,GeForce 810M,Mobile,,420,99
1258,GeForce 8200,Unknown,,164,174
1259,GeForce 8200M G,Mobile,,65,366
3210,GeForce 820A,Unknown,,556,32
2785,GeForce 820M,Mobile,,479,2762
2971,GeForce 825M,Mobile,,749,43
1260,GeForce 8300,Unknown,,102,62
1261,GeForce 8300 GS,Desktop,512,115,45
3094,GeForce 830A,Unknown,,1173,30
2982,GeForce 830M,Mobile,,993,409
1262,GeForce 8400,Unknown,,81,50
1264,GeForce 8400 SE,Unknown,,68,6
1265,GeForce 8400M G,Mobile,,105,97
1266,GeForce 8400M GS,Mobile,,112,639
1268,GeForce 8400M GT,Mobile,,98,106
3045,GeForce 840A,Unknown,,1082,43
2873,GeForce 840M,Mobile,,1098,5061
3126,GeForce 845M,Mobile,,1500,91
1270,GeForce 8500 GT,Desktop,1024,173,1149
64,GeForce 8600 GT,Desktop,1024,150,2174
118,GeForce 8600 GTS,Desktop,512,185,654
1274,GeForce 8600M GS,Mobile,,89,313
1275,GeForce 8600M GT,Mobile,,164,758
1276,GeForce 8700M GT,Mobile,,124,107
101,GeForce 8800 GTS,Desktop,320,398,879
63,GeForce 8800 GTS 512,Desktop,512,550,423
1284,GeForce 8800M GTS,Mobile,,382,36
1285,GeForce 8800M GTX,Mobile,,462,47
1287,GeForce 9100M G,Mobile,,83,83
3285,GeForce 910M,Mobile,,602,28
1288,GeForce 9200,Unknown,,168,257
1289,GeForce 9200M GE,Mobile,,144,51
1290,GeForce 9200M GS,Mobile,,129,199
3565,GeForce 920A,Unknown,,817,29
3192,GeForce 920M,Mobile,,715,2901
3520,GeForce 920MX,Unknown,,1059,1237
1291,GeForce 9300,Unknown,,127,2
1292,GeForce 9300 / nForce 730i,Unknown,,129,50
1293,GeForce 9300 GE,Desktop,256,115,243
3128,GeForce 9300 SE,Unknown,,82,1
1295,GeForce 9300GE,Unknown,,98,2
1296,GeForce 9300M G,Mobile,,85,50
1297,GeForce 9300M GS,Mobile,,152,502
3417,GeForce 930A,Unknown,,1218,36
3252,GeForce 930M,Mobile,,1013,881
3549,GeForce 930MX,Mobile,,1272,1588
1298,GeForce 9400,Unknown,,151,93
11,GeForce 9400 GT,Desktop,1024,195,1426
1299,GeForce 9400M,Mobile,,101,116
1300,GeForce 9400M G,Mobile,,174,121
3393,GeForce 940A,Unknown,,1114,8
3155,GeForce 940M,Mobile,,1133,3110
3453,GeForce 940MX,Unknown,,1507,6911
2466,GeForce 9450,Unknown,,105,1
4094,GeForce 945A,Unknown,,1852,1
3388,GeForce 945M,Mobile,,2160,45
1304,GeForce 9500 GT,Desktop,1024,192,3502
1305,GeForce 9500M,Mobile,,104,7
1306,GeForce 9500M G,Mobile,,122,3
1307,GeForce 9500M GS,Mobile,,133,133
1308,GeForce 9600 GS,Desktop,768,282,123
1309,GeForce 9600 GSO,Desktop,1536,323,252
1310,GeForce 9600 GSO 512,Desktop,512,330,95
1313,GeForce 9600M GS,Mobile,,155,252
1314,GeForce 9600M GT,Mobile,,170,981
1315,GeForce 9600M GT / GeForce GT 220M,Mobile,,293,5
1316,GeForce 9650M GS,Mobile,,270,5
1317,GeForce 9650M GT,Mobile,,137,82
1318,GeForce 9700M GT,Mobile,,327,65
1319,GeForce 9700M GTS,Mobile,,312,51
92,GeForce 9800 GTX+,Desktop,1024,489,423
1323,GeForce 9800 GX2,Desktop,2,613,50
2264,GeForce 9800 S,Unknown,,636,6
97,GeForce 9800M GS,Mobile,,488,69
1325,GeForce 9800M GT,Mobile,,381,22
1326,GeForce 9800M GTS,Mobile,,349,124
1327,GeForce 9800M GTX,Mobile,,454,47
3403,GeForce 999 GTX,Unknown,,84,2
1329,GeForce FX 5100,Unknown,,8,1
1334,GeForce FX 5200LE,Unknown,,7,3
2655,GeForce FX 5200SE,Unknown,,12,2
1339,GeForce FX 5600XT,Unknown,,9,10
1343,GeForce FX 5700VE,Desktop,256,33,7
1349,GeForce FX 5900ZT,Desktop,128,33,1
1351,GeForce FX Go 5200,Mobile,,8,29
1353,GeForce FX Go 5600,Mobile,,18,11
1358,GeForce FX Go5300,Unknown,,13,2
1361,GeForce FX Go5650,Unknown,,17,2
1362,GeForce FX Go5700,Unknown,,51,6
23,GeForce G 103M,Mobile,,63,117
1364,GeForce G 105M,Mobile,,99,311
43,GeForce G100,Unknown,,176,71
1366,GeForce G102M,Mobile,,170,103
1367,GeForce G105M,Mobile,,133,163
1368,GeForce G200,Unknown,,136,10
1369,GeForce G205M,Mobile,,125,13
1370,GeForce G210,Unknown,,164,353
1371,GeForce G210M,Mobile,,135,215
1372,GeForce Go 6100,Unknown,,18,88
1373,GeForce Go 6150,Unknown,,19,122
1375,GeForce Go 6200,Mobile,,15,18
1377,GeForce Go 6400,Mobile,,24,4
1378,GeForce Go 6600,Mobile,,69,20
1379,GeForce Go 6600 TE/6200 TE,Unknown,,45,7
1381,GeForce Go 6800,Mobile,,106,21
1383,GeForce Go 6800 Ultra,Mobile,,138,4
126,GeForce Go 7200,Mobile,,45,15
59,GeForce Go 7300,Mobile,,52,245
1386,GeForce Go 7400,Mobile,,66,150
1387,GeForce Go 7600,Mobile,,128,193
1389,GeForce Go 7600 GT,Mobile,,210,8
1390,GeForce Go 7700,Mobile,,148,4
1391,GeForce Go 7800,Mobile,,115,5
1392,GeForce Go 7800 GTX,Mobile,,210,8
1393,GeForce Go 7900 GS,Mobile,,178,58
1396,GeForce Go 7900 GTX,Mobile,,270,2
1399,GeForce Go 7950 GTX,Mobile,,264,50
3065,GeForce GPU,Mobile,,1157,160
5791,GeForce GT 1010,Unknown,,972,2
1404,GeForce GT 120M,Mobile,,151,40
1405,GeForce GT 130,Desktop,1536,381,41
1406,GeForce GT 130M,Mobile,,168,190
1407,GeForce GT 140,Desktop,1024,658,22
1408,GeForce GT 220M,Mobile,,208,173
1409,GeForce GT 230,Unknown,,323,264
1410,GeForce GT 230M,Mobile,,220,506
1411,GeForce GT 240M,Mobile,,212,383
1414,GeForce GT 320M,Mobile,,114,361
1415,GeForce GT 325M,Mobile,,170,78
108,GeForce GT 330M,Mobile,,219,1297
1417,GeForce GT 335M,Mobile,,361,331
1418,GeForce GT 340,Desktop,1024,738,26
2423,GeForce GT 415,Unknown,,251,3
1419,GeForce GT 415M,Mobile,,286,22
1421,GeForce GT 420M,Mobile,,392,360
1422,GeForce GT 425M,Mobile,,501,562
86,GeForce GT 435M,Mobile,,536,142
1423,GeForce GT 440,Desktop,2048,771,1901
1424,GeForce GT 445M,Mobile,,790,81
1425,GeForce GT 520,Desktop,2048,325,2286
70,GeForce GT 520M,Mobile,,289,1075
2144,GeForce GT 520MX,Mobile,,290,519
89,GeForce GT 525M,Mobile,,452,1795
27,GeForce GT 540M,Mobile,,471,3924
1427,GeForce GT 550M,Mobile,,546,315
1428,GeForce GT 555M,Mobile,,650,1211
2877,GeForce GT 610M / GT 620M / GT 710M / GT 720M / GT,Mobile,,369,1
1429,GeForce GT 620,Desktop,512,396,1685
1430,GeForce GT 620M,Mobile,,424,701
2563,GeForce GT 625,Desktop,1024,378,116
2414,GeForce GT 625M,Mobile,,485,39
77,GeForce GT 630M,Mobile,,513,3269
2683,GeForce GT 635,Unknown,,811,446
2136,GeForce GT 635M,Mobile,,532,1675
1432,GeForce GT 640,Desktop,4096,1162,5047
2147,GeForce GT 640M,Mobile,,885,1068
2135,GeForce GT 640M LE,Mobile,,690,375
2242,GeForce GT 645,Unknown,,2006,11
2388,GeForce GT 645M,Mobile,,941,314
122,GeForce GT 650M,Mobile,,1179,3636
2952,GeForce GT 705,Desktop,1024,373,246
7042,DisplayLink USB Device Ryzen 7 5700U,Desktop,,1917,2
6187,EIZO Quadro MED-XN31LP,Desktop,,1648,1
2744,GeForce GT 710M,Mobile,,423,174
2529,GeForce GT 720M,Mobile,,436,1586
2417,GeForce GT 730M,Mobile,,810,1130
2592,GeForce GT 735M,Mobile,,660,157
2461,GeForce GT 740M,Mobile,,772,4798
2564,GeForce GT 745M,Mobile,,1075,614
2492,GeForce GT 750M,Mobile,,1334,3708
2646,GeForce GT 755M,Mobile,,1728,836
3586,GeForce GT 820M,Mobile,,531,243
2986,GeForce GTS 150M,Mobile,,504,1
1435,GeForce GTS 160M,Mobile,,679,5
1437,GeForce GTS 250M,Mobile,,520,62
1438,GeForce GTS 350M,Mobile,,381,32
1439,GeForce GTS 360M,Mobile,,637,228
4088,GeForce GTX 1050 (Mobile),Mobile,,4463,2441
4089,GeForce GTX 1050 Ti (Mobile),Mobile,,5918,1541
3922,GeForce GTX 1050 Ti with Max-Q Design,Mobile,,5315,2104
3971,GeForce GTX 1050 with Max-Q Design,Mobile,,3904,397
4086,GeForce GTX 1060 (Mobile),Mobile,,8160,1660
3923,GeForce GTX 1060 5GB,Desktop,5120,9217,156
3769,GeForce GTX 1060 with Max-Q Design,Mobile,,7820,2485
4087,GeForce GTX 1070 (Mobile),Mobile,,10465,642
6843,A10-24Q,Desktop,,15063,8
3354,Barco MXRT 5400,Unknown,,1161,3
3779,GeForce GTX 1070 with Max-Q Design,Mobile,,9791,859
3784,GeForce GTX 1080 with Max-Q Design,Mobile,,11760,216
4090,GeForce GTX 1650 (Mobile),Mobile,,6968,1754
4195,GeForce GTX 1650 Ti,Mobile,,7535,5880
4209,GeForce GTX 1650 Ti with Max-Q Design,Mobile,,6633,755
4104,GeForce GTX 1650 with Max-Q Design,Mobile,,6361,2369
4091,GeForce GTX 1660 Ti (Mobile),Mobile,,10090,5615
4082,GeForce GTX 1660 Ti with Max-Q Design,Mobile,,8626,1639
83,GeForce GTX 260M,Mobile,,385,333
1443,GeForce GTX 280M,Mobile,,596,67
1445,GeForce GTX 285M,Mobile,,584,44
1446,GeForce GTX 295,Desktop,1792,1221,465
93,GeForce GTX 460M,Mobile,,1222,843
1448,GeForce GTX 470M,Mobile,,1953,8
1449,GeForce GTX 480M,Mobile,,1653,16
1450,GeForce GTX 485M,Mobile,,2360,24
16,GeForce GTX 550 Ti,Desktop,3072,1558,8486
1451,GeForce GTX 555,Desktop,1024,1602,166
6658,A10-4Q,Desktop,,3048,8
4780,A10-8Q,Unknown,,6648,13
106,GeForce GTX 560 SE,Desktop,1024,1896,295
1452,GeForce GTX 560M,Mobile,,1290,1016
15,GeForce GTX 570,Desktop,2560,3952,5456
1453,GeForce GTX 570M,Mobile,,1848,187
1455,GeForce GTX 580M,Mobile,,1851,106
1457,GeForce GTX 590,Desktop,3072,3341,419
2513,GeForce GTX 645,Desktop,1024,1875,522
2152,GeForce GTX 660,Desktop,3072,4050,16612
1458,GeForce GTX 660M,Mobile,,1441,1594
1459,GeForce GTX 670M,Mobile,,1712,675
2296,GeForce GTX 670MX,Mobile,,1983,472
1460,GeForce GTX 675M,Mobile,,1858,431
2349,GeForce GTX 675MX,Mobile,,3155,163
1461,GeForce GTX 680M,Mobile,,3288,482
3832,GeForce GTX 680M KY_Bullet Edition,Mobile,,3569,1
2356,GeForce GTX 680MX,Mobile,,3799,45
2843,GeForce GTX 745,Desktop,4096,2119,2221
2825,GeForce GTX 750,Desktop,2048,3291,7142
2815,GeForce GTX 750 Ti,Desktop,4096,3899,24323
2801,GeForce GTX 760 Ti,Desktop,2048,5307,164
3186,GeForce GTX 760A,Unknown,,1071,9
2597,GeForce GTX 760M,Mobile,,1741,488
2537,GeForce GTX 765M,Mobile,,2006,1430
2534,GeForce GTX 770M,Mobile,,2794,1169
2525,GeForce GTX 780,Desktop,6144,7969,8885
2536,GeForce GTX 780M,Mobile,,3909,891
3213,GeForce GTX 850A,Unknown,,767,8
2859,GeForce GTX 850M,Mobile,,2535,2926
2968,GeForce GTX 850M - MODDED,Mobile,,1092,1
2866,GeForce GTX 860M,Mobile,,3095,4357
2833,GeForce GTX 870M,Mobile,,3557,730
2850,GeForce GTX 880M,Mobile,,3844,672
3334,GeForce GTX 950A,Unknown,,2599,70
3171,GeForce GTX 950M,Mobile,,2581,5743
3404,GeForce GTX 960A,Unknown,,3465,32
3176,GeForce GTX 960M,Mobile,,3374,10348
3113,GeForce GTX 965M,Mobile,,3880,1090
2981,GeForce GTX 970M,Mobile,,5726,3824
3965,GeForce GTX 970XM FORCE,Unknown,,6707,1
2976,GeForce GTX 980M,Mobile,,7398,2869
2884,GeForce GTX TITAN Z,Desktop,12288,8897,133
3860,GeForce MX110,Unknown,,1411,1361
3890,GeForce MX130,Unknown,,1798,2799
3789,GeForce MX150,Mobile,,2249,5048
4036,GeForce MX230,Mobile,,1809,1135
4076,GeForce MX250,Mobile,,2375,2931
4203,GeForce MX330,Unknown,,2330,1496
4194,GeForce MX350,Unknown,,2816,1323
4296,GeForce MX450,Unknown,,3709,1885
4493,GeForce MX550,Unknown,,4405,862
4560,GeForce MX570,Unknown,,5736,45
4595,GeForce MX570 A,Unknown,,6273,286
4501,GeForce RTX 2050,Mobile,,7708,4837
4085,GeForce RTX 2060 (Mobile),Mobile,,11353,1238
4199,GeForce RTX 2060 with Max-Q Design,Mobile,,9624,1229
4083,GeForce RTX 2070 (Mobile),Mobile,,12357,410
5182,A100-SXM4-40GB,Desktop,,13326,1
2526,Barco MXRT 5450,Unknown,,1079,5
7800,DisplayLink USB Device Ryzen 7 5800H,Desktop,,3071,1
4000,EIZO Quadro MED-XN51LP,Unknown,,5012,8
4204,GeForce RTX 2070 Super with Max-Q Design,Mobile,,13348,399
4048,GeForce RTX 2070 with Max-Q Design,Mobile,,11400,2379
4084,GeForce RTX 2080 (Mobile),Mobile,,15014,199
4202,GeForce RTX 2080 Super with Max-Q Design,Mobile,,13436,543
4041,GeForce RTX 2080 with Max-Q Design,Mobile,,12589,643
4408,GeForce RTX 3050 4GB Laptop GPU,Mobile,,9506,19187
4782,GeForce RTX 3050 6GB Laptop GPU,Mobile,,10137,6320
5172,GeForce RTX 3050 A Laptop GPU,Mobile,,10696,130
4393,GeForce RTX 3050 Ti Laptop GPU,Mobile,,10069,10800
4342,GeForce RTX 3060 Laptop GPU,Mobile,,13109,20737
4331,GeForce RTX 3070 Laptop GPU,Mobile,,15033,8742
4497,GeForce RTX 3070 Ti Laptop GPU,Mobile,,17307,4551
4332,GeForce RTX 3080 Laptop GPU,Mobile,,16079,3449
4491,GeForce RTX 3080 Ti Laptop GPU,Mobile,,18850,1801
4763,GeForce RTX 4050 Laptop GPU,Mobile,,14238,13404
4752,GeForce RTX 4060 Laptop GPU,Mobile,,17358,21480
4756,GeForce RTX 4070 Laptop GPU,Mobile,,19494,12888
4736,GeForce RTX 4080 Laptop GPU,Mobile,,24751,3950
4737,GeForce RTX 4090 Laptop GPU,Mobile,,27052,3157
6668,GeForce RTX 5050,Desktop,8192,16919,2234
6552,GeForce RTX 5050 Laptop GPU,Mobile,,14092,2010
6330,GeForce RTX 5060 Laptop GPU,Mobile,,16767,4385
6260,GeForce RTX 5070 Laptop GPU,Mobile,,19101,2942
6216,GeForce RTX 5070 Ti Laptop GPU,Mobile,,22421,2883
6099,GeForce RTX 5080 Laptop GPU,Mobile,,26378,1976
5754,GeForce RTX 5090 Laptop GPU,Mobile,,28267,1239
1467,GeForce2 Go,Mobile,,4,1
1470,GeForce2 GTS/GeForce2 Pro,Unknown,,4,11
1471,GeForce2 Integrated GPU,Unknown,,4,3
1472,GeForce2 MX,Desktop,64,3,3
1473,GeForce2 MX 100/200,Unknown,,3,18
1477,GeForce2 MX with DVI-D and TV-out,Unknown,,5,1
191,GeForce2 MX with TV Out,Unknown,,3,1
1479,GeForce2 MX/MX 400,Unknown,,4,99
1480,GeForce2 Ti,Desktop,64,5,5
1481,GeForce2 Ultra,Desktop,64,6,1
1482,GeForce3,Desktop,64,5,4
6737,A10G,Desktop,,13598,6
1483,GeForce3 Ti 200,Unknown,,4,20
1485,GeForce3 Ti 500,Unknown,,3,2
713,GeForce4 420 Go,Mobile,,3,8
1486,GeForce4 420 Go 32M,Unknown,,5,13
1487,GeForce4 4200 Go,Mobile,,4,8
3154,GeForce4 440,Unknown,,5,1
1488,GeForce4 440 Go,Mobile,,4,3
1489,GeForce4 440 Go 64M,Unknown,,6,6
1490,GeForce4 448 Go,Unknown,,6,2
1492,GeForce4 MX 4000,Unknown,,5,70
1493,GeForce4 MX 420,Desktop,64,5,41
1494,GeForce4 MX 440,Desktop,64,5,54
1496,GeForce4 MX 440 with AGP8X,Desktop,128,5,128
1497,GeForce4 MX 440SE,Unknown,,5,4
1499,GeForce4 MX 460,Desktop,128,4,3
1500,GeForce4 MX Integrated GPU,Unknown,,7,13
1502,GeForce4 Ti 4200,Unknown,,6,55
1505,GeForce4 Ti 4400,Unknown,,7,3
1506,GeForce4 Ti 4600,Desktop,128,6,10
1507,GeForce4 Ti 4800,Unknown,,6,1
1508,GeForce4 Ti 4800 SE,Unknown,,7,5
1509,GeForce9400M,Mobile,,106,2
5077,Glenfly Arise-GT-10C0,Desktop,,1007,2
7433,Glenfly Arise1020,Desktop,,216,2
4327,GRID GTX P40-6,Unknown,,4340,2
2617,GRID K1,Workstation,,651,14
3384,GRID K120Q,Workstation,,293,4
2911,GRID K140Q,Workstation,,728,4
3458,GRID K160Q,Workstation,,628,7
3194,GRID K180Q,Workstation,,534,11
2616,GRID K2,Workstation,,2737,17
3140,GRID K220Q,Workstation,,912,16
2951,GRID K240Q,Workstation,,2541,8
3143,GRID K260Q,Workstation,,2949,4
3142,GRID K280Q,Workstation,,2840,30
2742,GRID K520,Workstation,,3516,20
5002,GRID M10-0B,Unknown,,871,2
3795,GRID M10-0Q,Unknown,,796,2
3766,GRID M10-1B,Unknown,,1504,11
3800,GRID M10-1Q,Unknown,,2385,2
4160,GRID M10-2B,Unknown,,1644,25
4197,GRID M10-2Q,Unknown,,2692,3
3964,GRID M10-4Q,Unknown,,2937,3
3934,GRID M10-8Q,Unknown,,2595,8
3527,GRID M6-0B,Workstation,,912,1
4064,GRID M6-1Q,Unknown,,2069,1
3867,GRID M6-8Q,Unknown,,3568,1
3792,GRID M60-0B,Unknown,,1838,1
3927,GRID M60-0Q,Unknown,,827,1
3511,GRID M60-1B,Workstation,,2256,3
4527,A16,Unknown,,5281,5
5757,EIZO Quadro MED-XN71,Desktop,,7245,3
3749,GRID M60-1Q,Unknown,,3695,14
3737,GRID M60-2Q,Unknown,,5203,6
7773,GRID M60-4A,Desktop,,2450,2
3483,GRID M60-4Q,Workstation,,3831,6
4171,GRID M60-8A,Unknown,,5523,1
3716,GRID M60-8Q,Unknown,,3884,13
3966,GRID P100-16Q,Unknown,,4626,2
3968,GRID P100-1B,Unknown,,2223,1
4178,GRID P100-8Q,Unknown,,3346,3
5009,GRID P4-1B,Unknown,,2151,2
5094,GRID P4-1Q,Desktop,,730,2
5929,GRID P4-2A,Desktop,,3307,1
6769,GRID P4-2B,Desktop,,1239,1
6654,GRID P4-2B4,Desktop,,2754,2
3916,GRID P4-2Q,Unknown,,3162,4
6006,GRID P4-4A,Desktop,,3240,1
5004,GRID P4-4Q,Unknown,,6235,3
4986,GRID P4-8A,Unknown,,3206,3
4788,GRID P4-8Q,Unknown,,5283,5
4642,GRID P40-12Q,Unknown,,5540,4
5064,GRID P40-1A,Desktop,,2894,2
6555,GRID P40-1B,Desktop,,3690,2
5750,GRID P40-1Q,Desktop,,3839,5
3993,GRID P40-24Q,Unknown,,7057,8
3951,GRID P40-2B,Unknown,,9842,2
4848,GRID P40-2B4,Unknown,,6501,3
4079,GRID P40-3Q,Unknown,,6570,3
4080,GRID P40-4Q,Unknown,,5926,11
4797,GRID P40-6Q,Unknown,,905,1
4834,GRID P40-8Q,Unknown,,7507,4
3983,GRID P6-2Q,Unknown,,3926,3
4531,GRID P6-4A,Unknown,,2639,1
3913,GRID P6-4Q,Unknown,,4429,3
7199,GRID RTX6000-1A,Desktop,,388,1
4855,GRID RTX6000-1B,Unknown,,8473,3
6945,GRID RTX6000-1Q,Desktop,,12617,2
7693,GRID RTX6000-24Q,Desktop,,6521,1
5408,GRID RTX6000-2Q,Desktop,,656,1
5081,GRID RTX6000-6Q,Desktop,,21987,2
6164,GRID RTX6000-8Q,Desktop,,4514,1
7492,GRID RTX6000P-2B,Desktop,,3343,3
4253,GRID RTX6000P-4Q,Unknown,,4283,1
4425,GRID RTX6000P-6Q,Unknown,,4777,4
4461,GRID RTX8000-2Q,Unknown,,3574,1
4213,GRID RTX8000-4Q,Unknown,,3961,1
4997,GRID RTX8000P-12A,Unknown,,4166,1
6381,GRID RTX8000P-1B,Desktop,,1054,1
4311,GRID RTX8000P-2Q,Unknown,,3843,1
5199,GRID RTX8000P-4Q,Desktop,,5174,1
4891,GRID T4-16Q,Unknown,,4490,4
5578,GRID T4-1B,Desktop,,1160,5
5188,A16-16A,Desktop,,1069,1
4261,GRID T4-1Q,Unknown,,3303,6
4516,GRID T4-2B,Unknown,,2730,8
4370,GRID T4-2Q,Unknown,,3799,9
4340,GRID T4-4Q,Unknown,,3751,43
4196,GRID T4-8Q,Unknown,,4753,13
6141,GRID V100-16Q,Desktop,,1272,1
4547,GRID V100-2Q,Unknown,,3811,1
3936,GRID V100-8Q,Unknown,,16,1
4846,GRID V100D-2Q,Unknown,,4668,1
4132,GRID V100D-8Q,Unknown,,4156,1
8440,GRID V100DX-8Q,Desktop,,4276,1
5784,Horizon Indirect Display Driver,Desktop,,58,3
7738,ICE DISPLAY WDDM DRIVER,Desktop,,1805,2
3480,IncrediblE HD,Unknown,,389,1
4383,IncrediblE HD 3000,Unknown,,291,1
3655,IncrediblE HD 4000,Unknown,,517,2
4017,IncrediblE HD 4600,Unknown,,750,1
6005,Inspiration CG620 MxGPU,Desktop,,9106,1
908,Intel - Express Chipset G41,Unknown,,57,8
909,Intel - Express Chipset Q45/Q43,Unknown,,58,8
6471,Intel 1st Generation Intel HD,Desktop,,35,1
3748,Intel 2nd Generation SandyBridge HD,Unknown,,169,3
3583,Intel 2nd Generation SandyBridge HD 3000,Unknown,,205,2
3734,Intel 3rd Generation IvyBridge HD 4000,Unknown,,303,1
3710,Intel 3rd Generation IvyBridge HD GT1,Unknown,,161,1
3730,Intel 4th Generation Haswell HD,Unknown,,420,2
915,Intel 82845G Controller,Unknown,,2,4
916,Intel 82845G/GL Controller,Unknown,,3,2
917,Intel 82845G/GL/GE/PE/GV Controller,Unknown,,3,169
764,Intel 82852/82855 GM/GME Controller,Unknown,,1,1
920,Intel 82865G Controller,Unknown,,5,396
765,Intel 82915G Express,Unknown,,6,16
4185,Intel 82915G/915GV/910GL,Unknown,,4,1
922,Intel 82915G/GV/910GL Advanced v3.5,Unknown,,3,1
923,Intel 82915G/GV/910GL Express,Unknown,,3,8
766,Intel 82945G Express,Unknown,,9,1866
3510,Intel 82945G Express-Chipsatzfamilie,Unknown,,8,1
770,Intel 865 Embedded Controller,Unknown,,4,2
3185,"Intel 915G,910G Express",Unknown,,4,1
3523,Intel 915G/915GV/910GL Embedded Controller Functio,Unknown,,5,1
3594,Intel 945G Embedded Chipset Function 0,Unknown,,5,1
3750,Intel 946GZ Embedded Chipset,Unknown,,3,4
928,Intel 946GZ Express,Unknown,,2,167
4955,Intel Arc,Unknown,,5481,6904
5871,Intel Arc 130T GPU,Desktop,,6118,317
6151,A16-16Q,Desktop,,3873,2
5836,A16-1B,Desktop,,2220,1
5185,Intel Arc 130V GPU,Desktop,,4500,1226
7976,Intel Arc 130V GPU RI,Desktop,,4882,1
5222,Intel Arc 140T,Desktop,,5635,7
5577,Intel Arc 140T GPU,Desktop,,6608,1983
5176,Intel Arc 140V GPU,Desktop,,5136,4222
7935,Intel Arc 140V GPU RI,Desktop,,4848,15
4748,Intel Arc A370M,Unknown,,5115,2
5936,Intel Arc A380E,Desktop,,6290,2
4981,Intel Arc A530M,Unknown,,8045,41
4928,Intel Arc A730M,Unknown,,9808,5
4620,Intel Arc A770M,Mobile,,11888,166
7972,Intel Arc B370 GPU,Desktop,,8520,37
7571,Intel Arc B390 GPU,Desktop,,8994,340
8432,Intel Arc B390 GPU RI,Desktop,,8902,1
7536,Intel Arc GPU,Desktop,,9446,7
5125,Intel Arc Pro,Desktop,,5817,241
6887,Intel Arc Pro 130T GPU,Desktop,,6127,12
6333,Intel Arc Pro 140T GPU,Desktop,,6603,318
4991,Intel Arc Pro A30M,Unknown,,5862,1
4905,Intel Arc Pro A40/A50,Unknown,,5777,18
4911,Intel Arc Pro A60,Unknown,,9798,13
8793,Intel Arc Pro B390 GPU,Desktop,,9452,18
7046,Intel Arc Pro B50,Desktop,,12542,133
7155,Intel Arc Pro B60,Desktop,,15084,31
8599,Intel Arc Pro B70,Desktop,32768,18932,21
931,Intel B43 Express Chipset,Unknown,,138,40
3849,Intel Coffee Lake UHD,Unknown,,1158,9
933,Intel Extreme Controller,Unknown,,2,1
782,Intel G33/G31 Express,Desktop,,32,3132
938,Intel G35 Express,Unknown,,90,47
940,Intel G41 Express Chipset,Unknown,,154,3442
943,Intel G41 Express-Chipsatz,Unknown,,57,8
944,Intel G45/G43 Express Chipset,Desktop,0,149,1040
946,Intel G45/G43/G41 Express Chipset,Unknown,,68,1
948,Intel G965 Express,Unknown,,196,188
950,Intel GMA 3150 Express,Unknown,,3,1
2846,Intel Haswell HD - GT1,Unknown,,123,10
2807,Intel Haswell HD - GT2,Unknown,,139,8
26,Intel HD 3000,Unknown,,261,23735
2,Intel HD 4000,Unknown,,341,47706
2643,Intel HD 4400,Unknown,1700,533,5003
2451,Intel HD 4600,Desktop,0,631,36568
5114,Intel HD 4600 manual-gen9_2015-134121,Desktop,,653,3
4145,Intel HD 500,Unknown,,301,840
2552,Intel HD 5000,Unknown,,591,1203
4143,Intel HD 505,Unknown,,362,258
3347,Intel HD 510,Unknown,,621,1474
3341,Intel HD 515,Unknown,,637,1498
3255,Intel HD 520,Unknown,,859,22352
2498,Intel HD 5200,Unknown,,830,4
3281,Intel HD 530,Unknown,,987,18762
2921,Intel HD 5300,Unknown,,408,1324
2908,Intel HD 5500,Unknown,,597,14664
3160,Intel HD 5600,Unknown,,1869,25
3647,Intel HD 610,Unknown,,673,1510
3593,Intel HD 615,Unknown,,688,1134
3540,Intel HD 630,Unknown,,1113,11680
37,Intel HD Family,Unknown,,466,32308
3592,Intel HD Graphics 620,Unknown,,918,19517
3249,Intel HD manual-15.28-1861,Unknown,,63,1
3764,Intel HD manual-gen9_2015-133271,Unknown,,165,3
3068,Intel HD Modded,Unknown,,112,3
962,Intel HD P3000,Unknown,,281,124
963,Intel HD P4000,Unknown,,516,13
2601,Intel HD P4600,Unknown,,506,6
2586,Intel HD P4600/P4700,Unknown,,631,616
3682,Intel HD P630,Unknown,,1266,88
3788,Intel Infoshock HD,Unknown,,194,2
2692,Intel Iris 5100,Unknown,,736,494
3366,Intel Iris 540,Unknown,,1274,1427
3437,Intel Iris 550,Unknown,,1460,332
3164,Intel Iris 6100,Unknown,,897,675
3790,Intel Iris 650,Unknown,,1433,2
8083,Intel Iris P555,Desktop,,1717,2
4120,Intel Iris Plus,Unknown,,1778,4724
3696,Intel Iris Plus 640,Mobile,,1360,952
4162,Intel Iris Plus 645,Unknown,,1730,44
3718,Intel Iris Plus 650,Mobile,,1597,273
3961,Intel Iris Plus 655,Unknown,,1724,1604
2562,Intel Iris Pro 5200,Unknown,,1177,537
3481,Intel Iris Pro 580,Unknown,,1972,486
3167,Intel Iris Pro 6100,Unknown,,925,1
3258,Intel Iris Pro Graphics 6200,Unknown,,1539,303
3436,Intel Iris Pro P580,Unknown,,2026,30
3542,Intel Iris Pro P6300,Unknown,,1592,21
4265,Intel Iris Xe,Unknown,,2593,66975
4502,Intel Iris Xe MAX,Unknown,,1858,8
4740,Intel Iris Xe MAX 100,Unknown,,1864,7
3261,Intel Media Accelerator,Unknown,,33,3
953,Intel Media Accelerator 3150,Unknown,,3,456
954,Intel Media Accelerator 500,Unknown,,3,17
956,Intel Media Accelerator 600,Unknown,,7,2
957,Intel Media Accelerator HD,Unknown,,113,531
4063,Intel Poison Ivy,Unknown,,739,1
967,Intel Q33 Express,Unknown,,7,188
778,Intel Q35 Embedded,Unknown,,8,1
968,Intel Q35 Express,Unknown,,56,1106
971,Intel Q45/Q43 Express Chipset,Unknown,,200,2684
973,Intel Q45/Q43 Express-Chipsatz,Unknown,,57,11
3135,Intel Skylake HD DT GT2,Unknown,,577,3
5100,Intel UHD 630,Desktop,,615,4
5132,Intel UHD 770,Desktop,,1210,12
5179,Intel UHD 770#0x1c005d839205d7e9#,Desktop,,1759,1
3950,Intel UHD Graphics,Unknown,,1535,62297
3876,Intel UHD Graphics 600,Unknown,,311,3835
3861,Intel UHD Graphics 605,Unknown,,364,1194
3910,Intel UHD Graphics 610,Unknown,,682,1547
4006,Intel UHD Graphics 615,Unknown,,716,673
4051,Intel UHD Graphics 617,Unknown,,816,25
3805,Intel UHD Graphics 620,Desktop,0,1040,38997
3826,Intel UHD Graphics 630,Unknown,,1226,32348
4505,Intel UHD Graphics 710,Unknown,,1046,264
4379,Intel UHD Graphics 730,Unknown,,1543,9480
4378,Intel UHD Graphics 750,Unknown,,1685,1805
4473,Intel UHD Graphics 770,Unknown,,1908,13114
3924,Intel UHD Graphics P630,Unknown,,1727,314
4410,Intel UHD Graphics P750,Unknown,,1668,38
3301,Intel US15 Embedded Media and Controller,Unknown,,7,2
1515,ION,Unknown,,114,462
1516,ION LE,Unknown,,98,19
5775,L2,Desktop,,5467,1
8438,L20-8Q,Desktop,,24277,2
4922,L4,Unknown,,10803,14
6644,L4-12Q,Desktop,,3544,1
6932,L4-1B,Desktop,,1264,4
5788,L4-1Q,Desktop,,259,3
5528,L4-24Q,Desktop,,4767,1
6361,L4-2A,Desktop,,3063,2
6860,L4-2B,Desktop,,1675,9
5834,L4-2Q,Desktop,,4335,6
5526,L4-4Q,Desktop,,4732,17
5747,L4-6Q,Desktop,,4148,5
6659,L4-8Q,Desktop,,7114,3
8978,L40-16Q,Desktop,,4683,1
8379,L40-3Q,Desktop,,4858,1
5229,L40-6Q,Desktop,,4718,1
5102,L40-8Q,Desktop,,7900,5
5017,L40S,Unknown,,20023,7
6570,L40S-12A,Desktop,,3660,1
6358,L40S-12Q,Desktop,,8601,32
8942,L40S-16Q,Desktop,,6769,2
6618,L40S-1Q,Desktop,,2046,3
6172,L40S-24Q,Desktop,,3257,6
8366,L40S-2B,Desktop,,6711,1
6029,L40S-2Q,Desktop,,375,1
8606,L40S-3Q,Desktop,,4365,1
8220,L40S-6Q,Desktop,,6588,3
5762,L40S-8Q,Desktop,,5288,6
7021,LIANLI USB Display-60hz,Desktop,,18968,1
3918,LuminonCore IDDCX Adapter,Unknown,,6479,2
248,M860G with Mobility Radeon 4100,Unknown,,76,26
249,M880G with Mobility Radeon HD 4200,Unknown,,93,221
250,M880G with Mobility Radeon HD 4225,Unknown,,72,7
121,M880G with Mobility Radeon HD 4250,Unknown,,104,454
7526,MacroSilicon USB Display Ryzen 7 6800U,Desktop,,3940,1
3677,Master X3100 Driver,Unknown,,10,1
3187,Matrox C420 LP PCIe x16,Unknown,,597,8
3054,Matrox C680 PCIe x16,Unknown,,1803,11
3579,Matrox C900 PCIe x16,Unknown,,1812,2
2674,Matrox G200e WDDM 1.2,Unknown,,59,17
3887,Matrox G200e WDDM 2.0,Unknown,,101,3
2942,Matrox G200eh WDDM 1.2,Unknown,,52,36
2673,Matrox G200eR,Unknown,,37,5
2919,Matrox G200eR WDDM 1.2,Unknown,,45,13
3692,Matrox G200eR WDDM 2.0,Unknown,,68,4
998,Matrox G200eW,Unknown,,40,8
2823,Matrox G200eW WDDM 1.2,Unknown,,50,11
3847,Matrox G200eW3 WDDM 2.0,Unknown,,90,5
4882,Matrox LUMA A310,Unknown,,3690,2
4881,Matrox LUMA A310F,Unknown,,3873,4
4945,Matrox LUMA A310FP,Unknown,,3093,1
4993,Matrox LUMA A380P,Unknown,,5811,3
1001,Matrox M9120 PCIe x16,Unknown,,20,1
1003,Matrox M9120 Plus LP PCIe x16,Unknown,,26,2
1004,Matrox M9125 PCIe x16,Unknown,,26,1
1005,Matrox M9128 LP PCIe x16,Unknown,,32,3
1006,Matrox M9138 LP PCIe x16,Unknown,,433,6
1007,Matrox M9140 LP PCIe x16,Unknown,,23,6
1008,Matrox M9148 LP PCIe x16,Unknown,,42,7
4757,Matrox M9188 ATX PCIe x16,Unknown,,46,3
1032,Matrox Millennium P650 PCIe 128,Unknown,,5,3
1036,Matrox Millennium P690 PCIe x16,Unknown,,367,4
1038,Matrox Millennium P690 Plus LP PCIe x16,Unknown,,7,2
1040,Matrox Parhelia 128MB,Unknown,,3,1
1041,Matrox Parhelia 256MB,Unknown,,9,1
1042,Matrox Parhelia APVe,Unknown,,6,3
4201,MCT USB3.0 External Device,Unknown,,520,1
1057,MEDION RADEON X740XL,Unknown,,95,2
5827,A16-1Q,Desktop,,3431,7
7669,DisplayLink USB Device Ryzen 7 6800H,Desktop,,4445,2
5174,EIZO Quadro MED-XN72,Desktop,,9037,2
4915,Mi Pad 5 Adreno 640 GPU,Unknown,,659,10
8466,Microsoft Basic Display Adapter Ryzen 3 7330U,Desktop,,417,1
3768,Miracast display port driver V3,Unknown,,8422,2
3284,Mirage Driver,Unknown,,1261,2
8590,Mirage Driver Athlon Gold 3150U,Desktop,,650,1
8907,Mirage Driver Ryzen 5 5500GT,Desktop,,2926,1
8906,Mirage Driver Ryzen 5 5600G,Desktop,,2441,1
4118,MIRRORV3,Unknown,,1081,1
1068,Mobile Intel - famiglia Express Chipset 45,Unknown,,39,4
2477,Mobile Intel 4 Express-Chipsatzfamilie,Unknown,,45,9
1060,Mobile Intel 45 Express,Unknown,,39,336
1072,Mobile Intel 45 Express-Chipsatzfamilie,Unknown,,117,9
2393,Mobile Intel 915GM/GMS/910GML Express,Unknown,,2,481
1062,Mobile Intel 945 Express,Unknown,,2,1692
1083,Mobile Intel 945GM Express,Unknown,,6,400
1085,Mobile Intel 945GM/GU Express,Unknown,,5,10
1066,Mobile Intel 965 Express,Unknown,,46,2775
3509,Mobile Intel 965 Express - BR-0907-0461 v1839,Unknown,,8,1
2916,Mobile Intel 965 Express-Chipsatzfamilie,Unknown,,24,4
1088,Mobile Intel HD,Unknown,,245,461
2460,Mobile Intel serie 4 Express,Unknown,,45,4
3948,Mobile Intel965 Express,Unknown,,18,1
446,MOBILITY FIREGL 7800,Workstation,64,5,1
448,MOBILITY FIREGL T2,Workstation,128,41,10
449,MOBILITY FIREGL T2/T2e,Workstation,128,34,3
451,MOBILITY FireGL V3200,Workstation,128,62,11
452,MOBILITY FireGL V5000,Workstation,128,82,2
99,MOBILITY FireGL V5200,Workstation,256,45,35
453,MOBILITY FireGL V5250,Workstation,512,27,28
455,Mobility FireGL V5725,Workstation,256,219,9
463,MOBILITY RADEON 7000 IGP,Unknown,,6,4
464,MOBILITY RADEON 7500,Mobile,,4,6
465,MOBILITY RADEON 9000,Mobile,,3,12
466,MOBILITY RADEON 9000 IGP,Unknown,,8,18
467,MOBILITY RADEON 9000/9100 IGP,Unknown,,6,6
468,MOBILITY RADEON 9100 IGP,Unknown,,3,2
469,MOBILITY RADEON 9200,Mobile,,3,16
2325,MOBILITY RADEON 9550,Mobile,,30,1
2699,Barco MXRT 5500,Unknown,,2702,1
7388,EIZO Quadro MED-XN91,Desktop,,11748,1
471,MOBILITY RADEON 9600,Mobile,,36,1
472,MOBILITY RADEON 9600 PRO TURBO,Unknown,,25,6
473,MOBILITY RADEON 9600/9700,Mobile,,39,11
474,MOBILITY RADEON 9700,Mobile,,27,29
476,MOBILITY RADEON 9800,Mobile,,46,2
75,Mobility Radeon HD 2300,Mobile,,51,31
147,Mobility Radeon HD 2400,Mobile,,90,86
478,Mobility Radeon HD 2400 XT,Mobile,,102,60
65,Mobility Radeon HD 2600,Mobile,,168,278
479,Mobility Radeon HD 2600 XT,Mobile,,192,54
2893,Mobility Radeon HD 3400 Serisi,Unknown,,111,1
483,Mobility Radeon HD 3430,Mobile,,98,120
484,Mobility Radeon HD 3450,Mobile,,91,66
485,Mobility Radeon HD 3470,Mobile,,93,112
486,Mobility Radeon HD 3470 Hybrid X2,Unknown,,94,8
487,Mobility Radeon HD 3650,Mobile,,140,933
488,Mobility Radeon HD 3670,Mobile,,232,114
490,Mobility Radeon HD 3870,Mobile,,548,3
491,Mobility Radeon HD 3870 X2,Mobile,,478,57
493,Mobility Radeon HD 4200,Mobile,,91,253
494,Mobility Radeon HD 4225,Mobile,,66,18
495,Mobility Radeon HD 4250,Mobile,,98,400
496,Mobility Radeon HD 4270,Mobile,,93,9
2753,Mobility Radeon HD 4300 Serisi,Unknown,,73,1
497,Mobility Radeon HD 4330,Mobile,,135,8
498,Mobility Radeon HD 4350,Unknown,,148,10
502,Mobility Radeon HD 4550,Mobile,,191,20
503,Mobility Radeon HD 4570,Mobile,,149,1844
504,Mobility Radeon HD 4650,Mobile,,401,961
505,Mobility Radeon HD 4670,Mobile,,463,234
506,Mobility Radeon HD 4830,Mobile,,512,3
507,Mobility Radeon HD 4850,Mobile,,866,83
148,Mobility Radeon HD 4870,Mobile,,720,29
2153,Mobility Radeon HD 5000,Unknown,,773,17
2516,Mobility Radeon HD 5000 Serisi,Unknown,,479,2
511,Mobility Radeon HD 5165,Mobile,,284,14
512,Mobility Radeon HD 530v,Mobile,,175,28
514,Mobility Radeon HD 540v,Unknown,,188,24
515,Mobility Radeon HD 5430,Mobile,,181,41
5082,A16-2B,Desktop,,2151,10
4956,A16-2Q,Unknown,,3926,4
516,Mobility Radeon HD 5450,Mobile,,214,49
517,Mobility Radeon HD 545v,Mobile,,200,11
58,Mobility Radeon HD 5470,Mobile,,236,1120
518,Mobility Radeon HD 550v,Mobile,,266,43
519,Mobility Radeon HD 5570,Unknown,,525,36
520,Mobility Radeon HD 560v,Mobile,,318,29
521,Mobility Radeon HD 5650,Mobile,,440,2675
522,Mobility Radeon HD 565v,Mobile,,353,10
149,Mobility Radeon HD 5730,Mobile,,507,719
525,Mobility Radeon HD 5850,Mobile,,763,101
526,Mobility Radeon HD 5870,Mobile,,1079,826
2644,Mobility Radeon HD serie 4200,Unknown,,97,4
531,Mobility Radeon X1300,Mobile,,40,164
532,Mobility Radeon X1350,Mobile,,40,32
533,Mobility Radeon X1400,Mobile,,43,213
535,Mobility Radeon X1450,Mobile,,33,4
536,Mobility Radeon X1600,Mobile,,92,149
537,Mobility Radeon X1700,Mobile,,105,22
538,MOBILITY RADEON X1800,Mobile,,130,8
539,Mobility Radeon X1900,Mobile,,135,3
1097,Mobility Radeon X2300 HD,Unknown,,49,5
540,Mobility Radeon X2500,Mobile,,82,4
542,MOBILITY RADEON X300,Mobile,,34,111
543,MOBILITY RADEON X600,Mobile,,50,68
544,MOBILITY RADEON X600 SE,Unknown,,49,5
545,MOBILITY RADEON X700,Mobile,,67,60
546,MOBILITY RADEON X700 XL,Unknown,,60,1
548,MOBILITY RADEON XPRESS 200,Unknown,,27,26
2488,Mobility Radeon. HD 5470,Mobile,,215,8
551,MOBILITY/RADEON 9000,Unknown,,4,2
2470,MONSTER GeForce GTX 675M,Mobile,,2637,1
6731,Moore Threads MTT S30,Desktop,,580,1
7661,Moore Threads MTT S70,Desktop,,1915,2
6007,Moore Threads MTT S80,Desktop,,2423,10
5648,Moore Threads S3000 MTvGPU-1132,Desktop,,1997,2
9131,MPro Driver Device,Desktop,,15274,1
3928,N18E-Q1,Unknown,,2525,1
1530,nForce 750a SLI,Unknown,,83,17
1531,nForce 760i SLI,Unknown,,140,3
1532,nForce 780a SLI,Unknown,,92,2
1533,nForce 980a/780a SLI,Unknown,,165,13
5061,MS Idd Device,Desktop,,1277,2
1536,NV44,Unknown,,15,1
4632,NVIDIA A10,Unknown,,21687,3
4521,NVIDIA A10-4Q,Unknown,,2752,8
4546,NVIDIA A10G,Unknown,,17660,8
4551,NVIDIA A40,Unknown,,13900,8
4523,NVIDIA A40-12Q,Unknown,,4336,9
4643,NVIDIA A40-4Q,Unknown,,4407,5
4655,NVIDIA A40-8Q,Unknown,,4252,7
6257,nVidia L20,Desktop,,13430,1
4885,nVidia L40,Unknown,,27355,2
7645,nVidia L40-48Q,Desktop,,33270,1
6094,nVidia L40-4Q,Desktop,,32601,3
6220,nVidia L40S-48Q,Desktop,,3869,1
7150,nVidia L40S-4Q,Desktop,,7687,6
4442,NVIDIA T1000,Workstation,4192,7656,883
4513,NVIDIA T1000 8GB,Workstation,8192,7691,951
4422,NVIDIA T1200 Laptop GPU,"Mobile, Workstation",4192,7821,1448
4335,NVIDIA T500,Workstation,4192,3615,1030
4439,NVIDIA T600,Workstation,4096,6371,608
4424,NVIDIA T600 Laptop GPU,Mobile,,7057,647
1537,NVS 2100M,Workstation,512,137,64
1538,NVS 300,Workstation,512,118,355
1539,NVS 3100M,Workstation,512,125,1518
2808,NVS 315,Workstation,1024,336,179
117,NVS 4200M,Workstation,1024,311,1448
2228,NVS 510,Workstation,2048,677,385
1540,NVS 5100M,Workstation,1024,200,268
2158,NVS 5200M,Workstation,1024,490,1478
1541,NVS 5400M,Workstation,2048,609,641
3291,OPAL XT/GL,Unknown,,1053,1
5019,OrayIddDriver Device,Unknown,,11785,5
7468,OrayIddDriver Device Ryzen 5 3400G,Desktop,,1478,1
5224,P102-100,Desktop,,3723,10
4206,P104-100,Unknown,,3593,29
4212,P106-090,Unknown,,2684,21
4044,P106-100,Unknown,,6765,177
3305,PCI GDIHOOK5,Unknown,,1703,1
4802,PCI\VEN_1002&DEV_164E&SUBSYS_D0001458&REV_C2 Ryzen,Unknown,,1681,1
4810,PCI\VEN_1002&DEV_164E&SUBSYS_D0001458&REV_C3 Ryzen,Unknown,,1654,2
4798,PCI\VEN_1002&DEV_164E&SUBSYS_D0001458&REV_C6 Ryzen,Unknown,,1769,1
4791,PCI\VEN_1002&DEV_164E&SUBSYS_D0001458&REV_C7 Ryzen,Unknown,,4339,5
4184,PHDGD Ivy 5,Unknown,,445,2
3844,PHDGD Quantic C3,Unknown,,117,4
6509,EIZO Quadro MED-XN92,Desktop,,17036,2
3608,PHDGD Ivy 4,Unknown,,404,15
3856,PHDGD Sapphire GR for Mobile Intel 965,Unknown,,26,3
3136,PHDGD Solo 1.2.0 x86,Unknown,,11,2
3515,PHDGD Solo 2 x64,Unknown,,20,2
3625,Q12U-1,Unknown,,5164,1
87,Quadro 1000M,Workstation,2048,552,1119
2398,Quadro 1100M,Unknown,,755,2
1543,Quadro 2000,Workstation,1024,945,2345
1544,Quadro 2000 D,Unknown,,1239,10
1545,Quadro 2000D,Unknown,,980,179
49,Quadro 2000M,Workstation,2048,761,639
2397,Quadro 2100M,Unknown,,1100,1
1546,Quadro 280 NVS PCIe,Unknown,,6,3
1547,Quadro 3000M,Workstation,2048,1005,606
1548,Quadro 400,Workstation,512,148,126
1549,Quadro 4000,Workstation,2048,1471,2299
1550,Quadro 4000M,Workstation,2048,1295,210
2291,Quadro 410,Workstation,512,434,129
1551,Quadro 5000,Workstation,2560,1965,501
1552,Quadro 5000M,Workstation,2048,2060,11
2518,Quadro 500M,Workstation,1024,571,6
1553,Quadro 5010M,Workstation,4096,1691,38
91,Quadro 600,Workstation,1024,518,1944
1554,Quadro 6000,Workstation,6144,2702,265
1555,Quadro 7000,Workstation,6144,3505,2
1556,Quadro CX,Unknown,,947,3
1557,Quadro FX 1000,Workstation,128,34,6
1558,Quadro FX 1100,Workstation,256,36,7
1559,Quadro FX 1300,Workstation,128,34,9
1560,Quadro FX 1400,Workstation,128,124,59
1561,Quadro FX 1500,Workstation,256,170,152
1562,Quadro FX 1500M,Workstation,512,171,26
1563,Quadro FX 1600M,Workstation,512,195,139
1564,Quadro FX 1700,Workstation,512,212,555
1565,Quadro FX 1700M,Workstation,512,173,54
1566,Quadro FX 1800,Workstation,768,399,1074
1567,Quadro FX 1800M,Workstation,1024,478,249
1568,Quadro FX 2000,Workstation,128,18,1
1569,Quadro FX 2500M,Workstation,512,218,24
2854,Quadro FX 2700,Unknown,,543,1
1570,Quadro FX 2700M,Workstation,512,367,280
1571,Quadro FX 2800M,Workstation,1024,413,348
1572,Quadro FX 3000,Workstation,256,69,14
4,Quadro FX 3400/4400,Workstation,256,104,31
1574,Quadro FX 3450,Workstation,256,149,2
1575,Quadro FX 3450/4000 SDI,Workstation,256,206,196
1576,Quadro FX 350,Workstation,128,86,2
1577,Quadro FX 3500,Workstation,256,265,211
1578,Quadro FX 3500M,Workstation,512,306,3
1579,Quadro FX 350M,Workstation,256,45,21
1580,Quadro FX 3600M,Workstation,512,467,36
1581,Quadro FX 360M,Workstation,256,87,45
1582,Quadro FX 370,Workstation,256,84,55
1583,Quadro FX 370 Low Profile,Unknown,,103,1
1584,Quadro FX 370 LP,Workstation,256,108,2
1585,Quadro FX 3700,Workstation,512,372,285
1586,Quadro FX 3700M,Workstation,1024,445,178
1587,Quadro FX 370M,Workstation,256,93,18
1588,Quadro FX 380,Workstation,256,206,152
1589,Quadro FX 380 LP,Workstation,512,145,60
1590,Quadro FX 3800,Workstation,1024,825,817
1591,Quadro FX 3800M,Workstation,1024,555,158
1592,Quadro FX 380M,Workstation,512,121,37
1593,Quadro FX 4000,Workstation,256,101,1
1594,Quadro FX 4500,Workstation,512,227,95
1595,Quadro FX 4500 X2,Unknown,,236,1
1596,Quadro FX 4600,Workstation,768,396,384
2857,Quadro FX 4700 X2,Unknown,,676,4
32,Quadro FX 4800,Workstation,1536,1011,511
1600,Quadro FX 500/FX 600,Unknown,,8,7
1601,Quadro FX 540,Workstation,128,81,27
1602,Quadro FX 550,Workstation,128,64,45
1603,Quadro FX 5500,Workstation,1024,242,19
1604,Quadro FX 560,Workstation,128,114,25
1606,Quadro FX 570,Workstation,256,258,255
1607,Quadro FX 570M,Workstation,512,99,163
1608,Quadro FX 580,Workstation,512,202,922
1609,Quadro FX 5800,Workstation,4096,1211,142
1611,Quadro FX 770M,Workstation,512,213,309
1612,Quadro FX 880M,Workstation,1024,238,779
1614,Quadro FX Go1400,Unknown,,102,14
3721,Quadro GP100,Workstation,16384,14096,41
3919,Quadro GV100,Workstation,32768,18546,42
1616,Quadro K1000M,Workstation,2048,746,1091
2623,Quadro K1100M,Workstation,2048,1086,1735
3193,Quadro K1200,Workstation,4096,2958,776
2446,Quadro K2000,Workstation,2048,1585,1931
2497,Quadro K2000D,Workstation,2048,1609,179
1617,Quadro K2000M,Workstation,2048,996,939
2665,Quadro K2100M,Workstation,2048,1374,1667
2947,Quadro K2200,Workstation,4096,3580,2828
3175,Quadro K2200M,"Mobile, Workstation",2048,3534,63
2213,Quadro K3000M,Workstation,2048,1614,385
2684,Quadro K3100M,Workstation,4096,2311,787
2272,Quadro K4000,Workstation,3072,2720,1647
2159,Quadro K4000M,Workstation,4096,2076,260
2736,Quadro K4100M,Workstation,4096,2772,327
2992,Quadro K420,Workstation,1024,721,486
2944,Quadro K4200,Workstation,4096,4327,1369
2258,Quadro K5000,Workstation,4096,4001,689
1618,Quadro K5000M,Workstation,4096,2805,114
4223,Quadro K500M,"Mobile, Workstation",1024,480,1
2798,Quadro K5100M,Workstation,8192,3323,184
2767,Quadro K510M,Workstation,1024,641,6
2941,Quadro K5200,Workstation,8192,6137,405
2449,Quadro K600,Workstation,1024,717,1285
2666,Quadro K6000,Workstation,12288,8043,243
2703,Quadro K610M,Workstation,1024,712,183
2950,Quadro K620,Workstation,2048,2203,2848
3148,Quadro K620M,"Mobile, Workstation",2048,1181,146
3349,Quadro M1000M,"Mobile, Workstation",4096,2823,2060
3651,Quadro M1200,"Mobile, Workstation",4096,3180,1505
3512,Quadro M2000,Workstation,4096,4048,1270
3373,Quadro M2000M,"Mobile, Workstation",4096,3392,1640
3732,Quadro M2200,"Mobile, Workstation",4096,4250,1041
3394,Quadro M3000M,"Mobile, Workstation",4096,5542,526
3325,Quadro M4000,Workstation,8192,6671,2241
3297,Quadro M4000M,"Mobile, Workstation",4096,6075,199
3369,Quadro M5000,Workstation,8192,9359,449
3408,Quadro M5000M,"Mobile, Workstation",8192,7044,260
3449,Quadro M500M,"Mobile, Workstation",2048,1178,113
3754,Quadro M520,"Mobile, Workstation",2048,1924,93
3459,Quadro M5500,"Mobile, Workstation",8192,7915,3
3106,Quadro M6000,Workstation,12288,11707,198
3544,Quadro M6000 24GB,Workstation,24576,11500,139
3397,Quadro M600M,"Mobile, Workstation",2048,2249,64
3658,Quadro M620,"Mobile, Workstation",2048,2756,442
1620,Quadro NVS 110M,Workstation,512,48,101
1621,Quadro NVS 120M,Workstation,512,47,16
1622,Quadro NVS 130M,Workstation,256,97,20
1623,Quadro NVS 135M,Workstation,256,50,159
1624,Quadro NVS 140M,Workstation,512,79,298
1625,Quadro NVS 150M,Workstation,256,70,32
1626,Quadro NVS 160M,Workstation,256,146,411
1628,Quadro NVS 210S,Unknown,,24,13
1629,Quadro NVS 210S / GeForce 6150LE,Unknown,,21,9
1631,Quadro NVS 280 PCI,Unknown,,8,1
1633,Quadro NVS 285,Unknown,,44,149
1634,Quadro NVS 285 128MB,Unknown,,38,5
1635,Quadro NVS 290,Unknown,,228,368
1636,Quadro NVS 295,Workstation,256,114,339
1638,Quadro NVS 320M,Workstation,512,208,45
1640,Quadro NVS 420,Unknown,,137,44
1641,Quadro NVS 440,Unknown,,38,21
1642,Quadro NVS 450,Unknown,,67,79
1643,Quadro NVS 510M,Workstation,1024,238,3
1644,Quadro NVS 55/280 PCI,Unknown,,6,2
3727,Quadro P1000,"Mobile, Workstation",4096,4514,3789
3712,Quadro P2000,"Mobile, Workstation",5120,7024,4540
3982,Quadro P2000 with Max-Q Design,"Mobile, Workstation",4096,5355,151
4133,Quadro P2200,Workstation,5120,9420,1727
3688,Quadro P3000,"Mobile, Workstation",6144,6352,344
3942,Quadro P3200,"Mobile, Workstation",6144,8512,597
3963,Quadro P3200 with Max-Q Design,"Mobile, Workstation",6144,9165,155
3807,Quadro P400,Workstation,2048,1666,1147
3719,Quadro P4000,Workstation,8192,11413,3578
3829,Quadro P4000 with Max-Q Design,Mobile,,9083,2
3959,Quadro P4200,"Mobile, Workstation",8192,10137,162
3999,Quadro P4200 with Max-Q Design,"Mobile, Workstation",8192,11472,56
3607,Quadro P5000,Workstation,16384,12674,1174
4126,Quadro P520,"Mobile, Workstation",2048,2014,577
3888,Quadro P5200,"Mobile, Workstation",16384,11199,216
3996,Quadro P5200 with Max-Q Design,"Mobile, Workstation",16384,12464,33
3729,Quadro P600,"Mobile, Workstation",2048,3334,1465
3597,Quadro P6000,"Mobile, Workstation",24000,15373,193
3954,Quadro P620,Workstation,2048,3712,2692
4119,Quadro RTX 3000,"Mobile, Workstation",6144,10658,1924
4152,Quadro RTX 3000 with Max-Q Design,Mobile,,8080,166
5067,A16-4Q,Desktop,,3854,17
4053,Quadro RTX 4000,Workstation,8192,14836,2646
4148,Quadro RTX 4000 (Mobile),Mobile,,11692,286
4161,Quadro RTX 4000 with Max-Q Design,Mobile,,12220,223
4040,Quadro RTX 5000,Workstation,16384,15295,1188
4147,Quadro RTX 5000 (Mobile),"Mobile, Workstation",16384,14832,66
4144,Quadro RTX 5000 with Max-Q Design,"Mobile, Workstation",16384,12669,242
4015,Quadro RTX 6000,Workstation,24576,17710,283
4061,Quadro RTX 8000,Workstation,49152,19589,90
4295,Quadro T1000 with Max-Q Design,Mobile,,6529,388
4113,Quadro T2000,Mobile,,7281,1907
4218,Quadro T2000 with Max-Q Design,Mobile,,6999,781
1647,Quadro2 MXR/EX,Workstation,64,5,1
1648,Quadro2 Pro,Workstation,64,1,3
1649,Quadro4 380 XGL,Unknown,,7,6
1657,Quadro4 900 XGL,Unknown,,5,1
1658,Quadro4 980 XGL,Unknown,,5,2
4363,Qualcomm Adreno 540 GPU,Unknown,,126,9
4368,Qualcomm Adreno 618 GPU,Unknown,,130,107
4034,Qualcomm Adreno 630 GPU,Unknown,,295,24
8843,Qualcomm Adreno 640 GPU,Desktop,,656,1
4561,Qualcomm Adreno 675 GPU,Unknown,,551,6
4344,Qualcomm Adreno 680 GPU,Unknown,,907,179
4563,Qualcomm Adreno 685 GPU,Unknown,,868,13
4499,Qualcomm Adreno 690 GPU,Unknown,,1088,24
4960,Qualcomm Adreno 7c Gen 3 GPU,Unknown,,778,4
4838,Qualcomm Adreno 7c+ Gen 3,Unknown,,711,120
9049,Qualcomm Adreno 8c Gen 3,Desktop,,760,1
4518,Qualcomm Adreno 8cx Gen 3,Unknown,,1945,138
5095,Qualcomm Adreno 8cx Gen 3 GPU,Desktop,,1933,3
5168,Qualcomm Adreno X1-45 GPU,Desktop,,1891,583
5116,Qualcomm Adreno X1-85 GPU,Desktop,,3065,1319
8827,Qualcomm Adreno X2-45 GPU,Desktop,,3275,5
8975,Qualcomm Adreno X2-85 GPU,Desktop,,5826,7
8478,Qualcomm Adreno X2-90 GPU,Desktop,,7673,41
2946,QXL KMDOD,Unknown,,19,1
6747,Racer-Tech USB Display Device,Desktop,,13692,2
554,Radeon 2100,Unknown,,60,126
76,Radeon 3000,Unknown,,98,1519
8459,Radeon 3015Ce,Desktop,,414,1
4713,Radeon 3015e,Unknown,,354,34
4684,Radeon 3020e,Unknown,,503,129
105,Radeon 3100,Unknown,,74,269
3797,Radeon 520,Unknown,,887,520
3818,Radeon 530,Unknown,,1031,789
3980,Radeon 535,Unknown,,1054,70
3810,Radeon 535DX,Unknown,,771,35
3803,Radeon 540,Unknown,,1451,78
4154,Radeon 540X,Unknown,,1617,106
4526,Radeon 550,Unknown,,2116,42
4137,Radeon 550X,Unknown,,1479,64
4759,Radeon 610M,Mobile,,1291,686
4985,Radeon 610M Ryzen 5 7645HX,Mobile,,1238,1
5193,Radeon 610M Ryzen 7 7840HX,Mobile,,20904,1
7355,Radeon 610M Ryzen 7 8745HX,Mobile,,1336,1
4773,Radeon 610M Ryzen 9 7845HX,Mobile,,5948,11
4987,Radeon 610M Ryzen 9 7940HX,Mobile,,1545,20
4760,Radeon 610M Ryzen 9 7945HX,Mobile,,1804,192
4962,Radeon 610M Ryzen 9 7945HX3D,Mobile,,1660,12
6290,Radeon 610M Ryzen 9 8940HX,Mobile,,2719,10
6341,Radeon 610M Ryzen 9 8945HX,Mobile,,2358,15
4190,Radeon 625,Unknown,,1058,61
4221,Radeon 630,Unknown,,1628,30
124,Radeon 6600M,Mobile,,535,751
5062,Radeon 660M,Mobile,,3143,11
6027,Radeon 660M Ryzen 3 7335U,Mobile,,2123,22
4988,Radeon 660M Ryzen 5 6600H,Mobile,,3044,5
6493,Radeon 660M Ryzen 5 7533HS,Mobile,,2948,8
4899,Radeon 660M Ryzen 5 7535HS,Mobile,,3071,229
7401,Radeon 660M Ryzen 5 Pro 7535U,Mobile,,2975,4
3813,Radeon 6750M,Mobile,,911,1
5216,Radeon 680M,Unknown,,3996,9
8983,Radeon 680M Ryzen 7 170,Mobile,,3075,2
4884,Radeon 680M Ryzen 7 7735HS,Mobile,,4474,167
7068,Radeon 680M Ryzen 7 Pro 7735U,Mobile,,3531,1
6080,Radeon 680M Ryzen 9 6900HX,Mobile,,5493,3
1689,Radeon 7000 / Radeon VE,Unknown,,3,1
1690,RADEON 7000 / RADEON VE Family,Unknown,,4,13
1693,RADEON 7200,Unknown,,3,1
4926,Radeon 740M,Mobile,,2955,2098
4902,Radeon 760M,Mobile,,5316,2485
4818,Radeon 780M,Mobile,,6787,11630
6942,Radeon 8040S,Desktop,,10578,6
5322,Radeon 8050S,Desktop,,16422,168
5327,Radeon 8060S,Desktop,,18069,1186
7160,Radeon 820M,Mobile,,2198,58
6105,Radeon 840M,Mobile,,3715,726
5320,Radeon 860M,Mobile,,4876,1948
5123,Radeon 880M,Mobile,,7633,668
5113,Radeon 890M,Mobile,,8073,2055
1704,RADEON 9200 LE Family,Unknown,,3,13
1707,RADEON 9200 SE,Desktop,256,3,78
1723,RADEON 9600 XT,Desktop,256,35,4
1724,RADEON 9600SE,Unknown,,27,10
1732,RADEON 9800 SE,Desktop,256,24,4
1734,RADEON 9800 XT,Desktop,256,57,8
4187,RADEON A9800XT,Unknown,,23,1
6850,Radeon AI PRO R9700,Desktop,32768,26987,83
7035,Radeon Athlon 300GE,Desktop,,563,2
4676,Radeon Athlon Gold 3150U,Unknown,,755,125
4573,Radeon Athlon Gold PRO 4150GE,Unknown,,1574,2
4735,Radeon Athlon PRO 3045B,Unknown,,563,4
4711,Radeon Athlon Silver 3050U,Unknown,,667,363
561,RADEON E2400,Unknown,,52,1
562,RADEON E4690,Unknown,,405,3
3364,Radeon E6460,Unknown,,324,1
3995,Radeon E6465,Unknown,,231,2
251,Radeon E6760,Unknown,,850,14
3150,Radeon E8860,Unknown,,1681,14
3831,Radeon E8870PCIe,Unknown,,3368,1
8180,Radeon E9550,Desktop,,5693,3
6605,Radeon Eng Sample: 100-000000252-50_Y,Desktop,,2411,1
8859,Radeon Eng Sample: 100-000000263-21_41-34_N,Desktop,,2374,2
6966,Radeon Eng Sample: 100-000000263-50_Y,Desktop,,3975,4
6809,Radeon Eng Sample: 100-000000285-30_Y,Desktop,,2640,3
7965,Radeon Eng Sample: 100-000000288-40_Y,Desktop,,2091,2
6512,Radeon Eng Sample: 100-000000295-40_Y,Desktop,,2879,1
6821,Radeon Eng Sample: 100-000000536-40_Y,Desktop,,4347,5
6920,Radeon Eng Sample: 100-000000544-40_Y,Desktop,,5630,1
7681,Radeon Eng Sample: 100-000000546-40_Y,Desktop,,3307,2
5108,Radeon EPYC 4124P 4-Core,Desktop,,1260,5
5086,Radeon EPYC 4244P 6-Core,Desktop,,1121,4
5087,Radeon EPYC 4344P 8-Core,Desktop,,1449,3
5089,Radeon EPYC 4464P 12-Core,Desktop,,1384,7
5090,Radeon EPYC 4484PX 12-Core,Desktop,,1620,2
5092,Radeon EPYC 4564P 16-Core,Desktop,,1226,8
5091,Radeon EPYC 4584PX 16-Core,Desktop,,1662,2
567,Radeon HD 2400,Unknown,,121,91
568,Radeon HD 2400 PCI,Unknown,,14,3
569,Radeon HD 2400 Pro,Desktop,512,114,500
576,Radeon HD 2900 GT,Desktop,512,292,5
2964,Radeon HD 3000,Unknown,,96,1
46,Radeon HD 3200,Unknown,,82,1648
580,Radeon HD 3300,Unknown,,127,162
581,Radeon HD 3450,Desktop,512,182,1402
585,Radeon HD 3650 AGP,Unknown,,150,66
44,Radeon HD 3850 AGP,Desktop,1024,432,50
588,Radeon HD 3850 X2,Desktop,1024,822,9
25,Radeon HD 4200,Desktop,512,112,1302
590,Radeon HD 4250,Desktop,512,123,880
591,Radeon HD 4270,Unknown,,110,25
592,Radeon HD 4290,Desktop,512,141,180
2945,Radeon HD 4300/4500 Serisi,Unknown,,156,2
110,Radeon HD 4330,Unknown,,136,551
113,Radeon HD 4350,Desktop,1024,166,2158
5,Radeon HD 4550,Desktop,1024,236,482
596,Radeon HD 4650,Desktop,1024,249,1559
597,Radeon HD 4650 AGP,Unknown,,208,3
2829,Radeon HD 4810,Desktop,512,775,39
57,Radeon HD 4830,Desktop,1024,866,395
24,Radeon HD 4850,Desktop,2048,947,2825
7981,DisplayLink USB Device Ryzen 7 7735HS,Desktop,,5768,2
42,Radeon HD 4890,Desktop,2048,1546,1065
7,Radeon HD 5450,Desktop,2048,136,4547
3055,Radeon HD 5470,Unknown,,268,3
603,Radeon HD 5550,Desktop,2048,385,321
80,Radeon HD 5570,Desktop,2048,474,2058
604,Radeon HD 5600/5700,Unknown,,609,76
28,Radeon HD 5670,Desktop,2048,801,3406
6,Radeon HD 5770,Desktop,2048,1347,7817
47,Radeon HD 5850,Desktop,2048,1943,2922
20,Radeon HD 5970,Desktop,2048,2290,536
252,Radeon HD 6250,Mobile,,94,300
254,Radeon HD 6290,Mobile,,105,433
255,Radeon HD 6290M,Mobile,,140,10
256,Radeon HD 6300M,Mobile,,144,790
13,Radeon HD 6310,Mobile,,122,2050
258,Radeon HD 6320,Mobile,,147,1096
259,Radeon HD 6320 Graphic,Unknown,,216,4
260,Radeon HD 6320M,Mobile,,198,20
263,Radeon HD 6370D,Desktop,,255,40
264,Radeon HD 6370M,Mobile,,276,11
265,Radeon HD 6380G,Mobile,,204,112
266,Radeon HD 6410D,Desktop,,237,380
2416,Radeon HD 6430M,Mobile,,193,9
3724,Radeon HD 6450 + 8470D Dual,Unknown,,763,1
268,Radeon HD 6450A,Unknown,,260,8
107,Radeon HD 6470M,Mobile,,225,2066
270,Radeon HD 6480G,Mobile,,255,594
3234,Radeon HD 6480M,Mobile,,353,1
271,Radeon HD 6490M,Mobile,,378,16
52,Radeon HD 6520G,Mobile,,300,1703
109,Radeon HD 6530D,Desktop,,337,791
273,Radeon HD 6550A,Unknown,,708,10
274,Radeon HD 6550D,Desktop,,400,813
2285,Radeon HD 6610M,Mobile,,565,26
40,Radeon HD 6620G,Mobile,,341,769
4975,A16-8Q,Unknown,,4769,6
7997,DisplayLink USB Device Ryzen 7 PRO 6850U,Desktop,,4381,1
277,Radeon HD 6630M,Mobile,,685,3
278,Radeon HD 6650A,Unknown,,836,1
279,Radeon HD 6650M,Mobile,,777,163
96,Radeon HD 6670,Desktop,2048,730,5493
2357,Radeon HD 6670 + 6670 Dual,Unknown,,647,2
3178,Radeon HD 6670 + 7660D Dual,Unknown,,1492,1
280,Radeon HD 6700M,Mobile,,1017,1011
283,Radeon HD 6750M,Mobile,,937,12
285,Radeon HD 6770M,Mobile,,964,10
287,Radeon HD 6800M,Mobile,,744,214
3684,Radeon HD 6850 X2,Unknown,,2534,1
22,Radeon HD 6870,Desktop,2048,2195,6543
290,Radeon HD 6900M,Mobile,,1695,489
291,Radeon HD 6970M,Mobile,,2270,3
2315,Radeon HD 7290,Unknown,,112,122
2958,Radeon HD 7290M,Mobile,,123,2
294,Radeon HD 7310,Unknown,,128,790
2922,Radeon HD 7310 - Carte graphique,Unknown,,174,1
2852,Radeon HD 7310G,Unknown,,181,3
2217,Radeon HD 7310M,Mobile,,166,56
295,Radeon HD 7340,Unknown,,153,557
2299,Radeon HD 7340G,Unknown,,196,24
2170,Radeon HD 7340M,Mobile,,221,40
2333,Radeon HD 7400G,Unknown,,266,65
2305,Radeon HD 7420G,Unknown,,315,199
331,Radeon HD 7450A,Unknown,,288,2
3039,Radeon HD 7450M,Mobile,,330,3
299,Radeon HD 7470M,Mobile,,408,4
2193,Radeon HD 7480D,Desktop,,281,678
300,Radeon HD 7500G,Unknown,,316,199
2660,Radeon HD 7500G + 7500M/7600M Dual,Mobile,,617,5
7233,A2-2Q,Desktop,,3331,3
7590,A2-4Q,Desktop,,4423,1
2491,Radeon HD 7500G + 7550M Dual,Mobile,,497,7
3379,Radeon HD 7500G + HD 7500M/7600M Dual,Mobile,,356,2
301,Radeon HD 7520G,Unknown,,318,667
3124,Radeon HD 7520G + 7400M Dual,Mobile,,487,2
2373,Radeon HD 7520G + 7470M Dual,Mobile,,543,1
2741,Radeon HD 7520G + 7500/7600 Dual,Unknown,,582,1
2236,Radeon HD 7520G + 7600M Dual,Mobile,,591,25
2624,Radeon HD 7520G + 7610M Dual,Mobile,,588,3
2689,Radeon HD 7520G + 7650M Dual,Mobile,,453,3
302,Radeon HD 7520G + 7670M Dual,Mobile,,523,62
2499,Radeon HD 7520G + 7700M Dual,Mobile,,1061,3
3014,Radeon HD 7520G + 8600/8700M Dual,Mobile,,311,2
3092,Radeon HD 7520G + 8750M Dual,Mobile,,377,1
3361,Radeon HD 7520G + HD 7400M Dual,Mobile,,545,9
3415,Radeon HD 7520G + HD 7500/7600 Dual,Unknown,,832,1
3021,Radeon HD 7520G + HD 7600M Dual,Mobile,,447,16
3413,Radeon HD 7520G + HD 7670M Dual,Mobile,,495,5
3609,Radeon HD 7520G + HD 7700M Dual,Mobile,,575,1
2970,Radeon HD 7520G + HD 8600/8700M Dual,Mobile,,624,3
3253,Radeon HD 7520G + HD 8750M Dual,Mobile,,651,2
2691,Radeon HD 7520G N HD 7520G + HD 7500/7600 7500/760,Unknown,,575,1
2748,Radeon HD 7520G N HD 7520G + HD 7600M N HD 7600M D,Mobile,,365,1
2166,Radeon HD 7540D,Desktop,,331,531
2581,Radeon HD 7540D + 6570 Dual,Unknown,,720,3
3090,Radeon HD 7540D + 7500 Dual,Unknown,,822,1
2851,Radeon HD 7540D + HD 6450 Dual,Unknown,,643,1
303,Radeon HD 7550M,Mobile,,465,22
304,Radeon HD 7550M/7650M,Mobile,,729,136
2362,Radeon HD 7560D + 6450 Dual,Unknown,,569,1
2221,Radeon HD 7560D + 6570 Dual,Unknown,,833,6
2303,Radeon HD 7560D + 6670 Dual,Unknown,,1131,7
2880,Radeon HD 7560D + 7560D Dual,Unknown,,983,2
2658,Radeon HD 7560D + 7570 Dual,Unknown,,985,1
306,Radeon HD 7560D + 7670 Dual,Unknown,,1426,7
2835,Radeon HD 7560D + 7700 Dual,Unknown,,1919,1
2858,Radeon HD 7560D + HD 6570 Dual,Unknown,,1237,1
2894,Radeon HD 7560D + HD 6670 Dual,Unknown,,1555,1
2891,Radeon HD 7560D + HD 7000 Dual,Unknown,,534,2
3739,Radeon HD 7560D + HD 7600 Dual,Unknown,,1258,1
2959,Radeon HD 7560D + HD 7670 Dual,Unknown,,1380,1
3158,Radeon HD 7560D + HD 7700 Dual,Unknown,,1347,4
2856,Radeon HD 7560D + HD 8570 Dual,Unknown,,936,1
3267,Radeon HD 7560D + R5 235 Dual,Unknown,,563,2
307,Radeon HD 7570M,Mobile,,419,601
3046,Radeon HD 7570M/HD 7670M,Mobile,,699,4
2533,Radeon HD 7580D,Unknown,,351,2
2290,Radeon HD 7600G,Unknown,,335,197
2598,Radeon HD 7600G + 6400M Dual,Mobile,,377,1
2501,Radeon HD 7600G + 7450M Dual,Mobile,,390,3
2508,Radeon HD 7600G + 7500M/7600M Dual,Mobile,,406,3
2855,Radeon HD 7600G + 7550M Dual,Mobile,,423,3
2746,Radeon HD 7600G + 8500M/8700M Dual,Mobile,,334,5
3321,Radeon HD 7600G + HD 7400M Dual,Mobile,,329,1
3230,Radeon HD 7600G + HD 7500M/7600M Dual,Mobile,,477,7
3180,Radeon HD 7600G + HD 8670M Dual,Mobile,,544,2
2780,Radeon HD 7600G + HD Dual,Unknown,,435,9
3629,Radeon HD 7600G N HD 7600G + HD ON HD Dual,Unknown,,526,1
2234,Radeon HD 7600M + 7600M Dual,Mobile,,773,9
308,Radeon HD 7610M,Mobile,,632,79
309,Radeon HD 7620G,Unknown,,353,88
2728,Radeon HD 7620G + 8600M Dual,Mobile,,509,13
2765,Radeon HD 7620G + 8670M Dual,Mobile,,577,3
3066,Radeon HD 7620G + HD 8600M Dual,Mobile,,443,18
2824,Radeon HD 7620G + HD 8670M Dual,Mobile,,507,24
2751,Radeon HD 7620G N HD 7620G + HD 8600M N HD 8600M D,Mobile,,452,1
310,Radeon HD 7640G,Unknown,,448,1190
2301,Radeon HD 7640G + 6400M Dual,Mobile,,527,7
2442,Radeon HD 7640G + 7400M Dual,Mobile,,637,5
2913,Radeon HD 7640G + 7450M Dual,Mobile,,754,1
311,Radeon HD 7640G + 7470M Dual,Mobile,,595,53
2566,Radeon HD 7640G + 7500/7600 Dual,Unknown,,627,2
2211,Radeon HD 7640G + 7500M/7600M Dual,Mobile,,776,1
312,Radeon HD 7640G + 7600M Dual,Mobile,,706,64
2677,Radeon HD 7640G + 7610M Dual,Mobile,,510,7
2786,Radeon HD 7640G + 7650M Dual,Mobile,,747,1
313,Radeon HD 7640G + 7670M Dual,Mobile,,645,113
2757,Radeon HD 7640G + 7690M Dual,Mobile,,946,1
2730,Radeon HD 7640G + 7700M Dual,Mobile,,691,2
2809,Radeon HD 7640G + 8500M Dual,Mobile,,586,11
2763,Radeon HD 7640G + 8570M Dual,Mobile,,558,13
2669,Radeon HD 7640G + 8600/8700M Dual,Mobile,,689,10
3873,Radeon HD 7640G + 8600M Dual,Mobile,,250,1
7083,A40,Desktop,,741,1
8416,A40-12Q,Desktop,,5025,4
4158,Barco MXRT 5600,Unknown,,2488,3
3883,Embedded Radeon E9173,Unknown,,1860,29
2797,Radeon HD 7640G + 8670M Dual,Mobile,,558,2
2733,Radeon HD 7640G + 8750M Dual,Mobile,,655,4
2978,Radeon HD 7640G + HD 7400M Dual,Mobile,,577,18
3329,Radeon HD 7640G + HD 7500/7600 Dual,Unknown,,424,1
2990,Radeon HD 7640G + HD 7600M Dual,Mobile,,704,59
2770,Radeon HD 7640G + HD 7600M N HD 7600M Dual,Mobile,,407,1
2925,Radeon HD 7640G + HD 7670M Dual,Mobile,,519,20
3372,Radeon HD 7640G + HD 7700M Dual,Mobile,,589,3
3211,Radeon HD 7640G + HD 7700M N HD 7700M Dual,Mobile,,631,1
2907,Radeon HD 7640G + HD 8500M Dual,Mobile,,607,9
2718,Radeon HD 7640G + HD 8500M N HD 8500M Dual,Mobile,,666,2
2889,Radeon HD 7640G + HD 8570M Dual,Mobile,,475,5
3280,Radeon HD 7640G + HD 8670M Dual,Mobile,,677,1
3288,Radeon HD 7640G + HD 8750M Dual,Mobile,,997,7
3246,Radeon HD 7640G + R5 M200 Dual,Unknown,,559,10
3450,Radeon HD 7640G + R5 M230 Dual,Unknown,,239,1
2700,Radeon HD 7640G N HD 7640G + HD 7600M N HD 7600M D,Mobile,,824,8
2735,Radeon HD 7640G N HD 7640G + HD 7670M Dual,Mobile,,680,6
2762,Radeon HD 7640G N HD 7640G + HD 8570M Dual,Mobile,,423,1
314,Radeon HD 7650M,Mobile,,421,229
315,Radeon HD 7660D,Desktop,,514,1708
2448,Radeon HD 7660D + 6570 Dual,Unknown,,1100,2
2249,Radeon HD 7660D + 6670 Dual,Unknown,,1238,18
2266,Radeon HD 7660D + 7470 Dual,Unknown,,466,3
2769,Radeon HD 7660D + 7500 Dual,Unknown,,1121,1
2450,Radeon HD 7660D + 7540D Dual,Unknown,,1204,1
2255,Radeon HD 7660D + 7670 Dual,Unknown,,1062,4
3091,Radeon HD 7660D + HD 6670 Dual,Unknown,,1485,6
2879,Radeon HD 7660D + HD 7000 Dual,Unknown,,634,2
3307,Radeon HD 7660D + HD 7400 Dual,Unknown,,340,1
3335,Radeon HD 7660D + HD 7700 Dual,Unknown,,1958,3
3687,Radeon HD 7660D + R5 235 Dual,Unknown,,524,1
3163,Radeon HD 7660D + R7 240 Dual,Unknown,,942,2
316,Radeon HD 7660G,Unknown,,478,712
2367,Radeon HD 7660G + 7400M Dual,Mobile,,588,2
317,Radeon HD 7660G + 7470M Dual,Mobile,,631,7
4750,A40-24Q,Unknown,,3318,3
2233,Radeon HD 7660G + 7600M Dual,Mobile,,832,55
2335,Radeon HD 7660G + 7610M Dual,Mobile,,746,16
318,Radeon HD 7660G + 7670M Dual,Mobile,,743,96
2409,Radeon HD 7660G + 7700M Dual,Mobile,,757,5
2779,Radeon HD 7660G + 7730M Dual,Mobile,,931,2
2837,Radeon HD 7660G + 8600M Dual,Mobile,,446,3
2839,Radeon HD 7660G + 8670M Dual,Mobile,,588,7
2861,Radeon HD 7660G + HD 7500/7600 7500/7600 Dual,Unknown,,1002,1
3570,Radeon HD 7660G + HD 7500/7600 Dual,Unknown,,760,1
3488,Radeon HD 7660G + HD 7500M/7600M Dual,Mobile,,999,2
2864,Radeon HD 7660G + HD 7600M Dual,Mobile,,568,105
2901,Radeon HD 7660G + HD 7600M N HD 7600M Dual,Mobile,,460,1
2794,Radeon HD 7660G + HD 7670M Dual,Mobile,,707,17
2988,Radeon HD 7660G + HD 7700M Dual,Mobile,,777,12
3433,Radeon HD 7660G + HD 7730M Dual,Mobile,,882,3
2943,Radeon HD 7660G + HD 8500M Dual,Mobile,,758,1
3514,Radeon HD 7660G + HD 8600/8700M Dual,Mobile,,747,1
3507,Radeon HD 7660G + HD 8600M Dual,Mobile,,364,1
3390,Radeon HD 7660G + HD 8670M Dual,Mobile,,711,5
2726,Radeon HD 7660G N HD 7660G + HD 7600M N HD 7600M D,Mobile,,723,7
2795,Radeon HD 7660G N HD 7660G + HD 7670M Dual,Mobile,,705,8
2750,Radeon HD 7660G N HD 7660G + HD 7700M N HD 7700M D,Mobile,,967,2
333,Radeon HD 7670A,Unknown,,1050,5
320,Radeon HD 7670M,Mobile,,491,496
2277,Radeon HD 7670M + 7670M Dual,Mobile,,738,3
2294,Radeon HD 7690M,Mobile,,831,34
3024,Radeon HD 7690M XT,Mobile,,1009,4
2317,Radeon HD 7700-serie,Unknown,,1899,1
3138,Radeon HD 7730,Desktop,1024,1163,246
2995,Radeon HD 7730M,Mobile,,788,134
321,Radeon HD 7750,Desktop,4096,1705,6213
2476,Radeon HD 7750M,Mobile,,1191,3
322,Radeon HD 7770,Desktop,2048,2180,9677
2967,Radeon HD 7800-serie,Unknown,,4029,1
1688,Radeon HD 7850M,Mobile,,1373,8
5945,Eng Sample: 100-000000560-40_Y,Unknown,,5656,2
2308,Radeon HD 7870M,Mobile,,1507,15
326,Radeon HD 7970M,Mobile,,3576,331
2575,Radeon HD 8210,Unknown,,198,614
3713,Radeon HD 8210E,Unknown,,194,1
2653,Radeon HD 8240,Unknown,,246,203
2541,Radeon HD 8250,Unknown,,217,261
2810,Radeon HD 8280,Unknown,,261,103
2799,Radeon HD 8280E,Unknown,,281,24
2512,Radeon HD 8280G,Unknown,,270,5
3279,Radeon HD 8310E,Unknown,,341,1
2627,Radeon HD 8330,Unknown,,278,889
2709,Radeon HD 8330E,Unknown,,262,39
2707,Radeon HD 8350,Desktop,512,163,58
2580,Radeon HD 8350G,Mobile,,267,30
2712,Radeon HD 8370D,Unknown,,312,291
2582,Radeon HD 8400,Unknown,,274,1556
2775,Radeon HD 8400E,Unknown,,276,21
2848,Radeon HD 8410G,Unknown,,435,8
2595,Radeon HD 8450G,Unknown,,335,138
2731,Radeon HD 8450G + 8600/8700M Dual,Mobile,,1070,1
2771,Radeon HD 8450G + 8600M Dual,Mobile,,545,3
2625,Radeon HD 8450G + 8670M Dual,Mobile,,475,2
2667,Radeon HD 8450G + 8750M Dual,Mobile,,637,2
3166,Radeon HD 8450G + HD 8600M Dual,Mobile,,452,2
3685,Radeon HD 8450G + HD 8670M Dual,Mobile,,478,4
3587,Radeon HD 8450G + HD 8750M Dual,Mobile,,504,4
3865,Radeon HD 8450G + R5 M230 Dual,Unknown,,578,1
2645,Radeon HD 8470,Desktop,1024,247,50
2565,Radeon HD 8470D,Unknown,,370,625
2648,Radeon HD 8470D + 6450 Dual,Unknown,,717,3
2844,Radeon HD 8470D + 6570 Dual,Unknown,,838,1
2939,Radeon HD 8470D + HD 6450 Dual,Unknown,,863,1
3776,Radeon HD 8470D + HD 6670 Dual,Unknown,,1436,1
3990,Radeon HD 8470D + HD 7500 Dual,Unknown,,1545,2
2841,Radeon HD 8490,Desktop,1024,264,314
3012,Radeon HD 8500M,Mobile,,452,259
3000,Radeon HD 8500M/8700M,Mobile,,853,24
2615,Radeon HD 8510G,Unknown,,373,295
2577,Radeon HD 8510G + 8500M Dual,Mobile,,596,2
3217,Radeon HD 8510G + HD 8500M Dual,Mobile,,630,1
2828,Radeon HD 8550D,Unknown,,567,6
2583,Radeon HD 8550G,Unknown,,413,399
2621,Barco MXRT 7100,Unknown,,180,1
3495,Radeon HD 8550G + 7600M Dual,Mobile,,901,1
2662,Radeon HD 8550G + 8500M Dual,Mobile,,603,21
2614,Radeon HD 8550G + 8570M Dual,Mobile,,533,24
2637,Radeon HD 8550G + 8600/8700M Dual,Mobile,,803,17
2628,Radeon HD 8550G + 8600M Dual,Mobile,,618,14
2610,Radeon HD 8550G + 8670M Dual,Mobile,,579,16
2743,Radeon HD 8550G + 8690M Dual,Mobile,,664,4
2639,Radeon HD 8550G + 8750M Dual,Mobile,,796,29
3247,Radeon HD 8550G + HD 7600M Dual,Mobile,,548,3
2924,Radeon HD 8550G + HD 8500M Dual,Mobile,,559,1
3451,Radeon HD 8550G + HD 8570M Dual,Mobile,,529,2
3283,Radeon HD 8550G + HD 8600/8700M Dual,Mobile,,655,9
3079,Radeon HD 8550G + HD 8600M Dual,Mobile,,594,22
3455,Radeon HD 8550G + HD 8670M Dual,Mobile,,546,7
3071,Radeon HD 8550G + HD 8750M Dual,Mobile,,819,21
3272,Radeon HD 8550G + R5 M200 Dual,Unknown,,619,14
2996,Radeon HD 8550G + R5 M230 Dual,Unknown,,488,4
3208,Radeon HD 8550G N HD 8550G + HD 8600M N HD 8600M D,Mobile,,612,1
2620,Radeon HD 8570,Desktop,2048,939,487
2722,Radeon HD 8570 + 8670D Dual,Unknown,,620,3
2740,Radeon HD 8570 + HD 7660D Dual,Unknown,,949,1
2553,Radeon HD 8570D,Unknown,,393,1322
2969,Radeon HD 8570D + 6570 Dual,Unknown,,1239,2
2961,Radeon HD 8570D + 6670 Dual,Unknown,,1040,1
2965,Radeon HD 8570D + HD 6570 Dual,Unknown,,868,2
2975,Radeon HD 8570D + HD 6670 Dual,Unknown,,1261,4
3222,Radeon HD 8570D + HD 7000 Dual,Unknown,,753,2
3084,Radeon HD 8570D + HD 7700 Dual,Unknown,,1835,3
3624,Radeon HD 8570D + HD 8470 Dual,Unknown,,338,1
3484,Radeon HD 8570D + HD 8570 Dual,Unknown,,1033,3
3406,Radeon HD 8570D + HD8490 Dual,Unknown,,374,1
3380,Radeon HD 8570D + R5 235 Dual,Unknown,,471,1
2869,Radeon HD 8570D + R7 200 Dual,Unknown,,999,5
3086,Radeon HD 8570D + R7 240 Dual,Unknown,,964,5
3009,Radeon HD 8570M,Mobile,,452,39
2998,Radeon HD 8600/8700M,Mobile,,1030,80
2568,Radeon HD 8610G,Unknown,,396,502
2585,Radeon HD 8610G + 8500M Dual,Mobile,,610,2
2723,Radeon HD 8610G + 8600M Dual,Mobile,,589,10
2778,Radeon HD 8610G + 8670M Dual,Mobile,,600,5
2929,Radeon HD 8610G + HD 8500M Dual,Mobile,,646,4
3075,Radeon HD 8610G + HD 8600M Dual,Mobile,,481,18
2773,Radeon HD 8610G + HD 8670M Dual,Mobile,,578,32
3530,Radeon HD 8610G + R5 M200 Dual,Unknown,,676,4
2882,Radeon HD 8650D,Unknown,,396,10
2530,Radeon HD 8650G,Unknown,,507,848
2721,Radeon HD 8650G + 7600M Dual,Mobile,,742,5
2609,Radeon HD 8650G + 7670M Dual,Mobile,,884,6
2578,Radeon HD 8650G + 7700M Dual,Mobile,,1126,1
2685,Radeon HD 8650G + 8500M Dual,Mobile,,627,13
2711,Radeon HD 8650G + 8570M Dual,Mobile,,654,11
2600,Radeon HD 8650G + 8600/8700M Dual,Mobile,,832,26
2696,Radeon HD 8650G + 8600M Dual,Mobile,,613,24
2630,Radeon HD 8650G + 8670M Dual,Mobile,,635,58
2602,Radeon HD 8650G + 8750M Dual,Mobile,,787,55
3165,Radeon HD 8650G + HD 7600M Dual,Mobile,,820,4
3582,Radeon HD 8650G + HD 7670M Dual,Mobile,,634,2
2955,Radeon HD 8650G + HD 8570M Dual,Mobile,,716,10
2836,Radeon HD 8650G + HD 8600/8700M Dual,Mobile,,764,32
2956,Radeon HD 8650G + HD 8600M Dual,Mobile,,606,42
2760,Radeon HD 8650G + HD 8600M N HD 8600M Dual,Mobile,,758,1
3381,Radeon HD 8650G + HD 8670M Dual,Mobile,,585,23
2876,Radeon HD 8650G + HD 8750M Dual,Mobile,,652,60
3031,Radeon HD 8650G + HD 8790M Dual,Mobile,,800,1
3235,Radeon HD 8650G + R5 M200 Dual,Unknown,,723,4
2895,Radeon HD 8650G + R5 M230 Dual,Unknown,,686,13
2936,Radeon HD 8650G N HD 8650G + HD 8570M Dual,Mobile,,773,4
2758,Radeon HD 8650G N HD 8650G + HD 8600/8700M Dual,Mobile,,796,1
2755,Radeon HD 8650G N HD 8650G + HD 8600M N HD 8600M D,Mobile,,680,2
2543,Radeon HD 8670D,Unknown,,505,1081
2556,Radeon HD 8670D + 6670 Dual,Unknown,,1361,12
3852,Radeon HD 8670D + 7000 Dual,Unknown,,812,1
2572,Radeon HD 8670D + 7700 Dual,Unknown,,1789,6
2831,Radeon HD 8670D + 8570 Dual,Unknown,,974,1
2881,Radeon HD 8670D + HD 6670 Dual,Unknown,,1222,5
3157,Radeon HD 8670D + HD 7000 Dual,Unknown,,719,3
3835,Radeon HD 8670D + HD 7600 Dual,Unknown,,1318,1
3740,Radeon HD 8670D + HD 7700 Dual,Unknown,,1892,1
2984,Radeon HD 8670D + R5 235 Dual,Unknown,,837,5
3704,Radeon HD 8670D + R5 330 Dual,Unknown,,746,1
3093,Radeon HD 8670D + R7 200 Dual,Unknown,,950,10
3003,Radeon HD 8670D + R7 240 Dual,Unknown,,1020,3
2754,Radeon HD 8670D N HD 8670D + HD 8670D Dual,Unknown,,489,1
3002,Radeon HD 8670M,Mobile,,520,20
3026,Radeon HD 8690A,Unknown,,520,1832
3141,Radeon HD 8690M,Mobile,,984,9
3020,Radeon HD 8730M,Mobile,,841,361
2909,Radeon HD 8750M,Mobile,,1071,714
3564,Radeon HD 8770,Unknown,,2607,1
2993,Radeon HD 8790M,Mobile,,1306,70
3271,Radeon HD 8790M / R9 M290X,Mobile,,1211,8
3037,Radeon HD 8850M,Mobile,,973,14
3420,Radeon HD 8850M / R9 M265X,Mobile,,1140,3
2838,Radeon HD 8870M,Mobile,,1638,15
2926,Radeon HD 8870M / R9 M270X / M370X,Mobile,,1800,88
2927,Radeon HD 8950,Desktop,3072,2840,163
2865,Radeon HD 8970M,Mobile,,3876,51
2727,Radeon HD 8990,Desktop,3072,5214,26
3212,Radeon HD HD7850M,Mobile,,1727,2
605,Radeon HD4650,Unknown,,240,1
79,Radeon HD4670,Unknown,,366,1
327,RADEON HD6370D,Unknown,,320,9
328,RADEON HD6410D,Unknown,,423,3
329,RADEON HD6530D,Unknown,,532,2
2790,RADEON HD7450,Unknown,,199,1
3059,Radeon HD8530M,Mobile,,478,4
3023,Radeon HD8970M,Mobile,,3369,16
3277,Radeon HDG 4670,Unknown,,170,1
2618,RADEON IGP 320,Unknown,,4,1
607,Radeon IGP 320M,Mobile,,4,11
1739,Radeon IGP 340M,Mobile,,3,4
1741,RADEON IGP 345M,Mobile,,3,21
1742,RADEON IGP 34xM,Mobile,,2,1
1744,RADEON IGP 350M,Mobile,,6,2
3753,Radeon Infoshock 3000,Unknown,,107,2
4181,Radeon Instinct MI25 MxGPU,Unknown,,3792,10
7375,Radeon Instinct MI60,Desktop,,14923,3
3830,Radeon M535DX,Unknown,,750,1
4441,Radeon Pro,Unknown,,2548,21
3683,Radeon Pro 450,Unknown,,2723,3
4024,Radeon Pro 455,Unknown,,3113,2
3747,Radeon Pro 460,Unknown,,3453,3
4134,Radeon Pro 465,Unknown,,4538,1
4315,Radeon Pro 5300,Unknown,,7079,16
4172,Radeon Pro 5300M,Mobile,,5803,136
4264,Radeon Pro 5500 XT,Unknown,,7872,36
4165,Radeon Pro 5500M,Mobile,,6714,289
3763,Radeon Pro 555,Unknown,,3141,2
3820,Radeon Pro 560,Unknown,,3475,4
4225,Radeon Pro 5600M,Mobile,,9230,44
4021,Radeon Pro 560X,Unknown,,3678,2
4099,Radeon Pro 570,Unknown,,6337,2
4252,Radeon Pro 5700,Desktop,8192,11457,6
4250,Radeon Pro 5700 XT,Desktop,16384,12457,39
6664,DisplayLink USB Device Ryzen 7 Pro 7735U,Desktop,,2678,1
3933,Radeon Pro 580,Unknown,,7753,2
4138,Radeon Pro 580X,Desktop,8192,7540,1
3575,Radeon Pro Duo,Desktop,8192,8462,720
4656,Radeon PRO Ryzen 5 PRO 6650U,Unknown,,4140,7
4658,Radeon PRO Ryzen 7 PRO 6850U,Unknown,,5601,87
3985,Radeon Pro SSG,Unknown,,10972,6
4011,Radeon Pro V340 MxGPU,Unknown,,2853,1
4328,Radeon Pro V520 MxGPU,Unknown,,12258,9
8668,Radeon Pro V620,Desktop,,26519,3
5078,Radeon Pro V620 MxGPU,Desktop,,15633,2
5342,Radeon PRO V710 MxGPU,Desktop,,7298,4
4098,Radeon Pro Vega 16,Unknown,,4809,2
4016,Radeon Pro Vega 20,Unknown,,5219,43
4127,Radeon Pro Vega 48,Unknown,,11270,17
3912,Radeon Pro Vega 56,Desktop,8192,12060,29
3879,Radeon Pro Vega 64,Unknown,,12886,28
4417,Radeon Pro Vega 64X,Unknown,,13369,3
4189,Radeon Pro Vega II,Unknown,,15618,8
4758,Radeon Pro Vega II Duo,Unknown,,13690,3
4306,Radeon Pro VII,Unknown,,13625,73
4192,Radeon Pro W5500,Desktop,8192,8956,301
4180,Radeon Pro W5500M,Mobile,,3470,4
4909,Radeon Pro W5500X,Unknown,8192,7351,2
4182,Radeon Pro W5700,Desktop,8192,14127,401
4641,Radeon Pro W5700X,Unknown,,15179,7
4831,Radeon PRO W6300,"Mobile, Workstation",2048,5560,8
4530,Radeon PRO W6400,Unknown,,8385,170
4445,Radeon PRO W6600,Unknown,,14958,187
4995,Radeon PRO W6600M,Mobile,,11998,15
4609,Radeon PRO W6600X,Unknown,,13113,2
4411,Radeon PRO W6800,Unknown,,20173,137
7802,Radeon Pro W6800X,Desktop,,16619,4
5209,Radeon Pro W6800X Duo,Desktop,,14742,2
6001,Radeon Pro W6900X,Desktop,,17413,1
4890,Radeon PRO W7500,Workstation,8192,13220,114
4889,Radeon PRO W7600,Unknown,,16428,88
4968,Radeon PRO W7700,Unknown,,22868,85
4836,Radeon PRO W7800,Unknown,,27300,39
4833,Radeon PRO W7900,Unknown,,27793,83
6835,Radeon PRO W7900 Dual Slot,Desktop,,13182,1
3794,Radeon Pro WX 2100,Mobile,,1892,275
3783,Radeon Pro WX 3100,Workstation,4096,2623,417
4065,Radeon Pro WX 3200,Mobile,,2235,55
3694,Radeon Pro WX 4100,Workstation,4096,3693,270
3798,Radeon Pro WX 4130,Mobile,,1909,46
3787,Radeon Pro WX 4150,Mobile,,2556,73
4169,Radeon Pro WX 4170,Mobile,,2870,4
3619,Radeon Pro WX 5100,Workstation,8096,5489,416
3611,Radeon Pro WX 7100,Workstation,8192,7705,450
4129,Radeon Pro WX 7130,Mobile,,6271,16
3976,Radeon Pro WX 8200,Desktop,8192,12474,110
3833,Radeon Pro WX 9100,Desktop,16384,11720,125
4019,Radeon Pro WX Vega M GL,Mobile,,4618,12
2915,Radeon R2,Unknown,,257,1181
2900,Radeon R2E,Unknown,,211,15
2914,Radeon R3,Unknown,,317,915
3118,Radeon R3E,Unknown,,225,9
2902,Radeon R4,Unknown,,350,2292
3846,Radeon R4E,Unknown,,487,1
3123,Radeon R5 220,Desktop,1024,150,2913
3885,Radeon R5 230,Unknown,,202,7
2826,Radeon R5 235,Desktop,1024,336,70
2871,Radeon R5 235 + HD 7560D Dual,Unknown,,744,4
3269,Radeon R5 235 + HD 8570D Dual,Unknown,,738,1
3080,Radeon R5 235X,Desktop,1024,277,11
2948,Radeon R5 240,Desktop,2048,561,442
3270,Radeon R5 330,Desktop,2048,526,17
3590,Radeon R5 340,Unknown,,857,19
3837,Radeon R5 420,Unknown,,575,5
3801,Radeon R5 430,Unknown,,882,416
3601,Radeon R5 435,Unknown,,773,6
3616,Radeon R5 A10-9600P 4C+6G,Unknown,,619,329
4291,"Radeon R5 A10-9600P RADEON R5, 10 COMPUTE CORES 4C",Unknown,,703,112
3793,Radeon R5 A10-9620P 4C+6G,Unknown,,732,98
4294,"Radeon R5 A10-9620P RADEON R5, 10 COMPUTE CORES 4C",Unknown,,650,62
3785,Radeon R5 A10-9630P 4C+6G,Unknown,,977,13
4475,"Radeon R5 A10-9630P RADEON R5, 10 COMPUTE CORES 4C",Unknown,,840,9
4075,Radeon R5 A6-7480,Unknown,,678,69
3984,Radeon R5 A6-8500P,Unknown,,587,6
4183,"Radeon R5 A6-9400 RADEON R5, 6 COMPUTE CORES 2C+4G",Unknown,,605,4
3834,Radeon R5 A6-9500 2C+6G,Unknown,,853,24
4317,"Radeon R5 A6-9500 RADEON R5, 8 COMPUTE CORES 2C+6G",Unknown,,915,26
3997,Radeon R5 A6-9500E 2C+4G,Unknown,,1015,1
4635,"Radeon R5 A6-9500E RADEON R5, 6 COMPUTE CORES 2C+4",Unknown,,721,6
3025,Radeon R5 M230,Mobile,,431,128
3060,Radeon R5 M240,Unknown,,488,25
3041,Radeon R5 M255,Mobile,,541,166
3487,Radeon R5 M315,Unknown,,502,24
3313,Radeon R5 M320,Unknown,,477,46
3207,Radeon R5 M330,Mobile,,596,133
5665,A40-2Q,Desktop,,1503,2
3332,Radeon R5 M335,Mobile,,549,33
3585,Radeon R5 M420,Unknown,,501,64
3552,Radeon R5 M430,Unknown,,649,49
3956,Radeon R5 M435,Unknown,,870,79
3804,Radeon R5 Opteron X3216,Unknown,,416,14
3646,Radeon R5 PRO A10-8730B 4C+6G,Unknown,,695,23
4305,"Radeon R5 PRO A10-8730B R5, 10 COMPUTE CORES 4C+6G",Unknown,,591,39
3722,Radeon R5 PRO A6-8500B 2C+4G,Unknown,,508,1
4645,"Radeon R5 PRO A6-8500B R5, 6 Compute Cores 2C+4G",Unknown,,511,4
3666,Radeon R5 PRO A6-8530B 2C+4G,Unknown,,690,3
4959,"Radeon R5 PRO A6-8530B R5, 6 COMPUTE CORES 2C+4G",Unknown,,465,5
4377,"Radeon R5 PRO A6-8570 R5, 8 COMPUTE CORES 2C+6G",Unknown,,988,19
3649,Radeon R5 PRO A6-8570E 2C+4G,Unknown,,638,3
4339,"Radeon R5 PRO A6-8570E R5, 6 COMPUTE CORES 2C+4G",Unknown,,643,13
8894,"Radeon R5 PRO A6-8580 R5, 8 COMPUTE CORES 2C+6G",Desktop,,661,1
3668,Radeon R5 PRO A6-9500 2C+6G,Unknown,,1096,9
3715,Radeon R5 PRO A6-9500B 2C+4G,Unknown,,693,2
4326,"Radeon R5 PRO A6-9500B R5, 6 COMPUTE CORES 2C+4G",Unknown,,413,17
3669,Radeon R5 PRO A6-9500E 2C+4G,Unknown,,771,8
3660,Radeon R5 PRO A8-9600B 4C+6G,Unknown,,659,48
4346,"Radeon R5 PRO A8-9600B R5, 10 COMPUTE CORES 4C+6G",Unknown,,569,13
2904,Radeon R5E,Unknown,,320,62
2899,Radeon R6,"Desktop, Mobile",0,606,1352
3156,Radeon R6 + R7 M265DX Dual,Unknown,,571,2
3615,Radeon R6 A10-8700P,Unknown,,540,324
4020,Radeon R6 A10-9600P 4C+6G,Unknown,,970,1
3689,Radeon R6 A8-8600P,Unknown,,475,7
3134,Radeon R6 M255DX,Unknown,,605,11
4067,Radeon R6 Opteron X3418,Unknown,,955,3
3626,Radeon R6 PRO A10-8700B 4C+6G,Unknown,,538,53
4280,"Radeon R6 PRO A10-8700B R6, 10 Compute Cores 4C+6G",Unknown,,546,47
3635,Radeon R6 PRO A8-8600B 4C+6G,Unknown,,532,46
4303,"Radeon R6 PRO A8-8600B R6, 10 Compute Cores 4C+6G",Unknown,,574,30
3073,Radeon R7 + HD 7700 Dual,Unknown,,1962,6
3443,Radeon R7 + R5 330 Dual,Unknown,,1028,4
3756,Radeon R7 + R5 340 Dual,Unknown,,1235,1
3702,Radeon R7 + R5 435 Dual A10-9700 RADEON,Unknown,,886,5
3725,Radeon R7 + R5 Dual,Unknown,,898,1
9149,Radeon R7 + R5 M435 Dual A8-9600 RADEON,Desktop,,550,1
3056,Radeon R7 + R7 200 Dual,Unknown,,1077,128
3200,Radeon R7 + R7 240 Dual,Unknown,,1045,9
3526,Radeon R7 + R7 250 Dual,Unknown,,1232,1
7389,DameWare Development Mirror Driver 64-bit Ryzen 3 ,Desktop,,2401,1
3618,Radeon R7 + R7 350 Dual,Unknown,,1982,2
3603,Radeon R7 +8G,Unknown,,1191,1
2949,Radeon R7 240 + HD 8570D Dual,Unknown,,918,3
2814,Radeon R7 240 + HD 8670D Dual,Unknown,,930,4
3286,Radeon R7 250X,Desktop,2048,2269,2
2701,Radeon R7 260X,Desktop,2048,3202,5198
3543,Radeon R7 340,Unknown,,953,20
3751,Radeon R7 430,Unknown,,1083,287
3588,Radeon R7 450,Desktop,2048,1876,274
4054,Radeon R7 7850A10-7850K,Unknown,,551,1
3617,Radeon R7 A10 Extreme Edition,Unknown,,773,19
3013,Radeon R7 A10 PRO-7800B,Unknown,,723,60
3032,Radeon R7 A10 PRO-7850B,Unknown,,822,16
3052,Radeon R7 A10-7700K,Unknown,,772,324
3029,Radeon R7 A10-7800,Unknown,,742,409
2972,Radeon R7 A10-7850K,Desktop,16384,917,783
3447,Radeon R7 A10-7860K,Unknown,,869,313
3220,Radeon R7 A10-7870K,Unknown,,1054,474
3468,Radeon R7 A10-7890K,Unknown,,988,168
3316,Radeon R7 A10-8750,Unknown,,856,59
8589,Radeon R7 A10-8780P,Desktop,,589,1
3504,Radeon R7 A10-8850,Unknown,,773,5
3711,Radeon R7 A10-9700 RADEON,Unknown,,899,213
3877,Radeon R7 A10-9700E RADEON,Unknown,,887,14
3614,Radeon R7 A12-9700P RADEON,Unknown,,688,237
3781,Radeon R7 A12-9720P RADEON,Unknown,,736,458
3777,Radeon R7 A12-9730P RADEON,Unknown,,976,16
3680,Radeon R7 A12-9800 RADEON,Unknown,,1072,89
3816,Radeon R7 A12-9800E RADEON,Unknown,,943,23
3069,Radeon R7 A265,Unknown,,977,6
3248,Radeon R7 A360,Unknown,,616,8
3438,Radeon R7 A365,Unknown,,781,1
3482,Radeon R7 A370,Unknown,,1281,2
3048,Radeon R7 A8 PRO-7600B,Unknown,,634,124
3681,Radeon R7 A8-7500,Unknown,,811,8
3745,Radeon R7 A8-7500 4C+6G,Unknown,,853,3
3007,Radeon R7 A8-7600,Unknown,,763,1070
3159,Radeon R7 A8-7650K,Unknown,,748,329
3302,Radeon R7 A8-7670K,Unknown,,850,73
4060,Radeon R7 A8-7680,Unknown,,784,79
4830,Radeon R7 A8-7690K,Unknown,,1141,1
4888,Radeon R7 A8-7A8-7600,Unknown,,583,1
3410,Radeon R7 A8-8650,Unknown,,719,53
3733,Radeon R7 A8-9600 RADEON,Unknown,,867,233
3631,Radeon R7 FX-8800P,Unknown,,826,134
3623,Radeon R7 FX-9800P RADEON,Unknown,,763,112
3632,Radeon R7 FX-9830P RADEON,Unknown,,1328,104
3254,Radeon R7 G,Unknown,,870,1
3030,Radeon R7 M260,Mobile,,535,462
3042,Radeon R7 M260DX,Unknown,,817,11
3149,Radeon R7 M260X,Mobile,,1015,76
2994,Radeon R7 M265,Mobile,,572,115
3057,Radeon R7 M265DX,Unknown,,499,3
3074,Radeon R7 M270,Unknown,,785,40
3174,Radeon R7 M270DX,Unknown,,962,1
3376,Radeon R7 M340,Mobile,,644,434
3567,Radeon R7 M350,Unknown,,1081,43
3228,Radeon R7 M360,Mobile,,592,382
3493,Radeon R7 M365X,Unknown,,848,40
3620,Radeon R7 M380,Unknown,,1669,2
3562,Radeon R7 M440,Unknown,,905,431
3598,Radeon R7 M445,Unknown,,938,117
3551,Radeon R7 M460,Unknown,,1076,192
3823,Radeon R7 Opteron X3421,Unknown,,1104,18
3362,Radeon R7 PRO A10-8750B,Unknown,,771,35
3664,Radeon R7 PRO A10-8770,Unknown,,897,42
3665,Radeon R7 PRO A10-8770E,Unknown,,790,83
3529,Radeon R7 PRO A10-8850B,Unknown,,945,23
3678,Radeon R7 PRO A10-9700,Unknown,,818,45
3882,Radeon R7 PRO A10-9700B,Unknown,,629,28
3679,Radeon R7 PRO A10-9700E,Unknown,,924,68
3622,Radeon R7 PRO A12-8800B,Unknown,,599,26
3819,Radeon R7 PRO A12-8830B,Unknown,,580,35
3657,Radeon R7 PRO A12-8870,Unknown,,974,31
3627,Radeon R7 PRO A12-8870E,Unknown,,889,30
3662,Radeon R7 PRO A12-9800,Unknown,,940,24
3645,Radeon R7 PRO A12-9800B,Unknown,,683,63
3663,Radeon R7 PRO A12-9800E,Unknown,,920,38
4072,Radeon R7 PRO A6-9500 2C+6G,Unknown,,781,6
4739,"Radeon R7 PRO A6-9500 R5, 8 COMPUTE CORES 2C+6G",Unknown,,1293,1
3382,Radeon R7 PRO A8-8650B,Unknown,,732,97
3806,Radeon R7 PRO A8-8670E,Unknown,,978,3
3613,Radeon R7 PRO A8-9600,Unknown,,851,33
3238,Radeon R8 M365DX,Unknown,,680,8
3516,Radeon R8 M445DX,Unknown,,797,30
3814,Radeon R8 M535DX,Unknown,,670,9
2888,Radeon R9 255,Desktop,2048,1391,109
3496,Radeon R9 260,Unknown,,3048,7
2474,Barco MXRT 7400,Unknown,,901,1
5946,Eng Sample: 100-000000561-40_Y,Unknown,,4206,2
2702,Radeon R9 270X,Desktop,4096,4871,11008
3466,Radeon R9 280X,Desktop,3072,6069,5520
4263,Radeon R9 290X,Unknown,,8436,496
2697,Radeon R9 290X / 390X,Desktop,4096,8380,4606
2878,Radeon R9 295X2,Desktop,8192,8816,546
3589,Radeon R9 350,Desktop,2048,2008,73
3469,Radeon R9 370,Desktop,4096,4722,3
3266,Radeon R9 380X,Desktop,4096,6125,1207
3467,Radeon R9 390X,Desktop,8192,9185,1394
3256,Radeon R9 Fury,Unknown,,9529,455
3245,Radeon R9 Fury + Fury X,Desktop,4096,9741,705
3634,Radeon R9 Fury X,Unknown,,9383,204
2999,Radeon R9 M265X,Mobile,,1186,190
3085,Radeon R9 M270X,Mobile,,1204,18
3010,Radeon R9 M275,Mobile,,1115,18
4329,Radeon R9 M275X,Unknown,,1525,16
3035,Radeon R9 M275X / M375,Mobile,,1575,57
3096,Radeon R9 M280X,Mobile,,814,5
2918,Radeon R9 M290X,Mobile,,3200,118
2985,Radeon R9 M295X,Mobile,,5150,28
3479,Radeon R9 M360,Unknown,,1807,237
3463,Radeon R9 M365X,Mobile,,1482,1
3299,Radeon R9 M370X,Mobile,,1578,420
3263,Radeon R9 M375,Mobile,,999,98
3337,Radeon R9 M375X,Mobile,,1759,77
3339,Radeon R9 M380,Mobile,,2759,44
3383,Radeon R9 M385,Mobile,,2061,7
3378,Radeon R9 M385X,Mobile,,1994,9
3405,Radeon R9 M390X,Mobile,,3918,30
3346,Radeon R9 M395,Mobile,,4897,54
3340,Radeon R9 M395X,Mobile,,5097,71
3606,Radeon R9 M470,Mobile,,2331,7
4851,A40-3Q,Unknown,,5842,1
3574,Radeon R9 M470X,Mobile,,3176,12
3726,Radeon R9 M485X,Unknown,,3801,4
8251,Radeon Renoir D1 Ryzen 5 5500U,Desktop,,2731,1
4325,Radeon RX 5300M,Mobile,,5397,31
4069,Radeon RX 550X,Desktop,4096,2344,271
4217,Radeon RX 5600M,Mobile,,8797,174
3955,Radeon RX 560X,Desktop,4096,3494,43
6073,Radeon RX 5700m 8GB 256 bit Ryzen 5 5600U,Desktop,,1599,1
4179,Radeon RX 570X,Desktop,8192,1923,1
4049,Radeon RX 580 2048SP,Desktop,16384,7616,6871
4055,Radeon RX 580X,Desktop,8192,7427,25
4939,Radeon RX 6300,Unknown,,5380,130
5214,Radeon RX 6300M,Mobile,,5244,8
4168,Radeon RX 640,"Desktop, Mobile",4096,2250,309
7803,Radeon RX 6450M,Mobile,,6601,2
4843,Radeon RX 6500,Unknown,,7734,109
4599,Radeon RX 6500M,Mobile,,7291,379
4941,Radeon RX 6550M,Mobile,,9675,294
5228,Radeon RX 6600 LE,Unknown,,14043,49
4449,Radeon RX 6600M,Mobile,,13817,1001
4755,Radeon RX 6600S,Mobile,,13569,11
3353,Barco MXRT 7500,Unknown,,3753,5
4557,Radeon RX 6650M,Mobile,,15192,146
5157,Radeon RX 6650M XT,Mobile,,16081,3
8059,Radeon RX 670,Desktop,,3040,3
4458,Radeon RX 6700M,Mobile,,13622,197
4510,Radeon RX 6700S,Mobile,,15016,488
5041,Radeon RX 6750 GRE 10GB,Unknown,,18950,39
4990,Radeon RX 6750 GRE 12GB,Unknown,,20155,26
4415,Radeon RX 6800M,Mobile,,13282,687
4542,Radeon RX 6800S,Mobile,,15731,215
4511,Radeon RX 6850M,Mobile,,12274,3
4574,Radeon RX 6850M XT,Mobile,,17363,84
5658,Radeon RX 7400,Desktop,8192,11797,10
5457,Radeon RX 7500,Desktop,,1873,1
4964,Radeon RX 7600M,Mobile,,10999,12
4844,Radeon RX 7600M XT,Mobile,,14475,402
4835,Radeon RX 7600S,Mobile,,15533,224
6308,Radeon RX 7650 GRE,Desktop,8192,17916,23
7650,Radeon RX 7700,Desktop,16384,20918,23
4887,Radeon RX 7700S,Unknown,,15498,376
4992,Radeon RX 780,Unknown,,7658,4
5646,Radeon RX 7800M,Mobile,,17567,53
4946,Radeon RX 7900M,Mobile,,22121,55
7294,Radeon RX 9060,Desktop,8192,17635,87
6575,Radeon RX 9060 XT 8GB,Desktop,8192,19753,958
4948,Radeon RX Vega - Renoir Ryzen 3 5300U,Unknown,,2312,2
4066,Radeon RX Vega 10,Unknown,,1628,1207
7168,Radeon RX Vega 10 Athlon 300U,Desktop,,506,1
4854,Radeon RX Vega 10 Ryzen 5 3500U,Unknown,,1778,1
5869,Radeon RX Vega 10 Ryzen 7 3700C,Desktop,,1166,2
4669,Radeon RX Vega 10 Ryzen 7 3700U,Unknown,,1469,696
4672,Radeon RX Vega 10 Ryzen 7 3750H,Unknown,,1824,174
3893,Radeon RX Vega 11,Desktop,0,2089,4478
4131,Radeon RX Vega 11 PRD,Unknown,,2402,1
4338,Radeon RX Vega 11 Processor,Unknown,,1789,71
4745,Radeon RX Vega 11 Ryzen 5 3350G,Unknown,,1887,32
6103,Radeon RX Vega 11 Ryzen 5 3350GE,Desktop,,2480,1
4671,Radeon RX Vega 11 Ryzen 5 3400G,Unknown,,2114,1218
4943,Radeon RX Vega 11 Ryzen 7 3700U,Unknown,,2602,1
4749,Radeon RX Vega 11 Ryzen 7 3750H,Unknown,,1856,1
4559,Radeon RX Vega 6,Unknown,,1492,2
4894,Radeon RX Vega 6 Ryzen 3 3200U,Unknown,,906,2
4012,Radeon RX Vega 8,Unknown,,1514,31
3915,Radeon RX Vega M GH,Unknown,,6557,415
3903,Radeon RX Vega M GL,Unknown,,3936,335
4970,Radeon RX Vega Ryzen 3 5300U,Unknown,,2330,4
4908,Radeon RX Vega Ryzen 5 5500U,Unknown,,2320,6
6166,Radeon RX Vega Ryzen 5 5600GT,Desktop,,9558,2
6028,Radeon RX Vega Ryzen 7 5825U,Desktop,,2916,2
4157,Radeon RX Vega11,Unknown,,1605,17
4965,Radeon RX Vega11 Ryzen 7 3750H,Unknown,,1607,6
4730,Radeon RX Vega11 Ryzen 7 Microsoft Surface Edition,Unknown,,1503,21
4290,Radeon RX590 GME,Desktop,8192,8283,616
8896,Radeon Ryzen 3 3100U,Desktop,,722,1
6717,Radeon Ryzen 3 3200U,Desktop,,816,5
4688,Radeon Ryzen 3 3250U,Unknown,,782,519
7742,Radeon Ryzen 3 3300U,Desktop,,1077,9
7998,Radeon Ryzen 3 3500U,Desktop,,803,2
4654,Radeon Ryzen 3 5300U,Unknown,,1480,842
4698,Radeon Ryzen 3 5425U,Unknown,,1525,227
4816,Radeon Ryzen 3 7330U,Unknown,,1469,393
5079,Radeon Ryzen 3 7335U,Desktop,,2160,86
4811,Radeon Ryzen 3 PRO 4355GE,Unknown,,1622,6
7479,Radeon Ryzen 3 PRO 5355G,Desktop,,2544,2
5763,Radeon Ryzen 3 PRO 5355GE,Desktop,,1952,2
4517,Radeon Ryzen 3 PRO 5450U,Unknown,,1539,128
5010,Radeon Ryzen 3 PRO 5475U,Unknown,,1792,10
4779,Radeon Ryzen 3 PRO 7330U,Unknown,,1883,32
5030,Radeon Ryzen 3 PRO 7335U,Unknown,,1983,25
7363,Radeon Ryzen 5 150,Desktop,,3282,13
4686,Radeon Ryzen 5 3450U,Unknown,,1105,113
5273,Radeon Ryzen 5 3550H,Desktop,,1257,112
4814,Radeon Ryzen 5 4400G,Unknown,,2296,1
4494,Radeon Ryzen 5 4600GE with Radeon Graphics,Unknown,,2217,13
4994,Radeon Ryzen 5 5500GT,Unknown,,2375,513
4951,Radeon Ryzen 5 5500H,Unknown,,2049,5
4660,Radeon Ryzen 5 5500U,Unknown,,1998,3286
4555,Radeon Ryzen 5 5560U,Unknown,,2030,333
4744,Radeon Ryzen 5 5600GE,Unknown,,2314,76
4989,Radeon Ryzen 5 5600GT,Unknown,,2366,1372
4459,Radeon Ryzen 5 5600H,Unknown,,2370,664
4666,Radeon Ryzen 5 5625U,Unknown,,1988,1757
4674,Radeon Ryzen 5 6600H,Unknown,,3513,699
4681,Radeon Ryzen 5 6600HS Creator Edition,Unknown,,3791,90
4675,Radeon Ryzen 5 6600U,Unknown,,3228,78
7103,Radeon Ryzen 5 7400 6-Core,Desktop,,1526,5
5051,Radeon Ryzen 5 7430U,Desktop,,2149,2189
7647,Radeon Ryzen 5 7500X3D 6-Core,Desktop,,1377,12
4728,Radeon Ryzen 5 7530U,Unknown,,2141,1680
6178,Radeon Ryzen 5 7533HS,Desktop,,3321,13
4808,Radeon Ryzen 5 7535HS,Unknown,,3261,288
4837,Radeon Ryzen 5 7535U,Unknown,,3123,487
4714,Radeon Ryzen 5 7600 6-Core,Unknown,,1667,603
4647,Radeon Ryzen 5 7600X 6-Core,Unknown,,1594,481
5167,Radeon Ryzen 5 7600X3D 6-Core,Desktop,,1643,14
4382,Radeon Ryzen 5 Microsoft Surface Edition,Unknown,,2023,179
5657,Radeon Ryzen 5 PRO 4400G,Desktop,,2273,4
4862,Radeon Ryzen 5 PRO 4500U,Unknown,,2078,1
4815,Radeon Ryzen 5 PRO 4655G,Unknown,,2280,43
4904,Radeon Ryzen 5 PRO 4655GE,Unknown,,2132,17
4485,Radeon Ryzen 5 PRO 5650G,Unknown,,2298,172
4463,Radeon Ryzen 5 PRO 5650GE,Unknown,,2221,189
5208,Radeon Ryzen 5 PRO 5655G,Desktop,,2117,65
5175,Radeon Ryzen 5 PRO 5655GE,Desktop,,1740,35
4743,Radeon Ryzen 5 PRO 5675U,Unknown,,1839,317
4858,Radeon Ryzen 5 PRO 6650H,Unknown,,3942,43
4677,Radeon Ryzen 5 PRO 6650U,Unknown,,3431,218
7104,Radeon Ryzen 5 PRO 7445 6-Core,Desktop,,1592,16
4978,Radeon Ryzen 5 Pro 7535U,Unknown,,2779,326
4824,Radeon Ryzen 5 PRO 7645 6-Core,Unknown,,1607,158
8107,Radeon Ryzen 7 170,Desktop,,4129,31
4670,Radeon Ryzen 7 3700U,Unknown,,1125,13
4357,Radeon Ryzen 7 4700G,Unknown,,2493,78
4387,Radeon Ryzen 7 4700GE,Unknown,,2586,13
4349,Radeon Ryzen 7 4700U,Unknown,,2040,1355
4348,Radeon Ryzen 7 4800H,Unknown,,3131,372
4362,Radeon Ryzen 7 4800HS,Unknown,,2995,52
4751,A40-48Q,Unknown,,10436,2
4356,Radeon Ryzen 7 4800U,Unknown,,2296,351
4515,Radeon Ryzen 7 4850U Mobile,Unknown,,2138,1
4650,Radeon Ryzen 7 5700U,Unknown,,2195,3189
4452,Radeon Ryzen 7 5800H,Unknown,,2859,1222
4462,Radeon Ryzen 7 5800HS,Unknown,,2541,162
4478,Radeon Ryzen 7 5800HS Creator Edition,Unknown,,2271,1
4464,Radeon Ryzen 7 5800U,Unknown,,2371,689
4668,Radeon Ryzen 7 5825U,Unknown,,2407,2372
4657,Radeon Ryzen 7 6800H,Unknown,,4859,762
4661,Radeon Ryzen 7 6800HS,Unknown,,6159,25
4697,Radeon Ryzen 7 6800HS Creator Edition,Unknown,,5336,40
5210,Radeon Ryzen 7 6810U,Desktop,,5937,2
4717,Radeon Ryzen 7 7700 8-Core,Unknown,,1631,427
4651,Radeon Ryzen 7 7700X 8-Core,Unknown,,1908,304
4771,Radeon Ryzen 7 7730U,Unknown,,2240,2381
4764,Radeon Ryzen 7 7735H,Unknown,,5297,22
4692,Radeon Ryzen 7 7735HS,Unknown,,4804,1422
4803,Radeon Ryzen 7 7735U,Unknown,,4552,475
4722,Radeon Ryzen 7 7736U,Unknown,,5826,9
4813,Radeon Ryzen 7 7745HX,Unknown,,1614,1
4790,Radeon Ryzen 7 7800X3D 8-Core,Unknown,,1817,443
4386,Radeon Ryzen 7 Microsoft Surface Edition,Unknown,,2229,129
6590,Radeon Ryzen 7 PRO 4700G,Desktop,,2148,1
4347,Radeon Ryzen 7 PRO 4750G,Unknown,,2544,268
4371,Radeon Ryzen 7 PRO 4750GE,Unknown,,2393,80
4354,Radeon Ryzen 7 PRO 4750U,Unknown,,1962,822
6854,Radeon Ryzen 7 PRO 5755G,Desktop,,2886,5
5816,Radeon Ryzen 7 PRO 5755GE,Desktop,,2120,5
5569,Radeon Ryzen 7 PRO 5800H,Desktop,,2945,2
4725,Radeon Ryzen 7 PRO 5875U,Unknown,,2178,100
4685,Radeon Ryzen 7 PRO 6850H,Unknown,,5519,238
4691,Radeon Ryzen 7 PRO 6850HS,Unknown,,5057,20
4662,Radeon Ryzen 7 PRO 6850U,Unknown,,5003,376
4708,Radeon Ryzen 7 PRO 6860Z,Unknown,,4536,23
4778,Radeon Ryzen 7 PRO 7730U,Unknown,,2226,117
4977,Radeon Ryzen 7 Pro 7735U,Unknown,,3889,150
4825,Radeon Ryzen 7 PRO 7745 8-Core,Unknown,,1661,164
4361,Radeon Ryzen 9 4900H,Unknown,,2554,101
6301,Radeon Ryzen 9 4950U Mobile,Mobile,,2594,2
4486,Radeon Ryzen 9 5900H,Unknown,,1727,7
4472,Radeon Ryzen 9 5980HS,Unknown,,2749,1
4680,Radeon Ryzen 9 6900HS,Unknown,,6726,38
4682,Radeon Ryzen 9 6900HS Creator Edition,Unknown,,4595,3
4716,Radeon Ryzen 9 7900 12-Core,Unknown,,1849,285
4659,Radeon Ryzen 9 7900X 12-Core,Unknown,,2125,309
4762,Radeon Ryzen 9 7900X3D 12-Core,Unknown,,1764,32
4652,Radeon Ryzen 9 7950X 16-Core,Unknown,,2967,304
4761,Radeon Ryzen 9 7950X3D 16-Core,Unknown,,1638,119
4704,Radeon Ryzen 9 PRO 6950H,Unknown,,5617,104
4729,Radeon Ryzen 9 PRO 6950HS,Unknown,,4463,19
4826,Radeon Ryzen 9 PRO 7945 12-Core,Unknown,,1597,25
6390,Radeon Ryzen Embedded R2312,Desktop,,631,17
4969,Radeon Ryzen Embedded R2314,Unknown,,1253,43
4901,Radeon Ryzen Embedded R2514,Unknown,,1245,28
4907,Radeon Ryzen Embedded R2544,Unknown,,1516,16
4544,Radeon Ryzen Embedded V2516,Unknown,,1715,6
5059,Radeon Ryzen Embedded V2546,Desktop,,1435,4
4375,Radeon Ryzen Embedded V2718,Unknown,,1935,13
4389,Radeon Ryzen Embedded V2748,Unknown,,1897,16
5988,Radeon Ryzen Z2 Go,Desktop,,4725,14
4071,Radeon Sky 500,Unknown,,4723,12
3473,Radeon TM R9 A360,Unknown,,2060,5
8104,Radeon V520 MxGPU,Desktop,,10474,1
1751,Radeon VE,Unknown,,2,1
4074,Radeon Vega 10,Unknown,,1479,312
3857,Radeon Vega 10 Mobile,Unknown,,1535,439
4136,Radeon Vega 11,Unknown,,1868,803
4770,Radeon Vega 11 Ryzen 5 PRO 3350G,Unknown,,2216,25
4774,Radeon Vega 11 Ryzen 5 PRO 3350GE,Unknown,,1811,2
4724,Radeon Vega 11 Ryzen 5 PRO 3400G,Unknown,,1985,211
4260,Radeon Vega 2,Unknown,,525,12
4828,Radeon Vega 2 Athlon Silver 3050U,Unknown,,512,13
3926,Radeon Vega 3,Unknown,,891,3039
4690,Radeon Vega 3 3020e,Unknown,,689,72
4700,Radeon Vega 3 Athlon 3000G,Unknown,,961,238
4664,Radeon Vega 3 Athlon 300GE,Unknown,,950,8
4734,Radeon Vega 3 Athlon 300U,Unknown,,783,44
4812,Radeon Vega 3 Athlon 320GE,Unknown,,733,12
7535,Radeon Vega 3 Athlon Gold 3150C,Desktop,,366,1
4853,Radeon Vega 3 Athlon Gold 3150G,Unknown,,1089,3
4694,Radeon Vega 3 Athlon Gold 3150U,Unknown,,684,20
5680,Radeon Vega 3 Athlon Gold PRO 3150G,Desktop,,837,1
4710,Radeon Vega 3 Athlon Gold PRO 3150GE,Unknown,,920,1
4701,Radeon Vega 3 Athlon Silver 3050e,Unknown,,498,27
4707,Radeon Vega 3 Athlon Silver 3050U,Unknown,,744,16
3871,Radeon Vega 3 Mobile,Unknown,,1053,49
7288,Radeon Vega 3 Mobile Ryzen 5 3500U,Desktop,,1764,1
4693,Radeon Vega 3 Ryzen 3 3200U,Unknown,,842,472
4696,Radeon Vega 3 Ryzen 3 3250U,Unknown,,681,308
4777,Radeon Vega 3 Ryzen Embedded R1305G,Unknown,,587,10
4687,Radeon Vega 3 Ryzen Embedded R1505G,Unknown,,729,70
7030,A40-4Q,Desktop,,3712,7
5192,Radeon Vega 3 Ryzen Embedded R1606G,Desktop,,951,9
3937,Radeon Vega 6,Unknown,,1317,493
4746,Radeon Vega 6 Ryzen 3 3300U,Unknown,,1335,79
4678,Radeon Vega 6 Ryzen 3 3350U,Unknown,,1398,35
3895,Radeon Vega 8,"Desktop, Mobile",0,1563,9956
3845,Radeon Vega 8 Mobile,Unknown,,1443,520
6207,Radeon Vega 8 Mobile Ryzen 5 3500U,Mobile,,2006,1
4673,Radeon Vega 8 Ryzen 3 3200G,Unknown,,1689,1438
4793,Radeon Vega 8 Ryzen 3 3200GE,Unknown,,1916,14
4753,Radeon Vega 8 Ryzen 3 PRO 3200G,Unknown,,1461,129
4709,Radeon Vega 8 Ryzen 5 3450U,Unknown,,1295,125
6106,Radeon Vega 8 Ryzen 5 3500C,Desktop,,1410,1
4667,Radeon Vega 8 Ryzen 5 3500U,Unknown,,1355,2305
8801,Radeon Vega 8 Ryzen 5 3501U,Desktop,,1647,3
4663,Radeon Vega 8 Ryzen 5 3550H,Unknown,,1841,110
7043,Radeon Vega 8 Ryzen 5 3580U,Desktop,,1621,2
4156,Radeon Vega 9,Unknown,,1588,57
4805,Radeon Vega 9 Ryzen 5 3550H,Unknown,,1572,11
4742,Radeon Vega 9 Ryzen 5 Microsoft Surface Edition,Unknown,,1546,37
3775,Radeon Vega Frontier Edition,Desktop,16384,12656,188
4050,Radeon VII,Desktop,16384,16227,873
5048,Radeon with 3 5300U Ryzen 3 5300U,Unknown,,1266,1
610,Radeon X1200,Unknown,,33,77
611,Radeon X1250,Unknown,,37,108
612,Radeon X1270,Unknown,,31,63
1753,Radeon X1600,Unknown,,49,5
2493,Radeon X1600 XT,Desktop,512,116,32
1757,Radeon X1650 SE,Unknown,,71,2
2206,Radeon X1700 Targa Edition,Unknown,,117,2
1760,Radeon X1800 GTO,Desktop,512,141,13
1761,Radeon X1900 CrossFire Edition,Desktop,512,137,4
1762,Radeon X1900 GT,Desktop,256,146,14
1763,Radeon X1950 CrossFire Edition,Desktop,512,151,2
615,Radeon X1950 GT,Desktop,512,106,31
1765,RADEON X300SE,Unknown,,38,287
1767,RADEON X550XT,Unknown,,56,6
1768,Radeon X550XTX,Unknown,,71,5
1769,RADEON X600 256MB HyperMemory,Desktop,256,57,38
155,RADEON X600 SE,Unknown,,49,6
1772,RADEON X600XT,Unknown,,92,2
1775,RADEON X700 SE,Desktop,128,71,9
618,RADEON X800 GT,Desktop,256,84,7
1780,RADEON X800 SE,Desktop,256,130,1
81,RADEON X800 XT,Desktop,256,98,9
1781,RADEON X800 XT Platinum Edition,Desktop,256,81,1
1782,RADEON X800GT,Unknown,,80,12
1784,RADEON X850 XT,Desktop,256,81,9
621,RADEON X850 XT Platinum Edition,Desktop,256,82,9
622,Radeon Xpress 1100,Unknown,,34,166
624,Radeon Xpress 1150,Unknown,,30,193
625,Radeon Xpress 1200,Unknown,,36,10
104,Radeon Xpress 1250,Unknown,,43,75
626,Radeon Xpress 1270,Unknown,,27,2
2830,Radeon Xpress 1300,Unknown,,52,1
1785,Radeon Xpress 1300M,Mobile,,40,1
627,RADEON XPRESS 200,Unknown,,30,14
2875,RADEON XPRESS 200 CROSSFIRE,Unknown,,18,1
628,RADEON XPRESS 200M,Mobile,,23,25
4775,RadeonT 610M,Mobile,,1067,94
4766,RadeonT 660M,Mobile,,2221,3
4856,RadeonT 660M Ryzen 5 6600H,Mobile,,6700,3
4859,RadeonT 660M Ryzen 5 7535HS,Mobile,,4051,3
4972,RadeonT 680M,Mobile,,5680,1
4806,RadeonT 680M Ryzen 7 6800H,Mobile,,2381,2
4896,RadeonT 680M Ryzen 7 7735HS,Mobile,,5727,10
5005,RadeonT 760M,Mobile,,5846,1
4897,RadeonT 780M,Mobile,,7075,107
7529,RadeonT Athlon Silver 3050e,Desktop,,742,1
4849,RadeonT RX 6850M XT,Mobile,,14374,12
4821,A40-6Q,Unknown,,2489,2
7469,DisplayLink USB Device Ryzen 9 6900HX,Desktop,,4857,1
4823,RadeonT RX Vega 11,Unknown,,1916,7
9097,RadeonT Ryzen 3 3250C 15W,Desktop,,732,1
6243,RadeonT Ryzen 3 3250U,Desktop,,582,2
4733,RadeonT Vega 8,Unknown,,1894,1
1788,Rage 128 Pro,Unknown,,1,1
1790,RAGE 128 PRO AGP 4X TMDS,Unknown,,1,2
1797,Rage Fury Pro/Xpert 2000 Pro,Unknown,,3,2
5031,RDPDD Chained DD,Unknown,,196,186
3314,Red Hat QXL controller,Unknown,,52,3
4500,Red Hat VirtIO GPU DOD controller,Unknown,,1558,5
8943,Redmi K20 Pro Adreno 640 GPU,Desktop,,442,1
3577,RGH Drivers v3,Unknown,,11,2
1665,RIVA TNT2 Model 64/Model 64 Pro,Unknown,,4,24
5011,RTX 1000 Ada Generation Laptop GPU,Mobile,,13590,663
4785,RTX 2000 Ada Generation Laptop GPU,Mobile,,14832,2090
4930,RTX 3000 Ada Generation Laptop GPU,Mobile,,16062,338
5276,RTX 3500 Ada Generation Embedded GPU,Desktop,,22926,7
4800,RTX 3500 Ada Generation Laptop GPU,Mobile,,19801,862
4942,RTX 4000 Ada Generation,Workstation,20480,23655,1066
4819,RTX 4000 Ada Generation Laptop GPU,Mobile,,22090,440
4801,RTX 4000 SFF Ada Generation,Unknown,,20558,239
4958,RTX 4500 Ada Generation,Unknown,,28161,156
5056,RTX 500 Ada Generation Laptop GPU,Mobile,,11190,912
5277,RTX 5000 Ada Generation Embedded GPU,Desktop,,17056,6
4807,RTX 5000 Ada Generation Laptop GPU,Mobile,,23229,405
5146,RTX 5880 Ada Generation,Desktop,,25096,8
4768,RTX 6000 Ada Generation,Unknown,,28798,271
5118,RTX A1000,Desktop,,10682,715
4804,RTX A1000 6GB Laptop GPU,Mobile,,10044,678
4613,RTX A1000 Embedded GPU,Unknown,,9705,7
4558,RTX A1000 Laptop GPU,Mobile,,9380,1087
4477,RTX A2000,Unknown,,13421,1093
4533,RTX A2000 12GB,Unknown,,13661,1619
4553,RTX A2000 8GB Laptop GPU,Mobile,,10434,1184
5760,RTX A2000 Embedded GPU,Desktop,,11137,6
4438,RTX A2000 Laptop GPU,"Mobile, Workstation",4096,9438,2000
4503,RTX A3000 12GB Laptop GPU,"Mobile, Workstation",12288,13855,541
4414,RTX A3000 Laptop GPU,"Mobile, Workstation",6144,12580,1266
5160,RTX A400,Desktop,,5980,659
4394,RTX A4000,Workstation,16384,19361,2435
4421,RTX A4000 Laptop GPU,"Mobile, Workstation",16384,14657,590
7178,RTX A4000H,Desktop,,16768,6
4514,RTX A4500,Workstation,20480,20623,570
4947,RTX A4500 Embedded GPU,"Mobile, Workstation",16384,8900,14
4565,RTX A4500 Laptop GPU,"Mobile, Workstation",16384,16835,441
5223,RTX A500 Embedded GPU,Desktop,,6369,11
4649,RTX A500 Laptop GPU,Mobile,,6541,921
4390,RTX A5000,Workstation,24576,22873,950
4416,RTX A5000 Laptop GPU,"Mobile, Workstation",16384,16340,462
4539,RTX A5500,Workstation,24576,21192,58
4562,RTX A5500 Laptop GPU,"Mobile, Workstation",16384,17327,281
4337,RTX A6000,Workstation,49152,22617,482
6258,RTX PRO 1000 Blackwell Generation Laptop GPU,Mobile,,14609,468
6766,RTX PRO 2000 Blackwell,Desktop,,20143,138
9047,RTX PRO 2000 Blackwell Embedded GPU,Desktop,,16242,1
6259,RTX PRO 2000 Blackwell Generation Laptop GPU,Mobile,,16315,673
6377,RTX PRO 3000 Blackwell Generation Laptop GPU,Mobile,,21228,268
7095,RTX PRO 4000 Blackwell,Desktop,,28209,175
6530,RTX PRO 4000 Blackwell Generation Laptop GPU,Desktop,,23480,206
7025,RTX PRO 4000 Blackwell SFF Edition,Desktop,,23935,45
6820,RTX PRO 4500 Blackwell,Desktop,,33509,118
8387,RTX PRO 500 Blackwell Embedded GPU,Desktop,,10202,2
6346,RTX PRO 500 Blackwell Generation Laptop GPU,Mobile,,13002,377
7823,RTX PRO 5000 72GB Blackwell,Desktop,,24310,4
6999,RTX PRO 5000 Blackwell,Desktop,,31411,55
6785,RTX PRO 5000 Blackwell Generation Laptop GPU,Desktop,,24565,132
7543,RTX Pro 6000 Blackwell DC-12Q,Desktop,,2685,2
7663,RTX Pro 6000 Blackwell DC-24Q,Desktop,,4988,2
8287,RTX Pro 6000 Blackwell DC-2B,Desktop,,473,1
8370,RTX Pro 6000 Blackwell DC-3Q,Desktop,,2286,2
8777,RTX Pro 6000 Blackwell DC-8Q,Desktop,,1637,2
6527,RTX PRO 6000 Blackwell Max-Q Workstation Edition,Desktop,,32572,119
6962,RTX PRO 6000 Blackwell Server Edition,Desktop,,27962,4
6307,RTX PRO 6000 Blackwell Workstation Edition,Desktop,,38194,236
8242,RTX5000-Ada-1B,Desktop,,131,2
8245,RTX5000-Ada-4Q,Desktop,,5298,1
7412,RTX6000-Ada-3A,Desktop,,16841,1
7554,RTX6000-Ada-6Q,Desktop,,23236,1
8673,RTXA5000-12Q,Desktop,,4681,1
6213,RTXA5000-24Q,Desktop,,4803,1
5054,RTXA5000-6Q,Desktop,,1522,1
5640,RTXA5000-8Q,Desktop,,4916,1
8854,RTXA6000-1B,Desktop,,13260,1
4789,RTXA6000-8Q,Unknown,,4237,1
1820,RV530 PRO,Unknown,,119,3
4246,Ryzen 3 4300G with Radeon Graphics,Unknown,,1718,313
6823,A40-8Q,Desktop,,5793,5
4014,Barco MXRT 7600,Unknown,,4944,1
4302,Ryzen 3 4300GE with Radeon Graphics,Unknown,,2221,128
4232,Ryzen 3 4300U with Radeon Graphics,Unknown,,1370,566
4436,Ryzen 3 5300G with Radeon Graphics,Unknown,,1994,131
4434,Ryzen 3 5300GE with Radeon Graphics,Unknown,,1968,20
4508,Ryzen 3 5300U with Radeon Graphics,Unknown,,1539,425
4402,Ryzen 3 5400U with Radeon Graphics,Unknown,,1572,331
4867,Ryzen 3 5425U with Radeon Graphics,Unknown,,1691,73
4875,Ryzen 3 7330U with Radeon Graphics,Unknown,,1693,18
5941,Ryzen 3 7335U with Radeon Graphics,Unknown,,1980,3
4343,Ryzen 3 PRO 4200G with Radeon Graphics,Unknown,,1799,1
4309,Ryzen 3 PRO 4200GE with Radeon Graphics,Unknown,,1748,4
4240,Ryzen 3 PRO 4300U with Radeon Graphics,Unknown,,1543,7
4230,Ryzen 3 Pro 4350G with Radeon Graphics,Unknown,,2063,236
4244,Ryzen 3 PRO 4350GE with Radeon Graphics,Unknown,,1939,73
4247,Ryzen 3 PRO 4450U with Radeon Graphics,Unknown,,1449,200
4429,Ryzen 3 PRO 5350G with Radeon Graphics,Unknown,,2304,163
4430,Ryzen 3 PRO 5350GE with Radeon Graphics,Unknown,,1793,110
4437,Ryzen 3 PRO 5450U with Radeon Graphics,Unknown,,1617,5
4872,Ryzen 3 PRO 5475U with Radeon Graphics,Unknown,,1432,12
4877,Ryzen 3 PRO 7330U with Radeon Graphics,Unknown,,2144,11
3930,Ryzen 5 2500U with Radeon Vega,Unknown,,1503,5
4235,Ryzen 5 4500U with Radeon Graphics,Unknown,,1798,2506
4245,Ryzen 5 4600G with Radeon Graphics,Unknown,,2307,1098
4255,Ryzen 5 4600H with Radeon Graphics,Unknown,,2106,423
4277,Ryzen 5 4600HS with Radeon Graphics,Unknown,,7824,5
4237,Ryzen 5 4600U with Radeon Graphics,Unknown,,1901,98
5071,Ryzen 5 5500GT with Radeon Graphics,Unknown,,2224,23
4506,Ryzen 5 5500U with Radeon Graphics,Unknown,,1971,1593
4578,Ryzen 5 5560U with Radeon Graphics,Unknown,,2098,24
4406,Ryzen 5 5600G with Radeon Graphics,Unknown,,2533,5928
4435,Ryzen 5 5600GE with Radeon Graphics,Unknown,,2547,19
5070,Ryzen 5 5600GT with Radeon Graphics,Unknown,,2201,11
4426,Ryzen 5 5600H with Radeon Graphics,Unknown,,2297,37
4404,Ryzen 5 5600U with Radeon Graphics,Unknown,,2151,79
4868,Ryzen 5 5625U with Radeon Graphics,Unknown,,1997,252
4600,Ryzen 5 6600H with Radeon Graphics,Unknown,,3580,15
4628,Ryzen 5 6600HS Creator Edition,Unknown,,3691,7
4589,Ryzen 5 6600U with Radeon Graphics,Unknown,,3233,2
5948,Ryzen 5 7430U with Radeon Graphics,Unknown,,2270,16
4874,Ryzen 5 7530U with Radeon Graphics,Unknown,,2250,88
4866,Ryzen 5 7535HS with Radeon Graphics,Unknown,,3680,1
4865,Ryzen 5 7535U with Radeon Graphics,Unknown,,3324,6
5951,Ryzen 5 9600X 6-Core Processor,Unknown,,1859,61
4254,Ryzen 5 PRO 4400G with Radeon Graphics,Unknown,,2306,3
4308,Ryzen 5 PRO 4400GE with Radeon Graphics,Unknown,,1442,2
4239,Ryzen 5 PRO 4500U with Radeon Graphics,Unknown,,2008,4
4229,Ryzen 5 Pro 4650G with Radeon Graphics,Unknown,,2374,962
4289,Ryzen 5 PRO 4650GE with Radeon Graphics,Unknown,,2168,329
4242,Ryzen 5 PRO 4650U with Radeon Graphics,Unknown,,1689,1351
4428,Ryzen 5 PRO 5650G with Radeon Graphics,Unknown,,2481,28
4431,Ryzen 5 PRO 5650GE with Radeon Graphics,Unknown,,2455,36
4407,Ryzen 5 PRO 5650U with Radeon Graphics,Unknown,,1958,1097
4871,Ryzen 5 PRO 5675U with Radeon Graphics,Unknown,,1720,25
4591,Ryzen 5 PRO 6650H with Radeon Graphics,Unknown,,3727,1
4638,Ryzen 5 PRO 6650U,Unknown,,3519,11
4581,Ryzen 5 PRO 6650U with Radeon Graphics,Unknown,,3534,22
4878,Ryzen 5 PRO 7530U with Radeon Graphics,Unknown,,1899,195
5942,Ryzen 5 Pro 7535U with Radeon Graphics,Unknown,,3750,21
3925,Ryzen 7 2700U with Radeon Vega,Unknown,,1617,8
4307,Ryzen 7 4700G with Radeon Graphics,Unknown,,2187,35
4292,Ryzen 7 4700GE with Radeon Graphics,Unknown,,2496,2
4234,Ryzen 7 4700U with Radeon Graphics,Unknown,,2034,532
4233,Ryzen 7 4800H with Radeon Graphics,Unknown,,2113,39
4249,Ryzen 7 4800HS with Radeon Graphics,Unknown,,6999,1
4236,Ryzen 7 4800U with Radeon Graphics,Unknown,,2344,121
4405,Ryzen 7 5700G with Radeon Graphics,Unknown,,2702,4157
4433,Ryzen 7 5700GE with Radeon Graphics,Unknown,,2607,14
4507,Ryzen 7 5700U with Radeon Graphics,Unknown,,2241,1297
4398,Ryzen 7 5800H with Radeon Graphics,Unknown,,2737,111
4401,Ryzen 7 5800HS with Radeon Graphics,Unknown,,2795,14
4399,Ryzen 7 5800U with Radeon Graphics,Unknown,,2310,82
4869,Ryzen 7 5825U with Radeon Graphics,Unknown,,2351,260
4611,Ryzen 7 6800H,Unknown,,5260,11
4584,Ryzen 7 6800H with Radeon Graphics,Unknown,,4960,35
4629,Ryzen 7 6800HS,Unknown,,5237,3
4590,Ryzen 7 6800HS Creator Edition,Unknown,,5465,9
4582,Ryzen 7 6800HS with Radeon Graphics,Unknown,,6240,6
4625,Ryzen 7 6800U,Unknown,,5006,17
4588,Ryzen 7 6800U with Radeon Graphics,Unknown,,4760,39
4876,Ryzen 7 7730U with Radeon Graphics,Unknown,,2433,84
4864,Ryzen 7 7735HS with Radeon Graphics,Unknown,,5175,52
5073,Ryzen 7 7735U with Radeon Graphics,Unknown,,5081,14
3424,A6 Micro-6500T Quad-Core APU with RadeonR4,Unknown,,220,7
6617,Ryzen 7 8845HS with Radeon 780M,Mobile,,7766,1
5950,Ryzen 7 9700X 8-Core Processor,Unknown,,2251,106
5953,Ryzen 7 9800X3D 8-Core Processor,Unknown,,1830,101
4243,Ryzen 7 Extreme Edition,Unknown,,2115,18
4256,Ryzen 7 PRO 4700G with Radeon Graphics,Unknown,,2880,1
4231,Ryzen 7 Pro 4750G with Radeon Graphics,Unknown,,2682,91
4288,Ryzen 7 PRO 4750GE with Radeon Graphics,Unknown,,2550,7
4238,Ryzen 7 PRO 4750U with Radeon Graphics,Unknown,,2030,252
4427,Ryzen 7 PRO 5750G with Radeon Graphics,Unknown,,2328,116
4432,Ryzen 7 PRO 5750GE with Radeon Graphics,Unknown,,2377,121
4403,Ryzen 7 PRO 5850U with Radeon Graphics,Unknown,,2238,942
4870,Ryzen 7 PRO 5875U with Radeon Graphics,Unknown,,2067,24
4585,Ryzen 7 PRO 6850HS with Radeon Graphics,Unknown,,4087,6
4626,Ryzen 7 PRO 6850U,Unknown,,5581,25
4579,Ryzen 7 PRO 6850U with Radeon Graphics,Unknown,,5116,74
4630,Ryzen 7 PRO 6860Z,Unknown,,5077,2
4587,Ryzen 7 PRO 6860Z with Radeon Graphics,Unknown,,4869,16
4873,Ryzen 7 PRO 7730U with Radeon Graphics,Unknown,,2567,18
5943,Ryzen 7 Pro 7735U with Radeon Graphics,Unknown,,5142,2
4241,Ryzen 9 4900H with Radeon Graphics,Unknown,,2714,1
4273,Ryzen 9 4900HS with Radeon Graphics,Unknown,,6791,13
4298,Ryzen 9 4900HSS with Radeon Graphics,Unknown,,9461,1
4397,Ryzen 9 5900HS with Radeon Graphics,Unknown,,5453,54
4396,Ryzen 9 5900HX with Radeon Graphics,Unknown,,3040,629
4400,Ryzen 9 5980HS with Radeon Graphics,Unknown,,2534,1
4623,Ryzen 9 6900HS,Unknown,,8005,3
4583,Ryzen 9 6900HS with Radeon Graphics,Unknown,,6110,8
4607,Ryzen 9 6900HX with Radeon Graphics,Unknown,,5118,1133
5952,Ryzen 9 9900X 12-Core Processor,Unknown,,1729,87
5949,Ryzen 9 9950X 16-Core Processor,Unknown,,1770,81
4636,Ryzen 9 PRO 6950H,Unknown,,5759,9
4863,Ryzen 9 PRO 6950H with Radeon Graphics,Unknown,,6176,7
4586,Ryzen 9 PRO 6950HS with Radeon Graphics,Unknown,,4705,4
5047,Ryzen3 5300U Ryzen 3 5300U,Unknown,,1268,1
4423,S3 5400EW,Unknown,,146,13
1828,S3 Chrome 430 ULP,Unknown,,40,2
4616,S3 Chrome S25,Unknown,,23,1
1831,S3 Chrome S25 DDR2,Unknown,,18,2
4535,S3 Chrome S27 DDR3,Unknown,,33,2
1832,S3 Inc. Savage4,Unknown,,3,1
1835,S3 ProSavageDDR,Unknown,,1,9
1840,S3 SuperSavage/IXC 1014,Unknown,,2,1
3742,EAH5450,Unknown,,134,1
4028,EG PARK,Unknown,,141,1
5099,Sangfor TitanGPU controller,Desktop,,426,3
1874,Sapphire RADEON X800 GT,Unknown,,113,2
2720,Seria Mobility Radeon HD 3400,Unknown,,125,1
3262,Seria Radeon HD 7700,Unknown,,1604,1
5106,Sharing Monitor,Desktop,,1007,1
8936,Sharing Monitor Ryzen 7 5700U,Desktop,,2108,1
4822,SiliconMotion SM768 WDDM2.0 Display Driver,Unknown,,407,1
5189,SMI USB Display,Desktop,,19462,1
7459,SMI USB Display Ryzen 7 7735HS,Desktop,,3307,1
5178,Snapdragon X Elite - X1E001DE - Qualcomm Adreno GP,Desktop,,3246,3
5050,SQExtFramebufferUmode Device,Desktop,,15054,5
1919,SUMO 9640,Unknown,,650,6
1920,SUMO 9644,Unknown,,466,1
1922,SUMO 964A,Unknown,,498,2
4576,Surface Duo Adreno 640 GPU,Unknown,,592,4
4446,T400,Unknown,,3619,273
4512,T400 4GB,Unknown,,3809,824
4520,T550 Laptop GPU,Mobile,,4730,526
4839,TENSOR 1.0 Driver Intel HD 530,Unknown,,958,1
2515,Tesla C2050 / C2070,Workstation,6144,3428,5
1670,Tesla C2070,Workstation,6144,3121,13
4496,Tesla K20m,Unknown,,4432,4
4498,Tesla K20Xm,Workstation,6144,4714,4
4545,Tesla K40c,Unknown,,4495,3
4476,Tesla K40m,Unknown,,3143,4
4448,Tesla K80,Unknown,,5754,22
4095,Tesla M10,Unknown,,2969,21
2800,Tesla M2070-Q,Unknown,,1306,1
4395,Tesla M40,Unknown,,10220,20
4450,Tesla M40 24GB,Unknown,,10641,5
3875,Tesla M6,Unknown,,6234,8
3774,Tesla M60,Unknown,,6817,22
5008,Tesla P100-PCIE-12GB,Unknown,,13310,1
4039,Tesla P100-PCIE-16GB,Workstation,16384,9621,6
4631,Tesla P4,Unknown,,9118,68
4548,Tesla P40,Workstation,24576,11596,24
4222,Tesla T10,Unknown,,11963,6
4211,Tesla T4,Unknown,,9912,86
4226,Tesla V100-PCIE-16GB,Unknown,,12328,6
4447,Tesla V100-PCIE-32GB,Unknown,,8260,1
4105,Tesla V100-SXM2-16GB,Unknown,,11265,9
3859,TITAN V,Desktop,12288,19649,140
3355,ABIT Siluro T400,Unknown,,4,2
7051,AicUsbDisplay Device,Desktop,,25109,2
214,ALL-IN-WONDER 9000,Unknown,,5,4
217,ALL-IN-WONDER 9800,Unknown,,23,1
8030,Barco MXRV-3100,Desktop,,5599,1
8296,Barco MXRV-7100,Desktop,,17382,2
6378,Beijing Fantasy Technology Fantasy II-M,Desktop,,298,15
4304,CARRIZO 9874,Unknown,,227,2
4950,Chell 1.9a for Mobile Intel 945,Unknown,,4,2
3967,Citrix Indirect Display Adapter,Unknown,,1582,6
4974,CMP 30HX,Unknown,,5843,34
4903,CMP 40HX,Unknown,,9344,21
4528,Custom GPU 0405,Unknown,,2949,118
5164,Custom GPU 0932,Desktop,,3249,18
6130,CXDisplay Device,Desktop,,10499,3
7198,DameWare Development Mirror Driver 64-bit Ryzen 7 ,Desktop,,5350,1
657,Dell 8100,Unknown,,2,1
658,Dell 8200,Unknown,,4,1
2426,Diamond X1300-PCIE 256MB,Unknown,,70,1
8563,DisplayLink USB Device Ryzen 5 3550H,Desktop,,1913,1
7349,DisplayLink USB Device Ryzen 5 5625U,Desktop,,988,1
8119,DisplayLink USB Device Ryzen 5 Pro 7535U,Desktop,,2493,1
222,ALL-IN-WONDER RADEON 8500DV,Unknown,,6,4
228,All-in-Wonder X1800XL,Unknown,,30,1
229,All-in-Wonder X1900,Unknown,,127,4
230,ALL-IN-WONDER X800 GT,Unknown,,84,3
4918,AMD Ryzen Z1 Extreme,Unknown,,6425,862
4177,AMIGAMERLIN 3.1-R1 For Voodoo 4 4500 PCI,Unknown,,3,1
8398,AnyViewerIddDriver Device,Desktop,,12437,1
336,ASUS A7000,Unknown,,9,1
2539,ASUS AGP-V3800PRO v31.40H,Unknown,,5,1
346,ASUS EAH4870x2,Unknown,,496,2
375,ASUS V9520-X V62.11,Unknown,,8,1
3941,B8DKMDAP,Unknown,,4557,1
2698,Barco MXRT 1450,Unknown,,206,1
5085,EIZO MED-XN43,Desktop,,3843,1
162,256MB DDR Radeon 9800 XT,Unknown,,38,1
3144,BASICDISPLAY,Unknown,,70,1
1186,GeForce 6100 nForce 430,Unknown,,23,8
3306,GeForce 730A,Unknown,,765,52
1286,GeForce 9100,Unknown,,82,113
2591,GeForce GT625M,Mobile,,422,33
4108,GeForce GTX 760 Ti OEM,Unknown,,5474,15
2729,GeForce GTX 775M,Mobile,,4007,55
1465,GeForce PCX 5900,Desktop,256,34,1
6486,GeForce RTX 3050 Laptop GPU,Mobile,,11966,4
2931,GF117,Unknown,,554,5
4026,GRID P40-2Q,Unknown,,9581,12
5674,GRID RTX6000-4Q,Desktop,,509,1
5074,Intel Graphics,Unknown,,3234,21268
3264,Intel HD 2000,Unknown,,213,1
3120,Intel HD 6000,Unknown,,881,534
3385,Intel HD P530,Unknown,,1152,281
974,Intel Q965/Q963 Express,Unknown,,112,701
3723,Matrox G200eh WDDM 2.0,Unknown,,60,10
462,Mobility Radeon 4100,Unknown,,81,16
459,MOBILITY IGP 9000/9100,Unknown,,10,1
482,Mobility Radeon HD 3410,Mobile,,63,6
489,Mobility Radeon HD 3850,Mobile,,366,2
2705,Matrox G200eh,Unknown,,41,23
111,Mobility Radeon X2300,Mobile,,48,117
3199,N16P-GX,Unknown,,1205,1
2195,NVS 310,Workstation,512,296,420
3428,NVS 810,Unknown,,1147,32
3640,MxGPU,Unknown,,1282,7
1599,Quadro FX 500/600 PCI,Unknown,,14,6
1632,Quadro NVS 280 SD,Unknown,,2,2
3911,Quadro P500,Unknown,,1651,204
4124,Quadro T1000,Mobile,,6515,2076
4208,Radeon 620,Unknown,,937,31
5088,Radeon EPYC 4364P 8-Core,Desktop,,806,10
566,Radeon HD 2350,Desktop,256,77,17
586,Radeon HD 3670,Unknown,,169,804
30,Radeon HD 4870,Desktop,2048,1386,2110
2715,Radeon HD 6230,Unknown,,179,4
305,Radeon HD 7560D,Desktop,,452,1299
3098,Radeon HD 7600G + HD 7550M Dual,Mobile,,509,2
3131,Radeon HD 7640G + HD 8600/8700M Dual,Mobile,,587,10
332,Radeon HD 7650A,Unknown,,556,91
2668,Radeon HD 8180,Unknown,,135,105
3701,Radeon R1E,Unknown,,301,7
3391,Radeon R5 310,Unknown,,332,18
3497,Radeon R5 A240,Unknown,,576,1
3667,Radeon R5 PRO A6-8570 2C+6G,Unknown,,847,5
4412,"Radeon R5 PRO A6-9500 R5, 8 COMPUTE CORES 2C+6G",Unknown,,755,15
3416,Radeon R7 M370,Mobile,,1418,15
3671,Radeon R7 M465,Unknown,,1105,34
3760,Radeon R7 M465X,Unknown,,1787,15
3988,Radeon R7E,Unknown,,565,2
3327,Radeon R9 360,Desktop,2048,3032,23
3441,Radeon R9 A375,Unknown,,1024,1
4193,Radeon RX 5500M,Mobile,,6029,466
4754,Radeon RX Vega 11 Ryzen 5 3400GE,Unknown,,1974,15
4453,Radeon Ryzen 5 5600U,Unknown,,2063,845
4648,Radeon Ryzen 7 6800U,Unknown,,4230,368
5076,Radeon TM,Desktop,,5567,407
1667,RIVA TNT2/TNT2 Pro,Unknown,,3,2
5014,RTX 2000 Ada Generation,Unknown,,16959,977
5543,RTX 2000 Ada Generation Embedded GPU,Desktop,,14077,30
5597,RTX 2000E Ada Generation,Desktop,,15464,72
4935,RTX 5000 Ada Generation,Unknown,,30648,217
5944,Ryzen 7 PRO 6850H with Radeon Graphics,Unknown,,5791,10
5096,Snapdragon X Elite - X1E78100 - Qualcomm Adreno GP,Desktop,,2573,88
5098,Snapdragon X Elite - X1E80100 - Qualcomm Adreno GP,Desktop,,2603,69
5101,Snapdragon X Elite - X1E84100 - Qualcomm Adreno GP,Desktop,,2981,7
5084,Snapdragon X Plus - X1P64100 - Qualcomm Adreno GPU,Desktop,,2607,18
3872,spacedesk Adapter,Unknown,,15081,7
4077,TENSOR 1.0 Driver Intel HD 630,Unknown,,1300,1
1669,Tesla C2050,Unknown,,3176,12
1671,Tesla C2075,Unknown,,3017,12
4005,TITAN V CEO Edition,Desktop,32000,16988,1
3578,TRINITY DEVASTATOR MOBILE,Unknown,,579,5
3505,TRINITY SCRAPPER MOBILE,Unknown,,498,5
6688,TURZX Display,Desktop,,28635,1
3421,V9560XT,Unknown,,6,1
1674,Vanta/Vanta LT,Unknown,,3,7
7026,VIA C9-HD IGP,Desktop,,12,4
1949,VIA Chrome9 HC IGP,Unknown,,4,57
1950,VIA Chrome9 HC IGP Family,Unknown,,4,64
1951,VIA Chrome9 HC IGP Family WDDM,Unknown,,4,35
1952,VIA Chrome9 HC IGP Prerelease WDDM 1.1,Unknown,,2,3
1953,VIA Chrome9 HC IGP WDDM,Unknown,,2,11
1954,VIA Chrome9 HC IGP WDDM 1.1,Unknown,,3,39
1955,VIA Chrome9 HC3 IGP,Unknown,,3,1
1956,VIA Chrome9 HC3 IGP WDDM 1.1,Unknown,,1,1
1957,VIA Chrome9 HCM IGP,Unknown,,2,2
1960,VIA Chrome9 HD IGP,Unknown,,10,24
1961,VIA/S3 Chrome 520 IGP,Unknown,,115,1
4155,VIA/S3G C-645/640 GPU,Unknown,,132,3
1962,VIA/S3G Chrome 645/640 GPU,Unknown,,110,9
1965,VIA/S3G DeltaChrome IGP,Unknown,,3,7
1968,VIA/S3G KM400/KN400,Unknown,,4,4
1970,VIA/S3G UniChrome IGP,Unknown,,4,33
1971,VIA/S3G UniChrome Pro IGP,Unknown,,5,213
1973,VIA/S3G UniChromeII,Unknown,,6,2
1977,VisionTek Radeon 7000,Unknown,,2,1
5706,VMware Horizon Indirect Display Driver,Desktop,,3565,5
3278,VNC Mirror Driver,Unknown,,3222,5
8780,VRVD5 Ryzen 5 5600U,Desktop,,1647,1
2821,WinFast A250 LE,Unknown,,5,1
5052,Winsta0\\Default,Desktop,,4125,1
2098,Xabre,Unknown,,5,2
9031,XDX Computing Technology,Desktop,,680,1
2101,XGI Volari Family v1.13.23.D_V,Unknown,,5,1
6031,XiaoMi 9 Adreno 640 GPU,Desktop,,585,1
5016,ZX C-1080,Unknown,,285,9
5608,ZX C-1190,Desktop,,347,11
5184,ZX C-960,Desktop,,81,11
5083,ZX C960 GPU,Desktop,,64,1
3697,ZX Chrome 645/640 GPU,Unknown,,147,1
4219,zxcvIntel HD 620,Unknown,,944,1
