passmark_id,name,g3d_mark,g2d_mark,tdp_w,vram_mb,category,bus_interface,max_memory_mb,core_clock_mhz,mem_clock_mhz,rank,samples,price_usd,release_date,passmark_href
162,256MB DDR Radeon 9800 XT,38,192,,,Unknown,,,,,2570,1,,Apr 2009,256MB+DDR+Radeon+9800+XT&amp;id=162
2314,7900 MOD - Radeon HD 6520G,610,323,,,Unknown,,,,,1710,4,,Dec 2012,7900+MOD+-+Radeon+HD+6520G&amp;id=2314
2390,7900 MOD - Radeon HD 6550D,893,536,,,Unknown,,,,,1431,1,,Jan 2013,7900+MOD+-+Radeon+HD+6550D&amp;id=2390
5065,A10-12Q,9192,597,,,Desktop,,,,,323,13,,Dec 2024,A10-12Q&amp;id=5065
6843,A10-24Q,15063,680,,,Desktop,,,,,168,8,,Aug 2025,A10-24Q&amp;id=6843
6658,A10-4Q,3048,196,,,Desktop,,,,,744,8,,Jul 2025,A10-4Q&amp;id=6658
4780,A10-8Q,6648,385,,,Unknown,,,,,413,13,,Feb 2023,A10-8Q&amp;id=4780
5182,A100-SXM4-40GB,13326,862,,,Desktop,,,,,,1,,Jul 2025,A100-SXM4-40GB&amp;id=5182
6737,A10G,13598,572,,,Desktop,,,,,205,6,,Jul 2025,A10G&amp;id=6737
4527,A16,5281,437,,,Unknown,,,,,511,5,,Apr 2022,A16&amp;id=4527
5188,A16-16A,1069,38,,,Desktop,,,,,,1,,Oct 2024,A16-16A&amp;id=5188
6151,A16-16Q,3873,78,,,Desktop,,,,,637,2,,Apr 2025,A16-16Q&amp;id=6151
5836,A16-1B,2220,72,,,Desktop,,,,,,1,,Feb 2025,A16-1B&amp;id=5836
5827,A16-1Q,3431,69,,,Desktop,,,,,686,7,,Feb 2025,A16-1Q&amp;id=5827
5082,A16-2B,2151,62,,,Desktop,,,,,926,10,,May 2024,A16-2B&amp;id=5082
4956,A16-2Q,3926,81,,,Unknown,,,,,625,4,,Nov 2023,A16-2Q&amp;id=4956
5067,A16-4Q,3854,84,,,Desktop,,,,,638,17,,May 2024,A16-4Q&amp;id=5067
4975,A16-8Q,4769,88,,,Unknown,,,,,555,6,,Jan 2024,A16-8Q&amp;id=4975
7233,A2-2Q,3331,58,,,Desktop,,,,,698,3,,Oct 2025,A2-2Q&amp;id=7233
7590,A2-4Q,4423,66,,,Desktop,,,,,,1,,Nov 2025,A2-4Q&amp;id=7590
7083,A40,741,23,,,Desktop,,,,,,1,,Nov 2025,A40&amp;id=7083
8416,A40-12Q,5025,82,,,Desktop,,,,,534,4,,Mar 2026,A40-12Q&amp;id=8416
4750,A40-24Q,3318,59,,,Unknown,,,,,702,3,,Feb 2023,A40-24Q&amp;id=4750
5665,A40-2Q,1503,79,,,Desktop,,,,,1163,2,,Jan 2025,A40-2Q&amp;id=5665
4851,A40-3Q,5842,96,,,Unknown,,,,,,1,,Jul 2023,A40-3Q&amp;id=4851
4751,A40-48Q,10436,293,,,Unknown,,,,,283,2,,Feb 2023,A40-48Q&amp;id=4751
7030,A40-4Q,3712,79,,,Desktop,,,,,654,7,,Sep 2025,A40-4Q&amp;id=7030
4821,A40-6Q,2489,43,,,Unknown,,,,,840,2,,May 2023,A40-6Q&amp;id=4821
6823,A40-8Q,5793,215,,,Desktop,,,,,466,5,,Oct 2025,A40-8Q&amp;id=6823
3424,A6 Micro-6500T Quad-Core APU with RadeonR4,220,127,,,Unknown,,,,,2138,7,,Jan 2016,A6+Micro-6500T+Quad-Core+APU+with+RadeonR4&amp;id=3424
3355,ABIT Siluro T400,4,151,,,Unknown,,,,,2768,2,,Nov 2015,ABIT+Siluro+T400&amp;id=3355
7051,AicUsbDisplay Device,25109,1386,,,Desktop,,,,,46,2,,Mar 2026,AicUsbDisplay+Device&amp;id=7051
214,ALL-IN-WONDER 9000,5,103,,,Unknown,,,,,2734,4,,Dec 2009,ALL-IN-WONDER+9000&amp;id=214
217,ALL-IN-WONDER 9800,23,139,,,Unknown,,,,,2639,1,,Aug 2011,ALL-IN-WONDER+9800&amp;id=217
222,ALL-IN-WONDER RADEON 8500DV,6,128,,,Unknown,,,,,2720,4,,Dec 2010,ALL-IN-WONDER+RADEON+8500DV&amp;id=222
228,All-in-Wonder X1800XL,30,283,,,Unknown,,,,,2611,1,,Oct 2011,All-in-Wonder+X1800XL&amp;id=228
229,All-in-Wonder X1900,127,445,,,Unknown,,,,,2299,4,,Oct 2009,All-in-Wonder+X1900&amp;id=229
230,ALL-IN-WONDER X800 GT,84,186,,,Unknown,,,,,2418,3,,Oct 2009,ALL-IN-WONDER+X800+GT&amp;id=230
4918,AMD Ryzen Z1 Extreme,6425,803,,,Unknown,,,,,427,862,,Jun 2023,AMD+Ryzen+Z1+Extreme&amp;id=4918
4177,AMIGAMERLIN 3.1-R1 For Voodoo 4 4500 PCI,3,110,,,Unknown,,,,,2793,1,,Dec 2019,AMIGAMERLIN+3.1-R1+For+Voodoo+4+4500+PCI&amp;id=4177
8398,AnyViewerIddDriver Device,12437,1092,,,Desktop,,,,,237,1,,Jul 2026,AnyViewerIddDriver+Device&amp;id=8398
336,ASUS A7000,9,164,,,Unknown,,,,,2680,1,,Jan 2010,ASUS+A7000&amp;id=336
2539,ASUS AGP-V3800PRO v31.40H,5,149,,,Unknown,,,,,2753,1,,Jun 2013,ASUS+AGP-V3800PRO+v31.40H&amp;id=2539
346,ASUS EAH4870x2,496,539,,,Unknown,,,,,1867,2,,Apr 2009,ASUS+EAH4870x2&amp;id=346
3638,Asus GTX 650 FML II EC-EGPU,721,534,,,Unknown,,,,,1590,1,,Dec 2016,Asus+GTX+650+FML+II+EC-EGPU&amp;id=3638
375,ASUS V9520-X V62.11,8,208,,,Unknown,,,,,2691,1,,Jan 2011,ASUS+V9520-X+V62.11&amp;id=375
3941,B8DKMDAP,4557,534,,,Unknown,,,,,572,1,,May 2018,B8DKMDAP&amp;id=3941
2698,Barco MXRT 1450,206,520,,,Unknown,,,,,2162,1,,Oct 2013,Barco+MXRT+1450&amp;id=2698
3886,Barco MXRT 2600,900,649,,,Unknown,,,,,1425,1,199.0,Jan 2018,Barco+MXRT+2600&amp;id=3886
3354,Barco MXRT 5400,1161,457,,,Unknown,,,,,1283,3,203.0,Dec 2016,Barco+MXRT+5400&amp;id=3354
2526,Barco MXRT 5450,1079,478,,,Unknown,,,,,1316,5,199.99,May 2013,Barco+MXRT+5450&amp;id=2526
2699,Barco MXRT 5500,2702,510,,,Unknown,,,,,798,1,299.0,Jun 2018,Barco+MXRT+5500&amp;id=2699
4158,Barco MXRT 5600,2488,601,,,Unknown,,,,,841,3,704.0,Nov 2019,Barco+MXRT+5600&amp;id=4158
2621,Barco MXRT 7100,180,659,,,Unknown,,,,,2194,1,,Aug 2013,Barco+MXRT+7100&amp;id=2621
2474,Barco MXRT 7400,901,682,,,Unknown,,,,,1424,1,99.0,Apr 2013,Barco+MXRT+7400&amp;id=2474
3353,Barco MXRT 7500,3753,731,,,Unknown,,,,,649,5,299.0,Nov 2015,Barco+MXRT+7500&amp;id=3353
4014,Barco MXRT 7600,4944,442,,,Unknown,,,,,542,1,602.59,Nov 2018,Barco+MXRT+7600&amp;id=4014
8030,Barco MXRV-3100,5599,956,,,Desktop,,,,,,1,,Jan 2026,Barco+MXRV-3100&amp;id=8030
8296,Barco MXRV-7100,17382,1397,,,Desktop,,,,,118,2,,Feb 2026,Barco+MXRV-7100&amp;id=8296
3144,BASICDISPLAY,70,691,,,Unknown,,,,,2462,1,,Feb 2015,BASICDISPLAY&amp;id=3144
6378,Beijing Fantasy Technology Fantasy II-M,298,167,,,Desktop,,,,,2060,15,,May 2025,Beijing+Fantasy+Technology+Fantasy+II-M&amp;id=6378
4304,CARRIZO 9874,227,72,,,Unknown,,,,,2131,2,,Nov 2020,CARRIZO+9874&amp;id=4304
4950,Chell 1.9a for Mobile Intel 945,4,6,,,Unknown,,,,,2760,2,,Nov 2023,Chell+1.9a+for+Mobile+Intel+945&amp;id=4950
3967,Citrix Indirect Display Adapter,1582,406,,,Unknown,,,,,1132,6,,Aug 2018,Citrix+Indirect+Display+Adapter&amp;id=3967
4974,CMP 30HX,5843,189,,,Unknown,,,,,460,34,,Jan 2024,CMP+30HX&amp;id=4974
4903,CMP 40HX,9344,276,,,Unknown,,,,,319,21,,Aug 2023,CMP+40HX&amp;id=4903
648,CONNECT 3D RADEON X300,36,191,,,Unknown,,,,,2576,1,,Apr 2009,CONNECT+3D+RADEON+X300&amp;id=648
4528,Custom GPU 0405,2949,387,,,Unknown,,,,,761,118,,Apr 2022,Custom+GPU+0405&amp;id=4528
5164,Custom GPU 0932,3249,343,,,Desktop,,,,,711,18,,Aug 2024,Custom+GPU+0932&amp;id=5164
6130,CXDisplay Device,10499,907,,,Desktop,,,,,281,3,,Aug 2025,CXDisplay+Device&amp;id=6130
7389,DameWare Development Mirror Driver 64-bit Ryzen 3 ,2401,614,,,Desktop,,,,,,1,,Oct 2025,DameWare+Development+Mirror+Driver+64-bit+Ryzen+3+&amp;id=7389
7198,DameWare Development Mirror Driver 64-bit Ryzen 7 ,5350,732,,,Desktop,,,,,,1,,Sep 2025,DameWare+Development+Mirror+Driver+64-bit+Ryzen+7+&amp;id=7198
657,Dell 8100,2,58,,,Unknown,,,,,2818,1,999.11,Feb 2012,Dell+8100&amp;id=657
658,Dell 8200,4,205,,,Unknown,,,,,2755,1,,Dec 2009,Dell+8200&amp;id=658
2426,Diamond X1300-PCIE 256MB,70,286,,,Unknown,,,,,2461,1,,Feb 2013,Diamond+X1300-PCIE+256MB&amp;id=2426
8563,DisplayLink USB Device Ryzen 5 3550H,1913,499,,,Desktop,,,,,,1,,Mar 2026,DisplayLink+USB+Device+Ryzen+5+3550H&amp;id=8563
7349,DisplayLink USB Device Ryzen 5 5625U,988,454,,,Desktop,,,,,,1,,Oct 2025,DisplayLink+USB+Device+Ryzen+5+5625U&amp;id=7349
8119,DisplayLink USB Device Ryzen 5 Pro 7535U,2493,577,,,Desktop,,,,,,1,,Jan 2026,DisplayLink+USB+Device+Ryzen+5+Pro+7535U&amp;id=8119
7285,DisplayLink USB Device Ryzen 7 3750H,1605,309,,,Desktop,,,,,,1,,Oct 2025,DisplayLink+USB+Device+Ryzen+7+3750H&amp;id=7285
7042,DisplayLink USB Device Ryzen 7 5700U,1917,469,,,Desktop,,,,,1000,2,,Sep 2025,DisplayLink+USB+Device+Ryzen+7+5700U&amp;id=7042
7800,DisplayLink USB Device Ryzen 7 5800H,3071,827,,,Desktop,,,,,,1,,Dec 2025,DisplayLink+USB+Device+Ryzen+7+5800H&amp;id=7800
7669,DisplayLink USB Device Ryzen 7 6800H,4445,472,,,Desktop,,,,,586,2,,Nov 2025,DisplayLink+USB+Device+Ryzen+7+6800H&amp;id=7669
7981,DisplayLink USB Device Ryzen 7 7735HS,5768,896,,,Desktop,,,,,469,2,,Jan 2026,DisplayLink+USB+Device+Ryzen+7+7735HS&amp;id=7981
7997,DisplayLink USB Device Ryzen 7 PRO 6850U,4381,635,,,Desktop,,,,,,1,,Jan 2026,DisplayLink+USB+Device+Ryzen+7+PRO+6850U&amp;id=7997
6664,DisplayLink USB Device Ryzen 7 Pro 7735U,2678,527,,,Desktop,,,,,,1,,Jul 2025,DisplayLink+USB+Device+Ryzen+7+Pro+7735U&amp;id=6664
7469,DisplayLink USB Device Ryzen 9 6900HX,4857,510,,,Desktop,,,,,,1,,Nov 2025,DisplayLink+USB+Device+Ryzen+9+6900HX&amp;id=7469
3742,EAH5450,134,216,,,Unknown,,,,,2284,1,109.99,Apr 2017,EAH5450&amp;id=3742
4028,EG PARK,141,7,,,Unknown,,,,,,1,,Mar 2021,EG+PARK&amp;id=4028
4487,EIZO MED-X5000,3038,405,,,Unknown,,,,,,1,,Jan 2022,EIZO+MED-X5000&amp;id=4487
5085,EIZO MED-XN43,3843,767,,,Desktop,,,,,,1,,May 2024,EIZO+MED-XN43&amp;id=5085
5814,EIZO MED-XN44,5049,821,,,Desktop,,,,,,1,,Feb 2025,EIZO+MED-XN44&amp;id=5814
6187,EIZO Quadro MED-XN31LP,1648,573,,,Desktop,,,,,,1,,Apr 2025,EIZO+Quadro+MED-XN31LP&amp;id=6187
4000,EIZO Quadro MED-XN51LP,5012,705,,,Unknown,,,,,536,8,,Oct 2018,EIZO+Quadro+MED-XN51LP&amp;id=4000
5757,EIZO Quadro MED-XN71,7245,606,,,Desktop,,,,,393,3,,Feb 2025,EIZO+Quadro+MED-XN71&amp;id=5757
5174,EIZO Quadro MED-XN72,9037,661,,,Desktop,,,,,330,2,,Sep 2024,EIZO+Quadro+MED-XN72&amp;id=5174
7388,EIZO Quadro MED-XN91,11748,684,,,Desktop,,,,,,1,,Oct 2025,EIZO+Quadro+MED-XN91&amp;id=7388
6509,EIZO Quadro MED-XN92,17036,920,,,Desktop,,,,,126,2,,Jun 2025,EIZO+Quadro+MED-XN92&amp;id=6509
3883,Embedded Radeon E9173,1860,372,,,Unknown,,,,,1024,29,,Jan 2018,Embedded+Radeon+E9173&amp;id=3883
5945,Eng Sample: 100-000000560-40_Y,5656,771,,,Unknown,,,,,476,2,,Nov 2024,Eng+Sample%3A+100-000000560-40_Y&amp;id=5945
5946,Eng Sample: 100-000000561-40_Y,4206,749,,,Unknown,,,,,605,2,,Jan 2025,Eng+Sample%3A+100-000000561-40_Y&amp;id=5946
5947,Eng Sample: 100-000000562-40_Y,2370,768,,,Unknown,,,,,,1,,Feb 2025,Eng+Sample%3A+100-000000562-40_Y&amp;id=5947
6183,EPSON Projector Support Driver for UD,7579,1052,,,Desktop,,,,,,1,,Sep 2025,EPSON+Projector+Support+Driver+for+UD&amp;id=6183
3929,extension Adapter,6726,1009,,,Unknown,,,,,,1,,Dec 2025,extension+Adapter&amp;id=3929
3958,Extreme AX850 PRO,120,218,,,Unknown,,,,,2319,1,,Jul 2018,Extreme+AX850+PRO&amp;id=3958
387,FireGL T2-128,31,178,,128,Workstation,AGP,128,400,400,2608,3,,Sep 2009,FireGL+T2-128&amp;id=387
388,FireGL V3100,53,275,,128,Workstation,PCIe x16,128,400,400,2505,49,,May 2009,FireGL+V3100&amp;id=388
389,FireGL V3200,85,236,,128,Workstation,PCIe x16,128,500,500,2415,2,,Aug 2009,FireGL+V3200&amp;id=389
391,FireGL V3300,71,326,,128,Workstation,PCIe x16,128,600,600,2459,11,,Apr 2009,FireGL+V3300&amp;id=391
392,FireGL V3350,69,336,,256,Workstation,PCIe x16,256,600,600,2467,15,,Jul 2009,FireGL+V3350&amp;id=392
393,FireGL V3400,103,353,,128,Workstation,PCIe x16,128,500,500,2369,23,,Sep 2009,FireGL+V3400&amp;id=393
394,FireGL V3600,180,399,,256,Workstation,PCIe x16,256,600,600,2195,25,160.99,Oct 2009,FireGL+V3600&amp;id=394
396,FireGL V5100,93,250,,128,Workstation,PCIe x16,128,450,450,2400,6,114.96,Sep 2009,FireGL+V5100&amp;id=396
397,FireGL V5200,115,348,,256,Workstation,PCIe x16,256,600,600,2335,23,133.4,Sep 2009,FireGL+V5200&amp;id=397
398,FireGL V5600,341,445,,512,Workstation,PCIe,512,800,800,2017,34,225.0,Oct 2009,FireGL+V5600&amp;id=398
399,FireGL V7100,72,223,,256,Workstation,PCIe,256,500,500,2453,1,328.67,May 2009,FireGL+V7100&amp;id=399
400,FireGL V7200,116,348,,256,Workstation,PCIe x16,256,600,600,2329,28,,Feb 2010,FireGL+V7200&amp;id=400
401,FireGL V7300,128,322,,512,Workstation,PCIe,512,600,600,2297,2,1189.99,Sep 2009,FireGL+V7300&amp;id=401
402,FireGL V7350,111,344,,1024,Workstation,PCIe,1024,600,600,2352,8,119.42,Sep 2011,FireGL+V7350&amp;id=402
403,FireGL V7600,616,488,,512,Workstation,PCIe,512,600,600,1703,11,,Sep 2009,FireGL+V7600&amp;id=403
404,FireGL V7700,660,422,,512,Workstation,PCIe 2.0,512,775,775,1644,18,69.99,Mar 2011,FireGL+V7700&amp;id=404
405,FireGL V8600,839,406,,1024,Workstation,PCIe,1024,688,688,1468,1,,Apr 2010,FireGL+V8600&amp;id=405
406,FireGL V8650,550,637,,2048,Workstation,PCIe,2048,688,688,1794,4,298.99,Mar 2010,FireGL+V8650&amp;id=406
407,FireGL X1,59,167,,,Unknown,,,,,2491,4,,Apr 2009,FireGL+X1&amp;id=407
415,FireMV 2200 PCI,1,153,,64,Workstation,PCI,64,,,2835,1,,Jul 2010,FireMV+2200+PCI&amp;id=415
414,FireMV 2200 PCIe,36,259,,128,Workstation,PCIe x16,128,,,2578,2,89.99,Mar 2011,FireMV+2200+PCIe&amp;id=414
416,FireMV 2250,46,290,,,Unknown,,,,,2533,17,104.0,Aug 2009,FireMV+2250&amp;id=416
417,FireMV 2260,117,488,15,256,Workstation,"PCIe 2.0 x1,x16, PCI",256,,,2324,9,88.08,Aug 2011,FireMV+2260&amp;id=417
418,FireMV 2400 PCIe,11,283,,256,Workstation,PCIe x1,256,,,2672,4,,Jan 2011,FireMV+2400+PCIe&amp;id=418
420,FireMV 2450,74,610,,,Unknown,,,,,2447,1,,Feb 2011,FireMV+2450&amp;id=420
422,FirePro 2260,113,431,,,Unknown,,,,,2343,80,,Mar 2010,FirePro+2260&amp;id=422
115,FirePro 2270,142,173,17,1024,Workstation,"PCIe 2.1 x1,x16",1024,600,600,2260,81,134.0,Aug 2012,FirePro+2270&amp;id=115
423,FirePro 2450,51,482,36,512,Workstation,"PCIe 2.0 x1,x16",512,,,2515,8,89.99,Jan 2010,FirePro+2450&amp;id=423
237,FirePro 2460,170,352,17,512,Workstation,PCIe 2.1 x16,512,,,2209,17,83.99,Aug 2012,FirePro+2460&amp;id=237
429,FirePro 3D V3700,179,466,32,256,Workstation,PCIe 2.0 x16,256,800,800,2198,41,84.99,Oct 2011,FirePro+3D+V3700&amp;id=429
430,FirePro 3D V3750,341,467,48,256,Workstation,PCIe 2.0 x16,256,550,550,2014,45,50.88,Sep 2009,FirePro+3D+V3750&amp;id=430
431,FirePro 3D V3800,472,507,43,512,Workstation,PCIe 2.1 x16,512,650,650,1895,47,149.99,Jul 2010,FirePro+3D+V3800&amp;id=431
433,FirePro 3D V4800,854,324,69,1024,Workstation,PCIe 2.1 x16,1024,775,775,1455,438,159.99,Aug 2010,FirePro+3D+V4800&amp;id=433
435,FirePro 3D V5700,547,517,58,512,Workstation,PCIe 2.0 x16,512,700,700,1800,30,319.99,Sep 2009,FirePro+3D+V5700&amp;id=435
436,FirePro 3D V5800,1232,339,74,1024,Workstation,PCIe 2.1 x16,1024,700,700,1251,165,204.0,Oct 2010,FirePro+3D+V5800&amp;id=436
437,FirePro 3D V7750,545,468,76,1024,Workstation,PCIe 2.0 x16,1024,800,800,1805,23,350.0,Sep 2009,FirePro+3D+V7750&amp;id=437
438,FirePro 3D V7800,1867,562,138,2048,Workstation,PCIe 2.1 x16,2048,700,700,1022,18,599.99,Aug 2010,FirePro+3D+V7800&amp;id=438
440,FirePro 3D V8700,1206,515,151,1024,Workstation,PCIe 2.1 x16,1024,750,750,1261,35,170.07,Nov 2010,FirePro+3D+V8700&amp;id=440
441,FirePro 3D V8750,1272,542,154,2048,Workstation,PCIe 2.1 x16,2048,750,750,1232,4,1230.99,Aug 2009,FirePro+3D+V8750&amp;id=441
442,FirePro 3D V8800,2438,632,208,2048,Workstation,PCIe 2.1 x16,2048,825,825,845,34,424.99,Aug 2010,FirePro+3D+V8800&amp;id=442
443,FirePro 3D V9800,2812,556,225,4096,Workstation,PCIe 2.1 x16,4096,850,850,778,3,2499.0,May 2011,FirePro+3D+V9800&amp;id=443
2268,FirePro M2000,428,206,,1024,Workstation,PCIe 2.1 x16,1024,500,500,1938,124,,Nov 2012,FirePro+M2000&amp;id=2268
238,FirePro M4000,1592,404,,2048,Workstation,PCIe 2.1 x16,2048,600,600,1127,200,72.83,Aug 2012,FirePro+M4000&amp;id=238
3360,FirePro M4000 Mobility Pro,1625,416,,,Unknown,,,,,1109,42,,Nov 2015,FirePro+M4000+Mobility+Pro&amp;id=3360
2194,FirePro M40003,1364,652,,,Unknown,,,,,1204,44,,Oct 2012,FirePro+M40003&amp;id=2194
3016,Firepro M4100,1059,623,,2048,Workstation,PCIe 3.0 x16,2048,670,670,1330,25,,Feb 2015,Firepro+M4100&amp;id=3016
3224,FirePro M4150,1036,168,,,Unknown,,,,,1344,70,,Jun 2015,FirePro+M4150&amp;id=3224
3145,FirePro M4170,1182,208,,,Unknown,,,,,1271,26,,Feb 2015,FirePro+M4170&amp;id=3145
2818,FirePro M5100,1874,405,,2048,Workstation,PCIe 3.0 x16,2048,775,775,1019,12,,Feb 2014,FirePro+M5100&amp;id=2818
3125,FirePro M5100 FireGL V,1839,867,,,Unknown,,,,,1034,1,,Feb 2015,FirePro+M5100+FireGL+V&amp;id=3125
233,FirePro M5950,1314,574,,1024,Workstation,PCIe 2.1 x16,1024,725,725,1218,2,,Jun 2011,FirePro+M5950&amp;id=233
2231,FirePro M6000,1820,776,,2048,Workstation,PCIe 3.0 x16,2048,800,800,1039,1,325.99,Oct 2012,FirePro+M6000&amp;id=2231
2437,FirePro M6000 Mobility Pro,1740,354,,,Unknown,,,,,1064,83,,Mar 2013,FirePro+M6000+Mobility+Pro&amp;id=2437
2657,FirePro M6100,2515,289,,2048,Workstation,PCIe 3.0 x16,2048,1075,1075,837,159,,Sep 2013,FirePro+M6100&amp;id=2657
3695,FirePro M6100 FireGL V,2885,330,,,Unknown,,,,,769,58,,Mar 2017,FirePro+M6100+FireGL+V&amp;id=3695
425,FirePro M7740,665,415,,1024,Workstation,PCIe 2.0 x16,1024,650,650,1641,50,,Dec 2009,FirePro+M7740&amp;id=425
3444,FirePro R5000,2647,625,,,Unknown,,,,,805,1,109.99,Mar 2016,FirePro+R5000&amp;id=3444
427,FirePro RG220,335,552,35,512,Workstation,PCIe 2.0 x16,512,500,500,2025,1,650.18,Mar 2011,FirePro+RG220&amp;id=427
3330,FirePro S10000,4537,494,,,Unknown,,,,,575,8,,Oct 2015,FirePro+S10000&amp;id=3330
2804,FirePro S7000,4732,821,150,4096,Workstation,PCIe 3.0 x16,4096,950,950,559,11,246.54,Feb 2014,FirePro+S7000&amp;id=2804
3604,FirePro S7150,3770,414,,,Unknown,,,,,648,7,1697.99,Nov 2016,FirePro+S7150&amp;id=3604
3209,FirePro S9000,5059,561,,,Unknown,,,,,531,6,,May 2015,FirePro+S9000&amp;id=3209
4287,FirePro S9050,4901,369,,,Unknown,,,,,543,2,,Sep 2020,FirePro+S9050&amp;id=4287
3518,FirePro V3800,321,178,,,Unknown,,,,,2042,24,124.99,Jul 2016,FirePro+V3800&amp;id=3518
240,FirePro V3900,628,238,50,1024,Workstation,PCIe 2.1 x16,1024,650,650,1690,174,238.44,Mar 2012,FirePro+V3900&amp;id=240
241,FirePro V4900,1013,354,75,1024,Workstation,PCIe 2.1 x16,1024,800,800,1354,263,149.99,May 2012,FirePro+V4900&amp;id=241
3111,FirePro V5700,465,469,,,Unknown,,,,,1906,2,188.06,Jan 2015,FirePro+V5700&amp;id=3111
3427,FirePro V5800,1184,273,,,Unknown,,,,,1269,17,53.0,Feb 2016,FirePro+V5800&amp;id=3427
243,FirePro V5900,1182,343,75,2048,Workstation,PCIe 2.1 x16,2048,600,600,1270,153,86.0,Jul 2011,FirePro+V5900&amp;id=243
2675,FirePro V7000,3162,668,,,Unknown,,,,,726,2,,Oct 2013,FirePro+V7000&amp;id=2675
3907,FirePro V7800,2028,307,,,Unknown,,,,,960,5,190.0,Mar 2018,FirePro+V7800&amp;id=3907
245,FirePro V7900,2261,352,150,2048,Workstation,PCIe 2.1 x16,2048,725,725,892,80,190.0,Sep 2011,FirePro+V7900&amp;id=245
3105,FirePro V8700,1539,527,,,Unknown,,,,,1151,1,157.88,Jan 2015,FirePro+V8700&amp;id=3105
3344,FirePro V8800,2281,445,,,Unknown,,,,,885,4,198.0,May 2020,FirePro+V8800&amp;id=3344
3423,FirePro V9800,2727,655,,,Unknown,,,,,792,18,474.0,Jan 2016,FirePro+V9800&amp;id=3423
2940,FirePro W2100,849,307,26,2048,Workstation,PCIe 3.0 x8,2048,630,630,1462,259,59.0,Sep 2014,FirePro+W2100&amp;id=2940
3019,FirePro W4100,1487,455,50,2048,Workstation,PCIe 3.0 x16,2048,630,630,1168,245,184.0,Nov 2014,FirePro+W4100&amp;id=3019
3070,FirePro W4170M,1071,206,,,Unknown,,,,,1325,443,,Apr 2015,FirePro+W4170M&amp;id=3070
3491,Firepro W4190M,1164,172,,,Unknown,,,,,1280,107,,Apr 2016,Firepro+W4190M&amp;id=3491
3425,FirePro W4300,2675,566,50,4096,Workstation,PCIe 3.0 x16,4096,930,930,804,68,239.99,Feb 2016,FirePro+W4300&amp;id=3425
2227,FirePro W5000,2972,559,75,2048,Workstation,PCIe 3.0 x16,2048,825,825,755,259,184.0,Oct 2012,FirePro+W5000&amp;id=2227
3044,FirePro W5100,2977,529,75,4096,Workstation,PCIe 3.0 x16,4096,930,930,753,412,125.99,Nov 2014,FirePro+W5100&amp;id=3044
3440,FirePro W5130M,1454,272,,,Unknown,,,,,1179,56,,Mar 2016,FirePro+W5130M&amp;id=3440
3470,Firepro W5170M,1816,327,,2048,"Mobile, Workstation",PCIe 3.0 x16,2048,925,925,1041,120,,Dec 2015,Firepro+W5170M&amp;id=3470
2371,FirePro W600,1695,575,75,2048,Workstation,PCIe 3.0 x16,2048,750,750,1081,47,414.99,Jan 2013,FirePro+W600&amp;id=2371
4341,FirePro W6150M,2358,286,,,Unknown,,,,,863,4,,Feb 2021,FirePro+W6150M&amp;id=4341
2232,FirePro W7000,4319,590,150,4096,Workstation,PCIe 3.0 x16,4096,950,950,599,294,174.96,Oct 2012,FirePro+W7000&amp;id=2232
2647,FirePro W7000 Adapter,4360,590,,,Unknown,,,,,592,45,,Sep 2013,FirePro+W7000+Adapter&amp;id=2647
3130,FirePro W7100,5025,654,150,8192,Workstation,PCIe 3.0 x16,8192,920,920,535,223,389.3,Feb 2015,FirePro+W7100&amp;id=3130
3412,FirePro W7170M,3694,368,,,Unknown,,,,,658,29,,Feb 2016,FirePro+W7170M&amp;id=3412
2427,FirePro W8000,4092,518,189,4096,Workstation,PCIe 3.0 x16,4096,900,900,611,48,573.0,Feb 2013,FirePro+W8000&amp;id=2427
2937,FirePro W8100,6594,732,220,8192,Workstation,PCIe 3.0 x16,8192,824,824,418,60,704.0,Aug 2014,FirePro+W8100&amp;id=2937
2281,FirePro W9000,6098,728,274,6144,Workstation,PCIe 3.0 x16,6144,975,975,449,18,845.0,Nov 2012,FirePro+W9000&amp;id=2281
3028,FirePro W9100,7748,796,275,16384,Workstation,PCIe 3.0 x16,16384,930,930,371,39,1729.99,Nov 2014,FirePro+W9100&amp;id=3028
3357,FireStream 9170,647,493,,,Unknown,,,,,1662,1,,Nov 2015,FireStream+9170&amp;id=3357
2652,FireStream 9250,1165,465,150,1024,Workstation,PCIe 2.0 x16,1024,625,625,1279,2,,Sep 2013,FireStream+9250&amp;id=2652
2960,FireStream 9270,1341,473,160,2048,Workstation,PCIe 2.0 x16,2048,750,750,1212,4,,Sep 2014,FireStream+9270&amp;id=2960
247,FireStream 9370,2528,763,225,4096,Workstation,PCIe 2.1 x16,4096,825,825,835,1,,Feb 2012,FireStream+9370&amp;id=247
3796,Fresco Logic IDDCX Adapter,1276,288,,,Unknown,,,,,,1,,Dec 2024,Fresco+Logic+IDDCX+Adapter&amp;id=3796
699,GeCube RADEON 7000,9,144,,,Unknown,,,,,2682,1,,Jan 2010,GeCube+RADEON+7000&amp;id=699
1168,GeForce 205,126,309,305,512,Desktop,PCIe 2.0 x16,512,589,589,2302,5,,Nov 2010,GeForce+205&amp;id=1168
1169,GeForce 210,144,30,305,1024,Desktop,"PCIe 2.0 x16,PCIe x1,PCI",1024,520589,520589,2254,7029,54.15,Oct 2009,GeForce+210&amp;id=1169
4035,GeForce 240M GT,320,434,,,Mobile,,,,,2044,1,,Jan 2019,GeForce+240M+GT&amp;id=4035
1170,GeForce 256,5,201,,,Unknown,,,,,2730,2,42.04,Apr 2009,GeForce+256&amp;id=1170
1171,GeForce 305M,151,149,14,512,Mobile,PCIe 2.0 x16,512,525,525,2238,3,,Mar 2012,GeForce+305M&amp;id=1171
1172,GeForce 310,144,40,305,512,Desktop,PCIe 2.0 x16,512,589,589,2255,387,108.35,Jan 2010,GeForce+310&amp;id=1172
102,GeForce 310M,129,21,14,512,Mobile,PCIe 2.0 x16,512,625,625,2295,1352,,Aug 2012,GeForce+310M&amp;id=102
1173,GeForce 315,196,45,33,512,Desktop,PCIe 2.0 x16,512,475,475,2175,177,32.99,Feb 2010,GeForce+315&amp;id=1173
1174,GeForce 315M,120,34,14,512,Mobile,PCIe 2.0 x16,512,606,606,2318,354,,Jun 2011,GeForce+315M&amp;id=1174
1175,GeForce 320M,190,46,20,256,Mobile,"Integrated,PCIe 2.0 x16",256,450,450,2187,126,,Nov 2011,GeForce+320M&amp;id=1175
1177,GeForce 405,118,52,,,Unknown,,,,,2323,182,24.64,Mar 2011,GeForce+405&amp;id=1177
1178,GeForce 410M,272,129,12,512,Mobile,PCIe 2.0 x16,512,575,575,2086,498,,Jul 2011,GeForce+410M&amp;id=1178
2604,GeForce 505,144,62,,,Unknown,,,,,2257,22,115.06,Aug 2013,GeForce+505&amp;id=2604
1179,GeForce 510,292,162,25,2048,Desktop,PCIe 2.0 x16,2048,523,523,2066,31,69.99,Dec 2011,GeForce+510&amp;id=1179
1180,GeForce 605,331,168,,,Unknown,,,,,2030,168,136.83,Jun 2012,GeForce+605&amp;id=1180
1181,GeForce 6100,27,44,,,Unknown,,,,,2618,136,,Apr 2009,GeForce+6100&amp;id=1181
1182,GeForce 6100 nForce 400,25,242,,,Unknown,,,,,2629,12,,Jun 2009,GeForce+6100+nForce+400&amp;id=1182
1183,GeForce 6100 nForce 405,27,56,,,Unknown,,,,,2620,196,,Apr 2009,GeForce+6100+nForce+405&amp;id=1183
1185,GeForce 6100 nForce 420,25,234,,,Unknown,,,,,2628,4,,Jul 2009,GeForce+6100+nForce+420&amp;id=1185
1186,GeForce 6100 nForce 430,23,249,,,Unknown,,,,,2641,8,,Apr 2009,GeForce+6100+nForce+430&amp;id=1186
2125,GeForce 610M,291,113,,,Mobile,,,,,2067,1546,,Oct 2012,GeForce+610M&amp;id=2125
2361,GeForce 615,505,286,,,Unknown,,,,,1854,37,,Jan 2013,GeForce+615&amp;id=2361
1187,GeForce 6150,22,250,,,Unknown,,,,,2644,72,233.0,Jan 2012,GeForce+6150&amp;id=1187
1188,GeForce 6150 LE,33,30,,,Unknown,,,,,2594,377,,May 2012,GeForce+6150+LE&amp;id=1188
1189,GeForce 6150SE,25,266,,,Unknown,,,,,2632,20,,Apr 2009,GeForce+6150SE&amp;id=1189
74,GeForce 6150SE nForce 430,31,14,,,Unknown,,,,,2607,1505,,Aug 2012,GeForce+6150SE+nForce+430&amp;id=74
1191,GeForce 6200,37,31,,256,Desktop,"AGP 8x,PCI,PCI-E x16",256,300,300,2572,453,53.17,Apr 2009,GeForce+6200&amp;id=1191
1192,GeForce 6200 A-LE,32,192,,256,Desktop,"AGP 8x,PCI-E x16",256,350,350,2603,11,,Apr 2009,GeForce+6200+A-LE&amp;id=1192
125,GeForce 6200 LE,33,56,,256,Desktop,"AGP 8x,PCI-E x16",256,350,350,2600,136,41.24,Aug 2012,GeForce+6200+LE&amp;id=125
1194,GeForce 6200 TurboCache,52,38,,,Unknown,,,,,2506,259,,Apr 2009,GeForce+6200+TurboCache&amp;id=1194
3063,GeForce 6200A,4,117,,128,Desktop,AGP 8x,128,350,350,2776,1,54.99,Dec 2014,GeForce+6200A&amp;id=3063
1195,GeForce 6200SE TurboCache,37,146,,,Unknown,,,,,2574,34,,Apr 2009,GeForce+6200SE+TurboCache&amp;id=1195
1197,GeForce 6500,38,300,,256,Desktop,PCI-E x16,256,400,400,2566,26,,Apr 2009,GeForce+6500&amp;id=1197
1198,GeForce 6600,86,37,,256,Desktop,"AGP 8x,PCI-E x16",256,300,300,2413,352,264.0,Apr 2009,GeForce+6600&amp;id=1198
1199,GeForce 6600 GT,143,53,,256,Desktop,"AGP 8x,PCI-E x16",256,500,500,2259,251,64.95,Jul 2010,GeForce+6600+GT&amp;id=1199
1201,GeForce 6600 LE,51,234,,256,Desktop,"AGP 8x,PCI-E x16",256,300,300,2513,45,,Apr 2009,GeForce+6600+LE&amp;id=1201
1203,GeForce 6610 XL,89,288,,,Unknown,,,,,2410,11,,May 2009,GeForce+6610+XL&amp;id=1203
1204,GeForce 6700 XL,95,243,,,Unknown,,,,,2392,33,,Apr 2009,GeForce+6700+XL&amp;id=1204
1205,GeForce 6800,113,258,,256,Desktop,"AGP 8x,PCI-E x16",256,325,325,2344,117,559.29,Apr 2009,GeForce+6800&amp;id=1205
1207,GeForce 6800 GS,192,72,,256,Desktop,PCI-E x16,256,425,425,2185,53,,Apr 2009,GeForce+6800+GS&amp;id=1207
1208,GeForce 6800 GS/XT,103,196,,256,Desktop,"AGP 8x,PCI-E x16",256,325,325,2371,12,,Apr 2009,GeForce+6800+GS%2FXT&amp;id=1208
1210,GeForce 6800 GT,142,212,,256,Desktop,"AGP 8x,PCI-E x16",256,350,350,2261,27,,Apr 2009,GeForce+6800+GT&amp;id=1210
1213,GeForce 6800 LE,110,166,,128,Desktop,"AGP 8x,PCI-E x16",128,325,325,2355,7,,Apr 2009,GeForce+6800+LE&amp;id=1213
1214,GeForce 6800 Ultra,139,153,,512,Desktop,"AGP 8x,PCI-E x16",512,400,400,2269,3,,Apr 2009,GeForce+6800+Ultra&amp;id=1214
1215,GeForce 6800 XE,59,166,,,Unknown,,,,,2492,1,,May 2009,GeForce+6800+XE&amp;id=1215
1216,GeForce 6800 XT,121,103,,256,Desktop,"AGP 8x,PCI-E x16",256,325,325,2315,34,,Apr 2009,GeForce+6800+XT&amp;id=1216
1217,GeForce 7000M,13,239,,256,Mobile,Hyper Transport,256,350,,2665,2,,Feb 2010,GeForce+7000M&amp;id=1217
1218,GeForce 7000M / nForce 610M,13,188,,,Mobile,,,,,2666,119,,Apr 2009,GeForce+7000M+%2F+nForce+610M&amp;id=1218
1220,GeForce 7025 / nForce 630a,33,12,,,Unknown,,,,,2597,923,,Mar 2012,GeForce+7025+%2F+nForce+630a&amp;id=1220
1221,GeForce 7050 / nForce 610i,26,78,,,Unknown,,,,,2626,110,,May 2009,GeForce+7050+%2F+nForce+610i&amp;id=1221
1222,GeForce 7050 / nForce 620i,40,68,,,Unknown,,,,,2560,72,,Jun 2009,GeForce+7050+%2F+nForce+620i&amp;id=1222
1223,GeForce 7050 / nForce 630i,38,145,,,Unknown,,,,,2569,12,,Feb 2010,GeForce+7050+%2F+nForce+630i&amp;id=1223
1224,GeForce 7050 PV / nForce 630a,30,68,,,Unknown,,,,,2610,91,,Jun 2009,GeForce+7050+PV+%2F+nForce+630a&amp;id=1224
2781,GeForce 705M,456,455,,,Mobile,,,,,1910,21,,Jan 2014,GeForce+705M&amp;id=2781
1225,GeForce 7100 / nForce 620i,26,229,,,Unknown,,,,,2623,1,,Jun 2009,GeForce+7100+%2F+nForce+620i&amp;id=1225
1226,GeForce 7100 / nForce 630i,44,35,,0,Desktop,PCIe 2 x1,0,600,600,2545,241,,Jun 2009,GeForce+7100+%2F+nForce+630i&amp;id=1226
1227,GeForce 7100 GS,51,79,,256,Desktop,PCI-E x16,256,350,350,2514,116,,Apr 2009,GeForce+7100+GS&amp;id=1227
2622,GeForce 710A,427,172,33,2048,Desktop,PCIe 2.0 x16,2048,938,938,1939,39,,Jan 2014,GeForce+710A&amp;id=2622
2399,GeForce 710M,439,127,12,2048,Mobile,PCIe 2.0 x16,2048,800,,1928,1048,,Feb 2013,GeForce+710M&amp;id=2399
1228,GeForce 7150 / nForce 630i,33,254,,,Unknown,,,,,2598,6,,Mar 2012,GeForce+7150+%2F+nForce+630i&amp;id=1228
1229,GeForce 7150M / nForce 630M,18,194,,,Mobile,,,,,2652,149,,Apr 2009,GeForce+7150M+%2F+nForce+630M&amp;id=1229
1231,GeForce 7200 GS,23,98,,256,Desktop,"AGP 8x,PCI-E x16",256,450,450,2640,1,,Nov 2009,GeForce+7200+GS&amp;id=1231
3977,GeForce 720A,577,253,,,Unknown,,,,,1755,7,,Aug 2018,GeForce+720A&amp;id=3977
1232,GeForce 7300 GS,80,41,,256,Desktop,"AGP 8x,PCI-E x16",256,550,550,2438,247,,Apr 2009,GeForce+7300+GS&amp;id=1232
1233,GeForce 7300 GT,122,26,,256,Desktop,"AGP 8x,PCI-E x16",256,350,350,2313,405,149.99,Apr 2009,GeForce+7300+GT&amp;id=1233
1235,GeForce 7300 LE,82,33,,128,Desktop,PCI-E x16,128,350,350,2429,406,32.0,May 2012,GeForce+7300+LE&amp;id=1235
1236,GeForce 7300 SE,39,251,,128,Desktop,PCI-E x16,128,350,350,2564,14,,Apr 2009,GeForce+7300+SE&amp;id=1236
1238,GeForce 7300 SE/7200 GS,49,27,,512,Workstation,PCI-E x16,512,450,450,2524,441,,Oct 2009,GeForce+7300+SE%2F7200+GS&amp;id=1238
3306,GeForce 730A,765,184,,,Unknown,,,,,1537,52,,Sep 2015,GeForce+730A&amp;id=3306
1241,GeForce 7350 LE,74,281,,,Unknown,,,,,2446,7,,Jun 2009,GeForce+7350+LE&amp;id=1241
39,GeForce 7500 LE,91,42,,256,Desktop,"AGP 8x,PCI-E x16",256,263324,263324,2405,79,,Aug 2012,GeForce+7500+LE&amp;id=39
9,GeForce 7600 GS,166,33,,256,Desktop,"AGP 8x,PCI-E x16",256,400,400,2220,557,108.16,Aug 2012,GeForce+7600+GS&amp;id=9
1243,GeForce 7600 GT,235,47,,256,Desktop,"AGP 8x,PCI-E x16",256,560,560,2126,441,199.0,Oct 2009,GeForce+7600+GT&amp;id=1243
1247,GeForce 7650 GS,134,335,,,Unknown,,,,,2285,30,,Apr 2009,GeForce+7650+GS&amp;id=1247
3519,GeForce 770M,3246,500,,,Mobile,,,,,712,1,176.99,Jun 2016,GeForce+770M&amp;id=3519
1248,GeForce 7800 GS,177,199,,256,Desktop,AGP 8x,256,375,375,2200,38,,Apr 2009,GeForce+7800+GS&amp;id=1248
1249,GeForce 7800 GT,244,273,,256,Desktop,PCI-E x16,256,400,400,2117,73,80.0,Apr 2009,GeForce+7800+GT&amp;id=1249
1250,GeForce 7800 GTX,268,143,86,512,Desktop,PCI-E x16,512,550,550,2091,100,71.6,Apr 2009,GeForce+7800+GTX&amp;id=1250
1251,GeForce 7900 GS,262,65,,256,Desktop,"AGP 8x,PCI-E x16",256,450,450,2099,225,,Apr 2009,GeForce+7900+GS&amp;id=1251
1252,GeForce 7900 GT,258,160,,256,Desktop,PCI-E x16,256,450,450,2105,2,199.0,Apr 2009,GeForce+7900+GT&amp;id=1252
1253,GeForce 7900 GT/GTO,247,469,,256,Desktop,PCI-E x16,256,450,450,2113,92,,Apr 2009,GeForce+7900+GT%2FGTO&amp;id=1253
1254,GeForce 7900 GTX,388,165,,512,Desktop,PCI-E x16,512,650,650,1977,90,,Apr 2009,GeForce+7900+GTX&amp;id=1254
1255,GeForce 7950 GT,345,112,,512,Desktop,"AGP 8x,PCI-E x16",512,550,550,2013,170,239.42,Oct 2011,GeForce+7950+GT&amp;id=1255
1256,GeForce 7950 GX2,267,217,,1024,Desktop,PCI-E x16,1024,500,500,2092,37,54.99,Apr 2009,GeForce+7950+GX2&amp;id=1256
3389,GeForce 7950 Xtreme,288,288,,,Unknown,,,,,2072,1,,Dec 2015,GeForce+7950+Xtreme&amp;id=3389
3356,GeForce 800A,435,134,,,Unknown,,,,,1932,8,,Nov 2015,GeForce+800A&amp;id=3356
3015,GeForce 800M,491,190,,,Mobile,,,,,1870,29,,Oct 2014,GeForce+800M&amp;id=3015
1257,GeForce 8100 / nForce 720a,79,308,,,Unknown,,,,,2440,16,,Apr 2009,GeForce+8100+%2F+nForce+720a&amp;id=1257
3099,GeForce 810A,612,262,,,Unknown,,,,,1708,14,,Dec 2014,GeForce+810A&amp;id=3099
3005,GeForce 810M,420,66,,,Mobile,,,,,1949,99,,Oct 2014,GeForce+810M&amp;id=3005
1258,GeForce 8200,164,61,,,Unknown,,,,,2226,174,,Apr 2009,GeForce+8200&amp;id=1258
1259,GeForce 8200M G,65,34,192,256,Mobile,Integrated (PCIe 2.0 x16),256,400,400,2477,366,,Apr 2009,GeForce+8200M+G&amp;id=1259
3210,GeForce 820A,556,159,,,Unknown,,,,,1784,32,,May 2015,GeForce+820A&amp;id=3210
2785,GeForce 820M,479,114,15,2048,Mobile,PCIe 2.0 x16,2048,954,,1882,2762,,Jul 2014,GeForce+820M&amp;id=2785
2971,GeForce 825M,749,200,33,2048,Mobile,PCIe 3.0 x8,2048,850,,1556,43,,Oct 2014,GeForce+825M&amp;id=2971
1260,GeForce 8300,102,168,,,Unknown,,,,,2375,62,22.68,Apr 2009,GeForce+8300&amp;id=1260
1261,GeForce 8300 GS,115,111,40,512,Desktop,PCIe 2.0 x16,512,450,450,2331,45,,Apr 2009,GeForce+8300+GS&amp;id=1261
3094,GeForce 830A,1173,279,,,Unknown,,,,,1277,30,,Dec 2014,GeForce+830A&amp;id=3094
2982,GeForce 830M,993,134,25,2048,Mobile,PCIe 3.0 x16,2048,1029,,1365,409,,Oct 2014,GeForce+830M&amp;id=2982
1262,GeForce 8400,81,160,,,Unknown,,,,,2432,50,589.99,Apr 2009,GeForce+8400&amp;id=1262
73,GeForce 8400 GS,169,22,40,512,Desktop,"PCIe 1.0 x16,PCI",512,450,450,2214,3159,85.97,Aug 2012,GeForce+8400+GS&amp;id=73
1264,GeForce 8400 SE,68,290,,,Unknown,,,,,2468,6,,May 2009,GeForce+8400+SE&amp;id=1264
1265,GeForce 8400M G,105,124,10,128,Mobile,PCIe x16,128,400,400,2362,97,,Apr 2009,GeForce+8400M+G&amp;id=1265
1266,GeForce 8400M GS,112,23,11,128,Mobile,PCIe x16,128,400,400,2349,639,78.2,Apr 2009,GeForce+8400M+GS&amp;id=1266
1268,GeForce 8400M GT,98,38,14,256,Mobile,PCIe x16,256,450,450,2382,106,,Apr 2009,GeForce+8400M+GT&amp;id=1268
3045,GeForce 840A,1082,164,,,Unknown,,,,,1313,43,,Nov 2014,GeForce+840A&amp;id=3045
2873,GeForce 840M,1098,150,30,2048,Mobile,PCIe 3.0 x16,2048,1029,,1306,5061,,May 2014,GeForce+840M&amp;id=2873
3126,GeForce 845M,1500,206,,,Mobile,PCIe 3.0 x16,,,,1165,91,,Feb 2015,GeForce+845M&amp;id=3126
1270,GeForce 8500 GT,173,29,45,1024,Desktop,"PCIe 1.0 x16,PCI",1024,450,450,2206,1149,,Apr 2009,GeForce+8500+GT&amp;id=1270
1272,GeForce 8600 GS,179,82,47,512,Desktop,PCIe 1.0 x16,512,540,540,2196,95,,Apr 2009,GeForce+8600+GS&amp;id=1272
64,GeForce 8600 GT,150,38,47,1024,Desktop,"PCIe 1.0 x16,PCI",1024,540,540,2239,2174,196.0,Aug 2012,GeForce+8600+GT&amp;id=64
118,GeForce 8600 GTS,185,24,75,512,Desktop,PCIe 1.0 x16,512,675,675,2190,654,241.99,Aug 2012,GeForce+8600+GTS&amp;id=118
1274,GeForce 8600M GS,89,34,20,256,Mobile,PCIe x16,256,600,600,2411,313,,Apr 2009,GeForce+8600M+GS&amp;id=1274
1275,GeForce 8600M GT,164,24,20,256,Mobile,PCIe x16,256,475,475,2227,758,108.1,Apr 2011,GeForce+8600M+GT&amp;id=1275
1276,GeForce 8700M GT,124,57,29,256,Mobile,PCIe x16,256,625,625,2307,107,,Apr 2009,GeForce+8700M+GT&amp;id=1276
1277,GeForce 8800 GS,330,121,105,768,Desktop,PCIe 2.0 x16,768,550,550,2032,108,,Aug 2009,GeForce+8800+GS&amp;id=1277
1279,GeForce 8800 GT,453,46,125,1024,Desktop,PCIe 2.0 x16,1024,600,600,1913,1710,213.54,Apr 2009,GeForce+8800+GT&amp;id=1279
101,GeForce 8800 GTS,398,29,146,320,Desktop,PCIe 1.0 x16,320,500513,500513,1967,879,79.99,Aug 2012,GeForce+8800+GTS&amp;id=101
63,GeForce 8800 GTS 512,550,66,135,512,Desktop,PCIe 2.0 x16,512,650,650,1795,423,,Aug 2012,GeForce+8800+GTS+512&amp;id=63
119,GeForce 8800 GTX,556,80,155,768,Desktop,PCIe 1.0 x16,768,575,575,1785,575,119.99,Aug 2012,GeForce+8800+GTX&amp;id=119
1281,GeForce 8800 Ultra,643,252,171,768,Desktop,PCIe 1.0 x16,768,612,612,1669,41,723.6,Apr 2009,GeForce+8800+Ultra&amp;id=1281
1284,GeForce 8800M GTS,382,159,50,512,Mobile,PCIe 2.0 x16,512,500,500,1980,36,,Aug 2012,GeForce+8800M+GTS&amp;id=1284
1285,GeForce 8800M GTX,462,175,65,512,Mobile,PCIe 2.0 x16,512,500,500,1908,47,,Apr 2009,GeForce+8800M+GTX&amp;id=1285
1286,GeForce 9100,82,345,,,Unknown,,,,,2426,113,,Apr 2009,GeForce+9100&amp;id=1286
1287,GeForce 9100M G,83,42,,,Mobile,,,,,2423,83,,Apr 2009,GeForce+9100M+G&amp;id=1287
3285,GeForce 910M,602,114,,,Mobile,,,,,1720,28,,Aug 2015,GeForce+910M&amp;id=3285
1288,GeForce 9200,168,24,,,Unknown,,,,,2217,257,,May 2009,GeForce+9200&amp;id=1288
1289,GeForce 9200M GE,144,61,,,Mobile,,,,,2258,51,,Apr 2009,GeForce+9200M+GE&amp;id=1289
1290,GeForce 9200M GS,129,46,13,256,Mobile,PCIe 2.0 x16,256,550,550,2293,199,,Apr 2009,GeForce+9200M+GS&amp;id=1290
3565,GeForce 920A,817,138,,,Unknown,,,,,1490,29,,Aug 2016,GeForce+920A&amp;id=3565
3192,GeForce 920M,715,120,,,Mobile,,,,,1599,2901,,Apr 2015,GeForce+920M&amp;id=3192
3520,GeForce 920MX,1059,149,,,Unknown,,,,,1331,1237,,Jun 2016,GeForce+920MX&amp;id=3520
1291,GeForce 9300,127,385,,,Unknown,,,,,2300,2,59.0,Apr 2009,GeForce+9300&amp;id=1291
1292,GeForce 9300 / nForce 730i,129,367,,,Unknown,,,,,2294,50,,Apr 2009,GeForce+9300+%2F+nForce+730i&amp;id=1292
1293,GeForce 9300 GE,115,34,,256,Desktop,PCIe 2.0 x16,256,540,540,2332,243,22.99,Apr 2009,GeForce+9300+GE&amp;id=1293
1294,GeForce 9300 GS,102,80,,256,Desktop,PCIe 2.0 x16,256,567,567,2372,42,59.95,May 2009,GeForce+9300+GS&amp;id=1294
3128,GeForce 9300 SE,82,344,,,Unknown,,,,,2431,1,,Feb 2015,GeForce+9300+SE&amp;id=3128
1295,GeForce 9300GE,98,367,,,Unknown,,,,,2387,2,97.2,Apr 2009,GeForce+9300GE&amp;id=1295
1296,GeForce 9300M G,85,242,13,256,Mobile,PCIe 2.0 x16,256,400,400,2417,50,,May 2009,GeForce+9300M+G&amp;id=1296
1297,GeForce 9300M GS,152,21,13,256,Mobile,PCIe 2.0 x16,256,550,550,2234,502,43.42,Apr 2009,GeForce+9300M+GS&amp;id=1297
3417,GeForce 930A,1218,199,,,Unknown,,,,,1257,36,,Jan 2016,GeForce+930A&amp;id=3417
3252,GeForce 930M,1013,147,,,Mobile,,,,,1353,881,,Jul 2015,GeForce+930M&amp;id=3252
3549,GeForce 930MX,1272,192,17,2048,Mobile,PCI Express 3.0,2048,952,952,1234,1588,,Jul 2016,GeForce+930MX&amp;id=3549
1298,GeForce 9400,151,45,,,Unknown,,,,,2236,93,,Apr 2009,GeForce+9400&amp;id=1298
11,GeForce 9400 GT,195,36,50,1024,Desktop,"PCIe 2.0 x16,PCI",1024,550,550,2178,1426,60.73,Nov 2010,GeForce+9400+GT&amp;id=11
1299,GeForce 9400M,101,55,,,Mobile,,,,,2376,116,,Apr 2009,GeForce+9400M&amp;id=1299
1300,GeForce 9400M G,174,33,12,256,Mobile,Integrated(PCIe 2.0 x16),256,450,450,2203,121,,Jul 2009,GeForce+9400M+G&amp;id=1300
3393,GeForce 940A,1114,192,,,Unknown,,,,,1299,8,,Dec 2015,GeForce+940A&amp;id=3393
3155,GeForce 940M,1133,153,33,2048,Mobile,PCIe 3.0 x16,2048,1072,1072,1290,3110,,Mar 2015,GeForce+940M&amp;id=3155
3453,GeForce 940MX,1507,172,,,Unknown,,,,,1159,6911,,Mar 2016,GeForce+940MX&amp;id=3453
2466,GeForce 9450,105,342,,,Unknown,,,,,2363,1,,Mar 2013,GeForce+9450&amp;id=2466
4094,GeForce 945A,1852,716,,,Unknown,,,,,1028,1,,May 2019,GeForce+945A&amp;id=4094
3388,GeForce 945M,2160,237,,,Mobile,,,,,924,45,,Dec 2015,GeForce+945M&amp;id=3388
78,GeForce 9500 GS,216,34,,,Unknown,,,,,2145,222,,Aug 2012,GeForce+9500+GS&amp;id=78
1304,GeForce 9500 GT,192,32,50,1024,Desktop,"PCIe 2.0 x16,PCI",1024,550,550,2183,3502,85.99,Apr 2009,GeForce+9500+GT&amp;id=1304
1305,GeForce 9500M,104,320,,,Mobile,,,,,2368,7,101.2,Apr 2009,GeForce+9500M&amp;id=1305
1306,GeForce 9500M G,122,172,20,512,Mobile,PCIe 2.0 x16,512,500,500,2314,3,,Jul 2009,GeForce+9500M+G&amp;id=1306
1307,GeForce 9500M GS,133,54,20,512,Mobile,PCIe x16,512,475,475,2287,133,,Apr 2009,GeForce+9500M+GS&amp;id=1307
1308,GeForce 9600 GS,282,41,,768,Desktop,"PCIe 2.0 x16,PCI",768,500,500,2077,123,,Jan 2010,GeForce+9600+GS&amp;id=1308
1309,GeForce 9600 GSO,323,90,84,1536,Desktop,PCIe 2.0 x16,1536,550,550,2041,252,107.39,Apr 2009,GeForce+9600+GSO&amp;id=1309
1310,GeForce 9600 GSO 512,330,79,90,512,Desktop,PCIe 2.0 x16,512,650,650,2033,95,,Apr 2009,GeForce+9600+GSO+512&amp;id=1310
95,GeForce 9600 GT,470,41,95,1024,Desktop,PCIe 2.0 x16,1024,650,650,1898,3841,64.99,Feb 2011,GeForce+9600+GT&amp;id=95
1313,GeForce 9600M GS,155,56,20,1024,Mobile,PCIe 2.0 x16,1024,430,430,2231,252,,Apr 2009,GeForce+9600M+GS&amp;id=1313
1314,GeForce 9600M GT,170,25,23,512,Mobile,PCIe 2.0 x16,512,500,500,2213,981,78.2,Apr 2009,GeForce+9600M+GT&amp;id=1314
1315,GeForce 9600M GT / GeForce GT 220M,293,291,,,Mobile,,,,,2064,5,,May 2010,GeForce+9600M+GT+%2F+GeForce+GT+220M&amp;id=1315
1316,GeForce 9650M GS,270,328,29,512,Mobile,PCIe 2.0 x16,512,625,625,2088,5,,Apr 2009,GeForce+9650M+GS&amp;id=1316
1317,GeForce 9650M GT,137,57,23,1024,Mobile,PCIe 2.0 x16,1024,550,550,2272,82,117.3,Apr 2009,GeForce+9650M+GT&amp;id=1317
1318,GeForce 9700M GT,327,97,45,512,Mobile,PCIe x16,512,625,625,2036,65,,Apr 2009,GeForce+9700M+GT&amp;id=1318
1319,GeForce 9700M GTS,312,33,60,512,Mobile,PCIe 2.0 x16,512,530,530,2051,51,,Dec 2010,GeForce+9700M+GTS&amp;id=1319
60,GeForce 9800 GT,441,51,125,1024,Desktop,PCIe 2.0 x16,1024,600,600,1926,3499,155.05,Aug 2012,GeForce+9800+GT&amp;id=60
3260,GeForce 9800 GT 1024MB,134,315,,,Unknown,,,,,2283,1,,Jul 2015,GeForce+9800+GT+1024MB&amp;id=3260
1320,GeForce 9800 GTX,769,366,140,512,Desktop,PCIe 2.0 x16,512,675,675,1535,3,74.99,Apr 2009,GeForce+9800+GTX&amp;id=1320
92,GeForce 9800 GTX+,489,75,141,1024,Desktop,PCIe 2.0 x16,1024,738,738,1873,423,,Aug 2012,GeForce+9800+GTX%2B&amp;id=92
1321,GeForce 9800 GTX/9800 GTX+,571,78,,,Unknown,,,,,1765,736,89.99,Jun 2009,GeForce+9800+GTX%2F9800+GTX%2B&amp;id=1321
1323,GeForce 9800 GX2,613,262,197,2,Desktop,PCIe 2.0 x16,2,600,600,1707,50,195.0,Apr 2009,GeForce+9800+GX2&amp;id=1323
2264,GeForce 9800 S,636,427,,,Unknown,,,,,1676,6,,Nov 2012,GeForce+9800+S&amp;id=2264
97,GeForce 9800M GS,488,40,60,512,Mobile,PCIe 2.0 x16,512,530,530,1875,69,,Aug 2012,GeForce+9800M+GS&amp;id=97
1325,GeForce 9800M GT,381,81,65,512,Mobile,PCIe 2.0 x16,512,500,500,1981,22,,Apr 2009,GeForce+9800M+GT&amp;id=1325
1326,GeForce 9800M GTS,349,61,75,512,Mobile,PCIe 2.0 x16,512,600,600,2011,124,,Apr 2009,GeForce+9800M+GTS&amp;id=1326
1327,GeForce 9800M GTX,454,89,75,1024,Mobile,PCIe 2.0 x16,1024,500,500,1911,47,328.5,Apr 2009,GeForce+9800M+GTX&amp;id=1327
3403,GeForce 999 GTX,84,138,,,Unknown,,,,,2421,2,,Jul 2017,GeForce+999+GTX&amp;id=3403
1329,GeForce FX 5100,8,247,,,Unknown,,,,,2690,1,,Jul 2009,GeForce+FX+5100&amp;id=1329
1330,GeForce FX 5200,8,154,,128,Desktop,"AGP 8X,PCI",128,250,250,2693,414,129.0,Sep 2010,GeForce+FX+5200&amp;id=1330
1333,GeForce FX 5200 Ultra,12,138,,128,Desktop,AGP 8X,128,325,325,2669,2,,Apr 2009,GeForce+FX+5200+Ultra&amp;id=1333
1334,GeForce FX 5200LE,7,170,,,Unknown,,,,,2696,3,42.99,May 2009,GeForce+FX+5200LE&amp;id=1334
2655,GeForce FX 5200SE,12,194,,,Unknown,,,,,2671,2,,Sep 2013,GeForce+FX+5200SE&amp;id=2655
1335,GeForce FX 5500,8,152,,256,Desktop,"AGP 8X,AGP 4X,PCI",256,270,270,2685,178,153.97,Apr 2009,GeForce+FX+5500&amp;id=1335
1336,GeForce FX 5600,13,168,,256,Desktop,"AGP 8X,PCI",256,325,325,2667,35,,Apr 2009,GeForce+FX+5600&amp;id=1336
1337,GeForce FX 5600 Ultra,17,122,,128,Desktop,AGP 8X,128,350,350,2658,2,,Apr 2009,GeForce+FX+5600+Ultra&amp;id=1337
1339,GeForce FX 5600XT,9,166,,,Unknown,,,,,2681,10,,Apr 2009,GeForce+FX+5600XT&amp;id=1339
1340,GeForce FX 5700,41,173,,256,Desktop,AGP 8X,256,425,425,2552,24,,Apr 2009,GeForce+FX+5700&amp;id=1340
1341,GeForce FX 5700 Ultra,34,126,,256,Desktop,AGP 8X,256,475,475,2588,5,,Apr 2009,GeForce+FX+5700+Ultra&amp;id=1341
1342,GeForce FX 5700LE,25,147,,256,Desktop,AGP 8X,256,250,250,2633,22,,Apr 2009,GeForce+FX+5700LE&amp;id=1342
1343,GeForce FX 5700VE,33,161,,256,Desktop,AGP 8X,256,235,235,2596,7,,Apr 2009,GeForce+FX+5700VE&amp;id=1343
1346,GeForce FX 5900,35,188,,128,Desktop,AGP 8X,128,400,400,2585,8,,Apr 2009,GeForce+FX+5900&amp;id=1346
1347,GeForce FX 5900 Ultra,41,170,,256,Desktop,AGP 8X,256,450,450,2551,5,,May 2009,GeForce+FX+5900+Ultra&amp;id=1347
1348,GeForce FX 5900XT,40,134,,128,Desktop,AGP 8X,128,390,390,2556,10,,Apr 2009,GeForce+FX+5900XT&amp;id=1348
1349,GeForce FX 5900ZT,33,129,,128,Desktop,AGP 8X,128,325,325,2601,1,,May 2009,GeForce+FX+5900ZT&amp;id=1349
1350,GeForce FX 5950 Ultra,59,274,,256,Desktop,AGP 8X,256,475,475,2490,3,,Apr 2009,GeForce+FX+5950+Ultra&amp;id=1350
1351,GeForce FX Go 5200,8,190,,32,Mobile,AGP x8,32,300,300,2683,29,,Jun 2010,GeForce+FX+Go+5200&amp;id=1351
1353,GeForce FX Go 5600,18,186,,32,Mobile,AGP x8,32,350,350,2656,11,,Sep 2009,GeForce+FX+Go+5600&amp;id=1353
1358,GeForce FX Go5300,13,159,,,Unknown,,,,,2668,2,,Aug 2009,GeForce+FX+Go5300&amp;id=1358
1361,GeForce FX Go5650,17,211,,,Unknown,,,,,2659,2,,May 2009,GeForce+FX+Go5650&amp;id=1361
1362,GeForce FX Go5700,51,171,,,Unknown,,,,,2512,6,,May 2009,GeForce+FX+Go5700&amp;id=1362
23,GeForce G 103M,63,34,14,512,Mobile,PCIe 2.0 x16,512,640,640,2482,117,,Aug 2012,GeForce+G+103M&amp;id=23
1364,GeForce G 105M,99,19,14,512,Mobile,PCIe 2.0 x16,512,640,640,2380,311,,Apr 2009,GeForce+G+105M&amp;id=1364
43,GeForce G100,176,63,,,Unknown,,,,,2201,71,19.99,Aug 2012,GeForce+G100&amp;id=43
1366,GeForce G102M,170,50,,,Mobile,,,,,2212,103,,Jul 2009,GeForce+G102M&amp;id=1366
1367,GeForce G105M,133,31,,,Mobile,,,,,2286,163,,Nov 2009,GeForce+G105M&amp;id=1367
1368,GeForce G200,136,82,,,Unknown,,,,,2277,10,,Feb 2010,GeForce+G200&amp;id=1368
1369,GeForce G205M,125,105,,,Mobile,,,,,2304,13,,Sep 2010,GeForce+G205M&amp;id=1369
1370,GeForce G210,164,36,,,Unknown,,,,,2228,353,122.12,Jul 2009,GeForce+G210&amp;id=1370
1371,GeForce G210M,135,18,14,512,Mobile,PCIe 2.0 x16,512,625,625,2279,215,,Sep 2009,GeForce+G210M&amp;id=1371
1372,GeForce Go 6100,18,181,,,Unknown,,,,,2655,88,,Apr 2009,GeForce+Go+6100&amp;id=1372
1373,GeForce Go 6150,19,92,,,Unknown,,,,,2648,122,,Oct 2009,GeForce+Go+6150&amp;id=1373
1375,GeForce Go 6200,15,204,,16,Mobile,PCI-E x16,16,300,300,2662,18,,Apr 2009,GeForce+Go+6200&amp;id=1375
1377,GeForce Go 6400,24,212,,16,Mobile,PCI-E x16,16,400,400,2634,4,,Apr 2009,GeForce+Go+6400&amp;id=1377
1378,GeForce Go 6600,69,209,,128,Mobile,PCI-E x16,128,300,300,2463,20,,Apr 2009,GeForce+Go+6600&amp;id=1378
1379,GeForce Go 6600 TE/6200 TE,45,223,,,Unknown,,,,,2539,7,,May 2009,GeForce+Go+6600+TE%2F6200+TE&amp;id=1379
1381,GeForce Go 6800,106,205,,128,Mobile,PCI-E x16,128,300,300,2360,21,,Apr 2009,GeForce+Go+6800&amp;id=1381
1383,GeForce Go 6800 Ultra,138,198,,256,Mobile,PCI-E x16,256,450,450,2271,4,,Apr 2009,GeForce+Go+6800+Ultra&amp;id=1383
126,GeForce Go 7200,45,199,,64,Mobile,PCIe x16,64,450,450,2537,15,,Aug 2012,GeForce+Go+7200&amp;id=126
59,GeForce Go 7300,52,114,,512,Mobile,PCIe x16,512,350,350,2509,245,,Aug 2012,GeForce+Go+7300&amp;id=59
1386,GeForce Go 7400,66,112,,256,Mobile,PCIe x16,256,450,450,2476,150,,Apr 2009,GeForce+Go+7400&amp;id=1386
1387,GeForce Go 7600,128,220,,512,Mobile,PCIe x16,512,450,450,2298,193,,Apr 2009,GeForce+Go+7600&amp;id=1387
1389,GeForce Go 7600 GT,210,125,,256,Mobile,PCIe x16,256,500,500,2155,8,,Jun 2009,GeForce+Go+7600+GT&amp;id=1389
1390,GeForce Go 7700,148,232,,512,Mobile,PCIe x16,512,450,450,2247,4,,Apr 2009,GeForce+Go+7700&amp;id=1390
1391,GeForce Go 7800,115,209,35,256,Mobile,PCIe x16,256,400,400,2334,5,,Apr 2009,GeForce+Go+7800&amp;id=1391
1392,GeForce Go 7800 GTX,210,239,65,256,Mobile,PCIe x16,256,400,400,2156,8,,Apr 2009,GeForce+Go+7800+GTX&amp;id=1392
1393,GeForce Go 7900 GS,178,88,20,256,Mobile,PCIe x16,256,375,375,2199,58,,Nov 2009,GeForce+Go+7900+GS&amp;id=1393
1396,GeForce Go 7900 GTX,270,264,45,256,Mobile,PCIe x16,256,500,500,2087,2,,Apr 2009,GeForce+Go+7900+GTX&amp;id=1396
1399,GeForce Go 7950 GTX,264,283,45,512,Mobile,PCIe x16,512,575,575,2098,50,,Apr 2009,GeForce+Go+7950+GTX&amp;id=1399
3065,GeForce GPU,1157,156,,1024,Mobile,PCI-E 3.0 x4,1024,954,954,1286,160,,Jul 2015,GeForce+GPU&amp;id=3065
5791,GeForce GT 1010,972,257,,,Unknown,,,,,1380,2,,Feb 2025,GeForce+GT+1010&amp;id=5791
3757,GeForce GT 1030,2398,446,30,2048,Desktop,PCIe 3.0 x4 ,2048,1227,1227,850,12534,119.99,May 2017,GeForce+GT+1030&amp;id=3757
1402,GeForce GT 120,187,46,50,512,Desktop,PCIe 2.0 x16,512,500,500,2189,157,29.99,Apr 2009,GeForce+GT+120&amp;id=1402
1403,GeForce GT 120 / 9500 GT,325,327,,,Unknown,,,,,2038,1,,Sep 2011,GeForce+GT+120+%2F+9500+GT&amp;id=1403
1404,GeForce GT 120M,151,32,23,1024,Mobile,PCIe 2.0 x16,1024,500,500,2237,40,,Jul 2009,GeForce+GT+120M&amp;id=1404
1405,GeForce GT 130,381,109,75,1536,Desktop,PCIe 2.0 x16,1536,500,500,1983,41,151.34,Apr 2009,GeForce+GT+130&amp;id=1405
1406,GeForce GT 130M,168,26,23,1024,Mobile,PCIe 2.0 x16,1024,600,600,2218,190,,Apr 2009,GeForce+GT+130M&amp;id=1406
1407,GeForce GT 140,658,225,105,1024,Desktop,PCIe 2.0 x16,1024,650,650,1649,22,,May 2009,GeForce+GT+140&amp;id=1407
72,GeForce GT 220,222,42,58,1024,Desktop,PCIe 2.0 x16,1024,625,625,2136,2227,39.99,Aug 2012,GeForce+GT+220&amp;id=72
1408,GeForce GT 220M,208,53,14,1024,Mobile,PCIe 2.0 x16,1024,500,500,2158,173,,Aug 2009,GeForce+GT+220M&amp;id=1408
1409,GeForce GT 230,323,70,,,Unknown,,,,,2040,264,43.99,May 2009,GeForce+GT+230&amp;id=1409
1410,GeForce GT 230M,220,37,23,1024,Mobile,PCIe 2.0 x16,1024,500,500,2139,506,,Sep 2009,GeForce+GT+230M&amp;id=1410
61,GeForce GT 240,474,41,69,1024,Desktop,PCIe 2.0 x16,1024,550,550,1894,1953,160.97,Aug 2012,GeForce+GT+240&amp;id=61
1411,GeForce GT 240M,212,48,23,1024,Mobile,PCIe 2.0 x16,1024,550,550,2151,383,,Jul 2009,GeForce+GT+240M&amp;id=1411
1413,GeForce GT 320,468,57,43,1024,Desktop,PCIe 2.0 x16,1024,540,540,1899,255,32.69,Jan 2010,GeForce+GT+320&amp;id=1413
1414,GeForce GT 320M,114,32,14,1024,Mobile,PCIe 2.0 x16,1024,500,500,2339,361,,Feb 2010,GeForce+GT+320M&amp;id=1414
1415,GeForce GT 325M,170,49,23,1024,Mobile,PCIe 2.0 x16,1024,450,450,2210,78,,Apr 2011,GeForce+GT+325M&amp;id=1415
1416,GeForce GT 330,398,49,,,Unknown,,,,,1968,151,39.99,Mar 2010,GeForce+GT+330&amp;id=1416
108,GeForce GT 330M,219,39,23,1024,Mobile,PCIe 2.0 x16,1024,575,575,2141,1297,,Aug 2012,GeForce+GT+330M&amp;id=108
1417,GeForce GT 335M,361,26,28,1024,Mobile,PCIe 2.0 x16,1024,450,450,2003,331,,Mar 2010,GeForce+GT+335M&amp;id=1417
1418,GeForce GT 340,738,242,69,1024,Desktop,PCIe 2.0 x16,1024,550,550,1571,26,52.99,Jan 2011,GeForce+GT+340&amp;id=1418
2423,GeForce GT 415,251,249,,,Unknown,,,,,2110,3,,Feb 2013,GeForce+GT+415&amp;id=2423
1419,GeForce GT 415M,286,221,12,512,Mobile,PCIe 2.0 x16,512,500,500,2073,22,,Apr 2011,GeForce+GT+415M&amp;id=1419
1420,GeForce GT 420,436,198,50,1024,Desktop,PCIe 2.0 x16,1024,700,700,1929,550,155.0,Dec 2010,GeForce+GT+420&amp;id=1420
1421,GeForce GT 420M,392,92,23,512,Mobile,PCIe 2.0 x16,512,500,500,1974,360,,Oct 2010,GeForce+GT+420M&amp;id=1421
1422,GeForce GT 425M,501,169,23,1024,Mobile,PCIe 2.0 x16,1024,560,560,1860,562,,Sep 2010,GeForce+GT+425M&amp;id=1422
53,GeForce GT 430,594,209,49,1024,Desktop,"PCIe 2.0 x16,PCI",1024,700,700,1729,3111,139.99,Aug 2012,GeForce+GT+430&amp;id=53
86,GeForce GT 435M,536,176,35,2048,Mobile,PCIe 2.0 x16,2048,650,650,1813,142,,Aug 2012,GeForce+GT+435M&amp;id=86
1423,GeForce GT 440,771,244,65,2048,Desktop,PCIe 2.0 x16,2048,810,810,1532,1901,225.0,Dec 2010,GeForce+GT+440&amp;id=1423
1424,GeForce GT 445M,790,208,35,1536,Mobile,PCIe 2.0 x16,1536,590,590,1508,81,,Nov 2010,GeForce+GT+445M&amp;id=1424
1425,GeForce GT 520,325,137,29,2048,Desktop,"PCIe 2.0 x16,PCIe 2.0 x1,PCI",2048,810,810,2037,2286,304.0,Apr 2011,GeForce+GT+520&amp;id=1425
70,GeForce GT 520M,289,77,12,1024,Mobile,PCIe 2.0 x16,1024,740,740,2070,1075,29.95,Aug 2012,GeForce+GT+520M&amp;id=70
2144,GeForce GT 520MX,290,54,20,1024,Mobile,PCIe 2.0 x16,1024,900,900,2068,519,,Oct 2012,GeForce+GT+520MX&amp;id=2144
89,GeForce GT 525M,452,100,20,1024,Mobile,PCIe 2.0 x16,1024,600,600,1919,1795,,Sep 2012,GeForce+GT+525M&amp;id=89
1426,GeForce GT 530,653,241,50,2048,Desktop,PCIe 2.0 x16,2048,700,700,1653,520,49.0,Jun 2011,GeForce+GT+530&amp;id=1426
27,GeForce GT 540M,471,92,32,1024,Mobile,PCIe 2.0 x16,1024,672,672,1896,3924,87.95,Aug 2012,GeForce+GT+540M&amp;id=27
112,GeForce GT 545,1126,331,,,Unknown,,,,,1293,370,55.59,Aug 2012,GeForce+GT+545&amp;id=112
1427,GeForce GT 550M,546,115,32,1024,Mobile,PCIe 2.0 x16,1024,740,740,1803,315,,Mar 2011,GeForce+GT+550M&amp;id=1427
1428,GeForce GT 555M,650,112,30,1024,Mobile,PCIe 2.0 x16,1024,590650753,590650753,1660,1211,177.2,Mar 2011,GeForce+GT+555M&amp;id=1428
33,GeForce GT 610,339,135,29,2048,Desktop,"PCIe 2.0 x16, PCIe x1, PCI",2048,810,810,2020,5893,139.99,Aug 2012,GeForce+GT+610&amp;id=33
2877,GeForce GT 610M / GT 620M / GT 710M / GT 720M / GT,369,824,,,Mobile,,,,,1994,1,,May 2014,GeForce+GT+610M+%2F+GT+620M+%2F+GT+710M+%2F+GT+720M+%2F+GT&amp;id=2877
1429,GeForce GT 620,396,158,30,512,Desktop,PCIe 2.0 x16,512,,,1970,1685,154.0,Jun 2012,GeForce+GT+620&amp;id=1429
1430,GeForce GT 620M,424,123,15,2048,Mobile,PCIe 2.0 x16,2048,625,,1941,701,,Jul 2012,GeForce+GT+620M&amp;id=1430
2563,GeForce GT 625,378,190,30,1024,Desktop,PCIe 2.0 x16,1024,810,810,1985,116,,Jun 2013,GeForce+GT+625&amp;id=2563
2414,GeForce GT 625M,485,139,15,2048,Mobile,PCIe 2.0 x16,2048,625,,1879,39,,Feb 2013,GeForce+GT+625M&amp;id=2414
1431,GeForce GT 630,684,242,50,2048,Desktop,PCIe 3.0 x16,2048,875,875,1622,6387,147.01,Jun 2012,GeForce+GT+630&amp;id=1431
77,GeForce GT 630M,513,151,33,2048,Mobile,PCIe 2.0 x16,2048,660800,,1841,3269,,Oct 2012,GeForce+GT+630M&amp;id=77
2683,GeForce GT 635,811,233,,,Unknown,,,,,1496,446,66.94,Oct 2013,GeForce+GT+635&amp;id=2683
2136,GeForce GT 635M,532,171,35,1536,Mobile,PCIe 2.0 x16,1536,675,,1820,1675,,Sep 2012,GeForce+GT+635M&amp;id=2136
1432,GeForce GT 640,1162,298,65,4096,Desktop,PCIe 3.0 x16,4096,900,900,1282,5047,109.99,Dec 2011,GeForce+GT+640&amp;id=1432
2147,GeForce GT 640M,885,205,32,2048,Mobile,PCIe 3.0 x16,2048,625,,1437,1068,,Oct 2012,GeForce+GT+640M&amp;id=2147
2135,GeForce GT 640M LE,690,171,32,2048,Mobile,"PCIe 2.0 x16,PCIe 3.0 x16",2048,762500,,1614,375,849.99,Sep 2012,GeForce+GT+640M+LE&amp;id=2135
2242,GeForce GT 645,2006,443,,,Unknown,,,,,966,11,,Nov 2012,GeForce+GT+645&amp;id=2242
2388,GeForce GT 645M,941,167,32,2048,Mobile,PCIe 3.0 x16,2048,710,,1400,314,,Jan 2013,GeForce+GT+645M&amp;id=2388
122,GeForce GT 650M,1179,238,45,2048,Mobile,PCIe 3.0 x16,2048,835745900,835745900,1273,3636,,Aug 2012,GeForce+GT+650M&amp;id=122
2952,GeForce GT 705,373,164,29,1024,Desktop,PCIe 2.0 x16,1024,810,810,1991,246,296.76,Sep 2014,GeForce+GT+705&amp;id=2952
2910,GeForce GT 710,618,216,25,2048,Desktop,PCIe 2.0 x8,2048,823,823,1700,9085,249.99,Jul 2014,GeForce+GT+710&amp;id=2910
2744,GeForce GT 710M,423,117,,,Mobile,,,,,1945,174,,Aug 2014,GeForce+GT+710M&amp;id=2744
2896,GeForce GT 720,661,226,19,2048,Desktop,PCIe 2.0 x8,2048,797,797,1643,1791,99.99,Jun 2014,GeForce+GT+720&amp;id=2896
2890,GeForce GT 720A,567,207,,,Unknown,,,,,1772,17,,Oct 2014,GeForce+GT+720A&amp;id=2890
2529,GeForce GT 720M,436,119,,2048,Mobile,PCIe 2.0 x16,2048,938,,1930,1586,,Jul 2013,GeForce+GT+720M&amp;id=2529
2906,GeForce GT 730,825,260,49,2048,Desktop,PCIe 2.0 x8 x16,2048,,,1481,12917,139.9,Jul 2014,GeForce+GT+730&amp;id=2906
2749,GeForce GT 730A,743,714,,,Unknown,,,,,1567,10,,Jun 2014,GeForce+GT+730A&amp;id=2749
2417,GeForce GT 730M,810,171,33,2048,Mobile,PCIe 3.0 x8,2048,719,,1497,1130,,Feb 2013,GeForce+GT+730M&amp;id=2417
2592,GeForce GT 735M,660,130,,2048,Mobile,PCIe 3.0 x8,2048,889,,1645,157,,Jul 2013,GeForce+GT+735M&amp;id=2592
2883,GeForce GT 740,1419,351,64,1024,Desktop,PCIe 3.0 x16,1024,993,993,1192,2688,236.99,Jun 2014,GeForce+GT+740&amp;id=2883
2928,GeForce GT 740A,710,265,,,Unknown,,,,,1603,6,,Apr 2015,GeForce+GT+740A&amp;id=2928
2461,GeForce GT 740M,772,148,,2048,Mobile,PCIe 3.0 x8,2048,980,,1529,4798,,May 2013,GeForce+GT+740M&amp;id=2461
2632,GeForce GT 745A,1256,270,,,Unknown,,,,,1242,22,,Aug 2013,GeForce+GT+745A&amp;id=2632
2564,GeForce GT 745M,1075,177,45,2048,Mobile,PCIe 3.0 x16,2048,837,,1321,614,,Jun 2013,GeForce+GT+745M&amp;id=2564
2492,GeForce GT 750M,1334,245,50,2048,Mobile,PCIe 3.0 x16,2048,967,,1214,3708,,Apr 2013,GeForce+GT+750M&amp;id=2492
2646,GeForce GT 755M,1728,334,50,2048,Mobile,PCIe 3.0 x16,2048,1020,,1068,836,,Sep 2013,GeForce+GT+755M&amp;id=2646
3586,GeForce GT 820M,531,143,,,Mobile,,,,,1823,243,,Oct 2016,GeForce+GT+820M&amp;id=3586
2591,GeForce GT625M,422,113,,,Mobile,,,,,1947,33,,Jan 2014,GeForce+GT625M&amp;id=2591
2986,GeForce GTS 150M,504,407,,1024,Mobile,PCIe 2.0 x16,1024,400,400,1856,1,,Oct 2014,GeForce+GTS+150M&amp;id=2986
1435,GeForce GTS 160M,679,308,60,1024,Mobile,PCIe 2.0 x16,1024,600,600,1631,5,,Jul 2009,GeForce+GTS+160M&amp;id=1435
1436,GeForce GTS 240,510,87,120,1024,Desktop,PCIe 2.0 x16,1024,675,675,1846,218,64.99,Sep 2009,GeForce+GTS+240&amp;id=1436
29,GeForce GTS 250,563,47,150,1024,Desktop,PCIe 2.0 x16,1024,738,738,1776,3276,86.06,Aug 2012,GeForce+GTS+250&amp;id=29
1437,GeForce GTS 250M,520,37,28,1024,Mobile,PCIe 2.0 x16,1024,500,500,1833,62,,Oct 2009,GeForce+GTS+250M&amp;id=1437
1438,GeForce GTS 350M,381,69,28,1024,Mobile,PCIe 2.0 x16,1024,500,500,1984,32,,Aug 2010,GeForce+GTS+350M&amp;id=1438
1439,GeForce GTS 360M,637,48,38,1024,Mobile,PCIe 2.0 x16,1024,550,550,1674,228,,Jan 2010,GeForce+GTS+360M&amp;id=1439
1,GeForce GTS 450,1355,330,106,1024,Desktop,PCIe 2.0 x16,1024,783,783,1208,4323,134.23,Aug 2012,GeForce+GTS+450&amp;id=1
3596,GeForce GTX 1050,5050,458,75,2048,Desktop,PCI-E 3.0 x16,2048,1354,1354,533,25661,279.99,Oct 2016,GeForce+GTX+1050&amp;id=3596
4088,GeForce GTX 1050 (Mobile),4463,292,,4096,Mobile,PCIe 3.0 x16,4096,1354,1354,585,2441,,Apr 2019,GeForce+GTX+1050+%28Mobile%29&amp;id=4088
4603,GeForce GTX 1050 3GB,5115,606,75,3072,Desktop,PCIe 3.0 x16,3072,1392,1392,527,180,,Apr 2020,GeForce+GTX+1050+3GB&amp;id=4603
3595,GeForce GTX 1050 Ti,6366,656,75,4096,Desktop,PCI-E 3.0 x16,4096,1290,1290,430,46020,350.0,Oct 2016,GeForce+GTX+1050+Ti&amp;id=3595
4089,GeForce GTX 1050 Ti (Mobile),5918,323,,4096,Mobile,PCIe 3.0 x16,4096,1493,1493,459,1541,,Apr 2019,GeForce+GTX+1050+Ti+%28Mobile%29&amp;id=4089
3922,GeForce GTX 1050 Ti with Max-Q Design,5315,335,,4096,Mobile,PCIe 3.0 x16,4096,1151,1151,506,2104,,Apr 2018,GeForce+GTX+1050+Ti+with+Max-Q+Design&amp;id=3922
3971,GeForce GTX 1050 with Max-Q Design,3904,276,,4096,Mobile,PCIe 3.0 x16,4096,999,999,629,397,,Aug 2018,GeForce+GTX+1050+with+Max-Q+Design&amp;id=3971
3548,GeForce GTX 1060,10034,739,120,6144,Desktop,PCIe 3.0 x16,6144,1708,1708,293,48150,299.0,Jul 2016,GeForce+GTX+1060&amp;id=3548
4086,GeForce GTX 1060 (Mobile),8160,444,80,6144,Mobile,PCIe 3.0 x16,6144,1404,1404,353,1660,,Apr 2019,GeForce+GTX+1060+%28Mobile%29&amp;id=4086
3566,GeForce GTX 1060 3GB,9845,776,120,3072,Desktop,PCIe 3.0 x16,3072,1708,1708,295,22955,285.0,Aug 2016,GeForce+GTX+1060+3GB&amp;id=3566
3923,GeForce GTX 1060 5GB,9217,638,120,5120,Desktop,PCIe 3.0 x16,5120,1556,1556,322,156,487.99,Apr 2018,GeForce+GTX+1060+5GB&amp;id=3923
3769,GeForce GTX 1060 with Max-Q Design,7820,395,80,6144,Mobile,PCIe 3.0 x16,6144,1480,1480,369,2485,,Jun 2017,GeForce+GTX+1060+with+Max-Q+Design&amp;id=3769
3521,GeForce GTX 1070,13513,848,150,8192,Desktop,PCIe 3.0 x16,8192,1506,1506,208,53524,248.02,Jun 2016,GeForce+GTX+1070&amp;id=3521
4087,GeForce GTX 1070 (Mobile),10465,603,,8192,Mobile,PCIe 3.0 x16,8192,1443,1443,282,642,,Apr 2019,GeForce+GTX+1070+%28Mobile%29&amp;id=4087
3842,GeForce GTX 1070 Ti,14671,876,180,8192,Desktop,PCIe 3.0 x16,8192,1607,1607,180,12943,335.0,Nov 2017,GeForce+GTX+1070+Ti&amp;id=3842
3779,GeForce GTX 1070 with Max-Q Design,9791,411,90,8192,Mobile,PCIe 3.0 x16,8192,1379,1379,299,859,,Jul 2017,GeForce+GTX+1070+with+Max-Q+Design&amp;id=3779
3502,GeForce GTX 1080,15605,888,180,8192,Desktop,PCIe 3.0 x16,8192,1607,1607,156,42139,374.0,May 2016,GeForce+GTX+1080&amp;id=3502
3699,GeForce GTX 1080 Ti,18592,941,250,11264,Desktop,PCIe 3.0 x16,11264,1480,1480,107,32737,399.0,Mar 2017,GeForce+GTX+1080+Ti&amp;id=3699
3784,GeForce GTX 1080 with Max-Q Design,11760,731,110,8192,Mobile,PCIe 3.0 x16,8192,1468,1468,253,216,,Jul 2017,GeForce+GTX+1080+with+Max-Q+Design&amp;id=3784
4571,GeForce GTX 1630,4972,659,75,4096,Desktop,PCIe 3.0 x16,4096,1740,1740,540,276,189.99,Aug 2022,GeForce+GTX+1630&amp;id=4571
4078,GeForce GTX 1650,7870,552,75,4096,Desktop,PCIe 3.0 x16,4096,1485,1485,366,36797,295.0,Apr 2019,GeForce+GTX+1650&amp;id=4078
4090,GeForce GTX 1650 (Mobile),6968,384,50,4096,Mobile,PCIe 3.0 x16,4096,1395,1395,402,1754,,May 2019,GeForce+GTX+1650+%28Mobile%29&amp;id=4090
4167,GeForce GTX 1650 SUPER,10195,750,100,4096,Desktop,PCIe 3.0 x16,4096,1530,1530,287,7334,189.0,Nov 2019,GeForce+GTX+1650+SUPER&amp;id=4167
4195,GeForce GTX 1650 Ti,7535,370,55,4096,Mobile,PCIe 3.0 x16,4096,1350,1350,385,5880,,Mar 2020,GeForce+GTX+1650+Ti&amp;id=4195
4209,GeForce GTX 1650 Ti with Max-Q Design,6633,335,35,4096,Mobile,PCIe 3.0 x16,4096,1035,1035,414,755,,May 2020,GeForce+GTX+1650+Ti+with+Max-Q+Design&amp;id=4209
4104,GeForce GTX 1650 with Max-Q Design,6361,334,35,4096,Mobile,PCIe 3.0 x16,4096,1020,1020,431,2369,,Jun 2019,GeForce+GTX+1650+with+Max-Q+Design&amp;id=4104
4062,GeForce GTX 1660,11615,777,120,6144,Desktop,PCIe 3.0 x16,6144,1530,1530,258,9310,207.55,Mar 2019,GeForce+GTX+1660&amp;id=4062
4159,GeForce GTX 1660 SUPER,12670,807,125,6144,Desktop,PCIe 3.0 x16,6144,1530,1530,223,21821,219.58,Nov 2019,GeForce+GTX+1660+SUPER&amp;id=4159
4045,GeForce GTX 1660 Ti,12588,770,120,6144,Desktop,PCIe 3.0 x16,6144,1500,1500,229,14242,199.99,Feb 2019,GeForce+GTX+1660+Ti&amp;id=4045
4091,GeForce GTX 1660 Ti (Mobile),10090,473,80,6144,Mobile,PCIe 3.0 x16,6144,1455,1455,290,5615,,May 2019,GeForce+GTX+1660+Ti+%28Mobile%29&amp;id=4091
4082,GeForce GTX 1660 Ti with Max-Q Design,8626,355,60,6144,Mobile,PCIe 3.0 x16,6144,1140,1140,340,1639,,May 2019,GeForce+GTX+1660+Ti+with+Max-Q+Design&amp;id=4082
17,GeForce GTX 260,1199,46,202,896,Desktop,PCIe 2.0 x16,896,576,576,1265,3078,285.78,Aug 2012,GeForce+GTX+260&amp;id=17
83,GeForce GTX 260M,385,36,65,1024,Mobile,PCIe 2.0 x16,1024,550,550,1978,333,,Aug 2012,GeForce+GTX+260M&amp;id=83
21,GeForce GTX 275,1345,51,219,896,Desktop,PCIe 2.0 x16,896,633,633,1211,811,431.72,Aug 2012,GeForce+GTX+275&amp;id=21
66,GeForce GTX 280,1294,54,236,1024,Desktop,PCIe 2.0 x16,1024,602,602,1225,457,522.78,Aug 2012,GeForce+GTX+280&amp;id=66
1443,GeForce GTX 280M,596,97,75,1024,Mobile,PCIe 2.0 x16,1024,585,585,1725,67,,May 2009,GeForce+GTX+280M&amp;id=1443
1444,GeForce GTX 285,1453,64,204,1024,Desktop,PCIe 2.0 x16,1024,648,648,1180,829,119.99,Apr 2009,GeForce+GTX+285&amp;id=1444
1445,GeForce GTX 285M,584,106,75,1024,Mobile,PCIe 2.0 x16,1024,600,600,1747,44,,Feb 2010,GeForce+GTX+285M&amp;id=1445
1446,GeForce GTX 295,1221,65,289,1792,Desktop,PCIe 2.0 x16,1792,576,576,1256,465,159.99,Apr 2009,GeForce+GTX+295&amp;id=1446
31,GeForce GTX 460,2269,395,150,768,Desktop,PCIe 2.0 x16,768,675,675,891,6967,89.99,Aug 2012,GeForce+GTX+460&amp;id=31
123,GeForce GTX 460 SE,1991,372,150,1024,Desktop,PCIe 2.0 x16,1024,650,650,973,712,159.99,Aug 2012,GeForce+GTX+460+SE&amp;id=123
1447,GeForce GTX 460 v2,2065,406,160,1024,Desktop,PCIe 2.0 x16,1024,778,778,948,230,199.99,Oct 2011,GeForce+GTX+460+v2&amp;id=1447
93,GeForce GTX 460M,1222,257,50,1536,Mobile,PCIe 2.0 x16,1536,675,675,1254,843,,Aug 2012,GeForce+GTX+460M&amp;id=93
82,GeForce GTX 465,2645,463,200,1024,Desktop,PCIe 2.0 x16,1024,607,607,806,557,195.0,Aug 2012,GeForce+GTX+465&amp;id=82
55,GeForce GTX 470,3166,409,215,1280,Desktop,PCIe 2.0 x16,1280,607,607,724,2054,59.99,Aug 2012,GeForce+GTX+470&amp;id=55
1448,GeForce GTX 470M,1953,413,50,1536,Mobile,PCIe 2.0 x16,1536,550,550,989,8,,Dec 2010,GeForce+GTX+470M&amp;id=1448
100,GeForce GTX 480,4078,431,250,1536,Desktop,PCIe 2.0 x16,1536,700,700,613,1870,169.99,Aug 2012,GeForce+GTX+480&amp;id=100
1449,GeForce GTX 480M,1653,430,100,2048,Mobile,PCIe 2.0 x16,2048,425,425,1098,16,,Jul 2010,GeForce+GTX+480M&amp;id=1449
1450,GeForce GTX 485M,2360,479,100,2048,Mobile,PCIe 2.0 x16,2048,575,575,862,24,,Jan 2011,GeForce+GTX+485M&amp;id=1450
16,GeForce GTX 550 Ti,1558,387,116,3072,Desktop,PCIe 2.0 x16,3072,900,900,1139,8486,99.99,Aug 2012,GeForce+GTX+550+Ti&amp;id=16
1451,GeForce GTX 555,1602,446,150,1024,Desktop,PCIe 2.0 x16,1024,736,736,1122,166,,Feb 2012,GeForce+GTX+555&amp;id=1451
71,GeForce GTX 560,2772,433,150,1024,Desktop,PCIe 2.0 x16,1024,810,810,784,5463,205.0,Aug 2012,GeForce+GTX+560&amp;id=71
106,GeForce GTX 560 SE,1896,462,150,1024,Desktop,PCIe 2.0 x16,1024,736,736,1011,295,89.99,Aug 2012,GeForce+GTX+560+SE&amp;id=106
18,GeForce GTX 560 Ti,3081,442,170,2048,Desktop,PCIe 2.0 x16,2048,822,822,739,10048,129.99,Aug 2012,GeForce+GTX+560+Ti&amp;id=18
1452,GeForce GTX 560M,1290,272,75,3072,Mobile,PCIe 2.0 x16,3072,775,775,1227,1016,,Jun 2011,GeForce+GTX+560M&amp;id=1452
15,GeForce GTX 570,3952,477,219,2560,Desktop,PCIe 2.0 x16,2560,732,732,622,5456,149.99,Aug 2012,GeForce+GTX+570&amp;id=15
1453,GeForce GTX 570M,1848,361,75,1536,Mobile,PCIe 2.0 x16,1536,575,575,1031,187,,Sep 2011,GeForce+GTX+570M&amp;id=1453
68,GeForce GTX 580,4630,490,244,3072,Desktop,PCIe 2.0 x16,3072,772,772,567,4742,488.59,Aug 2012,GeForce+GTX+580&amp;id=68
1455,GeForce GTX 580M,1851,334,100,2048,Mobile,PCIe 2.0 x16,2048,620,620,1029,106,248.68,Jul 2011,GeForce+GTX+580M&amp;id=1455
1457,GeForce GTX 590,3341,394,365,3072,Desktop,PCIe 2.0 x16,3072,607,607,696,419,435.0,Mar 2011,GeForce+GTX+590&amp;id=1457
2513,GeForce GTX 645,1875,427,64,1024,Desktop,PCIe 3.0 x16,1024,8235,8235,1018,522,,May 2013,GeForce+GTX+645&amp;id=2513
2155,GeForce GTX 650,1757,379,64,2048,Desktop,PCIe 3.0 x16,2048,1058,1058,1061,7604,228.88,Sep 2012,GeForce+GTX+650&amp;id=2155
2177,GeForce GTX 650 Ti,2535,420,110,2048,Desktop,PCIe 3.0 x16,2048,928,928,832,5568,93.05,Oct 2012,GeForce+GTX+650+Ti&amp;id=2177
2479,GeForce GTX 650 Ti BOOST,3416,475,134,2048,Desktop,PCIe 3.0 x16,2048,980,980,689,2561,,Apr 2013,GeForce+GTX+650+Ti+BOOST&amp;id=2479
2152,GeForce GTX 660,4050,493,140,3072,Desktop,PCIe 3.0 x16,3072,980,980,615,16612,295.0,Sep 2012,GeForce+GTX+660&amp;id=2152
88,GeForce GTX 660 Ti,4413,472,150,3072,Desktop,PCIe 3.0 x16,3072,915,915,589,8271,144.0,Aug 2012,GeForce+GTX+660+Ti&amp;id=88
1458,GeForce GTX 660M,1441,275,50,2048,Mobile,PCIe 3.0 x16,2048,950,950,1186,1594,229.99,May 2012,GeForce+GTX+660M&amp;id=1458
35,GeForce GTX 670,5374,540,170,4096,Desktop,PCIe 3.0 x16,4096,915,915,501,9748,193.98,Aug 2012,GeForce+GTX+670&amp;id=35
1459,GeForce GTX 670M,1712,312,75,3072,Mobile,PCIe 2.0 x16,3072,620,,1078,675,,May 2012,GeForce+GTX+670M&amp;id=1459
2296,GeForce GTX 670MX,1983,332,75,3072,Mobile,PCIe 3.0 x16,3072,615,,976,472,,Dec 2012,GeForce+GTX+670MX&amp;id=2296
1460,GeForce GTX 675M,1858,276,100,2048,Mobile,PCIe 2.0 x16,2048,632,,1027,431,,May 2012,GeForce+GTX+675M&amp;id=1460
2349,GeForce GTX 675MX,3155,399,100,4096,Mobile,PCIe 3.0 x16,4096,667,,727,163,,Jan 2013,GeForce+GTX+675MX&amp;id=2349
41,GeForce GTX 680,5609,531,195,4096,Desktop,PCIe 3.0 x16,4096,1006,1006,479,7475,399.0,Aug 2012,GeForce+GTX+680&amp;id=41
1461,GeForce GTX 680M,3288,356,100,4096,Mobile,PCIe 3.0 x16,4096,719,,706,482,135.99,Jul 2012,GeForce+GTX+680M&amp;id=1461
3832,GeForce GTX 680M KY_Bullet Edition,3569,581,,,Mobile,,,,,671,1,,Oct 2017,GeForce+GTX+680M+KY_Bullet+Edition&amp;id=3832
2356,GeForce GTX 680MX,3799,458,122,4096,Mobile,PCIe 3.0 x16,4096,719,,644,45,,Jan 2013,GeForce+GTX+680MX&amp;id=2356
1462,GeForce GTX 690,5476,468,300,2048,Desktop,PCIe 3.0 x16,2048,915,915,494,1245,280.99,May 2012,GeForce+GTX+690&amp;id=1462
2843,GeForce GTX 745,2119,483,55,4096,Desktop,PCIe 3.0 x16,4096,1033,1033,935,2221,284.95,Mar 2014,GeForce+GTX+745&amp;id=2843
2825,GeForce GTX 750,3291,521,55,2048,Desktop,PCIe 3.0 x16,2048,1020,1020,705,7142,87.99,Feb 2014,GeForce+GTX+750&amp;id=2825
2815,GeForce GTX 750 Ti,3899,534,60,4096,Desktop,PCIe 3.0 x16,4096,1020,1020,631,24323,105.99,Feb 2014,GeForce+GTX+750+Ti&amp;id=2815
2561,GeForce GTX 760,4827,539,170,4096,Desktop,PCIe 3.0 x16,4096,980,980,551,18838,149.0,Jun 2013,GeForce+GTX+760&amp;id=2561
2801,GeForce GTX 760 Ti,5307,548,170,2048,Desktop,PCIe 3.0 x16,2048,915,915,507,164,297.5,Jan 2014,GeForce+GTX+760+Ti&amp;id=2801
4108,GeForce GTX 760 Ti OEM,5474,571,,,Unknown,,,,,495,15,,Jul 2019,GeForce+GTX+760+Ti+OEM&amp;id=4108
3186,GeForce GTX 760A,1071,261,,,Unknown,,,,,1323,9,,Apr 2015,GeForce+GTX+760A&amp;id=3186
2597,GeForce GTX 760M,1741,232,55,2048,Mobile,PCIe 3.0 x16,2048,719,,1063,488,,Aug 2013,GeForce+GTX+760M&amp;id=2597
2537,GeForce GTX 765M,2006,283,65,2048,Mobile,PCIe 3.0 x16,2048,863,,967,1430,186.3,Jun 2013,GeForce+GTX+765M&amp;id=2537
2531,GeForce GTX 770,5961,565,230,4096,Desktop,PCIe 3.0 x16,4096,1046,1046,454,15327,249.0,Jun 2013,GeForce+GTX+770&amp;id=2531
2534,GeForce GTX 770M,2794,332,75,3072,Mobile,PCIe 3.0 x16,3072,797,797,781,1169,138.0,Jun 2013,GeForce+GTX+770M&amp;id=2534
2729,GeForce GTX 775M,4007,539,,,Mobile,,,,,618,55,,Nov 2013,GeForce+GTX+775M&amp;id=2729
2525,GeForce GTX 780,7969,591,250,6144,Desktop,PCIe 3.0 x16,6144,863,863,361,8885,279.99,May 2013,GeForce+GTX+780&amp;id=2525
2717,GeForce GTX 780 Ti,9458,633,250,3072,Desktop,PCIe 3.0 x16,3072,875,875,311,4813,410.0,Nov 2013,GeForce+GTX+780+Ti&amp;id=2717
2536,GeForce GTX 780M,3909,424,122,4096,Mobile,PCIe 3.0 x16,4096,797,,628,891,499.0,Jun 2013,GeForce+GTX+780M&amp;id=2536
3213,GeForce GTX 850A,767,198,,,Unknown,,,,,1536,8,,May 2015,GeForce+GTX+850A&amp;id=3213
2859,GeForce GTX 850M,2535,227,40,2048,Mobile,PCIe 3.0 x16,2048,876,876,831,2926,,May 2014,GeForce+GTX+850M&amp;id=2859
2968,GeForce GTX 850M - MODDED,1092,819,,,Mobile,,,,,1308,1,,Oct 2014,GeForce+GTX+850M+-+MODDED&amp;id=2968
2866,GeForce GTX 860M,3095,227,45,2048,Mobile,PCIe 3.0 x16,2048,1085,1085,737,4357,114.0,Apr 2014,GeForce+GTX+860M&amp;id=2866
2833,GeForce GTX 870M,3557,279,110,6144,Mobile,PCIe 3.0 x16,6144,967,967,674,730,,Mar 2014,GeForce+GTX+870M&amp;id=2833
2850,GeForce GTX 880M,3844,335,130,8192,Mobile,PCIe 3.0 x16,8192,993,,639,672,,Mar 2014,GeForce+GTX+880M&amp;id=2850
3295,GeForce GTX 950,5351,652,90,2048,Desktop,PCIe 3.0 x16,2048,1024,1024,503,8061,229.0,Aug 2015,GeForce+GTX+950&amp;id=3295
3334,GeForce GTX 950A,2599,270,,,Unknown,,,,,813,70,,Oct 2015,GeForce+GTX+950A&amp;id=3334
3171,GeForce GTX 950M,2581,216,75,2048,Mobile,PCIe 3.0 x16,2048,914,914,819,5743,567.0,Mar 2015,GeForce+GTX+950M&amp;id=3171
3114,GeForce GTX 960,6147,677,120,4096,Desktop,PCIe 3.0 x16,4096,1127,1127,443,26688,189.97,Jan 2015,GeForce+GTX+960&amp;id=3114
3404,GeForce GTX 960A,3465,312,,,Unknown,,,,,684,32,,Dec 2015,GeForce+GTX+960A&amp;id=3404
3176,GeForce GTX 960M,3374,244,65,4096,Mobile,PCIe 3.0 x16,4096,1097,1097,691,10348,1169.0,Apr 2015,GeForce+GTX+960M&amp;id=3176
3113,GeForce GTX 965M,3880,347,60,4096,Mobile,PCIe 3.0 x16,4096,944,944,634,1090,,Jan 2015,GeForce+GTX+965M&amp;id=3113
2954,GeForce GTX 970,9637,763,145,4096,Desktop,PCIe 3.0 x16,4096,1050,1050,303,53025,359.0,Sep 2014,GeForce+GTX+970&amp;id=2954
2981,GeForce GTX 970M,5726,372,75,3072,Mobile,PCIe 3.0 x16,3072,924,924,474,3824,209.99,Oct 2014,GeForce+GTX+970M&amp;id=2981
3965,GeForce GTX 970XM FORCE,6707,725,,,Unknown,,,,,410,1,,Aug 2018,GeForce+GTX+970XM+FORCE&amp;id=3965
2953,GeForce GTX 980,11073,788,165,4096,Desktop,PCIe 3.0 x16,4096,1126,1126,271,14297,248.45,Sep 2014,GeForce+GTX+980&amp;id=2953
3218,GeForce GTX 980 Ti,13620,849,250,6144,Desktop,PCIe 3.0 x16,6144,1076,1076,204,14778,399.99,Jun 2015,GeForce+GTX+980+Ti&amp;id=3218
2976,GeForce GTX 980M,7398,494,100,4096,Mobile,PCIe 3.0 x16,4096,1038,1038,388,2869,289.99,Oct 2014,GeForce+GTX+980M&amp;id=2976
2433,GeForce GTX Titan,8217,666,250,6144,Desktop,PCIe 3.0 x16,6144,837,837,352,1275,745.0,Feb 2013,GeForce+GTX+Titan&amp;id=2433
2842,GeForce GTX TITAN Black,9184,602,250,6144,Desktop,PCIe 3.0 x16,6144,889,889,325,453,475.0,Mar 2014,GeForce+GTX+TITAN+Black&amp;id=2842
3162,GeForce GTX TITAN X,12557,812,250,12288,Desktop,PCIe 3.0 x16,12288,1000,1000,231,1897,1096.99,Mar 2015,GeForce+GTX+TITAN+X&amp;id=3162
2884,GeForce GTX TITAN Z,8897,623,375,12288,Desktop,PCIe 3.0 x16,12288,705,705,334,133,689.0,Jun 2014,GeForce+GTX+TITAN+Z&amp;id=2884
3860,GeForce MX110,1411,188,,,Unknown,,,,,1194,1361,,Dec 2017,GeForce+MX110&amp;id=3860
3890,GeForce MX130,1798,195,,,Unknown,,,,,1051,2799,,Jan 2018,GeForce+MX130&amp;id=3890
3789,GeForce MX150,2249,210,25,2048,Mobile,PCIe 3.0 x16,2048,1468,1468,898,5048,59.29,Jul 2017,GeForce+MX150&amp;id=3789
4036,GeForce MX230,1809,212,10,2048,Mobile,PCIe 3.0 x4,2048,1519,1519,1044,1135,,Jan 2019,GeForce+MX230&amp;id=4036
4076,GeForce MX250,2375,237,25,2048,Mobile,PCIe 3.0 x4,2048,1519,1519,855,2931,,Apr 2019,GeForce+MX250&amp;id=4076
4203,GeForce MX330,2330,225,,,Unknown,,,,,870,1496,,Apr 2020,GeForce+MX330&amp;id=4203
4194,GeForce MX350,2816,238,,,Unknown,,,,,777,1323,,Mar 2020,GeForce+MX350&amp;id=4194
4296,GeForce MX450,3709,305,,,Unknown,,,,,656,1885,,Oct 2020,GeForce+MX450&amp;id=4296
4493,GeForce MX550,4405,385,,,Unknown,,,,,591,862,,Jan 2022,GeForce+MX550&amp;id=4493
4560,GeForce MX570,5736,380,,,Unknown,,,,,472,45,,Jun 2022,GeForce+MX570&amp;id=4560
4595,GeForce MX570 A,6273,394,,,Unknown,,,,,436,286,,Aug 2022,GeForce+MX570+A&amp;id=4595
1463,GeForce PCX 5300,6,197,,128,Desktop,PCI-E x16,128,250,250,2707,3,,May 2009,GeForce+PCX+5300&amp;id=1463
1464,GeForce PCX 5750,35,310,,128,Desktop,PCI-E x16,128,425,425,2583,8,,Jun 2010,GeForce+PCX+5750&amp;id=1464
1465,GeForce PCX 5900,34,258,,256,Desktop,PCI-E x16,256,450,450,2589,1,,Apr 2009,GeForce+PCX+5900&amp;id=1465
4501,GeForce RTX 2050,7708,478,45,4096,Mobile,PCIe 3.0 x8,4096,1185,1185,374,4837,,Feb 2022,GeForce+RTX+2050&amp;id=4501
4037,GeForce RTX 2060,14087,744,160,6144,Desktop,PCIe 3.0 x16,6144,1365,1365,191,33127,209.97,Jan 2019,GeForce+RTX+2060&amp;id=4037
4085,GeForce RTX 2060 (Mobile),11353,540,80,6144,Mobile,PCIe 3.0 x16,6144,960,960,265,1238,,Apr 2019,GeForce+RTX+2060+%28Mobile%29&amp;id=4085
4602,GeForce RTX 2060 12GB,15924,851,185,12288,Desktop,PCIe 3.0 x16,12288,1470,1470,152,1270,,Jan 2022,GeForce+RTX+2060+12GB&amp;id=4602
4117,GeForce RTX 2060 SUPER,16467,857,175,8192,Desktop,PCIe 3.0 x16,8192,1407,1407,137,12421,239.99,Jul 2019,GeForce+RTX+2060+SUPER&amp;id=4117
4199,GeForce RTX 2060 with Max-Q Design,9624,401,65,6144,Mobile,PCIe 3.0 x16,6144,975,975,304,1229,,Apr 2020,GeForce+RTX+2060+with+Max-Q+Design&amp;id=4199
4001,GeForce RTX 2070,16063,816,175,8192,Desktop,PCIe 3.0 x16,8192,1410,1410,148,16778,269.46,Oct 2018,GeForce+RTX+2070&amp;id=4001
4083,GeForce RTX 2070 (Mobile),12357,602,115,8192,Mobile,PCIe 3.0 x16,8192,1215,1215,239,410,,Apr 2019,GeForce+RTX+2070+%28Mobile%29&amp;id=4083
4116,GeForce RTX 2070 SUPER,18126,878,215,8192,Desktop,PCIe 3.0 x16,8192,1605,1605,111,20114,345.0,Jul 2019,GeForce+RTX+2070+SUPER&amp;id=4116
4204,GeForce RTX 2070 Super with Max-Q Design,13348,591,80,8192,Mobile,PCIe 3.0 x16,8192,930,,214,399,,Apr 2020,GeForce+RTX+2070+Super+with+Max-Q+Design&amp;id=4204
4048,GeForce RTX 2070 with Max-Q Design,11400,452,80,8192,Mobile,PCIe 3.0 x16,8192,885,885,264,2379,,Feb 2019,GeForce+RTX+2070+with+Max-Q+Design&amp;id=4048
3989,GeForce RTX 2080,18565,897,250,8096,Desktop,PCIe 3.0 x16,8096,1515,1515,108,11789,395.0,Sep 2018,GeForce+RTX+2080&amp;id=3989
4084,GeForce RTX 2080 (Mobile),15014,804,150,8192,Mobile,PCIe 3.0 x16,8192,1380,1380,173,199,,Apr 2019,GeForce+RTX+2080+%28Mobile%29&amp;id=4084
4123,GeForce RTX 2080 SUPER,19419,918,250,8192,Desktop,PCIe 3.0 x16,8192,1650,1650,99,9843,695.0,Jul 2019,GeForce+RTX+2080+SUPER&amp;id=4123
4202,GeForce RTX 2080 Super with Max-Q Design,13436,554,80,8192,Mobile,PCIe 3.0 x16,8192,735,735,209,543,,Apr 2020,GeForce+RTX+2080+Super+with+Max-Q+Design&amp;id=4202
3991,GeForce RTX 2080 Ti,21433,926,250,11264,Desktop,PCIe 3.0 x16,11264,1350,1350,77,15091,669.0,Sep 2018,GeForce+RTX+2080+Ti&amp;id=3991
4041,GeForce RTX 2080 with Max-Q Design,12589,496,90,8192,Mobile,PCIe 3.0 x16,8192,735,735,228,643,2099.99,Feb 2019,GeForce+RTX+2080+with+Max-Q+Design&amp;id=4041
4408,GeForce RTX 3050 4GB Laptop GPU,9506,493,75,4096,Mobile,PCIe 4.0 x8,4096,712,712,310,19187,269.99,May 2021,GeForce+RTX+3050+4GB+Laptop+GPU&amp;id=4408
5069,GeForce RTX 3050 6GB,10742,882,70,6144,Desktop,PCIe 4.0 x8,6144,1042,1042,275,7047,209.99,Feb 2024,GeForce+RTX+3050+6GB&amp;id=5069
4782,GeForce RTX 3050 6GB Laptop GPU,10137,561,80,6144,Mobile,PCIe 4.0 x8,6144,1237,1237,289,6320,,Mar 2023,GeForce+RTX+3050+6GB+Laptop+GPU&amp;id=4782
4495,GeForce RTX 3050 8GB,12483,918,130,8192,Desktop,PCIe 4.0 x8,8192,1552,1552,233,9138,249.99,Jan 2022,GeForce+RTX+3050+8GB&amp;id=4495
5172,GeForce RTX 3050 A Laptop GPU,10696,513,35,4096,Mobile,,4096,,,276,130,,Sep 2024,GeForce+RTX+3050+A+Laptop+GPU&amp;id=5172
6486,GeForce RTX 3050 Laptop GPU,11966,870,,,Mobile,,,,,247,4,,Jun 2025,GeForce+RTX+3050+Laptop+GPU&amp;id=6486
4569,GeForce RTX 3050 OEM,11884,984,130,8192,Desktop,PCIe 4.0 x8,8192,1515,1515,250,592,288.52,Jul 2022,GeForce+RTX+3050+OEM&amp;id=4569
4393,GeForce RTX 3050 Ti Laptop GPU,10069,499,80,4096,Mobile,PCIe 4.0 x8,4096,735,735,291,10800,,May 2021,GeForce+RTX+3050+Ti+Laptop+GPU&amp;id=4393
6498,GeForce RTX 3060,16888,975,,,Desktop,,,,,130,2488,,Jun 2025,GeForce+RTX+3060&amp;id=6498
4345,GeForce RTX 3060 12GB,16714,965,170,12288,Desktop,PCIe 4.0 x16,12288,1320,1320,134,45284,339.99,Feb 2021,GeForce+RTX+3060+12GB&amp;id=4345
4966,GeForce RTX 3060 8GB,15203,974,170,8192,Desktop,PCIe 4.0 x16,8192,1320,1320,163,1493,,Oct 2022,GeForce+RTX+3060+8GB&amp;id=4966
4342,GeForce RTX 3060 Laptop GPU,13109,585,115,6144,Mobile,PCIe 4.0 x16,6144,900,,218,20737,309.99,Feb 2021,GeForce+RTX+3060+Laptop+GPU&amp;id=4342
4318,GeForce RTX 3060 Ti,20238,989,200,8192,Desktop,PCIe 4.0 x16,8192,1410,1410,85,33348,390.69,Dec 2020,GeForce+RTX+3060+Ti&amp;id=4318
4283,GeForce RTX 3070,22093,1005,220,8192,Desktop,PCIe 4.0 x16,8192,1500,1500,71,37990,416.22,Oct 2020,GeForce+RTX+3070&amp;id=4283
4331,GeForce RTX 3070 Laptop GPU,15033,627,115,8192,Mobile,PCIe 4.0 x16,8192,1100,1100,171,8742,,Jan 2021,GeForce+RTX+3070+Laptop+GPU&amp;id=4331
4413,GeForce RTX 3070 Ti,23189,1058,290,8192,Desktop,PCIe 4.0 x16,8192,1575,1575,60,16872,485.69,Jun 2021,GeForce+RTX+3070+Ti&amp;id=4413
4497,GeForce RTX 3070 Ti Laptop GPU,17307,769,115,8192,Mobile,PCIe 4.0 x16,8192,915,915,123,4551,,Feb 2022,GeForce+RTX+3070+Ti+Laptop+GPU&amp;id=4497
4282,GeForce RTX 3080,24997,1062,320,10240,Desktop,PCIe 4.0 x16,10240,1440,1440,49,32005,699.99,Sep 2020,GeForce+RTX+3080&amp;id=4282
4601,GeForce RTX 3080 12GB,26559,1095,350,12288,Desktop,PCIe 4.0 x16,12288,1260,,41,2927,,Jan 2022,GeForce+RTX+3080+12GB&amp;id=4601
4332,GeForce RTX 3080 Laptop GPU,16079,626,115,8192,Mobile,PCIe 4.0 x16,8192,1100,1100,147,3449,,Jan 2021,GeForce+RTX+3080+Laptop+GPU&amp;id=4332
4409,GeForce RTX 3080 Ti,26750,1095,350,12288,Desktop,PCIe 4.0 x16,12288,1370,,39,16215,796.6,Jun 2021,GeForce+RTX+3080+Ti&amp;id=4409
4491,GeForce RTX 3080 Ti Laptop GPU,18850,813,115,16384,Mobile,PCIe 4.0 x16,16384,810,810,105,1801,,Jan 2022,GeForce+RTX+3080+Ti+Laptop+GPU&amp;id=4491
4284,GeForce RTX 3090,26511,1069,350,24576,Desktop,PCIe 4.0 x16,24576,1400,1400,43,17547,1799.0,Sep 2020,GeForce+RTX+3090&amp;id=4284
4524,GeForce RTX 3090 Ti,29265,1226,450,24576,Desktop,PCIe 4.0 x16,24576,1560,1560,21,3293,2179.99,Mar 2022,GeForce+RTX+3090+Ti&amp;id=4524
4763,GeForce RTX 4050 Laptop GPU,14238,624,115,6144,Mobile,PCIe 4.0 x16,6144,1605,1605,185,13404,,Mar 2023,GeForce+RTX+4050+Laptop+GPU&amp;id=4763
4850,GeForce RTX 4060,19496,1037,115,8192,Desktop,PCIe 4.0 x8,8192,1830,1830,97,27208,404.99,Jul 2023,GeForce+RTX+4060&amp;id=4850
4752,GeForce RTX 4060 Laptop GPU,17358,731,115,8192,Mobile,PCIe 4.0 x16,8192,1470,1470,120,21480,,Feb 2023,GeForce+RTX+4060+Laptop+GPU&amp;id=4752
4827,GeForce RTX 4060 Ti,22600,1095,160,8192,Desktop,PCIe 4.0 x8,8192,2310,2310,67,14931,519.99,May 2023,GeForce+RTX+4060+Ti&amp;id=4827
4898,GeForce RTX 4060 Ti 16GB,22583,1079,165,16384,Desktop,PCIe 4.0 x8,16384,2310,2310,68,2311,459.99,Aug 2023,GeForce+RTX+4060+Ti+16GB&amp;id=4898
4795,GeForce RTX 4070,26877,1166,200,12288,Desktop,PCIe 4.0 x16,12288,1920,1920,38,19956,729.0,Apr 2023,GeForce+RTX+4070&amp;id=4795
4756,GeForce RTX 4070 Laptop GPU,19494,767,115,8192,Mobile,PCIe 4.0 x16,8192,1230,1230,98,12888,,Feb 2023,GeForce+RTX+4070+Laptop+GPU&amp;id=4756
4973,GeForce RTX 4070 SUPER,29939,1192,220,12288,Desktop,PCIe 4.0 x16,12288,1980,1980,20,15115,838.99,Jan 2024,GeForce+RTX+4070+SUPER&amp;id=4973
4699,GeForce RTX 4070 Ti,31537,1209,285,12288,Desktop,PCIe 4.0 x16,12288,2310,2310,15,14960,849.0,Jan 2023,GeForce+RTX+4070+Ti&amp;id=4699
4980,GeForce RTX 4070 Ti SUPER,31832,1245,285,16384,Desktop,PCIe 4.0 x16,16384,2340,2340,14,10143,1349.99,Jan 2024,GeForce+RTX+4070+Ti+SUPER&amp;id=4980
4622,GeForce RTX 4080,34451,1250,320,16384,Desktop,PCIe 4.0 x16,16384,2205,2205,6,11066,1000.75,Nov 2022,GeForce+RTX+4080&amp;id=4622
4736,GeForce RTX 4080 Laptop GPU,24751,926,150,12288,Mobile,PCIe 4.0 x16,12288,1860,1860,50,3950,,Feb 2023,GeForce+RTX+4080+Laptop+GPU&amp;id=4736
4984,GeForce RTX 4080 SUPER,34241,1279,320,16384,Desktop,PCIe 4.0 x16,16384,2295,2295,7,10023,1379.99,Jan 2024,GeForce+RTX+4080+SUPER&amp;id=4984
4606,GeForce RTX 4090,38052,1303,450,24576,Desktop,PCIe 4.0 x16,24576,2230,,4,21895,3399.95,Oct 2022,GeForce+RTX+4090&amp;id=4606
5012,GeForce RTX 4090 D,30429,985,,,Unknown,,,,,19,33,,Mar 2024,GeForce+RTX+4090+D&amp;id=5012
4737,GeForce RTX 4090 Laptop GPU,27052,988,150,16384,Mobile,PCIe 4.0 x16,16384,1455,1455,35,3157,,Feb 2023,GeForce+RTX+4090+Laptop+GPU&amp;id=4737
6668,GeForce RTX 5050,16919,1066,130,8192,Desktop,PCIe 5.0 x8,8192,,,129,2234,299.99,Jul 2025,GeForce+RTX+5050&amp;id=6668
6552,GeForce RTX 5050 Laptop GPU,14092,745,100,8192,Mobile,PCIe 5.0 x16,8192,2235,2235,190,2010,,Jun 2025,GeForce+RTX+5050+Laptop+GPU&amp;id=6552
5602,GeForce RTX 5060,20679,1150,170,8192,Desktop,PCIe 5.0 x16,8192,2235,2235,82,14334,339.99,May 2024,GeForce+RTX+5060&amp;id=5602
6330,GeForce RTX 5060 Laptop GPU,16767,846,100,8192,Mobile,PCIe 5.0 x16,8192,952,952,133,4385,,May 2025,GeForce+RTX+5060+Laptop+GPU&amp;id=6330
6160,GeForce RTX 5060 Ti 16GB,22624,1206,180,16384,Desktop,PCIe 5.0 x8,16384,2407,2407,65,10449,577.73,Apr 2025,GeForce+RTX+5060+Ti+16GB&amp;id=6160
6441,GeForce RTX 5060 Ti 8GB,22046,1174,180,8192,Desktop,PCIe 5.0 x8,8192,2407,2407,74,3243,384.99,Apr 2025,GeForce+RTX+5060+Ti+8GB&amp;id=6441
5940,GeForce RTX 5070,28676,1293,250,12288,Desktop,PCIe 5.0 x16,12288,2330,2330,24,20474,619.0,Mar 2025,GeForce+RTX+5070&amp;id=5940
6260,GeForce RTX 5070 Laptop GPU,19101,895,100,8192,Mobile,PCIe 5.0 x16,8192,907,907,101,2942,,Apr 2025,GeForce+RTX+5070+Laptop+GPU&amp;id=6260
5878,GeForce RTX 5070 Ti,32360,1325,300,16384,Desktop,PCIe 5.0 x16,16384,2300,2300,13,19354,1299.99,Feb 2025,GeForce+RTX+5070+Ti&amp;id=5878
6216,GeForce RTX 5070 Ti Laptop GPU,22421,963,115,12288,Mobile,PCIe 5.0 x16,12288,847,847,69,2883,,Apr 2025,GeForce+RTX+5070+Ti+Laptop+GPU&amp;id=6216
5721,GeForce RTX 5080,35639,1400,360,16384,Desktop,PCIe 5.0 x16,16384,2295,2295,5,18285,1249.99,Jan 2025,GeForce+RTX+5080&amp;id=5721
6099,GeForce RTX 5080 Laptop GPU,26378,1089,150,16384,Mobile,PCIe 5.0 x16,16384,975,975,44,1976,,Mar 2025,GeForce+RTX+5080+Laptop+GPU&amp;id=6099
5725,GeForce RTX 5090,38968,1410,575,32768,Desktop,PCIe 5.0 x16,32768,2017,2017,2,9964,4149.99,Jan 2025,GeForce+RTX+5090&amp;id=5725
5898,GeForce RTX 5090 D,41928,1387,575,32768,Desktop,PCIe 5.0 x16,32768,2017,2017,1,58,,Feb 2025,GeForce+RTX+5090+D&amp;id=5898
7099,GeForce RTX 5090 D v2,32739,1311,,,Desktop,,,,,10,11,,Sep 2025,GeForce+RTX+5090+D+v2&amp;id=7099
5754,GeForce RTX 5090 Laptop GPU,28267,1097,150,24576,Mobile,PCIe 5.0 x16,24576,990,990,26,1239,,Feb 2025,GeForce+RTX+5090+Laptop+GPU&amp;id=5754
1467,GeForce2 Go,4,95,,32,Mobile,AGP 4x,32,143,143,2759,1,,Apr 2009,GeForce2+Go&amp;id=1467
1470,GeForce2 GTS/GeForce2 Pro,4,136,,,Unknown,,,,,2765,11,,Feb 2012,GeForce2+GTS%2FGeForce2+Pro&amp;id=1470
1471,GeForce2 Integrated GPU,4,171,,,Unknown,,,,,2754,3,,Apr 2009,GeForce2+Integrated+GPU&amp;id=1471
1472,GeForce2 MX,3,143,,64,Desktop,"AGP 4x,PCI",64,175,175,2803,3,,Jul 2011,GeForce2+MX&amp;id=1472
1473,GeForce2 MX 100/200,3,119,,,Unknown,,,,,2789,18,,Sep 2009,GeForce2+MX+100%2F200&amp;id=1473
1477,GeForce2 MX with DVI-D and TV-out,5,187,,,Unknown,,,,,2738,1,,May 2009,GeForce2+MX+with+DVI-D+and+TV-out&amp;id=1477
191,GeForce2 MX with TV Out,3,98,,,Unknown,,,,,2811,1,,Apr 2009,GeForce2+MX+with+TV+Out&amp;id=191
1479,GeForce2 MX/MX 400,4,129,,,Unknown,,,,,2767,99,,Jul 2009,GeForce2+MX%2FMX+400&amp;id=1479
1480,GeForce2 Ti,5,149,,64,Desktop,"AGP 4x,PCI",64,250,250,2746,5,,May 2009,GeForce2+Ti&amp;id=1480
1481,GeForce2 Ultra,6,147,,64,Desktop,"AGP 4x,PCI",64,250,250,2705,1,,May 2009,GeForce2+Ultra&amp;id=1481
1482,GeForce3,5,120,,64,Desktop,"AGP 4x,PCI",64,200,200,2735,4,,Apr 2009,GeForce3&amp;id=1482
1483,GeForce3 Ti 200,4,140,,,Unknown,,,,,2762,20,,Apr 2009,GeForce3+Ti+200&amp;id=1483
1485,GeForce3 Ti 500,3,116,,,Unknown,,,,,2813,2,,Nov 2009,GeForce3+Ti+500&amp;id=1485
713,GeForce4 420 Go,3,147,,32,Mobile,AGP 8X,32,200,200,2786,8,,Oct 2009,GeForce4+420+Go&amp;id=713
1486,GeForce4 420 Go 32M,5,168,,,Unknown,,,,,2725,13,,Apr 2009,GeForce4+420+Go+32M&amp;id=1486
1487,GeForce4 4200 Go,4,173,,64,Mobile,AGP 8X,64,200,200,2766,8,,Apr 2010,GeForce4+4200+Go&amp;id=1487
3154,GeForce4 440,5,193,,,Unknown,,,,,2732,1,,Mar 2015,GeForce4+440&amp;id=3154
1488,GeForce4 440 Go,4,140,,64,Mobile,AGP 8X,64,220,220,2773,3,,Apr 2009,GeForce4+440+Go&amp;id=1488
1489,GeForce4 440 Go 64M,6,156,,,Unknown,,,,,2711,6,,May 2009,GeForce4+440+Go+64M&amp;id=1489
1490,GeForce4 448 Go,6,199,,,Unknown,,,,,2722,2,,May 2009,GeForce4+448+Go&amp;id=1490
1492,GeForce4 MX 4000,5,131,,,Unknown,,,,,2752,70,,Apr 2009,GeForce4+MX+4000&amp;id=1492
1493,GeForce4 MX 420,5,168,,64,Desktop,AGP 4x,64,250,250,2739,41,,Apr 2009,GeForce4+MX+420&amp;id=1493
1494,GeForce4 MX 440,5,140,,64,Desktop,AGP 4x PCI,64,275,275,2749,54,,Jul 2009,GeForce4+MX+440&amp;id=1494
1496,GeForce4 MX 440 with AGP8X,5,157,,128,Desktop,AGP 8X,128,275,275,2736,128,,Apr 2009,GeForce4+MX+440+with+AGP8X&amp;id=1496
1497,GeForce4 MX 440SE,5,159,,,Unknown,,,,,2748,4,,Apr 2009,GeForce4+MX+440SE&amp;id=1497
1499,GeForce4 MX 460,4,176,,128,Desktop,AGP 4x PCI,128,300,300,2758,3,,May 2009,GeForce4+MX+460&amp;id=1499
1500,GeForce4 MX Integrated GPU,7,198,,,Unknown,,,,,2703,13,,Apr 2009,GeForce4+MX+Integrated+GPU&amp;id=1500
1502,GeForce4 Ti 4200,6,154,,,Unknown,,,,,2721,55,,Apr 2009,GeForce4+Ti+4200&amp;id=1502
1505,GeForce4 Ti 4400,7,170,,,Unknown,,,,,2695,3,,Apr 2009,GeForce4+Ti+4400&amp;id=1505
1506,GeForce4 Ti 4600,6,173,,128,Desktop,AGP 4x,128,300,300,2723,10,53.99,Apr 2009,GeForce4+Ti+4600&amp;id=1506
1507,GeForce4 Ti 4800,6,190,,,Unknown,,,,,2713,1,,Oct 2009,GeForce4+Ti+4800&amp;id=1507
1508,GeForce4 Ti 4800 SE,7,187,,,Unknown,,,,,2698,5,,May 2009,GeForce4+Ti+4800+SE&amp;id=1508
1509,GeForce9400M,106,161,,,Mobile,,,,,2361,2,,Oct 2009,GeForce9400M&amp;id=1509
2931,GF117,554,446,,,Unknown,,,,,1788,5,,Feb 2015,GF117&amp;id=2931
5077,Glenfly Arise-GT-10C0,1007,389,,,Desktop,,,,,1357,2,,May 2024,Glenfly+Arise-GT-10C0&amp;id=5077
7433,Glenfly Arise1020,216,57,,,Desktop,,,,,2146,2,,Oct 2025,Glenfly+Arise1020&amp;id=7433
4327,GRID GTX P40-6,4340,277,,,Unknown,,,,,594,2,,Dec 2020,GRID+GTX+P40-6&amp;id=4327
2617,GRID K1,651,259,,,Workstation,,,,,1657,14,279.96,Aug 2013,GRID+K1&amp;id=2617
3384,GRID K120Q,293,278,,,Workstation,,,,,2063,4,,Dec 2015,GRID+K120Q&amp;id=3384
2911,GRID K140Q,728,457,,,Workstation,,,,,1584,4,,Jul 2014,GRID+K140Q&amp;id=2911
3458,GRID K160Q,628,262,,,Workstation,,,,,1689,7,,Mar 2016,GRID+K160Q&amp;id=3458
3194,GRID K180Q,534,113,,,Workstation,,,,,1817,11,,Apr 2015,GRID+K180Q&amp;id=3194
2616,GRID K2,2737,319,,,Workstation,,,,,790,17,99.99,Aug 2013,GRID+K2&amp;id=2616
3140,GRID K220Q,912,539,,,Workstation,,,,,1416,16,,Feb 2015,GRID+K220Q&amp;id=3140
2951,GRID K240Q,2541,212,,,Workstation,,,,,829,8,,Sep 2014,GRID+K240Q&amp;id=2951
3143,GRID K260Q,2949,361,,,Workstation,,,,,760,4,,Feb 2015,GRID+K260Q&amp;id=3143
3142,GRID K280Q,2840,371,,,Workstation,,,,,774,30,,Feb 2015,GRID+K280Q&amp;id=3142
2742,GRID K520,3516,160,,,Workstation,,,,,678,20,134.99,Nov 2013,GRID+K520&amp;id=2742
5002,GRID M10-0B,871,25,,,Unknown,,,,,1442,2,,Feb 2024,GRID+M10-0B&amp;id=5002
3795,GRID M10-0Q,796,344,,,Unknown,,,,,1507,2,,Aug 2017,GRID+M10-0Q&amp;id=3795
3766,GRID M10-1B,1504,107,,,Unknown,,,,,1161,11,,Jun 2017,GRID+M10-1B&amp;id=3766
3800,GRID M10-1Q,2385,315,,,Unknown,,,,,852,2,,Aug 2017,GRID+M10-1Q&amp;id=3800
4160,GRID M10-2B,1644,74,,,Unknown,,,,,1101,25,,Nov 2019,GRID+M10-2B&amp;id=4160
4197,GRID M10-2Q,2692,74,,,Unknown,,,,,800,3,,Apr 2020,GRID+M10-2Q&amp;id=4197
3964,GRID M10-4Q,2937,209,,,Unknown,,,,,764,3,,Aug 2018,GRID+M10-4Q&amp;id=3964
3934,GRID M10-8Q,2595,140,,,Unknown,,,,,814,8,,May 2018,GRID+M10-8Q&amp;id=3934
3527,GRID M6-0B,912,764,,,Workstation,,,,,1417,1,,Jun 2016,GRID+M6-0B&amp;id=3527
4064,GRID M6-1Q,2069,423,,,Unknown,,,,,946,1,,Apr 2019,GRID+M6-1Q&amp;id=4064
3867,GRID M6-8Q,3568,556,,,Unknown,,,,,672,1,,Dec 2017,GRID+M6-8Q&amp;id=3867
3792,GRID M60-0B,1838,596,,,Unknown,,,,,1035,1,,Aug 2017,GRID+M60-0B&amp;id=3792
3927,GRID M60-0Q,827,516,,,Unknown,,,,,1478,1,,Apr 2018,GRID+M60-0Q&amp;id=3927
3511,GRID M60-1B,2256,201,,,Workstation,,,,,893,3,,May 2016,GRID+M60-1B&amp;id=3511
3749,GRID M60-1Q,3695,181,,,Unknown,,,,,657,14,,May 2017,GRID+M60-1Q&amp;id=3749
3737,GRID M60-2Q,5203,311,,,Unknown,,,,,518,6,,Apr 2017,GRID+M60-2Q&amp;id=3737
7773,GRID M60-4A,2450,70,,,Desktop,,,,,844,2,,Dec 2025,GRID+M60-4A&amp;id=7773
3483,GRID M60-4Q,3831,278,,,Workstation,,,,,641,6,,Apr 2016,GRID+M60-4Q&amp;id=3483
4171,GRID M60-8A,5523,380,,,Unknown,,,,,489,1,,Dec 2019,GRID+M60-8A&amp;id=4171
3716,GRID M60-8Q,3884,618,,,Unknown,,,,,633,13,,Mar 2017,GRID+M60-8Q&amp;id=3716
3966,GRID P100-16Q,4626,397,,,Unknown,,,,,568,2,,Aug 2018,GRID+P100-16Q&amp;id=3966
3968,GRID P100-1B,2223,544,,,Unknown,,,,,906,1,,Aug 2018,GRID+P100-1B&amp;id=3968
4178,GRID P100-8Q,3346,203,,,Unknown,,,,,694,3,,Jan 2020,GRID+P100-8Q&amp;id=4178
5009,GRID P4-1B,2151,56,,,Unknown,,,,,925,2,,Feb 2024,GRID+P4-1B&amp;id=5009
5094,GRID P4-1Q,730,74,,,Desktop,,,,,1581,2,,May 2024,GRID+P4-1Q&amp;id=5094
5929,GRID P4-2A,3307,56,,,Desktop,,,,,,1,,Mar 2025,GRID+P4-2A&amp;id=5929
6769,GRID P4-2B,1239,16,,,Desktop,,,,,,1,,Jul 2025,GRID+P4-2B&amp;id=6769
6654,GRID P4-2B4,2754,31,,,Desktop,,,,,787,2,,Jul 2025,GRID+P4-2B4&amp;id=6654
3916,GRID P4-2Q,3162,47,,,Unknown,,,,,725,4,,Mar 2018,GRID+P4-2Q&amp;id=3916
6006,GRID P4-4A,3240,51,,,Desktop,,,,,,1,,Mar 2025,GRID+P4-4A&amp;id=6006
5004,GRID P4-4Q,6235,339,,,Unknown,,,,,439,3,,Feb 2024,GRID+P4-4Q&amp;id=5004
4986,GRID P4-8A,3206,71,,,Unknown,,,,,718,3,,Feb 2024,GRID+P4-8A&amp;id=4986
4788,GRID P4-8Q,5283,171,,,Unknown,,,,,510,5,,Apr 2023,GRID+P4-8Q&amp;id=4788
4642,GRID P40-12Q,5540,162,,,Unknown,,,,,487,4,,Dec 2022,GRID+P40-12Q&amp;id=4642
5064,GRID P40-1A,2894,46,,,Desktop,,,,,766,2,,Apr 2024,GRID+P40-1A&amp;id=5064
6555,GRID P40-1B,3690,90,,,Desktop,,,,,662,2,,Jun 2025,GRID+P40-1B&amp;id=6555
5750,GRID P40-1Q,3839,460,,,Desktop,,,,,640,5,,Jun 2025,GRID+P40-1Q&amp;id=5750
3993,GRID P40-24Q,7057,308,,,Unknown,,,,,398,8,,Oct 2018,GRID+P40-24Q&amp;id=3993
3951,GRID P40-2B,9842,548,,,Unknown,,,,,296,2,,Jun 2018,GRID+P40-2B&amp;id=3951
4848,GRID P40-2B4,6501,177,,,Unknown,,,,,425,3,,Jun 2023,GRID+P40-2B4&amp;id=4848
4026,GRID P40-2Q,9581,517,,,Unknown,,,,,307,12,,Dec 2018,GRID+P40-2Q&amp;id=4026
4079,GRID P40-3Q,6570,628,,,Unknown,,,,,420,3,,Apr 2019,GRID+P40-3Q&amp;id=4079
4080,GRID P40-4Q,5926,398,,,Unknown,,,,,458,11,,Apr 2019,GRID+P40-4Q&amp;id=4080
4797,GRID P40-6Q,905,33,,,Unknown,,,,,,1,,Apr 2023,GRID+P40-6Q&amp;id=4797
4834,GRID P40-8Q,7507,171,,,Unknown,,,,,386,4,,Jun 2023,GRID+P40-8Q&amp;id=4834
3983,GRID P6-2Q,3926,337,,,Unknown,,,,,626,3,,Sep 2018,GRID+P6-2Q&amp;id=3983
4531,GRID P6-4A,2639,42,,,Unknown,,,,,,1,,Apr 2022,GRID+P6-4A&amp;id=4531
3913,GRID P6-4Q,4429,586,,,Unknown,,,,,588,3,,Mar 2018,GRID+P6-4Q&amp;id=3913
7199,GRID RTX6000-1A,388,17,,,Desktop,,,,,,1,,Sep 2025,GRID+RTX6000-1A&amp;id=7199
4855,GRID RTX6000-1B,8473,592,,,Unknown,,,,,345,3,,Jul 2023,GRID+RTX6000-1B&amp;id=4855
6945,GRID RTX6000-1Q,12617,229,,,Desktop,,,,,227,2,,Aug 2025,GRID+RTX6000-1Q&amp;id=6945
7693,GRID RTX6000-24Q,6521,75,,,Desktop,,,,,,1,,Dec 2025,GRID+RTX6000-24Q&amp;id=7693
5408,GRID RTX6000-2Q,656,89,,,Desktop,,,,,,1,,Dec 2024,GRID+RTX6000-2Q&amp;id=5408
5674,GRID RTX6000-4Q,509,18,,,Desktop,,,,,,1,,Jan 2025,GRID+RTX6000-4Q&amp;id=5674
5081,GRID RTX6000-6Q,21987,782,,,Desktop,,,,,75,2,,May 2024,GRID+RTX6000-6Q&amp;id=5081
6164,GRID RTX6000-8Q,4514,102,,,Desktop,,,,,,1,,Apr 2025,GRID+RTX6000-8Q&amp;id=6164
7492,GRID RTX6000P-2B,3343,62,,,Desktop,,,,,695,3,,Nov 2025,GRID+RTX6000P-2B&amp;id=7492
4253,GRID RTX6000P-4Q,4283,76,,,Unknown,,,,,,1,,Aug 2020,GRID+RTX6000P-4Q&amp;id=4253
4425,GRID RTX6000P-6Q,4777,192,,,Unknown,,,,,554,4,,Jul 2021,GRID+RTX6000P-6Q&amp;id=4425
4461,GRID RTX8000-2Q,3574,86,,,Unknown,,,,,,1,,Oct 2021,GRID+RTX8000-2Q&amp;id=4461
4213,GRID RTX8000-4Q,3961,81,,,Unknown,,,,,,1,,Jun 2020,GRID+RTX8000-4Q&amp;id=4213
4997,GRID RTX8000P-12A,4166,78,,,Unknown,,,,,,1,,Feb 2024,GRID+RTX8000P-12A&amp;id=4997
6381,GRID RTX8000P-1B,1054,66,,,Desktop,,,,,,1,,May 2025,GRID+RTX8000P-1B&amp;id=6381
4311,GRID RTX8000P-2Q,3843,84,,,Unknown,,,,,,1,,Nov 2020,GRID+RTX8000P-2Q&amp;id=4311
5199,GRID RTX8000P-4Q,5174,87,,,Desktop,,,,,,1,,Oct 2024,GRID+RTX8000P-4Q&amp;id=5199
4891,GRID T4-16Q,4490,75,,,Unknown,,,,,580,4,,Aug 2023,GRID+T4-16Q&amp;id=4891
5578,GRID T4-1B,1160,47,,,Desktop,,,,,1284,5,,May 2024,GRID+T4-1B&amp;id=5578
4261,GRID T4-1Q,3303,78,,,Unknown,,,,,704,6,,Sep 2020,GRID+T4-1Q&amp;id=4261
4516,GRID T4-2B,2730,58,,,Unknown,,,,,791,8,,Mar 2022,GRID+T4-2B&amp;id=4516
4370,GRID T4-2Q,3799,71,,,Unknown,,,,,645,9,,Mar 2021,GRID+T4-2Q&amp;id=4370
4340,GRID T4-4Q,3751,81,,,Unknown,,,,,650,43,,Feb 2021,GRID+T4-4Q&amp;id=4340
4196,GRID T4-8Q,4753,177,,,Unknown,,,,,558,13,,Mar 2020,GRID+T4-8Q&amp;id=4196
6141,GRID V100-16Q,1272,31,,,Desktop,,,,,,1,,Apr 2025,GRID+V100-16Q&amp;id=6141
4547,GRID V100-2Q,3811,78,,,Unknown,,,,,,1,,May 2022,GRID+V100-2Q&amp;id=4547
3936,GRID V100-8Q,16,149,,,Unknown,,,,,2660,1,,May 2018,GRID+V100-8Q&amp;id=3936
4846,GRID V100D-2Q,4668,79,,,Unknown,,,,,,1,,Jun 2023,GRID+V100D-2Q&amp;id=4846
4132,GRID V100D-8Q,4156,518,,,Unknown,,,,,606,1,,Aug 2019,GRID+V100D-8Q&amp;id=4132
8440,GRID V100DX-8Q,4276,79,,,Desktop,,,,,,1,,Mar 2026,GRID+V100DX-8Q&amp;id=8440
2495,GT 430,223,325,,,Unknown,,,,,2135,1,142.88,Apr 2013,GT+430&amp;id=2495
5784,Horizon Indirect Display Driver,58,215,,,Desktop,,,,,2494,3,,Feb 2025,Horizon+Indirect+Display+Driver&amp;id=5784
7738,ICE DISPLAY WDDM DRIVER,1805,360,,,Desktop,,,,,1046,2,,Dec 2025,ICE+DISPLAY+WDDM+DRIVER&amp;id=7738
3480,IncrediblE HD,389,427,,,Unknown,,,,,1976,1,,Apr 2016,IncrediblE+HD&amp;id=3480
4383,IncrediblE HD 3000,291,18,,,Unknown,,,,,,1,,Apr 2021,IncrediblE+HD+3000&amp;id=4383
3655,IncrediblE HD 4000,517,520,,,Unknown,,,,,1838,2,,Jan 2017,IncrediblE+HD+4000&amp;id=3655
4017,IncrediblE HD 4600,750,735,,,Unknown,,,,,1554,1,,Nov 2018,IncrediblE+HD+4600&amp;id=4017
6005,Inspiration CG620 MxGPU,9106,812,,,Desktop,,,,,,1,,Mar 2025,Inspiration+CG620+MxGPU&amp;id=6005
908,Intel - Express Chipset G41,57,325,,,Unknown,,,,,2500,8,,Dec 2011,Intel+-+Express+Chipset+G41&amp;id=908
909,Intel - Express Chipset Q45/Q43,58,336,,,Unknown,,,,,2495,8,,Aug 2011,Intel+-+Express+Chipset+Q45%2FQ43&amp;id=909
6471,Intel 1st Generation Intel HD,35,8,,,Desktop,,,,,,1,,Jun 2025,Intel+1st+Generation+Intel+HD&amp;id=6471
3748,Intel 2nd Generation SandyBridge HD,169,122,,,Unknown,,,,,2215,3,,May 2017,Intel+2nd+Generation+SandyBridge+HD&amp;id=3748
3583,Intel 2nd Generation SandyBridge HD 3000,205,555,,,Unknown,,,,,2163,2,,Oct 2016,Intel+2nd+Generation+SandyBridge+HD+3000&amp;id=3583
3734,Intel 3rd Generation IvyBridge HD 4000,303,9,,,Unknown,,,,,,1,,Jul 2019,Intel+3rd+Generation+IvyBridge+HD+4000&amp;id=3734
3710,Intel 3rd Generation IvyBridge HD GT1,161,14,,,Unknown,,,,,,1,,Mar 2023,Intel+3rd+Generation+IvyBridge+HD+GT1&amp;id=3710
3730,Intel 4th Generation Haswell HD,420,734,,,Unknown,,,,,1950,2,,Apr 2017,Intel+4th+Generation+Haswell+HD&amp;id=3730
915,Intel 82845G Controller,2,132,,,Unknown,,,,,2820,4,,Apr 2009,Intel+82845G+Controller&amp;id=915
916,Intel 82845G/GL Controller,3,176,,,Unknown,,,,,2808,2,,Apr 2009,Intel+82845G%2FGL+Controller&amp;id=916
917,Intel 82845G/GL/GE/PE/GV Controller,3,159,,,Unknown,,,,,2800,169,,Apr 2009,Intel+82845G%2FGL%2FGE%2FPE%2FGV+Controller&amp;id=917
764,Intel 82852/82855 GM/GME Controller,1,107,,,Unknown,,,,,2832,1,,Jan 2010,Intel+82852%2F82855+GM%2FGME+Controller&amp;id=764
920,Intel 82865G Controller,5,194,,,Unknown,,,,,2743,396,,May 2009,Intel+82865G+Controller&amp;id=920
765,Intel 82915G Express,6,206,,,Unknown,,,,,2717,16,,Mar 2010,Intel+82915G+Express&amp;id=765
4185,Intel 82915G/915GV/910GL,4,95,,,Unknown,,,,,2774,1,,Jan 2020,Intel+82915G%2F915GV%2F910GL&amp;id=4185
922,Intel 82915G/GV/910GL Advanced v3.5,3,94,,,Unknown,,,,,2807,1,,Oct 2010,Intel+82915G%2FGV%2F910GL+Advanced+v3.5&amp;id=922
923,Intel 82915G/GV/910GL Express,3,142,,,Unknown,,,,,2795,8,,Jun 2010,Intel+82915G%2FGV%2F910GL+Express&amp;id=923
766,Intel 82945G Express,9,10,,,Unknown,,,,,2679,1866,,Apr 2009,Intel+82945G+Express&amp;id=766
3510,Intel 82945G Express-Chipsatzfamilie,8,240,,,Unknown,,,,,2688,1,,May 2016,Intel+82945G+Express-Chipsatzfamilie&amp;id=3510
770,Intel 865 Embedded Controller,4,20,,,Unknown,,,,,2775,2,,Jun 2010,Intel+865+Embedded+Controller&amp;id=770
3185,"Intel 915G,910G Express",4,166,,,Unknown,,,,,2764,1,,Apr 2015,Intel+915G%2C910G+Express&amp;id=3185
3523,Intel 915G/915GV/910GL Embedded Controller Functio,5,41,,,Unknown,,,,,2744,1,,Jun 2016,Intel+915G%2F915GV%2F910GL+Embedded+Controller+Functio&amp;id=3523
3594,Intel 945G Embedded Chipset Function 0,5,251,,,Unknown,,,,,2751,1,,Oct 2016,Intel+945G+Embedded+Chipset+Function+0&amp;id=3594
3750,Intel 946GZ Embedded Chipset,3,66,,,Unknown,,,,,2790,4,,May 2017,Intel+946GZ+Embedded+Chipset&amp;id=3750
928,Intel 946GZ Express,2,26,,,Unknown,,,,,2822,167,,Apr 2009,Intel+946GZ+Express&amp;id=928
4955,Intel Arc,5481,675,,,Unknown,,,,,493,6904,309.99,Nov 2023,Intel+Arc&amp;id=4955
5871,Intel Arc 130T GPU,6118,791,,,Desktop,,,,,447,317,,Feb 2025,Intel+Arc+130T+GPU&amp;id=5871
5185,Intel Arc 130V GPU,4500,620,,,Desktop,,,,,578,1226,,Oct 2024,Intel+Arc+130V+GPU&amp;id=5185
7976,Intel Arc 130V GPU RI,4882,735,,,Desktop,,,,,,1,,Jan 2026,Intel+Arc+130V+GPU+RI&amp;id=7976
5222,Intel Arc 140T,5635,688,,,Desktop,,,,,477,7,,Nov 2024,Intel+Arc+140T&amp;id=5222
5577,Intel Arc 140T GPU,6608,836,,,Desktop,,,,,415,1983,,May 2024,Intel+Arc+140T+GPU&amp;id=5577
5176,Intel Arc 140V GPU,5136,657,,,Desktop,,,,,523,4222,,Sep 2024,Intel+Arc+140V+GPU&amp;id=5176
7935,Intel Arc 140V GPU RI,4848,597,,,Desktop,,,,,550,15,,Jan 2026,Intel+Arc+140V+GPU+RI&amp;id=7935
4879,Intel Arc A310,5459,632,75,4096,Desktop,PCIe 4.0 x8,4096,2000,2000,497,68,139.99,Jul 2023,Intel+Arc+A310&amp;id=4879
4983,Intel Arc A310 LP,4874,598,45,4096,Desktop,PCIe 4.0 x8,4096,1000,1000,546,229,,Jan 2024,Intel+Arc+A310+LP&amp;id=4983
4748,Intel Arc A370M,5115,724,,,Unknown,,,,,526,2,,Feb 2023,Intel+Arc+A370M&amp;id=4748
4568,Intel Arc A380,6314,637,75,6144,Desktop,PCIe 4.0 x16,6144,2000,,434,705,169.99,Jul 2022,Intel+Arc+A380&amp;id=4568
5936,Intel Arc A380E,6290,835,,,Desktop,,,,,435,2,,Mar 2025,Intel+Arc+A380E&amp;id=5936
4981,Intel Arc A530M,8045,734,,,Unknown,,,,,358,41,,Jan 2024,Intel+Arc+A530M&amp;id=4981
4940,Intel Arc A580,12030,738,185,8192,Desktop,PCIe 4.0 x16,8192,1700,1700,245,334,199.99,Oct 2023,Intel+Arc+A580&amp;id=4940
4928,Intel Arc A730M,9808,565,,,Unknown,,,,,297,5,,Oct 2023,Intel+Arc+A730M&amp;id=4928
4612,Intel Arc A750,12639,737,225,8192,Desktop,PCIe 4.0 x16,8192,2050,,226,1796,208.68,Oct 2022,Intel+Arc+A750&amp;id=4612
4605,Intel Arc A770,13351,761,225,16384,Desktop,PCIe 4.0 x16,16384,2100,,213,1760,329.99,Oct 2022,Intel+Arc+A770&amp;id=4605
4620,Intel Arc A770M,11888,729,150,16384,Mobile,PCIe 4.0 x16,16384,1650,,249,166,,Nov 2022,Intel+Arc+A770M&amp;id=4620
7972,Intel Arc B370 GPU,8520,841,,,Desktop,,,,,343,37,,Jan 2026,Intel+Arc+B370+GPU&amp;id=7972
7571,Intel Arc B390 GPU,8994,815,,,Desktop,,,,,331,340,,Nov 2025,Intel+Arc+B390+GPU&amp;id=7571
8432,Intel Arc B390 GPU RI,8902,740,,,Desktop,,,,,,1,,Mar 2026,Intel+Arc+B390+GPU+RI&amp;id=8432
5652,Intel Arc B570,14116,628,150,10240,Desktop,PCIe 4.0 x8,10240,2500,2500,188,448,,Jan 2025,Intel+Arc+B570&amp;id=5652
5306,Intel Arc B580,16023,703,190,12288,Desktop,PCIe 4.0 x8,12288,2670,2670,151,3482,249.0,Dec 2024,Intel+Arc+B580&amp;id=5306
7536,Intel Arc GPU,9446,748,,,Desktop,,,,,313,7,,Nov 2025,Intel+Arc+GPU&amp;id=7536
5125,Intel Arc Pro,5817,684,,,Desktop,,,,,463,241,,Aug 2024,Intel+Arc+Pro&amp;id=5125
6887,Intel Arc Pro 130T GPU,6127,793,,,Desktop,,,,,445,12,,Sep 2025,Intel+Arc+Pro+130T+GPU&amp;id=6887
6333,Intel Arc Pro 140T GPU,6603,840,,,Desktop,,,,,416,318,,May 2025,Intel+Arc+Pro+140T+GPU&amp;id=6333
4991,Intel Arc Pro A30M,5862,696,,,Unknown,,,,,,1,,Feb 2024,Intel+Arc+Pro+A30M&amp;id=4991
4905,Intel Arc Pro A40/A50,5777,761,,,Unknown,,,,,468,18,,Aug 2023,Intel+Arc+Pro+A40%2FA50&amp;id=4905
4911,Intel Arc Pro A60,9798,691,,,Unknown,,,,,298,13,,Jun 2023,Intel+Arc+Pro+A60&amp;id=4911
8793,Intel Arc Pro B390 GPU,9452,860,,,Desktop,,,,,312,18,,May 2026,Intel+Arc+Pro+B390+GPU&amp;id=8793
7046,Intel Arc Pro B50,12542,715,,,Desktop,,,,,232,133,,Sep 2025,Intel+Arc+Pro+B50&amp;id=7046
7155,Intel Arc Pro B60,15084,767,,,Desktop,,,,,166,31,,Sep 2025,Intel+Arc+Pro+B60&amp;id=7155
8599,Intel Arc Pro B70,18932,739,230,32768,Desktop,PCIe 5.0 x16,32768,2280,2280,103,21,,Apr 2026,Intel+Arc+Pro+B70&amp;id=8599
931,Intel B43 Express Chipset,138,69,,,Unknown,,,,,2270,40,,Dec 2009,Intel+B43+Express+Chipset&amp;id=931
3849,Intel Coffee Lake UHD,1158,918,,,Unknown,,,,,1285,9,,Nov 2017,Intel+Coffee+Lake+UHD&amp;id=3849
933,Intel Extreme Controller,2,136,,,Unknown,,,,,2823,1,,Jun 2009,Intel+Extreme+Controller&amp;id=933
782,Intel G33/G31 Express,32,14,,,Desktop,Integrated,,400,,2605,3132,,Jan 2010,Intel+G33%2FG31+Express&amp;id=782
938,Intel G35 Express,90,86,,,Unknown,,,,,2407,47,,Sep 2010,Intel+G35+Express&amp;id=938
940,Intel G41 Express Chipset,154,12,,,Unknown,,,,,2232,3442,,Apr 2009,Intel+G41+Express+Chipset&amp;id=940
943,Intel G41 Express-Chipsatz,57,267,,,Unknown,,,,,2497,8,,Apr 2012,Intel+G41+Express-Chipsatz&amp;id=943
944,Intel G45/G43 Express Chipset,149,16,24,0,Desktop,PCIe 1x16,0,1333,1333,2244,1040,,Apr 2009,Intel+G45%2FG43+Express+Chipset&amp;id=944
946,Intel G45/G43/G41 Express Chipset,68,318,,,Unknown,,,,,2469,1,,Mar 2011,Intel+G45%2FG43%2FG41+Express+Chipset&amp;id=946
948,Intel G965 Express,196,40,,,Unknown,,,,,2176,188,,Apr 2009,Intel+G965+Express&amp;id=948
950,Intel GMA 3150 Express,3,66,,,Unknown,,,,,2814,1,,Dec 2009,Intel+GMA+3150+Express&amp;id=950
5074,Intel Graphics,3234,609,,,Unknown,,,,,714,21268,,Feb 2024,Intel+Graphics&amp;id=5074
2846,Intel Haswell HD - GT1,123,492,,,Unknown,,,,,2310,10,,Mar 2014,Intel+Haswell+HD+-+GT1&amp;id=2846
2807,Intel Haswell HD - GT2,139,630,,,Unknown,,,,,2268,8,,Feb 2014,Intel+Haswell+HD+-+GT2&amp;id=2807
3264,Intel HD 2000,213,456,,,Unknown,,,,,2149,1,,Jul 2015,Intel+HD+2000&amp;id=3264
26,Intel HD 3000,261,32,,,Unknown,,,,,2102,23735,945.0,Aug 2012,Intel+HD+3000&amp;id=26
2,Intel HD 4000,341,195,,,Unknown,,,,,2015,47706,1592.95,Aug 2012,Intel+HD+4000&amp;id=2
2643,Intel HD 4400,533,270,,1700,Unknown,,1700,,,1818,5003,,Sep 2013,Intel+HD+4400&amp;id=2643
2451,Intel HD 4600,631,311,45,0,Desktop,PCIe 1.0 x16,0,400,400,1683,36568,,Mar 2013,Intel+HD+4600&amp;id=2451
5114,Intel HD 4600 manual-gen9_2015-134121,653,365,,,Desktop,,,,,1654,3,,Jul 2024,Intel+HD+4600+manual-gen9_2015-134121&amp;id=5114
4145,Intel HD 500,301,79,,,Unknown,,,,,2058,840,,Sep 2019,Intel+HD+500&amp;id=4145
2552,Intel HD 5000,591,222,,,Unknown,,,,,1735,1203,625.0,Jun 2013,Intel+HD+5000&amp;id=2552
4143,Intel HD 505,362,90,,,Unknown,,,,,2002,258,,Sep 2019,Intel+HD+505&amp;id=4143
3347,Intel HD 510,621,164,,,Unknown,,,,,1695,1474,,Oct 2015,Intel+HD+510&amp;id=3347
3341,Intel HD 515,637,190,,,Unknown,,,,,1675,1498,,Oct 2015,Intel+HD+515&amp;id=3341
3255,Intel HD 520,859,205,,,Unknown,,,,,1452,22352,,Jul 2015,Intel+HD+520&amp;id=3255
2498,Intel HD 5200,830,653,,,Unknown,,,,,1477,4,,Apr 2013,Intel+HD+5200&amp;id=2498
3281,Intel HD 530,987,250,,,Unknown,,,350,,1368,18762,,Aug 2015,Intel+HD+530&amp;id=3281
2921,Intel HD 5300,408,177,,,Unknown,,,,,1957,1324,,Aug 2014,Intel+HD+5300&amp;id=2921
2908,Intel HD 5500,597,226,,,Unknown,,,,,1724,14664,,Jul 2014,Intel+HD+5500&amp;id=2908
3160,Intel HD 5600,1869,401,,,Unknown,,,,,1020,25,,Mar 2015,Intel+HD+5600&amp;id=3160
3120,Intel HD 6000,881,270,,,Unknown,,,,,1441,534,,Jan 2015,Intel+HD+6000&amp;id=3120
3647,Intel HD 610,673,152,,,Unknown,,,,,1637,1510,,Jan 2017,Intel+HD+610&amp;id=3647
3593,Intel HD 615,688,177,,,Unknown,,,,,1619,1134,,Oct 2016,Intel+HD+615&amp;id=3593
3540,Intel HD 630,1113,267,,,Unknown,,,,,1300,11680,,Jul 2016,Intel+HD+630&amp;id=3540
37,Intel HD Family,466,192,,,Unknown,,,,,1901,32308,,Aug 2012,Intel+HD+Family&amp;id=37
3592,Intel HD Graphics 620,918,213,,,Unknown,,,,,1412,19517,,Oct 2016,Intel+HD+Graphics+620&amp;id=3592
3249,Intel HD manual-15.28-1861,63,72,,,Unknown,,,,,2481,1,,Jul 2015,Intel+HD+manual-15.28-1861&amp;id=3249
3764,Intel HD manual-gen9_2015-133271,165,119,,,Unknown,,,,,2223,3,,Jun 2017,Intel+HD+manual-gen9_2015-133271&amp;id=3764
3068,Intel HD Modded,112,303,,,Unknown,,,,,2346,3,,Dec 2014,Intel+HD+Modded&amp;id=3068
962,Intel HD P3000,281,63,,,Unknown,,,,,2079,124,,Mar 2012,Intel+HD+P3000&amp;id=962
963,Intel HD P4000,516,636,,,Unknown,,,,,1839,13,,Apr 2012,Intel+HD+P4000&amp;id=963
2601,Intel HD P4600,506,491,,,Unknown,,,,,1853,6,,Jul 2013,Intel+HD+P4600&amp;id=2601
2586,Intel HD P4600/P4700,631,355,,,Unknown,,,,,1684,616,,Jul 2013,Intel+HD+P4600%2FP4700&amp;id=2586
3385,Intel HD P530,1152,264,,,Unknown,,,,,1287,281,,Dec 2015,Intel+HD+P530&amp;id=3385
3682,Intel HD P630,1266,287,,,Unknown,,,,,1235,88,,Mar 2017,Intel+HD+P630&amp;id=3682
3788,Intel Infoshock HD,194,393,,,Unknown,,,,,2180,2,,Jul 2017,Intel+Infoshock+HD&amp;id=3788
2692,Intel Iris 5100,736,270,,,Unknown,,,,,1574,494,,Oct 2013,Intel+Iris+5100&amp;id=2692
3366,Intel Iris 540,1274,318,,,Unknown,,,,,1231,1427,,Nov 2015,Intel+Iris+540&amp;id=3366
3437,Intel Iris 550,1460,313,,,Unknown,,,,,1178,332,,Feb 2016,Intel+Iris+550&amp;id=3437
3164,Intel Iris 6100,897,307,,,Unknown,,,,,1430,675,,Mar 2015,Intel+Iris+6100&amp;id=3164
3790,Intel Iris 650,1433,644,,,Unknown,,,,,1189,2,,Aug 2017,Intel+Iris+650&amp;id=3790
8083,Intel Iris P555,1717,329,,,Desktop,,,,,1076,2,,Jan 2026,Intel+Iris+P555&amp;id=8083
4120,Intel Iris Plus,1778,304,,,Unknown,,,,,1057,4724,,Jul 2019,Intel+Iris+Plus&amp;id=4120
3696,Intel Iris Plus 640,1360,331,,0,Mobile,Integrated,0,300,,1206,952,,Mar 2017,Intel+Iris+Plus+640&amp;id=3696
4162,Intel Iris Plus 645,1730,369,,,Unknown,,,,,1066,44,,Nov 2019,Intel+Iris+Plus+645&amp;id=4162
3718,Intel Iris Plus 650,1597,354,,0,Mobile,Integrated,0,300,,1123,273,,Mar 2017,Intel+Iris+Plus+650&amp;id=3718
3961,Intel Iris Plus 655,1724,351,,,Unknown,,,,,1073,1604,,Aug 2018,Intel+Iris+Plus+655&amp;id=3961
2562,Intel Iris Pro 5200,1177,388,,,Unknown,,,,,1275,537,,Jun 2013,Intel+Iris+Pro+5200&amp;id=2562
3481,Intel Iris Pro 580,1972,359,,,Unknown,,,,,981,486,,Apr 2016,Intel+Iris+Pro+580&amp;id=3481
3167,Intel Iris Pro 6100,925,548,,,Unknown,,,,,1409,1,,Mar 2015,Intel+Iris+Pro+6100&amp;id=3167
3258,Intel Iris Pro Graphics 6200,1539,533,,,Unknown,,,,,1150,303,,Jul 2015,Intel+Iris+Pro+Graphics+6200&amp;id=3258
3436,Intel Iris Pro P580,2026,438,,,Unknown,,,,,961,30,,Sep 2016,Intel+Iris+Pro+P580&amp;id=3436
3542,Intel Iris Pro P6300,1592,566,,,Unknown,,,,,1128,21,,Jul 2016,Intel+Iris+Pro+P6300&amp;id=3542
4265,Intel Iris Xe,2593,392,,,Unknown,,,,,817,66975,,Sep 2020,Intel+Iris+Xe&amp;id=4265
4502,Intel Iris Xe MAX,1858,317,,,Unknown,,,,,1026,8,,Feb 2022,Intel+Iris+Xe+MAX&amp;id=4502
4740,Intel Iris Xe MAX 100,1864,417,,,Unknown,,,,,1023,7,,Feb 2023,Intel+Iris+Xe+MAX+100&amp;id=4740
3261,Intel Media Accelerator,33,78,,,Unknown,,,,,2599,3,,Jul 2015,Intel+Media+Accelerator&amp;id=3261
953,Intel Media Accelerator 3150,3,86,,,Unknown,,,,,2799,456,,Dec 2009,Intel+Media+Accelerator+3150&amp;id=953
954,Intel Media Accelerator 500,3,71,,,Unknown,,,,,2782,17,,Feb 2011,Intel+Media+Accelerator+500&amp;id=954
956,Intel Media Accelerator 600,7,58,,,Unknown,,,,,2697,2,,Jun 2011,Intel+Media+Accelerator+600&amp;id=956
957,Intel Media Accelerator HD,113,29,,,Unknown,,,,,2341,531,,Nov 2011,Intel+Media+Accelerator+HD&amp;id=957
4063,Intel Poison Ivy,739,783,,,Unknown,,,,,1570,1,,Mar 2019,Intel+Poison+Ivy&amp;id=4063
967,Intel Q33 Express,7,16,,,Unknown,,,,,2702,188,,Apr 2009,Intel+Q33+Express&amp;id=967
778,Intel Q35 Embedded,8,303,,,Unknown,,,,,2684,1,,Jun 2011,Intel+Q35+Embedded&amp;id=778
968,Intel Q35 Express,56,16,,,Unknown,,,,,2503,1106,,Apr 2009,Intel+Q35+Express&amp;id=968
971,Intel Q45/Q43 Express Chipset,200,14,,,Unknown,,,,,2168,2684,,Apr 2009,Intel+Q45%2FQ43+Express+Chipset&amp;id=971
973,Intel Q45/Q43 Express-Chipsatz,57,352,,,Unknown,,,,,2498,11,,Mar 2010,Intel+Q45%2FQ43+Express-Chipsatz&amp;id=973
974,Intel Q965/Q963 Express,112,25,,,Unknown,,,,,2350,701,,Apr 2009,Intel+Q965%2FQ963+Express&amp;id=974
3135,Intel Skylake HD DT GT2,577,402,,,Unknown,,,,,1757,3,,Feb 2015,Intel+Skylake+HD+DT+GT2&amp;id=3135
5100,Intel UHD 630,615,166,,,Desktop,,,,,1705,4,,Jun 2024,Intel+UHD+630&amp;id=5100
5132,Intel UHD 770,1210,545,,,Desktop,,,,,1260,12,,Aug 2024,Intel+UHD+770&amp;id=5132
5179,Intel UHD 770#0x1c005d839205d7e9#,1759,489,,,Desktop,,,,,,1,,Sep 2024,Intel+UHD+770%230x1c005d839205d7e9%23&amp;id=5179
3950,Intel UHD Graphics,1535,313,,,Unknown,,,,,1153,62297,,Jun 2018,Intel+UHD+Graphics&amp;id=3950
3876,Intel UHD Graphics 600,311,90,,,Unknown,,,,,2055,3835,,Jan 2018,Intel+UHD+Graphics+600&amp;id=3876
3861,Intel UHD Graphics 605,364,104,,,Unknown,,,,,2000,1194,,Mar 2018,Intel+UHD+Graphics+605&amp;id=3861
3910,Intel UHD Graphics 610,682,171,,,Unknown,,,,,1625,1547,,Mar 2018,Intel+UHD+Graphics+610&amp;id=3910
4006,Intel UHD Graphics 615,716,168,,,Unknown,,,,,1598,673,,Oct 2018,Intel+UHD+Graphics+615&amp;id=4006
4051,Intel UHD Graphics 617,816,217,,,Unknown,,,,,1492,25,,Feb 2019,Intel+UHD+Graphics+617&amp;id=4051
3805,Intel UHD Graphics 620,1040,234,15,0,Desktop,Integrated,0,300,300,1341,38997,,Aug 2017,Intel+UHD+Graphics+620&amp;id=3805
3826,Intel UHD Graphics 630,1226,292,,,Unknown,,,,,1252,32348,,Oct 2017,Intel+UHD+Graphics+630&amp;id=3826
4505,Intel UHD Graphics 710,1046,319,,,Unknown,,,,,1339,264,,Feb 2022,Intel+UHD+Graphics+710&amp;id=4505
4379,Intel UHD Graphics 730,1543,426,,,Unknown,,,,,1147,9480,,Apr 2021,Intel+UHD+Graphics+730&amp;id=4379
4378,Intel UHD Graphics 750,1685,375,,,Unknown,,,,,1087,1805,,Apr 2021,Intel+UHD+Graphics+750&amp;id=4378
4473,Intel UHD Graphics 770,1908,551,,,Unknown,,,,,1005,13114,,Nov 2021,Intel+UHD+Graphics+770&amp;id=4473
3924,Intel UHD Graphics P630,1727,312,,,Unknown,,,,,1071,314,,Aug 2018,Intel+UHD+Graphics+P630&amp;id=3924
4410,Intel UHD Graphics P750,1668,434,,,Unknown,,,,,1091,38,,Jun 2021,Intel+UHD+Graphics+P750&amp;id=4410
3301,Intel US15 Embedded Media and Controller,7,67,,,Unknown,,,,,2694,2,,Sep 2015,Intel+US15+Embedded+Media+and+Controller&amp;id=3301
1515,ION,114,15,,,Unknown,,,,,2337,462,229.99,Jun 2009,ION&amp;id=1515
1516,ION LE,98,96,,,Unknown,,,,,2386,19,,Sep 2009,ION+LE&amp;id=1516
5775,L2,5467,88,,,Desktop,,,,,,1,,Feb 2025,L2&amp;id=5775
8438,L20-8Q,24277,703,,,Desktop,,,,,54,2,,Mar 2026,L20-8Q&amp;id=8438
4922,L4,10803,433,,,Unknown,,,,,274,14,3425.0,Feb 2024,L4&amp;id=4922
6644,L4-12Q,3544,88,,,Desktop,,,,,,1,,Jul 2025,L4-12Q&amp;id=6644
6932,L4-1B,1264,60,,,Desktop,,,,,1236,4,,Aug 2025,L4-1B&amp;id=6932
5788,L4-1Q,259,84,,,Desktop,,,,,2104,3,,Feb 2025,L4-1Q&amp;id=5788
5528,L4-24Q,4767,98,,,Desktop,,,,,,1,,May 2024,L4-24Q&amp;id=5528
6361,L4-2A,3063,64,,,Desktop,,,,,743,2,,May 2025,L4-2A&amp;id=6361
6860,L4-2B,1675,51,,,Desktop,,,,,1089,9,,Aug 2025,L4-2B&amp;id=6860
5834,L4-2Q,4335,86,,,Desktop,,,,,597,6,,Feb 2025,L4-2Q&amp;id=5834
5526,L4-4Q,4732,96,,,Desktop,,,,,560,17,,May 2024,L4-4Q&amp;id=5526
5747,L4-6Q,4148,76,,,Desktop,,,,,607,5,,Feb 2025,L4-6Q&amp;id=5747
6659,L4-8Q,7114,346,,,Desktop,,,,,394,3,,Jul 2025,L4-8Q&amp;id=6659
8978,L40-16Q,4683,82,,,Desktop,,,,,,1,,Jun 2026,L40-16Q&amp;id=8978
8379,L40-3Q,4858,106,,,Desktop,,,,,,1,,Mar 2026,L40-3Q&amp;id=8379
5229,L40-6Q,4718,94,,,Desktop,,,,,,1,,Nov 2024,L40-6Q&amp;id=5229
5102,L40-8Q,7900,240,,,Desktop,,,,,364,5,,Jun 2024,L40-8Q&amp;id=5102
5017,L40S,20023,708,,,Unknown,,,,,90,7,,Mar 2024,L40S&amp;id=5017
6570,L40S-12A,3660,79,,,Desktop,,,,,,1,,Jun 2025,L40S-12A&amp;id=6570
6358,L40S-12Q,8601,212,,,Desktop,,,,,341,32,,May 2025,L40S-12Q&amp;id=6358
8942,L40S-16Q,6769,87,,,Desktop,,,,,406,2,,Jun 2026,L40S-16Q&amp;id=8942
6618,L40S-1Q,2046,64,,,Desktop,,,,,955,3,,Jul 2025,L40S-1Q&amp;id=6618
6172,L40S-24Q,3257,69,,,Desktop,,,,,710,6,,Apr 2025,L40S-24Q&amp;id=6172
8366,L40S-2B,6711,584,,,Desktop,,,,,,1,,Mar 2026,L40S-2B&amp;id=8366
6029,L40S-2Q,375,91,,,Desktop,,,,,,1,,Mar 2026,L40S-2Q&amp;id=6029
8606,L40S-3Q,4365,91,,,Desktop,,,,,,1,,Apr 2026,L40S-3Q&amp;id=8606
8220,L40S-6Q,6588,97,,,Desktop,,,,,419,3,,Feb 2026,L40S-6Q&amp;id=8220
5762,L40S-8Q,5288,156,,,Desktop,,,,,509,6,,Jun 2025,L40S-8Q&amp;id=5762
7021,LIANLI USB Display-60hz,18968,1392,,,Desktop,,,,,,1,,Feb 2026,LIANLI+USB+Display-60hz&amp;id=7021
3918,LuminonCore IDDCX Adapter,6479,344,,,Unknown,,,,,426,2,,Aug 2025,LuminonCore+IDDCX+Adapter&amp;id=3918
248,M860G with Mobility Radeon 4100,76,203,,,Unknown,,,,,2444,26,,Nov 2009,M860G+with+Mobility+Radeon+4100&amp;id=248
249,M880G with Mobility Radeon HD 4200,93,260,,,Unknown,,,,,2399,221,,Oct 2009,M880G+with+Mobility+Radeon+HD+4200&amp;id=249
250,M880G with Mobility Radeon HD 4225,72,183,,,Unknown,,,,,2455,7,,Jun 2010,M880G+with+Mobility+Radeon+HD+4225&amp;id=250
121,M880G with Mobility Radeon HD 4250,104,270,,,Unknown,,,,,2367,454,,Oct 2012,M880G+with+Mobility+Radeon+HD+4250&amp;id=121
7526,MacroSilicon USB Display Ryzen 7 6800U,3940,475,,,Desktop,,,,,,1,,Nov 2025,MacroSilicon+USB+Display+Ryzen+7+6800U&amp;id=7526
3677,Master X3100 Driver,10,79,,,Unknown,,,,,2676,1,,Feb 2017,Master+X3100+Driver&amp;id=3677
3187,Matrox C420 LP PCIe x16,597,359,,,Unknown,,,,,1723,8,,Apr 2015,Matrox+C420+LP+PCIe+x16&amp;id=3187
3054,Matrox C680 PCIe x16,1803,685,,,Unknown,,,,,1048,11,,Nov 2014,Matrox+C680+PCIe+x16&amp;id=3054
3579,Matrox C900 PCIe x16,1812,761,,,Unknown,,,,,1042,2,,Sep 2016,Matrox+C900+PCIe+x16&amp;id=3579
2674,Matrox G200e WDDM 1.2,59,505,,,Unknown,,,,,2489,17,,Oct 2013,Matrox+G200e+WDDM+1.2&amp;id=2674
3887,Matrox G200e WDDM 2.0,101,289,,,Unknown,,,,,2378,3,,Jun 2018,Matrox+G200e+WDDM+2.0&amp;id=3887
2705,Matrox G200eh,41,449,,,Unknown,,,,,2554,23,,Nov 2013,Matrox+G200eh&amp;id=2705
2942,Matrox G200eh WDDM 1.2,52,448,,,Unknown,,,,,2510,36,,Sep 2014,Matrox+G200eh+WDDM+1.2&amp;id=2942
3723,Matrox G200eh WDDM 2.0,60,74,,,Unknown,,,,,2486,10,,Apr 2017,Matrox+G200eh+WDDM+2.0&amp;id=3723
2673,Matrox G200eR,37,400,,,Unknown,,,,,2575,5,,Oct 2013,Matrox+G200eR&amp;id=2673
2919,Matrox G200eR WDDM 1.2,45,210,,,Unknown,,,,,2536,13,,Aug 2014,Matrox+G200eR+WDDM+1.2&amp;id=2919
3692,Matrox G200eR WDDM 2.0,68,457,,,Unknown,,,,,2470,4,,Mar 2017,Matrox+G200eR+WDDM+2.0&amp;id=3692
998,Matrox G200eW,40,107,,,Unknown,,,,,2558,8,,Mar 2012,Matrox+G200eW&amp;id=998
2823,Matrox G200eW WDDM 1.2,50,397,,,Unknown,,,,,2520,11,,Feb 2014,Matrox+G200eW+WDDM+1.2&amp;id=2823
3847,Matrox G200eW3 WDDM 2.0,90,242,,,Unknown,,,,,2409,5,,Nov 2017,Matrox+G200eW3+WDDM+2.0&amp;id=3847
4882,Matrox LUMA A310,3690,506,,,Unknown,,,,,661,2,,Jul 2023,Matrox+LUMA+A310&amp;id=4882
4881,Matrox LUMA A310F,3873,493,,,Unknown,,,,,636,4,,Jul 2023,Matrox+LUMA+A310F&amp;id=4881
4945,Matrox LUMA A310FP,3093,504,,,Unknown,,,,,,1,,Oct 2023,Matrox+LUMA+A310FP&amp;id=4945
4993,Matrox LUMA A380P,5811,598,,,Unknown,,,,,464,3,,Feb 2024,Matrox+LUMA+A380P&amp;id=4993
1001,Matrox M9120 PCIe x16,20,870,,,Unknown,,,,,2647,1,,Aug 2010,Matrox+M9120+PCIe+x16&amp;id=1001
1003,Matrox M9120 Plus LP PCIe x16,26,27,,,Unknown,,,,,2625,2,,Oct 2009,Matrox+M9120+Plus+LP+PCIe+x16&amp;id=1003
1004,Matrox M9125 PCIe x16,26,138,,,Unknown,,,,,2627,1,,Nov 2009,Matrox+M9125+PCIe+x16&amp;id=1004
1005,Matrox M9128 LP PCIe x16,32,38,,,Unknown,,,,,2604,3,,Jan 2011,Matrox+M9128+LP+PCIe+x16&amp;id=1005
1006,Matrox M9138 LP PCIe x16,433,211,,,Unknown,,,,,1935,6,,Nov 2009,Matrox+M9138+LP+PCIe+x16&amp;id=1006
1007,Matrox M9140 LP PCIe x16,23,390,,,Unknown,,,,,2638,6,,May 2009,Matrox+M9140+LP+PCIe+x16&amp;id=1007
1008,Matrox M9148 LP PCIe x16,42,65,,,Unknown,,,,,2549,7,,Feb 2010,Matrox+M9148+LP+PCIe+x16&amp;id=1008
4757,Matrox M9188 ATX PCIe x16,46,25,,,Unknown,,,,,2535,3,,Feb 2023,Matrox+M9188+ATX+PCIe+x16&amp;id=4757
1032,Matrox Millennium P650 PCIe 128,5,287,,,Unknown,,,,,2726,3,,Nov 2009,Matrox+Millennium+P650+PCIe+128&amp;id=1032
1036,Matrox Millennium P690 PCIe x16,367,295,,,Unknown,,,,,1996,4,,Apr 2009,Matrox+Millennium+P690+PCIe+x16&amp;id=1036
1038,Matrox Millennium P690 Plus LP PCIe x16,7,251,,,Unknown,,,,,2699,2,,Sep 2009,Matrox+Millennium+P690+Plus+LP+PCIe+x16&amp;id=1038
1040,Matrox Parhelia 128MB,3,107,,,Unknown,,,,,2784,1,393.99,Apr 2009,Matrox+Parhelia+128MB&amp;id=1040
1041,Matrox Parhelia 256MB,9,140,,,Unknown,,,,,2678,1,,Nov 2009,Matrox+Parhelia+256MB&amp;id=1041
1042,Matrox Parhelia APVe,6,275,,,Unknown,,,,,2719,3,,Nov 2009,Matrox+Parhelia+APVe&amp;id=1042
4201,MCT USB3.0 External Device,520,129,,,Unknown,,,,,,1,,Apr 2020,MCT+USB3.0+External+Device&amp;id=4201
1055,MEDION RADEON 9800 XXL,72,187,,,Unknown,,,,,2454,1,,Nov 2010,MEDION+RADEON+9800+XXL&amp;id=1055
1057,MEDION RADEON X740XL,95,228,,,Unknown,,,,,2393,2,,Apr 2009,MEDION+RADEON+X740XL&amp;id=1057
4915,Mi Pad 5 Adreno 640 GPU,659,192,,,Unknown,,,,,1647,10,,Jun 2023,Mi+Pad+5+Adreno+640+GPU&amp;id=4915
8466,Microsoft Basic Display Adapter Ryzen 3 7330U,417,340,,,Desktop,,,,,1952,1,,Mar 2026,Microsoft+Basic+Display+Adapter+Ryzen+3+7330U&amp;id=8466
3768,Miracast display port driver V3,8422,455,,,Unknown,,,,,348,2,,Feb 2022,Miracast+display+port+driver+V3&amp;id=3768
3284,Mirage Driver,1261,225,,,Unknown,,,,,1237,2,,May 2025,Mirage+Driver&amp;id=3284
8590,Mirage Driver Athlon Gold 3150U,650,180,,,Desktop,,,,,,1,,Apr 2026,Mirage+Driver+Athlon+Gold+3150U&amp;id=8590
8907,Mirage Driver Ryzen 5 5500GT,2926,767,,,Desktop,,,,,,1,,Jun 2026,Mirage+Driver+Ryzen+5+5500GT&amp;id=8907
8906,Mirage Driver Ryzen 5 5600G,2441,769,,,Desktop,,,,,,1,,Jun 2026,Mirage+Driver+Ryzen+5+5600G&amp;id=8906
4118,MIRRORV3,1081,421,,,Unknown,,,,,1314,1,,Jul 2019,MIRRORV3&amp;id=4118
1068,Mobile Intel - famiglia Express Chipset 45,39,264,,,Unknown,,,,,2565,4,,Oct 2011,Mobile+Intel+-+famiglia+Express+Chipset+45&amp;id=1068
2477,Mobile Intel 4 Express-Chipsatzfamilie,45,251,,,Unknown,,,,,2542,9,,Apr 2013,Mobile+Intel+4+Express-Chipsatzfamilie&amp;id=2477
1060,Mobile Intel 45 Express,39,18,,,Unknown,,,,,2563,336,,Dec 2010,Mobile+Intel+45+Express&amp;id=1060
1072,Mobile Intel 45 Express-Chipsatzfamilie,117,270,,,Unknown,,,,,2326,9,,Oct 2011,Mobile+Intel+45+Express-Chipsatzfamilie&amp;id=1072
2393,Mobile Intel 915GM/GMS/910GML Express,2,32,,,Unknown,,,,,2827,481,,Dec 2012,Mobile+Intel+915GM%2FGMS%2F910GML+Express&amp;id=2393
1062,Mobile Intel 945 Express,2,7,,,Unknown,,,,,2826,1692,,Jan 2011,Mobile+Intel+945+Express&amp;id=1062
1083,Mobile Intel 945GM Express,6,223,,,Unknown,,,,,2714,400,,Sep 2011,Mobile+Intel+945GM+Express&amp;id=1083
1085,Mobile Intel 945GM/GU Express,5,223,,,Unknown,,,,,2727,10,,Sep 2011,Mobile+Intel+945GM%2FGU+Express&amp;id=1085
1066,Mobile Intel 965 Express,46,11,,,Unknown,,,,,2534,2775,,Jan 2010,Mobile+Intel+965+Express&amp;id=1066
3509,Mobile Intel 965 Express - BR-0907-0461 v1839,8,124,,,Unknown,,,,,2686,1,,May 2016,Mobile+Intel+965+Express+-+BR-0907-0461+v1839&amp;id=3509
2916,Mobile Intel 965 Express-Chipsatzfamilie,24,203,,,Unknown,,,,,2635,4,,Jul 2014,Mobile+Intel+965+Express-Chipsatzfamilie&amp;id=2916
1088,Mobile Intel HD,245,103,,,Unknown,,,,,2116,461,479.98,Nov 2011,Mobile+Intel+HD&amp;id=1088
2460,Mobile Intel serie 4 Express,45,232,,,Unknown,,,,,2541,4,,Mar 2013,Mobile+Intel+serie+4+Express&amp;id=2460
3948,Mobile Intel965 Express,18,264,,,Unknown,,,,,2657,1,,Jun 2018,Mobile+Intel965+Express&amp;id=3948
446,MOBILITY FIREGL 7800,5,86,,64,Workstation,AGP,64,280,280,2740,1,,Apr 2009,MOBILITY+FIREGL+7800&amp;id=446
448,MOBILITY FIREGL T2,41,171,,128,Workstation,AGP 4X,128,320,320,2553,10,,Oct 2009,MOBILITY+FIREGL+T2&amp;id=448
449,MOBILITY FIREGL T2/T2e,34,171,,128,Workstation,AGP 4X,128,320,320,2592,3,,Feb 2012,MOBILITY+FIREGL+T2%2FT2e&amp;id=449
451,MOBILITY FireGL V3200,62,238,,128,Workstation,PCIe x16,128,400,400,2483,11,,Apr 2009,MOBILITY+FireGL+V3200&amp;id=451
452,MOBILITY FireGL V5000,82,223,,128,Workstation,PCIe x16,128,350,350,2430,2,,Oct 2009,MOBILITY+FireGL+V5000&amp;id=452
99,MOBILITY FireGL V5200,45,248,,256,Workstation,PCIe x16,256,425,425,2538,35,,Aug 2012,MOBILITY+FireGL+V5200&amp;id=99
453,MOBILITY FireGL V5250,27,252,,512,Workstation,PCIe x16,512,450,450,2616,28,,Apr 2009,MOBILITY+FireGL+V5250&amp;id=453
455,Mobility FireGL V5725,219,405,,256,Workstation,PCIe 2.0 x16,256,680,680,2140,9,,Apr 2009,Mobility+FireGL+V5725&amp;id=455
459,MOBILITY IGP 9000/9100,10,125,,,Unknown,,,,,2677,1,,Apr 2009,MOBILITY+IGP+9000%2F9100&amp;id=459
462,Mobility Radeon 4100,81,265,,,Unknown,,,,,2435,16,,May 2010,Mobility+Radeon+4100&amp;id=462
463,MOBILITY RADEON 7000 IGP,6,151,,,Unknown,,,,,2706,4,,Apr 2009,MOBILITY+RADEON+7000+IGP&amp;id=463
464,MOBILITY RADEON 7500,4,103,,64,Mobile,AGP 4x,64,280,280,2778,6,,Nov 2009,MOBILITY+RADEON+7500&amp;id=464
465,MOBILITY RADEON 9000,3,111,,64,Mobile,AGP 4x,64,250,250,2788,12,,May 2009,MOBILITY+RADEON+9000&amp;id=465
466,MOBILITY RADEON 9000 IGP,8,143,,,Unknown,,,,,2689,18,,Dec 2009,MOBILITY+RADEON+9000+IGP&amp;id=466
467,MOBILITY RADEON 9000/9100 IGP,6,118,,,Unknown,,,,,2718,6,,May 2009,MOBILITY+RADEON+9000%2F9100+IGP&amp;id=467
468,MOBILITY RADEON 9100 IGP,3,128,,,Unknown,,,,,2798,2,,Oct 2009,MOBILITY+RADEON+9100+IGP&amp;id=468
469,MOBILITY RADEON 9200,3,145,,64,Mobile,AGP 8x,64,250250,250250,2797,16,,Mar 2011,MOBILITY+RADEON+9200&amp;id=469
2325,MOBILITY RADEON 9550,30,166,,64,Mobile,AGP 8x,64,210,210,2609,1,,Dec 2012,MOBILITY+RADEON+9550&amp;id=2325
471,MOBILITY RADEON 9600,36,172,,128,Mobile,AGP 8x,128,300,300,2579,1,,Jun 2009,MOBILITY+RADEON+9600&amp;id=471
472,MOBILITY RADEON 9600 PRO TURBO,25,137,,,Unknown,,,,,2631,6,,May 2009,MOBILITY+RADEON+9600+PRO+TURBO&amp;id=472
473,MOBILITY RADEON 9600/9700,39,165,,128,Mobile,AGP 8x,128,300,300,2562,11,,Nov 2010,MOBILITY+RADEON+9600%2F9700&amp;id=473
474,MOBILITY RADEON 9700,27,158,,128,Mobile,AGP 8x,128,450,450,2615,29,,Apr 2009,MOBILITY+RADEON+9700&amp;id=474
476,MOBILITY RADEON 9800,46,110,,256,Mobile,AGP 8x,256,350,350,2532,2,,Jul 2009,MOBILITY+RADEON+9800&amp;id=476
75,Mobility Radeon HD 2300,51,211,,512,Mobile,PCIe x16,512,480,480,2517,31,,Oct 2012,Mobility+Radeon+HD+2300&amp;id=75
147,Mobility Radeon HD 2400,90,212,,256,Mobile,PCIe x16,256,450,450,2408,86,,Jan 2010,Mobility+Radeon+HD+2400&amp;id=147
478,Mobility Radeon HD 2400 XT,102,246,,256,Mobile,PCIe x16,256,600600,600600,2373,60,,Dec 2011,Mobility+Radeon+HD+2400+XT&amp;id=478
65,Mobility Radeon HD 2600,168,267,,256,Mobile,PCIe x16,256,500500,500500,2219,278,,Aug 2012,Mobility+Radeon+HD+2600&amp;id=65
479,Mobility Radeon HD 2600 XT,192,329,,256,Mobile,PCIe x16,256,680,680,2184,54,,Oct 2009,Mobility+Radeon+HD+2600+XT&amp;id=479
2893,Mobility Radeon HD 3400 Serisi,111,239,,,Unknown,,,,,2351,1,,Jun 2014,Mobility+Radeon+HD+3400+Serisi&amp;id=2893
482,Mobility Radeon HD 3410,63,130,,512,Mobile,PCIe x16 1.1,512,400,400,2480,6,,Jan 2010,Mobility+Radeon+HD+3410&amp;id=482
483,Mobility Radeon HD 3430,98,260,,256,Mobile,PCIe x16 2.0,256,450,450,2385,120,,May 2009,Mobility+Radeon+HD+3430&amp;id=483
484,Mobility Radeon HD 3450,91,247,,256,Mobile,PCIe x16 2.0,256,500,500,2404,66,,May 2009,Mobility+Radeon+HD+3450&amp;id=484
485,Mobility Radeon HD 3470,93,250,,256,Mobile,PCIe x16 2.0,256,680,680,2396,112,,Apr 2009,Mobility+Radeon+HD+3470&amp;id=485
486,Mobility Radeon HD 3470 Hybrid X2,94,206,,,Unknown,,,,,2395,8,,Jun 2009,Mobility+Radeon+HD+3470+Hybrid+X2&amp;id=486
487,Mobility Radeon HD 3650,140,31,,1024,Mobile,PCIe x16 2.0,1024,500,500,2267,933,73.53,Apr 2009,Mobility+Radeon+HD+3650&amp;id=487
488,Mobility Radeon HD 3670,232,331,,1024,Mobile,PCIe x16 2.0,1024,680,680,2127,114,,Aug 2009,Mobility+Radeon+HD+3670&amp;id=488
489,Mobility Radeon HD 3850,366,248,,512,Mobile,PCIe x16 2.0,512,580,580,1998,2,,Nov 2009,Mobility+Radeon+HD+3850&amp;id=489
490,Mobility Radeon HD 3870,548,288,,512,Mobile,PCIe x16 2.0,512,660,660,1799,3,,Dec 2009,Mobility+Radeon+HD+3870&amp;id=490
491,Mobility Radeon HD 3870 X2,478,187,,2,Mobile,PCIe x16 2.0,2,660,660,1886,57,,Sep 2009,Mobility+Radeon+HD+3870+X2&amp;id=491
493,Mobility Radeon HD 4200,91,260,,512,Mobile,Internal PCIe x16 1.1,512,500,500,2406,253,,Apr 2011,Mobility+Radeon+HD+4200&amp;id=493
494,Mobility Radeon HD 4225,66,174,,512,Mobile,Internal PCIe x16 1.1,512,380,380,2475,18,,Jun 2010,Mobility+Radeon+HD+4225&amp;id=494
495,Mobility Radeon HD 4250,98,280,,512,Mobile,Internal PCIe x16 1.1,512,500,500,2383,400,,Apr 2010,Mobility+Radeon+HD+4250&amp;id=495
496,Mobility Radeon HD 4270,93,282,,512,Mobile,Internal PCIe x16 1.1,512,590,590,2398,9,,Sep 2010,Mobility+Radeon+HD+4270&amp;id=496
2753,Mobility Radeon HD 4300 Serisi,73,216,,,Unknown,,,,,2450,1,,Dec 2013,Mobility+Radeon+HD+4300+Serisi&amp;id=2753
497,Mobility Radeon HD 4330,135,377,,512,Mobile,PCIe x16 2.0,512,450,450,2280,8,,Aug 2009,Mobility+Radeon+HD+4330&amp;id=497
498,Mobility Radeon HD 4350,148,369,,,Unknown,,,,,2246,10,,Mar 2011,Mobility+Radeon+HD+4350&amp;id=498
502,Mobility Radeon HD 4550,191,290,,512,Mobile,PCIe x16 2.0,512,550,550,2186,20,,Mar 2010,Mobility+Radeon+HD+4550&amp;id=502
503,Mobility Radeon HD 4570,149,19,,512,Mobile,PCIe x16 2.0,512,680,680,2242,1844,75.9,Dec 2011,Mobility+Radeon+HD+4570&amp;id=503
504,Mobility Radeon HD 4650,401,320,,1024,Mobile,PCIe x16 2.0,1024,500550,500550,1964,961,,Aug 2009,Mobility+Radeon+HD+4650&amp;id=504
505,Mobility Radeon HD 4670,463,375,,1024,Mobile,PCIe x16 2.0,1024,675,675,1907,234,,Jul 2009,Mobility+Radeon+HD+4670&amp;id=505
506,Mobility Radeon HD 4830,512,285,,1024,Mobile,PCIe x16 2.0,1024,400600,400600,1843,3,,Jan 2012,Mobility+Radeon+HD+4830&amp;id=506
507,Mobility Radeon HD 4850,866,472,,1024,Mobile,PCIe x16 2.0,1024,500,500,1449,83,,Jul 2009,Mobility+Radeon+HD+4850&amp;id=507
148,Mobility Radeon HD 4870,720,416,,1024,Mobile,PCIe x16 2.0,1024,550,550,1591,29,,Sep 2010,Mobility+Radeon+HD+4870&amp;id=148
2153,Mobility Radeon HD 5000,773,429,,,Unknown,,,,,1526,17,,Sep 2012,Mobility+Radeon+HD+5000&amp;id=2153
2516,Mobility Radeon HD 5000 Serisi,479,305,,,Unknown,,,,,1881,2,,May 2013,Mobility+Radeon+HD+5000+Serisi&amp;id=2516
511,Mobility Radeon HD 5165,284,362,35,1024,Mobile,PCIe x16 2.0,1024,600,600,2075,14,,Feb 2010,Mobility+Radeon+HD+5165&amp;id=511
512,Mobility Radeon HD 530v,175,353,,1024,Mobile,PCIe x16 2.0,1024,500,500,2202,28,,Aug 2010,Mobility+Radeon+HD+530v&amp;id=512
514,Mobility Radeon HD 540v,188,382,,,Unknown,,,,,2188,24,,Jun 2010,Mobility+Radeon+HD+540v&amp;id=514
515,Mobility Radeon HD 5430,181,330,7,1024,Mobile,PCIe x16 2.1,1024,500550,500550,2192,41,,Apr 2010,Mobility+Radeon+HD+5430&amp;id=515
516,Mobility Radeon HD 5450,214,320,11,1024,Mobile,PCIe x16 2.1,1024,675,675,2148,49,,May 2010,Mobility+Radeon+HD+5450&amp;id=516
517,Mobility Radeon HD 545v,200,270,,1024,Mobile,PCIe x16 2.0,1024,720,720,2169,11,,Oct 2010,Mobility+Radeon+HD+545v&amp;id=517
58,Mobility Radeon HD 5470,236,362,13,512,Mobile,PCIe x16 2.1,512,750,750,2123,1120,,Aug 2012,Mobility+Radeon+HD+5470&amp;id=58
518,Mobility Radeon HD 550v,266,398,,1024,Mobile,PCIe x16 2.0,1024,450,450,2094,43,,Aug 2010,Mobility+Radeon+HD+550v&amp;id=518
519,Mobility Radeon HD 5570,525,247,,,Unknown,,,,,1828,36,,Nov 2011,Mobility+Radeon+HD+5570&amp;id=519
520,Mobility Radeon HD 560v,318,366,,1024,Mobile,PCIe x16 2.0,1024,550,550,2046,29,,Jul 2010,Mobility+Radeon+HD+560v&amp;id=520
521,Mobility Radeon HD 5650,440,149,15,1024,Mobile,PCIe x16 2.1,1024,450650,450650,1927,2675,,Jun 2012,Mobility+Radeon+HD+5650&amp;id=521
522,Mobility Radeon HD 565v,353,318,,1024,Mobile,PCIe x16 2.0,1024,675,675,2007,10,,Feb 2011,Mobility+Radeon+HD+565v&amp;id=522
149,Mobility Radeon HD 5730,507,153,26,1024,Mobile,PCIe x16 2.1,1024,650,650,1852,719,,Jul 2010,Mobility+Radeon+HD+5730&amp;id=149
525,Mobility Radeon HD 5850,763,403,31,1024,Mobile,PCIe x16 2.1,1024,625500625,625500625,1540,101,,Jan 2010,Mobility+Radeon+HD+5850&amp;id=525
526,Mobility Radeon HD 5870,1079,224,50,1024,Mobile,PCIe x16 2.1,1024,700,700,1317,826,,Jul 2012,Mobility+Radeon+HD+5870&amp;id=526
2644,Mobility Radeon HD serie 4200,97,227,,,Unknown,,,,,2390,4,,Sep 2013,Mobility+Radeon+HD+serie+4200&amp;id=2644
531,Mobility Radeon X1300,40,222,,128,Mobile,PCIe x16,128,350,350,2559,164,,Sep 2009,Mobility+Radeon+X1300&amp;id=531
532,Mobility Radeon X1350,40,274,,128,Mobile,PCIe x16,128,470,470,2557,32,,May 2009,Mobility+Radeon+X1350&amp;id=532
533,Mobility Radeon X1400,43,226,,128,Mobile,PCIe x16,128,445,445,2546,213,,Apr 2009,Mobility+Radeon+X1400&amp;id=533
535,Mobility Radeon X1450,33,205,,128,Mobile,PCIe x16,128,550,550,2595,4,,Apr 2009,Mobility+Radeon+X1450&amp;id=535
536,Mobility Radeon X1600,92,236,,256,Mobile,PCIe x16,256,450,450,2401,149,,Apr 2009,Mobility+Radeon+X1600&amp;id=536
537,Mobility Radeon X1700,105,228,,256,Mobile,PCIe x16,256,475,475,2364,22,,Jul 2010,Mobility+Radeon+X1700&amp;id=537
538,MOBILITY RADEON X1800,130,247,,256,Mobile,PCIe x16,256,450,450,2290,8,,May 2009,MOBILITY+RADEON+X1800&amp;id=538
539,Mobility Radeon X1900,135,287,,256,Mobile,PCIe x16,256,400,400,2281,3,,Feb 2010,Mobility+Radeon+X1900&amp;id=539
111,Mobility Radeon X2300,48,263,,128,Mobile,PCIe x16,128,480,480,2527,117,,Sep 2012,Mobility+Radeon+X2300&amp;id=111
1097,Mobility Radeon X2300 HD,49,244,,,Unknown,,,,,2526,5,,Jun 2009,Mobility+Radeon+X2300+HD&amp;id=1097
540,Mobility Radeon X2500,82,235,,256,Mobile,PCIe x16,256,460,460,2428,4,,Oct 2009,Mobility+Radeon+X2500&amp;id=540
542,MOBILITY RADEON X300,34,204,,128,Mobile,PCI-E x16,128,350,350,2591,111,,Apr 2009,MOBILITY+RADEON+X300&amp;id=542
543,MOBILITY RADEON X600,50,209,,128,Mobile,PCI-E x16,128,400,400,2519,68,,Apr 2009,MOBILITY+RADEON+X600&amp;id=543
544,MOBILITY RADEON X600 SE,49,233,,,Unknown,,,,,2522,5,,Oct 2009,MOBILITY+RADEON+X600+SE&amp;id=544
545,MOBILITY RADEON X700,67,200,,128,Mobile,PCI-E x16,128,350,350,2473,60,,Mar 2010,MOBILITY+RADEON+X700&amp;id=545
546,MOBILITY RADEON X700 XL,60,189,,,Unknown,,,,,2485,1,,Feb 2010,MOBILITY+RADEON+X700+XL&amp;id=546
548,MOBILITY RADEON XPRESS 200,27,176,,,Unknown,,,,,2619,26,,Apr 2009,MOBILITY+RADEON+XPRESS+200&amp;id=548
2488,Mobility Radeon. HD 5470,215,398,13,512,Mobile,PCIe x16 2.1,512,750,750,2147,8,,Apr 2013,Mobility+Radeon.+HD+5470&amp;id=2488
551,MOBILITY/RADEON 9000,4,153,,,Unknown,,,,,2761,2,,Dec 2011,MOBILITY%2FRADEON+9000&amp;id=551
2470,MONSTER GeForce GTX 675M,2637,686,,,Mobile,,,,,808,1,,Apr 2013,MONSTER+GeForce+GTX+675M&amp;id=2470
6731,Moore Threads MTT S30,580,529,,,Desktop,,,,,,1,,Jul 2025,Moore+Threads+MTT+S30&amp;id=6731
7661,Moore Threads MTT S70,1915,490,,,Desktop,,,,,1003,2,,Nov 2025,Moore+Threads+MTT+S70&amp;id=7661
6007,Moore Threads MTT S80,2423,695,,,Desktop,,,,,847,10,,Mar 2025,Moore+Threads+MTT+S80&amp;id=6007
5648,Moore Threads S3000 MTvGPU-1132,1997,315,,,Desktop,,,,,969,2,,Jan 2025,Moore+Threads+S3000+MTvGPU-1132&amp;id=5648
9131,MPro Driver Device,15274,1007,,,Desktop,,,,,162,1,,Jul 2026,MPro+Driver+Device&amp;id=9131
5061,MS Idd Device,1277,296,,,Desktop,,,,,1230,2,,Jan 2026,MS+Idd+Device&amp;id=5061
3640,MxGPU,1282,210,,,Unknown,,,,,1228,7,,Jan 2017,MxGPU&amp;id=3640
3199,N16P-GX,1205,803,,,Unknown,,,,,1262,1,,Apr 2015,N16P-GX&amp;id=3199
3928,N18E-Q1,2525,547,,,Unknown,,,,,836,1,,Apr 2018,N18E-Q1&amp;id=3928
1530,nForce 750a SLI,83,351,,,Unknown,,,,,2424,17,,Dec 2009,nForce+750a+SLI&amp;id=1530
1531,nForce 760i SLI,140,379,,,Unknown,,,,,2266,3,,Apr 2009,nForce+760i+SLI&amp;id=1531
1532,nForce 780a SLI,92,425,,,Unknown,,,,,2402,2,,Apr 2009,nForce+780a+SLI&amp;id=1532
1533,nForce 980a/780a SLI,165,128,,,Unknown,,,,,2225,13,,Aug 2009,nForce+980a%2F780a+SLI&amp;id=1533
1536,NV44,15,251,,,Unknown,,,,,2661,1,,Feb 2011,NV44&amp;id=1536
4632,NVIDIA A10,21687,983,,,Unknown,,,,,76,3,,Nov 2022,NVIDIA+A10&amp;id=4632
4521,NVIDIA A10-4Q,2752,202,,,Unknown,,,,,788,8,,Mar 2022,NVIDIA+A10-4Q&amp;id=4521
4546,NVIDIA A10G,17660,578,,,Unknown,,,,,115,8,,May 2022,NVIDIA+A10G&amp;id=4546
4551,NVIDIA A40,13900,489,,,Unknown,,,,,194,8,259.99,Jun 2022,NVIDIA+A40&amp;id=4551
4523,NVIDIA A40-12Q,4336,81,,,Unknown,,,,,596,9,,Mar 2022,NVIDIA+A40-12Q&amp;id=4523
4643,NVIDIA A40-4Q,4407,87,,,Unknown,,,,,590,5,,Dec 2022,NVIDIA+A40-4Q&amp;id=4643
4655,NVIDIA A40-8Q,4252,74,,,Unknown,,,,,602,7,,Dec 2022,NVIDIA+A40-8Q&amp;id=4655
1150,NVIDIA GeForce3 Ti200,6,218,,,Unknown,,,,,2716,1,,Dec 2009,NVIDIA+GeForce3+Ti200&amp;id=1150
6257,nVidia L20,13430,1397,,,Desktop,,,,,,1,,Apr 2025,nVidia+L20&amp;id=6257
4885,nVidia L40,27355,1186,,,Unknown,,,,,33,2,,Jul 2023,nVidia+L40&amp;id=4885
7645,nVidia L40-48Q,33270,1371,,,Desktop,,,,,9,1,,Nov 2025,nVidia+L40-48Q&amp;id=7645
6094,nVidia L40-4Q,32601,1389,,,Desktop,,,,,11,3,,Mar 2025,nVidia+L40-4Q&amp;id=6094
6220,nVidia L40S-48Q,3869,78,,,Desktop,,,,,,1,,Apr 2025,nVidia+L40S-48Q&amp;id=6220
7150,nVidia L40S-4Q,7687,309,,,Desktop,,,,,377,6,,Sep 2025,nVidia+L40S-4Q&amp;id=7150
4442,NVIDIA T1000,7656,865,50,4192,Workstation,PCIe 3.0 x16,4192,,,380,883,450.0,Jul 2021,NVIDIA+T1000&amp;id=4442
4513,NVIDIA T1000 8GB,7691,888,50,8192,Workstation,PCIe 3.0 x16,8192,,,376,951,,Mar 2022,NVIDIA+T1000+8GB&amp;id=4513
4422,NVIDIA T1200 Laptop GPU,7821,492,95,4192,"Mobile, Workstation",PCIe 3.0 x16,4192,1515,1515,368,1448,,Jul 2021,NVIDIA+T1200+Laptop+GPU&amp;id=4422
4335,NVIDIA T500,3615,301,18,4192,Workstation,PCIe 3.0 x16,4192,1185,1185,666,1030,,Jan 2021,NVIDIA+T500&amp;id=4335
4439,NVIDIA T600,6371,761,40,4096,Workstation,PCIe 3.0 x16,4096,735,735,428,608,265.0,Jul 2021,NVIDIA+T600&amp;id=4439
4424,NVIDIA T600 Laptop GPU,7057,485,40,4192,Mobile,PCIe 3.0 x16,4192,,,397,647,,Jul 2021,NVIDIA+T600+Laptop+GPU&amp;id=4424
3554,NVIDIA TITAN X,13660,912,250,12288,Desktop,PCIe 3.0 x16,12288,1417,1417,201,500,398.0,Aug 2016,NVIDIA+TITAN+X&amp;id=3554
3728,NVIDIA TITAN Xp,18754,883,250,12288,Desktop,PCIe 3.0 x16,12288,1405,1405,106,394,999.0,Apr 2017,NVIDIA+TITAN+Xp&amp;id=3728
1537,NVS 2100M,137,116,14,512,Workstation,PCIe 2.0 x16,512,535,535,2275,64,,Feb 2010,NVS+2100M&amp;id=1537
1538,NVS 300,118,37,175,512,Workstation,"PCI-Express x1,x16",512,589,589,2322,355,62.97,Apr 2011,NVS+300&amp;id=1538
2195,NVS 310,296,181,195,512,Workstation,PCI-Express x16,512,,,2061,420,63.0,Oct 2012,NVS+310&amp;id=2195
1539,NVS 3100M,125,32,14,512,Workstation,PCIe 2.0 x16,512,600,600,2305,1518,,May 2011,NVS+3100M&amp;id=1539
2808,NVS 315,336,180,195,1024,Workstation,PCI-Express x16,1024,,,2023,179,69.99,Feb 2014,NVS+315&amp;id=2808
117,NVS 4200M,311,79,,1024,Workstation,PCIe 2.0 x16,1024,810,810,2053,1448,399.0,Aug 2012,NVS+4200M&amp;id=117
2228,NVS 510,677,288,35,2048,Workstation,PCI-Express x16,2048,,,1634,385,74.0,Oct 2012,NVS+510&amp;id=2228
1540,NVS 5100M,200,62,35,1024,Workstation,PCIe 2.0 x16,1024,550,550,2167,268,,Mar 2010,NVS+5100M&amp;id=1540
2158,NVS 5200M,490,184,35,1024,Workstation,PCIe 2.0 x16,1024,625,625,1871,1478,,Sep 2012,NVS+5200M&amp;id=2158
1541,NVS 5400M,609,183,35,2048,Workstation,PCIe 2.0 x16,2048,660,660,1713,641,,Jul 2012,NVS+5400M&amp;id=1541
3428,NVS 810,1147,283,,,Unknown,,,,,1288,32,624.99,Feb 2016,NVS+810&amp;id=3428
3291,OPAL XT/GL,1053,640,,,Unknown,,,,,1335,1,,Oct 2015,OPAL+XT%2FGL&amp;id=3291
5019,OrayIddDriver Device,11785,943,,,Unknown,,,,,252,5,,May 2024,OrayIddDriver+Device&amp;id=5019
7468,OrayIddDriver Device Ryzen 5 3400G,1478,405,,,Desktop,,,,,,1,,Nov 2025,OrayIddDriver+Device+Ryzen+5+3400G&amp;id=7468
5224,P102-100,3723,129,,,Desktop,,,,,652,10,,Nov 2024,P102-100&amp;id=5224
4206,P104-100,3593,122,,,Unknown,,,,,667,29,299.99,May 2020,P104-100&amp;id=4206
4212,P106-090,2684,103,,,Unknown,,,,,802,21,,Jun 2020,P106-090&amp;id=4212
4044,P106-100,6765,245,,,Unknown,,,,,407,177,,Feb 2019,P106-100&amp;id=4044
3305,PCI GDIHOOK5,1703,616,,,Unknown,,,,,,1,,Nov 2025,PCI+GDIHOOK5&amp;id=3305
4802,PCI\VEN_1002&DEV_164E&SUBSYS_D0001458&REV_C2 Ryzen,1681,576,,,Unknown,,,,,,1,,Apr 2022,PCI%5CVEN_1002%26DEV_164E%26SUBSYS_D0001458%26REV_C2+Ryzen&amp;id=4802
4810,PCI\VEN_1002&DEV_164E&SUBSYS_D0001458&REV_C3 Ryzen,1654,583,,,Unknown,,,,,1097,2,,Nov 2023,PCI%5CVEN_1002%26DEV_164E%26SUBSYS_D0001458%26REV_C3+Ryzen&amp;id=4810
4798,PCI\VEN_1002&DEV_164E&SUBSYS_D0001458&REV_C6 Ryzen,1769,582,,,Unknown,,,,,,1,,Nov 2023,PCI%5CVEN_1002%26DEV_164E%26SUBSYS_D0001458%26REV_C6+Ryzen&amp;id=4798
4791,PCI\VEN_1002&DEV_164E&SUBSYS_D0001458&REV_C7 Ryzen,4339,621,,,Unknown,,,,,595,5,,Feb 2022,PCI%5CVEN_1002%26DEV_164E%26SUBSYS_D0001458%26REV_C7+Ryzen&amp;id=4791
3608,PHDGD Ivy 4,404,270,,,Unknown,,,,,1962,15,,Nov 2016,PHDGD+Ivy+4&amp;id=3608
4184,PHDGD Ivy 5,445,497,,,Unknown,,,,,1923,2,,Jan 2020,PHDGD+Ivy+5&amp;id=4184
3844,PHDGD Quantic C3,117,351,,,Unknown,,,,,2327,4,,Nov 2017,PHDGD+Quantic+C3&amp;id=3844
3856,PHDGD Sapphire GR for Mobile Intel 965,26,243,,,Unknown,,,,,2624,3,,Dec 2017,PHDGD+Sapphire+GR+for+Mobile+Intel+965&amp;id=3856
3136,PHDGD Solo 1.2.0 x86,11,169,,,Unknown,,,,,2674,2,,Feb 2015,PHDGD+Solo+1.2.0+x86&amp;id=3136
3515,PHDGD Solo 2 x64,20,183,,,Unknown,,,,,2646,2,,Jun 2016,PHDGD+Solo+2+x64&amp;id=3515
3625,Q12U-1,5164,600,,,Unknown,,,,,520,1,,Dec 2016,Q12U-1&amp;id=3625
87,Quadro 1000M,552,197,45,2048,Workstation,PCIe 2.0 x16,2048,700,700,1791,1119,54.5,Aug 2012,Quadro+1000M&amp;id=87
2398,Quadro 1100M,755,734,,,Unknown,,,,,1549,2,,Feb 2013,Quadro+1100M&amp;id=2398
1543,Quadro 2000,945,304,62,1024,Workstation,PCIe 2.0 x16,1024,625,625,1397,2345,717.59,Oct 2010,Quadro+2000&amp;id=1543
1544,Quadro 2000 D,1239,594,,,Unknown,,,,,1245,10,,Feb 2011,Quadro+2000+D&amp;id=1544
1545,Quadro 2000D,980,328,,,Unknown,,,,,1372,179,566.12,Oct 2011,Quadro+2000D&amp;id=1545
49,Quadro 2000M,761,229,55,2048,Workstation,PCIe 2.0 x16,2048,550,550,1543,639,229.74,Aug 2012,Quadro+2000M&amp;id=49
2397,Quadro 2100M,1100,765,,,Unknown,,,,,1305,1,,Feb 2013,Quadro+2100M&amp;id=2397
1546,Quadro 280 NVS PCIe,6,185,,,Unknown,,,,,2715,3,,Jun 2009,Quadro+280+NVS+PCIe&amp;id=1546
1547,Quadro 3000M,1005,316,75,2048,Workstation,PCIe 2.0 x16,2048,450,450,1358,606,69.99,Jun 2011,Quadro+3000M&amp;id=1547
1548,Quadro 400,148,59,32,512,Workstation,PCIe 2.0 x16,512,450,450,2245,126,211.0,Jul 2011,Quadro+400&amp;id=1548
1549,Quadro 4000,1471,388,142,2048,Workstation,PCIe 2.0 x16,2048,475,475,1174,2299,270.99,Aug 2010,Quadro+4000&amp;id=1549
1550,Quadro 4000M,1295,285,100,2048,Workstation,PCIe 2.0 x16,2048,475,475,1223,210,232.06,Mar 2011,Quadro+4000M&amp;id=1550
2291,Quadro 410,434,214,38,512,Workstation,PCIe 3.0 x16,512,706,706,1934,129,129.0,Nov 2012,Quadro+410&amp;id=2291
1551,Quadro 5000,1965,396,152,2560,Workstation,PCIe 2.0 x16,2560,513,513,984,501,2169.72,Sep 2010,Quadro+5000&amp;id=1551
1552,Quadro 5000M,2060,426,100,2048,Workstation,PCIe 2.0 x16,2048,405,405,953,11,,Dec 2010,Quadro+5000M&amp;id=1552
2518,Quadro 500M,571,365,35,1024,Workstation,PCIe 2.0 x16,1024,700,700,1766,6,275.14,May 2013,Quadro+500M&amp;id=2518
1553,Quadro 5010M,1691,297,100,4096,Workstation,PCIe 2.0 x16,4096,450,450,1083,38,235.95,Nov 2011,Quadro+5010M&amp;id=1553
91,Quadro 600,518,233,40,1024,Workstation,PCIe 2.0 x16,1024,640,640,1837,1944,76.0,Aug 2012,Quadro+600&amp;id=91
1554,Quadro 6000,2702,457,204,6144,Workstation,PCIe 2.0 x16,6144,574,574,796,265,4092.38,Oct 2010,Quadro+6000&amp;id=1554
1555,Quadro 7000,3505,397,204,6144,Workstation,PCIe 2.0 x16,6144,651,651,680,2,,Nov 2011,Quadro+7000&amp;id=1555
1556,Quadro CX,947,454,,,Unknown,,,,,1392,3,149.95,Oct 2009,Quadro+CX&amp;id=1556
1557,Quadro FX 1000,34,266,,128,Workstation,AGP 8x,128,300,300,2587,6,,Apr 2009,Quadro+FX+1000&amp;id=1557
1558,Quadro FX 1100,36,178,,256,Workstation,AGP 8x,256,425,425,2580,7,212.99,Apr 2009,Quadro+FX+1100&amp;id=1558
1559,Quadro FX 1300,34,276,55,128,Workstation,PCIe x16,128,350,350,2586,9,,Apr 2009,Quadro+FX+1300&amp;id=1559
1560,Quadro FX 1400,124,152,70,128,Workstation,PCIe x16,128,350,350,2308,59,245.01,Oct 2011,Quadro+FX+1400&amp;id=1560
1561,Quadro FX 1500,170,74,65,256,Workstation,PCIe x16,256,375,375,2211,152,474.32,Apr 2009,Quadro+FX+1500&amp;id=1561
1562,Quadro FX 1500M,171,275,45,512,Workstation,PCIe 1.0 x16,512,375,375,2207,26,,Apr 2009,Quadro+FX+1500M&amp;id=1562
1563,Quadro FX 1600M,195,53,50,512,Workstation,PCIe 1.0 x16,512,625,625,2179,139,149.9,Jun 2009,Quadro+FX+1600M&amp;id=1563
1564,Quadro FX 1700,212,32,42,512,Workstation,PCIe x16,512,460,460,2152,555,350.14,Apr 2009,Quadro+FX+1700&amp;id=1564
1565,Quadro FX 1700M,173,135,50,512,Workstation,PCIe 1.0 x16,512,625,625,2205,54,,Apr 2009,Quadro+FX+1700M&amp;id=1565
1566,Quadro FX 1800,399,54,59,768,Workstation,PCIe 2.0 x16,768,550,550,1966,1074,135.0,Apr 2009,Quadro+FX+1800&amp;id=1566
1567,Quadro FX 1800M,478,61,45,1024,Workstation,PCIe 2.0 x16,1024,450,450,1884,249,,Apr 2010,Quadro+FX+1800M&amp;id=1567
1568,Quadro FX 2000,18,146,,128,Workstation,AGP 8x,128,400,400,2654,1,,Sep 2009,Quadro+FX+2000&amp;id=1568
1569,Quadro FX 2500M,218,272,45,512,Workstation,PCIe 1.0 x16,512,500,500,2142,24,17.5,Apr 2009,Quadro+FX+2500M&amp;id=1569
2854,Quadro FX 2700,543,465,,,Unknown,,,,,1808,1,,Apr 2014,Quadro+FX+2700&amp;id=2854
1570,Quadro FX 2700M,367,38,65,512,Workstation,PCIe 1.0 x16,512,530,530,1995,280,99.95,Apr 2009,Quadro+FX+2700M&amp;id=1570
1571,Quadro FX 2800M,413,38,75,1024,Workstation,PCIe 2.0 x16,1024,500,500,1955,348,190.0,Feb 2010,Quadro+FX+2800M&amp;id=1571
1572,Quadro FX 3000,69,178,,256,Workstation,AGP 8x,256,400,400,2466,14,166.61,Apr 2009,Quadro+FX+3000&amp;id=1572
4,Quadro FX 3400/4400,104,239,101,256,Workstation,PCIe x16,256,350,350,2366,31,,Aug 2012,Quadro+FX+3400%2F4400&amp;id=4
1574,Quadro FX 3450,149,235,83,256,Workstation,PCIe x16,256,425,425,2243,2,119.99,Aug 2009,Quadro+FX+3450&amp;id=1574
1575,Quadro FX 3450/4000 SDI,206,61,,256,Workstation,AGP 8x,256,375,375,2161,196,,Apr 2009,Quadro+FX+3450%2F4000+SDI&amp;id=1575
1576,Quadro FX 350,86,378,21,128,Workstation,PCIe x16,128,550,550,2414,2,,Apr 2009,Quadro+FX+350&amp;id=1576
1577,Quadro FX 3500,265,66,80,256,Workstation,PCIe x16,256,470,470,2096,211,68.98,Apr 2009,Quadro+FX+3500&amp;id=1577
1578,Quadro FX 3500M,306,309,45,512,Workstation,PCIe 1.0 x16,512,575,575,2056,3,99.99,Sep 2009,Quadro+FX+3500M&amp;id=1578
1579,Quadro FX 350M,45,132,15,256,Workstation,PCIe 1.0 x16,256,450,450,2540,21,,May 2009,Quadro+FX+350M&amp;id=1579
1580,Quadro FX 3600M,467,365,70,512,Workstation,PCIe 1.0 x16,512,500,500,1900,36,,Apr 2009,Quadro+FX+3600M&amp;id=1580
1581,Quadro FX 360M,87,308,17,256,Workstation,PCIe 1.0 x16,256,400,400,2412,45,,Apr 2009,Quadro+FX+360M&amp;id=1581
1582,Quadro FX 370,84,385,35,256,Workstation,PCIe x16,256,360,360,2422,55,125.0,Apr 2009,Quadro+FX+370&amp;id=1582
1583,Quadro FX 370 Low Profile,103,492,,,Unknown,,,,,2370,1,,Oct 2010,Quadro+FX+370+Low+Profile&amp;id=1583
1584,Quadro FX 370 LP,108,481,25,256,Workstation,PCIe x16,256,540,540,2357,2,,May 2012,Quadro+FX+370+LP&amp;id=1584
1585,Quadro FX 3700,372,73,78,512,Workstation,PCIe 2.0 x16,512,500,500,1992,285,213.27,Jul 2010,Quadro+FX+3700&amp;id=1585
1586,Quadro FX 3700M,445,71,75,1024,Workstation,PCIe 1.0 x16,1024,550,550,1924,178,925.0,Apr 2009,Quadro+FX+3700M&amp;id=1586
1587,Quadro FX 370M,93,334,20,256,Workstation,PCIe 1.0 x16,256,550,550,2397,18,,Apr 2009,Quadro+FX+370M&amp;id=1587
1588,Quadro FX 380,206,60,34,256,Workstation,PCIe 2.0 x16,256,450,450,2160,152,209.27,Feb 2012,Quadro+FX+380&amp;id=1588
1589,Quadro FX 380 LP,145,69,28,512,Workstation,PCIe 2.0 x16,512,589,589,2253,60,,Feb 2010,Quadro+FX+380+LP&amp;id=1589
1590,Quadro FX 3800,825,44,108,1024,Workstation,PCIe 2.0 x16,1024,602,602,1480,817,259.13,Apr 2009,Quadro+FX+3800&amp;id=1590
1591,Quadro FX 3800M,555,33,100,1024,Workstation,PCIe 2.0 x16,1024,675,675,1787,158,,Oct 2009,Quadro+FX+3800M&amp;id=1591
1592,Quadro FX 380M,121,106,25,512,Workstation,PCIe 2.0 x16,512,625,625,2316,37,,Mar 2010,Quadro+FX+380M&amp;id=1592
1593,Quadro FX 4000,101,78,142,256,Workstation,AGP 8x,256,375,375,2377,1,,Dec 2009,Quadro+FX+4000&amp;id=1593
1594,Quadro FX 4500,227,120,109,512,Workstation,PCIe x16,512,470,470,2130,95,169.0,Apr 2009,Quadro+FX+4500&amp;id=1594
1595,Quadro FX 4500 X2,236,653,,,Unknown,,,,,2124,1,,Mar 2010,Quadro+FX+4500+X2&amp;id=1595
1596,Quadro FX 4600,396,91,134,768,Workstation,PCIe 2.0 x16,768,500,500,1971,384,333.25,Apr 2009,Quadro+FX+4600&amp;id=1596
2857,Quadro FX 4700 X2,676,509,,,Unknown,,,,,1636,4,,Apr 2014,Quadro+FX+4700+X2&amp;id=2857
32,Quadro FX 4800,1011,51,150,1536,Workstation,PCIe 2.0 x16,1536,602,602,1355,511,1660.81,Aug 2012,Quadro+FX+4800&amp;id=32
1599,Quadro FX 500/600 PCI,14,203,,,Unknown,,,,,2663,6,,Apr 2009,Quadro+FX+500%2F600+PCI&amp;id=1599
1600,Quadro FX 500/FX 600,8,151,,,Unknown,,,,,2692,7,,Apr 2009,Quadro+FX+500%2FFX+600&amp;id=1600
1601,Quadro FX 540,81,294,35,128,Workstation,PCIe x16,128,300,300,2437,27,59.99,Apr 2009,Quadro+FX+540&amp;id=1601
1602,Quadro FX 550,64,325,25,128,Workstation,PCIe x16,128,360,360,2479,45,287.82,Apr 2009,Quadro+FX+550&amp;id=1602
1603,Quadro FX 5500,242,394,96,1024,Workstation,PCIe x16,1024,700,700,2118,19,1999.0,Apr 2009,Quadro+FX+5500&amp;id=1603
1604,Quadro FX 560,114,360,30,128,Workstation,PCIe x16,128,350,350,2338,25,150.25,Apr 2009,Quadro+FX+560&amp;id=1604
1605,Quadro FX 5600,518,98,,,Unknown,,,,,1836,74,295.0,Apr 2009,Quadro+FX+5600&amp;id=1605
1606,Quadro FX 570,258,53,38,256,Workstation,PCIe x16,256,460,460,2106,255,115.0,Apr 2009,Quadro+FX+570&amp;id=1606
1607,Quadro FX 570M,99,70,45,512,Workstation,PCIe 1.0 x16,512,475,475,2379,163,,Apr 2009,Quadro+FX+570M&amp;id=1607
1608,Quadro FX 580,202,37,40,512,Workstation,PCIe 2.0 x16,512,450,450,2165,922,130.0,Apr 2009,Quadro+FX+580&amp;id=1608
1609,Quadro FX 5800,1211,76,189,4096,Workstation,PCIe 2.0 x16,4096,648,648,1259,142,274.0,Apr 2009,Quadro+FX+5800&amp;id=1609
1611,Quadro FX 770M,213,35,35,512,Workstation,PCIe 1.0 x16,512,500,500,2150,309,527.0,Apr 2009,Quadro+FX+770M&amp;id=1611
1612,Quadro FX 880M,238,51,35,1024,Workstation,PCIe 2.0 x16,1024,550,550,2121,779,,Feb 2010,Quadro+FX+880M&amp;id=1612
1614,Quadro FX Go1400,102,223,,,Unknown,,,,,2374,14,,Apr 2009,Quadro+FX+Go1400&amp;id=1614
3721,Quadro GP100,14096,785,235,16384,Workstation,PCIe 3.0 x16,16384,1328,1328,189,41,,Apr 2017,Quadro+GP100&amp;id=3721
3919,Quadro GV100,18546,804,250,32768,Workstation,PCIe 3.0 x16,32768,1132,1132,109,42,8999.0,Mar 2018,Quadro+GV100&amp;id=3919
1616,Quadro K1000M,746,246,45,2048,Workstation,PCIe 3.0 x16,2048,850,850,1561,1091,69.95,Aug 2012,Quadro+K1000M&amp;id=1616
2623,Quadro K1100M,1086,251,45,2048,Workstation,PCIe 3.0 x16,2048,716,716,1311,1735,322.99,Aug 2013,Quadro+K1100M&amp;id=2623
3193,Quadro K1200,2958,572,45,4096,Workstation,PCIe 2.0 x16,4096,,,758,776,285.29,Apr 2015,Quadro+K1200&amp;id=3193
2446,Quadro K2000,1585,386,51,2048,Workstation,PCIe 2.0 x16,2048,954,954,1130,1931,294.0,Mar 2013,Quadro+K2000&amp;id=2446
2497,Quadro K2000D,1609,412,51,2048,Workstation,PCIe 2.0 x16,2048,954,954,1117,179,339.99,Apr 2013,Quadro+K2000D&amp;id=2497
1617,Quadro K2000M,996,255,55,2048,Workstation,PCIe 3.0 x16,2048,745,745,1364,939,144.04,Jul 2012,Quadro+K2000M&amp;id=1617
2665,Quadro K2100M,1374,284,55,2048,Workstation,PCIe 3.0 x16,2048,654,654,1201,1667,415.99,Oct 2013,Quadro+K2100M&amp;id=2665
2947,Quadro K2200,3580,545,68,4096,Workstation,PCIe 2.0 x16,4096,1000,1000,668,2828,268.3,Sep 2014,Quadro+K2200&amp;id=2947
3175,Quadro K2200M,3534,360,65,2048,"Mobile, Workstation",MXM-A (3.0),2048,1150,1150,675,63,124.95,Apr 2015,Quadro+K2200M&amp;id=3175
2213,Quadro K3000M,1614,332,75,2048,Workstation,PCIe 3.0 x16,2048,654,654,1116,385,407.56,Oct 2012,Quadro+K3000M&amp;id=2213
2684,Quadro K3100M,2311,322,75,4096,Workstation,PCIe 3.0 x16,4096,680,680,875,787,399.95,Nov 2013,Quadro+K3100M&amp;id=2684
2272,Quadro K4000,2720,433,80,3072,Workstation,PCIe 2.0 x16,3072,8105,8105,794,1647,270.0,Nov 2012,Quadro+K4000&amp;id=2272
2159,Quadro K4000M,2076,310,100,4096,Workstation,PCIe 3.0 x16,4096,600,600,945,260,254.0,Oct 2012,Quadro+K4000M&amp;id=2159
2736,Quadro K4100M,2772,332,100,4096,Workstation,PCIe 3.0 x16,4096,706,706,783,327,261.29,Dec 2013,Quadro+K4100M&amp;id=2736
2992,Quadro K420,721,288,41,1024,Workstation,PCIe 2.0 x16,1024,780,780,1588,486,269.0,Oct 2014,Quadro+K420&amp;id=2992
2944,Quadro K4200,4327,503,105,4096,Workstation,PCIe 2.0 x16,4096,780,780,598,1369,249.0,Sep 2014,Quadro+K4200&amp;id=2944
2258,Quadro K5000,4001,457,122,4096,Workstation,PCIe 2.0 x16,4096,706,706,619,689,249.0,Nov 2012,Quadro+K5000&amp;id=2258
1618,Quadro K5000M,2805,358,100,4096,Workstation,PCIe 3.0 x16,4096,706,706,779,114,508.91,Aug 2012,Quadro+K5000M&amp;id=1618
4223,Quadro K500M,480,184,35,1024,"Mobile, Workstation",MXM-A (3.0),1024,709,709,,1,,Jul 2020,Quadro+K500M&amp;id=4223
2798,Quadro K5100M,3323,351,100,8192,Workstation,PCIe 3.0 x16,8192,771,771,700,184,1108.84,Jan 2014,Quadro+K5100M&amp;id=2798
2767,Quadro K510M,641,441,30,1024,Workstation,PCIe 3.0 x8,1024,850,850,1670,6,,Dec 2013,Quadro+K510M&amp;id=2767
2941,Quadro K5200,6137,564,150,8192,Workstation,PCIe 3.0 x16,8192,650,650,444,405,415.0,Sep 2014,Quadro+K5200&amp;id=2941
2449,Quadro K600,717,280,41,1024,Workstation,PCIe 2.0 x16,1024,876,876,1596,1285,60.24,Mar 2013,Quadro+K600&amp;id=2449
2666,Quadro K6000,8043,553,225,12288,Workstation,PCIe 3.0 x16,12288,9015,9015,359,243,212.5,Oct 2013,Quadro+K6000&amp;id=2666
2703,Quadro K610M,712,213,30,1024,Workstation,PCIe 3.0 x16,1024,980,980,1600,183,240.0,Aug 2014,Quadro+K610M&amp;id=2703
2950,Quadro K620,2203,486,45,2048,Workstation,PCIe 2.0 x16,2048,1000,1000,912,2848,2029.99,Sep 2014,Quadro+K620&amp;id=2950
3148,Quadro K620M,1181,157,30,2048,"Mobile, Workstation",MXM-A (3.0),2048,1029,1029,1272,146,,Mar 2015,Quadro+K620M&amp;id=3148
3349,Quadro M1000M,2823,304,40,4096,"Mobile, Workstation",PCIe 3.0 x16,4096,993,993,776,2060,85.99,Nov 2015,Quadro+M1000M&amp;id=3349
3651,Quadro M1200,3180,298,45,4096,"Mobile, Workstation",,4096,1093,1093,721,1505,,Jan 2017,Quadro+M1200&amp;id=3651
3512,Quadro M2000,4048,570,75,4096,Workstation,PCIe 3.0 x16,4096,1180,1180,616,1270,264.24,May 2016,Quadro+M2000&amp;id=3512
3373,Quadro M2000M,3392,328,55,4096,"Mobile, Workstation",PCIe 3.0 x16,4096,,,690,1640,213.16,Nov 2015,Quadro+M2000M&amp;id=3373
3732,Quadro M2200,4250,373,55,4096,"Mobile, Workstation",PCIe 3.0 x16,4096,1025,1025,603,1041,249.99,Apr 2017,Quadro+M2200&amp;id=3732
3394,Quadro M3000M,5542,399,75,4096,"Mobile, Workstation",PCIe 3.0 x16,4096,,,486,526,159.95,Dec 2015,Quadro+M3000M&amp;id=3394
3325,Quadro M4000,6671,669,120,8192,Workstation,PCIe 3.0 x16,8192,800,800,412,2241,229.0,Oct 2015,Quadro+M4000&amp;id=3325
3297,Quadro M4000M,6075,403,100,4096,"Mobile, Workstation",PCIe 3.0 x16,4096,,,450,199,254.91,Aug 2015,Quadro+M4000M&amp;id=3297
3369,Quadro M5000,9359,645,150,8192,Workstation,PCIe 3.0 x16,8192,1050,1050,318,449,499.0,Nov 2015,Quadro+M5000&amp;id=3369
3408,Quadro M5000M,7044,465,100,8192,"Mobile, Workstation",PCIe 3.0 x16,8192,962,962,399,260,546.92,Jan 2016,Quadro+M5000M&amp;id=3408
3449,Quadro M500M,1178,178,30,2048,"Mobile, Workstation",PCIe 3.0 x16,2048,,,1274,113,,Mar 2016,Quadro+M500M&amp;id=3449
3754,Quadro M520,1924,225,25,2048,"Mobile, Workstation",,2048,1041,1041,997,93,,May 2017,Quadro+M520&amp;id=3754
3459,Quadro M5500,7915,698,150,8192,"Mobile, Workstation",PCIe 3.0 x16,8192,861,861,362,3,,Mar 2016,Quadro+M5500&amp;id=3459
3106,Quadro M6000,11707,720,250,12288,Workstation,PCIe 3.0 x16,12288,988,988,255,198,4933.21,Jan 2015,Quadro+M6000&amp;id=3106
3544,Quadro M6000 24GB,11500,709,250,24576,Workstation,PCIe 3.0 x16,24576,988,988,260,139,,Jul 2016,Quadro+M6000+24GB&amp;id=3544
3397,Quadro M600M,2249,281,30,2048,"Mobile, Workstation",PCIe 3.0 x16,2048,,,897,64,251.99,Dec 2015,Quadro+M600M&amp;id=3397
3658,Quadro M620,2756,374,30,2048,"Mobile, Workstation",,2048,977,977,786,442,,Jan 2017,Quadro+M620&amp;id=3658
1620,Quadro NVS 110M,48,236,10,512,Workstation,PCIe 1.0 x16,512,300,300,2529,101,,Apr 2009,Quadro+NVS+110M&amp;id=1620
1621,Quadro NVS 120M,47,274,10,512,Workstation,PCIe 1.0 x16,512,450,450,2531,16,,May 2009,Quadro+NVS+120M&amp;id=1621
1622,Quadro NVS 130M,97,190,10,256,Workstation,PCIe 2.0 x16,256,400,400,2389,20,,Apr 2009,Quadro+NVS+130M&amp;id=1622
1623,Quadro NVS 135M,50,45,10,256,Workstation,PCIe 2.0 x16,256,400,400,2518,159,,Feb 2010,Quadro+NVS+135M&amp;id=1623
1624,Quadro NVS 140M,79,46,10,512,Workstation,PCIe 2.0 x16,512,400,400,2441,298,,Apr 2009,Quadro+NVS+140M&amp;id=1624
1625,Quadro NVS 150M,70,168,10,256,Workstation,PCIe 2.0 x16,256,530,530,2460,32,,Apr 2009,Quadro+NVS+150M&amp;id=1625
1626,Quadro NVS 160M,146,24,12,256,Workstation,PCIe 2.0 x16,256,580,580,2252,411,,Apr 2009,Quadro+NVS+160M&amp;id=1626
1628,Quadro NVS 210S,24,265,,,Unknown,,,,,2636,13,,Nov 2009,Quadro+NVS+210S&amp;id=1628
1629,Quadro NVS 210S / GeForce 6150LE,21,272,,,Unknown,,,,,2645,9,,Sep 2009,Quadro+NVS+210S+%2F+GeForce+6150LE&amp;id=1629
1631,Quadro NVS 280 PCI,8,261,,,Unknown,,,,,2687,1,130.0,Apr 2009,Quadro+NVS+280+PCI&amp;id=1631
1632,Quadro NVS 280 SD,2,119,,,Unknown,,,,,2816,2,,May 2009,Quadro+NVS+280+SD&amp;id=1632
1633,Quadro NVS 285,44,67,,,Unknown,,,,,2543,149,169.86,Mar 2012,Quadro+NVS+285&amp;id=1633
1634,Quadro NVS 285 128MB,38,313,,,Unknown,,,,,2567,5,55.0,Oct 2009,Quadro+NVS+285+128MB&amp;id=1634
1635,Quadro NVS 290,228,47,,,Unknown,,,,,2129,368,59.0,Apr 2009,Quadro+NVS+290&amp;id=1635
1636,Quadro NVS 295,114,41,23,256,Workstation,PCI-Express x1/x16,256,550,550,2340,339,63.0,Apr 2009,Quadro+NVS+295&amp;id=1636
1638,Quadro NVS 320M,208,84,20,512,Workstation,PCIe 2.0 x16,512,575,575,2157,45,,Sep 2009,Quadro+NVS+320M&amp;id=1638
1640,Quadro NVS 420,137,103,,,Unknown,,,,,2273,44,150.0,Jun 2009,Quadro+NVS+420&amp;id=1640
1641,Quadro NVS 440,38,358,,,Unknown,,,,,2571,21,228.87,Apr 2009,Quadro+NVS+440&amp;id=1641
1642,Quadro NVS 450,67,89,,,Unknown,,,,,2472,79,490.93,Apr 2009,Quadro+NVS+450&amp;id=1642
1643,Quadro NVS 510M,238,111,45,1024,Workstation,PCIe 1.0 x16,1024,500,500,2120,3,,Feb 2010,Quadro+NVS+510M&amp;id=1643
1644,Quadro NVS 55/280 PCI,6,116,,,Unknown,,,,,2709,2,,May 2009,Quadro+NVS+55%2F280+PCI&amp;id=1644
3727,Quadro P1000,4514,584,47,4096,"Mobile, Workstation",PCI Express 3.0 x16,4096,1354,1354,577,3789,289.99,Apr 2017,Quadro+P1000&amp;id=3727
3712,Quadro P2000,7024,626,75,5120,"Mobile, Workstation",PCIe 3.0 x16,5120,1370,1370,400,4540,439.6,Mar 2017,Quadro+P2000&amp;id=3712
3982,Quadro P2000 with Max-Q Design,5355,431,,4096,"Mobile, Workstation",PCIe 3.0 x16,4096,,,502,151,,Sep 2018,Quadro+P2000+with+Max-Q+Design&amp;id=3982
4133,Quadro P2200,9420,859,75,5120,Workstation,PCIe 3.0 x16,5120,,,315,1727,224.0,Aug 2019,Quadro+P2200&amp;id=4133
3688,Quadro P3000,6352,413,75,6144,"Mobile, Workstation",PCIe 3.0 x16,6144,1088,1088,432,344,,Feb 2017,Quadro+P3000&amp;id=3688
3942,Quadro P3200,8512,432,75,6144,"Mobile, Workstation",MXM-B (3.0),6144,1328,1328,344,597,389.3,May 2018,Quadro+P3200&amp;id=3942
3963,Quadro P3200 with Max-Q Design,9165,526,75,6144,"Mobile, Workstation",MXM-B (3.0),6144,1139,1139,326,155,,Aug 2018,Quadro+P3200+with+Max-Q+Design&amp;id=3963
3807,Quadro P400,1666,425,30,2048,Workstation,PCIe 3.0 x16,2048,1070,1070,1093,1147,201.17,Aug 2017,Quadro+P400&amp;id=3807
3719,Quadro P4000,11413,776,105,8192,Workstation,PCIe 3.0 x16	,8192,1227,1227,263,3578,214.0,Mar 2017,Quadro+P4000&amp;id=3719
3829,Quadro P4000 with Max-Q Design,9083,700,80,16384,Mobile,PCIe 3.0 x16,16384,1113,1113,328,2,,Oct 2017,Quadro+P4000+with+Max-Q+Design&amp;id=3829
3959,Quadro P4200,10137,440,100,8192,"Mobile, Workstation",MXM-B (3.0),8192,1227,1227,288,162,,Jul 2018,Quadro+P4200&amp;id=3959
3999,Quadro P4200 with Max-Q Design,11472,566,100,8192,"Mobile, Workstation",MXM-B (3.0),8192,1215,1215,261,56,,Oct 2018,Quadro+P4200+with+Max-Q+Design&amp;id=3999
3911,Quadro P500,1651,232,,,Unknown,,,,,1099,204,,Mar 2018,Quadro+P500&amp;id=3911
3607,Quadro P5000,12674,689,180,16384,Workstation,PCIe 3.0 x16	,16384,1607,1607,222,1174,1868.99,Nov 2016,Quadro+P5000&amp;id=3607
4126,Quadro P520,2014,227,18,2048,"Mobile, Workstation",PCIe 3.0 x16,2048,1303,1303,963,577,1499.0,Aug 2019,Quadro+P520&amp;id=4126
3888,Quadro P5200,11199,496,100,16384,"Mobile, Workstation",MXM-B (3.0),16384,1582,1582,268,216,,Jan 2018,Quadro+P5200&amp;id=3888
3996,Quadro P5200 with Max-Q Design,12464,470,100,16384,"Mobile, Workstation",MXM-B (3.0),16384,1316,1316,235,33,,Oct 2018,Quadro+P5200+with+Max-Q+Design&amp;id=3996
3729,Quadro P600,3334,524,40,2048,"Mobile, Workstation",PCIe 3.0 x16,2048,1354,1354,697,1465,210.58,Apr 2017,Quadro+P600&amp;id=3729
3597,Quadro P6000,15373,731,250,24000,"Mobile, Workstation",PCIe 3.0 x16,24000,1417,1417,160,193,890.0,Oct 2016,Quadro+P6000&amp;id=3597
3954,Quadro P620,3712,531,40,2048,Workstation,PCI Express 3.0 x16,2048,1266,1266,655,2692,574.55,Jun 2018,Quadro+P620&amp;id=3954
4119,Quadro RTX 3000,10658,468,80,6144,"Mobile, Workstation",PCIe 3.0 x16,6144,945,945,278,1924,,Jul 2019,Quadro+RTX+3000&amp;id=4119
4152,Quadro RTX 3000 with Max-Q Design,8080,331,60,6144,Mobile,PCIe 3.0 x16,6144,600,600,356,166,,Oct 2019,Quadro+RTX+3000+with+Max-Q+Design&amp;id=4152
4053,Quadro RTX 4000,14836,812,160,8192,Workstation,PCIe 3.0 x16,8192,1005,1005,176,2646,899.0,Feb 2019,Quadro+RTX+4000&amp;id=4053
4148,Quadro RTX 4000 (Mobile),11692,506,110,8192,Mobile,PCIe 3.0 x16,8192,1110,1110,256,286,,Jul 2019,Quadro+RTX+4000+%28Mobile%29&amp;id=4148
4161,Quadro RTX 4000 with Max-Q Design,12220,497,80,8192,Mobile,PCIe 3.0 x16,8192,780,780,243,223,,Nov 2019,Quadro+RTX+4000+with+Max-Q+Design&amp;id=4161
4040,Quadro RTX 5000,15295,686,230,16384,Workstation,PCIe 3.0 x16,16384,1620,1620,161,1188,,Jan 2019,Quadro+RTX+5000&amp;id=4040
4147,Quadro RTX 5000 (Mobile),14832,705,110,16384,"Mobile, Workstation",PCIe 3.0 x16,16384,1035,1035,177,66,,Jul 2019,Quadro+RTX+5000+%28Mobile%29&amp;id=4147
4144,Quadro RTX 5000 with Max-Q Design,12669,519,80,16384,"Mobile, Workstation",PCIe 3.0 x16,16384,600,600,224,242,,Sep 2019,Quadro+RTX+5000+with+Max-Q+Design&amp;id=4144
4015,Quadro RTX 6000,17710,754,295,24576,Workstation,PCIe 3.0 x16,24576,1440,1440,114,283,6300.0,Nov 2018,Quadro+RTX+6000&amp;id=4015
4061,Quadro RTX 8000,19589,857,260,49152,Workstation,PCIe 3.0 x16,49152,1395,1395,96,90,3760.0,Mar 2019,Quadro+RTX+8000&amp;id=4061
4124,Quadro T1000,6515,383,,,Mobile,,,,,424,2076,435.0,Jul 2019,Quadro+T1000&amp;id=4124
4295,Quadro T1000 with Max-Q Design,6529,381,,,Mobile,,,,,423,388,,Sep 2020,Quadro+T1000+with+Max-Q+Design&amp;id=4295
4113,Quadro T2000,7281,412,60,4096,Mobile,PCIe 3.0 x16,4096,1785,1785,392,1907,528.35,Jul 2019,Quadro+T2000&amp;id=4113
4218,Quadro T2000 with Max-Q Design,6999,369,,,Mobile,,,,,401,781,,Jun 2020,Quadro+T2000+with+Max-Q+Design&amp;id=4218
1647,Quadro2 MXR/EX,5,142,,64,Workstation,AGP 4x,64,175,175,2750,1,,Mar 2010,Quadro2+MXR%2FEX&amp;id=1647
1648,Quadro2 Pro,1,143,,64,Workstation,AGP 4x,64,250,250,2834,3,,Apr 2009,Quadro2+Pro&amp;id=1648
1649,Quadro4 380 XGL,7,225,,,Unknown,,,,,2700,6,,Jul 2009,Quadro4+380+XGL&amp;id=1649
1657,Quadro4 900 XGL,5,194,,,Unknown,,,,,2733,1,,Jun 2009,Quadro4+900+XGL&amp;id=1657
1658,Quadro4 980 XGL,5,181,,,Unknown,,,,,2731,2,341.43,Apr 2009,Quadro4+980+XGL&amp;id=1658
4363,Qualcomm Adreno 540 GPU,126,56,,,Unknown,,,,,2303,9,,Mar 2021,Qualcomm+Adreno+540+GPU&amp;id=4363
4368,Qualcomm Adreno 618 GPU,130,63,,,Unknown,,,,,2292,107,,Mar 2021,Qualcomm+Adreno+618+GPU&amp;id=4368
4034,Qualcomm Adreno 630 GPU,295,106,,,Unknown,,,,,2062,24,,Jan 2019,Qualcomm+Adreno+630+GPU&amp;id=4034
8843,Qualcomm Adreno 640 GPU,656,136,,,Desktop,,,,,,1,,May 2026,Qualcomm+Adreno+640+GPU&amp;id=8843
4561,Qualcomm Adreno 675 GPU,551,78,,,Unknown,,,,,1793,6,,Jul 2022,Qualcomm+Adreno+675+GPU&amp;id=4561
4344,Qualcomm Adreno 680 GPU,907,87,,,Unknown,,,,,1420,179,,Feb 2021,Qualcomm+Adreno+680+GPU&amp;id=4344
4563,Qualcomm Adreno 685 GPU,868,240,,,Unknown,,,,,1447,13,,Jul 2022,Qualcomm+Adreno+685+GPU&amp;id=4563
4499,Qualcomm Adreno 690 GPU,1088,86,,,Unknown,,,,,1310,24,,Feb 2022,Qualcomm+Adreno+690+GPU&amp;id=4499
4960,Qualcomm Adreno 7c Gen 3 GPU,778,156,,,Unknown,,,,,1518,4,,Dec 2023,Qualcomm+Adreno+7c+Gen+3+GPU&amp;id=4960
4838,Qualcomm Adreno 7c+ Gen 3,711,173,,,Unknown,,,,,1601,120,,Jun 2023,Qualcomm+Adreno+7c%2B+Gen+3&amp;id=4838
9049,Qualcomm Adreno 8c Gen 3,760,148,,,Desktop,,,,,1545,1,,Jun 2026,Qualcomm+Adreno+8c+Gen+3&amp;id=9049
4518,Qualcomm Adreno 8cx Gen 3,1945,227,,,Unknown,,,,,991,138,,Mar 2022,Qualcomm+Adreno+8cx+Gen+3&amp;id=4518
5095,Qualcomm Adreno 8cx Gen 3 GPU,1933,410,,,Desktop,,,,,995,3,,May 2024,Qualcomm+Adreno+8cx+Gen+3+GPU&amp;id=5095
5168,Qualcomm Adreno X1-45 GPU,1891,351,,,Desktop,,,,,1014,583,,Sep 2024,Qualcomm+Adreno+X1-45+GPU&amp;id=5168
5116,Qualcomm Adreno X1-85 GPU,3065,462,,,Desktop,,,,,742,1319,,Jul 2024,Qualcomm+Adreno+X1-85+GPU&amp;id=5116
8827,Qualcomm Adreno X2-45 GPU,3275,494,,,Desktop,,,,,708,5,,May 2026,Qualcomm+Adreno+X2-45+GPU&amp;id=8827
8975,Qualcomm Adreno X2-85 GPU,5826,658,,,Desktop,,,,,461,7,,Jun 2026,Qualcomm+Adreno+X2-85+GPU&amp;id=8975
8478,Qualcomm Adreno X2-90 GPU,7673,582,,,Desktop,,,,,378,41,,Mar 2026,Qualcomm+Adreno+X2-90+GPU&amp;id=8478
2946,QXL KMDOD,19,203,,,Unknown,,,,,2649,1,,Sep 2014,QXL+KMDOD&amp;id=2946
6747,Racer-Tech USB Display Device,13692,831,,,Desktop,,,,,198,2,,Jul 2025,Racer-Tech+USB+Display+Device&amp;id=6747
554,Radeon 2100,60,286,,,Unknown,,,,,2487,126,190.99,Apr 2009,Radeon+2100&amp;id=554
76,Radeon 3000,98,414,,,Unknown,,,,,2384,1519,319.0,Aug 2012,Radeon+3000&amp;id=76
8459,Radeon 3015Ce,414,144,,,Desktop,,,,,,1,,Mar 2026,Radeon+3015Ce&amp;id=8459
4713,Radeon 3015e,354,114,,,Unknown,,,,,2005,34,,Jan 2023,Radeon+3015e&amp;id=4713
4684,Radeon 3020e,503,152,,,Unknown,,,,,1858,129,,Dec 2022,Radeon+3020e&amp;id=4684
105,Radeon 3100,74,228,,,Unknown,,,,,2448,269,189.15,Aug 2012,Radeon+3100&amp;id=105
3797,Radeon 520,887,203,,,Unknown,,,,,1435,520,89.99,Aug 2017,Radeon+520&amp;id=3797
3818,Radeon 530,1031,174,,,Unknown,,,,,1346,789,,Dec 2017,Radeon+530&amp;id=3818
3980,Radeon 535,1054,178,,,Unknown,,,,,1333,70,,Jan 2019,Radeon+535&amp;id=3980
3810,Radeon 535DX,771,167,,,Unknown,,,,,1533,35,,Apr 2019,Radeon+535DX&amp;id=3810
3803,Radeon 540,1451,236,,,Unknown,,,,,1181,78,,Aug 2017,Radeon+540&amp;id=3803
4154,Radeon 540X,1617,302,,,Unknown,,,,,1115,106,,Oct 2019,Radeon+540X&amp;id=4154
4526,Radeon 550,2116,474,,,Unknown,,,,,937,42,69.95,Mar 2022,Radeon+550&amp;id=4526
4137,Radeon 550X,1479,217,,,Unknown,,,,,1173,64,,Sep 2019,Radeon+550X&amp;id=4137
4759,Radeon 610M,1291,274,,,Mobile,,,,,1226,686,,Jul 2023,Radeon+610M&amp;id=4759
4985,Radeon 610M Ryzen 5 7645HX,1238,459,,,Mobile,,,,,,1,,Jun 2026,Radeon+610M+Ryzen+5+7645HX&amp;id=4985
5193,Radeon 610M Ryzen 7 7840HX,20904,558,,,Mobile,,,,,,1,,Nov 2025,Radeon+610M+Ryzen+7+7840HX&amp;id=5193
7355,Radeon 610M Ryzen 7 8745HX,1336,368,,,Mobile,,,,,,1,,Dec 2025,Radeon+610M+Ryzen+7+8745HX&amp;id=7355
4773,Radeon 610M Ryzen 9 7845HX,5948,586,,,Mobile,,,,,456,11,,Dec 2023,Radeon+610M+Ryzen+9+7845HX&amp;id=4773
4987,Radeon 610M Ryzen 9 7940HX,1545,502,,,Mobile,,,,,1144,20,,Nov 2024,Radeon+610M+Ryzen+9+7940HX&amp;id=4987
4760,Radeon 610M Ryzen 9 7945HX,1804,536,,,Mobile,,,,,1047,192,,Dec 2023,Radeon+610M+Ryzen+9+7945HX&amp;id=4760
4962,Radeon 610M Ryzen 9 7945HX3D,1660,534,,,Mobile,,,,,1096,12,,Jan 2024,Radeon+610M+Ryzen+9+7945HX3D&amp;id=4962
6290,Radeon 610M Ryzen 9 8940HX,2719,456,,,Mobile,,,,,795,10,,Aug 2025,Radeon+610M+Ryzen+9+8940HX&amp;id=6290
6341,Radeon 610M Ryzen 9 8945HX,2358,517,,,Mobile,,,,,864,15,,Nov 2025,Radeon+610M+Ryzen+9+8945HX&amp;id=6341
4208,Radeon 620,937,204,,,Unknown,,,,,1404,31,,May 2020,Radeon+620&amp;id=4208
4190,Radeon 625,1058,199,,,Unknown,,,,,1332,61,,Dec 2020,Radeon+625&amp;id=4190
4221,Radeon 630,1628,217,,,Unknown,,,,,1107,30,,Jul 2020,Radeon+630&amp;id=4221
124,Radeon 6600M,535,183,,,Mobile,,,,,1815,751,,Aug 2012,Radeon+6600M&amp;id=124
5062,Radeon 660M,3143,641,,,Mobile,,,,,729,11,,Dec 2024,Radeon+660M&amp;id=5062
6027,Radeon 660M Ryzen 3 7335U,2123,702,,,Mobile,,,,,933,22,,Mar 2025,Radeon+660M+Ryzen+3+7335U&amp;id=6027
4988,Radeon 660M Ryzen 5 6600H,3044,654,,,Mobile,,,,,746,5,,Feb 2024,Radeon+660M+Ryzen+5+6600H&amp;id=4988
6493,Radeon 660M Ryzen 5 7533HS,2948,704,,,Mobile,,,,,762,8,,Jun 2025,Radeon+660M+Ryzen+5+7533HS&amp;id=6493
4899,Radeon 660M Ryzen 5 7535HS,3071,726,,,Mobile,,,,,741,229,,Aug 2023,Radeon+660M+Ryzen+5+7535HS&amp;id=4899
7401,Radeon 660M Ryzen 5 Pro 7535U,2975,680,,,Mobile,,,,,754,4,,Oct 2025,Radeon+660M+Ryzen+5+Pro+7535U&amp;id=7401
3813,Radeon 6750M,911,570,,,Mobile,,,,,1418,1,,Sep 2017,Radeon+6750M&amp;id=3813
5216,Radeon 680M,3996,644,,,Unknown,,,,,620,9,,Dec 2024,Radeon+680M&amp;id=5216
8983,Radeon 680M Ryzen 7 170,3075,576,,,Mobile,,,,,740,2,,Jun 2026,Radeon+680M+Ryzen+7+170&amp;id=8983
4884,Radeon 680M Ryzen 7 7735HS,4474,727,,,Mobile,,,,,582,167,,Jul 2023,Radeon+680M+Ryzen+7+7735HS&amp;id=4884
7068,Radeon 680M Ryzen 7 Pro 7735U,3531,819,,,Mobile,,,,,,1,,Sep 2025,Radeon+680M+Ryzen+7+Pro+7735U&amp;id=7068
6080,Radeon 680M Ryzen 9 6900HX,5493,858,,,Mobile,,,,,491,3,,Mar 2025,Radeon+680M+Ryzen+9+6900HX&amp;id=6080
1689,Radeon 7000 / Radeon VE,3,99,,,Unknown,,,,,2805,1,,Aug 2009,Radeon+7000+%2F+Radeon+VE&amp;id=1689
1690,RADEON 7000 / RADEON VE Family,4,107,,,Unknown,,,,,2770,13,,Jun 2010,RADEON+7000+%2F+RADEON+VE+Family&amp;id=1690
1693,RADEON 7200,3,94,,,Unknown,,,,,2801,1,599.99,Jan 2011,RADEON+7200&amp;id=1693
4926,Radeon 740M,2955,779,,,Mobile,,,,,759,2098,,Sep 2023,Radeon+740M&amp;id=4926
556,RADEON 7500,3,35,,64,Desktop,"AGP 4x, PCI",64,290,290,2791,2,177.25,Jan 2012,RADEON+7500&amp;id=556
1695,RADEON 7500 Family,5,125,,,Unknown,,,,,2741,3,,Oct 2009,RADEON+7500+Family&amp;id=1695
4902,Radeon 760M,5316,890,,,Mobile,,,,,505,2485,,Aug 2023,Radeon+760M&amp;id=4902
4818,Radeon 780M,6787,886,,,Mobile,,,,,405,11630,,Jun 2023,Radeon+780M&amp;id=4818
6942,Radeon 8040S,10578,1052,,,Desktop,,,,,280,6,,Aug 2025,Radeon+8040S&amp;id=6942
5322,Radeon 8050S,16422,1115,,,Desktop,,,,,141,168,,Dec 2024,Radeon+8050S&amp;id=5322
5327,Radeon 8060S,18069,1171,,,Desktop,,,,,112,1186,,Dec 2024,Radeon+8060S&amp;id=5327
7160,Radeon 820M,2198,760,,,Mobile,,,,,914,58,,Sep 2025,Radeon+820M&amp;id=7160
6105,Radeon 840M,3715,866,,,Mobile,,,,,653,726,,Apr 2025,Radeon+840M&amp;id=6105
1697,RADEON 8500 Family,7,146,,,Unknown,,,,,2701,1,,Sep 2009,RADEON+8500+Family&amp;id=1697
5320,Radeon 860M,4876,916,,,Mobile,,,,,545,1948,,Dec 2024,Radeon+860M&amp;id=5320
5123,Radeon 880M,7633,973,,,Mobile,,,,,381,668,,Aug 2024,Radeon+880M&amp;id=5123
5113,Radeon 890M,8073,976,,,Mobile,,,,,357,2055,,Aug 2024,Radeon+890M&amp;id=5113
1699,RADEON 9000,5,126,,128,Desktop,AGP 4x,128,200,200,2745,1,,Sep 2009,RADEON+9000&amp;id=1699
1700,RADEON 9000 Family,4,123,,,Unknown,,,,,2780,9,,Feb 2010,RADEON+9000+Family&amp;id=1700
1703,RADEON 9100 Family,6,163,,,Unknown,,,,,2708,3,,Jun 2009,RADEON+9100+Family&amp;id=1703
557,RADEON 9100 IGP,5,128,,,Unknown,,,,,2724,3,,Sep 2010,RADEON+9100+IGP&amp;id=557
558,RADEON 9200,4,135,,256,Desktop,"AGP 8x, PCI",256,250,250,2777,10,153.63,Oct 2009,RADEON+9200&amp;id=558
1704,RADEON 9200 LE Family,3,128,,,Unknown,,,,,2809,13,,Feb 2010,RADEON+9200+LE+Family&amp;id=1704
1706,RADEON 9200 PRO Family,3,135,,,Unknown,,,,,2802,41,,Nov 2011,RADEON+9200+PRO+Family&amp;id=1706
1707,RADEON 9200 SE,3,129,,256,Desktop,"AGP 8x, PCI",256,200,200,2812,78,,Mar 2010,RADEON+9200+SE&amp;id=1707
1710,RADEON 9250,3,127,,256,Desktop,"AGP 8x, PCI",256,240,240,2810,123,194.0,May 2009,RADEON+9250&amp;id=1710
1711,RADEON 9500,36,173,,128,Desktop,AGP 8x,128,275,275,2577,3,40.5,Jun 2011,RADEON+9500&amp;id=1711
1713,RADEON 9500 PRO / 9700,42,157,,,Unknown,,,,,2550,10,,Apr 2009,RADEON+9500+PRO+%2F+9700&amp;id=1713
559,RADEON 9550,35,145,,256,Desktop,AGP 8x,256,250,250,2584,180,291.74,Jul 2009,RADEON+9550&amp;id=559
560,Radeon 9550 / X1050,29,150,,,Unknown,,,,,2614,40,,May 2010,Radeon+9550+%2F+X1050&amp;id=560
1716,RADEON 9600 Family,25,150,,,Unknown,,,,,2630,19,,Apr 2009,RADEON+9600+Family&amp;id=1716
1717,RADEON 9600 PRO,43,163,,256,Desktop,AGP 8x,256,400,400,2547,2,,Jan 2011,RADEON+9600+PRO&amp;id=1717
1718,RADEON 9600 PRO Family,27,148,,,Unknown,,,,,2621,30,,Dec 2010,RADEON+9600+PRO+Family&amp;id=1718
1722,RADEON 9600 TX Family,18,138,,,Unknown,,,,,2651,2,,Sep 2010,RADEON+9600+TX+Family&amp;id=1722
1723,RADEON 9600 XT,35,147,,256,Desktop,AGP 8x,256,500,500,2582,4,,Dec 2009,RADEON+9600+XT&amp;id=1723
1724,RADEON 9600SE,27,143,,,Unknown,,,,,2617,10,,May 2009,RADEON+9600SE&amp;id=1724
1726,RADEON 9700 PRO,54,149,,128,Desktop,AGP 8x,128,325,325,2504,10,,Apr 2009,RADEON+9700+PRO&amp;id=1726
151,Radeon 9700 TX with TV-Out,44,152,,,Unknown,,,,,2544,2,,Mar 2011,Radeon+9700+TX+with+TV-Out&amp;id=151
1729,RADEON 9800,58,191,,128,Desktop,AGP 8x,128,325,325,2496,1,325.0,Oct 2010,RADEON+9800&amp;id=1729
1731,RADEON 9800 PRO,59,153,,256,Desktop,AGP 8x,256,380,380,2488,32,,Sep 2009,RADEON+9800+PRO&amp;id=1731
1732,RADEON 9800 SE,24,131,,256,Desktop,AGP 8x,256,325380,325380,2637,4,,May 2009,RADEON+9800+SE&amp;id=1732
1734,RADEON 9800 XT,57,160,,256,Desktop,AGP 8x,256,412,412,2499,8,,Sep 2009,RADEON+9800+XT&amp;id=1734
4187,RADEON A9800XT,23,145,,,Unknown,,,,,2642,1,,Jan 2020,RADEON+A9800XT&amp;id=4187
6850,Radeon AI PRO R9700,26987,1236,300,32768,Desktop,PCIe 5.0 x16,32768,2350,2350,36,83,,Aug 2025,Radeon+AI+PRO+R9700&amp;id=6850
7035,Radeon Athlon 300GE,563,216,,,Desktop,,,,,1778,2,,Sep 2025,Radeon+Athlon+300GE&amp;id=7035
4676,Radeon Athlon Gold 3150U,755,228,,,Unknown,,,,,1551,125,,Dec 2022,Radeon+Athlon+Gold+3150U&amp;id=4676
4573,Radeon Athlon Gold PRO 4150GE,1574,613,,,Unknown,,,,,1135,2,,Aug 2022,Radeon+Athlon+Gold+PRO+4150GE&amp;id=4573
4735,Radeon Athlon PRO 3045B,563,181,,,Unknown,,,,,1777,4,,Feb 2023,Radeon+Athlon+PRO+3045B&amp;id=4735
4711,Radeon Athlon Silver 3050U,667,224,,,Unknown,,,,,1639,363,,Jan 2023,Radeon+Athlon+Silver+3050U&amp;id=4711
561,RADEON E2400,52,287,,,Unknown,,,,,2511,1,,Sep 2011,RADEON+E2400&amp;id=561
562,RADEON E4690,405,347,,,Unknown,,,,,1961,3,,Jun 2011,RADEON+E4690&amp;id=562
3364,Radeon E6460,324,225,,,Unknown,,,,,2039,1,,Nov 2015,Radeon+E6460&amp;id=3364
3995,Radeon E6465,231,354,,,Unknown,,,,,2128,2,,Oct 2018,Radeon+E6465&amp;id=3995
251,Radeon E6760,850,434,,,Unknown,,,,,1460,14,239.99,Jun 2012,Radeon+E6760&amp;id=251
3150,Radeon E8860,1681,422,,,Unknown,,,,,1088,14,,Mar 2015,Radeon+E8860&amp;id=3150
3831,Radeon E8870PCIe,3368,708,,,Unknown,,,,,693,1,,Oct 2017,Radeon+E8870PCIe&amp;id=3831
8180,Radeon E9550,5693,236,,,Desktop,,,,,475,3,,Feb 2026,Radeon+E9550&amp;id=8180
6605,Radeon Eng Sample: 100-000000252-50_Y,2411,478,,,Desktop,,,,,,1,,Jun 2025,Radeon+Eng+Sample%3A+100-000000252-50_Y&amp;id=6605
8859,Radeon Eng Sample: 100-000000263-21_41-34_N,2374,758,,,Desktop,,,,,858,2,,May 2026,Radeon+Eng+Sample%3A+100-000000263-21_41-34_N&amp;id=8859
6966,Radeon Eng Sample: 100-000000263-50_Y,3975,924,,,Desktop,,,,,621,4,,Sep 2025,Radeon+Eng+Sample%3A+100-000000263-50_Y&amp;id=6966
6809,Radeon Eng Sample: 100-000000285-30_Y,2640,698,,,Desktop,,,,,807,3,,Aug 2025,Radeon+Eng+Sample%3A+100-000000285-30_Y&amp;id=6809
7965,Radeon Eng Sample: 100-000000288-40_Y,2091,682,,,Desktop,,,,,943,2,,Jan 2026,Radeon+Eng+Sample%3A+100-000000288-40_Y&amp;id=7965
6512,Radeon Eng Sample: 100-000000295-40_Y,2879,812,,,Desktop,,,,,,1,,Sep 2025,Radeon+Eng+Sample%3A+100-000000295-40_Y&amp;id=6512
6821,Radeon Eng Sample: 100-000000536-40_Y,4347,853,,,Desktop,,,,,593,5,,Aug 2025,Radeon+Eng+Sample%3A+100-000000536-40_Y&amp;id=6821
6920,Radeon Eng Sample: 100-000000544-40_Y,5630,842,,,Desktop,,,,,,1,,Aug 2025,Radeon+Eng+Sample%3A+100-000000544-40_Y&amp;id=6920
7681,Radeon Eng Sample: 100-000000546-40_Y,3307,876,,,Desktop,,,,,703,2,,Dec 2025,Radeon+Eng+Sample%3A+100-000000546-40_Y&amp;id=7681
5108,Radeon EPYC 4124P 4-Core,1260,474,,,Desktop,,,,,1239,5,,Jul 2024,Radeon+EPYC+4124P+4-Core&amp;id=5108
5086,Radeon EPYC 4244P 6-Core,1121,411,,,Desktop,,,,,1297,4,,May 2024,Radeon+EPYC+4244P+6-Core&amp;id=5086
5087,Radeon EPYC 4344P 8-Core,1449,485,,,Desktop,,,,,1182,3,,May 2024,Radeon+EPYC+4344P+8-Core&amp;id=5087
5088,Radeon EPYC 4364P 8-Core,806,230,,,Desktop,,,,,1498,10,,May 2024,Radeon+EPYC+4364P+8-Core&amp;id=5088
5089,Radeon EPYC 4464P 12-Core,1384,529,,,Desktop,,,,,1198,7,,May 2024,Radeon+EPYC+4464P+12-Core&amp;id=5089
5090,Radeon EPYC 4484PX 12-Core,1620,551,,,Desktop,,,,,1112,2,,May 2024,Radeon+EPYC+4484PX+12-Core&amp;id=5090
5092,Radeon EPYC 4564P 16-Core,1226,346,,,Desktop,,,,,1253,8,,May 2024,Radeon+EPYC+4564P+16-Core&amp;id=5092
5091,Radeon EPYC 4584PX 16-Core,1662,559,,,Desktop,,,,,1094,2,,May 2024,Radeon+EPYC+4584PX+16-Core&amp;id=5091
566,Radeon HD 2350,77,262,20,256,Desktop,"PCIe 1.0 x16,AGP",256,525,525,2442,17,,Aug 2009,Radeon+HD+2350&amp;id=566
567,Radeon HD 2400,121,298,,,Unknown,,,,,2317,91,88.2,Jan 2012,Radeon+HD+2400&amp;id=567
568,Radeon HD 2400 PCI,14,86,,,Unknown,,,,,2664,3,,Apr 2009,Radeon+HD+2400+PCI&amp;id=568
569,Radeon HD 2400 Pro,114,346,20,512,Desktop,"PCIe 1.0 x16,AGP,PCI",512,525,525,2336,500,,Oct 2011,Radeon+HD+2400+Pro&amp;id=569
571,Radeon HD 2400 XT,119,357,25,256,Desktop,PCIe 1.0 x16,256,650,650,2320,228,,Dec 2011,Radeon+HD+2400+XT&amp;id=571
572,Radeon HD 2600 PRO,211,337,35,512,Desktop,"PCIe 1.0 x16,AGP",512,600600,600600,2153,300,188.44,Oct 2011,Radeon+HD+2600+PRO&amp;id=572
573,Radeon HD 2600 Pro AGP,110,137,,,Unknown,,,,,2353,12,,Dec 2011,Radeon+HD+2600+Pro+AGP&amp;id=573
574,Radeon HD 2600 XT,283,371,45,512,Desktop,"PCIe 1.0 x16,AGP",512,800800,800800,2076,474,159.0,Nov 2011,Radeon+HD+2600+XT&amp;id=574
576,Radeon HD 2900 GT,292,344,150,512,Desktop,PCIe 1.0 x16,512,601,601,2065,5,,Feb 2012,Radeon+HD+2900+GT&amp;id=576
577,Radeon HD 2900 PRO,628,397,200,1024,Desktop,PCIe 1.0 x16,1024,600600,600600,1691,18,,Nov 2011,Radeon+HD+2900+PRO&amp;id=577
578,Radeon HD 2900 XT,660,397,215,1024,Desktop,PCIe 1.0 x16,1024,743743,743743,1646,27,,Apr 2012,Radeon+HD+2900+XT&amp;id=578
2964,Radeon HD 3000,96,264,,,Unknown,,,,,2391,1,,Sep 2014,Radeon+HD+3000&amp;id=2964
46,Radeon HD 3200,82,227,,,Unknown,,,,,2425,1648,,Aug 2012,Radeon+HD+3200&amp;id=46
580,Radeon HD 3300,127,373,,,Unknown,,,,,2301,162,,Apr 2009,Radeon+HD+3300&amp;id=580
581,Radeon HD 3450,182,24,25,512,Desktop,"PCIe 2.0 x16,AGP 8x",512,600,600,2191,1402,89.0,Oct 2011,Radeon+HD+3450&amp;id=581
583,Radeon HD 3470,117,55,30,512,Desktop,PCIe 2.0 x16,512,800,800,2325,158,109.65,Dec 2011,Radeon+HD+3470&amp;id=583
585,Radeon HD 3650 AGP,150,155,,,Unknown,,,,,2240,66,185.0,Nov 2011,Radeon+HD+3650+AGP&amp;id=585
586,Radeon HD 3670,169,41,,,Unknown,,,,,2216,804,,Oct 2011,Radeon+HD+3670&amp;id=586
587,Radeon HD 3850,401,29,75,1024,Desktop,PCIe 2.0 x16,1024,668,668,1963,816,,Oct 2011,Radeon+HD+3850&amp;id=587
44,Radeon HD 3850 AGP,432,92,75,1024,Desktop,AGP 8x,1024,668,668,1936,50,,Aug 2012,Radeon+HD+3850+AGP&amp;id=44
588,Radeon HD 3850 X2,822,422,349,1024,Desktop,PCIe 2.0 x16,1024,668,668,1484,9,,Sep 2009,Radeon+HD+3850+X2&amp;id=588
10,Radeon HD 3870,552,57,106,1024,Desktop,"PCIe 2.0 x16,AGP 8x",1024,777777,777777,1790,831,247.49,Aug 2012,Radeon+HD+3870&amp;id=10
589,Radeon HD 3870 X2,587,117,165,512,Desktop,PCIe 2.0 x16,512,825825,825825,1743,124,,Nov 2011,Radeon+HD+3870+X2&amp;id=589
25,Radeon HD 4200,112,372,,512,Desktop,HT 3.0,512,500,500,2348,1302,,Aug 2012,Radeon+HD+4200&amp;id=25
590,Radeon HD 4250,123,408,,512,Desktop,HT 3.0,512,560,560,2311,880,,May 2012,Radeon+HD+4250&amp;id=590
591,Radeon HD 4270,110,303,,,Unknown,,,,,2354,25,,Nov 2010,Radeon+HD+4270&amp;id=591
592,Radeon HD 4290,141,442,,512,Desktop,HT 3.0,512,700,700,2263,180,,Mar 2010,Radeon+HD+4290&amp;id=592
2945,Radeon HD 4300/4500 Serisi,156,347,,,Unknown,,,,,2230,2,,Sep 2014,Radeon+HD+4300%2F4500+Serisi&amp;id=2945
110,Radeon HD 4330,136,25,,,Unknown,,,,,2278,551,,Aug 2012,Radeon+HD+4330&amp;id=110
113,Radeon HD 4350,166,26,20,1024,Desktop,"PCIe 2.0 x16, PCIe 2.0 x1, AGP 8",1024,600,600,2222,2158,50.99,Aug 2012,Radeon+HD+4350&amp;id=113
5,Radeon HD 4550,236,429,20,1024,Desktop,PCIe 2.0 x16,1024,600,600,2125,482,156.0,Aug 2012,Radeon+HD+4550&amp;id=5
596,Radeon HD 4650,249,29,48,1024,Desktop,"PCIe 2.0 x16,AGP 8x",1024,600650,600650,2112,1559,69.99,Nov 2011,Radeon+HD+4650&amp;id=596
597,Radeon HD 4650 AGP,208,156,,,Unknown,,,,,2159,3,,Aug 2011,Radeon+HD+4650+AGP&amp;id=597
12,Radeon HD 4670,381,33,59,1024,Desktop,"PCIe 2.0 x16,AGP 8x",1024,750750,750750,1982,2120,142.96,Aug 2012,Radeon+HD+4670&amp;id=12
601,Radeon HD 4770,909,81,80,512,Desktop,PCIe 2.0 x16,512,750,750,1419,417,124.86,Nov 2011,Radeon+HD+4770&amp;id=601
2829,Radeon HD 4810,775,225,95,512,Desktop,PCIe 2.0 x16,512,627750,627750,1522,39,,Mar 2014,Radeon+HD+4810&amp;id=2829
57,Radeon HD 4830,866,49,95,1024,Desktop,PCIe 2.0 x16,1024,575,575,1450,395,59.99,Aug 2012,Radeon+HD+4830&amp;id=57
24,Radeon HD 4850,947,71,110,2048,Desktop,PCIe 2.0 x16,2048,625,625,1393,2825,139.99,Aug 2012,Radeon+HD+4850&amp;id=24
602,Radeon HD 4850 X2,1132,542,250,1024,Desktop,PCIe 2.0 x16,1024,625,625,1291,39,,Mar 2012,Radeon+HD+4850+X2&amp;id=602
30,Radeon HD 4870,1386,43,150,2048,Desktop,PCIe 2.0 x16,2048,750,750,1197,2110,163.14,Aug 2012,Radeon+HD+4870&amp;id=30
98,Radeon HD 4870 X2,1309,565,286,1024,Desktop,PCIe 2.0 x16,1024,700,700,1219,209,,Aug 2012,Radeon+HD+4870+X2&amp;id=98
42,Radeon HD 4890,1546,65,190,2048,Desktop,PCIe 2.0 x16,2048,850,850,1143,1065,89.99,Aug 2012,Radeon+HD+4890&amp;id=42
7,Radeon HD 5450,136,140,191,2048,Desktop,PCIe 2.1 x16,2048,650,650,2276,4547,51.99,Aug 2012,Radeon+HD+5450&amp;id=7
3055,Radeon HD 5470,268,298,,,Unknown,,,,,2090,3,,Nov 2014,Radeon+HD+5470&amp;id=3055
603,Radeon HD 5550,385,186,39,2048,Desktop,PCIe 2.1 x16,2048,550550550,550550550,1979,321,54.99,May 2010,Radeon+HD+5550&amp;id=603
80,Radeon HD 5570,474,200,39,2048,Desktop,PCIe 2.1 x16,2048,650650,650650,1893,2058,162.35,Aug 2012,Radeon+HD+5570&amp;id=80
604,Radeon HD 5600/5700,609,271,,,Unknown,,,,,1712,76,,Jan 2011,Radeon+HD+5600%2F5700&amp;id=604
28,Radeon HD 5670,801,294,64,2048,Desktop,PCIe 2.1 x16,2048,775775,775775,1501,3406,88.67,Aug 2012,Radeon+HD+5670&amp;id=28
50,Radeon HD 5750,1174,343,86,1024,Desktop,PCIe 2.1 x16,1024,700700,700700,1276,2492,107.9,Aug 2012,Radeon+HD+5750&amp;id=50
6,Radeon HD 5770,1347,341,108,2048,Desktop,PCIe 2.1 x16,2048,650,650,1209,7817,189.99,Aug 2012,Radeon+HD+5770&amp;id=6
69,Radeon HD 5830,1725,398,175,1024,Desktop,PCIe 2.1 x16,1024,800,800,1072,761,258.99,Aug 2012,Radeon+HD+5830&amp;id=69
47,Radeon HD 5850,1943,417,151,2048,Desktop,PCIe 2.1 x16,2048,725725,725725,992,2922,288.99,Aug 2012,Radeon+HD+5850&amp;id=47
48,Radeon HD 5870,2182,423,228,2048,Desktop,PCIe 2.1 x16,2048,850850,850850,918,2649,424.7,Aug 2012,Radeon+HD+5870&amp;id=48
20,Radeon HD 5970,2290,417,294,2048,Desktop,PCIe 2.1 x16,2048,725725,725725,883,536,721.2,Aug 2012,Radeon+HD+5970&amp;id=20
2715,Radeon HD 6230,179,254,,,Unknown,,,,,2197,4,,Nov 2013,Radeon+HD+6230&amp;id=2715
252,Radeon HD 6250,94,31,35,,Mobile,UNB/MC,,400,,2394,300,,Mar 2012,Radeon+HD+6250&amp;id=252
254,Radeon HD 6290,105,32,45,,Mobile,UNB/MC,,400,,2365,433,,Jul 2012,Radeon+HD+6290&amp;id=254
255,Radeon HD 6290M,140,92,,,Mobile,,,,,2265,10,,Jul 2012,Radeon+HD+6290M&amp;id=255
256,Radeon HD 6300M,144,107,,,Mobile,,,,,2256,790,,Jun 2012,Radeon+HD+6300M&amp;id=256
13,Radeon HD 6310,122,35,45,,Mobile,UNB/MC,,492,,2312,2050,,Aug 2012,Radeon+HD+6310&amp;id=13
258,Radeon HD 6320,147,43,45,,Mobile,UNB/MC,,600,,2248,1096,554.99,Nov 2011,Radeon+HD+6320&amp;id=258
259,Radeon HD 6320 Graphic,216,159,,,Unknown,,,,,2144,4,,Nov 2011,Radeon+HD+6320+Graphic&amp;id=259
260,Radeon HD 6320M,198,151,,,Mobile,,,,,2171,20,,Nov 2011,Radeon+HD+6320M&amp;id=260
262,RADEON HD 6350,141,171,191,512,Desktop,PCIe 2.1 x16,512,650,650,2262,23,59.0,Apr 2011,RADEON+HD+6350&amp;id=262
263,Radeon HD 6370D,255,146,65,,Desktop,UNB/MC,,443,,2108,40,,Dec 2011,Radeon+HD+6370D&amp;id=263
264,Radeon HD 6370M,276,401,11,1024,Mobile,PCIe 2.1 x16,1024,750,750,2083,11,,Dec 2010,Radeon+HD+6370M&amp;id=264
265,Radeon HD 6380G,204,87,35,,Mobile,UNB/MC,,400,,2164,112,399.99,Apr 2012,Radeon+HD+6380G&amp;id=265
266,Radeon HD 6410D,237,117,65,,Desktop,UNB/MC,,600,,2122,380,,Dec 2011,Radeon+HD+6410D&amp;id=266
2416,Radeon HD 6430M,193,106,,1024,Mobile,PCIe 2.1 x16,1024,480,480,2182,9,,Feb 2013,Radeon+HD+6430M&amp;id=2416
267,Radeon HD 6450,198,119,18,512,Desktop,PCIe 2.1 x16,512,627750,627750,2172,4796,89.0,Oct 2011,Radeon+HD+6450&amp;id=267
3724,Radeon HD 6450 + 8470D Dual,763,486,,,Unknown,,,,,1541,1,,Apr 2017,Radeon+HD+6450+%2B+8470D+Dual&amp;id=3724
268,Radeon HD 6450A,260,208,,,Unknown,,,,,2103,8,,Apr 2012,Radeon+HD+6450A&amp;id=268
107,Radeon HD 6470M,225,106,,1024,Mobile,PCIe 2.1 x16,1024,700750,700750,2132,2066,569.99,Aug 2012,Radeon+HD+6470M&amp;id=107
270,Radeon HD 6480G,255,79,45,,Mobile,UNB/MC,,444,,2109,594,,Aug 2012,Radeon+HD+6480G&amp;id=270
3234,Radeon HD 6480M,353,282,,,Mobile,,,,,2006,1,,Jun 2015,Radeon+HD+6480M&amp;id=3234
271,Radeon HD 6490M,378,514,,512,Mobile,PCIe 2.1 x16,512,800,800,1986,16,1193.03,Feb 2011,Radeon+HD+6490M&amp;id=271
52,Radeon HD 6520G,300,82,45,,Mobile,UNB/MC,,400,,2059,1703,,Aug 2012,Radeon+HD+6520G&amp;id=52
109,Radeon HD 6530D,337,136,100,,Desktop,UNB/MC,,443,,2022,791,,Aug 2012,Radeon+HD+6530D&amp;id=109
273,Radeon HD 6550A,708,609,,,Unknown,,,,,1604,10,,Jan 2012,Radeon+HD+6550A&amp;id=273
274,Radeon HD 6550D,400,132,100,,Desktop,UNB/MC,,600,,1965,813,,Aug 2011,Radeon+HD+6550D&amp;id=274
54,Radeon HD 6570,553,221,44,1024,Desktop,PCIe 2.1 x16,1024,650,650,1789,3115,61.99,Aug 2012,Radeon+HD+6570&amp;id=54
2285,Radeon HD 6610M,565,527,,,Mobile,,,,,1773,26,,Nov 2012,Radeon+HD+6610M&amp;id=2285
40,Radeon HD 6620G,341,103,45,,Mobile,UNB/MC,,444,,2016,769,,Aug 2012,Radeon+HD+6620G&amp;id=40
277,Radeon HD 6630M,685,390,,1024,Mobile,PCIe 2.1 x16,1024,485,485,1621,3,,May 2011,Radeon+HD+6630M&amp;id=277
278,Radeon HD 6650A,836,418,,,Unknown,,,,,1471,1,,Jan 2012,Radeon+HD+6650A&amp;id=278
279,Radeon HD 6650M,777,246,,1024,Mobile,PCIe 2.1 x16,1024,600,600,1520,163,,Jan 2011,Radeon+HD+6650M&amp;id=279
96,Radeon HD 6670,730,254,66,2048,Desktop,PCIe 2.1 x16,2048,800800,800800,1580,5493,68.99,Aug 2012,Radeon+HD+6670&amp;id=96
2357,Radeon HD 6670 + 6670 Dual,647,552,,,Unknown,,,,,1663,2,,Jan 2013,Radeon+HD+6670+%2B+6670+Dual&amp;id=2357
3178,Radeon HD 6670 + 7660D Dual,1492,483,,,Unknown,,,,,1166,1,,Apr 2015,Radeon+HD+6670+%2B+7660D+Dual&amp;id=3178
3633,Radeon HD 6670/7670,946,320,,,Unknown,,,,,1394,1,,Dec 2016,Radeon+HD+6670%2F7670&amp;id=3633
280,Radeon HD 6700M,1017,523,,,Mobile,,,,,1350,1011,,Aug 2012,Radeon+HD+6700M&amp;id=280
282,Radeon HD 6750,1036,286,86,1024,Desktop,PCIe 2.1 x16,1024,700700,700700,1343,772,79.99,Apr 2011,Radeon+HD+6750&amp;id=282
283,Radeon HD 6750M,937,487,,1024,Mobile,PCIe 2.1 x16,1024,600,600,1405,12,,Feb 2011,Radeon+HD+6750M&amp;id=283
284,Radeon HD 6770,1272,325,108,1024,Desktop,PCIe 2.1 x16,1024,850850,850850,1233,2760,264.99,Apr 2011,Radeon+HD+6770&amp;id=284
285,Radeon HD 6770M,964,572,,1024,Mobile,PCIe 2.1 x16,1024,725,725,1383,10,,May 2011,Radeon+HD+6770M&amp;id=285
286,Radeon HD 6790,1584,392,150,1024,Desktop,PCIe 2.1 x16,1024,840,840,1131,892,294.0,Apr 2011,Radeon+HD+6790&amp;id=286
287,Radeon HD 6800M,744,225,,,Mobile,,,,,1565,214,,Feb 2012,Radeon+HD+6800M&amp;id=287
45,Radeon HD 6850,1929,436,127,1024,Desktop,PCIe 2.1 x16,1024,775,775,996,6917,210.92,Aug 2012,Radeon+HD+6850&amp;id=45
3684,Radeon HD 6850 X2,2534,373,,,Unknown,,,,,833,1,,Feb 2017,Radeon+HD+6850+X2&amp;id=3684
22,Radeon HD 6870,2195,423,151,2048,Desktop,PCIe 2.1 x16,2048,900,900,915,6543,272.06,Aug 2012,Radeon+HD+6870&amp;id=22
290,Radeon HD 6900M,1695,375,,,Mobile,,,,,1080,489,,Jun 2012,Radeon+HD+6900M&amp;id=290
36,Radeon HD 6950,2594,449,200,1024,Desktop,PCIe 2.1 x16,1024,800,800,816,5227,139.99,Aug 2012,Radeon+HD+6950&amp;id=36
84,Radeon HD 6970,2829,436,250,2048,Desktop,PCIe 2.1 x16,2048,880,880,775,2222,149.99,Aug 2012,Radeon+HD+6970&amp;id=84
291,Radeon HD 6970M,2270,656,75,2048,Mobile,PCIe 2.1 x16,2048,680,680,888,3,215.99,Mar 2011,Radeon+HD+6970M&amp;id=291
292,Radeon HD 6990,3118,504,375,2048,Desktop,PCIe 2.1 x16,2048,830,830,735,17,498.49,Mar 2011,Radeon+HD+6990&amp;id=292
2315,Radeon HD 7290,112,48,,,Unknown,,,,,2347,122,,Dec 2012,Radeon+HD+7290&amp;id=2315
2958,Radeon HD 7290M,123,90,,,Mobile,,,,,2309,2,,Sep 2014,Radeon+HD+7290M&amp;id=2958
294,Radeon HD 7310,128,44,,,Unknown,,,,,2296,790,,Aug 2012,Radeon+HD+7310&amp;id=294
2922,Radeon HD 7310 - Carte graphique,174,120,,,Unknown,,,,,2204,1,,Aug 2014,Radeon+HD+7310+-+Carte+graphique&amp;id=2922
2852,Radeon HD 7310G,181,119,,,Unknown,,,,,2193,3,,Apr 2014,Radeon+HD+7310G&amp;id=2852
2217,Radeon HD 7310M,166,127,,,Mobile,,,,,2221,56,,Oct 2012,Radeon+HD+7310M&amp;id=2217
295,Radeon HD 7340,153,50,,,Unknown,,,,,2233,557,552.69,Jun 2012,Radeon+HD+7340&amp;id=295
2299,Radeon HD 7340G,196,146,,,Unknown,,,,,2174,24,,Dec 2012,Radeon+HD+7340G&amp;id=2299
2170,Radeon HD 7340M,221,160,,,Mobile,,,,,2137,40,,Oct 2012,Radeon+HD+7340M&amp;id=2170
296,Radeon HD 7350,165,187,191,512,Desktop,PCIe 2.1 x16,512,400650,400650,2224,60,,Mar 2012,Radeon+HD+7350&amp;id=296
2333,Radeon HD 7400G,266,107,,,Unknown,,,,,2095,65,,Dec 2012,Radeon+HD+7400G&amp;id=2333
2305,Radeon HD 7420G,315,104,,,Unknown,,,,,2050,199,,Dec 2012,Radeon+HD+7420G&amp;id=2305
297,Radeon HD 7450,224,145,18,1024,Desktop,PCIe 2.1 x16,1024,627750,627750,2134,326,49.99,Feb 2012,Radeon+HD+7450&amp;id=297
331,Radeon HD 7450A,288,385,,,Unknown,,,,,2071,2,,May 2012,Radeon+HD+7450A&amp;id=331
3039,Radeon HD 7450M,330,441,7,1024,Mobile,PCIe 2.1 x16,1024,700700,700700,2034,3,,Jun 2015,Radeon+HD+7450M&amp;id=3039
298,Radeon HD 7470,289,152,27,1024,Desktop,PCIe 2.1 x16,1024,627750,627750,2069,216,81.37,Jun 2012,Radeon+HD+7470&amp;id=298
299,Radeon HD 7470M,408,393,7,1024,Mobile,PCIe 2.1 x16,1024,750800,750800,1958,4,,Jan 2012,Radeon+HD+7470M&amp;id=299
2193,Radeon HD 7480D,281,118,65,,Desktop,UNB/MC,,723,,2080,678,,Oct 2012,Radeon+HD+7480D&amp;id=2193
300,Radeon HD 7500G,316,102,,,Unknown,,,,,2049,199,,Jul 2012,Radeon+HD+7500G&amp;id=300
2660,Radeon HD 7500G + 7500M/7600M Dual,617,308,,,Mobile,,,,,1702,5,,Sep 2013,Radeon+HD+7500G+%2B+7500M%2F7600M+Dual&amp;id=2660
2491,Radeon HD 7500G + 7550M Dual,497,263,,,Mobile,,,,,1866,7,,Apr 2013,Radeon+HD+7500G+%2B+7550M+Dual&amp;id=2491
3379,Radeon HD 7500G + HD 7500M/7600M Dual,356,265,,,Mobile,,,,,2004,2,,Dec 2015,Radeon+HD+7500G+%2B+HD+7500M%2F7600M+Dual&amp;id=3379
301,Radeon HD 7520G,318,108,,,Unknown,,,,,2047,667,,Aug 2012,Radeon+HD+7520G&amp;id=301
3124,Radeon HD 7520G + 7400M Dual,487,280,,,Mobile,,,,,1878,2,,Feb 2015,Radeon+HD+7520G+%2B+7400M+Dual&amp;id=3124
2373,Radeon HD 7520G + 7470M Dual,543,345,,,Mobile,,,,,1809,1,,Jan 2013,Radeon+HD+7520G+%2B+7470M+Dual&amp;id=2373
2741,Radeon HD 7520G + 7500/7600 Dual,582,379,,,Unknown,,,,,1748,1,,Nov 2013,Radeon+HD+7520G+%2B+7500%2F7600+Dual&amp;id=2741
2236,Radeon HD 7520G + 7600M Dual,591,362,,,Mobile,,,,,1733,25,,Jan 2013,Radeon+HD+7520G+%2B+7600M+Dual&amp;id=2236
2624,Radeon HD 7520G + 7610M Dual,588,317,,,Mobile,,,,,1738,3,,Aug 2013,Radeon+HD+7520G+%2B+7610M+Dual&amp;id=2624
2689,Radeon HD 7520G + 7650M Dual,453,345,,,Mobile,,,,,1912,3,,Oct 2013,Radeon+HD+7520G+%2B+7650M+Dual&amp;id=2689
302,Radeon HD 7520G + 7670M Dual,523,323,,,Mobile,,,,,1831,62,,May 2012,Radeon+HD+7520G+%2B+7670M+Dual&amp;id=302
2499,Radeon HD 7520G + 7700M Dual,1061,331,,,Mobile,,,,,1329,3,,Apr 2013,Radeon+HD+7520G+%2B+7700M+Dual&amp;id=2499
3014,Radeon HD 7520G + 8600/8700M Dual,311,329,,,Mobile,,,,,2054,2,,Oct 2014,Radeon+HD+7520G+%2B+8600%2F8700M+Dual&amp;id=3014
3092,Radeon HD 7520G + 8750M Dual,377,388,,,Mobile,,,,,1987,1,,Dec 2014,Radeon+HD+7520G+%2B+8750M+Dual&amp;id=3092
3361,Radeon HD 7520G + HD 7400M Dual,545,315,,,Mobile,,,,,1806,9,,Nov 2015,Radeon+HD+7520G+%2B+HD+7400M+Dual&amp;id=3361
3415,Radeon HD 7520G + HD 7500/7600 Dual,832,355,,,Unknown,,,,,1473,1,,Jan 2016,Radeon+HD+7520G+%2B+HD+7500%2F7600+Dual&amp;id=3415
3021,Radeon HD 7520G + HD 7600M Dual,447,150,,,Mobile,,,,,1921,16,,Nov 2014,Radeon+HD+7520G+%2B+HD+7600M+Dual&amp;id=3021
3413,Radeon HD 7520G + HD 7670M Dual,495,295,,,Mobile,,,,,1868,5,,Jan 2016,Radeon+HD+7520G+%2B+HD+7670M+Dual&amp;id=3413
3609,Radeon HD 7520G + HD 7700M Dual,575,389,,,Mobile,,,,,1760,1,,Nov 2016,Radeon+HD+7520G+%2B+HD+7700M+Dual&amp;id=3609
2970,Radeon HD 7520G + HD 8600/8700M Dual,624,291,,,Mobile,,,,,1694,3,,Oct 2014,Radeon+HD+7520G+%2B+HD+8600%2F8700M+Dual&amp;id=2970
3253,Radeon HD 7520G + HD 8750M Dual,651,289,,,Mobile,,,,,1656,2,,Jul 2015,Radeon+HD+7520G+%2B+HD+8750M+Dual&amp;id=3253
2691,Radeon HD 7520G N HD 7520G + HD 7500/7600 7500/760,575,386,,,Unknown,,,,,1762,1,,Oct 2013,Radeon+HD+7520G+N+HD+7520G+%2B+HD+7500%2F7600+7500%2F760&amp;id=2691
2748,Radeon HD 7520G N HD 7520G + HD 7600M N HD 7600M D,365,263,,,Mobile,,,,,1999,1,,Dec 2013,Radeon+HD+7520G+N+HD+7520G+%2B+HD+7600M+N+HD+7600M+D&amp;id=2748
2166,Radeon HD 7540D,331,129,65,,Desktop,UNB/MC,,760,,2031,531,,Oct 2012,Radeon+HD+7540D&amp;id=2166
2581,Radeon HD 7540D + 6570 Dual,720,469,,,Unknown,,,,,1592,3,,Jul 2013,Radeon+HD+7540D+%2B+6570+Dual&amp;id=2581
3090,Radeon HD 7540D + 7500 Dual,822,471,,,Unknown,,,,,1485,1,,Dec 2014,Radeon+HD+7540D+%2B+7500+Dual&amp;id=3090
2851,Radeon HD 7540D + HD 6450 Dual,643,444,,,Unknown,,,,,1668,1,,Apr 2014,Radeon+HD+7540D+%2B+HD+6450+Dual&amp;id=2851
303,Radeon HD 7550M,465,403,13,1024,Mobile,PCIe 2.1 x16,1024,450550,450550,1905,22,,Jul 2012,Radeon+HD+7550M&amp;id=303
304,Radeon HD 7550M/7650M,729,524,13,1024,Mobile,PCIe 2.1 x16,1024,450550,450550,1583,136,,Jul 2012,Radeon+HD+7550M%2F7650M&amp;id=304
305,Radeon HD 7560D,452,165,100,,Desktop,UNB/MC,,760,,1915,1299,,Aug 2012,Radeon+HD+7560D&amp;id=305
2362,Radeon HD 7560D + 6450 Dual,569,490,,,Unknown,,,,,1769,1,,Jan 2013,Radeon+HD+7560D+%2B+6450+Dual&amp;id=2362
2221,Radeon HD 7560D + 6570 Dual,833,476,,,Unknown,,,,,1472,6,,Oct 2012,Radeon+HD+7560D+%2B+6570+Dual&amp;id=2221
2303,Radeon HD 7560D + 6670 Dual,1131,501,,,Unknown,,,,,1292,7,,Dec 2012,Radeon+HD+7560D+%2B+6670+Dual&amp;id=2303
2880,Radeon HD 7560D + 7560D Dual,983,420,,,Unknown,,,,,1371,2,,May 2014,Radeon+HD+7560D+%2B+7560D+Dual&amp;id=2880
2658,Radeon HD 7560D + 7570 Dual,985,434,,,Unknown,,,,,1369,1,,Sep 2013,Radeon+HD+7560D+%2B+7570+Dual&amp;id=2658
306,Radeon HD 7560D + 7670 Dual,1426,445,,,Unknown,,,,,1191,7,,Jul 2012,Radeon+HD+7560D+%2B+7670+Dual&amp;id=306
2835,Radeon HD 7560D + 7700 Dual,1919,518,,,Unknown,,,,,999,1,,Mar 2014,Radeon+HD+7560D+%2B+7700+Dual&amp;id=2835
2858,Radeon HD 7560D + HD 6570 Dual,1237,528,,,Unknown,,,,,1248,1,,Apr 2014,Radeon+HD+7560D+%2B+HD+6570+Dual&amp;id=2858
2894,Radeon HD 7560D + HD 6670 Dual,1555,652,,,Unknown,,,,,1141,1,,Jun 2014,Radeon+HD+7560D+%2B+HD+6670+Dual&amp;id=2894
2891,Radeon HD 7560D + HD 7000 Dual,534,423,,,Unknown,,,,,1816,2,,Jun 2014,Radeon+HD+7560D+%2B+HD+7000+Dual&amp;id=2891
3739,Radeon HD 7560D + HD 7600 Dual,1258,457,,,Unknown,,,,,1240,1,,Apr 2017,Radeon+HD+7560D+%2B+HD+7600+Dual&amp;id=3739
2959,Radeon HD 7560D + HD 7670 Dual,1380,463,,,Unknown,,,,,1199,1,,Sep 2014,Radeon+HD+7560D+%2B+HD+7670+Dual&amp;id=2959
3158,Radeon HD 7560D + HD 7700 Dual,1347,497,,,Unknown,,,,,1210,4,,Mar 2015,Radeon+HD+7560D+%2B+HD+7700+Dual&amp;id=3158
2856,Radeon HD 7560D + HD 8570 Dual,936,425,,,Unknown,,,,,1406,1,,Apr 2014,Radeon+HD+7560D+%2B+HD+8570+Dual&amp;id=2856
3267,Radeon HD 7560D + R5 235 Dual,563,397,,,Unknown,,,,,1775,2,,Jul 2015,Radeon+HD+7560D+%2B+R5+235+Dual&amp;id=3267
90,Radeon HD 7570,620,253,44,1024,Desktop,PCIe 2.1 x16,1024,650,650,1697,641,125.0,Aug 2012,Radeon+HD+7570&amp;id=90
307,Radeon HD 7570M,419,186,13,1024,Mobile,PCIe 2.1 x16,1024,450650,450650,1951,601,,Jun 2012,Radeon+HD+7570M&amp;id=307
3046,Radeon HD 7570M/HD 7670M,699,555,25,1024,Mobile,PCIe 2.1 x16,1024,600,600,1610,4,,Mar 2015,Radeon+HD+7570M%2FHD+7670M&amp;id=3046
2533,Radeon HD 7580D,351,430,,,Unknown,,,,,2009,2,,Jun 2013,Radeon+HD+7580D&amp;id=2533
2290,Radeon HD 7600G,335,91,,,Unknown,,,,,2027,197,,Nov 2012,Radeon+HD+7600G&amp;id=2290
2598,Radeon HD 7600G + 6400M Dual,377,257,,,Mobile,,,,,1988,1,,Jul 2013,Radeon+HD+7600G+%2B+6400M+Dual&amp;id=2598
2501,Radeon HD 7600G + 7450M Dual,390,221,,,Mobile,,,,,1975,3,,Apr 2013,Radeon+HD+7600G+%2B+7450M+Dual&amp;id=2501
2508,Radeon HD 7600G + 7500M/7600M Dual,406,210,,,Mobile,,,,,1960,3,,May 2013,Radeon+HD+7600G+%2B+7500M%2F7600M+Dual&amp;id=2508
2855,Radeon HD 7600G + 7550M Dual,423,247,,,Mobile,,,,,1943,3,,Apr 2014,Radeon+HD+7600G+%2B+7550M+Dual&amp;id=2855
2746,Radeon HD 7600G + 8500M/8700M Dual,334,131,,,Mobile,,,,,2028,5,,Dec 2013,Radeon+HD+7600G+%2B+8500M%2F8700M+Dual&amp;id=2746
3321,Radeon HD 7600G + HD 7400M Dual,329,147,,,Mobile,,,,,2035,1,,Oct 2015,Radeon+HD+7600G+%2B+HD+7400M+Dual&amp;id=3321
3230,Radeon HD 7600G + HD 7500M/7600M Dual,477,126,,,Mobile,,,,,1889,7,,Jun 2015,Radeon+HD+7600G+%2B+HD+7500M%2F7600M+Dual&amp;id=3230
3098,Radeon HD 7600G + HD 7550M Dual,509,202,,,Mobile,,,,,1847,2,,Dec 2014,Radeon+HD+7600G+%2B+HD+7550M+Dual&amp;id=3098
3180,Radeon HD 7600G + HD 8670M Dual,544,241,,,Mobile,,,,,1807,2,,Apr 2015,Radeon+HD+7600G+%2B+HD+8670M+Dual&amp;id=3180
2780,Radeon HD 7600G + HD Dual,435,158,,,Unknown,,,,,1931,9,,Jan 2014,Radeon+HD+7600G+%2B+HD+Dual&amp;id=2780
3629,Radeon HD 7600G N HD 7600G + HD ON HD Dual,526,244,,,Unknown,,,,,1827,1,,Dec 2016,Radeon+HD+7600G+N+HD+7600G+%2B+HD+ON+HD+Dual&amp;id=3629
2234,Radeon HD 7600M + 7600M Dual,773,317,,,Mobile,,,,,1523,9,,Oct 2012,Radeon+HD+7600M+%2B+7600M+Dual&amp;id=2234
308,Radeon HD 7610M,632,479,20,1024,Mobile,PCIe 2.1 x16,1024,450,450,1681,79,,Jul 2012,Radeon+HD+7610M&amp;id=308
309,Radeon HD 7620G,353,104,,,Unknown,,,,,2008,88,,Jul 2012,Radeon+HD+7620G&amp;id=309
2728,Radeon HD 7620G + 8600M Dual,509,294,,,Mobile,,,,,1848,13,,Nov 2013,Radeon+HD+7620G+%2B+8600M+Dual&amp;id=2728
2765,Radeon HD 7620G + 8670M Dual,577,322,,,Mobile,,,,,1756,3,,Dec 2013,Radeon+HD+7620G+%2B+8670M+Dual&amp;id=2765
3066,Radeon HD 7620G + HD 8600M Dual,443,267,,,Mobile,,,,,1925,18,,Dec 2014,Radeon+HD+7620G+%2B+HD+8600M+Dual&amp;id=3066
2824,Radeon HD 7620G + HD 8670M Dual,507,267,,,Mobile,,,,,1850,24,,Feb 2014,Radeon+HD+7620G+%2B+HD+8670M+Dual&amp;id=2824
2751,Radeon HD 7620G N HD 7620G + HD 8600M N HD 8600M D,452,238,,,Mobile,,,,,1917,1,,Dec 2013,Radeon+HD+7620G+N+HD+7620G+%2B+HD+8600M+N+HD+8600M+D&amp;id=2751
310,Radeon HD 7640G,448,120,,,Unknown,,,,,1920,1190,,Jul 2012,Radeon+HD+7640G&amp;id=310
2301,Radeon HD 7640G + 6400M Dual,527,279,,,Mobile,,,,,1825,7,,Dec 2012,Radeon+HD+7640G+%2B+6400M+Dual&amp;id=2301
2442,Radeon HD 7640G + 7400M Dual,637,286,,,Mobile,,,,,1672,5,,Mar 2013,Radeon+HD+7640G+%2B+7400M+Dual&amp;id=2442
2913,Radeon HD 7640G + 7450M Dual,754,353,,,Mobile,,,,,1552,1,,Jul 2014,Radeon+HD+7640G+%2B+7450M+Dual&amp;id=2913
311,Radeon HD 7640G + 7470M Dual,595,301,,,Mobile,,,,,1728,53,,Jun 2012,Radeon+HD+7640G+%2B+7470M+Dual&amp;id=311
2566,Radeon HD 7640G + 7500/7600 Dual,627,293,,,Unknown,,,,,1692,2,,Jul 2013,Radeon+HD+7640G+%2B+7500%2F7600+Dual&amp;id=2566
2211,Radeon HD 7640G + 7500M/7600M Dual,776,317,,,Mobile,,,,,1521,1,,Oct 2012,Radeon+HD+7640G+%2B+7500M%2F7600M+Dual&amp;id=2211
312,Radeon HD 7640G + 7600M Dual,706,294,,,Mobile,,,,,1606,64,,Jul 2012,Radeon+HD+7640G+%2B+7600M+Dual&amp;id=312
2677,Radeon HD 7640G + 7610M Dual,510,309,,,Mobile,,,,,1845,7,,Oct 2013,Radeon+HD+7640G+%2B+7610M+Dual&amp;id=2677
2786,Radeon HD 7640G + 7650M Dual,747,188,,,Mobile,,,,,1558,1,,Jan 2014,Radeon+HD+7640G+%2B+7650M+Dual&amp;id=2786
313,Radeon HD 7640G + 7670M Dual,645,294,,,Mobile,,,,,1665,113,,Jun 2012,Radeon+HD+7640G+%2B+7670M+Dual&amp;id=313
2757,Radeon HD 7640G + 7690M Dual,946,325,,,Mobile,,,,,1395,1,,Dec 2013,Radeon+HD+7640G+%2B+7690M+Dual&amp;id=2757
2730,Radeon HD 7640G + 7700M Dual,691,324,,,Mobile,,,,,1613,2,,Nov 2013,Radeon+HD+7640G+%2B+7700M+Dual&amp;id=2730
2809,Radeon HD 7640G + 8500M Dual,586,308,,,Mobile,,,,,1745,11,,Feb 2014,Radeon+HD+7640G+%2B+8500M+Dual&amp;id=2809
2763,Radeon HD 7640G + 8570M Dual,558,274,,,Mobile,,,,,1783,13,,Dec 2013,Radeon+HD+7640G+%2B+8570M+Dual&amp;id=2763
2669,Radeon HD 7640G + 8600/8700M Dual,689,308,,,Mobile,,,,,1617,10,,Oct 2013,Radeon+HD+7640G+%2B+8600%2F8700M+Dual&amp;id=2669
3873,Radeon HD 7640G + 8600M Dual,250,217,,,Mobile,,,,,2111,1,,Dec 2017,Radeon+HD+7640G+%2B+8600M+Dual&amp;id=3873
2797,Radeon HD 7640G + 8670M Dual,558,316,,,Mobile,,,,,1782,2,,Jan 2014,Radeon+HD+7640G+%2B+8670M+Dual&amp;id=2797
2733,Radeon HD 7640G + 8750M Dual,655,305,,,Mobile,,,,,1650,4,,Nov 2013,Radeon+HD+7640G+%2B+8750M+Dual&amp;id=2733
2978,Radeon HD 7640G + HD 7400M Dual,577,152,,,Mobile,,,,,1758,18,,Oct 2014,Radeon+HD+7640G+%2B+HD+7400M+Dual&amp;id=2978
3329,Radeon HD 7640G + HD 7500/7600 Dual,424,301,,,Unknown,,,,,1942,1,,Oct 2015,Radeon+HD+7640G+%2B+HD+7500%2F7600+Dual&amp;id=3329
2990,Radeon HD 7640G + HD 7600M Dual,704,277,,,Mobile,,,,,1608,59,,Oct 2014,Radeon+HD+7640G+%2B+HD+7600M+Dual&amp;id=2990
2770,Radeon HD 7640G + HD 7600M N HD 7600M Dual,407,198,,,Mobile,,,,,1959,1,,Dec 2013,Radeon+HD+7640G+%2B+HD+7600M+N+HD+7600M+Dual&amp;id=2770
2925,Radeon HD 7640G + HD 7670M Dual,519,97,,,Mobile,,,,,1835,20,,Aug 2014,Radeon+HD+7640G+%2B+HD+7670M+Dual&amp;id=2925
3372,Radeon HD 7640G + HD 7700M Dual,589,277,,,Mobile,,,,,1736,3,,Nov 2015,Radeon+HD+7640G+%2B+HD+7700M+Dual&amp;id=3372
3211,Radeon HD 7640G + HD 7700M N HD 7700M Dual,631,272,,,Mobile,,,,,1685,1,,May 2015,Radeon+HD+7640G+%2B+HD+7700M+N+HD+7700M+Dual&amp;id=3211
2907,Radeon HD 7640G + HD 8500M Dual,607,305,,,Mobile,,,,,1714,9,,Jul 2014,Radeon+HD+7640G+%2B+HD+8500M+Dual&amp;id=2907
2718,Radeon HD 7640G + HD 8500M N HD 8500M Dual,666,311,,,Mobile,,,,,1640,2,,Nov 2013,Radeon+HD+7640G+%2B+HD+8500M+N+HD+8500M+Dual&amp;id=2718
2889,Radeon HD 7640G + HD 8570M Dual,475,196,,,Mobile,,,,,1892,5,,Jun 2014,Radeon+HD+7640G+%2B+HD+8570M+Dual&amp;id=2889
3131,Radeon HD 7640G + HD 8600/8700M Dual,587,298,,,Mobile,,,,,1742,10,,Feb 2015,Radeon+HD+7640G+%2B+HD+8600%2F8700M+Dual&amp;id=3131
3280,Radeon HD 7640G + HD 8670M Dual,677,249,,,Mobile,,,,,1633,1,,Aug 2015,Radeon+HD+7640G+%2B+HD+8670M+Dual&amp;id=3280
3288,Radeon HD 7640G + HD 8750M Dual,997,293,,,Mobile,,,,,1363,7,,Aug 2015,Radeon+HD+7640G+%2B+HD+8750M+Dual&amp;id=3288
3246,Radeon HD 7640G + R5 M200 Dual,559,249,,,Unknown,,,,,1780,10,,Jul 2015,Radeon+HD+7640G+%2B+R5+M200+Dual&amp;id=3246
3450,Radeon HD 7640G + R5 M230 Dual,239,75,,,Unknown,,,,,,1,,Mar 2016,Radeon+HD+7640G+%2B+R5+M230+Dual&amp;id=3450
2700,Radeon HD 7640G N HD 7640G + HD 7600M N HD 7600M D,824,262,,,Mobile,,,,,1482,8,,Oct 2013,Radeon+HD+7640G+N+HD+7640G+%2B+HD+7600M+N+HD+7600M+D&amp;id=2700
2735,Radeon HD 7640G N HD 7640G + HD 7670M Dual,680,305,,,Mobile,,,,,1630,6,,Nov 2013,Radeon+HD+7640G+N+HD+7640G+%2B+HD+7670M+Dual&amp;id=2735
2762,Radeon HD 7640G N HD 7640G + HD 8570M Dual,423,287,,,Mobile,,,,,1946,1,,Dec 2013,Radeon+HD+7640G+N+HD+7640G+%2B+HD+8570M+Dual&amp;id=2762
332,Radeon HD 7650A,556,283,,,Unknown,,,,,1786,91,262.0,Aug 2012,Radeon+HD+7650A&amp;id=332
314,Radeon HD 7650M,421,46,20,1024,Mobile,PCIe 2.1 x16,1024,450550,450550,1948,229,,Jul 2012,Radeon+HD+7650M&amp;id=314
315,Radeon HD 7660D,514,180,100,,Desktop,UNB/MC,,760800,,1840,1708,,Jun 2012,Radeon+HD+7660D&amp;id=315
2448,Radeon HD 7660D + 6570 Dual,1100,551,,,Unknown,,,,,1304,2,,Mar 2013,Radeon+HD+7660D+%2B+6570+Dual&amp;id=2448
2249,Radeon HD 7660D + 6670 Dual,1238,524,,,Unknown,,,,,1247,18,,Nov 2012,Radeon+HD+7660D+%2B+6670+Dual&amp;id=2249
2266,Radeon HD 7660D + 7470 Dual,466,491,,,Unknown,,,,,1903,3,,Nov 2012,Radeon+HD+7660D+%2B+7470+Dual&amp;id=2266
2769,Radeon HD 7660D + 7500 Dual,1121,500,,,Unknown,,,,,1296,1,,Dec 2013,Radeon+HD+7660D+%2B+7500+Dual&amp;id=2769
2450,Radeon HD 7660D + 7540D Dual,1204,547,,,Unknown,,,,,1263,1,,Mar 2013,Radeon+HD+7660D+%2B+7540D+Dual&amp;id=2450
2255,Radeon HD 7660D + 7670 Dual,1062,494,,,Unknown,,,,,1328,4,,Nov 2012,Radeon+HD+7660D+%2B+7670+Dual&amp;id=2255
3091,Radeon HD 7660D + HD 6670 Dual,1485,515,,,Unknown,,,,,1169,6,,Dec 2014,Radeon+HD+7660D+%2B+HD+6670+Dual&amp;id=3091
2879,Radeon HD 7660D + HD 7000 Dual,634,465,,,Unknown,,,,,1680,2,,May 2014,Radeon+HD+7660D+%2B+HD+7000+Dual&amp;id=2879
3307,Radeon HD 7660D + HD 7400 Dual,340,448,,,Unknown,,,,,2019,1,,Sep 2015,Radeon+HD+7660D+%2B+HD+7400+Dual&amp;id=3307
3335,Radeon HD 7660D + HD 7700 Dual,1958,495,,,Unknown,,,,,987,3,,Oct 2015,Radeon+HD+7660D+%2B+HD+7700+Dual&amp;id=3335
3687,Radeon HD 7660D + R5 235 Dual,524,386,,,Unknown,,,,,1830,1,,Feb 2017,Radeon+HD+7660D+%2B+R5+235+Dual&amp;id=3687
3163,Radeon HD 7660D + R7 240 Dual,942,453,,,Unknown,,,,,1399,2,,Mar 2015,Radeon+HD+7660D+%2B+R7+240+Dual&amp;id=3163
316,Radeon HD 7660G,478,130,,,Unknown,,,,,1885,712,,Jun 2012,Radeon+HD+7660G&amp;id=316
2367,Radeon HD 7660G + 7400M Dual,588,326,,,Mobile,,,,,1739,2,,Jan 2013,Radeon+HD+7660G+%2B+7400M+Dual&amp;id=2367
317,Radeon HD 7660G + 7470M Dual,631,351,,,Mobile,,,,,1686,7,,Aug 2012,Radeon+HD+7660G+%2B+7470M+Dual&amp;id=317
2233,Radeon HD 7660G + 7600M Dual,832,341,,,Mobile,,,,,1475,55,,Oct 2012,Radeon+HD+7660G+%2B+7600M+Dual&amp;id=2233
2335,Radeon HD 7660G + 7610M Dual,746,323,,,Mobile,,,,,1562,16,,Dec 2012,Radeon+HD+7660G+%2B+7610M+Dual&amp;id=2335
318,Radeon HD 7660G + 7670M Dual,743,347,,,Mobile,,,,,1566,96,,Jun 2012,Radeon+HD+7660G+%2B+7670M+Dual&amp;id=318
2409,Radeon HD 7660G + 7700M Dual,757,311,,,Mobile,,,,,1548,5,,Aug 2013,Radeon+HD+7660G+%2B+7700M+Dual&amp;id=2409
2779,Radeon HD 7660G + 7730M Dual,931,392,,,Mobile,,,,,1407,2,,Jan 2014,Radeon+HD+7660G+%2B+7730M+Dual&amp;id=2779
2837,Radeon HD 7660G + 8600M Dual,446,360,,,Mobile,,,,,1922,3,,Mar 2014,Radeon+HD+7660G+%2B+8600M+Dual&amp;id=2837
2839,Radeon HD 7660G + 8670M Dual,588,333,,,Mobile,,,,,1740,7,,Mar 2014,Radeon+HD+7660G+%2B+8670M+Dual&amp;id=2839
2861,Radeon HD 7660G + HD 7500/7600 7500/7600 Dual,1002,347,,,Unknown,,,,,1359,1,,Apr 2014,Radeon+HD+7660G+%2B+HD+7500%2F7600+7500%2F7600+Dual&amp;id=2861
3570,Radeon HD 7660G + HD 7500/7600 Dual,760,369,,,Unknown,,,,,1544,1,,Sep 2016,Radeon+HD+7660G+%2B+HD+7500%2F7600+Dual&amp;id=3570
3488,Radeon HD 7660G + HD 7500M/7600M Dual,999,323,,,Mobile,,,,,1361,2,,Apr 2016,Radeon+HD+7660G+%2B+HD+7500M%2F7600M+Dual&amp;id=3488
2864,Radeon HD 7660G + HD 7600M Dual,568,90,,,Mobile,,,,,1770,105,,Apr 2014,Radeon+HD+7660G+%2B+HD+7600M+Dual&amp;id=2864
2901,Radeon HD 7660G + HD 7600M N HD 7600M Dual,460,297,,,Mobile,,,,,1909,1,,Jul 2014,Radeon+HD+7660G+%2B+HD+7600M+N+HD+7600M+Dual&amp;id=2901
2794,Radeon HD 7660G + HD 7670M Dual,707,317,,,Mobile,,,,,1605,17,,Jan 2014,Radeon+HD+7660G+%2B+HD+7670M+Dual&amp;id=2794
2988,Radeon HD 7660G + HD 7700M Dual,777,168,,,Mobile,,,,,1519,12,,Oct 2014,Radeon+HD+7660G+%2B+HD+7700M+Dual&amp;id=2988
3433,Radeon HD 7660G + HD 7730M Dual,882,329,,,Mobile,,,,,1440,3,,Feb 2016,Radeon+HD+7660G+%2B+HD+7730M+Dual&amp;id=3433
2943,Radeon HD 7660G + HD 8500M Dual,758,355,,,Mobile,,,,,1546,1,,Sep 2014,Radeon+HD+7660G+%2B+HD+8500M+Dual&amp;id=2943
3514,Radeon HD 7660G + HD 8600/8700M Dual,747,365,,,Mobile,,,,,1559,1,,Jun 2016,Radeon+HD+7660G+%2B+HD+8600%2F8700M+Dual&amp;id=3514
3507,Radeon HD 7660G + HD 8600M Dual,364,337,,,Mobile,,,,,2001,1,,May 2016,Radeon+HD+7660G+%2B+HD+8600M+Dual&amp;id=3507
3390,Radeon HD 7660G + HD 8670M Dual,711,325,,,Mobile,,,,,1602,5,,Dec 2015,Radeon+HD+7660G+%2B+HD+8670M+Dual&amp;id=3390
2726,Radeon HD 7660G N HD 7660G + HD 7600M N HD 7600M D,723,292,,,Mobile,,,,,1586,7,,Nov 2013,Radeon+HD+7660G+N+HD+7660G+%2B+HD+7600M+N+HD+7600M+D&amp;id=2726
2795,Radeon HD 7660G N HD 7660G + HD 7670M Dual,705,318,,,Mobile,,,,,1607,8,,Jan 2014,Radeon+HD+7660G+N+HD+7660G+%2B+HD+7670M+Dual&amp;id=2795
2750,Radeon HD 7660G N HD 7660G + HD 7700M N HD 7700M D,967,351,,,Mobile,,,,,1382,2,,Dec 2013,Radeon+HD+7660G+N+HD+7660G+%2B+HD+7700M+N+HD+7700M+D&amp;id=2750
319,Radeon HD 7670,796,317,66,1024,Desktop,PCIe 2.1 x16,1024,800,800,1505,139,,Feb 2012,Radeon+HD+7670&amp;id=319
333,Radeon HD 7670A,1050,702,,,Unknown,,,,,1337,5,,Feb 2012,Radeon+HD+7670A&amp;id=333
320,Radeon HD 7670M,491,92,20,1024,Mobile,PCIe 2.1 x16,1024,600,600,1869,496,629.99,May 2012,Radeon+HD+7670M&amp;id=320
2277,Radeon HD 7670M + 7670M Dual,738,294,,,Mobile,,,,,1572,3,,Nov 2012,Radeon+HD+7670M+%2B+7670M+Dual&amp;id=2277
2294,Radeon HD 7690M,831,351,20,2048,Mobile,PCIe 2.1 x16,2048,725600,725600,1476,34,,Dec 2012,Radeon+HD+7690M&amp;id=2294
3024,Radeon HD 7690M XT,1009,552,25,2048,Mobile,PCIe 2.1 x16,2048,725,725,1356,4,,Jan 2015,Radeon+HD+7690M+XT&amp;id=3024
2317,Radeon HD 7700-serie,1899,533,,,Unknown,,,,,1008,1,,Dec 2012,Radeon+HD+7700-serie&amp;id=2317
3138,Radeon HD 7730,1163,389,47,1024,Desktop,PCIe 3.0 x16,1024,800,800,1281,246,232.7,Mar 2015,Radeon+HD+7730&amp;id=3138
2995,Radeon HD 7730M,788,207,25,2048,Mobile,PCIe 2.1 x16,2048,575675,575675,1510,134,,Mar 2015,Radeon+HD+7730M&amp;id=2995
321,Radeon HD 7750,1705,448,55,4096,Desktop,PCIe 3.0 x16,4096,800900,800900,1079,6213,100.99,Jun 2012,Radeon+HD+7750&amp;id=321
2476,Radeon HD 7750M,1191,693,28,2048,Mobile,PCIe 2.1 x16,2048,575,575,1266,3,,Apr 2013,Radeon+HD+7750M&amp;id=2476
322,Radeon HD 7770,2180,478,80,2048,Desktop,PCI Express 3.0 x16,2048,1020,1020,919,9677,300.0,Jun 2012,Radeon+HD+7770&amp;id=322
2502,Radeon HD 7790,3090,459,85,2048,Desktop,PCIe 3.0 x16,2048,1000,1000,738,2143,139.99,Apr 2013,Radeon+HD+7790&amp;id=2502
2967,Radeon HD 7800-serie,4029,708,,,Unknown,,,,,617,1,,Oct 2014,Radeon+HD+7800-serie&amp;id=2967
323,Radeon HD 7850,3902,578,130,2048,Desktop,PCIe 3.0 x16,2048,860,860,630,11552,174.99,May 2012,Radeon+HD+7850&amp;id=323
1688,Radeon HD 7850M,1373,566,40,2048,Mobile,PCIe 3.0 x16,2048,675,675,1202,8,,Jun 2012,Radeon+HD+7850M&amp;id=1688
324,Radeon HD 7870,4559,587,175,2048,Desktop,PCIe 3.0 x16,2048,1000,1000,571,7909,176.0,Jun 2012,Radeon+HD+7870&amp;id=324
2557,Radeon HD 7870 XT,4470,661,185,2048,Desktop,PCIe 3.0 x16,2048,925,925,583,1221,,May 2013,Radeon+HD+7870+XT&amp;id=2557
2308,Radeon HD 7870M,1507,556,45,2048,Mobile,PCIe 3.0 x16,2048,800,800,1160,15,,Dec 2012,Radeon+HD+7870M&amp;id=2308
325,Radeon HD 7950 / R9 280,4765,691,200,3072,Desktop,PCIe 3.0 x16,3072,850,850,556,7473,1603.91,Jun 2012,Radeon+HD+7950+%2F+R9+280&amp;id=325
51,Radeon HD 7970 / R9 280X,5248,730,250,3072,Desktop,PCIe 3.0 x16,3072,1000,1000,513,10419,246.99,Aug 2012,Radeon+HD+7970+%2F+R9+280X&amp;id=51
326,Radeon HD 7970M,3576,444,75,4096,Mobile,PCIe 3.0 x16,4096,850,850,670,331,,Jun 2012,Radeon+HD+7970M&amp;id=326
2528,Radeon HD 7990,5566,766,375,3072,Desktop,PCIe 3.0 x16,3072,950,950,483,301,589.96,May 2013,Radeon+HD+7990&amp;id=2528
2668,Radeon HD 8180,135,37,,,Unknown,,,,,2282,105,,Oct 2013,Radeon+HD+8180&amp;id=2668
2575,Radeon HD 8210,198,47,,,Unknown,,,,,2173,614,,Jul 2013,Radeon+HD+8210&amp;id=2575
3713,Radeon HD 8210E,194,202,,,Unknown,,,,,2181,1,,Mar 2017,Radeon+HD+8210E&amp;id=3713
2653,Radeon HD 8240,246,63,,,Unknown,,,,,2115,203,,Sep 2013,Radeon+HD+8240&amp;id=2653
2541,Radeon HD 8250,217,58,,,Unknown,,,,,2143,261,,Jun 2013,Radeon+HD+8250&amp;id=2541
2810,Radeon HD 8280,261,75,,,Unknown,,,,,2101,103,,Feb 2014,Radeon+HD+8280&amp;id=2810
2799,Radeon HD 8280E,281,79,,,Unknown,,,,,2078,24,,Jan 2014,Radeon+HD+8280E&amp;id=2799
2512,Radeon HD 8280G,270,130,,,Unknown,,,,,2089,5,,May 2013,Radeon+HD+8280G&amp;id=2512
3279,Radeon HD 8310E,341,187,,,Unknown,,,,,2018,1,,Aug 2015,Radeon+HD+8310E&amp;id=3279
2627,Radeon HD 8330,278,66,,,Unknown,,,,,2081,889,,Aug 2013,Radeon+HD+8330&amp;id=2627
2709,Radeon HD 8330E,262,83,,,Unknown,,,,,2100,39,,Nov 2013,Radeon+HD+8330E&amp;id=2709
2707,Radeon HD 8350,163,222,44,512,Desktop,PCIe 2.1 x16,512,400,400,2229,58,99.81,Nov 2013,Radeon+HD+8350&amp;id=2707
2580,Radeon HD 8350G,267,124,35,0,Mobile,Integrated,0,514,,2093,30,,Jul 2013,Radeon+HD+8350G&amp;id=2580
2712,Radeon HD 8370D,312,145,,,Unknown,,,,,2052,291,,Nov 2013,Radeon+HD+8370D&amp;id=2712
2582,Radeon HD 8400,274,77,,,Unknown,,,,,2085,1556,,Jul 2013,Radeon+HD+8400&amp;id=2582
2775,Radeon HD 8400E,276,113,,,Unknown,,,,,2084,21,,Dec 2013,Radeon+HD+8400E&amp;id=2775
2848,Radeon HD 8410G,435,263,,,Unknown,,,,,1933,8,,Apr 2014,Radeon+HD+8410G&amp;id=2848
2595,Radeon HD 8450G,335,132,,,Unknown,,,,,2026,138,,Jul 2013,Radeon+HD+8450G&amp;id=2595
2731,Radeon HD 8450G + 8600/8700M Dual,1070,381,,,Mobile,,,,,1326,1,,Nov 2013,Radeon+HD+8450G+%2B+8600%2F8700M+Dual&amp;id=2731
2771,Radeon HD 8450G + 8600M Dual,545,356,,,Mobile,,,,,1804,3,,Dec 2013,Radeon+HD+8450G+%2B+8600M+Dual&amp;id=2771
2625,Radeon HD 8450G + 8670M Dual,475,414,,,Mobile,,,,,1891,2,,Aug 2013,Radeon+HD+8450G+%2B+8670M+Dual&amp;id=2625
2667,Radeon HD 8450G + 8750M Dual,637,299,,,Mobile,,,,,1673,2,,Oct 2013,Radeon+HD+8450G+%2B+8750M+Dual&amp;id=2667
3166,Radeon HD 8450G + HD 8600M Dual,452,326,,,Mobile,,,,,1914,2,,Mar 2015,Radeon+HD+8450G+%2B+HD+8600M+Dual&amp;id=3166
3685,Radeon HD 8450G + HD 8670M Dual,478,267,,,Mobile,,,,,1887,4,,Feb 2017,Radeon+HD+8450G+%2B+HD+8670M+Dual&amp;id=3685
3587,Radeon HD 8450G + HD 8750M Dual,504,323,,,Mobile,,,,,1857,4,,Oct 2016,Radeon+HD+8450G+%2B+HD+8750M+Dual&amp;id=3587
3865,Radeon HD 8450G + R5 M230 Dual,578,298,,,Unknown,,,,,1753,1,,Dec 2017,Radeon+HD+8450G+%2B+R5+M230+Dual&amp;id=3865
2645,Radeon HD 8470,247,157,35,1024,Desktop,PCIe 2.1 x16,1024,750,750,2114,50,,Sep 2013,Radeon+HD+8470&amp;id=2645
2565,Radeon HD 8470D,370,146,,,Unknown,,,,,1993,625,,Jul 2013,Radeon+HD+8470D&amp;id=2565
2648,Radeon HD 8470D + 6450 Dual,717,558,,,Unknown,,,,,1595,3,,Sep 2013,Radeon+HD+8470D+%2B+6450+Dual&amp;id=2648
2844,Radeon HD 8470D + 6570 Dual,838,454,,,Unknown,,,,,1469,1,,Mar 2014,Radeon+HD+8470D+%2B+6570+Dual&amp;id=2844
2939,Radeon HD 8470D + HD 6450 Dual,863,590,,,Unknown,,,,,1451,1,,Sep 2014,Radeon+HD+8470D+%2B+HD+6450+Dual&amp;id=2939
3776,Radeon HD 8470D + HD 6670 Dual,1436,512,,,Unknown,,,,,1187,1,,Jul 2017,Radeon+HD+8470D+%2B+HD+6670+Dual&amp;id=3776
3990,Radeon HD 8470D + HD 7500 Dual,1545,465,,,Unknown,,,,,1145,2,,Sep 2018,Radeon+HD+8470D+%2B+HD+7500+Dual&amp;id=3990
2841,Radeon HD 8490,264,175,35,1024,Desktop,PCIe 2.1 x16,1024,875,875,2097,314,89.99,Mar 2014,Radeon+HD+8490&amp;id=2841
3012,Radeon HD 8500M,452,116,,,Mobile,,,,,1918,259,,Apr 2015,Radeon+HD+8500M&amp;id=3012
3000,Radeon HD 8500M/8700M,853,503,,,Mobile,,,,,1458,24,,Feb 2015,Radeon+HD+8500M%2F8700M&amp;id=3000
2615,Radeon HD 8510G,373,107,,,Unknown,,,,,1990,295,,Aug 2013,Radeon+HD+8510G&amp;id=2615
2577,Radeon HD 8510G + 8500M Dual,596,260,,,Mobile,,,,,1726,2,,Aug 2014,Radeon+HD+8510G+%2B+8500M+Dual&amp;id=2577
3217,Radeon HD 8510G + HD 8500M Dual,630,191,,,Mobile,,,,,1687,1,,May 2015,Radeon+HD+8510G+%2B+HD+8500M+Dual&amp;id=3217
2828,Radeon HD 8550D,567,226,,,Unknown,,,,,1771,6,,Mar 2014,Radeon+HD+8550D&amp;id=2828
2583,Radeon HD 8550G,413,115,,,Unknown,,,,,1954,399,,Jul 2013,Radeon+HD+8550G&amp;id=2583
3495,Radeon HD 8550G + 7600M Dual,901,395,,,Mobile,,,,,1423,1,,May 2016,Radeon+HD+8550G+%2B+7600M+Dual&amp;id=3495
2662,Radeon HD 8550G + 8500M Dual,603,304,,,Mobile,,,,,1719,21,,Sep 2013,Radeon+HD+8550G+%2B+8500M+Dual&amp;id=2662
2614,Radeon HD 8550G + 8570M Dual,533,307,,,Mobile,,,,,1819,24,,Aug 2013,Radeon+HD+8550G+%2B+8570M+Dual&amp;id=2614
2637,Radeon HD 8550G + 8600/8700M Dual,803,336,,,Mobile,,,,,1499,17,,Aug 2013,Radeon+HD+8550G+%2B+8600%2F8700M+Dual&amp;id=2637
2628,Radeon HD 8550G + 8600M Dual,618,321,,,Mobile,,,,,1701,14,,Aug 2013,Radeon+HD+8550G+%2B+8600M+Dual&amp;id=2628
2610,Radeon HD 8550G + 8670M Dual,579,334,,,Mobile,,,,,1751,16,,Aug 2013,Radeon+HD+8550G+%2B+8670M+Dual&amp;id=2610
2743,Radeon HD 8550G + 8690M Dual,664,260,,,Mobile,,,,,1642,4,,Nov 2013,Radeon+HD+8550G+%2B+8690M+Dual&amp;id=2743
2639,Radeon HD 8550G + 8750M Dual,796,321,,,Mobile,,,,,1506,29,,Aug 2013,Radeon+HD+8550G+%2B+8750M+Dual&amp;id=2639
3247,Radeon HD 8550G + HD 7600M Dual,548,181,,,Mobile,,,,,1798,3,,Jul 2015,Radeon+HD+8550G+%2B+HD+7600M+Dual&amp;id=3247
2924,Radeon HD 8550G + HD 8500M Dual,559,301,,,Mobile,,,,,1781,1,,Aug 2014,Radeon+HD+8550G+%2B+HD+8500M+Dual&amp;id=2924
3451,Radeon HD 8550G + HD 8570M Dual,529,260,,,Mobile,,,,,1824,2,,Mar 2016,Radeon+HD+8550G+%2B+HD+8570M+Dual&amp;id=3451
3283,Radeon HD 8550G + HD 8600/8700M Dual,655,170,,,Mobile,,,,,1651,9,,Aug 2015,Radeon+HD+8550G+%2B+HD+8600%2F8700M+Dual&amp;id=3283
3079,Radeon HD 8550G + HD 8600M Dual,594,322,,,Mobile,,,,,1730,22,,Dec 2014,Radeon+HD+8550G+%2B+HD+8600M+Dual&amp;id=3079
3455,Radeon HD 8550G + HD 8670M Dual,546,315,,,Mobile,,,,,1801,7,,Mar 2016,Radeon+HD+8550G+%2B+HD+8670M+Dual&amp;id=3455
3071,Radeon HD 8550G + HD 8750M Dual,819,336,,,Mobile,,,,,1487,21,,Dec 2014,Radeon+HD+8550G+%2B+HD+8750M+Dual&amp;id=3071
3272,Radeon HD 8550G + R5 M200 Dual,619,276,,,Unknown,,,,,1698,14,,Jul 2015,Radeon+HD+8550G+%2B+R5+M200+Dual&amp;id=3272
2996,Radeon HD 8550G + R5 M230 Dual,488,211,,,Unknown,,,,,1876,4,,Oct 2014,Radeon+HD+8550G+%2B+R5+M230+Dual&amp;id=2996
3208,Radeon HD 8550G N HD 8550G + HD 8600M N HD 8600M D,612,116,,,Mobile,,,,,1709,1,,May 2015,Radeon+HD+8550G+N+HD+8550G+%2B+HD+8600M+N+HD+8600M+D&amp;id=3208
2620,Radeon HD 8570,939,290,66,2048,Desktop,PCIe 3.0 x8,2048,730,730,1402,487,53.0,Aug 2013,Radeon+HD+8570&amp;id=2620
2722,Radeon HD 8570 + 8670D Dual,620,496,,,Unknown,,,,,1696,3,,Nov 2013,Radeon+HD+8570+%2B+8670D+Dual&amp;id=2722
2740,Radeon HD 8570 + HD 7660D Dual,949,467,,,Unknown,,,,,1391,1,,Nov 2013,Radeon+HD+8570+%2B+HD+7660D+Dual&amp;id=2740
2553,Radeon HD 8570D,393,135,,,Unknown,,,,,1973,1322,,Jun 2013,Radeon+HD+8570D&amp;id=2553
2969,Radeon HD 8570D + 6570 Dual,1239,459,,,Unknown,,,,,1246,2,,Oct 2014,Radeon+HD+8570D+%2B+6570+Dual&amp;id=2969
2961,Radeon HD 8570D + 6670 Dual,1040,505,,,Unknown,,,,,1342,1,,Sep 2014,Radeon+HD+8570D+%2B+6670+Dual&amp;id=2961
2965,Radeon HD 8570D + HD 6570 Dual,868,506,,,Unknown,,,,,1446,2,,Oct 2014,Radeon+HD+8570D+%2B+HD+6570+Dual&amp;id=2965
2975,Radeon HD 8570D + HD 6670 Dual,1261,537,,,Unknown,,,,,1238,4,,Oct 2014,Radeon+HD+8570D+%2B+HD+6670+Dual&amp;id=2975
3222,Radeon HD 8570D + HD 7000 Dual,753,465,,,Unknown,,,,,1553,2,,Jun 2015,Radeon+HD+8570D+%2B+HD+7000+Dual&amp;id=3222
3084,Radeon HD 8570D + HD 7700 Dual,1835,466,,,Unknown,,,,,1036,3,,Dec 2014,Radeon+HD+8570D+%2B+HD+7700+Dual&amp;id=3084
3624,Radeon HD 8570D + HD 8470 Dual,338,416,,,Unknown,,,,,2021,1,,Dec 2016,Radeon+HD+8570D+%2B+HD+8470+Dual&amp;id=3624
3484,Radeon HD 8570D + HD 8570 Dual,1033,520,,,Unknown,,,,,1345,3,,Apr 2016,Radeon+HD+8570D+%2B+HD+8570+Dual&amp;id=3484
3406,Radeon HD 8570D + HD8490 Dual,374,380,,,Unknown,,,,,1989,1,,Jan 2016,Radeon+HD+8570D+%2B+HD8490+Dual&amp;id=3406
3380,Radeon HD 8570D + R5 235 Dual,471,470,,,Unknown,,,,,1897,1,,Dec 2015,Radeon+HD+8570D+%2B+R5+235+Dual&amp;id=3380
2869,Radeon HD 8570D + R7 200 Dual,999,401,,,Unknown,,,,,1360,5,,May 2014,Radeon+HD+8570D+%2B+R7+200+Dual&amp;id=2869
3086,Radeon HD 8570D + R7 240 Dual,964,489,,,Unknown,,,,,1384,5,,Dec 2014,Radeon+HD+8570D+%2B+R7+240+Dual&amp;id=3086
3009,Radeon HD 8570M,452,164,,,Mobile,,,,,1916,39,,Feb 2015,Radeon+HD+8570M&amp;id=3009
2998,Radeon HD 8600/8700M,1030,554,,,Mobile,,,,,1347,80,,Nov 2014,Radeon+HD+8600%2F8700M&amp;id=2998
2568,Radeon HD 8610G,396,112,,,Unknown,,,,,1972,502,,Jul 2013,Radeon+HD+8610G&amp;id=2568
2585,Radeon HD 8610G + 8500M Dual,610,298,,,Mobile,,,,,1711,2,,Sep 2013,Radeon+HD+8610G+%2B+8500M+Dual&amp;id=2585
2723,Radeon HD 8610G + 8600M Dual,589,320,,,Mobile,,,,,1737,10,,Nov 2013,Radeon+HD+8610G+%2B+8600M+Dual&amp;id=2723
2778,Radeon HD 8610G + 8670M Dual,600,356,,,Mobile,,,,,1721,5,,Jan 2014,Radeon+HD+8610G+%2B+8670M+Dual&amp;id=2778
2929,Radeon HD 8610G + HD 8500M Dual,646,274,,,Mobile,,,,,1664,4,,Aug 2014,Radeon+HD+8610G+%2B+HD+8500M+Dual&amp;id=2929
3075,Radeon HD 8610G + HD 8600M Dual,481,156,,,Mobile,,,,,1880,18,,Dec 2014,Radeon+HD+8610G+%2B+HD+8600M+Dual&amp;id=3075
2773,Radeon HD 8610G + HD 8670M Dual,578,282,,,Mobile,,,,,1754,32,,Dec 2013,Radeon+HD+8610G+%2B+HD+8670M+Dual&amp;id=2773
3530,Radeon HD 8610G + R5 M200 Dual,676,291,,,Unknown,,,,,1635,4,,Jun 2016,Radeon+HD+8610G+%2B+R5+M200+Dual&amp;id=3530
2882,Radeon HD 8650D,396,259,,,Unknown,,,,,1969,10,,Jun 2014,Radeon+HD+8650D&amp;id=2882
2530,Radeon HD 8650G,507,139,,,Unknown,,,,,1851,848,,May 2013,Radeon+HD+8650G&amp;id=2530
2721,Radeon HD 8650G + 7600M Dual,742,404,,,Mobile,,,,,1568,5,,Nov 2013,Radeon+HD+8650G+%2B+7600M+Dual&amp;id=2721
2609,Radeon HD 8650G + 7670M Dual,884,379,,,Mobile,,,,,1438,6,,Aug 2013,Radeon+HD+8650G+%2B+7670M+Dual&amp;id=2609
2578,Radeon HD 8650G + 7700M Dual,1126,399,,,Mobile,,,,,1294,1,,Jul 2014,Radeon+HD+8650G+%2B+7700M+Dual&amp;id=2578
2685,Radeon HD 8650G + 8500M Dual,627,351,,,Mobile,,,,,1693,13,,Oct 2013,Radeon+HD+8650G+%2B+8500M+Dual&amp;id=2685
2711,Radeon HD 8650G + 8570M Dual,654,282,,,Mobile,,,,,1652,11,,Nov 2013,Radeon+HD+8650G+%2B+8570M+Dual&amp;id=2711
2600,Radeon HD 8650G + 8600/8700M Dual,832,374,,,Mobile,,,,,1474,26,,Jul 2013,Radeon+HD+8650G+%2B+8600%2F8700M+Dual&amp;id=2600
2696,Radeon HD 8650G + 8600M Dual,613,370,,,Mobile,,,,,1706,24,,Oct 2013,Radeon+HD+8650G+%2B+8600M+Dual&amp;id=2696
2630,Radeon HD 8650G + 8670M Dual,635,355,,,Mobile,,,,,1677,58,,Aug 2013,Radeon+HD+8650G+%2B+8670M+Dual&amp;id=2630
2602,Radeon HD 8650G + 8750M Dual,787,381,,,Mobile,,,,,1511,55,,Jul 2013,Radeon+HD+8650G+%2B+8750M+Dual&amp;id=2602
3165,Radeon HD 8650G + HD 7600M Dual,820,346,,,Mobile,,,,,1486,4,,Mar 2015,Radeon+HD+8650G+%2B+HD+7600M+Dual&amp;id=3165
3582,Radeon HD 8650G + HD 7670M Dual,634,305,,,Mobile,,,,,1678,2,,Sep 2016,Radeon+HD+8650G+%2B+HD+7670M+Dual&amp;id=3582
2955,Radeon HD 8650G + HD 8570M Dual,716,317,,,Mobile,,,,,1597,10,,Sep 2014,Radeon+HD+8650G+%2B+HD+8570M+Dual&amp;id=2955
2836,Radeon HD 8650G + HD 8600/8700M Dual,764,356,,,Mobile,,,,,1538,32,,Mar 2014,Radeon+HD+8650G+%2B+HD+8600%2F8700M+Dual&amp;id=2836
2956,Radeon HD 8650G + HD 8600M Dual,606,378,,,Mobile,,,,,1715,42,,Sep 2014,Radeon+HD+8650G+%2B+HD+8600M+Dual&amp;id=2956
2760,Radeon HD 8650G + HD 8600M N HD 8600M Dual,758,413,,,Mobile,,,,,1547,1,,Dec 2013,Radeon+HD+8650G+%2B+HD+8600M+N+HD+8600M+Dual&amp;id=2760
3381,Radeon HD 8650G + HD 8670M Dual,585,320,,,Mobile,,,,,1746,23,,Dec 2015,Radeon+HD+8650G+%2B+HD+8670M+Dual&amp;id=3381
2876,Radeon HD 8650G + HD 8750M Dual,652,233,,,Mobile,,,,,1655,60,,May 2014,Radeon+HD+8650G+%2B+HD+8750M+Dual&amp;id=2876
3031,Radeon HD 8650G + HD 8790M Dual,800,404,,,Mobile,,,,,1502,1,,Nov 2014,Radeon+HD+8650G+%2B+HD+8790M+Dual&amp;id=3031
3235,Radeon HD 8650G + R5 M200 Dual,723,323,,,Unknown,,,,,1587,4,,Jul 2015,Radeon+HD+8650G+%2B+R5+M200+Dual&amp;id=3235
2895,Radeon HD 8650G + R5 M230 Dual,686,374,,,Unknown,,,,,1620,13,,Jun 2014,Radeon+HD+8650G+%2B+R5+M230+Dual&amp;id=2895
2936,Radeon HD 8650G N HD 8650G + HD 8570M Dual,773,368,,,Mobile,,,,,1525,4,,Aug 2014,Radeon+HD+8650G+N+HD+8650G+%2B+HD+8570M+Dual&amp;id=2936
2758,Radeon HD 8650G N HD 8650G + HD 8600/8700M Dual,796,322,,,Mobile,,,,,1504,1,,Dec 2013,Radeon+HD+8650G+N+HD+8650G+%2B+HD+8600%2F8700M+Dual&amp;id=2758
2755,Radeon HD 8650G N HD 8650G + HD 8600M N HD 8600M D,680,347,,,Mobile,,,,,1629,2,,Dec 2013,Radeon+HD+8650G+N+HD+8650G+%2B+HD+8600M+N+HD+8600M+D&amp;id=2755
2543,Radeon HD 8670D,505,172,,,Unknown,,,,,1855,1081,,Jun 2013,Radeon+HD+8670D&amp;id=2543
2556,Radeon HD 8670D + 6670 Dual,1361,568,,,Unknown,,,,,1205,12,,Jun 2013,Radeon+HD+8670D+%2B+6670+Dual&amp;id=2556
3852,Radeon HD 8670D + 7000 Dual,812,488,,,Unknown,,,,,1494,1,,Nov 2017,Radeon+HD+8670D+%2B+7000+Dual&amp;id=3852
2572,Radeon HD 8670D + 7700 Dual,1789,572,,,Unknown,,,,,1055,6,,Jul 2013,Radeon+HD+8670D+%2B+7700+Dual&amp;id=2572
2831,Radeon HD 8670D + 8570 Dual,974,419,,,Unknown,,,,,1377,1,,Mar 2014,Radeon+HD+8670D+%2B+8570+Dual&amp;id=2831
2881,Radeon HD 8670D + HD 6670 Dual,1222,541,,,Unknown,,,,,1255,5,,May 2014,Radeon+HD+8670D+%2B+HD+6670+Dual&amp;id=2881
3157,Radeon HD 8670D + HD 7000 Dual,719,403,,,Unknown,,,,,1594,3,,Mar 2015,Radeon+HD+8670D+%2B+HD+7000+Dual&amp;id=3157
3835,Radeon HD 8670D + HD 7600 Dual,1318,472,,,Unknown,,,,,1216,1,,Oct 2017,Radeon+HD+8670D+%2B+HD+7600+Dual&amp;id=3835
3740,Radeon HD 8670D + HD 7700 Dual,1892,446,,,Unknown,,,,,1013,1,,Apr 2017,Radeon+HD+8670D+%2B+HD+7700+Dual&amp;id=3740
2984,Radeon HD 8670D + R5 235 Dual,837,518,,,Unknown,,,,,1470,5,,Oct 2014,Radeon+HD+8670D+%2B+R5+235+Dual&amp;id=2984
3704,Radeon HD 8670D + R5 330 Dual,746,494,,,Unknown,,,,,1560,1,,Mar 2017,Radeon+HD+8670D+%2B+R5+330+Dual&amp;id=3704
3093,Radeon HD 8670D + R7 200 Dual,950,506,,,Unknown,,,,,1389,10,,Dec 2014,Radeon+HD+8670D+%2B+R7+200+Dual&amp;id=3093
3003,Radeon HD 8670D + R7 240 Dual,1020,525,,,Unknown,,,,,1349,3,,Oct 2014,Radeon+HD+8670D+%2B+R7+240+Dual&amp;id=3003
2754,Radeon HD 8670D N HD 8670D + HD 8670D Dual,489,526,,,Unknown,,,,,1872,1,,Dec 2013,Radeon+HD+8670D+N+HD+8670D+%2B+HD+8670D+Dual&amp;id=2754
3002,Radeon HD 8670M,520,488,,1024,Mobile,PCIe 3.0 x8,1024,775,775,1832,20,,Dec 2014,Radeon+HD+8670M&amp;id=3002
3026,Radeon HD 8690A,520,127,,,Unknown,,,,,1834,1832,,May 2015,Radeon+HD+8690A&amp;id=3026
3141,Radeon HD 8690M,984,768,,,Mobile,,,,,1370,9,,Feb 2015,Radeon+HD+8690M&amp;id=3141
3020,Radeon HD 8730M,841,173,,2048,Mobile,PCIe 3.0 x8,2048,650,650,1466,361,,Jan 2015,Radeon+HD+8730M&amp;id=3020
2909,Radeon HD 8750M,1071,203,,2048,Mobile,PCIe 3.0 x8,2048,620775,620775,1324,714,,Jul 2014,Radeon+HD+8750M&amp;id=2909
3564,Radeon HD 8770,2607,925,,,Unknown,,,,,,1,,Aug 2016,Radeon+HD+8770&amp;id=3564
2993,Radeon HD 8790M,1306,751,,2048,Mobile,PCIe 3.0 x8,2048,850,850,1221,70,,Dec 2014,Radeon+HD+8790M&amp;id=2993
3271,Radeon HD 8790M / R9 M290X,1211,694,,,Mobile,,,,,1258,8,,Aug 2015,Radeon+HD+8790M+%2F+R9+M290X&amp;id=3271
3037,Radeon HD 8850M,973,502,,2048,Mobile,PCIe 3.0 x16,2048,575725,575725,1379,14,,Apr 2015,Radeon+HD+8850M&amp;id=3037
3420,Radeon HD 8850M / R9 M265X,1140,741,,,Mobile,,,,,1289,3,,Feb 2016,Radeon+HD+8850M+%2F+R9+M265X&amp;id=3420
2838,Radeon HD 8870M,1638,629,,2048,Mobile,PCIe 3.0 x16,2048,725,725,1103,15,,Mar 2014,Radeon+HD+8870M&amp;id=2838
2926,Radeon HD 8870M / R9 M270X / M370X,1800,679,,,Mobile,,,,,1049,88,,Aug 2014,Radeon+HD+8870M+%2F+R9+M270X+%2F+M370X&amp;id=2926
2927,Radeon HD 8950,2840,367,225,3072,Desktop,PCIe 3.0 x16,3072,850,850,773,163,,Aug 2014,Radeon+HD+8950&amp;id=2927
2865,Radeon HD 8970M,3876,807,100,4096,Mobile,PCIe 3.0 x16,4096,850,850,635,51,139.99,Apr 2014,Radeon+HD+8970M&amp;id=2865
2727,Radeon HD 8990,5214,658,375,3072,Desktop,PCIe 3.0 x16,3072,950,950,517,26,,Nov 2013,Radeon+HD+8990&amp;id=2727
3212,Radeon HD HD7850M,1727,567,,,Mobile,,,,,1069,2,,May 2015,Radeon+HD+HD7850M&amp;id=3212
605,Radeon HD4650,240,99,,,Unknown,,,,,2119,1,152.9,Mar 2012,Radeon+HD4650&amp;id=605
79,Radeon HD4670,366,585,,,Unknown,,,,,1997,1,,Aug 2012,Radeon+HD4670&amp;id=79
327,RADEON HD6370D,320,312,,,Unknown,,,,,2043,9,,Dec 2011,RADEON+HD6370D&amp;id=327
328,RADEON HD6410D,423,296,,,Unknown,,,,,1944,3,,Feb 2012,RADEON+HD6410D&amp;id=328
329,RADEON HD6530D,532,327,,,Unknown,,,,,1822,2,,Aug 2012,RADEON+HD6530D&amp;id=329
2790,RADEON HD7450,199,215,,,Unknown,,,,,2170,1,22.25,Jan 2014,RADEON+HD7450&amp;id=2790
3059,Radeon HD8530M,478,278,,,Mobile,,,,,1883,4,,Nov 2016,Radeon+HD8530M&amp;id=3059
3023,Radeon HD8970M,3369,663,,,Mobile,,,,,692,16,,Dec 2014,Radeon+HD8970M&amp;id=3023
3277,Radeon HDG 4670,170,197,,,Unknown,,,,,2208,1,,Aug 2015,Radeon+HDG+4670&amp;id=3277
2618,RADEON IGP 320,4,44,,,Unknown,,,,,2772,1,,Aug 2013,RADEON+IGP+320&amp;id=2618
607,Radeon IGP 320M,4,101,,,Mobile,,,,,2779,11,,Sep 2009,Radeon+IGP+320M&amp;id=607
1739,Radeon IGP 340M,3,102,,,Mobile,,,,,2815,4,,Apr 2009,Radeon+IGP+340M&amp;id=1739
1741,RADEON IGP 345M,3,82,,,Mobile,,,,,2804,21,,Jun 2009,RADEON+IGP+345M&amp;id=1741
1742,RADEON IGP 34xM,2,89,,,Mobile,,,,,2829,1,,Dec 2010,RADEON+IGP+34xM&amp;id=1742
1744,RADEON IGP 350M,6,136,,,Mobile,,,,,2710,2,,Aug 2009,RADEON+IGP+350M&amp;id=1744
3753,Radeon Infoshock 3000,107,475,,,Unknown,,,,,2358,2,,May 2017,Radeon+Infoshock+3000&amp;id=3753
4181,Radeon Instinct MI25 MxGPU,3792,265,,,Unknown,,,,,646,10,,Jan 2020,Radeon+Instinct+MI25+MxGPU&amp;id=4181
7375,Radeon Instinct MI60,14923,761,,,Desktop,,,,,175,3,,Oct 2025,Radeon+Instinct+MI60&amp;id=7375
3830,Radeon M535DX,750,288,,,Unknown,,,,,1555,1,,Jul 2019,Radeon+M535DX&amp;id=3830
4441,Radeon Pro,2548,596,,,Unknown,,,,,825,21,149.99,Jul 2021,Radeon+Pro&amp;id=4441
3683,Radeon Pro 450,2723,619,,,Unknown,,,,,793,3,,Feb 2017,Radeon+Pro+450&amp;id=3683
4024,Radeon Pro 455,3113,705,,,Unknown,,,,,736,2,449.0,Dec 2018,Radeon+Pro+455&amp;id=4024
3747,Radeon Pro 460,3453,679,,,Unknown,,,,,685,3,,May 2017,Radeon+Pro+460&amp;id=3747
4134,Radeon Pro 465,4538,562,,,Unknown,,,,,574,1,,Aug 2019,Radeon+Pro+465&amp;id=4134
4315,Radeon Pro 5300,7079,615,,,Unknown,,,,,395,16,,Nov 2020,Radeon+Pro+5300&amp;id=4315
4172,Radeon Pro 5300M,5803,562,85,4096,Mobile,PCIe 4.0 x8,4096,1000,1000,465,136,,Dec 2019,Radeon+Pro+5300M&amp;id=4172
4264,Radeon Pro 5500 XT,7872,614,,,Unknown,,,,,365,36,,Sep 2020,Radeon+Pro+5500+XT&amp;id=4264
4165,Radeon Pro 5500M,6714,642,85,8192,Mobile,PCIe 4.0 x8,8192,1000,1000,409,289,,Nov 2019,Radeon+Pro+5500M&amp;id=4165
3763,Radeon Pro 555,3141,659,,,Unknown,,,,,730,2,1049.0,Jun 2017,Radeon+Pro+555&amp;id=3763
3820,Radeon Pro 560,3475,724,,,Unknown,,,,,682,4,,Sep 2017,Radeon+Pro+560&amp;id=3820
4225,Radeon Pro 5600M,9230,656,50,8192,Mobile,PCIe 4.0 x16,8192,1000,1000,321,44,,Aug 2020,Radeon+Pro+5600M&amp;id=4225
4021,Radeon Pro 560X,3678,711,,,Unknown,,,,,664,2,,Dec 2018,Radeon+Pro+560X&amp;id=4021
4099,Radeon Pro 570,6337,697,,,Unknown,,,,,433,2,,May 2019,Radeon+Pro+570&amp;id=4099
4252,Radeon Pro 5700,11457,788,130,8192,Desktop,PCIe 4.0 x16,8192,1243,1243,262,6,,Aug 2020,Radeon+Pro+5700&amp;id=4252
4250,Radeon Pro 5700 XT,12457,800,130,16384,Desktop,PCIe 4.0 x16,16384,1243,1243,236,39,,Aug 2020,Radeon+Pro+5700+XT&amp;id=4250
3933,Radeon Pro 580,7753,943,,,Unknown,,,,,370,2,,May 2018,Radeon+Pro+580&amp;id=3933
4138,Radeon Pro 580X,7540,698,150,8192,Desktop,PCIe 3.0 x16,8192,1100,1100,384,1,,Sep 2019,Radeon+Pro+580X&amp;id=4138
3575,Radeon Pro Duo,8462,847,350,8192,Desktop,PCIe 3.0 x16,8192,1000,1000,346,720,3970.36,Sep 2016,Radeon+Pro+Duo&amp;id=3575
4656,Radeon PRO Ryzen 5 PRO 6650U,4140,792,,,Unknown,,,,,608,7,,Dec 2022,Radeon+PRO+Ryzen+5+PRO+6650U&amp;id=4656
4658,Radeon PRO Ryzen 7 PRO 6850U,5601,758,,,Unknown,,,,,480,87,,Dec 2022,Radeon+PRO+Ryzen+7+PRO+6850U&amp;id=4658
3985,Radeon Pro SSG,10972,588,,,Unknown,,,,,273,6,2410.15,Sep 2018,Radeon+Pro+SSG&amp;id=3985
4011,Radeon Pro V340 MxGPU,2853,118,,,Unknown,,,,,772,1,,Nov 2018,Radeon+Pro+V340+MxGPU&amp;id=4011
4328,Radeon Pro V520 MxGPU,12258,525,,,Unknown,,,,,242,9,,Dec 2020,Radeon+Pro+V520+MxGPU&amp;id=4328
8668,Radeon Pro V620,26519,1011,,,Desktop,,,,,42,3,,Apr 2026,Radeon+Pro+V620&amp;id=8668
5078,Radeon Pro V620 MxGPU,15633,653,,,Desktop,,,,,154,2,,Dec 2024,Radeon+Pro+V620+MxGPU&amp;id=5078
5342,Radeon PRO V710 MxGPU,7298,732,,,Desktop,,,,,390,4,,May 2025,Radeon+PRO+V710+MxGPU&amp;id=5342
4098,Radeon Pro Vega 16,4809,585,,,Unknown,,,,,552,2,,May 2019,Radeon+Pro+Vega+16&amp;id=4098
4016,Radeon Pro Vega 20,5219,573,,,Unknown,,,,,516,43,,Nov 2018,Radeon+Pro+Vega+20&amp;id=4016
4127,Radeon Pro Vega 48,11270,793,,,Unknown,,,,,266,17,,Aug 2019,Radeon+Pro+Vega+48&amp;id=4127
3912,Radeon Pro Vega 56,12060,843,,8192,Desktop,,8192,1247,1247,244,29,,Mar 2018,Radeon+Pro+Vega+56&amp;id=3912
3879,Radeon Pro Vega 64,12886,814,,,Unknown,,,,,221,28,,Jan 2018,Radeon+Pro+Vega+64&amp;id=3879
4417,Radeon Pro Vega 64X,13369,839,,,Unknown,,,,,212,3,,Jun 2021,Radeon+Pro+Vega+64X&amp;id=4417
4189,Radeon Pro Vega II,15618,765,,,Unknown,,,,,155,8,,Feb 2020,Radeon+Pro+Vega+II&amp;id=4189
4758,Radeon Pro Vega II Duo,13690,868,,,Unknown,,,,,199,3,,Feb 2023,Radeon+Pro+Vega+II+Duo&amp;id=4758
4306,Radeon Pro VII,13625,748,,,Unknown,,,,,202,73,,Nov 2020,Radeon+Pro+VII&amp;id=4306
4192,Radeon Pro W5500,8956,826,125,8192,Desktop,PCIe 4.0 x8,8192,1187,1187,332,301,195.99,Feb 2020,Radeon+Pro+W5500&amp;id=4192
4180,Radeon Pro W5500M,3470,482,85,4096,Mobile,PCIe 4.0 x8,4096,1000,1000,683,4,,Jan 2020,Radeon+Pro+W5500M&amp;id=4180
4909,Radeon Pro W5500X,7351,729,,8192,Unknown,,8192,1187,1187,389,2,,Aug 2023,Radeon+Pro+W5500X&amp;id=4909
4182,Radeon Pro W5700,14127,912,205,8192,Desktop,PCIe 4.0 x16,8192,1243,1243,187,401,255.0,Jan 2020,Radeon+Pro+W5700&amp;id=4182
4641,Radeon Pro W5700X,15179,892,,,Unknown,,,,,165,7,,Dec 2022,Radeon+Pro+W5700X&amp;id=4641
4831,Radeon PRO W6300,5560,667,25,2048,"Mobile, Workstation",PCIe 4.0 x4,2048,1512,1512,484,8,,Jan 2022,Radeon+PRO+W6300&amp;id=4831
4530,Radeon PRO W6400,8385,900,,,Unknown,,,,,349,170,,Apr 2022,Radeon+PRO+W6400&amp;id=4530
4445,Radeon PRO W6600,14958,949,,,Unknown,,,,,174,187,,Aug 2021,Radeon+PRO+W6600&amp;id=4445
4995,Radeon PRO W6600M,11998,700,,,Mobile,,,,,246,15,,Feb 2024,Radeon+PRO+W6600M&amp;id=4995
4609,Radeon PRO W6600X,13113,856,,,Unknown,,,,,217,2,,Oct 2022,Radeon+PRO+W6600X&amp;id=4609
4411,Radeon PRO W6800,20173,931,,,Unknown,,,,,86,137,2590.0,Jun 2021,Radeon+PRO+W6800&amp;id=4411
7802,Radeon Pro W6800X,16619,817,,,Desktop,,,,,135,4,,Dec 2025,Radeon+Pro+W6800X&amp;id=7802
5209,Radeon Pro W6800X Duo,14742,801,,,Desktop,,,,,179,2,,Nov 2024,Radeon+Pro+W6800X+Duo&amp;id=5209
6001,Radeon Pro W6900X,17413,782,,,Desktop,,,,,,1,,Mar 2025,Radeon+Pro+W6900X&amp;id=6001
4890,Radeon PRO W7500,13220,1158,70,8192,Workstation,PCIe 4.0 x8,8192,1500,1500,216,114,,Aug 2023,Radeon+PRO+W7500&amp;id=4890
4889,Radeon PRO W7600,16428,1046,,,Unknown,,,,,140,88,,Aug 2023,Radeon+PRO+W7600&amp;id=4889
4968,Radeon PRO W7700,22868,1299,,,Unknown,,,,,63,85,,Jan 2024,Radeon+PRO+W7700&amp;id=4968
4836,Radeon PRO W7800,27300,1180,,,Unknown,,,,,34,39,,Jun 2023,Radeon+PRO+W7800&amp;id=4836
4833,Radeon PRO W7900,27793,1144,,,Unknown,,,,,31,83,,May 2023,Radeon+PRO+W7900&amp;id=4833
6835,Radeon PRO W7900 Dual Slot,13182,534,,,Desktop,,,,,,1,,Aug 2025,Radeon+PRO+W7900+Dual+Slot&amp;id=6835
3794,Radeon Pro WX 2100,1892,387,35,2048,Mobile,PCIe 3.0 x8,2048,925,925,1012,275,,Aug 2017,Radeon+Pro+WX+2100&amp;id=3794
3783,Radeon Pro WX 3100,2623,416,50,4096,Workstation,PCIe 3.0 x16,4096,1219,1219,809,417,,Jul 2017,Radeon+Pro+WX+3100&amp;id=3783
4065,Radeon Pro WX 3200,2235,379,65,4096,Mobile,PCIe 3.0 x8,4096,1295,1295,902,55,190.37,Nov 2019,Radeon+Pro+WX+3200&amp;id=4065
3694,Radeon Pro WX 4100,3693,636,50,4096,Workstation,PCIe 3.0 x8,4096,1125,1125,659,270,129.0,Mar 2017,Radeon+Pro+WX+4100&amp;id=3694
3798,Radeon Pro WX 4130,1909,347,50,4096,Mobile,PCIe 3.0 x8,4096,1002,1002,1004,46,,Aug 2017,Radeon+Pro+WX+4130&amp;id=3798
3787,Radeon Pro WX 4150,2556,360,50,4096,Mobile,PCIe 3.0 x8,4096,1002,1002,822,73,610.04,Jul 2017,Radeon+Pro+WX+4150&amp;id=3787
4169,Radeon Pro WX 4170,2870,316,50,4096,Mobile,PCIe 3.0 x8,4096,1002,1002,770,4,,Dec 2019,Radeon+Pro+WX+4170&amp;id=4169
3619,Radeon Pro WX 5100,5489,782,75,8096,Workstation,PCIe 3.0 x16,8096,,,492,416,359.99,Dec 2016,Radeon+Pro+WX+5100&amp;id=3619
3611,Radeon Pro WX 7100,7705,776,130,8192,Workstation,PCIe 3.0 x16,8192,1188,1188,375,450,210.99,Nov 2016,Radeon+Pro+WX+7100&amp;id=3611
4129,Radeon Pro WX 7130,6271,434,130,8192,Mobile,PCIe 3.0 x16,8192,1188,1188,437,16,,Jan 2020,Radeon+Pro+WX+7130&amp;id=4129
3976,Radeon Pro WX 8200,12474,742,230,8192,Desktop,PCIe 3.0 x16,8192,1200,1200,234,110,1599.39,Aug 2018,Radeon+Pro+WX+8200&amp;id=3976
3833,Radeon Pro WX 9100,11720,725,230,16384,Desktop,PCIe 3.0 x16,16384,1200,1200,254,125,,Oct 2017,Radeon+Pro+WX+9100&amp;id=3833
4019,Radeon Pro WX Vega M GL,4618,320,65,4096,Mobile,Integrated,4096,931,931,569,12,,Jun 2019,Radeon+Pro+WX+Vega+M+GL&amp;id=4019
3701,Radeon R1E,301,179,,,Unknown,,,,,2057,7,,Mar 2017,Radeon+R1E&amp;id=3701
2915,Radeon R2,257,67,,,Unknown,,,,,2107,1181,,Jul 2014,Radeon+R2&amp;id=2915
2900,Radeon R2E,211,88,,,Unknown,,,,,2154,15,,Jul 2014,Radeon+R2E&amp;id=2900
2914,Radeon R3,317,95,,,Unknown,,,,,2048,915,,Jul 2014,Radeon+R3&amp;id=2914
3118,Radeon R3E,225,87,,,Unknown,,,,,2133,9,,Jan 2015,Radeon+R3E&amp;id=3118
2902,Radeon R4,350,98,,,Unknown,,,,,2010,2292,396.99,Jul 2014,Radeon+R4&amp;id=2902
3846,Radeon R4E,487,366,,,Unknown,,,,,1877,1,,Nov 2017,Radeon+R4E&amp;id=3846
3123,Radeon R5 220,150,111,19,1024,Desktop,PCIe 2.0 x16,1024,650,650,2241,2913,85.26,Feb 2015,Radeon+R5+220&amp;id=3123
3885,Radeon R5 230,202,172,,,Unknown,,,,,2166,7,54.99,Jan 2018,Radeon+R5+230&amp;id=3885
2826,Radeon R5 235,336,164,35,1024,Desktop,PCIe 2.0 x16,1024,775,775,2024,70,60.13,Feb 2014,Radeon+R5+235&amp;id=2826
2871,Radeon R5 235 + HD 7560D Dual,744,441,,,Unknown,,,,,1564,4,,May 2014,Radeon+R5+235+%2B+HD+7560D+Dual&amp;id=2871
3269,Radeon R5 235 + HD 8570D Dual,738,486,,,Unknown,,,,,1573,1,,Jul 2015,Radeon+R5+235+%2B+HD+8570D+Dual&amp;id=3269
3080,Radeon R5 235X,277,202,18,1024,Desktop,PCIe 2.1 x16,1024,875,875,2082,11,,Dec 2014,Radeon+R5+235X&amp;id=3080
2948,Radeon R5 240,561,196,50,2048,Desktop,PCIe 3.0 x16,2048,730,730,1779,442,51.02,Sep 2014,Radeon+R5+240&amp;id=2948
3391,Radeon R5 310,332,545,,,Unknown,,,,,2029,18,499.0,Dec 2015,Radeon+R5+310&amp;id=3391
3270,Radeon R5 330,526,176,30,2048,Desktop,PCIe 3.0 x16,2048,,,1826,17,339.99,May 2017,Radeon+R5+330&amp;id=3270
3590,Radeon R5 340,857,329,,,Unknown,,,,,1453,19,,Oct 2016,Radeon+R5+340&amp;id=3590
3837,Radeon R5 420,575,230,,,Unknown,,,,,1761,5,39.95,Oct 2017,Radeon+R5+420&amp;id=3837
3801,Radeon R5 430,882,303,,,Unknown,,,,,1439,416,59.0,Aug 2017,Radeon+R5+430&amp;id=3801
3601,Radeon R5 435,773,230,,,Unknown,,,,,1524,6,,Jul 2020,Radeon+R5+435&amp;id=3601
3616,Radeon R5 A10-9600P 4C+6G,619,146,,,Unknown,,,,,1699,329,,Dec 2016,Radeon+R5+A10-9600P+4C%2B6G&amp;id=3616
4291,"Radeon R5 A10-9600P RADEON R5, 10 COMPUTE CORES 4C",703,150,,,Unknown,,,,,1609,112,,Sep 2020,Radeon+R5+A10-9600P+RADEON+R5%2C+10+COMPUTE+CORES+4C&amp;id=4291
3793,Radeon R5 A10-9620P 4C+6G,732,196,,,Unknown,,,,,1578,98,,Aug 2017,Radeon+R5+A10-9620P+4C%2B6G&amp;id=3793
4294,"Radeon R5 A10-9620P RADEON R5, 10 COMPUTE CORES 4C",650,159,,,Unknown,,,,,1658,62,,Sep 2020,Radeon+R5+A10-9620P+RADEON+R5%2C+10+COMPUTE+CORES+4C&amp;id=4294
3785,Radeon R5 A10-9630P 4C+6G,977,270,,,Unknown,,,,,1375,13,,Jul 2017,Radeon+R5+A10-9630P+4C%2B6G&amp;id=3785
4475,"Radeon R5 A10-9630P RADEON R5, 10 COMPUTE CORES 4C",840,180,,,Unknown,,,,,1467,9,,Nov 2021,Radeon+R5+A10-9630P+RADEON+R5%2C+10+COMPUTE+CORES+4C&amp;id=4475
3497,Radeon R5 A240,576,802,,,Unknown,,,,,1759,1,,Aug 2016,Radeon+R5+A240&amp;id=3497
4075,Radeon R5 A6-7480,678,177,,,Unknown,,,,,1632,69,,Apr 2019,Radeon+R5+A6-7480&amp;id=4075
3984,Radeon R5 A6-8500P,587,190,,,Unknown,,,,,1744,6,,Sep 2018,Radeon+R5+A6-8500P&amp;id=3984
4183,"Radeon R5 A6-9400 RADEON R5, 6 COMPUTE CORES 2C+4G",605,271,,,Unknown,,,,,1718,4,,Jan 2020,Radeon+R5+A6-9400+RADEON+R5%2C+6+COMPUTE+CORES+2C%2B4G&amp;id=4183
3834,Radeon R5 A6-9500 2C+6G,853,249,,,Unknown,,,,,1456,24,,Oct 2017,Radeon+R5+A6-9500+2C%2B6G&amp;id=3834
4317,"Radeon R5 A6-9500 RADEON R5, 8 COMPUTE CORES 2C+6G",915,207,,,Unknown,,,,,1415,26,,Nov 2020,Radeon+R5+A6-9500+RADEON+R5%2C+8+COMPUTE+CORES+2C%2B6G&amp;id=4317
3997,Radeon R5 A6-9500E 2C+4G,1015,438,,,Unknown,,,,,1352,1,,Oct 2018,Radeon+R5+A6-9500E+2C%2B4G&amp;id=3997
4635,"Radeon R5 A6-9500E RADEON R5, 6 COMPUTE CORES 2C+4",721,224,,,Unknown,,,,,1589,6,,Dec 2022,Radeon+R5+A6-9500E+RADEON+R5%2C+6+COMPUTE+CORES+2C%2B4&amp;id=4635
3025,Radeon R5 M230,431,128,,4096,Mobile,PCIe 3.0 x8,4096,780,780,1937,128,,Dec 2014,Radeon+R5+M230&amp;id=3025
3060,Radeon R5 M240,488,139,,,Unknown,,,,,1874,25,,Aug 2015,Radeon+R5+M240&amp;id=3060
3041,Radeon R5 M255,541,132,,4096,Mobile,PCIe 3.0 x8,4096,,,1810,166,,Dec 2014,Radeon+R5+M255&amp;id=3041
3487,Radeon R5 M315,502,141,,,Unknown,,,,,1859,24,,Jul 2016,Radeon+R5+M315&amp;id=3487
3313,Radeon R5 M320,477,142,,,Unknown,,,,,1888,46,,Sep 2015,Radeon+R5+M320&amp;id=3313
3207,Radeon R5 M330,596,519,18,4096,Mobile,PCIe 3.0 x16,4096,,,1727,133,,Aug 2015,Radeon+R5+M330&amp;id=3207
3332,Radeon R5 M335,549,577,,4096,Mobile,PCIe 3.0 x6,4096,1070,1070,1797,33,,Nov 2015,Radeon+R5+M335&amp;id=3332
3585,Radeon R5 M420,501,137,,,Unknown,,,,,1861,64,,Nov 2017,Radeon+R5+M420&amp;id=3585
3552,Radeon R5 M430,649,516,,,Unknown,,,,,1661,49,,Aug 2016,Radeon+R5+M430&amp;id=3552
3956,Radeon R5 M435,870,171,,,Unknown,,,,,1443,79,,Jul 2018,Radeon+R5+M435&amp;id=3956
3804,Radeon R5 Opteron X3216,416,171,,,Unknown,,,,,1953,14,,Aug 2017,Radeon+R5+Opteron+X3216&amp;id=3804
3646,Radeon R5 PRO A10-8730B 4C+6G,695,201,,,Unknown,,,,,1611,23,,Jan 2017,Radeon+R5+PRO+A10-8730B+4C%2B6G&amp;id=3646
4305,"Radeon R5 PRO A10-8730B R5, 10 COMPUTE CORES 4C+6G",591,138,,,Unknown,,,,,1734,39,,Nov 2020,Radeon+R5+PRO+A10-8730B+R5%2C+10+COMPUTE+CORES+4C%2B6G&amp;id=4305
3722,Radeon R5 PRO A6-8500B 2C+4G,508,416,,,Unknown,,,,,1849,1,,Apr 2017,Radeon+R5+PRO+A6-8500B+2C%2B4G&amp;id=3722
4645,"Radeon R5 PRO A6-8500B R5, 6 Compute Cores 2C+4G",511,140,,,Unknown,,,,,1844,4,,Dec 2022,Radeon+R5+PRO+A6-8500B+R5%2C+6+Compute+Cores+2C%2B4G&amp;id=4645
3666,Radeon R5 PRO A6-8530B 2C+4G,690,354,,,Unknown,,,,,1615,3,,Jan 2017,Radeon+R5+PRO+A6-8530B+2C%2B4G&amp;id=3666
4959,"Radeon R5 PRO A6-8530B R5, 6 COMPUTE CORES 2C+4G",465,132,,,Unknown,,,,,1904,5,,Dec 2023,Radeon+R5+PRO+A6-8530B+R5%2C+6+COMPUTE+CORES+2C%2B4G&amp;id=4959
3667,Radeon R5 PRO A6-8570 2C+6G,847,292,,,Unknown,,,,,1464,5,,Jan 2017,Radeon+R5+PRO+A6-8570+2C%2B6G&amp;id=3667
4377,"Radeon R5 PRO A6-8570 R5, 8 COMPUTE CORES 2C+6G",988,231,,,Unknown,,,,,1367,19,,Mar 2021,Radeon+R5+PRO+A6-8570+R5%2C+8+COMPUTE+CORES+2C%2B6G&amp;id=4377
3649,Radeon R5 PRO A6-8570E 2C+4G,638,268,,,Unknown,,,,,1671,3,,Jan 2017,Radeon+R5+PRO+A6-8570E+2C%2B4G&amp;id=3649
4339,"Radeon R5 PRO A6-8570E R5, 6 COMPUTE CORES 2C+4G",643,179,,,Unknown,,,,,1667,13,,Jan 2021,Radeon+R5+PRO+A6-8570E+R5%2C+6+COMPUTE+CORES+2C%2B4G&amp;id=4339
8894,"Radeon R5 PRO A6-8580 R5, 8 COMPUTE CORES 2C+6G",661,204,,,Desktop,,,,,,1,,Jun 2026,Radeon+R5+PRO+A6-8580+R5%2C+8+COMPUTE+CORES+2C%2B6G&amp;id=8894
3668,Radeon R5 PRO A6-9500 2C+6G,1096,353,,,Unknown,,,,,1307,9,,Jan 2017,Radeon+R5+PRO+A6-9500+2C%2B6G&amp;id=3668
4412,"Radeon R5 PRO A6-9500 R5, 8 COMPUTE CORES 2C+6G",755,179,,,Unknown,,,,,1550,15,,Jun 2021,Radeon+R5+PRO+A6-9500+R5%2C+8+COMPUTE+CORES+2C%2B6G&amp;id=4412
3715,Radeon R5 PRO A6-9500B 2C+4G,693,323,,,Unknown,,,,,1612,2,,Mar 2017,Radeon+R5+PRO+A6-9500B+2C%2B4G&amp;id=3715
4326,"Radeon R5 PRO A6-9500B R5, 6 COMPUTE CORES 2C+4G",413,121,,,Unknown,,,,,1956,17,,Dec 2020,Radeon+R5+PRO+A6-9500B+R5%2C+6+COMPUTE+CORES+2C%2B4G&amp;id=4326
3669,Radeon R5 PRO A6-9500E 2C+4G,771,288,,,Unknown,,,,,1534,8,,Jan 2017,Radeon+R5+PRO+A6-9500E+2C%2B4G&amp;id=3669
3660,Radeon R5 PRO A8-9600B 4C+6G,659,224,,,Unknown,,,,,1648,48,,Jan 2017,Radeon+R5+PRO+A8-9600B+4C%2B6G&amp;id=3660
4346,"Radeon R5 PRO A8-9600B R5, 10 COMPUTE CORES 4C+6G",569,143,,,Unknown,,,,,1768,13,,Feb 2021,Radeon+R5+PRO+A8-9600B+R5%2C+10+COMPUTE+CORES+4C%2B6G&amp;id=4346
2904,Radeon R5E,320,98,,,Unknown,,,,,2045,62,,Jul 2014,Radeon+R5E&amp;id=2904
2899,Radeon R6,606,135,15,0,"Desktop, Mobile",Integrated,0,533,533,1716,1352,,Jul 2014,Radeon+R6&amp;id=2899
3156,Radeon R6 + R7 M265DX Dual,571,328,,,Unknown,,,,,1767,2,,Mar 2015,Radeon+R6+%2B+R7+M265DX+Dual&amp;id=3156
3615,Radeon R6 A10-8700P,540,136,,,Unknown,,,,,1811,324,,Dec 2016,Radeon+R6+A10-8700P&amp;id=3615
4020,Radeon R6 A10-9600P 4C+6G,970,336,,,Unknown,,,,,1381,1,,Dec 2018,Radeon+R6+A10-9600P+4C%2B6G&amp;id=4020
3689,Radeon R6 A8-8600P,475,151,,,Unknown,,,,,1890,7,,Feb 2017,Radeon+R6+A8-8600P&amp;id=3689
3134,Radeon R6 M255DX,605,116,,,Unknown,,,,,1717,11,,Sep 2019,Radeon+R6+M255DX&amp;id=3134
4067,Radeon R6 Opteron X3418,955,399,,,Unknown,,,,,1386,3,,Apr 2019,Radeon+R6+Opteron+X3418&amp;id=4067
3626,Radeon R6 PRO A10-8700B 4C+6G,538,146,,,Unknown,,,,,1812,53,,Dec 2016,Radeon+R6+PRO+A10-8700B+4C%2B6G&amp;id=3626
4280,"Radeon R6 PRO A10-8700B R6, 10 Compute Cores 4C+6G",546,133,,,Unknown,,,,,1802,47,,Sep 2020,Radeon+R6+PRO+A10-8700B+R6%2C+10+Compute+Cores+4C%2B6G&amp;id=4280
3635,Radeon R6 PRO A8-8600B 4C+6G,532,158,,,Unknown,,,,,1821,46,,Dec 2016,Radeon+R6+PRO+A8-8600B+4C%2B6G&amp;id=3635
4303,"Radeon R6 PRO A8-8600B R6, 10 Compute Cores 4C+6G",574,144,,,Unknown,,,,,1763,30,,Oct 2020,Radeon+R6+PRO+A8-8600B+R6%2C+10+Compute+Cores+4C%2B6G&amp;id=4303
3073,Radeon R7 + HD 7700 Dual,1962,498,,,Unknown,,,,,985,6,,Dec 2014,Radeon+R7+%2B+HD+7700+Dual&amp;id=3073
3443,Radeon R7 + R5 330 Dual,1028,531,,,Unknown,,,,,1348,4,,Mar 2016,Radeon+R7+%2B+R5+330+Dual&amp;id=3443
3756,Radeon R7 + R5 340 Dual,1235,471,,,Unknown,,,,,1249,1,,May 2017,Radeon+R7+%2B+R5+340+Dual&amp;id=3756
3702,Radeon R7 + R5 435 Dual A10-9700 RADEON,886,480,,,Unknown,,,,,1436,5,,Mar 2017,Radeon+R7+%2B+R5+435+Dual+A10-9700+RADEON&amp;id=3702
3725,Radeon R7 + R5 Dual,898,496,,,Unknown,,,,,1428,1,,Apr 2017,Radeon+R7+%2B+R5+Dual&amp;id=3725
9149,Radeon R7 + R5 M435 Dual A8-9600 RADEON,550,189,,,Desktop,,,,,1796,1,,Jul 2026,Radeon+R7+%2B+R5+M435+Dual+A8-9600+RADEON&amp;id=9149
3056,Radeon R7 + R7 200 Dual,1077,282,,,Unknown,,,,,1318,128,,Nov 2014,Radeon+R7+%2B+R7+200+Dual&amp;id=3056
3200,Radeon R7 + R7 240 Dual,1045,374,,,Unknown,,,,,1340,9,,Apr 2015,Radeon+R7+%2B+R7+240+Dual&amp;id=3200
3526,Radeon R7 + R7 250 Dual,1232,576,,,Unknown,,,,,1250,1,,Jun 2016,Radeon+R7+%2B+R7+250+Dual&amp;id=3526
3618,Radeon R7 + R7 350 Dual,1982,552,,,Unknown,,,,,978,2,,Dec 2016,Radeon+R7+%2B+R7+350+Dual&amp;id=3618
3603,Radeon R7 +8G,1191,460,,,Unknown,,,,,1267,1,,Nov 2016,Radeon+R7+%2B8G&amp;id=3603
2713,Radeon R7 240,898,281,30,2048,Desktop,PCIe 3.0 x16,2048,730,730,1427,3915,89.99,Oct 2013,Radeon+R7+240&amp;id=2713
2949,Radeon R7 240 + HD 8570D Dual,918,352,,,Unknown,,,,,1413,3,,Sep 2014,Radeon+R7+240+%2B+HD+8570D+Dual&amp;id=2949
2814,Radeon R7 240 + HD 8670D Dual,930,471,,,Unknown,,,,,1408,4,,Feb 2014,Radeon+R7+240+%2B+HD+8670D+Dual&amp;id=2814
2768,Radeon R7 250,1048,285,75,2048,Desktop,PCIe 3.0 x16,2048,1000,1000,1338,3313,101.05,Nov 2013,Radeon+R7+250&amp;id=2768
3286,Radeon R7 250X,2269,637,95,2048,Desktop,PCIe 3.0 x16,2048,1000,1000,890,2,194.0,Aug 2015,Radeon+R7+250X&amp;id=3286
2903,Radeon R7 260,2892,559,95,1024,Desktop,PCIe 3.0 x16,1024,1000,1000,767,107,89.99,Jul 2014,Radeon+R7+260&amp;id=2903
2701,Radeon R7 260X,3202,520,115,2048,Desktop,PCIe 3.0 x16,2048,1100,1100,719,5198,139.99,Oct 2013,Radeon+R7+260X&amp;id=2701
3543,Radeon R7 340,953,347,,,Unknown,,,,,1387,20,,Jul 2016,Radeon+R7+340&amp;id=3543
3233,Radeon R7 360,3121,527,100,2048,Desktop,PCIe 3.0 x16,2048,1050,1050,733,2107,145.99,Jun 2015,Radeon+R7+360&amp;id=3233
3471,Radeon R7 370,4483,617,150,,Desktop,PCIe 3.0 x16,,,,581,4148,,Apr 2016,Radeon+R7+370&amp;id=3471
3751,Radeon R7 430,1083,362,,,Unknown,,,,,1312,287,59.0,May 2017,Radeon+R7+430&amp;id=3751
3588,Radeon R7 450,1876,533,65,2048,Desktop,PCIe 3.0 x16,2048,1050,1050,1017,274,299.0,Oct 2016,Radeon+R7+450&amp;id=3588
4054,Radeon R7 7850A10-7850K,551,506,,,Unknown,,,,,1792,1,,Feb 2019,Radeon+R7+7850A10-7850K&amp;id=4054
3617,Radeon R7 A10 Extreme Edition,773,200,,,Unknown,,,,,1528,19,,Dec 2016,Radeon+R7+A10+Extreme+Edition&amp;id=3617
3013,Radeon R7 A10 PRO-7800B,723,217,,,Unknown,,,,,1585,60,,Oct 2014,Radeon+R7+A10+PRO-7800B&amp;id=3013
3032,Radeon R7 A10 PRO-7850B,822,295,,,Unknown,,,,,1483,16,,Nov 2014,Radeon+R7+A10+PRO-7850B&amp;id=3032
3052,Radeon R7 A10-7700K,772,218,,,Unknown,,,,,1530,324,,Nov 2014,Radeon+R7+A10-7700K&amp;id=3052
3029,Radeon R7 A10-7800,742,192,,,Unknown,,,,,1569,409,,Nov 2014,Radeon+R7+A10-7800&amp;id=3029
2972,Radeon R7 A10-7850K,917,266,95,16384,Desktop,On-Die,16384,720,720,1414,783,,Oct 2014,Radeon+R7+A10-7850K&amp;id=2972
3447,Radeon R7 A10-7860K,869,217,,,Unknown,,,,,1445,313,,Mar 2016,Radeon+R7+A10-7860K&amp;id=3447
3220,Radeon R7 A10-7870K,1054,260,,,Unknown,,,,,1334,474,,Jun 2015,Radeon+R7+A10-7870K&amp;id=3220
3468,Radeon R7 A10-7890K,988,274,,,Unknown,,,,,1366,168,,Apr 2016,Radeon+R7+A10-7890K&amp;id=3468
3316,Radeon R7 A10-8750,856,216,,,Unknown,,,,,1454,59,,Sep 2015,Radeon+R7+A10-8750&amp;id=3316
8589,Radeon R7 A10-8780P,589,164,,,Desktop,,,,,,1,,Apr 2026,Radeon+R7+A10-8780P&amp;id=8589
3504,Radeon R7 A10-8850,773,277,,,Unknown,,,,,1527,5,,Jan 2017,Radeon+R7+A10-8850&amp;id=3504
3711,Radeon R7 A10-9700 RADEON,899,216,,,Unknown,,,,,1426,213,,Mar 2017,Radeon+R7+A10-9700+RADEON&amp;id=3711
3877,Radeon R7 A10-9700E RADEON,887,237,,,Unknown,,,,,1434,14,,Jan 2018,Radeon+R7+A10-9700E+RADEON&amp;id=3877
3614,Radeon R7 A12-9700P RADEON,688,159,,,Unknown,,,,,1618,237,435.92,Dec 2016,Radeon+R7+A12-9700P+RADEON&amp;id=3614
3781,Radeon R7 A12-9720P RADEON,736,170,,,Unknown,,,,,1575,458,365.48,Jul 2017,Radeon+R7+A12-9720P+RADEON&amp;id=3781
3777,Radeon R7 A12-9730P RADEON,976,251,,,Unknown,,,,,1376,16,,Jul 2017,Radeon+R7+A12-9730P+RADEON&amp;id=3777
3680,Radeon R7 A12-9800 RADEON,1072,263,,,Unknown,,,,,1322,89,,Feb 2017,Radeon+R7+A12-9800+RADEON&amp;id=3680
3816,Radeon R7 A12-9800E RADEON,943,226,,,Unknown,,,,,1398,23,139.19,Sep 2017,Radeon+R7+A12-9800E+RADEON&amp;id=3816
3069,Radeon R7 A265,977,390,,,Unknown,,,,,1374,6,,Jun 2015,Radeon+R7+A265&amp;id=3069
3248,Radeon R7 A360,616,215,,,Unknown,,,,,1704,8,,Mar 2017,Radeon+R7+A360&amp;id=3248
3438,Radeon R7 A365,781,763,,,Unknown,,,,,1517,1,,Feb 2016,Radeon+R7+A365&amp;id=3438
3482,Radeon R7 A370,1281,742,,,Unknown,,,,,1229,2,,Jun 2016,Radeon+R7+A370&amp;id=3482
3048,Radeon R7 A8 PRO-7600B,634,174,,,Unknown,,,,,1679,124,,Nov 2014,Radeon+R7+A8+PRO-7600B&amp;id=3048
3681,Radeon R7 A8-7500,811,264,,,Unknown,,,,,1495,8,,Feb 2017,Radeon+R7+A8-7500&amp;id=3681
3745,Radeon R7 A8-7500 4C+6G,853,390,,,Unknown,,,,,1457,3,,Apr 2017,Radeon+R7+A8-7500+4C%2B6G&amp;id=3745
3007,Radeon R7 A8-7600,763,207,,,Unknown,,,,,1539,1070,,Oct 2014,Radeon+R7+A8-7600&amp;id=3007
3159,Radeon R7 A8-7650K,748,212,,,Unknown,,,,,1557,329,,Mar 2015,Radeon+R7+A8-7650K&amp;id=3159
3302,Radeon R7 A8-7670K,850,286,,,Unknown,,,,,1461,73,,Sep 2015,Radeon+R7+A8-7670K&amp;id=3302
4060,Radeon R7 A8-7680,784,193,,,Unknown,,,,,1513,79,,Mar 2019,Radeon+R7+A8-7680&amp;id=4060
4830,Radeon R7 A8-7690K,1141,336,,,Unknown,,,,,,1,,May 2023,Radeon+R7+A8-7690K&amp;id=4830
4888,Radeon R7 A8-7A8-7600,583,191,,,Unknown,,,,,,1,,Aug 2023,Radeon+R7+A8-7A8-7600&amp;id=4888
3410,Radeon R7 A8-8650,719,329,,,Unknown,,,,,1593,53,,Jan 2016,Radeon+R7+A8-8650&amp;id=3410
3733,Radeon R7 A8-9600 RADEON,867,204,,,Unknown,,,,,1448,233,,Apr 2017,Radeon+R7+A8-9600+RADEON&amp;id=3733
3631,Radeon R7 FX-8800P,826,189,,,Unknown,,,,,1479,134,,Dec 2016,Radeon+R7+FX-8800P&amp;id=3631
3623,Radeon R7 FX-9800P RADEON,763,186,,,Unknown,,,,,1542,112,530.0,Dec 2016,Radeon+R7+FX-9800P+RADEON&amp;id=3623
3632,Radeon R7 FX-9830P RADEON,1328,224,,,Unknown,,,,,1215,104,,Dec 2016,Radeon+R7+FX-9830P+RADEON&amp;id=3632
3254,Radeon R7 G,870,532,,,Unknown,,,,,1444,1,,Sep 2015,Radeon+R7+G&amp;id=3254
3030,Radeon R7 M260,535,129,,4096,Mobile,PCIe 3.0 x8,4096,,,1814,462,799.0,Nov 2014,Radeon+R7+M260&amp;id=3030
3042,Radeon R7 M260DX,817,195,,,Unknown,,,,,1489,11,,May 2019,Radeon+R7+M260DX&amp;id=3042
3149,Radeon R7 M260X,1015,159,,4096,Mobile,PCIe 3.0 x8,4096,,,1351,76,,Mar 2015,Radeon+R7+M260X&amp;id=3149
2994,Radeon R7 M265,572,135,,4096,Mobile,PCIe 3.0 x8,4096,725,725,1764,115,,Nov 2014,Radeon+R7+M265&amp;id=2994
3057,Radeon R7 M265DX,499,138,,,Unknown,,,,,1862,3,,May 2020,Radeon+R7+M265DX&amp;id=3057
3074,Radeon R7 M270,785,144,,,Unknown,,,,,1512,40,,Jan 2015,Radeon+R7+M270&amp;id=3074
3174,Radeon R7 M270DX,962,233,,,Unknown,,,,,,1,,Jul 2020,Radeon+R7+M270DX&amp;id=3174
3376,Radeon R7 M340,644,150,,,Mobile,,,,,1666,434,,Apr 2016,Radeon+R7+M340&amp;id=3376
3567,Radeon R7 M350,1081,210,,,Unknown,,,,,1315,43,,Aug 2016,Radeon+R7+M350&amp;id=3567
3228,Radeon R7 M360,592,145,,4096,Mobile,PCIe 3.0 x16,4096,,,1732,382,,Sep 2015,Radeon+R7+M360&amp;id=3228
3493,Radeon R7 M365X,848,161,,,Unknown,,,,,1463,40,,Dec 2016,Radeon+R7+M365X&amp;id=3493
3416,Radeon R7 M370,1418,676,,,Mobile,,,,,1193,15,,Jan 2016,Radeon+R7+M370&amp;id=3416
3620,Radeon R7 M380,1669,534,,,Unknown,,,,,1090,2,,May 2017,Radeon+R7+M380&amp;id=3620
3562,Radeon R7 M440,905,165,,,Unknown,,,,,1422,431,,Aug 2016,Radeon+R7+M440&amp;id=3562
3598,Radeon R7 M445,938,169,,,Unknown,,,,,1403,117,744.0,Jan 2017,Radeon+R7+M445&amp;id=3598
3551,Radeon R7 M460,1076,197,,,Unknown,,,,,1320,192,,Dec 2016,Radeon+R7+M460&amp;id=3551
3671,Radeon R7 M465,1105,184,,,Unknown,,,,,1301,34,,May 2017,Radeon+R7+M465&amp;id=3671
3760,Radeon R7 M465X,1787,374,,,Unknown,,,,,1056,15,,May 2018,Radeon+R7+M465X&amp;id=3760
3823,Radeon R7 Opteron X3421,1104,280,,,Unknown,,,,,1303,18,,Sep 2017,Radeon+R7+Opteron+X3421&amp;id=3823
3362,Radeon R7 PRO A10-8750B,771,218,,,Unknown,,,,,1531,35,,Nov 2015,Radeon+R7+PRO+A10-8750B&amp;id=3362
3664,Radeon R7 PRO A10-8770,897,217,,,Unknown,,,,,1429,42,,Jan 2017,Radeon+R7+PRO+A10-8770&amp;id=3664
3665,Radeon R7 PRO A10-8770E,790,194,,,Unknown,,,,,1509,83,,Jan 2017,Radeon+R7+PRO+A10-8770E&amp;id=3665
3529,Radeon R7 PRO A10-8850B,945,552,,,Unknown,,,,,1396,23,,Jun 2016,Radeon+R7+PRO+A10-8850B&amp;id=3529
3678,Radeon R7 PRO A10-9700,818,199,,,Unknown,,,,,1488,45,,Feb 2017,Radeon+R7+PRO+A10-9700&amp;id=3678
3882,Radeon R7 PRO A10-9700B,629,182,,,Unknown,,,,,1688,28,,Jan 2018,Radeon+R7+PRO+A10-9700B&amp;id=3882
3679,Radeon R7 PRO A10-9700E,924,217,,,Unknown,,,,,1410,68,529.0,Feb 2017,Radeon+R7+PRO+A10-9700E&amp;id=3679
3622,Radeon R7 PRO A12-8800B,599,179,,,Unknown,,,,,1722,26,,Dec 2016,Radeon+R7+PRO+A12-8800B&amp;id=3622
3819,Radeon R7 PRO A12-8830B,580,174,,,Unknown,,,,,1750,35,,Sep 2017,Radeon+R7+PRO+A12-8830B&amp;id=3819
3657,Radeon R7 PRO A12-8870,974,243,,,Unknown,,,,,1378,31,,Jan 2017,Radeon+R7+PRO+A12-8870&amp;id=3657
3627,Radeon R7 PRO A12-8870E,889,224,,,Unknown,,,,,1433,30,,Dec 2016,Radeon+R7+PRO+A12-8870E&amp;id=3627
3662,Radeon R7 PRO A12-9800,940,244,,,Unknown,,,,,1401,24,,Jan 2017,Radeon+R7+PRO+A12-9800&amp;id=3662
3645,Radeon R7 PRO A12-9800B,683,182,,,Unknown,,,,,1624,63,,Jan 2017,Radeon+R7+PRO+A12-9800B&amp;id=3645
3663,Radeon R7 PRO A12-9800E,920,234,,,Unknown,,,,,1411,38,,Jan 2017,Radeon+R7+PRO+A12-9800E&amp;id=3663
4072,Radeon R7 PRO A6-9500 2C+6G,781,439,,,Unknown,,,,,1516,6,,Apr 2019,Radeon+R7+PRO+A6-9500+2C%2B6G&amp;id=4072
4739,"Radeon R7 PRO A6-9500 R5, 8 COMPUTE CORES 2C+6G",1293,290,,,Unknown,,,,,,1,,Feb 2023,Radeon+R7+PRO+A6-9500+R5%2C+8+COMPUTE+CORES+2C%2B6G&amp;id=4739
3382,Radeon R7 PRO A8-8650B,732,200,,,Unknown,,,,,1577,97,,Dec 2015,Radeon+R7+PRO+A8-8650B&amp;id=3382
3806,Radeon R7 PRO A8-8670E,978,283,,,Unknown,,,,,1373,3,,Aug 2017,Radeon+R7+PRO+A8-8670E&amp;id=3806
3613,Radeon R7 PRO A8-9600,851,217,,,Unknown,,,,,1459,33,,Dec 2016,Radeon+R7+PRO+A8-9600&amp;id=3613
3988,Radeon R7E,565,159,,,Unknown,,,,,1774,2,,Sep 2018,Radeon+R7E&amp;id=3988
3238,Radeon R8 M365DX,680,203,,,Unknown,,,,,1628,8,,Jun 2019,Radeon+R8+M365DX&amp;id=3238
3516,Radeon R8 M445DX,797,181,,,Unknown,,,,,1503,30,,Apr 2019,Radeon+R8+M445DX&amp;id=3516
3814,Radeon R8 M535DX,670,182,,,Unknown,,,,,1638,9,,Apr 2019,Radeon+R8+M535DX&amp;id=3814
2888,Radeon R9 255,1391,374,,2048,Desktop,PCIe 3.0 x16,2048,900,,1196,109,344.16,Jun 2014,Radeon+R9+255&amp;id=2888
3496,Radeon R9 260,3048,508,,,Unknown,,,,,745,7,,May 2016,Radeon+R9+260&amp;id=3496
3550,Radeon R9 270,4314,589,,,Unknown,,,,,600,12,,Nov 2018,Radeon+R9+270&amp;id=3550
2766,Radeon R9 270 / R7 370,4260,645,150,2048,Desktop,PCIe 3.0 x16,2048,900975,900975,601,4752,225.0,Dec 2013,Radeon+R9+270+%2F+R7+370&amp;id=2766
2702,Radeon R9 270X,4871,615,180,4096,Desktop,PCIe 3.0 x16,4096,1000,1000,547,11008,326.5,Oct 2013,Radeon+R9+270X&amp;id=2702
3465,Radeon R9 280,5523,671,250,3072,Desktop,PCIe 3.0 x16,3072,827,827,488,3804,,Apr 2016,Radeon+R9+280&amp;id=3465
3466,Radeon R9 280X,6069,672,250,3072,Desktop,PCIe 3.0 x16,3072,850,850,451,5520,,Apr 2016,Radeon+R9+280X&amp;id=3466
4392,Radeon R9 285,6680,597,,,Unknown,,,,,,1,,May 2021,Radeon+R9+285&amp;id=4392
3116,Radeon R9 285 / 380,5550,655,190,2048,Desktop,PCIe 3.0 x16,2048,918,,485,1841,368.88,Jan 2015,Radeon+R9+285+%2F+380&amp;id=3116
4259,Radeon R9 290,8141,758,,,Unknown,,,,,355,789,,Sep 2020,Radeon+R9+290&amp;id=4259
2719,Radeon R9 290 / 390,8150,695,275,4096,Desktop,PCIe 3.0 x16,4096,947,947,354,8447,380.0,Nov 2013,Radeon+R9+290+%2F+390&amp;id=2719
4263,Radeon R9 290X,8436,749,,,Unknown,,,,,347,496,,Sep 2020,Radeon+R9+290X&amp;id=4263
2697,Radeon R9 290X / 390X,8380,696,290,4096,Desktop,PCIe 3.0 x16,4096,1000,1000,350,4606,319.99,Oct 2013,Radeon+R9+290X+%2F+390X&amp;id=2697
2878,Radeon R9 295X2,8816,764,500,8192,Desktop,PCIe 3.0 x16,8192,1018,1018,336,546,499.1,May 2014,Radeon+R9+295X2&amp;id=2878
3589,Radeon R9 350,2008,466,60,2048,Desktop,PCIe 3.0 x16,2048,925,925,964,73,68.5,Oct 2016,Radeon+R9+350&amp;id=3589
3327,Radeon R9 360,3032,460,85,2048,Desktop,PCIe 3.0 x16,2048,1000,,749,23,133.89,Oct 2015,Radeon+R9+360&amp;id=3327
3469,Radeon R9 370,4722,781,150,4096,Desktop,PCIe 3.0 x16,4096,950,950,564,3,159.99,Apr 2016,Radeon+R9+370&amp;id=3469
3460,Radeon R9 380,5956,663,190,4096,Desktop,PCIe 3.0 x16,4096,970,970,455,3976,89.99,Mar 2016,Radeon+R9+380&amp;id=3460
3266,Radeon R9 380X,6125,682,190,4096,Desktop,PCIe 3.0 x16,4096,970,,446,1207,349.99,Jul 2015,Radeon+R9+380X&amp;id=3266
3464,Radeon R9 390,8778,790,275,8192,Desktop,PCIe 3.0 x16,8192,1000,1000,339,3428,,Mar 2016,Radeon+R9+390&amp;id=3464
3467,Radeon R9 390X,9185,816,275,8192,Desktop,PCIe 3.0 x16,8192,1050,1050,324,1394,,Apr 2016,Radeon+R9+390X&amp;id=3467
3441,Radeon R9 A375,1024,232,,,Unknown,,,,,,1,,May 2020,Radeon+R9+A375&amp;id=3441
3256,Radeon R9 Fury,9529,787,,,Unknown,,,,,309,455,443.1,Jul 2015,Radeon+R9+Fury&amp;id=3256
3245,Radeon R9 Fury + Fury X,9741,811,275,4096,Desktop,PCIe 3.0x16,4096,1050,,300,705,449.99,Jul 2015,Radeon+R9+Fury+%2B+Fury+X&amp;id=3245
3634,Radeon R9 Fury X,9383,784,,,Unknown,,,,,316,204,,Sep 2020,Radeon+R9+Fury+X&amp;id=3634
2999,Radeon R9 M265X,1186,189,,4096,Mobile,PCIe 3.0 x16,4096,575,575,1268,190,,Nov 2014,Radeon+R9+M265X&amp;id=2999
3085,Radeon R9 M270X,1204,306,,4096,Mobile,PCIe 3.0 x16,4096,725,725,1264,18,,Feb 2015,Radeon+R9+M270X&amp;id=3085
3010,Radeon R9 M275,1115,569,,,Mobile,,,,,1298,18,699.99,Oct 2014,Radeon+R9+M275&amp;id=3010
4329,Radeon R9 M275X,1525,271,,,Unknown,,,,,1156,16,,Jan 2021,Radeon+R9+M275X&amp;id=4329
3035,Radeon R9 M275X / M375,1575,467,50,4096,Mobile,PCIe 3.0 x16,4096,900,900,1134,57,,Dec 2014,Radeon+R9+M275X+%2F+M375&amp;id=3035
3096,Radeon R9 M280X,814,247,75,4096,Mobile,PCIe 3.0 x16,4096,1000,1000,1493,5,,Jan 2020,Radeon+R9+M280X&amp;id=3096
2918,Radeon R9 M290X,3200,408,100,4096,Mobile,PCIe 3.0 x16,4096,850,850,720,118,,Jul 2014,Radeon+R9+M290X&amp;id=2918
2985,Radeon R9 M295X,5150,832,125,4096,Mobile,PCIe 3.0 x16,4096,750,750,521,28,1449.0,Oct 2014,Radeon+R9+M295X&amp;id=2985
3479,Radeon R9 M360,1807,391,,,Unknown,,,,,1045,237,,Apr 2016,Radeon+R9+M360&amp;id=3479
3463,Radeon R9 M365X,1482,446,50,4096,Mobile,PCIe 3.0 x16,4096,,,1170,1,,Jun 2017,Radeon+R9+M365X&amp;id=3463
3299,Radeon R9 M370X,1578,351,50,4096,Mobile,PCIe 3.0 x16,4096,800,800,1133,420,889.0,Aug 2015,Radeon+R9+M370X&amp;id=3299
3263,Radeon R9 M375,999,159,,4096,Mobile,PCIe 3.0 x16,4096,,,1362,98,,Aug 2015,Radeon+R9+M375&amp;id=3263
3337,Radeon R9 M375X,1759,304,,4096,Mobile,PCIe 3.0 x16,4096,,,1060,77,,Jun 2016,Radeon+R9+M375X&amp;id=3337
3339,Radeon R9 M380,2759,535,,4096,Mobile,PCIe 3.0 x16,4096,,,785,44,,Oct 2015,Radeon+R9+M380&amp;id=3339
3383,Radeon R9 M385,2061,244,70,4096,Mobile,PCIe 3.0 x16,4096,900,900,951,7,,Jul 2020,Radeon+R9+M385&amp;id=3383
3378,Radeon R9 M385X,1994,267,75,,Mobile,PCIe 3.0 x16,,,,972,9,,Apr 2019,Radeon+R9+M385X&amp;id=3378
3405,Radeon R9 M390X,3918,439,100,4096,Mobile,PCIe 3.0 x16,4096,723,723,627,30,,Jan 2016,Radeon+R9+M390X&amp;id=3405
3346,Radeon R9 M395,4897,697,125,2048,Mobile,PCIe 3.0 x16,2048,,,544,54,,Oct 2015,Radeon+R9+M395&amp;id=3346
3340,Radeon R9 M395X,5097,700,125,4096,Mobile,PCIe 3.0 x16,4096,,,528,71,,Oct 2015,Radeon+R9+M395X&amp;id=3340
3606,Radeon R9 M470,2331,307,75,4096,Mobile,PCIe 3.0 Ã—16,4096,,,868,7,,Nov 2016,Radeon+R9+M470&amp;id=3606
3574,Radeon R9 M470X,3176,444,75,4096,Mobile,PCI-E 3.0 x16,4096,,,723,12,,Sep 2016,Radeon+R9+M470X&amp;id=3574
3726,Radeon R9 M485X,3801,388,,,Unknown,,,,,643,4,,Apr 2017,Radeon+R9+M485X&amp;id=3726
8251,Radeon Renoir D1 Ryzen 5 5500U,2731,549,,,Desktop,,,,,,1,,Feb 2026,Radeon+Renoir+D1+Ryzen+5+5500U&amp;id=8251
3557,Radeon RX 460,4097,582,75,4096,Desktop,PCIe 3.0 x8,4096,1090,1090,610,3971,166.81,Aug 2016,Radeon+RX+460&amp;id=3557
3558,Radeon RX 470/570,7912,725,120,8192,Desktop,PCIe 3.0 x16,8192,926,926,363,23599,388.99,Aug 2016,Radeon+RX+470%2F570&amp;id=3558
3533,Radeon RX 480,8529,772,150,8192,Desktop,PCIe 3.0 x16,8192,1266,1266,342,12571,339.99,Jun 2016,Radeon+RX+480&amp;id=3533
4420,Radeon RX 5300,7603,706,100,3072,Desktop,PCIe 4.0 x8,3072,1327,1327,383,36,,Jul 2021,Radeon+RX+5300&amp;id=4420
4325,Radeon RX 5300M,5397,389,85,3072,Mobile,PCIe 4.0 x8,3072,1000,1000,499,31,,Dec 2020,Radeon+RX+5300M&amp;id=4325
3854,Radeon RX 540,2174,320,,4096,Desktop,PCIe 3.0 x8,4096,1219,1219,921,76,,Dec 2017,Radeon+RX+540&amp;id=3854
3761,Radeon RX 550,2698,476,50,4096,Desktop,PCIe 3.0 x8,4096,1100,1100,799,1432,189.99,Jun 2017,Radeon+RX+550&amp;id=3761
4164,Radeon RX 5500,8852,763,150,4096,Desktop,PCIe 4.0 x8,4096,1670,1670,335,408,159.99,Nov 2019,Radeon+RX+5500&amp;id=4164
4174,Radeon RX 5500 XT,9059,776,130,8192,Desktop,PCIe 4.0 x8,8192,1607,1607,329,3975,349.0,Dec 2019,Radeon+RX+5500+XT&amp;id=4174
4193,Radeon RX 5500M,6029,414,85,4096,Mobile,PCIe 4.0 x8,4096,1375,1375,452,466,,Mar 2020,Radeon+RX+5500M&amp;id=4193
4069,Radeon RX 550X,2344,407,50,4096,Desktop,PCIe 3.0 x8,4096,1100,1100,867,271,,Apr 2019,Radeon+RX+550X&amp;id=4069
3708,Radeon RX 560,3686,486,80,4096,Desktop,PCIe 3.0 x8,4096,1175,1175,663,5188,243.93,Mar 2017,Radeon+RX+560&amp;id=3708
4205,Radeon RX 5600,11690,882,150,6144,Desktop,PCIe 4.0 x16,6144,1130,1130,257,51,,Apr 2020,Radeon+RX+5600&amp;id=4205
4640,Radeon RX 5600 OEM,12382,849,,,Unknown,,,,,238,53,,Dec 2022,Radeon+RX+5600+OEM&amp;id=4640
4186,Radeon RX 5600 XT,13391,871,150,6144,Desktop,PCIe 4.0 x16,6144,1130,1130,211,4714,498.0,Jan 2020,Radeon+RX+5600+XT&amp;id=4186
4217,Radeon RX 5600M,8797,481,150,6144,Mobile,PCIe 4.0 x16,6144,1035,1035,337,174,,Jun 2020,Radeon+RX+5600M&amp;id=4217
3955,Radeon RX 560X,3494,442,75,4096,Desktop,PCIe 3.0 x8,4096,1175,1175,681,43,,Aug 2018,Radeon+RX+560X&amp;id=3955
4107,Radeon RX 5700,14213,876,180,8192,Desktop,PCIe 4.0 x16,8192,1465,1465,186,3344,585.0,Jul 2019,Radeon+RX+5700&amp;id=4107
4111,Radeon RX 5700 XT,16055,920,225,8192,Desktop,PCIe 4.0 x16,8192,1605,1605,150,17949,209.99,Jul 2019,Radeon+RX+5700+XT&amp;id=4111
4114,Radeon RX 5700 XT 50th Anniversary,16528,939,235,8192,Desktop,PCIe 4.0 x16,8192,1680,1680,136,232,,Jul 2019,Radeon+RX+5700+XT+50th+Anniversary&amp;id=4114
6073,Radeon RX 5700m 8GB 256 bit Ryzen 5 5600U,1599,560,,,Desktop,,,,,,1,,Mar 2025,Radeon+RX+5700m+8GB+256+bit+Ryzen+5+5600U&amp;id=6073
4179,Radeon RX 570X,1923,750,120,8192,Desktop,PCIe 3.0 x16,8192,1168,1168,998,1,278.02,Jan 2020,Radeon+RX+570X&amp;id=4179
3736,Radeon RX 580,8786,770,185,8192,Desktop,PCIe 3.0 x16,8192,1257,1257,338,32814,249.99,Apr 2017,Radeon+RX+580&amp;id=3736
4049,Radeon RX 580 2048SP,7616,703,150,16384,Desktop,PCIe 3.0 x16,16384,1168,1168,382,6871,,Feb 2019,Radeon+RX+580+2048SP&amp;id=4049
4055,Radeon RX 580X,7427,654,185,8192,Desktop,PCIe 3.0 x16,8192,1257,1257,387,25,,Feb 2019,Radeon+RX+580X&amp;id=4055
4025,Radeon RX 590,9280,789,175,8192,Desktop,PCIe 3.0 x16,8192,1545,1545,320,4287,549.99,Nov 2018,Radeon+RX+590&amp;id=4025
4939,Radeon RX 6300,5380,700,,,Unknown,,,,,500,130,,Oct 2023,Radeon+RX+6300&amp;id=4939
5214,Radeon RX 6300M,5244,360,,,Mobile,,,,,514,8,,Nov 2024,Radeon+RX+6300M&amp;id=5214
4168,Radeon RX 640,2250,342,50,4096,"Desktop, Mobile",PCIe 3.0 x8,4096,1082,1082,896,309,,Feb 2020,Radeon+RX+640&amp;id=4168
4536,Radeon RX 6400,7741,737,53,4096,Desktop,PCIe 4.0 x4,4096,1923,1923,372,2165,234.64,Apr 2022,Radeon+RX+6400&amp;id=4536
7803,Radeon RX 6450M,6601,503,50,4096,Mobile,PCIe 4.0 x4,4096,2000,2000,417,2,,Dec 2025,Radeon+RX+6450M&amp;id=7803
4843,Radeon RX 6500,7734,827,,,Unknown,,,,,373,109,,Jun 2023,Radeon+RX+6500&amp;id=4843
4488,Radeon RX 6500 XT,9620,817,107,4096,Desktop,PCIe 4.0 x4,4096,2310,2310,306,3208,207.99,Jan 2022,Radeon+RX+6500+XT&amp;id=4488
4599,Radeon RX 6500M,7291,363,50,4096,Mobile,PCIe 4.0 x4,4096,2000,2000,391,379,,Sep 2022,Radeon+RX+6500M&amp;id=4599
4941,Radeon RX 6550M,9675,492,,,Mobile,,,,,302,294,,Oct 2023,Radeon+RX+6550M&amp;id=4941
4465,Radeon RX 6600,15053,896,132,8192,Desktop,PCIe 4.0 x8,8192,1626,1626,170,15132,449.0,Oct 2021,Radeon+RX+6600&amp;id=4465
5228,Radeon RX 6600 LE,14043,853,,,Unknown,,,,,193,49,,Nov 2024,Radeon+RX+6600+LE&amp;id=5228
4444,Radeon RX 6600 XT,16444,914,160,8192,Desktop,PCIe 4.0 x8,8192,1968,1968,139,6837,324.97,Aug 2021,Radeon+RX+6600+XT&amp;id=4444
4449,Radeon RX 6600M,13817,723,100,8192,Mobile,PCIe 4.0 x8,8192,2068,2068,197,1001,479.0,Sep 2021,Radeon+RX+6600M&amp;id=4449
4755,Radeon RX 6600S,13569,655,80,4096,Mobile,PCIe 4.0 x8,4096,1700,1700,207,11,,Feb 2023,Radeon+RX+6600S&amp;id=4755
4541,Radeon RX 6650 XT,17111,926,176,8192,Desktop,PCIe 4.0 x8,8192,2055,2055,124,5162,299.99,May 2022,Radeon+RX+6650+XT&amp;id=4541
4557,Radeon RX 6650M,15192,759,,,Mobile,,,,,164,146,,Jun 2022,Radeon+RX+6650M&amp;id=4557
5157,Radeon RX 6650M XT,16081,780,,,Mobile,,,,,146,3,,Aug 2024,Radeon+RX+6650M+XT&amp;id=5157
8059,Radeon RX 670,3040,382,,,Desktop,,,,,748,3,,Jan 2026,Radeon+RX+670&amp;id=8059
4564,Radeon RX 6700,18924,941,175,10240,Desktop,PCIe 4.0 x16,10240,1941,1941,104,1972,,Jul 2022,Radeon+RX+6700&amp;id=4564
4369,Radeon RX 6700 XT,19726,954,230,12288,Desktop,PCIe 4.0 x16,12288,2321,2321,94,14264,699.0,Mar 2021,Radeon+RX+6700+XT&amp;id=4369
4458,Radeon RX 6700M,13622,558,135,10240,Mobile,PCIe 4.0 x16,10240,1489,1489,203,197,269.99,Sep 2021,Radeon+RX+6700M&amp;id=4458
4510,Radeon RX 6700S,15016,737,80,8192,Mobile,PCIe 4.0 x8,8192,1700,1700,172,488,299.69,Feb 2022,Radeon+RX+6700S&amp;id=4510
5041,Radeon RX 6750 GRE 10GB,18950,952,,,Unknown,,,,,102,39,,Apr 2024,Radeon+RX+6750+GRE+10GB&amp;id=5041
4990,Radeon RX 6750 GRE 12GB,20155,1023,,,Unknown,,,,,87,26,,Feb 2024,Radeon+RX+6750+GRE+12GB&amp;id=4990
4543,Radeon RX 6750 XT,20703,980,250,12288,Desktop,PCIe 4.0 x16,12288,2150,2150,81,5593,845.0,May 2022,Radeon+RX+6750+XT&amp;id=4543
4314,Radeon RX 6800,22058,1000,250,16384,Desktop,PCIe 4.0 x16,16384,1815,1815,73,4779,449.99,Nov 2020,Radeon+RX+6800&amp;id=4314
4312,Radeon RX 6800 XT,25071,1046,300,16384,Desktop,PCIe 4.0 x16,16384,2015,2015,48,7792,439.0,Nov 2020,Radeon+RX+6800+XT&amp;id=4312
4415,Radeon RX 6800M,13282,530,145,12288,Mobile,,12288,2300,2300,215,687,629.99,Jun 2021,Radeon+RX+6800M&amp;id=4415
4542,Radeon RX 6800S,15731,724,100,8192,Mobile,PCIe 4.0 x8,8192,1800,1800,153,215,,May 2022,Radeon+RX+6800S&amp;id=4542
4511,Radeon RX 6850M,12274,714,,,Mobile,,,,,241,3,,Mar 2022,Radeon+RX+6850M&amp;id=4511
4574,Radeon RX 6850M XT,17363,661,,,Mobile,,,,,119,84,,Aug 2022,Radeon+RX+6850M+XT&amp;id=4574
4322,Radeon RX 6900 XT,26640,1063,300,16384,Desktop,PCIe 4.0 x16,16384,1825,1825,40,8215,699.0,Dec 2020,Radeon+RX+6900+XT&amp;id=4322
4540,Radeon RX 6950 XT,28068,1081,335,16384,Desktop,PCIe 4.0 x16,16384,1925,1925,29,3764,1098.0,May 2022,Radeon+RX+6950+XT&amp;id=4540
5658,Radeon RX 7400,11797,1203,55,8192,Desktop,PCIe 4.0 x8,8192,1452,1452,251,10,,Sep 2025,Radeon+RX+7400&amp;id=5658
5457,Radeon RX 7500,1873,572,,,Desktop,,,,,,1,,Dec 2024,Radeon+RX+7500&amp;id=5457
4832,Radeon RX 7600,16461,985,165,8192,Desktop,PCIe 4.0 x8,8192,1720,1720,138,5953,279.99,May 2023,Radeon+RX+7600&amp;id=4832
4982,Radeon RX 7600 XT,17335,1026,190,16384,Desktop,PCIe 4.0 x8,16384,1980,1980,121,2190,399.99,Jan 2024,Radeon+RX+7600+XT&amp;id=4982
4964,Radeon RX 7600M,10999,861,,,Mobile,,,,,272,12,,Dec 2023,Radeon+RX+7600M&amp;id=4964
4844,Radeon RX 7600M XT,14475,921,120,8192,Mobile,PCIe 4.0 x16,8192,1437,1437,183,402,,Jun 2023,Radeon+RX+7600M+XT&amp;id=4844
4835,Radeon RX 7600S,15533,767,75,8192,Mobile,PCIe 4.0 x16,8192,1500,1500,157,224,,Jun 2023,Radeon+RX+7600S&amp;id=4835
6308,Radeon RX 7650 GRE,17916,1078,170,8192,Desktop,PCIe 4.0 x8,8192,1720,1720,113,23,279.0,May 2025,Radeon+RX+7650+GRE&amp;id=6308
7650,Radeon RX 7700,20918,1200,200,16384,Desktop,PCIe 4.0 x16,16384,1900,1900,80,23,,Nov 2025,Radeon+RX+7700&amp;id=7650
4919,Radeon RX 7700 XT,22700,1157,245,12288,Desktop,PCIe 4.0 x16,12288,1700,1700,64,2785,409.99,Sep 2023,Radeon+RX+7700+XT&amp;id=4919
4887,Radeon RX 7700S,15498,762,,,Unknown,,,,,158,376,,Aug 2023,Radeon+RX+7700S&amp;id=4887
4992,Radeon RX 780,7658,1093,,,Unknown,,,,,379,4,,Feb 2024,Radeon+RX+780&amp;id=4992
4917,Radeon RX 7800 XT,24414,1193,263,16384,Desktop,PCIe 4.0 x16,16384,1295,1295,52,10857,729.9,Jun 2023,Radeon+RX+7800+XT&amp;id=4917
5646,Radeon RX 7800M,17567,893,,,Mobile,,,,,117,53,,Jan 2025,Radeon+RX+7800M&amp;id=5646
4906,Radeon RX 7900 GRE,27448,1209,260,16384,Desktop,PCIe 4.0 x16,16384,1287,1287,32,2077,998.0,Aug 2023,Radeon+RX+7900+GRE&amp;id=4906
4646,Radeon RX 7900 XT,29066,1245,315,20480,Desktop,PCIe 4.0 x16,20480,2000,2000,22,6966,849.99,Dec 2022,Radeon+RX+7900+XT&amp;id=4646
4644,Radeon RX 7900 XTX,31434,1288,355,24576,Desktop,PCIe 4.0 x16,24576,1855,1855,16,11191,929.99,Dec 2022,Radeon+RX+7900+XTX&amp;id=4644
4946,Radeon RX 7900M,22121,889,,,Mobile,,,,,70,55,,Nov 2023,Radeon+RX+7900M&amp;id=4946
7294,Radeon RX 9060,17635,998,132,8192,Desktop,PCIe 5.0 x16,8192,1700,1700,116,87,,Oct 2025,Radeon+RX+9060&amp;id=7294
5957,Radeon RX 9060 XT 16GB,20086,1170,160,16384,Desktop,PCIe 5.0 x16,16384,1700,1700,89,7440,444.99,Jun 2025,Radeon+RX+9060+XT+16GB&amp;id=5957
6575,Radeon RX 9060 XT 8GB,19753,1125,150,8192,Desktop,PCIe 5.0 x16,8192,1700,1700,93,958,379.99,Jun 2025,Radeon+RX+9060+XT+8GB&amp;id=6575
5958,Radeon RX 9070,25384,1265,220,16384,Desktop,PCIe 5.0 x16,16384,1330,1330,45,2644,549.99,Mar 2025,Radeon+RX+9070&amp;id=5958
6421,Radeon RX 9070 GRE,23892,1252,220,12288,Desktop,PCIe 5.0 x16,12288,1420,1420,56,55,,May 2025,Radeon+RX+9070+GRE&amp;id=6421
5956,Radeon RX 9070 XT,26922,1314,304,16384,Desktop,PCIe 5.0 x16,16384,1660,1660,37,15551,699.99,Mar 2025,Radeon+RX+9070+XT&amp;id=5956
4948,Radeon RX Vega - Renoir Ryzen 3 5300U,2312,571,,,Unknown,,,,,874,2,,Nov 2023,Radeon+RX+Vega+-+Renoir+Ryzen+3+5300U&amp;id=4948
4066,Radeon RX Vega 10,1628,370,,,Unknown,,,,,1108,1207,,Apr 2019,Radeon+RX+Vega+10&amp;id=4066
7168,Radeon RX Vega 10 Athlon 300U,506,186,,,Desktop,,,,,,1,,Sep 2025,Radeon+RX+Vega+10+Athlon+300U&amp;id=7168
4854,Radeon RX Vega 10 Ryzen 5 3500U,1778,456,,,Unknown,,,,,,1,,Jul 2023,Radeon+RX+Vega+10+Ryzen+5+3500U&amp;id=4854
5869,Radeon RX Vega 10 Ryzen 7 3700C,1166,312,,,Desktop,,,,,1278,2,,Feb 2025,Radeon+RX+Vega+10+Ryzen+7+3700C&amp;id=5869
4669,Radeon RX Vega 10 Ryzen 7 3700U,1469,318,,,Unknown,,,,,1175,696,,Dec 2022,Radeon+RX+Vega+10+Ryzen+7+3700U&amp;id=4669
4672,Radeon RX Vega 10 Ryzen 7 3750H,1824,355,,,Unknown,,,,,1038,174,,Dec 2022,Radeon+RX+Vega+10+Ryzen+7+3750H&amp;id=4672
3893,Radeon RX Vega 11,2089,505,,0,Desktop,Integrated,0,1250,,944,4478,1002.0,Feb 2018,Radeon+RX+Vega+11&amp;id=3893
4131,Radeon RX Vega 11 PRD,2402,601,,,Unknown,,,,,849,1,,Aug 2019,Radeon+RX+Vega+11+PRD&amp;id=4131
4338,Radeon RX Vega 11 Processor,1789,447,,,Unknown,,,,,1054,71,,Jan 2021,Radeon+RX+Vega+11+Processor&amp;id=4338
4745,Radeon RX Vega 11 Ryzen 5 3350G,1887,465,,,Unknown,,,,,1015,32,,Feb 2023,Radeon+RX+Vega+11+Ryzen+5+3350G&amp;id=4745
6103,Radeon RX Vega 11 Ryzen 5 3350GE,2480,499,,,Desktop,,,,,,1,,Apr 2025,Radeon+RX+Vega+11+Ryzen+5+3350GE&amp;id=6103
4671,Radeon RX Vega 11 Ryzen 5 3400G,2114,473,,,Unknown,,,,,939,1218,,Dec 2022,Radeon+RX+Vega+11+Ryzen+5+3400G&amp;id=4671
4754,Radeon RX Vega 11 Ryzen 5 3400GE,1974,465,,,Unknown,,,,,980,15,,Feb 2023,Radeon+RX+Vega+11+Ryzen+5+3400GE&amp;id=4754
4943,Radeon RX Vega 11 Ryzen 7 3700U,2602,528,,,Unknown,,,,,,1,,Oct 2023,Radeon+RX+Vega+11+Ryzen+7+3700U&amp;id=4943
4749,Radeon RX Vega 11 Ryzen 7 3750H,1856,414,,,Unknown,,,,,,1,,Feb 2023,Radeon+RX+Vega+11+Ryzen+7+3750H&amp;id=4749
3821,Radeon RX Vega 56,12946,764,210,8192,Desktop,PCIe 3.0 x16,8192,1471,1471,220,3701,320.04,Sep 2017,Radeon+RX+Vega+56&amp;id=3821
4559,Radeon RX Vega 6,1492,348,,,Unknown,,,,,1167,2,,Jun 2022,Radeon+RX+Vega+6&amp;id=4559
4894,Radeon RX Vega 6 Ryzen 3 3200U,906,275,,,Unknown,,,,,1421,2,,Aug 2023,Radeon+RX+Vega+6+Ryzen+3+3200U&amp;id=4894
3808,Radeon RX Vega 64,13858,785,295,8192,Desktop,PCIe 3.0 x16,8192,1247,1247,195,3452,489.0,Sep 2017,Radeon+RX+Vega+64&amp;id=3808
4012,Radeon RX Vega 8,1514,399,,,Unknown,,,,,1158,31,,Nov 2018,Radeon+RX+Vega+8&amp;id=4012
3915,Radeon RX Vega M GH,6557,755,,,Unknown,,,,,421,415,,Mar 2018,Radeon+RX+Vega+M+GH&amp;id=3915
3903,Radeon RX Vega M GL,3936,446,,,Unknown,,,,,624,335,,Feb 2018,Radeon+RX+Vega+M+GL&amp;id=3903
4970,Radeon RX Vega Ryzen 3 5300U,2330,582,,,Unknown,,,,,869,4,,Jan 2024,Radeon+RX+Vega+Ryzen+3+5300U&amp;id=4970
4908,Radeon RX Vega Ryzen 5 5500U,2320,454,,,Unknown,,,,,872,6,,Aug 2023,Radeon+RX+Vega+Ryzen+5+5500U&amp;id=4908
6166,Radeon RX Vega Ryzen 5 5600GT,9558,1042,,,Desktop,,,,,308,2,,Apr 2025,Radeon+RX+Vega+Ryzen+5+5600GT&amp;id=6166
6028,Radeon RX Vega Ryzen 7 5825U,2916,549,,,Desktop,,,,,765,2,,Mar 2025,Radeon+RX+Vega+Ryzen+7+5825U&amp;id=6028
4157,Radeon RX Vega11,1605,405,,,Unknown,,,,,1120,17,,Oct 2019,Radeon+RX+Vega11&amp;id=4157
4965,Radeon RX Vega11 Ryzen 7 3750H,1607,337,,,Unknown,,,,,1119,6,,Dec 2023,Radeon+RX+Vega11+Ryzen+7+3750H&amp;id=4965
4730,Radeon RX Vega11 Ryzen 7 Microsoft Surface Edition,1503,319,,,Unknown,,,,,1164,21,,Jan 2023,Radeon+RX+Vega11+Ryzen+7+Microsoft+Surface+Edition&amp;id=4730
4290,Radeon RX590 GME,8283,704,175,8192,Desktop,PCIe 3.0 x16,8192,1257,1257,351,616,,Sep 2020,Radeon+RX590+GME&amp;id=4290
8896,Radeon Ryzen 3 3100U,722,320,,,Desktop,,,,,,1,,Jun 2026,Radeon+Ryzen+3+3100U&amp;id=8896
6717,Radeon Ryzen 3 3200U,816,360,,,Desktop,,,,,1491,5,,Jul 2025,Radeon+Ryzen+3+3200U&amp;id=6717
4688,Radeon Ryzen 3 3250U,782,223,,,Unknown,,,,,1515,519,,Dec 2022,Radeon+Ryzen+3+3250U&amp;id=4688
7742,Radeon Ryzen 3 3300U,1077,311,,,Desktop,,,,,1319,9,,Dec 2025,Radeon+Ryzen+3+3300U&amp;id=7742
7998,Radeon Ryzen 3 3500U,803,265,,,Desktop,,,,,1500,2,,Jan 2026,Radeon+Ryzen+3+3500U&amp;id=7998
4654,Radeon Ryzen 3 5300U,1480,414,,,Unknown,,,,,1171,842,,Dec 2022,Radeon+Ryzen+3+5300U&amp;id=4654
4698,Radeon Ryzen 3 5425U,1525,525,,,Unknown,,,,,1155,227,,Jan 2023,Radeon+Ryzen+3+5425U&amp;id=4698
4816,Radeon Ryzen 3 7330U,1469,471,,,Unknown,,,,,1176,393,,May 2023,Radeon+Ryzen+3+7330U&amp;id=4816
5079,Radeon Ryzen 3 7335U,2160,677,,,Desktop,,,,,923,86,,May 2024,Radeon+Ryzen+3+7335U&amp;id=5079
4811,Radeon Ryzen 3 PRO 4355GE,1622,544,,,Unknown,,,,,1110,6,,May 2023,Radeon+Ryzen+3+PRO+4355GE&amp;id=4811
7479,Radeon Ryzen 3 PRO 5355G,2544,765,,,Desktop,,,,,828,2,,Nov 2025,Radeon+Ryzen+3+PRO+5355G&amp;id=7479
5763,Radeon Ryzen 3 PRO 5355GE,1952,700,,,Desktop,,,,,990,2,,Feb 2025,Radeon+Ryzen+3+PRO+5355GE&amp;id=5763
4517,Radeon Ryzen 3 PRO 5450U,1539,500,,,Unknown,,,,,1148,128,,Mar 2022,Radeon+Ryzen+3+PRO+5450U&amp;id=4517
5010,Radeon Ryzen 3 PRO 5475U,1792,516,,,Unknown,,,,,1053,10,,Mar 2024,Radeon+Ryzen+3+PRO+5475U&amp;id=5010
4779,Radeon Ryzen 3 PRO 7330U,1883,620,,,Unknown,,,,,1016,32,,Mar 2023,Radeon+Ryzen+3+PRO+7330U&amp;id=4779
5030,Radeon Ryzen 3 PRO 7335U,1983,665,,,Unknown,,,,,977,25,,Mar 2024,Radeon+Ryzen+3+PRO+7335U&amp;id=5030
7363,Radeon Ryzen 5 150,3282,701,,,Desktop,,,,,707,13,,Oct 2025,Radeon+Ryzen+5+150&amp;id=7363
4686,Radeon Ryzen 5 3450U,1105,259,,,Unknown,,,,,1302,113,,Dec 2022,Radeon+Ryzen+5+3450U&amp;id=4686
5273,Radeon Ryzen 5 3550H,1257,342,,,Desktop,,,,,1241,112,,Dec 2024,Radeon+Ryzen+5+3550H&amp;id=5273
4814,Radeon Ryzen 5 4400G,2296,692,,,Unknown,,,,,,1,,May 2023,Radeon+Ryzen+5+4400G&amp;id=4814
4494,Radeon Ryzen 5 4600GE with Radeon Graphics,2217,611,,,Unknown,,,,,910,13,,Jan 2022,Radeon+Ryzen+5+4600GE+with+Radeon+Graphics&amp;id=4494
4994,Radeon Ryzen 5 5500GT,2375,692,,,Unknown,,,,,856,513,,Feb 2024,Radeon+Ryzen+5+5500GT&amp;id=4994
4951,Radeon Ryzen 5 5500H,2049,561,,,Unknown,,,,,954,5,,May 2024,Radeon+Ryzen+5+5500H&amp;id=4951
4660,Radeon Ryzen 5 5500U,1998,470,,,Unknown,,,,,968,3286,,Dec 2022,Radeon+Ryzen+5+5500U&amp;id=4660
4555,Radeon Ryzen 5 5560U,2030,595,,,Unknown,,,,,958,333,,Jun 2022,Radeon+Ryzen+5+5560U&amp;id=4555
4744,Radeon Ryzen 5 5600GE,2314,705,,,Unknown,,,,,873,76,,Feb 2023,Radeon+Ryzen+5+5600GE&amp;id=4744
4989,Radeon Ryzen 5 5600GT,2366,726,,,Unknown,,,,,861,1372,,Feb 2024,Radeon+Ryzen+5+5600GT&amp;id=4989
4459,Radeon Ryzen 5 5600H,2370,618,,,Unknown,,,,,860,664,,Oct 2021,Radeon+Ryzen+5+5600H&amp;id=4459
4453,Radeon Ryzen 5 5600U,2063,580,,,Unknown,,,,,949,845,,Sep 2021,Radeon+Ryzen+5+5600U&amp;id=4453
4666,Radeon Ryzen 5 5625U,1988,531,,,Unknown,,,,,974,1757,,Dec 2022,Radeon+Ryzen+5+5625U&amp;id=4666
4674,Radeon Ryzen 5 6600H,3513,735,,,Unknown,,,,,679,699,,Dec 2022,Radeon+Ryzen+5+6600H&amp;id=4674
4681,Radeon Ryzen 5 6600HS Creator Edition,3791,743,,,Unknown,,,,,647,90,,Dec 2022,Radeon+Ryzen+5+6600HS+Creator+Edition&amp;id=4681
4675,Radeon Ryzen 5 6600U,3228,665,,,Unknown,,,,,716,78,,Dec 2022,Radeon+Ryzen+5+6600U&amp;id=4675
7103,Radeon Ryzen 5 7400 6-Core,1526,518,,,Desktop,,,,,1154,5,,Sep 2025,Radeon+Ryzen+5+7400+6-Core&amp;id=7103
5051,Radeon Ryzen 5 7430U,2149,568,,,Desktop,,,,,928,2189,,Apr 2024,Radeon+Ryzen+5+7430U&amp;id=5051
7647,Radeon Ryzen 5 7500X3D 6-Core,1377,482,,,Desktop,,,,,1200,12,,Mar 2026,Radeon+Ryzen+5+7500X3D+6-Core&amp;id=7647
4728,Radeon Ryzen 5 7530U,2141,593,,,Unknown,,,,,930,1680,,Jan 2023,Radeon+Ryzen+5+7530U&amp;id=4728
6178,Radeon Ryzen 5 7533HS,3321,700,,,Desktop,,,,,701,13,,Apr 2025,Radeon+Ryzen+5+7533HS&amp;id=6178
4808,Radeon Ryzen 5 7535HS,3261,668,,,Unknown,,,,,709,288,,Apr 2023,Radeon+Ryzen+5+7535HS&amp;id=4808
4837,Radeon Ryzen 5 7535U,3123,712,,,Unknown,,,,,732,487,,Jun 2023,Radeon+Ryzen+5+7535U&amp;id=4837
4714,Radeon Ryzen 5 7600 6-Core,1667,538,,,Unknown,,,,,1092,603,,Jan 2023,Radeon+Ryzen+5+7600+6-Core&amp;id=4714
4647,Radeon Ryzen 5 7600X 6-Core,1594,528,,,Unknown,,,,,1125,481,,Dec 2022,Radeon+Ryzen+5+7600X+6-Core&amp;id=4647
5167,Radeon Ryzen 5 7600X3D 6-Core,1643,542,,,Desktop,,,,,1102,14,,Sep 2024,Radeon+Ryzen+5+7600X3D+6-Core&amp;id=5167
4382,Radeon Ryzen 5 Microsoft Surface Edition,2023,503,,,Unknown,,,,,962,179,,Apr 2021,Radeon+Ryzen+5+Microsoft+Surface+Edition&amp;id=4382
5657,Radeon Ryzen 5 PRO 4400G,2273,615,,,Desktop,,,,,887,4,,Jan 2025,Radeon+Ryzen+5+PRO+4400G&amp;id=5657
4862,Radeon Ryzen 5 PRO 4500U,2078,557,,,Unknown,,,,,,1,,Feb 2022,Radeon+Ryzen+5+PRO+4500U&amp;id=4862
4815,Radeon Ryzen 5 PRO 4655G,2280,646,,,Unknown,,,,,886,43,,May 2023,Radeon+Ryzen+5+PRO+4655G&amp;id=4815
4904,Radeon Ryzen 5 PRO 4655GE,2132,605,,,Unknown,,,,,931,17,,Aug 2023,Radeon+Ryzen+5+PRO+4655GE&amp;id=4904
4485,Radeon Ryzen 5 PRO 5650G,2298,727,,,Unknown,,,,,880,172,,Dec 2021,Radeon+Ryzen+5+PRO+5650G&amp;id=4485
4463,Radeon Ryzen 5 PRO 5650GE,2221,714,,,Unknown,,,,,909,189,,Oct 2021,Radeon+Ryzen+5+PRO+5650GE&amp;id=4463
5208,Radeon Ryzen 5 PRO 5655G,2117,722,,,Desktop,,,,,936,65,,Nov 2024,Radeon+Ryzen+5+PRO+5655G&amp;id=5208
5175,Radeon Ryzen 5 PRO 5655GE,1740,645,,,Desktop,,,,,1065,35,,Sep 2024,Radeon+Ryzen+5+PRO+5655GE&amp;id=5175
4743,Radeon Ryzen 5 PRO 5675U,1839,538,,,Unknown,,,,,1033,317,,Feb 2023,Radeon+Ryzen+5+PRO+5675U&amp;id=4743
4858,Radeon Ryzen 5 PRO 6650H,3942,776,,,Unknown,,,,,623,43,,Jul 2024,Radeon+Ryzen+5+PRO+6650H&amp;id=4858
4677,Radeon Ryzen 5 PRO 6650U,3431,670,,,Unknown,,,,,687,218,,Dec 2022,Radeon+Ryzen+5+PRO+6650U&amp;id=4677
7104,Radeon Ryzen 5 PRO 7445 6-Core,1592,536,,,Desktop,,,,,1126,16,,Sep 2025,Radeon+Ryzen+5+PRO+7445+6-Core&amp;id=7104
4978,Radeon Ryzen 5 Pro 7535U,2779,650,,,Unknown,,,,,782,326,,Jan 2024,Radeon+Ryzen+5+Pro+7535U&amp;id=4978
4824,Radeon Ryzen 5 PRO 7645 6-Core,1607,542,,,Unknown,,,,,1118,158,,May 2023,Radeon+Ryzen+5+PRO+7645+6-Core&amp;id=4824
8107,Radeon Ryzen 7 170,4129,607,,,Desktop,,,,,609,31,,Jan 2026,Radeon+Ryzen+7+170&amp;id=8107
4670,Radeon Ryzen 7 3700U,1125,272,,,Unknown,,,,,1295,13,,Dec 2022,Radeon+Ryzen+7+3700U&amp;id=4670
4357,Radeon Ryzen 7 4700G,2493,652,,,Unknown,,,,,839,78,,Mar 2021,Radeon+Ryzen+7+4700G&amp;id=4357
4387,Radeon Ryzen 7 4700GE,2586,635,,,Unknown,,,,,818,13,,Apr 2021,Radeon+Ryzen+7+4700GE&amp;id=4387
4349,Radeon Ryzen 7 4700U,2040,514,,,Unknown,,,,,956,1355,,Mar 2021,Radeon+Ryzen+7+4700U&amp;id=4349
4348,Radeon Ryzen 7 4800H,3131,518,,,Unknown,,,,,731,372,,Mar 2021,Radeon+Ryzen+7+4800H&amp;id=4348
4362,Radeon Ryzen 7 4800HS,2995,547,,,Unknown,,,,,751,52,,Mar 2021,Radeon+Ryzen+7+4800HS&amp;id=4362
4356,Radeon Ryzen 7 4800U,2296,545,,,Unknown,,,,,882,351,,Mar 2021,Radeon+Ryzen+7+4800U&amp;id=4356
4515,Radeon Ryzen 7 4850U Mobile,2138,519,,,Unknown,,,,,,1,,Mar 2022,Radeon+Ryzen+7+4850U+Mobile&amp;id=4515
4650,Radeon Ryzen 7 5700U,2195,486,,,Unknown,,,,,916,3189,,Dec 2022,Radeon+Ryzen+7+5700U&amp;id=4650
4452,Radeon Ryzen 7 5800H,2859,691,,,Unknown,,,,,771,1222,,Sep 2021,Radeon+Ryzen+7+5800H&amp;id=4452
4462,Radeon Ryzen 7 5800HS,2541,632,,,Unknown,,,,,830,162,,Oct 2022,Radeon+Ryzen+7+5800HS&amp;id=4462
4478,Radeon Ryzen 7 5800HS Creator Edition,2271,576,,,Unknown,,,,,,1,,Dec 2022,Radeon+Ryzen+7+5800HS+Creator+Edition&amp;id=4478
4464,Radeon Ryzen 7 5800U,2371,623,,,Unknown,,,,,859,689,,Oct 2021,Radeon+Ryzen+7+5800U&amp;id=4464
4668,Radeon Ryzen 7 5825U,2407,605,,,Unknown,,,,,848,2372,,Dec 2022,Radeon+Ryzen+7+5825U&amp;id=4668
4657,Radeon Ryzen 7 6800H,4859,725,,,Unknown,,,,,549,762,,Dec 2022,Radeon+Ryzen+7+6800H&amp;id=4657
4661,Radeon Ryzen 7 6800HS,6159,754,,,Unknown,,,,,442,25,,Dec 2022,Radeon+Ryzen+7+6800HS&amp;id=4661
4697,Radeon Ryzen 7 6800HS Creator Edition,5336,765,,,Unknown,,,,,504,40,,Jan 2023,Radeon+Ryzen+7+6800HS+Creator+Edition&amp;id=4697
4648,Radeon Ryzen 7 6800U,4230,525,,,Unknown,,,,,604,368,,Dec 2022,Radeon+Ryzen+7+6800U&amp;id=4648
5210,Radeon Ryzen 7 6810U,5937,897,,,Desktop,,,,,457,2,,Nov 2024,Radeon+Ryzen+7+6810U&amp;id=5210
4717,Radeon Ryzen 7 7700 8-Core,1631,529,,,Unknown,,,,,1106,427,,Jan 2023,Radeon+Ryzen+7+7700+8-Core&amp;id=4717
4651,Radeon Ryzen 7 7700X 8-Core,1908,550,,,Unknown,,,,,1006,304,,Dec 2022,Radeon+Ryzen+7+7700X+8-Core&amp;id=4651
4771,Radeon Ryzen 7 7730U,2240,578,,,Unknown,,,,,900,2381,,Mar 2023,Radeon+Ryzen+7+7730U&amp;id=4771
4764,Radeon Ryzen 7 7735H,5297,763,,,Unknown,,,,,508,22,,Mar 2023,Radeon+Ryzen+7+7735H&amp;id=4764
4692,Radeon Ryzen 7 7735HS,4804,758,,,Unknown,,,,,553,1422,,Jan 2023,Radeon+Ryzen+7+7735HS&amp;id=4692
4803,Radeon Ryzen 7 7735U,4552,721,,,Unknown,,,,,573,475,,Apr 2023,Radeon+Ryzen+7+7735U&amp;id=4803
4722,Radeon Ryzen 7 7736U,5826,729,,,Unknown,,,,,462,9,,Jan 2023,Radeon+Ryzen+7+7736U&amp;id=4722
4813,Radeon Ryzen 7 7745HX,1614,599,,,Unknown,,,,,,1,,Dec 2025,Radeon+Ryzen+7+7745HX&amp;id=4813
4790,Radeon Ryzen 7 7800X3D 8-Core,1817,518,,,Unknown,,,,,1040,443,,Apr 2023,Radeon+Ryzen+7+7800X3D+8-Core&amp;id=4790
4386,Radeon Ryzen 7 Microsoft Surface Edition,2229,499,,,Unknown,,,,,903,129,,Apr 2021,Radeon+Ryzen+7+Microsoft+Surface+Edition&amp;id=4386
6590,Radeon Ryzen 7 PRO 4700G,2148,711,,,Desktop,,,,,,1,,Jun 2025,Radeon+Ryzen+7+PRO+4700G&amp;id=6590
4347,Radeon Ryzen 7 PRO 4750G,2544,665,,,Unknown,,,,,827,268,,Mar 2021,Radeon+Ryzen+7+PRO+4750G&amp;id=4347
4371,Radeon Ryzen 7 PRO 4750GE,2393,629,,,Unknown,,,,,851,80,,Mar 2021,Radeon+Ryzen+7+PRO+4750GE&amp;id=4371
4354,Radeon Ryzen 7 PRO 4750U,1962,486,,,Unknown,,,,,986,822,,Mar 2021,Radeon+Ryzen+7+PRO+4750U&amp;id=4354
6854,Radeon Ryzen 7 PRO 5755G,2886,830,,,Desktop,,,,,768,5,,Aug 2025,Radeon+Ryzen+7+PRO+5755G&amp;id=6854
5816,Radeon Ryzen 7 PRO 5755GE,2120,669,,,Desktop,,,,,934,5,,Feb 2025,Radeon+Ryzen+7+PRO+5755GE&amp;id=5816
5569,Radeon Ryzen 7 PRO 5800H,2945,780,,,Desktop,,,,,763,2,,May 2024,Radeon+Ryzen+7+PRO+5800H&amp;id=5569
4725,Radeon Ryzen 7 PRO 5875U,2178,563,,,Unknown,,,,,920,100,,Jan 2023,Radeon+Ryzen+7+PRO+5875U&amp;id=4725
4685,Radeon Ryzen 7 PRO 6850H,5519,844,,,Unknown,,,,,490,238,,Dec 2022,Radeon+Ryzen+7+PRO+6850H&amp;id=4685
4691,Radeon Ryzen 7 PRO 6850HS,5057,841,,,Unknown,,,,,532,20,,Dec 2022,Radeon+Ryzen+7+PRO+6850HS&amp;id=4691
4662,Radeon Ryzen 7 PRO 6850U,5003,747,,,Unknown,,,,,538,376,,Dec 2022,Radeon+Ryzen+7+PRO+6850U&amp;id=4662
4708,Radeon Ryzen 7 PRO 6860Z,4536,693,,,Unknown,,,,,576,23,,Jan 2023,Radeon+Ryzen+7+PRO+6860Z&amp;id=4708
4778,Radeon Ryzen 7 PRO 7730U,2226,577,,,Unknown,,,,,904,117,,Mar 2023,Radeon+Ryzen+7+PRO+7730U&amp;id=4778
4977,Radeon Ryzen 7 Pro 7735U,3889,619,,,Unknown,,,,,632,150,,Jan 2024,Radeon+Ryzen+7+Pro+7735U&amp;id=4977
4825,Radeon Ryzen 7 PRO 7745 8-Core,1661,532,,,Unknown,,,,,1095,164,,May 2023,Radeon+Ryzen+7+PRO+7745+8-Core&amp;id=4825
4361,Radeon Ryzen 9 4900H,2554,632,,,Unknown,,,,,823,101,,Jun 2021,Radeon+Ryzen+9+4900H&amp;id=4361
6301,Radeon Ryzen 9 4950U Mobile,2594,575,,,Mobile,,,,,815,2,,May 2025,Radeon+Ryzen+9+4950U+Mobile&amp;id=6301
4486,Radeon Ryzen 9 5900H,1727,469,,,Unknown,,,,,1070,7,,Jan 2022,Radeon+Ryzen+9+5900H&amp;id=4486
4472,Radeon Ryzen 9 5980HS,2749,751,,,Unknown,,,,,,1,,Oct 2022,Radeon+Ryzen+9+5980HS&amp;id=4472
4680,Radeon Ryzen 9 6900HS,6726,709,,,Unknown,,,,,408,38,,Dec 2022,Radeon+Ryzen+9+6900HS&amp;id=4680
4682,Radeon Ryzen 9 6900HS Creator Edition,4595,635,,,Unknown,,,,,570,3,,Jun 2024,Radeon+Ryzen+9+6900HS+Creator+Edition&amp;id=4682
4716,Radeon Ryzen 9 7900 12-Core,1849,563,,,Unknown,,,,,1030,285,,Jan 2023,Radeon+Ryzen+9+7900+12-Core&amp;id=4716
4659,Radeon Ryzen 9 7900X 12-Core,2125,563,,,Unknown,,,,,932,309,,Dec 2022,Radeon+Ryzen+9+7900X+12-Core&amp;id=4659
4762,Radeon Ryzen 9 7900X3D 12-Core,1764,564,,,Unknown,,,,,1059,32,,Nov 2023,Radeon+Ryzen+9+7900X3D+12-Core&amp;id=4762
4652,Radeon Ryzen 9 7950X 16-Core,2967,578,,,Unknown,,,,,757,304,,Dec 2022,Radeon+Ryzen+9+7950X+16-Core&amp;id=4652
4761,Radeon Ryzen 9 7950X3D 16-Core,1638,541,,,Unknown,,,,,1104,119,,Mar 2023,Radeon+Ryzen+9+7950X3D+16-Core&amp;id=4761
4704,Radeon Ryzen 9 PRO 6950H,5617,889,,,Unknown,,,,,478,104,,Mar 2024,Radeon+Ryzen+9+PRO+6950H&amp;id=4704
4729,Radeon Ryzen 9 PRO 6950HS,4463,816,,,Unknown,,,,,584,19,,Jan 2023,Radeon+Ryzen+9+PRO+6950HS&amp;id=4729
4826,Radeon Ryzen 9 PRO 7945 12-Core,1597,559,,,Unknown,,,,,1124,25,,May 2023,Radeon+Ryzen+9+PRO+7945+12-Core&amp;id=4826
6390,Radeon Ryzen Embedded R2312,631,257,,,Desktop,,,,,1682,17,,May 2025,Radeon+Ryzen+Embedded+R2312&amp;id=6390
4969,Radeon Ryzen Embedded R2314,1253,342,,,Unknown,,,,,1243,43,,Jan 2024,Radeon+Ryzen+Embedded+R2314&amp;id=4969
4901,Radeon Ryzen Embedded R2514,1245,348,,,Unknown,,,,,1244,28,,Aug 2023,Radeon+Ryzen+Embedded+R2514&amp;id=4901
4907,Radeon Ryzen Embedded R2544,1516,404,,,Unknown,,,,,1157,16,,Aug 2023,Radeon+Ryzen+Embedded+R2544&amp;id=4907
4544,Radeon Ryzen Embedded V2516,1715,507,,,Unknown,,,,,1077,6,,May 2022,Radeon+Ryzen+Embedded+V2516&amp;id=4544
5059,Radeon Ryzen Embedded V2546,1435,358,,,Desktop,,,,,1188,4,,Apr 2024,Radeon+Ryzen+Embedded+V2546&amp;id=5059
4375,Radeon Ryzen Embedded V2718,1935,528,,,Unknown,,,,,994,13,,Mar 2021,Radeon+Ryzen+Embedded+V2718&amp;id=4375
4389,Radeon Ryzen Embedded V2748,1897,518,,,Unknown,,,,,1010,16,,May 2021,Radeon+Ryzen+Embedded+V2748&amp;id=4389
5988,Radeon Ryzen Z2 Go,4725,672,,,Desktop,,,,,562,14,,Mar 2025,Radeon+Ryzen+Z2+Go&amp;id=5988
4071,Radeon Sky 500,4723,634,,,Unknown,,,,,563,12,,Apr 2019,Radeon+Sky+500&amp;id=4071
5076,Radeon TM,5567,697,,,Desktop,,,,,482,407,,May 2024,Radeon+TM&amp;id=5076
3473,Radeon TM R9 A360,2060,646,,,Unknown,,,,,952,5,,Apr 2016,Radeon+TM+R9+A360&amp;id=3473
8104,Radeon V520 MxGPU,10474,330,,,Desktop,,,,,,1,,Jan 2026,Radeon+V520+MxGPU&amp;id=8104
1751,Radeon VE,2,36,,,Unknown,,,,,2821,1,,Apr 2009,Radeon+VE&amp;id=1751
4074,Radeon Vega 10,1479,333,,,Unknown,,,,,1172,312,,Apr 2019,Radeon+Vega+10&amp;id=4074
3857,Radeon Vega 10 Mobile,1535,343,,,Unknown,,,,,1152,439,,Dec 2017,Radeon+Vega+10+Mobile&amp;id=3857
4136,Radeon Vega 11,1868,468,,,Unknown,,,,,1021,803,,Sep 2019,Radeon+Vega+11&amp;id=4136
4770,Radeon Vega 11 Ryzen 5 PRO 3350G,2216,481,,,Unknown,,,,,911,25,,Mar 2023,Radeon+Vega+11+Ryzen+5+PRO+3350G&amp;id=4770
4774,Radeon Vega 11 Ryzen 5 PRO 3350GE,1811,441,,,Unknown,,,,,1043,2,,Mar 2023,Radeon+Vega+11+Ryzen+5+PRO+3350GE&amp;id=4774
4724,Radeon Vega 11 Ryzen 5 PRO 3400G,1985,460,,,Unknown,,,,,975,211,,Jan 2023,Radeon+Vega+11+Ryzen+5+PRO+3400G&amp;id=4724
4260,Radeon Vega 2,525,245,,,Unknown,,,,,1829,12,,Sep 2020,Radeon+Vega+2&amp;id=4260
4828,Radeon Vega 2 Athlon Silver 3050U,512,197,,,Unknown,,,,,1842,13,,Jun 2023,Radeon+Vega+2+Athlon+Silver+3050U&amp;id=4828
3926,Radeon Vega 3,891,302,,,Unknown,,,,,1432,3039,2677.99,Apr 2018,Radeon+Vega+3&amp;id=3926
4690,Radeon Vega 3 3020e,689,186,,,Unknown,,,,,1616,72,,Dec 2022,Radeon+Vega+3+3020e&amp;id=4690
4700,Radeon Vega 3 Athlon 3000G,961,323,,,Unknown,,,,,1385,238,,Jan 2023,Radeon+Vega+3+Athlon+3000G&amp;id=4700
4664,Radeon Vega 3 Athlon 300GE,950,336,,,Unknown,,,,,1390,8,,Dec 2022,Radeon+Vega+3+Athlon+300GE&amp;id=4664
4734,Radeon Vega 3 Athlon 300U,783,217,,,Unknown,,,,,1514,44,,Feb 2023,Radeon+Vega+3+Athlon+300U&amp;id=4734
4812,Radeon Vega 3 Athlon 320GE,733,271,,,Unknown,,,,,1576,12,,May 2023,Radeon+Vega+3+Athlon+320GE&amp;id=4812
7535,Radeon Vega 3 Athlon Gold 3150C,366,85,,,Desktop,,,,,,1,,Nov 2025,Radeon+Vega+3+Athlon+Gold+3150C&amp;id=7535
4853,Radeon Vega 3 Athlon Gold 3150G,1089,405,,,Unknown,,,,,1309,3,,Jul 2023,Radeon+Vega+3+Athlon+Gold+3150G&amp;id=4853
4694,Radeon Vega 3 Athlon Gold 3150U,684,204,,,Unknown,,,,,1623,20,,Jan 2023,Radeon+Vega+3+Athlon+Gold+3150U&amp;id=4694
5680,Radeon Vega 3 Athlon Gold PRO 3150G,837,311,,,Desktop,,,,,,1,,Jan 2025,Radeon+Vega+3+Athlon+Gold+PRO+3150G&amp;id=5680
4710,Radeon Vega 3 Athlon Gold PRO 3150GE,920,433,,,Unknown,,,,,,1,,Jan 2023,Radeon+Vega+3+Athlon+Gold+PRO+3150GE&amp;id=4710
4701,Radeon Vega 3 Athlon Silver 3050e,498,167,,,Unknown,,,,,1864,27,,Jan 2023,Radeon+Vega+3+Athlon+Silver+3050e&amp;id=4701
4707,Radeon Vega 3 Athlon Silver 3050U,744,220,,,Unknown,,,,,1563,16,,Jan 2023,Radeon+Vega+3+Athlon+Silver+3050U&amp;id=4707
3871,Radeon Vega 3 Mobile,1053,325,,,Unknown,,,,,1336,49,,Dec 2017,Radeon+Vega+3+Mobile&amp;id=3871
7288,Radeon Vega 3 Mobile Ryzen 5 3500U,1764,376,,,Desktop,,,,,,1,,Oct 2025,Radeon+Vega+3+Mobile+Ryzen+5+3500U&amp;id=7288
4693,Radeon Vega 3 Ryzen 3 3200U,842,257,,,Unknown,,,,,1465,472,,Jan 2023,Radeon+Vega+3+Ryzen+3+3200U&amp;id=4693
4696,Radeon Vega 3 Ryzen 3 3250U,681,207,,,Unknown,,,,,1626,308,,Jan 2023,Radeon+Vega+3+Ryzen+3+3250U&amp;id=4696
4777,Radeon Vega 3 Ryzen Embedded R1305G,587,195,,,Unknown,,,,,1741,10,,Feb 2023,Radeon+Vega+3+Ryzen+Embedded+R1305G&amp;id=4777
4687,Radeon Vega 3 Ryzen Embedded R1505G,729,262,,,Unknown,,,,,1582,70,,Dec 2022,Radeon+Vega+3+Ryzen+Embedded+R1505G&amp;id=4687
5192,Radeon Vega 3 Ryzen Embedded R1606G,951,309,,,Desktop,,,,,1388,9,,Oct 2024,Radeon+Vega+3+Ryzen+Embedded+R1606G&amp;id=5192
3937,Radeon Vega 6,1317,329,,,Unknown,,,,,1217,493,1799.99,May 2018,Radeon+Vega+6&amp;id=3937
4746,Radeon Vega 6 Ryzen 3 3300U,1335,312,,,Unknown,,,,,1213,79,,Feb 2023,Radeon+Vega+6+Ryzen+3+3300U&amp;id=4746
4678,Radeon Vega 6 Ryzen 3 3350U,1398,334,,,Unknown,,,,,1195,35,,Dec 2022,Radeon+Vega+6+Ryzen+3+3350U&amp;id=4678
3895,Radeon Vega 8,1563,399,,0,"Desktop, Mobile",Integrated,0,1100,,1138,9956,126.86,Feb 2018,Radeon+Vega+8&amp;id=3895
3845,Radeon Vega 8 Mobile,1443,332,,,Unknown,,,,,1184,520,,Nov 2017,Radeon+Vega+8+Mobile&amp;id=3845
6207,Radeon Vega 8 Mobile Ryzen 5 3500U,2006,406,,,Mobile,,,,,,1,,Jul 2025,Radeon+Vega+8+Mobile+Ryzen+5+3500U&amp;id=6207
4673,Radeon Vega 8 Ryzen 3 3200G,1689,419,,,Unknown,,,,,1086,1438,,Dec 2022,Radeon+Vega+8+Ryzen+3+3200G&amp;id=4673
4793,Radeon Vega 8 Ryzen 3 3200GE,1916,453,,,Unknown,,,,,1001,14,,Apr 2023,Radeon+Vega+8+Ryzen+3+3200GE&amp;id=4793
4753,Radeon Vega 8 Ryzen 3 PRO 3200G,1461,385,,,Unknown,,,,,1177,129,,Feb 2023,Radeon+Vega+8+Ryzen+3+PRO+3200G&amp;id=4753
4709,Radeon Vega 8 Ryzen 5 3450U,1295,312,,,Unknown,,,,,1224,125,,Jan 2023,Radeon+Vega+8+Ryzen+5+3450U&amp;id=4709
6106,Radeon Vega 8 Ryzen 5 3500C,1410,388,,,Desktop,,,,,,1,,Apr 2025,Radeon+Vega+8+Ryzen+5+3500C&amp;id=6106
4667,Radeon Vega 8 Ryzen 5 3500U,1355,310,,,Unknown,,,,,1207,2305,,Dec 2022,Radeon+Vega+8+Ryzen+5+3500U&amp;id=4667
8801,Radeon Vega 8 Ryzen 5 3501U,1647,416,,,Desktop,,,,,1100,3,,May 2026,Radeon+Vega+8+Ryzen+5+3501U&amp;id=8801
4663,Radeon Vega 8 Ryzen 5 3550H,1841,343,,,Unknown,,,,,1032,110,,Dec 2022,Radeon+Vega+8+Ryzen+5+3550H&amp;id=4663
7043,Radeon Vega 8 Ryzen 5 3580U,1621,408,,,Desktop,,,,,1111,2,,Sep 2025,Radeon+Vega+8+Ryzen+5+3580U&amp;id=7043
4156,Radeon Vega 9,1588,402,,,Unknown,,,,,1129,57,,Oct 2019,Radeon+Vega+9&amp;id=4156
4805,Radeon Vega 9 Ryzen 5 3550H,1572,356,,,Unknown,,,,,1136,11,,Apr 2023,Radeon+Vega+9+Ryzen+5+3550H&amp;id=4805
4742,Radeon Vega 9 Ryzen 5 Microsoft Surface Edition,1546,360,,,Unknown,,,,,1142,37,,Feb 2023,Radeon+Vega+9+Ryzen+5+Microsoft+Surface+Edition&amp;id=4742
3775,Radeon Vega Frontier Edition,12656,733,350,16384,Desktop,PCIe 3.0 x16 ,16384,1382,1382,225,188,1679.99,Jun 2017,Radeon+Vega+Frontier+Edition&amp;id=3775
4050,Radeon VII,16227,797,300,16384,Desktop,PCIe 3.0 x16,16384,1400,,145,873,1899.95,Feb 2019,Radeon+VII&amp;id=4050
5048,Radeon with 3 5300U Ryzen 3 5300U,1266,449,,,Unknown,,,,,,1,,Apr 2024,Radeon+with+3+5300U+Ryzen+3+5300U&amp;id=5048
609,Radeon X1050,49,245,,256,Desktop,PCI-E x16,256,400,400,2523,49,,Apr 2009,Radeon+X1050&amp;id=609
610,Radeon X1200,33,169,,,Unknown,,,,,2602,77,,Oct 2010,Radeon+X1200&amp;id=610
611,Radeon X1250,37,199,,,Unknown,,,,,2573,108,,May 2009,Radeon+X1250&amp;id=611
612,Radeon X1270,31,169,,,Unknown,,,,,2606,63,,Oct 2010,Radeon+X1270&amp;id=612
154,Radeon X1300,58,237,,256,Desktop,"AGP 8x, PCI, PCI-E x16",256,450,450,2493,18,95.78,Jul 2009,Radeon+X1300&amp;id=154
159,Radeon X1300 PRO,84,313,,,Unknown,,,,,2419,54,,Nov 2009,Radeon+X1300+PRO&amp;id=159
613,Radeon X1550,67,253,27,512,Desktop,"AGP 8x, PCI, PCI-E x16",512,550,550,2474,31,155.0,Jul 2009,Radeon+X1550&amp;id=613
1752,Radeon X1550 64-bit,48,257,,,Unknown,,,,,2528,41,,Dec 2009,Radeon+X1550+64-bit&amp;id=1752
1753,Radeon X1600,49,209,,,Unknown,,,,,2521,5,,May 2009,Radeon+X1600&amp;id=1753
2494,Radeon X1600 Pro,99,273,41,512,Desktop,"AGP 8x,PCI-E x16",512,500,500,2381,116,,Oct 2012,Radeon+X1600+Pro&amp;id=2494
1755,Radeon X1600 Pro / X1300XT,69,285,,,Unknown,,,,,2465,2,,Jan 2010,Radeon+X1600+Pro+%2F+X1300XT&amp;id=1755
2493,Radeon X1600 XT,116,356,42,512,Desktop,"AGP 8x,PCI-E x16",512,590,590,2330,32,,Dec 2012,Radeon+X1600+XT&amp;id=2493
1756,Radeon X1650 GTO,75,384,,,Unknown,,,,,2445,2,,Oct 2009,Radeon+X1650+GTO&amp;id=1756
614,Radeon X1650 Pro,85,241,44,512,Desktop,"AGP 8x,PCI-E x16",512,600,600,2416,52,160.89,Jan 2010,Radeon+X1650+Pro&amp;id=614
1757,Radeon X1650 SE,71,358,,,Unknown,,,,,2457,2,,Apr 2009,Radeon+X1650+SE&amp;id=1757
2206,Radeon X1700 Targa Edition,117,255,,,Unknown,,,,,2328,2,,Oct 2012,Radeon+X1700+Targa+Edition&amp;id=2206
1760,Radeon X1800 GTO,141,415,48,512,Desktop,PCI-E x16,512,500,500,2264,13,,Jul 2009,Radeon+X1800+GTO&amp;id=1760
1761,Radeon X1900 CrossFire Edition,137,507,100,512,Desktop,PCI-E x16,512,625,625,2274,4,,Mar 2011,Radeon+X1900+CrossFire+Edition&amp;id=1761
1762,Radeon X1900 GT,146,409,75,256,Desktop,PCI-E x16,256,575,575,2251,14,,Jul 2009,Radeon+X1900+GT&amp;id=1762
1763,Radeon X1950 CrossFire Edition,151,466,,512,Desktop,PCI-E x16,512,650,650,2235,2,,May 2009,Radeon+X1950+CrossFire+Edition&amp;id=1763
615,Radeon X1950 GT,106,279,57,512,Desktop,"AGP 8x,PCI-E x16",512,500,500,2359,31,,Mar 2010,Radeon+X1950+GT&amp;id=615
1764,Radeon X1950 Pro,113,318,66,512,Desktop,"AGP 8x,PCI-E x16",512,575,575,2342,116,,Sep 2009,Radeon+X1950+Pro&amp;id=1764
1765,RADEON X300SE,38,242,,,Unknown,,,,,2568,287,,Apr 2009,RADEON+X300SE&amp;id=1765
1766,RADEON X550,51,266,,256,Desktop,PCI-E x16,256,400,400,2516,14,,Jul 2009,RADEON+X550&amp;id=1766
1767,RADEON X550XT,56,224,,,Unknown,,,,,2502,6,,Jul 2009,RADEON+X550XT&amp;id=1767
1768,Radeon X550XTX,71,240,,,Unknown,,,,,2458,5,,Oct 2009,Radeon+X550XTX&amp;id=1768
1769,RADEON X600 256MB HyperMemory,57,210,,256,Desktop, PCI-E x16,256,400,400,2501,38,,Apr 2009,RADEON+X600+256MB+HyperMemory&amp;id=1769
161,RADEON X600 PRO,67,252,,,Unknown,,,,,2471,5,160.49,Apr 2009,RADEON+X600+PRO&amp;id=161
155,RADEON X600 SE,49,229,,,Unknown,,,,,2525,6,56.18,Oct 2009,RADEON+X600+SE&amp;id=155
1772,RADEON X600XT,92,258,,,Unknown,,,,,2403,2,,Dec 2009,RADEON+X600XT&amp;id=1772
1773,RADEON X700,73,248,,256,Desktop,AGP 8x,256,400,400,2452,32,,Mar 2010,RADEON+X700&amp;id=1773
1774,RADEON X700 PRO,76,302,,256,Desktop,AGP 8x,256,425,425,2443,16,,May 2009,RADEON+X700+PRO&amp;id=1774
1775,RADEON X700 SE,71,348,,128,Desktop,PCI-E x16,128,400,400,2456,9,,Jul 2009,RADEON+X700+SE&amp;id=1775
618,RADEON X800 GT,84,423,,256,Desktop,AGP 8x,256,475,475,2420,7,,Apr 2009,RADEON+X800+GT&amp;id=618
1777,RADEON X800 GTO,115,162,,256,Desktop,AGP 8x,256,400,400,2333,31,,Nov 2010,RADEON+X800+GTO&amp;id=1777
1778,RADEON X800 PRO,65,190,,256,Desktop,AGP 8x,256,475,475,2478,8,,Jun 2009,RADEON+X800+PRO&amp;id=1778
1779,RADEON X800 PRO/GTO,73,181,,256,Desktop,AGP 8x,256,400,400,2449,14,,Nov 2009,RADEON+X800+PRO%2FGTO&amp;id=1779
1780,RADEON X800 SE,130,384,,256,Desktop,AGP 8x,256,425,425,2291,1,,Apr 2009,RADEON+X800+SE&amp;id=1780
619,RADEON X800 XL,69,271,,256,Desktop,AGP 8x,256,400,400,2464,11,,Mar 2011,RADEON+X800+XL&amp;id=619
81,RADEON X800 XT,98,271,,256,Desktop,AGP 8x,256,500,500,2388,9,,Aug 2012,RADEON+X800+XT&amp;id=81
1781,RADEON X800 XT Platinum Edition,81,170,,256,Desktop,PCI-E x16,256,520,520,2433,1,,Jul 2012,RADEON+X800+XT+Platinum+Edition&amp;id=1781
1782,RADEON X800GT,80,264,,,Unknown,,,,,2439,12,,Apr 2009,RADEON+X800GT&amp;id=1782
620,RADEON X850 PRO,73,157,,256,Desktop,AGP 8x,256,507,507,2451,3,,Nov 2010,RADEON+X850+PRO&amp;id=620
1784,RADEON X850 XT,81,326,,256,Desktop,AGP 8x,256,520,520,2436,9,,Apr 2009,RADEON+X850+XT&amp;id=1784
621,RADEON X850 XT Platinum Edition,82,261,,256,Desktop,PCI-E x16,256,540,540,2427,9,,Mar 2011,RADEON+X850+XT+Platinum+Edition&amp;id=621
622,Radeon Xpress 1100,34,187,,,Unknown,,,,,2590,166,,Apr 2009,Radeon+Xpress+1100&amp;id=622
624,Radeon Xpress 1150,30,192,,,Unknown,,,,,2612,193,,Aug 2009,Radeon+Xpress+1150&amp;id=624
625,Radeon Xpress 1200,36,192,,,Unknown,,,,,2581,10,,May 2009,Radeon+Xpress+1200&amp;id=625
104,Radeon Xpress 1250,43,197,,,Unknown,,,,,2548,75,,Aug 2012,Radeon+Xpress+1250&amp;id=104
626,Radeon Xpress 1270,27,191,,,Unknown,,,,,2622,2,,Nov 2009,Radeon+Xpress+1270&amp;id=626
2830,Radeon Xpress 1300,52,266,,,Unknown,,,,,2508,1,,Mar 2014,Radeon+Xpress+1300&amp;id=2830
1785,Radeon Xpress 1300M,40,195,,,Mobile,,,,,2555,1,,Aug 2011,Radeon+Xpress+1300M&amp;id=1785
627,RADEON XPRESS 200,30,188,,,Unknown,,,,,2613,14,,Oct 2009,RADEON+XPRESS+200&amp;id=627
2875,RADEON XPRESS 200 CROSSFIRE,18,164,,,Unknown,,,,,2653,1,,May 2014,RADEON+XPRESS+200+CROSSFIRE&amp;id=2875
628,RADEON XPRESS 200M,23,176,,,Mobile,,,,,2643,25,,Apr 2009,RADEON+XPRESS+200M&amp;id=628
4775,RadeonT 610M,1067,250,,,Mobile,,,,,1327,94,,Mar 2023,RadeonT+610M&amp;id=4775
4766,RadeonT 660M,2221,755,,,Mobile,,,,,908,3,,May 2024,RadeonT+660M&amp;id=4766
4856,RadeonT 660M Ryzen 5 6600H,6700,638,,,Mobile,,,,,411,3,,Dec 2024,RadeonT+660M+Ryzen+5+6600H&amp;id=4856
4859,RadeonT 660M Ryzen 5 7535HS,4051,701,,,Mobile,,,,,614,3,,Jul 2023,RadeonT+660M+Ryzen+5+7535HS&amp;id=4859
4972,RadeonT 680M,5680,617,,,Mobile,,,,,,1,,Feb 2026,RadeonT+680M&amp;id=4972
4806,RadeonT 680M Ryzen 7 6800H,2381,521,,,Mobile,,,,,853,2,,Dec 2024,RadeonT+680M+Ryzen+7+6800H&amp;id=4806
4896,RadeonT 680M Ryzen 7 7735HS,5727,660,,,Mobile,,,,,473,10,,Nov 2023,RadeonT+680M+Ryzen+7+7735HS&amp;id=4896
5005,RadeonT 760M,5846,760,,,Mobile,,,,,,1,,Feb 2024,RadeonT+760M&amp;id=5005
4897,RadeonT 780M,7075,800,,,Mobile,,,,,396,107,,Aug 2023,RadeonT+780M&amp;id=4897
7529,RadeonT Athlon Silver 3050e,742,243,,,Desktop,,,,,,1,,Nov 2025,RadeonT+Athlon+Silver+3050e&amp;id=7529
4849,RadeonT RX 6850M XT,14374,654,165,12288,Mobile,PCIe 4.0 x16,12288,2321,2321,184,12,,Jun 2023,RadeonT+RX+6850M+XT&amp;id=4849
4823,RadeonT RX Vega 11,1916,426,,,Unknown,,,,,1002,7,,May 2023,RadeonT+RX+Vega+11&amp;id=4823
9097,RadeonT Ryzen 3 3250C 15W,732,126,,,Desktop,,,,,1579,1,,Jul 2026,RadeonT+Ryzen+3+3250C+15W&amp;id=9097
6243,RadeonT Ryzen 3 3250U,582,226,,,Desktop,,,,,1749,2,,Apr 2025,RadeonT+Ryzen+3+3250U&amp;id=6243
4733,RadeonT Vega 8,1894,355,,,Unknown,,,,,,1,,Feb 2023,RadeonT+Vega+8&amp;id=4733
1788,Rage 128 Pro,1,40,,,Unknown,,,,,2831,1,,Apr 2009,Rage+128+Pro&amp;id=1788
1790,RAGE 128 PRO AGP 4X TMDS,1,142,,,Unknown,,,,,2833,2,,Apr 2009,RAGE+128+PRO+AGP+4X+TMDS&amp;id=1790
1797,Rage Fury Pro/Xpert 2000 Pro,3,53,,,Unknown,,,,,2794,2,,May 2009,Rage+Fury+Pro%2FXpert+2000+Pro&amp;id=1797
5031,RDPDD Chained DD,196,7,,,Unknown,,,,,2177,186,,Mar 2024,RDPDD+Chained+DD&amp;id=5031
3314,Red Hat QXL controller,52,269,,,Unknown,,,,,2507,3,,Sep 2015,Red+Hat+QXL+controller&amp;id=3314
4500,Red Hat VirtIO GPU DOD controller,1558,73,,,Unknown,,,,,1140,5,,Feb 2022,Red+Hat+VirtIO+GPU+DOD+controller&amp;id=4500
8943,Redmi K20 Pro Adreno 640 GPU,442,191,,,Desktop,,,,,,1,,Jun 2026,Redmi+K20+Pro+Adreno+640+GPU&amp;id=8943
3577,RGH Drivers v3,11,312,,,Unknown,,,,,2673,2,,Sep 2016,RGH+Drivers+v3&amp;id=3577
1665,RIVA TNT2 Model 64/Model 64 Pro,4,107,,,Unknown,,,,,2771,24,,Sep 2009,RIVA+TNT2+Model+64%2FModel+64+Pro&amp;id=1665
1667,RIVA TNT2/TNT2 Pro,3,71,,,Unknown,,,,,2783,2,,Apr 2009,RIVA+TNT2%2FTNT2+Pro&amp;id=1667
5011,RTX 1000 Ada Generation Laptop GPU,13590,561,,,Mobile,,,,,206,663,,Mar 2024,RTX+1000+Ada+Generation+Laptop+GPU&amp;id=5011
5014,RTX 2000 Ada Generation,16959,1072,,,Unknown,,,,,128,977,717.59,Mar 2024,RTX+2000+Ada+Generation&amp;id=5014
5543,RTX 2000 Ada Generation Embedded GPU,14077,772,,,Desktop,,,,,192,30,,May 2024,RTX+2000+Ada+Generation+Embedded+GPU&amp;id=5543
4785,RTX 2000 Ada Generation Laptop GPU,14832,600,,,Mobile,,,,,178,2090,,Feb 2023,RTX+2000+Ada+Generation+Laptop+GPU&amp;id=4785
5597,RTX 2000E Ada Generation,15464,1102,,,Desktop,,,,,159,72,,May 2024,RTX+2000E+Ada+Generation&amp;id=5597
4930,RTX 3000 Ada Generation Laptop GPU,16062,542,,,Mobile,,,,,149,338,,Oct 2023,RTX+3000+Ada+Generation+Laptop+GPU&amp;id=4930
5276,RTX 3500 Ada Generation Embedded GPU,22926,894,,,Desktop,,,,,61,7,,Dec 2024,RTX+3500+Ada+Generation+Embedded+GPU&amp;id=5276
4800,RTX 3500 Ada Generation Laptop GPU,19801,714,,,Mobile,,,,,92,862,,Apr 2023,RTX+3500+Ada+Generation+Laptop+GPU&amp;id=4800
4942,RTX 4000 Ada Generation,23655,1106,130,20480,Workstation,PCIe 4.0 x16,20480,1500,1500,57,1066,,Oct 2023,RTX+4000+Ada+Generation&amp;id=4942
4819,RTX 4000 Ada Generation Laptop GPU,22090,718,,,Mobile,,,,,72,440,,May 2023,RTX+4000+Ada+Generation+Laptop+GPU&amp;id=4819
4801,RTX 4000 SFF Ada Generation,20558,1060,,,Unknown,,,,,84,239,,Apr 2023,RTX+4000+SFF+Ada+Generation&amp;id=4801
4958,RTX 4500 Ada Generation,28161,1163,,,Unknown,,,,,28,156,,Nov 2023,RTX+4500+Ada+Generation&amp;id=4958
5056,RTX 500 Ada Generation Laptop GPU,11190,533,,,Mobile,,,,,269,912,,Apr 2024,RTX+500+Ada+Generation+Laptop+GPU&amp;id=5056
4935,RTX 5000 Ada Generation,30648,1010,,,Unknown,,,,,18,217,,Oct 2023,RTX+5000+Ada+Generation&amp;id=4935
5277,RTX 5000 Ada Generation Embedded GPU,17056,592,,,Desktop,,,,,125,6,,Dec 2024,RTX+5000+Ada+Generation+Embedded+GPU&amp;id=5277
4807,RTX 5000 Ada Generation Laptop GPU,23229,755,,,Mobile,,,,,59,405,,Apr 2023,RTX+5000+Ada+Generation+Laptop+GPU&amp;id=4807
5146,RTX 5880 Ada Generation,25096,777,,,Desktop,,,,,47,8,,Aug 2024,RTX+5880+Ada+Generation&amp;id=5146
4768,RTX 6000 Ada Generation,28798,1009,,,Unknown,,,,,23,271,,Mar 2023,RTX+6000+Ada+Generation&amp;id=4768
5118,RTX A1000,10682,1057,,,Desktop,,,,,277,715,519.99,Jul 2024,RTX+A1000&amp;id=5118
4804,RTX A1000 6GB Laptop GPU,10044,591,,,Mobile,,,,,292,678,,Apr 2023,RTX+A1000+6GB+Laptop+GPU&amp;id=4804
4613,RTX A1000 Embedded GPU,9705,680,,,Unknown,,,,,301,7,,Oct 2022,RTX+A1000+Embedded+GPU&amp;id=4613
4558,RTX A1000 Laptop GPU,9380,524,,,Mobile,,,,,317,1087,,Jun 2022,RTX+A1000+Laptop+GPU&amp;id=4558
4477,RTX A2000,13421,951,,,Unknown,,,,,210,1093,574.99,Nov 2021,RTX+A2000&amp;id=4477
4533,RTX A2000 12GB,13661,1098,,,Unknown,,,,,200,1619,,Apr 2022,RTX+A2000+12GB&amp;id=4533
4553,RTX A2000 8GB Laptop GPU,10434,559,,,Mobile,,,,,284,1184,,Jun 2022,RTX+A2000+8GB+Laptop+GPU&amp;id=4553
5760,RTX A2000 Embedded GPU,11137,708,,,Desktop,,,,,270,6,,Feb 2025,RTX+A2000+Embedded+GPU&amp;id=5760
4438,RTX A2000 Laptop GPU,9438,507,95,4096,"Mobile, Workstation",PCIe 4.0 x16,4096,,,314,2000,,Jul 2021,RTX+A2000+Laptop+GPU&amp;id=4438
4503,RTX A3000 12GB Laptop GPU,13855,609,115,12288,"Mobile, Workstation",PCIe 4.0 x16,12288,855,855,196,541,,Feb 2022,RTX+A3000+12GB+Laptop+GPU&amp;id=4503
4414,RTX A3000 Laptop GPU,12580,556,130,6144,"Mobile, Workstation",PCIe 4.0 x16,6144,600,600,230,1266,,Jun 2021,RTX+A3000+Laptop+GPU&amp;id=4414
5160,RTX A400,5980,899,,,Desktop,,,,,453,659,219.99,Aug 2024,RTX+A400&amp;id=5160
4394,RTX A4000,19361,1018,140,16384,Workstation,PCIe 4.0 x16,16384,735,735,100,2435,1042.99,May 2021,RTX+A4000&amp;id=4394
4421,RTX A4000 Laptop GPU,14657,583,140,16384,"Mobile, Workstation",PCIe 4.0 x16,16384,735,735,181,590,,Jul 2021,RTX+A4000+Laptop+GPU&amp;id=4421
7178,RTX A4000H,16768,601,,,Desktop,,,,,132,6,,Sep 2025,RTX+A4000H&amp;id=7178
4514,RTX A4500,20623,997,200,20480,Workstation,PCIe 4.0 x16,20480,1050,1050,83,570,1199.95,Mar 2022,RTX+A4500&amp;id=4514
4947,RTX A4500 Embedded GPU,8900,467,80,16384,"Mobile, Workstation",PCIe 4.0 x16,16384,510,510,333,14,,Nov 2023,RTX+A4500+Embedded+GPU&amp;id=4947
4565,RTX A4500 Laptop GPU,16835,709,140,16384,"Mobile, Workstation",PCIe 4.0 x16,16384,930,930,131,441,,Jul 2022,RTX+A4500+Laptop+GPU&amp;id=4565
5223,RTX A500 Embedded GPU,6369,379,,,Desktop,,,,,429,11,,Nov 2024,RTX+A500+Embedded+GPU&amp;id=5223
4649,RTX A500 Laptop GPU,6541,412,,,Mobile,,,,,422,921,,Dec 2022,RTX+A500+Laptop+GPU&amp;id=4649
4390,RTX A5000,22873,1062,230,24576,Workstation,PCIe 4.0 x16,24576,1170,1170,62,950,2229.99,May 2021,RTX+A5000&amp;id=4390
4416,RTX A5000 Laptop GPU,16340,661,165,16384,"Mobile, Workstation",,16384,,,142,462,,Jun 2021,RTX+A5000+Laptop+GPU&amp;id=4416
4539,RTX A5500,21192,911,230,24576,Workstation,PCIe 4.0 x16,24576,1080,1080,79,58,2990.0,May 2022,RTX+A5500&amp;id=4539
4562,RTX A5500 Laptop GPU,17327,723,165,16384,"Mobile, Workstation",PCIe 4.0 x16,16384,975,975,122,281,,Jul 2022,RTX+A5500+Laptop+GPU&amp;id=4562
4337,RTX A6000,22617,909,300,49152,Workstation,PCIe 4.0 x16,49152,1410,1410,66,482,4109.99,Jan 2021,RTX+A6000&amp;id=4337
6258,RTX PRO 1000 Blackwell Generation Laptop GPU,14609,731,,,Mobile,,,,,182,468,,Apr 2025,RTX+PRO+1000+Blackwell+Generation+Laptop+GPU&amp;id=6258
6766,RTX PRO 2000 Blackwell,20143,1313,,,Desktop,,,,,88,138,849.99,Jul 2025,RTX+PRO+2000+Blackwell&amp;id=6766
9047,RTX PRO 2000 Blackwell Embedded GPU,16242,667,,,Desktop,,,,,144,1,,Jun 2026,RTX+PRO+2000+Blackwell+Embedded+GPU&amp;id=9047
6259,RTX PRO 2000 Blackwell Generation Laptop GPU,16315,757,,,Mobile,,,,,143,673,,Apr 2025,RTX+PRO+2000+Blackwell+Generation+Laptop+GPU&amp;id=6259
6377,RTX PRO 3000 Blackwell Generation Laptop GPU,21228,830,,,Mobile,,,,,78,268,,May 2025,RTX+PRO+3000+Blackwell+Generation+Laptop+GPU&amp;id=6377
7095,RTX PRO 4000 Blackwell,28209,1260,,,Desktop,,,,,27,175,2299.99,Sep 2025,RTX+PRO+4000+Blackwell&amp;id=7095
6530,RTX PRO 4000 Blackwell Generation Laptop GPU,23480,881,,,Desktop,,,,,58,206,,Jun 2025,RTX+PRO+4000+Blackwell+Generation+Laptop+GPU&amp;id=6530
7025,RTX PRO 4000 Blackwell SFF Edition,23935,1176,,,Desktop,,,,,55,45,,Sep 2025,RTX+PRO+4000+Blackwell+SFF+Edition&amp;id=7025
6820,RTX PRO 4500 Blackwell,33509,1331,,,Desktop,,,,,8,118,2868.99,Aug 2025,RTX+PRO+4500+Blackwell&amp;id=6820
8387,RTX PRO 500 Blackwell Embedded GPU,10202,449,,,Desktop,,,,,286,2,,Mar 2026,RTX+PRO+500+Blackwell+Embedded+GPU&amp;id=8387
6346,RTX PRO 500 Blackwell Generation Laptop GPU,13002,694,,,Mobile,,,,,219,377,,May 2025,RTX+PRO+500+Blackwell+Generation+Laptop+GPU&amp;id=6346
7823,RTX PRO 5000 72GB Blackwell,24310,914,,,Desktop,,,,,53,4,,Dec 2025,RTX+PRO+5000+72GB+Blackwell&amp;id=7823
6999,RTX PRO 5000 Blackwell,31411,1264,,,Desktop,,,,,17,55,4559.99,Sep 2025,RTX+PRO+5000+Blackwell&amp;id=6999
6785,RTX PRO 5000 Blackwell Generation Laptop GPU,24565,898,,,Desktop,,,,,51,132,,Aug 2025,RTX+PRO+5000+Blackwell+Generation+Laptop+GPU&amp;id=6785
7543,RTX Pro 6000 Blackwell DC-12Q,2685,70,,,Desktop,,,,,801,2,,Nov 2025,RTX+Pro+6000+Blackwell+DC-12Q&amp;id=7543
7663,RTX Pro 6000 Blackwell DC-24Q,4988,98,,,Desktop,,,,,539,2,,Nov 2025,RTX+Pro+6000+Blackwell+DC-24Q&amp;id=7663
8287,RTX Pro 6000 Blackwell DC-2B,473,79,,,Desktop,,,,,,1,,Feb 2026,RTX+Pro+6000+Blackwell+DC-2B&amp;id=8287
8370,RTX Pro 6000 Blackwell DC-3Q,2286,42,,,Desktop,,,,,884,2,,Mar 2026,RTX+Pro+6000+Blackwell+DC-3Q&amp;id=8370
8777,RTX Pro 6000 Blackwell DC-8Q,1637,99,,,Desktop,,,,,1105,2,,May 2026,RTX+Pro+6000+Blackwell+DC-8Q&amp;id=8777
6527,RTX PRO 6000 Blackwell Max-Q Workstation Edition,32572,1202,,,Desktop,,,,,12,119,,Jun 2025,RTX+PRO+6000+Blackwell+Max-Q+Workstation+Edition&amp;id=6527
6962,RTX PRO 6000 Blackwell Server Edition,27962,966,,,Desktop,,,,,30,4,,Sep 2025,RTX+PRO+6000+Blackwell+Server+Edition&amp;id=6962
6307,RTX PRO 6000 Blackwell Workstation Edition,38194,1395,,,Desktop,,,,,3,236,,May 2025,RTX+PRO+6000+Blackwell+Workstation+Edition&amp;id=6307
8242,RTX5000-Ada-1B,131,49,,,Desktop,,,,,2289,2,,Feb 2026,RTX5000-Ada-1B&amp;id=8242
8245,RTX5000-Ada-4Q,5298,90,,,Desktop,,,,,,1,,Feb 2026,RTX5000-Ada-4Q&amp;id=8245
7412,RTX6000-Ada-3A,16841,818,,,Desktop,,,,,,1,,Oct 2025,RTX6000-Ada-3A&amp;id=7412
7554,RTX6000-Ada-6Q,23236,839,,,Desktop,,,,,,1,,Nov 2025,RTX6000-Ada-6Q&amp;id=7554
8673,RTXA5000-12Q,4681,111,,,Desktop,,,,,,1,,Apr 2026,RTXA5000-12Q&amp;id=8673
6213,RTXA5000-24Q,4803,78,,,Desktop,,,,,,1,,Apr 2025,RTXA5000-24Q&amp;id=6213
5054,RTXA5000-6Q,1522,71,,,Desktop,,,,,,1,,Apr 2024,RTXA5000-6Q&amp;id=5054
5640,RTXA5000-8Q,4916,117,,,Desktop,,,,,,1,,Jan 2025,RTXA5000-8Q&amp;id=5640
8854,RTXA6000-1B,13260,851,,,Desktop,,,,,,1,,May 2026,RTXA6000-1B&amp;id=8854
4789,RTXA6000-8Q,4237,86,,,Unknown,,,,,,1,,Apr 2023,RTXA6000-8Q&amp;id=4789
1820,RV530 PRO,119,386,,,Unknown,,,,,2321,3,,Oct 2009,RV530+PRO&amp;id=1820
4246,Ryzen 3 4300G with Radeon Graphics,1718,501,,,Unknown,,,,,1075,313,,Jul 2020,Ryzen+3+4300G+with+Radeon+Graphics&amp;id=4246
4302,Ryzen 3 4300GE with Radeon Graphics,2221,641,,,Unknown,,,,,907,128,,Oct 2020,Ryzen+3+4300GE+with+Radeon+Graphics&amp;id=4302
4232,Ryzen 3 4300U with Radeon Graphics,1370,452,,,Unknown,,,,,1203,566,,Apr 2020,Ryzen+3+4300U+with+Radeon+Graphics&amp;id=4232
4436,Ryzen 3 5300G with Radeon Graphics,1994,663,,,Unknown,,,,,971,131,,Jun 2021,Ryzen+3+5300G+with+Radeon+Graphics&amp;id=4436
4434,Ryzen 3 5300GE with Radeon Graphics,1968,706,,,Unknown,,,,,983,20,,Jun 2021,Ryzen+3+5300GE+with+Radeon+Graphics&amp;id=4434
4508,Ryzen 3 5300U with Radeon Graphics,1539,487,,,Unknown,,,,,1149,425,,Apr 2021,Ryzen+3+5300U+with+Radeon+Graphics&amp;id=4508
4402,Ryzen 3 5400U with Radeon Graphics,1572,526,,,Unknown,,,,,1137,331,,Mar 2021,Ryzen+3+5400U+with+Radeon+Graphics&amp;id=4402
4867,Ryzen 3 5425U with Radeon Graphics,1691,542,,,Unknown,,,,,1084,73,,Feb 2022,Ryzen+3+5425U+with+Radeon+Graphics&amp;id=4867
4875,Ryzen 3 7330U with Radeon Graphics,1693,575,,,Unknown,,,,,1082,18,,Feb 2023,Ryzen+3+7330U+with+Radeon+Graphics&amp;id=4875
5941,Ryzen 3 7335U with Radeon Graphics,1980,709,,,Unknown,,,,,979,3,,May 2024,Ryzen+3+7335U+with+Radeon+Graphics&amp;id=5941
4343,Ryzen 3 PRO 4200G with Radeon Graphics,1799,705,,,Unknown,,,,,,1,,Feb 2021,Ryzen+3+PRO+4200G+with+Radeon+Graphics&amp;id=4343
4309,Ryzen 3 PRO 4200GE with Radeon Graphics,1748,593,,,Unknown,,,,,1062,4,,Nov 2020,Ryzen+3+PRO+4200GE+with+Radeon+Graphics&amp;id=4309
4240,Ryzen 3 PRO 4300U with Radeon Graphics,1543,539,,,Unknown,,,,,1146,7,,May 2020,Ryzen+3+PRO+4300U+with+Radeon+Graphics&amp;id=4240
4230,Ryzen 3 Pro 4350G with Radeon Graphics,2063,587,,,Unknown,,,,,950,236,,Apr 2020,Ryzen+3+Pro+4350G+with+Radeon+Graphics&amp;id=4230
4244,Ryzen 3 PRO 4350GE with Radeon Graphics,1939,592,,,Unknown,,,,,993,73,,Jul 2020,Ryzen+3+PRO+4350GE+with+Radeon+Graphics&amp;id=4244
4247,Ryzen 3 PRO 4450U with Radeon Graphics,1449,440,,,Unknown,,,,,1183,200,,Aug 2020,Ryzen+3+PRO+4450U+with+Radeon+Graphics&amp;id=4247
4429,Ryzen 3 PRO 5350G with Radeon Graphics,2304,766,,,Unknown,,,,,879,163,,Jun 2021,Ryzen+3+PRO+5350G+with+Radeon+Graphics&amp;id=4429
4430,Ryzen 3 PRO 5350GE with Radeon Graphics,1793,658,,,Unknown,,,,,1052,110,,Jun 2021,Ryzen+3+PRO+5350GE+with+Radeon+Graphics&amp;id=4430
4437,Ryzen 3 PRO 5450U with Radeon Graphics,1617,473,,,Unknown,,,,,1114,5,,Jun 2021,Ryzen+3+PRO+5450U+with+Radeon+Graphics&amp;id=4437
4872,Ryzen 3 PRO 5475U with Radeon Graphics,1432,596,,,Unknown,,,,,1190,12,,May 2022,Ryzen+3+PRO+5475U+with+Radeon+Graphics&amp;id=4872
4877,Ryzen 3 PRO 7330U with Radeon Graphics,2144,678,,,Unknown,,,,,929,11,,Mar 2023,Ryzen+3+PRO+7330U+with+Radeon+Graphics&amp;id=4877
3930,Ryzen 5 2500U with Radeon Vega,1503,388,,,Unknown,,,,,1162,5,,Apr 2018,Ryzen+5+2500U+with+Radeon+Vega&amp;id=3930
4235,Ryzen 5 4500U with Radeon Graphics,1798,502,,,Unknown,,,,,1050,2506,,Apr 2020,Ryzen+5+4500U+with+Radeon+Graphics&amp;id=4235
4245,Ryzen 5 4600G with Radeon Graphics,2307,601,,,Unknown,,,,,877,1098,,Jul 2020,Ryzen+5+4600G+with+Radeon+Graphics&amp;id=4245
4255,Ryzen 5 4600H with Radeon Graphics,2106,537,,,Unknown,,,,,941,423,,Aug 2020,Ryzen+5+4600H+with+Radeon+Graphics&amp;id=4255
4277,Ryzen 5 4600HS with Radeon Graphics,7824,381,,,Unknown,,,,,367,5,,Sep 2020,Ryzen+5+4600HS+with+Radeon+Graphics&amp;id=4277
4237,Ryzen 5 4600U with Radeon Graphics,1901,521,,,Unknown,,,,,1007,98,,May 2020,Ryzen+5+4600U+with+Radeon+Graphics&amp;id=4237
5071,Ryzen 5 5500GT with Radeon Graphics,2224,680,,,Unknown,,,,,905,23,,Jul 2023,Ryzen+5+5500GT+with+Radeon+Graphics&amp;id=5071
4506,Ryzen 5 5500U with Radeon Graphics,1971,527,,,Unknown,,,,,982,1593,,Feb 2021,Ryzen+5+5500U+with+Radeon+Graphics&amp;id=4506
4578,Ryzen 5 5560U with Radeon Graphics,2098,592,,,Unknown,,,,,942,24,,Mar 2022,Ryzen+5+5560U+with+Radeon+Graphics&amp;id=4578
4406,Ryzen 5 5600G with Radeon Graphics,2533,744,,,Unknown,,,,,834,5928,,May 2021,Ryzen+5+5600G+with+Radeon+Graphics&amp;id=4406
4435,Ryzen 5 5600GE with Radeon Graphics,2547,867,,,Unknown,,,,,826,19,,Jun 2021,Ryzen+5+5600GE+with+Radeon+Graphics&amp;id=4435
5070,Ryzen 5 5600GT with Radeon Graphics,2201,669,,,Unknown,,,,,913,11,,Jul 2023,Ryzen+5+5600GT+with+Radeon+Graphics&amp;id=5070
4426,Ryzen 5 5600H with Radeon Graphics,2297,574,,,Unknown,,,,,881,37,,Jun 2021,Ryzen+5+5600H+with+Radeon+Graphics&amp;id=4426
4404,Ryzen 5 5600U with Radeon Graphics,2151,617,,,Unknown,,,,,927,79,,Apr 2021,Ryzen+5+5600U+with+Radeon+Graphics&amp;id=4404
4868,Ryzen 5 5625U with Radeon Graphics,1997,577,,,Unknown,,,,,970,252,,Mar 2022,Ryzen+5+5625U+with+Radeon+Graphics&amp;id=4868
4600,Ryzen 5 6600H with Radeon Graphics,3580,641,,,Unknown,,,,,669,15,,Apr 2020,Ryzen+5+6600H+with+Radeon+Graphics&amp;id=4600
4628,Ryzen 5 6600HS Creator Edition,3691,705,,,Unknown,,,,,660,7,,Nov 2022,Ryzen+5+6600HS+Creator+Edition&amp;id=4628
4589,Ryzen 5 6600U with Radeon Graphics,3233,754,,,Unknown,,,,,715,2,,Jul 2022,Ryzen+5+6600U+with+Radeon+Graphics&amp;id=4589
5948,Ryzen 5 7430U with Radeon Graphics,2270,586,,,Unknown,,,,,889,16,,Jul 2024,Ryzen+5+7430U+with+Radeon+Graphics&amp;id=5948
4874,Ryzen 5 7530U with Radeon Graphics,2250,568,,,Unknown,,,,,895,88,,Dec 2022,Ryzen+5+7530U+with+Radeon+Graphics&amp;id=4874
4866,Ryzen 5 7535HS with Radeon Graphics,3680,731,,,Unknown,,,,,,1,,Feb 2022,Ryzen+5+7535HS+with+Radeon+Graphics&amp;id=4866
4865,Ryzen 5 7535U with Radeon Graphics,3324,619,,,Unknown,,,,,699,6,,Feb 2022,Ryzen+5+7535U+with+Radeon+Graphics&amp;id=4865
5951,Ryzen 5 9600X 6-Core Processor,1859,631,,,Unknown,,,,,1025,61,,Sep 2024,Ryzen+5+9600X+6-Core+Processor&amp;id=5951
4254,Ryzen 5 PRO 4400G with Radeon Graphics,2306,599,,,Unknown,,,,,878,3,,Aug 2020,Ryzen+5+PRO+4400G+with+Radeon+Graphics&amp;id=4254
4308,Ryzen 5 PRO 4400GE with Radeon Graphics,1442,563,,,Unknown,,,,,1185,2,,Nov 2020,Ryzen+5+PRO+4400GE+with+Radeon+Graphics&amp;id=4308
4239,Ryzen 5 PRO 4500U with Radeon Graphics,2008,564,,,Unknown,,,,,965,4,,May 2020,Ryzen+5+PRO+4500U+with+Radeon+Graphics&amp;id=4239
4229,Ryzen 5 Pro 4650G with Radeon Graphics,2374,643,,,Unknown,,,,,857,962,,Jul 2020,Ryzen+5+Pro+4650G+with+Radeon+Graphics&amp;id=4229
4289,Ryzen 5 PRO 4650GE with Radeon Graphics,2168,587,,,Unknown,,,,,922,329,,Sep 2020,Ryzen+5+PRO+4650GE+with+Radeon+Graphics&amp;id=4289
4242,Ryzen 5 PRO 4650U with Radeon Graphics,1689,455,,,Unknown,,,,,1085,1351,,Jul 2020,Ryzen+5+PRO+4650U+with+Radeon+Graphics&amp;id=4242
4428,Ryzen 5 PRO 5650G with Radeon Graphics,2481,846,,,Unknown,,,,,842,28,,Jun 2021,Ryzen+5+PRO+5650G+with+Radeon+Graphics&amp;id=4428
4431,Ryzen 5 PRO 5650GE with Radeon Graphics,2455,820,,,Unknown,,,,,843,36,,Jun 2021,Ryzen+5+PRO+5650GE+with+Radeon+Graphics&amp;id=4431
4407,Ryzen 5 PRO 5650U with Radeon Graphics,1958,548,,,Unknown,,,,,988,1097,,May 2021,Ryzen+5+PRO+5650U+with+Radeon+Graphics&amp;id=4407
4871,Ryzen 5 PRO 5675U with Radeon Graphics,1720,586,,,Unknown,,,,,1074,25,,Apr 2022,Ryzen+5+PRO+5675U+with+Radeon+Graphics&amp;id=4871
4591,Ryzen 5 PRO 6650H with Radeon Graphics,3727,845,,,Unknown,,,,,,1,,Aug 2022,Ryzen+5+PRO+6650H+with+Radeon+Graphics&amp;id=4591
4638,Ryzen 5 PRO 6650U,3519,766,,,Unknown,,,,,677,11,,Dec 2022,Ryzen+5+PRO+6650U&amp;id=4638
4581,Ryzen 5 PRO 6650U with Radeon Graphics,3534,714,,,Unknown,,,,,676,22,,Apr 2022,Ryzen+5+PRO+6650U+with+Radeon+Graphics&amp;id=4581
4878,Ryzen 5 PRO 7530U with Radeon Graphics,1899,560,,,Unknown,,,,,1009,195,,May 2023,Ryzen+5+PRO+7530U+with+Radeon+Graphics&amp;id=4878
5942,Ryzen 5 Pro 7535U with Radeon Graphics,3750,688,,,Unknown,,,,,651,21,,May 2024,Ryzen+5+Pro+7535U+with+Radeon+Graphics&amp;id=5942
3925,Ryzen 7 2700U with Radeon Vega,1617,442,,,Unknown,,,,,1113,8,,Apr 2018,Ryzen+7+2700U+with+Radeon+Vega&amp;id=3925
4307,Ryzen 7 4700G with Radeon Graphics,2187,671,,,Unknown,,,,,917,35,,Nov 2020,Ryzen+7+4700G+with+Radeon+Graphics&amp;id=4307
4292,Ryzen 7 4700GE with Radeon Graphics,2496,761,,,Unknown,,,,,838,2,,Sep 2020,Ryzen+7+4700GE+with+Radeon+Graphics&amp;id=4292
4234,Ryzen 7 4700U with Radeon Graphics,2034,553,,,Unknown,,,,,957,532,,Apr 2020,Ryzen+7+4700U+with+Radeon+Graphics&amp;id=4234
4233,Ryzen 7 4800H with Radeon Graphics,2113,585,,,Unknown,,,,,940,39,,Apr 2020,Ryzen+7+4800H+with+Radeon+Graphics&amp;id=4233
4249,Ryzen 7 4800HS with Radeon Graphics,6999,355,,,Unknown,,,,,,1,,Aug 2020,Ryzen+7+4800HS+with+Radeon+Graphics&amp;id=4249
4236,Ryzen 7 4800U with Radeon Graphics,2344,570,,,Unknown,,,,,866,121,,May 2020,Ryzen+7+4800U+with+Radeon+Graphics&amp;id=4236
4405,Ryzen 7 5700G with Radeon Graphics,2702,764,,,Unknown,,,,,797,4157,,May 2021,Ryzen+7+5700G+with+Radeon+Graphics&amp;id=4405
4433,Ryzen 7 5700GE with Radeon Graphics,2607,802,,,Unknown,,,,,810,14,,Jun 2021,Ryzen+7+5700GE+with+Radeon+Graphics&amp;id=4433
4507,Ryzen 7 5700U with Radeon Graphics,2241,553,,,Unknown,,,,,899,1297,,Feb 2021,Ryzen+7+5700U+with+Radeon+Graphics&amp;id=4507
4398,Ryzen 7 5800H with Radeon Graphics,2737,708,,,Unknown,,,,,789,111,,Feb 2021,Ryzen+7+5800H+with+Radeon+Graphics&amp;id=4398
4401,Ryzen 7 5800HS with Radeon Graphics,2795,569,,,Unknown,,,,,780,14,,Mar 2021,Ryzen+7+5800HS+with+Radeon+Graphics&amp;id=4401
4399,Ryzen 7 5800U with Radeon Graphics,2310,633,,,Unknown,,,,,876,82,,Feb 2021,Ryzen+7+5800U+with+Radeon+Graphics&amp;id=4399
4869,Ryzen 7 5825U with Radeon Graphics,2351,634,,,Unknown,,,,,865,260,,Mar 2022,Ryzen+7+5825U+with+Radeon+Graphics&amp;id=4869
4611,Ryzen 7 6800H,5260,814,,,Unknown,,,,,512,11,,Oct 2022,Ryzen+7+6800H&amp;id=4611
4584,Ryzen 7 6800H with Radeon Graphics,4960,758,,,Unknown,,,,,541,35,,May 2022,Ryzen+7+6800H+with+Radeon+Graphics&amp;id=4584
4629,Ryzen 7 6800HS,5237,867,,,Unknown,,,,,515,3,,Nov 2022,Ryzen+7+6800HS&amp;id=4629
4590,Ryzen 7 6800HS Creator Edition,5465,841,,,Unknown,,,,,496,9,,Aug 2022,Ryzen+7+6800HS+Creator+Edition&amp;id=4590
4582,Ryzen 7 6800HS with Radeon Graphics,6240,749,,,Unknown,,,,,438,6,,May 2022,Ryzen+7+6800HS+with+Radeon+Graphics&amp;id=4582
4625,Ryzen 7 6800U,5006,784,,,Unknown,,,,,537,17,,Nov 2022,Ryzen+7+6800U&amp;id=4625
4588,Ryzen 7 6800U with Radeon Graphics,4760,738,,,Unknown,,,,,557,39,,Jul 2022,Ryzen+7+6800U+with+Radeon+Graphics&amp;id=4588
4876,Ryzen 7 7730U with Radeon Graphics,2433,573,,,Unknown,,,,,846,84,,Feb 2023,Ryzen+7+7730U+with+Radeon+Graphics&amp;id=4876
4864,Ryzen 7 7735HS with Radeon Graphics,5175,769,,,Unknown,,,,,519,52,,Feb 2022,Ryzen+7+7735HS+with+Radeon+Graphics&amp;id=4864
5073,Ryzen 7 7735U with Radeon Graphics,5081,697,,,Unknown,,,,,529,14,,Jul 2023,Ryzen+7+7735U+with+Radeon+Graphics&amp;id=5073
6617,Ryzen 7 8845HS with Radeon 780M,7766,1036,,,Mobile,,,,,,1,,Oct 2025,Ryzen+7+8845HS+with+Radeon+780M&amp;id=6617
5950,Ryzen 7 9700X 8-Core Processor,2251,647,,,Unknown,,,,,894,106,,Sep 2024,Ryzen+7+9700X+8-Core+Processor&amp;id=5950
5953,Ryzen 7 9800X3D 8-Core Processor,1830,630,,,Unknown,,,,,1037,101,,Nov 2024,Ryzen+7+9800X3D+8-Core+Processor&amp;id=5953
4243,Ryzen 7 Extreme Edition,2115,494,,,Unknown,,,,,938,18,,Jul 2020,Ryzen+7+Extreme+Edition&amp;id=4243
4256,Ryzen 7 PRO 4700G with Radeon Graphics,2880,712,,,Unknown,,,,,,1,,Aug 2020,Ryzen+7+PRO+4700G+with+Radeon+Graphics&amp;id=4256
4231,Ryzen 7 Pro 4750G with Radeon Graphics,2682,703,,,Unknown,,,,,803,91,,Apr 2020,Ryzen+7+Pro+4750G+with+Radeon+Graphics&amp;id=4231
4288,Ryzen 7 PRO 4750GE with Radeon Graphics,2550,683,,,Unknown,,,,,824,7,,Sep 2020,Ryzen+7+PRO+4750GE+with+Radeon+Graphics&amp;id=4288
4238,Ryzen 7 PRO 4750U with Radeon Graphics,2030,548,,,Unknown,,,,,959,252,,May 2020,Ryzen+7+PRO+4750U+with+Radeon+Graphics&amp;id=4238
4427,Ryzen 7 PRO 5750G with Radeon Graphics,2328,777,,,Unknown,,,,,871,116,,Jun 2021,Ryzen+7+PRO+5750G+with+Radeon+Graphics&amp;id=4427
4432,Ryzen 7 PRO 5750GE with Radeon Graphics,2377,750,,,Unknown,,,,,854,121,,Jun 2021,Ryzen+7+PRO+5750GE+with+Radeon+Graphics&amp;id=4432
4403,Ryzen 7 PRO 5850U with Radeon Graphics,2238,598,,,Unknown,,,,,901,942,,Mar 2021,Ryzen+7+PRO+5850U+with+Radeon+Graphics&amp;id=4403
4870,Ryzen 7 PRO 5875U with Radeon Graphics,2067,650,,,Unknown,,,,,947,24,,Mar 2022,Ryzen+7+PRO+5875U+with+Radeon+Graphics&amp;id=4870
5944,Ryzen 7 PRO 6850H with Radeon Graphics,5791,902,,,Unknown,,,,,467,10,,Sep 2024,Ryzen+7+PRO+6850H+with+Radeon+Graphics&amp;id=5944
4585,Ryzen 7 PRO 6850HS with Radeon Graphics,4087,776,,,Unknown,,,,,612,6,,Jun 2022,Ryzen+7+PRO+6850HS+with+Radeon+Graphics&amp;id=4585
4626,Ryzen 7 PRO 6850U,5581,741,,,Unknown,,,,,481,25,,Nov 2022,Ryzen+7+PRO+6850U&amp;id=4626
4579,Ryzen 7 PRO 6850U with Radeon Graphics,5116,788,,,Unknown,,,,,525,74,,Mar 2022,Ryzen+7+PRO+6850U+with+Radeon+Graphics&amp;id=4579
4630,Ryzen 7 PRO 6860Z,5077,837,,,Unknown,,,,,530,2,,Nov 2022,Ryzen+7+PRO+6860Z&amp;id=4630
4587,Ryzen 7 PRO 6860Z with Radeon Graphics,4869,793,,,Unknown,,,,,548,16,,Jul 2022,Ryzen+7+PRO+6860Z+with+Radeon+Graphics&amp;id=4587
4873,Ryzen 7 PRO 7730U with Radeon Graphics,2567,635,,,Unknown,,,,,821,18,,Nov 2022,Ryzen+7+PRO+7730U+with+Radeon+Graphics&amp;id=4873
5943,Ryzen 7 Pro 7735U with Radeon Graphics,5142,628,,,Unknown,,,,,522,2,,May 2024,Ryzen+7+Pro+7735U+with+Radeon+Graphics&amp;id=5943
4241,Ryzen 9 4900H with Radeon Graphics,2714,691,,,Unknown,,,,,,1,,Jul 2020,Ryzen+9+4900H+with+Radeon+Graphics&amp;id=4241
4273,Ryzen 9 4900HS with Radeon Graphics,6791,376,,,Unknown,,,,,404,13,,Sep 2020,Ryzen+9+4900HS+with+Radeon+Graphics&amp;id=4273
4298,Ryzen 9 4900HSS with Radeon Graphics,9461,417,,,Unknown,,,,,,1,,May 2021,Ryzen+9+4900HSS+with+Radeon+Graphics&amp;id=4298
4397,Ryzen 9 5900HS with Radeon Graphics,5453,546,,,Unknown,,,,,498,54,,Feb 2021,Ryzen+9+5900HS+with+Radeon+Graphics&amp;id=4397
4396,Ryzen 9 5900HX with Radeon Graphics,3040,721,,,Unknown,,,,,747,629,,Jan 2021,Ryzen+9+5900HX+with+Radeon+Graphics&amp;id=4396
4400,Ryzen 9 5980HS with Radeon Graphics,2534,830,,,Unknown,,,,,,1,,Mar 2021,Ryzen+9+5980HS+with+Radeon+Graphics&amp;id=4400
4623,Ryzen 9 6900HS,8005,836,,,Unknown,,,,,360,3,,Nov 2022,Ryzen+9+6900HS&amp;id=4623
4583,Ryzen 9 6900HS with Radeon Graphics,6110,739,,,Unknown,,,,,448,8,,May 2022,Ryzen+9+6900HS+with+Radeon+Graphics&amp;id=4583
4607,Ryzen 9 6900HX with Radeon Graphics,5118,784,,,Unknown,,,,,524,1133,,Oct 2022,Ryzen+9+6900HX+with+Radeon+Graphics&amp;id=4607
5952,Ryzen 9 9900X 12-Core Processor,1729,599,,,Unknown,,,,,1067,87,,Sep 2024,Ryzen+9+9900X+12-Core+Processor&amp;id=5952
5949,Ryzen 9 9950X 16-Core Processor,1770,613,,,Unknown,,,,,1058,81,,Aug 2024,Ryzen+9+9950X+16-Core+Processor&amp;id=5949
4636,Ryzen 9 PRO 6950H,5759,950,,,Unknown,,,,,470,9,,Dec 2022,Ryzen+9+PRO+6950H&amp;id=4636
4863,Ryzen 9 PRO 6950H with Radeon Graphics,6176,850,,,Unknown,,,,,441,7,,Feb 2022,Ryzen+9+PRO+6950H+with+Radeon+Graphics&amp;id=4863
4586,Ryzen 9 PRO 6950HS with Radeon Graphics,4705,861,,,Unknown,,,,,566,4,,Jun 2022,Ryzen+9+PRO+6950HS+with+Radeon+Graphics&amp;id=4586
5047,Ryzen3 5300U Ryzen 3 5300U,1268,445,,,Unknown,,,,,,1,,Apr 2024,Ryzen3+5300U+Ryzen+3+5300U&amp;id=5047
4423,S3 5400EW,146,9,,,Unknown,,,,,2250,13,,Jul 2021,S3+5400EW&amp;id=4423
1828,S3 Chrome 430 ULP,40,310,,,Unknown,,,,,2561,2,,Jun 2009,S3+Chrome+430+ULP&amp;id=1828
4616,S3 Chrome S25,23,9,,,Unknown,,,,,,1,,Oct 2022,S3+Chrome+S25&amp;id=4616
1831,S3 Chrome S25 DDR2,18,252,,,Unknown,,,,,2650,2,,Oct 2011,S3+Chrome+S25+DDR2&amp;id=1831
4535,S3 Chrome S27 DDR3,33,7,,,Unknown,,,,,2593,2,,Apr 2022,S3+Chrome+S27+DDR3&amp;id=4535
1832,S3 Inc. Savage4,3,21,,,Unknown,,,,,2792,1,,Aug 2011,S3+Inc.+Savage4&amp;id=1832
1835,S3 ProSavageDDR,1,41,,,Unknown,,,,,2830,9,,Apr 2009,S3+ProSavageDDR&amp;id=1835
1840,S3 SuperSavage/IXC 1014,2,147,,,Unknown,,,,,2824,1,,Apr 2009,S3+SuperSavage%2FIXC+1014&amp;id=1840
5099,Sangfor TitanGPU controller,426,42,,,Desktop,,,,,1940,3,,May 2024,Sangfor+TitanGPU+controller&amp;id=5099
1853,SAPPHIRE RADEON 9000 ATLANTIS PRO,5,158,,,Unknown,,,,,2728,1,,Nov 2009,SAPPHIRE+RADEON+9000+ATLANTIS+PRO&amp;id=1853
1859,SAPPHIRE RADEON 9600 ATLANTIS,47,149,,,Unknown,,,,,2530,9,,May 2009,SAPPHIRE+RADEON+9600+ATLANTIS&amp;id=1859
1864,SAPPHIRE Radeon X1550,61,285,,,Unknown,,,,,2484,5,,Feb 2010,SAPPHIRE+Radeon+X1550&amp;id=1864
1874,Sapphire RADEON X800 GT,113,274,,,Unknown,,,,,2345,2,,May 2009,Sapphire+RADEON+X800+GT&amp;id=1874
2720,Seria Mobility Radeon HD 3400,125,148,,,Unknown,,,,,2306,1,,Nov 2013,Seria+Mobility+Radeon+HD+3400&amp;id=2720
3262,Seria Radeon HD 7700,1604,201,,,Unknown,,,,,1121,1,,Jul 2015,Seria+Radeon+HD+7700&amp;id=3262
5106,Sharing Monitor,1007,288,,,Desktop,,,,,,1,,Nov 2025,Sharing+Monitor&amp;id=5106
8936,Sharing Monitor Ryzen 7 5700U,2108,449,,,Desktop,,,,,,1,,Jun 2026,Sharing+Monitor+Ryzen+7+5700U&amp;id=8936
4822,SiliconMotion SM768 WDDM2.0 Display Driver,407,19,,,Unknown,,,,,,1,,May 2023,SiliconMotion+SM768+WDDM2.0+Display+Driver&amp;id=4822
5189,SMI USB Display,19462,1437,,,Desktop,,,,,,1,,Jul 2025,SMI+USB+Display&amp;id=5189
7459,SMI USB Display Ryzen 7 7735HS,3307,716,,,Desktop,,,,,,1,,Nov 2025,SMI+USB+Display+Ryzen+7+7735HS&amp;id=7459
5178,Snapdragon X Elite - X1E001DE - Qualcomm Adreno GP,3246,347,,,Desktop,,,,,713,3,,Sep 2024,Snapdragon+X+Elite+-+X1E001DE+-+Qualcomm+Adreno+GP&amp;id=5178
5096,Snapdragon X Elite - X1E78100 - Qualcomm Adreno GP,2573,460,,,Desktop,,,,,820,88,,Jun 2024,Snapdragon+X+Elite+-+X1E78100+-+Qualcomm+Adreno+GP&amp;id=5096
5098,Snapdragon X Elite - X1E80100 - Qualcomm Adreno GP,2603,501,,,Desktop,,,,,812,69,,Jun 2024,Snapdragon+X+Elite+-+X1E80100+-+Qualcomm+Adreno+GP&amp;id=5098
5101,Snapdragon X Elite - X1E84100 - Qualcomm Adreno GP,2981,518,,,Desktop,,,,,752,7,,Jun 2024,Snapdragon+X+Elite+-+X1E84100+-+Qualcomm+Adreno+GP&amp;id=5101
5084,Snapdragon X Plus - X1P64100 - Qualcomm Adreno GPU,2607,338,,,Desktop,,,,,811,18,,May 2024,Snapdragon+X+Plus+-+X1P64100+-+Qualcomm+Adreno+GPU&amp;id=5084
3872,spacedesk Adapter,15081,944,,,Unknown,,,,,167,7,,Jun 2025,spacedesk+Adapter&amp;id=3872
5050,SQExtFramebufferUmode Device,15054,915,,,Desktop,,,,,169,5,,Jun 2025,SQExtFramebufferUmode+Device&amp;id=5050
1919,SUMO 9640,650,398,,,Unknown,,,,,1659,6,,Oct 2011,SUMO+9640&amp;id=1919
1920,SUMO 9644,466,386,,,Unknown,,,,,1902,1,,Oct 2011,SUMO+9644&amp;id=1920
1922,SUMO 964A,498,403,,,Unknown,,,,,1865,2,,Aug 2011,SUMO+964A&amp;id=1922
4576,Surface Duo Adreno 640 GPU,592,194,,,Unknown,,,,,1731,4,,Aug 2022,Surface+Duo+Adreno+640+GPU&amp;id=4576
4446,T400,3619,583,,,Unknown,,,,,665,273,295.0,Aug 2021,T400&amp;id=4446
4512,T400 4GB,3809,667,,,Unknown,,,,,642,824,,Mar 2022,T400+4GB&amp;id=4512
4520,T550 Laptop GPU,4730,398,,,Mobile,,,,,561,526,,Mar 2022,T550+Laptop+GPU&amp;id=4520
4839,TENSOR 1.0 Driver Intel HD 530,958,203,,,Unknown,,,,,,1,,Jun 2023,TENSOR+1.0+Driver+Intel+HD+530&amp;id=4839
4077,TENSOR 1.0 Driver Intel HD 630,1300,873,,,Unknown,,,,,1222,1,,Apr 2019,TENSOR+1.0+Driver+Intel+HD+630&amp;id=4077
1669,Tesla C2050,3176,362,,,Unknown,,,,,722,12,269.99,Sep 2010,Tesla+C2050&amp;id=1669
2515,Tesla C2050 / C2070,3428,568,238,6144,Workstation,PCIe 2.0 x16,6144,,,688,5,,May 2013,Tesla+C2050+%2F+C2070&amp;id=2515
1670,Tesla C2070,3121,462,247,6144,Workstation,PCIe 2.0 x16,6144,575,575,734,13,604.0,Feb 2011,Tesla+C2070&amp;id=1670
1671,Tesla C2075,3017,428,,,Unknown,,,,,750,12,646.0,Jan 2012,Tesla+C2075&amp;id=1671
4496,Tesla K20m,4432,210,,,Unknown,,,,,587,4,,Jan 2022,Tesla+K20m&amp;id=4496
4498,Tesla K20Xm,4714,209,235,6144,Workstation,PCIe 3.0 x16,6144,732,732,565,4,7699.0,Feb 2022,Tesla+K20Xm&amp;id=4498
4545,Tesla K40c,4495,325,,,Unknown,,,,,579,3,,May 2022,Tesla+K40c&amp;id=4545
4476,Tesla K40m,3143,184,,,Unknown,,,,,728,4,,Nov 2021,Tesla+K40m&amp;id=4476
4448,Tesla K80,5754,488,,,Unknown,,,,,471,22,159.96,May 2022,Tesla+K80&amp;id=4448
4095,Tesla M10,2969,264,,,Unknown,,,,,756,21,276.0,May 2019,Tesla+M10&amp;id=4095
2800,Tesla M2070-Q,1306,444,,,Unknown,,,,,1220,1,,Jan 2014,Tesla+M2070-Q&amp;id=2800
4395,Tesla M40,10220,437,,,Unknown,,,,,285,20,276.99,May 2021,Tesla+M40&amp;id=4395
4450,Tesla M40 24GB,10641,377,,,Unknown,,,,,279,5,,Sep 2021,Tesla+M40+24GB&amp;id=4450
3875,Tesla M6,6234,291,,,Unknown,,,,,440,8,199.0,Jan 2018,Tesla+M6&amp;id=3875
3774,Tesla M60,6817,486,,,Unknown,,,,,403,22,188.0,Jun 2017,Tesla+M60&amp;id=3774
5008,Tesla P100-PCIE-12GB,13310,445,,,Unknown,,,,,,1,,Feb 2024,Tesla+P100-PCIE-12GB&amp;id=5008
4039,Tesla P100-PCIE-16GB,9621,502,250,16384,Workstation,PCIe 3.0 x16,16384,1190,1190,305,6,5699.0,Jan 2019,Tesla+P100-PCIE-16GB&amp;id=4039
4631,Tesla P4,9118,383,,,Unknown,,,,,327,68,184.0,Nov 2022,Tesla+P4&amp;id=4631
4548,Tesla P40,11596,402,250,24576,Workstation,PCIe 3.0 x16,24576,1303,1303,259,24,459.96,May 2022,Tesla+P40&amp;id=4548
4222,Tesla T10,11963,537,,,Unknown,,,,,248,6,,Jul 2020,Tesla+T10&amp;id=4222
4211,Tesla T4,9912,553,,,Unknown,,,,,294,86,726.66,Jun 2020,Tesla+T4&amp;id=4211
4226,Tesla V100-PCIE-16GB,12328,484,,,Unknown,,,,,240,6,,Aug 2020,Tesla+V100-PCIE-16GB&amp;id=4226
4447,Tesla V100-PCIE-32GB,8260,327,,,Unknown,,,,,,1,,Aug 2021,Tesla+V100-PCIE-32GB&amp;id=4447
4105,Tesla V100-SXM2-16GB,11265,582,,,Unknown,,,,,267,9,,Jun 2019,Tesla+V100-SXM2-16GB&amp;id=4105
4029,TITAN RTX,19868,837,280,24576,Workstation,PCIe 3.0 x16,24576,1350,1350,91,277,1295.0,Dec 2018,TITAN+RTX&amp;id=4029
3859,TITAN V,19649,969,250,12288,Desktop,PCIe 3.0 x16	,12288,1200,1200,95,140,573.28,Dec 2017,TITAN+V&amp;id=3859
4005,TITAN V CEO Edition,16988,1086,250,32000,Desktop,PCIe 3.0 x16,32000,1200,1200,127,1,,Oct 2018,TITAN+V+CEO+Edition&amp;id=4005
3863,TITAN Xp COLLECTORS EDITION,18531,911,250,12288,Desktop,PCIe 3.0 x16,12288,1405,1405,110,229,,Dec 2017,TITAN+Xp+COLLECTORS+EDITION&amp;id=3863
3578,TRINITY DEVASTATOR MOBILE,579,241,,,Unknown,,,,,1752,5,,Sep 2016,TRINITY+DEVASTATOR+MOBILE&amp;id=3578
3505,TRINITY SCRAPPER MOBILE,498,280,,,Unknown,,,,,1863,5,,May 2016,TRINITY+SCRAPPER+MOBILE&amp;id=3505
6688,TURZX Display,28635,1690,,,Desktop,,,,,25,1,,Apr 2026,TURZX+Display&amp;id=6688
3421,V9560XT,6,86,,,Unknown,,,,,2704,1,,Jan 2016,V9560XT&amp;id=3421
1674,Vanta/Vanta LT,3,91,,,Unknown,,,,,2796,7,,Apr 2009,Vanta%2FVanta+LT&amp;id=1674
7026,VIA C9-HD IGP,12,2,,,Desktop,,,,,2670,4,,Sep 2025,VIA+C9-HD+IGP&amp;id=7026
1949,VIA Chrome9 HC IGP,4,167,,,Unknown,,,,,2756,57,,Apr 2009,VIA+Chrome9+HC+IGP&amp;id=1949
1950,VIA Chrome9 HC IGP Family,4,178,,,Unknown,,,,,2769,64,,Apr 2009,VIA+Chrome9+HC+IGP+Family&amp;id=1950
1951,VIA Chrome9 HC IGP Family WDDM,4,165,,,Unknown,,,,,2781,35,,Apr 2009,VIA+Chrome9+HC+IGP+Family+WDDM&amp;id=1951
1952,VIA Chrome9 HC IGP Prerelease WDDM 1.1,2,100,,,Unknown,,,,,2819,3,,Sep 2009,VIA+Chrome9+HC+IGP+Prerelease+WDDM+1.1&amp;id=1952
1953,VIA Chrome9 HC IGP WDDM,2,73,,,Unknown,,,,,2817,11,,Jun 2009,VIA+Chrome9+HC+IGP+WDDM&amp;id=1953
1954,VIA Chrome9 HC IGP WDDM 1.1,3,75,,,Unknown,,,,,2785,39,,Nov 2009,VIA+Chrome9+HC+IGP+WDDM+1.1&amp;id=1954
1955,VIA Chrome9 HC3 IGP,3,157,,,Unknown,,,,,2806,1,,Apr 2009,VIA+Chrome9+HC3+IGP&amp;id=1955
1956,VIA Chrome9 HC3 IGP WDDM 1.1,1,2,,,Unknown,,,,,,1,,Mar 2010,VIA+Chrome9+HC3+IGP+WDDM+1.1&amp;id=1956
1957,VIA Chrome9 HCM IGP,2,94,,,Unknown,,,,,2828,2,,Oct 2009,VIA+Chrome9+HCM+IGP&amp;id=1957
1960,VIA Chrome9 HD IGP,10,25,,,Unknown,,,,,2675,24,,Jul 2010,VIA+Chrome9+HD+IGP&amp;id=1960
1961,VIA/S3 Chrome 520 IGP,115,3,,,Unknown,,,,,,1,,Aug 2011,VIA%2FS3+Chrome+520+IGP&amp;id=1961
4155,VIA/S3G C-645/640 GPU,132,83,,,Unknown,,,,,2288,3,,Oct 2019,VIA%2FS3G+C-645%2F640+GPU&amp;id=4155
1962,VIA/S3G Chrome 645/640 GPU,110,161,,,Unknown,,,,,2356,9,,Mar 2012,VIA%2FS3G+Chrome+645%2F640+GPU&amp;id=1962
1965,VIA/S3G DeltaChrome IGP,3,125,,,Unknown,,,,,2787,7,,Apr 2009,VIA%2FS3G+DeltaChrome+IGP&amp;id=1965
1968,VIA/S3G KM400/KN400,4,124,,,Unknown,,,,,2763,4,,Apr 2009,VIA%2FS3G+KM400%2FKN400&amp;id=1968
1970,VIA/S3G UniChrome IGP,4,164,,,Unknown,,,,,2757,33,,Apr 2009,VIA%2FS3G+UniChrome+IGP&amp;id=1970
1971,VIA/S3G UniChrome Pro IGP,5,164,,,Unknown,,,,,2742,213,,Apr 2009,VIA%2FS3G+UniChrome+Pro+IGP&amp;id=1971
1973,VIA/S3G UniChromeII,6,225,,,Unknown,,,,,2712,2,,Dec 2009,VIA%2FS3G+UniChromeII&amp;id=1973
1977,VisionTek Radeon 7000,2,117,,,Unknown,,,,,2825,1,,Mar 2010,VisionTek+Radeon+7000&amp;id=1977
5706,VMware Horizon Indirect Display Driver,3565,376,,,Desktop,,,,,673,5,,Jan 2025,VMware+Horizon+Indirect+Display+Driver&amp;id=5706
3278,VNC Mirror Driver,3222,441,,,Unknown,,,,,717,5,,May 2024,VNC+Mirror+Driver&amp;id=3278
8780,VRVD5 Ryzen 5 5600U,1647,553,,,Desktop,,,,,,1,,May 2026,VRVD5+Ryzen+5+5600U&amp;id=8780
2821,WinFast A250 LE,5,197,,,Unknown,,,,,2737,1,,Feb 2014,WinFast+A250+LE&amp;id=2821
5052,Winsta0\\Default,4125,250,,,Desktop,,,,,,1,,Apr 2024,Winsta0%5C%5CDefault&amp;id=5052
2098,Xabre,5,28,,,Unknown,,,,,2729,2,,Jan 2012,Xabre&amp;id=2098
9031,XDX Computing Technology,680,101,,,Desktop,,,,,1627,1,,Jun 2026,XDX+Computing+Technology&amp;id=9031
2101,XGI Volari Family v1.13.23.D_V,5,34,,,Unknown,,,,,2747,1,,Jun 2009,XGI+Volari+Family+v1.13.23.D_V&amp;id=2101
6031,XiaoMi 9 Adreno 640 GPU,585,213,,,Desktop,,,,,,1,,Mar 2025,XiaoMi+9+Adreno+640+GPU&amp;id=6031
5016,ZX C-1080,285,121,,,Unknown,,,,,2074,9,,Mar 2024,ZX+C-1080&amp;id=5016
5608,ZX C-1190,347,126,,,Desktop,,,,,2012,11,,May 2024,ZX+C-1190&amp;id=5608
5184,ZX C-960,81,109,,,Desktop,,,,,2434,11,,Oct 2024,ZX+C-960&amp;id=5184
5083,ZX C960 GPU,64,116,,,Desktop,,,,,,1,,May 2024,ZX+C960+GPU&amp;id=5083
3697,ZX Chrome 645/640 GPU,147,220,,,Unknown,,,,,2249,1,,Mar 2017,ZX+Chrome+645%2F640+GPU&amp;id=3697
4219,zxcvIntel HD 620,944,208,,,Unknown,,,,,,1,,Jun 2020,zxcvIntel+HD+620&amp;id=4219
