Name,Form Factor,Efficiency Rating,Wattage,Modular,Rating,Price
1STPLAYER NGDP,ATX,80+ Gold,750 W,Full,0,
1STPLAYER NGDP,ATX,80+ Gold,850 W,Full,1,
1STPLAYER NGDP ATX 3.0,ATX,80+ Platinum,1000 W,Full,0,169
ABS Majesty,ATX,80+ Gold,1100 W,Full,0,
ADATA XPG CORE Reactor 650,ATX,80+ Gold,650 W,Full,3,
ADATA XPG CORE Reactor 750,ATX,80+ Gold,750 W,Full,11,
ADATA XPG CORE Reactor 850,ATX,80+ Gold,850 W,Full,15,
ADATA XPG Core Reactor II,ATX,80+ Gold,850 W,Full,5,129.99
ADATA XPG Core Reactor II,ATX,80+ Gold,1000 W,Full,1,154.99
ADATA XPG Core Reactor II,ATX,80+ Gold,750 W,Full,8,
ADATA XPG Core Reactor II,ATX,80+ Gold,850 W,Full,0,
ADATA XPG Core Reactor II,ATX,80+ Gold,650 W,Full,2,
ADATA XPG Core Reactor II VE,ATX,80+ Gold,850 W,Full,3,105.99
ADATA XPG Core Reactor II VE,ATX,80+ Gold,750 W,Full,4,104.99
ADATA XPG Core Reactor II VE,ATX,80+ Gold,650 W,Full,1,89.99
ADATA XPG CYBERCORE,ATX,80+ Platinum,1000 W,Full,1,
ADATA XPG CYBERCORE II,ATX,80+ Platinum,1000 W,Full,0,149.99
ADATA XPG FUSION 1600,ATX,80+ Titanium,1600 W,Full,0,
ADATA XPG KYBER,ATX,80+ Gold,750 W,No,2,
ADATA XPG KYBER,ATX,80+ Gold,850 W,No,0,
ADATA XPG PYLON,ATX,80+ Bronze,750 W,No,0,
ADATA XPG PYLON,ATX,80+ Bronze,650 W,No,3,
ADATA XPG PYLON,ATX,80+ Bronze,550 W,No,4,
Aerocool AER-P7-P650W,ATX,80+ Platinum,650 W,Full,1,
Aerocool GT-1050SG,ATX,80+ Gold,1050 W,Semi,0,
Aerocool Integrator,ATX,80+ Bronze,600 W,No,1,
Aerocool Integrator,ATX,80+ Bronze,500 W,No,6,
Aerocool Integrator,ATX,80+ Bronze,700 W,No,0,
Aerocool Integrator Gold,ATX,80+ Gold,750 W,Full,1,
Aerocool Integrator Gold,ATX,80+ Gold,850 W,Full,0,
Aerocool Integrator MOD XT,ATX,80+ Bronze,750 W,Semi,1,
Aerocool LUX RGB 750M ,ATX,80+ Bronze,750 W,Semi,0,
Aerocool P7 Platinum,ATX,80+ Platinum,850 W,Full,1,
Aerocool PREMIER G1,ATX,80+ Gold,850 W,Full,0,
Aerocool XPredator GM,ATX,80+ Gold,1000 W,Semi,0,
Anima APII500,ATX,,500 W,No,0,
Antec Basiq,ATX,80+,550 W,Semi,13,118.02
Antec Basiq,ATX,,350 W,No,6,
Antec Basiq,ATX,80+,430 W,No,1,
Antec CSK,ATX,80+ Bronze,750 W,Semi,0,
Antec EA-750 Platinum,ATX,80+ Platinum,750 W,No,1,
Antec Earthwatts,ATX,80+ Bronze,650 W,No,18,
Antec Earthwatts,ATX,80+ Bronze,500 W,No,2,118.11
Antec Earthwatts,ATX,80+,750 W,No,0,
Antec Earthwatts,ATX,80+ Platinum,450 W,No,1,
Antec EARTHWATTS GOLD PRO 550,ATX,80+ Gold,550 W,Semi,5,
Antec EARTHWATTS GOLD PRO 650,ATX,80+ Gold,650 W,Semi,4,
Antec EARTHWATTS GOLD PRO 750,ATX,80+ Gold,750 W,Semi,12,
Antec Earthwatts Green,ATX,80+ Bronze,430 W,No,2,108.02
Antec Earthwatts Green,ATX,80+ Bronze,380 W,No,13,
Antec Earthwatts Green,ATX,80+ Bronze,350 W,No,0,
Antec Earthwatts Green,ATX,80+,500 W,No,1,
Antec Earthwatts Green,ATX,80+ Bronze,750 W,No,4,
Antec EarthWatts Platinum,ATX,80+ Platinum,550 W,No,1,148.02
Antec EarthWatts Platinum,ATX,80+ Platinum,650 W,No,3,
Antec EDGE,ATX,80+ Gold,550 W,Full,3,
Antec EDGE,ATX,80+ Gold,750 W,Full,1,
Antec GSK ATX3.1,ATX,80+ Gold,850 W,Full,2,
Antec GSK ATX3.1,ATX,80+ Gold,750 W,Full,0,
Antec HCG-750 Bronze,ATX,80+ Bronze,750 W,No,3,
Antec High Current Gamer,ATX,80+ Bronze,620 W,Semi,28,
Antec High Current Gamer,ATX,80+ Bronze,900 W,No,9,
Antec High Current Gamer,ATX,80+ Bronze,520 W,Semi,15,
Antec High Current Gamer,ATX,80+ Bronze,850 W,Semi,6,
Antec High Current Gamer,ATX,80+ Bronze,620 W,No,4,
Antec High Current Gamer,ATX,80+ Bronze,750 W,Semi,7,
Antec High Current Gamer,ATX,80+ Bronze,400 W,Semi,0,
Antec High Current Gamer,ATX,80+ Bronze,520 W,No,3,
Antec High Current Gamer Extreme,ATX,80+ Gold,1000 W,Full,4,
Antec High Current Gamer Extreme,ATX,80+ Gold,850 W,Full,0,
Antec High Current Gamer Gold,ATX,80+ Gold,650 W,Full,4,
Antec High Current Gamer Gold,ATX,80+ Gold,1000 W,Full,0,
Antec High Current Gamer Gold,ATX,80+ Gold,750 W,Full,10,
Antec High Current Gamer PRO ATX3.1,ATX,80+ Platinum,1200 W,Full,1,
Antec High Current Gamer PRO ATX3.1,ATX,80+ Platinum,1000 W,Full,0,
Antec High Current Pro,ATX,80+ Gold,850 W,Semi,3,
Antec High Current Pro,ATX,80+ Platinum,1300 W,Full,2,
Antec High Current Pro,ATX,80+ Platinum,1000 W,Full,1,
Antec High Current Pro,ATX,80+ Platinum,750 W,Full,0,
Antec High Current Pro,ATX,80+ Gold,750 W,Semi,6,
Antec NE1000G M ATX3.0,ATX,80+ Gold,1000 W,Full,5,212.2
Antec NE1000G M White ATX 3.0,ATX,80+ Gold,1000 W,Full,1,252.02
Antec NE1300G M ATX3.0,ATX,80+ Gold,1300 W,Full,0,
Antec NE450M,ATX,80+ Bronze,450 W,Semi,0,
Antec NE850G M,ATX,80+ Gold,850 W,Full,1,
Antec NE850G M ATX3.0,ATX,80+ Gold,850 W,Full,1,
Antec NeoECO,ATX,80+ Bronze,620 W,No,5,
Antec NeoECO,ATX,80+ Bronze,520 W,No,7,
Antec NeoECO,ATX,80+,400 W,No,2,
Antec NeoECO,ATX,80+ Bronze,550 W,Semi,1,
Antec NeoECO 550 Gold,ATX,80+ Gold,550 W,Semi,3,
Antec NeoECO 650 Gold,ATX,80+ Gold,650 W,Semi,1,
Antec NeoECO 750 Gold,ATX,80+ Gold,750 W,Semi,2,
Antec NeoECO Classic,ATX,80+ Bronze,650 W,No,1,
Antec NeoECO Gold,ATX,80+ Gold,750 W,Full,0,
Antec NeoECO Gold,ATX,80+ Gold,850 W,Full,1,
Antec NeoECO Gold ZEN,ATX,80+ Gold,600 W,No,4,
Antec NeoECO Gold ZEN,ATX,80+ Gold,700 W,No,2,
Antec NeoECO Gold ZEN,ATX,80+ Gold,500 W,No,1,
Antec NeoECO Platinum,ATX,80+ Platinum,850 W,Full,1,
Antec NeoECO Platinum,ATX,80+ Platinum,650 W,Full,0,
Antec NeoECO V2,ATX,80+ Bronze,550 W,Semi,0,
Antec SF850X,SFX,80+ Gold,850 W,Full,0,
Antec Signature,ATX,80+ Titanium,1000 W,Full,2,
Antec Signature,ATX,80+ Bronze,850 W,Full,1,
Antec Signature Platinum,ATX,80+ Platinum,1300 W,Full,0,
Antec True Power,ATX,80+ Bronze,850 W,Full,1,222.02
Antec True Power,ATX,80+ Gold,750 W,No,2,
Antec True Power,ATX,80+ Gold,650 W,No,7,
Antec True Power,ATX,80+ Bronze,1000 W,Full,0,
Antec True Power,ATX,80+ Bronze,550 W,Full,3,
Antec VP,ATX,,350 W,No,1,
Antec VP,ATX,,450 W,No,23,
Antec VP,ATX,,500 W,No,0,
Antec VP PLUS,ATX,80+,700 W,No,1,
Antec VP PLUS,ATX,80+,500 W,No,0,
Antec VP PLUS,ATX,80+,600 W,No,2,
Antec VP650P,ATX,,650 W,No,0,
Antec VP-P,ATX,,450 W,No,1,
Apevia AD,ATX,,500 W,No,0,
Apevia APEVIA ATX-WR680W 680W ATX12V v2.3 SLI CrossFire Active PFC Power Supply,ATX,,680 W,Semi,0,
Apevia AR,ATX,,500 W,No,0,
Apevia Astro,ATX,,450 W,No,0,
Apevia ATX-AQ700W-BK,ATX,,700 W,No,2,
Apevia ATX-AS500W-BK,ATX,,500 W,No,0,
Apevia ATX-AS500W-BL,ATX,,500 W,No,0,
Apevia ATX-AS500W-GN,ATX,,500 W,No,0,
Apevia ATX-AS520W-BK,ATX,,520 W,No,0,
Apevia ATX-AS600W-BL,ATX,,600 W,No,0,
Apevia ATX-AS680W-BK,ATX,,680 W,No,0,
Apevia ATX-AS680W-BL,ATX,,680 W,No,1,
Apevia ATX-CB600W,ATX,,600 W,No,0,
Apevia ATX-CB700W,ATX,,700 W,No,3,
Apevia ATX-CW500WP4,ATX,,500 W,No,0,
Apevia ATX-ES700-RGB,ATX,,700 W,Semi,1,
Apevia ATX-IB680W-BL,ATX,,680 W,No,0,
Apevia ATX-IB680W-GN,ATX,,680 W,No,1,
Apevia ATX-JP1000W,ATX,80+ Bronze,1000 W,No,0,
Apevia ATX-JV650W,ATX,,650 W,No,1,
Apevia ATX-PR850W PCIE5.0,ATX,80+ Gold,850 W,No,0,74.98
Apevia ATX-RP500W,ATX,,500 W,No,0,
Apevia ATX-TL450W,ATX,,450 W,No,0,
Apevia ATX-TL450W-BK,ATX,,450 W,No,0,
Apevia ATX-VN500W,ATX,,500 W,No,0,
Apevia ATX-VS450W,ATX,,450 W,No,0,
Apevia ATX-WA750W,ATX,,750 W,No,1,
Apevia ATX-WA900W,ATX,,900 W,No,2,
Apevia Beast,ATX,,550 W,No,1,
Apevia CAPTAIN,ATX,,550 W,No,0,31.99
Apevia Galaxy,ATX,80+ Gold,650 W,Semi,11,54.99
Apevia Galaxy,ATX,80+ Gold,850 W,Semi,3,65.98
Apevia Galaxy,ATX,80+ Gold,1000 W,Semi,2,75.98
Apevia ITX-AP250W,Mini ITX,,250 W,No,0,
Apevia Premier,ATX,80+ Gold,650 W,Semi,4,54.99
Apevia Prestige,ATX,80+ Gold,600 W,No,10,51.99
Apevia Prestige,ATX,80+ Gold,600 W,No,2,54.99
Apevia Prestige,ATX,80+ Gold,800 W,No,6,66.98
Apevia Prestige,ATX,80+ Gold,1000 W,No,1,
Apevia Prestige,ATX,80+ Gold,1000 W,No,0,
Apevia Raptor,ATX,,450 W,No,0,
Apevia Signature,ATX,80+ Bronze,1050 W,Semi,7,
Apevia Spirit,ATX,,600 W,No,2,
Apevia Spirit,ATX,,700 W,No,0,
Apevia XG,ATX,,450 W,No,0,
Apex AG-M,ATX,80+ Gold,750 W,Full,1,
Apex AG-M,ATX,80+ Gold,850 W,Full,0,
Apex AL-8250SFX,SFX,,250 W,No,2,78.02
Apex AL-A350ATX,ATX,,350 W,No,0,
Apex AL-A400ATX,ATX,,400 W,No,0,
Apex AL-D500EXP,ATX,,500 W,No,2,
Apex SL-275TFX,TFX,,275 W,No,0,45.95
APNX MAX G1,ATX,80+ Gold,1200 W,Full,0,
ARESGAME AGK,ATX,80+ Gold,850 W,Full,4,
ARESGAME AGS,ATX,80+ Gold,750 W,Semi,4,
ARESGAME AGS,ATX,80+ Gold,850 W,Semi,0,
ARESGAME AGT,ATX,80+ Gold,1000 W,Full,1,
ARESGAME AGV,ATX,80+ Bronze,500 W,No,13,
ARESGAME AGV,ATX,80+ Bronze,650 W,No,8,
ARESGAME AGV,ATX,80+ Bronze,750 W,Semi,9,
ASRock Challenger CL-550B,ATX,80+ Bronze,550 W,No,2,59.99
ASRock Challenger CL-650B,ATX,80+ Bronze,650 W,No,0,44.99
ASRock Challenger CL-650G,ATX,80+ Gold,650 W,No,0,59.99
ASRock Challenger CL-750B,ATX,80+ Bronze,750 W,No,0,49.99
ASRock Challenger CL-750G,ATX,80+ Gold,750 W,No,1,54.99
ASRock Challenger CL-850G,ATX,80+ Gold,850 W,No,0,79.99
ASRock Phantom Gaming PG-1000G,ATX,80+ Gold,1000 W,Full,1,119.99
ASRock Phantom Gaming PG-1300G,ATX,80+ Gold,1300 W,Full,1,189.99
ASRock Phantom Gaming PG-1600G,ATX,80+ Gold,1600 W,Full,2,219.99
ASRock Phantom Gaming PG-750G,ATX,80+ Gold,750 W,Full,0,74.99
ASRock Phantom Gaming PG-850G,ATX,80+ Gold,850 W,Full,1,109.99
ASRock PRO-650G,ATX,80+ Gold,650 W,No,1,49.99
ASRock PRO-750G,ATX,80+ Gold,750 W,No,0,54.99
ASRock PRO-850G,ATX,80+ Gold,850 W,No,0,64.99
ASRock PRO-M1000G,ATX,80+ Gold,1000 W,Full,0,156.61
ASRock PRO-M750G,ATX,80+ Gold,750 W,Full,0,
ASRock PRO-M850G,ATX,80+ Gold,850 W,Full,0,
ASRock STEEL LEGEND,ATX,80+ Platinum,1000 W,Full,0,149.99
ASRock Steel Legend SL-1000G,ATX,80+ Gold,1000 W,Full,0,109.99
ASRock Steel Legend SL-1000GW,ATX,80+ Gold,1000 W,Full,2,129.99
ASRock Steel Legend SL-1200G,ATX,80+ Gold,1200 W,Full,1,139.99
ASRock Steel Legend SL-1200GW,ATX,80+ Gold,1200 W,Full,0,159.99
ASRock Steel Legend SL-650G,ATX,80+ Gold,650 W,Full,1,64.99
ASRock Steel Legend SL-750G,ATX,80+ Gold,750 W,Full,1,84.99
ASRock Steel Legend SL-850G,ATX,80+ Gold,850 W,Full,1,89.99
ASRock Steel Legend SL-850GW,ATX,80+ Gold,850 W,Full,3,114.99
ASRock Taichi TC-1300T,ATX,80+ Titanium,1300 W,Full,0,299.99
ASRock Taichi TC-1650T,ATX,80+ Titanium,1650 W,Full,1,399.99
Asus Prime,ATX,80+ Bronze,750 W,No,0,
Asus Prime AP-750G,ATX,80+ Gold,750 W,Full,5,119.99
Asus Prime AP-850G,ATX,80+ Gold,850 W,Full,1,132.99
Asus ROG LOKI,SFX,80+ Platinum,750 W,Full,9,144.99
Asus ROG LOKI,SFX,80+ Titanium,1200 W,Full,0,335.69
Asus ROG LOKI,SFX,80+ Platinum,1000 W,Full,6,249.99
Asus ROG LOKI,SFX,80+ Platinum,850 W,Full,4,243.98
Asus ROG LOKI,SFX,80+ Platinum,850 W,Full,8,233.51
Asus ROG Strix,ATX,80+ Platinum,1000 W,Full,2,230.06
Asus ROG Strix,ATX,80+ Gold,750 W,Full,14,142.85
Asus ROG Strix,ATX,80+ Platinum,850 W,Full,1,
Asus ROG Strix,ATX,80+ Gold,850 W,Full,12,174.99
Asus ROG STRIX 1000G,ATX,80+ Gold,1000 W,Full,11,199.99
Asus ROG STRIX 1000P GAMING,ATX,80+ Platinum,1000 W,Full,1,234.46
Asus ROG STRIX 1200P Gaming,ATX,80+ Platinum,1200 W,Full,4,259.51
Asus ROG Strix Aura Edition,ATX,80+ Gold,1000 W,Full,3,204.62
Asus ROG Strix Aura Edition,ATX,80+ Gold,1200 W,Full,0,
Asus ROG Strix Aura Edition,ATX,80+ Gold,850 W,Full,1,
Asus ROG THOR 1200P,ATX,80+ Platinum,1200 W,Full,13,
Asus ROG THOR 1600T Gaming,ATX,80+ Titanium,1600 W,Full,1,959.9
Asus ROG THOR 850P,ATX,80+ Platinum,850 W,Full,17,
Asus ROG THOR P2 Gaming,ATX,80+ Platinum,1000 W,Full,4,359.99
Asus ROG THOR P2 Gaming,ATX,80+ Platinum,1200 W,Full,7,
Asus ROG THOR P2 Gaming,ATX,80+ Platinum,850 W,Full,3,234.99
Asus ROG THOR P2 Gaming EVA Edition,ATX,80+ Platinum,1000 W,Full,1,
Asus ROG Thor P3 Gaming,ATX,80+ Platinum,1200 W,Full,0,479.99
Asus ROG Thor P3 Hatsune Miku Edition,ATX,80+ Platinum,1200 W,Full,1,
Asus ROG THOR T3 GAMING,ATX,80+ Titanium,1600 W,Full,0,
Asus ROG-STRIX-850G,ATX,80+ Gold,850 W,Full,7,
Asus ROG-STRIX-850G-GUNDAM-EDITION,ATX,80+ Gold,850 W,Full,1,
Asus TUF Gaming,ATX,80+ Bronze,750 W,No,4,
Asus TUF Gaming 1000G,ATX,80+ Gold,1000 W,Full,10,179.99
Asus TUF Gaming 1000G,ATX,80+ Gold,1000 W,Full,4,189.99
Asus TUF Gaming 1200G,ATX,80+ Gold,1200 W,Full,1,204.99
Asus TUF Gaming 650B,ATX,80+ Bronze,650 W,No,7,
Asus TUF Gaming 750G,ATX,80+ Gold,750 W,Full,7,119.99
Asus TUF Gaming 850G,ATX,80+ Gold,850 W,Full,8,149.99
Asus TUF Gaming B,ATX,80+ Bronze,550 W,No,1,80.98
Asus TUF Gaming B,ATX,80+ Bronze,450 W,No,3,
Athena Power AP-MFATX22,Mini ITX,,220 W,No,0,
Athena Power AP-MFATX25,Mini ITX,80+,250 W,No,0,
Athena Power AP-MFATX30,Mini ITX,80+ Bronze,300 W,No,0,
Athena Power AP-MFATX35,Mini ITX,80+ Bronze,350 W,No,0,
Athena Power AP-MFATX40,Mini ITX,80+ Bronze,400 W,No,0,
Athena Power AP-MFATX40P8,Flex ATX,80+ Bronze,400 W,No,0,
Athena Power AP-MFATX50P8,Flex ATX,80+ Silver,500 W,No,1,171
Athena Power AP-MPS3ATX30H,ATX,,300 W,No,0,
Athena Power AP-MTFX30,TFX,,300 W,No,0,36.99
Athena Power Apollo,SFX,,300 W,No,0,
Athena Power APOLLO 600,SFX,80+ Bronze,600 W,No,0,231.06
Athena Power AP-P4ATX35,ATX,,350 W,No,0,
Athena Power AP-P4ATX55FEC,ATX,,550 W,No,0,
Athena Power AP-P4ATX80FEP8,ATX,80+ Bronze,800 W,No,0,
Athena Power AP-P4ATX85FEP,ATX,,850 W,No,0,
Athena Power AP-P4ATX95FEPC,ATX,80+,950 W,No,0,
Athena Power AP-TFX30,TFX,,300 W,No,0,
Athena Power AP-TFX40,TFX,80+ Bronze,400 W,No,0,
Azza ARGB,ATX,80+ Bronze,650 W,No,1,
Azza PSAZ-1000A14,ATX,80+ Bronze,1000 W,No,3,
Azza PSAZ-1000PT14,ATX,80+ Platinum,1000 W,Semi,0,
Azza PSAZ-500B12,ATX,,500 W,No,2,
Azza PSAZ-550W,ATX,80+ Bronze,550 W,No,3,
Azza PSAZ-650B14,ATX,,650 W,No,1,
Azza PSAZ-650W,ATX,80+ Bronze,650 W,No,2,59.99
Azza PSAZ-700A14,ATX,80+ Bronze,700 W,No,0,
Azza PSAZ-750PT14,ATX,80+ Platinum,750 W,Semi,0,
Azza PSAZ-750W,ATX,80+ Bronze,750 W,No,0,74.99
Azza PSAZ-850B14,ATX,,850 W,No,0,
Azza PSAZ-850PT14,ATX,80+ Platinum,850 W,Semi,0,
Azza Titan,ATX,80+ Bronze,1000 W,No,1,
be quiet! Dark Power 12,ATX,80+ Titanium,1000 W,Full,6,338.01
be quiet! Dark Power 12,ATX,80+ Titanium,850 W,Full,3,287.56
be quiet! Dark Power 12,ATX,80+ Titanium,750 W,Full,4,
be quiet! Dark Power 13,ATX,80+ Titanium,1000 W,Full,10,234.9
be quiet! Dark Power 13,ATX,80+ Titanium,850 W,Full,4,194.9
be quiet! Dark Power 13,ATX,80+ Titanium,750 W,Full,0,179.9
be quiet! Dark Power 14,ATX,80+ Titanium,1200 W,Full,0,289.89
be quiet! Dark Power Pro 10,ATX,80+ Gold,650 W,Semi,3,
be quiet! Dark Power Pro 10,ATX,80+ Gold,750 W,Semi,0,
be quiet! Dark Power Pro 10,ATX,80+ Platinum,850 W,Semi,2,
be quiet! Dark Power Pro 10,ATX,80+ Gold,1000 W,Semi,1,
be quiet! Dark Power Pro 11,ATX,80+ Platinum,850 W,Semi,7,
be quiet! Dark Power Pro 11,ATX,80+ Platinum,650 W,Semi,6,
be quiet! Dark Power Pro 11,ATX,80+ Platinum,750 W,Semi,4,
be quiet! Dark Power Pro 11,ATX,80+ Platinum,550 W,Semi,0,
be quiet! Dark Power Pro 11,ATX,80+ Platinum,1000 W,Semi,1,
be quiet! Dark Power Pro 12,ATX,80+ Titanium,1200 W,Full,2,
be quiet! Dark Power Pro 12,ATX,80+ Titanium,1500 W,Full,4,
be quiet! Dark Power Pro 13,ATX,80+ Titanium,1600 W,Full,7,499.9
be quiet! POWER 2,SFX,80+ Bronze,300 W,No,0,
be quiet! POWER 2,SFX,80+ Bronze,400 W,No,1,
be quiet! Power Zone,ATX,80+ Bronze,850 W,Full,0,
be quiet! Power Zone 1000W,ATX,80+ Bronze,1000 W,Full,1,
be quiet! Power Zone 2,ATX,80+ Platinum,1000 W,Full,5,139.9
be quiet! Power Zone 2,ATX,80+ Platinum,850 W,Full,1,114.9
be quiet! Power Zone 2,ATX,80+ Platinum,1200 W,Full,0,179.99
be quiet! Power Zone 650W,ATX,80+ Bronze,650 W,Full,0,
be quiet! Power Zone 750W,ATX,80+ Bronze,750 W,Full,2,
be quiet! Pure Power 10,ATX,80+ Silver,500 W,No,2,
be quiet! Pure Power 10,ATX,80+ Silver,600 W,No,1,
be quiet! Pure Power 10,ATX,80+ Bronze,300 W,No,0,
be quiet! Pure Power 10 CM,ATX,80+ Silver,500 W,Semi,2,
be quiet! Pure Power 10 CM,ATX,80+ Silver,400 W,Semi,6,
be quiet! Pure Power 10 CM,ATX,80+ Silver,600 W,Semi,1,
be quiet! Pure Power 10 CM,ATX,80+ Silver,700 W,Semi,0,
be quiet! Pure Power 11,ATX,80+ Bronze,300 W,No,2,
be quiet! Pure Power 11,ATX,80+ Gold,400 W,No,3,274.88
be quiet! Pure Power 11,ATX,80+ Gold,500 W,No,8,
be quiet! Pure Power 11,ATX,80+ Bronze,350 W,No,0,
be quiet! Pure Power 11,ATX,80+ Gold,600 W,No,7,
be quiet! Pure Power 11 600,ATX,80+ Gold,600 W,No,1,
be quiet! Pure Power 11 CM,ATX,80+ Gold,600 W,Semi,8,
be quiet! Pure Power 11 CM,ATX,80+ Gold,500 W,Semi,9,
be quiet! Pure Power 11 CM,ATX,80+ Gold,400 W,Semi,3,
be quiet! Pure Power 11 CM,ATX,80+ Gold,700 W,Semi,6,
be quiet! Pure Power 11 FM 1000,ATX,80+ Gold,1000 W,Full,1,
be quiet! Pure Power 11 FM 550,ATX,80+ Gold,550 W,Full,1,
be quiet! Pure Power 11 FM 650,ATX,80+ Gold,650 W,Full,6,
be quiet! Pure Power 11 FM 750,ATX,80+ Gold,750 W,Full,0,
be quiet! Pure Power 11 FM 850,ATX,80+ Gold,850 W,Full,1,
be quiet! Pure Power 12,ATX,80+ Gold,650 W,No,2,74.89
be quiet! Pure Power 12,ATX,80+ Gold,750 W,No,3,76.89
be quiet! Pure Power 12,ATX,80+ Gold,850 W,No,0,82.89
be quiet! Pure Power 12 M,ATX,80+ Gold,1200 W,Full,6,168.99
be quiet! Pure Power 12 M,ATX,80+ Gold,850 W,Full,38,
be quiet! Pure Power 12 M,ATX,80+ Gold,750 W,Full,26,
be quiet! Pure Power 12 M,ATX,80+ Gold,1000 W,Full,16,
be quiet! Pure Power 12 M,ATX,80+ Gold,650 W,Full,4,
be quiet! Pure Power 12 M,ATX,80+ Gold,550 W,Full,2,
be quiet! Pure Power 13 M,ATX,80+ Gold,1000 W,Full,13,128.99
be quiet! Pure Power 13 M,ATX,80+ Gold,850 W,Full,9,106
be quiet! Pure Power 13 M,ATX,80+ Gold,750 W,Full,7,94.5
be quiet! Pure Power 13 M,ATX,80+ Gold,550 W,Full,1,
be quiet! Pure Power 13 M,ATX,80+ Gold,650 W,Full,0,
be quiet! Pure Power 9,ATX,80+ Silver,400 W,Semi,2,
be quiet! Pure Power 9,ATX,80+ Silver,400 W,No,0,
be quiet! Pure Power 9 CM,ATX,80+ Bronze,600 W,Semi,1,
be quiet! PURE POWER 9 CM,ATX,80+ Silver,600 W,Semi,1,
be quiet! Pure Power L7,ATX,80+,530 W,No,1,
be quiet! Pure Power L7,ATX,80+,300 W,No,0,
be quiet! Pure Power L8,ATX,80+ Bronze,300 W,No,2,
be quiet! Pure Power L8,ATX,80+ Bronze,630 W,Semi,1,
be quiet! Pure Power L8,ATX,80+ Bronze,500 W,No,0,
be quiet! Pure Power L8,ATX,80+ Bronze,530 W,Semi,3,
be quiet! PURE POWER L8 400W,ATX,80+ Bronze,400 W,No,2,
be quiet! SFX L Power,SFX,80+ Gold,600 W,Full,0,119.9
be quiet! SFX L Power,SFX,80+ Gold,500 W,Full,3,
be quiet! SFX Power 3 300,SFX,80+ Bronze,300 W,No,0,
be quiet! SFX Power 3 450,SFX,80+ Bronze,450 W,No,1,124.29
be quiet! Straight Power 10,ATX,80+ Gold,500 W,No,0,
be quiet! Straight Power 10,ATX,80+ Gold,600 W,No,1,
be quiet! Straight Power 10 CM,ATX,80+ Gold,800 W,Semi,0,
be quiet! Straight Power 10 CM,ATX,80+ Gold,600 W,Semi,2,
be quiet! Straight Power 10 CM,ATX,80+ Gold,700 W,Semi,3,
be quiet! Straight Power 11,ATX,80+ Platinum,1200 W,Full,5,
be quiet! Straight Power 11,ATX,80+ Platinum,850 W,Full,7,
be quiet! Straight Power 11,ATX,80+ Platinum,550 W,Full,1,
be quiet! Straight Power 11 1000W,ATX,80+ Gold,1000 W,Full,1,
be quiet! Straight Power 11 450W,ATX,80+ Gold,450 W,Full,2,
be quiet! Straight Power 11 550W,ATX,80+ Gold,550 W,Full,9,
be quiet! Straight Power 11 650W,ATX,80+ Gold,650 W,Full,9,
be quiet! Straight Power 11 750W,ATX,80+ Gold,750 W,Full,13,
be quiet! Straight Power 11 850W,ATX,80+ Gold,850 W,Full,9,
be quiet! Straight Power 12,ATX,80+ Platinum,1500 W,Full,7,254.99
be quiet! Straight Power 12,ATX,80+ Platinum,1200 W,Full,15,229.9
be quiet! Straight Power 12,ATX,80+ Platinum,850 W,Full,6,
be quiet! Straight Power 12,ATX,80+ Platinum,750 W,Full,0,
be quiet! Straight Power E9,ATX,80+ Gold,600 W,No,0,
be quiet! STRAIGHT POWER E9 | 400W,ATX,80+ Gold,400 W,No,0,
be quiet! STRAIGHT POWER E9 | 450W,ATX,80+ Gold,450 W,No,0,
be quiet! STRAIGHT POWER E9 | 480W CM,ATX,80+ Gold,480 W,Full,0,
be quiet! STRAIGHT POWER E9 | 500W,ATX,80+ Gold,500 W,No,3,
be quiet! STRAIGHT POWER E9 | 580W CM,ATX,80+ Gold,580 W,Semi,1,
be quiet! STRAIGHT POWER E9 680W / CM,ATX,80+ Gold,680 W,Semi,2,
be quiet! System Power 10,ATX,80+ Bronze,650 W,No,6,
be quiet! System Power 10,ATX,80+ Bronze,550 W,No,1,252.2
be quiet! System Power 10,ATX,80+ Bronze,750 W,No,4,
be quiet! System Power 10,ATX,80+ Bronze,450 W,No,3,
be quiet! System Power 10 U,ATX,80+ Bronze,750 W,No,0,
be quiet! System Power 11 U,ATX,80+ Bronze,650 W,No,1,
be quiet! System Power 11 U,ATX,80+ Bronze,750 W,No,0,
be quiet! System Power 8,ATX,80+,600 W,No,0,
be quiet! System Power 8,ATX,80+,400 W,No,2,
be quiet! System Power 8,ATX,80+,500 W,No,1,
be quiet! System Power 9,ATX,80+ Bronze,600 W,No,11,
be quiet! System Power 9,ATX,80+ Bronze,400 W,No,6,
be quiet! System Power 9,ATX,80+ Bronze,700 W,No,2,
be quiet! System Power 9 500 CM,ATX,80+ Bronze,500 W,Semi,2,
be quiet! System Power 9 700 CM,ATX,80+ Bronze,700 W,Semi,3,
be quiet! System Power 9 CM,ATX,80+ Bronze,400 W,Semi,2,
be quiet! System Power U9,ATX,80+ Bronze,600 W,No,3,
be quiet! System Power U9,ATX,80+ Bronze,500 W,No,1,
be quiet! System Power U9,ATX,80+ Bronze,700 W,No,0,
be quiet! TFX Power 2,TFX,80+ Gold,300 W,No,0,
be quiet! TFX Power 3 300,TFX,80+ Gold,300 W,No,0,139.32
BFG BFGR650WGSPSU,ATX,,650 W,No,0,
BFG EX-1000,ATX,80+ Bronze,1000 W,Full,0,
BitFenix BFG GOLD,ATX,80+ Gold,550 W,Full,0,
BitFenix BFG GOLD ATX3.0,ATX,80+ Gold,750 W,Full,0,
BitFenix Formula Bronze,ATX,80+ Bronze,600 W,No,0,
BitFenix Formula Gold 450,ATX,80+ Gold,450 W,No,2,
BitFenix Formula Gold 550,ATX,80+ Gold,550 W,No,4,
BitFenix Formula Gold 650,ATX,80+ Gold,650 W,No,2,
BitFenix Formula Gold 750,ATX,80+ Gold,750 W,No,2,
BitFenix Fury,ATX,80+ Gold,550 W,Semi,2,
BitFenix Fury,ATX,80+ Gold,650 W,Semi,1,
BitFenix Whisper M,ATX,80+ Gold,850 W,Full,1,
BitFenix Whisper M,ATX,80+ Gold,750 W,Full,2,
BitFenix Whisper M,ATX,80+ Gold,550 W,Full,0,
Broadway Com Corp OKIA-BLACK-550,ATX,,550 W,No,0,
Broadway Com Corp OKIA-BLACK-600,ATX,,600 W,No,0,
Broadway Com Corp OKIA-BLACK-680,ATX,,680 W,No,0,
Broadway Com Corp P4-OKIA-550-RB,ATX,,550 W,No,0,
Chieftec ATMOS,ATX,80+ Gold,850 W,Full,0,197.49
Chieftec GPS-600A8,ATX,80+,600 W,No,0,
Chieftec GPS-700A8,ATX,80+ Bronze,700 W,No,0,
Chieftec iArena,ATX,80+ Bronze,500 W,No,0,
Chieftec Polaris,ATX,80+ Gold,650 W,Full,0,
Chieftec Polaris 3.0,ATX,80+ Gold,1050 W,Full,0,598.7
Chieftec Polaris Pro,ATX,80+ Platinum,1300 W,Full,0,
Chieftec PowerPlay Gold,ATX,80+ Gold,550 W,Full,0,
Chieftec PowerPlay GPU-FC,ATX,80+ Platinum,1200 W,Full,0,
Chieftec SILICON,ATX,80+ Bronze,650 W,Full,0,
Chieftec Stealth,ATX,80+ Platinum,1200 W,Full,0,
Chieftec Vega,ATX,80+ Gold,850 W,No,0,172.88
Chieftec Vega M,ATX,80+ Gold,850 W,Full,1,
Chieftec Vega M,ATX,80+ Gold,750 W,Full,0,163.83
Chieftec Vita,ATX,80+ Bronze,850 W,No,0,111.89
Chieftec Vita SM3,ATX,80+ Bronze,750 W,Semi,0,
Cooler Master 400W MasterWatt Lite 230V,ATX,80+,400 W,No,0,
Cooler Master 500W MasterWatt Lite 230V,ATX,80+,500 W,No,0,
Cooler Master 600W MasterWatt Lite 230V,ATX,80+,600 W,No,2,
Cooler Master 700W MasterWatt Lite 230V,ATX,80+,700 W,No,1,
Cooler Master B500,ATX,,500 W,No,3,
Cooler Master B500 ver.2,ATX,80+,500 W,No,3,
Cooler Master B600 ver. 2,ATX,80+,600 W,No,0,
Cooler Master Elite,ATX,,460 W,No,5,
Cooler Master Elite,ATX,,400 W,No,2,
Cooler Master Elite,ATX,,400 W,No,0,
Cooler Master Elite 400 V3,ATX,80+,400 W,No,1,
Cooler Master Elite Gold,ATX,80+ Gold,1000 W,Full,1,
Cooler Master Elite Gold,ATX,80+ Gold,1200 W,Full,0,
Cooler Master Elite NEX N400 230V,ATX,,400 W,No,0,
Cooler Master Elite NEX N500 230V,ATX,,500 W,No,0,
Cooler Master Elite NEX N600,ATX,,600 W,No,0,
Cooler Master Elite NEX N600 230V,ATX,,600 W,No,0,
Cooler Master Elite NEX N700,ATX,,700 W,No,0,
Cooler Master Elite NEX N700 230V,ATX,,700 W,No,0,
Cooler Master Elite NEX PN500 Peak,ATX,,500 W,No,0,
Cooler Master Elite NEX PN500 Peak 230V,ATX,,500 W,No,0,
Cooler Master Elite NEX PN600 Peak,ATX,,600 W,No,0,
Cooler Master Elite NEX PN600 Peak 230V,ATX,,600 W,No,0,
Cooler Master Elite NEX PN700 Peak,ATX,,700 W,No,0,
Cooler Master Elite NEX PN700 Peak 230V,ATX,,700 W,No,0,
Cooler Master Elite NEX PN800 Peak,ATX,,800 W,No,0,
Cooler Master Elite NEX PN800 Peak 230V,ATX,,800 W,No,0,
Cooler Master Elite NEX White W400,ATX,80+,400 W,No,0,
Cooler Master ELITE NEX White W400 230V,ATX,80+,400 W,No,0,
Cooler Master Elite NEX White W500,ATX,80+,500 W,No,0,
Cooler Master ELITE NEX White W500 230V,ATX,80+,500 W,No,0,
Cooler Master Elite NEX White W500 Black Mesh,ATX,80+,500 W,No,0,
Cooler Master Elite NEX White W500 Black Mesh 230V,ATX,80+,500 W,No,0,
Cooler Master Elite NEX White W600,ATX,80+,600 W,No,0,
Cooler Master ELITE NEX White W600 230V,ATX,80+,600 W,No,0,
Cooler Master Elite NEX White W600 Black Mesh,ATX,80+,600 W,No,0,
Cooler Master Elite NEX White W600 Black Mesh 230V,ATX,80+,600 W,No,0,
Cooler Master Elite NEX White W700,ATX,80+,700 W,No,0,
Cooler Master ELITE NEX White W700 230V,ATX,80+,700 W,No,0,
Cooler Master Elite NEX White W700 Black Mesh,ATX,80+,700 W,No,0,
Cooler Master Elite NEX White W700 Black Mesh 230V,ATX,80+,700 W,No,1,
Cooler Master Elite V2,ATX,,550 W,No,8,
Cooler Master Elite V3,ATX,80+,600 W,No,4,
Cooler Master Elite V3,ATX,,500 W,No,3,
Cooler Master Extreme 2,ATX,,525 W,No,4,
Cooler Master Extreme 2,ATX,,475 W,No,1,
Cooler Master eXtreme Power,ATX,,600 W,No,5,
Cooler Master eXtreme Power,ATX,,550 W,No,4,
Cooler Master eXtreme Power Plus,ATX,,700 W,No,2,
Cooler Master eXtreme Power Plus,ATX,,500 W,No,7,
Cooler Master eXtreme Power Plus,ATX,,460 W,No,0,
Cooler Master G Gold 550 V2,ATX,80+ Gold,550 W,No,0,
Cooler Master G Gold 650 V2,ATX,80+ Gold,650 W,No,0,
Cooler Master G Gold 750 V2,ATX,80+ Gold,750 W,No,1,
Cooler Master G450M,ATX,80+ Bronze,450 W,Semi,4,
Cooler Master G500,ATX,80+ Gold,500 W,No,0,
Cooler Master G550M,ATX,80+ Bronze,550 W,Semi,12,
Cooler Master G600,ATX,80+ Gold,600 W,No,1,
Cooler Master G650M,ATX,80+ Bronze,650 W,Semi,13,
Cooler Master G700,ATX,80+ Gold,700 W,No,0,
Cooler Master G750M,ATX,80+ Bronze,750 W,Semi,4,
Cooler Master G800,ATX,80+ Gold,800 W,No,1,
Cooler Master GX,ATX,80+,650 W,No,3,
Cooler Master GX,ATX,80+ Bronze,750 W,No,4,
Cooler Master GX,ATX,80+,750 W,Semi,6,
Cooler Master GX III GOLD,ATX,80+ Gold,750 W,Full,1,
Cooler Master GX III GOLD,ATX,80+ Gold,850 W,Full,0,
Cooler Master GXII,ATX,80+ Bronze,750 W,No,5,
Cooler Master GXII,ATX,80+ Gold,750 W,Full,0,
Cooler Master Hyper White,ATX,80+,600 W,No,0,
Cooler Master i500,ATX,80+ Bronze,500 W,No,8,
Cooler Master i600,ATX,80+ Bronze,600 W,No,3,
Cooler Master i700,ATX,80+ Bronze,700 W,No,3,
Cooler Master M2000,ATX,80+ Platinum,2000 W,Full,0,
Cooler Master M620,ATX,80+,620 W,Semi,0,
Cooler Master MasterWatt,ATX,80+ Bronze,650 W,Semi,21,
Cooler Master MasterWatt,ATX,80+ Bronze,750 W,Semi,17,
Cooler Master MasterWatt,ATX,80+ Bronze,450 W,Semi,0,
Cooler Master MasterWatt 550,ATX,80+ Bronze,550 W,Semi,29,
Cooler Master MasterWatt 650 TUF Gaming Alliance Edition,ATX,80+ Bronze,650 W,Semi,0,
Cooler Master MasterWatt 750 TUF Gaming Edition,ATX,80+ Bronze,750 W,Semi,1,
Cooler Master MasterWatt Lite 500W Full Range,ATX,80+,500 W,No,9,
Cooler Master MasterWatt Lite 600W Full Range,ATX,80+,600 W,No,0,
Cooler Master MasterWatt Maker,ATX,80+ Titanium,1200 W,Full,0,
Cooler Master MasterWatt Maker 1500 ,ATX,80+ Titanium,1500 W,Full,0,
Cooler Master MASTERWATT MAKER MIJ,ATX,80+ Titanium,1200 W,Full,0,
Cooler Master MasterWatt TUF Gaming Alliance,ATX,80+ Bronze,550 W,Semi,0,
Cooler Master MPW-5502-ACABW 230V,ATX,80+,550 W,No,1,
Cooler Master MWE,ATX,80+ Bronze,600 W,No,0,
Cooler Master MWE 400,ATX,80+,400 W,No,0,
Cooler Master MWE 450,ATX,80+,450 W,No,1,
Cooler Master MWE 500,ATX,80+,500 W,No,1,
Cooler Master MWE Bronze,ATX,80+ Bronze,500 W,No,1,
Cooler Master MWE Bronze,ATX,80+ Bronze,450 W,No,0,
Cooler Master MWE Bronze 550,ATX,80+ Bronze,550 W,No,0,
Cooler Master MWE BRONZE 550 V3,ATX,80+ Bronze,550 W,No,0,
Cooler Master MWE Bronze 550 V3 230V,ATX,80+ Bronze,550 W,No,0,
Cooler Master MWE Bronze 650,ATX,80+ Bronze,650 W,No,1,
Cooler Master MWE BRONZE 650 V3,ATX,80+ Bronze,650 W,No,0,
Cooler Master MWE Bronze 650 V3 230V,ATX,80+ Bronze,650 W,No,1,
Cooler Master MWE BRONZE 750 V3,ATX,80+ Bronze,750 W,No,1,
Cooler Master MWE Bronze 750 V3 230V,ATX,80+ Bronze,750 W,No,0,
Cooler Master MWE Bronze V2,ATX,80+ Bronze,650 W,No,9,
Cooler Master MWE Bronze V2,ATX,80+ Bronze,550 W,No,12,
Cooler Master MWE Bronze V2,ATX,80+ Bronze,750 W,No,4,
Cooler Master MWE Bronze V2,ATX,80+ Bronze,450 W,No,1,
Cooler Master MWE Bronze V2,ATX,80+ Bronze,600 W,No,2,
Cooler Master MWE Bronze V2,ATX,80+ Bronze,500 W,No,0,
Cooler Master MWE Gold,ATX,80+ Gold,550 W,Full,9,
Cooler Master MWE Gold 1050 - V2,ATX,80+ Gold,1050 W,Full,0,
Cooler Master MWE Gold 1250 - V2,ATX,80+ Gold,1250 W,Full,0,
Cooler Master MWE Gold 550,ATX,80+ Gold,550 W,No,1,
Cooler Master MWE GOLD 550 V2,ATX,80+ Gold,550 W,No,0,
Cooler Master MWE GOLD 550 V2 FULL MODULAR,ATX,80+ Gold,550 W,Full,0,
Cooler Master MWE Gold 650,ATX,80+ Gold,650 W,Full,23,
Cooler Master MWE Gold 650,ATX,80+ Gold,650 W,No,1,
Cooler Master MWE GOLD 650 V2,ATX,80+ Gold,650 W,No,1,
Cooler Master MWE GOLD 650 V2 FULL MODULAR,ATX,80+ Gold,650 W,Full,2,
Cooler Master MWE Gold 750,ATX,80+ Gold,750 W,Full,32,
Cooler Master MWE Gold 750,ATX,80+ Gold,750 W,No,0,
Cooler Master MWE GOLD 750 V2,ATX,80+ Gold,750 W,No,0,
Cooler Master MWE GOLD 750 V2 FULL MODULAR,ATX,80+ Gold,750 W,Full,24,
Cooler Master MWE Gold 750 V3,ATX,80+ Gold,750 W,Full,4,91.99
Cooler Master MWE Gold 850 - V2,ATX,80+ Gold,850 W,Full,27,98.99
Cooler Master MWE GOLD 850 V2,ATX,80+ Gold,850 W,No,1,
Cooler Master MWE Gold 850 V3,ATX,80+ Gold,850 W,Full,3,89.99
Cooler Master MWE Gold V2 ATX 3.1,ATX,80+ Gold,850 W,Full,0,
Cooler Master MWE Gold V2 ATX3.0,ATX,80+ Gold,1050 W,Full,0,
Cooler Master MWE Gold V2 ATX3.0,ATX,80+ Gold,1250 W,Full,1,
Cooler Master MWE Gold V2 ATX3.0 SF6 BLANKA,ATX,80+ Gold,1050 W,Full,0,
Cooler Master MWE Gold V3,ATX,80+ Gold,650 W,No,2,
Cooler Master MWE Gold V3,ATX,80+ Gold,750 W,No,0,
Cooler Master MWE White V2,ATX,80+,550 W,No,3,
Cooler Master MWE White V2 230V,ATX,80+,400 W,No,0,
Cooler Master MWE White V2 230V,ATX,80+,650 W,No,1,
Cooler Master New GX,ATX,80+,550 W,No,1,
Cooler Master New GX,ATX,80+ Bronze,450 W,No,2,
Cooler Master RS,ATX,80+ Bronze,650 W,No,0,
Cooler Master Silent Pro Gold,ATX,80+ Gold,800 W,Semi,7,
Cooler Master Silent Pro Gold,ATX,80+ Gold,1200 W,Semi,3,
Cooler Master Silent Pro Gold,ATX,80+ Gold,1000 W,Semi,5,
Cooler Master Silent Pro Gold,ATX,80+ Gold,550 W,No,1,
Cooler Master Silent Pro Hybrid,ATX,80+ Gold,1300 W,Full,2,
Cooler Master Silent Pro Hybrid,ATX,80+ Gold,850 W,Full,0,
Cooler Master Silent Pro Hybrid,ATX,80+ Gold,1050 W,Full,1,
Cooler Master Silent Pro M,ATX,80+ Bronze,700 W,Full,11,
Cooler Master Silent Pro M,ATX,80+ Bronze,850 W,Semi,1,
Cooler Master Silent Pro M,ATX,80+ Bronze,1000 W,Semi,6,
Cooler Master Silent Pro M2,ATX,80+ Bronze,720 W,Semi,8,
Cooler Master Silent Pro M2,ATX,80+ Silver,1500 W,Semi,0,
Cooler Master Silent Pro M2,ATX,80+ Silver,1000 W,Semi,5,
Cooler Master Silent Pro M2,ATX,80+ Silver,850 W,Semi,7,
Cooler Master Silent Pro Platinum,ATX,80+ Platinum,550 W,Semi,0,
Cooler Master Silent Pro Platinum,ATX,80+ Platinum,1000 W,Semi,1,
Cooler Master Thunder,ATX,,600 W,No,3,
Cooler Master V Gold,ATX,80+ Gold,750 W,Full,1,
Cooler Master V Platinum V2,ATX,80+ Platinum,1600 W,Full,1,
Cooler Master V Platinum V2,ATX,80+ Platinum,1100 W,Full,0,208.99
Cooler Master V Semi-Modular,ATX,80+ Gold,550 W,Semi,3,
Cooler Master V Semi-Modular,ATX,80+ Gold,650 W,Semi,13,
Cooler Master V SFX Gold ATX 3.0,SFX,80+ Gold,850 W,Full,18,153.25
Cooler Master V SFX Gold ATX 3.0,SFX,80+ Gold,750 W,Full,0,
Cooler Master V SFX Gold ATX 3.0,SFX,80+ Gold,750 W,Full,1,
Cooler Master V SFX Gold ATX 3.1,SFX,80+ Gold,850 W,Full,1,
Cooler Master V SFX Gold ATX 3.1,SFX,80+ Gold,750 W,Full,0,
Cooler Master V SFX Platinum,SFX,80+ Platinum,1300 W,Full,0,
Cooler Master V SFX Platinum,SFX,80+ Platinum,1100 W,Full,4,
Cooler Master V SFX Platinum ATX 3.1,SFX,80+ Platinum,1100 W,Full,0,
Cooler Master V1000,ATX,80+ Gold,1000 W,Full,8,
Cooler Master V1000 Platinum,ATX,80+ Platinum,1000 W,Full,0,
Cooler Master V1200,ATX,80+ Platinum,1200 W,Full,1,
Cooler Master V1300 Platinum,ATX,80+ Platinum,1300 W,Full,0,
Cooler Master V450,ATX,80+ Gold,450 W,Semi,0,
Cooler Master V550,ATX,80+ Gold,550 W,Full,7,
Cooler Master V550 Gold V2,ATX,80+ Gold,550 W,Full,0,
Cooler Master V550 SFX GOLD,SFX,80+ Gold,550 W,Full,0,
Cooler Master V550 V2,ATX,80+ Gold,550 W,Full,4,
Cooler Master V550S,ATX,80+ Gold,550 W,Semi,0,
Cooler Master V650,ATX,80+ Gold,650 W,Full,9,
Cooler Master V650 Gold V2,ATX,80+ Gold,650 W,Full,1,
Cooler Master V650 SFX GOLD,SFX,80+ Gold,650 W,Full,11,
Cooler Master V650 V2,ATX,80+ Gold,650 W,Full,6,
Cooler Master V700,ATX,80+ Gold,700 W,Full,9,
Cooler Master V750,ATX,80+ Gold,750 W,Full,3,
Cooler Master V750 Gold i,ATX,80+ Gold,750 W,Full,2,
Cooler Master V750 Gold V2,ATX,80+ Gold,750 W,Full,3,
Cooler Master V750 SFX GOLD,SFX,80+ Gold,750 W,Full,19,139.99
Cooler Master V750 SFX GOLD,SFX,80+ Gold,750 W,Full,6,149.99
Cooler Master V750 V2,ATX,80+ Gold,750 W,Full,3,239.99
Cooler Master V850,ATX,80+ Gold,850 W,Full,13,
Cooler Master V850 Gold i,ATX,80+ Gold,850 W,Full,0,
Cooler Master V850 Gold V2,ATX,80+ Gold,850 W,Full,3,
Cooler Master V850 Platinum,ATX,80+ Platinum,850 W,Full,0,
Cooler Master V850 SFX GOLD,SFX,80+ Gold,850 W,Full,55,153.25
Cooler Master V850 SFX GOLD,SFX,80+ Gold,850 W,Full,12,158.09
Cooler Master V850 V2,ATX,80+ Gold,850 W,Full,6,
Cooler Master VSM,ATX,80+ Gold,750 W,Semi,5,
Cooler Master VSM,ATX,80+ Gold,650 W,Semi,4,
Cooler Master VSM,ATX,80+ Gold,550 W,Semi,2,
Cooler Master X Mighty 2000 230V,ATX,80+ Platinum,2000 W,Full,0,
Cooler Master X Silent Edge Platinum,ATX,80+ Platinum,850 W,Full,0,630.63
Cooler Master X Silent Edge Platinum 230V,ATX,80+ Platinum,1100 W,Full,0,
Cooler Master X Silent MAX,ATX,80+ Platinum,1300 W,Full,0,
Cooler Master XG650,ATX,80+ Platinum,650 W,Full,0,
Cooler Master XG650 Plus,ATX,80+ Platinum,650 W,Full,0,
Cooler Master XG750,ATX,80+ Platinum,750 W,Full,0,
Cooler Master XG750 Plus,ATX,80+ Platinum,750 W,Full,0,
Cooler Master XG850,ATX,80+ Platinum,850 W,Full,0,
Cooler Master XG850 Plus,ATX,80+ Platinum,850 W,Full,1,
CoolMax CA-300,ATX,,300 W,No,0,
CoolMax CA-350,ATX,,350 W,No,0,
CoolMax CA-400,ATX,,400 W,No,0,
CoolMax CA-450,ATX,,450 W,No,0,
CoolMax CL-500B,ATX,,500 W,No,0,48.5
CoolMax CL-700B,ATX,,700 W,No,1,69.98
CoolMax CT-450 ,ATX,,450 W,No,0,
CoolMax CU-600B,ATX,,600 W,Semi,0,
CoolMax CU-700B,ATX,,700 W,Semi,1,
CoolMax CUG-700B,ATX,,700 W,Full,0,
CoolMax CUG-950B,ATX,,950 W,Full,0,107.91
CoolMax CUL-650B,ATX,,650 W,Semi,0,
CoolMax CUL-750B,ATX,,750 W,Semi,1,
CoolMax CUL-850B,ATX,,850 W,Semi,0,
CoolMax CUL-950B,ATX,,950 W,Semi,0,
CoolMax CUQ-1200B,ATX,80+,1200 W,No,0,
CoolMax CUQ-1350B,ATX,80+,1350 W,No,0,
CoolMax CX-400B,ATX,,400 W,No,0,
CoolMax CX-550B,ATX,,550 W,No,0,
CoolMax CXI-600B,ATX,,600 W,No,0,
CoolMax I-500,ATX,,500 W,No,1,
CoolMax MP-550B,ATX,80+,550 W,No,1,
CoolMax NW-650B,ATX,,650 W,No,1,
CoolMax RM-1000B,ATX,,1000 W,No,0,112.4
CoolMax RM-750B,ATX,,750 W,No,0,
CoolMax V-400,ATX,,400 W,No,4,
CoolMax V-500,ATX,,500 W,No,1,
CoolMax V-600,ATX,,600 W,No,2,
CoolMax VL-600B,ATX,,600 W,No,0,
CoolMax ZP-1000B,ATX,80+ Bronze,1000 W,Semi,0,
CoolMax ZP-750B,ATX,80+ Bronze,750 W,Semi,0,
CoolMax ZP-850B,ATX,80+ Bronze,850 W,Semi,1,
CoolMax ZPG-1000B,ATX,80+ Gold,1000 W,Semi,0,
CoolMax ZPG-1200B,ATX,80+ Gold,1200 W,Semi,0,
CoolMax ZPG-500B,ATX,80+ Gold,500 W,No,0,
CoolMax ZU-1000B,ATX,80+ Bronze,1000 W,Semi,4,
CoolMax ZU-500B,ATX,80+ Bronze,500 W,Semi,1,
CoolMax ZU-600B,ATX,80+ Bronze,600 W,Semi,5,
CoolMax ZU-700B,ATX,80+ Bronze,700 W,Semi,2,
CoolMax ZU-800B,ATX,80+ Bronze,800 W,Semi,3,
CoolMax ZU-900B,ATX,80+ Bronze,900 W,Semi,0,
CoolMax ZX-500,ATX,80+,500 W,No,2,
CoolMax ZX-600,ATX,80+,600 W,No,2,
CoolMax ZX-700,ATX,80+,700 W,No,3,
Corsair AX1000,ATX,80+ Titanium,1000 W,Full,8,
Corsair AX1200,ATX,80+ Gold,1200 W,Full,21,
Corsair AX1200i,ATX,80+ Platinum,1200 W,Full,57,
Corsair AX1500i,ATX,80+ Titanium,1500 W,Full,10,
Corsair AX1500i 240V,ATX,80+ Titanium,1500 W,Full,0,
Corsair AX1600i,ATX,80+ Titanium,1600 W,Full,17,
Corsair AX650,ATX,80+ Gold,650 W,Full,2,
Corsair AX750,ATX,80+ Gold,750 W,Full,22,
Corsair AX760,ATX,80+ Platinum,760 W,Full,95,
Corsair AX760i,ATX,80+ Platinum,760 W,Full,21,
Corsair AX850,ATX,80+ Titanium,850 W,Full,16,
Corsair AX850,ATX,80+ Gold,850 W,Full,25,
Corsair AX860,ATX,80+ Platinum,860 W,Full,81,
Corsair AX860i,ATX,80+ Platinum,860 W,Full,58,
Corsair CS450M,ATX,80+ Gold,450 W,Semi,34,
Corsair CS550M,ATX,80+ Gold,550 W,Semi,61,
Corsair CS550M,ATX,80+ Gold,550 W,Semi,0,
Corsair CS650M,ATX,80+ Gold,650 W,Semi,42,
Corsair CS750M,ATX,80+ Gold,750 W,Semi,29,
Corsair CS850M,ATX,80+ Gold,850 W,Semi,4,
Corsair CV450,ATX,80+ Bronze,450 W,No,19,
Corsair CV550,ATX,80+ Bronze,550 W,No,15,
Corsair CV650,ATX,80+ Bronze,650 W,No,30,
Corsair CV750,ATX,80+ Bronze,750 W,No,5,
Corsair CX ,ATX,80+ Bronze,550 W,No,9,65.98
Corsair CX ,ATX,80+ Bronze,650 W,No,18,71.19
Corsair CX ,ATX,80+ Bronze,750 W,No,10,82.79
Corsair CX400,ATX,80+,400 W,No,0,
Corsair CX430,ATX,80+ Bronze,430 W,No,132,
Corsair CX-430 V3,ATX,80+ Bronze,430 W,No,2,
Corsair CX430M,ATX,80+ Bronze,430 W,Semi,147,
Corsair CX450 ,ATX,80+ Bronze,450 W,No,44,
Corsair CX450M ,ATX,80+ Bronze,450 W,Semi,145,
Corsair CX450M ,ATX,80+ Bronze,450 W,Semi,0,
Corsair CX500,ATX,80+ Bronze,500 W,No,141,
Corsair CX-500 V3,ATX,80+ Bronze,500 W,No,1,
Corsair CX500M,ATX,80+ Bronze,500 W,Semi,202,
Corsair CX550 ,ATX,80+ Bronze,550 W,No,39,
Corsair CX550F,ATX,80+ Bronze,550 W,Full,9,
Corsair CX550F,ATX,80+ Bronze,550 W,Full,6,
Corsair CX550M,ATX,80+ Bronze,550 W,Semi,173,
Corsair CX550M ,ATX,80+ Bronze,550 W,Semi,0,
Corsair CX600,ATX,80+ Bronze,600 W,No,126,
Corsair CX-600 V3,ATX,80+ Bronze,600 W,No,0,
Corsair CX600M,ATX,80+ Bronze,600 W,Semi,319,
Corsair CX650 ,ATX,80+ Bronze,650 W,No,26,
Corsair CX650F,ATX,80+ Bronze,650 W,Full,18,
Corsair CX650F,ATX,80+ Bronze,650 W,Full,17,
Corsair CX650M,ATX,80+ Bronze,650 W,Semi,150,
Corsair CX650M ,ATX,80+ Bronze,650 W,Semi,34,89.99
Corsair CX650M ,ATX,,650 W,Semi,0,79.98
Corsair CX750,ATX,80+ Bronze,750 W,No,49,
Corsair CX-750 V3,ATX,80+ Bronze,750 W,No,0,
Corsair CX750F,ATX,80+ Bronze,750 W,Full,8,
Corsair CX750F,ATX,80+ Bronze,750 W,Full,10,
Corsair CX750M ,ATX,80+ Bronze,750 W,Semi,32,59.99
Corsair CX750M ,ATX,,750 W,Semi,0,87.99
Corsair CX750M V2 ,ATX,80+ Bronze,750 W,Semi,13,
Corsair CX850M,ATX,80+ Bronze,850 W,Semi,11,
Corsair CX850M V2 ,ATX,80+ Bronze,850 W,Semi,1,
Corsair CXM,ATX,80+ Bronze,750 W,Semi,299,
Corsair G600,ATX,80+,600 W,No,2,
Corsair G700,ATX,80+,700 W,No,2,
Corsair G800,ATX,80+,800 W,No,2,
Corsair GS500,ATX,80+,500 W,No,0,
Corsair GS600,ATX,80+ Bronze,600 W,No,2,
Corsair GS700,ATX,80+ Bronze,700 W,No,8,
Corsair GS800,ATX,80+ Bronze,800 W,No,7,
Corsair GS800 2013 Edition,ATX,80+ Bronze,800 W,No,2,
Corsair HX1000,ATX,80+,1000 W,Semi,5,
Corsair HX1000 Platinum,ATX,80+ Platinum,1000 W,Full,34,
Corsair HX1000i,ATX,80+ Platinum,1000 W,Full,41,
Corsair HX1000i ,ATX,80+ Platinum,1000 W,Full,11,234.99
Corsair HX1000i ,ATX,80+ Platinum,1000 W,Full,7,
Corsair HX1000i SHIFT,ATX,,1000 W,Full / Side,0,309.5
Corsair HX1050,ATX,80+ Gold,1050 W,Semi,16,
Corsair HX1200 Platinum,ATX,80+ Platinum,1200 W,Full,46,
Corsair HX1200i,ATX,80+ Platinum,1200 W,Full,6,289.99
Corsair HX1200i,ATX,80+ Platinum,1200 W,Full,12,
Corsair HX1200i ,ATX,80+ Platinum,1200 W,Full,3,299.99
Corsair HX1200i SHIFT,ATX,,1200 W,Full / Side,0,396.48
Corsair HX1500i ,ATX,80+ Platinum,1500 W,Full,3,349.99
Corsair HX1500i ,ATX,80+ Platinum,1500 W,Full,4,449.99
Corsair HX1500i ,ATX,80+ Platinum,1500 W,Full,10,444.99
Corsair HX1500i SHIFT,ATX,,1500 W,Full / Side,0,449.99
Corsair HX620,ATX,80+,620 W,Full,2,
Corsair HX650,ATX,80+ Gold,650 W,Semi,20,
Corsair HX650,ATX,80+ Gold,650 W,Semi,5,
Corsair HX750,ATX,80+ Gold,750 W,Semi,77,
Corsair HX750,ATX,80+ Platinum,750 W,Full,1,
Corsair HX750,ATX,80+ Gold,750 W,Semi,70,
Corsair HX750 Platinum,ATX,80+ Platinum,750 W,Full,27,
Corsair HX750i,ATX,80+ Platinum,750 W,Full,30,
Corsair HX850,ATX,80+ Platinum,850 W,Full,1,
Corsair HX850,ATX,80+ Gold,850 W,Semi,39,
Corsair HX850 Platinum,ATX,80+ Platinum,850 W,Full,16,
Corsair HX850i,ATX,80+ Platinum,850 W,Full,34,
Corsair RM1000,ATX,80+ Gold,1000 W,Full,34,
Corsair RM1000e ,ATX,,1000 W,Full,12,147.77
Corsair RM1000e ,ATX,,1000 W,Full,6,174.99
Corsair RM1000e ,ATX,80+ Gold,1000 W,Full,76,
Corsair RM1000e ,ATX,80+ Gold,1000 W,Full,9,
Corsair RM1000i,ATX,80+ Gold,1000 W,Full,16,
Corsair RM1000x,ATX,80+ Gold,1000 W,Full,34,
Corsair RM1000x ,ATX,,1000 W,Full,49,179.99
Corsair RM1000x ,ATX,80+ Gold,1000 W,Full,123,
Corsair RM1000x SHIFT,ATX,80+ Gold,1000 W,Full / Side,9,187.99
Corsair RM1000x SHIFT,ATX,80+ Gold,1000 W,Full / Side,4,
Corsair RM1200e,ATX,80+ Gold,1200 W,Full,4,199.99
Corsair RM1200x SHIFT,ATX,80+ Gold,1200 W,Full / Side,11,194.99
Corsair RM1200x SHIFT,ATX,80+ Gold,1200 W,Full / Side,1,269.99
Corsair RM450,ATX,80+ Gold,450 W,Full,11,
Corsair RM550,ATX,80+ Gold,550 W,Full,21,
Corsair RM550x,ATX,80+ Gold,550 W,Full,38,
Corsair RM550x ,ATX,80+ Gold,550 W,Full,31,
Corsair RM550x ,ATX,80+ Gold,550 W,Full,1,
Corsair RM650,ATX,80+ Gold,650 W,Full,105,
Corsair RM650,ATX,80+ Gold,650 W,Full,7,
Corsair RM650 ,ATX,80+ Gold,650 W,Full,67,
Corsair RM650 ,ATX,80+ Gold,650 W,Full,28,
Corsair RM650e ,ATX,,650 W,Full,11,104.99
Corsair RM650i,ATX,80+ Gold,650 W,Full,26,
Corsair RM650x,ATX,80+ Gold,650 W,Full,78,
Corsair RM650x ,ATX,80+ Gold,650 W,Full,95,
Corsair RM650x ,ATX,80+ Gold,650 W,Full,15,
Corsair RM750,ATX,80+ Gold,750 W,Full,47,144.99
Corsair RM750,ATX,80+ Gold,750 W,Full,23,
Corsair RM750,ATX,80+ Gold,750 W,Full,130,
Corsair RM750 ,ATX,80+ Gold,750 W,Full,228,
Corsair RM750e ,ATX,,750 W,Full,18,85.99
Corsair RM750e ,ATX,,750 W,Full,5,99.99
Corsair RM750e ,ATX,80+ Gold,750 W,Full,162,
Corsair RM750e ,ATX,80+ Gold,750 W,Full,21,170
Corsair RM750i,ATX,80+ Gold,750 W,Full,25,
Corsair RM750x,ATX,80+ Gold,750 W,Full,75,
Corsair RM750x ,ATX,,750 W,Full,9,114.99
Corsair RM750x ,ATX,80+ Gold,750 W,Full,74,139.99
Corsair RM750x ,ATX,80+ Gold,750 W,Full,151,
Corsair RM750x SHIFT,ATX,80+ Gold,750 W,Full / Side,3,79.99
Corsair RM750x SHIFT,ATX,80+ Gold,750 W,Full / Side,8,154.99
Corsair RM750x White,ATX,80+ Gold,750 W,Full,19,
Corsair RM750x White ,ATX,80+ Gold,750 W,Full,62,
Corsair RM850,ATX,80+ Gold,850 W,Full,83,
Corsair RM850,ATX,80+ Gold,850 W,Full,24,249
Corsair RM850,ATX,80+ Gold,850 W,Full,72,
Corsair RM850 ,ATX,80+ Gold,850 W,Full,95,
Corsair RM850e ,ATX,,850 W,Full,34,124.98
Corsair RM850e ,ATX,,850 W,Full,7,134.99
Corsair RM850e ,ATX,80+ Gold,850 W,Full,113,98.97
Corsair RM850e ,ATX,80+ Gold,850 W,Full,8,
Corsair RM850i,ATX,80+ Gold,850 W,Full,20,
Corsair RM850x,ATX,80+ Gold,850 W,Full,39,
Corsair RM850x ,ATX,,850 W,Full,52,129.99
Corsair RM850x ,ATX,80+ Gold,850 W,Full,222,219.99
Corsair RM850x ,ATX,80+ Gold,850 W,Full,167,197.87
Corsair RM850x ,ATX,80+ Gold,850 W,Full,63,
Corsair RM850x SHIFT,ATX,80+ Gold,850 W,Full / Side,12,139.99
Corsair RM850x SHIFT,ATX,80+ Gold,850 W,Full / Side,10,149.99
Corsair RM850x White,ATX,80+ Gold,850 W,Full,19,
Corsair RMx SHIFT ,ATX,,1000 W,Full / Side,1,209.99
Corsair RMx SHIFT ,ATX,,850 W,Full / Side,0,149.99
Corsair SF1000 ,SFX,80+ Platinum,1000 W,Full,41,239.9
Corsair SF1000L,SFX,80+ Gold,1000 W,Full,25,
Corsair SF450 ,SFX,80+ Platinum,450 W,Full,17,
Corsair SF450 ,SFX,80+ Gold,450 W,Full,67,
Corsair SF600 ,SFX,80+ Platinum,600 W,Full,88,
Corsair SF600 ,SFX,80+ Gold,600 W,Full,106,
Corsair SF750 ,SFX,80+ Platinum,750 W,Full,42,149.99
Corsair SF750 ,SFX,80+ Platinum,750 W,Full,266,
Corsair SF850 ,SFX,80+ Platinum,850 W,Full,33,178.99
Corsair SF850L,SFX,80+ Gold,850 W,Full,17,
Corsair TX550M,ATX,80+ Gold,550 W,Semi,0,
Corsair TX550M,ATX,80+ Bronze,550 W,Semi,3,
Corsair TX550M Gold,ATX,80+ Gold,550 W,Semi,72,
Corsair TX650,ATX,80+,650 W,No,13,
Corsair TX650,ATX,80+ Bronze,650 W,No,5,
Corsair TX650 V2,ATX,80+ Bronze,650 W,No,5,
Corsair TX650 V2,ATX,80+ Bronze,650 W,No,38,
Corsair TX650M,ATX,80+ Gold,650 W,Semi,6,
Corsair TX650M,ATX,80+ Bronze,650 W,Semi,17,
Corsair TX650M Gold,ATX,80+ Gold,650 W,Semi,69,
Corsair TX750,ATX,80+,750 W,No,10,
Corsair TX750 V2,ATX,80+ Bronze,750 W,No,27,
Corsair TX750 V2,ATX,80+ Bronze,750 W,No,7,
Corsair TX750M,ATX,80+ Gold,750 W,Semi,1,
Corsair TX750M,ATX,80+ Bronze,750 W,Semi,15,
Corsair TX750M Gold,ATX,80+ Gold,750 W,Semi,34,
Corsair TX850,ATX,80+,850 W,No,1,
Corsair TX850 V2,ATX,80+ Bronze,850 W,No,4,
Corsair TX850M,ATX,80+ Bronze,850 W,Semi,14,
Corsair TX850M Gold,ATX,80+ Gold,850 W,Semi,8,
Corsair TX950,ATX,80+ Bronze,950 W,No,3,
Corsair Vengeance 400,ATX,80+ Bronze,400 W,No,0,
Corsair Vengeance 500,ATX,80+ Bronze,500 W,No,0,
Corsair Vengeance 550M,ATX,80+ Bronze,550 W,Semi,1,
Corsair Vengeance 650M,ATX,80+ Silver,650 W,Semi,3,
Corsair Vengeance 650M,ATX,80+ Bronze,650 W,Semi,0,
Corsair Vengeance 750M,ATX,80+ Silver,750 W,Semi,3,
Corsair VS350,ATX,80+,350 W,No,1,
Corsair VS350,ATX,,350 W,No,4,
Corsair VS400,ATX,80+,400 W,No,1,
Corsair VS450,ATX,80+,450 W,No,7,
Corsair VS450,ATX,,450 W,No,14,
Corsair VS500,ATX,80+,500 W,No,9,
Corsair VS500 ,ATX,80+ Bronze,500 W,No,2,
Corsair VS550,ATX,,550 W,No,15,
Corsair VS550 ,ATX,80+,550 W,No,17,
Corsair VS600,ATX,80+,600 W,No,1,
Corsair VS600 ,ATX,80+ Bronze,600 W,No,1,
Corsair VS650,ATX,,650 W,No,6,
Corsair VS650 ,ATX,80+,650 W,No,8,
Corsair VX450,ATX,80+,450 W,No,1,
Corsair VX550,ATX,80+,550 W,No,1,
Cougar A,ATX,80+ Bronze,660 W,No,0,
Cougar BXM700,ATX,80+ Bronze,700 W,Semi,0,
Cougar BXM750,ATX,80+ Bronze,750 W,Semi,0,
Cougar BXM850,ATX,80+ Bronze,850 W,Semi,0,
Cougar CMD 500,ATX,80+ Bronze,500 W,Semi,0,
Cougar CMD 600,ATX,80+ Bronze,600 W,Semi,0,
Cougar CMX1200V3,ATX,80+ Bronze,1200 W,Semi,0,
Cougar CMX550V3,ATX,80+ Bronze,550 W,Semi,0,
Cougar CMX700V3,ATX,80+ Bronze,700 W,Semi,0,
Cougar CMX850V3,ATX,80+ Bronze,850 W,Semi,0,
Cougar COUGAR-1000CMX,ATX,80+ Bronze,1000 W,No,4,
Cougar COUGAR-700CMX,ATX,80+ Bronze,700 W,No,1,
Cougar CougarA500,ATX,80+ Bronze,500 W,No,3,
Cougar COUGAR-A560,ATX,80+ Bronze,560 W,No,1,
Cougar COUGAR-A760,ATX,80+ Bronze,760 W,No,1,
Cougar COUGAR-GX1050,ATX,80+ Gold,1050 W,Semi,1,
Cougar COUGAR-GX700,ATX,80+ Gold,700 W,Full,0,
Cougar COUGAR-PX700,ATX,80+ Bronze,700 W,No,0,
Cougar COUGAR-RS450,ATX,80+,450 W,No,0,
Cougar COUGAR-RS650,ATX,80+,650 W,No,0,
Cougar COUGAR-SX700,ATX,80+ Silver,700 W,No,0,
Cougar COUGAR-SX850,ATX,80+ Silver,850 W,Full,0,
Cougar DX500,ATX,80+,500 W,No,0,
Cougar DX600,ATX,80+,600 W,No,0,
Cougar GEX,ATX,80+ Gold,750 W,Full,1,
Cougar GEX,ATX,80+ Gold,650 W,Full,0,
Cougar GEX X2,ATX,80+ Gold,1000 W,Full,0,
Cougar GEX X2,ATX,80+ Gold,850 W,Full,1,
Cougar GX,ATX,80+ Gold,800 W,Full,0,
Cougar GX V3,ATX,80+ Gold,800 W,Semi,0,
Cougar GX-F,ATX,80+ Gold,750 W,Full,0,
Cougar GX-S,ATX,80+ Gold,650 W,No,0,
Cougar GX-S,ATX,80+ Gold,550 W,No,1,
Cougar GX-S,ATX,80+ Gold,750 W,No,2,
Cougar LX500,ATX,80+ Bronze,500 W,Full,1,
Cougar POLAR,ATX,80+ Platinum,1050 W,Full,0,
Cougar POLAR X2,ATX,80+ Platinum,1200 W,Full,0,
Cougar POWERX,ATX,80+ Bronze,700 W,No,0,
Cougar RSB400,ATX,80+,400 W,No,0,
Cougar RX500,ATX,80+,500 W,No,0,
Cougar RX600,ATX,80+,600 W,No,1,
Cougar SL400,ATX,,400 W,No,0,
Cougar SL500,ATX,,500 W,No,1,
Cougar SL600,ATX,,600 W,No,2,
Cougar STX,ATX,80+,650 W,No,0,
Cougar VTE,ATX,80+ Bronze,600 W,No,1,
Cougar VTE X2,ATX,80+,600 W,No,0,
Cougar VTX,ATX,80+ Bronze,500 W,No,1,
Cyonic AU-450X,ATX,80+ Gold,450 W,Full,0,
Cyonic AU-550X,ATX,80+ Gold,550 W,Full,0,
Cyonic AU-650X,ATX,80+ Gold,650 W,Full,0,
Deepcool DA500,ATX,80+ Bronze,500 W,No,0,
Deepcool DA600-M,ATX,80+ Bronze,600 W,Full,1,
Deepcool DA600N,ATX,80+ Bronze,600 W,No,0,
Deepcool DA700N,ATX,80+ Bronze,700 W,No,0,
Deepcool DN400,ATX,,400 W,No,1,
Deepcool DQ1000M-V3L,ATX,80+ Gold,1000 W,Full,0,
Deepcool DQ550ST,ATX,80+ Gold,550 W,No,1,
Deepcool DQ650-M-V2L,ATX,80+ Gold,650 W,Full,2,
Deepcool DQ650ST,ATX,80+ Gold,650 W,No,0,
Deepcool DQ750-M-V2L,ATX,80+ Gold,750 W,Full,11,
Deepcool DQ750-M-V2L,ATX,80+ Gold,750 W,Full,0,
Deepcool DQ750M-V3L,ATX,80+ Gold,750 W,Full,0,
Deepcool DQ750ST,ATX,80+ Gold,750 W,No,2,
Deepcool DQ850M-V3L,ATX,80+ Gold,850 W,Full,1,
Deepcool DQ-M-V2L,ATX,80+ Gold,850 W,Full,1,
Deepcool GamerStorm DQ-M,ATX,80+ Gold,750 W,Full,1,
Deepcool GamerStorm DQ-M,ATX,80+ Gold,650 W,Full,2,
Deepcool GamerStorm DQ-M,ATX,80+ Gold,850 W,Full,0,
Deepcool GamerStorm PN1000M,ATX,80+ Gold,1000 W,Full,0,
Deepcool GamerStorm PQ1000G,ATX,80+ Gold,1000 W,Full,0,
Deepcool GamerStorm PQ1200G,ATX,80+ Gold,1200 W,Full,0,
Deepcool GamerStorm PQ650G,ATX,80+ Gold,650 W,Full,0,
Deepcool GamerStorm PQ750G,ATX,80+ Gold,750 W,Full,0,
Deepcool GamerStorm PQ850G,ATX,80+ Gold,850 W,Full,0,
Deepcool PF350 230V,ATX,80+,350 W,No,0,
Deepcool PF400 230V,ATX,80+,400 W,No,0,
Deepcool PF450 230V,ATX,80+,450 W,No,0,
Deepcool PF500 230V,ATX,80+,500 W,No,1,
Deepcool PF550 230V,ATX,80+,550 W,No,0,
Deepcool PF600 230V,ATX,80+,600 W,No,0,
Deepcool PF650 230V,ATX,80+,650 W,No,0,
Deepcool PF700 230V,ATX,80+,700 W,No,0,
Deepcool PF750 230V,ATX,80+,750 W,No,0,
Deepcool PK450D,ATX,80+ Bronze,450 W,No,0,
Deepcool PK500D,ATX,80+ Bronze,500 W,No,0,
Deepcool PK550D,ATX,80+ Bronze,550 W,No,0,
Deepcool PK600D,ATX,80+ Bronze,600 W,No,0,
Deepcool PK650D,ATX,80+ Bronze,650 W,No,3,
Deepcool PK700D,ATX,80+ Bronze,700 W,No,2,
Deepcool PK750D,ATX,80+ Bronze,750 W,No,1,
Deepcool PK800D,ATX,80+ Bronze,800 W,No,0,
Deepcool PL550D,ATX,80+ Bronze,550 W,No,0,
Deepcool PL650D,ATX,80+ Bronze,650 W,No,0,
Deepcool PL750D,ATX,80+ Bronze,750 W,No,3,
Deepcool PL800D,ATX,80+ Bronze,800 W,No,0,
Deepcool PM500D,ATX,80+ Gold,500 W,No,0,
Deepcool PM550D,ATX,80+ Gold,550 W,No,0,
Deepcool PM600D,ATX,80+ Gold,600 W,No,0,
Deepcool PM650D,ATX,80+ Gold,650 W,No,0,
Deepcool PM700D,ATX,80+ Gold,700 W,No,0,
Deepcool PM750D,ATX,80+ Gold,750 W,No,1,
Deepcool PM800D,ATX,80+ Gold,800 W,No,0,
Deepcool PM850D,ATX,80+ Gold,850 W,No,1,
Deepcool PN550D,ATX,80+ Gold,550 W,No,0,
Deepcool PN550D WH,ATX,80+ Gold,550 W,No,0,
Deepcool PN650D,ATX,80+ Gold,650 W,No,0,
Deepcool PN650D WH,ATX,80+ Gold,650 W,No,0,
Deepcool PN650M,ATX,80+ Gold,650 W,Full,1,
Deepcool PN650M WH,ATX,80+ Gold,650 W,Full,0,
Deepcool PN750D,ATX,80+ Gold,750 W,No,0,
Deepcool PN750D WH,ATX,80+ Gold,750 W,No,0,
Deepcool PN750M,ATX,80+ Gold,750 W,Full,0,
Deepcool PN750M WH,ATX,80+ Gold,750 W,Full,0,
Deepcool PN850D,ATX,80+ Gold,850 W,No,0,
Deepcool PN850D WH,ATX,80+ Gold,850 W,No,0,
Deepcool PN850M,ATX,80+ Gold,850 W,Full,1,
Deepcool PN850M WH,ATX,80+ Gold,850 W,Full,0,
Deepcool PQ1000M,ATX,80+ Gold,1000 W,Full,3,
Deepcool PQ650M,ATX,80+ Gold,650 W,Full,0,
Deepcool PQ750M,ATX,80+ Gold,750 W,Full,3,
Deepcool PQ850M,ATX,80+ Gold,850 W,Full,6,
Deepcool PX1000G,ATX,80+ Gold,1000 W,Full,4,
Deepcool PX1000G WH,ATX,80+ Gold,1000 W,Full,1,
Deepcool PX1000P,ATX,80+ Platinum,1000 W,Full,0,
Deepcool PX1200G,ATX,80+ Gold,1200 W,Full,0,
Deepcool PX1300P,ATX,80+ Platinum,1300 W,Full,0,
Deepcool PX850G,ATX,80+ Gold,850 W,Full,5,
Deepcool PX850G WH,ATX,80+ Gold,850 W,Full,0,
Diablotek PHD350,ATX,,350 W,No,3,
Diablotek PHD450,ATX,,450 W,No,0,
Diablotek PHD550,ATX,,550 W,No,0,
Diablotek PHD650,ATX,,650 W,No,0,
Diablotek PHD750,ATX,,750 W,No,1,
Diablotek PHD850,ATX,,850 W,No,0,
Diablotek PSDA300,ATX,,300 W,No,0,
Diablotek PSDA350,ATX,,350 W,No,0,
Diablotek PSDA400,ATX,,400 W,No,1,
Diablotek PSDA500,ATX,,500 W,No,3,
Diablotek PSDA600,ATX,,600 W,No,1,
Diablotek PSUL575,ATX,,575 W,No,0,
Diablotek PSUL675,ATX,,675 W,No,1,
Diablotek PSUL775,ATX,,775 W,No,0,
Dynapower EJ-750A80,ATX,80+ Bronze,750 W,Full,0,
Dynapower EP-45X.0562B,ATX,,450 W,No,0,
ENDORFY Supremo FM5,ATX,80+ Gold,750 W,Full,1,
ENDORFY Supremo FM5,ATX,80+ Gold,650 W,Full,0,
ENDORFY Supremo FM6,ATX,80+ Gold,850 W,Full,0,219.9
ENDORFY Vero L5,ATX,80+ Bronze,600 W,No,1,133.97
ENDORFY Vero L5,ATX,80+ Bronze,500 W,No,0,115.54
Enermax CYBERBRON,ATX,80+ Bronze,500 W,No,0,
Enermax CYBERBRON,ATX,80+ Bronze,600 W,No,1,
Enermax DIGIFANLESS,ATX,80+ Platinum,550 W,Full,0,
Enermax EES400AWT_II,ATX,80+,400 W,No,0,
Enermax EGX1250EWT,ATX,80+ Bronze,1250 W,Semi,0,
Enermax EGX850EWL,ATX,80+,850 W,Full,0,
Enermax ELT720AWT-ECO_II,ATX,80+,720 W,Full,0,
Enermax EMD625AWT,ATX,80+ Bronze,625 W,Full,0,
Enermax EMD625AWT_II,ATX,80+ Bronze,625 W,Full,0,
Enermax EMG700AWT,ATX,80+ Gold,700 W,Full,0,
Enermax EMG800EWT,ATX,80+ Gold,800 W,Full,0,
Enermax EMG900EWT,ATX,80+ Gold,900 W,Full,0,
Enermax ENM750AWT,ATX,80+ Bronze,750 W,Semi,1,
Enermax ENP350AST,ATX,,350 W,No,0,
Enermax ENP450AST,ATX,,450 W,No,1,
Enermax ENP500AWT,ATX,80+,500 W,No,2,
Enermax ENP550AWT,ATX,,550 W,No,1,
Enermax ENP550AWT B,ATX,80+ Bronze,550 W,No,0,
Enermax ENP600AWT,ATX,80+,600 W,No,0,
Enermax ENP650AWT B,ATX,80+ Bronze,650 W,No,1,
Enermax EPG500AWT,ATX,80+ Gold,500 W,No,0,
Enermax EPG600AWT,ATX,80+ Gold,600 W,No,0,
Enermax EPM1200EWT,ATX,80+ Platinum,1200 W,Full,0,
Enermax EPM600AWT,ATX,80+ Platinum,600 W,Semi,1,
Enermax EPM750AWT,ATX,80+ Platinum,750 W,Semi,0,
Enermax EPM850EWT,ATX,80+ Platinum,850 W,Semi,0,
Enermax EPR525AWT_II,ATX,80+ Bronze,525 W,No,1,
Enermax ERV1000EWT-G,ATX,80+ Gold,1000 W,Semi,0,
Enermax ERV1020EWT,ATX,80+ Silver,1020 W,Full,0,
Enermax ERV920EWT,ATX,80+ Silver,920 W,Full,0,
Enermax ETK500AWT,ATX,,500 W,No,1,
Enermax ETL450AWT-M,ATX,80+ Bronze,450 W,Semi,3,
Enermax ETL550AWT-M,ATX,80+ Bronze,550 W,Semi,3,
Enermax ETL650AWT-M,ATX,80+ Bronze,650 W,Semi,1,
Enermax MarbleBron,ATX,80+ Bronze,750 W,Semi,0,
Enermax MarbleBron RGB,ATX,80+ Bronze,850 W,Semi,0,
Enermax MAXPRO,ATX,80+,500 W,No,0,
Enermax MAXREVO,ATX,80+ Gold,1800 W,Full,0,
Enermax MAXREVO SLI,ATX,80+ Gold,1350 W,Full,0,
Enermax MaxTytan,ATX,80+ Titanium,1050 W,Full,0,
Enermax NAXN ADV.,ATX,80+ Bronze,650 W,Semi,2,
Enermax NAXN ADV.,ATX,80+ Bronze,550 W,No,0,
Enermax PlatiGemini,ATX,80+ Platinum,1200 W,Full,0,259.95
Enermax Platimax,ATX,80+ Platinum,1350 W,Full,0,
Enermax Platimax D.F.,ATX,80+ Platinum,600 W,Full,0,
Enermax RevoBron,ATX,80+ Bronze,500 W,Semi,1,
Enermax RevoBron,ATX,80+ Bronze,700 W,Semi,0,
Enermax RevoBron TGA,ATX,80+ Bronze,500 W,Semi,0,
Enermax REVOLUTION ATX 3.0,ATX,80+ Gold,1200 W,Full,0,
Enermax Revolution D.F.,ATX,80+ Gold,650 W,Full,11,
Enermax Revolution D.F.,ATX,80+ Gold,750 W,Full,3,
Enermax Revolution D.F.,ATX,80+ Gold,850 W,Full,10,
Enermax Revolution D.F. 12,ATX,80+ Gold,850 W,Full,2,
Enermax Revolution D.F. 12,ATX,80+ Gold,750 W,Full,1,
Enermax Revolution D.F. 12,ATX,80+ Gold,850 W,Full,3,
Enermax REVOLUTION D.F. 2,ATX,80+ Gold,1200 W,Full,1,
Enermax REVOLUTION D.F. 2,ATX,80+ Gold,850 W,Full,2,
Enermax REVOLUTION D.F. 2,ATX,80+ Gold,1050 W,Full,3,
Enermax Revolution D.F. X,ATX,80+ Gold,1650 W,Full,0,
Enermax Revolution D.F. X,ATX,80+ Gold,1050 W,Full,1,
Enermax Revolution D.F. X,ATX,80+ Gold,850 W,Full,2,
Enermax REVOLUTION DUO,ATX,80+ Gold,700 W,No,0,
Enermax REVOLUTION III,ATX,80+ Gold,850 W,Full,0,99.99
Enermax REVOLUTION SFX,SFX,80+ Gold,650 W,Full,0,
Enermax REVOLUTION X't,ATX,80+ Gold,630 W,Semi,0,
Enermax REVOLUTION X't,ATX,80+ Gold,730 W,Semi,2,
Enermax REVOLUTION X't,ATX,80+ Gold,430 W,Semi,3,
Enermax REVOLUTION X't II,ATX,80+ Gold,550 W,Semi,0,
Enermax REVOLUTION87+,ATX,80+ Gold,550 W,Semi,0,
Enermax TRIATHLOR,ATX,80+ Bronze,550 W,Semi,1,
Enermax TRIATHLOR,ATX,80+ Bronze,650 W,Semi,0,
Enermax TRIATHLOR ECO,ATX,80+ Bronze,1000 W,Semi,1,
Enermax TRIATHLOR ECO,ATX,80+ Bronze,800 W,Semi,0,
Enhance ENP-7660,Flex ATX,80+ Platinum,600 W,No,4,
E-Power EP-1200P10-T2,ATX,80+,1200 W,Semi,0,
E-Power EP-500LS-1,ATX,,500 W,No,0,
E-Power EP-500NE-XV,ATX,,500 W,No,1,
E-Power EP-550P5-T1,ATX,,550 W,Full,0,
E-Power EP-600NE-XV,ATX,,600 W,No,0,
EVGA 1000 GQ,ATX,80+ Gold,1000 W,Semi,12,
EVGA 400 N1,ATX,,400 W,No,33,
EVGA 430 W1,ATX,80+,430 W,No,106,
EVGA 450 B1,ATX,80+ Bronze,450 W,No,37,
EVGA 450 B3,ATX,80+ Bronze,450 W,Full,22,
EVGA 450 BR,ATX,80+ Bronze,450 W,No,51,139.99
EVGA 450 BT,ATX,80+ Bronze,450 W,No,45,
EVGA 450 BV,ATX,80+ Bronze,450 W,No,12,
EVGA 450 GD,ATX,80+ Gold,450 W,No,0,
EVGA 450 W3,ATX,80+,450 W,No,11,
EVGA 460 BP,ATX,80+ Bronze,460 W,No,0,
EVGA 500 B1,ATX,80+ Bronze,500 W,No,180,
EVGA 500 BA,ATX,80+ Bronze,500 W,No,4,
EVGA 500 BQ,ATX,80+ Bronze,500 W,Semi,100,
EVGA 500 BR,ATX,80+ Bronze,500 W,No,75,
EVGA 500 BT,ATX,80+ Bronze,500 W,No,0,
EVGA 500 GD,ATX,80+ Gold,500 W,No,12,
EVGA 500 W1,ATX,80+,500 W,No,182,
EVGA 510 BP,ATX,80+ Bronze,510 W,No,0,
EVGA 550 B3,ATX,80+ Bronze,550 W,Full,12,
EVGA 550 B5,ATX,80+ Bronze,550 W,Full,17,
EVGA 550 BP,ATX,80+ Bronze,550 W,No,1,
EVGA 550 GD,ATX,80+ Gold,550 W,No,0,
EVGA 600 B1,ATX,80+ Bronze,600 W,No,151,
EVGA 600 BA,ATX,80+ Bronze,600 W,No,7,
EVGA 600 BQ,ATX,80+ Bronze,600 W,Semi,130,
EVGA 600 BR,ATX,80+ Bronze,600 W,No,37,
EVGA 600 GD,ATX,80+ Gold,600 W,No,13,
EVGA 600 GQ,ATX,80+ Gold,600 W,Semi,0,
EVGA 600 W1,ATX,80+,600 W,No,47,
EVGA 610 BP,ATX,80+ Bronze,610 W,No,0,
EVGA 650 B3,ATX,80+ Bronze,650 W,Full,14,
EVGA 650 B5,ATX,80+ Bronze,650 W,Full,19,
EVGA 650 BQ,ATX,80+ Bronze,650 W,Semi,52,
EVGA 650 GD,ATX,80+ Gold,650 W,No,0,
EVGA 650 GQ,ATX,80+ Gold,650 W,Semi,107,
EVGA 650 N1,ATX,,650 W,No,5,
EVGA 650BP,ATX,80+ Bronze,650 W,No,3,
EVGA 700 B1,ATX,80+ Bronze,700 W,No,11,
EVGA 700 BQ,ATX,80+ Bronze,700 W,Semi,0,
EVGA 700 BR,ATX,80+ Bronze,700 W,No,23,
EVGA 700 GD,ATX,80+ Gold,700 W,No,17,149.99
EVGA 700 GQ,ATX,80+ Gold,700 W,Semi,0,
EVGA 710 BP,ATX,80+ Bronze,710 W,No,0,126.47
EVGA 750 B3,ATX,80+ Bronze,750 W,Full,3,
EVGA 750 B3,ATX,80+ Bronze,850 W,Full,6,
EVGA 750 B5,ATX,80+ Bronze,750 W,Full,12,
EVGA 750 BP,ATX,80+ Bronze,750 W,No,0,
EVGA 750 BQ,ATX,80+ Bronze,750 W,Semi,49,
EVGA 750 GQ,ATX,80+ Gold,750 W,Semi,62,159.99
EVGA 750 N1,ATX,,750 W,No,7,90.72
EVGA 850 B5,ATX,80+ Bronze,850 W,Full,7,
EVGA 850 BQ,ATX,80+ Bronze,850 W,Semi,23,
EVGA 850 GQ,ATX,80+ Gold,850 W,Semi,24,
EVGA Classified SR-2,ATX,80+ Silver,1200 W,Full,0,
EVGA GE,ATX,80+ Gold,800 W,No,2,
EVGA GE,ATX,80+ Gold,500 W,No,1,
EVGA N1,ATX,,550 W,No,13,
EVGA SuperNOVA 1000 G+,ATX,80+ Gold,1000 W,Full,18,349
EVGA SuperNOVA 1000 G1,ATX,80+ Gold,1000 W,Full,12,
EVGA SuperNOVA 1000 G2,ATX,80+ Gold,1000 W,Full,44,
EVGA SuperNOVA 1000 G3,ATX,80+ Gold,1000 W,Full,26,399.99
EVGA SuperNOVA 1000 G5,ATX,80+ Gold,1000 W,Full,5,
EVGA SuperNOVA 1000 G6,ATX,80+ Gold,1000 W,Full,12,
EVGA SuperNOVA 1000 G7,ATX,80+ Gold,1000 W,Full,2,
EVGA SuperNOVA 1000 GT,ATX,80+ Gold,1000 W,Full,23,
EVGA SuperNOVA 1000 P2,ATX,80+ Platinum,1000 W,Full,47,
EVGA SuperNOVA 1000 P3,ATX,80+ Platinum,1000 W,Full,2,
EVGA SuperNOVA 1000 P5,ATX,80+ Platinum,1000 W,Full,1,
EVGA SuperNOVA 1000 P6,ATX,80+ Platinum,1000 W,Full,6,
EVGA SuperNOVA 1000 PQ,ATX,80+ Platinum,1000 W,Semi,0,
EVGA SuperNOVA 1000 PS,ATX,80+ Platinum,1000 W,Full,7,
EVGA SuperNOVA 1000 T2,ATX,80+ Titanium,1000 W,Full,10,
EVGA SuperNOVA 1000G XC,ATX,80+ Gold,1000 W,Full,0,
EVGA SuperNOVA 1050 GS,ATX,80+ Gold,1050 W,Full,5,
EVGA SuperNOVA 1200 P2,ATX,80+ Platinum,1200 W,Full,15,408.99
EVGA SuperNOVA 1200 P3,ATX,80+ Platinum,1200 W,Full,1,
EVGA SuperNOVA 1300 G+,ATX,80+ Gold,1300 W,Full,6,304.99
EVGA SuperNOVA 1300 G2,ATX,80+ Gold,1300 W,Full,46,
EVGA SuperNOVA 1300 GT,ATX,80+ Gold,1300 W,Full,5,
EVGA SuperNOVA 1300 P+,ATX,80+ Platinum,1300 W,Full,0,
EVGA SuperNOVA 1600 G+,ATX,80+ Gold,1600 W,Full,2,
EVGA SuperNOVA 1600 G2,ATX,80+ Gold,1600 W,Full,5,
EVGA SuperNOVA 1600 P+,ATX,80+ Platinum,1600 W,Full,3,
EVGA SuperNOVA 1600 P2,ATX,80+ Platinum,1600 W,Full,5,489.99
EVGA SuperNOVA 1600 T2,ATX,80+ Titanium,1600 W,Full,1,688
EVGA SuperNOVA 450 GM,SFX,80+ Gold,450 W,Full,8,
EVGA SuperNOVA 550 G2,ATX,80+ Gold,550 W,Full,111,
EVGA SuperNOVA 550 G3,ATX,80+ Gold,550 W,Full,101,
EVGA SuperNOVA 550 GA,ATX,80+ Gold,550 W,Full,17,
EVGA SuperNOVA 550 GM,SFX,80+ Gold,550 W,Full,17,
EVGA SuperNOVA 550 GS,ATX,80+ Gold,550 W,Full,46,
EVGA SuperNOVA 550 GT,ATX,80+ Gold,550 W,Full,0,
EVGA SuperNOVA 650 G+,ATX,80+ Gold,650 W,Full,32,
EVGA SuperNOVA 650 G1,ATX,80+ Gold,650 W,Full,235,
EVGA SuperNOVA 650 G2,ATX,80+ Gold,650 W,Full,157,
EVGA SuperNOVA 650 G3,ATX,80+ Gold,650 W,Full,146,
EVGA SuperNOVA 650 G5,ATX,80+ Gold,650 W,Full,26,
EVGA SuperNOVA 650 G6,ATX,80+ Gold,650 W,Full,3,
EVGA SuperNOVA 650 G7,ATX,80+ Gold,650 W,Full,0,
EVGA SuperNOVA 650 GA,ATX,80+ Gold,650 W,Full,45,
EVGA SuperNOVA 650 GM,SFX,80+ Gold,650 W,Full,35,
EVGA SuperNOVA 650 GS,ATX,80+ Gold,650 W,Full,34,
EVGA SuperNOVA 650 GT,ATX,80+ Gold,650 W,Full,16,
EVGA SuperNOVA 650 P2,ATX,80+ Platinum,650 W,Full,34,
EVGA SuperNOVA 650 P5,ATX,80+ Platinum,650 W,Full,1,399.99
EVGA SuperNOVA 650 P6,ATX,80+ Platinum,650 W,Full,1,
EVGA SuperNOVA 750 B2,ATX,80+ Bronze,750 W,Semi,50,
EVGA SuperNOVA 750 G+,ATX,80+ Gold,750 W,Full,25,
EVGA SuperNOVA 750 G1,ATX,80+ Gold,750 W,Full,65,
EVGA SuperNOVA 750 G2,ATX,80+ Gold,750 W,Full,310,
EVGA SuperNOVA 750 G3,ATX,80+ Gold,750 W,Full,191,
EVGA SuperNOVA 750 G5,ATX,80+ Gold,750 W,Full,21,
EVGA SuperNOVA 750 G6,ATX,80+ Gold,750 W,Full,9,
EVGA SuperNOVA 750 G7,ATX,80+ Gold,750 W,Full,2,
EVGA SuperNOVA 750 GA,ATX,80+ Gold,750 W,Full,30,
EVGA SuperNOVA 750 GA,ATX,80+ Gold,750 W,Full,1,
EVGA SuperNOVA 750 GM,SFX,80+ Gold,750 W,Full,6,329.99
EVGA SuperNOVA 750 GT,ATX,80+ Gold,750 W,Full,24,115.98
EVGA SuperNOVA 750 P2,ATX,80+ Platinum,750 W,Full,40,
EVGA SuperNOVA 750 P5,ATX,80+ Platinum,750 W,Full,2,
EVGA SuperNOVA 750 P6,ATX,80+ Platinum,750 W,Full,0,
EVGA SuperNOVA 750 PQ,ATX,80+ Platinum,750 W,Semi,2,
EVGA SuperNOVA 750 T2,ATX,80+ Titanium,750 W,Full,0,
EVGA SuperNOVA 850 B2,ATX,80+ Bronze,850 W,Semi,11,
EVGA SuperNOVA 850 G+,ATX,80+ Gold,850 W,Full,13,
EVGA SuperNOVA 850 G2,ATX,80+ Gold,850 W,Full,169,
EVGA SuperNOVA 850 G3,ATX,80+ Gold,850 W,Full,74,
EVGA SuperNOVA 850 G5,ATX,80+ Gold,850 W,Full,17,
EVGA SuperNOVA 850 G6,ATX,80+ Gold,850 W,Full,13,
EVGA SuperNOVA 850 G7,ATX,80+ Gold,850 W,Full,1,
EVGA SuperNOVA 850 GA,ATX,80+ Gold,850 W,Full,27,
EVGA SuperNOVA 850 GA,ATX,80+ Gold,850 W,Full,0,
EVGA SuperNOVA 850 GM,SFX,80+ Gold,850 W,Full,9,
EVGA SuperNOVA 850 GS,ATX,80+ Gold,850 W,Full,4,
EVGA SuperNOVA 850 GT,ATX,80+ Gold,850 W,Full,17,129.98
EVGA SuperNOVA 850 P2,ATX,80+ Platinum,850 W,Full,45,
EVGA SuperNOVA 850 P5,ATX,80+ Platinum,850 W,Full,3,399.99
EVGA SuperNOVA 850 P6,ATX,80+ Platinum,850 W,Full,7,
EVGA SuperNOVA 850 PQ,ATX,80+ Platinum,850 W,Semi,0,
EVGA SuperNOVA 850 T2,ATX,80+ Titanium,850 W,Full,7,
EVGA SuperNOVA 850G XC,ATX,80+ Gold,850 W,Full,1,
EVGA SuperNOVA G FTW,ATX,80+ Gold,1000 W,Full,0,
EVGA SuperNOVA NEX1500 Classified,ATX,80+ Gold,1500 W,Full,2,
EVGA SuperNOVA NEX1500 Classified,ATX,80+ Gold,1500 W,Full,0,
EVGA SuperNOVA NEX650G Gold,ATX,80+ Gold,650 W,Full,54,
EVGA SuperNOVA NEX750B,ATX,80+ Bronze,750 W,Semi,52,
EVGA SuperNOVA NEX750B,ATX,80+ Bronze,750 W,Semi,28,
EVGA SuperNOVA NEX750G Gold,ATX,80+ Gold,750 W,Full,44,
EVGA W3,ATX,80+,500 W,No,0,
FirePower ZT,ATX,80+ Bronze,550 W,Full,0,
FirePower ZX,ATX,80+ Gold,850 W,Full,0,
Fractal Design Anode Bronze,SFX,80+ Bronze,450 W,No,0,
Fractal Design Edison M,ATX,80+ Gold,450 W,Semi,6,
Fractal Design Edison M,ATX,80+ Gold,650 W,Semi,2,
Fractal Design Edison M,ATX,80+ Gold,550 W,Semi,0,
Fractal Design Edison M,ATX,80+ Gold,750 W,Semi,1,
Fractal Design Integra M,ATX,80+ Bronze,550 W,Semi,3,
Fractal Design Integra M,ATX,80+ Bronze,650 W,Semi,1,
Fractal Design Integra M,ATX,80+ Bronze,450 W,Semi,5,
Fractal Design Integra R2,ATX,80+ Bronze,500 W,No,1,
Fractal Design Integra R2,ATX,80+ Bronze,750 W,No,0,
Fractal Design Integra R2,ATX,80+ Bronze,650 W,No,10,
Fractal Design Integra R2,ATX,80+ Bronze,500 W,No,2,
Fractal Design Ion 3 Gold,ATX,80+ Gold,1000 W,Full,0,159.99
Fractal Design Ion Gold,ATX,80+ Gold,650 W,Full,0,
Fractal Design Ion Gold,ATX,80+ Gold,850 W,Full,4,
Fractal Design Ion Gold,ATX,80+ Gold,750 W,Full,3,
Fractal Design Ion Gold,ATX,80+ Gold,550 W,Full,1,
Fractal Design Ion SFX 500G,SFX,80+ Gold,500 W,Full,7,
Fractal Design Ion SFX 650G,SFX,80+ Gold,650 W,Full,11,
Fractal Design Ion+ 2 Platinum,ATX,80+ Platinum,860 W,Full,1,
Fractal Design Ion+ 2 Platinum,ATX,80+ Platinum,660 W,Full,10,
Fractal Design Ion+ 2 Platinum,ATX,80+ Platinum,760 W,Full,0,
Fractal Design Ion+ 560P,ATX,80+ Platinum,560 W,Full,4,
Fractal Design Ion+ 660P,ATX,80+ Platinum,660 W,Full,9,
Fractal Design Ion+ 760P,ATX,80+ Platinum,760 W,Full,10,
Fractal Design Ion+ 860P,ATX,80+ Platinum,860 W,Full,14,
Fractal Design Newton R3,ATX,80+ Platinum,800 W,Semi,3,
Fractal Design Newton R3,ATX,80+ Platinum,1000 W,Semi,0,
Fractal Design Newton R3,ATX,80+ Platinum,600 W,Semi,1,
Fractal Design Tesla R2,ATX,80+ Gold,500 W,No,0,
Fractal Design Tesla R2,ATX,80+ Gold,650 W,No,1,
FSP Group ADVAN GM,ATX,80+ Gold,850 W,Full,0,
FSP Group ATX300-PA,ATX,,300 W,No,0,
FSP Group ATX350-PNT,ATX,,350 W,No,0,
FSP Group ATX400-PNT,ATX,,400 W,No,0,
FSP Group AU-1000PRO,ATX,80+ Gold,1000 W,No,0,
FSP Group AU-1200PRO,ATX,80+ Gold,1200 W,No,1,
FSP Group AU-400FL,ATX,80+ Gold,400 W,Semi,0,
FSP Group AU-500FL,ATX,80+ Gold,500 W,Semi,0,
FSP Group AU-750M,ATX,80+ Gold,750 W,Semi,0,
FSP Group AU-850PRO,ATX,80+ Gold,850 W,No,0,
FSP Group AURUM 92+,ATX,80+ Platinum,550 W,Semi,0,
FSP Group AURUM 92+,ATX,80+ Platinum,450 W,Semi,1,
FSP Group AURUM CM GOLD 650,ATX,80+ Gold,650 W,Semi,0,
FSP Group AURUM GOLD 400,ATX,80+ Gold,400 W,No,0,
FSP Group AURUM GOLD 500,ATX,80+ Gold,500 W,No,0,
FSP Group AURUM GOLD 600,ATX,80+ Gold,600 W,No,0,
FSP Group AURUM GOLD 700,ATX,80+ Gold,700 W,No,0,
FSP Group AURUM S 400W,ATX,80+ Gold,400 W,No,1,
FSP Group AURUM S 500W,ATX,80+ Gold,500 W,No,1,
FSP Group AURUM S 600W,ATX,80+ Gold,600 W,No,0,
FSP Group Berserker 500,ATX,80+ Bronze,500 W,No,2,
FSP Group Berzerker,ATX,80+ Bronze,500 W,No,0,
FSP Group CANNON PRO ,ATX,80+ Gold,2000 W,Full,0,
FSP Group Dagger 500,SFX,80+ Gold,500 W,Full,0,
FSP Group Dagger 600,SFX,80+ Gold,600 W,Full,4,
FSP Group Dagger Pro,SFX,80+ Gold,650 W,Full,3,129.99
FSP Group Dagger Pro,SFX,80+ Gold,850 W,Full,2,
FSP Group Dagger Pro,SFX,80+ Gold,750 W,Full,1,
FSP Group Dagger Pro,SFX,80+ Gold,550 W,Full,0,
FSP Group DAGGER PRO ATX3.0,SFX,80+ Gold,850 W,Semi,0,
FSP Group Everest 85PLUS 800,ATX,80+ Bronze,800 W,Full,0,
FSP Group FSP220-60LE,Mini ITX,80+,220 W,No,1,
FSP Group FSP270-60LE,Mini ITX,80+,270 W,No,0,
FSP Group FSP300-57FCB,Flex ATX,80+ Gold,300 W,Full,0,139.99
FSP Group FSP300-60GHS,SFX,80+ Bronze,300 W,No,0,
FSP Group FSP300-60GHS-R,SFX,80+,300 W,No,0,
FSP Group FSP300-60GHT,TFX,80+,300 W,No,0,
FSP Group FSP300-60GHT,TFX,80+ Bronze,300 W,No,0,
FSP Group FSP300-60LG,Mini ITX,80+ Bronze,300 W,No,0,
FSP Group FSP300-60LG-5K,Flex ATX,80+ Bronze,300 W,No,0,118.02
FSP Group FSP300-60SGV,TFX,80+ Gold,300 W,No,1,99.99
FSP Group FSP400-60FGGBA,Flex ATX,80+ Gold,400 W,No,2,92.02
FSP Group FSP400-60GHS,SFX,80+ Bronze,400 W,No,0,
FSP Group FSP450-60GHS,SFX,80+ Bronze,450 W,No,3,
FSP Group FSP500-50FGGBN,Flex ATX,80+ Gold,500 W,No,1,
FSP Group FSP500-50FSPT,Flex ATX,80+ Platinum,500 W,No,0,192
FSP Group FSP650-80EGN,ATX,80+ Gold,650 W,No,0,
FSP Group HEXA 85+,ATX,80+ Bronze,350 W,No,1,
FSP Group HEXA 85+,ATX,80+ Bronze,550 W,No,0,
FSP Group HEXA 85+ PRO,ATX,80+ Bronze,550 W,No,1,
FSP Group HEXA 85+ PRO,ATX,80+ Bronze,650 W,No,0,
FSP Group HEXA+,ATX,,500 W,No,1,
FSP Group HV PRO,ATX,80+,650 W,No,1,
FSP Group Hydro G,ATX,80+ Gold,750 W,Full,3,
FSP Group Hydro G,ATX,80+ Gold,650 W,Full,6,
FSP Group Hydro G,ATX,80+ Gold,850 W,Full,1,
FSP Group Hydro G Pro,ATX,80+ Gold,850 W,Full,2,
FSP Group Hydro G Pro,ATX,80+ Gold,650 W,Full,1,
FSP Group Hydro G Pro,ATX,80+ Gold,750 W,Full,0,
FSP Group Hydro G PRO ATX3.0,ATX,80+ Gold,850 W,Full,2,
FSP Group Hydro GE,ATX,80+ Gold,550 W,Full,0,
FSP Group Hydro GE,ATX,80+ Gold,650 W,Full,1,
FSP Group Hydro K Pro ATX3.0,ATX,80+ Bronze,750 W,No,1,
FSP Group Hydro K Pro ATX3.0,ATX,80+ Bronze,850 W,No,0,
FSP Group Hydro M Pro ATX3.0,ATX,80+ Bronze,700 W,Semi,0,
FSP Group Hydro Pro,ATX,80+ Bronze,600 W,No,0,
FSP Group Hydro PTM,ATX,80+ Platinum,550 W,Full,0,
FSP Group Hydro PTM PRO,ATX,80+ Platinum,750 W,Full,0,129.99
"FSP Group Hydro PTM PRO,Gen5",ATX,80+ Platinum,1650 W,Full,0,
FSP Group Hydro PTM X PRO,ATX,80+ Platinum,850 W,Full,0,
"FSP Group Hydro PTM X PRO,Gen5",ATX,80+ Platinum,1200 W,Full,0,199.99
"FSP Group Hydro Ti PRO,Gen 5",ATX,80+ Titanium,1000 W,Full,8,249.99
"FSP Group Hydro Ti PRO,Gen 5",ATX,80+ Titanium,850 W,Full,0,
FSP Group Hydro X,ATX,80+ Gold,650 W,No,0,
FSP Group HYPER K PRO,ATX,80+,700 W,No,0,
FSP Group HYPER K PRO,ATX,80+,500 W,No,1,
FSP Group Hyper M,ATX,80+,700 W,Semi,1,
FSP Group Hyper M85+,ATX,80+ Bronze,650 W,Semi,0,
FSP Group HYPER S,ATX,80+,600 W,No,0,
FSP Group MEGA TI,ATX,80+ Titanium,1650 W,Full,0,
FSP Group PT1000FM,ATX,80+ Platinum,1000 W,Full,0,
FSP Group PT1200FM,ATX,80+ Platinum,1200 W,Full,1,
FSP Group PT850FM,ATX,80+ Platinum,850 W,Full,0,
FSP Group Raider 450,ATX,80+ Bronze,450 W,No,0,
FSP Group Raider 550,ATX,80+ Bronze,550 W,No,1,
FSP Group Raider 650,ATX,80+ Bronze,650 W,No,2,
FSP Group Raider 750,ATX,80+ Bronze,750 W,No,0,
FSP Group Raider S 450,ATX,80+ Silver,450 W,No,1,
FSP Group Raider S 550,ATX,80+ Silver,550 W,No,0,
FSP Group Raider S 650,ATX,80+ Silver,650 W,No,1,
FSP Group Raider S 750,ATX,80+ Silver,750 W,No,0,
FSP Group SAGA+ 400R,ATX,,400 W,No,0,
FSP Group SAGA+ 450R,ATX,,450 W,No,0,
FSP Group SAGA+ 500R,ATX,,500 W,No,0,
FSP Group SFX Pro,SFX,80+ Bronze,450 W,No,0,
FSP Group Twins,ATX,80+ Gold,700 W,No,0,
FSP Group VITA BD,ATX,80+ Bronze,750 W,No,0,
FSP Group VITA-1000GM,ATX,80+ Gold,1000 W,Full,0,
FSP Group VITA-650GM,ATX,80+ Gold,650 W,Full,0,
FSP Group VITA-750GM,ATX,80+ Gold,750 W,Full,0,
FSP Group VITA-850GM,ATX,80+ Gold,850 W,Full,0,
FSP Group VITA-GM,ATX,80+ Gold,850 W,Full,2,217.78
FSP Group VITA-GM,ATX,80+ Gold,750 W,Full,0,
FSP Group VITAL 400,ATX,80+,400 W,No,0,
FSP Group ZEN 400,ATX,80+ Bronze,400 W,No,1,
G.Skill MB750G,ATX,80+ Gold,750 W,Full,1,
G.Skill MB850G,ATX,80+ Gold,850 W,Full,0,
G.Skill PS1250P,ATX,80+ Platinum,1250 W,Full,1,
G.Skill PS750G,ATX,80+ Gold,750 W,Full,2,
G.Skill PS850G,ATX,80+ Gold,850 W,Full,2,
G.Skill PS850P,ATX,80+ Platinum,850 W,Full,0,
GALAX PGO1AGPFNAFB0,ATX,80+ Gold,1000 W,Full,0,
GALAX PGO1BGPFNAFB0,ATX,80+ Gold,1200 W,Full,0,
GALAX PGO85GPTNAFB0,ATX,80+ Gold,850 W,Full,0,
GAMDIAS ASTRAPE E1,ATX,80+,550 W,No,0,
GAMDIAS ASTRAPE M1,ATX,80+,550 W,No,0,
GAMDIAS ASTRAPE M1 B,ATX,80+ Bronze,750 W,No,0,
GAMDIAS ASTRAPE P1 G,ATX,80+ Gold,650 W,Full,0,
GAMDIAS Cyclops X1 P,ATX,80+ Platinum,1200 W,Full,0,
GAMDIAS HELIOS P2-1000G,ATX,80+ Gold,1000 W,No,0,119.99
GAMDIAS HELIOS P2-1300G,ATX,80+ Gold,1300 W,No,0,
GAMDIAS HELIOS P2-750G,ATX,80+ Gold,750 W,No,0,
GAMDIAS HELIOS P2-850G,ATX,80+ Gold,850 W,No,0,
GAMDIAS KRATOS E1,ATX,80+,500 W,No,0,
GAMDIAS KRATOS M1 B,ATX,80+ Bronze,750 W,No,5,64.98
GAMDIAS KRATOS M1 B,ATX,80+ Bronze,550 W,No,0,
GAMDIAS KRATOS P1 G,ATX,80+ Gold,750 W,No,0,67.77
GAMDIAS KRATOS P1 G,ATX,80+ Gold,750 W,Semi,3,
GAMDIAS KRATOS P2-1000G,ATX,80+ Gold,1000 W,Full,0,
GAMDIAS KRATOS P2-1200G,ATX,80+ Gold,1200 W,Full,0,
GAMDIAS KRATOS P2-750G,ATX,80+ Gold,750 W,Full,0,
GAMDIAS KRATOS P2-850G,ATX,80+ Gold,850 W,Full,0,
GameMax GM,ATX,80+ Bronze,800 W,Semi,1,
GameMax GM,ATX,80+ Bronze,300 W,No,0,
GameMax GM-1050,ATX,80+ Silver,1050 W,Semi,0,
GameMax GP,ATX,80+ Bronze,400 W,No,2,
GameMax GP,ATX,80+ Bronze,650 W,No,3,
GameMax GP,ATX,80+ Bronze,550 W,No,0,
GameMax GS,SFX,80+ Bronze,300 W,No,0,
GameMax GT,TFX,80+ Bronze,300 W,No,0,
GameMax GX Pro Rampage,ATX,80+ Gold,850 W,Full,1,
GameMax GX Pro Rampage,ATX,80+ Platinum,1050 W,Full,3,
GameMax GX Pro Rampage,ATX,80+ Platinum,1250 W,Full,0,
GameMax GX-550 Modular,ATX,80+ Gold,550 W,Full,0,
GameMax GX-650 Modular,ATX,80+ Gold,650 W,Full,0,
GameMax GX-750 Modular,ATX,80+ Gold,750 W,Full,0,
GameMax GX-850 Modular,ATX,80+ Gold,850 W,Full,1,
GameMax Rampage,ATX,80+ Bronze,500 W,No,1,
GameMax Rampage,ATX,80+ Bronze,600 W,No,0,
GameMax Rampage,ATX,80+ Bronze,600 W,No,2,
GameMax RGB,ATX,80+ Platinum,1300 W,Full,0,
GameMax RGB Pro,ATX,80+ Gold,850 W,Full,0,
GameMax RGB Rainbow,ATX,80+ Gold,550 W,Full,0,
GameMax RGB Rainbow,ATX,80+ Gold,850 W,Full,6,
GameMax RGB Rainbow,ATX,80+ Gold,750 W,Full,4,
GameMax VP,ATX,80+ Bronze,600 W,No,0,
GameMax VP RGB,ATX,80+ Bronze,800 W,No,0,
GameMax VP-600-RGB,ATX,80+ Bronze,600 W,No,0,
Gigabyte AORUS ELITE P1000,ATX,80+ Platinum,1000 W,Full,1,
Gigabyte AORUS ELITE P1000 ICE,ATX,80+ Platinum,1000 W,Full,2,
Gigabyte AORUS ELITE P850,ATX,80+ Platinum,850 W,Full,2,
Gigabyte AORUS ELITE P850 ICE,ATX,80+ Platinum,850 W,Full,4,
Gigabyte AORUS P GM,ATX,80+ Gold,750 W,Full,7,
Gigabyte AORUS P GM,ATX,80+ Gold,850 W,Full,5,
Gigabyte AORUS P1200W,ATX,80+ Platinum,1200 W,Full,0,
Gigabyte B700H,ATX,80+ Bronze,700 W,Semi,9,
Gigabyte GE-P450P-C2,ATX,80+,550 W,No,1,
Gigabyte GP-G750H,ATX,80+ Gold,750 W,Semi,10,
Gigabyte GP-P650G PG5,ATX,80+ Gold,650 W,No,0,
Gigabyte GreenMax Plus,ATX,80+ Bronze,650 W,No,0,
Gigabyte GreenMax Plus,ATX,80+ Bronze,550 W,No,1,
Gigabyte Odin GT 800,ATX,80+,800 W,Semi,0,
Gigabyte P1000GM,ATX,80+ Gold,1000 W,Full,0,
Gigabyte P450B,ATX,80+ Bronze,450 W,No,10,
Gigabyte P550B,ATX,80+ Bronze,550 W,No,1,
Gigabyte P550SS,ATX,80+ Silver,550 W,No,0,
Gigabyte P650G,ATX,80+ Gold,650 W,No,1,
Gigabyte P650G ,ATX,80+ Gold,650 W,No,1,
Gigabyte P650SS,ATX,80+ Silver,650 W,No,2,
Gigabyte P650SS,ATX,80+ Silver,650 W,No,1,
Gigabyte P750BS ,ATX,80+ Bronze,750 W,No,0,
Gigabyte P750GM,ATX,80+ Gold,750 W,Full,33,
Gigabyte P850GM,ATX,80+ Gold,850 W,Full,16,
Gigabyte P-B,ATX,80+ Bronze,650 W,No,16,
Gigabyte PB500,ATX,80+ Bronze,500 W,No,1,
Gigabyte PW400,ATX,80+,400 W,No,1,
Gigabyte UD1000GM,ATX,80+ Gold,1000 W,Full,1,
Gigabyte UD1000GM PG5,ATX,80+ Gold,1000 W,Full,0,
Gigabyte UD1000GM PG5 ,ATX,80+ Gold,1000 W,Full,4,109.99
Gigabyte UD1000GM PG5 V2,ATX,80+ Gold,1000 W,Full,1,139.99
Gigabyte UD1000GM PG5 V2,ATX,80+ Gold,1000 W,Full,0,117.59
Gigabyte UD1300GM PG5,ATX,80+ Gold,1300 W,Full,0,
Gigabyte UD1600PM PG5 AI TOP,ATX,80+ Platinum,1600 W,Full,0,
Gigabyte UD750GM,ATX,80+ Gold,750 W,Full,46,
Gigabyte UD750GM PG5 V2,ATX,80+ Gold,750 W,Full,0,79.98
Gigabyte UD750GM-A,ATX,80+ Gold,750 W,Full,0,
Gigabyte UD850GM,ATX,80+ Gold,850 W,Full,15,
Gigabyte UD850GM PG5 ,ATX,80+ Gold,850 W,Full,2,
Gigabyte UD850GM PG5 V2,ATX,80+ Gold,850 W,Full,1,193.9
Gigabyte UD850GM PG5 V2,ATX,80+ Gold,850 W,Full,0,147.61
Gigabyte UD850GM-A,ATX,80+ Gold,850 W,Full,0,89.99
Gigabyte UD850GM-A PG5,ATX,80+ Gold,850 W,Full,0,89.99
Gigabyte UD-GM PG5,ATX,80+ Gold,850 W,Full,2,109.99
Gigabyte UD-GM PG5,ATX,80+ Gold,750 W,Full,0,
HEC HEC200SA2FX,Mini ITX,,200 W,No,0,
HEC HEC200SA-2FX,Mini ITX,,200 W,No,0,
HEC HEC200SAFX,Mini ITX,,200 W,No,0,
HEC HEC250SRT,SFX,,250 W,No,0,
HEC HEC350TEWX,ATX,80+,350 W,No,0,
HEC HP485D,ATX,,485 W,No,2,
HEC HP485D Retail,ATX,,485 W,No,0,
HEC HP585D,ATX,,585 W,No,0,
HEC HP585D RETAIL,ATX,,585 W,No,1,
HEC Orion,ATX,,585 W,No,0,
HEC Raptor500,ATX,,500 W,No,0,
HEC XP1080,ATX,,1080 W,Full,0,123.76
HEC X-Power Pro 600,ATX,,600 W,No,0,
HEC X-Power Pro 650,ATX,,650 W,No,0,
HEC XPOWER585 OEM,ATX,,585 W,No,0,
HEC XPOWER585 RETAIL,ATX,,585 W,No,0,
HEC XPOWER780,ATX,,600 W,No,0,
HEC ZEPHY580MX,ATX,,580 W,No,0,
HEC Zephyr 700 CM,ATX,80+,700 W,Semi,0,
HEC Zephyr MX-750,ATX,80+ Bronze,750 W,No,1,
HEC ZEPHYR650,ATX,,650 W,No,0,
High Power PG-750,ATX,,750 W,No,0,
In Win A45,ATX,80+,450 W,No,0,
In Win A55,ATX,80+,550 W,No,1,
In Win A65,ATX,80+,650 W,No,0,
In Win Classic,ATX,80+ Platinum,900 W,Full,0,
In Win Classic,ATX,80+ Platinum,750 W,Full,1,
In Win Commander,ATX,80+,1200 W,Full,0,
In Win Commander II,ATX,80+ Bronze,850 W,Full,0,
In Win Commander II,ATX,80+ Bronze,1200 W,Full,2,
In Win Commander III,ATX,80+ Gold,800 W,Semi,0,
In Win Commander III,ATX,80+ Gold,700 W,Semi,1,
In Win Commander III 600,ATX,80+ Gold,600 W,Semi,0,
In Win Compact,SFX,80+ Gold,700 W,Full,0,
In Win Glacier,ATX,80+ Gold,900 W,Semi,0,
In Win GreenMe 550,ATX,80+ Bronze,550 W,No,0,
In Win GreenMe 650,ATX,80+ Bronze,650 W,No,0,
In Win IP-P300BN7-2,ATX,80+,300 W,No,0,
In Win IP-S200DF1-0,TFX,,200 W,No,0,
In Win IP-S300FF1-0,TFX,80+,300 W,No,0,62.02
In Win IP-S350CQ2-0T,ATX,,350 W,No,1,
In Win P105II,ATX,80+ Platinum,1050 W,Full,0,199
In Win P130II,ATX,80+ Platinum,1300 W,Full,0,233.03
In Win P55F,ATX,80+ Gold,550 W,No,0,
In Win P65,ATX,80+ Gold,650 W,Full,0,
In Win P65F,ATX,80+ Gold,650 W,No,0,
In Win P75,ATX,80+ Gold,750 W,Full,2,
In Win P75F,ATX,80+ Gold,750 W,No,0,
In Win P75FII,ATX,80+ Gold,750 W,No,0,
In Win P85,ATX,80+ Gold,850 W,Full,0,
In Win P85FII,ATX,80+ Gold,850 W,No,0,
In Win PB,ATX,80+ Gold,650 W,Full,3,
In Win PB,ATX,80+ Gold,750 W,Full,1,
In Win PB,ATX,80+ Gold,850 W,Full,0,
Insignia NS-PCW5508,ATX,80+ Bronze,550 W,No,2,
Inter-Tech 88882037,ATX,80+,450 W,No,0,
Inter-Tech 88882144,TFX,,300 W,No,0,
Inter-Tech Argus APS,ATX,,720 W,No,1,
Inter-Tech Argus RGB CM II,ATX,80+ Gold,650 W,Semi,0,105.09
Inter-Tech Argus RGB II,ATX,80+ Bronze,500 W,No,0,
Inter-Tech Coba Nitrox Nobility,ATX,80+ Silver,700 W,Semi,0,
Inter-Tech HA-1200BA4,ATX,80+ Gold,1200 W,Full,0,
Inter-Tech SAMA XPH-1200A,ATX,80+ Platinum,1200 W,Full,0,
iStarUSA TC-1200PD8G,ATX,,1200 W,Full,0,309.99
iTek GF EVO,ATX,80+ Gold,650 W,Full,0,
iTek GF750 EVO,ATX,80+ Gold,750 W,Full,0,
Kingwin ABT-1050MM,ATX,,1050 W,No,0,
Kingwin ABT-450MM,ATX,,450 W,No,0,
Kingwin ABT-610MM,ATX,,610 W,No,0,
Kingwin ABT-650MM,ATX,,650 W,No,2,
Kingwin ABT-730MM,ATX,,730 W,No,0,
Kingwin ABT-750MM,ATX,,750 W,No,0,
Kingwin ABT-850MM,ATX,,850 W,No,0,
Kingwin AP-550,ATX,80+ Platinum,550 W,No,0,
Kingwin KX-1000,ATX,80+ Bronze,1000 W,Semi,0,
Kingwin Lazer,ATX,80+,750 W,Full,0,
Kingwin Lazer,ATX,80+ Bronze,1000 W,Semi,3,
Kingwin Lazer Gold,ATX,80+ Gold,1300 W,Semi,0,
Kingwin Lazer Platinum,ATX,80+ Platinum,550 W,Semi,1,
Kingwin Lazer Platinum,ATX,80+ Platinum,750 W,Semi,0,
Kingwin Mach 1,ATX,80+ Bronze,1220 W,Full,0,
Kingwin MK,ATX,,850 W,No,0,
Kingwin MK,ATX,,750 W,No,1,
Kingwin MKX,ATX,,850 W,Semi,0,
Kingwin STR-500,ATX,80+ Platinum,500 W,Semi,0,
KOLINK Classic Power,ATX,80+ Bronze,600 W,No,1,
KOLINK Classic Power,ATX,80+ Bronze,700 W,No,2,
KOLINK Continuum,ATX,80+ Platinum,1050 W,Full,0,
KOLINK Continuum V2,ATX,80+ Platinum,1050 W,Full,0,
KOLINK Core,ATX,80+,400 W,No,0,
KOLINK Core RGB,ATX,80+,600 W,No,0,
KOLINK ENCLAVE,ATX,80+ Gold,500 W,Full,0,
KOLINK KL-1000M,ATX,80+ Bronze,1000 W,Semi,0,
KOLINK KL-400,ATX,80+ Bronze,400 W,No,0,
KOLINK KL-500,ATX,80+ Bronze,500 W,No,0,
KOLINK KL-500M,ATX,80+ Bronze,500 W,Semi,0,
KOLINK KL-600M,ATX,80+ Bronze,600 W,Semi,0,
KOLINK KL-700M,ATX,80+ Bronze,700 W,Semi,0,
KOLINK KL-850M,ATX,80+ Bronze,850 W,Semi,0,
KOLINK KL-SFX250,SFX,80+ Bronze,250 W,No,0,
KOLINK KL-SFX350,SFX,80+ Bronze,350 W,No,0,
KOLINK KL-SFX450,SFX,80+ Bronze,450 W,No,0,
KOLINK Modular Power,ATX,80+ Bronze,700 W,Semi,0,
KOLINK Regulator,ATX,80+ Gold,750 W,Full,0,
Kuroutoshikou KRPW-BR550W/85+,ATX,80+ Bronze,550 W,No,0,
Kuroutoshikou KRPW-BR650W/85+,ATX,80+ Bronze,650 W,No,0,
Kuroutoshikou KRPW-L5-500W/80+,ATX,80+,500 W,No,1,
LC-Power LC V2.31,ATX,80+ Platinum,550 W,Full,0,
LC-Power LC1000 V2.4,ATX,80+ Platinum,1000 W,Full,0,
LC-Power LC1000P V3.0,ATX,80+ Platinum,1000 W,Full,1,
LC-Power LC1200 V2.4,ATX,80+ Platinum,1200 W,Full,0,
LC-Power LC1200P V3.0,ATX,80+ Platinum,1200 W,Full,0,
LC-Power LC6 V2.31,ATX,80+ Gold,550 W,Full,0,
LC-Power LC6 V2.31,ATX,80+ Gold,1000 W,Full,1,
LC-Power LC6350 V2.3,ATX,80+ Bronze,350 W,No,0,
LC-Power LC6450 V2.3,ATX,80+ Bronze,450 W,No,0,
LC-Power LC6460GP3 V2.3 230V,ATX,80+ Silver,460 W,No,0,
LC-Power LC6550 V2.3,ATX,80+ Bronze,550 W,No,1,
LC-Power LC6560GP3 V2.3 230V,ATX,80+ Silver,560 W,No,0,
LC-Power LC6650 V2.3,ATX,80+ Bronze,650 W,No,1,
LC-Power LC6650GP3 V2.3 230V,ATX,80+ Silver,650 W,No,2,
LC-Power LC850P V3.0,ATX,80+ Platinum,850 W,Full,0,
LC-Power LC8550 V2.31 Prophet,ATX,80+ Bronze,550 W,Semi,0,
LC-Power OFFICE SERIES,ATX,,600 W,No,0,
LEPA B550-MB,ATX,80+ Bronze,550 W,Semi,0,
LEPA B550-SA,ATX,80+ Bronze,550 W,No,0,
LEPA B650-SA,ATX,80+ Bronze,650 W,No,0,
LEPA B850-MA,ATX,80+ Bronze,850 W,Semi,1,
LEPA G,ATX,80+ Gold,1600 W,Full,2,
LEPA G,ATX,80+ Gold,650 W,Semi,1,
LEPA G1000-MA,ATX,80+ Gold,1000 W,Semi,0,
LEPA G1000-MB,ATX,80+ Gold,1000 W,Full,0,
LEPA G1200-MA,ATX,80+ Gold,1200 W,Semi,1,
LEPA G800-MB,ATX,80+ Gold,800 W,Semi,0,
LEPA MaxBron,ATX,80+ Bronze,1000 W,Semi,0,
LEPA MaxBron,ATX,80+ Bronze,700 W,Semi,2,
LEPA MaxBron,ATX,80+ Bronze,800 W,Semi,1,
LEPA MaxGold,ATX,80+ Gold,500 W,No,0,
LEPA MaxPlatinum,ATX,80+ Platinum,1050 W,Semi,0,
LEPA MX-F1,ATX,,600 W,No,2,
LEPA MX-F1,ATX,,350 W,No,1,
LEPA MX-F1,ATX,,400 W,No,0,
LEPA N,ATX,,500 W,No,6,
LEPA P1375-MA,ATX,80+ Platinum,1375 W,Full,1,
Lian Li EDGE,ATX,80+ Platinum,1300 W,Full,11,
Lian Li EDGE,ATX,80+ Platinum,1000 W,Full,10,
Lian Li EDGE,ATX,80+ Platinum,1300 W,Full,7,
Lian Li EDGE,ATX,80+ Platinum,850 W,Full,5,159.99
Lian Li EDGE,ATX,80+ Platinum,1000 W,Full,15,
Lian Li EDGE GOLD,ATX,80+ Gold,1000 W,Full,11,158.99
Lian Li EDGE GOLD,ATX,80+ Gold,850 W,Full,8,119.99
Lian Li EDGE GOLD,ATX,80+ Gold,850 W,Full,10,110.99
Lian Li EDGE GOLD,ATX,80+ Gold,1200 W,Full,1,233.19
Lian Li EDGE GOLD,ATX,80+ Gold,1200 W,Full,5,
Lian Li EDGE GOLD,ATX,80+ Gold,750 W,Full,0,
Lian Li EG850 Mesh,ATX,80+ Gold,850 W,Full,0,
Lian Li PE,SFX,80+ Platinum,750 W,Full,1,
Lian Li PE,SFX,80+ Gold,550 W,Full,0,
Lian Li RB,ATX,80+ Bronze,550 W,No,0,49.99
Lian Li RB,ATX,80+ Bronze,750 W,No,1,69.98
Lian Li SP,SFX,80+ Gold,750 W,Full,21,
Lian Li SP V2,SFX,80+ Gold,750 W,Full,0,124.94
Lian Li SP0850P,SFX,80+ Platinum,850 W,Full,0,149.99
Lian Li SP1000P,SFX,80+ Platinum,1000 W,Full,1,184.99
Lian Li SP750,SFX,80+ Gold,750 W,Full,5,
Lian Li SP850,SFX,80+ Gold,850 W,Full,11,152.99
Lian Li SP850,SFX,80+ Gold,850 W,Full,7,
Lian Li SX0850P,ATX,80+ Platinum,850 W,Full,0,119.99
Lian Li SX1000P,ATX,80+ Platinum,1000 W,Full,1,149.99
Lian Li SX1000P,ATX,80+ Platinum,1000 W,Full,0,149.99
Lian Li SX1200P,ATX,80+ Platinum,1200 W,Full,0,159.99
Linkworld LPG12-35-p4,ATX,,550 W,No,0,
Linkworld LPG8 630w,ATX,,630 W,No,0,
Linkworld LPK2-30-P4,ATX,,500 W,No,0,
Logisys AT750BK,ATX,80+ Bronze,750 W,No,0,
Logisys PS480D,ATX,,480 W,No,2,32.99
Logisys PS480D2,ATX,,480 W,No,1,27.99
Logisys PS480D-BK,ATX,,480 W,No,5,
Logisys PS480E12,ATX,,480 W,No,2,
Logisys PS480X2,ATX,,480 W,No,0,
Logisys PS550AC,ATX,,550 W,No,1,
Logisys PS550E12,ATX,,550 W,No,1,
Logisys PS550E12BK,ATX,,550 W,No,2,
Logisys PS575XBK,ATX,,575 W,No,0,
Logisys PS600XBK,ATX,,600 W,No,0,
Mars Gaming MP700,ATX,,700 W,No,0,
Mars Gaming MPII650,ATX,,650 W,No,0,
Mars Gaming MPIII750,ATX,,750 W,No,1,
Mistel MX550 FANLESS,ATX,80+ Gold,550 W,Full,0,
Mistel MX650 FANLESS,ATX,80+ Platinum,650 W,Full,0,
Montech APX,ATX,80+,750 W,No,0,48.94
Montech APX,ATX,80+,650 W,No,1,50.89
Montech CENTURY,ATX,80+ Gold,650 W,Full,1,
Montech CENTURY G5,ATX,80+ Gold,750 W,Full,0,
Montech CENTURY II,ATX,80+ Gold,850 W,Full,32,89.9
Montech CENTURY II,ATX,80+ Gold,1050 W,Full,18,99.9
Montech CENTURY II,ATX,80+ Gold,1200 W,Full,4,119.89
Montech CENTURY MINI,SFX,80+ Gold,750 W,Full,0,
Montech GAMMA II,ATX,80+ Gold,750 W,No,2,
Montech GAMMA II,ATX,80+ Gold,650 W,No,0,
Montech TITAN GOLD 1000W,ATX,80+ Gold,1000 W,Full,1,
Montech TITAN GOLD 1200W,ATX,80+ Gold,1200 W,Full,2,
Montech TITAN GOLD 750W,ATX,80+ Gold,750 W,Full,0,
Montech TITAN GOLD 850W,ATX,80+ Gold,850 W,Full,5,
Montech TITAN PLA,ATX,80+ Platinum,1200 W,Full,2,219
Montech TITAN PLA,ATX,80+ Platinum,1000 W,Full,1,199
Montech TITAN PLA,ATX,80+ Platinum,850 W,Full,0,179
MSI A1000G PCIE5,ATX,80+ Gold,1000 W,Full,47,169.99
MSI A850GLS MLG EDITION,ATX,80+ Gold,850 W,Full,0,151.99
MSI MAG A1000GL PCIE5,ATX,80+ Gold,1000 W,Full,6,134.99
MSI MAG A1000GLS PCIE5,ATX,80+ Gold,1000 W,Full,0,119.99
MSI MAG A1000PLS PCIE5,ATX,80+ Platinum,1000 W,Full,0,
MSI MAG A1200PLS PCIE5,ATX,80+ Platinum,1200 W,Full,0,
MSI MAG A1250GL PCIE5,ATX,80+ Gold,1250 W,Full,1,139.99
MSI MAG A500DN,ATX,80+,500 W,No,1,
MSI MAG A550BN,ATX,80+ Bronze,550 W,No,44,52.67
MSI MAG A550BNL,ATX,80+ Bronze,550 W,No,0,
MSI MAG A600DN,ATX,80+,600 W,No,2,
MSI MAG A650BE,ATX,80+ Bronze,650 W,Semi,12,59.99
MSI MAG A650BN,ATX,80+ Bronze,650 W,No,53,59.99
MSI MAG A650BN EVA e-PROJECT,ATX,80+ Bronze,650 W,No,0,
MSI MAG A650BNL,ATX,80+ Bronze,650 W,No,1,
MSI MAG A650BNL,ATX,80+ Bronze,650 W,No,0,
MSI MAG A650GL,ATX,80+ Gold,650 W,Full,26,89.13
MSI MAG A650GLS PCIE5,ATX,80+ Gold,650 W,Full,2,81.99
MSI MAG A750BE,ATX,80+ Bronze,750 W,Semi,4,69.98
MSI MAG A750BN PCIE5,ATX,80+ Bronze,750 W,No,6,74.98
MSI MAG A750GL PCIE5,ATX,80+ Gold,750 W,Full,108,84.99
MSI MAG A750GL PCIE5 II,ATX,80+ Gold,750 W,Full,1,115
MSI MAG A750GLS PCIE5,ATX,80+ Gold,750 W,Full,0,87.99
MSI MAG A750GN PCIE5,ATX,80+ Gold,750 W,No,0,89.99
MSI MAG A850GL PCIE5,ATX,80+ Gold,850 W,Full,87,117.55
MSI MAG A850GL PCIE5,ATX,80+ Gold,850 W,Full,28,119
MSI MAG A850GL PCIE5 II,ATX,80+ Gold,850 W,Full,1,129.95
MSI MAG A850GLS PCIE5,ATX,80+ Gold,850 W,Full,0,129.99
MSI MAG A850GN PCIE5,ATX,80+ Gold,850 W,No,1,
MSI MAG A-GL PCIE5 II,ATX,80+ Gold,1000 W,Full,0,145
MSI MEG Ai1000P PCIE5,ATX,80+ Platinum,1000 W,Full,1,
MSI MEG Ai1300P PCIE5,ATX,80+ Platinum,1300 W,Full,16,349.99
MSI MEG Ai1600T PCIE5,ATX,80+ Titanium,1600 W,Full,3,675
MSI MPG A1000G,ATX,80+ Gold,1000 W,Full,2,169.99
MSI MPG A1000GS PCIE5,ATX,80+ Gold,1000 W,Full,7,143.99
MSI MPG A1250GS PCIE5,ATX,80+ Gold,1250 W,Full,1,239.99
MSI MPG A650GF,ATX,80+ Gold,650 W,Full,32,
MSI MPG A750G PCIE5,ATX,80+ Gold,750 W,Full,1,
MSI MPG A750GF,ATX,80+ Gold,750 W,Full,26,89.99
MSI MPG A750GF WHITE,ATX,80+ Gold,750 W,Full,2,
MSI MPG A850G PCIE5,ATX,80+ Gold,850 W,Full,33,134.99
MSI MPG A850GF,ATX,80+ Gold,850 W,Full,21,
MSI MPG A850GS PCIE5,ATX,80+ Gold,850 W,Full,3,89.99
MSI MPG Ai1300TS PCIE5,ATX,80+ Titanium,1300 W,Full,0,
MSI MPG Ai1600TS PCIE5,ATX,80+ Titanium,1600 W,Full,0,
Mushkin MKNPSJL1000,ATX,80+ Gold,1000 W,No,0,
Mushkin MKNPSJL800,ATX,80+ Silver,800 W,No,0,
Nexus NX-5000 R3,ATX,80+ Bronze,530 W,No,0,
Nfortec Sagitta RGB,ATX,80+ Gold,850 W,Full,0,
nJoy Alpha+,ATX,80+ Gold,750 W,Full,0,
Noua Hyper ZR55,ATX,80+ Bronze,550 W,No,0,
Noua Hyper ZR65,ATX,80+ Bronze,650 W,No,0,
Noua Volture GX-MV,ATX,80+ Gold,850 W,Full,0,
Noua Volture X GX-MVX,ATX,80+ Gold,850 W,Full,0,
NOX Hummer,ATX,80+ Bronze,650 W,Semi,0,
NOX Hummer GD,ATX,80+ Gold,750 W,No,0,
NOX Hummer X,ATX,80+ Gold,650 W,Full,0,
NOX URANO TX,ATX,,850 W,No,0,
NOX URANO VX,ATX,80+ Bronze,650 W,No,0,
NZXT C ,ATX,80+ Gold,650 W,Full,9,
NZXT C ,ATX,80+ Gold,850 W,Full,28,
NZXT C ,ATX,80+ Gold,750 W,Full,16,
NZXT C1000 ,ATX,80+ Gold,1000 W,Full,8,134.99
NZXT C1000 ,ATX,80+ Gold,1000 W,Full,3,139.99
NZXT C1000 ,ATX,80+ Gold,1000 W,Full,5,179.99
NZXT C1000 Core,ATX,80+ Gold,1000 W,Full,3,121.99
NZXT C1200,ATX,80+ Gold,1200 W,Full,7,
NZXT C1200 ,ATX,80+ Gold,1200 W,Full,7,169.99
NZXT C1200 ,ATX,80+ Gold,1200 W,Full,2,179.99
NZXT C1500,ATX,80+ Platinum,1500 W,Full,1,339.99
NZXT C550,ATX,80+ Bronze,550 W,Semi,1,
NZXT C650,ATX,80+ Bronze,650 W,Semi,3,
NZXT C650 ,ATX,80+ Gold,650 W,Full,7,
NZXT C750,ATX,80+ Bronze,750 W,No,0,
NZXT C750,ATX,80+ Bronze,750 W,Semi,2,
NZXT C750 ,ATX,80+ Gold,750 W,Full,11,
NZXT C750 ,ATX,80+ Bronze,750 W,No,0,
NZXT C750 Core,ATX,80+ Gold,750 W,Full,1,89.99
NZXT C850 ,ATX,80+ Gold,850 W,Full,10,119.99
NZXT C850 ,ATX,80+ Gold,850 W,Full,3,124.99
NZXT C850 ,SFX,80+ Gold,850 W,Full,0,169.99
NZXT C850 ,ATX,80+ Gold,850 W,Full,29,
NZXT C850 Core,ATX,80+ Gold,850 W,Full,1,99.99
NZXT E500,ATX,80+ Gold,500 W,Full,3,
NZXT E650,ATX,80+ Gold,650 W,Full,2,
NZXT E850,ATX,80+ Gold,850 W,Full,3,149.99
NZXT HALE 90,ATX,80+ Gold,750 W,Full,1,
NZXT HALE 90,ATX,80+ Gold,650 W,Full,0,
NZXT HALE 90,ATX,80+ Gold,850 W,Full,5,
NZXT HALE82,ATX,80+ Bronze,850 W,Semi,2,
NZXT HALE82,ATX,80+ Bronze,750 W,Semi,3,
NZXT HALE82 V2 550W,ATX,80+ Bronze,550 W,Full,17,
NZXT HALE82 V2 700W,ATX,80+ Bronze,700 W,Full,5,
NZXT HALE82N 550W,ATX,80+ Bronze,550 W,No,0,
NZXT HALE82N 650W,ATX,80+ Bronze,650 W,No,0,
NZXT HALE82N 650W,ATX,80+ Bronze,650 W,No,1,
NZXT HALE82N 750W,ATX,80+ Bronze,750 W,No,0,
NZXT HALE82N 750W,ATX,80+ Bronze,750 W,No,2,
NZXT HALE90 V2,ATX,80+ Gold,1200 W,Full,0,
NZXT HALE90 V2 1000W,ATX,80+ Gold,1000 W,Full,2,
NZXT HALE90 V2 1000W,ATX,80+ Gold,1000 W,Full,0,
NZXT HALE90 V2 1200W,ATX,80+ Gold,1200 W,Full,0,
NZXT HALE90 V2 850W,ATX,80+ Gold,850 W,Full,3,
NZXT HALE90 V2 850W,ATX,80+ Gold,850 W,Full,0,
OCZ EliteXStream,ATX,80+,1000 W,No,0,
OCZ Fatal1ty,ATX,80+ Bronze,750 W,Full,1,
OCZ Fatal1ty,ATX,80+ Bronze,750 W,Semi,12,
OCZ Fatal1ty,ATX,80+ Bronze,550 W,Full,2,
OCZ Fatal1ty,ATX,80+,550 W,Semi,5,
OCZ Fatal1ty,ATX,80+ Gold,1000 W,Semi,6,
OCZ ModXStream Pro,ATX,80+,700 W,Semi,19,
OCZ ModXStream Pro,ATX,80+,600 W,Semi,33,
OCZ ModXStream Pro,ATX,80+,500 W,Semi,8,
OCZ StealthXStream,ATX,,700 W,No,1,
OCZ StealthXstream II,ATX,80+,500 W,No,2,
OCZ StealthXstream II,ATX,80+,700 W,No,0,
OCZ Z Series Gold,ATX,80+ Gold,1000 W,Semi,1,
OCZ ZS,ATX,80+ Bronze,750 W,No,0,
OCZ ZS,ATX,80+ Bronze,650 W,No,1,
OCZ ZS,ATX,80+ Bronze,550 W,No,4,
OCZ ZT,ATX,80+ Bronze,650 W,Full,11,
OCZ ZT,ATX,80+ Bronze,750 W,Full,17,
OCZ ZT,ATX,80+ Bronze,550 W,Full,7,
OCZ ZX,ATX,80+ Gold,1000 W,Full,4,
OCZ ZX,ATX,80+ Gold,1250 W,Full,1,
OCZ ZX,ATX,80+ Gold,850 W,Semi,8,
PC Cooler KN1000,ATX,80+ Gold,1000 W,Full,0,
PC Cooler KN650,ATX,80+ Gold,650 W,Full,1,
PC Cooler KN750,ATX,80+ Gold,750 W,Full,1,
PC Cooler KN850,ATX,80+ Gold,850 W,Full,0,
PC Cooler YN1000,ATX,80+ Gold,1000 W,Full,0,
PC Cooler YN750,ATX,80+ Gold,750 W,Full,0,
PC Cooler YN850,ATX,80+ Gold,850 W,Full,0,
PC Cooler YS1000,ATX,80+ Gold,1000 W,Full,0,159.99
PC Cooler YS1200,ATX,80+ Gold,1200 W,Full,0,
PC Cooler YS850,ATX,80+ Gold,850 W,Full,0,109.99
PC Power & Cooling Fatal1ty Gaming,ATX,80+ Gold,750 W,Full,0,
PC Power & Cooling PM0600,ATX,80+ Bronze,600 W,Semi,0,110.22
PC Power & Cooling PPCT1200ESA,ATX,,1200 W,No,0,
PC Power & Cooling PPCT860,ATX,80+,860 W,No,0,
PC Power & Cooling S47ATX-B,ATX,,470 W,No,0,
PC Power & Cooling S61EPS-B,ATX,80+,610 W,No,0,
PC Power & Cooling S75CF,ATX,80+,750 W,No,1,
PC Power & Cooling S75CF-B,ATX,80+,750 W,No,0,
PC Power & Cooling Silencer,ATX,80+ Platinum,1050 W,Full,1,
PC Power & Cooling Silencer,ATX,80+ Platinum,1200 W,Full,0,304.37
PC Power & Cooling Silencer Mk II,ATX,80+ Silver,950 W,No,4,
PC Power & Cooling Silencer Mk II,ATX,80+ Silver,750 W,No,6,
PC Power & Cooling Silencer Mk II,ATX,80+ Bronze,500 W,No,0,
PC Power & Cooling Silencer MK III,ATX,80+ Bronze,400 W,Semi,1,
PC Power & Cooling Silencer MK III,ATX,80+ Gold,750 W,Semi,7,
PC Power & Cooling Silencer MK III,ATX,80+ Bronze,500 W,Semi,4,
PC Power & Cooling Silencer MK III,ATX,80+ Bronze,600 W,Semi,2,
PC Power & Cooling Silencer MK III,ATX,80+ Gold,850 W,Semi,3,
PC Power & Cooling Silencer MK III,ATX,80+ Platinum,1200 W,Semi,0,
PC Power & Cooling T12W,ATX,,1200 W,No,0,
Phanteks AMP,ATX,80+ Gold,650 W,Full,8,
Phanteks AMP,ATX,80+ Gold,1000 W,Full,0,
Phanteks AMP,ATX,80+ Gold,550 W,Full,9,
Phanteks AMP,ATX,80+ Gold,750 W,Full,13,
Phanteks AMP,ATX,80+ Gold,850 W,Full,1,
Phanteks AMP GH,ATX,80+ Gold,850 W,Full,1,79.99
Phanteks AMP GH,ATX,80+ Gold,750 W,Full,2,74.99
Phanteks AMP GH,ATX,80+ Gold,850 W,Full,0,94.99
Phanteks AMP v2,ATX,80+ Gold,1000 W,Full,2,
Phanteks AMP v2,ATX,80+ Gold,1000 W,Full,0,
Phanteks PH-P550GF,ATX,80+ Gold,550 W,No,0,
Phanteks PH-P650GS,ATX,80+ Gold,650 W,No,1,
Phanteks PH-P750GS,ATX,80+ Gold,750 W,No,0,
Phanteks Revolt Pro,ATX,80+ Gold,1000 W,Full,0,
Phanteks Revolt Pro,ATX,80+ Gold,850 W,Full,4,
Phanteks Revolt SFX,SFX,80+ Platinum,850 W,Full,2,
Phanteks Revolt SFX,SFX,80+ Platinum,750 W,Full,0,
Phanteks Revolt SFX,SFX,80+ Gold,750 W,Full,1,
Phanteks Revolt X,ATX,80+ Platinum,1200 W,Full,3,
Phanteks Revolt X,ATX,80+ Platinum,1000 W,Full,2,
PowerSpec GFM,ATX,80+ Gold,750 W,Full,2,
PowerSpec PS 550BF,ATX,80+ Bronze,550 W,No,4,
PowerSpec PS 650BF,ATX,80+ Bronze,650 W,No,5,
PowerSpec PS 650BSM,ATX,80+ Bronze,650 W,Semi,14,
PowerSpec PS 650GSM,ATX,80+ Gold,650 W,Semi,9,
PowerSpec PS 750BSM,ATX,80+ Bronze,750 W,Semi,5,
PowerSpec PSX 850GFM,ATX,80+ Gold,850 W,Full,1,
PREYON Eagle Power Gaming,ATX,80+ Gold,750 W,Full,0,
Raidmax Cobra,ATX,80+ Gold,650 W,Full,1,
Raidmax Cobra,ATX,80+ Gold,750 W,Full,0,
Raidmax Cobra,ATX,80+ Bronze,700 W,No,3,
Raidmax RX-1000AE,ATX,80+ Gold,1000 W,Semi,3,
Raidmax RX-1200AE,ATX,80+ Bronze,1200 W,Semi,2,
Raidmax RX-380K,ATX,,380 W,No,2,
Raidmax RX-450K,ATX,,450 W,No,1,
Raidmax RX-500AF,ATX,80+ Bronze,500 W,No,1,
Raidmax RX-530SS,ATX,,530 W,Semi,17,
Raidmax RX-535AP,ATX,80+ Bronze,535 W,Semi,4,
Raidmax RX-600AF,ATX,80+ Bronze,600 W,No,0,
Raidmax RX-630SS,ATX,,630 W,Semi,4,
Raidmax RX-635AP,ATX,80+ Bronze,635 W,Semi,1,
Raidmax RX-700AC,ATX,80+ Bronze,700 W,Semi,3,
Raidmax RX-700AT,ATX,80+ Titanium,700 W,Semi,0,
Raidmax RX-730SS,ATX,,730 W,Semi,8,
Raidmax RX-735AP,ATX,80+ Bronze,735 W,Semi,3,
Raidmax RX-835AP,ATX,80+ Bronze,835 W,Semi,0,
Raidmax RX-850AE,ATX,80+ Gold,850 W,Semi,7,
Raidmax Scorpio,ATX,80+ Bronze,535 W,Semi,0,
Raidmax Thunder RGB,ATX,80+ Bronze,535 W,Semi,0,
Raidmax Thunder RGB,ATX,80+ Bronze,735 W,Semi,2,
Raidmax Vampire,ATX,80+ Gold,800 W,Semi,2,
Raidmax Vampire,ATX,80+ Gold,900 W,Semi,0,
Raidmax Vortex,ATX,80+ Gold,600 W,No,0,
Raidmax XT,ATX,,300 W,No,2,
Raidmax XT,ATX,,400 W,No,0,
RAIJINTEK AMPERE,ATX,80+ Platinum,1200 W,Full,0,152.9
RAIJINTEK CRATOS,ATX,80+ Gold,850 W,Full,0,
Razer Katana Chroma,ATX,80+ Platinum,1200 W,Full,0,
Replace Power RP-TFX-420W,TFX,,420 W,No,2,
RIOTORO BUILDER,ATX,80+,500 W,No,0,
RIOTORO BUILDER,ATX,80+ Gold,1200 W,Full,1,
RIOTORO ENIGMA 850,ATX,80+ Gold,850 W,Semi,0,
RIOTORO ENIGMA G2,ATX,80+ Gold,850 W,Full,4,
RIOTORO ENIGMA G2,ATX,80+ Gold,750 W,Full,1,
RIOTORO ONYX 650,ATX,80+ Bronze,650 W,Semi,2,
RIOTORO ONYX 750,ATX,80+ Bronze,750 W,Semi,1,
Rocketfish RF-900WPS,ATX,,900 W,Full,0,
Rosewill ARC 450,ATX,80+ Bronze,450 W,No,8,
Rosewill ARC 550,ATX,80+ Bronze,550 W,No,5,
Rosewill ARC 650,ATX,80+ Bronze,650 W,No,2,
Rosewill ARC 750,ATX,80+ Bronze,750 W,No,6,
Rosewill ARC M450,ATX,80+ Bronze,450 W,Semi,2,
Rosewill ARC M550,ATX,80+ Bronze,550 W,Semi,3,
Rosewill ARC M650,ATX,80+ Bronze,650 W,Semi,7,
Rosewill Capstone,ATX,80+ Gold,750 W,Semi,21,
Rosewill Capstone,ATX,80+ Gold,750 W,No,7,
Rosewill Capstone,ATX,80+ Gold,650 W,No,3,
Rosewill Capstone,ATX,80+ Gold,450 W,Semi,4,
Rosewill Capstone,ATX,80+ Gold,550 W,Semi,11,
Rosewill Capstone,ATX,80+ Gold,1000 W,Semi,0,
Rosewill Capstone G1000,ATX,80+ Gold,1000 W,Semi,0,
Rosewill Capstone G1200,ATX,80+ Gold,1200 W,Semi,0,
Rosewill Capstone G750,ATX,80+ Gold,750 W,Semi,1,
Rosewill Capstone G850,ATX,80+ Gold,850 W,Semi,0,
Rosewill CAPSTONE-1000-M,ATX,80+ Gold,1000 W,Semi,1,
Rosewill CFZ,ATX,80+ Bronze,600 W,Semi,0,
Rosewill CMG1000,ATX,80+ Gold,1000 W,Full,0,
Rosewill CMG1000G5,ATX,80+ Gold,1000 W,Full,0,99.99
Rosewill CMG1200G5,ATX,80+ Gold,1200 W,Full,0,119.99
Rosewill CMG850,ATX,80+ Gold,850 W,Full,3,79.98
Rosewill CMG850G5,ATX,80+ Gold,850 W,Full,0,79.98
Rosewill CS-1000M,ATX,80+ Gold,1000 W,Full,0,
Rosewill CS-850M,ATX,80+ Gold,850 W,Full,0,
Rosewill Fortress,ATX,80+ Platinum,750 W,No,5,
Rosewill Fortress,ATX,80+ Platinum,450 W,No,0,
Rosewill Fortress,ATX,80+ Platinum,650 W,No,3,
Rosewill G550,ATX,80+ Gold,550 W,Semi,2,
Rosewill G650,ATX,80+ Gold,650 W,Semi,2,
Rosewill Glacier 1000M,ATX,80+ Bronze,1000 W,Semi,1,
Rosewill Glacier 1200M,ATX,80+ Bronze,1200 W,Semi,0,
Rosewill Glacier 500M,ATX,80+ Bronze,500 W,Semi,14,
Rosewill Glacier 600M,ATX,80+ Bronze,600 W,Semi,6,
Rosewill Glacier 700M,ATX,80+ Bronze,700 W,Semi,1,
Rosewill Glacier 850M,ATX,80+ Bronze,850 W,Semi,1,
Rosewill Green,ATX,80+,630 W,No,17,
Rosewill Green,ATX,80+ Bronze,700 W,No,0,
Rosewill Green,ATX,80+,530 W,No,7,
Rosewill HERCULES-1600,ATX,80+ Silver,1600 W,Semi,1,
Rosewill HERCULES-1600S,ATX,80+ Gold,1600 W,Semi,0,
Rosewill HIVE,ATX,80+ Bronze,550 W,Full,1,
Rosewill HIVE,ATX,80+ Bronze,750 W,Semi,39,
Rosewill HIVE,ATX,80+ Bronze,850 W,Full,2,
Rosewill HIVE,ATX,80+ Bronze,650 W,Semi,40,
Rosewill HIVE,ATX,80+ Bronze,550 W,Semi,17,
Rosewill HIVE S,ATX,80+ Bronze,650 W,Full,0,
Rosewill HIVE S,ATX,80+ Bronze,1000 W,Full,5,
Rosewill LEPTON,ATX,80+ Gold,500 W,Semi,4,
Rosewill LEPTON 600,ATX,80+ Gold,600 W,Semi,3,
Rosewill LEPTON 700,ATX,80+ Gold,700 W,Semi,2,
Rosewill Libertas,ATX,80+ Bronze,800 W,Full,0,
Rosewill Lightning,ATX,80+ Gold,800 W,Semi,6,
Rosewill Lightning,ATX,80+ Gold,1300 W,Semi,5,
Rosewill LP-6100C,ATX,,300 W,No,0,
Rosewill PHOTON 1350,ATX,80+ Gold,1350 W,Full,0,
Rosewill PHOTON-1050,ATX,80+ Gold,1050 W,Full,1,
Rosewill PHOTON-1200,ATX,80+ Gold,1200 W,Full,4,
Rosewill PHOTON-550,ATX,80+ Gold,550 W,Full,8,
Rosewill PHOTON-650,ATX,80+ Gold,650 W,Full,16,
Rosewill PHOTON-750,ATX,80+ Gold,750 W,Full,17,
Rosewill PHOTON-850,ATX,80+ Gold,850 W,Full,5,
Rosewill PMG1050,ATX,80+ Gold,1050 W,Full,0,
Rosewill PMG1200,ATX,80+ Gold,1200 W,Full,0,
Rosewill PMG550,ATX,80+ Gold,550 W,Full,1,
Rosewill PMG650,ATX,80+ Gold,650 W,Full,0,
Rosewill PMG750,ATX,80+ Gold,750 W,Full,0,
Rosewill PMG850,ATX,80+ Gold,850 W,Full,0,
Rosewill Quark 1000,ATX,80+ Platinum,1000 W,Full,0,
Rosewill Quark 1200,ATX,80+ Platinum,1200 W,Full,0,
Rosewill Quark 550,ATX,80+ Platinum,550 W,Full,3,
Rosewill Quark 650,ATX,80+ Platinum,650 W,Full,1,
Rosewill Quark 750,ATX,80+ Platinum,750 W,Full,3,
Rosewill Quark 850,ATX,80+ Platinum,850 W,Full,0,
Rosewill RBR1000-M,ATX,80+ Bronze,1000 W,Semi,5,
Rosewill RD600-M,ATX,,600 W,Semi,0,
Rosewill RD-Z,ATX,80+,400 W,No,2,
Rosewill RD-Z,ATX,80+,500 W,No,1,
Rosewill RD-Z,ATX,80+,450 W,No,0,
Rosewill RP600V2-S-SL,ATX,,600 W,No,5,
Rosewill RV2-500,ATX,,500 W,No,0,
Rosewill RV2-600,ATX,,600 W,No,1,
Rosewill RV2-700,ATX,,700 W,No,2,
Rosewill RV350,ATX,,350 W,No,1,
Rosewill RV350-2,ATX,,350 W,No,0,
Rosewill RX750-S-B,ATX,80+,750 W,No,2,
Rosewill RX850-S-B,ATX,80+,850 W,No,7,
Rosewill SilentNight-500,ATX,80+ Platinum,500 W,Semi,0,
Rosewill SL-300TFX,TFX,,300 W,No,0,
Rosewill SMG1050,ATX,80+ Gold,1050 W,Full,0,
Rosewill SMG1200,ATX,80+ Gold,1200 W,Full,0,
Rosewill SMG650,ATX,80+ Gold,650 W,Full,0,
Rosewill SMG750,ATX,80+ Gold,750 W,Full,0,
Rosewill SMG850,ATX,80+ Gold,850 W,Full,0,
Rosewill Stallion,ATX,,400 W,No,5,
Rosewill Stallion,ATX,,400 W,No,0,
Rosewill Stallion,ATX,,450 W,No,1,
Rosewill Stallion,ATX,,500 W,No,4,
Rosewill Stallion,ATX,,500 W,No,6,
Rosewill Tachyon,ATX,80+ Platinum,550 W,Semi,2,
Rosewill Tachyon,ATX,80+ Platinum,650 W,Semi,0,
Rosewill Tachyon,ATX,80+ Platinum,1000 W,Semi,1,
Rosewill Tachyon 1200,ATX,80+ Platinum,1200 W,Full,1,
Rosewill TOKAMAK 1200,ATX,80+ Titanium,1200 W,Full,0,
Rosewill VALENS-500,ATX,80+ Gold,500 W,No,1,
Rosewill VALENS-500M,ATX,80+ Gold,500 W,Semi,1,
Rosewill VALENS-600,ATX,80+ Gold,600 W,No,2,
Rosewill VALENS-600M,ATX,80+ Gold,600 W,Semi,0,
Rosewill VALENS-700,ATX,80+ Gold,700 W,No,0,
Rosewill VALENS-700M,ATX,80+ Gold,700 W,Semi,3,
Rosewill VMG,ATX,80+ Gold,750 W,Full,1,69.98
Rosewill VMG,ATX,80+ Gold,850 W,Full,6,74.97
Rosewill VMG,ATX,80+ Gold,1000 W,Full,0,99.99
Rosewill VSB,ATX,80+ Bronze,650 W,Semi,4,49.98
Rosewill VSB,ATX,80+ Bronze,750 W,Semi,0,57.4
SAMA G1000,ATX,80+ Gold,1000 W,Full,0,90.99
SAMA G650,ATX,80+ Gold,650 W,Full,0,65.99
SAMA G750,ATX,80+ Gold,750 W,Full,1,71.99
SAMA G750,ATX,80+ Gold,750 W,Full,0,71.99
SAMA G850,ATX,80+ Gold,850 W,Full,0,75.99
SAMA GT,ATX,80+ Gold,650 W,Full,6,62.99
SAMA GT,ATX,80+ Gold,750 W,Full,2,66.99
SAMA GT,ATX,80+ Gold,650 W,Full,3,62.99
SAMA GT,ATX,80+ Gold,750 W,Full,1,66.99
SAMA P1000,ATX,80+ Platinum,1000 W,Full,0,116.99
SAMA P1200,ATX,80+ Platinum,1200 W,Full,0,133.99
SAMA P850,ATX,80+ Platinum,850 W,Full,0,
SeaSonic 1000FX WHITE,ATX,80+ Gold,1000 W,Full,1,
SeaSonic 750FX WHITE,ATX,80+ Gold,750 W,Full,0,
SeaSonic 850FX WHITE,ATX,80+ Gold,850 W,Full,1,
SeaSonic ATX3-FOCUS-GX-1000-WHITE,ATX,80+ Gold,1000 W,Full,0,
SeaSonic ATX3-FOCUS-GX-750-WHITE,ATX,80+ Gold,750 W,Full,0,
SeaSonic ATX3-FOCUS-GX-850-WHITE,ATX,80+ Gold,850 W,Full,1,
SeaSonic B12 BC,ATX,80+ Bronze,650 W,No,1,
SeaSonic B12 BC,ATX,80+ Bronze,850 W,No,0,
SeaSonic Core GC,ATX,80+ Gold,650 W,No,1,
SeaSonic Core GC,ATX,80+ Gold,550 W,No,0,
SeaSonic CORE GC-500,ATX,80+ Gold,500 W,No,0,
SeaSonic CORE GM,ATX,80+ Gold,650 W,Semi,12,
SeaSonic CORE GM,ATX,80+ Gold,500 W,Semi,7,
SeaSonic CORE GM,ATX,80+ Gold,550 W,Semi,1,
SeaSonic CORE GX ATX 3 ,ATX,80+ Gold,850 W,Full,2,129.99
SeaSonic CORE GX ATX 3 ,ATX,80+ Gold,650 W,Full,0,99.99
SeaSonic CORE GX-500,ATX,80+ Gold,500 W,Full,0,
SeaSonic CORE GX-650,ATX,80+ Gold,650 W,Full,0,
SeaSonic ECO,ATX,80+ Bronze,430 W,No,1,
SeaSonic FOCUS,ATX,80+ Gold,850 W,Semi,8,
SeaSonic FOCUS,ATX,80+ Gold,750 W,Semi,4,
SeaSonic FOCUS,ATX,80+ Gold,650 W,Semi,5,
SeaSonic FOCUS,ATX,80+ Platinum,750 W,Full,10,
SeaSonic FOCUS,ATX,80+ Platinum,650 W,Full,3,
SeaSonic FOCUS,ATX,80+ Gold,550 W,Semi,1,
SeaSonic FOCUS,ATX,80+ Gold,500 W,Semi,0,
SeaSonic FOCUS Gold,ATX,80+ Gold,650 W,Semi,14,
SeaSonic FOCUS Gold,ATX,80+ Gold,750 W,Semi,22,
SeaSonic FOCUS Gold,ATX,80+ Gold,550 W,Semi,12,
SeaSonic FOCUS Gold,ATX,80+ Gold,450 W,Semi,7,
SeaSonic FOCUS GX,ATX,80+ Gold,750 W,Full,48,
SeaSonic FOCUS GX,ATX,80+ Gold,650 W,Full,25,
SeaSonic FOCUS GX,ATX,80+ Gold,550 W,Full,21,
SeaSonic FOCUS GX,ATX,80+ Gold,850 W,Full,31,
SeaSonic FOCUS GX,ATX,80+ Gold,1000 W,Full,10,
SeaSonic Focus GX V4 ATX 3 ,ATX,80+ Gold,850 W,Full,10,139.99
SeaSonic Focus GX V4 ATX 3 ,ATX,80+ Gold,1000 W,Full,5,178.99
SeaSonic Focus GX V4 ATX 3 ,ATX,80+ Gold,750 W,Full,3,119.99
SeaSonic Focus GX V4 ATX 3 ,ATX,80+ Gold,1000 W,Full,2,129.99
SeaSonic Focus GX V4 ATX 3 ,ATX,80+ Gold,850 W,Full,1,109.99
SeaSonic Focus GX V4 ATX 3 ,ATX,80+ Gold,750 W,Full,0,89.99
SeaSonic FOCUS GX-1000 ATX 3.0,ATX,80+ Gold,1000 W,Full,15,
SeaSonic FOCUS GX-750 ATX 3.0,ATX,80+ Gold,750 W,Full,4,
SeaSonic FOCUS GX-850 ATX 3.0,ATX,80+ Gold,850 W,Full,8,
SeaSonic FOCUS Plus 550 Gold,ATX,80+ Gold,550 W,Full,39,
SeaSonic FOCUS Plus 650 Gold,ATX,80+ Gold,650 W,Full,78,
SeaSonic FOCUS Plus 750 Gold,ATX,80+ Gold,750 W,Full,74,
SeaSonic FOCUS PLUS 850 Gold,ATX,80+ Gold,850 W,Full,83,
SeaSonic FOCUS Plus Gold,ATX,80+ Gold,1000 W,Full,12,
SeaSonic FOCUS Plus Platinum,ATX,80+ Platinum,750 W,Full,37,
SeaSonic FOCUS Plus Platinum,ATX,80+ Platinum,850 W,Full,22,
SeaSonic FOCUS Plus Platinum,ATX,80+ Platinum,550 W,Full,1,
SeaSonic FOCUS Plus Platinum,ATX,80+ Platinum,650 W,Full,9,
SeaSonic FOCUS PX,ATX,80+ Platinum,850 W,Full,13,
SeaSonic FOCUS SGX,SFX,80+ Gold,650 W,Full,24,
SeaSonic FOCUS SGX,SFX,80+ Gold,500 W,Full,8,
SeaSonic FOCUS SGX,SFX,80+ Gold,450 W,Full,5,
SeaSonic FOCUS SGX ,SFX,80+ Gold,750 W,Full,2,216.99
SeaSonic FOCUS SGX ,SFX,80+ Gold,650 W,Full,0,
SeaSonic FOCUS SPX ,SFX,80+ Platinum,750 W,Full,2,
SeaSonic G,ATX,80+ Gold,550 W,Semi,64,
SeaSonic G,ATX,80+ Gold,360 W,No,7,
SeaSonic G,ATX,80+ Gold,650 W,Semi,38,
SeaSonic G,ATX,80+ Gold,750 W,Semi,9,
SeaSonic G,ATX,80+ Gold,450 W,Semi,8,
SeaSonic G12 GC,ATX,80+ Gold,650 W,No,2,
SeaSonic G12 GC,ATX,80+ Gold,750 W,No,0,
SeaSonic G12 GC,ATX,80+ Gold,850 W,No,1,
SeaSonic G12 GM,ATX,80+ Gold,650 W,Semi,1,
SeaSonic G12 GM,ATX,80+ Gold,750 W,Semi,2,
SeaSonic M12II,ATX,80+ Bronze,620 W,Full,56,
SeaSonic M12II,ATX,80+ Bronze,620 W,No,44,
SeaSonic M12II,ATX,80+ Bronze,520 W,Full,89,
SeaSonic M12II,ATX,80+ Bronze,430 W,No,5,
SeaSonic M12II,ATX,80+ Bronze,750 W,Semi,10,
SeaSonic M12II,ATX,80+ Bronze,650 W,Semi,6,
SeaSonic M12II,ATX,80+ Bronze,850 W,Full,1,
SeaSonic M12II,ATX,80+ Bronze,850 W,Semi,13,
SeaSonic M12II,ATX,80+ Bronze,380 W,No,0,
SeaSonic M12II 850 EVO,ATX,80+ Bronze,850 W,Full,0,
SeaSonic M12II EVO,ATX,80+ Bronze,520 W,Full,4,
SeaSonic Platinum,ATX,80+ Platinum,400 W,Full,4,
SeaSonic Platinum,ATX,80+ Platinum,660 W,Full,18,
SeaSonic Platinum,ATX,80+ Bronze,600 W,No,0,
SeaSonic Platinum,ATX,80+ Platinum,1050 W,Full,1,
SeaSonic Platinum,ATX,80+ Platinum,760 W,Full,3,
SeaSonic Platinum,ATX,80+ Platinum,1000 W,Full,14,
SeaSonic Platinum,ATX,80+ Platinum,520 W,Full,2,
SeaSonic Platinum,ATX,80+ Platinum,860 W,Full,8,
SeaSonic PRIME,ATX,80+ Gold,1000 W,Full,2,
SeaSonic PRIME,ATX,80+ Gold,650 W,Full,0,
SeaSonic PRIME 1300 Gold,ATX,80+ Gold,1300 W,Full,1,
SeaSonic PRIME 600 Titanium,ATX,80+ Titanium,600 W,Full,5,
SeaSonic PRIME AIRTOUCH,ATX,80+ Gold,850 W,Full,0,
SeaSonic PRIME Fanless,ATX,80+ Titanium,700 W,Full,2,375.79
SeaSonic Prime Fanless PX-450,ATX,80+ Platinum,450 W,Full,1,
SeaSonic Prime Fanless PX-500,ATX,80+ Platinum,500 W,Full,0,
SeaSonic PRIME Gold,ATX,80+ Gold,850 W,Full,0,
SeaSonic PRIME Gold,ATX,80+ Gold,650 W,Full,1,
SeaSonic PRIME Platinum,ATX,80+ Platinum,1200 W,Full,0,
SeaSonic PRIME Platinum,ATX,80+ Platinum,850 W,Full,1,
SeaSonic PRIME PX,ATX,80+ Platinum,1000 W,Full,1,
SeaSonic PRIME PX,ATX,80+ Platinum,1600 W,Full,0,
SeaSonic PRIME PX,ATX,80+ Platinum,850 W,Full,2,
SeaSonic PRIME PX-1300,ATX,80+ Platinum,1300 W,Full,6,
SeaSonic PRIME PX-1600 ATX 3.0,ATX,80+ Platinum,1600 W,Full,1,451.65
SeaSonic PRIME PX-2200 ATX 3 ,ATX,80+ Platinum,2200 W,Full,0,
SeaSonic PRIME SNOWSILENT,ATX,80+ Titanium,750 W,Full,0,
SeaSonic PRIME SNOWSILENT,ATX,80+ Gold,550 W,Full,1,
SeaSonic PRIME Titanium,ATX,80+ Titanium,750 W,Full,11,
SeaSonic PRIME Titanium,ATX,80+ Titanium,650 W,Full,5,
SeaSonic PRIME Titanium,ATX,80+ Titanium,1000 W,Full,1,
SeaSonic PRIME Titanium,ATX,80+ Titanium,850 W,Full,2,
SeaSonic PRIME TX,ATX,80+ Titanium,1600 W,Full,1,
SeaSonic PRIME TX-1000,ATX,80+ Titanium,1000 W,Full,14,
SeaSonic PRIME TX-1300 ATX 3.1,ATX,80+ Titanium,1300 W,Full,2,479.99
SeaSonic PRIME TX-1600 ATX 3.1,ATX,80+ Titanium,1600 W,Full,2,559.99
SeaSonic PRIME TX-1600 Noctua Edition,ATX,80+ Titanium,1600 W,Full,5,654
SeaSonic PRIME TX-650,ATX,80+ Titanium,650 W,Full,1,
SeaSonic PRIME TX-750,ATX,80+ Titanium,750 W,Full,3,
SeaSonic PRIME TX-850,ATX,80+ Titanium,850 W,Full,4,
SeaSonic PRIME Ultra Gold 1000,ATX,80+ Gold,1000 W,Full,1,
SeaSonic PRIME Ultra Gold 550,ATX,80+ Gold,550 W,Full,2,
SeaSonic PRIME Ultra Gold 650,ATX,80+ Gold,650 W,Full,1,
SeaSonic PRIME Ultra Gold 750,ATX,80+ Gold,750 W,Full,4,
SeaSonic PRIME Ultra Gold 850,ATX,80+ Gold,850 W,Full,0,
SeaSonic PRIME Ultra Platinum 1000,ATX,80+ Platinum,1000 W,Full,1,
SeaSonic PRIME Ultra Platinum 550,ATX,80+ Platinum,550 W,Full,0,
SeaSonic PRIME Ultra Platinum 650,ATX,80+ Platinum,650 W,Full,0,
SeaSonic PRIME Ultra Platinum 750,ATX,80+ Platinum,750 W,Full,1,
SeaSonic PRIME Ultra Platinum 850,ATX,80+ Platinum,850 W,Full,0,
SeaSonic PRIME Ultra Titanium,ATX,80+ Titanium,1000 W,Full,7,
SeaSonic PRIME Ultra Titanium,ATX,80+ Titanium,850 W,Full,4,
SeaSonic S12G,ATX,80+ Gold,450 W,No,0,
SeaSonic S12G,ATX,80+ Gold,550 W,No,1,
SeaSonic S12II,ATX,80+ Bronze,350 W,No,2,
SeaSonic S12II,ATX,80+ Bronze,520 W,No,29,
SeaSonic S12II,ATX,80+ Bronze,750 W,Full,6,
SeaSonic S12III,ATX,80+ Bronze,650 W,No,23,
SeaSonic S12III,ATX,80+ Bronze,500 W,No,18,
SeaSonic S12III,ATX,80+ Bronze,550 W,No,6,
SeaSonic S12III,ATX,80+ Bronze,450 W,No,3,
SeaSonic Snow Silent,ATX,80+ Platinum,750 W,Full,8,
SeaSonic Snow Silent 1050,ATX,80+ Platinum,1050 W,Full,1,
SeaSonic SS-1250XM2,ATX,80+ Gold,1250 W,Full,0,
SeaSonic SS-300ES Bronze,ATX,80+ Bronze,300 W,No,1,
SeaSonic SS-300ET Bronze,ATX,80+ Bronze,300 W,No,8,
SeaSonic SS-300SFD,SFX,80+,300 W,No,0,
SeaSonic SS-300TFX Bronze,TFX,80+ Bronze,300 W,No,1,
SeaSonic SS-300TGW,TFX,80+ Gold,300 W,No,0,
SeaSonic SS-350ET Bronze,ATX,80+ Bronze,350 W,No,3,
SeaSonic SS-350SFE,SFX,80+,350 W,No,0,
SeaSonic SS-350TGM Retail,TFX,80+ Gold,350 W,Full,0,
SeaSonic SS-400ET Bronze,ATX,80+ Bronze,400 W,No,1,
SeaSonic SS-460FL Active PFC F3,ATX,80+ Platinum,460 W,Full,1,
SeaSonic SS-500ES Bronze,ATX,80+ Bronze,500 W,No,0,
SeaSonic SS-500ET Bronze,ATX,80+ Bronze,500 W,No,0,
SeaSonic SS-600ES,ATX,80+ Bronze,600 W,No,1,142.02
SeaSonic SS-750HT Silver,ATX,80+ Silver,750 W,No,0,
SeaSonic SS-850HT Silver,ATX,80+ Silver,850 W,No,0,99
SeaSonic SSP-300SFG,SFX,80+ Gold,300 W,No,1,99.99
SeaSonic SSP-300ST,ATX,80+ Bronze,300 W,No,0,
SeaSonic SSP-300SUG,Flex ATX,80+ Gold,300 W,No,1,109.99
SeaSonic SSP-300TBS,TFX,80+ Bronze,300 W,No,0,
SeaSonic SSP-350SE,ATX,80+ Bronze,350 W,No,1,
SeaSonic SSP-350ST,ATX,80+ Bronze,350 W,No,0,
SeaSonic SSP-450RT,ATX,80+ Gold,450 W,No,0,
SeaSonic SSP-550RT,ATX,80+ Gold,550 W,No,0,
SeaSonic SSP-650RT,ATX,80+ Gold,650 W,No,0,
SeaSonic TFX 350,TFX,80+ Gold,350 W,Full,0,
SeaSonic VERTEX GX,ATX,80+ Gold,1200 W,Full,0,
SeaSonic VERTEX GX,ATX,80+ Gold,1000 W,Full,1,
SeaSonic VERTEX GX-1000,ATX,80+ Gold,1000 W,Full,11,234
SeaSonic VERTEX GX-1000 Sakura Edition,ATX,80+ Gold,1000 W,Full,0,
SeaSonic VERTEX GX-1200,ATX,80+ Gold,1200 W,Full,12,240
SeaSonic VERTEX GX-750,ATX,80+ Gold,750 W,Full,0,
SeaSonic VERTEX GX-850,ATX,80+ Gold,850 W,Full,1,
SeaSonic VERTEX PX-1000,ATX,80+ Platinum,1000 W,Full,9,269.99
SeaSonic VERTEX PX-1200,ATX,80+ Platinum,1200 W,Full,2,319.99
SeaSonic VERTEX PX-750,ATX,80+ Platinum,750 W,Full,0,
SeaSonic VERTEX PX-850,ATX,80+ Platinum,850 W,Full,0,
SeaSonic X,ATX,80+ Gold,850 W,Full,37,
SeaSonic X,ATX,80+ Gold,750 W,Full,20,
SeaSonic X,ATX,80+ Gold,650 W,Full,29,
SeaSonic X,ATX,80+ Gold,400 W,Full,1,
SeaSonic X,ATX,80+ Gold,1250 W,Full,5,
SeaSonic X,ATX,80+ Gold,1050 W,Full,9,
SeaSonic X,ATX,80+ Gold,660 W,Full,4,
SeaSonic X,ATX,80+ Gold,750 W,Full,8,
SeaSonic X,ATX,80+ Platinum,460 W,Full,0,
SeaSonic X,ATX,80+ Gold,650 W,Full,3,
SeaSonic X,ATX,80+ Gold,760 W,Full,2,
Segotep CP-PSU-ST-P750F,ATX,80+ Gold,750 W,Full,0,
Segotep GF,SFX,80+ Gold,750 W,Full,0,
Segotep GM,ATX,80+ Gold,850 W,Full,1,79.98
Segotep GM,ATX,80+ Gold,750 W,Full,6,
Segotep GM,ATX,80+ Gold,750 W,Full,0,
Segotep GN,ATX,80+ Gold,650 W,No,2,49.99
Segotep GP,ATX,80+ Gold,600 W,No,5,
Segotep GP700G,ATX,80+ Gold,700 W,No,0,
Sentey ERP-400-SS,ATX,,400 W,No,0,
Sentey ERP-500-SM,ATX,,500 W,Full,0,
Sentey ERP-500-SMR,ATX,,500 W,Full,0,
Sentey ERP-500-SS,ATX,,500 W,No,0,
Sentey ERP-600-SM,ATX,,600 W,Full,0,
Sentey ERP-600-SS,ATX,,600 W,No,0,
Sentey ERP-700-SS,ATX,,700 W,No,1,
Sentey GSP1000-SM,ATX,80+ Gold,1000 W,Full,1,
Sentey GSP650-SM,ATX,80+ Gold,650 W,Full,0,
Sentey GSP750-SM,ATX,80+ Gold,750 W,Full,0,
Sentey GSP850-SM,ATX,80+ Gold,850 W,Full,0,
Sentey MBP HM,ATX,80+ Bronze,750 W,Semi,0,
Sentey SDP550-SS,ATX,80+,550 W,No,0,
Sentey SDP650-SS,ATX,80+,650 W,No,1,
Sentey SDP750-SS,ATX,80+,750 W,No,0,
Sentey SDP850-SS,ATX,80+,850 W,No,0,
Sentey XPP725-PS,ATX,,725 W,Semi,1,
SHARKOON Rebel P20 1000,ATX,,1000 W,Full,0,
SHARKOON Rebel P20 1200,ATX,,1200 W,Full,0,285.08
SHARKOON Rebel P20 750,ATX,,750 W,Full,0,
SHARKOON Rebel P20 850,ATX,,850 W,Full,1,
SHARKOON Rebel P20 850,ATX,,850 W,Full,0,
SHARKOON Rebel P20 SFX,SFX,80+ Platinum,850 W,Full,0,
SHARKOON Rebel P30 Gold,ATX,80+ Gold,1000 W,Full,0,
SHARKOON SilentStorm,SFX,80+ Gold,500 W,Full,4,185.69
SHARKOON SilentStorm,SFX,80+ Bronze,450 W,No,0,156.69
SHARKOON SilentStorm Cool Zero 650,ATX,80+ Gold,650 W,Full,1,
SHARKOON SilentStorm Cool Zero 750,ATX,80+ Gold,750 W,Full,2,
SHARKOON SilentStorm Cool Zero 850,ATX,80+ Gold,850 W,Full,0,
SHARKOON SilentStorm Icewind,ATX,80+ Bronze,650 W,Semi,0,
SHARKOON SilentStorm Icewind Black,ATX,80+ Bronze,650 W,Semi,0,
SHARKOON WPC Bronze,ATX,80+ Bronze,550 W,No,1,
SHARKOON WPM Bronze,ATX,80+ Bronze,600 W,Semi,0,
SHARKOON WPM Gold Zero 550,ATX,80+ Gold,550 W,Semi,2,
SilentiumPC Elementum E2 230V,ATX,80+,550 W,No,0,
SilentiumPC Supremo FM2,ATX,80+ Gold,650 W,Full,1,
SilentiumPC Supremo FM2,ATX,80+ Gold,750 W,Full,2,
SilentiumPC Supremo L2,ATX,80+ Gold,650 W,No,0,
SilentiumPC Supremo L2 V2,ATX,80+ Gold,550 W,No,0,
SilentiumPC Vero L2,ATX,80+ Bronze,500 W,No,0,
SilentiumPC Vero L3,ATX,80+ Bronze,600 W,No,0,
SilentiumPC Vero M2,ATX,80+ Bronze,600 W,No,0,
SilentiumPC Vero M3,ATX,80+ Bronze,700 W,Semi,0,
Silverstone ATTIS 650R,ATX,80+ Bronze,650 W,No,0,
Silverstone ATTIS 750R,ATX,80+ Bronze,750 W,No,0,
Silverstone DA1000R,ATX,80+ Gold,1000 W,Full,0,247.57
Silverstone DA1650 Gold,ATX,80+ Gold,1650 W,Full,0,
Silverstone DA550 Gold,ATX,80+ Gold,550 W,Full,0,
Silverstone DA650 Gold,ATX,80+ Gold,650 W,Full,2,
Silverstone DA700,ATX,,700 W,Full,0,
Silverstone DA750,ATX,,750 W,Full,0,
Silverstone DA750 Gold,ATX,80+ Gold,750 W,Full,0,148.94
Silverstone DA750R-GMA,ATX,80+ Gold,750 W,Full,5,114.99
Silverstone DA750R-GMA,ATX,80+ Gold,750 W,Full,1,
Silverstone DA850 Gold,ATX,80+ Gold,850 W,Full,5,
Silverstone DA850R-GMA,ATX,80+ Gold,850 W,Full,3,154.99
Silverstone DA850R-GMA,ATX,80+ Gold,850 W,Full,0,
Silverstone Essential,ATX,80+ Bronze,550 W,No,1,67.98
Silverstone Essential,ATX,80+ Gold,550 W,No,3,
Silverstone Essential,ATX,80+ Gold,550 W,Semi,0,
Silverstone ET500-ARGB,ATX,80+ Bronze,500 W,No,0,
Silverstone Extreme 1200R Platinum,SFX,,1200 W,Full,0,
Silverstone Extreme 500 Bronze,SFX,80+ Bronze,500 W,No,1,99.98
Silverstone Extreme 850R Platinum,SFX,,850 W,Full,3,221.18
Silverstone Extreme Rz,SFX,80+ Gold,550 W,Full,0,
Silverstone FX350-G,Flex ATX,80+ Gold,350 W,No,2,122.33
Silverstone FX500-G,Flex ATX,80+ Gold,500 W,No,1,160.87
Silverstone FX600 Platinum,Flex ATX,,600 W,No,1,191.87
Silverstone HELA,ATX,,2050 W,Full,0,
Silverstone HELA 1200R,ATX,80+ Platinum,1200 W,Full,5,292.99
Silverstone HELA 1300R,ATX,80+ Platinum,1300 W,Full,0,220.24
Silverstone HELA 2050R Platinum,ATX,,2050 W,Full,1,
Silverstone HELA 850R,ATX,80+ Platinum,850 W,Full,2,223.4
Silverstone Nightjar,ATX,80+ Platinum,520 W,Full,3,
Silverstone Nightjar,ATX,80+ Bronze,400 W,No,0,
Silverstone NJ450-SXL,SFX,80+ Platinum,450 W,Full,0,
Silverstone NJ600,ATX,80+ Titanium,600 W,Full,0,
Silverstone NJ700,ATX,80+ Titanium,700 W,Full,0,
Silverstone OP1000-E,ATX,,1000 W,No,0,
Silverstone OP1000-P,ATX,80+,1000 W,No,0,
Silverstone OP750,ATX,,750 W,No,0,
Silverstone OP800,ATX,,800 W,No,0,
Silverstone OP850,ATX,,850 W,No,0,
Silverstone SFX,SFX,80+ Gold,500 W,Full,52,126.62
Silverstone SFX,SFX,80+ Titanium,800 W,Full,10,
Silverstone SFX,SFX,80+ Bronze,450 W,No,1,
Silverstone SFX,SFX,80+ Bronze,300 W,No,0,
Silverstone SFX,SFX,80+ Platinum,700 W,Full,8,169.99
Silverstone SFX,SFX,80+ Gold,450 W,Full,24,
Silverstone SFX,SFX,80+ Bronze,450 W,No,19,
Silverstone SST-TX300,TFX,80+ Bronze,300 W,No,1,
Silverstone ST75F-GS-V3,ATX,80+ Gold,750 W,Full,0,125.99
Silverstone ST85F-GS-V2,ATX,80+ Gold,850 W,Full,0,132.99
Silverstone Strider,ATX,80+ Bronze,700 W,Full,0,94.98
Silverstone Strider,ATX,80+,500 W,No,8,
Silverstone Strider,ATX,80+ Gold,550 W,Full,11,
Silverstone Strider,ATX,80+ Bronze,500 W,No,1,
Silverstone Strider,ATX,80+,600 W,No,3,
Silverstone Strider,ATX,80+ Silver,850 W,Full,6,
Silverstone Strider,ATX,80+ Silver,750 W,Full,4,
Silverstone Strider,ATX,80+ Bronze,500 W,Full,7,
Silverstone Strider,ATX,80+ Silver,1000 W,Full,2,
Silverstone Strider Platinum,ATX,80+ Platinum,750 W,Full,0,139.99
Silverstone Strider Platinum,ATX,80+ Platinum,550 W,Full,1,
Silverstone Strider Platinum S,ATX,80+ Platinum,1200 W,Full,1,299.99
Silverstone Strider Platinum S,ATX,80+ Platinum,1000 W,Full,0,256.99
Silverstone Strider Plus,ATX,80+ Bronze,500 W,Full,2,
Silverstone Strider Titanium,ATX,80+ Titanium,1100 W,Full,0,173.39
Silverstone Strider Titanium,ATX,80+ Titanium,1300 W,Full,1,
Silverstone SX1000-LPT,SFX,80+ Platinum,1000 W,Full,8,
Silverstone SX1000R-PL,SFX,80+ Platinum,1000 W,Full,0,319.41
Silverstone SX300-B,SFX,80+ Bronze,300 W,No,0,
Silverstone SX500-G,SFX,80+ Gold,500 W,Full,3,140.75
Silverstone SX600-G,SFX,80+ Gold,600 W,Full,19,
Silverstone SX650-G,SFX,80+ Gold,650 W,Full,7,
Silverstone SX700-PT,SFX,80+ Platinum,700 W,Full,7,162.11
Silverstone SX750-PT,SFX,80+ Platinum,750 W,Full,1,
Silverstone SX-G,SFX,80+ Gold,700 W,Full,1,137.99
Silverstone Triton 1000Rz,ATX,,1000 W,Full,0,
Silverstone Triton 650Rx,ATX,,650 W,No,0,
Silverstone Triton 750Rx,ATX,,750 W,No,0,
Silverstone Triton 850Rx,ATX,,850 W,No,0,
Silverstone TX300,TFX,80+ Bronze,300 W,No,0,98.37
Silverstone TX500-G,TFX,80+ Gold,500 W,No,1,147.71
Silverstone TX700-G,TFX,80+ Gold,700 W,No,1,193.83
Silverstone VA550-B,ATX,80+ Bronze,550 W,No,1,
Silverstone VIVA,ATX,80+ Gold,650 W,No,0,
Silverstone Zeus,ATX,80+ Silver,1350 W,Full,0,
Silverstone Zeus 1650R,ATX,80+ Titanium,1650 W,Full,0,510.58
Solid Gear SDGR-650E,ATX,,650 W,No,0,
Solid Gear SDGR-750E,ATX,,750 W,No,3,
Solid Gear SDGR-900E,ATX,,900 W,No,0,
Solid Gear SDGR-FLEX220,Flex ATX,,220 W,No,1,
Sparkle ATX-300PA,ATX,,300 W,No,0,
Sparkle ATX-300PN-B204,ATX,,300 W,No,0,
Sparkle ATX-350PN-B204,ATX,,350 W,No,0,
Sparkle ATX-400PA,ATX,,400 W,No,0,
Sparkle ATX-400PN-B204,ATX,,400 W,No,0,
Sparkle ATX-450PN,ATX,,450 W,No,0,
Sparkle FSP300-60ATV,ATX,,300 W,No,0,59.99
Sparkle FSP300-60THA,ATX,,300 W,No,0,
Sparkle FSP300THAR-MC,ATX,,300 W,No,0,
Sparkle FSP350-60GNV,SFX,,350 W,No,0,59.99
Sparkle FSP400-60GHS,SFX,80+ Bronze,400 W,No,0,
Sparkle GW-EPS1000DA,ATX,80+ Gold,1000 W,Semi,0,
Sparkle GW-EPS1250DA,ATX,80+ Gold,1250 W,Full,0,
Sparkle Magna,ATX,80+ Bronze,1200 W,Semi,0,
Sparkle Magna GOLD PRO,ATX,80+ Gold,850 W,Semi,0,
Sparkle R-FSP400-60ETN,ATX,80+ Platinum,400 W,No,0,
Sparkle R-SPI1000GCM,ATX,80+,1000 W,Semi,0,
Sparkle R-SPI600ACH5B,ATX,80+ Silver,600 W,No,0,
Sparkle R-SPI600GHN,ATX,80+,600 W,No,0,
Sparkle R-SPI650ACAG,ATX,80+ Gold,650 W,No,0,
Sparkle R-SPI700ACH5B,ATX,80+ Silver,700 W,No,0,
Sparkle R-SPI700GHN,ATX,80+,700 W,No,0,
Sparkle R-SPI750ACAG,ATX,80+ Gold,750 W,No,0,
Sparkle R-SPI900GCM,ATX,80+,900 W,Semi,0,
Sparkle SCC-750AF,ATX,80+ Gold,750 W,Full,0,
Sparkle SCC-850AF,ATX,80+ Gold,850 W,Semi,0,
Sparkle SPI300GLS-B204,SFX,,300 W,No,0,
Sparkle SPI300T8AB-B204,TFX,80+ Bronze,300 W,No,0,
Sparkle SPI460PFB2-MC2,ATX,80+,460 W,No,0,
StarTech ATX2POW400HS,ATX,,400 W,No,0,
StarTech ATX2POW450HS,ATX,,450 W,No,0,
StarTech ATX2POW500HS,ATX,,500 W,No,0,
StarTech ATX2POWER350,ATX,,350 W,No,0,
StarTech ATX2POWER400,ATX,,400 W,No,0,
StarTech ATX2POWER430,ATX,80+,430 W,No,0,
StarTech ATX2POWER450,ATX,,450 W,No,0,
StarTech ATX2POWER530,ATX,80+ Bronze,530 W,No,0,
StarTech ATX2PW400PRO,ATX,,400 W,No,0,
StarTech ATX2PW430PRO,ATX,80+ Bronze,430 W,No,0,
StarTech ATX2PW450PRO,ATX,,450 W,No,0,
StarTech ATX2PW500PRO,ATX,,500 W,No,0,
StarTech ATX2PW530PRO,ATX,80+ Bronze,530 W,No,0,
StarTech ATX2PW550PRO,ATX,,550 W,No,0,
StarTech ATX2PW550WH,ATX,80+,550 W,No,0,
StarTech ATXPOW350PRO,ATX,,350 W,No,0,
StarTech ATXPW350DELL,ATX,,350 W,No,0,
StarTech ATXPW500PRO2,ATX,,500 W,No,0,
StarTech ATXPW550PRO2,ATX,,550 W,No,0,
Sunbeam IC-PSU-US-2545-DW,ATX,,450 W,No,0,
Sunbeam PSU-BKS580-US,ATX,,580 W,No,0,
Sunbeam PSU-COM680-BK-US,ATX,,680 W,Full,0,
Sunbeam PSU-COM780-BK-US,ATX,,780 W,Full,0,
Sunbeam PSU-ECO750-US-BL,ATX,80+,750 W,No,0,
Sunbeam PSU-H680-REV-US,ATX,,680 W,No,0,
Sunbeam PSU-H680-REV-US-BL,ATX,,680 W,No,0,
Sunbeam PSU-HUSH580-US,ATX,,580 W,No,0,
Sunbeam PSU-HUSH580-US-BL,ATX,,580 W,No,0,
Super Flower Amazon,ATX,80+ Bronze,300 W,No,0,
Super Flower Golden Green HX,ATX,80+ Gold,350 W,No,0,
Super Flower Golden Green HX,ATX,80+ Gold,550 W,No,1,
Super Flower Golden Silent,ATX,80+ Platinum,500 W,Semi,0,
Super Flower Leadex,ATX,80+ Platinum,2000 W,Full,1,
Super Flower Leadex Gold,ATX,80+ Gold,650 W,Full,7,
Super Flower Leadex Gold,ATX,80+ Gold,850 W,Full,0,
Super Flower Leadex Gold,ATX,80+ Gold,1300 W,Full,1,
Super Flower Leadex Gold,ATX,80+ Gold,750 W,Full,3,
Super Flower Leadex III ARGB Pro,ATX,80+ Gold,850 W,Full,1,
Super Flower Leadex III ARGB Pro,ATX,80+ Gold,750 W,Full,3,
Super Flower Leadex III Gold,ATX,80+ Gold,850 W,Full,28,
Super Flower Leadex III Gold,ATX,80+ Gold,750 W,Full,21,
Super Flower Leadex III Gold,ATX,80+ Gold,650 W,Full,5,
Super Flower Leadex III Gold,ATX,80+ Gold,550 W,Full,2,
Super Flower Leadex III Gold UP,ATX,80+ Gold,850 W,Full,3,119.99
Super Flower Leadex III Gold UP,ATX,80+ Gold,1000 W,Full,0,129.99
Super Flower Leadex III Gold UP,ATX,80+ Gold,1300 W,Full,4,159.99
Super Flower Leadex III Gold UP,ATX,80+ Gold,750 W,Full,1,109.99
Super Flower Leadex III Super Pro,ATX,80+ Bronze,550 W,Full,1,
Super Flower Leadex III Super Pro,ATX,80+ Bronze,750 W,Full,0,
Super Flower Leadex III Super Pro,ATX,80+ Bronze,650 W,Full,2,
Super Flower Leadex Platinum,ATX,80+ Platinum,1600 W,Full,0,503.25
Super Flower Leadex Platinum,ATX,80+ Platinum,850 W,Full,1,
Super Flower Leadex Platinum SE,ATX,80+ Platinum,1000 W,Full,4,
Super Flower Leadex Platinum SE,ATX,80+ Platinum,1200 W,Full,3,
Super Flower Leadex Platinum SE,ATX,80+ Platinum,1000 W,Full,2,
Super Flower Leadex Silver,ATX,80+ Silver,550 W,Full,3,
Super Flower LEADEX Special Edition,ATX,80+ Platinum,1000 W,Full,1,
Super Flower Leadex Titanium,ATX,80+ Titanium,2800 W,Full,0,799.99
Super Flower Leadex Titanium,ATX,80+ Titanium,1600 W,Full,4,
Super Flower Leadex Titanium,ATX,80+ Titanium,1000 W,Full,6,
Super Flower Leadex Titanium,ATX,80+ Titanium,850 W,Full,1,
Super Flower Leadex V Gold Pro,ATX,80+ Gold,1000 W,Full,0,
Super Flower Leadex V Platinum Pro,ATX,80+ Platinum,850 W,Full,7,
Super Flower Leadex V Platinum Pro,ATX,80+ Platinum,1000 W,Full,1,
Super Flower Leadex V Pro,ATX,80+ Platinum,1000 W,Full,0,
Super Flower Leadex VI Platinum PRO,ATX,80+ Platinum,1000 W,Full,2,
Super Flower LEADEX VII Platinum PRO,ATX,80+ Platinum,1200 W,Full,1,189.99
Super Flower LEADEX VII Platinum PRO,ATX,80+ Platinum,1200 W,Full,0,179.99
Super Flower LEADEX VII XG,ATX,80+ Gold,1300 W,Full,0,179.99
Super Flower LEADEX VII XG,ATX,80+ Gold,850 W,Full,8,129.99
Super Flower LEADEX VII XG,ATX,80+ Gold,1300 W,Full,6,179.99
Super Flower LEADEX VII XG,ATX,80+ Gold,1000 W,Full,2,159.99
Super Flower LEADEX VII XG,ATX,80+ Gold,850 W,Full,1,129.99
Super Flower Legion GX Pro,ATX,80+ Gold,650 W,Semi,2,
Super Flower Legion GX Pro,ATX,80+ Gold,750 W,Semi,0,
Super Flower SF-1000F14MP Black,ATX,80+ Platinum,1000 W,Full,2,
Super Flower SF-1000F14MP White,ATX,80+ Platinum,1000 W,Full,1,
Super Flower SF-1200F14MP Black,ATX,80+ Platinum,1200 W,Full,0,
Super Flower SF-1200F14MP White,ATX,80+ Platinum,1200 W,Full,1,
Super Flower SF-750F14TG,ATX,80+ Gold,750 W,Full,0,
Super Flower Zillion FG,ATX,80+ Gold,850 W,Full,0,89.99
Super Flower Zillion FG,ATX,80+ Gold,1050 W,Full,1,109.99
Tacens AP II,ATX,,500 W,No,0,
Tacens Radix VII AG,ATX,80+ Silver,600 W,No,1,
Tecnoware Free Silent,ATX,,500 W,No,0,
Thermalright AG-1000,ATX,80+ Gold,1000 W,Full,0,
Thermalright AG-650,ATX,80+ Gold,650 W,Full,0,
Thermalright AG-750,ATX,80+ Gold,750 W,Full,0,
Thermalright AG-850,ATX,80+ Gold,850 W,Full,0,
Thermalright KG-650,ATX,80+ Gold,650 W,Full,0,
Thermalright KG-750,ATX,80+ Gold,750 W,Full,0,
Thermalright KG-850,ATX,80+ Gold,850 W,Full,0,
Thermalright TB450S,ATX,80+ Bronze,450 W,No,0,
Thermalright TB550S,ATX,80+ Bronze,550 W,No,0,
Thermalright TB-650,ATX,80+ Bronze,650 W,Full,1,
Thermalright TB650S,ATX,80+ Bronze,650 W,No,0,
Thermalright TB-750,ATX,80+ Bronze,750 W,Full,1,
Thermalright TB750S,ATX,80+ Bronze,750 W,No,0,
Thermalright TB-850,ATX,80+ Bronze,850 W,Full,0,
Thermalright TB850S,ATX,80+ Bronze,850 W,No,0,
Thermalright TG,ATX,80+ Gold,850 W,Full,1,
Thermalright TG,ATX,80+ Gold,650 W,Full,0,
Thermalright TGFX550,SFX,80+ Gold,550 W,Full,0,
Thermalright TGFX650,SFX,80+ Gold,650 W,Full,0,
Thermalright TGFX750,SFX,80+ Gold,750 W,Full,0,
Thermalright TGFX850,SFX,80+ Gold,850 W,Full,1,
Thermalright TGFX850,SFX,80+ Gold,850 W,Full,0,
Thermalright TP,ATX,80+ Platinum,1650 W,Full,0,
Thermalright TPFX650,SFX,80+ Platinum,650 W,Full,0,
Thermalright TPFX750,SFX,80+ Platinum,750 W,Full,0,
Thermalright TPFX850,SFX,80+ Platinum,850 W,Full,0,
Thermalright TPFX850,SFX,80+ Platinum,850 W,Full,1,
Thermalright TR-SGFX 650,SFX,80+ Gold,650 W,Full,0,
Thermalright TR-SGFX 650W,SFX,80+ Gold,650 W,Full,1,
Thermaltake Black Widow,ATX,80+ Bronze,850 W,Semi,6,
Thermaltake Cologne,ATX,80+ Bronze,730 W,No,0,
Thermaltake EVO_Blue,ATX,80+ Gold,750 W,Semi,0,
Thermaltake German,ATX,80+,630 W,No,1,
Thermaltake Hamburg,ATX,80+,530 W,No,0,
Thermaltake Litepower,ATX,,650 W,No,4,64.98
Thermaltake Litepower,ATX,,550 W,No,1,
Thermaltake Litepower,ATX,,450 W,No,0,
Thermaltake Litepower GEN2 230V,ATX,,450 W,No,1,
Thermaltake Litepower GEN2 230V,ATX,,750 W,No,0,
Thermaltake Madrid,ATX,80+ Gold,850 W,Semi,0,
Thermaltake Rome,ATX,80+ Gold,750 W,Semi,0,
Thermaltake Smart,ATX,80+,500 W,No,85,39.99
Thermaltake Smart,ATX,80+,600 W,No,47,42.99
Thermaltake Smart,ATX,80+,700 W,No,25,54.99
Thermaltake Smart,ATX,80+,430 W,No,8,
Thermaltake Smart,ATX,80+ Bronze,750 W,No,15,
Thermaltake Smart,ATX,80+,730 W,No,0,
Thermaltake Smart,ATX,80+ Bronze,850 W,Semi,17,
Thermaltake Smart,ATX,80+ Bronze,650 W,Semi,1,
Thermaltake Smart,ATX,80+ Bronze,750 W,Semi,6,
Thermaltake Smart,ATX,80+,530 W,No,3,
Thermaltake Smart BM2,ATX,80+ Bronze,650 W,Semi,8,
Thermaltake Smart BM2,ATX,80+ Bronze,550 W,Semi,7,
Thermaltake Smart BM2,ATX,80+ Bronze,750 W,Semi,5,149.13
Thermaltake Smart BM2,ATX,80+ Bronze,450 W,Semi,0,
Thermaltake Smart BM3,ATX,80+ Bronze,650 W,Semi,5,69.98
Thermaltake Smart BM3,ATX,80+ Bronze,850 W,Semi,4,88.19
Thermaltake Smart BM3,ATX,80+ Bronze,750 W,Semi,3,75.98
Thermaltake Smart BX1,ATX,80+ Bronze,750 W,No,1,
Thermaltake Smart BX1 450,ATX,80+ Bronze,450 W,No,0,
Thermaltake Smart BX1 550,ATX,80+ Bronze,550 W,No,8,
Thermaltake Smart BX1 650,ATX,80+ Bronze,650 W,No,6,
Thermaltake Smart BX1 RGB 550,ATX,80+ Bronze,550 W,No,1,
Thermaltake Smart BX1 RGB 650,ATX,80+ Bronze,650 W,No,0,
Thermaltake Smart BX1 RGB 750,ATX,80+ Bronze,750 W,No,0,
Thermaltake Smart DPS G,ATX,80+ Gold,650 W,Semi,0,
Thermaltake Smart Pro RGB,ATX,80+ Bronze,750 W,Full,13,
Thermaltake Smart Pro RGB,ATX,80+ Bronze,650 W,Full,15,
Thermaltake Smart Pro RGB,ATX,80+ Bronze,850 W,Full,3,
Thermaltake Smart RGB,ATX,80+,500 W,No,2,69.98
Thermaltake Smart RGB,ATX,80+,700 W,No,7,
Thermaltake Smart RGB 230V,ATX,80+,500 W,No,1,
Thermaltake Smart RGB 230V,ATX,80+,700 W,No,0,
Thermaltake Smart SE,ATX,,630 W,Semi,4,
Thermaltake Smart SE,ATX,,530 W,Semi,0,
Thermaltake Smart W3,ATX,80+,600 W,No,0,54.99
Thermaltake Thermaltake TP-750M,ATX,80+ Gold,750 W,Semi,6,
Thermaltake Toughpower,ATX,80+ Gold,750 W,Semi,34,
Thermaltake Toughpower,ATX,80+ Gold,1500 W,Semi,0,
Thermaltake Toughpower,ATX,80+ Gold,750 W,No,4,
Thermaltake Toughpower,ATX,80+ Gold,1000 W,Semi,1,
Thermaltake Toughpower,ATX,80+ Gold,1200 W,Semi,2,
Thermaltake Toughpower,ATX,80+ Gold,650 W,Semi,3,
Thermaltake Toughpower DPS G,ATX,80+ Gold,550 W,Full,0,
Thermaltake Toughpower DPS G,ATX,80+ Gold,650 W,Full,2,
Thermaltake Toughpower DPS G,ATX,80+ Gold,850 W,Full,1,
Thermaltake Toughpower DPS G,ATX,80+ Gold,850 W,Full,5,
Thermaltake Toughpower DPS G RGB,ATX,80+ Titanium,1250 W,Full,0,
Thermaltake Toughpower DPS G RGB Gold,ATX,80+ Gold,750 W,Full,2,
Thermaltake Toughpower DPS G RGB Gold,ATX,80+ Gold,850 W,Full,0,
Thermaltake Toughpower DPS G RGB Titanium,ATX,80+ Titanium,1500 W,Full,0,
Thermaltake Toughpower GF,ATX,80+ Gold,850 W,Full,0,
Thermaltake Toughpower GF A3 - TT Premium Edition,ATX,80+ Gold,850 W,Full,3,109.99
Thermaltake Toughpower GF A3 - TT Premium Edition,ATX,80+ Gold,1200 W,Full,2,191.99
Thermaltake Toughpower GF A3 - TT Premium Edition,ATX,80+ Gold,1200 W,Full,0,
Thermaltake Toughpower GF A3 - TT Premium Edition,ATX,80+ Gold,750 W,Full,5,
Thermaltake Toughpower GF A3 - TT Premium Edition,ATX,80+ Gold,650 W,Full,1,
Thermaltake Toughpower GF A3 ATX 3.0,ATX,80+ Gold,850 W,Full,3,
Thermaltake Toughpower GF A3 ATX 3.0,ATX,80+ Gold,750 W,Full,0,
Thermaltake Toughpower GF A3 ATX 3.0,ATX,80+ Gold,1050 W,Full,1,
Thermaltake Toughpower GF A3 ATX 3.0,ATX,80+ Gold,650 W,Full,2,
Thermaltake Toughpower GF A3 Snow,ATX,80+ Gold,850 W,Full,7,109.99
Thermaltake Toughpower GF A3 Snow,ATX,80+ Gold,1050 W,Full,15,136.99
Thermaltake Toughpower GF1 ,ATX,80+ Gold,850 W,Full,13,95.99
Thermaltake Toughpower GF1 ,ATX,80+ Gold,750 W,Full,8,85.99
Thermaltake Toughpower GF1 - TT Premium,ATX,80+ Gold,1000 W,Full,0,
Thermaltake Toughpower GF1 ARGB,ATX,80+ Gold,650 W,Full,1,
Thermaltake Toughpower GF1 ARGB,ATX,80+ Gold,850 W,Full,0,
Thermaltake Toughpower GF1 PE,ATX,80+ Gold,650 W,Full,20,
Thermaltake Toughpower GF1 PE,ATX,80+ Gold,850 W,Full,43,
Thermaltake Toughpower GF1 PE,ATX,80+ Gold,750 W,Full,18,
Thermaltake Toughpower GF1 Snow - TT Premium,ATX,80+ Gold,750 W,Full,1,129.99
Thermaltake Toughpower GF1 Snow - TT Premium,ATX,80+ Gold,650 W,Full,0,
Thermaltake Toughpower GF1 Snow - TT Premium,ATX,80+ Gold,850 W,Full,5,
Thermaltake Toughpower GF2 ARGB,ATX,80+ Gold,650 W,Full,0,
Thermaltake Toughpower GF3 Snow,ATX,80+ Gold,1200 W,Full,3,199.99
Thermaltake Toughpower GF3 TT Premium,ATX,80+ Gold,1650 W,Full,2,299.99
Thermaltake Toughpower GF3 TT Premium,ATX,80+ Gold,1350 W,Full,1,215.4
Thermaltake Toughpower GF3 TT Premium,ATX,80+ Gold,1000 W,Full,10,174.98
Thermaltake Toughpower GF3 TT Premium,ATX,80+ Gold,1200 W,Full,4,179.99
Thermaltake Toughpower GF3 TT Premium,ATX,80+ Gold,850 W,Full,14,134.98
Thermaltake Toughpower Grand,ATX,80+ Platinum,600 W,Semi,0,
Thermaltake Toughpower Grand,ATX,80+ Gold,650 W,Semi,2,
Thermaltake Toughpower Grand,ATX,80+ Platinum,700 W,Semi,1,
Thermaltake Toughpower Grand,ATX,80+ Gold,750 W,Semi,5,
Thermaltake Toughpower Grand,ATX,80+ Gold,850 W,Full,3,
Thermaltake Toughpower Grand RGB,ATX,80+ Gold,850 W,Full,23,
Thermaltake Toughpower Grand RGB,ATX,80+ Gold,750 W,Full,26,139.99
Thermaltake Toughpower Grand RGB,ATX,80+ Gold,650 W,Full,12,
Thermaltake Toughpower Grand RGB 650 SE,ATX,80+ Gold,650 W,Full,1,
Thermaltake Toughpower Grand RGB 750 SE,ATX,80+ Gold,750 W,Full,1,
Thermaltake Toughpower Grand RGB 850 SE,ATX,80+ Gold,850 W,Full,2,
Thermaltake Toughpower Grand RGB Platinum,ATX,80+ Platinum,1200 W,Full,0,
Thermaltake Toughpower GT,ATX,80+ Gold,850 W,Full,2,99.99
Thermaltake Toughpower GT,ATX,80+ Gold,750 W,Full,5,89.99
Thermaltake Toughpower GT,ATX,80+ Gold,750 W,Full,0,99.99
Thermaltake Toughpower GX1,ATX,80+ Gold,600 W,No,4,
Thermaltake Toughpower GX1,ATX,80+ Gold,600 W,Semi,0,
Thermaltake Toughpower GX1 500,ATX,80+ Gold,500 W,No,1,
Thermaltake Toughpower GX1 RGB,ATX,80+ Gold,700 W,No,1,
Thermaltake Toughpower GX1 RGB,ATX,80+ Gold,600 W,No,0,
Thermaltake Toughpower GX1 RGB,ATX,80+ Gold,500 W,No,2,
Thermaltake Toughpower GX2,ATX,80+ Gold,600 W,No,29,59.99
Thermaltake Toughpower GX3,ATX,80+ Gold,850 W,No,0,99.99
Thermaltake Toughpower iRGB PLUS,ATX,80+ Titanium,1250 W,Full,1,
Thermaltake Toughpower iRGB PLUS 1000,ATX,80+ Gold,1000 W,Full,1,
Thermaltake Toughpower iRGB PLUS 1000 Platinum,ATX,80+ Platinum,1000 W,Full,1,
Thermaltake Toughpower iRGB PLUS 1200 Platinum,ATX,80+ Platinum,1200 W,Full,3,
Thermaltake Toughpower iRGB PLUS 750,ATX,80+ Gold,750 W,Full,1,134.99
Thermaltake Toughpower iRGB PLUS 850,ATX,80+ Gold,850 W,Full,0,
Thermaltake Toughpower iRGB PLUS 850 Platinum,ATX,80+ Platinum,850 W,Full,1,
Thermaltake Toughpower iRGB PLUS TT Premium Edition,ATX,80+ Titanium,1650 W,Full,0,
Thermaltake Toughpower iRGB PLUS TT Premium Edition,ATX,80+ Titanium,1250 W,Full,1,
Thermaltake Toughpower PF1 - TT Premium Edition,ATX,80+ Platinum,650 W,Full,1,
Thermaltake Toughpower PF1 - TT Premium Edition,ATX,80+ Platinum,850 W,Full,2,
Thermaltake Toughpower PF1 - TT Premium Edition,ATX,80+ Platinum,1050 W,Full,0,
Thermaltake TOUGHPOWER PF1 ARGB,ATX,80+ Platinum,1050 W,Full,1,
Thermaltake Toughpower PF3,ATX,80+ Platinum,1200 W,Full,2,
Thermaltake Toughpower PF3,ATX,80+ Platinum,1050 W,Full,1,
Thermaltake Toughpower PF3,ATX,80+ Platinum,750 W,Full,0,
Thermaltake Toughpower PF3-L,ATX,80+ Platinum,1050 W,Full,0,189.99
Thermaltake Toughpower SFX,SFX,80+ Platinum,750 W,Full,0,169.99
Thermaltake Toughpower SFX,SFX,80+ Gold,850 W,Full,4,
Thermaltake Toughpower SFX,SFX,80+ Gold,1000 W,Full,1,
Thermaltake Toughpower SFX 600W Gold,SFX,80+ Gold,600 W,Full,1,
Thermaltake Toughpower TF1 - TT Premium,ATX,80+ Titanium,1550 W,Full,1,
Thermaltake Toughpower XT,ATX,80+ Bronze,675 W,Semi,1,
Thermaltake Toughpower XT,ATX,80+ Bronze,875 W,Full,0,
Thermaltake TPD-0550M,ATX,80+ Gold,550 W,Semi,5,
Thermaltake TR2,ATX,80+ Bronze,500 W,No,3,
Thermaltake TR2,ATX,80+ Bronze,380 W,No,0,
Thermaltake TR2,ATX,,600 W,No,35,
Thermaltake TR2,ATX,80+ Bronze,750 W,Semi,4,
Thermaltake TR2,ATX,,700 W,No,5,
Thermaltake TR2,ATX,,500 W,No,20,
Thermaltake TR2,ATX,,500 W,No,2,
Thermaltake TR2,ATX,,430 W,No,8,
Thermaltake TR2,ATX,80+ Gold,450 W,No,1,
Thermaltake TR2 RX,ATX,80+ Bronze,850 W,Semi,4,
Thermaltake TR2 S,ATX,80+,600 W,No,1,
Thermaltake TR2 S,ATX,80+,700 W,No,0,
Thermaltake TR2 S,ATX,80+,650 W,No,3,
Thermaltake TR2 S 550W,ATX,80+,550 W,No,2,
Thermaltake W0328RU,ATX,,350 W,No,0,
Thortech Thunderbolt,ATX,80+ Gold,1200 W,Full,0,
Thortech Thunderbolt PLUS,ATX,80+ Gold,800 W,Full,0,
Topower GAPS-500LX,ATX,,500 W,No,0,
Topower GAPS-500MX,ATX,,500 W,Full,0,
Topower TOP-1000P12-ADJ,ATX,,1000 W,Semi,0,
Topower TOP-1000WG,ATX,80+ Gold,1000 W,No,0,
Topower TOP-1200W,ATX,80+,1200 W,Full,0,
Topower TOP-400W80,ATX,80+,400 W,No,0,
Topower TOP-400W801,ATX,80+,400 W,No,0,
Topower TOP-500PM,ATX,,500 W,No,0,
Topower TOP-500WB,ATX,80+ Bronze,500 W,No,0,
Topower TOP-600WB,ATX,80+ Bronze,600 W,No,0,
Topower TOP-650PM,ATX,,650 W,No,2,
Topower TOP-800WB,ATX,80+ Bronze,800 W,No,0,
Topower TOP-900W,ATX,80+,900 W,Full,0,
Topower ZU-1050W,ATX,,1050 W,No,0,
Topower ZU-400W12,ATX,,400 W,No,0,
Topower ZU-450W,ATX,,450 W,No,0,
Topower ZU-500W,ATX,,500 W,No,1,
Topower ZU-550W,ATX,,550 W,No,0,
Topower ZU-650W,ATX,,650 W,No,0,
Topower ZU-750W,ATX,,750 W,No,1,
Topower ZU-950,ATX,,950 W,No,0,
TUNIQ PSU-POT750-BK,ATX,80+ Bronze,750 W,No,0,
Ultra LSP,ATX,,450 W,No,0,
Ultra LSP,ATX,,550 W,No,3,
Ultra LSP650,ATX,,650 W,No,8,
Ultra LSP750,ATX,,750 W,No,1,
Ultra U12-42466,ATX,80+ Bronze,650 W,Semi,0,
Ultra U12-42467,ATX,80+ Bronze,750 W,Semi,1,
Ultra ULT-LS500,ATX,,500 W,No,0,
Ultra ULT-LSP550,ATX,,550 W,No,1,
Ultra X4,ATX,80+ Silver,1050 W,Full,0,
Ultra X4,ATX,80+ Bronze,750 W,Full,1,
Ultra X4 Special Edition,ATX,80+ Bronze,850 W,Full,1,
Ultra X4 Special Edition,ATX,80+ Bronze,1000 W,Full,0,
Vetroo 50315153244479,ATX,80+ Gold,850 W,Full,0,79.98
Vetroo 50315153277247,ATX,80+ Gold,850 W,Full,5,79.98
Vetroo CP-PSU-VT-850W-SFX ,SFX,80+ Gold,850 W,Full,1,119.99
Vetroo CP-PSU-VT-850W-SFX ,SFX,80+ Gold,850 W,Full,0,119.99
Vetroo CP-PSU-VT-850W-SFX ,SFX,80+ Gold,850 W,Full,0,119.99
Vetroo G5,ATX,80+ Gold,850 W,Full,1,
Vetroo G5,ATX,80+ Gold,850 W,Full,0,
Vetroo GV1000,ATX,80+ Gold,1000 W,Full,7,99.99
Vetroo GV1000,ATX,80+ Gold,1000 W,Full,0,99.99
Vetroo GV1000,ATX,80+ Gold,1000 W,Full,5,99.99
Vida ATX-500W,ATX,,500 W,No,0,
Vida Lite,ATX,,500 W,No,0,
Vida Lite,ATX,,750 W,No,1,
VisionTek 900346,ATX,,500 W,No,0,
VisionTek 900347,ATX,,650 W,No,0,
VisionTek 900349,ATX,80+ Bronze,800 W,No,0,
VisionTek 900488,ATX,,550 W,Full,0,75.7
VisionTek 900489,ATX,80+ Bronze,700 W,Semi,0,
VisionTek 900490,ATX,80+ Bronze,800 W,Semi,0,
VIVO 24K,ATX,80+ Gold,650 W,Full,0,
XClio DIAMONDPOWER 1080W,ATX,,1080 W,No,0,
XClio DIAMONDPOWER 880W,ATX,,880 W,No,0,
XClio GOODPOWER 500W,ATX,,500 W,No,0,
XClio Goodpower 550W,ATX,80+ Bronze,550 W,Full,0,
XClio Goodpower 650W,ATX,80+ Bronze,650 W,Full,0,
XClio Goodpower 750W,ATX,80+ Bronze,750 W,Full,0,
XClio GreatPower,ATX,80+,600 W,Full,0,
XClio STABLEPOWER 1000W,ATX,,1000 W,No,0,
XClio STABLEPOWER 460W,ATX,,460 W,No,0,
XClio STABLEPOWER 500W,ATX,,500 W,No,0,
XClio STABLEPOWER 850W,ATX,,850 W,No,0,
XClio STABLEPOWER GOLD 1000W,ATX,80+ Gold,1000 W,Full,0,
XClio STABLEPOWER GOLD 750W,ATX,80+ Gold,750 W,Full,0,
XFX Black Edition,ATX,80+ Silver,850 W,Full,0,
XFX Core Edition,ATX,80+ Bronze,650 W,No,1,
XFX Core Edition,ATX,80+ Bronze,450 W,No,0,
XFX Core Edition,ATX,80+ Bronze,750 W,No,3,
XFX P1-550S-XXB9,ATX,80+ Bronze,550 W,No,58,
XFX P1-550S-XXBA,ATX,80+ Bronze,550 W,No,0,
XFX P1-650S-CAB9,ATX,80+ Bronze,650 W,No,0,
XFX P1-650S-NLB9,ATX,80+ Bronze,650 W,No,10,
XFX P1-650X-CAG9,ATX,80+ Bronze,650 W,Full,1,
XFX P1-650X-CAH9,ATX,80+ Bronze,650 W,Full,0,
XFX P1-650X-XXB9,ATX,80+ Bronze,650 W,Semi,15,
XFX P1-750S-CAB9,ATX,80+ Bronze,750 W,No,0,
XFX P1-750S-NLB9,ATX,80+ Bronze,750 W,No,7,
XFX P1-750X-XXB9,ATX,80+ Bronze,750 W,Semi,9,
XFX P1-850S-CAB9,ATX,80+ Bronze,850 W,No,0,
XFX P1850SNLB9,ATX,80+ Bronze,850 W,No,2,
XFX P1-850X-XXB9,ATX,80+ Bronze,850 W,Semi,2,
XFX PRO Black Edition,ATX,80+ Gold,850 W,Full,19,
XFX ProSeries,ATX,80+ Platinum,1000 W,Full,1,
XFX ProSeries,ATX,80+ Gold,1050 W,Full,3,
XFX ProSeries,ATX,80+ Silver,750 W,Semi,5,
XFX ProSeries,ATX,80+ Silver,850 W,Semi,4,
XFX ProSeries,ATX,80+ Bronze,450 W,No,9,
XFX TS,ATX,80+ Bronze,550 W,No,10,
XFX TS,ATX,80+ Gold,650 W,No,2,
XFX TS,ATX,80+ Gold,550 W,No,3,
XFX TS,ATX,80+ Bronze,430 W,No,4,
XFX XT,ATX,80+ Bronze,600 W,No,1,
XFX XT,ATX,80+ Bronze,400 W,No,0,
XFX XTR,ATX,80+ Gold,750 W,Full,22,
XFX XTR,ATX,80+ Gold,650 W,Full,9,
XFX XTR,ATX,80+ Gold,550 W,Full,8,
Xigmatek ACXTNRP-PC402,ATX,80+ Bronze,400 W,No,0,
Xigmatek ACXTNRP-PC502,ATX,80+ Bronze,500 W,No,1,
Xigmatek Fury GD,ATX,80+ Gold,1100 W,Full,0,
Xigmatek NRP-MC1002,ATX,80+ Bronze,1000 W,Full,0,
Xigmatek NRP-MC702,ATX,80+ Bronze,700 W,Full,0,
Xigmatek NRP-MC802,ATX,80+ Bronze,800 W,Full,0,
Xigmatek NRP-PC602,ATX,80+ Bronze,600 W,No,0,
Xigmatek NRP-PC702,ATX,80+ Bronze,700 W,No,0,
Xigmatek Vector,ATX,80+ Gold,750 W,Semi,0,
Xilence Performance A+ III,ATX,80+ Bronze,450 W,No,0,
Xilence XP1050MR9,ATX,80+ Gold,1050 W,Full,0,
Xilence XP1050MR9.2,ATX,80+ Gold,1050 W,Full,0,
Xilence XP1250MR9,ATX,80+ Gold,1250 W,Full,0,
Xilence XP1250MR9.2,ATX,80+ Gold,1250 W,Full,0,
Xilence XP400R6,ATX,,400 W,No,1,
Xilence XP430R8,ATX,80+ Bronze,430 W,No,0,
Xilence XP450R10,ATX,80+ Bronze,450 W,No,0,
Xilence XP500R6,ATX,,500 W,No,1,
Xilence XP530R8,ATX,80+ Bronze,530 W,No,0,
Xilence XP550R10,ATX,80+ Bronze,550 W,No,0,
Xilence XP550R9,ATX,80+ Gold,550 W,No,0,
Xilence XP600R6,ATX,,600 W,No,0,
Xilence XP630R8,ATX,80+ Bronze,630 W,No,1,
Xilence XP650R10,ATX,80+ Bronze,650 W,No,0,103.79
Xilence XP650R12,ATX,80+ Gold,650 W,No,0,
Xilence XP650R6.2,ATX,80+,650 W,No,0,
Xilence XP650R9,ATX,80+ Gold,650 W,No,0,
Xilence XP700R6,ATX,,700 W,No,0,
Xilence XP730R8,ATX,80+ Bronze,730 W,No,0,
Xilence XP750MR9,ATX,80+ Gold,750 W,Semi,0,
Xilence XP750MR9.2,ATX,80+ Gold,750 W,Semi,0,
Xilence XP750R10,ATX,80+ Bronze,750 W,No,0,
Xilence XP750R12,ATX,80+ Gold,750 W,No,0,
Xilence XP750R12.ARGB,ATX,80+ Gold,750 W,No,0,
Xilence XP750R6.2,ATX,80+,750 W,No,0,102.5
Xilence XP830R8,ATX,80+ Bronze,830 W,No,0,
Xilence XP850MR9,ATX,80+ Gold,850 W,Semi,0,
Xilence XP850MR9.2,ATX,80+ Gold,850 W,Semi,0,
Xilence XP850R10,ATX,80+ Bronze,850 W,No,0,
Xilence XP850R12,ATX,80+ Gold,850 W,No,1,
Xion AXP-1000K14XE,ATX,80+ Bronze,1000 W,Semi,1,
Xion AXP-1000R14HE,ATX,80+ Bronze,1000 W,Full,0,
Xion AXP-700K14XE,ATX,80+ Bronze,700 W,Semi,0,
Xion AXP-700W14FG,ATX,80+ Gold,700 W,Full,0,
Xion AXP-850K14XE,ATX,80+ Bronze,850 W,Semi,0,
Xion AXP-850R14N,ATX,,850 W,No,0,
Xion EN-450F12BK,ATX,,450 W,No,0,
Xion EN-600F12,ATX,,600 W,No,0,
Xion XON-1000P14F,ATX,,1000 W,No,0,
Xion XON-1100P14HE,ATX,,1100 W,No,0,
Xion XON-1250P14HE,ATX,,1250 W,No,0,
Xion XON-700P12F,ATX,,700 W,No,0,
Xion XON-800R14N,ATX,,800 W,Full,0,
Xion XON-850P14F,ATX,,850 W,No,0,
YEYIAN Pegasus,ATX,80+ Platinum,1000 W,Full,0,
YEYIAN Raiden,ATX,80+ Bronze,750 W,No,0,
YEYIAN Raiden RGB,ATX,80+,500 W,No,0,
YEYIAN Thunder,ATX,80+ Bronze,650 W,No,0,
Zalman 1000-HP Plus,ATX,80+ Silver,1000 W,Full,0,
Zalman 1250 Platinum,ATX,80+ Platinum,1250 W,Semi,0,
Zalman 850-HP Plus,ATX,80+ Silver,850 W,Semi,0,
Zalman ACRUX,ATX,80+ Platinum,1200 W,Full,1,
Zalman ACRUX,ATX,80+ Platinum,1000 W,Full,0,
Zalman LE,ATX,,400 W,No,0,
Zalman TeraMax II,ATX,80+ Gold,750 W,Full,0,
Zalman TX,ATX,,700 W,No,1,
Zalman TX,ATX,,600 W,No,0,
Zalman TXII,ATX,80+,600 W,No,0,
Zalman TXIIv2,ATX,80+,800 W,No,0,
Zalman TXIIv2,ATX,80+,500 W,No,1,
Zalman ZM1000-HP,ATX,80+,1000 W,Full,0,
Zalman zm-400-LE,ATX,,400 W,No,1,
Zalman ZM460B-APS,ATX,,460 W,No,0,
Zalman ZM500-HP,ATX,,500 W,Semi,0,
Zalman zm-500-LE,ATX,,500 W,No,1,
Zalman ZM500-RS,ATX,80+,500 W,No,0,
Zalman zm-550-XG,ATX,80+ Gold,550 W,Semi,0,
Zalman ZM-600-GT,ATX,80+ Bronze,600 W,Semi,1,
Zalman ZM600-HP,ATX,,600 W,Full,1,
Zalman ZM600-ST,ATX,80+,600 W,No,0,
Zalman zm-650-XG,ATX,80+ Gold,650 W,Semi,0,
Zalman ZM660-XT,ATX,80+ Bronze,660 W,Full,0,
Zalman zm-750-XG,ATX,80+ Gold,750 W,Semi,0,
Zalman ZM770-XT,ATX,80+ Bronze,770 W,Full,0,
be quiet! System Power 7,ATX,80+ Bronze,300W,No,0,
Energon Eps-650W,ATX,80+,650 W,,,
Gigabyte Hercules Pro 430,ATX,80+,430 W,,,
