Name,Speed,Modules,First Word Latency,CAS Latency,Rating,Price
Corsair Vengeance RGB 32 GB,DDR5-6000,2 x 16GB,12,36,106,439.99
Corsair Vengeance LPX 32 GB,DDR4-3200,2 x 16GB,10,16,78,219.99
Corsair Vengeance RGB 32 GB,DDR5-6000,2 x 16GB,12,36,23,413.99
Crucial Pro Overclocking 32 GB,DDR5-6000,2 x 16GB,12,36,63,398.74
Corsair Vengeance LPX 16 GB,DDR4-3200,2 x 8GB,10,16,516,164.99
Crucial Pro 32 GB,DDR5-6400,2 x 16GB,11,38,2,349.99
Corsair Vengeance RGB 16 GB,DDR5-5200,2 x 8GB,15,40,2,224.99
Silicon Power GAMING 16 GB,DDR4-3200,2 x 8GB,10,16,68,114.97
Patriot Viper Elite 5 16 GB,DDR5-6000,1 x 16GB,10,30,4,199.99
Corsair Vengeance 32 GB,DDR5-6000,2 x 16GB,12,36,8,404.57
G.Skill Flare X5 32 GB,DDR5-6000,2 x 16GB,12,36,118,432.99
Corsair Vengeance RGB 64 GB,DDR5-6000,2 x 32GB,10,30,25,1154.99
Crucial Pro Overclocking 32 GB,DDR5-6400,2 x 16GB,10,32,2,374.99
G.Skill Ripjaws V 16 GB,DDR4-3200,2 x 8GB,10,16,237,154.99
Kingston FURY Beast 128 GB,DDR4-3600,4 x 32GB,10,18,1,1929.54
Kingston FURY Beast 32 GB,DDR5-6000,2 x 16GB,10,30,34,450
TEAMGROUP T-Force Delta RGB 16 GB,DDR5-6000,2 x 8GB,12,38,3,219.99
G.Skill Trident Z5 Neo RGB 32 GB,DDR5-6000,2 x 16GB,10,30,134,479.99
G.Skill Trident Z5 RGB 128 GB,DDR5-6400,2 x 64GB,11,36,0,2999.99
Crucial Pro 64 GB,DDR5-6000,2 x 32GB,13,40,5,629.99
Corsair Vengeance LPX 16 GB,DDR4-3200,2 x 8GB,10,16,22,148.99
Corsair Vengeance 16 GB,DDR5-5200,2 x 8GB,15,40,6,264.99
G.Skill Trident Z5 Neo RGB 64 GB,DDR5-6000,2 x 32GB,10,30,57,929.99
Kingston FURY Beast 8 GB,DDR4-3200,1 x 8GB,10,16,0,85.5
Silicon Power GAMING 32 GB,DDR4-3200,2 x 16GB,10,16,27,196.97
Corsair Vengeance RGB Pro 16 GB,DDR4-3200,2 x 8GB,10,16,386,231.23
TEAMGROUP T-Create Expert 32 GB,DDR5-6000,2 x 16GB,10,30,123,479.99
TEAMGROUP T-Force Vulcan 16 GB,DDR5-6000,2 x 8GB,12,38,0,239.99
Kingston FURY Beast 16 GB,DDR5-5200,2 x 8GB,15,40,10,259
Corsair Vengeance RGB Pro 32 GB,DDR4-3600,2 x 16GB,10,18,106,
G.Skill Flare X5 16 GB,DDR5-6000,1 x 16GB,12,36,3,234.99
Kingston FURY Beast RGB 32 GB,DDR5-6000,2 x 16GB,10,30,16,444.99
Corsair Vengeance 32 GB,DDR5-6000,2 x 16GB,10,30,83,542.99
Kingston FURY Beast 16 GB,DDR4-3200,2 x 8GB,10,16,26,202.97
TEAMGROUP T-Force Delta RGB 32 GB,DDR5-6000,2 x 16GB,10,30,93,469.99
Patriot Viper Venom 32 GB,DDR5-6000,2 x 16GB,10,30,28,417.99
Patriot Viper Venom 16 GB,DDR5-5600,2 x 8GB,14,40,1,215.99
ADATA XPG GAMMIX D10 16 GB,DDR4-3200,2 x 8GB,10,16,0,99.99
TEAMGROUP T-Force Delta RGB 32 GB,DDR5-6000,2 x 16GB,10,30,94,469.99
TEAMGROUP T-Force Vulcan Z 16 GB,DDR4-3200,2 x 8GB,10,16,121,119.99
Silicon Power Value Gaming 32 GB,DDR5-6000,2 x 16GB,10,30,17,379.97
Silicon Power XPOWER Storm RGB 32 GB,DDR5-6000,2 x 16GB,12,36,2,474.99
Corsair Vengeance 32 GB,DDR5-6200,2 x 16GB,11,36,1,453.99
Corsair Vengeance 128 GB,DDR5-6400,2 x 64GB,13,42,2,1690.99
Corsair Vengeance LPX 32 GB,DDR4-3600,2 x 16GB,10,18,12,
Patriot Viper Venom 16 GB,DDR5-6000,1 x 16GB,10,30,2,199.99
Corsair Vengeance RGB 32 GB,DDR5-6400,2 x 16GB,11,36,17,394.99
Crucial Pro Overclocking 32 GB,DDR5-6000,2 x 16GB,12,36,13,389.99
G.Skill Ripjaws V 32 GB,DDR4-3200,2 x 16GB,10,16,137,217.99
Klevv FIT V 32 GB,DDR5-6000,2 x 16GB,10,30,4,
Silicon Power XPOWER Turbine 16 GB,DDR4-3200,2 x 8GB,10,16,32,120.97
G.Skill Flare X5 64 GB,DDR5-6000,2 x 32GB,10,30,34,935
G.Skill Trident Z RGB 16 GB,DDR4-3200,2 x 8GB,10,16,360,174.99
Corsair Vengeance RGB Pro 32 GB,DDR4-3200,2 x 16GB,10,16,45,239.99
Kingston FURY Beast RGB 16 GB,DDR5-6000,2 x 8GB,12,36,8,269.99
Silicon Power SP008GBLVU480G02 8 GB,DDR5-4800,1 x 8GB,16,40,0,116.97
Corsair Vengeance RGB 32 GB,DDR5-6000,2 x 16GB,10,30,85,578.65
Corsair Vengeance 64 GB,DDR5-5200,2 x 32GB,15,40,8,599.99
G.Skill Trident Z5 Royal Neo RGB 32 GB,DDR5-6000,2 x 16GB,9,28,17,569.99
Kingston FURY Beast 16 GB,DDR5-6000,2 x 8GB,10,30,0,279.99
Crucial CT8G4DFS824A 8 GB,DDR4-2400,1 x 8GB,14,17,4,64.98
Silicon Power XPOWER Zenith Gaming 32 GB,DDR5-6000,2 x 16GB,10,30,6,369.99
TEAMGROUP T-Force Vulcan Z 16 GB,DDR4-3200,2 x 8GB,10,16,5,129.99
Corsair Vengeance 32 GB,DDR5-6000,2 x 16GB,10,30,32,565.99
G.Skill Ripjaws S5 32 GB,DDR5-6000,2 x 16GB,12,36,30,379.99
Corsair Vengeance RGB 32 GB,DDR5-6000,2 x 16GB,12,36,4,441.99
Corsair Dominator Platinum RGB 32 GB,DDR5-5200,2 x 16GB,15,40,3,482.99
Crucial Pro 64 GB,DDR4-3200,2 x 32GB,13,22,6,449.99
TEAMGROUP Vulcan Z 16 GB,DDR4-3600,2 x 8GB,10,18,19,119.99
TEAMGROUP T-Force Vulcan 32 GB,DDR5-6000,2 x 16GB,10,30,32,449.99
Kingston Server Premier 64 GB,DDR4-3200,1 x 64GB,13,22,0,1341.81
Corsair Vengeance RGB 192 GB,DDR5-5200,4 x 48GB,14,38,0,2559.99
Kingston FURY Beast 16 GB,DDR5-5600,2 x 8GB,12,36,2,259.99
Crucial Pro 32 GB,DDR4-3200,2 x 16GB,13,22,12,229.99
G.Skill Trident Z5 RGB 64 GB,DDR5-6400,2 x 32GB,10,32,30,939
Crucial Pro Overclocking 32 GB,DDR5-6400,2 x 16GB,10,32,0,369.99
Kingston FURY Beast 32 GB,DDR4-3200,2 x 16GB,10,16,17,324.77
G.Skill Ripjaws V 16 GB,DDR4-3600,2 x 8GB,8,16,199,169.99
Corsair Vengeance LPX 8 GB,DDR4-2400,1 x 8GB,13,16,47,84.98
Kingston FURY Beast 16 GB,DDR5-6000,2 x 8GB,12,36,3,262.99
Silicon Power SP016GLLTU160N22 16 GB,DDR3-1600,2 x 8GB,13,11,2,42.99
G.Skill Flare X5 32 GB,DDR5-6000,2 x 16GB,10,30,94,509.99
G.Skill Trident Z RGB 32 GB,DDR4-3600,2 x 16GB,10,18,31,319.99
Crucial CT16G4DFRA32A 16 GB,DDR4-3200,1 x 16GB,13,22,1,137
Corsair Dominator Titanium 64 GB,DDR5-6000,2 x 32GB,10,30,4,1228.99
V-Color TRA564G60D436O 512 GB,DDR5-6000,8 x 64GB,12,36,0,20639.99
TEAMGROUP T-Create Expert 32 GB,DDR5-6000,2 x 16GB,10,30,42,479.99
Corsair Vengeance RGB Pro 32 GB,DDR4-3200,2 x 16GB,10,16,8,292.99
G.Skill Trident Z5 Neo RGB 64 GB,DDR5-6000,2 x 32GB,8,26,0,1299.99
Crucial CT51264BD160B 4 GB,DDR3-1600,1 x 4GB,13,11,0,12.99
TEAMGROUP T-Force Delta RGB 16 GB,DDR4-3600,2 x 8GB,10,18,24,158.99
Kingston FURY Beast 64 GB,DDR5-6000,2 x 32GB,10,30,9,999
Corsair Vengeance RGB 32 GB,DDR5-6000,2 x 16GB,10,30,5,579.99
Crucial Classic 16 GB,DDR5-5600,2 x 8GB,16,46,2,259.58
Corsair Vengeance 16 GB,DDR5-6000,1 x 16GB,12,36,0,226.99
Kingston FURY Beast RGB 16 GB,DDR5-6000,1 x 16GB,10,30,1,349
Corsair Vengeance 32 GB,DDR5-6000,2 x 16GB,12,36,11,409.99
Lexar THOR 16 GB,DDR4-3200,2 x 8GB,10,16,3,
G.Skill Trident Z5 RGB 48 GB,DDR5-8400,2 x 24GB,9,40,1,599.99
G.Skill Trident Z5 RGB 32 GB,DDR5-6400,2 x 16GB,10,32,43,419.99
Patriot Viper Venom 32 GB,DDR5-6400,2 x 16GB,10,32,5,379.99
G.Skill Ripjaws V 32 GB,DDR4-3600,2 x 16GB,10,18,21,279.99
Corsair Dominator Titanium 32 GB,DDR5-6000,2 x 16GB,10,30,12,574.99
Klevv FIT V 32 GB,DDR5-6000,2 x 16GB,9,28,2,
Kingston FURY Beast RGB 32 GB,DDR5-6000,2 x 16GB,10,30,11,499.99
Silicon Power XPOWER Zenith RGB Gaming 16 GB,DDR5-6000,1 x 16GB,13,40,0,195.97
Kingston FURY Beast 32 GB,DDR5-5600,2 x 16GB,12,36,10,499.99
G.Skill Trident Z5 Royal Neo RGB 64 GB,DDR5-6000,2 x 32GB,10,30,4,1029.99
Kingston KCP426NS6/4 4 GB,DDR4-2666,1 x 4GB,14,19,0,37
Kingston HyperX Fury 16 GB,DDR4-3200,2 x 8GB,10,16,37,
Corsair Vengeance RGB 128 GB,DDR5-6400,2 x 64GB,13,42,0,1699.99
G.Skill Aegis 16 GB,DDR4-3200,2 x 8GB,10,16,34,170.48
G.Skill Flare X5 128 GB,DDR5-6000,2 x 64GB,10,32,0,2139.98
TEAMGROUP T-Force Vulcan 16 GB,DDR5-5200,2 x 8GB,15,40,1,239.99
Kingston Fury Renegade RGB 96 GB,DDR5-6000,2 x 48GB,10,32,0,1736.19
Patriot Viper Elite 5 32 GB,DDR5-6000,2 x 16GB,10,30,1,379.99
Corsair Vengeance LPX 32 GB,DDR4-3600,2 x 16GB,10,18,108,279.99
G.Skill Trident Z5 Neo 64 GB,DDR5-6000,2 x 32GB,10,30,20,945
Silicon Power XPOWER Zenith Gaming 32 GB,DDR4-3200,2 x 16GB,10,16,2,199.97
Corsair Vengeance RGB 32 GB,DDR5-6400,2 x 16GB,11,36,0,469.99
Crucial CT2K8G4DFS8266 16 GB,DDR4-2666,2 x 8GB,14,19,3,134.5
Corsair Vengeance LPX 16 GB,DDR4-2133,2 x 8GB,12,13,37,146.99
Crucial Pro 32 GB,DDR5-5600,2 x 16GB,16,46,7,429.99
G.Skill Trident Z5 Neo RGB 96 GB,DDR5-6000,2 x 48GB,9,28,0,1249.99
Corsair Dominator Titanium 64 GB,DDR5-6600,2 x 32GB,9,32,2,1229.99
Crucial CT16G56C46U5 16 GB,DDR5-5600,1 x 16GB,16,46,1,229.99
TEAMGROUP T-Force Vulcan Z 32 GB,DDR4-3200,2 x 16GB,10,16,26,219.99
G.Skill Ripjaws V 16 GB,DDR4-3200,1 x 16GB,10,16,20,129.99
G.Skill Ripjaws V 16 GB,DDR4-3000,2 x 8GB,9,14,3,
G.Skill Flare X5 256 GB,DDR5-6000,4 x 64GB,10,32,0,3999.99
TEAMGROUP T-Force Delta RGB 16 GB,DDR4-3600,2 x 8GB,10,18,26,158.99
Klevv FIT V 32 GB,DDR5-6000,2 x 16GB,10,30,0,
Corsair Vengeance RGB Pro 16 GB,DDR4-3200,2 x 8GB,10,16,177,
Corsair Vengeance LPX 16 GB,DDR4-3600,2 x 8GB,10,18,135,166.99
Corsair Dominator Titanium 64 GB,DDR5-6600,2 x 32GB,9,32,5,
Corsair Vengeance LPX 64 GB,DDR4-3200,2 x 32GB,10,16,21,
TEAMGROUP T-Create Expert 16 GB,DDR4-3200,2 x 8GB,10,16,1,130.99
G.Skill NT 8 GB,DDR4-2400,1 x 8GB,12,15,10,
G.Skill Trident Z5 RGB 32 GB,DDR5-6000,2 x 16GB,12,36,54,509.99
Kingston FURY Beast 32 GB,DDR4-3600,2 x 16GB,10,18,6,391.02
TEAMGROUP T-Force Delta RGB 32 GB,DDR4-3200,2 x 16GB,10,16,3,219.99
GOODRAM IRDM PRO 16 GB,DDR4-3600,2 x 8GB,10,18,0,
G.Skill Trident Z5 Royal 32 GB,DDR5-6400,2 x 16GB,9,30,3,559.99
Lexar THOR OC 32 GB,DDR5-6000,2 x 16GB,10,32,7,429.99
G.Skill Trident Z5 Royal Neo RGB 96 GB,DDR5-6000,2 x 48GB,9,28,1,1249.99
Corsair Vengeance 96 GB,DDR5-6000,2 x 48GB,12,36,1,1049.99
Corsair Vengeance LPX 16 GB,DDR4-3200,1 x 16GB,10,16,1,136.99
Silicon Power XPOWER Storm RGB 32 GB,DDR5-6000,2 x 16GB,12,36,0,400.97
Corsair Vengeance 32 GB,DDR5-6000,2 x 16GB,12,36,0,453.99
Corsair Vengeance 64 GB,DDR5-6000,2 x 32GB,10,30,11,1117.99
G.Skill Trident Z5 CK RGB 48 GB,DDR5-9600,2 x 24GB,9,46,0,
PNY XLR8 32 GB,DDR4-3200,2 x 16GB,10,16,3,119.99
TEAMGROUP T-Create Classic 32 GB,DDR5-6000,2 x 16GB,16,48,6,399.99
Kingston KHX8500D2K2/4GR 4 GB,DDR2-1066,2 x 2GB,9,5,0,
Corsair Vengeance RGB Pro SL 32 GB,DDR4-3600,2 x 16GB,10,18,46,270
Crucial CT2K8G4DFRA266 16 GB,DDR4-2666,2 x 8GB,14,19,1,120.89
ADATA XPG Lancer Blade 32 GB,DDR5-5600,2 x 16GB,16,46,0,552.09
Corsair Vengeance RGB 64 GB,DDR5-6000,2 x 32GB,10,30,8,1049.99
Corsair Vengeance 32 GB,DDR5-6400,2 x 16GB,11,36,3,464.99
Corsair Vengeance RGB 48 GB,DDR5-6000,2 x 24GB,12,36,1,627.99
Crucial Pro 64 GB,DDR5-5600,2 x 32GB,16,46,4,799
Corsair Vengeance 4 GB,DDR3-1600,2 x 2GB,11,9,3,
Samsung M378A1K43CB2-CRC 8 GB,DDR4-2400,1 x 8GB,14,17,6,68.95
Timetec PINNACLE Konduit 16 GB,DDR4-3200,2 x 8GB,10,16,6,129.99
G.Skill Aegis 16 GB,DDR4-3000,2 x 8GB,10,16,76,149.99
Kingston FURY Beast RGB 32 GB,DDR5-6000,1 x 32GB,10,30,0,
TEAMGROUP T-Force Vulcan 32 GB,DDR5-5200,2 x 16GB,15,40,4,449.99
Kingston FURY 32 GB,DDR5-5600,2 x 16GB,14,40,0,
TEAMGROUP T-Force Delta RGB 16 GB,DDR4-3200,2 x 8GB,10,16,41,157.99
Crucial Pro 96 GB,DDR5-5600,2 x 48GB,16,46,0,1099.99
Corsair Vengeance RGB 32 GB,DDR5-5200,2 x 16GB,15,40,11,454.99
G.Skill Ripjaws M5 Neo RGB 32 GB,DDR5-6000,2 x 16GB,12,36,1,499.99
Corsair Vengeance LPX 16 GB,DDR4-3000,2 x 8GB,10,16,24,148.99
Kingston FURY Beast RGB 32 GB,DDR5-6000,2 x 16GB,12,36,12,
Corsair Vengeance 192 GB,DDR5-5200,4 x 48GB,14,38,0,2546.99
Corsair Vengeance 32 GB,DDR5-4800,2 x 16GB,16,40,7,446.99
G.Skill Ripjaws S5 32 GB,DDR5-6400,2 x 16GB,10,32,10,379.99
G.Skill Trident Z Neo 32 GB,DDR4-3600,2 x 16GB,8,16,164,319.99
Supermicro MEM-DR412L-SL02-LR26 128 GB,DDR4-2666,1 x 128GB,16,22,0,
Corsair Vengeance RGB 96 GB,DDR5-6000,2 x 48GB,12,36,2,1169.99
Corsair Vengeance RGB 64 GB,DDR5-6000,2 x 32GB,10,30,7,1154.99
Patriot Viper Venom 32 GB,DDR5-6000,2 x 16GB,12,36,8,369.99
G.Skill Ripjaws V 32 GB,DDR4-3600,2 x 16GB,8,16,108,319.99
Kingston FURY Beast RGB 16 GB,DDR5-6000,2 x 8GB,10,30,0,361.99
ADATA XPG SPECTRIX D50 16 GB,DDR4-3200,2 x 8GB,10,16,1,
G.Skill Ripjaws V 16 GB,DDR4-3600,2 x 8GB,10,18,59,159.99
ADATA XPG Lancer Blade RGB 32 GB,DDR5-6000,2 x 16GB,10,30,8,791.42
Silicon Power XPOWER Zenith Gaming 16 GB,DDR5-6000,1 x 16GB,13,40,0,195.97
Kingston HyperX Fury 8 GB,DDR4-2666,1 x 8GB,12,16,3,
Crucial Pro Overclocking 64 GB,DDR5-6400,2 x 32GB,12,40,4,899.99
G.Skill Flare X5 32 GB,DDR5-6000,2 x 16GB,9,28,2,539.99
G.Skill Trident Z5 Neo RGB 256 GB,DDR5-6000,4 x 64GB,12,36,0,3999.99
Silicon Power SP004GBLFU240N02 4 GB,DDR4-2400,1 x 4GB,14,17,0,39.58
Patriot Viper Steel 16 GB,DDR4-3200,2 x 8GB,10,16,20,176.99
Crucial Classic 8 GB,DDR5-5600,1 x 8GB,16,46,1,199.83
OLOy MD4U083216BJDA 16 GB,DDR4-3200,2 x 8GB,10,16,10,
Corsair Vengeance RGB 32 GB,DDR5-6000,2 x 16GB,12,36,46,
Crucial Pro Overclocking 16 GB,DDR5-6000,1 x 16GB,12,36,0,229
Crucial Ballistix 16 GB,DDR4-3200,2 x 8GB,10,16,77,
G.Skill Trident Z5 Neo RGB 64 GB,DDR5-6000,2 x 32GB,9,28,4,959.99
Corsair Vengeance LPX 8 GB,DDR4-3200,1 x 8GB,10,16,3,84.98
Corsair Dominator Titanium 32 GB,DDR5-6000,2 x 16GB,10,30,3,614.99
Kingston FURY Beast RGB 64 GB,DDR5-6000,2 x 32GB,10,30,5,1117.07
G.Skill Trident Z5 Neo RGB 32 GB,DDR5-6000,2 x 16GB,8,26,0,699.99
Silicon Power XPOWER Zenith RGB Gaming 32 GB,DDR5-6000,2 x 16GB,10,30,4,389.97
G.Skill Trident Z RGB 64 GB,DDR4-3600,2 x 32GB,10,18,10,599.99
Patriot Viper Venom 32 GB,DDR5-6000,1 x 32GB,10,30,1,394.99
OLOy MD4U082417BBSA 8 GB,DDR4-2400,1 x 8GB,14,17,0,49.99
Kingston FURY Beast 32 GB,DDR5-6000,2 x 16GB,12,36,0,409
G.Skill Trident Z5 RGB 64 GB,DDR5-6800,2 x 32GB,10,34,2,1029.99
Corsair Vengeance LPX 32 GB,DDR4-3200,4 x 8GB,10,16,9,310.99
Corsair Vengeance 32 GB,DDR5-5200,2 x 16GB,15,40,14,445.99
G.Skill Trident Z5 Royal Neo 64 GB,DDR5-6000,2 x 32GB,8,26,0,1399.99
Kingston FURY Beast RGB 8 GB,DDR5-6000,1 x 8GB,10,30,0,149.44
Crucial CT16G48C40U5 16 GB,DDR5-4800,1 x 16GB,16,40,1,269.58
Corsair Vengeance RGB 32 GB,DDR5-7200,2 x 16GB,9,34,1,499.99
Corsair Vengeance RGB 32 GB,DDR5-6400,2 x 16GB,11,36,3,574.99
G.Skill Ripjaws X 8 GB,DDR3-1600,2 x 4GB,11,9,252,57
Silicon Power XPOWER Pulse Gaming 64 GB,DDR5-6000,2 x 32GB,10,30,1,744.97
Patriot Signature Line 16 GB,DDR5-4800,1 x 16GB,16,40,1,199.99
ADATA XPG LANCER RGB 16 GB,DDR5-6000,1 x 16GB,10,30,0,229.99
Kingston FURY Beast 16 GB,DDR5-6000,1 x 16GB,10,30,1,306.28
Silicon Power XPOWER Gaming 32 GB,DDR4-3200,2 x 16GB,10,16,0,199.97
G.Skill Trident Z5 Neo 128 GB,DDR5-6000,2 x 64GB,10,32,1,
Crucial CT16G4DFD8266 16 GB,DDR4-2666,1 x 16GB,14,19,1,96.99
Corsair Vengeance RGB RS 16 GB,DDR4-3200,2 x 8GB,10,16,7,158.99
Kingston FURY Beast 128 GB,DDR5-5600,4 x 32GB,14,40,0,
G.Skill Trident Z5 RGB 64 GB,DDR5-6000,2 x 32GB,12,36,1,739.99
Patriot Signature Line 32 GB,DDR4-2666,1 x 32GB,14,19,0,189.99
TEAMGROUP T-Force Vulcan Z 32 GB,DDR4-3600,2 x 16GB,10,18,22,269.99
TEAMGROUP Elite 8 GB,DDR4-3200,1 x 8GB,13,22,0,59.26
V-Color Manta XSky RGB 32 GB,DDR5-6000,2 x 16GB,10,30,5,439.99
Corsair Vengeance RGB 64 GB,DDR5-6400,2 x 32GB,10,32,11,1047.98
Corsair Vengeance LPX 256 GB,DDR4-3600,8 x 32GB,10,18,0,
Silicon Power XPOWER Zenith RGB Gaming 64 GB,DDR5-6000,2 x 32GB,10,30,2,759.97
Corsair Vengeance RGB Pro 16 GB,DDR4-3600,2 x 8GB,10,18,79,178.99
Crucial CP2K64G56C46U5 128 GB,DDR5-5600,2 x 64GB,16,46,1,1242.99
TEAMGROUP T-Force Delta RGB 32 GB,DDR5-6000,2 x 16GB,12,38,6,479.99
Samsung M378A2K43CB1-CTD 16 GB,DDR4-2666,1 x 16GB,14,19,0,131.99
G.Skill Aegis 16 GB,DDR4-2400,2 x 8GB,12,15,10,
Kingston FURY Beast RGB 16 GB,DDR5-5600,2 x 8GB,14,40,2,262.99
G.Skill Trident Z RGB 32 GB,DDR4-3200,2 x 16GB,10,16,35,387.73
PNY Performance 16 GB,DDR5-4800,1 x 16GB,16,40,0,135.97
Silicon Power XPOWER Storm RGB 64 GB,DDR5-6000,2 x 32GB,12,38,0,629.97
G.Skill Ripjaws S5 64 GB,DDR5-6000,2 x 32GB,10,30,13,1216.04
Crucial CT102464BD160B 8 GB,DDR3-1600,1 x 8GB,13,11,5,24.99
G.Skill Ripjaws S5 96 GB,DDR5-6400,2 x 48GB,10,32,1,1049.99
TEAMGROUP T-Force Delta RGB 32 GB,DDR5-8000,2 x 16GB,9,38,0,629.99
TEAMGROUP T-Force Delta RGB 16 GB,DDR5-5200,2 x 8GB,15,40,0,
Silicon Power XPOWER Zenith Gaming 64 GB,DDR5-6000,2 x 32GB,10,30,5,791.97
G.Skill Trident Z Neo 16 GB,DDR4-3600,2 x 8GB,8,16,94,179.99
G.Skill Trident Z5 Royal Neo 64 GB,DDR5-6000,2 x 32GB,8,26,1,1399.99
Kingston ValueRAM 1 GB,DDR2-667,1 x 1GB,14,5,1,11.95
G.Skill Trident Z5 RGB 32 GB,DDR5-7200,2 x 16GB,9,34,9,669.61
Patriot Viper 3 16 GB,DDR3-1866,2 x 8GB,10,10,13,55.99
ADATA Premier 4 GB,DDR3-1333,1 x 4GB,13,9,3,
G.Skill Trident Z5 RGB 96 GB,DDR5-6800,2 x 48GB,10,34,1,1299.99
Silicon Power SP016GBLFU320X02 16 GB,DDR4-3200,1 x 16GB,13,22,0,109.97
G.Skill Trident Z5 Neo RGB 32 GB,DDR5-8000,2 x 16GB,9,38,1,579.99
Crucial Pro 48 GB,DDR5-6000,2 x 24GB,16,48,1,529.49
ADATA XPG SPECTRIX D35G RGB 16 GB,DDR4-3600,2 x 8GB,10,18,1,208.21
Corsair Vengeance RGB 64 GB,DDR5-6400,2 x 32GB,10,32,0,1179.99
G.Skill Trident Z5 Neo 128 GB,DDR5-6000,2 x 64GB,11,34,0,2399.98
TEAMGROUP Elite 16 GB,DDR3-1600,2 x 8GB,13,11,2,45.99
Crucial CT4G4DFS824A 4 GB,DDR4-2400,1 x 4GB,14,17,1,42.99
Silicon Power XPOWER Zenith RGB Gaming 32 GB,DDR4-3600,2 x 16GB,10,18,1,244.97
Silicon Power XPOWER Turbine 32 GB,DDR4-3200,2 x 16GB,10,16,5,198.97
G.Skill Flare X5 32 GB,DDR5-6000,2 x 16GB,10,32,44,441
Patriot Viper Venom 64 GB,DDR5-6400,2 x 32GB,10,32,1,949.99
Mushkin Essentials 4 GB,DDR4-2133,1 x 4GB,14,15,0,28.23
Acer Predator Pallas II 32 GB,DDR5-6000,2 x 16GB,10,30,0,
Silicon Power GAMING 16 GB,DDR4-3600,2 x 8GB,10,18,3,132.97
Corsair Dominator Titanium 64 GB,DDR5-6400,4 x 16GB,10,32,1,1249.99
Kingston FURY 128 GB,DDR5-5200,4 x 32GB,15,40,0,1999.99
G.Skill Trident Z5 Neo RGB 192 GB,DDR5-6000,4 x 48GB,9,28,0,
Patriot Viper Venom RGB 32 GB,DDR5-6000,2 x 16GB,10,30,5,399.99
G.Skill Trident Z5 Neo RGB 32 GB,DDR5-6400,2 x 16GB,9,30,4,549.99
Kingston FURY Beast RGB 64 GB,DDR5-6400,2 x 32GB,10,32,3,1169.99
Patriot Viper Venom 64 GB,DDR5-6000,2 x 32GB,12,36,0,699.99
Kingston FURY Beast RGB 32 GB,DDR5-5600,2 x 16GB,12,36,8,439.99
Kingston HyperX Fury 32 GB,DDR4-3200,2 x 16GB,10,16,7,
Kingston FURY Beast RGB 64 GB,DDR5-6000,2 x 32GB,10,30,6,1149.99
Silicon Power XPOWER Zenith RGB Gaming 32 GB,DDR5-6000,2 x 16GB,10,30,8,425.97
Corsair Vengeance LPX 16 GB,DDR4-2400,2 x 8GB,13,16,73,148.99
Kingston Server Premier 32 GB,DDR4-3200,1 x 32GB,13,22,1,385.99
Crucial CT8G4DFRA32A 8 GB,DDR4-3200,1 x 8GB,13,22,1,79.98
G.Skill Trident Z5 Neo RGB 32 GB,DDR5-6000,2 x 16GB,12,36,11,479.99
G.Skill Trident Z5 Royal 48 GB,DDR5-8400,2 x 24GB,9,40,0,629.99
TEAMGROUP T-Force Delta RGB 32 GB,DDR4-3600,2 x 16GB,10,18,20,
ADATA XPG LANCER RGB 32 GB,DDR5-6000,2 x 16GB,10,30,0,399.99
G.Skill Aegis 8 GB,DDR4-3200,1 x 8GB,10,16,7,83.6
TEAMGROUP T-Create Expert 16 GB,DDR4-3600,2 x 8GB,10,18,4,132.99
Corsair Vengeance RGB Pro SL 32 GB,DDR4-3200,2 x 16GB,10,16,6,289.99
Timetec FBA_75TT160UL1R8-4G 16 GB,DDR3-1600,2 x 8GB,13,11,2,39.99
Timetec PINNACLE Konduit 8 GB,DDR4-3200,1 x 8GB,10,16,0,65.99
Corsair Vengeance RGB 32 GB,DDR5-6400,2 x 16GB,10,32,14,584.99
G.Skill Ripjaws V 64 GB,DDR4-3200,4 x 16GB,10,16,8,529.99
G.Skill Trident Z5 Neo RGB 32 GB,DDR5-6400,2 x 16GB,9,30,5,549.99
TEAMGROUP T-Force Vulcan 32 GB,DDR5-6000,2 x 16GB,12,38,7,399.99
G.Skill Ripjaws V 8 GB,DDR4-2400,1 x 8GB,12,15,10,
Corsair Dominator Titanium 96 GB,DDR5-6400,2 x 48GB,10,32,0,
TEAMGROUP T-Force Delta RGB 64 GB,DDR5-6000,2 x 32GB,12,38,6,939.99
GOODRAM IRDM 32 GB,DDR5-6000,2 x 16GB,10,30,0,
Crucial CT2K8G4DFRA32A 16 GB,DDR4-3200,2 x 8GB,13,22,2,153
Crucial CT2KIT51264BD160B 8 GB,DDR3-1600,2 x 4GB,13,11,4,24.99
Kingston FURY Beast 64 GB,DDR5-6400,2 x 32GB,10,32,1,924.99
ADATA XPG Lancer Blade 16 GB,DDR5-5600,2 x 8GB,16,46,0,
Corsair CMV8GX4M1A2133C15 8 GB,DDR4-2133,1 x 8GB,14,15,9,81.98
G.Skill Aegis 32 GB,DDR4-3200,2 x 16GB,10,16,12,269.99
Crucial CT4K32G4LFQ4213 128 GB,DDR4-2133,4 x 32GB,14,15,0,
G.Skill Aegis 4 GB,DDR4-2400,1 x 4GB,12,15,0,39
Crucial Pro 32 GB,DDR5-6000,2 x 16GB,16,48,0,441.27
Kingston ValueRAM 8 GB,DDR4-2666,1 x 8GB,14,19,3,
G.Skill Ripjaws S5 32 GB,DDR5-6000,2 x 16GB,10,30,34,509.99
V-Color Manta XSky RGB 32 GB,DDR5-6000,2 x 16GB,8,26,0,519.99
TEAMGROUP T-Force Delta RGB 16 GB,DDR4-3200,2 x 8GB,10,16,56,157.99
Corsair Vengeance RGB 32 GB,DDR5-5600,2 x 16GB,14,40,2,
Corsair Vengeance RGB 32 GB,DDR5-6000,2 x 16GB,10,30,6,499.99
Lexar Ares RGB 16 GB,DDR4-3866,2 x 8GB,9,18,0,
Crucial CT2K16G56C46S5 32 GB,DDR5-5600,2 x 16GB,16,46,0,373.68
Corsair Vengeance RGB 32 GB,DDR5-5600,2 x 16GB,14,40,16,457.99
G.Skill Trident Z5 RGB 64 GB,DDR5-6000,2 x 32GB,10,30,7,886.99
Corsair Dominator Platinum RGB 32 GB,DDR5-6000,2 x 16GB,12,36,1,602.99
Biwin Black Opal DW100 RGB 32 GB,DDR5-6000,2 x 16GB,10,30,2,
G.Skill Flare X5 128 GB,DDR5-6000,2 x 64GB,12,36,1,1999.99
Timetec PINNACLE Konduit 16 GB,DDR4-3200,1 x 16GB,10,16,0,119.99
Corsair Vengeance 64 GB,DDR5-6400,2 x 32GB,13,42,0,869.99
Corsair Vengeance 128 GB,DDR5-5600,4 x 32GB,14,40,0,2290.99
G.Skill Trident Z5 Neo 32 GB,DDR5-6000,2 x 16GB,10,30,27,519.99
G.Skill Flare X5 64 GB,DDR5-6000,2 x 32GB,9,28,4,1049.99
Crucial CT64G56C46U5 64 GB,DDR5-5600,1 x 64GB,16,46,0,
G.Skill Trident Z5 RGB 48 GB,DDR5-7200,2 x 24GB,10,36,0,589.99
Corsair Vengeance RGB Pro 32 GB,DDR4-3200,4 x 8GB,10,16,41,
Klevv CRAS V RGB 32 GB,DDR5-6000,2 x 16GB,10,30,2,499.99
Crucial CT2K16G48C40U5 32 GB,DDR5-4800,2 x 16GB,16,40,3,424.99
Patriot Viper Steel 32 GB,DDR4-3200,2 x 16GB,10,16,10,309.61
Timetec PINNACLE Konduit 32 GB,DDR4-3200,2 x 16GB,10,16,1,229.99
G.Skill Trident Z Neo 64 GB,DDR4-3600,2 x 32GB,8,16,3,599.99
Lexar Ares RGB 32 GB,DDR5-6000,2 x 16GB,10,30,4,
G.Skill Trident Z5 Neo RGB 32 GB,DDR5-6000,2 x 16GB,10,30,12,514.98
Kingston FURY Beast 32 GB,DDR4-3200,1 x 32GB,10,16,2,255.21
Silicon Power SP016GBLFU320B22 16 GB,DDR4-3200,2 x 8GB,13,22,11,124.99
G.Skill Trident Z RGB 16 GB,DDR4-3600,2 x 8GB,10,18,3,174.99
G.Skill Flare X5 96 GB,DDR5-6000,2 x 48GB,10,30,0,1199.99
Corsair Vengeance 32 GB,DDR5-5600,2 x 16GB,12,36,61,
Patriot Viper Steel 16 GB,DDR4-3600,2 x 8GB,10,18,2,151.99
Corsair Vengeance LPX 16 GB,DDR4-2666,2 x 8GB,12,16,4,148.99
TEAMGROUP T-Force Vulcan Z 16 GB,DDR4-3200,2 x 8GB,10,16,2,
G.Skill Trident Z5 Neo RGB 64 GB,DDR5-6000,2 x 32GB,8,26,2,1299.99
TEAMGROUP T-Force Delta RGB 16 GB,DDR4-3200,2 x 8GB,10,16,1,174.71
Silicon Power XPOWER Cyclone RGB 48 GB,DDR5-7200,2 x 24GB,10,36,0,455.97
ADATA XPG Lancer Blade RGB 32 GB,DDR5-6000,2 x 16GB,12,36,0,
Patriot Viper Steel 32 GB,DDR4-3600,2 x 16GB,10,18,4,279.99
Corsair Dominator Titanium 64 GB,DDR5-6000,2 x 32GB,10,30,3,1109.99
G.Skill Ripjaws S5 64 GB,DDR5-6000,2 x 32GB,12,36,2,839
Corsair Vengeance LPX 32 GB,DDR4-2666,2 x 16GB,12,16,14,259.99
G.Skill Trident Z RGB 32 GB,DDR4-4000,2 x 16GB,9,18,6,319.99
Crucial CT8G4DFD824A 8 GB,DDR4-2400,1 x 8GB,14,17,7,64
G.Skill Aegis 5 16 GB,DDR5-6000,1 x 16GB,12,36,0,765.02
Corsair Vengeance 96 GB,DDR5-6400,2 x 48GB,10,32,4,1199
PNY XLR8 Gaming EPIC-X RGB 16 GB,DDR4-3200,2 x 8GB,10,16,6,159.99
Corsair Vengeance LPX 16 GB,DDR4-3000,2 x 8GB,10,15,265,
Corsair Dominator Titanium 96 GB,DDR5-6600,2 x 48GB,9,32,1,
TEAMGROUP T-Force Delta RGB 32 GB,DDR5-6000,2 x 16GB,12,38,8,499.99
SK Hynix HMA81GU6MFR8N-UH 8 GB,DDR4-2400,1 x 8GB,14,17,4,
Crucial Ballistix 1 GB,DDR2-1066,1 x 1GB,9,5,0,
Crucial CT25664BA160B 2 GB,DDR3-1600,1 x 2GB,13,11,3,12.97
Corsair Vengeance RGB Pro SL 16 GB,DDR4-3200,2 x 8GB,10,16,9,154.99
TEAMGROUP T-Create Expert 128 GB,DDR5-6400,2 x 64GB,13,42,0,1889.99
Kingston HyperX Fury 16 GB,DDR4-2666,2 x 8GB,12,16,7,
Kingston ValueRAM 8 GB,DDR4-3200,1 x 8GB,13,22,0,74.98
Crucial CT2K16G4DFRA32A 32 GB,DDR4-3200,2 x 16GB,13,22,2,265
G.Skill Trident Z Neo 64 GB,DDR4-3600,2 x 32GB,10,18,5,599.99
Klevv BOLT X 16 GB,DDR4-3600,2 x 8GB,10,18,5,152.99
Klevv CRAS X RGB 16 GB,DDR4-3600,2 x 8GB,10,18,4,139.99
Kingston FURY Renegade 16 GB,DDR4-5333,2 x 8GB,7,20,0,
ADATA Premier 16 GB,DDR5-4800,1 x 16GB,16,40,1,272.99
G.Skill Aegis 32 GB,DDR4-3200,4 x 8GB,10,16,2,229.99
TEAMGROUP T-Force Delta RGB 32 GB,DDR5-6400,2 x 16GB,10,32,5,599.99
TEAMGROUP T-Create Expert 64 GB,DDR5-6000,2 x 32GB,11,34,12,869.99
Patriot Viper Elite 5 RGB 32 GB,DDR5-6000,2 x 16GB,10,30,7,434.99
G.Skill Trident Z RGB 64 GB,DDR4-3600,4 x 16GB,8,16,5,
TEAMGROUP T-Force Delta RGB 32 GB,DDR5-7200,2 x 16GB,9,34,4,619.99
Corsair Vengeance 64 GB,DDR5-5600,2 x 32GB,14,40,3,679.99
Corsair Vengeance LPX 8 GB,DDR4-3200,1 x 8GB,10,16,1,83.99
V-Color Manta XSky RGB 32 GB,DDR5-6400,2 x 16GB,10,32,1,499.99
G.Skill Ripjaws S5 128 GB,DDR5-6400,2 x 64GB,11,36,0,2899.99
Corsair Vengeance LPX 32 GB,DDR4-2400,2 x 16GB,13,16,1,
Patriot Signature 8 GB,DDR3-1333,1 x 8GB,13,9,1,21.99
Lexar Ares RGB 2nd Gen 32 GB,DDR5-6000,2 x 16GB,9,28,2,
G.Skill Ripjaws V 128 GB,DDR4-3600,4 x 32GB,10,18,0,1099.99
Corsair Dominator Titanium 96 GB,DDR5-6600,2 x 48GB,9,32,3,
Corsair Vengeance RGB Pro 64 GB,DDR4-3600,2 x 32GB,10,18,3,
G.Skill Trident Z RGB 32 GB,DDR4-3200,4 x 8GB,10,16,53,339.99
Crucial CT2K4G4DFS824A 8 GB,DDR4-2400,2 x 4GB,14,17,5,84.5
GeIL Dragon RAM 16 GB,DDR4-3200,2 x 8GB,9,15,1,
G.Skill Ripjaws 4 8 GB,DDR4-2400,1 x 8GB,12,15,0,
Corsair Vengeance LPX 16 GB,DDR4-3200,2 x 8GB,10,16,57,
Corsair Vengeance LPX 16 GB,DDR4-3200,2 x 8GB,10,16,25,
Corsair Dominator Platinum RGB 32 GB,DDR5-6200,2 x 16GB,11,36,7,609.99
Corsair Vengeance LPX 32 GB,DDR4-2133,2 x 16GB,12,13,10,269.99
Corsair Vengeance RGB RS 32 GB,DDR4-3200,2 x 16GB,10,16,4,287.99
Corsair Dominator Titanium 32 GB,DDR5-7200,2 x 16GB,9,34,1,653.99
TEAMGROUP Elite 16 GB,DDR4-3200,1 x 16GB,13,22,0,119.99
ADATA XPG Lancer Blade 32 GB,DDR5-6000,2 x 16GB,10,30,13,657.63
G.Skill Trident Z5 Royal Neo RGB 96 GB,DDR5-6000,2 x 48GB,9,28,0,1269.99
G.Skill Flare X5 192 GB,DDR5-6000,4 x 48GB,9,28,0,
Silicon Power XPOWER Zenith Gaming 64 GB,DDR5-6000,2 x 32GB,10,30,2,791.97
Kingston FURY Beast RGB 64 GB,DDR5-5600,2 x 32GB,14,40,1,827.77
G.Skill Ripjaws M5 Neo RGB 64 GB,DDR5-6000,2 x 32GB,12,36,0,
G.Skill Aegis 8 GB,DDR4-3000,1 x 8GB,10,16,27,82.99
Corsair Vengeance RGB Pro SL 32 GB,DDR4-3200,2 x 16GB,10,16,4,289.99
Corsair Vengeance RGB 96 GB,DDR5-6000,2 x 48GB,10,30,7,
Kingston HyperX Fury 16 GB,DDR3-1866,2 x 8GB,10,10,53,
Corsair Vengeance RGB 64 GB,DDR5-6000,2 x 32GB,13,40,5,859.99
TEAMGROUP T-Force Delta RGB 64 GB,DDR5-6000,2 x 32GB,12,38,4,1387.77
Patriot Viper 4 8 GB,DDR4-2800,2 x 4GB,11,16,2,
Silicon Power XPOWER Zenith RGB Gaming 32 GB,DDR5-6000,2 x 16GB,10,30,2,467.79
Timetec PREMIUM 32 GB,DDR4-2133,2 x 16GB,14,15,0,
Crucial CT2K8G4DFS8213 16 GB,DDR4-2133,2 x 8GB,14,15,3,124.79
TEAMGROUP T-Force Delta RGB 32 GB,DDR4-3600,2 x 16GB,10,18,19,333.31
Patriot Viper Venom RGB 16 GB,DDR5-6000,1 x 16GB,10,30,0,239.99
Corsair Vengeance LPX 8 GB,DDR4-3000,1 x 8GB,10,16,7,84.98
Crucial Ballistix MAX 16 GB,DDR4-5100,2 x 8GB,7,19,1,699.99
Corsair Dominator Titanium 64 GB,DDR5-6400,2 x 32GB,10,32,0,1229.99
Patriot Viper Venom 32 GB,DDR5-7000,2 x 16GB,9,32,3,549.99
G.Skill Ripjaws S5 96 GB,DDR5-6800,2 x 48GB,10,34,0,1059.99
G.Skill Trident Z5 Neo RGB 48 GB,DDR5-6000,2 x 24GB,8,26,0,799.99
Kingston FURY Impact 32 GB,DDR5-5600,2 x 16GB,14,40,0,508.7
Patriot Viper Steel 8 GB,DDR4-3200,1 x 8GB,10,16,7,78.98
Lexar THOR 32 GB,DDR4-3200,2 x 16GB,10,16,2,
PNY XLR8 Gaming Low Profile 32 GB,DDR4-3200,2 x 16GB,10,16,0,209.99
Klevv CRAS V RGB 32 GB,DDR5-6000,2 x 16GB,10,30,4,
TEAMGROUP T-Force Vulcan Z 16 GB,DDR4-3600,1 x 16GB,10,18,1,168.52
SK Hynix HMAA2GU6CJR8N-XN 16 GB,DDR4-3200,1 x 16GB,13,22,0,
Crucial CT2K32G48C40U5 64 GB,DDR5-4800,2 x 32GB,16,40,1,820.59
Kingston FURY Impact 16 GB,DDR5-5600,1 x 16GB,14,40,0,264.99
Timetec 75TT24NU2R8-8G 16 GB,DDR4-2400,1 x 16GB,14,17,0,
G.Skill Trident Z5 Neo RGB 64 GB,DDR5-6000,2 x 32GB,8,26,3,
Crucial CT32G48C40U5 32 GB,DDR5-4800,1 x 32GB,16,40,1,399.99
Corsair Vengeance RGB Pro 16 GB,DDR4-2666,2 x 8GB,12,16,8,157.99
G.Skill Trident Z5 RGB 32 GB,DDR5-6000,2 x 16GB,12,36,0,409.99
Corsair Vengeance RGB Pro SL 16 GB,DDR4-3600,2 x 8GB,10,18,7,177.99
Crucial CT2K32G56C46S5 64 GB,DDR5-5600,2 x 32GB,16,46,0,599.99
Kingston FURY Beast RGB 32 GB,DDR5-6000,2 x 16GB,13,40,3,
G.Skill Trident Z RGB 32 GB,DDR4-3200,2 x 16GB,10,16,40,299.99
Corsair Dominator Titanium 32 GB,DDR5-7200,2 x 16GB,9,34,0,654.99
Corsair Vengeance RGB Pro 32 GB,DDR4-3600,2 x 16GB,10,18,17,324.99
Corsair Vengeance 64 GB,DDR5-6600,4 x 16GB,9,32,1,999.99
Corsair Dominator Platinum RGB 32 GB,DDR5-5200,2 x 16GB,15,40,2,482.99
TEAMGROUP T-Create Expert 32 GB,DDR5-6000,2 x 16GB,12,38,9,379.99
Corsair Vengeance LPX 64 GB,DDR4-3600,2 x 32GB,10,18,6,
Patriot Viper Elite 5 Ultra 48 GB,DDR5-6000,2 x 24GB,9,28,0,
PNY XLR8 Gaming EPIC-X RGB 32 GB,DDR4-3200,2 x 16GB,10,16,2,249.99
Kingston FURY Renegade 32 GB,DDR5-6400,2 x 16GB,10,32,2,529.99
Corsair Vengeance RGB 64 GB,DDR5-6000,2 x 32GB,9,28,1,1169.99
Corsair Vengeance LPX 128 GB,DDR4-3200,4 x 32GB,10,16,3,
Kingston FURY Beast RGB 128 GB,DDR5-5600,2 x 64GB,12,36,0,2199.99
TEAMGROUP T-Create Expert 96 GB,DDR5-6400,2 x 48GB,10,32,1,1399.99
Corsair Vengeance 16 GB,DDR3-1600,2 x 8GB,11,9,87,
Crucial CT2K32G4LFQ4213 64 GB,DDR4-2133,2 x 32GB,14,15,0,
Klevv BOLT V 32 GB,DDR5-6000,2 x 16GB,10,30,6,479.99
G.Skill Trident Z RGB 16 GB,DDR4-3000,2 x 8GB,10,16,110,169.99
Corsair Dominator Platinum 64 GB,DDR4-3200,4 x 16GB,10,16,4,
Kingston Kingston Fury Red 16GB ,DDR4-2666,2 x 8GB,12,16,4,
G.Skill Ripjaws S5 32 GB,DDR5-6000,2 x 16GB,10,30,12,643.2
G.Skill Ripjaws V 128 GB,DDR4-3200,4 x 32GB,10,16,1,
Kingston FURY Beast 64 GB,DDR5-6400,2 x 32GB,10,32,0,2026.42
Crucial CT16G4DFD824A 16 GB,DDR4-2400,1 x 16GB,14,17,1,94
Kingston FURY Beast 64 GB,DDR5-6000,2 x 32GB,10,30,3,1129.99
Corsair Vengeance LPX 256 GB,DDR4-3200,8 x 32GB,10,16,1,
G.Skill Ripjaws Z 32 GB,DDR3-1600,4 x 8GB,12,10,2,228.69
Kingston HyperX Fury 16 GB,DDR4-2400,2 x 8GB,12,15,11,
Patriot Viper 3 16 GB,DDR3-1600,2 x 8GB,11,9,5,55.99
Kingston KVR21R15D4K4/64 64 GB,DDR4-2133,4 x 16GB,14,15,0,368.99
Patriot Viper Elite II 32 GB,DDR4-3200,2 x 16GB,11,18,0,277.99
G.Skill Trident Z 128 GB,DDR4-3866,8 x 16GB,9,19,0,
Corsair Vengeance 64 GB,DDR5-6000,2 x 32GB,10,30,10,1117.99
G.Skill Ripjaws X 16 GB,DDR3-1600,2 x 8GB,12,10,67,117.91
ADATA XPG SPECTRIX D35G RGB 32 GB,DDR4-3200,2 x 16GB,10,16,0,331.99
G.Skill Ripjaws M5 Neo RGB 32 GB,DDR5-6000,2 x 16GB,12,36,0,500.98
G.Skill Flare X5 64 GB,DDR5-5600,2 x 32GB,12,36,2,799.99
Kingston FURY Beast 32 GB,DDR4-3200,2 x 16GB,10,16,4,324.77
Crucial Ballistix 32 GB,DDR4-3200,2 x 16GB,10,16,36,
PNY XLR8 16 GB,DDR4-3200,2 x 8GB,10,16,14,149.99
TEAMGROUP T-Create Expert 48 GB,DDR5-6400,2 x 24GB,10,32,2,649.99
TEAMGROUP T-Force Vulcanα 32 GB,DDR5-6000,2 x 16GB,12,38,0,389.95
Corsair Vengeance RGB 96 GB,DDR5-6800,2 x 48GB,11,40,0,1489.99
TEAMGROUP T-Force DELTAα RGB 16 GB,DDR5-6000,2 x 8GB,12,38,1,249.99
Silicon Power XPOWER Pulse Gaming 32 GB,DDR5-6000,2 x 16GB,12,36,0,389.97
Corsair Vengeance RGB Pro 8 GB,DDR4-3200,1 x 8GB,10,16,0,80.99
TEAMGROUP T-Force Vulcan Z 8 GB,DDR4-3200,1 x 8GB,10,16,3,107.83
TEAMGROUP T-Force Delta RGB 64 GB,DDR5-6400,2 x 32GB,9,30,0,1129.99
Crucial Ballistix 16 GB,DDR4-3600,2 x 8GB,8,16,86,
G.Skill Trident Z Royal 32 GB,DDR4-4000,2 x 16GB,9,18,4,
Crucial CT8G4DFS8213 8 GB,DDR4-2133,1 x 8GB,14,15,21,64.78
Corsair Vengeance RGB Pro 64 GB,DDR4-3200,4 x 16GB,10,16,1,
Netac Shadow II 32 GB,DDR4-3200,2 x 16GB,10,16,1,
Corsair Vengeance RGB Pro SL 16 GB,DDR4-3200,2 x 8GB,10,16,13,149.99
Kingston FURY Renegade 64 GB,DDR4-3200,2 x 32GB,10,16,0,1277
Kingston FURY Beast 32 GB,DDR5-5600,1 x 32GB,14,40,1,571.34
Corsair Vengeance LPX 32 GB,DDR4-3000,2 x 16GB,10,16,7,278.99
ADATA XPG SPECTRIX D35G RGB 16 GB,DDR4-3200,1 x 16GB,10,16,0,210.99
G.Skill Trident Z5 CK 48 GB,DDR5-9600,2 x 24GB,9,46,0,
Patriot Viper Xtreme 5 32 GB,DDR5-8200,2 x 16GB,9,38,1,749.99
TEAMGROUP Elite 16 GB,DDR4-3200,2 x 8GB,13,22,1,138.99
OLOy WarHawk RGB 16 GB,DDR4-3600,2 x 8GB,10,18,10,
Patriot Viper Elite 5 Ultra RGB 64 GB,DDR5-6000,2 x 32GB,9,28,1,869.99
Corsair Vengeance RGB Pro 16 GB,DDR4-3600,2 x 8GB,10,18,32,178.99
Kingston FURY Beast RGB 64 GB,DDR5-6000,2 x 32GB,12,36,4,929.99
Kingston FURY Beast 64 GB,DDR5-6000,2 x 32GB,12,36,2,944.99
Corsair XMS2 4 GB,DDR2-1066,2 x 2GB,13,7,1,
TEAMGROUP T-Create Expert 96 GB,DDR5-6400,2 x 48GB,10,32,0,1399.99
Corsair Vengeance 32 GB,DDR5-6000,2 x 16GB,9,28,5,594.99
Patriot Viper Venom RGB 32 GB,DDR5-5600,2 x 16GB,12,36,1,359.99
G.Skill Trident Z5 RGB 32 GB,DDR5-7600,2 x 16GB,9,36,4,534.99
G.Skill Ripjaws S5 64 GB,DDR5-6800,2 x 32GB,10,34,0,989
Kingston HyperX Fury 16 GB,DDR3-1600,2 x 8GB,12,10,6,
Kingston FURY 64 GB,DDR5-6000,2 x 32GB,12,36,0,850
G.Skill Ripjaws S5 64 GB,DDR5-5600,2 x 32GB,10,28,4,
G.Skill Trident Z5 Royal 64 GB,DDR5-6400,2 x 32GB,10,32,8,
Corsair Vengeance RGB Pro 16 GB,DDR4-3000,2 x 8GB,10,15,17,
Kingston Server Premier 32 GB,DDR4-2666,1 x 32GB,14,19,0,
Crucial CT2K16G56C46U5 32 GB,DDR5-5600,2 x 16GB,16,46,2,452
G.Skill Ripjaws V 64 GB,DDR4-3600,2 x 32GB,10,18,12,
Crucial CT32G56C46U5 32 GB,DDR5-5600,1 x 32GB,16,46,0,
Crucial CT2K4G4DFS8213 8 GB,DDR4-2133,2 x 4GB,14,15,25,81.79
TEAMGROUP T-Force Xtreem 32 GB,DDR5-7200,2 x 16GB,9,34,0,539.99
Crucial CT4G4DFS8213 4 GB,DDR4-2133,1 x 4GB,14,15,8,52.78
Samsung Green 8 GB,DDR4-2133,1 x 8GB,14,15,0,
Corsair Vengeance RGB Pro 256 GB,DDR4-3200,8 x 32GB,10,16,0,
Gigabyte AORUS RGB 32 GB,DDR5-6000,2 x 16GB,13,40,0,
KingBank SharpBlade RGB 32 GB,DDR5-6400,2 x 16GB,10,32,2,
Silicon Power XPOWER Zenith RGB Gaming 64 GB,DDR5-6000,2 x 32GB,10,30,1,759.97
Corsair Vengeance RGB Pro SL 32 GB,DDR4-3200,4 x 8GB,10,16,0,279.99
Patriot Viper Steel 16 GB,DDR4-3600,2 x 8GB,9,17,8,154.99
Crucial CT2K64G56C46S5 128 GB,DDR5-5600,2 x 64GB,16,46,1,1349.99
G.Skill Trident Z5 64 GB,DDR5-6000,2 x 32GB,10,32,2,840
Samsung M386A4G40DM0-CPB 32 GB,DDR4-2133,1 x 32GB,14,15,0,178.75
TEAMGROUP T-Create Expert 48 GB,DDR5-7200,2 x 24GB,9,34,4,749.99
Kingston FURY Beast RGB 128 GB,DDR5-5200,4 x 32GB,15,40,1,
TEAMGROUP T-Create Expert 64 GB,DDR5-6000,2 x 32GB,11,34,3,869.99
ADATA XPG Lancer Blade RGB 16 GB,DDR5-6000,1 x 16GB,16,48,0,
Kingston ValueRAM 4 GB,DDR4-3200,1 x 4GB,13,22,0,82.71
Kingston FURY Beast 32 GB,DDR5-6000,2 x 16GB,12,36,14,
TEAMGROUP T-Create Expert 32 GB,DDR5-7200,2 x 16GB,9,34,1,549.99
TEAMGROUP T-Force Vulcan 32 GB,DDR5-5600,2 x 16GB,11,32,1,
G.Skill Trident Z5 Royal Neo 32 GB,DDR5-6000,2 x 16GB,8,26,0,749.99
ADATA XPG GAMMIX D30 16 GB,DDR4-3200,2 x 8GB,10,16,2,
Patriot Viper Elite 5 Ultra RGB 48 GB,DDR5-6000,2 x 24GB,9,28,0,
Patriot Viper 3 8 GB,DDR3-1600,2 x 4GB,11,9,29,27.99
Kingston FURY 16 GB,DDR5-5600,1 x 16GB,14,40,0,
ADATA XPG GAMMIX D10 32 GB,DDR4-3200,2 x 16GB,10,16,3,
G.Skill Trident Z5 Royal 32 GB,DDR5-6400,2 x 16GB,10,32,1,
G.Skill Flare X5 32 GB,DDR5-6000,2 x 16GB,9,28,1,539.99
Crucial CT16G4WFD8213 16 GB,DDR4-2133,1 x 16GB,14,15,3,114.99
Patriot Signature Premium 16 GB,DDR4-2666,2 x 8GB,14,19,3,143.99
Kingston HyperX Fury RGB 16 GB,DDR4-3200,2 x 8GB,10,16,17,
Kingston HyperX Fury 16 GB,DDR4-2666,1 x 16GB,12,16,2,
G.Skill Trident Z5 Royal Neo RGB 32 GB,DDR5-8000,2 x 16GB,9,38,0,619.99
Kingston FURY Renegade 32 GB,DDR4-3600,2 x 16GB,8,16,15,
Crucial CT2K64G56C46U5 128 GB,DDR5-5600,2 x 64GB,16,46,0,
TEAMGROUP T-Create Classic 16 GB,DDR4-3200,2 x 8GB,13,22,4,139.99
Patriot Viper Elite II 16 GB,DDR4-4000,2 x 8GB,10,20,1,149.99
Kingston Fury Renegade RGB 64 GB,DDR5-6400,2 x 32GB,10,32,0,1252.8
G.Skill Trident Z RGB 32 GB,DDR4-3600,2 x 16GB,8,16,42,339.99
G.Skill Trident Z5 Royal Neo RGB 32 GB,DDR5-6400,2 x 16GB,9,30,3,599.99
G.Skill Ripjaws M5 RGB 64 GB,DDR5-6800,2 x 32GB,10,34,0,999.99
Crucial CT8G4RFS824A 8 GB,DDR4-2400,1 x 8GB,14,17,0,
Klevv CRAS V RGB 64 GB,DDR5-6000,2 x 32GB,10,30,2,
G.Skill Trident Z5 Royal 96 GB,DDR5-6400,2 x 48GB,10,32,1,
ADATA XPG SPECTRIX D60G 16 GB,DDR4-3200,2 x 8GB,10,16,25,
G.Skill TridentZ RGB  64 GB,DDR4-4600,2 x 32GB,8,20,0,
G.Skill Trident Z5 RGB 32 GB,DDR5-8000,2 x 16GB,9,38,1,679.99
Silicon Power XPOWER Turbine 8 GB,DDR4-3000,1 x 8GB,10,16,0,58.97
Corsair Vengeance LPX 16 GB,DDR4-3200,2 x 8GB,10,16,3,149.99
Corsair Vengeance LPX 32 GB,DDR4-3200,2 x 16GB,10,16,77,
TEAMGROUP Elite 32 GB,DDR5-4800,1 x 32GB,16,40,0,589.99
G.Skill Aegis 16 GB,DDR4-3200,1 x 16GB,10,16,4,167.66
Corsair Vengeance LPX 16 GB,DDR4-2666,2 x 8GB,12,16,49,148.99
Corsair Dominator Platinum RGB 64 GB,DDR5-6000,2 x 32GB,10,30,2,1214.99
Crucial CT2KIT25664AA800 4 GB,DDR2-800,2 x 2GB,15,6,4,37.99
G.Skill Ripjaws M5 Neo RGB 32 GB,DDR5-6000,2 x 16GB,9,28,2,
Gigabyte AORUS 32 GB,DDR5-5200,2 x 16GB,15,40,3,
Corsair Vengeance RGB 32 GB,DDR5-6000,2 x 16GB,12,36,10,
Crucial CT2K16G4DFD8266 32 GB,DDR4-2666,2 x 16GB,14,19,3,189.98
Kingston FURY Beast RGB 32 GB,DDR5-6400,2 x 16GB,10,32,1,474.99
Kingston Fury Renegade RGB 32 GB,DDR5-6400,2 x 16GB,10,32,2,549.85
Corsair Vengeance LPX 16 GB,DDR4-2133,2 x 8GB,12,13,5,
Crucial CT2K16G4RFD4213 32 GB,DDR4-2133,2 x 16GB,14,15,2,213.99
G.Skill Trident Z5 RGB 64 GB,DDR5-6000,2 x 32GB,9,28,0,1676.89
TEAMGROUP T-Create Expert 64 GB,DDR4-3200,2 x 32GB,10,16,1,514.99
Corsair Vengeance 96 GB,DDR5-6000,2 x 48GB,10,30,3,
Samsung M378B5173DB0-CK0 4 GB,DDR3-1600,1 x 4GB,13,11,4,
G.Skill Ripjaws 16 GB,DDR4-2400,2 x 8GB,13,16,2,122.95
Lexar Ares RGB 32 GB,DDR5-6400,2 x 16GB,10,32,6,759.59
Corsair Vengeance LPX 64 GB,DDR4-2666,4 x 16GB,12,16,3,547.99
Corsair Vengeance LPX 8 GB,DDR4-2400,2 x 4GB,13,16,25,
ADATA XPG Lancer Blade RGB 32 GB,DDR5-6000,2 x 16GB,10,30,5,
Crucial CT16G56C46S5 16 GB,DDR5-5600,1 x 16GB,16,46,0,208.95
G.Skill Trident Z5 Neo RGB 64 GB,DDR5-6000,2 x 32GB,10,30,6,1014.99
G.Skill Ripjaws M5 RGB 32 GB,DDR5-6000,2 x 16GB,10,30,3,
G.Skill Trident Z RGB 64 GB,DDR4-3200,2 x 32GB,10,16,1,599.99
ADATA XPG Z1 16 GB,DDR4-3000,2 x 8GB,10,16,5,
Kingston FURY 128 GB,DDR5-5600,4 x 32GB,14,40,1,
Biwin Black Opal DW100 RGB 32 GB,DDR5-8000,2 x 16GB,9,36,0,
ADATA XPG SPECTRIX D41 16 GB,DDR4-3200,2 x 8GB,10,16,2,
Crucial CT2K16G3ERSLD4160B 32 GB,DDR3-1600,2 x 16GB,13,11,0,92.99
Thermaltake TOUGHRAM XG RGB 64 GB,DDR4-4000,2 x 32GB,9,19,0,549.99
Corsair Vengeance RGB Pro 32 GB,DDR4-2666,2 x 16GB,12,16,3,289.99
Crucial CT8G48C40U5 8 GB,DDR5-4800,1 x 8GB,16,40,0,
Corsair Vengeance LPX 8 GB,DDR4-3600,1 x 8GB,10,18,0,83.99
Kingston ValueRAM 16 GB,DDR4-3200,1 x 16GB,13,22,0,167.9
G.Skill Aegis 5 32 GB,DDR5-6000,2 x 16GB,12,36,0,1180.78
G.Skill Ripjaws V 32 GB,DDR4-4000,2 x 16GB,9,18,12,141.3
G.Skill Trident Z5 Royal Neo RGB 64 GB,DDR5-6000,2 x 32GB,8,26,1,
PNY Performance 8 GB,DDR4-3200,1 x 8GB,13,22,0,
Crucial Ballistix 16 GB,DDR4-3200,2 x 8GB,10,16,10,
OLOy Blade RGB 16 GB,DDR4-3200,2 x 8GB,10,16,0,134.99
G.Skill Trident Z5 CK 48 GB,DDR5-8200,2 x 24GB,9,40,1,779.99
Crucial MTA18ASF4G72AZ-3G2B1 32 GB,DDR4-3200,1 x 32GB,13,22,0,229
G.Skill Trident Z Royal 256 GB,DDR4-3600,8 x 32GB,8,16,0,
Corsair Vengeance RGB Pro 32 GB,DDR4-3200,2 x 16GB,10,16,102,
Kingston HyperX Fury 8 GB,DDR4-2133,2 x 4GB,13,14,90,
G.Skill Aegis 16 GB,DDR4-2666,1 x 16GB,14,19,1,139.99
G.Skill Trident Z RGB 8 GB,DDR4-3200,1 x 8GB,10,16,0,
Crucial CT16G3ERSLD41339 16 GB,DDR3-1333,1 x 16GB,13,9,0,28.99
G.Skill Aegis 32 GB,DDR4-3000,2 x 16GB,10,16,5,234
Corsair Vengeance 96 GB,DDR5-6800,2 x 48GB,11,40,0,1479.99
Corsair Dominator Titanium 48 GB,DDR5-7200,2 x 24GB,10,36,1,
Crucial CT8G4DFS8266 8 GB,DDR4-2666,1 x 8GB,14,19,2,69
ADATA XPG Lancer Blade RGB 32 GB,DDR5-6000,2 x 16GB,16,48,1,638.69
Corsair Dominator Titanium 32 GB,DDR5-6000,2 x 16GB,10,30,4,616.99
G.Skill Ripjaws S5 32 GB,DDR5-6000,2 x 16GB,10,30,4,479.99
ADATA XPG SPECTRIX D35G RGB 32 GB,DDR4-3600,2 x 16GB,10,18,1,
Patriot Viper Elite 5 Ultra 32 GB,DDR5-6000,2 x 16GB,9,28,1,479.99
Crucial CT2K8G48C40U5 16 GB,DDR5-4800,2 x 8GB,16,40,6,
Acer Predator Pallas II 32 GB,DDR5-6000,2 x 16GB,10,30,2,
G.Skill Trident Z RGB 128 GB,DDR4-3600,4 x 32GB,10,18,5,
G.Skill TridentZ RGB  32 GB,DDR4-4800,2 x 16GB,8,20,0,
OLOy MD4U1636181CHKDA 32 GB,DDR4-3600,2 x 16GB,10,18,9,
Patriot Viper Elite 5 RGB 16 GB,DDR5-5600,1 x 16GB,12,36,0,229.99
Crucial CT2K32G4DFD832A 64 GB,DDR4-3200,2 x 32GB,13,22,1,510.7
ADATA XPG SPECTRIX D35G RGB 64 GB,DDR4-3200,2 x 32GB,10,16,0,699.99
Corsair Vengeance RGB Pro 32 GB,DDR4-3200,4 x 8GB,10,16,32,
G.Skill Trident Z Royal 16 GB,DDR4-3000,2 x 8GB,10,16,0,
TEAMGROUP T-Force Vulcan Z 16 GB,DDR4-3600,2 x 8GB,10,18,3,
Patriot Viper Steel 16 GB,DDR4-3600,1 x 16GB,10,18,1,162.99
Corsair Vengeance LPX 32 GB,DDR4-3000,1 x 32GB,10,16,2,
Silicon Power SP008GBSVU480G02 8 GB,DDR5-4800,1 x 8GB,16,40,0,114.97
G.Skill Aegis 16 GB,DDR4-3000,1 x 16GB,10,16,0,155.73
Corsair Vengeance LPX 16 GB,DDR4-2400,1 x 16GB,11,14,2,136.99
Kingston KVR1333D3N9HK2/8G 8 GB,DDR3-1333,2 x 4GB,13,9,2,49.99
Kingston HyperX Fury 16 GB,DDR4-2133,2 x 8GB,13,14,69,
Corsair Dominator Platinum RGB 32 GB,DDR5-5600,2 x 16GB,12,36,0,
TEAMGROUP TPRD416G3200HC2201 16 GB,DDR4-3200,1 x 16GB,13,22,0,
Crucial CT8G4DFD8213 8 GB,DDR4-2133,1 x 8GB,14,15,15,61.99
Klevv BOLT X 32 GB,DDR4-3600,2 x 16GB,10,18,3,289.99
ADATA XPG LANCER RGB 32 GB,DDR5-5200,2 x 16GB,14,38,2,
Patriot Viper Elite 5 RGB 32 GB,DDR5-6000,1 x 32GB,10,30,0,399.99
SK Hynix HMA451U6AFR8N-TF 4 GB,DDR4-2133,1 x 4GB,14,15,2,
SK Hynix HMT41GU6MFR8C-PB 8 GB,DDR3-1600,1 x 8GB,13,11,0,
G.Skill Trident Z5 RGB 64 GB,DDR5-6000,2 x 32GB,10,30,5,939.99
Acer Predator Vesta II RGB 32 GB,DDR5-6000,2 x 16GB,10,30,2,
G.Skill Trident Z5 32 GB,DDR5-6400,2 x 16GB,10,32,1,648.04
TEAMGROUP T-Create Expert 32 GB,DDR4-3600,2 x 16GB,10,18,8,264.99
Silicon Power XPOWER Zenith Gaming 32 GB,DDR5-6000,2 x 16GB,12,36,0,369.97
Corsair Vengeance RGB Pro 16 GB,DDR4-2666,2 x 8GB,12,16,6,157.99
G.Skill Trident Z5 Neo RGB 48 GB,DDR5-6000,2 x 24GB,8,26,1,799.99
Corsair ValueSelect 16 GB,DDR4-2133,1 x 16GB,14,15,0,134.99
G.Skill Trident Z Royal 32 GB,DDR4-3200,2 x 16GB,10,16,14,319.99
Crucial CT2K16G4DFRA266 32 GB,DDR4-2666,2 x 16GB,14,19,0,219
Crucial CT32G48C40S5 32 GB,DDR5-4800,1 x 32GB,16,40,0,348.25
Corsair Vengeance 48 GB,DDR5-5600,2 x 24GB,14,40,0,627.99
G.Skill Trident Z5 Neo RGB 32 GB,DDR5-6000,2 x 16GB,10,32,7,519.99
Kingston Fury Renegade RGB 32 GB,DDR5-8000,2 x 16GB,9,38,0,539.99
Corsair Vengeance RGB 96 GB,DDR5-6400,2 x 48GB,10,32,1,
Kingston HyperX Fury 8 GB,DDR4-3200,1 x 8GB,11,18,9,
TEAMGROUP T-Force Delta RGB 32 GB,DDR5-6200,2 x 16GB,12,38,1,
Klevv CRAS V RGB 64 GB,DDR5-6000,2 x 32GB,10,30,1,
TEAMGROUP T-Force Vulcan 64 GB,DDR5-6000,2 x 32GB,12,38,0,929.99
Corsair Vengeance RGB Pro 64 GB,DDR4-3200,2 x 32GB,10,16,6,
Patriot Viper Steel RGB 16 GB,DDR4-3200,1 x 16GB,11,18,0,149.99
Corsair Vengeance 8 GB,DDR3-1600,2 x 4GB,11,9,163,
Patriot Venom 64 GB,DDR5-6000,2 x 32GB,10,30,5,
Corsair CORSAIR Vengeance LPX 16GB ,DDR4-3000,2 x 8GB,10,16,8,
Corsair Vengeance RGB Pro 16 GB,DDR4-3600,1 x 16GB,10,18,4,162.99
Corsair Vengeance LPX 16 GB,DDR4-3600,2 x 8GB,8,16,14,
Mushkin 971130A 1 GB,DDR-400,1 x 1GB,15,3,0,
G.Skill Trident Z RGB 16 GB,DDR4-3600,2 x 8GB,10,18,138,
G.Skill Trident Z5 RGB 32 GB,DDR5-6400,2 x 16GB,10,32,10,519.99
G.Skill Trident Z5 Royal 32 GB,DDR5-7200,2 x 16GB,9,34,2,589.99
Patriot Viper 4 16 GB,DDR4-3200,2 x 8GB,10,16,7,
Patriot Viper Steel RGB 16 GB,DDR4-3200,2 x 8GB,11,18,1,187.99
Corsair Dominator Titanium RGB 96 GB,DDR5-6000,2 x 48GB,10,30,1,
G.Skill Trident Z 32 GB,DDR4-3200,2 x 16GB,10,16,1,
G.Skill Trident Z RGB 96 GB,DDR5-6400,2 x 48GB,10,32,0,1169.99
Patriot Signature Line 8 GB,DDR5-4800,1 x 8GB,16,40,1,132.99
KingBank SharpBlade 32 GB,DDR5-6000,2 x 16GB,12,36,2,
Timetec PINNACLE Konduit RGB 64 GB,DDR4-3600,2 x 32GB,10,18,0,
G.Skill Trident Z5 RGB 48 GB,DDR5-8000,2 x 24GB,10,40,2,669.99
Corsair Vengeance LPX 16 GB,DDR4-3000,1 x 16GB,10,16,6,139.99
Corsair Dominator Platinum 16 GB,DDR3-2400,4 x 4GB,7,9,0,541.48
TEAMGROUP T-Force Vulcan 32 GB,DDR5-6000,2 x 16GB,10,30,2,529.99
Crucial Ballistix 16 GB,DDR4-3000,2 x 8GB,10,15,4,
Mushkin Redline 16 GB,DDR4-2800,2 x 8GB,12,17,0,115.01
Kingston KVR16N11/8 8 GB,DDR3-1600,1 x 8GB,13,11,7,44.34
ADATA XPG GAMMIX D10 16 GB,DDR4-3000,2 x 8GB,10,16,14,
Netac Shadow II 16 GB,DDR4-3600,2 x 8GB,10,18,0,
Corsair Vengeance RGB RS 16 GB,DDR4-3600,2 x 8GB,10,18,2,175.99
G.Skill Ripjaws V 16 GB,DDR4-2400,2 x 8GB,14,17,1,149.99
Corsair Vengeance RGB RT 32 GB,DDR4-3600,2 x 16GB,8,16,18,
Crucial CT25664AA1067 2 GB,DDR2-1066,1 x 2GB,13,7,0,36.63
Thermaltake TOUGHRAM XG RGB D5 32 GB,DDR5-6000,2 x 16GB,12,36,1,
Kingston ValueRAM 1 GB,DDR2-667,1 x 1GB,14,5,0,12.43
G.Skill Ripjaws S5 48 GB,DDR5-5200,2 x 24GB,15,40,0,499.99
G.Skill Trident Z5 48 GB,DDR5-8400,2 x 24GB,9,40,0,
Silicon Power SP008GBLFU320X02 8 GB,DDR4-3200,1 x 8GB,13,22,0,62.97
Kingston FURY Renegade Pro 256 GB,DDR5-6400,8 x 32GB,10,32,0,
Kingston FURY Renegade 96 GB,DDR5-6000,2 x 48GB,10,32,1,1434.36
PNY XLR8 Gaming RGB 32 GB,DDR5-6000,2 x 16GB,12,36,4,
Timetec 75TT133U2R8-8G 8 GB,DDR3-1333,1 x 8GB,13,9,0,23.99
OLOy MD4U082616BJDA 16 GB,DDR4-2666,2 x 8GB,12,16,1,
Patriot Viper Steel 64 GB,DDR4-3200,2 x 32GB,10,16,1,574.99
PNY XLR8 Gaming EPIC-X RGB 16 GB,DDR4-3600,2 x 8GB,10,18,5,149.99
PNY XLR8 16 GB,DDR4-3600,2 x 8GB,10,18,0,149.99
ADATA AD4U266638G19-S 8 GB,DDR4-2666,1 x 8GB,14,19,1,
TEAMGROUP T-Create Expert 32 GB,DDR5-6000,2 x 16GB,12,38,2,469.99
G.Skill Ripjaws M5 RGB 32 GB,DDR5-6000,2 x 16GB,12,36,0,499.99
Crucial CT8G56C46S5 8 GB,DDR5-5600,1 x 8GB,16,46,0,176
Kingston KCP421NS8/4 4 GB,DDR4-2133,1 x 4GB,14,15,1,42.79
G.Skill Trident Z 16 GB,DDR4-4400,2 x 8GB,8,19,0,184
Corsair Vengeance 32 GB,DDR3-2133,4 x 8GB,9,10,2,
G.Skill Flare X5 64 GB,DDR5-6000,2 x 32GB,9,28,0,1049.99
G.Skill Trident Z Neo 32 GB,DDR4-4000,2 x 16GB,9,18,4,319.99
Corsair Vengeance RGB Pro SL 64 GB,DDR4-3200,4 x 16GB,10,16,0,579.99
Klevv CRAS V RGB 48 GB,DDR5-6000,2 x 24GB,10,30,1,
V-Color TRA564G60D434Q 256 GB,DDR5-6000,4 x 64GB,11,34,0,10319.99
Patriot Viper Xtreme 5 48 GB,DDR5-8200,2 x 24GB,9,38,0,899.99
Patriot Viper Venom 32 GB,DDR5-5600,1 x 32GB,12,36,0,389.99
Kingston FURY Beast RGB 64 GB,DDR4-3600,2 x 32GB,10,18,0,699.99
Corsair Vengeance RGB Pro 128 GB,DDR4-4000,4 x 32GB,9,18,0,
Lexar THOR OC 32 GB,DDR5-5600,2 x 16GB,12,36,0,
G.Skill Trident Z5 RGB 32 GB,DDR5-5600,2 x 16GB,12,36,2,500.35
Corsair Dominator Platinum RGB 64 GB,DDR5-5600,2 x 32GB,14,40,0,1394.41
G.Skill Trident Z Neo 64 GB,DDR4-3600,4 x 16GB,8,16,19,
Corsair Dominator Platinum RGB 32 GB,DDR5-6200,2 x 16GB,11,36,11,609.99
G.Skill Trident Z RGB 32 GB,DDR4-3200,2 x 16GB,8,14,17,625
Corsair Vengeance RGB Pro SL 32 GB,DDR4-3600,2 x 16GB,10,18,10,321.99
G.Skill Trident Z 32 GB,DDR4-3200,2 x 16GB,10,16,7,289.99
Crucial Ballistix Sport 8 GB,DDR3-1600,1 x 8GB,11,9,60,69.98
Kingston ValueRAM 2 GB,DDR2-667,1 x 2GB,14,5,1,13.49
Crucial Ballistix Sport LT 16 GB,DDR4-3200,2 x 8GB,10,16,24,
Crucial CT16G4DFD832A 16 GB,DDR4-3200,1 x 16GB,13,22,0,129
G.Skill Aegis 64 GB,DDR4-3200,4 x 16GB,10,16,0,
G.Skill Flare X 64 GB,DDR4-3200,4 x 16GB,10,16,0,1053.09
Crucial CT32G56C46S5 32 GB,DDR5-5600,1 x 32GB,16,46,0,379.99
Crucial CT2K16G48C40S5 32 GB,DDR5-4800,2 x 16GB,16,40,0,402.66
G.Skill Trident Z5 32 GB,DDR5-6000,2 x 16GB,10,30,0,
TEAMGROUP T-Force Vulcan Z 16 GB,DDR4-3000,2 x 8GB,10,16,25,
Patriot Viper 4 16 GB,DDR4-2666,4 x 4GB,11,15,0,126.91
Patriot Viper 4 GB,DDR2-1066,2 x 2GB,9,5,2,
Kingston HyperX Predator 16 GB,DDR4-3200,2 x 8GB,10,16,11,
Patriot Signature Line 16 GB,DDR4-3200,1 x 16GB,13,22,0,144.99
Crucial CT32G4DFD832A 32 GB,DDR4-3200,1 x 32GB,13,22,0,262.75
Crucial CT2K8G4DFD824A 16 GB,DDR4-2400,2 x 8GB,14,17,4,133
Patriot Viper Elite II 16 GB,DDR4-3200,2 x 8GB,11,18,0,137.99
G.Skill Ripjaws X 16 GB,DDR3-2400,2 x 8GB,9,11,11,134.21
G.Skill Flare X 16 GB,DDR4-3200,2 x 8GB,8,14,54,
Crucial Ballistix Sport LT 16 GB,DDR4-2400,2 x 8GB,13,16,3,
Corsair Dominator Platinum RGB 32 GB,DDR4-3200,2 x 16GB,10,16,20,
Patriot Viper Elite 5 RGB 32 GB,DDR5-5600,1 x 32GB,13,38,1,399.99
Kingston ValueRAM 32 GB,DDR5-5600,1 x 32GB,16,46,0,419
Corsair ValueSelect 8 GB,DDR4-2666,1 x 8GB,13,18,2,83.98
V-Color TD48G26S819-VC 8 GB,DDR4-2666,1 x 8GB,14,19,1,
Crucial Ballistix 8 GB,DDR4-3600,1 x 8GB,8,16,1,
Silicon Power XPOWER Zenith Gaming 16 GB,DDR4-3200,2 x 8GB,10,16,4,
Patriot Viper Elite II 8 GB,DDR4-3200,1 x 8GB,11,18,0,77.98
Mushkin Redline 32 GB,DDR4-3600,2 x 16GB,8,16,0,
G.Skill Trident Z RGB 16 GB,DDR4-3600,2 x 8GB,8,16,21,285.08
ADATA XPG SPECTRIX D50 16 GB,DDR4-3200,2 x 8GB,10,16,0,
G.Skill Trident Z Neo 64 GB,DDR4-3200,4 x 16GB,10,16,0,799.24
Patriot Viper Steel 8 GB,DDR4-3200,2 x 4GB,10,16,3,94.99
Lexar THOR 8 GB,DDR4-3200,1 x 8GB,10,16,0,
Kingston FURY Beast RGB 32 GB,DDR4-3600,2 x 16GB,10,18,2,
Kingston FURY Beast RGB 16 GB,DDR5-6000,2 x 8GB,13,40,4,
Corsair Dominator Platinum RGB 64 GB,DDR5-5200,2 x 32GB,15,40,1,926.99
Mushkin Silverline 8 GB,DDR4-2400,1 x 8GB,14,17,0,56.54
Corsair Dominator Titanium 48 GB,DDR5-7600,2 x 24GB,9,36,0,
Crucial Ballistix 32 GB,DDR4-3600,2 x 16GB,8,16,25,
Gigabyte AORUS RGB 16 GB,DDR4-3600,2 x 8GB,10,18,3,
TEAMGROUP T-Force Vulcan 128 GB,DDR5-6400,2 x 64GB,10,34,0,
G.Skill Ripjaws V 16 GB,DDR4-4000,2 x 8GB,9,18,0,169.99
G.Skill Trident Z RGB 16 GB,DDR4-2400,2 x 8GB,12,15,19,
TEAMGROUP T-Create Expert 64 GB,DDR5-6400,2 x 32GB,10,34,2,1000
Corsair Vengeance RGB 48 GB,DDR5-6000,2 x 24GB,12,36,0,
Apacer Panther RGB 32 GB,DDR5-6000,2 x 16GB,13,40,0,
Crucial Pro 48 GB,DDR5-5600,2 x 24GB,16,46,0,
G.Skill Ripjaws V 16 GB,DDR4-3200,2 x 8GB,10,16,25,164.99
Timetec PINNACLE Konduit 32 GB,DDR4-3600,1 x 32GB,10,18,0,99.99
G.Skill Trident Z5 RGB 64 GB,DDR5-6000,2 x 32GB,12,36,3,859.99
Corsair Vengeance RGB 32 GB,DDR5-6000,2 x 16GB,13,40,21,
Patriot Viper Venom RGB 32 GB,DDR5-6000,2 x 16GB,12,36,0,389.99
PNY XLR8 Gaming RGB 32 GB,DDR5-6400,2 x 16GB,11,36,0,411.05
Crucial CT8G4DFRA266 8 GB,DDR4-2666,1 x 8GB,14,19,0,65
Patriot Viper Elite II 4 GB,DDR4-2666,1 x 4GB,12,16,1,
Corsair Vengeance RGB RS 16 GB,DDR4-3200,1 x 16GB,10,16,1,143.99
Klevv CRAS X RGB 16 GB,DDR4-3200,2 x 8GB,10,16,1,
Patriot Viper Elite II 32 GB,DDR4-4000,2 x 16GB,10,20,1,
TEAMGROUP T-Force Xtreem ARGB 16 GB,DDR4-3600,2 x 8GB,10,18,4,162.99
Corsair Vengeance RGB RS 8 GB,DDR4-3200,1 x 8GB,10,16,0,79.99
G.Skill NS 4 GB,DDR3-1600,1 x 4GB,13,11,3,
SK Hynix HMT351U7BFR8A-H9 4 GB,DDR3-1333,1 x 4GB,13,9,1,
TEAMGROUP T-Force Vulcan Z 16 GB,DDR4-3600,2 x 8GB,7,14,0,
Kingston FURY Beast 32 GB,DDR5-6000,2 x 16GB,10,30,3,
TEAMGROUP T-Force Vulcan 32 GB,DDR5-5200,2 x 16GB,15,40,0,369.99
Patriot Viper LED 16 GB,DDR4-2400,2 x 8GB,11,14,0,
Crucial CT2K102464BD186D 16 GB,DDR3-1866,2 x 8GB,13,13,0,79.79
Lexar Ares RGB 32 GB,DDR5-6400,2 x 16GB,10,32,1,
Lexar Ares RGB 2nd Gen 32 GB,DDR5-6000,2 x 16GB,8,26,0,
Crucial CT4K16G4DFD8266 64 GB,DDR4-2666,4 x 16GB,14,19,0,497.99
Kingston FURY Beast 32 GB,DDR5-4800,2 x 16GB,15,38,5,
ADATA XPG GAMMIX D20 16 GB,DDR4-3200,2 x 8GB,10,16,3,179.99
Crucial CT64G4LFQ424A 64 GB,DDR4-2400,1 x 64GB,14,17,0,
Patriot Viper Elite 5 Ultra RGB 96 GB,DDR5-6000,2 x 48GB,9,28,0,
TEAMGROUP Elite 32 GB,DDR4-3200,2 x 16GB,13,22,3,300.99
Crucial CT4G4RFS8266 4 GB,DDR4-2666,1 x 4GB,14,19,0,37.7
G.Skill Trident Z Neo 32 GB,DDR4-3600,2 x 16GB,10,18,30,309.99
Corsair Vengeance LPX 8 GB,DDR4-2666,1 x 8GB,12,16,11,84.98
Mushkin Proline 8 GB,DDR3-1600,1 x 8GB,13,11,0,27.91
ADATA XPG Z1 16 GB,DDR4-2400,2 x 8GB,13,16,6,
G.Skill Trident Z 16 GB,DDR4-3200,2 x 8GB,10,16,27,201.65
Patriot Signature Line 8 GB,DDR4-3200,1 x 8GB,13,22,0,73.98
G.Skill Ripjaws Z 32 GB,DDR3-2400,4 x 8GB,9,11,1,266.79
Corsair Vengeance RGB Pro 32 GB,DDR4-3600,4 x 8GB,10,18,16,
GeIL ORION V RGB AMD 32 GB,DDR5-5600,2 x 16GB,13,38,0,
G.Skill Trident Z5 RGB 96 GB,DDR5-6400,2 x 48GB,9,30,0,
Crucial Ballistix Sport LT 4 GB,DDR4-2400,1 x 4GB,13,16,1,103.46
G.Skill Ripjaws V 16 GB,DDR4-3200,2 x 8GB,10,16,2,
Kingston Fury Renegade RGB 48 GB,DDR5-6400,2 x 24GB,10,32,0,
Kingston FURY Renegade 32 GB,DDR5-7200,2 x 16GB,10,38,1,740.72
Silicon Power SU016GLSTU160N22AH 16 GB,DDR3-1600,2 x 8GB,13,11,0,41.97
Kingston Fury Renegade RGB 32 GB,DDR5-6000,2 x 16GB,10,32,3,
Klevv FIT V 32 GB,DDR5-6000,2 x 16GB,10,32,3,459.99
G.Skill Ripjaws V 32 GB,DDR4-4000,2 x 16GB,8,16,0,
Kingston KVR16R11D4K4/64 64 GB,DDR3-1600,4 x 16GB,13,11,1,198.98
PNY XLR8 Gaming EPIC-X RGB 32 GB,DDR4-3600,2 x 16GB,10,18,1,299.99
G.Skill Trident Z Royal 64 GB,DDR4-3600,4 x 16GB,8,16,3,708.07
Silicon Power SP008GBLFU240X02 8 GB,DDR4-2400,1 x 8GB,14,17,0,
ADATA XPG LANCER RGB 32 GB,DDR5-6000,2 x 16GB,10,30,3,
G.Skill Ripjaws S5 32 GB,DDR5-6800,2 x 16GB,10,34,1,509.99
ADATA XPG Lancer Blade 16 GB,DDR5-6000,1 x 16GB,10,30,1,397.09
G.Skill Trident Z Royal 16 GB,DDR4-3200,2 x 8GB,10,16,19,
Kingston HyperX Fury 8 GB,DDR3-1600,2 x 4GB,12,10,49,
OLOy OWL RGB 16 GB,DDR4-3200,2 x 8GB,10,16,0,
G.Skill Ripjaws M5 RGB 64 GB,DDR5-6400,2 x 32GB,10,32,1,979.99
ADATA XPG Lancer Blade 64 GB,DDR5-6000,2 x 32GB,10,30,0,1690.59
G.Skill Ripjaws S5 32 GB,DDR5-5200,2 x 16GB,15,40,3,459.99
Timetec PINNACLE Konduit RGB 32 GB,DDR4-3200,2 x 16GB,10,16,0,249.99
Kingston FURY Beast RGB 16 GB,DDR4-3600,2 x 8GB,9,17,3,
GOODRAM IRDM PRO 32 GB,DDR4-3600,2 x 16GB,10,18,0,382.79
G.Skill Ripjaws V 16 GB,DDR4-2133,2 x 8GB,14,15,21,
TEAMGROUP T-Create Classic 32 GB,DDR5-5600,2 x 16GB,16,46,3,434.99
Timetec PINNACLE Konduit 16 GB,DDR4-3200,2 x 8GB,10,16,1,
ADATA XPG Z1 8 GB,DDR4-2800,2 x 4GB,12,17,4,
Corsair Vengeance LPX 32 GB,DDR4-2666,4 x 8GB,12,16,4,296.99
TEAMGROUP T-Force Vulcan Z 64 GB,DDR4-3200,2 x 32GB,10,16,9,
G.Skill Trident X Series 16 GB,DDR3-2933,2 x 8GB,8,12,1,
Crucial CT2K8G56C46S5 16 GB,DDR5-5600,2 x 8GB,16,46,0,
Thermaltake TOUGHRAM 16 GB,DDR4-4000,2 x 8GB,9,19,0,169.99
Kingston FURY Beast 4 GB,DDR4-3200,1 x 4GB,10,16,0,
Kingston ValueRAM 2 GB,DDR2-800,1 x 2GB,15,6,2,19.98
G.Skill F2-6400CL5Q-16GBPQ 16 GB,DDR2-800,4 x 4GB,12,5,0,
TEAMGROUP T-Create Expert 32 GB,DDR5-7200,2 x 16GB,9,34,0,549.99
G.Skill Ripjaws V 8 GB,DDR4-2400,2 x 4GB,12,15,32,
G.Skill Ripjaws V 32 GB,DDR4-2133,2 x 16GB,14,15,4,
GeIL Dragon RAM 32 GB,DDR4-3000,2 x 16GB,10,15,0,
ADATA XPG SPECTRIX D35G RGB 8 GB,DDR4-3600,1 x 8GB,10,18,0,
Patriot Viper Elite 5 16 GB,DDR5-5600,1 x 16GB,12,36,0,
G.Skill Trident Z RGB 32 GB,DDR4-4000,4 x 8GB,9,18,0,289
Crucial CT8G4DFS832A 8 GB,DDR4-3200,1 x 8GB,13,22,1,75
Corsair Dominator Platinum RGB 16 GB,DDR4-3600,2 x 8GB,10,18,6,
Crucial Ballistix Sport LT 8 GB,DDR4-2400,1 x 8GB,13,16,50,109
G.Skill Value 8 GB,DDR4-2400,2 x 4GB,14,17,0,105.94
Kingston HyperX Fury 8 GB,DDR4-2400,1 x 8GB,12,15,7,
Corsair Vengeance LPX 16 GB,DDR4-3200,2 x 8GB,10,16,20,
G.Skill Ripjaws V 64 GB,DDR4-4600,2 x 32GB,8,20,0,
Corsair Vengeance LPX 16 GB,DDR4-2400,2 x 8GB,11,14,11,148.99
TEAMGROUP T-Force Vulcan Z 8 GB,DDR4-3600,1 x 8GB,10,18,0,98.56
Kingston KVR16N11S8/4 4 GB,DDR3-1600,1 x 4GB,13,11,4,22.57
Corsair Vengeance LPX 32 GB,DDR4-3200,2 x 16GB,10,16,6,
TEAMGROUP T-Force Vulcan TUF Gaming Alliance 16 GB,DDR4-3200,2 x 8GB,10,16,14,
Kingston KCP424SD8/16 16 GB,DDR4-2400,1 x 16GB,14,17,0,112.99
TEAMGROUP T-Force Delta RGB 48 GB,DDR5-8200,2 x 24GB,9,38,1,
Patriot Viper Elite 5 RGB 48 GB,DDR5-6000,2 x 24GB,10,30,0,814.94
Kingston Fury Renegade RGB 16 GB,DDR5-6400,1 x 16GB,10,32,0,279.27
Kingston KVR1333D3N9K4/32G 32 GB,DDR3-1333,4 x 8GB,13,9,0,147.1
Silicon Power XPOWER Zenith RGB Gaming 16 GB,DDR4-3600,2 x 8GB,10,18,1,150.97
OLOy MD4U083016BJDA 16 GB,DDR4-3000,2 x 8GB,10,16,1,
Patriot Viper Venom 16 GB,DDR5-6400,2 x 8GB,10,32,0,
G.Skill Trident Z5 Neo 32 GB,DDR5-6000,2 x 16GB,10,32,2,665.25
TEAMGROUP T-Force Vulcan Z 32 GB,DDR4-3200,2 x 16GB,10,16,0,
ADATA XPG Z1 16 GB,DDR4-3200,2 x 8GB,10,16,0,199.99
ADATA XPG SPECTRIX D50 8 GB,DDR4-3200,1 x 8GB,10,16,0,
G.Skill Ripjaws V 32 GB,DDR4-3200,4 x 8GB,10,16,7,
G.Skill Trident Z Royal 32 GB,DDR4-3600,2 x 16GB,10,19,18,
G.Skill Trident Z Royal 256 GB,DDR4-3600,8 x 32GB,10,18,1,
OLOy ND4U1632161DJ0DA 32 GB,DDR4-3200,2 x 16GB,10,16,3,
TEAMGROUP Elite Plus 16 GB,DDR4-3200,2 x 8GB,13,22,0,
PNY XLR8 Gaming 32 GB,DDR5-6000,2 x 16GB,12,36,1,
Crucial CT64G56C46S5 64 GB,DDR5-5600,1 x 64GB,16,46,0,789.99
G.Skill Trident Z5 64 GB,DDR5-6000,2 x 32GB,10,30,0,1187.99
Timetec PINNACLE Konduit RGB 16 GB,DDR4-3200,2 x 8GB,10,16,0,129.99
V-Color TRA532G72D834Q 128 GB,DDR5-7200,4 x 32GB,9,34,0,5379.99
G.Skill TridentZ RGB  16 GB,DDR4-4000,2 x 8GB,8,17,0,
G.Skill Flare X5 16 GB,DDR5-5600,1 x 16GB,12,36,4,
Kingston FURY Renegade 32 GB,DDR4-3600,2 x 16GB,8,16,0,429.99
Kingston HyperX Fury 32 GB,DDR4-2400,4 x 8GB,12,15,1,
Corsair CORSAIR Vengeance LED 16GB ,DDR4-3000,2 x 8GB,10,16,2,
ADATA XPG SPECTRIX D50 32 GB,DDR4-3200,2 x 16GB,10,16,0,
Crucial Ballistix 8 GB,DDR4-3200,1 x 8GB,10,16,0,
Crucial CT48G56C46S5 48 GB,DDR5-5600,1 x 48GB,16,46,0,499.99
Gigabyte AORUS RGB 16 GB,DDR4-3733,2 x 8GB,9,18,0,
Corsair Vengeance 48 GB,DDR5-6000,2 x 24GB,10,30,3,
Crucial Classic 64 GB,DDR5-5600,2 x 32GB,16,46,0,
Corsair Vengeance LPX 16 GB,DDR4-3600,1 x 16GB,10,18,0,155.99
Corsair Vengeance RGB Pro SL 64 GB,DDR4-3600,4 x 16GB,10,18,2,
G.Skill Ripjaws V 16 GB,DDR4-2666,2 x 8GB,11,15,18,
Klevv BOLT X 8 GB,DDR4-3200,1 x 8GB,10,16,3,
Silicon Power SP016GBSVU560F02 16 GB,DDR5-5600,1 x 16GB,16,46,0,197.97
PNY XLR8 Gaming MAKO 16 GB,DDR5-6000,1 x 16GB,12,36,0,
Patriot Viper 3 16 GB,DDR3-1600,2 x 8GB,12,10,3,57.99
Patriot Viper 4 Blackout 16 GB,DDR4-3000,2 x 8GB,10,16,3,
Corsair Vengeance RGB Pro 32 GB,DDR4-2666,2 x 16GB,12,16,1,
G.Skill Ripjaws S5 32 GB,DDR5-5600,2 x 16GB,10,28,5,
TEAMGROUP T-Force Vulcan Z 8 GB,DDR4-3000,1 x 8GB,10,16,1,
TEAMGROUP T-Force Dark Za 32 GB,DDR4-3600,2 x 16GB,10,18,11,
Corsair Vengeance RGB RT 256 GB,DDR4-3600,8 x 32GB,10,18,0,
TEAMGROUP T-Force Delta RGB 96 GB,DDR5-7000,2 x 48GB,9,34,0,
G.Skill Trident Z5 Royal 32 GB,DDR5-7600,2 x 16GB,9,36,0,744.46
TEAMGROUP Xtreem ARGB 32 GB,DDR5-7200,2 x 16GB,9,34,0,559.99
Kingston FURY Renegade Pro 128 GB,DDR5-5600,4 x 32GB,10,28,0,
TEAMGROUP T-Create Classic 32 GB,DDR4-3200,2 x 16GB,13,22,7,259.99
Silicon Power SP016GBLVU560F02 16 GB,DDR5-5600,1 x 16GB,16,46,0,222.97
V-Color TRA516G72S834O 128 GB,DDR5-7200,8 x 16GB,9,34,0,5639.99
Silicon Power SP004GBLFU213N02 4 GB,DDR4-2133,1 x 4GB,14,15,0,
Mushkin 971307B 1 GB,DDR-333,1 x 1GB,18,3,0,
Apacer AU 8 GB,DDR4-3200,1 x 8GB,13,22,0,
Acer Predator Vesta II RGB 32 GB,DDR5-6000,2 x 16GB,10,32,0,
Corsair Vengeance LPX 16 GB,DDR4-3600,2 x 8GB,10,18,8,166.99
Patriot Signature Premium 8 GB,DDR4-2400,1 x 8GB,14,17,1,
Corsair Vengeance RGB Pro SL 16 GB,DDR4-3600,2 x 8GB,10,18,11,177.99
Klevv CRAS X RGB 32 GB,DDR4-3600,2 x 16GB,10,18,1,
Lexar THOR 32 GB,DDR4-3600,2 x 16GB,10,18,1,
Kingston HyperX Fury 4 GB,DDR4-2666,1 x 4GB,12,16,3,
Corsair Dominator Platinum RGB 32 GB,DDR4-3600,4 x 8GB,10,18,12,
G.Skill Trident Z5 RGB 32 GB,DDR5-6000,2 x 16GB,10,30,3,665.25
PNY XLR8 Gaming 64 GB,DDR5-6000,2 x 32GB,10,30,0,
Patriot Viper Steel 64 GB,DDR4-3600,2 x 32GB,10,18,2,579.99
Patriot Viper Elite 5 Ultra RGB 32 GB,DDR5-6000,2 x 16GB,9,28,0,499.99
G.Skill Ripjaws X 16 GB,DDR3-1866,2 x 8GB,9,9,47,129.99
Patriot Viper Steel 16 GB,DDR4-4400,2 x 8GB,8,19,19,
Corsair Dominator Platinum 8 GB,DDR3-3200,2 x 4GB,8,13,0,
G.Skill Trident Z Royal 128 GB,DDR4-4000,4 x 32GB,9,18,1,
G.Skill Trident Z5 RGB 64 GB,DDR5-6400,2 x 32GB,10,32,6,925
Corsair Dominator Platinum RGB 32 GB,DDR5-6000,2 x 16GB,10,30,4,607.99
TEAMGROUP Xtreem 32 GB,DDR5-7200,2 x 16GB,9,34,0,539.99
G.Skill Flare X5 32 GB,DDR5-5600,2 x 16GB,10,30,3,
G.Skill Trident Z5 Neo RGB 48 GB,DDR5-6400,2 x 24GB,10,32,3,
Corsair Vengeance RGB Pro 16 GB,DDR4-3000,2 x 8GB,10,16,53,159.99
Patriot Viper Venom 48 GB,DDR5-6000,2 x 24GB,10,30,0,
Kingston Server Premier 8 GB,DDR4-3200,1 x 8GB,13,22,0,129
Corsair Vengeance LPX 8 GB,DDR4-2400,1 x 8GB,11,14,8,84.98
G.Skill Ripjaws 8 GB,DDR3-1600,2 x 4GB,11,9,108,47.88
Patriot Signature Line 4 GB,DDR4-2666,1 x 4GB,14,19,1,
G.Skill Trident X 32 GB,DDR3-2400,4 x 8GB,8,10,8,328.43
V-Color TRA532G72D834O 256 GB,DDR5-7200,8 x 32GB,9,34,0,10759.99
Kingston HyperX Fury 16 GB,DDR3-1866,2 x 8GB,10,10,22,
Kingston FURY Renegade Pro 16 GB,DDR5-6400,1 x 16GB,10,32,0,599.99
G.Skill Ripjaws M5 RGB 32 GB,DDR5-6000,2 x 16GB,10,30,1,
Patriot Viper Venom 16 GB,DDR5-5200,2 x 8GB,13,36,4,
Corsair Vengeance 32 GB,DDR5-6000,2 x 16GB,12,36,13,
G.Skill Ripjaws V 64 GB,DDR4-3200,2 x 32GB,10,16,3,
G.Skill Flare X5 96 GB,DDR5-5200,2 x 48GB,15,40,1,1650.64
Kingston KVR1333D3N9/4G 4 GB,DDR3-1333,1 x 4GB,13,9,1,22.98
Kingston KVR1333D3N9HK4/32G 32 GB,DDR3-1333,4 x 8GB,13,9,0,
Corsair Dominator Platinum RGB 32 GB,DDR4-3600,4 x 8GB,10,18,6,
Klevv BOLT X 32 GB,DDR4-3200,2 x 16GB,10,16,2,
TEAMGROUP T-Force Delta TUF Gaming Alliance 16 GB,DDR4-3200,2 x 8GB,10,16,3,
G.Skill Trident Z5 Royal Neo RGB 48 GB,DDR5-8000,2 x 24GB,10,40,1,
Crucial CT2K32G48C40S5 64 GB,DDR5-4800,2 x 32GB,16,40,0,649.99
Silicon Power SP016GBSVU520F02 16 GB,DDR5-5200,1 x 16GB,16,42,0,188.97
Kingston Fury Renegade RGB 24 GB,DDR5-6400,1 x 24GB,10,32,0,
G.Skill Flare X5 32 GB,DDR5-6000,2 x 16GB,10,30,0,524.99
ADATA XPG SPECTRIX D50 32 GB,DDR4-3600,2 x 16GB,10,18,1,
Thermaltake TOUGHRAM XG RGB 16 GB,DDR4-4600,2 x 8GB,8,19,0,219.99
Patriot Signature Premium 16 GB,DDR4-2400,2 x 8GB,14,17,0,
G.Skill Flare X5 48 GB,DDR5-6000,2 x 24GB,13,40,1,609.99
Kingston ValueRAM 16 GB,DDR4-2666,1 x 16GB,14,19,1,139.78
Patriot Viper Steel RGB 32 GB,DDR4-3600,2 x 16GB,11,20,0,299.99
Corsair Vengeance 64 GB,DDR5-6000,2 x 32GB,13,40,4,
Lexar Ares RGB 16 GB,DDR4-3600,2 x 8GB,10,18,1,
Corsair Dominator Platinum 16 GB,DDR4-2400,2 x 8GB,8,10,2,
HP V2 8 GB,DDR4-3000,1 x 8GB,10,16,0,
Neo Forza FAYE 32 GB,DDR4-5000,2 x 16GB,7,19,0,
G.Skill Ripjaws V 32 GB,DDR4-3000,2 x 16GB,10,16,2,
ADATA XPG Lancer Blade RGB 32 GB,DDR5-6400,2 x 16GB,10,32,3,756.89
V-Color TRA564G56D436O 512 GB,DDR5-5600,8 x 64GB,12,36,0,19839.99
Patriot Viper Elite 5 RGB 96 GB,DDR5-6000,2 x 48GB,14,42,0,1299.99
G.Skill Trident Z5 Royal 96 GB,DDR5-6800,2 x 48GB,10,34,0,
TEAMGROUP T-Force DELTAα RGB 32 GB,DDR5-5600,2 x 16GB,14,40,0,494.49
Kingston HyperX Fury 8 GB,DDR3-1600,1 x 8GB,12,10,23,
Corsair CORSAIR Vengeance LPX 64GB ,DDR4-3200,4 x 16GB,10,16,0,
G.Skill Ripjaws 32 GB,DDR4-3200,2 x 16GB,13,22,0,257.98
G.Skill Trident Z 16 GB,DDR4-3200,2 x 8GB,10,16,42,
Patriot Viper Venom 32 GB,DDR5-5600,2 x 16GB,12,36,2,409.99
Corsair Vengeance RGB RT 32 GB,DDR4-4600,2 x 16GB,7,18,0,
Crucial CT51264BD160BJ 4 GB,DDR3-1600,1 x 4GB,13,11,0,13.9
Corsair Vengeance RGB Pro SL 32 GB,DDR4-3200,4 x 8GB,10,16,2,308.99
Acer Predator Vesta II RGB 64 GB,DDR5-6000,2 x 32GB,10,30,0,
Patriot Viper Elite 5 64 GB,DDR5-6000,2 x 32GB,10,30,0,1099.99
Kingston FURY 16 GB,DDR4-2400,2 x 8GB,12,15,24,
Kingston HyperX Fury RGB 32 GB,DDR4-3200,2 x 16GB,10,16,7,
OLOy Blade RGB 32 GB,DDR5-6400,2 x 16GB,11,36,1,
Crucial CT16G4DFRA266 16 GB,DDR4-2666,1 x 16GB,14,19,0,120
Kingston KVR18L13Q4/32 32 GB,DDR3-1866,1 x 32GB,13,13,0,68.98
Kingston KVR1333D3S9/1G 1 GB,DDR3-1333,1 x 1GB,13,9,0,
Crucial Ballistix Sport 8 GB,DDR3-1600,2 x 4GB,11,9,138,44.75
Kingston KVR16E11K4/32 32 GB,DDR3-1600,4 x 8GB,13,11,0,108.97
ADATA XPG GAMMIX D10 8 GB,DDR4-3600,1 x 8GB,10,18,0,
G.Skill Ripjaws V 16 GB,DDR4-2400,2 x 8GB,12,15,80,
Patriot Signature Line 4 GB,DDR4-2666,1 x 4GB,14,19,0,
Corsair Vengeance 16 GB,DDR3-1600,4 x 4GB,11,9,9,
Samsung MV-3V4G3D/US 8 GB,DDR3-1600,2 x 4GB,13,11,13,
Kingston HyperX Fury 16 GB,DDR4-3200,1 x 16GB,10,16,1,
Kingston HyperX Fury RGB 16 GB,DDR4-3600,2 x 8GB,9,17,6,
Kingston KCP424NS6/4 4 GB,DDR4-2400,1 x 4GB,14,17,0,42.7
Corsair Vengeance LPX 8 GB,DDR4-2666,2 x 4GB,12,16,13,
Kingston HyperX Fury 8 GB,DDR3-1600,2 x 4GB,12,10,37,
Crucial Ballistix 32 GB,DDR4-3600,2 x 16GB,8,16,10,
HP V6 16 GB,DDR4-3200,2 x 8GB,10,16,0,
PNY XLR8 Gaming MAKO 32 GB,DDR5-6000,2 x 16GB,13,40,0,
TEAMGROUP Xtreem ARGB 48 GB,DDR5-8000,2 x 24GB,9,38,0,779.99
G.Skill Trident Z5 RGB 32 GB,DDR5-6400,2 x 16GB,10,32,13,499.99
Crucial CT32G3ELSDQ4186D 32 GB,DDR3-1866,1 x 32GB,11,11,0,
TEAMGROUP Elite Plus 32 GB,DDR5-4800,2 x 16GB,16,40,0,
G.Skill Trident Z5 Neo 32 GB,DDR5-6000,2 x 16GB,12,36,0,489.99
Kingston ValueRAM 32 GB,DDR4-3200,1 x 32GB,13,22,1,293
Wintec Value 8 GB,DDR2-800,2 x 4GB,15,6,2,
Apacer Panther-Golden 8 GB,DDR4-2666,1 x 8GB,12,16,1,
Crucial Ballistix 64 GB,DDR4-3600,2 x 32GB,8,16,3,
Crucial Ballistix 16 GB,DDR4-3000,2 x 8GB,10,15,9,
Crucial Ballistix 32 GB,DDR4-3200,2 x 16GB,10,16,8,
Silicon Power SP024GBSVU560P02 24 GB,DDR5-5600,1 x 24GB,16,46,0,247.97
TEAMGROUP T-Force Vulcan Z 32 GB,DDR4-3200,2 x 16GB,10,16,5,
Supermicro MEM-DR432L-HL01-ER26 32 GB,DDR4-2666,1 x 32GB,14,19,0,210.71
ADATA XPG Lancer Blade RGB 64 GB,DDR5-6000,2 x 32GB,10,30,0,1285.74
Corsair Dominator Platinum RGB 32 GB,DDR5-5600,2 x 16GB,12,36,9,
Corsair Vengeance LPX 16 GB,DDR4-2666,2 x 8GB,12,16,26,
Kingston KVR13N9S6/2 2 GB,DDR3-1333,1 x 2GB,13,9,2,17.64
Kingston KVR1333D3N9K4/16G 16 GB,DDR3-1333,4 x 4GB,13,9,1,
Crucial CT3KIT51264BA160B 12 GB,DDR3-1600,3 x 4GB,13,11,2,47.29
Corsair Vengeance LPX 16 GB,DDR4-2666,4 x 4GB,11,15,9,
Kingston KVR13LL9Q4K4/128I 128 GB,DDR3-1333,4 x 32GB,13,9,0,
Corsair Vengeance LPX 4 GB,DDR4-2400,1 x 4GB,13,16,3,
PNY XLR8 16 GB,DDR4-2666,2 x 8GB,12,16,4,
Kingston KVR21R15D4/16 16 GB,DDR4-2133,1 x 16GB,14,15,1,118.79
Crucial CT8G4RFS424A 8 GB,DDR4-2400,1 x 8GB,14,17,0,58.99
Kingston FURY Renegade Pro 32 GB,DDR5-6400,1 x 32GB,10,32,0,
Patriot Viper 3 8 GB,DDR3-1600,1 x 8GB,12,10,4,27.99
Corsair Vengeance LPX 16 GB,DDR4-3000,2 x 8GB,10,16,15,
G.Skill Trident X 16 GB,DDR3-2400,2 x 8GB,8,10,36,
Crucial Ballistix RGB 16 GB,DDR4-3600,2 x 8GB,8,16,19,
Corsair Vengeance RGB Pro SL 32 GB,DDR4-3200,2 x 16GB,10,16,3,292.99
TEAMGROUP T-Force Delta RGB 8 GB,DDR4-3600,1 x 8GB,10,18,0,
TEAMGROUP T-Force Delta RGB 64 GB,DDR4-3600,2 x 32GB,10,18,1,
G.Skill F2-9600CL5D-4GBPI 4 GB,DDR2-1200,2 x 2GB,8,5,0,
GeIL EVO SPEAR 16 GB,DDR4-3000,2 x 8GB,10,16,3,
Kingston KTH-PL426/32G 32 GB,DDR4-2666,1 x 32GB,14,19,0,855.49
TEAMGROUP Team T-Force Night Hawk RGB 16GB ,DDR4-3600,2 x 8GB,10,18,2,
Neo Forza FAYE 16 GB,DDR4-3000,2 x 8GB,10,15,0,
Apacer ZADAK Twist 16 GB,DDR4-3000,2 x 8GB,10,16,1,
G.Skill Trident Z RGB 32 GB,DDR4-3600,2 x 16GB,9,17,5,
Crucial CT2K8G4SFS8266 16 GB,DDR4-2666,2 x 8GB,14,19,1,116.55
G.Skill Trident Z Royal 16 GB,DDR4-3600,2 x 8GB,10,18,3,
TEAMGROUP T-Force Dark 16 GB,DDR4-2400,2 x 8GB,11,14,0,139
Patriot Signature 2 GB,DDR3-1333,1 x 2GB,13,9,0,
Kingston KVR1333D3S8R9S/2G 2 GB,DDR3-1333,1 x 2GB,13,9,0,11.99
Corsair Vengeance RGB Pro 16 GB,DDR4-3000,2 x 8GB,10,15,10,
Crucial Classic 16 GB,DDR5-5200,2 x 8GB,16,42,1,
G.Skill Ripjaws X 4 GB,DDR3-1600,2 x 2GB,11,9,23,28.76
Crucial Ballistix Sport 16 GB,DDR3-1600,2 x 8GB,11,9,82,
Corsair Dominator Platinum 64 GB,DDR3-2400,8 x 8GB,7,9,0,
ADATA Premier 8 GB,DDR4-2400,1 x 8GB,14,17,2,
Crucial CT2K48G56C46S5 96 GB,DDR5-5600,2 x 48GB,16,46,0,1199.99
Samsung M393A1G43DB0-CPB0 8 GB,DDR4-2133,1 x 8GB,14,15,0,49.5
G.Skill Ripjaws M5 RGB 48 GB,DDR5-5200,2 x 24GB,15,40,1,579.99
Klevv CRAS X RGB 32 GB,DDR4-3200,2 x 16GB,10,16,0,
ADATA XPG LANCER NEON RGB 32 GB,DDR5-8000,2 x 16GB,9,38,0,1039.5
G.Skill Trident Z5 Royal Neo RGB 32 GB,DDR5-6000,2 x 16GB,8,26,1,
Kingston KCP421NS8/8 8 GB,DDR4-2133,1 x 8GB,14,15,2,64.78
G.Skill Trident Z Royal 16 GB,DDR4-3600,2 x 8GB,8,16,1,
TEAMGROUP T-Force Vulcan Z 16 GB,DDR4-3200,2 x 8GB,10,16,9,
Patriot PSD34G160081 4 GB,DDR3-1600,1 x 4GB,13,11,1,35.83
Corsair Vengeance RGB 16 GB,DDR4-3000,2 x 8GB,10,15,31,
Crucial CT4K8G4DFS8266 32 GB,DDR4-2666,4 x 8GB,14,19,0,249.79
G.Skill Trident Z5 Royal Neo 96 GB,DDR5-6000,2 x 48GB,10,30,0,
Corsair Vengeance RGB Pro 32 GB,DDR4-3200,2 x 16GB,10,16,42,
G.Skill Flare X 16 GB,DDR4-3200,2 x 8GB,10,16,17,
G.Skill Trident Z RGB 32 GB,DDR4-3600,4 x 8GB,10,18,9,
ADATA XPG GAMMIX D30 16 GB,DDR4-3000,2 x 8GB,10,16,1,
Kingston FURY Beast RGB 16 GB,DDR4-3200,2 x 8GB,10,16,7,
GeIL ORION V RGB 32 GB,DDR5-5200,2 x 16GB,13,34,0,
G.Skill Trident X 32 GB,DDR3-2933,4 x 8GB,8,12,0,
TEAMGROUP T-Create Classic 64 GB,DDR4-3200,2 x 32GB,13,22,0,509.99
TEAMGROUP T-Force Zeus 32 GB,DDR4-2666,2 x 16GB,14,19,0,
Crucial CT16G4RFD8266 16 GB,DDR4-2666,1 x 16GB,14,19,0,118.99
Kingston Server Premier 16 GB,DDR4-3200,1 x 16GB,13,22,0,196.1
Patriot Viper Elite II 64 GB,DDR4-3600,2 x 32GB,11,20,1,589.99
G.Skill Ripjaws V 16 GB,DDR4-3000,2 x 8GB,10,15,27,
Patriot Viper Steel RGB 32 GB,DDR4-3600,1 x 32GB,11,20,1,
Kingston KVR16N11K2/16 16 GB,DDR3-1600,2 x 8GB,13,11,4,89.87
Kingston HyperX Fury 16 GB,DDR3-1866,2 x 8GB,10,10,23,
GeIL Dragon RAM 8 GB,DDR4-3333,2 x 4GB,9,16,0,
TEAMGROUP T-Force Delta RGB 16 GB,DDR4-3000,2 x 8GB,10,16,28,
G.Skill Value 16 GB,DDR4-2666,2 x 8GB,14,19,1,
ADATA XPG SPECTRIX D41 8 GB,DDR4-3000,1 x 8GB,10,16,0,
Kingston HyperX Predator RGB 16 GB,DDR4-3200,2 x 8GB,10,16,11,
Kingston HyperX Fury 16 GB,DDR4-3200,2 x 8GB,11,18,3,
Crucial Ballistix 16 GB,DDR4-2666,2 x 8GB,12,16,2,
Samsung SAMSUNG 64GB 288-Pin DDR4 SDRAM ECC DDR4 2933 ,DDR4-2933,1 x 64GB,14,21,0,
Silicon Power SP032GBSVU560F22 32 GB,DDR5-5600,2 x 16GB,16,46,0,384.99
PNY MN64GK2D43200-TB 64 GB,DDR4-3200,2 x 32GB,13,22,0,494.09
Micron MT16KTF1G64AZ-1G6E1 8 GB,DDR3-1600,1 x 8GB,13,11,3,37.38
Patriot Viper Steel 32 GB,DDR4-3600,1 x 32GB,10,18,0,351.99
ADATA AD5U480016G-DT 32 GB,DDR5-4800,2 x 16GB,16,40,1,604.89
Corsair Dominator Titanium 48 GB,DDR5-7000,2 x 24GB,10,36,2,
G.Skill Aegis 8 GB,DDR4-2133,1 x 8GB,14,15,9,
Crucial CT4K8G4DFS8213 32 GB,DDR4-2133,4 x 8GB,14,15,1,249.78
Kingston Server Premier 16 GB,DDR4-3200,1 x 16GB,13,22,2,
Patriot Extreme Performance 4 GB,DDR2-800,2 x 2GB,12,5,0,74.56
Timetec PINNACLE Konduit RGB 8 GB,DDR4-3200,1 x 8GB,10,16,0,69.99
Crucial CT8G3ERSLD4160B 8 GB,DDR3-1600,1 x 8GB,13,11,0,17.98
G.Skill Trident Z5 32 GB,DDR5-6000,2 x 16GB,12,36,2,611.17
Silicon Power SP008GBLFU266B02 8 GB,DDR4-2666,1 x 8GB,14,19,0,
Kingston HyperX 16 GB,DDR3-1600,4 x 4GB,11,9,4,276.14
Kingston HyperX Fury 16 GB,DDR4-2666,2 x 8GB,11,15,12,
Corsair Dominator Platinum RGB 16 GB,DDR4-3600,2 x 8GB,7,14,0,
Crucial CT12864BA1067 1 GB,DDR3-1066,1 x 1GB,13,7,1,
Crucial CT2KIT25664AA1067 4 GB,DDR2-1066,2 x 2GB,13,7,1,
OCZ Platinum 4 GB,DDR2-1066,2 x 2GB,9,5,1,
Corsair Vengeance 8 GB,DDR3-1600,2 x 4GB,11,9,117,
Corsair Vengeance LP 16 GB,DDR3-1600,2 x 8GB,12,10,27,
Corsair Vengeance Pro 16 GB,DDR3-2133,2 x 8GB,8,9,0,
G.Skill Ripjaws V 32 GB,DDR4-3600,2 x 16GB,10,19,15,
ADATA XPG SPECTRIX D60G 32 GB,DDR4-3200,2 x 16GB,10,16,5,
TEAMGROUP T-Force Dark Za 16 GB,DDR4-3600,2 x 8GB,10,18,4,
Corsair Vengeance LPX 64 GB,DDR4-4000,2 x 32GB,9,18,2,
Kingston HyperX Fury RGB 16 GB,DDR4-3733,2 x 8GB,10,19,0,
Silicon Power GAMING 32 GB,DDR4-3200,2 x 16GB,10,16,2,
GeIL Orion AMD Edition 16 GB,DDR4-3200,2 x 8GB,10,16,0,
Lexar Ares RGB 32 GB,DDR5-7200,2 x 16GB,9,34,0,
ADATA XPG LANCER RGB 64 GB,DDR5-6400,2 x 32GB,10,32,0,
Patriot Viper 4 Blackout 32 GB,DDR4-3200,2 x 16GB,10,16,0,
Silicon Power XPOWER Turbine 32 GB,DDR4-3200,2 x 16GB,10,16,0,239.79
Corsair Vengeance LPX 32 GB,DDR4-3200,4 x 8GB,10,16,0,310.99
Kingston ValueRAM 8 GB,DDR4-2666,1 x 8GB,14,19,1,
Corsair Vengeance Pro 16 GB,DDR3-2400,2 x 8GB,9,11,10,
Crucial CT2K8G4DFS824A 16 GB,DDR4-2400,2 x 8GB,14,17,1,128
G.Skill Value 4 GB,DDR4-2400,1 x 4GB,14,17,0,
Acer Predator Hermes RGB 64 GB,DDR5-6400,2 x 32GB,10,32,0,
G.Skill Trident Z5 Royal 48 GB,DDR5-7200,2 x 24GB,10,36,1,939.99
Kingston HyperX 2 GB,DDR2-1066,2 x 1GB,9,5,0,
Crucial Ballistix Sport 4 GB,DDR3-1600,1 x 4GB,11,9,21,29.01
HP B4U37AA 8 GB,DDR3-1600,1 x 8GB,13,11,1,
G.Skill TridentZ RGB  128 GB,DDR4-3200,8 x 16GB,8,14,1,
Apacer Panther Silver 16 GB,DDR4-2400,2 x 8GB,13,16,0,
Corsair Vengeance RGB Pro 16 GB,DDR4-3600,2 x 8GB,8,16,9,
Corsair Vengeance LPX 128 GB,DDR4-4000,8 x 16GB,9,19,0,
G.Skill Ripjaws V 64 GB,DDR4-3600,4 x 16GB,8,16,6,
Micron MTA18ADF2G72AZ-3G2E1 16 GB,DDR4-3200,1 x 16GB,13,22,0,
OLOy MD4U0836180BHKDA 16 GB,DDR4-3600,2 x 8GB,10,18,6,
GOODRAM IRDM PRO 8 GB,DDR4-3600,1 x 8GB,10,18,0,
Acer Predator Hermes RGB 48 GB,DDR5-6000,2 x 24GB,9,28,0,
Crucial CT2K32G4DFD8266 64 GB,DDR4-2666,2 x 32GB,14,19,0,484.5
Corsair Vengeance RGB RS 64 GB,DDR4-3600,2 x 32GB,10,18,0,
Samsung M471A1K43BB1-CRC 8 GB,DDR4-2400,1 x 8GB,14,17,0,65.97
Kingston FURY Renegade 24 GB,DDR5-7200,1 x 24GB,10,38,0,888.44
TEAMGROUP T-Force Delta RGB 48 GB,DDR5-6400,2 x 24GB,10,32,0,749.99
Thermaltake TOUGHRAM XG RGB D5 32 GB,DDR5-6000,2 x 16GB,12,36,0,
Samsung M471B5273DH0-CK0 4 GB,DDR3-1600,1 x 4GB,13,11,0,12.89
TEAMGROUP T-Force Vulcan Z 32 GB,DDR4-3200,2 x 16GB,10,16,10,
Kingston HyperX Fury 8 GB,DDR4-2666,2 x 4GB,11,15,14,
Corsair Vengeance LED 16 GB,DDR4-3200,2 x 8GB,10,16,23,
Kingston FURY Beast RGB 8 GB,DDR4-3200,1 x 8GB,10,16,2,
GOODRAM IRDM 64 GB,DDR5-6000,2 x 32GB,10,30,0,
TEAMGROUP T-Force Delta RGB 2 GB,DDR5-5600,1 x 2GB,12,36,0,
Klevv BOLT V 32 GB,DDR5-6000,2 x 16GB,9,28,0,
G.Skill Trident Z5 Royal Neo 48 GB,DDR5-6000,2 x 24GB,8,26,1,
Crucial CT8G4SFS8266 8 GB,DDR4-2666,1 x 8GB,14,19,0,58.88
Crucial CT2K16G4SFRA32A 32 GB,DDR4-3200,2 x 16GB,13,22,1,252
Klevv Urbane V RGB 32 GB,DDR5-6400,2 x 16GB,9,30,1,
Corsair Vengeance RGB Pro SL 16 GB,DDR4-3200,2 x 8GB,10,16,1,159.99
TEAMGROUP T-Create Expert 48 GB,DDR5-7200,2 x 24GB,9,34,0,749.99
G.Skill Flare X 32 GB,DDR4-3200,2 x 16GB,10,16,3,397.69
Timetec 75TT21NU 8 GB,DDR4-2133,2 x 4GB,14,15,0,109.99
G.Skill Aegis 16 GB,DDR4-2133,2 x 8GB,14,15,3,
Kingston ValueRAM 8 GB,DDR4-2133,1 x 8GB,14,15,5,74.5
Patriot PV316G240C0KRD 16 GB,DDR3-2400,2 x 8GB,8,10,0,188.02
G.Skill Trident Z Neo 32 GB,DDR4-3600,4 x 8GB,8,16,16,
G.Skill Ripjaws S5 32 GB,DDR5-5600,2 x 16GB,12,36,0,616.34
G.Skill Ripjaws V 8 GB,DDR4-3200,2 x 4GB,10,16,5,
GeIL Dragon RAM 16 GB,DDR4-3200,2 x 8GB,10,16,0,
Crucial Ballistix 16 GB,DDR4-3200,2 x 8GB,10,16,5,
Crucial Ballistix MAX RGB 16 GB,DDR4-4000,2 x 8GB,9,18,1,225
TEAMGROUP T-Force Xtreem ARGB 32 GB,DDR4-3600,2 x 16GB,7,14,0,
G.Skill Aegis 5 64 GB,DDR5-6000,2 x 32GB,12,36,0,
G.Skill Trident Z Neo 16 GB,DDR4-3600,2 x 8GB,10,18,20,174.99
G.Skill Ripjaws X 16 GB,DDR3-2133,2 x 8GB,9,10,4,
G.Skill Ripjaws V 8 GB,DDR4-2666,1 x 8GB,14,19,0,84.99
G.Skill Trident Z5 Royal Neo RGB 64 GB,DDR5-6000,2 x 32GB,8,26,0,
Kingston KVR21R15S4K4/32 32 GB,DDR4-2133,4 x 8GB,14,15,0,268.63
Samsung M393A4K40CB1-CRC 32 GB,DDR4-2400,1 x 32GB,14,17,0,232.87
G.Skill Ripjaws X 16 GB,DDR3-1600,2 x 8GB,11,9,45,
Corsair Vengeance Pro 32 GB,DDR3-2800,4 x 8GB,8,12,0,
Kingston KVR21N15D8/8 8 GB,DDR4-2133,1 x 8GB,14,15,1,78.98
Corsair Vengeance LPX 8 GB,DDR4-3000,2 x 4GB,10,15,15,
Corsair Vengeance LPX 16 GB,DDR4-3000,2 x 8GB,10,15,18,
G.Skill Trident Z RGB 16 GB,DDR4-3200,2 x 8GB,8,14,32,
ADATA XPG GAMMIX D10 16 GB,DDR4-2666,2 x 8GB,12,16,2,
Kingston HyperX Predator 32 GB,DDR4-3200,2 x 16GB,10,16,1,
ADATA XPG GAMMIX D30 16 GB,DDR4-3200,2 x 8GB,10,16,6,
ADATA XPG GAMMIX D45 32 GB,DDR4-3200,2 x 16GB,10,16,0,
ADATA XPG GAMMIX D45 16 GB,DDR4-3200,2 x 8GB,10,16,1,
PNY XLR8 Gaming EPIC-X RGB 16 GB,DDR4-3200,2 x 8GB,10,16,1,
Patriot Viper Elite 5 RGB TUF GAMING ALLIANCE 32 GB,DDR5-6000,2 x 16GB,12,36,1,695.57
Silicon Power XPOWER Storm RGB 16 GB,DDR5-7600,1 x 16GB,9,36,0,288.97
Kingston KSM24RS8/8MEI 8 GB,DDR4-2400,1 x 8GB,14,17,0,58.77
ADATA XPG Lancer Blade RGB 48 GB,DDR5-6400,2 x 24GB,10,32,0,781.58
PNY XLR8 Gaming MAKO EPIC-X RGB 32 GB,DDR5-6000,2 x 16GB,13,40,1,
G.Skill Trident Z RGB 16 GB,DDR4-3000,2 x 8GB,10,15,48,189.99
Corsair Vengeance RGB Pro 16 GB,DDR4-3200,2 x 8GB,10,16,1,256.69
TEAMGROUP TED34096M1600HC11 4 GB,DDR3-1600,1 x 4GB,13,11,1,
Samsung M393B2G70DB0-YK0 16 GB,DDR3-1600,1 x 16GB,13,11,0,
Kingston HyperX Fury 8 GB,DDR4-2400,2 x 4GB,12,15,22,
G.Skill Trident Z Neo 128 GB,DDR4-3600,4 x 32GB,8,16,1,
TEAMGROUP Elite 64 GB,DDR5-5600,2 x 32GB,16,46,0,1184.99
Corsair Vengeance 16 GB,DDR3-1600,2 x 8GB,11,9,18,
Patriot Viper Steel RGB 64 GB,DDR4-3200,2 x 32GB,11,18,0,609.99
G.Skill Sniper 16 GB,DDR3-1866,2 x 8GB,9,9,34,
Crucial CT6464AC667 0.5 GB,DDR2-667,1 x 512MB,14,5,0,
Kingston Value 4 GB,DDR3-1333,2 x 2GB,13,9,0,
Corsair ValueSelect 4 GB,DDR3-1600,1 x 4GB,13,11,3,49
G.Skill Ripjaws V 16 GB,DDR4-3600,2 x 8GB,8,16,8,
Crucial Ballistix Sport LT 16 GB,DDR4-2400,2 x 8GB,13,16,22,
GeIL EVO POTENZA 16 GB,DDR4-3000,2 x 8GB,10,16,1,
Crucial Ballistix 16 GB,DDR4-3600,2 x 8GB,8,16,35,
Neo Forza FAYE 16 GB,DDR4-3200,2 x 8GB,10,16,1,
TEAMGROUP T-Force Zeus 16 GB,DDR4-3200,2 x 8GB,12,20,2,
Corsair Vengeance RGB RT 16 GB,DDR4-3600,2 x 8GB,8,16,1,
G.Skill Ripjaws 16 GB,DDR5-5600,1 x 16GB,14,40,0,224.99
TEAMGROUP T-Force Vulcan Eco 32 GB,DDR5-6000,2 x 16GB,10,30,3,529.99
Patriot Viper Elite 32 GB,DDR4-2666,2 x 16GB,12,16,3,
Corsair ValueSelect 4 GB,DDR4-2400,1 x 4GB,13,16,0,
Corsair Dominator Platinum 16 GB,DDR4-3000,2 x 8GB,10,15,24,
G.Skill Trident Z RGB 64 GB,DDR4-3600,8 x 8GB,8,16,0,659
Crucial CT2K16G64C52CU5 32 GB,DDR5-6400,2 x 16GB,16,52,0,
Kingston HyperX 1 GB,DDR2-1066,1 x 1GB,9,5,0,
Corsair XMS3 8 GB,DDR3-1600,2 x 4GB,11,9,14,
Corsair Vengeance 8 GB,DDR3-1600,1 x 8GB,12,10,30,
Kingston HyperX Fury 4 GB,DDR3-1600,1 x 4GB,12,10,12,
Corsair Dominator Platinum 16 GB,DDR4-3200,2 x 8GB,10,16,13,
Crucial Ballistix Sport LT 16 GB,DDR4-2400,1 x 16GB,13,16,6,
Corsair Vengeance LED 32 GB,DDR4-3000,2 x 16GB,10,16,0,444.36
Crucial Ballistix Sport LT 8 GB,DDR4-2400,2 x 4GB,13,16,2,
OLOy WarHawk RGB 16 GB,DDR4-3200,2 x 8GB,10,16,23,
ADATA XPG SPECTRIX D50 16 GB,DDR4-3600,2 x 8GB,10,18,2,
PNY XLR8 Gaming EPIC-X RGB 8 GB,DDR4-3200,1 x 8GB,10,16,1,
Neo Forza Trinity 32 GB,DDR5-6400,2 x 16GB,12,40,1,
ADATA XPG LANCER 16 GB,DDR5-5200,2 x 8GB,14,38,3,
KingBank SharpBlade RGB 64 GB,DDR5-6400,2 x 32GB,10,32,0,
V-Color TE532G60D830SKK 64 GB,DDR5-6000,2 x 32GB,10,30,0,
Patriot Viper Elite 5 32 GB,DDR5-6400,2 x 16GB,10,32,0,449.99
G.Skill Ripjaws S5 48 GB,DDR5-6400,2 x 24GB,10,32,1,
Kingston ValueRAM 48 GB,DDR3-1600,3 x 16GB,13,11,0,89.98
Kingston KSM26RD8/16HAI 16 GB,DDR4-2666,2 x 8GB,14,19,0,148.99
Crucial CT51264BA160B 4 GB,DDR3-1600,1 x 4GB,13,11,4,13.99
Klevv Urbane V RGB 32 GB,DDR5-6000,2 x 16GB,10,30,0,
Crucial CT2CP6464AA667 1 GB,DDR2-667,2 x 512MB,14,5,1,
G.Skill Ripjaws X 16 GB,DDR3-1600,4 x 4GB,11,9,22,
Corsair Vengeance LP 32 GB,DDR3-1600,4 x 8GB,11,9,1,
G.Skill Ripjaws V 16 GB,DDR4-2400,2 x 8GB,12,15,7,
Crucial Ballistix Sport LT 8 GB,DDR4-2666,1 x 8GB,12,16,3,
ADATA XPG Z1 16 GB,DDR4-3000,2 x 8GB,10,16,13,
Crucial Ballistix Elite 32 GB,DDR4-3600,4 x 8GB,8,16,3,
TEAMGROUP T-Force Vulcan Z 16 GB,DDR4-3000,2 x 8GB,10,16,10,
G.Skill Ripjaws V 256 GB,DDR4-3200,8 x 32GB,8,14,0,
Klevv BOLT XR 16 GB,DDR4-3600,2 x 8GB,10,18,0,
G.Skill Trident Z Royal 64 GB,DDR4-4600,2 x 32GB,8,20,0,
Lexar THOR 16 GB,DDR4-3600,2 x 8GB,10,18,2,
Mushkin Redline ST 64 GB,DDR5-6400,2 x 32GB,9,30,0,
TEAMGROUP Xtreem 48 GB,DDR5-8200,2 x 24GB,9,38,0,
Acer Predator Hermes RGB 32 GB,DDR5-6800,2 x 16GB,9,32,0,
TEAMGROUP T-Create Expert 64 GB,DDR5-6000,2 x 32GB,10,30,0,
Patriot Viper 4 Blackout 64 GB,DDR4-3200,2 x 32GB,10,16,1,
TEAMGROUP T-Force Delta RGB Eco 32 GB,DDR5-6400,2 x 16GB,10,32,0,439.99
G.Skill Ripjaws S5 32 GB,DDR5-6000,2 x 16GB,10,32,7,
Crucial CT2K16G4DFD8213 32 GB,DDR4-2133,2 x 16GB,14,15,1,255
G.Skill Trident Z RGB 16 GB,DDR4-4400,2 x 8GB,8,18,0,219
ADATA XPG SPECTRIX D60G 16 GB,DDR4-3600,2 x 8GB,9,17,3,
Patriot Viper 4 32 GB,DDR4-3200,2 x 16GB,10,16,1,
Kingston FURY Beast 8 GB,DDR5-6000,1 x 8GB,13,40,1,
Corsair Dominator 8 GB,DDR3-1600,4 x 2GB,10,8,0,
Crucial CT25664BA1339A 2 GB,DDR3-1333,1 x 2GB,13,9,0,
Patriot Signature Premium 8 GB,DDR4-2666,2 x 4GB,14,19,2,
Corsair Vengeance RGB Pro 16 GB,DDR4-3200,2 x 8GB,10,16,0,
Corsair CMV16GX3M2A1333C9 16 GB,DDR3-1333,2 x 8GB,13,9,1,
G.Skill NT 8 GB,DDR4-2133,2 x 4GB,14,15,3,
Crucial Ballistix Sport LT 8 GB,DDR4-2400,2 x 4GB,13,16,23,
G.Skill Ripjaws V 16 GB,DDR4-3600,2 x 8GB,10,19,5,
Crucial Ballistix Sport LT 32 GB,DDR4-3200,2 x 16GB,10,16,5,
Crucial Ballistix MAX 32 GB,DDR4-4400,2 x 16GB,8,19,0,
G.Skill Trident Z Royal Elite 32 GB,DDR4-4800,2 x 16GB,8,20,0,
Lexar Hades OC 16 GB,DDR4-3200,1 x 16GB,11,18,0,
GeIL Polaris RGB 32 GB,DDR5-6000,2 x 16GB,12,38,0,
G.Skill Ripjaws M5 RGB 96 GB,DDR5-6400,2 x 48GB,10,32,1,
TEAMGROUP T-Force Vulcan 64 GB,DDR5-6400,2 x 32GB,10,34,1,
Corsair Vengeance Performance 16 GB,DDR4-2400,2 x 8GB,13,16,0,141.99
TEAMGROUP T-Force Xtreem 48 GB,DDR5-7600,2 x 24GB,9,36,0,
Silicon Power SP032GBLVU480F22 32 GB,DDR5-4800,2 x 16GB,16,40,0,
Corsair Vengeance 48 GB,DDR5-5200,2 x 24GB,14,38,1,627.99
G.Skill Ripjaws M5 RGB 32 GB,DDR5-6400,2 x 16GB,10,32,2,
G.Skill Sniper 8 GB,DDR3-2400,2 x 4GB,9,11,5,47.16
G.Skill Trident Z Neo 32 GB,DDR4-3200,2 x 16GB,10,16,7,
G.Skill Ares 8 GB,DDR3-2400,2 x 4GB,9,11,10,73.84
G.Skill Trident Z 8 GB,DDR4-2800,2 x 4GB,10,15,0,
TEAMGROUP T-Force Dark Za 16 GB,DDR4-3200,2 x 8GB,10,16,2,
Corsair Vengeance RGB Pro 64 GB,DDR4-3000,4 x 16GB,10,16,0,
G.Skill Sniper X 16 GB,DDR4-3600,2 x 8GB,10,19,0,
TEAMGROUP T-Force Delta TUF Gaming Alliance RGB 32 GB,DDR5-6000,2 x 16GB,12,38,1,
Lexar Ares RGB 32 GB,DDR5-6000,2 x 16GB,11,34,3,
G.Skill Trident Z5 Royal Neo 48 GB,DDR5-6000,2 x 24GB,8,26,0,
PNY XLR8 4 GB,DDR2-1066,2 x 2GB,9,5,0,
G.Skill Ripjaws X 16 GB,DDR3-1600,4 x 4GB,11,9,0,
Crucial Ballistix Sport 8 GB,DDR4-2400,1 x 8GB,13,16,5,
TEAMGROUP Elite Plus 8 GB,DDR4-2400,1 x 8GB,13,16,2,
G.Skill Aegis 32 GB,DDR4-2400,2 x 16GB,12,15,0,
EVGA SuperSC 16 GB,DDR4-3200,2 x 8GB,10,16,7,
Kingston FURY 32 GB,DDR4-2400,2 x 16GB,12,15,2,
TEAMGROUP T-Force Delta RGB 8 GB,DDR4-3000,2 x 4GB,10,16,17,
Patriot Viper Steel 16 GB,DDR4-3733,2 x 8GB,9,17,3,
Corsair Vengeance LPX 64 GB,DDR4-3000,2 x 32GB,10,16,0,
GeIL SUPER LUCE RGB SYNC 16 GB,DDR4-3200,2 x 8GB,10,16,4,
GeIL EVO POTENZA 16 GB,DDR4-3200,2 x 8GB,10,16,2,
TEAMGROUP T-Force Vulcan TUF Gaming Alliance 32 GB,DDR4-3600,2 x 16GB,10,19,2,
V-Color Prism RGB 16 GB,DDR4-3200,2 x 8GB,10,16,1,
G.Skill Trident Z Royal 64 GB,DDR4-3600,2 x 32GB,10,18,2,
Kingston KSM26RD4/64HAR 64 GB,DDR4-2666,1 x 64GB,14,19,0,
Acer Predator Apollo RGB 16 GB,DDR4-3600,2 x 8GB,8,16,0,
PNY XLR8 8 GB,DDR4-3600,1 x 8GB,10,18,0,
G.Skill Trident Z RGB 256 GB,DDR4-3600,8 x 32GB,8,16,0,
Apacer Panther 32 GB,DDR5-5600,2 x 16GB,14,40,0,
ADATA XPG Lancer Blade RGB 8 GB,DDR5-5600,1 x 8GB,16,46,0,
Silicon Power SP016GBLFU266B02 16 GB,DDR4-2666,1 x 16GB,14,19,0,200.66
ADATA XPG Lancer Blade 32 GB,DDR5-6400,2 x 16GB,10,32,1,751.05
G.Skill F5-6000J3636F32GX2-FX5 64 GB,DDR5-6000,2 x 32GB,12,36,0,894.99
Crucial Ballistix Sport LT 8 GB,DDR4-3200,1 x 8GB,10,16,0,
Crucial CT2KIT102464BF160B 16 GB,DDR3-1600,2 x 8GB,13,11,0,55
Samsung M391A2K43BB1-CPB 16 GB,DDR4-2133,1 x 16GB,14,15,0,
G.Skill Ripjaws V 16 GB,DDR4-3200,2 x 8GB,10,16,69,
G.Skill Aegis 8 GB,DDR4-2666,1 x 8GB,14,19,0,
Crucial CT2K16G4DFD832A 32 GB,DDR4-3200,2 x 16GB,13,22,0,234.99
Lexar Ares OC 32 GB,DDR5-5200,2 x 16GB,14,38,0,
Kingston KCP426NS8/8 8 GB,DDR4-2666,1 x 8GB,14,19,0,76
Corsair Vengeance LPX 128 GB,DDR4-3600,4 x 32GB,10,18,1,
Kingston FURY Beast RGB 32 GB,DDR4-3200,2 x 16GB,10,16,5,
ADATA XPG GAMMIX D20 32 GB,DDR4-3200,2 x 16GB,10,16,2,
Kingston Fury Beast RGB Special Edition 16 GB,DDR4-3600,2 x 8GB,9,17,2,
ADATA XPG Lancer Blade RGB 48 GB,DDR5-6000,2 x 24GB,10,30,2,
G.Skill Trident Z5 Royal 64 GB,DDR5-6800,2 x 32GB,10,34,0,
G.Skill Ripjaws 8 GB,DDR3-1066,2 x 4GB,13,7,1,44
Kingston HyperX Fury 16 GB,DDR3-1600,2 x 8GB,12,10,17,
ADATA AD3U1600W8G11-R 8 GB,DDR3-1600,1 x 8GB,13,11,3,
Crucial CT4K16G4DFD8213 64 GB,DDR4-2133,4 x 16GB,14,15,0,499.79
TEAMGROUP Night Hawk RGB 16 GB,DDR4-3200,2 x 8GB,10,16,9,
GeIL EVO POTENZA 8 GB,DDR4-2400,1 x 8GB,13,16,0,
G.Skill Trident Z Neo 16 GB,DDR4-3200,2 x 8GB,10,16,10,
OLOy WarHawk RGB 32 GB,DDR4-3600,2 x 16GB,10,18,0,
Kingston HyperX Fury RGB 32 GB,DDR4-3200,4 x 8GB,10,16,2,
Thermaltake TOUGHRAM Z-ONE RGB 16 GB,DDR4-3200,2 x 8GB,10,16,2,
OLOy Blade 32 GB,DDR5-6000,2 x 16GB,10,32,0,
Mushkin Redline Lumina White 32 GB,DDR5-6000,2 x 16GB,10,30,0,
G.Skill Ripjaws M5 RGB 96 GB,DDR5-5600,2 x 48GB,14,40,0,1249.99
Klevv CRAS V RGB 32 GB,DDR5-6400,2 x 16GB,10,32,0,
Kingston FURY Impact 64 GB,DDR5-5600,2 x 32GB,14,40,0,979.44
TEAMGROUP T-Force Delta RGB 32 GB,DDR5-6200,2 x 16GB,12,38,2,
G.Skill F4-3200C16Q2-128GTZ 128 GB,DDR4-3200,8 x 16GB,10,16,0,
G.Skill Ripjaws V 64 GB,DDR4-2666,4 x 16GB,11,15,1,
Klevv Urbane V RGB 48 GB,DDR5-6000,2 x 24GB,10,30,0,
TEAMGROUP Xtreem 32 GB,DDR5-6000,2 x 16GB,10,30,1,539.99
Samsung M386B4G70DM0-YK0 32 GB,DDR3-1600,1 x 32GB,13,11,0,
HP 647901-B21 16 GB,DDR3-1333,1 x 16GB,13,9,0,45
Crucial CT2K32G4SFD8266 64 GB,DDR4-2666,2 x 32GB,14,19,0,479.99
Corsair Vengeance RGB Pro 16 GB,DDR4-3600,2 x 8GB,10,18,7,
Crucial Ballistix MAX RGB 32 GB,DDR4-4000,2 x 16GB,9,18,0,
Patriot Viper Xtreme 5 RGB 32 GB,DDR5-7800,2 x 16GB,9,38,0,1133.25
G.Skill Trident Z RGB 16 GB,DDR4-3200,2 x 8GB,10,16,9,
ADATA XPG LANCER 32 GB,DDR5-5200,2 x 16GB,14,38,0,
Klevv CRAS V RGB 64 GB,DDR5-6400,2 x 32GB,10,32,0,
Corsair XMS2 1 GB,DDR2-800,1 x 1GB,12,5,0,
TEAMGROUP T-Create Master 64 GB,DDR5-6000,4 x 16GB,10,32,0,1713.99
G.Skill F3-12800CL9D-4GBSQ 4 GB,DDR3-1600,2 x 2GB,11,9,0,21.45
Kingston HyperX Fury 8 GB,DDR3-1600,1 x 8GB,12,10,24,
Kingston HyperX Fury 8 GB,DDR3-1600,2 x 4GB,12,10,5,
Crucial CT2K8G4DFD8213 16 GB,DDR4-2133,2 x 8GB,14,15,12,
TEAMGROUP Elite 4 GB,DDR3-1333,1 x 4GB,13,9,3,
PNY Anarchy 16 GB,DDR4-2400,2 x 8GB,12,15,5,
Patriot Viper Venom RGB 16 GB,DDR4-3200,2 x 8GB,10,16,6,
Patriot Viper Elite 16 GB,DDR4-2666,2 x 8GB,12,16,4,
OLOy MD4U083016BGDA 16 GB,DDR4-3000,2 x 8GB,10,16,15,
G.Skill Trident Z Royal Elite 16 GB,DDR4-5333,2 x 8GB,8,22,0,
OLOy B-21 Raider 16 GB,DDR4-3200,2 x 8GB,10,16,0,
Mushkin Redline Lumina 32 GB,DDR5-6000,2 x 16GB,10,30,0,
V-Color TE516G60S828SKK 32 GB,DDR5-6000,2 x 16GB,9,28,0,
Crucial CT8G48C40S5 8 GB,DDR5-4800,1 x 8GB,16,40,0,
Crucial CT2K8G48C40S5 16 GB,DDR5-4800,2 x 8GB,16,40,0,372.18
G.Skill Trident Z Royal 16 GB,DDR4-3200,2 x 8GB,10,16,4,
Crucial CT16G4WFD8266 16 GB,DDR4-2666,1 x 16GB,14,19,0,148.99
G.Skill Ripjaws X 32 GB,DDR3-1600,4 x 8GB,11,9,5,243.44
G.Skill Ripjaws Z 32 GB,DDR3-1866,4 x 8GB,10,10,3,
Patriot Viper 4 Blackout 16 GB,DDR4-3600,2 x 8GB,10,18,0,
G.Skill Ares 16 GB,DDR3-2400,2 x 8GB,9,11,5,
Crucial CT2KIT102472BD160B 16 GB,DDR3-1600,2 x 8GB,13,11,2,82.99
Corsair Vengeance RGB Pro 32 GB,DDR4-3600,4 x 8GB,8,16,0,
Corsair Vengeance 8 GB,DDR3-1600,2 x 4GB,11,9,103,
Gigabyte GP-GR26C16S8K2HU416 16 GB,DDR4-2666,2 x 8GB,12,16,0,
G.Skill Ripjaws M5 Neo RGB 96 GB,DDR5-6000,2 x 48GB,10,30,0,
Corsair Dominator 4 GB,DDR2-1066,2 x 2GB,9,5,0,
Corsair XMS 8 GB,DDR3-1333,4 x 2GB,13,9,0,
G.Skill Ripjaws X 8 GB,DDR3-1600,1 x 8GB,11,9,17,48.97
Corsair Vengeance 16 GB,DDR3-1600,2 x 8GB,11,9,10,
Kingston KVR13N9K2/16 16 GB,DDR3-1333,2 x 8GB,13,9,1,118.9
Kingston HyperX Beast 32 GB,DDR3-2400,4 x 8GB,9,11,0,
Kingston HyperX Fury 16 GB,DDR3-1866,2 x 8GB,10,10,9,
Kingston KVR16LN11K2/8 8 GB,DDR3-1600,2 x 4GB,13,11,1,62.36
G.Skill Ripjaws V 8 GB,DDR4-2133,2 x 4GB,14,15,19,
Corsair Vengeance LPX 8 GB,DDR4-3200,2 x 4GB,10,16,6,
G.Skill NT 16 GB,DDR4-2133,2 x 8GB,14,15,4,
G.Skill Aegis 4 GB,DDR4-2133,1 x 4GB,14,15,1,
G.Skill Trident Z 16 GB,DDR4-3600,2 x 8GB,8,15,3,
Corsair Vengeance RGB Pro 32 GB,DDR4-3600,4 x 8GB,10,18,7,
ADATA XPG SPECTRIX D41 16 GB,DDR4-3200,2 x 8GB,10,16,1,
Patriot Viper 4 Blackout 8 GB,DDR4-3000,2 x 4GB,10,16,8,
Crucial Ballistix 16 GB,DDR4-3600,2 x 8GB,8,16,20,
Crucial Ballistix 16 GB,DDR4-3200,2 x 8GB,10,16,18,
G.Skill Trident Z Neo 256 GB,DDR4-3200,8 x 32GB,10,16,0,
G.Skill Trident Z RGB 16 GB,DDR4-4000,2 x 8GB,9,18,1,
Apacer AU 16 GB,DDR4-3200,1 x 16GB,13,22,0,
Neo Forza FAYE 8 GB,DDR4-3200,1 x 8GB,10,16,0,
V-Color Prism Pro 16 GB,DDR4-3600,2 x 8GB,10,18,0,
ADATA AD3U1600W4G11-B 4 GB,DDR3-1600,1 x 4GB,13,11,0,
GeIL ORION V RGB 16 GB,DDR5-5200,1 x 16GB,13,34,0,
Biwin Black Opal DW100 RGB 48 GB,DDR5-6400,2 x 24GB,10,32,0,
Patriot Viper Elite 5 Ultra 96 GB,DDR5-6400,2 x 48GB,10,32,0,
Crucial CT2K16G52C42S5 32 GB,DDR5-5200,2 x 16GB,16,42,0,399.99
Crucial Ballistix Sport 32 GB,DDR3-1600,4 x 8GB,11,9,0,164.99
Mushkin Proline 16 GB,DDR3-1600,1 x 16GB,13,11,0,32.33
TEAMGROUP T-Create Classic 32 GB,DDR5-5600,1 x 32GB,16,46,0,439.99
Kingston KVR13R9D4/16 16 GB,DDR3-1333,1 x 16GB,13,9,0,34.99
G.Skill Ripjaws M5 Neo RGB 48 GB,DDR5-6000,2 x 24GB,10,30,0,
Crucial CT32G4LFD424A 32 GB,DDR4-2400,1 x 32GB,14,17,0,219.77
G.Skill Ripjaws X 8 GB,DDR3-1600,2 x 4GB,8,7,15,59.99
G.Skill Trident X 16 GB,DDR3-2400,4 x 4GB,8,10,1,96.34
G.Skill Ripjaws V 16 GB,DDR4-3200,2 x 8GB,10,16,14,
G.Skill Ripjaws S5 64 GB,DDR5-6000,2 x 32GB,10,30,1,
Patriot Viper Xtreme 5 RGB 48 GB,DDR5-7600,2 x 24GB,9,36,0,899.99
Lenovo Total Micro 16 GB,DDR4-2666,1 x 16GB,14,19,0,169.99
G.Skill Value 4 GB,DDR3-1333,1 x 4GB,13,9,3,34.99
G.Skill Sniper 8 GB,DDR3-1866,2 x 4GB,9,9,98,
Corsair Vengeance 32 GB,DDR3-1600,4 x 8GB,11,9,9,
Kingston KVR1333D3N9/8G 8 GB,DDR3-1333,1 x 8GB,13,9,5,
Crucial CT102464BA160B 8 GB,DDR3-1600,1 x 8GB,13,11,13,29.94
Corsair Vengeance Pro 16 GB,DDR3-2400,2 x 8GB,9,11,29,
Kingston HyperX Savage 8 GB,DDR3-1866,1 x 8GB,9,9,4,86.4
Kingston KVR16E11/8 8 GB,DDR3-1600,1 x 8GB,13,11,0,33.49
AMD R7 Performance 8 GB,DDR4-2400,1 x 8GB,12,15,1,
Corsair Vengeance LED 16 GB,DDR4-3200,2 x 8GB,10,16,13,
TEAMGROUP Vulcan 16 GB,DDR4-3000,2 x 8GB,10,16,32,
Patriot Viper Elite 16 GB,DDR4-2666,1 x 16GB,12,16,1,
Corsair Vengeance RGB Pro 64 GB,DDR4-3200,4 x 16GB,10,16,2,
Crucial CT2K8G4DFS832A 16 GB,DDR4-3200,2 x 8GB,13,22,2,145
OLOy MD4U082619BBDA 16 GB,DDR4-2666,2 x 8GB,14,19,1,
Corsair Vengeance LPX 64 GB,DDR4-2666,2 x 32GB,12,16,1,
Kingston HyperX Fury RGB 8 GB,DDR4-3200,1 x 8GB,10,16,2,
Kingston HyperX Fury RGB 32 GB,DDR4-2666,2 x 16GB,12,16,1,
Crucial Ballistix RGB 16 GB,DDR4-3200,2 x 8GB,10,16,7,
Kingston HyperX Fury 16 GB,DDR4-3000,1 x 16GB,10,15,0,
Corsair Dominator Platinum RGB 16 GB,DDR4-3200,2 x 8GB,10,16,4,
OLOy WarHawk RGB 16 GB,DDR4-3600,2 x 8GB,10,18,4,
TEAMGROUP Elite 32 GB,DDR5-4800,2 x 16GB,16,40,1,
Mushkin Redline 64 GB,DDR4-3600,2 x 32GB,7,14,0,
G.Skill Ripjaws 4 8 GB,DDR4-3200,1 x 8GB,10,16,1,
GeIL ORION V AMD 32 GB,DDR5-6000,2 x 16GB,10,30,0,
Corsair Dominator Titanium First Edition 64 GB,DDR5-6600,2 x 32GB,9,32,1,
KingBank SharpBlade 32 GB,DDR5-6800,2 x 16GB,10,34,0,
Silicon Power XPOWER Pulse Gaming 32 GB,DDR5-6400,2 x 16GB,10,32,3,
V-Color TE548G60D830SKK 96 GB,DDR5-6000,2 x 48GB,10,30,0,
PNY MN32GK2D43200-TB 32 GB,DDR4-3200,2 x 16GB,13,22,0,239.99
Crucial CT16G48C40S5 16 GB,DDR5-4800,1 x 16GB,16,40,0,246.49
Crucial CT2K16G4SFD8266 32 GB,DDR4-2666,2 x 16GB,14,19,0,229
Kingston KVR21R15S4/8I 8 GB,DDR4-2133,1 x 8GB,14,15,0,59.99
Samsung M386B4G70DM0-CMA 32 GB,DDR3-1866,1 x 32GB,13,13,0,
G.Skill Ripjaws 4 16 GB,DDR4-2666,2 x 8GB,11,15,2,
G.Skill FA-1333C9Q-32GSQ 32 GB,DDR3-1333,4 x 8GB,13,9,0,78.63
Samsung M393B2G70DB0-CMA 16 GB,DDR3-1866,1 x 16GB,13,13,0,80.39
Kingston KSM24ED8/16ME 16 GB,DDR4-2400,1 x 16GB,14,17,0,138.99
Silicon Power SP016GBLVU480F02 16 GB,DDR5-4800,1 x 16GB,16,40,0,197.97
Crucial CT25664BA1067 2 GB,DDR3-1066,1 x 2GB,13,7,0,19.98
G.Skill Trident Z 32 GB,DDR4-3300,4 x 8GB,9,16,0,
Corsair Vengeance RGB Pro 32 GB,DDR4-3000,4 x 8GB,10,15,5,
G.Skill Trident Z Neo 32 GB,DDR4-3000,4 x 8GB,10,16,0,371.06
Kingston Fury Beast RGB Special Edition 32 GB,DDR4-3600,2 x 16GB,10,18,1,
Crucial CT32G52C42U5 32 GB,DDR5-5200,1 x 32GB,16,42,0,
Corsair Vengeance 4 GB,DDR3-1600,1 x 4GB,11,9,7,
Kingston KHX1600C10D3B1/8G 8 GB,DDR3-1600,1 x 8GB,12,10,19,
Patriot Viper 3 32 GB,DDR3-1866,4 x 8GB,10,10,0,234.95
Kingston HyperX Beast 64 GB,DDR3-1866,8 x 8GB,10,10,0,
G.Skill Sniper 16 GB,DDR3-2400,2 x 8GB,9,11,1,135.27
Samsung M393B1K70DH0-YH908 8 GB,DDR3-1333,1 x 8GB,13,9,1,
Crucial CT4K16G4RFD4213 64 GB,DDR4-2133,4 x 16GB,14,15,0,
Corsair CMV4GX4M1A2133C15 4 GB,DDR4-2133,1 x 4GB,14,15,1,
G.Skill Ripjaws V 16 GB,DDR4-3200,2 x 8GB,8,14,16,
Corsair Vengeance LED 16 GB,DDR4-2666,2 x 8GB,12,16,6,
Crucial Ballistix Sport LT 16 GB,DDR4-2666,2 x 8GB,12,16,7,
ADATA XPG SPECTRIX D41 32 GB,DDR4-2666,2 x 16GB,12,16,0,
Crucial CT4K8G4DFD824A 32 GB,DDR4-2400,4 x 8GB,14,17,0,249.79
TEAMGROUP T-Force Night Hawk Legend RGB 16 GB,DDR4-3200,2 x 8GB,8,14,3,
Crucial Ballistix Sport LT 16 GB,DDR4-3000,2 x 8GB,10,15,1,
Crucial CT64G4YFQ426S 64 GB,DDR4-2666,1 x 64GB,14,19,0,
Corsair Dominator Platinum RGB 16 GB,DDR4-3200,2 x 8GB,10,16,8,
GeIL EVO X II AMD 16 GB,DDR4-3200,2 x 8GB,10,16,2,
G.Skill Ripjaws V 32 GB,DDR4-3600,4 x 8GB,10,18,3,
ADATA XPG GAMMIX D30 32 GB,DDR4-3000,2 x 16GB,10,16,0,
Kingston KSM24RD4/32HAI 32 GB,DDR4-2400,1 x 32GB,14,17,0,
Crucial Ballistix 32 GB,DDR4-2666,2 x 16GB,12,16,1,
TEAMGROUP T-Force Vulcan TUF Gaming Alliance 16 GB,DDR4-3600,2 x 8GB,10,19,1,
TEAMGROUP T-Create Classic 16 GB,DDR4-2666,2 x 8GB,14,19,0,
ADATA XPG GAMMIX D45 8 GB,DDR4-3200,1 x 8GB,10,16,1,
Kingston FURY 32 GB,DDR5-6000,2 x 16GB,13,40,3,
Acer Predator Pallas II 64 GB,DDR5-6000,2 x 32GB,10,30,0,
Klevv BOLT V 64 GB,DDR5-6000,2 x 32GB,10,30,0,
Klevv FIT V 16 GB,DDR5-5600,1 x 16GB,10,30,0,
Corsair Dominator Titanium RGB 48 GB,DDR5-6400,2 x 24GB,11,36,0,
Crucial CT24G56C46S5 24 GB,DDR5-5600,1 x 24GB,16,46,0,
Silicon Power SP008GBSFU320B02 8 GB,DDR4-3200,1 x 8GB,13,22,0,62.97
TEAMGROUP T-Force Vulcan 32 GB,DDR5-6400,2 x 16GB,10,32,5,569.99
Kingston KVR400D2D4R3/4G 4 GB,DDR2-400,1 x 4GB,15,3,0,28.99
Patriot Viper 4 Blackout 64 GB,DDR4-3600,2 x 32GB,10,18,3,
G.Skill Zeta R5 Neo 128 GB,DDR5-6000,4 x 32GB,10,30,0,
TEAMGROUP Elite 8 GB,DDR3-1600,1 x 8GB,13,11,2,41.28
Corsair Vengeance RGB RT 16 GB,DDR4-3200,2 x 8GB,10,16,0,
Kingston FURY Renegade 48 GB,DDR5-6400,1 x 48GB,10,32,0,1705.97
G.Skill Sniper 8 GB,DDR3-1600,2 x 4GB,11,9,68,72.61
Corsair XMS3 16 GB,DDR3-1333,4 x 4GB,13,9,4,
G.Skill Ripjaws X 8 GB,DDR3-1866,2 x 4GB,8,8,21,
G.Skill F2-8500CL5D-4GBPI 4 GB,DDR2-1066,2 x 2GB,9,5,0,
Crucial CT2KIT102464BA160B 16 GB,DDR3-1600,2 x 8GB,13,11,7,
ADATA XPG V1.0 16 GB,DDR3-1600,2 x 8GB,11,9,2,
ADATA XPG Z1 16 GB,DDR4-2133,2 x 8GB,14,15,1,
Kingston HyperX Fury 32 GB,DDR4-2133,4 x 8GB,13,14,0,
G.Skill Trident Z 32 GB,DDR4-3000,2 x 16GB,10,15,3,
G.Skill Trident Z RGB 16 GB,DDR4-3600,2 x 8GB,9,17,13,
G.Skill FORTIS 16 GB,DDR4-2133,2 x 8GB,14,15,0,
G.Skill Value 8 GB,DDR4-2400,1 x 8GB,14,17,3,
GeIL Pristine 16 GB,DDR4-2400,1 x 16GB,13,16,0,
ADATA XPG SPECTRIX D41 16 GB,DDR4-3000,2 x 8GB,10,16,10,
Gigabyte AORUS RGB 16 GB,DDR4-3200,2 x 8GB,10,16,6,
ADATA AD4U2400W4G17-S 4 GB,DDR4-2400,1 x 4GB,14,17,0,
Silicon Power XPOWER Turbine RGB 16 GB,DDR4-3200,2 x 8GB,10,16,10,
OLOy MD4U163216CGDA 32 GB,DDR4-3200,2 x 16GB,10,16,2,
GeIL EVO SPEAR 32 GB,DDR4-3200,2 x 16GB,10,16,0,
Crucial Ballistix RGB 32 GB,DDR4-3600,2 x 16GB,8,16,8,
OLOy OWL 16 GB,DDR4-3200,2 x 8GB,10,16,0,
HP V10 RGB 32 GB,DDR4-3200,2 x 16GB,8,14,0,
TEAMGROUP T-Force Vulcan Z 64 GB,DDR4-3600,2 x 32GB,10,18,0,
PNY XLR8 Gaming EPIC-X RGB 32 GB,DDR4-3200,2 x 16GB,10,16,0,
Acer UD100 8 GB,DDR4-3200,1 x 8GB,13,22,0,
Silicon Power SP001GBRDE400O01 1 GB,DDR-400,1 x 1GB,12,2.5,0,
Kingston FURY Renegade 64 GB,DDR5-6000,2 x 32GB,10,32,1,
ADATA XPG CASTER RGB 16 GB,DDR5-6400,1 x 16GB,12,40,0,
Mushkin Enhanced Redline Stiletto 16 GB,DDR4-3600,2 x 8GB,7,14,0,
V-Color TRA548G72D834Q 192 GB,DDR5-7200,4 x 48GB,9,34,0,
Kingston FURY Renegade 96 GB,DDR5-6400,2 x 48GB,10,32,0,
PNY XLR8 Gaming MAKO RGB 32 GB,DDR5-6400,2 x 16GB,12,40,1,
Thermaltake TOUGHRAM RGB D5 32 GB,DDR5-6400,2 x 16GB,10,32,0,
Kingston KCP421SS8/8 8 GB,DDR4-2133,1 x 8GB,14,15,0,59.99
Silicon Power SP032GBLFU320X02 32 GB,DDR4-3200,1 x 32GB,13,22,0,209.97
TEAMGROUP T-Force Dark Pro 8Pack Ripped Edition 16 GB,DDR4-3600,2 x 8GB,7,14,0,
Silicon Power SP016GBSVU480F02 16 GB,DDR5-4800,1 x 16GB,16,40,0,194.97
G.Skill Ripjaws M5 RGB 48 GB,DDR5-5200,2 x 24GB,15,40,0,579.99
Crucial CT2KIT12864AA800 2 GB,DDR2-800,2 x 1GB,15,6,1,24.99
G.Skill NS 2 GB,DDR3-1333,1 x 2GB,13,9,1,15.42
Thermaltake TOUGHRAM Z-ONE RGB 16 GB,DDR4-3600,2 x 8GB,10,18,0,
Corsair Vengeance RGB Pro 128 GB,DDR4-3200,4 x 32GB,10,16,4,
Crucial CT16G52C42U5 16 GB,DDR5-5200,1 x 16GB,16,42,0,
G.Skill Value 8 GB,DDR3-1600,1 x 8GB,13,11,6,43.69
VisionTek Adrenaline 4 GB,DDR2-800,1 x 4GB,15,6,0,
G.Skill Ripjaws X 16 GB,DDR3-2133,2 x 8GB,10,11,15,114.99
G.Skill Trident X 8 GB,DDR3-3200,2 x 4GB,8,13,0,
Kingston KTH-PL316LLQ/32G 32 GB,DDR3-1600,1 x 32GB,13,11,0,
Kingston KTH-PL421/16G 16 GB,DDR4-2133,1 x 16GB,14,15,0,128.99
Kingston KVR667D2D4F5/8G 8 GB,DDR2-667,1 x 8GB,14,5,0,
G.Skill NT 8 GB,DDR4-2133,1 x 8GB,14,15,9,
GeIL EVO POTENZA 16 GB,DDR4-2400,2 x 8GB,13,16,13,
G.Skill Flare X 16 GB,DDR4-2400,2 x 8GB,12,15,10,
Corsair Vengeance RGB 16 GB,DDR4-3200,2 x 8GB,10,16,7,
Crucial CT8G4WFS824A 8 GB,DDR4-2400,1 x 8GB,14,17,0,105.67
Klevv BOLT 8 GB,DDR4-3000,1 x 8GB,10,15,0,
G.Skill Trident Z RGB 64 GB,DDR4-3200,4 x 16GB,10,16,3,
G.Skill F2-6400CL5D-4GBNT 4 GB,DDR2-800,2 x 2GB,12,5,0,
G.Skill Trident Z Royal 64 GB,DDR4-3200,4 x 16GB,10,16,4,
Kingston HyperX Fury RGB 16 GB,DDR4-2666,2 x 8GB,12,16,1,
OLOy MD4U163216CGSA 16 GB,DDR4-3200,1 x 16GB,10,16,0,
ADATA XPG Z1 16 GB,DDR4-3200,2 x 8GB,10,16,8,
GeIL GeIL EVO POTENZA AMD 32GB ,DDR4-3200,2 x 16GB,10,16,0,
GeIL Orion RGB AMD Edition 16 GB,DDR4-3600,2 x 8GB,10,18,0,
Lexar Hades RGB 16 GB,DDR4-3200,2 x 8GB,11,18,0,
Lexar Hades OC 32 GB,DDR4-3600,2 x 16GB,10,18,0,
V-Color Prism Pro 32 GB,DDR4-3600,2 x 16GB,10,18,0,
Mushkin Redline Lumina 16 GB,DDR4-3600,2 x 8GB,10,18,2,
Kingston HyperX Predator 32 GB,DDR4-2666,2 x 16GB,9,13,0,
Thermaltake TOUGHRAM Z-ONE RGB 32 GB,DDR5-4800,2 x 16GB,16,40,0,
Crucial CT16G48C40D8U5 16 GB,DDR5-4800,1 x 16GB,16,40,0,
Mushkin Enhanced Redline Stiletto 32 GB,DDR4-3600,2 x 16GB,8,16,3,
Netac Shadow II 32 GB,DDR4-2666,2 x 16GB,14,19,0,
Crucial Pro Overclocking 48 GB,DDR5-6000,2 x 24GB,12,36,0,
G.Skill Ripjaws X 8 GB,DDR3-2400,1 x 8GB,9,11,0,
Mushkin Redline ST 32 GB,DDR5-5600,2 x 16GB,10,28,0,
TEAMGROUP T-Force Delta TUF Gaming Alliance RGB 32 GB,DDR5-6000,2 x 16GB,10,30,0,
TEAMGROUP Elite Plus 8 GB,DDR5-5200,1 x 8GB,16,42,0,
Klevv CRAS V RGB ROG CERTIFIED 32 GB,DDR5-7200,2 x 16GB,9,34,0,
Silicon Power SP032GBSFU320X22 32 GB,DDR4-3200,2 x 16GB,13,22,0,197.97
V-Color TN416G32D822 16 GB,DDR4-3200,1 x 16GB,13,22,0,109.99
V-Color TN432G32D822 32 GB,DDR4-3200,1 x 32GB,13,22,0,197.99
GOODRAM IRDM RGB 32 GB,DDR5-6000,2 x 16GB,10,30,0,
Mushkin Essentials 32 GB,DDR3-1866,2 x 16GB,13,13,0,166.08
OLOy WarHawk RGB 16 GB,DDR4-3000,2 x 8GB,10,16,0,
Patriot Viper Steel 16 GB,DDR4-3000,1 x 16GB,10,16,0,
Silicon Power XPOWER Pulse Gaming 64 GB,DDR5-6000,2 x 32GB,12,38,0,749.99
AMD RG2133 Gamer 16 GB,DDR3-2133,4 x 4GB,9,10,1,129.8
G.Skill Trident Z 32 GB,DDR4-3200,4 x 8GB,10,16,9,434.14
Samsung M393A4K40BB1-CRC 32 GB,DDR4-2400,1 x 32GB,14,17,0,209.99
Kingston KCP421ND8/16 16 GB,DDR4-2133,1 x 16GB,14,15,0,129.97
Crucial Ballistix Elite 8 GB,DDR4-3600,1 x 8GB,8,16,1,
G.Skill Ripjaws X 16 GB,DDR3-1866,4 x 4GB,9,9,6,122.02
Thermaltake TOUGHRAM RGB 16 GB,DDR4-3600,2 x 8GB,10,18,2,
G.Skill Trident Z5 Neo 48 GB,DDR5-8000,2 x 24GB,10,40,1,
Corsair Dominator 2 GB,DDR2-1066,2 x 1GB,9,5,0,
OCZ Reaper HPC 4 GB,DDR2-1066,2 x 2GB,9,5,0,
Corsair XMS3 8 GB,DDR3-1333,2 x 4GB,13,9,16,
Kingston HyperX Blu 8 GB,DDR3-1333,2 x 4GB,13,9,23,
Kingston KVR800D2S6/2G 2 GB,DDR2-800,1 x 2GB,15,6,0,12.83
Kingston HyperX Beast 16 GB,DDR3-2400,2 x 8GB,9,11,8,
Kingston KVR16R11S4/8HB 8 GB,DDR3-1600,1 x 8GB,13,11,0,143.16
Kingston HyperX Fury 8 GB,DDR4-2133,1 x 8GB,13,14,48,
Kingston KVR16LE11/8I 8 GB,DDR3-1600,1 x 8GB,13,11,0,38.99
G.Skill Ripjaws V 8 GB,DDR4-2666,2 x 4GB,11,15,11,
Patriot PSD44G213381 4 GB,DDR4-2133,1 x 4GB,14,15,1,
Corsair Dominator Platinum 32 GB,DDR4-3200,4 x 8GB,9,15,4,
G.Skill Ripjaws V 16 GB,DDR4-2666,2 x 8GB,11,15,11,
GeIL EVO POTENZA 16 GB,DDR4-2133,2 x 8GB,14,15,6,
EVGA SuperSC 16 GB,DDR4-2400,2 x 8GB,12,15,4,
G.Skill Trident Z RGB 16 GB,DDR4-3600,2 x 8GB,8,16,4,
Patriot Viper 4 8 GB,DDR4-3000,2 x 4GB,10,16,17,
Patriot Viper 4 8 GB,DDR4-3600,2 x 4GB,9,17,0,100.97
Crucial CT16G4DFD8213 16 GB,DDR4-2133,1 x 16GB,14,15,0,
Crucial CT32G4RFD424A 32 GB,DDR4-2400,1 x 32GB,14,17,0,228.99
Patriot Viper Elite 8 GB,DDR4-2400,1 x 8GB,13,16,0,
Crucial CT4K16G4WFD8266 64 GB,DDR4-2666,4 x 16GB,14,19,0,
G.Skill Sniper X 32 GB,DDR4-3200,2 x 16GB,10,16,1,402.01
GeIL EVO FORZA 8 GB,DDR4-2400,2 x 4GB,12,15,1,
Corsair Vengeance RGB 16 GB,DDR4-3000,2 x 8GB,10,16,20,
ADATA XPG GAMMIX D10 16 GB,DDR4-3200,2 x 8GB,10,16,4,
Kingston HyperX Predator 8 GB,DDR4-3000,2 x 4GB,10,15,2,
Kingston HyperX Predator 8 GB,DDR4-2666,1 x 8GB,9,13,0,
OLOy MD4U323016DJDA 64 GB,DDR4-3000,2 x 32GB,10,16,0,482.99
ADATA XPG GAMMIX D10 16 GB,DDR4-3200,2 x 8GB,10,16,1,
Crucial Ballistix MAX 32 GB,DDR4-4000,2 x 16GB,9,18,1,
TEAMGROUP T-Force Xtreem ARGB 16 GB,DDR4-3600,2 x 8GB,7,14,2,
ADATA XPG SPECTRIX D60G 32 GB,DDR4-3600,2 x 16GB,10,18,2,
TEAMGROUP T-Force Xtreem ARGB 64 GB,DDR4-3600,2 x 32GB,10,18,1,
Klevv CRAS X RGB 16 GB,DDR4-4000,2 x 8GB,9,19,0,
GeIL Orion AMD Edition 32 GB,DDR4-3000,2 x 16GB,10,16,1,
OLOy Blade 16 GB,DDR5-4800,2 x 8GB,16,40,0,
Corsair Vengeance RGB RS 32 GB,DDR4-3600,4 x 8GB,10,18,0,
Kingston Fury Renegade RGB 256 GB,DDR4-3200,8 x 32GB,10,16,0,
Addlink Spider X4 16 GB,DDR4-3200,2 x 8GB,10,16,0,
ADATA XPG GAMMIX D45 16 GB,DDR4-3200,1 x 16GB,10,16,0,
Silicon Power XPOWER Turbine RGB 16 GB,DDR4-4133,1 x 16GB,9,19,0,
Silicon Power XPOWER Zenith RGB Gaming 32 GB,DDR5-6000,2 x 16GB,13,40,0,
Netac Shadow II 8 GB,DDR4-3200,1 x 8GB,10,16,0,
Crucial Pro Overclocking 24 GB,DDR5-6000,1 x 24GB,12,36,0,
Silicon Power XPOWER Pulse Gaming 16 GB,DDR5-6000,1 x 16GB,10,30,0,
Biwin Black Opal HX100 32 GB,DDR5-6000,2 x 16GB,10,30,0,
G.Skill Trident Z5 Royal Neo RGB 48 GB,DDR5-6000,2 x 24GB,9,28,0,
G.Skill Ripjaws 128 GB,DDR5-5600,2 x 64GB,16,46,0,
PNY XLR8 Gaming 32 GB,DDR5-6000,2 x 16GB,10,30,0,
Silicon Power SP064GBSFU320X22 64 GB,DDR4-3200,1 x 64GB,13,22,0,435.97
G.Skill Ripjaws X 8 GB,DDR3-1866,2 x 4GB,9,9,112,56.47
G.Skill Sniper 32 GB,DDR3-2133,4 x 8GB,9,10,0,222.48
Crucial CT2K8G3S160BM 16 GB,DDR3-1600,2 x 8GB,13,11,0,40
Kingston KCP316ND8/8 8 GB,DDR3-1600,1 x 8GB,13,11,0,23.99
Kingston Fury Renegade RGB 16 GB,DDR4-3600,2 x 8GB,8,16,1,
G.Skill Trident Z RGB 32 GB,DDR4-3600,4 x 8GB,8,16,3,
Corsair Vengeance RGB Pro 32 GB,DDR4-4000,2 x 16GB,9,18,2,
Kingston KVR1333D3N9K3/12G 12 GB,DDR3-1333,3 x 4GB,13,9,0,89.9
Crucial CT16G3R186DM 16 GB,DDR3-1866,1 x 16GB,13,13,0,52.99
PNY Anarchy 4 GB,DDR4-2133,1 x 4GB,14,15,0,36.58
Crucial Ballistix Sport AT 16 GB,DDR4-3200,2 x 8GB,10,16,3,
Kingston KSM26ED8/16ME 16 GB,DDR4-2666,1 x 16GB,14,19,2,
ADATA Premier 16 GB,DDR5-4800,1 x 16GB,16,40,0,
Corsair Vengeance RGB Pro SL 32 GB,DDR4-4000,2 x 16GB,9,18,1,
Corsair Vengeance RGB RT 64 GB,DDR4-3600,2 x 32GB,10,18,0,
Patriot Viper Elite 5 RGB 64 GB,DDR5-6200,2 x 32GB,13,42,0,993.99
Crucial CT2KIT25664AA667 4 GB,DDR2-667,2 x 2GB,14,5,0,48.99
Corsair XMS3 4 GB,DDR3-1600,1 x 4GB,11,9,1,
Kingston HyperX 8 GB,DDR3-1600,2 x 4GB,11,9,47,
Corsair Vengeance 8 GB,DDR3-1866,2 x 4GB,9,9,18,
G.Skill Ripjaws X 16 GB,DDR3-1333,2 x 8GB,13,9,18,
G.Skill Ripjaws X 16 GB,DDR3-1866,2 x 8GB,10,10,31,
G.Skill Ares 32 GB,DDR3-2133,4 x 8GB,10,11,0,222.54
Kingston HyperX Fury 8 GB,DDR3-1600,1 x 8GB,12,10,8,
G.Skill Value 16 GB,DDR4-2133,4 x 4GB,14,15,2,
Samsung M393A2G40DB0-CPB 16 GB,DDR4-2133,1 x 16GB,14,15,2,
G.Skill Ripjaws 4 16 GB,DDR4-2133,2 x 8GB,14,15,5,
Wintec 3RSA213315R5H-64GQ 64 GB,DDR4-2133,4 x 16GB,14,15,0,
Kingston HyperX Savage 16 GB,DDR4-3000,2 x 8GB,10,15,1,
Kingston Savage 16 GB,DDR4-2800,2 x 8GB,10,14,0,
Kingston FURY 32 GB,DDR4-2133,2 x 16GB,13,14,1,
Crucial Ballistix Sport LT 64 GB,DDR4-2400,4 x 16GB,13,16,0,
G.Skill FORTIS 64 GB,DDR4-2400,4 x 16GB,12,15,0,
G.Skill Trident Z RGB 32 GB,DDR4-3000,4 x 8GB,10,16,10,
Samsung M391A2K43BB1-CRC 16 GB,DDR4-2400,1 x 16GB,14,17,0,179.98
TEAMGROUP Elite Plus 16 GB,DDR4-2400,2 x 8GB,13,16,1,
TEAMGROUP T-Force Delta RGB 16 GB,DDR4-3000,2 x 8GB,10,16,19,
Crucial Ballistix Sport LT 16 GB,DDR4-2400,1 x 16GB,13,16,0,
Kingston HyperX Predator 32 GB,DDR4-3600,2 x 16GB,9,17,2,
Samsung M393A1G40EB1-CPB 8 GB,DDR4-2133,1 x 8GB,14,15,0,
G.Skill Trident Z Neo 32 GB,DDR4-3200,4 x 8GB,8,14,1,
Corsair Vengeance RGB Pro 16 GB,DDR4-3200,2 x 8GB,10,16,3,
Kingston HyperX Fury RGB 16 GB,DDR4-2400,2 x 8GB,12,15,3,
Crucial CT32G4DFD8266 32 GB,DDR4-2666,1 x 32GB,14,19,0,231
ADATA XPG SPECTRIX D60G 16 GB,DDR4-3000,2 x 8GB,10,16,4,
Thermaltake H-ONE 16 GB,DDR4-3200,2 x 8GB,10,16,1,
OLOy WarHawk RGB 128 GB,DDR4-3200,4 x 32GB,10,16,1,
Antec Katana RGB 16 GB,DDR4-3600,2 x 8GB,10,18,1,
Kingston HyperX Fury 64 GB,DDR4-3600,2 x 32GB,10,18,1,
G.Skill Trident Z Neo ,DDR4-2666,2 x 16GB,13,18,0,
VisionTek OCPC PISTA RGB 32 GB,DDR5-5200,2 x 16GB,13,36,0,
VisionTek 901513 32 GB,DDR5-4800,1 x 32GB,16,40,0,748.91
VisionTek OCPC PISTA RGB 16 GB,DDR5-5600,2 x 8GB,12,36,0,
PNY XLR8 Gaming EPIC-X RGB 16 GB,DDR4-3200,1 x 16GB,10,16,0,
G.Skill Ripjaws V 32 GB,DDR4-3200,2 x 16GB,10,16,1,
Acer UD100 16 GB,DDR4-2666,1 x 16GB,14,19,0,
OLOy Blade RGB 32 GB,DDR5-6000,2 x 16GB,10,32,0,
Crucial Ballistix 16 GB,DDR4-3600,1 x 16GB,8,16,0,
Klevv CRAS XR5 RGB 32 GB,DDR5-6200,2 x 16GB,12,40,1,
PNY Performance 32 GB,DDR4-3200,1 x 32GB,13,22,0,
V-Color TRA516G72S834Q 64 GB,DDR5-7200,4 x 16GB,9,34,0,2829.99
Klevv CRAS V RGB ROG CERTIFIED 48 GB,DDR5-7200,2 x 24GB,9,34,0,
Silicon Power SP016GBSFU320B02 16 GB,DDR4-3200,1 x 16GB,13,22,0,99.97
Corsair ValueSelect 32 GB,DDR4-2133,2 x 16GB,14,15,0,
Crucial CT8G3S160BM 8 GB,DDR3-1600,1 x 8GB,13,11,1,20
Samsung M393A4K40CB2-CTD 32 GB,DDR4-2666,1 x 32GB,14,19,0,239
Silicon Power XPOWER Zenith RGB Gaming 64 GB,DDR5-6000,2 x 32GB,10,30,0,888.99
VisionTek 900642 8 GB,DDR3-1600,1 x 8GB,13,11,0,38.15
G.Skill NT 16 GB,DDR4-2400,2 x 8GB,14,17,0,
ADATA XPG SPECTRIX D60G 16 GB,DDR4-3200,2 x 8GB,10,16,10,
Gigabyte DESIGNARE 64 GB,DDR4-3200,2 x 32GB,10,16,2,
Biwin Black Opal DW100 RGB 64 GB,DDR5-6000,2 x 32GB,10,30,0,
Crucial CT2KIT51272AF667 8 GB,DDR2-667,2 x 4GB,14,5,1,58.99
Patriot Signature 16 GB,DDR3-1600,2 x 8GB,13,11,2,
G.Skill Sniper 16 GB,DDR3-2400,4 x 4GB,9,11,0,132.82
G.Skill Ripjaws V 8 GB,DDR4-3200,2 x 4GB,10,16,6,
PNY XLR8 32 GB,DDR4-3600,2 x 16GB,10,18,1,309.99
Kingston ValueRAM 2 GB,DDR3-1066,1 x 2GB,13,7,0,
Corsair Vengeance 16 GB,DDR3-1600,4 x 4GB,11,9,13,
G.Skill Ripjaws 4 GB,DDR3-1600,2 x 2GB,11,9,11,34.75
G.Skill F2-6400CL6Q-16GBMQ 16 GB,DDR2-800,4 x 4GB,15,6,0,
Samsung MV-3V4G4D/US 8 GB,DDR3-1333,2 x 4GB,13,9,3,
G.Skill Ripjaws X 32 GB,DDR3-1600,4 x 8GB,12,10,6,
G.Skill Ripjaws X 16 GB,DDR3-2133,2 x 8GB,8,9,10,
Mushkin Blackline 32 GB,DDR3-1600,4 x 8GB,11,9,0,
Kingston KVR1333D3S8N9HK2/4G 4 GB,DDR3-1333,2 x 2GB,13,9,3,
Crucial CT2KIT51264BA160B 8 GB,DDR3-1600,2 x 4GB,13,11,4,45
Kingston KVR13N9K3/24 24 GB,DDR3-1333,3 x 8GB,13,9,0,159.99
Corsair Vengeance 8 GB,DDR3-1600,1 x 8GB,12,10,15,
Corsair Vengeance Pro 16 GB,DDR3-1600,2 x 8GB,11,9,25,
Corsair Dominator Platinum 8 GB,DDR3-2133,2 x 4GB,8,9,1,
Corsair Vengeance Pro 8 GB,DDR3-2133,2 x 4GB,7,8,0,147.51
Kingston HyperX Fury 4 GB,DDR3-1866,1 x 4GB,10,10,7,
Corsair Dominator Platinum 32 GB,DDR3-1600,4 x 8GB,8,7,1,
ADATA XPG Z1 8 GB,DDR4-2400,2 x 4GB,13,16,1,
ADATA XPG Z1 32 GB,DDR4-2400,4 x 8GB,13,16,1,
Crucial Ballistix Sport 16 GB,DDR4-2400,2 x 8GB,13,16,18,
Corsair Vengeance LPX 16 GB,DDR4-2400,4 x 4GB,12,15,7,
Kingston HyperX Fury 4 GB,DDR4-2133,1 x 4GB,13,14,1,
Super Talent W1333UB4GV 4 GB,DDR3-1333,1 x 4GB,13,9,1,
Patriot Viper 4 16 GB,DDR4-3000,2 x 8GB,10,16,10,
Micron MT8JTF51264AZ-1G6E1 4 GB,DDR3-1600,1 x 4GB,13,11,2,14.99
G.Skill Aegis 8 GB,DDR4-2400,2 x 4GB,12,15,3,
Corsair Vengeance LED 16 GB,DDR4-3000,2 x 8GB,10,15,17,
TEAMGROUP Vulcan 4 GB,DDR4-2400,1 x 4GB,11,14,0,
Corsair Vengeance RGB 16 GB,DDR4-3600,2 x 8GB,10,18,5,
Crucial Sport LT 8 GB,DDR4-2666,1 x 8GB,12,16,5,
GeIL EVO FORZA 16 GB,DDR4-2666,2 x 8GB,12,16,0,
GeIL SUPER LUCE RGB 16 GB,DDR4-3000,2 x 8GB,10,16,3,
Samsung Samsung DDR4 2133MHz CL15 16GB RegECC 2Rx4 M393A2G40EB1-CPB 1.2V single pack 16 GB,DDR4-2133,1 x 16GB,14,15,0,
Crucial CT16G4TFD8266 16 GB,DDR4-2666,1 x 16GB,14,19,0,
Patriot Viper Steel 8 GB,DDR4-3000,1 x 8GB,10,16,1,
Crucial CT16G4XFD8266 16 GB,DDR4-2666,1 x 16GB,14,19,0,209.99
TEAMGROUP T-Force Dark 8 GB,DDR4-2400,2 x 4GB,11,14,0,
G.Skill Trident Z Neo 128 GB,DDR4-3200,4 x 32GB,10,16,2,
Crucial Ballistix 64 GB,DDR4-3200,2 x 32GB,10,16,2,
TEAMGROUP T-Force Dark Z 16 GB,DDR4-3600,2 x 8GB,10,18,0,
TEAMGROUP Team T-Force Night Hawk RGB 16GB ,DDR4-3600,2 x 8GB,10,18,0,
OLOy WarHawk RGB 32 GB,DDR4-3600,2 x 16GB,10,18,2,
TEAMGROUP T-Force Night Hawk Legend RGB 32 GB,DDR4-3200,2 x 16GB,10,16,1,
G.Skill Trident Z Royal 128 GB,DDR4-4000,4 x 32GB,9,18,0,
Neo Forza NMUD480E82-3200DB21 16 GB,DDR4-3200,2 x 8GB,10,16,0,
Kingston HyperX Fury 64 GB,DDR4-3200,4 x 16GB,10,16,0,
Silicon Power GAMING 32 GB,DDR4-3600,2 x 16GB,10,18,0,
Silicon Power GAMING 16 GB,DDR4-3000,2 x 8GB,10,16,0,
G.Skill Trident Z Royal Elite 32 GB,DDR4-3600,2 x 16GB,7,14,2,
G.Skill Trident Z Royal Elite 64 GB,DDR4-4266,4 x 16GB,8,19,0,
Acer Predator Vesta RGB 16 GB,DDR4-3200,2 x 8GB,11,18,0,
Patriot Viper Steel RGB 8 GB,DDR4-3600,1 x 8GB,11,20,0,
Silicon Power XPOWER Turbine 16 GB,DDR4-3000,1 x 16GB,10,16,0,114.97
Silicon Power SP001GBRDE333O01 1 GB,DDR-333,1 x 1GB,15,2.5,0,
V-Color Manta XPrism RGB 64 GB,DDR5-6000,2 x 32GB,11,34,0,
ADATA XPG LANCER RGB 32 GB,DDR5-5600,2 x 16GB,12,36,1,
Samsung M393B1G70BH0-CK0 8 GB,DDR3-1600,1 x 8GB,13,11,0,
TEAMGROUP T-Force Vulcan 8 GB,DDR5-5200,1 x 8GB,15,40,0,
Patriot Viper Elite 5 RGB TUF GAMING ALLIANCE 48 GB,DDR5-6000,2 x 24GB,12,36,0,1019.25
TEAMGROUP T-Force Vulcanα 16 GB,DDR5-6000,1 x 16GB,10,30,0,
Lexar Ares RGB 2nd Gen 48 GB,DDR5-8000,2 x 24GB,10,40,0,
G.Skill Ripjaws 8 GB,DDR4-3200,1 x 8GB,13,22,0,79.98
G.Skill Trident Z Royal 32 GB,DDR4-3600,2 x 16GB,10,18,0,
Crucial CT2K32G52C42S5 64 GB,DDR5-5200,2 x 32GB,16,42,0,719.99
Crucial Classic 8 GB,DDR5-5200,1 x 8GB,16,42,0,
G.Skill Ripjaws 64 GB,DDR4-2666,2 x 32GB,14,19,0,599.99
TEAMGROUP T-Force Xtreem ARGB 16 GB,DDR4-3200,2 x 8GB,10,16,1,
TEAMGROUP T-Force Xtreem ARGB 16 GB,DDR4-3200,2 x 8GB,10,16,0,256.89
G.Skill Trident Z RGB 32 GB,DDR4-2400,2 x 16GB,12,15,1,
G.Skill Trident Z Neo 16 GB,DDR4-3600,2 x 8GB,8,16,13,
Micron MT16JTF1G64AZ-1G6E1 8 GB,DDR3-1600,1 x 8GB,13,11,1,35
Patriot Extreme Performance 32 GB,DDR4-2133,4 x 8GB,14,15,0,
Crucial CT2K51264BD160BJ 8 GB,DDR3-1600,2 x 4GB,13,11,0,26.99
G.Skill Trident Z 16 GB,DDR4-3200,2 x 8GB,10,16,1,
G.Skill Trident Z Royal 32 GB,DDR4-3600,2 x 16GB,8,16,3,
Lexar LD4AS008G-R2666GSST 8 GB,DDR4-2666,1 x 8GB,14,19,0,
Patriot Viper Venom RGB 64 GB,DDR5-6000,2 x 32GB,12,36,0,1094.99
Corsair VS2GBKIT667D2 2 GB,DDR2-667,2 x 1GB,14,5,0,
G.Skill Ripjaws X 8 GB,DDR3-1333,2 x 4GB,13,9,8,39.99
Kingston KVR1333D3N9K2/8G 8 GB,DDR3-1333,2 x 4GB,13,9,3,44.04
Kingston HyperX Grey 8 GB,DDR3-1600,2 x 4GB,11,9,5,
Mushkin Essentials 16 GB,DDR3-1600,4 x 4GB,13,11,2,
Corsair XMS3 16 GB,DDR3-1600,2 x 8GB,11,9,13,
G.Skill Ares 16 GB,DDR3-1866,2 x 8GB,10,10,25,
G.Skill Ares 16 GB,DDR3-1600,2 x 8GB,11,9,10,125.35
Kingston HyperX Beast 32 GB,DDR3-1866,4 x 8GB,10,10,2,
Corsair Vengeance Pro 32 GB,DDR3-1600,4 x 8GB,11,9,5,
Crucial Ballistix Sport XT 32 GB,DDR3-1866,4 x 8GB,10,10,2,
ADATA XPG V2 16 GB,DDR3-2800,2 x 8GB,7,11,0,
ADATA XPG V2 16 GB,DDR3-2400,2 x 8GB,9,11,3,
Kingston HyperX Fury 16 GB,DDR3-1600,2 x 8GB,12,10,5,
Kingston HyperX Fury 8 GB,DDR3-1866,2 x 4GB,10,10,38,
ADATA XPG Z1 16 GB,DDR4-2400,2 x 8GB,13,16,3,
Corsair Dominator Platinum 16 GB,DDR4-3000,4 x 4GB,10,15,7,
Crucial CT12864BA160B 1 GB,DDR3-1600,1 x 1GB,13,11,0,
Crucial Ballistix Elite 16 GB,DDR4-2666,2 x 8GB,12,16,2,
Crucial Ballistix Elite 4 GB,DDR4-2666,1 x 4GB,12,16,1,
EVGA Superclocked 8 GB,DDR3-1600,2 x 4GB,11,9,4,
EVGA SSC 16 GB,DDR3-2400,2 x 8GB,9,11,4,
Corsair Vengeance LP 8 GB,DDR3-1600,2 x 4GB,13,11,6,
G.Skill Ripjaws V 16 GB,DDR4-3000,2 x 8GB,10,15,26,
G.Skill NT 4 GB,DDR4-2133,1 x 4GB,14,15,2,
G.Skill NT 16 GB,DDR4-2400,2 x 8GB,12,15,3,
G.Skill Ripjaws V 8 GB,DDR4-3000,2 x 4GB,10,15,2,
ADATA XPG V3 16 GB,DDR3-2133,2 x 8GB,9,10,0,
PNY MD16384KD3-1600-NHS-V2 16 GB,DDR3-1600,2 x 8GB,13,11,1,
Corsair Vengeance LPX 4 GB,DDR4-2400,1 x 4GB,13,16,0,
Patriot Viper Elite 8 GB,DDR4-2400,2 x 4GB,12,15,10,
Corsair Vengeance RGB 16 GB,DDR4-3200,2 x 8GB,10,16,8,
ADATA ADATA 32GB ,DDR4-3000,2 x 16GB,10,16,1,
Kingston HyperX Predator 16 GB,DDR4-3000,1 x 16GB,10,15,0,
Kingston HyperX Fury 8 GB,DDR4-3200,1 x 8GB,11,18,0,
Corsair Vengeance LPX 32 GB,DDR4-3200,2 x 16GB,10,16,3,
TEAMGROUP T-Force XCalibur RGB 16 GB,DDR4-3600,2 x 8GB,10,18,1,
Kingston HyperX Predator RGB 16 GB,DDR4-2933,2 x 8GB,10,15,1,
Crucial CT4G4DFS8266 4 GB,DDR4-2666,1 x 4GB,14,19,0,
Crucial CT2G4SFS624A 2 GB,DDR4-2400,1 x 2GB,14,17,0,
Crucial Ballistix Sport LT 32 GB,DDR4-3200,2 x 16GB,10,16,1,
Crucial CT32G4LFD4266 32 GB,DDR4-2666,1 x 32GB,14,19,0,228.79
G.Skill Flare X 16 GB,DDR4-2933,2 x 8GB,10,16,0,
G.Skill F4-2133C15D-16GNS 16 GB,DDR4-2133,2 x 8GB,14,15,0,
TEAMGROUP T-Force Dark Pro 16 GB,DDR4-3200,2 x 8GB,8,14,0,
OLOy MD4U163016CGDA 32 GB,DDR4-3000,2 x 16GB,10,16,1,
OLOy MD4U323216DJDA 64 GB,DDR4-3200,2 x 32GB,10,16,3,
Crucial Ballistix 8 GB,DDR4-2400,2 x 4GB,13,16,2,
OLOy WarHawk RGB 32 GB,DDR4-3200,4 x 8GB,10,16,1,
TEAMGROUP Team T-FORCE VULCAN Z 32GB 288-Pin DDR4 SDRAM DDR4 3000 ,DDR4-3000,1 x 32GB,10,16,0,
Thermaltake H-ONE 16 GB,DDR4-2666,2 x 8GB,14,19,0,
ADATA XPG SPECTRIX D60G 16 GB,DDR4-3600,2 x 8GB,10,18,1,
TEAMGROUP Dark Pro 8PACK Edition 32 GB,DDR4-3600,2 x 16GB,8,16,0,
Silicon Power XPOWER Zenith RGB Gaming 16 GB,DDR4-3200,2 x 8GB,10,16,4,
Kingston FURY Renegade 16 GB,DDR4-3200,1 x 16GB,10,16,1,
GeIL Orion RGB AMD Edition 32 GB,DDR4-3200,2 x 16GB,10,16,0,
TEAMGROUP T-Force Vulcan Z 32 GB,DDR4-4000,2 x 16GB,9,18,1,
ADATA XPG Z1 32 GB,DDR4-3200,2 x 16GB,10,16,0,
G.Skill F4-3200C16Q2-128GTZSK 128 GB,DDR4-3200,8 x 16GB,10,16,0,
G.Skill Trident Z5 Neo 32 GB,DDR5-5600,2 x 16GB,10,28,1,
Silicon Power SP032GBLVU480F02 32 GB,DDR5-4800,1 x 32GB,16,40,0,403.97
ADATA XPG GAMMIX D10 32 GB,DDR4-3200,2 x 16GB,10,16,0,
Crucial CT2K4G4DFS8266 8 GB,DDR4-2666,2 x 4GB,14,19,0,
Kingston ValueRAM 64 GB,DDR5-5600,2 x 32GB,16,46,0,
Mushkin Enhanced Essentials 16 GB,DDR4-3200,2 x 8GB,13,22,0,
V-Color TRA524G72S836O 192 GB,DDR5-7200,8 x 24GB,10,36,0,
V-Color TRA548G64D832O 384 GB,DDR5-6400,8 x 48GB,10,32,0,
Corsair CMT32GX5M2X7800C36 32 GB,DDR5-7800,2 x 16GB,9,36,0,
Crucial CT16G4SFD8266 16 GB,DDR4-2666,1 x 16GB,14,19,0,121
G.Skill Sniper X 32 GB,DDR4-3600,2 x 16GB,10,19,0,
Crucial CT2K8G4SFS832A 16 GB,DDR4-3200,2 x 8GB,13,22,0,141
Patriot Viper Elite 8 GB,DDR4-2666,1 x 8GB,12,16,3,
Crucial CT8G4RFS4213 8 GB,DDR4-2133,1 x 8GB,14,15,0,58.99
Crucial CT2KIT204864BF160B 32 GB,DDR3-1600,2 x 16GB,13,11,0,299.79
Silicon Power SP016GBSFU320X02 16 GB,DDR4-3200,1 x 16GB,13,22,0,
G.Skill Sniper Gaming 16 GB,DDR3-1866,2 x 8GB,10,10,14,132.26
G.Skill Ripjaws 4 GB,DDR3-1600,1 x 4GB,11,9,0,
Crucial CT8G4SFS824A 8 GB,DDR4-2400,1 x 8GB,14,17,0,67
Samsung M471A4G43MB1 32 GB,DDR4-2666,1 x 32GB,14,19,0,234.5
Kingston KSM48E40BD8KM-32HM 32 GB,DDR5-4800,1 x 32GB,16,40,0,
Lexar LD4AS016G-B3200GSST 16 GB,DDR4-3200,1 x 16GB,13,22,0,184.19
G.Skill Ripjaws X 8 GB,DDR3-1333,1 x 8GB,13,9,4,47.16
Kingston KVR16N11S8K2/8 8 GB,DDR3-1600,2 x 4GB,13,11,4,34.99
Kingston KVR16R11D4/8I 8 GB,DDR3-1600,1 x 8GB,13,11,0,22.48
Thermaltake TOUGHRAM RGB 16 GB,DDR4-4400,2 x 8GB,8,19,0,
TEAMGROUP T-Force Xtreem ARGB 32 GB,DDR4-3600,2 x 16GB,10,18,1,
Patriot Viper Elite II 64 GB,DDR4-3200,2 x 32GB,11,18,0,
Kingston KSM48R40BD8KMM-32HMR 32 GB,DDR5-4800,1 x 32GB,16,40,0,
Patriot Viper Elite 5 RGB 16 GB,DDR5-5600,1 x 16GB,13,38,1,437.79
Kingston HyperX 4 GB,DDR2-800,2 x 2GB,12,5,1,
Corsair Dominator GT 12 GB,DDR3-2000,3 x 4GB,9,9,1,
Corsair Vengeance 24 GB,DDR3-1600,6 x 4GB,11,9,2,
ADATA Premier 8 GB,DDR3-1333,2 x 4GB,13,9,4,
Crucial CT51264AC667 4 GB,DDR2-667,1 x 4GB,14,5,0,79.48
G.Skill Ripjaws X 8 GB,DDR3-2133,2 x 4GB,8,9,13,88.12
Corsair XMS3 8 GB,DDR3-1333,1 x 8GB,13,9,2,
Corsair XMS 8 GB,DDR3-1600,1 x 8GB,13,11,5,
Corsair Dominator Platinum 16 GB,DDR3-2133,2 x 8GB,8,9,8,
Crucial Ballistix Tactical Tracer 16 GB,DDR3-1600,2 x 8GB,10,8,2,
G.Skill Trident X 16 GB,DDR3-1600,2 x 8GB,8,7,16,
Avexir Core 24 GB,DDR3-1600,3 x 8GB,12,10,0,
IBM 00D4955 4 GB,DDR3-1600,1 x 4GB,13,11,0,169.99
Kingston KVR16N11S6/2 2 GB,DDR3-1600,1 x 2GB,13,11,2,
Kingston HyperX Fury 8 GB,DDR3-1866,1 x 8GB,10,10,15,
Transcend JetRam 8 GB,DDR3-1600,1 x 8GB,13,11,3,
G.Skill Ripjaws 32 GB,DDR4-2400,4 x 8GB,12,15,3,
Kingston HyperX Savage 16 GB,DDR3-2400,2 x 8GB,9,11,2,
Crucial CT2K32G3ELSDQ4186D 64 GB,DDR3-1866,2 x 32GB,11,11,0,
Corsair Vengeance LPX 32 GB,DDR4-2400,4 x 8GB,12,15,5,
Klevv CRAS 16 GB,DDR4-2133,4 x 4GB,14,15,0,
Mushkin Essentials 32 GB,DDR3-1600,4 x 8GB,13,11,1,
Crucial CT4K8G4RFD8213 32 GB,DDR4-2133,4 x 8GB,14,15,0,
G.Skill Trident Z 16 GB,DDR4-3000,2 x 8GB,10,15,4,
G.Skill Ripjaws V 32 GB,DDR4-3200,2 x 16GB,8,14,8,
G.Skill Trident Z 64 GB,DDR4-3200,4 x 16GB,8,14,1,
Crucial Ballistix Sport LT 32 GB,DDR4-2400,2 x 16GB,13,16,10,
G.Skill Aegis 32 GB,DDR4-2133,2 x 16GB,14,15,1,
Corsair Dominator Platinum 32 GB,DDR4-3200,2 x 16GB,10,16,5,
Corsair Dominator Platinum 32 GB,DDR4-2133,4 x 8GB,14,15,0,
Crucial Ballistix Sport LT 32 GB,DDR4-2400,2 x 16GB,13,16,2,
G.Skill Trident Z 16 GB,DDR4-3200,2 x 8GB,8,14,16,
TEAMGROUP Vulcan 16 GB,DDR4-2400,2 x 8GB,11,14,17,
G.Skill Flare X 32 GB,DDR4-2400,2 x 16GB,12,15,2,
Patriot Viper Elite 16 GB,DDR4-3200,2 x 8GB,10,16,0,
Apacer Commando 16 GB,DDR4-2666,2 x 8GB,12,16,0,
TEAMGROUP T-Force Delta RGB 8 GB,DDR4-3000,2 x 4GB,10,16,3,
G.Skill Sniper X 16 GB,DDR4-3600,2 x 8GB,10,19,3,
G.Skill Trident Z RGB 64 GB,DDR4-3000,4 x 16GB,10,16,2,
Kingston HyperX Predator RGB 8 GB,DDR4-2933,1 x 8GB,10,15,0,
Mushkin Silverline 32 GB,DDR4-2133,2 x 16GB,14,15,0,
Corsair Vengeance LPX 8 GB,DDR4-3000,2 x 4GB,10,16,10,
TEAMGROUP XCalibur Phantom Gaming RGB 16 GB,DDR4-3200,2 x 8GB,10,16,1,
Crucial Ballistix Sport LT 16 GB,DDR4-3200,2 x 8GB,10,16,4,
Crucial CT2K4G4DFS632A 8 GB,DDR4-3200,2 x 4GB,13,22,0,
TEAMGROUP T-Force Vulcan Z 32 GB,DDR4-3000,2 x 16GB,10,16,4,
OLOy WarHawk RGB 16 GB,DDR4-3000,2 x 8GB,10,16,5,
Kingston HyperX Fury RGB 16 GB,DDR4-3000,2 x 8GB,10,15,2,
TEAMGROUP T-Force Dark Z 32 GB,DDR4-3200,2 x 16GB,10,16,1,
Patriot Viper 4 Blackout 8 GB,DDR4-3200,2 x 4GB,11,19,1,
Kingston HyperX Fury 8 GB,DDR4-3200,2 x 4GB,11,18,1,
Thermaltake TOUGHRAM 16 GB,DDR4-3600,2 x 8GB,10,18,2,
Corsair Vengeance RGB Pro 128 GB,DDR4-3600,4 x 32GB,10,18,1,
Crucial Ballistix 32 GB,DDR4-3600,2 x 16GB,8,16,6,
OLOy MD4U163016CJSA 16 GB,DDR4-3000,1 x 16GB,10,16,1,
Thermaltake TOUGHRAM RC 16 GB,DDR4-3200,2 x 8GB,10,16,2,
ADATA XPG GAMMIX D20 64 GB,DDR4-3200,2 x 32GB,10,16,1,
OLOy Blade RGB 16 GB,DDR4-3200,2 x 8GB,10,16,1,
Klevv BOLT X 16 GB,DDR4-3600,1 x 16GB,10,18,0,
Corsair Vengeance RGB RS 64 GB,DDR4-3200,2 x 32GB,10,16,1,579.99
Acer Predator Apollo RGB 32 GB,DDR4-3200,2 x 16GB,10,16,0,
G.Skill TridentZ RGB  256 GB,DDR4-3200,8 x 32GB,8,14,0,
G.Skill TridentZ RGB  128 GB,DDR4-2666,4 x 32GB,14,19,0,
Corsair Vengeance RGB Pro SL 64 GB,DDR4-3600,4 x 16GB,10,18,1,
Kingston FURY Renegade 256 GB,DDR4-3200,8 x 32GB,10,16,0,
ADATA XPG GAMMIX D20 8 GB,DDR4-3200,1 x 8GB,10,16,0,
V-Color SKYWALKER PLUS 32 GB,DDR4-3600,2 x 16GB,10,18,0,
V-Color SKYWALKER PLUS 64 GB,DDR4-3600,2 x 32GB,10,18,0,
TEAMGROUP Elite 8 GB,DDR4-2666,1 x 8GB,14,19,1,
TEAMGROUP T-Force Delta TUF Gaming Alliance RGB 16 GB,DDR4-3200,2 x 8GB,10,16,2,
Corsair Vengeance RGB Pro SL 128 GB,DDR4-3200,4 x 32GB,10,16,0,
Silicon Power SP008GBLFU213B02 8 GB,DDR4-2133,1 x 8GB,14,15,0,99.99
Silicon Power SP032GBLFU320X22 32 GB,DDR4-3200,2 x 16GB,13,22,0,
Timetec 75TT36NU2R8-16GK2 32 GB,DDR4-3600,2 x 16GB,10,18,0,
Kingston Fury Beast RGB Special Edition 8 GB,DDR4-3200,1 x 8GB,10,16,0,
V-Color Manta XPrism RGB 32 GB,DDR5-8000,2 x 16GB,9,38,0,
G.Skill Flare X5 48 GB,DDR5-5600,2 x 24GB,14,40,0,
GeIL EVO V RGB 48 GB,DDR5-6800,1 x 48GB,10,36,0,
Corsair Dominator Titanium First Edition 48 GB,DDR5-7200,2 x 24GB,10,36,0,
Mushkin Redline Pro 64 GB,DDR5-5600,2 x 32GB,16,46,0,
G.Skill Zeta R5 Neo 192 GB,DDR5-6400,4 x 48GB,10,32,0,
Kingston FURY Renegade Pro 64 GB,DDR5-5600,4 x 16GB,10,28,0,
Klevv CRAS V RGB 48 GB,DDR5-8200,2 x 24GB,9,38,0,
V-Color TE524G60S828SKK 48 GB,DDR5-6000,2 x 24GB,9,28,0,
PNY MN8GSD43200-TB 8 GB,DDR4-3200,1 x 8GB,13,22,0,
Acer Predator Pallas II 96 GB,DDR5-6000,2 x 48GB,9,28,0,
Acer Predator Hermes RGB 96 GB,DDR5-6000,2 x 48GB,9,28,0,
PNY MN16GK2D43200-TB 16 GB,DDR4-3200,2 x 8GB,13,22,0,149.99
Crucial CT2K102464BF186D 16 GB,DDR3-1866,2 x 8GB,13,13,0,62
Kingston FURY Impact 8 GB,DDR4-3200,1 x 8GB,12,20,0,113.79
PNY MN32GSD43200-TB 32 GB,DDR4-3200,1 x 32GB,13,22,0,239.99
Corsair Vengeance RGB Pro SL 16 GB,DDR4-3600,2 x 8GB,10,18,3,177.99
Patriot Viper 4 GB,DDR3-1333,2 x 2GB,10,7,0,
Thermaltake TOUGHRAM RGB 32 GB,DDR4-3600,2 x 16GB,10,18,1,
Crucial CT2CP25672AF667 4 GB,DDR2-667,2 x 2GB,14,5,0,23.99
G.Skill Sniper Gaming 16 GB,DDR3-2133,4 x 4GB,8,9,0,154.94
Patriot Signature 8 GB,DDR3-1600,1 x 8GB,13,11,3,
Corsair XMS 64 GB,DDR3-1333,8 x 8GB,13,9,1,391.55
IBM 00D4968 16 GB,DDR3-1600,1 x 16GB,13,11,0,74.98
G.Skill Ares 16 GB,DDR3-1600,2 x 8GB,11,9,1,99.99
G.Skill Trident Z 32 GB,DDR4-3200,2 x 16GB,8,14,5,
G.Skill Trident Z RGB 32 GB,DDR4-4000,2 x 16GB,9,19,2,
Mushkin Essentials 16 GB,DDR4-2666,1 x 16GB,14,19,0,
Corsair XMS2 4 GB,DDR2-800,2 x 2GB,12,5,0,
Corsair VS2GB800D2 2 GB,DDR2-800,1 x 2GB,12,5,0,
Corsair Dominator GTX 2 GB,DDR3-2400,1 x 2GB,7,9,0,
Patriot Signature 4 GB,DDR3-1600,2 x 2GB,11,9,0,
G.Skill Ripjaws X 8 GB,DDR3-1600,2 x 4GB,10,8,46,
Patriot Signature 8 GB,DDR3-1600,2 x 4GB,13,11,12,
PNY XLR8 8 GB,DDR3-1600,2 x 4GB,11,9,6,
Kingston Value 4 GB,DDR3-1333,1 x 4GB,13,9,3,23.81
Kingston KVR1333D3N9/4GKC 4 GB,DDR3-1333,1 x 4GB,13,9,0,
Corsair Dominator GT 16 GB,DDR3-2133,4 x 4GB,8,9,1,
G.Skill Ares 8 GB,DDR3-1600,2 x 4GB,11,9,56,59
G.Skill Ares 8 GB,DDR3-1600,2 x 4GB,11,9,32,69.91
G.Skill Ares 16 GB,DDR3-1600,2 x 8GB,12,10,8,
Kingston HyperX 16 GB,DDR3-1866,4 x 4GB,9,9,1,
G.Skill Ripjaws Z 8 GB,DDR3-2400,2 x 4GB,8,10,8,76.95
Kingston KHX2400C11D3K4/8GX 8 GB,DDR3-2400,4 x 2GB,9,11,0,
Corsair Vengeance 8 GB,DDR3-2133,2 x 4GB,8,9,4,
"Patriot Intel Extreme Master, Limited Ed 8 GB",DDR3-2133,2 x 4GB,10,11,1,
Corsair Dominator Platinum 16 GB,DDR3-2133,4 x 4GB,8,9,3,
Corsair Vengeance LP 16 GB,DDR3-1600,2 x 8GB,11,9,13,
Kingston HyperX 32 GB,DDR3-1600,4 x 8GB,11,9,0,
G.Skill Ripjaws X 32 GB,DDR3-2133,4 x 8GB,9,10,1,266.79
Corsair Vengeance Pro 16 GB,DDR3-2133,2 x 8GB,10,11,11,
PNY XLR8 8 GB,DDR3-1600,1 x 8GB,11,9,13,
TEAMGROUP Xtreem LV 16 GB,DDR3-2133,2 x 8GB,10,11,0,
Dell SNP8H68RC/8G 8 GB,DDR3-1600,1 x 8GB,13,11,0,
ADATA XPG V1.0 16 GB,DDR3-1600,2 x 8GB,13,11,5,
G.Skill Aegis 8 GB,DDR3-1600,1 x 8GB,13,11,2,65.08
Transcend JM1333KLH-4G 4 GB,DDR3-1333,1 x 4GB,13,9,0,
Crucial Ballistix Sport 4 GB,DDR4-2400,1 x 4GB,13,16,0,
Kingston HyperX Savage 32 GB,DDR3-2400,4 x 8GB,9,11,0,
Crucial Ballistix Sport LT 8 GB,DDR4-2400,2 x 4GB,13,16,26,
Crucial CT2K16G3ERSDD4186D 32 GB,DDR3-1866,2 x 16GB,13,13,0,
Crucial CT4K4G4RFS8213 16 GB,DDR4-2133,4 x 4GB,14,15,1,
G.Skill Ripjaws 4 16 GB,DDR4-3000,2 x 8GB,10,15,3,
PNY Anarchy 16 GB,DDR4-2133,2 x 8GB,14,15,3,
G.Skill NT 8 GB,DDR4-2400,2 x 4GB,12,15,2,
G.Skill NT 4 GB,DDR4-2400,1 x 4GB,12,15,3,
Patriot Viper 4 16 GB,DDR4-2400,2 x 8GB,12,15,1,
Crucial CT2KIT25664BA160BJ 4 GB,DDR3-1600,2 x 2GB,13,11,0,34.99
Crucial Ballistix Sport LT 16 GB,DDR4-2400,4 x 4GB,13,16,12,
G.Skill Aegis 16 GB,DDR4-2133,1 x 16GB,14,15,2,
Crucial Ballistix Sport LT 16 GB,DDR4-2400,2 x 8GB,13,16,17,
Kingston FURY 16 GB,DDR4-2133,2 x 8GB,13,14,5,
Corsair Vengeance LED 32 GB,DDR4-3200,2 x 16GB,10,16,3,
Corsair Vengeance LED 16 GB,DDR4-3000,2 x 8GB,10,15,35,
Corsair Vengeance LED 32 GB,DDR4-3200,2 x 16GB,10,16,1,
G.Skill Trident Z RGB 32 GB,DDR4-3000,4 x 8GB,10,15,16,
TEAMGROUP Dark Pro 16 GB,DDR4-3200,2 x 8GB,8,14,12,
G.Skill Flare X 16 GB,DDR4-2133,2 x 8GB,14,15,1,
Crucial CT9029050 32 GB,DDR4-2400,2 x 16GB,14,17,0,
TEAMGROUP Vulcan 8 GB,DDR4-2400,1 x 8GB,11,14,1,
TEAMGROUP T-Force Delta RGB 16 GB,DDR4-2400,2 x 8GB,12,15,2,
TEAMGROUP TED48G2400C1601 8 GB,DDR4-2400,1 x 8GB,13,16,0,
Crucial Ballistix Sport LT 8 GB,DDR4-2666,2 x 4GB,12,16,8,
Corsair Dominator Platinum 32 GB,DDR4-3000,4 x 8GB,10,15,2,
Crucial Ballistix Sport LT 8 GB,DDR4-2400,1 x 8GB,13,16,1,
Samsung M393A1G40EB1-CRC 8 GB,DDR4-2400,1 x 8GB,14,17,0,63.8
G.Skill Trident Z RGB 16 GB,DDR4-3200,2 x 8GB,8,14,5,
Patriot Viper Elite 8 GB,DDR4-2666,2 x 4GB,12,16,6,
Klevv BOLT 16 GB,DDR4-3000,1 x 16GB,10,15,0,
ADATA XPG GAMMIX D10 8 GB,DDR4-2400,1 x 8GB,13,16,1,
Crucial Ballistix Tactical 64 GB,DDR4-3000,4 x 16GB,10,15,0,
Kingston HyperX Predator RGB 32 GB,DDR4-3200,4 x 8GB,10,16,4,
G.Skill Trident Z RGB 32 GB,DDR4-3600,4 x 8GB,10,19,13,
Crucial CT4K8G4RFD8266 32 GB,DDR4-2666,4 x 8GB,14,19,0,
GeIL EVO SPEAR 8 GB,DDR4-2400,2 x 4GB,13,16,3,
TEAMGROUP T-Force Xtreem 16 GB,DDR4-4133,2 x 8GB,8,18,3,
Crucial Ballistix Sport LT 16 GB,DDR4-3000,2 x 8GB,10,16,5,
GeIL EVO SPEAR 16 GB,DDR4-2666,2 x 8GB,14,19,1,
G.Skill Trident Z Royal 32 GB,DDR4-3200,4 x 8GB,10,16,1,
Crucial CT32G4RFD432A 32 GB,DDR4-3200,1 x 32GB,13,22,0,
Patriot Viper Steel 32 GB,DDR4-3000,2 x 16GB,10,16,1,
G.Skill Trident Z Neo 64 GB,DDR4-3600,4 x 16GB,8,16,1,
OLOy MD4U082616BGDA 16 GB,DDR4-2666,2 x 8GB,12,16,0,
Kingston HyperX Fury RGB 32 GB,DDR4-2400,2 x 16GB,12,15,0,
Kingston HyperX Predator RGB 16 GB,DDR4-4000,2 x 8GB,9,19,0,
TEAMGROUP T-Force Dark Za 16 GB,DDR4-4000,2 x 8GB,9,18,1,304.36
Crucial Ballistix 64 GB,DDR4-3600,2 x 32GB,8,16,1,
Crucial Ballistix RGB 32 GB,DDR4-3200,2 x 16GB,10,16,0,
G.Skill Trident Z Neo 128 GB,DDR4-3600,4 x 32GB,10,18,0,
Kingston HyperX Fury RGB 32 GB,DDR4-3600,2 x 16GB,9,17,5,
OLOy OWL 32 GB,DDR4-3600,2 x 16GB,10,18,0,
Corsair Dominator Platinum RGB 128 GB,DDR4-3200,4 x 32GB,10,16,0,
Corsair Dominator Platinum RGB 16 GB,DDR4-3600,2 x 8GB,10,18,1,
Micron MT8JTF25664AZ-1G4D1 2 GB,DDR3-1333,1 x 2GB,13,9,0,34.79
Kingston HyperX Predator RGB 256 GB,DDR4-3200,8 x 32GB,10,16,0,
Klevv BOLT X 8 GB,DDR4-3600,1 x 8GB,10,18,0,
G.Skill Value 64 GB,DDR4-2666,2 x 32GB,14,19,0,
G.Skill Trident Z Neo ,DDR4-2666,2 x 8GB,13,18,0,
HP V8 RGB 16 GB,DDR4-3600,2 x 8GB,10,18,0,
ADATA XPG GAMMIX D45 64 GB,DDR4-3200,2 x 32GB,10,16,1,
Mushkin Redline Lumina 16 GB,DDR4-3200,2 x 8GB,10,16,0,
Silicon Power XPOWER Zenith Gaming 8 GB,DDR5-5600,1 x 8GB,14,40,0,
Silicon Power SP008GBLFU320B02 8 GB,DDR4-3200,1 x 8GB,13,22,0,
OLOy Blade RGB 64 GB,DDR5-6400,2 x 32GB,10,32,0,
PROXMEM KERBEROS 16 GB,DDR4-3200,2 x 8GB,11,18,0,
Timetec PINNACLE Konduit 16 GB,DDR4-3600,2 x 8GB,10,18,2,
ADATA XPG CASTER RGB 32 GB,DDR5-6000,2 x 16GB,10,30,1,
Klevv BOLT V 32 GB,DDR5-6400,2 x 16GB,10,32,1,
Silicon Power SP032GBLVU560F22 32 GB,DDR5-5600,2 x 16GB,16,46,0,
Mushkin Redline Pro 32 GB,DDR5-5600,2 x 16GB,16,46,0,
TEAMGROUP Elite Plus 64 GB,DDR5-6400,2 x 32GB,16,52,0,
Acer Predator Hera RGB 32 GB,DDR5-8200,2 x 16GB,8,36,0,
ADATA XPG Lancer Blade 8 GB,DDR5-5600,1 x 8GB,16,46,0,
Patriot Viper Elite 5 Ultra 32 GB,DDR5-6400,2 x 16GB,10,32,0,499.99
Lexar LD4AS008G-B3200GSST 8 GB,DDR4-3200,1 x 8GB,13,22,0,
Crucial CT8G4RFD8266 8 GB,DDR4-2666,1 x 8GB,14,19,0,58.99
Crucial CT16G52C42S5 16 GB,DDR5-5200,1 x 16GB,16,42,0,
Crucial CT16G4RFD424A 16 GB,DDR4-2400,1 x 16GB,14,17,0,118.99
Crucial CT32G4SFD8266 32 GB,DDR4-2666,1 x 32GB,14,19,0,239.99
Thermaltake TOUGHRAM RC 32 GB,DDR5-5600,2 x 16GB,12,36,0,
Corsair Vengeance Performance 8 GB,DDR4-2666,1 x 8GB,13,18,0,80.98
Crucial CT51264BA1339 4 GB,DDR3-1333,1 x 4GB,13,9,2,19.93
Kingston KVR16N11H/8 8 GB,DDR3-1600,1 x 8GB,13,11,0,
G.Skill Aegis 64 GB,DDR4-2400,4 x 16GB,12,15,1,
G.Skill Flare X 16 GB,DDR4-2400,2 x 8GB,12,15,4,
TEAMGROUP T-Create Master 128 GB,DDR5-6800,8 x 16GB,10,34,0,4019.99
G.Skill Zeta R5 Neo 64 GB,DDR5-6000,4 x 16GB,10,30,0,
Kingston Value 1 GB,DDR2-400,1 x 1GB,15,3,0,50.6
G.Skill F3-1600C11D-16GSL 16 GB,DDR3-1600,2 x 8GB,13,11,0,113.38
G.Skill Ripjaws 16 GB,DDR3-1600,2 x 8GB,11,9,1,89.99
Kingston KVR1333D3E9SK2/16G 16 GB,DDR3-1333,2 x 8GB,13,9,0,125
Kingston KVR13R9D4K3/48 48 GB,DDR3-1333,3 x 16GB,13,9,0,98.99
Patriot Viper Elite 16 GB,DDR4-2133,2 x 8GB,13,14,2,
G.Skill FORTIS 32 GB,DDR4-2133,4 x 8GB,14,15,1,
Crucial CT102472BA186D 8 GB,DDR3-1866,1 x 8GB,13,13,0,42.99
Kingston KTD-PE426S8/8G 8 GB,DDR4-2666,1 x 8GB,14,19,0,
G.Skill Trident Z Neo 16 GB,DDR4-3600,2 x 8GB,7,14,1,
Corsair Vengeance RGB RS 32 GB,DDR4-3200,4 x 8GB,10,16,1,
Corsair Vengeance RGB RT 128 GB,DDR4-3600,4 x 32GB,10,18,0,
Silicon Power SP004GBLFU240X02 4 GB,DDR4-2400,1 x 4GB,14,17,0,66.15
Patriot Venom RGB 64 GB,DDR5-6000,2 x 32GB,10,30,0,
G.Skill Ripjaws 96 GB,DDR5-5600,2 x 48GB,16,46,0,
Crucial CT12864AA667 1 GB,DDR2-667,1 x 1GB,14,5,1,19.98
Patriot Sector 5 4 GB,DDR3-1600,2 x 2GB,11,9,0,67.95
G.Skill Ripjaws 16 GB,DDR3-1600,4 x 4GB,11,9,10,179.95
Patriot Viper Xtreme 8 GB,DDR3-1600,2 x 4GB,10,8,1,129.78
ADATA AD3U1333B2G9-DRH 4 GB,DDR3-1333,2 x 2GB,13,9,1,
Corsair XMS3 12 GB,DDR3-1333,3 x 4GB,13,9,1,
G.Skill F3-10666CL8D-4GBHK 4 GB,DDR3-1333,2 x 2GB,12,8,0,
G.Skill Ripjaws 8 GB,DDR3-1333,2 x 4GB,13,9,15,
Corsair XMS3 12 GB,DDR3-2000,3 x 4GB,9,9,0,
Mushkin Silverline 8 GB,DDR3-1333,2 x 4GB,13,9,6,
ADATA Supreme 2 GB,DDR2-800,1 x 2GB,15,6,0,
ADATA AD3U1333C4G9-2 8 GB,DDR3-1333,2 x 4GB,13,9,5,
Samsung MV-3V2G3/US 2 GB,DDR3-1600,1 x 2GB,13,11,0,
Crucial CT3KIT25664BD160B 6 GB,DDR3-1600,3 x 2GB,13,11,1,
Mushkin Essentials 8 GB,DDR3-1600,2 x 4GB,13,11,2,32.21
G.Skill Ripjaws X 8 GB,DDR3-1866,1 x 8GB,10,10,18,70.13
G.Skill Ares 16 GB,DDR3-1600,4 x 4GB,11,9,0,135.27
Corsair Vengeance 16 GB,DDR3-1866,2 x 8GB,9,9,5,
G.Skill Trident X 8 GB,DDR3-2400,2 x 4GB,8,10,19,80.83
G.Skill Value 8 GB,DDR3-1333,1 x 8GB,13,9,2,43.26
Corsair Vengeance 16 GB,DDR3-2133,2 x 8GB,9,10,11,
Kingston KVR13N9S8/4 4 GB,DDR3-1333,1 x 4GB,13,9,4,28.3
Corsair Vengeance LP 16 GB,DDR3-1600,2 x 8GB,11,9,6,
Crucial Ballistix Tactical 16 GB,DDR3-1600,2 x 8GB,10,8,15,
Corsair CMV8GX3M1A1600C11 8 GB,DDR3-1600,1 x 8GB,13,11,2,61.41
Crucial Ballistix Sport 16 GB,DDR3-1600,2 x 8GB,11,9,14,
Kingston KVR16N11H/4 4 GB,DDR3-1600,1 x 4GB,13,11,1,21.93
Crucial Ballistix Sport 16 GB,DDR3-1600,4 x 4GB,11,9,3,
GeIL EVO Leggara 16 GB,DDR3-2400,2 x 8GB,9,11,0,
Samsung M471B1G73CB0-CK0 16 GB,DDR3-1600,2 x 8GB,13,11,0,
G.Skill Ripjaws X 8 GB,DDR3-2400,2 x 4GB,9,11,12,
PNY XLR8 16 GB,DDR3-1600,2 x 8GB,11,9,8,
Avexir AVEXIR Core Series 8GB Kit 8 GB,DDR3-3100,2 x 4GB,7,12,0,
Wintec Value 8 GB,DDR3-1333,2 x 4GB,16,11,0,
Corsair Vengeance Pro 32 GB,DDR3-2400,4 x 8GB,9,11,3,
AMD R9 2400 16 GB,DDR3-2400,2 x 8GB,9,11,3,
Kingston HyperX Fury 8 GB,DDR3-1600,2 x 4GB,12,10,19,
Crucial CT51264BA160BJ 4 GB,DDR3-1600,1 x 4GB,13,11,7,
Crucial Ballistix Tactical 32 GB,DDR3-1600,4 x 8GB,10,8,0,
G.Skill Value 32 GB,DDR4-2133,4 x 8GB,14,15,1,
G.Skill Value 16 GB,DDR4-2400,4 x 4GB,12,15,0,
Crucial Ballistix Sport 32 GB,DDR4-2400,4 x 8GB,13,16,5,
Kingston HX424C12PB2K4/16 16 GB,DDR4-2400,4 x 4GB,10,12,0,
Wintec 3RSL160011R9H-32GQ 32 GB,DDR3-1600,4 x 8GB,13,11,0,
G.Skill Ripjaws 4 8 GB,DDR4-2400,2 x 4GB,12,15,6,
Crucial Ballistix Sport LT 16 GB,DDR4-2400,2 x 8GB,13,16,35,
Crucial CT4K8G4RFS4213 32 GB,DDR4-2133,4 x 8GB,14,15,0,
Crucial CT32G3ERSLQ41339 32 GB,DDR3-1333,1 x 32GB,13,9,0,
Kingston KVR16LSE11/8 8 GB,DDR3-1600,1 x 8GB,13,11,0,58.7
Kingston KVR13E9/2I 2 GB,DDR3-1333,1 x 2GB,13,9,0,42.86
Kingston KVR13LR9D4K4/64 64 GB,DDR3-1333,4 x 16GB,13,9,0,297.01
TEAMGROUP Dark 8 GB,DDR3-1600,1 x 8GB,11,9,1,
G.Skill Ripjaws 4 128 GB,DDR4-2400,8 x 16GB,11,14,1,
Mushkin ECO2 16 GB,DDR3-1600,2 x 8GB,11,9,6,
PNY Anarchy 8 GB,DDR3-2800,2 x 4GB,8,12,0,119.99
PNY Anarchy 16 GB,DDR4-2133,2 x 8GB,14,15,2,
G.Skill Trident Z 16 GB,DDR4-3200,2 x 8GB,10,16,12,
GeIL Dragon RAM Combo 16 GB,DDR4-3600,4 x 4GB,9,17,0,
Kingston Savage 16 GB,DDR4-2400,2 x 8GB,10,12,3,
Avexir Core 16 GB,DDR4-2666,2 x 8GB,12,17,0,
G.Skill Trident Z 32 GB,DDR4-3200,2 x 16GB,8,14,2,
Crucial CT8G4WFD8213 8 GB,DDR4-2133,1 x 8GB,14,15,0,
TEAMGROUP Dark 16 GB,DDR4-3000,2 x 8GB,10,16,25,
Kingston Predator 32 GB,DDR4-3000,2 x 16GB,10,15,4,
Kingston HyperX Predator 64 GB,DDR4-3000,4 x 16GB,10,15,0,
G.Skill Flare X 32 GB,DDR4-2400,2 x 16GB,13,16,0,
Kingston FURY 16 GB,DDR4-2666,2 x 8GB,12,16,7,
TEAMGROUP Vulcan 16 GB,DDR4-2400,2 x 8GB,11,14,1,
Patriot Viper Elite 8 GB,DDR4-2133,2 x 4GB,13,14,1,
Patriot Viper Elite 16 GB,DDR4-2400,2 x 8GB,13,16,3,
Apacer Panther-Golden 8 GB,DDR4-2400,1 x 8GB,13,16,0,
Corsair Vengeance LED 16 GB,DDR4-2400,2 x 8GB,13,16,4,
Avexir Core Blue 32 GB,DDR4-2400,4 x 8GB,13,16,0,
Crucial Ballistix Elite 16 GB,DDR4-3200,1 x 16GB,10,16,1,
Corsair Vengeance RGB 16 GB,DDR4-3000,2 x 8GB,10,16,3,
G.Skill Trident Z RGB 16 GB,DDR4-2666,2 x 8GB,13,18,2,
G.Skill Sniper X 32 GB,DDR4-3600,2 x 16GB,10,19,2,
ADATA XPG GAMMIX D10 64 GB,DDR4-2666,4 x 16GB,12,16,0,
ADATA XPG GAMMIX D10 4 GB,DDR4-2666,1 x 4GB,12,16,0,
Patriot Viper Venom RGB 16 GB,DDR4-3600,2 x 8GB,8,16,2,
TEAMGROUP T-Force XCalibur RGB 16 GB,DDR4-4000,2 x 8GB,9,18,0,
Patriot Signature Line 4 GB,DDR4-2400,1 x 4GB,14,17,2,
G.Skill Trident Z Royal 16 GB,DDR4-3000,2 x 8GB,10,16,2,
Samsung M393A2K40CB2-CTD 16 GB,DDR4-2666,1 x 16GB,14,19,0,
Crucial Ballistix Sport LT 32 GB,DDR4-3200,2 x 16GB,10,16,3,
GeIL EVO SPEAR 16 GB,DDR4-2400,2 x 8GB,13,16,0,
GeIL EVO POTENZA 16 GB,DDR4-3000,2 x 8GB,10,16,0,
Crucial CT8G4RFS8293 8 GB,DDR4-2933,1 x 8GB,14,21,0,
V-Color SKYWALKER PRISM RGB 16 GB,DDR4-3200,2 x 8GB,10,16,2,
Patriot Viper Steel 16 GB,DDR4-3400,2 x 8GB,9,16,4,
Kingston KSM26ES8/8ME 8 GB,DDR4-2666,1 x 8GB,14,19,2,
Supermicro MEM-DR416L-CV02-EU26 16 GB,DDR4-2666,1 x 16GB,14,19,0,
TEAMGROUP T-Force Dark Z 8 GB,DDR4-2666,1 x 8GB,11,15,0,
ADATA XPG GAMMIX D30 16 GB,DDR4-3000,2 x 8GB,10,16,0,
G.Skill Trident Z Neo 16 GB,DDR4-3800,2 x 8GB,7,14,3,
Kingston HyperX Predator RGB 32 GB,DDR4-3600,4 x 8GB,9,17,0,
Crucial Ballistix 32 GB,DDR4-3000,2 x 16GB,10,15,2,
Crucial Ballistix 32 GB,DDR4-3200,2 x 16GB,10,16,0,
Crucial Ballistix 32 GB,DDR4-3200,2 x 16GB,10,16,3,
Crucial Ballistix RGB 16 GB,DDR4-3000,2 x 8GB,10,15,1,
GeIL GeIL EVO POTENZA AMD 16GB ,DDR4-3000,2 x 8GB,10,16,1,
OLOy MD4U082616BHDA 16 GB,DDR4-2666,2 x 8GB,12,16,0,
Kingston HyperX Fury 128 GB,DDR4-3200,4 x 32GB,10,16,0,
G.Skill Trident Z RGB 128 GB,DDR4-3200,4 x 32GB,10,16,0,
Antec Katana RGB 16 GB,DDR4-3200,2 x 8GB,10,16,0,
ADATA XPG GAMMIX D20 16 GB,DDR4-3200,2 x 8GB,10,16,1,
ADATA XPG GAMMIX D20 32 GB,DDR4-3200,2 x 16GB,10,16,1,
Kingston HyperX Fury RGB 64 GB,DDR4-3200,2 x 32GB,10,16,0,
Corsair Vengeance RGB RT 64 GB,DDR4-3200,2 x 32GB,10,16,1,
GeIL Orion AMD Edition 32 GB,DDR4-3200,2 x 16GB,10,16,0,
ADATA XPG LANCER RGB 32 GB,DDR5-6000,2 x 16GB,13,40,4,
Lexar Hades RGB 16 GB,DDR4-3600,2 x 8GB,10,18,1,
TEAMGROUP T-Force Delta TUF Gaming Alliance RGB 8 GB,DDR4-3200,1 x 8GB,10,16,0,
ADATA XPG GAMMIX D45 8 GB,DDR4-3600,1 x 8GB,10,18,0,
Mushkin Redline Lumina 64 GB,DDR4-3600,2 x 32GB,8,16,0,
TEAMGROUP Elite Plus 16 GB,DDR5-4800,2 x 8GB,16,40,2,
Patriot Viper Elite 4 GB,DDR4-2666,1 x 4GB,12,16,0,
TEAMGROUP Night Hawk RGB Gen 2 16 GB,DDR4-3200,2 x 8GB,10,16,0,
Thermaltake TOUGHRAM XG RGB 32 GB,DDR4-4000,2 x 16GB,9,19,0,
ADATA XPG CASTER RGB 32 GB,DDR5-6000,2 x 16GB,13,40,0,
G.Skill Zeta R5 128 GB,DDR5-6000,8 x 16GB,10,30,0,
TEAMGROUP T-Force DELTAα RGB 8 GB,DDR5-5200,1 x 8GB,14,38,0,
Mushkin Enhanced Redline 64 GB,DDR5-5600,2 x 32GB,10,28,0,
Mushkin Enhanced Redline Stiletto 64 GB,DDR4-3600,2 x 32GB,8,16,1,
TEAMGROUP TPD416G3200HC2201 16 GB,DDR4-3200,1 x 16GB,13,22,0,
TEAMGROUP Elite Plus 4 GB,DDR4-2133,1 x 4GB,14,15,0,
Klevv CRAS XR5 RGB 32 GB,DDR5-8000,2 x 16GB,9,38,0,
Mushkin Enhanced Essentials 32 GB,DDR4-3200,2 x 16GB,13,22,0,
Crucial CT8G52C42S5 8 GB,DDR5-5200,1 x 8GB,16,42,0,
V-Color TRA548G64D832Q 192 GB,DDR5-6400,4 x 48GB,10,32,0,
Silicon Power XPOWER Storm RGB 32 GB,DDR5-6400,2 x 16GB,10,32,1,
TEAMGROUP Xtreem ARGB 64 GB,DDR5-6400,2 x 32GB,10,34,0,
Acer Predator Pallas II 48 GB,DDR5-6000,2 x 24GB,9,28,0,
Silicon Power SP032GBSFU320F02 32 GB,DDR4-3200,1 x 32GB,13,22,0,219.97
Silicon Power SP016GBSFU320B22 16 GB,DDR4-3200,2 x 8GB,13,22,0,123.97
Silicon Power SP032GBSVU560F02 32 GB,DDR5-5600,1 x 32GB,16,46,0,395.97
Corsair Vengeance Performance 32 GB,DDR4-2666,2 x 16GB,13,18,0,273.99
Corsair Vengeance RGB RS 16 GB,DDR4-3600,1 x 16GB,10,18,0,159.99
Kingston KTD-PE421/16G 16 GB,DDR4-2133,1 x 16GB,14,15,0,118.99
Crucial CT102464BF186D 8 GB,DDR3-1866,1 x 8GB,13,13,0,28.9
V-Color TRA532G56S436Q 128 GB,DDR5-5600,4 x 32GB,12,36,0,4569.99
Corsair CMV8GX3M2A1333C9 8 GB,DDR3-1333,2 x 4GB,13,9,7,81.4
G.Skill Ares 8 GB,DDR3-2133,2 x 4GB,8,9,4,50.88
Kingston KVR16LS11/8 8 GB,DDR3-1600,1 x 8GB,13,11,1,44.9
Patriot Viper SODIMM 8 GB,DDR3-1600,2 x 4GB,11,9,0,66.97
Crucial CT16G4RFD4213 16 GB,DDR4-2133,1 x 16GB,14,15,0,138.97
Kingston KVR21R15S4/8 8 GB,DDR4-2133,1 x 8GB,14,15,0,60.21
Crucial CT51264BF160B 4 GB,DDR3-1600,1 x 4GB,13,11,0,25.97
Kingston KVR21L15Q4/32 32 GB,DDR4-2133,1 x 32GB,14,15,0,239.99
Crucial CT2K16G4SFD8213 32 GB,DDR4-2133,2 x 16GB,14,15,0,245
Corsair Vengeance LED 16 GB,DDR4-2666,2 x 8GB,12,16,10,
G.Skill FORTIS 16 GB,DDR4-2400,2 x 8GB,12,15,1,
Kingston KVR24S17S6/4 4 GB,DDR4-2400,1 x 4GB,14,17,0,42.79
G.Skill Trident Z5 32 GB,DDR5-6000,2 x 16GB,13,40,3,
TEAMGROUP T-Force Dark Za 32 GB,DDR4-3200,2 x 16GB,10,16,0,
Silicon Power SP032GBSVU480F22 32 GB,DDR5-4800,2 x 16GB,16,40,0,386.97
TEAMGROUP Night Hawk RGB Gen 2 32 GB,DDR4-3600,2 x 16GB,10,18,0,
TEAMGROUP Elite 64 GB,DDR4-3200,2 x 32GB,13,22,1,641.99
Silicon Power XPOWER Storm RGB 64 GB,DDR5-6400,2 x 32GB,10,32,1,
Corsair XMS2 2 GB,DDR2-800,1 x 2GB,12,5,3,
Corsair XMS3 6 GB,DDR3-1333,3 x 2GB,13,9,0,
Corsair VS1GB667D2 1 GB,DDR2-667,1 x 1GB,14,5,0,
Crucial Ballistix 2 GB,DDR2-800,2 x 1GB,10,4,1,
Kingston ValueRAM 4 GB,DDR2-800,2 x 2GB,15,6,3,
OCZ Value 1 GB,DDR2-667,1 x 1GB,14,5,0,
OCZ OCZ2V6672G 2 GB,DDR2-667,1 x 2GB,14,5,0,
Corsair Vengeance 12 GB,DDR3-1600,3 x 4GB,11,9,7,
Kingston HyperX 6 GB,DDR3-1600,3 x 2GB,10,8,0,
Corsair XMS3 4 GB,DDR3-1600,2 x 2GB,8,7,0,
G.Skill F3-12800CL9D-4GBNQ 4 GB,DDR3-1600,2 x 2GB,11,9,5,
G.Skill Ripjaws 8 GB,DDR3-1600,4 x 2GB,11,9,2,
Kingston HyperX 12 GB,DDR3-1600,6 x 2GB,11,9,0,
Patriot Gamer 4 GB,DDR3-1600,2 x 2GB,11,9,1,75.73
Patriot Gamer 2 4 GB,DDR3-1333,2 x 2GB,13,9,0,64.08
OCZ Gold 4 GB,DDR3-1066,2 x 2GB,13,7,0,
Kingston KVR1333D3/2GR 2 GB,DDR3-1333,1 x 2GB,13,9,1,19.95
Kingston KVR1066D3N7/4G 4 GB,DDR3-1066,1 x 4GB,13,7,0,
Patriot Signature 1 GB,DDR3-1333,1 x 1GB,13,9,0,
Kingston KHX1333C7AD3K2/8G 8 GB,DDR3-1333,2 x 4GB,10,7,0,
Corsair XMS3 4 GB,DDR3-1600,2 x 2GB,11,9,3,
Corsair Vengeance 8 GB,DDR3-1866,2 x 4GB,9,9,14,
Mushkin Silverline 4 GB,DDR2-800,2 x 2GB,12,5,0,
G.Skill Sniper Gaming + Turbulence 24 GB,DDR3-1600,6 x 4GB,8,7,0,
Corsair Vengeance 8 GB,DDR3-1600,2 x 4GB,11,9,10,
G.Skill Sniper 16 GB,DDR3-1600,4 x 4GB,11,9,4,
G.Skill Ripjaws Z 16 GB,DDR3-2133,4 x 4GB,10,11,2,
Crucial CT25664BF1339 2 GB,DDR3-1333,1 x 2GB,13,9,0,19.98
Mushkin Essentials 8 GB,DDR3-1600,4 x 2GB,13,11,1,
GeIL EVO CORSA 16 GB,DDR3-1600,2 x 8GB,11,9,0,
G.Skill Sniper 8 GB,DDR3-2133,2 x 4GB,8,9,9,
Crucial Ballistix 4 GB,DDR3-1333,1 x 4GB,10,7,0,
G.Skill Ripjaws Z 16 GB,DDR3-1866,4 x 4GB,8,8,5,
Corsair Dominator GT 32 GB,DDR3-1866,4 x 8GB,9,9,0,
Corsair XMS 32 GB,DDR3-1600,4 x 8GB,11,9,0,
Corsair Dominator Platinum 16 GB,DDR3-1600,2 x 8GB,11,9,17,
G.Skill Ripjaws X 32 GB,DDR3-1866,4 x 8GB,9,9,4,
G.Skill Trident X 16 GB,DDR3-2133,2 x 8GB,8,9,8,
Kingston KHX16C9K4/32X 32 GB,DDR3-1600,4 x 8GB,11,9,0,
Corsair CMV4GX3M1A1600C11 4 GB,DDR3-1600,1 x 4GB,13,11,1,22.99
Patriot Viper 3 8 GB,DDR3-1600,1 x 8GB,11,9,0,
Corsair Vengeance LP 8 GB,DDR3-1600,1 x 8GB,12,10,2,
Kingston Black 16 GB,DDR3-1600,2 x 8GB,12,10,6,
G.Skill NS 4 GB,DDR3-1333,1 x 4GB,13,9,1,
Kingston HyperX Beast 16 GB,DDR3-1600,4 x 4GB,11,9,1,
Corsair Vengeance LP 16 GB,DDR3-1866,2 x 8GB,10,10,2,
Corsair Vengeance Pro 8 GB,DDR3-1866,2 x 4GB,9,9,13,
Corsair Vengeance Pro 8 GB,DDR3-2133,2 x 4GB,10,11,7,
Crucial Ballistix Sport XT 8 GB,DDR3-1600,2 x 4GB,11,9,21,
G.Skill Trident X 16 GB,DDR3-2666,2 x 8GB,9,12,2,
Crucial Ballistix Sport XT 16 GB,DDR3-1866,4 x 4GB,10,10,1,
G.Skill F3-1600C9D-8GSL 8 GB,DDR3-1600,2 x 4GB,11,9,0,58.78
ADATA XPG V1.0 8 GB,DDR3-1600,2 x 4GB,11,9,28,
ADATA XPG V1.0 8 GB,DDR3-1600,2 x 4GB,13,11,2,
GeIL EVO POTENZA 8 GB,DDR3-1600,2 x 4GB,11,9,2,
GeIL Green 4 GB,DDR3-1333,1 x 4GB,13,9,0,
Patriot Viper 3 Low Profile Black 8 GB,DDR3-1866,2 x 4GB,9,9,0,99.12
ADATA XPG V2 8 GB,DDR3-1866,2 x 4GB,10,10,2,
ADATA XPG V1.0 8 GB,DDR3-1600,2 x 4GB,11,9,8,
Kingston HyperX Fury 8 GB,DDR3-1600,1 x 8GB,12,10,4,
Kingston HyperX Fury 8 GB,DDR3-1866,2 x 4GB,10,10,34,
Crucial Ballistix Sport 16 GB,DDR3-1600,4 x 4GB,11,9,0,
Crucial CT25672BD1339 2 GB,DDR3-1333,1 x 2GB,13,9,0,
Kingston KVR16LN11K2/16 16 GB,DDR3-1600,2 x 8GB,13,11,2,
Crucial Ballistix Sport 16 GB,DDR4-2400,4 x 4GB,13,16,7,
Kingston KVR1333D3E9S/4G 4 GB,DDR3-1333,1 x 4GB,13,9,0,18.88
Samsung M393B2G70BH0-YH9 16 GB,DDR3-1333,1 x 16GB,13,9,0,
Kingston HyperX Beast 16 GB,DDR3-2400,2 x 8GB,9,11,3,
TEAMGROUP Elite Plus 16 GB,DDR3-1600,2 x 8GB,13,11,4,
TEAMGROUP Elite Plus 8 GB,DDR3-1600,1 x 8GB,13,11,4,
Wintec 3RSH186613R5H-32GK 32 GB,DDR3-1866,1 x 32GB,13,13,0,
Corsair Vengeance 8 GB,DDR3-1866,2 x 4GB,9,9,1,
Kingston KVR16LR11D4K4/64 64 GB,DDR3-1600,4 x 16GB,13,11,0,399
Kingston KVR16LE11S8/4KF 4 GB,DDR3-1600,1 x 4GB,13,11,0,32.58
Kingston KVR1333D3D4R9SK2/16G 16 GB,DDR3-1333,2 x 8GB,13,9,0,74.5
Kingston KVR16E11S8/4 4 GB,DDR3-1600,1 x 4GB,13,11,0,27.96
Corsair Vengeance LPX 8 GB,DDR4-2400,1 x 8GB,12,15,4,
Corsair CM3X8GSDKIT1066 8 GB,DDR3-1066,2 x 4GB,16,9,0,
Mushkin Essentials 8 GB,DDR4-2133,1 x 8GB,14,15,0,
Mushkin Essentials 16 GB,DDR4-2133,2 x 8GB,14,15,1,
Corsair Vengeance LPX 8 GB,DDR4-2666,1 x 8GB,12,16,5,
G.Skill Ripjaws V 8 GB,DDR4-3466,2 x 4GB,9,16,1,
Kingston KVR16R11D8K4/32 32 GB,DDR3-1600,4 x 8GB,13,11,0,
Patriot PSD416G2133K 16 GB,DDR4-2133,2 x 8GB,14,15,1,
Kingston HyperX Savage 8 GB,DDR4-2400,1 x 8GB,10,12,0,
Corsair Dominator Platinum 8 GB,DDR4-3000,2 x 4GB,10,15,2,
Avexir Blitz1.1 16 GB,DDR4-2800,2 x 8GB,10,15,3,
GeIL EVO POTENZA 16 GB,DDR4-2400,2 x 8GB,12,15,3,
Kingston KVR21R15S4K4/32I 32 GB,DDR4-2133,4 x 8GB,14,15,0,
EVGA SuperSC 16 GB,DDR4-2800,2 x 8GB,11,16,0,
Kingston FURY 16 GB,DDR4-2400,1 x 16GB,12,15,4,
Crucial Ballistix Sport LT 64 GB,DDR4-2400,4 x 16GB,13,16,2,
Corsair Vengeance LED 16 GB,DDR4-3200,2 x 8GB,10,16,0,
Crucial Ballistix Sport LT 8 GB,DDR4-2400,2 x 4GB,13,16,18,
TEAMGROUP T-Force / Night Hawk 16 GB,DDR4-3200,2 x 8GB,10,16,3,
TEAMGROUP Vulcan 32 GB,DDR4-3000,2 x 16GB,10,16,1,
TEAMGROUP Vulcan 16 GB,DDR4-3000,2 x 8GB,10,16,12,
Apacer Commando 32 GB,DDR4-2666,2 x 16GB,12,16,0,
Crucial Ballistix Tactical 8 GB,DDR4-3000,2 x 4GB,10,15,2,
ADATA XPG SPECTRIX D40 16 GB,DDR4-3200,2 x 8GB,10,16,3,
TEAMGROUP T-Force Vulcan 16 GB,DDR4-3200,2 x 8GB,10,16,11,
TEAMGROUP T-Force Night Hawk 16 GB,DDR4-3600,2 x 8GB,10,18,2,
Crucial Ballistix Sport LT 32 GB,DDR4-2400,4 x 8GB,13,16,0,
Crucial CT2K8G4RFS424A 16 GB,DDR4-2400,2 x 8GB,14,17,0,
Crucial CT4K16G4VFS4266 64 GB,DDR4-2666,4 x 16GB,14,19,0,
Corsair Dominator Platinum ROG Edition 32 GB,DDR4-3200,4 x 8GB,10,16,0,
Crucial Ballistix Sport LT 8 GB,DDR4-2666,2 x 4GB,12,16,4,
Mushkin Silverline 16 GB,DDR4-2400,2 x 8GB,14,17,0,
G.Skill Ripjaws V 4 GB,DDR4-2400,1 x 4GB,14,17,0,
V-Color SKYWALKER 16 GB,DDR4-3000,2 x 8GB,10,15,1,
Crucial CT4G4DFS632A 4 GB,DDR4-3200,1 x 4GB,13,22,0,
OLOy MD4U082619BBSA 8 GB,DDR4-2666,1 x 8GB,14,19,1,
OLOy MD4U082417BBDA 16 GB,DDR4-2400,2 x 8GB,14,17,0,
TEAMGROUP T-Force Vulcan Z 8 GB,DDR4-3000,2 x 4GB,10,16,2,
G.Skill Trident Z Neo 16 GB,DDR4-3600,2 x 8GB,7,14,0,
G.Skill Trident Z Neo 32 GB,DDR4-3600,4 x 8GB,8,16,3,
Crucial CT16G4RFD832A 16 GB,DDR4-3200,1 x 16GB,13,22,0,
G.Skill Trident Z Neo 16 GB,DDR4-3200,2 x 8GB,8,14,2,
OLOy WarHawk RGB 16 GB,DDR4-3200,2 x 8GB,10,16,6,
OLOy MD4U082616BFDA 16 GB,DDR4-2666,2 x 8GB,12,16,1,
Crucial Ballistix Elite 16 GB,DDR4-4000,2 x 8GB,9,18,0,
Crucial Ballistix Tactical Tracer RGB 32 GB,DDR4-3200,4 x 8GB,10,16,1,
Kingston HyperX Fury RGB 8 GB,DDR4-3000,1 x 8GB,10,15,0,
GeIL EVO X II AMD 32 GB,DDR4-3000,2 x 16GB,10,16,0,
G.Skill Ripjaws V 64 GB,DDR4-3600,4 x 16GB,10,18,2,
G.Skill Trident Z Royal 64 GB,DDR4-3600,4 x 16GB,10,18,1,
V-Color Prism Plus RGB 16 GB,DDR4-3200,2 x 8GB,10,16,0,
Silicon Power XPOWER Turbine 16 GB,DDR4-3600,2 x 8GB,10,18,1,
Crucial Ballistix RGB 64 GB,DDR4-3600,2 x 32GB,8,16,0,
Crucial Ballistix RGB 16 GB,DDR4-3200,2 x 8GB,10,16,6,
GeIL GeIL EVO POTENZA 16GB ,DDR4-3600,2 x 8GB,10,18,0,
OLOy MD4U0836180BHRDA 16 GB,DDR4-3600,2 x 8GB,10,18,0,
Samsung Samsung DDR4-2933 32GB/2Gx4 ECC/REG CL21 Server Memory 32 GB,DDR4-2933,1 x 32GB,14,21,0,
OLOy WarHawk RGB 32 GB,DDR4-3200,2 x 16GB,10,16,3,
Thermaltake TOUGHRAM RGB 64 GB,DDR4-3600,2 x 32GB,10,18,0,
ADATA XPG SPECTRIX D60G 16 GB,DDR4-3600,2 x 8GB,7,14,0,
OLOy MD4U1630160DHKQA 64 GB,DDR4-3000,4 x 16GB,10,16,0,
Neo Forza MARS 16 GB,DDR4-3200,2 x 8GB,10,16,0,
TEAMGROUP T-Force Delta RGB 64 GB,DDR4-3200,2 x 32GB,10,16,3,
Silicon Power SP016GBLTU160ND2J7 16 GB,DDR3-1600,2 x 8GB,13,11,0,
TEAMGROUP T-Force Xtreem ARGB 64 GB,DDR4-3600,2 x 32GB,10,18,0,
G.Skill Trident Z Royal Elite 32 GB,DDR4-4266,2 x 16GB,7,16,1,
G.Skill F4-3600C14Q2-128GTRGA 128 GB,DDR4-3600,8 x 16GB,7,14,0,
Kingston Fury Renegade RGB 8 GB,DDR4-3600,1 x 8GB,8,16,0,
GeIL Orion RGB AMD Edition 64 GB,DDR4-3200,4 x 16GB,11,18,0,
Kingston FURY Renegade 128 GB,DDR4-3600,4 x 32GB,10,18,3,
V-Color XSky RGB 32 GB,DDR5-6400,2 x 16GB,10,32,1,
V-Color XSky RGB 32 GB,DDR5-6600,2 x 16GB,9,32,0,
Lexar Hades RGB 8 GB,DDR4-3200,1 x 8GB,11,18,0,
TEAMGROUP T-Force Dark Z 32 GB,DDR4-3200,2 x 16GB,10,16,0,
TEAMGROUP T-Force Delta TUF Gaming Alliance RGB 16 GB,DDR4-2400,2 x 8GB,13,16,0,
ADATA XPG SPECTRIX D50 64 GB,DDR4-3200,2 x 32GB,10,16,0,
PNY XLR8 Gaming EPIC-X RGB 64 GB,DDR4-3200,4 x 16GB,10,16,0,
G.Skill Trident Z Royal Elite 128 GB,DDR4-3600,8 x 16GB,7,14,0,
G.Skill F4-3600C17D-32GTZ 32 GB,DDR4-3600,2 x 16GB,9,17,0,
Silicon Power XPOWER Turbine RGB 8 GB,DDR4-3200,1 x 8GB,10,16,0,
Silicon Power XPOWER Zenith RGB Gaming 8 GB,DDR4-3200,1 x 8GB,10,16,0,
Silicon Power SP016GBLFU240X02 16 GB,DDR4-2400,1 x 16GB,14,17,0,128.23
Silicon Power SP016GBLFU266X02 16 GB,DDR4-2666,1 x 16GB,14,19,0,
Kingston Fury Beast RGB Special Edition 16 GB,DDR4-3200,2 x 8GB,10,16,0,
Neo Forza FAYE 32 GB,DDR4-4000,2 x 16GB,9,19,1,
Neo Forza MARS 32 GB,DDR4-4400,2 x 16GB,8,19,0,
Timetec PINNACLE 16 GB,DDR4-3600,2 x 8GB,10,18,0,
Timetec PINNACLE Konduit 64 GB,DDR4-3600,2 x 32GB,10,18,0,
PROXMEM UNDERWORLD TUF 32 GB,DDR5-6000,2 x 16GB,10,30,0,
PROXMEM KERBEROS TUF 32 GB,DDR5-6000,2 x 16GB,10,30,0,
Crucial CT8G48C40S8U5 8 GB,DDR5-4800,1 x 8GB,16,40,0,
TEAMGROUP T-Force DELTAα RGB 32 GB,DDR5-6000,2 x 16GB,12,38,1,
Crucial Ballistix MAX RGB 16 GB,DDR4-4400,2 x 8GB,8,19,0,
Crucial CT2K4G4DFS6266 8 GB,DDR4-2666,2 x 4GB,14,19,0,
Timetec 75TT16NUL2R8-8GK2 16 GB,DDR3-1600,2 x 8GB,13,11,0,
GeIL ORION V 16 GB,DDR5-5600,1 x 16GB,13,38,0,
TEAMGROUP T-Force Delta TUF Gaming Alliance RGB 64 GB,DDR5-5600,2 x 32GB,12,36,0,
Silicon Power SP032GBLVU560FD2AD 32 GB,DDR5-5600,2 x 16GB,16,46,0,
Lexar LD4AS016G-R2666U 16 GB,DDR4-2666,1 x 16GB,14,19,0,
OLOy OWL RGB 64 GB,DDR4-3200,2 x 32GB,10,16,0,
Mushkin Enhanced Essentials 64 GB,DDR4-2933,2 x 32GB,14,21,0,
Silicon Power SP048GBLVU560P02 48 GB,DDR5-5600,1 x 48GB,16,46,0,
Silicon Power SP064GBLVU560F22 64 GB,DDR5-5600,2 x 32GB,16,46,0,
Mushkin Redline Pro 16 GB,DDR5-5600,1 x 16GB,16,46,0,
YEYIAN Vetra 8 GB,DDR4-2666,1 x 8GB,14,19,0,
V-Color TRA516G56S836Q 64 GB,DDR5-5600,4 x 16GB,12,36,0,2349.99
V-Color TRA524G80S840R3Q 96 GB,DDR5-8000,4 x 24GB,10,40,0,
Corsair WS 128 GB,DDR5-5600,4 x 32GB,14,40,0,
V-Color TRA532G68D834O 256 GB,DDR5-6800,8 x 32GB,10,34,0,10299.99
V-Color TRA548G68D834O 384 GB,DDR5-6800,8 x 48GB,10,34,0,
TEAMGROUP Xtreem ARGB 96 GB,DDR5-6800,2 x 48GB,10,36,0,
Klevv Urbane V RGB 64 GB,DDR5-6000,2 x 32GB,10,30,0,
Acer Predator Hera RGB 64 GB,DDR5-6400,2 x 32GB,10,32,0,
Biwin Black Opal HX100 48 GB,DDR5-6400,2 x 24GB,10,32,0,
ADATA XPG Lancer Blade 64 GB,DDR5-6000,2 x 32GB,10,30,1,
ADATA XPG LANCER RGB 48 GB,DDR5-7200,2 x 24GB,9,34,0,
Thermaltake TOUGHRAM RGB D5 48 GB,DDR5-6400,2 x 24GB,10,32,0,
V-Color TE548G64D832SKK 96 GB,DDR5-6400,2 x 48GB,10,32,0,
Silicon Power XPOWER Cyclone RGB 32 GB,DDR5-6000,2 x 16GB,9,28,0,
Silicon Power SP064GBSVU560F22 64 GB,DDR5-5600,2 x 32GB,16,46,1,749.79
Crucial CT16G3ERSLD4160B 16 GB,DDR3-1600,1 x 16GB,13,11,0,48.99
Crucial CT16G4SFD824A 16 GB,DDR4-2400,1 x 16GB,14,17,0,124.9
Crucial CT204864BF160B 16 GB,DDR3-1600,1 x 16GB,13,11,0,142.99
Kingston KVR26S19D8/16 16 GB,DDR4-2666,1 x 16GB,14,19,0,120.77
Corsair Vengeance RGB Pro SL 256 GB,DDR4-3200,8 x 32GB,10,16,0,
Crucial CT2K4G3S160BM 8 GB,DDR3-1600,2 x 4GB,13,11,0,34.99
Corsair Vengeance RGB RT 32 GB,DDR4-3600,2 x 16GB,10,18,1,
Corsair Vengeance RGB Pro SL 16 GB,DDR4-3600,2 x 8GB,8,16,0,
G.Skill Ripjaws 48 GB,DDR5-5600,1 x 48GB,16,46,0,
G.Skill F3-12800CL9D-8GBSQ 8 GB,DDR3-1600,2 x 4GB,11,9,0,62.5
G.Skill F3-1600C10D-16GSQ 16 GB,DDR3-1600,2 x 8GB,12,10,0,82.35
Crucial CT8G3S1339M 8 GB,DDR3-1333,1 x 8GB,13,9,0,28.74
PNY Anarchy X 16 GB,DDR3-2666,2 x 8GB,9,12,0,144.99
Kingston KVR21S15S8/4 4 GB,DDR4-2133,1 x 4GB,14,15,0,
Silicon Power SP016GBSFU266X22 16 GB,DDR4-2666,2 x 8GB,14,19,0,
Corsair WS 64 GB,DDR5-5600,4 x 16GB,14,40,0,
G.Skill Ripjaws 32 GB,DDR4-2400,4 x 8GB,12,15,1,
Crucial CT4G4RFS8213 4 GB,DDR4-2133,1 x 4GB,14,15,0,49.99
Kingston Impact 16 GB,DDR4-2133,2 x 8GB,12,13,0,199.99
G.Skill FORTIS 32 GB,DDR4-2400,2 x 16GB,12,15,0,
Crucial CT32G4RFD4293 32 GB,DDR4-2933,1 x 32GB,14,21,0,456.8
Silicon Power SP008GLLTU160N02 8 GB,DDR3-1600,1 x 8GB,13,11,0,
TEAMGROUP T-Create Expert 16 GB,DDR4-3200,2 x 8GB,8,14,0,
Kingston KSM48R40BD4TMM-64HMR 64 GB,DDR5-4800,1 x 64GB,16,40,0,
Lexar LD4AS032G-B3200GSST 32 GB,DDR4-3200,1 x 32GB,13,22,0,
V-Color TRA532G64D832Q 128 GB,DDR5-6400,4 x 32GB,10,32,0,4999.99
V-Color TRA532G64D832O 256 GB,DDR5-6400,8 x 32GB,10,32,0,9999.99
ADATA XPG LANCER NEON RGB 16 GB,DDR5-6000,1 x 16GB,10,30,0,
Crucial CT12864BA1339 1 GB,DDR3-1333,1 x 1GB,13,9,0,
Crucial Ballistix Tracer 4 GB,DDR2-800,2 x 2GB,10,4,0,
Corsair Vengeance 8 GB,DDR3-1600,2 x 4GB,11,9,20,
G.Skill F3-12800CL9D-2GBNQ 2 GB,DDR3-1600,2 x 1GB,11,9,0,
ADATA AD2U800B1G5-RHS 1 GB,DDR2-800,1 x 1GB,12,5,0,
G.Skill ECO 8 GB,DDR3-1333,2 x 4GB,10,7,0,
G.Skill Ripjaws 24 GB,DDR3-1333,6 x 4GB,13,9,0,
ADATA XPG Gaming Series v2.0 8 GB,DDR3-2000,2 x 4GB,9,9,0,
OCZ Reaper HPC 16 GB,DDR3-1333,4 x 4GB,13,9,0,
Patriot Viper II ‘Sector 7’ Edition 12 GB,DDR3-2000,3 x 4GB,9,9,0,
Patriot Viper Xtreme 6 GB,DDR3-2000,3 x 2GB,9,9,0,119.06
Patriot Viper II Sector 7 Edition 6 GB,DDR3-2000,3 x 2GB,9,9,0,
Kingston HyperX 24 GB,DDR3-1600,6 x 4GB,11,9,0,
G.Skill Ripjaws X 4 GB,DDR3-1600,2 x 2GB,10,8,0,
G.Skill Ripjaws X 4 GB,DDR3-2133,2 x 2GB,8,9,1,
Kingston KHX1600C9D3/4G 4 GB,DDR3-1600,1 x 4GB,11,9,1,
Corsair Dominator 24 GB,DDR3-1333,6 x 4GB,13,9,0,
OCZ Gold 12 GB,DDR3-1600,6 x 2GB,10,8,0,
Kingston HyperX T1 Black 24 GB,DDR3-1600,6 x 4GB,11,9,0,
Crucial Ballistix Sport 2 GB,DDR3-1333,1 x 2GB,13,9,0,
G.Skill Sniper 8 GB,DDR3-1600,2 x 4GB,8,7,2,
G.Skill Sniper Low Voltage 8 GB,DDR3-1600,2 x 4GB,11,9,12,
Kingston KHX1600C9D3P1K2/8G 8 GB,DDR3-1600,2 x 4GB,11,9,9,
Crucial CT12864BC1067 1 GB,DDR3-1066,1 x 1GB,13,7,0,
Crucial CT2KIT12864BC1067 2 GB,DDR3-1066,2 x 1GB,13,7,0,
Crucial CT2KIT25664AC667 4 GB,DDR2-667,2 x 2GB,14,5,0,49.99
Kingston KVR1066D3SOK2/8GR 8 GB,DDR3-1066,2 x 4GB,13,7,0,
Samsung MV-3V2G4D/US 4 GB,DDR3-1333,2 x 2GB,13,9,1,
Samsung MV-2V2G4D/US 4 GB,DDR2-800,2 x 2GB,15,6,1,
Mushkin Silverline 2 GB,DDR2-800,1 x 2GB,12,5,0,
Corsair Vengeance 8 GB,DDR3-1600,2 x 4GB,11,9,48,
Mushkin 991556 2 GB,DDR2-667,1 x 2GB,14,5,0,22.27
Kingston KHX1866C11D3P1K2/8G 8 GB,DDR3-1866,2 x 4GB,11,11,2,
Kingston KHX1600C9D3X1K2/8GX 8 GB,DDR3-1600,2 x 4GB,11,9,0,
Kingston KVR1333D3S8N9/2G 2 GB,DDR3-1333,1 x 2GB,13,9,1,29.94
G.Skill Ripjaws X 8 GB,DDR3-1600,2 x 4GB,11,9,3,49
Patriot Signature 16 GB,DDR3-1333,2 x 8GB,13,9,0,
G.Skill Ripjaws X 32 GB,DDR3-1333,4 x 8GB,13,9,0,
G.Skill Ripjaws Z 32 GB,DDR3-2133,8 x 4GB,8,9,0,283.19
Crucial CT2KIT25664BF1339 4 GB,DDR3-1333,2 x 2GB,13,9,0,36.99
G.Skill Ripjaws Z 64 GB,DDR3-1600,8 x 8GB,12,10,2,
Corsair Dominator 32 GB,DDR3-1600,4 x 8GB,11,9,2,
G.Skill Sniper Gaming 16 GB,DDR3-2133,4 x 4GB,10,11,3,
Crucial Ballistix 2 GB,DDR3-1600,1 x 2GB,10,8,0,
Corsair Dominator 16 GB,DDR3-1600,4 x 4GB,11,9,0,
Mushkin Silverline 24 GB,DDR3-1333,3 x 8GB,13,9,0,
GeIL Evo Two 32 GB,DDR3-1333,4 x 8GB,13,9,1,
G.Skill Ripjaws Z 16 GB,DDR3-1600,4 x 4GB,8,7,1,
G.Skill Ares 16 GB,DDR3-1333,2 x 8GB,13,9,3,
G.Skill Ares 8 GB,DDR3-1866,2 x 4GB,9,9,41,
Crucial Ballistix Tactical Tracer 8 GB,DDR3-1600,2 x 4GB,10,8,5,
Kingston HyperX 4 GB,DDR3-1866,1 x 4GB,9,9,6,
Crucial Ballistix Elite 16 GB,DDR3-1866,2 x 8GB,9,9,17,
Patriot Signature 8 GB,DDR3-1600,1 x 8GB,13,11,0,30.99
Corsair Vengeance 8 GB,DDR3-2133,2 x 4GB,8,9,0,114.09
Kingston KVR1333D3N9HK4/16G 16 GB,DDR3-1333,4 x 4GB,13,9,0,
G.Skill Trident X 16 GB,DDR3-2600,4 x 4GB,7,10,0,
Corsair Vengeance LP 8 GB,DDR3-1600,1 x 8GB,12,10,11,
Corsair Dominator Platinum 16 GB,DDR3-1866,2 x 8GB,9,9,18,
Kingston KHX1600C10D3B1K2/16G 16 GB,DDR3-1600,2 x 8GB,12,10,4,
Patriot Viper 3 16 GB,DDR3-2133,2 x 8GB,10,11,1,
Kingston KHX16C10B1K2/16X 16 GB,DDR3-1600,2 x 8GB,12,10,1,
G.Skill Sniper Gaming 16 GB,DDR3-1600,2 x 8GB,11,9,10,
Corsair XMS3 8 GB,DDR3-1600,2 x 4GB,11,9,11,
Kingston XMP Blu Red 8 GB,DDR3-1600,2 x 4GB,11,9,9,74.98
AMD Entertainment Edition 8 GB,DDR3-1333,1 x 8GB,13,9,0,
Corsair CMV8GX3M2A1600C11 8 GB,DDR3-1600,2 x 4GB,13,11,6,
Corsair Vengeance LP 16 GB,DDR3-1866,4 x 4GB,9,9,0,
Corsair Vengeance LP 32 GB,DDR3-1600,4 x 8GB,11,9,2,
Crucial Ballistix Tactical 32 GB,DDR3-1600,4 x 8GB,10,8,2,
G.Skill Trident X 32 GB,DDR3-1866,4 x 8GB,8,8,1,
Crucial Ballistix Sport 8 GB,DDR3-1600,1 x 8GB,11,9,26,
Kingston Black 8 GB,DDR3-1600,2 x 4GB,11,9,16,
G.Skill NS 8 GB,DDR3-1600,2 x 4GB,13,11,3,
Kingston HyperX Beast 16 GB,DDR3-1600,2 x 8GB,11,9,2,
Kingston KHX16C9K8/64X 64 GB,DDR3-1600,8 x 8GB,11,9,0,
Kingston HyperX 8 GB,DDR3-2133,2 x 4GB,11,12,0,
G.Skill Sniper 16 GB,DDR3-2133,2 x 8GB,9,10,2,
Corsair Vengeance Pro 16 GB,DDR3-1600,2 x 8GB,11,9,4,
Corsair Vengeance Pro 8 GB,DDR3-1600,2 x 4GB,11,9,28,
TEAMGROUP Elite 4 GB,DDR2-800,2 x 2GB,12,5,0,
TEAMGROUP Xtreem 16 GB,DDR3-2666,2 x 8GB,8,11,1,
ADATA XPG Gaming 4 GB,DDR3-1600,1 x 4GB,11,9,5,
Corsair CORSAIR Vengeance 8GB 8 GB,DDR3-1866,1 x 8GB,10,10,15,
Patriot Patriot Viper 3 4GB 4 GB,DDR3-1600,1 x 4GB,12,10,5,
Corsair CMSO8GX3M2C1600C11 8 GB,DDR3-1600,2 x 4GB,11,9,0,44.99
Crucial CT2K2G3S1067M 4 GB,DDR3-1066,2 x 2GB,13,7,0,35.99
Crucial CT2KIT25664BA1339A 4 GB,DDR3-1333,2 x 2GB,13,9,1,
Patriot Viper 3 16 GB,DDR3-2400,2 x 8GB,9,11,0,
Patriot Viper 3 Black 16 GB,DDR3-1600,2 x 8GB,12,10,1,
Patriot Signature Line 8 GB,DDR3-1333,2 x 4GB,13,9,2,
Kingston HyperX Fury 8 GB,DDR3-1333,2 x 4GB,13,9,2,
Kingston HyperX Fury 8 GB,DDR3-1866,1 x 8GB,10,10,17,
Transcend JetRam 8 GB,DDR3-1333,1 x 8GB,13,9,0,
AMD Radeon R5 Entertainment 16 GB,DDR3-1600,2 x 8GB,13,11,0,
AMD Radeon R5 Entertainment 8 GB,DDR3-1600,2 x 4GB,13,11,1,
AMD Radeon R5 Entertainment 8 GB,DDR3-1600,1 x 8GB,13,11,0,
Crucial CT51264BF160BJ 4 GB,DDR3-1600,1 x 4GB,13,11,0,29.98
G.Skill Ripjaws 16 GB,DDR4-2666,4 x 4GB,11,15,3,
G.Skill Value 32 GB,DDR4-2400,4 x 8GB,12,15,0,
Crucial Ballistix Sport 8 GB,DDR4-2400,2 x 4GB,13,16,15,
Kingston HyperX Savage 8 GB,DDR3-1866,2 x 4GB,9,9,3,
Kingston KVR16R11S4/8KF 8 GB,DDR3-1600,1 x 8GB,13,11,0,28.99
ADATA XPG V1.0 8 GB,DDR3-2133,2 x 4GB,9,10,1,
Kingston Impact Black 16 GB,DDR3-1600,2 x 8GB,11,9,0,
Mushkin Stealth 8 GB,DDR3-2133,2 x 4GB,9,10,3,
TEAMGROUP Vulcan 8 GB,DDR3-2400,2 x 4GB,9,11,0,
TEAMGROUP Zeus Blue 8 GB,DDR3-1600,2 x 4GB,11,9,2,
G.Skill Ripjaws 4 32 GB,DDR4-2133,4 x 8GB,14,15,0,
Crucial Ballistix Sport 8 GB,DDR3-1600,2 x 4GB,11,9,10,
Mushkin 974136A 32 GB,DDR3-1866,4 x 8GB,13,13,0,
Wintec 3RSH186613R5H-64GQ 64 GB,DDR3-1866,4 x 16GB,13,13,0,
Mushkin Proline 32 GB,DDR3-1333,1 x 32GB,13,9,0,141.19
Silicon Power SP008GBLTU160N02 8 GB,DDR3-1600,1 x 8GB,13,11,0,40.84
Mushkin Redline 8 GB,DDR4-2400,2 x 4GB,10,13,0,
G.Skill Ripjaws 4 16 GB,DDR4-3200,4 x 4GB,9,15,0,
Patriot Viper 4 32 GB,DDR4-2400,4 x 8GB,12,15,0,
ADATA ADDS1600W4G11-S 4 GB,DDR3-1600,1 x 4GB,13,11,0,
Kingston KVR21N15/8 8 GB,DDR4-2133,1 x 8GB,14,15,0,
Klevv CRAS 32 GB,DDR4-2666,4 x 8GB,11,15,0,
Klevv Genuine 16 GB,DDR3-2666,2 x 8GB,9,12,0,
Kingston KTL-TS421/8G 8 GB,DDR4-2133,1 x 8GB,14,15,0,95.43
Crucial CT2K8G4RFS4213 16 GB,DDR4-2133,2 x 8GB,14,15,0,
Kingston KVR16LE11S8/4I 4 GB,DDR3-1600,1 x 4GB,13,11,0,
Kingston KVR1333D3E9S/8G 8 GB,DDR3-1333,1 x 8GB,13,9,0,38.99
Kingston KVR13LR9S4/8 8 GB,DDR3-1333,1 x 8GB,13,9,0,24.99
Kingston KVR13R9D4K2/32I 32 GB,DDR3-1333,2 x 16GB,13,9,0,
Kingston KVR16E11/8I 8 GB,DDR3-1600,1 x 8GB,13,11,0,36.99
Crucial CT8G4RFD8213 8 GB,DDR4-2133,1 x 8GB,14,15,0,
TEAMGROUP Vulcan 16 GB,DDR3-1600,2 x 8GB,11,9,4,
Kingston HX321LS11IB2/8 8 GB,DDR3-2133,1 x 8GB,10,11,0,
Kingston KTM-SX421LQ/32G 32 GB,DDR4-2133,1 x 32GB,14,15,0,
Kingston KVR16LE11K4/32 32 GB,DDR3-1600,4 x 8GB,13,11,0,
Mushkin ECO2 8 GB,DDR3-1600,1 x 8GB,11,9,1,
G.Skill Ripjaws 4 128 GB,DDR4-2800,8 x 16GB,10,15,0,
PNY Anarchy 16 GB,DDR3-1866,2 x 8GB,10,10,1,
PNY Anarchy X 32 GB,DDR3-2400,4 x 8GB,9,11,0,
Corsair Vengeance LPX 8 GB,DDR4-2400,2 x 4GB,11,14,2,
ADATA AX4U3300W4G16-DGZ 8 GB,DDR4-3300,2 x 4GB,9,16,0,
Avexir Budget 8 GB,DDR4-2133,1 x 8GB,14,15,0,
Kingston HyperX Savage 16 GB,DDR4-2133,2 x 8GB,12,13,0,
Kingston HyperX Savage 4 GB,DDR4-2400,1 x 4GB,10,12,0,
Kingston HyperX Savage 64 GB,DDR4-2800,8 x 8GB,10,14,0,
Crucial Ballistix Tactical 4 GB,DDR4-2666,1 x 4GB,12,16,1,
G.Skill Ripjaws V 8 GB,DDR4-3200,2 x 4GB,10,16,4,
Kingston D1G64KL110 8 GB,DDR3-1600,1 x 8GB,13,11,1,
Panram Ninja-V 16 GB,DDR4-2133,2 x 8GB,12,13,0,
AMD R7 Performance 8 GB,DDR4-2133,1 x 8GB,14,15,0,
GeIL POTENZA 32 GB,DDR4-3000,4 x 8GB,10,16,0,
G.Skill Trident Z 16 GB,DDR4-4000,2 x 8GB,9,19,2,
Crucial CT2K8G4SFD8213 16 GB,DDR4-2133,2 x 8GB,14,15,0,
G.Skill Trident Z 64 GB,DDR4-3400,4 x 16GB,9,16,0,
Kingston Savage 8 GB,DDR4-2400,2 x 4GB,10,12,3,
TEAMGROUP Delta 16 GB,DDR4-2400,2 x 8GB,12,15,3,
Avexir ROG Red Tesla 8 GB,DDR4-2666,2 x 4GB,11,15,0,
Kingston FURY 8 GB,DDR4-2133,1 x 8GB,13,14,5,
Crucial CT102472BD160B 8 GB,DDR3-1600,1 x 8GB,13,11,0,41.46
Corsair Vengeance LED 64 GB,DDR4-3000,4 x 16GB,10,15,0,
Corsair Vengeance LED 32 GB,DDR4-3000,2 x 16GB,10,15,4,
Corsair Vengeance LED 32 GB,DDR4-3000,4 x 8GB,10,15,6,
Corsair Dominator Platinum ROG 16 GB,DDR4-3200,4 x 4GB,10,16,1,
TEAMGROUP T-Force / Night Hawk 16 GB,DDR4-3000,2 x 8GB,10,16,1,
Corsair Vengeance RGB 32 GB,DDR4-3000,4 x 8GB,10,15,7,
G.Skill Flare X 16 GB,DDR4-2400,2 x 8GB,13,16,3,
Kingston Impact 32 GB,DDR4-2400,4 x 8GB,12,15,0,299.99
TEAMGROUP Night Hawk RGB 16 GB,DDR4-3000,2 x 8GB,10,16,1,
TEAMGROUP Night Hawk RGB 16 GB,DDR4-3000,2 x 8GB,10,16,7,
Kingston Predator 16 GB,DDR4-3333,2 x 8GB,9,16,2,
Kingston Predator 64 GB,DDR4-2400,4 x 16GB,10,12,0,
Crucial Ballistix Elite 32 GB,DDR4-3000,2 x 16GB,10,15,0,
Crucial Ballistix Tactical 16 GB,DDR4-3000,2 x 8GB,10,15,4,
GeIL SUPER LUCE RGB SYNC 16 GB,DDR4-2400,2 x 8GB,13,16,2,
GeIL SUPER LUCE RGB SYNC 16 GB,DDR4-3000,2 x 8GB,10,16,3,
Corsair Dominator Platinum Special Edition 32 GB,DDR4-3200,2 x 16GB,8,14,1,
Patriot PSD48G2400K 8 GB,DDR4-2400,2 x 4GB,13,16,2,
ADATA XPG V1.0 8 GB,DDR3-1600,2 x 4GB,13,11,0,
Corsair CORSAIR Vengeance RGB 64GB ,DDR4-2933,8 x 8GB,10,16,0,
Avexir Blitz 1.1 8 GB,DDR3-3200,2 x 4GB,8,13,0,
G.Skill Sniper X 16 GB,DDR4-3200,2 x 8GB,10,16,1,
TEAMGROUP T-Force Dark 8 GB,DDR4-3200,2 x 4GB,10,16,1,
Crucial CT32G4RFD4266 32 GB,DDR4-2666,1 x 32GB,14,19,0,269.76
TEAMGROUP T-Force Night Hawk RGB 16 GB,DDR4-3600,2 x 8GB,10,18,1,
TEAMGROUP T-Force Night Hawk RGB 16 GB,DDR4-4000,2 x 8GB,9,18,3,
TEAMGROUP T-Force Dark 32 GB,DDR4-3000,4 x 8GB,10,16,0,
Kingston HyperX Impact 32 GB,DDR4-2666,2 x 16GB,11,15,0,
Kingston KTL-TS424S8/8G 8 GB,DDR4-2400,1 x 8GB,14,17,0,
KFA2 Hall Of Fame Extreme 16 GB,DDR4-4000,2 x 8GB,9,19,0,
Crucial CT2K16G4RFS4266 32 GB,DDR4-2666,2 x 16GB,14,19,0,
Patriot Viper Venom RGB 16 GB,DDR4-3000,2 x 8GB,10,15,1,
G.Skill Flare X 16 GB,DDR4-2933,2 x 8GB,9,14,2,
TEAMGROUP T-Force XCalibur RGB SE 16 GB,DDR4-3600,2 x 8GB,10,18,1,
Crucial CT4K4G4RFS8266 16 GB,DDR4-2666,4 x 4GB,14,19,0,
ADATA XPG SPECTRIX D41 16 GB,DDR4-2666,2 x 8GB,12,16,0,
Crucial Ballistix Tactical 16 GB,DDR4-3000,1 x 16GB,10,15,0,
Crucial Ballistix Sport AT 32 GB,DDR4-2666,2 x 16GB,12,16,1,
Crucial Ballistix Sport AT 8 GB,DDR4-3000,1 x 8GB,11,17,1,
Crucial Ballistix Sport AT 32 GB,DDR4-3000,2 x 16GB,11,17,2,
ADATA Premier 8 GB,DDR4-2133,1 x 8GB,14,15,0,
TEAMGROUP T-Force Xtreem 16 GB,DDR4-4000,2 x 8GB,9,18,0,
Kingston KVR26S19S8/8 8 GB,DDR4-2666,1 x 8GB,14,19,0,77.98
Mushkin Essentials 32 GB,DDR4-2400,2 x 16GB,14,17,2,
Crucial CT2K2G4SFS624A 4 GB,DDR4-2400,2 x 2GB,14,17,0,
Corsair Dominator Platinum RGB 32 GB,DDR4-3600,4 x 8GB,8,16,8,
Crucial Ballistix Tactical Tracer 16 GB,DDR4-3000,1 x 16GB,10,16,0,
Crucial Ballistix Elite 16 GB,DDR4-3600,2 x 8GB,8,16,3,
OLOy MD4MU081G83016NI 8 GB,DDR4-3000,1 x 8GB,10,16,0,
OLOy MD4U083618IASA 8 GB,DDR4-3600,1 x 8GB,10,18,1,
OLOy MD4U083015BASA 8 GB,DDR4-3000,1 x 8GB,10,15,0,
TEAMGROUP T-Force T1 8 GB,DDR4-2666,1 x 8GB,13,18,0,
Corsair Dominator Platinum RGB 128GB ,DDR4-3800,8 x 16GB,10,19,0,
OLOy MD4U082417IFDA 16 GB,DDR4-2400,2 x 8GB,14,17,0,
Crucial Ballistix Tactical Tracer RGB 16 GB,DDR4-3000,2 x 8GB,10,15,1,
Crucial Ballistix Tactical Tracer RGB 16 GB,DDR4-3200,2 x 8GB,10,16,2,
OLOy MD4U083216BGDA 16 GB,DDR4-3200,2 x 8GB,10,16,1,
GeIL EVO POTENZA 32 GB,DDR4-3200,2 x 16GB,10,16,0,
GeIL EVO POTENZA 32 GB,DDR4-3000,2 x 16GB,10,16,1,
Samsung M393A8G40MB2-CVF 64 GB,DDR4-2933,1 x 64GB,14,21,0,
TEAMGROUP T-Force Dark Za 32 GB,DDR4-3200,2 x 16GB,10,16,1,
Thermaltake TOUGHRAM RGB 16 GB,DDR4-3600,2 x 8GB,10,18,4,
Crucial Ballistix 64 GB,DDR4-3600,2 x 32GB,8,16,0,
Crucial Ballistix RGB 16 GB,DDR4-3000,2 x 8GB,10,15,2,
G.Skill F4-4000C15Q-32GTRS 64 GB,DDR4-4000,8 x 8GB,7,15,0,
Crucial Ballistix MAX 16 GB,DDR4-4400,2 x 8GB,8,19,3,
GeIL EVO SPEAR Phantom Gaming 16 GB,DDR4-3200,2 x 8GB,10,16,5,
GeIL EVO SPEAR Phantom Gaming 32 GB,DDR4-3000,2 x 16GB,10,16,0,
OLOy WarHawk RGB 64 GB,DDR4-3200,4 x 16GB,10,16,0,
OLOy MD4U083016BHDA 16 GB,DDR4-3000,2 x 8GB,10,16,0,
OLOy MD4U162619BHDA 32 GB,DDR4-2666,2 x 16GB,14,19,0,
OLOy MD4U1640190DJ0DA 32 GB,DDR4-4000,2 x 16GB,9,19,0,
Mushkin Essentials 64 GB,DDR4-2666,2 x 32GB,14,19,0,
TEAMGROUP T-Force Vulcan TUF Gaming Alliance 32 GB,DDR4-3200,2 x 16GB,10,16,0,
Samsung m378b5673eh1-cf8 2 GB,DDR3-1066,1 x 2GB,13,7,0,
TEAMGROUP Team T-FORCE VULCAN Z 64GB ,DDR4-3000,2 x 32GB,10,16,0,
TEAMGROUP T-Force Xtreem ARGB 32 GB,DDR4-3600,2 x 16GB,7,14,2,
Silicon Power SP016GXLZU320BDAAD 16 GB,DDR4-3200,2 x 8GB,10,16,5,
Silicon Power SU016GBLFU266BD2J5 16 GB,DDR4-2666,2 x 8GB,14,19,0,
Kingston HyperX 128 GB,DDR4-3600,4 x 32GB,10,18,0,
Kingston HyperX 256 GB,DDR4-3200,8 x 32GB,10,16,0,
Silicon Power XPOWER Turbine RGB 32 GB,DDR4-3600,2 x 16GB,10,18,0,
Kingston HyperX Predator RGB 64 GB,DDR4-3200,2 x 32GB,10,16,0,
Klevv CRAS X RGB 8 GB,DDR4-3200,1 x 8GB,10,16,0,
Acer Predator Talos 16 GB,DDR4-3600,2 x 8GB,10,18,1,
Acer Predator Talos 16 GB,DDR4-2666,1 x 16GB,13,18,0,
G.Skill Trident Z Neo ,DDR4-2666,4 x 16GB,13,18,0,
HP V10 RGB 16 GB,DDR4-3200,2 x 8GB,8,14,0,
GeIL EVO Potenza AMD Edition 16 GB,DDR4-2666,2 x 8GB,14,19,0,
GeIL Polaris RGB 16 GB,DDR5-4800,1 x 16GB,16,40,0,
Addlink Spider X4 32 GB,DDR4-3600,2 x 16GB,10,18,0,
Kingston FURY Renegade 8 GB,DDR4-3600,1 x 8GB,8,16,0,
Kingston Server Premier 16 GB,DDR4-2666,1 x 16GB,14,19,1,
ADATA XPG GAMMIX D20 32 GB,DDR4-3200,2 x 16GB,10,16,0,
ADATA XPG GAMMIX D20 16 GB,DDR4-4133,2 x 8GB,9,19,0,
Lexar Hades RGB 32 GB,DDR4-3200,2 x 16GB,11,18,0,
TEAMGROUP T-Force Dark Za 16 GB,DDR4-3200,2 x 8GB,10,16,0,
Mushkin Redline Lumina 64 GB,DDR4-3600,2 x 32GB,8,16,2,
Mushkin Blackline 4 GB,DDR4-2400,1 x 4GB,12,15,0,
G.Skill Ares 8 GB,DDR3-1600,1 x 8GB,12,10,0,
Patriot Viper 4 Blackout 64 GB,DDR4-3000,2 x 32GB,10,16,0,
Patriot Viper Steel 64 GB,DDR4-3000,2 x 32GB,10,16,0,
Silicon Power XPOWER AirCool 16 GB,DDR4-3000,2 x 8GB,10,16,0,
Silicon Power SP016GBLFU266B22 16 GB,DDR4-2666,2 x 8GB,14,19,0,
Silicon Power SP016GBLFU320F02 16 GB,DDR4-3200,1 x 16GB,13,22,0,
TEAMGROUP Night Hawk RGB Gen 2 32 GB,DDR4-3200,2 x 16GB,10,16,1,
GeIL EVO V RGB 32 GB,DDR5-6400,2 x 16GB,11,38,0,
GeIL Polaris RGB SYNC 32 GB,DDR5-8000,2 x 16GB,9,38,0,
Kingston KSM48R40BS4TMM-32HMR 32 GB,DDR5-4800,1 x 32GB,16,40,0,
Crucial CT4G4DFS6266 4 GB,DDR4-2666,1 x 4GB,14,19,1,
Mushkin Enhanced Redline Stiletto 32 GB,DDR4-3600,2 x 16GB,10,18,0,
GeIL ORION V RGB AMD 16 GB,DDR5-5600,1 x 16GB,13,38,0,
GeIL EVO V RGB 64 GB,DDR5-4800,2 x 32GB,16,40,0,
GOODRAM IRP-W4000D4V64L18S/16GDC 16 GB,DDR4-4000,2 x 8GB,9,18,0,
Corsair Dominator Titanium First Edition 32 GB,DDR5-7200,2 x 16GB,9,34,0,
GeIL EVO X II AMD 4 GB,DDR4-3600,1 x 4GB,7,14,0,
GeIL EVO X II AMD 16 GB,DDR4-3200,1 x 16GB,13,22,0,
VisionTek 901344 16 GB,DDR4-2933,1 x 16GB,14,21,0,
VisionTek 901350 16 GB,DDR4-3200,1 x 16GB,13,22,0,
VisionTek 901351 32 GB,DDR4-3200,1 x 32GB,13,22,0,
Kingston KTD-PE426E/8G 8 GB,DDR4-2666,1 x 8GB,14,19,0,
OLOy OWL 128 GB,DDR4-3200,4 x 32GB,10,16,0,
Silicon Power SP096GBSVU520P22 96 GB,DDR5-5200,2 x 48GB,16,42,0,
Mushkin Redline Lumina White 64 GB,DDR5-6400,2 x 32GB,9,30,0,
Mushkin Redline ST 16 GB,DDR5-5600,1 x 16GB,10,28,0,
Mushkin MES4S240HF4GX2 8 GB,DDR4-2400,2 x 4GB,14,17,0,97.61
TEAMGROUP T-Create Classic 8 GB,DDR5-5600,1 x 8GB,16,46,0,
V-Color TRA532G60S432Q 128 GB,DDR5-6000,4 x 32GB,10,32,0,4699.99
Corsair WS 256 GB,DDR5-5600,8 x 32GB,14,40,0,
V-Color TRA516G70S834O 128 GB,DDR5-7000,8 x 16GB,9,34,0,5459.99
V-Color TRA524G70S834O 192 GB,DDR5-7000,8 x 24GB,9,34,0,
V-Color TRA532G56S436O 256 GB,DDR5-5600,8 x 32GB,12,36,0,9139.99
V-Color TRA532G60S432O 256 GB,DDR5-6000,8 x 32GB,10,32,0,9399.99
V-Color TRA532G62D832O 256 GB,DDR5-6200,8 x 32GB,10,34,0,9619.99
TEAMGROUP T-Force Delta RGB Eco 64 GB,DDR5-6000,2 x 32GB,12,38,0,
TEAMGROUP T-Force DELTAα RGB 16 GB,DDR5-6400,2 x 8GB,12,40,0,
Acer Predator Hera RGB 48 GB,DDR5-8000,2 x 24GB,10,40,0,
Patriot Viper Elite 5 Ultra RGB 64 GB,DDR5-6400,2 x 32GB,10,32,0,
V-Color TE524G64S832SKK 48 GB,DDR5-6400,2 x 24GB,10,32,0,
V-Color TE524G72S834SKK 48 GB,DDR5-7200,2 x 24GB,9,34,0,
V-Color TE532G64D832SKK 64 GB,DDR5-6400,2 x 32GB,10,32,0,
V-Color TE532G70D834SKK 64 GB,DDR5-7000,2 x 32GB,9,34,0,
Acer Predator Hera RGB 96 GB,DDR5-6400,2 x 48GB,10,32,0,
Crucial CT2K24G56C46S5 48 GB,DDR5-5600,2 x 24GB,16,46,0,599.99
Kingston KVR13R9D4/16I 16 GB,DDR3-1333,1 x 16GB,13,9,0,44.99
V-Color TRA516G66S834O 128 GB,DDR5-6600,8 x 16GB,10,34,0,4339.99
Kingston KHX12800D3K2/4G 4 GB,DDR3-1600,2 x 2GB,11,9,0,
Kingston KVR16LR11D4/16HA 16 GB,DDR3-1600,1 x 16GB,13,11,0,59.99
Kingston KVR13LR9D4/16 16 GB,DDR3-1333,1 x 16GB,13,9,0,48.99
Corsair Vengeance LED 64 GB,DDR4-3000,4 x 16GB,10,15,2,
Silicon Power XPOWER Pulse Gaming 32 GB,DDR5-6000,2 x 16GB,12,36,1,547.97
Mushkin 996573 4 GB,DDR3-1066,2 x 2GB,13,7,1,
Kingston KVR16S11/8 8 GB,DDR3-1600,1 x 8GB,13,11,0,29.54
Kingston KVR16S11S8/4 4 GB,DDR3-1600,1 x 4GB,13,11,0,46.83
G.Skill NS 8 GB,DDR3-1333,2 x 4GB,13,9,2,
Crucial CT2K16G3R186DM 32 GB,DDR3-1866,2 x 16GB,13,13,0,
Kingston KVR1333D3E9SK2/8G 8 GB,DDR3-1333,2 x 4GB,13,9,0,29.99
Corsair Vengeance LED 16 GB,DDR4-3000,2 x 8GB,10,15,2,
Kingston KTH-PL426D8/16G 16 GB,DDR4-2666,1 x 16GB,14,19,0,129.5
Kingston KTH-PL426LQ/64G 64 GB,DDR4-2666,1 x 64GB,14,19,0,
Kingston KTD-PE426/32G 32 GB,DDR4-2666,1 x 32GB,14,19,0,354.49
Crucial CT16G4RFD8293 16 GB,DDR4-2933,1 x 16GB,14,21,0,169.01
G.Skill Trident Z Neo 32 GB,DDR4-3200,4 x 8GB,10,16,2,
G.Skill F5-5600J2834F32GX2-TZ5RK 64 GB,DDR5-5600,2 x 32GB,10,28,0,
G.Skill Sniper X 64 GB,DDR4-3200,4 x 16GB,10,16,0,
G.Skill F4-4000C19D-32GTZSW 32 GB,DDR4-4000,2 x 16GB,9,19,0,
Silicon Power SP016GBLFU320X22 16 GB,DDR4-3200,2 x 8GB,13,22,0,
V-Color TRA516G66S834Q 64 GB,DDR5-6600,4 x 16GB,10,34,0,2169.98
V-Color TRA532G68D834Q 128 GB,DDR5-6800,4 x 32GB,10,34,0,5149.99
V-Color TRA516G68S834O 128 GB,DDR5-6800,8 x 16GB,10,34,0,5299.99
PNY MN16GSD43200-TB 16 GB,DDR4-3200,1 x 16GB,13,22,0,149.99
Crucial Ballistix Tracer 1 GB,DDR2-800,1 x 1GB,10,4,0,
Corsair Dominator 6 GB,DDR3-1600,3 x 2GB,8,7,0,
Corsair VS1GB533D2 1 GB,DDR2-533,1 x 1GB,15,4,0,
Corsair XMS2 2 GB,DDR2-800,2 x 1GB,10,4,0,
Corsair XMS2 DHX 4 GB,DDR2-800,2 x 2GB,10,4,1,
Crucial CT2KIT25664BA1067 4 GB,DDR3-1066,2 x 2GB,13,7,0,
Corsair XMS2 2 GB,DDR2-800,2 x 1GB,12,5,1,
Kingston ValueRAM 4 GB,DDR3-1333,2 x 2GB,13,9,2,
Patriot PSD21G8002 1 GB,DDR2-800,1 x 1GB,12,5,0,
Patriot PSD22G6672 2 GB,DDR2-667,1 x 2GB,14,5,0,
Patriot PSD32G13332 2 GB,DDR3-1333,1 x 2GB,13,9,0,
OCZ Fatal1ty Edition 4 GB,DDR2-800,2 x 2GB,12,5,0,
OCZ Platinum 6 GB,DDR3-1333,3 x 2GB,10,7,0,
ADATA Gaming 4 GB,DDR3-1600,2 x 2GB,11,9,4,
ADATA XPG Gaming 8 GB,DDR3-1600,2 x 4GB,11,9,7,
Corsair Vengeance 4 GB,DDR3-1600,1 x 4GB,11,9,14,
G.Skill Ripjaws 12 GB,DDR3-1600,3 x 4GB,11,9,1,
Kingston HyperX 8 GB,DDR3-1600,4 x 2GB,10,8,1,
Corsair XMS3 8 GB,DDR3-1333,4 x 2GB,13,9,0,
Corsair Dominator GT 4 GB,DDR3-2000,2 x 2GB,8,8,0,
Corsair CMV4GX3M2A1333C9 4 GB,DDR3-1333,2 x 2GB,13,9,6,
Corsair VS2GB1333D3 G 2 GB,DDR3-1333,1 x 2GB,13,9,2,
G.Skill PI 12 GB,DDR3-1600,6 x 2GB,8,7,0,
G.Skill ECO 4 GB,DDR3-1600,2 x 2GB,11,9,1,
Kingston HyperX Blu 4 GB,DDR3-1600,2 x 2GB,11,9,0,
Patriot Gamer 24 GB,DDR3-1600,6 x 4GB,11,9,0,
Patriot Viper II Sector 7 Edition 12 GB,DDR3-1600,3 x 4GB,10,8,0,252.23
Patriot Viper Xtreme 4 GB,DDR3-1600,2 x 2GB,10,8,0,81.43
Patriot Viper Xtreme 12 GB,DDR3-1600,3 x 4GB,10,8,0,163.01
OCZ Platinum 4 GB,DDR3-1600,2 x 2GB,7,6,0,
ADATA Premier 4 GB,DDR3-1333,2 x 2GB,13,9,0,
Corsair XMS3 4 GB,DDR3-1333,1 x 4GB,13,9,2,
G.Skill F3-10600CL9D-4GBNT 4 GB,DDR3-1333,2 x 2GB,13,9,2,
G.Skill ECO 4 GB,DDR3-1333,2 x 2GB,13,9,0,
G.Skill Ripjaws 8 GB,DDR3-1333,2 x 4GB,10,7,5,
G.Skill Ripjaws 4 GB,DDR3-1333,2 x 2GB,13,9,2,59.95
G.Skill F3-10666CL9D-4GBNQ 4 GB,DDR3-1333,2 x 2GB,13,9,2,
G.Skill Ripjaws 12 GB,DDR3-2000,3 x 4GB,9,9,0,
G.Skill PIS 4 GB,DDR3-2200,2 x 2GB,6,7,0,
G.Skill Value 8 GB,DDR3-1333,2 x 4GB,13,9,4,
ADATA XPG Gaming 4 GB,DDR3-2000,2 x 2GB,9,9,0,
GeIL Value PLUS 4 GB,DDR3-1333,2 x 2GB,13,9,0,
Patriot Viper II Sector 5 4 GB,DDR3-1333,2 x 2GB,10,7,0,72.04
Patriot Viper Xtreme 8 GB,DDR3-2000,2 x 4GB,9,9,0,122.62
OCZ Gold 6 GB,DDR3-2000,3 x 2GB,10,10,0,
Patriot Viper II Sector 5 Edition 4 GB,DDR3-2500,2 x 2GB,7,9,0,
Patriot Extreme Performance Gaming 6 GB,DDR3-1333,3 x 2GB,13,9,0,91.89
Kingston HyperX 3 GB,DDR3-2333,3 x 1GB,7,9,0,
Kingston KVR1333D3/1GR 1 GB,DDR3-1333,1 x 1GB,13,9,0,
Kingston KVR1333D3K2/2GR 2 GB,DDR3-1333,2 x 1GB,13,9,0,28.84
Kingston KVR1333D3/4GR 4 GB,DDR3-1333,1 x 4GB,13,9,0,
Patriot Signature 4 GB,DDR3-1333,1 x 4GB,13,9,1,
Crucial CT25664BA1339 2 GB,DDR3-1333,1 x 2GB,13,9,3,16.29
Crucial CT2KIT12864BA1067 2 GB,DDR3-1066,2 x 1GB,13,7,0,
Kingston HyperX Blu 4 GB,DDR3-1333,1 x 4GB,13,9,3,
Kingston HyperX T1 4 GB,DDR3-1866,2 x 2GB,9,9,0,
Corsair Vengeance 4 GB,DDR3-1600,2 x 2GB,11,9,0,
GeIL Value PLUS 4 GB,DDR3-1600,2 x 2GB,10,8,1,
G.Skill Ripjaws X + Fan 16 GB,DDR3-2200,4 x 4GB,8,9,0,
Crucial Ballistix Sport 1 GB,DDR3-1600,1 x 1GB,12,10,0,
G.Skill Sniper Gaming 12 GB,DDR3-1600,3 x 4GB,11,9,1,
Corsair VS1GSDS533D2 1 GB,DDR2-533,1 x 1GB,15,4,0,19.98
Crucial CT51264AC800 4 GB,DDR2-800,1 x 4GB,15,6,0,74.89
Crucial CT25664AC667 2 GB,DDR2-667,1 x 2GB,14,5,0,27.99
G.Skill F3-8500CL7S-4GBSQ 4 GB,DDR3-1066,1 x 4GB,13,7,0,
G.Skill F3-8500CL7S-2GBSQ 2 GB,DDR3-1066,1 x 2GB,13,7,0,
GeIL GS34GB1066C7SC 4 GB,DDR3-1066,1 x 4GB,13,7,0,15.72
Kingston KHX5300S2LLK2/2G 2 GB,DDR2-667,2 x 1GB,11,4,0,44.99
Mushkin 996647 8 GB,DDR3-1333,2 x 4GB,13,9,0,28.72
Patriot PSD22G6672S 2 GB,DDR2-667,1 x 2GB,14,5,0,37.99
Samsung MV-2S1G4 1 GB,DDR2-800,1 x 1GB,15,6,0,
G.Skill Ripjaws X 8 GB,DDR3-2133,2 x 4GB,10,11,66,
G.Skill Sniper Gaming 12 GB,DDR3-1600,3 x 4GB,8,7,0,
Mushkin Blackline 12 GB,DDR3-2000,3 x 4GB,9,9,0,
Mushkin Silverline 8 GB,DDR3-1600,2 x 4GB,11,9,4,
Corsair Vengeance 8 GB,DDR3-1600,2 x 4GB,11,9,22,
Mushkin 991555 2 GB,DDR2-667,1 x 2GB,14,5,0,
Samsung MV-3T2G3/US 2 GB,DDR3-1600,1 x 2GB,13,11,0,
Kingston KVR1333D3S8N9/2GKC 2 GB,DDR3-1333,1 x 2GB,13,9,0,
Patriot Gamer 2 8 GB,DDR3-1333,1 x 8GB,13,9,0,112.48
Mushkin Essentials 4 GB,DDR3-1333,1 x 4GB,13,9,2,18.85
Mushkin Essentials 12 GB,DDR3-1333,3 x 4GB,13,9,0,
G.Skill Sniper 8 GB,DDR3-1600,2 x 4GB,11,9,6,
Crucial CT3KIT102464BA1339 24 GB,DDR3-1333,3 x 8GB,13,9,0,
Crucial CT2KIT102464BF1339 16 GB,DDR3-1333,2 x 8GB,13,9,0,76.98
Wintec Value 4 GB,DDR2-800,2 x 2GB,15,6,0,
Crucial CT102464BA1339 8 GB,DDR3-1333,1 x 8GB,13,9,3,
Corsair Vengeance LP 16 GB,DDR3-1600,4 x 4GB,11,9,7,
G.Skill Ripjaws Z 16 GB,DDR3-1866,4 x 4GB,9,9,8,
G.Skill Ripjaws Z 16 GB,DDR3-2400,4 x 4GB,9,11,0,
Wintec Value 16 GB,DDR3-1333,2 x 8GB,13,9,0,
Corsair Vengeance 16 GB,DDR3-1600,4 x 4GB,11,9,4,
Corsair Vengeance 16 GB,DDR3-1600,4 x 4GB,11,9,3,
Corsair Vengeance 16 GB,DDR3-1866,4 x 4GB,9,9,2,
AMD Entertainment Edition 2 GB,DDR3-1333,1 x 2GB,13,9,0,
Crucial Ballistix Elite 2 GB,DDR3-1600,1 x 2GB,10,8,0,
Mushkin Silverline 8 GB,DDR3-1333,1 x 8GB,13,9,2,
G.Skill Ripjaws Z 8 GB,DDR3-2133,4 x 2GB,8,9,1,
Pareema MD316C81609L2 8 GB,DDR3-1600,2 x 4GB,11,9,1,
Kingston KHX1600C9D3K8/32GX 32 GB,DDR3-1600,8 x 4GB,11,9,1,
Kingston KHX1866C9D3K2/8GX 8 GB,DDR3-1866,2 x 4GB,9,9,0,
Mushkin Blackline 16 GB,DDR3-1600,4 x 4GB,10,8,0,
Crucial Ballistix Sport 2 GB,DDR3-1600,1 x 2GB,11,9,2,
Mushkin Essentials 24 GB,DDR3-1333,3 x 8GB,13,9,0,
Crucial Ballistix Sport 12 GB,DDR3-1600,3 x 4GB,11,9,1,
Crucial Ballistix Smart Tracer 8 GB,DDR3-1600,2 x 4GB,10,8,2,
AMD Entertainment Edition 4 GB,DDR3-1600,1 x 4GB,11,9,0,
Corsair Vengeance LP 4 GB,DDR3-1600,1 x 4GB,8,7,0,
Corsair Vengeance LP 4 GB,DDR3-1600,1 x 4GB,11,9,2,
Patriot G2 Series Division 2 Edition 16 GB,DDR3-1600,2 x 8GB,11,9,1,
Kingston KHX1866C9D3K2/8G 8 GB,DDR3-1866,2 x 4GB,9,9,2,
G.Skill Ares 8 GB,DDR3-1600,2 x 4GB,10,8,12,
"Patriot Gamer 2 Series, Division 4 Editi 16 GB",DDR3-1866,4 x 4GB,9,9,0,
GeIL EVO CORSA 32 GB,DDR3-1866,8 x 4GB,9,9,0,
G.Skill Ares 32 GB,DDR3-1866,4 x 8GB,10,10,1,
PNY MD16384K4D3-1600-X9 16 GB,DDR3-1600,4 x 4GB,11,9,4,
Crucial Ballistix Tactical Tracer 8 GB,DDR3-1866,2 x 4GB,9,9,2,
ADATA XPG Gaming 16 GB,DDR3-2133,2 x 8GB,9,10,0,
Corsair XMS 16 GB,DDR3-1333,2 x 8GB,13,9,2,
Corsair Vengeance 8 GB,DDR3-1600,1 x 8GB,11,9,13,
Kingston KHX18C9T1K4/16X 16 GB,DDR3-1866,4 x 4GB,9,9,0,
Kingston KHX21C11T1K2/8X 8 GB,DDR3-2133,2 x 4GB,10,11,0,
Corsair Vengeance LP 8 GB,DDR3-2133,2 x 4GB,8,9,5,
Kingston KVR13S9S8/4 4 GB,DDR3-1333,1 x 4GB,13,9,0,19.66
GeIL EVO Leggara 8 GB,DDR3-1866,2 x 4GB,9,9,0,
Kingston KVR13N9S8H/4 4 GB,DDR3-1333,1 x 4GB,13,9,1,21.99
GeIL EVO VELOCE 16 GB,DDR3-2400,2 x 8GB,9,11,0,
Patriot Viper 3 8 GB,DDR3-1866,2 x 4GB,9,9,5,
G.Skill Sniper Gaming 32 GB,DDR3-1600,4 x 8GB,11,9,0,
Kingston KVR1333D3N9HK3/12G 12 GB,DDR3-1333,3 x 4GB,13,9,0,
"Patriot Intel Extreme Master, Limited Ed 32 GB",DDR3-1866,4 x 8GB,10,10,1,
Mushkin Silverline 16 GB,DDR3-1600,2 x 8GB,13,11,1,
Crucial CT2K8G3S1339M 16 GB,DDR3-1333,2 x 8GB,13,9,0,89.99
Patriot Viper 3 32 GB,DDR3-1600,4 x 8GB,11,9,1,
Patriot Viper 3 8 GB,DDR3-1600,2 x 4GB,11,9,2,
Corsair Vengeance LP 8 GB,DDR3-1866,2 x 4GB,9,9,12,
Corsair Vengeance 16 GB,DDR3-1600,2 x 8GB,11,9,21,
Corsair CMV16GX3M2A1600C11 16 GB,DDR3-1600,2 x 8GB,11,9,3,
Kingston Blu 16 GB,DDR3-1333,2 x 8GB,13,9,0,
G.Skill Value 4 GB,DDR3-1600,1 x 4GB,13,11,1,22.95
Crucial Ballistix Tactical 8 GB,DDR3-1600,2 x 4GB,10,8,10,
G.Skill Trident X 8 GB,DDR3-2400,2 x 4GB,7,9,4,
Kingston HyperX Beast 8 GB,DDR3-2400,2 x 4GB,9,11,5,
Crucial Ballistix Sport 8 GB,DDR3-1600,2 x 4GB,11,9,36,
Kingston HyperX Beast 16 GB,DDR3-1866,2 x 8GB,10,10,10,
Mushkin Stealth 32 GB,DDR3-1600,4 x 8GB,11,9,1,
Mushkin Stealth 12 GB,DDR3-1600,3 x 4GB,11,9,0,
Corsair Vengeance Pro 16 GB,DDR3-1866,2 x 8GB,9,9,13,
Corsair Vengeance Pro 8 GB,DDR3-1866,2 x 4GB,9,9,19,
Crucial Ballistix Sport XT 16 GB,DDR3-1600,2 x 8GB,11,9,7,
Crucial Ballistix Sport XT 32 GB,DDR3-1600,4 x 8GB,11,9,0,
Corsair Vengeance Pro 16 GB,DDR3-1600,2 x 8GB,11,9,2,
Crucial Ballistix Sport XT 8 GB,DDR3-1866,2 x 4GB,10,10,4,
ADATA XPG V2 8 GB,DDR3-1600,2 x 4GB,11,9,12,
AMD Performance Edition 16 GB,DDR3-1866,2 x 8GB,9,9,4,
AMD AE34G1609U1 4 GB,DDR3-1600,1 x 4GB,11,9,3,
Kingston KVR13N9S8HK2/8 8 GB,DDR3-1333,2 x 4GB,13,9,5,
Crucial Ballistix Sport 8 GB,DDR3-1600,1 x 8GB,11,9,0,
ADATA XPG Gaming 8 GB,DDR3-1600,1 x 8GB,11,9,1,
TEAMGROUP Vulcan 8 GB,DDR3-1600,2 x 4GB,11,9,7,
G.Skill Ripjaws X 8 GB,DDR3-2133,2 x 4GB,8,9,43,
Mushkin Stealth 16 GB,DDR3-2666,4 x 4GB,9,12,0,
Corsair Vengeance LP 8 GB,DDR3-1600,2 x 4GB,11,9,10,
Corsair Vengeance 8 GB,DDR3-1600,2 x 4GB,11,9,3,
Avexir MSI Z77 MPOWER Optimized ,DDR3-1600,4 x 8GB,12,10,0,
Avexir Standard 32 GB,DDR3-1600,4 x 8GB,12,10,0,
Avexir Core Series 16 GB,DDR3-2800,4 x 4GB,8,12,0,
G.Skill Ripjaws X 4 GB,DDR3-1600,1 x 4GB,11,9,6,
PNY MN8192SD3-1600 8 GB,DDR3-1600,1 x 8GB,13,11,0,
G.Skill Ripjaws Z 64 GB,DDR3-2133,8 x 8GB,8,9,0,
Corsair Vengeance Pro 16 GB,DDR3-2666,2 x 8GB,9,12,1,
GeIL Green 8 GB,DDR3-1333,2 x 4GB,13,9,0,
Crucial CT2G3S1067M 2 GB,DDR3-1066,1 x 2GB,13,7,0,19.98
Crucial CT4G3S1067M 4 GB,DDR3-1066,1 x 4GB,13,7,0,26.49
Mushkin 973980A 64 GB,DDR3-1333,4 x 16GB,13,9,0,
Mushkin 976643A 4 GB,DDR3-1066,2 x 2GB,13,7,0,42.39
VisionTek 900667 8 GB,DDR3-1600,1 x 8GB,13,11,1,
Patriot Viper 3 Low Profile Black 16 GB,DDR3-1866,2 x 8GB,10,10,0,127.29
Patriot Viper 3 Low Profile Red 8 GB,DDR3-1600,2 x 4GB,11,9,2,86.27
Patriot Viper 3 Low Profile Blue 8 GB,DDR3-1866,2 x 4GB,9,9,1,
ADATA XPG V2 16 GB,DDR3-1866,2 x 8GB,10,10,1,
G.Skill Ares 16 GB,DDR3-2133,2 x 8GB,10,11,2,114.99
Kingston KHX18C10K2/16 16 GB,DDR3-1866,2 x 8GB,10,10,1,
Patriot PX34G1333C9 Bundle 8 GB,DDR3-1333,2 x 4GB,13,9,0,
VisionTek 900471 4 GB,DDR2-800,2 x 2GB,12,5,0,
Kingston HyperX Fury 4 GB,DDR3-1333,1 x 4GB,13,9,0,
Kingston HyperX Fury 4 GB,DDR3-1600,1 x 4GB,12,10,2,
Corsair Vengeance LP 8 GB,DDR3-2133,2 x 4GB,8,9,1,
G.Skill Sniper 4 GB,DDR3-1600,1 x 4GB,11,9,1,
Corsair XMS3 8 GB,DDR3-1333,2 x 4GB,13,9,1,
Corsair Vengeance Pro 8 GB,DDR3-2133,2 x 4GB,8,9,1,
Samsung M393B2G70DB0-CK0 16 GB,DDR3-1600,1 x 16GB,13,11,0,
Crucial CT51264BA1339J 4 GB,DDR3-1333,1 x 4GB,13,9,4,
PNY MN8192SD3-1600-LV 8 GB,DDR3-1600,1 x 8GB,13,11,0,
TEAMGROUP Xtreem 16 GB,DDR3-2666,2 x 8GB,8,11,0,
ADATA XPG Z1 8 GB,DDR4-2133,2 x 4GB,12,13,0,
G.Skill Ripjaws 4 16 GB,DDR4-2800,4 x 4GB,11,16,1,
Kingston HyperX Savage 8 GB,DDR3-2133,1 x 8GB,10,11,1,
Crucial CT3K32G3ELSLQ4160B 96 GB,DDR3-1600,3 x 32GB,13,11,0,
Mushkin Proline 32 GB,DDR3-1866,4 x 8GB,13,13,1,
Crucial CT32G4LFQ4213 32 GB,DDR4-2133,1 x 32GB,14,15,0,228
Crucial CT3KIT12864BA160B 3 GB,DDR3-1600,3 x 1GB,13,11,0,
Mushkin Blackline 8 GB,DDR3-2133,2 x 4GB,9,10,0,
ADATA XPG V1.0 16 GB,DDR3-2133,2 x 8GB,9,10,0,
Crucial CT2K32G3ELSLQ4160B 64 GB,DDR3-1600,2 x 32GB,13,11,0,
GeIL GPR416GB2400C15QC 16 GB,DDR4-2400,4 x 4GB,12,15,0,
Kingston HX426C13PB2K4/16 16 GB,DDR4-2666,4 x 4GB,9,13,4,
Samsung M393B1G70QH0-CMA08 8 GB,DDR3-1866,1 x 8GB,13,13,0,
Wintec HMT31GR7CFR4C-PBD8 8 GB,DDR3-1600,1 x 8GB,13,11,0,
Wintec HMT42GR7MFR4C-PB 16 GB,DDR3-1600,1 x 16GB,13,11,0,
G.Skill Ripjaws 4 32 GB,DDR4-2400,4 x 8GB,12,15,1,
Mushkin 977146A 32 GB,DDR3-1866,2 x 16GB,13,13,0,
Mushkin 992082 32 GB,DDR3-1333,1 x 32GB,13,9,0,128.53
GeIL GPR432GB2400C15QC 32 GB,DDR4-2400,4 x 8GB,12,15,1,
Kingston KVR16LE11K4/32I 32 GB,DDR3-1600,4 x 8GB,13,11,0,
TEAMGROUP Elite Plus 4 GB,DDR4-2133,1 x 4GB,14,15,1,
TEAMGROUP Elite Plus 16 GB,DDR4-2400,2 x 8GB,13,16,5,
Mushkin Redline 8 GB,DDR3-1866,2 x 4GB,9,9,1,
G.Skill Ripjaws 4 8 GB,DDR4-2133,2 x 4GB,14,15,7,
G.Skill Ripjaws 4 64 GB,DDR4-2400,8 x 8GB,12,15,0,
ADATA AX4U3300W4G16-QGZ 16 GB,DDR4-3300,4 x 4GB,9,16,0,
Corsair Vengeance Pro 16 GB,DDR3-2400,2 x 8GB,9,11,6,
Klevv Urbane 16 GB,DDR3-1600,2 x 8GB,11,9,0,
Crucial Ballistix Sport LT 16 GB,DDR4-2400,4 x 4GB,13,16,2,
Kingston KTD-PE421/8G 8 GB,DDR4-2133,1 x 8GB,14,15,0,
Crucial CT25672BD160B 2 GB,DDR3-1600,1 x 2GB,13,11,0,
Kingston KVR667D2D4F5/4G 4 GB,DDR2-667,1 x 4GB,14,5,0,
Kingston KVR16R11D4K4/32 32 GB,DDR3-1600,4 x 8GB,13,11,0,129.99
Kingston KVR16LR11S8/4 4 GB,DDR3-1600,1 x 4GB,13,11,0,55.59
Kingston KTM-SX316ES/4G 4 GB,DDR3-1600,1 x 4GB,13,11,0,
Kingston KVR1333D3E9SK3/24G 24 GB,DDR3-1333,3 x 8GB,13,9,0,104.99
Kingston KVR13LR9D4K4/64I 64 GB,DDR3-1333,4 x 16GB,13,9,0,
Kingston KVR13LR9S4K4/16 16 GB,DDR3-1333,4 x 4GB,13,9,3,
Kingston KVR13LR9S8K4/8 8 GB,DDR3-1333,4 x 2GB,13,9,0,
Avexir Core 16 GB,DDR3-2400,2 x 8GB,9,11,1,
Avexir Core 16 GB,DDR4-2666,4 x 4GB,11,15,2,
Corsair Vengeance LPX 4 GB,DDR4-2400,1 x 4GB,12,15,2,
Kingston HX426C13PBK4/32 32 GB,DDR4-2666,4 x 8GB,9,13,0,
TEAMGROUP Dark 16 GB,DDR3-1600,2 x 8GB,11,9,2,
TEAMGROUP Dark 8 GB,DDR3-1600,2 x 4GB,11,9,2,
GeIL Super Luce 16 GB,DDR4-3400,4 x 4GB,9,16,0,
Kingston KVR16R11S8/4HB 4 GB,DDR3-1600,1 x 4GB,13,11,0,19.98
Crucial BLT2KIT4G3D1608DT1TX0 8 GB,DDR3-1600,2 x 4GB,10,8,0,
Kingston HX328C12T2K2/8 8 GB,DDR3-2800,2 x 4GB,7,11,0,
Kingston KVR16R11D8/8HB 8 GB,DDR3-1600,1 x 8GB,13,11,0,
Mushkin ECO2 8 GB,DDR3-1600,2 x 4GB,11,9,3,
Toshiba PA5104U-1M4G 4 GB,DDR3-1600,1 x 4GB,13,11,0,
Avexir Notebook 4 GB,DDR3-1600,1 x 4GB,11,9,0,
Avexir Notebook 8 GB,DDR3-1600,1 x 8GB,11,9,0,
Avexir Blitz1.1 8 GB,DDR3-1866,2 x 4GB,9,9,0,
PNY Anarchy 16 GB,DDR3-2400,2 x 8GB,9,11,0,
PNY Anarchy X 16 GB,DDR4-2800,4 x 4GB,11,16,2,
PNY Anarchy X 16 GB,DDR4-2800,4 x 4GB,11,16,1,
Corsair Vengeance LP 8 GB,DDR3-1600,1 x 8GB,13,11,0,
Kingston KVR16LR11S8K4/16I 16 GB,DDR3-1600,4 x 4GB,13,11,0,
Patriot PV38G186C0KGN 8 GB,DDR3-1866,2 x 4GB,10,10,0,
Mushkin ECO2 16 GB,DDR3-1600,2 x 8GB,13,11,1,
G.Skill Trident Z 16 GB,DDR4-3000,2 x 8GB,10,15,6,
TEAMGROUP Dark 16 GB,DDR4-2666,2 x 8GB,11,15,1,
Patriot Viper 4 16 GB,DDR4-2800,2 x 8GB,11,16,2,
Samsung M471B5273DH0-CH9 4 GB,DDR3-1333,1 x 4GB,13,9,0,
Mushkin Redline 32 GB,DDR4-2800,4 x 8GB,10,15,1,
GeIL Super Luce 16 GB,DDR4-2400,2 x 8GB,12,15,2,
Avexir Core 8 GB,DDR4-2400,1 x 8GB,13,16,15,
ADATA AX4U3000W4G16-DGZ 8 GB,DDR4-3000,2 x 4GB,10,16,1,
ADATA AX4U3000W8G16-DGZ 16 GB,DDR4-3000,2 x 8GB,10,16,1,
Kingston D51264KL110S 4 GB,DDR3-1600,1 x 4GB,13,11,0,
Crucial CT51264BF186DJ 4 GB,DDR3-1866,1 x 4GB,13,13,0,26.38
GeIL Dragon RAM Combo 8 GB,DDR4-3600,2 x 4GB,9,17,0,
Panram Ninja 8 GB,DDR3-1600,2 x 4GB,13,11,0,
Kingston Savage 32 GB,DDR4-2400,2 x 16GB,11,14,0,
Kingston Savage 128 GB,DDR4-2666,8 x 16GB,11,15,0,
GeIL EVO POTENZA 8 GB,DDR4-2133,2 x 4GB,14,15,8,
Klevv Fit 8 GB,DDR3-1600,2 x 4GB,11,9,0,
GeIL Super Luce 16 GB,DDR4-2400,2 x 8GB,12,15,1,
Kingston Predator 32 GB,DDR4-3000,2 x 16GB,10,16,0,
Crucial CT2K4G4SFS8213 8 GB,DDR4-2133,2 x 4GB,14,15,0,
Crucial Ballistix Elite 4 GB,DDR3-2133,1 x 4GB,10,11,0,
Crucial CT2K51264BF186DJ 8 GB,DDR3-1866,2 x 4GB,13,13,0,
Kingston Savage 8 GB,DDR4-2400,1 x 8GB,10,12,1,
Kingston Savage 8 GB,DDR4-2666,2 x 4GB,9,13,0,
Crucial CT2KIT51272BD160BJ 8 GB,DDR3-1600,2 x 4GB,13,11,0,
TEAMGROUP Delta 16 GB,DDR4-3000,2 x 8GB,10,16,0,
Avexir ROG Red Tesla 16 GB,DDR4-2666,2 x 8GB,11,15,2,
Avexir ROG Red Tesla 32 GB,DDR4-2666,4 x 8GB,11,15,1,
GeIL Super Luce 16 GB,DDR4-3000,2 x 8GB,10,15,4,
Kingston KCP316NS8/4 4 GB,DDR3-1600,1 x 4GB,13,11,0,25.16
Avexir Core 8 GB,DDR4-2400,2 x 4GB,13,16,3,
Avexir Core 16 GB,DDR4-2400,2 x 8GB,13,16,7,
Corsair Vengeance LED 64 GB,DDR4-3200,4 x 16GB,10,16,3,
GALAX HOF 16 GB,DDR4-3200,2 x 8GB,8,14,0,
Corsair Dominator Platinum Blackout 32 GB,DDR4-3200,4 x 8GB,8,14,0,
TEAMGROUP Dark 16 GB,DDR4-2400,2 x 8GB,11,14,7,
TEAMGROUP Dark 16 GB,DDR4-3000,2 x 8GB,10,16,13,
Corsair Vengeance Performance 64 GB,DDR4-2400,4 x 16GB,13,16,1,
TEAMGROUP Dark 16 GB,DDR3-2400,2 x 8GB,9,11,0,
Kingston Predator 16 GB,DDR4-3600,2 x 8GB,9,17,0,
Corsair Dominator Platinum 128 GB,DDR4-3200,8 x 16GB,10,16,0,
TEAMGROUP Vulcan 16 GB,DDR4-2400,1 x 16GB,12,15,0,
TEAMGROUP Vulcan 32 GB,DDR4-2400,2 x 16GB,12,15,0,
Patriot Viper Elite 8 GB,DDR4-2133,1 x 8GB,13,14,4,
Kingston KCP316SD8/8 8 GB,DDR3-1600,1 x 8GB,13,11,0,30.88
Crucial Sport LT 16 GB,DDR4-2666,2 x 8GB,12,16,1,
Kingston HX426C13PB3K2/16 16 GB,DDR4-2666,2 x 8GB,9,13,2,
GeIL SUPER LUCE RGB SYNC 8 GB,DDR4-2400,2 x 4GB,13,16,2,
GeIL SUPER LUCE RGB SYNC 8 GB,DDR4-2400,2 x 4GB,13,16,0,
Kingston KVR24R17S8/8MA 8 GB,DDR4-2400,1 x 8GB,14,17,0,
Crucial Sport LT 8 GB,DDR4-2400,1 x 8GB,13,16,1,
Kingston FURY 16 GB,DDR4-2666,1 x 16GB,12,16,1,
Corsair Vengeance RGB 16 GB,DDR4-3000,2 x 8GB,10,15,0,
TEAMGROUP T-Force Delta RGB 4 GB,DDR4-2400,1 x 4GB,12,15,0,
TEAMGROUP T-Force Delta RGB 16 GB,DDR4-2666,2 x 8GB,11,15,4,
TEAMGROUP Night Hawk 32 GB,DDR4-3000,2 x 16GB,10,16,0,
Corsair Vengeance RGB 16 GB,DDR4-3200,2 x 8GB,10,16,1,
Avexir Raiden 16 GB,DDR4-3000,2 x 8GB,10,16,0,
Avexir Blitz 16 GB,DDR4-3200,2 x 8GB,10,16,0,
Avexir Blitz 1.1 32 GB,DDR3-2400,4 x 8GB,8,10,0,
Patriot Viper LED 8 GB,DDR4-3000,2 x 4GB,10,15,0,
TEAMGROUP T-Force Night Hawk RGB 32 GB,DDR4-3000,2 x 16GB,10,16,2,
TEAMGROUP Xtreem LV 8 GB,DDR3-2666,2 x 4GB,7,10,0,
GeIL EVO FORZA 8 GB,DDR4-2666,2 x 4GB,12,16,0,
GeIL Super Luce 32 GB,DDR4-2400,2 x 16GB,13,16,0,
GeIL SUPER LUCE RGB 16 GB,DDR4-2133,2 x 8GB,14,15,0,
GeIL SUPER LUCE RGB 16 GB,DDR4-2666,2 x 8GB,12,16,1,
GeIL EVO POTENZA 8 GB,DDR4-3000,2 x 4GB,10,16,1,
VisionTek 900848 16 GB,DDR3-1600,1 x 16GB,13,11,0,173.42
Crucial CT25664BD160BJ 2 GB,DDR3-1600,1 x 2GB,13,11,0,19.98
Crucial CT2K16G3S186DM 32 GB,DDR3-1866,2 x 16GB,13,13,0,
G.Skill Trident Z RGB 32 GB,DDR4-3200,4 x 8GB,8,14,4,
Crucial Ballistix Tactical Tracer 64 GB,DDR4-2666,4 x 16GB,12,16,0,
Samsung M386A8K40BM1-CRC4Q 64 GB,DDR4-2400,1 x 64GB,14,17,0,
Kingston KTH-PL426/16G 16 GB,DDR4-2666,1 x 16GB,14,19,0,
TEAMGROUP T-Force Xtreem 64 GB,DDR4-3600,4 x 16GB,8,16,0,
Patriot Signature Line 8 GB,DDR4-2666,2 x 4GB,14,19,3,
TEAMGROUP T-Force XCalibur RGB SE 16 GB,DDR4-4000,2 x 8GB,9,18,3,
ADATA XPG SPECTRIX D80 16 GB,DDR4-3000,2 x 8GB,10,16,2,
ADATA XPG SPECTRIX D80 16 GB,DDR4-3200,2 x 8GB,10,16,1,
TEAMGROUP T-Force Dark Pro 16 GB,DDR4-3200,2 x 8GB,8,14,1,
Crucial Ballistix Sport AT 16 GB,DDR4-2666,1 x 16GB,12,16,0,
Crucial Ballistix Sport AT 16 GB,DDR4-3000,2 x 8GB,11,17,1,
Kingston HyperX Predator 128 GB,DDR4-3000,8 x 16GB,10,15,0,
ADATA AD4S266638G19-R 8 GB,DDR4-2666,1 x 8GB,14,19,0,
ADATA AD4S2400316G17-R 16 GB,DDR4-2400,1 x 16GB,14,17,0,
ADATA AD4S240038G17-2 16 GB,DDR4-2400,2 x 8GB,14,17,0,
GeIL EVO FORZA 32 GB,DDR4-2400,2 x 16GB,13,16,0,
V-Color SKYWALKER PRISM RGB 16 GB,DDR4-3000,2 x 8GB,10,15,0,
Crucial CT16G4VFS4266 16 GB,DDR4-2666,1 x 16GB,14,19,0,129.79
ADATA AD4S213338G15-2 16 GB,DDR4-2133,2 x 8GB,14,15,0,
ADATA AD4S2400316G17-2 32 GB,DDR4-2400,2 x 16GB,14,17,0,
ADATA XPG Spectrix D40 16 GB,DDR4-3000,2 x 8GB,10,16,0,
G.Skill Trident Z Royal 32 GB,DDR4-3000,2 x 16GB,10,16,2,
Crucial Ballistix Sport AT 32 GB,DDR4-3200,2 x 16GB,10,16,3,
Crucial Ballistix Sport AT 64 GB,DDR4-3200,4 x 16GB,10,16,1,
Crucial Ballistix Sport AT 8 GB,DDR4-3200,1 x 8GB,10,16,0,
GeIL SUPER LUCE RGB SYNC 32 GB,DDR4-3000,2 x 16GB,10,16,0,
OLOy MD4MU081G82619D 16 GB,DDR4-2666,2 x 8GB,14,19,0,
OLOy MD4MU081G83015D 16 GB,DDR4-3000,2 x 8GB,10,15,0,
OLOy MD4MU081G82417NI 8 GB,DDR4-2400,1 x 8GB,14,17,0,
OLOy MD4U082417IBSA 8 GB,DDR4-2400,1 x 8GB,14,17,0,
OLOy MD4U083216BASA 8 GB,DDR4-3200,1 x 8GB,10,16,0,
OLOy MD4U162619BBSA 16 GB,DDR4-2666,1 x 16GB,14,19,0,
OLOy MD4MU081G82417D 16 GB,DDR4-2400,2 x 8GB,14,17,0,
OLOy MD4U083016BBSA 8 GB,DDR4-3000,1 x 8GB,10,16,0,
OLOy MD4U162619BBDA 32 GB,DDR4-2666,2 x 16GB,14,19,0,
Crucial Ballistix Elite 8 GB,DDR4-4000,1 x 8GB,9,18,0,
GeIL Evo X II RGB SYNC 16 GB,DDR4-3000,2 x 8GB,10,16,2,
TEAMGROUP T-Force Dark Z 16 GB,DDR4-3200,2 x 8GB,10,16,2,
TEAMGROUP T-Force Dark Z 16 GB,DDR4-3000,2 x 8GB,10,16,3,
G.Skill Trident Z Royal 16 GB,DDR4-3600,2 x 8GB,8,16,6,
Samsung M393A2K40CB2-CVF 16 GB,DDR4-2933,1 x 16GB,14,21,0,
OLOy WarHawk RGB 16 GB,DDR4-3200,2 x 8GB,10,16,1,
OLOy MD4U322616DJDA 64 GB,DDR4-2666,2 x 32GB,12,16,0,
OLOy MD4U163016CFDA 32 GB,DDR4-3000,2 x 16GB,10,16,0,
Thermaltake TOUGHRAM RGB 16 GB,DDR4-3000,2 x 8GB,10,16,1,
Crucial Ballistix RGB 64 GB,DDR4-3200,2 x 32GB,10,16,2,
Crucial Ballistix RGB 32 GB,DDR4-3200,2 x 16GB,10,16,2,
Crucial Ballistix RGB 32 GB,DDR4-3600,2 x 16GB,8,16,3,
GeIL GeIL EVO POTENZA 16GB ,DDR4-3600,2 x 8GB,10,18,0,
OLOy MD4U1636181CHKSA 16 GB,DDR4-3600,1 x 16GB,10,18,0,
OLOy MD4U163216CJQA 64 GB,DDR4-3200,4 x 16GB,10,16,0,
OLOy MD4U083216BHDA 16 GB,DDR4-3200,2 x 8GB,10,16,0,
OLOy MD4U162417BFDA 32 GB,DDR4-2400,2 x 16GB,14,17,0,
PNY Performance 4 GB,DDR4-2666,1 x 4GB,14,19,0,
Crucial CT16G4RFD8266-2G6E1 16 GB,DDR4-2666,1 x 16GB,14,19,0,
OLOy WarHawk RGB 64 GB,DDR4-3600,2 x 32GB,10,18,1,
Timetec 75TT32NU2R8-16GK2 32 GB,DDR4-3200,2 x 16GB,10,16,0,
Silicon Power XPOWER Turbine RGB 16 GB,DDR4-3200,2 x 8GB,10,16,1,
G.Skill Trident Z Neo 64 GB,DDR4-3600,4 x 16GB,7,14,2,
Silicon Power SP016GXLZU360BDAAD 16 GB,DDR4-3600,2 x 8GB,10,18,0,
Kingston HyperX 16 GB,DDR4-4800,2 x 8GB,7,19,0,
Apacer AU 4 GB,DDR4-2666,1 x 4GB,14,19,0,
Neo Forza MARS 64 GB,DDR4-3200,2 x 32GB,10,16,0,
TEAMGROUP T-Force Zeus 64 GB,DDR4-3200,2 x 32GB,12,20,0,
Corsair Vengeance RGB RT 16 GB,DDR4-3600,2 x 8GB,10,18,3,
Corsair Dominator Platinum RGB First Edition 32 GB,DDR5-5200,2 x 16GB,13,36,0,
Acer Predator Talos 8 GB,DDR4-3000,1 x 8GB,10,16,0,
G.Skill F4-3600C14Q2-128GTRSA 128 GB,DDR4-3600,8 x 16GB,7,14,0,
Neo Forza Encke 16 GB,DDR3-1600,2 x 8GB,13,11,0,
TEAMGROUP Dark Pro 8PACK Edition 16 GB,DDR4-3600,2 x 8GB,8,16,0,
GeIL Orion RGB AMD Edition 8 GB,DDR4-2666,1 x 8GB,14,19,0,
GeIL EVO Potenza AMD Edition 8 GB,DDR4-3000,2 x 4GB,10,16,0,
GeIL Polaris RGB 8 GB,DDR5-4800,1 x 8GB,16,40,0,
Kingston Fury Renegade RGB 32 GB,DDR4-3600,4 x 8GB,8,16,1,
Addlink Spider 4 8 GB,DDR4-3200,1 x 8GB,10,16,1,
Addlink Spider 4 16 GB,DDR4-3200,1 x 16GB,10,16,0,
Addlink Spider 4 32 GB,DDR4-3200,2 x 16GB,10,16,0,
Addlink Spider X4 8 GB,DDR4-3200,1 x 8GB,10,16,0,
TEAMGROUP T-Force Vulcan Z 64 GB,DDR4-3200,2 x 32GB,10,16,1,
Kingston FURY Renegade 128 GB,DDR4-3200,4 x 32GB,10,16,1,
ADATA XPG GAMMIX D20 64 GB,DDR4-3200,2 x 32GB,10,16,0,
TEAMGROUP T-Force Xtreem ARGB 128 GB,DDR4-3200,8 x 16GB,10,16,0,
TEAMGROUP T-Force Xtreem ARGB 256 GB,DDR4-3200,8 x 32GB,10,16,0,
Lexar Hades OC 8 GB,DDR4-3200,1 x 8GB,11,18,0,
Lexar Hades OC 16 GB,DDR4-3200,2 x 8GB,11,18,1,
VisionTek 901512 16 GB,DDR5-4800,1 x 16GB,16,40,0,
TEAMGROUP T-Force Dark Z 16 GB,DDR4-3200,2 x 8GB,10,16,1,
TEAMGROUP T-Force Vulcan TUF Gaming Alliance 16 GB,DDR4-2666,2 x 8GB,13,18,0,
ADATA XPG GAMMIX D45 64 GB,DDR4-3200,2 x 32GB,10,16,0,
G.Skill F4-3200C16D-16GTZKY 16 GB,DDR4-3200,2 x 8GB,10,16,0,
G.Skill F4-3200C16D-32GTZ 32 GB,DDR4-3200,2 x 16GB,10,16,0,286.33
G.Skill F4-3200C16Q-64GTZSK 64 GB,DDR4-3200,4 x 16GB,10,16,0,
G.Skill F4-3866C19Q2-128GTZSW 128 GB,DDR4-3866,8 x 16GB,9,19,0,
G.Skill F4-4200C19Q2-64GTZKK 64 GB,DDR4-4200,8 x 8GB,9,19,0,
G.Skill Flare X 128 GB,DDR4-2933,8 x 16GB,9,14,0,
Patriot Viper Elite 32 GB,DDR4-2666,1 x 32GB,12,16,0,
Silicon Power XPOWER AirCool 32 GB,DDR4-4133,2 x 16GB,9,19,0,
Silicon Power SP008GBLFU266X02 8 GB,DDR4-2666,1 x 8GB,14,19,0,
Silicon Power SP016GBLFU213B21 16 GB,DDR4-2133,2 x 8GB,14,15,0,
Silicon Power SP032GBLFU266X02 32 GB,DDR4-2666,1 x 32GB,14,19,0,
Silicon Power SP032GBSVU480F02 32 GB,DDR5-4800,1 x 32GB,16,40,0,391.79
Silicon Power SP064GBSVU480F22 64 GB,DDR5-4800,2 x 32GB,16,40,0,782.97
Silicon Power SP008GBSFU213N22 8 GB,DDR4-2133,2 x 4GB,14,15,0,
Silicon Power SP032GBSFU240X22 32 GB,DDR4-2400,2 x 16GB,14,17,0,
Silicon Power SP064GBLVU480F22 64 GB,DDR5-4800,2 x 32GB,16,40,0,
TEAMGROUP Night Hawk RGB Gen 2 64 GB,DDR4-3200,2 x 32GB,10,16,0,
TEAMGROUP T-Force Delta RGB Valkyrie Edition 32 GB,DDR5-5600,2 x 16GB,14,40,0,
Silicon Power SP016GBLFU240BD2 16 GB,DDR4-2400,2 x 8GB,14,17,0,
Silicon Power SP004GBLFU240NS2 4 GB,DDR4-2400,1 x 4GB,14,17,0,
Neo Forza FAYE 64 GB,DDR4-3600,2 x 32GB,10,18,0,
Neo Forza MARS 32 GB,DDR4-3200,2 x 16GB,10,16,1,
GeIL Polaris 32 GB,DDR5-5200,2 x 16GB,13,34,0,
TEAMGROUP T-Force Zeus 16 GB,DDR4-3200,1 x 16GB,10,16,0,
Mushkin Enhanced Redline Stiletto 64 GB,DDR4-3200,2 x 32GB,8,14,0,
GeIL ORION V 32 GB,DDR5-5600,2 x 16GB,13,38,0,
GeIL ORION V AMD 16 GB,DDR5-6000,1 x 16GB,10,32,0,
GeIL EVO V RGB 16 GB,DDR5-4800,1 x 16GB,16,40,0,
GeIL EVO V RGB 24 GB,DDR5-8000,1 x 24GB,10,40,0,
GOODRAM IRP-4000D4V64L18S/16GDC 16 GB,DDR4-4000,2 x 8GB,9,18,0,
GOODRAM IRP-4000D4V64L18S/8G 8 GB,DDR4-4000,1 x 8GB,9,18,0,
Lexar LD4AS008G-R2666U 8 GB,DDR4-2666,1 x 8GB,14,19,0,
Lexar LD4AS016G-R2666G 16 GB,DDR4-2666,1 x 16GB,14,19,0,
Lexar LD4AS016G-R3200CSST 16 GB,DDR4-3200,1 x 16GB,13,22,0,
Mushkin Essentials 64 GB,DDR4-3200,2 x 32GB,13,22,1,
GeIL EVO X II AMD 8 GB,DDR4-3000,1 x 8GB,10,16,0,
VisionTek 901349 8 GB,DDR4-3200,1 x 8GB,13,22,0,
OLOy Blade 64 GB,DDR4-3600,2 x 32GB,10,18,0,
OLOy MD4U1640180BJ0DA 32 GB,DDR4-4000,2 x 16GB,9,18,0,
G.Skill Performance 8 GB,DDR3-1600,4 x 2GB,11,9,0,
G.Skill Sniper 8 GB,DDR3-2133,1 x 8GB,9,10,0,
Silicon Power SP048GBSVU560P02 48 GB,DDR5-5600,1 x 48GB,16,46,0,
Silicon Power SP024GBLVU560P02 24 GB,DDR5-5600,1 x 24GB,16,46,0,
Silicon Power SP048GBLVU520P22 48 GB,DDR5-5200,2 x 24GB,16,42,0,
Silicon Power SP096GBLVU520P22 96 GB,DDR5-5200,2 x 48GB,16,42,0,
Mushkin Redline 96 GB,DDR5-4800,2 x 48GB,16,40,0,
Mushkin MES4S240HF8G 8 GB,DDR4-2400,1 x 8GB,14,17,0,
Crucial CT2K8G52C42S5 16 GB,DDR5-5200,2 x 8GB,16,42,0,
TEAMGROUP T-Force Vulcan Eco 32 GB,DDR5-6000,2 x 16GB,12,38,0,
V-Color TRA516G60S832Q 64 GB,DDR5-6000,4 x 16GB,10,32,0,2409.98
V-Color TRA516G64S832Q 64 GB,DDR5-6400,4 x 16GB,10,32,0,2569.99
V-Color TRA516G76S838Q 64 GB,DDR5-7600,4 x 16GB,10,38,0,
V-Color TRA532G62D832Q 128 GB,DDR5-6200,4 x 32GB,10,32,0,4809.99
V-Color TRA548G56D846Q 192 GB,DDR5-5600,4 x 48GB,16,46,0,
V-Color TRA548G68D834Q 192 GB,DDR5-6800,4 x 48GB,10,34,0,
V-Color TRA548G70D834Q 192 GB,DDR5-7000,4 x 48GB,9,34,0,
V-Color TRA516G56S836O 128 GB,DDR5-5600,8 x 16GB,12,36,0,4659.99
V-Color TRA516G64S832O 128 GB,DDR5-6400,8 x 16GB,10,32,0,5099.99
TEAMGROUP T-Force Vulcanα 64 GB,DDR5-5200,2 x 32GB,15,40,0,
GOODRAM IRDM RGB 64 GB,DDR5-6000,2 x 32GB,10,30,0,
Klevv BOLT V 48 GB,DDR5-6400,2 x 24GB,10,32,0,
V-Color TE516G64S832SKK 32 GB,DDR5-6400,2 x 16GB,10,32,0,
V-Color TE524G68S834SKK 48 GB,DDR5-6800,2 x 24GB,10,34,0,
V-Color TE524G76S836SKK 48 GB,DDR5-7600,2 x 24GB,9,36,0,
V-Color TE548G70D834SKK 96 GB,DDR5-7000,2 x 48GB,9,34,0,
V-Color TN48G32S822 8 GB,DDR4-3200,1 x 8GB,13,22,0,
Crucial CT32G52C42S5 32 GB,DDR5-5200,1 x 32GB,16,42,1,
Crucial CT2KIT102464BF186D 16 GB,DDR3-1866,2 x 8GB,13,13,0,62
Silicon Power SP008GLSTU160N02 8 GB,DDR3-1600,1 x 8GB,13,11,0,
Silicon Power SU064GBSVU480F22AB 64 GB,DDR5-4800,2 x 32GB,16,40,1,
Corsair CMSO8GX3M1A1333C9 8 GB,DDR3-1333,1 x 8GB,13,9,0,
Crucial CT2KIT51264BF1339 8 GB,DDR3-1333,2 x 4GB,13,9,0,39.59
Crucial CT2K4G3S1067M 8 GB,DDR3-1066,2 x 4GB,13,7,0,55
Kingston KVR16LR11D4/16 16 GB,DDR3-1600,1 x 16GB,13,11,0,67.87
Kingston KVR13LR9D4/16HA 16 GB,DDR3-1333,1 x 16GB,13,9,0,48.99
Kingston HX432S20IB/16 16 GB,DDR4-3200,1 x 16GB,12,20,0,
Kingston KSM48R40BS8KMM-16HMR 32 GB,DDR5-4800,1 x 32GB,16,40,0,
Crucial CT2KIT25664AC800 4 GB,DDR2-800,2 x 2GB,15,6,0,59.99
Kingston KVR667D2S5/1G 1 GB,DDR2-667,1 x 1GB,14,5,0,56.42
Samsung MV-2V1G4D/US 2 GB,DDR2-800,2 x 1GB,15,6,0,39.04
G.Skill F3-12800CL11D-8GBSQ 8 GB,DDR3-1600,2 x 4GB,13,11,1,32.71
Crucial CT51264BF1339 4 GB,DDR3-1333,1 x 4GB,13,9,0,19.93
Kingston KVR16S11K2/16 16 GB,DDR3-1600,2 x 8GB,13,11,0,89.97
Kingston KVR16LS11/4 4 GB,DDR3-1600,1 x 4GB,13,11,0,36.5
Kingston KVR13LS9S6/2 2 GB,DDR3-1333,1 x 2GB,13,9,0,
Crucial CT16G4VFD4213 16 GB,DDR4-2133,1 x 16GB,14,15,0,129.79
Kingston KTD-PE316LLQ/32G 32 GB,DDR3-1600,1 x 32GB,13,11,0,259.04
Crucial CT8G3ERSLS4160B 8 GB,DDR3-1600,1 x 8GB,13,11,0,24.99
Kingston KVR18R13D4/16 16 GB,DDR3-1866,1 x 16GB,13,13,0,91.93
Kingston KVR16R11D4/16HA 16 GB,DDR3-1600,1 x 16GB,13,11,0,79.5
Kingston KVR16R11S4/8 8 GB,DDR3-1600,1 x 8GB,13,11,0,46.87
Kingston KVR13LR9D4/16I 16 GB,DDR3-1333,1 x 16GB,13,9,0,48.99
Kingston KVR13R9S4/4I 4 GB,DDR3-1333,1 x 4GB,13,9,0,14.99
Corsair ValueSelect 8 GB,DDR4-2133,1 x 8GB,14,15,0,81.98
Crucial CT16G4WFD824A 16 GB,DDR4-2400,1 x 16GB,14,17,0,179.99
Kingston KCP426SS8/8 8 GB,DDR4-2666,1 x 8GB,12,17,0,63.28
Patriot Viper 4 Blackout 16 GB,DDR4-3600,2 x 8GB,9,17,6,
Mushkin Silverline 64 GB,DDR4-3200,2 x 32GB,13,22,0,
Silicon Power SP032GBLFU266X22 32 GB,DDR4-2666,2 x 16GB,14,19,0,
Silicon Power SP008GBSFU266X02 8 GB,DDR4-2666,1 x 8GB,14,19,0,
Silicon Power SP032GBSFU320X02 32 GB,DDR4-3200,1 x 32GB,13,22,0,
Crucial CT25664BC1067 2 GB,DDR3-1066,1 x 2GB,13,7,0,
Corsair Dominator 12 GB,DDR3-1600,6 x 2GB,10,8,1,
Corsair XMS3 DHX 4 GB,DDR3-1333,2 x 2GB,13,9,0,
Corsair Dominator GT 6 GB,DDR3-1600,3 x 2GB,8,7,0,
Corsair XMS3 3 GB,DDR3-1333,3 x 1GB,13,9,0,
Corsair Dominator GT 4 GB,DDR3-1600,2 x 2GB,8,7,1,
Corsair XMS3 2 GB,DDR3-1333,2 x 1GB,13,9,0,
Corsair VS2GBKIT533D2 2 GB,DDR2-533,2 x 1GB,15,4,0,
Corsair VS4GBKIT667D2 4 GB,DDR2-667,2 x 2GB,14,5,0,
Crucial CT12864AC800 1 GB,DDR2-800,1 x 1GB,15,6,0,
Crucial CT25664AA800 2 GB,DDR2-800,1 x 2GB,15,6,1,
Crucial CT25672AB667S 2 GB,DDR2-667,1 x 2GB,14,5,0,
Crucial CT2CP12872AA667 2 GB,DDR2-667,1 x 2GB,14,5,0,
Crucial CT2CP25672AA667 4 GB,DDR2-667,2 x 2GB,14,5,0,
Crucial CT2CP25672BA1067 4 GB,DDR3-1066,2 x 2GB,13,7,0,
Crucial CT2KIT12864BA1339 2 GB,DDR3-1333,2 x 1GB,13,9,0,
Crucial CT2KIT25664BA1339 4 GB,DDR3-1333,2 x 2GB,13,9,6,27.99
Crucial CT2KIT25664BC1067 4 GB,DDR3-1066,2 x 2GB,13,7,0,
Crucial CT2KiT51272AB667 8 GB,DDR2-667,2 x 4GB,14,5,0,
Crucial CT3KIT12864BA1339 3 GB,DDR3-1333,3 x 1GB,13,9,0,
Crucial CT3KIT25664BA1067 6 GB,DDR3-1066,3 x 2GB,13,7,1,
Crucial CT3KIT25664BA1339 6 GB,DDR3-1333,3 x 2GB,13,9,0,
Corsair Dominator GT 6 GB,DDR3-1866,3 x 2GB,9,9,1,
Kingston ValueRAM 6 GB,DDR3-1333,3 x 2GB,13,9,0,
Crucial CT25672AA667 2 GB,DDR2-667,1 x 2GB,14,5,0,
Crucial CT2KIT12872AF66 2 GB,DDR2-667,2 x 1GB,14,5,0,
Patriot Extreme Performance 2 GB,DDR2-800,2 x 1GB,10,4,0,
Patriot Viper 6 GB,DDR3-1333,3 x 2GB,10,7,0,
OCZ Gold 2 GB,DDR2-800,2 x 1GB,12,5,0,
OCZ Platinum Revision 2 2 GB,DDR2-800,2 x 1GB,10,4,0,
OCZ Titanium XTC 4 GB,DDR2-800,2 x 2GB,10,4,0,
OCZ Blade 6 GB,DDR3-2000,3 x 2GB,9,9,0,
OCZ Gold Edition 4 GB,DDR3-1066,2 x 2GB,13,7,0,
OCZ Platinum 2 GB,DDR3-1600,2 x 1GB,8,7,0,
ADATA Gaming 1 GB,DDR3-1600,1 x 1GB,11,9,0,
ADATA Gaming 6 GB,DDR3-1600,3 x 2GB,11,9,0,
G.Skill Ripjaws 4 GB,DDR3-1600,2 x 2GB,10,8,1,
Kingston HyperX 4 GB,DDR3-1600,2 x 2GB,10,8,0,
Corsair XMS3 4 GB,DDR3-1600,2 x 2GB,11,9,6,
Corsair XMS 6 GB,DDR3-1333,3 x 2GB,12,8,0,
Corsair Dominator GT 16 GB,DDR3-1333,4 x 4GB,13,9,0,
Corsair Dominator GT 12 GB,DDR3-1866,6 x 2GB,9,9,0,
Corsair Dominator GT 8 GB,DDR3-2000,2 x 4GB,9,9,0,
Corsair CMV4GX3M1A1333C9 4 GB,DDR3-1333,1 x 4GB,13,9,0,
Corsair Dominator 3 GB,DDR3-1600,3 x 1GB,10,8,1,
ADATA Gaming 2 GB,DDR3-1600,1 x 2GB,11,9,0,
ADATA XPG Gaming Series v2.0 4 GB,DDR3-1600,2 x 2GB,11,9,1,
ADATA XPG Gaming Series v2.0 6 GB,DDR3-1600,3 x 2GB,11,9,0,
ADATA Plus 4 GB,DDR3-1600,2 x 2GB,10,8,0,
ADATA Plus 6 GB,DDR3-1600,3 x 2GB,10,8,0,
Crucial Ballistix Tracer 2 GB,DDR3-1600,1 x 2GB,10,8,0,
Crucial Ballistix Tracer 3 GB,DDR3-1600,3 x 1GB,10,8,0,
Crucial Ballistix 6 GB,DDR3-1600,3 x 2GB,10,8,0,
Crucial Ballistix Tracer 6 GB,DDR3-1600,3 x 2GB,10,8,0,
G.Skill PI 4 GB,DDR3-1600,2 x 2GB,7,6,0,
G.Skill PI 8 GB,DDR3-1600,4 x 2GB,7,6,0,
G.Skill PI 6 GB,DDR3-1600,3 x 2GB,7,6,1,
G.Skill PI + Turbulence 12 GB,DDR3-1600,6 x 2GB,7,6,0,
G.Skill Trident+ Turbulence II 8 GB,DDR3-1600,2 x 4GB,8,7,0,
G.Skill Trident+ Turbulence II 16 GB,DDR3-1600,4 x 4GB,8,7,0,
G.Skill Trident+ Turbulence II 12 GB,DDR3-1600,3 x 4GB,8,7,0,
G.Skill PI 6 GB,DDR3-1600,3 x 2GB,8,7,0,
G.Skill Trident+ Turbulence II 24 GB,DDR3-1600,6 x 4GB,8,7,0,
G.Skill Trident 2 GB,DDR3-1600,2 x 1GB,10,8,0,
G.Skill Trident 4 GB,DDR3-1600,2 x 2GB,10,8,1,
G.Skill Ripjaws 6 GB,DDR3-1600,3 x 2GB,10,8,1,
G.Skill F3-12800CL8TU-6GBPI 6 GB,DDR3-1600,3 x 2GB,10,8,1,
G.Skill F3-12800CL9T-3GBNQ 3 GB,DDR3-1600,3 x 1GB,11,9,0,
G.Skill F3-12800CL9T-6GBNQ 6 GB,DDR3-1600,3 x 2GB,11,9,0,
G.Skill F3-12800CL9T2-12GBNQ 12 GB,DDR3-1600,6 x 2GB,11,9,0,
GeIL Black Dragon 4 GB,DDR3-1600,2 x 2GB,10,8,0,
GeIL Black Dragon 8 GB,DDR3-1600,4 x 2GB,11,9,0,
GeIL Value PLUS 6 GB,DDR3-1600,3 x 2GB,10,8,0,
Kingston HyperX Blu 2 GB,DDR3-1600,1 x 2GB,11,9,1,
Kingston HyperX Blu 2 GB,DDR3-1600,2 x 1GB,11,9,0,
Kingston HyperX Blu 4 GB,DDR3-1600,2 x 2GB,11,9,1,
Kingston HyperX T1 6 GB,DDR3-1600,3 x 2GB,11,9,0,
PNY XLR8 4 GB,DDR3-1600,2 x 2GB,10,8,1,
PNY XLR8 6 GB,DDR3-1600,3 x 2GB,10,8,0,
Patriot Gamer 12 GB,DDR3-1600,3 x 4GB,11,9,0,
Patriot Gamer 6 GB,DDR3-1600,3 x 2GB,11,9,0,102.94
Patriot G Series Sector 5 8 GB,DDR3-1600,2 x 4GB,11,9,0,
Patriot Viper II Sector 7 Edition 24 GB,DDR3-1600,6 x 4GB,11,9,0,
OCZ AMD Black Edition 4 GB,DDR3-1600,2 x 2GB,10,8,0,
OCZ Blade SuperTuned 4 GB,DDR3-1600,2 x 2GB,8,7,0,
OCZ Fatal1ty 4 GB,DDR3-1600,2 x 2GB,8,7,0,
OCZ Fatal1ty 6 GB,DDR3-1600,3 x 2GB,8,7,0,
GeIL Value PLUS 8 GB,DDR3-1600,2 x 4GB,11,9,0,
OCZ Flex II 4 GB,DDR3-1600,2 x 2GB,10,8,0,
OCZ Gold 6 GB,DDR3-1600,3 x 2GB,10,8,1,
OCZ Obsidian 6 GB,DDR3-1600,3 x 2GB,11,9,0,
OCZ Obsidian 4 GB,DDR3-1600,2 x 2GB,11,9,1,
OCZ Reaper 6 GB,DDR3-1600,3 x 2GB,7,6,0,
OCZ Reaper X 4 GB,DDR3-1600,2 x 2GB,10,8,0,
OCZ Reaper HPC R2 6 GB,DDR3-1600,3 x 2GB,8,7,0,
OCZ Reaper HPC R2 12 GB,DDR3-1600,6 x 2GB,8,7,0,
OCZ Signature 4 GB,DDR3-1600,2 x 2GB,11,9,0,
OCZ Special Ops Edition 4 GB,DDR3-1600,2 x 2GB,10,8,0,
OCZ OCZ3X1600R2LV6GK 6 GB,DDR3-1600,3 x 2GB,10,8,1,
OCZ Platinum XTE 4 GB,DDR3-1600,2 x 2GB,8,7,0,
OCZ Platinum XTE 6 GB,DDR3-1600,3 x 2GB,8,7,0,
Patriot PSD34G16002H 4 GB,DDR3-1600,1 x 4GB,11,9,0,
Wintec AMPX 4 GB,DDR3-1600,2 x 2GB,10,8,0,
Mushkin Blackline 8 GB,DDR3-1600,2 x 4GB,11,9,1,
Mushkin Ridgeback 4 GB,DDR3-1600,2 x 2GB,7,6,0,
Mushkin Radioactive 4 GB,DDR3-1600,2 x 2GB,7,6,0,
Mushkin Redline 4 GB,DDR3-1600,2 x 2GB,7,6,0,
Mushkin Blackline 6 GB,DDR3-1600,3 x 2GB,11,9,0,
Mushkin Ridgeback 6 GB,DDR3-1600,3 x 2GB,10,8,0,
Mushkin Silverline 6 GB,DDR3-1600,3 x 2GB,8,7,0,
ADATA Gaming 4 GB,DDR3-1333,2 x 2GB,12,8,0,
Crucial CT2KIT51264BA1339 8 GB,DDR3-1333,2 x 4GB,13,9,5,
Kingston Blu 2 GB,DDR3-1333,2 x 1GB,13,9,0,
Kingston Blu 4 GB,DDR3-1333,2 x 2GB,13,9,0,
Kingston HyperX T1 3 GB,DDR3-2000,3 x 1GB,9,9,0,
Kingston HyperX T1 8 GB,DDR3-2133,4 x 2GB,8,9,0,
G.Skill F3-10600CL9D-2GBNQ 2 GB,DDR3-1333,2 x 1GB,13,9,0,
G.Skill F3-10600CL9D-2GBPK 2 GB,DDR3-1333,2 x 1GB,13,9,0,
G.Skill F3-10600CL8D-4GBHK 4 GB,DDR3-1333,2 x 2GB,12,8,0,
G.Skill F3-10600CL9D-4GBPK 4 GB,DDR3-1333,2 x 2GB,13,9,0,
G.Skill F3-10600CL8D-2GBHK 2 GB,DDR3-1333,2 x 1GB,12,8,0,
G.Skill F3-10666CL8D-2GBHK 2 GB,DDR3-1333,2 x 1GB,12,8,0,
G.Skill F3-10600CL9S-2GBNT 2 GB,DDR3-1333,1 x 2GB,13,9,0,
G.Skill F3-10666CL9D-2GBNQ 2 GB,DDR3-1333,2 x 1GB,13,9,0,
G.Skill F3-10666CL7T-3GBPK 3 GB,DDR3-1333,3 x 1GB,10,7,0,
G.Skill F3-10666CL7T-6GBPK 6 GB,DDR3-1333,3 x 2GB,10,7,1,
G.Skill Ripjaws X 4 GB,DDR3-1333,2 x 2GB,12,8,2,
G.Skill Ripjaws X 8 GB,DDR3-1333,2 x 4GB,10,7,2,
G.Skill Ripjaws X 16 GB,DDR3-1333,4 x 4GB,10,7,1,
G.Skill F3-8500CL7D-2GBNQ 2 GB,DDR3-1066,2 x 1GB,13,7,0,
G.Skill Flare 4 GB,DDR3-2000,2 x 2GB,9,9,0,
G.Skill F3-10666CL9T-6GBNQ 6 GB,DDR3-1333,3 x 2GB,13,9,0,
G.Skill NS 4 GB,DDR3-1333,2 x 2GB,13,9,2,
G.Skill F3-10666CL9T2-12GBNQ 12 GB,DDR3-1333,6 x 2GB,13,9,0,
G.Skill Ripjaws 4 GB,DDR3-1333,1 x 4GB,13,9,4,
G.Skill Ripjaws+ Turbulence II 4 GB,DDR3-2000,2 x 2GB,9,9,0,
G.Skill NS 2 GB,DDR3-1333,1 x 2GB,13,9,0,
G.Skill F3-10666CL9T-3GBNQ 3 GB,DDR3-1333,3 x 1GB,13,9,0,
G.Skill Ripjaws + Turbulence II 6 GB,DDR3-2000,3 x 2GB,9,9,0,
G.Skill Trident+ Turbulence II 6 GB,DDR3-2000,3 x 2GB,9,9,0,
G.Skill Trident+ Turbulence II 4 GB,DDR3-2000,2 x 2GB,9,9,0,
G.Skill Value 4 GB,DDR3-1333,1 x 4GB,13,9,2,
G.Skill Trident + Turbulence II 8 GB,DDR3-2000,2 x 4GB,9,9,0,
G.Skill PI + Turbulence 4 GB,DDR3-2133,2 x 2GB,6,7,0,
G.Skill Flare 8 GB,DDR3-2000,2 x 4GB,9,9,0,
G.Skill Ripjaws X + Turbulence II 8 GB,DDR3-2133,2 x 4GB,8,9,0,
G.Skill Ripjaws X + Turbulence II 4 GB,DDR3-2200,2 x 2GB,8,9,0,
ADATA XPG Gaming 6 GB,DDR3-2000,3 x 2GB,9,9,0,
Corsair Vengeance 6 GB,DDR3-1600,3 x 2GB,10,8,0,
Crucial Ballistix Smart Tracer 6 GB,DDR3-1600,3 x 2GB,10,8,0,
Crucial Ballistix Smart Tracer 2 GB,DDR3-1600,1 x 2GB,10,8,0,
Crucial Ballistix Smart Tracer 4 GB,DDR3-1600,2 x 2GB,10,8,0,
G.Skill PI + Turbulence II 4 GB,DDR3-2400,2 x 2GB,6,8,0,
GeIL Black Dragon 12 GB,DDR3-1333,6 x 2GB,13,9,0,
GeIL Value PLUS 12 GB,DDR3-1333,6 x 2GB,13,9,0,
OCZ Reaper 4 GB,DDR3-2000,2 x 2GB,9,9,0,
OCZ Reaper Edition 12 GB,DDR3-1333,3 x 4GB,13,9,0,
OCZ Reaper X 8 GB,DDR3-1333,2 x 4GB,13,9,0,
OCZ Reaper Edition 8 GB,DDR3-1333,2 x 4GB,13,9,0,
OCZ Reaper HPC 24 GB,DDR3-1333,6 x 4GB,13,9,0,
GeIL Evo Two 4 GB,DDR3-1333,2 x 2GB,9,6,0,
Patriot Viper II 'Sector 5' Edition 4 GB,DDR3-2400,2 x 2GB,7,9,0,
Patriot Viper II ‘Sector 5’ Edition 8 GB,DDR3-2000,2 x 4GB,9,9,1,
"Patriot Viper Xtreme Series, Division 2  4 GB",DDR3-1866,2 x 2GB,9,9,0,74.83
Patriot Gamer 2 8 GB,DDR3-1333,2 x 4GB,13,9,4,
Patriot Gamer 2 8 GB,DDR3-1600,2 x 4GB,11,9,2,
"Patriot Viper Xtreme Series, Division 2  8 GB",DDR3-1600,2 x 4GB,10,8,3,
OCZ Gold 8 GB,DDR3-1333,2 x 4GB,13,9,0,
OCZ Platinum 24 GB,DDR3-1333,6 x 4GB,13,9,0,
OCZ Gold 24 GB,DDR3-1333,6 x 4GB,13,9,0,
Kingston ValueRAM 3 GB,DDR3-1333,3 x 1GB,13,9,0,
Mushkin Silverline 4 GB,DDR3-1333,1 x 4GB,13,9,1,
Mushkin Silverline 12 GB,DDR3-1333,3 x 4GB,13,9,1,
Mushkin Silverline 4 GB,DDR3-1333,2 x 2GB,13,9,2,
Mushkin Blackline 6 GB,DDR3-1333,3 x 2GB,10,7,1,
Patriot G Series Sector 5 Edition 8 GB,DDR3-1333,2 x 4GB,13,9,0,
Patriot G Series Sector 5 Edition 4 GB,DDR3-2000,2 x 2GB,9,9,0,
GeIL Ultra PLUS 4 GB,DDR3-2000,2 x 2GB,9,9,0,
GeIL Value 2 GB,DDR3-1066,1 x 2GB,13,7,0,
GeIL GV34GB1066C7DC 4 GB,DDR3-1066,2 x 2GB,13,7,0,
OCZ Flex EX 12 GB,DDR3-2133,3 x 4GB,9,10,0,
OCZ Gold XTE 4 GB,DDR3-2000,2 x 2GB,10,10,0,
Kingston KVR1066D3N7K2/8G 8 GB,DDR3-1066,2 x 4GB,13,7,1,
Kingston KVR1333D3K3/6GR 6 GB,DDR3-1333,3 x 2GB,13,9,1,
Kingston KVR1066D3/1GR 1 GB,DDR3-1066,1 x 1GB,13,7,0,
Kingston KVR1066D3N7K3/6G 6 GB,DDR3-1066,3 x 2GB,13,7,0,
Kingston KVR1066D3N7K3/3G 3 GB,DDR3-1066,3 x 1GB,13,7,0,
Kingston KVR1066D3/2GR 2 GB,DDR3-1066,1 x 2GB,13,7,0,
Kingston KVR1066D3K2/4GR 4 GB,DDR3-1066,2 x 2GB,13,7,0,
Kingston KVR1066D3N7K3/12G 12 GB,DDR3-1066,3 x 4GB,13,7,0,
Patriot PSD34G1333K 4 GB,DDR3-1333,2 x 2GB,13,9,1,
OCZ Flex II 8 GB,DDR3-1333,2 x 4GB,13,9,0,
Mushkin 991586 2 GB,DDR3-1333,1 x 2GB,13,9,0,
Mushkin SP 6 GB,DDR3-1333,3 x 2GB,13,9,0,
PNY Optima 4 GB,DDR3-1333,1 x 4GB,13,9,4,
PNY Optima 8 GB,DDR3-1333,2 x 4GB,13,9,11,
Kingston HyperX Grey 4 GB,DDR3-2133,2 x 2GB,8,9,0,
OCZ Gold XTE 6 GB,DDR3-2000,3 x 2GB,10,10,0,
Patriot Signature 8 GB,DDR3-1600,2 x 4GB,13,11,5,
Kingston HyperX 12 GB,DDR3-1600,3 x 4GB,11,9,2,
G.Skill Ripjaws X + Turbulence II 16 GB,DDR3-2133,4 x 4GB,8,9,0,
Kingston KHX1600C9D3K2/8G 8 GB,DDR3-1600,2 x 4GB,11,9,2,
Kingston KHX1333C7AD3/4G 4 GB,DDR3-1333,1 x 4GB,10,7,0,
Crucial Ballistix 3 GB,DDR3-1600,3 x 1GB,10,8,0,
Mushkin Radioactive 6 GB,DDR3-1600,3 x 2GB,7,6,0,
Corsair XMS 8 GB,DDR3-1600,2 x 4GB,10,8,2,
ADATA XPG Gaming 12 GB,DDR3-1600,3 x 4GB,11,9,0,
Corsair XMS 8 GB,DDR3-1333,2 x 4GB,13,9,1,
Mushkin Blackline 8 GB,DDR3-1600,2 x 4GB,11,9,2,
Kingston HyperX T1 8 GB,DDR3-1600,2 x 4GB,11,9,3,
Kingston HyperX T1 Black 6 GB,DDR3-1600,3 x 2GB,11,9,0,
Mushkin Redline 12 GB,DDR3-1600,3 x 4GB,8,7,0,
Kingston HyperX T1 Black 12 GB,DDR3-1600,3 x 4GB,11,9,0,
Crucial Ballistix Sport 6 GB,DDR3-1333,3 x 2GB,13,9,0,
Corsair Vengeance 4 GB,DDR3-2000,2 x 2GB,9,9,1,
Corsair Vengeance 12 GB,DDR3-2000,3 x 4GB,9,9,1,
Corsair Vengeance 4 GB,DDR3-1600,2 x 2GB,11,9,2,
Crucial Ballistix Sport 4 GB,DDR3-1600,1 x 4GB,12,10,1,
Crucial Ballistix Sport 3 GB,DDR3-1333,3 x 1GB,13,9,0,
Mushkin Ridgeback 8 GB,DDR3-1600,2 x 4GB,10,8,0,
Mushkin Ridgeback 12 GB,DDR3-1600,3 x 4GB,10,8,0,
Crucial Ballistix Sport 8 GB,DDR3-1600,2 x 4GB,12,10,3,
Crucial Ballistix Sport 12 GB,DDR3-1333,3 x 4GB,13,9,0,
Kingston KHX1600C9D3P1K2/4G 4 GB,DDR3-1600,2 x 2GB,11,9,1,
Crucial CT3KIT51264BA1339 12 GB,DDR3-1333,3 x 4GB,13,9,0,
Wintec One 4 GB,DDR3-1600,2 x 2GB,11,9,0,
Wintec One 6 GB,DDR3-1600,3 x 2GB,11,9,0,
ADATA Supreme 8 GB,DDR3-1333,2 x 4GB,13,9,0,
ADATA Supreme 4 GB,DDR3-1333,1 x 4GB,13,9,0,
ADATA AD2S800B2G5-R 2 GB,DDR2-800,1 x 2GB,12,5,0,
ADATA AD3S1066B2G7-R 2 GB,DDR3-1066,1 x 2GB,13,7,0,
ADATA AD3S1333B2G9-R 2 GB,DDR3-1333,1 x 2GB,13,9,0,46.79
Corsair CMSO4GX3M1A1333C9 4 GB,DDR3-1333,1 x 4GB,13,9,0,
Corsair VS4GSDSKIT667D2 4 GB,DDR2-667,2 x 2GB,14,5,0,
Corsair CMSO2GX3M1A1333C9 2 GB,DDR3-1333,1 x 2GB,13,9,0,
Corsair VS2GSDS667D2 2 GB,DDR2-667,1 x 2GB,14,5,0,
Corsair CMSO4GX3M2A1333C9 4 GB,DDR3-1333,2 x 2GB,13,9,0,
Corsair CMSO8GX3M2A1333C9 8 GB,DDR3-1333,2 x 4GB,13,9,0,
Crucial CT2KIT12864AC800 2 GB,DDR2-800,2 x 1GB,15,6,0,
Crucial CT2KIT12864AC667 2 GB,DDR2-667,2 x 1GB,14,5,0,
Crucial CT25664BC1339 2 GB,DDR3-1333,1 x 2GB,13,9,0,
Crucial CT51264BC1339 4 GB,DDR3-1333,1 x 4GB,13,9,0,
Crucial CT2KIT51264AC800 8 GB,DDR2-800,2 x 4GB,15,6,0,
Crucial CT2KIT51264BC1067 8 GB,DDR3-1066,2 x 4GB,13,7,0,
Crucial CT12864AC53E 1 GB,DDR2-533,1 x 1GB,15,4,0,
Crucial CT2KIT25664BC1339 4 GB,DDR3-1333,2 x 2GB,13,9,0,
Crucial CT2KIT6464AC667 1 GB,DDR2-667,2 x 512MB,14,5,0,
Crucial CT2KIT12864AC53E 2 GB,DDR2-533,2 x 1GB,15,4,0,
Crucial CT25664AC53E 2 GB,DDR2-533,1 x 2GB,15,4,0,
Crucial CT12864AC667 1 GB,DDR2-667,1 x 1GB,14,5,0,
Crucial CT51264BC1067 4 GB,DDR3-1066,1 x 4GB,13,7,0,39.88
Crucial CT25664AC800 2 GB,DDR2-800,1 x 2GB,15,6,0,35.5
Crucial CT2KIT51264BC1339 8 GB,DDR3-1333,2 x 4GB,13,9,0,
G.Skill F2-6400CL5S-2GBSK 2 GB,DDR2-800,1 x 2GB,12,5,0,
G.Skill F2-6400CL6S-4GBSQ 4 GB,DDR2-800,1 x 4GB,15,6,0,
G.Skill F3-8500CL7D-8GBSQ 8 GB,DDR3-1066,2 x 4GB,13,7,0,
G.Skill F3-10666CL9D-8GBSQ 8 GB,DDR3-1333,2 x 4GB,13,9,0,47.6
G.Skill F3-10600CL9D-8GBSQ 8 GB,DDR3-1333,2 x 4GB,13,9,0,99
G.Skill F2-6400CL6D-8GBSQ 8 GB,DDR2-800,2 x 4GB,15,6,0,
G.Skill F2-5300CL5S-2GBSK 2 GB,DDR2-667,1 x 2GB,14,5,0,
G.Skill F2-4200PHU1-1GBSA 1 GB,DDR2-533,1 x 1GB,15,4,0,
G.Skill F2-5300CL5S-2GBSQ 2 GB,DDR2-667,1 x 2GB,14,5,0,
G.Skill F2-5300CL4S-2GBSQ 2 GB,DDR2-667,1 x 2GB,11,4,0,
G.Skill F2-5300CL4D-4GBSQ 4 GB,DDR2-667,2 x 2GB,11,4,0,
G.Skill F2-4200CL4S-2GBSK 2 GB,DDR2-533,1 x 2GB,15,4,0,
G.Skill F2-4200CL4S-2GBSQ 2 GB,DDR2-533,1 x 2GB,15,4,0,
G.Skill F3-8500CL7D-4GBSQ 4 GB,DDR3-1066,2 x 2GB,13,7,0,
G.Skill F2-5300PHU2-2GBSA 2 GB,DDR2-667,2 x 1GB,14,5,0,
G.Skill F2-4200PHU2-2GBSA 2 GB,DDR2-533,2 x 1GB,15,4,0,
G.Skill F2-6400CL5D-2GBSA 2 GB,DDR2-800,2 x 1GB,12,5,0,
G.Skill F2-5300CL5S-4GBSQ 4 GB,DDR2-667,1 x 4GB,14,5,0,
G.Skill F2-6400CL5S-1GBSA 1 GB,DDR2-800,1 x 1GB,12,5,0,
G.Skill F2-5300CL5D-4GBSA 4 GB,DDR2-667,2 x 2GB,14,5,0,
G.Skill F2-5300CL4S-1GBSA 1 GB,DDR2-667,1 x 1GB,11,4,0,
G.Skill F2-5300PHU1-1GBSA 1 GB,DDR2-667,1 x 1GB,14,5,0,
G.Skill F3-10666CL9S-4GBSQ 4 GB,DDR3-1333,1 x 4GB,13,9,0,21.7
G.Skill F3-10600CL9S-2GBSQ 2 GB,DDR3-1333,1 x 2GB,13,9,0,
G.Skill F2-6400CL5D-4GBSQ 4 GB,DDR2-800,2 x 2GB,12,5,0,
G.Skill F2-6400CL5S-2GBSQ 2 GB,DDR2-800,1 x 2GB,12,5,0,
G.Skill F3-10666CL9S-2GBSQ 2 GB,DDR3-1333,1 x 2GB,13,9,0,
G.Skill F3-10666CL9D-4GBSQ 4 GB,DDR3-1333,2 x 2GB,13,9,0,
G.Skill F2-5300CL4D-2GBSA 2 GB,DDR2-667,2 x 1GB,11,4,0,
G.Skill F3-10600CL9S-4GBSQ 4 GB,DDR3-1333,1 x 4GB,13,9,0,
G.Skill F3-10600CL9D-4GBSQ 4 GB,DDR3-1333,2 x 2GB,13,9,0,
G.Skill F2-5300CL5D-8GBSQ 8 GB,DDR2-667,2 x 4GB,14,5,0,
GeIL GX2S5300-2GB 2 GB,DDR2-667,1 x 2GB,14,5,0,
GeIL GX2S6400-2GB 2 GB,DDR2-800,1 x 2GB,12,5,0,
Kingston KHX1600C9S3K2/4GX 4 GB,DDR3-1600,2 x 2GB,11,9,0,
Kingston KVR533D2S4K2/2G 2 GB,DDR2-533,2 x 1GB,15,4,0,
Kingston KVR1333D3S9/4G 4 GB,DDR3-1333,1 x 4GB,13,9,0,43.49
Kingston KHX4200S2LL/2G 2 GB,DDR2-533,1 x 2GB,11,3,0,
Kingston KVR667D2SO/2GR 2 GB,DDR2-667,1 x 2GB,14,5,0,35
Kingston KVR800D2SO/2GR 2 GB,DDR2-800,1 x 2GB,15,6,0,
Kingston KVR800D2S5/2G 2 GB,DDR2-800,1 x 2GB,12,5,0,
Kingston KVR1066D3S7/4G 4 GB,DDR3-1066,1 x 4GB,13,7,0,
Kingston KVR1066D3S7/1G 1 GB,DDR3-1066,1 x 1GB,13,7,0,
Kingston KHX1600C9S3K2/8GX 8 GB,DDR3-1600,2 x 4GB,11,9,0,
Kingston KHX1600C9S3P1K2/4G 4 GB,DDR3-1600,2 x 2GB,11,9,0,
Kingston KHX1600C9S3P1K2/8G 8 GB,DDR3-1600,2 x 4GB,11,9,0,
Kingston KHX1866C11S3P1K2/4G 4 GB,DDR3-1866,2 x 2GB,11,11,0,
Kingston KHX1866C11S3P1K2/8G 8 GB,DDR3-1866,2 x 4GB,11,11,0,
Kingston KVR1333D3SOK2/8GR 8 GB,DDR3-1333,2 x 4GB,13,9,0,
Kingston KVR800D2SO/1GR 1 GB,DDR2-800,1 x 1GB,12,5,0,
Kingston KVR667D2S5/2G 2 GB,DDR2-667,1 x 2GB,14,5,0,39.42
Kingston KVR800D2S6K2/2G 2 GB,DDR2-800,2 x 1GB,15,6,0,
Kingston KHX6400S2ULK2/4G 4 GB,DDR2-800,2 x 2GB,10,4,0,
Kingston KVR667D2SO/1GR 1 GB,DDR2-667,1 x 1GB,14,5,0,
Kingston KVR800D2S5/1G 1 GB,DDR2-800,1 x 1GB,12,5,0,
Kingston KVR800D2S6K2/4G 4 GB,DDR2-800,2 x 2GB,15,6,0,64.99
Kingston KHX6400S2LLK2/4G 4 GB,DDR2-800,2 x 2GB,12,5,0,
Kingston KHX1333C7S3K2/4G 4 GB,DDR3-1333,2 x 2GB,10,7,0,
Kingston KVR1333D3SO/2GR 2 GB,DDR3-1333,1 x 2GB,13,9,1,
Kingston KVR533D2K2SO/2GR 2 GB,DDR2-533,2 x 1GB,15,4,0,
Kingston KVR800D2S5K2/4G 4 GB,DDR2-800,2 x 2GB,12,5,0,
Kingston KVR533D2S4/2G 2 GB,DDR2-533,1 x 2GB,15,4,0,
Kingston KVR800D2S6/1G 1 GB,DDR2-800,1 x 1GB,15,6,0,
Kingston KHX5300S2LLK2/4G 4 GB,DDR2-667,2 x 2GB,11,4,0,44.04
Kingston KVR533D2SO/1GR 1 GB,DDR2-533,1 x 1GB,15,4,0,
Patriot PSD34G1066SK 4 GB,DDR3-1066,2 x 2GB,13,7,0,49.49
Mushkin 991395 1 GB,DDR2-533,1 x 1GB,15,4,0,
Samsung MV-3T4G4/US 4 GB,DDR3-1333,1 x 4GB,13,9,0,
Mushkin Essentials 2 GB,DDR2-800,1 x 2GB,12,5,0,
Samsung MV-2S2G4/US 2 GB,DDR2-800,1 x 2GB,15,6,0,
Mushkin Essentials 1 GB,DDR2-667,1 x 1GB,14,5,0,
PNY Optima 8 GB,DDR3-1066,2 x 4GB,13,7,0,
Wintec AMPO 1 GB,DDR2-667,1 x 1GB,14,5,0,
PNY Optima 4 GB,DDR3-1066,1 x 4GB,13,7,0,
Wintec 3AMD31333N-8G2K-R 8 GB,DDR3-1333,2 x 4GB,13,9,0,
Mushkin 991643 2 GB,DDR3-1066,1 x 2GB,13,7,0,21.59
Patriot PSD22G8002S 2 GB,DDR2-800,1 x 2GB,15,6,0,
Patriot PSD24G667SK 4 GB,DDR2-667,2 x 2GB,14,5,0,
Transcend JM1333KSN-4G 4 GB,DDR3-1333,1 x 4GB,13,9,0,
Kingston KVR1333D3SOK2/4GR 4 GB,DDR3-1333,2 x 2GB,13,9,0,
Wintec One 12 GB,DDR3-1600,3 x 4GB,11,9,1,
G.Skill F2-5300CL5D-4GBSK 4 GB,DDR2-667,2 x 2GB,14,5,0,
Crucial CT2KIT51264AC667 8 GB,DDR2-667,2 x 4GB,14,5,0,
Kingston HyperX 4 GB,DDR3-1866,2 x 2GB,9,9,2,
Wintec AMPX 6 GB,DDR3-1600,3 x 2GB,10,8,0,
G.Skill F2-6400CL5S-1GBSK 1 GB,DDR2-800,1 x 1GB,12,5,0,
Wintec AMPO 2 GB,DDR2-800,1 x 2GB,15,6,0,
Wintec AMPO 4 GB,DDR3-1333,2 x 2GB,13,9,0,
Transcend aXeRAM 8 GB,DDR3-2000,2 x 4GB,9,9,0,
Corsair Vengeance 8 GB,DDR3-1866,2 x 4GB,9,9,11,
Mushkin Radioactive 8 GB,DDR3-1600,2 x 4GB,11,9,1,
Mushkin Radioactive 12 GB,DDR3-1600,3 x 4GB,11,9,0,
Mushkin Radioactive 8 GB,DDR3-1600,2 x 4GB,8,7,0,
Mushkin Silverline 12 GB,DDR3-1600,3 x 4GB,11,9,0,
Corsair Vengeance 4 GB,DDR3-1600,2 x 2GB,11,9,6,
Corsair Vengeance 16 GB,DDR3-1600,4 x 4GB,11,9,14,
Mushkin Redline 8 GB,DDR3-1866,2 x 4GB,9,9,2,
Corsair Dominator GT 8 GB,DDR3-1866,2 x 4GB,9,9,1,
Samsung MV-3T2G4D/US 4 GB,DDR3-1333,2 x 2GB,13,9,0,
G.Skill F3-12800CL9S-4GBSQ 4 GB,DDR3-1600,1 x 4GB,11,9,0,33.33
PNY MN4096SD3-1333 4 GB,DDR3-1333,1 x 4GB,13,9,0,
PNY MN8192KD3-1333 8 GB,DDR3-1333,2 x 4GB,13,9,0,
Wintec One 8 GB,DDR3-1600,2 x 4GB,11,9,3,
G.Skill F3-12800CL9S-2GBSQ 2 GB,DDR3-1600,1 x 2GB,11,9,0,22.95
Mushkin 991647 4 GB,DDR3-1333,1 x 4GB,13,9,0,25.57
Patriot PSD38G1333SK 8 GB,DDR3-1333,2 x 4GB,13,9,0,
G.Skill Ripjaws X 16 GB,DDR3-2133,4 x 4GB,10,11,3,
Mushkin 991741 4 GB,DDR2-800,1 x 4GB,15,6,0,
Samsung MV-3T2G4/US 2 GB,DDR3-1333,1 x 2GB,13,9,1,
Samsung MV-3T4G4D/US 8 GB,DDR3-1333,2 x 4GB,13,9,0,
Kingston KHX1866C11D3P1K2/4G 4 GB,DDR3-1866,2 x 2GB,11,11,0,
Kingston KHX1866C9D3K3/12GX 12 GB,DDR3-1866,3 x 4GB,9,9,0,
Kingston Blu 8 GB,DDR3-1600,2 x 4GB,11,9,25,
Transcend JetRam 2 GB,DDR3-1600,1 x 2GB,13,11,0,
Transcend JetRam 4 GB,DDR3-1600,1 x 4GB,13,11,0,
Mushkin Redline 6 GB,DDR3-1600,3 x 2GB,8,7,0,
Corsair XMS3 8 GB,DDR3-1600,2 x 4GB,11,9,6,
Wintec One 8 GB,DDR3-1333,2 x 4GB,13,9,0,74.98
Patriot Extreme Performance 16 GB,DDR3-1600,4 x 4GB,11,9,1,
Corsair XMS3 16 GB,DDR3-1600,4 x 4GB,11,9,3,
ADATA XPG Gaming 8 GB,DDR3-1600,2 x 4GB,11,9,0,
Kingston Value 6 GB,DDR3-1333,3 x 2GB,13,9,1,
Samsung MV-3T2G3D/US 4 GB,DDR3-1600,2 x 2GB,13,11,0,
Samsung MV-3T4G3D/US 8 GB,DDR3-1600,2 x 4GB,13,11,0,
Samsung MV-3T4G3/US 4 GB,DDR3-1600,1 x 4GB,13,11,0,
Crucial Ballistix Elite 6 GB,DDR3-1600,3 x 2GB,10,8,0,
Crucial CT51264BD1339 4 GB,DDR3-1333,1 x 4GB,13,9,2,25.4
Crucial CT25664BD1339 2 GB,DDR3-1333,1 x 2GB,13,9,0,
Crucial CT25664BD160B 2 GB,DDR3-1600,1 x 2GB,13,11,0,
Samsung MV-3V4G3/US 4 GB,DDR3-1600,1 x 4GB,13,11,0,
Crucial CT2KIT25664BD1339 4 GB,DDR3-1333,2 x 2GB,13,9,0,
Crucial CT3KIT25664BD1339 6 GB,DDR3-1333,3 x 2GB,13,9,0,
Crucial CT3KIT51264BD1339 12 GB,DDR3-1333,3 x 4GB,13,9,0,
Samsung MV-3V2G3D/US 4 GB,DDR3-1600,2 x 2GB,13,11,0,
Kingston Blu 4 GB,DDR3-1600,1 x 4GB,11,9,7,
"Patriot Gamer 2 Series, Division 2 Editi 16 GB",DDR3-1333,4 x 4GB,13,9,0,
OCZ Gold 4 GB,DDR3-1600,2 x 2GB,10,8,1,
Patriot Gamer 2 16 GB,DDR3-1333,2 x 8GB,13,9,0,
G.Skill F3-12800CL9S-4GBSK 4 GB,DDR3-1600,1 x 4GB,11,9,0,
G.Skill F3-12800CL9D-8GBSK 8 GB,DDR3-1600,2 x 4GB,11,9,0,
Wintec 3VH13339S9-8GK 8 GB,DDR3-1333,2 x 4GB,13,9,0,
Kingston T1 8 GB,DDR3-1866,2 x 4GB,9,9,0,
Crucial CT2KIT51264BD1339 8 GB,DDR3-1333,2 x 4GB,13,9,2,
Crucial CT2KIT25664BD160B 4 GB,DDR3-1600,2 x 2GB,13,11,0,
GeIL EVO CORSA 8 GB,DDR3-1866,2 x 4GB,9,9,0,
GeIL Enhance CORSA 4 GB,DDR3-1333,2 x 2GB,13,9,0,
GeIL Enhance CORSA 8 GB,DDR3-1333,2 x 4GB,13,9,2,
GeIL Value PLUS 2 GB,DDR3-1333,1 x 2GB,13,9,0,
GeIL Enhance CORSA 16 GB,DDR3-1333,4 x 4GB,13,9,0,
GeIL Enhance CORSA 8 GB,DDR3-1600,2 x 4GB,11,9,1,
GeIL Evo Two 8 GB,DDR3-1866,2 x 4GB,9,9,0,
GeIL Black Dragon 8 GB,DDR3-1600,2 x 4GB,11,9,1,
Crucial CT3KIT51264BD160B 12 GB,DDR3-1600,3 x 4GB,13,11,0,
GeIL Pristine 8 GB,DDR3-1333,2 x 4GB,13,9,0,
GeIL Pristine 2 GB,DDR3-1333,1 x 2GB,13,9,0,
GeIL Pristine 4 GB,DDR3-1333,1 x 4GB,13,9,1,
GeIL Pristine 4 GB,DDR3-1333,2 x 2GB,13,9,0,
GeIL GS38GB1333C9DC 8 GB,DDR3-1333,2 x 4GB,13,9,0,
GeIL GS34GB1333C9DC 4 GB,DDR3-1333,2 x 2GB,13,9,0,
GeIL GS34GB1066C7DC 4 GB,DDR3-1066,2 x 2GB,13,7,0,
GeIL GS38GB1066C7DC 8 GB,DDR3-1066,2 x 4GB,13,7,0,
G.Skill F3-12800CL11S-4GBSQ 4 GB,DDR3-1600,1 x 4GB,13,11,0,
Corsair CMSO16GX3M2A1333C9 16 GB,DDR3-1333,2 x 8GB,13,9,0,
Wintec Value 2 GB,DDR3-1333,1 x 2GB,13,9,0,
Crucial CT2KIT102464BA1339 16 GB,DDR3-1333,2 x 8GB,13,9,0,
Crucial CT102464BF1339 8 GB,DDR3-1333,1 x 8GB,13,9,0,
Kingston KVR1333D3S8S9/2GKC 2 GB,DDR3-1333,1 x 2GB,13,9,0,
Kingston KVR1333D3S9/4GKC 4 GB,DDR3-1333,1 x 4GB,13,9,0,
GeIL EVO CORSA 16 GB,DDR3-1333,2 x 8GB,13,9,1,
G.Skill Ripjaws Z 16 GB,DDR3-2133,4 x 4GB,8,9,4,
Kingston Value 6 GB,DDR3-1066,3 x 2GB,13,7,0,
ADATA XPG Plus 8 GB,DDR3-1333,2 x 4GB,12,8,0,
G.Skill F3-12800CL11D-8GBSA 8 GB,DDR3-1600,2 x 4GB,13,11,0,
G.Skill Ripjaws Z 8 GB,DDR3-1600,4 x 2GB,10,8,0,
Patriot G2 8 GB,DDR3-1600,4 x 2GB,11,9,0,
Patriot G2 16 GB,DDR3-1600,4 x 4GB,11,9,0,
GeIL GS38GB1333C9SC 8 GB,DDR3-1333,1 x 8GB,13,9,0,
GeIL GS316GB1333C9DC 16 GB,DDR3-1333,2 x 8GB,13,9,0,
Pareema MD313C81609L1 4 GB,DDR3-1333,1 x 4GB,13,9,1,
Pareema MD313C81609L2 8 GB,DDR3-1333,2 x 4GB,13,9,1,
Pareema MD313C81609S1 4 GB,DDR3-1333,1 x 4GB,13,9,0,
Pareema MD313C80809L2 4 GB,DDR3-1333,2 x 2GB,13,9,1,
Pareema MD313C80809L1 2 GB,DDR3-1333,1 x 2GB,13,9,0,
Crucial Ballistix Elite 4 GB,DDR3-1600,1 x 4GB,10,8,2,
G.Skill F3-10666CL9S-8GBSQ 8 GB,DDR3-1333,1 x 8GB,13,9,0,43.88
Pareema MD313D81609L1 8 GB,DDR3-1333,1 x 8GB,13,9,0,
Corsair Dominator 16 GB,DDR3-1866,4 x 4GB,9,9,1,
Pareema MD313C80809S1 2 GB,DDR3-1333,1 x 2GB,13,9,0,
Pareema MD313C81609S2 8 GB,DDR3-1333,2 x 4GB,13,9,0,
Pareema MD316C81611L2 8 GB,DDR3-1600,2 x 4GB,13,11,1,
Pareema MD316C81611L1 4 GB,DDR3-1600,1 x 4GB,13,11,0,
Pareema MD313D81609L2 16 GB,DDR3-1333,2 x 8GB,13,9,0,
Pareema MD316C81609L1 4 GB,DDR3-1600,1 x 4GB,11,9,1,
Mushkin Blackline 16 GB,DDR3-1600,4 x 4GB,11,9,1,
GeIL Evo Two 16 GB,DDR3-1333,2 x 8GB,13,9,0,
GeIL Evo Two 32 GB,DDR3-1600,4 x 8GB,12,10,0,
G.Skill F3-10600CL9D-16GBSQ 16 GB,DDR3-1333,2 x 8GB,13,9,0,
GeIL Black Dragon 16 GB,DDR3-1600,2 x 8GB,12,10,0,
Corsair Vengeance 8 GB,DDR3-1600,2 x 4GB,11,9,7,
G.Skill F3-10666CL9D-16GBSQ 16 GB,DDR3-1333,2 x 8GB,13,9,0,109.68
G.Skill F3-10600CL9S-8GBSQ 8 GB,DDR3-1333,1 x 8GB,13,9,0,
Crucial Ballistix Smart Tracer 4 GB,DDR3-1600,1 x 4GB,10,8,1,
Crucial Ballistix Sport 4 GB,DDR3-1600,2 x 2GB,11,9,7,
Corsair Dominator GT 8 GB,DDR3-2133,2 x 4GB,8,9,3,
AMD Performance Edition 8 GB,DDR3-1333,2 x 4GB,12,8,0,
AMD Performance Edition 4 GB,DDR3-1333,2 x 2GB,12,8,0,
Crucial Ballistix Smart Tracer 12 GB,DDR3-1600,3 x 4GB,10,8,0,
Kingston LoVo 4 GB,DDR3-1600,2 x 2GB,11,9,0,
Kingston Blu 8 GB,DDR3-1333,2 x 4GB,13,9,0,
Kingston Blu 8 GB,DDR3-1600,2 x 4GB,11,9,3,
Kingston KHX2133C11D3K4/8GX 8 GB,DDR3-2133,4 x 2GB,10,11,0,
Kingston KVR1333D3S9/8G 8 GB,DDR3-1333,1 x 8GB,13,9,0,
Kingston T1 Black 8 GB,DDR3-1866,2 x 4GB,9,9,0,
Crucial Ballistix Elite 8 GB,DDR3-1600,2 x 4GB,10,8,14,
Crucial Ballistix Elite 8 GB,DDR3-1866,2 x 4GB,9,9,2,
Crucial Ballistix 8 GB,DDR3-1866,2 x 4GB,9,9,4,
Kingston KHX1600C9D3LK2/8GX 8 GB,DDR3-1600,2 x 4GB,11,9,5,49.99
GeIL Black Dragon 32 GB,DDR3-1333,4 x 8GB,13,9,0,
Kingston T1 6 GB,DDR3-1866,3 x 2GB,9,9,0,
Patriot Viper Xtreme Division 4 16 GB,DDR3-1866,4 x 4GB,9,9,0,
Patriot G2 Series Division 4 16 GB,DDR3-1333,4 x 4GB,13,9,0,
Patriot G2 Series Division 4 32 GB,DDR3-1333,4 x 8GB,13,9,0,
Kingston KHX2133C11D3K4/16GX 16 GB,DDR3-2133,4 x 4GB,10,11,1,
"Patriot Gamer 2 Series, Division 2 Editi 32 GB",DDR3-1333,4 x 8GB,13,9,0,
"Patriot Gamer 2 Series, Division 4 Editi 8 GB",DDR3-1333,4 x 2GB,13,9,0,
Patriot Viper Xtreme Division 4 8 GB,DDR3-1866,4 x 2GB,9,9,0,
GeIL EVO CORSA 64 GB,DDR3-1333,8 x 8GB,13,9,0,
G.Skill Ripjaws Z 16 GB,DDR3-1600,4 x 4GB,10,8,3,
G.Skill Ares 8 GB,DDR3-1333,2 x 4GB,13,9,2,
ADATA Premier 16 GB,DDR3-1333,2 x 8GB,13,9,2,
Crucial Ballistix 12 GB,DDR3-1333,3 x 4GB,10,7,0,
Crucial Ballistix 4 GB,DDR3-1600,1 x 4GB,10,8,2,
G.Skill F3-1333C9S-8GSA 8 GB,DDR3-1333,1 x 8GB,13,9,0,
Crucial Ballistix 4 GB,DDR3-1866,2 x 2GB,9,9,1,
Crucial Ballistix Tactical Tracer 4 GB,DDR3-1866,1 x 4GB,9,9,1,
Corsair CMV8GX3M1A1333C9 8 GB,DDR3-1333,1 x 8GB,13,9,1,
"Patriot Gamer 2, Division 4 Edition 32 GB",DDR3-1600,4 x 8GB,11,9,0,
G.Skill Ripjaws X + Turbulence II 8 GB,DDR3-2400,2 x 4GB,9,11,1,
Crucial Ballistix Tactical Tracer 4 GB,DDR3-1866,1 x 4GB,9,9,2,
PNY MD8192KD3-1866-X9 8 GB,DDR3-1866,2 x 4GB,9,9,5,
PNY MD16384K4D3-1866-X9 16 GB,DDR3-1866,4 x 4GB,9,9,0,
PNY MD8192KD3-2133-X10 8 GB,DDR3-2133,2 x 4GB,9,10,1,
G.Skill Ripjaws Z 64 GB,DDR3-2133,8 x 8GB,10,11,1,
PNY MD16384K4D3-2133-X10 16 GB,DDR3-2133,4 x 4GB,9,10,0,
GeIL Value PLUS 16 GB,DDR3-1333,2 x 8GB,13,9,0,
Patriot Gamer 2 8 GB,DDR3-1600,1 x 8GB,11,9,1,
"Patriot Viper Xtreme Series, Division Vi 8 GB",DDR3-2133,2 x 4GB,10,11,0,112.48
G.Skill F3-1600C10S-8GSQ 8 GB,DDR3-1600,1 x 8GB,12,10,0,
G.Skill F3-1600C11S-8GSQ 8 GB,DDR3-1600,1 x 8GB,13,11,0,
G.Skill F3-1600C11D-16GSQ 16 GB,DDR3-1600,2 x 8GB,13,11,0,
G.Skill Trident X 8 GB,DDR3-2600,2 x 4GB,7,10,1,
Crucial Ballistix Elite 8 GB,DDR3-1866,1 x 8GB,9,9,4,
GeIL GS38GB1600C10SC 8 GB,DDR3-1600,1 x 8GB,12,10,0,
GeIL GS316GB1600C10DC 16 GB,DDR3-1600,2 x 8GB,12,10,0,
Corsair XMS 16 GB,DDR3-1600,2 x 8GB,12,10,1,
Kingston KHX16C9/8 8 GB,DDR3-1600,1 x 8GB,11,9,0,
Corsair Vengeance 16 GB,DDR3-2133,4 x 4GB,8,9,1,
Corsair XMS 16 GB,DDR3-1600,2 x 8GB,11,9,0,
Kingston KHX21C11T1K2/16X 16 GB,DDR3-2133,2 x 8GB,10,11,0,
Kingston KHX24C11T1K2/8X 8 GB,DDR3-2400,2 x 4GB,9,11,0,
Kingston KHX16C9K2/16 16 GB,DDR3-1600,2 x 8GB,11,9,0,
"Patriot Viper Xtreme Series, Division 2  8 GB",DDR3-2400,2 x 4GB,9,11,0,
Kingston KHX21C11T1BK2/16X 16 GB,DDR3-2133,2 x 8GB,10,11,0,
Kingston KHX21C11T1BK2/8X 8 GB,DDR3-2133,2 x 4GB,10,11,0,
"Patriot Viper Xtreme Series, Division 4  16 GB",DDR3-2133,4 x 4GB,10,11,0,
Corsair Dominator Platinum 8 GB,DDR3-1866,2 x 4GB,9,9,15,
Kingston KHX2133C11D3T1K2/8GX 8 GB,DDR3-2133,2 x 4GB,10,11,0,
Kingston KHX2133C11D3W1K2/8GX 8 GB,DDR3-2133,2 x 4GB,10,11,1,
Mushkin Redline 16 GB,DDR3-1866,2 x 8GB,10,10,1,
Kingston KHX24C11K4/16X 16 GB,DDR3-2400,4 x 4GB,9,11,0,
Kingston KVR16N11/2 2 GB,DDR3-1600,1 x 2GB,13,11,0,23.76
Kingston KVR16S11/2 2 GB,DDR3-1600,1 x 2GB,13,11,0,
GeIL EVO VELOCE 8 GB,DDR3-1600,2 x 4GB,11,9,2,
Crucial Ballistix Elite 12 GB,DDR3-1600,3 x 4GB,10,8,0,
GeIL EVO VELOCE 16 GB,DDR3-1600,2 x 8GB,11,9,1,
"Patriot Viper Xtreme Series, Division 2  16 GB",DDR3-1866,2 x 8GB,9,9,0,
Corsair Dominator Platinum 8 GB,DDR3-1600,2 x 4GB,11,9,3,
Kingston KHX16C9P1K2/16 16 GB,DDR3-1600,2 x 8GB,11,9,1,
Kingston KHX16S9P1K2/16 16 GB,DDR3-1600,2 x 8GB,11,9,0,
Crucial CT2K2G3S1339M 4 GB,DDR3-1333,2 x 2GB,13,9,0,
Crucial CT2K4G3S1339M 8 GB,DDR3-1333,2 x 4GB,13,9,0,39.95
Corsair Vengeance LP 16 GB,DDR3-2133,4 x 4GB,8,9,1,
GeIL EVO Leggara 32 GB,DDR3-2400,4 x 8GB,8,10,0,
Kingston Value 2 GB,DDR3-1066,1 x 2GB,13,7,0,
Patriot Viper 3 8 GB,DDR3-2133,2 x 4GB,10,11,6,
GeIL EVO VELOCE 32 GB,DDR3-1866,4 x 8GB,10,10,0,
G.Skill Sniper Gaming 32 GB,DDR3-1866,4 x 8GB,10,10,3,
Mushkin Blackline 16 GB,DDR3-1600,2 x 8GB,11,9,2,
"Patriot Intel Extreme Master, Limited Ed 16 GB",DDR3-1866,2 x 8GB,10,10,0,
"Patriot Intel Extreme Master, Limited Ed 8 GB",DDR3-1600,2 x 4GB,11,9,8,
"Patriot Intel Extreme Master, Limited Ed 16 GB",DDR3-1600,2 x 8GB,11,9,5,
Patriot Viper 3 16 GB,DDR3-1600,4 x 4GB,11,9,4,
Patriot Viper 3 16 GB,DDR3-2133,4 x 4GB,10,11,2,
Corsair XMS3 4 GB,DDR3-1600,1 x 4GB,13,11,7,
G.Skill Trident 8 GB,DDR3-2400,2 x 4GB,8,10,0,
G.Skill Trident 16 GB,DDR3-2400,4 x 4GB,8,10,0,
Kingston Blu Red 4 GB,DDR3-1333,2 x 2GB,13,9,0,
Kingston XMP Blu Red 4 GB,DDR3-1600,2 x 2GB,11,9,0,
Kingston Predator 8 GB,DDR3-1600,2 x 4GB,11,9,0,
Kingston Predator 8 GB,DDR3-1866,2 x 4GB,9,9,1,
"Patriot Intel Extreme Master, Limited Ed 32 GB",DDR3-1600,4 x 8GB,11,9,2,
Corsair Dominator Platinum 32 GB,DDR3-1600,4 x 8GB,11,9,3,
Kingston Blu Red 8 GB,DDR3-1600,1 x 8GB,12,10,4,
Kingston Blu Red 16 GB,DDR3-1600,2 x 8GB,12,10,4,
Kingston Blu Red 8 GB,DDR3-1600,2 x 4GB,11,9,9,
Kingston Blu Red 8 GB,DDR3-1333,2 x 4GB,13,9,2,
Kingston KHX16C9K2/16X 16 GB,DDR3-1600,2 x 8GB,11,9,1,
Kingston KVR13S9K2/16 16 GB,DDR3-1333,2 x 8GB,13,9,0,
Mushkin Silverline 8 GB,DDR3-1600,1 x 8GB,13,11,1,
Crucial CT2KIT51264BF160B 8 GB,DDR3-1600,2 x 4GB,13,11,0,
Crucial CT25664BC1067T 2 GB,DDR3-1066,1 x 2GB,13,7,0,
Lexar CT2KIT51264BF160B 8 GB,DDR3-1600,2 x 4GB,13,11,0,
Lexar CT2KIT51264BC160B 8 GB,DDR3-1600,2 x 4GB,13,11,0,
Crucial CT2KIT51264BC160B 8 GB,DDR3-1600,2 x 4GB,13,11,0,
AMD Entertainment Edition 16 GB,DDR3-1600,2 x 8GB,13,11,0,
AMD Entertainment Edition 16 GB,DDR3-1333,2 x 8GB,13,9,1,
Kingston Blu Red 2 GB,DDR3-1333,1 x 2GB,13,9,0,
Kingston XMP Blu Red 16 GB,DDR3-1600,2 x 8GB,12,10,1,
Patriot Viper 3 8 GB,DDR3-1866,2 x 4GB,9,9,7,92.39
Kingston KVR1333D3S8N9HK3/6G 6 GB,DDR3-1333,3 x 2GB,13,9,0,
Pareema MD316C81611S2 8 GB,DDR3-1600,2 x 4GB,13,11,0,
Pareema MD316D81611S2 16 GB,DDR3-1600,2 x 8GB,13,11,0,
Pareema MD313D81609S1 8 GB,DDR3-1333,1 x 8GB,13,9,0,
Pareema MD313D81609S2 16 GB,DDR3-1333,2 x 8GB,13,9,0,
Pareema MD316C81611S1 4 GB,DDR3-1600,1 x 4GB,13,11,0,
Pareema MD316D81611S1 8 GB,DDR3-1600,1 x 8GB,13,11,0,
Corsair CMSO8GX3M2A1600C11 8 GB,DDR3-1600,2 x 4GB,11,9,0,
Corsair CMSO4GX3M1A1600C11 4 GB,DDR3-1600,1 x 4GB,11,9,0,
Kingston KVR16N11H/2 2 GB,DDR3-1600,1 x 2GB,13,11,0,
Corsair CMSO4GX3M1B1333C9 4 GB,DDR3-1333,1 x 4GB,13,9,0,
ADATA XPG Gaming 16 GB,DDR3-1600,2 x 8GB,11,9,2,
Crucial Ballistix Tactical 8 GB,DDR3-1600,1 x 8GB,10,8,11,
Kingston KHX16LC10K2/16X 16 GB,DDR3-1600,2 x 8GB,12,10,1,
G.Skill Trident X 32 GB,DDR3-1600,4 x 8GB,8,7,2,
Crucial Ballistix Sport 4 GB,DDR3-1600,1 x 4GB,11,9,2,
Kingston HyperX Beast 16 GB,DDR3-1866,4 x 4GB,9,9,0,
Kingston HyperX Beast 8 GB,DDR3-1866,2 x 4GB,9,9,1,
Kingston HyperX Beast 8 GB,DDR3-2133,2 x 4GB,10,11,2,
Crucial Ballistix Tactical 16 GB,DDR3-1600,4 x 4GB,10,8,3,
Kingston HyperX Beast 8 GB,DDR3-1600,2 x 4GB,11,9,8,
Kingston HyperX 16 GB,DDR3-1866,2 x 8GB,11,11,3,
ADATA XPG Gaming Series v2.0 16 GB,DDR3-2400,2 x 8GB,9,11,0,
Kingston Black 8 GB,DDR3-1600,2 x 4GB,11,9,14,
Kingston Black 2 GB,DDR3-1333,1 x 2GB,13,9,0,
Kingston Black 4 GB,DDR3-1333,1 x 4GB,13,9,0,
Kingston Black 4 GB,DDR3-1600,1 x 4GB,11,9,3,
Kingston XMP Black 4 GB,DDR3-1600,2 x 2GB,11,9,0,
Kingston Black 8 GB,DDR3-1333,2 x 4GB,13,9,3,
Kingston XMP 10th Anniversary 8 GB,DDR3-1866,2 x 4GB,9,9,0,
Kingston HyperX 10th Anniversary 4 GB,DDR3-1866,1 x 4GB,9,9,0,
Kingston XMP 10th Anniversary 16 GB,DDR3-2400,4 x 4GB,9,11,0,
Crucial Ballistix Sport 8 GB,DDR3-1333,1 x 8GB,13,9,9,69.06
AMD Entertainment Edition 8 GB,DDR3-1600,2 x 4GB,13,11,1,
Kingston HyperX 16 GB,DDR3-1600,2 x 8GB,12,10,7,
Kingston LV XMP 10th Anniversary 16 GB,DDR3-1600,2 x 8GB,12,10,0,
Kingston XMP 10th Anniversary 32 GB,DDR3-1600,4 x 8GB,11,9,0,
Kingston XMP 10th Anniversary 8 GB,DDR3-1600,2 x 4GB,11,9,1,99.99
Kingston XMP 10th Anniversary 16 GB,DDR3-1600,2 x 8GB,11,9,1,
Kingston HyperX 10th Anniversary 8 GB,DDR3-1600,1 x 8GB,11,9,0,
GeIL GS34GB1333C9SC 4 GB,DDR3-1333,1 x 4GB,13,9,0,
Crucial CT2KIT51264BC160BDUP 8 GB,DDR3-1600,2 x 4GB,13,11,0,
Kingston KHX16LS9P1K2/16 16 GB,DDR3-1600,2 x 8GB,11,9,0,
Kingston 1500 4 GB,DDR3-1600,1 x 4GB,11,9,0,
Kingston HyperX T1 8 GB,DDR3-2000,2 x 4GB,9,9,1,
Kingston KVR13N9S8K2/8 8 GB,DDR3-1333,2 x 4GB,13,9,2,49.99
Patriot Signature 8 GB,DDR3-1333,2 x 4GB,13,9,2,
Patriot Signature 4 GB,DDR3-1333,1 x 4GB,13,9,2,
G.Skill Sniper 8 GB,DDR3-2133,2 x 4GB,9,10,11,
G.Skill Ares 8 GB,DDR3-2133,2 x 4GB,9,10,6,
GeIL EVO VELOCE 4 GB,DDR3-1333,1 x 4GB,13,9,0,
GeIL EVO VELOCE 8 GB,DDR3-1333,2 x 4GB,13,9,0,
Mushkin Stealth 8 GB,DDR3-1600,2 x 4GB,10,8,0,
Mushkin Stealth 8 GB,DDR3-1600,2 x 4GB,11,9,1,
Mushkin Stealth 32 GB,DDR3-1600,4 x 8GB,11,9,0,
PNY MN8192SD3-1600-X9 8 GB,DDR3-1600,1 x 8GB,11,9,0,
Patriot Viper 3 4 GB,DDR3-1600,1 x 4GB,11,9,1,
Mushkin Stealth 16 GB,DDR3-1600,2 x 8GB,11,9,5,
Avexir MPower 16 GB,DDR3-2133,4 x 4GB,8,9,0,
Avexir Core 8 GB,DDR3-2133,2 x 4GB,8,9,1,
Avexir Core 8 GB,DDR3-1866,2 x 4GB,9,9,0,
Avexir Core 8 GB,DDR3-1600,2 x 4GB,11,9,7,
Corsair Vengeance Pro 16 GB,DDR3-1866,2 x 8GB,9,9,24,
Corsair Vengeance Pro 32 GB,DDR3-2133,4 x 8GB,10,11,1,
Corsair Vengeance Pro 8 GB,DDR3-1600,2 x 4GB,11,9,16,
Corsair Vengeance Pro 8 GB,DDR3-1600,2 x 4GB,11,9,10,
Corsair Vengeance Pro 8 GB,DDR3-1866,2 x 4GB,9,9,8,
Corsair Vengeance Pro 8 GB,DDR3-2133,2 x 4GB,10,11,12,
Corsair Vengeance Pro 8 GB,DDR3-2133,2 x 4GB,8,9,4,
Kingston M1G64KL110 8 GB,DDR3-1600,1 x 8GB,13,11,0,
Kingston M51264KL110S 4 GB,DDR3-1600,1 x 4GB,13,11,0,
PNY MN16384KD3-1600-X9 16 GB,DDR3-1600,2 x 8GB,11,9,0,
Patriot Signature Line 2 GB,DDR3-1333,1 x 2GB,13,9,0,
ADATA XPG™ Gaming v2.0 8 GB,DDR3-2400,2 x 4GB,9,11,1,
Crucial Ballistix Sport XT 16 GB,DDR3-1866,2 x 8GB,10,10,2,
Crucial Ballistix Sport XT 4 GB,DDR3-1600,1 x 4GB,11,9,0,
Crucial Ballistix Sport XT 8 GB,DDR3-1600,1 x 8GB,11,9,0,
Crucial Ballistix Sport XT 8 GB,DDR3-1866,1 x 8GB,10,10,3,
Avexir SODIMM 8 GB,DDR3-1333,1 x 8GB,13,9,0,
Avexir Apple Memory 16 GB,DDR3-1333,2 x 8GB,13,9,0,
Avexir Core 8 GB,DDR3-1600,2 x 4GB,11,9,4,
Avexir MPower 8 GB,DDR3-1600,2 x 4GB,11,9,0,
Avexir Standard 8 GB,DDR3-1600,2 x 4GB,11,9,0,
Crucial Ballistix Sport XT 4 GB,DDR3-1866,1 x 4GB,10,10,2,
Corsair CMSO8GX3M1B1333C9 8 GB,DDR3-1333,1 x 8GB,13,9,0,
ADATA XPG V2 8 GB,DDR3-1600,2 x 4GB,11,9,6,
ADATA XPG V2 8 GB,DDR3-2400,2 x 4GB,9,11,0,
GeIL GEV38GB1866C10DC 8 GB,DDR3-1866,2 x 4GB,10,10,0,
Kingston KTL-TP3CL/4G 4 GB,DDR3-1600,1 x 4GB,13,11,0,
Kingston KTH-X3CL/4G 4 GB,DDR3-1600,1 x 4GB,13,11,0,
Kingston KTL-TP3CL/8G 8 GB,DDR3-1600,1 x 8GB,13,11,0,34.94
Kingston KTT-S3CL/4G 4 GB,DDR3-1600,1 x 4GB,13,11,0,
Kingston KTT-S3CL/8G 8 GB,DDR3-1600,1 x 8GB,13,11,0,
AMD AE38G1609U1K 8 GB,DDR3-1600,2 x 4GB,11,9,1,
AMD AG316G2130U2K 16 GB,DDR3-2133,2 x 8GB,9,10,5,
AMD AP38G1869U1K 8 GB,DDR3-1866,2 x 4GB,9,9,1,
Avexir Server 8 GB,DDR3-1333,1 x 8GB,13,9,0,
Avexir Apple Memory 8 GB,DDR3-1333,1 x 8GB,13,9,0,
Avexir Platinum 8 GB,DDR3-1333,2 x 4GB,13,9,0,
Avexir Green 8 GB,DDR3-1333,1 x 8GB,13,9,0,
Avexir Platinum 16 GB,DDR3-1333,2 x 8GB,13,9,0,
Avexir Standard 16 GB,DDR3-1600,4 x 4GB,11,9,0,
Avexir Core 16 GB,DDR3-1600,2 x 8GB,12,10,4,
Avexir Core 32 GB,DDR3-1600,4 x 8GB,12,10,0,
ADATA XPG V2 16 GB,DDR3-1600,2 x 8GB,11,9,2,
Kingston KTD-L3CL/4G 4 GB,DDR3-1600,1 x 4GB,13,11,0,33.75
G.Skill F3-1333C9D-8GSL 8 GB,DDR3-1333,2 x 4GB,13,9,0,
G.Skill F3-1333C9S-4GSL 4 GB,DDR3-1333,1 x 4GB,13,9,0,
G.Skill F3-1333C9S-8GSL 8 GB,DDR3-1333,1 x 8GB,13,9,0,
G.Skill F3-1333C9D-16GSL 16 GB,DDR3-1333,2 x 8GB,13,9,0,
TEAMGROUP Dark 8 GB,DDR3-1600,2 x 4GB,11,9,0,
TEAMGROUP Elite 2 GB,DDR3-1333,1 x 2GB,13,9,0,
TEAMGROUP TED38192M1333C9 8 GB,DDR3-1333,1 x 8GB,13,9,0,
TEAMGROUP Elite 8 GB,DDR3-1333,2 x 4GB,13,9,4,
TEAMGROUP TED38192M1600HC11DC 8 GB,DDR3-1600,2 x 4GB,13,11,1,
TEAMGROUP TEDD2048M800HC5 2 GB,DDR2-800,1 x 2GB,12,5,0,
TEAMGROUP Vulcan 8 GB,DDR3-1600,2 x 4GB,11,9,6,
TEAMGROUP Vulcan 8 GB,DDR3-1600,2 x 4GB,11,9,3,
TEAMGROUP TLD316G1600HC10ADC01 16 GB,DDR3-1600,2 x 8GB,12,10,0,
TEAMGROUP Vulcan 8 GB,DDR3-1600,2 x 4GB,11,9,9,
TEAMGROUP Xtreem Dark 16 GB,DDR3-1600,4 x 4GB,11,9,0,
TEAMGROUP TXD316G1866HC9KQC-D 16 GB,DDR3-1866,4 x 4GB,9,9,0,
TEAMGROUP TXD316G2133HC11QC-L 16 GB,DDR3-2133,4 x 4GB,10,11,0,
TEAMGROUP TXD316G2133HC9NQC-L 16 GB,DDR3-2133,4 x 4GB,8,9,0,
TEAMGROUP Xtreem LV 16 GB,DDR3-2400,2 x 8GB,8,10,4,
TEAMGROUP Xtreem Dark 4 GB,DDR3-1600,2 x 2GB,11,9,0,
TEAMGROUP Xtreem Dark 8 GB,DDR3-1600,2 x 4GB,11,9,4,
TEAMGROUP Xtreem 8 GB,DDR3-2666,2 x 4GB,8,11,0,
Patriot Viper 3 8 GB,DDR3-1866,2 x 4GB,9,9,1,
G.Skill F3-1600C11D-8GSL 8 GB,DDR3-1600,2 x 4GB,13,11,0,
G.Skill F3-1600C11S-4GSL 4 GB,DDR3-1600,1 x 4GB,13,11,0,
G.Skill F3-1600C9S-4GSL 4 GB,DDR3-1600,1 x 4GB,11,9,0,
Wintec AMPX 8 GB,DDR3-1600,2 x 4GB,11,9,0,
Corsair XMS 64 GB,DDR3-1600,8 x 8GB,11,9,0,
G.Skill F3-1600C11S-8GSL 8 GB,DDR3-1600,1 x 8GB,13,11,0,
GeIL GeIL EVO VELOCE 8GB ,DDR3-1866,2 x 4GB,9,9,1,
Mushkin Blackline RADIOACTIVE 16 GB,DDR3-2666,4 x 4GB,9,12,0,
Mushkin Blackline RADIOACTIVE 8 GB,DDR3-2666,2 x 4GB,9,12,0,
VisionTek 900390 2 GB,DDR3-1600,1 x 2GB,10,8,0,
VisionTek 900392 2 GB,DDR3-1600,1 x 2GB,11,9,0,
VisionTek Black Label 4 GB,DDR3-1600,1 x 4GB,11,9,0,
VisionTek 900408 8 GB,DDR3-1600,2 x 4GB,11,9,2,
Kingston KVR13S9S8K2/8 8 GB,DDR3-1333,1 x 8GB,13,9,0,42
Corsair CMSO16GX3M2C1600C11 16 GB,DDR3-1600,2 x 8GB,11,9,0,
Corsair CMSO8GX3M1C1600C11 8 GB,DDR3-1600,1 x 8GB,11,9,0,
Patriot PV316G240C0K 16 GB,DDR3-2400,2 x 8GB,8,10,0,
Patriot PV316G240C0KBL 16 GB,DDR3-2400,2 x 8GB,8,10,0,
Avexir SODIMM 16 GB,DDR3-1333,2 x 8GB,13,9,0,
Avexir MSI Z77 MPOWER Optimized ,DDR3-2133,2 x 4GB,8,9,1,
Patriot Patriot Viper 3 8GB 8 GB,DDR3-1600,1 x 8GB,12,10,7,
AMD AE38G1609U2 8 GB,DDR3-1600,1 x 8GB,11,9,0,
VisionTek 900616 4 GB,DDR2-800,1 x 4GB,15,6,0,
Corsair Vengeance Pro 8 GB,DDR3-1600,2 x 4GB,11,9,5,
Avexir Core Series 8 GB,DDR3-2933,2 x 4GB,8,12,0,
OCZ OCZ2M8004GK 4 GB,DDR2-800,2 x 2GB,12,5,0,
Patriot Viper Xtreme 8 GB,DDR3-1600,1 x 8GB,13,11,7,
ADATA XPG V1.0 4 GB,DDR3-1600,1 x 4GB,13,11,4,
ADATA XPG V1.0 4 GB,DDR3-1600,1 x 4GB,11,9,6,
ADATA XPG V1.0 8 GB,DDR3-1600,1 x 8GB,11,9,4,
Corsair CMSO4GX3M1C1333C9 4 GB,DDR3-1333,1 x 4GB,13,9,0,
Corsair CMSO4GX3M1C1600C11 4 GB,DDR3-1600,1 x 4GB,11,9,0,
Corsair CMSO8GX3M1C1333C9 8 GB,DDR3-1333,1 x 8GB,13,9,0,
Crucial CT2K8G3ERSLQ81067 16 GB,DDR3-1333,2 x 8GB,10,7,0,
Crucial CT2KIT25664BA160B 4 GB,DDR3-1600,2 x 2GB,13,11,1,
G.Skill Ripjaws X 4 GB,DDR3-1866,1 x 4GB,9,9,8,
G.Skill Ares 4 GB,DDR3-1600,1 x 4GB,11,9,2,
G.Skill Sniper 8 GB,DDR3-1600,1 x 8GB,11,9,4,
PNY MN16384KD3-1600 16 GB,DDR3-1600,2 x 8GB,13,11,0,
Patriot Viper SODIMM 16 GB,DDR3-1600,2 x 8GB,11,9,0,
Patriot Viper SODIMM 4 GB,DDR3-1600,1 x 4GB,11,9,0,
TEAMGROUP Elite 4GB 4 GB,DDR3-1333,1 x 4GB,13,9,1,
Patriot Viper 16 GB,DDR3-1866,2 x 8GB,10,10,0,
Patriot Viper 8 GB,DDR3-1866,1 x 8GB,10,10,0,
Transcend TS512MSK64V3N 4 GB,DDR3-1333,1 x 4GB,13,9,0,
Crucial CT2K8G3ERSLS41339 16 GB,DDR3-1333,2 x 8GB,13,9,0,
G.Skill AEGIS 4GB 4 GB,DDR3-1600,1 x 4GB,13,11,0,
GeIL EVO POTENZA 8GB 8 GB,DDR3-2666,2 x 4GB,8,11,0,
Corsair CML8GX3M2A1600C9R 8 GB,DDR3-1600,2 x 4GB,11,9,3,
Kingston KVR16R11D4/16 16 GB,DDR3-1600,1 x 16GB,13,11,0,
Avexir Core 8 GB,DDR3-2133,2 x 4GB,10,11,6,
Corsair Vengeance Pro 64 GB,DDR3-1866,8 x 8GB,9,9,0,
Silicon Power Xpower 8 GB,DDR3-2400,2 x 4GB,9,11,0,
Crucial CT2KIT51264BA160BJ 8 GB,DDR3-1600,2 x 4GB,13,11,5,84.88
Crucial CT51264BF1339J 4 GB,DDR3-1333,1 x 4GB,13,9,0,
GeIL DRAGON 8 GB,DDR3-1600,1 x 8GB,13,11,1,
GeIL DRAGON 4 GB,DDR3-1333,1 x 4GB,13,9,0,
GeIL DRAGON 4 GB,DDR3-1600,1 x 4GB,13,11,1,
GeIL DRAGON 8 GB,DDR3-1333,1 x 8GB,13,9,0,
Corsair Mac Memory 16 GB,DDR3-1333,2 x 8GB,13,9,0,
Corsair Mac Memory 4 GB,DDR3-1066,1 x 4GB,13,7,0,52.46
Corsair Mac Memory 4 GB,DDR3-1333,1 x 4GB,13,9,1,46.9
Corsair Mac Memory 8 GB,DDR3-1333,1 x 8GB,13,9,0,
Crucial CT12872BD1339 1 GB,DDR3-1333,1 x 1GB,13,9,0,
Crucial CT2G3S1339M 2 GB,DDR3-1333,1 x 2GB,13,9,0,
Crucial CT2K4G3W186DM 8 GB,DDR3-1866,2 x 4GB,13,13,0,
Crucial CT2K8G3W186DM 16 GB,DDR3-1866,2 x 8GB,13,13,0,
Crucial CT2KIT51272BA1067 8 GB,DDR3-1066,2 x 4GB,13,7,0,
Crucial CT4G3S1339M 4 GB,DDR3-1333,1 x 4GB,13,9,0,18.69
Crucial CT4G3W186DM 4 GB,DDR3-1866,1 x 4GB,13,13,0,
Crucial CT51272BA1067 4 GB,DDR3-1066,1 x 4GB,13,7,0,
Crucial CT8G3W186DM 8 GB,DDR3-1866,1 x 8GB,13,13,0,
G.Skill FA-10666CL9D-8GBSQ 8 GB,DDR3-1333,2 x 4GB,13,9,0,
G.Skill FA-10666CL9S-4GBSQ 4 GB,DDR3-1333,1 x 4GB,13,9,0,
G.Skill FA-1333C9D-16GSQ 16 GB,DDR3-1333,2 x 8GB,13,9,0,
G.Skill FA-1333C9Q-16GSQ 16 GB,DDR3-1333,4 x 4GB,13,9,0,
G.Skill FA-1333C9S-8GSQ 8 GB,DDR3-1333,1 x 8GB,13,9,0,
G.Skill FA-1600C11D-16GSQ 16 GB,DDR3-1600,2 x 8GB,13,11,0,
G.Skill FA-1600C11D-8GSQ 8 GB,DDR3-1600,2 x 4GB,13,11,0,
G.Skill FA-1600C11S-4GSQ 4 GB,DDR3-1600,1 x 4GB,13,11,0,
G.Skill FA-1600C11S-8GSQ 8 GB,DDR3-1600,1 x 8GB,13,11,0,
G.Skill FA-8500CL7D-8GBSQ 8 GB,DDR3-1066,2 x 4GB,13,7,0,37.06
G.Skill FA-8500CL7S-4GBSQ 4 GB,DDR3-1066,1 x 4GB,13,7,0,
HP 647909-B21 8 GB,DDR3-1333,1 x 8GB,13,9,0,49
IBM 00D4959 8 GB,DDR3-1600,1 x 8GB,13,11,0,
IBM 00D4964 16 GB,DDR3-1333,1 x 16GB,13,9,0,
Mushkin 971643A 2 GB,DDR3-1066,1 x 2GB,13,7,0,
Mushkin 971644A 4 GB,DDR3-1066,1 x 4GB,13,7,0,
Mushkin 971699A 2 GB,DDR3-1066,1 x 2GB,13,7,0,30.63
Mushkin 971980A 16 GB,DDR3-1333,1 x 16GB,13,9,0,
Mushkin 972020A 8 GB,DDR3-1333,1 x 8GB,13,9,0,
Mushkin 972038A 8 GB,DDR3-1600,1 x 8GB,13,11,0,
Mushkin 972044A 8 GB,DDR3-1333,1 x 8GB,13,9,0,
Mushkin 974044A 32 GB,DDR3-1333,4 x 8GB,13,9,0,
Mushkin 976504A 2 GB,DDR2-667,2 x 1GB,14,5,0,
Mushkin 976539A 4 GB,DDR2-667,2 x 2GB,14,5,0,
Mushkin 977020A 16 GB,DDR3-1333,2 x 8GB,13,9,0,
Mushkin 977033A 8 GB,DDR3-1600,2 x 4GB,13,11,0,
Patriot Mac 16 GB,DDR3-1333,2 x 8GB,13,9,0,
Mushkin 976647A 8 GB,DDR3-1333,2 x 4GB,13,9,0,44.87
GeIL EVO Leggera 2 GB,DDR3-1333,1 x 2GB,13,9,0,
GeIL EVO VELOCE 2 GB,DDR3-1333,1 x 2GB,13,9,0,
GeIL EVO POTENZA 4 GB,DDR3-1600,1 x 4GB,11,9,0,
AMD R9 Gamer 8 GB,DDR3-2400,2 x 4GB,9,11,7,
Corsair Dominator Platinum 16 GB,DDR3-2400,4 x 4GB,7,9,1,
Crucial CT2KIT12872BA1067 2 GB,DDR3-1066,2 x 1GB,13,7,0,
Mushkin 976644A 8 GB,DDR3-1066,2 x 4GB,13,7,0,
Mushkin Proline 12 GB,DDR3-1333,3 x 4GB,13,9,0,
AMD Radeon R9 Gamer 8 GB,DDR3-2133,2 x 4GB,9,10,4,
Patriot Mac 8 GB,DDR3-1333,2 x 4GB,13,9,0,
Patriot Signature Apple Line 8 GB,DDR3-1600,2 x 4GB,13,11,0,64.43
Patriot Viper 3 Low Profile Blue 16 GB,DDR3-1600,2 x 8GB,12,10,1,
Patriot Viper 3 Low Profile Red 16 GB,DDR3-1600,2 x 8GB,12,10,0,
Patriot Viper 3 Low Profile Black 16 GB,DDR3-1600,2 x 8GB,11,9,1,
Patriot Viper 3 Low Profile Blue 16 GB,DDR3-1600,2 x 8GB,11,9,0,
Patriot Viper 3 Low Profile Black 32 GB,DDR3-1600,4 x 8GB,12,10,0,
Patriot Viper 3 Low Profile Blue 32 GB,DDR3-1600,4 x 8GB,12,10,0,
Patriot Viper 3 Low Profile Red 32 GB,DDR3-1600,4 x 8GB,12,10,0,
Patriot Viper 3 Low Profile Blue 8 GB,DDR3-1600,2 x 4GB,12,10,0,
Patriot Viper 3 Red 8 GB,DDR3-1600,2 x 4GB,12,10,0,
Patriot Viper 3 Low Profile Red 8 GB,DDR3-1866,2 x 4GB,10,10,3,
Patriot Viper 3 Low Profile Red 8 GB,DDR3-2133,2 x 4GB,10,11,1,
Kingston KHX18C10/8 8 GB,DDR3-1866,1 x 8GB,10,10,1,
Mushkin 977136A 16 GB,DDR3-1866,2 x 8GB,13,13,0,
ADATA XPG V1.0 4 GB,DDR3-1600,1 x 4GB,11,9,5,
Kingston KHX18C10K2/8 8 GB,DDR3-1866,2 x 4GB,10,10,4,
Kingston Beast 16 GB,DDR3-1866,4 x 4GB,10,10,0,
Kingston KHX18LS11P1K2/16 16 GB,DDR3-1866,2 x 8GB,11,11,0,
Kingston KHX18LS11P1K2/8 8 GB,DDR3-1866,2 x 4GB,11,11,0,
Patriot Viper 3 Low Profile Red 16 GB,DDR3-1866,2 x 8GB,10,10,1,
Patriot Viper 3 Low Profile Red 16 GB,DDR3-2133,2 x 8GB,10,11,2,
Kingston KAS-N3CL/8G 8 GB,DDR3-1600,1 x 8GB,13,11,0,
Kingston KHX18C10/4 4 GB,DDR3-1866,1 x 4GB,10,10,0,
Corsair Dominator Platinum 16 GB,DDR3-1600,2 x 8GB,11,9,5,
Mushkin 976605 8 GB,DDR2-667,2 x 4GB,14,5,0,
Patriot PXD38G1600C10K 8 GB,DDR3-1600,2 x 4GB,12,10,1,
Crucial BLE4KIT4G3D1608DE1TX0 16 GB,DDR3-1600,4 x 4GB,10,8,0,
Kingston HyperX Fury 4 GB,DDR3-1866,1 x 4GB,10,10,5,
G.Skill F3-1333C9D-8GSA 8 GB,DDR3-1333,2 x 4GB,13,9,0,
Wintec One 16 GB,DDR3-1600,2 x 8GB,13,11,0,
AMD Radeon R3 Value 16 GB,DDR3-1333,2 x 8GB,13,9,0,
AMD Radeon R3 Value 4 GB,DDR3-1333,1 x 4GB,13,9,0,
AMD Radeon R5 Entertainment 4 GB,DDR3-1600,1 x 4GB,13,11,1,
AMD Radeon R3 Value 8 GB,DDR3-1333,1 x 8GB,13,9,0,
Kingston KHX13C9B1B/8 8 GB,DDR3-1333,1 x 8GB,13,9,0,
Kingston KVR16R11S4K4/32 32 GB,DDR3-1600,4 x 8GB,13,11,0,
PNY MD16384KD3-1866-X9 16 GB,DDR3-1866,2 x 8GB,9,9,1,
PNY MD16384KD3-2133-X11 16 GB,DDR3-2133,2 x 8GB,10,11,0,
PNY MD4096SD3-1600-X9 4 GB,DDR3-1600,1 x 4GB,11,9,2,
PNY MD8192SD3-1866-X9 8 GB,DDR3-1866,1 x 8GB,9,9,0,
PNY MN4096SD3-1600-LV 4 GB,DDR3-1600,1 x 4GB,13,11,0,
V7 V73T2GNZBII 2 GB,DDR3-1333,1 x 2GB,13,9,0,
V7 V73T8GNAJKI 8 GB,DDR3-1600,1 x 8GB,13,11,0,
PNY MD32768K4D3-1866-X9 32 GB,DDR3-1866,4 x 8GB,9,9,0,
V7 V73T4GNZBII 4 GB,DDR3-1333,1 x 4GB,13,9,0,
AMD R5 Entertainment 16 GB,DDR3-1600,2 x 8GB,13,11,0,
AMD R5 Entertainment 4 GB,DDR3-1600,1 x 4GB,13,11,0,
AMD R5 Entertainment 8 GB,DDR3-1600,2 x 4GB,13,11,0,
Corsair CMSO2GX3M1C1600C11 2 GB,DDR3-1600,1 x 2GB,13,11,0,
Crucial CT2KIT51264BF1339J 8 GB,DDR3-1333,2 x 4GB,13,9,0,
Crucial CT2KIT51264BF160BJ 8 GB,DDR3-1600,2 x 4GB,13,11,0,53.99
PNY MD32768K4D3-1600-X9 32 GB,DDR3-1600,4 x 8GB,11,9,0,
PNY MN16384KD3-1600-LV 16 GB,DDR3-1600,2 x 8GB,13,11,0,
PNY MN8192KD3-1600-LV 8 GB,DDR3-1600,2 x 4GB,13,11,0,
Kingston KHX18C10K4/16 16 GB,DDR3-1866,4 x 4GB,10,10,0,
Corsair Dominator Platinum 16 GB,DDR4-2800,4 x 4GB,10,15,4,
Crucial CT4K8G4DFD8213 32 GB,DDR4-2133,4 x 8GB,14,15,2,
G.Skill Ripjaws 32 GB,DDR4-2666,4 x 8GB,11,15,2,
Kingston HyperX Savage 4 GB,DDR3-2133,1 x 4GB,10,11,1,
Transcend JM1333KSN-2G 2 GB,DDR3-1333,1 x 2GB,13,9,0,
Kingston HyperX Savage 16 GB,DDR3-1866,2 x 8GB,9,9,6,
Crucial CT3K32G3ELSDQ4186D 96 GB,DDR3-1866,3 x 32GB,13,13,0,
Kingston HyperX Predator 16 GB,DDR3-2133,2 x 8GB,10,11,1,
Kingston HyperX Beast 8 GB,DDR3-2133,2 x 4GB,10,11,0,
TEAMGROUP Dark 8 GB,DDR3-1600,1 x 8GB,11,9,3,
TEAMGROUP TSD316G1333C9DC-E 16 GB,DDR3-1333,2 x 8GB,13,9,0,
TEAMGROUP TSD316G1600C11DC-E 16 GB,DDR3-1600,2 x 8GB,13,11,0,
TEAMGROUP TSD34096M1333C9DC-E 4 GB,DDR3-1333,2 x 2GB,13,9,0,
TEAMGROUP TSD38192M1066C7DC-E 8 GB,DDR3-1066,2 x 4GB,13,7,0,
TEAMGROUP TSD38192M1333C9DC-E 8 GB,DDR3-1333,2 x 4GB,13,9,0,
TEAMGROUP TSD38192M1333C9-E 8 GB,DDR3-1333,1 x 8GB,13,9,0,
TEAMGROUP TSD38192M1600C11DC-E 8 GB,DDR3-1600,2 x 4GB,13,11,0,
TEAMGROUP TSD38192M1600C11-E 8 GB,DDR3-1600,1 x 8GB,13,11,0,
TEAMGROUP Elite Plus 2 GB,DDR3-1333,1 x 2GB,13,9,0,
Crucial Ballistix Tactical 8 GB,DDR3-1600,1 x 8GB,10,8,1,
Crucial CT2K16G4VFD4213 32 GB,DDR4-2133,2 x 16GB,14,15,0,
Crucial CT2K8G4VFS4213 16 GB,DDR4-2133,2 x 8GB,14,15,0,
Crucial CT2KIT12864BA160B 2 GB,DDR3-1600,2 x 1GB,13,11,0,
Crucial CT3KIT25664BA160B 6 GB,DDR3-1600,3 x 2GB,13,11,0,
Crucial CT4K16G4VFD4213 64 GB,DDR4-2133,4 x 16GB,14,15,0,
Crucial CT4K8G4VFS4213 32 GB,DDR4-2133,4 x 8GB,14,15,0,
Crucial CT8G4VFS4213 8 GB,DDR4-2133,1 x 8GB,14,15,0,
GeIL GPR416GB2800C16QC 16 GB,DDR4-2800,4 x 4GB,10,15,0,
GeIL GPR432GB2133C15QC 32 GB,DDR4-2133,4 x 8GB,14,15,0,
GeIL GPR432GB2666C15QC 32 GB,DDR4-2666,4 x 8GB,11,15,0,
GeIL GPR432GB2800C16QC 32 GB,DDR4-2800,4 x 8GB,10,15,0,
Kingston Impact Black 4 GB,DDR3-1600,1 x 4GB,11,9,0,
Kingston Impact Black 8 GB,DDR3-1600,1 x 8GB,11,9,0,
Kingston Beast 8 GB,DDR3-1866,2 x 4GB,10,10,0,
TEAMGROUP Elite Plus 8 GB,DDR3-1333,2 x 4GB,13,9,1,
TEAMGROUP Elite Plus 8 GB,DDR3-1600,2 x 4GB,13,11,11,
TEAMGROUP Zeus Blue 8 GB,DDR3-2133,2 x 4GB,10,11,0,
TEAMGROUP Zeus Red 8 GB,DDR3-1600,2 x 4GB,11,9,4,
TEAMGROUP Zeus Red 8 GB,DDR3-2133,2 x 4GB,10,11,0,
TEAMGROUP Zeus Yellow 8 GB,DDR3-1600,2 x 4GB,11,9,5,
TEAMGROUP Zeus Yellow 8 GB,DDR3-2133,2 x 4GB,10,11,0,
ADATA XPG V1.0 8 GB,DDR3-1600,1 x 8GB,11,9,5,
Crucial CT32G3ELSLQ4160B 32 GB,DDR3-1600,1 x 32GB,13,11,0,
GeIL GPR416GB2133C15QC 16 GB,DDR4-2133,4 x 4GB,14,15,0,
Kingston HX421C13PBK4/16 16 GB,DDR4-2133,4 x 4GB,12,13,0,
Kingston HX428C14PB2K4/16 16 GB,DDR4-2800,4 x 4GB,10,14,0,
Kingston HX430C15PB2K4/16 16 GB,DDR4-3000,4 x 4GB,10,15,1,
Wintec HMT31GR7EFR4C-RDT8 8 GB,DDR3-1866,1 x 8GB,13,13,0,
Wintec HMT325U7EFR8A-PB 2 GB,DDR3-1600,1 x 2GB,13,11,0,
Wintec HMT351R7CFR8A-H9T3 4 GB,DDR3-1333,1 x 4GB,13,9,0,
Wintec HMT351R7CFR8A-H9T8 4 GB,DDR3-1333,1 x 4GB,13,9,0,
Wintec HMT351R7EFR8A-PBT8 4 GB,DDR3-1600,1 x 4GB,13,11,0,
Wintec HMT41GR7MFR8C-PBT8 8 GB,DDR3-1600,1 x 8GB,13,11,0,
Wintec HMT41GV7AFR8C-RDT8 8 GB,DDR3-1600,1 x 8GB,13,11,0,
Wintec HMT42GR7MFR4C-H9T3 16 GB,DDR3-1333,1 x 16GB,13,9,0,
Apotop S3A4Gx1-13C9EB 4 GB,DDR3-1333,1 x 4GB,13,9,1,
Apotop U3A8Gx2-16CACB 16 GB,DDR3-1600,2 x 8GB,12,10,0,
TEAMGROUP Vulcan Gold 16 GB,DDR3-2133,2 x 8GB,10,11,0,
Apotop L3A4Gx1-16CBDA 4 GB,DDR3-1600,1 x 4GB,13,11,0,
Apotop L3A4Gx2-16CBDA 8 GB,DDR3-1600,2 x 4GB,13,11,0,
Apotop U3A4Gx2-16C9BB 8 GB,DDR3-1600,2 x 4GB,11,9,1,
Apotop U3A4Gx2-16CACB 8 GB,DDR3-1600,2 x 4GB,12,10,0,
Apotop U3A8Gx2-16C9AB 16 GB,DDR3-1600,2 x 8GB,11,9,0,
Apotop U3A8Gx2-16C9BB 16 GB,DDR3-1600,2 x 8GB,11,9,0,
Apotop U3A8Gx2-18C9AB 16 GB,DDR3-1866,2 x 8GB,9,9,0,
Apotop U3A8Gx2-21C9AC 16 GB,DDR3-2133,2 x 8GB,8,9,0,
Apotop U3A8Gx4-16C9AB 32 GB,DDR3-1600,4 x 8GB,11,9,0,
Apotop U3A8Gx4-16C9BB 32 GB,DDR3-1600,4 x 8GB,11,9,0,
Apotop U3A8Gx4-18C9AB 32 GB,DDR3-1866,4 x 8GB,9,9,0,
Apotop U3A8Gx4-21C9AC 32 GB,DDR3-2133,4 x 8GB,8,9,0,
Apotop U3A2Gx2-16C9BB 4 GB,DDR3-1600,2 x 2GB,11,9,0,
Patriot Extreme Performance 16 GB,DDR4-2133,4 x 4GB,14,15,0,
Crucial BLT2KIT4G3D1608DT1TX 8 GB,DDR3-1600,2 x 4GB,10,8,0,
Crucial Ballistix Tactical Tracer 8 GB,DDR3-1600,2 x 4GB,10,8,0,
Crucial Ballistix 16 GB,DDR3-1600,2 x 8GB,10,8,1,
Crucial Ballistix Tactical 16 GB,DDR3-1866,2 x 8GB,9,9,1,
Crucial Ballistix Tactical Tracer 12 GB,DDR3-1600,3 x 4GB,10,8,0,
Mushkin 974146A 64 GB,DDR3-1866,4 x 16GB,13,13,0,
Patriot Extreme Performance 8 GB,DDR4-2400,2 x 4GB,12,15,3,
Crucial Ballistix Tactical Tracer 8 GB,DDR3-1866,2 x 4GB,9,9,1,
Crucial Ballistix 8 GB,DDR3-1600,2 x 4GB,10,8,3,
Mushkin Proline 64 GB,DDR3-1866,4 x 16GB,13,13,0,
Wintec 3RSH186613R4H-16GK 16 GB,DDR3-1866,2 x 8GB,13,13,0,
Wintec 3RSH186613R4H-32GQ 32 GB,DDR3-1866,4 x 8GB,13,13,0,
Wintec 3RSL160011R9H-16GK 16 GB,DDR3-1600,2 x 8GB,13,11,0,
TEAMGROUP Vulcan Orange 16 GB,DDR3-2133,2 x 8GB,10,11,0,
GeIL GPR416GB2666C15QC 16 GB,DDR4-2666,4 x 4GB,11,15,0,
GeIL GPR432GB3000C15QC 32 GB,DDR4-3000,4 x 8GB,10,15,0,
GeIL GPR416GB3200C16QC 16 GB,DDR4-3200,4 x 4GB,10,16,0,
GeIL GPR416GB3000C15QC 16 GB,DDR4-3000,4 x 4GB,10,15,0,
AMD ASH1333U/8GB 8 GB,DDR3-1333,1 x 8GB,13,9,0,
Apotop U3A4Gx2-16CBWB 8 GB,DDR3-1600,2 x 4GB,13,11,0,
Apotop U3A8Gx1-16CBWB 8 GB,DDR3-1600,1 x 8GB,13,11,0,
Apotop U3A4Gx1-16CBWB 4 GB,DDR3-1600,1 x 4GB,13,11,0,
Apotop U3A8Gx2-16CBWB 16 GB,DDR3-1600,2 x 8GB,13,11,0,
Apotop U3A4Gx1-16C9GB 4 GB,DDR3-1600,1 x 4GB,11,9,0,
Apotop U3A4Gx2-18C9GB 8 GB,DDR3-1866,2 x 4GB,9,9,0,
Apotop U3A4Gx2-16C9GB 8 GB,DDR3-1600,2 x 4GB,11,9,0,
Apotop U3A4Gx2-18C9PB 8 GB,DDR3-1866,2 x 4GB,9,9,0,
Apotop U3A4Gx2-21C9GC 8 GB,DDR3-2133,2 x 4GB,8,9,0,
Apotop U3A4Gx2-21C9PC 8 GB,DDR3-2133,2 x 4GB,8,9,0,
Apotop U3A8Gx1-16C9GB 8 GB,DDR3-1600,1 x 8GB,11,9,0,
Apotop U3A8Gx2-18C9GB 16 GB,DDR3-1866,2 x 8GB,9,9,0,
Apotop U3A8Gx2-16C9GB 16 GB,DDR3-1600,2 x 8GB,11,9,0,
Apotop U3A8Gx2-18C9PB 16 GB,DDR3-1866,2 x 8GB,9,9,0,
Apotop U3A8Gx2-21C9GC 16 GB,DDR3-2133,2 x 8GB,8,9,0,
Apotop U3A8Gx2-21C9PC 16 GB,DDR3-2133,2 x 8GB,8,9,0,
Crucial Ballistix Tactical 8 GB,DDR3-1600,1 x 8GB,10,8,0,
Crucial CT12872AA80E 1 GB,DDR2-800,1 x 1GB,12,5,0,
Crucial CT2KIT51272AF80E 8 GB,DDR2-800,2 x 4GB,12,5,0,
Wintec Server 64 GB,DDR3-1333,4 x 16GB,13,9,0,
G.Skill Ripjaws 4 32 GB,DDR4-2800,4 x 8GB,11,16,2,
Corsair Dominator Platinum 64 GB,DDR4-2666,8 x 8GB,11,15,1,
Crucial Ballistix Tactical 12 GB,DDR3-1600,3 x 4GB,10,8,0,
Crucial Ballistix Sport 8 GB,DDR3-1333,2 x 4GB,13,9,1,
GeIL GPR416GB3000C16QC 16 GB,DDR4-3000,4 x 4GB,10,16,0,
Patriot PX416G266C5QK 16 GB,DDR4-2666,4 x 4GB,11,15,0,
Patriot PX416G280C6QK 16 GB,DDR4-2800,4 x 4GB,10,15,0,
Patriot PX432G266C5QK 32 GB,DDR4-2666,4 x 8GB,11,15,0,
Patriot PX432G280C6QK 32 GB,DDR4-2800,4 x 8GB,10,15,0,
Crucial Ballistix Smart Tracer 16 GB,DDR3-1600,2 x 8GB,10,8,1,
Kingston KVR16E11S8/4HB 4 GB,DDR3-1600,1 x 4GB,13,11,0,
Kingston KVR16LE11/8HB 8 GB,DDR3-1600,1 x 8GB,13,11,0,
Silicon Power SP004GBLTU133N02 4 GB,DDR3-1333,1 x 4GB,13,9,0,
Silicon Power SP008GBLTU133N02 8 GB,DDR3-1333,1 x 8GB,13,9,0,
TEAMGROUP R-DIMM 2 GB,DDR3-1600,1 x 2GB,13,11,0,
TEAMGROUP R-DIMM 4 GB,DDR3-1600,1 x 4GB,13,11,0,
TEAMGROUP R-DIMM 8 GB,DDR3-1333,1 x 8GB,13,9,0,
Kingston KVR16E11/8HB 8 GB,DDR3-1600,1 x 8GB,13,11,0,
TEAMGROUP Vulcan Orange 8 GB,DDR3-2133,2 x 4GB,10,11,0,
Kingston KVR16LR11D4/16HB 16 GB,DDR3-1600,1 x 16GB,13,11,0,
Kingston KVR16LR11S4/8HB 8 GB,DDR3-1600,1 x 8GB,13,11,0,
Kingston KVR16R11D4/16HB 16 GB,DDR3-1600,1 x 16GB,13,11,0,106.95
Patriot PSD34G1600L82S 4 GB,DDR3-1600,1 x 4GB,13,11,0,
Mushkin Redline 16 GB,DDR4-2666,2 x 8GB,11,15,6,
Wintec 3SH13339R5-8GR 8 GB,DDR3-1333,1 x 8GB,13,9,0,
Crucial Ballistix Elite 8 GB,DDR4-2666,1 x 8GB,12,16,3,
Corsair TW3X4G1333C9A 4 GB,DDR3-1333,2 x 2GB,13,9,0,
Kingston KVR16LE11S8/4HB 4 GB,DDR3-1600,1 x 4GB,13,11,0,
TEAMGROUP R-DIMM 32 GB,DDR3-1333,1 x 32GB,13,9,0,
Samsung M393B1G73DB0-YK0 8 GB,DDR3-1600,1 x 8GB,13,11,0,
GeIL GPW38GB3000C13DC 8 GB,DDR3-3000,2 x 4GB,8,13,0,
Kingston HX321LS11IB2K2/8 8 GB,DDR3-2133,1 x 8GB,10,11,0,
Silicon Power SP008GXLYU16ANDA 8 GB,DDR3-1600,2 x 4GB,11,9,0,
Silicon Power SP008GXLYU18ANDA 8 GB,DDR3-1866,2 x 4GB,9,9,0,
Silicon Power SP008GXLYU21ANDA 8 GB,DDR3-2133,2 x 4GB,10,11,0,
Silicon Power SP008GXLYU24ANDA 8 GB,DDR3-2400,2 x 4GB,9,11,0,
Silicon Power SP016GXLYU16ANDA 16 GB,DDR3-1600,2 x 8GB,11,9,0,
Silicon Power SP016GXLYU18ANDA 16 GB,DDR3-1866,2 x 8GB,9,9,0,
Silicon Power SP016GXLYU21ANDA 16 GB,DDR3-2133,2 x 8GB,10,11,0,
Silicon Power SP016GXLYU24ANDA 16 GB,DDR3-2400,2 x 8GB,9,11,0,
ADATA AX4U3000W8G16-QGZ 32 GB,DDR4-3000,4 x 8GB,10,16,0,
ADATA AX4U3333W4G16-QGZ 16 GB,DDR4-3333,4 x 4GB,9,16,0,
Samsung M393B1K70DH0-CK008/Q 8 GB,DDR3-1600,1 x 8GB,13,11,1,
Crucial Ballistix Tactical Tracer 16 GB,DDR3-1600,2 x 8GB,10,8,5,
Pareema MD316D81610L1 8 GB,DDR3-1600,1 x 8GB,12,10,0,
Pareema MD316D81610L2 16 GB,DDR3-1600,2 x 8GB,12,10,0,
Pareema MD316D81610S1 8 GB,DDR3-1600,1 x 8GB,12,10,0,
Pareema MD316D81610S2 16 GB,DDR3-1600,2 x 8GB,12,10,0,
Pareema MD316D81611L1 8 GB,DDR3-1600,1 x 8GB,13,11,0,
Pareema MD316D81611L2 16 GB,DDR3-1600,2 x 8GB,13,11,0,
Kingston KVR21N15/4 4 GB,DDR4-2133,1 x 4GB,14,15,0,
Klevv Genuine 8 GB,DDR3-1600,2 x 4GB,11,9,0,
Klevv Neo 8 GB,DDR3-1600,2 x 4GB,11,9,0,
Klevv Neo 16 GB,DDR3-1600,2 x 8GB,11,9,0,
Klevv Urbane 8 GB,DDR3-1600,2 x 4GB,11,9,0,
Klevv Genuine 32 GB,DDR3-1600,4 x 8GB,11,9,0,
Klevv Neo 32 GB,DDR3-1600,4 x 8GB,11,9,0,
Klevv Urbane 32 GB,DDR3-1600,4 x 8GB,11,9,0,
Kingston KVR13LR9D4K3/48 48 GB,DDR3-1333,3 x 16GB,13,9,0,
Kingston KVR18R13S8/4 4 GB,DDR3-1866,1 x 4GB,13,13,0,
Kingston KVR18R13S8/4KF 4 GB,DDR3-1866,1 x 4GB,13,13,0,
Kingston KTH-PL421/8G 8 GB,DDR4-2133,1 x 8GB,14,15,0,
Kingston KTL-TS421/16G 16 GB,DDR4-2133,1 x 16GB,14,15,0,
Kingston KVR16LE11K3/24 24 GB,DDR3-1600,3 x 8GB,13,11,0,
Crucial CT16G3ERSLQ41067 16 GB,DDR3-1066,1 x 16GB,13,7,0,
Crucial CT16G3ERSLQ81067 16 GB,DDR3-1066,1 x 16GB,13,7,0,
Crucial CT2K4G4RFS8213 8 GB,DDR4-2133,2 x 4GB,14,15,0,
Crucial CT204872BB160B 16 GB,DDR3-1600,1 x 16GB,13,11,0,
Crucial CT2G3ERSLD81339 2 GB,DDR3-1333,1 x 2GB,13,9,0,
Crucial CT2G3ERSLS8160B 2 GB,DDR3-1600,1 x 2GB,13,11,0,
Crucial CT2G3ERVLS81339 2 GB,DDR3-1333,1 x 2GB,13,9,0,
Crucial CT2K4G3ERSLD8160B 8 GB,DDR3-1600,2 x 4GB,13,11,0,
Crucial CT2K8G3ERSLD4160B 16 GB,DDR3-1600,2 x 8GB,13,11,0,
Crucial CT2KIT102472BA160B 16 GB,DDR3-1600,2 x 8GB,13,11,0,
Crucial CT2KIT25672BD160B 4 GB,DDR3-1600,2 x 2GB,13,11,0,
Crucial CT2KIT51272BB160B 8 GB,DDR3-1600,2 x 4GB,13,11,0,
Crucial CT2KIT51272BD160B 8 GB,DDR3-1600,2 x 4GB,13,11,0,
Crucial CT32G3ERSLQ41067 32 GB,DDR3-1066,1 x 32GB,13,7,0,
Crucial CT3K16G3ERSLD4160B 48 GB,DDR3-1600,3 x 16GB,13,11,0,
Crucial CT3K2G3ERSLS8160B 6 GB,DDR3-1600,3 x 2GB,13,11,0,
Crucial CT3K4G3ERSLD8160B 12 GB,DDR3-1600,3 x 4GB,13,11,0,
Crucial CT3K8G3ERSLD81339 24 GB,DDR3-1333,3 x 8GB,13,9,0,
Crucial CT3KIT102472BA160B 24 GB,DDR3-1600,3 x 8GB,13,11,0,
Crucial CT3KIT102472BD1339 24 GB,DDR3-1333,3 x 8GB,13,9,0,
Crucial CT3KIT51272BA1067 12 GB,DDR3-1066,3 x 4GB,13,7,0,
Crucial CT3KIT51272BD160B 12 GB,DDR3-1600,3 x 4GB,13,11,0,
Crucial CT4G3ERSLD8160B 4 GB,DDR3-1600,1 x 4GB,13,11,0,
Crucial CT4G3ERSLS41339 4 GB,DDR3-1333,1 x 4GB,13,9,0,
Crucial CT4G3ERSLS4160B 4 GB,DDR3-1600,1 x 4GB,13,11,0,
Crucial CT4G3ERVDD8186D 4 GB,DDR3-1866,1 x 4GB,13,13,0,
Crucial CT51272BB160B 4 GB,DDR3-1600,1 x 4GB,13,11,0,
Crucial CT8G3ERSLD41339 8 GB,DDR3-1333,1 x 8GB,13,9,0,
Crucial CT8G3ERSLD8160B 8 GB,DDR3-1600,1 x 8GB,13,11,0,54.99
Crucial CT8G3ERSLQ81067 8 GB,DDR3-1066,1 x 8GB,13,7,0,48.99
Crucial CT8G3ERSLS41339 8 GB,DDR3-1333,1 x 8GB,13,9,0,
Kingston D1G72K111S 8 GB,DDR3-1600,1 x 8GB,13,11,0,
Kingston D1G72KL111S 8 GB,DDR3-1600,1 x 8GB,13,11,0,
Kingston D51272K110S 4 GB,DDR3-1600,1 x 4GB,13,11,0,
Kingston KFJ-PM316S8/4G 4 GB,DDR3-1600,1 x 4GB,13,11,0,
Kingston KTD-PE316S8/4G 4 GB,DDR3-1600,1 x 4GB,13,11,0,
Kingston KTH-PL316S8/4G 4 GB,DDR3-1600,1 x 4GB,13,11,0,23.95
Kingston KVR18R13D4/16KF 16 GB,DDR3-1866,1 x 16GB,13,13,0,
Kingston KVR18R13D4K3/48 48 GB,DDR3-1866,3 x 16GB,13,13,0,
Kingston KVR18R13D4K4/64 64 GB,DDR3-1866,4 x 16GB,13,13,0,
Kingston KVR18R13D8/8 8 GB,DDR3-1866,1 x 8GB,13,13,0,
Kingston KVR18R13D8/8KF 8 GB,DDR3-1866,1 x 8GB,13,13,0,
Kingston KVR16R11S8/4EF 4 GB,DDR3-1600,1 x 4GB,13,11,0,63.87
Kingston KVR16R11S8/4I 4 GB,DDR3-1600,1 x 4GB,13,11,0,28.99
Kingston KVR16R11S8/4KF 4 GB,DDR3-1600,1 x 4GB,13,11,0,
Kingston KVR16R11S8K3/6 6 GB,DDR3-1600,3 x 2GB,13,11,0,
Kingston KVR16R11S8K4/16I 16 GB,DDR3-1600,4 x 4GB,13,11,0,
Kingston KVR18E13/8KF 8 GB,DDR3-1866,1 x 8GB,13,13,0,
Kingston KVR18R13S4/8 8 GB,DDR3-1866,1 x 8GB,13,13,0,
Kingston KVR18R13S4/8KF 8 GB,DDR3-1866,1 x 8GB,13,13,0,
Kingston KVR18R13S4K3/24 24 GB,DDR3-1866,3 x 8GB,13,13,0,
Kingston KVR18R13S4K4/32 32 GB,DDR3-1866,4 x 8GB,13,13,0,
Kingston KVR400D2S4R3K2/4G 4 GB,DDR2-400,2 x 2GB,15,3,0,
Kingston KVR667D2D4F5/8GI 8 GB,DDR2-667,1 x 8GB,14,5,0,
Kingston KVR16LR11S8K4/16 16 GB,DDR3-1600,4 x 4GB,13,11,0,
Kingston KVR16LSE11/4KF 4 GB,DDR3-1600,1 x 4GB,13,11,0,
Kingston KVR16R11D4K4/32I 32 GB,DDR3-1600,4 x 8GB,13,11,0,
Kingston KVR16R11D8/4 4 GB,DDR3-1600,1 x 4GB,13,11,0,
Kingston KVR16R11D8/4HC 4 GB,DDR3-1600,1 x 4GB,13,11,0,29.95
Kingston KVR16R11D8/8I 8 GB,DDR3-1600,1 x 8GB,13,11,0,76.95
Kingston KVR16R11D8L/8 8 GB,DDR3-1600,1 x 8GB,13,11,0,59.99
Kingston KVR16R11S4/4 4 GB,DDR3-1600,1 x 4GB,13,11,0,
Kingston KVR16R11S4/8HA 8 GB,DDR3-1600,1 x 8GB,13,11,0,
Kingston KVR16R11S4K3/24 24 GB,DDR3-1600,3 x 8GB,13,11,0,
Kingston KVR16R11S4K4/16 16 GB,DDR3-1600,4 x 4GB,13,11,0,
Kingston KVR16R11S4K4/32I 32 GB,DDR3-1600,4 x 8GB,13,11,0,
Kingston KVR16R11S8/4 4 GB,DDR3-1600,1 x 4GB,13,11,0,19.96
Kingston KVR16R11D8/8KF 8 GB,DDR3-1600,1 x 8GB,13,11,0,
Kingston KVR16R11D8K4/32I 32 GB,DDR3-1600,4 x 8GB,13,11,0,
Kingston KVR16R11S4/4HE 4 GB,DDR3-1600,1 x 4GB,13,11,0,
Kingston KVR16R11S4/8I 8 GB,DDR3-1600,1 x 8GB,13,11,0,28.99
Kingston KVR16R11S8/2 2 GB,DDR3-1600,1 x 2GB,13,11,0,
Kingston KVR16R11D8K4/16 16 GB,DDR3-1600,4 x 4GB,13,11,0,
Kingston KVR16R11D4/8HE 8 GB,DDR3-1600,1 x 8GB,13,11,0,
Kingston KVR16R11D4/8HC 8 GB,DDR3-1600,1 x 8GB,13,11,0,29.99
Kingston KVR16R11D4/8 8 GB,DDR3-1600,1 x 8GB,13,11,0,28.27
Kingston KVR16LSE11/8KF 8 GB,DDR3-1600,1 x 8GB,13,11,0,
Kingston KVR16LR11S8K3/12 12 GB,DDR3-1600,3 x 4GB,13,11,0,
Kingston KVR16LR11S8/4I 4 GB,DDR3-1600,1 x 4GB,13,11,0,
Kingston KVR16LR11S8/4EF 4 GB,DDR3-1600,1 x 4GB,13,11,0,
Kingston KVR16LR11S4L/8 8 GB,DDR3-1600,1 x 8GB,13,11,0,
Kingston KVR16LR11S4K4/32I 32 GB,DDR3-1600,4 x 8GB,13,11,0,
Kingston KVR16LR11S4/8I 8 GB,DDR3-1600,1 x 8GB,13,11,0,
Kingston KVR16LR11S4/8 8 GB,DDR3-1600,1 x 8GB,13,11,0,
Kingston KVR16LR11D8K4/32I 32 GB,DDR3-1600,4 x 8GB,13,11,0,199.99
Kingston KVR16LR11D8K4/32 32 GB,DDR3-1600,4 x 8GB,13,11,0,
Kingston KVR16LR11D8K3/24I 24 GB,DDR3-1600,3 x 8GB,13,11,0,
Kingston KVR16LR11D8K3/24 24 GB,DDR3-1600,3 x 8GB,13,11,0,
Kingston KVR16LR11D8/8KF 8 GB,DDR3-1600,1 x 8GB,13,11,0,
Kingston KVR16LR11D8/8I 8 GB,DDR3-1600,1 x 8GB,13,11,0,
Kingston KVR16LR11D8/8 8 GB,DDR3-1600,1 x 8GB,13,11,0,
Kingston KVR16LR11D4L/16 16 GB,DDR3-1600,1 x 16GB,13,11,0,
Kingston KVR16LR11D4K3/48 48 GB,DDR3-1600,3 x 16GB,13,11,0,
Kingston KVR16LR11D4/8 8 GB,DDR3-1600,1 x 8GB,13,11,0,
Kingston KVR16LR11D4/16I 16 GB,DDR3-1600,1 x 16GB,13,11,0,
Kingston KVR16LL11Q4/32 32 GB,DDR3-1600,1 x 32GB,13,11,0,
Kingston KVR16LE11S8/4EF 4 GB,DDR3-1600,1 x 4GB,13,11,0,
Kingston KVR16LE11S8/4 4 GB,DDR3-1600,1 x 4GB,13,11,0,45.83
Kingston KVR16LE11L/8 8 GB,DDR3-1600,1 x 8GB,13,11,0,58.9
Kingston KTL-TS316S/8G 8 GB,DDR3-1600,1 x 8GB,13,11,0,
Kingston KTM-SX316LLVS/8G 8 GB,DDR3-1600,1 x 8GB,13,11,0,
Kingston KTM-SX316S8/4G 4 GB,DDR3-1600,1 x 4GB,13,11,0,
Kingston KTM-SX316S/8G 8 GB,DDR3-1600,1 x 8GB,13,11,0,53.59
Kingston KVR1066D3S8E7S/2G 2 GB,DDR3-1066,1 x 2GB,13,7,0,19.98
Kingston KVR1333D3D4R9S/4GED 4 GB,DDR3-1333,1 x 4GB,13,9,0,28.98
Kingston KVR1333D3D4R9S/8G 8 GB,DDR3-1333,1 x 8GB,13,9,0,40
Kingston KVR1333D3D4R9SK3/24G 24 GB,DDR3-1333,3 x 8GB,13,9,0,
Kingston KVR1333D3D8R9S/4G 4 GB,DDR3-1333,1 x 4GB,13,9,0,
Kingston KVR1333D3D8R9SK2/8G 8 GB,DDR3-1333,2 x 4GB,13,9,0,
Kingston KVR1333D3D8R9SL/4G 4 GB,DDR3-1333,1 x 4GB,13,9,0,
Kingston KVR1333D3E9SK3/12G 12 GB,DDR3-1333,3 x 4GB,13,9,0,
Kingston KVR1333D3LD8R9S/4G 4 GB,DDR3-1333,1 x 4GB,13,9,0,
Kingston KVR1333D3LQ8R9S/8G 8 GB,DDR3-1333,1 x 8GB,13,9,0,115.28
Kingston KVR1333D3Q8R9S/8G 8 GB,DDR3-1333,1 x 8GB,13,9,0,28.95
Kingston KVR1333D3S4R9S/4G 4 GB,DDR3-1333,1 x 4GB,13,9,0,
Kingston KVR13E9/4I 4 GB,DDR3-1333,1 x 4GB,13,9,0,24.99
Kingston KVR13E9/8I 8 GB,DDR3-1333,1 x 8GB,13,9,0,63.59
Kingston KVR13E9K2/16I 16 GB,DDR3-1333,2 x 8GB,13,9,0,
Kingston KVR13E9K3/24I 24 GB,DDR3-1333,3 x 8GB,13,9,0,
Kingston KVR13LE9/8 8 GB,DDR3-1333,1 x 8GB,13,9,0,
Kingston KVR13LE9S8/4 4 GB,DDR3-1333,1 x 4GB,13,9,0,
Kingston KVR13LE9S8/4EF 4 GB,DDR3-1333,1 x 4GB,13,9,0,28.99
Kingston KVR13LL9Q4/32I 32 GB,DDR3-1333,1 x 32GB,13,9,0,
Kingston KVR13LR9D4/8HE 8 GB,DDR3-1333,1 x 8GB,13,9,0,
Kingston KVR13LR9D4/8I 8 GB,DDR3-1333,1 x 8GB,13,9,0,
Kingston KVR13LR9D4K3/48I 48 GB,DDR3-1333,3 x 16GB,13,9,0,
Kingston KVR13LR9D8/8 8 GB,DDR3-1333,1 x 8GB,13,9,0,
Kingston KVR13LR9D8/8EF 8 GB,DDR3-1333,1 x 8GB,13,9,0,
Kingston KVR13LR9D8K3/12 12 GB,DDR3-1333,3 x 4GB,13,9,0,
Kingston KVR13LR9D8K4/16 16 GB,DDR3-1333,4 x 4GB,13,9,0,
Kingston KVR13LR9Q4/32 32 GB,DDR3-1333,1 x 32GB,13,9,0,
Kingston KVR13LR9Q8/16 16 GB,DDR3-1333,1 x 16GB,13,9,0,
Kingston KVR13LR9Q8/16EF 16 GB,DDR3-1333,1 x 16GB,13,9,0,
Kingston KVR13LR9S4/4 4 GB,DDR3-1333,1 x 4GB,13,9,0,
Kingston KVR13LR9S4/8HA 8 GB,DDR3-1333,1 x 8GB,13,9,0,28.99
Kingston KVR13LR9S4L/8 8 GB,DDR3-1333,1 x 8GB,13,9,0,
Kingston KVR13LR9S8/2 2 GB,DDR3-1333,1 x 2GB,13,9,0,
Kingston KVR13LR9S8/4 4 GB,DDR3-1333,1 x 4GB,13,9,0,
Kingston KVR13LR9S8/4EF 4 GB,DDR3-1333,1 x 4GB,13,9,0,
Kingston KVR13LSE9/8 8 GB,DDR3-1333,1 x 8GB,13,9,0,
Kingston KVR13LSE9S8/4 4 GB,DDR3-1333,1 x 4GB,13,9,0,
Kingston KVR13R9D4/8I 8 GB,DDR3-1333,1 x 8GB,13,9,0,43.85
Kingston KVR13R9D4K2/32 32 GB,DDR3-1333,2 x 16GB,13,9,0,
Kingston KVR13R9D4K3/48I 48 GB,DDR3-1333,3 x 16GB,13,9,0,
Kingston KVR13R9D4K4/64 64 GB,DDR3-1333,4 x 16GB,13,9,0,
Kingston KVR13R9D4K4/64I 64 GB,DDR3-1333,4 x 16GB,13,9,0,
Kingston KVR13R9D8/8 8 GB,DDR3-1333,1 x 8GB,13,9,0,59.81
Kingston KVR13R9S4L/8 8 GB,DDR3-1333,1 x 8GB,13,9,0,
Kingston KVR16E11/2 2 GB,DDR3-1600,1 x 2GB,13,11,0,
Kingston KVR16E11/4 4 GB,DDR3-1600,1 x 4GB,13,11,0,29.9
Kingston KVR16E11/8EF 8 GB,DDR3-1600,1 x 8GB,13,11,0,
Kingston KVR16E11K3/24 24 GB,DDR3-1600,3 x 8GB,13,11,0,
Kingston KVR16E11K4/32I 32 GB,DDR3-1600,4 x 8GB,13,11,0,
Kingston KVR16E11S8/4EF 4 GB,DDR3-1600,1 x 4GB,13,11,0,
Kingston KVR16LE11/8EF 8 GB,DDR3-1600,1 x 8GB,13,11,0,
Kingston KVR16LE11L/4 4 GB,DDR3-1600,1 x 4GB,13,11,0,
Mushkin Proline 4 GB,DDR3-1866,1 x 4GB,13,13,0,
Crucial CT102472BD1339 8 GB,DDR3-1333,1 x 8GB,13,9,0,34.99
Crucial CT2K4G3ERSLD81339 8 GB,DDR3-1333,2 x 4GB,13,9,0,
Crucial CT2K4G3ERVLD81339 8 GB,DDR3-1333,2 x 4GB,13,9,0,
Crucial CT2K8G3ERSLD41339 16 GB,DDR3-1333,2 x 8GB,13,9,0,
Crucial CT2K8G3ERSLD81339 16 GB,DDR3-1333,2 x 8GB,13,9,0,
Crucial CT2KIT25672BD1339 4 GB,DDR3-1333,2 x 2GB,13,9,0,
Crucial CT2KIT51272BD1339 8 GB,DDR3-1333,2 x 4GB,13,9,0,
Crucial CT3K16G3ERSLD41339 48 GB,DDR3-1333,3 x 16GB,13,9,0,
Crucial CT3K2G3ERSLD81339 6 GB,DDR3-1333,3 x 2GB,13,9,0,
Crucial CT3K4G3ERSLD81339 12 GB,DDR3-1333,3 x 4GB,13,9,0,
Crucial CT3K4G3ERVLD81339 12 GB,DDR3-1333,3 x 4GB,13,9,0,
Crucial CT3KIT51272BD1339 12 GB,DDR3-1333,3 x 4GB,13,9,0,
Crucial CT4G3ERSLD81339 4 GB,DDR3-1333,1 x 4GB,13,9,0,
Crucial CT4G3ERVLD81339 4 GB,DDR3-1333,1 x 4GB,13,9,0,
Crucial CT51272BD1339 4 GB,DDR3-1333,1 x 4GB,13,9,0,
Crucial CT51272BV1339 4 GB,DDR3-1333,1 x 4GB,13,9,0,
Crucial CT8G3ERSLD81339 8 GB,DDR3-1333,1 x 8GB,13,9,0,
Mushkin Stealth 4 GB,DDR3-1600,1 x 4GB,11,9,0,
Avexir Raiden 16 GB,DDR3-1600,2 x 8GB,12,10,1,
Avexir Core 4 GB,DDR3-1600,1 x 4GB,13,11,0,
Avexir Raiden 8 GB,DDR3-2133,2 x 4GB,8,9,1,
Avexir Raiden 8 GB,DDR3-1600,2 x 4GB,11,9,0,
Avexir Blitz 8 GB,DDR3-2400,2 x 4GB,8,10,0,
Avexir Blitz 8 GB,DDR3-1600,2 x 4GB,11,9,1,
Avexir Blitz 16 GB,DDR3-1600,2 x 8GB,11,9,1,
Kingston D1G72L131 8 GB,DDR3-1600,1 x 8GB,13,11,0,
Kingston KTH-PL421LQ/32G 32 GB,DDR4-2133,1 x 32GB,14,15,0,
Kingston KVR16R11S8K4/16 16 GB,DDR3-1600,4 x 4GB,13,11,0,
ADATA AX4U3200W4G16-QGZ 16 GB,DDR4-3200,4 x 4GB,10,16,0,
Kingston HX318LS11IB/4 4 GB,DDR3-1866,1 x 4GB,11,11,0,
Kingston HX318LS11IB/8 8 GB,DDR3-1866,1 x 8GB,11,11,0,
Kingston HX318LS11IBK2/16 16 GB,DDR3-1866,2 x 8GB,11,11,0,
Kingston HX318LS11IBK2/8 8 GB,DDR3-1866,2 x 4GB,11,11,0,
Kingston HX424C12PBK4/32 32 GB,DDR4-2400,4 x 8GB,10,12,0,
Kingston HX428C14PBK4/32 32 GB,DDR4-2800,4 x 8GB,10,14,0,
Kingston HX430C15PBK4/32 32 GB,DDR4-3000,4 x 8GB,10,15,0,
Avexir Blitz1.1 8 GB,DDR3-2133,2 x 4GB,8,9,2,
Avexir Blitz1.1 16 GB,DDR3-2133,2 x 8GB,8,9,0,
Avexir Blitz 1.1 16 GB,DDR3-1866,2 x 8GB,11,11,0,
Wintec Server 16 GB,DDR3-1600,2 x 8GB,13,11,0,
EVGA Superclocked 16 GB,DDR4-2666,4 x 4GB,12,16,0,
EVGA SSC 16 GB,DDR4-2800,4 x 4GB,11,16,0,
EVGA Superclocked 8 GB,DDR3-1866,2 x 4GB,9,9,1,
EVGA SSC 8 GB,DDR3-2133,2 x 4GB,10,11,1,
EVGA SSC 8 GB,DDR3-2400,2 x 4GB,9,11,0,
EVGA Superclocked 16 GB,DDR3-1600,2 x 8GB,11,9,5,
EVGA Superclocked 16 GB,DDR3-1866,2 x 8GB,9,9,1,
Corsair CMV2GX3M1C1600C11 2 GB,DDR3-1600,1 x 2GB,13,11,0,
Kingston D1G72M151 8 GB,DDR4-2133,1 x 8GB,14,15,0,
Kingston HX321LS11IB2/4 4 GB,DDR3-2133,1 x 4GB,10,11,0,
Kingston KTD-PE421LQ/32G 32 GB,DDR4-2133,1 x 32GB,14,15,0,
Kingston KVR16LR11S8/4HB 4 GB,DDR3-1600,1 x 4GB,13,11,0,42.74
Kingston KVR16LSE11/4HB 4 GB,DDR3-1600,1 x 4GB,13,11,0,
Kingston KVR16LSE11/8HB 8 GB,DDR3-1600,1 x 8GB,13,11,0,
Crucial CT25664BA160BA 2 GB,DDR3-1600,1 x 2GB,13,11,0,
Crucial Ballistix Sport 8 GB,DDR3-1600,2 x 4GB,11,9,2,
Crucial CT4G3ERVLD8160B 4 GB,DDR3-1600,1 x 4GB,13,11,0,
GeIL GLR4128GB2400C14DQC 128 GB,DDR4-2400,8 x 16GB,11,14,0,
GeIL GLR464GB3000C13QC 64 GB,DDR4-3000,4 x 16GB,8,13,0,
Kingston D4G72M152Q 32 GB,DDR4-2133,1 x 32GB,14,15,0,
Kingston KVR16LE11K3/24I 24 GB,DDR3-1600,3 x 8GB,13,11,0,
Mushkin ECO2 4 GB,DDR3-1600,1 x 4GB,11,9,0,
Mushkin ECO2 32 GB,DDR3-1600,4 x 8GB,11,9,0,
Samsung M393A4K40BB0-CPB0 32 GB,DDR4-2133,1 x 32GB,14,15,0,
Kingston KVR16LR11D4K3/48I 48 GB,DDR3-1600,3 x 16GB,13,11,0,
Kingston KVR16R11S8K3/12I 12 GB,DDR3-1600,3 x 4GB,13,11,0,
Mushkin ECO2 16 GB,DDR3-1600,4 x 4GB,11,9,0,
PNY Anarchy 32 GB,DDR3-2133,4 x 8GB,9,10,0,
PNY Anarchy 8 GB,DDR3-1866,2 x 4GB,10,10,1,
PNY Anarchy X 8 GB,DDR3-2400,2 x 4GB,9,11,0,
Kingston KCS-UC421LQ/32G 32 GB,DDR4-2133,1 x 32GB,14,15,0,
Avexir Blitz1.1 16 GB,DDR3-2400,2 x 8GB,8,10,1,
Kingston KVR16LR11S4K3/24 24 GB,DDR3-1600,3 x 8GB,13,11,0,
Kingston KVR16LR11S4K3/24I 24 GB,DDR3-1600,3 x 8GB,13,11,0,
Kingston KVR16LR11S4K4/32 32 GB,DDR3-1600,4 x 8GB,13,11,0,
Kingston KVR16LR11S8K3/12I 12 GB,DDR3-1600,3 x 4GB,13,11,0,
Kingston KVR16R11D8K3/24 24 GB,DDR3-1600,3 x 8GB,13,11,0,
Kingston KVR16R11D8K3/24I 24 GB,DDR3-1600,3 x 8GB,13,11,0,
Kingston KVR16R11S4K3/24I 24 GB,DDR3-1600,3 x 8GB,13,11,0,
Kingston KVR16R11S8K2/8 8 GB,DDR3-1600,2 x 4GB,13,11,0,
Kingston KVR16R11S8K3/12 12 GB,DDR3-1600,3 x 4GB,13,11,0,
Mushkin Blackline 16 GB,DDR4-2400,2 x 8GB,12,15,3,
Patriot PSD48G2133K 8 GB,DDR4-2133,2 x 4GB,14,15,2,
ADATA AX4U3000W4G16-QGZ 16 GB,DDR4-3000,4 x 4GB,10,16,0,
ADATA AX4U3333W4G16-DGZ 8 GB,DDR4-3333,2 x 4GB,9,16,0,
Kingston KVR16LR11D8/8HB 8 GB,DDR3-1600,1 x 8GB,13,11,0,
Patriot PS34G16ER-B 4 GB,DDR3-1600,1 x 4GB,13,11,0,
TEAMGROUP TDWED416G3000HC16AQC01 16 GB,DDR4-3000,4 x 4GB,10,16,0,
G.Skill Trident Z 8 GB,DDR4-3000,2 x 4GB,10,15,1,
Corsair ValueSelect 8 GB,DDR4-2133,2 x 4GB,14,15,1,
Kingston Impact 4 GB,DDR4-2133,1 x 4GB,12,13,0,
Kingston Impact 8 GB,DDR4-2133,1 x 8GB,12,13,0,
Kingston Impact 16 GB,DDR4-2400,2 x 8GB,11,14,1,
Kingston KVR21S15D8/8 8 GB,DDR4-2133,1 x 8GB,14,15,0,
Kingston KVR21SE15S8/4 4 GB,DDR4-2133,1 x 4GB,14,15,0,
Panram Ninja-V 8 GB,DDR4-2400,2 x 4GB,12,15,0,
GeIL Super Luce 8 GB,DDR4-2400,2 x 4GB,12,15,2,
GeIL Super Luce 128 GB,DDR4-2400,8 x 16GB,11,14,0,
GeIL GLWW464GB2400C14QC 64 GB,DDR4-2400,4 x 16GB,11,14,0,
GeIL Super Luce 8 GB,DDR4-2400,2 x 4GB,12,15,0,
Panram PSD31333C92G2VS 4 GB,DDR3-1333,2 x 2GB,13,9,0,
Panram PSD31333C94G2VS 8 GB,DDR3-1333,2 x 4GB,13,9,0,
Panram PSD31600C114G2VS 8 GB,DDR3-1600,2 x 4GB,13,11,0,
Panram PSD31600C114GVS 4 GB,DDR3-1600,1 x 4GB,13,11,0,
Panram PSD3L1600C114G2VS 8 GB,DDR3-1600,2 x 4GB,13,11,0,
Panram PSD3L1600C114GVS 4 GB,DDR3-1600,1 x 4GB,13,11,0,
Panram PSD3L1600C118G2VS 16 GB,DDR3-1600,2 x 8GB,13,11,0,
Panram Ninja 16 GB,DDR3-1600,2 x 8GB,12,10,0,
Panram Falcon 8 GB,DDR3-1600,2 x 4GB,11,9,0,
Panram Falcon 4 GB,DDR3-1600,1 x 4GB,11,9,0,
Panram Ninja 4 GB,DDR3-1600,1 x 4GB,11,9,0,
Panram Falcon 16 GB,DDR3-1600,2 x 8GB,11,9,0,
Panram Hercules 8 GB,DDR3-1600,1 x 8GB,11,9,0,
Avexir Core 16 GB,DDR4-2400,2 x 8GB,13,16,9,
Panram PSD31600C118GVS 8 GB,DDR3-1600,1 x 8GB,13,11,0,
ADATA AX4U3200W4G16-DGZ 8 GB,DDR4-3200,2 x 4GB,10,16,2,
Kingston KTL-TS421LQ/32G 32 GB,DDR4-2133,1 x 32GB,14,15,0,
Kingston KVR21SE15D8/8 8 GB,DDR4-2133,1 x 8GB,14,15,0,
Panram Hercules 16 GB,DDR3-1866,2 x 8GB,10,10,0,
Avexir Core 32 GB,DDR4-2400,4 x 8GB,13,16,1,
Panram Ninja-V 32 GB,DDR4-2133,4 x 8GB,12,13,0,
Panram Ninja-V 4 GB,DDR4-2400,1 x 4GB,12,15,0,
Panram Ninja-V 8 GB,DDR4-2400,1 x 8GB,12,15,1,
Avexir Budget 4 GB,DDR4-2133,1 x 4GB,14,15,0,
Avexir Raiden 32 GB,DDR4-2666,4 x 8GB,11,15,0,
GeIL SUPER HERO 16 GB,DDR4-3866,4 x 4GB,9,18,0,
GeIL SUPER HERO 8 GB,DDR4-3466,2 x 4GB,9,16,0,
PNY NHS 16 GB,DDR3-1600,2 x 8GB,13,11,0,
PNY NHS 4 GB,DDR3-1600,1 x 4GB,13,11,0,
PNY NHS 8 GB,DDR3-1600,2 x 4GB,13,11,0,39.99
Panram PSD3L1600C118GVS 8 GB,DDR3-1600,1 x 8GB,13,11,0,
Mushkin 996580 4 GB,DDR2-800,2 x 2GB,10,4,0,
Crucial CT2K25664BA160BA 4 GB,DDR3-1600,2 x 2GB,13,11,0,
Kingston KVR18R13S8L/4 4 GB,DDR3-1866,1 x 4GB,13,13,0,
Kingston Savage 64 GB,DDR4-2400,4 x 16GB,11,14,0,
AMD R7 Performance 4 GB,DDR4-2133,1 x 4GB,14,15,0,
Avexir Blitz1.1 8 GB,DDR4-2800,2 x 4GB,10,15,3,
Corsair ValueSelect 2 GB,DDR3-1333,1 x 2GB,13,9,0,
Klevv FIT Faker Edition 8 GB,DDR3-1600,2 x 4GB,11,9,0,
GeIL EVO POTENZA 16 GB,DDR4-3000,2 x 8GB,10,15,4,
Panram Value 8 GB,DDR4-3000,1 x 8GB,10,16,0,
Samsung M393B2G70BH0-CMAQ8M 16 GB,DDR3-1866,1 x 16GB,13,13,0,
Samsung M393B5170FH0-CH9 4 GB,DDR3-1333,1 x 4GB,13,9,0,30.72
Crucial Ballistix Sport LT 32 GB,DDR4-2400,4 x 8GB,13,16,4,
Kingston Savage 4 GB,DDR4-2400,1 x 4GB,10,12,0,
Kingston Savage 16 GB,DDR4-3000,2 x 8GB,10,15,2,389
Kingston KVR21R15D8/8I 8 GB,DDR4-2133,1 x 8GB,14,15,0,
TEAMGROUP Dark Pro 16 GB,DDR4-3000,2 x 8GB,10,15,0,
TEAMGROUP Dark Pro 8 GB,DDR4-3000,2 x 4GB,10,15,0,
Crucial CT2K8G3ERVLD8160B 16 GB,DDR3-1600,2 x 8GB,13,11,0,
Crucial CT2KIT51272BA186DJ 8 GB,DDR3-1866,2 x 4GB,13,13,0,
Avexir ROG Impact 8 GB,DDR4-2666,2 x 4GB,11,15,0,
Avexir ROG Impact 16 GB,DDR4-2666,4 x 4GB,11,15,0,
Avexir ROG Red Tesla 16 GB,DDR4-2666,4 x 4GB,11,15,0,
Avexir ROG Impact 32 GB,DDR4-2666,4 x 8GB,11,15,0,
GeIL Super Luce 8 GB,DDR4-2400,2 x 4GB,12,15,3,
GeIL EVO POTENZA 8 GB,DDR4-2400,2 x 4GB,12,15,6,
Kingston D2G72M151 16 GB,DDR4-2133,1 x 16GB,14,15,0,198.84
Kingston D4G72M151 32 GB,DDR4-2133,1 x 32GB,14,15,0,
Kingston FURY 8 GB,DDR4-2400,1 x 8GB,12,15,6,
Kingston KVR21R15D8K4/32I 32 GB,DDR4-2133,4 x 8GB,14,15,0,
Avexir Core 8 GB,DDR3-1600,2 x 4GB,13,11,2,
Kingston KCP313NS8/4 4 GB,DDR3-1333,1 x 4GB,13,9,0,29.67
Kingston KVR16E11K3/24I 24 GB,DDR3-1600,3 x 8GB,13,11,0,
Kingston KVR16LR11D4K4/64I 64 GB,DDR3-1600,4 x 16GB,13,11,0,
Corsair Vengeance LED 32 GB,DDR4-3400,4 x 8GB,9,16,2,
Crucial CT7982449 16 GB,DDR4-2133,1 x 16GB,14,15,0,
Avexir Green Tesla 16 GB,DDR4-2666,2 x 8GB,11,15,0,
Crucial CT4K8G4WFS824A 32 GB,DDR4-2400,4 x 8GB,14,17,0,
G.Skill Trident Z 128 GB,DDR4-3200,8 x 16GB,8,14,1,
Patriot Viper Elite 32 GB,DDR4-2800,2 x 16GB,11,16,1,
Corsair Mac Memory 32 GB,DDR3-1866,4 x 8GB,11,11,0,
GeIL EVO X 16 GB,DDR4-3000,2 x 8GB,10,15,3,
GALAX HOF 16 GB,DDR4-3600,2 x 8GB,9,17,3,
Corsair Dominator Platinum Chrome 32 GB,DDR4-3200,2 x 16GB,8,14,0,
Corsair Dominator Platinum Chrome 32 GB,DDR4-3200,4 x 8GB,8,14,1,
G.Skill NS 16 GB,DDR4-2400,2 x 8GB,12,15,0,
Patriot Viper 4 8 GB,DDR4-2400,1 x 8GB,12,15,1,
Avexir Green Tesla 32 GB,DDR4-3000,4 x 8GB,10,16,0,
TEAMGROUP T-Force / Night Hawk 16 GB,DDR4-3200,2 x 8GB,10,16,0,
TEAMGROUP T-Force / Night Hawk 16 GB,DDR4-3000,2 x 8GB,10,16,5,
TEAMGROUP T-Force Xtreem 8 GB,DDR4-3466,2 x 4GB,9,17,0,
Avexir AVD4SZ121331508G-1B 8 GB,DDR4-2133,1 x 8GB,14,15,0,
Corsair Vengeance Performance 64 GB,DDR4-2666,4 x 16GB,13,18,0,
Kingston HX421S14IBK4/32 64 GB,DDR4-2133,4 x 16GB,13,14,0,
Kingston Impact 64 GB,DDR4-2400,4 x 16GB,12,15,0,
Kingston KCP421SD8/16 16 GB,DDR4-2133,1 x 16GB,14,15,0,
TEAMGROUP Night Hawk RGB 16 GB,DDR4-2666,2 x 8GB,11,15,0,
TEAMGROUP Night Hawk RGB 16 GB,DDR4-3200,2 x 8GB,10,16,14,
TEAMGROUP Vulcan 8 GB,DDR4-3000,2 x 4GB,10,16,10,
TEAMGROUP Delta 8 GB,DDR4-2400,2 x 4GB,12,15,0,
GeIL EVO X AMD Edition 16 GB,DDR4-3200,2 x 8GB,10,16,1,
Apacer Panther Silver 8 GB,DDR4-2400,1 x 8GB,13,16,0,
Crucial CT51272BA186DJ 4 GB,DDR3-1866,1 x 4GB,13,13,0,39.99
Micron MT18KSF51272HZ-1G6K2 4 GB,DDR3-1600,1 x 4GB,13,11,0,
GeIL SUPER LUCE RGB SYNC 16 GB,DDR4-3000,2 x 8GB,10,16,6,
TEAMGROUP T-Force Delta RGB 8 GB,DDR4-2400,1 x 8GB,12,15,1,
ADATA AX4U2400W4G16-DRG 8 GB,DDR4-2400,2 x 4GB,13,16,0,
ADATA AX4U2666W4G16-DRG 8 GB,DDR4-2666,2 x 4GB,12,16,0,
ADATA AX4U2400316G16-DRG 32 GB,DDR4-2400,2 x 16GB,13,16,0,
Avexir Core White 32 GB,DDR4-2400,4 x 8GB,13,16,0,
Avexir Impact ROG 16 GB,DDR4-2666,4 x 4GB,11,15,0,
Avexir Impact ROG 32 GB,DDR4-2666,4 x 8GB,11,15,0,
Avexir Tesla ROG 32 GB,DDR4-2666,4 x 8GB,11,15,0,
Avexir Core Blue 16 GB,DDR4-2666,4 x 4GB,12,17,0,
Avexir Core Amber White 32 GB,DDR4-2666,4 x 8GB,12,17,0,
Avexir Blitz 32 GB,DDR4-3200,4 x 8GB,10,16,0,
TEAMGROUP T-Force Dark 4 GB,DDR4-2666,1 x 4GB,11,15,0,
TEAMGROUP T-Force Vulcan 8 GB,DDR4-3200,2 x 4GB,10,16,4,
TEAMGROUP TDGED416G3200HC16CDC01 16 GB,DDR4-3200,2 x 8GB,10,16,0,
TEAMGROUP T-Force Dark Pro 8 GB,DDR4-3000,2 x 4GB,10,15,0,
GeIL SUPER LUCE RGB 8 GB,DDR4-2133,2 x 4GB,14,15,0,
Crucial CT32G4RFD4213 32 GB,DDR4-2133,1 x 32GB,14,15,0,188.99
GeIL SUPER LUCE RGB 16 GB,DDR4-3200,2 x 8GB,10,16,2,
Crucial CT8G4RFS4266 8 GB,DDR4-2666,1 x 8GB,14,19,0,
Crucial CT8G4RFD824A 8 GB,DDR4-2400,1 x 8GB,14,17,0,127.51
GeIL GS48GB2133C15SC 8 GB,DDR4-2133,1 x 8GB,14,15,0,
GeIL GS416GB2133C15DC 16 GB,DDR4-2133,2 x 8GB,14,15,0,
GeIL GS432GB2133C15DC 32 GB,DDR4-2133,2 x 16GB,14,15,0,
GeIL GS48GB2133C15DC 8 GB,DDR4-2133,2 x 4GB,14,15,0,
GeIL GS44GB2133C15SC 4 GB,DDR4-2133,1 x 4GB,14,15,0,
Corsair Vengeance LED 16 GB,DDR4-3000,2 x 8GB,10,16,1,
TEAMGROUP T-Force Night Hawk RGB 16 GB,DDR4-4000,2 x 8GB,9,18,0,
TEAMGROUP T-Force Dark 64 GB,DDR4-2400,4 x 16GB,11,14,0,
TEAMGROUP T-Force Vulcan 4 GB,DDR4-2666,1 x 4GB,11,15,0,
Kingston KCP424SS6/4 4 GB,DDR4-2400,1 x 4GB,14,17,0,
Kingston HyperX Impact 16 GB,DDR4-2666,1 x 16GB,11,15,0,
Kingston KSM24RS4/16HAI 16 GB,DDR4-2400,1 x 16GB,14,17,0,
Patriot Viper LED 16 GB,DDR4-2666,2 x 8GB,11,15,1,
V7 V7192008GBD 8 GB,DDR4-2400,1 x 8GB,14,17,0,
V7 V7192008GBS 8 GB,DDR4-2400,1 x 8GB,14,17,0,
ADATA Flame 4 GB,DDR4-2400,1 x 4GB,13,16,0,
VisionTek 900384 2 GB,DDR3-1333,1 x 2GB,13,9,0,
VisionTek 900849 8 GB,DDR3-1866,1 x 8GB,13,13,0,
Crucial CT16G3ERVLD4160B 16 GB,DDR3-1333,1 x 16GB,16,11,0,
Crucial CT2K25664BD160BA 4 GB,DDR3-1600,2 x 2GB,13,11,0,
Crucial CT2K8G3ERSLD8160B 16 GB,DDR3-1600,2 x 8GB,13,11,0,
Crucial CT2K8G3ERSLS4160B 16 GB,DDR3-1600,2 x 8GB,13,11,0,169.99
Crucial CT3K8G3ERSLD8160B 24 GB,DDR3-1600,3 x 8GB,13,11,0,
Crucial CT8G3ERSDD8186D 8 GB,DDR3-1866,1 x 8GB,13,13,0,
Samsung M393B1G70DB0-YK0 8 GB,DDR3-1600,1 x 8GB,13,11,1,
Silicon Power SU016GLLTU160N22AC 16 GB,DDR3-1600,2 x 8GB,13,11,0,
Crucial CT102472BF160B 8 GB,DDR3-1600,1 x 8GB,13,11,0,44.99
Crucial CT2K51264BD186DJ 8 GB,DDR3-1866,2 x 4GB,13,13,0,
Crucial CT8G4WFD8266 8 GB,DDR4-2666,1 x 8GB,14,19,0,
Compustocx CSXA-LO-1333-4G-KIT 4 GB,DDR3-1333,1 x 4GB,13,9,0,
Crucial Ballistix Tactical Tracer 32 GB,DDR4-2666,2 x 16GB,12,16,0,
Crucial Ballistix Tactical Tracer 16 GB,DDR4-3000,2 x 8GB,10,16,1,
Samsung M393A4K40CB1-CRC4Q 32 GB,DDR4-2400,1 x 32GB,14,17,0,
TEAMGROUP BLS4K8G4D240FSCK 4 GB,DDR4-2400,1 x 4GB,13,16,0,
Kingston KTH-PL426S8/8G 8 GB,DDR4-2666,1 x 8GB,14,19,0,249.99
Kingston KCS-UC426/16G 16 GB,DDR4-2666,1 x 16GB,14,19,0,
Kingston KCP424ES8/8DUP 8 GB,DDR4-2400,1 x 8GB,14,17,0,
Crucial CT2K4G4RFS8266 8 GB,DDR4-2666,2 x 4GB,14,19,0,
Klevv BOLT 4 GB,DDR4-2400,1 x 4GB,12,15,0,
Crucial CT16G4RFD4266 16 GB,DDR4-2666,1 x 16GB,14,19,0,128.99
ADATA XPG SPECTRIX D80 16 GB,DDR4-3600,2 x 8GB,9,17,0,
Crucial CT4G4WFS8266 4 GB,DDR4-2666,1 x 4GB,14,19,0,
Corsair Dominator Platinum Special Edition 32 GB,DDR4-3200,4 x 8GB,8,14,0,
Crucial Ballistix Sport AT 64 GB,DDR4-2666,4 x 16GB,12,16,0,
Crucial Ballistix Sport AT 32 GB,DDR4-3000,4 x 8GB,11,17,0,
GeIL TUF SUPER LUCE 16 GB,DDR4-2400,2 x 8GB,13,16,0,
GeIL TUF SUPER LUCE 16 GB,DDR4-3000,2 x 8GB,10,16,2,
GeIL TUF SUPER LUCE 8 GB,DDR4-2400,2 x 4GB,13,16,0,
Corsair CMSX4GX4M1A2400C16 4 GB,DDR4-2400,1 x 4GB,13,16,0,
ADATA AD4S240038G17-R 8 GB,DDR4-2400,1 x 8GB,14,17,0,
TEAMGROUP T-Force Night Hawk Legend RGB 16 GB,DDR4-3466,2 x 8GB,9,16,0,
Crucial CT2K4G4SFS624A 8 GB,DDR4-2400,2 x 4GB,14,17,0,
Crucial CT4G4SFS624A 4 GB,DDR4-2400,1 x 4GB,14,17,0,
Klevv Fit 16 GB,DDR3-2133,2 x 8GB,9,10,0,
TEAMGROUP T-Force Xtreem 16 GB,DDR4-3733,2 x 8GB,9,18,1,
GeIL SUPER LUCE RGB SYNC 16 GB,DDR4-3200,2 x 8GB,8,14,0,
ADATA AD4S2666316G19-D 32 GB,DDR4-2666,2 x 16GB,14,19,0,
Silicon Power SU016GBSFU240B02NA 16 GB,DDR4-2400,1 x 16GB,14,17,0,
Silicon Power SU016GBSFU266B22NA 16 GB,DDR4-2666,2 x 8GB,14,19,0,
Kingston KSM24ES8/8ME 8 GB,DDR4-2400,1 x 8GB,14,17,0,
Silicon Power SU016GBLFU266B02NA 16 GB,DDR4-2666,1 x 16GB,14,19,0,
TEAMGROUP XCalibur Phantom Gaming RGB 16 GB,DDR4-4000,2 x 8GB,9,18,0,
Super Talent F24EB16GS 16 GB,DDR4-2400,1 x 16GB,14,17,0,
GeIL GS48GB2400C16SC 8 GB,DDR4-2400,1 x 8GB,13,16,0,
Crucial Ballistix Sport LT 64 GB,DDR4-3000,4 x 16GB,10,15,1,
TEAMGROUP TLGD48G2666HC15BBK 8 GB,DDR4-2666,1 x 8GB,11,15,1,
TEAMGROUP T-Force Vulcan 16 GB,DDR4-3200,2 x 8GB,10,16,2,
Crucial CT16G4RFS4293 16 GB,DDR4-2933,1 x 16GB,14,21,0,
OLOy MD4MU081G83016D 16 GB,DDR4-3000,2 x 8GB,10,16,0,
OLOy MD4U042417IBDA 8 GB,DDR4-2400,2 x 4GB,14,17,0,
OLOy MD4MU081G83014D 16 GB,DDR4-3000,2 x 8GB,9,14,0,
OLOy MD4U083216BADA 16 GB,DDR4-3200,2 x 8GB,10,16,0,
OLOy MD4MU081G83016DI 16 GB,DDR4-3000,2 x 8GB,10,16,0,
OLOy MD4U082417IBDA 16 GB,DDR4-2400,2 x 8GB,14,17,0,
OLOy MD4U083618IADA 16 GB,DDR4-3600,2 x 8GB,10,18,0,
OLOy MD4U042417IBSA 4 GB,DDR4-2400,1 x 4GB,14,17,0,
OLOy MD4U042417BBSA 4 GB,DDR4-2400,1 x 4GB,14,17,0,
OLOy MD4U083016IADA 16 GB,DDR4-3000,2 x 8GB,10,16,0,
TEAMGROUP T-Force T1 16 GB,DDR4-2666,2 x 8GB,13,18,0,
TEAMGROUP T-Force T1 4 GB,DDR4-2400,1 x 4GB,12,15,0,
TEAMGROUP T-Force Vulcan Z 4 GB,DDR4-3000,1 x 4GB,10,16,0,
Crucial CT16G4RFD4266-2G6E1 16 GB,DDR4-2666,1 x 16GB,14,19,0,
OLOy MD4U163016BADA 32 GB,DDR4-3000,2 x 16GB,10,16,0,
OLOy MD4U163016BASA 16 GB,DDR4-3000,1 x 16GB,10,16,0,
OLOy MD4U083015BADA 16 GB,DDR4-3000,2 x 8GB,10,15,0,
OLOy MD4U083016BADA 16 GB,DDR4-3000,2 x 8GB,10,16,0,
OLOy WarHawk RGB 16 GB,DDR4-3600,2 x 8GB,10,18,3,
OLOy MD4U083016BFDA 16 GB,DDR4-3000,2 x 8GB,10,16,0,
OLOy MD4U083618BFDA 16 GB,DDR4-3600,2 x 8GB,10,18,0,
OLOy MD4U082417BBST 8 GB,DDR4-2400,1 x 8GB,14,17,0,
GeIL EVO X II AMD 16 GB,DDR4-3600,2 x 8GB,10,18,3,
Crucial Ballistix Tactical Tracer RGB 32 GB,DDR4-3000,4 x 8GB,10,15,0,
Crucial Ballistix Tactical Tracer RGB 8 GB,DDR4-3000,1 x 8GB,10,15,0,
GeIL EVO X II 32 GB,DDR4-3000,2 x 16GB,10,16,0,
V-Color TB416G24D817 16 GB,DDR4-2400,1 x 16GB,14,17,0,
TEAMGROUP T-Force Dark Z 32 GB,DDR4-3200,2 x 16GB,10,16,2,
GeIL SUPER LUCE RGB SYNC Series TUF Gaming Alliance AMD Edition 16 GB,DDR4-3200,2 x 8GB,10,16,0,
Corsair Dominator Platinum Special Edition CONTRAST 32 GB,DDR4-3466,2 x 16GB,9,16,0,
Kingston KSM26RS8/8MEI 8 GB,DDR4-2666,1 x 8GB,14,19,0,74.18
Kingston KCP426SS6/4 4 GB,DDR4-2666,1 x 4GB,12,17,0,
OLOy MD4U163216CFDA 32 GB,DDR4-3200,2 x 16GB,10,16,0,
Kingston HyperX Predator RGB 8 GB,DDR4-3600,1 x 8GB,9,17,1,
Corsair Dominator Platinum RGB 64 GB,DDR4-3200,4 x 16GB,10,16,6,
GeIL EVO SPEAR Phantom Gaming 16 GB,DDR4-3000,2 x 8GB,10,16,0,
GeIL GeIL EVO X II 16GB ,DDR4-3600,2 x 8GB,10,18,0,
GeIL GeIL 16GB ,DDR4-3600,2 x 8GB,10,18,1,
OLOy MD4U163016CHSA 16 GB,DDR4-3000,1 x 16GB,10,16,0,
OLOy MD4U163016CJQA 64 GB,DDR4-3000,4 x 16GB,10,16,0,
OLOy MD4U162417BGDA 32 GB,DDR4-2400,2 x 16GB,14,17,0,
OLOy MD4U162619BGDA 32 GB,DDR4-2666,2 x 16GB,14,19,0,
OLOy MD4U1636181CHRDA 32 GB,DDR4-3600,2 x 16GB,10,18,0,
OLOy MD4U162616DJDA 32 GB,DDR4-2666,2 x 16GB,12,16,0,
OLOy MD4U162619BJDA 32 GB,DDR4-2666,2 x 16GB,14,19,0,
Kingston KSM29RD4/32MEI 32 GB,DDR4-2933,1 x 32GB,14,21,0,
Kingston HyperX Impact 8 GB,DDR4-2400,1 x 8GB,11,14,0,
OLOy MD4U3230161DHMQA 128 GB,DDR4-3000,4 x 32GB,10,16,0,
Thermaltake H-ONE 8 GB,DDR4-2666,1 x 8GB,14,19,0,
OLOy ND4U1632161DH0DA 32 GB,DDR4-3200,2 x 16GB,10,16,0,
TEAMGROUP T-Force Delta TUF Gaming Alliance 32 GB,DDR4-3200,2 x 16GB,10,16,0,
OLOy MD4U163016BBSA 16 GB,DDR4-3000,1 x 16GB,10,16,0,
Thermaltake TOUGHRAM RC 16 GB,DDR4-4000,2 x 8GB,9,19,0,
Silicon Power SU016GBLFU240BD2AH 16 GB,DDR4-2400,2 x 8GB,14,17,0,
Kingston KSM29RD4/64HAR 64 GB,DDR4-2933,1 x 64GB,14,21,0,
Kingston KSM26RS8/16MEI 16 GB,DDR4-2666,1 x 16GB,14,19,0,
Apacer AS 16 GB,DDR4-2666,1 x 16GB,14,19,0,
Apacer AS 8 GB,DDR4-2666,1 x 8GB,14,19,0,
Apacer AS 4 GB,DDR4-2666,1 x 4GB,14,19,0,
Neo Forza NMUD340D81-1600CA10 4 GB,DDR3-1600,1 x 4GB,13,11,0,
Kingston KSM26ED8/32ME 32 GB,DDR4-2666,1 x 32GB,14,19,0,
TEAMGROUP T-Force Dark Z 64 GB,DDR4-3200,2 x 32GB,10,16,0,
Silicon Power SU016GBLFU266BD2J6 16 GB,DDR4-2666,2 x 8GB,14,19,0,
Silicon Power SU016GXLZU320BDAJ6 16 GB,DDR4-3200,2 x 8GB,10,16,0,
Silicon Power SU032GBSFU266B22AB 32 GB,DDR4-2666,2 x 16GB,14,19,0,
Silicon Power SP016GLSTU160N22IP 16 GB,DDR3-1600,2 x 8GB,13,11,0,
Silicon Power SP008GBSFU266B02 8 GB,DDR4-2666,1 x 8GB,14,19,0,
Silicon Power SP016GBSFU266B22 16 GB,DDR4-2666,2 x 8GB,14,19,0,
Silicon Power SP016GBSFU266F02 16 GB,DDR4-2666,1 x 16GB,14,19,0,
Silicon Power SP032GBSFU266F22 32 GB,DDR4-2800,2 x 16GB,13,19,0,
Corsair Vengeance RGB RS 128 GB,DDR4-3200,4 x 32GB,10,16,1,
Acer Predator Apollo RGB 64 GB,DDR4-3200,2 x 32GB,10,16,0,
Acer Predator Talos 32 GB,DDR4-3200,2 x 16GB,10,16,0,
Acer Predator Talos 64 GB,DDR4-3200,2 x 32GB,10,16,0,
HP V8 RGB 32 GB,DDR4-3600,2 x 16GB,10,18,0,
GeIL Orion RGB AMD Edition 128 GB,DDR4-2666,4 x 32GB,14,19,0,
GeIL Orion AMD Edition 64 GB,DDR4-2666,2 x 32GB,14,19,0,
GeIL EVO Potenza AMD Edition 32 GB,DDR4-2133,2 x 16GB,14,15,0,
GeIL EVO Potenza AMD Edition 64 GB,DDR4-3200,2 x 32GB,11,18,0,
GeIL EVO Potenza AMD Edition 32 GB,DDR4-3200,2 x 16GB,10,16,1,
GeIL Polaris RGB 64 GB,DDR5-4800,2 x 32GB,16,40,0,
Kingston Fury Renegade RGB 128 GB,DDR4-3200,4 x 32GB,10,16,0,
Addlink Spider 4 8 GB,DDR4-3600,1 x 8GB,10,18,0,
Addlink Spider N4 8 GB,DDR4-3200,1 x 8GB,13,22,0,
Addlink Spider N4 16 GB,DDR4-3200,1 x 16GB,13,22,0,
Addlink Spider N4 32 GB,DDR4-3200,1 x 32GB,13,22,0,
Addlink Spider N4 64 GB,DDR4-3200,2 x 32GB,13,22,0,
Kingston FURY Renegade 128 GB,DDR4-2666,4 x 32GB,11,15,0,
TEAMGROUP T-Force Dark Za 64 GB,DDR4-3200,2 x 32GB,10,16,0,
Mushkin Redline Lumina 64 GB,DDR4-3200,2 x 32GB,10,16,1,
G.Skill Sniper X 8 GB,DDR4-3600,1 x 8GB,10,19,0,
G.Skill F4-3200C15D-16GTZKO 16 GB,DDR4-3200,2 x 8GB,9,15,0,
G.Skill F4-3200C15D-16GTZKY 16 GB,DDR4-3200,2 x 8GB,9,15,0,
G.Skill F4-3200C15Q-64GTZSW 64 GB,DDR4-3200,4 x 16GB,9,15,0,
G.Skill F4-3200C15Q2-128GTZ 128 GB,DDR4-3200,8 x 16GB,9,15,0,
G.Skill F4-3200C15Q2-128GTZSW 128 GB,DDR4-3200,8 x 16GB,9,15,0,
G.Skill F4-3200C16D-16GTZKO 16 GB,DDR4-3200,2 x 8GB,10,16,0,
G.Skill F4-3200C16D-32GTZKO 32 GB,DDR4-3200,2 x 16GB,10,16,0,
G.Skill F4-3200C16D-32GTZKY 32 GB,DDR4-3200,2 x 16GB,10,16,0,
G.Skill F4-3200C16Q-32GTZKO 32 GB,DDR4-3200,4 x 8GB,10,16,0,
G.Skill F4-3200C16Q-64GTZ 64 GB,DDR4-3200,4 x 16GB,10,16,0,
G.Skill F4-3200C16Q-64GTZKO 64 GB,DDR4-3200,4 x 16GB,10,16,0,
G.Skill F4-3200C16Q-64GTZKW 64 GB,DDR4-3200,4 x 16GB,10,16,0,
G.Skill F4-3200C16Q-64GTZKY 64 GB,DDR4-3200,4 x 16GB,10,16,0,
G.Skill F4-3200C16Q-64GTZSW 64 GB,DDR4-3200,4 x 16GB,10,16,0,
G.Skill F4-3200C16Q2-128GTZKO 128 GB,DDR4-3200,8 x 16GB,10,16,0,
G.Skill F4-3200C16Q2-128GTZKW 128 GB,DDR4-3200,8 x 16GB,10,16,0,
G.Skill F4-3200C16Q2-128GTZKY 128 GB,DDR4-3200,8 x 16GB,10,16,0,
G.Skill F4-3200C16Q2-128GTZSW 128 GB,DDR4-3200,8 x 16GB,10,16,0,
G.Skill F4-3200C16Q2-64GTZB 64 GB,DDR4-3200,8 x 8GB,10,16,0,
G.Skill F4-3200C16Q2-64GTZKO 64 GB,DDR4-3200,8 x 8GB,10,16,0,
G.Skill F4-3200C16Q2-64GTZKW 64 GB,DDR4-3200,8 x 8GB,10,16,0,
G.Skill F4-3200C16Q2-64GTZSK 64 GB,DDR4-3200,8 x 8GB,10,16,0,
G.Skill F4-3200C16Q2-64GTZSW 64 GB,DDR4-3200,8 x 8GB,10,16,0,
G.Skill F4-3600C16Q2-64GTZKK 64 GB,DDR4-3600,8 x 8GB,8,16,0,
G.Skill F4-3600C16Q2-64GTZSW 64 GB,DDR4-3600,8 x 8GB,8,16,0,
G.Skill F4-3600C17D-32GTZSW 32 GB,DDR4-3600,2 x 16GB,9,17,0,
G.Skill F4-3600C17Q-64GTZ 64 GB,DDR4-3600,4 x 16GB,9,17,0,
G.Skill F4-3600C17Q-64GTZSW 64 GB,DDR4-3600,4 x 16GB,9,17,0,
G.Skill F4-3600C17Q2-128GTZKK 128 GB,DDR4-3600,8 x 16GB,9,17,0,
G.Skill F4-3600C17Q2-128GTZSW 128 GB,DDR4-3600,8 x 16GB,9,17,0,
G.Skill F4-3866C18Q-32GTZ 32 GB,DDR4-3866,4 x 8GB,9,18,0,
G.Skill F4-3866C18Q-32GTZSW 32 GB,DDR4-3866,4 x 8GB,9,18,0,
G.Skill F4-4000C18Q-32GTZ 32 GB,DDR4-4000,4 x 8GB,9,18,0,
G.Skill F4-4000C18Q-32GTZSW 32 GB,DDR4-4000,4 x 8GB,9,18,0,
G.Skill F4-4000C18Q2-64GTZKK 64 GB,DDR4-4000,8 x 8GB,9,18,0,
G.Skill F4-4133C19Q-32GTZKKF 32 GB,DDR4-4133,4 x 8GB,9,19,0,
G.Skill F4-4133C19Q-32GTZSWF 32 GB,DDR4-4133,4 x 8GB,9,19,0,
G.Skill F4-4200C19Q2-64GTZSW 64 GB,DDR4-4200,8 x 8GB,9,19,0,
G.Skill Ares 4 GB,DDR3-1600,1 x 4GB,11,9,0,
G.Skill Ares 64 GB,DDR3-1333,8 x 8GB,13,9,0,
G.Skill Trident Z RGB ,DDR4-2400,4 x 16GB,12,15,0,
G.Skill Trident Z RGB ,DDR4-2933,8 x 16GB,9,14,0,
Acer UD100 4 GB,DDR4-2666,1 x 4GB,14,19,0,
Acer Predator Vesta RGB 32 GB,DDR4-3200,2 x 16GB,8,14,0,
Silicon Power XPOWER Zenith Gaming 64 GB,DDR5-5200,2 x 32GB,14,38,0,
Silicon Power XPOWER AirCool 8 GB,DDR4-2666,1 x 8GB,12,16,0,
Silicon Power SP004GBLFU213N01 4 GB,DDR4-2133,1 x 4GB,14,15,0,
Silicon Power SP004GBLFU213X02 4 GB,DDR4-2133,1 x 4GB,14,15,0,
Silicon Power SP004GBLFU240N01 4 GB,DDR4-2400,1 x 4GB,14,17,0,
Silicon Power SP004GBLFU266N02 4 GB,DDR4-2666,1 x 4GB,14,19,0,
Silicon Power SP008GBLFU213B01 8 GB,DDR4-2133,1 x 8GB,14,15,0,
Silicon Power SP008GBLFU213N02 8 GB,DDR4-2133,1 x 8GB,14,15,0,
Silicon Power SP008GBLFU213N21 8 GB,DDR4-2133,2 x 4GB,14,15,0,
Silicon Power SP008GBLFU213N22 8 GB,DDR4-2133,2 x 4GB,14,15,0,
Silicon Power SP008GBLFU213X02 8 GB,DDR4-2133,1 x 8GB,14,15,0,
Silicon Power SP008GBLFU213X22 8 GB,DDR4-2133,2 x 4GB,14,15,0,
Silicon Power SP008GBLFU240B01 8 GB,DDR4-2400,1 x 8GB,14,17,0,
Silicon Power SP008GBLFU240B02 8 GB,DDR4-2400,1 x 8GB,14,17,0,
Silicon Power SP008GBLFU240N02 8 GB,DDR4-2400,1 x 8GB,14,17,0,
Silicon Power SP008GBLFU240N21 8 GB,DDR4-2400,2 x 4GB,14,17,0,
Silicon Power SP008GBLFU240N22 8 GB,DDR4-2400,2 x 4GB,14,17,0,
Silicon Power SP008GBLFU240X22 8 GB,DDR4-2400,2 x 4GB,14,17,0,
Silicon Power SP008GBLFU266B01 8 GB,DDR4-2666,1 x 8GB,14,19,0,
Silicon Power SP008GBLFU266N22 8 GB,DDR4-2666,2 x 4GB,14,19,0,
Silicon Power SP008GBLFU266X22 8 GB,DDR4-2666,2 x 4GB,14,19,0,
Silicon Power SP008GBLFU320B01 8 GB,DDR4-3200,1 x 8GB,13,22,0,
Silicon Power SP016GBLFU213B01 16 GB,DDR4-2133,1 x 16GB,14,15,0,
Silicon Power SP016GBLFU213B02 16 GB,DDR4-2133,1 x 16GB,14,15,0,
Silicon Power SP016GBLFU213B22 16 GB,DDR4-2133,2 x 8GB,14,15,0,
Silicon Power SP016GBLFU213N42 16 GB,DDR4-2133,4 x 4GB,14,15,0,
Silicon Power SP016GBLFU213X02 16 GB,DDR4-2133,1 x 16GB,14,15,0,
Silicon Power SP016GBLFU213X22 16 GB,DDR4-2133,2 x 8GB,14,15,0,
Silicon Power SP016GBLFU240B01 16 GB,DDR4-2400,1 x 16GB,14,17,0,
Silicon Power SP016GBLFU240B02 16 GB,DDR4-2400,1 x 16GB,14,17,0,
Silicon Power SP016GBLFU240B21 16 GB,DDR4-2400,2 x 8GB,14,17,0,
Silicon Power SP016GBLFU240B22 16 GB,DDR4-2400,2 x 8GB,14,17,0,
Silicon Power SP016GBLFU240F02 16 GB,DDR4-2400,1 x 16GB,14,17,0,
Silicon Power SP016GBLFU240X22 16 GB,DDR4-2400,2 x 8GB,14,17,0,
Silicon Power SP016GBLFU266B01 16 GB,DDR4-2666,1 x 16GB,14,19,0,
Silicon Power SP016GBLFU266F01 16 GB,DDR4-2666,1 x 16GB,14,19,0,
Silicon Power SP016GBLFU266F02 16 GB,DDR4-2666,1 x 16GB,14,19,0,
Silicon Power SP016GBLFU320B01 16 GB,DDR4-3200,1 x 16GB,13,22,0,
Silicon Power SP016GBLFU320B21 16 GB,DDR4-3200,2 x 8GB,13,22,0,
Silicon Power SP016GBLFU320F01 16 GB,DDR4-3200,1 x 16GB,13,22,0,
Silicon Power SP032GBLFU213B21 32 GB,DDR4-2133,2 x 16GB,14,15,0,
Silicon Power SP032GBLFU213B22 32 GB,DDR4-2133,2 x 16GB,14,15,0,
Silicon Power SP032GBLFU213X22 32 GB,DDR4-2133,2 x 16GB,14,15,0,
Silicon Power SP032GBLFU240B21 32 GB,DDR4-2400,2 x 16GB,14,17,0,
Silicon Power SP032GBLFU240B22 32 GB,DDR4-2400,2 x 16GB,14,17,0,
Silicon Power SP032GBLFU240X22 32 GB,DDR4-2400,2 x 16GB,14,17,0,
Silicon Power SP032GBLFU266B22 32 GB,DDR4-2666,2 x 16GB,14,19,0,
Silicon Power SP032GBLFU266F01 32 GB,DDR4-2666,1 x 32GB,14,19,0,
Silicon Power SP032GBLFU266F02 32 GB,DDR4-2666,1 x 32GB,14,19,0,
Silicon Power SP032GBLFU266F21 32 GB,DDR4-2666,2 x 16GB,14,19,0,
Silicon Power SP032GBLFU266F22 32 GB,DDR4-2666,2 x 16GB,14,19,0,
Silicon Power SP032GBLFU320B21 32 GB,DDR4-3200,2 x 16GB,13,22,0,
Silicon Power SP032GBLFU320B22 32 GB,DDR4-3200,2 x 16GB,13,22,0,
Silicon Power SP032GBLFU320F01 32 GB,DDR4-3200,1 x 32GB,13,22,0,
Silicon Power SP032GBLFU320F02 32 GB,DDR4-3200,1 x 32GB,13,22,0,
Silicon Power SP032GBLFU320F21 32 GB,DDR4-3200,2 x 16GB,13,22,0,
Silicon Power SP032GBLFU320F22 32 GB,DDR4-3200,2 x 16GB,13,22,0,
Silicon Power SP064GBLFU266F21 64 GB,DDR4-2666,2 x 32GB,14,19,0,
Silicon Power SP064GBLFU266F22 64 GB,DDR4-2666,2 x 32GB,14,19,0,
Silicon Power SP064GBLFU266X22 64 GB,DDR4-2666,2 x 32GB,14,19,0,
Silicon Power SP064GBLFU320F21 64 GB,DDR4-3200,2 x 32GB,13,22,0,
Silicon Power SP064GBLFU320F22 64 GB,DDR4-3200,2 x 32GB,13,22,0,
Silicon Power SP064GBLFU320X22 64 GB,DDR4-3200,2 x 32GB,13,22,0,
Silicon Power SP016GBSVU480G22 16 GB,DDR5-4800,2 x 8GB,16,40,0,
Silicon Power SP004GBSFU213N01 4 GB,DDR4-2133,1 x 4GB,14,15,0,
Silicon Power SP004GBSFU213N02 4 GB,DDR4-2133,1 x 4GB,14,15,0,
Silicon Power SP004GBSFU213X02 4 GB,DDR4-2133,1 x 4GB,14,15,0,
Silicon Power SP004GBSFU240N01 4 GB,DDR4-2400,1 x 4GB,14,17,0,
Silicon Power SP004GBSFU266N02 4 GB,DDR4-2666,1 x 4GB,14,19,0,
Silicon Power SP004GBSFU266C02 4 GB,DDR4-2666,1 x 4GB,14,19,0,
Silicon Power SP004GBSFU240X02 4 GB,DDR4-2400,1 x 4GB,14,17,0,
Silicon Power SP004GBSFU240N02 4 GB,DDR4-2400,1 x 4GB,14,17,0,
Silicon Power SP004GBSFU266X02 4 GB,DDR4-2666,1 x 4GB,14,19,0,
Silicon Power SP008GBSFU213B01 8 GB,DDR4-2133,1 x 8GB,14,15,0,
Silicon Power SP008GBSFU213B02 8 GB,DDR4-2133,1 x 8GB,14,15,0,
Silicon Power SP008GBSFU213N02 8 GB,DDR4-2133,1 x 8GB,14,15,0,
Silicon Power SP008GBSFU213N21 8 GB,DDR4-2133,2 x 4GB,14,15,0,
Silicon Power SP008GBSFU213X02 8 GB,DDR4-2133,1 x 8GB,14,15,0,
Silicon Power SP008GBSFU213X22 8 GB,DDR4-2133,2 x 4GB,14,15,0,
Silicon Power SP008GBSFU240B01 8 GB,DDR4-2400,1 x 8GB,14,17,0,
Silicon Power SP008GBSFU240B02 8 GB,DDR4-2400,1 x 8GB,14,17,0,
Silicon Power SP008GBSFU240N02 8 GB,DDR4-2400,1 x 8GB,14,17,0,
Silicon Power SP008GBSFU240N21 8 GB,DDR4-2400,2 x 4GB,14,17,0,
Silicon Power SP008GBSFU240N22 8 GB,DDR4-2400,2 x 4GB,14,17,0,
Silicon Power SP008GBSFU240X02 8 GB,DDR4-2400,1 x 8GB,14,17,0,
Silicon Power SP008GBSFU240X22 8 GB,DDR4-2400,2 x 4GB,14,17,0,
Silicon Power SP008GBSFU266B01 8 GB,DDR4-2666,1 x 8GB,14,19,0,
Silicon Power SP008GBSFU266N22 8 GB,DDR4-2666,2 x 4GB,14,19,0,
Silicon Power SP008GBSFU266X22 8 GB,DDR4-2666,2 x 4GB,14,19,0,
Silicon Power SP008GBSFU320B01 8 GB,DDR4-3200,1 x 8GB,13,22,0,
Silicon Power SP008GBSFU320X02 8 GB,DDR4-3200,1 x 8GB,13,22,0,
Silicon Power SP016GBSFU213B01 16 GB,DDR4-2133,1 x 16GB,14,15,0,
Silicon Power SP016GBSFU213B02 16 GB,DDR4-2133,1 x 16GB,14,15,0,198.55
Silicon Power SP016GBSFU213B21 16 GB,DDR4-2133,2 x 8GB,14,15,0,
Silicon Power SP016GBSFU213B22 16 GB,DDR4-2133,2 x 8GB,14,15,0,
Silicon Power SP016GBSFU213X02 16 GB,DDR4-2133,1 x 16GB,14,15,0,
Silicon Power SP016GBSFU213X22 16 GB,DDR4-2133,2 x 8GB,14,15,0,
Silicon Power SP016GBSFU240B01 16 GB,DDR4-2400,1 x 16GB,14,17,0,
Silicon Power SP016GBSFU240B02 16 GB,DDR4-2400,1 x 16GB,14,17,0,
Silicon Power SP016GBSFU240B21 16 GB,DDR4-2400,2 x 8GB,14,17,0,
Silicon Power SP016GBSFU240B22 16 GB,DDR4-2400,2 x 8GB,14,17,0,
Silicon Power SP016GBSFU240F02 16 GB,DDR4-2400,1 x 16GB,14,17,0,
Silicon Power SP016GBSFU240X02 16 GB,DDR4-2400,1 x 16GB,14,17,0,
Silicon Power SP016GBSFU240X22 16 GB,DDR4-2400,2 x 8GB,14,17,0,
Silicon Power SP016GBSFU266B01 16 GB,DDR4-2666,1 x 16GB,14,19,0,
Silicon Power SP016GBSFU266B02 16 GB,DDR4-2666,1 x 16GB,14,19,0,
Silicon Power SP016GBSFU266F01 16 GB,DDR4-2666,1 x 16GB,14,19,0,
Silicon Power SP016GBSFU266X02 16 GB,DDR4-2666,1 x 16GB,14,19,0,189.99
Silicon Power SP016GBSFU320B01 16 GB,DDR4-3200,1 x 16GB,13,22,0,
Silicon Power SP016GBSFU320B21 16 GB,DDR4-3200,2 x 8GB,13,22,0,
Silicon Power SP016GBSFU320F01 16 GB,DDR4-3200,1 x 16GB,13,22,0,
Silicon Power SP016GBSFU320F02 16 GB,DDR4-3200,1 x 16GB,13,22,0,
Silicon Power SP016GBSFU320X22 16 GB,DDR4-3200,2 x 8GB,13,22,0,
Silicon Power SP032GBSFU213B21 32 GB,DDR4-2133,2 x 16GB,14,15,0,
Silicon Power SP032GBSFU213B22 32 GB,DDR4-2133,2 x 16GB,14,15,0,
Silicon Power SP032GBSFU213X22 32 GB,DDR4-2133,2 x 16GB,14,15,0,
Silicon Power SP032GBSFU240B21 32 GB,DDR4-2400,2 x 16GB,14,17,0,
Silicon Power SP032GBSFU240B22 32 GB,DDR4-2400,2 x 16GB,14,17,0,
Silicon Power SP032GBSFU266B22 32 GB,DDR4-2666,2 x 16GB,14,19,0,
Silicon Power SP032GBSFU266F01 32 GB,DDR4-2666,1 x 32GB,14,19,0,
Silicon Power SP032GBSFU266F02 32 GB,DDR4-2666,1 x 32GB,14,19,0,
Silicon Power SP032GBSFU266F21 32 GB,DDR4-2666,2 x 16GB,14,19,0,
Silicon Power SP032GBSFU266X02 32 GB,DDR4-2666,1 x 32GB,14,19,0,
Silicon Power SP032GBSFU266X22 32 GB,DDR4-2666,2 x 16GB,14,19,0,
Silicon Power SP032GBSFU320B21 32 GB,DDR4-3200,2 x 16GB,13,22,0,
Silicon Power SP032GBSFU320B22 32 GB,DDR4-3200,2 x 16GB,13,22,0,
Silicon Power SP032GBSFU320F01 32 GB,DDR4-3200,1 x 32GB,13,22,0,
Silicon Power SP032GBSFU320F21 32 GB,DDR4-3200,2 x 16GB,13,22,0,
Silicon Power SP032GBSFU320F22 32 GB,DDR4-3200,2 x 16GB,13,22,0,
Silicon Power SP064GBSFU266F21 64 GB,DDR4-2666,2 x 32GB,14,19,0,
Silicon Power SP064GBSFU266F22 64 GB,DDR4-2666,2 x 32GB,14,19,0,
Silicon Power SP064GBSFU266X22 64 GB,DDR4-2666,1 x 64GB,14,19,0,
Silicon Power SP064GBSFU320F21 64 GB,DDR4-3200,2 x 32GB,13,22,0,
Silicon Power SP064GBSFU320F22 64 GB,DDR4-3200,2 x 32GB,13,22,0,
Silicon Power SP016GBLVU480G22 16 GB,DDR5-4800,2 x 8GB,16,40,0,
G.Skill Trident Z5 RGB Splave Edition 32 GB,DDR5-6400,2 x 16GB,10,32,0,
Samsung M393B1G73BH0-CK0 8 GB,DDR3-1600,1 x 8GB,13,11,0,
Silicon Power SP032GBLFU240BD2 32 GB,DDR4-2400,2 x 16GB,14,17,0,
Silicon Power SP008GBLFU240ND2 8 GB,DDR4-2400,2 x 4GB,14,17,0,
Silicon Power SP016GBLFU240BS2 16 GB,DDR4-2400,1 x 16GB,14,17,0,
Silicon Power SP008GBLFU240BS2 8 GB,DDR4-2400,1 x 8GB,14,17,0,
TEAMGROUP T-Force Zeus 8 GB,DDR4-3200,1 x 8GB,10,16,0,
PROXMEM SPEAR 32 GB,DDR5-5200,2 x 16GB,15,40,0,
PROXMEM KERBEROS 32 GB,DDR4-3600,2 x 16GB,7,14,0,
PROXMEM KERBEROS TUF 32 GB,DDR5-5600,2 x 16GB,10,28,1,
G.Skill Zeta R5 64 GB,DDR5-6400,4 x 16GB,10,32,0,
TEAMGROUP T-Force Vulcanα 8 GB,DDR5-5200,1 x 8GB,14,38,0,
OLOy WarHawk RGB 8 GB,DDR4-3600,1 x 8GB,10,18,0,
TEAMGROUP TPD432G3200HC2201 32 GB,DDR4-3200,1 x 32GB,13,22,0,
TEAMGROUP TPD48G3200HC22016 8 GB,DDR4-3200,1 x 8GB,13,22,0,
TEAMGROUP TPD48G3200HC2201 8 GB,DDR4-3200,1 x 8GB,13,22,0,
TEAMGROUP TPD44G3200HC2201 4 GB,DDR4-3200,1 x 4GB,13,22,0,
TEAMGROUP TPRD432G3200HC2201 32 GB,DDR4-3200,1 x 32GB,13,22,0,
TEAMGROUP TPRD48G3200HC22016 8 GB,DDR4-3200,1 x 8GB,13,22,0,
TEAMGROUP TPRD48G3200HC2201 8 GB,DDR4-3200,1 x 8GB,13,22,0,
TEAMGROUP TPRD44G3200HC2201 4 GB,DDR4-3200,1 x 4GB,13,22,0,
GeIL EVO V RGB 8 GB,DDR5-4800,1 x 8GB,16,40,0,
GeIL EVO V RGB 96 GB,DDR5-6400,2 x 48GB,11,38,0,
Mushkin Enhanced Redline 96 GB,DDR5-5600,2 x 48GB,16,46,0,
GOODRAM IRP-W4000D4V64L18S/8G 8 GB,DDR4-4000,1 x 8GB,9,18,0,
Silicon Power SP032GXLWU600FDEAE 32 GB,DDR5-6000,2 x 16GB,13,40,0,
Silicon Power SP064GBLVU560FD2AD 64 GB,DDR5-5600,2 x 32GB,16,46,0,
Lexar LD4AS032G-R2666U 32 GB,DDR4-2666,1 x 32GB,14,19,0,
Lexar LD4AS016G-R3200GSST 16 GB,DDR4-3200,1 x 16GB,13,22,0,
Lexar LD4AS008G-R3200GSST 8 GB,DDR4-3200,1 x 8GB,13,22,0,
Lexar LD4AS032G-R2666G 32 GB,DDR4-2666,1 x 32GB,14,19,0,
Lexar LD4AS032G-R2666GSST 32 GB,DDR4-2666,1 x 32GB,14,19,0,
Lexar LD4AS016G-R2666GSST 16 GB,DDR4-2666,1 x 16GB,14,19,0,
Lexar LD4AS008G-R2666G 8 GB,DDR4-2666,1 x 8GB,14,19,0,
Lexar LD4AS004G-R2666G 4 GB,DDR4-2666,1 x 4GB,14,19,0,
Lexar LD4AS004G-R2666GSST 4 GB,DDR4-2666,1 x 4GB,14,19,0,
Lexar LD4AS008G-R3200CSST 8 GB,DDR4-3200,1 x 8GB,13,22,0,
Lexar LD4AS032G-R2666C 32 GB,DDR4-2666,1 x 32GB,14,19,0,
Lexar LD4AS032G-R2666CSST 32 GB,DDR4-2666,1 x 32GB,14,19,0,
Lexar LD4AS016G-R2666C 16 GB,DDR4-2666,1 x 16GB,14,19,0,
Lexar LD4AS016G-R2666CSST 16 GB,DDR4-2666,1 x 16GB,14,19,0,
Lexar LD4AS008G-R2666C 8 GB,DDR4-2666,1 x 8GB,14,19,0,
Lexar LD4AS008G-R2666CSST 8 GB,DDR4-2666,1 x 8GB,14,19,0,
Lexar LD4AS004G-R2666C 4 GB,DDR4-2666,1 x 4GB,14,19,0,
Lexar LD4AS004G-R2666CSST 4 GB,DDR4-2666,1 x 4GB,14,19,0,
GeIL EVO X II AMD 64 GB,DDR4-4000,2 x 32GB,9,18,0,
VisionTek 901343 8 GB,DDR4-2933,1 x 8GB,14,21,0,
VisionTek 901345 32 GB,DDR4-2933,1 x 32GB,14,21,0,
Kingston KTD-PE426D8/16G 16 GB,DDR4-2666,1 x 16GB,14,19,0,
OLOy ND4U1632161DJ0SA 16 GB,DDR4-3200,1 x 16GB,10,16,0,
OLOy ND4U1632161DB1DA 32 GB,DDR4-3200,2 x 16GB,10,16,1,
Mushkin Enhanced Redline 32 GB,DDR4-4000,2 x 16GB,9,18,0,
G.Skill Performance 4 GB,DDR3-1333,2 x 2GB,13,9,0,
G.Skill Performance 2 GB,DDR3-1333,1 x 2GB,13,9,0,
G.Skill Ripjaws X 2 GB,DDR3-1333,1 x 2GB,13,9,0,
G.Skill Sniper 4 GB,DDR3-1333,1 x 4GB,13,9,0,
G.Skill Value 2 GB,DDR3-1600,1 x 2GB,11,9,0,
Silicon Power SP024GBSVU520P02 24 GB,DDR5-5200,1 x 24GB,16,42,0,
Silicon Power SP032GBSVU520F02 32 GB,DDR5-5200,1 x 32GB,16,42,0,
Silicon Power SP032GBSVU520F22 32 GB,DDR5-5200,2 x 16GB,16,42,0,
Silicon Power SP048GBSVU520P02 48 GB,DDR5-5200,1 x 48GB,16,42,0,
Silicon Power SP048GBSVU520P22 48 GB,DDR5-5200,2 x 24GB,16,42,0,
Silicon Power SP048GBSVU560P22 48 GB,DDR5-5600,2 x 24GB,16,46,0,
Silicon Power SP064GBSVU520F22 64 GB,DDR5-5200,2 x 32GB,16,42,0,
Silicon Power SP096GBSVU560P22 96 GB,DDR5-5600,2 x 48GB,16,46,0,
Silicon Power SP016GBLVU520F02 16 GB,DDR5-5200,1 x 16GB,16,42,0,
Silicon Power SP024GBLVU520P02 24 GB,DDR5-5200,1 x 24GB,16,42,0,
Silicon Power SP032GBLVU520F02 32 GB,DDR5-5200,1 x 32GB,16,42,0,
Silicon Power SP032GBLVU520F22 32 GB,DDR5-5200,2 x 16GB,16,42,0,
Silicon Power SP032GBLVU560F02 32 GB,DDR5-5600,1 x 32GB,16,46,0,410.97
Silicon Power SP048GBLVU520P02 48 GB,DDR5-5200,1 x 48GB,16,42,0,
Silicon Power SP048GBLVU560P22 48 GB,DDR5-5600,2 x 24GB,16,46,0,
Silicon Power SP064GBLVU520F22 64 GB,DDR5-5200,2 x 32GB,16,42,0,
Silicon Power SP096GBLVU560P22 96 GB,DDR5-5600,2 x 48GB,16,46,0,
Mushkin Proline 24 GB,DDR3-1333,3 x 8GB,13,9,0,
Mushkin Proline 6 GB,DDR3-1333,3 x 2GB,13,9,0,
Mushkin Proline 2 GB,DDR3-1333,1 x 2GB,13,9,0,
Mushkin Proline 3 GB,DDR3-1333,3 x 1GB,13,9,0,
Mushkin Proline 1 GB,DDR3-1333,1 x 1GB,13,9,0,
Mushkin Redline ST 8 GB,DDR3-2400,2 x 4GB,9,11,0,
Mushkin MES4S266KF8GX2 16 GB,DDR4-2666,2 x 8GB,14,19,0,
Mushkin MES4S266KF8G 8 GB,DDR4-2666,1 x 8GB,14,19,0,
Mushkin MES4S266KF16G 16 GB,DDR4-2666,1 x 16GB,14,19,0,
Mushkin MES4S266KF16GX2 32 GB,DDR4-2666,2 x 16GB,14,19,0,
Mushkin MES4S266KF32GX2 64 GB,DDR4-2666,2 x 32GB,14,19,0,
Mushkin MES4S266KF4G 4 GB,DDR4-2666,1 x 4GB,14,19,0,
Mushkin MES4S266KF4GX2 8 GB,DDR4-2666,2 x 4GB,14,19,0,
Mushkin MES4S240HF4G 4 GB,DDR4-2400,1 x 4GB,14,17,0,64.98
Mushkin MES4S213FF8G18 8 GB,DDR4-2133,1 x 8GB,14,15,0,
Mushkin MES4S240HF16G 16 GB,DDR4-2400,1 x 16GB,14,17,0,
YEYIAN Vetra 16 GB,DDR4-2666,1 x 16GB,14,19,0,
Silicon Power SU032GBSFU320F22AF 32 GB,DDR4-3200,2 x 16GB,13,22,0,
V-Color TRA516G68S834Q 64 GB,DDR5-6800,4 x 16GB,10,34,0,2649.99
V-Color TRA516G70S834Q 64 GB,DDR5-7000,4 x 16GB,9,34,0,2729.99
V-Color TRA524G56S836Q 96 GB,DDR5-5600,4 x 24GB,12,36,0,
V-Color TRA524G60S832Q 96 GB,DDR5-6000,4 x 24GB,10,32,0,
V-Color TRA524G64S832Q 96 GB,DDR5-6400,4 x 24GB,10,32,0,
V-Color TRA524G66S834Q 96 GB,DDR5-6600,4 x 24GB,10,34,0,
V-Color TRA524G68S834Q 96 GB,DDR5-6800,4 x 24GB,10,34,0,
V-Color TRA524G70S834R3Q 96 GB,DDR5-7000,4 x 24GB,9,34,0,
V-Color TRA524G72S834R3Q 96 GB,DDR5-7200,4 x 24GB,9,34,0,
V-Color TRA524G76S838R3Q 96 GB,DDR5-7600,4 x 24GB,10,38,0,
V-Color TRA516G60S832O 128 GB,DDR5-6000,8 x 16GB,10,32,0,4819.99
V-Color TRA524G56S836O 192 GB,DDR5-5600,8 x 24GB,12,36,0,
V-Color TRA524G60S832O 192 GB,DDR5-6000,8 x 24GB,10,32,0,
V-Color TRA524G64S832O 192 GB,DDR5-6400,8 x 24GB,10,32,0,
V-Color TRA524G66S834O 192 GB,DDR5-6600,8 x 24GB,10,34,0,
V-Color TRA524G68S834O 192 GB,DDR5-6800,8 x 24GB,10,34,0,
TEAMGROUP T-Force DELTAα RGB 64 GB,DDR5-6000,2 x 32GB,12,38,0,
Biwin Black Opal HX100 64 GB,DDR5-6000,2 x 32GB,10,30,0,
V-Color TE516G68S834SKK 32 GB,DDR5-6800,2 x 16GB,10,34,0,
V-Color TE516G70S834SKK 32 GB,DDR5-7000,2 x 16GB,9,34,0,
V-Color TE524G70S834SKK 48 GB,DDR5-7000,2 x 24GB,9,34,0,
V-Color TE532G68D834SKK 64 GB,DDR5-6800,2 x 32GB,10,34,0,
V-Color TE548G68D834SKK 96 GB,DDR5-6800,2 x 48GB,10,34,0,
V-Color TN44G26S619 4 GB,DDR4-2666,1 x 4GB,14,19,0,
V-Color TN44G32S622 4 GB,DDR4-3200,1 x 4GB,13,22,0,
V-Color TN48G26S819 8 GB,DDR4-2666,1 x 8GB,14,19,0,
V-Color TN416G26D819 16 GB,DDR4-2666,1 x 16GB,14,19,0,
V-Color TN432G26D819 32 GB,DDR4-2666,1 x 32GB,14,19,0,
