Brand,Model,Interface,Form Factor,Capacities,Controller,Configuration,DRAM,HMB,NAND Brand,NAND Type,Layers,"R (Up to, in MB/s)","W (Up to, in MB/s)",Categories,Notes (*)
Acer,SA100,SATA/AHCI,"2.5""",120GB,Maxio MAS0902A,"Dual-core, 4-Ch, 8-CE/ch",No,N/A,,TLC,,560,500,Entry-Level SATA,
Acer,SA100,SATA/AHCI,"2.5""",1GB,Maxio MAS0902A,"Dual-core, 4-Ch, 8-CE/ch",No,N/A,,TLC,,560,500,Entry-Level SATA,
Acer,FA100,x4 PCIe 3.0/NVMe,M.2,128GB,Innogrit IG5216,"Dual-core, 4x4",No,Yes,Micron,TLC,176,3300,2700,Entry-Level NVMe,
Acer,FA100,x4 PCIe 3.0/NVMe,M.2,256GB,Innogrit IG5216,"Dual-core, 4x4",No,Yes,Micron,TLC,176,3300,2700,Entry-Level NVMe,
Acer,FA100,x4 PCIe 3.0/NVMe,M.2,512GB,Innogrit IG5216,"Dual-core, 4x4",No,Yes,Micron,TLC,176,3300,2700,Entry-Level NVMe,
Acer,FA100,x4 PCIe 3.0/NVMe,M.2,1TB,Innogrit IG5216,"Dual-core, 4x4",No,Yes,Micron,TLC,176,3300,2700,Entry-Level NVMe,
Acer,FA100,x4 PCIe 3.0/NVMe,M.2,2TB,Innogrit IG5216,"Dual-core, 4x4",No,Yes,Micron,TLC,176,3300,2700,Entry-Level NVMe,
Acer,FA200,x4 PCIe 4.0/NVMe,M.2,500GB,Maxio MAP1602,"R5, 4x8",No,Yes,YMTC,QLC,232,7200,6200,,
Acer,FA200,x4 PCIe 4.0/NVMe,M.2,1000GB,Maxio MAP1602,"R5, 4x8",No,Yes,YMTC,QLC,232,7200,6200,,
Acer,FA200,x4 PCIe 4.0/NVMe,M.2,2000GB,Maxio MAP1602,"R5, 4x8",No,Yes,YMTC,QLC,232,7200,6200,,
Acer,FA200,x4 PCIe 4.0/NVMe,M.2,4000GB,Maxio MAP1602,"R5, 4x8",No,Yes,YMTC,QLC,232,7200,6200,,
Acer,FA200,x4 PCIe 4.0/NVMe,M.2,4TB,Maxio MAP1602,"R5, 4x8",No,Yes,YMTC,QLC,232,7200,6200,,
Acer,GM3500,x4 PCIe 3.0/NVMe,M.2,512GB,SMI SM2262EN,"Dual-core, 8-ch, 4-CE/ch",Yes,No,Micron,TLC,96+,3400,3000,Mid-Range NVMe,
Acer,GM3500,x4 PCIe 3.0/NVMe,M.2,1TB,SMI SM2262EN,"Dual-core, 8-ch, 4-CE/ch",Yes,No,Micron,TLC,96+,3400,3000,Mid-Range NVMe,
Acer,GM7,x4 PCIe 4.0/NVMe,M.2,512GB,Maxio MAP1602,"R5, 4x8",No,Yes,YMTC,TLC,,7400,7300,,128L -> 232L YMTC TLC
Acer,GM7,x4 PCIe 4.0/NVMe,M.2,1TB,Maxio MAP1602,"R5, 4x8",No,Yes,YMTC,TLC,,7400,7300,,128L -> 232L YMTC TLC
Acer,GM7,x4 PCIe 4.0/NVMe,M.2,2TB,Maxio MAP1602,"R5, 4x8",No,Yes,YMTC,TLC,,7400,7300,,128L -> 232L YMTC TLC
Acer,GM7000 (Predator),x4 PCIe 4.0/NVMe,M.2,512GB,InnoGrit IG5236,"Quad-core, 8-ch",Yes,No,Micron,TLC,176,7400,6400,High-End NVMe,
Acer,GM7000 (Predator),x4 PCIe 4.0/NVMe,M.2,1TB,InnoGrit IG5236,"Quad-core, 8-ch",Yes,No,Micron,TLC,176,7400,6400,High-End NVMe,
Acer,GM7000 (Predator),x4 PCIe 4.0/NVMe,M.2,2TB,InnoGrit IG5236,"Quad-core, 8-ch",Yes,No,Micron,TLC,176,7400,6400,High-End NVMe,
Acer,GM9000,x4 PCIe 5.0/NVMe,M.2,1TB,SMI SM2508,,Yes,N/A,Micron,TLC,232,14000,13000,High-End NVMe,
Acer,GM9000,x4 PCIe 5.0/NVMe,M.2,2TB,SMI SM2508,,Yes,N/A,Micron,TLC,232,14000,13000,High-End NVMe,
Acer,GM9000,x4 PCIe 5.0/NVMe,M.2,4TB,SMI SM2508,,Yes,N/A,Micron,TLC,232,14000,13000,High-End NVMe,
Acer,RE100,SATA/AHCI,"2.5""",128GB,Maxio MAS0902A,"Dual-core, 4-Ch, 8-CE/ch",No,N/A,,TLC,,560,520,Entry-Level SATA,1TB max M.2
Acer,RE100,SATA/AHCI,"2.5""",256GB,Maxio MAS0902A,"Dual-core, 4-Ch, 8-CE/ch",No,N/A,,TLC,,560,520,Entry-Level SATA,1TB max M.2
Acer,RE100,SATA/AHCI,"2.5""",512GB,Maxio MAS0902A,"Dual-core, 4-Ch, 8-CE/ch",No,N/A,,TLC,,560,520,Entry-Level SATA,1TB max M.2
Acer,RE100,SATA/AHCI,"2.5""",1TB,Maxio MAS0902A,"Dual-core, 4-Ch, 8-CE/ch",No,N/A,,TLC,,560,520,Entry-Level SATA,1TB max M.2
Acer,RE100,SATA/AHCI,"2.5""",2TB,Maxio MAS0902A,"Dual-core, 4-Ch, 8-CE/ch",No,N/A,,TLC,,560,520,Entry-Level SATA,1TB max M.2
Acer,RE100,SATA/AHCI,"2.5""",4TB,Maxio MAS0902A,"Dual-core, 4-Ch, 8-CE/ch",No,N/A,,TLC,,560,520,Entry-Level SATA,1TB max M.2
ADATA,ATOM 30,x4 PCIe 3.0/NVMe,M.2,250GB,Realtek RTS5766DL,4-Ch,No,Yes,,,,2500,2000,Entry-Level NVMe,
ADATA,ATOM 30,x4 PCIe 3.0/NVMe,M.2,500GB,Realtek RTS5766DL,4-Ch,No,Yes,,,,2500,2000,Entry-Level NVMe,
ADATA,ATOM 30,x4 PCIe 3.0/NVMe,M.2,1000GB,Realtek RTS5766DL,4-Ch,No,Yes,,,,2500,2000,Entry-Level NVMe,
ADATA,ATOM 30,x4 PCIe 3.0/NVMe,M.2,1TB,Realtek RTS5766DL,4-Ch,No,Yes,,,,2500,2000,Entry-Level NVMe,
ADATA,ATOM 40,x4 PCIe 4.0/NVMe,M.2,512GB,,,,,,,,3500,3000,Mid-Range NVMe,
ADATA,ATOM 40,x4 PCIe 4.0/NVMe,M.2,1TB,,,,,,,,3500,3000,Mid-Range NVMe,
ADATA,ATOM 50,x4 PCIe 4.0/NVMe,M.2,512GB,InnoGrit IG5220,"Tri-core R5, 4x8",No,Yes,Micron,TLC,176,5000,4500,Mid-Range NVMe,SM2269XT variant
ADATA,ATOM 50,x4 PCIe 4.0/NVMe,M.2,1TB,InnoGrit IG5220,"Tri-core R5, 4x8",No,Yes,Micron,TLC,176,5000,4500,Mid-Range NVMe,SM2269XT variant
ADATA,Falcon,x4 PCIe 3.0/NVMe,M.2,256GB,Realtek RTS5762DL,"Dual-core, 8-ch, 4-CE/ch",No,Yes,Micron,TLC,96,3100,1500,Entry-Level NVMe,
ADATA,Falcon,x4 PCIe 3.0/NVMe,M.2,512GB,Realtek RTS5762DL,"Dual-core, 8-ch, 4-CE/ch",No,Yes,Micron,TLC,96,3100,1500,Entry-Level NVMe,
ADATA,Falcon,x4 PCIe 3.0/NVMe,M.2,1TB,Realtek RTS5762DL,"Dual-core, 8-ch, 4-CE/ch",No,Yes,Micron,TLC,96,3100,1500,Entry-Level NVMe,
ADATA,Falcon,x4 PCIe 3.0/NVMe,M.2,2TB,Realtek RTS5762DL,"Dual-core, 8-ch, 4-CE/ch",No,Yes,Micron,TLC,96,3100,1500,Entry-Level NVMe,
ADATA,Legend 710,x4 PCIe 3.0/NVMe,M.2,256GB,Realtek RTS5766DL,4-Ch,No,Yes,,,,2400,1800,Entry-Level NVMe,
ADATA,Legend 710,x4 PCIe 3.0/NVMe,M.2,512GB,Realtek RTS5766DL,4-Ch,No,Yes,,,,2400,1800,Entry-Level NVMe,
ADATA,Legend 710,x4 PCIe 3.0/NVMe,M.2,1TB,Realtek RTS5766DL,4-Ch,No,Yes,,,,2400,1800,Entry-Level NVMe,
ADATA,Legend 740,x4 PCIe 3.0/NVMe,M.2,250GB,Realtek RTS5766DL,4-Ch,No,Yes,,,,2500,2000,Entry-Level NVMe,
ADATA,Legend 740,x4 PCIe 3.0/NVMe,M.2,500GB,Realtek RTS5766DL,4-Ch,No,Yes,,,,2500,2000,Entry-Level NVMe,
ADATA,Legend 740,x4 PCIe 3.0/NVMe,M.2,1000GB,Realtek RTS5766DL,4-Ch,No,Yes,,,,2500,2000,Entry-Level NVMe,
ADATA,Legend 740,x4 PCIe 3.0/NVMe,M.2,1TB,Realtek RTS5766DL,4-Ch,No,Yes,,,,2500,2000,Entry-Level NVMe,
ADATA,Legend 750,x4 PCIe 3.0/NVMe,M.2,500GB,Maxio MAP1202,"Dual R5, 4x4",No,Yes,,,,3500,3000,Mid-Range NVMe,
ADATA,Legend 750,x4 PCIe 3.0/NVMe,M.2,1000GB,Maxio MAP1202,"Dual R5, 4x4",No,Yes,,,,3500,3000,Mid-Range NVMe,
ADATA,Legend 750,x4 PCIe 3.0/NVMe,M.2,1TB,Maxio MAP1202,"Dual R5, 4x4",No,Yes,,,,3500,3000,Mid-Range NVMe,
ADATA,Legend 800,x4 PCIe 4.0/NVMe,M.2,,SMI SM2267XT,"Dual R5, 4x4",,,,,,3500,2800,Entry-Level NVMe,"Variable controller and flash, incl QLC"
ADATA,Legend 820,x4 PCIe 4.0/NVMe,M.2,1TB,,,,,,,,5000,4500,,2230
ADATA,Legend 820,x4 PCIe 4.0/NVMe,M.2,2TB,,,,,,,,5000,4500,,2230
ADATA,Legend 840,x4 PCIe 4.0/NVMe,M.2,512GB,InnoGrit IG5220,"Tri-core R5, 4x8",No,Yes,Micron,TLC,176,5000,4500,Mid-Range NVMe,
ADATA,Legend 840,x4 PCIe 4.0/NVMe,M.2,1TB,InnoGrit IG5220,"Tri-core R5, 4x8",No,Yes,Micron,TLC,176,5000,4500,Mid-Range NVMe,
ADATA,Legend 850,x4 PCIe 4.0/NVMe,M.2,512GB,SMI SM2269XT,"Dual-core R8, 4-ch",No,Yes,,TLC,,5000,4500,Mid-Range NVMe,
ADATA,Legend 850,x4 PCIe 4.0/NVMe,M.2,1TB,SMI SM2269XT,"Dual-core R8, 4-ch",No,Yes,,TLC,,5000,4500,Mid-Range NVMe,
ADATA,Legend 850,x4 PCIe 4.0/NVMe,M.2,2TB,SMI SM2269XT,"Dual-core R8, 4-ch",No,Yes,,TLC,,5000,4500,Mid-Range NVMe,
ADATA,Legend 850 Lite,x4 PCIe 4.0/NVMe,M.2,500GB,SMI SM2269XT,"Dual-core R8, 4-ch",No,Yes,,TLC,,5000,4200,Mid-Range NVMe,"3-yr, lower TBW; QLC at 2TB?"
ADATA,Legend 850 Lite,x4 PCIe 4.0/NVMe,M.2,1000GB,SMI SM2269XT,"Dual-core R8, 4-ch",No,Yes,,TLC,,5000,4200,Mid-Range NVMe,"3-yr, lower TBW; QLC at 2TB?"
ADATA,Legend 850 Lite,x4 PCIe 4.0/NVMe,M.2,2000GB,SMI SM2269XT,"Dual-core R8, 4-ch",No,Yes,,TLC,,5000,4200,Mid-Range NVMe,"3-yr, lower TBW; QLC at 2TB?"
ADATA,Legend 850 Lite,x4 PCIe 4.0/NVMe,M.2,2TB,SMI SM2269XT,"Dual-core R8, 4-ch",No,Yes,,TLC,,5000,4200,Mid-Range NVMe,"3-yr, lower TBW; QLC at 2TB?"
ADATA,Legened 860,x4 PCIe 4.0/NVMe,M.2,500GB,,,,,,,,6000,5000,,
ADATA,Legened 860,x4 PCIe 4.0/NVMe,M.2,1000GB,,,,,,,,6000,5000,,
ADATA,Legened 860,x4 PCIe 4.0/NVMe,M.2,2000GB,,,,,,,,6000,5000,,
ADATA,Legened 860,x4 PCIe 4.0/NVMe,M.2,2TB,,,,,,,,6000,5000,,
ADATA,Legend 900,x4 PCIe 4.0/NVMe,M.2,500GB,Maxio MAP1602,"R5, 4x8",No,Yes,YMTC,TLC,232,7000,5400,,E27 variant
ADATA,Legend 900,x4 PCIe 4.0/NVMe,M.2,1000GB,Maxio MAP1602,"R5, 4x8",No,Yes,YMTC,TLC,232,7000,5400,,E27 variant
ADATA,Legend 900,x4 PCIe 4.0/NVMe,M.2,2000GB,Maxio MAP1602,"R5, 4x8",No,Yes,YMTC,TLC,232,7000,5400,,E27 variant
ADATA,Legend 900,x4 PCIe 4.0/NVMe,M.2,2TB,Maxio MAP1602,"R5, 4x8",No,Yes,YMTC,TLC,232,7000,5400,,E27 variant
ADATA,Legend 960/Max,x4 PCIe 4.0/NVMe,M.2,1TB,SMI SM2264,"QC (12nm R8), 8-ch, 8-CE/ch",Yes,No,Micron,TLC,176,7400,6800,High-End NVMe,Max: heatsink
ADATA,Legend 960/Max,x4 PCIe 4.0/NVMe,M.2,2TB,SMI SM2264,"QC (12nm R8), 8-ch, 8-CE/ch",Yes,No,Micron,TLC,176,7400,6800,High-End NVMe,Max: heatsink
ADATA,Legend 970,x4 PCIe 5.0/NVMe,M.2,1TB,Phison E26,"Dual DC R5 + 3xCoX, 8-ch, 4-CE/ch",Yes,No,Micron,TLC,232,10000,10000,High-End NVMe,
ADATA,Legend 970,x4 PCIe 5.0/NVMe,M.2,2TB,Phison E26,"Dual DC R5 + 3xCoX, 8-ch, 4-CE/ch",Yes,No,Micron,TLC,232,10000,10000,High-End NVMe,
ADATA,Legend 970 PRO,x4 PCIe 5.0/NVMe,M.2,1TB,InnoGrit IG5666,,Yes,N/A,Micron,TLC,232,14000,11000,High-End NVMe,
ADATA,Legend 970 PRO,x4 PCIe 5.0/NVMe,M.2,2TB,InnoGrit IG5666,,Yes,N/A,Micron,TLC,232,14000,11000,High-End NVMe,
ADATA,Legend 970 PRO,x4 PCIe 5.0/NVMe,M.2,4TB,InnoGrit IG5666,,Yes,N/A,Micron,TLC,232,14000,11000,High-End NVMe,
ADATA,Mars 970 Blade,x4 PCIe 5.0/NVMe,M.2,4TB,,,,,,,,14000,12000,,SM2508
ADATA,Mars 970 Storm,x4 PCIe 5.0/NVMe,M.2,8TB,,,,,,,,14000,12000,,SM2508 w/HS
ADATA,Mars 980 Blade,x4 PCIe 5.0/NVMe,M.2,1TB,SMI SM2508,,Yes,N/A,,,,14000,13000,,
ADATA,Mars 980 Blade,x4 PCIe 5.0/NVMe,M.2,2TB,SMI SM2508,,Yes,N/A,,,,14000,13000,,
ADATA,Mars 980 Blade,x4 PCIe 5.0/NVMe,M.2,4TB,SMI SM2508,,Yes,N/A,,,,14000,13000,,
ADATA,Premium,x4 PCIe 4.0/NVMe,M.2,1TB,InnoGrit IG5236,"Quad-core, 8-ch",Yes,No,Micron,TLC,176,7400,6800,High-End NVMe,
ADATA,Premium,x4 PCIe 4.0/NVMe,M.2,2TB,InnoGrit IG5236,"Quad-core, 8-ch",Yes,No,Micron,TLC,176,7400,6800,High-End NVMe,
ADATA,Project Blackbird,x4 PCIe 5.0/NVMe,M.2,,InnoGrit IG5666,,,,,,,,,,
ADATA,Project NeonStorm,x4 PCIe 5.0/NVMe,M.2,1TB,SMI SM2508,,Yes,No,Micron,TLC,232,14000,12000,High-End NVMe,WC
ADATA,Project NeonStorm,x4 PCIe 5.0/NVMe,M.2,2TB,SMI SM2508,,Yes,No,Micron,TLC,232,14000,12000,High-End NVMe,WC
ADATA,Project NeonStorm,x4 PCIe 5.0/NVMe,M.2,4TB,SMI SM2508,,Yes,No,Micron,TLC,232,14000,12000,High-End NVMe,WC
ADATA,Project NeonStorm,x4 PCIe 5.0/NVMe,M.2,8TB,SMI SM2508,,Yes,No,Micron,TLC,232,14000,12000,High-End NVMe,WC
ADATA,Project Nighthawk,x4 PCIe 5.0/NVMe,M.2,,SMI SM2508,,,,,,,14000,?,,
ADATA,S20G,x4 PCIe 3.0/NVMe,M.2,500GB,Realtek RTS5763DL,"Dual-core, 4-ch, 8-CE/ch",No,Yes,,TLC,,2500,1800,Entry-Level NVMe,
ADATA,S20G,x4 PCIe 3.0/NVMe,M.2,1000GB,Realtek RTS5763DL,"Dual-core, 4-ch, 8-CE/ch",No,Yes,,TLC,,2500,1800,Entry-Level NVMe,
ADATA,S20G,x4 PCIe 3.0/NVMe,M.2,1TB,Realtek RTS5763DL,"Dual-core, 4-ch, 8-CE/ch",No,Yes,,TLC,,2500,1800,Entry-Level NVMe,
ADATA,S40G,x4 PCIe 3.0/NVMe,M.2,256GB,Realtek RTS5762,"Dual-core, 8-ch, 4-CE/ch",Yes,No,Micron,TLC,64/96,3500,3000,Mid-Range NVMe,Heatsink + RGB; SX8100 Alt. (4TB QLC)
ADATA,S40G,x4 PCIe 3.0/NVMe,M.2,512GB,Realtek RTS5762,"Dual-core, 8-ch, 4-CE/ch",Yes,No,Micron,TLC,64/96,3500,3000,Mid-Range NVMe,Heatsink + RGB; SX8100 Alt. (4TB QLC)
ADATA,S40G,x4 PCIe 3.0/NVMe,M.2,1TB,Realtek RTS5762,"Dual-core, 8-ch, 4-CE/ch",Yes,No,Micron,TLC,64/96,3500,3000,Mid-Range NVMe,Heatsink + RGB; SX8100 Alt. (4TB QLC)
ADATA,S40G,x4 PCIe 3.0/NVMe,M.2,2TB,Realtek RTS5762,"Dual-core, 8-ch, 4-CE/ch",Yes,No,Micron,TLC,64/96,3500,3000,Mid-Range NVMe,Heatsink + RGB; SX8100 Alt. (4TB QLC)
ADATA,S40G,x4 PCIe 3.0/NVMe,M.2,4TB,Realtek RTS5762,"Dual-core, 8-ch, 4-CE/ch",Yes,No,Micron,TLC,64/96,3500,3000,Mid-Range NVMe,Heatsink + RGB; SX8100 Alt. (4TB QLC)
ADATA,S50,x4 PCIe 4.0/NVMe,M.2,1TB,Phison E16,"Dual R5 + CoX, 8-ch, 4-CE/ch",Yes,No,Kioxia,TLC,96,5000,4400,Mid-Range NVMe,Heatsink
ADATA,S50,x4 PCIe 4.0/NVMe,M.2,2TB,Phison E16,"Dual R5 + CoX, 8-ch, 4-CE/ch",Yes,No,Kioxia,TLC,96,5000,4400,Mid-Range NVMe,Heatsink
ADATA,S50 Lite,x4 PCIe 4.0/NVMe,M.2,1TB,SMI SM2267,"DC (28nm R5), 4-ch, 8-CE/ch",Yes,No,Micron,TLC,96,3900,3200,Mid-Range NVMe,Budget Gen4
ADATA,S50 Lite,x4 PCIe 4.0/NVMe,M.2,2TB,SMI SM2267,"DC (28nm R5), 4-ch, 8-CE/ch",Yes,No,Micron,TLC,96,3900,3200,Mid-Range NVMe,Budget Gen4
ADATA,S65G,x4 PCIe 4.0/NVMe,M.2,500GB,,,,,,,,6000,5000,,RGB
ADATA,S65G,x4 PCIe 4.0/NVMe,M.2,1000GB,,,,,,,,6000,5000,,RGB
ADATA,S65G,x4 PCIe 4.0/NVMe,M.2,2000GB,,,,,,,,6000,5000,,RGB
ADATA,S65G,x4 PCIe 4.0/NVMe,M.2,2TB,,,,,,,,6000,5000,,RGB
ADATA,S70/S70 Blade,x4 PCIe 4.0/NVMe,M.2,1TB, ,"Quad-core, 8-ch",Yes,No,Micron,TLC,96,7400,6400,High-End NVMe,176L change/upgrade
ADATA,S70/S70 Blade,x4 PCIe 4.0/NVMe,M.2,2TB, ,"Quad-core, 8-ch",Yes,No,Micron,TLC,96,7400,6400,High-End NVMe,176L change/upgrade
ADATA,SC680,USB 3.2 Gen 2x1,USB-C,240GB,SMI SM2259XT,"Single-core, 4-ch, 4-CE/ch",No,N/A,Micron,TLC/QLC,64,530,460,Entry-Level SATA,Portable
ADATA,SC680,USB 3.2 Gen 2x1,USB-C,480GB,SMI SM2259XT,"Single-core, 4-ch, 4-CE/ch",No,N/A,Micron,TLC/QLC,64,530,460,Entry-Level SATA,Portable
ADATA,SC680,USB 3.2 Gen 2x1,USB-C,960GB,SMI SM2259XT,"Single-core, 4-ch, 4-CE/ch",No,N/A,Micron,TLC/QLC,64,530,460,Entry-Level SATA,Portable
ADATA,SC680,USB 3.2 Gen 2x1,USB-C,1920GB,SMI SM2259XT,"Single-core, 4-ch, 4-CE/ch",No,N/A,Micron,TLC/QLC,64,530,460,Entry-Level SATA,Portable
ADATA,SC680,USB 3.2 Gen 2x1,USB-C,2TB,SMI SM2259XT,"Single-core, 4-ch, 4-CE/ch",No,N/A,Micron,TLC/QLC,64,530,460,Entry-Level SATA,Portable
ADATA,SD600Q,USB 3.2 Gen 1x1,USB-A,240GB,Maxio MAS0902A,"Dual-core, 4-Ch, 8-CE/ch",No,N/A,Micron,QLC,64,440,430,Entry-Level SATA,Portable
ADATA,SD600Q,USB 3.2 Gen 1x1,USB-A,480GB,Maxio MAS0902A,"Dual-core, 4-Ch, 8-CE/ch",No,N/A,Micron,QLC,64,440,430,Entry-Level SATA,Portable
ADATA,SD600Q,USB 3.2 Gen 1x1,USB-A,960GB,Maxio MAS0902A,"Dual-core, 4-Ch, 8-CE/ch",No,N/A,Micron,QLC,64,440,430,Entry-Level SATA,Portable
ADATA,SD700,USB 3.2 Gen 1x1,USB-A,256GB,SMI SM2258,"Single-core, 4-ch, 8-CE/ch",Yes,N/A,Micron,TLC,32/64,440,430,Entry-Level SATA,Portable
ADATA,SD700,USB 3.2 Gen 1x1,USB-A,512GB,SMI SM2258,"Single-core, 4-ch, 8-CE/ch",Yes,N/A,Micron,TLC,32/64,440,430,Entry-Level SATA,Portable
ADATA,SD700,USB 3.2 Gen 1x1,USB-A,1TB,SMI SM2258,"Single-core, 4-ch, 8-CE/ch",Yes,N/A,Micron,TLC,32/64,440,430,Entry-Level SATA,Portable
ADATA,SD810,USB 3.2 Gen 2x2,USB-C,500GB,,,,,,,,2000,2000,,IP68; portable
ADATA,SD810,USB 3.2 Gen 2x2,USB-C,1000GB,,,,,,,,2000,2000,,IP68; portable
ADATA,SD810,USB 3.2 Gen 2x2,USB-C,2000GB,,,,,,,,2000,2000,,IP68; portable
ADATA,SD810,USB 3.2 Gen 2x2,USB-C,4000GB,,,,,,,,2000,2000,,IP68; portable
ADATA,SD810,USB 3.2 Gen 2x2,USB-C,4TB,,,,,,,,2000,2000,,IP68; portable
ADATA,SE760,USB 3.2 Gen 2x1,USB-C,256GB,Realtek RTS5763DL,"Dual-core, 4-ch, 8-CE/ch",No,Yes,Micron,TLC,64,1000,1000,Entry-Level NVMe,Portable
ADATA,SE760,USB 3.2 Gen 2x1,USB-C,512GB,Realtek RTS5763DL,"Dual-core, 4-ch, 8-CE/ch",No,Yes,Micron,TLC,64,1000,1000,Entry-Level NVMe,Portable
ADATA,SE760,USB 3.2 Gen 2x1,USB-C,1TB,Realtek RTS5763DL,"Dual-core, 4-ch, 8-CE/ch",No,Yes,Micron,TLC,64,1000,1000,Entry-Level NVMe,Portable
ADATA,SE800,USB 3.2 Gen 2x1,USB-C,512GB,InnoGrit IG5208,"Single R5, 4x4",No,Yes,Micron,TLC,64,1000,1000,Entry-Level NVMe,Portable
ADATA,SE800,USB 3.2 Gen 2x1,USB-C,1TB,InnoGrit IG5208,"Single R5, 4x4",No,Yes,Micron,TLC,64,1000,1000,Entry-Level NVMe,Portable
ADATA,SE880,USB 3.2 Gen 2x2,USB-C,500GB,,,,,,,,2000,2000,Entry-Level NVMe,Portable
ADATA,SE880,USB 3.2 Gen 2x2,USB-C,1000GB,,,,,,,,2000,2000,Entry-Level NVMe,Portable
ADATA,SE880,USB 3.2 Gen 2x2,USB-C,1TB,,,,,,,,2000,2000,Entry-Level NVMe,Portable
ADATA,SE900G,USB 3.2 Gen 2x2,USB-C,512GB,SMI SM2262,"Dual-core, 8-ch, 4-CE/ch",Yes,No,Micron,TLC,96,2000,2000,Mid-Range NVMe,Portable
ADATA,SE900G,USB 3.2 Gen 2x2,USB-C,1TB,SMI SM2262,"Dual-core, 8-ch, 4-CE/ch",Yes,No,Micron,TLC,96,2000,2000,Mid-Range NVMe,Portable
ADATA,SE900G,USB 3.2 Gen 2x2,USB-C,2TB,SMI SM2262,"Dual-core, 8-ch, 4-CE/ch",Yes,No,Micron,TLC,96,2000,2000,Mid-Range NVMe,Portable
ADATA,SE920,USB 4,USB-C,1TB,,,,,,,,3800,3700,,Portable
ADATA,SE920,USB 4,USB-C,2TB,,,,,,,,3800,3700,,Portable
ADATA,SU630/SU635,SATA/AHCI,"2.5""",240GB,Maxio MAS0902A,"Dual-core, 4-Ch, 8-CE/ch",No,N/A,Micron,QLC,64,520,450,Entry-Level SATA,
ADATA,SU630/SU635,SATA/AHCI,"2.5""",480GB,Maxio MAS0902A,"Dual-core, 4-Ch, 8-CE/ch",No,N/A,Micron,QLC,64,520,450,Entry-Level SATA,
ADATA,SU630/SU635,SATA/AHCI,"2.5""",960GB,Maxio MAS0902A,"Dual-core, 4-Ch, 8-CE/ch",No,N/A,Micron,QLC,64,520,450,Entry-Level SATA,
ADATA,SU650/SU655,SATA/AHCI,"2.5""",60GB,SMI SM2258XT,"Single-core, 4-ch, 4-CE/ch",No,N/A,Micron,TLC,32/64,520,450,Entry-Level SATA,Change: Samsung 64L
ADATA,SU650/SU655,SATA/AHCI,"2.5""",120GB,SMI SM2258XT,"Single-core, 4-ch, 4-CE/ch",No,N/A,Micron,TLC,32/64,520,450,Entry-Level SATA,Change: Samsung 64L
ADATA,SU650/SU655,SATA/AHCI,"2.5""",240GB,SMI SM2258XT,"Single-core, 4-ch, 4-CE/ch",No,N/A,Micron,TLC,32/64,520,450,Entry-Level SATA,Change: Samsung 64L
ADATA,SU650/SU655,SATA/AHCI,"2.5""",480GB,SMI SM2258XT,"Single-core, 4-ch, 4-CE/ch",No,N/A,Micron,TLC,32/64,520,450,Entry-Level SATA,Change: Samsung 64L
ADATA,SU650/SU655,SATA/AHCI,"2.5""",960GB,SMI SM2258XT,"Single-core, 4-ch, 4-CE/ch",No,N/A,Micron,TLC,32/64,520,450,Entry-Level SATA,Change: Samsung 64L
ADATA,SU670,SATA/AHCI,"2.5""",,Realtek RTS5735DLQ,2-ch,,,,,,550,440,Entry-Level SATA,
ADATA,SU720,SATA/AHCI,"2.5""",500GB,,,No,N/A,Micron,QLC,,520,450,Entry-Level SATA,
ADATA,SU720,SATA/AHCI,"2.5""",1000GB,,,No,N/A,Micron,QLC,,520,450,Entry-Level SATA,
ADATA,SU720,SATA/AHCI,"2.5""",2000GB,,,No,N/A,Micron,QLC,,520,450,Entry-Level SATA,
ADATA,SU720,SATA/AHCI,"2.5""",2TB,,,No,N/A,Micron,QLC,,520,450,Entry-Level SATA,
ADATA,SU740,SATA/AHCI,"2.5""",500GB,,,No,N/A,Micron,QLC,,520,450,Entry-Level SATA,
ADATA,SU740,SATA/AHCI,"2.5""",1000GB,,,No,N/A,Micron,QLC,,520,450,Entry-Level SATA,
ADATA,SU740,SATA/AHCI,"2.5""",2000GB,,,No,N/A,Micron,QLC,,520,450,Entry-Level SATA,
ADATA,SU740,SATA/AHCI,"2.5""",2TB,,,No,N/A,Micron,QLC,,520,450,Entry-Level SATA,
ADATA,SU750/SU760,SATA/AHCI,"2.5""",256GB,Realtek RTS5733DMQ,2-ch,No,N/A,Micron,TLC,64,550,520,Entry-Level SATA,
ADATA,SU750/SU760,SATA/AHCI,"2.5""",512GB,Realtek RTS5733DMQ,2-ch,No,N/A,Micron,TLC,64,550,520,Entry-Level SATA,
ADATA,SU750/SU760,SATA/AHCI,"2.5""",1TB,Realtek RTS5733DMQ,2-ch,No,N/A,Micron,TLC,64,550,520,Entry-Level SATA,
ADATA,SU800/SX850,SATA/AHCI,"2.5"" & M.2 (1TB)",128GB,SMI SM2258,"Single-core, 4-ch, 8-CE/ch",Yes,N/A,Micron,TLC,32/64,560,520,Mid-Range SATA,Change: Samsung 64L
ADATA,SU800/SX850,SATA/AHCI,"2.5"" & M.2 (1TB)",256GB,SMI SM2258,"Single-core, 4-ch, 8-CE/ch",Yes,N/A,Micron,TLC,32/64,560,520,Mid-Range SATA,Change: Samsung 64L
ADATA,SU800/SX850,SATA/AHCI,"2.5"" & M.2 (1TB)",512GB,SMI SM2258,"Single-core, 4-ch, 8-CE/ch",Yes,N/A,Micron,TLC,32/64,560,520,Mid-Range SATA,Change: Samsung 64L
ADATA,SU800/SX850,SATA/AHCI,"2.5"" & M.2 (1TB)",1TB,SMI SM2258,"Single-core, 4-ch, 8-CE/ch",Yes,N/A,Micron,TLC,32/64,560,520,Mid-Range SATA,Change: Samsung 64L
ADATA,SU800/SX850,SATA/AHCI,"2.5"" & M.2 (1TB)",2TB,SMI SM2258,"Single-core, 4-ch, 8-CE/ch",Yes,N/A,Micron,TLC,32/64,560,520,Mid-Range SATA,Change: Samsung 64L
ADATA,Swordfish,x4 PCIe 3.0/NVMe,M.2,250GB,Realtek RTS5763DL,"Dual-core, 4-ch, 8-CE/ch",No,Yes,Kioxia,TLC,96,1800,1200,Entry-Level NVMe,
ADATA,Swordfish,x4 PCIe 3.0/NVMe,M.2,500GB,Realtek RTS5763DL,"Dual-core, 4-ch, 8-CE/ch",No,Yes,Kioxia,TLC,96,1800,1200,Entry-Level NVMe,
ADATA,Swordfish,x4 PCIe 3.0/NVMe,M.2,1000GB,Realtek RTS5763DL,"Dual-core, 4-ch, 8-CE/ch",No,Yes,Kioxia,TLC,96,1800,1200,Entry-Level NVMe,
ADATA,Swordfish,x4 PCIe 3.0/NVMe,M.2,2000GB,Realtek RTS5763DL,"Dual-core, 4-ch, 8-CE/ch",No,Yes,Kioxia,TLC,96,1800,1200,Entry-Level NVMe,
ADATA,Swordfish,x4 PCIe 3.0/NVMe,M.2,2TB,Realtek RTS5763DL,"Dual-core, 4-ch, 8-CE/ch",No,Yes,Kioxia,TLC,96,1800,1200,Entry-Level NVMe,
ADATA,SX950U,SATA/AHCI,"2.5""",120GB,SMI SM2258,"Single-core, 4-ch, 8-CE/ch",Yes,N/A,Micron,TLC,32/64,560,520,Mid-Range SATA,<=240GB SKU uses 32L NAND
ADATA,SX950U,SATA/AHCI,"2.5""",240GB,SMI SM2258,"Single-core, 4-ch, 8-CE/ch",Yes,N/A,Micron,TLC,32/64,560,520,Mid-Range SATA,<=240GB SKU uses 32L NAND
ADATA,SX950U,SATA/AHCI,"2.5""",480GB,SMI SM2258,"Single-core, 4-ch, 8-CE/ch",Yes,N/A,Micron,TLC,32/64,560,520,Mid-Range SATA,<=240GB SKU uses 32L NAND
ADATA,SX950U,SATA/AHCI,"2.5""",960GB,SMI SM2258,"Single-core, 4-ch, 8-CE/ch",Yes,N/A,Micron,TLC,32/64,560,520,Mid-Range SATA,<=240GB SKU uses 32L NAND
ADATA,SX6000,x2 PCIe 2.0/NVMe,M.2,128GB,Realtek RTS5760,"Dual-core, 4-ch, 8-CE/ch",Yes,Yes,Micron,TLC,32,1000,800,Garbage,"Overheats, Obsolete"
ADATA,SX6000,x2 PCIe 2.0/NVMe,M.2,256GB,Realtek RTS5760,"Dual-core, 4-ch, 8-CE/ch",Yes,Yes,Micron,TLC,32,1000,800,Garbage,"Overheats, Obsolete"
ADATA,SX6000,x2 PCIe 2.0/NVMe,M.2,512GB,Realtek RTS5760,"Dual-core, 4-ch, 8-CE/ch",Yes,Yes,Micron,TLC,32,1000,800,Garbage,"Overheats, Obsolete"
ADATA,SX6000,x2 PCIe 2.0/NVMe,M.2,1TB,Realtek RTS5760,"Dual-core, 4-ch, 8-CE/ch",Yes,Yes,Micron,TLC,32,1000,800,Garbage,"Overheats, Obsolete"
ADATA,SX6000 Lite,x4 PCIe 3.0/NVMe,M.2,128GB,Realtek RTS5763DL,"Dual-core, 4-ch, 8-CE/ch",No,Yes,Micron,TLC,64,1700,1100,Entry-Level NVMe,
ADATA,SX6000 Lite,x4 PCIe 3.0/NVMe,M.2,256GB,Realtek RTS5763DL,"Dual-core, 4-ch, 8-CE/ch",No,Yes,Micron,TLC,64,1700,1100,Entry-Level NVMe,
ADATA,SX6000 Lite,x4 PCIe 3.0/NVMe,M.2,512GB,Realtek RTS5763DL,"Dual-core, 4-ch, 8-CE/ch",No,Yes,Micron,TLC,64,1700,1100,Entry-Level NVMe,
ADATA,SX6000 Lite,x4 PCIe 3.0/NVMe,M.2,1TB,Realtek RTS5763DL,"Dual-core, 4-ch, 8-CE/ch",No,Yes,Micron,TLC,64,1700,1100,Entry-Level NVMe,
ADATA,SX6000 Pro/S5,x4 PCIe 3.0/NVMe,M.2,256GB,Realtek RTS5763DL,"Dual-core, 4-ch, 8-CE/ch",No,Yes,Micron,TLC,64,2100,1500,Entry-Level NVMe,S5 heatsink
ADATA,SX6000 Pro/S5,x4 PCIe 3.0/NVMe,M.2,512GB,Realtek RTS5763DL,"Dual-core, 4-ch, 8-CE/ch",No,Yes,Micron,TLC,64,2100,1500,Entry-Level NVMe,S5 heatsink
ADATA,SX6000 Pro/S5,x4 PCIe 3.0/NVMe,M.2,1TB,Realtek RTS5763DL,"Dual-core, 4-ch, 8-CE/ch",No,Yes,Micron,TLC,64,2100,1500,Entry-Level NVMe,S5 heatsink
ADATA,SX7000,x4 PCIe 3.0/NVMe,M.2,128GB,SMI SM2260,"Dual R5, 8x4",Yes,No,,TLC,,1800,850,Entry-Level NVMe,SX8000 is SM2260 + MLC
ADATA,SX7000,x4 PCIe 3.0/NVMe,M.2,256GB,SMI SM2260,"Dual R5, 8x4",Yes,No,,TLC,,1800,850,Entry-Level NVMe,SX8000 is SM2260 + MLC
ADATA,SX7000,x4 PCIe 3.0/NVMe,M.2,512GB,SMI SM2260,"Dual R5, 8x4",Yes,No,,TLC,,1800,850,Entry-Level NVMe,SX8000 is SM2260 + MLC
ADATA,SX8100/S7,x4 PCIe 3.0/NVMe,M.2,512GB,Realtek RTS5762,"Dual-core, 8-ch, 4-CE/ch",Yes,No,Micron,TLC,64/96,3500,3000,Mid-Range NVMe,Small DRAM; Samsung 64L; QLC at 4TB
ADATA,SX8100/S7,x4 PCIe 3.0/NVMe,M.2,1TB,Realtek RTS5762,"Dual-core, 8-ch, 4-CE/ch",Yes,No,Micron,TLC,64/96,3500,3000,Mid-Range NVMe,Small DRAM; Samsung 64L; QLC at 4TB
ADATA,SX8100/S7,x4 PCIe 3.0/NVMe,M.2,2TB,Realtek RTS5762,"Dual-core, 8-ch, 4-CE/ch",Yes,No,Micron,TLC,64/96,3500,3000,Mid-Range NVMe,Small DRAM; Samsung 64L; QLC at 4TB
ADATA,SX8100/S7,x4 PCIe 3.0/NVMe,M.2,4TB,Realtek RTS5762,"Dual-core, 8-ch, 4-CE/ch",Yes,No,Micron,TLC,64/96,3500,3000,Mid-Range NVMe,Small DRAM; Samsung 64L; QLC at 4TB
ADATA,SX8200/S11,x4 PCIe 3.0/NVMe,M.2,240GB,SMI SM2262,"Dual-core, 8-ch, 4-CE/ch",Yes,No,Micron,TLC,64,3200,1700,Mid-Range NVMe,
ADATA,SX8200/S11,x4 PCIe 3.0/NVMe,M.2,480GB,SMI SM2262,"Dual-core, 8-ch, 4-CE/ch",Yes,No,Micron,TLC,64,3200,1700,Mid-Range NVMe,
ADATA,SX8200/S11,x4 PCIe 3.0/NVMe,M.2,960GB,SMI SM2262,"Dual-core, 8-ch, 4-CE/ch",Yes,No,Micron,TLC,64,3200,1700,Mid-Range NVMe,
ADATA,SX8200 Pro/S11 Pro,x4 PCIe 3.0/NVMe,M.2,512GB,SMI SM2262EN,"Dual-core, 8-ch, 4-CE/ch",Yes,No,Micron,TLC,64,3500,3000,Mid-Range NVMe,S11 Heatsink
ADATA,SX8200 Pro/S11 Pro,x4 PCIe 3.0/NVMe,M.2,1TB,SMI SM2262EN,"Dual-core, 8-ch, 4-CE/ch",Yes,No,Micron,TLC,64,3500,3000,Mid-Range NVMe,S11 Heatsink
ADATA,SX8200 Pro/S11 Pro,x4 PCIe 3.0/NVMe,M.2,2TB,SMI SM2262EN,"Dual-core, 8-ch, 4-CE/ch",Yes,No,Micron,TLC,64,3500,3000,Mid-Range NVMe,S11 Heatsink
ADATA,SX8800,x4 PCIe 3.0/NVMe,M.2,512GB,Realtek RTS5762,"Dual-core, 8-ch, 4-CE/ch",Yes,No,Micron,TLC,64/96,3500,2700,Mid-Range NVMe,Single-sided
ADATA,SX8800,x4 PCIe 3.0/NVMe,M.2,1TB,Realtek RTS5762,"Dual-core, 8-ch, 4-CE/ch",Yes,No,Micron,TLC,64/96,3500,2700,Mid-Range NVMe,Single-sided
ADATA,XPG Indigo,x4 PCIe 4.0/NVMe,M.2,Up to 4TB,SMI SM2264,"QC (12nm R8), 8-ch, 8-CE/ch",Yes,No,,,,7000,6000,,
ADATA,XPG Pearl,x4 PCIe 4.0/NVMe,M.2,Up to 4TB,SMI SM2267,"DC (28nm R5), 4-ch, 8-CE/ch",Yes,No,,,,4000,3000,,
ADATA,XPG Sage,x4 PCIe 4.0/NVMe,M.2,Up to 4TB,InnoGrit IG5236,"Quad-core, 8-ch",Yes,No,,,96,7000,6100,High-End NVMe,
Addlink,A90,x4 PCIe 4.0/NVMe,M.2,1TB,Phison E16,"Dual R5 + CoX, 8-ch, 4-CE/ch",Yes,No,Micron,TLC,176,5000,4400,Mid-Range NVMe,
Addlink,A90,x4 PCIe 4.0/NVMe,M.2,2TB,Phison E16,"Dual R5 + CoX, 8-ch, 4-CE/ch",Yes,No,Micron,TLC,176,5000,4400,Mid-Range NVMe,
Addlink,A90 Lite,x4 PCIe 4.0/NVMe,M.2,512GB,,,No,Yes,,,,5000,4200,Mid-Range NVMe,
Addlink,A90 Lite,x4 PCIe 4.0/NVMe,M.2,1TB,,,No,Yes,,,,5000,4200,Mid-Range NVMe,
Addlink,A90 Lite,x4 PCIe 4.0/NVMe,M.2,2TB,,,No,Yes,,,,5000,4200,Mid-Range NVMe,
Addlink,A90 Lite,x4 PCIe 4.0/NVMe,M.2,4TB,,,No,Yes,,,,5000,4200,Mid-Range NVMe,
Addlink,A92,x4 PCIe 4.0/NVMe,M.2,1TB,Phison E16,"Dual R5 + CoX, 8-ch, 4-CE/ch",Yes,No,Micron,QLC,96,4900,3600,Mid-Range NVMe,
Addlink,A92,x4 PCIe 4.0/NVMe,M.2,2TB,Phison E16,"Dual R5 + CoX, 8-ch, 4-CE/ch",Yes,No,Micron,QLC,96,4900,3600,Mid-Range NVMe,
Addlink,A92,x4 PCIe 4.0/NVMe,M.2,4TB,Phison E16,"Dual R5 + CoX, 8-ch, 4-CE/ch",Yes,No,Micron,QLC,96,4900,3600,Mid-Range NVMe,
Addlink,A93,x4 PCIe 4.0/NVMe,M.2,1TB,Maxio MAP1602,"R5, 4x8",,,,,,7400,6500,,
Addlink,A93,x4 PCIe 4.0/NVMe,M.2,2TB,Maxio MAP1602,"R5, 4x8",,,,,,7400,6500,,
Addlink,A93,x4 PCIe 4.0/NVMe,M.2,4TB,Maxio MAP1602,"R5, 4x8",,,,,,7400,6500,,
Addlink,A95,x4 PCIe 4.0/NVMe,M.2,1TB,Phison E18,"Triple R5 + CoX, 8-ch, 4-CE/ch",Yes,N/A,Micron,TLC,176,7400,7000,High-End NVMe,
Addlink,A95,x4 PCIe 4.0/NVMe,M.2,2TB,Phison E18,"Triple R5 + CoX, 8-ch, 4-CE/ch",Yes,N/A,Micron,TLC,176,7400,7000,High-End NVMe,
Addlink,A95,x4 PCIe 4.0/NVMe,M.2,4TB,Phison E18,"Triple R5 + CoX, 8-ch, 4-CE/ch",Yes,N/A,Micron,TLC,176,7400,7000,High-End NVMe,
Addlink,G55,x4 PCIe 4.0/NVMe,M.2,1TB,Phison E31T,,No,Yes,Kioxia,TLC,218,10300,9000,,
Addlink,G55,x4 PCIe 4.0/NVMe,M.2,2TB,Phison E31T,,No,Yes,Kioxia,TLC,218,10300,9000,,
Addlink,G55,x4 PCIe 4.0/NVMe,M.2,4TB,Phison E31T,,No,Yes,Kioxia,TLC,218,10300,9000,,
Addlink,P200,USB 3.2 Gen 2x1,USB-C,512GB,,,,,,,,1050,1000,,Portable
Addlink,P200,USB 3.2 Gen 2x1,USB-C,1TB,,,,,,,,1050,1000,,Portable
Addlink,P200,USB 3.2 Gen 2x1,USB-C,2TB,,,,,,,,1050,1000,,Portable
Addlink,S20,SATA/AHCI,"2.5""",256GB,Phison S10,"Quad-core, 8-ch, 4-CE/ch",Yes,N/A,Kioxia,TLC,64,530,500,Mid-Range SATA,May have S11 (Entry-Level SATA)
Addlink,S20,SATA/AHCI,"2.5""",512GB,Phison S10,"Quad-core, 8-ch, 4-CE/ch",Yes,N/A,Kioxia,TLC,64,530,500,Mid-Range SATA,May have S11 (Entry-Level SATA)
Addlink,S20,SATA/AHCI,"2.5""",1TB,Phison S10,"Quad-core, 8-ch, 4-CE/ch",Yes,N/A,Kioxia,TLC,64,530,500,Mid-Range SATA,May have S11 (Entry-Level SATA)
Addlink,S20M,SATA/AHCI,"2.5""",256GB,Maxio MAS080X,"Single-core, 4x8",No,N/A,,TLC,96,550,500,Entry-Level SATA,
Addlink,S20M,SATA/AHCI,"2.5""",512GB,Maxio MAS080X,"Single-core, 4x8",No,N/A,,TLC,96,550,500,Entry-Level SATA,
Addlink,S20M,SATA/AHCI,"2.5""",1TB,Maxio MAS080X,"Single-core, 4x8",No,N/A,,TLC,96,550,500,Entry-Level SATA,
Addlink,S22,SATA/AHCI,"2.5""",512GB,Phison S11T,"Single-core, 2-ch, 8-CE/ch",No,N/A,Intel,QLC,64,550,500,Entry-Level SATA,
Addlink,S22,SATA/AHCI,"2.5""",1TB,Phison S11T,"Single-core, 2-ch, 8-CE/ch",No,N/A,Intel,QLC,64,550,500,Entry-Level SATA,
Addlink,S22,SATA/AHCI,"2.5""",2TB,Phison S11T,"Single-core, 2-ch, 8-CE/ch",No,N/A,Intel,QLC,64,550,500,Entry-Level SATA,
Addlink,S68,x4 PCIe 3.0/NVMe,M.2,256GB,Phison E13T,"Single-core, 4-ch, 8-CE/ch",No,Yes,Micron,TLC,96,2500,2100,Entry-Level NVMe,5-yr
Addlink,S68,x4 PCIe 3.0/NVMe,M.2,512GB,Phison E13T,"Single-core, 4-ch, 8-CE/ch",No,Yes,Micron,TLC,96,2500,2100,Entry-Level NVMe,5-yr
Addlink,S68,x4 PCIe 3.0/NVMe,M.2,1TB,Phison E13T,"Single-core, 4-ch, 8-CE/ch",No,Yes,Micron,TLC,96,2500,2100,Entry-Level NVMe,5-yr
Addlink,S70,x4 PCIe 3.0/NVMe,M.2,256GB,Phison E12S,"Dual R5 + CoX, 8-ch, 4-CE/ch",Yes,No,Kioxia,TLC,64,3400,3000,Mid-Range NVMe,
Addlink,S70,x4 PCIe 3.0/NVMe,M.2,512GB,Phison E12S,"Dual R5 + CoX, 8-ch, 4-CE/ch",Yes,No,Kioxia,TLC,64,3400,3000,Mid-Range NVMe,
Addlink,S70,x4 PCIe 3.0/NVMe,M.2,1TB,Phison E12S,"Dual R5 + CoX, 8-ch, 4-CE/ch",Yes,No,Kioxia,TLC,64,3400,3000,Mid-Range NVMe,
Addlink,S70,x4 PCIe 3.0/NVMe,M.2,2TB,Phison E12S,"Dual R5 + CoX, 8-ch, 4-CE/ch",Yes,No,Kioxia,TLC,64,3400,3000,Mid-Range NVMe,
Addlink,S90,x4 PCIe 4.0/NVMe,M.2,1TB,Phison E16,"Dual R5 + CoX, 8-ch, 4-CE/ch",Yes,No,Kioxia,TLC,96,5000,4400,Mid-Range NVMe,
Addlink,S90,x4 PCIe 4.0/NVMe,M.2,2TB,Phison E16,"Dual R5 + CoX, 8-ch, 4-CE/ch",Yes,No,Kioxia,TLC,96,5000,4400,Mid-Range NVMe,
Addlink,S90 Lite,x4 PCIe 4.0/NVMe,M.2,512GB,Phison E21T,"Single R5, 4-ch, 4-CE/ch",No,Yes,Micron,TLC,176,5000,4500,Mid-Range NVMe,
Addlink,S90 Lite,x4 PCIe 4.0/NVMe,M.2,1TB,Phison E21T,"Single R5, 4-ch, 4-CE/ch",No,Yes,Micron,TLC,176,5000,4500,Mid-Range NVMe,
Addlink,S90 Lite,x4 PCIe 4.0/NVMe,M.2,2TB,Phison E21T,"Single R5, 4-ch, 4-CE/ch",No,Yes,Micron,TLC,176,5000,4500,Mid-Range NVMe,
Addlink,S91,x4 PCIe 4.0/NVMe,M.2,512GB,Phison E21T,"Single R5, 4-ch, 4-CE/ch",No,Yes,Micron,TLC,176,5000,3200,Mid-Range NVMe,2230; 2TB - QLC
Addlink,S91,x4 PCIe 4.0/NVMe,M.2,1TB,Phison E21T,"Single R5, 4-ch, 4-CE/ch",No,Yes,Micron,TLC,176,5000,3200,Mid-Range NVMe,2230; 2TB - QLC
Addlink,S91,x4 PCIe 4.0/NVMe,M.2,2TB,Phison E21T,"Single R5, 4-ch, 4-CE/ch",No,Yes,Micron,TLC,176,5000,3200,Mid-Range NVMe,2230; 2TB - QLC
Addlink,S92,x4 PCIe 4.0/NVMe,M.2,1TB,Phison E16,"Dual R5 + CoX, 8-ch, 4-CE/ch",Yes,No,Kioxia,QLC,96,4900,3600,Mid-Range NVMe,
Addlink,S92,x4 PCIe 4.0/NVMe,M.2,2TB,Phison E16,"Dual R5 + CoX, 8-ch, 4-CE/ch",Yes,No,Kioxia,QLC,96,4900,3600,Mid-Range NVMe,
Addlink,S92,x4 PCIe 4.0/NVMe,M.2,4TB,Phison E16,"Dual R5 + CoX, 8-ch, 4-CE/ch",Yes,No,Kioxia,QLC,96,4900,3600,Mid-Range NVMe,
Addlink,S93,x4 PCIe 4.0/NVMe,M.2,1TB,Maxio MAP1602,"R5, 4x8",,,,,,7400,6500,,
Addlink,S93,x4 PCIe 4.0/NVMe,M.2,2TB,Maxio MAP1602,"R5, 4x8",,,,,,7400,6500,,
Addlink,S93,x4 PCIe 4.0/NVMe,M.2,4TB,Maxio MAP1602,"R5, 4x8",,,,,,7400,6500,,
Addlink,S95,x4 PCIe 4.0/NVMe,M.2,1TB,Phison E18,"Triple R5 + CoX, 8-ch, 4-CE/ch",Yes,N/A,Micron,TLC,96,7100,6800,High-End NVMe,176L eventually
Addlink,S95,x4 PCIe 4.0/NVMe,M.2,2TB,Phison E18,"Triple R5 + CoX, 8-ch, 4-CE/ch",Yes,N/A,Micron,TLC,96,7100,6800,High-End NVMe,176L eventually
Addlink,S95,x4 PCIe 4.0/NVMe,M.2,4TB,Phison E18,"Triple R5 + CoX, 8-ch, 4-CE/ch",Yes,N/A,Micron,TLC,96,7100,6800,High-End NVMe,176L eventually
Addlink,S95,x4 PCIe 4.0/NVMe,M.2,8TB,Phison E18,"Triple R5 + CoX, 8-ch, 4-CE/ch",Yes,N/A,Micron,TLC,96,7100,6800,High-End NVMe,176L eventually
Addlink,X70,x4 PCIe 3.0/NVMe,M.2,256GB,Phison E12S,"Dual R5 + CoX, 8-ch, 4-CE/ch",Yes,No,Kioxia,TLC,64,3400,2500,Mid-Range NVMe,Heatsink + RGB
Addlink,X70,x4 PCIe 3.0/NVMe,M.2,512GB,Phison E12S,"Dual R5 + CoX, 8-ch, 4-CE/ch",Yes,No,Kioxia,TLC,64,3400,2500,Mid-Range NVMe,Heatsink + RGB
Addlink,X70,x4 PCIe 3.0/NVMe,M.2,1TB,Phison E12S,"Dual R5 + CoX, 8-ch, 4-CE/ch",Yes,No,Kioxia,TLC,64,3400,2500,Mid-Range NVMe,Heatsink + RGB
Addlink,X70,x4 PCIe 3.0/NVMe,M.2,2TB,Phison E12S,"Dual R5 + CoX, 8-ch, 4-CE/ch",Yes,No,Kioxia,TLC,64,3400,2500,Mid-Range NVMe,Heatsink + RGB
Apacer,AS2280F4,x4 PCIe 5.0/NVMe,M.2,1TB,Phison E26,"Dual DC R5 + 3xCoX, 8-ch, 4-CE/ch",Yes,No,Micron,TLC,232,12400,11500,High-End NVMe,
Apacer,AS2280F4,x4 PCIe 5.0/NVMe,M.2,2TB,Phison E26,"Dual DC R5 + 3xCoX, 8-ch, 4-CE/ch",Yes,No,Micron,TLC,232,12400,11500,High-End NVMe,
Apacer,AS2280F4,x4 PCIe 5.0/NVMe,M.2,4TB,Phison E26,"Dual DC R5 + 3xCoX, 8-ch, 4-CE/ch",Yes,No,Micron,TLC,232,12400,11500,High-End NVMe,
Apacer,AS2280F5,x4 PCIe 5.0/NVMe,M.2,,Phison E26,"Dual DC R5 + 3xCoX, 8-ch, 4-CE/ch",Yes,No,Micron,TLC,232,13000,12000,High-End NVMe,
Apacer,AS2280P2,x2 PCIe 3.0/NVMe,M.2,120GB,Phison E8T,"Dual-core, 4-ch, 8-CE/ch",No,Yes,Kioxia,TLC,64,1580,950,Entry-Level NVMe,Obsolete
Apacer,AS2280P2,x2 PCIe 3.0/NVMe,M.2,240GB,Phison E8T,"Dual-core, 4-ch, 8-CE/ch",No,Yes,Kioxia,TLC,64,1580,950,Entry-Level NVMe,Obsolete
Apacer,AS2280P2,x2 PCIe 3.0/NVMe,M.2,480GB,Phison E8T,"Dual-core, 4-ch, 8-CE/ch",No,Yes,Kioxia,TLC,64,1580,950,Entry-Level NVMe,Obsolete
Apacer,AS2280P2 Pro,x2 PCIe 3.0/NVMe,M.2,120GB,Phison E8T,"Dual-core, 4-ch, 8-CE/ch",No,Yes,Kioxia,TLC,64,1580,950,Entry-Level NVMe,Obsolete
Apacer,AS2280P2 Pro,x2 PCIe 3.0/NVMe,M.2,240GB,Phison E8T,"Dual-core, 4-ch, 8-CE/ch",No,Yes,Kioxia,TLC,64,1580,950,Entry-Level NVMe,Obsolete
Apacer,AS2280P2 Pro,x2 PCIe 3.0/NVMe,M.2,480GB,Phison E8T,"Dual-core, 4-ch, 8-CE/ch",No,Yes,Kioxia,TLC,64,1580,950,Entry-Level NVMe,Obsolete
Apacer,AS2280P4U,x4 PCIe 3.0/NVMe,M.2,256GB,Phison E12S,"Dual R5 + CoX, 8-ch, 4-CE/ch",Yes,No,,TLC,,3500,3000,Mid-Range NVMe,"Controller varies: E15T, IG5216"
Apacer,AS2280P4U,x4 PCIe 3.0/NVMe,M.2,512GB,Phison E12S,"Dual R5 + CoX, 8-ch, 4-CE/ch",Yes,No,,TLC,,3500,3000,Mid-Range NVMe,"Controller varies: E15T, IG5216"
Apacer,AS2280P4U,x4 PCIe 3.0/NVMe,M.2,1TB,Phison E12S,"Dual R5 + CoX, 8-ch, 4-CE/ch",Yes,No,,TLC,,3500,3000,Mid-Range NVMe,"Controller varies: E15T, IG5216"
Apacer,AS2280P4U,x4 PCIe 3.0/NVMe,M.2,2TB,Phison E12S,"Dual R5 + CoX, 8-ch, 4-CE/ch",Yes,No,,TLC,,3500,3000,Mid-Range NVMe,"Controller varies: E15T, IG5216"
Apacer,AS2280P4U Pro,x4 PCIe 3.0/NVMe,M.2,256GB,Phison E12S,"Dual R5 + CoX, 8-ch, 4-CE/ch",Yes,No,,TLC,,3500,3000,Mid-Range NVMe,
Apacer,AS2280P4U Pro,x4 PCIe 3.0/NVMe,M.2,512GB,Phison E12S,"Dual R5 + CoX, 8-ch, 4-CE/ch",Yes,No,,TLC,,3500,3000,Mid-Range NVMe,
Apacer,AS2280P4U Pro,x4 PCIe 3.0/NVMe,M.2,1TB,Phison E12S,"Dual R5 + CoX, 8-ch, 4-CE/ch",Yes,No,,TLC,,3500,3000,Mid-Range NVMe,
Apacer,AS2280P4U Pro,x4 PCIe 3.0/NVMe,M.2,2TB,Phison E12S,"Dual R5 + CoX, 8-ch, 4-CE/ch",Yes,No,,TLC,,3500,3000,Mid-Range NVMe,
Apacer,AS2280Q4,x4 PCIe 4.0/NVMe,M.2,500GB,Phison E16,"Dual R5 + CoX, 8-ch, 4-CE/ch",Yes,No,,TLC,,5000,4400,Mid-Range NVMe,
Apacer,AS2280Q4,x4 PCIe 4.0/NVMe,M.2,1000GB,Phison E16,"Dual R5 + CoX, 8-ch, 4-CE/ch",Yes,No,,TLC,,5000,4400,Mid-Range NVMe,
Apacer,AS2280Q4,x4 PCIe 4.0/NVMe,M.2,2000GB,Phison E16,"Dual R5 + CoX, 8-ch, 4-CE/ch",Yes,No,,TLC,,5000,4400,Mid-Range NVMe,
Apacer,AS2280Q4,x4 PCIe 4.0/NVMe,M.2,2TB,Phison E16,"Dual R5 + CoX, 8-ch, 4-CE/ch",Yes,No,,TLC,,5000,4400,Mid-Range NVMe,
Apacer,AS2280Q4U,x4 PCIe 4.0/NVMe,M.2,512GB,Phison E18,"Triple R5 + CoX, 8-ch, 4-CE/ch",Yes,N/A,Micron,TLC,176,7400,7000,High-End NVMe,
Apacer,AS2280Q4U,x4 PCIe 4.0/NVMe,M.2,1TB,Phison E18,"Triple R5 + CoX, 8-ch, 4-CE/ch",Yes,N/A,Micron,TLC,176,7400,7000,High-End NVMe,
Apacer,AS2280Q4U,x4 PCIe 4.0/NVMe,M.2,2TB,Phison E18,"Triple R5 + CoX, 8-ch, 4-CE/ch",Yes,N/A,Micron,TLC,176,7400,7000,High-End NVMe,
Apacer,AS340,SATA/AHCI,"2.5""",120GB,,,,,,TLC,,550,520,Entry-Level SATA,DRAM-less likely
Apacer,AS340,SATA/AHCI,"2.5""",240GB,,,,,,TLC,,550,520,Entry-Level SATA,DRAM-less likely
Apacer,AS340,SATA/AHCI,"2.5""",480GB,,,,,,TLC,,550,520,Entry-Level SATA,DRAM-less likely
Apacer,AS340,SATA/AHCI,"2.5""",960GB,,,,,,TLC,,550,520,Entry-Level SATA,DRAM-less likely
Apacer,AS340X,SATA/AHCI,"2.5""",120GB,,,,,,,,550,520,,
Apacer,AS340X,SATA/AHCI,"2.5""",240GB,,,,,,,,550,520,,
Apacer,AS340X,SATA/AHCI,"2.5""",480GB,,,,,,,,550,520,,
Apacer,AS340X,SATA/AHCI,"2.5""",960GB,,,,,,,,550,520,,
Apacer,AS350X,SATA/AHCI,"2.5""",120GB,,,,,,,,560,540,,
Apacer,AS350X,SATA/AHCI,"2.5""",240GB,,,,,,,,560,540,,
Apacer,AS350X,SATA/AHCI,"2.5""",480GB,,,,,,,,560,540,,
Apacer,AS350X,SATA/AHCI,"2.5""",960GB,,,,,,,,560,540,,
Apacer,AS350X,SATA/AHCI,"2.5""",1TB,,,,,,,,560,540,,
Apacer,AS350X,SATA/AHCI,"2.5""",128GB,,,,,,,,560,540,,
Apacer,AS350X,SATA/AHCI,"2.5""",256GB,,,,,,,,560,540,,
Apacer,AS350X,SATA/AHCI,"2.5""",512GB,,,,,,,,560,540,,
Apacer,AS350X,SATA/AHCI,"2.5""",1TB,,,,,,,,560,540,,
Asgard,AN1/AN2,x4 PCIe 3.0/NVMe,M.2,250GB,SMI SM2263XT,"Dual-core, 4-ch, 4-CE/ch",No,Yes,Micron,TLC,64,2000,1600,Entry-Level NVMe,AN1: heatsink
Asgard,AN1/AN2,x4 PCIe 3.0/NVMe,M.2,500GB,SMI SM2263XT,"Dual-core, 4-ch, 4-CE/ch",No,Yes,Micron,TLC,64,2000,1600,Entry-Level NVMe,AN1: heatsink
Asgard,AN1/AN2,x4 PCIe 3.0/NVMe,M.2,1000GB,SMI SM2263XT,"Dual-core, 4-ch, 4-CE/ch",No,Yes,Micron,TLC,64,2000,1600,Entry-Level NVMe,AN1: heatsink
Asgard,AN1/AN2,x4 PCIe 3.0/NVMe,M.2,1TB,SMI SM2263XT,"Dual-core, 4-ch, 4-CE/ch",No,Yes,Micron,TLC,64,2000,1600,Entry-Level NVMe,AN1: heatsink
Asgard,AN3,x4 PCIe 3.0/NVMe,M.2,500GB,SMI SM2262EN,"Dual-core, 8-ch, 4-CE/ch",Yes,No,Micron,TLC,64,3300,3000,Mid-Range NVMe,
Asgard,AN3,x4 PCIe 3.0/NVMe,M.2,1000GB,SMI SM2262EN,"Dual-core, 8-ch, 4-CE/ch",Yes,No,Micron,TLC,64,3300,3000,Mid-Range NVMe,
Asgard,AN3,x4 PCIe 3.0/NVMe,M.2,2000GB,SMI SM2262EN,"Dual-core, 8-ch, 4-CE/ch",Yes,No,Micron,TLC,64,3300,3000,Mid-Range NVMe,
Asgard,AN3,x4 PCIe 3.0/NVMe,M.2,2TB,SMI SM2262EN,"Dual-core, 8-ch, 4-CE/ch",Yes,No,Micron,TLC,64,3300,3000,Mid-Range NVMe,
Asgard,AN3+,x4 PCIe 3.0/NVMe,M.2,512GB,Starblaze STAR1000P,"Quad-core, 8-ch, 4-CE/ch",Yes,No,Intel,TLC,64+,3500,3000,Mid-Range NVMe,
Asgard,AN3+,x4 PCIe 3.0/NVMe,M.2,1TB,Starblaze STAR1000P,"Quad-core, 8-ch, 4-CE/ch",Yes,No,Intel,TLC,64+,3500,3000,Mid-Range NVMe,
Asgard,AN3+,x4 PCIe 3.0/NVMe,M.2,2TB,Starblaze STAR1000P,"Quad-core, 8-ch, 4-CE/ch",Yes,No,Intel,TLC,64+,3500,3000,Mid-Range NVMe,
Asgard,AN4,x4 PCIe 4.0/NVMe,M.2,512GB,InnoGrit IG5236,"Quad-core, 8-ch",Yes,N/A,YMTC,TLC,128,7500,5500,High-End NVMe,Variable controller + 128L YMTC TLC
Asgard,AN4,x4 PCIe 4.0/NVMe,M.2,1TB,InnoGrit IG5236,"Quad-core, 8-ch",Yes,N/A,YMTC,TLC,128,7500,5500,High-End NVMe,Variable controller + 128L YMTC TLC
Asgard,AN4,x4 PCIe 4.0/NVMe,M.2,2TB,InnoGrit IG5236,"Quad-core, 8-ch",Yes,N/A,YMTC,TLC,128,7500,5500,High-End NVMe,Variable controller + 128L YMTC TLC
Asura,Genesis Xtreme,x4 PCIe 3.0/NVMe,M.2,256GB,Phison E12S,"Dual R5 + CoX, 8-ch, 4-CE/ch",Yes,No,Kioxia,TLC,64,3500,3000,Mid-Range NVMe,"RGB + Heatsink, 7-yr"
Asura,Genesis Xtreme,x4 PCIe 3.0/NVMe,M.2,512GB,Phison E12S,"Dual R5 + CoX, 8-ch, 4-CE/ch",Yes,No,Kioxia,TLC,64,3500,3000,Mid-Range NVMe,"RGB + Heatsink, 7-yr"
Asura,Genesis Xtreme,x4 PCIe 3.0/NVMe,M.2,1TB,Phison E12S,"Dual R5 + CoX, 8-ch, 4-CE/ch",Yes,No,Kioxia,TLC,64,3500,3000,Mid-Range NVMe,"RGB + Heatsink, 7-yr"
Asura,Genesis Xtreme,x4 PCIe 3.0/NVMe,M.2,2TB,Phison E12S,"Dual R5 + CoX, 8-ch, 4-CE/ch",Yes,No,Kioxia,TLC,64,3500,3000,Mid-Range NVMe,"RGB + Heatsink, 7-yr"
ASUS,Strix SQ7,x4 PCIe 4.0/NVMe,M.2,1TB,Phison E18,"Triple R5 + CoX, 8-ch, 4-CE/ch",Yes,N/A,Micron,TLC,176,7000,6000,High-End NVMe,
Biostar,M700,x4 PCIe 3.0/NVMe,M.2,256GB,SMI SM2263XT,"Dual-core, 4-ch, 4-CE/ch",No,Yes,Micron,TLC,64,2000,1600,Entry-Level NVMe,
Biostar,M700,x4 PCIe 3.0/NVMe,M.2,512GB,SMI SM2263XT,"Dual-core, 4-ch, 4-CE/ch",No,Yes,Micron,TLC,64,2000,1600,Entry-Level NVMe,
Biostar,M800,x4 PCIe 4.0/NVMe,M.2,512GB,Maxio MAP1602,"R5, x58",,,,,,5000,4450,Mid-Range NVMe,
Biostar,M800,x4 PCIe 4.0/NVMe,M.2,1TB,Maxio MAP1602,"R5, x58",,,,,,5000,4450,Mid-Range NVMe,
Biostar,M800,x4 PCIe 4.0/NVMe,M.2,2TB,Maxio MAP1602,"R5, x58",,,,,,5000,4450,Mid-Range NVMe,
Biostar,P500,USB 3.2 Gen 2x1,USB-C,512GB,,,,,,,,1000,900,Entry-Level NVMe,Portable
Biostar,P500,USB 3.2 Gen 2x1,USB-C,1TB,,,,,,,,1000,900,Entry-Level NVMe,Portable
Biostar,S160,SATA/AHCI,"2.5""",256GB,,,,,,TLC,,550,510,,
Biostar,S160,SATA/AHCI,"2.5""",512GB,,,,,,TLC,,550,510,,
Biwin,NV7200,x4 PCIe 4.0/NVMe,M.2,500GB,SMI SM2268XT2,,No,Yes,YMTC,QLC,232,7200,6200,,
Biwin,NV7200,x4 PCIe 4.0/NVMe,M.2,1000GB,SMI SM2268XT2,,No,Yes,YMTC,QLC,232,7200,6200,,
Biwin,NV7200,x4 PCIe 4.0/NVMe,M.2,2000GB,SMI SM2268XT2,,No,Yes,YMTC,QLC,232,7200,6200,,
Biwin,NV7200,x4 PCIe 4.0/NVMe,M.2,4000GB,SMI SM2268XT2,,No,Yes,YMTC,QLC,232,7200,6200,,
Biwin,NV7200,x4 PCIe 4.0/NVMe,M.2,4TB,SMI SM2268XT2,,No,Yes,YMTC,QLC,232,7200,6200,,
Biwin,NV7400,x4 PCIe 4.0/NVMe,M.2,512GB,Maxio MAP1602,,No,Yes,YMTC,TLC,232,7400,6500,,
Biwin,NV7400,x4 PCIe 4.0/NVMe,M.2,1TB,Maxio MAP1602,,No,Yes,YMTC,TLC,232,7400,6500,,
Biwin,NV7400,x4 PCIe 4.0/NVMe,M.2,2TB,Maxio MAP1602,,No,Yes,YMTC,TLC,232,7400,6500,,
Biwin,NV7400,x4 PCIe 4.0/NVMe,M.2,4TB,Maxio MAP1602,,No,Yes,YMTC,TLC,232,7400,6500,,
Biwin,X570,x4 PCIe 4.0/NVMe,M.2,1TB,Maxio MAP1806A,,No,Yes,YMTC,TLC,232,,,,
Biwin,X570,x4 PCIe 4.0/NVMe,M.2,2TB,Maxio MAP1806A,,No,Yes,YMTC,TLC,232,,,,
Biwin,X570,x4 PCIe 4.0/NVMe,M.2,4TB,Maxio MAP1806A,,No,Yes,YMTC,TLC,232,,,,
Biwin,X570 PRO,x4 PCIe 5.0/NVMe,M.2,1TB,SMI SM2508,,Yes,N/A,YMTC,TLC,232,14000,13000,High-End NVMe,
Biwin,X570 PRO,x4 PCIe 5.0/NVMe,M.2,2TB,SMI SM2508,,Yes,N/A,YMTC,TLC,232,14000,13000,High-End NVMe,
Biwin,X570 PRO,x4 PCIe 5.0/NVMe,M.2,4TB,SMI SM2508,,Yes,N/A,YMTC,TLC,232,14000,13000,High-End NVMe,
Buffalo,SSD-PSMU3,USB 3.2 Gen 1x1,USB-C,120GB,Phison S10,"Quad-core, 8-ch, 4-CE/ch",Yes,N/A,Kioxia,TLC,64,430,430,Mid-Range SATA,Portable
Buffalo,SSD-PSMU3,USB 3.2 Gen 1x1,USB-C,240GB,Phison S10,"Quad-core, 8-ch, 4-CE/ch",Yes,N/A,Kioxia,TLC,64,430,430,Mid-Range SATA,Portable
Buffalo,SSD-PSMU3,USB 3.2 Gen 1x1,USB-C,480GB,Phison S10,"Quad-core, 8-ch, 4-CE/ch",Yes,N/A,Kioxia,TLC,64,430,430,Mid-Range SATA,Portable
Buffalo,SSD-PSMU3,USB 3.2 Gen 1x1,USB-C,960GB,Phison S10,"Quad-core, 8-ch, 4-CE/ch",Yes,N/A,Kioxia,TLC,64,430,430,Mid-Range SATA,Portable
CalDigit,Tuff Nano Plus,USB 3.2 Gen 2x1,USB-C,512GB,,,,,,,,1055,,,2TB = Tuff nano Plus
CalDigit,Tuff Nano Plus,USB 3.2 Gen 2x1,USB-C,1TB,,,,,,,,1055,,,2TB = Tuff nano Plus
CalDigit,Tuff Nano Plus,USB 3.2 Gen 2x1,USB-C,2TB,,,,,,,,1055,,,2TB = Tuff nano Plus
CFD Gaming,PG5NFZ,x4 PCIe 5.0/NVMe,M.2,1TB,Phison E26,"Dual DC R5 + 3xCoX, 8-ch, 4-CE/ch",Yes,No,Micron,TLC,232,10000,9500,High-End NVMe,
CFD Gaming,PG5NFZ,x4 PCIe 5.0/NVMe,M.2,2TB,Phison E26,"Dual DC R5 + 3xCoX, 8-ch, 4-CE/ch",Yes,No,Micron,TLC,232,10000,9500,High-End NVMe,
CFD Gaming,PG5NFZ,x4 PCIe 5.0/NVMe,M.2,4TB,Phison E26,"Dual DC R5 + 3xCoX, 8-ch, 4-CE/ch",Yes,No,Micron,TLC,232,10000,9500,High-End NVMe,
Colorful,CN600,x4 PCIe 3.0/NVMe,M.2,128GB,SMI SM2263XT,"Dual-core, 4-ch, 4-CE/ch",No,Yes,Micron,TLC,64,2000,1600,Entry-Level NVMe,Alt: Maxio MAP1202 + YMTC
Colorful,CN600,x4 PCIe 3.0/NVMe,M.2,256GB,SMI SM2263XT,"Dual-core, 4-ch, 4-CE/ch",No,Yes,Micron,TLC,64,2000,1600,Entry-Level NVMe,Alt: Maxio MAP1202 + YMTC
Colorful,CN600,x4 PCIe 3.0/NVMe,M.2,512GB,SMI SM2263XT,"Dual-core, 4-ch, 4-CE/ch",No,Yes,Micron,TLC,64,2000,1600,Entry-Level NVMe,Alt: Maxio MAP1202 + YMTC
Colorful,CN600 Pro,x4 PCIe 3.0/NVMe,M.2,256GB,Maxio MAP1202,"Dual R5, 4x4",No,Yes,,TLC,,3400,3100,Mid-Range NVMe,
Colorful,CN600 Pro,x4 PCIe 3.0/NVMe,M.2,512GB,Maxio MAP1202,"Dual R5, 4x4",No,Yes,,TLC,,3400,3100,Mid-Range NVMe,
Colorful,CN600 Pro,x4 PCIe 3.0/NVMe,M.2,1TB,Maxio MAP1202,"Dual R5, 4x4",No,Yes,,TLC,,3400,3100,Mid-Range NVMe,
Colorful,CN700,x4 PCIe 4.0/NVMe,M.2,512GB,Maxio MAP1602,"Dual R5, 4x4",No,Yes,YMTC,TLC,128,5000,4500,Mid-Range NVMe,
Colorful,CN700,x4 PCIe 4.0/NVMe,M.2,1TB,Maxio MAP1602,"Dual R5, 4x4",No,Yes,YMTC,TLC,128,5000,4500,Mid-Range NVMe,
Colorful,CN700,x4 PCIe 4.0/NVMe,M.2,2TB,Maxio MAP1602,"Dual R5, 4x4",No,Yes,YMTC,TLC,128,5000,4500,Mid-Range NVMe,
Colorful,SL500,SATA/AHCI,"2.5""",240GB,SMI SM2258XT,"Single-core, 4-ch, 4-CE/ch",No,N/A,Intel,TLC,32,500,400,Entry-Level SATA,
Colorful,SL500,SATA/AHCI,"2.5""",480GB,SMI SM2258XT,"Single-core, 4-ch, 4-CE/ch",No,N/A,Intel,TLC,32,500,400,Entry-Level SATA,
Colorful,SL500,SATA/AHCI,"2.5""",960GB,SMI SM2258XT,"Single-core, 4-ch, 4-CE/ch",No,N/A,Intel,TLC,32,500,400,Entry-Level SATA,
Colorful,SL500,SATA/AHCI,"2.5""",1920GB,SMI SM2258XT,"Single-core, 4-ch, 4-CE/ch",No,N/A,Intel,TLC,32,500,400,Entry-Level SATA,
Colorful,SL500,SATA/AHCI,"2.5""",2TB,SMI SM2258XT,"Single-core, 4-ch, 4-CE/ch",No,N/A,Intel,TLC,32,500,400,Entry-Level SATA,
Corsair,EX100U,USB 3.2 Gen 2x2,USB-C,512GB,Phison U18,"Single-CPU, 2-ch, 8-CE/ch",No,No,Kioxia,TLC,112,1600,1500,Entry-Level NVMe,Portable
Corsair,EX100U,USB 3.2 Gen 2x2,USB-C,1TB,Phison U18,"Single-CPU, 2-ch, 8-CE/ch",No,No,Kioxia,TLC,112,1600,1500,Entry-Level NVMe,Portable
Corsair,EX100U,USB 3.2 Gen 2x2,USB-C,2TB,Phison U18,"Single-CPU, 2-ch, 8-CE/ch",No,No,Kioxia,TLC,112,1600,1500,Entry-Level NVMe,Portable
Corsair,EX100U,USB 3.2 Gen 2x2,USB-C,4TB,Phison U18,"Single-CPU, 2-ch, 8-CE/ch",No,No,Kioxia,TLC,112,1600,1500,Entry-Level NVMe,Portable
Corsair,MP300,x2 PCIe 3.0/NVMe,M.2,120GB,Phison E8,"Dual-core, 4-ch, 8-CE/ch",Yes,No,Kioxia,TLC,64,1600,1080,Entry-Level NVMe,
Corsair,MP300,x2 PCIe 3.0/NVMe,M.2,240GB,Phison E8,"Dual-core, 4-ch, 8-CE/ch",Yes,No,Kioxia,TLC,64,1600,1080,Entry-Level NVMe,
Corsair,MP300,x2 PCIe 3.0/NVMe,M.2,480GB,Phison E8,"Dual-core, 4-ch, 8-CE/ch",Yes,No,Kioxia,TLC,64,1600,1080,Entry-Level NVMe,
Corsair,MP300,x2 PCIe 3.0/NVMe,M.2,960GB,Phison E8,"Dual-core, 4-ch, 8-CE/ch",Yes,No,Kioxia,TLC,64,1600,1080,Entry-Level NVMe,
Corsair,MP400,x4 PCIe 3.0/NVMe,M.2,1TB,Phison E12S,"Dual R5 + CoX, 8-ch, 4-CE/ch",Yes,No,Intel,QLC,96,3400,3000,Mid-Range NVMe,
Corsair,MP400,x4 PCIe 3.0/NVMe,M.2,2TB,Phison E12S,"Dual R5 + CoX, 8-ch, 4-CE/ch",Yes,No,Intel,QLC,96,3400,3000,Mid-Range NVMe,
Corsair,MP400,x4 PCIe 3.0/NVMe,M.2,4TB,Phison E12S,"Dual R5 + CoX, 8-ch, 4-CE/ch",Yes,No,Intel,QLC,96,3400,3000,Mid-Range NVMe,
Corsair,MP400,x4 PCIe 3.0/NVMe,M.2,8TB,Phison E12S,"Dual R5 + CoX, 8-ch, 4-CE/ch",Yes,No,Intel,QLC,96,3400,3000,Mid-Range NVMe,
Corsair,MP510,x4 PCIe 3.0/NVMe,M.2,240GB,Phison E12S,"Dual R5 + CoX, 8-ch, 4-CE/ch",Yes,No,Kioxia,TLC,64,3480,3000,Mid-Range NVMe,
Corsair,MP510,x4 PCIe 3.0/NVMe,M.2,480GB,Phison E12S,"Dual R5 + CoX, 8-ch, 4-CE/ch",Yes,No,Kioxia,TLC,64,3480,3000,Mid-Range NVMe,
Corsair,MP510,x4 PCIe 3.0/NVMe,M.2,960GB,Phison E12S,"Dual R5 + CoX, 8-ch, 4-CE/ch",Yes,No,Kioxia,TLC,64,3480,3000,Mid-Range NVMe,
Corsair,MP510,x4 PCIe 3.0/NVMe,M.2,1920GB,Phison E12S,"Dual R5 + CoX, 8-ch, 4-CE/ch",Yes,No,Kioxia,TLC,64,3480,3000,Mid-Range NVMe,
Corsair,MP510,x4 PCIe 3.0/NVMe,M.2,3840GB,Phison E12S,"Dual R5 + CoX, 8-ch, 4-CE/ch",Yes,No,Kioxia,TLC,64,3480,3000,Mid-Range NVMe,
Corsair,MP510,x4 PCIe 3.0/NVMe,M.2,4TB,Phison E12S,"Dual R5 + CoX, 8-ch, 4-CE/ch",Yes,No,Kioxia,TLC,64,3480,3000,Mid-Range NVMe,
Corsair,MP600,x4 PCIe 4.0/NVMe,M.2,500GB,Phison E16,"Dual R5 + CoX, 8-ch, 4-CE/ch",Yes,No,Kioxia,TLC,96,4950,4250,Mid-Range NVMe,Heatsink
Corsair,MP600,x4 PCIe 4.0/NVMe,M.2,1000GB,Phison E16,"Dual R5 + CoX, 8-ch, 4-CE/ch",Yes,No,Kioxia,TLC,96,4950,4250,Mid-Range NVMe,Heatsink
Corsair,MP600,x4 PCIe 4.0/NVMe,M.2,2000GB,Phison E16,"Dual R5 + CoX, 8-ch, 4-CE/ch",Yes,No,Kioxia,TLC,96,4950,4250,Mid-Range NVMe,Heatsink
Corsair,MP600,x4 PCIe 4.0/NVMe,M.2,2TB,Phison E16,"Dual R5 + CoX, 8-ch, 4-CE/ch",Yes,No,Kioxia,TLC,96,4950,4250,Mid-Range NVMe,Heatsink
Corsair,MP600 CORE,x4 PCIe 4.0/NVMe,M.2,1TB,Phison E16,"Dual R5 + CoX, 8-ch, 4-CE/ch",Yes,No,Micron,QLC,96,4950,3950,Mid-Range NVMe,
Corsair,MP600 CORE,x4 PCIe 4.0/NVMe,M.2,2TB,Phison E16,"Dual R5 + CoX, 8-ch, 4-CE/ch",Yes,No,Micron,QLC,96,4950,3950,Mid-Range NVMe,
Corsair,MP600 CORE,x4 PCIe 4.0/NVMe,M.2,4TB,Phison E16,"Dual R5 + CoX, 8-ch, 4-CE/ch",Yes,No,Micron,QLC,96,4950,3950,Mid-Range NVMe,
Corsair,MP600 CORE MINI,x4 PCIe 4.0/NVMe,M.2,1TB,Phison E21T,"Single R5, 4-ch, 4-CE/ch",No,Yes,Micron,QLC,176,,,Entry-Level NVMe,2230
Corsair,MP600 CORE MINI,x4 PCIe 4.0/NVMe,M.2,2TB,Phison E21T,"Single R5, 4-ch, 4-CE/ch",No,Yes,Micron,QLC,176,#VALUE!,,Entry-Level NVMe,2230
Corsair,MP600 Core XT,x4 PCIe 4.0/NVMe,M.2,500GB,Phison E21T,"Single R5, 4-ch, 4-CE/ch",No,Yes,Micron,QLC,176,5000,4400,Entry-Level NVMe,
Corsair,MP600 Core XT,x4 PCIe 4.0/NVMe,M.2,1000GB,Phison E21T,"Single R5, 4-ch, 4-CE/ch",No,Yes,Micron,QLC,176,5000,4400,Entry-Level NVMe,
Corsair,MP600 Core XT,x4 PCIe 4.0/NVMe,M.2,2000GB,Phison E21T,"Single R5, 4-ch, 4-CE/ch",No,Yes,Micron,QLC,176,5000,4400,Entry-Level NVMe,
Corsair,MP600 Core XT,x4 PCIe 4.0/NVMe,M.2,4000GB,Phison E21T,"Single R5, 4-ch, 4-CE/ch",No,Yes,Micron,QLC,176,5000,4400,Entry-Level NVMe,
Corsair,MP600 Core XT,x4 PCIe 4.0/NVMe,M.2,4TB,Phison E21T,"Single R5, 4-ch, 4-CE/ch",No,Yes,Micron,QLC,176,5000,4400,Entry-Level NVMe,
Corsair,MP600 Elite,x4 PCIe 4.0/NVMe,M.2,1TB,Phison E27T,"Single R5 + CoX, 4-CH, 4-CE/ch",No,Yes,Kioxia,TLC,162,7000,6500,,"PS5, non-heatink versions available"
Corsair,MP600 Elite,x4 PCIe 4.0/NVMe,M.2,2TB,Phison E27T,"Single R5 + CoX, 4-CH, 4-CE/ch",No,Yes,Kioxia,TLC,162,7000,6500,,"PS5, non-heatink versions available"
Corsair,MP600 GS,x4 PCIe 4.0/NVMe,M.2,500GB,Phison E21T,"Single R5, 4-ch, 4-CE/ch",No,Yes,Micron,TLC,176,4800,3900,Entry-Level NVMe,2TB: QLC possible
Corsair,MP600 GS,x4 PCIe 4.0/NVMe,M.2,1000GB,Phison E21T,"Single R5, 4-ch, 4-CE/ch",No,Yes,Micron,TLC,176,4800,3900,Entry-Level NVMe,2TB: QLC possible
Corsair,MP600 GS,x4 PCIe 4.0/NVMe,M.2,1TB,Phison E21T,"Single R5, 4-ch, 4-CE/ch",No,Yes,Micron,TLC,176,4800,3900,Entry-Level NVMe,2TB: QLC possible
Corsair,MP600 Micro,x4 PCIe 4.0/NVMe,M.2,1TB,Phison E21T,"Single R5, 4-ch, 4-CE/ch",No,Yes,Micron,TLC,176,5100,4300,Entry-Level NVMe,2242
Corsair,MP600 Mini,x4 PCIe 4.0/NVMe,M.2,1TB,Phison E21T,"Single R5, 4-ch, 4-CE/ch",No,Yes,Micron,TLC,176,4800,4800,Mid-Range NVMe,2230; E27T revision
Corsair,MP600 PRO,x4 PCIe 4.0/NVMe,M.2,1TB,Phison E18,"Triple R5 + CoX, 8-ch, 4-CE/ch",Yes,N/A,Micron,TLC,96,7000,6850,High-End NVMe,Water-cooled
Corsair,MP600 PRO,x4 PCIe 4.0/NVMe,M.2,2TB,Phison E18,"Triple R5 + CoX, 8-ch, 4-CE/ch",Yes,N/A,Micron,TLC,96,7000,6850,High-End NVMe,Water-cooled
Corsair,MP600 PRO,x4 PCIe 4.0/NVMe,M.2,4TB,Phison E18,"Triple R5 + CoX, 8-ch, 4-CE/ch",Yes,N/A,Micron,TLC,96,7000,6850,High-End NVMe,Water-cooled
Corsair,MP600 PRO NH,x4 PCIe 4.0/NVMe,M.2,500GB,Phison E18,"Triple R5 + CoX, 8-ch, 4-CE/ch",Yes,N/A,Micron,TLC,176,7000,6500,High-End NVMe,Reports of BiCS5
Corsair,MP600 PRO NH,x4 PCIe 4.0/NVMe,M.2,1000GB,Phison E18,"Triple R5 + CoX, 8-ch, 4-CE/ch",Yes,N/A,Micron,TLC,176,7000,6500,High-End NVMe,Reports of BiCS5
Corsair,MP600 PRO NH,x4 PCIe 4.0/NVMe,M.2,2000GB,Phison E18,"Triple R5 + CoX, 8-ch, 4-CE/ch",Yes,N/A,Micron,TLC,176,7000,6500,High-End NVMe,Reports of BiCS5
Corsair,MP600 PRO NH,x4 PCIe 4.0/NVMe,M.2,4000GB,Phison E18,"Triple R5 + CoX, 8-ch, 4-CE/ch",Yes,N/A,Micron,TLC,176,7000,6500,High-End NVMe,Reports of BiCS5
Corsair,MP600 PRO NH,x4 PCIe 4.0/NVMe,M.2,8000GB,Phison E18,"Triple R5 + CoX, 8-ch, 4-CE/ch",Yes,N/A,Micron,TLC,176,7000,6500,High-End NVMe,Reports of BiCS5
Corsair,MP600 PRO NH,x4 PCIe 4.0/NVMe,M.2,8TB,Phison E18,"Triple R5 + CoX, 8-ch, 4-CE/ch",Yes,N/A,Micron,TLC,176,7000,6500,High-End NVMe,Reports of BiCS5
Corsair,MP600 Pro Hydro X,x4 PCIe 4.0/NVMe,M.2,1TB,Phison E18,"Triple R5 + CoX, 8-ch, 4-CE/ch",Yes,N/A,Micron,TLC,96,7000,6850,High-End NVMe,
Corsair,MP600 Pro Hydro X,x4 PCIe 4.0/NVMe,M.2,2TB,Phison E18,"Triple R5 + CoX, 8-ch, 4-CE/ch",Yes,N/A,Micron,TLC,96,7000,6850,High-End NVMe,
Corsair,MP600 Pro LPX,x4 PCIe 4.0/NVMe,M.2,1TB,Phison E18,"Triple R5 + CoX, 8-ch, 4-CE/ch",Yes,N/A,Micron,TLC,176,7100,6800,High-End NVMe,
Corsair,MP600 Pro LPX,x4 PCIe 4.0/NVMe,M.2,2TB,Phison E18,"Triple R5 + CoX, 8-ch, 4-CE/ch",Yes,N/A,Micron,TLC,176,7100,6800,High-End NVMe,
Corsair,MP600 Pro LPX,x4 PCIe 4.0/NVMe,M.2,4TB,Phison E18,"Triple R5 + CoX, 8-ch, 4-CE/ch",Yes,N/A,Micron,TLC,176,7100,6800,High-End NVMe,
Corsair,MP600 PRO XT,x4 PCIe 4.0/NVMe,M.2,1TB,Phison E18,"Triple R5 + CoX, 8-ch, 4-CE/ch",Yes,N/A,Micron,TLC,176,7300,6900,High-End NVMe,Heatsink; BiCS5 @ 8TB
Corsair,MP600 PRO XT,x4 PCIe 4.0/NVMe,M.2,2TB,Phison E18,"Triple R5 + CoX, 8-ch, 4-CE/ch",Yes,N/A,Micron,TLC,176,7300,6900,High-End NVMe,Heatsink; BiCS5 @ 8TB
Corsair,MP600 PRO XT,x4 PCIe 4.0/NVMe,M.2,4TB,Phison E18,"Triple R5 + CoX, 8-ch, 4-CE/ch",Yes,N/A,Micron,TLC,176,7300,6900,High-End NVMe,Heatsink; BiCS5 @ 8TB
Corsair,MP600 PRO XT,x4 PCIe 4.0/NVMe,M.2,8TB,Phison E18,"Triple R5 + CoX, 8-ch, 4-CE/ch",Yes,N/A,Micron,TLC,176,7300,6900,High-End NVMe,Heatsink; BiCS5 @ 8TB
Corsair,MP600 PRO XT Hydro X,x4 PCIe 4.0/NVMe,M.2,2TB,Phison E18,"Triple R5 + CoX, 8-ch, 4-CE/ch",Yes,N/A,Micron,TLC,96,7100,6800,High-End NVMe,Water-cooled
Corsair,MP600 PRO XT Hydro X,x4 PCIe 4.0/NVMe,M.2,4TB,Phison E18,"Triple R5 + CoX, 8-ch, 4-CE/ch",Yes,N/A,Micron,TLC,96,7100,6800,High-End NVMe,Water-cooled
Corsair,MP700,x4 PCIe 5.0/NVMe,M.2,2TB,Phison E26,"Dual R5 + 3xCoX, 8-ch, 4-CE/ch",Yes,N/A,Micron,TLC,232,10000,9500,High-End NVMe,
Corsair,MP700 Elite,x4 PCIe 5.0/NVMe,M.2,1TB,Phison E31T,,No,Yes,Kioxia,TLC,218,10000,8500,High-End NVMe,
Corsair,MP700 Elite,x4 PCIe 5.0/NVMe,M.2,2TB,Phison E31T,,No,Yes,Kioxia,TLC,218,10000,8500,High-End NVMe,
Corsair,MP700 Micro,x4 PCIe 5.0/NVMe,M.2,2TB,Phison E31T,,No,Yes,Sandisk,TLC,218,10000,8500,,M.2 2242
Corsair,MP700 Micro,x4 PCIe 5.0/NVMe,M.2,4TB,Phison E31T,,No,Yes,Sandisk,TLC,218,10000,8500,,M.2 2242
Corsair,MP700 PRO,x4 PCIe 5.0/NVMe,M.2,1TB,Phison E26,"Dual R5 + 3xCoX, 8-ch, 4-CE/ch",Yes,N/A,Micron,TLC,232,12400,11800,High-End NVMe,
Corsair,MP700 PRO,x4 PCIe 5.0/NVMe,M.2,2TB,Phison E26,"Dual R5 + 3xCoX, 8-ch, 4-CE/ch",Yes,N/A,Micron,TLC,232,12400,11800,High-End NVMe,
Corsair,MP700 PRO SE,x4 PCIe 5.0/NVMe,M.2,1TB,Phison E26,"Dual R5 + 3xCoX, 8-ch, 4-CE/ch",Yes,N/A,Micron,TLC,232,14000,14000,High-End NVMe,
Corsair,MP700 PRO SE,x4 PCIe 5.0/NVMe,M.2,2TB,Phison E26,"Dual R5 + 3xCoX, 8-ch, 4-CE/ch",Yes,N/A,Micron,TLC,232,14000,14000,High-End NVMe,
Corsair,MP700 PRO SE,x4 PCIe 5.0/NVMe,M.2,4TB,Phison E26,"Dual R5 + 3xCoX, 8-ch, 4-CE/ch",Yes,N/A,Micron,TLC,232,14000,14000,High-End NVMe,
Corsair,MP700 PRO XT,x4 PCIe 5.0/NVMe,M.2,1TB,Phison E28,,Yes,N/A,Sandisk,TLC,218,14900,14500,High-End NVMe,
Corsair,MP700 PRO XT,x4 PCIe 5.0/NVMe,M.2,2TB,Phison E28,,Yes,N/A,Sandisk,TLC,218,14900,14500,High-End NVMe,
Crucial,BX500,SATA/AHCI,"2.5""",120GB,SMI SM2258/59XT,"Single-core, 4-ch, 4-CE/ch",No,N/A,Micron,TLC/QLC,64/96,540,500,Entry-Level SATA,1/2TB: SM2259XT + 96L QLC
Crucial,BX500,SATA/AHCI,"2.5""",240GB,SMI SM2258/59XT,"Single-core, 4-ch, 4-CE/ch",No,N/A,Micron,TLC/QLC,64/96,540,500,Entry-Level SATA,1/2TB: SM2259XT + 96L QLC
Crucial,BX500,SATA/AHCI,"2.5""",480GB,SMI SM2258/59XT,"Single-core, 4-ch, 4-CE/ch",No,N/A,Micron,TLC/QLC,64/96,540,500,Entry-Level SATA,1/2TB: SM2259XT + 96L QLC
Crucial,BX500,SATA/AHCI,"2.5""",960GB,SMI SM2258/59XT,"Single-core, 4-ch, 4-CE/ch",No,N/A,Micron,TLC/QLC,64/96,540,500,Entry-Level SATA,1/2TB: SM2259XT + 96L QLC
Crucial,BX500,SATA/AHCI,"2.5""",1920GB,SMI SM2258/59XT,"Single-core, 4-ch, 4-CE/ch",No,N/A,Micron,TLC/QLC,64/96,540,500,Entry-Level SATA,1/2TB: SM2259XT + 96L QLC
Crucial,BX500,SATA/AHCI,"2.5""",2TB,SMI SM2258/59XT,"Single-core, 4-ch, 4-CE/ch",No,N/A,Micron,TLC/QLC,64/96,540,500,Entry-Level SATA,1/2TB: SM2259XT + 96L QLC
Crucial,MX300,SATA/AHCI,"2.5"" & M.2 (1TB)",256GB,Marvell 88SS1074,"Dual-core, 4-ch, 8-CE/ch",Yes,N/A,Micron,TLC,32,530,500,Mid-Range SATA,
Crucial,MX300,SATA/AHCI,"2.5"" & M.2 (1TB)",512GB,Marvell 88SS1074,"Dual-core, 4-ch, 8-CE/ch",Yes,N/A,Micron,TLC,32,530,500,Mid-Range SATA,
Crucial,MX300,SATA/AHCI,"2.5"" & M.2 (1TB)",1TB,Marvell 88SS1074,"Dual-core, 4-ch, 8-CE/ch",Yes,N/A,Micron,TLC,32,530,500,Mid-Range SATA,
Crucial,MX300,SATA/AHCI,"2.5"" & M.2 (1TB)",2TB,Marvell 88SS1074,"Dual-core, 4-ch, 8-CE/ch",Yes,N/A,Micron,TLC,32,530,500,Mid-Range SATA,
Crucial,MX500,SATA/AHCI,"2.5"" & M.2 (1TB)",250GB,SMI SM2258,"Single-core, 4-ch, 8-CE/ch",Yes,N/A,Micron,TLC,64/96,550,510,High-End SATA,"Transition to 96L, SM2259"
Crucial,MX500,SATA/AHCI,"2.5"" & M.2 (1TB)",500GB,SMI SM2258,"Single-core, 4-ch, 8-CE/ch",Yes,N/A,Micron,TLC,64/96,550,510,High-End SATA,"Transition to 96L, SM2259"
Crucial,MX500,SATA/AHCI,"2.5"" & M.2 (1TB)",1000GB,SMI SM2258,"Single-core, 4-ch, 8-CE/ch",Yes,N/A,Micron,TLC,64/96,550,510,High-End SATA,"Transition to 96L, SM2259"
Crucial,MX500,SATA/AHCI,"2.5"" & M.2 (1TB)",2000GB,SMI SM2258,"Single-core, 4-ch, 8-CE/ch",Yes,N/A,Micron,TLC,64/96,550,510,High-End SATA,"Transition to 96L, SM2259"
Crucial,MX500,SATA/AHCI,"2.5"" & M.2 (1TB)",2TB,SMI SM2258,"Single-core, 4-ch, 8-CE/ch",Yes,N/A,Micron,TLC,64/96,550,510,High-End SATA,"Transition to 96L, SM2259"
Crucial,P1,x4 PCIe 3.0/NVMe,M.2,500GB,SMI SM2263,"Dual-core, 4-ch, 4-CE/ch",Yes,No,Micron,QLC,64,2000,1700,Entry-Level NVMe,Double-sided at 2TB
Crucial,P1,x4 PCIe 3.0/NVMe,M.2,1000GB,SMI SM2263,"Dual-core, 4-ch, 4-CE/ch",Yes,No,Micron,QLC,64,2000,1700,Entry-Level NVMe,Double-sided at 2TB
Crucial,P1,x4 PCIe 3.0/NVMe,M.2,2000GB,SMI SM2263,"Dual-core, 4-ch, 4-CE/ch",Yes,No,Micron,QLC,64,2000,1700,Entry-Level NVMe,Double-sided at 2TB
Crucial,P1,x4 PCIe 3.0/NVMe,M.2,2TB,SMI SM2263,"Dual-core, 4-ch, 4-CE/ch",Yes,No,Micron,QLC,64,2000,1700,Entry-Level NVMe,Double-sided at 2TB
Crucial,P2,x4 PCIe 3.0/NVMe,M.2,250GB,Phison E13T,"Single-core, 4-ch, 8-CE/ch",No,Yes,Micron,TLC/QLC,96,2400,1900,Entry-Level NVMe,QLC at 500GB+
Crucial,P2,x4 PCIe 3.0/NVMe,M.2,500GB,Phison E13T,"Single-core, 4-ch, 8-CE/ch",No,Yes,Micron,TLC/QLC,96,2400,1900,Entry-Level NVMe,QLC at 500GB+
Crucial,P2,x4 PCIe 3.0/NVMe,M.2,1000GB,Phison E13T,"Single-core, 4-ch, 8-CE/ch",No,Yes,Micron,TLC/QLC,96,2400,1900,Entry-Level NVMe,QLC at 500GB+
Crucial,P2,x4 PCIe 3.0/NVMe,M.2,2000GB,Phison E13T,"Single-core, 4-ch, 8-CE/ch",No,Yes,Micron,TLC/QLC,96,2400,1900,Entry-Level NVMe,QLC at 500GB+
Crucial,P2,x4 PCIe 3.0/NVMe,M.2,2TB,Phison E13T,"Single-core, 4-ch, 8-CE/ch",No,Yes,Micron,TLC/QLC,96,2400,1900,Entry-Level NVMe,QLC at 500GB+
Crucial,P3,x4 PCIe 3.0/NVMe,M.2,500GB,Phison E21T,"Single R5, 4-ch, 4-CE/ch",No,Yes,Micron,QLC,176,3500,3000,Entry-Level NVMe,use
Crucial,P3,x4 PCIe 3.0/NVMe,M.2,1000GB,Phison E21T,"Single R5, 4-ch, 4-CE/ch",No,Yes,Micron,QLC,176,3500,3000,Entry-Level NVMe,use
Crucial,P3,x4 PCIe 3.0/NVMe,M.2,2000GB,Phison E21T,"Single R5, 4-ch, 4-CE/ch",No,Yes,Micron,QLC,176,3500,3000,Entry-Level NVMe,use
Crucial,P3,x4 PCIe 3.0/NVMe,M.2,4000GB,Phison E21T,"Single R5, 4-ch, 4-CE/ch",No,Yes,Micron,QLC,176,3500,3000,Entry-Level NVMe,use
Crucial,P3,x4 PCIe 3.0/NVMe,M.2,4TB,Phison E21T,"Single R5, 4-ch, 4-CE/ch",No,Yes,Micron,QLC,176,3500,3000,Entry-Level NVMe,use
Crucial,P310,x4 PCIe 4.0/NVMe,M.2,1TB,Phison E27T,,No,Yes,Micron,QLC,232,7000,6100,Mid-range NVMe,2230 and 2280
Crucial,P310,x4 PCIe 4.0/NVMe,M.2,2TB,Phison E27T,,No,Yes,Micron,QLC,232,7000,6100,Mid-range NVMe,2230 and 2280
Crucial,P3 Plus,x4 PCIe 4.0/NVMe,M.2,500GB,Phison E21T,"Single R5, 4-ch, 4-CE/ch",No,Yes,Micron,QLC,176,5000,4200,Entry-Level NVMe,
Crucial,P3 Plus,x4 PCIe 4.0/NVMe,M.2,1000GB,Phison E21T,"Single R5, 4-ch, 4-CE/ch",No,Yes,Micron,QLC,176,5000,4200,Entry-Level NVMe,
Crucial,P3 Plus,x4 PCIe 4.0/NVMe,M.2,2000GB,Phison E21T,"Single R5, 4-ch, 4-CE/ch",No,Yes,Micron,QLC,176,5000,4200,Entry-Level NVMe,
Crucial,P3 Plus,x4 PCIe 4.0/NVMe,M.2,4000GB,Phison E21T,"Single R5, 4-ch, 4-CE/ch",No,Yes,Micron,QLC,176,5000,4200,Entry-Level NVMe,
Crucial,P3 Plus,x4 PCIe 4.0/NVMe,M.2,4TB,Phison E21T,"Single R5, 4-ch, 4-CE/ch",No,Yes,Micron,QLC,176,5000,4200,Entry-Level NVMe,
Crucial,P5,x4 PCIe 3.0/NVMe,M.2,250GB,Micron DM01B2,"Dual-core R5 + M3, 8-ch",Yes,No,Micron,TLC,96,3400,3000,Mid-Range NVMe,128L+ update
Crucial,P5,x4 PCIe 3.0/NVMe,M.2,500GB,Micron DM01B2,"Dual-core R5 + M3, 8-ch",Yes,No,Micron,TLC,96,3400,3000,Mid-Range NVMe,128L+ update
Crucial,P5,x4 PCIe 3.0/NVMe,M.2,1000GB,Micron DM01B2,"Dual-core R5 + M3, 8-ch",Yes,No,Micron,TLC,96,3400,3000,Mid-Range NVMe,128L+ update
Crucial,P5,x4 PCIe 3.0/NVMe,M.2,2000GB,Micron DM01B2,"Dual-core R5 + M3, 8-ch",Yes,No,Micron,TLC,96,3400,3000,Mid-Range NVMe,128L+ update
Crucial,P5,x4 PCIe 3.0/NVMe,M.2,2TB,Micron DM01B2,"Dual-core R5 + M3, 8-ch",Yes,No,Micron,TLC,96,3400,3000,Mid-Range NVMe,128L+ update
Crucial,P5 Plus,x4 PCIe 4.0/NVMe,M.2,500GB,Micron DM02A1,Cortex-R5 + Cortex-M3,Yes,No,Micron,TLC,176,6600,5000,High-End NVMe,
Crucial,P5 Plus,x4 PCIe 4.0/NVMe,M.2,1000GB,Micron DM02A1,Cortex-R5 + Cortex-M3,Yes,No,Micron,TLC,176,6600,5000,High-End NVMe,
Crucial,P5 Plus,x4 PCIe 4.0/NVMe,M.2,2000GB,Micron DM02A1,Cortex-R5 + Cortex-M3,Yes,No,Micron,TLC,176,6600,5000,High-End NVMe,
Crucial,P5 Plus,x4 PCIe 4.0/NVMe,M.2,2TB,Micron DM02A1,Cortex-R5 + Cortex-M3,Yes,No,Micron,TLC,176,6600,5000,High-End NVMe,
Crucial,P510,1TB-2TB,,,,,Yes,N/A,Micron,TLC,276,,,,
Crucial,T500,x4 PCIe 4.0/NVMe,M.2,500GB,Phison E25,Dual R5 + CoX,Yes,N/A,Micron,TLC,232,7400,7000,High-End NVMe,
Crucial,T500,x4 PCIe 4.0/NVMe,M.2,1000GB,Phison E25,Dual R5 + CoX,Yes,N/A,Micron,TLC,232,7400,7000,High-End NVMe,
Crucial,T500,x4 PCIe 4.0/NVMe,M.2,2000GB,Phison E25,Dual R5 + CoX,Yes,N/A,Micron,TLC,232,7400,7000,High-End NVMe,
Crucial,T500,x4 PCIe 4.0/NVMe,M.2,2TB,Phison E25,Dual R5 + CoX,Yes,N/A,Micron,TLC,232,7400,7000,High-End NVMe,
Crucial,T700,x4 PCIe 5.0/NVMe,M.2,1TB,Phison E26,"Dual R5 + 3xCoX, 8-ch, 4-CE/ch",Yes,N/A,Micron,TLC,232,12400,11800,High-End NVMe,"Passive HS, spreader SKU requires HS"
Crucial,T700,x4 PCIe 5.0/NVMe,M.2,2TB,Phison E26,"Dual R5 + 3xCoX, 8-ch, 4-CE/ch",Yes,N/A,Micron,TLC,232,12400,11800,High-End NVMe,"Passive HS, spreader SKU requires HS"
Crucial,T700,x4 PCIe 5.0/NVMe,M.2,4TB,Phison E26,"Dual R5 + 3xCoX, 8-ch, 4-CE/ch",Yes,N/A,Micron,TLC,232,12400,11800,High-End NVMe,"Passive HS, spreader SKU requires HS"
Crucial,T705,x4 PCIe 5.0/NVMe,M.2,1TB,Phison E26,"Dual R5 + 3xCoX, 8-ch, 4-CE/ch",Yes,N/A,Micron,TLC,232,14500,12700,High-End NVMe,
Crucial,T705,x4 PCIe 5.0/NVMe,M.2,2TB,Phison E26,"Dual R5 + 3xCoX, 8-ch, 4-CE/ch",Yes,N/A,Micron,TLC,232,14500,12700,High-End NVMe,
Crucial,T705,x4 PCIe 5.0/NVMe,M.2,4TB,Phison E26,"Dual R5 + 3xCoX, 8-ch, 4-CE/ch",Yes,N/A,Micron,TLC,232,14500,12700,High-End NVMe,
Crucial,T710,x4 PCIe 5.0/NVMe,M.2,1TB,,,Yes,N/A,Micron,TLC,276,14900,13800,High-End NVMe,
Crucial,T710,x4 PCIe 5.0/NVMe,M.2,2TB,,,Yes,N/A,Micron,TLC,276,14900,13800,High-End NVMe,
Crucial,T710,x4 PCIe 5.0/NVMe,M.2,4TB,,,Yes,N/A,Micron,TLC,276,14900,13800,High-End NVMe,
Crucial,X6,USB 3.2 Gen 2x1,USB-C,500GB,SMI SM2259XT,"Single-core, 4-ch, 4-CE/ch",No,N/A,Micron,QLC,96,540,,Entry-Level SATA,Portable; new U17 + 176L QLC version
Crucial,X6,USB 3.2 Gen 2x1,USB-C,1000GB,SMI SM2259XT,"Single-core, 4-ch, 4-CE/ch",No,N/A,Micron,QLC,96,540,,Entry-Level SATA,Portable; new U17 + 176L QLC version
Crucial,X6,USB 3.2 Gen 2x1,USB-C,2000GB,SMI SM2259XT,"Single-core, 4-ch, 4-CE/ch",No,N/A,Micron,QLC,96,540,,Entry-Level SATA,Portable; new U17 + 176L QLC version
Crucial,X6,USB 3.2 Gen 2x1,USB-C,4000GB,SMI SM2259XT,"Single-core, 4-ch, 4-CE/ch",No,N/A,Micron,QLC,96,540,,Entry-Level SATA,Portable; new U17 + 176L QLC version
Crucial,X6,USB 3.2 Gen 2x1,USB-C,4TB,SMI SM2259XT,"Single-core, 4-ch, 4-CE/ch",No,N/A,Micron,QLC,96,540,,Entry-Level SATA,Portable; new U17 + 176L QLC version
Crucial,X8,USB 3.2 Gen 2x1,M.2,500GB,SMI SM2263,"Dual-core, 4-ch, 4-CE/ch",Yes,No,Micron,QLC,64,1050,1000,Entry-Level NVMe,Portable
Crucial,X8,USB 3.2 Gen 2x1,M.2,1000GB,SMI SM2263,"Dual-core, 4-ch, 4-CE/ch",Yes,No,Micron,QLC,64,1050,1000,Entry-Level NVMe,Portable
Crucial,X8,USB 3.2 Gen 2x1,M.2,1TB,SMI SM2263,"Dual-core, 4-ch, 4-CE/ch",Yes,No,Micron,QLC,64,1050,1000,Entry-Level NVMe,Portable
Crucial,X9 Pro,USB 3.2 Gen 2x1,USB-C,1TB,,,,,,,,1050,,Entry-Level NVMe,Portable
Crucial,X9 Pro,USB 3.2 Gen 2x1,USB-C,2TB,,,,,,,,1050,,Entry-Level NVMe,Portable
Crucial,X9 Pro,USB 3.2 Gen 2x1,USB-C,4TB,,,,,,,,1050,,Entry-Level NVMe,Portable
Crucial,X9 Pro,USB 3.2 Gen 2x2,USB-C,1TB,SMI SM2320,,No,N/A,Micron,TLC,176,1050,1050,Entry-Level NVMe,SM2320 @ 10Gbps
Crucial,X9 Pro,USB 3.2 Gen 2x2,USB-C,2TB,SMI SM2320,,No,N/A,Micron,TLC,176,1050,1050,Entry-Level NVMe,SM2320 @ 10Gbps
Crucial,X9 Pro,USB 3.2 Gen 2x2,USB-C,4TB,SMI SM2320,,No,N/A,Micron,TLC,176,1050,1050,Entry-Level NVMe,SM2320 @ 10Gbps
Crucial,X10 Pro,USB 3.2 Gen 2x1,USB-C,1TB,SMI SM2320,,No,N/A,Micron,TLC,176,2000,2000,Entry-Level NVMe,
Crucial,X10 Pro,USB 3.2 Gen 2x1,USB-C,2TB,SMI SM2320,,No,N/A,Micron,TLC,176,2000,2000,Entry-Level NVMe,
Crucial,X10 Pro,USB 3.2 Gen 2x1,USB-C,4TB,SMI SM2320,,No,N/A,Micron,TLC,176,2000,2000,Entry-Level NVMe,
DigiFast,Ace,x4 PCIe 3.0/NVMe,M.2,256GB,Phison E12S,"Dual R5 + CoX, 8-ch, 4-CE/ch",Yes,No,Kioxia,TLC,64,3470,3000,Mid-Range NVMe,
DigiFast,Ace,x4 PCIe 3.0/NVMe,M.2,512GB,Phison E12S,"Dual R5 + CoX, 8-ch, 4-CE/ch",Yes,No,Kioxia,TLC,64,3470,3000,Mid-Range NVMe,
DigiFast,Ace,x4 PCIe 3.0/NVMe,M.2,1TB,Phison E12S,"Dual R5 + CoX, 8-ch, 4-CE/ch",Yes,No,Kioxia,TLC,64,3470,3000,Mid-Range NVMe,
DigiFast,Ace,x4 PCIe 3.0/NVMe,M.2,2TB,Phison E12S,"Dual R5 + CoX, 8-ch, 4-CE/ch",Yes,No,Kioxia,TLC,64,3470,3000,Mid-Range NVMe,
Drevo,D1 Xtreme,x4 PCIe 3.0/NVMe,M.2,256GB,SMI SM2262,"Dual-core, 8-ch, 4-CE/ch",Yes,No,Micron,TLC,64,3200,3150,Mid-Range NVMe,
Drevo,D1 Xtreme,x4 PCIe 3.0/NVMe,M.2,512GB,SMI SM2262,"Dual-core, 8-ch, 4-CE/ch",Yes,No,Micron,TLC,64,3200,3150,Mid-Range NVMe,
Drevo,X1 Pro,SATA/AHCI,"2.5""",64GB,SMI SM2258XT,"Single-core, 4-ch, 4-CE/ch",No,N/A,Micron,TLC,32/64,570,470,Entry-Level SATA,Change: Samsung 64L
Drevo,X1 Pro,SATA/AHCI,"2.5""",128GB,SMI SM2258XT,"Single-core, 4-ch, 4-CE/ch",No,N/A,Micron,TLC,32/64,570,470,Entry-Level SATA,Change: Samsung 64L
Drevo,X1 Pro,SATA/AHCI,"2.5""",256GB,SMI SM2258XT,"Single-core, 4-ch, 4-CE/ch",No,N/A,Micron,TLC,32/64,570,470,Entry-Level SATA,Change: Samsung 64L
Drevo,X1 Pro,SATA/AHCI,"2.5""",512GB,SMI SM2258XT,"Single-core, 4-ch, 4-CE/ch",No,N/A,Micron,TLC,32/64,570,470,Entry-Level SATA,Change: Samsung 64L
Drevo,X1 Pro,SATA/AHCI,"2.5""",1TB,SMI SM2258XT,"Single-core, 4-ch, 4-CE/ch",No,N/A,Micron,TLC,32/64,570,470,Entry-Level SATA,Change: Samsung 64L
Essencore,E540,x4 PCIe 5.0/NVMe,M.2,,Maxio MAP1806A,,No,Yes,,,,,,,
Essencore,E550,x4 PCIe 5.0/NVMe,M.2,1TB,,,,,,,,14000,12500,,
Essencore,E550,x4 PCIe 5.0/NVMe,M.2,2TB,,,,,,,,14000,12500,,
Essencore,E550,x4 PCIe 5.0/NVMe,M.2,4TB,,,,,,,,14000,12500,,
Essencore,ECT455,x4 PCIe 4.0/NVMe,M.2,500GB,Phison E16,"Dual R5 + CoX, 8-ch, 4-CE/ch",Yes,No,Kioxia,TLC,96,4800,4000,Mid-Range NVMe,
Essencore,ECT455,x4 PCIe 4.0/NVMe,M.2,1000GB,Phison E16,"Dual R5 + CoX, 8-ch, 4-CE/ch",Yes,No,Kioxia,TLC,96,4800,4000,Mid-Range NVMe,
Essencore,ECT455,x4 PCIe 4.0/NVMe,M.2,2000GB,Phison E16,"Dual R5 + CoX, 8-ch, 4-CE/ch",Yes,No,Kioxia,TLC,96,4800,4000,Mid-Range NVMe,
Essencore,ECT455,x4 PCIe 4.0/NVMe,M.2,2TB,Phison E16,"Dual R5 + CoX, 8-ch, 4-CE/ch",Yes,No,Kioxia,TLC,96,4800,4000,Mid-Range NVMe,
Foresee,P800,x4 PCIe 3.0/NVMe,M.2,256GB,Marvell 88SS1092,"Tri-core, 8-ch, 8-CE/ch",Yes,N/A,Longsys,TLC,,3200,1900,Mid-Range NVMe,
Foresee,P800,x4 PCIe 3.0/NVMe,M.2,512GB,Marvell 88SS1092,"Tri-core, 8-ch, 8-CE/ch",Yes,N/A,Longsys,TLC,,3200,1900,Mid-Range NVMe,
Foresee,P800,x4 PCIe 3.0/NVMe,M.2,1TB,Marvell 88SS1092,"Tri-core, 8-ch, 8-CE/ch",Yes,N/A,Longsys,TLC,,3200,1900,Mid-Range NVMe,
Galax,HOF,x4 PCIe 3.0/NVMe,M.2 & AIC,512GB,Phison E12S,"Dual R5 + CoX, 8-ch, 4-CE/ch",Yes,No,Kioxia,TLC,64,3400,3000,Mid-Range NVMe,Heatsink; AIC has RGB
Galax,HOF,x4 PCIe 3.0/NVMe,M.2 & AIC,1TB,Phison E12S,"Dual R5 + CoX, 8-ch, 4-CE/ch",Yes,No,Kioxia,TLC,64,3400,3000,Mid-Range NVMe,Heatsink; AIC has RGB
Galax,HOF,x4 PCIe 3.0/NVMe,M.2 & AIC,2TB,Phison E12S,"Dual R5 + CoX, 8-ch, 4-CE/ch",Yes,No,Kioxia,TLC,64,3400,3000,Mid-Range NVMe,Heatsink; AIC has RGB
Galax,HOF 4.0,x4 PCIe 4.0/NVMe,M.2,1TB,Phison E16,"Dual R5 + CoX, 8-ch, 4-CE/ch",Yes,No,Kioxia,TLC,96,4800,4000,Mid-Range NVMe,Heatsink
Galax,HOF 4.0,x4 PCIe 4.0/NVMe,M.2,2TB,Phison E16,"Dual R5 + CoX, 8-ch, 4-CE/ch",Yes,No,Kioxia,TLC,96,4800,4000,Mid-Range NVMe,Heatsink
Galax,HOF 4.0,x4 PCIe 4.0/NVMe,M.2,4TB,Phison E16,"Dual R5 + CoX, 8-ch, 4-CE/ch",Yes,No,Kioxia,TLC,96,4800,4000,Mid-Range NVMe,Heatsink
Galax,HOF 4.0 Extreme,x4 PCIe 4.0/NVMe,M.2,1TB,Phison E18,"Triple R5 + CoX, 8-ch, 4-CE/ch",Yes,N/A,Micron,TLC,96,7000,6850,High-End NVMe,
Galax,HOF 4.0 Extreme,x4 PCIe 4.0/NVMe,M.2,2TB,Phison E18,"Triple R5 + CoX, 8-ch, 4-CE/ch",Yes,N/A,Micron,TLC,96,7000,6850,High-End NVMe,
Galax,HOF 4.0 Extreme,x4 PCIe 4.0/NVMe,M.2,4TB,Phison E18,"Triple R5 + CoX, 8-ch, 4-CE/ch",Yes,N/A,Micron,TLC,96,7000,6850,High-End NVMe,
Galax,HOF 5.0,x4 PCIe 5.0/NVMe,M.2,1TB,Phison E26,"Dual R5 + 3xCoX, 8-ch, 4-CE/ch",Yes,N/A,Micron,TLC,232,10000,9500,High-End NVMe,
Galax,HOF 5.0,x4 PCIe 5.0/NVMe,M.2,2TB,Phison E26,"Dual R5 + 3xCoX, 8-ch, 4-CE/ch",Yes,N/A,Micron,TLC,232,10000,9500,High-End NVMe,
Gigabyte,Aorus,x4 PCIe 3.0/NVMe,M.2 (512GB) & AIC,256GB,Phison E12S,"Dual R5 + CoX, 8-ch, 4-CE/ch",Yes,No,Kioxia,TLC,64,3480,2000,Mid-Range NVMe,RGB & Heatsink
Gigabyte,Aorus,x4 PCIe 3.0/NVMe,M.2 (512GB) & AIC,512GB,Phison E12S,"Dual R5 + CoX, 8-ch, 4-CE/ch",Yes,No,Kioxia,TLC,64,3480,2000,Mid-Range NVMe,RGB & Heatsink
Gigabyte,Aorus,x4 PCIe 3.0/NVMe,M.2 (512GB) & AIC,1TB,Phison E12S,"Dual R5 + CoX, 8-ch, 4-CE/ch",Yes,No,Kioxia,TLC,64,3480,2000,Mid-Range NVMe,RGB & Heatsink
Gigabyte,Gen4 4000E,x4 PCIe 4.0/NVMe,M.2,250GB,,,,,,,,4000,3900,Entry-Level NVMe,NV2 clone
Gigabyte,Gen4 4000E,x4 PCIe 4.0/NVMe,M.2,500GB,,,,,,,,4000,3900,Entry-Level NVMe,NV2 clone
Gigabyte,Gen4 4000E,x4 PCIe 4.0/NVMe,M.2,1000GB,,,,,,,,4000,3900,Entry-Level NVMe,NV2 clone
Gigabyte,Gen4 4000E,x4 PCIe 4.0/NVMe,M.2,1TB,,,,,,,,4000,3900,Entry-Level NVMe,NV2 clone
Gigabyte,Gen4 Aorus,x4 PCIe 4.0/NVMe,M.2,500GB,Phison E16,"Dual R5 + CoX, 8-ch, 4-CE/ch",Yes,No,Kioxia,TLC,96,5000,4400,Mid-Range NVMe,DS Heatsink
Gigabyte,Gen4 Aorus,x4 PCIe 4.0/NVMe,M.2,1000GB,Phison E16,"Dual R5 + CoX, 8-ch, 4-CE/ch",Yes,No,Kioxia,TLC,96,5000,4400,Mid-Range NVMe,DS Heatsink
Gigabyte,Gen4 Aorus,x4 PCIe 4.0/NVMe,M.2,2000GB,Phison E16,"Dual R5 + CoX, 8-ch, 4-CE/ch",Yes,No,Kioxia,TLC,96,5000,4400,Mid-Range NVMe,DS Heatsink
Gigabyte,Gen4 Aorus,x4 PCIe 4.0/NVMe,M.2,2TB,Phison E16,"Dual R5 + CoX, 8-ch, 4-CE/ch",Yes,No,Kioxia,TLC,96,5000,4400,Mid-Range NVMe,DS Heatsink
Gigabyte,Gen4 Aorus v2/Premium,x4 PCIe 4.0/NVMe,M.2,1TB,Phison E18,"Triple R5 + CoX, 8-ch, 4-CE/ch",Yes,N/A,Micron,TLC,96,7000,6850,High-End NVMe,HS
Gigabyte,Gen4 Aorus v2/Premium,x4 PCIe 4.0/NVMe,M.2,2TB,Phison E18,"Triple R5 + CoX, 8-ch, 4-CE/ch",Yes,N/A,Micron,TLC,96,7000,6850,High-End NVMe,HS
Gigabyte,Gen4 Aorus 5000E,x4 PCIe 4.0/NVMe,M.2,1TB,Phison E21T,"Single R5, 4-ch, 4-CE/ch",No,Yes,,TLC,,5000,4600,Mid-Range NVMe,2GB: QLC
Gigabyte,Gen4 Aorus 5000E,x4 PCIe 4.0/NVMe,M.2,2TB,Phison E21T,"Single R5, 4-ch, 4-CE/ch",No,Yes,,TLC,,5000,4600,Mid-Range NVMe,2GB: QLC
Gigabyte,Gen4 Aorus 7300,x4 PCIe 4.0/NVMe,M.2,1TB,Phison E18,"Triple R5 + CoX, 8-ch, 4-CE/ch",Yes,N/A,Micron,TLC,176,7300,6850,High-End NVMe,
Gigabyte,Gen4 Aorus 7300,x4 PCIe 4.0/NVMe,M.2,2TB,Phison E18,"Triple R5 + CoX, 8-ch, 4-CE/ch",Yes,N/A,Micron,TLC,176,7300,6850,High-End NVMe,
Gigabyte,Gen5 Aorus 10000,x4 PCIe 5.0/NVMe,M.2,1TB,Phison E26,"Dual R5 + 3xCoX, 8-ch, 4-CE/ch",Yes,N/A,Micron,TLC,232,9500,8500,High-End NVMe,
Gigabyte,Gen5 Aorus 10000,x4 PCIe 5.0/NVMe,M.2,2TB,Phison E26,"Dual R5 + 3xCoX, 8-ch, 4-CE/ch",Yes,N/A,Micron,TLC,232,9500,8500,High-End NVMe,
Gigabyte,Gen5 Aorus 10000,x4 PCIe 5.0/NVMe,M.2,4TB,Phison E26,"Dual R5 + 3xCoX, 8-ch, 4-CE/ch",Yes,N/A,Micron,TLC,232,9500,8500,High-End NVMe,
Gigabyte,Gen5 Aorus 12000,x4 PCIe 5.0/NVMe,M.2,1TB,Phison E26,"Dual R5 + 3xCoX, 8-ch, 4-CE/ch",Yes,N/A,Micron,TLC,232,12000,12000,High-End NVMe,
Gigabyte,Gen5 Aorus 12000,x4 PCIe 5.0/NVMe,M.2,2TB,Phison E26,"Dual R5 + 3xCoX, 8-ch, 4-CE/ch",Yes,N/A,Micron,TLC,232,12000,12000,High-End NVMe,
Gigabyte,Gen5 Aorus 14000,x4 PCIe 5.0/NVMe,M.2,1TB,Phison E26,"Dual R5 + 3xCoX, 8-ch, 4-CE/ch",Yes,N/A,Micron,TLC,232,14500,12700,High-End NVMe,
Gigabyte,Gen5 Aorus 14000,x4 PCIe 5.0/NVMe,M.2,2TB,Phison E26,"Dual R5 + 3xCoX, 8-ch, 4-CE/ch",Yes,N/A,Micron,TLC,232,14500,12700,High-End NVMe,
Gigabyte,M30,x4 PCIe 3.0/NVMe,M.2,512GB,SMI SM2262EN,"Dual-core, 8-ch, 4-CE/ch",Yes,No,,TLC,,3500,3000,Mid-Range NVMe,RTS5762 variant
Gigabyte,M30,x4 PCIe 3.0/NVMe,M.2,1TB,SMI SM2262EN,"Dual-core, 8-ch, 4-CE/ch",Yes,No,,TLC,,3500,3000,Mid-Range NVMe,RTS5762 variant
Gigabyte,NVMe,x2 PCIe 3.0/NVMe,M.2,128GB,Phison E8T,"Dual-core, 4-ch, 8-CE/ch",No,Yes,Kioxia,TLC,64,1550,850,Entry-Level NVMe,
Gigabyte,NVMe,x2 PCIe 3.0/NVMe,M.2,256GB,Phison E8T,"Dual-core, 4-ch, 8-CE/ch",No,Yes,Kioxia,TLC,64,1550,850,Entry-Level NVMe,
Gigabyte,NVMe,x2 PCIe 3.0/NVMe,M.2,512GB,Phison E8T,"Dual-core, 4-ch, 8-CE/ch",No,Yes,Kioxia,TLC,64,1550,850,Entry-Level NVMe,
Gigabyte,NVMe v2,x4 PCIe 3.0/NVMe,M.2,128GB,Phison E13T,"Single-core, 4-ch, 8-CE/ch",No,Yes,Kioxia,TLC,64,2500,2100,Entry-Level NVMe,5-yr
Gigabyte,NVMe v2,x4 PCIe 3.0/NVMe,M.2,256GB,Phison E13T,"Single-core, 4-ch, 8-CE/ch",No,Yes,Kioxia,TLC,64,2500,2100,Entry-Level NVMe,5-yr
Gigabyte,NVMe v2,x4 PCIe 3.0/NVMe,M.2,512GB,Phison E13T,"Single-core, 4-ch, 8-CE/ch",No,Yes,Kioxia,TLC,64,2500,2100,Entry-Level NVMe,5-yr
Gigabyte,NVMe v2,x4 PCIe 3.0/NVMe,M.2,1TB,Phison E13T,"Single-core, 4-ch, 8-CE/ch",No,Yes,Kioxia,TLC,64,2500,2100,Entry-Level NVMe,5-yr
Gigabyte,SSD,SATA/AHCI,"2.5""",120GB,Phison S11,"Single-core, 2-ch, 8-CE/ch",No,N/A,Kioxia,TLC,64,550,500,Entry-Level SATA,
Gigabyte,SSD,SATA/AHCI,"2.5""",240GB,Phison S11,"Single-core, 2-ch, 8-CE/ch",No,N/A,Kioxia,TLC,64,550,500,Entry-Level SATA,
Gigabyte,SSD,SATA/AHCI,"2.5""",480GB,Phison S11,"Single-core, 2-ch, 8-CE/ch",No,N/A,Kioxia,TLC,64,550,500,Entry-Level SATA,
Gigabyte,SSD,SATA/AHCI,"2.5""",960GB,Phison S11,"Single-core, 2-ch, 8-CE/ch",No,N/A,Kioxia,TLC,64,550,500,Entry-Level SATA,
Gigabyte,SSD,SATA/AHCI,"2.5""",1TB,Phison S11,"Single-core, 2-ch, 8-CE/ch",No,N/A,Kioxia,TLC,64,550,500,Entry-Level SATA,
Gigabyte,UD Pro,SATA/AHCI,"2.5""",256GB,Phison S10,"Quad-core, 8-ch, 4-CE/ch",Yes,N/A,Kioxia,TLC,64,530,500,Mid-Range SATA,S12; 96L; 256MB DRAM
Gigabyte,UD Pro,SATA/AHCI,"2.5""",512GB,Phison S10,"Quad-core, 8-ch, 4-CE/ch",Yes,N/A,Kioxia,TLC,64,530,500,Mid-Range SATA,S12; 96L; 256MB DRAM
Gigabyte,Vision Drive,USB 3.2 Gen2x1,USB-C,1TB,Phison E12S,"Dual R5 + CoX, 8-ch, 4-CE/ch",Yes,No,,TLC,,2000,2000,Mid-Range NVMe,Portable
Goodram,IRDM Pro,x4 PCIe 4.0/NVMe,M.2,1TB,Phison E18,"Triple R5 + CoX, 8-ch, 4-CE/ch",Yes,N/A,Micron,TLC,176,7000,6850,High-End NVMe,
Goodram,IRDM Pro,x4 PCIe 4.0/NVMe,M.2,2TB,Phison E18,"Triple R5 + CoX, 8-ch, 4-CE/ch",Yes,N/A,Micron,TLC,176,7000,6850,High-End NVMe,
Goodram,IRDM Pro,x4 PCIe 4.0/NVMe,M.2,4TB,Phison E18,"Triple R5 + CoX, 8-ch, 4-CE/ch",Yes,N/A,Micron,TLC,176,7000,6850,High-End NVMe,
Goodram,IRDM Ultimate,x4 PCIe 5.0/NVMe,M.2,1TB,Phison E26,"Dual R5 + 3xCoX, 8-ch, 4-CE/ch",Yes,N/A,,,,,,High-End NVMe,
Goodram,IRDM Ultimate,x4 PCIe 5.0/NVMe,M.2,2TB,Phison E26,"Dual R5 + 3xCoX, 8-ch, 4-CE/ch",Yes,N/A,,,,,,High-End NVMe,
Goodram,IRDM Ultimate,x4 PCIe 5.0/NVMe,M.2,4TB,Phison E26,"Dual R5 + 3xCoX, 8-ch, 4-CE/ch",Yes,N/A,,,,,,High-End NVMe,
Goodram,IRDM Ultimate X,x4 PCIe 4.0/NVMe,M.2,500GB,Phison E16,"Dual R5 + CoX, 8-ch, 4-CE/ch",Yes,No,Kioxia,TLC,96,5000,4500,Mid-Range NVMe,Heatsink
Goodram,IRDM Ultimate X,x4 PCIe 4.0/NVMe,M.2,1000GB,Phison E16,"Dual R5 + CoX, 8-ch, 4-CE/ch",Yes,No,Kioxia,TLC,96,5000,4500,Mid-Range NVMe,Heatsink
Goodram,IRDM Ultimate X,x4 PCIe 4.0/NVMe,M.2,2000GB,Phison E16,"Dual R5 + CoX, 8-ch, 4-CE/ch",Yes,No,Kioxia,TLC,96,5000,4500,Mid-Range NVMe,Heatsink
Goodram,IRDM Ultimate X,x4 PCIe 4.0/NVMe,M.2,2TB,Phison E16,"Dual R5 + CoX, 8-ch, 4-CE/ch",Yes,No,Kioxia,TLC,96,5000,4500,Mid-Range NVMe,Heatsink
Goodram,PX500,x4 PCIe 3.0/NVMe,M.2,256GB,SMI SM2263XT,"Dual-core, 4-ch, 4-CE/ch",No,Yes,Micron,TLC,64,2050,1650,Entry-Level NVMe,
Goodram,PX500,x4 PCIe 3.0/NVMe,M.2,512GB,SMI SM2263XT,"Dual-core, 4-ch, 4-CE/ch",No,Yes,Micron,TLC,64,2050,1650,Entry-Level NVMe,
Goodram,PX500,x4 PCIe 3.0/NVMe,M.2,1TB,SMI SM2263XT,"Dual-core, 4-ch, 4-CE/ch",No,Yes,Micron,TLC,64,2050,1650,Entry-Level NVMe,
Goodram,PX600,x4 PCIe 4.0/NVMe,M.2,250GB,,,,,,,,5000,4200,Mid-Range NVMe,3-yr
Goodram,PX600,x4 PCIe 4.0/NVMe,M.2,500GB,,,,,,,,5000,4200,Mid-Range NVMe,3-yr
Goodram,PX600,x4 PCIe 4.0/NVMe,M.2,1000GB,,,,,,,,5000,4200,Mid-Range NVMe,3-yr
Goodram,PX600,x4 PCIe 4.0/NVMe,M.2,2000GB,,,,,,,,5000,4200,Mid-Range NVMe,3-yr
Goodram,PX600,x4 PCIe 4.0/NVMe,M.2,2TB,,,,,,,,5000,4200,Mid-Range NVMe,3-yr
Goodram,PX700,x4 PCIe 4.0/NVMe,M.2,512GB,,,,,,,,7400,6500,,
Goodram,PX700,x4 PCIe 4.0/NVMe,M.2,1TB,,,,,,,,7400,6500,,
Goodram,PX700,x4 PCIe 4.0/NVMe,M.2,2TB,,,,,,,,7400,6500,,
Goodram,PX700,x4 PCIe 4.0/NVMe,M.2,4TB,,,,,,,,7400,6500,,
Greenliant,ArmourDrive,x4 PCIe 3.0/NVMe,M.2,128GB,Phison E13T,"Single-core, 4-ch, 8-CE/ch",No,Yes,,,,2500,2100,Entry-Level NVMe,
Greenliant,ArmourDrive,x4 PCIe 3.0/NVMe,M.2,256GB,Phison E13T,"Single-core, 4-ch, 8-CE/ch",No,Yes,,,,2500,2100,Entry-Level NVMe,
Greenliant,ArmourDrive,x4 PCIe 3.0/NVMe,M.2,512GB,Phison E13T,"Single-core, 4-ch, 8-CE/ch",No,Yes,,,,2500,2100,Entry-Level NVMe,
Greenliant,ArmourDrive,x4 PCIe 3.0/NVMe,M.2,1TB,Phison E13T,"Single-core, 4-ch, 8-CE/ch",No,Yes,,,,2500,2100,Entry-Level NVMe,
Greenliant,ArmourDrive,x4 PCIe 3.0/NVMe,M.2,2TB,Phison E13T,"Single-core, 4-ch, 8-CE/ch",No,Yes,,,,2500,2100,Entry-Level NVMe,
Fantom,VENOM8,x4 PCIe 4.0/NVMe,M.2,1TB,Phison E18,"Triple R5 + CoX, 8-ch, 4-CE/ch",Yes,N/A,Micron,TLC,176,,,High-End NVMe,
Fantom,VENOM8,x4 PCIe 4.0/NVMe,M.2,2TB,Phison E18,"Triple R5 + CoX, 8-ch, 4-CE/ch",Yes,N/A,Micron,TLC,176,,,High-End NVMe,
Fantom,VENOM8,x4 PCIe 4.0/NVMe,M.2,4TB,Phison E18,"Triple R5 + CoX, 8-ch, 4-CE/ch",Yes,N/A,Micron,TLC,176,,,High-End NVMe,
Fantom,VENOMX,x4 PCIe 4.0/NVMe,,1TB,Phison E21T,"Single R5, 4-ch, 4-CE/ch",No,Yes,Micron,QLC,176,5100,2600,Mid-Range NVMe,
Fantom,VENOMX,x4 PCIe 4.0/NVMe,,2TB,Phison E21T,"Single R5, 4-ch, 4-CE/ch",No,Yes,Micron,QLC,176,5100,2600,Mid-Range NVMe,
HIKVision,C2000,x4 PCIe 3.0/NVMe,M.2,256GB,Phison E12S,"Dual R5 + CoX, 8-ch, 4-CE/ch",Yes,No,Kioxia,TLC,64,3500,3000,Mid-Range NVMe,Heatsink
HIKVision,C2000,x4 PCIe 3.0/NVMe,M.2,512GB,Phison E12S,"Dual R5 + CoX, 8-ch, 4-CE/ch",Yes,No,Kioxia,TLC,64,3500,3000,Mid-Range NVMe,Heatsink
HIKVision,C2000,x4 PCIe 3.0/NVMe,M.2,1TB,Phison E12S,"Dual R5 + CoX, 8-ch, 4-CE/ch",Yes,No,Kioxia,TLC,64,3500,3000,Mid-Range NVMe,Heatsink
HP,EX900,x4 PCIe 3.0/NVMe,M.2,120GB,SMI SM2263XT,"Dual-core, 4-ch, 4-CE/ch",No,Yes,Micron,TLC,64,2100,1500,Entry-Level NVMe,
HP,EX900,x4 PCIe 3.0/NVMe,M.2,240GB,SMI SM2263XT,"Dual-core, 4-ch, 4-CE/ch",No,Yes,Micron,TLC,64,2100,1500,Entry-Level NVMe,
HP,EX900,x4 PCIe 3.0/NVMe,M.2,480GB,SMI SM2263XT,"Dual-core, 4-ch, 4-CE/ch",No,Yes,Micron,TLC,64,2100,1500,Entry-Level NVMe,
HP,EX900,x4 PCIe 3.0/NVMe,M.2,960GB,SMI SM2263XT,"Dual-core, 4-ch, 4-CE/ch",No,Yes,Micron,TLC,64,2100,1500,Entry-Level NVMe,
HP,EX900,x4 PCIe 3.0/NVMe,M.2,1TB,SMI SM2263XT,"Dual-core, 4-ch, 4-CE/ch",No,Yes,Micron,TLC,64,2100,1500,Entry-Level NVMe,
HP,EX900 Plus,x4 PCIe 3.0/NVMe,M.2,128GB,Innogrit IG5216,"Dual-core, 4x4",No,Yes,Micron,TLC,,3300,2700,Entry-Level NVMe,
HP,EX900 Plus,x4 PCIe 3.0/NVMe,M.2,256GB,Innogrit IG5216,"Dual-core, 4x4",No,Yes,Micron,TLC,,3300,2700,Entry-Level NVMe,
HP,EX900 Plus,x4 PCIe 3.0/NVMe,M.2,512GB,Innogrit IG5216,"Dual-core, 4x4",No,Yes,Micron,TLC,,3300,2700,Entry-Level NVMe,
HP,EX900 Plus,x4 PCIe 3.0/NVMe,M.2,1TB,Innogrit IG5216,"Dual-core, 4x4",No,Yes,Micron,TLC,,3300,2700,Entry-Level NVMe,
HP,EX900 Plus,x4 PCIe 3.0/NVMe,M.2,2TB,Innogrit IG5216,"Dual-core, 4x4",No,Yes,Micron,TLC,,3300,2700,Entry-Level NVMe,
HP,EX900 Pro,x4 PCIe 3.0/NVMe,M.2,256GB,SMI SM2263,"Dual-core, 4-ch, 4-CE/ch",Yes,N/A,Micron,TLC,,2095,1965,Entry-Level NVMe,
HP,EX900 Pro,x4 PCIe 3.0/NVMe,M.2,512GB,SMI SM2263,"Dual-core, 4-ch, 4-CE/ch",Yes,N/A,Micron,TLC,,2095,1965,Entry-Level NVMe,
HP,EX900 Pro,x4 PCIe 3.0/NVMe,M.2,1TB,SMI SM2263,"Dual-core, 4-ch, 4-CE/ch",Yes,N/A,Micron,TLC,,2095,1965,Entry-Level NVMe,
HP,EX920,x4 PCIe 3.0/NVMe,M.2,256GB,SMI SM2262,"Dual-core, 8-ch, 4-CE/ch",Yes,No,Micron,TLC,64,3200,1800,Mid-Range NVMe,
HP,EX920,x4 PCIe 3.0/NVMe,M.2,512GB,SMI SM2262,"Dual-core, 8-ch, 4-CE/ch",Yes,No,Micron,TLC,64,3200,1800,Mid-Range NVMe,
HP,EX920,x4 PCIe 3.0/NVMe,M.2,1TB,SMI SM2262,"Dual-core, 8-ch, 4-CE/ch",Yes,No,Micron,TLC,64,3200,1800,Mid-Range NVMe,
HP,EX950,x4 PCIe 3.0/NVMe,M.2,512GB,SMI SM2262EN,"Dual-core, 8-ch, 4-CE/ch",Yes,No,Micron,TLC,64,3500,2900,Mid-Range NVMe,
HP,EX950,x4 PCIe 3.0/NVMe,M.2,1TB,SMI SM2262EN,"Dual-core, 8-ch, 4-CE/ch",Yes,No,Micron,TLC,64,3500,2900,Mid-Range NVMe,
HP,EX950,x4 PCIe 3.0/NVMe,M.2,2TB,SMI SM2262EN,"Dual-core, 8-ch, 4-CE/ch",Yes,No,Micron,TLC,64,3500,2900,Mid-Range NVMe,
HP,FX700,x4 PCIe 4.0/NVMe,M.2,512GB,Maxio MAP1602,,No,Yes,YMTC,QLC,232,7200,6200,Mid-Range NVMe,
HP,FX700,x4 PCIe 4.0/NVMe,M.2,1TB,Maxio MAP1602,,No,Yes,YMTC,QLC,232,7200,6200,Mid-Range NVMe,
HP,FX700,x4 PCIe 4.0/NVMe,M.2,2TB,Maxio MAP1602,,No,Yes,YMTC,QLC,232,7200,6200,Mid-Range NVMe,
HP,FX700,x4 PCIe 4.0/NVMe,M.2,4TB,Maxio MAP1602,,No,Yes,YMTC,QLC,232,7200,6200,Mid-Range NVMe,
HP,FX900,x4 PCIe 4.0/NVMe,M.2,256GB,InnoGrit IG5220,"Tri-core R5, 4x8",No,Yes,Micron,TLC,176L,5000,4800,Mid-Range NVMe,
HP,FX900,x4 PCIe 4.0/NVMe,M.2,512GB,InnoGrit IG5220,"Tri-core R5, 4x8",No,Yes,Micron,TLC,176L,5000,4800,Mid-Range NVMe,
HP,FX900,x4 PCIe 4.0/NVMe,M.2,1TB,InnoGrit IG5220,"Tri-core R5, 4x8",No,Yes,Micron,TLC,176L,5000,4800,Mid-Range NVMe,
HP,FX900,x4 PCIe 4.0/NVMe,M.2,2TB,InnoGrit IG5220,"Tri-core R5, 4x8",No,Yes,Micron,TLC,176L,5000,4800,Mid-Range NVMe,
HP,FX900 Plus,x4 PCIe 4.0/NVMe,M.2,,Maxio MAP1602,Cortex-R5,No,Yes,YMTC,TLC,,7100,6300,,
HP,FX900 Pro,x4 PCIe 4.0/NVMe,M.2,512GB,InnoGrit IG5236,"Quad-core, 8-ch",Yes,N/A,Micron,TLC,176,7400,6700,High-End NVMe,
HP,FX900 Pro,x4 PCIe 4.0/NVMe,M.2,1TB,InnoGrit IG5236,"Quad-core, 8-ch",Yes,N/A,Micron,TLC,176,7400,6700,High-End NVMe,
HP,FX900 Pro,x4 PCIe 4.0/NVMe,M.2,2TB,InnoGrit IG5236,"Quad-core, 8-ch",Yes,N/A,Micron,TLC,176,7400,6700,High-End NVMe,
HP,FX900 Pro,x4 PCIe 4.0/NVMe,M.2,4TB,InnoGrit IG5236,"Quad-core, 8-ch",Yes,N/A,Micron,TLC,176,7400,6700,High-End NVMe,
HP,M700,SATA/AHCI,"2.5"" & M.2",120GB,SMI SM2258XT,"Single-core, 4-ch, 4-CE/ch",No,N/A,Samsung,MLC,N/A,560,520,Entry-Level SATA,
HP,M700,SATA/AHCI,"2.5"" & M.2",240GB,SMI SM2258XT,"Single-core, 4-ch, 4-CE/ch",No,N/A,Samsung,MLC,N/A,560,520,Entry-Level SATA,
HP,P500,USB 3.2 Gen 1x1,USB-C,120GB,SMI SM3350,N/A,No,N/A,Samsung,TLC,,380,200,Entry-Level SATA,
HP,P500,USB 3.2 Gen 1x1,USB-C,240GB,SMI SM3350,N/A,No,N/A,Samsung,TLC,,380,200,Entry-Level SATA,
HP,P500,USB 3.2 Gen 1x1,USB-C,480GB,SMI SM3350,N/A,No,N/A,Samsung,TLC,,380,200,Entry-Level SATA,
HP,P500,USB 3.2 Gen 1x1,USB-C,500GB,SMI SM3350,N/A,No,N/A,Samsung,TLC,,380,200,Entry-Level SATA,
HP,P600,USB 3.2 Gen 2x1,USB-C,250GB,SMI SM2258XT,"Single-core, 4-ch, 4-CE/ch",No,N/A,Micron,TLC,64,560,500,Entry-Level SATA,Portable
HP,P600,USB 3.2 Gen 2x1,USB-C,500GB,SMI SM2258XT,"Single-core, 4-ch, 4-CE/ch",No,N/A,Micron,TLC,64,560,500,Entry-Level SATA,Portable
HP,P600,USB 3.2 Gen 2x1,USB-C,1000GB,SMI SM2258XT,"Single-core, 4-ch, 4-CE/ch",No,N/A,Micron,TLC,64,560,500,Entry-Level SATA,Portable
HP,P600,USB 3.2 Gen 2x1,USB-C,1TB,SMI SM2258XT,"Single-core, 4-ch, 4-CE/ch",No,N/A,Micron,TLC,64,560,500,Entry-Level SATA,Portable
HP,P700,USB 3.2 Gen 2x1,USB-C,256GB,SMI SM2263,"Dual-core, 4-ch, 4-CE/ch",No,Yes,Micron,TLC,64,1000,1000,Entry-Level NVMe,Portable
HP,P700,USB 3.2 Gen 2x1,USB-C,512GB,SMI SM2263,"Dual-core, 4-ch, 4-CE/ch",No,Yes,Micron,TLC,64,1000,1000,Entry-Level NVMe,Portable
HP,P700,USB 3.2 Gen 2x1,USB-C,1TB,SMI SM2263,"Dual-core, 4-ch, 4-CE/ch",No,Yes,Micron,TLC,64,1000,1000,Entry-Level NVMe,Portable
HP,P800,Thunderbolt 3,USB-C,256GB,SMI SM2263,"Dual-core, 4-ch, 4-CE/ch",No,Yes,Micron,TLC,64,2400,1200,Entry-Level NVMe,Portable
HP,P800,Thunderbolt 3,USB-C,512GB,SMI SM2263,"Dual-core, 4-ch, 4-CE/ch",No,Yes,Micron,TLC,64,2400,1200,Entry-Level NVMe,Portable
HP,P800,Thunderbolt 3,USB-C,1TB,SMI SM2263,"Dual-core, 4-ch, 4-CE/ch",No,Yes,Micron,TLC,64,2400,1200,Entry-Level NVMe,Portable
HP,S600,SATA/AHCI,"2.5""",120GB,Marvell 88NV1120,"Dual-core, 2-ch, 4-CE/ch",No,N/A,Micron,TLC,64,520,500,Garbage,
HP,S600,SATA/AHCI,"2.5""",240GB,Marvell 88NV1120,"Dual-core, 2-ch, 4-CE/ch",No,N/A,Micron,TLC,64,520,500,Garbage,
HP,S650,SATA/AHCI,"2.5""",,,,,,,,,,,,
HP,S700,SATA/AHCI,"2.5"" & M.2",120GB,SMI SM2258XT,"Single-core, 4-ch, 4-CE/ch",No,N/A,Micron,TLC,32/64,560,515,Entry-Level SATA,Change: Samsung 64L
HP,S700,SATA/AHCI,"2.5"" & M.2",240GB,SMI SM2258XT,"Single-core, 4-ch, 4-CE/ch",No,N/A,Micron,TLC,32/64,560,515,Entry-Level SATA,Change: Samsung 64L
HP,S700,SATA/AHCI,"2.5"" & M.2",480GB,SMI SM2258XT,"Single-core, 4-ch, 4-CE/ch",No,N/A,Micron,TLC,32/64,560,515,Entry-Level SATA,Change: Samsung 64L
HP,S700,SATA/AHCI,"2.5"" & M.2",500GB,SMI SM2258XT,"Single-core, 4-ch, 4-CE/ch",No,N/A,Micron,TLC,32/64,560,515,Entry-Level SATA,Change: Samsung 64L
HP,S700 Pro,SATA/AHCI,"2.5"" & M.2 (512GB)",128GB,SMI SM2258,"Single-core, 4-ch, 8-CE/ch",Yes,N/A,Micron,TLC,32/64,570,525,Mid-Range SATA,"Change: Samsung 64L, MAS0901 (DL)"
HP,S700 Pro,SATA/AHCI,"2.5"" & M.2 (512GB)",256GB,SMI SM2258,"Single-core, 4-ch, 8-CE/ch",Yes,N/A,Micron,TLC,32/64,570,525,Mid-Range SATA,"Change: Samsung 64L, MAS0901 (DL)"
HP,S700 Pro,SATA/AHCI,"2.5"" & M.2 (512GB)",512GB,SMI SM2258,"Single-core, 4-ch, 8-CE/ch",Yes,N/A,Micron,TLC,32/64,570,525,Mid-Range SATA,"Change: Samsung 64L, MAS0901 (DL)"
HP,S700 Pro,SATA/AHCI,"2.5"" & M.2 (512GB)",1TB,SMI SM2258,"Single-core, 4-ch, 8-CE/ch",Yes,N/A,Micron,TLC,32/64,570,525,Mid-Range SATA,"Change: Samsung 64L, MAS0901 (DL)"
HP,S750,SATA/AHCI,"2.5""",256GB,SMI SM2259XT,"Single-core, 4-ch, 4-CE/ch",No,N/A,Micron,TLC,96,560,520,Entry-Level SATA,
HP,S750,SATA/AHCI,"2.5""",512GB,SMI SM2259XT,"Single-core, 4-ch, 4-CE/ch",No,N/A,Micron,TLC,96,560,520,Entry-Level SATA,
HP,S750,SATA/AHCI,"2.5""",1TB,SMI SM2259XT,"Single-core, 4-ch, 4-CE/ch",No,N/A,Micron,TLC,96,560,520,Entry-Level SATA,
Hynix,Beetle,USB 3.2 Gen 2x1,USB-C,512GB,Cepheus II,"Dual R5, 4x4",Yes,N/A,Hynix,TLC,128,1050,1000,,BC711
Hynix,Beetle,USB 3.2 Gen 2x1,USB-C,1TB,Cepheus II,"Dual R5, 4x4",Yes,N/A,Hynix,TLC,128,1050,1000,,BC711
Hynix,Gold P31,x4 PCIe 3.0/NVMe,M.2,500GB,Cepheus II,"Dual R5, 4x4",Yes,No,Hynix,TLC,128,3500,3200,Mid-Range NVMe,
Hynix,Gold P31,x4 PCIe 3.0/NVMe,M.2,1000GB,Cepheus II,"Dual R5, 4x4",Yes,No,Hynix,TLC,128,3500,3200,Mid-Range NVMe,
Hynix,Gold P31,x4 PCIe 3.0/NVMe,M.2,2000GB,Cepheus II,"Dual R5, 4x4",Yes,No,Hynix,TLC,128,3500,3200,Mid-Range NVMe,
Hynix,Gold P31,x4 PCIe 3.0/NVMe,M.2,2TB,Cepheus II,"Dual R5, 4x4",Yes,No,Hynix,TLC,128,3500,3200,Mid-Range NVMe,
Hynix,Gold S31,SATA/AHCI,"2.5""",250GB,Quartz/SH87830CC,"Dual-core, 8-ch, 4-CE/ch",Yes,N/A,Hynix,TLC,72,560,525,High-End SATA,512Gb TLC; Borderline Perf.
Hynix,Gold S31,SATA/AHCI,"2.5""",500GB,Quartz/SH87830CC,"Dual-core, 8-ch, 4-CE/ch",Yes,N/A,Hynix,TLC,72,560,525,High-End SATA,512Gb TLC; Borderline Perf.
Hynix,Gold S31,SATA/AHCI,"2.5""",1000GB,Quartz/SH87830CC,"Dual-core, 8-ch, 4-CE/ch",Yes,N/A,Hynix,TLC,72,560,525,High-End SATA,512Gb TLC; Borderline Perf.
Hynix,Gold S31,SATA/AHCI,"2.5""",1TB,Quartz/SH87830CC,"Dual-core, 8-ch, 4-CE/ch",Yes,N/A,Hynix,TLC,72,560,525,High-End SATA,512Gb TLC; Borderline Perf.
Hynix,Platinum P41,x4 PCIe 4.0/NVMe,M.2,500GB,Aries,"R8 + M7 + 2xR8, 8x4",Yes,No,Hynix,TLC,176,7000,6500,High-End NVMe,
Hynix,Platinum P41,x4 PCIe 4.0/NVMe,M.2,1000GB,Aries,"R8 + M7 + 2xR8, 8x4",Yes,No,Hynix,TLC,176,7000,6500,High-End NVMe,
Hynix,Platinum P41,x4 PCIe 4.0/NVMe,M.2,2000GB,Aries,"R8 + M7 + 2xR8, 8x4",Yes,No,Hynix,TLC,176,7000,6500,High-End NVMe,
Hynix,Platinum P41,x4 PCIe 4.0/NVMe,M.2,2TB,Aries,"R8 + M7 + 2xR8, 8x4",Yes,No,Hynix,TLC,176,7000,6500,High-End NVMe,
Hynix,Platinum P51,x4 PCIe 5.0/NVMe,M.2,500GB,Alistair,R8,Yes,N/A,Hynix,TLC,238,14700,13400,High-End NVMe,
Hynix,Platinum P51,x4 PCIe 5.0/NVMe,M.2,1000GB,Alistair,R8,Yes,N/A,Hynix,TLC,238,14700,13400,High-End NVMe,
Hynix,Platinum P51,x4 PCIe 5.0/NVMe,M.2,2000GB,Alistair,R8,Yes,N/A,Hynix,TLC,238,14700,13400,High-End NVMe,
Hynix,Platinum P51,x4 PCIe 5.0/NVMe,M.2,2TB,Alistair,R8,Yes,N/A,Hynix,TLC,238,14700,13400,High-End NVMe,
Hyundai,Sapphire,SATA/AHCI,"2.5""",120GB,Marvell 88NV1120,"Dual-core, 2-ch, 4-CE/ch",No,N/A,Micron,TLC,32,500,300,Entry-Level SATA,
Hyundai,Sapphire,SATA/AHCI,"2.5""",240GB,Marvell 88NV1120,"Dual-core, 2-ch, 4-CE/ch",No,N/A,Micron,TLC,32,500,300,Entry-Level SATA,
Hyundai,Sapphire,SATA/AHCI,"2.5""",480GB,Marvell 88NV1120,"Dual-core, 2-ch, 4-CE/ch",No,N/A,Micron,TLC,32,500,300,Entry-Level SATA,
I-O Data,SSPH-UT,USB 3.2 Gen 1x1,USB-A,250GB,SMI SM2259XT,"Single-core, 4-ch, 4-CE/ch",No,N/A,,,,350,300,Entry-Level SATA,Portable; Japan
I-O Data,SSPH-UT,USB 3.2 Gen 1x1,USB-A,500GB,SMI SM2259XT,"Single-core, 4-ch, 4-CE/ch",No,N/A,,,,350,300,Entry-Level SATA,Portable; Japan
I-O Data,SSPH-UT,USB 3.2 Gen 1x1,USB-A,1000GB,SMI SM2259XT,"Single-core, 4-ch, 4-CE/ch",No,N/A,,,,350,300,Entry-Level SATA,Portable; Japan
I-O Data,SSPH-UT,USB 3.2 Gen 1x1,USB-A,1TB,SMI SM2259XT,"Single-core, 4-ch, 4-CE/ch",No,N/A,,,,350,300,Entry-Level SATA,Portable; Japan
Inland,Basic,x2 PCIe 3.0/NVMe,M.2,256GB,Phison E8T,"Dual-core, 4-ch, 8-CE/ch",No,Yes,Kioxia,TLC,64,1100,600,Entry-Level NVMe,
Inland,Gaming Perf. Plus,x4 PCIe 4.0/NVMe,M.2,1TB,Phison E18,"Triple R5 + CoX, 8-ch, 4-CE/ch",Yes,N/A,Micron,TLC,176,7000,6850,High-End NVMe,6-year warranty
Inland,Gaming Perf. Plus,x4 PCIe 4.0/NVMe,M.2,2TB,Phison E18,"Triple R5 + CoX, 8-ch, 4-CE/ch",Yes,N/A,Micron,TLC,176,7000,6850,High-End NVMe,6-year warranty
Inland,Gaming Perf. Plus,x4 PCIe 4.0/NVMe,M.2,4TB,Phison E18,"Triple R5 + CoX, 8-ch, 4-CE/ch",Yes,N/A,Micron,TLC,176,7000,6850,High-End NVMe,6-year warranty
Inland,Gaming Perf. Plus,x4 PCIe 4.0/NVMe,M.2,8TB,Phison E18,"Triple R5 + CoX, 8-ch, 4-CE/ch",Yes,N/A,Micron,TLC,176,7000,6850,High-End NVMe,6-year warranty
Inland,Performance,x4 PCIe 4.0/NVMe,M.2,1TB,Phison E16,"Dual R5 + CoX, 8-ch, 4-CE/ch",Yes,No,Kioxia,TLC,96,5000,4300,Mid-Range NVMe,Heatsink
Inland,Performance,x4 PCIe 4.0/NVMe,M.2,2TB,Phison E16,"Dual R5 + CoX, 8-ch, 4-CE/ch",Yes,No,Kioxia,TLC,96,5000,4300,Mid-Range NVMe,Heatsink
Inland,Performance Plus,x4 PCIe 4.0/NVMe,M.2,1TB,Phison E18,"Triple R5 + CoX, 8-ch, 4-CE/ch",Yes,N/A,Micron,TLC,96,7000,6850,High-End NVMe,New revision: 176L Micron TLC
Inland,Performance Plus,x4 PCIe 4.0/NVMe,M.2,2TB,Phison E18,"Triple R5 + CoX, 8-ch, 4-CE/ch",Yes,N/A,Micron,TLC,96,7000,6850,High-End NVMe,New revision: 176L Micron TLC
Inland,Performance Plus,x4 PCIe 4.0/NVMe,M.2,4TB,Phison E18,"Triple R5 + CoX, 8-ch, 4-CE/ch",Yes,N/A,Micron,TLC,96,7000,6850,High-End NVMe,New revision: 176L Micron TLC
Inland,Performance Plus,x4 PCIe 4.0/NVMe,M.2,8TB,Phison E18,"Triple R5 + CoX, 8-ch, 4-CE/ch",Yes,N/A,Micron,TLC,96,7000,6850,High-End NVMe,New revision: 176L Micron TLC
Inland,Platinum,x4 PCIe 3.0/NVMe,M.2,1TB,Phison E12S,"Dual R5 + CoX, 8-ch, 4-CE/ch",Yes,No,Micron,QLC,96,3400,3000,Mid-Range NVMe,256MB of DRAM
Inland,Platinum,x4 PCIe 3.0/NVMe,M.2,2TB,Phison E12S,"Dual R5 + CoX, 8-ch, 4-CE/ch",Yes,No,Micron,QLC,96,3400,3000,Mid-Range NVMe,256MB of DRAM
Inland,Platinum,x4 PCIe 3.0/NVMe,M.2,4TB,Phison E12S,"Dual R5 + CoX, 8-ch, 4-CE/ch",Yes,No,Micron,QLC,96,3400,3000,Mid-Range NVMe,256MB of DRAM
Inland,Platinum,x4 PCIe 3.0/NVMe,M.2,8TB,Phison E12S,"Dual R5 + CoX, 8-ch, 4-CE/ch",Yes,No,Micron,QLC,96,3400,3000,Mid-Range NVMe,256MB of DRAM
Inland,Platinum (External),USB 3.2 Gen 2x1,USB-C,500GB,Phison U17,"Single-core, 2-ch, 8-CE/ch",No,No,Micron,QLC,96,1100,1000,Entry-Level NVMe,Portable
Inland,Platinum (External),USB 3.2 Gen 2x1,USB-C,1000GB,Phison U17,"Single-core, 2-ch, 8-CE/ch",No,No,Micron,QLC,96,1100,1000,Entry-Level NVMe,Portable
Inland,Platinum (External),USB 3.2 Gen 2x1,USB-C,1TB,Phison U17,"Single-core, 2-ch, 8-CE/ch",No,No,Micron,QLC,96,1100,1000,Entry-Level NVMe,Portable
Inland,Premium (NVMe),x4 PCIe 3.0/NVMe,M.2,256GB,Phison E12S,"Dual R5 + CoX, 8-ch, 4-CE/ch",Yes,No,Kioxia,TLC,64,3100,2900,Mid-Range NVMe,3-yr
Inland,Premium (NVMe),x4 PCIe 3.0/NVMe,M.2,512GB,Phison E12S,"Dual R5 + CoX, 8-ch, 4-CE/ch",Yes,No,Kioxia,TLC,64,3100,2900,Mid-Range NVMe,3-yr
Inland,Premium (NVMe),x4 PCIe 3.0/NVMe,M.2,1TB,Phison E12S,"Dual R5 + CoX, 8-ch, 4-CE/ch",Yes,No,Kioxia,TLC,64,3100,2900,Mid-Range NVMe,3-yr
Inland,Premium (NVMe),x4 PCIe 3.0/NVMe,M.2,2TB,Phison E12S,"Dual R5 + CoX, 8-ch, 4-CE/ch",Yes,No,Kioxia,TLC,64,3100,2900,Mid-Range NVMe,3-yr
Inland,Prime,x4 PCIe 3.0/NVMe,M.2,1TB,Phison E15T,"Single-core R5 + CoX, 4-ch, 8-CE/ch",No,Yes,Micron,TLC,176,3300,3000,Mid-Range NVMe,6-year warranty
Inland,Pro QLC (NVMe),x4 PCIe 3.0/NVMe,M.2,1TB,Phison E13T,"Single-core, 4-ch, 8-CE/ch",No,Yes,Kioxia,QLC,96,2000,1900,Entry-Level NVMe,2TB ideal
Inland,Pro QLC (NVMe),x4 PCIe 3.0/NVMe,M.2,2TB,Phison E13T,"Single-core, 4-ch, 8-CE/ch",No,Yes,Kioxia,QLC,96,2000,1900,Entry-Level NVMe,2TB ideal
Inland,Premium (SATA),SATA/AHCI,"2.5""",256GB,,,,,,QLC,,510,470,Entry-Level SATA,DRAM-less likely
Inland,Premium (SATA),SATA/AHCI,"2.5""",512GB,,,,,,QLC,,510,470,Entry-Level SATA,DRAM-less likely
Inland,Premium (SATA),SATA/AHCI,"2.5""",1TB,,,,,,QLC,,510,470,Entry-Level SATA,DRAM-less likely
Inland,Pro. (NVMe),x2 PCIe 3.0/NVMe,M.2,128GB,Phison E8,"Dual-core, 4-ch, 8-CE/ch",Yes,No,Kioxia,TLC,64,1550,1000,Entry-Level NVMe,Switched to E13T + QLC
Inland,Pro. (NVMe),x2 PCIe 3.0/NVMe,M.2,256GB,Phison E8,"Dual-core, 4-ch, 8-CE/ch",Yes,No,Kioxia,TLC,64,1550,1000,Entry-Level NVMe,Switched to E13T + QLC
Inland,Pro. (NVMe),x2 PCIe 3.0/NVMe,M.2,512GB,Phison E8,"Dual-core, 4-ch, 8-CE/ch",Yes,No,Kioxia,TLC,64,1550,1000,Entry-Level NVMe,Switched to E13T + QLC
Inland,Pro. (NVMe),x2 PCIe 3.0/NVMe,M.2,1TB,Phison E8,"Dual-core, 4-ch, 8-CE/ch",Yes,No,Kioxia,TLC,64,1550,1000,Entry-Level NVMe,Switched to E13T + QLC
Inland,Pro. (SATA),SATA/AHCI,"2.5""",120GB,Phison S11,"Single-core, 2-ch, 8-CE/ch",No,N/A,Kioxia,TLC,64,500,470,Entry-Level SATA,Transition to QLC
Inland,Pro. (SATA),SATA/AHCI,"2.5""",240GB,Phison S11,"Single-core, 2-ch, 8-CE/ch",No,N/A,Kioxia,TLC,64,500,470,Entry-Level SATA,Transition to QLC
Inland,Pro. (SATA),SATA/AHCI,"2.5""",480GB,Phison S11,"Single-core, 2-ch, 8-CE/ch",No,N/A,Kioxia,TLC,64,500,470,Entry-Level SATA,Transition to QLC
Inland,Pro. (SATA),SATA/AHCI,"2.5""",960GB,Phison S11,"Single-core, 2-ch, 8-CE/ch",No,N/A,Kioxia,TLC,64,500,470,Entry-Level SATA,Transition to QLC
Inland,Pro. (SATA),SATA/AHCI,"2.5""",1TB,Phison S11,"Single-core, 2-ch, 8-CE/ch",No,N/A,Kioxia,TLC,64,500,470,Entry-Level SATA,Transition to QLC
Inland,TD510,x4 PCIe 5.0/NVMe,M.2,2TB,Phison E26,"Dual R5 + 3xCoX, 8-ch, 4-CE/ch",Yes,N/A,Micron,TLC,232,10000,9500,High-End NVMe,
Inland,TD510,x4 PCIe 5.0/NVMe,M.2,4TB,Phison E26,"Dual R5 + 3xCoX, 8-ch, 4-CE/ch",Yes,N/A,Micron,TLC,232,10000,9500,High-End NVMe,
Inland,TN325,x4 PCIe 3.0/NVMe,M.2,512GB,,,,,,,,2400,2100,,2242
Inland,TN325,x4 PCIe 3.0/NVMe,M.2,1TB,,,,,,,,2400,2100,,2242
Inland,TN325,x4 PCIe 3.0/NVMe,M.2,2TB,,,,,,,,2400,2100,,2242
Inland,TN436,x4 PCIe 4.0/NVMe,M.2,1TB,Phison E19T,"Single R5 + CoX, 4-ch, 8-CE/ch",No,Yes,Kioxia,TLC,112,3400,2400,Entry-Level NVMe,2230
Inland,TN446,x4 PCIe 4.0/NVMe,M.2,512GB,Phison E21T,"Single R5 + CoX, 4-ch, 8-CE/ch",No,Yes,,TLC,,4700,3700,Mid-Range NVMe,2230
Inland,TN446,x4 PCIe 4.0/NVMe,M.2,1TB,Phison E21T,"Single R5 + CoX, 4-ch, 8-CE/ch",No,Yes,,TLC,,4700,3700,Mid-Range NVMe,2230
Inland,TN450,x4 PCIe 4.0/NVMe,M.2,500GB,Phison E21T,"Single R5 + CoX, 4-ch, 8-CE/ch",No,Yes,,TLC,,5000,5000,Mid-Range NVMe,
Inland,TN450,x4 PCIe 4.0/NVMe,M.2,1000GB,Phison E21T,"Single R5 + CoX, 4-ch, 8-CE/ch",No,Yes,,TLC,,5000,5000,Mid-Range NVMe,
Inland,TN450,x4 PCIe 4.0/NVMe,M.2,2000GB,Phison E21T,"Single R5 + CoX, 4-ch, 8-CE/ch",No,Yes,,TLC,,5000,5000,Mid-Range NVMe,
Inland,TN450,x4 PCIe 4.0/NVMe,M.2,2TB,Phison E21T,"Single R5 + CoX, 4-ch, 8-CE/ch",No,Yes,,TLC,,5000,5000,Mid-Range NVMe,
Inland,TN470,x4 PCIe 4.0/NVMe,M.2,1TB,Phison E27T,"Single R5 + CoX, 4-CH, 4-CE/ch",No,Yes,Kioxia,TLC,162,7300,6400,,
Inland,TN470,x4 PCIe 4.0/NVMe,M.2,2TB,Phison E27T,"Single R5 + CoX, 4-CH, 4-CE/ch",No,Yes,Kioxia,TLC,162,7300,6400,,
Inland,QN322,x4 PCIe 3.0/NVMe,M.2,500GB,Phison E13T,"Single-core, 4-ch, 8-CE/ch",No,Yes,Intel,QLC,96,2300,1800,Entry-Level NVMe,
Inland,QN322,x4 PCIe 3.0/NVMe,M.2,1000GB,Phison E13T,"Single-core, 4-ch, 8-CE/ch",No,Yes,Intel,QLC,96,2300,1800,Entry-Level NVMe,
Inland,QN322,x4 PCIe 3.0/NVMe,M.2,2000GB,Phison E13T,"Single-core, 4-ch, 8-CE/ch",No,Yes,Intel,QLC,96,2300,1800,Entry-Level NVMe,
Inland,QN322,x4 PCIe 3.0/NVMe,M.2,2TB,Phison E13T,"Single-core, 4-ch, 8-CE/ch",No,Yes,Intel,QLC,96,2300,1800,Entry-Level NVMe,
Inland,QN446,x4 PCIe 4.0/NVMe,M.2,2TB,Phison E21T,"Single R5 + CoX, 4-ch, 8-CE/ch",No,Yes,Micron,QLC,176,5000,3200,Entry-Level NVMe,2230
Intel,545s,SATA/AHCI,"2.5"" & M.2 (256GB)",256GB,SMI SM2259,"Single-core, 4-ch, 8-CE/ch",Yes,N/A,Intel,TLC,64,550,500,High-End SATA,
Intel,545s,SATA/AHCI,"2.5"" & M.2 (256GB)",512GB,SMI SM2259,"Single-core, 4-ch, 8-CE/ch",Yes,N/A,Intel,TLC,64,550,500,High-End SATA,
Intel,545s,SATA/AHCI,"2.5"" & M.2 (256GB)",1TB,SMI SM2259,"Single-core, 4-ch, 8-CE/ch",Yes,N/A,Intel,TLC,64,550,500,High-End SATA,
Intel,660p,x4 PCIe 3.0/NVMe,M.2,512GB,SMI SM2263,"Dual-core, 4-ch, 4-CE/ch",Yes,No,Intel,QLC,64,1800,1800,Entry-Level NVMe,Best at 1TB+; 256MB of DRAM
Intel,660p,x4 PCIe 3.0/NVMe,M.2,1TB,SMI SM2263,"Dual-core, 4-ch, 4-CE/ch",Yes,No,Intel,QLC,64,1800,1800,Entry-Level NVMe,Best at 1TB+; 256MB of DRAM
Intel,660p,x4 PCIe 3.0/NVMe,M.2,2TB,SMI SM2263,"Dual-core, 4-ch, 4-CE/ch",Yes,No,Intel,QLC,64,1800,1800,Entry-Level NVMe,Best at 1TB+; 256MB of DRAM
Intel,665p,x4 PCIe 3.0/NVMe,M.2,1TB,SMI SM2263,"Dual-core, 4-ch, 4-CE/ch",Yes,No,Intel,QLC,96,2000,2000,Entry-Level NVMe,Best at 1TB+; 256MB of DRAM
Intel,665p,x4 PCIe 3.0/NVMe,M.2,2TB,SMI SM2263,"Dual-core, 4-ch, 4-CE/ch",Yes,No,Intel,QLC,96,2000,2000,Entry-Level NVMe,Best at 1TB+; 256MB of DRAM
Intel,670p,x4 PCIe 3.0/NVMe,M.2,512GB,SMI SM2265,"Dual-core R5, 4-ch, 4-CE/ch",Yes,No,Intel,QLC,144,3500,2700,Entry-Level NVMe,Best at 1TB+; 256MB of DRAM
Intel,670p,x4 PCIe 3.0/NVMe,M.2,1TB,SMI SM2265,"Dual-core R5, 4-ch, 4-CE/ch",Yes,No,Intel,QLC,144,3500,2700,Entry-Level NVMe,Best at 1TB+; 256MB of DRAM
Intel,670p,x4 PCIe 3.0/NVMe,M.2,2TB,SMI SM2265,"Dual-core R5, 4-ch, 4-CE/ch",Yes,No,Intel,QLC,144,3500,2700,Entry-Level NVMe,Best at 1TB+; 256MB of DRAM
Intel,760p,x4 PCIe 3.0/NVMe,M.2,128GB,SMI SM2262,"Dual-core, 8-ch, 4-CE/ch",Yes,No,Intel,TLC,64,3230,1625,Mid-Range NVMe,Single-sided up to 1TB
Intel,760p,x4 PCIe 3.0/NVMe,M.2,256GB,SMI SM2262,"Dual-core, 8-ch, 4-CE/ch",Yes,No,Intel,TLC,64,3230,1625,Mid-Range NVMe,Single-sided up to 1TB
Intel,760p,x4 PCIe 3.0/NVMe,M.2,512GB,SMI SM2262,"Dual-core, 8-ch, 4-CE/ch",Yes,No,Intel,TLC,64,3230,1625,Mid-Range NVMe,Single-sided up to 1TB
Intel,760p,x4 PCIe 3.0/NVMe,M.2,1TB,SMI SM2262,"Dual-core, 8-ch, 4-CE/ch",Yes,No,Intel,TLC,64,3230,1625,Mid-Range NVMe,Single-sided up to 1TB
Intel,760p,x4 PCIe 3.0/NVMe,M.2,2TB,SMI SM2262,"Dual-core, 8-ch, 4-CE/ch",Yes,No,Intel,TLC,64,3230,1625,Mid-Range NVMe,Single-sided up to 1TB
KingDian,S280,SATA/AHCI,"2.5""",120GB,SMI SM2258,"Single-core, 4-ch, 8-CE/ch",Yes,N/A,Intel,TLC,32/64,560,420,Mid-Range SATA,Change: Samsung 64L
KingDian,S280,SATA/AHCI,"2.5""",240GB,SMI SM2258,"Single-core, 4-ch, 8-CE/ch",Yes,N/A,Intel,TLC,32/64,560,420,Mid-Range SATA,Change: Samsung 64L
KingDian,S280,SATA/AHCI,"2.5""",480GB,SMI SM2258,"Single-core, 4-ch, 8-CE/ch",Yes,N/A,Intel,TLC,32/64,560,420,Mid-Range SATA,Change: Samsung 64L
KingDian,S280,SATA/AHCI,"2.5""",960GB,SMI SM2258,"Single-core, 4-ch, 8-CE/ch",Yes,N/A,Intel,TLC,32/64,560,420,Mid-Range SATA,Change: Samsung 64L
KingDian,S280,SATA/AHCI,"2.5""",1TB,SMI SM2258,"Single-core, 4-ch, 8-CE/ch",Yes,N/A,Intel,TLC,32/64,560,420,Mid-Range SATA,Change: Samsung 64L
KingDian,S400,SATA/AHCI,"2.5""",120GB,SMI SM2258XT,"Single-core, 4-ch, 4-CE/ch",No,N/A,Intel,TLC,32,530,450,Entry-Level SATA,
KingDian,S400,SATA/AHCI,"2.5""",240GB,SMI SM2258XT,"Single-core, 4-ch, 4-CE/ch",No,N/A,Intel,TLC,32,530,450,Entry-Level SATA,
KingDian,S400,SATA/AHCI,"2.5""",480GB,SMI SM2258XT,"Single-core, 4-ch, 4-CE/ch",No,N/A,Intel,TLC,32,530,450,Entry-Level SATA,
KingMax,PQ4480,x4 PCIe 4.0/NVMe,M.2,250GB,Phison E19T,"Single R5 + CoX, 4-ch, 8-CE/ch",No,Yes,,TLC,,3600,3000,Entry-Level NVMe,
KingMax,PQ4480,x4 PCIe 4.0/NVMe,M.2,500GB,Phison E19T,"Single R5 + CoX, 4-ch, 8-CE/ch",No,Yes,,TLC,,3600,3000,Entry-Level NVMe,
KingMax,PQ4480,x4 PCIe 4.0/NVMe,M.2,1000GB,Phison E19T,"Single R5 + CoX, 4-ch, 8-CE/ch",No,Yes,,TLC,,3600,3000,Entry-Level NVMe,
KingMax,PQ4480,x4 PCIe 4.0/NVMe,M.2,1TB,Phison E19T,"Single R5 + CoX, 4-ch, 8-CE/ch",No,Yes,,TLC,,3600,3000,Entry-Level NVMe,
KingMax,PX3480,x4 PCIe 3.0/NVMe,M.2,256GB,Phison E12S,"Dual R5 + CoX, 8-ch, 4-CE/ch",Yes,No,Kioxia,TLC,64,3400,3400,Mid-Range NVMe,
KingMax,PX3480,x4 PCIe 3.0/NVMe,M.2,512GB,Phison E12S,"Dual R5 + CoX, 8-ch, 4-CE/ch",Yes,No,Kioxia,TLC,64,3400,3400,Mid-Range NVMe,
KingMax,PX3480,x4 PCIe 3.0/NVMe,M.2,1TB,Phison E12S,"Dual R5 + CoX, 8-ch, 4-CE/ch",Yes,No,Kioxia,TLC,64,3400,3400,Mid-Range NVMe,
KingMax,PX4480,x4 PCIe 4.0/NVMe,M.2,500GB,Phison E16,"Dual R5 + CoX, 8-ch, 4-CE/ch",Yes,No,Kioxia,TLC,96,5000,4400,Mid-Range NVMe,
KingMax,PX4480,x4 PCIe 4.0/NVMe,M.2,1000GB,Phison E16,"Dual R5 + CoX, 8-ch, 4-CE/ch",Yes,No,Kioxia,TLC,96,5000,4400,Mid-Range NVMe,
KingMax,PX4480,x4 PCIe 4.0/NVMe,M.2,2000GB,Phison E16,"Dual R5 + CoX, 8-ch, 4-CE/ch",Yes,No,Kioxia,TLC,96,5000,4400,Mid-Range NVMe,
KingMax,PX4480,x4 PCIe 4.0/NVMe,M.2,2TB,Phison E16,"Dual R5 + CoX, 8-ch, 4-CE/ch",Yes,No,Kioxia,TLC,96,5000,4400,Mid-Range NVMe,
KingMax,SMV,SATA/AHCI,"2.5""",120GB,Phison S11,"Single-core, 2-ch, 8-CE/ch",No,N/A,Kioxia,TLC,64,500,500,Entry-Level SATA,
KingMax,SMV,SATA/AHCI,"2.5""",240GB,Phison S11,"Single-core, 2-ch, 8-CE/ch",No,N/A,Kioxia,TLC,64,500,500,Entry-Level SATA,
KingMax,SMV,SATA/AHCI,"2.5""",480GB,Phison S11,"Single-core, 2-ch, 8-CE/ch",No,N/A,Kioxia,TLC,64,500,500,Entry-Level SATA,
KingMax,SMV,SATA/AHCI,"2.5""",960GB,Phison S11,"Single-core, 2-ch, 8-CE/ch",No,N/A,Kioxia,TLC,64,500,500,Entry-Level SATA,
Kingston,A1000,x2 PCIe 3.0/NVMe,M.2,240GB,Phison E8,"Dual-core, 4-ch, 8-CE/ch",Yes,No,Kioxia,TLC,64,1500,1000,Entry-Level NVMe,
Kingston,A1000,x2 PCIe 3.0/NVMe,M.2,480GB,Phison E8,"Dual-core, 4-ch, 8-CE/ch",Yes,No,Kioxia,TLC,64,1500,1000,Entry-Level NVMe,
Kingston,A1000,x2 PCIe 3.0/NVMe,M.2,960GB,Phison E8,"Dual-core, 4-ch, 8-CE/ch",Yes,No,Kioxia,TLC,64,1500,1000,Entry-Level NVMe,
Kingston,A400,SATA/AHCI,"2.5""",120GB,Phison S11,"Single-core, 2-ch, 8-CE/ch",No,N/A,Kioxia,TLC,32+,500,450,Entry-Level SATA,QLC/SMI at higher cap.
Kingston,A400,SATA/AHCI,"2.5""",240GB,Phison S11,"Single-core, 2-ch, 8-CE/ch",No,N/A,Kioxia,TLC,32+,500,450,Entry-Level SATA,QLC/SMI at higher cap.
Kingston,A400,SATA/AHCI,"2.5""",480GB,Phison S11,"Single-core, 2-ch, 8-CE/ch",No,N/A,Kioxia,TLC,32+,500,450,Entry-Level SATA,QLC/SMI at higher cap.
Kingston,A400,SATA/AHCI,"2.5""",960GB,Phison S11,"Single-core, 2-ch, 8-CE/ch",No,N/A,Kioxia,TLC,32+,500,450,Entry-Level SATA,QLC/SMI at higher cap.
Kingston,A2000,x4 PCIe 3.0/NVMe,M.2,250GB,SMI SM2263,"Dual-core, 4-ch, 4-CE/ch",Yes,No,Micron,TLC,64/96,2200,2000,Entry-Level NVMe,
Kingston,A2000,x4 PCIe 3.0/NVMe,M.2,500GB,SMI SM2263,"Dual-core, 4-ch, 4-CE/ch",Yes,No,Micron,TLC,64/96,2200,2000,Entry-Level NVMe,
Kingston,A2000,x4 PCIe 3.0/NVMe,M.2,1000GB,SMI SM2263,"Dual-core, 4-ch, 4-CE/ch",Yes,No,Micron,TLC,64/96,2200,2000,Entry-Level NVMe,
Kingston,A2000,x4 PCIe 3.0/NVMe,M.2,1TB,SMI SM2263,"Dual-core, 4-ch, 4-CE/ch",Yes,No,Micron,TLC,64/96,2200,2000,Entry-Level NVMe,
Kingston,Fury Renegade,x4 PCIe 4.0/NVMe,M.2,500GB,Phison E18,"Triple R5 + CoX, 8-ch, 4-CE/ch",Yes,N/A,Micron,TLC,176,7300,7000,High-End NVMe,
Kingston,Fury Renegade,x4 PCIe 4.0/NVMe,M.2,1000GB,Phison E18,"Triple R5 + CoX, 8-ch, 4-CE/ch",Yes,N/A,Micron,TLC,176,7300,7000,High-End NVMe,
Kingston,Fury Renegade,x4 PCIe 4.0/NVMe,M.2,2000GB,Phison E18,"Triple R5 + CoX, 8-ch, 4-CE/ch",Yes,N/A,Micron,TLC,176,7300,7000,High-End NVMe,
Kingston,Fury Renegade,x4 PCIe 4.0/NVMe,M.2,4000GB,Phison E18,"Triple R5 + CoX, 8-ch, 4-CE/ch",Yes,N/A,Micron,TLC,176,7300,7000,High-End NVMe,
Kingston,Fury Renegade,x4 PCIe 4.0/NVMe,M.2,4TB,Phison E18,"Triple R5 + CoX, 8-ch, 4-CE/ch",Yes,N/A,Micron,TLC,176,7300,7000,High-End NVMe,
Kingston,Ghost Tree,x4 PCIe 4.0/NVMe,M.2,1TB,,,,,,,,7000,7000,,
Kingston,Ghost Tree,x4 PCIe 4.0/NVMe,M.2,2TB,,,,,,,,7000,7000,,
Kingston,Ghost Tree,x4 PCIe 4.0/NVMe,M.2,4TB,,,,,,,,7000,7000,,
Kingston,Grandview ES,x4 PCIe 4.0/NVMe,M.2,500GB,Marvell Whistler Plus,4-ch,,,,,,,,,
Kingston,Grandview ES,x4 PCIe 4.0/NVMe,M.2,1000GB,Marvell Whistler Plus,4-ch,,,,,,,,,
Kingston,Grandview ES,x4 PCIe 4.0/NVMe,M.2,2000GB,Marvell Whistler Plus,4-ch,,,,,,,,,
Kingston,Grandview ES,x4 PCIe 4.0/NVMe,M.2,2TB,Marvell Whistler Plus,4-ch,,,,,,,,,
Kingston,HyperX RGB,SATA/AHCI,"2.5""",120GB,Marvell 88SS1074,"Dual-core, 4-ch, 8-CE/ch",Yes,N/A,Micron,TLC,64,520,500,Garbage,Overheats due to LEDs
Kingston,HyperX RGB,SATA/AHCI,"2.5""",240GB,Marvell 88SS1074,"Dual-core, 4-ch, 8-CE/ch",Yes,N/A,Micron,TLC,64,520,500,Garbage,Overheats due to LEDs
Kingston,HyperX RGB,SATA/AHCI,"2.5""",480GB,Marvell 88SS1074,"Dual-core, 4-ch, 8-CE/ch",Yes,N/A,Micron,TLC,64,520,500,Garbage,Overheats due to LEDs
Kingston,HyperX RGB,SATA/AHCI,"2.5""",960GB,Marvell 88SS1074,"Dual-core, 4-ch, 8-CE/ch",Yes,N/A,Micron,TLC,64,520,500,Garbage,Overheats due to LEDs
Kingston,KC600,SATA/AHCI,"2.5""",256GB,SMI SM2259,"Single-core, 4-ch, 8-CE/ch",Yes,N/A,Micron,TLC,96,550,520,High-End SATA,
Kingston,KC600,SATA/AHCI,"2.5""",512GB,SMI SM2259,"Single-core, 4-ch, 8-CE/ch",Yes,N/A,Micron,TLC,96,550,520,High-End SATA,
Kingston,KC600,SATA/AHCI,"2.5""",1TB,SMI SM2259,"Single-core, 4-ch, 8-CE/ch",Yes,N/A,Micron,TLC,96,550,520,High-End SATA,
Kingston,KC600,SATA/AHCI,"2.5""",2TB,SMI SM2259,"Single-core, 4-ch, 8-CE/ch",Yes,N/A,Micron,TLC,96,550,520,High-End SATA,
Kingston,KC2000,x4 PCIe 3.0/NVMe,M.2,256GB,SMI SM2262EN,"Dual-core, 8-ch, 4-CE/ch",Yes,No,Kioxia,TLC,96,3200,2200,Mid-Range NVMe,
Kingston,KC2000,x4 PCIe 3.0/NVMe,M.2,512GB,SMI SM2262EN,"Dual-core, 8-ch, 4-CE/ch",Yes,No,Kioxia,TLC,96,3200,2200,Mid-Range NVMe,
Kingston,KC2000,x4 PCIe 3.0/NVMe,M.2,1TB,SMI SM2262EN,"Dual-core, 8-ch, 4-CE/ch",Yes,No,Kioxia,TLC,96,3200,2200,Mid-Range NVMe,
Kingston,KC2000,x4 PCIe 3.0/NVMe,M.2,2TB,SMI SM2262EN,"Dual-core, 8-ch, 4-CE/ch",Yes,No,Kioxia,TLC,96,3200,2200,Mid-Range NVMe,
Kingston,KC2500,x4 PCIe 3.0/NVMe,M.2,250GB,SMI SM2262EN,"Dual-core, 8-ch, 4-CE/ch",Yes,No,Kioxia,TLC,96,3500,2900,Mid-Range NVMe,
Kingston,KC2500,x4 PCIe 3.0/NVMe,M.2,500GB,SMI SM2262EN,"Dual-core, 8-ch, 4-CE/ch",Yes,No,Kioxia,TLC,96,3500,2900,Mid-Range NVMe,
Kingston,KC2500,x4 PCIe 3.0/NVMe,M.2,1000GB,SMI SM2262EN,"Dual-core, 8-ch, 4-CE/ch",Yes,No,Kioxia,TLC,96,3500,2900,Mid-Range NVMe,
Kingston,KC2500,x4 PCIe 3.0/NVMe,M.2,2000GB,SMI SM2262EN,"Dual-core, 8-ch, 4-CE/ch",Yes,No,Kioxia,TLC,96,3500,2900,Mid-Range NVMe,
Kingston,KC2500,x4 PCIe 3.0/NVMe,M.2,2TB,SMI SM2262EN,"Dual-core, 8-ch, 4-CE/ch",Yes,No,Kioxia,TLC,96,3500,2900,Mid-Range NVMe,
Kingston,KC3000,x4 PCIe 4.0/NVMe,M.2,512GB,Phison E18,"Triple R5 + CoX, 8-ch, 4-CE/ch",Yes,N/A,Micron,TLC,176,7000,7000,High-End NVMe,
Kingston,KC3000,x4 PCIe 4.0/NVMe,M.2,1TB,Phison E18,"Triple R5 + CoX, 8-ch, 4-CE/ch",Yes,N/A,Micron,TLC,176,7000,7000,High-End NVMe,
Kingston,KC3000,x4 PCIe 4.0/NVMe,M.2,2TB,Phison E18,"Triple R5 + CoX, 8-ch, 4-CE/ch",Yes,N/A,Micron,TLC,176,7000,7000,High-End NVMe,
Kingston,KC3000,x4 PCIe 4.0/NVMe,M.2,4TB,Phison E18,"Triple R5 + CoX, 8-ch, 4-CE/ch",Yes,N/A,Micron,TLC,176,7000,7000,High-End NVMe,
Kingston,NV1,x4 PCIe 3.0/NVMe,M.2,500GB,SMI SM2263XT,"Dual-core, 4-ch, 4-CE/ch",No,Yes,,TLC/QLC,,2100,1700,Entry-Level NVMe,Optionally E13T; QLC at 1-2TB
Kingston,NV1,x4 PCIe 3.0/NVMe,M.2,1000GB,SMI SM2263XT,"Dual-core, 4-ch, 4-CE/ch",No,Yes,,TLC/QLC,,2100,1700,Entry-Level NVMe,Optionally E13T; QLC at 1-2TB
Kingston,NV1,x4 PCIe 3.0/NVMe,M.2,2000GB,SMI SM2263XT,"Dual-core, 4-ch, 4-CE/ch",No,Yes,,TLC/QLC,,2100,1700,Entry-Level NVMe,Optionally E13T; QLC at 1-2TB
Kingston,NV1,x4 PCIe 3.0/NVMe,M.2,2TB,SMI SM2263XT,"Dual-core, 4-ch, 4-CE/ch",No,Yes,,TLC/QLC,,2100,1700,Entry-Level NVMe,Optionally E13T; QLC at 1-2TB
Kingston,NV2,x4 PCIe 4.0/NVMe,M.2,250GB,Phison E21T,"Single R5, 4-ch, 4-CE/ch",No,Yes,Kioxia,TLC,112,3500,2800,Entry-Level NVMe,"SMI SM2267XT (conf), QLC, E19T"
Kingston,NV2,x4 PCIe 4.0/NVMe,M.2,500GB,Phison E21T,"Single R5, 4-ch, 4-CE/ch",No,Yes,Kioxia,TLC,112,3500,2800,Entry-Level NVMe,"SMI SM2267XT (conf), QLC, E19T"
Kingston,NV2,x4 PCIe 4.0/NVMe,M.2,1000GB,Phison E21T,"Single R5, 4-ch, 4-CE/ch",No,Yes,Kioxia,TLC,112,3500,2800,Entry-Level NVMe,"SMI SM2267XT (conf), QLC, E19T"
Kingston,NV2,x4 PCIe 4.0/NVMe,M.2,2000GB,Phison E21T,"Single R5, 4-ch, 4-CE/ch",No,Yes,Kioxia,TLC,112,3500,2800,Entry-Level NVMe,"SMI SM2267XT (conf), QLC, E19T"
Kingston,NV2,x4 PCIe 4.0/NVMe,M.2,4000GB,Phison E21T,"Single R5, 4-ch, 4-CE/ch",No,Yes,Kioxia,TLC,112,3500,2800,Entry-Level NVMe,"SMI SM2267XT (conf), QLC, E19T"
Kingston,NV2,x4 PCIe 4.0/NVMe,M.2,4TB,Phison E21T,"Single R5, 4-ch, 4-CE/ch",No,Yes,Kioxia,TLC,112,3500,2800,Entry-Level NVMe,"SMI SM2267XT (conf), QLC, E19T"
Kingston,NV3,x4 PCIe 4.0/NVMe,M.2,500GB,SMI SM2268XT,,No,Yes,Kioxia,QLC,162,6000,5000,Entry-Level NVMe,Likely cont/flash variations
Kingston,NV3,x4 PCIe 4.0/NVMe,M.2,1000GB,SMI SM2268XT,,No,Yes,Kioxia,QLC,162,6000,5000,Entry-Level NVMe,Likely cont/flash variations
Kingston,NV3,x4 PCIe 4.0/NVMe,M.2,2000GB,SMI SM2268XT,,No,Yes,Kioxia,QLC,162,6000,5000,Entry-Level NVMe,Likely cont/flash variations
Kingston,NV3,x4 PCIe 4.0/NVMe,M.2,4000GB,SMI SM2268XT,,No,Yes,Kioxia,QLC,162,6000,5000,Entry-Level NVMe,Likely cont/flash variations
Kingston,NV3,x4 PCIe 4.0/NVMe,M.2,4TB,SMI SM2268XT,,No,Yes,Kioxia,QLC,162,6000,5000,Entry-Level NVMe,Likely cont/flash variations
Kingston,Q500,SATA/AHCI,"2.5""",120GB,Phison S11T/S13T,"Single-core, 2-ch, 8-CE/ch",No,N/A,Micron,TLC,64,500,450,Entry-Level SATA,
Kingston,Q500,SATA/AHCI,"2.5""",240GB,Phison S11T/S13T,"Single-core, 2-ch, 8-CE/ch",No,N/A,Micron,TLC,64,500,450,Entry-Level SATA,
Kingston,Q500,SATA/AHCI,"2.5""",480GB,Phison S11T/S13T,"Single-core, 2-ch, 8-CE/ch",No,N/A,Micron,TLC,64,500,450,Entry-Level SATA,
Kingston,Q500,SATA/AHCI,"2.5""",960GB,Phison S11T/S13T,"Single-core, 2-ch, 8-CE/ch",No,N/A,Micron,TLC,64,500,450,Entry-Level SATA,
Kingston,Renegade G5,x4 PCIe 5.0/NVMe,M.2,1TB,SMI SM2508,,Yes,N/A,Micron,TLC,232,14800,1400,High-end NVMe,
Kingston,Renegade G5,x4 PCIe 5.0/NVMe,M.2,2TB,SMI SM2508,,Yes,N/A,Micron,TLC,232,14800,1400,High-end NVMe,
Kingston,Renegade G5,x4 PCIe 5.0/NVMe,M.2,4TB,SMI SM2508,,Yes,N/A,Micron,TLC,232,14800,1400,High-end NVMe,
Kingston,Seccos ES,x4 PCIe 3.0/NVMe,M.2,250GB,,,,,,,,3500,3000,,
Kingston,Seccos ES,x4 PCIe 3.0/NVMe,M.2,500GB,,,,,,,,3500,3000,,
Kingston,Seccos ES,x4 PCIe 3.0/NVMe,M.2,1000GB,,,,,,,,3500,3000,,
Kingston,Seccos ES,x4 PCIe 3.0/NVMe,M.2,2000GB,,,,,,,,3500,3000,,
Kingston,Seccos ES,x4 PCIe 3.0/NVMe,M.2,2TB,,,,,,,,3500,3000,,
Kingston,UV500,SATA/AHCI,"2.5"" & M.2 (960GB)",120GB,Marvell 88SS1074,"Dual-core, 4-ch, 8-CE/ch",Yes,N/A,Micron,TLC,64,520,500,Mid-Range SATA,
Kingston,UV500,SATA/AHCI,"2.5"" & M.2 (960GB)",240GB,Marvell 88SS1074,"Dual-core, 4-ch, 8-CE/ch",Yes,N/A,Micron,TLC,64,520,500,Mid-Range SATA,
Kingston,UV500,SATA/AHCI,"2.5"" & M.2 (960GB)",480GB,Marvell 88SS1074,"Dual-core, 4-ch, 8-CE/ch",Yes,N/A,Micron,TLC,64,520,500,Mid-Range SATA,
Kingston,UV500,SATA/AHCI,"2.5"" & M.2 (960GB)",960GB,Marvell 88SS1074,"Dual-core, 4-ch, 8-CE/ch",Yes,N/A,Micron,TLC,64,520,500,Mid-Range SATA,
Kingston,UV500,SATA/AHCI,"2.5"" & M.2 (960GB)",1920GB,Marvell 88SS1074,"Dual-core, 4-ch, 8-CE/ch",Yes,N/A,Micron,TLC,64,520,500,Mid-Range SATA,
Kingston,XS1000,USB 3.2 Gen 2x2,USB-C,1TB,,,,,,,,1000,1000,Entry-Level NVMe,Portable
Kingston,XS1000,USB 3.2 Gen 2x2,USB-C,2TB,,,,,,,,1000,1000,Entry-Level NVMe,Portable
Kingston,XS2000,USB 3.2 Gen 2x2,USB-C,500GB,SMI SM2320,Hybrid,No,N/A,Micron,TLC,96,2000,2000,Entry-Level NVMe,Portable
Kingston,XS2000,USB 3.2 Gen 2x2,USB-C,1000GB,SMI SM2320,Hybrid,No,N/A,Micron,TLC,96,2000,2000,Entry-Level NVMe,Portable
Kingston,XS2000,USB 3.2 Gen 2x2,USB-C,2000GB,SMI SM2320,Hybrid,No,N/A,Micron,TLC,96,2000,2000,Entry-Level NVMe,Portable
Kingston,XS2000,USB 3.2 Gen 2x2,USB-C,2TB,SMI SM2320,Hybrid,No,N/A,Micron,TLC,96,2000,2000,Entry-Level NVMe,Portable
KingSpec,NX,x4 PCIe 3.0/NVMe,M.2,128GB,Maxio MAP1202,"Dual R5, 4x4",No,Yes,,TLC,,3400,3100,Entry-Level NVMe,
KingSpec,NX,x4 PCIe 3.0/NVMe,M.2,256GB,Maxio MAP1202,"Dual R5, 4x4",No,Yes,,TLC,,3400,3100,Entry-Level NVMe,
KingSpec,NX,x4 PCIe 3.0/NVMe,M.2,512GB,Maxio MAP1202,"Dual R5, 4x4",No,Yes,,TLC,,3400,3100,Entry-Level NVMe,
KingSpec,NX,x4 PCIe 3.0/NVMe,M.2,1TB,Maxio MAP1202,"Dual R5, 4x4",No,Yes,,TLC,,3400,3100,Entry-Level NVMe,
KingSpec,P4,SATA/AHCI,"2.5""",120GB,Maxio MAS0902A,"Dual-core, 4-Ch, 8-CE/ch",No,N/A,Intel,QLC,64,560,520,Entry-Level SATA,
KingSpec,P4,SATA/AHCI,"2.5""",240GB,Maxio MAS0902A,"Dual-core, 4-Ch, 8-CE/ch",No,N/A,Intel,QLC,64,560,520,Entry-Level SATA,
KingSpec,P4,SATA/AHCI,"2.5""",480GB,Maxio MAS0902A,"Dual-core, 4-Ch, 8-CE/ch",No,N/A,Intel,QLC,64,560,520,Entry-Level SATA,
Kingspec,XG 7000 Pro,x4 PCIe 4.0/NVMe,M.2,512GB,InnoGrit IG5236,"Quad-core, 4-Ch, 8-CE/ch",Yes,N/A,,TLC,,7500,6500,High-End NVMe,
Kingspec,XG 7000 Pro,x4 PCIe 4.0/NVMe,M.2,1TB,InnoGrit IG5236,"Quad-core, 4-Ch, 8-CE/ch",Yes,N/A,,TLC,,7500,6500,High-End NVMe,
Kingspec,XG 7000 Pro,x4 PCIe 4.0/NVMe,M.2,2TB,InnoGrit IG5236,"Quad-core, 4-Ch, 8-CE/ch",Yes,N/A,,TLC,,7500,6500,High-End NVMe,
Kingspec,XG 7000 Pro,x4 PCIe 4.0/NVMe,M.2,4TB,InnoGrit IG5236,"Quad-core, 4-Ch, 8-CE/ch",Yes,N/A,,TLC,,7500,6500,High-End NVMe,
Kioxia,Excercia,x4 PCIe 3.0/NVMe,M.2,250GB,Phison E12C,"Dual R5 + CoX, 4-ch, 4-CE/ch",Yes,N/A,Kioxia,TLC,96,1700,1600,Entry-Level NVMe,"G2 variant: 1TB-2TB, 2100/1700"
Kioxia,Excercia,x4 PCIe 3.0/NVMe,M.2,500GB,Phison E12C,"Dual R5 + CoX, 4-ch, 4-CE/ch",Yes,N/A,Kioxia,TLC,96,1700,1600,Entry-Level NVMe,"G2 variant: 1TB-2TB, 2100/1700"
Kioxia,Excercia,x4 PCIe 3.0/NVMe,M.2,1000GB,Phison E12C,"Dual R5 + CoX, 4-ch, 4-CE/ch",Yes,N/A,Kioxia,TLC,96,1700,1600,Entry-Level NVMe,"G2 variant: 1TB-2TB, 2100/1700"
Kioxia,Excercia,x4 PCIe 3.0/NVMe,M.2,1TB,Phison E12C,"Dual R5 + CoX, 4-ch, 4-CE/ch",Yes,N/A,Kioxia,TLC,96,1700,1600,Entry-Level NVMe,"G2 variant: 1TB-2TB, 2100/1700"
Kioxia,Exceria Plus,x4 PCIe 3.0/NVMe,M.2,500GB,Phison E12S,"Dual R5 + CoX, 8-ch, 4-CE/ch",Yes,N/A,Kioxia,TLC,96,3400,3200,Mid-Range NVMe,Plus G2 variant
Kioxia,Exceria Plus,x4 PCIe 3.0/NVMe,M.2,1000GB,Phison E12S,"Dual R5 + CoX, 8-ch, 4-CE/ch",Yes,N/A,Kioxia,TLC,96,3400,3200,Mid-Range NVMe,Plus G2 variant
Kioxia,Exceria Plus,x4 PCIe 3.0/NVMe,M.2,2000GB,Phison E12S,"Dual R5 + CoX, 8-ch, 4-CE/ch",Yes,N/A,Kioxia,TLC,96,3400,3200,Mid-Range NVMe,Plus G2 variant
Kioxia,Exceria Plus,x4 PCIe 3.0/NVMe,M.2,2TB,Phison E12S,"Dual R5 + CoX, 8-ch, 4-CE/ch",Yes,N/A,Kioxia,TLC,96,3400,3200,Mid-Range NVMe,Plus G2 variant
Kioxia,Exceria Plus G3,x4 PCIe 4.0/NVMe,M.2,1TB,Phison E21T,"Single R5 + CoX, 4-ch, 8-CE/ch",No,Yes,Kioxia,TLC,112,5000,3900,Mid-Range NVMe,
Kioxia,Exceria Plus G3,x4 PCIe 4.0/NVMe,M.2,2TB,Phison E21T,"Single R5 + CoX, 4-ch, 8-CE/ch",No,Yes,Kioxia,TLC,112,5000,3900,Mid-Range NVMe,
Kioxia,Exceria Plus G4,x4 PCIe 5.0/NVMe,M.2,1TB,Phison E31T,,,,Kioxia,TLC,,10000,8200,,
Kioxia,Exceria Plus G4,x4 PCIe 5.0/NVMe,M.2,2TB,Phison E31T,,,,Kioxia,TLC,,10000,8200,,
Kioxia,Exceria Pro,x4 PCIe 4.0/NVMe,M.2,1TB,Phison E18,"Triple R5 + CoX, 8-ch, 4-CE/ch",Yes,N/A,Kioxia,TLC,112,7300,6400,High-End NVMe,
Kioxia,Exceria Pro,x4 PCIe 4.0/NVMe,M.2,2TB,Phison E18,"Triple R5 + CoX, 8-ch, 4-CE/ch",Yes,N/A,Kioxia,TLC,112,7300,6400,High-End NVMe,
Kioxia,Excercia SATA,SATA/AHCI,"2.5""",240GB,Phison S11T,"Single-core, 2-ch, 8-CE/ch",No,N/A,Kioxia,TLC,96,555,540,Entry-Level SATA,
Kioxia,Excercia SATA,SATA/AHCI,"2.5""",480GB,Phison S11T,"Single-core, 2-ch, 8-CE/ch",No,N/A,Kioxia,TLC,96,555,540,Entry-Level SATA,
Kioxia,Excercia SATA,SATA/AHCI,"2.5""",960GB,Phison S11T,"Single-core, 2-ch, 8-CE/ch",No,N/A,Kioxia,TLC,96,555,540,Entry-Level SATA,
KLEVV,CRAS C700/RGB,x4 PCIe 3.0/NVMe,M.2,120GB,SMI SM2263,"Dual-core, 4-ch, 4-CE/ch",Yes,No,Hynix,TLC,72,1500,1300,Entry-Level NVMe,Regular and RGB SKUs
KLEVV,CRAS C700/RGB,x4 PCIe 3.0/NVMe,M.2,240GB,SMI SM2263,"Dual-core, 4-ch, 4-CE/ch",Yes,No,Hynix,TLC,72,1500,1300,Entry-Level NVMe,Regular and RGB SKUs
KLEVV,CRAS C700/RGB,x4 PCIe 3.0/NVMe,M.2,480GB,SMI SM2263,"Dual-core, 4-ch, 4-CE/ch",Yes,No,Hynix,TLC,72,1500,1300,Entry-Level NVMe,Regular and RGB SKUs
KLEVV,CRAS C710,x4 PCIe 3.0/NVMe,M.2,256GB,SMI SM2263XT,"Dual-core, 4-ch, 4-CE/ch",No,Yes,Micron,TLC,64,2100,1650,Entry-Level NVMe,
KLEVV,CRAS C710,x4 PCIe 3.0/NVMe,M.2,512GB,SMI SM2263XT,"Dual-core, 4-ch, 4-CE/ch",No,Yes,Micron,TLC,64,2100,1650,Entry-Level NVMe,
KLEVV,CRAS C710,x4 PCIe 3.0/NVMe,M.2,1TB,SMI SM2263XT,"Dual-core, 4-ch, 4-CE/ch",No,Yes,Micron,TLC,64,2100,1650,Entry-Level NVMe,
KLEVV,CRAS C715,,,256GB,,,,,,,,3200,2000,,
KLEVV,CRAS C715,,,512GB,,,,,,,,3200,2000,,
KLEVV,CRAS C715,,,1TB,,,,,,,,3200,2000,,
KLEVV,CRAS C720,x4 PCIe 3.0/NVMe,M.2,256GB,Phison E12S,"Dual R5 + CoX, 8-ch, 4-CE/ch",Yes,No,,TLC,96,3400,3100,Mid-Range NVMe,
KLEVV,CRAS C720,x4 PCIe 3.0/NVMe,M.2,512GB,Phison E12S,"Dual R5 + CoX, 8-ch, 4-CE/ch",Yes,No,,TLC,96,3400,3100,Mid-Range NVMe,
KLEVV,CRAS C720,x4 PCIe 3.0/NVMe,M.2,1TB,Phison E12S,"Dual R5 + CoX, 8-ch, 4-CE/ch",Yes,No,,TLC,96,3400,3100,Mid-Range NVMe,
KLEVV,CRAS C720,x4 PCIe 3.0/NVMe,M.2,2TB,Phison E12S,"Dual R5 + CoX, 8-ch, 4-CE/ch",Yes,No,,TLC,96,3400,3100,Mid-Range NVMe,
KLEVV,CRAS C730,x4 PCIe 3.0/NVMe,M.2,512GB,Realtek RTS5762,"Dual-core, 8-ch, 4-CE/ch",Yes,No,,,,3700,2800,Mid-Range NVMe,
KLEVV,CRAS C730,x4 PCIe 3.0/NVMe,M.2,1TB,Realtek RTS5762,"Dual-core, 8-ch, 4-CE/ch",Yes,No,,,,3700,2800,Mid-Range NVMe,
KLEVV,CRAS C730,x4 PCIe 3.0/NVMe,M.2,2TB,Realtek RTS5762,"Dual-core, 8-ch, 4-CE/ch",Yes,No,,,,3700,2800,Mid-Range NVMe,
KLEVV,CRAS C910,x4 PCIe 4.0/NVMe,M.2,500GB,InnoGrit IG5220,"Tri-core R5, 4x8",No,Yes,,,,5000,4800,Mid-Range NVMe,RGB
KLEVV,CRAS C910,x4 PCIe 4.0/NVMe,M.2,1000GB,InnoGrit IG5220,"Tri-core R5, 4x8",No,Yes,,,,5000,4800,Mid-Range NVMe,RGB
KLEVV,CRAS C910,x4 PCIe 4.0/NVMe,M.2,1TB,InnoGrit IG5220,"Tri-core R5, 4x8",No,Yes,,,,5000,4800,Mid-Range NVMe,RGB
KLEVV,CRAS C910G,,,,,,,,,,,,,,
KLEVV,CRAS C910 Lite,x4 PCIe 4.0/NVMe,M.2,500GB,Phison E21T,"Single R5 + CoX, 4-ch, 8-CE/ch",No,Yes,,,,5000,4200,Mid-Range NVMe,
KLEVV,CRAS C910 Lite,x4 PCIe 4.0/NVMe,M.2,1000GB,Phison E21T,"Single R5 + CoX, 4-ch, 8-CE/ch",No,Yes,,,,5000,4200,Mid-Range NVMe,
KLEVV,CRAS C910 Lite,x4 PCIe 4.0/NVMe,M.2,2000GB,Phison E21T,"Single R5 + CoX, 4-ch, 8-CE/ch",No,Yes,,,,5000,4200,Mid-Range NVMe,
KLEVV,CRAS C910 Lite,x4 PCIe 4.0/NVMe,M.2,4000GB,Phison E21T,"Single R5 + CoX, 4-ch, 8-CE/ch",No,Yes,,,,5000,4200,Mid-Range NVMe,
KLEVV,CRAS C910 Lite,x4 PCIe 4.0/NVMe,M.2,4TB,Phison E21T,"Single R5 + CoX, 4-ch, 8-CE/ch",No,Yes,,,,5000,4200,Mid-Range NVMe,
KLEVV,CRAS C920,x4 PCIe 4.0/NVMe,M.2,1TB,Phison E18,"Triple R5 + CoX, 8-ch, 4-CE/ch",Yes,N/A,,TLC,96,7000,6850,High-End NVMe,
KLEVV,CRAS C920,x4 PCIe 4.0/NVMe,M.2,2TB,Phison E18,"Triple R5 + CoX, 8-ch, 4-CE/ch",Yes,N/A,,TLC,96,7000,6850,High-End NVMe,
KLEVV,CRAS C925,x4 PCIe 4.0/NVMe,M.2,500GB,Maxio MAP1602,"R5, 4x8",No,Yes,Hynix,TLC,238,7400,6500,High-End NVMe,
KLEVV,CRAS C925,x4 PCIe 4.0/NVMe,M.2,1000GB,Maxio MAP1602,"R5, 4x8",No,Yes,Hynix,TLC,238,7400,6500,High-End NVMe,
KLEVV,CRAS C925,x4 PCIe 4.0/NVMe,M.2,2000GB,Maxio MAP1602,"R5, 4x8",No,Yes,Hynix,TLC,238,7400,6500,High-End NVMe,
KLEVV,CRAS C925,x4 PCIe 4.0/NVMe,M.2,2TB,Maxio MAP1602,"R5, 4x8",No,Yes,Hynix,TLC,238,7400,6500,High-End NVMe,
KLEVV,CRAS C925G,,,,,,,,,,,,,,
KLEVV,CRAS C930,x4 PCIe 4.0/NVMe,M.2,1TB,InnoGrit IG5236,"Quad-core, 8-ch",Yes,N/A,,,,7400,6800,High-End NVMe,
KLEVV,CRAS C930,x4 PCIe 4.0/NVMe,M.2,2TB,InnoGrit IG5236,"Quad-core, 8-ch",Yes,N/A,,,,7400,6800,High-End NVMe,
KLEVV,CRAS C950,x4 PCIe 5.0/NVMe,M.2,1TB,Phison E26,"Dual DC R5 + 3xCoX, 8-ch, 4-CE/ch",Yes,N/A,Micron,TLC,232,12000,,High-End NVMe,
KLEVV,CRAS C950,x4 PCIe 5.0/NVMe,M.2,2TB,Phison E26,"Dual DC R5 + 3xCoX, 8-ch, 4-CE/ch",Yes,N/A,Micron,TLC,232,12000,,High-End NVMe,
KLEVV,CRAS C950,x4 PCIe 5.0/NVMe,M.2,4TB,Phison E26,"Dual DC R5 + 3xCoX, 8-ch, 4-CE/ch",Yes,N/A,Micron,TLC,232,12000,,High-End NVMe,
KLEVV,G530,x4 PCIe 5.0/NVMe,M.2,,,,,,,,,10300,8600,,
KLEVV,Genuine G560,x4 PCIe 5.0/NVMe,M.2,1TB,,,,,,,,14000,12000,High-End NVMe,
KLEVV,Genuine G560,x4 PCIe 5.0/NVMe,M.2,2TB,,,,,,,,14000,12000,High-End NVMe,
KLEVV,Genuine G560,x4 PCIe 5.0/NVMe,M.2,4TB,,,,,,,,14000,12000,High-End NVMe,
KLEVV,NEO N610,SATA/AHCI,"2.5""",256GB,SMI SM2258,"Single-core, 4-ch, 8-CE/ch",Yes,N/A,Micron,TLC,64+,560,520,High-End SATA,
KLEVV,NEO N610,SATA/AHCI,"2.5""",512GB,SMI SM2258,"Single-core, 4-ch, 8-CE/ch",Yes,N/A,Micron,TLC,64+,560,520,High-End SATA,
KLEVV,NEO N610,SATA/AHCI,"2.5""",1TB,SMI SM2258,"Single-core, 4-ch, 8-CE/ch",Yes,N/A,Micron,TLC,64+,560,520,High-End SATA,
LaCie,Portable SSD,USB 3.2 Gen 2x1,USB-C,500GB,Phison S10,"Quad-core, 8-ch, 4-CE/ch",Yes,N/A,Kioxia,TLC,64,540,,Mid-Range SATA,Portable
LaCie,Portable SSD,USB 3.2 Gen 2x1,USB-C,1000GB,Phison S10,"Quad-core, 8-ch, 4-CE/ch",Yes,N/A,Kioxia,TLC,64,540,,Mid-Range SATA,Portable
LaCie,Portable SSD,USB 3.2 Gen 2x1,USB-C,2000GB,Phison S10,"Quad-core, 8-ch, 4-CE/ch",Yes,N/A,Kioxia,TLC,64,540,,Mid-Range SATA,Portable
LaCie,Portable SSD,USB 3.2 Gen 2x1,USB-C,2TB,Phison S10,"Quad-core, 8-ch, 4-CE/ch",Yes,N/A,Kioxia,TLC,64,540,,Mid-Range SATA,Portable
LaCie,Rugged BOSS,USB 3.1 Gen2,USB-C,1TB,,,,,,,,430,430,,Portable
LaCie,Rugged Mini SSD,USB 3.2 Gen 2x2,USB-C,,,,,,,,,,,,
LaCie,Rugged SSD,USB 3.2 Gen 2x1,USB-C,500GB,Phison E12S,"Dual R5 + CoX, 8-ch, 4-CE/ch",Yes,No,Kioxia,TLC,64,950,950,Entry-Level NVMe,Portable
LaCie,Rugged SSD,USB 3.2 Gen 2x1,USB-C,1000GB,Phison E12S,"Dual R5 + CoX, 8-ch, 4-CE/ch",Yes,No,Kioxia,TLC,64,950,950,Entry-Level NVMe,Portable
LaCie,Rugged SSD,USB 3.2 Gen 2x1,USB-C,2000GB,Phison E12S,"Dual R5 + CoX, 8-ch, 4-CE/ch",Yes,No,Kioxia,TLC,64,950,950,Entry-Level NVMe,Portable
LaCie,Rugged SSD,USB 3.2 Gen 2x1,USB-C,2TB,Phison E12S,"Dual R5 + CoX, 8-ch, 4-CE/ch",Yes,No,Kioxia,TLC,64,950,950,Entry-Level NVMe,Portable
LaCie,Rugged SSD Pro,Thunderbolt 3,USB-C,1TB,Phison E12S,"Dual R5 + CoX, 8-ch, 4-CE/ch",Yes,No,Kioxia,TLC,64,2800,2800,Mid-Range NVMe,Portable; Titan Ridge
LaCie,Rugged SSD Pro,Thunderbolt 3,USB-C,2TB,Phison E12S,"Dual R5 + CoX, 8-ch, 4-CE/ch",Yes,No,Kioxia,TLC,64,2800,2800,Mid-Range NVMe,Portable; Titan Ridge
Lenovo,SL7000 50E,x4 PCIe 5.0/NVMe,M.2,512GB,Phison E26,"Dual DC R5 + 3xCoX, 8-ch, 4-CE/ch",Yes,N/A,Micron,TLC,232,12400,,High-End NVMe,
Lenovo,SL7000 50E,x4 PCIe 5.0/NVMe,M.2,1TB,Phison E26,"Dual DC R5 + 3xCoX, 8-ch, 4-CE/ch",Yes,N/A,Micron,TLC,232,12400,,High-End NVMe,
Lenovo,SL7000 50E,x4 PCIe 5.0/NVMe,M.2,2TB,Phison E26,"Dual DC R5 + 3xCoX, 8-ch, 4-CE/ch",Yes,N/A,Micron,TLC,232,12400,,High-End NVMe,
Lenovo,LN860,,,,,,,,,,,3500,3000,,
Lenovo,LN960,,,,,,,,,,,7400,6500,,
Lexar,ARES PRO,x4 PCIe 5.0/NVMe,M.2,1TB,,,,,,,,14000,11000,,
Lexar,ARES PRO,x4 PCIe 5.0/NVMe,M.2,2TB,,,,,,,,14000,11000,,
Lexar,ARES PRO,x4 PCIe 5.0/NVMe,M.2,4TB,,,,,,,,14000,11000,,
Lexar,EQ790,x4 PCIe 4.0/NVMe,M.2,1TB,,,,,,,,7000,6000,,
Lexar,EQ790,x4 PCIe 4.0/NVMe,M.2,2TB,,,,,,,,7000,6000,,
Lexar,EQ790,x4 PCIe 4.0/NVMe,M.2,4TB,,,,,,,,7000,6000,,
Lexar,NS100,SATA/AHCI,"2.5""",240GB,Marvell 88NV1120,"Dual-core, 2-ch, 4-CE/ch",No,N/A,Micron,TLC,64,550,520,Entry-Level SATA,Maxio controller swap w/B47R
Lexar,NS100,SATA/AHCI,"2.5""",480GB,Marvell 88NV1120,"Dual-core, 2-ch, 4-CE/ch",No,N/A,Micron,TLC,64,550,520,Entry-Level SATA,Maxio controller swap w/B47R
Lexar,NS200,SATA/AHCI,"2.5""",240GB,SMI SM2258,"Single-core, 4-ch, 8-CE/ch",Yes,N/A,Micron,TLC,64,550,510,High-End SATA,
Lexar,NS200,SATA/AHCI,"2.5""",480GB,SMI SM2258,"Single-core, 4-ch, 8-CE/ch",Yes,N/A,Micron,TLC,64,550,510,High-End SATA,
Lexar,NS200,SATA/AHCI,"2.5""",960GB,SMI SM2258,"Single-core, 4-ch, 8-CE/ch",Yes,N/A,Micron,TLC,64,550,510,High-End SATA,
Lexar,NM210,SATA/AHCI,M.2,128GB,SMI SM2258,"Single-core, 4-ch, 8-CE/ch",Yes,N/A,Micron,TLC,64,550,510,High-End SATA,
Lexar,NM210,SATA/AHCI,M.2,256GB,SMI SM2258,"Single-core, 4-ch, 8-CE/ch",Yes,N/A,Micron,TLC,64,550,510,High-End SATA,
Lexar,NM210,SATA/AHCI,M.2,512GB,SMI SM2258,"Single-core, 4-ch, 8-CE/ch",Yes,N/A,Micron,TLC,64,550,510,High-End SATA,
Lexar,NM500,x2 PCIe 3.0/NVMe,M.2,128GB,Marvell 88NV1160,"Dual-core, 4-ch, 4-CE/ch",No,Yes,Kioxia,TLC,64,1650,1000,Entry-Level NVMe,
Lexar,NM500,x2 PCIe 3.0/NVMe,M.2,256GB,Marvell 88NV1160,"Dual-core, 4-ch, 4-CE/ch",No,Yes,Kioxia,TLC,64,1650,1000,Entry-Level NVMe,
Lexar,NM500,x2 PCIe 3.0/NVMe,M.2,512GB,Marvell 88NV1160,"Dual-core, 4-ch, 4-CE/ch",No,Yes,Kioxia,TLC,64,1650,1000,Entry-Level NVMe,
Lexar,NM520,x2 PCIe 3.0/NVMe,M.2,128GB,,,No,Yes,,,,1650,1000,Entry-Level NVMe,2242 FF
Lexar,NM520,x2 PCIe 3.0/NVMe,M.2,256GB,,,No,Yes,,,,1650,1000,Entry-Level NVMe,2242 FF
Lexar,NM520,x2 PCIe 3.0/NVMe,M.2,512GB,,,No,Yes,,,,1650,1000,Entry-Level NVMe,2242 FF
Lexar,NM600,x4 PCIe 3.0/NVMe,M.2,240GB,SMI SM2263XT,"Dual-core, 4-ch, 4-CE/ch",No,Yes,Micron,TLC,64,2100,1600,Entry-Level NVMe,
Lexar,NM600,x4 PCIe 3.0/NVMe,M.2,480GB,SMI SM2263XT,"Dual-core, 4-ch, 4-CE/ch",No,Yes,Micron,TLC,64,2100,1600,Entry-Level NVMe,
Lexar,NM610,x4 PCIe 3.0/NVMe,M.2,250GB,SMI SM2263XT,"Dual-core, 4-ch, 4-CE/ch",No,Yes,Micron,TLC,64,2100,1600,Entry-Level NVMe,
Lexar,NM610,x4 PCIe 3.0/NVMe,M.2,500GB,SMI SM2263XT,"Dual-core, 4-ch, 4-CE/ch",No,Yes,Micron,TLC,64,2100,1600,Entry-Level NVMe,
Lexar,NM610,x4 PCIe 3.0/NVMe,M.2,1000GB,SMI SM2263XT,"Dual-core, 4-ch, 4-CE/ch",No,Yes,Micron,TLC,64,2100,1600,Entry-Level NVMe,
Lexar,NM610,x4 PCIe 3.0/NVMe,M.2,1TB,SMI SM2263XT,"Dual-core, 4-ch, 4-CE/ch",No,Yes,Micron,TLC,64,2100,1600,Entry-Level NVMe,
Lexar,NM610 Pro,x4 PCIe 3.0/NVMe,M.2,500GB,Maxio MAP1202,"Dual R5, 4x4",No,Yes,,TLC,,3300,2600,Entry-Level NVMe,
Lexar,NM610 Pro,x4 PCIe 3.0/NVMe,M.2,1000GB,Maxio MAP1202,"Dual R5, 4x4",No,Yes,,TLC,,3300,2600,Entry-Level NVMe,
Lexar,NM610 Pro,x4 PCIe 3.0/NVMe,M.2,2000GB,Maxio MAP1202,"Dual R5, 4x4",No,Yes,,TLC,,3300,2600,Entry-Level NVMe,
Lexar,NM610 Pro,x4 PCIe 3.0/NVMe,M.2,2TB,Maxio MAP1202,"Dual R5, 4x4",No,Yes,,TLC,,3300,2600,Entry-Level NVMe,
Lexar,NM620,x4 PCIe 3.0/NVMe,M.2,256GB,Innogrit IG5216,"Dual-core, 4x4",No,Yes,Micron,TLC,96,3300,3000,Entry-Level NVMe,"Updated: 176L TLC, MAP1202 possible"
Lexar,NM620,x4 PCIe 3.0/NVMe,M.2,512GB,Innogrit IG5216,"Dual-core, 4x4",No,Yes,Micron,TLC,96,3300,3000,Entry-Level NVMe,"Updated: 176L TLC, MAP1202 possible"
Lexar,NM620,x4 PCIe 3.0/NVMe,M.2,1TB,Innogrit IG5216,"Dual-core, 4x4",No,Yes,Micron,TLC,96,3300,3000,Entry-Level NVMe,"Updated: 176L TLC, MAP1202 possible"
Lexar,NM700,x4 PCIe 3.0/NVMe,M.2,256GB,Marvell 88SS1092,"Tri-core, 8-ch, 8-CE/ch",Yes,N/A,Kioxia,TLC,96,3500,2000,Mid-Range NVMe,
Lexar,NM700,x4 PCIe 3.0/NVMe,M.2,512GB,Marvell 88SS1092,"Tri-core, 8-ch, 8-CE/ch",Yes,N/A,Kioxia,TLC,96,3500,2000,Mid-Range NVMe,
Lexar,NM700,x4 PCIe 3.0/NVMe,M.2,1TB,Marvell 88SS1092,"Tri-core, 8-ch, 8-CE/ch",Yes,N/A,Kioxia,TLC,96,3500,2000,Mid-Range NVMe,
Lexar,NM710,x4 PCIe 4.0/NVMe,M.2,500GB,Maxio MAP1602,"4-ch, 4-CE/ch",No,Yes,Micron,TLC,176,5000,4500,Mid-Range NVMe,YMTC TLC possible
Lexar,NM710,x4 PCIe 4.0/NVMe,M.2,1000GB,Maxio MAP1602,"4-ch, 4-CE/ch",No,Yes,Micron,TLC,176,5000,4500,Mid-Range NVMe,YMTC TLC possible
Lexar,NM710,x4 PCIe 4.0/NVMe,M.2,2000GB,Maxio MAP1602,"4-ch, 4-CE/ch",No,Yes,Micron,TLC,176,5000,4500,Mid-Range NVMe,YMTC TLC possible
Lexar,NM710,x4 PCIe 4.0/NVMe,M.2,2TB,Maxio MAP1602,"4-ch, 4-CE/ch",No,Yes,Micron,TLC,176,5000,4500,Mid-Range NVMe,YMTC TLC possible
Lexar,NM760,x4 PCIe 4.0/NVMe,M.2,512GB,SMI SM2269XT,"Dual-core R8, 4-ch",No,Yes,Micron,TLC,176,5300,4500,Mid-Range NVMe,
Lexar,NM760,x4 PCIe 4.0/NVMe,M.2,1TB,SMI SM2269XT,"Dual-core R8, 4-ch",No,Yes,Micron,TLC,176,5300,4500,Mid-Range NVMe,
Lexar,NM790,x4 PCIe 4.0/NVMe,M.2,512GB,Maxio MAP1602,"R5, 4x8",No,Yes,YMTC,TLC,232,7400,6500,,
Lexar,NM790,x4 PCIe 4.0/NVMe,M.2,1TB,Maxio MAP1602,"R5, 4x8",No,Yes,YMTC,TLC,232,7400,6500,,
Lexar,NM790,x4 PCIe 4.0/NVMe,M.2,2TB,Maxio MAP1602,"R5, 4x8",No,Yes,YMTC,TLC,232,7400,6500,,
Lexar,NM800 (NM800PRO),x4 PCIe 4.0/NVMe,M.2,512GB,InnoGrit IG5236,"Quad-core, 8-ch",Yes,N/A,Micron,TLC,176,7400,5800,High-End NVMe,
Lexar,NM800 (NM800PRO),x4 PCIe 4.0/NVMe,M.2,1TB,InnoGrit IG5236,"Quad-core, 8-ch",Yes,N/A,Micron,TLC,176,7400,5800,High-End NVMe,
Lexar,NM990,x4 PCIe 5.0/NVMe,M.2,1TB,,,,,,,,14000,11000,High-End NVMe,
Lexar,NM990,x4 PCIe 5.0/NVMe,M.2,2TB,,,,,,,,14000,11000,High-End NVMe,
Lexar,NM990,x4 PCIe 5.0/NVMe,M.2,4TB,,,,,,,,14000,11000,High-End NVMe,
Lexar,NM1090,x4 PCIe 5.0/NVMe,M.2,1TB,,,,,,,,14000,12000,High-End NVMe,
Lexar,NM1090,x4 PCIe 5.0/NVMe,M.2,2TB,,,,,,,,14000,12000,High-End NVMe,
Lexar,NM1090,x4 PCIe 5.0/NVMe,M.2,4TB,,,,,,,,14000,12000,High-End NVMe,
Lexar,NM1090 Pro,x4 PCIe 5.0/NVMe,M.2,1TB,SMI SM2508,,,,,,,14000,13000,High-End NVMe,
Lexar,NM1090 Pro,x4 PCIe 5.0/NVMe,M.2,2TB,SMI SM2508,,,,,,,14000,13000,High-End NVMe,
Lexar,NM1090 Pro,x4 PCIe 5.0/NVMe,M.2,4TB,SMI SM2508,,,,,,,14000,13000,High-End NVMe,
Lexar,NQ100,SATA/AHCI,"2.5""",240GB,Marvell 88NV1120,"Dual-core, 2-ch, 4-CE/ch",No,N/A,Micron,TLC,96,550,,Entry-Level SATA,
Lexar,NQ100,SATA/AHCI,"2.5""",480GB,Marvell 88NV1120,"Dual-core, 2-ch, 4-CE/ch",No,N/A,Micron,TLC,96,550,,Entry-Level SATA,
Lexar,NQ100,SATA/AHCI,"2.5""",960GB,Marvell 88NV1120,"Dual-core, 2-ch, 4-CE/ch",No,N/A,Micron,TLC,96,550,,Entry-Level SATA,
Lexar,NQ780,x4 PCIe 4.0/NVMe,M.2,1TB,,,,,,,,7000,6000,,
Lexar,NQ780,x4 PCIe 4.0/NVMe,M.2,2TB,,,,,,,,7000,6000,,
Lexar,NQ780,x4 PCIe 4.0/NVMe,M.2,4TB,,,,,,,,7000,6000,,
Lexar,NQ790,x4 PCIe 4.0/NVMe,M.2,500GB,Maxio MAP1602,"R5, 4x8",No,Yes,YMTC,QLC,232,7000,6000,Mid-Range NVMe,
Lexar,NQ790,x4 PCIe 4.0/NVMe,M.2,1000GB,Maxio MAP1602,"R5, 4x8",No,Yes,YMTC,QLC,232,7000,6000,Mid-Range NVMe,
Lexar,NQ790,x4 PCIe 4.0/NVMe,M.2,2000GB,Maxio MAP1602,"R5, 4x8",No,Yes,YMTC,QLC,232,7000,6000,Mid-Range NVMe,
Lexar,NQ790,x4 PCIe 4.0/NVMe,M.2,2TB,Maxio MAP1602,"R5, 4x8",No,Yes,YMTC,QLC,232,7000,6000,Mid-Range NVMe,
Lexar,PLAY 2230,x4 PCIe 4.0/NVMe,M.2,1TB,SMI SM2269XT,,No,Yes,,TLC,,5200,4700,,
Lexar,PLAY 2280,x4 PCIe 4.0/NVMe,M.2,1TB,Maxio MAP1602,,No,Yes,,,,,,,
Lexar,PLAY 2280,x4 PCIe 4.0/NVMe,M.2,2TB,Maxio MAP1602,,No,Yes,,,,,,,
Lexar,PLAY 2280,x4 PCIe 4.0/NVMe,M.2,4TB,Maxio MAP1602,,No,Yes,,,,,,,
Lexar,PLAY 2280,x4 PCIe 4.0/NVMe,M.2,8TB,Maxio MAP1602,,No,Yes,,,,,,,
Lexar,SL100 Pro,USB 3.2 Gen 2x1,USB-C,250GB,Marvell 88NV1160,"Dual-core, 4-ch, 4-CE/chj",No,Yes,Unknown,TLC,64,950,900,Entry-Level NVMe,Portable
Lexar,SL100 Pro,USB 3.2 Gen 2x1,USB-C,500GB,Marvell 88NV1160,"Dual-core, 4-ch, 4-CE/chj",No,Yes,Unknown,TLC,64,950,900,Entry-Level NVMe,Portable
Lexar,SL100 Pro,USB 3.2 Gen 2x1,USB-C,1000GB,Marvell 88NV1160,"Dual-core, 4-ch, 4-CE/chj",No,Yes,Unknown,TLC,64,950,900,Entry-Level NVMe,Portable
Lexar,SL100 Pro,USB 3.2 Gen 2x1,USB-C,1TB,Marvell 88NV1160,"Dual-core, 4-ch, 4-CE/chj",No,Yes,Unknown,TLC,64,950,900,Entry-Level NVMe,Portable
Lexar,SL200,USB 3.2 Gen 2x1,USB-C,512GB,Marvell 88NV1120,"Dual-core, 2-ch, 4-CE/ch",No,N/A,Micron,TLC,64,550,400,Entry-Level SATA,Portable
Lexar,SL200,USB 3.2 Gen 2x1,USB-C,1TB,Marvell 88NV1120,"Dual-core, 2-ch, 4-CE/ch",No,N/A,Micron,TLC,64,550,400,Entry-Level SATA,Portable
Lexar,SL200,USB 3.2 Gen 2x1,USB-C,2TB,Marvell 88NV1120,"Dual-core, 2-ch, 4-CE/ch",No,N/A,Micron,TLC,64,550,400,Entry-Level SATA,Portable
Lexar,SL660 Blaze,USB 3.2 Gen 2x2,USB-C,512GB,SMI SM2320,Hybrid,No,N/A,Micron,TLC,96,2000,1900,Entry-Level NVMe,Portable
Lexar,SL660 Blaze,USB 3.2 Gen 2x2,USB-C,1TB,SMI SM2320,Hybrid,No,N/A,Micron,TLC,96,2000,1900,Entry-Level NVMe,Portable
Maxtor,Z1,SATA/AHCI,"2.5""",240GB,Phison S11,"Single-core, 2-ch, 8-CE/ch",No,N/A,Kioxia,TLC,64,540,475,Entry-Level SATA,
Maxtor,Z1,SATA/AHCI,"2.5""",480GB,Phison S11,"Single-core, 2-ch, 8-CE/ch",No,N/A,Kioxia,TLC,64,540,475,Entry-Level SATA,
Maxtor,Z1,SATA/AHCI,"2.5""",960GB,Phison S11,"Single-core, 2-ch, 8-CE/ch",No,N/A,Kioxia,TLC,64,540,475,Entry-Level SATA,
MDSSD,BPX Pro,x4 PCIe 3.0/NVMe,M.2,240GB,Phison E12S,"Dual R5 + CoX, 8-ch, 4-CE/ch",Yes,No,Kioxia,TLC,64,3400,3100,Mid-Range NVMe,
MDSSD,BPX Pro,x4 PCIe 3.0/NVMe,M.2,480GB,Phison E12S,"Dual R5 + CoX, 8-ch, 4-CE/ch",Yes,No,Kioxia,TLC,64,3400,3100,Mid-Range NVMe,
MDSSD,BPX Pro,x4 PCIe 3.0/NVMe,M.2,960GB,Phison E12S,"Dual R5 + CoX, 8-ch, 4-CE/ch",Yes,No,Kioxia,TLC,64,3400,3100,Mid-Range NVMe,
MDSSD,SBX,x2 PCIe 3.0/NVMe,M.2,128GB,Phison E8,"Dual-core, 4-ch, 8-CE/ch",Yes,No,Kioxia,TLC,64,1600,1300,Entry-Level NVMe,
MDSSD,SBX,x2 PCIe 3.0/NVMe,M.2,256GB,Phison E8,"Dual-core, 4-ch, 8-CE/ch",Yes,No,Kioxia,TLC,64,1600,1300,Entry-Level NVMe,
MDSSD,SBX,x2 PCIe 3.0/NVMe,M.2,512GB,Phison E8,"Dual-core, 4-ch, 8-CE/ch",Yes,No,Kioxia,TLC,64,1600,1300,Entry-Level NVMe,
MDSSD,SBX,x2 PCIe 3.0/NVMe,M.2,1TB,Phison E8,"Dual-core, 4-ch, 8-CE/ch",Yes,No,Kioxia,TLC,64,1600,1300,Entry-Level NVMe,
MDSSD,SBXe,x2 PCIe 3.0/NVMe,M.2,120GB,Phison E8T,"Dual-core, 4-ch, 8-CE/ch",No,Yes,Kioxia,TLC,64,1600,1000,Entry-Level NVMe,2242 & 2280
MDSSD,SBXe,x2 PCIe 3.0/NVMe,M.2,240GB,Phison E8T,"Dual-core, 4-ch, 8-CE/ch",No,Yes,Kioxia,TLC,64,1600,1000,Entry-Level NVMe,2242 & 2280
MDSSD,SBXe,x2 PCIe 3.0/NVMe,M.2,480GB,Phison E8T,"Dual-core, 4-ch, 8-CE/ch",No,Yes,Kioxia,TLC,64,1600,1000,Entry-Level NVMe,2242 & 2280
MDSSD,SBXe (2nd Gen),x4 PCIe 3.0/NVMe,M.2,120GB,Phison E13T,"Single-core, 4-ch, 8-CE/ch",No,Yes,Kioxia,TLC,64,2500,2100,Entry-Level NVMe,
MDSSD,SBXe (2nd Gen),x4 PCIe 3.0/NVMe,M.2,240GB,Phison E13T,"Single-core, 4-ch, 8-CE/ch",No,Yes,Kioxia,TLC,64,2500,2100,Entry-Level NVMe,
MDSSD,SBXe (2nd Gen),x4 PCIe 3.0/NVMe,M.2,480GB,Phison E13T,"Single-core, 4-ch, 8-CE/ch",No,Yes,Kioxia,TLC,64,2500,2100,Entry-Level NVMe,
MDSSD,SBXe (2nd Gen),x4 PCIe 3.0/NVMe,M.2,960GB,Phison E13T,"Single-core, 4-ch, 8-CE/ch",No,Yes,Kioxia,TLC,64,2500,2100,Entry-Level NVMe,
Micron,1100,SATA/AHCI,"2.5"" & M.2 (1TB)",275GB,Marvell 88SS1074,"Dual-core, 4-ch, 8-CE/ch",Yes,N/A,Micron,TLC,32,530,500,Mid-Range SATA,
Micron,1100,SATA/AHCI,"2.5"" & M.2 (1TB)",550GB,Marvell 88SS1074,"Dual-core, 4-ch, 8-CE/ch",Yes,N/A,Micron,TLC,32,530,500,Mid-Range SATA,
Micron,1100,SATA/AHCI,"2.5"" & M.2 (1TB)",1100GB,Marvell 88SS1074,"Dual-core, 4-ch, 8-CE/ch",Yes,N/A,Micron,TLC,32,530,500,Mid-Range SATA,
Micron,1100,SATA/AHCI,"2.5"" & M.2 (1TB)",2TB,Marvell 88SS1074,"Dual-core, 4-ch, 8-CE/ch",Yes,N/A,Micron,TLC,32,530,500,Mid-Range SATA,
Micron,1300,SATA/AHCI,"2.5"" & M.2 (1TB)",256GB,Marvell 88SS1074,"Dual-core, 4-ch, 8-CE/ch",Yes,N/A,Micron,TLC,96,530,520,High-End SATA,
Micron,1300,SATA/AHCI,"2.5"" & M.2 (1TB)",512GB,Marvell 88SS1074,"Dual-core, 4-ch, 8-CE/ch",Yes,N/A,Micron,TLC,96,530,520,High-End SATA,
Micron,1300,SATA/AHCI,"2.5"" & M.2 (1TB)",1TB,Marvell 88SS1074,"Dual-core, 4-ch, 8-CE/ch",Yes,N/A,Micron,TLC,96,530,520,High-End SATA,
Micron,1300,SATA/AHCI,"2.5"" & M.2 (1TB)",2TB,Marvell 88SS1074,"Dual-core, 4-ch, 8-CE/ch",Yes,N/A,Micron,TLC,96,530,520,High-End SATA,
Micron,2400,x4 PCIe 4.0/NVMe,M.2,,SMI SM2269XT,"Dual R5, 4x4",No,Yes,Micron,QLC,176,176,,,"2230, 2242, 2280"
MSI,M370,x4 PCIe 3.0/NVMe,M.2,256GB,Phison E13T,"Single-core, 4-ch, 8-CE/ch",No,Yes,Kioxia,TLC,96,2400,1850,Entry-Level NVMe,
MSI,M370,x4 PCIe 3.0/NVMe,M.2,512GB,Phison E13T,"Single-core, 4-ch, 8-CE/ch",No,Yes,Kioxia,TLC,96,2400,1850,Entry-Level NVMe,
MSI,M370,x4 PCIe 3.0/NVMe,M.2,1TB,Phison E13T,"Single-core, 4-ch, 8-CE/ch",No,Yes,Kioxia,TLC,96,2400,1850,Entry-Level NVMe,
MSI,M370,x4 PCIe 3.0/NVMe,M.2,2TB,Phison E13T,"Single-core, 4-ch, 8-CE/ch",No,Yes,Kioxia,TLC,96,2400,1850,Entry-Level NVMe,
MSI,M371,x4 PCIe 3.0/NVMe,M.2,500GB,Phison E13T,"Single-core, 4-ch, 8-CE/ch",No,Yes,Intel,QLC,96,2000,1800,Entry-Level NVMe,
MSI,M371,x4 PCIe 3.0/NVMe,M.2,1000GB,Phison E13T,"Single-core, 4-ch, 8-CE/ch",No,Yes,Intel,QLC,96,2000,1800,Entry-Level NVMe,
MSI,M371,x4 PCIe 3.0/NVMe,M.2,2000GB,Phison E13T,"Single-core, 4-ch, 8-CE/ch",No,Yes,Intel,QLC,96,2000,1800,Entry-Level NVMe,
MSI,M371,x4 PCIe 3.0/NVMe,M.2,2TB,Phison E13T,"Single-core, 4-ch, 8-CE/ch",No,Yes,Intel,QLC,96,2000,1800,Entry-Level NVMe,
MSI,M372,x4 PCIe 3.0/NVMe,M.2,256GB,Phison E13T,"Single-core, 4-ch, 8-CE/ch",No,Yes,,,,2400,2000,Entry-Level NVMe,
MSI,M372,x4 PCIe 3.0/NVMe,M.2,512GB,Phison E13T,"Single-core, 4-ch, 8-CE/ch",No,Yes,,,,2400,2000,Entry-Level NVMe,
MSI,M372,x4 PCIe 3.0/NVMe,M.2,1TB,Phison E13T,"Single-core, 4-ch, 8-CE/ch",No,Yes,,,,2400,2000,Entry-Level NVMe,
MSI,M390,x4 PCIe 3.0/NVMe,M.2,500GB,Phison E15T,"Single-core R5 + CoX, 4-ch, 8-CE/ch",No,Yes,Micron,TLC,176,3300,3000,Entry-Level NVMe,
MSI,M390,x4 PCIe 3.0/NVMe,M.2,1000GB,Phison E15T,"Single-core R5 + CoX, 4-ch, 8-CE/ch",No,Yes,Micron,TLC,176,3300,3000,Entry-Level NVMe,
MSI,M390,x4 PCIe 3.0/NVMe,M.2,1TB,Phison E15T,"Single-core R5 + CoX, 4-ch, 8-CE/ch",No,Yes,Micron,TLC,176,3300,3000,Entry-Level NVMe,
MSI,M450,x4 PCIe 4.0/NVMe,M.2,250GB,Phison E19T,"Single R5 + CoX, 4-ch, 8-CE/ch",No,Yes,Micron,TLC,96+,3600,3000,Entry-Level NVMe,176L possible
MSI,M450,x4 PCIe 4.0/NVMe,M.2,500GB,Phison E19T,"Single R5 + CoX, 4-ch, 8-CE/ch",No,Yes,Micron,TLC,96+,3600,3000,Entry-Level NVMe,176L possible
MSI,M450,x4 PCIe 4.0/NVMe,M.2,1000GB,Phison E19T,"Single R5 + CoX, 4-ch, 8-CE/ch",No,Yes,Micron,TLC,96+,3600,3000,Entry-Level NVMe,176L possible
MSI,M450,x4 PCIe 4.0/NVMe,M.2,1TB,Phison E19T,"Single R5 + CoX, 4-ch, 8-CE/ch",No,Yes,Micron,TLC,96+,3600,3000,Entry-Level NVMe,176L possible
MSI,M452,x4 PCIe 4.0/NVMe,M.2,500GB,Phison E19T,"Single R5 + CoX, 4-ch, 8-CE/ch",No,Yes,,,,3500,2700,Entry-Level NVMe,
MSI,M452,x4 PCIe 4.0/NVMe,M.2,1000GB,Phison E19T,"Single R5 + CoX, 4-ch, 8-CE/ch",No,Yes,,,,3500,2700,Entry-Level NVMe,
MSI,M452,x4 PCIe 4.0/NVMe,M.2,2000GB,Phison E19T,"Single R5 + CoX, 4-ch, 8-CE/ch",No,Yes,,,,3500,2700,Entry-Level NVMe,
MSI,M452,x4 PCIe 4.0/NVMe,M.2,2TB,Phison E19T,"Single R5 + CoX, 4-ch, 8-CE/ch",No,Yes,,,,3500,2700,Entry-Level NVMe,
MSI,M453,x4 PCIe 4.0/NVMe,M.2,500GB,Phison E19T,"Single R5 + CoX, 4-ch, 8-CE/ch",No,Yes,,,,3600,2800,Entry-Level NVMe,
MSI,M453,x4 PCIe 4.0/NVMe,M.2,1000GB,Phison E19T,"Single R5 + CoX, 4-ch, 8-CE/ch",No,Yes,,,,3600,2800,Entry-Level NVMe,
MSI,M453,x4 PCIe 4.0/NVMe,M.2,2000GB,Phison E19T,"Single R5 + CoX, 4-ch, 8-CE/ch",No,Yes,,,,3600,2800,Entry-Level NVMe,
MSI,M453,x4 PCIe 4.0/NVMe,M.2,2TB,Phison E19T,"Single R5 + CoX, 4-ch, 8-CE/ch",No,Yes,,,,3600,2800,Entry-Level NVMe,
MSI,M461,x4 PCIe 4.0/NVMe,M.2,500GB,Phison E21T,"Single R5, 4-ch, 4-CE/ch",No,Yes,,,,5000,4200,Mid-Range NVMe,1TB+: QLC possible
MSI,M461,x4 PCIe 4.0/NVMe,M.2,1000GB,Phison E21T,"Single R5, 4-ch, 4-CE/ch",No,Yes,,,,5000,4200,Mid-Range NVMe,1TB+: QLC possible
MSI,M461,x4 PCIe 4.0/NVMe,M.2,2000GB,Phison E21T,"Single R5, 4-ch, 4-CE/ch",No,Yes,,,,5000,4200,Mid-Range NVMe,1TB+: QLC possible
MSI,M461,x4 PCIe 4.0/NVMe,M.2,4000GB,Phison E21T,"Single R5, 4-ch, 4-CE/ch",No,Yes,,,,5000,4200,Mid-Range NVMe,1TB+: QLC possible
MSI,M461,x4 PCIe 4.0/NVMe,M.2,4TB,Phison E21T,"Single R5, 4-ch, 4-CE/ch",No,Yes,,,,5000,4200,Mid-Range NVMe,1TB+: QLC possible
MSI,M470,x4 PCIe 4.0/NVMe,M.2,1TB,Phison E16,"Dual R5 + CoX, 8-ch, 4-CE/ch",Yes,No,Kioxia,TLC,96,5000,4400,Mid-Range NVMe,
MSI,M470,x4 PCIe 4.0/NVMe,M.2,2TB,Phison E16,"Dual R5 + CoX, 8-ch, 4-CE/ch",Yes,No,Kioxia,TLC,96,5000,4400,Mid-Range NVMe,
MSI,M471,x4 PCIe 4.0/NVMe,M.2,1TB,Phison E16,"Dual R5 + CoX, 8-ch, 4-CE/ch",Yes,No,Micron,QLC,96,4850,3600,Mid-Range NVMe,
MSI,M471,x4 PCIe 4.0/NVMe,M.2,2TB,Phison E16,"Dual R5 + CoX, 8-ch, 4-CE/ch",Yes,No,Micron,QLC,96,4850,3600,Mid-Range NVMe,
MSI,M480,x4 PCIe 4.0/NVMe,M.2,500GB,Phison E18,"Triple R5 + CoX, 8-ch, 4-CE/ch",Yes,N/A,Micron,TLC,96,7000,6850,High-End NVMe,Possible upgrade to 176
MSI,M480,x4 PCIe 4.0/NVMe,M.2,1000GB,Phison E18,"Triple R5 + CoX, 8-ch, 4-CE/ch",Yes,N/A,Micron,TLC,96,7000,6850,High-End NVMe,Possible upgrade to 176
MSI,M480,x4 PCIe 4.0/NVMe,M.2,2000GB,Phison E18,"Triple R5 + CoX, 8-ch, 4-CE/ch",Yes,N/A,Micron,TLC,96,7000,6850,High-End NVMe,Possible upgrade to 176
MSI,M480,x4 PCIe 4.0/NVMe,M.2,2TB,Phison E18,"Triple R5 + CoX, 8-ch, 4-CE/ch",Yes,N/A,Micron,TLC,96,7000,6850,High-End NVMe,Possible upgrade to 176
MSI,M480 PRO,x4 PCIe 4.0/NVMe,M.2,1TB,Phison E18,"Triple R5 + CoX, 8-ch, 4-CE/ch",Yes,N/A,Micron,TLC,176,7400,7000,High-End NVMe,"Pro HS w/HS, PRO PLAY for PS5, FROZR"
MSI,M480 PRO,x4 PCIe 4.0/NVMe,M.2,2TB,Phison E18,"Triple R5 + CoX, 8-ch, 4-CE/ch",Yes,N/A,Micron,TLC,176,7400,7000,High-End NVMe,"Pro HS w/HS, PRO PLAY for PS5, FROZR"
MSI,M480 PRO,x4 PCIe 4.0/NVMe,M.2,4TB,Phison E18,"Triple R5 + CoX, 8-ch, 4-CE/ch",Yes,N/A,Micron,TLC,176,7400,7000,High-End NVMe,"Pro HS w/HS, PRO PLAY for PS5, FROZR"
MSI,M482,x4 PCIe 4.0/NVMe,M.2,1TB,Phison E27T,"Single R5 + CoX, 4-CH, 4-CE/ch",No,Yes,Kioxia,TLC,162,7300,6400,,
MSI,M482,x4 PCIe 4.0/NVMe,M.2,2TB,Phison E27T,"Single R5 + CoX, 4-CH, 4-CE/ch",No,Yes,Kioxia,TLC,162,7300,6400,,
MSI,M560,x4 PCIe 5.0/NVMe,M.2,1TB,Phison E31T,"Single R5 + CoX, 4-CH, 4-CE/ch",No,Yes,,,,,,,
MSI,M560,x4 PCIe 5.0/NVMe,M.2,2TB,Phison E31T,"Single R5 + CoX, 4-CH, 4-CE/ch",No,Yes,,,,,,,
MSI,M570,x4 PCIe 5.0/NVMe,M.2,1TB,Phison E26,"Dual DC R5 + 3xCoX, 8-ch, 4-CE/ch",Yes,N/A,Micron,TLC,232,10000,10000,High-End NVMe,
MSI,M570,x4 PCIe 5.0/NVMe,M.2,2TB,Phison E26,"Dual DC R5 + 3xCoX, 8-ch, 4-CE/ch",Yes,N/A,Micron,TLC,232,10000,10000,High-End NVMe,
MSI,M570,x4 PCIe 5.0/NVMe,M.2,4TB,Phison E26,"Dual DC R5 + 3xCoX, 8-ch, 4-CE/ch",Yes,N/A,Micron,TLC,232,10000,10000,High-End NVMe,
MSI,M570 Pro,x4 PCIe 5.0/NVMe,M.2,1TB,Phison E26,"Dual DC R5 + 3xCoX, 8-ch, 4-CE/ch",Yes,N/A,Micron,TLC,232,12400,10000,High-End NVMe,
MSI,M570 Pro,x4 PCIe 5.0/NVMe,M.2,2TB,Phison E26,"Dual DC R5 + 3xCoX, 8-ch, 4-CE/ch",Yes,N/A,Micron,TLC,232,12400,10000,High-End NVMe,
MSI,M570 Pro,x4 PCIe 5.0/NVMe,M.2,4TB,Phison E26,"Dual DC R5 + 3xCoX, 8-ch, 4-CE/ch",Yes,N/A,Micron,TLC,232,12400,10000,High-End NVMe,
MSI,S270,SATA/AHCI,"2.5""",120GB,Phison S11,"Single-core, 2-ch, 8-CE/ch",No,N/A,,TLC,,500,450,Entry-Level SATA,
MSI,S270,SATA/AHCI,"2.5""",240GB,Phison S11,"Single-core, 2-ch, 8-CE/ch",No,N/A,,TLC,,500,450,Entry-Level SATA,
MSI,S270,SATA/AHCI,"2.5""",480GB,Phison S11,"Single-core, 2-ch, 8-CE/ch",No,N/A,,TLC,,500,450,Entry-Level SATA,
MSI,S270,SATA/AHCI,"2.5""",960GB,Phison S11,"Single-core, 2-ch, 8-CE/ch",No,N/A,,TLC,,500,450,Entry-Level SATA,
Mushkin,Alpha,x4 PCIe 3.0/NVMe,M.2,4TB,Phison E12S,"Dual R5 + CoX, 8-ch, 4-CE/ch",Yes,No,Micron,QLC,96,3300,3000,Mid-Range NVMe,
Mushkin,Alpha,x4 PCIe 3.0/NVMe,M.2,8TB,Phison E12S,"Dual R5 + CoX, 8-ch, 4-CE/ch",Yes,No,Micron,QLC,96,3300,3000,Mid-Range NVMe,
Mushkin,CarbonX,USB 3.2 Gen 2x1,USB-C,500GB,SMI SM2263XT,"Dual-core, 4-ch, 4-CE/ch",No,N/A,,,,1020,1000,Entry-Level NVMe,Portable
Mushkin,CarbonX,USB 3.2 Gen 2x1,USB-C,1000GB,SMI SM2263XT,"Dual-core, 4-ch, 4-CE/ch",No,N/A,,,,1020,1000,Entry-Level NVMe,Portable
Mushkin,CarbonX,USB 3.2 Gen 2x1,USB-C,2000GB,SMI SM2263XT,"Dual-core, 4-ch, 4-CE/ch",No,N/A,,,,1020,1000,Entry-Level NVMe,Portable
Mushkin,CarbonX,USB 3.2 Gen 2x1,USB-C,2TB,SMI SM2263XT,"Dual-core, 4-ch, 4-CE/ch",No,N/A,,,,1020,1000,Entry-Level NVMe,Portable
Mushkin,DELTA,x4 PCIe 4.0/NVMe,M.2,1TB,Phison E16,"Dual R5 + CoX, 8-ch, 4-CE/ch",Yes,No,,QLC,,4975,3975,Mid-Range NVMe,
Mushkin,DELTA,x4 PCIe 4.0/NVMe,M.2,2TB,Phison E16,"Dual R5 + CoX, 8-ch, 4-CE/ch",Yes,No,,QLC,,4975,3975,Mid-Range NVMe,
Mushkin,DELTA,x4 PCIe 4.0/NVMe,M.2,4TB,Phison E16,"Dual R5 + CoX, 8-ch, 4-CE/ch",Yes,No,,QLC,,4975,3975,Mid-Range NVMe,
Mushkin,EON,x4 PCIe 4.0/NVMe,M.2,500GB,SMI SM2267,"DC (28nm R5), 4-ch, 8-CE/ch",Yes,No,,,,4000,3000,,
Mushkin,EON,x4 PCIe 4.0/NVMe,M.2,1000GB,SMI SM2267,"DC (28nm R5), 4-ch, 8-CE/ch",Yes,No,,,,4000,3000,,
Mushkin,EON,x4 PCIe 4.0/NVMe,M.2,2000GB,SMI SM2267,"DC (28nm R5), 4-ch, 8-CE/ch",Yes,No,,,,4000,3000,,
Mushkin,EON,x4 PCIe 4.0/NVMe,M.2,4000GB,SMI SM2267,"DC (28nm R5), 4-ch, 8-CE/ch",Yes,No,,,,4000,3000,,
Mushkin,EON,x4 PCIe 4.0/NVMe,M.2,4TB,SMI SM2267,"DC (28nm R5), 4-ch, 8-CE/ch",Yes,No,,,,4000,3000,,
Mushkin,EON Pro,x4 PCIe 4.0/NVMe,M.2,Up to 16TB,SMI SM2264,"QC (12nm R8), 8-ch, 8-CE/ch",Yes,No,,,,6400,3900,,
Mushkin,Epsilon,,,,Phison E26,"Dual DC R5 + 3xCoX, 8-ch, 4-CE/ch",Yes,No,Micron,TLC,,,,High-End NVMe,
Mushkin,GAMMA,x4 PCIe 4.0/NVMe,M.2,1TB,Phison E18,"Triple R5 + CoX, 8-ch, 4-CE/ch",Yes,N/A,Micron,TLC,96,7175,6800,High-End NVMe,
Mushkin,GAMMA,x4 PCIe 4.0/NVMe,M.2,2TB,Phison E18,"Triple R5 + CoX, 8-ch, 4-CE/ch",Yes,N/A,Micron,TLC,96,7175,6800,High-End NVMe,
Mushkin,GAMMA,x4 PCIe 4.0/NVMe,M.2,4TB,Phison E18,"Triple R5 + CoX, 8-ch, 4-CE/ch",Yes,N/A,Micron,TLC,96,7175,6800,High-End NVMe,
Mushkin,Helix-L,x4 PCIe 3.0/NVMe,M.2,250GB,SMI SM2263XT,"Dual-core, 4-ch, 4-CE/ch",No,Yes,Micron,TLC,64,2110,1700,Entry-Level NVMe,
Mushkin,Helix-L,x4 PCIe 3.0/NVMe,M.2,500GB,SMI SM2263XT,"Dual-core, 4-ch, 4-CE/ch",No,Yes,Micron,TLC,64,2110,1700,Entry-Level NVMe,
Mushkin,Helix-L,x4 PCIe 3.0/NVMe,M.2,1000GB,SMI SM2263XT,"Dual-core, 4-ch, 4-CE/ch",No,Yes,Micron,TLC,64,2110,1700,Entry-Level NVMe,
Mushkin,Helix-L,x4 PCIe 3.0/NVMe,M.2,1TB,SMI SM2263XT,"Dual-core, 4-ch, 4-CE/ch",No,Yes,Micron,TLC,64,2110,1700,Entry-Level NVMe,
Mushkin,Helix-LT,x4 PCIe 3.0/NVMe,M.2,500GB,SMI SM2263XT,"Dual-core, 4-ch, 4-CE/ch",No,Yes,Intel,QLC,,2100,850,Garbage,
Mushkin,Pilot,x4 PCIe 3.0/NVMe,M.2,120GB,SMI SM2262,"Dual-core, 8-ch, 4-CE/ch",Yes,No,Micron,TLC,64,2710,1775,Mid-Range NVMe,
Mushkin,Pilot,x4 PCIe 3.0/NVMe,M.2,240GB,SMI SM2262,"Dual-core, 8-ch, 4-CE/ch",Yes,No,Micron,TLC,64,2710,1775,Mid-Range NVMe,
Mushkin,Pilot,x4 PCIe 3.0/NVMe,M.2,480GB,SMI SM2262,"Dual-core, 8-ch, 4-CE/ch",Yes,No,Micron,TLC,64,2710,1775,Mid-Range NVMe,
Mushkin,Pilot,x4 PCIe 3.0/NVMe,M.2,960GB,SMI SM2262,"Dual-core, 8-ch, 4-CE/ch",Yes,No,Micron,TLC,64,2710,1775,Mid-Range NVMe,
Mushkin,Pilot,x4 PCIe 3.0/NVMe,M.2,1920GB,SMI SM2262,"Dual-core, 8-ch, 4-CE/ch",Yes,No,Micron,TLC,64,2710,1775,Mid-Range NVMe,
Mushkin,Pilot,x4 PCIe 3.0/NVMe,M.2,2TB,SMI SM2262,"Dual-core, 8-ch, 4-CE/ch",Yes,No,Micron,TLC,64,2710,1775,Mid-Range NVMe,
Mushkin,Pilot-E,x4 PCIe 3.0/NVMe,M.2,500GB,SMI SM2262EN,"Dual-core, 8-ch, 4-CE/ch",Yes,No,Micron,TLC,96,3500,3100,Mid-Range NVMe,3-yr
Mushkin,Pilot-E,x4 PCIe 3.0/NVMe,M.2,1000GB,SMI SM2262EN,"Dual-core, 8-ch, 4-CE/ch",Yes,No,Micron,TLC,96,3500,3100,Mid-Range NVMe,3-yr
Mushkin,Pilot-E,x4 PCIe 3.0/NVMe,M.2,2000GB,SMI SM2262EN,"Dual-core, 8-ch, 4-CE/ch",Yes,No,Micron,TLC,96,3500,3100,Mid-Range NVMe,3-yr
Mushkin,Pilot-E,x4 PCIe 3.0/NVMe,M.2,2TB,SMI SM2262EN,"Dual-core, 8-ch, 4-CE/ch",Yes,No,Micron,TLC,96,3500,3100,Mid-Range NVMe,3-yr
Mushkin,Raw,SATA/AHCI,"2.5""",240GB,SMI SM2259XT,"Single-core, 4-ch, 4-CE/ch",No,N/A,Micron,TLC,96,560,510,Entry-Level SATA,
Mushkin,Raw,SATA/AHCI,"2.5""",480GB,SMI SM2259XT,"Single-core, 4-ch, 4-CE/ch",No,N/A,Micron,TLC,96,560,510,Entry-Level SATA,
Mushkin,Raw,SATA/AHCI,"2.5""",960GB,SMI SM2259XT,"Single-core, 4-ch, 4-CE/ch",No,N/A,Micron,TLC,96,560,510,Entry-Level SATA,
Mushkin,Raw,SATA/AHCI,"2.5""",1TB,SMI SM2259XT,"Single-core, 4-ch, 4-CE/ch",No,N/A,Micron,TLC,96,560,510,Entry-Level SATA,
Mushkin,Redline Vortex,x4 PCIe 4.0/NVMe,M.2,512GB,Innogrit IG5236,"Quad-core, 8-ch, 4-CE/ch",Yes,N/A,Micron,TLC,176,7415,6800,High-End NVMe,
Mushkin,Redline Vortex,x4 PCIe 4.0/NVMe,M.2,1TB,Innogrit IG5236,"Quad-core, 8-ch, 4-CE/ch",Yes,N/A,Micron,TLC,176,7415,6800,High-End NVMe,
Mushkin,Redline Vortex,x4 PCIe 4.0/NVMe,M.2,2TB,Innogrit IG5236,"Quad-core, 8-ch, 4-CE/ch",Yes,N/A,Micron,TLC,176,7415,6800,High-End NVMe,
Mushkin,Reactor,SATA/AHCI,"2.5""",250GB,SMI SM2246EN,"Single-core, 4-ch, 8-CE/ch",Yes,N/A,Micron,MLC,N/A,560,460,Mid-Range SATA,
Mushkin,Reactor,SATA/AHCI,"2.5""",500GB,SMI SM2246EN,"Single-core, 4-ch, 8-CE/ch",Yes,N/A,Micron,MLC,N/A,560,460,Mid-Range SATA,
Mushkin,Reactor,SATA/AHCI,"2.5""",1000GB,SMI SM2246EN,"Single-core, 4-ch, 8-CE/ch",Yes,N/A,Micron,MLC,N/A,560,460,Mid-Range SATA,
Mushkin,Reactor,SATA/AHCI,"2.5""",1TB,SMI SM2246EN,"Single-core, 4-ch, 8-CE/ch",Yes,N/A,Micron,MLC,N/A,560,460,Mid-Range SATA,
Mushkin,Reactor LT,SATA/AHCI,"2.5""",250GB,SMI SM2246EN,"Single-core, 4-ch, 8-CE/ch",Yes,N/A,Micron,MLC,N/A,560,305,Mid-Range SATA,"""Light"" variant of the Reactor"
Mushkin,Reactor LT,SATA/AHCI,"2.5""",500GB,SMI SM2246EN,"Single-core, 4-ch, 8-CE/ch",Yes,N/A,Micron,MLC,N/A,560,305,Mid-Range SATA,"""Light"" variant of the Reactor"
Mushkin,Source,SATA/AHCI,"2.5"" & M.2 (1TB)",250GB,SMI SM2258XT,"Single-core, 4-ch, 4-CE/ch",No,N/A,Micron,TLC,64,560,520,Entry-Level SATA,"HC, SED, DCX variants"
Mushkin,Source,SATA/AHCI,"2.5"" & M.2 (1TB)",500GB,SMI SM2258XT,"Single-core, 4-ch, 4-CE/ch",No,N/A,Micron,TLC,64,560,520,Entry-Level SATA,"HC, SED, DCX variants"
Mushkin,Source,SATA/AHCI,"2.5"" & M.2 (1TB)",1000GB,SMI SM2258XT,"Single-core, 4-ch, 4-CE/ch",No,N/A,Micron,TLC,64,560,520,Entry-Level SATA,"HC, SED, DCX variants"
Mushkin,Source,SATA/AHCI,"2.5"" & M.2 (1TB)",2000GB,SMI SM2258XT,"Single-core, 4-ch, 4-CE/ch",No,N/A,Micron,TLC,64,560,520,Entry-Level SATA,"HC, SED, DCX variants"
Mushkin,Source,SATA/AHCI,"2.5"" & M.2 (1TB)",2TB,SMI SM2258XT,"Single-core, 4-ch, 4-CE/ch",No,N/A,Micron,TLC,64,560,520,Entry-Level SATA,"HC, SED, DCX variants"
Mushkin,Source II,SATA/AHCI,"2.5"" & M.2 (1TB)",250GB,SMI SM2259XT,"Single-core, 4-ch, 4-CE/ch",No,N/A,Micron,TLC,96,560,515,Entry-Level SATA,
Mushkin,Source II,SATA/AHCI,"2.5"" & M.2 (1TB)",500GB,SMI SM2259XT,"Single-core, 4-ch, 4-CE/ch",No,N/A,Micron,TLC,96,560,515,Entry-Level SATA,
Mushkin,Source II,SATA/AHCI,"2.5"" & M.2 (1TB)",1000GB,SMI SM2259XT,"Single-core, 4-ch, 4-CE/ch",No,N/A,Micron,TLC,96,560,515,Entry-Level SATA,
Mushkin,Source II,SATA/AHCI,"2.5"" & M.2 (1TB)",2000GB,SMI SM2259XT,"Single-core, 4-ch, 4-CE/ch",No,N/A,Micron,TLC,96,560,515,Entry-Level SATA,
Mushkin,Source II,SATA/AHCI,"2.5"" & M.2 (1TB)",2TB,SMI SM2259XT,"Single-core, 4-ch, 4-CE/ch",No,N/A,Micron,TLC,96,560,515,Entry-Level SATA,
Mushkin,Source Q,USB 3.2 Gen 2x1,USB-C,500GB,SMI SM2259XT,"Single-core, 4-ch, 4-CE/ch",No,N/A,Intel,QLC,64,560,515,Entry-Level SATA,Portable
Mushkin,Source Q,USB 3.2 Gen 2x1,USB-C,1000GB,SMI SM2259XT,"Single-core, 4-ch, 4-CE/ch",No,N/A,Intel,QLC,64,560,515,Entry-Level SATA,Portable
Mushkin,Source Q,USB 3.2 Gen 2x1,USB-C,2000GB,SMI SM2259XT,"Single-core, 4-ch, 4-CE/ch",No,N/A,Intel,QLC,64,560,515,Entry-Level SATA,Portable
Mushkin,Source Q,USB 3.2 Gen 2x1,USB-C,2TB,SMI SM2259XT,"Single-core, 4-ch, 4-CE/ch",No,N/A,Intel,QLC,64,560,515,Entry-Level SATA,Portable
Mushkin,Tempest,x4 PCIe 3.0/NVMe,M.2,256GB,InnoGrit IG5216,"Dual-core, 4x4",No,Yes,,TLC,96+,3300,2900,Entry-Level NVMe,
Mushkin,Tempest,x4 PCIe 3.0/NVMe,M.2,512GB,InnoGrit IG5216,"Dual-core, 4x4",No,Yes,,TLC,96+,3300,2900,Entry-Level NVMe,
Mushkin,Tempest,x4 PCIe 3.0/NVMe,M.2,1TB,InnoGrit IG5216,"Dual-core, 4x4",No,Yes,,TLC,96+,3300,2900,Entry-Level NVMe,
Mushkin,Tempest,x4 PCIe 3.0/NVMe,M.2,2TB,InnoGrit IG5216,"Dual-core, 4x4",No,Yes,,TLC,96+,3300,2900,Entry-Level NVMe,
Mushkin,Triactor 3DL,SATA/AHCI,"2.5""",80GB,SMI SM2258XT,"Single-core, 4-ch, 4-CE/ch",No,N/A,Micron,TLC,64,550,505,Entry-Level SATA,
Mushkin,Triactor 3DL,SATA/AHCI,"2.5""",160GB,SMI SM2258XT,"Single-core, 4-ch, 4-CE/ch",No,N/A,Micron,TLC,64,550,505,Entry-Level SATA,
Mushkin,Triactor 3DL,SATA/AHCI,"2.5""",320GB,SMI SM2258XT,"Single-core, 4-ch, 4-CE/ch",No,N/A,Micron,TLC,64,550,505,Entry-Level SATA,
Mushkin,Triactor 3DL,SATA/AHCI,"2.5""",640GB,SMI SM2258XT,"Single-core, 4-ch, 4-CE/ch",No,N/A,Micron,TLC,64,550,505,Entry-Level SATA,
Mushkin,Triactor 3DL,SATA/AHCI,"2.5""",1TB,SMI SM2258XT,"Single-core, 4-ch, 4-CE/ch",No,N/A,Micron,TLC,64,550,505,Entry-Level SATA,
Mushkin,Triactor 3DX,SATA/AHCI,"2.5""",120GB,SMI SM2258,"Single-core, 4-ch, 8-CE/ch",Yes,N/A,Micron,TLC,64,565,530,High-End SATA,
Mushkin,Triactor 3DX,SATA/AHCI,"2.5""",240GB,SMI SM2258,"Single-core, 4-ch, 8-CE/ch",Yes,N/A,Micron,TLC,64,565,530,High-End SATA,
Mushkin,Triactor 3DX,SATA/AHCI,"2.5""",480GB,SMI SM2258,"Single-core, 4-ch, 8-CE/ch",Yes,N/A,Micron,TLC,64,565,530,High-End SATA,
Mushkin,Triactor 3DX,SATA/AHCI,"2.5""",960GB,SMI SM2258,"Single-core, 4-ch, 8-CE/ch",Yes,N/A,Micron,TLC,64,565,530,High-End SATA,
Mushkin,Triactor 3DX,SATA/AHCI,"2.5""",1TB,SMI SM2258,"Single-core, 4-ch, 8-CE/ch",Yes,N/A,Micron,TLC,64,565,530,High-End SATA,
Mushkin,Vortex LX,x4 PCIe 4.0/NVMe,M.2,512GB,Innogrit IG5220,"Tri-core R5, 4x8",No,Yes,,TLC,,4985,4775,Mid-Range NVMe,QLC possible at higher caps?
Mushkin,Vortex LX,x4 PCIe 4.0/NVMe,M.2,1TB,Innogrit IG5220,"Tri-core R5, 4x8",No,Yes,,TLC,,4985,4775,Mid-Range NVMe,QLC possible at higher caps?
Mushkin,Vortex LX,x4 PCIe 4.0/NVMe,M.2,2TB,Innogrit IG5220,"Tri-core R5, 4x8",No,Yes,,TLC,,4985,4775,Mid-Range NVMe,QLC possible at higher caps?
Neo Forza,NFP400,x4 PCIe 4.0/NVMe,M.2,1TB,Innogrit IG5236,"Quad-core, 4-Ch, 8-CE/ch",Yes,N/A,YMTC,TLC,128,7400,6800,High-End NVMe,
Neo Forza,NFP400,x4 PCIe 4.0/NVMe,M.2,2TB,Innogrit IG5236,"Quad-core, 4-Ch, 8-CE/ch",Yes,N/A,YMTC,TLC,128,7400,6800,High-End NVMe,
Neo Forza,NFP400,x4 PCIe 4.0/NVMe,M.2,4TB,Innogrit IG5236,"Quad-core, 4-Ch, 8-CE/ch",Yes,N/A,YMTC,TLC,128,7400,6800,High-End NVMe,
Neo Forza,NFP455,x4 PCIe 5.0/NVMe,M.2,1TB,Phison E26,"Dual DC R5 + 3xCoX, 8-ch, 4-CE/ch",Yes,N/A,Micron,TLC,232,10000,10000,High-End NVMe,
Neo Forza,NFP455,x4 PCIe 5.0/NVMe,M.2,2TB,Phison E26,"Dual DC R5 + 3xCoX, 8-ch, 4-CE/ch",Yes,N/A,Micron,TLC,232,10000,10000,High-End NVMe,
Neo Forza,NFP495,x4 PCIe 4.0/NVMe,M.2,1TB,TenaFe TC2201,"Dual Cortex-M7, 4-ch, 4-CE/ch",No,Yes,YMTC,TLC,232,7200,6500,High-End NVMe,
Neo Forza,NFP495,x4 PCIe 4.0/NVMe,M.2,2TB,TenaFe TC2201,"Dual Cortex-M7, 4-ch, 4-CE/ch",No,Yes,YMTC,TLC,232,7200,6500,High-End NVMe,
Neo Forza,NFP495,x4 PCIe 4.0/NVMe,M.2,4TB,TenaFe TC2201,"Dual Cortex-M7, 4-ch, 4-CE/ch",No,Yes,YMTC,TLC,232,7200,6500,High-End NVMe,
Neo Forza,Zion NFS01,SATA/AHCI,"2.5""",120GB,SMI SM2258XT,"Single-core, 4-ch, 4-CE/ch",No,N/A,Micron,TLC,64,560,520,Entry-Level SATA,
Neo Forza,Zion NFS01,SATA/AHCI,"2.5""",240GB,SMI SM2258XT,"Single-core, 4-ch, 4-CE/ch",No,N/A,Micron,TLC,64,560,520,Entry-Level SATA,
Neo Forza,Zion NFS01,SATA/AHCI,"2.5""",480GB,SMI SM2258XT,"Single-core, 4-ch, 4-CE/ch",No,N/A,Micron,TLC,64,560,520,Entry-Level SATA,
Neo Forza,Zion NFS01,SATA/AHCI,"2.5""",960GB,SMI SM2258XT,"Single-core, 4-ch, 4-CE/ch",No,N/A,Micron,TLC,64,560,520,Entry-Level SATA,
Neo Forza,Zion NFS06,SATA/AHCI,"2.5""",120GB,SMI SM2258,"Single-core, 4-ch, 8-CE/ch",Yes,N/A,Micron,TLC,64,560,510,High-End SATA,
Neo Forza,Zion NFS06,SATA/AHCI,"2.5""",240GB,SMI SM2258,"Single-core, 4-ch, 8-CE/ch",Yes,N/A,Micron,TLC,64,560,510,High-End SATA,
Neo Forza,Zion NFS06,SATA/AHCI,"2.5""",480GB,SMI SM2258,"Single-core, 4-ch, 8-CE/ch",Yes,N/A,Micron,TLC,64,560,510,High-End SATA,
Netac,Extreme Portable,,,,,,,,,,,,,,
Netac,NV3000,x4 PCIe 3.0/NVMe,M.2,250GB,Realtek RTS5766DL,4-Ch,No,Yes,YMTC,TLC,64/96+,3500,2100,Entry-Level NVMe,
Netac,NV3000,x4 PCIe 3.0/NVMe,M.2,500GB,Realtek RTS5766DL,4-Ch,No,Yes,YMTC,TLC,64/96+,3500,2100,Entry-Level NVMe,
Netac,NV3000,x4 PCIe 3.0/NVMe,M.2,1000GB,Realtek RTS5766DL,4-Ch,No,Yes,YMTC,TLC,64/96+,3500,2100,Entry-Level NVMe,
Netac,NV3000,x4 PCIe 3.0/NVMe,M.2,1TB,Realtek RTS5766DL,4-Ch,No,Yes,YMTC,TLC,64/96+,3500,2100,Entry-Level NVMe,
Netac,NV5000,x4 PCIe 4.0/NVMe,M.2,500GB,Phison E16,"Dual R5 + CoX, 8-ch, 4-CE/ch",Yes,No,Kioxia,TLC,96,5000,4400,Mid-Range NVMe,
Netac,NV5000,x4 PCIe 4.0/NVMe,M.2,1000GB,Phison E16,"Dual R5 + CoX, 8-ch, 4-CE/ch",Yes,No,Kioxia,TLC,96,5000,4400,Mid-Range NVMe,
Netac,NV5000,x4 PCIe 4.0/NVMe,M.2,2000GB,Phison E16,"Dual R5 + CoX, 8-ch, 4-CE/ch",Yes,No,Kioxia,TLC,96,5000,4400,Mid-Range NVMe,
Netac,NV5000,x4 PCIe 4.0/NVMe,M.2,2TB,Phison E16,"Dual R5 + CoX, 8-ch, 4-CE/ch",Yes,No,Kioxia,TLC,96,5000,4400,Mid-Range NVMe,
Netac,NV5000-t,x4 PCIe 4.0/NVMe,M.2,500GB,TenaFe TC2200,"Dual M7, 4x4",No,Yes,YMTC,TLC,128,4800,4600,Mid-Range NVMe,
Netac,NV5000-t,x4 PCIe 4.0/NVMe,M.2,1000GB,TenaFe TC2200,"Dual M7, 4x4",No,Yes,YMTC,TLC,128,4800,4600,Mid-Range NVMe,
Netac,NV5000-t,x4 PCIe 4.0/NVMe,M.2,1TB,TenaFe TC2200,"Dual M7, 4x4",No,Yes,YMTC,TLC,128,4800,4600,Mid-Range NVMe,
Netac,NV7000,x4 PCIe 4.0/NVMe,M.2,1TB,Phison E18,"Triple R5 + CoX, 8-ch, 4-CE/ch",Yes,N/A,Micron,TLC,176,7200,6850,High-End NVMe,IG5236 at 1/2TB; Heatsink issue?
Netac,NV7000,x4 PCIe 4.0/NVMe,M.2,2TB,Phison E18,"Triple R5 + CoX, 8-ch, 4-CE/ch",Yes,N/A,Micron,TLC,176,7200,6850,High-End NVMe,IG5236 at 1/2TB; Heatsink issue?
Netac,NV7000,x4 PCIe 4.0/NVMe,M.2,4TB,Phison E18,"Triple R5 + CoX, 8-ch, 4-CE/ch",Yes,N/A,Micron,TLC,176,7200,6850,High-End NVMe,IG5236 at 1/2TB; Heatsink issue?
Netac,NV7000-t,x4 PCIe 4.0/NVMe,M.2,512GB,,,,,,,,7300,6700,,
Netac,NV7000-t,x4 PCIe 4.0/NVMe,M.2,1TB,,,,,,,,7300,6700,,
Netac,NV7000-t,x4 PCIe 4.0/NVMe,M.2,2TB,,,,,,,,7300,6700,,
Netac,NV7000-Q,x4 PCIe 4.0/NVMe,M.2,1TB,Maxio MAP1602,,No,Yes,YMTC,QLC,232,7100,6200,,
Netac,Portable,,,,,,,,,,,,,,
Netac,SA500,SATA/AHCI,"2.5""",120GB,SMI SM2259XT,"Single-core, 4-ch, 4-CE/ch",No,N/A,,TLC,,530,475,Entry-Level SATA,
Netac,SA500,SATA/AHCI,"2.5""",240GB,SMI SM2259XT,"Single-core, 4-ch, 4-CE/ch",No,N/A,,TLC,,530,475,Entry-Level SATA,
Netac,SA500,SATA/AHCI,"2.5""",480GB,SMI SM2259XT,"Single-core, 4-ch, 4-CE/ch",No,N/A,,TLC,,530,475,Entry-Level SATA,
Netac,SA500,SATA/AHCI,"2.5""",960GB,SMI SM2259XT,"Single-core, 4-ch, 4-CE/ch",No,N/A,,TLC,,530,475,Entry-Level SATA,
Netac,SA500,SATA/AHCI,"2.5""",1TB,SMI SM2259XT,"Single-core, 4-ch, 4-CE/ch",No,N/A,,TLC,,530,475,Entry-Level SATA,
Nextorage,G Series ME,x4 PCIe 4.0/NVMe,M.2,1TB,Phison E27T,,No,Yes,Kioxia,TLC,162,7400,6200,,M.2 2230
Nextorage,G Series ME,x4 PCIe 4.0/NVMe,M.2,2TB,Phison E27T,,No,Yes,Kioxia,TLC,162,7400,6200,,M.2 2230
Nextorage,NEM-PA,x4 PCIe 4.0/NVMe,M.2,1TB,Phison E18,"Triple R5 + CoX, 8-ch, 4-CE/ch",Yes,N/A,Micron,TLC,176,7000,6850,High-End NVMe,PS5; G Series
Nextorage,NEM-PA,x4 PCIe 4.0/NVMe,M.2,2TB,Phison E18,"Triple R5 + CoX, 8-ch, 4-CE/ch",Yes,N/A,Micron,TLC,176,7000,6850,High-End NVMe,PS5; G Series
Nextorage,NE5N,x4 PCIe 5.0/NVMe,M.2,1TB,Phison E26,"Dual DC R5 + 3xCoX, 8-ch, 4-CE/ch",Yes,N/A,Micron,TLC,232,,,High-End NVMe,
Nextorage,NE5N,x4 PCIe 5.0/NVMe,M.2,2TB,Phison E26,"Dual DC R5 + 3xCoX, 8-ch, 4-CE/ch",Yes,N/A,Micron,TLC,232,,,High-End NVMe,
Nextorage,NN5Pro,x4 PCIe 5.0/NVMe,M.2,1TB,Phison E26,"Dual DC R5 + 3xCoX, 8-ch, 4-CE/ch",Yes,N/A,Micron,TLC,232,12400,11800,High-End NVMe,
Nextorage,NN5Pro,x4 PCIe 5.0/NVMe,M.2,2TB,Phison E26,"Dual DC R5 + 3xCoX, 8-ch, 4-CE/ch",Yes,N/A,Micron,TLC,232,12400,11800,High-End NVMe,
Orico,GV100,USB 3.2 Gen 2x1,USB-C,128GB,SMI SM2263XT,"Dual-core, 4-ch, 4-CE/ch",No,Yes,Micron,TLC,64,940,940,Entry-Level NVMe,Portable
Orico,GV100,USB 3.2 Gen 2x1,USB-C,256GB,SMI SM2263XT,"Dual-core, 4-ch, 4-CE/ch",No,Yes,Micron,TLC,64,940,940,Entry-Level NVMe,Portable
Orico,GV100,USB 3.2 Gen 2x1,USB-C,512GB,SMI SM2263XT,"Dual-core, 4-ch, 4-CE/ch",No,Yes,Micron,TLC,64,940,940,Entry-Level NVMe,Portable
Orico,GV100,USB 3.2 Gen 2x1,USB-C,1TB,SMI SM2263XT,"Dual-core, 4-ch, 4-CE/ch",No,Yes,Micron,TLC,64,940,940,Entry-Level NVMe,Portable
Orico,V500,x4 PCIe 3.0/NVMe,M.2,128GB,SMI SM2263XT,"Dual-core, 4-ch, 4-CE/ch",No,Yes,Micron,TLC,64,2070,1668,Entry-Level NVMe,
Orico,V500,x4 PCIe 3.0/NVMe,M.2,256GB,SMI SM2263XT,"Dual-core, 4-ch, 4-CE/ch",No,Yes,Micron,TLC,64,2070,1668,Entry-Level NVMe,
Orico,V500,x4 PCIe 3.0/NVMe,M.2,512GB,SMI SM2263XT,"Dual-core, 4-ch, 4-CE/ch",No,Yes,Micron,TLC,64,2070,1668,Entry-Level NVMe,
Orico,V500,x4 PCIe 3.0/NVMe,M.2,1TB,SMI SM2263XT,"Dual-core, 4-ch, 4-CE/ch",No,Yes,Micron,TLC,64,2070,1668,Entry-Level NVMe,
Patriot,Burst,SATA/AHCI,"2.5""",120GB,Phison S11,"Single-core, 2-ch, 8-CE/ch",No,N/A,Kioxia,TLC,64,560,540,Entry-Level SATA,
Patriot,Burst,SATA/AHCI,"2.5""",240GB,Phison S11,"Single-core, 2-ch, 8-CE/ch",No,N/A,Kioxia,TLC,64,560,540,Entry-Level SATA,
Patriot,Burst,SATA/AHCI,"2.5""",480GB,Phison S11,"Single-core, 2-ch, 8-CE/ch",No,N/A,Kioxia,TLC,64,560,540,Entry-Level SATA,
Patriot,Burst,SATA/AHCI,"2.5""",960GB,Phison S11,"Single-core, 2-ch, 8-CE/ch",No,N/A,Kioxia,TLC,64,560,540,Entry-Level SATA,
Patriot,Burst Elite,SATA/AHCI,"2.5""",120GB,SMI SM2259XT,"Single-core, 4-ch, 4-CE/ch",No,N/A,Intel,QLC,64,450,450,Entry-Level SATA,TLC at smaller capacities
Patriot,Burst Elite,SATA/AHCI,"2.5""",1GB,SMI SM2259XT,"Single-core, 4-ch, 4-CE/ch",No,N/A,Intel,QLC,64,450,450,Entry-Level SATA,TLC at smaller capacities
Patriot,EVLVR 2,Thunderbolt 3,USB-C,Up to 2TB,Phison E12S,"Dual R5 + CoX, 8-ch, 4-CE/ch",Yes,No,Kioxia,TLC,64,2850,2600,Mid-Range NVMe,Portable
Patriot,P200,SATA/AHCI,"2.5""",256GB,SMI SM2258XT,"Single-core, 4-ch, 4-CE/ch",No,N/A,Micron,TLC,64,530,460,Entry-Level SATA,2TB SKU uses MAS0902A
Patriot,P200,SATA/AHCI,"2.5""",512GB,SMI SM2258XT,"Single-core, 4-ch, 4-CE/ch",No,N/A,Micron,TLC,64,530,460,Entry-Level SATA,2TB SKU uses MAS0902A
Patriot,P200,SATA/AHCI,"2.5""",1TB,SMI SM2258XT,"Single-core, 4-ch, 4-CE/ch",No,N/A,Micron,TLC,64,530,460,Entry-Level SATA,2TB SKU uses MAS0902A
Patriot,P200,SATA/AHCI,"2.5""",2TB,SMI SM2258XT,"Single-core, 4-ch, 4-CE/ch",No,N/A,Micron,TLC,64,530,460,Entry-Level SATA,2TB SKU uses MAS0902A
Patriot,P210,SATA/AHCI,"2.5""",Up to 2TB,SMI SM2259XT,"Single-core, 4-ch, 4-CE/ch",No,N/A,,,,520,430,Entry-Level SATA,
Patriot,P220,SATA/AHCI,"2.5""",Up to 4TB,Maxio MAS1102,"ARM, 2x8",No,N/A,YMTC,TLC,,,,Entry-Level SATA,
Patriot,P300,x4 PCIe 3.0/NVMe,M.2,128GB,Phison E13T,"Single-core, 4-ch, 8-CE/ch",No,Yes,Kioxia,TLC,96,2100,1650,Entry-Level NVMe,SM2263XT variant
Patriot,P300,x4 PCIe 3.0/NVMe,M.2,256GB,Phison E13T,"Single-core, 4-ch, 8-CE/ch",No,Yes,Kioxia,TLC,96,2100,1650,Entry-Level NVMe,SM2263XT variant
Patriot,P300,x4 PCIe 3.0/NVMe,M.2,512GB,Phison E13T,"Single-core, 4-ch, 8-CE/ch",No,Yes,Kioxia,TLC,96,2100,1650,Entry-Level NVMe,SM2263XT variant
Patriot,P300,x4 PCIe 3.0/NVMe,M.2,1TB,Phison E13T,"Single-core, 4-ch, 8-CE/ch",No,Yes,Kioxia,TLC,96,2100,1650,Entry-Level NVMe,SM2263XT variant
Patriot,P300,x4 PCIe 3.0/NVMe,M.2,2TB,Phison E13T,"Single-core, 4-ch, 8-CE/ch",No,Yes,Kioxia,TLC,96,2100,1650,Entry-Level NVMe,SM2263XT variant
Patriot,P310,x4 PCIe 3.0/NVMe,M.2,240GB,Phison E13T,"Single-core, 4-ch, 8-CE/ch",No,Yes,Micron,TLC,176,2100,1800,Entry-Level NVMe,
Patriot,P310,x4 PCIe 3.0/NVMe,M.2,1GB,Phison E13T,"Single-core, 4-ch, 8-CE/ch",No,Yes,Micron,TLC,176,2100,1800,Entry-Level NVMe,
Patriot,P400,x4 PCIe 4.0/NVMe,M.2,512GB,InnoGrit IG5220,"Tri-core R5, 4x8",No,Yes,Micron,TLC,176,5000,4800,Mid-Range NVMe,
Patriot,P400,x4 PCIe 4.0/NVMe,M.2,1TB,InnoGrit IG5220,"Tri-core R5, 4x8",No,Yes,Micron,TLC,176,5000,4800,Mid-Range NVMe,
Patriot,P400,x4 PCIe 4.0/NVMe,M.2,2TB,InnoGrit IG5220,"Tri-core R5, 4x8",No,Yes,Micron,TLC,176,5000,4800,Mid-Range NVMe,
Patriot,P400 Lite,,,,SMI SM2267XT,"Dual R5, 4x4",No,Yes,,,,3500,2700,Entry-Level NVMe,"Alt: E19T, similar to NV2"
Patriot,P400 V4,x4 PCIe 4.0/NVMe,M.2,500GB,,,,,,,,6200,,,
Patriot,P400 V4,x4 PCIe 4.0/NVMe,M.2,1000GB,,,,,,,,6200,,,
Patriot,P400 V4,x4 PCIe 4.0/NVMe,M.2,2000GB,,,,,,,,6200,,,
Patriot,P400 V4,x4 PCIe 4.0/NVMe,M.2,4000GB,,,,,,,,6200,,,
Patriot,P400 V4,x4 PCIe 4.0/NVMe,M.2,4TB,,,,,,,,6200,,,
Patriot,PD573,x4 PCIe 5.0/NVMe,M.2,1TB,Maxio MAP1802,,No,Yes,,TLC,,14000,12000,High-End NVMe,
Patriot,PD573,x4 PCIe 5.0/NVMe,M.2,2TB,Maxio MAP1802,,No,Yes,,TLC,,14000,12000,High-End NVMe,
Patriot,PD573,x4 PCIe 5.0/NVMe,M.2,4TB,Maxio MAP1802,,No,Yes,,TLC,,14000,12000,High-End NVMe,
Patriot,PD573,x4 PCIe 5.0/NVMe,M.2,8TB,Maxio MAP1802,,No,Yes,,TLC,,14000,12000,High-End NVMe,
Patriot,PV553,x4 PCIe 5.0/NVMe,M.2,1TB,Phison E26,"Dual DC R5 + 3xCoX, 8-ch, 4-CE/ch",Yes,N/A,Micron,TLC,232,12400,11800,High-End NVMe,
Patriot,PV553,x4 PCIe 5.0/NVMe,M.2,2TB,Phison E26,"Dual DC R5 + 3xCoX, 8-ch, 4-CE/ch",Yes,N/A,Micron,TLC,232,12400,11800,High-End NVMe,
Patriot,PV553,x4 PCIe 5.0/NVMe,M.2,4TB,Phison E26,"Dual DC R5 + 3xCoX, 8-ch, 4-CE/ch",Yes,N/A,Micron,TLC,232,12400,11800,High-End NVMe,
Patriot,PV563,x4 PCIe 5.0/NVMe,M.2,,,,,,,,,14000,11500,,MAP1806
Patriot,PV593,x4 PCIe 5.0/NVMe,M.2,,,,,,,,,14000,10000,,
Patriot,PVP30,x4 PCIe 4.0/NVMe,M.2,,,,,,,,,,,,2230
Patriot,PXD,USB 3.2 Gen 2x1,USB-C,512GB,Phison E13T,"Single-core, 4-ch, 8-CE/ch",No,Yes,Kioxia,TLC,96,1000,1000,Entry-Level NVMe,Portable
Patriot,PXD,USB 3.2 Gen 2x1,USB-C,1TB,Phison E13T,"Single-core, 4-ch, 8-CE/ch",No,Yes,Kioxia,TLC,96,1000,1000,Entry-Level NVMe,Portable
Patriot,PXD,USB 3.2 Gen 2x1,USB-C,2TB,Phison E13T,"Single-core, 4-ch, 8-CE/ch",No,Yes,Kioxia,TLC,96,1000,1000,Entry-Level NVMe,Portable
Patriot,Scorch,x2 PCIe 3.0/NVMe,M.2,128GB,Phison E8,"Dual-core, 4-ch, 8-CE/ch",Yes,No,Kioxia,TLC,64,1700,950,Entry-Level NVMe,
Patriot,Scorch,x2 PCIe 3.0/NVMe,M.2,256GB,Phison E8,"Dual-core, 4-ch, 8-CE/ch",Yes,No,Kioxia,TLC,64,1700,950,Entry-Level NVMe,
Patriot,Scorch,x2 PCIe 3.0/NVMe,M.2,512GB,Phison E8,"Dual-core, 4-ch, 8-CE/ch",Yes,No,Kioxia,TLC,64,1700,950,Entry-Level NVMe,
Patriot,Viper VP4000 Mini,,,,,,,,,,,,,,
Patriot,Viper VP4100,x4 PCIe 4.0/NVMe,M.2,1TB,Phison E16,"Dual R5 + CoX, 8-ch, 4-CE/ch",Yes,No,Kioxia,TLC,96,4800,4000,Mid-Range NVMe,Heatsink
Patriot,Viper VP4100,x4 PCIe 4.0/NVMe,M.2,2TB,Phison E16,"Dual R5 + CoX, 8-ch, 4-CE/ch",Yes,No,Kioxia,TLC,96,4800,4000,Mid-Range NVMe,Heatsink
Patriot,Viper VP4300,x4 PCIe 4.0/NVMe,M.2,1TB,InnoGrit IG5236,"Quad-core, 8-ch",Yes,N/A,Micron,TLC,96,7400,6800,High-End NVMe,176L possible
Patriot,Viper VP4300,x4 PCIe 4.0/NVMe,M.2,2TB,InnoGrit IG5236,"Quad-core, 8-ch",Yes,N/A,Micron,TLC,96,7400,6800,High-End NVMe,176L possible
Patriot,Viper VP4300 Lite,x4 PCIe 4.0/NVMe,M.2,500GB,Maxio MAP1602,"ARM, 2x8",No,Yes,YMTC,TLC,232,7400,6400,,4TB: 232L QLC. 2TB Variable
Patriot,Viper VP4300 Lite,x4 PCIe 4.0/NVMe,M.2,1000GB,Maxio MAP1602,"ARM, 2x8",No,Yes,YMTC,TLC,232,7400,6400,,4TB: 232L QLC. 2TB Variable
Patriot,Viper VP4300 Lite,x4 PCIe 4.0/NVMe,M.2,2000GB,Maxio MAP1602,"ARM, 2x8",No,Yes,YMTC,TLC,232,7400,6400,,4TB: 232L QLC. 2TB Variable
Patriot,Viper VP4300 Lite,x4 PCIe 4.0/NVMe,M.2,4000GB,Maxio MAP1602,"ARM, 2x8",No,Yes,YMTC,TLC,232,7400,6400,,4TB: 232L QLC. 2TB Variable
Patriot,Viper VP4300 Lite,x4 PCIe 4.0/NVMe,M.2,4TB,Maxio MAP1602,"ARM, 2x8",No,Yes,YMTC,TLC,232,7400,6400,,4TB: 232L QLC. 2TB Variable
Patriot,Viper VPN100,x4 PCIe 3.0/NVMe,M.2,256GB,Phison E12S,"Dual R5 + CoX, 8-ch, 4-CE/ch",Yes,No,Kioxia,TLC,64,3400,3000,Mid-Range NVMe,QLC variant
Patriot,Viper VPN100,x4 PCIe 3.0/NVMe,M.2,512GB,Phison E12S,"Dual R5 + CoX, 8-ch, 4-CE/ch",Yes,No,Kioxia,TLC,64,3400,3000,Mid-Range NVMe,QLC variant
Patriot,Viper VPN100,x4 PCIe 3.0/NVMe,M.2,1TB,Phison E12S,"Dual R5 + CoX, 8-ch, 4-CE/ch",Yes,No,Kioxia,TLC,64,3400,3000,Mid-Range NVMe,QLC variant
Patriot,Viper VPN100,x4 PCIe 3.0/NVMe,M.2,2TB,Phison E12S,"Dual R5 + CoX, 8-ch, 4-CE/ch",Yes,No,Kioxia,TLC,64,3400,3000,Mid-Range NVMe,QLC variant
Patriot,Viper VPN110,x4 PCIe 3.0/NVMe,M.2,512GB,Phison E12S,"Dual R5 + CoX, 8-ch, 4-CE/ch",Yes,No,,TLC,,3300,3000,Mid-Range NVMe,3-yr
Patriot,Viper VPN110,x4 PCIe 3.0/NVMe,M.2,1TB,Phison E12S,"Dual R5 + CoX, 8-ch, 4-CE/ch",Yes,No,,TLC,,3300,3000,Mid-Range NVMe,3-yr
Patriot,Viper VPN110,x4 PCIe 3.0/NVMe,M.2,2TB,Phison E12S,"Dual R5 + CoX, 8-ch, 4-CE/ch",Yes,No,,TLC,,3300,3000,Mid-Range NVMe,3-yr
Patriot,Viper VPR100,x4 PCIe 3.0/NVMe,M.2,256GB,Phison E12S,"Dual R5 + CoX, 8-ch, 4-CE/ch",Yes,No,Kioxia,TLC,64,3300,2900,Mid-Range NVMe,Heatsink & RGB
Patriot,Viper VPR100,x4 PCIe 3.0/NVMe,M.2,512GB,Phison E12S,"Dual R5 + CoX, 8-ch, 4-CE/ch",Yes,No,Kioxia,TLC,64,3300,2900,Mid-Range NVMe,Heatsink & RGB
Patriot,Viper VPR100,x4 PCIe 3.0/NVMe,M.2,1TB,Phison E12S,"Dual R5 + CoX, 8-ch, 4-CE/ch",Yes,No,Kioxia,TLC,64,3300,2900,Mid-Range NVMe,Heatsink & RGB
Patriot,Viper VPR100,x4 PCIe 3.0/NVMe,M.2,2TB,Phison E12S,"Dual R5 + CoX, 8-ch, 4-CE/ch",Yes,No,Kioxia,TLC,64,3300,2900,Mid-Range NVMe,Heatsink & RGB
Patriot,Viper VPR400,x4 PCIe 4.0/NVMe,M.2,512GB,InnoGrit IG5220,"Tri-core R5, 4x8",No,Yes,Micron,TLC,176,5000,4600,Mid-Range NVMe,RGB
Patriot,Viper VPR400,x4 PCIe 4.0/NVMe,M.2,1TB,InnoGrit IG5220,"Tri-core R5, 4x8",No,Yes,Micron,TLC,176,5000,4600,Mid-Range NVMe,RGB
Patriot,VP4000 Mini,x4 PCIe 4.0/NVMe,M.2,500GB,Phison E21T,"Single R5, 4-ch, 4-CE/ch",No,Yes,Micron,QLC,176,5000,3500,,2230
Patriot,VP4000 Mini,x4 PCIe 4.0/NVMe,M.2,1000GB,Phison E21T,"Single R5, 4-ch, 4-CE/ch",No,Yes,Micron,QLC,176,5000,3500,,2230
Patriot,VP4000 Mini,x4 PCIe 4.0/NVMe,M.2,2000GB,Phison E21T,"Single R5, 4-ch, 4-CE/ch",No,Yes,Micron,QLC,176,5000,3500,,2230
Patriot,VP4000 Mini,x4 PCIe 4.0/NVMe,M.2,2TB,Phison E21T,"Single R5, 4-ch, 4-CE/ch",No,Yes,Micron,QLC,176,5000,3500,,2230
Pioneer,APS-SE20G,x4 PCIe 3.0/NVMe,M.2,256GB,Phison E12S,"Dual R5 + CoX, 8-ch, 4-CE/ch",Yes,No,Kioxia,TLC,64,3400,3000,Mid-Range NVMe,3-yr
Pioneer,APS-SE20G,x4 PCIe 3.0/NVMe,M.2,512GB,Phison E12S,"Dual R5 + CoX, 8-ch, 4-CE/ch",Yes,No,Kioxia,TLC,64,3400,3000,Mid-Range NVMe,3-yr
Pioneer,APS-SE20G,x4 PCIe 3.0/NVMe,M.2,1TB,Phison E12S,"Dual R5 + CoX, 8-ch, 4-CE/ch",Yes,No,Kioxia,TLC,64,3400,3000,Mid-Range NVMe,3-yr
Pioneer,APS-SE20G,x4 PCIe 3.0/NVMe,M.2,2TB,Phison E12S,"Dual R5 + CoX, 8-ch, 4-CE/ch",Yes,No,Kioxia,TLC,64,3400,3000,Mid-Range NVMe,3-yr
Pioneer,APS-SE20Q,x4 PCIe 3.0/NVMe,M.2,500GB,Phison E12S,"Dual R5 + CoX, 8-ch, 4-CE/ch",Yes,No,Micron,QLC,96,3400,3000,Mid-Range NVMe,
Pioneer,APS-SE20Q,x4 PCIe 3.0/NVMe,M.2,1000GB,Phison E12S,"Dual R5 + CoX, 8-ch, 4-CE/ch",Yes,No,Micron,QLC,96,3400,3000,Mid-Range NVMe,
Pioneer,APS-SE20Q,x4 PCIe 3.0/NVMe,M.2,2000GB,Phison E12S,"Dual R5 + CoX, 8-ch, 4-CE/ch",Yes,No,Micron,QLC,96,3400,3000,Mid-Range NVMe,
Pioneer,APS-SE20Q,x4 PCIe 3.0/NVMe,M.2,2TB,Phison E12S,"Dual R5 + CoX, 8-ch, 4-CE/ch",Yes,No,Micron,QLC,96,3400,3000,Mid-Range NVMe,
Pioneer,APS-SL3,SATA/AHCI,"2.5""",240GB,Phison S11,"Single-core, 2-ch, 8-CE/ch",No,N/A,Kioxia,TLC,64,550,500,Entry-Level SATA,
Pioneer,APS-SL3,SATA/AHCI,"2.5""",480GB,Phison S11,"Single-core, 2-ch, 8-CE/ch",No,N/A,Kioxia,TLC,64,550,500,Entry-Level SATA,
Pioneer,APS-SL3,SATA/AHCI,"2.5""",960GB,Phison S11,"Single-core, 2-ch, 8-CE/ch",No,N/A,Kioxia,TLC,64,550,500,Entry-Level SATA,
Pioneer,APS-SL3,SATA/AHCI,"2.5""",1TB,Phison S11,"Single-core, 2-ch, 8-CE/ch",No,N/A,Kioxia,TLC,64,550,500,Entry-Level SATA,
Pioneer,XS03,USB 3.2 Gen 2x1,USB-C,,,,,,,,,,,,
Plextor,M8V/M8VG,SATA/AHCI,"2.5"" & M.2",128GB,SMI SM2258,"Single-core, 4-ch, 8-CE/ch",Yes,N/A,Kioxia,TLC,64,560,520,Mid-Range SATA,
Plextor,M8V/M8VG,SATA/AHCI,"2.5"" & M.2",256GB,SMI SM2258,"Single-core, 4-ch, 8-CE/ch",Yes,N/A,Kioxia,TLC,64,560,520,Mid-Range SATA,
Plextor,M8V/M8VG,SATA/AHCI,"2.5"" & M.2",512GB,SMI SM2258,"Single-core, 4-ch, 8-CE/ch",Yes,N/A,Kioxia,TLC,64,560,520,Mid-Range SATA,
Plextor,M8V Plus,SATA/AHCI,"2.5"" & M.2",256GB,SMI SM2258,"Single-core, 4-ch, 8-CE/ch",Yes,N/A,Kioxia,TLC,96,560,520,High-End SATA,aka M8 VC Plus
Plextor,M8V Plus,SATA/AHCI,"2.5"" & M.2",512GB,SMI SM2258,"Single-core, 4-ch, 8-CE/ch",Yes,N/A,Kioxia,TLC,96,560,520,High-End SATA,aka M8 VC Plus
Plextor,M8V Plus,SATA/AHCI,"2.5"" & M.2",1TB,SMI SM2258,"Single-core, 4-ch, 8-CE/ch",Yes,N/A,Kioxia,TLC,96,560,520,High-End SATA,aka M8 VC Plus
Plextor,M9P+,x4 PCIe 3.0/NVMe,M.2 & AIC,256GB,Marvell 88SS1092,"Tri-core, 8-ch, 8-CE/ch",Yes,N/A,Kioxia,TLC,96,3400,2200,Mid-Range NVMe,Also bare or heatsink (M.2)
Plextor,M9P+,x4 PCIe 3.0/NVMe,M.2 & AIC,512GB,Marvell 88SS1092,"Tri-core, 8-ch, 8-CE/ch",Yes,N/A,Kioxia,TLC,96,3400,2200,Mid-Range NVMe,Also bare or heatsink (M.2)
Plextor,M9P+,x4 PCIe 3.0/NVMe,M.2 & AIC,1TB,Marvell 88SS1092,"Tri-core, 8-ch, 8-CE/ch",Yes,N/A,Kioxia,TLC,96,3400,2200,Mid-Range NVMe,Also bare or heatsink (M.2)
Plextor,M9PeY/G/GN,x4 PCIe 3.0/NVMe,M.2 & AIC,256GB,Marvell 88SS1093,"Tri-core, 8-ch, 8-CE/ch",Yes,N/A,Kioxia,TLC,64,3200,2100,Mid-Range NVMe,Heatsink on all but GN
Plextor,M9PeY/G/GN,x4 PCIe 3.0/NVMe,M.2 & AIC,512GB,Marvell 88SS1093,"Tri-core, 8-ch, 8-CE/ch",Yes,N/A,Kioxia,TLC,64,3200,2100,Mid-Range NVMe,Heatsink on all but GN
Plextor,M9PeY/G/GN,x4 PCIe 3.0/NVMe,M.2 & AIC,1TB,Marvell 88SS1093,"Tri-core, 8-ch, 8-CE/ch",Yes,N/A,Kioxia,TLC,64,3200,2100,Mid-Range NVMe,Heatsink on all but GN
Plextor,M10e,x4 PCIe 4.0/NVMe,M.2,256GB,SM2267XT,"Dual R5, 4x4",No,Yes,Kioxia,TLC,112,3700,2600,Entry-Level NVMe,
Plextor,M10e,x4 PCIe 4.0/NVMe,M.2,512GB,SM2267XT,"Dual R5, 4x4",No,Yes,Kioxia,TLC,112,3700,2600,Entry-Level NVMe,
Plextor,M10e,x4 PCIe 4.0/NVMe,M.2,1TB,SM2267XT,"Dual R5, 4x4",No,Yes,Kioxia,TLC,112,3700,2600,Entry-Level NVMe,
Plextor,M10P,x4 PCIe 4.0/NVMe,M.2 & AIC,512GB,InnoGrit IG5236,"Quad-core, 8-ch",Yes,N/A,Kioxia,TLC,96,7000,5000,High-End NVMe,(GN)
Plextor,M10P,x4 PCIe 4.0/NVMe,M.2 & AIC,1TB,InnoGrit IG5236,"Quad-core, 8-ch",Yes,N/A,Kioxia,TLC,96,7000,5000,High-End NVMe,(GN)
Plextor,M10P,x4 PCIe 4.0/NVMe,M.2 & AIC,2TB,InnoGrit IG5236,"Quad-core, 8-ch",Yes,N/A,Kioxia,TLC,96,7000,5000,High-End NVMe,(GN)
Plextor,S3C/G,SATA/AHCI,"2.5"" & M.2 (256GB)",128GB,SMI SM2254,"Single-core, 4-ch, 8-CE/ch",Yes,No,Hynix,TLC,N/A,550,500,Entry-Level SATA,G is M.2; custom SM2256
Plextor,S3C/G,SATA/AHCI,"2.5"" & M.2 (256GB)",256GB,SMI SM2254,"Single-core, 4-ch, 8-CE/ch",Yes,No,Hynix,TLC,N/A,550,500,Entry-Level SATA,G is M.2; custom SM2256
Plextor,S3C/G,SATA/AHCI,"2.5"" & M.2 (256GB)",512GB,SMI SM2254,"Single-core, 4-ch, 8-CE/ch",Yes,No,Hynix,TLC,N/A,550,500,Entry-Level SATA,G is M.2; custom SM2256
PNY,CS1030,x4 PCIe 3.0/NVMe,M.2,250GB,Phison E13T,"Single-core, 4-ch, 8-CE/ch",No,Yes,YMTC,TLC/QLC,64+,2100,1900,Entry-Level NVMe,Flash may vary (2TB QLC)
PNY,CS1030,x4 PCIe 3.0/NVMe,M.2,500GB,Phison E13T,"Single-core, 4-ch, 8-CE/ch",No,Yes,YMTC,TLC/QLC,64+,2100,1900,Entry-Level NVMe,Flash may vary (2TB QLC)
PNY,CS1030,x4 PCIe 3.0/NVMe,M.2,1000GB,Phison E13T,"Single-core, 4-ch, 8-CE/ch",No,Yes,YMTC,TLC/QLC,64+,2100,1900,Entry-Level NVMe,Flash may vary (2TB QLC)
PNY,CS1030,x4 PCIe 3.0/NVMe,M.2,2000GB,Phison E13T,"Single-core, 4-ch, 8-CE/ch",No,Yes,YMTC,TLC/QLC,64+,2100,1900,Entry-Level NVMe,Flash may vary (2TB QLC)
PNY,CS1030,x4 PCIe 3.0/NVMe,M.2,2TB,Phison E13T,"Single-core, 4-ch, 8-CE/ch",No,Yes,YMTC,TLC/QLC,64+,2100,1900,Entry-Level NVMe,Flash may vary (2TB QLC)
PNY,CS1031,x4 PCIe 3.0/NVMe,M.2,256GB,Phison E13T,"Single-core, 4-ch, 8-CE/ch",No,Yes,,TLC,,2400,1750,Entry-Level NVMe,
PNY,CS1031,x4 PCIe 3.0/NVMe,M.2,512GB,Phison E13T,"Single-core, 4-ch, 8-CE/ch",No,Yes,,TLC,,2400,1750,Entry-Level NVMe,
PNY,CS1031,x4 PCIe 3.0/NVMe,M.2,1TB,Phison E13T,"Single-core, 4-ch, 8-CE/ch",No,Yes,,TLC,,2400,1750,Entry-Level NVMe,
PNY,CS1031,x4 PCIe 3.0/NVMe,M.2,2TB,Phison E13T,"Single-core, 4-ch, 8-CE/ch",No,Yes,,TLC,,2400,1750,Entry-Level NVMe,
PNY,CS1311,SATA/AHCI,"2.5""",120GB,Phison S10,"Quad-core, 8-ch, 4-CE/ch",Yes,N/A,Kioxia,TLC,64,550,520,Mid-Range SATA,Originally 2D
PNY,CS1311,SATA/AHCI,"2.5""",240GB,Phison S10,"Quad-core, 8-ch, 4-CE/ch",Yes,N/A,Kioxia,TLC,64,550,520,Mid-Range SATA,Originally 2D
PNY,CS1311,SATA/AHCI,"2.5""",480GB,Phison S10,"Quad-core, 8-ch, 4-CE/ch",Yes,N/A,Kioxia,TLC,64,550,520,Mid-Range SATA,Originally 2D
PNY,CS1311,SATA/AHCI,"2.5""",960GB,Phison S10,"Quad-core, 8-ch, 4-CE/ch",Yes,N/A,Kioxia,TLC,64,550,520,Mid-Range SATA,Originally 2D
PNY,CS1311,SATA/AHCI,"2.5""",1920GB,Phison S10,"Quad-core, 8-ch, 4-CE/ch",Yes,N/A,Kioxia,TLC,64,550,520,Mid-Range SATA,Originally 2D
PNY,CS1311,SATA/AHCI,"2.5""",2TB,Phison S10,"Quad-core, 8-ch, 4-CE/ch",Yes,N/A,Kioxia,TLC,64,550,520,Mid-Range SATA,Originally 2D
PNY,CS2040,SATA/AHCI,"2.5""",128GB,Phison S11,"Single-core, 2-ch, 8-CE/ch",No,N/A,Kioxia,TLC,64,560,540,Entry-Level SATA,
PNY,CS2040,SATA/AHCI,"2.5""",256GB,Phison S11,"Single-core, 2-ch, 8-CE/ch",No,N/A,Kioxia,TLC,64,560,540,Entry-Level SATA,
PNY,CS2040,SATA/AHCI,"2.5""",512GB,Phison S11,"Single-core, 2-ch, 8-CE/ch",No,N/A,Kioxia,TLC,64,560,540,Entry-Level SATA,
PNY,CS2040,SATA/AHCI,"2.5""",1TB,Phison S11,"Single-core, 2-ch, 8-CE/ch",No,N/A,Kioxia,TLC,64,560,540,Entry-Level SATA,
PNY,CS2130,x4 PCIe 3.0/NVMe,M.2,500GB,Phison E12S,"Dual R5 + CoX, 8-ch, 4-CE/ch",Yes,No,Intel,QLC,96,3500,3000,Mid-Range NVMe,Less DRAM
PNY,CS2130,x4 PCIe 3.0/NVMe,M.2,1000GB,Phison E12S,"Dual R5 + CoX, 8-ch, 4-CE/ch",Yes,No,Intel,QLC,96,3500,3000,Mid-Range NVMe,Less DRAM
PNY,CS2130,x4 PCIe 3.0/NVMe,M.2,2000GB,Phison E12S,"Dual R5 + CoX, 8-ch, 4-CE/ch",Yes,No,Intel,QLC,96,3500,3000,Mid-Range NVMe,Less DRAM
PNY,CS2130,x4 PCIe 3.0/NVMe,M.2,4000GB,Phison E12S,"Dual R5 + CoX, 8-ch, 4-CE/ch",Yes,No,Intel,QLC,96,3500,3000,Mid-Range NVMe,Less DRAM
PNY,CS2130,x4 PCIe 3.0/NVMe,M.2,4TB,Phison E12S,"Dual R5 + CoX, 8-ch, 4-CE/ch",Yes,No,Intel,QLC,96,3500,3000,Mid-Range NVMe,Less DRAM
PNY,CS2140,x4 PCIe 4.0/NVMe,M.2,250GB,Phison E19T,"Single R5 + CoX, 4-ch, 8-CE/ch",No,Yes,Micron,TLC,176,3600,3200,Entry-Level NVMe,
PNY,CS2140,x4 PCIe 4.0/NVMe,M.2,500GB,Phison E19T,"Single R5 + CoX, 4-ch, 8-CE/ch",No,Yes,Micron,TLC,176,3600,3200,Entry-Level NVMe,
PNY,CS2140,x4 PCIe 4.0/NVMe,M.2,1000GB,Phison E19T,"Single R5 + CoX, 4-ch, 8-CE/ch",No,Yes,Micron,TLC,176,3600,3200,Entry-Level NVMe,
PNY,CS2140,x4 PCIe 4.0/NVMe,M.2,2000GB,Phison E19T,"Single R5 + CoX, 4-ch, 8-CE/ch",No,Yes,Micron,TLC,176,3600,3200,Entry-Level NVMe,
PNY,CS2140,x4 PCIe 4.0/NVMe,M.2,2TB,Phison E19T,"Single R5 + CoX, 4-ch, 8-CE/ch",No,Yes,Micron,TLC,176,3600,3200,Entry-Level NVMe,
PNY,CS2142,x4 PCIe 4.0/NVMe,M.2,1TB,Phison E21T,,No,Yes,Micron,QLC,176,5000,3200,,2230
PNY,CS2142,x4 PCIe 4.0/NVMe,M.2,2TB,Phison E21T,,No,Yes,Micron,QLC,176,5000,3200,,2230
PNY,CS2230,x4 PCIe 3.0/NVMe,M.2,500GB,Maxio MAP1202,"Dual R5, 4x4",No,Yes,Micron,TLC,176,3300,2600,Entry-Level NVMe,
PNY,CS2230,x4 PCIe 3.0/NVMe,M.2,1000GB,Maxio MAP1202,"Dual R5, 4x4",No,Yes,Micron,TLC,176,3300,2600,Entry-Level NVMe,
PNY,CS2230,x4 PCIe 3.0/NVMe,M.2,1TB,Maxio MAP1202,"Dual R5, 4x4",No,Yes,Micron,TLC,176,3300,2600,Entry-Level NVMe,
PNY,CS2241,x4 PCIe 4.0/NVMe,M.2,500GB,Phison E21T,"Single R5, 4-ch, 4-CE/ch",No,Yes,Micron,TLC,176,5000,4200,Mid-Range NVMe,QLC at 2TB
PNY,CS2241,x4 PCIe 4.0/NVMe,M.2,1000GB,Phison E21T,"Single R5, 4-ch, 4-CE/ch",No,Yes,Micron,TLC,176,5000,4200,Mid-Range NVMe,QLC at 2TB
PNY,CS2241,x4 PCIe 4.0/NVMe,M.2,2000GB,Phison E21T,"Single R5, 4-ch, 4-CE/ch",No,Yes,Micron,TLC,176,5000,4200,Mid-Range NVMe,QLC at 2TB
PNY,CS2241,x4 PCIe 4.0/NVMe,M.2,4000GB,Phison E21T,"Single R5, 4-ch, 4-CE/ch",No,Yes,Micron,TLC,176,5000,4200,Mid-Range NVMe,QLC at 2TB
PNY,CS2241,x4 PCIe 4.0/NVMe,M.2,4TB,Phison E21T,"Single R5, 4-ch, 4-CE/ch",No,Yes,Micron,TLC,176,5000,4200,Mid-Range NVMe,QLC at 2TB
PNY,CS2311,SATA/AHCI,"2.5""",250GB,Phison S12,"Quad-core, 8-ch, 4-CE/ch",Yes,N/A,Kioxia,TLC,64/96,550,500,Mid-Range SATA,5-yr
PNY,CS2311,SATA/AHCI,"2.5""",500GB,Phison S12,"Quad-core, 8-ch, 4-CE/ch",Yes,N/A,Kioxia,TLC,64/96,550,500,Mid-Range SATA,5-yr
PNY,CS2311,SATA/AHCI,"2.5""",1000GB,Phison S12,"Quad-core, 8-ch, 4-CE/ch",Yes,N/A,Kioxia,TLC,64/96,550,500,Mid-Range SATA,5-yr
PNY,CS2311,SATA/AHCI,"2.5""",2000GB,Phison S12,"Quad-core, 8-ch, 4-CE/ch",Yes,N/A,Kioxia,TLC,64/96,550,500,Mid-Range SATA,5-yr
PNY,CS2311,SATA/AHCI,"2.5""",2TB,Phison S12,"Quad-core, 8-ch, 4-CE/ch",Yes,N/A,Kioxia,TLC,64/96,550,500,Mid-Range SATA,5-yr
PNY,CS2342,x4 PCIe 4.0/NVMe,M.2,1TB,,,,,,,,7300,6000,,
PNY,CS2342,x4 PCIe 4.0/NVMe,M.2,2TB,,,,,,,,7300,6000,,
PNY,CS3030,x4 PCIe 3.0/NVMe,M.2,250GB,Phison E12S,"Dual R5 + CoX, 8-ch, 4-CE/ch",Yes,No,Kioxia,TLC,64,3500,3100,Mid-Range NVMe,Always double-sided; 4TB QLC
PNY,CS3030,x4 PCIe 3.0/NVMe,M.2,500GB,Phison E12S,"Dual R5 + CoX, 8-ch, 4-CE/ch",Yes,No,Kioxia,TLC,64,3500,3100,Mid-Range NVMe,Always double-sided; 4TB QLC
PNY,CS3030,x4 PCIe 3.0/NVMe,M.2,1000GB,Phison E12S,"Dual R5 + CoX, 8-ch, 4-CE/ch",Yes,No,Kioxia,TLC,64,3500,3100,Mid-Range NVMe,Always double-sided; 4TB QLC
PNY,CS3030,x4 PCIe 3.0/NVMe,M.2,2000GB,Phison E12S,"Dual R5 + CoX, 8-ch, 4-CE/ch",Yes,No,Kioxia,TLC,64,3500,3100,Mid-Range NVMe,Always double-sided; 4TB QLC
PNY,CS3030,x4 PCIe 3.0/NVMe,M.2,4000GB,Phison E12S,"Dual R5 + CoX, 8-ch, 4-CE/ch",Yes,No,Kioxia,TLC,64,3500,3100,Mid-Range NVMe,Always double-sided; 4TB QLC
PNY,CS3030,x4 PCIe 3.0/NVMe,M.2,4TB,Phison E12S,"Dual R5 + CoX, 8-ch, 4-CE/ch",Yes,No,Kioxia,TLC,64,3500,3100,Mid-Range NVMe,Always double-sided; 4TB QLC
PNY,CS3040,x4 PCIe 4.0/NVMe,M.2,500GB,Phison E16,"Dual R5 + CoX, 8-ch, 4-CE/ch",Yes,No,Kioxia,TLC,96,5600,4300,Mid-Range NVMe,4TB QLC
PNY,CS3040,x4 PCIe 4.0/NVMe,M.2,1000GB,Phison E16,"Dual R5 + CoX, 8-ch, 4-CE/ch",Yes,No,Kioxia,TLC,96,5600,4300,Mid-Range NVMe,4TB QLC
PNY,CS3040,x4 PCIe 4.0/NVMe,M.2,2000GB,Phison E16,"Dual R5 + CoX, 8-ch, 4-CE/ch",Yes,No,Kioxia,TLC,96,5600,4300,Mid-Range NVMe,4TB QLC
PNY,CS3040,x4 PCIe 4.0/NVMe,M.2,4000GB,Phison E16,"Dual R5 + CoX, 8-ch, 4-CE/ch",Yes,No,Kioxia,TLC,96,5600,4300,Mid-Range NVMe,4TB QLC
PNY,CS3040,x4 PCIe 4.0/NVMe,M.2,4TB,Phison E16,"Dual R5 + CoX, 8-ch, 4-CE/ch",Yes,No,Kioxia,TLC,96,5600,4300,Mid-Range NVMe,4TB QLC
PNY,CS3140,x4 PCIe 4.0/NVMe,M.2,1TB,Phison E18,"Triple R5 + CoX, 8-ch, 4-CE/ch",Yes,N/A,Micron,TLC,96,7500,6850,High-End NVMe,Alt: BiCS5
PNY,CS3140,x4 PCIe 4.0/NVMe,M.2,2TB,Phison E18,"Triple R5 + CoX, 8-ch, 4-CE/ch",Yes,N/A,Micron,TLC,96,7500,6850,High-End NVMe,Alt: BiCS5
PNY,CS3140,x4 PCIe 4.0/NVMe,M.2,4TB,Phison E18,"Triple R5 + CoX, 8-ch, 4-CE/ch",Yes,N/A,Micron,TLC,96,7500,6850,High-End NVMe,Alt: BiCS5
PNY,CS3140,x4 PCIe 4.0/NVMe,M.2,8TB,Phison E18,"Triple R5 + CoX, 8-ch, 4-CE/ch",Yes,N/A,Micron,TLC,96,7500,6850,High-End NVMe,Alt: BiCS5
PNY,CS3150,x4 PCIe 5.0/NVMe,M.2,1TB,Phison E26,"Dual DC R5 + 3xCoX, 8-ch, 4-CE/ch",Yes,N/A,Micron,TLC,232,12000,11000,High-End NVMe,
PNY,CS3150,x4 PCIe 5.0/NVMe,M.2,2TB,Phison E26,"Dual DC R5 + 3xCoX, 8-ch, 4-CE/ch",Yes,N/A,Micron,TLC,232,12000,11000,High-End NVMe,
PNY,CS3250,x4 PCIe 5.0/NVMe,M.2,1TB,Phison E28,,Yes,N/A,Sandisk,TLC,218,14900,14000,High-End NVMe,
PNY,CS3250,x4 PCIe 5.0/NVMe,M.2,2TB,Phison E28,,Yes,N/A,Sandisk,TLC,218,14900,14000,High-End NVMe,
PNY,CS3250,x4 PCIe 5.0/NVMe,M.2,4TB,Phison E28,,Yes,N/A,Sandisk,TLC,218,14900,14000,High-End NVMe,
PNY,CS4040,x4 PCIe 4.0/NVMe,M.2,512GB,Phison E16,"Dual R5 + CoX, 8-ch, 4-CE/ch",Yes,No,Kioxia,TLC,96,4800,4000,Mid-Range NVMe,
PNY,CS4040,x4 PCIe 4.0/NVMe,M.2,1TB,Phison E16,"Dual R5 + CoX, 8-ch, 4-CE/ch",Yes,No,Kioxia,TLC,96,4800,4000,Mid-Range NVMe,
PNY,CS4040,x4 PCIe 4.0/NVMe,M.2,2TB,Phison E16,"Dual R5 + CoX, 8-ch, 4-CE/ch",Yes,No,Kioxia,TLC,96,4800,4000,Mid-Range NVMe,
PNY,CS900,SATA/AHCI,"2.5""",120GB,Phison S11,"Single-core, 2-ch, 8-CE/ch",No,N/A,Micron,TLC,64,550,515,Entry-Level SATA,Some SKUs QLC (incl BiCS5 QLC)
PNY,CS900,SATA/AHCI,"2.5""",240GB,Phison S11,"Single-core, 2-ch, 8-CE/ch",No,N/A,Micron,TLC,64,550,515,Entry-Level SATA,Some SKUs QLC (incl BiCS5 QLC)
PNY,CS900,SATA/AHCI,"2.5""",480GB,Phison S11,"Single-core, 2-ch, 8-CE/ch",No,N/A,Micron,TLC,64,550,515,Entry-Level SATA,Some SKUs QLC (incl BiCS5 QLC)
PNY,CS900,SATA/AHCI,"2.5""",960GB,Phison S11,"Single-core, 2-ch, 8-CE/ch",No,N/A,Micron,TLC,64,550,515,Entry-Level SATA,Some SKUs QLC (incl BiCS5 QLC)
PNY,Elite,USB 3.2 Gen 1x1,USB-A,240GB,Phison S11,"Single-core, 2-ch, 8-CE/ch",No,N/A,Micron,TLC,64,430,400,Entry-Level SATA,Portable
PNY,Elite,USB 3.2 Gen 1x1,USB-A,480GB,Phison S11,"Single-core, 2-ch, 8-CE/ch",No,N/A,Micron,TLC,64,430,400,Entry-Level SATA,Portable
PNY,Elite,USB 3.2 Gen 1x1,USB-A,960GB,Phison S11,"Single-core, 2-ch, 8-CE/ch",No,N/A,Micron,TLC,64,430,400,Entry-Level SATA,Portable
PNY,Pro Elite,USB 3.2 Gen 2x1,USB-C,250GB,Phison E8,"Dual-core, 4-ch, 8-CE/ch",Yes,No,Kioxia,TLC,64,880,900,Entry-Level NVMe,Portable; Unverified
PNY,Pro Elite,USB 3.2 Gen 2x1,USB-C,500GB,Phison E8,"Dual-core, 4-ch, 8-CE/ch",Yes,No,Kioxia,TLC,64,880,900,Entry-Level NVMe,Portable; Unverified
PNY,Pro Elite,USB 3.2 Gen 2x1,USB-C,1000GB,Phison E8,"Dual-core, 4-ch, 8-CE/ch",Yes,No,Kioxia,TLC,64,880,900,Entry-Level NVMe,Portable; Unverified
PNY,Pro Elite,USB 3.2 Gen 2x1,USB-C,1TB,Phison E8,"Dual-core, 4-ch, 8-CE/ch",Yes,No,Kioxia,TLC,64,880,900,Entry-Level NVMe,Portable; Unverified
PNY,Pro Elite 2,,,,Phison U17,,No,N/A,,,,,,,
PNY,Pro EliteX-PRO,USB 3.2 Gen 2x2,USB-C,,,,,,,,,,,,
PNY,RP60,USB 3.2 Gen 2x2,USB-C,1TB,,,,,,,,2000,1800,,Portable
PNY,RP60,USB 3.2 Gen 2x2,USB-C,2TB,,,,,,,,2000,1800,,Portable
Sabrent,Rocket,x4 PCIe 3.0/NVMe,M.2,256GB,Phison E12S,"Dual R5 + CoX, 8-ch, 4-CE/ch",Yes,No,Kioxia,TLC,64,3400,3000,Mid-Range NVMe,E12S changes; BiCS5 now
Sabrent,Rocket,x4 PCIe 3.0/NVMe,M.2,512GB,Phison E12S,"Dual R5 + CoX, 8-ch, 4-CE/ch",Yes,No,Kioxia,TLC,64,3400,3000,Mid-Range NVMe,E12S changes; BiCS5 now
Sabrent,Rocket,x4 PCIe 3.0/NVMe,M.2,1TB,Phison E12S,"Dual R5 + CoX, 8-ch, 4-CE/ch",Yes,No,Kioxia,TLC,64,3400,3000,Mid-Range NVMe,E12S changes; BiCS5 now
Sabrent,Rocket,x4 PCIe 3.0/NVMe,M.2,2TB,Phison E12S,"Dual R5 + CoX, 8-ch, 4-CE/ch",Yes,No,Kioxia,TLC,64,3400,3000,Mid-Range NVMe,E12S changes; BiCS5 now
Sabrent,Rocket,x4 PCIe 3.0/NVMe,M.2,4TB,Phison E12S,"Dual R5 + CoX, 8-ch, 4-CE/ch",Yes,No,Kioxia,TLC,64,3400,3000,Mid-Range NVMe,E12S changes; BiCS5 now
Sabrent,Rocket 2230,x4 PCIe 4.0/NVMe,M.2,256GB,Phison E21T,"Single R5, 4-ch, 4-CE/ch",No,Yes,Micron,TLC,176,4750,4300,Mid-Range NVMe,2TB w/E27T in future
Sabrent,Rocket 2230,x4 PCIe 4.0/NVMe,M.2,512GB,Phison E21T,"Single R5, 4-ch, 4-CE/ch",No,Yes,Micron,TLC,176,4750,4300,Mid-Range NVMe,2TB w/E27T in future
Sabrent,Rocket 2230,x4 PCIe 4.0/NVMe,M.2,1TB,Phison E21T,"Single R5, 4-ch, 4-CE/ch",No,Yes,Micron,TLC,176,4750,4300,Mid-Range NVMe,2TB w/E27T in future
Sabrent,Rocket 2230,x4 PCIe 4.0/NVMe,M.2,2TB,Phison E21T,"Single R5, 4-ch, 4-CE/ch",No,Yes,Micron,TLC,176,4750,4300,Mid-Range NVMe,2TB w/E27T in future
Sabrent,Rocket 2242,x4 PCIe 3.0/NVMe,M.2,512GB,Phison E13T,"Single-core, 4-ch, 8-CE/ch",No,Yes,Kioxia,TLC,96,2500,2100,Entry-Level NVMe,
Sabrent,Rocket 2242,x4 PCIe 3.0/NVMe,M.2,1TB,Phison E13T,"Single-core, 4-ch, 8-CE/ch",No,Yes,Kioxia,TLC,96,2500,2100,Entry-Level NVMe,
Sabrent,Rocket 2242,x4 PCIe 3.0/NVMe,M.2,2TB,Phison E13T,"Single-core, 4-ch, 8-CE/ch",No,Yes,Kioxia,TLC,96,2500,2100,Entry-Level NVMe,
Sabrent,Rocket 2242,x4 PCIe 4.0/NVMe,M.2,1TB,Phison E21T,"Single R5, 4-ch, 4-CE/ch",No,Yes,Hynix,TLC,176,5100,4800,Mid-Range NVMe,2TB and/or E27T in future
Sabrent,Rocket 4.0,x4 PCIe 4.0/NVMe,M.2,512GB,Phison E16,"Dual R5 + CoX, 8-ch, 4-CE/ch",Yes,No,Kioxia,TLC,96,5000,4400,Mid-Range NVMe,
Sabrent,Rocket 4.0,x4 PCIe 4.0/NVMe,M.2,1TB,Phison E16,"Dual R5 + CoX, 8-ch, 4-CE/ch",Yes,No,Kioxia,TLC,96,5000,4400,Mid-Range NVMe,
Sabrent,Rocket 4.0,x4 PCIe 4.0/NVMe,M.2,2TB,Phison E16,"Dual R5 + CoX, 8-ch, 4-CE/ch",Yes,No,Kioxia,TLC,96,5000,4400,Mid-Range NVMe,
Sabrent,Rocket 4 (New/4L),x4 PCIe 4.0/NVMe,M.2,1TB,Phison E27T,,No,Yes,Kioxia,TLC,162,7400,6400,,
Sabrent,Rocket 4 (New/4L),x4 PCIe 4.0/NVMe,M.2,2TB,Phison E27T,,No,Yes,Kioxia,TLC,162,7400,6400,,
Sabrent,Rocket 4 Plus,x4 PCIe 4.0/NVMe,M.2,500GB,Phison E18,"Triple R5 + CoX, 8-ch, 4-CE/ch",Yes,N/A,Micron,TLC,96,7000,6850,High-End NVMe,Upgraded: 176L
Sabrent,Rocket 4 Plus,x4 PCIe 4.0/NVMe,M.2,1000GB,Phison E18,"Triple R5 + CoX, 8-ch, 4-CE/ch",Yes,N/A,Micron,TLC,96,7000,6850,High-End NVMe,Upgraded: 176L
Sabrent,Rocket 4 Plus,x4 PCIe 4.0/NVMe,M.2,2000GB,Phison E18,"Triple R5 + CoX, 8-ch, 4-CE/ch",Yes,N/A,Micron,TLC,96,7000,6850,High-End NVMe,Upgraded: 176L
Sabrent,Rocket 4 Plus,x4 PCIe 4.0/NVMe,M.2,2TB,Phison E18,"Triple R5 + CoX, 8-ch, 4-CE/ch",Yes,N/A,Micron,TLC,96,7000,6850,High-End NVMe,Upgraded: 176L
Sabrent,Rocket 4 Plus (8TB),x4 PCIe 4.0/NVMe,M.2,8TB,Phison E18,"Triple R5 + CoX, 8-ch, 4-CE/ch",Yes,N/A,Kioxia,TLC,112,7400,6600,High-End NVMe,8TB of TLC
Sabrent,Rocket 4 Plus-G,x4 PCIe 4.0/NVMe,M.2,1TB,Phison E18,"Triple R5 + CoX, 8-ch, 4-CE/ch",Yes,N/A,Micron,TLC,176,7000,6850,High-End NVMe,I/O+ Firmware
Sabrent,Rocket 4 Plus-G,x4 PCIe 4.0/NVMe,M.2,2TB,Phison E18,"Triple R5 + CoX, 8-ch, 4-CE/ch",Yes,N/A,Micron,TLC,176,7000,6850,High-End NVMe,I/O+ Firmware
Sabrent,Rocket 4 Plus-G,x4 PCIe 4.0/NVMe,M.2,4TB,Phison E18,"Triple R5 + CoX, 8-ch, 4-CE/ch",Yes,N/A,Micron,TLC,176,7000,6850,High-End NVMe,I/O+ Firmware
Sabrent,Rocket 5,x4 PCIe 5.0/NVMe,M.2,1TB,Phison E26,"Dual DC R5 + 3xCoX, 8-ch, 4-CE/ch",Yes,N/A,Micron,TLC,232,232,,High-End NVMe,
Sabrent,Rocket 5,x4 PCIe 5.0/NVMe,M.2,2TB,Phison E26,"Dual DC R5 + 3xCoX, 8-ch, 4-CE/ch",Yes,N/A,Micron,TLC,232,232,,High-End NVMe,
Sabrent,Rocket 5,x4 PCIe 5.0/NVMe,M.2,4TB,Phison E26,"Dual DC R5 + 3xCoX, 8-ch, 4-CE/ch",Yes,N/A,Micron,TLC,232,232,,High-End NVMe,
Sabrent,Rocket 5,x4 PCIe 5.0/NVMe,M.2,8TB,Phison E26,"Dual DC R5 + 3xCoX, 8-ch, 4-CE/ch",Yes,N/A,Micron,TLC,232,232,,High-End NVMe,
Sabrent,Rocket Nano,USB 3.2 Gen 2x1,USB-C,512GB,Phison E13T,"Single-core, 4-ch, 8-CE/ch",No,Yes,Kioxia,TLC,64,1000,1000,Entry-Level NVMe,Portable; smaller FF
Sabrent,Rocket Nano,USB 3.2 Gen 2x1,USB-C,1TB,Phison E13T,"Single-core, 4-ch, 8-CE/ch",No,Yes,Kioxia,TLC,64,1000,1000,Entry-Level NVMe,Portable; smaller FF
Sabrent,Rocket Nano,USB 3.2 Gen 2x1,USB-C,2TB,Phison E13T,"Single-core, 4-ch, 8-CE/ch",No,Yes,Kioxia,TLC,64,1000,1000,Entry-Level NVMe,Portable; smaller FF
Sabrent,Rocket Nano V2,USB 3.2 Gen 2x2,USB-C,1TB,Phison U18,"Single-CPU, 2-ch, 8-CE/ch",No,N/A,Hynix,TLC,128,1600,1600,Entry-Level NVMe,
Sabrent,Rocket Nano V2,USB 3.2 Gen 2x2,USB-C,2TB,Phison U18,"Single-CPU, 2-ch, 8-CE/ch",No,N/A,Hynix,TLC,128,1600,1600,Entry-Level NVMe,
Sabrent,Rocket Nano V2,USB 3.2 Gen 2x2,USB-C,4TB,Phison U18,"Single-CPU, 2-ch, 8-CE/ch",No,N/A,Hynix,TLC,128,1600,1600,Entry-Level NVMe,
Sabrent,Rocket Pro,USB 3.2 Gen 2x1,USB-C,256GB,Phison E12S,"Dual R5 + CoX, 8-ch, 4-CE/ch",Yes,No,Kioxia,TLC,64,1000,1000,Entry-Level NVMe,Portable
Sabrent,Rocket Pro,USB 3.2 Gen 2x1,USB-C,512GB,Phison E12S,"Dual R5 + CoX, 8-ch, 4-CE/ch",Yes,No,Kioxia,TLC,64,1000,1000,Entry-Level NVMe,Portable
Sabrent,Rocket Pro,USB 3.2 Gen 2x1,USB-C,1TB,Phison E12S,"Dual R5 + CoX, 8-ch, 4-CE/ch",Yes,No,Kioxia,TLC,64,1000,1000,Entry-Level NVMe,Portable
Sabrent,Rocket Pro,USB 3.2 Gen 2x1,USB-C,2TB,Phison E12S,"Dual R5 + CoX, 8-ch, 4-CE/ch",Yes,No,Kioxia,TLC,64,1000,1000,Entry-Level NVMe,Portable
Sabrent,Rocket Pro,USB 3.2 Gen 2x1,USB-C,4TB,Phison E12S,"Dual R5 + CoX, 8-ch, 4-CE/ch",Yes,No,Kioxia,TLC,64,1000,1000,Entry-Level NVMe,Portable
Sabrent,Rocket Q,x4 PCIe 3.0/NVMe,M.2,500GB,Phison E12S,"Dual R5 + CoX, 8-ch, 4-CE/ch",Yes,No,Micron,QLC,96,3300,3000,Mid-Range NVMe,Less DRAM
Sabrent,Rocket Q,x4 PCIe 3.0/NVMe,M.2,1000GB,Phison E12S,"Dual R5 + CoX, 8-ch, 4-CE/ch",Yes,No,Micron,QLC,96,3300,3000,Mid-Range NVMe,Less DRAM
Sabrent,Rocket Q,x4 PCIe 3.0/NVMe,M.2,2000GB,Phison E12S,"Dual R5 + CoX, 8-ch, 4-CE/ch",Yes,No,Micron,QLC,96,3300,3000,Mid-Range NVMe,Less DRAM
Sabrent,Rocket Q,x4 PCIe 3.0/NVMe,M.2,4000GB,Phison E12S,"Dual R5 + CoX, 8-ch, 4-CE/ch",Yes,No,Micron,QLC,96,3300,3000,Mid-Range NVMe,Less DRAM
Sabrent,Rocket Q,x4 PCIe 3.0/NVMe,M.2,8000GB,Phison E12S,"Dual R5 + CoX, 8-ch, 4-CE/ch",Yes,No,Micron,QLC,96,3300,3000,Mid-Range NVMe,Less DRAM
Sabrent,Rocket Q,x4 PCIe 3.0/NVMe,M.2,8TB,Phison E12S,"Dual R5 + CoX, 8-ch, 4-CE/ch",Yes,No,Micron,QLC,96,3300,3000,Mid-Range NVMe,Less DRAM
Sabrent,Rocket Q4,x4 PCIe 4.0/NVMe,M.2,2TB,Phison E16,"Dual R5 + CoX, 8-ch, 4-CE/ch",Yes,No,Micron,QLC,96,4900,3500,Mid-Range NVMe,Sequentials
Sabrent,Rocket Q4,x4 PCIe 4.0/NVMe,M.2,4TB,Phison E16,"Dual R5 + CoX, 8-ch, 4-CE/ch",Yes,No,Micron,QLC,96,4900,3500,Mid-Range NVMe,Sequentials
Samsung,860 EVO,SATA/AHCI,"2.5"" & M.2 (2TB)",250GB,Samsung MJX,"Tri-core, 8-ch, 8-CE/ch",Yes,N/A,Samsung,TLC,64,550,520,High-End SATA,
Samsung,860 EVO,SATA/AHCI,"2.5"" & M.2 (2TB)",500GB,Samsung MJX,"Tri-core, 8-ch, 8-CE/ch",Yes,N/A,Samsung,TLC,64,550,520,High-End SATA,
Samsung,860 EVO,SATA/AHCI,"2.5"" & M.2 (2TB)",1000GB,Samsung MJX,"Tri-core, 8-ch, 8-CE/ch",Yes,N/A,Samsung,TLC,64,550,520,High-End SATA,
Samsung,860 EVO,SATA/AHCI,"2.5"" & M.2 (2TB)",2000GB,Samsung MJX,"Tri-core, 8-ch, 8-CE/ch",Yes,N/A,Samsung,TLC,64,550,520,High-End SATA,
Samsung,860 EVO,SATA/AHCI,"2.5"" & M.2 (2TB)",4000GB,Samsung MJX,"Tri-core, 8-ch, 8-CE/ch",Yes,N/A,Samsung,TLC,64,550,520,High-End SATA,
Samsung,860 EVO,SATA/AHCI,"2.5"" & M.2 (2TB)",4TB,Samsung MJX,"Tri-core, 8-ch, 8-CE/ch",Yes,N/A,Samsung,TLC,64,550,520,High-End SATA,
Samsung,860 Pro,SATA/AHCI,"2.5""",256GB,Samsung MJX,"Tri-core, 8-ch, 8-CE/ch",Yes,N/A,Samsung,MLC,64,560,530,High-End SATA,
Samsung,860 Pro,SATA/AHCI,"2.5""",512GB,Samsung MJX,"Tri-core, 8-ch, 8-CE/ch",Yes,N/A,Samsung,MLC,64,560,530,High-End SATA,
Samsung,860 Pro,SATA/AHCI,"2.5""",1TB,Samsung MJX,"Tri-core, 8-ch, 8-CE/ch",Yes,N/A,Samsung,MLC,64,560,530,High-End SATA,
Samsung,860 Pro,SATA/AHCI,"2.5""",2TB,Samsung MJX,"Tri-core, 8-ch, 8-CE/ch",Yes,N/A,Samsung,MLC,64,560,530,High-End SATA,
Samsung,860 Pro,SATA/AHCI,"2.5""",4TB,Samsung MJX,"Tri-core, 8-ch, 8-CE/ch",Yes,N/A,Samsung,MLC,64,560,530,High-End SATA,
Samsung,860 QVO,SATA/AHCI,"2.5""",1TB,Samsung MJX,"Tri-core, 8-ch, 8-CE/ch",Yes,N/A,Samsung,QLC,64,550,520,Entry-Level SATA,
Samsung,860 QVO,SATA/AHCI,"2.5""",2TB,Samsung MJX,"Tri-core, 8-ch, 8-CE/ch",Yes,N/A,Samsung,QLC,64,550,520,Entry-Level SATA,
Samsung,860 QVO,SATA/AHCI,"2.5""",4TB,Samsung MJX,"Tri-core, 8-ch, 8-CE/ch",Yes,N/A,Samsung,QLC,64,550,520,Entry-Level SATA,
Samsung,870 EVO,SATA/AHCI,"2.5""",250GB,Samsung MKX,"Tri-core, 8-ch, 8-CE/ch",Yes,N/A,Samsung,TLC,128,560,530,High-End SATA,
Samsung,870 EVO,SATA/AHCI,"2.5""",500GB,Samsung MKX,"Tri-core, 8-ch, 8-CE/ch",Yes,N/A,Samsung,TLC,128,560,530,High-End SATA,
Samsung,870 EVO,SATA/AHCI,"2.5""",1000GB,Samsung MKX,"Tri-core, 8-ch, 8-CE/ch",Yes,N/A,Samsung,TLC,128,560,530,High-End SATA,
Samsung,870 EVO,SATA/AHCI,"2.5""",2000GB,Samsung MKX,"Tri-core, 8-ch, 8-CE/ch",Yes,N/A,Samsung,TLC,128,560,530,High-End SATA,
Samsung,870 EVO,SATA/AHCI,"2.5""",4000GB,Samsung MKX,"Tri-core, 8-ch, 8-CE/ch",Yes,N/A,Samsung,TLC,128,560,530,High-End SATA,
Samsung,870 EVO,SATA/AHCI,"2.5""",4TB,Samsung MKX,"Tri-core, 8-ch, 8-CE/ch",Yes,N/A,Samsung,TLC,128,560,530,High-End SATA,
Samsung,870 QVO,SATA/AHCI,"2.5""",1TB,Samsung MKX,"Tri-core, 8-ch, 8-CE/ch",Yes,N/A,Samsung,QLC,9x,560,530,Entry-Level SATA,
Samsung,870 QVO,SATA/AHCI,"2.5""",2TB,Samsung MKX,"Tri-core, 8-ch, 8-CE/ch",Yes,N/A,Samsung,QLC,9x,560,530,Entry-Level SATA,
Samsung,870 QVO,SATA/AHCI,"2.5""",4TB,Samsung MKX,"Tri-core, 8-ch, 8-CE/ch",Yes,N/A,Samsung,QLC,9x,560,530,Entry-Level SATA,
Samsung,870 QVO,SATA/AHCI,"2.5""",8TB,Samsung MKX,"Tri-core, 8-ch, 8-CE/ch",Yes,N/A,Samsung,QLC,9x,560,530,Entry-Level SATA,
Samsung,9100 Pro,x4 PCIe 5.0/NVMe,M.2,1TB,Samsung Presto,,Yes,N/A,Samsung,TLC,236L,14700,13400,,
Samsung,9100 Pro,x4 PCIe 5.0/NVMe,M.2,2TB,Samsung Presto,,Yes,N/A,Samsung,TLC,236L,14700,13400,,
Samsung,9100 Pro,x4 PCIe 5.0/NVMe,M.2,4TB,Samsung Presto,,Yes,N/A,Samsung,TLC,236L,14700,13400,,
Samsung,960 EVO,x4 PCIe 3.0/NVMe,M.2,512GB,Samsung Polaris,"Penta-core, 8-ch, 8-CE/ch",Yes,No,Samsung,TLC,48,3200,1900,Mid-Range NVMe,
Samsung,960 EVO,x4 PCIe 3.0/NVMe,M.2,1TB,Samsung Polaris,"Penta-core, 8-ch, 8-CE/ch",Yes,No,Samsung,TLC,48,3200,1900,Mid-Range NVMe,
Samsung,960 EVO,x4 PCIe 3.0/NVMe,M.2,2TB,Samsung Polaris,"Penta-core, 8-ch, 8-CE/ch",Yes,No,Samsung,TLC,48,3200,1900,Mid-Range NVMe,
Samsung,960 Pro,x4 PCIe 3.0/NVMe,M.2,250GB,Samsung Polaris,"Penta-core, 8-ch, 8-CE/ch",Yes,No,Samsung,MLC,48,3500,2100,Mid-Range NVMe,OEM SM961: 128GB-1TB
Samsung,960 Pro,x4 PCIe 3.0/NVMe,M.2,500GB,Samsung Polaris,"Penta-core, 8-ch, 8-CE/ch",Yes,No,Samsung,MLC,48,3500,2100,Mid-Range NVMe,OEM SM961: 128GB-1TB
Samsung,960 Pro,x4 PCIe 3.0/NVMe,M.2,1000GB,Samsung Polaris,"Penta-core, 8-ch, 8-CE/ch",Yes,No,Samsung,MLC,48,3500,2100,Mid-Range NVMe,OEM SM961: 128GB-1TB
Samsung,960 Pro,x4 PCIe 3.0/NVMe,M.2,2000GB,Samsung Polaris,"Penta-core, 8-ch, 8-CE/ch",Yes,No,Samsung,MLC,48,3500,2100,Mid-Range NVMe,OEM SM961: 128GB-1TB
Samsung,960 Pro,x4 PCIe 3.0/NVMe,M.2,2TB,Samsung Polaris,"Penta-core, 8-ch, 8-CE/ch",Yes,No,Samsung,MLC,48,3500,2100,Mid-Range NVMe,OEM SM961: 128GB-1TB
Samsung,970 EVO,x4 PCIe 3.0/NVMe,M.2,250GB,Samsung Phoenix,"Penta-core, 8-ch, 8-CE/ch",Yes,No,Samsung,TLC,64,3500,2500,Mid-Range NVMe,
Samsung,970 EVO,x4 PCIe 3.0/NVMe,M.2,500GB,Samsung Phoenix,"Penta-core, 8-ch, 8-CE/ch",Yes,No,Samsung,TLC,64,3500,2500,Mid-Range NVMe,
Samsung,970 EVO,x4 PCIe 3.0/NVMe,M.2,1000GB,Samsung Phoenix,"Penta-core, 8-ch, 8-CE/ch",Yes,No,Samsung,TLC,64,3500,2500,Mid-Range NVMe,
Samsung,970 EVO,x4 PCIe 3.0/NVMe,M.2,2000GB,Samsung Phoenix,"Penta-core, 8-ch, 8-CE/ch",Yes,No,Samsung,TLC,64,3500,2500,Mid-Range NVMe,
Samsung,970 EVO,x4 PCIe 3.0/NVMe,M.2,2TB,Samsung Phoenix,"Penta-core, 8-ch, 8-CE/ch",Yes,No,Samsung,TLC,64,3500,2500,Mid-Range NVMe,
Samsung,970 EVO Plus,x4 PCIe 3.0/NVMe,M.2,250GB,Samsung Phoenix,"Penta-core, 8-ch, 8-CE/ch",Yes,No,Samsung,TLC,96 (92),3500,3300,Mid-Range NVMe,Elpis + 128L flash change
Samsung,970 EVO Plus,x4 PCIe 3.0/NVMe,M.2,500GB,Samsung Phoenix,"Penta-core, 8-ch, 8-CE/ch",Yes,No,Samsung,TLC,96 (92),3500,3300,Mid-Range NVMe,Elpis + 128L flash change
Samsung,970 EVO Plus,x4 PCIe 3.0/NVMe,M.2,1000GB,Samsung Phoenix,"Penta-core, 8-ch, 8-CE/ch",Yes,No,Samsung,TLC,96 (92),3500,3300,Mid-Range NVMe,Elpis + 128L flash change
Samsung,970 EVO Plus,x4 PCIe 3.0/NVMe,M.2,2000GB,Samsung Phoenix,"Penta-core, 8-ch, 8-CE/ch",Yes,No,Samsung,TLC,96 (92),3500,3300,Mid-Range NVMe,Elpis + 128L flash change
Samsung,970 EVO Plus,x4 PCIe 3.0/NVMe,M.2,2TB,Samsung Phoenix,"Penta-core, 8-ch, 8-CE/ch",Yes,No,Samsung,TLC,96 (92),3500,3300,Mid-Range NVMe,Elpis + 128L flash change
Samsung,970 Pro,x4 PCIe 3.0/NVMe,M.2,512GB,Samsung Phoenix,"Penta-core, 8-ch, 8-CE/ch",Yes,No,Samsung,MLC,64,3500,2700,Mid-Range NVMe,
Samsung,970 Pro,x4 PCIe 3.0/NVMe,M.2,1TB,Samsung Phoenix,"Penta-core, 8-ch, 8-CE/ch",Yes,No,Samsung,MLC,64,3500,2700,Mid-Range NVMe,
Samsung,980,x4 PCIe 3.0/NVMe,M.2,250GB,Samsung Pablo,"Cortex-R5, 4x4",No,Yes,Samsung,TLC,128,3500,3000,Entry-Level NVMe,
Samsung,980,x4 PCIe 3.0/NVMe,M.2,500GB,Samsung Pablo,"Cortex-R5, 4x4",No,Yes,Samsung,TLC,128,3500,3000,Entry-Level NVMe,
Samsung,980,x4 PCIe 3.0/NVMe,M.2,1000GB,Samsung Pablo,"Cortex-R5, 4x4",No,Yes,Samsung,TLC,128,3500,3000,Entry-Level NVMe,
Samsung,980,x4 PCIe 3.0/NVMe,M.2,1TB,Samsung Pablo,"Cortex-R5, 4x4",No,Yes,Samsung,TLC,128,3500,3000,Entry-Level NVMe,
Samsung,980 Pro,x4 PCIe 4.0/NVMe,M.2,250GB,Samsung Elpis,"Cortex-R8, 8x8",Yes,N/A,Samsung,TLC,128 (136),7000,5000,High-End NVMe,OEM: PM9A1
Samsung,980 Pro,x4 PCIe 4.0/NVMe,M.2,500GB,Samsung Elpis,"Cortex-R8, 8x8",Yes,N/A,Samsung,TLC,128 (136),7000,5000,High-End NVMe,OEM: PM9A1
Samsung,980 Pro,x4 PCIe 4.0/NVMe,M.2,1000GB,Samsung Elpis,"Cortex-R8, 8x8",Yes,N/A,Samsung,TLC,128 (136),7000,5000,High-End NVMe,OEM: PM9A1
Samsung,980 Pro,x4 PCIe 4.0/NVMe,M.2,2000GB,Samsung Elpis,"Cortex-R8, 8x8",Yes,N/A,Samsung,TLC,128 (136),7000,5000,High-End NVMe,OEM: PM9A1
Samsung,980 Pro,x4 PCIe 4.0/NVMe,M.2,2TB,Samsung Elpis,"Cortex-R8, 8x8",Yes,N/A,Samsung,TLC,128 (136),7000,5000,High-End NVMe,OEM: PM9A1
Samsung,990 EVO,x4 PCIe 4.0/NVMe,M.2,1TB,Samsung Piccolo,"Hexa-core R8 + R5, 4x4",No,Yes,Samsung,TLC,133,5000,4200,Mid-Range NVMe,x2 PCIe 5.0 mode
Samsung,990 EVO,x4 PCIe 4.0/NVMe,M.2,2TB,Samsung Piccolo,"Hexa-core R8 + R5, 4x4",No,Yes,Samsung,TLC,133,5000,4200,Mid-Range NVMe,x2 PCIe 5.0 mode
Samsung,990 EVO Plus,x4 PCIe 4.0/NVMe,M.2,1TB,Samsung Piccolo,"Hexa-core R8 + R5, 4x4",No,Yes,Samsung,TLC,236,7250,6300,Mid-Range NVMe,x2 PCIe 5.0 mode
Samsung,990 EVO Plus,x4 PCIe 4.0/NVMe,M.2,2TB,Samsung Piccolo,"Hexa-core R8 + R5, 4x4",No,Yes,Samsung,TLC,236,7250,6300,Mid-Range NVMe,x2 PCIe 5.0 mode
Samsung,990 EVO Plus,x4 PCIe 4.0/NVMe,M.2,4TB,Samsung Piccolo,"Hexa-core R8 + R5, 4x4",No,Yes,Samsung,TLC,236,7250,6300,Mid-Range NVMe,x2 PCIe 5.0 mode
Samsung,990 Pro,x4 PCIe 4.0/NVMe,M.2,1TB,Samsung Pascal,"Cortex-R8, 8x8",Yes,N/A,Samsung,TLC,176,7450,6900,High-End NVMe,"4TB 2023, upd 236L/V8"
Samsung,990 Pro,x4 PCIe 4.0/NVMe,M.2,2TB,Samsung Pascal,"Cortex-R8, 8x8",Yes,N/A,Samsung,TLC,176,7450,6900,High-End NVMe,"4TB 2023, upd 236L/V8"
Samsung,990 Pro,x4 PCIe 4.0/NVMe,M.2,4TB,Samsung Pascal,"Cortex-R8, 8x8",Yes,N/A,Samsung,TLC,176,7450,6900,High-End NVMe,"4TB 2023, upd 236L/V8"
Samsung,T5,USB 3.2 Gen 2x1,USB-C,250GB,Samsung MGX,"Dual-core, 8-ch, 8-CE/ch",Yes,N/A,Samsung,TLC,64,540,,High-End SATA,Portable
Samsung,T5,USB 3.2 Gen 2x1,USB-C,500GB,Samsung MGX,"Dual-core, 8-ch, 8-CE/ch",Yes,N/A,Samsung,TLC,64,540,,High-End SATA,Portable
Samsung,T5,USB 3.2 Gen 2x1,USB-C,1000GB,Samsung MGX,"Dual-core, 8-ch, 8-CE/ch",Yes,N/A,Samsung,TLC,64,540,,High-End SATA,Portable
Samsung,T5,USB 3.2 Gen 2x1,USB-C,2000GB,Samsung MGX,"Dual-core, 8-ch, 8-CE/ch",Yes,N/A,Samsung,TLC,64,540,,High-End SATA,Portable
Samsung,T5,USB 3.2 Gen 2x1,USB-C,2TB,Samsung MGX,"Dual-core, 8-ch, 8-CE/ch",Yes,N/A,Samsung,TLC,64,540,,High-End SATA,Portable
Samsung,T5 EVO,USB 3.2 Gen 1x1,USB-C,2TB,Samsung MKX,"Tri-core, 8-ch, 8-CE/ch",Yes,N/A,Samsung,QLC,176,460,460,Entry-Level SATA,Metis = MKX
Samsung,T5 EVO,USB 3.2 Gen 1x1,USB-C,4TB,Samsung MKX,"Tri-core, 8-ch, 8-CE/ch",Yes,N/A,Samsung,QLC,176,460,460,Entry-Level SATA,Metis = MKX
Samsung,T5 EVO,USB 3.2 Gen 1x1,USB-C,8TB,Samsung MKX,"Tri-core, 8-ch, 8-CE/ch",Yes,N/A,Samsung,QLC,176,460,460,Entry-Level SATA,Metis = MKX
Samsung,T7/T7 Touch/T7 Shield,USB 3.2 Gen 2x1,USB-C,500GB,Samsung Pablo,"Cortex-R5, 4x4",No,No,Samsung,TLC,96+,1050,1050,Entry-Level NVMe,Portable; Touch and Shield + features
Samsung,T7/T7 Touch/T7 Shield,USB 3.2 Gen 2x1,USB-C,1000GB,Samsung Pablo,"Cortex-R5, 4x4",No,No,Samsung,TLC,96+,1050,1050,Entry-Level NVMe,Portable; Touch and Shield + features
Samsung,T7/T7 Touch/T7 Shield,USB 3.2 Gen 2x1,USB-C,2000GB,Samsung Pablo,"Cortex-R5, 4x4",No,No,Samsung,TLC,96+,1050,1050,Entry-Level NVMe,Portable; Touch and Shield + features
Samsung,T7/T7 Touch/T7 Shield,USB 3.2 Gen 2x1,USB-C,2TB,Samsung Pablo,"Cortex-R5, 4x4",No,No,Samsung,TLC,96+,1050,1050,Entry-Level NVMe,Portable; Touch and Shield + features
Samsung,T9,USB 3.2 Gen 2x2,USB-C,1TB,Samsung Pablo,"Cortex-R5, 4x4",No,Yes,Samsung,TLC,128,2000,2000,,Portable; V6 TLC at launch
Samsung,T9,USB 3.2 Gen 2x2,USB-C,2TB,Samsung Pablo,"Cortex-R5, 4x4",No,Yes,Samsung,TLC,128,2000,2000,,Portable; V6 TLC at launch
Samsung,T9,USB 3.2 Gen 2x2,USB-C,4TB,Samsung Pablo,"Cortex-R5, 4x4",No,Yes,Samsung,TLC,128,2000,2000,,Portable; V6 TLC at launch
Samsung,X5,TB3,USB-C,500GB,Samsung Phoenix,"Penta-core, 8-ch, 8-CE/ch",Yes,No,Samsung,TLC,64,2800,2300,Mid-Range NVMe,Portable
Samsung,X5,TB3,USB-C,1000GB,Samsung Phoenix,"Penta-core, 8-ch, 8-CE/ch",Yes,No,Samsung,TLC,64,2800,2300,Mid-Range NVMe,Portable
Samsung,X5,TB3,USB-C,2000GB,Samsung Phoenix,"Penta-core, 8-ch, 8-CE/ch",Yes,No,Samsung,TLC,64,2800,2300,Mid-Range NVMe,Portable
Samsung,X5,TB3,USB-C,2TB,Samsung Phoenix,"Penta-core, 8-ch, 8-CE/ch",Yes,No,Samsung,TLC,64,2800,2300,Mid-Range NVMe,Portable
SanDisk,Extreme Pro NVMe,x4 PCIe 3.0/NVMe,M.2,500GB,WD Proprietary,"Tri-core, 8-ch, 8-CE/ch",Yes,No,SanDisk,TLC,64,3400,2800,High-End NVMe,
SanDisk,Extreme Pro NVMe,x4 PCIe 3.0/NVMe,M.2,1000GB,WD Proprietary,"Tri-core, 8-ch, 8-CE/ch",Yes,No,SanDisk,TLC,64,3400,2800,High-End NVMe,
SanDisk,Extreme Pro NVMe,x4 PCIe 3.0/NVMe,M.2,1TB,WD Proprietary,"Tri-core, 8-ch, 8-CE/ch",Yes,No,SanDisk,TLC,64,3400,2800,High-End NVMe,
SanDisk,Extreme Pro NVMe v2,x4 PCIe 3.0/NVMe,M.2,1TB,WD Proprietary,"Tri-core, 8-ch, 8-CE/ch",Yes,No,SanDisk,TLC,96,2000,2000,Mid-Range NVMe,
SanDisk,Extreme Pro NVMe v2,x4 PCIe 3.0/NVMe,M.2,2TB,WD Proprietary,"Tri-core, 8-ch, 8-CE/ch",Yes,No,SanDisk,TLC,96,2000,2000,Mid-Range NVMe,
SanDisk,Extreme Port.,USB 3.2 Gen 2x1,USB-C,250GB,Marvell 88SS1074,"Dual-core, 4-ch, 8-CE/ch",Yes,N/A,SanDisk,TLC,64,550,,High-End SATA,Portable
SanDisk,Extreme Port.,USB 3.2 Gen 2x1,USB-C,500GB,Marvell 88SS1074,"Dual-core, 4-ch, 8-CE/ch",Yes,N/A,SanDisk,TLC,64,550,,High-End SATA,Portable
SanDisk,Extreme Port.,USB 3.2 Gen 2x1,USB-C,1000GB,Marvell 88SS1074,"Dual-core, 4-ch, 8-CE/ch",Yes,N/A,SanDisk,TLC,64,550,,High-End SATA,Portable
SanDisk,Extreme Port.,USB 3.2 Gen 2x1,USB-C,2000GB,Marvell 88SS1074,"Dual-core, 4-ch, 8-CE/ch",Yes,N/A,SanDisk,TLC,64,550,,High-End SATA,Portable
SanDisk,Extreme Port.,USB 3.2 Gen 2x1,USB-C,2TB,Marvell 88SS1074,"Dual-core, 4-ch, 8-CE/ch",Yes,N/A,SanDisk,TLC,64,550,,High-End SATA,Portable
SanDisk,Extreme Port. V2,USB 3.2 Gen 2x2,USB-C,500GB,WD Proprietary,"Tri-core, 4-ch, 8-CE/ch",No,N/A,SanDisk,TLC,96,1050,1050,Entry-Level NVMe,Portable; ASM2362
SanDisk,Extreme Port. V2,USB 3.2 Gen 2x2,USB-C,1000GB,WD Proprietary,"Tri-core, 4-ch, 8-CE/ch",No,N/A,SanDisk,TLC,96,1050,1050,Entry-Level NVMe,Portable; ASM2362
SanDisk,Extreme Port. V2,USB 3.2 Gen 2x2,USB-C,2000GB,WD Proprietary,"Tri-core, 4-ch, 8-CE/ch",No,N/A,SanDisk,TLC,96,1050,1050,Entry-Level NVMe,Portable; ASM2362
SanDisk,Extreme Port. V2,USB 3.2 Gen 2x2,USB-C,4000GB,WD Proprietary,"Tri-core, 4-ch, 8-CE/ch",No,N/A,SanDisk,TLC,96,1050,1050,Entry-Level NVMe,Portable; ASM2362
SanDisk,Extreme Port. V2,USB 3.2 Gen 2x2,USB-C,4TB,WD Proprietary,"Tri-core, 4-ch, 8-CE/ch",No,N/A,SanDisk,TLC,96,1050,1050,Entry-Level NVMe,Portable; ASM2362
SanDisk,Extreme PRO Port. V2,USB 3.2 Gen 2x2,USB-C,1TB,WD Proprietary,"Tri-core, 4-ch, 8-CE/ch",Yes,N/A,SanDisk,TLC,96,2000,2000,Entry-Level NVMe,Portable; ASM2364
SanDisk,Extreme PRO Port. V2,USB 3.2 Gen 2x2,USB-C,2TB,WD Proprietary,"Tri-core, 4-ch, 8-CE/ch",Yes,N/A,SanDisk,TLC,96,2000,2000,Entry-Level NVMe,Portable; ASM2364
SanDisk,Extreme PRO Port. V2,USB 3.2 Gen 2x2,USB-C,4TB,WD Proprietary,"Tri-core, 4-ch, 8-CE/ch",Yes,N/A,SanDisk,TLC,96,2000,2000,Entry-Level NVMe,Portable; ASM2364
SanDisk,Pro-G40,TB3,USB-C,1TB,WD Proprietary,"Tri-core, 4-ch, 8-CE/ch",Yes,N/A,SanDisk,TLC,96,2700,1050,Mid-Range NVMe,Portable; JHL7440 + ASM2362 (USB)
SanDisk,Pro-G40,TB3,USB-C,2TB,WD Proprietary,"Tri-core, 4-ch, 8-CE/ch",Yes,N/A,SanDisk,TLC,96,2700,1050,Mid-Range NVMe,Portable; JHL7440 + ASM2362 (USB)
SanDisk,SSD Plus,SATA/AHCI,"2.5""",120GB,SMI SM2256S,"Single-core, 4-ch, 8-CE/ch",No,N/A,SanDisk/Kioxia,TLC,N/A,545,450,Entry-Level SATA,"2TB - DRAM, some QLC; SA510 crap variety"
SanDisk,SSD Plus,SATA/AHCI,"2.5""",240GB,SMI SM2256S,"Single-core, 4-ch, 8-CE/ch",No,N/A,SanDisk/Kioxia,TLC,N/A,545,450,Entry-Level SATA,"2TB - DRAM, some QLC; SA510 crap variety"
SanDisk,SSD Plus,SATA/AHCI,"2.5""",480GB,SMI SM2256S,"Single-core, 4-ch, 8-CE/ch",No,N/A,SanDisk/Kioxia,TLC,N/A,545,450,Entry-Level SATA,"2TB - DRAM, some QLC; SA510 crap variety"
SanDisk,SSD Plus,SATA/AHCI,"2.5""",960GB,SMI SM2256S,"Single-core, 4-ch, 8-CE/ch",No,N/A,SanDisk/Kioxia,TLC,N/A,545,450,Entry-Level SATA,"2TB - DRAM, some QLC; SA510 crap variety"
SanDisk,SSD Plus,SATA/AHCI,"2.5""",1920GB,SMI SM2256S,"Single-core, 4-ch, 8-CE/ch",No,N/A,SanDisk/Kioxia,TLC,N/A,545,450,Entry-Level SATA,"2TB - DRAM, some QLC; SA510 crap variety"
SanDisk,SSD Plus,SATA/AHCI,"2.5""",2TB,SMI SM2256S,"Single-core, 4-ch, 8-CE/ch",No,N/A,SanDisk/Kioxia,TLC,N/A,545,450,Entry-Level SATA,"2TB - DRAM, some QLC; SA510 crap variety"
SanDisk,SSD Plus (NVMe),x4 PCIe 3.0/NVMe,M.2,250GB,WD Proprietary,,No,Yes,SanDisk,,112,3200,3000,Entry-Level NVMe,"QLC at 1TB/2TB, SN330/SN550 controller"
SanDisk,SSD Plus (NVMe),x4 PCIe 3.0/NVMe,M.2,500GB,WD Proprietary,,No,Yes,SanDisk,,112,3200,3000,Entry-Level NVMe,"QLC at 1TB/2TB, SN330/SN550 controller"
SanDisk,SSD Plus (NVMe),x4 PCIe 3.0/NVMe,M.2,1000GB,WD Proprietary,,No,Yes,SanDisk,,112,3200,3000,Entry-Level NVMe,"QLC at 1TB/2TB, SN330/SN550 controller"
SanDisk,SSD Plus (NVMe),x4 PCIe 3.0/NVMe,M.2,2000GB,WD Proprietary,,No,Yes,SanDisk,,112,3200,3000,Entry-Level NVMe,"QLC at 1TB/2TB, SN330/SN550 controller"
SanDisk,SSD Plus (NVMe),x4 PCIe 3.0/NVMe,M.2,2TB,WD Proprietary,,No,Yes,SanDisk,,112,3200,3000,Entry-Level NVMe,"QLC at 1TB/2TB, SN330/SN550 controller"
SanDisk,Ultra,x4 PCIe 3.0/NVMe,M.2,250GB,WD Proprietary,"Tri-core, 4-ch, 8-CE/ch",No,Yes,SanDisk,TLC,96,2400,1950,Entry-Level NVMe,5-year
SanDisk,Ultra,x4 PCIe 3.0/NVMe,M.2,500GB,WD Proprietary,"Tri-core, 4-ch, 8-CE/ch",No,Yes,SanDisk,TLC,96,2400,1950,Entry-Level NVMe,5-year
SanDisk,Ultra,x4 PCIe 3.0/NVMe,M.2,1000GB,WD Proprietary,"Tri-core, 4-ch, 8-CE/ch",No,Yes,SanDisk,TLC,96,2400,1950,Entry-Level NVMe,5-year
SanDisk,Ultra,x4 PCIe 3.0/NVMe,M.2,1TB,WD Proprietary,"Tri-core, 4-ch, 8-CE/ch",No,Yes,SanDisk,TLC,96,2400,1950,Entry-Level NVMe,5-year
SanDisk,Ultra 3D,SATA/AHCI,"2.5""",250GB,Marvell 88SS1074,"Dual-core, 4-ch, 8-CE/ch",Yes,N/A,SanDisk,TLC,64,550,525,High-End SATA,960GB+ now w/DRAM
SanDisk,Ultra 3D,SATA/AHCI,"2.5""",500GB,Marvell 88SS1074,"Dual-core, 4-ch, 8-CE/ch",Yes,N/A,SanDisk,TLC,64,550,525,High-End SATA,960GB+ now w/DRAM
SanDisk,Ultra 3D,SATA/AHCI,"2.5""",1000GB,Marvell 88SS1074,"Dual-core, 4-ch, 8-CE/ch",Yes,N/A,SanDisk,TLC,64,550,525,High-End SATA,960GB+ now w/DRAM
SanDisk,Ultra 3D,SATA/AHCI,"2.5""",2000GB,Marvell 88SS1074,"Dual-core, 4-ch, 8-CE/ch",Yes,N/A,SanDisk,TLC,64,550,525,High-End SATA,960GB+ now w/DRAM
SanDisk,Ultra 3D,SATA/AHCI,"2.5""",2TB,Marvell 88SS1074,"Dual-core, 4-ch, 8-CE/ch",Yes,N/A,SanDisk,TLC,64,550,525,High-End SATA,960GB+ now w/DRAM
Seagate,520N,x4 PCIe 4.0/NVMe,M.2,1TB,,,,,,,,5000,4800,Mid-Range NVMe,2230
Seagate,520N,x4 PCIe 4.0/NVMe,M.2,2TB,,,,,,,,5000,4800,Mid-Range NVMe,2230
Seagate,BarraCuda,SATA/AHCI,"2.5""",250GB,Phison S10,"Quad-core, 8-ch, 4-CE/ch",Yes,N/A,Kioxia,TLC,64,560,540,Mid-Range SATA,
Seagate,BarraCuda,SATA/AHCI,"2.5""",500GB,Phison S10,"Quad-core, 8-ch, 4-CE/ch",Yes,N/A,Kioxia,TLC,64,560,540,Mid-Range SATA,
Seagate,BarraCuda,SATA/AHCI,"2.5""",1000GB,Phison S10,"Quad-core, 8-ch, 4-CE/ch",Yes,N/A,Kioxia,TLC,64,560,540,Mid-Range SATA,
Seagate,BarraCuda,SATA/AHCI,"2.5""",2000GB,Phison S10,"Quad-core, 8-ch, 4-CE/ch",Yes,N/A,Kioxia,TLC,64,560,540,Mid-Range SATA,
Seagate,BarraCuda,SATA/AHCI,"2.5""",2TB,Phison S10,"Quad-core, 8-ch, 4-CE/ch",Yes,N/A,Kioxia,TLC,64,560,540,Mid-Range SATA,
Seagate,BarraCuda 120,SATA/AHCI,"2.5""",250GB,Phison S12,"Dual-R5 + CoX, 8x8",Yes,N/A,,TLC,96,560,540,High-End SATA,S10 w/LDPC
Seagate,BarraCuda 120,SATA/AHCI,"2.5""",500GB,Phison S12,"Dual-R5 + CoX, 8x8",Yes,N/A,,TLC,96,560,540,High-End SATA,S10 w/LDPC
Seagate,BarraCuda 120,SATA/AHCI,"2.5""",1000GB,Phison S12,"Dual-R5 + CoX, 8x8",Yes,N/A,,TLC,96,560,540,High-End SATA,S10 w/LDPC
Seagate,BarraCuda 120,SATA/AHCI,"2.5""",2000GB,Phison S12,"Dual-R5 + CoX, 8x8",Yes,N/A,,TLC,96,560,540,High-End SATA,S10 w/LDPC
Seagate,BarraCuda 120,SATA/AHCI,"2.5""",2TB,Phison S12,"Dual-R5 + CoX, 8x8",Yes,N/A,,TLC,96,560,540,High-End SATA,S10 w/LDPC
Seagate,BarraCuda 510,x4 PCIe 3.0/NVMe,M.2,256GB,Phison E12S,"Dual R5 + CoX, 8-ch, 4-CE/ch",Yes,No,Kioxia,TLC,64,3400,2180,Mid-Range NVMe,Updated to 96L
Seagate,BarraCuda 510,x4 PCIe 3.0/NVMe,M.2,512GB,Phison E12S,"Dual R5 + CoX, 8-ch, 4-CE/ch",Yes,No,Kioxia,TLC,64,3400,2180,Mid-Range NVMe,Updated to 96L
Seagate,Fast SSD,USB 3.2 Gen 2x1,USB-C,512GB,Phison S10,"Quad-core, 8-ch, 4-CE/ch",Yes,N/A,Micron,TLC,96,540,500,Mid-Range SATA,Portable
Seagate,Fast SSD,USB 3.2 Gen 2x1,USB-C,1TB,Phison S10,"Quad-core, 8-ch, 4-CE/ch",Yes,N/A,Micron,TLC,96,540,500,Mid-Range SATA,Portable
Seagate,Fast SSD,USB 3.2 Gen 2x1,USB-C,2TB,Phison S10,"Quad-core, 8-ch, 4-CE/ch",Yes,N/A,Micron,TLC,96,540,500,Mid-Range SATA,Portable
Seagate,FireCuda 510,x4 PCIe 3.0/NVMe,M.2,1TB,Phison E12S,"Dual R5 + CoX, 8-ch, 4-CE/ch",Yes,No,Kioxia,TLC,64,3450,3200,Mid-Range NVMe,Updated to 96L
Seagate,FireCuda 510,x4 PCIe 3.0/NVMe,M.2,2TB,Phison E12S,"Dual R5 + CoX, 8-ch, 4-CE/ch",Yes,No,Kioxia,TLC,64,3450,3200,Mid-Range NVMe,Updated to 96L
Seagate,FireCuda 520,x4 PCIe 4.0/NVMe,M.2,500GB,Phison E16,"Dual R5 + CoX, 8-ch, 4-CE/ch",Yes,No,Kioxia,TLC,96,5500,4400,Mid-Range NVMe,New E21T variant
Seagate,FireCuda 520,x4 PCIe 4.0/NVMe,M.2,1000GB,Phison E16,"Dual R5 + CoX, 8-ch, 4-CE/ch",Yes,No,Kioxia,TLC,96,5500,4400,Mid-Range NVMe,New E21T variant
Seagate,FireCuda 520,x4 PCIe 4.0/NVMe,M.2,2000GB,Phison E16,"Dual R5 + CoX, 8-ch, 4-CE/ch",Yes,No,Kioxia,TLC,96,5500,4400,Mid-Range NVMe,New E21T variant
Seagate,FireCuda 520,x4 PCIe 4.0/NVMe,M.2,2TB,Phison E16,"Dual R5 + CoX, 8-ch, 4-CE/ch",Yes,No,Kioxia,TLC,96,5500,4400,Mid-Range NVMe,New E21T variant
Seagate,FireCuda 530,x4 PCIe 4.0/NVMe,M.2,500GB,Phison E18,"Triple R5 + CoX, 8-ch, 4-CE/ch",Yes,N/A,Micron,TLC,176,7300,6900,High-End NVMe,New: E27T + BiCS6; 530R = end. Optimized
Seagate,FireCuda 530,x4 PCIe 4.0/NVMe,M.2,1000GB,Phison E18,"Triple R5 + CoX, 8-ch, 4-CE/ch",Yes,N/A,Micron,TLC,176,7300,6900,High-End NVMe,New: E27T + BiCS6; 530R = end. Optimized
Seagate,FireCuda 530,x4 PCIe 4.0/NVMe,M.2,2000GB,Phison E18,"Triple R5 + CoX, 8-ch, 4-CE/ch",Yes,N/A,Micron,TLC,176,7300,6900,High-End NVMe,New: E27T + BiCS6; 530R = end. Optimized
Seagate,FireCuda 530,x4 PCIe 4.0/NVMe,M.2,4000GB,Phison E18,"Triple R5 + CoX, 8-ch, 4-CE/ch",Yes,N/A,Micron,TLC,176,7300,6900,High-End NVMe,New: E27T + BiCS6; 530R = end. Optimized
Seagate,FireCuda 530,x4 PCIe 4.0/NVMe,M.2,4TB,Phison E18,"Triple R5 + CoX, 8-ch, 4-CE/ch",Yes,N/A,Micron,TLC,176,7300,6900,High-End NVMe,New: E27T + BiCS6; 530R = end. Optimized
Seagate,FireCuda 540,x4 PCIe 5.0/NVMe,M.2,1TB,Phison E26,"Dual DC R5 + 3xCoX, 8-ch, 4-CE/ch",Yes,N/A,Micron,TLC,232,10000,10000,High-End NVMe,
Seagate,FireCuda 540,x4 PCIe 5.0/NVMe,M.2,2TB,Phison E26,"Dual DC R5 + 3xCoX, 8-ch, 4-CE/ch",Yes,N/A,Micron,TLC,232,10000,10000,High-End NVMe,
Seagate,FireCuda 540,x4 PCIe 5.0/NVMe,M.2,4TB,Phison E26,"Dual DC R5 + 3xCoX, 8-ch, 4-CE/ch",Yes,N/A,Micron,TLC,232,10000,10000,High-End NVMe,
Seagate,Game Drive PS5,x4 PCIe 4.0/NVMe,M.2,1TB,Phison E18,"Triple R5 + CoX, 8-ch, 4-CE/ch",,,,,,,,,
Seagate,Game Drive PS5,x4 PCIe 4.0/NVMe,M.2,2TB,Phison E18,"Triple R5 + CoX, 8-ch, 4-CE/ch",,,,,,,,,
Seagate,One Touch SSD,USB 3.2 Gen 1x1,USB-C,500GB,Phison S10,"Quad-core, 8-ch, 4-CE/ch",Yes,N/A,Kioxia,TLC,64,400,400,Mid-Range SATA,Portable
Seagate,One Touch SSD,USB 3.2 Gen 1x1,USB-C,1000GB,Phison S10,"Quad-core, 8-ch, 4-CE/ch",Yes,N/A,Kioxia,TLC,64,400,400,Mid-Range SATA,Portable
Seagate,One Touch SSD,USB 3.2 Gen 1x1,USB-C,1TB,Phison S10,"Quad-core, 8-ch, 4-CE/ch",Yes,N/A,Kioxia,TLC,64,400,400,Mid-Range SATA,Portable
Seagate,One Touch SSD NVMe,USB 3.2 Gen 2x1,USB-C,500GB,,,,,,,,1030,1030,Entry-Level NVMe,Portable
Seagate,One Touch SSD NVMe,USB 3.2 Gen 2x1,USB-C,1000GB,,,,,,,,1030,1030,Entry-Level NVMe,Portable
Seagate,One Touch SSD NVMe,USB 3.2 Gen 2x1,USB-C,2000GB,,,,,,,,1030,1030,Entry-Level NVMe,Portable
Seagate,One Touch SSD NVMe,USB 3.2 Gen 2x1,USB-C,2TB,,,,,,,,1030,1030,Entry-Level NVMe,Portable
Seagate,BarraCuda Q1,SATA/AHCI,"2.5""",240GB,Phison S11,"Single-core, 2-ch, 8-CE/ch",No,N/A,,QLC,,550,500,Entry-Level SATA,
Seagate,BarraCuda Q1,SATA/AHCI,"2.5""",480GB,Phison S11,"Single-core, 2-ch, 8-CE/ch",No,N/A,,QLC,,550,500,Entry-Level SATA,
Seagate,BarraCuda Q1,SATA/AHCI,"2.5""",960GB,Phison S11,"Single-core, 2-ch, 8-CE/ch",No,N/A,,QLC,,550,500,Entry-Level SATA,
Seagate,BarraCuda Q5,x4 PCIe 3.0/NVMe,M.2,500GB,Phison E13T,"Single-core, 4-ch, 8-CE/ch",No,Yes,Intel,QLC,96,2400,1800,Entry-Level NVMe,
Seagate,BarraCuda Q5,x4 PCIe 3.0/NVMe,M.2,1000GB,Phison E13T,"Single-core, 4-ch, 8-CE/ch",No,Yes,Intel,QLC,96,2400,1800,Entry-Level NVMe,
Seagate,BarraCuda Q5,x4 PCIe 3.0/NVMe,M.2,2000GB,Phison E13T,"Single-core, 4-ch, 8-CE/ch",No,Yes,Intel,QLC,96,2400,1800,Entry-Level NVMe,
Seagate,BarraCuda Q5,x4 PCIe 3.0/NVMe,M.2,2TB,Phison E13T,"Single-core, 4-ch, 8-CE/ch",No,Yes,Intel,QLC,96,2400,1800,Entry-Level NVMe,
Silicon Power,A55/S55,SATA/AHCI,"2.5"" & M.2",60GB,SMI SM2258XT,"Single-core, 4-ch, 4-CE/ch",No,N/A,Micron,TLC,64,560,530,Entry-Level SATA,Variable hardware
Silicon Power,A55/S55,SATA/AHCI,"2.5"" & M.2",120GB,SMI SM2258XT,"Single-core, 4-ch, 4-CE/ch",No,N/A,Micron,TLC,64,560,530,Entry-Level SATA,Variable hardware
Silicon Power,A55/S55,SATA/AHCI,"2.5"" & M.2",240GB,SMI SM2258XT,"Single-core, 4-ch, 4-CE/ch",No,N/A,Micron,TLC,64,560,530,Entry-Level SATA,Variable hardware
Silicon Power,A55/S55,SATA/AHCI,"2.5"" & M.2",480GB,SMI SM2258XT,"Single-core, 4-ch, 4-CE/ch",No,N/A,Micron,TLC,64,560,530,Entry-Level SATA,Variable hardware
Silicon Power,A55/S55,SATA/AHCI,"2.5"" & M.2",960GB,SMI SM2258XT,"Single-core, 4-ch, 4-CE/ch",No,N/A,Micron,TLC,64,560,530,Entry-Level SATA,Variable hardware
Silicon Power,A55/S55,SATA/AHCI,"2.5"" & M.2",1TB,SMI SM2258XT,"Single-core, 4-ch, 4-CE/ch",No,N/A,Micron,TLC,64,560,530,Entry-Level SATA,Variable hardware
Silicon Power,A58,SATA/AHCI,"2.5""",128GB,Phison S11,"Single-core, 2-ch, 8-CE/ch",No,N/A,Kioxia,TLC,64,480,510,Entry-Level SATA,
Silicon Power,A58,SATA/AHCI,"2.5""",256GB,Phison S11,"Single-core, 2-ch, 8-CE/ch",No,N/A,Kioxia,TLC,64,480,510,Entry-Level SATA,
Silicon Power,A58,SATA/AHCI,"2.5""",512GB,Phison S11,"Single-core, 2-ch, 8-CE/ch",No,N/A,Kioxia,TLC,64,480,510,Entry-Level SATA,
Silicon Power,Bolt B75 Pro,USB 3.2 Gen 2x1,USB-C,250GB,Phison S11,"Single-core, 2-ch, 8-CE/ch",No,N/A,Kioxia,TLC,64,520,420,Entry-Level SATA,Portable
Silicon Power,Bolt B75 Pro,USB 3.2 Gen 2x1,USB-C,500GB,Phison S11,"Single-core, 2-ch, 8-CE/ch",No,N/A,Kioxia,TLC,64,520,420,Entry-Level SATA,Portable
Silicon Power,Bolt B75 Pro,USB 3.2 Gen 2x1,USB-C,1000GB,Phison S11,"Single-core, 2-ch, 8-CE/ch",No,N/A,Kioxia,TLC,64,520,420,Entry-Level SATA,Portable
Silicon Power,Bolt B75 Pro,USB 3.2 Gen 2x1,USB-C,2000GB,Phison S11,"Single-core, 2-ch, 8-CE/ch",No,N/A,Kioxia,TLC,64,520,420,Entry-Level SATA,Portable
Silicon Power,Bolt B75 Pro,USB 3.2 Gen 2x1,USB-C,2TB,Phison S11,"Single-core, 2-ch, 8-CE/ch",No,N/A,Kioxia,TLC,64,520,420,Entry-Level SATA,Portable
Silicon Power,DS72,USB 3.2 Gen 2x1,USB-C,250GB,,,,,,,,1050,850,,
Silicon Power,DS72,USB 3.2 Gen 2x1,USB-C,500GB,,,,,,,,1050,850,,
Silicon Power,DS72,USB 3.2 Gen 2x1,USB-C,1000GB,,,,,,,,1050,850,,
Silicon Power,DS72,USB 3.2 Gen 2x1,USB-C,1TB,,,,,,,,1050,850,,
Silicon Power,ED90,x4 PCIe 4.0/NVMe,M.2,,,,,,,,,5000,4800,,
Silicon Power,ES75,x4 PCIe 4.0/NVMe,M.2,,,,,,,,,7000,6500,,
Silicon Power,MS70,USB 3.2 Gen 2x1,USB-A,250GB,,,,,,,,1050,850,,
Silicon Power,MS70,USB 3.2 Gen 2x1,USB-A,500GB,,,,,,,,1050,850,,
Silicon Power,MS70,USB 3.2 Gen 2x1,USB-A,1000GB,,,,,,,,1050,850,,
Silicon Power,MS70,USB 3.2 Gen 2x1,USB-A,2000GB,,,,,,,,1050,850,,
Silicon Power,MS70,USB 3.2 Gen 2x1,USB-A,2TB,,,,,,,,1050,850,,
Silicon Power,P32A80,x2 PCIe 3.0/NVMe,M.2,128GB,Phison E8T,"Dual-core, 4-ch, 8-CE/ch",No,Yes,Kioxia,TLC,64,1600,1000,Entry-Level NVMe,
Silicon Power,P32A80,x2 PCIe 3.0/NVMe,M.2,256GB,Phison E8T,"Dual-core, 4-ch, 8-CE/ch",No,Yes,Kioxia,TLC,64,1600,1000,Entry-Level NVMe,
Silicon Power,P32A80,x2 PCIe 3.0/NVMe,M.2,512GB,Phison E8T,"Dual-core, 4-ch, 8-CE/ch",No,Yes,Kioxia,TLC,64,1600,1000,Entry-Level NVMe,
Silicon Power,P34A60,x4 PCIe 3.0/NVMe,M.2,256GB,SM2263XT,"Dual-core, 4-ch, 4-CE/ch",No,Yes,Micron/Kioxia,TLC,96,2200,1600,Entry-Level NVMe,Unverified NAND
Silicon Power,P34A60,x4 PCIe 3.0/NVMe,M.2,512GB,SM2263XT,"Dual-core, 4-ch, 4-CE/ch",No,Yes,Micron/Kioxia,TLC,96,2200,1600,Entry-Level NVMe,Unverified NAND
Silicon Power,P34A60,x4 PCIe 3.0/NVMe,M.2,1TB,SM2263XT,"Dual-core, 4-ch, 4-CE/ch",No,Yes,Micron/Kioxia,TLC,96,2200,1600,Entry-Level NVMe,Unverified NAND
Silicon Power,P34A60,x4 PCIe 3.0/NVMe,M.2,2TB,SM2263XT,"Dual-core, 4-ch, 4-CE/ch",No,Yes,Micron/Kioxia,TLC,96,2200,1600,Entry-Level NVMe,Unverified NAND
Silicon Power,P34A80,x4 PCIe 3.0/NVMe,M.2,256GB,Phison E12S,"Dual R5 + CoX, 8-ch, 4-CE/ch",Yes,No,Kioxia,TLC,64,3200,3000,Mid-Range NVMe,Switched to SM2262EN
Silicon Power,P34A80,x4 PCIe 3.0/NVMe,M.2,512GB,Phison E12S,"Dual R5 + CoX, 8-ch, 4-CE/ch",Yes,No,Kioxia,TLC,64,3200,3000,Mid-Range NVMe,Switched to SM2262EN
Silicon Power,P34A80,x4 PCIe 3.0/NVMe,M.2,1TB,Phison E12S,"Dual R5 + CoX, 8-ch, 4-CE/ch",Yes,No,Kioxia,TLC,64,3200,3000,Mid-Range NVMe,Switched to SM2262EN
Silicon Power,PC60,USB 3.2 Gen 2x1,USB-C,1.92TB,SM2259XT,"Single-core, 4-ch, 4-CE/ch",No,N/A,Micron,TLC,96,540,500,Entry-Level SATA,Portable
Silicon Power,PX10,USB 3.2 Gen 2x1,USB-C,512GB,,,,,,,,1050,1050,,Portable
Silicon Power,PX10,USB 3.2 Gen 2x1,USB-C,1TB,,,,,,,,1050,1050,,Portable
Silicon Power,PX10,USB 3.2 Gen 2x1,USB-C,2TB,,,,,,,,1050,1050,,Portable
Silicon Power,PX10,USB 3.2 Gen 2x1,USB-C,4TB,,,,,,,,1050,1050,,Portable
Silicon Power,UD70,x4 PCIe 3.0/NVMe,M.2,500GB,Phison E12S,"Dual R5 + CoX, 8-ch, 4-CE/ch",Yes,No,Micron,QLC,96,3400,3000,Mid-Range NVMe,
Silicon Power,UD70,x4 PCIe 3.0/NVMe,M.2,1000GB,Phison E12S,"Dual R5 + CoX, 8-ch, 4-CE/ch",Yes,No,Micron,QLC,96,3400,3000,Mid-Range NVMe,
Silicon Power,UD70,x4 PCIe 3.0/NVMe,M.2,2000GB,Phison E12S,"Dual R5 + CoX, 8-ch, 4-CE/ch",Yes,No,Micron,QLC,96,3400,3000,Mid-Range NVMe,
Silicon Power,UD70,x4 PCIe 3.0/NVMe,M.2,2TB,Phison E12S,"Dual R5 + CoX, 8-ch, 4-CE/ch",Yes,No,Micron,QLC,96,3400,3000,Mid-Range NVMe,
Silicon Power,UD80,x4 PCIe 3.0/NVMe,M.2,250GB,Innogrit IG5216,"Dual-core, 4x4",No,Yes,,TLC,,3400,3000,Entry-Level NVMe,Alt: Maxio MAP1202 + YMTC
Silicon Power,UD80,x4 PCIe 3.0/NVMe,M.2,500GB,Innogrit IG5216,"Dual-core, 4x4",No,Yes,,TLC,,3400,3000,Entry-Level NVMe,Alt: Maxio MAP1202 + YMTC
Silicon Power,UD80,x4 PCIe 3.0/NVMe,M.2,1000GB,Innogrit IG5216,"Dual-core, 4x4",No,Yes,,TLC,,3400,3000,Entry-Level NVMe,Alt: Maxio MAP1202 + YMTC
Silicon Power,UD80,x4 PCIe 3.0/NVMe,M.2,2000GB,Innogrit IG5216,"Dual-core, 4x4",No,Yes,,TLC,,3400,3000,Entry-Level NVMe,Alt: Maxio MAP1202 + YMTC
Silicon Power,UD80,x4 PCIe 3.0/NVMe,M.2,2TB,Innogrit IG5216,"Dual-core, 4x4",No,Yes,,TLC,,3400,3000,Entry-Level NVMe,Alt: Maxio MAP1202 + YMTC
Silicon Power,UD85,x4 PCIe 4.0/NVMe,M.2,250GB,Phison E19T,"Single R5 + CoX, 4-ch, 8-CE/ch",No,Yes,YMTC,TLC,,3600,2800,Entry-Level NVMe,Alt: SM2267XT
Silicon Power,UD85,x4 PCIe 4.0/NVMe,M.2,500GB,Phison E19T,"Single R5 + CoX, 4-ch, 8-CE/ch",No,Yes,YMTC,TLC,,3600,2800,Entry-Level NVMe,Alt: SM2267XT
Silicon Power,UD85,x4 PCIe 4.0/NVMe,M.2,1000GB,Phison E19T,"Single R5 + CoX, 4-ch, 8-CE/ch",No,Yes,YMTC,TLC,,3600,2800,Entry-Level NVMe,Alt: SM2267XT
Silicon Power,UD85,x4 PCIe 4.0/NVMe,M.2,2000GB,Phison E19T,"Single R5 + CoX, 4-ch, 8-CE/ch",No,Yes,YMTC,TLC,,3600,2800,Entry-Level NVMe,Alt: SM2267XT
Silicon Power,UD85,x4 PCIe 4.0/NVMe,M.2,2TB,Phison E19T,"Single R5 + CoX, 4-ch, 8-CE/ch",No,Yes,YMTC,TLC,,3600,2800,Entry-Level NVMe,Alt: SM2267XT
Silicon Power,UD90,x4 PCIe 4.0/NVMe,M.2,250GB,Phison E21T,"Single R5, 4-ch, 4-CE/ch",No,Yes,Micron,TLC,176,4800,4200,Mid-Range NVMe,"Alt: SM2269XT/MAP1602, 1TB+ maybe QLC"
Silicon Power,UD90,x4 PCIe 4.0/NVMe,M.2,500GB,Phison E21T,"Single R5, 4-ch, 4-CE/ch",No,Yes,Micron,TLC,176,4800,4200,Mid-Range NVMe,"Alt: SM2269XT/MAP1602, 1TB+ maybe QLC"
Silicon Power,UD90,x4 PCIe 4.0/NVMe,M.2,1000GB,Phison E21T,"Single R5, 4-ch, 4-CE/ch",No,Yes,Micron,TLC,176,4800,4200,Mid-Range NVMe,"Alt: SM2269XT/MAP1602, 1TB+ maybe QLC"
Silicon Power,UD90,x4 PCIe 4.0/NVMe,M.2,2000GB,Phison E21T,"Single R5, 4-ch, 4-CE/ch",No,Yes,Micron,TLC,176,4800,4200,Mid-Range NVMe,"Alt: SM2269XT/MAP1602, 1TB+ maybe QLC"
Silicon Power,UD90,x4 PCIe 4.0/NVMe,M.2,4000GB,Phison E21T,"Single R5, 4-ch, 4-CE/ch",No,Yes,Micron,TLC,176,4800,4200,Mid-Range NVMe,"Alt: SM2269XT/MAP1602, 1TB+ maybe QLC"
Silicon Power,UD90,x4 PCIe 4.0/NVMe,M.2,4TB,Phison E21T,"Single R5, 4-ch, 4-CE/ch",No,Yes,Micron,TLC,176,4800,4200,Mid-Range NVMe,"Alt: SM2269XT/MAP1602, 1TB+ maybe QLC"
Silicon Power,UD90 2230,x4 PCIe 4.0/NVMe,M.2,500GB,Phison E21T,"Single R5, 4-ch, 4-CE/ch",No,Yes,Micron,QLC,176,5000,3200,Mid-Range NVMe,2230
Silicon Power,UD90 2230,x4 PCIe 4.0/NVMe,M.2,1000GB,Phison E21T,"Single R5, 4-ch, 4-CE/ch",No,Yes,Micron,QLC,176,5000,3200,Mid-Range NVMe,2230
Silicon Power,UD90 2230,x4 PCIe 4.0/NVMe,M.2,2000GB,Phison E21T,"Single R5, 4-ch, 4-CE/ch",No,Yes,Micron,QLC,176,5000,3200,Mid-Range NVMe,2230
Silicon Power,UD90 2230,x4 PCIe 4.0/NVMe,M.2,2TB,Phison E21T,"Single R5, 4-ch, 4-CE/ch",No,Yes,Micron,QLC,176,5000,3200,Mid-Range NVMe,2230
Silicon Power,US70,x4 PCIe 4.0/NVMe,M.2,1TB,Phison E16,"Dual R5 + CoX, 8-ch, 4-CE/ch",Yes,No,Kioxia,TLC,96,5000,4400,Mid-Range NVMe,
Silicon Power,US70,x4 PCIe 4.0/NVMe,M.2,2TB,Phison E16,"Dual R5 + CoX, 8-ch, 4-CE/ch",Yes,No,Kioxia,TLC,96,5000,4400,Mid-Range NVMe,
Silicon Power,US75,x4 PCIe 4.0/NVMe,M.2,500GB,Maxio MAP1602,"R5, 4x8",No,Yes,YMTC,TLC,232,7000,6500,,
Silicon Power,US75,x4 PCIe 4.0/NVMe,M.2,1000GB,Maxio MAP1602,"R5, 4x8",No,Yes,YMTC,TLC,232,7000,6500,,
Silicon Power,US75,x4 PCIe 4.0/NVMe,M.2,2000GB,Maxio MAP1602,"R5, 4x8",No,Yes,YMTC,TLC,232,7000,6500,,
Silicon Power,US75,x4 PCIe 4.0/NVMe,M.2,4000GB,Maxio MAP1602,"R5, 4x8",No,Yes,YMTC,TLC,232,7000,6500,,
Silicon Power,US75,x4 PCIe 4.0/NVMe,M.2,4TB,Maxio MAP1602,"R5, 4x8",No,Yes,YMTC,TLC,232,7000,6500,,
Silicon Power,US85,x4 PCIe 5.0/NVMe,M.2,1TB,,,,,,,,10300,8600,High-End NVMe,
Silicon Power,US85,x4 PCIe 5.0/NVMe,M.2,2TB,,,,,,,,10300,8600,High-End NVMe,
Silicon Power,XD80,x4 PCIe 3.0/NVMe,M.2,256GB,Phison E12S,"Dual R5 + CoX, 8-ch, 4-CE/ch",Yes,No,Kioxia,TLC,96,3400,3000,Mid-Range NVMe,
Silicon Power,XD80,x4 PCIe 3.0/NVMe,M.2,512GB,Phison E12S,"Dual R5 + CoX, 8-ch, 4-CE/ch",Yes,No,Kioxia,TLC,96,3400,3000,Mid-Range NVMe,
Silicon Power,XD80,x4 PCIe 3.0/NVMe,M.2,1TB,Phison E12S,"Dual R5 + CoX, 8-ch, 4-CE/ch",Yes,No,Kioxia,TLC,96,3400,3000,Mid-Range NVMe,
Silicon Power,XD80,x4 PCIe 3.0/NVMe,M.2,2TB,Phison E12S,"Dual R5 + CoX, 8-ch, 4-CE/ch",Yes,No,Kioxia,TLC,96,3400,3000,Mid-Range NVMe,
Silicon Power,XS80,x4 PCIe 5.0/NVMe,M.2,1TB,Phison E26,"Dual DC R5 + 3xCoX, 8-ch, 4-CE/ch",Yes,N/A,Micron,TLC,232,10000,10000,High-End NVMe,
Silicon Power,XS80,x4 PCIe 5.0/NVMe,M.2,2TB,Phison E26,"Dual DC R5 + 3xCoX, 8-ch, 4-CE/ch",Yes,N/A,Micron,TLC,232,10000,10000,High-End NVMe,
Silicon Power,XS90,x4 PCIe 5.0/NVMe,M.2,1TB,,,,,,,,,,,
Silicon Power,XS90,x4 PCIe 5.0/NVMe,M.2,2TB,,,,,,,,,,,
Silicon Power,XS90,x4 PCIe 5.0/NVMe,M.2,4TB,,,,,,,,,,,
Silicon Power,XS70,x4 PCIe 4.0/NVMe,M.2,1TB,Phison E18,"Triple R5 + CoX, 8-ch, 4-CE/ch",Yes,N/A,Micron,TLC,176,7300,6800,High-End NVMe,IG5236 possible
Silicon Power,XS70,x4 PCIe 4.0/NVMe,M.2,2TB,Phison E18,"Triple R5 + CoX, 8-ch, 4-CE/ch",Yes,N/A,Micron,TLC,176,7300,6800,High-End NVMe,IG5236 possible
Silicon Power,XS70,x4 PCIe 4.0/NVMe,M.2,4TB,Phison E18,"Triple R5 + CoX, 8-ch, 4-CE/ch",Yes,N/A,Micron,TLC,176,7300,6800,High-End NVMe,IG5236 possible
Solidigm,P41 Plus,x4 PCIe 4.0/NVMe,M.2,512GB,SMI SM2269XT,"Dual-core R8, 4-ch",No,Yes,Solidigm,QLC,144,4125,3325,Entry-Level NVMe,2230 variant
Solidigm,P41 Plus,x4 PCIe 4.0/NVMe,M.2,1TB,SMI SM2269XT,"Dual-core R8, 4-ch",No,Yes,Solidigm,QLC,144,4125,3325,Entry-Level NVMe,2230 variant
Solidigm,P41 Plus,x4 PCIe 4.0/NVMe,M.2,2TB,SMI SM2269XT,"Dual-core R8, 4-ch",No,Yes,Solidigm,QLC,144,4125,3325,Entry-Level NVMe,2230 variant
Solidigm,P42 Plus,x4 PCIe 4.0/NVMe,M.2,1TB,SMI SM2269XT,"Dual-core R8, 4-ch",No,Yes,Solidigm,QLC,192,192,,,Cancelled
Solidigm,P42 Plus,x4 PCIe 4.0/NVMe,M.2,2TB,SMI SM2269XT,"Dual-core R8, 4-ch",No,Yes,Solidigm,QLC,192,192,,,Cancelled
Solidigm,P42 Plus,x4 PCIe 4.0/NVMe,M.2,4TB,SMI SM2269XT,"Dual-core R8, 4-ch",No,Yes,Solidigm,QLC,192,192,,,Cancelled
Solidigm,P44 Pro,x4 PCIe 4.0/NVMe,M.2,512GB,Aries,"R8 + M7 + 2xR8, 8x4",Yes,No,Hynix,TLC,176,7000,6500,High-End NVMe,
Solidigm,P44 Pro,x4 PCIe 4.0/NVMe,M.2,1TB,Aries,"R8 + M7 + 2xR8, 8x4",Yes,No,Hynix,TLC,176,7000,6500,High-End NVMe,
Solidigm,P44 Pro,x4 PCIe 4.0/NVMe,M.2,2TB,Aries,"R8 + M7 + 2xR8, 8x4",Yes,No,Hynix,TLC,176,7000,6500,High-End NVMe,
TC Sunbow,X3,SATA/AHCI,"2.5""",60GB,SMI SM2258,"Single-core, 4-ch, 8-CE/ch",?,N/A,Micron,TLC,64,560,510,Mid-Range SATA,Flash/DRAM varies
TC Sunbow,X3,SATA/AHCI,"2.5""",120GB,SMI SM2258,"Single-core, 4-ch, 8-CE/ch",?,N/A,Micron,TLC,64,560,510,Mid-Range SATA,Flash/DRAM varies
TC Sunbow,X3,SATA/AHCI,"2.5""",240GB,SMI SM2258,"Single-core, 4-ch, 8-CE/ch",?,N/A,Micron,TLC,64,560,510,Mid-Range SATA,Flash/DRAM varies
TC Sunbow,X3,SATA/AHCI,"2.5""",480GB,SMI SM2258,"Single-core, 4-ch, 8-CE/ch",?,N/A,Micron,TLC,64,560,510,Mid-Range SATA,Flash/DRAM varies
TC Sunbow,X3,SATA/AHCI,"2.5""",960GB,SMI SM2258,"Single-core, 4-ch, 8-CE/ch",?,N/A,Micron,TLC,64,560,510,Mid-Range SATA,Flash/DRAM varies
TC Sunbow,X3,SATA/AHCI,"2.5""",1TB,SMI SM2258,"Single-core, 4-ch, 8-CE/ch",?,N/A,Micron,TLC,64,560,510,Mid-Range SATA,Flash/DRAM varies
Team,Cardea II,x4 PCIe 3.0/NVMe,M.2,256GB,Phison E12S,"Dual R5 + CoX, 8-ch, 4-CE/ch",Yes,No,Micron,TLC,64,3400,3000,Mid-Range NVMe,Heatsink
Team,Cardea II,x4 PCIe 3.0/NVMe,M.2,512GB,Phison E12S,"Dual R5 + CoX, 8-ch, 4-CE/ch",Yes,No,Micron,TLC,64,3400,3000,Mid-Range NVMe,Heatsink
Team,Cardea II,x4 PCIe 3.0/NVMe,M.2,1TB,Phison E12S,"Dual R5 + CoX, 8-ch, 4-CE/ch",Yes,No,Micron,TLC,64,3400,3000,Mid-Range NVMe,Heatsink
Team,Cardea A440,x4 PCIe 4.0/NVMe,M.2,1TB,Phison E18,"Triple R5 + CoX, 8-ch, 4-CE/ch",Yes,N/A,Micron,TLC,96,7000,6900,High-End NVMe,
Team,Cardea A440,x4 PCIe 4.0/NVMe,M.2,2TB,Phison E18,"Triple R5 + CoX, 8-ch, 4-CE/ch",Yes,N/A,Micron,TLC,96,7000,6900,High-End NVMe,
Team,Cardea A440 Lite,x4 PCIe 4.0/NVMe,M.2,,Phison E27T,"Single R5 + CoX, 4-CH, 4-CE/ch",No,Yes,Kioxia,TLC,162,7400,6400,,
Team,Cardea A440 Pro,x4 PCIe 4.0/NVMe,M.2,1TB,Phison E18,"Triple R5 + CoX, 8-ch, 4-CE/ch",Yes,N/A,Micron,TLC,176,7400,7000,High-End NVMe,PS5
Team,Cardea A440 Pro,x4 PCIe 4.0/NVMe,M.2,2TB,Phison E18,"Triple R5 + CoX, 8-ch, 4-CE/ch",Yes,N/A,Micron,TLC,176,7400,7000,High-End NVMe,PS5
Team,Cardea A440 Pro,x4 PCIe 4.0/NVMe,M.2,4TB,Phison E18,"Triple R5 + CoX, 8-ch, 4-CE/ch",Yes,N/A,Micron,TLC,176,7400,7000,High-End NVMe,PS5
Team,Cardea Ceramic C440,x4 PCIe 4.0/NVMe,M.2,1TB,Phison E16,"Dual R5 + CoX, 8-ch, 4-CE/ch",Yes,No,Kioxia,TLC,96,5000,4400,Mid-Range NVMe,
Team,Cardea Ceramic C440,x4 PCIe 4.0/NVMe,M.2,2TB,Phison E16,"Dual R5 + CoX, 8-ch, 4-CE/ch",Yes,No,Kioxia,TLC,96,5000,4400,Mid-Range NVMe,
Team,IOPS,x4 PCIe 3.0/NVMe,M.2,1TB,,,Yes,No,,TLC,,3400,3000,Mid-Range NVMe,Cool heatsinks
Team,Cardea Liquid,x4 PCIe 3.0/NVMe,M.2,256GB,Phison E12S,"Dual R5 + CoX, 8-ch, 4-CE/ch",Yes,No,Kioxia,TLC,64,3400,3000,Mid-Range NVMe,Water-cooled
Team,Cardea Liquid,x4 PCIe 3.0/NVMe,M.2,512GB,Phison E12S,"Dual R5 + CoX, 8-ch, 4-CE/ch",Yes,No,Kioxia,TLC,64,3400,3000,Mid-Range NVMe,Water-cooled
Team,Cardea Liquid,x4 PCIe 3.0/NVMe,M.2,1TB,Phison E12S,"Dual R5 + CoX, 8-ch, 4-CE/ch",Yes,No,Kioxia,TLC,64,3400,3000,Mid-Range NVMe,Water-cooled
Team,Cardea Z44Q,x4 PCIe 4.0/NVMe,M.2,2TB,Phison E16,"Dual R5 + CoX, 8-ch, 4-CE/ch",Yes,No,Intel,QLC,96,5000,4000,Mid-Range NVMe,
Team,Cardea Z44Q,x4 PCIe 4.0/NVMe,M.2,4TB,Phison E16,"Dual R5 + CoX, 8-ch, 4-CE/ch",Yes,No,Intel,QLC,96,5000,4000,Mid-Range NVMe,
Team,Cardea Zero,x4 PCIe 4.0/NVMe,M.2,256GB,Phison E16,"Dual R5 + CoX, 8-ch, 4-CE/ch",Yes,No,Kioxia,TLC,96,4800,4000,Mid-Range NVMe,Heatsink
Team,Cardea Zero,x4 PCIe 4.0/NVMe,M.2,512GB,Phison E16,"Dual R5 + CoX, 8-ch, 4-CE/ch",Yes,No,Kioxia,TLC,96,4800,4000,Mid-Range NVMe,Heatsink
Team,Cardea Zero,x4 PCIe 4.0/NVMe,M.2,1TB,Phison E16,"Dual R5 + CoX, 8-ch, 4-CE/ch",Yes,No,Kioxia,TLC,96,4800,4000,Mid-Range NVMe,Heatsink
Team,Cardea Zero Z330,x4 PCIe 3.0/NVMe,M.2,512GB,Phison E13T,"Single-core, 4-ch, 8-CE/ch",No,Yes,Kioxia,TLC,64/96,2100,1700,Entry-Level NVMe,
Team,Cardea Zero Z330,x4 PCIe 3.0/NVMe,M.2,1TB,Phison E13T,"Single-core, 4-ch, 8-CE/ch",No,Yes,Kioxia,TLC,64/96,2100,1700,Entry-Level NVMe,
Team,Cardea Zero Z330,x4 PCIe 3.0/NVMe,M.2,2TB,Phison E13T,"Single-core, 4-ch, 8-CE/ch",No,Yes,Kioxia,TLC,64/96,2100,1700,Entry-Level NVMe,
Team,Cardea Zero Z440,x4 PCIe 4.0/NVMe,M.2,1TB,Phison E16,"Dual R5 + CoX, 8-ch, 4-CE/ch",Yes,No,Kioxia,TLC,96,5000,4400,Mid-Range NVMe,
Team,Cardea Zero Z440,x4 PCIe 4.0/NVMe,M.2,2TB,Phison E16,"Dual R5 + CoX, 8-ch, 4-CE/ch",Yes,No,Kioxia,TLC,96,5000,4400,Mid-Range NVMe,
Team,Delta RGB,SATA/AHCI,"2.5""",250GB,SMI SM2258,"Single-core, 4-ch, 8-CE/ch",Yes,N/A,Micron,TLC,32/64,560,510,Mid-Range SATA,RGB; Change: Samsung 64L or newer
Team,Delta RGB,SATA/AHCI,"2.5""",500GB,SMI SM2258,"Single-core, 4-ch, 8-CE/ch",Yes,N/A,Micron,TLC,32/64,560,510,Mid-Range SATA,RGB; Change: Samsung 64L or newer
Team,Delta RGB,SATA/AHCI,"2.5""",1000GB,SMI SM2258,"Single-core, 4-ch, 8-CE/ch",Yes,N/A,Micron,TLC,32/64,560,510,Mid-Range SATA,RGB; Change: Samsung 64L or newer
Team,Delta RGB,SATA/AHCI,"2.5""",1TB,SMI SM2258,"Single-core, 4-ch, 8-CE/ch",Yes,N/A,Micron,TLC,32/64,560,510,Mid-Range SATA,RGB; Change: Samsung 64L or newer
Team,Delta TUF,SATA/AHCI,"2.5""",500GB,,,,,,,,560,510,,Variant of RGB
Team,Delta TUF,SATA/AHCI,"2.5""",1GB,,,,,,,,560,510,,Variant of RGB
Team,AX1,SATA/AHCI,"2.5""",240GB,,,,,,,,540,490,,AX/CX/EX/GX variant
Team,AX1,SATA/AHCI,"2.5""",480GB,,,,,,,,540,490,,AX/CX/EX/GX variant
Team,AX1,SATA/AHCI,"2.5""",960GB,,,,,,,,540,490,,AX/CX/EX/GX variant
Team,AX2,SATA/AHCI,"2.5""",256GB,,"Single-core, 4-ch, 4-CE/ch",,,,,,540,490,,AX/CX/EX/GX variant - May be QLC
Team,AX2,SATA/AHCI,"2.5""",512GB,,"Single-core, 4-ch, 4-CE/ch",,,,,,540,490,,AX/CX/EX/GX variant - May be QLC
Team,AX2,SATA/AHCI,"2.5""",1TB,,"Single-core, 4-ch, 4-CE/ch",,,,,,540,490,,AX/CX/EX/GX variant - May be QLC
Team,AX2,SATA/AHCI,"2.5""",2TB,,"Single-core, 4-ch, 4-CE/ch",,,,,,540,490,,AX/CX/EX/GX variant - May be QLC
Team,EX2,SATA/AHCI,"2.5""",512GB,SMI SM2258XT,"Single-core, 4-ch, 4-CE/ch",No,N/A,Hynix,TLC,72,550,520,Entry-Level SATA,AX/CX/EX/GX variant - May be QLC
Team,EX2,SATA/AHCI,"2.5""",1TB,SMI SM2258XT,"Single-core, 4-ch, 4-CE/ch",No,N/A,Hynix,TLC,72,550,520,Entry-Level SATA,AX/CX/EX/GX variant - May be QLC
Team,EX2,SATA/AHCI,"2.5""",2TB,SMI SM2258XT,"Single-core, 4-ch, 4-CE/ch",No,N/A,Hynix,TLC,72,550,520,Entry-Level SATA,AX/CX/EX/GX variant - May be QLC
Team,CX1,SATA/AHCI,"2.5""",240GB,,,,,,,,,,,AX/CX/EX/GX variant
Team,CX1,SATA/AHCI,"2.5""",480GB,,,,,,,,,,,AX/CX/EX/GX variant
Team,CX1,SATA/AHCI,"2.5""",960GB,,,,,,,,,,,AX/CX/EX/GX variant
Team,CX2,SATA/AHCI,"2.5""",256GB,SMI SM2258XT,"Single-core, 4-ch, 4-CE/ch",No,N/A,,TLC,64,540,490,Entry-Level SATA,AX/CX/EX/GX variant - May be QLC
Team,CX2,SATA/AHCI,"2.5""",512GB,SMI SM2258XT,"Single-core, 4-ch, 4-CE/ch",No,N/A,,TLC,64,540,490,Entry-Level SATA,AX/CX/EX/GX variant - May be QLC
Team,CX2,SATA/AHCI,"2.5""",1TB,SMI SM2258XT,"Single-core, 4-ch, 4-CE/ch",No,N/A,,TLC,64,540,490,Entry-Level SATA,AX/CX/EX/GX variant - May be QLC
Team,CX2,SATA/AHCI,"2.5""",2TB,SMI SM2258XT,"Single-core, 4-ch, 4-CE/ch",No,N/A,,TLC,64,540,490,Entry-Level SATA,AX/CX/EX/GX variant - May be QLC
Team,GA Pro,x4 PCIe 5.0/NVMe,M.2,1TB,InnoGrit IG5666,,,,,TLC,232,10000,8500,,
Team,GA Pro,x4 PCIe 5.0/NVMe,M.2,2TB,InnoGrit IG5666,,,,,TLC,232,10000,8500,,
Team,GC Pro,x4 PCIe 5.0/NVMe,M.2,2TB,InnoGrit IG5666,,Yes,N/A,YMTC,TLC,232,12500,11000,,
Team,GC Pro,x4 PCIe 5.0/NVMe,M.2,4TB,InnoGrit IG5666,,Yes,N/A,YMTC,TLC,232,12500,11000,,
Team,GE Pro,x4 PCIe 5.0/NVMe,M.2,,InnoGrit IG5666,,Yes,No,Micron,TLC,232,14000,12000,High-End NVMe,
Team,G50,x4 PCIe 4.0/NVMe,M.2,512GB,,"Quad-core, 8-ch",No,Yes,,,,5000,4800,Mid-Range NVMe,
Team,G50,x4 PCIe 4.0/NVMe,M.2,1TB,,"Quad-core, 8-ch",No,Yes,,,,5000,4800,Mid-Range NVMe,
Team,G50,x4 PCIe 4.0/NVMe,M.2,2TB,,"Quad-core, 8-ch",No,Yes,,,,5000,4800,Mid-Range NVMe,
Team,G50 PRO,x4 PCIe 4.0/NVMe,M.2,512GB,InnoGrit IG5236,"Quad-core, 8-ch",Yes,N/A,,,,5000,4800,Mid-Range NVMe,
Team,G50 PRO,x4 PCIe 4.0/NVMe,M.2,1TB,InnoGrit IG5236,"Quad-core, 8-ch",Yes,N/A,,,,5000,4800,Mid-Range NVMe,
Team,G50 PRO,x4 PCIe 4.0/NVMe,M.2,2TB,InnoGrit IG5236,"Quad-core, 8-ch",Yes,N/A,,,,5000,4800,Mid-Range NVMe,
Team,G70,x4 PCIe 4.0/NVMe,M.2,512GB,,"Quad-core, 8-ch",No,Yes,,,,7400,6800,High-End NVMe,
Team,G70,x4 PCIe 4.0/NVMe,M.2,1TB,,"Quad-core, 8-ch",No,Yes,,,,7400,6800,High-End NVMe,
Team,G70,x4 PCIe 4.0/NVMe,M.2,2TB,,"Quad-core, 8-ch",No,Yes,,,,7400,6800,High-End NVMe,
Team,G70,x4 PCIe 4.0/NVMe,M.2,4TB,,"Quad-core, 8-ch",No,Yes,,,,7400,6800,High-End NVMe,
Team,G70 PRO,x4 PCIe 4.0/NVMe,M.2,512GB,InnoGrit IG5236,"Quad-core, 8-ch",Yes,N/A,,,,7400,6800,High-End NVMe,Optional HS
Team,G70 PRO,x4 PCIe 4.0/NVMe,M.2,1TB,InnoGrit IG5236,"Quad-core, 8-ch",Yes,N/A,,,,7400,6800,High-End NVMe,Optional HS
Team,G70 PRO,x4 PCIe 4.0/NVMe,M.2,2TB,InnoGrit IG5236,"Quad-core, 8-ch",Yes,N/A,,,,7400,6800,High-End NVMe,Optional HS
Team,G70 PRO,x4 PCIe 4.0/NVMe,M.2,4TB,InnoGrit IG5236,"Quad-core, 8-ch",Yes,N/A,,,,7400,6800,High-End NVMe,Optional HS
Team,GC Pro,x4 PCIe 5.0/NVMe,M.2,2TB,,,,,,,,12500,11000,,
Team,GC Pro,x4 PCIe 5.0/NVMe,M.2,4TB,,,,,,,,12500,11000,,
Team,GX1,SATA/AHCI,"2.5""",120GB,Phison S11,"Single-core, 2-ch, 8-CE/ch",No,N/A,SanDisk/Kioxia,TLC,64,530,480,Entry-Level SATA,SM2258XT var.; lesser flash
Team,GX1,SATA/AHCI,"2.5""",240GB,Phison S11,"Single-core, 2-ch, 8-CE/ch",No,N/A,SanDisk/Kioxia,TLC,64,530,480,Entry-Level SATA,SM2258XT var.; lesser flash
Team,GX1,SATA/AHCI,"2.5""",480GB,Phison S11,"Single-core, 2-ch, 8-CE/ch",No,N/A,SanDisk/Kioxia,TLC,64,530,480,Entry-Level SATA,SM2258XT var.; lesser flash
Team,GX1,SATA/AHCI,"2.5""",960GB,Phison S11,"Single-core, 2-ch, 8-CE/ch",No,N/A,SanDisk/Kioxia,TLC,64,530,480,Entry-Level SATA,SM2258XT var.; lesser flash
Team,GX2,SATA/AHCI,"2.5""",128GB,SMI SM2258XT,"Single-core, 4-ch, 4-CE/ch",No,N/A,Micron,TLC,64,550,500,Entry-Level SATA,AX/CX/EX/GX variant - May be QLC
Team,GX2,SATA/AHCI,"2.5""",256GB,SMI SM2258XT,"Single-core, 4-ch, 4-CE/ch",No,N/A,Micron,TLC,64,550,500,Entry-Level SATA,AX/CX/EX/GX variant - May be QLC
Team,GX2,SATA/AHCI,"2.5""",512GB,SMI SM2258XT,"Single-core, 4-ch, 4-CE/ch",No,N/A,Micron,TLC,64,550,500,Entry-Level SATA,AX/CX/EX/GX variant - May be QLC
Team,GX2,SATA/AHCI,"2.5""",1TB,SMI SM2258XT,"Single-core, 4-ch, 4-CE/ch",No,N/A,Micron,TLC,64,550,500,Entry-Level SATA,AX/CX/EX/GX variant - May be QLC
Team,GX2,SATA/AHCI,"2.5""",2TB,SMI SM2258XT,"Single-core, 4-ch, 4-CE/ch",No,N/A,Micron,TLC,64,550,500,Entry-Level SATA,AX/CX/EX/GX variant - May be QLC
Team,I54,x4 PCIe 5.0/NVMe,M.2,,,,,,,,,,,,
Team,L3 EVO,SATA/AHCI,"2.5""",120GB,Phison S11,"Single-core, 2-ch, 8-CE/ch",No,N/A,Kioxia,TLC,64,530,500,Entry-Level SATA,Variable hardware
Team,L3 EVO,SATA/AHCI,"2.5""",240GB,Phison S11,"Single-core, 2-ch, 8-CE/ch",No,N/A,Kioxia,TLC,64,530,500,Entry-Level SATA,Variable hardware
Team,L3 EVO,SATA/AHCI,"2.5""",480GB,Phison S11,"Single-core, 2-ch, 8-CE/ch",No,N/A,Kioxia,TLC,64,530,500,Entry-Level SATA,Variable hardware
Team,L3 EVO,SATA/AHCI,"2.5""",960GB,Phison S11,"Single-core, 2-ch, 8-CE/ch",No,N/A,Kioxia,TLC,64,530,500,Entry-Level SATA,Variable hardware
Team,L5 Lite (2D),SATA/AHCI,"2.5""",60GB,SMI SM2256S,"Single-core, 4-ch, 8-CE/ch",No,N/A,Micron,TLC,N/A,530,480,Garbage,
Team,L5 Lite (2D),SATA/AHCI,"2.5""",120GB,SMI SM2256S,"Single-core, 4-ch, 8-CE/ch",No,N/A,Micron,TLC,N/A,530,480,Garbage,
Team,L5 Lite (2D),SATA/AHCI,"2.5""",240GB,SMI SM2256S,"Single-core, 4-ch, 8-CE/ch",No,N/A,Micron,TLC,N/A,530,480,Garbage,
Team,L5 Lite (2D),SATA/AHCI,"2.5""",480GB,SMI SM2256S,"Single-core, 4-ch, 8-CE/ch",No,N/A,Micron,TLC,N/A,530,480,Garbage,
Team,L5 Lite (2D),SATA/AHCI,"2.5""",960GB,SMI SM2256S,"Single-core, 4-ch, 8-CE/ch",No,N/A,Micron,TLC,N/A,530,480,Garbage,
Team,L5 Lite (2D),SATA/AHCI,"2.5""",1TB,SMI SM2256S,"Single-core, 4-ch, 8-CE/ch",No,N/A,Micron,TLC,N/A,530,480,Garbage,
Team,L5 Lite 3D,SATA/AHCI,"2.5""",120GB,SMI SM2258,"Single-core, 4-ch, 8-CE/ch",Yes,N/A,Varies,TLC,32/64,500,480,Mid-Range SATA,Change: Samsung 64L
Team,L5 Lite 3D,SATA/AHCI,"2.5""",240GB,SMI SM2258,"Single-core, 4-ch, 8-CE/ch",Yes,N/A,Varies,TLC,32/64,500,480,Mid-Range SATA,Change: Samsung 64L
Team,L5 Lite 3D,SATA/AHCI,"2.5""",480GB,SMI SM2258,"Single-core, 4-ch, 8-CE/ch",Yes,N/A,Varies,TLC,32/64,500,480,Mid-Range SATA,Change: Samsung 64L
Team,L5 Lite 3D,SATA/AHCI,"2.5""",960GB,SMI SM2258,"Single-core, 4-ch, 8-CE/ch",Yes,N/A,Varies,TLC,32/64,500,480,Mid-Range SATA,Change: Samsung 64L
Team,L5 Lite 3D,SATA/AHCI,"2.5""",1TB,SMI SM2258,"Single-core, 4-ch, 8-CE/ch",Yes,N/A,Varies,TLC,32/64,500,480,Mid-Range SATA,Change: Samsung 64L
Team,ME Pro,x4 PCIe 5.0/NVMe,M.2,,SMI SM2508,,Yes,N/A,,TLC,,14000,12000,,
Team,MP32,x2 PCIe 3.0/NVMe,M.2,128GB,Phison E8,"Dual-core, 4-ch, 8-CE/ch",Yes,No,Kioxia,TLC,64,1550,950,Entry-Level NVMe,
Team,MP32,x2 PCIe 3.0/NVMe,M.2,256GB,Phison E8,"Dual-core, 4-ch, 8-CE/ch",Yes,No,Kioxia,TLC,64,1550,950,Entry-Level NVMe,
Team,MP32,x2 PCIe 3.0/NVMe,M.2,512GB,Phison E8,"Dual-core, 4-ch, 8-CE/ch",Yes,No,Kioxia,TLC,64,1550,950,Entry-Level NVMe,
Team,MP32,x2 PCIe 3.0/NVMe,M.2,1TB,Phison E8,"Dual-core, 4-ch, 8-CE/ch",Yes,No,Kioxia,TLC,64,1550,950,Entry-Level NVMe,
Team,MP33,x4 PCIe 3.0/NVMe,M.2,128GB,Phison E13T,"Single-core, 4-ch, 8-CE/ch",No,Yes,Kioxia,TLC,64/96,1800,1500,Entry-Level NVMe,SM2263XT variant; 5-yr
Team,MP33,x4 PCIe 3.0/NVMe,M.2,256GB,Phison E13T,"Single-core, 4-ch, 8-CE/ch",No,Yes,Kioxia,TLC,64/96,1800,1500,Entry-Level NVMe,SM2263XT variant; 5-yr
Team,MP33,x4 PCIe 3.0/NVMe,M.2,512GB,Phison E13T,"Single-core, 4-ch, 8-CE/ch",No,Yes,Kioxia,TLC,64/96,1800,1500,Entry-Level NVMe,SM2263XT variant; 5-yr
Team,MP33,x4 PCIe 3.0/NVMe,M.2,1TB,Phison E13T,"Single-core, 4-ch, 8-CE/ch",No,Yes,Kioxia,TLC,64/96,1800,1500,Entry-Level NVMe,SM2263XT variant; 5-yr
Team,MP33,x4 PCIe 3.0/NVMe,M.2,2TB,Phison E13T,"Single-core, 4-ch, 8-CE/ch",No,Yes,Kioxia,TLC,64/96,1800,1500,Entry-Level NVMe,SM2263XT variant; 5-yr
Team,MP33 Pro,x4 PCIe 3.0/NVMe,M.2,512GB,SMI SM2263XT,"Dual-core, 4-ch, 4-CE/ch",No,Yes,Micron,TLC,96,2100,1700,Entry-Level NVMe,
Team,MP33 Pro,x4 PCIe 3.0/NVMe,M.2,1TB,SMI SM2263XT,"Dual-core, 4-ch, 4-CE/ch",No,Yes,Micron,TLC,96,2100,1700,Entry-Level NVMe,
Team,MP33 Pro,x4 PCIe 3.0/NVMe,M.2,2TB,SMI SM2263XT,"Dual-core, 4-ch, 4-CE/ch",No,Yes,Micron,TLC,96,2100,1700,Entry-Level NVMe,
Team,MP33Q,x4 PCIe 3.0/NVMe,M.2,512GB,SMI SM2263XT,"Dual-core, 4-ch, 4-CE/ch",No,Yes,,QLC,,2500,2100,Entry-Level NVMe,RTS5765DL
Team,MP33Q,x4 PCIe 3.0/NVMe,M.2,1TB,SMI SM2263XT,"Dual-core, 4-ch, 4-CE/ch",No,Yes,,QLC,,2500,2100,Entry-Level NVMe,RTS5765DL
Team,MP33Q,x4 PCIe 3.0/NVMe,M.2,2TB,SMI SM2263XT,"Dual-core, 4-ch, 4-CE/ch",No,Yes,,QLC,,2500,2100,Entry-Level NVMe,RTS5765DL
Team,MP34,x4 PCIe 3.0/NVMe,M.2,256GB,Phison E12S,"Dual R5 + CoX, 8-ch, 4-CE/ch",Yes,No,Kioxia,TLC,64,3500,2900,Mid-Range NVMe,"Controllers: RTS5762, Flash: Hynix"
Team,MP34,x4 PCIe 3.0/NVMe,M.2,512GB,Phison E12S,"Dual R5 + CoX, 8-ch, 4-CE/ch",Yes,No,Kioxia,TLC,64,3500,2900,Mid-Range NVMe,"Controllers: RTS5762, Flash: Hynix"
Team,MP34,x4 PCIe 3.0/NVMe,M.2,1TB,Phison E12S,"Dual R5 + CoX, 8-ch, 4-CE/ch",Yes,No,Kioxia,TLC,64,3500,2900,Mid-Range NVMe,"Controllers: RTS5762, Flash: Hynix"
Team,MP34,x4 PCIe 3.0/NVMe,M.2,2TB,Phison E12S,"Dual R5 + CoX, 8-ch, 4-CE/ch",Yes,No,Kioxia,TLC,64,3500,2900,Mid-Range NVMe,"Controllers: RTS5762, Flash: Hynix"
Team,MP34,x4 PCIe 3.0/NVMe,M.2,4TB,Phison E12S,"Dual R5 + CoX, 8-ch, 4-CE/ch",Yes,No,Kioxia,TLC,64,3500,2900,Mid-Range NVMe,"Controllers: RTS5762, Flash: Hynix"
Team,MP34S,x4 PCIe 4.0/NVMe,M.2,512GB,,,,,,,,2500,2200,Entry-Level NVMe,2242
Team,MP34S,x4 PCIe 4.0/NVMe,M.2,1TB,,,,,,,,2500,2200,Entry-Level NVMe,2242
Team,MP34Q,x4 PCIe 3.0/NVMe,M.2,2TB,Phison E12S,"Dual R5 + CoX, 8-ch, 4-CE/ch",Yes,N/A,Intel,QLC,96,3400,3000,Mid-Range NVMe,
Team,MP34Q,x4 PCIe 3.0/NVMe,M.2,4TB,Phison E12S,"Dual R5 + CoX, 8-ch, 4-CE/ch",Yes,N/A,Intel,QLC,96,3400,3000,Mid-Range NVMe,
Team,MP34Q,x4 PCIe 3.0/NVMe,M.2,8TB,Phison E12S,"Dual R5 + CoX, 8-ch, 4-CE/ch",Yes,N/A,Intel,QLC,96,3400,3000,Mid-Range NVMe,
Team,MP44,x4 PCIe 4.0/NVMe,M.2,512GB,Maxio MAP1602,,No,Yes,YMTC,TLC,232,7400,6900,High-End NVMe,E27T + BiCS6 Rev (2024)
Team,MP44,x4 PCIe 4.0/NVMe,M.2,1TB,Maxio MAP1602,,No,Yes,YMTC,TLC,232,7400,6900,High-End NVMe,E27T + BiCS6 Rev (2024)
Team,MP44,x4 PCIe 4.0/NVMe,M.2,2TB,Maxio MAP1602,,No,Yes,YMTC,TLC,232,7400,6900,High-End NVMe,E27T + BiCS6 Rev (2024)
Team,MP44,x4 PCIe 4.0/NVMe,M.2,4TB,Maxio MAP1602,,No,Yes,YMTC,TLC,232,7400,6900,High-End NVMe,E27T + BiCS6 Rev (2024)
Team,MP44,x4 PCIe 4.0/NVMe,M.2,8TB,Maxio MAP1602,,No,Yes,YMTC,TLC,232,7400,6900,High-End NVMe,E27T + BiCS6 Rev (2024)
Team,MP44L,x4 PCIe 4.0/NVMe,M.2,250GB,Phison E21T,"Single R5, 4-ch, 4-CE/ch",No,Yes,Micron,TLC,176,5000,4500,Mid-Range NVMe,"MAP1602/MAP1608/YMTC variant, check HW"
Team,MP44L,x4 PCIe 4.0/NVMe,M.2,500GB,Phison E21T,"Single R5, 4-ch, 4-CE/ch",No,Yes,Micron,TLC,176,5000,4500,Mid-Range NVMe,"MAP1602/MAP1608/YMTC variant, check HW"
Team,MP44L,x4 PCIe 4.0/NVMe,M.2,1000GB,Phison E21T,"Single R5, 4-ch, 4-CE/ch",No,Yes,Micron,TLC,176,5000,4500,Mid-Range NVMe,"MAP1602/MAP1608/YMTC variant, check HW"
Team,MP44L,x4 PCIe 4.0/NVMe,M.2,2000GB,Phison E21T,"Single R5, 4-ch, 4-CE/ch",No,Yes,Micron,TLC,176,5000,4500,Mid-Range NVMe,"MAP1602/MAP1608/YMTC variant, check HW"
Team,MP44L,x4 PCIe 4.0/NVMe,M.2,2TB,Phison E21T,"Single R5, 4-ch, 4-CE/ch",No,Yes,Micron,TLC,176,5000,4500,Mid-Range NVMe,"MAP1602/MAP1608/YMTC variant, check HW"
Team,MP44S,x4 PCIe 4.0/NVMe,M.2,1TB,,,,,,,,5000,3500,Mid-Range NVMe,2230
Team,MP44S,x4 PCIe 4.0/NVMe,M.2,2TB,,,,,,,,5000,3500,Mid-Range NVMe,2230
Team,MP44Q,x4 PCIe 4.0/NVMe,M.2,1TB,Maxio MAP1602,"R5, 4x8",No,Yes,YMTC,QLC,232,7400,6500,Mid-Range NVMe,
Team,MP44Q,x4 PCIe 4.0/NVMe,M.2,2TB,Maxio MAP1602,"R5, 4x8",No,Yes,YMTC,QLC,232,7400,6500,Mid-Range NVMe,
Team,MP44Q,x4 PCIe 4.0/NVMe,M.2,4TB,Maxio MAP1602,"R5, 4x8",No,Yes,YMTC,QLC,232,7400,6500,Mid-Range NVMe,
Team,MS30,SATA/AHCI,M.2,128GB,SMI SM2258XT,"Single-core, 4-ch, 4-CE/ch",No,N/A,Micron,TLC,64,530,480,Entry-Level SATA,
Team,MS30,SATA/AHCI,M.2,256GB,SMI SM2258XT,"Single-core, 4-ch, 4-CE/ch",No,N/A,Micron,TLC,64,530,480,Entry-Level SATA,
Team,MS30,SATA/AHCI,M.2,512GB,SMI SM2258XT,"Single-core, 4-ch, 4-CE/ch",No,N/A,Micron,TLC,64,530,480,Entry-Level SATA,
Team,MS30,SATA/AHCI,M.2,1TB,SMI SM2258XT,"Single-core, 4-ch, 4-CE/ch",No,N/A,Micron,TLC,64,530,480,Entry-Level SATA,
Team,NV5000,x4 PCIe 4.0/NVMe,M.2,1TB,,,,,,,,5000,3000,,
Team,NV5000,x4 PCIe 4.0/NVMe,M.2,2TB,,,,,,,,5000,3000,,
Team,NV10000,x4 PCIe 5.0/NVMe,M .2,1TB,Phison E31T,,No,Yes,Kioxia,TLC,218,10000,8500,,
Team,NV10000,x4 PCIe 5.0/NVMe,M .2,2TB,Phison E31T,,No,Yes,Kioxia,TLC,218,10000,8500,,
Team,NV10000,x4 PCIe 5.0/NVMe,M .2,4TB,Phison E31T,,No,Yes,Kioxia,TLC,218,10000,8500,,
Team,PD400,USB 3.2 Gen 1x1,USB-C,240GB,SMI SM2258,"Single-core, 4-ch, 8-CE/ch",Yes,N/A,,TLC,,430,420,Mid-Range SATA,Portable
Team,PD400,USB 3.2 Gen 1x1,USB-C,480GB,SMI SM2258,"Single-core, 4-ch, 8-CE/ch",Yes,N/A,,TLC,,430,420,Mid-Range SATA,Portable
Team,PD400,USB 3.2 Gen 1x1,USB-C,960GB,SMI SM2258,"Single-core, 4-ch, 8-CE/ch",Yes,N/A,,TLC,,430,420,Mid-Range SATA,Portable
Team,PD1000,USB 3.2 Gen 2x1,USB-C,512GB,SMI SM2263XT,"Dual-core, 4-ch, 4-CE/ch",No,No,,TLC,,1000,950,Entry-Level NVMe,Portable
Team,PD1000,USB 3.2 Gen 2x1,USB-C,1TB,SMI SM2263XT,"Dual-core, 4-ch, 4-CE/ch",No,No,,TLC,,1000,950,Entry-Level NVMe,Portable
Team,QX,SATA/AHCI,"2.5""",512GB,,,,,,,,560,500,,Originally 15.3TB DC drive
Team,QX,SATA/AHCI,"2.5""",1TB,,,,,,,,560,500,,Originally 15.3TB DC drive
Team,QX,SATA/AHCI,"2.5""",2TB,,,,,,,,560,500,,Originally 15.3TB DC drive
Team,QX,SATA/AHCI,"2.5""",4TB,,,,,,,,560,500,,Originally 15.3TB DC drive
Team,T-Create CinemaPr P31,,,,,,,,,,,,,,
Team,T-Create Classic (NVMe),x4 PCIe 3.0/NVMe,M.2,1TB,Realtek RTS5763DL,"Dual-core, 4-ch, 8-CE/ch",No,Yes,Kioxia,TLC,96,2100,1700,Entry-Level NVMe,
Team,T-Create Classic (NVMe),x4 PCIe 3.0/NVMe,M.2,2TB,Realtek RTS5763DL,"Dual-core, 4-ch, 8-CE/ch",No,Yes,Kioxia,TLC,96,2100,1700,Entry-Level NVMe,
Team,T-Create Classic (NVMe 2),x4 PCIe 4.0/NVMe,M.2,1TB,Phison E16,"Dual R5 + CoX, 8-ch, 4-CE/ch",Yes,N/A,Kioxia,TLC,96,5000,4400,Mid-Range NVMe,
Team,T-Create Classic (NVMe 2),x4 PCIe 4.0/NVMe,M.2,2TB,Phison E16,"Dual R5 + CoX, 8-ch, 4-CE/ch",Yes,N/A,Kioxia,TLC,96,5000,4400,Mid-Range NVMe,
Team,T-Create Classic PCIe 4.0 DL,x4 PCIe 4.0/NVMe,M.2,1TB,,,No,Yes,,TLC,,5000,4500,Mid-Range NVMe,
Team,T-Create Classic PCIe 4.0 DL,x4 PCIe 4.0/NVMe,M.2,2TB,,,No,Yes,,TLC,,5000,4500,Mid-Range NVMe,
Team,T-Create Classic (SATA),SATA/AHCI,"2.5""",1TB,,,Yes,N/A,,TLC,,550,520,,
Team,T-Create Classic (TB3),TB3,TB3,1TB,,,Yes,N/A,,,,,,,Portable; 900 MB/s for USB3.2 Gen 2x1
Team,T-Create Classic (TB3),TB3,TB3,2TB,,,Yes,N/A,,,,,,,Portable; 900 MB/s for USB3.2 Gen 2x1
Team,T-Create Classic (TB3),TB3,TB3,4TB,,,Yes,N/A,,,,,,,Portable; 900 MB/s for USB3.2 Gen 2x1
Team,T-Create Classic C43,x4 PCIe 4.0/NVMe,M.2,512GB,,,,,,,,3500,3200,Entry-Level Nvme,
Team,T-Create Classic C43,x4 PCIe 4.0/NVMe,M.2,1TB,,,,,,,,3500,3200,Entry-Level Nvme,
Team,T-Create Classic C43,x4 PCIe 4.0/NVMe,M.2,2TB,,,,,,,,3500,3200,Entry-Level Nvme,
Team,T-Create Classic C45,x4 PCIe 4.0/NVMe,M.2,512GB,,,,,,,,5000,4500,Mid-Range NVMe,
Team,T-Create Classic C45,x4 PCIe 4.0/NVMe,M.2,1TB,,,,,,,,5000,4500,Mid-Range NVMe,
Team,T-Create Classic C45,x4 PCIe 4.0/NVMe,M.2,2TB,,,,,,,,5000,4500,Mid-Range NVMe,
Team,T-Create Classic C47,x4 PCIe 4.0/NVMe,M.2,512GB,,,,,,,,7400,7000,High-End NVMe,
Team,T-Create Classic C47,x4 PCIe 4.0/NVMe,M.2,1TB,,,,,,,,7400,7000,High-End NVMe,
Team,T-Create Classic C47,x4 PCIe 4.0/NVMe,M.2,2TB,,,,,,,,7400,7000,High-End NVMe,
Team,T-Create Classic C47,x4 PCIe 4.0/NVMe,M.2,4TB,,,,,,,,7400,7000,High-End NVMe,
Team,T-Create Expert,x4 PCIe 3.0/NVMe,M.2,1TB,SMI SM2262EN,"Dual-core, 8-ch, 4-CE/ch",Yes,N/A,Micron,TLC,64,3400,3000,High-End NVMe,Massive warranty w/industrial TLC
Team,T-Create Expert,x4 PCIe 3.0/NVMe,M.2,2TB,SMI SM2262EN,"Dual-core, 8-ch, 4-CE/ch",Yes,N/A,Micron,TLC,64,3400,3000,High-End NVMe,Massive warranty w/industrial TLC
Team,Vulcan,SATA/AHCI,"2.5""",250GB,SMI SM2258,"Single-core, 4-ch, 8-CE/ch",Yes,N/A,Micron,TLC,64,560,510,High-End SATA,3-yr warranty; flash may vary
Team,Vulcan,SATA/AHCI,"2.5""",500GB,SMI SM2258,"Single-core, 4-ch, 8-CE/ch",Yes,N/A,Micron,TLC,64,560,510,High-End SATA,3-yr warranty; flash may vary
Team,Vulcan,SATA/AHCI,"2.5""",1000GB,SMI SM2258,"Single-core, 4-ch, 8-CE/ch",Yes,N/A,Micron,TLC,64,560,510,High-End SATA,3-yr warranty; flash may vary
Team,Vulcan,SATA/AHCI,"2.5""",1TB,SMI SM2258,"Single-core, 4-ch, 8-CE/ch",Yes,N/A,Micron,TLC,64,560,510,High-End SATA,3-yr warranty; flash may vary
Team,Vulcan G,SATA/AHCI,"2.5""",512GB,SMI SM2258XT,"Single-core, 4-ch, 4-CE/ch",No,N/A,Kioxia,TLC,64+,550,500,Entry-Level SATA,May be SM2259XT now
Team,Vulcan G,SATA/AHCI,"2.5""",1TB,SMI SM2258XT,"Single-core, 4-ch, 4-CE/ch",No,N/A,Kioxia,TLC,64+,550,500,Entry-Level SATA,May be SM2259XT now
Team,Vulcan Z,SATA/AHCI,"2.5""",240GB,SMI SM2259XT,"Single-core, 4-ch, 4-CE/ch",No,N/A,,TLC,,550,500,Entry-Level SATA,
Team,Vulcan Z,SATA/AHCI,"2.5""",480GB,SMI SM2259XT,"Single-core, 4-ch, 4-CE/ch",No,N/A,,TLC,,550,500,Entry-Level SATA,
Team,Vulcan Z,SATA/AHCI,"2.5""",960GB,SMI SM2259XT,"Single-core, 4-ch, 4-CE/ch",No,N/A,,TLC,,550,500,Entry-Level SATA,
Team,Vulcan Z,SATA/AHCI,"2.5""",1920GB,SMI SM2259XT,"Single-core, 4-ch, 4-CE/ch",No,N/A,,TLC,,550,500,Entry-Level SATA,
Team,Vulcan Z,SATA/AHCI,"2.5""",2TB,SMI SM2259XT,"Single-core, 4-ch, 4-CE/ch",No,N/A,,TLC,,550,500,Entry-Level SATA,
Team,Vulzan Z QLC,SATA/AHCI,"2.5""",2TB,,,No,N/A,,QLC,,550,510,Entry-Level SATA,
Team,Vulzan Z QLC,SATA/AHCI,"2.5""",4TB,,,No,N/A,,QLC,,550,510,Entry-Level SATA,
Team,Z330,x4 PCIe 3.0/NVMe,M.2,256GB,Phison E13T,"Single-core, 4-ch, 8-CE/ch",No,Yes,Kioxia,TLC,64/96,2100,1700,Entry-Level NVMe,
Team,Z330,x4 PCIe 3.0/NVMe,M.2,512GB,Phison E13T,"Single-core, 4-ch, 8-CE/ch",No,Yes,Kioxia,TLC,64/96,2100,1700,Entry-Level NVMe,
Team,Z330,x4 PCIe 3.0/NVMe,M.2,1TB,Phison E13T,"Single-core, 4-ch, 8-CE/ch",No,Yes,Kioxia,TLC,64/96,2100,1700,Entry-Level NVMe,
Team,Z340,x4 PCIe 3.0/NVMe,M.2,256GB,SMI SM2262EN,"Dual-core, 8-ch, 4-CE/ch",Yes,No,Micron,TLC,,3400,3000,Mid-Range NVMe,E12S alternative
Team,Z340,x4 PCIe 3.0/NVMe,M.2,512GB,SMI SM2262EN,"Dual-core, 8-ch, 4-CE/ch",Yes,No,Micron,TLC,,3400,3000,Mid-Range NVMe,E12S alternative
Team,Z340,x4 PCIe 3.0/NVMe,M.2,1TB,SMI SM2262EN,"Dual-core, 8-ch, 4-CE/ch",Yes,No,Micron,TLC,,3400,3000,Mid-Range NVMe,E12S alternative
Team,Z440,x4 PCIe 4.0/NVMe,M.2,1TB,Phison E16,"Dual R5 + CoX, 8-ch, 4-CE/ch",Yes,No,Kioxia,TLC,96,5000,4400,Mid-Range NVMe,112L now
Team,Z440,x4 PCIe 4.0/NVMe,M.2,2TB,Phison E16,"Dual R5 + CoX, 8-ch, 4-CE/ch",Yes,No,Kioxia,TLC,96,5000,4400,Mid-Range NVMe,112L now
Team,Z440 Lite,,,,,,,,,,,,,,
Team,Z44A5,x4 PCIe 4.0/NVMe,M.2,512GB,Maxio MAP1602,,No,Yes,Hynix,TLC,176,5000,4500,,
Team,Z44A5,x4 PCIe 4.0/NVMe,M.2,1TB,Maxio MAP1602,,No,Yes,Hynix,TLC,176,5000,4500,,
Team,Z44A5,x4 PCIe 4.0/NVMe,M.2,2TB,Maxio MAP1602,,No,Yes,Hynix,TLC,176,5000,4500,,
Team,Z44L,x4 PCIe 4.0/NVMe,M.2,250GB,Phison E19T,"Single R5 + CoX, 4-ch, 8-CE/ch",No,Yes,SanDisk,TLC,96,3500,3000,Entry-Level NVMe,Updated to 176L
Team,Z44L,x4 PCIe 4.0/NVMe,M.2,500GB,Phison E19T,"Single R5 + CoX, 4-ch, 8-CE/ch",No,Yes,SanDisk,TLC,96,3500,3000,Entry-Level NVMe,Updated to 176L
Team,Z44L,x4 PCIe 4.0/NVMe,M.2,1000GB,Phison E19T,"Single R5 + CoX, 4-ch, 8-CE/ch",No,Yes,SanDisk,TLC,96,3500,3000,Entry-Level NVMe,Updated to 176L
Team,Z44L,x4 PCIe 4.0/NVMe,M.2,1TB,Phison E19T,"Single R5 + CoX, 4-ch, 8-CE/ch",No,Yes,SanDisk,TLC,96,3500,3000,Entry-Level NVMe,Updated to 176L
Team,Z44Q,x4 PCIe 4.0/NVMe,M.2,2TB,Phison E16,"Dual R5 + CoX, 8-ch, 4-CE/ch",Yes,No,Intel,QLC,96,5000,3700,Mid-Range NVMe,
Team,Z44Q,x4 PCIe 4.0/NVMe,M.2,4TB,Phison E16,"Dual R5 + CoX, 8-ch, 4-CE/ch",Yes,No,Intel,QLC,96,5000,3700,Mid-Range NVMe,
Team,Z540,x4 PCIe 5.0/NVMe,M.2,1TB,Phison E26,"Dual DC R5 + 3xCoX, 8-ch, 4-CE/ch",Yes,N/A,Micron,TLC,232,12000,10000,High-End NVMe,
Team,Z540,x4 PCIe 5.0/NVMe,M.2,2TB,Phison E26,"Dual DC R5 + 3xCoX, 8-ch, 4-CE/ch",Yes,N/A,Micron,TLC,232,12000,10000,High-End NVMe,
Team,Z540,x4 PCIe 5.0/NVMe,M.2,4TB,Phison E26,"Dual DC R5 + 3xCoX, 8-ch, 4-CE/ch",Yes,N/A,Micron,TLC,232,12000,10000,High-End NVMe,
Team,Z54A,x4 PCIe 5.0/NVMe,M.2,1TB,InnoGrit IG5666,,Yes,No,Micron,TLC,232,14000,11000,High-End NVMe,
Team,Z54A,x4 PCIe 5.0/NVMe,M.2,2TB,InnoGrit IG5666,,Yes,No,Micron,TLC,232,14000,11000,High-End NVMe,
Team,Z54A,x4 PCIe 5.0/NVMe,M.2,4TB,InnoGrit IG5666,,Yes,No,Micron,TLC,232,14000,11000,High-End NVMe,
Team,Z54A4,x4 PCIe 5.0/NVMe,M.2,,Maxio MAP1806,,,,YMTC,TLC,,14000,12000,,
Team,Z54E,x4 PCIe 5.0/NVMe,M.2,,Phison E28,,,,Kioxia,TLC,218,14000,14000,,
Toshiba/Kioxia,RC500,x4 PCIe 3.0/NVMe,M.2,250GB,Phison E12S,"Dual R5 + CoX, 8x4",Yes,N/A,Kioxia,TLC,96,1700,1600,Entry-Level NVMe,
Toshiba/Kioxia,RC500,x4 PCIe 3.0/NVMe,M.2,500GB,Phison E12S,"Dual R5 + CoX, 8x4",Yes,N/A,Kioxia,TLC,96,1700,1600,Entry-Level NVMe,
Toshiba/Kioxia,RD500,x4 PCIe 3.0/NVMe,M.2,500GB,Phison E12S,"Dual R5 + CoX, 8x4",Yes,N/A,Kioxia,TLC,96,3400,3200,Mid-Range NVMe,
Toshiba/Kioxia,RD500,x4 PCIe 3.0/NVMe,M.2,1000GB,Phison E12S,"Dual R5 + CoX, 8x4",Yes,N/A,Kioxia,TLC,96,3400,3200,Mid-Range NVMe,
Toshiba/Kioxia,RD500,x4 PCIe 3.0/NVMe,M.2,2000GB,Phison E12S,"Dual R5 + CoX, 8x4",Yes,N/A,Kioxia,TLC,96,3400,3200,Mid-Range NVMe,
Toshiba/Kioxia,RD500,x4 PCIe 3.0/NVMe,M.2,2TB,Phison E12S,"Dual R5 + CoX, 8x4",Yes,N/A,Kioxia,TLC,96,3400,3200,Mid-Range NVMe,
Toshiba/Kioxia,TR200,SATA/AHCI,"2.5""",240GB,Phison S11,"Single-core, 2-ch, 8-CE/ch",No,N/A,Kioxia,TLC,64,555,540,Entry-Level SATA,
Toshiba/Kioxia,TR200,SATA/AHCI,"2.5""",480GB,Phison S11,"Single-core, 2-ch, 8-CE/ch",No,N/A,Kioxia,TLC,64,555,540,Entry-Level SATA,
Toshiba/Kioxia,TR200,SATA/AHCI,"2.5""",960GB,Phison S11,"Single-core, 2-ch, 8-CE/ch",No,N/A,Kioxia,TLC,64,555,540,Entry-Level SATA,
Transcend,ESD310C,USB 3.2 Gen 2x1,USB-C,,SMI SM2620,,,,,,,,,,
Transcend,ESD350C,USB 3.2 Gen 2x1,USB-C,240GB,SMI SM2263XT,"Dual-core, 4-ch, 4-CE/ch",No,No,Micron,TLC,64,1050,950,Entry-Level NVMe,Portable; Unverified
Transcend,ESD350C,USB 3.2 Gen 2x1,USB-C,480GB,SMI SM2263XT,"Dual-core, 4-ch, 4-CE/ch",No,No,Micron,TLC,64,1050,950,Entry-Level NVMe,Portable; Unverified
Transcend,ESD350C,USB 3.2 Gen 2x1,USB-C,960GB,SMI SM2263XT,"Dual-core, 4-ch, 4-CE/ch",No,No,Micron,TLC,64,1050,950,Entry-Level NVMe,Portable; Unverified
Transcend,ESD360C,,,,,,,,,,,,,,
Transcend,E410C,,,,,,,,,,,,,,
Transcend,MSA452T2,SATA/AHCI,mSATA,64GB,,,Yes,N/A,,TLC,,560,520,High-End SATA,
Transcend,MSA452T2,SATA/AHCI,mSATA,128GB,,,Yes,N/A,,TLC,,560,520,High-End SATA,
Transcend,MSA452T2,SATA/AHCI,mSATA,256GB,,,Yes,N/A,,TLC,,560,520,High-End SATA,
Transcend,MSA452T2,SATA/AHCI,mSATA,512GB,,,Yes,N/A,,TLC,,560,520,High-End SATA,
Transcend,MSA452T2,SATA/AHCI,mSATA,1TB,,,Yes,N/A,,TLC,,560,520,High-End SATA,
Transcend,MTE260S,x4 PCIe 5.0/NVMe,M.2,1TB,,,,,,,,14000,11000,,
Transcend,MTE260S,x4 PCIe 5.0/NVMe,M.2,2TB,,,,,,,,14000,11000,,
Transcend,MTE260S,x4 PCIe 5.0/NVMe,M.2,4TB,,,,,,,,14000,11000,,
Transcend,MTE310S,x4 PCIe 4.0/NVMe,M.2,512GB,,,,,,,,5000,3500,,"2230, aka SSD 310S"
Transcend,MTE310S,x4 PCIe 4.0/NVMe,M.2,1TB,,,,,,,,5000,3500,,"2230, aka SSD 310S"
Transcend,MTE400S,x4 PCIe 3.0/NVMe,M.2,256GB,SMI SM2263XTV,"Dual-core, 4-ch, 4-CE/ch",No,Yes,,TLC,,2000,1700,Entry-Level NVMe,
Transcend,MTE400S,x4 PCIe 3.0/NVMe,M.2,512GB,SMI SM2263XTV,"Dual-core, 4-ch, 4-CE/ch",No,Yes,,TLC,,2000,1700,Entry-Level NVMe,
Transcend,MTE400S,x4 PCIe 3.0/NVMe,M.2,1TB,SMI SM2263XTV,"Dual-core, 4-ch, 4-CE/ch",No,Yes,,TLC,,2000,1700,Entry-Level NVMe,
Transcend,MTS552T2,SATA/AHCI,M.2,64GB,,,Yes,N/A,,TLC,,560,510,High-End SATA,
Transcend,MTS552T2,SATA/AHCI,M.2,128GB,,,Yes,N/A,,TLC,,560,510,High-End SATA,
Transcend,MTS552T2,SATA/AHCI,M.2,256GB,,,Yes,N/A,,TLC,,560,510,High-End SATA,
Transcend,MTS552T2,SATA/AHCI,M.2,512GB,,,Yes,N/A,,TLC,,560,510,High-End SATA,
Transcend,MTE652T2,x4 PCIe 3.0/NVMe,M.2,128GB,,,Yes,No,,TLC,,2100,1000,Entry-Level NVMe,
Transcend,MTE652T2,x4 PCIe 3.0/NVMe,M.2,256GB,,,Yes,No,,TLC,,2100,1000,Entry-Level NVMe,
Transcend,MTE652T2,x4 PCIe 3.0/NVMe,M.2,512GB,,,Yes,No,,TLC,,2100,1000,Entry-Level NVMe,
Transcend,MTS952T2,SATA/AHCI,M.2,64GB,,,Yes,N/A,,TLC,,560,520,High-End SATA,
Transcend,MTS952T2,SATA/AHCI,M.2,128GB,,,Yes,N/A,,TLC,,560,520,High-End SATA,
Transcend,MTS952T2,SATA/AHCI,M.2,256GB,,,Yes,N/A,,TLC,,560,520,High-End SATA,
Transcend,MTS952T2,SATA/AHCI,M.2,512GB,,,Yes,N/A,,TLC,,560,520,High-End SATA,
Transcend,MTS952T2,SATA/AHCI,M.2,1TB,,,Yes,N/A,,TLC,,560,520,High-End SATA,
Transcend,MTS952T2,SATA/AHCI,M.2,2TB,,,Yes,N/A,,TLC,,560,520,High-End SATA,
Transcend,SSD 110S,x4 PCIe 3.0/NVMe,M.2,256GB,SMI SM2263XT,"Dual-core, 4-ch, 4-CE/ch",No,Yes,Micron,TLC,64,1700,1500,Entry-Level NVMe,
Transcend,SSD 110S,x4 PCIe 3.0/NVMe,M.2,512GB,SMI SM2263XT,"Dual-core, 4-ch, 4-CE/ch",No,Yes,Micron,TLC,64,1700,1500,Entry-Level NVMe,
Transcend,SSD 110S,x4 PCIe 3.0/NVMe,M.2,1TB,SMI SM2263XT,"Dual-core, 4-ch, 4-CE/ch",No,Yes,Micron,TLC,64,1700,1500,Entry-Level NVMe,
Transcend,SSD 220S,x4 PCIe 3.0/NVMe,M.2,256GB,SMI SM2262EN,"Dual-core, 8-ch, 4-CE/ch",Yes,No,Micron,TLC,64,3300,2800,Mid-Range NVMe,May be changed to E12/E12S or SM2267
Transcend,SSD 220S,x4 PCIe 3.0/NVMe,M.2,512GB,SMI SM2262EN,"Dual-core, 8-ch, 4-CE/ch",Yes,No,Micron,TLC,64,3300,2800,Mid-Range NVMe,May be changed to E12/E12S or SM2267
Transcend,SSD 220S,x4 PCIe 3.0/NVMe,M.2,1TB,SMI SM2262EN,"Dual-core, 8-ch, 4-CE/ch",Yes,No,Micron,TLC,64,3300,2800,Mid-Range NVMe,May be changed to E12/E12S or SM2267
Transcend,SSD 220S,x4 PCIe 3.0/NVMe,M.2,2TB,SMI SM2262EN,"Dual-core, 8-ch, 4-CE/ch",Yes,No,Micron,TLC,64,3300,2800,Mid-Range NVMe,May be changed to E12/E12S or SM2267
Transcend,SSD225S,SATA/AHCI,"2.5""",250GB,,,No,N/A,,,,560,500,,
Transcend,SSD225S,SATA/AHCI,"2.5""",500GB,,,No,N/A,,,,560,500,,
Transcend,SSD225S,SATA/AHCI,"2.5""",1000GB,,,No,N/A,,,,560,500,,
Transcend,SSD225S,SATA/AHCI,"2.5""",2000GB,,,No,N/A,,,,560,500,,
Transcend,SSD225S,SATA/AHCI,"2.5""",2TB,,,No,N/A,,,,560,500,,
Transcend,SSD230S,SATA/AHCI,"2.5""",128GB,SMI SM2258,"Single-core, 4-ch, 8-CE/ch",Yes,N/A,Micron,TLC,32/64,560,520,Mid-Range SATA,Change: Samsung 64L
Transcend,SSD230S,SATA/AHCI,"2.5""",256GB,SMI SM2258,"Single-core, 4-ch, 8-CE/ch",Yes,N/A,Micron,TLC,32/64,560,520,Mid-Range SATA,Change: Samsung 64L
Transcend,SSD230S,SATA/AHCI,"2.5""",512GB,SMI SM2258,"Single-core, 4-ch, 8-CE/ch",Yes,N/A,Micron,TLC,32/64,560,520,Mid-Range SATA,Change: Samsung 64L
Transcend,SSD230S,SATA/AHCI,"2.5""",1TB,SMI SM2258,"Single-core, 4-ch, 8-CE/ch",Yes,N/A,Micron,TLC,32/64,560,520,Mid-Range SATA,Change: Samsung 64L
Transcend,SSD230S,SATA/AHCI,"2.5""",2TB,SMI SM2258,"Single-core, 4-ch, 8-CE/ch",Yes,N/A,Micron,TLC,32/64,560,520,Mid-Range SATA,Change: Samsung 64L
Transcend,SSD 240S,x4 PCIe 4.0/NVMe,M.2,500GB,SMI SM2267,"DC (28nm R5), 4-ch, 8-CE/ch",Yes,No,Micron,TLC,96,3800,3200,Mid-Range NVMe,
Transcend,SSD 240S,x4 PCIe 4.0/NVMe,M.2,1000GB,SMI SM2267,"DC (28nm R5), 4-ch, 8-CE/ch",Yes,No,Micron,TLC,96,3800,3200,Mid-Range NVMe,
Transcend,SSD 240S,x4 PCIe 4.0/NVMe,M.2,1TB,SMI SM2267,"DC (28nm R5), 4-ch, 8-CE/ch",Yes,No,Micron,TLC,96,3800,3200,Mid-Range NVMe,
Transcend,SSD 245S,x4 PCIe 4.0/NVMe,M.2,500GB,Realtek RTS5772DL,,,,,,,5300,4000,,
Transcend,SSD 245S,x4 PCIe 4.0/NVMe,M.2,1000GB,Realtek RTS5772DL,,,,,,,5300,4000,,
Transcend,SSD 245S,x4 PCIe 4.0/NVMe,M.2,2000GB,Realtek RTS5772DL,,,,,,,5300,4000,,
Transcend,SSD 245S,x4 PCIe 4.0/NVMe,M.2,4000GB,Realtek RTS5772DL,,,,,,,5300,4000,,
Transcend,SSD 245S,x4 PCIe 4.0/NVMe,M.2,4TB,Realtek RTS5772DL,,,,,,,5300,4000,,
Transcend,SSD 250S/MTE250S/250H,x4 PCIe 4.0/NVMe,M.2,1TB,SMI SM2264,"QC (12nm R8), 8-ch, 8-CE/ch",Yes,N/A,Kioxia,TLC,112,7500,6700,High-End NVMe,
Transcend,SSD 250S/MTE250S/250H,x4 PCIe 4.0/NVMe,M.2,2TB,SMI SM2264,"QC (12nm R8), 8-ch, 8-CE/ch",Yes,N/A,Kioxia,TLC,112,7500,6700,High-End NVMe,
Transcend,SSD 250S/MTE250S/250H,x4 PCIe 4.0/NVMe,M.2,4TB,SMI SM2264,"QC (12nm R8), 8-ch, 8-CE/ch",Yes,N/A,Kioxia,TLC,112,7500,6700,High-End NVMe,
Transcend,SSD250N,SATA/AHCI,"2.5""",1TB,,,Yes,N/A,,,,560,480,,
Transcend,SSD250N,SATA/AHCI,"2.5""",2TB,,,Yes,N/A,,,,560,480,,
Transcend,SSD420S/820S,SATA/AHCI,M.2,120GB,SMI SM2258XT,"Single-core, 4-ch, 4-CE/ch",No,N/A,Micron,TLC,64,550,500,Entry-Level SATA,2242 (240GB)/2280 by SKU
Transcend,SSD420S/820S,SATA/AHCI,M.2,240GB,SMI SM2258XT,"Single-core, 4-ch, 4-CE/ch",No,N/A,Micron,TLC,64,550,500,Entry-Level SATA,2242 (240GB)/2280 by SKU
Transcend,SSD420S/820S,SATA/AHCI,M.2,480GB,SMI SM2258XT,"Single-core, 4-ch, 4-CE/ch",No,N/A,Micron,TLC,64,550,500,Entry-Level SATA,2242 (240GB)/2280 by SKU
Transcend,SSD420S/820S,SATA/AHCI,M.2,960GB,SMI SM2258XT,"Single-core, 4-ch, 4-CE/ch",No,N/A,Micron,TLC,64,550,500,Entry-Level SATA,2242 (240GB)/2280 by SKU
Transcend,SSD430S/830S,SATA/AHCI,M.2,128GB,SMI SM2258,"Single-core, 4-ch, 8-CE/ch",Yes,N/A,Micron,TLC,64,560,500,Mid-Range SATA,2242 (512GB)/2280 by SKU
Transcend,SSD430S/830S,SATA/AHCI,M.2,256GB,SMI SM2258,"Single-core, 4-ch, 8-CE/ch",Yes,N/A,Micron,TLC,64,560,500,Mid-Range SATA,2242 (512GB)/2280 by SKU
Transcend,SSD430S/830S,SATA/AHCI,M.2,512GB,SMI SM2258,"Single-core, 4-ch, 8-CE/ch",Yes,N/A,Micron,TLC,64,560,500,Mid-Range SATA,2242 (512GB)/2280 by SKU
Transcend,SSD430S/830S,SATA/AHCI,M.2,1TB,SMI SM2258,"Single-core, 4-ch, 8-CE/ch",Yes,N/A,Micron,TLC,64,560,500,Mid-Range SATA,2242 (512GB)/2280 by SKU
Verbatim,Vi3000,x4 PCIe 3.0/NVMe,M.2,256GB,Phison E13T,"Single-core, 4-ch, 8-CE/ch",No,Yes,Kioxia,TLC,96,3100,2900,Entry-Level NVMe,
Verbatim,Vi3000,x4 PCIe 3.0/NVMe,M.2,512GB,Phison E13T,"Single-core, 4-ch, 8-CE/ch",No,Yes,Kioxia,TLC,96,3100,2900,Entry-Level NVMe,
Verbatim,Vi3000,x4 PCIe 3.0/NVMe,M.2,1TB,Phison E13T,"Single-core, 4-ch, 8-CE/ch",No,Yes,Kioxia,TLC,96,3100,2900,Entry-Level NVMe,
Verbatim,Vi7000G,x4 PCIe 4.0/NVMe,M.2,,,,,,,,,,,,
Verbatim,Vi12000,x4 PCIe 5.0/NVMe,M.2,,,,,,,,,,,,
VisionTek,DLX4,x4 PCIe 4.0/NVMe,M.2,512GB,InnoGrit IG5220,"Tri-core R5, 4x8",No,Yes,,,,5200,4775,Mid-Range NVMe,"2230, 2242, 2280"
VisionTek,DLX4,x4 PCIe 4.0/NVMe,M.2,1TB,InnoGrit IG5220,"Tri-core R5, 4x8",No,Yes,,,,5200,4775,Mid-Range NVMe,"2230, 2242, 2280"
VisionTek,DLX4,x4 PCIe 4.0/NVMe,M.2,2TB,InnoGrit IG5220,"Tri-core R5, 4x8",No,Yes,,,,5200,4775,Mid-Range NVMe,"2230, 2242, 2280"
VisionTek,DLX4 Pro,x4 PCIe 4.0/NVMe,M.2,512GB,,,Yes,N/A,,,,7415,6800,High-End NVMe,
VisionTek,DLX4 Pro,x4 PCIe 4.0/NVMe,M.2,1TB,,,Yes,N/A,,,,7415,6800,High-End NVMe,
VisionTek,DLX4 Pro,x4 PCIe 4.0/NVMe,M.2,2TB,,,Yes,N/A,,,,7415,6800,High-End NVMe,
VisionTek,DLX4 Pro,x4 PCIe 4.0/NVMe,M.2,4TB,,,Yes,N/A,,,,7415,6800,High-End NVMe,
WD,AN1500,x8 PCIe 3.0/NVMe,AIC,1TB,2xWD + 88NR2241,2xSN750 controller + RAID,Yes,No,SanDisk,TLC,,6500,4100,High-End NVMe,
WD,AN1500,x8 PCIe 3.0/NVMe,AIC,2TB,2xWD + 88NR2241,2xSN750 controller + RAID,Yes,No,SanDisk,TLC,,6500,4100,High-End NVMe,
WD,AN1500,x8 PCIe 3.0/NVMe,AIC,4TB,2xWD + 88NR2241,2xSN750 controller + RAID,Yes,No,SanDisk,TLC,,6500,4100,High-End NVMe,
WD,Black (later SN750),x4 PCIe 3.0/NVMe,M.2,250GB,WD Proprietary,"Tri-core, 8-ch, 8-CE/ch",Yes,No,SanDisk,TLC,64,3470,3000,Mid-Range NVMe,Heatsink model; flash changed 2021
WD,Black (later SN750),x4 PCIe 3.0/NVMe,M.2,500GB,WD Proprietary,"Tri-core, 8-ch, 8-CE/ch",Yes,No,SanDisk,TLC,64,3470,3000,Mid-Range NVMe,Heatsink model; flash changed 2021
WD,Black (later SN750),x4 PCIe 3.0/NVMe,M.2,1000GB,WD Proprietary,"Tri-core, 8-ch, 8-CE/ch",Yes,No,SanDisk,TLC,64,3470,3000,Mid-Range NVMe,Heatsink model; flash changed 2021
WD,Black (later SN750),x4 PCIe 3.0/NVMe,M.2,2000GB,WD Proprietary,"Tri-core, 8-ch, 8-CE/ch",Yes,No,SanDisk,TLC,64,3470,3000,Mid-Range NVMe,Heatsink model; flash changed 2021
WD,Black (later SN750),x4 PCIe 3.0/NVMe,M.2,2TB,WD Proprietary,"Tri-core, 8-ch, 8-CE/ch",Yes,No,SanDisk,TLC,64,3470,3000,Mid-Range NVMe,Heatsink model; flash changed 2021
WD,Blue (2D),SATA/AHCI,"2.5"" & M.2",250GB,Marvell 88SS1074,"Dual-core, 4-ch, 8-CE/ch",Yes,N/A,SanDisk,TLC,N/A,545,525,Entry-Level SATA,
WD,Blue (2D),SATA/AHCI,"2.5"" & M.2",500GB,Marvell 88SS1074,"Dual-core, 4-ch, 8-CE/ch",Yes,N/A,SanDisk,TLC,N/A,545,525,Entry-Level SATA,
WD,Blue (2D),SATA/AHCI,"2.5"" & M.2",1000GB,Marvell 88SS1074,"Dual-core, 4-ch, 8-CE/ch",Yes,N/A,SanDisk,TLC,N/A,545,525,Entry-Level SATA,
WD,Blue (2D),SATA/AHCI,"2.5"" & M.2",1TB,Marvell 88SS1074,"Dual-core, 4-ch, 8-CE/ch",Yes,N/A,SanDisk,TLC,N/A,545,525,Entry-Level SATA,
WD,Blue 3D,SATA/AHCI,"2.5"" & M.2 (2TB)",250GB,Marvell 88SS1074,"Dual-core, 4-ch, 8-CE/ch",Yes,N/A,SanDisk,TLC,64,560,530,High-End SATA,"4TB 2.5"" only"
WD,Blue 3D,SATA/AHCI,"2.5"" & M.2 (2TB)",500GB,Marvell 88SS1074,"Dual-core, 4-ch, 8-CE/ch",Yes,N/A,SanDisk,TLC,64,560,530,High-End SATA,"4TB 2.5"" only"
WD,Blue 3D,SATA/AHCI,"2.5"" & M.2 (2TB)",1000GB,Marvell 88SS1074,"Dual-core, 4-ch, 8-CE/ch",Yes,N/A,SanDisk,TLC,64,560,530,High-End SATA,"4TB 2.5"" only"
WD,Blue 3D,SATA/AHCI,"2.5"" & M.2 (2TB)",2000GB,Marvell 88SS1074,"Dual-core, 4-ch, 8-CE/ch",Yes,N/A,SanDisk,TLC,64,560,530,High-End SATA,"4TB 2.5"" only"
WD,Blue 3D,SATA/AHCI,"2.5"" & M.2 (2TB)",4000GB,Marvell 88SS1074,"Dual-core, 4-ch, 8-CE/ch",Yes,N/A,SanDisk,TLC,64,560,530,High-End SATA,"4TB 2.5"" only"
WD,Blue 3D,SATA/AHCI,"2.5"" & M.2 (2TB)",4TB,Marvell 88SS1074,"Dual-core, 4-ch, 8-CE/ch",Yes,N/A,SanDisk,TLC,64,560,530,High-End SATA,"4TB 2.5"" only"
WD,D30,USB 3.2 Gen 2x1,USB-C,500GB,WD Proprietary,"Tri-core, 4-ch, 8-CE/ch",No,N/A,SanDisk,TLC,96,900,900,Entry-Level NVMe,Portable; Xbox/PS5 variants
WD,D30,USB 3.2 Gen 2x1,USB-C,1000GB,WD Proprietary,"Tri-core, 4-ch, 8-CE/ch",No,N/A,SanDisk,TLC,96,900,900,Entry-Level NVMe,Portable; Xbox/PS5 variants
WD,D30,USB 3.2 Gen 2x1,USB-C,2000GB,WD Proprietary,"Tri-core, 4-ch, 8-CE/ch",No,N/A,SanDisk,TLC,96,900,900,Entry-Level NVMe,Portable; Xbox/PS5 variants
WD,D30,USB 3.2 Gen 2x1,USB-C,2TB,WD Proprietary,"Tri-core, 4-ch, 8-CE/ch",No,N/A,SanDisk,TLC,96,900,900,Entry-Level NVMe,Portable; Xbox/PS5 variants
WD,Green,SATA/AHCI,"2.5"" & M.2 (480GB)",120GB,SMI SM2258XT,"Single-core, 4-ch, 4-CE/ch",No,N/A,SanDisk,TLC,N/A,545,,Garbage,Variable hardware
WD,Green,SATA/AHCI,"2.5"" & M.2 (480GB)",240GB,SMI SM2258XT,"Single-core, 4-ch, 4-CE/ch",No,N/A,SanDisk,TLC,N/A,545,,Garbage,Variable hardware
WD,Green,SATA/AHCI,"2.5"" & M.2 (480GB)",480GB,SMI SM2258XT,"Single-core, 4-ch, 4-CE/ch",No,N/A,SanDisk,TLC,N/A,545,,Garbage,Variable hardware
WD,Green,SATA/AHCI,"2.5"" & M.2 (480GB)",960GB,SMI SM2258XT,"Single-core, 4-ch, 4-CE/ch",No,N/A,SanDisk,TLC,N/A,545,,Garbage,Variable hardware
WD,Green,SATA/AHCI,"2.5"" & M.2 (480GB)",1TB,SMI SM2258XT,"Single-core, 4-ch, 4-CE/ch",No,N/A,SanDisk,TLC,N/A,545,,Garbage,Variable hardware
WD,My Passport SSD (New),USB 3.2 Gen 2x1,USB-C,256GB,Marvell 88SS1074,"Dual-core, 4-ch, 8-CE/ch",Yes,N/A,SanDisk,TLC,64,540,,High-End SATA,Portable
WD,My Passport SSD (New),USB 3.2 Gen 2x1,USB-C,512GB,Marvell 88SS1074,"Dual-core, 4-ch, 8-CE/ch",Yes,N/A,SanDisk,TLC,64,540,,High-End SATA,Portable
WD,My Passport SSD (New),USB 3.2 Gen 2x1,USB-C,1TB,Marvell 88SS1074,"Dual-core, 4-ch, 8-CE/ch",Yes,N/A,SanDisk,TLC,64,540,,High-End SATA,Portable
WD,My Passport SSD (New),USB 3.2 Gen 2x1,USB-C,2TB,Marvell 88SS1074,"Dual-core, 4-ch, 8-CE/ch",Yes,N/A,SanDisk,TLC,64,540,,High-End SATA,Portable
WD,My Passport SSD (NVMe),USB 3.2 Gen 2x1,USB-C,500GB,WD Proprietary,"Tri-core, 4-ch, 8-CE/ch",No,N/A,SanDisk,TLC,96,1050,1000,Entry-Level NVMe,Portable
WD,My Passport SSD (NVMe),USB 3.2 Gen 2x1,USB-C,1000GB,WD Proprietary,"Tri-core, 4-ch, 8-CE/ch",No,N/A,SanDisk,TLC,96,1050,1000,Entry-Level NVMe,Portable
WD,My Passport SSD (NVMe),USB 3.2 Gen 2x1,USB-C,2000GB,WD Proprietary,"Tri-core, 4-ch, 8-CE/ch",No,N/A,SanDisk,TLC,96,1050,1000,Entry-Level NVMe,Portable
WD,My Passport SSD (NVMe),USB 3.2 Gen 2x1,USB-C,4000GB,WD Proprietary,"Tri-core, 4-ch, 8-CE/ch",No,N/A,SanDisk,TLC,96,1050,1000,Entry-Level NVMe,Portable
WD,My Passport SSD (NVMe),USB 3.2 Gen 2x1,USB-C,4TB,WD Proprietary,"Tri-core, 4-ch, 8-CE/ch",No,N/A,SanDisk,TLC,96,1050,1000,Entry-Level NVMe,Portable
WD,P40,USB 3.2 Gen 2x2,USB-C,500GB,WD Proprietary,4-Ch,No,Yes,SanDisk,TLC,,,,Entry-Level NVMe,Portable; RGB
WD,P40,USB 3.2 Gen 2x2,USB-C,1000GB,WD Proprietary,4-Ch,No,Yes,SanDisk,TLC,,,,Entry-Level NVMe,Portable; RGB
WD,P40,USB 3.2 Gen 2x2,USB-C,2000GB,WD Proprietary,4-Ch,No,Yes,SanDisk,TLC,,,,Entry-Level NVMe,Portable; RGB
WD,P40,USB 3.2 Gen 2x2,USB-C,2TB,WD Proprietary,4-Ch,No,Yes,SanDisk,TLC,,,,Entry-Level NVMe,Portable; RGB
WD,P50,USB 3.2 Gen 2x2,USB-C,500GB,WD Proprietary,"Tri-core, 8-ch, 8-CE/ch",Yes,No,SanDisk,TLC,64,2000,2000,Mid-Range NVMe,Portable
WD,P50,USB 3.2 Gen 2x2,USB-C,1000GB,WD Proprietary,"Tri-core, 8-ch, 8-CE/ch",Yes,No,SanDisk,TLC,64,2000,2000,Mid-Range NVMe,Portable
WD,P50,USB 3.2 Gen 2x2,USB-C,2000GB,WD Proprietary,"Tri-core, 8-ch, 8-CE/ch",Yes,No,SanDisk,TLC,64,2000,2000,Mid-Range NVMe,Portable
WD,P50,USB 3.2 Gen 2x2,USB-C,2TB,WD Proprietary,"Tri-core, 8-ch, 8-CE/ch",Yes,No,SanDisk,TLC,64,2000,2000,Mid-Range NVMe,Portable
WD,SA500/Red,SATA/AHCI,"2.5"" & M.2",500GB,Marvell 88SS1074,"Dual-core, 4-ch, 8-CE/ch",Yes,N/A,SanDisk,TLC,?,560,530,High-End SATA,"4TB 2.5"" only"
WD,SA500/Red,SATA/AHCI,"2.5"" & M.2",1000GB,Marvell 88SS1074,"Dual-core, 4-ch, 8-CE/ch",Yes,N/A,SanDisk,TLC,?,560,530,High-End SATA,"4TB 2.5"" only"
WD,SA500/Red,SATA/AHCI,"2.5"" & M.2",2000GB,Marvell 88SS1074,"Dual-core, 4-ch, 8-CE/ch",Yes,N/A,SanDisk,TLC,?,560,530,High-End SATA,"4TB 2.5"" only"
WD,SA500/Red,SATA/AHCI,"2.5"" & M.2",4000GB,Marvell 88SS1074,"Dual-core, 4-ch, 8-CE/ch",Yes,N/A,SanDisk,TLC,?,560,530,High-End SATA,"4TB 2.5"" only"
WD,SA500/Red,SATA/AHCI,"2.5"" & M.2",4TB,Marvell 88SS1074,"Dual-core, 4-ch, 8-CE/ch",Yes,N/A,SanDisk,TLC,?,560,530,High-End SATA,"4TB 2.5"" only"
WD,SA510/Blue,SATA/AHCI,"2.5"" & M.2",250GB,SanDisk A101,"Single-core, 2-ch, 8-CE/ch",No,N/A,SanDisk,TLC,112,560,520,Entry-Level SATA,2TB/4TB still good (960GB+ SanDisk Ultra)
WD,SA510/Blue,SATA/AHCI,"2.5"" & M.2",500GB,SanDisk A101,"Single-core, 2-ch, 8-CE/ch",No,N/A,SanDisk,TLC,112,560,520,Entry-Level SATA,2TB/4TB still good (960GB+ SanDisk Ultra)
WD,SA510/Blue,SATA/AHCI,"2.5"" & M.2",1000GB,SanDisk A101,"Single-core, 2-ch, 8-CE/ch",No,N/A,SanDisk,TLC,112,560,520,Entry-Level SATA,2TB/4TB still good (960GB+ SanDisk Ultra)
WD,SA510/Blue,SATA/AHCI,"2.5"" & M.2",1TB,SanDisk A101,"Single-core, 2-ch, 8-CE/ch",No,N/A,SanDisk,TLC,112,560,520,Entry-Level SATA,2TB/4TB still good (960GB+ SanDisk Ultra)
WD,SN500,x2 PCIe 3.0/NVMe,M.2,250GB,WD Proprietary,"Tri-core, 4-ch, 8-CE/ch",No,No,SanDisk,TLC,64,1700,1450,Entry-Level NVMe,
WD,SN500,x2 PCIe 3.0/NVMe,M.2,500GB,WD Proprietary,"Tri-core, 4-ch, 8-CE/ch",No,No,SanDisk,TLC,64,1700,1450,Entry-Level NVMe,
WD,SN350,x4 PCIe 3.0/NVMe,M.2,240GB,WD Proprietary,"Tri-core, 4-ch, 8-CE/ch",No,Yes,SanDisk,TLC,96,2400,1900,Entry-Level NVMe,"1/2TB: QLC, faster bus (3200/3000)"
WD,SN350,x4 PCIe 3.0/NVMe,M.2,480GB,WD Proprietary,"Tri-core, 4-ch, 8-CE/ch",No,Yes,SanDisk,TLC,96,2400,1900,Entry-Level NVMe,"1/2TB: QLC, faster bus (3200/3000)"
WD,SN350,x4 PCIe 3.0/NVMe,M.2,960GB,WD Proprietary,"Tri-core, 4-ch, 8-CE/ch",No,Yes,SanDisk,TLC,96,2400,1900,Entry-Level NVMe,"1/2TB: QLC, faster bus (3200/3000)"
WD,SN350,x4 PCIe 3.0/NVMe,M.2,1920GB,WD Proprietary,"Tri-core, 4-ch, 8-CE/ch",No,Yes,SanDisk,TLC,96,2400,1900,Entry-Level NVMe,"1/2TB: QLC, faster bus (3200/3000)"
WD,SN350,x4 PCIe 3.0/NVMe,M.2,2TB,WD Proprietary,"Tri-core, 4-ch, 8-CE/ch",No,Yes,SanDisk,TLC,96,2400,1900,Entry-Level NVMe,"1/2TB: QLC, faster bus (3200/3000)"
WD,SN5000,x4 PCIe 4.0/NVMe,M.2,500GB,WD Proprietary,"Tri-core, 4-ch, 8-CE/ch",No,Yes,SanDisk,TLC,112,5500,5000,Mid-Range NVMe,4TB: BiCS6 (162L) QLC
WD,SN5000,x4 PCIe 4.0/NVMe,M.2,1000GB,WD Proprietary,"Tri-core, 4-ch, 8-CE/ch",No,Yes,SanDisk,TLC,112,5500,5000,Mid-Range NVMe,4TB: BiCS6 (162L) QLC
WD,SN5000,x4 PCIe 4.0/NVMe,M.2,2000GB,WD Proprietary,"Tri-core, 4-ch, 8-CE/ch",No,Yes,SanDisk,TLC,112,5500,5000,Mid-Range NVMe,4TB: BiCS6 (162L) QLC
WD,SN5000,x4 PCIe 4.0/NVMe,M.2,4000GB,WD Proprietary,"Tri-core, 4-ch, 8-CE/ch",No,Yes,SanDisk,TLC,112,5500,5000,Mid-Range NVMe,4TB: BiCS6 (162L) QLC
WD,SN5000,x4 PCIe 4.0/NVMe,M.2,4TB,WD Proprietary,"Tri-core, 4-ch, 8-CE/ch",No,Yes,SanDisk,TLC,112,5500,5000,Mid-Range NVMe,4TB: BiCS6 (162L) QLC
WD,SN550,x4 PCIe 3.0/NVMe,M.2,250GB,WD Proprietary,"Tri-core, 4-ch, 8-CE/ch",No,Yes,SanDisk,TLC,96,2400,1950,Entry-Level NVMe,5-year; flash changed June 2021
WD,SN550,x4 PCIe 3.0/NVMe,M.2,500GB,WD Proprietary,"Tri-core, 4-ch, 8-CE/ch",No,Yes,SanDisk,TLC,96,2400,1950,Entry-Level NVMe,5-year; flash changed June 2021
WD,SN550,x4 PCIe 3.0/NVMe,M.2,1000GB,WD Proprietary,"Tri-core, 4-ch, 8-CE/ch",No,Yes,SanDisk,TLC,96,2400,1950,Entry-Level NVMe,5-year; flash changed June 2021
WD,SN550,x4 PCIe 3.0/NVMe,M.2,2000GB,WD Proprietary,"Tri-core, 4-ch, 8-CE/ch",No,Yes,SanDisk,TLC,96,2400,1950,Entry-Level NVMe,5-year; flash changed June 2021
WD,SN550,x4 PCIe 3.0/NVMe,M.2,2TB,WD Proprietary,"Tri-core, 4-ch, 8-CE/ch",No,Yes,SanDisk,TLC,96,2400,1950,Entry-Level NVMe,5-year; flash changed June 2021
WD,SN570,x4 PCIe 3.0/NVMe,M.2,250GB,WD Proprietary,"R5, 4x4",No,Yes,SanDisk,TLC,112,3500,3000,Entry-Level NVMe,
WD,SN570,x4 PCIe 3.0/NVMe,M.2,500GB,WD Proprietary,"R5, 4x4",No,Yes,SanDisk,TLC,112,3500,3000,Entry-Level NVMe,
WD,SN570,x4 PCIe 3.0/NVMe,M.2,1000GB,WD Proprietary,"R5, 4x4",No,Yes,SanDisk,TLC,112,3500,3000,Entry-Level NVMe,
WD,SN570,x4 PCIe 3.0/NVMe,M.2,2000GB,WD Proprietary,"R5, 4x4",No,Yes,SanDisk,TLC,112,3500,3000,Entry-Level NVMe,
WD,SN570,x4 PCIe 3.0/NVMe,M.2,2TB,WD Proprietary,"R5, 4x4",No,Yes,SanDisk,TLC,112,3500,3000,Entry-Level NVMe,
WD,SN580,x4 PCIe 4.0/NVMe,M.2,250GB,WD Proprietary,"R5, 4x4",No,Yes,SanDisk,TLC,112,4150,4150,Entry-Level NVMe,
WD,SN580,x4 PCIe 4.0/NVMe,M.2,500GB,WD Proprietary,"R5, 4x4",No,Yes,SanDisk,TLC,112,4150,4150,Entry-Level NVMe,
WD,SN580,x4 PCIe 4.0/NVMe,M.2,1000GB,WD Proprietary,"R5, 4x4",No,Yes,SanDisk,TLC,112,4150,4150,Entry-Level NVMe,
WD,SN580,x4 PCIe 4.0/NVMe,M.2,2000GB,WD Proprietary,"R5, 4x4",No,Yes,SanDisk,TLC,112,4150,4150,Entry-Level NVMe,
WD,SN580,x4 PCIe 4.0/NVMe,M.2,2TB,WD Proprietary,"R5, 4x4",No,Yes,SanDisk,TLC,112,4150,4150,Entry-Level NVMe,
WD,SN7100,x4 PCIe 4.0/NVMe,M.2,500GB,WD Proprietary,,No,Yes,SanDisk,TLC,162,7250,6900,Mid-Range NVMe,4TB later
WD,SN7100,x4 PCIe 4.0/NVMe,M.2,1000GB,WD Proprietary,,No,Yes,SanDisk,TLC,162,7250,6900,Mid-Range NVMe,4TB later
WD,SN7100,x4 PCIe 4.0/NVMe,M.2,2000GB,WD Proprietary,,No,Yes,SanDisk,TLC,162,7250,6900,Mid-Range NVMe,4TB later
WD,SN7100,x4 PCIe 4.0/NVMe,M.2,2TB,WD Proprietary,,No,Yes,SanDisk,TLC,162,7250,6900,Mid-Range NVMe,4TB later
WD,SN750,x4 PCIe 3.0/NVMe,M.2,250GB,WD Proprietary,"Tri-core, 8-ch, 8-CE/ch",Yes,No,SanDisk,TLC,64,3470,3000,Mid-Range NVMe,Heatsink model; flash changed 2021
WD,SN750,x4 PCIe 3.0/NVMe,M.2,500GB,WD Proprietary,"Tri-core, 8-ch, 8-CE/ch",Yes,No,SanDisk,TLC,64,3470,3000,Mid-Range NVMe,Heatsink model; flash changed 2021
WD,SN750,x4 PCIe 3.0/NVMe,M.2,1000GB,WD Proprietary,"Tri-core, 8-ch, 8-CE/ch",Yes,No,SanDisk,TLC,64,3470,3000,Mid-Range NVMe,Heatsink model; flash changed 2021
WD,SN750,x4 PCIe 3.0/NVMe,M.2,2000GB,WD Proprietary,"Tri-core, 8-ch, 8-CE/ch",Yes,No,SanDisk,TLC,64,3470,3000,Mid-Range NVMe,Heatsink model; flash changed 2021
WD,SN750,x4 PCIe 3.0/NVMe,M.2,4000GB,WD Proprietary,"Tri-core, 8-ch, 8-CE/ch",Yes,No,SanDisk,TLC,64,3470,3000,Mid-Range NVMe,Heatsink model; flash changed 2021
WD,SN750,x4 PCIe 3.0/NVMe,M.2,4TB,WD Proprietary,"Tri-core, 8-ch, 8-CE/ch",Yes,No,SanDisk,TLC,64,3470,3000,Mid-Range NVMe,Heatsink model; flash changed 2021
WD,SN750 SE,x4 PCIe 4.0/NVMe,M.2,250GB,Phison E19T,"Single R5 + CoX, 4-ch, 8-CE/ch",No,Yes,SanDisk,TLC,96,3600,2830,Entry-Level NVMe,
WD,SN750 SE,x4 PCIe 4.0/NVMe,M.2,500GB,Phison E19T,"Single R5 + CoX, 4-ch, 8-CE/ch",No,Yes,SanDisk,TLC,96,3600,2830,Entry-Level NVMe,
WD,SN750 SE,x4 PCIe 4.0/NVMe,M.2,1000GB,Phison E19T,"Single R5 + CoX, 4-ch, 8-CE/ch",No,Yes,SanDisk,TLC,96,3600,2830,Entry-Level NVMe,
WD,SN750 SE,x4 PCIe 4.0/NVMe,M.2,1TB,Phison E19T,"Single R5 + CoX, 4-ch, 8-CE/ch",No,Yes,SanDisk,TLC,96,3600,2830,Entry-Level NVMe,
WD,SN770,x4 PCIe 4.0/NVMe,M.2,250GB,WD Proprietary,"R5, 4x4",No,Yes,SanDisk,TLC,112,5150,4900,Mid-Range NVMe,"SN770, SN740M = 2230"
WD,SN770,x4 PCIe 4.0/NVMe,M.2,500GB,WD Proprietary,"R5, 4x4",No,Yes,SanDisk,TLC,112,5150,4900,Mid-Range NVMe,"SN770, SN740M = 2230"
WD,SN770,x4 PCIe 4.0/NVMe,M.2,1000GB,WD Proprietary,"R5, 4x4",No,Yes,SanDisk,TLC,112,5150,4900,Mid-Range NVMe,"SN770, SN740M = 2230"
WD,SN770,x4 PCIe 4.0/NVMe,M.2,2000GB,WD Proprietary,"R5, 4x4",No,Yes,SanDisk,TLC,112,5150,4900,Mid-Range NVMe,"SN770, SN740M = 2230"
WD,SN770,x4 PCIe 4.0/NVMe,M.2,2TB,WD Proprietary,"R5, 4x4",No,Yes,SanDisk,TLC,112,5150,4900,Mid-Range NVMe,"SN770, SN740M = 2230"
WD,SN8100,x4 PCIe 5.0/NVMe,M.2,1TB,SMI SM2508,,Yes,N/A,SanDisk,TLC,212,14900,14000,High-End NVMe,
WD,SN8100,x4 PCIe 5.0/NVMe,M.2,2TB,SMI SM2508,,Yes,N/A,SanDisk,TLC,212,14900,14000,High-End NVMe,
WD,SN8100,x4 PCIe 5.0/NVMe,M.2,4TB,SMI SM2508,,Yes,N/A,SanDisk,TLC,212,14900,14000,High-End NVMe,
WD,SN8100,x4 PCIe 5.0/NVMe,M.2,8TB,SMI SM2508,,Yes,N/A,SanDisk,TLC,212,14900,14000,High-End NVMe,
WD,SN850,x4 PCIe 4.0/NVMe,M.2,500GB,WD Proprietary,"R5, 8x4",Yes,No,SanDisk,TLC,,7000,5300,High-End NVMe,
WD,SN850,x4 PCIe 4.0/NVMe,M.2,1000GB,WD Proprietary,"R5, 8x4",Yes,No,SanDisk,TLC,,7000,5300,High-End NVMe,
WD,SN850,x4 PCIe 4.0/NVMe,M.2,2000GB,WD Proprietary,"R5, 8x4",Yes,No,SanDisk,TLC,,7000,5300,High-End NVMe,
WD,SN850,x4 PCIe 4.0/NVMe,M.2,2TB,WD Proprietary,"R5, 8x4",Yes,No,SanDisk,TLC,,7000,5300,High-End NVMe,
WD,SN850X,x4 PCIe 4.0/NVMe,M.2,1TB,WD Proprietary,"Tri-core, 4-ch, 8-CE/ch",Yes,N/A,SanDisk,TLC,112,7300,,High-End NVMe,Optional heatsink; 4TB+ DS; 8TB BiCS6
WD,SN850X,x4 PCIe 4.0/NVMe,M.2,2TB,WD Proprietary,"Tri-core, 4-ch, 8-CE/ch",Yes,N/A,SanDisk,TLC,112,7300,,High-End NVMe,Optional heatsink; 4TB+ DS; 8TB BiCS6
WD,SN850X,x4 PCIe 4.0/NVMe,M.2,4TB,WD Proprietary,"Tri-core, 4-ch, 8-CE/ch",Yes,N/A,SanDisk,TLC,112,7300,,High-End NVMe,Optional heatsink; 4TB+ DS; 8TB BiCS6
WD,SN850X,x4 PCIe 4.0/NVMe,M.2,8TB,WD Proprietary,"Tri-core, 4-ch, 8-CE/ch",Yes,N/A,SanDisk,TLC,112,7300,,High-End NVMe,Optional heatsink; 4TB+ DS; 8TB BiCS6
WD,SN850P,x4 PCIe 4.0/NVMe,M.2,1TB,WD Proprietary,"Tri-core, 4-ch, 8-CE/ch",Yes,N/A,SanDisk,TLC,112,7300,,High-End NVMe,Heatsink; PS-optimized; 8TB BiCS6
WD,SN850P,x4 PCIe 4.0/NVMe,M.2,2TB,WD Proprietary,"Tri-core, 4-ch, 8-CE/ch",Yes,N/A,SanDisk,TLC,112,7300,,High-End NVMe,Heatsink; PS-optimized; 8TB BiCS6
WD,SN850P,x4 PCIe 4.0/NVMe,M.2,4TB,WD Proprietary,"Tri-core, 4-ch, 8-CE/ch",Yes,N/A,SanDisk,TLC,112,7300,,High-End NVMe,Heatsink; PS-optimized; 8TB BiCS6
WD,SN850P,x4 PCIe 4.0/NVMe,M.2,8TB,WD Proprietary,"Tri-core, 4-ch, 8-CE/ch",Yes,N/A,SanDisk,TLC,112,7300,,High-End NVMe,Heatsink; PS-optimized; 8TB BiCS6
Zadak,Spark,x4 PCIe 3.0/NVMe,M.2,512GB,Phison E12S,"Dual R5 + CoX, 8-ch, 4-CE/ch",Yes,No,Kioxia,TLC,,3400,3000,Mid-Range NVMe,Heatsink; RGB
Zadak,Spark,x4 PCIe 3.0/NVMe,M.2,1TB,Phison E12S,"Dual R5 + CoX, 8-ch, 4-CE/ch",Yes,No,Kioxia,TLC,,3400,3000,Mid-Range NVMe,Heatsink; RGB
Zadak,Spark,x4 PCIe 3.0/NVMe,M.2,2TB,Phison E12S,"Dual R5 + CoX, 8-ch, 4-CE/ch",Yes,No,Kioxia,TLC,,3400,3000,Mid-Range NVMe,Heatsink; RGB
Zadak,TWSG4S,x4 PCIe 4.0/NVMe,M.2,512GB,Phison E18,"Triple R5 + CoX, 8-ch, 4-CE/ch",Yes,N/A,Micron,TLC,176,7400,7000,High-End NVMe,Heatsink
Zadak,TWSG4S,x4 PCIe 4.0/NVMe,M.2,1TB,Phison E18,"Triple R5 + CoX, 8-ch, 4-CE/ch",Yes,N/A,Micron,TLC,176,7400,7000,High-End NVMe,Heatsink
Zadak,TWSG4S,x4 PCIe 4.0/NVMe,M.2,2TB,Phison E18,"Triple R5 + CoX, 8-ch, 4-CE/ch",Yes,N/A,Micron,TLC,176,7400,7000,High-End NVMe,Heatsink
Zadak,TWSG5,x4 PCIe 5.0/NVMe,M.2,,Phison E26,"Dual DC R5 + 3xCoX, 8-ch, 4-CE/ch",Yes,N/A,,,,13000,12000,,
Acer,Predator GM7,PCIe 4.0 x4,,512GB,Maxio MAP1602,,,YES,YMTC,TLC,"128L, 232L",7400,6500,Mid-Grade,
Acer,Predator GM7,PCIe 4.0 x4,,1TB,Maxio MAP1602,,,YES,YMTC,TLC,"128L, 232L",7400,6500,Mid-Grade,
Acer,Predator GM7,PCIe 4.0 x4,,2TB,Maxio MAP1602,,,YES,YMTC,TLC,"128L, 232L",7400,6500,Mid-Grade,
Acer,Predator GM7,PCIe 4.0 x4,,4TB,Maxio MAP1602,,,YES,YMTC,TLC,"128L, 232L",7400,6500,Mid-Grade,
Acer,Predator GM7000,PCIe 4.0 x4,,512GB,InnoGrit IG5236,,NO,NO,Micron,TLC,176L,7400,6700,Flagship,Troublesome controller
Acer,Predator GM7000,PCIe 4.0 x4,,1TB,InnoGrit IG5236,,NO,NO,Micron,TLC,176L,7400,6700,Flagship,Troublesome controller
Acer,Predator GM7000,PCIe 4.0 x4,,2TB,InnoGrit IG5236,,NO,NO,Micron,TLC,176L,7400,6700,Flagship,Troublesome controller
Acer,Predator GM7000,PCIe 4.0 x4,,4TB,InnoGrit IG5236,,NO,NO,Micron,TLC,176L,7400,6700,Flagship,Troublesome controller
Adata,Legend 860,PCIe 4.0 x4,,500GB,RTS5772DL,,NO,YES,Micron,QLC,176L,6000,5000,Entry-Level,Less desirable controller
Adata,Legend 860,PCIe 4.0 x4,,1TB,RTS5772DL,,NO,YES,Micron,QLC,176L,6000,5000,Entry-Level,Less desirable controller
Adata,Legend 860,PCIe 4.0 x4,,2TB,RTS5772DL,,NO,YES,Micron,QLC,176L,6000,5000,Entry-Level,Less desirable controller
Addlink,A93,PCIe 4.0 x4,,1TB,Maxio MAP1602,,NO,YES,YMTC,TLC,232L,7400,6500,Mid-Grade,
Addlink,A93,PCIe 4.0 x4,,2TB,Maxio MAP1602,,NO,YES,YMTC,TLC,232L,7400,6500,Mid-Grade,
Addlink,A93,PCIe 4.0 x4,,4TB,Maxio MAP1602,,NO,YES,YMTC,TLC,232L,7400,6500,Mid-Grade,
Addlink,A95,PCIe 4.0 x4,,1TB,Phison E18,,NO,NO,Micron,TLC,176L,7400,7000,Flagship,
Addlink,A95,PCIe 4.0 x4,,2TB,Phison E18,,NO,NO,Micron,TLC,176L,7400,7000,Flagship,
Addlink,A95,PCIe 4.0 x4,,4TB,Phison E18,,NO,NO,Micron,TLC,176L,7400,7000,Flagship,
Addlink,A95,PCIe 4.0 x4,,8TB,Phison E18,,NO,NO,Micron,TLC,176L,7400,7000,Flagship,
Addlink,G55,PCIe 5.0 x4,,1TB. 2TB,Phison E31T,,NO,YES,Kioxia,TLC,218L,10300,9000,Gen5 Mid-Grade,
Addlink,G55,PCIe 5.0 x4,,4TB,Phison E31T,,NO,YES,Kioxia,TLC,218L,10300,9000,Gen5 Mid-Grade,
Addlink,G55H,PCIe 5.0 x4,,1TB. 2TB,Phison E31T,,NO,YES,Kioxia,TLC,218L,10300,9000,Gen5 Mid-Grade,
Addlink,G55H,PCIe 5.0 x4,,4TB,Phison E31T,,NO,YES,Kioxia,TLC,218L,10300,9000,Gen5 Mid-Grade,
Addlink,S90 Lite,PCIe 4.0 x4,,512GB,Phison E21T,,NO,YES,Micron,TLC,176L,5000,4200,Entry-Level,
Addlink,S90 Lite,PCIe 4.0 x4,,1TB,Phison E21T,,NO,YES,Micron,TLC,176L,5000,4200,Entry-Level,
Addlink,S90 Lite,PCIe 4.0 x4,,2TB,Phison E21T,,NO,YES,Micron,TLC,176L,5000,4200,Entry-Level,
Addlink,S90 Lite,PCIe 4.0 x4,,4TB,Phison E21T,,NO,YES,Micron,TLC,176L,5000,4200,Entry-Level,
Addlink,S91,PCIe 4.0 x4,,512GB,Phison E21,,NO,YES,"Kioxia, Micron","TLC, QLC","112L (512GB), 176L (1TB/2TB)",5000,3200,Entry-Level,
Addlink,S91,PCIe 4.0 x4,,1TB,Phison E21,,NO,YES,"Kioxia, Micron","TLC, QLC","112L (512GB), 176L (1TB/2TB)",5000,3200,Entry-Level,
Addlink,S91,PCIe 4.0 x4,,2TB,Phison E21,,NO,YES,"Kioxia, Micron","TLC, QLC","112L (512GB), 176L (1TB/2TB)",5000,3200,Entry-Level,
Addlink,S93,PCIe 4.0 x4,,1TB,Maxio MAP1602,,NO,YES,YMTC,TLC,232L,7400,6500,Mid-Grade,
Addlink,S93,PCIe 4.0 x4,,2TB,Maxio MAP1602,,NO,YES,YMTC,TLC,232L,7400,6500,Mid-Grade,
Addlink,S93,PCIe 4.0 x4,,4TB,Maxio MAP1602,,NO,YES,YMTC,TLC,232L,7400,6500,Mid-Grade,
Biwin,NV7400,PCIe 4.0 x4,,512GB,Maxiotek MAP1602A,,NO,YES,Micron,TLC,232L,7450,6500,Mid-Grade,
Biwin,NV7400,PCIe 4.0 x4,,1TB,Maxiotek MAP1602A,,NO,YES,Micron,TLC,232L,7450,6500,Mid-Grade,
Biwin,NV7400,PCIe 4.0 x4,,2TB,Maxiotek MAP1602A,,NO,YES,Micron,TLC,232L,7450,6500,Mid-Grade,
Biwin,NV7400,PCIe 4.0 x4,,4TB,Maxiotek MAP1602A,,NO,YES,Micron,TLC,232L,7450,6500,Mid-Grade,
Corsair,MP600 Elite,PCIe 4.0 x4,,1TB,Phison E27T,,NO,YES,Kioxia,TLC,162L,7000,6500,Mid-Grade,
Corsair,MP600 Elite,PCIe 4.0 x4,,2TB,Phison E27T,,NO,YES,Kioxia,TLC,162L,7000,6500,Mid-Grade,
Corsair,MP600 Micro,PCIe 4.0 x4,,1TB,Phison E21,,NO,YES,Micron,QLC,176L,5100,4300,Entry-Level,
Corsair,MP600 Micro,PCIe 4.0 x4,,2TB,Phison E21,,NO,YES,Micron,QLC,176L,5100,4300,Entry-Level,
Corsair,MP700 Elite,PCIe 5.0 x4,,1TB,Phison E31T,,NO,YES,Kioxia,TLC,218L,10000,8500,Gen5 Mid-Grade,
Corsair,MP700 Elite,PCIe 5.0 x4,,2TB,Phison E31T,,NO,YES,Kioxia,TLC,218L,10000,8500,Gen5 Mid-Grade,
Corsair,MP700 Pro,PCIe 5.0 x4,,1TB,Phison E26,,NO,NO,Micron,TLC,232L,11700,9600,Gen5 Flagship,Level 2 E26
Corsair,MP700 Pro,PCIe 5.0 x4,,2TB,Phison E26,,NO,NO,Micron,TLC,232L,11700,9600,Gen5 Flagship,Level 2 E26
Corsair,MP700 Pro XT,PCIe 5.0 x4,,1TB,Phison E28,,NO,NO,Kioxia,TLC,218L,14900,14500,Gen5 Flagship,
Corsair,MP700 Pro XT,PCIe 5.0 x4,,2TB,Phison E28,,NO,NO,Kioxia,TLC,218L,14900,14500,Gen5 Flagship,
Corsair,MP700 Pro XT,PCIe 5.0 x4,,4TB,Phison E28,,NO,NO,Kioxia,TLC,218L,14900,14500,Gen5 Flagship,
Crucial,P310,PCIe 4.0 x4,,500GB,Phison E27T,,NO,YES,Micron,QLC,232L,7100,6000,Mid-Grade,
Crucial,P310,PCIe 4.0 x4,,1TB,Phison E27T,,NO,YES,Micron,QLC,232L,7100,6000,Mid-Grade,
Crucial,P310,PCIe 4.0 x4,,2TB,Phison E27T,,NO,YES,Micron,QLC,232L,7100,6000,Mid-Grade,
Crucial,P310,PCIe 4.0 x4,,4TB,Phison E27T,,NO,YES,Micron,QLC,232L,7100,6000,Mid-Grade,
Crucial,P510,PCIe 5.0 x4,,1TB,Phison E31T,,NO,YES,Micron,TLC,276L,11000,9500,Gen5 Mid-Grade,
Crucial,P510,PCIe 5.0 x4,,2TB,Phison E31T,,NO,YES,Micron,TLC,276L,11000,9500,Gen5 Mid-Grade,
Crucial,T500,PCIe 4.0 x4,,500GB,Phison E25,,NO,NO,Micron,TLC,232L,7400,7000,Flagship,
Crucial,T500,PCIe 4.0 x4,,1TB,Phison E25,,NO,NO,Micron,TLC,232L,7400,7000,Flagship,
Crucial,T500,PCIe 4.0 x4,,2TB,Phison E25,,NO,NO,Micron,TLC,232L,7400,7000,Flagship,
Crucial,T500,PCIe 4.0 x4,,4TB,Phison E25,,NO,NO,Micron,TLC,232L,7400,7000,Flagship,
Crucial,T700,PCIe 5.0 x4,,1TB,Phison E26,,NO,NO,Micron,TLC,232L,11700,9500,Gen5 Flagship,Level 2 E26
Crucial,T700,PCIe 5.0 x4,,2TB,Phison E26,,NO,NO,Micron,TLC,232L,11700,9500,Gen5 Flagship,Level 2 E26
Crucial,T700,PCIe 5.0 x4,,4TB,Phison E26,,NO,NO,Micron,TLC,232L,11700,9500,Gen5 Flagship,Level 2 E26
Crucial,T705,PCIe 5.0 x4,,1TB,Phison E26,,NO,NO,Micron,TLC,232L,14500,12700,Gen5 Flagship,Level 3 E26
Crucial,T705,PCIe 5.0 x4,,2TB,Phison E26,,NO,NO,Micron,TLC,232L,14500,12700,Gen5 Flagship,Level 3 E26
Crucial,T705,PCIe 5.0 x4,,4TB,Phison E26,,NO,NO,Micron,TLC,232L,14500,12700,Gen5 Flagship,Level 3 E26
Crucial,T710,PCIe 5.0 x4,,1TB,Silicon Motion SM2508,,NO,NO,Micron,TLC,276L,14900,13800,Gen5 Flagship,Level 2 SM2508
Crucial,T710,PCIe 5.0 x4,,2TB,Silicon Motion SM2508,,NO,NO,Micron,TLC,276L,14900,13800,Gen5 Flagship,Level 2 SM2508
Crucial,T710,PCIe 5.0 x4,,4TB,Silicon Motion SM2508,,NO,NO,Micron,TLC,276L,14900,13800,Gen5 Flagship,Level 2 SM2508
Fanxiang,S660,PCIe 4.0 x4,,250GB,Maxio MAP1602,,NO,YES,YMTC,TLC,128L,5000,4500,Entry-Level,
Fanxiang,S660,PCIe 4.0 x4,,500GB,Maxio MAP1602,,NO,YES,YMTC,TLC,128L,5000,4500,Entry-Level,
Fanxiang,S660,PCIe 4.0 x4,,1TB,Maxio MAP1602,,NO,YES,YMTC,TLC,128L,5000,4500,Entry-Level,
Fanxiang,S660,PCIe 4.0 x4,,2TB,Maxio MAP1602,,NO,YES,YMTC,TLC,128L,5000,4500,Entry-Level,
Fanxiang,S660,PCIe 4.0 x4,,4TB,Maxio MAP1602,,NO,YES,YMTC,TLC,128L,5000,4500,Entry-Level,
Fanxiang,S770,PCIe 4.0 x4,,1TB,InnoGrit IG5236,,NO,NO,"Micron, YMTC",TLC,"128L, 176L",7300,6800,Flagship,Troublesome controller
Fanxiang,S770,PCIe 4.0 x4,,2TB,InnoGrit IG5236,,NO,NO,"Micron, YMTC",TLC,"128L, 176L",7300,6800,Flagship,Troublesome controller
Fanxiang,S770,PCIe 4.0 x4,,4TB,InnoGrit IG5236,,NO,NO,"Micron, YMTC",TLC,"128L, 176L",7300,6800,Flagship,Troublesome controller
Fanxiang,S880,PCIe 4.0 x4,,1TB,Maxio MAP1602,,NO,YES,YMTC,TLC,232L,7300,6800,Mid-Grade,
Fanxiang,S880,PCIe 4.0 x4,,2TB,Maxio MAP1602,,NO,YES,YMTC,TLC,232L,7300,6800,Mid-Grade,
Fanxiang,S880,PCIe 4.0 x4,,4TB,Maxio MAP1602,,NO,YES,YMTC,TLC,232L,7300,6800,Mid-Grade,
Inland,Performance Plus,PCIe 4.0 x4,,1TB,Phison E18,,NO,NO,Micron,TLC,176L,7100,6500,Flagship,
Inland,Performance Plus,PCIe 4.0 x4,,2TB,Phison E18,,NO,NO,Micron,TLC,176L,7100,6500,Flagship,
Inland,Performance Plus,PCIe 4.0 x4,,4TB,Phison E18,,NO,NO,Micron,TLC,176L,7100,6500,Flagship,
Inland,Performance Plus,PCIe 4.0 x4,,8TB,Phison E18,,NO,NO,Micron,TLC,176L,7100,6500,Flagship,
Inland,QN450,PCIe 4.0 x4,,500GB,Realtek RTS5772DL,,NO,YES,Intel,QLC,96L,5000,4000,Trash,Less desirable controller
Inland,QN450,PCIe 4.0 x4,,1TB,Realtek RTS5772DL,,NO,YES,Intel,QLC,96L,5000,4000,Trash,Less desirable controller
Inland,QN450,PCIe 4.0 x4,,2TB,Realtek RTS5772DL,,NO,YES,Intel,QLC,96L,5000,4000,Trash,Less desirable controller
Inland,TN470,PCIe 4.0 x4,,1TB,Phison E27T,,NO,YES,Kioxia,TLC,162L,7300,6400,Mid-Grade,
Inland,TN470,PCIe 4.0 x4,,2TB,Phison E27T,,NO,YES,Kioxia,TLC,162L,7300,6400,Mid-Grade,
Kingspec,XG7000,PCIe 4.0 x4,,512GB,"Maxio MAP1602, Silicon Motion SM2268XT",,NO,YES,"Micron, YMTC",TLC,232L,7400,6600,Mid-Grade,
Kingspec,XG7000,PCIe 4.0 x4,,1TB,"Maxio MAP1602, Silicon Motion SM2268XT",,NO,YES,"Micron, YMTC",TLC,232L,7400,6600,Mid-Grade,
Kingspec,XG7000,PCIe 4.0 x4,,2TB,"Maxio MAP1602, Silicon Motion SM2268XT",,NO,YES,"Micron, YMTC",TLC,232L,7400,6600,Mid-Grade,
Kingspec,XG7000,PCIe 4.0 x4,,4TB,"Maxio MAP1602, Silicon Motion SM2268XT",,NO,YES,"Micron, YMTC",TLC,232L,7400,6600,Mid-Grade,
Kingspec,XG7000,PCIe 4.0 x4,,8TB,"Maxio MAP1602, Silicon Motion SM2268XT",,NO,YES,"Micron, YMTC",TLC,232L,7400,6600,Mid-Grade,
Kingston,Fury Renegade,PCIe 4.0 x4,,500GB,Phison E18,,NO,NO,Micron,TLC,176L,7300,7000,Flagship,
Kingston,Fury Renegade,PCIe 4.0 x4,,1TB,Phison E18,,NO,NO,Micron,TLC,176L,7300,7000,Flagship,
Kingston,Fury Renegade,PCIe 4.0 x4,,2TB,Phison E18,,NO,NO,Micron,TLC,176L,7300,7000,Flagship,
Kingston,Fury Renegade,PCIe 4.0 x4,,4TB,Phison E18,,NO,NO,Micron,TLC,176L,7300,7000,Flagship,
Kingston,Fury Renegade G5,PCIe 5.0 x4,,1TB,Silicon Motion SM2508,,NO,NO,Kioxia,TLC,218L,14200,11000,Gen5 Flagship,Level 2 SM2508
Kingston,Fury Renegade G5,PCIe 5.0 x4,,2TB,Silicon Motion SM2508,,NO,NO,Kioxia,TLC,218L,14200,11000,Gen5 Flagship,Level 2 SM2508
Kingston,Fury Renegade G5,PCIe 5.0 x4,,4TB,Silicon Motion SM2508,,NO,NO,Kioxia,TLC,218L,14200,11000,Gen5 Flagship,Level 2 SM2508
Kingston,Fury Renegade G5,PCIe 5.0 x4,,8TB,Silicon Motion SM2508,,NO,NO,Kioxia,TLC,218L,14200,11000,Gen5 Flagship,Level 2 SM2508
Kingston,NV3,PCIe 4.0 x4,,500GB,Silicon Motion SM2268XT2,,NO,YES,"Kioxia, Micron","TLC, QLC",162L,6000,5000,Entry-Level,
Kingston,NV3,PCIe 4.0 x4,,1TB,Silicon Motion SM2268XT2,,NO,YES,"Kioxia, Micron","TLC, QLC",162L,6000,5000,Entry-Level,
Kingston,NV3,PCIe 4.0 x4,,2TB,Silicon Motion SM2268XT2,,NO,YES,"Kioxia, Micron","TLC, QLC",162L,6000,5000,Entry-Level,
Kingston,NV3,PCIe 4.0 x4,,4TB,Silicon Motion SM2268XT2,,NO,YES,"Kioxia, Micron","TLC, QLC",162L,6000,5000,Entry-Level,
Kioxia,Exceria,PCIe 4.0 x4,,1TB,Phison E18,,NO,NO,Kioxia,TLC,112L,6200,4900,Flagship,
Kioxia,Exceria,PCIe 4.0 x4,,2TB,Phison E18,,NO,NO,Kioxia,TLC,112L,6200,4900,Flagship,
Kioxia,Exceria,PCIe 4.0 x4,,4TB,Phison E18,,NO,NO,Kioxia,TLC,112L,6200,4900,Flagship,
Kioxia,Exceria G3,PCIe 5.0 x4,,1TB,Phison E31T,,NO,YES,Kioxia,TLC,218L,10000,9600,Gen5 Mid-Grade,
Kioxia,Exceria G3,PCIe 5.0 x4,,2TB,Phison E31T,,NO,YES,Kioxia,TLC,218L,10000,9600,Gen5 Mid-Grade,
Kioxia,Exceria Plus G4,PCIe 5.0 x4,,1TB,Phison E31T,,NO,YES,Kioxia,TLC,218L,10000,7900,Gen5 Mid-Grade,
Kioxia,Exceria Plus G4,PCIe 5.0 x4,,2TB,Phison E31T,,NO,YES,Kioxia,TLC,218L,10000,7900,Gen5 Mid-Grade,
Kioxia,Exceria Pro G2,PCIe 5.0 x4,,1TB,Silicon Motion SM2508,,NO,NO,Kioxia,TLC,218L,14400,12700,Gen5 Flagship,Level 2 SM2508
Kioxia,Exceria Pro G2,PCIe 5.0 x4,,2TB,Silicon Motion SM2508,,NO,NO,Kioxia,TLC,218L,14400,12700,Gen5 Flagship,Level 2 SM2508
Kioxia,Exceria Pro G2,PCIe 5.0 x4,,4TB,Silicon Motion SM2508,,NO,NO,Kioxia,TLC,218L,14400,12700,Gen5 Flagship,Level 2 SM2508
Klevv,CRAS C910,PCIe 4.0 x4,,500GB,"Realtek RTS5772DL, InnoGrit IG5220",,NO,YES,SK Hynix,TLC,128L,5200,4800,Entry-Level,Less desirable controller
Klevv,CRAS C910,PCIe 4.0 x4,,1TB,"Realtek RTS5772DL, InnoGrit IG5220",,NO,YES,SK Hynix,TLC,128L,5200,4800,Entry-Level,Less desirable controller
Klevv,CRAS C910,PCIe 4.0 x4,,2TB,"Realtek RTS5772DL, InnoGrit IG5220",,NO,YES,SK Hynix,TLC,128L,5200,4800,Entry-Level,Less desirable controller
Klevv,CRAS C910,PCIe 4.0 x4,,4TB,"Realtek RTS5772DL, InnoGrit IG5220",,NO,YES,SK Hynix,TLC,128L,5200,4800,Entry-Level,Less desirable controller
Klevv,CRAS C925G,PCIe 4.0 x4,,500GB,Maxio MAP1602,,NO,YES,SK Hynix,TLC,238L,7400,6500,Mid-Grade,
Klevv,CRAS C925G,PCIe 4.0 x4,,1TB,Maxio MAP1602,,NO,YES,SK Hynix,TLC,238L,7400,6500,Mid-Grade,
Klevv,CRAS C925G,PCIe 4.0 x4,,2TB,Maxio MAP1602,,NO,YES,SK Hynix,TLC,238L,7400,6500,Mid-Grade,
Klevv,CRAS C930,PCIe 4.0 x4,,1TB,InnoGrit IG5236,,NO,NO,SK Hynix,TLC,176L,7400,6800,Flagship,Troublesome controller
Klevv,CRAS C930,PCIe 4.0 x4,,2TB,InnoGrit IG5236,,NO,NO,SK Hynix,TLC,176L,7400,6800,Flagship,Troublesome controller
Lexar,NM1090 Pro,PCIe 5.0 x4,,1TB,Silicon Motion SM2508,,NO,NO,Micron,TLC,232L,14000,13000,Gen5 Flagship,Level 1 SM2508
Lexar,NM1090 Pro,PCIe 5.0 x4,,2TB,Silicon Motion SM2508,,NO,NO,Micron,TLC,232L,14000,13000,Gen5 Flagship,Level 1 SM2508
Lexar,NM1090 Pro,PCIe 5.0 x4,,4TB,Silicon Motion SM2508,,NO,NO,Micron,TLC,232L,14000,13000,Gen5 Flagship,Level 1 SM2508
Lexar,NM790,PCIe 4.0 x4,,512GB,Maxio MAP1602,,NO,YES,"Micron, YMTC",TLC,232L,7400,6500,Mid-Grade,
Lexar,NM790,PCIe 4.0 x4,,1TB,Maxio MAP1602,,NO,YES,"Micron, YMTC",TLC,232L,7400,6500,Mid-Grade,
Lexar,NM790,PCIe 4.0 x4,,2TB,Maxio MAP1602,,NO,YES,"Micron, YMTC",TLC,232L,7400,6500,Mid-Grade,
Lexar,NM790,PCIe 4.0 x4,,4TB,Maxio MAP1602,,NO,YES,"Micron, YMTC",TLC,232L,7400,6500,Mid-Grade,
Lexar,NQ780,PCIe 4.0 x4,,1TB,InnoGrit IG5236,,NO,YES,Intel,QLC,144L,7000,6000,Mid-Grade,Troublesome controller
Lexar,NQ780,PCIe 4.0 x4,,2TB,InnoGrit IG5236,,NO,YES,Intel,QLC,144L,7000,6000,Mid-Grade,Troublesome controller
Lexar,NQ780,PCIe 4.0 x4,,4TB,InnoGrit IG5236,,NO,YES,Intel,QLC,144L,7000,6000,Mid-Grade,Troublesome controller
MSI,M480 Pro,PCIe 4.0 x4,,1TB,Phison E18,,NO,NO,Micron,TLC,176L,7400,7000,Flagship,
MSI,M480 Pro,PCIe 4.0 x4,,2TB,Phison E18,,NO,NO,Micron,TLC,176L,7400,7000,Flagship,
MSI,M480 Pro,PCIe 4.0 x4,,4TB,Phison E18,,NO,NO,Micron,TLC,176L,7400,7000,Flagship,
MSI,Spatium M461,PCIe 4.0 x4,,500GB,Phison E21T,,NO,YES,Micron,QLC,176L,5000,4200,Entry-Level,
MSI,Spatium M461,PCIe 4.0 x4,,1TB,Phison E21T,,NO,YES,Micron,QLC,176L,5000,4200,Entry-Level,
MSI,Spatium M461,PCIe 4.0 x4,,2TB,Phison E21T,,NO,YES,Micron,QLC,176L,5000,4200,Entry-Level,
MSI,Spatium M461,PCIe 4.0 x4,,4TB,Phison E21T,,NO,YES,Micron,QLC,176L,5000,4200,Entry-Level,
Netac,NV7000-t,PCIe 4.0 x4,,512GB,Maxio MAP1602,,NO,YES,YMTC,TLC,232L,7300,6700,Mid-Grade,
Netac,NV7000-t,PCIe 4.0 x4,,1TB,Maxio MAP1602,,NO,YES,YMTC,TLC,232L,7300,6700,Mid-Grade,
Netac,NV7000-t,PCIe 4.0 x4,,2TB,Maxio MAP1602,,NO,YES,YMTC,TLC,232L,7300,6700,Mid-Grade,
Netac,NV7000-t,PCIe 4.0 x4,,4TB,Maxio MAP1602,,NO,YES,YMTC,TLC,232L,7300,6700,Mid-Grade,
Patriot,Viper PV553,PCIe 5.0 x4,,1TB,Phison E26,,NO,NO,Micron,TLC,232L,12400,11800,Gen5 Flagship,Level 2 E26
Patriot,Viper PV553,PCIe 5.0 x4,,2TB,Phison E26,,NO,NO,Micron,TLC,232L,12400,11800,Gen5 Flagship,Level 2 E26
Patriot,Viper PV553,PCIe 5.0 x4,,4TB,Phison E26,,NO,NO,Micron,TLC,232L,12400,11800,Gen5 Flagship,Level 2 E26
Patriot,VP4300 Lite,PCIe 4.0 x4,,500GB,Maxio MAP1602,,NO,YES,YMTC,"TLC, QLC",232L,7400,6400,Mid-Grade,
Patriot,VP4300 Lite,PCIe 4.0 x4,,1TB,Maxio MAP1602,,NO,YES,YMTC,"TLC, QLC",232L,7400,6400,Mid-Grade,
Patriot,VP4300 Lite,PCIe 4.0 x4,,2TB,Maxio MAP1602,,NO,YES,YMTC,"TLC, QLC",232L,7400,6400,Mid-Grade,
Patriot,VP4300 Lite,PCIe 4.0 x4,,4TB,Maxio MAP1602,,NO,YES,YMTC,"TLC, QLC",232L,7400,6400,Mid-Grade,
PNY,CS3250,PCIe 5.0 x4,,1TB,Phison E28,,NO,NO,Kioxia,TLC,218L,14900,14500,Gen5 Flagship,
PNY,CS3250,PCIe 5.0 x4,,2TB,Phison E28,,NO,NO,Kioxia,TLC,218L,14900,14500,Gen5 Flagship,
PNY,CS3250,PCIe 5.0 x4,,4TB,Phison E28,,NO,NO,Kioxia,TLC,218L,14900,14500,Gen5 Flagship,
Samsung,9100 Pro,PCIe 5.0 x4,,1TB,Samsung Presto (S4LY027),,NO,NO,Samsung,TLC,236L,14700,13300,Gen5 Flagship,
Samsung,9100 Pro,PCIe 5.0 x4,,2TB,Samsung Presto (S4LY027),,NO,NO,Samsung,TLC,236L,14700,13300,Gen5 Flagship,
Samsung,9100 Pro,PCIe 5.0 x4,,4TB,Samsung Presto (S4LY027),,NO,NO,Samsung,TLC,236L,14700,13300,Gen5 Flagship,
Samsung,9100 Pro,PCIe 5.0 x4,,8TB,Samsung Presto (S4LY027),,NO,NO,Samsung,TLC,236L,14700,13300,Gen5 Flagship,
Samsung,990 Pro,PCIe 4.0 x4,,1TB,Samsung Pascal (S4LV008),,NO,NO,Samsung,TLC,176L,7450,6900,Flagship,Proprietary controller
Samsung,990 Pro,PCIe 4.0 x4,,2TB,Samsung Pascal (S4LV008),,NO,NO,Samsung,TLC,176L,7450,6900,Flagship,Proprietary controller
Samsung,990 Pro,PCIe 4.0 x4,,4TB,Samsung Pascal (S4LV008),,NO,NO,Samsung,TLC,176L,7450,6900,Flagship,Proprietary controller
Seagate,FireCuda X1070,PCIe 4.0 x4,,1TB,TenaFe TC2201,,NO,YES,Micron,QLC,232L,7200,6500,Mid-Grade,Less desirable controller
Seagate,FireCuda X1070,PCIe 4.0 x4,,2TB,TenaFe TC2201,,NO,YES,Micron,QLC,232L,7200,6500,Mid-Grade,Less desirable controller
Seagate,FireCuda X1070,PCIe 4.0 x4,,4TB,TenaFe TC2201,,NO,YES,Micron,QLC,232L,7200,6500,Mid-Grade,Less desirable controller
Silicon Power,UD90,PCIe 4.0 x4,,250GB,Phison E21T,,NO,YES,Micron,TLC,176L,5000,4800,Entry-Level,
Silicon Power,UD90,PCIe 4.0 x4,,500GB,Phison E21T,,NO,YES,Micron,TLC,176L,5000,4800,Entry-Level,
Silicon Power,UD90,PCIe 4.0 x4,,1TB,Phison E21T,,NO,YES,Micron,TLC,176L,5000,4800,Entry-Level,
Silicon Power,UD90,PCIe 4.0 x4,,2TB,Phison E21T,,NO,YES,Micron,TLC,176L,5000,4800,Entry-Level,
Silicon Power,UD90,PCIe 4.0 x4,,4TB,Phison E21T,,NO,YES,Micron,TLC,176L,5000,4800,Entry-Level,
Silicon Power,US75,PCIe 4.0 x4,,500GB,Maxio MAP1602,,NO,YES,YMTC,TLC,232L,7000,6500,Mid-Grade,
Silicon Power,US75,PCIe 4.0 x4,,1TB,Maxio MAP1602,,NO,YES,YMTC,TLC,232L,7000,6500,Mid-Grade,
Silicon Power,US75,PCIe 4.0 x4,,2TB,Maxio MAP1602,,NO,YES,YMTC,TLC,232L,7000,6500,Mid-Grade,
Silicon Power,US75,PCIe 4.0 x4,,4TB,Maxio MAP1602,,NO,YES,YMTC,TLC,232L,7000,6500,Mid-Grade,
Silicon Power,XS70,PCIe 4.0 x4,,1TB,Phison E18,,NO,NO,Micron,TLC,176L,7300,6800,Flagship,
Silicon Power,XS70,PCIe 4.0 x4,,2TB,Phison E18,,NO,NO,Micron,TLC,176L,7300,6800,Flagship,
Silicon Power,XS70,PCIe 4.0 x4,,4TB,Phison E18,,NO,NO,Micron,TLC,176L,7300,6800,Flagship,
SK Hynix,Platinum P51,PCIe 5.0 x4,,500GB,SK Hynix Alistar ACNT093,,NO,NO,SK Hynix,TLC,238L,14700,13400,Gen5 Flagship,Proprietary controller
SK Hynix,Platinum P51,PCIe 5.0 x4,,1TB,SK Hynix Alistar ACNT093,,NO,NO,SK Hynix,TLC,238L,14700,13400,Gen5 Flagship,Proprietary controller
SK Hynix,Platinum P51,PCIe 5.0 x4,,2TB,SK Hynix Alistar ACNT093,,NO,NO,SK Hynix,TLC,238L,14700,13400,Gen5 Flagship,Proprietary controller
TeamGroup,A440,PCIe 4.0 x4,,1TB,Phison E18,,NO,NO,Micron,TLC,176L,7200,6000,Flagship,
TeamGroup,A440,PCIe 4.0 x4,,2TB,Phison E18,,NO,NO,Micron,TLC,176L,7200,6000,Flagship,
TeamGroup,A440,PCIe 4.0 x4,,4TB,Phison E18,,NO,NO,Micron,TLC,176L,7200,6000,Flagship,
TeamGroup,MP44L,PCIe 4.0 x4,,250GB,"Phison E21T, Maxio MAP1602",,NO,YES,"Kioxia, Micron, YMTC",TLC,"162L, 176L",5000,4500,Entry-Level,
TeamGroup,MP44L,PCIe 4.0 x4,,500GB,"Phison E21T, Maxio MAP1602",,NO,YES,"Kioxia, Micron, YMTC",TLC,"162L, 176L",5000,4500,Entry-Level,
TeamGroup,MP44L,PCIe 4.0 x4,,1TB,"Phison E21T, Maxio MAP1602",,NO,YES,"Kioxia, Micron, YMTC",TLC,"162L, 176L",5000,4500,Entry-Level,
TeamGroup,MP44L,PCIe 4.0 x4,,2TB,"Phison E21T, Maxio MAP1602",,NO,YES,"Kioxia, Micron, YMTC",TLC,"162L, 176L",5000,4500,Entry-Level,
TeamGroup,MP44Q,PCIe 4.0 x4,,1TB,Maxio MAP1602,,NO,YES,"Micron, YMTC",QLC,232L,7000,5900,Mid-Grade,
TeamGroup,MP44Q,PCIe 4.0 x4,,2TB,Maxio MAP1602,,NO,YES,"Micron, YMTC",QLC,232L,7000,5900,Mid-Grade,
TeamGroup,MP44Q,PCIe 4.0 x4,,4TB,Maxio MAP1602,,NO,YES,"Micron, YMTC",QLC,232L,7000,5900,Mid-Grade,
TeamGroup,MP44Q,PCIe 4.0 x4,,8TB,Maxio MAP1602,,NO,YES,"Micron, YMTC",QLC,232L,7000,5900,Mid-Grade,
TeamGroup,MP44S,PCIe 4.0 x4,,1TB,Phison E21T,,NO,YES,N/A,QLC,176L,5000,3500,Entry-Level,
TeamGroup,MP44S,PCIe 4.0 x4,,2TB,Phison E21T,,NO,YES,N/A,QLC,176L,5000,3500,Entry-Level,
TeamGroup,NV10000,PCIe 5.0 x4,,1TB,Phison E31T,,NO,YES,Kioxia,TLC,218L,10000,8500,Gen5 Mid-Grade,
TeamGroup,NV10000,PCIe 5.0 x4,,2TB,Phison E31T,,NO,YES,Kioxia,TLC,218L,10000,8500,Gen5 Mid-Grade,
TeamGroup,NV10000,PCIe 5.0 x4,,4TB,Phison E31T,,NO,YES,Kioxia,TLC,218L,10000,8500,Gen5 Mid-Grade,
TeamGroup,NV5000,PCIe 4.0 x4,,1TB,Realtek RTS5772DL,,NO,YES,Intel,QLC,96L,5000,3000,Trash,Less desirable controller
TeamGroup,NV5000,PCIe 4.0 x4,,2TB,Realtek RTS5772DL,,NO,YES,Intel,QLC,96L,5000,3000,Trash,Less desirable controller
TeamGroup,T-Force G50,PCIe 4.0 x4,,512GB,InnoGrit IG5220,,NO,YES,"Micron, YMTC",TLC,"128L, 176L",5000,4800,Entry-Level,
TeamGroup,T-Force G50,PCIe 4.0 x4,,1TB,InnoGrit IG5220,,NO,YES,"Micron, YMTC",TLC,"128L, 176L",5000,4800,Entry-Level,
TeamGroup,T-Force G50,PCIe 4.0 x4,,2TB,InnoGrit IG5220,,NO,YES,"Micron, YMTC",TLC,"128L, 176L",5000,4800,Entry-Level,
TeamGroup,T-Force G50,PCIe 4.0 x4,,4TB,InnoGrit IG5220,,NO,YES,"Micron, YMTC",TLC,"128L, 176L",5000,4800,Entry-Level,
TeamGroup,T-Force G70 Pro,PCIe 4.0 x4,,512GB,InnoGrit IG5236,,NO,NO,"Micron, YMTC",TLC,"128L, 176L",7400,6800,Flagship,Troublesome controller
TeamGroup,T-Force G70 Pro,PCIe 4.0 x4,,1TB,InnoGrit IG5236,,NO,NO,"Micron, YMTC",TLC,"128L, 176L",7400,6800,Flagship,Troublesome controller
TeamGroup,T-Force G70 Pro,PCIe 4.0 x4,,2TB,InnoGrit IG5236,,NO,NO,"Micron, YMTC",TLC,"128L, 176L",7400,6800,Flagship,Troublesome controller
TeamGroup,T-Force G70 Pro,PCIe 4.0 x4,,4TB,InnoGrit IG5236,,NO,NO,"Micron, YMTC",TLC,"128L, 176L",7400,6800,Flagship,Troublesome controller
TeamGroup,T-Force Z540,PCIe 5.0 x4,,1TB,Phison E26,,NO,NO,Micron,TLC,232L,11700,9500,Gen5 Flagship,Level 2 E26
TeamGroup,T-Force Z540,PCIe 5.0 x4,,2TB,Phison E26,,NO,NO,Micron,TLC,232L,11700,9500,Gen5 Flagship,Level 2 E26
TeamGroup,T-Force Z540,PCIe 5.0 x4,,4TB,Phison E26,,NO,NO,Micron,TLC,232L,11700,9500,Gen5 Flagship,Level 2 E26
Western Digital,Black SN7100,PCIe 4.0 x4,,500GB,SanDisk Polaris 3,,NO,YES,Kioxia,TLC,218L,7250,6900,Mid-Grade,Proprietary controller
Western Digital,Black SN7100,PCIe 4.0 x4,,1TB,SanDisk Polaris 3,,NO,YES,Kioxia,TLC,218L,7250,6900,Mid-Grade,Proprietary controller
Western Digital,Black SN7100,PCIe 4.0 x4,,2TB,SanDisk Polaris 3,,NO,YES,Kioxia,TLC,218L,7250,6900,Mid-Grade,Proprietary controller
Western Digital,Black SN7100,PCIe 4.0 x4,,4TB,SanDisk Polaris 3,,NO,YES,Kioxia,TLC,218L,7250,6900,Mid-Grade,Proprietary controller
Western Digital,Black SN770,PCIe 4.0 x4,,250GB,SanDisk 20-82-10081-A1 (Polaris MP16+),,NO,YES,Kioxia,TLC,112L,5150,4900,Entry-Level,Proprietary controller
Western Digital,Black SN770,PCIe 4.0 x4,,500GB,SanDisk 20-82-10081-A1 (Polaris MP16+),,NO,YES,Kioxia,TLC,112L,5150,4900,Entry-Level,Proprietary controller
Western Digital,Black SN770,PCIe 4.0 x4,,1TB,SanDisk 20-82-10081-A1 (Polaris MP16+),,NO,YES,Kioxia,TLC,112L,5150,4900,Entry-Level,Proprietary controller
Western Digital,Black SN770,PCIe 4.0 x4,,2TB,SanDisk 20-82-10081-A1 (Polaris MP16+),,NO,YES,Kioxia,TLC,112L,5150,4900,Entry-Level,Proprietary controller
Western Digital,Black SN770M,PCIe 4.0 x4,,500GB,WD 20-82-10081,,NO,YES,Kioxia,TLC,112L,5150,4900,Entry-Level,Proprietary controller
Western Digital,Black SN770M,PCIe 4.0 x4,,1TB,WD 20-82-10081,,NO,YES,Kioxia,TLC,112L,5150,4900,Entry-Level,Proprietary controller
Western Digital,Black SN770M,PCIe 4.0 x4,,2TB,WD 20-82-10081,,NO,YES,Kioxia,TLC,112L,5150,4900,Entry-Level,Proprietary controller
Western Digital,Black SN8100,PCIe 5.0 x4,,1TB,Silicon Motion SM2508 (SanDisk-branded),,NO,NO,"Kioxia, SanDisk",TLC,218L,14900,11000,Gen5 Flagship,Level 2 SM2508
Western Digital,Black SN8100,PCIe 5.0 x4,,2TB,Silicon Motion SM2508 (SanDisk-branded),,NO,NO,"Kioxia, SanDisk",TLC,218L,14900,11000,Gen5 Flagship,Level 2 SM2508
Western Digital,Black SN8100,PCIe 5.0 x4,,4TB,Silicon Motion SM2508 (SanDisk-branded),,NO,NO,"Kioxia, SanDisk",TLC,218L,14900,11000,Gen5 Flagship,Level 2 SM2508
Western Digital,Black SN8100,PCIe 5.0 x4,,8TB,Silicon Motion SM2508 (SanDisk-branded),,NO,NO,"Kioxia, SanDisk",TLC,218L,14900,11000,Gen5 Flagship,Level 2 SM2508
Western Digital,Black SN850X,PCIe 4.0 x4,,1TB,"WD 20-82-20035-B2, WD 20-82-000292-B2",,NO,NO,Kioxia,TLC,"112L, 162L ",7300,6600,Flagship,Proprietary controller
Western Digital,Black SN850X,PCIe 4.0 x4,,2TB,"WD 20-82-20035-B2, WD 20-82-000292-B2",,NO,NO,Kioxia,TLC,"112L, 162L ",7300,6600,Flagship,Proprietary controller
Western Digital,Black SN850X,PCIe 4.0 x4,,4TB,"WD 20-82-20035-B2, WD 20-82-000292-B2",,NO,NO,Kioxia,TLC,"112L, 162L ",7300,6600,Flagship,Proprietary controller
Western Digital,Black SN850X,PCIe 4.0 x4,,8TB,"WD 20-82-20035-B2, WD 20-82-000292-B2",,NO,NO,Kioxia,TLC,"112L, 162L ",7300,6600,Flagship,Proprietary controller
Western Digital,Blue SN5000,PCIe 4.0 x4,,500GB,WD Polaris 3,,NO,YES,Kioxia,"TLC, QLC","112L (500GB-2TB), 162L (4TB)",5500,5000,Entry-Level,Proprietary controller
Western Digital,Blue SN5000,PCIe 4.0 x4,,1TB,WD Polaris 3,,NO,YES,Kioxia,"TLC, QLC","112L (500GB-2TB), 162L (4TB)",5500,5000,Entry-Level,Proprietary controller
Western Digital,Blue SN5000,PCIe 4.0 x4,,2TB,WD Polaris 3,,NO,YES,Kioxia,"TLC, QLC","112L (500GB-2TB), 162L (4TB)",5500,5000,Entry-Level,Proprietary controller
Western Digital,Blue SN5000,PCIe 4.0 x4,,4TB,WD Polaris 3,,NO,YES,Kioxia,"TLC, QLC","112L (500GB-2TB), 162L (4TB)",5500,5000,Entry-Level,Proprietary controller
Western Digital,Blue SN5100,PCIe 4.0 x4,,500GB,Polaris 3,,NO,YES,SanDisk,QLC,218L,7100,6700,Mid-Grade,Proprietary controller
Western Digital,Blue SN5100,PCIe 4.0 x4,,1TB,Polaris 3,,NO,YES,SanDisk,QLC,218L,7100,6700,Mid-Grade,Proprietary controller
Western Digital,Blue SN5100,PCIe 4.0 x4,,2TB,Polaris 3,,NO,YES,SanDisk,QLC,218L,7100,6700,Mid-Grade,Proprietary controller
Western Digital,Blue SN5100,PCIe 4.0 x4,,4TB,Polaris 3,,NO,YES,SanDisk,QLC,218L,7100,6700,Mid-Grade,Proprietary controller
Western Digital,Blue SN580,PCIe 4.0 x4,,250GB,SanDisk 20-82-10082 (Polaris MP16+),,NO,YES,Kioxia,TLC,112L,4150,4150,Entry-Level,Proprietary controller
Western Digital,Blue SN580,PCIe 4.0 x4,,500GB,SanDisk 20-82-10082 (Polaris MP16+),,NO,YES,Kioxia,TLC,112L,4150,4150,Entry-Level,Proprietary controller
Western Digital,Blue SN580,PCIe 4.0 x4,,1TB,SanDisk 20-82-10082 (Polaris MP16+),,NO,YES,Kioxia,TLC,112L,4150,4150,Entry-Level,Proprietary controller
Western Digital,Blue SN580,PCIe 4.0 x4,,2TB,SanDisk 20-82-10082 (Polaris MP16+),,NO,YES,Kioxia,TLC,112L,4150,4150,Entry-Level,Proprietary controller
